{
"type": "FeatureCollection",
"name": "establecimientos_parvularia_filtrados",
"crs": { "type": "name", "properties": { "name": "urn:ogc:def:crs:OGC:1.3:CRS84" } },
"features": [
{ "type": "Feature", "properties": { "AGNO": 2021.0, "ID_ESTAB": 8518.0, "ORIGEN": 1.0, "NOM_ESTAB": "LICEO ESTACION CENTRAL", "COD_REG_ES": 13.0, "COD_PRO_ES": 131.0, "COD_COM_ES": 13106.0, "NOM_COM_ES": "ESTACIÓN CENTRAL", "COD_DEPROV": 134.0, "NOM_DEPROV": "SANTIAGO PONIENTE", "DEPENDENCI": 1.0, "RURAL_ESTA": 0.0, "ESTADO_EST": 1.0, "SC_MEN_SI": 0.0, "SC_MEN_H": 0.0, "SC_MEN_M": 0.0, "SC_MAY_H": 0.0, "SC_MAY_M": 0.0, "MED_MEN_SI": 0.0, "MED_MEN_H": 0.0, "MED_MEN_M": 0.0, "MED_MAY_SI": 0.0, "MED_MAY_H": 0.0, "MED_MAY_M": 0.0, "NT1_SI": 0.0, "NT1_H": 19.0, "NT1_M": 7.0, "NT2_SI": 0.0, "NT2_H": 16.0, "NT2_M": 7.0, "N_TOTAL": 49.0, "DIRECCION": "PURISIMA", "NUMERO": 58.0, "REFERENCIA": "METRO ECUADOR, VEREDA SUR, COSTADO ORIENTE TELETÓN.", "LATITUD": -33.456606, "LONGITUD": -70.698432 }, "geometry": { "type": "Point", "coordinates": [ -70.69843202, -33.45660624 ] } },
{ "type": "Feature", "properties": { "AGNO": 2021.0, "ID_ESTAB": 8519.0, "ORIGEN": 1.0, "NOM_ESTAB": "ESCUELA BASICA PEDRO AGUIRRE CERDA", "COD_REG_ES": 13.0, "COD_PRO_ES": 131.0, "COD_COM_ES": 13102.0, "NOM_COM_ES": "CERRILLOS", "COD_DEPROV": 134.0, "NOM_DEPROV": "SANTIAGO PONIENTE", "DEPENDENCI": 1.0, "RURAL_ESTA": 0.0, "ESTADO_EST": 1.0, "SC_MEN_SI": 0.0, "SC_MEN_H": 0.0, "SC_MEN_M": 0.0, "SC_MAY_H": 0.0, "SC_MAY_M": 0.0, "MED_MEN_SI": 0.0, "MED_MEN_H": 0.0, "MED_MEN_M": 0.0, "MED_MAY_SI": 0.0, "MED_MAY_H": 0.0, "MED_MAY_M": 0.0, "NT1_SI": 0.0, "NT1_H": 14.0, "NT1_M": 10.0, "NT2_SI": 0.0, "NT2_H": 17.0, "NT2_M": 10.0, "N_TOTAL": 51.0, "DIRECCION": "BUZETA", "NUMERO": 4479.0, "REFERENCIA": "BUZETA CON PEDRO AGUIRRE CERDA Y DEPARTAMENTAL", "LATITUD": -33.481839, "LONGITUD": -70.693164 }, "geometry": { "type": "Point", "coordinates": [ -70.69316402, -33.48183895 ] } },
{ "type": "Feature", "properties": { "AGNO": 2021.0, "ID_ESTAB": 8520.0, "ORIGEN": 1.0, "NOM_ESTAB": "ESCUELA BASICA PROVINCIA DE CHILOE", "COD_REG_ES": 13.0, "COD_PRO_ES": 131.0, "COD_COM_ES": 13101.0, "NOM_COM_ES": "SANTIAGO", "COD_DEPROV": 131.0, "NOM_DEPROV": "SANTIAGO CENTRO", "DEPENDENCI": 1.0, "RURAL_ESTA": 0.0, "ESTADO_EST": 1.0, "SC_MEN_SI": 0.0, "SC_MEN_H": 0.0, "SC_MEN_M": 0.0, "SC_MAY_H": 0.0, "SC_MAY_M": 0.0, "MED_MEN_SI": 0.0, "MED_MEN_H": 0.0, "MED_MEN_M": 0.0, "MED_MAY_SI": 0.0, "MED_MAY_H": 0.0, "MED_MAY_M": 0.0, "NT1_SI": 0.0, "NT1_H": 14.0, "NT1_M": 16.0, "NT2_SI": 0.0, "NT2_H": 23.0, "NT2_M": 31.0, "N_TOTAL": 84.0, "DIRECCION": "RONDIZZONI", "NUMERO": 2738.0, "REFERENCIA": "RONDIZZONI ESQUINA BASCUÑAN GUERRERO. SANTIAGO CENTRO", "LATITUD": -33.470746, "LONGITUD": -70.671369 }, "geometry": { "type": "Point", "coordinates": [ -70.67136899, -33.47074552 ] } },
{ "type": "Feature", "properties": { "AGNO": 2021.0, "ID_ESTAB": 8521.0, "ORIGEN": 1.0, "NOM_ESTAB": "ESCUELA CARLOS CONDELL DE LA HAZA", "COD_REG_ES": 13.0, "COD_PRO_ES": 131.0, "COD_COM_ES": 13106.0, "NOM_COM_ES": "ESTACIÓN CENTRAL", "COD_DEPROV": 134.0, "NOM_DEPROV": "SANTIAGO PONIENTE", "DEPENDENCI": 1.0, "RURAL_ESTA": 0.0, "ESTADO_EST": 1.0, "SC_MEN_SI": 0.0, "SC_MEN_H": 0.0, "SC_MEN_M": 0.0, "SC_MAY_H": 0.0, "SC_MAY_M": 0.0, "MED_MEN_SI": 0.0, "MED_MEN_H": 0.0, "MED_MEN_M": 0.0, "MED_MAY_SI": 0.0, "MED_MAY_H": 0.0, "MED_MAY_M": 0.0, "NT1_SI": 0.0, "NT1_H": 51.0, "NT1_M": 38.0, "NT2_SI": 0.0, "NT2_H": 56.0, "NT2_M": 32.0, "N_TOTAL": 177.0, "DIRECCION": "TRANSIT", "NUMERO": 661.0, "REFERENCIA": "5 DE ABRIL ALTURA DEL 4700", "LATITUD": -33.461464, "LONGITUD": -70.700384 }, "geometry": { "type": "Point", "coordinates": [ -70.70038386, -33.46146352 ] } },
{ "type": "Feature", "properties": { "AGNO": 2021.0, "ID_ESTAB": 8522.0, "ORIGEN": 1.0, "NOM_ESTAB": "ESCUELA BASICA REPUBLICA DE COLOMBIA", "COD_REG_ES": 13.0, "COD_PRO_ES": 131.0, "COD_COM_ES": 13101.0, "NOM_COM_ES": "SANTIAGO", "COD_DEPROV": 131.0, "NOM_DEPROV": "SANTIAGO CENTRO", "DEPENDENCI": 1.0, "RURAL_ESTA": 0.0, "ESTADO_EST": 1.0, "SC_MEN_SI": 0.0, "SC_MEN_H": 0.0, "SC_MEN_M": 0.0, "SC_MAY_H": 0.0, "SC_MAY_M": 0.0, "MED_MEN_SI": 0.0, "MED_MEN_H": 0.0, "MED_MEN_M": 0.0, "MED_MAY_SI": 0.0, "MED_MAY_H": 0.0, "MED_MAY_M": 0.0, "NT1_SI": 0.0, "NT1_H": 16.0, "NT1_M": 15.0, "NT2_SI": 0.0, "NT2_H": 25.0, "NT2_M": 39.0, "N_TOTAL": 95.0, "DIRECCION": "BASCUÑAN GUERRERO", "NUMERO": 302.0, "REFERENCIA": "BASCUÑAN GUERRERO 302 ESQUINA GRAJALES - METRO ULA", "LATITUD": -33.454231, "LONGITUD": -70.674389 }, "geometry": { "type": "Point", "coordinates": [ -70.67438866, -33.45423061 ] } },
{ "type": "Feature", "properties": { "AGNO": 2021.0, "ID_ESTAB": 8523.0, "ORIGEN": 1.0, "NOM_ESTAB": "ESCUELA BASICA REPUBLICA DE PANAMA", "COD_REG_ES": 13.0, "COD_PRO_ES": 131.0, "COD_COM_ES": 13101.0, "NOM_COM_ES": "SANTIAGO", "COD_DEPROV": 131.0, "NOM_DEPROV": "SANTIAGO CENTRO", "DEPENDENCI": 1.0, "RURAL_ESTA": 0.0, "ESTADO_EST": 1.0, "SC_MEN_SI": 0.0, "SC_MEN_H": 0.0, "SC_MEN_M": 0.0, "SC_MAY_H": 0.0, "SC_MAY_M": 0.0, "MED_MEN_SI": 0.0, "MED_MEN_H": 0.0, "MED_MEN_M": 0.0, "MED_MAY_SI": 0.0, "MED_MAY_H": 0.0, "MED_MAY_M": 0.0, "NT1_SI": 0.0, "NT1_H": 18.0, "NT1_M": 10.0, "NT2_SI": 0.0, "NT2_H": 18.0, "NT2_M": 7.0, "N_TOTAL": 53.0, "DIRECCION": "HUERFANOS", "NUMERO": 3151.0, "REFERENCIA": "ENTRE  HERRERA  Y  CHACABUCO,  AL  COSTADO  HOSPITAL  SAN  JUAN  DE  DIOS.", "LATITUD": -33.442421, "LONGITUD": -70.678004 }, "geometry": { "type": "Point", "coordinates": [ -70.67800391, -33.4424211 ] } },
{ "type": "Feature", "properties": { "AGNO": 2021.0, "ID_ESTAB": 8536.0, "ORIGEN": 1.0, "NOM_ESTAB": "ESCUELA REPUBLICA DE ISRAEL", "COD_REG_ES": 13.0, "COD_PRO_ES": 131.0, "COD_COM_ES": 13101.0, "NOM_COM_ES": "SANTIAGO", "COD_DEPROV": 131.0, "NOM_DEPROV": "SANTIAGO CENTRO", "DEPENDENCI": 1.0, "RURAL_ESTA": 0.0, "ESTADO_EST": 1.0, "SC_MEN_SI": 0.0, "SC_MEN_H": 0.0, "SC_MEN_M": 0.0, "SC_MAY_H": 0.0, "SC_MAY_M": 0.0, "MED_MEN_SI": 0.0, "MED_MEN_H": 0.0, "MED_MEN_M": 0.0, "MED_MAY_SI": 0.0, "MED_MAY_H": 0.0, "MED_MAY_M": 0.0, "NT1_SI": 0.0, "NT1_H": 30.0, "NT1_M": 28.0, "NT2_SI": 0.0, "NT2_H": 37.0, "NT2_M": 23.0, "N_TOTAL": 118.0, "DIRECCION": "CATEDRAL", "NUMERO": 2827.0, "REFERENCIA": "CATEDRAL CON LIBERTAD", "LATITUD": -33.43966, "LONGITUD": -70.674747 }, "geometry": { "type": "Point", "coordinates": [ -70.67474682, -33.43965974 ] } },
{ "type": "Feature", "properties": { "AGNO": 2021.0, "ID_ESTAB": 8537.0, "ORIGEN": 1.0, "NOM_ESTAB": "ESCUELA ARNALDO FALABELLA", "COD_REG_ES": 13.0, "COD_PRO_ES": 131.0, "COD_COM_ES": 13106.0, "NOM_COM_ES": "ESTACIÓN CENTRAL", "COD_DEPROV": 134.0, "NOM_DEPROV": "SANTIAGO PONIENTE", "DEPENDENCI": 1.0, "RURAL_ESTA": 0.0, "ESTADO_EST": 1.0, "SC_MEN_SI": 0.0, "SC_MEN_H": 0.0, "SC_MEN_M": 0.0, "SC_MAY_H": 0.0, "SC_MAY_M": 0.0, "MED_MEN_SI": 0.0, "MED_MEN_H": 0.0, "MED_MEN_M": 0.0, "MED_MAY_SI": 0.0, "MED_MAY_H": 0.0, "MED_MAY_M": 0.0, "NT1_SI": 0.0, "NT1_H": 21.0, "NT1_M": 19.0, "NT2_SI": 0.0, "NT2_H": 31.0, "NT2_M": 29.0, "N_TOTAL": 100.0, "DIRECCION": "CORONEL GODOY", "NUMERO": 555.0, "REFERENCIA": "POR CINCO DE ABRIL, DOS CUADRAS HACIA LA COSTA, DESDE GENERAL VELASQUEZ.", "LATITUD": -33.458589, "LONGITUD": -70.692224 }, "geometry": { "type": "Point", "coordinates": [ -70.69222383, -33.45858943 ] } },
{ "type": "Feature", "properties": { "AGNO": 2021.0, "ID_ESTAB": 8544.0, "ORIGEN": 1.0, "NOM_ESTAB": "ESCUELA BÁSICA ARTURO ALESSANDRI PALMA", "COD_REG_ES": 13.0, "COD_PRO_ES": 131.0, "COD_COM_ES": 13106.0, "NOM_COM_ES": "ESTACIÓN CENTRAL", "COD_DEPROV": 134.0, "NOM_DEPROV": "SANTIAGO PONIENTE", "DEPENDENCI": 1.0, "RURAL_ESTA": 0.0, "ESTADO_EST": 1.0, "SC_MEN_SI": 0.0, "SC_MEN_H": 0.0, "SC_MEN_M": 0.0, "SC_MAY_H": 0.0, "SC_MAY_M": 0.0, "MED_MEN_SI": 0.0, "MED_MEN_H": 0.0, "MED_MEN_M": 0.0, "MED_MAY_SI": 0.0, "MED_MAY_H": 0.0, "MED_MAY_M": 0.0, "NT1_SI": 0.0, "NT1_H": 10.0, "NT1_M": 39.0, "NT2_SI": 0.0, "NT2_H": 34.0, "NT2_M": 68.0, "N_TOTAL": 151.0, "DIRECCION": "AVENIDA LIBERTADOR BERNARDO O'HIGGINS", "NUMERO": 4558.0, "REFERENCIA": "ALAMEDA ESQUINA CALLE PURÍSIMA. METRO ESTACIÓN ECUADOR.", "LATITUD": -33.456016, "LONGITUD": -70.69875 }, "geometry": { "type": "Point", "coordinates": [ -70.69874984, -33.45601648 ] } },
{ "type": "Feature", "properties": { "AGNO": 2021.0, "ID_ESTAB": 8552.0, "ORIGEN": 1.0, "NOM_ESTAB": "ESCUELA BAS SALVADOR SANFUENTES REP EEUU", "COD_REG_ES": 13.0, "COD_PRO_ES": 131.0, "COD_COM_ES": 13101.0, "NOM_COM_ES": "SANTIAGO", "COD_DEPROV": 131.0, "NOM_DEPROV": "SANTIAGO CENTRO", "DEPENDENCI": 1.0, "RURAL_ESTA": 0.0, "ESTADO_EST": 1.0, "SC_MEN_SI": 0.0, "SC_MEN_H": 0.0, "SC_MEN_M": 0.0, "SC_MAY_H": 0.0, "SC_MAY_M": 0.0, "MED_MEN_SI": 0.0, "MED_MEN_H": 0.0, "MED_MEN_M": 0.0, "MED_MAY_SI": 0.0, "MED_MAY_H": 0.0, "MED_MAY_M": 0.0, "NT1_SI": 0.0, "NT1_H": 102.0, "NT1_M": 0.0, "NT2_SI": 0.0, "NT2_H": 93.0, "NT2_M": 20.0, "N_TOTAL": 215.0, "DIRECCION": "CATEDRAL", "NUMERO": 3250.0, "REFERENCIA": "METRO QUINTA NORMAL", "LATITUD": -33.440352, "LONGITUD": -70.679314 }, "geometry": { "type": "Point", "coordinates": [ -70.67931406, -33.44035234 ] } },
{ "type": "Feature", "properties": { "AGNO": 2021.0, "ID_ESTAB": 8556.0, "ORIGEN": 1.0, "NOM_ESTAB": "ESCUELA REPUBLICA DE AUSTRIA", "COD_REG_ES": 13.0, "COD_PRO_ES": 131.0, "COD_COM_ES": 13106.0, "NOM_COM_ES": "ESTACIÓN CENTRAL", "COD_DEPROV": 134.0, "NOM_DEPROV": "SANTIAGO PONIENTE", "DEPENDENCI": 1.0, "RURAL_ESTA": 0.0, "ESTADO_EST": 1.0, "SC_MEN_SI": 0.0, "SC_MEN_H": 0.0, "SC_MEN_M": 0.0, "SC_MAY_H": 0.0, "SC_MAY_M": 0.0, "MED_MEN_SI": 0.0, "MED_MEN_H": 0.0, "MED_MEN_M": 0.0, "MED_MAY_SI": 0.0, "MED_MAY_H": 0.0, "MED_MAY_M": 0.0, "NT1_SI": 0.0, "NT1_H": 14.0, "NT1_M": 16.0, "NT2_SI": 0.0, "NT2_H": 21.0, "NT2_M": 33.0, "N_TOTAL": 84.0, "DIRECCION": "LUIS CRUZ MARTINEZ", "NUMERO": 4431.0, "REFERENCIA": null, "LATITUD": -33.475292, "LONGITUD": -70.69499 }, "geometry": { "type": "Point", "coordinates": [ -70.69499039, -33.47529212 ] } },
{ "type": "Feature", "properties": { "AGNO": 2021.0, "ID_ESTAB": 8558.0, "ORIGEN": 1.0, "NOM_ESTAB": "ESCUELA BÁSICA HUMBERTO VALENZUELA GARCÍA", "COD_REG_ES": 13.0, "COD_PRO_ES": 131.0, "COD_COM_ES": 13106.0, "NOM_COM_ES": "ESTACIÓN CENTRAL", "COD_DEPROV": 134.0, "NOM_DEPROV": "SANTIAGO PONIENTE", "DEPENDENCI": 1.0, "RURAL_ESTA": 0.0, "ESTADO_EST": 1.0, "SC_MEN_SI": 0.0, "SC_MEN_H": 0.0, "SC_MEN_M": 0.0, "SC_MAY_H": 0.0, "SC_MAY_M": 0.0, "MED_MEN_SI": 0.0, "MED_MEN_H": 0.0, "MED_MEN_M": 0.0, "MED_MAY_SI": 0.0, "MED_MAY_H": 0.0, "MED_MAY_M": 0.0, "NT1_SI": 0.0, "NT1_H": 11.0, "NT1_M": 22.0, "NT2_SI": 0.0, "NT2_H": 23.0, "NT2_M": 17.0, "N_TOTAL": 73.0, "DIRECCION": "PINGUINOS", "NUMERO": 4250.0, "REFERENCIA": "GENERAL VELASQUEZ SUR ALTURA 1700 ESTACIÒN CENTRAL", "LATITUD": -33.471515, "LONGITUD": -70.69188 }, "geometry": { "type": "Point", "coordinates": [ -70.69187992, -33.47151519 ] } },
{ "type": "Feature", "properties": { "AGNO": 2021.0, "ID_ESTAB": 8569.0, "ORIGEN": 1.0, "NOM_ESTAB": "ESCUELA BASICA REPUBLICA DEL ECUADOR", "COD_REG_ES": 13.0, "COD_PRO_ES": 131.0, "COD_COM_ES": 13101.0, "NOM_COM_ES": "SANTIAGO", "COD_DEPROV": 131.0, "NOM_DEPROV": "SANTIAGO CENTRO", "DEPENDENCI": 1.0, "RURAL_ESTA": 0.0, "ESTADO_EST": 1.0, "SC_MEN_SI": 0.0, "SC_MEN_H": 0.0, "SC_MEN_M": 0.0, "SC_MAY_H": 0.0, "SC_MAY_M": 0.0, "MED_MEN_SI": 0.0, "MED_MEN_H": 0.0, "MED_MEN_M": 0.0, "MED_MAY_SI": 0.0, "MED_MAY_H": 0.0, "MED_MAY_M": 0.0, "NT1_SI": 0.0, "NT1_H": 0.0, "NT1_M": 51.0, "NT2_SI": 0.0, "NT2_H": 0.0, "NT2_M": 52.0, "N_TOTAL": 103.0, "DIRECCION": "ALAMEDA", "NUMERO": 2414.0, "REFERENCIA": "ALAMEDA CON AV.ESPAÑA FRENTE AL DUOC", "LATITUD": -33.448969, "LONGITUD": -70.670724 }, "geometry": { "type": "Point", "coordinates": [ -70.67072408, -33.44896938 ] } },
{ "type": "Feature", "properties": { "AGNO": 2021.0, "ID_ESTAB": 8579.0, "ORIGEN": 1.0, "NOM_ESTAB": "ESCUELA BASICA UNION LATINOAMERICANA", "COD_REG_ES": 13.0, "COD_PRO_ES": 131.0, "COD_COM_ES": 13106.0, "NOM_COM_ES": "ESTACIÓN CENTRAL", "COD_DEPROV": 134.0, "NOM_DEPROV": "SANTIAGO PONIENTE", "DEPENDENCI": 1.0, "RURAL_ESTA": 0.0, "ESTADO_EST": 1.0, "SC_MEN_SI": 0.0, "SC_MEN_H": 0.0, "SC_MEN_M": 0.0, "SC_MAY_H": 0.0, "SC_MAY_M": 0.0, "MED_MEN_SI": 0.0, "MED_MEN_H": 0.0, "MED_MEN_M": 0.0, "MED_MAY_SI": 0.0, "MED_MAY_H": 0.0, "MED_MAY_M": 0.0, "NT1_SI": 0.0, "NT1_H": 16.0, "NT1_M": 14.0, "NT2_SI": 0.0, "NT2_H": 18.0, "NT2_M": 12.0, "N_TOTAL": 60.0, "DIRECCION": "SANTA TERESA", "NUMERO": 1071.0, "REFERENCIA": "DEL SANTUARIO DEL PADRE HURTADO, 3 CUADRAS AL PONIENTE 2 AL SUR.", "LATITUD": -33.463481, "LONGITUD": -70.691737 }, "geometry": { "type": "Point", "coordinates": [ -70.6917367, -33.46348143 ] } },
{ "type": "Feature", "properties": { "AGNO": 2021.0, "ID_ESTAB": 8615.0, "ORIGEN": 1.0, "NOM_ESTAB": "ESCUELA COLEGIO POLIVALENTE STA FAMILIA", "COD_REG_ES": 13.0, "COD_PRO_ES": 131.0, "COD_COM_ES": 13101.0, "NOM_COM_ES": "SANTIAGO", "COD_DEPROV": 131.0, "NOM_DEPROV": "SANTIAGO CENTRO", "DEPENDENCI": 2.0, "RURAL_ESTA": 0.0, "ESTADO_EST": 1.0, "SC_MEN_SI": 0.0, "SC_MEN_H": 0.0, "SC_MEN_M": 0.0, "SC_MAY_H": 0.0, "SC_MAY_M": 0.0, "MED_MEN_SI": 0.0, "MED_MEN_H": 0.0, "MED_MEN_M": 0.0, "MED_MAY_SI": 0.0, "MED_MAY_H": 0.0, "MED_MAY_M": 0.0, "NT1_SI": 0.0, "NT1_H": 1.0, "NT1_M": 43.0, "NT2_SI": 0.0, "NT2_H": 2.0, "NT2_M": 34.0, "N_TOTAL": 80.0, "DIRECCION": "UNION LATINO AMERICANA", "NUMERO": 151.0, "REFERENCIA": "METRO ESTACIÓN ULA", "LATITUD": -33.451906, "LONGITUD": -70.673895 }, "geometry": { "type": "Point", "coordinates": [ -70.67389538, -33.45190577 ] } },
{ "type": "Feature", "properties": { "AGNO": 2021.0, "ID_ESTAB": 8631.0, "ORIGEN": 1.0, "NOM_ESTAB": "COLEGIO ECHAURREN", "COD_REG_ES": 13.0, "COD_PRO_ES": 131.0, "COD_COM_ES": 13106.0, "NOM_COM_ES": "ESTACIÓN CENTRAL", "COD_DEPROV": 134.0, "NOM_DEPROV": "SANTIAGO PONIENTE", "DEPENDENCI": 2.0, "RURAL_ESTA": 0.0, "ESTADO_EST": 1.0, "SC_MEN_SI": 0.0, "SC_MEN_H": 0.0, "SC_MEN_M": 0.0, "SC_MAY_H": 0.0, "SC_MAY_M": 0.0, "MED_MEN_SI": 0.0, "MED_MEN_H": 0.0, "MED_MEN_M": 0.0, "MED_MAY_SI": 0.0, "MED_MAY_H": 0.0, "MED_MAY_M": 0.0, "NT1_SI": 0.0, "NT1_H": 22.0, "NT1_M": 32.0, "NT2_SI": 0.0, "NT2_H": 26.0, "NT2_M": 28.0, "N_TOTAL": 108.0, "DIRECCION": "LUIS INFANTE CERDA", "NUMERO": 5484.0, "REFERENCIA": "LUIS INFANTE CERDA CON LAS COLINAS  POR  5 DE ABRIL ANTES DE AV. LO ERRAZURIZ", "LATITUD": -33.475076, "LONGITUD": -70.716777 }, "geometry": { "type": "Point", "coordinates": [ -70.71677679, -33.47507572 ] } },
{ "type": "Feature", "properties": { "AGNO": 2021.0, "ID_ESTAB": 8634.0, "ORIGEN": 1.0, "NOM_ESTAB": "LICEO RUIZ TAGLE", "COD_REG_ES": 13.0, "COD_PRO_ES": 131.0, "COD_COM_ES": 13106.0, "NOM_COM_ES": "ESTACIÓN CENTRAL", "COD_DEPROV": 134.0, "NOM_DEPROV": "SANTIAGO PONIENTE", "DEPENDENCI": 2.0, "RURAL_ESTA": 0.0, "ESTADO_EST": 1.0, "SC_MEN_SI": 0.0, "SC_MEN_H": 0.0, "SC_MEN_M": 0.0, "SC_MAY_H": 0.0, "SC_MAY_M": 0.0, "MED_MEN_SI": 0.0, "MED_MEN_H": 0.0, "MED_MEN_M": 0.0, "MED_MAY_SI": 0.0, "MED_MAY_H": 0.0, "MED_MAY_M": 0.0, "NT1_SI": 0.0, "NT1_H": 48.0, "NT1_M": 0.0, "NT2_SI": 0.0, "NT2_H": 55.0, "NT2_M": 0.0, "N_TOTAL": 103.0, "DIRECCION": "FEDERICO SCOTTO", "NUMERO": 127.0, "REFERENCIA": "FEDERICO SCOTTO/ECUADOR METRO USACH", "LATITUD": -33.451591, "LONGITUD": -70.688999 }, "geometry": { "type": "Point", "coordinates": [ -70.68899863, -33.45159121 ] } },
{ "type": "Feature", "properties": { "AGNO": 2021.0, "ID_ESTAB": 8657.0, "ORIGEN": 1.0, "NOM_ESTAB": "COLEGIO SAN ALBERTO", "COD_REG_ES": 13.0, "COD_PRO_ES": 131.0, "COD_COM_ES": 13106.0, "NOM_COM_ES": "ESTACIÓN CENTRAL", "COD_DEPROV": 134.0, "NOM_DEPROV": "SANTIAGO PONIENTE", "DEPENDENCI": 2.0, "RURAL_ESTA": 0.0, "ESTADO_EST": 1.0, "SC_MEN_SI": 0.0, "SC_MEN_H": 0.0, "SC_MEN_M": 0.0, "SC_MAY_H": 0.0, "SC_MAY_M": 0.0, "MED_MEN_SI": 0.0, "MED_MEN_H": 0.0, "MED_MEN_M": 0.0, "MED_MAY_SI": 0.0, "MED_MAY_H": 0.0, "MED_MAY_M": 0.0, "NT1_SI": 0.0, "NT1_H": 0.0, "NT1_M": 0.0, "NT2_SI": 0.0, "NT2_H": 39.0, "NT2_M": 40.0, "N_TOTAL": 79.0, "DIRECCION": "SANTA TERESA", "NUMERO": 1785.0, "REFERENCIA": "LOS PINGÜINOS CON PADRE VICENTE IRARRAZABAL", "LATITUD": -33.470746, "LONGITUD": -70.691858 }, "geometry": { "type": "Point", "coordinates": [ -70.6918583, -33.4707465 ] } },
{ "type": "Feature", "properties": { "AGNO": 2021.0, "ID_ESTAB": 8671.0, "ORIGEN": 1.0, "NOM_ESTAB": "COLEGIO BICENTENARIO VICTORIA PRIETO", "COD_REG_ES": 13.0, "COD_PRO_ES": 131.0, "COD_COM_ES": 13101.0, "NOM_COM_ES": "SANTIAGO", "COD_DEPROV": 131.0, "NOM_DEPROV": "SANTIAGO CENTRO", "DEPENDENCI": 2.0, "RURAL_ESTA": 0.0, "ESTADO_EST": 1.0, "SC_MEN_SI": 0.0, "SC_MEN_H": 0.0, "SC_MEN_M": 0.0, "SC_MAY_H": 0.0, "SC_MAY_M": 0.0, "MED_MEN_SI": 0.0, "MED_MEN_H": 0.0, "MED_MEN_M": 0.0, "MED_MAY_SI": 0.0, "MED_MAY_H": 0.0, "MED_MAY_M": 0.0, "NT1_SI": 0.0, "NT1_H": 20.0, "NT1_M": 15.0, "NT2_SI": 0.0, "NT2_H": 17.0, "NT2_M": 21.0, "N_TOTAL": 73.0, "DIRECCION": "ESPERANZA", "NUMERO": 94.0, "REFERENCIA": "EST. METRO LATINOAMERICANA", "LATITUD": -33.44512, "LONGITUD": -70.675349 }, "geometry": { "type": "Point", "coordinates": [ -70.67534908, -33.44512041 ] } },
{ "type": "Feature", "properties": { "AGNO": 2021.0, "ID_ESTAB": 8676.0, "ORIGEN": 1.0, "NOM_ESTAB": "ESCUELA MANUEL JOSE IRARRAZAVAL", "COD_REG_ES": 13.0, "COD_PRO_ES": 131.0, "COD_COM_ES": 13101.0, "NOM_COM_ES": "SANTIAGO", "COD_DEPROV": 131.0, "NOM_DEPROV": "SANTIAGO CENTRO", "DEPENDENCI": 2.0, "RURAL_ESTA": 0.0, "ESTADO_EST": 1.0, "SC_MEN_SI": 0.0, "SC_MEN_H": 0.0, "SC_MEN_M": 0.0, "SC_MAY_H": 0.0, "SC_MAY_M": 0.0, "MED_MEN_SI": 0.0, "MED_MEN_H": 0.0, "MED_MEN_M": 0.0, "MED_MAY_SI": 0.0, "MED_MAY_H": 0.0, "MED_MAY_M": 0.0, "NT1_SI": 0.0, "NT1_H": 46.0, "NT1_M": 43.0, "NT2_SI": 0.0, "NT2_H": 43.0, "NT2_M": 53.0, "N_TOTAL": 185.0, "DIRECCION": "CONFERENCIA", "NUMERO": 751.0, "REFERENCIA": "BLANCO ENCALADA ESQUINA CONFERENCIA HACIA EL SUR.", "LATITUD": -33.459428, "LONGITUD": -70.676364 }, "geometry": { "type": "Point", "coordinates": [ -70.67636398, -33.45942826 ] } },
{ "type": "Feature", "properties": { "AGNO": 2021.0, "ID_ESTAB": 8678.0, "ORIGEN": 1.0, "NOM_ESTAB": "ESC.SILVIA SALAS EDWARDS", "COD_REG_ES": 13.0, "COD_PRO_ES": 131.0, "COD_COM_ES": 13106.0, "NOM_COM_ES": "ESTACIÓN CENTRAL", "COD_DEPROV": 134.0, "NOM_DEPROV": "SANTIAGO PONIENTE", "DEPENDENCI": 2.0, "RURAL_ESTA": 0.0, "ESTADO_EST": 1.0, "SC_MEN_SI": 0.0, "SC_MEN_H": 0.0, "SC_MEN_M": 0.0, "SC_MAY_H": 0.0, "SC_MAY_M": 0.0, "MED_MEN_SI": 0.0, "MED_MEN_H": 0.0, "MED_MEN_M": 0.0, "MED_MAY_SI": 0.0, "MED_MAY_H": 0.0, "MED_MAY_M": 0.0, "NT1_SI": 0.0, "NT1_H": 12.0, "NT1_M": 10.0, "NT2_SI": 0.0, "NT2_H": 15.0, "NT2_M": 13.0, "N_TOTAL": 50.0, "DIRECCION": "ANTOFAGASTA", "NUMERO": 3575.0, "REFERENCIA": "PARALELA A METROGAS.   CALLES   ANTOFAGASTA CON OBISPO MANUEL UMAÑA", "LATITUD": -33.46673, "LONGITUD": -70.68381 }, "geometry": { "type": "Point", "coordinates": [ -70.68381014, -33.46673023 ] } },
{ "type": "Feature", "properties": { "AGNO": 2021.0, "ID_ESTAB": 8690.0, "ORIGEN": 1.0, "NOM_ESTAB": "ESCUELA PARTICULAR AMOR DE DIOS", "COD_REG_ES": 13.0, "COD_PRO_ES": 131.0, "COD_COM_ES": 13102.0, "NOM_COM_ES": "CERRILLOS", "COD_DEPROV": 134.0, "NOM_DEPROV": "SANTIAGO PONIENTE", "DEPENDENCI": 2.0, "RURAL_ESTA": 0.0, "ESTADO_EST": 1.0, "SC_MEN_SI": 0.0, "SC_MEN_H": 0.0, "SC_MEN_M": 0.0, "SC_MAY_H": 0.0, "SC_MAY_M": 0.0, "MED_MEN_SI": 0.0, "MED_MEN_H": 0.0, "MED_MEN_M": 0.0, "MED_MAY_SI": 0.0, "MED_MAY_H": 0.0, "MED_MAY_M": 0.0, "NT1_SI": 0.0, "NT1_H": 13.0, "NT1_M": 17.0, "NT2_SI": 0.0, "NT2_H": 19.0, "NT2_M": 22.0, "N_TOTAL": 71.0, "DIRECCION": "AVENIDA UNO", "NUMERO": 2988.0, "REFERENCIA": "BUCETA, GENERAL VELASQUEZ CON  DEPARTAMENTAL BUZETA Y AVENIDA UNO.", "LATITUD": -33.479364, "LONGITUD": -70.686735 }, "geometry": { "type": "Point", "coordinates": [ -70.68673501, -33.47936438 ] } },
{ "type": "Feature", "properties": { "AGNO": 2021.0, "ID_ESTAB": 8715.0, "ORIGEN": 1.0, "NOM_ESTAB": "COLEGIO SAO PAULO", "COD_REG_ES": 13.0, "COD_PRO_ES": 131.0, "COD_COM_ES": 13106.0, "NOM_COM_ES": "ESTACIÓN CENTRAL", "COD_DEPROV": 134.0, "NOM_DEPROV": "SANTIAGO PONIENTE", "DEPENDENCI": 2.0, "RURAL_ESTA": 0.0, "ESTADO_EST": 1.0, "SC_MEN_SI": 0.0, "SC_MEN_H": 0.0, "SC_MEN_M": 0.0, "SC_MAY_H": 0.0, "SC_MAY_M": 0.0, "MED_MEN_SI": 0.0, "MED_MEN_H": 0.0, "MED_MEN_M": 0.0, "MED_MAY_SI": 0.0, "MED_MAY_H": 0.0, "MED_MAY_M": 0.0, "NT1_SI": 0.0, "NT1_H": 12.0, "NT1_M": 11.0, "NT2_SI": 0.0, "NT2_H": 12.0, "NT2_M": 13.0, "N_TOTAL": 48.0, "DIRECCION": "PLACILLA", "NUMERO": 333.0, "REFERENCIA": "POR CINCO DE ABRIL A 3 CUADRAS DE GENERAL VELASQUEZ HACIA LA COSTA.ENTRE CINCO DE ABRIL Y CORONEL SOUPER", "LATITUD": -33.45862, "LONGITUD": -70.693729 }, "geometry": { "type": "Point", "coordinates": [ -70.69372864, -33.45861964 ] } },
{ "type": "Feature", "properties": { "AGNO": 2021.0, "ID_ESTAB": 8717.0, "ORIGEN": 1.0, "NOM_ESTAB": "ESCUELA PARTICULAR SAINT HENRY SCHOOL", "COD_REG_ES": 13.0, "COD_PRO_ES": 131.0, "COD_COM_ES": 13101.0, "NOM_COM_ES": "SANTIAGO", "COD_DEPROV": 131.0, "NOM_DEPROV": "SANTIAGO CENTRO", "DEPENDENCI": 2.0, "RURAL_ESTA": 0.0, "ESTADO_EST": 1.0, "SC_MEN_SI": 0.0, "SC_MEN_H": 0.0, "SC_MEN_M": 0.0, "SC_MAY_H": 0.0, "SC_MAY_M": 0.0, "MED_MEN_SI": 0.0, "MED_MEN_H": 0.0, "MED_MEN_M": 0.0, "MED_MAY_SI": 0.0, "MED_MAY_H": 0.0, "MED_MAY_M": 0.0, "NT1_SI": 0.0, "NT1_H": 12.0, "NT1_M": 15.0, "NT2_SI": 0.0, "NT2_H": 9.0, "NT2_M": 7.0, "N_TOTAL": 43.0, "DIRECCION": "SAN VICENTE", "NUMERO": 1224.0, "REFERENCIA": "SAN VICENTE 1224,PARALELA A EXPOSICIÓN, ENTRE GUACOLDA Y ESPIÑEIRA.", "LATITUD": -33.464707, "LONGITUD": -70.675872 }, "geometry": { "type": "Point", "coordinates": [ -70.67587226, -33.46470679 ] } },
{ "type": "Feature", "properties": { "AGNO": 2021.0, "ID_ESTAB": 8740.0, "ORIGEN": 1.0, "NOM_ESTAB": "COLEGIO MARIA LUISA VILLALON", "COD_REG_ES": 13.0, "COD_PRO_ES": 131.0, "COD_COM_ES": 13101.0, "NOM_COM_ES": "SANTIAGO", "COD_DEPROV": 131.0, "NOM_DEPROV": "SANTIAGO CENTRO", "DEPENDENCI": 2.0, "RURAL_ESTA": 0.0, "ESTADO_EST": 1.0, "SC_MEN_SI": 0.0, "SC_MEN_H": 0.0, "SC_MEN_M": 0.0, "SC_MAY_H": 0.0, "SC_MAY_M": 0.0, "MED_MEN_SI": 0.0, "MED_MEN_H": 0.0, "MED_MEN_M": 0.0, "MED_MAY_SI": 0.0, "MED_MAY_H": 0.0, "MED_MAY_M": 0.0, "NT1_SI": 0.0, "NT1_H": 23.0, "NT1_M": 26.0, "NT2_SI": 0.0, "NT2_H": 33.0, "NT2_M": 39.0, "N_TOTAL": 121.0, "DIRECCION": "AGUSTINAS", "NUMERO": 2834.0, "REFERENCIA": "METRO LÍNEA 1: ESTACIÓN  UNIÓN LATINOAMERICANA.  METRO LÍNEA 5: ESTACIÓN MATUCANA.", "LATITUD": -33.443538, "LONGITUD": -70.674649 }, "geometry": { "type": "Point", "coordinates": [ -70.67464907, -33.44353792 ] } },
{ "type": "Feature", "properties": { "AGNO": 2021.0, "ID_ESTAB": 9419.0, "ORIGEN": 1.0, "NOM_ESTAB": "LICEO MUNICIPAL ENRIQUE BACKAUSSE", "COD_REG_ES": 13.0, "COD_PRO_ES": 131.0, "COD_COM_ES": 13121.0, "NOM_COM_ES": "PEDRO AGUIRRE CERDA", "COD_DEPROV": 131.0, "NOM_DEPROV": "SANTIAGO CENTRO", "DEPENDENCI": 1.0, "RURAL_ESTA": 0.0, "ESTADO_EST": 1.0, "SC_MEN_SI": 0.0, "SC_MEN_H": 0.0, "SC_MEN_M": 0.0, "SC_MAY_H": 0.0, "SC_MAY_M": 0.0, "MED_MEN_SI": 0.0, "MED_MEN_H": 0.0, "MED_MEN_M": 0.0, "MED_MAY_SI": 0.0, "MED_MAY_H": 0.0, "MED_MAY_M": 0.0, "NT1_SI": 0.0, "NT1_H": 8.0, "NT1_M": 10.0, "NT2_SI": 0.0, "NT2_H": 14.0, "NT2_M": 12.0, "N_TOTAL": 44.0, "DIRECCION": "JOSE BACKAUSSE", "NUMERO": 2850.0, "REFERENCIA": "SE ENCUENTRA ENTRE PEDRO SUBERCASEUX Y AVDA LA FERIA", "LATITUD": -33.482632, "LONGITUD": -70.674482 }, "geometry": { "type": "Point", "coordinates": [ -70.67448238, -33.48263185 ] } },
{ "type": "Feature", "properties": { "AGNO": 2021.0, "ID_ESTAB": 9446.0, "ORIGEN": 1.0, "NOM_ESTAB": "ESCUELA DE PARVULOS RAYITO DE LUZ", "COD_REG_ES": 13.0, "COD_PRO_ES": 131.0, "COD_COM_ES": 13121.0, "NOM_COM_ES": "PEDRO AGUIRRE CERDA", "COD_DEPROV": 131.0, "NOM_DEPROV": "SANTIAGO CENTRO", "DEPENDENCI": 1.0, "RURAL_ESTA": 0.0, "ESTADO_EST": 1.0, "SC_MEN_SI": 0.0, "SC_MEN_H": 0.0, "SC_MEN_M": 0.0, "SC_MAY_H": 0.0, "SC_MAY_M": 0.0, "MED_MEN_SI": 0.0, "MED_MEN_H": 0.0, "MED_MEN_M": 0.0, "MED_MAY_SI": 0.0, "MED_MAY_H": 0.0, "MED_MAY_M": 0.0, "NT1_SI": 0.0, "NT1_H": 44.0, "NT1_M": 37.0, "NT2_SI": 0.0, "NT2_H": 39.0, "NT2_M": 31.0, "N_TOTAL": 151.0, "DIRECCION": "MARIQUINA", "NUMERO": 3244.0, "REFERENCIA": null, "LATITUD": -33.48273, "LONGITUD": -70.67844 }, "geometry": { "type": "Point", "coordinates": [ -70.67843999, -33.48272999 ] } },
{ "type": "Feature", "properties": { "AGNO": 2021.0, "ID_ESTAB": 9503.0, "ORIGEN": 1.0, "NOM_ESTAB": "ESCUELA PARTICULAR PIO DOCE", "COD_REG_ES": 13.0, "COD_PRO_ES": 131.0, "COD_COM_ES": 13121.0, "NOM_COM_ES": "PEDRO AGUIRRE CERDA", "COD_DEPROV": 131.0, "NOM_DEPROV": "SANTIAGO CENTRO", "DEPENDENCI": 2.0, "RURAL_ESTA": 0.0, "ESTADO_EST": 1.0, "SC_MEN_SI": 0.0, "SC_MEN_H": 0.0, "SC_MEN_M": 0.0, "SC_MAY_H": 0.0, "SC_MAY_M": 0.0, "MED_MEN_SI": 0.0, "MED_MEN_H": 0.0, "MED_MEN_M": 0.0, "MED_MAY_SI": 0.0, "MED_MAY_H": 0.0, "MED_MAY_M": 0.0, "NT1_SI": 0.0, "NT1_H": 20.0, "NT1_M": 15.0, "NT2_SI": 0.0, "NT2_H": 13.0, "NT2_M": 20.0, "N_TOTAL": 68.0, "DIRECCION": "MARILUAN", "NUMERO": 2440.0, "REFERENCIA": "CARLOS VALDOVINOS CON AVENIDA LA FERIA", "LATITUD": -33.478264, "LONGITUD": -70.668175 }, "geometry": { "type": "Point", "coordinates": [ -70.66817507, -33.47826403 ] } },
{ "type": "Feature", "properties": { "AGNO": 2021.0, "ID_ESTAB": 9508.0, "ORIGEN": 1.0, "NOM_ESTAB": "COLEGIO PARTICULAR POBL. ALESSANDRI", "COD_REG_ES": 13.0, "COD_PRO_ES": 131.0, "COD_COM_ES": 13121.0, "NOM_COM_ES": "PEDRO AGUIRRE CERDA", "COD_DEPROV": 131.0, "NOM_DEPROV": "SANTIAGO CENTRO", "DEPENDENCI": 2.0, "RURAL_ESTA": 0.0, "ESTADO_EST": 1.0, "SC_MEN_SI": 0.0, "SC_MEN_H": 0.0, "SC_MEN_M": 0.0, "SC_MAY_H": 0.0, "SC_MAY_M": 0.0, "MED_MEN_SI": 0.0, "MED_MEN_H": 0.0, "MED_MEN_M": 0.0, "MED_MAY_SI": 0.0, "MED_MAY_H": 0.0, "MED_MAY_M": 0.0, "NT1_SI": 0.0, "NT1_H": 6.0, "NT1_M": 12.0, "NT2_SI": 0.0, "NT2_H": 8.0, "NT2_M": 9.0, "N_TOTAL": 35.0, "DIRECCION": "ENRIQUE MATTE", "NUMERO": 2150.0, "REFERENCIA": "CLUB HIPICO ALTURA 3100", "LATITUD": -33.482389, "LONGITUD": -70.665293 }, "geometry": { "type": "Point", "coordinates": [ -70.6652931, -33.48238866 ] } },
{ "type": "Feature", "properties": { "AGNO": 2021.0, "ID_ESTAB": 9861.0, "ORIGEN": 1.0, "NOM_ESTAB": "CENTRO EDUC.MUNIC. DR. AMADOR NECHME R.", "COD_REG_ES": 13.0, "COD_PRO_ES": 131.0, "COD_COM_ES": 13106.0, "NOM_COM_ES": "ESTACIÓN CENTRAL", "COD_DEPROV": 134.0, "NOM_DEPROV": "SANTIAGO PONIENTE", "DEPENDENCI": 1.0, "RURAL_ESTA": 0.0, "ESTADO_EST": 1.0, "SC_MEN_SI": 0.0, "SC_MEN_H": 0.0, "SC_MEN_M": 0.0, "SC_MAY_H": 0.0, "SC_MAY_M": 0.0, "MED_MEN_SI": 0.0, "MED_MEN_H": 0.0, "MED_MEN_M": 0.0, "MED_MAY_SI": 0.0, "MED_MAY_H": 0.0, "MED_MAY_M": 0.0, "NT1_SI": 0.0, "NT1_H": 21.0, "NT1_M": 12.0, "NT2_SI": 0.0, "NT2_H": 24.0, "NT2_M": 26.0, "N_TOTAL": 83.0, "DIRECCION": "AVENIDA CINCO DE ABRIL", "NUMERO": 4710.0, "REFERENCIA": "AVENIDA 5 DE ABRIL ESQUINA CALLE CURACAVÍ.", "LATITUD": -33.472198, "LONGITUD": -70.720809 }, "geometry": { "type": "Point", "coordinates": [ -70.72080896, -33.47219812 ] } },
{ "type": "Feature", "properties": { "AGNO": 2021.0, "ID_ESTAB": 9869.0, "ORIGEN": 1.0, "NOM_ESTAB": "ESCUELA BASICA REPUBLICA DE FRANCIA", "COD_REG_ES": 13.0, "COD_PRO_ES": 131.0, "COD_COM_ES": 13106.0, "NOM_COM_ES": "ESTACIÓN CENTRAL", "COD_DEPROV": 134.0, "NOM_DEPROV": "SANTIAGO PONIENTE", "DEPENDENCI": 1.0, "RURAL_ESTA": 0.0, "ESTADO_EST": 1.0, "SC_MEN_SI": 0.0, "SC_MEN_H": 0.0, "SC_MEN_M": 0.0, "SC_MAY_H": 0.0, "SC_MAY_M": 0.0, "MED_MEN_SI": 0.0, "MED_MEN_H": 0.0, "MED_MEN_M": 0.0, "MED_MAY_SI": 0.0, "MED_MAY_H": 0.0, "MED_MAY_M": 0.0, "NT1_SI": 0.0, "NT1_H": 16.0, "NT1_M": 16.0, "NT2_SI": 0.0, "NT2_H": 14.0, "NT2_M": 24.0, "N_TOTAL": 70.0, "DIRECCION": "LAITEC", "NUMERO": 5850.0, "REFERENCIA": "POBLACIÓN ROBERT KENNEDY, PALENA ESQUINA LAITEC.", "LATITUD": -33.47616, "LONGITUD": -70.710876 }, "geometry": { "type": "Point", "coordinates": [ -70.71087559, -33.47615978 ] } },
{ "type": "Feature", "properties": { "AGNO": 2021.0, "ID_ESTAB": 9872.0, "ORIGEN": 1.0, "NOM_ESTAB": "ESCUELA BASICA PROF.RAMON DEL RIO", "COD_REG_ES": 13.0, "COD_PRO_ES": 131.0, "COD_COM_ES": 13106.0, "NOM_COM_ES": "ESTACIÓN CENTRAL", "COD_DEPROV": 134.0, "NOM_DEPROV": "SANTIAGO PONIENTE", "DEPENDENCI": 1.0, "RURAL_ESTA": 0.0, "ESTADO_EST": 1.0, "SC_MEN_SI": 0.0, "SC_MEN_H": 0.0, "SC_MEN_M": 0.0, "SC_MAY_H": 0.0, "SC_MAY_M": 0.0, "MED_MEN_SI": 0.0, "MED_MEN_H": 0.0, "MED_MEN_M": 0.0, "MED_MAY_SI": 0.0, "MED_MAY_H": 0.0, "MED_MAY_M": 0.0, "NT1_SI": 0.0, "NT1_H": 18.0, "NT1_M": 17.0, "NT2_SI": 0.0, "NT2_H": 17.0, "NT2_M": 18.0, "N_TOTAL": 70.0, "DIRECCION": "CHACAO", "NUMERO": 1036.0, "REFERENCIA": "DESDE ALAMEDA SE DEBE LLEGAR HASTA LA INTERSECCIÓN DE AVENIDA LAS REJAS SUR CON AVENIDA 5 DE ABRIL.", "LATITUD": -33.466036, "LONGITUD": -70.702886 }, "geometry": { "type": "Point", "coordinates": [ -70.70288555, -33.46603649 ] } },
{ "type": "Feature", "properties": { "AGNO": 2021.0, "ID_ESTAB": 9873.0, "ORIGEN": 1.0, "NOM_ESTAB": "ESCUELA BASICA PACTO ANDINO", "COD_REG_ES": 13.0, "COD_PRO_ES": 131.0, "COD_COM_ES": 13106.0, "NOM_COM_ES": "ESTACIÓN CENTRAL", "COD_DEPROV": 134.0, "NOM_DEPROV": "SANTIAGO PONIENTE", "DEPENDENCI": 1.0, "RURAL_ESTA": 0.0, "ESTADO_EST": 1.0, "SC_MEN_SI": 0.0, "SC_MEN_H": 0.0, "SC_MEN_M": 0.0, "SC_MAY_H": 0.0, "SC_MAY_M": 0.0, "MED_MEN_SI": 0.0, "MED_MEN_H": 0.0, "MED_MEN_M": 0.0, "MED_MAY_SI": 0.0, "MED_MAY_H": 0.0, "MED_MAY_M": 0.0, "NT1_SI": 0.0, "NT1_H": 23.0, "NT1_M": 11.0, "NT2_SI": 0.0, "NT2_H": 16.0, "NT2_M": 20.0, "N_TOTAL": 70.0, "DIRECCION": "LAS LILAS", "NUMERO": 5810.0, "REFERENCIA": "LAS REJAS SUR HACIA EL PONIENTE, UNA CUADRA ANTES DE 5 DE ABRIL (LOS MAITENES)", "LATITUD": -33.463514, "LONGITUD": -70.709209 }, "geometry": { "type": "Point", "coordinates": [ -70.70920911, -33.463514 ] } },
{ "type": "Feature", "properties": { "AGNO": 2021.0, "ID_ESTAB": 9879.0, "ORIGEN": 1.0, "NOM_ESTAB": "ESCUELA BASICA", "COD_REG_ES": 13.0, "COD_PRO_ES": 131.0, "COD_COM_ES": 13106.0, "NOM_COM_ES": "ESTACIÓN CENTRAL", "COD_DEPROV": 134.0, "NOM_DEPROV": "SANTIAGO PONIENTE", "DEPENDENCI": 1.0, "RURAL_ESTA": 0.0, "ESTADO_EST": 1.0, "SC_MEN_SI": 0.0, "SC_MEN_H": 0.0, "SC_MEN_M": 0.0, "SC_MAY_H": 0.0, "SC_MAY_M": 0.0, "MED_MEN_SI": 0.0, "MED_MEN_H": 0.0, "MED_MEN_M": 0.0, "MED_MAY_SI": 0.0, "MED_MAY_H": 0.0, "MED_MAY_M": 0.0, "NT1_SI": 0.0, "NT1_H": 14.0, "NT1_M": 16.0, "NT2_SI": 0.0, "NT2_H": 15.0, "NT2_M": 18.0, "N_TOTAL": 63.0, "DIRECCION": "COYHAIQUE", "NUMERO": 6055.0, "REFERENCIA": "LAS REJAS SUR ESQUINA COYHAIQUE", "LATITUD": -33.473611, "LONGITUD": -70.705169 }, "geometry": { "type": "Point", "coordinates": [ -70.70516895, -33.47361062 ] } },
{ "type": "Feature", "properties": { "AGNO": 2021.0, "ID_ESTAB": 9880.0, "ORIGEN": 1.0, "NOM_ESTAB": "ESCUELA BASICA ESTADO DE PALESTINA", "COD_REG_ES": 13.0, "COD_PRO_ES": 131.0, "COD_COM_ES": 13106.0, "NOM_COM_ES": "ESTACIÓN CENTRAL", "COD_DEPROV": 134.0, "NOM_DEPROV": "SANTIAGO PONIENTE", "DEPENDENCI": 1.0, "RURAL_ESTA": 0.0, "ESTADO_EST": 1.0, "SC_MEN_SI": 0.0, "SC_MEN_H": 0.0, "SC_MEN_M": 0.0, "SC_MAY_H": 0.0, "SC_MAY_M": 0.0, "MED_MEN_SI": 0.0, "MED_MEN_H": 0.0, "MED_MEN_M": 0.0, "MED_MAY_SI": 0.0, "MED_MAY_H": 0.0, "MED_MAY_M": 0.0, "NT1_SI": 0.0, "NT1_H": 18.0, "NT1_M": 17.0, "NT2_SI": 0.0, "NT2_H": 16.0, "NT2_M": 19.0, "N_TOTAL": 70.0, "DIRECCION": "COYHAIQUE", "NUMERO": 6215.0, "REFERENCIA": "ENTRE LAS REJAS SUR Y LUIS INFANTE CERDA", "LATITUD": -33.473583, "LONGITUD": -70.701607 }, "geometry": { "type": "Point", "coordinates": [ -70.70160736, -33.47358255 ] } },
{ "type": "Feature", "properties": { "AGNO": 2021.0, "ID_ESTAB": 9916.0, "ORIGEN": 1.0, "NOM_ESTAB": "ESCUELA DE PARVULOS LOS PAISES BAJOS", "COD_REG_ES": 13.0, "COD_PRO_ES": 131.0, "COD_COM_ES": 13106.0, "NOM_COM_ES": "ESTACIÓN CENTRAL", "COD_DEPROV": 134.0, "NOM_DEPROV": "SANTIAGO PONIENTE", "DEPENDENCI": 2.0, "RURAL_ESTA": 0.0, "ESTADO_EST": 1.0, "SC_MEN_SI": 0.0, "SC_MEN_H": 0.0, "SC_MEN_M": 0.0, "SC_MAY_H": 0.0, "SC_MAY_M": 0.0, "MED_MEN_SI": 0.0, "MED_MEN_H": 0.0, "MED_MEN_M": 0.0, "MED_MAY_SI": 0.0, "MED_MAY_H": 0.0, "MED_MAY_M": 0.0, "NT1_SI": 0.0, "NT1_H": 44.0, "NT1_M": 51.0, "NT2_SI": 0.0, "NT2_H": 47.0, "NT2_M": 54.0, "N_TOTAL": 196.0, "DIRECCION": "LAS CATALPAS", "NUMERO": 79.0, "REFERENCIA": "AV. LAS REJAS SUR/CON CALLE LAS VIOLETAS", "LATITUD": -33.45926, "LONGITUD": -70.7086 }, "geometry": { "type": "Point", "coordinates": [ -70.7086, -33.45926 ] } },
{ "type": "Feature", "properties": { "AGNO": 2021.0, "ID_ESTAB": 9922.0, "ORIGEN": 1.0, "NOM_ESTAB": "ESCUELA PARTICULAR HOLANDA", "COD_REG_ES": 13.0, "COD_PRO_ES": 131.0, "COD_COM_ES": 13106.0, "NOM_COM_ES": "ESTACIÓN CENTRAL", "COD_DEPROV": 134.0, "NOM_DEPROV": "SANTIAGO PONIENTE", "DEPENDENCI": 2.0, "RURAL_ESTA": 0.0, "ESTADO_EST": 1.0, "SC_MEN_SI": 0.0, "SC_MEN_H": 0.0, "SC_MEN_M": 0.0, "SC_MAY_H": 0.0, "SC_MAY_M": 0.0, "MED_MEN_SI": 0.0, "MED_MEN_H": 0.0, "MED_MEN_M": 0.0, "MED_MAY_SI": 0.0, "MED_MAY_H": 0.0, "MED_MAY_M": 0.0, "NT1_SI": 0.0, "NT1_H": 22.0, "NT1_M": 27.0, "NT2_SI": 0.0, "NT2_H": 32.0, "NT2_M": 43.0, "N_TOTAL": 124.0, "DIRECCION": "LAS PARCELAS", "NUMERO": 6098.0, "REFERENCIA": "ENTRE AVDA. CUADRO VERDE Y CURACAVI.", "LATITUD": -33.46801, "LONGITUD": -70.722476 }, "geometry": { "type": "Point", "coordinates": [ -70.72247585, -33.4680096 ] } },
{ "type": "Feature", "properties": { "AGNO": 2021.0, "ID_ESTAB": 9930.0, "ORIGEN": 1.0, "NOM_ESTAB": "ESCUELA PARTICULAR JOSE ANTONIO LECAROS", "COD_REG_ES": 13.0, "COD_PRO_ES": 131.0, "COD_COM_ES": 13106.0, "NOM_COM_ES": "ESTACIÓN CENTRAL", "COD_DEPROV": 134.0, "NOM_DEPROV": "SANTIAGO PONIENTE", "DEPENDENCI": 2.0, "RURAL_ESTA": 0.0, "ESTADO_EST": 1.0, "SC_MEN_SI": 0.0, "SC_MEN_H": 0.0, "SC_MEN_M": 0.0, "SC_MAY_H": 0.0, "SC_MAY_M": 0.0, "MED_MEN_SI": 0.0, "MED_MEN_H": 0.0, "MED_MEN_M": 0.0, "MED_MAY_SI": 0.0, "MED_MAY_H": 0.0, "MED_MAY_M": 0.0, "NT1_SI": 0.0, "NT1_H": 15.0, "NT1_M": 20.0, "NT2_SI": 0.0, "NT2_H": 19.0, "NT2_M": 16.0, "N_TOTAL": 70.0, "DIRECCION": "EL CARMELO", "NUMERO": 182.0, "REFERENCIA": "AVENIDA 5 DE ABRIL ALTURA 4600", "LATITUD": -33.463997, "LONGITUD": -70.698807 }, "geometry": { "type": "Point", "coordinates": [ -70.69880676, -33.46399696 ] } },
{ "type": "Feature", "properties": { "AGNO": 2021.0, "ID_ESTAB": 9942.0, "ORIGEN": 1.0, "NOM_ESTAB": "ESCUELA, COLEGIO POLITEC.H.DE MAGALLANES", "COD_REG_ES": 13.0, "COD_PRO_ES": 131.0, "COD_COM_ES": 13106.0, "NOM_COM_ES": "ESTACIÓN CENTRAL", "COD_DEPROV": 134.0, "NOM_DEPROV": "SANTIAGO PONIENTE", "DEPENDENCI": 2.0, "RURAL_ESTA": 0.0, "ESTADO_EST": 1.0, "SC_MEN_SI": 0.0, "SC_MEN_H": 0.0, "SC_MEN_M": 0.0, "SC_MAY_H": 0.0, "SC_MAY_M": 0.0, "MED_MEN_SI": 0.0, "MED_MEN_H": 0.0, "MED_MEN_M": 0.0, "MED_MAY_SI": 0.0, "MED_MAY_H": 0.0, "MED_MAY_M": 0.0, "NT1_SI": 0.0, "NT1_H": 5.0, "NT1_M": 11.0, "NT2_SI": 0.0, "NT2_H": 11.0, "NT2_M": 18.0, "N_TOTAL": 45.0, "DIRECCION": "PASAJE LA PORTADA", "NUMERO": 5635.0, "REFERENCIA": "5 DE ABRIL ALTURA 5700", "LATITUD": -33.469149, "LONGITUD": -70.712447 }, "geometry": { "type": "Point", "coordinates": [ -70.71244689, -33.46914868 ] } },
{ "type": "Feature", "properties": { "AGNO": 2021.0, "ID_ESTAB": 10006.0, "ORIGEN": 1.0, "NOM_ESTAB": "ESCUELA REPUBLICA DE LA INDIA", "COD_REG_ES": 13.0, "COD_PRO_ES": 131.0, "COD_COM_ES": 13126.0, "NOM_COM_ES": "QUINTA NORMAL", "COD_DEPROV": 134.0, "NOM_DEPROV": "SANTIAGO PONIENTE", "DEPENDENCI": 1.0, "RURAL_ESTA": 0.0, "ESTADO_EST": 1.0, "SC_MEN_SI": 0.0, "SC_MEN_H": 0.0, "SC_MEN_M": 0.0, "SC_MAY_H": 0.0, "SC_MAY_M": 0.0, "MED_MEN_SI": 0.0, "MED_MEN_H": 0.0, "MED_MEN_M": 0.0, "MED_MAY_SI": 0.0, "MED_MAY_H": 0.0, "MED_MAY_M": 0.0, "NT1_SI": 0.0, "NT1_H": 21.0, "NT1_M": 14.0, "NT2_SI": 0.0, "NT2_H": 33.0, "NT2_M": 26.0, "N_TOTAL": 94.0, "DIRECCION": "CATEDRAL", "NUMERO": 4637.0, "REFERENCIA": null, "LATITUD": -33.441339, "LONGITUD": -70.6983 }, "geometry": { "type": "Point", "coordinates": [ -70.69829994, -33.44133926 ] } },
{ "type": "Feature", "properties": { "AGNO": 2021.0, "ID_ESTAB": 10014.0, "ORIGEN": 1.0, "NOM_ESTAB": "ESCUELA PARTICULAR ANDRES BELLO", "COD_REG_ES": 13.0, "COD_PRO_ES": 131.0, "COD_COM_ES": 13126.0, "NOM_COM_ES": "QUINTA NORMAL", "COD_DEPROV": 134.0, "NOM_DEPROV": "SANTIAGO PONIENTE", "DEPENDENCI": 2.0, "RURAL_ESTA": 0.0, "ESTADO_EST": 1.0, "SC_MEN_SI": 0.0, "SC_MEN_H": 0.0, "SC_MEN_M": 0.0, "SC_MAY_H": 0.0, "SC_MAY_M": 0.0, "MED_MEN_SI": 0.0, "MED_MEN_H": 0.0, "MED_MEN_M": 0.0, "MED_MAY_SI": 0.0, "MED_MAY_H": 0.0, "MED_MAY_M": 0.0, "NT1_SI": 0.0, "NT1_H": 9.0, "NT1_M": 19.0, "NT2_SI": 0.0, "NT2_H": 17.0, "NT2_M": 13.0, "N_TOTAL": 58.0, "DIRECCION": "AVENIDA NUEVA IMPERIAL", "NUMERO": 4386.0, "REFERENCIA": "GENERAL VELÁSQUEZ CON PORTALES.", "LATITUD": -33.445002, "LONGITUD": -70.694348 }, "geometry": { "type": "Point", "coordinates": [ -70.69434789, -33.44500196 ] } },
{ "type": "Feature", "properties": { "AGNO": 2021.0, "ID_ESTAB": 10046.0, "ORIGEN": 1.0, "NOM_ESTAB": "ESCUELA PARTICULAR SAGRADA FAMILIA", "COD_REG_ES": 13.0, "COD_PRO_ES": 131.0, "COD_COM_ES": 13126.0, "NOM_COM_ES": "QUINTA NORMAL", "COD_DEPROV": 134.0, "NOM_DEPROV": "SANTIAGO PONIENTE", "DEPENDENCI": 2.0, "RURAL_ESTA": 0.0, "ESTADO_EST": 1.0, "SC_MEN_SI": 0.0, "SC_MEN_H": 0.0, "SC_MEN_M": 0.0, "SC_MAY_H": 0.0, "SC_MAY_M": 0.0, "MED_MEN_SI": 0.0, "MED_MEN_H": 0.0, "MED_MEN_M": 0.0, "MED_MAY_SI": 0.0, "MED_MAY_H": 0.0, "MED_MAY_M": 0.0, "NT1_SI": 0.0, "NT1_H": 0.0, "NT1_M": 0.0, "NT2_SI": 0.0, "NT2_H": 32.0, "NT2_M": 19.0, "N_TOTAL": 51.0, "DIRECCION": "BLANCO GARCES", "NUMERO": 459.0, "REFERENCIA": "NUEVA IMPERIAL CON BLANCO GARCÉS   PERPENDICULAR A GRAL. VELÁSQUEZ Y RADAL", "LATITUD": -33.447093, "LONGITUD": -70.697332 }, "geometry": { "type": "Point", "coordinates": [ -70.69733204, -33.44709349 ] } },
{ "type": "Feature", "properties": { "AGNO": 2021.0, "ID_ESTAB": 10058.0, "ORIGEN": 1.0, "NOM_ESTAB": "COLEGIO POLIVALENTE PRINCIPE DE GALES", "COD_REG_ES": 13.0, "COD_PRO_ES": 131.0, "COD_COM_ES": 13106.0, "NOM_COM_ES": "ESTACIÓN CENTRAL", "COD_DEPROV": 134.0, "NOM_DEPROV": "SANTIAGO PONIENTE", "DEPENDENCI": 2.0, "RURAL_ESTA": 0.0, "ESTADO_EST": 1.0, "SC_MEN_SI": 0.0, "SC_MEN_H": 0.0, "SC_MEN_M": 0.0, "SC_MAY_H": 0.0, "SC_MAY_M": 0.0, "MED_MEN_SI": 0.0, "MED_MEN_H": 0.0, "MED_MEN_M": 0.0, "MED_MAY_SI": 0.0, "MED_MAY_H": 0.0, "MED_MAY_M": 0.0, "NT1_SI": 0.0, "NT1_H": 18.0, "NT1_M": 17.0, "NT2_SI": 0.0, "NT2_H": 22.0, "NT2_M": 23.0, "N_TOTAL": 80.0, "DIRECCION": "SAN GUMERCINDO", "NUMERO": 254.0, "REFERENCIA": "AVENIDA GENERAL VELASQUEZ CON AVENIDA ECUADOR", "LATITUD": -33.449553, "LONGITUD": -70.695117 }, "geometry": { "type": "Point", "coordinates": [ -70.69511693, -33.44955302 ] } },
{ "type": "Feature", "properties": { "AGNO": 2021.0, "ID_ESTAB": 10069.0, "ORIGEN": 1.0, "NOM_ESTAB": "COLEGIO MARQUEL", "COD_REG_ES": 13.0, "COD_PRO_ES": 131.0, "COD_COM_ES": 13126.0, "NOM_COM_ES": "QUINTA NORMAL", "COD_DEPROV": 134.0, "NOM_DEPROV": "SANTIAGO PONIENTE", "DEPENDENCI": 2.0, "RURAL_ESTA": 0.0, "ESTADO_EST": 1.0, "SC_MEN_SI": 0.0, "SC_MEN_H": 0.0, "SC_MEN_M": 0.0, "SC_MAY_H": 0.0, "SC_MAY_M": 0.0, "MED_MEN_SI": 0.0, "MED_MEN_H": 0.0, "MED_MEN_M": 0.0, "MED_MAY_SI": 0.0, "MED_MAY_H": 0.0, "MED_MAY_M": 0.0, "NT1_SI": 0.0, "NT1_H": 38.0, "NT1_M": 30.0, "NT2_SI": 0.0, "NT2_H": 44.0, "NT2_M": 42.0, "N_TOTAL": 154.0, "DIRECCION": "ABTAO", "NUMERO": 574.0, "REFERENCIA": "CALLE RADAL CON NUEVA IMPERIAL", "LATITUD": -33.446751, "LONGITUD": -70.701594 }, "geometry": { "type": "Point", "coordinates": [ -70.70159352, -33.44675062 ] } },
{ "type": "Feature", "properties": { "AGNO": 2021.0, "ID_ESTAB": 10106.0, "ORIGEN": 1.0, "NOM_ESTAB": "LICEO BICENTENARIO POETA PABLO NERUDA", "COD_REG_ES": 13.0, "COD_PRO_ES": 131.0, "COD_COM_ES": 13117.0, "NOM_COM_ES": "LO PRADO", "COD_DEPROV": 134.0, "NOM_DEPROV": "SANTIAGO PONIENTE", "DEPENDENCI": 6.0, "RURAL_ESTA": 0.0, "ESTADO_EST": 1.0, "SC_MEN_SI": 0.0, "SC_MEN_H": 0.0, "SC_MEN_M": 0.0, "SC_MAY_H": 0.0, "SC_MAY_M": 0.0, "MED_MEN_SI": 0.0, "MED_MEN_H": 0.0, "MED_MEN_M": 0.0, "MED_MAY_SI": 0.0, "MED_MAY_H": 0.0, "MED_MAY_M": 0.0, "NT1_SI": 0.0, "NT1_H": 22.0, "NT1_M": 20.0, "NT2_SI": 0.0, "NT2_H": 29.0, "NT2_M": 26.0, "N_TOTAL": 97.0, "DIRECCION": "OBISPO RODRIGUEZ", "NUMERO": 5935.0, "REFERENCIA": null, "LATITUD": -33.455139, "LONGITUD": -70.714923 }, "geometry": { "type": "Point", "coordinates": [ -70.71492292, -33.45513941 ] } },
{ "type": "Feature", "properties": { "AGNO": 2021.0, "ID_ESTAB": 10114.0, "ORIGEN": 1.0, "NOM_ESTAB": "ESCUELA BASICA N°389 REPUBLICA DE ESTADOS UNIDOS", "COD_REG_ES": 13.0, "COD_PRO_ES": 131.0, "COD_COM_ES": 13117.0, "NOM_COM_ES": "LO PRADO", "COD_DEPROV": 134.0, "NOM_DEPROV": "SANTIAGO PONIENTE", "DEPENDENCI": 6.0, "RURAL_ESTA": 0.0, "ESTADO_EST": 1.0, "SC_MEN_SI": 0.0, "SC_MEN_H": 0.0, "SC_MEN_M": 0.0, "SC_MAY_H": 0.0, "SC_MAY_M": 0.0, "MED_MEN_SI": 0.0, "MED_MEN_H": 0.0, "MED_MEN_M": 0.0, "MED_MAY_SI": 0.0, "MED_MAY_H": 0.0, "MED_MAY_M": 0.0, "NT1_SI": 0.0, "NT1_H": 7.0, "NT1_M": 8.0, "NT2_SI": 0.0, "NT2_H": 15.0, "NT2_M": 10.0, "N_TOTAL": 40.0, "DIRECCION": "SCALA", "NUMERO": 751.0, "REFERENCIA": null, "LATITUD": -33.444728, "LONGITUD": -70.71439 }, "geometry": { "type": "Point", "coordinates": [ -70.71438986, -33.44472809 ] } },
{ "type": "Feature", "properties": { "AGNO": 2021.0, "ID_ESTAB": 10119.0, "ORIGEN": 1.0, "NOM_ESTAB": "ESCUELA POETA VICENTE HUIDOBRO", "COD_REG_ES": 13.0, "COD_PRO_ES": 131.0, "COD_COM_ES": 13117.0, "NOM_COM_ES": "LO PRADO", "COD_DEPROV": 134.0, "NOM_DEPROV": "SANTIAGO PONIENTE", "DEPENDENCI": 6.0, "RURAL_ESTA": 0.0, "ESTADO_EST": 1.0, "SC_MEN_SI": 0.0, "SC_MEN_H": 0.0, "SC_MEN_M": 0.0, "SC_MAY_H": 0.0, "SC_MAY_M": 0.0, "MED_MEN_SI": 0.0, "MED_MEN_H": 0.0, "MED_MEN_M": 0.0, "MED_MAY_SI": 0.0, "MED_MAY_H": 0.0, "MED_MAY_M": 0.0, "NT1_SI": 0.0, "NT1_H": 5.0, "NT1_M": 9.0, "NT2_SI": 0.0, "NT2_H": 14.0, "NT2_M": 11.0, "N_TOTAL": 39.0, "DIRECCION": "MILTON ROSSEL", "NUMERO": 7191.0, "REFERENCIA": "CRUCE ENTRE GENERAL BONILLA Y TENIENTE CRUZ HACIA EL NORESTE.", "LATITUD": -33.451283, "LONGITUD": -70.735587 }, "geometry": { "type": "Point", "coordinates": [ -70.73558746, -33.45128328 ] } },
{ "type": "Feature", "properties": { "AGNO": 2021.0, "ID_ESTAB": 10127.0, "ORIGEN": 1.0, "NOM_ESTAB": "ESC.DE EDUCACION DIFERENCIAL QUILLAHUE", "COD_REG_ES": 13.0, "COD_PRO_ES": 131.0, "COD_COM_ES": 13117.0, "NOM_COM_ES": "LO PRADO", "COD_DEPROV": 134.0, "NOM_DEPROV": "SANTIAGO PONIENTE", "DEPENDENCI": 6.0, "RURAL_ESTA": 0.0, "ESTADO_EST": 1.0, "SC_MEN_SI": 0.0, "SC_MEN_H": 0.0, "SC_MEN_M": 0.0, "SC_MAY_H": 0.0, "SC_MAY_M": 0.0, "MED_MEN_SI": 0.0, "MED_MEN_H": 0.0, "MED_MEN_M": 0.0, "MED_MAY_SI": 0.0, "MED_MAY_H": 0.0, "MED_MAY_M": 0.0, "NT1_SI": 0.0, "NT1_H": 3.0, "NT1_M": 1.0, "NT2_SI": 0.0, "NT2_H": 9.0, "NT2_M": 2.0, "N_TOTAL": 15.0, "DIRECCION": "GENERAL BUENDIA", "NUMERO": 350.0, "REFERENCIA": "METRO NEPTUNO, DOS CUADRAS HACIA EL PONIENTE,", "LATITUD": -33.449547, "LONGITUD": -70.7274 }, "geometry": { "type": "Point", "coordinates": [ -70.7274, -33.449547 ] } },
{ "type": "Feature", "properties": { "AGNO": 2021.0, "ID_ESTAB": 10140.0, "ORIGEN": 1.0, "NOM_ESTAB": "ESCUELA PARTICULAR FRINGS COLLEGE", "COD_REG_ES": 13.0, "COD_PRO_ES": 131.0, "COD_COM_ES": 13117.0, "NOM_COM_ES": "LO PRADO", "COD_DEPROV": 134.0, "NOM_DEPROV": "SANTIAGO PONIENTE", "DEPENDENCI": 2.0, "RURAL_ESTA": 0.0, "ESTADO_EST": 1.0, "SC_MEN_SI": 0.0, "SC_MEN_H": 0.0, "SC_MEN_M": 0.0, "SC_MAY_H": 0.0, "SC_MAY_M": 0.0, "MED_MEN_SI": 0.0, "MED_MEN_H": 0.0, "MED_MEN_M": 0.0, "MED_MAY_SI": 0.0, "MED_MAY_H": 0.0, "MED_MAY_M": 0.0, "NT1_SI": 0.0, "NT1_H": 18.0, "NT1_M": 14.0, "NT2_SI": 0.0, "NT2_H": 19.0, "NT2_M": 15.0, "N_TOTAL": 66.0, "DIRECCION": "SAGITARIO", "NUMERO": 5295.0, "REFERENCIA": ",ANEXO DAGOBERTO GODOY 5859 AV LAS REJAS NORTE A DOS CUADRAS DE LA AV.LIBERTADOR BERNARDO OHIGGINS O METRO LAS REJAS", "LATITUD": -33.453815, "LONGITUD": -70.707634 }, "geometry": { "type": "Point", "coordinates": [ -70.70763408, -33.45381458 ] } },
{ "type": "Feature", "properties": { "AGNO": 2021.0, "ID_ESTAB": 10142.0, "ORIGEN": 1.0, "NOM_ESTAB": "ESCUELA BASICA PARTICULAR N°811 DRA.VICTORIA GARCIA", "COD_REG_ES": 13.0, "COD_PRO_ES": 131.0, "COD_COM_ES": 13117.0, "NOM_COM_ES": "LO PRADO", "COD_DEPROV": 134.0, "NOM_DEPROV": "SANTIAGO PONIENTE", "DEPENDENCI": 2.0, "RURAL_ESTA": 0.0, "ESTADO_EST": 1.0, "SC_MEN_SI": 0.0, "SC_MEN_H": 0.0, "SC_MEN_M": 0.0, "SC_MAY_H": 0.0, "SC_MAY_M": 0.0, "MED_MEN_SI": 0.0, "MED_MEN_H": 0.0, "MED_MEN_M": 0.0, "MED_MAY_SI": 0.0, "MED_MAY_H": 0.0, "MED_MAY_M": 0.0, "NT1_SI": 0.0, "NT1_H": 3.0, "NT1_M": 6.0, "NT2_SI": 0.0, "NT2_H": 12.0, "NT2_M": 11.0, "N_TOTAL": 32.0, "DIRECCION": "YALE", "NUMERO": 6702.0, "REFERENCIA": "VILLA PRESIDENTE KENNEDY", "LATITUD": -33.451078, "LONGITUD": -70.730177 }, "geometry": { "type": "Point", "coordinates": [ -70.7301775, -33.45107809 ] } },
{ "type": "Feature", "properties": { "AGNO": 2021.0, "ID_ESTAB": 10160.0, "ORIGEN": 1.0, "NOM_ESTAB": "ESCUELA BAS. COLEGIO BAU", "COD_REG_ES": 13.0, "COD_PRO_ES": 131.0, "COD_COM_ES": 13117.0, "NOM_COM_ES": "LO PRADO", "COD_DEPROV": 134.0, "NOM_DEPROV": "SANTIAGO PONIENTE", "DEPENDENCI": 2.0, "RURAL_ESTA": 0.0, "ESTADO_EST": 1.0, "SC_MEN_SI": 0.0, "SC_MEN_H": 0.0, "SC_MEN_M": 0.0, "SC_MAY_H": 0.0, "SC_MAY_M": 0.0, "MED_MEN_SI": 0.0, "MED_MEN_H": 0.0, "MED_MEN_M": 0.0, "MED_MAY_SI": 0.0, "MED_MAY_H": 0.0, "MED_MAY_M": 0.0, "NT1_SI": 0.0, "NT1_H": 39.0, "NT1_M": 51.0, "NT2_SI": 0.0, "NT2_H": 54.0, "NT2_M": 52.0, "N_TOTAL": 196.0, "DIRECCION": "AVENIDA LAS TORRES", "NUMERO": 365.0, "REFERENCIA": "POR AV. LAS TORRES, ENTRE AV. SAN PABLO Y AV. GRAL. BONILLA", "LATITUD": -33.449434, "LONGITUD": -70.730729 }, "geometry": { "type": "Point", "coordinates": [ -70.73072933, -33.44943378 ] } },
{ "type": "Feature", "properties": { "AGNO": 2021.0, "ID_ESTAB": 10162.0, "ORIGEN": 1.0, "NOM_ESTAB": "LICEO TENIENTE DAGOBERTO GODOY NO.3", "COD_REG_ES": 13.0, "COD_PRO_ES": 131.0, "COD_COM_ES": 13117.0, "NOM_COM_ES": "LO PRADO", "COD_DEPROV": 134.0, "NOM_DEPROV": "SANTIAGO PONIENTE", "DEPENDENCI": 2.0, "RURAL_ESTA": 0.0, "ESTADO_EST": 1.0, "SC_MEN_SI": 0.0, "SC_MEN_H": 0.0, "SC_MEN_M": 0.0, "SC_MAY_H": 0.0, "SC_MAY_M": 0.0, "MED_MEN_SI": 0.0, "MED_MEN_H": 0.0, "MED_MEN_M": 0.0, "MED_MAY_SI": 0.0, "MED_MAY_H": 0.0, "MED_MAY_M": 0.0, "NT1_SI": 0.0, "NT1_H": 38.0, "NT1_M": 32.0, "NT2_SI": 0.0, "NT2_H": 44.0, "NT2_M": 40.0, "N_TOTAL": 154.0, "DIRECCION": "ISLA DECEPCION", "NUMERO": 232.0, "REFERENCIA": "ISLA DECEPCION 232 ESQUINA AVDA. DORSAL.", "LATITUD": -33.451091, "LONGITUD": -70.713884 }, "geometry": { "type": "Point", "coordinates": [ -70.71388424, -33.45109149 ] } },
{ "type": "Feature", "properties": { "AGNO": 2021.0, "ID_ESTAB": 10171.0, "ORIGEN": 1.0, "NOM_ESTAB": "ESCUELA PARTICULAR VILLA LOURDES", "COD_REG_ES": 13.0, "COD_PRO_ES": 131.0, "COD_COM_ES": 13117.0, "NOM_COM_ES": "LO PRADO", "COD_DEPROV": 134.0, "NOM_DEPROV": "SANTIAGO PONIENTE", "DEPENDENCI": 2.0, "RURAL_ESTA": 0.0, "ESTADO_EST": 1.0, "SC_MEN_SI": 0.0, "SC_MEN_H": 0.0, "SC_MEN_M": 0.0, "SC_MAY_H": 0.0, "SC_MAY_M": 0.0, "MED_MEN_SI": 0.0, "MED_MEN_H": 0.0, "MED_MEN_M": 0.0, "MED_MAY_SI": 0.0, "MED_MAY_H": 0.0, "MED_MAY_M": 0.0, "NT1_SI": 0.0, "NT1_H": 24.0, "NT1_M": 29.0, "NT2_SI": 0.0, "NT2_H": 28.0, "NT2_M": 42.0, "N_TOTAL": 123.0, "DIRECCION": "MILTON ROSSEL", "NUMERO": 7243.0, "REFERENCIA": "VILLA PRESIDENTE KENNEDY", "LATITUD": -33.4523, "LONGITUD": -70.73445 }, "geometry": { "type": "Point", "coordinates": [ -70.73445, -33.4523 ] } },
{ "type": "Feature", "properties": { "AGNO": 2021.0, "ID_ESTAB": 11835.0, "ORIGEN": 1.0, "NOM_ESTAB": "ESCUELA PARTICULAR ROYAL SCHOOL", "COD_REG_ES": 13.0, "COD_PRO_ES": 131.0, "COD_COM_ES": 13117.0, "NOM_COM_ES": "LO PRADO", "COD_DEPROV": 134.0, "NOM_DEPROV": "SANTIAGO PONIENTE", "DEPENDENCI": 2.0, "RURAL_ESTA": 0.0, "ESTADO_EST": 1.0, "SC_MEN_SI": 0.0, "SC_MEN_H": 0.0, "SC_MEN_M": 0.0, "SC_MAY_H": 0.0, "SC_MAY_M": 0.0, "MED_MEN_SI": 0.0, "MED_MEN_H": 0.0, "MED_MEN_M": 0.0, "MED_MAY_SI": 0.0, "MED_MAY_H": 0.0, "MED_MAY_M": 0.0, "NT1_SI": 0.0, "NT1_H": 10.0, "NT1_M": 20.0, "NT2_SI": 0.0, "NT2_H": 25.0, "NT2_M": 20.0, "N_TOTAL": 75.0, "DIRECCION": "MINISTRO GANA", "NUMERO": 40.0, "REFERENCIA": "METRO ESTACIÓN PAJARITOS", "LATITUD": -33.455585, "LONGITUD": -70.718836 }, "geometry": { "type": "Point", "coordinates": [ -70.71883599, -33.4555853 ] } },
{ "type": "Feature", "properties": { "AGNO": 2021.0, "ID_ESTAB": 11862.0, "ORIGEN": 1.0, "NOM_ESTAB": "ESCUELA DE PARVULOS TRIBILIN", "COD_REG_ES": 13.0, "COD_PRO_ES": 131.0, "COD_COM_ES": 13106.0, "NOM_COM_ES": "ESTACIÓN CENTRAL", "COD_DEPROV": 134.0, "NOM_DEPROV": "SANTIAGO PONIENTE", "DEPENDENCI": 2.0, "RURAL_ESTA": 0.0, "ESTADO_EST": 1.0, "SC_MEN_SI": 0.0, "SC_MEN_H": 0.0, "SC_MEN_M": 0.0, "SC_MAY_H": 0.0, "SC_MAY_M": 0.0, "MED_MEN_SI": 0.0, "MED_MEN_H": 0.0, "MED_MEN_M": 0.0, "MED_MAY_SI": 0.0, "MED_MAY_H": 0.0, "MED_MAY_M": 0.0, "NT1_SI": 0.0, "NT1_H": 9.0, "NT1_M": 19.0, "NT2_SI": 0.0, "NT2_H": 10.0, "NT2_M": 19.0, "N_TOTAL": 57.0, "DIRECCION": "PADRE JAIME LARRAIN", "NUMERO": 630.0, "REFERENCIA": "(EX-LUIS INFANTE CERDA) POR 5 DE ABRIL, ENTRE GENERAL VELAZQUEZ Y LAS REJAS", "LATITUD": -33.468674, "LONGITUD": -70.698074 }, "geometry": { "type": "Point", "coordinates": [ -70.698074, -33.468674 ] } },
{ "type": "Feature", "properties": { "AGNO": 2021.0, "ID_ESTAB": 12083.0, "ORIGEN": 1.0, "NOM_ESTAB": "COLEGIO LO ERRAZURIZ", "COD_REG_ES": 13.0, "COD_PRO_ES": 131.0, "COD_COM_ES": 13119.0, "NOM_COM_ES": "MAIPÚ", "COD_DEPROV": 134.0, "NOM_DEPROV": "SANTIAGO PONIENTE", "DEPENDENCI": 2.0, "RURAL_ESTA": 0.0, "ESTADO_EST": 1.0, "SC_MEN_SI": 0.0, "SC_MEN_H": 0.0, "SC_MEN_M": 0.0, "SC_MAY_H": 0.0, "SC_MAY_M": 0.0, "MED_MEN_SI": 0.0, "MED_MEN_H": 0.0, "MED_MEN_M": 0.0, "MED_MAY_SI": 0.0, "MED_MAY_H": 0.0, "MED_MAY_M": 0.0, "NT1_SI": 0.0, "NT1_H": 23.0, "NT1_M": 16.0, "NT2_SI": 0.0, "NT2_H": 32.0, "NT2_M": 44.0, "N_TOTAL": 115.0, "DIRECCION": "PASAJE KANT", "NUMERO": 4130.0, "REFERENCIA": "SIMON BOLIVAR CON GHANDI", "LATITUD": -33.474489, "LONGITUD": -70.727532 }, "geometry": { "type": "Point", "coordinates": [ -70.72753202, -33.47448905 ] } },
{ "type": "Feature", "properties": { "AGNO": 2021.0, "ID_ESTAB": 12130.0, "ORIGEN": 1.0, "NOM_ESTAB": "ESCUELA MARIA TERESA SCHOOL NUM 2", "COD_REG_ES": 13.0, "COD_PRO_ES": 131.0, "COD_COM_ES": 13101.0, "NOM_COM_ES": "SANTIAGO", "COD_DEPROV": 131.0, "NOM_DEPROV": "SANTIAGO CENTRO", "DEPENDENCI": 2.0, "RURAL_ESTA": 0.0, "ESTADO_EST": 1.0, "SC_MEN_SI": 0.0, "SC_MEN_H": 0.0, "SC_MEN_M": 0.0, "SC_MAY_H": 0.0, "SC_MAY_M": 0.0, "MED_MEN_SI": 0.0, "MED_MEN_H": 0.0, "MED_MEN_M": 0.0, "MED_MAY_SI": 0.0, "MED_MAY_H": 0.0, "MED_MAY_M": 0.0, "NT1_SI": 0.0, "NT1_H": 11.0, "NT1_M": 19.0, "NT2_SI": 0.0, "NT2_H": 16.0, "NT2_M": 12.0, "N_TOTAL": 58.0, "DIRECCION": "BASCUÑAN GUERRERO", "NUMERO": 1351.0, "REFERENCIA": "COSTADO OESTE DE CLUB HIPICO", "LATITUD": -33.46665, "LONGITUD": -70.672398 }, "geometry": { "type": "Point", "coordinates": [ -70.67239811, -33.46664959 ] } },
{ "type": "Feature", "properties": { "AGNO": 2021.0, "ID_ESTAB": 16826.0, "ORIGEN": 1.0, "NOM_ESTAB": "ESCUELA ESPECIAL N°2435 AITUE", "COD_REG_ES": 13.0, "COD_PRO_ES": 131.0, "COD_COM_ES": 13106.0, "NOM_COM_ES": "ESTACIÓN CENTRAL", "COD_DEPROV": 134.0, "NOM_DEPROV": "SANTIAGO PONIENTE", "DEPENDENCI": 2.0, "RURAL_ESTA": 0.0, "ESTADO_EST": 1.0, "SC_MEN_SI": 0.0, "SC_MEN_H": 0.0, "SC_MEN_M": 0.0, "SC_MAY_H": 0.0, "SC_MAY_M": 0.0, "MED_MEN_SI": 0.0, "MED_MEN_H": 0.0, "MED_MEN_M": 0.0, "MED_MAY_SI": 0.0, "MED_MAY_H": 15.0, "MED_MAY_M": 15.0, "NT1_SI": 0.0, "NT1_H": 17.0, "NT1_M": 13.0, "NT2_SI": 0.0, "NT2_H": 22.0, "NT2_M": 8.0, "N_TOTAL": 90.0, "DIRECCION": "TORO MAZOTTE", "NUMERO": 1888.0, "REFERENCIA": "CALLE TORO MAZOTTE 1888 CON CALLE MANUEL RODRIGUEZ  METRO METRO PADRE HURTADO", "LATITUD": -33.472556, "LONGITUD": -70.690403 }, "geometry": { "type": "Point", "coordinates": [ -70.690403, -33.47255599 ] } },
{ "type": "Feature", "properties": { "AGNO": 2021.0, "ID_ESTAB": 16972.0, "ORIGEN": 1.0, "NOM_ESTAB": "ESCUELA ESPECIAL CREA Nº2455", "COD_REG_ES": 13.0, "COD_PRO_ES": 131.0, "COD_COM_ES": 13106.0, "NOM_COM_ES": "ESTACIÓN CENTRAL", "COD_DEPROV": 134.0, "NOM_DEPROV": "SANTIAGO PONIENTE", "DEPENDENCI": 2.0, "RURAL_ESTA": 0.0, "ESTADO_EST": 1.0, "SC_MEN_SI": 0.0, "SC_MEN_H": 0.0, "SC_MEN_M": 0.0, "SC_MAY_H": 0.0, "SC_MAY_M": 0.0, "MED_MEN_SI": 0.0, "MED_MEN_H": 0.0, "MED_MEN_M": 0.0, "MED_MAY_SI": 0.0, "MED_MAY_H": 30.0, "MED_MAY_M": 29.0, "NT1_SI": 0.0, "NT1_H": 36.0, "NT1_M": 24.0, "NT2_SI": 0.0, "NT2_H": 29.0, "NT2_M": 16.0, "N_TOTAL": 164.0, "DIRECCION": "SANTA PETRONILA", "NUMERO": 51.0, "REFERENCIA": null, "LATITUD": -33.45308, "LONGITUD": -70.70455 }, "geometry": { "type": "Point", "coordinates": [ -70.70455, -33.45308 ] } },
{ "type": "Feature", "properties": { "AGNO": 2021.0, "ID_ESTAB": 20318.0, "ORIGEN": 1.0, "NOM_ESTAB": "ESCUELA DE PARVULOS N° 2461 `NOVA AURORA`", "COD_REG_ES": 13.0, "COD_PRO_ES": 131.0, "COD_COM_ES": 13119.0, "NOM_COM_ES": "MAIPÚ", "COD_DEPROV": 134.0, "NOM_DEPROV": "SANTIAGO PONIENTE", "DEPENDENCI": 2.0, "RURAL_ESTA": 0.0, "ESTADO_EST": 1.0, "SC_MEN_SI": 0.0, "SC_MEN_H": 0.0, "SC_MEN_M": 0.0, "SC_MAY_H": 0.0, "SC_MAY_M": 0.0, "MED_MEN_SI": 0.0, "MED_MEN_H": 0.0, "MED_MEN_M": 0.0, "MED_MAY_SI": 0.0, "MED_MAY_H": 0.0, "MED_MAY_M": 0.0, "NT1_SI": 0.0, "NT1_H": 6.0, "NT1_M": 19.0, "NT2_SI": 0.0, "NT2_H": 20.0, "NT2_M": 18.0, "N_TOTAL": 63.0, "DIRECCION": "LAS PARCELAS", "NUMERO": 3650.0, "REFERENCIA": "PARADERO 71/2 PAJARITOS, LAS PARCELAS AL LLEGAR A LAS TORRES", "LATITUD": -33.47522, "LONGITUD": -70.73293 }, "geometry": { "type": "Point", "coordinates": [ -70.73293, -33.47522 ] } },
{ "type": "Feature", "properties": { "AGNO": 2021.0, "ID_ESTAB": 24685.0, "ORIGEN": 1.0, "NOM_ESTAB": "COLEGIO PIAMARTA", "COD_REG_ES": 13.0, "COD_PRO_ES": 131.0, "COD_COM_ES": 13106.0, "NOM_COM_ES": "ESTACIÓN CENTRAL", "COD_DEPROV": 134.0, "NOM_DEPROV": "SANTIAGO PONIENTE", "DEPENDENCI": 2.0, "RURAL_ESTA": 0.0, "ESTADO_EST": 1.0, "SC_MEN_SI": 0.0, "SC_MEN_H": 0.0, "SC_MEN_M": 0.0, "SC_MAY_H": 0.0, "SC_MAY_M": 0.0, "MED_MEN_SI": 0.0, "MED_MEN_H": 0.0, "MED_MEN_M": 0.0, "MED_MAY_SI": 0.0, "MED_MAY_H": 0.0, "MED_MAY_M": 0.0, "NT1_SI": 0.0, "NT1_H": 47.0, "NT1_M": 58.0, "NT2_SI": 0.0, "NT2_H": 66.0, "NT2_M": 66.0, "N_TOTAL": 237.0, "DIRECCION": "SANTA CORINA", "NUMERO": 660.0, "REFERENCIA": "ENTRAR POR AVDA.PAJARITOS PARADERO 7 HACIA CAMINO LO ERRÁZURIZ", "LATITUD": -33.471707, "LONGITUD": -70.725516 }, "geometry": { "type": "Point", "coordinates": [ -70.72551617, -33.47170655 ] } },
{ "type": "Feature", "properties": { "AGNO": 2021.0, "ID_ESTAB": 24730.0, "ORIGEN": 1.0, "NOM_ESTAB": "COLEGIO ADVENTISTA SANTIAGO PONIENTE", "COD_REG_ES": 13.0, "COD_PRO_ES": 131.0, "COD_COM_ES": 13117.0, "NOM_COM_ES": "LO PRADO", "COD_DEPROV": 134.0, "NOM_DEPROV": "SANTIAGO PONIENTE", "DEPENDENCI": 2.0, "RURAL_ESTA": 0.0, "ESTADO_EST": 1.0, "SC_MEN_SI": 0.0, "SC_MEN_H": 0.0, "SC_MEN_M": 0.0, "SC_MAY_H": 0.0, "SC_MAY_M": 0.0, "MED_MEN_SI": 0.0, "MED_MEN_H": 0.0, "MED_MEN_M": 0.0, "MED_MAY_SI": 0.0, "MED_MAY_H": 0.0, "MED_MAY_M": 0.0, "NT1_SI": 0.0, "NT1_H": 19.0, "NT1_M": 16.0, "NT2_SI": 0.0, "NT2_H": 14.0, "NT2_M": 22.0, "N_TOTAL": 71.0, "DIRECCION": "PEDRO DE CORDOVA", "NUMERO": 5817.0, "REFERENCIA": "METRO ESTACIÓN LAS REJAS, HACIA EL NOR-PONIENTE, CERCANA A DORSAL", "LATITUD": -33.45175, "LONGITUD": -70.71093 }, "geometry": { "type": "Point", "coordinates": [ -70.71092969, -33.45175033 ] } },
{ "type": "Feature", "properties": { "AGNO": 2021.0, "ID_ESTAB": 24966.0, "ORIGEN": 1.0, "NOM_ESTAB": "COLEGIO SAN FELIPE", "COD_REG_ES": 13.0, "COD_PRO_ES": 131.0, "COD_COM_ES": 13124.0, "NOM_COM_ES": "PUDAHUEL", "COD_DEPROV": 134.0, "NOM_DEPROV": "SANTIAGO PONIENTE", "DEPENDENCI": 2.0, "RURAL_ESTA": 0.0, "ESTADO_EST": 1.0, "SC_MEN_SI": 0.0, "SC_MEN_H": 0.0, "SC_MEN_M": 0.0, "SC_MAY_H": 0.0, "SC_MAY_M": 0.0, "MED_MEN_SI": 0.0, "MED_MEN_H": 0.0, "MED_MEN_M": 0.0, "MED_MAY_SI": 0.0, "MED_MAY_H": 0.0, "MED_MAY_M": 0.0, "NT1_SI": 0.0, "NT1_H": 0.0, "NT1_M": 0.0, "NT2_SI": 0.0, "NT2_H": 18.0, "NT2_M": 11.0, "N_TOTAL": 29.0, "DIRECCION": "AVENIDA LAGUNA SUR", "NUMERO": 7241.0, "REFERENCIA": "FRENTE A ESTACIÓN METRO LAGUNA SUR.", "LATITUD": -33.462598, "LONGITUD": -70.737549 }, "geometry": { "type": "Point", "coordinates": [ -70.7375492, -33.4625976 ] } },
{ "type": "Feature", "properties": { "AGNO": 2021.0, "ID_ESTAB": 25001.0, "ORIGEN": 1.0, "NOM_ESTAB": "COLEGIO GREENLAND SCHOOL", "COD_REG_ES": 13.0, "COD_PRO_ES": 131.0, "COD_COM_ES": 13106.0, "NOM_COM_ES": "ESTACIÓN CENTRAL", "COD_DEPROV": 134.0, "NOM_DEPROV": "SANTIAGO PONIENTE", "DEPENDENCI": 3.0, "RURAL_ESTA": 0.0, "ESTADO_EST": 1.0, "SC_MEN_SI": 0.0, "SC_MEN_H": 0.0, "SC_MEN_M": 0.0, "SC_MAY_H": 0.0, "SC_MAY_M": 0.0, "MED_MEN_SI": 0.0, "MED_MEN_H": 0.0, "MED_MEN_M": 0.0, "MED_MAY_SI": 0.0, "MED_MAY_H": 13.0, "MED_MAY_M": 9.0, "NT1_SI": 0.0, "NT1_H": 41.0, "NT1_M": 48.0, "NT2_SI": 0.0, "NT2_H": 72.0, "NT2_M": 78.0, "N_TOTAL": 261.0, "DIRECCION": "AVENIDA OCEANICA", "NUMERO": 6300.0, "REFERENCIA": "PARADERO 4 DE PAJARITOS", "LATITUD": -33.457625, "LONGITUD": -70.72278 }, "geometry": { "type": "Point", "coordinates": [ -70.72278, -33.457625 ] } },
{ "type": "Feature", "properties": { "AGNO": 2021.0, "ID_ESTAB": 25173.0, "ORIGEN": 1.0, "NOM_ESTAB": "ESC. BASICA MUNICIPAL RISOPATRON", "COD_REG_ES": 13.0, "COD_PRO_ES": 131.0, "COD_COM_ES": 13121.0, "NOM_COM_ES": "PEDRO AGUIRRE CERDA", "COD_DEPROV": 131.0, "NOM_DEPROV": "SANTIAGO CENTRO", "DEPENDENCI": 1.0, "RURAL_ESTA": 0.0, "ESTADO_EST": 1.0, "SC_MEN_SI": 0.0, "SC_MEN_H": 0.0, "SC_MEN_M": 0.0, "SC_MAY_H": 0.0, "SC_MAY_M": 0.0, "MED_MEN_SI": 0.0, "MED_MEN_H": 0.0, "MED_MEN_M": 0.0, "MED_MAY_SI": 0.0, "MED_MAY_H": 0.0, "MED_MAY_M": 0.0, "NT1_SI": 0.0, "NT1_H": 6.0, "NT1_M": 13.0, "NT2_SI": 0.0, "NT2_H": 11.0, "NT2_M": 8.0, "N_TOTAL": 38.0, "DIRECCION": "PASAJE F", "NUMERO": 4491.0, "REFERENCIA": "AVENIDA CENTRAL A LA ALTURA DEL 4.200", "LATITUD": -33.490519, "LONGITUD": -70.688382 }, "geometry": { "type": "Point", "coordinates": [ -70.68838224, -33.49051853 ] } },
{ "type": "Feature", "properties": { "AGNO": 2021.0, "ID_ESTAB": 25208.0, "ORIGEN": 1.0, "NOM_ESTAB": "ESC. ESP. NTRA SRA. DEL BUEN CONSEJO", "COD_REG_ES": 13.0, "COD_PRO_ES": 131.0, "COD_COM_ES": 13124.0, "NOM_COM_ES": "PUDAHUEL", "COD_DEPROV": 134.0, "NOM_DEPROV": "SANTIAGO PONIENTE", "DEPENDENCI": 2.0, "RURAL_ESTA": 0.0, "ESTADO_EST": 1.0, "SC_MEN_SI": 0.0, "SC_MEN_H": 0.0, "SC_MEN_M": 0.0, "SC_MAY_H": 0.0, "SC_MAY_M": 0.0, "MED_MEN_SI": 0.0, "MED_MEN_H": 0.0, "MED_MEN_M": 0.0, "MED_MAY_SI": 0.0, "MED_MAY_H": 29.0, "MED_MAY_M": 13.0, "NT1_SI": 0.0, "NT1_H": 22.0, "NT1_M": 22.0, "NT2_SI": 0.0, "NT2_H": 18.0, "NT2_M": 12.0, "N_TOTAL": 116.0, "DIRECCION": "LAGO CROCHANE", "NUMERO": 7111.0, "REFERENCIA": "PARADERO 7 1/2 DE PAJARITOS, ENTRE LAGO GENERAL CARRERA Y TENIENTE CRUZ", "LATITUD": -33.464355, "LONGITUD": -70.73456 }, "geometry": { "type": "Point", "coordinates": [ -70.73456, -33.46435499 ] } },
{ "type": "Feature", "properties": { "AGNO": 2021.0, "ID_ESTAB": 25269.0, "ORIGEN": 1.0, "NOM_ESTAB": "COLEGIO NUEVO DIEGO DE ALMAGRO", "COD_REG_ES": 13.0, "COD_PRO_ES": 131.0, "COD_COM_ES": 13101.0, "NOM_COM_ES": "SANTIAGO", "COD_DEPROV": 131.0, "NOM_DEPROV": "SANTIAGO CENTRO", "DEPENDENCI": 2.0, "RURAL_ESTA": 0.0, "ESTADO_EST": 1.0, "SC_MEN_SI": 0.0, "SC_MEN_H": 0.0, "SC_MEN_M": 0.0, "SC_MAY_H": 0.0, "SC_MAY_M": 0.0, "MED_MEN_SI": 0.0, "MED_MEN_H": 0.0, "MED_MEN_M": 0.0, "MED_MAY_SI": 0.0, "MED_MAY_H": 0.0, "MED_MAY_M": 0.0, "NT1_SI": 0.0, "NT1_H": 18.0, "NT1_M": 12.0, "NT2_SI": 0.0, "NT2_H": 14.0, "NT2_M": 16.0, "N_TOTAL": 60.0, "DIRECCION": "SOTOMAYOR", "NUMERO": 552.0, "REFERENCIA": "ENTRE CALLE CATEDRAL Y SANTO DOMINGO BARRIO YUNGAY.", "LATITUD": -33.438619, "LONGITUD": -70.67364 }, "geometry": { "type": "Point", "coordinates": [ -70.67364004, -33.43861917 ] } },
{ "type": "Feature", "properties": { "AGNO": 2021.0, "ID_ESTAB": 25294.0, "ORIGEN": 1.0, "NOM_ESTAB": "ESCUELA ESPEC.PART. SANTA TERESA DE JESUS", "COD_REG_ES": 13.0, "COD_PRO_ES": 131.0, "COD_COM_ES": 13124.0, "NOM_COM_ES": "PUDAHUEL", "COD_DEPROV": 134.0, "NOM_DEPROV": "SANTIAGO PONIENTE", "DEPENDENCI": 2.0, "RURAL_ESTA": 0.0, "ESTADO_EST": 1.0, "SC_MEN_SI": 0.0, "SC_MEN_H": 0.0, "SC_MEN_M": 0.0, "SC_MAY_H": 0.0, "SC_MAY_M": 0.0, "MED_MEN_SI": 0.0, "MED_MEN_H": 0.0, "MED_MEN_M": 0.0, "MED_MAY_SI": 0.0, "MED_MAY_H": 6.0, "MED_MAY_M": 3.0, "NT1_SI": 0.0, "NT1_H": 9.0, "NT1_M": 1.0, "NT2_SI": 0.0, "NT2_H": 5.0, "NT2_M": 3.0, "N_TOTAL": 27.0, "DIRECCION": "QUIÑE", "NUMERO": 7348.0, "REFERENCIA": "TENIENTE CRUZ CON LA CALLE QUIÑE.", "LATITUD": -33.46345, "LONGITUD": -70.73866 }, "geometry": { "type": "Point", "coordinates": [ -70.73866, -33.46345 ] } },
{ "type": "Feature", "properties": { "AGNO": 2021.0, "ID_ESTAB": 25320.0, "ORIGEN": 1.0, "NOM_ESTAB": "ESCUELA ESPEC. VIRGEN DE LAS PENAS", "COD_REG_ES": 13.0, "COD_PRO_ES": 131.0, "COD_COM_ES": 13101.0, "NOM_COM_ES": "SANTIAGO", "COD_DEPROV": 131.0, "NOM_DEPROV": "SANTIAGO CENTRO", "DEPENDENCI": 2.0, "RURAL_ESTA": 0.0, "ESTADO_EST": 1.0, "SC_MEN_SI": 0.0, "SC_MEN_H": 0.0, "SC_MEN_M": 0.0, "SC_MAY_H": 0.0, "SC_MAY_M": 0.0, "MED_MEN_SI": 0.0, "MED_MEN_H": 0.0, "MED_MEN_M": 0.0, "MED_MAY_SI": 0.0, "MED_MAY_H": 7.0, "MED_MAY_M": 6.0, "NT1_SI": 0.0, "NT1_H": 4.0, "NT1_M": 6.0, "NT2_SI": 0.0, "NT2_H": 17.0, "NT2_M": 5.0, "N_TOTAL": 45.0, "DIRECCION": "BASCUNAN GUERRERO", "NUMERO": 2078.0, "REFERENCIA": "ENTRE RONDIZZONI E ISABEL RIQUELME", "LATITUD": -33.473824, "LONGITUD": -70.67109 }, "geometry": { "type": "Point", "coordinates": [ -70.67109, -33.473824 ] } },
{ "type": "Feature", "properties": { "AGNO": 2021.0, "ID_ESTAB": 25399.0, "ORIGEN": 1.0, "NOM_ESTAB": "ESCUELA ESPECIAL PART. TRIPANTU", "COD_REG_ES": 13.0, "COD_PRO_ES": 131.0, "COD_COM_ES": 13106.0, "NOM_COM_ES": "ESTACIÓN CENTRAL", "COD_DEPROV": 134.0, "NOM_DEPROV": "SANTIAGO PONIENTE", "DEPENDENCI": 2.0, "RURAL_ESTA": 0.0, "ESTADO_EST": 1.0, "SC_MEN_SI": 0.0, "SC_MEN_H": 0.0, "SC_MEN_M": 0.0, "SC_MAY_H": 0.0, "SC_MAY_M": 0.0, "MED_MEN_SI": 0.0, "MED_MEN_H": 0.0, "MED_MEN_M": 0.0, "MED_MAY_SI": 0.0, "MED_MAY_H": 21.0, "MED_MAY_M": 15.0, "NT1_SI": 0.0, "NT1_H": 26.0, "NT1_M": 23.0, "NT2_SI": 0.0, "NT2_H": 26.0, "NT2_M": 12.0, "N_TOTAL": 123.0, "DIRECCION": "AVENIDA LAS PARCELAS", "NUMERO": 4450.0, "REFERENCIA": "ENTRE AVENIDA LAS PARCELAS ESQUINA AVDA. SANTA CORINA,A LA ALTURA DEL PARADERO 7 DE PAJARITOS HACIA EL SUR", "LATITUD": -33.470634, "LONGITUD": -70.72717 }, "geometry": { "type": "Point", "coordinates": [ -70.72717, -33.47063399 ] } },
{ "type": "Feature", "properties": { "AGNO": 2021.0, "ID_ESTAB": 25403.0, "ORIGEN": 1.0, "NOM_ESTAB": "ESC. ESPECIAL GULLIVER", "COD_REG_ES": 13.0, "COD_PRO_ES": 131.0, "COD_COM_ES": 13126.0, "NOM_COM_ES": "QUINTA NORMAL", "COD_DEPROV": 134.0, "NOM_DEPROV": "SANTIAGO PONIENTE", "DEPENDENCI": 2.0, "RURAL_ESTA": 0.0, "ESTADO_EST": 1.0, "SC_MEN_SI": 0.0, "SC_MEN_H": 0.0, "SC_MEN_M": 0.0, "SC_MAY_H": 0.0, "SC_MAY_M": 0.0, "MED_MEN_SI": 0.0, "MED_MEN_H": 0.0, "MED_MEN_M": 0.0, "MED_MAY_SI": 0.0, "MED_MAY_H": 24.0, "MED_MAY_M": 14.0, "NT1_SI": 0.0, "NT1_H": 33.0, "NT1_M": 26.0, "NT2_SI": 0.0, "NT2_H": 28.0, "NT2_M": 15.0, "N_TOTAL": 140.0, "DIRECCION": "NUEVA IMPERIAL", "NUMERO": 4656.0, "REFERENCIA": null, "LATITUD": -33.44538, "LONGITUD": -70.697266 }, "geometry": { "type": "Point", "coordinates": [ -70.697266, -33.44538 ] } },
{ "type": "Feature", "properties": { "AGNO": 2021.0, "ID_ESTAB": 25405.0, "ORIGEN": 1.0, "NOM_ESTAB": "ESCUELA ESPECIAL PART. TRAGALUZ", "COD_REG_ES": 13.0, "COD_PRO_ES": 131.0, "COD_COM_ES": 13106.0, "NOM_COM_ES": "ESTACIÓN CENTRAL", "COD_DEPROV": 134.0, "NOM_DEPROV": "SANTIAGO PONIENTE", "DEPENDENCI": 2.0, "RURAL_ESTA": 0.0, "ESTADO_EST": 1.0, "SC_MEN_SI": 0.0, "SC_MEN_H": 0.0, "SC_MEN_M": 0.0, "SC_MAY_H": 0.0, "SC_MAY_M": 0.0, "MED_MEN_SI": 0.0, "MED_MEN_H": 0.0, "MED_MEN_M": 0.0, "MED_MAY_SI": 0.0, "MED_MAY_H": 12.0, "MED_MAY_M": 14.0, "NT1_SI": 0.0, "NT1_H": 16.0, "NT1_M": 14.0, "NT2_SI": 0.0, "NT2_H": 15.0, "NT2_M": 9.0, "N_TOTAL": 80.0, "DIRECCION": "MAQUINISTA GENTOSO", "NUMERO": 1115.0, "REFERENCIA": "GENERAL VELASQUEZ A UN COSTADO DEL HOGAR DE CRISTO.", "LATITUD": -33.462997, "LONGITUD": -70.68645 }, "geometry": { "type": "Point", "coordinates": [ -70.68644999, -33.462997 ] } },
{ "type": "Feature", "properties": { "AGNO": 2021.0, "ID_ESTAB": 25433.0, "ORIGEN": 1.0, "NOM_ESTAB": "ESCUELA ESP. RUCAMALEN", "COD_REG_ES": 13.0, "COD_PRO_ES": 131.0, "COD_COM_ES": 13117.0, "NOM_COM_ES": "LO PRADO", "COD_DEPROV": 134.0, "NOM_DEPROV": "SANTIAGO PONIENTE", "DEPENDENCI": 2.0, "RURAL_ESTA": 0.0, "ESTADO_EST": 1.0, "SC_MEN_SI": 0.0, "SC_MEN_H": 0.0, "SC_MEN_M": 0.0, "SC_MAY_H": 0.0, "SC_MAY_M": 0.0, "MED_MEN_SI": 0.0, "MED_MEN_H": 0.0, "MED_MEN_M": 0.0, "MED_MAY_SI": 0.0, "MED_MAY_H": 15.0, "MED_MAY_M": 18.0, "NT1_SI": 0.0, "NT1_H": 12.0, "NT1_M": 11.0, "NT2_SI": 0.0, "NT2_H": 12.0, "NT2_M": 12.0, "N_TOTAL": 80.0, "DIRECCION": "AVENIDA PORTALES", "NUMERO": 6010.0, "REFERENCIA": "PARALELA A SAN PABLO A UNA CUADRA DEL METRO SAN PABLO. DE SAN PABLO HACIA EL SUR POR SAN GERMAN.", "LATITUD": -33.445263, "LONGITUD": -70.7138 }, "geometry": { "type": "Point", "coordinates": [ -70.7138, -33.44526299 ] } },
{ "type": "Feature", "properties": { "AGNO": 2021.0, "ID_ESTAB": 25446.0, "ORIGEN": 1.0, "NOM_ESTAB": "ESCUELA DE PARVULOS CASITA DEL SABER", "COD_REG_ES": 13.0, "COD_PRO_ES": 131.0, "COD_COM_ES": 13106.0, "NOM_COM_ES": "ESTACIÓN CENTRAL", "COD_DEPROV": 134.0, "NOM_DEPROV": "SANTIAGO PONIENTE", "DEPENDENCI": 2.0, "RURAL_ESTA": 0.0, "ESTADO_EST": 1.0, "SC_MEN_SI": 0.0, "SC_MEN_H": 0.0, "SC_MEN_M": 0.0, "SC_MAY_H": 0.0, "SC_MAY_M": 0.0, "MED_MEN_SI": 0.0, "MED_MEN_H": 0.0, "MED_MEN_M": 0.0, "MED_MAY_SI": 0.0, "MED_MAY_H": 0.0, "MED_MAY_M": 0.0, "NT1_SI": 0.0, "NT1_H": 8.0, "NT1_M": 4.0, "NT2_SI": 0.0, "NT2_H": 11.0, "NT2_M": 8.0, "N_TOTAL": 31.0, "DIRECCION": "GASPAR DE ORENSE", "NUMERO": 254.0, "REFERENCIA": "PARALELA A RADAL, ENTRE BUZO SOBENES Y PARAGUAY.", "LATITUD": -33.449417, "LONGITUD": -70.700325 }, "geometry": { "type": "Point", "coordinates": [ -70.700325, -33.44941699 ] } },
{ "type": "Feature", "properties": { "AGNO": 2021.0, "ID_ESTAB": 25508.0, "ORIGEN": 1.0, "NOM_ESTAB": "COLEGIO PART. GABRIELA MISTRAL SOCIEDAD EDUCA", "COD_REG_ES": 13.0, "COD_PRO_ES": 131.0, "COD_COM_ES": 13126.0, "NOM_COM_ES": "QUINTA NORMAL", "COD_DEPROV": 134.0, "NOM_DEPROV": "SANTIAGO PONIENTE", "DEPENDENCI": 2.0, "RURAL_ESTA": 0.0, "ESTADO_EST": 1.0, "SC_MEN_SI": 0.0, "SC_MEN_H": 0.0, "SC_MEN_M": 0.0, "SC_MAY_H": 0.0, "SC_MAY_M": 0.0, "MED_MEN_SI": 0.0, "MED_MEN_H": 0.0, "MED_MEN_M": 0.0, "MED_MAY_SI": 0.0, "MED_MAY_H": 0.0, "MED_MAY_M": 0.0, "NT1_SI": 0.0, "NT1_H": 27.0, "NT1_M": 30.0, "NT2_SI": 0.0, "NT2_H": 35.0, "NT2_M": 31.0, "N_TOTAL": 123.0, "DIRECCION": "SANTO DOMINGO", "NUMERO": 3671.0, "REFERENCIA": "MATUCANA CON SANTO DOMINGO, ENTRE EL INBA Y GRUTA LOURDES.", "LATITUD": -33.438642, "LONGITUD": -70.684421 }, "geometry": { "type": "Point", "coordinates": [ -70.68442128, -33.43864196 ] } },
{ "type": "Feature", "properties": { "AGNO": 2021.0, "ID_ESTAB": 25575.0, "ORIGEN": 1.0, "NOM_ESTAB": "ESCUELA ESPECIAL PART. ALAMEDA", "COD_REG_ES": 13.0, "COD_PRO_ES": 131.0, "COD_COM_ES": 13106.0, "NOM_COM_ES": "ESTACIÓN CENTRAL", "COD_DEPROV": 134.0, "NOM_DEPROV": "SANTIAGO PONIENTE", "DEPENDENCI": 2.0, "RURAL_ESTA": 0.0, "ESTADO_EST": 1.0, "SC_MEN_SI": 0.0, "SC_MEN_H": 0.0, "SC_MEN_M": 0.0, "SC_MAY_H": 0.0, "SC_MAY_M": 0.0, "MED_MEN_SI": 0.0, "MED_MEN_H": 0.0, "MED_MEN_M": 0.0, "MED_MAY_SI": 0.0, "MED_MAY_H": 2.0, "MED_MAY_M": 3.0, "NT1_SI": 0.0, "NT1_H": 2.0, "NT1_M": 0.0, "NT2_SI": 0.0, "NT2_H": 3.0, "NT2_M": 0.0, "N_TOTAL": 10.0, "DIRECCION": "TITAN", "NUMERO": 4947.0, "REFERENCIA": "ALAMEDA CON LAS REJAS HACIA EL SUR PRIMER SEMAFORO A LA IZQUIERDA", "LATITUD": -33.458546, "LONGITUD": -70.70276 }, "geometry": { "type": "Point", "coordinates": [ -70.70276, -33.458546 ] } },
{ "type": "Feature", "properties": { "AGNO": 2021.0, "ID_ESTAB": 25581.0, "ORIGEN": 1.0, "NOM_ESTAB": "ESCUELA ESP. SAN JOSE OBRERO", "COD_REG_ES": 13.0, "COD_PRO_ES": 131.0, "COD_COM_ES": 13101.0, "NOM_COM_ES": "SANTIAGO", "COD_DEPROV": 131.0, "NOM_DEPROV": "SANTIAGO CENTRO", "DEPENDENCI": 2.0, "RURAL_ESTA": 0.0, "ESTADO_EST": 1.0, "SC_MEN_SI": 0.0, "SC_MEN_H": 0.0, "SC_MEN_M": 0.0, "SC_MAY_H": 0.0, "SC_MAY_M": 0.0, "MED_MEN_SI": 0.0, "MED_MEN_H": 0.0, "MED_MEN_M": 0.0, "MED_MAY_SI": 0.0, "MED_MAY_H": 15.0, "MED_MAY_M": 15.0, "NT1_SI": 0.0, "NT1_H": 25.0, "NT1_M": 20.0, "NT2_SI": 0.0, "NT2_H": 31.0, "NT2_M": 14.0, "N_TOTAL": 120.0, "DIRECCION": "CUETO", "NUMERO": 180.0, "REFERENCIA": null, "LATITUD": -33.44296, "LONGITUD": -70.678 }, "geometry": { "type": "Point", "coordinates": [ -70.678, -33.44296 ] } },
{ "type": "Feature", "properties": { "AGNO": 2021.0, "ID_ESTAB": 25636.0, "ORIGEN": 1.0, "NOM_ESTAB": "ESCUELA ESPECIAL BELEN, DE QTA. NORMAL", "COD_REG_ES": 13.0, "COD_PRO_ES": 131.0, "COD_COM_ES": 13126.0, "NOM_COM_ES": "QUINTA NORMAL", "COD_DEPROV": 134.0, "NOM_DEPROV": "SANTIAGO PONIENTE", "DEPENDENCI": 2.0, "RURAL_ESTA": 0.0, "ESTADO_EST": 1.0, "SC_MEN_SI": 0.0, "SC_MEN_H": 0.0, "SC_MEN_M": 0.0, "SC_MAY_H": 0.0, "SC_MAY_M": 0.0, "MED_MEN_SI": 0.0, "MED_MEN_H": 0.0, "MED_MEN_M": 0.0, "MED_MAY_SI": 0.0, "MED_MAY_H": 15.0, "MED_MAY_M": 15.0, "NT1_SI": 0.0, "NT1_H": 25.0, "NT1_M": 14.0, "NT2_SI": 0.0, "NT2_H": 27.0, "NT2_M": 17.0, "N_TOTAL": 113.0, "DIRECCION": "TADEO VARGAS", "NUMERO": 481.0, "REFERENCIA": "ENTRE LAS CALLES NUEVA IMPERIAL Y PORTO SEGURO, A UNA CUADRA DE LAS REJAS NORTE", "LATITUD": -33.44759, "LONGITUD": -70.706292 }, "geometry": { "type": "Point", "coordinates": [ -70.70629169, -33.44759039 ] } },
{ "type": "Feature", "properties": { "AGNO": 2021.0, "ID_ESTAB": 25754.0, "ORIGEN": 1.0, "NOM_ESTAB": "ESC. ESPECIAL LAS ESPIGAS DE ESTACION CENTRAL", "COD_REG_ES": 13.0, "COD_PRO_ES": 131.0, "COD_COM_ES": 13106.0, "NOM_COM_ES": "ESTACIÓN CENTRAL", "COD_DEPROV": 134.0, "NOM_DEPROV": "SANTIAGO PONIENTE", "DEPENDENCI": 2.0, "RURAL_ESTA": 0.0, "ESTADO_EST": 1.0, "SC_MEN_SI": 0.0, "SC_MEN_H": 0.0, "SC_MEN_M": 0.0, "SC_MAY_H": 0.0, "SC_MAY_M": 0.0, "MED_MEN_SI": 0.0, "MED_MEN_H": 0.0, "MED_MEN_M": 0.0, "MED_MAY_SI": 0.0, "MED_MAY_H": 17.0, "MED_MAY_M": 10.0, "NT1_SI": 0.0, "NT1_H": 16.0, "NT1_M": 14.0, "NT2_SI": 0.0, "NT2_H": 9.0, "NT2_M": 7.0, "N_TOTAL": 73.0, "DIRECCION": "CALLE PARAGUAY", "NUMERO": 4236.0, "REFERENCIA": null, "LATITUD": -33.44884, "LONGITUD": -70.69238 }, "geometry": { "type": "Point", "coordinates": [ -70.69238, -33.44883999 ] } },
{ "type": "Feature", "properties": { "AGNO": 2021.0, "ID_ESTAB": 25903.0, "ORIGEN": 1.0, "NOM_ESTAB": "ESCUELA ESP. MI ESPACIO", "COD_REG_ES": 13.0, "COD_PRO_ES": 131.0, "COD_COM_ES": 13101.0, "NOM_COM_ES": "SANTIAGO", "COD_DEPROV": 131.0, "NOM_DEPROV": "SANTIAGO CENTRO", "DEPENDENCI": 2.0, "RURAL_ESTA": 0.0, "ESTADO_EST": 1.0, "SC_MEN_SI": 0.0, "SC_MEN_H": 0.0, "SC_MEN_M": 0.0, "SC_MAY_H": 0.0, "SC_MAY_M": 0.0, "MED_MEN_SI": 0.0, "MED_MEN_H": 0.0, "MED_MEN_M": 0.0, "MED_MAY_SI": 0.0, "MED_MAY_H": 24.0, "MED_MAY_M": 6.0, "NT1_SI": 0.0, "NT1_H": 19.0, "NT1_M": 19.0, "NT2_SI": 0.0, "NT2_H": 19.0, "NT2_M": 13.0, "N_TOTAL": 100.0, "DIRECCION": "BASCUNAN GUERRERO", "NUMERO": 2042.0, "REFERENCIA": null, "LATITUD": -33.473682, "LONGITUD": -70.67149 }, "geometry": { "type": "Point", "coordinates": [ -70.67149, -33.47368199 ] } },
{ "type": "Feature", "properties": { "AGNO": 2021.0, "ID_ESTAB": 25906.0, "ORIGEN": 1.0, "NOM_ESTAB": "ESCUELA ESP. PARTICULAR OSCAR CASTRO", "COD_REG_ES": 13.0, "COD_PRO_ES": 131.0, "COD_COM_ES": 13126.0, "NOM_COM_ES": "QUINTA NORMAL", "COD_DEPROV": 134.0, "NOM_DEPROV": "SANTIAGO PONIENTE", "DEPENDENCI": 2.0, "RURAL_ESTA": 0.0, "ESTADO_EST": 1.0, "SC_MEN_SI": 0.0, "SC_MEN_H": 0.0, "SC_MEN_M": 0.0, "SC_MAY_H": 0.0, "SC_MAY_M": 0.0, "MED_MEN_SI": 0.0, "MED_MEN_H": 0.0, "MED_MEN_M": 0.0, "MED_MAY_SI": 0.0, "MED_MAY_H": 18.0, "MED_MAY_M": 13.0, "NT1_SI": 0.0, "NT1_H": 16.0, "NT1_M": 14.0, "NT2_SI": 0.0, "NT2_H": 11.0, "NT2_M": 4.0, "N_TOTAL": 76.0, "DIRECCION": "CALLE ABTAO", "NUMERO": 826.0, "REFERENCIA": "RADAL CON NUEVA IMPERIAL, HACIA EL ORIENTE UNA CUADRA, Y LUEGO HACIA EL NORTE POR CALLE ABTAO ENTRE CATEDRAL Y STDO DOMINGO.", "LATITUD": -33.443672, "LONGITUD": -70.70164 }, "geometry": { "type": "Point", "coordinates": [ -70.70164, -33.443672 ] } },
{ "type": "Feature", "properties": { "AGNO": 2021.0, "ID_ESTAB": 25971.0, "ORIGEN": 1.0, "NOM_ESTAB": "ESCUELA ESP. ESTACION ACUARELA", "COD_REG_ES": 13.0, "COD_PRO_ES": 131.0, "COD_COM_ES": 13106.0, "NOM_COM_ES": "ESTACIÓN CENTRAL", "COD_DEPROV": 134.0, "NOM_DEPROV": "SANTIAGO PONIENTE", "DEPENDENCI": 2.0, "RURAL_ESTA": 0.0, "ESTADO_EST": 1.0, "SC_MEN_SI": 0.0, "SC_MEN_H": 0.0, "SC_MEN_M": 0.0, "SC_MAY_H": 0.0, "SC_MAY_M": 0.0, "MED_MEN_SI": 0.0, "MED_MEN_H": 0.0, "MED_MEN_M": 0.0, "MED_MAY_SI": 0.0, "MED_MAY_H": 21.0, "MED_MAY_M": 9.0, "NT1_SI": 0.0, "NT1_H": 29.0, "NT1_M": 11.0, "NT2_SI": 0.0, "NT2_H": 5.0, "NT2_M": 10.0, "N_TOTAL": 85.0, "DIRECCION": "CALLE TORO MAZOTTE", "NUMERO": 151.0, "REFERENCIA": "DESDE EL METRO SAN ALBERTO HURTADO SALIDA SUR, TRES CUADRAS POR VEREDA PONIENTE HACIA EL SUR.", "LATITUD": -33.4564, "LONGITUD": -70.691605 }, "geometry": { "type": "Point", "coordinates": [ -70.691605, -33.4564 ] } },
{ "type": "Feature", "properties": { "AGNO": 2021.0, "ID_ESTAB": 26005.0, "ORIGEN": 1.0, "NOM_ESTAB": "ESCUELA ESP. MI MUNDO EN PALABRAS", "COD_REG_ES": 13.0, "COD_PRO_ES": 131.0, "COD_COM_ES": 13117.0, "NOM_COM_ES": "LO PRADO", "COD_DEPROV": 134.0, "NOM_DEPROV": "SANTIAGO PONIENTE", "DEPENDENCI": 2.0, "RURAL_ESTA": 0.0, "ESTADO_EST": 1.0, "SC_MEN_SI": 0.0, "SC_MEN_H": 0.0, "SC_MEN_M": 0.0, "SC_MAY_H": 0.0, "SC_MAY_M": 0.0, "MED_MEN_SI": 0.0, "MED_MEN_H": 0.0, "MED_MEN_M": 0.0, "MED_MAY_SI": 0.0, "MED_MAY_H": 13.0, "MED_MAY_M": 10.0, "NT1_SI": 0.0, "NT1_H": 27.0, "NT1_M": 21.0, "NT2_SI": 0.0, "NT2_H": 21.0, "NT2_M": 8.0, "N_TOTAL": 100.0, "DIRECCION": "AVENIDA PORTALES", "NUMERO": 5756.0, "REFERENCIA": null, "LATITUD": -33.445526, "LONGITUD": -70.71427 }, "geometry": { "type": "Point", "coordinates": [ -70.71427, -33.445526 ] } },
{ "type": "Feature", "properties": { "AGNO": 2021.0, "ID_ESTAB": 26047.0, "ORIGEN": 1.0, "NOM_ESTAB": "ESCUELA DE PARV. PIN PON", "COD_REG_ES": 13.0, "COD_PRO_ES": 131.0, "COD_COM_ES": 13106.0, "NOM_COM_ES": "ESTACIÓN CENTRAL", "COD_DEPROV": 134.0, "NOM_DEPROV": "SANTIAGO PONIENTE", "DEPENDENCI": 2.0, "RURAL_ESTA": 0.0, "ESTADO_EST": 1.0, "SC_MEN_SI": 0.0, "SC_MEN_H": 0.0, "SC_MEN_M": 0.0, "SC_MAY_H": 0.0, "SC_MAY_M": 0.0, "MED_MEN_SI": 0.0, "MED_MEN_H": 0.0, "MED_MEN_M": 0.0, "MED_MAY_SI": 0.0, "MED_MAY_H": 0.0, "MED_MAY_M": 0.0, "NT1_SI": 0.0, "NT1_H": 6.0, "NT1_M": 7.0, "NT2_SI": 0.0, "NT2_H": 15.0, "NT2_M": 17.0, "N_TOTAL": 45.0, "DIRECCION": "VECINAL", "NUMERO": 4518.0, "REFERENCIA": "PADRE JAIME LARRAIN (EX LUIS INFANTE CERDA)ESQUINA VECINAL.", "LATITUD": -33.46744, "LONGITUD": -70.69736 }, "geometry": { "type": "Point", "coordinates": [ -70.69736, -33.46744 ] } },
{ "type": "Feature", "properties": { "AGNO": 2021.0, "ID_ESTAB": 26079.0, "ORIGEN": 1.0, "NOM_ESTAB": "ESCUELA DE PARV. HELLO CHILDREN", "COD_REG_ES": 13.0, "COD_PRO_ES": 131.0, "COD_COM_ES": 13106.0, "NOM_COM_ES": "ESTACIÓN CENTRAL", "COD_DEPROV": 134.0, "NOM_DEPROV": "SANTIAGO PONIENTE", "DEPENDENCI": 2.0, "RURAL_ESTA": 0.0, "ESTADO_EST": 1.0, "SC_MEN_SI": 0.0, "SC_MEN_H": 0.0, "SC_MEN_M": 0.0, "SC_MAY_H": 0.0, "SC_MAY_M": 0.0, "MED_MEN_SI": 0.0, "MED_MEN_H": 0.0, "MED_MEN_M": 0.0, "MED_MAY_SI": 0.0, "MED_MAY_H": 0.0, "MED_MAY_M": 0.0, "NT1_SI": 0.0, "NT1_H": 8.0, "NT1_M": 10.0, "NT2_SI": 0.0, "NT2_H": 9.0, "NT2_M": 14.0, "N_TOTAL": 41.0, "DIRECCION": "AVENIDA GLADYS MARIN MILLIE", "NUMERO": 6901.0, "REFERENCIA": "PARADERO 6 Y MEDIO DE PAJARITOS", "LATITUD": -33.466385, "LONGITUD": -70.72869 }, "geometry": { "type": "Point", "coordinates": [ -70.72869, -33.466385 ] } },
{ "type": "Feature", "properties": { "AGNO": 2021.0, "ID_ESTAB": 26082.0, "ORIGEN": 1.0, "NOM_ESTAB": "ESCUELA DE PARVULOS HAMELIN", "COD_REG_ES": 13.0, "COD_PRO_ES": 131.0, "COD_COM_ES": 13106.0, "NOM_COM_ES": "ESTACIÓN CENTRAL", "COD_DEPROV": 134.0, "NOM_DEPROV": "SANTIAGO PONIENTE", "DEPENDENCI": 3.0, "RURAL_ESTA": 0.0, "ESTADO_EST": 1.0, "SC_MEN_SI": 0.0, "SC_MEN_H": 0.0, "SC_MEN_M": 0.0, "SC_MAY_H": 0.0, "SC_MAY_M": 0.0, "MED_MEN_SI": 0.0, "MED_MEN_H": 0.0, "MED_MEN_M": 0.0, "MED_MAY_SI": 0.0, "MED_MAY_H": 0.0, "MED_MAY_M": 0.0, "NT1_SI": 0.0, "NT1_H": 1.0, "NT1_M": 3.0, "NT2_SI": 0.0, "NT2_H": 0.0, "NT2_M": 3.0, "N_TOTAL": 7.0, "DIRECCION": "AVENIDA 5 DE ABRIL", "NUMERO": 3833.0, "REFERENCIA": null, "LATITUD": -33.457, "LONGITUD": -70.68724 }, "geometry": { "type": "Point", "coordinates": [ -70.68724, -33.457 ] } },
{ "type": "Feature", "properties": { "AGNO": 2021.0, "ID_ESTAB": 26195.0, "ORIGEN": 1.0, "NOM_ESTAB": "ESCUEL DE PARV. LOS PIRINCHOS", "COD_REG_ES": 13.0, "COD_PRO_ES": 131.0, "COD_COM_ES": 13106.0, "NOM_COM_ES": "ESTACIÓN CENTRAL", "COD_DEPROV": 134.0, "NOM_DEPROV": "SANTIAGO PONIENTE", "DEPENDENCI": 3.0, "RURAL_ESTA": 0.0, "ESTADO_EST": 1.0, "SC_MEN_SI": 0.0, "SC_MEN_H": 0.0, "SC_MEN_M": 0.0, "SC_MAY_H": 0.0, "SC_MAY_M": 0.0, "MED_MEN_SI": 0.0, "MED_MEN_H": 0.0, "MED_MEN_M": 1.0, "MED_MAY_SI": 0.0, "MED_MAY_H": 2.0, "MED_MAY_M": 2.0, "NT1_SI": 0.0, "NT1_H": 0.0, "NT1_M": 2.0, "NT2_SI": 0.0, "NT2_H": 3.0, "NT2_M": 6.0, "N_TOTAL": 16.0, "DIRECCION": "AVENIDA 5 DE ABRIL", "NUMERO": 5939.0, "REFERENCIA": "ENTRE AV. REJAS SUR Y AV.AEROPUERTO", "LATITUD": -33.466213, "LONGITUD": -70.708466 }, "geometry": { "type": "Point", "coordinates": [ -70.708466, -33.466213 ] } },
{ "type": "Feature", "properties": { "AGNO": 2021.0, "ID_ESTAB": 26224.0, "ORIGEN": 1.0, "NOM_ESTAB": "ESCUELA ESP. CANTOS NUEVOS", "COD_REG_ES": 13.0, "COD_PRO_ES": 131.0, "COD_COM_ES": 13106.0, "NOM_COM_ES": "ESTACIÓN CENTRAL", "COD_DEPROV": 134.0, "NOM_DEPROV": "SANTIAGO PONIENTE", "DEPENDENCI": 2.0, "RURAL_ESTA": 0.0, "ESTADO_EST": 1.0, "SC_MEN_SI": 0.0, "SC_MEN_H": 0.0, "SC_MEN_M": 0.0, "SC_MAY_H": 0.0, "SC_MAY_M": 0.0, "MED_MEN_SI": 0.0, "MED_MEN_H": 0.0, "MED_MEN_M": 0.0, "MED_MAY_SI": 0.0, "MED_MAY_H": 29.0, "MED_MAY_M": 16.0, "NT1_SI": 0.0, "NT1_H": 36.0, "NT1_M": 22.0, "NT2_SI": 0.0, "NT2_H": 28.0, "NT2_M": 16.0, "N_TOTAL": 147.0, "DIRECCION": "AVENIDA 5 DE ABRIL", "NUMERO": 6086.0, "REFERENCIA": "COSTADO ORIENTE LICEO A 70, CON CALLE JOSÉ CARDIJN, FRENTE A SEMÁFORO.", "LATITUD": -33.471806, "LONGITUD": -70.72022 }, "geometry": { "type": "Point", "coordinates": [ -70.72022, -33.471806 ] } },
{ "type": "Feature", "properties": { "AGNO": 2021.0, "ID_ESTAB": 26280.0, "ORIGEN": 1.0, "NOM_ESTAB": "ESCUELA DE PARV. SEVILLA", "COD_REG_ES": 13.0, "COD_PRO_ES": 131.0, "COD_COM_ES": 13119.0, "NOM_COM_ES": "MAIPÚ", "COD_DEPROV": 134.0, "NOM_DEPROV": "SANTIAGO PONIENTE", "DEPENDENCI": 3.0, "RURAL_ESTA": 0.0, "ESTADO_EST": 1.0, "SC_MEN_SI": 0.0, "SC_MEN_H": 0.0, "SC_MEN_M": 0.0, "SC_MAY_H": 0.0, "SC_MAY_M": 0.0, "MED_MEN_SI": 0.0, "MED_MEN_H": 0.0, "MED_MEN_M": 0.0, "MED_MAY_SI": 0.0, "MED_MAY_H": 0.0, "MED_MAY_M": 0.0, "NT1_SI": 0.0, "NT1_H": 1.0, "NT1_M": 3.0, "NT2_SI": 0.0, "NT2_H": 2.0, "NT2_M": 4.0, "N_TOTAL": 10.0, "DIRECCION": "AVENIDA ORLEANS", "NUMERO": 3895.0, "REFERENCIA": "PARADERO 7 Y MEDIO DE AVENIDA PAJARITOS, HACIA EL SUR.", "LATITUD": -33.472122, "LONGITUD": -70.72997 }, "geometry": { "type": "Point", "coordinates": [ -70.72996999, -33.472122 ] } },
{ "type": "Feature", "properties": { "AGNO": 2021.0, "ID_ESTAB": 26354.0, "ORIGEN": 1.0, "NOM_ESTAB": "ESCUELA ESP. ALTAZOR DE ESTACION CENTRAL", "COD_REG_ES": 13.0, "COD_PRO_ES": 131.0, "COD_COM_ES": 13106.0, "NOM_COM_ES": "ESTACIÓN CENTRAL", "COD_DEPROV": 134.0, "NOM_DEPROV": "SANTIAGO PONIENTE", "DEPENDENCI": 2.0, "RURAL_ESTA": 0.0, "ESTADO_EST": 1.0, "SC_MEN_SI": 0.0, "SC_MEN_H": 0.0, "SC_MEN_M": 0.0, "SC_MAY_H": 0.0, "SC_MAY_M": 0.0, "MED_MEN_SI": 0.0, "MED_MEN_H": 0.0, "MED_MEN_M": 0.0, "MED_MAY_SI": 0.0, "MED_MAY_H": 14.0, "MED_MAY_M": 9.0, "NT1_SI": 0.0, "NT1_H": 5.0, "NT1_M": 9.0, "NT2_SI": 0.0, "NT2_H": 5.0, "NT2_M": 10.0, "N_TOTAL": 52.0, "DIRECCION": "ANTARTICA", "NUMERO": 4310.0, "REFERENCIA": null, "LATITUD": -33.46997, "LONGITUD": -70.693252 }, "geometry": { "type": "Point", "coordinates": [ -70.693252, -33.46997 ] } },
{ "type": "Feature", "properties": { "AGNO": 2021.0, "ID_ESTAB": 26370.0, "ORIGEN": 1.0, "NOM_ESTAB": "ESC. ESP. SAN ANTONIO DE LO PRADO", "COD_REG_ES": 13.0, "COD_PRO_ES": 131.0, "COD_COM_ES": 13117.0, "NOM_COM_ES": "LO PRADO", "COD_DEPROV": 134.0, "NOM_DEPROV": "SANTIAGO PONIENTE", "DEPENDENCI": 2.0, "RURAL_ESTA": 0.0, "ESTADO_EST": 1.0, "SC_MEN_SI": 0.0, "SC_MEN_H": 0.0, "SC_MEN_M": 0.0, "SC_MAY_H": 0.0, "SC_MAY_M": 0.0, "MED_MEN_SI": 0.0, "MED_MEN_H": 0.0, "MED_MEN_M": 0.0, "MED_MAY_SI": 0.0, "MED_MAY_H": 7.0, "MED_MAY_M": 8.0, "NT1_SI": 0.0, "NT1_H": 9.0, "NT1_M": 5.0, "NT2_SI": 0.0, "NT2_H": 7.0, "NT2_M": 6.0, "N_TOTAL": 42.0, "DIRECCION": "FORT DODGE", "NUMERO": 158.0, "REFERENCIA": "GENERAL BONILLA ALTURA 7100", "LATITUD": -33.45456, "LONGITUD": -70.71336 }, "geometry": { "type": "Point", "coordinates": [ -70.71335999, -33.45456 ] } },
{ "type": "Feature", "properties": { "AGNO": 2021.0, "ID_ESTAB": 26448.0, "ORIGEN": 1.0, "NOM_ESTAB": "ESCUELA ESPECIAL ELUNEY", "COD_REG_ES": 13.0, "COD_PRO_ES": 131.0, "COD_COM_ES": 13106.0, "NOM_COM_ES": "ESTACIÓN CENTRAL", "COD_DEPROV": 134.0, "NOM_DEPROV": "SANTIAGO PONIENTE", "DEPENDENCI": 2.0, "RURAL_ESTA": 0.0, "ESTADO_EST": 1.0, "SC_MEN_SI": 0.0, "SC_MEN_H": 0.0, "SC_MEN_M": 0.0, "SC_MAY_H": 0.0, "SC_MAY_M": 0.0, "MED_MEN_SI": 0.0, "MED_MEN_H": 0.0, "MED_MEN_M": 0.0, "MED_MAY_SI": 0.0, "MED_MAY_H": 3.0, "MED_MAY_M": 7.0, "NT1_SI": 0.0, "NT1_H": 7.0, "NT1_M": 6.0, "NT2_SI": 0.0, "NT2_H": 16.0, "NT2_M": 7.0, "N_TOTAL": 46.0, "DIRECCION": "YELCHO", "NUMERO": 5897.0, "REFERENCIA": "5 DE ABRIL CON LAS REJAS", "LATITUD": -33.472361, "LONGITUD": -70.708558 }, "geometry": { "type": "Point", "coordinates": [ -70.708558, -33.472361 ] } },
{ "type": "Feature", "properties": { "AGNO": 2021.0, "ID_ESTAB": 31038.0, "ORIGEN": 1.0, "NOM_ESTAB": "ESCUELA ESPECIAL DE LENGUAJE TEMPUS", "COD_REG_ES": 13.0, "COD_PRO_ES": 131.0, "COD_COM_ES": 13106.0, "NOM_COM_ES": "ESTACIÓN CENTRAL", "COD_DEPROV": 134.0, "NOM_DEPROV": "SANTIAGO PONIENTE", "DEPENDENCI": 2.0, "RURAL_ESTA": 0.0, "ESTADO_EST": 1.0, "SC_MEN_SI": 0.0, "SC_MEN_H": 0.0, "SC_MEN_M": 0.0, "SC_MAY_H": 0.0, "SC_MAY_M": 0.0, "MED_MEN_SI": 0.0, "MED_MEN_H": 0.0, "MED_MEN_M": 0.0, "MED_MAY_SI": 0.0, "MED_MAY_H": 15.0, "MED_MAY_M": 15.0, "NT1_SI": 0.0, "NT1_H": 12.0, "NT1_M": 3.0, "NT2_SI": 0.0, "NT2_H": 8.0, "NT2_M": 5.0, "N_TOTAL": 58.0, "DIRECCION": "AVENIDA LAS PARCELAS", "NUMERO": 583.0, "REFERENCIA": "AV LAS PARCELAS CON PASAJE BENITO PERÉZ GALDOS 4457.ALTURA DEL PARADERO 7 DE PAJARITOS.", "LATITUD": -33.470813, "LONGITUD": -70.727328 }, "geometry": { "type": "Point", "coordinates": [ -70.727328, -33.470813 ] } },
{ "type": "Feature", "properties": { "AGNO": 2021.0, "ID_ESTAB": 31061.0, "ORIGEN": 1.0, "NOM_ESTAB": "ESCUELA DE PARVULOS SAN JOSE SCHOOL", "COD_REG_ES": 13.0, "COD_PRO_ES": 131.0, "COD_COM_ES": 13106.0, "NOM_COM_ES": "ESTACIÓN CENTRAL", "COD_DEPROV": 134.0, "NOM_DEPROV": "SANTIAGO PONIENTE", "DEPENDENCI": 2.0, "RURAL_ESTA": 0.0, "ESTADO_EST": 1.0, "SC_MEN_SI": 0.0, "SC_MEN_H": 0.0, "SC_MEN_M": 0.0, "SC_MAY_H": 0.0, "SC_MAY_M": 0.0, "MED_MEN_SI": 0.0, "MED_MEN_H": 0.0, "MED_MEN_M": 0.0, "MED_MAY_SI": 0.0, "MED_MAY_H": 0.0, "MED_MAY_M": 0.0, "NT1_SI": 0.0, "NT1_H": 17.0, "NT1_M": 22.0, "NT2_SI": 0.0, "NT2_H": 18.0, "NT2_M": 23.0, "N_TOTAL": 80.0, "DIRECCION": "SANTA PETRONILA", "NUMERO": 17.0, "REFERENCIA": "PASAJE N° 1 , PASAJE N° 2", "LATITUD": -33.454195, "LONGITUD": -70.704446 }, "geometry": { "type": "Point", "coordinates": [ -70.704446, -33.454195 ] } },
{ "type": "Feature", "properties": { "AGNO": 2021.0, "ID_ESTAB": 31142.0, "ORIGEN": 1.0, "NOM_ESTAB": "ESCUELA ESPECIAL MARIA GABRIELA", "COD_REG_ES": 13.0, "COD_PRO_ES": 131.0, "COD_COM_ES": 13106.0, "NOM_COM_ES": "ESTACIÓN CENTRAL", "COD_DEPROV": 134.0, "NOM_DEPROV": "SANTIAGO PONIENTE", "DEPENDENCI": 2.0, "RURAL_ESTA": 0.0, "ESTADO_EST": 1.0, "SC_MEN_SI": 0.0, "SC_MEN_H": 0.0, "SC_MEN_M": 0.0, "SC_MAY_H": 0.0, "SC_MAY_M": 0.0, "MED_MEN_SI": 0.0, "MED_MEN_H": 0.0, "MED_MEN_M": 0.0, "MED_MAY_SI": 0.0, "MED_MAY_H": 7.0, "MED_MAY_M": 6.0, "NT1_SI": 0.0, "NT1_H": 6.0, "NT1_M": 6.0, "NT2_SI": 0.0, "NT2_H": 8.0, "NT2_M": 4.0, "N_TOTAL": 37.0, "DIRECCION": "NATURALISTA PAVON", "NUMERO": 4077.0, "REFERENCIA": "POR GENERAL VELASQUEZ ALTURA DEL HOGAR DE CRISTO HACIA EL PONIENTE", "LATITUD": -33.462143, "LONGITUD": -70.690186 }, "geometry": { "type": "Point", "coordinates": [ -70.690186, -33.46214299 ] } },
{ "type": "Feature", "properties": { "AGNO": 2021.0, "ID_ESTAB": 31172.0, "ORIGEN": 1.0, "NOM_ESTAB": "ESC. ESPECIAL DE LENGUAJE NOVA AURORA", "COD_REG_ES": 13.0, "COD_PRO_ES": 131.0, "COD_COM_ES": 13119.0, "NOM_COM_ES": "MAIPÚ", "COD_DEPROV": 134.0, "NOM_DEPROV": "SANTIAGO PONIENTE", "DEPENDENCI": 2.0, "RURAL_ESTA": 0.0, "ESTADO_EST": 1.0, "SC_MEN_SI": 0.0, "SC_MEN_H": 0.0, "SC_MEN_M": 0.0, "SC_MAY_H": 0.0, "SC_MAY_M": 0.0, "MED_MEN_SI": 0.0, "MED_MEN_H": 0.0, "MED_MEN_M": 0.0, "MED_MAY_SI": 0.0, "MED_MAY_H": 16.0, "MED_MAY_M": 15.0, "NT1_SI": 0.0, "NT1_H": 25.0, "NT1_M": 13.0, "NT2_SI": 0.0, "NT2_H": 23.0, "NT2_M": 7.0, "N_TOTAL": 99.0, "DIRECCION": "ORLEANS", "NUMERO": 3634.0, "REFERENCIA": "PAJARITOS PARADERO 7 1/2", "LATITUD": -33.472675, "LONGITUD": -70.7342 }, "geometry": { "type": "Point", "coordinates": [ -70.7342, -33.472675 ] } },
{ "type": "Feature", "properties": { "AGNO": 2021.0, "ID_ESTAB": 31180.0, "ORIGEN": 1.0, "NOM_ESTAB": "ESC.DE PARVULOS NUEVO AMANECER", "COD_REG_ES": 13.0, "COD_PRO_ES": 131.0, "COD_COM_ES": 13106.0, "NOM_COM_ES": "ESTACIÓN CENTRAL", "COD_DEPROV": 134.0, "NOM_DEPROV": "SANTIAGO PONIENTE", "DEPENDENCI": 2.0, "RURAL_ESTA": 0.0, "ESTADO_EST": 1.0, "SC_MEN_SI": 0.0, "SC_MEN_H": 0.0, "SC_MEN_M": 0.0, "SC_MAY_H": 0.0, "SC_MAY_M": 0.0, "MED_MEN_SI": 0.0, "MED_MEN_H": 0.0, "MED_MEN_M": 0.0, "MED_MAY_SI": 0.0, "MED_MAY_H": 0.0, "MED_MAY_M": 0.0, "NT1_SI": 0.0, "NT1_H": 12.0, "NT1_M": 8.0, "NT2_SI": 0.0, "NT2_H": 10.0, "NT2_M": 13.0, "N_TOTAL": 43.0, "DIRECCION": "LUCIERNAGAS", "NUMERO": 6113.0, "REFERENCIA": "AV. CINCO DE ABRIL ALTURA 6.000, AL COSTADO DEL LICEO 70.", "LATITUD": -33.470608, "LONGITUD": -70.72023 }, "geometry": { "type": "Point", "coordinates": [ -70.72023, -33.470608 ] } },
{ "type": "Feature", "properties": { "AGNO": 2021.0, "ID_ESTAB": 31256.0, "ORIGEN": 1.0, "NOM_ESTAB": "ESCUELA ESPECIAL DAMASQUITO", "COD_REG_ES": 13.0, "COD_PRO_ES": 131.0, "COD_COM_ES": 13106.0, "NOM_COM_ES": "ESTACIÓN CENTRAL", "COD_DEPROV": 134.0, "NOM_DEPROV": "SANTIAGO PONIENTE", "DEPENDENCI": 2.0, "RURAL_ESTA": 0.0, "ESTADO_EST": 1.0, "SC_MEN_SI": 0.0, "SC_MEN_H": 0.0, "SC_MEN_M": 0.0, "SC_MAY_H": 0.0, "SC_MAY_M": 0.0, "MED_MEN_SI": 0.0, "MED_MEN_H": 0.0, "MED_MEN_M": 0.0, "MED_MAY_SI": 0.0, "MED_MAY_H": 4.0, "MED_MAY_M": 4.0, "NT1_SI": 0.0, "NT1_H": 10.0, "NT1_M": 5.0, "NT2_SI": 0.0, "NT2_H": 6.0, "NT2_M": 3.0, "N_TOTAL": 32.0, "DIRECCION": "PADRE JAIME LARRAIN", "NUMERO": 395.0, "REFERENCIA": "(EX LUIS INFANTE CERDA).ESTACION CENTRAL LAS REJAS CON 5 DE ABRIL", "LATITUD": -33.466564, "LONGITUD": -70.69847 }, "geometry": { "type": "Point", "coordinates": [ -70.69847, -33.466564 ] } },
{ "type": "Feature", "properties": { "AGNO": 2021.0, "ID_ESTAB": 31329.0, "ORIGEN": 1.0, "NOM_ESTAB": "ESCUELA DE LENGUAJE HELLO CHILDREN", "COD_REG_ES": 13.0, "COD_PRO_ES": 131.0, "COD_COM_ES": 13106.0, "NOM_COM_ES": "ESTACIÓN CENTRAL", "COD_DEPROV": 134.0, "NOM_DEPROV": "SANTIAGO PONIENTE", "DEPENDENCI": 2.0, "RURAL_ESTA": 0.0, "ESTADO_EST": 1.0, "SC_MEN_SI": 0.0, "SC_MEN_H": 0.0, "SC_MEN_M": 0.0, "SC_MAY_H": 0.0, "SC_MAY_M": 0.0, "MED_MEN_SI": 0.0, "MED_MEN_H": 0.0, "MED_MEN_M": 0.0, "MED_MAY_SI": 0.0, "MED_MAY_H": 13.0, "MED_MAY_M": 2.0, "NT1_SI": 0.0, "NT1_H": 11.0, "NT1_M": 9.0, "NT2_SI": 0.0, "NT2_H": 8.0, "NT2_M": 6.0, "N_TOTAL": 49.0, "DIRECCION": "AVENIDA GLADYS MARIN", "NUMERO": 6955.0, "REFERENCIA": "PARADERO 7 DE AV. PAJARITOS.", "LATITUD": -33.466885, "LONGITUD": -70.72979 }, "geometry": { "type": "Point", "coordinates": [ -70.72978999, -33.46688499 ] } },
{ "type": "Feature", "properties": { "AGNO": 2021.0, "ID_ESTAB": 32060.0, "ORIGEN": 1.0, "NOM_ESTAB": "ESCUELA HOSPITALARIA CLÍNICA BICENTENARIO", "COD_REG_ES": 13.0, "COD_PRO_ES": 131.0, "COD_COM_ES": 13106.0, "NOM_COM_ES": "ESTACIÓN CENTRAL", "COD_DEPROV": 134.0, "NOM_DEPROV": "SANTIAGO PONIENTE", "DEPENDENCI": 2.0, "RURAL_ESTA": 0.0, "ESTADO_EST": 1.0, "SC_MEN_SI": 0.0, "SC_MEN_H": 0.0, "SC_MEN_M": 0.0, "SC_MAY_H": 0.0, "SC_MAY_M": 0.0, "MED_MEN_SI": 0.0, "MED_MEN_H": 0.0, "MED_MEN_M": 0.0, "MED_MAY_SI": 0.0, "MED_MAY_H": 0.0, "MED_MAY_M": 0.0, "NT1_SI": 0.0, "NT1_H": 0.0, "NT1_M": 0.0, "NT2_SI": 0.0, "NT2_H": 5.0, "NT2_M": 1.0, "N_TOTAL": 6.0, "DIRECCION": "AVENIDA LIBERTADOR BERNARDO O'HIGGINS", "NUMERO": 4850.0, "REFERENCIA": "0", "LATITUD": -33.457398, "LONGITUD": -70.701612 }, "geometry": { "type": "Point", "coordinates": [ -70.701612, -33.45739799 ] } },
{ "type": "Feature", "properties": { "AGNO": 2021.0, "ID_ESTAB": 13101028.0, "ORIGEN": 2.0, "NOM_ESTAB": "MOLINA", "COD_REG_ES": 13.0, "COD_PRO_ES": 131.0, "COD_COM_ES": 13101.0, "NOM_COM_ES": "SANTIAGO", "COD_DEPROV": 0.0, "NOM_DEPROV": null, "DEPENDENCI": 4.0, "RURAL_ESTA": 0.0, "ESTADO_EST": 0.0, "SC_MEN_SI": 0.0, "SC_MEN_H": 0.0, "SC_MEN_M": 0.0, "SC_MAY_H": 0.0, "SC_MAY_M": 0.0, "MED_MEN_SI": 0.0, "MED_MEN_H": 4.0, "MED_MEN_M": 2.0, "MED_MAY_SI": 0.0, "MED_MAY_H": 8.0, "MED_MAY_M": 10.0, "NT1_SI": 0.0, "NT1_H": 2.0, "NT1_M": 1.0, "NT2_SI": 0.0, "NT2_H": 0.0, "NT2_M": 1.0, "N_TOTAL": 28.0, "DIRECCION": "ABATE MOLINA", "NUMERO": 666.0, "REFERENCIA": null, "LATITUD": -33.457711, "LONGITUD": -70.671734 }, "geometry": { "type": "Point", "coordinates": [ -70.671734, -33.457711 ] } },
{ "type": "Feature", "properties": { "AGNO": 2021.0, "ID_ESTAB": 13101030.0, "ORIGEN": 2.0, "NOM_ESTAB": "SOTOMAYOR", "COD_REG_ES": 13.0, "COD_PRO_ES": 131.0, "COD_COM_ES": 13101.0, "NOM_COM_ES": "SANTIAGO", "COD_DEPROV": 0.0, "NOM_DEPROV": null, "DEPENDENCI": 4.0, "RURAL_ESTA": 0.0, "ESTADO_EST": 0.0, "SC_MEN_SI": 0.0, "SC_MEN_H": 0.0, "SC_MEN_M": 0.0, "SC_MAY_H": 0.0, "SC_MAY_M": 0.0, "MED_MEN_SI": 0.0, "MED_MEN_H": 12.0, "MED_MEN_M": 10.0, "MED_MAY_SI": 0.0, "MED_MAY_H": 9.0, "MED_MAY_M": 13.0, "NT1_SI": 0.0, "NT1_H": 0.0, "NT1_M": 0.0, "NT2_SI": 0.0, "NT2_H": 0.0, "NT2_M": 0.0, "N_TOTAL": 44.0, "DIRECCION": "RAFAEL SOTOMAYOR", "NUMERO": 97.0, "REFERENCIA": null, "LATITUD": -33.44471, "LONGITUD": -70.67286 }, "geometry": { "type": "Point", "coordinates": [ -70.67286, -33.44471 ] } },
{ "type": "Feature", "properties": { "AGNO": 2021.0, "ID_ESTAB": 13101033.0, "ORIGEN": 2.0, "NOM_ESTAB": "NORA ALCALDE DE LARRAIN", "COD_REG_ES": 13.0, "COD_PRO_ES": 131.0, "COD_COM_ES": 13101.0, "NOM_COM_ES": "SANTIAGO", "COD_DEPROV": 0.0, "NOM_DEPROV": null, "DEPENDENCI": 4.0, "RURAL_ESTA": 0.0, "ESTADO_EST": 0.0, "SC_MEN_SI": 0.0, "SC_MEN_H": 0.0, "SC_MEN_M": 0.0, "SC_MAY_H": 0.0, "SC_MAY_M": 0.0, "MED_MEN_SI": 0.0, "MED_MEN_H": 13.0, "MED_MEN_M": 12.0, "MED_MAY_SI": 0.0, "MED_MAY_H": 12.0, "MED_MAY_M": 12.0, "NT1_SI": 0.0, "NT1_H": 5.0, "NT1_M": 3.0, "NT2_SI": 0.0, "NT2_H": 0.0, "NT2_M": 0.0, "N_TOTAL": 57.0, "DIRECCION": "CONFERENCIA", "NUMERO": 1031.0, "REFERENCIA": null, "LATITUD": -33.463041, "LONGITUD": -70.675407 }, "geometry": { "type": "Point", "coordinates": [ -70.6754072, -33.46304087 ] } },
{ "type": "Feature", "properties": { "AGNO": 2021.0, "ID_ESTAB": 13101041.0, "ORIGEN": 2.0, "NOM_ESTAB": "IGNACIO CARRERA PINTO", "COD_REG_ES": 13.0, "COD_PRO_ES": 131.0, "COD_COM_ES": 13101.0, "NOM_COM_ES": "SANTIAGO", "COD_DEPROV": 0.0, "NOM_DEPROV": null, "DEPENDENCI": 4.0, "RURAL_ESTA": 0.0, "ESTADO_EST": 0.0, "SC_MEN_SI": 0.0, "SC_MEN_H": 0.0, "SC_MEN_M": 0.0, "SC_MAY_H": 10.0, "SC_MAY_M": 7.0, "MED_MEN_SI": 0.0, "MED_MEN_H": 20.0, "MED_MEN_M": 16.0, "MED_MAY_SI": 0.0, "MED_MAY_H": 19.0, "MED_MAY_M": 18.0, "NT1_SI": 0.0, "NT1_H": 0.0, "NT1_M": 0.0, "NT2_SI": 0.0, "NT2_H": 0.0, "NT2_M": 0.0, "N_TOTAL": 90.0, "DIRECCION": "AVENIDA PORTALES", "NUMERO": 3357.0, "REFERENCIA": null, "LATITUD": -33.443706, "LONGITUD": -70.681191 }, "geometry": { "type": "Point", "coordinates": [ -70.681191, -33.443706 ] } },
{ "type": "Feature", "properties": { "AGNO": 2021.0, "ID_ESTAB": 13101044.0, "ORIGEN": 2.0, "NOM_ESTAB": "PABLO NERUDA", "COD_REG_ES": 13.0, "COD_PRO_ES": 131.0, "COD_COM_ES": 13101.0, "NOM_COM_ES": "SANTIAGO", "COD_DEPROV": 0.0, "NOM_DEPROV": null, "DEPENDENCI": 4.0, "RURAL_ESTA": 0.0, "ESTADO_EST": 0.0, "SC_MEN_SI": 0.0, "SC_MEN_H": 7.0, "SC_MEN_M": 7.0, "SC_MAY_H": 5.0, "SC_MAY_M": 10.0, "MED_MEN_SI": 0.0, "MED_MEN_H": 17.0, "MED_MEN_M": 9.0, "MED_MAY_SI": 0.0, "MED_MAY_H": 8.0, "MED_MAY_M": 17.0, "NT1_SI": 0.0, "NT1_H": 0.0, "NT1_M": 0.0, "NT2_SI": 0.0, "NT2_H": 0.0, "NT2_M": 0.0, "N_TOTAL": 80.0, "DIRECCION": "AVENIDA GENERAL RONDIZZONI", "NUMERO": 2722.0, "REFERENCIA": null, "LATITUD": -33.471259, "LONGITUD": -70.670963 }, "geometry": { "type": "Point", "coordinates": [ -70.67096275, -33.47125866 ] } },
{ "type": "Feature", "properties": { "AGNO": 2021.0, "ID_ESTAB": 13101051.0, "ORIGEN": 2.0, "NOM_ESTAB": "PICHIKECHE POYEN", "COD_REG_ES": 13.0, "COD_PRO_ES": 131.0, "COD_COM_ES": 13101.0, "NOM_COM_ES": "SANTIAGO", "COD_DEPROV": 0.0, "NOM_DEPROV": null, "DEPENDENCI": 4.0, "RURAL_ESTA": 0.0, "ESTADO_EST": 0.0, "SC_MEN_SI": 0.0, "SC_MEN_H": 0.0, "SC_MEN_M": 0.0, "SC_MAY_H": 0.0, "SC_MAY_M": 0.0, "MED_MEN_SI": 0.0, "MED_MEN_H": 6.0, "MED_MEN_M": 1.0, "MED_MAY_SI": 0.0, "MED_MAY_H": 6.0, "MED_MAY_M": 5.0, "NT1_SI": 0.0, "NT1_H": 5.0, "NT1_M": 4.0, "NT2_SI": 0.0, "NT2_H": 0.0, "NT2_M": 1.0, "N_TOTAL": 28.0, "DIRECCION": "HUERFANOS", "NUMERO": 3151.0, "REFERENCIA": null, "LATITUD": -33.442306, "LONGITUD": -70.677743 }, "geometry": { "type": "Point", "coordinates": [ -70.677743, -33.442306 ] } },
{ "type": "Feature", "properties": { "AGNO": 2021.0, "ID_ESTAB": 13102008.0, "ORIGEN": 2.0, "NOM_ESTAB": "CARDENAL RAUL SILVA HENRIQUEZ", "COD_REG_ES": 13.0, "COD_PRO_ES": 131.0, "COD_COM_ES": 13102.0, "NOM_COM_ES": "CERRILLOS", "COD_DEPROV": 0.0, "NOM_DEPROV": null, "DEPENDENCI": 4.0, "RURAL_ESTA": 0.0, "ESTADO_EST": 0.0, "SC_MEN_SI": 0.0, "SC_MEN_H": 10.0, "SC_MEN_M": 6.0, "SC_MAY_H": 14.0, "SC_MAY_M": 6.0, "MED_MEN_SI": 0.0, "MED_MEN_H": 14.0, "MED_MEN_M": 14.0, "MED_MAY_SI": 0.0, "MED_MAY_H": 11.0, "MED_MAY_M": 16.0, "NT1_SI": 0.0, "NT1_H": 0.0, "NT1_M": 0.0, "NT2_SI": 0.0, "NT2_H": 0.0, "NT2_M": 0.0, "N_TOTAL": 91.0, "DIRECCION": "CARDENAL JUAN FRANCISCO FRESNO", "NUMERO": 240.0, "REFERENCIA": null, "LATITUD": -33.48085, "LONGITUD": -70.719169 }, "geometry": { "type": "Point", "coordinates": [ -70.71916929, -33.48084965 ] } },
{ "type": "Feature", "properties": { "AGNO": 2021.0, "ID_ESTAB": 13102015.0, "ORIGEN": 2.0, "NOM_ESTAB": "NEWEN Y ALEGRIA", "COD_REG_ES": 13.0, "COD_PRO_ES": 131.0, "COD_COM_ES": 13102.0, "NOM_COM_ES": "CERRILLOS", "COD_DEPROV": 0.0, "NOM_DEPROV": null, "DEPENDENCI": 4.0, "RURAL_ESTA": 0.0, "ESTADO_EST": 0.0, "SC_MEN_SI": 0.0, "SC_MEN_H": 5.0, "SC_MEN_M": 0.0, "SC_MAY_H": 6.0, "SC_MAY_M": 7.0, "MED_MEN_SI": 0.0, "MED_MEN_H": 5.0, "MED_MEN_M": 6.0, "MED_MAY_SI": 0.0, "MED_MAY_H": 6.0, "MED_MAY_M": 9.0, "NT1_SI": 0.0, "NT1_H": 3.0, "NT1_M": 0.0, "NT2_SI": 0.0, "NT2_H": 1.0, "NT2_M": 0.0, "N_TOTAL": 48.0, "DIRECCION": "MONSEÑOR MANUEL VICUÑA", "NUMERO": 4035.0, "REFERENCIA": null, "LATITUD": -33.480448, "LONGITUD": -70.718082 }, "geometry": { "type": "Point", "coordinates": [ -70.718082, -33.480448 ] } },
{ "type": "Feature", "properties": { "AGNO": 2021.0, "ID_ESTAB": 13102016.0, "ORIGEN": 2.0, "NOM_ESTAB": "PEUMAYEN", "COD_REG_ES": 13.0, "COD_PRO_ES": 131.0, "COD_COM_ES": 13102.0, "NOM_COM_ES": "CERRILLOS", "COD_DEPROV": 0.0, "NOM_DEPROV": null, "DEPENDENCI": 4.0, "RURAL_ESTA": 0.0, "ESTADO_EST": 0.0, "SC_MEN_SI": 0.0, "SC_MEN_H": 13.0, "SC_MEN_M": 8.0, "SC_MAY_H": 24.0, "SC_MAY_M": 16.0, "MED_MEN_SI": 0.0, "MED_MEN_H": 15.0, "MED_MEN_M": 13.0, "MED_MAY_SI": 0.0, "MED_MAY_H": 17.0, "MED_MAY_M": 24.0, "NT1_SI": 0.0, "NT1_H": 0.0, "NT1_M": 1.0, "NT2_SI": 0.0, "NT2_H": 0.0, "NT2_M": 0.0, "N_TOTAL": 131.0, "DIRECCION": "AVENIDA LO ERRAZURIZ", "NUMERO": 4065.0, "REFERENCIA": null, "LATITUD": -33.479024, "LONGITUD": -70.722924 }, "geometry": { "type": "Point", "coordinates": [ -70.722924, -33.479024 ] } },
{ "type": "Feature", "properties": { "AGNO": 2021.0, "ID_ESTAB": 13106002.0, "ORIGEN": 2.0, "NOM_ESTAB": "LOS CARIÑOSITOS", "COD_REG_ES": 13.0, "COD_PRO_ES": 131.0, "COD_COM_ES": 13106.0, "NOM_COM_ES": "ESTACIÓN CENTRAL", "COD_DEPROV": 0.0, "NOM_DEPROV": null, "DEPENDENCI": 4.0, "RURAL_ESTA": 0.0, "ESTADO_EST": 0.0, "SC_MEN_SI": 0.0, "SC_MEN_H": 0.0, "SC_MEN_M": 0.0, "SC_MAY_H": 10.0, "SC_MAY_M": 25.0, "MED_MEN_SI": 0.0, "MED_MEN_H": 12.0, "MED_MEN_M": 8.0, "MED_MAY_SI": 0.0, "MED_MAY_H": 13.0, "MED_MAY_M": 6.0, "NT1_SI": 0.0, "NT1_H": 0.0, "NT1_M": 0.0, "NT2_SI": 0.0, "NT2_H": 0.0, "NT2_M": 0.0, "N_TOTAL": 74.0, "DIRECCION": "UROFOSFATO", "NUMERO": 4867.0, "REFERENCIA": "POB. SANTIAGO", "LATITUD": -33.478658, "LONGITUD": -70.699677 }, "geometry": { "type": "Point", "coordinates": [ -70.699677, -33.478658 ] } },
{ "type": "Feature", "properties": { "AGNO": 2021.0, "ID_ESTAB": 13106004.0, "ORIGEN": 2.0, "NOM_ESTAB": "ESPERANZA", "COD_REG_ES": 13.0, "COD_PRO_ES": 131.0, "COD_COM_ES": 13106.0, "NOM_COM_ES": "ESTACIÓN CENTRAL", "COD_DEPROV": 0.0, "NOM_DEPROV": null, "DEPENDENCI": 4.0, "RURAL_ESTA": 0.0, "ESTADO_EST": 0.0, "SC_MEN_SI": 0.0, "SC_MEN_H": 0.0, "SC_MEN_M": 0.0, "SC_MAY_H": 11.0, "SC_MAY_M": 3.0, "MED_MEN_SI": 0.0, "MED_MEN_H": 15.0, "MED_MEN_M": 12.0, "MED_MAY_SI": 0.0, "MED_MAY_H": 11.0, "MED_MAY_M": 19.0, "NT1_SI": 0.0, "NT1_H": 0.0, "NT1_M": 0.0, "NT2_SI": 0.0, "NT2_H": 0.0, "NT2_M": 0.0, "N_TOTAL": 71.0, "DIRECCION": "JOTABECHE", "NUMERO": 594.0, "REFERENCIA": "POB. CORNELIA OLIVARES", "LATITUD": -33.458455, "LONGITUD": -70.685397 }, "geometry": { "type": "Point", "coordinates": [ -70.68539656, -33.45845456 ] } },
{ "type": "Feature", "properties": { "AGNO": 2021.0, "ID_ESTAB": 13106005.0, "ORIGEN": 2.0, "NOM_ESTAB": "MIS PRIMEROS PASOS", "COD_REG_ES": 13.0, "COD_PRO_ES": 131.0, "COD_COM_ES": 13106.0, "NOM_COM_ES": "ESTACIÓN CENTRAL", "COD_DEPROV": 0.0, "NOM_DEPROV": null, "DEPENDENCI": 4.0, "RURAL_ESTA": 0.0, "ESTADO_EST": 0.0, "SC_MEN_SI": 0.0, "SC_MEN_H": 0.0, "SC_MEN_M": 0.0, "SC_MAY_H": 0.0, "SC_MAY_M": 0.0, "MED_MEN_SI": 0.0, "MED_MEN_H": 24.0, "MED_MEN_M": 23.0, "MED_MAY_SI": 0.0, "MED_MAY_H": 47.0, "MED_MAY_M": 41.0, "NT1_SI": 0.0, "NT1_H": 0.0, "NT1_M": 0.0, "NT2_SI": 0.0, "NT2_H": 0.0, "NT2_M": 0.0, "N_TOTAL": 135.0, "DIRECCION": "MANUEL CHACON", "NUMERO": 2229.0, "REFERENCIA": "POB. OSCAR BONILLA", "LATITUD": -33.476439, "LONGITUD": -70.691009 }, "geometry": { "type": "Point", "coordinates": [ -70.691009, -33.476439 ] } },
{ "type": "Feature", "properties": { "AGNO": 2021.0, "ID_ESTAB": 13106006.0, "ORIGEN": 2.0, "NOM_ESTAB": "DEL EDEN", "COD_REG_ES": 13.0, "COD_PRO_ES": 131.0, "COD_COM_ES": 13106.0, "NOM_COM_ES": "ESTACIÓN CENTRAL", "COD_DEPROV": 0.0, "NOM_DEPROV": null, "DEPENDENCI": 4.0, "RURAL_ESTA": 0.0, "ESTADO_EST": 0.0, "SC_MEN_SI": 0.0, "SC_MEN_H": 7.0, "SC_MEN_M": 7.0, "SC_MAY_H": 18.0, "SC_MAY_M": 19.0, "MED_MEN_SI": 0.0, "MED_MEN_H": 27.0, "MED_MEN_M": 26.0, "MED_MAY_SI": 0.0, "MED_MAY_H": 29.0, "MED_MAY_M": 24.0, "NT1_SI": 0.0, "NT1_H": 0.0, "NT1_M": 0.0, "NT2_SI": 0.0, "NT2_H": 0.0, "NT2_M": 0.0, "N_TOTAL": 157.0, "DIRECCION": "LAS ESTEPAS", "NUMERO": 707.0, "REFERENCIA": "VILLA FRANCIA", "LATITUD": -33.47047, "LONGITUD": -70.714171 }, "geometry": { "type": "Point", "coordinates": [ -70.714171, -33.47047 ] } },
{ "type": "Feature", "properties": { "AGNO": 2021.0, "ID_ESTAB": 13106007.0, "ORIGEN": 2.0, "NOM_ESTAB": "WILLI-MAPU", "COD_REG_ES": 13.0, "COD_PRO_ES": 131.0, "COD_COM_ES": 13106.0, "NOM_COM_ES": "ESTACIÓN CENTRAL", "COD_DEPROV": 0.0, "NOM_DEPROV": null, "DEPENDENCI": 4.0, "RURAL_ESTA": 0.0, "ESTADO_EST": 0.0, "SC_MEN_SI": 0.0, "SC_MEN_H": 0.0, "SC_MEN_M": 0.0, "SC_MAY_H": 0.0, "SC_MAY_M": 0.0, "MED_MEN_SI": 0.0, "MED_MEN_H": 9.0, "MED_MEN_M": 3.0, "MED_MAY_SI": 0.0, "MED_MAY_H": 12.0, "MED_MAY_M": 8.0, "NT1_SI": 0.0, "NT1_H": 0.0, "NT1_M": 0.0, "NT2_SI": 0.0, "NT2_H": 0.0, "NT2_M": 0.0, "N_TOTAL": 32.0, "DIRECCION": "DALCAHUE", "NUMERO": 5877.0, "REFERENCIA": "POB. ROBERT KENNEDY", "LATITUD": -33.476254, "LONGITUD": -70.709784 }, "geometry": { "type": "Point", "coordinates": [ -70.70978396, -33.47625436 ] } },
{ "type": "Feature", "properties": { "AGNO": 2021.0, "ID_ESTAB": 13106008.0, "ORIGEN": 2.0, "NOM_ESTAB": "ANTILEN", "COD_REG_ES": 13.0, "COD_PRO_ES": 131.0, "COD_COM_ES": 13106.0, "NOM_COM_ES": "ESTACIÓN CENTRAL", "COD_DEPROV": 0.0, "NOM_DEPROV": null, "DEPENDENCI": 4.0, "RURAL_ESTA": 0.0, "ESTADO_EST": 0.0, "SC_MEN_SI": 0.0, "SC_MEN_H": 9.0, "SC_MEN_M": 6.0, "SC_MAY_H": 14.0, "SC_MAY_M": 17.0, "MED_MEN_SI": 0.0, "MED_MEN_H": 10.0, "MED_MEN_M": 18.0, "MED_MAY_SI": 0.0, "MED_MAY_H": 12.0, "MED_MAY_M": 16.0, "NT1_SI": 0.0, "NT1_H": 0.0, "NT1_M": 0.0, "NT2_SI": 0.0, "NT2_H": 0.0, "NT2_M": 0.0, "N_TOTAL": 102.0, "DIRECCION": "LEON XIII", "NUMERO": 1885.0, "REFERENCIA": "POB ROBERT KENNEDY", "LATITUD": -33.465522, "LONGITUD": -70.702577 }, "geometry": { "type": "Point", "coordinates": [ -70.70257728, -33.46552249 ] } },
{ "type": "Feature", "properties": { "AGNO": 2021.0, "ID_ESTAB": 13106009.0, "ORIGEN": 2.0, "NOM_ESTAB": "LLIU LLIU", "COD_REG_ES": 13.0, "COD_PRO_ES": 131.0, "COD_COM_ES": 13106.0, "NOM_COM_ES": "ESTACIÓN CENTRAL", "COD_DEPROV": 0.0, "NOM_DEPROV": null, "DEPENDENCI": 4.0, "RURAL_ESTA": 0.0, "ESTADO_EST": 0.0, "SC_MEN_SI": 0.0, "SC_MEN_H": 0.0, "SC_MEN_M": 0.0, "SC_MAY_H": 0.0, "SC_MAY_M": 0.0, "MED_MEN_SI": 0.0, "MED_MEN_H": 8.0, "MED_MEN_M": 3.0, "MED_MAY_SI": 0.0, "MED_MAY_H": 4.0, "MED_MAY_M": 12.0, "NT1_SI": 0.0, "NT1_H": 0.0, "NT1_M": 0.0, "NT2_SI": 0.0, "NT2_H": 0.0, "NT2_M": 0.0, "N_TOTAL": 27.0, "DIRECCION": "JOSE DE LA RIVERA", "NUMERO": 150.0, "REFERENCIA": "VILLA LAS MERCEDES", "LATITUD": -33.451988, "LONGITUD": -70.705855 }, "geometry": { "type": "Point", "coordinates": [ -70.70585535, -33.45198819 ] } },
{ "type": "Feature", "properties": { "AGNO": 2021.0, "ID_ESTAB": 13106017.0, "ORIGEN": 2.0, "NOM_ESTAB": "AVELUZ", "COD_REG_ES": 13.0, "COD_PRO_ES": 131.0, "COD_COM_ES": 13106.0, "NOM_COM_ES": "ESTACIÓN CENTRAL", "COD_DEPROV": 0.0, "NOM_DEPROV": null, "DEPENDENCI": 4.0, "RURAL_ESTA": 0.0, "ESTADO_EST": 0.0, "SC_MEN_SI": 0.0, "SC_MEN_H": 10.0, "SC_MEN_M": 10.0, "SC_MAY_H": 8.0, "SC_MAY_M": 12.0, "MED_MEN_SI": 0.0, "MED_MEN_H": 16.0, "MED_MEN_M": 15.0, "MED_MAY_SI": 0.0, "MED_MAY_H": 12.0, "MED_MAY_M": 19.0, "NT1_SI": 0.0, "NT1_H": 0.0, "NT1_M": 0.0, "NT2_SI": 0.0, "NT2_H": 0.0, "NT2_M": 0.0, "N_TOTAL": 102.0, "DIRECCION": "QUENCHI", "NUMERO": 0.0, "REFERENCIA": "ESQ/AEROPUERTO", "LATITUD": -33.474699, "LONGITUD": -70.712502 }, "geometry": { "type": "Point", "coordinates": [ -70.71250199, -33.47469913 ] } },
{ "type": "Feature", "properties": { "AGNO": 2021.0, "ID_ESTAB": 13106018.0, "ORIGEN": 2.0, "NOM_ESTAB": "LOS ANGELITOS DE VILLA FRANCIA", "COD_REG_ES": 13.0, "COD_PRO_ES": 131.0, "COD_COM_ES": 13106.0, "NOM_COM_ES": "ESTACIÓN CENTRAL", "COD_DEPROV": 0.0, "NOM_DEPROV": null, "DEPENDENCI": 4.0, "RURAL_ESTA": 0.0, "ESTADO_EST": 0.0, "SC_MEN_SI": 0.0, "SC_MEN_H": 11.0, "SC_MEN_M": 2.0, "SC_MAY_H": 10.0, "SC_MAY_M": 9.0, "MED_MEN_SI": 0.0, "MED_MEN_H": 15.0, "MED_MEN_M": 15.0, "MED_MAY_SI": 0.0, "MED_MAY_H": 13.0, "MED_MAY_M": 15.0, "NT1_SI": 0.0, "NT1_H": 0.0, "NT1_M": 0.0, "NT2_SI": 0.0, "NT2_H": 0.0, "NT2_M": 0.0, "N_TOTAL": 90.0, "DIRECCION": "AZOR LTDA. - DEPARTAMENTO DE SANTIAGO REGISN MET", "NUMERO": 0.0, "REFERENCIA": null, "LATITUD": -33.472099, "LONGITUD": -70.714654 }, "geometry": { "type": "Point", "coordinates": [ -70.71465428, -33.47209894 ] } },
{ "type": "Feature", "properties": { "AGNO": 2021.0, "ID_ESTAB": 13106019.0, "ORIGEN": 2.0, "NOM_ESTAB": "LAS LUCIERNAGAS", "COD_REG_ES": 13.0, "COD_PRO_ES": 131.0, "COD_COM_ES": 13106.0, "NOM_COM_ES": "ESTACIÓN CENTRAL", "COD_DEPROV": 0.0, "NOM_DEPROV": null, "DEPENDENCI": 4.0, "RURAL_ESTA": 0.0, "ESTADO_EST": 0.0, "SC_MEN_SI": 0.0, "SC_MEN_H": 6.0, "SC_MEN_M": 5.0, "SC_MAY_H": 9.0, "SC_MAY_M": 8.0, "MED_MEN_SI": 0.0, "MED_MEN_H": 0.0, "MED_MEN_M": 0.0, "MED_MAY_SI": 0.0, "MED_MAY_H": 0.0, "MED_MAY_M": 0.0, "NT1_SI": 0.0, "NT1_H": 0.0, "NT1_M": 0.0, "NT2_SI": 0.0, "NT2_H": 0.0, "NT2_M": 0.0, "N_TOTAL": 28.0, "DIRECCION": "GANDARILLAS", "NUMERO": 0.0, "REFERENCIA": "ESQUINA COLECTOR", "LATITUD": -33.4699, "LONGITUD": -70.692899 }, "geometry": { "type": "Point", "coordinates": [ -70.69289904, -33.46990029 ] } },
{ "type": "Feature", "properties": { "AGNO": 2021.0, "ID_ESTAB": 13106021.0, "ORIGEN": 2.0, "NOM_ESTAB": "DUENDES Y ESTRELLITAS", "COD_REG_ES": 13.0, "COD_PRO_ES": 131.0, "COD_COM_ES": 13106.0, "NOM_COM_ES": "ESTACIÓN CENTRAL", "COD_DEPROV": 0.0, "NOM_DEPROV": null, "DEPENDENCI": 4.0, "RURAL_ESTA": 0.0, "ESTADO_EST": 0.0, "SC_MEN_SI": 0.0, "SC_MEN_H": 10.0, "SC_MEN_M": 6.0, "SC_MAY_H": 10.0, "SC_MAY_M": 8.0, "MED_MEN_SI": 0.0, "MED_MEN_H": 18.0, "MED_MEN_M": 13.0, "MED_MAY_SI": 0.0, "MED_MAY_H": 15.0, "MED_MAY_M": 16.0, "NT1_SI": 0.0, "NT1_H": 0.0, "NT1_M": 0.0, "NT2_SI": 0.0, "NT2_H": 0.0, "NT2_M": 0.0, "N_TOTAL": 96.0, "DIRECCION": "AVENIDA 5 DE ABRIL", "NUMERO": 470.0, "REFERENCIA": null, "LATITUD": -33.463518, "LONGITUD": -70.701383 }, "geometry": { "type": "Point", "coordinates": [ -70.70138303, -33.46351804 ] } },
{ "type": "Feature", "properties": { "AGNO": 2021.0, "ID_ESTAB": 13106022.0, "ORIGEN": 2.0, "NOM_ESTAB": "ARTEMISA", "COD_REG_ES": 13.0, "COD_PRO_ES": 131.0, "COD_COM_ES": 13106.0, "NOM_COM_ES": "ESTACIÓN CENTRAL", "COD_DEPROV": 0.0, "NOM_DEPROV": null, "DEPENDENCI": 4.0, "RURAL_ESTA": 0.0, "ESTADO_EST": 0.0, "SC_MEN_SI": 0.0, "SC_MEN_H": 0.0, "SC_MEN_M": 0.0, "SC_MAY_H": 10.0, "SC_MAY_M": 10.0, "MED_MEN_SI": 0.0, "MED_MEN_H": 14.0, "MED_MEN_M": 17.0, "MED_MAY_SI": 0.0, "MED_MAY_H": 17.0, "MED_MAY_M": 16.0, "NT1_SI": 0.0, "NT1_H": 0.0, "NT1_M": 0.0, "NT2_SI": 0.0, "NT2_H": 0.0, "NT2_M": 0.0, "N_TOTAL": 84.0, "DIRECCION": "PASAJE CORONEL SOUPER", "NUMERO": 4844.0, "REFERENCIA": null, "LATITUD": -33.46025, "LONGITUD": -70.70118 }, "geometry": { "type": "Point", "coordinates": [ -70.70117995, -33.46025004 ] } },
{ "type": "Feature", "properties": { "AGNO": 2021.0, "ID_ESTAB": 13106023.0, "ORIGEN": 2.0, "NOM_ESTAB": "KIMELU", "COD_REG_ES": 13.0, "COD_PRO_ES": 131.0, "COD_COM_ES": 13106.0, "NOM_COM_ES": "ESTACIÓN CENTRAL", "COD_DEPROV": 0.0, "NOM_DEPROV": null, "DEPENDENCI": 4.0, "RURAL_ESTA": 0.0, "ESTADO_EST": 0.0, "SC_MEN_SI": 0.0, "SC_MEN_H": 0.0, "SC_MEN_M": 0.0, "SC_MAY_H": 10.0, "SC_MAY_M": 8.0, "MED_MEN_SI": 0.0, "MED_MEN_H": 14.0, "MED_MEN_M": 18.0, "MED_MAY_SI": 0.0, "MED_MAY_H": 12.0, "MED_MAY_M": 20.0, "NT1_SI": 0.0, "NT1_H": 0.0, "NT1_M": 0.0, "NT2_SI": 0.0, "NT2_H": 0.0, "NT2_M": 0.0, "N_TOTAL": 82.0, "DIRECCION": "PASAJE MAGALLANES", "NUMERO": 6234.0, "REFERENCIA": "VILLA LAS CARMELITAS", "LATITUD": -33.470561, "LONGITUD": -70.70156 }, "geometry": { "type": "Point", "coordinates": [ -70.70155996, -33.47056102 ] } },
{ "type": "Feature", "properties": { "AGNO": 2021.0, "ID_ESTAB": 13106024.0, "ORIGEN": 2.0, "NOM_ESTAB": "MIS PRIMERAS HUELLAS", "COD_REG_ES": 13.0, "COD_PRO_ES": 131.0, "COD_COM_ES": 13106.0, "NOM_COM_ES": "ESTACIÓN CENTRAL", "COD_DEPROV": 0.0, "NOM_DEPROV": null, "DEPENDENCI": 4.0, "RURAL_ESTA": 0.0, "ESTADO_EST": 0.0, "SC_MEN_SI": 0.0, "SC_MEN_H": 8.0, "SC_MEN_M": 10.0, "SC_MAY_H": 9.0, "SC_MAY_M": 10.0, "MED_MEN_SI": 0.0, "MED_MEN_H": 18.0, "MED_MEN_M": 13.0, "MED_MAY_SI": 0.0, "MED_MAY_H": 12.0, "MED_MAY_M": 17.0, "NT1_SI": 0.0, "NT1_H": 0.0, "NT1_M": 0.0, "NT2_SI": 0.0, "NT2_H": 0.0, "NT2_M": 0.0, "N_TOTAL": 97.0, "DIRECCION": "COYHAIQUE", "NUMERO": 6225.0, "REFERENCIA": null, "LATITUD": -33.473587, "LONGITUD": -70.70061 }, "geometry": { "type": "Point", "coordinates": [ -70.70060997, -33.47358702 ] } },
{ "type": "Feature", "properties": { "AGNO": 2021.0, "ID_ESTAB": 13106025.0, "ORIGEN": 2.0, "NOM_ESTAB": "AYELEN", "COD_REG_ES": 13.0, "COD_PRO_ES": 131.0, "COD_COM_ES": 13106.0, "NOM_COM_ES": "ESTACIÓN CENTRAL", "COD_DEPROV": 0.0, "NOM_DEPROV": null, "DEPENDENCI": 4.0, "RURAL_ESTA": 0.0, "ESTADO_EST": 0.0, "SC_MEN_SI": 0.0, "SC_MEN_H": 10.0, "SC_MEN_M": 7.0, "SC_MAY_H": 9.0, "SC_MAY_M": 10.0, "MED_MEN_SI": 0.0, "MED_MEN_H": 18.0, "MED_MEN_M": 14.0, "MED_MAY_SI": 0.0, "MED_MAY_H": 17.0, "MED_MAY_M": 14.0, "NT1_SI": 0.0, "NT1_H": 0.0, "NT1_M": 0.0, "NT2_SI": 0.0, "NT2_H": 0.0, "NT2_M": 0.0, "N_TOTAL": 99.0, "DIRECCION": "HUILLINCO", "NUMERO": 6062.0, "REFERENCIA": null, "LATITUD": -33.474539, "LONGITUD": -70.705262 }, "geometry": { "type": "Point", "coordinates": [ -70.70526202, -33.47453898 ] } },
{ "type": "Feature", "properties": { "AGNO": 2021.0, "ID_ESTAB": 13106026.0, "ORIGEN": 2.0, "NOM_ESTAB": "ESTACION ALEGRIA", "COD_REG_ES": 13.0, "COD_PRO_ES": 131.0, "COD_COM_ES": 13106.0, "NOM_COM_ES": "ESTACIÓN CENTRAL", "COD_DEPROV": 0.0, "NOM_DEPROV": null, "DEPENDENCI": 4.0, "RURAL_ESTA": 0.0, "ESTADO_EST": 0.0, "SC_MEN_SI": 0.0, "SC_MEN_H": 8.0, "SC_MEN_M": 11.0, "SC_MAY_H": 12.0, "SC_MAY_M": 6.0, "MED_MEN_SI": 0.0, "MED_MEN_H": 13.0, "MED_MEN_M": 18.0, "MED_MAY_SI": 0.0, "MED_MAY_H": 15.0, "MED_MAY_M": 14.0, "NT1_SI": 0.0, "NT1_H": 0.0, "NT1_M": 0.0, "NT2_SI": 0.0, "NT2_H": 0.0, "NT2_M": 0.0, "N_TOTAL": 97.0, "DIRECCION": "CALLE DIAGONAL", "NUMERO": 4687.0, "REFERENCIA": null, "LATITUD": -33.477139, "LONGITUD": -70.697496 }, "geometry": { "type": "Point", "coordinates": [ -70.69749599, -33.47713903 ] } },
{ "type": "Feature", "properties": { "AGNO": 2021.0, "ID_ESTAB": 13106028.0, "ORIGEN": 2.0, "NOM_ESTAB": "COYHAIQUE", "COD_REG_ES": 13.0, "COD_PRO_ES": 131.0, "COD_COM_ES": 13106.0, "NOM_COM_ES": "ESTACIÓN CENTRAL", "COD_DEPROV": 0.0, "NOM_DEPROV": null, "DEPENDENCI": 4.0, "RURAL_ESTA": 0.0, "ESTADO_EST": 0.0, "SC_MEN_SI": 0.0, "SC_MEN_H": 9.0, "SC_MEN_M": 10.0, "SC_MAY_H": 7.0, "SC_MAY_M": 10.0, "MED_MEN_SI": 0.0, "MED_MEN_H": 17.0, "MED_MEN_M": 11.0, "MED_MAY_SI": 0.0, "MED_MAY_H": 18.0, "MED_MAY_M": 7.0, "NT1_SI": 0.0, "NT1_H": 0.0, "NT1_M": 0.0, "NT2_SI": 0.0, "NT2_H": 0.0, "NT2_M": 0.0, "N_TOTAL": 89.0, "DIRECCION": "AVENIDA LAS REJAS", "NUMERO": 0.0, "REFERENCIA": "CON AULEN", "LATITUD": -33.473245, "LONGITUD": -70.704399 }, "geometry": { "type": "Point", "coordinates": [ -70.704399, -33.473245 ] } },
{ "type": "Feature", "properties": { "AGNO": 2021.0, "ID_ESTAB": 13106029.0, "ORIGEN": 2.0, "NOM_ESTAB": "ECUADOR", "COD_REG_ES": 13.0, "COD_PRO_ES": 131.0, "COD_COM_ES": 13106.0, "NOM_COM_ES": "ESTACIÓN CENTRAL", "COD_DEPROV": 0.0, "NOM_DEPROV": null, "DEPENDENCI": 4.0, "RURAL_ESTA": 0.0, "ESTADO_EST": 0.0, "SC_MEN_SI": 0.0, "SC_MEN_H": 5.0, "SC_MEN_M": 14.0, "SC_MAY_H": 8.0, "SC_MAY_M": 12.0, "MED_MEN_SI": 0.0, "MED_MEN_H": 15.0, "MED_MEN_M": 13.0, "MED_MAY_SI": 0.0, "MED_MAY_H": 15.0, "MED_MAY_M": 11.0, "NT1_SI": 0.0, "NT1_H": 0.0, "NT1_M": 0.0, "NT2_SI": 0.0, "NT2_H": 0.0, "NT2_M": 0.0, "N_TOTAL": 93.0, "DIRECCION": "ECUADOR", "NUMERO": 3960.0, "REFERENCIA": null, "LATITUD": -33.451489, "LONGITUD": -70.690773 }, "geometry": { "type": "Point", "coordinates": [ -70.690773, -33.451489 ] } },
{ "type": "Feature", "properties": { "AGNO": 2021.0, "ID_ESTAB": 13117002.0, "ORIGEN": 2.0, "NOM_ESTAB": "PICHIKECHE TAÑI RUKA", "COD_REG_ES": 13.0, "COD_PRO_ES": 131.0, "COD_COM_ES": 13117.0, "NOM_COM_ES": "LO PRADO", "COD_DEPROV": 0.0, "NOM_DEPROV": null, "DEPENDENCI": 4.0, "RURAL_ESTA": 0.0, "ESTADO_EST": 0.0, "SC_MEN_SI": 0.0, "SC_MEN_H": 8.0, "SC_MEN_M": 4.0, "SC_MAY_H": 12.0, "SC_MAY_M": 16.0, "MED_MEN_SI": 0.0, "MED_MEN_H": 22.0, "MED_MEN_M": 22.0, "MED_MAY_SI": 0.0, "MED_MAY_H": 28.0, "MED_MAY_M": 29.0, "NT1_SI": 0.0, "NT1_H": 0.0, "NT1_M": 0.0, "NT2_SI": 0.0, "NT2_H": 0.0, "NT2_M": 0.0, "N_TOTAL": 141.0, "DIRECCION": "TUPUNGATO", "NUMERO": 413.0, "REFERENCIA": "VILLA KENNEDY", "LATITUD": -33.451351, "LONGITUD": -70.734283 }, "geometry": { "type": "Point", "coordinates": [ -70.73428312, -33.45135126 ] } },
{ "type": "Feature", "properties": { "AGNO": 2021.0, "ID_ESTAB": 13117018.0, "ORIGEN": 2.0, "NOM_ESTAB": "DEJANDO HUELLAS", "COD_REG_ES": 13.0, "COD_PRO_ES": 131.0, "COD_COM_ES": 13117.0, "NOM_COM_ES": "LO PRADO", "COD_DEPROV": 0.0, "NOM_DEPROV": null, "DEPENDENCI": 4.0, "RURAL_ESTA": 0.0, "ESTADO_EST": 0.0, "SC_MEN_SI": 0.0, "SC_MEN_H": 8.0, "SC_MEN_M": 4.0, "SC_MAY_H": 7.0, "SC_MAY_M": 13.0, "MED_MEN_SI": 0.0, "MED_MEN_H": 19.0, "MED_MEN_M": 13.0, "MED_MAY_SI": 0.0, "MED_MAY_H": 15.0, "MED_MAY_M": 17.0, "NT1_SI": 0.0, "NT1_H": 0.0, "NT1_M": 0.0, "NT2_SI": 0.0, "NT2_H": 0.0, "NT2_M": 0.0, "N_TOTAL": 96.0, "DIRECCION": "MINISTRO MORA", "NUMERO": 6000.0, "REFERENCIA": null, "LATITUD": -33.451135, "LONGITUD": -70.718181 }, "geometry": { "type": "Point", "coordinates": [ -70.71818052, -33.4511354 ] } },
{ "type": "Feature", "properties": { "AGNO": 2021.0, "ID_ESTAB": 13117021.0, "ORIGEN": 2.0, "NOM_ESTAB": "TIERRA DE NIÑOS", "COD_REG_ES": 13.0, "COD_PRO_ES": 131.0, "COD_COM_ES": 13117.0, "NOM_COM_ES": "LO PRADO", "COD_DEPROV": 0.0, "NOM_DEPROV": null, "DEPENDENCI": 4.0, "RURAL_ESTA": 0.0, "ESTADO_EST": 0.0, "SC_MEN_SI": 0.0, "SC_MEN_H": 1.0, "SC_MEN_M": 0.0, "SC_MAY_H": 8.0, "SC_MAY_M": 10.0, "MED_MEN_SI": 0.0, "MED_MEN_H": 28.0, "MED_MEN_M": 19.0, "MED_MAY_SI": 0.0, "MED_MAY_H": 15.0, "MED_MAY_M": 12.0, "NT1_SI": 0.0, "NT1_H": 0.0, "NT1_M": 0.0, "NT2_SI": 0.0, "NT2_H": 0.0, "NT2_M": 0.0, "N_TOTAL": 93.0, "DIRECCION": "MILTON ROSSEL", "NUMERO": 7191.0, "REFERENCIA": null, "LATITUD": -33.450999, "LONGITUD": -70.735537 }, "geometry": { "type": "Point", "coordinates": [ -70.7355369, -33.45099893 ] } },
{ "type": "Feature", "properties": { "AGNO": 2021.0, "ID_ESTAB": 13117025.0, "ORIGEN": 2.0, "NOM_ESTAB": "ANTU LIWEN", "COD_REG_ES": 13.0, "COD_PRO_ES": 131.0, "COD_COM_ES": 13117.0, "NOM_COM_ES": "LO PRADO", "COD_DEPROV": 0.0, "NOM_DEPROV": null, "DEPENDENCI": 4.0, "RURAL_ESTA": 0.0, "ESTADO_EST": 0.0, "SC_MEN_SI": 0.0, "SC_MEN_H": 0.0, "SC_MEN_M": 0.0, "SC_MAY_H": 10.0, "SC_MAY_M": 10.0, "MED_MEN_SI": 0.0, "MED_MEN_H": 18.0, "MED_MEN_M": 14.0, "MED_MAY_SI": 0.0, "MED_MAY_H": 22.0, "MED_MAY_M": 10.0, "NT1_SI": 0.0, "NT1_H": 0.0, "NT1_M": 0.0, "NT2_SI": 0.0, "NT2_H": 0.0, "NT2_M": 0.0, "N_TOTAL": 84.0, "DIRECCION": "MINISTRO GANA", "NUMERO": 146.0, "REFERENCIA": null, "LATITUD": -33.453386, "LONGITUD": -70.719129 }, "geometry": { "type": "Point", "coordinates": [ -70.719129, -33.453386 ] } },
{ "type": "Feature", "properties": { "AGNO": 2021.0, "ID_ESTAB": 13117026.0, "ORIGEN": 2.0, "NOM_ESTAB": "ARTISTAS DEL FUTURO", "COD_REG_ES": 13.0, "COD_PRO_ES": 131.0, "COD_COM_ES": 13117.0, "NOM_COM_ES": "LO PRADO", "COD_DEPROV": 0.0, "NOM_DEPROV": null, "DEPENDENCI": 4.0, "RURAL_ESTA": 0.0, "ESTADO_EST": 0.0, "SC_MEN_SI": 0.0, "SC_MEN_H": 11.0, "SC_MEN_M": 4.0, "SC_MAY_H": 19.0, "SC_MAY_M": 18.0, "MED_MEN_SI": 0.0, "MED_MEN_H": 12.0, "MED_MEN_M": 19.0, "MED_MAY_SI": 0.0, "MED_MAY_H": 22.0, "MED_MAY_M": 18.0, "NT1_SI": 0.0, "NT1_H": 0.0, "NT1_M": 0.0, "NT2_SI": 0.0, "NT2_H": 0.0, "NT2_M": 0.0, "N_TOTAL": 123.0, "DIRECCION": "SANTA INES", "NUMERO": 654.0, "REFERENCIA": null, "LATITUD": -33.445199, "LONGITUD": -70.710279 }, "geometry": { "type": "Point", "coordinates": [ -70.710279, -33.445199 ] } },
{ "type": "Feature", "properties": { "AGNO": 2021.0, "ID_ESTAB": 13121007.0, "ORIGEN": 2.0, "NOM_ESTAB": "NIDITO DE SOL", "COD_REG_ES": 13.0, "COD_PRO_ES": 131.0, "COD_COM_ES": 13121.0, "NOM_COM_ES": "PEDRO AGUIRRE CERDA", "COD_DEPROV": 0.0, "NOM_DEPROV": null, "DEPENDENCI": 4.0, "RURAL_ESTA": 0.0, "ESTADO_EST": 0.0, "SC_MEN_SI": 0.0, "SC_MEN_H": 5.0, "SC_MEN_M": 5.0, "SC_MAY_H": 15.0, "SC_MAY_M": 11.0, "MED_MEN_SI": 0.0, "MED_MEN_H": 9.0, "MED_MEN_M": 17.0, "MED_MAY_SI": 0.0, "MED_MAY_H": 14.0, "MED_MAY_M": 11.0, "NT1_SI": 0.0, "NT1_H": 6.0, "NT1_M": 15.0, "NT2_SI": 0.0, "NT2_H": 0.0, "NT2_M": 0.0, "N_TOTAL": 108.0, "DIRECCION": "ANTONIO D`CAMARA", "NUMERO": 3591.0, "REFERENCIA": ", POB.UEVA INDEPENDENCIA", "LATITUD": -33.484954, "LONGITUD": -70.685009 }, "geometry": { "type": "Point", "coordinates": [ -70.685009, -33.484954 ] } },
{ "type": "Feature", "properties": { "AGNO": 2021.0, "ID_ESTAB": 13121023.0, "ORIGEN": 2.0, "NOM_ESTAB": "JOSE BACKAUSSE", "COD_REG_ES": 13.0, "COD_PRO_ES": 131.0, "COD_COM_ES": 13121.0, "NOM_COM_ES": "PEDRO AGUIRRE CERDA", "COD_DEPROV": 0.0, "NOM_DEPROV": null, "DEPENDENCI": 4.0, "RURAL_ESTA": 0.0, "ESTADO_EST": 0.0, "SC_MEN_SI": 0.0, "SC_MEN_H": 14.0, "SC_MEN_M": 5.0, "SC_MAY_H": 12.0, "SC_MAY_M": 8.0, "MED_MEN_SI": 0.0, "MED_MEN_H": 23.0, "MED_MEN_M": 11.0, "MED_MAY_SI": 0.0, "MED_MAY_H": 21.0, "MED_MAY_M": 13.0, "NT1_SI": 0.0, "NT1_H": 0.0, "NT1_M": 0.0, "NT2_SI": 0.0, "NT2_H": 0.0, "NT2_M": 0.0, "N_TOTAL": 107.0, "DIRECCION": "JOSE BACKAUSSE", "NUMERO": 2880.0, "REFERENCIA": null, "LATITUD": -33.482462, "LONGITUD": -70.675042 }, "geometry": { "type": "Point", "coordinates": [ -70.675042, -33.482462 ] } },
{ "type": "Feature", "properties": { "AGNO": 2021.0, "ID_ESTAB": 13121027.0, "ORIGEN": 2.0, "NOM_ESTAB": "ELOISA DIAZ", "COD_REG_ES": 13.0, "COD_PRO_ES": 131.0, "COD_COM_ES": 13121.0, "NOM_COM_ES": "PEDRO AGUIRRE CERDA", "COD_DEPROV": 0.0, "NOM_DEPROV": null, "DEPENDENCI": 4.0, "RURAL_ESTA": 0.0, "ESTADO_EST": 0.0, "SC_MEN_SI": 0.0, "SC_MEN_H": 5.0, "SC_MEN_M": 2.0, "SC_MAY_H": 14.0, "SC_MAY_M": 6.0, "MED_MEN_SI": 0.0, "MED_MEN_H": 13.0, "MED_MEN_M": 10.0, "MED_MAY_SI": 0.0, "MED_MAY_H": 14.0, "MED_MAY_M": 13.0, "NT1_SI": 0.0, "NT1_H": 0.0, "NT1_M": 0.0, "NT2_SI": 0.0, "NT2_H": 0.0, "NT2_M": 0.0, "N_TOTAL": 77.0, "DIRECCION": "QUIAPO", "NUMERO": 3091.0, "REFERENCIA": null, "LATITUD": -33.480157, "LONGITUD": -70.676686 }, "geometry": { "type": "Point", "coordinates": [ -70.676686, -33.480157 ] } },
{ "type": "Feature", "properties": { "AGNO": 2021.0, "ID_ESTAB": 13126013.0, "ORIGEN": 2.0, "NOM_ESTAB": "ISMAEL VALDES", "COD_REG_ES": 13.0, "COD_PRO_ES": 131.0, "COD_COM_ES": 13126.0, "NOM_COM_ES": "QUINTA NORMAL", "COD_DEPROV": 0.0, "NOM_DEPROV": null, "DEPENDENCI": 4.0, "RURAL_ESTA": 0.0, "ESTADO_EST": 0.0, "SC_MEN_SI": 0.0, "SC_MEN_H": 0.0, "SC_MEN_M": 0.0, "SC_MAY_H": 0.0, "SC_MAY_M": 0.0, "MED_MEN_SI": 0.0, "MED_MEN_H": 8.0, "MED_MEN_M": 12.0, "MED_MAY_SI": 0.0, "MED_MAY_H": 13.0, "MED_MAY_M": 9.0, "NT1_SI": 0.0, "NT1_H": 6.0, "NT1_M": 3.0, "NT2_SI": 0.0, "NT2_H": 0.0, "NT2_M": 0.0, "N_TOTAL": 51.0, "DIRECCION": "AVENIDAUEVA IMPERIAL", "NUMERO": 4717.0, "REFERENCIA": null, "LATITUD": -33.44549, "LONGITUD": -70.69898 }, "geometry": { "type": "Point", "coordinates": [ -70.69898001, -33.44548999 ] } },
{ "type": "Feature", "properties": { "AGNO": 2021.0, "ID_ESTAB": 13126014.0, "ORIGEN": 2.0, "NOM_ESTAB": "AMANDA LABARCA", "COD_REG_ES": 13.0, "COD_PRO_ES": 131.0, "COD_COM_ES": 13126.0, "NOM_COM_ES": "QUINTA NORMAL", "COD_DEPROV": 0.0, "NOM_DEPROV": null, "DEPENDENCI": 4.0, "RURAL_ESTA": 0.0, "ESTADO_EST": 0.0, "SC_MEN_SI": 0.0, "SC_MEN_H": 7.0, "SC_MEN_M": 13.0, "SC_MAY_H": 7.0, "SC_MAY_M": 13.0, "MED_MEN_SI": 0.0, "MED_MEN_H": 0.0, "MED_MEN_M": 0.0, "MED_MAY_SI": 0.0, "MED_MAY_H": 0.0, "MED_MAY_M": 0.0, "NT1_SI": 0.0, "NT1_H": 0.0, "NT1_M": 0.0, "NT2_SI": 0.0, "NT2_H": 0.0, "NT2_M": 0.0, "N_TOTAL": 40.0, "DIRECCION": "CATEDRAL", "NUMERO": 4641.0, "REFERENCIA": null, "LATITUD": -33.441529, "LONGITUD": -70.698246 }, "geometry": { "type": "Point", "coordinates": [ -70.69824596, -33.44152899 ] } },
{ "type": "Feature", "properties": { "AGNO": 2021.0, "ID_ESTAB": 132202.0, "ORIGEN": 3.0, "NOM_ESTAB": "LOS ROBLES", "COD_REG_ES": 13.0, "COD_PRO_ES": 131.0, "COD_COM_ES": 13121.0, "NOM_COM_ES": "PEDRO AGUIRRE CERDA", "COD_DEPROV": 0.0, "NOM_DEPROV": null, "DEPENDENCI": 5.0, "RURAL_ESTA": 0.0, "ESTADO_EST": 0.0, "SC_MEN_SI": 0.0, "SC_MEN_H": 3.0, "SC_MEN_M": 1.0, "SC_MAY_H": 9.0, "SC_MAY_M": 8.0, "MED_MEN_SI": 0.0, "MED_MEN_H": 14.0, "MED_MEN_M": 18.0, "MED_MAY_SI": 0.0, "MED_MAY_H": 27.0, "MED_MAY_M": 26.0, "NT1_SI": 0.0, "NT1_H": 0.0, "NT1_M": 0.0, "NT2_SI": 0.0, "NT2_H": 0.0, "NT2_M": 0.0, "N_TOTAL": 106.0, "DIRECCION": "1 DE MAYO", "NUMERO": 4136.0, "REFERENCIA": null, "LATITUD": -33.483477, "LONGITUD": -70.678634 }, "geometry": { "type": "Point", "coordinates": [ -70.678634, -33.483477 ] } },
{ "type": "Feature", "properties": { "AGNO": 2021.0, "ID_ESTAB": 142401.0, "ORIGEN": 3.0, "NOM_ESTAB": "ESTACIÓN MULTICOLOR", "COD_REG_ES": 13.0, "COD_PRO_ES": 131.0, "COD_COM_ES": 13106.0, "NOM_COM_ES": "ESTACIÓN CENTRAL", "COD_DEPROV": 0.0, "NOM_DEPROV": null, "DEPENDENCI": 5.0, "RURAL_ESTA": 0.0, "ESTADO_EST": 0.0, "SC_MEN_SI": 0.0, "SC_MEN_H": 8.0, "SC_MEN_M": 11.0, "SC_MAY_H": 13.0, "SC_MAY_M": 6.0, "MED_MEN_SI": 0.0, "MED_MEN_H": 15.0, "MED_MEN_M": 13.0, "MED_MAY_SI": 0.0, "MED_MAY_H": 25.0, "MED_MAY_M": 26.0, "NT1_SI": 0.0, "NT1_H": 0.0, "NT1_M": 0.0, "NT2_SI": 0.0, "NT2_H": 0.0, "NT2_M": 0.0, "N_TOTAL": 117.0, "DIRECCION": "ARICA", "NUMERO": 3702.0, "REFERENCIA": null, "LATITUD": -33.459231, "LONGITUD": -70.685757 }, "geometry": { "type": "Point", "coordinates": [ -70.685757, -33.459231 ] } },
{ "type": "Feature", "properties": { "AGNO": 2021.0, "ID_ESTAB": 142402.0, "ORIGEN": 3.0, "NOM_ESTAB": "TAI-TAI", "COD_REG_ES": 13.0, "COD_PRO_ES": 131.0, "COD_COM_ES": 13106.0, "NOM_COM_ES": "ESTACIÓN CENTRAL", "COD_DEPROV": 0.0, "NOM_DEPROV": null, "DEPENDENCI": 5.0, "RURAL_ESTA": 0.0, "ESTADO_EST": 0.0, "SC_MEN_SI": 0.0, "SC_MEN_H": 0.0, "SC_MEN_M": 0.0, "SC_MAY_H": 0.0, "SC_MAY_M": 0.0, "MED_MEN_SI": 0.0, "MED_MEN_H": 9.0, "MED_MEN_M": 10.0, "MED_MAY_SI": 0.0, "MED_MAY_H": 11.0, "MED_MAY_M": 12.0, "NT1_SI": 0.0, "NT1_H": 0.0, "NT1_M": 0.0, "NT2_SI": 0.0, "NT2_H": 0.0, "NT2_M": 0.0, "N_TOTAL": 42.0, "DIRECCION": "LA UNIÓN", "NUMERO": 3485.0, "REFERENCIA": null, "LATITUD": -33.475171, "LONGITUD": -70.684016 }, "geometry": { "type": "Point", "coordinates": [ -70.684016, -33.475171 ] } },
{ "type": "Feature", "properties": { "AGNO": 2021.0, "ID_ESTAB": 142403.0, "ORIGEN": 3.0, "NOM_ESTAB": "AMULEN", "COD_REG_ES": 13.0, "COD_PRO_ES": 131.0, "COD_COM_ES": 13106.0, "NOM_COM_ES": "ESTACIÓN CENTRAL", "COD_DEPROV": 0.0, "NOM_DEPROV": null, "DEPENDENCI": 5.0, "RURAL_ESTA": 0.0, "ESTADO_EST": 0.0, "SC_MEN_SI": 0.0, "SC_MEN_H": 4.0, "SC_MEN_M": 12.0, "SC_MAY_H": 8.0, "SC_MAY_M": 10.0, "MED_MEN_SI": 0.0, "MED_MEN_H": 35.0, "MED_MEN_M": 29.0, "MED_MAY_SI": 0.0, "MED_MAY_H": 37.0, "MED_MAY_M": 24.0, "NT1_SI": 0.0, "NT1_H": 0.0, "NT1_M": 0.0, "NT2_SI": 0.0, "NT2_H": 0.0, "NT2_M": 0.0, "N_TOTAL": 159.0, "DIRECCION": "EL LINGUE", "NUMERO": 336.0, "REFERENCIA": null, "LATITUD": -33.465396, "LONGITUD": -70.709651 }, "geometry": { "type": "Point", "coordinates": [ -70.709651, -33.465396 ] } },
{ "type": "Feature", "properties": { "AGNO": 2021.0, "ID_ESTAB": 142404.0, "ORIGEN": 3.0, "NOM_ESTAB": "MI MUNDO FELIZ", "COD_REG_ES": 13.0, "COD_PRO_ES": 131.0, "COD_COM_ES": 13106.0, "NOM_COM_ES": "ESTACIÓN CENTRAL", "COD_DEPROV": 0.0, "NOM_DEPROV": null, "DEPENDENCI": 5.0, "RURAL_ESTA": 0.0, "ESTADO_EST": 0.0, "SC_MEN_SI": 0.0, "SC_MEN_H": 7.0, "SC_MEN_M": 2.0, "SC_MAY_H": 10.0, "SC_MAY_M": 12.0, "MED_MEN_SI": 0.0, "MED_MEN_H": 20.0, "MED_MEN_M": 23.0, "MED_MAY_SI": 0.0, "MED_MAY_H": 39.0, "MED_MAY_M": 29.0, "NT1_SI": 0.0, "NT1_H": 0.0, "NT1_M": 0.0, "NT2_SI": 0.0, "NT2_H": 0.0, "NT2_M": 0.0, "N_TOTAL": 142.0, "DIRECCION": "GUILLERMO SAAVEDRA", "NUMERO": 5487.0, "REFERENCIA": null, "LATITUD": -33.474796, "LONGITUD": -70.715904 }, "geometry": { "type": "Point", "coordinates": [ -70.715904, -33.474796 ] } },
{ "type": "Feature", "properties": { "AGNO": 2021.0, "ID_ESTAB": 142406.0, "ORIGEN": 3.0, "NOM_ESTAB": "SAN ALBERTO", "COD_REG_ES": 13.0, "COD_PRO_ES": 131.0, "COD_COM_ES": 13106.0, "NOM_COM_ES": "ESTACIÓN CENTRAL", "COD_DEPROV": 0.0, "NOM_DEPROV": null, "DEPENDENCI": 5.0, "RURAL_ESTA": 0.0, "ESTADO_EST": 0.0, "SC_MEN_SI": 0.0, "SC_MEN_H": 0.0, "SC_MEN_M": 0.0, "SC_MAY_H": 0.0, "SC_MAY_M": 0.0, "MED_MEN_SI": 0.0, "MED_MEN_H": 0.0, "MED_MEN_M": 0.0, "MED_MAY_SI": 0.0, "MED_MAY_H": 0.0, "MED_MAY_M": 0.0, "NT1_SI": 0.0, "NT1_H": 36.0, "NT1_M": 33.0, "NT2_SI": 0.0, "NT2_H": 0.0, "NT2_M": 0.0, "N_TOTAL": 69.0, "DIRECCION": "CAPITÁN GÁLVEZ", "NUMERO": 4060.0, "REFERENCIA": null, "LATITUD": -33.468482, "LONGITUD": -70.689148 }, "geometry": { "type": "Point", "coordinates": [ -70.689148, -33.468482 ] } },
{ "type": "Feature", "properties": { "AGNO": 2021.0, "ID_ESTAB": 8818.0, "ORIGEN": 1.0, "NOM_ESTAB": "LICEO ALEXANDER FLEMING DE LAS CONDES", "COD_REG_ES": 13.0, "COD_PRO_ES": 131.0, "COD_COM_ES": 13114.0, "NOM_COM_ES": "LAS CONDES", "COD_DEPROV": 133.0, "NOM_DEPROV": "SANTIAGO ORIENTE", "DEPENDENCI": 2.0, "RURAL_ESTA": 0.0, "ESTADO_EST": 1.0, "SC_MEN_SI": 0.0, "SC_MEN_H": 0.0, "SC_MEN_M": 0.0, "SC_MAY_H": 0.0, "SC_MAY_M": 0.0, "MED_MEN_SI": 0.0, "MED_MEN_H": 0.0, "MED_MEN_M": 0.0, "MED_MAY_SI": 0.0, "MED_MAY_H": 0.0, "MED_MAY_M": 0.0, "NT1_SI": 0.0, "NT1_H": 26.0, "NT1_M": 40.0, "NT2_SI": 0.0, "NT2_H": 36.0, "NT2_M": 34.0, "N_TOTAL": 136.0, "DIRECCION": "ALEJANDRO FLEMING", "NUMERO": 7315.0, "REFERENCIA": "ALEJANDRO FLEMING CON TOMÁS MORO", "LATITUD": -33.425639, "LONGITUD": -70.554957 }, "geometry": { "type": "Point", "coordinates": [ -70.55495696, -33.42563894 ] } },
{ "type": "Feature", "properties": { "AGNO": 2021.0, "ID_ESTAB": 8828.0, "ORIGEN": 1.0, "NOM_ESTAB": "LICEO BICENTENARIO SIMON BOLIVAR", "COD_REG_ES": 13.0, "COD_PRO_ES": 131.0, "COD_COM_ES": 13114.0, "NOM_COM_ES": "LAS CONDES", "COD_DEPROV": 133.0, "NOM_DEPROV": "SANTIAGO ORIENTE", "DEPENDENCI": 1.0, "RURAL_ESTA": 0.0, "ESTADO_EST": 1.0, "SC_MEN_SI": 0.0, "SC_MEN_H": 0.0, "SC_MEN_M": 0.0, "SC_MAY_H": 0.0, "SC_MAY_M": 0.0, "MED_MEN_SI": 0.0, "MED_MEN_H": 0.0, "MED_MEN_M": 0.0, "MED_MAY_SI": 0.0, "MED_MAY_H": 0.0, "MED_MAY_M": 0.0, "NT1_SI": 0.0, "NT1_H": 47.0, "NT1_M": 43.0, "NT2_SI": 0.0, "NT2_H": 38.0, "NT2_M": 51.0, "N_TOTAL": 179.0, "DIRECCION": "AVENIDA TOMAS MORO", "NUMERO": 1651.0, "REFERENCIA": "AV. TOMAS MORO ESQUINA AV. FLEMING", "LATITUD": -33.426196, "LONGITUD": -70.554259 }, "geometry": { "type": "Point", "coordinates": [ -70.55425887, -33.42619601 ] } },
{ "type": "Feature", "properties": { "AGNO": 2021.0, "ID_ESTAB": 8835.0, "ORIGEN": 1.0, "NOM_ESTAB": "LICEO BICENTENARIO SANTA MARIA DE LAS CONDES", "COD_REG_ES": 13.0, "COD_PRO_ES": 131.0, "COD_COM_ES": 13114.0, "NOM_COM_ES": "LAS CONDES", "COD_DEPROV": 133.0, "NOM_DEPROV": "SANTIAGO ORIENTE", "DEPENDENCI": 1.0, "RURAL_ESTA": 0.0, "ESTADO_EST": 1.0, "SC_MEN_SI": 0.0, "SC_MEN_H": 0.0, "SC_MEN_M": 0.0, "SC_MAY_H": 0.0, "SC_MAY_M": 0.0, "MED_MEN_SI": 0.0, "MED_MEN_H": 0.0, "MED_MEN_M": 0.0, "MED_MAY_SI": 0.0, "MED_MAY_H": 0.0, "MED_MAY_M": 0.0, "NT1_SI": 0.0, "NT1_H": 31.0, "NT1_M": 27.0, "NT2_SI": 0.0, "NT2_H": 31.0, "NT2_M": 29.0, "N_TOTAL": 118.0, "DIRECCION": "VIA LACTEA", "NUMERO": 9308.0, "REFERENCIA": "LAS COORDENADAS SON AVDA. FLEMING, VITAL APOQUINDO, NUEVA BILBAO Y PADRE HURTADO.", "LATITUD": -33.42566, "LONGITUD": -70.531677 }, "geometry": { "type": "Point", "coordinates": [ -70.5316773, -33.42566016 ] } },
{ "type": "Feature", "properties": { "AGNO": 2021.0, "ID_ESTAB": 8966.0, "ORIGEN": 1.0, "NOM_ESTAB": "COLEGIO SAINT GABRIEL´S SCHOOL LOCAL SEDE", "COD_REG_ES": 13.0, "COD_PRO_ES": 131.0, "COD_COM_ES": 13123.0, "NOM_COM_ES": "PROVIDENCIA", "COD_DEPROV": 133.0, "NOM_DEPROV": "SANTIAGO ORIENTE", "DEPENDENCI": 3.0, "RURAL_ESTA": 0.0, "ESTADO_EST": 1.0, "SC_MEN_SI": 0.0, "SC_MEN_H": 0.0, "SC_MEN_M": 0.0, "SC_MAY_H": 0.0, "SC_MAY_M": 0.0, "MED_MEN_SI": 0.0, "MED_MEN_H": 0.0, "MED_MEN_M": 0.0, "MED_MAY_SI": 0.0, "MED_MAY_H": 0.0, "MED_MAY_M": 0.0, "NT1_SI": 0.0, "NT1_H": 46.0, "NT1_M": 36.0, "NT2_SI": 0.0, "NT2_H": 68.0, "NT2_M": 72.0, "N_TOTAL": 222.0, "DIRECCION": "FRANCISCO BILBAO", "NUMERO": 3070.0, "REFERENCIA": "METRO ESTACIÓN BILBAO (BILBAO CON TOBALABA)", "LATITUD": -33.431985, "LONGITUD": -70.58551 }, "geometry": { "type": "Point", "coordinates": [ -70.58551, -33.43198499 ] } },
{ "type": "Feature", "properties": { "AGNO": 2021.0, "ID_ESTAB": 8974.0, "ORIGEN": 1.0, "NOM_ESTAB": "COLEGIO CAMPVS COLLEGE", "COD_REG_ES": 13.0, "COD_PRO_ES": 131.0, "COD_COM_ES": 13123.0, "NOM_COM_ES": "PROVIDENCIA", "COD_DEPROV": 133.0, "NOM_DEPROV": "SANTIAGO ORIENTE", "DEPENDENCI": 3.0, "RURAL_ESTA": 0.0, "ESTADO_EST": 1.0, "SC_MEN_SI": 0.0, "SC_MEN_H": 0.0, "SC_MEN_M": 0.0, "SC_MAY_H": 0.0, "SC_MAY_M": 0.0, "MED_MEN_SI": 0.0, "MED_MEN_H": 0.0, "MED_MEN_M": 0.0, "MED_MAY_SI": 0.0, "MED_MAY_H": 4.0, "MED_MAY_M": 6.0, "NT1_SI": 0.0, "NT1_H": 11.0, "NT1_M": 23.0, "NT2_SI": 0.0, "NT2_H": 18.0, "NT2_M": 22.0, "N_TOTAL": 84.0, "DIRECCION": "ANTONIO VARAS", "NUMERO": 1073.0, "REFERENCIA": "A UNA CUADRA DE AV. FRANCISCO BILBAO HACIA EL NORTE.", "LATITUD": -33.437045, "LONGITUD": -70.61461 }, "geometry": { "type": "Point", "coordinates": [ -70.61461, -33.43704499 ] } },
{ "type": "Feature", "properties": { "AGNO": 2021.0, "ID_ESTAB": 8996.0, "ORIGEN": 1.0, "NOM_ESTAB": "COLEGIO SAN IGNACIO EL BOSQUE", "COD_REG_ES": 13.0, "COD_PRO_ES": 131.0, "COD_COM_ES": 13123.0, "NOM_COM_ES": "PROVIDENCIA", "COD_DEPROV": 133.0, "NOM_DEPROV": "SANTIAGO ORIENTE", "DEPENDENCI": 3.0, "RURAL_ESTA": 0.0, "ESTADO_EST": 1.0, "SC_MEN_SI": 0.0, "SC_MEN_H": 0.0, "SC_MEN_M": 0.0, "SC_MAY_H": 0.0, "SC_MAY_M": 0.0, "MED_MEN_SI": 0.0, "MED_MEN_H": 0.0, "MED_MEN_M": 0.0, "MED_MAY_SI": 0.0, "MED_MAY_H": 0.0, "MED_MAY_M": 0.0, "NT1_SI": 0.0, "NT1_H": 75.0, "NT1_M": 63.0, "NT2_SI": 0.0, "NT2_H": 71.0, "NT2_M": 67.0, "N_TOTAL": 276.0, "DIRECCION": "AVENIDA POCURO", "NUMERO": 2801.0, "REFERENCIA": null, "LATITUD": -33.433074, "LONGITUD": -70.59447 }, "geometry": { "type": "Point", "coordinates": [ -70.59447, -33.43307399 ] } },
{ "type": "Feature", "properties": { "AGNO": 2021.0, "ID_ESTAB": 9006.0, "ORIGEN": 1.0, "NOM_ESTAB": "COMPLEJO EDUCACIONAL LA REINA", "COD_REG_ES": 13.0, "COD_PRO_ES": 131.0, "COD_COM_ES": 13113.0, "NOM_COM_ES": "LA REINA", "COD_DEPROV": 133.0, "NOM_DEPROV": "SANTIAGO ORIENTE", "DEPENDENCI": 1.0, "RURAL_ESTA": 0.0, "ESTADO_EST": 1.0, "SC_MEN_SI": 0.0, "SC_MEN_H": 0.0, "SC_MEN_M": 0.0, "SC_MAY_H": 0.0, "SC_MAY_M": 0.0, "MED_MEN_SI": 0.0, "MED_MEN_H": 0.0, "MED_MEN_M": 0.0, "MED_MAY_SI": 0.0, "MED_MAY_H": 0.0, "MED_MAY_M": 0.0, "NT1_SI": 0.0, "NT1_H": 14.0, "NT1_M": 22.0, "NT2_SI": 0.0, "NT2_H": 22.0, "NT2_M": 20.0, "N_TOTAL": 78.0, "DIRECCION": "QUILLAGUA", "NUMERO": 40.0, "REFERENCIA": "AVDA. LARRAÍN ALTURA 9.500.", "LATITUD": -33.452618, "LONGITUD": -70.53304 }, "geometry": { "type": "Point", "coordinates": [ -70.53304029, -33.45261793 ] } },
{ "type": "Feature", "properties": { "AGNO": 2021.0, "ID_ESTAB": 9007.0, "ORIGEN": 1.0, "NOM_ESTAB": "LICEO EUGENIO MARÍA DE HOSTOS", "COD_REG_ES": 13.0, "COD_PRO_ES": 131.0, "COD_COM_ES": 13113.0, "NOM_COM_ES": "LA REINA", "COD_DEPROV": 133.0, "NOM_DEPROV": "SANTIAGO ORIENTE", "DEPENDENCI": 1.0, "RURAL_ESTA": 0.0, "ESTADO_EST": 1.0, "SC_MEN_SI": 0.0, "SC_MEN_H": 0.0, "SC_MEN_M": 0.0, "SC_MAY_H": 0.0, "SC_MAY_M": 0.0, "MED_MEN_SI": 0.0, "MED_MEN_H": 0.0, "MED_MEN_M": 0.0, "MED_MAY_SI": 0.0, "MED_MAY_H": 0.0, "MED_MAY_M": 0.0, "NT1_SI": 0.0, "NT1_H": 19.0, "NT1_M": 13.0, "NT2_SI": 0.0, "NT2_H": 22.0, "NT2_M": 10.0, "N_TOTAL": 64.0, "DIRECCION": "ECHENIQUE", "NUMERO": 8625.0, "REFERENCIA": "A UN COSTADO DE 6° COMPAÑÍA DE BOMBEROS DE LA REINA", "LATITUD": -33.442597, "LONGITUD": -70.541644 }, "geometry": { "type": "Point", "coordinates": [ -70.54164406, -33.4425965 ] } },
{ "type": "Feature", "properties": { "AGNO": 2021.0, "ID_ESTAB": 9008.0, "ORIGEN": 1.0, "NOM_ESTAB": "COLEGIO MUNICIPALIZADO CONFEDERAC SUIZA", "COD_REG_ES": 13.0, "COD_PRO_ES": 131.0, "COD_COM_ES": 13113.0, "NOM_COM_ES": "LA REINA", "COD_DEPROV": 133.0, "NOM_DEPROV": "SANTIAGO ORIENTE", "DEPENDENCI": 1.0, "RURAL_ESTA": 0.0, "ESTADO_EST": 1.0, "SC_MEN_SI": 0.0, "SC_MEN_H": 0.0, "SC_MEN_M": 0.0, "SC_MAY_H": 0.0, "SC_MAY_M": 0.0, "MED_MEN_SI": 0.0, "MED_MEN_H": 0.0, "MED_MEN_M": 0.0, "MED_MAY_SI": 0.0, "MED_MAY_H": 0.0, "MED_MAY_M": 0.0, "NT1_SI": 0.0, "NT1_H": 16.0, "NT1_M": 9.0, "NT2_SI": 0.0, "NT2_H": 20.0, "NT2_M": 16.0, "N_TOTAL": 61.0, "DIRECCION": "AVENIDA JOSE ARRIETA", "NUMERO": 5896.0, "REFERENCIA": "ENTRE METRO LOS ORIENTALES Y PLAZA EGAÑA.", "LATITUD": -33.459498, "LONGITUD": -70.570351 }, "geometry": { "type": "Point", "coordinates": [ -70.57035089, -33.45949842 ] } },
{ "type": "Feature", "properties": { "AGNO": 2021.0, "ID_ESTAB": 9010.0, "ORIGEN": 1.0, "NOM_ESTAB": "ESCUELA D-231 ESPECIAL DE DESARROLLO", "COD_REG_ES": 13.0, "COD_PRO_ES": 131.0, "COD_COM_ES": 13113.0, "NOM_COM_ES": "LA REINA", "COD_DEPROV": 133.0, "NOM_DEPROV": "SANTIAGO ORIENTE", "DEPENDENCI": 1.0, "RURAL_ESTA": 0.0, "ESTADO_EST": 1.0, "SC_MEN_SI": 0.0, "SC_MEN_H": 0.0, "SC_MEN_M": 0.0, "SC_MAY_H": 0.0, "SC_MAY_M": 0.0, "MED_MEN_SI": 0.0, "MED_MEN_H": 0.0, "MED_MEN_M": 0.0, "MED_MAY_SI": 0.0, "MED_MAY_H": 0.0, "MED_MAY_M": 0.0, "NT1_SI": 0.0, "NT1_H": 5.0, "NT1_M": 2.0, "NT2_SI": 0.0, "NT2_H": 7.0, "NT2_M": 0.0, "N_TOTAL": 14.0, "DIRECCION": "AVENIDA LARRAIN", "NUMERO": 6374.0, "REFERENCIA": "METRO PLAZA EGAÑA CUATRO CUADRAS HACIA EL ORIENTE. VEREDA NORTE.", "LATITUD": -33.452576, "LONGITUD": -70.56314 }, "geometry": { "type": "Point", "coordinates": [ -70.56314, -33.452576 ] } },
{ "type": "Feature", "properties": { "AGNO": 2021.0, "ID_ESTAB": 9011.0, "ORIGEN": 1.0, "NOM_ESTAB": "COLEGIO SAN CONSTANTINO", "COD_REG_ES": 13.0, "COD_PRO_ES": 131.0, "COD_COM_ES": 13113.0, "NOM_COM_ES": "LA REINA", "COD_DEPROV": 133.0, "NOM_DEPROV": "SANTIAGO ORIENTE", "DEPENDENCI": 1.0, "RURAL_ESTA": 0.0, "ESTADO_EST": 1.0, "SC_MEN_SI": 0.0, "SC_MEN_H": 0.0, "SC_MEN_M": 0.0, "SC_MAY_H": 0.0, "SC_MAY_M": 0.0, "MED_MEN_SI": 0.0, "MED_MEN_H": 0.0, "MED_MEN_M": 0.0, "MED_MAY_SI": 0.0, "MED_MAY_H": 0.0, "MED_MAY_M": 0.0, "NT1_SI": 0.0, "NT1_H": 15.0, "NT1_M": 9.0, "NT2_SI": 0.0, "NT2_H": 13.0, "NT2_M": 17.0, "N_TOTAL": 54.0, "DIRECCION": "AVENIDA FERNANDO CASTILLO VELASCO", "NUMERO": 9201.0, "REFERENCIA": "FRENTE HOSPITAL MILITAR DE LA REINA", "LATITUD": -33.452055, "LONGITUD": -70.537006 }, "geometry": { "type": "Point", "coordinates": [ -70.53700564, -33.45205511 ] } },
{ "type": "Feature", "properties": { "AGNO": 2021.0, "ID_ESTAB": 9012.0, "ORIGEN": 1.0, "NOM_ESTAB": "ESCUELA BASICA YANGTSE EX E-229", "COD_REG_ES": 13.0, "COD_PRO_ES": 131.0, "COD_COM_ES": 13113.0, "NOM_COM_ES": "LA REINA", "COD_DEPROV": 133.0, "NOM_DEPROV": "SANTIAGO ORIENTE", "DEPENDENCI": 1.0, "RURAL_ESTA": 0.0, "ESTADO_EST": 1.0, "SC_MEN_SI": 0.0, "SC_MEN_H": 0.0, "SC_MEN_M": 0.0, "SC_MAY_H": 0.0, "SC_MAY_M": 0.0, "MED_MEN_SI": 0.0, "MED_MEN_H": 0.0, "MED_MEN_M": 0.0, "MED_MAY_SI": 0.0, "MED_MAY_H": 0.0, "MED_MAY_M": 0.0, "NT1_SI": 0.0, "NT1_H": 0.0, "NT1_M": 0.0, "NT2_SI": 0.0, "NT2_H": 12.0, "NT2_M": 24.0, "N_TOTAL": 36.0, "DIRECCION": "AVENIDA ALCALDE FERNANDO CASTILLO VELASCO", "NUMERO": 7631.0, "REFERENCIA": null, "LATITUD": -33.451354, "LONGITUD": -70.54994 }, "geometry": { "type": "Point", "coordinates": [ -70.54994039, -33.45135443 ] } },
{ "type": "Feature", "properties": { "AGNO": 2021.0, "ID_ESTAB": 9013.0, "ORIGEN": 1.0, "NOM_ESTAB": "ESCUELA PALESTINA", "COD_REG_ES": 13.0, "COD_PRO_ES": 131.0, "COD_COM_ES": 13113.0, "NOM_COM_ES": "LA REINA", "COD_DEPROV": 133.0, "NOM_DEPROV": "SANTIAGO ORIENTE", "DEPENDENCI": 1.0, "RURAL_ESTA": 0.0, "ESTADO_EST": 1.0, "SC_MEN_SI": 0.0, "SC_MEN_H": 0.0, "SC_MEN_M": 0.0, "SC_MAY_H": 0.0, "SC_MAY_M": 0.0, "MED_MEN_SI": 0.0, "MED_MEN_H": 0.0, "MED_MEN_M": 0.0, "MED_MAY_SI": 0.0, "MED_MAY_H": 0.0, "MED_MAY_M": 0.0, "NT1_SI": 0.0, "NT1_H": 17.0, "NT1_M": 18.0, "NT2_SI": 0.0, "NT2_H": 15.0, "NT2_M": 25.0, "N_TOTAL": 75.0, "DIRECCION": "GENARO BENAVIDES", "NUMERO": 6405.0, "REFERENCIA": "ENTRE SIMON BOLIVAR EN AV. LARRAIN", "LATITUD": -33.448727, "LONGITUD": -70.564282 }, "geometry": { "type": "Point", "coordinates": [ -70.56428185, -33.44872712 ] } },
{ "type": "Feature", "properties": { "AGNO": 2021.0, "ID_ESTAB": 9017.0, "ORIGEN": 1.0, "NOM_ESTAB": "ESCUELA PARTICULAR SAN LEONARDO MURIALDO", "COD_REG_ES": 13.0, "COD_PRO_ES": 131.0, "COD_COM_ES": 13113.0, "NOM_COM_ES": "LA REINA", "COD_DEPROV": 133.0, "NOM_DEPROV": "SANTIAGO ORIENTE", "DEPENDENCI": 2.0, "RURAL_ESTA": 0.0, "ESTADO_EST": 1.0, "SC_MEN_SI": 0.0, "SC_MEN_H": 0.0, "SC_MEN_M": 0.0, "SC_MAY_H": 0.0, "SC_MAY_M": 0.0, "MED_MEN_SI": 0.0, "MED_MEN_H": 0.0, "MED_MEN_M": 0.0, "MED_MAY_SI": 0.0, "MED_MAY_H": 0.0, "MED_MAY_M": 0.0, "NT1_SI": 0.0, "NT1_H": 13.0, "NT1_M": 19.0, "NT2_SI": 0.0, "NT2_H": 26.0, "NT2_M": 14.0, "N_TOTAL": 72.0, "DIRECCION": "ONOFRE JARPA", "NUMERO": 9366.0, "REFERENCIA": "CERCA DE LA CIUDAD DEPORTIVA DE IVAN ZAMORANO, FRENTE A LA PLAZA DE LA REINA.", "LATITUD": -33.439191, "LONGITUD": -70.533012 }, "geometry": { "type": "Point", "coordinates": [ -70.53301155, -33.4391915 ] } },
{ "type": "Feature", "properties": { "AGNO": 2021.0, "ID_ESTAB": 9020.0, "ORIGEN": 1.0, "NOM_ESTAB": "COLEGIO SANTA CATALINA LABOURÉ", "COD_REG_ES": 13.0, "COD_PRO_ES": 131.0, "COD_COM_ES": 13113.0, "NOM_COM_ES": "LA REINA", "COD_DEPROV": 133.0, "NOM_DEPROV": "SANTIAGO ORIENTE", "DEPENDENCI": 2.0, "RURAL_ESTA": 0.0, "ESTADO_EST": 1.0, "SC_MEN_SI": 0.0, "SC_MEN_H": 0.0, "SC_MEN_M": 0.0, "SC_MAY_H": 0.0, "SC_MAY_M": 0.0, "MED_MEN_SI": 0.0, "MED_MEN_H": 0.0, "MED_MEN_M": 0.0, "MED_MAY_SI": 0.0, "MED_MAY_H": 0.0, "MED_MAY_M": 0.0, "NT1_SI": 0.0, "NT1_H": 26.0, "NT1_M": 41.0, "NT2_SI": 0.0, "NT2_H": 35.0, "NT2_M": 44.0, "N_TOTAL": 146.0, "DIRECCION": "DOCTOR GENARO BENAVIDES", "NUMERO": 5663.0, "REFERENCIA": "ENTRE PLAZA EGAÑA Y CINE HOYTS LA REINA POR AV. OSSA", "LATITUD": -33.449342, "LONGITUD": -70.570751 }, "geometry": { "type": "Point", "coordinates": [ -70.57075134, -33.4493415 ] } },
{ "type": "Feature", "properties": { "AGNO": 2021.0, "ID_ESTAB": 9032.0, "ORIGEN": 1.0, "NOM_ESTAB": "ESCUELA PARTICULAR ANTINIL", "COD_REG_ES": 13.0, "COD_PRO_ES": 131.0, "COD_COM_ES": 13113.0, "NOM_COM_ES": "LA REINA", "COD_DEPROV": 133.0, "NOM_DEPROV": "SANTIAGO ORIENTE", "DEPENDENCI": 2.0, "RURAL_ESTA": 0.0, "ESTADO_EST": 1.0, "SC_MEN_SI": 0.0, "SC_MEN_H": 0.0, "SC_MEN_M": 0.0, "SC_MAY_H": 0.0, "SC_MAY_M": 0.0, "MED_MEN_SI": 0.0, "MED_MEN_H": 0.0, "MED_MEN_M": 0.0, "MED_MAY_SI": 0.0, "MED_MAY_H": 0.0, "MED_MAY_M": 0.0, "NT1_SI": 0.0, "NT1_H": 13.0, "NT1_M": 15.0, "NT2_SI": 0.0, "NT2_H": 12.0, "NT2_M": 14.0, "N_TOTAL": 54.0, "DIRECCION": "LEONIDAS BANDERA", "NUMERO": 6972.0, "REFERENCIA": null, "LATITUD": -33.461179, "LONGITUD": -70.556858 }, "geometry": { "type": "Point", "coordinates": [ -70.55685832, -33.46117925 ] } },
{ "type": "Feature", "properties": { "AGNO": 2021.0, "ID_ESTAB": 9033.0, "ORIGEN": 1.0, "NOM_ESTAB": "COLEGIO STA MARIA REINA", "COD_REG_ES": 13.0, "COD_PRO_ES": 131.0, "COD_COM_ES": 13113.0, "NOM_COM_ES": "LA REINA", "COD_DEPROV": 133.0, "NOM_DEPROV": "SANTIAGO ORIENTE", "DEPENDENCI": 2.0, "RURAL_ESTA": 0.0, "ESTADO_EST": 1.0, "SC_MEN_SI": 0.0, "SC_MEN_H": 0.0, "SC_MEN_M": 0.0, "SC_MAY_H": 0.0, "SC_MAY_M": 0.0, "MED_MEN_SI": 0.0, "MED_MEN_H": 0.0, "MED_MEN_M": 0.0, "MED_MAY_SI": 0.0, "MED_MAY_H": 0.0, "MED_MAY_M": 0.0, "NT1_SI": 0.0, "NT1_H": 15.0, "NT1_M": 17.0, "NT2_SI": 0.0, "NT2_H": 27.0, "NT2_M": 24.0, "N_TOTAL": 83.0, "DIRECCION": "ALCALDE FERNANDO CASTILLO VELASCO", "NUMERO": 7437.0, "REFERENCIA": "ALCALDE FERNANDO CASTILLO VELASCO EX LARRAÍN) CON PEPE VILA", "LATITUD": -33.451348, "LONGITUD": -70.5504 }, "geometry": { "type": "Point", "coordinates": [ -70.55039972, -33.45134779 ] } },
{ "type": "Feature", "properties": { "AGNO": 2021.0, "ID_ESTAB": 9035.0, "ORIGEN": 1.0, "NOM_ESTAB": "COLEGIO EL CARMEN TERESIANO", "COD_REG_ES": 13.0, "COD_PRO_ES": 131.0, "COD_COM_ES": 13113.0, "NOM_COM_ES": "LA REINA", "COD_DEPROV": 133.0, "NOM_DEPROV": "SANTIAGO ORIENTE", "DEPENDENCI": 3.0, "RURAL_ESTA": 0.0, "ESTADO_EST": 1.0, "SC_MEN_SI": 0.0, "SC_MEN_H": 0.0, "SC_MEN_M": 0.0, "SC_MAY_H": 0.0, "SC_MAY_M": 0.0, "MED_MEN_SI": 0.0, "MED_MEN_H": 0.0, "MED_MEN_M": 0.0, "MED_MAY_SI": 0.0, "MED_MAY_H": 0.0, "MED_MAY_M": 0.0, "NT1_SI": 0.0, "NT1_H": 6.0, "NT1_M": 3.0, "NT2_SI": 0.0, "NT2_H": 8.0, "NT2_M": 5.0, "N_TOTAL": 22.0, "DIRECCION": "PRINCIPE DE GALES", "NUMERO": 8050.0, "REFERENCIA": null, "LATITUD": -33.439719, "LONGITUD": -70.54791 }, "geometry": { "type": "Point", "coordinates": [ -70.54791, -33.43971899 ] } },
{ "type": "Feature", "properties": { "AGNO": 2021.0, "ID_ESTAB": 9036.0, "ORIGEN": 1.0, "NOM_ESTAB": "COLEGIO JOSÉ ARRIETA", "COD_REG_ES": 13.0, "COD_PRO_ES": 131.0, "COD_COM_ES": 13113.0, "NOM_COM_ES": "LA REINA", "COD_DEPROV": 133.0, "NOM_DEPROV": "SANTIAGO ORIENTE", "DEPENDENCI": 2.0, "RURAL_ESTA": 0.0, "ESTADO_EST": 1.0, "SC_MEN_SI": 0.0, "SC_MEN_H": 0.0, "SC_MEN_M": 0.0, "SC_MAY_H": 0.0, "SC_MAY_M": 0.0, "MED_MEN_SI": 0.0, "MED_MEN_H": 0.0, "MED_MEN_M": 0.0, "MED_MAY_SI": 0.0, "MED_MAY_H": 0.0, "MED_MAY_M": 0.0, "NT1_SI": 0.0, "NT1_H": 44.0, "NT1_M": 26.0, "NT2_SI": 0.0, "NT2_H": 34.0, "NT2_M": 55.0, "N_TOTAL": 159.0, "DIRECCION": "AVENIDA JOSE ARRIETA", "NUMERO": 6870.0, "REFERENCIA": null, "LATITUD": -33.462378, "LONGITUD": -70.558003 }, "geometry": { "type": "Point", "coordinates": [ -70.55800332, -33.46237769 ] } },
{ "type": "Feature", "properties": { "AGNO": 2021.0, "ID_ESTAB": 9039.0, "ORIGEN": 1.0, "NOM_ESTAB": "COLEGIO RUBEN DARIO", "COD_REG_ES": 13.0, "COD_PRO_ES": 131.0, "COD_COM_ES": 13113.0, "NOM_COM_ES": "LA REINA", "COD_DEPROV": 133.0, "NOM_DEPROV": "SANTIAGO ORIENTE", "DEPENDENCI": 3.0, "RURAL_ESTA": 0.0, "ESTADO_EST": 1.0, "SC_MEN_SI": 0.0, "SC_MEN_H": 0.0, "SC_MEN_M": 0.0, "SC_MAY_H": 0.0, "SC_MAY_M": 0.0, "MED_MEN_SI": 0.0, "MED_MEN_H": 0.0, "MED_MEN_M": 0.0, "MED_MAY_SI": 0.0, "MED_MAY_H": 0.0, "MED_MAY_M": 0.0, "NT1_SI": 0.0, "NT1_H": 5.0, "NT1_M": 8.0, "NT2_SI": 0.0, "NT2_H": 10.0, "NT2_M": 7.0, "N_TOTAL": 30.0, "DIRECCION": "PAULA JARAQUEMADA", "NUMERO": 151.0, "REFERENCIA": "LARRAÍN CON A. VESPUCIO 1 CUADRA A LA CORDILLERA", "LATITUD": -33.454635, "LONGITUD": -70.56842 }, "geometry": { "type": "Point", "coordinates": [ -70.56842, -33.454635 ] } },
{ "type": "Feature", "properties": { "AGNO": 2021.0, "ID_ESTAB": 9042.0, "ORIGEN": 1.0, "NOM_ESTAB": "COLEGIO DE LA SALLE", "COD_REG_ES": 13.0, "COD_PRO_ES": 131.0, "COD_COM_ES": 13113.0, "NOM_COM_ES": "LA REINA", "COD_DEPROV": 133.0, "NOM_DEPROV": "SANTIAGO ORIENTE", "DEPENDENCI": 3.0, "RURAL_ESTA": 0.0, "ESTADO_EST": 1.0, "SC_MEN_SI": 0.0, "SC_MEN_H": 0.0, "SC_MEN_M": 0.0, "SC_MAY_H": 0.0, "SC_MAY_M": 0.0, "MED_MEN_SI": 0.0, "MED_MEN_H": 0.0, "MED_MEN_M": 0.0, "MED_MAY_SI": 0.0, "MED_MAY_H": 0.0, "MED_MAY_M": 0.0, "NT1_SI": 0.0, "NT1_H": 39.0, "NT1_M": 44.0, "NT2_SI": 0.0, "NT2_H": 38.0, "NT2_M": 46.0, "N_TOTAL": 167.0, "DIRECCION": "AVENIDA OSSA", "NUMERO": 1349.0, "REFERENCIA": "METRO PRINCIPE DE GALES, HACIA EL SUR", "LATITUD": -33.440899, "LONGITUD": -70.57238 }, "geometry": { "type": "Point", "coordinates": [ -70.57238, -33.440899 ] } },
{ "type": "Feature", "properties": { "AGNO": 2021.0, "ID_ESTAB": 9043.0, "ORIGEN": 1.0, "NOM_ESTAB": "ESCUELA DE PARVULOS N°750 CHISPITAS", "COD_REG_ES": 13.0, "COD_PRO_ES": 131.0, "COD_COM_ES": 13113.0, "NOM_COM_ES": "LA REINA", "COD_DEPROV": 133.0, "NOM_DEPROV": "SANTIAGO ORIENTE", "DEPENDENCI": 3.0, "RURAL_ESTA": 0.0, "ESTADO_EST": 1.0, "SC_MEN_SI": 0.0, "SC_MEN_H": 0.0, "SC_MEN_M": 0.0, "SC_MAY_H": 0.0, "SC_MAY_M": 0.0, "MED_MEN_SI": 0.0, "MED_MEN_H": 3.0, "MED_MEN_M": 5.0, "MED_MAY_SI": 0.0, "MED_MAY_H": 2.0, "MED_MAY_M": 4.0, "NT1_SI": 0.0, "NT1_H": 2.0, "NT1_M": 0.0, "NT2_SI": 0.0, "NT2_H": 0.0, "NT2_M": 1.0, "N_TOTAL": 17.0, "DIRECCION": "JULIO MONTEBRUNO", "NUMERO": 701.0, "REFERENCIA": null, "LATITUD": -33.45858, "LONGITUD": -70.55907 }, "geometry": { "type": "Point", "coordinates": [ -70.55907, -33.45857999 ] } },
{ "type": "Feature", "properties": { "AGNO": 2021.0, "ID_ESTAB": 9046.0, "ORIGEN": 1.0, "NOM_ESTAB": "COLEGIO THE GRANGE SCHOOL", "COD_REG_ES": 13.0, "COD_PRO_ES": 131.0, "COD_COM_ES": 13113.0, "NOM_COM_ES": "LA REINA", "COD_DEPROV": 133.0, "NOM_DEPROV": "SANTIAGO ORIENTE", "DEPENDENCI": 3.0, "RURAL_ESTA": 0.0, "ESTADO_EST": 1.0, "SC_MEN_SI": 0.0, "SC_MEN_H": 0.0, "SC_MEN_M": 0.0, "SC_MAY_H": 0.0, "SC_MAY_M": 0.0, "MED_MEN_SI": 0.0, "MED_MEN_H": 0.0, "MED_MEN_M": 0.0, "MED_MAY_SI": 0.0, "MED_MAY_H": 0.0, "MED_MAY_M": 0.0, "NT1_SI": 0.0, "NT1_H": 82.0, "NT1_M": 82.0, "NT2_SI": 0.0, "NT2_H": 77.0, "NT2_M": 83.0, "N_TOTAL": 324.0, "DIRECCION": "PRINCIPE DE GALES", "NUMERO": 6154.0, "REFERENCIA": "CRUCE DE VESPUCIO CON TOBALABA", "LATITUD": -33.437946, "LONGITUD": -70.56862 }, "geometry": { "type": "Point", "coordinates": [ -70.56862, -33.43794599 ] } },
{ "type": "Feature", "properties": { "AGNO": 2021.0, "ID_ESTAB": 9051.0, "ORIGEN": 1.0, "NOM_ESTAB": "COLEGIO ANDREE ENGLISH SCHOOL", "COD_REG_ES": 13.0, "COD_PRO_ES": 131.0, "COD_COM_ES": 13113.0, "NOM_COM_ES": "LA REINA", "COD_DEPROV": 133.0, "NOM_DEPROV": "SANTIAGO ORIENTE", "DEPENDENCI": 3.0, "RURAL_ESTA": 0.0, "ESTADO_EST": 1.0, "SC_MEN_SI": 0.0, "SC_MEN_H": 0.0, "SC_MEN_M": 0.0, "SC_MAY_H": 0.0, "SC_MAY_M": 0.0, "MED_MEN_SI": 0.0, "MED_MEN_H": 0.0, "MED_MEN_M": 0.0, "MED_MAY_SI": 0.0, "MED_MAY_H": 0.0, "MED_MAY_M": 0.0, "NT1_SI": 0.0, "NT1_H": 71.0, "NT1_M": 74.0, "NT2_SI": 0.0, "NT2_H": 72.0, "NT2_M": 72.0, "N_TOTAL": 289.0, "DIRECCION": "PRINCIPE DE GALES", "NUMERO": 7605.0, "REFERENCIA": null, "LATITUD": -33.439731, "LONGITUD": -70.55145 }, "geometry": { "type": "Point", "coordinates": [ -70.55145, -33.439731 ] } },
{ "type": "Feature", "properties": { "AGNO": 2021.0, "ID_ESTAB": 9053.0, "ORIGEN": 1.0, "NOM_ESTAB": "COLEGIO TERESIANO ENRIQUE DE OSSO", "COD_REG_ES": 13.0, "COD_PRO_ES": 131.0, "COD_COM_ES": 13113.0, "NOM_COM_ES": "LA REINA", "COD_DEPROV": 133.0, "NOM_DEPROV": "SANTIAGO ORIENTE", "DEPENDENCI": 3.0, "RURAL_ESTA": 0.0, "ESTADO_EST": 1.0, "SC_MEN_SI": 0.0, "SC_MEN_H": 0.0, "SC_MEN_M": 0.0, "SC_MAY_H": 0.0, "SC_MAY_M": 0.0, "MED_MEN_SI": 0.0, "MED_MEN_H": 0.0, "MED_MEN_M": 0.0, "MED_MAY_SI": 0.0, "MED_MAY_H": 0.0, "MED_MAY_M": 0.0, "NT1_SI": 0.0, "NT1_H": 32.0, "NT1_M": 36.0, "NT2_SI": 0.0, "NT2_H": 31.0, "NT2_M": 35.0, "N_TOTAL": 134.0, "DIRECCION": "AVENIDA OSSA", "NUMERO": 1157.0, "REFERENCIA": "ENTRE ESTACIONES DEL METRO SIMON BOLIVAR Y PRINCIPE DE GALES, LADO ORIENTE DE AVENIDA OSSA.", "LATITUD": -33.442294, "LONGITUD": -70.57221 }, "geometry": { "type": "Point", "coordinates": [ -70.57221, -33.44229399 ] } },
{ "type": "Feature", "properties": { "AGNO": 2021.0, "ID_ESTAB": 9056.0, "ORIGEN": 1.0, "NOM_ESTAB": "ESCUELA BASICA N° 733 PEQUENO MOZART", "COD_REG_ES": 13.0, "COD_PRO_ES": 131.0, "COD_COM_ES": 13113.0, "NOM_COM_ES": "LA REINA", "COD_DEPROV": 133.0, "NOM_DEPROV": "SANTIAGO ORIENTE", "DEPENDENCI": 3.0, "RURAL_ESTA": 0.0, "ESTADO_EST": 1.0, "SC_MEN_SI": 0.0, "SC_MEN_H": 0.0, "SC_MEN_M": 0.0, "SC_MAY_H": 0.0, "SC_MAY_M": 0.0, "MED_MEN_SI": 0.0, "MED_MEN_H": 3.0, "MED_MEN_M": 5.0, "MED_MAY_SI": 0.0, "MED_MAY_H": 1.0, "MED_MAY_M": 4.0, "NT1_SI": 0.0, "NT1_H": 0.0, "NT1_M": 0.0, "NT2_SI": 0.0, "NT2_H": 0.0, "NT2_M": 1.0, "N_TOTAL": 14.0, "DIRECCION": "PRINCIPE DE GALES", "NUMERO": 6141.0, "REFERENCIA": null, "LATITUD": -33.438451, "LONGITUD": -70.56899 }, "geometry": { "type": "Point", "coordinates": [ -70.56899, -33.438451 ] } },
{ "type": "Feature", "properties": { "AGNO": 2021.0, "ID_ESTAB": 9078.0, "ORIGEN": 1.0, "NOM_ESTAB": "LICEO LENKA FRANULIC", "COD_REG_ES": 13.0, "COD_PRO_ES": 131.0, "COD_COM_ES": 13120.0, "NOM_COM_ES": "ÑUÑOA", "COD_DEPROV": 133.0, "NOM_DEPROV": "SANTIAGO ORIENTE", "DEPENDENCI": 1.0, "RURAL_ESTA": 0.0, "ESTADO_EST": 1.0, "SC_MEN_SI": 0.0, "SC_MEN_H": 0.0, "SC_MEN_M": 0.0, "SC_MAY_H": 0.0, "SC_MAY_M": 0.0, "MED_MEN_SI": 0.0, "MED_MEN_H": 0.0, "MED_MEN_M": 0.0, "MED_MAY_SI": 0.0, "MED_MAY_H": 0.0, "MED_MAY_M": 0.0, "NT1_SI": 0.0, "NT1_H": 24.0, "NT1_M": 21.0, "NT2_SI": 0.0, "NT2_H": 23.0, "NT2_M": 22.0, "N_TOTAL": 90.0, "DIRECCION": "CLORINDA WILSCHAW", "NUMERO": 411.0, "REFERENCIA": "PARALELO AV. OSSA, ENTRE ESTACIONES DEL METRO SIMÓN BOLÍVAR Y PLAZA EGAÑA", "LATITUD": -33.44983, "LONGITUD": -70.572586 }, "geometry": { "type": "Point", "coordinates": [ -70.57258566, -33.4498298 ] } },
{ "type": "Feature", "properties": { "AGNO": 2021.0, "ID_ESTAB": 9083.0, "ORIGEN": 1.0, "NOM_ESTAB": "ESCUELA DIFERENCIAL MUNICIPAL AMAPOLAS", "COD_REG_ES": 13.0, "COD_PRO_ES": 131.0, "COD_COM_ES": 13120.0, "NOM_COM_ES": "ÑUÑOA", "COD_DEPROV": 133.0, "NOM_DEPROV": "SANTIAGO ORIENTE", "DEPENDENCI": 1.0, "RURAL_ESTA": 0.0, "ESTADO_EST": 1.0, "SC_MEN_SI": 0.0, "SC_MEN_H": 0.0, "SC_MEN_M": 0.0, "SC_MAY_H": 0.0, "SC_MAY_M": 0.0, "MED_MEN_SI": 0.0, "MED_MEN_H": 0.0, "MED_MEN_M": 0.0, "MED_MAY_SI": 0.0, "MED_MAY_H": 0.0, "MED_MAY_M": 0.0, "NT1_SI": 0.0, "NT1_H": 1.0, "NT1_M": 7.0, "NT2_SI": 0.0, "NT2_H": 3.0, "NT2_M": 3.0, "N_TOTAL": 14.0, "DIRECCION": "AMAPOLAS", "NUMERO": 4899.0, "REFERENCIA": "ENTRE LAS CALLES COVENTRY Y HAMBURGO", "LATITUD": -33.440495, "LONGITUD": -70.57996 }, "geometry": { "type": "Point", "coordinates": [ -70.57996, -33.440495 ] } },
{ "type": "Feature", "properties": { "AGNO": 2021.0, "ID_ESTAB": 9087.0, "ORIGEN": 1.0, "NOM_ESTAB": "CENTRO EDUC. VALLE HERMOSO", "COD_REG_ES": 13.0, "COD_PRO_ES": 131.0, "COD_COM_ES": 13122.0, "NOM_COM_ES": "PEÑALOLÉN", "COD_DEPROV": 133.0, "NOM_DEPROV": "SANTIAGO ORIENTE", "DEPENDENCI": 1.0, "RURAL_ESTA": 0.0, "ESTADO_EST": 1.0, "SC_MEN_SI": 0.0, "SC_MEN_H": 0.0, "SC_MEN_M": 0.0, "SC_MAY_H": 0.0, "SC_MAY_M": 0.0, "MED_MEN_SI": 0.0, "MED_MEN_H": 0.0, "MED_MEN_M": 0.0, "MED_MAY_SI": 0.0, "MED_MAY_H": 0.0, "MED_MAY_M": 0.0, "NT1_SI": 0.0, "NT1_H": 11.0, "NT1_M": 14.0, "NT2_SI": 0.0, "NT2_H": 17.0, "NT2_M": 15.0, "N_TOTAL": 57.0, "DIRECCION": "VALLE HERMOSO", "NUMERO": 1120.0, "REFERENCIA": "LAS PARCELAS CON CALLE VALLE HERMOSO HACIA EL NORTE.", "LATITUD": -33.47031, "LONGITUD": -70.531476 }, "geometry": { "type": "Point", "coordinates": [ -70.53147638, -33.47030995 ] } },
{ "type": "Feature", "properties": { "AGNO": 2021.0, "ID_ESTAB": 9100.0, "ORIGEN": 1.0, "NOM_ESTAB": "LICEO REPUBLICA DE SIRIA", "COD_REG_ES": 13.0, "COD_PRO_ES": 131.0, "COD_COM_ES": 13120.0, "NOM_COM_ES": "ÑUÑOA", "COD_DEPROV": 133.0, "NOM_DEPROV": "SANTIAGO ORIENTE", "DEPENDENCI": 1.0, "RURAL_ESTA": 0.0, "ESTADO_EST": 1.0, "SC_MEN_SI": 0.0, "SC_MEN_H": 0.0, "SC_MEN_M": 0.0, "SC_MAY_H": 0.0, "SC_MAY_M": 0.0, "MED_MEN_SI": 0.0, "MED_MEN_H": 0.0, "MED_MEN_M": 0.0, "MED_MAY_SI": 0.0, "MED_MAY_H": 0.0, "MED_MAY_M": 0.0, "NT1_SI": 0.0, "NT1_H": 67.0, "NT1_M": 53.0, "NT2_SI": 0.0, "NT2_H": 60.0, "NT2_M": 60.0, "N_TOTAL": 240.0, "DIRECCION": "FRANCISCO VILLAGRA", "NUMERO": 185.0, "REFERENCIA": null, "LATITUD": -33.455733, "LONGITUD": -70.574342 }, "geometry": { "type": "Point", "coordinates": [ -70.574342, -33.45573284 ] } },
{ "type": "Feature", "properties": { "AGNO": 2021.0, "ID_ESTAB": 9103.0, "ORIGEN": 1.0, "NOM_ESTAB": "ESCUELA UNION NACIONAL ARABE", "COD_REG_ES": 13.0, "COD_PRO_ES": 131.0, "COD_COM_ES": 13122.0, "NOM_COM_ES": "PEÑALOLÉN", "COD_DEPROV": 133.0, "NOM_DEPROV": "SANTIAGO ORIENTE", "DEPENDENCI": 1.0, "RURAL_ESTA": 0.0, "ESTADO_EST": 1.0, "SC_MEN_SI": 0.0, "SC_MEN_H": 0.0, "SC_MEN_M": 0.0, "SC_MAY_H": 0.0, "SC_MAY_M": 0.0, "MED_MEN_SI": 0.0, "MED_MEN_H": 0.0, "MED_MEN_M": 0.0, "MED_MAY_SI": 0.0, "MED_MAY_H": 0.0, "MED_MAY_M": 0.0, "NT1_SI": 0.0, "NT1_H": 26.0, "NT1_M": 12.0, "NT2_SI": 0.0, "NT2_H": 21.0, "NT2_M": 16.0, "N_TOTAL": 75.0, "DIRECCION": "QUEBRADA DE UMALLANI", "NUMERO": 710.0, "REFERENCIA": "ESQUINA CALLE VALLE HERMOSO, PEÑALOLÉN ALTO, FRENTE A VILLA MILITAR", "LATITUD": -33.465971, "LONGITUD": -70.534849 }, "geometry": { "type": "Point", "coordinates": [ -70.53484915, -33.46597083 ] } },
{ "type": "Feature", "properties": { "AGNO": 2021.0, "ID_ESTAB": 9110.0, "ORIGEN": 1.0, "NOM_ESTAB": "ESCUELA CARLOS FERNANDEZ PENA", "COD_REG_ES": 13.0, "COD_PRO_ES": 131.0, "COD_COM_ES": 13122.0, "NOM_COM_ES": "PEÑALOLÉN", "COD_DEPROV": 133.0, "NOM_DEPROV": "SANTIAGO ORIENTE", "DEPENDENCI": 1.0, "RURAL_ESTA": 0.0, "ESTADO_EST": 1.0, "SC_MEN_SI": 0.0, "SC_MEN_H": 0.0, "SC_MEN_M": 0.0, "SC_MAY_H": 0.0, "SC_MAY_M": 0.0, "MED_MEN_SI": 0.0, "MED_MEN_H": 0.0, "MED_MEN_M": 0.0, "MED_MAY_SI": 0.0, "MED_MAY_H": 0.0, "MED_MAY_M": 0.0, "NT1_SI": 0.0, "NT1_H": 14.0, "NT1_M": 15.0, "NT2_SI": 0.0, "NT2_H": 15.0, "NT2_M": 17.0, "N_TOTAL": 61.0, "DIRECCION": "CALLE 117", "NUMERO": 1035.0, "REFERENCIA": "TOBALABA ENTRE ARRIETA Y ORIENTALES", "LATITUD": -33.46759, "LONGITUD": -70.55257 }, "geometry": { "type": "Point", "coordinates": [ -70.55256971, -33.46759027 ] } },
{ "type": "Feature", "properties": { "AGNO": 2021.0, "ID_ESTAB": 9111.0, "ORIGEN": 1.0, "NOM_ESTAB": "ESCUELA LUIS ARRIETA CANAS", "COD_REG_ES": 13.0, "COD_PRO_ES": 131.0, "COD_COM_ES": 13122.0, "NOM_COM_ES": "PEÑALOLÉN", "COD_DEPROV": 133.0, "NOM_DEPROV": "SANTIAGO ORIENTE", "DEPENDENCI": 1.0, "RURAL_ESTA": 0.0, "ESTADO_EST": 1.0, "SC_MEN_SI": 0.0, "SC_MEN_H": 0.0, "SC_MEN_M": 0.0, "SC_MAY_H": 0.0, "SC_MAY_M": 0.0, "MED_MEN_SI": 0.0, "MED_MEN_H": 0.0, "MED_MEN_M": 0.0, "MED_MAY_SI": 0.0, "MED_MAY_H": 0.0, "MED_MAY_M": 0.0, "NT1_SI": 0.0, "NT1_H": 6.0, "NT1_M": 12.0, "NT2_SI": 0.0, "NT2_H": 18.0, "NT2_M": 16.0, "N_TOTAL": 52.0, "DIRECCION": "DIEGO ROJAS", "NUMERO": 900.0, "REFERENCIA": null, "LATITUD": -33.464399, "LONGITUD": -70.556515 }, "geometry": { "type": "Point", "coordinates": [ -70.55651512, -33.46439883 ] } },
{ "type": "Feature", "properties": { "AGNO": 2021.0, "ID_ESTAB": 9128.0, "ORIGEN": 1.0, "NOM_ESTAB": "ESCUELA DE ED.DIFERENCIAL HELLEN KELLER", "COD_REG_ES": 13.0, "COD_PRO_ES": 131.0, "COD_COM_ES": 13120.0, "NOM_COM_ES": "ÑUÑOA", "COD_DEPROV": 133.0, "NOM_DEPROV": "SANTIAGO ORIENTE", "DEPENDENCI": 1.0, "RURAL_ESTA": 0.0, "ESTADO_EST": 1.0, "SC_MEN_SI": 0.0, "SC_MEN_H": 0.0, "SC_MEN_M": 0.0, "SC_MAY_H": 0.0, "SC_MAY_M": 1.0, "MED_MEN_SI": 0.0, "MED_MEN_H": 0.0, "MED_MEN_M": 1.0, "MED_MAY_SI": 0.0, "MED_MAY_H": 4.0, "MED_MAY_M": 3.0, "NT1_SI": 0.0, "NT1_H": 3.0, "NT1_M": 5.0, "NT2_SI": 0.0, "NT2_H": 2.0, "NT2_M": 5.0, "N_TOTAL": 24.0, "DIRECCION": "ROSITA RENARD", "NUMERO": 1179.0, "REFERENCIA": "PARALELO A AMERICO VESPUCIO (AVENIDA OSSA) ENTRE PUCARA Y LOS AGUSTINOS, UNA CUADRA HACIA LA COSTA.", "LATITUD": -33.443467, "LONGITUD": -70.574626 }, "geometry": { "type": "Point", "coordinates": [ -70.57462594, -33.44346668 ] } },
{ "type": "Feature", "properties": { "AGNO": 2021.0, "ID_ESTAB": 9140.0, "ORIGEN": 1.0, "NOM_ESTAB": "ESCUELA PARTICULAR SANTA VICTORIA", "COD_REG_ES": 13.0, "COD_PRO_ES": 131.0, "COD_COM_ES": 13122.0, "NOM_COM_ES": "PEÑALOLÉN", "COD_DEPROV": 133.0, "NOM_DEPROV": "SANTIAGO ORIENTE", "DEPENDENCI": 2.0, "RURAL_ESTA": 0.0, "ESTADO_EST": 1.0, "SC_MEN_SI": 0.0, "SC_MEN_H": 0.0, "SC_MEN_M": 0.0, "SC_MAY_H": 0.0, "SC_MAY_M": 0.0, "MED_MEN_SI": 0.0, "MED_MEN_H": 0.0, "MED_MEN_M": 0.0, "MED_MAY_SI": 0.0, "MED_MAY_H": 0.0, "MED_MAY_M": 0.0, "NT1_SI": 0.0, "NT1_H": 14.0, "NT1_M": 11.0, "NT2_SI": 0.0, "NT2_H": 15.0, "NT2_M": 14.0, "N_TOTAL": 54.0, "DIRECCION": "CRUZ ALMEYDA", "NUMERO": 830.0, "REFERENCIA": "METRO ESTACIÓN LOS ORIENTALES, SUBIENDO HACIA LA CORDILLERA", "LATITUD": -33.461889, "LONGITUD": -70.569651 }, "geometry": { "type": "Point", "coordinates": [ -70.56965107, -33.4618892 ] } },
{ "type": "Feature", "properties": { "AGNO": 2021.0, "ID_ESTAB": 9179.0, "ORIGEN": 1.0, "NOM_ESTAB": "COLEGIO SANTA MARTA", "COD_REG_ES": 13.0, "COD_PRO_ES": 131.0, "COD_COM_ES": 13120.0, "NOM_COM_ES": "ÑUÑOA", "COD_DEPROV": 133.0, "NOM_DEPROV": "SANTIAGO ORIENTE", "DEPENDENCI": 2.0, "RURAL_ESTA": 0.0, "ESTADO_EST": 1.0, "SC_MEN_SI": 0.0, "SC_MEN_H": 0.0, "SC_MEN_M": 0.0, "SC_MAY_H": 0.0, "SC_MAY_M": 0.0, "MED_MEN_SI": 0.0, "MED_MEN_H": 0.0, "MED_MEN_M": 0.0, "MED_MAY_SI": 0.0, "MED_MAY_H": 0.0, "MED_MAY_M": 0.0, "NT1_SI": 0.0, "NT1_H": 18.0, "NT1_M": 17.0, "NT2_SI": 0.0, "NT2_H": 19.0, "NT2_M": 26.0, "N_TOTAL": 80.0, "DIRECCION": "BEETHOVEN", "NUMERO": 5278.0, "REFERENCIA": null, "LATITUD": -33.438659, "LONGITUD": -70.575659 }, "geometry": { "type": "Point", "coordinates": [ -70.57565916, -33.43865902 ] } },
{ "type": "Feature", "properties": { "AGNO": 2021.0, "ID_ESTAB": 9213.0, "ORIGEN": 1.0, "NOM_ESTAB": "COLEGIO, CENTRO EDUC.AMERICO VESPUCIO", "COD_REG_ES": 13.0, "COD_PRO_ES": 131.0, "COD_COM_ES": 13122.0, "NOM_COM_ES": "PEÑALOLÉN", "COD_DEPROV": 133.0, "NOM_DEPROV": "SANTIAGO ORIENTE", "DEPENDENCI": 2.0, "RURAL_ESTA": 0.0, "ESTADO_EST": 1.0, "SC_MEN_SI": 0.0, "SC_MEN_H": 0.0, "SC_MEN_M": 0.0, "SC_MAY_H": 0.0, "SC_MAY_M": 0.0, "MED_MEN_SI": 0.0, "MED_MEN_H": 0.0, "MED_MEN_M": 0.0, "MED_MAY_SI": 0.0, "MED_MAY_H": 0.0, "MED_MAY_M": 0.0, "NT1_SI": 0.0, "NT1_H": 9.0, "NT1_M": 18.0, "NT2_SI": 0.0, "NT2_H": 19.0, "NT2_M": 18.0, "N_TOTAL": 64.0, "DIRECCION": "HONORABLE DIPUTADA LAURA RODRIGUEZ", "NUMERO": 6525.0, "REFERENCIA": "METRO GRECIA HACIA LA CORDILLERA", "LATITUD": -33.468328, "LONGITUD": -70.565253 }, "geometry": { "type": "Point", "coordinates": [ -70.56525281, -33.46832839 ] } },
{ "type": "Feature", "properties": { "AGNO": 2021.0, "ID_ESTAB": 9246.0, "ORIGEN": 1.0, "NOM_ESTAB": "COLEGIO SAN AGUSTIN", "COD_REG_ES": 13.0, "COD_PRO_ES": 131.0, "COD_COM_ES": 13120.0, "NOM_COM_ES": "ÑUÑOA", "COD_DEPROV": 133.0, "NOM_DEPROV": "SANTIAGO ORIENTE", "DEPENDENCI": 3.0, "RURAL_ESTA": 0.0, "ESTADO_EST": 1.0, "SC_MEN_SI": 0.0, "SC_MEN_H": 0.0, "SC_MEN_M": 0.0, "SC_MAY_H": 0.0, "SC_MAY_M": 0.0, "MED_MEN_SI": 0.0, "MED_MEN_H": 0.0, "MED_MEN_M": 0.0, "MED_MAY_SI": 0.0, "MED_MAY_H": 18.0, "MED_MAY_M": 15.0, "NT1_SI": 0.0, "NT1_H": 36.0, "NT1_M": 44.0, "NT2_SI": 0.0, "NT2_H": 41.0, "NT2_M": 55.0, "N_TOTAL": 209.0, "DIRECCION": "DUBLE ALMEYDA", "NUMERO": 4950.0, "REFERENCIA": "A PASOS DEL METRO LOS ORIENTALES", "LATITUD": -33.459222, "LONGITUD": -70.57815 }, "geometry": { "type": "Point", "coordinates": [ -70.57814999, -33.45922199 ] } },
{ "type": "Feature", "properties": { "AGNO": 2021.0, "ID_ESTAB": 9259.0, "ORIGEN": 1.0, "NOM_ESTAB": "COLEGIO MANQUECURA ÑUÑOA", "COD_REG_ES": 13.0, "COD_PRO_ES": 131.0, "COD_COM_ES": 13120.0, "NOM_COM_ES": "ÑUÑOA", "COD_DEPROV": 133.0, "NOM_DEPROV": "SANTIAGO ORIENTE", "DEPENDENCI": 3.0, "RURAL_ESTA": 0.0, "ESTADO_EST": 1.0, "SC_MEN_SI": 0.0, "SC_MEN_H": 0.0, "SC_MEN_M": 0.0, "SC_MAY_H": 0.0, "SC_MAY_M": 0.0, "MED_MEN_SI": 0.0, "MED_MEN_H": 0.0, "MED_MEN_M": 0.0, "MED_MAY_SI": 0.0, "MED_MAY_H": 23.0, "MED_MAY_M": 23.0, "NT1_SI": 0.0, "NT1_H": 55.0, "NT1_M": 74.0, "NT2_SI": 0.0, "NT2_H": 59.0, "NT2_M": 65.0, "N_TOTAL": 299.0, "DIRECCION": "IRARRAZAVAL", "NUMERO": 5310.0, "REFERENCIA": "METRO PLAZA EGAÑA", "LATITUD": -33.453069, "LONGITUD": -70.575529 }, "geometry": { "type": "Point", "coordinates": [ -70.57552913, -33.45306888 ] } },
{ "type": "Feature", "properties": { "AGNO": 2021.0, "ID_ESTAB": 9270.0, "ORIGEN": 1.0, "NOM_ESTAB": "COLEGIO VICTOR DOMINGO SILVA", "COD_REG_ES": 13.0, "COD_PRO_ES": 131.0, "COD_COM_ES": 13120.0, "NOM_COM_ES": "ÑUÑOA", "COD_DEPROV": 133.0, "NOM_DEPROV": "SANTIAGO ORIENTE", "DEPENDENCI": 3.0, "RURAL_ESTA": 0.0, "ESTADO_EST": 1.0, "SC_MEN_SI": 0.0, "SC_MEN_H": 0.0, "SC_MEN_M": 0.0, "SC_MAY_H": 0.0, "SC_MAY_M": 0.0, "MED_MEN_SI": 0.0, "MED_MEN_H": 0.0, "MED_MEN_M": 0.0, "MED_MAY_SI": 0.0, "MED_MAY_H": 0.0, "MED_MAY_M": 0.0, "NT1_SI": 0.0, "NT1_H": 1.0, "NT1_M": 2.0, "NT2_SI": 0.0, "NT2_H": 2.0, "NT2_M": 6.0, "N_TOTAL": 11.0, "DIRECCION": "AVENIDA OSSA", "NUMERO": 840.0, "REFERENCIA": "CASI ESQUINA ECHEÑIQUE ( METRO SIMÓN BOLIVAR L.4)", "LATITUD": -33.445357, "LONGITUD": -70.5723 }, "geometry": { "type": "Point", "coordinates": [ -70.5723, -33.445357 ] } },
{ "type": "Feature", "properties": { "AGNO": 2021.0, "ID_ESTAB": 12086.0, "ORIGEN": 1.0, "NOM_ESTAB": "COLEGIO COYANCURA", "COD_REG_ES": 13.0, "COD_PRO_ES": 131.0, "COD_COM_ES": 13114.0, "NOM_COM_ES": "LAS CONDES", "COD_DEPROV": 133.0, "NOM_DEPROV": "SANTIAGO ORIENTE", "DEPENDENCI": 3.0, "RURAL_ESTA": 0.0, "ESTADO_EST": 1.0, "SC_MEN_SI": 0.0, "SC_MEN_H": 0.0, "SC_MEN_M": 0.0, "SC_MAY_H": 0.0, "SC_MAY_M": 0.0, "MED_MEN_SI": 0.0, "MED_MEN_H": 0.0, "MED_MEN_M": 0.0, "MED_MAY_SI": 0.0, "MED_MAY_H": 0.0, "MED_MAY_M": 0.0, "NT1_SI": 0.0, "NT1_H": 14.0, "NT1_M": 10.0, "NT2_SI": 0.0, "NT2_H": 11.0, "NT2_M": 13.0, "N_TOTAL": 48.0, "DIRECCION": "SANCHEZ FONTECILLA", "NUMERO": 1552.0, "REFERENCIA": "ENTRE ESTACIÓN DEL METRO BILBAO Y COLÓN, CRUZAR CANAL SAN CARLOS", "LATITUD": -33.429065, "LONGITUD": -70.58669 }, "geometry": { "type": "Point", "coordinates": [ -70.58669, -33.429065 ] } },
{ "type": "Feature", "properties": { "AGNO": 2021.0, "ID_ESTAB": 12087.0, "ORIGEN": 1.0, "NOM_ESTAB": "COLEGIO BRITISH ROYAL SCHOOL", "COD_REG_ES": 13.0, "COD_PRO_ES": 131.0, "COD_COM_ES": 13113.0, "NOM_COM_ES": "LA REINA", "COD_DEPROV": 133.0, "NOM_DEPROV": "SANTIAGO ORIENTE", "DEPENDENCI": 3.0, "RURAL_ESTA": 0.0, "ESTADO_EST": 1.0, "SC_MEN_SI": 0.0, "SC_MEN_H": 0.0, "SC_MEN_M": 0.0, "SC_MAY_H": 0.0, "SC_MAY_M": 0.0, "MED_MEN_SI": 0.0, "MED_MEN_H": 0.0, "MED_MEN_M": 0.0, "MED_MAY_SI": 0.0, "MED_MAY_H": 10.0, "MED_MAY_M": 9.0, "NT1_SI": 0.0, "NT1_H": 43.0, "NT1_M": 31.0, "NT2_SI": 0.0, "NT2_H": 55.0, "NT2_M": 44.0, "N_TOTAL": 192.0, "DIRECCION": "LAS PERDICES", "NUMERO": 263.0, "REFERENCIA": "AV.LARRAÌN A LA ALTURA DEL 10000, ENTRE LAS CALLES LARRAÌN (POR EL NORTE) Y MARÌA MONVEL (POR EL SUR)", "LATITUD": -33.451061, "LONGITUD": -70.5277 }, "geometry": { "type": "Point", "coordinates": [ -70.5277, -33.451061 ] } },
{ "type": "Feature", "properties": { "AGNO": 2021.0, "ID_ESTAB": 12090.0, "ORIGEN": 1.0, "NOM_ESTAB": "COLEGIO TERRANOVA", "COD_REG_ES": 13.0, "COD_PRO_ES": 131.0, "COD_COM_ES": 13113.0, "NOM_COM_ES": "LA REINA", "COD_DEPROV": 133.0, "NOM_DEPROV": "SANTIAGO ORIENTE", "DEPENDENCI": 3.0, "RURAL_ESTA": 0.0, "ESTADO_EST": 1.0, "SC_MEN_SI": 0.0, "SC_MEN_H": 0.0, "SC_MEN_M": 0.0, "SC_MAY_H": 0.0, "SC_MAY_M": 0.0, "MED_MEN_SI": 0.0, "MED_MEN_H": 0.0, "MED_MEN_M": 0.0, "MED_MAY_SI": 0.0, "MED_MAY_H": 0.0, "MED_MAY_M": 0.0, "NT1_SI": 0.0, "NT1_H": 3.0, "NT1_M": 5.0, "NT2_SI": 0.0, "NT2_H": 13.0, "NT2_M": 8.0, "N_TOTAL": 29.0, "DIRECCION": "LA CAÑADA", "NUMERO": 6240.0, "REFERENCIA": "TOBALABA CON LA CAÑADA EN LA ESQUINA HACIA EL NOR-ORIENTE", "LATITUD": -33.442132, "LONGITUD": -70.56861 }, "geometry": { "type": "Point", "coordinates": [ -70.56861, -33.442132 ] } },
{ "type": "Feature", "properties": { "AGNO": 2021.0, "ID_ESTAB": 16905.0, "ORIGEN": 1.0, "NOM_ESTAB": "ESC.ESP.DE LENGUAJE Y COMUNICACIÓN `MUNDO FELIZ`", "COD_REG_ES": 13.0, "COD_PRO_ES": 131.0, "COD_COM_ES": 13122.0, "NOM_COM_ES": "PEÑALOLÉN", "COD_DEPROV": 133.0, "NOM_DEPROV": "SANTIAGO ORIENTE", "DEPENDENCI": 2.0, "RURAL_ESTA": 0.0, "ESTADO_EST": 1.0, "SC_MEN_SI": 0.0, "SC_MEN_H": 0.0, "SC_MEN_M": 0.0, "SC_MAY_H": 0.0, "SC_MAY_M": 0.0, "MED_MEN_SI": 0.0, "MED_MEN_H": 0.0, "MED_MEN_M": 0.0, "MED_MAY_SI": 0.0, "MED_MAY_H": 17.0, "MED_MAY_M": 11.0, "NT1_SI": 0.0, "NT1_H": 17.0, "NT1_M": 19.0, "NT2_SI": 0.0, "NT2_H": 18.0, "NT2_M": 12.0, "N_TOTAL": 94.0, "DIRECCION": "QUEBRADA DEL SALADO", "NUMERO": 1004.0, "REFERENCIA": null, "LATITUD": -33.47114, "LONGITUD": -70.52658 }, "geometry": { "type": "Point", "coordinates": [ -70.52658, -33.47114 ] } },
{ "type": "Feature", "properties": { "AGNO": 2021.0, "ID_ESTAB": 24627.0, "ORIGEN": 1.0, "NOM_ESTAB": "COLEGIO ETIEVAN", "COD_REG_ES": 13.0, "COD_PRO_ES": 131.0, "COD_COM_ES": 13113.0, "NOM_COM_ES": "LA REINA", "COD_DEPROV": 133.0, "NOM_DEPROV": "SANTIAGO ORIENTE", "DEPENDENCI": 3.0, "RURAL_ESTA": 0.0, "ESTADO_EST": 1.0, "SC_MEN_SI": 0.0, "SC_MEN_H": 0.0, "SC_MEN_M": 0.0, "SC_MAY_H": 0.0, "SC_MAY_M": 0.0, "MED_MEN_SI": 0.0, "MED_MEN_H": 0.0, "MED_MEN_M": 0.0, "MED_MAY_SI": 0.0, "MED_MAY_H": 0.0, "MED_MAY_M": 0.0, "NT1_SI": 0.0, "NT1_H": 3.0, "NT1_M": 5.0, "NT2_SI": 0.0, "NT2_H": 11.0, "NT2_M": 12.0, "N_TOTAL": 31.0, "DIRECCION": "CARLOS SILVA VILDOSOLA", "NUMERO": 9820.0, "REFERENCIA": null, "LATITUD": -33.441515, "LONGITUD": -70.52888 }, "geometry": { "type": "Point", "coordinates": [ -70.52888, -33.441515 ] } },
{ "type": "Feature", "properties": { "AGNO": 2021.0, "ID_ESTAB": 24678.0, "ORIGEN": 1.0, "NOM_ESTAB": "COLEGIO LARRAIN", "COD_REG_ES": 13.0, "COD_PRO_ES": 131.0, "COD_COM_ES": 13113.0, "NOM_COM_ES": "LA REINA", "COD_DEPROV": 133.0, "NOM_DEPROV": "SANTIAGO ORIENTE", "DEPENDENCI": 3.0, "RURAL_ESTA": 0.0, "ESTADO_EST": 1.0, "SC_MEN_SI": 0.0, "SC_MEN_H": 0.0, "SC_MEN_M": 0.0, "SC_MAY_H": 0.0, "SC_MAY_M": 0.0, "MED_MEN_SI": 0.0, "MED_MEN_H": 0.0, "MED_MEN_M": 0.0, "MED_MAY_SI": 0.0, "MED_MAY_H": 0.0, "MED_MAY_M": 0.0, "NT1_SI": 0.0, "NT1_H": 0.0, "NT1_M": 0.0, "NT2_SI": 0.0, "NT2_H": 4.0, "NT2_M": 4.0, "N_TOTAL": 8.0, "DIRECCION": "AVENIDA LARRAIN", "NUMERO": 6227.0, "REFERENCIA": "AV. LARRAÍN 6227, ENTRE AMERICO VESPUCIO Y TOBALABA, ESQUINA LYNCH SUR, METRO PZA. EGAÑA.", "LATITUD": -33.453138, "LONGITUD": -70.56545 }, "geometry": { "type": "Point", "coordinates": [ -70.56545, -33.453138 ] } },
{ "type": "Feature", "properties": { "AGNO": 2021.0, "ID_ESTAB": 24817.0, "ORIGEN": 1.0, "NOM_ESTAB": "ESCUELA BASICA N°1517 MADRIGAL", "COD_REG_ES": 13.0, "COD_PRO_ES": 131.0, "COD_COM_ES": 13113.0, "NOM_COM_ES": "LA REINA", "COD_DEPROV": 133.0, "NOM_DEPROV": "SANTIAGO ORIENTE", "DEPENDENCI": 3.0, "RURAL_ESTA": 0.0, "ESTADO_EST": 1.0, "SC_MEN_SI": 0.0, "SC_MEN_H": 0.0, "SC_MEN_M": 0.0, "SC_MAY_H": 0.0, "SC_MAY_M": 0.0, "MED_MEN_SI": 0.0, "MED_MEN_H": 0.0, "MED_MEN_M": 0.0, "MED_MAY_SI": 0.0, "MED_MAY_H": 8.0, "MED_MAY_M": 16.0, "NT1_SI": 0.0, "NT1_H": 17.0, "NT1_M": 11.0, "NT2_SI": 0.0, "NT2_H": 16.0, "NT2_M": 8.0, "N_TOTAL": 76.0, "DIRECCION": "MARIA MONVEL", "NUMERO": 1793.0, "REFERENCIA": "LA REINA ALTA, ENTRE CARLOS SILVA VILDÓSOLA Y ALVARO CASANOVA", "LATITUD": -33.439565, "LONGITUD": -70.52313 }, "geometry": { "type": "Point", "coordinates": [ -70.52312999, -33.439565 ] } },
{ "type": "Feature", "properties": { "AGNO": 2021.0, "ID_ESTAB": 24857.0, "ORIGEN": 1.0, "NOM_ESTAB": "COLEGIO CRECES ANEXO", "COD_REG_ES": 13.0, "COD_PRO_ES": 131.0, "COD_COM_ES": 13114.0, "NOM_COM_ES": "LAS CONDES", "COD_DEPROV": 133.0, "NOM_DEPROV": "SANTIAGO ORIENTE", "DEPENDENCI": 3.0, "RURAL_ESTA": 0.0, "ESTADO_EST": 1.0, "SC_MEN_SI": 0.0, "SC_MEN_H": 0.0, "SC_MEN_M": 0.0, "SC_MAY_H": 0.0, "SC_MAY_M": 0.0, "MED_MEN_SI": 0.0, "MED_MEN_H": 0.0, "MED_MEN_M": 0.0, "MED_MAY_SI": 0.0, "MED_MAY_H": 0.0, "MED_MAY_M": 0.0, "NT1_SI": 0.0, "NT1_H": 0.0, "NT1_M": 5.0, "NT2_SI": 0.0, "NT2_H": 3.0, "NT2_M": 2.0, "N_TOTAL": 10.0, "DIRECCION": "ISABEL LA CATOLICA", "NUMERO": 6326.0, "REFERENCIA": "6326-6502", "LATITUD": -33.424892, "LONGITUD": -70.5616 }, "geometry": { "type": "Point", "coordinates": [ -70.5616, -33.424892 ] } },
{ "type": "Feature", "properties": { "AGNO": 2021.0, "ID_ESTAB": 24944.0, "ORIGEN": 1.0, "NOM_ESTAB": "COLEGIO NUESTRA SEÑORA DEL CAMINO", "COD_REG_ES": 13.0, "COD_PRO_ES": 131.0, "COD_COM_ES": 13113.0, "NOM_COM_ES": "LA REINA", "COD_DEPROV": 133.0, "NOM_DEPROV": "SANTIAGO ORIENTE", "DEPENDENCI": 3.0, "RURAL_ESTA": 0.0, "ESTADO_EST": 1.0, "SC_MEN_SI": 0.0, "SC_MEN_H": 0.0, "SC_MEN_M": 0.0, "SC_MAY_H": 0.0, "SC_MAY_M": 0.0, "MED_MEN_SI": 0.0, "MED_MEN_H": 0.0, "MED_MEN_M": 0.0, "MED_MAY_SI": 0.0, "MED_MAY_H": 0.0, "MED_MAY_M": 0.0, "NT1_SI": 0.0, "NT1_H": 30.0, "NT1_M": 27.0, "NT2_SI": 0.0, "NT2_H": 26.0, "NT2_M": 28.0, "N_TOTAL": 111.0, "DIRECCION": "VICENTE PEREZ ROSALES", "NUMERO": 828.0, "REFERENCIA": null, "LATITUD": -33.445134, "LONGITUD": -70.55209 }, "geometry": { "type": "Point", "coordinates": [ -70.55209, -33.445134 ] } },
{ "type": "Feature", "properties": { "AGNO": 2021.0, "ID_ESTAB": 25055.0, "ORIGEN": 1.0, "NOM_ESTAB": "COLEGIO INSTITUCION TERESIANA", "COD_REG_ES": 13.0, "COD_PRO_ES": 131.0, "COD_COM_ES": 13114.0, "NOM_COM_ES": "LAS CONDES", "COD_DEPROV": 133.0, "NOM_DEPROV": "SANTIAGO ORIENTE", "DEPENDENCI": 3.0, "RURAL_ESTA": 0.0, "ESTADO_EST": 1.0, "SC_MEN_SI": 0.0, "SC_MEN_H": 0.0, "SC_MEN_M": 0.0, "SC_MAY_H": 0.0, "SC_MAY_M": 0.0, "MED_MEN_SI": 0.0, "MED_MEN_H": 0.0, "MED_MEN_M": 0.0, "MED_MAY_SI": 0.0, "MED_MAY_H": 26.0, "MED_MAY_M": 31.0, "NT1_SI": 0.0, "NT1_H": 43.0, "NT1_M": 41.0, "NT2_SI": 0.0, "NT2_H": 42.0, "NT2_M": 49.0, "N_TOTAL": 232.0, "DIRECCION": "ISABEL LA CATOLICA", "NUMERO": 7445.0, "REFERENCIA": null, "LATITUD": -33.424185, "LONGITUD": -70.55494 }, "geometry": { "type": "Point", "coordinates": [ -70.55494, -33.424185 ] } },
{ "type": "Feature", "properties": { "AGNO": 2021.0, "ID_ESTAB": 25101.0, "ORIGEN": 1.0, "NOM_ESTAB": "COLEGIO CORONEL ELEUTERIO RAMIREZ MOLINA", "COD_REG_ES": 13.0, "COD_PRO_ES": 131.0, "COD_COM_ES": 13113.0, "NOM_COM_ES": "LA REINA", "COD_DEPROV": 133.0, "NOM_DEPROV": "SANTIAGO ORIENTE", "DEPENDENCI": 2.0, "RURAL_ESTA": 0.0, "ESTADO_EST": 1.0, "SC_MEN_SI": 0.0, "SC_MEN_H": 0.0, "SC_MEN_M": 0.0, "SC_MAY_H": 0.0, "SC_MAY_M": 0.0, "MED_MEN_SI": 0.0, "MED_MEN_H": 0.0, "MED_MEN_M": 0.0, "MED_MAY_SI": 0.0, "MED_MAY_H": 0.0, "MED_MAY_M": 0.0, "NT1_SI": 0.0, "NT1_H": 13.0, "NT1_M": 24.0, "NT2_SI": 0.0, "NT2_H": 38.0, "NT2_M": 46.0, "N_TOTAL": 121.0, "DIRECCION": "TALINAY", "NUMERO": 9411.0, "REFERENCIA": "CALLE ENTRE LARRAIN Y JOSE ARRIETA Y CERCA D ELAS PERDICES", "LATITUD": -33.459519, "LONGITUD": -70.534724 }, "geometry": { "type": "Point", "coordinates": [ -70.53472447, -33.45951912 ] } },
{ "type": "Feature", "properties": { "AGNO": 2021.0, "ID_ESTAB": 25111.0, "ORIGEN": 1.0, "NOM_ESTAB": "ESCUELA DE PARVULOS N° 1624 BARRIE MONTESSORI", "COD_REG_ES": 13.0, "COD_PRO_ES": 131.0, "COD_COM_ES": 13113.0, "NOM_COM_ES": "LA REINA", "COD_DEPROV": 133.0, "NOM_DEPROV": "SANTIAGO ORIENTE", "DEPENDENCI": 3.0, "RURAL_ESTA": 0.0, "ESTADO_EST": 1.0, "SC_MEN_SI": 0.0, "SC_MEN_H": 0.0, "SC_MEN_M": 0.0, "SC_MAY_H": 0.0, "SC_MAY_M": 0.0, "MED_MEN_SI": 0.0, "MED_MEN_H": 9.0, "MED_MEN_M": 8.0, "MED_MAY_SI": 0.0, "MED_MAY_H": 13.0, "MED_MAY_M": 16.0, "NT1_SI": 0.0, "NT1_H": 12.0, "NT1_M": 15.0, "NT2_SI": 0.0, "NT2_H": 20.0, "NT2_M": 15.0, "N_TOTAL": 108.0, "DIRECCION": "PRINCIPE DE GALES", "NUMERO": 6450.0, "REFERENCIA": "CON MONSEÑOR EDWARDS", "LATITUD": -33.43831, "LONGITUD": -70.56466 }, "geometry": { "type": "Point", "coordinates": [ -70.56466, -33.43831 ] } },
{ "type": "Feature", "properties": { "AGNO": 2021.0, "ID_ESTAB": 25142.0, "ORIGEN": 1.0, "NOM_ESTAB": "COLEGIO ANDINO ANTILLANCA", "COD_REG_ES": 13.0, "COD_PRO_ES": 131.0, "COD_COM_ES": 13114.0, "NOM_COM_ES": "LAS CONDES", "COD_DEPROV": 133.0, "NOM_DEPROV": "SANTIAGO ORIENTE", "DEPENDENCI": 3.0, "RURAL_ESTA": 0.0, "ESTADO_EST": 1.0, "SC_MEN_SI": 0.0, "SC_MEN_H": 0.0, "SC_MEN_M": 0.0, "SC_MAY_H": 0.0, "SC_MAY_M": 0.0, "MED_MEN_SI": 0.0, "MED_MEN_H": 0.0, "MED_MEN_M": 0.0, "MED_MAY_SI": 0.0, "MED_MAY_H": 0.0, "MED_MAY_M": 0.0, "NT1_SI": 0.0, "NT1_H": 12.0, "NT1_M": 8.0, "NT2_SI": 0.0, "NT2_H": 12.0, "NT2_M": 6.0, "N_TOTAL": 38.0, "DIRECCION": "SEBASTIAN ELCANO", "NUMERO": 1590.0, "REFERENCIA": null, "LATITUD": -33.425582, "LONGITUD": -70.57013 }, "geometry": { "type": "Point", "coordinates": [ -70.57013, -33.425582 ] } },
{ "type": "Feature", "properties": { "AGNO": 2021.0, "ID_ESTAB": 25443.0, "ORIGEN": 1.0, "NOM_ESTAB": "ESC ESP PART PUERTA DEL SOL DE LA REINA", "COD_REG_ES": 13.0, "COD_PRO_ES": 131.0, "COD_COM_ES": 13113.0, "NOM_COM_ES": "LA REINA", "COD_DEPROV": 133.0, "NOM_DEPROV": "SANTIAGO ORIENTE", "DEPENDENCI": 2.0, "RURAL_ESTA": 0.0, "ESTADO_EST": 1.0, "SC_MEN_SI": 0.0, "SC_MEN_H": 0.0, "SC_MEN_M": 0.0, "SC_MAY_H": 0.0, "SC_MAY_M": 0.0, "MED_MEN_SI": 0.0, "MED_MEN_H": 0.0, "MED_MEN_M": 0.0, "MED_MAY_SI": 0.0, "MED_MAY_H": 16.0, "MED_MAY_M": 6.0, "NT1_SI": 0.0, "NT1_H": 23.0, "NT1_M": 18.0, "NT2_SI": 0.0, "NT2_H": 12.0, "NT2_M": 3.0, "N_TOTAL": 78.0, "DIRECCION": "AVENIDA JOSE ARRIET", "NUMERO": 7232.0, "REFERENCIA": "AV. JOSÉ ARRIETA/  AV.TOBALABA", "LATITUD": -33.462334, "LONGITUD": -70.55314 }, "geometry": { "type": "Point", "coordinates": [ -70.55314, -33.462334 ] } },
{ "type": "Feature", "properties": { "AGNO": 2021.0, "ID_ESTAB": 25461.0, "ORIGEN": 1.0, "NOM_ESTAB": "ESCUELA ESPECIAL PART. NINOS DE LA REINA", "COD_REG_ES": 13.0, "COD_PRO_ES": 131.0, "COD_COM_ES": 13113.0, "NOM_COM_ES": "LA REINA", "COD_DEPROV": 133.0, "NOM_DEPROV": "SANTIAGO ORIENTE", "DEPENDENCI": 2.0, "RURAL_ESTA": 0.0, "ESTADO_EST": 1.0, "SC_MEN_SI": 0.0, "SC_MEN_H": 0.0, "SC_MEN_M": 0.0, "SC_MAY_H": 0.0, "SC_MAY_M": 0.0, "MED_MEN_SI": 0.0, "MED_MEN_H": 0.0, "MED_MEN_M": 0.0, "MED_MAY_SI": 0.0, "MED_MAY_H": 9.0, "MED_MAY_M": 20.0, "NT1_SI": 0.0, "NT1_H": 23.0, "NT1_M": 7.0, "NT2_SI": 0.0, "NT2_H": 13.0, "NT2_M": 8.0, "N_TOTAL": 80.0, "DIRECCION": "DRAGONES DE LA REINA", "NUMERO": 561.0, "REFERENCIA": "EL ESTABLECIMIENTO SE ENCUENTRA EN LA CALLE DRAGONES DE LA REINA ENTRE NUNCIO LAGHI Y FRANCISCO DE VILLAGRA", "LATITUD": -33.45803, "LONGITUD": -70.56126 }, "geometry": { "type": "Point", "coordinates": [ -70.56126, -33.45803 ] } },
{ "type": "Feature", "properties": { "AGNO": 2021.0, "ID_ESTAB": 25520.0, "ORIGEN": 1.0, "NOM_ESTAB": "COL. PART. SAGRADO CORAZON DE JESUS DE LA RE", "COD_REG_ES": 13.0, "COD_PRO_ES": 131.0, "COD_COM_ES": 13113.0, "NOM_COM_ES": "LA REINA", "COD_DEPROV": 133.0, "NOM_DEPROV": "SANTIAGO ORIENTE", "DEPENDENCI": 2.0, "RURAL_ESTA": 0.0, "ESTADO_EST": 1.0, "SC_MEN_SI": 0.0, "SC_MEN_H": 0.0, "SC_MEN_M": 0.0, "SC_MAY_H": 0.0, "SC_MAY_M": 0.0, "MED_MEN_SI": 0.0, "MED_MEN_H": 0.0, "MED_MEN_M": 0.0, "MED_MAY_SI": 0.0, "MED_MAY_H": 0.0, "MED_MAY_M": 0.0, "NT1_SI": 0.0, "NT1_H": 22.0, "NT1_M": 48.0, "NT2_SI": 0.0, "NT2_H": 40.0, "NT2_M": 50.0, "N_TOTAL": 160.0, "DIRECCION": "AVENIDA JOSE ARRIETA", "NUMERO": 8220.0, "REFERENCIA": null, "LATITUD": -33.463196, "LONGITUD": -70.543569 }, "geometry": { "type": "Point", "coordinates": [ -70.54356932, -33.46319581 ] } },
{ "type": "Feature", "properties": { "AGNO": 2021.0, "ID_ESTAB": 25545.0, "ORIGEN": 1.0, "NOM_ESTAB": "ESCUELA ESPECIAL PART. N_ 1850 TRALEN", "COD_REG_ES": 13.0, "COD_PRO_ES": 131.0, "COD_COM_ES": 13122.0, "NOM_COM_ES": "PEÑALOLÉN", "COD_DEPROV": 133.0, "NOM_DEPROV": "SANTIAGO ORIENTE", "DEPENDENCI": 2.0, "RURAL_ESTA": 0.0, "ESTADO_EST": 1.0, "SC_MEN_SI": 0.0, "SC_MEN_H": 0.0, "SC_MEN_M": 0.0, "SC_MAY_H": 0.0, "SC_MAY_M": 0.0, "MED_MEN_SI": 0.0, "MED_MEN_H": 0.0, "MED_MEN_M": 0.0, "MED_MAY_SI": 0.0, "MED_MAY_H": 5.0, "MED_MAY_M": 9.0, "NT1_SI": 0.0, "NT1_H": 20.0, "NT1_M": 18.0, "NT2_SI": 0.0, "NT2_H": 14.0, "NT2_M": 10.0, "N_TOTAL": 76.0, "DIRECCION": "CALLE VOLCAN VILLARRICA", "NUMERO": 680.0, "REFERENCIA": "CONSISTORIAL CON ARRIETA", "LATITUD": -33.46482, "LONGITUD": -70.53805 }, "geometry": { "type": "Point", "coordinates": [ -70.53805, -33.46482 ] } },
{ "type": "Feature", "properties": { "AGNO": 2021.0, "ID_ESTAB": 25594.0, "ORIGEN": 1.0, "NOM_ESTAB": "ESCUELA ESP. PART. SOL Y LUNA", "COD_REG_ES": 13.0, "COD_PRO_ES": 131.0, "COD_COM_ES": 13113.0, "NOM_COM_ES": "LA REINA", "COD_DEPROV": 133.0, "NOM_DEPROV": "SANTIAGO ORIENTE", "DEPENDENCI": 2.0, "RURAL_ESTA": 0.0, "ESTADO_EST": 1.0, "SC_MEN_SI": 0.0, "SC_MEN_H": 0.0, "SC_MEN_M": 0.0, "SC_MAY_H": 0.0, "SC_MAY_M": 0.0, "MED_MEN_SI": 0.0, "MED_MEN_H": 0.0, "MED_MEN_M": 0.0, "MED_MAY_SI": 0.0, "MED_MAY_H": 19.0, "MED_MAY_M": 11.0, "NT1_SI": 0.0, "NT1_H": 24.0, "NT1_M": 15.0, "NT2_SI": 0.0, "NT2_H": 16.0, "NT2_M": 12.0, "N_TOTAL": 97.0, "DIRECCION": "LOS PRUNOS", "NUMERO": 7195.0, "REFERENCIA": "AVENIDA LARRAÍN CON LOS LITRES.", "LATITUD": -33.451485, "LONGITUD": -70.55441 }, "geometry": { "type": "Point", "coordinates": [ -70.55441, -33.451485 ] } },
{ "type": "Feature", "properties": { "AGNO": 2021.0, "ID_ESTAB": 25901.0, "ORIGEN": 1.0, "NOM_ESTAB": "ESC. EVANG. PENTECOSTAL DR. WILLIS C. HOOVER", "COD_REG_ES": 13.0, "COD_PRO_ES": 131.0, "COD_COM_ES": 13122.0, "NOM_COM_ES": "PEÑALOLÉN", "COD_DEPROV": 133.0, "NOM_DEPROV": "SANTIAGO ORIENTE", "DEPENDENCI": 2.0, "RURAL_ESTA": 0.0, "ESTADO_EST": 1.0, "SC_MEN_SI": 0.0, "SC_MEN_H": 0.0, "SC_MEN_M": 0.0, "SC_MAY_H": 0.0, "SC_MAY_M": 0.0, "MED_MEN_SI": 0.0, "MED_MEN_H": 0.0, "MED_MEN_M": 0.0, "MED_MAY_SI": 0.0, "MED_MAY_H": 0.0, "MED_MAY_M": 0.0, "NT1_SI": 0.0, "NT1_H": 21.0, "NT1_M": 14.0, "NT2_SI": 0.0, "NT2_H": 15.0, "NT2_M": 30.0, "N_TOTAL": 80.0, "DIRECCION": "DIEGO ROJAS", "NUMERO": 1051.0, "REFERENCIA": "ICTINOS CON ORIENTALES UNA CUADRA HACIA LA CORDILLERA", "LATITUD": -33.465875, "LONGITUD": -70.557624 }, "geometry": { "type": "Point", "coordinates": [ -70.55762378, -33.46587525 ] } },
{ "type": "Feature", "properties": { "AGNO": 2021.0, "ID_ESTAB": 26000.0, "ORIGEN": 1.0, "NOM_ESTAB": "ESCUELA ESP. SOL DE LA REINA", "COD_REG_ES": 13.0, "COD_PRO_ES": 131.0, "COD_COM_ES": 13113.0, "NOM_COM_ES": "LA REINA", "COD_DEPROV": 133.0, "NOM_DEPROV": "SANTIAGO ORIENTE", "DEPENDENCI": 2.0, "RURAL_ESTA": 0.0, "ESTADO_EST": 1.0, "SC_MEN_SI": 0.0, "SC_MEN_H": 0.0, "SC_MEN_M": 0.0, "SC_MAY_H": 0.0, "SC_MAY_M": 0.0, "MED_MEN_SI": 0.0, "MED_MEN_H": 0.0, "MED_MEN_M": 0.0, "MED_MAY_SI": 0.0, "MED_MAY_H": 0.0, "MED_MAY_M": 0.0, "NT1_SI": 0.0, "NT1_H": 2.0, "NT1_M": 0.0, "NT2_SI": 0.0, "NT2_H": 8.0, "NT2_M": 1.0, "N_TOTAL": 11.0, "DIRECCION": "JANUARIO ESPINOZA", "NUMERO": 7243.0, "REFERENCIA": "AV. JOSE ARRIETA / AV. TOBALABA", "LATITUD": -33.46201, "LONGITUD": -70.55381 }, "geometry": { "type": "Point", "coordinates": [ -70.55381, -33.46201 ] } },
{ "type": "Feature", "properties": { "AGNO": 2021.0, "ID_ESTAB": 26439.0, "ORIGEN": 1.0, "NOM_ESTAB": "ESCUELA ESPECIAL NIDO DE PALABRAS", "COD_REG_ES": 13.0, "COD_PRO_ES": 131.0, "COD_COM_ES": 13114.0, "NOM_COM_ES": "LAS CONDES", "COD_DEPROV": 133.0, "NOM_DEPROV": "SANTIAGO ORIENTE", "DEPENDENCI": 2.0, "RURAL_ESTA": 0.0, "ESTADO_EST": 1.0, "SC_MEN_SI": 0.0, "SC_MEN_H": 0.0, "SC_MEN_M": 0.0, "SC_MAY_H": 0.0, "SC_MAY_M": 0.0, "MED_MEN_SI": 0.0, "MED_MEN_H": 0.0, "MED_MEN_M": 0.0, "MED_MAY_SI": 0.0, "MED_MAY_H": 14.0, "MED_MAY_M": 8.0, "NT1_SI": 0.0, "NT1_H": 9.0, "NT1_M": 10.0, "NT2_SI": 0.0, "NT2_H": 10.0, "NT2_M": 10.0, "N_TOTAL": 61.0, "DIRECCION": "PICHIDANGUI", "NUMERO": 1600.0, "REFERENCIA": "PICHIDANGUI ESQUINA PUNITAQUI, PARALELO A FLEMING ALTURA 9000 DOS CUADRAS HACIA EL NORTE.", "LATITUD": -33.422444, "LONGITUD": -70.531722 }, "geometry": { "type": "Point", "coordinates": [ -70.531722, -33.422444 ] } },
{ "type": "Feature", "properties": { "AGNO": 2021.0, "ID_ESTAB": 31254.0, "ORIGEN": 1.0, "NOM_ESTAB": "ESCUELA ESPECIAL Nº 2385 VALLE HERMOSO", "COD_REG_ES": 13.0, "COD_PRO_ES": 131.0, "COD_COM_ES": 13122.0, "NOM_COM_ES": "PEÑALOLÉN", "COD_DEPROV": 133.0, "NOM_DEPROV": "SANTIAGO ORIENTE", "DEPENDENCI": 2.0, "RURAL_ESTA": 0.0, "ESTADO_EST": 1.0, "SC_MEN_SI": 0.0, "SC_MEN_H": 0.0, "SC_MEN_M": 0.0, "SC_MAY_H": 0.0, "SC_MAY_M": 0.0, "MED_MEN_SI": 0.0, "MED_MEN_H": 0.0, "MED_MEN_M": 0.0, "MED_MAY_SI": 0.0, "MED_MAY_H": 33.0, "MED_MAY_M": 26.0, "NT1_SI": 0.0, "NT1_H": 39.0, "NT1_M": 21.0, "NT2_SI": 0.0, "NT2_H": 44.0, "NT2_M": 24.0, "N_TOTAL": 187.0, "DIRECCION": "ROCA VIVA", "NUMERO": 9731.0, "REFERENCIA": "CALLE ROCA VIVA 9731 ESQUINA AVENIDA LAS PERDICES", "LATITUD": -33.471004, "LONGITUD": -70.530045 }, "geometry": { "type": "Point", "coordinates": [ -70.530045, -33.471004 ] } },
{ "type": "Feature", "properties": { "AGNO": 2021.0, "ID_ESTAB": 31381.0, "ORIGEN": 1.0, "NOM_ESTAB": "ESCUELA ESPECIAL EL CASTILLO DE LOS TRES HERMANOS", "COD_REG_ES": 13.0, "COD_PRO_ES": 131.0, "COD_COM_ES": 13113.0, "NOM_COM_ES": "LA REINA", "COD_DEPROV": 133.0, "NOM_DEPROV": "SANTIAGO ORIENTE", "DEPENDENCI": 2.0, "RURAL_ESTA": 0.0, "ESTADO_EST": 1.0, "SC_MEN_SI": 0.0, "SC_MEN_H": 0.0, "SC_MEN_M": 0.0, "SC_MAY_H": 0.0, "SC_MAY_M": 0.0, "MED_MEN_SI": 0.0, "MED_MEN_H": 0.0, "MED_MEN_M": 0.0, "MED_MAY_SI": 0.0, "MED_MAY_H": 22.0, "MED_MAY_M": 21.0, "NT1_SI": 0.0, "NT1_H": 26.0, "NT1_M": 19.0, "NT2_SI": 0.0, "NT2_H": 12.0, "NT2_M": 12.0, "N_TOTAL": 112.0, "DIRECCION": "POETA ANGEL CRUCHAGA", "NUMERO": 1541.0, "REFERENCIA": "PRINCIPE DE GALES ALT.7400", "LATITUD": -33.438816, "LONGITUD": -70.55434 }, "geometry": { "type": "Point", "coordinates": [ -70.55434, -33.438816 ] } },
{ "type": "Feature", "properties": { "AGNO": 2021.0, "ID_ESTAB": 13113001.0, "ORIGEN": 2.0, "NOM_ESTAB": "PAIDAHUE", "COD_REG_ES": 13.0, "COD_PRO_ES": 131.0, "COD_COM_ES": 13113.0, "NOM_COM_ES": "LA REINA", "COD_DEPROV": 0.0, "NOM_DEPROV": null, "DEPENDENCI": 4.0, "RURAL_ESTA": 0.0, "ESTADO_EST": 0.0, "SC_MEN_SI": 0.0, "SC_MEN_H": 5.0, "SC_MEN_M": 9.0, "SC_MAY_H": 18.0, "SC_MAY_M": 18.0, "MED_MEN_SI": 0.0, "MED_MEN_H": 26.0, "MED_MEN_M": 26.0, "MED_MAY_SI": 0.0, "MED_MAY_H": 25.0, "MED_MAY_M": 30.0, "NT1_SI": 0.0, "NT1_H": 12.0, "NT1_M": 10.0, "NT2_SI": 0.0, "NT2_H": 0.0, "NT2_M": 0.0, "N_TOTAL": 179.0, "DIRECCION": "QUILLAGUA", "NUMERO": 529.0, "REFERENCIA": "LA REINA", "LATITUD": -33.457266, "LONGITUD": -70.53324 }, "geometry": { "type": "Point", "coordinates": [ -70.53324, -33.457266 ] } },
{ "type": "Feature", "properties": { "AGNO": 2021.0, "ID_ESTAB": 13113002.0, "ORIGEN": 2.0, "NOM_ESTAB": "CUNDALI", "COD_REG_ES": 13.0, "COD_PRO_ES": 131.0, "COD_COM_ES": 13113.0, "NOM_COM_ES": "LA REINA", "COD_DEPROV": 0.0, "NOM_DEPROV": null, "DEPENDENCI": 4.0, "RURAL_ESTA": 0.0, "ESTADO_EST": 0.0, "SC_MEN_SI": 0.0, "SC_MEN_H": 8.0, "SC_MEN_M": 9.0, "SC_MAY_H": 14.0, "SC_MAY_M": 19.0, "MED_MEN_SI": 0.0, "MED_MEN_H": 0.0, "MED_MEN_M": 0.0, "MED_MAY_SI": 0.0, "MED_MAY_H": 0.0, "MED_MAY_M": 0.0, "NT1_SI": 0.0, "NT1_H": 0.0, "NT1_M": 0.0, "NT2_SI": 0.0, "NT2_H": 0.0, "NT2_M": 0.0, "N_TOTAL": 50.0, "DIRECCION": "QUILLAGUA", "NUMERO": 82.0, "REFERENCIA": null, "LATITUD": -33.453632, "LONGITUD": -70.533221 }, "geometry": { "type": "Point", "coordinates": [ -70.53322082, -33.45363183 ] } },
{ "type": "Feature", "properties": { "AGNO": 2021.0, "ID_ESTAB": 13113003.0, "ORIGEN": 2.0, "NOM_ESTAB": "LAURITA VICUÑA", "COD_REG_ES": 13.0, "COD_PRO_ES": 131.0, "COD_COM_ES": 13113.0, "NOM_COM_ES": "LA REINA", "COD_DEPROV": 0.0, "NOM_DEPROV": null, "DEPENDENCI": 4.0, "RURAL_ESTA": 0.0, "ESTADO_EST": 0.0, "SC_MEN_SI": 0.0, "SC_MEN_H": 4.0, "SC_MEN_M": 8.0, "SC_MAY_H": 5.0, "SC_MAY_M": 15.0, "MED_MEN_SI": 0.0, "MED_MEN_H": 17.0, "MED_MEN_M": 16.0, "MED_MAY_SI": 0.0, "MED_MAY_H": 14.0, "MED_MAY_M": 15.0, "NT1_SI": 0.0, "NT1_H": 0.0, "NT1_M": 0.0, "NT2_SI": 0.0, "NT2_H": 0.0, "NT2_M": 0.0, "N_TOTAL": 94.0, "DIRECCION": "PARINACOTA", "NUMERO": 18.0, "REFERENCIA": null, "LATITUD": -33.453738, "LONGITUD": -70.532128 }, "geometry": { "type": "Point", "coordinates": [ -70.53212837, -33.45373788 ] } },
{ "type": "Feature", "properties": { "AGNO": 2021.0, "ID_ESTAB": 13113005.0, "ORIGEN": 2.0, "NOM_ESTAB": "DIEGO PORTALES", "COD_REG_ES": 13.0, "COD_PRO_ES": 131.0, "COD_COM_ES": 13113.0, "NOM_COM_ES": "LA REINA", "COD_DEPROV": 0.0, "NOM_DEPROV": null, "DEPENDENCI": 4.0, "RURAL_ESTA": 0.0, "ESTADO_EST": 0.0, "SC_MEN_SI": 0.0, "SC_MEN_H": 0.0, "SC_MEN_M": 0.0, "SC_MAY_H": 0.0, "SC_MAY_M": 0.0, "MED_MEN_SI": 0.0, "MED_MEN_H": 28.0, "MED_MEN_M": 38.0, "MED_MAY_SI": 0.0, "MED_MAY_H": 46.0, "MED_MAY_M": 36.0, "NT1_SI": 0.0, "NT1_H": 0.0, "NT1_M": 0.0, "NT2_SI": 0.0, "NT2_H": 0.0, "NT2_M": 0.0, "N_TOTAL": 148.0, "DIRECCION": "SALAR DEL CARMEN", "NUMERO": 81.0, "REFERENCIA": "VILLA LA REINA", "LATITUD": -33.453593, "LONGITUD": -70.534492 }, "geometry": { "type": "Point", "coordinates": [ -70.53449178, -33.45359272 ] } },
{ "type": "Feature", "properties": { "AGNO": 2021.0, "ID_ESTAB": 13113006.0, "ORIGEN": 2.0, "NOM_ESTAB": "ESTRELLITAS", "COD_REG_ES": 13.0, "COD_PRO_ES": 131.0, "COD_COM_ES": 13113.0, "NOM_COM_ES": "LA REINA", "COD_DEPROV": 0.0, "NOM_DEPROV": null, "DEPENDENCI": 4.0, "RURAL_ESTA": 0.0, "ESTADO_EST": 0.0, "SC_MEN_SI": 0.0, "SC_MEN_H": 9.0, "SC_MEN_M": 6.0, "SC_MAY_H": 9.0, "SC_MAY_M": 11.0, "MED_MEN_SI": 0.0, "MED_MEN_H": 15.0, "MED_MEN_M": 17.0, "MED_MAY_SI": 0.0, "MED_MAY_H": 11.0, "MED_MAY_M": 18.0, "NT1_SI": 0.0, "NT1_H": 0.0, "NT1_M": 0.0, "NT2_SI": 0.0, "NT2_H": 0.0, "NT2_M": 0.0, "N_TOTAL": 96.0, "DIRECCION": "AVENIDA LARRAIN", "NUMERO": 9201.0, "REFERENCIA": null, "LATITUD": -33.452572, "LONGITUD": -70.537082 }, "geometry": { "type": "Point", "coordinates": [ -70.53708199, -33.45257169 ] } },
{ "type": "Feature", "properties": { "AGNO": 2021.0, "ID_ESTAB": 13113007.0, "ORIGEN": 2.0, "NOM_ESTAB": "EL CANELO", "COD_REG_ES": 13.0, "COD_PRO_ES": 131.0, "COD_COM_ES": 13113.0, "NOM_COM_ES": "LA REINA", "COD_DEPROV": 0.0, "NOM_DEPROV": null, "DEPENDENCI": 4.0, "RURAL_ESTA": 0.0, "ESTADO_EST": 0.0, "SC_MEN_SI": 0.0, "SC_MEN_H": 6.0, "SC_MEN_M": 1.0, "SC_MAY_H": 12.0, "SC_MAY_M": 8.0, "MED_MEN_SI": 0.0, "MED_MEN_H": 17.0, "MED_MEN_M": 15.0, "MED_MAY_SI": 0.0, "MED_MAY_H": 10.0, "MED_MAY_M": 16.0, "NT1_SI": 0.0, "NT1_H": 0.0, "NT1_M": 0.0, "NT2_SI": 0.0, "NT2_H": 0.0, "NT2_M": 0.0, "N_TOTAL": 85.0, "DIRECCION": "AVENIDA ECHEÑIQUE", "NUMERO": 8625.0, "REFERENCIA": null, "LATITUD": -33.443113, "LONGITUD": -70.541721 }, "geometry": { "type": "Point", "coordinates": [ -70.54172062, -33.44311284 ] } },
{ "type": "Feature", "properties": { "AGNO": 2021.0, "ID_ESTAB": 13113008.0, "ORIGEN": 2.0, "NOM_ESTAB": "EL ALERCE", "COD_REG_ES": 13.0, "COD_PRO_ES": 131.0, "COD_COM_ES": 13113.0, "NOM_COM_ES": "LA REINA", "COD_DEPROV": 0.0, "NOM_DEPROV": null, "DEPENDENCI": 4.0, "RURAL_ESTA": 0.0, "ESTADO_EST": 0.0, "SC_MEN_SI": 0.0, "SC_MEN_H": 4.0, "SC_MEN_M": 3.0, "SC_MAY_H": 12.0, "SC_MAY_M": 6.0, "MED_MEN_SI": 0.0, "MED_MEN_H": 19.0, "MED_MEN_M": 14.0, "MED_MAY_SI": 0.0, "MED_MAY_H": 19.0, "MED_MAY_M": 10.0, "NT1_SI": 0.0, "NT1_H": 0.0, "NT1_M": 0.0, "NT2_SI": 0.0, "NT2_H": 0.0, "NT2_M": 0.0, "N_TOTAL": 87.0, "DIRECCION": "AVENIDA LARRAIN", "NUMERO": 6374.0, "REFERENCIA": null, "LATITUD": -33.452955, "LONGITUD": -70.564024 }, "geometry": { "type": "Point", "coordinates": [ -70.56402379, -33.45295502 ] } },
{ "type": "Feature", "properties": { "AGNO": 2021.0, "ID_ESTAB": 13113009.0, "ORIGEN": 2.0, "NOM_ESTAB": "EL AVELLANO", "COD_REG_ES": 13.0, "COD_PRO_ES": 131.0, "COD_COM_ES": 13113.0, "NOM_COM_ES": "LA REINA", "COD_DEPROV": 0.0, "NOM_DEPROV": null, "DEPENDENCI": 4.0, "RURAL_ESTA": 0.0, "ESTADO_EST": 0.0, "SC_MEN_SI": 0.0, "SC_MEN_H": 7.0, "SC_MEN_M": 4.0, "SC_MAY_H": 13.0, "SC_MAY_M": 7.0, "MED_MEN_SI": 0.0, "MED_MEN_H": 14.0, "MED_MEN_M": 18.0, "MED_MAY_SI": 0.0, "MED_MAY_H": 8.0, "MED_MAY_M": 23.0, "NT1_SI": 0.0, "NT1_H": 0.0, "NT1_M": 0.0, "NT2_SI": 0.0, "NT2_H": 0.0, "NT2_M": 0.0, "N_TOTAL": 94.0, "DIRECCION": "FRANCISCO DE VILLAGRA", "NUMERO": 6581.0, "REFERENCIA": null, "LATITUD": -33.45992, "LONGITUD": -70.56159 }, "geometry": { "type": "Point", "coordinates": [ -70.56158997, -33.45991997 ] } },
{ "type": "Feature", "properties": { "AGNO": 2021.0, "ID_ESTAB": 13113010.0, "ORIGEN": 2.0, "NOM_ESTAB": "TALINAY", "COD_REG_ES": 13.0, "COD_PRO_ES": 131.0, "COD_COM_ES": 13113.0, "NOM_COM_ES": "LA REINA", "COD_DEPROV": 0.0, "NOM_DEPROV": null, "DEPENDENCI": 4.0, "RURAL_ESTA": 0.0, "ESTADO_EST": 0.0, "SC_MEN_SI": 0.0, "SC_MEN_H": 3.0, "SC_MEN_M": 9.0, "SC_MAY_H": 11.0, "SC_MAY_M": 8.0, "MED_MEN_SI": 0.0, "MED_MEN_H": 21.0, "MED_MEN_M": 11.0, "MED_MAY_SI": 0.0, "MED_MAY_H": 19.0, "MED_MAY_M": 12.0, "NT1_SI": 0.0, "NT1_H": 0.0, "NT1_M": 0.0, "NT2_SI": 0.0, "NT2_H": 0.0, "NT2_M": 0.0, "N_TOTAL": 94.0, "DIRECCION": "TALINAY", "NUMERO": 9951.0, "REFERENCIA": null, "LATITUD": -33.459946, "LONGITUD": -70.530158 }, "geometry": { "type": "Point", "coordinates": [ -70.53015826, -33.45994556 ] } },
{ "type": "Feature", "properties": { "AGNO": 2021.0, "ID_ESTAB": 13120006.0, "ORIGEN": 2.0, "NOM_ESTAB": "LAS AMAPOLAS", "COD_REG_ES": 13.0, "COD_PRO_ES": 131.0, "COD_COM_ES": 13120.0, "NOM_COM_ES": "ÑUÑOA", "COD_DEPROV": 0.0, "NOM_DEPROV": null, "DEPENDENCI": 4.0, "RURAL_ESTA": 0.0, "ESTADO_EST": 0.0, "SC_MEN_SI": 0.0, "SC_MEN_H": 9.0, "SC_MEN_M": 7.0, "SC_MAY_H": 14.0, "SC_MAY_M": 22.0, "MED_MEN_SI": 0.0, "MED_MEN_H": 25.0, "MED_MEN_M": 26.0, "MED_MAY_SI": 0.0, "MED_MAY_H": 18.0, "MED_MAY_M": 11.0, "NT1_SI": 0.0, "NT1_H": 9.0, "NT1_M": 11.0, "NT2_SI": 0.0, "NT2_H": 0.0, "NT2_M": 0.0, "N_TOTAL": 152.0, "DIRECCION": "PASAJE", "NUMERO": 9.0, "REFERENCIA": "4850 CONVENTRY C/ BREMEN LAS AMAPOLAS", "LATITUD": -33.441056, "LONGITUD": -70.580069 }, "geometry": { "type": "Point", "coordinates": [ -70.580069, -33.441056 ] } },
{ "type": "Feature", "properties": { "AGNO": 2021.0, "ID_ESTAB": 13120017.0, "ORIGEN": 2.0, "NOM_ESTAB": "HOGAR MISION DE MARIA", "COD_REG_ES": 13.0, "COD_PRO_ES": 131.0, "COD_COM_ES": 13120.0, "NOM_COM_ES": "ÑUÑOA", "COD_DEPROV": 0.0, "NOM_DEPROV": null, "DEPENDENCI": 4.0, "RURAL_ESTA": 0.0, "ESTADO_EST": 0.0, "SC_MEN_SI": 0.0, "SC_MEN_H": 6.0, "SC_MEN_M": 4.0, "SC_MAY_H": 0.0, "SC_MAY_M": 0.0, "MED_MEN_SI": 0.0, "MED_MEN_H": 1.0, "MED_MEN_M": 3.0, "MED_MAY_SI": 0.0, "MED_MAY_H": 2.0, "MED_MAY_M": 0.0, "NT1_SI": 0.0, "NT1_H": 0.0, "NT1_M": 0.0, "NT2_SI": 0.0, "NT2_H": 0.0, "NT2_M": 0.0, "N_TOTAL": 16.0, "DIRECCION": "BREMEN", "NUMERO": 1316.0, "REFERENCIA": null, "LATITUD": -33.44327, "LONGITUD": -70.579203 }, "geometry": { "type": "Point", "coordinates": [ -70.57920329, -33.44327014 ] } },
{ "type": "Feature", "properties": { "AGNO": 2021.0, "ID_ESTAB": 13122003.0, "ORIGEN": 2.0, "NOM_ESTAB": "MUNDO DE NIÑOS Y NIÑAS", "COD_REG_ES": 13.0, "COD_PRO_ES": 131.0, "COD_COM_ES": 13122.0, "NOM_COM_ES": "PEÑALOLÉN", "COD_DEPROV": 0.0, "NOM_DEPROV": null, "DEPENDENCI": 4.0, "RURAL_ESTA": 0.0, "ESTADO_EST": 0.0, "SC_MEN_SI": 0.0, "SC_MEN_H": 1.0, "SC_MEN_M": 6.0, "SC_MAY_H": 8.0, "SC_MAY_M": 12.0, "MED_MEN_SI": 0.0, "MED_MEN_H": 9.0, "MED_MEN_M": 7.0, "MED_MAY_SI": 0.0, "MED_MAY_H": 23.0, "MED_MAY_M": 12.0, "NT1_SI": 0.0, "NT1_H": 0.0, "NT1_M": 0.0, "NT2_SI": 0.0, "NT2_H": 0.0, "NT2_M": 0.0, "N_TOTAL": 78.0, "DIRECCION": "CALLE 13-A", "NUMERO": 1011.0, "REFERENCIA": "CALLE 13-A # 1011 POB. LA FAENA", "LATITUD": -33.467495, "LONGITUD": -70.553318 }, "geometry": { "type": "Point", "coordinates": [ -70.5533183, -33.46749538 ] } },
{ "type": "Feature", "properties": { "AGNO": 2021.0, "ID_ESTAB": 13122043.0, "ORIGEN": 2.0, "NOM_ESTAB": "LA FAENA", "COD_REG_ES": 13.0, "COD_PRO_ES": 131.0, "COD_COM_ES": 13122.0, "NOM_COM_ES": "PEÑALOLÉN", "COD_DEPROV": 0.0, "NOM_DEPROV": null, "DEPENDENCI": 4.0, "RURAL_ESTA": 0.0, "ESTADO_EST": 0.0, "SC_MEN_SI": 0.0, "SC_MEN_H": 0.0, "SC_MEN_M": 0.0, "SC_MAY_H": 11.0, "SC_MAY_M": 10.0, "MED_MEN_SI": 0.0, "MED_MEN_H": 0.0, "MED_MEN_M": 0.0, "MED_MAY_SI": 0.0, "MED_MAY_H": 0.0, "MED_MAY_M": 0.0, "NT1_SI": 0.0, "NT1_H": 0.0, "NT1_M": 0.0, "NT2_SI": 0.0, "NT2_H": 0.0, "NT2_M": 0.0, "N_TOTAL": 21.0, "DIRECCION": "DIEGO ROJAS", "NUMERO": 900.0, "REFERENCIA": null, "LATITUD": -33.464916, "LONGITUD": -70.556592 }, "geometry": { "type": "Point", "coordinates": [ -70.55659245, -33.46491569 ] } },
{ "type": "Feature", "properties": { "AGNO": 2021.0, "ID_ESTAB": 13122046.0, "ORIGEN": 2.0, "NOM_ESTAB": "MUNDO  FELIZ", "COD_REG_ES": 13.0, "COD_PRO_ES": 131.0, "COD_COM_ES": 13122.0, "NOM_COM_ES": "PEÑALOLÉN", "COD_DEPROV": 0.0, "NOM_DEPROV": null, "DEPENDENCI": 4.0, "RURAL_ESTA": 0.0, "ESTADO_EST": 0.0, "SC_MEN_SI": 0.0, "SC_MEN_H": 7.0, "SC_MEN_M": 14.0, "SC_MAY_H": 6.0, "SC_MAY_M": 14.0, "MED_MEN_SI": 0.0, "MED_MEN_H": 15.0, "MED_MEN_M": 14.0, "MED_MAY_SI": 0.0, "MED_MAY_H": 12.0, "MED_MAY_M": 18.0, "NT1_SI": 0.0, "NT1_H": 0.0, "NT1_M": 0.0, "NT2_SI": 0.0, "NT2_H": 0.0, "NT2_M": 0.0, "N_TOTAL": 100.0, "DIRECCION": "LAS PEÑAS", "NUMERO": 9530.0, "REFERENCIA": "VALLE HERMOSO", "LATITUD": -33.471215, "LONGITUD": -70.532309 }, "geometry": { "type": "Point", "coordinates": [ -70.53230903, -33.47121502 ] } },
{ "type": "Feature", "properties": { "AGNO": 2021.0, "ID_ESTAB": 13122047.0, "ORIGEN": 2.0, "NOM_ESTAB": "NUEVO MUNDO", "COD_REG_ES": 13.0, "COD_PRO_ES": 131.0, "COD_COM_ES": 13122.0, "NOM_COM_ES": "PEÑALOLÉN", "COD_DEPROV": 0.0, "NOM_DEPROV": null, "DEPENDENCI": 4.0, "RURAL_ESTA": 0.0, "ESTADO_EST": 0.0, "SC_MEN_SI": 0.0, "SC_MEN_H": 2.0, "SC_MEN_M": 9.0, "SC_MAY_H": 9.0, "SC_MAY_M": 8.0, "MED_MEN_SI": 0.0, "MED_MEN_H": 9.0, "MED_MEN_M": 16.0, "MED_MAY_SI": 0.0, "MED_MAY_H": 7.0, "MED_MAY_M": 14.0, "NT1_SI": 0.0, "NT1_H": 0.0, "NT1_M": 0.0, "NT2_SI": 0.0, "NT2_H": 0.0, "NT2_M": 0.0, "N_TOTAL": 74.0, "DIRECCION": "CALLE 138", "NUMERO": 6485.0, "REFERENCIA": "CALLE 138 N 6485, POB. LA FAENA", "LATITUD": -33.464895, "LONGITUD": -70.564262 }, "geometry": { "type": "Point", "coordinates": [ -70.56426194, -33.46489497 ] } },
{ "type": "Feature", "properties": { "AGNO": 2021.0, "ID_ESTAB": 13122048.0, "ORIGEN": 2.0, "NOM_ESTAB": "PEW MAYEN", "COD_REG_ES": 13.0, "COD_PRO_ES": 131.0, "COD_COM_ES": 13122.0, "NOM_COM_ES": "PEÑALOLÉN", "COD_DEPROV": 0.0, "NOM_DEPROV": null, "DEPENDENCI": 4.0, "RURAL_ESTA": 0.0, "ESTADO_EST": 0.0, "SC_MEN_SI": 0.0, "SC_MEN_H": 7.0, "SC_MEN_M": 5.0, "SC_MAY_H": 17.0, "SC_MAY_M": 22.0, "MED_MEN_SI": 0.0, "MED_MEN_H": 32.0, "MED_MEN_M": 22.0, "MED_MAY_SI": 0.0, "MED_MAY_H": 18.0, "MED_MAY_M": 16.0, "NT1_SI": 0.0, "NT1_H": 9.0, "NT1_M": 8.0, "NT2_SI": 0.0, "NT2_H": 0.0, "NT2_M": 1.0, "N_TOTAL": 157.0, "DIRECCION": "CIDRO", "NUMERO": 1311.0, "REFERENCIA": null, "LATITUD": -33.467525, "LONGITUD": -70.565734 }, "geometry": { "type": "Point", "coordinates": [ -70.56573432, -33.46752492 ] } },
{ "type": "Feature", "properties": { "AGNO": 2021.0, "ID_ESTAB": 130902.0, "ORIGEN": 3.0, "NOM_ESTAB": "LEONOR SOLAR", "COD_REG_ES": 13.0, "COD_PRO_ES": 131.0, "COD_COM_ES": 13114.0, "NOM_COM_ES": "LAS CONDES", "COD_DEPROV": 0.0, "NOM_DEPROV": null, "DEPENDENCI": 5.0, "RURAL_ESTA": 0.0, "ESTADO_EST": 0.0, "SC_MEN_SI": 0.0, "SC_MEN_H": 6.0, "SC_MEN_M": 8.0, "SC_MAY_H": 16.0, "SC_MAY_M": 14.0, "MED_MEN_SI": 0.0, "MED_MEN_H": 32.0, "MED_MEN_M": 38.0, "MED_MAY_SI": 0.0, "MED_MAY_H": 42.0, "MED_MAY_M": 34.0, "NT1_SI": 0.0, "NT1_H": 0.0, "NT1_M": 0.0, "NT2_SI": 0.0, "NT2_H": 0.0, "NT2_M": 0.0, "N_TOTAL": 190.0, "DIRECCION": "PINTOR SOMERSCALES", "NUMERO": 7950.0, "REFERENCIA": null, "LATITUD": -33.423943, "LONGITUD": -70.549483 }, "geometry": { "type": "Point", "coordinates": [ -70.549483, -33.423943 ] } },
{ "type": "Feature", "properties": { "AGNO": 2021.0, "ID_ESTAB": 130903.0, "ORIGEN": 3.0, "NOM_ESTAB": "SAN FRANCISCO DE ASÍS", "COD_REG_ES": 13.0, "COD_PRO_ES": 131.0, "COD_COM_ES": 13114.0, "NOM_COM_ES": "LAS CONDES", "COD_DEPROV": 0.0, "NOM_DEPROV": null, "DEPENDENCI": 5.0, "RURAL_ESTA": 0.0, "ESTADO_EST": 0.0, "SC_MEN_SI": 0.0, "SC_MEN_H": 1.0, "SC_MEN_M": 3.0, "SC_MAY_H": 23.0, "SC_MAY_M": 13.0, "MED_MEN_SI": 0.0, "MED_MEN_H": 26.0, "MED_MEN_M": 28.0, "MED_MAY_SI": 0.0, "MED_MAY_H": 26.0, "MED_MAY_M": 41.0, "NT1_SI": 0.0, "NT1_H": 0.0, "NT1_M": 0.0, "NT2_SI": 0.0, "NT2_H": 0.0, "NT2_M": 0.0, "N_TOTAL": 161.0, "DIRECCION": "AYQUINA", "NUMERO": 1751.0, "REFERENCIA": null, "LATITUD": -33.425699, "LONGITUD": -70.541007 }, "geometry": { "type": "Point", "coordinates": [ -70.541007, -33.425699 ] } },
{ "type": "Feature", "properties": { "AGNO": 2021.0, "ID_ESTAB": 130904.0, "ORIGEN": 3.0, "NOM_ESTAB": "TERESITA DE JESÚS", "COD_REG_ES": 13.0, "COD_PRO_ES": 131.0, "COD_COM_ES": 13114.0, "NOM_COM_ES": "LAS CONDES", "COD_DEPROV": 0.0, "NOM_DEPROV": null, "DEPENDENCI": 5.0, "RURAL_ESTA": 0.0, "ESTADO_EST": 0.0, "SC_MEN_SI": 0.0, "SC_MEN_H": 3.0, "SC_MEN_M": 0.0, "SC_MAY_H": 14.0, "SC_MAY_M": 18.0, "MED_MEN_SI": 0.0, "MED_MEN_H": 17.0, "MED_MEN_M": 27.0, "MED_MAY_SI": 0.0, "MED_MAY_H": 24.0, "MED_MAY_M": 19.0, "NT1_SI": 0.0, "NT1_H": 0.0, "NT1_M": 0.0, "NT2_SI": 0.0, "NT2_H": 0.0, "NT2_M": 0.0, "N_TOTAL": 122.0, "DIRECCION": "RUCALHUE", "NUMERO": 1748.0, "REFERENCIA": null, "LATITUD": -33.426573, "LONGITUD": -70.548981 }, "geometry": { "type": "Point", "coordinates": [ -70.548981, -33.426573 ] } },
{ "type": "Feature", "properties": { "AGNO": 2021.0, "ID_ESTAB": 131103.0, "ORIGEN": 3.0, "NOM_ESTAB": "BLEST GANA", "COD_REG_ES": 13.0, "COD_PRO_ES": 131.0, "COD_COM_ES": 13113.0, "NOM_COM_ES": "LA REINA", "COD_DEPROV": 0.0, "NOM_DEPROV": null, "DEPENDENCI": 5.0, "RURAL_ESTA": 0.0, "ESTADO_EST": 0.0, "SC_MEN_SI": 0.0, "SC_MEN_H": 0.0, "SC_MEN_M": 0.0, "SC_MAY_H": 6.0, "SC_MAY_M": 3.0, "MED_MEN_SI": 0.0, "MED_MEN_H": 3.0, "MED_MEN_M": 4.0, "MED_MAY_SI": 0.0, "MED_MAY_H": 10.0, "MED_MAY_M": 4.0, "NT1_SI": 0.0, "NT1_H": 0.0, "NT1_M": 0.0, "NT2_SI": 0.0, "NT2_H": 0.0, "NT2_M": 0.0, "N_TOTAL": 30.0, "DIRECCION": "BLEST GANA", "NUMERO": 5962.0, "REFERENCIA": null, "LATITUD": -33.455283, "LONGITUD": -70.567996 }, "geometry": { "type": "Point", "coordinates": [ -70.567996, -33.455283 ] } },
{ "type": "Feature", "properties": { "AGNO": 2021.0, "ID_ESTAB": 131310.0, "ORIGEN": 3.0, "NOM_ESTAB": "BUEN SAMARITANO", "COD_REG_ES": 13.0, "COD_PRO_ES": 131.0, "COD_COM_ES": 13122.0, "NOM_COM_ES": "PEÑALOLÉN", "COD_DEPROV": 0.0, "NOM_DEPROV": null, "DEPENDENCI": 5.0, "RURAL_ESTA": 0.0, "ESTADO_EST": 0.0, "SC_MEN_SI": 0.0, "SC_MEN_H": 0.0, "SC_MEN_M": 0.0, "SC_MAY_H": 0.0, "SC_MAY_M": 0.0, "MED_MEN_SI": 0.0, "MED_MEN_H": 11.0, "MED_MEN_M": 15.0, "MED_MAY_SI": 0.0, "MED_MAY_H": 10.0, "MED_MAY_M": 15.0, "NT1_SI": 0.0, "NT1_H": 14.0, "NT1_M": 9.0, "NT2_SI": 0.0, "NT2_H": 0.0, "NT2_M": 0.0, "N_TOTAL": 74.0, "DIRECCION": "AVENIDA LOS ORIENTALES", "NUMERO": 7191.0, "REFERENCIA": null, "LATITUD": -33.46797, "LONGITUD": -70.556765 }, "geometry": { "type": "Point", "coordinates": [ -70.556765, -33.46797 ] } },
{ "type": "Feature", "properties": { "AGNO": 2021.0, "ID_ESTAB": 131315.0, "ORIGEN": 3.0, "NOM_ESTAB": "S.C. ANDALUHUÉ", "COD_REG_ES": 13.0, "COD_PRO_ES": 131.0, "COD_COM_ES": 13122.0, "NOM_COM_ES": "PEÑALOLÉN", "COD_DEPROV": 0.0, "NOM_DEPROV": null, "DEPENDENCI": 5.0, "RURAL_ESTA": 0.0, "ESTADO_EST": 0.0, "SC_MEN_SI": 0.0, "SC_MEN_H": 1.0, "SC_MEN_M": 1.0, "SC_MAY_H": 13.0, "SC_MAY_M": 2.0, "MED_MEN_SI": 0.0, "MED_MEN_H": 0.0, "MED_MEN_M": 0.0, "MED_MAY_SI": 0.0, "MED_MAY_H": 0.0, "MED_MAY_M": 0.0, "NT1_SI": 0.0, "NT1_H": 0.0, "NT1_M": 0.0, "NT2_SI": 0.0, "NT2_H": 0.0, "NT2_M": 0.0, "N_TOTAL": 17.0, "DIRECCION": "PASO NEVADO", "NUMERO": 9569.0, "REFERENCIA": null, "LATITUD": -33.469905, "LONGITUD": -70.532438 }, "geometry": { "type": "Point", "coordinates": [ -70.532438, -33.469905 ] } },
{ "type": "Feature", "properties": { "AGNO": 2021.0, "ID_ESTAB": 131316.0, "ORIGEN": 3.0, "NOM_ESTAB": "ELUNEY", "COD_REG_ES": 13.0, "COD_PRO_ES": 131.0, "COD_COM_ES": 13122.0, "NOM_COM_ES": "PEÑALOLÉN", "COD_DEPROV": 0.0, "NOM_DEPROV": null, "DEPENDENCI": 5.0, "RURAL_ESTA": 0.0, "ESTADO_EST": 0.0, "SC_MEN_SI": 0.0, "SC_MEN_H": 0.0, "SC_MEN_M": 0.0, "SC_MAY_H": 0.0, "SC_MAY_M": 0.0, "MED_MEN_SI": 0.0, "MED_MEN_H": 2.0, "MED_MEN_M": 2.0, "MED_MAY_SI": 0.0, "MED_MAY_H": 2.0, "MED_MAY_M": 3.0, "NT1_SI": 0.0, "NT1_H": 3.0, "NT1_M": 2.0, "NT2_SI": 0.0, "NT2_H": 0.0, "NT2_M": 0.0, "N_TOTAL": 14.0, "DIRECCION": "PASAJE 2 NORTE", "NUMERO": 8214.0, "REFERENCIA": null, "LATITUD": -33.468724, "LONGITUD": -70.544802 }, "geometry": { "type": "Point", "coordinates": [ -70.544802, -33.468724 ] } },
{ "type": "Feature", "properties": { "AGNO": 2021.0, "ID_ESTAB": 8533.0, "ORIGEN": 1.0, "NOM_ESTAB": "ESCUELA BASICA BENJAMIN VICUNA MACKENNA", "COD_REG_ES": 13.0, "COD_PRO_ES": 131.0, "COD_COM_ES": 13101.0, "NOM_COM_ES": "SANTIAGO", "COD_DEPROV": 131.0, "NOM_DEPROV": "SANTIAGO CENTRO", "DEPENDENCI": 1.0, "RURAL_ESTA": 0.0, "ESTADO_EST": 1.0, "SC_MEN_SI": 0.0, "SC_MEN_H": 0.0, "SC_MEN_M": 0.0, "SC_MAY_H": 0.0, "SC_MAY_M": 0.0, "MED_MEN_SI": 0.0, "MED_MEN_H": 0.0, "MED_MEN_M": 0.0, "MED_MAY_SI": 0.0, "MED_MAY_H": 0.0, "MED_MAY_M": 0.0, "NT1_SI": 0.0, "NT1_H": 0.0, "NT1_M": 40.0, "NT2_SI": 0.0, "NT2_H": 0.0, "NT2_M": 40.0, "N_TOTAL": 80.0, "DIRECCION": "VICUÑA MACKENNA", "NUMERO": 635.0, "REFERENCIA": "ENTRE LAS CALLES ARGOMEDO Y DIEZ DE JULIO SANTIAGO -CENTRO", "LATITUD": -33.449762, "LONGITUD": -70.631837 }, "geometry": { "type": "Point", "coordinates": [ -70.63183657, -33.44976157 ] } },
{ "type": "Feature", "properties": { "AGNO": 2021.0, "ID_ESTAB": 8563.0, "ORIGEN": 1.0, "NOM_ESTAB": "ESCUELA BASICA REPUBLICA DE MEXICO", "COD_REG_ES": 13.0, "COD_PRO_ES": 131.0, "COD_COM_ES": 13101.0, "NOM_COM_ES": "SANTIAGO", "COD_DEPROV": 131.0, "NOM_DEPROV": "SANTIAGO CENTRO", "DEPENDENCI": 1.0, "RURAL_ESTA": 0.0, "ESTADO_EST": 1.0, "SC_MEN_SI": 0.0, "SC_MEN_H": 0.0, "SC_MEN_M": 0.0, "SC_MAY_H": 0.0, "SC_MAY_M": 0.0, "MED_MEN_SI": 0.0, "MED_MEN_H": 0.0, "MED_MEN_M": 0.0, "MED_MAY_SI": 0.0, "MED_MAY_H": 0.0, "MED_MAY_M": 0.0, "NT1_SI": 0.0, "NT1_H": 15.0, "NT1_M": 15.0, "NT2_SI": 0.0, "NT2_H": 32.0, "NT2_M": 28.0, "N_TOTAL": 90.0, "DIRECCION": "RAULI", "NUMERO": 585.0, "REFERENCIA": "POR ARGOMEDO ENTRE PORTUGAL Y LIRA", "LATITUD": -33.449571, "LONGITUD": -70.636693 }, "geometry": { "type": "Point", "coordinates": [ -70.63669304, -33.44957134 ] } },
{ "type": "Feature", "properties": { "AGNO": 2021.0, "ID_ESTAB": 8576.0, "ORIGEN": 1.0, "NOM_ESTAB": "ESCUELA BASICA REYES CATOLICOS", "COD_REG_ES": 13.0, "COD_PRO_ES": 131.0, "COD_COM_ES": 13101.0, "NOM_COM_ES": "SANTIAGO", "COD_DEPROV": 131.0, "NOM_DEPROV": "SANTIAGO CENTRO", "DEPENDENCI": 1.0, "RURAL_ESTA": 0.0, "ESTADO_EST": 1.0, "SC_MEN_SI": 0.0, "SC_MEN_H": 0.0, "SC_MEN_M": 0.0, "SC_MAY_H": 0.0, "SC_MAY_M": 0.0, "MED_MEN_SI": 0.0, "MED_MEN_H": 0.0, "MED_MEN_M": 0.0, "MED_MAY_SI": 0.0, "MED_MAY_H": 0.0, "MED_MAY_M": 0.0, "NT1_SI": 0.0, "NT1_H": 18.0, "NT1_M": 12.0, "NT2_SI": 0.0, "NT2_H": 17.0, "NT2_M": 13.0, "N_TOTAL": 60.0, "DIRECCION": "SANTA ELENA", "NUMERO": 1829.0, "REFERENCIA": "SANTA ELENA 1829 ESQUINA ÑUBLEMETRO ÑUBLE", "LATITUD": -33.467958, "LONGITUD": -70.627863 }, "geometry": { "type": "Point", "coordinates": [ -70.62786296, -33.46795786 ] } },
{ "type": "Feature", "properties": { "AGNO": 2021.0, "ID_ESTAB": 8680.0, "ORIGEN": 1.0, "NOM_ESTAB": "COLEGIO ADVENTISTA PORVENIR", "COD_REG_ES": 13.0, "COD_PRO_ES": 131.0, "COD_COM_ES": 13101.0, "NOM_COM_ES": "SANTIAGO", "COD_DEPROV": 131.0, "NOM_DEPROV": "SANTIAGO CENTRO", "DEPENDENCI": 2.0, "RURAL_ESTA": 0.0, "ESTADO_EST": 1.0, "SC_MEN_SI": 0.0, "SC_MEN_H": 0.0, "SC_MEN_M": 0.0, "SC_MAY_H": 0.0, "SC_MAY_M": 0.0, "MED_MEN_SI": 0.0, "MED_MEN_H": 0.0, "MED_MEN_M": 0.0, "MED_MAY_SI": 0.0, "MED_MAY_H": 0.0, "MED_MAY_M": 0.0, "NT1_SI": 0.0, "NT1_H": 11.0, "NT1_M": 9.0, "NT2_SI": 0.0, "NT2_H": 8.0, "NT2_M": 17.0, "N_TOTAL": 45.0, "DIRECCION": "PORVENIR", "NUMERO": 56.0, "REFERENCIA": "VICUÑA MACKENNA CON AVDA. MATTA.", "LATITUD": -33.454765, "LONGITUD": -70.630964 }, "geometry": { "type": "Point", "coordinates": [ -70.63096435, -33.45476526 ] } },
{ "type": "Feature", "properties": { "AGNO": 2021.0, "ID_ESTAB": 8755.0, "ORIGEN": 1.0, "NOM_ESTAB": "COLEGIO SAINT ROSE SCHOOL", "COD_REG_ES": 13.0, "COD_PRO_ES": 131.0, "COD_COM_ES": 13101.0, "NOM_COM_ES": "SANTIAGO", "COD_DEPROV": 131.0, "NOM_DEPROV": "SANTIAGO CENTRO", "DEPENDENCI": 3.0, "RURAL_ESTA": 0.0, "ESTADO_EST": 1.0, "SC_MEN_SI": 0.0, "SC_MEN_H": 0.0, "SC_MEN_M": 0.0, "SC_MAY_H": 0.0, "SC_MAY_M": 0.0, "MED_MEN_SI": 0.0, "MED_MEN_H": 0.0, "MED_MEN_M": 0.0, "MED_MAY_SI": 0.0, "MED_MAY_H": 0.0, "MED_MAY_M": 0.0, "NT1_SI": 0.0, "NT1_H": 4.0, "NT1_M": 7.0, "NT2_SI": 0.0, "NT2_H": 21.0, "NT2_M": 23.0, "N_TOTAL": 55.0, "DIRECCION": "AVENIDA MATTA", "NUMERO": 393.0, "REFERENCIA": "AV. MATTA ENTRE LIRA Y MADRID", "LATITUD": -33.45658, "LONGITUD": -70.63635 }, "geometry": { "type": "Point", "coordinates": [ -70.63634999, -33.45658 ] } },
{ "type": "Feature", "properties": { "AGNO": 2021.0, "ID_ESTAB": 8780.0, "ORIGEN": 1.0, "NOM_ESTAB": "ESCUELA MANUEL MONTT", "COD_REG_ES": 13.0, "COD_PRO_ES": 131.0, "COD_COM_ES": 13101.0, "NOM_COM_ES": "SANTIAGO", "COD_DEPROV": 131.0, "NOM_DEPROV": "SANTIAGO CENTRO", "DEPENDENCI": 2.0, "RURAL_ESTA": 0.0, "ESTADO_EST": 1.0, "SC_MEN_SI": 0.0, "SC_MEN_H": 0.0, "SC_MEN_M": 0.0, "SC_MAY_H": 0.0, "SC_MAY_M": 0.0, "MED_MEN_SI": 0.0, "MED_MEN_H": 0.0, "MED_MEN_M": 0.0, "MED_MAY_SI": 0.0, "MED_MAY_H": 0.0, "MED_MAY_M": 0.0, "NT1_SI": 0.0, "NT1_H": 0.0, "NT1_M": 0.0, "NT2_SI": 0.0, "NT2_H": 18.0, "NT2_M": 16.0, "N_TOTAL": 34.0, "DIRECCION": "NATANIEL COX", "NUMERO": 1481.0, "REFERENCIA": "ENTRE VICTORIA Y PEDRO LAGOS", "LATITUD": -33.457372, "LONGITUD": -70.632888 }, "geometry": { "type": "Point", "coordinates": [ -70.63288797, -33.45737233 ] } },
{ "type": "Feature", "properties": { "AGNO": 2021.0, "ID_ESTAB": 8944.0, "ORIGEN": 1.0, "NOM_ESTAB": "COLEGIO PARTICULAR REGINA PACIS", "COD_REG_ES": 13.0, "COD_PRO_ES": 131.0, "COD_COM_ES": 13123.0, "NOM_COM_ES": "PROVIDENCIA", "COD_DEPROV": 133.0, "NOM_DEPROV": "SANTIAGO ORIENTE", "DEPENDENCI": 2.0, "RURAL_ESTA": 0.0, "ESTADO_EST": 1.0, "SC_MEN_SI": 0.0, "SC_MEN_H": 0.0, "SC_MEN_M": 0.0, "SC_MAY_H": 0.0, "SC_MAY_M": 0.0, "MED_MEN_SI": 0.0, "MED_MEN_H": 0.0, "MED_MEN_M": 0.0, "MED_MAY_SI": 0.0, "MED_MAY_H": 0.0, "MED_MAY_M": 0.0, "NT1_SI": 0.0, "NT1_H": 0.0, "NT1_M": 0.0, "NT2_SI": 0.0, "NT2_H": 36.0, "NT2_M": 37.0, "N_TOTAL": 73.0, "DIRECCION": "EL AGUILUCHO", "NUMERO": 3341.0, "REFERENCIA": "ENTRE HOLANDA Y CONSEJO DE INDIAS", "LATITUD": -33.44305, "LONGITUD": -70.596599 }, "geometry": { "type": "Point", "coordinates": [ -70.59659856, -33.44304994 ] } },
{ "type": "Feature", "properties": { "AGNO": 2021.0, "ID_ESTAB": 8956.0, "ORIGEN": 1.0, "NOM_ESTAB": "COLEGIO LATINOAMERICANO DE INTEGRACION", "COD_REG_ES": 13.0, "COD_PRO_ES": 131.0, "COD_COM_ES": 13123.0, "NOM_COM_ES": "PROVIDENCIA", "COD_DEPROV": 133.0, "NOM_DEPROV": "SANTIAGO ORIENTE", "DEPENDENCI": 3.0, "RURAL_ESTA": 0.0, "ESTADO_EST": 1.0, "SC_MEN_SI": 0.0, "SC_MEN_H": 0.0, "SC_MEN_M": 0.0, "SC_MAY_H": 0.0, "SC_MAY_M": 0.0, "MED_MEN_SI": 0.0, "MED_MEN_H": 0.0, "MED_MEN_M": 0.0, "MED_MAY_SI": 0.0, "MED_MAY_H": 0.0, "MED_MAY_M": 0.0, "NT1_SI": 0.0, "NT1_H": 6.0, "NT1_M": 8.0, "NT2_SI": 0.0, "NT2_H": 9.0, "NT2_M": 6.0, "N_TOTAL": 29.0, "DIRECCION": "PUYEHUE", "NUMERO": 1389.0, "REFERENCIA": "ENTRE MANUEL MONTT Y ANTONIO VARAS, UNA CUADRA AL SUR DE FRANCISCO BILBAO", "LATITUD": -33.440518, "LONGITUD": -70.61448 }, "geometry": { "type": "Point", "coordinates": [ -70.61448, -33.44051799 ] } },
{ "type": "Feature", "properties": { "AGNO": 2021.0, "ID_ESTAB": 8957.0, "ORIGEN": 1.0, "NOM_ESTAB": "ESCUELA BASICA N°280 ASOCIACION MONTESSORI", "COD_REG_ES": 13.0, "COD_PRO_ES": 131.0, "COD_COM_ES": 13120.0, "NOM_COM_ES": "ÑUÑOA", "COD_DEPROV": 133.0, "NOM_DEPROV": "SANTIAGO ORIENTE", "DEPENDENCI": 3.0, "RURAL_ESTA": 0.0, "ESTADO_EST": 1.0, "SC_MEN_SI": 0.0, "SC_MEN_H": 0.0, "SC_MEN_M": 0.0, "SC_MAY_H": 0.0, "SC_MAY_M": 0.0, "MED_MEN_SI": 0.0, "MED_MEN_H": 0.0, "MED_MEN_M": 0.0, "MED_MAY_SI": 0.0, "MED_MAY_H": 0.0, "MED_MAY_M": 0.0, "NT1_SI": 0.0, "NT1_H": 3.0, "NT1_M": 0.0, "NT2_SI": 0.0, "NT2_H": 4.0, "NT2_M": 2.0, "N_TOTAL": 9.0, "DIRECCION": "SEMINARIO", "NUMERO": 755.0, "REFERENCIA": null, "LATITUD": -33.451142, "LONGITUD": -70.62758 }, "geometry": { "type": "Point", "coordinates": [ -70.62757999, -33.45114199 ] } },
{ "type": "Feature", "properties": { "AGNO": 2021.0, "ID_ESTAB": 8969.0, "ORIGEN": 1.0, "NOM_ESTAB": "COLEGIO THE ANGEL´S SCHOOL", "COD_REG_ES": 13.0, "COD_PRO_ES": 131.0, "COD_COM_ES": 13120.0, "NOM_COM_ES": "ÑUÑOA", "COD_DEPROV": 133.0, "NOM_DEPROV": "SANTIAGO ORIENTE", "DEPENDENCI": 3.0, "RURAL_ESTA": 0.0, "ESTADO_EST": 1.0, "SC_MEN_SI": 0.0, "SC_MEN_H": 0.0, "SC_MEN_M": 0.0, "SC_MAY_H": 0.0, "SC_MAY_M": 0.0, "MED_MEN_SI": 0.0, "MED_MEN_H": 0.0, "MED_MEN_M": 0.0, "MED_MAY_SI": 0.0, "MED_MAY_H": 0.0, "MED_MAY_M": 1.0, "NT1_SI": 0.0, "NT1_H": 15.0, "NT1_M": 16.0, "NT2_SI": 0.0, "NT2_H": 18.0, "NT2_M": 24.0, "N_TOTAL": 74.0, "DIRECCION": "REGINA PACIS", "NUMERO": 781.0, "REFERENCIA": null, "LATITUD": -33.447662, "LONGITUD": -70.59487 }, "geometry": { "type": "Point", "coordinates": [ -70.59487, -33.447662 ] } },
{ "type": "Feature", "properties": { "AGNO": 2021.0, "ID_ESTAB": 8981.0, "ORIGEN": 1.0, "NOM_ESTAB": "COLEGIO DE LOS SAGRADOS CORAZONES PROVIDENCIA", "COD_REG_ES": 13.0, "COD_PRO_ES": 131.0, "COD_COM_ES": 13123.0, "NOM_COM_ES": "PROVIDENCIA", "COD_DEPROV": 133.0, "NOM_DEPROV": "SANTIAGO ORIENTE", "DEPENDENCI": 3.0, "RURAL_ESTA": 0.0, "ESTADO_EST": 1.0, "SC_MEN_SI": 0.0, "SC_MEN_H": 0.0, "SC_MEN_M": 0.0, "SC_MAY_H": 0.0, "SC_MAY_M": 0.0, "MED_MEN_SI": 0.0, "MED_MEN_H": 0.0, "MED_MEN_M": 0.0, "MED_MAY_SI": 0.0, "MED_MAY_H": 0.0, "MED_MAY_M": 0.0, "NT1_SI": 0.0, "NT1_H": 14.0, "NT1_M": 15.0, "NT2_SI": 0.0, "NT2_H": 25.0, "NT2_M": 46.0, "N_TOTAL": 100.0, "DIRECCION": "AVENIDA CHILE ESPAÑA", "NUMERO": 1115.0, "REFERENCIA": null, "LATITUD": -33.444383, "LONGITUD": -70.5947 }, "geometry": { "type": "Point", "coordinates": [ -70.5947, -33.444383 ] } },
{ "type": "Feature", "properties": { "AGNO": 2021.0, "ID_ESTAB": 8988.0, "ORIGEN": 1.0, "NOM_ESTAB": "COLEGIO MARIANO", "COD_REG_ES": 13.0, "COD_PRO_ES": 131.0, "COD_COM_ES": 13123.0, "NOM_COM_ES": "PROVIDENCIA", "COD_DEPROV": 133.0, "NOM_DEPROV": "SANTIAGO ORIENTE", "DEPENDENCI": 3.0, "RURAL_ESTA": 0.0, "ESTADO_EST": 1.0, "SC_MEN_SI": 0.0, "SC_MEN_H": 0.0, "SC_MEN_M": 0.0, "SC_MAY_H": 0.0, "SC_MAY_M": 0.0, "MED_MEN_SI": 0.0, "MED_MEN_H": 0.0, "MED_MEN_M": 0.0, "MED_MAY_SI": 0.0, "MED_MAY_H": 14.0, "MED_MAY_M": 30.0, "NT1_SI": 0.0, "NT1_H": 29.0, "NT1_M": 29.0, "NT2_SI": 0.0, "NT2_H": 31.0, "NT2_M": 33.0, "N_TOTAL": 166.0, "DIRECCION": "HOLANDA", "NUMERO": 2323.0, "REFERENCIA": null, "LATITUD": -33.439831, "LONGITUD": -70.5984 }, "geometry": { "type": "Point", "coordinates": [ -70.5984, -33.439831 ] } },
{ "type": "Feature", "properties": { "AGNO": 2021.0, "ID_ESTAB": 9003.0, "ORIGEN": 1.0, "NOM_ESTAB": "COLEGIO THE ENGLISH INSTITUTE", "COD_REG_ES": 13.0, "COD_PRO_ES": 131.0, "COD_COM_ES": 13123.0, "NOM_COM_ES": "PROVIDENCIA", "COD_DEPROV": 133.0, "NOM_DEPROV": "SANTIAGO ORIENTE", "DEPENDENCI": 3.0, "RURAL_ESTA": 0.0, "ESTADO_EST": 1.0, "SC_MEN_SI": 0.0, "SC_MEN_H": 0.0, "SC_MEN_M": 0.0, "SC_MAY_H": 0.0, "SC_MAY_M": 0.0, "MED_MEN_SI": 0.0, "MED_MEN_H": 0.0, "MED_MEN_M": 0.0, "MED_MAY_SI": 0.0, "MED_MAY_H": 23.0, "MED_MAY_M": 27.0, "NT1_SI": 0.0, "NT1_H": 60.0, "NT1_M": 63.0, "NT2_SI": 0.0, "NT2_H": 60.0, "NT2_M": 64.0, "N_TOTAL": 297.0, "DIRECCION": "RICARDO LYON", "NUMERO": 2110.0, "REFERENCIA": "AVENIDA RICARDO LYON, CALLE BUSTOS, AVENIDA SUECIA, CALLE AMUNDSEN. A UNA CUADRA DE FRANCISCO BILBAO Y AVENIDA LOS LEONES.", "LATITUD": -33.440174, "LONGITUD": -70.60291 }, "geometry": { "type": "Point", "coordinates": [ -70.60290999, -33.440174 ] } },
{ "type": "Feature", "properties": { "AGNO": 2021.0, "ID_ESTAB": 9069.0, "ORIGEN": 1.0, "NOM_ESTAB": "LICEO POLIVALENTE MERCEDES MARIN DEL SOLAR", "COD_REG_ES": 13.0, "COD_PRO_ES": 131.0, "COD_COM_ES": 13118.0, "NOM_COM_ES": "MACUL", "COD_DEPROV": 133.0, "NOM_DEPROV": "SANTIAGO ORIENTE", "DEPENDENCI": 2.0, "RURAL_ESTA": 0.0, "ESTADO_EST": 1.0, "SC_MEN_SI": 0.0, "SC_MEN_H": 0.0, "SC_MEN_M": 0.0, "SC_MAY_H": 0.0, "SC_MAY_M": 0.0, "MED_MEN_SI": 0.0, "MED_MEN_H": 0.0, "MED_MEN_M": 0.0, "MED_MAY_SI": 0.0, "MED_MAY_H": 0.0, "MED_MAY_M": 0.0, "NT1_SI": 0.0, "NT1_H": 14.0, "NT1_M": 9.0, "NT2_SI": 0.0, "NT2_H": 19.0, "NT2_M": 8.0, "N_TOTAL": 50.0, "DIRECCION": "RODRIGO DE ARAYA", "NUMERO": 5079.0, "REFERENCIA": "ROTONDA GRECIA   METRO ESTACIÓN GRECIA, VEREDA SUR HACIA EL PONIENTE, BAJAR UNA CUADRA HACIA  CORDILLERA DE LA COSTA  O MACUL, VEREDA SUR.", "LATITUD": -33.471269, "LONGITUD": -70.579543 }, "geometry": { "type": "Point", "coordinates": [ -70.5795432, -33.47126879 ] } },
{ "type": "Feature", "properties": { "AGNO": 2021.0, "ID_ESTAB": 9070.0, "ORIGEN": 1.0, "NOM_ESTAB": "ESCUELA BENJAMIN CLARO VELASCO", "COD_REG_ES": 13.0, "COD_PRO_ES": 131.0, "COD_COM_ES": 13120.0, "NOM_COM_ES": "ÑUÑOA", "COD_DEPROV": 133.0, "NOM_DEPROV": "SANTIAGO ORIENTE", "DEPENDENCI": 1.0, "RURAL_ESTA": 0.0, "ESTADO_EST": 1.0, "SC_MEN_SI": 0.0, "SC_MEN_H": 0.0, "SC_MEN_M": 0.0, "SC_MAY_H": 0.0, "SC_MAY_M": 0.0, "MED_MEN_SI": 0.0, "MED_MEN_H": 0.0, "MED_MEN_M": 0.0, "MED_MAY_SI": 0.0, "MED_MAY_H": 0.0, "MED_MAY_M": 0.0, "NT1_SI": 0.0, "NT1_H": 12.0, "NT1_M": 8.0, "NT2_SI": 0.0, "NT2_H": 17.0, "NT2_M": 19.0, "N_TOTAL": 56.0, "DIRECCION": "RAMON CRUZ", "NUMERO": 1077.0, "REFERENCIA": "RAMÓN CRUZ CON GRECIA", "LATITUD": -33.465426, "LONGITUD": -70.583069 }, "geometry": { "type": "Point", "coordinates": [ -70.58306906, -33.46542626 ] } },
{ "type": "Feature", "properties": { "AGNO": 2021.0, "ID_ESTAB": 9073.0, "ORIGEN": 1.0, "NOM_ESTAB": "LICEO CARMELA SILVA DONOSO", "COD_REG_ES": 13.0, "COD_PRO_ES": 131.0, "COD_COM_ES": 13120.0, "NOM_COM_ES": "ÑUÑOA", "COD_DEPROV": 133.0, "NOM_DEPROV": "SANTIAGO ORIENTE", "DEPENDENCI": 1.0, "RURAL_ESTA": 0.0, "ESTADO_EST": 1.0, "SC_MEN_SI": 0.0, "SC_MEN_H": 0.0, "SC_MEN_M": 0.0, "SC_MAY_H": 0.0, "SC_MAY_M": 0.0, "MED_MEN_SI": 0.0, "MED_MEN_H": 0.0, "MED_MEN_M": 0.0, "MED_MAY_SI": 0.0, "MED_MAY_H": 0.0, "MED_MAY_M": 0.0, "NT1_SI": 0.0, "NT1_H": 36.0, "NT1_M": 34.0, "NT2_SI": 0.0, "NT2_H": 56.0, "NT2_M": 49.0, "N_TOTAL": 175.0, "DIRECCION": "AVENIDA PEDRO DE VALDIVIA", "NUMERO": 4862.0, "REFERENCIA": "AV. PEDRO  DE VALDIVIA ESQUINA LAS ENCINAS.", "LATITUD": -33.467397, "LONGITUD": -70.606449 }, "geometry": { "type": "Point", "coordinates": [ -70.60644854, -33.46739669 ] } },
{ "type": "Feature", "properties": { "AGNO": 2021.0, "ID_ESTAB": 9084.0, "ORIGEN": 1.0, "NOM_ESTAB": "ESC.PRESIDENTE EDUARDO FREI MONTALVA", "COD_REG_ES": 13.0, "COD_PRO_ES": 131.0, "COD_COM_ES": 13120.0, "NOM_COM_ES": "ÑUÑOA", "COD_DEPROV": 133.0, "NOM_DEPROV": "SANTIAGO ORIENTE", "DEPENDENCI": 1.0, "RURAL_ESTA": 0.0, "ESTADO_EST": 1.0, "SC_MEN_SI": 0.0, "SC_MEN_H": 0.0, "SC_MEN_M": 0.0, "SC_MAY_H": 0.0, "SC_MAY_M": 0.0, "MED_MEN_SI": 0.0, "MED_MEN_H": 0.0, "MED_MEN_M": 0.0, "MED_MAY_SI": 0.0, "MED_MAY_H": 0.0, "MED_MAY_M": 0.0, "NT1_SI": 0.0, "NT1_H": 41.0, "NT1_M": 59.0, "NT2_SI": 0.0, "NT2_H": 54.0, "NT2_M": 46.0, "N_TOTAL": 200.0, "DIRECCION": "DUBLE ALMEYDA", "NUMERO": 4757.0, "REFERENCIA": "DÚBLE ALMEYDA Nº 4757 ESQUINA RAMÓN CRUZ.", "LATITUD": -33.459078, "LONGITUD": -70.581089 }, "geometry": { "type": "Point", "coordinates": [ -70.58108893, -33.45907849 ] } },
{ "type": "Feature", "properties": { "AGNO": 2021.0, "ID_ESTAB": 9085.0, "ORIGEN": 1.0, "NOM_ESTAB": "ESCUELA JOSE BERNARDO SUAREZ", "COD_REG_ES": 13.0, "COD_PRO_ES": 131.0, "COD_COM_ES": 13118.0, "NOM_COM_ES": "MACUL", "COD_DEPROV": 133.0, "NOM_DEPROV": "SANTIAGO ORIENTE", "DEPENDENCI": 6.0, "RURAL_ESTA": 0.0, "ESTADO_EST": 1.0, "SC_MEN_SI": 0.0, "SC_MEN_H": 0.0, "SC_MEN_M": 0.0, "SC_MAY_H": 0.0, "SC_MAY_M": 0.0, "MED_MEN_SI": 0.0, "MED_MEN_H": 0.0, "MED_MEN_M": 0.0, "MED_MAY_SI": 0.0, "MED_MAY_H": 0.0, "MED_MAY_M": 0.0, "NT1_SI": 0.0, "NT1_H": 18.0, "NT1_M": 26.0, "NT2_SI": 0.0, "NT2_H": 26.0, "NT2_M": 19.0, "N_TOTAL": 89.0, "DIRECCION": "JOAQUIN RODRIGUEZ", "NUMERO": 2501.0, "REFERENCIA": "JOAQUIN RODRIGUEZ ESQUINA LOS ESPINOS", "LATITUD": -33.47775, "LONGITUD": -70.607311 }, "geometry": { "type": "Point", "coordinates": [ -70.60731112, -33.47774987 ] } },
{ "type": "Feature", "properties": { "AGNO": 2021.0, "ID_ESTAB": 9086.0, "ORIGEN": 1.0, "NOM_ESTAB": "ESCUELA AURORA DE CHILE", "COD_REG_ES": 13.0, "COD_PRO_ES": 131.0, "COD_COM_ES": 13120.0, "NOM_COM_ES": "ÑUÑOA", "COD_DEPROV": 133.0, "NOM_DEPROV": "SANTIAGO ORIENTE", "DEPENDENCI": 1.0, "RURAL_ESTA": 0.0, "ESTADO_EST": 1.0, "SC_MEN_SI": 0.0, "SC_MEN_H": 0.0, "SC_MEN_M": 0.0, "SC_MAY_H": 0.0, "SC_MAY_M": 0.0, "MED_MEN_SI": 0.0, "MED_MEN_H": 0.0, "MED_MEN_M": 0.0, "MED_MAY_SI": 0.0, "MED_MAY_H": 0.0, "MED_MAY_M": 0.0, "NT1_SI": 0.0, "NT1_H": 0.0, "NT1_M": 0.0, "NT2_SI": 0.0, "NT2_H": 5.0, "NT2_M": 1.0, "N_TOTAL": 6.0, "DIRECCION": "AVENIDA SUECIA", "NUMERO": 2799.0, "REFERENCIA": "UNA CUADRA AL PONIENTE DE AV. LOS LEONES, ENTRE DR. PEDRO FERRER Y HERNAN CORTES.", "LATITUD": -33.445829, "LONGITUD": -70.601095 }, "geometry": { "type": "Point", "coordinates": [ -70.60109451, -33.44582866 ] } },
{ "type": "Feature", "properties": { "AGNO": 2021.0, "ID_ESTAB": 9089.0, "ORIGEN": 1.0, "NOM_ESTAB": "ESCUELA BÁSICA JOSÉ TORIBIO MEDINA", "COD_REG_ES": 13.0, "COD_PRO_ES": 131.0, "COD_COM_ES": 13120.0, "NOM_COM_ES": "ÑUÑOA", "COD_DEPROV": 133.0, "NOM_DEPROV": "SANTIAGO ORIENTE", "DEPENDENCI": 1.0, "RURAL_ESTA": 0.0, "ESTADO_EST": 1.0, "SC_MEN_SI": 0.0, "SC_MEN_H": 0.0, "SC_MEN_M": 0.0, "SC_MAY_H": 0.0, "SC_MAY_M": 0.0, "MED_MEN_SI": 0.0, "MED_MEN_H": 0.0, "MED_MEN_M": 0.0, "MED_MAY_SI": 0.0, "MED_MAY_H": 0.0, "MED_MAY_M": 0.0, "NT1_SI": 0.0, "NT1_H": 0.0, "NT1_M": 0.0, "NT2_SI": 0.0, "NT2_H": 29.0, "NT2_M": 21.0, "N_TOTAL": 50.0, "DIRECCION": "DUBLE ALMEYDA", "NUMERO": 3493.0, "REFERENCIA": "FRENTE A PLAZA ÑUÑOA", "LATITUD": -33.45701, "LONGITUD": -70.594024 }, "geometry": { "type": "Point", "coordinates": [ -70.59402437, -33.45700956 ] } },
{ "type": "Feature", "properties": { "AGNO": 2021.0, "ID_ESTAB": 9090.0, "ORIGEN": 1.0, "NOM_ESTAB": "ESCUELA BAS. CENTRO EDUCACIONAL MILLANTU", "COD_REG_ES": 13.0, "COD_PRO_ES": 131.0, "COD_COM_ES": 13118.0, "NOM_COM_ES": "MACUL", "COD_DEPROV": 133.0, "NOM_DEPROV": "SANTIAGO ORIENTE", "DEPENDENCI": 6.0, "RURAL_ESTA": 0.0, "ESTADO_EST": 1.0, "SC_MEN_SI": 0.0, "SC_MEN_H": 0.0, "SC_MEN_M": 0.0, "SC_MAY_H": 0.0, "SC_MAY_M": 0.0, "MED_MEN_SI": 0.0, "MED_MEN_H": 0.0, "MED_MEN_M": 0.0, "MED_MAY_SI": 0.0, "MED_MAY_H": 0.0, "MED_MAY_M": 0.0, "NT1_SI": 0.0, "NT1_H": 19.0, "NT1_M": 12.0, "NT2_SI": 0.0, "NT2_H": 12.0, "NT2_M": 15.0, "N_TOTAL": 58.0, "DIRECCION": "AMANDA LABARCA", "NUMERO": 4681.0, "REFERENCIA": "RODRIGO DE ARAYA ENTRE RAMÓN CRUZ Y LO PLAZA.", "LATITUD": -33.474235, "LONGITUD": -70.583772 }, "geometry": { "type": "Point", "coordinates": [ -70.58377177, -33.47423508 ] } },
{ "type": "Feature", "properties": { "AGNO": 2021.0, "ID_ESTAB": 9091.0, "ORIGEN": 1.0, "NOM_ESTAB": "ESCUELA REPUBLICA DE FRANCIA", "COD_REG_ES": 13.0, "COD_PRO_ES": 131.0, "COD_COM_ES": 13120.0, "NOM_COM_ES": "ÑUÑOA", "COD_DEPROV": 133.0, "NOM_DEPROV": "SANTIAGO ORIENTE", "DEPENDENCI": 1.0, "RURAL_ESTA": 0.0, "ESTADO_EST": 1.0, "SC_MEN_SI": 0.0, "SC_MEN_H": 0.0, "SC_MEN_M": 0.0, "SC_MAY_H": 0.0, "SC_MAY_M": 0.0, "MED_MEN_SI": 0.0, "MED_MEN_H": 0.0, "MED_MEN_M": 0.0, "MED_MAY_SI": 0.0, "MED_MAY_H": 0.0, "MED_MAY_M": 0.0, "NT1_SI": 0.0, "NT1_H": 17.0, "NT1_M": 18.0, "NT2_SI": 0.0, "NT2_H": 19.0, "NT2_M": 21.0, "N_TOTAL": 75.0, "DIRECCION": "EXEQUIEL FERNANDEZ", "NUMERO": 1433.0, "REFERENCIA": null, "LATITUD": -33.468063, "LONGITUD": -70.600577 }, "geometry": { "type": "Point", "coordinates": [ -70.60057686, -33.46806327 ] } },
{ "type": "Feature", "properties": { "AGNO": 2021.0, "ID_ESTAB": 9097.0, "ORIGEN": 1.0, "NOM_ESTAB": "ESCUELA REPUBLICA DE COSTA RICA", "COD_REG_ES": 13.0, "COD_PRO_ES": 131.0, "COD_COM_ES": 13120.0, "NOM_COM_ES": "ÑUÑOA", "COD_DEPROV": 133.0, "NOM_DEPROV": "SANTIAGO ORIENTE", "DEPENDENCI": 1.0, "RURAL_ESTA": 0.0, "ESTADO_EST": 1.0, "SC_MEN_SI": 0.0, "SC_MEN_H": 0.0, "SC_MEN_M": 0.0, "SC_MAY_H": 0.0, "SC_MAY_M": 0.0, "MED_MEN_SI": 0.0, "MED_MEN_H": 0.0, "MED_MEN_M": 0.0, "MED_MAY_SI": 0.0, "MED_MAY_H": 0.0, "MED_MAY_M": 0.0, "NT1_SI": 0.0, "NT1_H": 13.0, "NT1_M": 12.0, "NT2_SI": 0.0, "NT2_H": 38.0, "NT2_M": 34.0, "N_TOTAL": 97.0, "DIRECCION": "HUMBERTO TRUCCO", "NUMERO": 123.0, "REFERENCIA": "HUMBERTO TRUCCO ESQUINA DUBLÉ ALMEYDA", "LATITUD": -33.456526, "LONGITUD": -70.594394 }, "geometry": { "type": "Point", "coordinates": [ -70.59439404, -33.45652629 ] } },
{ "type": "Feature", "properties": { "AGNO": 2021.0, "ID_ESTAB": 9102.0, "ORIGEN": 1.0, "NOM_ESTAB": "ESCUELA GUILLERMO ZANARTU IRIGOYEN", "COD_REG_ES": 13.0, "COD_PRO_ES": 131.0, "COD_COM_ES": 13120.0, "NOM_COM_ES": "ÑUÑOA", "COD_DEPROV": 133.0, "NOM_DEPROV": "SANTIAGO ORIENTE", "DEPENDENCI": 1.0, "RURAL_ESTA": 0.0, "ESTADO_EST": 1.0, "SC_MEN_SI": 0.0, "SC_MEN_H": 0.0, "SC_MEN_M": 0.0, "SC_MAY_H": 0.0, "SC_MAY_M": 0.0, "MED_MEN_SI": 0.0, "MED_MEN_H": 0.0, "MED_MEN_M": 0.0, "MED_MAY_SI": 0.0, "MED_MAY_H": 0.0, "MED_MAY_M": 0.0, "NT1_SI": 0.0, "NT1_H": 34.0, "NT1_M": 16.0, "NT2_SI": 0.0, "NT2_H": 31.0, "NT2_M": 19.0, "N_TOTAL": 100.0, "DIRECCION": "LOS JAZMINES", "NUMERO": 1240.0, "REFERENCIA": "COSTADO ESTADIO NACIONAL, DETRÁS DEL INSTITUTO DE SALUD PÚBLICA", "LATITUD": -33.463156, "LONGITUD": -70.618477 }, "geometry": { "type": "Point", "coordinates": [ -70.61847716, -33.4631565 ] } },
{ "type": "Feature", "properties": { "AGNO": 2021.0, "ID_ESTAB": 9106.0, "ORIGEN": 1.0, "NOM_ESTAB": "CENTRO EDUCACION MARIANO EGANA", "COD_REG_ES": 13.0, "COD_PRO_ES": 131.0, "COD_COM_ES": 13122.0, "NOM_COM_ES": "PEÑALOLÉN", "COD_DEPROV": 133.0, "NOM_DEPROV": "SANTIAGO ORIENTE", "DEPENDENCI": 1.0, "RURAL_ESTA": 0.0, "ESTADO_EST": 1.0, "SC_MEN_SI": 0.0, "SC_MEN_H": 0.0, "SC_MEN_M": 0.0, "SC_MAY_H": 0.0, "SC_MAY_M": 0.0, "MED_MEN_SI": 0.0, "MED_MEN_H": 0.0, "MED_MEN_M": 0.0, "MED_MAY_SI": 0.0, "MED_MAY_H": 0.0, "MED_MAY_M": 0.0, "NT1_SI": 0.0, "NT1_H": 19.0, "NT1_M": 14.0, "NT2_SI": 0.0, "NT2_H": 17.0, "NT2_M": 17.0, "N_TOTAL": 67.0, "DIRECCION": "AVENIDA GRECIA", "NUMERO": 6083.0, "REFERENCIA": "ROTONDA GRECIA Y/O ESTACIÓN DE METRO GRECIA HACIA EL ORIENTE", "LATITUD": -33.470363, "LONGITUD": -70.571782 }, "geometry": { "type": "Point", "coordinates": [ -70.57178165, -33.47036263 ] } },
{ "type": "Feature", "properties": { "AGNO": 2021.0, "ID_ESTAB": 9131.0, "ORIGEN": 1.0, "NOM_ESTAB": "ESCUELA JUAN MOYA MORALES", "COD_REG_ES": 13.0, "COD_PRO_ES": 131.0, "COD_COM_ES": 13120.0, "NOM_COM_ES": "ÑUÑOA", "COD_DEPROV": 133.0, "NOM_DEPROV": "SANTIAGO ORIENTE", "DEPENDENCI": 1.0, "RURAL_ESTA": 0.0, "ESTADO_EST": 1.0, "SC_MEN_SI": 0.0, "SC_MEN_H": 0.0, "SC_MEN_M": 0.0, "SC_MAY_H": 0.0, "SC_MAY_M": 0.0, "MED_MEN_SI": 0.0, "MED_MEN_H": 0.0, "MED_MEN_M": 0.0, "MED_MAY_SI": 0.0, "MED_MAY_H": 0.0, "MED_MAY_M": 0.0, "NT1_SI": 0.0, "NT1_H": 0.0, "NT1_M": 0.0, "NT2_SI": 0.0, "NT2_H": 35.0, "NT2_M": 27.0, "N_TOTAL": 62.0, "DIRECCION": "OLMUE", "NUMERO": 4017.0, "REFERENCIA": "GRECIA C/JUAN MOYA HACIA EL SUR, POR JUAN MOYA.", "LATITUD": -33.468388, "LONGITUD": -70.590599 }, "geometry": { "type": "Point", "coordinates": [ -70.5905988, -33.46838806 ] } },
{ "type": "Feature", "properties": { "AGNO": 2021.0, "ID_ESTAB": 9137.0, "ORIGEN": 1.0, "NOM_ESTAB": "ESCUELA PARTICULAR ESPECIAL CEINTRALE", "COD_REG_ES": 13.0, "COD_PRO_ES": 131.0, "COD_COM_ES": 13120.0, "NOM_COM_ES": "ÑUÑOA", "COD_DEPROV": 133.0, "NOM_DEPROV": "SANTIAGO ORIENTE", "DEPENDENCI": 2.0, "RURAL_ESTA": 0.0, "ESTADO_EST": 1.0, "SC_MEN_SI": 0.0, "SC_MEN_H": 0.0, "SC_MEN_M": 0.0, "SC_MAY_H": 0.0, "SC_MAY_M": 0.0, "MED_MEN_SI": 0.0, "MED_MEN_H": 0.0, "MED_MEN_M": 0.0, "MED_MAY_SI": 0.0, "MED_MAY_H": 27.0, "MED_MAY_M": 12.0, "NT1_SI": 0.0, "NT1_H": 28.0, "NT1_M": 11.0, "NT2_SI": 0.0, "NT2_H": 16.0, "NT2_M": 8.0, "N_TOTAL": 102.0, "DIRECCION": "BROWN SUR", "NUMERO": 344.0, "REFERENCIA": "ENTRE DUBLE ALMEYDA Y EDUARDO CASTILLO VELASCO", "LATITUD": -33.458508, "LONGITUD": -70.59179 }, "geometry": { "type": "Point", "coordinates": [ -70.59179, -33.458508 ] } },
{ "type": "Feature", "properties": { "AGNO": 2021.0, "ID_ESTAB": 9147.0, "ORIGEN": 1.0, "NOM_ESTAB": "COLEGIO PARTICULAR N 1 DE NUNOA", "COD_REG_ES": 13.0, "COD_PRO_ES": 131.0, "COD_COM_ES": 13120.0, "NOM_COM_ES": "ÑUÑOA", "COD_DEPROV": 133.0, "NOM_DEPROV": "SANTIAGO ORIENTE", "DEPENDENCI": 2.0, "RURAL_ESTA": 0.0, "ESTADO_EST": 1.0, "SC_MEN_SI": 0.0, "SC_MEN_H": 0.0, "SC_MEN_M": 0.0, "SC_MAY_H": 0.0, "SC_MAY_M": 0.0, "MED_MEN_SI": 0.0, "MED_MEN_H": 0.0, "MED_MEN_M": 0.0, "MED_MAY_SI": 0.0, "MED_MAY_H": 0.0, "MED_MAY_M": 0.0, "NT1_SI": 0.0, "NT1_H": 41.0, "NT1_M": 29.0, "NT2_SI": 0.0, "NT2_H": 44.0, "NT2_M": 41.0, "N_TOTAL": 155.0, "DIRECCION": "JUAN MOYA MORALES", "NUMERO": 1764.0, "REFERENCIA": "IGNACIO CARRERA PINTO CON JUAN MOYA MORALES", "LATITUD": -33.470598, "LONGITUD": -70.589355 }, "geometry": { "type": "Point", "coordinates": [ -70.58935544, -33.47059844 ] } },
{ "type": "Feature", "properties": { "AGNO": 2021.0, "ID_ESTAB": 9182.0, "ORIGEN": 1.0, "NOM_ESTAB": "COLEGIO POLIVALENTE YORK", "COD_REG_ES": 13.0, "COD_PRO_ES": 131.0, "COD_COM_ES": 13122.0, "NOM_COM_ES": "PEÑALOLÉN", "COD_DEPROV": 133.0, "NOM_DEPROV": "SANTIAGO ORIENTE", "DEPENDENCI": 2.0, "RURAL_ESTA": 0.0, "ESTADO_EST": 1.0, "SC_MEN_SI": 0.0, "SC_MEN_H": 0.0, "SC_MEN_M": 0.0, "SC_MAY_H": 0.0, "SC_MAY_M": 0.0, "MED_MEN_SI": 0.0, "MED_MEN_H": 0.0, "MED_MEN_M": 0.0, "MED_MAY_SI": 0.0, "MED_MAY_H": 0.0, "MED_MAY_M": 0.0, "NT1_SI": 0.0, "NT1_H": 11.0, "NT1_M": 13.0, "NT2_SI": 0.0, "NT2_H": 14.0, "NT2_M": 16.0, "N_TOTAL": 54.0, "DIRECCION": "AVENIDA EGANA", "NUMERO": 1350.0, "REFERENCIA": "ENTRE LOS METROS AV. GRECIA Y ORIENTALES,  LINEA 4.", "LATITUD": -33.465871, "LONGITUD": -70.573645 }, "geometry": { "type": "Point", "coordinates": [ -70.57364508, -33.46587078 ] } },
{ "type": "Feature", "properties": { "AGNO": 2021.0, "ID_ESTAB": 9184.0, "ORIGEN": 1.0, "NOM_ESTAB": "COLEGIO PRECIOSA SANGRE", "COD_REG_ES": 13.0, "COD_PRO_ES": 131.0, "COD_COM_ES": 13120.0, "NOM_COM_ES": "ÑUÑOA", "COD_DEPROV": 133.0, "NOM_DEPROV": "SANTIAGO ORIENTE", "DEPENDENCI": 2.0, "RURAL_ESTA": 0.0, "ESTADO_EST": 1.0, "SC_MEN_SI": 0.0, "SC_MEN_H": 0.0, "SC_MEN_M": 0.0, "SC_MAY_H": 0.0, "SC_MAY_M": 0.0, "MED_MEN_SI": 0.0, "MED_MEN_H": 0.0, "MED_MEN_M": 0.0, "MED_MAY_SI": 0.0, "MED_MAY_H": 0.0, "MED_MAY_M": 0.0, "NT1_SI": 0.0, "NT1_H": 0.0, "NT1_M": 29.0, "NT2_SI": 0.0, "NT2_H": 0.0, "NT2_M": 41.0, "N_TOTAL": 70.0, "DIRECCION": "AVENIDA EDUARDO CASTILLO VELASCO", "NUMERO": 2525.0, "REFERENCIA": "INGRESO A 50 METROS DE AVENIDA PEDRO DE VALDIVIA, VEREDA SUR.  SE UBICA A TRES CUADRAS DE AVENIDA GRECIA Y TRES CUADRAS DE AVENIDA IRARRÁZAVAL.", "LATITUD": -33.458415, "LONGITUD": -70.604988 }, "geometry": { "type": "Point", "coordinates": [ -70.60498815, -33.45841479 ] } },
{ "type": "Feature", "properties": { "AGNO": 2021.0, "ID_ESTAB": 9206.0, "ORIGEN": 1.0, "NOM_ESTAB": "COLEGIO PARTICULAR NUMERO DOS DE NUÑOA", "COD_REG_ES": 13.0, "COD_PRO_ES": 131.0, "COD_COM_ES": 13120.0, "NOM_COM_ES": "ÑUÑOA", "COD_DEPROV": 133.0, "NOM_DEPROV": "SANTIAGO ORIENTE", "DEPENDENCI": 2.0, "RURAL_ESTA": 0.0, "ESTADO_EST": 1.0, "SC_MEN_SI": 0.0, "SC_MEN_H": 0.0, "SC_MEN_M": 0.0, "SC_MAY_H": 0.0, "SC_MAY_M": 0.0, "MED_MEN_SI": 0.0, "MED_MEN_H": 0.0, "MED_MEN_M": 0.0, "MED_MAY_SI": 0.0, "MED_MAY_H": 0.0, "MED_MAY_M": 0.0, "NT1_SI": 0.0, "NT1_H": 32.0, "NT1_M": 36.0, "NT2_SI": 0.0, "NT2_H": 44.0, "NT2_M": 42.0, "N_TOTAL": 154.0, "DIRECCION": "PASAJE 36", "NUMERO": 1571.0, "REFERENCIA": "METRO GRECIA, A PASOS DEL METRO GRECIA BAJANDO POR RODRIGO DE ARAYA A MANO DERECHA.", "LATITUD": -33.470056, "LONGITUD": -70.579002 }, "geometry": { "type": "Point", "coordinates": [ -70.57900221, -33.47005619 ] } },
{ "type": "Feature", "properties": { "AGNO": 2021.0, "ID_ESTAB": 9209.0, "ORIGEN": 1.0, "NOM_ESTAB": "ESCUELA PARTICULAR SAN JUAN BAUTISTA", "COD_REG_ES": 13.0, "COD_PRO_ES": 131.0, "COD_COM_ES": 13120.0, "NOM_COM_ES": "ÑUÑOA", "COD_DEPROV": 133.0, "NOM_DEPROV": "SANTIAGO ORIENTE", "DEPENDENCI": 2.0, "RURAL_ESTA": 0.0, "ESTADO_EST": 1.0, "SC_MEN_SI": 0.0, "SC_MEN_H": 0.0, "SC_MEN_M": 0.0, "SC_MAY_H": 0.0, "SC_MAY_M": 0.0, "MED_MEN_SI": 0.0, "MED_MEN_H": 0.0, "MED_MEN_M": 0.0, "MED_MAY_SI": 0.0, "MED_MAY_H": 0.0, "MED_MAY_M": 0.0, "NT1_SI": 0.0, "NT1_H": 0.0, "NT1_M": 32.0, "NT2_SI": 0.0, "NT2_H": 1.0, "NT2_M": 44.0, "N_TOTAL": 77.0, "DIRECCION": "JOSE PEDRO ALESSANDRI", "NUMERO": 1372.0, "REFERENCIA": "UNA CUADRA ANTES DE AV. GRECIA, ANTES DE LA UTEM.", "LATITUD": -33.467178, "LONGITUD": -70.59824 }, "geometry": { "type": "Point", "coordinates": [ -70.59824003, -33.46717833 ] } },
{ "type": "Feature", "properties": { "AGNO": 2021.0, "ID_ESTAB": 9216.0, "ORIGEN": 1.0, "NOM_ESTAB": "COLEGIO SUIZO DE SANTIAGO", "COD_REG_ES": 13.0, "COD_PRO_ES": 131.0, "COD_COM_ES": 13120.0, "NOM_COM_ES": "ÑUÑOA", "COD_DEPROV": 133.0, "NOM_DEPROV": "SANTIAGO ORIENTE", "DEPENDENCI": 3.0, "RURAL_ESTA": 0.0, "ESTADO_EST": 1.0, "SC_MEN_SI": 0.0, "SC_MEN_H": 0.0, "SC_MEN_M": 0.0, "SC_MAY_H": 0.0, "SC_MAY_M": 0.0, "MED_MEN_SI": 0.0, "MED_MEN_H": 0.0, "MED_MEN_M": 0.0, "MED_MAY_SI": 0.0, "MED_MAY_H": 0.0, "MED_MAY_M": 0.0, "NT1_SI": 0.0, "NT1_H": 30.0, "NT1_M": 28.0, "NT2_SI": 0.0, "NT2_H": 30.0, "NT2_M": 34.0, "N_TOTAL": 122.0, "DIRECCION": "JOSE DOMINGO CAÑAS", "NUMERO": 2206.0, "REFERENCIA": "JOSE  DOMINGO CAÑAS AL LLEGAR A CAMPO DE DEPORTES. VEREDA NORTE.", "LATITUD": -33.456689, "LONGITUD": -70.60865 }, "geometry": { "type": "Point", "coordinates": [ -70.60865, -33.45668899 ] } },
{ "type": "Feature", "properties": { "AGNO": 2021.0, "ID_ESTAB": 9217.0, "ORIGEN": 1.0, "NOM_ESTAB": "COLEGIO AKROS", "COD_REG_ES": 13.0, "COD_PRO_ES": 131.0, "COD_COM_ES": 13120.0, "NOM_COM_ES": "ÑUÑOA", "COD_DEPROV": 133.0, "NOM_DEPROV": "SANTIAGO ORIENTE", "DEPENDENCI": 3.0, "RURAL_ESTA": 0.0, "ESTADO_EST": 1.0, "SC_MEN_SI": 0.0, "SC_MEN_H": 0.0, "SC_MEN_M": 0.0, "SC_MAY_H": 0.0, "SC_MAY_M": 0.0, "MED_MEN_SI": 0.0, "MED_MEN_H": 0.0, "MED_MEN_M": 0.0, "MED_MAY_SI": 0.0, "MED_MAY_H": 12.0, "MED_MAY_M": 22.0, "NT1_SI": 0.0, "NT1_H": 26.0, "NT1_M": 43.0, "NT2_SI": 0.0, "NT2_H": 21.0, "NT2_M": 49.0, "N_TOTAL": 173.0, "DIRECCION": "IRARRAZAVAL", "NUMERO": 3850.0, "REFERENCIA": null, "LATITUD": -33.455344, "LONGITUD": -70.58912 }, "geometry": { "type": "Point", "coordinates": [ -70.58911999, -33.45534399 ] } },
{ "type": "Feature", "properties": { "AGNO": 2021.0, "ID_ESTAB": 9230.0, "ORIGEN": 1.0, "NOM_ESTAB": "COLEGIO ISABEL LA CATOLICA", "COD_REG_ES": 13.0, "COD_PRO_ES": 131.0, "COD_COM_ES": 13120.0, "NOM_COM_ES": "ÑUÑOA", "COD_DEPROV": 133.0, "NOM_DEPROV": "SANTIAGO ORIENTE", "DEPENDENCI": 3.0, "RURAL_ESTA": 0.0, "ESTADO_EST": 1.0, "SC_MEN_SI": 0.0, "SC_MEN_H": 0.0, "SC_MEN_M": 0.0, "SC_MAY_H": 0.0, "SC_MAY_M": 0.0, "MED_MEN_SI": 0.0, "MED_MEN_H": 0.0, "MED_MEN_M": 0.0, "MED_MAY_SI": 0.0, "MED_MAY_H": 0.0, "MED_MAY_M": 0.0, "NT1_SI": 0.0, "NT1_H": 3.0, "NT1_M": 10.0, "NT2_SI": 0.0, "NT2_H": 9.0, "NT2_M": 18.0, "N_TOTAL": 40.0, "DIRECCION": "VILLASECA", "NUMERO": 701.0, "REFERENCIA": "ENTRE PEDRO DE VALDIVIA Y LYON", "LATITUD": -33.447716, "LONGITUD": -70.60389 }, "geometry": { "type": "Point", "coordinates": [ -70.60389, -33.447716 ] } },
{ "type": "Feature", "properties": { "AGNO": 2021.0, "ID_ESTAB": 9239.0, "ORIGEN": 1.0, "NOM_ESTAB": "COLEGIO FRANCISCO DE MIRANDA", "COD_REG_ES": 13.0, "COD_PRO_ES": 131.0, "COD_COM_ES": 13122.0, "NOM_COM_ES": "PEÑALOLÉN", "COD_DEPROV": 133.0, "NOM_DEPROV": "SANTIAGO ORIENTE", "DEPENDENCI": 3.0, "RURAL_ESTA": 0.0, "ESTADO_EST": 1.0, "SC_MEN_SI": 0.0, "SC_MEN_H": 0.0, "SC_MEN_M": 0.0, "SC_MAY_H": 0.0, "SC_MAY_M": 0.0, "MED_MEN_SI": 0.0, "MED_MEN_H": 4.0, "MED_MEN_M": 5.0, "MED_MAY_SI": 0.0, "MED_MAY_H": 7.0, "MED_MAY_M": 6.0, "NT1_SI": 0.0, "NT1_H": 21.0, "NT1_M": 21.0, "NT2_SI": 0.0, "NT2_H": 20.0, "NT2_M": 22.0, "N_TOTAL": 106.0, "DIRECCION": "CRUZ ALMEYDA", "NUMERO": 1388.0, "REFERENCIA": "A TRES CUADRAS DE AMERICO VESPUCIO HACIA LA CORDILLERA, ENTRE LAS ESTACIONES DE METRO DE GRECIA Y LOS ORIENTALES", "LATITUD": -33.467133, "LONGITUD": -70.57145 }, "geometry": { "type": "Point", "coordinates": [ -70.57145, -33.46713299 ] } },
{ "type": "Feature", "properties": { "AGNO": 2021.0, "ID_ESTAB": 9249.0, "ORIGEN": 1.0, "NOM_ESTAB": "COLEGIO SAINT GASPAR COLLEGE", "COD_REG_ES": 13.0, "COD_PRO_ES": 131.0, "COD_COM_ES": 13120.0, "NOM_COM_ES": "ÑUÑOA", "COD_DEPROV": 133.0, "NOM_DEPROV": "SANTIAGO ORIENTE", "DEPENDENCI": 3.0, "RURAL_ESTA": 0.0, "ESTADO_EST": 1.0, "SC_MEN_SI": 0.0, "SC_MEN_H": 0.0, "SC_MEN_M": 0.0, "SC_MAY_H": 0.0, "SC_MAY_M": 0.0, "MED_MEN_SI": 0.0, "MED_MEN_H": 0.0, "MED_MEN_M": 0.0, "MED_MAY_SI": 0.0, "MED_MAY_H": 20.0, "MED_MAY_M": 15.0, "NT1_SI": 0.0, "NT1_H": 35.0, "NT1_M": 29.0, "NT2_SI": 0.0, "NT2_H": 31.0, "NT2_M": 34.0, "N_TOTAL": 164.0, "DIRECCION": "SUAREZ MUJICA", "NUMERO": 2577.0, "REFERENCIA": null, "LATITUD": -33.460305, "LONGITUD": -70.60515 }, "geometry": { "type": "Point", "coordinates": [ -70.60514999, -33.460305 ] } },
{ "type": "Feature", "properties": { "AGNO": 2021.0, "ID_ESTAB": 9250.0, "ORIGEN": 1.0, "NOM_ESTAB": "COLEGIO CALASANZ", "COD_REG_ES": 13.0, "COD_PRO_ES": 131.0, "COD_COM_ES": 13120.0, "NOM_COM_ES": "ÑUÑOA", "COD_DEPROV": 133.0, "NOM_DEPROV": "SANTIAGO ORIENTE", "DEPENDENCI": 3.0, "RURAL_ESTA": 0.0, "ESTADO_EST": 1.0, "SC_MEN_SI": 0.0, "SC_MEN_H": 0.0, "SC_MEN_M": 0.0, "SC_MAY_H": 0.0, "SC_MAY_M": 0.0, "MED_MEN_SI": 0.0, "MED_MEN_H": 0.0, "MED_MEN_M": 0.0, "MED_MAY_SI": 0.0, "MED_MAY_H": 0.0, "MED_MAY_M": 0.0, "NT1_SI": 0.0, "NT1_H": 47.0, "NT1_M": 56.0, "NT2_SI": 0.0, "NT2_H": 62.0, "NT2_M": 48.0, "N_TOTAL": 213.0, "DIRECCION": "MONTENEGRO", "NUMERO": 661.0, "REFERENCIA": null, "LATITUD": -33.449484, "LONGITUD": -70.58497 }, "geometry": { "type": "Point", "coordinates": [ -70.58497, -33.449484 ] } },
{ "type": "Feature", "properties": { "AGNO": 2021.0, "ID_ESTAB": 9267.0, "ORIGEN": 1.0, "NOM_ESTAB": "LICEO EXPERIMENTAL MANUEL DE SALAS", "COD_REG_ES": 13.0, "COD_PRO_ES": 131.0, "COD_COM_ES": 13120.0, "NOM_COM_ES": "ÑUÑOA", "COD_DEPROV": 133.0, "NOM_DEPROV": "SANTIAGO ORIENTE", "DEPENDENCI": 3.0, "RURAL_ESTA": 0.0, "ESTADO_EST": 1.0, "SC_MEN_SI": 0.0, "SC_MEN_H": 0.0, "SC_MEN_M": 0.0, "SC_MAY_H": 0.0, "SC_MAY_M": 0.0, "MED_MEN_SI": 0.0, "MED_MEN_H": 0.0, "MED_MEN_M": 0.0, "MED_MAY_SI": 0.0, "MED_MAY_H": 0.0, "MED_MAY_M": 0.0, "NT1_SI": 0.0, "NT1_H": 63.0, "NT1_M": 45.0, "NT2_SI": 0.0, "NT2_H": 63.0, "NT2_M": 42.0, "N_TOTAL": 213.0, "DIRECCION": "BROWN NORTE", "NUMERO": 105.0, "REFERENCIA": null, "LATITUD": -33.454197, "LONGITUD": -70.5917 }, "geometry": { "type": "Point", "coordinates": [ -70.5917, -33.454197 ] } },
{ "type": "Feature", "properties": { "AGNO": 2021.0, "ID_ESTAB": 9268.0, "ORIGEN": 1.0, "NOM_ESTAB": "ESCUELA BÁSICA Nº520 FLORENCE NIGHTINGALE", "COD_REG_ES": 13.0, "COD_PRO_ES": 131.0, "COD_COM_ES": 13118.0, "NOM_COM_ES": "MACUL", "COD_DEPROV": 133.0, "NOM_DEPROV": "SANTIAGO ORIENTE", "DEPENDENCI": 3.0, "RURAL_ESTA": 0.0, "ESTADO_EST": 1.0, "SC_MEN_SI": 0.0, "SC_MEN_H": 0.0, "SC_MEN_M": 0.0, "SC_MAY_H": 0.0, "SC_MAY_M": 0.0, "MED_MEN_SI": 0.0, "MED_MEN_H": 0.0, "MED_MEN_M": 0.0, "MED_MAY_SI": 0.0, "MED_MAY_H": 4.0, "MED_MAY_M": 4.0, "NT1_SI": 0.0, "NT1_H": 13.0, "NT1_M": 12.0, "NT2_SI": 0.0, "NT2_H": 8.0, "NT2_M": 16.0, "N_TOTAL": 57.0, "DIRECCION": "JOSE PEDRO ALESSANDRI", "NUMERO": 2451.0, "REFERENCIA": "AVENIDA JOSE PEDRO ALESSANDRI, ENTRE LOS ESPINOS Y GREGORIO DE LA FUENTE.", "LATITUD": -33.477517, "LONGITUD": -70.59914 }, "geometry": { "type": "Point", "coordinates": [ -70.59914, -33.477517 ] } },
{ "type": "Feature", "properties": { "AGNO": 2021.0, "ID_ESTAB": 9271.0, "ORIGEN": 1.0, "NOM_ESTAB": "COLEGIO THE KENT SCHOOL", "COD_REG_ES": 13.0, "COD_PRO_ES": 131.0, "COD_COM_ES": 13123.0, "NOM_COM_ES": "PROVIDENCIA", "COD_DEPROV": 133.0, "NOM_DEPROV": "SANTIAGO ORIENTE", "DEPENDENCI": 3.0, "RURAL_ESTA": 0.0, "ESTADO_EST": 1.0, "SC_MEN_SI": 0.0, "SC_MEN_H": 0.0, "SC_MEN_M": 0.0, "SC_MAY_H": 0.0, "SC_MAY_M": 0.0, "MED_MEN_SI": 0.0, "MED_MEN_H": 0.0, "MED_MEN_M": 0.0, "MED_MAY_SI": 0.0, "MED_MAY_H": 0.0, "MED_MAY_M": 0.0, "NT1_SI": 0.0, "NT1_H": 37.0, "NT1_M": 27.0, "NT2_SI": 0.0, "NT2_H": 24.0, "NT2_M": 37.0, "N_TOTAL": 125.0, "DIRECCION": "AVENIDA PEDRO DE VALDIVIA", "NUMERO": 2176.0, "REFERENCIA": null, "LATITUD": -33.442515, "LONGITUD": -70.60645 }, "geometry": { "type": "Point", "coordinates": [ -70.60645, -33.442515 ] } },
{ "type": "Feature", "properties": { "AGNO": 2021.0, "ID_ESTAB": 9276.0, "ORIGEN": 1.0, "NOM_ESTAB": "COLEGIO UNIVERSITARIO EL SALVADOR", "COD_REG_ES": 13.0, "COD_PRO_ES": 131.0, "COD_COM_ES": 13120.0, "NOM_COM_ES": "ÑUÑOA", "COD_DEPROV": 133.0, "NOM_DEPROV": "SANTIAGO ORIENTE", "DEPENDENCI": 3.0, "RURAL_ESTA": 0.0, "ESTADO_EST": 1.0, "SC_MEN_SI": 0.0, "SC_MEN_H": 0.0, "SC_MEN_M": 0.0, "SC_MAY_H": 0.0, "SC_MAY_M": 0.0, "MED_MEN_SI": 0.0, "MED_MEN_H": 0.0, "MED_MEN_M": 0.0, "MED_MAY_SI": 0.0, "MED_MAY_H": 11.0, "MED_MAY_M": 7.0, "NT1_SI": 0.0, "NT1_H": 30.0, "NT1_M": 23.0, "NT2_SI": 0.0, "NT2_H": 22.0, "NT2_M": 34.0, "N_TOTAL": 127.0, "DIRECCION": "AVENIDA SALVADOR", "NUMERO": 1696.0, "REFERENCIA": null, "LATITUD": -33.448369, "LONGITUD": -70.62163 }, "geometry": { "type": "Point", "coordinates": [ -70.62163, -33.448369 ] } },
{ "type": "Feature", "properties": { "AGNO": 2021.0, "ID_ESTAB": 9277.0, "ORIGEN": 1.0, "NOM_ESTAB": "COLEGIO SAN MARCOS", "COD_REG_ES": 13.0, "COD_PRO_ES": 131.0, "COD_COM_ES": 13118.0, "NOM_COM_ES": "MACUL", "COD_DEPROV": 133.0, "NOM_DEPROV": "SANTIAGO ORIENTE", "DEPENDENCI": 3.0, "RURAL_ESTA": 0.0, "ESTADO_EST": 1.0, "SC_MEN_SI": 0.0, "SC_MEN_H": 0.0, "SC_MEN_M": 0.0, "SC_MAY_H": 0.0, "SC_MAY_M": 0.0, "MED_MEN_SI": 0.0, "MED_MEN_H": 0.0, "MED_MEN_M": 0.0, "MED_MAY_SI": 0.0, "MED_MAY_H": 3.0, "MED_MAY_M": 4.0, "NT1_SI": 0.0, "NT1_H": 19.0, "NT1_M": 11.0, "NT2_SI": 0.0, "NT2_H": 29.0, "NT2_M": 37.0, "N_TOTAL": 103.0, "DIRECCION": "JOSE PEDRO ALESSANDRI", "NUMERO": 2136.0, "REFERENCIA": "COSTADO PARROQUIA EL BUEN PASTOR", "LATITUD": -33.473709, "LONGITUD": -70.5977 }, "geometry": { "type": "Point", "coordinates": [ -70.5977, -33.473709 ] } },
{ "type": "Feature", "properties": { "AGNO": 2021.0, "ID_ESTAB": 9278.0, "ORIGEN": 1.0, "NOM_ESTAB": "COLEGIO INSTITUTO SANTA MARIA", "COD_REG_ES": 13.0, "COD_PRO_ES": 131.0, "COD_COM_ES": 13120.0, "NOM_COM_ES": "ÑUÑOA", "COD_DEPROV": 133.0, "NOM_DEPROV": "SANTIAGO ORIENTE", "DEPENDENCI": 3.0, "RURAL_ESTA": 0.0, "ESTADO_EST": 1.0, "SC_MEN_SI": 0.0, "SC_MEN_H": 0.0, "SC_MEN_M": 0.0, "SC_MAY_H": 0.0, "SC_MAY_M": 0.0, "MED_MEN_SI": 0.0, "MED_MEN_H": 0.0, "MED_MEN_M": 0.0, "MED_MAY_SI": 0.0, "MED_MAY_H": 0.0, "MED_MAY_M": 0.0, "NT1_SI": 0.0, "NT1_H": 23.0, "NT1_M": 12.0, "NT2_SI": 0.0, "NT2_H": 16.0, "NT2_M": 24.0, "N_TOTAL": 75.0, "DIRECCION": "JUAN ENRIQUE CONCHA", "NUMERO": 273.0, "REFERENCIA": "DUBLE ALMEYDA CON JOSÉ PEDRO ALESSANDRI, CAMINAR UNA CUADRA POR DUBLE ALMEYDA HACIA LA CORDILLERA.", "LATITUD": -33.457708, "LONGITUD": -70.59607 }, "geometry": { "type": "Point", "coordinates": [ -70.59607, -33.45770799 ] } },
{ "type": "Feature", "properties": { "AGNO": 2021.0, "ID_ESTAB": 9500.0, "ORIGEN": 1.0, "NOM_ESTAB": "COLEGIO PART. NUESTRA SRA DEL HUERTO", "COD_REG_ES": 13.0, "COD_PRO_ES": 131.0, "COD_COM_ES": 13129.0, "NOM_COM_ES": "SAN JOAQUÍN", "COD_DEPROV": 131.0, "NOM_DEPROV": "SANTIAGO CENTRO", "DEPENDENCI": 2.0, "RURAL_ESTA": 0.0, "ESTADO_EST": 1.0, "SC_MEN_SI": 0.0, "SC_MEN_H": 0.0, "SC_MEN_M": 0.0, "SC_MAY_H": 0.0, "SC_MAY_M": 0.0, "MED_MEN_SI": 0.0, "MED_MEN_H": 0.0, "MED_MEN_M": 0.0, "MED_MAY_SI": 0.0, "MED_MAY_H": 0.0, "MED_MAY_M": 0.0, "NT1_SI": 0.0, "NT1_H": 6.0, "NT1_M": 10.0, "NT2_SI": 0.0, "NT2_H": 8.0, "NT2_M": 16.0, "N_TOTAL": 40.0, "DIRECCION": "CELIA SOLAR", "NUMERO": 50.0, "REFERENCIA": "CELIA SOLAR ENTRE VICUÑA MACKENNA Y SANTA ELENA", "LATITUD": -33.472194, "LONGITUD": -70.625371 }, "geometry": { "type": "Point", "coordinates": [ -70.62537055, -33.47219384 ] } },
{ "type": "Feature", "properties": { "AGNO": 2021.0, "ID_ESTAB": 11871.0, "ORIGEN": 1.0, "NOM_ESTAB": "COLEGIO PEDRO DE VALDIVIA", "COD_REG_ES": 13.0, "COD_PRO_ES": 131.0, "COD_COM_ES": 13123.0, "NOM_COM_ES": "PROVIDENCIA", "COD_DEPROV": 133.0, "NOM_DEPROV": "SANTIAGO ORIENTE", "DEPENDENCI": 3.0, "RURAL_ESTA": 0.0, "ESTADO_EST": 1.0, "SC_MEN_SI": 0.0, "SC_MEN_H": 0.0, "SC_MEN_M": 0.0, "SC_MAY_H": 0.0, "SC_MAY_M": 0.0, "MED_MEN_SI": 0.0, "MED_MEN_H": 0.0, "MED_MEN_M": 0.0, "MED_MAY_SI": 0.0, "MED_MAY_H": 18.0, "MED_MAY_M": 19.0, "NT1_SI": 0.0, "NT1_H": 47.0, "NT1_M": 37.0, "NT2_SI": 0.0, "NT2_H": 51.0, "NT2_M": 48.0, "N_TOTAL": 220.0, "DIRECCION": "AVENIDA PEDRO DE VALDIVIA", "NUMERO": 1939.0, "REFERENCIA": "PARALELA A FRANCISCO BILBAO", "LATITUD": -33.440617, "LONGITUD": -70.60724 }, "geometry": { "type": "Point", "coordinates": [ -70.60724, -33.440617 ] } },
{ "type": "Feature", "properties": { "AGNO": 2021.0, "ID_ESTAB": 11993.0, "ORIGEN": 1.0, "NOM_ESTAB": "ESCUELA BASICA JUAN PABLO DUARTE", "COD_REG_ES": 13.0, "COD_PRO_ES": 131.0, "COD_COM_ES": 13123.0, "NOM_COM_ES": "PROVIDENCIA", "COD_DEPROV": 133.0, "NOM_DEPROV": "SANTIAGO ORIENTE", "DEPENDENCI": 1.0, "RURAL_ESTA": 0.0, "ESTADO_EST": 1.0, "SC_MEN_SI": 0.0, "SC_MEN_H": 0.0, "SC_MEN_M": 0.0, "SC_MAY_H": 0.0, "SC_MAY_M": 0.0, "MED_MEN_SI": 0.0, "MED_MEN_H": 0.0, "MED_MEN_M": 0.0, "MED_MAY_SI": 0.0, "MED_MAY_H": 0.0, "MED_MAY_M": 0.0, "NT1_SI": 0.0, "NT1_H": 18.0, "NT1_M": 22.0, "NT2_SI": 0.0, "NT2_H": 21.0, "NT2_M": 29.0, "N_TOTAL": 90.0, "DIRECCION": "SANTA ISABEL", "NUMERO": 735.0, "REFERENCIA": "AV. SANTA ISABEL CON SALVADOR, MEDIA CUADRA HACIA EL ESTE.", "LATITUD": -33.445556, "LONGITUD": -70.621629 }, "geometry": { "type": "Point", "coordinates": [ -70.62162943, -33.44555595 ] } },
{ "type": "Feature", "properties": { "AGNO": 2021.0, "ID_ESTAB": 12092.0, "ORIGEN": 1.0, "NOM_ESTAB": "ESCUELA ESPECIAL ANADIME", "COD_REG_ES": 13.0, "COD_PRO_ES": 131.0, "COD_COM_ES": 13120.0, "NOM_COM_ES": "ÑUÑOA", "COD_DEPROV": 133.0, "NOM_DEPROV": "SANTIAGO ORIENTE", "DEPENDENCI": 2.0, "RURAL_ESTA": 0.0, "ESTADO_EST": 1.0, "SC_MEN_SI": 0.0, "SC_MEN_H": 0.0, "SC_MEN_M": 0.0, "SC_MAY_H": 0.0, "SC_MAY_M": 0.0, "MED_MEN_SI": 0.0, "MED_MEN_H": 0.0, "MED_MEN_M": 0.0, "MED_MAY_SI": 0.0, "MED_MAY_H": 7.0, "MED_MAY_M": 1.0, "NT1_SI": 0.0, "NT1_H": 0.0, "NT1_M": 0.0, "NT2_SI": 0.0, "NT2_H": 0.0, "NT2_M": 0.0, "N_TOTAL": 8.0, "DIRECCION": "RICARDO LYON", "NUMERO": 3020.0, "REFERENCIA": "SUCRE -SIMON BOLIVAR", "LATITUD": -33.44909, "LONGITUD": -70.60184 }, "geometry": { "type": "Point", "coordinates": [ -70.60184, -33.44909 ] } },
{ "type": "Feature", "properties": { "AGNO": 2021.0, "ID_ESTAB": 12133.0, "ORIGEN": 1.0, "NOM_ESTAB": "COLEGIO FRANCISCO ENCINA", "COD_REG_ES": 13.0, "COD_PRO_ES": 131.0, "COD_COM_ES": 13120.0, "NOM_COM_ES": "ÑUÑOA", "COD_DEPROV": 133.0, "NOM_DEPROV": "SANTIAGO ORIENTE", "DEPENDENCI": 3.0, "RURAL_ESTA": 0.0, "ESTADO_EST": 1.0, "SC_MEN_SI": 0.0, "SC_MEN_H": 0.0, "SC_MEN_M": 0.0, "SC_MAY_H": 0.0, "SC_MAY_M": 0.0, "MED_MEN_SI": 0.0, "MED_MEN_H": 0.0, "MED_MEN_M": 0.0, "MED_MAY_SI": 0.0, "MED_MAY_H": 0.0, "MED_MAY_M": 0.0, "NT1_SI": 0.0, "NT1_H": 18.0, "NT1_M": 9.0, "NT2_SI": 0.0, "NT2_H": 15.0, "NT2_M": 11.0, "N_TOTAL": 53.0, "DIRECCION": "EXEQUIEL FERNANDEZ", "NUMERO": 1001.0, "REFERENCIA": "GRECIA CON EXEQUIEL FERNÁNDEZ.", "LATITUD": -33.463861, "LONGITUD": -70.60037 }, "geometry": { "type": "Point", "coordinates": [ -70.60037, -33.463861 ] } },
{ "type": "Feature", "properties": { "AGNO": 2021.0, "ID_ESTAB": 12260.0, "ORIGEN": 1.0, "NOM_ESTAB": "COLEGIO SAN FRANCISCO DE ASIS DE BELEN", "COD_REG_ES": 13.0, "COD_PRO_ES": 131.0, "COD_COM_ES": 13101.0, "NOM_COM_ES": "SANTIAGO", "COD_DEPROV": 131.0, "NOM_DEPROV": "SANTIAGO CENTRO", "DEPENDENCI": 2.0, "RURAL_ESTA": 0.0, "ESTADO_EST": 1.0, "SC_MEN_SI": 0.0, "SC_MEN_H": 0.0, "SC_MEN_M": 0.0, "SC_MAY_H": 0.0, "SC_MAY_M": 0.0, "MED_MEN_SI": 0.0, "MED_MEN_H": 0.0, "MED_MEN_M": 0.0, "MED_MAY_SI": 0.0, "MED_MAY_H": 0.0, "MED_MAY_M": 0.0, "NT1_SI": 0.0, "NT1_H": 15.0, "NT1_M": 20.0, "NT2_SI": 0.0, "NT2_H": 19.0, "NT2_M": 21.0, "N_TOTAL": 75.0, "DIRECCION": "AVENIDA VICUÑA MACKENNA", "NUMERO": 695.0, "REFERENCIA": "AV. VICUÑA MACKENNA 695 AL LLEGAR A 10 DE JULIO POR VEREDA PONIENTE", "LATITUD": -33.450953, "LONGITUD": -70.631481 }, "geometry": { "type": "Point", "coordinates": [ -70.63148132, -33.45095264 ] } },
{ "type": "Feature", "properties": { "AGNO": 2021.0, "ID_ESTAB": 24842.0, "ORIGEN": 1.0, "NOM_ESTAB": "COLEGIO LA FONTAINE", "COD_REG_ES": 13.0, "COD_PRO_ES": 131.0, "COD_COM_ES": 13120.0, "NOM_COM_ES": "ÑUÑOA", "COD_DEPROV": 133.0, "NOM_DEPROV": "SANTIAGO ORIENTE", "DEPENDENCI": 3.0, "RURAL_ESTA": 0.0, "ESTADO_EST": 1.0, "SC_MEN_SI": 0.0, "SC_MEN_H": 0.0, "SC_MEN_M": 0.0, "SC_MAY_H": 0.0, "SC_MAY_M": 0.0, "MED_MEN_SI": 0.0, "MED_MEN_H": 0.0, "MED_MEN_M": 0.0, "MED_MAY_SI": 0.0, "MED_MAY_H": 0.0, "MED_MAY_M": 0.0, "NT1_SI": 0.0, "NT1_H": 12.0, "NT1_M": 10.0, "NT2_SI": 0.0, "NT2_H": 16.0, "NT2_M": 26.0, "N_TOTAL": 64.0, "DIRECCION": "COVENTRY", "NUMERO": 75.0, "REFERENCIA": "UBICADO A MEDIA CUADRA DE IRARRÁZAVAL, ALTURA RAMÓN CRUZ.", "LATITUD": -33.453592, "LONGITUD": -70.58 }, "geometry": { "type": "Point", "coordinates": [ -70.58, -33.453592 ] } },
{ "type": "Feature", "properties": { "AGNO": 2021.0, "ID_ESTAB": 24851.0, "ORIGEN": 1.0, "NOM_ESTAB": "ESCUELA DE PARVULOS N°1528 MI RINCON", "COD_REG_ES": 13.0, "COD_PRO_ES": 131.0, "COD_COM_ES": 13120.0, "NOM_COM_ES": "ÑUÑOA", "COD_DEPROV": 133.0, "NOM_DEPROV": "SANTIAGO ORIENTE", "DEPENDENCI": 3.0, "RURAL_ESTA": 0.0, "ESTADO_EST": 1.0, "SC_MEN_SI": 0.0, "SC_MEN_H": 0.0, "SC_MEN_M": 0.0, "SC_MAY_H": 0.0, "SC_MAY_M": 0.0, "MED_MEN_SI": 0.0, "MED_MEN_H": 1.0, "MED_MEN_M": 4.0, "MED_MAY_SI": 0.0, "MED_MAY_H": 7.0, "MED_MAY_M": 2.0, "NT1_SI": 0.0, "NT1_H": 1.0, "NT1_M": 1.0, "NT2_SI": 0.0, "NT2_H": 0.0, "NT2_M": 0.0, "N_TOTAL": 16.0, "DIRECCION": "SIMON BOLIVAR", "NUMERO": 4106.0, "REFERENCIA": "4106-E, ENTRE LAS CALLES PEDRO TORRES Y CARLOS AGUIRRE LUCO.", "LATITUD": -33.448357, "LONGITUD": -70.5872 }, "geometry": { "type": "Point", "coordinates": [ -70.5872, -33.448357 ] } },
{ "type": "Feature", "properties": { "AGNO": 2021.0, "ID_ESTAB": 24959.0, "ORIGEN": 1.0, "NOM_ESTAB": "COMPL.EDUCACIONAL BRIGIDA WALKER ANEXO", "COD_REG_ES": 13.0, "COD_PRO_ES": 131.0, "COD_COM_ES": 13120.0, "NOM_COM_ES": "ÑUÑOA", "COD_DEPROV": 133.0, "NOM_DEPROV": "SANTIAGO ORIENTE", "DEPENDENCI": 1.0, "RURAL_ESTA": 0.0, "ESTADO_EST": 1.0, "SC_MEN_SI": 0.0, "SC_MEN_H": 0.0, "SC_MEN_M": 0.0, "SC_MAY_H": 0.0, "SC_MAY_M": 0.0, "MED_MEN_SI": 0.0, "MED_MEN_H": 0.0, "MED_MEN_M": 0.0, "MED_MAY_SI": 0.0, "MED_MAY_H": 0.0, "MED_MAY_M": 0.0, "NT1_SI": 0.0, "NT1_H": 15.0, "NT1_M": 15.0, "NT2_SI": 0.0, "NT2_H": 12.0, "NT2_M": 18.0, "N_TOTAL": 60.0, "DIRECCION": "VIA OCHO", "NUMERO": 1081.0, "REFERENCIA": "ENTRE LO ENCALADA CON CARLOS DITTBORN PRIMER PASAJE A LA DERECHA", "LATITUD": -33.467363, "LONGITUD": -70.619733 }, "geometry": { "type": "Point", "coordinates": [ -70.61973321, -33.46736311 ] } },
{ "type": "Feature", "properties": { "AGNO": 2021.0, "ID_ESTAB": 25058.0, "ORIGEN": 1.0, "NOM_ESTAB": "COLEGIO LA CANTERA", "COD_REG_ES": 13.0, "COD_PRO_ES": 131.0, "COD_COM_ES": 13120.0, "NOM_COM_ES": "ÑUÑOA", "COD_DEPROV": 133.0, "NOM_DEPROV": "SANTIAGO ORIENTE", "DEPENDENCI": 3.0, "RURAL_ESTA": 0.0, "ESTADO_EST": 1.0, "SC_MEN_SI": 0.0, "SC_MEN_H": 0.0, "SC_MEN_M": 0.0, "SC_MAY_H": 0.0, "SC_MAY_M": 0.0, "MED_MEN_SI": 0.0, "MED_MEN_H": 0.0, "MED_MEN_M": 0.0, "MED_MAY_SI": 0.0, "MED_MAY_H": 0.0, "MED_MAY_M": 0.0, "NT1_SI": 0.0, "NT1_H": 2.0, "NT1_M": 0.0, "NT2_SI": 0.0, "NT2_H": 3.0, "NT2_M": 0.0, "N_TOTAL": 5.0, "DIRECCION": "LOS PESCADORES", "NUMERO": 2260.0, "REFERENCIA": null, "LATITUD": -33.46115, "LONGITUD": -70.60757 }, "geometry": { "type": "Point", "coordinates": [ -70.60757, -33.46115 ] } },
{ "type": "Feature", "properties": { "AGNO": 2021.0, "ID_ESTAB": 25187.0, "ORIGEN": 1.0, "NOM_ESTAB": "ESCUELA ESPECIAL PARTICULAR N_ 1666 SANDELI", "COD_REG_ES": 13.0, "COD_PRO_ES": 131.0, "COD_COM_ES": 13118.0, "NOM_COM_ES": "MACUL", "COD_DEPROV": 133.0, "NOM_DEPROV": "SANTIAGO ORIENTE", "DEPENDENCI": 2.0, "RURAL_ESTA": 0.0, "ESTADO_EST": 1.0, "SC_MEN_SI": 0.0, "SC_MEN_H": 0.0, "SC_MEN_M": 0.0, "SC_MAY_H": 0.0, "SC_MAY_M": 0.0, "MED_MEN_SI": 0.0, "MED_MEN_H": 0.0, "MED_MEN_M": 0.0, "MED_MAY_SI": 0.0, "MED_MAY_H": 19.0, "MED_MAY_M": 7.0, "NT1_SI": 0.0, "NT1_H": 42.0, "NT1_M": 17.0, "NT2_SI": 0.0, "NT2_H": 31.0, "NT2_M": 12.0, "N_TOTAL": 128.0, "DIRECCION": "IRAN", "NUMERO": 2799.0, "REFERENCIA": "RAMON CRUZ ALTURA DEL 2800", "LATITUD": -33.48072, "LONGITUD": -70.586555 }, "geometry": { "type": "Point", "coordinates": [ -70.586555, -33.48072 ] } },
{ "type": "Feature", "properties": { "AGNO": 2021.0, "ID_ESTAB": 25192.0, "ORIGEN": 1.0, "NOM_ESTAB": "ESCUELA ESP. SAN NECTARIO", "COD_REG_ES": 13.0, "COD_PRO_ES": 131.0, "COD_COM_ES": 13120.0, "NOM_COM_ES": "ÑUÑOA", "COD_DEPROV": 133.0, "NOM_DEPROV": "SANTIAGO ORIENTE", "DEPENDENCI": 2.0, "RURAL_ESTA": 0.0, "ESTADO_EST": 1.0, "SC_MEN_SI": 0.0, "SC_MEN_H": 0.0, "SC_MEN_M": 0.0, "SC_MAY_H": 0.0, "SC_MAY_M": 0.0, "MED_MEN_SI": 0.0, "MED_MEN_H": 0.0, "MED_MEN_M": 0.0, "MED_MAY_SI": 0.0, "MED_MAY_H": 0.0, "MED_MAY_M": 0.0, "NT1_SI": 0.0, "NT1_H": 20.0, "NT1_M": 4.0, "NT2_SI": 0.0, "NT2_H": 20.0, "NT2_M": 3.0, "N_TOTAL": 47.0, "DIRECCION": "VIA 13", "NUMERO": 1084.0, "REFERENCIA": "CALLE 6 ESQUINA VÍA 12, A UNA CUADRA DE GUILLERMO MANN", "LATITUD": -33.470215, "LONGITUD": -70.613205 }, "geometry": { "type": "Point", "coordinates": [ -70.61320499, -33.470215 ] } },
{ "type": "Feature", "properties": { "AGNO": 2021.0, "ID_ESTAB": 25226.0, "ORIGEN": 1.0, "NOM_ESTAB": "ESC. PART. SAN FCO. DE ASIS PARA NINOS SORDOS", "COD_REG_ES": 13.0, "COD_PRO_ES": 131.0, "COD_COM_ES": 13101.0, "NOM_COM_ES": "SANTIAGO", "COD_DEPROV": 131.0, "NOM_DEPROV": "SANTIAGO CENTRO", "DEPENDENCI": 2.0, "RURAL_ESTA": 0.0, "ESTADO_EST": 1.0, "SC_MEN_SI": 0.0, "SC_MEN_H": 0.0, "SC_MEN_M": 0.0, "SC_MAY_H": 0.0, "SC_MAY_M": 0.0, "MED_MEN_SI": 0.0, "MED_MEN_H": 0.0, "MED_MEN_M": 0.0, "MED_MAY_SI": 0.0, "MED_MAY_H": 0.0, "MED_MAY_M": 0.0, "NT1_SI": 0.0, "NT1_H": 1.0, "NT1_M": 2.0, "NT2_SI": 0.0, "NT2_H": 1.0, "NT2_M": 2.0, "N_TOTAL": 6.0, "DIRECCION": "PADRE ORELLANA", "NUMERO": 1128.0, "REFERENCIA": "AVDA. MATTA ENTRE LAS CALLES PORTUGAL Y SANTA ELENA", "LATITUD": -33.456654, "LONGITUD": -70.632477 }, "geometry": { "type": "Point", "coordinates": [ -70.63247711, -33.45665446 ] } },
{ "type": "Feature", "properties": { "AGNO": 2021.0, "ID_ESTAB": 25302.0, "ORIGEN": 1.0, "NOM_ESTAB": "ESCUELA ESPECIAL STELLA MARIS DE NUNOA", "COD_REG_ES": 13.0, "COD_PRO_ES": 131.0, "COD_COM_ES": 13120.0, "NOM_COM_ES": "ÑUÑOA", "COD_DEPROV": 133.0, "NOM_DEPROV": "SANTIAGO ORIENTE", "DEPENDENCI": 2.0, "RURAL_ESTA": 0.0, "ESTADO_EST": 1.0, "SC_MEN_SI": 0.0, "SC_MEN_H": 0.0, "SC_MEN_M": 0.0, "SC_MAY_H": 0.0, "SC_MAY_M": 0.0, "MED_MEN_SI": 0.0, "MED_MEN_H": 0.0, "MED_MEN_M": 0.0, "MED_MAY_SI": 0.0, "MED_MAY_H": 12.0, "MED_MAY_M": 2.0, "NT1_SI": 0.0, "NT1_H": 13.0, "NT1_M": 9.0, "NT2_SI": 0.0, "NT2_H": 13.0, "NT2_M": 2.0, "N_TOTAL": 51.0, "DIRECCION": "CARMEN COVARRUBIAS", "NUMERO": 760.0, "REFERENCIA": "FRENTE AL ESTADIO NACIONAL.", "LATITUD": -33.46011, "LONGITUD": -70.61155 }, "geometry": { "type": "Point", "coordinates": [ -70.61154999, -33.46011 ] } },
{ "type": "Feature", "properties": { "AGNO": 2021.0, "ID_ESTAB": 25392.0, "ORIGEN": 1.0, "NOM_ESTAB": "ESCUELA ESPECIAL PARTICULAR ANGELES", "COD_REG_ES": 13.0, "COD_PRO_ES": 131.0, "COD_COM_ES": 13123.0, "NOM_COM_ES": "PROVIDENCIA", "COD_DEPROV": 133.0, "NOM_DEPROV": "SANTIAGO ORIENTE", "DEPENDENCI": 2.0, "RURAL_ESTA": 0.0, "ESTADO_EST": 1.0, "SC_MEN_SI": 0.0, "SC_MEN_H": 0.0, "SC_MEN_M": 0.0, "SC_MAY_H": 0.0, "SC_MAY_M": 0.0, "MED_MEN_SI": 0.0, "MED_MEN_H": 0.0, "MED_MEN_M": 0.0, "MED_MAY_SI": 0.0, "MED_MAY_H": 20.0, "MED_MAY_M": 10.0, "NT1_SI": 0.0, "NT1_H": 28.0, "NT1_M": 13.0, "NT2_SI": 0.0, "NT2_H": 25.0, "NT2_M": 16.0, "N_TOTAL": 112.0, "DIRECCION": "JULIO PRADO", "NUMERO": 1519.0, "REFERENCIA": "JULIO PRADO ESQUINA LAUTARO", "LATITUD": -33.447376, "LONGITUD": -70.6203 }, "geometry": { "type": "Point", "coordinates": [ -70.6203, -33.447376 ] } },
{ "type": "Feature", "properties": { "AGNO": 2021.0, "ID_ESTAB": 25589.0, "ORIGEN": 1.0, "NOM_ESTAB": "COLEGIO JESUS SERVIDOR", "COD_REG_ES": 13.0, "COD_PRO_ES": 131.0, "COD_COM_ES": 13122.0, "NOM_COM_ES": "PEÑALOLÉN", "COD_DEPROV": 133.0, "NOM_DEPROV": "SANTIAGO ORIENTE", "DEPENDENCI": 2.0, "RURAL_ESTA": 0.0, "ESTADO_EST": 1.0, "SC_MEN_SI": 0.0, "SC_MEN_H": 0.0, "SC_MEN_M": 0.0, "SC_MAY_H": 0.0, "SC_MAY_M": 0.0, "MED_MEN_SI": 0.0, "MED_MEN_H": 0.0, "MED_MEN_M": 0.0, "MED_MAY_SI": 0.0, "MED_MAY_H": 0.0, "MED_MAY_M": 0.0, "NT1_SI": 0.0, "NT1_H": 29.0, "NT1_M": 23.0, "NT2_SI": 0.0, "NT2_H": 25.0, "NT2_M": 32.0, "N_TOTAL": 109.0, "DIRECCION": "LITORAL", "NUMERO": 5787.0, "REFERENCIA": "UBICADO  EN LA PROXIMIDAD DE AVENIDA GRECIA CON AMERICO VESPUCIO HACIA EL SUR VEREDA ORIENTE.", "LATITUD": -33.47388, "LONGITUD": -70.576977 }, "geometry": { "type": "Point", "coordinates": [ -70.57697679, -33.47388038 ] } },
{ "type": "Feature", "properties": { "AGNO": 2021.0, "ID_ESTAB": 25716.0, "ORIGEN": 1.0, "NOM_ESTAB": "COLEGIO PART. NEW HEINRICH HIGH SCHOOL", "COD_REG_ES": 13.0, "COD_PRO_ES": 131.0, "COD_COM_ES": 13120.0, "NOM_COM_ES": "ÑUÑOA", "COD_DEPROV": 133.0, "NOM_DEPROV": "SANTIAGO ORIENTE", "DEPENDENCI": 2.0, "RURAL_ESTA": 0.0, "ESTADO_EST": 1.0, "SC_MEN_SI": 0.0, "SC_MEN_H": 0.0, "SC_MEN_M": 0.0, "SC_MAY_H": 0.0, "SC_MAY_M": 0.0, "MED_MEN_SI": 0.0, "MED_MEN_H": 0.0, "MED_MEN_M": 0.0, "MED_MAY_SI": 0.0, "MED_MAY_H": 0.0, "MED_MAY_M": 0.0, "NT1_SI": 0.0, "NT1_H": 14.0, "NT1_M": 9.0, "NT2_SI": 0.0, "NT2_H": 9.0, "NT2_M": 15.0, "N_TOTAL": 47.0, "DIRECCION": "JOSE PEDRO ALESSANDRI", "NUMERO": 295.0, "REFERENCIA": "IRARRAZAVAL UNA CUADRA Y MEDIA HACIA EL SUR", "LATITUD": -33.467848, "LONGITUD": -70.598628 }, "geometry": { "type": "Point", "coordinates": [ -70.59862765, -33.46784782 ] } },
{ "type": "Feature", "properties": { "AGNO": 2021.0, "ID_ESTAB": 25828.0, "ORIGEN": 1.0, "NOM_ESTAB": "ESC. ESPECIAL PART. JAN VAN DIJK", "COD_REG_ES": 13.0, "COD_PRO_ES": 131.0, "COD_COM_ES": 13120.0, "NOM_COM_ES": "ÑUÑOA", "COD_DEPROV": 133.0, "NOM_DEPROV": "SANTIAGO ORIENTE", "DEPENDENCI": 2.0, "RURAL_ESTA": 0.0, "ESTADO_EST": 1.0, "SC_MEN_SI": 0.0, "SC_MEN_H": 0.0, "SC_MEN_M": 0.0, "SC_MAY_H": 0.0, "SC_MAY_M": 0.0, "MED_MEN_SI": 0.0, "MED_MEN_H": 2.0, "MED_MEN_M": 1.0, "MED_MAY_SI": 0.0, "MED_MAY_H": 4.0, "MED_MAY_M": 1.0, "NT1_SI": 0.0, "NT1_H": 0.0, "NT1_M": 0.0, "NT2_SI": 0.0, "NT2_H": 5.0, "NT2_M": 1.0, "N_TOTAL": 14.0, "DIRECCION": "LO ENCALADA", "NUMERO": 207.0, "REFERENCIA": "IRARRAZABAL / LO ENCALADA", "LATITUD": -33.454105, "LONGITUD": -70.625175 }, "geometry": { "type": "Point", "coordinates": [ -70.625175, -33.454105 ] } },
{ "type": "Feature", "properties": { "AGNO": 2021.0, "ID_ESTAB": 25836.0, "ORIGEN": 1.0, "NOM_ESTAB": "ESCUELA PART. ROSA JARAQUEMADA", "COD_REG_ES": 13.0, "COD_PRO_ES": 131.0, "COD_COM_ES": 13120.0, "NOM_COM_ES": "ÑUÑOA", "COD_DEPROV": 133.0, "NOM_DEPROV": "SANTIAGO ORIENTE", "DEPENDENCI": 2.0, "RURAL_ESTA": 0.0, "ESTADO_EST": 1.0, "SC_MEN_SI": 0.0, "SC_MEN_H": 0.0, "SC_MEN_M": 0.0, "SC_MAY_H": 0.0, "SC_MAY_M": 0.0, "MED_MEN_SI": 0.0, "MED_MEN_H": 0.0, "MED_MEN_M": 0.0, "MED_MAY_SI": 0.0, "MED_MAY_H": 0.0, "MED_MAY_M": 0.0, "NT1_SI": 0.0, "NT1_H": 0.0, "NT1_M": 0.0, "NT2_SI": 0.0, "NT2_H": 8.0, "NT2_M": 7.0, "N_TOTAL": 15.0, "DIRECCION": "AVENIDA CONDELL", "NUMERO": 1860.0, "REFERENCIA": "AVENIDA CONDELL AL LLEGAR A AVENIDA IRARRÁZAVAL", "LATITUD": -33.452027, "LONGITUD": -70.624216 }, "geometry": { "type": "Point", "coordinates": [ -70.62421611, -33.45202712 ] } },
{ "type": "Feature", "properties": { "AGNO": 2021.0, "ID_ESTAB": 25852.0, "ORIGEN": 1.0, "NOM_ESTAB": "COLEGIO DIVINA PASTORA NUNOA", "COD_REG_ES": 13.0, "COD_PRO_ES": 131.0, "COD_COM_ES": 13120.0, "NOM_COM_ES": "ÑUÑOA", "COD_DEPROV": 133.0, "NOM_DEPROV": "SANTIAGO ORIENTE", "DEPENDENCI": 3.0, "RURAL_ESTA": 0.0, "ESTADO_EST": 1.0, "SC_MEN_SI": 0.0, "SC_MEN_H": 0.0, "SC_MEN_M": 0.0, "SC_MAY_H": 0.0, "SC_MAY_M": 0.0, "MED_MEN_SI": 0.0, "MED_MEN_H": 0.0, "MED_MEN_M": 0.0, "MED_MAY_SI": 0.0, "MED_MAY_H": 0.0, "MED_MAY_M": 0.0, "NT1_SI": 0.0, "NT1_H": 20.0, "NT1_M": 21.0, "NT2_SI": 0.0, "NT2_H": 31.0, "NT2_M": 33.0, "N_TOTAL": 105.0, "DIRECCION": "PEDRO DE VALDIVIA", "NUMERO": 4000.0, "REFERENCIA": null, "LATITUD": -33.459127, "LONGITUD": -70.605576 }, "geometry": { "type": "Point", "coordinates": [ -70.60557618, -33.45912748 ] } },
{ "type": "Feature", "properties": { "AGNO": 2021.0, "ID_ESTAB": 25904.0, "ORIGEN": 1.0, "NOM_ESTAB": "ESCUELA ESP. PART. VALLE DEL SOL", "COD_REG_ES": 13.0, "COD_PRO_ES": 131.0, "COD_COM_ES": 13118.0, "NOM_COM_ES": "MACUL", "COD_DEPROV": 133.0, "NOM_DEPROV": "SANTIAGO ORIENTE", "DEPENDENCI": 2.0, "RURAL_ESTA": 0.0, "ESTADO_EST": 1.0, "SC_MEN_SI": 0.0, "SC_MEN_H": 0.0, "SC_MEN_M": 0.0, "SC_MAY_H": 0.0, "SC_MAY_M": 0.0, "MED_MEN_SI": 0.0, "MED_MEN_H": 0.0, "MED_MEN_M": 0.0, "MED_MAY_SI": 0.0, "MED_MAY_H": 35.0, "MED_MAY_M": 22.0, "NT1_SI": 0.0, "NT1_H": 44.0, "NT1_M": 30.0, "NT2_SI": 0.0, "NT2_H": 28.0, "NT2_M": 15.0, "N_TOTAL": 174.0, "DIRECCION": "AVENIDA QULIN", "NUMERO": 3535.0, "REFERENCIA": "ENTRE MACUL Y VESPUCIO, FRENTE AL LABORATORIO BOSTON, ESQUINA PASAJE CORRAL.", "LATITUD": -33.47811, "LONGITUD": -70.59822 }, "geometry": { "type": "Point", "coordinates": [ -70.59822, -33.47811 ] } },
{ "type": "Feature", "properties": { "AGNO": 2021.0, "ID_ESTAB": 26406.0, "ORIGEN": 1.0, "NOM_ESTAB": "ESCUELA ESPECIAL N° 2278 NUESTRAS HUELLAS", "COD_REG_ES": 13.0, "COD_PRO_ES": 131.0, "COD_COM_ES": 13120.0, "NOM_COM_ES": "ÑUÑOA", "COD_DEPROV": 133.0, "NOM_DEPROV": "SANTIAGO ORIENTE", "DEPENDENCI": 2.0, "RURAL_ESTA": 0.0, "ESTADO_EST": 1.0, "SC_MEN_SI": 0.0, "SC_MEN_H": 0.0, "SC_MEN_M": 0.0, "SC_MAY_H": 0.0, "SC_MAY_M": 0.0, "MED_MEN_SI": 0.0, "MED_MEN_H": 0.0, "MED_MEN_M": 0.0, "MED_MAY_SI": 0.0, "MED_MAY_H": 12.0, "MED_MAY_M": 18.0, "NT1_SI": 0.0, "NT1_H": 20.0, "NT1_M": 10.0, "NT2_SI": 0.0, "NT2_H": 5.0, "NT2_M": 9.0, "N_TOTAL": 74.0, "DIRECCION": "EXZEQUIEL FERNANDEZ", "NUMERO": 976.0, "REFERENCIA": "GRECIA, MACUL", "LATITUD": -33.463638, "LONGITUD": -70.600098 }, "geometry": { "type": "Point", "coordinates": [ -70.600098, -33.463638 ] } },
{ "type": "Feature", "properties": { "AGNO": 2021.0, "ID_ESTAB": 26514.0, "ORIGEN": 1.0, "NOM_ESTAB": "ESCUELA ESPECIAL DE LENGUAJE BOY HAPPY", "COD_REG_ES": 13.0, "COD_PRO_ES": 131.0, "COD_COM_ES": 13120.0, "NOM_COM_ES": "ÑUÑOA", "COD_DEPROV": 133.0, "NOM_DEPROV": "SANTIAGO ORIENTE", "DEPENDENCI": 2.0, "RURAL_ESTA": 0.0, "ESTADO_EST": 1.0, "SC_MEN_SI": 0.0, "SC_MEN_H": 0.0, "SC_MEN_M": 0.0, "SC_MAY_H": 0.0, "SC_MAY_M": 0.0, "MED_MEN_SI": 0.0, "MED_MEN_H": 0.0, "MED_MEN_M": 0.0, "MED_MAY_SI": 0.0, "MED_MAY_H": 13.0, "MED_MAY_M": 2.0, "NT1_SI": 0.0, "NT1_H": 15.0, "NT1_M": 12.0, "NT2_SI": 0.0, "NT2_H": 9.0, "NT2_M": 6.0, "N_TOTAL": 57.0, "DIRECCION": "LOS JARDINES", "NUMERO": 727.0, "REFERENCIA": null, "LATITUD": -33.462301, "LONGITUD": -70.58954 }, "geometry": { "type": "Point", "coordinates": [ -70.58954, -33.46230099 ] } },
{ "type": "Feature", "properties": { "AGNO": 2021.0, "ID_ESTAB": 31053.0, "ORIGEN": 1.0, "NOM_ESTAB": "ESCUELA ESPECIAL PALABRAS MAGICAS", "COD_REG_ES": 13.0, "COD_PRO_ES": 131.0, "COD_COM_ES": 13129.0, "NOM_COM_ES": "SAN JOAQUÍN", "COD_DEPROV": 131.0, "NOM_DEPROV": "SANTIAGO CENTRO", "DEPENDENCI": 2.0, "RURAL_ESTA": 0.0, "ESTADO_EST": 1.0, "SC_MEN_SI": 0.0, "SC_MEN_H": 0.0, "SC_MEN_M": 0.0, "SC_MAY_H": 0.0, "SC_MAY_M": 0.0, "MED_MEN_SI": 0.0, "MED_MEN_H": 0.0, "MED_MEN_M": 0.0, "MED_MAY_SI": 0.0, "MED_MAY_H": 10.0, "MED_MAY_M": 5.0, "NT1_SI": 0.0, "NT1_H": 14.0, "NT1_M": 1.0, "NT2_SI": 0.0, "NT2_H": 0.0, "NT2_M": 0.0, "N_TOTAL": 30.0, "DIRECCION": "STRAVINSKY", "NUMERO": 3068.0, "REFERENCIA": "METRO RODRIGO DE ARAYA, UNA CUADRA HACIA EL SUR, JUAN SEBASTIAN BACH, HACIA EL OESTE SIETE CUADRAS ESTA LA CALLE STRAVINSKY, HACIA EL SUR ESTA ESCUELA STRAVINSKY 3068", "LATITUD": -33.480649, "LONGITUD": -70.627724 }, "geometry": { "type": "Point", "coordinates": [ -70.627724, -33.480649 ] } },
{ "type": "Feature", "properties": { "AGNO": 2021.0, "ID_ESTAB": 31259.0, "ORIGEN": 1.0, "NOM_ESTAB": "ESC. DE LENGUAJE Nº 2388 ARCOIRIS DE PALABRAS", "COD_REG_ES": 13.0, "COD_PRO_ES": 131.0, "COD_COM_ES": 13118.0, "NOM_COM_ES": "MACUL", "COD_DEPROV": 133.0, "NOM_DEPROV": "SANTIAGO ORIENTE", "DEPENDENCI": 2.0, "RURAL_ESTA": 0.0, "ESTADO_EST": 1.0, "SC_MEN_SI": 0.0, "SC_MEN_H": 0.0, "SC_MEN_M": 0.0, "SC_MAY_H": 0.0, "SC_MAY_M": 0.0, "MED_MEN_SI": 0.0, "MED_MEN_H": 0.0, "MED_MEN_M": 0.0, "MED_MAY_SI": 0.0, "MED_MAY_H": 14.0, "MED_MAY_M": 16.0, "NT1_SI": 0.0, "NT1_H": 31.0, "NT1_M": 14.0, "NT2_SI": 0.0, "NT2_H": 21.0, "NT2_M": 7.0, "N_TOTAL": 103.0, "DIRECCION": "RAMON CRUZ", "NUMERO": 2639.0, "REFERENCIA": "ENTRE IGNACIO CARRERA PINTO Y LOS OLMOS", "LATITUD": -33.47965, "LONGITUD": -70.583275 }, "geometry": { "type": "Point", "coordinates": [ -70.583275, -33.47965 ] } },
{ "type": "Feature", "properties": { "AGNO": 2021.0, "ID_ESTAB": 31265.0, "ORIGEN": 1.0, "NOM_ESTAB": "ESCUELA BASICA N°2392 JOHN JOHN HIGH SCHOOL", "COD_REG_ES": 13.0, "COD_PRO_ES": 131.0, "COD_COM_ES": 13120.0, "NOM_COM_ES": "ÑUÑOA", "COD_DEPROV": 133.0, "NOM_DEPROV": "SANTIAGO ORIENTE", "DEPENDENCI": 3.0, "RURAL_ESTA": 0.0, "ESTADO_EST": 1.0, "SC_MEN_SI": 0.0, "SC_MEN_H": 0.0, "SC_MEN_M": 0.0, "SC_MAY_H": 0.0, "SC_MAY_M": 0.0, "MED_MEN_SI": 0.0, "MED_MEN_H": 0.0, "MED_MEN_M": 0.0, "MED_MAY_SI": 0.0, "MED_MAY_H": 0.0, "MED_MAY_M": 0.0, "NT1_SI": 0.0, "NT1_H": 15.0, "NT1_M": 11.0, "NT2_SI": 0.0, "NT2_H": 21.0, "NT2_M": 14.0, "N_TOTAL": 61.0, "DIRECCION": "DIAGONAL ORIENTE", "NUMERO": 1351.0, "REFERENCIA": "MANUEL MONTT ESQUINA DIAGONAL ORIENTE", "LATITUD": -33.44712, "LONGITUD": -70.61362 }, "geometry": { "type": "Point", "coordinates": [ -70.61362, -33.44712 ] } },
{ "type": "Feature", "properties": { "AGNO": 2021.0, "ID_ESTAB": 31281.0, "ORIGEN": 1.0, "NOM_ESTAB": "COLEGIO ESPECIAL HOSPITALARIO DE CARABINEROS", "COD_REG_ES": 13.0, "COD_PRO_ES": 131.0, "COD_COM_ES": 13120.0, "NOM_COM_ES": "ÑUÑOA", "COD_DEPROV": 133.0, "NOM_DEPROV": "SANTIAGO ORIENTE", "DEPENDENCI": 2.0, "RURAL_ESTA": 0.0, "ESTADO_EST": 1.0, "SC_MEN_SI": 0.0, "SC_MEN_H": 0.0, "SC_MEN_M": 0.0, "SC_MAY_H": 0.0, "SC_MAY_M": 0.0, "MED_MEN_SI": 0.0, "MED_MEN_H": 0.0, "MED_MEN_M": 0.0, "MED_MAY_SI": 0.0, "MED_MAY_H": 0.0, "MED_MAY_M": 0.0, "NT1_SI": 0.0, "NT1_H": 0.0, "NT1_M": 0.0, "NT2_SI": 0.0, "NT2_H": 1.0, "NT2_M": 0.0, "N_TOTAL": 1.0, "DIRECCION": "SIMON BOLIVAR", "NUMERO": 2200.0, "REFERENCIA": "SIMON BOLIVAR CON ANTONIO VARAS.   HOSPITAL DE CARABINEROS", "LATITUD": -33.450836, "LONGITUD": -70.60871 }, "geometry": { "type": "Point", "coordinates": [ -70.60871, -33.450836 ] } },
{ "type": "Feature", "properties": { "AGNO": 2021.0, "ID_ESTAB": 31503.0, "ORIGEN": 1.0, "NOM_ESTAB": "ESCUELA ESPECIAL GOTITA BLUE", "COD_REG_ES": 13.0, "COD_PRO_ES": 131.0, "COD_COM_ES": 13120.0, "NOM_COM_ES": "ÑUÑOA", "COD_DEPROV": 133.0, "NOM_DEPROV": "SANTIAGO ORIENTE", "DEPENDENCI": 2.0, "RURAL_ESTA": 0.0, "ESTADO_EST": 1.0, "SC_MEN_SI": 0.0, "SC_MEN_H": 0.0, "SC_MEN_M": 0.0, "SC_MAY_H": 0.0, "SC_MAY_M": 0.0, "MED_MEN_SI": 0.0, "MED_MEN_H": 0.0, "MED_MEN_M": 0.0, "MED_MAY_SI": 0.0, "MED_MAY_H": 11.0, "MED_MAY_M": 9.0, "NT1_SI": 0.0, "NT1_H": 10.0, "NT1_M": 10.0, "NT2_SI": 0.0, "NT2_H": 9.0, "NT2_M": 3.0, "N_TOTAL": 52.0, "DIRECCION": "JUAN MOYA", "NUMERO": 974.0, "REFERENCIA": null, "LATITUD": -33.464146, "LONGITUD": -70.58775 }, "geometry": { "type": "Point", "coordinates": [ -70.58775, -33.464146 ] } },
{ "type": "Feature", "properties": { "AGNO": 2021.0, "ID_ESTAB": 13101045.0, "ORIGEN": 2.0, "NOM_ESTAB": "PEDRO AGUIRRE CERDA", "COD_REG_ES": 13.0, "COD_PRO_ES": 131.0, "COD_COM_ES": 13101.0, "NOM_COM_ES": "SANTIAGO", "COD_DEPROV": 0.0, "NOM_DEPROV": null, "DEPENDENCI": 4.0, "RURAL_ESTA": 0.0, "ESTADO_EST": 0.0, "SC_MEN_SI": 0.0, "SC_MEN_H": 0.0, "SC_MEN_M": 0.0, "SC_MAY_H": 7.0, "SC_MAY_M": 5.0, "MED_MEN_SI": 0.0, "MED_MEN_H": 19.0, "MED_MEN_M": 8.0, "MED_MAY_SI": 0.0, "MED_MAY_H": 20.0, "MED_MAY_M": 32.0, "NT1_SI": 0.0, "NT1_H": 0.0, "NT1_M": 0.0, "NT2_SI": 0.0, "NT2_H": 0.0, "NT2_M": 0.0, "N_TOTAL": 91.0, "DIRECCION": "ARGOMEDO", "NUMERO": 372.0, "REFERENCIA": null, "LATITUD": -33.45065, "LONGITUD": -70.637685 }, "geometry": { "type": "Point", "coordinates": [ -70.63768541, -33.45064967 ] } },
{ "type": "Feature", "properties": { "AGNO": 2021.0, "ID_ESTAB": 13118001.0, "ORIGEN": 2.0, "NOM_ESTAB": "PERUCHO", "COD_REG_ES": 13.0, "COD_PRO_ES": 131.0, "COD_COM_ES": 13118.0, "NOM_COM_ES": "MACUL", "COD_DEPROV": 0.0, "NOM_DEPROV": null, "DEPENDENCI": 4.0, "RURAL_ESTA": 0.0, "ESTADO_EST": 0.0, "SC_MEN_SI": 0.0, "SC_MEN_H": 6.0, "SC_MEN_M": 5.0, "SC_MAY_H": 6.0, "SC_MAY_M": 2.0, "MED_MEN_SI": 0.0, "MED_MEN_H": 6.0, "MED_MEN_M": 14.0, "MED_MAY_SI": 0.0, "MED_MAY_H": 10.0, "MED_MAY_M": 15.0, "NT1_SI": 0.0, "NT1_H": 0.0, "NT1_M": 0.0, "NT2_SI": 0.0, "NT2_H": 0.0, "NT2_M": 0.0, "N_TOTAL": 64.0, "DIRECCION": "BROWN SUR", "NUMERO": 2265.0, "REFERENCIA": "POB. SANTA JULIA", "LATITUD": -33.475566, "LONGITUD": -70.594243 }, "geometry": { "type": "Point", "coordinates": [ -70.59424297, -33.47556601 ] } },
{ "type": "Feature", "properties": { "AGNO": 2021.0, "ID_ESTAB": 13118002.0, "ORIGEN": 2.0, "NOM_ESTAB": "SEMILLITAS", "COD_REG_ES": 13.0, "COD_PRO_ES": 131.0, "COD_COM_ES": 13118.0, "NOM_COM_ES": "MACUL", "COD_DEPROV": 0.0, "NOM_DEPROV": null, "DEPENDENCI": 4.0, "RURAL_ESTA": 0.0, "ESTADO_EST": 0.0, "SC_MEN_SI": 0.0, "SC_MEN_H": 0.0, "SC_MEN_M": 0.0, "SC_MAY_H": 5.0, "SC_MAY_M": 6.0, "MED_MEN_SI": 0.0, "MED_MEN_H": 7.0, "MED_MEN_M": 12.0, "MED_MAY_SI": 0.0, "MED_MAY_H": 15.0, "MED_MAY_M": 13.0, "NT1_SI": 0.0, "NT1_H": 10.0, "NT1_M": 5.0, "NT2_SI": 0.0, "NT2_H": 0.0, "NT2_M": 0.0, "N_TOTAL": 73.0, "DIRECCION": "SANTA JULIA", "NUMERO": 2354.0, "REFERENCIA": "POB. SANTA JULIA", "LATITUD": -33.476508, "LONGITUD": -70.592133 }, "geometry": { "type": "Point", "coordinates": [ -70.592133, -33.476508 ] } },
{ "type": "Feature", "properties": { "AGNO": 2021.0, "ID_ESTAB": 13118003.0, "ORIGEN": 2.0, "NOM_ESTAB": "EL OSITO REGALON", "COD_REG_ES": 13.0, "COD_PRO_ES": 131.0, "COD_COM_ES": 13118.0, "NOM_COM_ES": "MACUL", "COD_DEPROV": 0.0, "NOM_DEPROV": null, "DEPENDENCI": 4.0, "RURAL_ESTA": 0.0, "ESTADO_EST": 0.0, "SC_MEN_SI": 0.0, "SC_MEN_H": 5.0, "SC_MEN_M": 1.0, "SC_MAY_H": 9.0, "SC_MAY_M": 7.0, "MED_MEN_SI": 0.0, "MED_MEN_H": 13.0, "MED_MEN_M": 11.0, "MED_MAY_SI": 0.0, "MED_MAY_H": 13.0, "MED_MAY_M": 16.0, "NT1_SI": 0.0, "NT1_H": 0.0, "NT1_M": 0.0, "NT2_SI": 0.0, "NT2_H": 0.0, "NT2_M": 0.0, "N_TOTAL": 75.0, "DIRECCION": "AMANDA LABARCA", "NUMERO": 4751.0, "REFERENCIA": ", POB. JAIME EYZAGUIRRE", "LATITUD": -33.475283, "LONGITUD": -70.581125 }, "geometry": { "type": "Point", "coordinates": [ -70.58112518, -33.47528311 ] } },
{ "type": "Feature", "properties": { "AGNO": 2021.0, "ID_ESTAB": 13118006.0, "ORIGEN": 2.0, "NOM_ESTAB": "REINA DE LA PAZ", "COD_REG_ES": 13.0, "COD_PRO_ES": 131.0, "COD_COM_ES": 13118.0, "NOM_COM_ES": "MACUL", "COD_DEPROV": 0.0, "NOM_DEPROV": null, "DEPENDENCI": 4.0, "RURAL_ESTA": 0.0, "ESTADO_EST": 0.0, "SC_MEN_SI": 0.0, "SC_MEN_H": 5.0, "SC_MEN_M": 9.0, "SC_MAY_H": 15.0, "SC_MAY_M": 22.0, "MED_MEN_SI": 0.0, "MED_MEN_H": 31.0, "MED_MEN_M": 28.0, "MED_MAY_SI": 0.0, "MED_MAY_H": 27.0, "MED_MAY_M": 32.0, "NT1_SI": 0.0, "NT1_H": 0.0, "NT1_M": 0.0, "NT2_SI": 0.0, "NT2_H": 0.0, "NT2_M": 0.0, "N_TOTAL": 169.0, "DIRECCION": "CALLE DOS", "NUMERO": 4631.0, "REFERENCIA": "POBL. JAIME EYZAGUIRRE", "LATITUD": -33.474196, "LONGITUD": -70.5828 }, "geometry": { "type": "Point", "coordinates": [ -70.58280043, -33.47419617 ] } },
{ "type": "Feature", "properties": { "AGNO": 2021.0, "ID_ESTAB": 13118018.0, "ORIGEN": 2.0, "NOM_ESTAB": "SEMILLITAS DE AMOR", "COD_REG_ES": 13.0, "COD_PRO_ES": 131.0, "COD_COM_ES": 13118.0, "NOM_COM_ES": "MACUL", "COD_DEPROV": 0.0, "NOM_DEPROV": null, "DEPENDENCI": 4.0, "RURAL_ESTA": 0.0, "ESTADO_EST": 0.0, "SC_MEN_SI": 0.0, "SC_MEN_H": 5.0, "SC_MEN_M": 2.0, "SC_MAY_H": 5.0, "SC_MAY_M": 5.0, "MED_MEN_SI": 0.0, "MED_MEN_H": 3.0, "MED_MEN_M": 1.0, "MED_MAY_SI": 0.0, "MED_MAY_H": 9.0, "MED_MAY_M": 8.0, "NT1_SI": 0.0, "NT1_H": 3.0, "NT1_M": 2.0, "NT2_SI": 0.0, "NT2_H": 0.0, "NT2_M": 0.0, "N_TOTAL": 43.0, "DIRECCION": "HISTORIADOR JAIME EYZAGUIRRE", "NUMERO": 2060.0, "REFERENCIA": null, "LATITUD": -33.475428, "LONGITUD": -70.580373 }, "geometry": { "type": "Point", "coordinates": [ -70.580373, -33.475428 ] } },
{ "type": "Feature", "properties": { "AGNO": 2021.0, "ID_ESTAB": 13118021.0, "ORIGEN": 2.0, "NOM_ESTAB": "PEQUE ARTE I", "COD_REG_ES": 13.0, "COD_PRO_ES": 131.0, "COD_COM_ES": 13118.0, "NOM_COM_ES": "MACUL", "COD_DEPROV": 0.0, "NOM_DEPROV": null, "DEPENDENCI": 4.0, "RURAL_ESTA": 0.0, "ESTADO_EST": 0.0, "SC_MEN_SI": 0.0, "SC_MEN_H": 10.0, "SC_MEN_M": 14.0, "SC_MAY_H": 11.0, "SC_MAY_M": 9.0, "MED_MEN_SI": 0.0, "MED_MEN_H": 21.0, "MED_MEN_M": 12.0, "MED_MAY_SI": 0.0, "MED_MAY_H": 22.0, "MED_MAY_M": 9.0, "NT1_SI": 0.0, "NT1_H": 0.0, "NT1_M": 0.0, "NT2_SI": 0.0, "NT2_H": 0.0, "NT2_M": 0.0, "N_TOTAL": 108.0, "DIRECCION": "JOAQUIN RODRIGUEZ", "NUMERO": 2501.0, "REFERENCIA": null, "LATITUD": -33.477514, "LONGITUD": -70.607337 }, "geometry": { "type": "Point", "coordinates": [ -70.60733723, -33.47751426 ] } },
{ "type": "Feature", "properties": { "AGNO": 2021.0, "ID_ESTAB": 13120001.0, "ORIGEN": 2.0, "NOM_ESTAB": "LICANRAY", "COD_REG_ES": 13.0, "COD_PRO_ES": 131.0, "COD_COM_ES": 13120.0, "NOM_COM_ES": "ÑUÑOA", "COD_DEPROV": 0.0, "NOM_DEPROV": null, "DEPENDENCI": 4.0, "RURAL_ESTA": 0.0, "ESTADO_EST": 0.0, "SC_MEN_SI": 0.0, "SC_MEN_H": 5.0, "SC_MEN_M": 7.0, "SC_MAY_H": 16.0, "SC_MAY_M": 12.0, "MED_MEN_SI": 0.0, "MED_MEN_H": 15.0, "MED_MEN_M": 10.0, "MED_MAY_SI": 0.0, "MED_MAY_H": 24.0, "MED_MAY_M": 25.0, "NT1_SI": 0.0, "NT1_H": 0.0, "NT1_M": 0.0, "NT2_SI": 0.0, "NT2_H": 0.0, "NT2_M": 0.0, "N_TOTAL": 114.0, "DIRECCION": "BROWN SUR", "NUMERO": 1740.0, "REFERENCIA": "VILLA LOS ALERCES", "LATITUD": -33.472463, "LONGITUD": -70.594861 }, "geometry": { "type": "Point", "coordinates": [ -70.59486091, -33.47246314 ] } },
{ "type": "Feature", "properties": { "AGNO": 2021.0, "ID_ESTAB": 13120002.0, "ORIGEN": 2.0, "NOM_ESTAB": "CAMPANITA", "COD_REG_ES": 13.0, "COD_PRO_ES": 131.0, "COD_COM_ES": 13120.0, "NOM_COM_ES": "ÑUÑOA", "COD_DEPROV": 0.0, "NOM_DEPROV": null, "DEPENDENCI": 4.0, "RURAL_ESTA": 0.0, "ESTADO_EST": 0.0, "SC_MEN_SI": 0.0, "SC_MEN_H": 9.0, "SC_MEN_M": 10.0, "SC_MAY_H": 20.0, "SC_MAY_M": 13.0, "MED_MEN_SI": 0.0, "MED_MEN_H": 15.0, "MED_MEN_M": 13.0, "MED_MAY_SI": 0.0, "MED_MAY_H": 20.0, "MED_MAY_M": 12.0, "NT1_SI": 0.0, "NT1_H": 14.0, "NT1_M": 15.0, "NT2_SI": 0.0, "NT2_H": 0.0, "NT2_M": 0.0, "N_TOTAL": 141.0, "DIRECCION": "EDUARDO CASTILLO VELASCO", "NUMERO": 4660.0, "REFERENCIA": "VILLA EDUARDO FREI", "LATITUD": -33.460886, "LONGITUD": -70.588318 }, "geometry": { "type": "Point", "coordinates": [ -70.588318, -33.460886 ] } },
{ "type": "Feature", "properties": { "AGNO": 2021.0, "ID_ESTAB": 13120003.0, "ORIGEN": 2.0, "NOM_ESTAB": "PIN-PILIN", "COD_REG_ES": 13.0, "COD_PRO_ES": 131.0, "COD_COM_ES": 13120.0, "NOM_COM_ES": "ÑUÑOA", "COD_DEPROV": 0.0, "NOM_DEPROV": null, "DEPENDENCI": 4.0, "RURAL_ESTA": 0.0, "ESTADO_EST": 0.0, "SC_MEN_SI": 0.0, "SC_MEN_H": 5.0, "SC_MEN_M": 9.0, "SC_MAY_H": 30.0, "SC_MAY_M": 27.0, "MED_MEN_SI": 0.0, "MED_MEN_H": 28.0, "MED_MEN_M": 28.0, "MED_MAY_SI": 0.0, "MED_MAY_H": 12.0, "MED_MAY_M": 18.0, "NT1_SI": 0.0, "NT1_H": 0.0, "NT1_M": 0.0, "NT2_SI": 0.0, "NT2_H": 0.0, "NT2_M": 0.0, "N_TOTAL": 157.0, "DIRECCION": "LAS REGATAS", "NUMERO": 1160.0, "REFERENCIA": "VILLA EDUARDO FREI", "LATITUD": -33.467078, "LONGITUD": -70.578345 }, "geometry": { "type": "Point", "coordinates": [ -70.57834515, -33.46707823 ] } },
{ "type": "Feature", "properties": { "AGNO": 2021.0, "ID_ESTAB": 13120004.0, "ORIGEN": 2.0, "NOM_ESTAB": "TIERRA DE NIÑOS", "COD_REG_ES": 13.0, "COD_PRO_ES": 131.0, "COD_COM_ES": 13120.0, "NOM_COM_ES": "ÑUÑOA", "COD_DEPROV": 0.0, "NOM_DEPROV": null, "DEPENDENCI": 4.0, "RURAL_ESTA": 0.0, "ESTADO_EST": 0.0, "SC_MEN_SI": 0.0, "SC_MEN_H": 0.0, "SC_MEN_M": 0.0, "SC_MAY_H": 14.0, "SC_MAY_M": 12.0, "MED_MEN_SI": 0.0, "MED_MEN_H": 12.0, "MED_MEN_M": 9.0, "MED_MAY_SI": 0.0, "MED_MAY_H": 15.0, "MED_MAY_M": 7.0, "NT1_SI": 0.0, "NT1_H": 3.0, "NT1_M": 13.0, "NT2_SI": 0.0, "NT2_H": 0.0, "NT2_M": 0.0, "N_TOTAL": 85.0, "DIRECCION": "NUEVA UNO", "NUMERO": 1626.0, "REFERENCIA": "POB. REBECA MATTE", "LATITUD": -33.470373, "LONGITUD": -70.615649 }, "geometry": { "type": "Point", "coordinates": [ -70.6156486, -33.47037275 ] } },
{ "type": "Feature", "properties": { "AGNO": 2021.0, "ID_ESTAB": 13120005.0, "ORIGEN": 2.0, "NOM_ESTAB": "GIRASOL", "COD_REG_ES": 13.0, "COD_PRO_ES": 131.0, "COD_COM_ES": 13120.0, "NOM_COM_ES": "ÑUÑOA", "COD_DEPROV": 0.0, "NOM_DEPROV": null, "DEPENDENCI": 4.0, "RURAL_ESTA": 0.0, "ESTADO_EST": 0.0, "SC_MEN_SI": 0.0, "SC_MEN_H": 0.0, "SC_MEN_M": 0.0, "SC_MAY_H": 0.0, "SC_MAY_M": 0.0, "MED_MEN_SI": 0.0, "MED_MEN_H": 4.0, "MED_MEN_M": 2.0, "MED_MAY_SI": 0.0, "MED_MAY_H": 9.0, "MED_MAY_M": 7.0, "NT1_SI": 0.0, "NT1_H": 11.0, "NT1_M": 15.0, "NT2_SI": 0.0, "NT2_H": 0.0, "NT2_M": 0.0, "N_TOTAL": 48.0, "DIRECCION": "CALLE", "NUMERO": 8.0, "REFERENCIA": "1699 VILLA LOS JARDINES", "LATITUD": -33.471492, "LONGITUD": -70.584411 }, "geometry": { "type": "Point", "coordinates": [ -70.58441136, -33.47149195 ] } },
{ "type": "Feature", "properties": { "AGNO": 2021.0, "ID_ESTAB": 13120007.0, "ORIGEN": 2.0, "NOM_ESTAB": "MUNDO MARAVILLOSO", "COD_REG_ES": 13.0, "COD_PRO_ES": 131.0, "COD_COM_ES": 13120.0, "NOM_COM_ES": "ÑUÑOA", "COD_DEPROV": 0.0, "NOM_DEPROV": null, "DEPENDENCI": 4.0, "RURAL_ESTA": 0.0, "ESTADO_EST": 0.0, "SC_MEN_SI": 0.0, "SC_MEN_H": 0.0, "SC_MEN_M": 0.0, "SC_MAY_H": 13.0, "SC_MAY_M": 12.0, "MED_MEN_SI": 0.0, "MED_MEN_H": 13.0, "MED_MEN_M": 15.0, "MED_MAY_SI": 0.0, "MED_MAY_H": 17.0, "MED_MAY_M": 13.0, "NT1_SI": 0.0, "NT1_H": 0.0, "NT1_M": 0.0, "NT2_SI": 0.0, "NT2_H": 0.0, "NT2_M": 0.0, "N_TOTAL": 83.0, "DIRECCION": "QUILLAGUA", "NUMERO": 3900.0, "REFERENCIA": "VILLA LOS PRESIDENTES", "LATITUD": -33.467932, "LONGITUD": -70.591463 }, "geometry": { "type": "Point", "coordinates": [ -70.591463, -33.46793202 ] } },
{ "type": "Feature", "properties": { "AGNO": 2021.0, "ID_ESTAB": 13120009.0, "ORIGEN": 2.0, "NOM_ESTAB": "AREAS VERDES", "COD_REG_ES": 13.0, "COD_PRO_ES": 131.0, "COD_COM_ES": 13120.0, "NOM_COM_ES": "ÑUÑOA", "COD_DEPROV": 0.0, "NOM_DEPROV": null, "DEPENDENCI": 4.0, "RURAL_ESTA": 0.0, "ESTADO_EST": 0.0, "SC_MEN_SI": 0.0, "SC_MEN_H": 0.0, "SC_MEN_M": 0.0, "SC_MAY_H": 10.0, "SC_MAY_M": 10.0, "MED_MEN_SI": 0.0, "MED_MEN_H": 25.0, "MED_MEN_M": 31.0, "MED_MAY_SI": 0.0, "MED_MAY_H": 40.0, "MED_MAY_M": 26.0, "NT1_SI": 0.0, "NT1_H": 23.0, "NT1_M": 21.0, "NT2_SI": 0.0, "NT2_H": 1.0, "NT2_M": 2.0, "N_TOTAL": 189.0, "DIRECCION": "GUILLERMO MANN", "NUMERO": 1355.0, "REFERENCIA": null, "LATITUD": -33.470803, "LONGITUD": -70.617205 }, "geometry": { "type": "Point", "coordinates": [ -70.61720499, -33.47080298 ] } },
{ "type": "Feature", "properties": { "AGNO": 2021.0, "ID_ESTAB": 13120014.0, "ORIGEN": 2.0, "NOM_ESTAB": "NARANJITA", "COD_REG_ES": 13.0, "COD_PRO_ES": 131.0, "COD_COM_ES": 13120.0, "NOM_COM_ES": "ÑUÑOA", "COD_DEPROV": 0.0, "NOM_DEPROV": null, "DEPENDENCI": 4.0, "RURAL_ESTA": 0.0, "ESTADO_EST": 0.0, "SC_MEN_SI": 0.0, "SC_MEN_H": 8.0, "SC_MEN_M": 6.0, "SC_MAY_H": 4.0, "SC_MAY_M": 10.0, "MED_MEN_SI": 0.0, "MED_MEN_H": 19.0, "MED_MEN_M": 9.0, "MED_MAY_SI": 0.0, "MED_MAY_H": 33.0, "MED_MAY_M": 27.0, "NT1_SI": 0.0, "NT1_H": 0.0, "NT1_M": 0.0, "NT2_SI": 0.0, "NT2_H": 0.0, "NT2_M": 0.0, "N_TOTAL": 116.0, "DIRECCION": "CALLE 8", "NUMERO": 1978.0, "REFERENCIA": null, "LATITUD": -33.470941, "LONGITUD": -70.584352 }, "geometry": { "type": "Point", "coordinates": [ -70.58435169, -33.47094138 ] } },
{ "type": "Feature", "properties": { "AGNO": 2021.0, "ID_ESTAB": 13120015.0, "ORIGEN": 2.0, "NOM_ESTAB": "CABALLITO AZUL", "COD_REG_ES": 13.0, "COD_PRO_ES": 131.0, "COD_COM_ES": 13120.0, "NOM_COM_ES": "ÑUÑOA", "COD_DEPROV": 0.0, "NOM_DEPROV": null, "DEPENDENCI": 4.0, "RURAL_ESTA": 0.0, "ESTADO_EST": 0.0, "SC_MEN_SI": 0.0, "SC_MEN_H": 0.0, "SC_MEN_M": 0.0, "SC_MAY_H": 14.0, "SC_MAY_M": 6.0, "MED_MEN_SI": 0.0, "MED_MEN_H": 17.0, "MED_MEN_M": 16.0, "MED_MAY_SI": 0.0, "MED_MAY_H": 0.0, "MED_MAY_M": 0.0, "NT1_SI": 0.0, "NT1_H": 0.0, "NT1_M": 0.0, "NT2_SI": 0.0, "NT2_H": 0.0, "NT2_M": 0.0, "N_TOTAL": 53.0, "DIRECCION": "CALLE VIA 8", "NUMERO": 1081.0, "REFERENCIA": null, "LATITUD": -33.467258, "LONGITUD": -70.619783 }, "geometry": { "type": "Point", "coordinates": [ -70.61978336, -33.46725831 ] } },
{ "type": "Feature", "properties": { "AGNO": 2021.0, "ID_ESTAB": 13120016.0, "ORIGEN": 2.0, "NOM_ESTAB": "MANZANILLA", "COD_REG_ES": 13.0, "COD_PRO_ES": 131.0, "COD_COM_ES": 13120.0, "NOM_COM_ES": "ÑUÑOA", "COD_DEPROV": 0.0, "NOM_DEPROV": null, "DEPENDENCI": 4.0, "RURAL_ESTA": 0.0, "ESTADO_EST": 0.0, "SC_MEN_SI": 0.0, "SC_MEN_H": 7.0, "SC_MEN_M": 12.0, "SC_MAY_H": 11.0, "SC_MAY_M": 9.0, "MED_MEN_SI": 0.0, "MED_MEN_H": 13.0, "MED_MEN_M": 18.0, "MED_MAY_SI": 0.0, "MED_MAY_H": 14.0, "MED_MAY_M": 19.0, "NT1_SI": 0.0, "NT1_H": 0.0, "NT1_M": 0.0, "NT2_SI": 0.0, "NT2_H": 0.0, "NT2_M": 0.0, "N_TOTAL": 103.0, "DIRECCION": "PEDRO DE VALDIVIA", "NUMERO": 4862.0, "REFERENCIA": null, "LATITUD": -33.468043, "LONGITUD": -70.606645 }, "geometry": { "type": "Point", "coordinates": [ -70.60664497, -33.46804303 ] } },
{ "type": "Feature", "properties": { "AGNO": 2021.0, "ID_ESTAB": 13120019.0, "ORIGEN": 2.0, "NOM_ESTAB": "AYUN KARU", "COD_REG_ES": 13.0, "COD_PRO_ES": 131.0, "COD_COM_ES": 13120.0, "NOM_COM_ES": "ÑUÑOA", "COD_DEPROV": 0.0, "NOM_DEPROV": null, "DEPENDENCI": 4.0, "RURAL_ESTA": 0.0, "ESTADO_EST": 0.0, "SC_MEN_SI": 0.0, "SC_MEN_H": 4.0, "SC_MEN_M": 2.0, "SC_MAY_H": 13.0, "SC_MAY_M": 7.0, "MED_MEN_SI": 0.0, "MED_MEN_H": 14.0, "MED_MEN_M": 13.0, "MED_MAY_SI": 0.0, "MED_MAY_H": 8.0, "MED_MAY_M": 6.0, "NT1_SI": 0.0, "NT1_H": 0.0, "NT1_M": 0.0, "NT2_SI": 0.0, "NT2_H": 0.0, "NT2_M": 0.0, "N_TOTAL": 67.0, "DIRECCION": "LOS ALERCES", "NUMERO": 3360.0, "REFERENCIA": null, "LATITUD": -33.470864, "LONGITUD": -70.596511 }, "geometry": { "type": "Point", "coordinates": [ -70.596510633354299, -33.470863794419898 ] } },
{ "type": "Feature", "properties": { "AGNO": 2021.0, "ID_ESTAB": 13122014.0, "ORIGEN": 2.0, "NOM_ESTAB": "RAYITO DE LUZ", "COD_REG_ES": 13.0, "COD_PRO_ES": 131.0, "COD_COM_ES": 13122.0, "NOM_COM_ES": "PEÑALOLÉN", "COD_DEPROV": 0.0, "NOM_DEPROV": null, "DEPENDENCI": 4.0, "RURAL_ESTA": 0.0, "ESTADO_EST": 0.0, "SC_MEN_SI": 0.0, "SC_MEN_H": 0.0, "SC_MEN_M": 0.0, "SC_MAY_H": 14.0, "SC_MAY_M": 10.0, "MED_MEN_SI": 0.0, "MED_MEN_H": 14.0, "MED_MEN_M": 13.0, "MED_MAY_SI": 0.0, "MED_MAY_H": 27.0, "MED_MAY_M": 30.0, "NT1_SI": 0.0, "NT1_H": 0.0, "NT1_M": 0.0, "NT2_SI": 0.0, "NT2_H": 0.0, "NT2_M": 0.0, "N_TOTAL": 108.0, "DIRECCION": "EL AFLUENTE", "NUMERO": 6201.0, "REFERENCIA": "V. LOS COPIHUES", "LATITUD": -33.472323, "LONGITUD": -70.571263 }, "geometry": { "type": "Point", "coordinates": [ -70.57126272, -33.47232288 ] } },
{ "type": "Feature", "properties": { "AGNO": 2021.0, "ID_ESTAB": 13122023.0, "ORIGEN": 2.0, "NOM_ESTAB": "CRISTO JOVEN", "COD_REG_ES": 13.0, "COD_PRO_ES": 131.0, "COD_COM_ES": 13122.0, "NOM_COM_ES": "PEÑALOLÉN", "COD_DEPROV": 0.0, "NOM_DEPROV": null, "DEPENDENCI": 4.0, "RURAL_ESTA": 0.0, "ESTADO_EST": 0.0, "SC_MEN_SI": 0.0, "SC_MEN_H": 6.0, "SC_MEN_M": 11.0, "SC_MAY_H": 11.0, "SC_MAY_M": 9.0, "MED_MEN_SI": 0.0, "MED_MEN_H": 27.0, "MED_MEN_M": 14.0, "MED_MAY_SI": 0.0, "MED_MAY_H": 31.0, "MED_MAY_M": 24.0, "NT1_SI": 0.0, "NT1_H": 9.0, "NT1_M": 7.0, "NT2_SI": 0.0, "NT2_H": 8.0, "NT2_M": 3.0, "N_TOTAL": 160.0, "DIRECCION": "GENERAL BAQUEDANO", "NUMERO": 2285.0, "REFERENCIA": ", SECTOR LO HERMIDA.", "LATITUD": -33.477133, "LONGITUD": -70.573963 }, "geometry": { "type": "Point", "coordinates": [ -70.573963, -33.477133 ] } },
{ "type": "Feature", "properties": { "AGNO": 2021.0, "ID_ESTAB": 13120020.0, "ORIGEN": 2.0, "NOM_ESTAB": "UMCE", "COD_REG_ES": 13.0, "COD_PRO_ES": 131.0, "COD_COM_ES": 13120.0, "NOM_COM_ES": "ÑUÑOA", "COD_DEPROV": 0.0, "NOM_DEPROV": null, "DEPENDENCI": 4.0, "RURAL_ESTA": 0.0, "ESTADO_EST": 0.0, "SC_MEN_SI": 0.0, "SC_MEN_H": 5.0, "SC_MEN_M": 5.0, "SC_MAY_H": 9.0, "SC_MAY_M": 9.0, "MED_MEN_SI": 0.0, "MED_MEN_H": 12.0, "MED_MEN_M": 15.0, "MED_MAY_SI": 0.0, "MED_MAY_H": 4.0, "MED_MAY_M": 2.0, "NT1_SI": 0.0, "NT1_H": 0.0, "NT1_M": 0.0, "NT2_SI": 0.0, "NT2_H": 0.0, "NT2_M": 0.0, "N_TOTAL": 61.0, "DIRECCION": "LUIS BISQUERTS", "NUMERO": 2895.0, "REFERENCIA": null, "LATITUD": -33.468706, "LONGITUD": -70.602198 }, "geometry": { "type": "Point", "coordinates": [ -70.602198229228705, -33.4687061143444 ] } },
{ "type": "Feature", "properties": { "AGNO": 2021.0, "ID_ESTAB": 131001.0, "ORIGEN": 3.0, "NOM_ESTAB": "SOL NACIENTE", "COD_REG_ES": 13.0, "COD_PRO_ES": 131.0, "COD_COM_ES": 13120.0, "NOM_COM_ES": "ÑUÑOA", "COD_DEPROV": 0.0, "NOM_DEPROV": null, "DEPENDENCI": 5.0, "RURAL_ESTA": 0.0, "ESTADO_EST": 0.0, "SC_MEN_SI": 0.0, "SC_MEN_H": 12.0, "SC_MEN_M": 5.0, "SC_MAY_H": 22.0, "SC_MAY_M": 19.0, "MED_MEN_SI": 0.0, "MED_MEN_H": 29.0, "MED_MEN_M": 28.0, "MED_MAY_SI": 0.0, "MED_MAY_H": 32.0, "MED_MAY_M": 26.0, "NT1_SI": 0.0, "NT1_H": 9.0, "NT1_M": 16.0, "NT2_SI": 0.0, "NT2_H": 0.0, "NT2_M": 0.0, "N_TOTAL": 198.0, "DIRECCION": "GUILLERMO MANN", "NUMERO": 1852.0, "REFERENCIA": null, "LATITUD": -33.470484, "LONGITUD": -70.613325 }, "geometry": { "type": "Point", "coordinates": [ -70.613325, -33.470484 ] } },
{ "type": "Feature", "properties": { "AGNO": 2021.0, "ID_ESTAB": 131203.0, "ORIGEN": 3.0, "NOM_ESTAB": "SANTA JULIA", "COD_REG_ES": 13.0, "COD_PRO_ES": 131.0, "COD_COM_ES": 13118.0, "NOM_COM_ES": "MACUL", "COD_DEPROV": 0.0, "NOM_DEPROV": null, "DEPENDENCI": 5.0, "RURAL_ESTA": 0.0, "ESTADO_EST": 0.0, "SC_MEN_SI": 0.0, "SC_MEN_H": 5.0, "SC_MEN_M": 9.0, "SC_MAY_H": 15.0, "SC_MAY_M": 15.0, "MED_MEN_SI": 0.0, "MED_MEN_H": 16.0, "MED_MEN_M": 19.0, "MED_MAY_SI": 0.0, "MED_MAY_H": 23.0, "MED_MAY_M": 18.0, "NT1_SI": 0.0, "NT1_H": 0.0, "NT1_M": 0.0, "NT2_SI": 0.0, "NT2_H": 0.0, "NT2_M": 0.0, "N_TOTAL": 120.0, "DIRECCION": "SANTA JULIA", "NUMERO": 2735.0, "REFERENCIA": null, "LATITUD": -33.480159, "LONGITUD": -70.593132 }, "geometry": { "type": "Point", "coordinates": [ -70.593132, -33.480159 ] } },
{ "type": "Feature", "properties": { "AGNO": 2021.0, "ID_ESTAB": 8513.0, "ORIGEN": 1.0, "NOM_ESTAB": "ESC. BAS. REPUBLICA ORIENTAL DE URUGUAY", "COD_REG_ES": 13.0, "COD_PRO_ES": 131.0, "COD_COM_ES": 13101.0, "NOM_COM_ES": "SANTIAGO", "COD_DEPROV": 131.0, "NOM_DEPROV": "SANTIAGO CENTRO", "DEPENDENCI": 1.0, "RURAL_ESTA": 0.0, "ESTADO_EST": 1.0, "SC_MEN_SI": 0.0, "SC_MEN_H": 0.0, "SC_MEN_M": 0.0, "SC_MAY_H": 0.0, "SC_MAY_M": 0.0, "MED_MEN_SI": 0.0, "MED_MEN_H": 0.0, "MED_MEN_M": 0.0, "MED_MAY_SI": 0.0, "MED_MAY_H": 0.0, "MED_MAY_M": 0.0, "NT1_SI": 0.0, "NT1_H": 37.0, "NT1_M": 29.0, "NT2_SI": 0.0, "NT2_H": 38.0, "NT2_M": 26.0, "N_TOTAL": 130.0, "DIRECCION": "M. A. TOCORNAL", "NUMERO": 533.0, "REFERENCIA": "STA. ISABEL CON M. ANTONIO TOCORNAL.", "LATITUD": -33.449866, "LONGITUD": -70.6403 }, "geometry": { "type": "Point", "coordinates": [ -70.64029999, -33.44986649 ] } },
{ "type": "Feature", "properties": { "AGNO": 2021.0, "ID_ESTAB": 8529.0, "ORIGEN": 1.0, "NOM_ESTAB": "ESCUELA DE PARVULOS ANTU-HUILEN", "COD_REG_ES": 13.0, "COD_PRO_ES": 131.0, "COD_COM_ES": 13108.0, "NOM_COM_ES": "INDEPENDENCIA", "COD_DEPROV": 137.0, "NOM_DEPROV": "SANTIAGO NORTE", "DEPENDENCI": 1.0, "RURAL_ESTA": 0.0, "ESTADO_EST": 1.0, "SC_MEN_SI": 0.0, "SC_MEN_H": 0.0, "SC_MEN_M": 0.0, "SC_MAY_H": 0.0, "SC_MAY_M": 0.0, "MED_MEN_SI": 0.0, "MED_MEN_H": 0.0, "MED_MEN_M": 0.0, "MED_MAY_SI": 0.0, "MED_MAY_H": 27.0, "MED_MAY_M": 36.0, "NT1_SI": 0.0, "NT1_H": 100.0, "NT1_M": 97.0, "NT2_SI": 0.0, "NT2_H": 76.0, "NT2_M": 78.0, "N_TOTAL": 414.0, "DIRECCION": "GAMERO", "NUMERO": 1985.0, "REFERENCIA": "POR GAMERO CRUZANDO VIVACETA AL PONIENTE 2 CUADRAS APROXIMADAMENTE.", "LATITUD": -33.422047, "LONGITUD": -70.66598 }, "geometry": { "type": "Point", "coordinates": [ -70.66598, -33.422047 ] } },
{ "type": "Feature", "properties": { "AGNO": 2021.0, "ID_ESTAB": 8530.0, "ORIGEN": 1.0, "NOM_ESTAB": "ESCUELA CADETE ARTURO PRAT CHACON", "COD_REG_ES": 13.0, "COD_PRO_ES": 131.0, "COD_COM_ES": 13101.0, "NOM_COM_ES": "SANTIAGO", "COD_DEPROV": 131.0, "NOM_DEPROV": "SANTIAGO CENTRO", "DEPENDENCI": 1.0, "RURAL_ESTA": 0.0, "ESTADO_EST": 1.0, "SC_MEN_SI": 0.0, "SC_MEN_H": 0.0, "SC_MEN_M": 0.0, "SC_MAY_H": 0.0, "SC_MAY_M": 0.0, "MED_MEN_SI": 0.0, "MED_MEN_H": 0.0, "MED_MEN_M": 0.0, "MED_MAY_SI": 0.0, "MED_MAY_H": 0.0, "MED_MAY_M": 0.0, "NT1_SI": 0.0, "NT1_H": 35.0, "NT1_M": 35.0, "NT2_SI": 0.0, "NT2_H": 47.0, "NT2_M": 23.0, "N_TOTAL": 140.0, "DIRECCION": "SAN IGNACIO", "NUMERO": 196.0, "REFERENCIA": "SANTIAGO CENTRO SAN IGNACIO ESQUINA MIGUEL DE OLIVARES, A TRES CUADRAS DE ALAMEDA", "LATITUD": -33.448709, "LONGITUD": -70.656709 }, "geometry": { "type": "Point", "coordinates": [ -70.65670874, -33.44870941 ] } },
{ "type": "Feature", "properties": { "AGNO": 2021.0, "ID_ESTAB": 8531.0, "ORIGEN": 1.0, "NOM_ESTAB": "ESCUELA BASICA IRENE FREI DE CID", "COD_REG_ES": 13.0, "COD_PRO_ES": 131.0, "COD_COM_ES": 13101.0, "NOM_COM_ES": "SANTIAGO", "COD_DEPROV": 131.0, "NOM_DEPROV": "SANTIAGO CENTRO", "DEPENDENCI": 1.0, "RURAL_ESTA": 0.0, "ESTADO_EST": 1.0, "SC_MEN_SI": 0.0, "SC_MEN_H": 0.0, "SC_MEN_M": 0.0, "SC_MAY_H": 0.0, "SC_MAY_M": 0.0, "MED_MEN_SI": 0.0, "MED_MEN_H": 0.0, "MED_MEN_M": 0.0, "MED_MAY_SI": 0.0, "MED_MAY_H": 0.0, "MED_MAY_M": 0.0, "NT1_SI": 0.0, "NT1_H": 13.0, "NT1_M": 12.0, "NT2_SI": 0.0, "NT2_H": 26.0, "NT2_M": 23.0, "N_TOTAL": 74.0, "DIRECCION": "SAN FRANCISCO", "NUMERO": 0.0, "REFERENCIA": "ENTRE MAULE Y ÑUBLE.", "LATITUD": -33.467792, "LONGITUD": -70.644024 }, "geometry": { "type": "Point", "coordinates": [ -70.644024, -33.46779187 ] } },
{ "type": "Feature", "properties": { "AGNO": 2021.0, "ID_ESTAB": 8532.0, "ORIGEN": 1.0, "NOM_ESTAB": "ESCUELA BASICA LIBERTADORES DE CHILE", "COD_REG_ES": 13.0, "COD_PRO_ES": 131.0, "COD_COM_ES": 13101.0, "NOM_COM_ES": "SANTIAGO", "COD_DEPROV": 131.0, "NOM_DEPROV": "SANTIAGO CENTRO", "DEPENDENCI": 1.0, "RURAL_ESTA": 0.0, "ESTADO_EST": 1.0, "SC_MEN_SI": 0.0, "SC_MEN_H": 0.0, "SC_MEN_M": 0.0, "SC_MAY_H": 0.0, "SC_MAY_M": 0.0, "MED_MEN_SI": 0.0, "MED_MEN_H": 0.0, "MED_MEN_M": 0.0, "MED_MAY_SI": 0.0, "MED_MAY_H": 0.0, "MED_MAY_M": 0.0, "NT1_SI": 0.0, "NT1_H": 0.0, "NT1_M": 0.0, "NT2_SI": 0.0, "NT2_H": 16.0, "NT2_M": 14.0, "N_TOTAL": 30.0, "DIRECCION": "ROSAS", "NUMERO": 1741.0, "REFERENCIA": "ENTRE ALMIRANTE BARROSO Y RIQUELME", "LATITUD": -33.435953, "LONGITUD": -70.662035 }, "geometry": { "type": "Point", "coordinates": [ -70.66203467, -33.4359531 ] } },
{ "type": "Feature", "properties": { "AGNO": 2021.0, "ID_ESTAB": 8535.0, "ORIGEN": 1.0, "NOM_ESTAB": "LICEO REPUBLICA DE BRASIL", "COD_REG_ES": 13.0, "COD_PRO_ES": 131.0, "COD_COM_ES": 13101.0, "NOM_COM_ES": "SANTIAGO", "COD_DEPROV": 131.0, "NOM_DEPROV": "SANTIAGO CENTRO", "DEPENDENCI": 1.0, "RURAL_ESTA": 0.0, "ESTADO_EST": 1.0, "SC_MEN_SI": 0.0, "SC_MEN_H": 0.0, "SC_MEN_M": 0.0, "SC_MAY_H": 0.0, "SC_MAY_M": 0.0, "MED_MEN_SI": 0.0, "MED_MEN_H": 0.0, "MED_MEN_M": 0.0, "MED_MAY_SI": 0.0, "MED_MAY_H": 0.0, "MED_MAY_M": 0.0, "NT1_SI": 0.0, "NT1_H": 14.0, "NT1_M": 15.0, "NT2_SI": 0.0, "NT2_H": 21.0, "NT2_M": 11.0, "N_TOTAL": 61.0, "DIRECCION": "LUIS COUSIÑO", "NUMERO": 1984.0, "REFERENCIA": "LUIS COUSIÑO CON GENERAL GANA    (LADO SUR PARQUE O`HIGGINS)", "LATITUD": -33.472059, "LONGITUD": -70.659262 }, "geometry": { "type": "Point", "coordinates": [ -70.65926219, -33.47205853 ] } },
{ "type": "Feature", "properties": { "AGNO": 2021.0, "ID_ESTAB": 8540.0, "ORIGEN": 1.0, "NOM_ESTAB": "ESCUELA BASICA REPUBLICA DE HAITI", "COD_REG_ES": 13.0, "COD_PRO_ES": 131.0, "COD_COM_ES": 13101.0, "NOM_COM_ES": "SANTIAGO", "COD_DEPROV": 131.0, "NOM_DEPROV": "SANTIAGO CENTRO", "DEPENDENCI": 1.0, "RURAL_ESTA": 0.0, "ESTADO_EST": 1.0, "SC_MEN_SI": 0.0, "SC_MEN_H": 0.0, "SC_MEN_M": 0.0, "SC_MAY_H": 0.0, "SC_MAY_M": 0.0, "MED_MEN_SI": 0.0, "MED_MEN_H": 0.0, "MED_MEN_M": 0.0, "MED_MAY_SI": 0.0, "MED_MAY_H": 0.0, "MED_MAY_M": 0.0, "NT1_SI": 0.0, "NT1_H": 18.0, "NT1_M": 17.0, "NT2_SI": 0.0, "NT2_H": 11.0, "NT2_M": 11.0, "N_TOTAL": 57.0, "DIRECCION": "WALDO SILVA", "NUMERO": 2210.0, "REFERENCIA": "BARRIO HUEMUL, ENTRE PLACER Y BIO- BIO", "LATITUD": -33.474713, "LONGITUD": -70.651608 }, "geometry": { "type": "Point", "coordinates": [ -70.65160842, -33.47471332 ] } },
{ "type": "Feature", "properties": { "AGNO": 2021.0, "ID_ESTAB": 8546.0, "ORIGEN": 1.0, "NOM_ESTAB": "ESC.BAS.BILINGUE REPUBLICA DEL PARAGUAY", "COD_REG_ES": 13.0, "COD_PRO_ES": 131.0, "COD_COM_ES": 13127.0, "NOM_COM_ES": "RECOLETA", "COD_DEPROV": 137.0, "NOM_DEPROV": "SANTIAGO NORTE", "DEPENDENCI": 1.0, "RURAL_ESTA": 0.0, "ESTADO_EST": 1.0, "SC_MEN_SI": 0.0, "SC_MEN_H": 0.0, "SC_MEN_M": 0.0, "SC_MAY_H": 0.0, "SC_MAY_M": 0.0, "MED_MEN_SI": 0.0, "MED_MEN_H": 0.0, "MED_MEN_M": 0.0, "MED_MAY_SI": 0.0, "MED_MAY_H": 0.0, "MED_MAY_M": 0.0, "NT1_SI": 0.0, "NT1_H": 36.0, "NT1_M": 34.0, "NT2_SI": 0.0, "NT2_H": 32.0, "NT2_M": 38.0, "N_TOTAL": 140.0, "DIRECCION": "AVENIDA RECOLETA", "NUMERO": 480.0, "REFERENCIA": "COSTADO CLINICA DAVILA", "LATITUD": -33.427009, "LONGITUD": -70.646698 }, "geometry": { "type": "Point", "coordinates": [ -70.64669818, -33.42700918 ] } },
{ "type": "Feature", "properties": { "AGNO": 2021.0, "ID_ESTAB": 8547.0, "ORIGEN": 1.0, "NOM_ESTAB": "ESCUELA NUEVA ZELANDIA", "COD_REG_ES": 13.0, "COD_PRO_ES": 131.0, "COD_COM_ES": 13108.0, "NOM_COM_ES": "INDEPENDENCIA", "COD_DEPROV": 137.0, "NOM_DEPROV": "SANTIAGO NORTE", "DEPENDENCI": 1.0, "RURAL_ESTA": 0.0, "ESTADO_EST": 1.0, "SC_MEN_SI": 0.0, "SC_MEN_H": 0.0, "SC_MEN_M": 0.0, "SC_MAY_H": 0.0, "SC_MAY_M": 0.0, "MED_MEN_SI": 0.0, "MED_MEN_H": 0.0, "MED_MEN_M": 0.0, "MED_MAY_SI": 0.0, "MED_MAY_H": 0.0, "MED_MAY_M": 0.0, "NT1_SI": 0.0, "NT1_H": 19.0, "NT1_M": 11.0, "NT2_SI": 0.0, "NT2_H": 12.0, "NT2_M": 20.0, "N_TOTAL": 62.0, "DIRECCION": "GAMERO", "NUMERO": 2722.0, "REFERENCIA": "SARA GAJARDO CON GAMERO", "LATITUD": -33.422018, "LONGITUD": -70.671783 }, "geometry": { "type": "Point", "coordinates": [ -70.67178326, -33.42201846 ] } },
{ "type": "Feature", "properties": { "AGNO": 2021.0, "ID_ESTAB": 8548.0, "ORIGEN": 1.0, "NOM_ESTAB": "ESCUELA BASICA DR LUIS CALVO MACKENNA", "COD_REG_ES": 13.0, "COD_PRO_ES": 131.0, "COD_COM_ES": 13101.0, "NOM_COM_ES": "SANTIAGO", "COD_DEPROV": 131.0, "NOM_DEPROV": "SANTIAGO CENTRO", "DEPENDENCI": 1.0, "RURAL_ESTA": 0.0, "ESTADO_EST": 1.0, "SC_MEN_SI": 0.0, "SC_MEN_H": 0.0, "SC_MEN_M": 0.0, "SC_MAY_H": 0.0, "SC_MAY_M": 0.0, "MED_MEN_SI": 0.0, "MED_MEN_H": 0.0, "MED_MEN_M": 0.0, "MED_MAY_SI": 0.0, "MED_MAY_H": 0.0, "MED_MAY_M": 0.0, "NT1_SI": 0.0, "NT1_H": 0.0, "NT1_M": 0.0, "NT2_SI": 0.0, "NT2_H": 41.0, "NT2_M": 26.0, "N_TOTAL": 67.0, "DIRECCION": "AVENIDA RICARDO CUMMING", "NUMERO": 735.0, "REFERENCIA": "METRO ESTACIÓN CUMMING", "LATITUD": -33.435776, "LONGITUD": -70.668694 }, "geometry": { "type": "Point", "coordinates": [ -70.66869441, -33.43577602 ] } },
{ "type": "Feature", "properties": { "AGNO": 2021.0, "ID_ESTAB": 8549.0, "ORIGEN": 1.0, "NOM_ESTAB": "ESCUELA FERNANDO ALESSANDRI RODRIGUEZ", "COD_REG_ES": 13.0, "COD_PRO_ES": 131.0, "COD_COM_ES": 13101.0, "NOM_COM_ES": "SANTIAGO", "COD_DEPROV": 131.0, "NOM_DEPROV": "SANTIAGO CENTRO", "DEPENDENCI": 1.0, "RURAL_ESTA": 0.0, "ESTADO_EST": 1.0, "SC_MEN_SI": 0.0, "SC_MEN_H": 0.0, "SC_MEN_M": 0.0, "SC_MAY_H": 0.0, "SC_MAY_M": 0.0, "MED_MEN_SI": 0.0, "MED_MEN_H": 0.0, "MED_MEN_M": 0.0, "MED_MAY_SI": 0.0, "MED_MAY_H": 0.0, "MED_MAY_M": 0.0, "NT1_SI": 0.0, "NT1_H": 14.0, "NT1_M": 10.0, "NT2_SI": 0.0, "NT2_H": 19.0, "NT2_M": 13.0, "N_TOTAL": 56.0, "DIRECCION": "LORD COCHRANE", "NUMERO": 850.0, "REFERENCIA": "TRES CUADRAS AL NORTE DE AVENIDA MATTA.", "LATITUD": -33.456773, "LONGITUD": -70.653663 }, "geometry": { "type": "Point", "coordinates": [ -70.65366284, -33.45677263 ] } },
{ "type": "Feature", "properties": { "AGNO": 2021.0, "ID_ESTAB": 8561.0, "ORIGEN": 1.0, "NOM_ESTAB": "ESCUELA REPUBLICA DE ALEMANIA", "COD_REG_ES": 13.0, "COD_PRO_ES": 131.0, "COD_COM_ES": 13101.0, "NOM_COM_ES": "SANTIAGO", "COD_DEPROV": 131.0, "NOM_DEPROV": "SANTIAGO CENTRO", "DEPENDENCI": 1.0, "RURAL_ESTA": 0.0, "ESTADO_EST": 1.0, "SC_MEN_SI": 0.0, "SC_MEN_H": 0.0, "SC_MEN_M": 0.0, "SC_MAY_H": 0.0, "SC_MAY_M": 0.0, "MED_MEN_SI": 0.0, "MED_MEN_H": 0.0, "MED_MEN_M": 0.0, "MED_MAY_SI": 0.0, "MED_MAY_H": 0.0, "MED_MAY_M": 0.0, "NT1_SI": 0.0, "NT1_H": 18.0, "NT1_M": 16.0, "NT2_SI": 0.0, "NT2_H": 15.0, "NT2_M": 19.0, "N_TOTAL": 68.0, "DIRECCION": "LIBERTAD", "NUMERO": 1242.0, "REFERENCIA": "CALLE MAPOCHO ALTURA DEL 2800", "LATITUD": -33.431464, "LONGITUD": -70.675497 }, "geometry": { "type": "Point", "coordinates": [ -70.67549744, -33.43146413 ] } },
{ "type": "Feature", "properties": { "AGNO": 2021.0, "ID_ESTAB": 8562.0, "ORIGEN": 1.0, "NOM_ESTAB": "CIUDAD SANTIAGO DE CHILE", "COD_REG_ES": 13.0, "COD_PRO_ES": 131.0, "COD_COM_ES": 13101.0, "NOM_COM_ES": "SANTIAGO", "COD_DEPROV": 131.0, "NOM_DEPROV": "SANTIAGO CENTRO", "DEPENDENCI": 1.0, "RURAL_ESTA": 0.0, "ESTADO_EST": 1.0, "SC_MEN_SI": 0.0, "SC_MEN_H": 0.0, "SC_MEN_M": 0.0, "SC_MAY_H": 0.0, "SC_MAY_M": 0.0, "MED_MEN_SI": 0.0, "MED_MEN_H": 0.0, "MED_MEN_M": 0.0, "MED_MAY_SI": 0.0, "MED_MAY_H": 0.0, "MED_MAY_M": 0.0, "NT1_SI": 0.0, "NT1_H": 18.0, "NT1_M": 14.0, "NT2_SI": 0.0, "NT2_H": 13.0, "NT2_M": 18.0, "N_TOTAL": 63.0, "DIRECCION": "SANTIAGUILLO", "NUMERO": 1053.0, "REFERENCIA": "SANTIAGUILLO, ENTRE ARTURO PRAT Y SAN DIEGO", "LATITUD": -33.460927, "LONGITUD": -70.648042 }, "geometry": { "type": "Point", "coordinates": [ -70.64804214, -33.46092709 ] } },
{ "type": "Feature", "properties": { "AGNO": 2021.0, "ID_ESTAB": 8564.0, "ORIGEN": 1.0, "NOM_ESTAB": "ESCUELA BASICA REINO DE NORUEGA", "COD_REG_ES": 13.0, "COD_PRO_ES": 131.0, "COD_COM_ES": 13126.0, "NOM_COM_ES": "QUINTA NORMAL", "COD_DEPROV": 134.0, "NOM_DEPROV": "SANTIAGO PONIENTE", "DEPENDENCI": 1.0, "RURAL_ESTA": 0.0, "ESTADO_EST": 1.0, "SC_MEN_SI": 0.0, "SC_MEN_H": 0.0, "SC_MEN_M": 0.0, "SC_MAY_H": 0.0, "SC_MAY_M": 0.0, "MED_MEN_SI": 0.0, "MED_MEN_H": 0.0, "MED_MEN_M": 0.0, "MED_MAY_SI": 0.0, "MED_MAY_H": 0.0, "MED_MAY_M": 0.0, "NT1_SI": 0.0, "NT1_H": 36.0, "NT1_M": 29.0, "NT2_SI": 0.0, "NT2_H": 32.0, "NT2_M": 33.0, "N_TOTAL": 130.0, "DIRECCION": "POETA PEDRO PRADO", "NUMERO": 1197.0, "REFERENCIA": null, "LATITUD": -33.432274, "LONGITUD": -70.687949 }, "geometry": { "type": "Point", "coordinates": [ -70.68794874, -33.43227444 ] } },
{ "type": "Feature", "properties": { "AGNO": 2021.0, "ID_ESTAB": 8572.0, "ORIGEN": 1.0, "NOM_ESTAB": "ESCUELA BASICA CAMILO MORI", "COD_REG_ES": 13.0, "COD_PRO_ES": 131.0, "COD_COM_ES": 13108.0, "NOM_COM_ES": "INDEPENDENCIA", "COD_DEPROV": 137.0, "NOM_DEPROV": "SANTIAGO NORTE", "DEPENDENCI": 1.0, "RURAL_ESTA": 0.0, "ESTADO_EST": 1.0, "SC_MEN_SI": 0.0, "SC_MEN_H": 0.0, "SC_MEN_M": 0.0, "SC_MAY_H": 0.0, "SC_MAY_M": 0.0, "MED_MEN_SI": 0.0, "MED_MEN_H": 0.0, "MED_MEN_M": 0.0, "MED_MAY_SI": 0.0, "MED_MAY_H": 0.0, "MED_MAY_M": 0.0, "NT1_SI": 0.0, "NT1_H": 0.0, "NT1_M": 0.0, "NT2_SI": 0.0, "NT2_H": 16.0, "NT2_M": 18.0, "N_TOTAL": 34.0, "DIRECCION": "BALDOMERO FLORES", "NUMERO": 2046.0, "REFERENCIA": "GAMERO - EL PINO", "LATITUD": -33.424567, "LONGITUD": -70.666934 }, "geometry": { "type": "Point", "coordinates": [ -70.66693364, -33.42456726 ] } },
{ "type": "Feature", "properties": { "AGNO": 2021.0, "ID_ESTAB": 8581.0, "ORIGEN": 1.0, "NOM_ESTAB": "ESCUELA BÁSICA F Nº 64", "COD_REG_ES": 13.0, "COD_PRO_ES": 131.0, "COD_COM_ES": 13101.0, "NOM_COM_ES": "SANTIAGO", "COD_DEPROV": 131.0, "NOM_DEPROV": "SANTIAGO CENTRO", "DEPENDENCI": 1.0, "RURAL_ESTA": 0.0, "ESTADO_EST": 1.0, "SC_MEN_SI": 0.0, "SC_MEN_H": 0.0, "SC_MEN_M": 0.0, "SC_MAY_H": 0.0, "SC_MAY_M": 0.0, "MED_MEN_SI": 0.0, "MED_MEN_H": 0.0, "MED_MEN_M": 0.0, "MED_MAY_SI": 0.0, "MED_MAY_H": 0.0, "MED_MAY_M": 0.0, "NT1_SI": 0.0, "NT1_H": 21.0, "NT1_M": 7.0, "NT2_SI": 0.0, "NT2_H": 14.0, "NT2_M": 14.0, "N_TOTAL": 56.0, "DIRECCION": "LORD COCHRANE", "NUMERO": 1487.0, "REFERENCIA": "CALLE LORD COCHRANE ENTRE VICTORIA Y PEDRO LAGOS", "LATITUD": -33.466155, "LONGITUD": -70.652762 }, "geometry": { "type": "Point", "coordinates": [ -70.65276247, -33.46615535 ] } },
{ "type": "Feature", "properties": { "AGNO": 2021.0, "ID_ESTAB": 8586.0, "ORIGEN": 1.0, "NOM_ESTAB": "ESCUELA DIFERENCIAL JUAN SANDOVAL C", "COD_REG_ES": 13.0, "COD_PRO_ES": 131.0, "COD_COM_ES": 13101.0, "NOM_COM_ES": "SANTIAGO", "COD_DEPROV": 131.0, "NOM_DEPROV": "SANTIAGO CENTRO", "DEPENDENCI": 1.0, "RURAL_ESTA": 0.0, "ESTADO_EST": 1.0, "SC_MEN_SI": 0.0, "SC_MEN_H": 0.0, "SC_MEN_M": 0.0, "SC_MAY_H": 0.0, "SC_MAY_M": 0.0, "MED_MEN_SI": 0.0, "MED_MEN_H": 9.0, "MED_MEN_M": 12.0, "MED_MAY_SI": 0.0, "MED_MAY_H": 11.0, "MED_MAY_M": 5.0, "NT1_SI": 0.0, "NT1_H": 13.0, "NT1_M": 7.0, "NT2_SI": 0.0, "NT2_H": 8.0, "NT2_M": 3.0, "N_TOTAL": 68.0, "DIRECCION": "LORD COCHRANE", "NUMERO": 1819.0, "REFERENCIA": "ÑUBLE CON  LORD COCHRANNE   METRO  LINEA 2  RONDIZZONNI  HACIA LA CORDILLERA", "LATITUD": -33.47032, "LONGITUD": -70.65161 }, "geometry": { "type": "Point", "coordinates": [ -70.65161, -33.47032 ] } },
{ "type": "Feature", "properties": { "AGNO": 2021.0, "ID_ESTAB": 8604.0, "ORIGEN": 1.0, "NOM_ESTAB": "COLEGIO SANTA CRUZ", "COD_REG_ES": 13.0, "COD_PRO_ES": 131.0, "COD_COM_ES": 13101.0, "NOM_COM_ES": "SANTIAGO", "COD_DEPROV": 131.0, "NOM_DEPROV": "SANTIAGO CENTRO", "DEPENDENCI": 2.0, "RURAL_ESTA": 0.0, "ESTADO_EST": 1.0, "SC_MEN_SI": 0.0, "SC_MEN_H": 0.0, "SC_MEN_M": 0.0, "SC_MAY_H": 0.0, "SC_MAY_M": 0.0, "MED_MEN_SI": 0.0, "MED_MEN_H": 0.0, "MED_MEN_M": 0.0, "MED_MAY_SI": 0.0, "MED_MAY_H": 0.0, "MED_MAY_M": 0.0, "NT1_SI": 0.0, "NT1_H": 0.0, "NT1_M": 0.0, "NT2_SI": 0.0, "NT2_H": 35.0, "NT2_M": 35.0, "N_TOTAL": 70.0, "DIRECCION": "NATANIEL COX", "NUMERO": 1379.0, "REFERENCIA": "TRES CUADRAS AL SUR DE LA AVENIDA MATTA", "LATITUD": -33.463417, "LONGITUD": -70.651243 }, "geometry": { "type": "Point", "coordinates": [ -70.65124299, -33.46341747 ] } },
{ "type": "Feature", "properties": { "AGNO": 2021.0, "ID_ESTAB": 8609.0, "ORIGEN": 1.0, "NOM_ESTAB": "COLEGIO SAN IGNACIO", "COD_REG_ES": 13.0, "COD_PRO_ES": 131.0, "COD_COM_ES": 13101.0, "NOM_COM_ES": "SANTIAGO", "COD_DEPROV": 131.0, "NOM_DEPROV": "SANTIAGO CENTRO", "DEPENDENCI": 3.0, "RURAL_ESTA": 0.0, "ESTADO_EST": 1.0, "SC_MEN_SI": 0.0, "SC_MEN_H": 0.0, "SC_MEN_M": 0.0, "SC_MAY_H": 0.0, "SC_MAY_M": 0.0, "MED_MEN_SI": 0.0, "MED_MEN_H": 0.0, "MED_MEN_M": 0.0, "MED_MAY_SI": 0.0, "MED_MAY_H": 0.0, "MED_MAY_M": 0.0, "NT1_SI": 0.0, "NT1_H": 54.0, "NT1_M": 54.0, "NT2_SI": 0.0, "NT2_H": 55.0, "NT2_M": 51.0, "N_TOTAL": 214.0, "DIRECCION": "P ALONSO DE OVALLE", "NUMERO": 1452.0, "REFERENCIA": "ENTRE SAN IGNACIO Y LORD COCHRANNE A UNA CUADRA DE LA ALAMEDA, METRO MONEDA.", "LATITUD": -33.447065, "LONGITUD": -70.65616 }, "geometry": { "type": "Point", "coordinates": [ -70.65616, -33.447065 ] } },
{ "type": "Feature", "properties": { "AGNO": 2021.0, "ID_ESTAB": 8611.0, "ORIGEN": 1.0, "NOM_ESTAB": "COLEGIO NUESTRA SENORA DE ANDACOLLO", "COD_REG_ES": 13.0, "COD_PRO_ES": 131.0, "COD_COM_ES": 13101.0, "NOM_COM_ES": "SANTIAGO", "COD_DEPROV": 131.0, "NOM_DEPROV": "SANTIAGO CENTRO", "DEPENDENCI": 2.0, "RURAL_ESTA": 0.0, "ESTADO_EST": 1.0, "SC_MEN_SI": 0.0, "SC_MEN_H": 0.0, "SC_MEN_M": 0.0, "SC_MAY_H": 0.0, "SC_MAY_M": 0.0, "MED_MEN_SI": 0.0, "MED_MEN_H": 0.0, "MED_MEN_M": 0.0, "MED_MAY_SI": 0.0, "MED_MAY_H": 0.0, "MED_MAY_M": 0.0, "NT1_SI": 0.0, "NT1_H": 0.0, "NT1_M": 0.0, "NT2_SI": 0.0, "NT2_H": 39.0, "NT2_M": 31.0, "N_TOTAL": 70.0, "DIRECCION": "MAPOCHO", "NUMERO": 2341.0, "REFERENCIA": null, "LATITUD": -33.431892, "LONGITUD": -70.669873 }, "geometry": { "type": "Point", "coordinates": [ -70.66987309, -33.43189241 ] } },
{ "type": "Feature", "properties": { "AGNO": 2021.0, "ID_ESTAB": 8620.0, "ORIGEN": 1.0, "NOM_ESTAB": "COLEGIO SAN SEBASTIAN", "COD_REG_ES": 13.0, "COD_PRO_ES": 131.0, "COD_COM_ES": 13101.0, "NOM_COM_ES": "SANTIAGO", "COD_DEPROV": 131.0, "NOM_DEPROV": "SANTIAGO CENTRO", "DEPENDENCI": 2.0, "RURAL_ESTA": 0.0, "ESTADO_EST": 1.0, "SC_MEN_SI": 0.0, "SC_MEN_H": 0.0, "SC_MEN_M": 0.0, "SC_MAY_H": 0.0, "SC_MAY_M": 0.0, "MED_MEN_SI": 0.0, "MED_MEN_H": 0.0, "MED_MEN_M": 0.0, "MED_MAY_SI": 0.0, "MED_MAY_H": 0.0, "MED_MAY_M": 0.0, "NT1_SI": 0.0, "NT1_H": 0.0, "NT1_M": 0.0, "NT2_SI": 0.0, "NT2_H": 17.0, "NT2_M": 15.0, "N_TOTAL": 32.0, "DIRECCION": "SANTO DOMINGO", "NUMERO": 2078.0, "REFERENCIA": "SANTO DOMINGO ENTRE BRASIL Y BAQUEDANO", "LATITUD": -33.437793, "LONGITUD": -70.665594 }, "geometry": { "type": "Point", "coordinates": [ -70.66559409, -33.43779253 ] } },
{ "type": "Feature", "properties": { "AGNO": 2021.0, "ID_ESTAB": 8627.0, "ORIGEN": 1.0, "NOM_ESTAB": "COLEGIO SANTA MARIA DE SANTIAGO", "COD_REG_ES": 13.0, "COD_PRO_ES": 131.0, "COD_COM_ES": 13101.0, "NOM_COM_ES": "SANTIAGO", "COD_DEPROV": 131.0, "NOM_DEPROV": "SANTIAGO CENTRO", "DEPENDENCI": 2.0, "RURAL_ESTA": 0.0, "ESTADO_EST": 1.0, "SC_MEN_SI": 0.0, "SC_MEN_H": 0.0, "SC_MEN_M": 0.0, "SC_MAY_H": 0.0, "SC_MAY_M": 0.0, "MED_MEN_SI": 0.0, "MED_MEN_H": 0.0, "MED_MEN_M": 0.0, "MED_MAY_SI": 0.0, "MED_MAY_H": 0.0, "MED_MAY_M": 0.0, "NT1_SI": 0.0, "NT1_H": 59.0, "NT1_M": 66.0, "NT2_SI": 0.0, "NT2_H": 63.0, "NT2_M": 70.0, "N_TOTAL": 258.0, "DIRECCION": "SANTA ROSA", "NUMERO": 629.0, "REFERENCIA": "ENTRE AVENIDA 10 DE JULIO Y EYZAGUIRRE", "LATITUD": -33.45235, "LONGITUD": -70.644255 }, "geometry": { "type": "Point", "coordinates": [ -70.64425534, -33.45235006 ] } },
{ "type": "Feature", "properties": { "AGNO": 2021.0, "ID_ESTAB": 8629.0, "ORIGEN": 1.0, "NOM_ESTAB": "COLEGIO POLITÉCNICO SANTA ANA", "COD_REG_ES": 13.0, "COD_PRO_ES": 131.0, "COD_COM_ES": 13126.0, "NOM_COM_ES": "QUINTA NORMAL", "COD_DEPROV": 134.0, "NOM_DEPROV": "SANTIAGO PONIENTE", "DEPENDENCI": 2.0, "RURAL_ESTA": 0.0, "ESTADO_EST": 1.0, "SC_MEN_SI": 0.0, "SC_MEN_H": 0.0, "SC_MEN_M": 0.0, "SC_MAY_H": 0.0, "SC_MAY_M": 0.0, "MED_MEN_SI": 0.0, "MED_MEN_H": 0.0, "MED_MEN_M": 0.0, "MED_MAY_SI": 0.0, "MED_MAY_H": 0.0, "MED_MAY_M": 0.0, "NT1_SI": 0.0, "NT1_H": 0.0, "NT1_M": 0.0, "NT2_SI": 0.0, "NT2_H": 0.0, "NT2_M": 49.0, "N_TOTAL": 49.0, "DIRECCION": "SAN PABLO", "NUMERO": 3850.0, "REFERENCIA": "METRO GRUTA DE LOURDES, SALIDA A SAN PABLO HACIA EL ESTE.", "LATITUD": -33.437399, "LONGITUD": -70.687712 }, "geometry": { "type": "Point", "coordinates": [ -70.68771172, -33.43739888 ] } },
{ "type": "Feature", "properties": { "AGNO": 2021.0, "ID_ESTAB": 8649.0, "ORIGEN": 1.0, "NOM_ESTAB": "COLEGIO LORENZO SAZIE", "COD_REG_ES": 13.0, "COD_PRO_ES": 131.0, "COD_COM_ES": 13101.0, "NOM_COM_ES": "SANTIAGO", "COD_DEPROV": 131.0, "NOM_DEPROV": "SANTIAGO CENTRO", "DEPENDENCI": 2.0, "RURAL_ESTA": 0.0, "ESTADO_EST": 1.0, "SC_MEN_SI": 0.0, "SC_MEN_H": 0.0, "SC_MEN_M": 0.0, "SC_MAY_H": 0.0, "SC_MAY_M": 0.0, "MED_MEN_SI": 0.0, "MED_MEN_H": 0.0, "MED_MEN_M": 0.0, "MED_MAY_SI": 0.0, "MED_MAY_H": 0.0, "MED_MAY_M": 0.0, "NT1_SI": 0.0, "NT1_H": 12.0, "NT1_M": 23.0, "NT2_SI": 0.0, "NT2_H": 24.0, "NT2_M": 16.0, "N_TOTAL": 75.0, "DIRECCION": "ALMIRANTE LATORRE", "NUMERO": 160.0, "REFERENCIA": "METRO ESTACIÓN REPÚBLICA.", "LATITUD": -33.449611, "LONGITUD": -70.664568 }, "geometry": { "type": "Point", "coordinates": [ -70.66456751, -33.44961141 ] } },
{ "type": "Feature", "properties": { "AGNO": 2021.0, "ID_ESTAB": 8652.0, "ORIGEN": 1.0, "NOM_ESTAB": "COLEGIO SAN ANTONIO", "COD_REG_ES": 13.0, "COD_PRO_ES": 131.0, "COD_COM_ES": 13101.0, "NOM_COM_ES": "SANTIAGO", "COD_DEPROV": 131.0, "NOM_DEPROV": "SANTIAGO CENTRO", "DEPENDENCI": 2.0, "RURAL_ESTA": 0.0, "ESTADO_EST": 1.0, "SC_MEN_SI": 0.0, "SC_MEN_H": 0.0, "SC_MEN_M": 0.0, "SC_MAY_H": 0.0, "SC_MAY_M": 0.0, "MED_MEN_SI": 0.0, "MED_MEN_H": 0.0, "MED_MEN_M": 0.0, "MED_MAY_SI": 0.0, "MED_MAY_H": 0.0, "MED_MAY_M": 0.0, "NT1_SI": 0.0, "NT1_H": 0.0, "NT1_M": 0.0, "NT2_SI": 0.0, "NT2_H": 39.0, "NT2_M": 40.0, "N_TOTAL": 79.0, "DIRECCION": "SANTO DOMINGO", "NUMERO": 2314.0, "REFERENCIA": "METRO CUMMING LINEA 5 HACIA EL NORTE", "LATITUD": -33.437798, "LONGITUD": -70.669231 }, "geometry": { "type": "Point", "coordinates": [ -70.66923128, -33.43779818 ] } },
{ "type": "Feature", "properties": { "AGNO": 2021.0, "ID_ESTAB": 8658.0, "ORIGEN": 1.0, "NOM_ESTAB": "COLEGIO FRANCISCO ARRIARAN", "COD_REG_ES": 13.0, "COD_PRO_ES": 131.0, "COD_COM_ES": 13101.0, "NOM_COM_ES": "SANTIAGO", "COD_DEPROV": 131.0, "NOM_DEPROV": "SANTIAGO CENTRO", "DEPENDENCI": 2.0, "RURAL_ESTA": 0.0, "ESTADO_EST": 1.0, "SC_MEN_SI": 0.0, "SC_MEN_H": 0.0, "SC_MEN_M": 0.0, "SC_MAY_H": 0.0, "SC_MAY_M": 0.0, "MED_MEN_SI": 0.0, "MED_MEN_H": 0.0, "MED_MEN_M": 0.0, "MED_MAY_SI": 0.0, "MED_MAY_H": 0.0, "MED_MAY_M": 0.0, "NT1_SI": 0.0, "NT1_H": 0.0, "NT1_M": 0.0, "NT2_SI": 0.0, "NT2_H": 0.0, "NT2_M": 90.0, "N_TOTAL": 90.0, "DIRECCION": "AVENIDA MANUEL ANTONIO MATTA", "NUMERO": 1089.0, "REFERENCIA": "AVENIDA MATTA ESQUINA SAN DIEGO, ESQUINA NOR-ORIENTE", "LATITUD": -33.459191, "LONGITUD": -70.648872 }, "geometry": { "type": "Point", "coordinates": [ -70.64887167, -33.45919087 ] } },
{ "type": "Feature", "properties": { "AGNO": 2021.0, "ID_ESTAB": 8659.0, "ORIGEN": 1.0, "NOM_ESTAB": "ESCUELA PARTICULAR FRANCISCO ANDRES OLEA", "COD_REG_ES": 13.0, "COD_PRO_ES": 131.0, "COD_COM_ES": 13101.0, "NOM_COM_ES": "SANTIAGO", "COD_DEPROV": 131.0, "NOM_DEPROV": "SANTIAGO CENTRO", "DEPENDENCI": 2.0, "RURAL_ESTA": 0.0, "ESTADO_EST": 1.0, "SC_MEN_SI": 0.0, "SC_MEN_H": 0.0, "SC_MEN_M": 0.0, "SC_MAY_H": 0.0, "SC_MAY_M": 0.0, "MED_MEN_SI": 0.0, "MED_MEN_H": 0.0, "MED_MEN_M": 0.0, "MED_MAY_SI": 0.0, "MED_MAY_H": 0.0, "MED_MAY_M": 0.0, "NT1_SI": 0.0, "NT1_H": 44.0, "NT1_M": 26.0, "NT2_SI": 0.0, "NT2_H": 43.0, "NT2_M": 47.0, "N_TOTAL": 160.0, "DIRECCION": "AVENIDA MATTA", "NUMERO": 919.0, "REFERENCIA": "MATTA ESQUINA SERRANO, A PASOS DE SAN FRANCISCO (ESTE) Y A UNA CUADRA DE ARTURO PRAT (OESTE)", "LATITUD": -33.458723, "LONGITUD": -70.646512 }, "geometry": { "type": "Point", "coordinates": [ -70.64651169, -33.45872278 ] } },
{ "type": "Feature", "properties": { "AGNO": 2021.0, "ID_ESTAB": 8661.0, "ORIGEN": 1.0, "NOM_ESTAB": "ESCUELA PARTICULAR GUILLERMO MATTA", "COD_REG_ES": 13.0, "COD_PRO_ES": 131.0, "COD_COM_ES": 13101.0, "NOM_COM_ES": "SANTIAGO", "COD_DEPROV": 131.0, "NOM_DEPROV": "SANTIAGO CENTRO", "DEPENDENCI": 2.0, "RURAL_ESTA": 0.0, "ESTADO_EST": 1.0, "SC_MEN_SI": 0.0, "SC_MEN_H": 0.0, "SC_MEN_M": 0.0, "SC_MAY_H": 0.0, "SC_MAY_M": 0.0, "MED_MEN_SI": 0.0, "MED_MEN_H": 0.0, "MED_MEN_M": 0.0, "MED_MAY_SI": 0.0, "MED_MAY_H": 0.0, "MED_MAY_M": 0.0, "NT1_SI": 0.0, "NT1_H": 37.0, "NT1_M": 32.0, "NT2_SI": 0.0, "NT2_H": 63.0, "NT2_M": 26.0, "N_TOTAL": 158.0, "DIRECCION": "SANTA ROSA", "NUMERO": 1247.0, "REFERENCIA": "SANTA ROSA AL LLEGAR A AVENIDA MATTA. FRENTE AL HOSPITAL SAN BORJA ARRIARÁN.", "LATITUD": -33.46163, "LONGITUD": -70.642993 }, "geometry": { "type": "Point", "coordinates": [ -70.64299255, -33.46163013 ] } },
{ "type": "Feature", "properties": { "AGNO": 2021.0, "ID_ESTAB": 8663.0, "ORIGEN": 1.0, "NOM_ESTAB": "INSTITUTO HERMANOS MATTE", "COD_REG_ES": 13.0, "COD_PRO_ES": 131.0, "COD_COM_ES": 13101.0, "NOM_COM_ES": "SANTIAGO", "COD_DEPROV": 131.0, "NOM_DEPROV": "SANTIAGO CENTRO", "DEPENDENCI": 2.0, "RURAL_ESTA": 0.0, "ESTADO_EST": 1.0, "SC_MEN_SI": 0.0, "SC_MEN_H": 0.0, "SC_MEN_M": 0.0, "SC_MAY_H": 0.0, "SC_MAY_M": 0.0, "MED_MEN_SI": 0.0, "MED_MEN_H": 0.0, "MED_MEN_M": 0.0, "MED_MAY_SI": 0.0, "MED_MAY_H": 0.0, "MED_MAY_M": 0.0, "NT1_SI": 0.0, "NT1_H": 34.0, "NT1_M": 36.0, "NT2_SI": 0.0, "NT2_H": 41.0, "NT2_M": 48.0, "N_TOTAL": 159.0, "DIRECCION": "NATANIEL COX", "NUMERO": 2263.0, "REFERENCIA": "SALIDA DE METRO FRANKLIN, ESQUINA CALLE PLACER CON NATANIEL COX", "LATITUD": -33.475348, "LONGITUD": -70.649546 }, "geometry": { "type": "Point", "coordinates": [ -70.64954647, -33.47534806 ] } },
{ "type": "Feature", "properties": { "AGNO": 2021.0, "ID_ESTAB": 8665.0, "ORIGEN": 1.0, "NOM_ESTAB": "ESCUELA BASICA N°43 PATRONATO SAN ANTONIO", "COD_REG_ES": 13.0, "COD_PRO_ES": 131.0, "COD_COM_ES": 13101.0, "NOM_COM_ES": "SANTIAGO", "COD_DEPROV": 131.0, "NOM_DEPROV": "SANTIAGO CENTRO", "DEPENDENCI": 2.0, "RURAL_ESTA": 0.0, "ESTADO_EST": 1.0, "SC_MEN_SI": 0.0, "SC_MEN_H": 0.0, "SC_MEN_M": 0.0, "SC_MAY_H": 0.0, "SC_MAY_M": 0.0, "MED_MEN_SI": 0.0, "MED_MEN_H": 0.0, "MED_MEN_M": 0.0, "MED_MAY_SI": 0.0, "MED_MAY_H": 0.0, "MED_MAY_M": 0.0, "NT1_SI": 0.0, "NT1_H": 15.0, "NT1_M": 19.0, "NT2_SI": 0.0, "NT2_H": 18.0, "NT2_M": 16.0, "N_TOTAL": 68.0, "DIRECCION": "PEDRO LAGOS", "NUMERO": 536.0, "REFERENCIA": "POR CALLE CARMEN AL SUR, ALTURA DEL 1400.", "LATITUD": -33.46478, "LONGITUD": -70.63813 }, "geometry": { "type": "Point", "coordinates": [ -70.63813021, -33.46477961 ] } },
{ "type": "Feature", "properties": { "AGNO": 2021.0, "ID_ESTAB": 8666.0, "ORIGEN": 1.0, "NOM_ESTAB": "COLEGIO SANTA ISABEL", "COD_REG_ES": 13.0, "COD_PRO_ES": 131.0, "COD_COM_ES": 13101.0, "NOM_COM_ES": "SANTIAGO", "COD_DEPROV": 131.0, "NOM_DEPROV": "SANTIAGO CENTRO", "DEPENDENCI": 2.0, "RURAL_ESTA": 0.0, "ESTADO_EST": 1.0, "SC_MEN_SI": 0.0, "SC_MEN_H": 0.0, "SC_MEN_M": 0.0, "SC_MAY_H": 0.0, "SC_MAY_M": 0.0, "MED_MEN_SI": 0.0, "MED_MEN_H": 0.0, "MED_MEN_M": 0.0, "MED_MAY_SI": 0.0, "MED_MAY_H": 0.0, "MED_MAY_M": 0.0, "NT1_SI": 0.0, "NT1_H": 14.0, "NT1_M": 21.0, "NT2_SI": 0.0, "NT2_H": 13.0, "NT2_M": 27.0, "N_TOTAL": 75.0, "DIRECCION": "SANTIAGO CONCHA", "NUMERO": 1775.0, "REFERENCIA": "UBICADO ENTRE MAULE Y ÑUBLE", "LATITUD": -33.467833, "LONGITUD": -70.638002 }, "geometry": { "type": "Point", "coordinates": [ -70.63800234, -33.46783309 ] } },
{ "type": "Feature", "properties": { "AGNO": 2021.0, "ID_ESTAB": 8674.0, "ORIGEN": 1.0, "NOM_ESTAB": "ESCUELA PARTICULAR SAN LAZARO", "COD_REG_ES": 13.0, "COD_PRO_ES": 131.0, "COD_COM_ES": 13101.0, "NOM_COM_ES": "SANTIAGO", "COD_DEPROV": 131.0, "NOM_DEPROV": "SANTIAGO CENTRO", "DEPENDENCI": 2.0, "RURAL_ESTA": 0.0, "ESTADO_EST": 1.0, "SC_MEN_SI": 0.0, "SC_MEN_H": 0.0, "SC_MEN_M": 0.0, "SC_MAY_H": 0.0, "SC_MAY_M": 0.0, "MED_MEN_SI": 0.0, "MED_MEN_H": 0.0, "MED_MEN_M": 0.0, "MED_MAY_SI": 0.0, "MED_MAY_H": 0.0, "MED_MAY_M": 0.0, "NT1_SI": 0.0, "NT1_H": 35.0, "NT1_M": 0.0, "NT2_SI": 0.0, "NT2_H": 45.0, "NT2_M": 0.0, "N_TOTAL": 80.0, "DIRECCION": "VERGARA", "NUMERO": 601.0, "REFERENCIA": "VERGARA CON GAY ESTACIÓN METRO TOESCA AL OESTE", "LATITUD": -33.454815, "LONGITUD": -70.66141 }, "geometry": { "type": "Point", "coordinates": [ -70.66141001, -33.45481469 ] } },
{ "type": "Feature", "properties": { "AGNO": 2021.0, "ID_ESTAB": 8675.0, "ORIGEN": 1.0, "NOM_ESTAB": "COLEGIO SANTA TERESITA DEL NINO JESUS", "COD_REG_ES": 13.0, "COD_PRO_ES": 131.0, "COD_COM_ES": 13101.0, "NOM_COM_ES": "SANTIAGO", "COD_DEPROV": 131.0, "NOM_DEPROV": "SANTIAGO CENTRO", "DEPENDENCI": 2.0, "RURAL_ESTA": 0.0, "ESTADO_EST": 1.0, "SC_MEN_SI": 0.0, "SC_MEN_H": 0.0, "SC_MEN_M": 0.0, "SC_MAY_H": 0.0, "SC_MAY_M": 0.0, "MED_MEN_SI": 0.0, "MED_MEN_H": 0.0, "MED_MEN_M": 0.0, "MED_MAY_SI": 0.0, "MED_MAY_H": 0.0, "MED_MAY_M": 0.0, "NT1_SI": 0.0, "NT1_H": 0.0, "NT1_M": 59.0, "NT2_SI": 0.0, "NT2_H": 1.0, "NT2_M": 67.0, "N_TOTAL": 127.0, "DIRECCION": "MATURANA", "NUMERO": 731.0, "REFERENCIA": "PARA LA ENTREGA DE TEXTOS SE SOLICITA EL INGRESO POR LA CALLE BAQUEDANO 762,LLAMAR A ALEJANDRA MARION GANZUR SANCHEZ 914478722 AL MOMENTO DE LA ENTREGA PARA QUE LES ABRA EL PORTÓN.", "LATITUD": -33.435387, "LONGITUD": -70.66578 }, "geometry": { "type": "Point", "coordinates": [ -70.66578, -33.435387 ] } },
{ "type": "Feature", "properties": { "AGNO": 2021.0, "ID_ESTAB": 8682.0, "ORIGEN": 1.0, "NOM_ESTAB": "COLEGIO RAFAEL SANHUEZA LIZARDI", "COD_REG_ES": 13.0, "COD_PRO_ES": 131.0, "COD_COM_ES": 13127.0, "NOM_COM_ES": "RECOLETA", "COD_DEPROV": 137.0, "NOM_DEPROV": "SANTIAGO NORTE", "DEPENDENCI": 2.0, "RURAL_ESTA": 0.0, "ESTADO_EST": 1.0, "SC_MEN_SI": 0.0, "SC_MEN_H": 0.0, "SC_MEN_M": 0.0, "SC_MAY_H": 0.0, "SC_MAY_M": 0.0, "MED_MEN_SI": 0.0, "MED_MEN_H": 0.0, "MED_MEN_M": 0.0, "MED_MAY_SI": 0.0, "MED_MAY_H": 0.0, "MED_MAY_M": 0.0, "NT1_SI": 0.0, "NT1_H": 38.0, "NT1_M": 32.0, "NT2_SI": 0.0, "NT2_H": 47.0, "NT2_M": 43.0, "N_TOTAL": 160.0, "DIRECCION": "EUSEBIO LILLO", "NUMERO": 479.0, "REFERENCIA": "EUSEBIO LILLO ESQUINA MANZANO", "LATITUD": -33.428584, "LONGITUD": -70.64462 }, "geometry": { "type": "Point", "coordinates": [ -70.64461953, -33.42858364 ] } },
{ "type": "Feature", "properties": { "AGNO": 2021.0, "ID_ESTAB": 8697.0, "ORIGEN": 1.0, "NOM_ESTAB": "COLEGIO ORATORIO DON BOSCO", "COD_REG_ES": 13.0, "COD_PRO_ES": 131.0, "COD_COM_ES": 13101.0, "NOM_COM_ES": "SANTIAGO", "COD_DEPROV": 131.0, "NOM_DEPROV": "SANTIAGO CENTRO", "DEPENDENCI": 2.0, "RURAL_ESTA": 0.0, "ESTADO_EST": 1.0, "SC_MEN_SI": 0.0, "SC_MEN_H": 0.0, "SC_MEN_M": 0.0, "SC_MAY_H": 0.0, "SC_MAY_M": 0.0, "MED_MEN_SI": 0.0, "MED_MEN_H": 0.0, "MED_MEN_M": 0.0, "MED_MAY_SI": 0.0, "MED_MAY_H": 0.0, "MED_MAY_M": 0.0, "NT1_SI": 0.0, "NT1_H": 24.0, "NT1_M": 35.0, "NT2_SI": 0.0, "NT2_H": 50.0, "NT2_M": 35.0, "N_TOTAL": 144.0, "DIRECCION": "SAN ISIDRO", "NUMERO": 886.0, "REFERENCIA": "SAN ISIDRO ESQUINA DE COQUIMBO", "LATITUD": -33.455036, "LONGITUD": -70.641555 }, "geometry": { "type": "Point", "coordinates": [ -70.64155456, -33.4550362 ] } },
{ "type": "Feature", "properties": { "AGNO": 2021.0, "ID_ESTAB": 8721.0, "ORIGEN": 1.0, "NOM_ESTAB": "ESCUELA PARTICULAR ESPECIAL CEDIN", "COD_REG_ES": 13.0, "COD_PRO_ES": 131.0, "COD_COM_ES": 13101.0, "NOM_COM_ES": "SANTIAGO", "COD_DEPROV": 131.0, "NOM_DEPROV": "SANTIAGO CENTRO", "DEPENDENCI": 2.0, "RURAL_ESTA": 0.0, "ESTADO_EST": 1.0, "SC_MEN_SI": 0.0, "SC_MEN_H": 0.0, "SC_MEN_M": 0.0, "SC_MAY_H": 0.0, "SC_MAY_M": 0.0, "MED_MEN_SI": 0.0, "MED_MEN_H": 0.0, "MED_MEN_M": 0.0, "MED_MAY_SI": 0.0, "MED_MAY_H": 21.0, "MED_MAY_M": 7.0, "NT1_SI": 0.0, "NT1_H": 45.0, "NT1_M": 10.0, "NT2_SI": 0.0, "NT2_H": 28.0, "NT2_M": 13.0, "N_TOTAL": 124.0, "DIRECCION": "JOSE TORIBIO MEDINA", "NUMERO": 31.0, "REFERENCIA": "JOSE TORIBIO MEDINA  N°31-33 SANTIAGO", "LATITUD": -33.445538, "LONGITUD": -70.663345 }, "geometry": { "type": "Point", "coordinates": [ -70.663345, -33.445538 ] } },
{ "type": "Feature", "properties": { "AGNO": 2021.0, "ID_ESTAB": 8728.0, "ORIGEN": 1.0, "NOM_ESTAB": "COLEGIO GEORGE WASHINGTON", "COD_REG_ES": 13.0, "COD_PRO_ES": 131.0, "COD_COM_ES": 13108.0, "NOM_COM_ES": "INDEPENDENCIA", "COD_DEPROV": 137.0, "NOM_DEPROV": "SANTIAGO NORTE", "DEPENDENCI": 2.0, "RURAL_ESTA": 0.0, "ESTADO_EST": 1.0, "SC_MEN_SI": 0.0, "SC_MEN_H": 0.0, "SC_MEN_M": 0.0, "SC_MAY_H": 0.0, "SC_MAY_M": 0.0, "MED_MEN_SI": 0.0, "MED_MEN_H": 0.0, "MED_MEN_M": 0.0, "MED_MAY_SI": 0.0, "MED_MAY_H": 0.0, "MED_MAY_M": 0.0, "NT1_SI": 0.0, "NT1_H": 34.0, "NT1_M": 35.0, "NT2_SI": 0.0, "NT2_H": 31.0, "NT2_M": 39.0, "N_TOTAL": 139.0, "DIRECCION": "ECHEVERRIA", "NUMERO": 935.0, "REFERENCIA": "ENTRE AV. LA PAZ E INDEPENDENCIA", "LATITUD": -33.424924, "LONGITUD": -70.656301 }, "geometry": { "type": "Point", "coordinates": [ -70.65630145, -33.42492394 ] } },
{ "type": "Feature", "properties": { "AGNO": 2021.0, "ID_ESTAB": 8739.0, "ORIGEN": 1.0, "NOM_ESTAB": "ESCUELA PARTICULAR DIVINA MARIA", "COD_REG_ES": 13.0, "COD_PRO_ES": 131.0, "COD_COM_ES": 13101.0, "NOM_COM_ES": "SANTIAGO", "COD_DEPROV": 131.0, "NOM_DEPROV": "SANTIAGO CENTRO", "DEPENDENCI": 2.0, "RURAL_ESTA": 0.0, "ESTADO_EST": 1.0, "SC_MEN_SI": 0.0, "SC_MEN_H": 0.0, "SC_MEN_M": 0.0, "SC_MAY_H": 0.0, "SC_MAY_M": 0.0, "MED_MEN_SI": 0.0, "MED_MEN_H": 0.0, "MED_MEN_M": 0.0, "MED_MAY_SI": 0.0, "MED_MAY_H": 0.0, "MED_MAY_M": 0.0, "NT1_SI": 0.0, "NT1_H": 27.0, "NT1_M": 17.0, "NT2_SI": 0.0, "NT2_H": 19.0, "NT2_M": 25.0, "N_TOTAL": 88.0, "DIRECCION": "GARCIA REYES", "NUMERO": 734.0, "REFERENCIA": "GARCÍA REYES ENTRE SAN PABLO Y ROSAS", "LATITUD": -33.437198, "LONGITUD": -70.669748 }, "geometry": { "type": "Point", "coordinates": [ -70.66974847, -33.43719845 ] } },
{ "type": "Feature", "properties": { "AGNO": 2021.0, "ID_ESTAB": 8748.0, "ORIGEN": 1.0, "NOM_ESTAB": "COLEGIO INSTITUTO ALONSO DE ERCILLA", "COD_REG_ES": 13.0, "COD_PRO_ES": 131.0, "COD_COM_ES": 13101.0, "NOM_COM_ES": "SANTIAGO", "COD_DEPROV": 131.0, "NOM_DEPROV": "SANTIAGO CENTRO", "DEPENDENCI": 3.0, "RURAL_ESTA": 0.0, "ESTADO_EST": 1.0, "SC_MEN_SI": 0.0, "SC_MEN_H": 0.0, "SC_MEN_M": 0.0, "SC_MAY_H": 0.0, "SC_MAY_M": 0.0, "MED_MEN_SI": 0.0, "MED_MEN_H": 0.0, "MED_MEN_M": 0.0, "MED_MAY_SI": 0.0, "MED_MAY_H": 11.0, "MED_MAY_M": 11.0, "NT1_SI": 0.0, "NT1_H": 57.0, "NT1_M": 39.0, "NT2_SI": 0.0, "NT2_H": 49.0, "NT2_M": 55.0, "N_TOTAL": 222.0, "DIRECCION": "SANTO DOMINGO", "NUMERO": 2145.0, "REFERENCIA": "METRO CUMMING", "LATITUD": -33.43771, "LONGITUD": -70.66662 }, "geometry": { "type": "Point", "coordinates": [ -70.66661999, -33.43771 ] } },
{ "type": "Feature", "properties": { "AGNO": 2021.0, "ID_ESTAB": 8754.0, "ORIGEN": 1.0, "NOM_ESTAB": "COLEGIO HISPANO AMERICANO", "COD_REG_ES": 13.0, "COD_PRO_ES": 131.0, "COD_COM_ES": 13101.0, "NOM_COM_ES": "SANTIAGO", "COD_DEPROV": 131.0, "NOM_DEPROV": "SANTIAGO CENTRO", "DEPENDENCI": 3.0, "RURAL_ESTA": 0.0, "ESTADO_EST": 1.0, "SC_MEN_SI": 0.0, "SC_MEN_H": 0.0, "SC_MEN_M": 0.0, "SC_MAY_H": 0.0, "SC_MAY_M": 0.0, "MED_MEN_SI": 0.0, "MED_MEN_H": 0.0, "MED_MEN_M": 0.0, "MED_MAY_SI": 0.0, "MED_MAY_H": 4.0, "MED_MAY_M": 6.0, "NT1_SI": 0.0, "NT1_H": 12.0, "NT1_M": 25.0, "NT2_SI": 0.0, "NT2_H": 41.0, "NT2_M": 22.0, "N_TOTAL": 110.0, "DIRECCION": "CARMEN", "NUMERO": 960.0, "REFERENCIA": null, "LATITUD": -33.455747, "LONGITUD": -70.63982 }, "geometry": { "type": "Point", "coordinates": [ -70.63982, -33.455747 ] } },
{ "type": "Feature", "properties": { "AGNO": 2021.0, "ID_ESTAB": 8757.0, "ORIGEN": 1.0, "NOM_ESTAB": "COLEGIO DE LOS SAGRADOS CORAZONES ALAMEDA", "COD_REG_ES": 13.0, "COD_PRO_ES": 131.0, "COD_COM_ES": 13101.0, "NOM_COM_ES": "SANTIAGO", "COD_DEPROV": 131.0, "NOM_DEPROV": "SANTIAGO CENTRO", "DEPENDENCI": 3.0, "RURAL_ESTA": 0.0, "ESTADO_EST": 1.0, "SC_MEN_SI": 0.0, "SC_MEN_H": 0.0, "SC_MEN_M": 0.0, "SC_MAY_H": 0.0, "SC_MAY_M": 0.0, "MED_MEN_SI": 0.0, "MED_MEN_H": 0.0, "MED_MEN_M": 0.0, "MED_MAY_SI": 0.0, "MED_MAY_H": 8.0, "MED_MAY_M": 10.0, "NT1_SI": 0.0, "NT1_H": 34.0, "NT1_M": 35.0, "NT2_SI": 0.0, "NT2_H": 61.0, "NT2_M": 60.0, "N_TOTAL": 208.0, "DIRECCION": "AVENIDA LIBERTADOR BERNARDO O'HIGGINS", "NUMERO": 2062.0, "REFERENCIA": null, "LATITUD": -33.447482, "LONGITUD": -70.66424 }, "geometry": { "type": "Point", "coordinates": [ -70.66424, -33.447482 ] } },
{ "type": "Feature", "properties": { "AGNO": 2021.0, "ID_ESTAB": 8759.0, "ORIGEN": 1.0, "NOM_ESTAB": "COLEGIO SANTA CECILIA", "COD_REG_ES": 13.0, "COD_PRO_ES": 131.0, "COD_COM_ES": 13101.0, "NOM_COM_ES": "SANTIAGO", "COD_DEPROV": 131.0, "NOM_DEPROV": "SANTIAGO CENTRO", "DEPENDENCI": 3.0, "RURAL_ESTA": 0.0, "ESTADO_EST": 1.0, "SC_MEN_SI": 0.0, "SC_MEN_H": 0.0, "SC_MEN_M": 0.0, "SC_MAY_H": 0.0, "SC_MAY_M": 0.0, "MED_MEN_SI": 0.0, "MED_MEN_H": 0.0, "MED_MEN_M": 0.0, "MED_MAY_SI": 0.0, "MED_MAY_H": 0.0, "MED_MAY_M": 0.0, "NT1_SI": 0.0, "NT1_H": 0.0, "NT1_M": 2.0, "NT2_SI": 0.0, "NT2_H": 0.0, "NT2_M": 6.0, "N_TOTAL": 8.0, "DIRECCION": "MATURANA", "NUMERO": 350.0, "REFERENCIA": "ESTAMOS ENTRE LAS CALLES COMPAÑÍA Y HUÉRFANOS, FRENTE A LA PLAZA BRASIL.", "LATITUD": -33.440806, "LONGITUD": -70.66682 }, "geometry": { "type": "Point", "coordinates": [ -70.66682, -33.440806 ] } },
{ "type": "Feature", "properties": { "AGNO": 2021.0, "ID_ESTAB": 8762.0, "ORIGEN": 1.0, "NOM_ESTAB": "COLEGIO SANTA ELENA CARMELITAS MISIONERAS TERESIANA", "COD_REG_ES": 13.0, "COD_PRO_ES": 131.0, "COD_COM_ES": 13101.0, "NOM_COM_ES": "SANTIAGO", "COD_DEPROV": 131.0, "NOM_DEPROV": "SANTIAGO CENTRO", "DEPENDENCI": 3.0, "RURAL_ESTA": 0.0, "ESTADO_EST": 1.0, "SC_MEN_SI": 0.0, "SC_MEN_H": 0.0, "SC_MEN_M": 0.0, "SC_MAY_H": 0.0, "SC_MAY_M": 0.0, "MED_MEN_SI": 0.0, "MED_MEN_H": 0.0, "MED_MEN_M": 0.0, "MED_MAY_SI": 0.0, "MED_MAY_H": 0.0, "MED_MAY_M": 0.0, "NT1_SI": 0.0, "NT1_H": 0.0, "NT1_M": 15.0, "NT2_SI": 0.0, "NT2_H": 0.0, "NT2_M": 27.0, "N_TOTAL": 42.0, "DIRECCION": "COMPAÑIA", "NUMERO": 2398.0, "REFERENCIA": null, "LATITUD": -33.440554, "LONGITUD": -70.66986 }, "geometry": { "type": "Point", "coordinates": [ -70.66986, -33.440554 ] } },
{ "type": "Feature", "properties": { "AGNO": 2021.0, "ID_ESTAB": 8791.0, "ORIGEN": 1.0, "NOM_ESTAB": "COLEGIO FILIPENSE", "COD_REG_ES": 13.0, "COD_PRO_ES": 131.0, "COD_COM_ES": 13101.0, "NOM_COM_ES": "SANTIAGO", "COD_DEPROV": 131.0, "NOM_DEPROV": "SANTIAGO CENTRO", "DEPENDENCI": 2.0, "RURAL_ESTA": 0.0, "ESTADO_EST": 1.0, "SC_MEN_SI": 0.0, "SC_MEN_H": 0.0, "SC_MEN_M": 0.0, "SC_MAY_H": 0.0, "SC_MAY_M": 0.0, "MED_MEN_SI": 0.0, "MED_MEN_H": 0.0, "MED_MEN_M": 0.0, "MED_MAY_SI": 0.0, "MED_MAY_H": 0.0, "MED_MAY_M": 0.0, "NT1_SI": 0.0, "NT1_H": 0.0, "NT1_M": 0.0, "NT2_SI": 0.0, "NT2_H": 32.0, "NT2_M": 48.0, "N_TOTAL": 80.0, "DIRECCION": "VERGARA", "NUMERO": 357.0, "REFERENCIA": "METRO LOS HÉROES, VEREDA SUR", "LATITUD": -33.451743, "LONGITUD": -70.661865 }, "geometry": { "type": "Point", "coordinates": [ -70.6618646, -33.45174347 ] } },
{ "type": "Feature", "properties": { "AGNO": 2021.0, "ID_ESTAB": 8809.0, "ORIGEN": 1.0, "NOM_ESTAB": "ESCUELA DE PARVULOS N°1146 HEYDDIE", "COD_REG_ES": 13.0, "COD_PRO_ES": 131.0, "COD_COM_ES": 13101.0, "NOM_COM_ES": "SANTIAGO", "COD_DEPROV": 131.0, "NOM_DEPROV": "SANTIAGO CENTRO", "DEPENDENCI": 3.0, "RURAL_ESTA": 0.0, "ESTADO_EST": 1.0, "SC_MEN_SI": 0.0, "SC_MEN_H": 0.0, "SC_MEN_M": 0.0, "SC_MAY_H": 0.0, "SC_MAY_M": 0.0, "MED_MEN_SI": 0.0, "MED_MEN_H": 3.0, "MED_MEN_M": 4.0, "MED_MAY_SI": 0.0, "MED_MAY_H": 4.0, "MED_MAY_M": 5.0, "NT1_SI": 0.0, "NT1_H": 2.0, "NT1_M": 0.0, "NT2_SI": 0.0, "NT2_H": 1.0, "NT2_M": 1.0, "N_TOTAL": 20.0, "DIRECCION": "ARZOBISPO GONZALEZ", "NUMERO": 479.0, "REFERENCIA": "ESTACION  DE METRO CUMMING  LINEA 5", "LATITUD": -33.439278, "LONGITUD": -70.6687 }, "geometry": { "type": "Point", "coordinates": [ -70.6687, -33.439278 ] } },
{ "type": "Feature", "properties": { "AGNO": 2021.0, "ID_ESTAB": 8950.0, "ORIGEN": 1.0, "NOM_ESTAB": "COLEGIO COMPANIA DE MARIA-SEMINARIO", "COD_REG_ES": 13.0, "COD_PRO_ES": 131.0, "COD_COM_ES": 13123.0, "NOM_COM_ES": "PROVIDENCIA", "COD_DEPROV": 133.0, "NOM_DEPROV": "SANTIAGO ORIENTE", "DEPENDENCI": 3.0, "RURAL_ESTA": 0.0, "ESTADO_EST": 1.0, "SC_MEN_SI": 0.0, "SC_MEN_H": 0.0, "SC_MEN_M": 0.0, "SC_MAY_H": 0.0, "SC_MAY_M": 0.0, "MED_MEN_SI": 0.0, "MED_MEN_H": 0.0, "MED_MEN_M": 0.0, "MED_MAY_SI": 0.0, "MED_MAY_H": 0.0, "MED_MAY_M": 0.0, "NT1_SI": 0.0, "NT1_H": 8.0, "NT1_M": 15.0, "NT2_SI": 0.0, "NT2_H": 14.0, "NT2_M": 28.0, "N_TOTAL": 65.0, "DIRECCION": "SEMINARIO", "NUMERO": 31.0, "REFERENCIA": null, "LATITUD": -33.437231, "LONGITUD": -70.63094 }, "geometry": { "type": "Point", "coordinates": [ -70.63094, -33.43723099 ] } },
{ "type": "Feature", "properties": { "AGNO": 2021.0, "ID_ESTAB": 8954.0, "ORIGEN": 1.0, "NOM_ESTAB": "COLEGIO MARIA INMACULADA", "COD_REG_ES": 13.0, "COD_PRO_ES": 131.0, "COD_COM_ES": 13123.0, "NOM_COM_ES": "PROVIDENCIA", "COD_DEPROV": 133.0, "NOM_DEPROV": "SANTIAGO ORIENTE", "DEPENDENCI": 2.0, "RURAL_ESTA": 0.0, "ESTADO_EST": 1.0, "SC_MEN_SI": 0.0, "SC_MEN_H": 0.0, "SC_MEN_M": 0.0, "SC_MAY_H": 0.0, "SC_MAY_M": 0.0, "MED_MEN_SI": 0.0, "MED_MEN_H": 0.0, "MED_MEN_M": 0.0, "MED_MAY_SI": 0.0, "MED_MAY_H": 0.0, "MED_MAY_M": 0.0, "NT1_SI": 0.0, "NT1_H": 0.0, "NT1_M": 33.0, "NT2_SI": 0.0, "NT2_H": 0.0, "NT2_M": 58.0, "N_TOTAL": 91.0, "DIRECCION": "MALLICKRODT", "NUMERO": 17.0, "REFERENCIA": "AV. BELLAVISTA ALTURA 0200", "LATITUD": -33.433621, "LONGITUD": -70.63293 }, "geometry": { "type": "Point", "coordinates": [ -70.63292953, -33.43362144 ] } },
{ "type": "Feature", "properties": { "AGNO": 2021.0, "ID_ESTAB": 9416.0, "ORIGEN": 1.0, "NOM_ESTAB": "ESCUELA POETAS DE CHILE", "COD_REG_ES": 13.0, "COD_PRO_ES": 131.0, "COD_COM_ES": 13121.0, "NOM_COM_ES": "PEDRO AGUIRRE CERDA", "COD_DEPROV": 131.0, "NOM_DEPROV": "SANTIAGO CENTRO", "DEPENDENCI": 1.0, "RURAL_ESTA": 0.0, "ESTADO_EST": 1.0, "SC_MEN_SI": 0.0, "SC_MEN_H": 0.0, "SC_MEN_M": 0.0, "SC_MAY_H": 0.0, "SC_MAY_M": 0.0, "MED_MEN_SI": 0.0, "MED_MEN_H": 0.0, "MED_MEN_M": 0.0, "MED_MAY_SI": 0.0, "MED_MAY_H": 0.0, "MED_MAY_M": 0.0, "NT1_SI": 0.0, "NT1_H": 22.0, "NT1_M": 20.0, "NT2_SI": 0.0, "NT2_H": 20.0, "NT2_M": 12.0, "N_TOTAL": 74.0, "DIRECCION": "JUAN BASTIDAS", "NUMERO": 2890.0, "REFERENCIA": "PARADERO 1 PANAMERICANA NORTE _SUR", "LATITUD": -33.480737, "LONGITUD": -70.660476 }, "geometry": { "type": "Point", "coordinates": [ -70.6604761, -33.48073675 ] } },
{ "type": "Feature", "properties": { "AGNO": 2021.0, "ID_ESTAB": 9430.0, "ORIGEN": 1.0, "NOM_ESTAB": "CENTRO EDUC. PROVINCIA DE ÑUBLE", "COD_REG_ES": 13.0, "COD_PRO_ES": 131.0, "COD_COM_ES": 13129.0, "NOM_COM_ES": "SAN JOAQUÍN", "COD_DEPROV": 131.0, "NOM_DEPROV": "SANTIAGO CENTRO", "DEPENDENCI": 6.0, "RURAL_ESTA": 0.0, "ESTADO_EST": 1.0, "SC_MEN_SI": 0.0, "SC_MEN_H": 0.0, "SC_MEN_M": 0.0, "SC_MAY_H": 0.0, "SC_MAY_M": 0.0, "MED_MEN_SI": 0.0, "MED_MEN_H": 0.0, "MED_MEN_M": 0.0, "MED_MAY_SI": 0.0, "MED_MAY_H": 0.0, "MED_MAY_M": 0.0, "NT1_SI": 0.0, "NT1_H": 18.0, "NT1_M": 22.0, "NT2_SI": 0.0, "NT2_H": 26.0, "NT2_M": 23.0, "N_TOTAL": 89.0, "DIRECCION": "AVENIDA SILVA", "NUMERO": 528.0, "REFERENCIA": "ENTRE CALLES CARMEN Y YALTA", "LATITUD": -33.478367, "LONGITUD": -70.636183 }, "geometry": { "type": "Point", "coordinates": [ -70.63618339, -33.47836714 ] } },
{ "type": "Feature", "properties": { "AGNO": 2021.0, "ID_ESTAB": 9509.0, "ORIGEN": 1.0, "NOM_ESTAB": "COLEGIO SUBERCASEAUX COLLEGE", "COD_REG_ES": 13.0, "COD_PRO_ES": 131.0, "COD_COM_ES": 13130.0, "NOM_COM_ES": "SAN MIGUEL", "COD_DEPROV": 131.0, "NOM_DEPROV": "SANTIAGO CENTRO", "DEPENDENCI": 3.0, "RURAL_ESTA": 0.0, "ESTADO_EST": 1.0, "SC_MEN_SI": 0.0, "SC_MEN_H": 0.0, "SC_MEN_M": 0.0, "SC_MAY_H": 0.0, "SC_MAY_M": 0.0, "MED_MEN_SI": 0.0, "MED_MEN_H": 0.0, "MED_MEN_M": 0.0, "MED_MAY_SI": 0.0, "MED_MAY_H": 0.0, "MED_MAY_M": 0.0, "NT1_SI": 0.0, "NT1_H": 0.0, "NT1_M": 0.0, "NT2_SI": 0.0, "NT2_H": 26.0, "NT2_M": 24.0, "N_TOTAL": 50.0, "DIRECCION": "BARROS LUCO", "NUMERO": 2895.0, "REFERENCIA": "PARADERO 3 ESTACIÓN METRO EL LLANO, HACIA EL OESTE.", "LATITUD": -33.480182, "LONGITUD": -70.65516 }, "geometry": { "type": "Point", "coordinates": [ -70.65516, -33.480182 ] } },
{ "type": "Feature", "properties": { "AGNO": 2021.0, "ID_ESTAB": 9558.0, "ORIGEN": 1.0, "NOM_ESTAB": "ESCUELA PARTICULAR ROCIO DE LOS ANGELES", "COD_REG_ES": 13.0, "COD_PRO_ES": 131.0, "COD_COM_ES": 13121.0, "NOM_COM_ES": "PEDRO AGUIRRE CERDA", "COD_DEPROV": 131.0, "NOM_DEPROV": "SANTIAGO CENTRO", "DEPENDENCI": 2.0, "RURAL_ESTA": 0.0, "ESTADO_EST": 1.0, "SC_MEN_SI": 0.0, "SC_MEN_H": 0.0, "SC_MEN_M": 0.0, "SC_MAY_H": 0.0, "SC_MAY_M": 0.0, "MED_MEN_SI": 0.0, "MED_MEN_H": 0.0, "MED_MEN_M": 0.0, "MED_MAY_SI": 0.0, "MED_MAY_H": 0.0, "MED_MAY_M": 0.0, "NT1_SI": 0.0, "NT1_H": 0.0, "NT1_M": 0.0, "NT2_SI": 0.0, "NT2_H": 29.0, "NT2_M": 25.0, "N_TOTAL": 54.0, "DIRECCION": "TRASLAVIÑA", "NUMERO": 1955.0, "REFERENCIA": "PARADERO 1 GRAN AV. HACIA EL PONIENTE", "LATITUD": -33.477958, "LONGITUD": -70.66169 }, "geometry": { "type": "Point", "coordinates": [ -70.66168974, -33.47795815 ] } },
{ "type": "Feature", "properties": { "AGNO": 2021.0, "ID_ESTAB": 10032.0, "ORIGEN": 1.0, "NOM_ESTAB": "ESCUELA BASICA PARTICULAR Nº 488 `ZENON TORREALBA`", "COD_REG_ES": 13.0, "COD_PRO_ES": 131.0, "COD_COM_ES": 13126.0, "NOM_COM_ES": "QUINTA NORMAL", "COD_DEPROV": 134.0, "NOM_DEPROV": "SANTIAGO PONIENTE", "DEPENDENCI": 2.0, "RURAL_ESTA": 0.0, "ESTADO_EST": 1.0, "SC_MEN_SI": 0.0, "SC_MEN_H": 0.0, "SC_MEN_M": 0.0, "SC_MAY_H": 0.0, "SC_MAY_M": 0.0, "MED_MEN_SI": 0.0, "MED_MEN_H": 0.0, "MED_MEN_M": 0.0, "MED_MAY_SI": 0.0, "MED_MAY_H": 0.0, "MED_MAY_M": 0.0, "NT1_SI": 0.0, "NT1_H": 20.0, "NT1_M": 20.0, "NT2_SI": 0.0, "NT2_H": 17.0, "NT2_M": 21.0, "N_TOTAL": 78.0, "DIRECCION": "ANDES", "NUMERO": 4023.0, "REFERENCIA": null, "LATITUD": -33.43392, "LONGITUD": -70.690206 }, "geometry": { "type": "Point", "coordinates": [ -70.69020642, -33.43391958 ] } },
{ "type": "Feature", "properties": { "AGNO": 2021.0, "ID_ESTAB": 10212.0, "ORIGEN": 1.0, "NOM_ESTAB": "ESCUELA JUANA ATALA DE HIRMAS", "COD_REG_ES": 13.0, "COD_PRO_ES": 131.0, "COD_COM_ES": 13128.0, "NOM_COM_ES": "RENCA", "COD_DEPROV": 134.0, "NOM_DEPROV": "SANTIAGO PONIENTE", "DEPENDENCI": 1.0, "RURAL_ESTA": 0.0, "ESTADO_EST": 1.0, "SC_MEN_SI": 0.0, "SC_MEN_H": 0.0, "SC_MEN_M": 0.0, "SC_MAY_H": 0.0, "SC_MAY_M": 0.0, "MED_MEN_SI": 0.0, "MED_MEN_H": 0.0, "MED_MEN_M": 0.0, "MED_MAY_SI": 0.0, "MED_MAY_H": 0.0, "MED_MAY_M": 0.0, "NT1_SI": 0.0, "NT1_H": 21.0, "NT1_M": 14.0, "NT2_SI": 0.0, "NT2_H": 19.0, "NT2_M": 16.0, "N_TOTAL": 70.0, "DIRECCION": "JUANA ATALA DE HIRMAS", "NUMERO": 2460.0, "REFERENCIA": "PASARELA ENRIQUE SORO", "LATITUD": -33.421766, "LONGITUD": -70.676547 }, "geometry": { "type": "Point", "coordinates": [ -70.67654668, -33.42176612 ] } },
{ "type": "Feature", "properties": { "AGNO": 2021.0, "ID_ESTAB": 10220.0, "ORIGEN": 1.0, "NOM_ESTAB": "COLEGIO PRESIDENTE ALESSANDRI", "COD_REG_ES": 13.0, "COD_PRO_ES": 131.0, "COD_COM_ES": 13108.0, "NOM_COM_ES": "INDEPENDENCIA", "COD_DEPROV": 137.0, "NOM_DEPROV": "SANTIAGO NORTE", "DEPENDENCI": 2.0, "RURAL_ESTA": 0.0, "ESTADO_EST": 1.0, "SC_MEN_SI": 0.0, "SC_MEN_H": 0.0, "SC_MEN_M": 0.0, "SC_MAY_H": 0.0, "SC_MAY_M": 0.0, "MED_MEN_SI": 0.0, "MED_MEN_H": 0.0, "MED_MEN_M": 0.0, "MED_MAY_SI": 0.0, "MED_MAY_H": 0.0, "MED_MAY_M": 0.0, "NT1_SI": 0.0, "NT1_H": 53.0, "NT1_M": 17.0, "NT2_SI": 0.0, "NT2_H": 90.0, "NT2_M": 0.0, "N_TOTAL": 160.0, "DIRECCION": "GAMERO", "NUMERO": 721.0, "REFERENCIA": "POBLACION JUAN ANTONIO RIOS 2, GAMERO, ESQUINA ALCALDE GERM\u001aAN DOM\u001aNGUEZ.", "LATITUD": -33.419875, "LONGITUD": -70.675567 }, "geometry": { "type": "Point", "coordinates": [ -70.67556709, -33.41987512 ] } },
{ "type": "Feature", "properties": { "AGNO": 2021.0, "ID_ESTAB": 11962.0, "ORIGEN": 1.0, "NOM_ESTAB": "COLEGIO PEDRO DE VALDIVIA-AGUSTINAS", "COD_REG_ES": 13.0, "COD_PRO_ES": 131.0, "COD_COM_ES": 13101.0, "NOM_COM_ES": "SANTIAGO", "COD_DEPROV": 131.0, "NOM_DEPROV": "SANTIAGO CENTRO", "DEPENDENCI": 3.0, "RURAL_ESTA": 0.0, "ESTADO_EST": 1.0, "SC_MEN_SI": 0.0, "SC_MEN_H": 0.0, "SC_MEN_M": 0.0, "SC_MAY_H": 0.0, "SC_MAY_M": 0.0, "MED_MEN_SI": 0.0, "MED_MEN_H": 0.0, "MED_MEN_M": 0.0, "MED_MAY_SI": 0.0, "MED_MAY_H": 9.0, "MED_MAY_M": 11.0, "NT1_SI": 0.0, "NT1_H": 45.0, "NT1_M": 44.0, "NT2_SI": 0.0, "NT2_H": 53.0, "NT2_M": 45.0, "N_TOTAL": 207.0, "DIRECCION": "AGUSTINAS", "NUMERO": 2009.0, "REFERENCIA": "AGUTINAS ENTRE AV. BRASIL Y CIENFUEGOS", "LATITUD": -33.44203, "LONGITUD": -70.66454 }, "geometry": { "type": "Point", "coordinates": [ -70.66454, -33.44203 ] } },
{ "type": "Feature", "properties": { "AGNO": 2021.0, "ID_ESTAB": 16811.0, "ORIGEN": 1.0, "NOM_ESTAB": "ESCUELA ESPECIAL N° 2430 SAN ALBERTO HURTADO", "COD_REG_ES": 13.0, "COD_PRO_ES": 131.0, "COD_COM_ES": 13101.0, "NOM_COM_ES": "SANTIAGO", "COD_DEPROV": 131.0, "NOM_DEPROV": "SANTIAGO CENTRO", "DEPENDENCI": 2.0, "RURAL_ESTA": 0.0, "ESTADO_EST": 1.0, "SC_MEN_SI": 0.0, "SC_MEN_H": 0.0, "SC_MEN_M": 0.0, "SC_MAY_H": 0.0, "SC_MAY_M": 0.0, "MED_MEN_SI": 0.0, "MED_MEN_H": 0.0, "MED_MEN_M": 0.0, "MED_MAY_SI": 0.0, "MED_MAY_H": 0.0, "MED_MAY_M": 0.0, "NT1_SI": 0.0, "NT1_H": 2.0, "NT1_M": 0.0, "NT2_SI": 0.0, "NT2_H": 2.0, "NT2_M": 0.0, "N_TOTAL": 4.0, "DIRECCION": "JOSE TORIBIO MEDINA", "NUMERO": 27.0, "REFERENCIA": null, "LATITUD": -33.445794, "LONGITUD": -70.663768 }, "geometry": { "type": "Point", "coordinates": [ -70.663768, -33.445794 ] } },
{ "type": "Feature", "properties": { "AGNO": 2021.0, "ID_ESTAB": 16890.0, "ORIGEN": 1.0, "NOM_ESTAB": "ESCUELA BÁSICA N° 2444 `QHAPAQ KUNA`", "COD_REG_ES": 13.0, "COD_PRO_ES": 131.0, "COD_COM_ES": 13126.0, "NOM_COM_ES": "QUINTA NORMAL", "COD_DEPROV": 134.0, "NOM_DEPROV": "SANTIAGO PONIENTE", "DEPENDENCI": 2.0, "RURAL_ESTA": 0.0, "ESTADO_EST": 1.0, "SC_MEN_SI": 0.0, "SC_MEN_H": 0.0, "SC_MEN_M": 0.0, "SC_MAY_H": 0.0, "SC_MAY_M": 0.0, "MED_MEN_SI": 0.0, "MED_MEN_H": 0.0, "MED_MEN_M": 0.0, "MED_MAY_SI": 0.0, "MED_MAY_H": 0.0, "MED_MAY_M": 0.0, "NT1_SI": 0.0, "NT1_H": 0.0, "NT1_M": 0.0, "NT2_SI": 0.0, "NT2_H": 15.0, "NT2_M": 11.0, "N_TOTAL": 26.0, "DIRECCION": "GENERAL BARBOSA", "NUMERO": 1220.0, "REFERENCIA": "METRO GRUTA LOURDES VEREDA NORTE, SAN PABLO.", "LATITUD": -33.43613, "LONGITUD": -70.689877 }, "geometry": { "type": "Point", "coordinates": [ -70.689877, -33.43613 ] } },
{ "type": "Feature", "properties": { "AGNO": 2021.0, "ID_ESTAB": 16946.0, "ORIGEN": 1.0, "NOM_ESTAB": "ESCUELA ESPECIAL N° 2449, `DE LA MERCED`", "COD_REG_ES": 13.0, "COD_PRO_ES": 131.0, "COD_COM_ES": 13101.0, "NOM_COM_ES": "SANTIAGO", "COD_DEPROV": 131.0, "NOM_DEPROV": "SANTIAGO CENTRO", "DEPENDENCI": 2.0, "RURAL_ESTA": 0.0, "ESTADO_EST": 1.0, "SC_MEN_SI": 0.0, "SC_MEN_H": 0.0, "SC_MEN_M": 0.0, "SC_MAY_H": 0.0, "SC_MAY_M": 0.0, "MED_MEN_SI": 0.0, "MED_MEN_H": 0.0, "MED_MEN_M": 0.0, "MED_MAY_SI": 0.0, "MED_MAY_H": 16.0, "MED_MAY_M": 12.0, "NT1_SI": 0.0, "NT1_H": 27.0, "NT1_M": 14.0, "NT2_SI": 0.0, "NT2_H": 22.0, "NT2_M": 18.0, "N_TOTAL": 109.0, "DIRECCION": "ROSAS", "NUMERO": 2867.0, "REFERENCIA": null, "LATITUD": -33.43704, "LONGITUD": -70.675464 }, "geometry": { "type": "Point", "coordinates": [ -70.6754636, -33.43703989 ] } },
{ "type": "Feature", "properties": { "AGNO": 2021.0, "ID_ESTAB": 24558.0, "ORIGEN": 1.0, "NOM_ESTAB": "ESCUELA BASICA PART.BLAS CANAS", "COD_REG_ES": 13.0, "COD_PRO_ES": 131.0, "COD_COM_ES": 13101.0, "NOM_COM_ES": "SANTIAGO", "COD_DEPROV": 131.0, "NOM_DEPROV": "SANTIAGO CENTRO", "DEPENDENCI": 2.0, "RURAL_ESTA": 0.0, "ESTADO_EST": 1.0, "SC_MEN_SI": 0.0, "SC_MEN_H": 0.0, "SC_MEN_M": 0.0, "SC_MAY_H": 0.0, "SC_MAY_M": 0.0, "MED_MEN_SI": 0.0, "MED_MEN_H": 0.0, "MED_MEN_M": 0.0, "MED_MAY_SI": 0.0, "MED_MAY_H": 0.0, "MED_MAY_M": 0.0, "NT1_SI": 0.0, "NT1_H": 41.0, "NT1_M": 64.0, "NT2_SI": 0.0, "NT2_H": 54.0, "NT2_M": 66.0, "N_TOTAL": 225.0, "DIRECCION": "BLAS CAÑAS", "NUMERO": 450.0, "REFERENCIA": "ESQUINA CARMEN CON CURICÓ", "LATITUD": -33.445594, "LONGITUD": -70.641442 }, "geometry": { "type": "Point", "coordinates": [ -70.64144184, -33.4455943 ] } },
{ "type": "Feature", "properties": { "AGNO": 2021.0, "ID_ESTAB": 24622.0, "ORIGEN": 1.0, "NOM_ESTAB": "MIGUEL DE CERVANTES Y SAAVEDRA ANEXO A-8", "COD_REG_ES": 13.0, "COD_PRO_ES": 131.0, "COD_COM_ES": 13101.0, "NOM_COM_ES": "SANTIAGO", "COD_DEPROV": 131.0, "NOM_DEPROV": "SANTIAGO CENTRO", "DEPENDENCI": 1.0, "RURAL_ESTA": 0.0, "ESTADO_EST": 1.0, "SC_MEN_SI": 0.0, "SC_MEN_H": 0.0, "SC_MEN_M": 0.0, "SC_MAY_H": 0.0, "SC_MAY_M": 0.0, "MED_MEN_SI": 0.0, "MED_MEN_H": 0.0, "MED_MEN_M": 0.0, "MED_MAY_SI": 0.0, "MED_MAY_H": 0.0, "MED_MAY_M": 0.0, "NT1_SI": 0.0, "NT1_H": 85.0, "NT1_M": 83.0, "NT2_SI": 0.0, "NT2_H": 98.0, "NT2_M": 77.0, "N_TOTAL": 343.0, "DIRECCION": "AGUSTINAS", "NUMERO": 2492.0, "REFERENCIA": null, "LATITUD": -33.44309, "LONGITUD": -70.670905 }, "geometry": { "type": "Point", "coordinates": [ -70.67090523, -33.44308998 ] } },
{ "type": "Feature", "properties": { "AGNO": 2021.0, "ID_ESTAB": 24782.0, "ORIGEN": 1.0, "NOM_ESTAB": "ESCUELA BÁSICA Y ESPECIAL BARROS LUCO", "COD_REG_ES": 13.0, "COD_PRO_ES": 131.0, "COD_COM_ES": 13130.0, "NOM_COM_ES": "SAN MIGUEL", "COD_DEPROV": 131.0, "NOM_DEPROV": "SANTIAGO CENTRO", "DEPENDENCI": 2.0, "RURAL_ESTA": 0.0, "ESTADO_EST": 1.0, "SC_MEN_SI": 0.0, "SC_MEN_H": 0.0, "SC_MEN_M": 0.0, "SC_MAY_H": 0.0, "SC_MAY_M": 0.0, "MED_MEN_SI": 0.0, "MED_MEN_H": 0.0, "MED_MEN_M": 0.0, "MED_MAY_SI": 0.0, "MED_MAY_H": 6.0, "MED_MAY_M": 6.0, "NT1_SI": 0.0, "NT1_H": 26.0, "NT1_M": 20.0, "NT2_SI": 0.0, "NT2_H": 29.0, "NT2_M": 22.0, "N_TOTAL": 109.0, "DIRECCION": "RAMON BARROS LUCO", "NUMERO": 2983.0, "REFERENCIA": "ESTACIÓN METRO EL LLANO  PARADERO 4 GRAN AVENIDA", "LATITUD": -33.480546, "LONGITUD": -70.655301 }, "geometry": { "type": "Point", "coordinates": [ -70.65530065, -33.48054588 ] } },
{ "type": "Feature", "properties": { "AGNO": 2021.0, "ID_ESTAB": 25131.0, "ORIGEN": 1.0, "NOM_ESTAB": "ESC ESP Nº 1637 MAGDALENA AVALOS CRUZ ASPAUT", "COD_REG_ES": 13.0, "COD_PRO_ES": 131.0, "COD_COM_ES": 13130.0, "NOM_COM_ES": "SAN MIGUEL", "COD_DEPROV": 131.0, "NOM_DEPROV": "SANTIAGO CENTRO", "DEPENDENCI": 2.0, "RURAL_ESTA": 0.0, "ESTADO_EST": 1.0, "SC_MEN_SI": 0.0, "SC_MEN_H": 0.0, "SC_MEN_M": 0.0, "SC_MAY_H": 0.0, "SC_MAY_M": 0.0, "MED_MEN_SI": 0.0, "MED_MEN_H": 0.0, "MED_MEN_M": 0.0, "MED_MAY_SI": 0.0, "MED_MAY_H": 0.0, "MED_MAY_M": 0.0, "NT1_SI": 0.0, "NT1_H": 6.0, "NT1_M": 2.0, "NT2_SI": 0.0, "NT2_H": 11.0, "NT2_M": 2.0, "N_TOTAL": 21.0, "DIRECCION": "GRAN AVENIDA JOSE MIGUEL CARRERA", "NUMERO": 2820.0, "REFERENCIA": "PARADERO 3 DE GRAN AVENIDA HACIA EL NORTE, ESQUINA CARLOS VALDOVINOS", "LATITUD": -33.480167, "LONGITUD": -70.64788 }, "geometry": { "type": "Point", "coordinates": [ -70.64788, -33.480167 ] } },
{ "type": "Feature", "properties": { "AGNO": 2021.0, "ID_ESTAB": 25185.0, "ORIGEN": 1.0, "NOM_ESTAB": "COLEGIO PARTICULAR OZANAM", "COD_REG_ES": 13.0, "COD_PRO_ES": 131.0, "COD_COM_ES": 13101.0, "NOM_COM_ES": "SANTIAGO", "COD_DEPROV": 131.0, "NOM_DEPROV": "SANTIAGO CENTRO", "DEPENDENCI": 2.0, "RURAL_ESTA": 0.0, "ESTADO_EST": 1.0, "SC_MEN_SI": 0.0, "SC_MEN_H": 0.0, "SC_MEN_M": 0.0, "SC_MAY_H": 0.0, "SC_MAY_M": 0.0, "MED_MEN_SI": 0.0, "MED_MEN_H": 0.0, "MED_MEN_M": 0.0, "MED_MAY_SI": 0.0, "MED_MAY_H": 0.0, "MED_MAY_M": 0.0, "NT1_SI": 0.0, "NT1_H": 33.0, "NT1_M": 28.0, "NT2_SI": 0.0, "NT2_H": 28.0, "NT2_M": 40.0, "N_TOTAL": 129.0, "DIRECCION": "YUNGAY", "NUMERO": 2845.0, "REFERENCIA": "YUNGAY  ENTRE  LIBERTAD  Y  ESPERANZA", "LATITUD": -33.429009, "LONGITUD": -70.676162 }, "geometry": { "type": "Point", "coordinates": [ -70.67616219, -33.42900852 ] } },
{ "type": "Feature", "properties": { "AGNO": 2021.0, "ID_ESTAB": 25213.0, "ORIGEN": 1.0, "NOM_ESTAB": "COLEGIO HOSPITAL SAN BORJA ARRIARAN", "COD_REG_ES": 13.0, "COD_PRO_ES": 131.0, "COD_COM_ES": 13101.0, "NOM_COM_ES": "SANTIAGO", "COD_DEPROV": 131.0, "NOM_DEPROV": "SANTIAGO CENTRO", "DEPENDENCI": 2.0, "RURAL_ESTA": 0.0, "ESTADO_EST": 1.0, "SC_MEN_SI": 0.0, "SC_MEN_H": 0.0, "SC_MEN_M": 0.0, "SC_MAY_H": 0.0, "SC_MAY_M": 0.0, "MED_MEN_SI": 0.0, "MED_MEN_H": 0.0, "MED_MEN_M": 0.0, "MED_MAY_SI": 0.0, "MED_MAY_H": 0.0, "MED_MAY_M": 0.0, "NT1_SI": 0.0, "NT1_H": 1.0, "NT1_M": 1.0, "NT2_SI": 0.0, "NT2_H": 1.0, "NT2_M": 0.0, "N_TOTAL": 3.0, "DIRECCION": "AVENIDA SANTA ROSA", "NUMERO": 1234.0, "REFERENCIA": "EN EL 3º PISO DEL HOSPITAL SAN BORJA ARRIARAN.", "LATITUD": -33.460967, "LONGITUD": -70.642682 }, "geometry": { "type": "Point", "coordinates": [ -70.64268192, -33.46096668 ] } },
{ "type": "Feature", "properties": { "AGNO": 2021.0, "ID_ESTAB": 25272.0, "ORIGEN": 1.0, "NOM_ESTAB": "ESC.PARVULOS PARTICULAR LOS ANGELITOS", "COD_REG_ES": 13.0, "COD_PRO_ES": 131.0, "COD_COM_ES": 13101.0, "NOM_COM_ES": "SANTIAGO", "COD_DEPROV": 131.0, "NOM_DEPROV": "SANTIAGO CENTRO", "DEPENDENCI": 2.0, "RURAL_ESTA": 0.0, "ESTADO_EST": 1.0, "SC_MEN_SI": 0.0, "SC_MEN_H": 0.0, "SC_MEN_M": 0.0, "SC_MAY_H": 0.0, "SC_MAY_M": 0.0, "MED_MEN_SI": 0.0, "MED_MEN_H": 0.0, "MED_MEN_M": 0.0, "MED_MAY_SI": 0.0, "MED_MAY_H": 0.0, "MED_MAY_M": 0.0, "NT1_SI": 0.0, "NT1_H": 21.0, "NT1_M": 18.0, "NT2_SI": 0.0, "NT2_H": 19.0, "NT2_M": 23.0, "N_TOTAL": 81.0, "DIRECCION": "CALLE PORVENIR", "NUMERO": 579.0, "REFERENCIA": "579-581", "LATITUD": -33.4557, "LONGITUD": -70.64301 }, "geometry": { "type": "Point", "coordinates": [ -70.64301, -33.4557 ] } },
{ "type": "Feature", "properties": { "AGNO": 2021.0, "ID_ESTAB": 25277.0, "ORIGEN": 1.0, "NOM_ESTAB": "ESCUELA ESPECIAL SANTIAGO APOSTOL", "COD_REG_ES": 13.0, "COD_PRO_ES": 131.0, "COD_COM_ES": 13101.0, "NOM_COM_ES": "SANTIAGO", "COD_DEPROV": 131.0, "NOM_DEPROV": "SANTIAGO CENTRO", "DEPENDENCI": 1.0, "RURAL_ESTA": 0.0, "ESTADO_EST": 1.0, "SC_MEN_SI": 0.0, "SC_MEN_H": 0.0, "SC_MEN_M": 0.0, "SC_MAY_H": 0.0, "SC_MAY_M": 0.0, "MED_MEN_SI": 0.0, "MED_MEN_H": 0.0, "MED_MEN_M": 0.0, "MED_MAY_SI": 0.0, "MED_MAY_H": 7.0, "MED_MAY_M": 1.0, "NT1_SI": 0.0, "NT1_H": 0.0, "NT1_M": 0.0, "NT2_SI": 0.0, "NT2_H": 5.0, "NT2_M": 3.0, "N_TOTAL": 16.0, "DIRECCION": "SAN PABLO", "NUMERO": 3358.0, "REFERENCIA": "SAN PABLO ESQUINA MATUCANA", "LATITUD": -33.436082, "LONGITUD": -70.681159 }, "geometry": { "type": "Point", "coordinates": [ -70.6811592, -33.43608236 ] } },
{ "type": "Feature", "properties": { "AGNO": 2021.0, "ID_ESTAB": 25379.0, "ORIGEN": 1.0, "NOM_ESTAB": "ESCUELA DE PARVULOS N°1765 KIMN", "COD_REG_ES": 13.0, "COD_PRO_ES": 131.0, "COD_COM_ES": 13101.0, "NOM_COM_ES": "SANTIAGO", "COD_DEPROV": 131.0, "NOM_DEPROV": "SANTIAGO CENTRO", "DEPENDENCI": 3.0, "RURAL_ESTA": 0.0, "ESTADO_EST": 1.0, "SC_MEN_SI": 0.0, "SC_MEN_H": 0.0, "SC_MEN_M": 0.0, "SC_MAY_H": 0.0, "SC_MAY_M": 0.0, "MED_MEN_SI": 0.0, "MED_MEN_H": 2.0, "MED_MEN_M": 0.0, "MED_MAY_SI": 0.0, "MED_MAY_H": 4.0, "MED_MAY_M": 2.0, "NT1_SI": 0.0, "NT1_H": 0.0, "NT1_M": 3.0, "NT2_SI": 0.0, "NT2_H": 0.0, "NT2_M": 0.0, "N_TOTAL": 11.0, "DIRECCION": "GENERAL BULNES", "NUMERO": 463.0, "REFERENCIA": "UBICADO EN CALLE GENERAL BULNES (ENTRE COMPAÑÍA Y CATEDRAL).", "LATITUD": -33.439823, "LONGITUD": -70.66969 }, "geometry": { "type": "Point", "coordinates": [ -70.66969, -33.43982299 ] } },
{ "type": "Feature", "properties": { "AGNO": 2021.0, "ID_ESTAB": 25402.0, "ORIGEN": 1.0, "NOM_ESTAB": "COL. PART. SALES. EL PATROCINIO DE SAN JOSE", "COD_REG_ES": 13.0, "COD_PRO_ES": 131.0, "COD_COM_ES": 13123.0, "NOM_COM_ES": "PROVIDENCIA", "COD_DEPROV": 133.0, "NOM_DEPROV": "SANTIAGO ORIENTE", "DEPENDENCI": 2.0, "RURAL_ESTA": 0.0, "ESTADO_EST": 1.0, "SC_MEN_SI": 0.0, "SC_MEN_H": 0.0, "SC_MEN_M": 0.0, "SC_MAY_H": 0.0, "SC_MAY_M": 0.0, "MED_MEN_SI": 0.0, "MED_MEN_H": 0.0, "MED_MEN_M": 0.0, "MED_MAY_SI": 0.0, "MED_MAY_H": 0.0, "MED_MAY_M": 0.0, "NT1_SI": 0.0, "NT1_H": 25.0, "NT1_M": 0.0, "NT2_SI": 0.0, "NT2_H": 72.0, "NT2_M": 0.0, "N_TOTAL": 97.0, "DIRECCION": "BELLAVISTA", "NUMERO": 550.0, "REFERENCIA": "ESTACIÓN METRO EL SALVADOR HACIA EL NORTE", "LATITUD": -33.430888, "LONGITUD": -70.628468 }, "geometry": { "type": "Point", "coordinates": [ -70.6284684, -33.43088782 ] } },
{ "type": "Feature", "properties": { "AGNO": 2021.0, "ID_ESTAB": 25537.0, "ORIGEN": 1.0, "NOM_ESTAB": "ESCUELA DE PARV. Y ESPECIAL PELUSITA", "COD_REG_ES": 13.0, "COD_PRO_ES": 131.0, "COD_COM_ES": 13101.0, "NOM_COM_ES": "SANTIAGO", "COD_DEPROV": 131.0, "NOM_DEPROV": "SANTIAGO CENTRO", "DEPENDENCI": 2.0, "RURAL_ESTA": 0.0, "ESTADO_EST": 1.0, "SC_MEN_SI": 0.0, "SC_MEN_H": 0.0, "SC_MEN_M": 0.0, "SC_MAY_H": 0.0, "SC_MAY_M": 0.0, "MED_MEN_SI": 0.0, "MED_MEN_H": 0.0, "MED_MEN_M": 0.0, "MED_MAY_SI": 0.0, "MED_MAY_H": 25.0, "MED_MAY_M": 20.0, "NT1_SI": 0.0, "NT1_H": 30.0, "NT1_M": 27.0, "NT2_SI": 0.0, "NT2_H": 24.0, "NT2_M": 20.0, "N_TOTAL": 146.0, "DIRECCION": "CALLE EDUARDO MATTE", "NUMERO": 2042.0, "REFERENCIA": "ENTRE CARMEN Y SAN ISIDRO", "LATITUD": -33.47228, "LONGITUD": -70.63798 }, "geometry": { "type": "Point", "coordinates": [ -70.63798, -33.47227999 ] } },
{ "type": "Feature", "properties": { "AGNO": 2021.0, "ID_ESTAB": 25627.0, "ORIGEN": 1.0, "NOM_ESTAB": "ESCUELA PARVULOS INST. SWEET N1", "COD_REG_ES": 13.0, "COD_PRO_ES": 131.0, "COD_COM_ES": 13101.0, "NOM_COM_ES": "SANTIAGO", "COD_DEPROV": 131.0, "NOM_DEPROV": "SANTIAGO CENTRO", "DEPENDENCI": 2.0, "RURAL_ESTA": 0.0, "ESTADO_EST": 1.0, "SC_MEN_SI": 0.0, "SC_MEN_H": 0.0, "SC_MEN_M": 0.0, "SC_MAY_H": 0.0, "SC_MAY_M": 0.0, "MED_MEN_SI": 0.0, "MED_MEN_H": 0.0, "MED_MEN_M": 0.0, "MED_MAY_SI": 0.0, "MED_MAY_H": 0.0, "MED_MAY_M": 0.0, "NT1_SI": 0.0, "NT1_H": 46.0, "NT1_M": 35.0, "NT2_SI": 0.0, "NT2_H": 46.0, "NT2_M": 48.0, "N_TOTAL": 175.0, "DIRECCION": "SARGENTO ALDEA", "NUMERO": 1057.0, "REFERENCIA": "SAN DIEGO ALTURA DEL 1600 HACIA EL ORIENTE.", "LATITUD": -33.468243, "LONGITUD": -70.64721 }, "geometry": { "type": "Point", "coordinates": [ -70.64721, -33.468243 ] } },
{ "type": "Feature", "properties": { "AGNO": 2021.0, "ID_ESTAB": 25638.0, "ORIGEN": 1.0, "NOM_ESTAB": "ESCUELA ESPECIAL CASTORCITO", "COD_REG_ES": 13.0, "COD_PRO_ES": 131.0, "COD_COM_ES": 13129.0, "NOM_COM_ES": "SAN JOAQUÍN", "COD_DEPROV": 131.0, "NOM_DEPROV": "SANTIAGO CENTRO", "DEPENDENCI": 2.0, "RURAL_ESTA": 0.0, "ESTADO_EST": 1.0, "SC_MEN_SI": 0.0, "SC_MEN_H": 0.0, "SC_MEN_M": 0.0, "SC_MAY_H": 0.0, "SC_MAY_M": 0.0, "MED_MEN_SI": 0.0, "MED_MEN_H": 0.0, "MED_MEN_M": 0.0, "MED_MAY_SI": 0.0, "MED_MAY_H": 15.0, "MED_MAY_M": 13.0, "NT1_SI": 0.0, "NT1_H": 18.0, "NT1_M": 12.0, "NT2_SI": 0.0, "NT2_H": 14.0, "NT2_M": 10.0, "N_TOTAL": 82.0, "DIRECCION": "CALLE DAVILA LARRAIN", "NUMERO": 2356.0, "REFERENCIA": "PARADERO1 STA ROSA AL ESTE", "LATITUD": -33.47561, "LONGITUD": -70.632576 }, "geometry": { "type": "Point", "coordinates": [ -70.632576, -33.47561 ] } },
{ "type": "Feature", "properties": { "AGNO": 2021.0, "ID_ESTAB": 25822.0, "ORIGEN": 1.0, "NOM_ESTAB": "ESCUELA DE PARVULOS N°1980 SAN ANTONIO MARIA ZACCARIA II", "COD_REG_ES": 13.0, "COD_PRO_ES": 131.0, "COD_COM_ES": 13101.0, "NOM_COM_ES": "SANTIAGO", "COD_DEPROV": 131.0, "NOM_DEPROV": "SANTIAGO CENTRO", "DEPENDENCI": 3.0, "RURAL_ESTA": 0.0, "ESTADO_EST": 1.0, "SC_MEN_SI": 0.0, "SC_MEN_H": 0.0, "SC_MEN_M": 0.0, "SC_MAY_H": 0.0, "SC_MAY_M": 0.0, "MED_MEN_SI": 0.0, "MED_MEN_H": 0.0, "MED_MEN_M": 0.0, "MED_MAY_SI": 0.0, "MED_MAY_H": 0.0, "MED_MAY_M": 0.0, "NT1_SI": 0.0, "NT1_H": 0.0, "NT1_M": 0.0, "NT2_SI": 0.0, "NT2_H": 3.0, "NT2_M": 3.0, "N_TOTAL": 6.0, "DIRECCION": "CALLE LORD COCHRANE", "NUMERO": 1589.0, "REFERENCIA": null, "LATITUD": -33.46755, "LONGITUD": -70.65258 }, "geometry": { "type": "Point", "coordinates": [ -70.65258, -33.46755 ] } },
{ "type": "Feature", "properties": { "AGNO": 2021.0, "ID_ESTAB": 25859.0, "ORIGEN": 1.0, "NOM_ESTAB": "ESCUELA ESP. PART. RALUI", "COD_REG_ES": 13.0, "COD_PRO_ES": 131.0, "COD_COM_ES": 13101.0, "NOM_COM_ES": "SANTIAGO", "COD_DEPROV": 131.0, "NOM_DEPROV": "SANTIAGO CENTRO", "DEPENDENCI": 2.0, "RURAL_ESTA": 0.0, "ESTADO_EST": 1.0, "SC_MEN_SI": 0.0, "SC_MEN_H": 0.0, "SC_MEN_M": 0.0, "SC_MAY_H": 0.0, "SC_MAY_M": 0.0, "MED_MEN_SI": 0.0, "MED_MEN_H": 0.0, "MED_MEN_M": 0.0, "MED_MAY_SI": 0.0, "MED_MAY_H": 18.0, "MED_MAY_M": 10.0, "NT1_SI": 0.0, "NT1_H": 15.0, "NT1_M": 8.0, "NT2_SI": 0.0, "NT2_H": 16.0, "NT2_M": 6.0, "N_TOTAL": 73.0, "DIRECCION": "CALLE PORVENIR", "NUMERO": 446.0, "REFERENCIA": "PORVENIR ENTRE CARMEN Y LIRA", "LATITUD": -33.456388, "LONGITUD": -70.638266 }, "geometry": { "type": "Point", "coordinates": [ -70.638266, -33.45638799 ] } },
{ "type": "Feature", "properties": { "AGNO": 2021.0, "ID_ESTAB": 25940.0, "ORIGEN": 1.0, "NOM_ESTAB": "ESCUELA DE PARV. PARQUE OHIGGINS", "COD_REG_ES": 13.0, "COD_PRO_ES": 131.0, "COD_COM_ES": 13101.0, "NOM_COM_ES": "SANTIAGO", "COD_DEPROV": 131.0, "NOM_DEPROV": "SANTIAGO CENTRO", "DEPENDENCI": 1.0, "RURAL_ESTA": 0.0, "ESTADO_EST": 1.0, "SC_MEN_SI": 0.0, "SC_MEN_H": 0.0, "SC_MEN_M": 0.0, "SC_MAY_H": 0.0, "SC_MAY_M": 0.0, "MED_MEN_SI": 0.0, "MED_MEN_H": 0.0, "MED_MEN_M": 0.0, "MED_MAY_SI": 0.0, "MED_MAY_H": 0.0, "MED_MAY_M": 0.0, "NT1_SI": 0.0, "NT1_H": 18.0, "NT1_M": 26.0, "NT2_SI": 0.0, "NT2_H": 10.0, "NT2_M": 20.0, "N_TOTAL": 74.0, "DIRECCION": "INTERIOR PARQUE O'HIGGINS", "NUMERO": 0.0, "REFERENCIA": "INTERIOR PARQUE O´HIGGINS (ENTRADA POR RONDIZZONI)", "LATITUD": -33.468187, "LONGITUD": -70.658462 }, "geometry": { "type": "Point", "coordinates": [ -70.658462, -33.468187 ] } },
{ "type": "Feature", "properties": { "AGNO": 2021.0, "ID_ESTAB": 26036.0, "ORIGEN": 1.0, "NOM_ESTAB": "ESCUELA ESPECIAL N 2086 HOSPITAL CLINICO PONTIFICIA UNIVERSIDAD CATÓLICA DE CHILE", "COD_REG_ES": 13.0, "COD_PRO_ES": 131.0, "COD_COM_ES": 13101.0, "NOM_COM_ES": "SANTIAGO", "COD_DEPROV": 131.0, "NOM_DEPROV": "SANTIAGO CENTRO", "DEPENDENCI": 2.0, "RURAL_ESTA": 0.0, "ESTADO_EST": 1.0, "SC_MEN_SI": 0.0, "SC_MEN_H": 0.0, "SC_MEN_M": 0.0, "SC_MAY_H": 0.0, "SC_MAY_M": 0.0, "MED_MEN_SI": 0.0, "MED_MEN_H": 0.0, "MED_MEN_M": 0.0, "MED_MAY_SI": 0.0, "MED_MAY_H": 0.0, "MED_MAY_M": 0.0, "NT1_SI": 0.0, "NT1_H": 0.0, "NT1_M": 0.0, "NT2_SI": 0.0, "NT2_H": 1.0, "NT2_M": 1.0, "N_TOTAL": 2.0, "DIRECCION": "MARCOLETA", "NUMERO": 367.0, "REFERENCIA": "7º PISO - ENTRE PORTUGAL Y LIRA, UNA CUADRA HACIA EL SUR DESDE ALAMEDA", "LATITUD": -33.442176, "LONGITUD": -70.640256 }, "geometry": { "type": "Point", "coordinates": [ -70.64025565, -33.44217648 ] } },
{ "type": "Feature", "properties": { "AGNO": 2021.0, "ID_ESTAB": 26081.0, "ORIGEN": 1.0, "NOM_ESTAB": "ESCUELA ESP. DICKENS COLLEGE", "COD_REG_ES": 13.0, "COD_PRO_ES": 131.0, "COD_COM_ES": 13108.0, "NOM_COM_ES": "INDEPENDENCIA", "COD_DEPROV": 137.0, "NOM_DEPROV": "SANTIAGO NORTE", "DEPENDENCI": 2.0, "RURAL_ESTA": 0.0, "ESTADO_EST": 1.0, "SC_MEN_SI": 0.0, "SC_MEN_H": 0.0, "SC_MEN_M": 0.0, "SC_MAY_H": 0.0, "SC_MAY_M": 0.0, "MED_MEN_SI": 0.0, "MED_MEN_H": 0.0, "MED_MEN_M": 0.0, "MED_MAY_SI": 0.0, "MED_MAY_H": 9.0, "MED_MAY_M": 9.0, "NT1_SI": 0.0, "NT1_H": 6.0, "NT1_M": 8.0, "NT2_SI": 0.0, "NT2_H": 6.0, "NT2_M": 6.0, "N_TOTAL": 44.0, "DIRECCION": "AVENIDA SALOMON SACK", "NUMERO": 686.0, "REFERENCIA": "ESQUINA 18 NORTE - POBLACIÓN JUAN ANTONIO RÍOS N°2.  FERMÍN VIVACETA-MUÑOZ GAMERO-AVENIDA SALOMÓN SACK,DOS CUADRAS DE LA COMPAÑÍA DE BOMBEROS,HACIA EL NORTE.", "LATITUD": -33.417183, "LONGITUD": -70.67542 }, "geometry": { "type": "Point", "coordinates": [ -70.67542, -33.417183 ] } },
{ "type": "Feature", "properties": { "AGNO": 2021.0, "ID_ESTAB": 31158.0, "ORIGEN": 1.0, "NOM_ESTAB": "ESC. DE PARVULOS Y ESPECIAL", "COD_REG_ES": 13.0, "COD_PRO_ES": 131.0, "COD_COM_ES": 13108.0, "NOM_COM_ES": "INDEPENDENCIA", "COD_DEPROV": 137.0, "NOM_DEPROV": "SANTIAGO NORTE", "DEPENDENCI": 2.0, "RURAL_ESTA": 0.0, "ESTADO_EST": 1.0, "SC_MEN_SI": 0.0, "SC_MEN_H": 0.0, "SC_MEN_M": 0.0, "SC_MAY_H": 0.0, "SC_MAY_M": 0.0, "MED_MEN_SI": 0.0, "MED_MEN_H": 0.0, "MED_MEN_M": 0.0, "MED_MAY_SI": 0.0, "MED_MAY_H": 23.0, "MED_MAY_M": 37.0, "NT1_SI": 0.0, "NT1_H": 44.0, "NT1_M": 34.0, "NT2_SI": 0.0, "NT2_H": 24.0, "NT2_M": 24.0, "N_TOTAL": 186.0, "DIRECCION": "ENRIQUE SORO", "NUMERO": 1015.0, "REFERENCIA": "SALOMON SACK 475, ESQUINA ENRIQUE SORO", "LATITUD": -33.418324, "LONGITUD": -70.67199 }, "geometry": { "type": "Point", "coordinates": [ -70.67198999, -33.418324 ] } },
{ "type": "Feature", "properties": { "AGNO": 2021.0, "ID_ESTAB": 31184.0, "ORIGEN": 1.0, "NOM_ESTAB": "ESCUELA DE PARVULOS CASTORCITO Nº 2", "COD_REG_ES": 13.0, "COD_PRO_ES": 131.0, "COD_COM_ES": 13129.0, "NOM_COM_ES": "SAN JOAQUÍN", "COD_DEPROV": 131.0, "NOM_DEPROV": "SANTIAGO CENTRO", "DEPENDENCI": 2.0, "RURAL_ESTA": 0.0, "ESTADO_EST": 1.0, "SC_MEN_SI": 0.0, "SC_MEN_H": 0.0, "SC_MEN_M": 0.0, "SC_MAY_H": 0.0, "SC_MAY_M": 0.0, "MED_MEN_SI": 0.0, "MED_MEN_H": 0.0, "MED_MEN_M": 0.0, "MED_MAY_SI": 0.0, "MED_MAY_H": 0.0, "MED_MAY_M": 0.0, "NT1_SI": 0.0, "NT1_H": 1.0, "NT1_M": 2.0, "NT2_SI": 0.0, "NT2_H": 9.0, "NT2_M": 7.0, "N_TOTAL": 19.0, "DIRECCION": "TOCORNAL", "NUMERO": 2383.0, "REFERENCIA": null, "LATITUD": -33.475708, "LONGITUD": -70.633354 }, "geometry": { "type": "Point", "coordinates": [ -70.633354, -33.47570799 ] } },
{ "type": "Feature", "properties": { "AGNO": 2021.0, "ID_ESTAB": 31438.0, "ORIGEN": 1.0, "NOM_ESTAB": "COLEGIO AULA CLINICA SANTA MARIA", "COD_REG_ES": 13.0, "COD_PRO_ES": 131.0, "COD_COM_ES": 13123.0, "NOM_COM_ES": "PROVIDENCIA", "COD_DEPROV": 133.0, "NOM_DEPROV": "SANTIAGO ORIENTE", "DEPENDENCI": 2.0, "RURAL_ESTA": 0.0, "ESTADO_EST": 1.0, "SC_MEN_SI": 0.0, "SC_MEN_H": 0.0, "SC_MEN_M": 0.0, "SC_MAY_H": 0.0, "SC_MAY_M": 0.0, "MED_MEN_SI": 0.0, "MED_MEN_H": 0.0, "MED_MEN_M": 0.0, "MED_MAY_SI": 0.0, "MED_MAY_H": 0.0, "MED_MAY_M": 0.0, "NT1_SI": 0.0, "NT1_H": 1.0, "NT1_M": 0.0, "NT2_SI": 0.0, "NT2_H": 2.0, "NT2_M": 0.0, "N_TOTAL": 3.0, "DIRECCION": "AVENIDA SANTA MARIA", "NUMERO": 500.0, "REFERENCIA": "AV.BELLAVISTA CON CAPELLÁN ABARZÚA", "LATITUD": -33.432772, "LONGITUD": -70.628324 }, "geometry": { "type": "Point", "coordinates": [ -70.628324, -33.432772 ] } },
{ "type": "Feature", "properties": { "AGNO": 2021.0, "ID_ESTAB": 31494.0, "ORIGEN": 1.0, "NOM_ESTAB": "COL HOSP. CONSTRUYENDO SUEÑOS, CLINICA DAVILA", "COD_REG_ES": 13.0, "COD_PRO_ES": 131.0, "COD_COM_ES": 13127.0, "NOM_COM_ES": "RECOLETA", "COD_DEPROV": 137.0, "NOM_DEPROV": "SANTIAGO NORTE", "DEPENDENCI": 2.0, "RURAL_ESTA": 0.0, "ESTADO_EST": 1.0, "SC_MEN_SI": 0.0, "SC_MEN_H": 0.0, "SC_MEN_M": 0.0, "SC_MAY_H": 0.0, "SC_MAY_M": 0.0, "MED_MEN_SI": 0.0, "MED_MEN_H": 0.0, "MED_MEN_M": 0.0, "MED_MAY_SI": 0.0, "MED_MAY_H": 0.0, "MED_MAY_M": 0.0, "NT1_SI": 0.0, "NT1_H": 3.0, "NT1_M": 2.0, "NT2_SI": 0.0, "NT2_H": 1.0, "NT2_M": 2.0, "N_TOTAL": 8.0, "DIRECCION": "AVENIDA RECOLETA", "NUMERO": 464.0, "REFERENCIA": "METRO PATRONATO  DENTRO DE CLINICA DAVILA  EDIFICIO G  PISO -1", "LATITUD": -33.427278, "LONGITUD": -70.648545 }, "geometry": { "type": "Point", "coordinates": [ -70.64854531, -33.4272776 ] } },
{ "type": "Feature", "properties": { "AGNO": 2021.0, "ID_ESTAB": 41596.0, "ORIGEN": 1.0, "NOM_ESTAB": "ESCUELA ESPECIAL INTEGRAL DE CARABINEROS", "COD_REG_ES": 13.0, "COD_PRO_ES": 131.0, "COD_COM_ES": 13113.0, "NOM_COM_ES": "LA REINA", "COD_DEPROV": 133.0, "NOM_DEPROV": "SANTIAGO ORIENTE", "DEPENDENCI": 3.0, "RURAL_ESTA": 0.0, "ESTADO_EST": 1.0, "SC_MEN_SI": 0.0, "SC_MEN_H": 0.0, "SC_MEN_M": 0.0, "SC_MAY_H": 0.0, "SC_MAY_M": 0.0, "MED_MEN_SI": 0.0, "MED_MEN_H": 0.0, "MED_MEN_M": 0.0, "MED_MAY_SI": 0.0, "MED_MAY_H": 0.0, "MED_MAY_M": 0.0, "NT1_SI": 0.0, "NT1_H": 0.0, "NT1_M": 0.0, "NT2_SI": 0.0, "NT2_H": 0.0, "NT2_M": 1.0, "N_TOTAL": 1.0, "DIRECCION": "AMUNATEGUI", "NUMERO": 519.0, "REFERENCIA": null, "LATITUD": -33.437601, "LONGITUD": -70.65671 }, "geometry": { "type": "Point", "coordinates": [ -70.65671, -33.437601 ] } },
{ "type": "Feature", "properties": { "AGNO": 2021.0, "ID_ESTAB": 41775.0, "ORIGEN": 1.0, "NOM_ESTAB": "SALA CUNA Y JARDIN INFANTIL CRUCERO", "COD_REG_ES": 13.0, "COD_PRO_ES": 131.0, "COD_COM_ES": 13123.0, "NOM_COM_ES": "PROVIDENCIA", "COD_DEPROV": 133.0, "NOM_DEPROV": "SANTIAGO ORIENTE", "DEPENDENCI": 3.0, "RURAL_ESTA": 0.0, "ESTADO_EST": 1.0, "SC_MEN_SI": 0.0, "SC_MEN_H": 0.0, "SC_MEN_M": 0.0, "SC_MAY_H": 0.0, "SC_MAY_M": 1.0, "MED_MEN_SI": 0.0, "MED_MEN_H": 5.0, "MED_MEN_M": 1.0, "MED_MAY_SI": 0.0, "MED_MAY_H": 0.0, "MED_MAY_M": 7.0, "NT1_SI": 0.0, "NT1_H": 1.0, "NT1_M": 2.0, "NT2_SI": 0.0, "NT2_H": 0.0, "NT2_M": 0.0, "N_TOTAL": 17.0, "DIRECCION": "CRUCERO EXETER", "NUMERO": 286.0, "REFERENCIA": "BARRIO BELLAVISTA SE SUBE  POR CALLE CONSTITUCIÓN. SE DOBLA DERECHA POR ANTONIA LÓPEZ DE BELLO Y DOS CUADRA AL ORIENTE, A MANO I", "LATITUD": -33.430805, "LONGITUD": -70.63281 }, "geometry": { "type": "Point", "coordinates": [ -70.6328096, -33.4308045 ] } },
{ "type": "Feature", "properties": { "AGNO": 2021.0, "ID_ESTAB": 13101023.0, "ORIGEN": 2.0, "NOM_ESTAB": "CLAUDIO ARRAU", "COD_REG_ES": 13.0, "COD_PRO_ES": 131.0, "COD_COM_ES": 13101.0, "NOM_COM_ES": "SANTIAGO", "COD_DEPROV": 0.0, "NOM_DEPROV": null, "DEPENDENCI": 4.0, "RURAL_ESTA": 0.0, "ESTADO_EST": 0.0, "SC_MEN_SI": 0.0, "SC_MEN_H": 0.0, "SC_MEN_M": 0.0, "SC_MAY_H": 10.0, "SC_MAY_M": 4.0, "MED_MEN_SI": 0.0, "MED_MEN_H": 15.0, "MED_MEN_M": 15.0, "MED_MAY_SI": 0.0, "MED_MAY_H": 36.0, "MED_MAY_M": 27.0, "NT1_SI": 0.0, "NT1_H": 0.0, "NT1_M": 0.0, "NT2_SI": 0.0, "NT2_H": 0.0, "NT2_M": 0.0, "N_TOTAL": 107.0, "DIRECCION": "SANTO DOMINGO", "NUMERO": 2005.0, "REFERENCIA": null, "LATITUD": -33.438041, "LONGITUD": -70.664801 }, "geometry": { "type": "Point", "coordinates": [ -70.66480086, -33.43804089 ] } },
{ "type": "Feature", "properties": { "AGNO": 2021.0, "ID_ESTAB": 13101024.0, "ORIGEN": 2.0, "NOM_ESTAB": "MARCELA PAZ", "COD_REG_ES": 13.0, "COD_PRO_ES": 131.0, "COD_COM_ES": 13101.0, "NOM_COM_ES": "SANTIAGO", "COD_DEPROV": 0.0, "NOM_DEPROV": null, "DEPENDENCI": 4.0, "RURAL_ESTA": 0.0, "ESTADO_EST": 0.0, "SC_MEN_SI": 0.0, "SC_MEN_H": 0.0, "SC_MEN_M": 0.0, "SC_MAY_H": 11.0, "SC_MAY_M": 8.0, "MED_MEN_SI": 0.0, "MED_MEN_H": 0.0, "MED_MEN_M": 0.0, "MED_MAY_SI": 0.0, "MED_MAY_H": 0.0, "MED_MAY_M": 0.0, "NT1_SI": 0.0, "NT1_H": 0.0, "NT1_M": 0.0, "NT2_SI": 0.0, "NT2_H": 0.0, "NT2_M": 0.0, "N_TOTAL": 19.0, "DIRECCION": "ZENTENO", "NUMERO": 1695.0, "REFERENCIA": ", SANTIAGO", "LATITUD": -33.469125, "LONGITUD": -70.649783 }, "geometry": { "type": "Point", "coordinates": [ -70.6497829, -33.46912479 ] } },
{ "type": "Feature", "properties": { "AGNO": 2021.0, "ID_ESTAB": 13101025.0, "ORIGEN": 2.0, "NOM_ESTAB": "GABRIELA MISTRAL", "COD_REG_ES": 13.0, "COD_PRO_ES": 131.0, "COD_COM_ES": 13101.0, "NOM_COM_ES": "SANTIAGO", "COD_DEPROV": 0.0, "NOM_DEPROV": null, "DEPENDENCI": 4.0, "RURAL_ESTA": 0.0, "ESTADO_EST": 0.0, "SC_MEN_SI": 0.0, "SC_MEN_H": 0.0, "SC_MEN_M": 0.0, "SC_MAY_H": 11.0, "SC_MAY_M": 9.0, "MED_MEN_SI": 0.0, "MED_MEN_H": 0.0, "MED_MEN_M": 0.0, "MED_MAY_SI": 0.0, "MED_MAY_H": 0.0, "MED_MAY_M": 0.0, "NT1_SI": 0.0, "NT1_H": 0.0, "NT1_M": 0.0, "NT2_SI": 0.0, "NT2_H": 0.0, "NT2_M": 0.0, "N_TOTAL": 20.0, "DIRECCION": "NATANIEL", "NUMERO": 2029.0, "REFERENCIA": ", SANTIAGO", "LATITUD": -33.473227, "LONGITUD": -70.649906 }, "geometry": { "type": "Point", "coordinates": [ -70.64990631, -33.4732266 ] } },
{ "type": "Feature", "properties": { "AGNO": 2021.0, "ID_ESTAB": 13101026.0, "ORIGEN": 2.0, "NOM_ESTAB": "COPIAPO", "COD_REG_ES": 13.0, "COD_PRO_ES": 131.0, "COD_COM_ES": 13101.0, "NOM_COM_ES": "SANTIAGO", "COD_DEPROV": 0.0, "NOM_DEPROV": null, "DEPENDENCI": 4.0, "RURAL_ESTA": 0.0, "ESTADO_EST": 0.0, "SC_MEN_SI": 0.0, "SC_MEN_H": 0.0, "SC_MEN_M": 0.0, "SC_MAY_H": 0.0, "SC_MAY_M": 0.0, "MED_MEN_SI": 0.0, "MED_MEN_H": 6.0, "MED_MEN_M": 3.0, "MED_MAY_SI": 0.0, "MED_MAY_H": 8.0, "MED_MAY_M": 12.0, "NT1_SI": 0.0, "NT1_H": 6.0, "NT1_M": 3.0, "NT2_SI": 0.0, "NT2_H": 0.0, "NT2_M": 0.0, "N_TOTAL": 38.0, "DIRECCION": "COPIAPO", "NUMERO": 1342.0, "REFERENCIA": null, "LATITUD": -33.456044, "LONGITUD": -70.653443 }, "geometry": { "type": "Point", "coordinates": [ -70.653443, -33.456044 ] } },
{ "type": "Feature", "properties": { "AGNO": 2021.0, "ID_ESTAB": 13101031.0, "ORIGEN": 2.0, "NOM_ESTAB": "SANTO DOMINGO", "COD_REG_ES": 13.0, "COD_PRO_ES": 131.0, "COD_COM_ES": 13101.0, "NOM_COM_ES": "SANTIAGO", "COD_DEPROV": 0.0, "NOM_DEPROV": null, "DEPENDENCI": 4.0, "RURAL_ESTA": 0.0, "ESTADO_EST": 0.0, "SC_MEN_SI": 0.0, "SC_MEN_H": 0.0, "SC_MEN_M": 0.0, "SC_MAY_H": 0.0, "SC_MAY_M": 0.0, "MED_MEN_SI": 0.0, "MED_MEN_H": 4.0, "MED_MEN_M": 6.0, "MED_MAY_SI": 0.0, "MED_MAY_H": 3.0, "MED_MAY_M": 6.0, "NT1_SI": 0.0, "NT1_H": 4.0, "NT1_M": 5.0, "NT2_SI": 0.0, "NT2_H": 1.0, "NT2_M": 0.0, "N_TOTAL": 29.0, "DIRECCION": "SANTO DOMINGO", "NUMERO": 2020.0, "REFERENCIA": null, "LATITUD": -33.438275, "LONGITUD": -70.665036 }, "geometry": { "type": "Point", "coordinates": [ -70.66503604, -33.43827454 ] } },
{ "type": "Feature", "properties": { "AGNO": 2021.0, "ID_ESTAB": 13101034.0, "ORIGEN": 2.0, "NOM_ESTAB": "SAN FCO DE ASISIS", "COD_REG_ES": 13.0, "COD_PRO_ES": 131.0, "COD_COM_ES": 13101.0, "NOM_COM_ES": "SANTIAGO", "COD_DEPROV": 0.0, "NOM_DEPROV": null, "DEPENDENCI": 4.0, "RURAL_ESTA": 0.0, "ESTADO_EST": 0.0, "SC_MEN_SI": 0.0, "SC_MEN_H": 13.0, "SC_MEN_M": 6.0, "SC_MAY_H": 9.0, "SC_MAY_M": 12.0, "MED_MEN_SI": 0.0, "MED_MEN_H": 0.0, "MED_MEN_M": 0.0, "MED_MAY_SI": 0.0, "MED_MAY_H": 0.0, "MED_MAY_M": 0.0, "NT1_SI": 0.0, "NT1_H": 0.0, "NT1_M": 0.0, "NT2_SI": 0.0, "NT2_H": 0.0, "NT2_M": 0.0, "N_TOTAL": 40.0, "DIRECCION": "SAN FRANCISCO", "NUMERO": 1315.0, "REFERENCIA": null, "LATITUD": -33.462911, "LONGITUD": -70.645043 }, "geometry": { "type": "Point", "coordinates": [ -70.64504254, -33.46291124 ] } },
{ "type": "Feature", "properties": { "AGNO": 2021.0, "ID_ESTAB": 13101035.0, "ORIGEN": 2.0, "NOM_ESTAB": "SOR TERESITA DE LOS ANDES", "COD_REG_ES": 13.0, "COD_PRO_ES": 131.0, "COD_COM_ES": 13101.0, "NOM_COM_ES": "SANTIAGO", "COD_DEPROV": 0.0, "NOM_DEPROV": null, "DEPENDENCI": 4.0, "RURAL_ESTA": 0.0, "ESTADO_EST": 0.0, "SC_MEN_SI": 0.0, "SC_MEN_H": 0.0, "SC_MEN_M": 0.0, "SC_MAY_H": 7.0, "SC_MAY_M": 3.0, "MED_MEN_SI": 0.0, "MED_MEN_H": 35.0, "MED_MEN_M": 21.0, "MED_MAY_SI": 0.0, "MED_MAY_H": 31.0, "MED_MAY_M": 23.0, "NT1_SI": 0.0, "NT1_H": 0.0, "NT1_M": 0.0, "NT2_SI": 0.0, "NT2_H": 0.0, "NT2_M": 0.0, "N_TOTAL": 120.0, "DIRECCION": "JUAN VICUÑA", "NUMERO": 1650.0, "REFERENCIA": null, "LATITUD": -33.467961, "LONGITUD": -70.643222 }, "geometry": { "type": "Point", "coordinates": [ -70.6432223, -33.46796105 ] } },
{ "type": "Feature", "properties": { "AGNO": 2021.0, "ID_ESTAB": 13101036.0, "ORIGEN": 2.0, "NOM_ESTAB": "PADRE ALBERTO HURTADO", "COD_REG_ES": 13.0, "COD_PRO_ES": 131.0, "COD_COM_ES": 13101.0, "NOM_COM_ES": "SANTIAGO", "COD_DEPROV": 0.0, "NOM_DEPROV": null, "DEPENDENCI": 4.0, "RURAL_ESTA": 0.0, "ESTADO_EST": 0.0, "SC_MEN_SI": 0.0, "SC_MEN_H": 0.0, "SC_MEN_M": 0.0, "SC_MAY_H": 5.0, "SC_MAY_M": 7.0, "MED_MEN_SI": 0.0, "MED_MEN_H": 14.0, "MED_MEN_M": 18.0, "MED_MAY_SI": 0.0, "MED_MAY_H": 35.0, "MED_MAY_M": 28.0, "NT1_SI": 0.0, "NT1_H": 0.0, "NT1_M": 0.0, "NT2_SI": 0.0, "NT2_H": 0.0, "NT2_M": 0.0, "N_TOTAL": 107.0, "DIRECCION": "ZENTENO", "NUMERO": 821.0, "REFERENCIA": null, "LATITUD": -33.455908, "LONGITUD": -70.651408 }, "geometry": { "type": "Point", "coordinates": [ -70.651408, -33.455908 ] } },
{ "type": "Feature", "properties": { "AGNO": 2021.0, "ID_ESTAB": 13101037.0, "ORIGEN": 2.0, "NOM_ESTAB": "APOSTOL SANTIAGO", "COD_REG_ES": 13.0, "COD_PRO_ES": 131.0, "COD_COM_ES": 13101.0, "NOM_COM_ES": "SANTIAGO", "COD_DEPROV": 0.0, "NOM_DEPROV": null, "DEPENDENCI": 4.0, "RURAL_ESTA": 0.0, "ESTADO_EST": 0.0, "SC_MEN_SI": 0.0, "SC_MEN_H": 11.0, "SC_MEN_M": 9.0, "SC_MAY_H": 34.0, "SC_MAY_M": 27.0, "MED_MEN_SI": 0.0, "MED_MEN_H": 33.0, "MED_MEN_M": 30.0, "MED_MAY_SI": 0.0, "MED_MAY_H": 36.0, "MED_MAY_M": 25.0, "NT1_SI": 0.0, "NT1_H": 0.0, "NT1_M": 0.0, "NT2_SI": 0.0, "NT2_H": 0.0, "NT2_M": 0.0, "N_TOTAL": 205.0, "DIRECCION": "MANUEL ANTONIO TOCORNAL", "NUMERO": 18.0, "REFERENCIA": null, "LATITUD": -33.4604, "LONGITUD": -70.637471 }, "geometry": { "type": "Point", "coordinates": [ -70.63747098, -33.46039999 ] } },
{ "type": "Feature", "properties": { "AGNO": 2021.0, "ID_ESTAB": 13101038.0, "ORIGEN": 2.0, "NOM_ESTAB": "POETA VICENTE HUIDOBRO", "COD_REG_ES": 13.0, "COD_PRO_ES": 131.0, "COD_COM_ES": 13101.0, "NOM_COM_ES": "SANTIAGO", "COD_DEPROV": 0.0, "NOM_DEPROV": null, "DEPENDENCI": 4.0, "RURAL_ESTA": 0.0, "ESTADO_EST": 0.0, "SC_MEN_SI": 0.0, "SC_MEN_H": 0.0, "SC_MEN_M": 0.0, "SC_MAY_H": 5.0, "SC_MAY_M": 7.0, "MED_MEN_SI": 0.0, "MED_MEN_H": 22.0, "MED_MEN_M": 11.0, "MED_MAY_SI": 0.0, "MED_MAY_H": 27.0, "MED_MAY_M": 31.0, "NT1_SI": 0.0, "NT1_H": 0.0, "NT1_M": 0.0, "NT2_SI": 0.0, "NT2_H": 0.0, "NT2_M": 0.0, "N_TOTAL": 103.0, "DIRECCION": "SANTO DOMINGO", "NUMERO": 2006.0, "REFERENCIA": null, "LATITUD": -33.438225, "LONGITUD": -70.664669 }, "geometry": { "type": "Point", "coordinates": [ -70.66466903, -33.43822475 ] } },
{ "type": "Feature", "properties": { "AGNO": 2021.0, "ID_ESTAB": 13101039.0, "ORIGEN": 2.0, "NOM_ESTAB": "NEMESIO ANTUNEZ", "COD_REG_ES": 13.0, "COD_PRO_ES": 131.0, "COD_COM_ES": 13101.0, "NOM_COM_ES": "SANTIAGO", "COD_DEPROV": 0.0, "NOM_DEPROV": null, "DEPENDENCI": 4.0, "RURAL_ESTA": 0.0, "ESTADO_EST": 0.0, "SC_MEN_SI": 0.0, "SC_MEN_H": 0.0, "SC_MEN_M": 0.0, "SC_MAY_H": 9.0, "SC_MAY_M": 14.0, "MED_MEN_SI": 0.0, "MED_MEN_H": 31.0, "MED_MEN_M": 26.0, "MED_MAY_SI": 0.0, "MED_MAY_H": 28.0, "MED_MAY_M": 33.0, "NT1_SI": 0.0, "NT1_H": 0.0, "NT1_M": 0.0, "NT2_SI": 0.0, "NT2_H": 0.0, "NT2_M": 0.0, "N_TOTAL": 141.0, "DIRECCION": "WALDO SILVA", "NUMERO": 2185.0, "REFERENCIA": null, "LATITUD": -33.474996, "LONGITUD": -70.651845 }, "geometry": { "type": "Point", "coordinates": [ -70.65184491, -33.47499564 ] } },
{ "type": "Feature", "properties": { "AGNO": 2021.0, "ID_ESTAB": 13101040.0, "ORIGEN": 2.0, "NOM_ESTAB": "CARDENAL RAUL SILVA HENRIQUEZ", "COD_REG_ES": 13.0, "COD_PRO_ES": 131.0, "COD_COM_ES": 13101.0, "NOM_COM_ES": "SANTIAGO", "COD_DEPROV": 0.0, "NOM_DEPROV": null, "DEPENDENCI": 4.0, "RURAL_ESTA": 0.0, "ESTADO_EST": 0.0, "SC_MEN_SI": 0.0, "SC_MEN_H": 0.0, "SC_MEN_M": 0.0, "SC_MAY_H": 8.0, "SC_MAY_M": 5.0, "MED_MEN_SI": 0.0, "MED_MEN_H": 15.0, "MED_MEN_M": 12.0, "MED_MAY_SI": 0.0, "MED_MAY_H": 25.0, "MED_MAY_M": 28.0, "NT1_SI": 0.0, "NT1_H": 0.0, "NT1_M": 0.0, "NT2_SI": 0.0, "NT2_H": 0.0, "NT2_M": 0.0, "N_TOTAL": 93.0, "DIRECCION": "ESPERANZA", "NUMERO": 1215.0, "REFERENCIA": null, "LATITUD": -33.432052, "LONGITUD": -70.676335 }, "geometry": { "type": "Point", "coordinates": [ -70.67633496, -33.43205197 ] } },
{ "type": "Feature", "properties": { "AGNO": 2021.0, "ID_ESTAB": 13101042.0, "ORIGEN": 2.0, "NOM_ESTAB": "JAPON", "COD_REG_ES": 13.0, "COD_PRO_ES": 131.0, "COD_COM_ES": 13101.0, "NOM_COM_ES": "SANTIAGO", "COD_DEPROV": 0.0, "NOM_DEPROV": null, "DEPENDENCI": 4.0, "RURAL_ESTA": 0.0, "ESTADO_EST": 0.0, "SC_MEN_SI": 0.0, "SC_MEN_H": 8.0, "SC_MEN_M": 7.0, "SC_MAY_H": 10.0, "SC_MAY_M": 6.0, "MED_MEN_SI": 0.0, "MED_MEN_H": 14.0, "MED_MEN_M": 13.0, "MED_MAY_SI": 0.0, "MED_MAY_H": 19.0, "MED_MAY_M": 35.0, "NT1_SI": 0.0, "NT1_H": 0.0, "NT1_M": 0.0, "NT2_SI": 0.0, "NT2_H": 0.0, "NT2_M": 0.0, "N_TOTAL": 112.0, "DIRECCION": "AVENIDA 10 DE JULIO HUAMACHUCO", "NUMERO": 760.0, "REFERENCIA": null, "LATITUD": -33.454203, "LONGITUD": -70.645736 }, "geometry": { "type": "Point", "coordinates": [ -70.64573639, -33.45420343 ] } },
{ "type": "Feature", "properties": { "AGNO": 2021.0, "ID_ESTAB": 13101043.0, "ORIGEN": 2.0, "NOM_ESTAB": "LUIS CALVO MACKENNA", "COD_REG_ES": 13.0, "COD_PRO_ES": 131.0, "COD_COM_ES": 13101.0, "NOM_COM_ES": "SANTIAGO", "COD_DEPROV": 0.0, "NOM_DEPROV": null, "DEPENDENCI": 4.0, "RURAL_ESTA": 0.0, "ESTADO_EST": 0.0, "SC_MEN_SI": 0.0, "SC_MEN_H": 0.0, "SC_MEN_M": 0.0, "SC_MAY_H": 0.0, "SC_MAY_M": 0.0, "MED_MEN_SI": 0.0, "MED_MEN_H": 27.0, "MED_MEN_M": 24.0, "MED_MAY_SI": 0.0, "MED_MAY_H": 31.0, "MED_MAY_M": 43.0, "NT1_SI": 0.0, "NT1_H": 0.0, "NT1_M": 0.0, "NT2_SI": 0.0, "NT2_H": 0.0, "NT2_M": 0.0, "N_TOTAL": 125.0, "DIRECCION": "RICARDO CUMMING", "NUMERO": 733.0, "REFERENCIA": null, "LATITUD": -33.436034, "LONGITUD": -70.668579 }, "geometry": { "type": "Point", "coordinates": [ -70.668579, -33.436034 ] } },
{ "type": "Feature", "properties": { "AGNO": 2021.0, "ID_ESTAB": 13101046.0, "ORIGEN": 2.0, "NOM_ESTAB": "PARQUE DE LOS REYES", "COD_REG_ES": 13.0, "COD_PRO_ES": 131.0, "COD_COM_ES": 13101.0, "NOM_COM_ES": "SANTIAGO", "COD_DEPROV": 0.0, "NOM_DEPROV": null, "DEPENDENCI": 4.0, "RURAL_ESTA": 0.0, "ESTADO_EST": 0.0, "SC_MEN_SI": 0.0, "SC_MEN_H": 11.0, "SC_MEN_M": 9.0, "SC_MAY_H": 12.0, "SC_MAY_M": 22.0, "MED_MEN_SI": 0.0, "MED_MEN_H": 35.0, "MED_MEN_M": 29.0, "MED_MAY_SI": 0.0, "MED_MAY_H": 38.0, "MED_MAY_M": 26.0, "NT1_SI": 0.0, "NT1_H": 0.0, "NT1_M": 0.0, "NT2_SI": 0.0, "NT2_H": 0.0, "NT2_M": 0.0, "N_TOTAL": 182.0, "DIRECCION": "YUNGAY", "NUMERO": 2750.0, "REFERENCIA": null, "LATITUD": -33.42925, "LONGITUD": -70.674604 }, "geometry": { "type": "Point", "coordinates": [ -70.674604, -33.42925 ] } },
{ "type": "Feature", "properties": { "AGNO": 2021.0, "ID_ESTAB": 13101047.0, "ORIGEN": 2.0, "NOM_ESTAB": "ROBERTO MATTA", "COD_REG_ES": 13.0, "COD_PRO_ES": 131.0, "COD_COM_ES": 13101.0, "NOM_COM_ES": "SANTIAGO", "COD_DEPROV": 0.0, "NOM_DEPROV": null, "DEPENDENCI": 4.0, "RURAL_ESTA": 0.0, "ESTADO_EST": 0.0, "SC_MEN_SI": 0.0, "SC_MEN_H": 10.0, "SC_MEN_M": 9.0, "SC_MAY_H": 16.0, "SC_MAY_M": 21.0, "MED_MEN_SI": 0.0, "MED_MEN_H": 0.0, "MED_MEN_M": 0.0, "MED_MAY_SI": 0.0, "MED_MAY_H": 0.0, "MED_MAY_M": 0.0, "NT1_SI": 0.0, "NT1_H": 0.0, "NT1_M": 0.0, "NT2_SI": 0.0, "NT2_H": 0.0, "NT2_M": 0.0, "N_TOTAL": 56.0, "DIRECCION": "BRASIL", "NUMERO": 618.0, "REFERENCIA": null, "LATITUD": -33.437322, "LONGITUD": -70.664747 }, "geometry": { "type": "Point", "coordinates": [ -70.66474656, -33.43732218 ] } },
{ "type": "Feature", "properties": { "AGNO": 2021.0, "ID_ESTAB": 13101049.0, "ORIGEN": 2.0, "NOM_ESTAB": "NIDITO ESPERANZA", "COD_REG_ES": 13.0, "COD_PRO_ES": 131.0, "COD_COM_ES": 13101.0, "NOM_COM_ES": "SANTIAGO", "COD_DEPROV": 0.0, "NOM_DEPROV": null, "DEPENDENCI": 4.0, "RURAL_ESTA": 0.0, "ESTADO_EST": 0.0, "SC_MEN_SI": 0.0, "SC_MEN_H": 0.0, "SC_MEN_M": 0.0, "SC_MAY_H": 0.0, "SC_MAY_M": 0.0, "MED_MEN_SI": 0.0, "MED_MEN_H": 2.0, "MED_MEN_M": 3.0, "MED_MAY_SI": 0.0, "MED_MAY_H": 5.0, "MED_MAY_M": 3.0, "NT1_SI": 0.0, "NT1_H": 2.0, "NT1_M": 2.0, "NT2_SI": 0.0, "NT2_H": 1.0, "NT2_M": 0.0, "N_TOTAL": 18.0, "DIRECCION": "ESPERANZA", "NUMERO": 1115.0, "REFERENCIA": null, "LATITUD": -33.432449, "LONGITUD": -70.676267 }, "geometry": { "type": "Point", "coordinates": [ -70.676267, -33.432449 ] } },
{ "type": "Feature", "properties": { "AGNO": 2021.0, "ID_ESTAB": 13101050.0, "ORIGEN": 2.0, "NOM_ESTAB": "CELESTE AMANECER", "COD_REG_ES": 13.0, "COD_PRO_ES": 131.0, "COD_COM_ES": 13101.0, "NOM_COM_ES": "SANTIAGO", "COD_DEPROV": 0.0, "NOM_DEPROV": null, "DEPENDENCI": 4.0, "RURAL_ESTA": 0.0, "ESTADO_EST": 0.0, "SC_MEN_SI": 0.0, "SC_MEN_H": 0.0, "SC_MEN_M": 0.0, "SC_MAY_H": 0.0, "SC_MAY_M": 0.0, "MED_MEN_SI": 0.0, "MED_MEN_H": 3.0, "MED_MEN_M": 3.0, "MED_MAY_SI": 0.0, "MED_MAY_H": 4.0, "MED_MAY_M": 7.0, "NT1_SI": 0.0, "NT1_H": 0.0, "NT1_M": 5.0, "NT2_SI": 0.0, "NT2_H": 0.0, "NT2_M": 0.0, "N_TOTAL": 22.0, "DIRECCION": "SANTA ROSA", "NUMERO": 1727.0, "REFERENCIA": "CAROL URZUA", "LATITUD": -33.468015, "LONGITUD": -70.642576 }, "geometry": { "type": "Point", "coordinates": [ -70.642576, -33.468015 ] } },
{ "type": "Feature", "properties": { "AGNO": 2021.0, "ID_ESTAB": 13101052.0, "ORIGEN": 2.0, "NOM_ESTAB": "NIETOS DE BELLO", "COD_REG_ES": 13.0, "COD_PRO_ES": 131.0, "COD_COM_ES": 13101.0, "NOM_COM_ES": "SANTIAGO", "COD_DEPROV": 0.0, "NOM_DEPROV": null, "DEPENDENCI": 4.0, "RURAL_ESTA": 0.0, "ESTADO_EST": 0.0, "SC_MEN_SI": 0.0, "SC_MEN_H": 4.0, "SC_MEN_M": 0.0, "SC_MAY_H": 8.0, "SC_MAY_M": 6.0, "MED_MEN_SI": 0.0, "MED_MEN_H": 6.0, "MED_MEN_M": 3.0, "MED_MAY_SI": 0.0, "MED_MAY_H": 5.0, "MED_MAY_M": 4.0, "NT1_SI": 0.0, "NT1_H": 2.0, "NT1_M": 4.0, "NT2_SI": 0.0, "NT2_H": 0.0, "NT2_M": 0.0, "N_TOTAL": 42.0, "DIRECCION": "DOMEYKO", "NUMERO": 2050.0, "REFERENCIA": null, "LATITUD": -33.456122, "LONGITUD": -70.663399 }, "geometry": { "type": "Point", "coordinates": [ -70.663399, -33.456122 ] } },
{ "type": "Feature", "properties": { "AGNO": 2021.0, "ID_ESTAB": 13101053.0, "ORIGEN": 2.0, "NOM_ESTAB": "CELESTE AMANECER II", "COD_REG_ES": 13.0, "COD_PRO_ES": 131.0, "COD_COM_ES": 13101.0, "NOM_COM_ES": "SANTIAGO", "COD_DEPROV": 0.0, "NOM_DEPROV": null, "DEPENDENCI": 4.0, "RURAL_ESTA": 0.0, "ESTADO_EST": 0.0, "SC_MEN_SI": 0.0, "SC_MEN_H": 0.0, "SC_MEN_M": 0.0, "SC_MAY_H": 0.0, "SC_MAY_M": 0.0, "MED_MEN_SI": 0.0, "MED_MEN_H": 2.0, "MED_MEN_M": 2.0, "MED_MAY_SI": 0.0, "MED_MAY_H": 6.0, "MED_MAY_M": 3.0, "NT1_SI": 0.0, "NT1_H": 9.0, "NT1_M": 4.0, "NT2_SI": 0.0, "NT2_H": 0.0, "NT2_M": 1.0, "N_TOTAL": 27.0, "DIRECCION": "SANTA ROSA", "NUMERO": 1727.0, "REFERENCIA": "POB CAROL URZUA", "LATITUD": -33.468137, "LONGITUD": -70.642548 }, "geometry": { "type": "Point", "coordinates": [ -70.642548, -33.468137 ] } },
{ "type": "Feature", "properties": { "AGNO": 2021.0, "ID_ESTAB": 13101054.0, "ORIGEN": 2.0, "NOM_ESTAB": "VICTOR MANUEL", "COD_REG_ES": 13.0, "COD_PRO_ES": 131.0, "COD_COM_ES": 13101.0, "NOM_COM_ES": "SANTIAGO", "COD_DEPROV": 0.0, "NOM_DEPROV": null, "DEPENDENCI": 4.0, "RURAL_ESTA": 0.0, "ESTADO_EST": 0.0, "SC_MEN_SI": 0.0, "SC_MEN_H": 0.0, "SC_MEN_M": 0.0, "SC_MAY_H": 0.0, "SC_MAY_M": 0.0, "MED_MEN_SI": 0.0, "MED_MEN_H": 5.0, "MED_MEN_M": 3.0, "MED_MAY_SI": 0.0, "MED_MAY_H": 3.0, "MED_MAY_M": 5.0, "NT1_SI": 0.0, "NT1_H": 1.0, "NT1_M": 2.0, "NT2_SI": 0.0, "NT2_H": 1.0, "NT2_M": 0.0, "N_TOTAL": 20.0, "DIRECCION": "VICTOR MANUEL", "NUMERO": 1860.0, "REFERENCIA": null, "LATITUD": -33.469798, "LONGITUD": -70.640811 }, "geometry": { "type": "Point", "coordinates": [ -70.640811, -33.469798 ] } },
{ "type": "Feature", "properties": { "AGNO": 2021.0, "ID_ESTAB": 13108005.0, "ORIGEN": 2.0, "NOM_ESTAB": "SONRISITAS DE INDEPENDENCIA", "COD_REG_ES": 13.0, "COD_PRO_ES": 131.0, "COD_COM_ES": 13108.0, "NOM_COM_ES": "INDEPENDENCIA", "COD_DEPROV": 0.0, "NOM_DEPROV": null, "DEPENDENCI": 4.0, "RURAL_ESTA": 0.0, "ESTADO_EST": 0.0, "SC_MEN_SI": 0.0, "SC_MEN_H": 12.0, "SC_MEN_M": 9.0, "SC_MAY_H": 11.0, "SC_MAY_M": 9.0, "MED_MEN_SI": 0.0, "MED_MEN_H": 0.0, "MED_MEN_M": 0.0, "MED_MAY_SI": 0.0, "MED_MAY_H": 0.0, "MED_MAY_M": 0.0, "NT1_SI": 0.0, "NT1_H": 0.0, "NT1_M": 0.0, "NT2_SI": 0.0, "NT2_H": 0.0, "NT2_M": 0.0, "N_TOTAL": 41.0, "DIRECCION": "GAMERO", "NUMERO": 1985.0, "REFERENCIA": "(ENTREDA POR SALOMON SACK)", "LATITUD": -33.42254, "LONGITUD": -70.666423 }, "geometry": { "type": "Point", "coordinates": [ -70.66642328, -33.42254023 ] } },
{ "type": "Feature", "properties": { "AGNO": 2021.0, "ID_ESTAB": 13108008.0, "ORIGEN": 2.0, "NOM_ESTAB": "BURBUJITAS DE AMOR", "COD_REG_ES": 13.0, "COD_PRO_ES": 131.0, "COD_COM_ES": 13108.0, "NOM_COM_ES": "INDEPENDENCIA", "COD_DEPROV": 0.0, "NOM_DEPROV": null, "DEPENDENCI": 4.0, "RURAL_ESTA": 0.0, "ESTADO_EST": 0.0, "SC_MEN_SI": 0.0, "SC_MEN_H": 1.0, "SC_MEN_M": 1.0, "SC_MAY_H": 11.0, "SC_MAY_M": 6.0, "MED_MEN_SI": 0.0, "MED_MEN_H": 3.0, "MED_MEN_M": 5.0, "MED_MAY_SI": 0.0, "MED_MAY_H": 6.0, "MED_MAY_M": 6.0, "NT1_SI": 0.0, "NT1_H": 2.0, "NT1_M": 3.0, "NT2_SI": 0.0, "NT2_H": 0.0, "NT2_M": 0.0, "N_TOTAL": 44.0, "DIRECCION": "GAMERO", "NUMERO": 2722.0, "REFERENCIA": null, "LATITUD": -33.42184, "LONGITUD": -70.671981 }, "geometry": { "type": "Point", "coordinates": [ -70.671981, -33.42184 ] } },
{ "type": "Feature", "properties": { "AGNO": 2021.0, "ID_ESTAB": 13121024.0, "ORIGEN": 2.0, "NOM_ESTAB": "POETAS DE CHILE", "COD_REG_ES": 13.0, "COD_PRO_ES": 131.0, "COD_COM_ES": 13121.0, "NOM_COM_ES": "PEDRO AGUIRRE CERDA", "COD_DEPROV": 0.0, "NOM_DEPROV": null, "DEPENDENCI": 4.0, "RURAL_ESTA": 0.0, "ESTADO_EST": 0.0, "SC_MEN_SI": 0.0, "SC_MEN_H": 7.0, "SC_MEN_M": 5.0, "SC_MAY_H": 6.0, "SC_MAY_M": 14.0, "MED_MEN_SI": 0.0, "MED_MEN_H": 13.0, "MED_MEN_M": 19.0, "MED_MAY_SI": 0.0, "MED_MAY_H": 15.0, "MED_MAY_M": 14.0, "NT1_SI": 0.0, "NT1_H": 0.0, "NT1_M": 0.0, "NT2_SI": 0.0, "NT2_H": 0.0, "NT2_M": 0.0, "N_TOTAL": 93.0, "DIRECCION": "JUAN BASTIAS", "NUMERO": 2890.0, "REFERENCIA": null, "LATITUD": -33.480291, "LONGITUD": -70.660284 }, "geometry": { "type": "Point", "coordinates": [ -70.660284, -33.480291 ] } },
{ "type": "Feature", "properties": { "AGNO": 2021.0, "ID_ESTAB": 13122020.0, "ORIGEN": 2.0, "NOM_ESTAB": "LUDOTECA", "COD_REG_ES": 13.0, "COD_PRO_ES": 131.0, "COD_COM_ES": 13122.0, "NOM_COM_ES": "PEÑALOLÉN", "COD_DEPROV": 0.0, "NOM_DEPROV": null, "DEPENDENCI": 4.0, "RURAL_ESTA": 0.0, "ESTADO_EST": 0.0, "SC_MEN_SI": 0.0, "SC_MEN_H": 0.0, "SC_MEN_M": 0.0, "SC_MAY_H": 0.0, "SC_MAY_M": 0.0, "MED_MEN_SI": 0.0, "MED_MEN_H": 6.0, "MED_MEN_M": 4.0, "MED_MAY_SI": 0.0, "MED_MAY_H": 5.0, "MED_MAY_M": 5.0, "NT1_SI": 0.0, "NT1_H": 1.0, "NT1_M": 2.0, "NT2_SI": 0.0, "NT2_H": 0.0, "NT2_M": 0.0, "N_TOTAL": 23.0, "DIRECCION": "ALTIPLANO", "NUMERO": 6587.0, "REFERENCIA": "B POB LO HERMIDA", "LATITUD": -33.437389, "LONGITUD": -70.636797 }, "geometry": { "type": "Point", "coordinates": [ -70.636797, -33.437389 ] } },
{ "type": "Feature", "properties": { "AGNO": 2021.0, "ID_ESTAB": 13126007.0, "ORIGEN": 2.0, "NOM_ESTAB": "POETA PEDRO PRADO", "COD_REG_ES": 13.0, "COD_PRO_ES": 131.0, "COD_COM_ES": 13126.0, "NOM_COM_ES": "QUINTA NORMAL", "COD_DEPROV": 0.0, "NOM_DEPROV": null, "DEPENDENCI": 4.0, "RURAL_ESTA": 0.0, "ESTADO_EST": 0.0, "SC_MEN_SI": 0.0, "SC_MEN_H": 10.0, "SC_MEN_M": 10.0, "SC_MAY_H": 17.0, "SC_MAY_M": 20.0, "MED_MEN_SI": 0.0, "MED_MEN_H": 41.0, "MED_MEN_M": 43.0, "MED_MAY_SI": 0.0, "MED_MAY_H": 48.0, "MED_MAY_M": 39.0, "NT1_SI": 0.0, "NT1_H": 0.0, "NT1_M": 0.0, "NT2_SI": 0.0, "NT2_H": 0.0, "NT2_M": 0.0, "N_TOTAL": 228.0, "DIRECCION": "MAPOCHO", "NUMERO": 3775.0, "REFERENCIA": null, "LATITUD": -33.432525, "LONGITUD": -70.686925 }, "geometry": { "type": "Point", "coordinates": [ -70.686925, -33.432525 ] } },
{ "type": "Feature", "properties": { "AGNO": 2021.0, "ID_ESTAB": 13126021.0, "ORIGEN": 2.0, "NOM_ESTAB": "DOCTOR GARCIA GUERRERO", "COD_REG_ES": 13.0, "COD_PRO_ES": 131.0, "COD_COM_ES": 13126.0, "NOM_COM_ES": "QUINTA NORMAL", "COD_DEPROV": 0.0, "NOM_DEPROV": null, "DEPENDENCI": 4.0, "RURAL_ESTA": 0.0, "ESTADO_EST": 0.0, "SC_MEN_SI": 0.0, "SC_MEN_H": 2.0, "SC_MEN_M": 3.0, "SC_MAY_H": 7.0, "SC_MAY_M": 8.0, "MED_MEN_SI": 0.0, "MED_MEN_H": 5.0, "MED_MEN_M": 7.0, "MED_MAY_SI": 0.0, "MED_MAY_H": 7.0, "MED_MAY_M": 5.0, "NT1_SI": 0.0, "NT1_H": 1.0, "NT1_M": 3.0, "NT2_SI": 0.0, "NT2_H": 0.0, "NT2_M": 0.0, "N_TOTAL": 48.0, "DIRECCION": "DOCTOR GARCIA GUIERRERO", "NUMERO": 1185.0, "REFERENCIA": null, "LATITUD": -33.431679, "LONGITUD": -70.68439 }, "geometry": { "type": "Point", "coordinates": [ -70.68439, -33.431679 ] } },
{ "type": "Feature", "properties": { "AGNO": 2021.0, "ID_ESTAB": 13302033.0, "ORIGEN": 2.0, "NOM_ESTAB": "LAS CALERIAS", "COD_REG_ES": 13.0, "COD_PRO_ES": 133.0, "COD_COM_ES": 13302.0, "NOM_COM_ES": "LAMPA", "COD_DEPROV": 0.0, "NOM_DEPROV": null, "DEPENDENCI": 4.0, "RURAL_ESTA": 0.0, "ESTADO_EST": 0.0, "SC_MEN_SI": 0.0, "SC_MEN_H": 0.0, "SC_MEN_M": 0.0, "SC_MAY_H": 0.0, "SC_MAY_M": 0.0, "MED_MEN_SI": 0.0, "MED_MEN_H": 3.0, "MED_MEN_M": 4.0, "MED_MAY_SI": 0.0, "MED_MAY_H": 1.0, "MED_MAY_M": 0.0, "NT1_SI": 0.0, "NT1_H": 0.0, "NT1_M": 0.0, "NT2_SI": 0.0, "NT2_H": 0.0, "NT2_M": 0.0, "N_TOTAL": 8.0, "DIRECCION": "SIMON BOLIVAR", "NUMERO": 178.0, "REFERENCIA": "JV 19 LAS CALERIAS DE BATUCO", "LATITUD": -33.437389, "LONGITUD": -70.636797 }, "geometry": { "type": "Point", "coordinates": [ -70.636797, -33.437389 ] } },
{ "type": "Feature", "properties": { "AGNO": 2021.0, "ID_ESTAB": 13302035.0, "ORIGEN": 2.0, "NOM_ESTAB": "MANITOS CREATIVAS", "COD_REG_ES": 13.0, "COD_PRO_ES": 133.0, "COD_COM_ES": 13302.0, "NOM_COM_ES": "LAMPA", "COD_DEPROV": 0.0, "NOM_DEPROV": null, "DEPENDENCI": 4.0, "RURAL_ESTA": 0.0, "ESTADO_EST": 0.0, "SC_MEN_SI": 0.0, "SC_MEN_H": 0.0, "SC_MEN_M": 0.0, "SC_MAY_H": 0.0, "SC_MAY_M": 0.0, "MED_MEN_SI": 0.0, "MED_MEN_H": 7.0, "MED_MEN_M": 2.0, "MED_MAY_SI": 0.0, "MED_MAY_H": 1.0, "MED_MAY_M": 1.0, "NT1_SI": 0.0, "NT1_H": 0.0, "NT1_M": 0.0, "NT2_SI": 0.0, "NT2_H": 0.0, "NT2_M": 0.0, "N_TOTAL": 11.0, "DIRECCION": "AVENIDA INGLATERRA", "NUMERO": 0.0, "REFERENCIA": null, "LATITUD": -33.437389, "LONGITUD": -70.636797 }, "geometry": { "type": "Point", "coordinates": [ -70.636797, -33.437389 ] } },
{ "type": "Feature", "properties": { "AGNO": 2021.0, "ID_ESTAB": 13404037.0, "ORIGEN": 2.0, "NOM_ESTAB": "EL ESCORIAL", "COD_REG_ES": 13.0, "COD_PRO_ES": 134.0, "COD_COM_ES": 13404.0, "NOM_COM_ES": "PAINE", "COD_DEPROV": 0.0, "NOM_DEPROV": null, "DEPENDENCI": 4.0, "RURAL_ESTA": 0.0, "ESTADO_EST": 0.0, "SC_MEN_SI": 0.0, "SC_MEN_H": 0.0, "SC_MEN_M": 0.0, "SC_MAY_H": 0.0, "SC_MAY_M": 0.0, "MED_MEN_SI": 0.0, "MED_MEN_H": 4.0, "MED_MEN_M": 1.0, "MED_MAY_SI": 0.0, "MED_MAY_H": 2.0, "MED_MAY_M": 2.0, "NT1_SI": 0.0, "NT1_H": 1.0, "NT1_M": 1.0, "NT2_SI": 0.0, "NT2_H": 0.0, "NT2_M": 0.0, "N_TOTAL": 11.0, "DIRECCION": "SEDE SOCIAL SECTOR ESCORIAL", "NUMERO": 0.0, "REFERENCIA": null, "LATITUD": -33.437389, "LONGITUD": -70.636797 }, "geometry": { "type": "Point", "coordinates": [ -70.636797, -33.437389 ] } },
{ "type": "Feature", "properties": { "AGNO": 2021.0, "ID_ESTAB": 13501084.0, "ORIGEN": 2.0, "NOM_ESTAB": "TANTEHUE", "COD_REG_ES": 13.0, "COD_PRO_ES": 135.0, "COD_COM_ES": 13501.0, "NOM_COM_ES": "MELIPILLA", "COD_DEPROV": 0.0, "NOM_DEPROV": null, "DEPENDENCI": 4.0, "RURAL_ESTA": 0.0, "ESTADO_EST": 0.0, "SC_MEN_SI": 0.0, "SC_MEN_H": 0.0, "SC_MEN_M": 0.0, "SC_MAY_H": 0.0, "SC_MAY_M": 0.0, "MED_MEN_SI": 0.0, "MED_MEN_H": 6.0, "MED_MEN_M": 5.0, "MED_MAY_SI": 0.0, "MED_MAY_H": 0.0, "MED_MAY_M": 0.0, "NT1_SI": 0.0, "NT1_H": 0.0, "NT1_M": 0.0, "NT2_SI": 0.0, "NT2_H": 0.0, "NT2_M": 0.0, "N_TOTAL": 11.0, "DIRECCION": "CAPILLA TANTEHUE", "NUMERO": 0.0, "REFERENCIA": null, "LATITUD": -33.437389, "LONGITUD": -70.636797 }, "geometry": { "type": "Point", "coordinates": [ -70.636797, -33.437389 ] } },
{ "type": "Feature", "properties": { "AGNO": 2021.0, "ID_ESTAB": 13501085.0, "ORIGEN": 2.0, "NOM_ESTAB": "MALLARAUCO", "COD_REG_ES": 13.0, "COD_PRO_ES": 135.0, "COD_COM_ES": 13501.0, "NOM_COM_ES": "MELIPILLA", "COD_DEPROV": 0.0, "NOM_DEPROV": null, "DEPENDENCI": 4.0, "RURAL_ESTA": 0.0, "ESTADO_EST": 0.0, "SC_MEN_SI": 0.0, "SC_MEN_H": 0.0, "SC_MEN_M": 0.0, "SC_MAY_H": 0.0, "SC_MAY_M": 0.0, "MED_MEN_SI": 0.0, "MED_MEN_H": 4.0, "MED_MEN_M": 1.0, "MED_MAY_SI": 0.0, "MED_MAY_H": 3.0, "MED_MAY_M": 3.0, "NT1_SI": 0.0, "NT1_H": 0.0, "NT1_M": 0.0, "NT2_SI": 0.0, "NT2_H": 0.0, "NT2_M": 0.0, "N_TOTAL": 11.0, "DIRECCION": "STA ELISA MALLARAUCO", "NUMERO": 0.0, "REFERENCIA": "ESCUELA PATRICIO LARRAIN STA ELISA MALLARAUCO S/N", "LATITUD": -33.437389, "LONGITUD": -70.636797 }, "geometry": { "type": "Point", "coordinates": [ -70.636797, -33.437389 ] } },
{ "type": "Feature", "properties": { "AGNO": 2021.0, "ID_ESTAB": 13501090.0, "ORIGEN": 2.0, "NOM_ESTAB": "MALLARAUCO II", "COD_REG_ES": 13.0, "COD_PRO_ES": 135.0, "COD_COM_ES": 13501.0, "NOM_COM_ES": "MELIPILLA", "COD_DEPROV": 0.0, "NOM_DEPROV": null, "DEPENDENCI": 4.0, "RURAL_ESTA": 1.0, "ESTADO_EST": 0.0, "SC_MEN_SI": 0.0, "SC_MEN_H": 0.0, "SC_MEN_M": 0.0, "SC_MAY_H": 0.0, "SC_MAY_M": 0.0, "MED_MEN_SI": 0.0, "MED_MEN_H": 4.0, "MED_MEN_M": 1.0, "MED_MAY_SI": 0.0, "MED_MAY_H": 3.0, "MED_MAY_M": 5.0, "NT1_SI": 0.0, "NT1_H": 0.0, "NT1_M": 0.0, "NT2_SI": 0.0, "NT2_H": 0.0, "NT2_M": 0.0, "N_TOTAL": 13.0, "DIRECCION": "EL PIMIENTO MALLARAUCO S/N", "NUMERO": 0.0, "REFERENCIA": null, "LATITUD": -33.437389, "LONGITUD": -70.636797 }, "geometry": { "type": "Point", "coordinates": [ -70.636797, -33.437389 ] } },
{ "type": "Feature", "properties": { "AGNO": 2021.0, "ID_ESTAB": 13505019.0, "ORIGEN": 2.0, "NOM_ESTAB": "QUICANQUE", "COD_REG_ES": 13.0, "COD_PRO_ES": 135.0, "COD_COM_ES": 13505.0, "NOM_COM_ES": "SAN PEDRO", "COD_DEPROV": 0.0, "NOM_DEPROV": null, "DEPENDENCI": 4.0, "RURAL_ESTA": 0.0, "ESTADO_EST": 0.0, "SC_MEN_SI": 0.0, "SC_MEN_H": 0.0, "SC_MEN_M": 0.0, "SC_MAY_H": 0.0, "SC_MAY_M": 0.0, "MED_MEN_SI": 0.0, "MED_MEN_H": 4.0, "MED_MEN_M": 3.0, "MED_MAY_SI": 0.0, "MED_MAY_H": 2.0, "MED_MAY_M": 2.0, "NT1_SI": 0.0, "NT1_H": 0.0, "NT1_M": 0.0, "NT2_SI": 0.0, "NT2_H": 0.0, "NT2_M": 0.0, "N_TOTAL": 11.0, "DIRECCION": "SEDE SOCIAL SECTOR QUICANQUE", "NUMERO": 0.0, "REFERENCIA": null, "LATITUD": -33.437389, "LONGITUD": -70.636797 }, "geometry": { "type": "Point", "coordinates": [ -70.636797, -33.437389 ] } },
{ "type": "Feature", "properties": { "AGNO": 2021.0, "ID_ESTAB": 13505026.0, "ORIGEN": 2.0, "NOM_ESTAB": "LO ENCAÑADO", "COD_REG_ES": 13.0, "COD_PRO_ES": 135.0, "COD_COM_ES": 13505.0, "NOM_COM_ES": "SAN PEDRO", "COD_DEPROV": 0.0, "NOM_DEPROV": null, "DEPENDENCI": 4.0, "RURAL_ESTA": 0.0, "ESTADO_EST": 0.0, "SC_MEN_SI": 0.0, "SC_MEN_H": 0.0, "SC_MEN_M": 0.0, "SC_MAY_H": 0.0, "SC_MAY_M": 0.0, "MED_MEN_SI": 0.0, "MED_MEN_H": 4.0, "MED_MEN_M": 3.0, "MED_MAY_SI": 0.0, "MED_MAY_H": 1.0, "MED_MAY_M": 0.0, "NT1_SI": 0.0, "NT1_H": 0.0, "NT1_M": 0.0, "NT2_SI": 0.0, "NT2_H": 0.0, "NT2_M": 0.0, "N_TOTAL": 8.0, "DIRECCION": "ANEXO POSTA RURAL", "NUMERO": 0.0, "REFERENCIA": null, "LATITUD": -33.437389, "LONGITUD": -70.636797 }, "geometry": { "type": "Point", "coordinates": [ -70.636797, -33.437389 ] } },
{ "type": "Feature", "properties": { "AGNO": 2021.0, "ID_ESTAB": 13604040.0, "ORIGEN": 2.0, "NOM_ESTAB": "LA PUNTILLA", "COD_REG_ES": 13.0, "COD_PRO_ES": 136.0, "COD_COM_ES": 13604.0, "NOM_COM_ES": "PADRE HURTADO", "COD_DEPROV": 0.0, "NOM_DEPROV": null, "DEPENDENCI": 4.0, "RURAL_ESTA": 0.0, "ESTADO_EST": 0.0, "SC_MEN_SI": 0.0, "SC_MEN_H": 0.0, "SC_MEN_M": 0.0, "SC_MAY_H": 0.0, "SC_MAY_M": 0.0, "MED_MEN_SI": 0.0, "MED_MEN_H": 4.0, "MED_MEN_M": 4.0, "MED_MAY_SI": 0.0, "MED_MAY_H": 0.0, "MED_MAY_M": 1.0, "NT1_SI": 0.0, "NT1_H": 1.0, "NT1_M": 0.0, "NT2_SI": 0.0, "NT2_H": 0.0, "NT2_M": 0.0, "N_TOTAL": 10.0, "DIRECCION": "SEDE VECINAL", "NUMERO": 0.0, "REFERENCIA": null, "LATITUD": -33.437389, "LONGITUD": -70.636797 }, "geometry": { "type": "Point", "coordinates": [ -70.636797, -33.437389 ] } },
{ "type": "Feature", "properties": { "AGNO": 2021.0, "ID_ESTAB": 13604041.0, "ORIGEN": 2.0, "NOM_ESTAB": "SAN LUIS", "COD_REG_ES": 13.0, "COD_PRO_ES": 136.0, "COD_COM_ES": 13604.0, "NOM_COM_ES": "PADRE HURTADO", "COD_DEPROV": 0.0, "NOM_DEPROV": null, "DEPENDENCI": 4.0, "RURAL_ESTA": 0.0, "ESTADO_EST": 0.0, "SC_MEN_SI": 0.0, "SC_MEN_H": 0.0, "SC_MEN_M": 0.0, "SC_MAY_H": 0.0, "SC_MAY_M": 0.0, "MED_MEN_SI": 0.0, "MED_MEN_H": 6.0, "MED_MEN_M": 1.0, "MED_MAY_SI": 0.0, "MED_MAY_H": 0.0, "MED_MAY_M": 2.0, "NT1_SI": 0.0, "NT1_H": 1.0, "NT1_M": 1.0, "NT2_SI": 0.0, "NT2_H": 0.0, "NT2_M": 0.0, "N_TOTAL": 11.0, "DIRECCION": "SEDE JUNTA DE VECINOS", "NUMERO": 0.0, "REFERENCIA": null, "LATITUD": -33.437389, "LONGITUD": -70.636797 }, "geometry": { "type": "Point", "coordinates": [ -70.636797, -33.437389 ] } },
{ "type": "Feature", "properties": { "AGNO": 2021.0, "ID_ESTAB": 130114.0, "ORIGEN": 3.0, "NOM_ESTAB": "S.C. HOGAR SANTA BERNARDITA", "COD_REG_ES": 13.0, "COD_PRO_ES": 131.0, "COD_COM_ES": 13101.0, "NOM_COM_ES": "SANTIAGO", "COD_DEPROV": 0.0, "NOM_DEPROV": null, "DEPENDENCI": 5.0, "RURAL_ESTA": 0.0, "ESTADO_EST": 0.0, "SC_MEN_SI": 0.0, "SC_MEN_H": 0.0, "SC_MEN_M": 2.0, "SC_MAY_H": 5.0, "SC_MAY_M": 2.0, "MED_MEN_SI": 0.0, "MED_MEN_H": 0.0, "MED_MEN_M": 0.0, "MED_MAY_SI": 0.0, "MED_MAY_H": 0.0, "MED_MAY_M": 0.0, "NT1_SI": 0.0, "NT1_H": 0.0, "NT1_M": 0.0, "NT2_SI": 0.0, "NT2_H": 0.0, "NT2_M": 0.0, "N_TOTAL": 9.0, "DIRECCION": "CHILOÉ", "NUMERO": 1310.0, "REFERENCIA": null, "LATITUD": -33.462517, "LONGITUD": -70.645876 }, "geometry": { "type": "Point", "coordinates": [ -70.645876, -33.462517 ] } },
{ "type": "Feature", "properties": { "AGNO": 2021.0, "ID_ESTAB": 130115.0, "ORIGEN": 3.0, "NOM_ESTAB": "NUEVO HORIZONTE", "COD_REG_ES": 13.0, "COD_PRO_ES": 131.0, "COD_COM_ES": 13101.0, "NOM_COM_ES": "SANTIAGO", "COD_DEPROV": 0.0, "NOM_DEPROV": null, "DEPENDENCI": 5.0, "RURAL_ESTA": 0.0, "ESTADO_EST": 0.0, "SC_MEN_SI": 0.0, "SC_MEN_H": 2.0, "SC_MEN_M": 3.0, "SC_MAY_H": 9.0, "SC_MAY_M": 5.0, "MED_MEN_SI": 0.0, "MED_MEN_H": 6.0, "MED_MEN_M": 6.0, "MED_MAY_SI": 0.0, "MED_MAY_H": 9.0, "MED_MAY_M": 7.0, "NT1_SI": 0.0, "NT1_H": 0.0, "NT1_M": 0.0, "NT2_SI": 0.0, "NT2_H": 0.0, "NT2_M": 0.0, "N_TOTAL": 47.0, "DIRECCION": "ZENTENO", "NUMERO": 1624.0, "REFERENCIA": null, "LATITUD": -33.467942, "LONGITUD": -70.649627 }, "geometry": { "type": "Point", "coordinates": [ -70.649627, -33.467942 ] } },
{ "type": "Feature", "properties": { "AGNO": 2021.0, "ID_ESTAB": 130116.0, "ORIGEN": 3.0, "NOM_ESTAB": "COQUIMBO", "COD_REG_ES": 13.0, "COD_PRO_ES": 131.0, "COD_COM_ES": 13101.0, "NOM_COM_ES": "SANTIAGO", "COD_DEPROV": 0.0, "NOM_DEPROV": null, "DEPENDENCI": 5.0, "RURAL_ESTA": 0.0, "ESTADO_EST": 0.0, "SC_MEN_SI": 0.0, "SC_MEN_H": 5.0, "SC_MEN_M": 4.0, "SC_MAY_H": 8.0, "SC_MAY_M": 3.0, "MED_MEN_SI": 0.0, "MED_MEN_H": 6.0, "MED_MEN_M": 3.0, "MED_MAY_SI": 0.0, "MED_MAY_H": 8.0, "MED_MAY_M": 8.0, "NT1_SI": 0.0, "NT1_H": 0.0, "NT1_M": 0.0, "NT2_SI": 0.0, "NT2_H": 0.0, "NT2_M": 0.0, "N_TOTAL": 45.0, "DIRECCION": "COQUIMBO", "NUMERO": 729.0, "REFERENCIA": null, "LATITUD": -33.455885, "LONGITUD": -70.644454 }, "geometry": { "type": "Point", "coordinates": [ -70.644454, -33.455885 ] } },
{ "type": "Feature", "properties": { "AGNO": 2021.0, "ID_ESTAB": 143315.0, "ORIGEN": 3.0, "NOM_ESTAB": "J.S.R. LAS CANTERAS", "COD_REG_ES": 13.0, "COD_PRO_ES": 133.0, "COD_COM_ES": 13301.0, "NOM_COM_ES": "COLINA", "COD_DEPROV": 0.0, "NOM_DEPROV": null, "DEPENDENCI": 5.0, "RURAL_ESTA": 1.0, "ESTADO_EST": 0.0, "SC_MEN_SI": 0.0, "SC_MEN_H": 0.0, "SC_MEN_M": 0.0, "SC_MAY_H": 0.0, "SC_MAY_M": 1.0, "MED_MEN_SI": 0.0, "MED_MEN_H": 1.0, "MED_MEN_M": 1.0, "MED_MAY_SI": 0.0, "MED_MAY_H": 5.0, "MED_MAY_M": 3.0, "NT1_SI": 0.0, "NT1_H": 1.0, "NT1_M": 1.0, "NT2_SI": 0.0, "NT2_H": 0.0, "NT2_M": 0.0, "N_TOTAL": 13.0, "DIRECCION": "AVDA FERMIN VERGARA", "NUMERO": 159.0, "REFERENCIA": null, "LATITUD": -33.449698, "LONGITUD": -70.657719 }, "geometry": { "type": "Point", "coordinates": [ -70.657719, -33.449698 ] } },
{ "type": "Feature", "properties": { "AGNO": 2021.0, "ID_ESTAB": 143316.0, "ORIGEN": 3.0, "NOM_ESTAB": "J.S.R. LO ARCAYA", "COD_REG_ES": 13.0, "COD_PRO_ES": 133.0, "COD_COM_ES": 13301.0, "NOM_COM_ES": "COLINA", "COD_DEPROV": 0.0, "NOM_DEPROV": null, "DEPENDENCI": 5.0, "RURAL_ESTA": 0.0, "ESTADO_EST": 0.0, "SC_MEN_SI": 0.0, "SC_MEN_H": 0.0, "SC_MEN_M": 0.0, "SC_MAY_H": 1.0, "SC_MAY_M": 0.0, "MED_MEN_SI": 0.0, "MED_MEN_H": 0.0, "MED_MEN_M": 6.0, "MED_MAY_SI": 0.0, "MED_MAY_H": 1.0, "MED_MAY_M": 1.0, "NT1_SI": 0.0, "NT1_H": 0.0, "NT1_M": 1.0, "NT2_SI": 0.0, "NT2_H": 0.0, "NT2_M": 0.0, "N_TOTAL": 10.0, "DIRECCION": "CAMINO LA CANCHA", "NUMERO": 0.0, "REFERENCIA": "S/N", "LATITUD": -33.449698, "LONGITUD": -70.657719 }, "geometry": { "type": "Point", "coordinates": [ -70.657719, -33.449698 ] } },
{ "type": "Feature", "properties": { "AGNO": 2021.0, "ID_ESTAB": 144311.0, "ORIGEN": 3.0, "NOM_ESTAB": "J.S.R. SANTA VICTORIA", "COD_REG_ES": 13.0, "COD_PRO_ES": 135.0, "COD_COM_ES": 13501.0, "NOM_COM_ES": "MELIPILLA", "COD_DEPROV": 0.0, "NOM_DEPROV": null, "DEPENDENCI": 5.0, "RURAL_ESTA": 1.0, "ESTADO_EST": 0.0, "SC_MEN_SI": 0.0, "SC_MEN_H": 0.0, "SC_MEN_M": 0.0, "SC_MAY_H": 0.0, "SC_MAY_M": 0.0, "MED_MEN_SI": 0.0, "MED_MEN_H": 5.0, "MED_MEN_M": 1.0, "MED_MAY_SI": 0.0, "MED_MAY_H": 2.0, "MED_MAY_M": 4.0, "NT1_SI": 0.0, "NT1_H": 1.0, "NT1_M": 0.0, "NT2_SI": 0.0, "NT2_H": 0.0, "NT2_M": 0.0, "N_TOTAL": 13.0, "DIRECCION": "ROBERTO BRAVO", "NUMERO": 422.0, "REFERENCIA": null, "LATITUD": -33.449698, "LONGITUD": -70.657719 }, "geometry": { "type": "Point", "coordinates": [ -70.657719, -33.449698 ] } },
{ "type": "Feature", "properties": { "AGNO": 2021.0, "ID_ESTAB": 144312.0, "ORIGEN": 3.0, "NOM_ESTAB": "J.S.R. LA CARRERA", "COD_REG_ES": 13.0, "COD_PRO_ES": 135.0, "COD_COM_ES": 13501.0, "NOM_COM_ES": "MELIPILLA", "COD_DEPROV": 0.0, "NOM_DEPROV": null, "DEPENDENCI": 5.0, "RURAL_ESTA": 1.0, "ESTADO_EST": 0.0, "SC_MEN_SI": 0.0, "SC_MEN_H": 0.0, "SC_MEN_M": 0.0, "SC_MAY_H": 1.0, "SC_MAY_M": 0.0, "MED_MEN_SI": 0.0, "MED_MEN_H": 3.0, "MED_MEN_M": 2.0, "MED_MAY_SI": 0.0, "MED_MAY_H": 1.0, "MED_MAY_M": 1.0, "NT1_SI": 0.0, "NT1_H": 2.0, "NT1_M": 1.0, "NT2_SI": 0.0, "NT2_H": 0.0, "NT2_M": 0.0, "N_TOTAL": 11.0, "DIRECCION": "CAMINO MALLARAUCO", "NUMERO": 0.0, "REFERENCIA": "S/N", "LATITUD": -33.449698, "LONGITUD": -70.657719 }, "geometry": { "type": "Point", "coordinates": [ -70.657719, -33.449698 ] } },
{ "type": "Feature", "properties": { "AGNO": 2021.0, "ID_ESTAB": 144313.0, "ORIGEN": 3.0, "NOM_ESTAB": "J.S.R. SAN CARLOS DE CHOLQUI", "COD_REG_ES": 13.0, "COD_PRO_ES": 135.0, "COD_COM_ES": 13501.0, "NOM_COM_ES": "MELIPILLA", "COD_DEPROV": 0.0, "NOM_DEPROV": null, "DEPENDENCI": 5.0, "RURAL_ESTA": 0.0, "ESTADO_EST": 0.0, "SC_MEN_SI": 0.0, "SC_MEN_H": 0.0, "SC_MEN_M": 0.0, "SC_MAY_H": 0.0, "SC_MAY_M": 0.0, "MED_MEN_SI": 0.0, "MED_MEN_H": 2.0, "MED_MEN_M": 2.0, "MED_MAY_SI": 0.0, "MED_MAY_H": 2.0, "MED_MAY_M": 4.0, "NT1_SI": 0.0, "NT1_H": 0.0, "NT1_M": 1.0, "NT2_SI": 0.0, "NT2_H": 0.0, "NT2_M": 0.0, "N_TOTAL": 11.0, "DIRECCION": "SANTA ISABEL", "NUMERO": 0.0, "REFERENCIA": "S/N", "LATITUD": -33.449698, "LONGITUD": -70.657719 }, "geometry": { "type": "Point", "coordinates": [ -70.657719, -33.449698 ] } },
{ "type": "Feature", "properties": { "AGNO": 2021.0, "ID_ESTAB": 144314.0, "ORIGEN": 3.0, "NOM_ESTAB": "J.S.R. MANANTIALES", "COD_REG_ES": 13.0, "COD_PRO_ES": 135.0, "COD_COM_ES": 13501.0, "NOM_COM_ES": "MELIPILLA", "COD_DEPROV": 0.0, "NOM_DEPROV": null, "DEPENDENCI": 5.0, "RURAL_ESTA": 0.0, "ESTADO_EST": 0.0, "SC_MEN_SI": 0.0, "SC_MEN_H": 0.0, "SC_MEN_M": 0.0, "SC_MAY_H": 1.0, "SC_MAY_M": 0.0, "MED_MEN_SI": 0.0, "MED_MEN_H": 4.0, "MED_MEN_M": 2.0, "MED_MAY_SI": 0.0, "MED_MAY_H": 2.0, "MED_MAY_M": 6.0, "NT1_SI": 0.0, "NT1_H": 0.0, "NT1_M": 0.0, "NT2_SI": 0.0, "NT2_H": 0.0, "NT2_M": 0.0, "N_TOTAL": 15.0, "DIRECCION": "CANCHA MANANTIALES", "NUMERO": 0.0, "REFERENCIA": "S/N", "LATITUD": -33.449698, "LONGITUD": -70.657719 }, "geometry": { "type": "Point", "coordinates": [ -70.657719, -33.449698 ] } },
{ "type": "Feature", "properties": { "AGNO": 2021.0, "ID_ESTAB": 144504.0, "ORIGEN": 3.0, "NOM_ESTAB": "J.S.R. PATAGÜILLA", "COD_REG_ES": 13.0, "COD_PRO_ES": 135.0, "COD_COM_ES": 13503.0, "NOM_COM_ES": "CURACAVÍ", "COD_DEPROV": 0.0, "NOM_DEPROV": null, "DEPENDENCI": 5.0, "RURAL_ESTA": 0.0, "ESTADO_EST": 0.0, "SC_MEN_SI": 0.0, "SC_MEN_H": 0.0, "SC_MEN_M": 0.0, "SC_MAY_H": 0.0, "SC_MAY_M": 0.0, "MED_MEN_SI": 0.0, "MED_MEN_H": 0.0, "MED_MEN_M": 1.0, "MED_MAY_SI": 0.0, "MED_MAY_H": 6.0, "MED_MAY_M": 4.0, "NT1_SI": 0.0, "NT1_H": 0.0, "NT1_M": 0.0, "NT2_SI": 0.0, "NT2_H": 0.0, "NT2_M": 0.0, "N_TOTAL": 11.0, "DIRECCION": "PATAGUILLA", "NUMERO": 0.0, "REFERENCIA": "S/N", "LATITUD": -33.449698, "LONGITUD": -70.657719 }, "geometry": { "type": "Point", "coordinates": [ -70.657719, -33.449698 ] } },
{ "type": "Feature", "properties": { "AGNO": 2021.0, "ID_ESTAB": 145301.0, "ORIGEN": 3.0, "NOM_ESTAB": "S.C. ÜLKANTUN", "COD_REG_ES": 13.0, "COD_PRO_ES": 131.0, "COD_COM_ES": 13101.0, "NOM_COM_ES": "SANTIAGO", "COD_DEPROV": 0.0, "NOM_DEPROV": null, "DEPENDENCI": 5.0, "RURAL_ESTA": 0.0, "ESTADO_EST": 0.0, "SC_MEN_SI": 0.0, "SC_MEN_H": 1.0, "SC_MEN_M": 0.0, "SC_MAY_H": 11.0, "SC_MAY_M": 9.0, "MED_MEN_SI": 0.0, "MED_MEN_H": 0.0, "MED_MEN_M": 0.0, "MED_MAY_SI": 0.0, "MED_MAY_H": 0.0, "MED_MAY_M": 0.0, "NT1_SI": 0.0, "NT1_H": 0.0, "NT1_M": 0.0, "NT2_SI": 0.0, "NT2_H": 0.0, "NT2_M": 0.0, "N_TOTAL": 21.0, "DIRECCION": "MONEDA", "NUMERO": 2490.0, "REFERENCIA": null, "LATITUD": -33.444344, "LONGITUD": -70.670985 }, "geometry": { "type": "Point", "coordinates": [ -70.670985, -33.444344 ] } },
{ "type": "Feature", "properties": { "AGNO": 2021.0, "ID_ESTAB": 145303.0, "ORIGEN": 3.0, "NOM_ESTAB": "LIBERTAD", "COD_REG_ES": 13.0, "COD_PRO_ES": 131.0, "COD_COM_ES": 13101.0, "NOM_COM_ES": "SANTIAGO", "COD_DEPROV": 0.0, "NOM_DEPROV": null, "DEPENDENCI": 5.0, "RURAL_ESTA": 0.0, "ESTADO_EST": 0.0, "SC_MEN_SI": 0.0, "SC_MEN_H": 20.0, "SC_MEN_M": 20.0, "SC_MAY_H": 22.0, "SC_MAY_M": 17.0, "MED_MEN_SI": 0.0, "MED_MEN_H": 34.0, "MED_MEN_M": 21.0, "MED_MAY_SI": 0.0, "MED_MAY_H": 25.0, "MED_MAY_M": 27.0, "NT1_SI": 0.0, "NT1_H": 0.0, "NT1_M": 0.0, "NT2_SI": 0.0, "NT2_H": 0.0, "NT2_M": 0.0, "N_TOTAL": 186.0, "DIRECCION": "LIBERTAD", "NUMERO": 1520.0, "REFERENCIA": null, "LATITUD": -33.428058, "LONGITUD": -70.675567 }, "geometry": { "type": "Point", "coordinates": [ -70.675567, -33.428058 ] } },
{ "type": "Feature", "properties": { "AGNO": 2021.0, "ID_ESTAB": 145304.0, "ORIGEN": 3.0, "NOM_ESTAB": "REMOLINO DE COLORES", "COD_REG_ES": 13.0, "COD_PRO_ES": 131.0, "COD_COM_ES": 13101.0, "NOM_COM_ES": "SANTIAGO", "COD_DEPROV": 0.0, "NOM_DEPROV": null, "DEPENDENCI": 5.0, "RURAL_ESTA": 0.0, "ESTADO_EST": 0.0, "SC_MEN_SI": 0.0, "SC_MEN_H": 12.0, "SC_MEN_M": 7.0, "SC_MAY_H": 9.0, "SC_MAY_M": 11.0, "MED_MEN_SI": 0.0, "MED_MEN_H": 19.0, "MED_MEN_M": 7.0, "MED_MAY_SI": 0.0, "MED_MAY_H": 16.0, "MED_MAY_M": 12.0, "NT1_SI": 0.0, "NT1_H": 0.0, "NT1_M": 0.0, "NT2_SI": 0.0, "NT2_H": 0.0, "NT2_M": 0.0, "N_TOTAL": 93.0, "DIRECCION": "DIECIOCHO", "NUMERO": 133.0, "REFERENCIA": null, "LATITUD": -33.447972, "LONGITUD": -70.658271 }, "geometry": { "type": "Point", "coordinates": [ -70.658271, -33.447972 ] } }
]
}
