{
"type": "FeatureCollection",
"name": "establecimientos_parvularia_filtrados",
"crs": { "type": "name", "properties": { "name": "urn:ogc:def:crs:EPSG::32719" } },
"features": [
{ "type": "Feature", "properties": { "AGNO": 2021.0, "ID_ESTAB": 8518.0, "ORIGEN": 1.0, "NOM_ESTAB": "LICEO ESTACION CENTRAL", "COD_REG_ES": 13.0, "COD_PRO_ES": 131.0, "COD_COM_ES": 13106.0, "NOM_COM_ES": "ESTACIÓN CENTRAL", "COD_DEPROV": 134.0, "NOM_DEPROV": "SANTIAGO PONIENTE", "DEPENDENCI": 1.0, "RURAL_ESTA": 0.0, "ESTADO_EST": 1.0, "SC_MEN_SI": 0.0, "SC_MEN_H": 0.0, "SC_MEN_M": 0.0, "SC_MAY_H": 0.0, "SC_MAY_M": 0.0, "MED_MEN_SI": 0.0, "MED_MEN_H": 0.0, "MED_MEN_M": 0.0, "MED_MAY_SI": 0.0, "MED_MAY_H": 0.0, "MED_MAY_M": 0.0, "NT1_SI": 0.0, "NT1_H": 19.0, "NT1_M": 7.0, "NT2_SI": 0.0, "NT2_H": 16.0, "NT2_M": 7.0, "N_TOTAL": 49.0, "DIRECCION": "PURISIMA", "NUMERO": 58.0, "REFERENCIA": "METRO ECUADOR, VEREDA SUR, COSTADO ORIENTE TELETÓN.", "LATITUD": -33.456606, "LONGITUD": -70.698432, "centroide_x": 342152.6981545774, "centroide_y": 6296801.7508748397, "crs_original": "EPSG:4326", "fecha_normalizacion": "2025-10-10 01:59:23" }, "geometry": { "type": "Point", "coordinates": [ 342152.698154577403329, 6296801.75087483972311 ] } },
{ "type": "Feature", "properties": { "AGNO": 2021.0, "ID_ESTAB": 8519.0, "ORIGEN": 1.0, "NOM_ESTAB": "ESCUELA BASICA PEDRO AGUIRRE CERDA", "COD_REG_ES": 13.0, "COD_PRO_ES": 131.0, "COD_COM_ES": 13102.0, "NOM_COM_ES": "CERRILLOS", "COD_DEPROV": 134.0, "NOM_DEPROV": "SANTIAGO PONIENTE", "DEPENDENCI": 1.0, "RURAL_ESTA": 0.0, "ESTADO_EST": 1.0, "SC_MEN_SI": 0.0, "SC_MEN_H": 0.0, "SC_MEN_M": 0.0, "SC_MAY_H": 0.0, "SC_MAY_M": 0.0, "MED_MEN_SI": 0.0, "MED_MEN_H": 0.0, "MED_MEN_M": 0.0, "MED_MAY_SI": 0.0, "MED_MAY_H": 0.0, "MED_MAY_M": 0.0, "NT1_SI": 0.0, "NT1_H": 14.0, "NT1_M": 10.0, "NT2_SI": 0.0, "NT2_H": 17.0, "NT2_M": 10.0, "N_TOTAL": 51.0, "DIRECCION": "BUZETA", "NUMERO": 4479.0, "REFERENCIA": "BUZETA CON PEDRO AGUIRRE CERDA Y DEPARTAMENTAL", "LATITUD": -33.481839, "LONGITUD": -70.693164, "centroide_x": 342687.95998276136, "centroide_y": 6294011.7485641688, "crs_original": "EPSG:4326", "fecha_normalizacion": "2025-10-10 01:59:23" }, "geometry": { "type": "Point", "coordinates": [ 342687.959982761356514, 6294011.748564168810844 ] } },
{ "type": "Feature", "properties": { "AGNO": 2021.0, "ID_ESTAB": 8520.0, "ORIGEN": 1.0, "NOM_ESTAB": "ESCUELA BASICA PROVINCIA DE CHILOE", "COD_REG_ES": 13.0, "COD_PRO_ES": 131.0, "COD_COM_ES": 13101.0, "NOM_COM_ES": "SANTIAGO", "COD_DEPROV": 131.0, "NOM_DEPROV": "SANTIAGO CENTRO", "DEPENDENCI": 1.0, "RURAL_ESTA": 0.0, "ESTADO_EST": 1.0, "SC_MEN_SI": 0.0, "SC_MEN_H": 0.0, "SC_MEN_M": 0.0, "SC_MAY_H": 0.0, "SC_MAY_M": 0.0, "MED_MEN_SI": 0.0, "MED_MEN_H": 0.0, "MED_MEN_M": 0.0, "MED_MAY_SI": 0.0, "MED_MAY_H": 0.0, "MED_MAY_M": 0.0, "NT1_SI": 0.0, "NT1_H": 14.0, "NT1_M": 16.0, "NT2_SI": 0.0, "NT2_H": 23.0, "NT2_M": 31.0, "N_TOTAL": 84.0, "DIRECCION": "RONDIZZONI", "NUMERO": 2738.0, "REFERENCIA": "RONDIZZONI ESQUINA BASCUÑAN GUERRERO. SANTIAGO CENTRO", "LATITUD": -33.470746, "LONGITUD": -70.671369, "centroide_x": 344693.36763421842, "centroide_y": 6295274.681342463, "crs_original": "EPSG:4326", "fecha_normalizacion": "2025-10-10 01:59:23" }, "geometry": { "type": "Point", "coordinates": [ 344693.367634218418971, 6295274.681342463009059 ] } },
{ "type": "Feature", "properties": { "AGNO": 2021.0, "ID_ESTAB": 8521.0, "ORIGEN": 1.0, "NOM_ESTAB": "ESCUELA CARLOS CONDELL DE LA HAZA", "COD_REG_ES": 13.0, "COD_PRO_ES": 131.0, "COD_COM_ES": 13106.0, "NOM_COM_ES": "ESTACIÓN CENTRAL", "COD_DEPROV": 134.0, "NOM_DEPROV": "SANTIAGO PONIENTE", "DEPENDENCI": 1.0, "RURAL_ESTA": 0.0, "ESTADO_EST": 1.0, "SC_MEN_SI": 0.0, "SC_MEN_H": 0.0, "SC_MEN_M": 0.0, "SC_MAY_H": 0.0, "SC_MAY_M": 0.0, "MED_MEN_SI": 0.0, "MED_MEN_H": 0.0, "MED_MEN_M": 0.0, "MED_MAY_SI": 0.0, "MED_MAY_H": 0.0, "MED_MAY_M": 0.0, "NT1_SI": 0.0, "NT1_H": 51.0, "NT1_M": 38.0, "NT2_SI": 0.0, "NT2_H": 56.0, "NT2_M": 32.0, "N_TOTAL": 177.0, "DIRECCION": "TRANSIT", "NUMERO": 661.0, "REFERENCIA": "5 DE ABRIL ALTURA DEL 4700", "LATITUD": -33.461464, "LONGITUD": -70.700384, "centroide_x": 341980.09436494246, "centroide_y": 6296260.1714082835, "crs_original": "EPSG:4326", "fecha_normalizacion": "2025-10-10 01:59:23" }, "geometry": { "type": "Point", "coordinates": [ 341980.094364942458924, 6296260.171408283524215 ] } },
{ "type": "Feature", "properties": { "AGNO": 2021.0, "ID_ESTAB": 8522.0, "ORIGEN": 1.0, "NOM_ESTAB": "ESCUELA BASICA REPUBLICA DE COLOMBIA", "COD_REG_ES": 13.0, "COD_PRO_ES": 131.0, "COD_COM_ES": 13101.0, "NOM_COM_ES": "SANTIAGO", "COD_DEPROV": 131.0, "NOM_DEPROV": "SANTIAGO CENTRO", "DEPENDENCI": 1.0, "RURAL_ESTA": 0.0, "ESTADO_EST": 1.0, "SC_MEN_SI": 0.0, "SC_MEN_H": 0.0, "SC_MEN_M": 0.0, "SC_MAY_H": 0.0, "SC_MAY_M": 0.0, "MED_MEN_SI": 0.0, "MED_MEN_H": 0.0, "MED_MEN_M": 0.0, "MED_MAY_SI": 0.0, "MED_MAY_H": 0.0, "MED_MAY_M": 0.0, "NT1_SI": 0.0, "NT1_H": 16.0, "NT1_M": 15.0, "NT2_SI": 0.0, "NT2_H": 25.0, "NT2_M": 39.0, "N_TOTAL": 95.0, "DIRECCION": "BASCUÑAN GUERRERO", "NUMERO": 302.0, "REFERENCIA": "BASCUÑAN GUERRERO 302 ESQUINA GRAJALES - METRO ULA", "LATITUD": -33.454231, "LONGITUD": -70.674389, "centroide_x": 344383.22572247777, "centroide_y": 6297101.4509950187, "crs_original": "EPSG:4326", "fecha_normalizacion": "2025-10-10 01:59:23" }, "geometry": { "type": "Point", "coordinates": [ 344383.225722477771342, 6297101.450995018705726 ] } },
{ "type": "Feature", "properties": { "AGNO": 2021.0, "ID_ESTAB": 8523.0, "ORIGEN": 1.0, "NOM_ESTAB": "ESCUELA BASICA REPUBLICA DE PANAMA", "COD_REG_ES": 13.0, "COD_PRO_ES": 131.0, "COD_COM_ES": 13101.0, "NOM_COM_ES": "SANTIAGO", "COD_DEPROV": 131.0, "NOM_DEPROV": "SANTIAGO CENTRO", "DEPENDENCI": 1.0, "RURAL_ESTA": 0.0, "ESTADO_EST": 1.0, "SC_MEN_SI": 0.0, "SC_MEN_H": 0.0, "SC_MEN_M": 0.0, "SC_MAY_H": 0.0, "SC_MAY_M": 0.0, "MED_MEN_SI": 0.0, "MED_MEN_H": 0.0, "MED_MEN_M": 0.0, "MED_MAY_SI": 0.0, "MED_MAY_H": 0.0, "MED_MAY_M": 0.0, "NT1_SI": 0.0, "NT1_H": 18.0, "NT1_M": 10.0, "NT2_SI": 0.0, "NT2_H": 18.0, "NT2_M": 7.0, "N_TOTAL": 53.0, "DIRECCION": "HUERFANOS", "NUMERO": 3151.0, "REFERENCIA": "ENTRE  HERRERA  Y  CHACABUCO,  AL  COSTADO  HOSPITAL  SAN  JUAN  DE  DIOS.", "LATITUD": -33.442421, "LONGITUD": -70.678004, "centroide_x": 344026.04354088905, "centroide_y": 6298405.5499942359, "crs_original": "EPSG:4326", "fecha_normalizacion": "2025-10-10 01:59:23" }, "geometry": { "type": "Point", "coordinates": [ 344026.043540889048018, 6298405.549994235858321 ] } },
{ "type": "Feature", "properties": { "AGNO": 2021.0, "ID_ESTAB": 8536.0, "ORIGEN": 1.0, "NOM_ESTAB": "ESCUELA REPUBLICA DE ISRAEL", "COD_REG_ES": 13.0, "COD_PRO_ES": 131.0, "COD_COM_ES": 13101.0, "NOM_COM_ES": "SANTIAGO", "COD_DEPROV": 131.0, "NOM_DEPROV": "SANTIAGO CENTRO", "DEPENDENCI": 1.0, "RURAL_ESTA": 0.0, "ESTADO_EST": 1.0, "SC_MEN_SI": 0.0, "SC_MEN_H": 0.0, "SC_MEN_M": 0.0, "SC_MAY_H": 0.0, "SC_MAY_M": 0.0, "MED_MEN_SI": 0.0, "MED_MEN_H": 0.0, "MED_MEN_M": 0.0, "MED_MAY_SI": 0.0, "MED_MAY_H": 0.0, "MED_MAY_M": 0.0, "NT1_SI": 0.0, "NT1_H": 30.0, "NT1_M": 28.0, "NT2_SI": 0.0, "NT2_H": 37.0, "NT2_M": 23.0, "N_TOTAL": 118.0, "DIRECCION": "CATEDRAL", "NUMERO": 2827.0, "REFERENCIA": "CATEDRAL CON LIBERTAD", "LATITUD": -33.43966, "LONGITUD": -70.674747, "centroide_x": 344323.89734820533, "centroide_y": 6298716.6317360085, "crs_original": "EPSG:4326", "fecha_normalizacion": "2025-10-10 01:59:23" }, "geometry": { "type": "Point", "coordinates": [ 344323.897348205326125, 6298716.631736008450389 ] } },
{ "type": "Feature", "properties": { "AGNO": 2021.0, "ID_ESTAB": 8537.0, "ORIGEN": 1.0, "NOM_ESTAB": "ESCUELA ARNALDO FALABELLA", "COD_REG_ES": 13.0, "COD_PRO_ES": 131.0, "COD_COM_ES": 13106.0, "NOM_COM_ES": "ESTACIÓN CENTRAL", "COD_DEPROV": 134.0, "NOM_DEPROV": "SANTIAGO PONIENTE", "DEPENDENCI": 1.0, "RURAL_ESTA": 0.0, "ESTADO_EST": 1.0, "SC_MEN_SI": 0.0, "SC_MEN_H": 0.0, "SC_MEN_M": 0.0, "SC_MAY_H": 0.0, "SC_MAY_M": 0.0, "MED_MEN_SI": 0.0, "MED_MEN_H": 0.0, "MED_MEN_M": 0.0, "MED_MAY_SI": 0.0, "MED_MAY_H": 0.0, "MED_MAY_M": 0.0, "NT1_SI": 0.0, "NT1_H": 21.0, "NT1_M": 19.0, "NT2_SI": 0.0, "NT2_H": 31.0, "NT2_M": 29.0, "N_TOTAL": 100.0, "DIRECCION": "CORONEL GODOY", "NUMERO": 555.0, "REFERENCIA": "POR CINCO DE ABRIL, DOS CUADRAS HACIA LA COSTA, DESDE GENERAL VELASQUEZ.", "LATITUD": -33.458589, "LONGITUD": -70.692224, "centroide_x": 342733.31749108399, "centroide_y": 6296591.255896898, "crs_original": "EPSG:4326", "fecha_normalizacion": "2025-10-10 01:59:23" }, "geometry": { "type": "Point", "coordinates": [ 342733.317491083987989, 6296591.255896897986531 ] } },
{ "type": "Feature", "properties": { "AGNO": 2021.0, "ID_ESTAB": 8544.0, "ORIGEN": 1.0, "NOM_ESTAB": "ESCUELA BÁSICA ARTURO ALESSANDRI PALMA", "COD_REG_ES": 13.0, "COD_PRO_ES": 131.0, "COD_COM_ES": 13106.0, "NOM_COM_ES": "ESTACIÓN CENTRAL", "COD_DEPROV": 134.0, "NOM_DEPROV": "SANTIAGO PONIENTE", "DEPENDENCI": 1.0, "RURAL_ESTA": 0.0, "ESTADO_EST": 1.0, "SC_MEN_SI": 0.0, "SC_MEN_H": 0.0, "SC_MEN_M": 0.0, "SC_MAY_H": 0.0, "SC_MAY_M": 0.0, "MED_MEN_SI": 0.0, "MED_MEN_H": 0.0, "MED_MEN_M": 0.0, "MED_MAY_SI": 0.0, "MED_MAY_H": 0.0, "MED_MAY_M": 0.0, "NT1_SI": 0.0, "NT1_H": 10.0, "NT1_M": 39.0, "NT2_SI": 0.0, "NT2_H": 34.0, "NT2_M": 68.0, "N_TOTAL": 151.0, "DIRECCION": "AVENIDA LIBERTADOR BERNARDO O'HIGGINS", "NUMERO": 4558.0, "REFERENCIA": "ALAMEDA ESQUINA CALLE PURÍSIMA. METRO ESTACIÓN ECUADOR.", "LATITUD": -33.456016, "LONGITUD": -70.69875, "centroide_x": 342122.08821649628, "centroide_y": 6296866.6649325658, "crs_original": "EPSG:4326", "fecha_normalizacion": "2025-10-10 01:59:23" }, "geometry": { "type": "Point", "coordinates": [ 342122.088216496282257, 6296866.664932565763593 ] } },
{ "type": "Feature", "properties": { "AGNO": 2021.0, "ID_ESTAB": 8552.0, "ORIGEN": 1.0, "NOM_ESTAB": "ESCUELA BAS SALVADOR SANFUENTES REP EEUU", "COD_REG_ES": 13.0, "COD_PRO_ES": 131.0, "COD_COM_ES": 13101.0, "NOM_COM_ES": "SANTIAGO", "COD_DEPROV": 131.0, "NOM_DEPROV": "SANTIAGO CENTRO", "DEPENDENCI": 1.0, "RURAL_ESTA": 0.0, "ESTADO_EST": 1.0, "SC_MEN_SI": 0.0, "SC_MEN_H": 0.0, "SC_MEN_M": 0.0, "SC_MAY_H": 0.0, "SC_MAY_M": 0.0, "MED_MEN_SI": 0.0, "MED_MEN_H": 0.0, "MED_MEN_M": 0.0, "MED_MAY_SI": 0.0, "MED_MAY_H": 0.0, "MED_MAY_M": 0.0, "NT1_SI": 0.0, "NT1_H": 102.0, "NT1_M": 0.0, "NT2_SI": 0.0, "NT2_H": 93.0, "NT2_M": 20.0, "N_TOTAL": 215.0, "DIRECCION": "CATEDRAL", "NUMERO": 3250.0, "REFERENCIA": "METRO QUINTA NORMAL", "LATITUD": -33.440352, "LONGITUD": -70.679314, "centroide_x": 343900.54226110387, "centroide_y": 6298632.9811225533, "crs_original": "EPSG:4326", "fecha_normalizacion": "2025-10-10 01:59:23" }, "geometry": { "type": "Point", "coordinates": [ 343900.542261103866622, 6298632.981122553348541 ] } },
{ "type": "Feature", "properties": { "AGNO": 2021.0, "ID_ESTAB": 8556.0, "ORIGEN": 1.0, "NOM_ESTAB": "ESCUELA REPUBLICA DE AUSTRIA", "COD_REG_ES": 13.0, "COD_PRO_ES": 131.0, "COD_COM_ES": 13106.0, "NOM_COM_ES": "ESTACIÓN CENTRAL", "COD_DEPROV": 134.0, "NOM_DEPROV": "SANTIAGO PONIENTE", "DEPENDENCI": 1.0, "RURAL_ESTA": 0.0, "ESTADO_EST": 1.0, "SC_MEN_SI": 0.0, "SC_MEN_H": 0.0, "SC_MEN_M": 0.0, "SC_MAY_H": 0.0, "SC_MAY_M": 0.0, "MED_MEN_SI": 0.0, "MED_MEN_H": 0.0, "MED_MEN_M": 0.0, "MED_MAY_SI": 0.0, "MED_MAY_H": 0.0, "MED_MAY_M": 0.0, "NT1_SI": 0.0, "NT1_H": 14.0, "NT1_M": 16.0, "NT2_SI": 0.0, "NT2_H": 21.0, "NT2_M": 33.0, "N_TOTAL": 84.0, "DIRECCION": "LUIS CRUZ MARTINEZ", "NUMERO": 4431.0, "REFERENCIA": null, "LATITUD": -33.475292, "LONGITUD": -70.69499, "centroide_x": 342506.40189467423, "centroide_y": 6294734.943026254, "crs_original": "EPSG:4326", "fecha_normalizacion": "2025-10-10 01:59:23" }, "geometry": { "type": "Point", "coordinates": [ 342506.40189467422897, 6294734.943026253953576 ] } },
{ "type": "Feature", "properties": { "AGNO": 2021.0, "ID_ESTAB": 8558.0, "ORIGEN": 1.0, "NOM_ESTAB": "ESCUELA BÁSICA HUMBERTO VALENZUELA GARCÍA", "COD_REG_ES": 13.0, "COD_PRO_ES": 131.0, "COD_COM_ES": 13106.0, "NOM_COM_ES": "ESTACIÓN CENTRAL", "COD_DEPROV": 134.0, "NOM_DEPROV": "SANTIAGO PONIENTE", "DEPENDENCI": 1.0, "RURAL_ESTA": 0.0, "ESTADO_EST": 1.0, "SC_MEN_SI": 0.0, "SC_MEN_H": 0.0, "SC_MEN_M": 0.0, "SC_MAY_H": 0.0, "SC_MAY_M": 0.0, "MED_MEN_SI": 0.0, "MED_MEN_H": 0.0, "MED_MEN_M": 0.0, "MED_MAY_SI": 0.0, "MED_MAY_H": 0.0, "MED_MAY_M": 0.0, "NT1_SI": 0.0, "NT1_H": 11.0, "NT1_M": 22.0, "NT2_SI": 0.0, "NT2_H": 23.0, "NT2_M": 17.0, "N_TOTAL": 73.0, "DIRECCION": "PINGUINOS", "NUMERO": 4250.0, "REFERENCIA": "GENERAL VELASQUEZ SUR ALTURA 1700 ESTACIÒN CENTRAL", "LATITUD": -33.471515, "LONGITUD": -70.69188, "centroide_x": 342788.62784949725, "centroide_y": 6295158.4714177549, "crs_original": "EPSG:4326", "fecha_normalizacion": "2025-10-10 01:59:23" }, "geometry": { "type": "Point", "coordinates": [ 342788.627849497250281, 6295158.471417754888535 ] } },
{ "type": "Feature", "properties": { "AGNO": 2021.0, "ID_ESTAB": 8569.0, "ORIGEN": 1.0, "NOM_ESTAB": "ESCUELA BASICA REPUBLICA DEL ECUADOR", "COD_REG_ES": 13.0, "COD_PRO_ES": 131.0, "COD_COM_ES": 13101.0, "NOM_COM_ES": "SANTIAGO", "COD_DEPROV": 131.0, "NOM_DEPROV": "SANTIAGO CENTRO", "DEPENDENCI": 1.0, "RURAL_ESTA": 0.0, "ESTADO_EST": 1.0, "SC_MEN_SI": 0.0, "SC_MEN_H": 0.0, "SC_MEN_M": 0.0, "SC_MAY_H": 0.0, "SC_MAY_M": 0.0, "MED_MEN_SI": 0.0, "MED_MEN_H": 0.0, "MED_MEN_M": 0.0, "MED_MAY_SI": 0.0, "MED_MAY_H": 0.0, "MED_MAY_M": 0.0, "NT1_SI": 0.0, "NT1_H": 0.0, "NT1_M": 51.0, "NT2_SI": 0.0, "NT2_H": 0.0, "NT2_M": 52.0, "N_TOTAL": 103.0, "DIRECCION": "ALAMEDA", "NUMERO": 2414.0, "REFERENCIA": "ALAMEDA CON AV.ESPAÑA FRENTE AL DUOC", "LATITUD": -33.448969, "LONGITUD": -70.670724, "centroide_x": 344714.46788752975, "centroide_y": 6297690.3349584676, "crs_original": "EPSG:4326", "fecha_normalizacion": "2025-10-10 01:59:23" }, "geometry": { "type": "Point", "coordinates": [ 344714.46788752975408, 6297690.334958467632532 ] } },
{ "type": "Feature", "properties": { "AGNO": 2021.0, "ID_ESTAB": 8579.0, "ORIGEN": 1.0, "NOM_ESTAB": "ESCUELA BASICA UNION LATINOAMERICANA", "COD_REG_ES": 13.0, "COD_PRO_ES": 131.0, "COD_COM_ES": 13106.0, "NOM_COM_ES": "ESTACIÓN CENTRAL", "COD_DEPROV": 134.0, "NOM_DEPROV": "SANTIAGO PONIENTE", "DEPENDENCI": 1.0, "RURAL_ESTA": 0.0, "ESTADO_EST": 1.0, "SC_MEN_SI": 0.0, "SC_MEN_H": 0.0, "SC_MEN_M": 0.0, "SC_MAY_H": 0.0, "SC_MAY_M": 0.0, "MED_MEN_SI": 0.0, "MED_MEN_H": 0.0, "MED_MEN_M": 0.0, "MED_MAY_SI": 0.0, "MED_MAY_H": 0.0, "MED_MAY_M": 0.0, "NT1_SI": 0.0, "NT1_H": 16.0, "NT1_M": 14.0, "NT2_SI": 0.0, "NT2_H": 18.0, "NT2_M": 12.0, "N_TOTAL": 60.0, "DIRECCION": "SANTA TERESA", "NUMERO": 1071.0, "REFERENCIA": "DEL SANTUARIO DEL PADRE HURTADO, 3 CUADRAS AL PONIENTE 2 AL SUR.", "LATITUD": -33.463481, "LONGITUD": -70.691737, "centroide_x": 342787.42791256378, "centroide_y": 6296049.5320086395, "crs_original": "EPSG:4326", "fecha_normalizacion": "2025-10-10 01:59:23" }, "geometry": { "type": "Point", "coordinates": [ 342787.427912563784048, 6296049.532008639536798 ] } },
{ "type": "Feature", "properties": { "AGNO": 2021.0, "ID_ESTAB": 8615.0, "ORIGEN": 1.0, "NOM_ESTAB": "ESCUELA COLEGIO POLIVALENTE STA FAMILIA", "COD_REG_ES": 13.0, "COD_PRO_ES": 131.0, "COD_COM_ES": 13101.0, "NOM_COM_ES": "SANTIAGO", "COD_DEPROV": 131.0, "NOM_DEPROV": "SANTIAGO CENTRO", "DEPENDENCI": 2.0, "RURAL_ESTA": 0.0, "ESTADO_EST": 1.0, "SC_MEN_SI": 0.0, "SC_MEN_H": 0.0, "SC_MEN_M": 0.0, "SC_MAY_H": 0.0, "SC_MAY_M": 0.0, "MED_MEN_SI": 0.0, "MED_MEN_H": 0.0, "MED_MEN_M": 0.0, "MED_MAY_SI": 0.0, "MED_MAY_H": 0.0, "MED_MAY_M": 0.0, "NT1_SI": 0.0, "NT1_H": 1.0, "NT1_M": 43.0, "NT2_SI": 0.0, "NT2_H": 2.0, "NT2_M": 34.0, "N_TOTAL": 80.0, "DIRECCION": "UNION LATINO AMERICANA", "NUMERO": 151.0, "REFERENCIA": "METRO ESTACIÓN ULA", "LATITUD": -33.451906, "LONGITUD": -70.673895, "centroide_x": 344424.92311873281, "centroide_y": 6297359.98402966, "crs_original": "EPSG:4326", "fecha_normalizacion": "2025-10-10 01:59:23" }, "geometry": { "type": "Point", "coordinates": [ 344424.923118732811417, 6297359.984029660001397 ] } },
{ "type": "Feature", "properties": { "AGNO": 2021.0, "ID_ESTAB": 8631.0, "ORIGEN": 1.0, "NOM_ESTAB": "COLEGIO ECHAURREN", "COD_REG_ES": 13.0, "COD_PRO_ES": 131.0, "COD_COM_ES": 13106.0, "NOM_COM_ES": "ESTACIÓN CENTRAL", "COD_DEPROV": 134.0, "NOM_DEPROV": "SANTIAGO PONIENTE", "DEPENDENCI": 2.0, "RURAL_ESTA": 0.0, "ESTADO_EST": 1.0, "SC_MEN_SI": 0.0, "SC_MEN_H": 0.0, "SC_MEN_M": 0.0, "SC_MAY_H": 0.0, "SC_MAY_M": 0.0, "MED_MEN_SI": 0.0, "MED_MEN_H": 0.0, "MED_MEN_M": 0.0, "MED_MAY_SI": 0.0, "MED_MAY_H": 0.0, "MED_MAY_M": 0.0, "NT1_SI": 0.0, "NT1_H": 22.0, "NT1_M": 32.0, "NT2_SI": 0.0, "NT2_H": 26.0, "NT2_M": 28.0, "N_TOTAL": 108.0, "DIRECCION": "LUIS INFANTE CERDA", "NUMERO": 5484.0, "REFERENCIA": "LUIS INFANTE CERDA CON LAS COLINAS  POR  5 DE ABRIL ANTES DE AV. LO ERRAZURIZ", "LATITUD": -33.475076, "LONGITUD": -70.716777, "centroide_x": 340481.43842832895, "centroide_y": 6294725.6813319419, "crs_original": "EPSG:4326", "fecha_normalizacion": "2025-10-10 01:59:23" }, "geometry": { "type": "Point", "coordinates": [ 340481.438428328954615, 6294725.681331941857934 ] } },
{ "type": "Feature", "properties": { "AGNO": 2021.0, "ID_ESTAB": 8634.0, "ORIGEN": 1.0, "NOM_ESTAB": "LICEO RUIZ TAGLE", "COD_REG_ES": 13.0, "COD_PRO_ES": 131.0, "COD_COM_ES": 13106.0, "NOM_COM_ES": "ESTACIÓN CENTRAL", "COD_DEPROV": 134.0, "NOM_DEPROV": "SANTIAGO PONIENTE", "DEPENDENCI": 2.0, "RURAL_ESTA": 0.0, "ESTADO_EST": 1.0, "SC_MEN_SI": 0.0, "SC_MEN_H": 0.0, "SC_MEN_M": 0.0, "SC_MAY_H": 0.0, "SC_MAY_M": 0.0, "MED_MEN_SI": 0.0, "MED_MEN_H": 0.0, "MED_MEN_M": 0.0, "MED_MAY_SI": 0.0, "MED_MAY_H": 0.0, "MED_MAY_M": 0.0, "NT1_SI": 0.0, "NT1_H": 48.0, "NT1_M": 0.0, "NT2_SI": 0.0, "NT2_H": 55.0, "NT2_M": 0.0, "N_TOTAL": 103.0, "DIRECCION": "FEDERICO SCOTTO", "NUMERO": 127.0, "REFERENCIA": "FEDERICO SCOTTO/ECUADOR METRO USACH", "LATITUD": -33.451591, "LONGITUD": -70.688999, "centroide_x": 343020.47080814396, "centroide_y": 6297372.1474288218, "crs_original": "EPSG:4326", "fecha_normalizacion": "2025-10-10 01:59:23" }, "geometry": { "type": "Point", "coordinates": [ 343020.470808143960312, 6297372.147428821772337 ] } },
{ "type": "Feature", "properties": { "AGNO": 2021.0, "ID_ESTAB": 8657.0, "ORIGEN": 1.0, "NOM_ESTAB": "COLEGIO SAN ALBERTO", "COD_REG_ES": 13.0, "COD_PRO_ES": 131.0, "COD_COM_ES": 13106.0, "NOM_COM_ES": "ESTACIÓN CENTRAL", "COD_DEPROV": 134.0, "NOM_DEPROV": "SANTIAGO PONIENTE", "DEPENDENCI": 2.0, "RURAL_ESTA": 0.0, "ESTADO_EST": 1.0, "SC_MEN_SI": 0.0, "SC_MEN_H": 0.0, "SC_MEN_M": 0.0, "SC_MAY_H": 0.0, "SC_MAY_M": 0.0, "MED_MEN_SI": 0.0, "MED_MEN_H": 0.0, "MED_MEN_M": 0.0, "MED_MAY_SI": 0.0, "MED_MAY_H": 0.0, "MED_MAY_M": 0.0, "NT1_SI": 0.0, "NT1_H": 0.0, "NT1_M": 0.0, "NT2_SI": 0.0, "NT2_H": 39.0, "NT2_M": 40.0, "N_TOTAL": 79.0, "DIRECCION": "SANTA TERESA", "NUMERO": 1785.0, "REFERENCIA": "LOS PINGÜINOS CON PADRE VICENTE IRARRAZABAL", "LATITUD": -33.470746, "LONGITUD": -70.691858, "centroide_x": 342789.24848390697, "centroide_y": 6295243.7423291393, "crs_original": "EPSG:4326", "fecha_normalizacion": "2025-10-10 01:59:23" }, "geometry": { "type": "Point", "coordinates": [ 342789.248483906965703, 6295243.742329139262438 ] } },
{ "type": "Feature", "properties": { "AGNO": 2021.0, "ID_ESTAB": 8671.0, "ORIGEN": 1.0, "NOM_ESTAB": "COLEGIO BICENTENARIO VICTORIA PRIETO", "COD_REG_ES": 13.0, "COD_PRO_ES": 131.0, "COD_COM_ES": 13101.0, "NOM_COM_ES": "SANTIAGO", "COD_DEPROV": 131.0, "NOM_DEPROV": "SANTIAGO CENTRO", "DEPENDENCI": 2.0, "RURAL_ESTA": 0.0, "ESTADO_EST": 1.0, "SC_MEN_SI": 0.0, "SC_MEN_H": 0.0, "SC_MEN_M": 0.0, "SC_MAY_H": 0.0, "SC_MAY_M": 0.0, "MED_MEN_SI": 0.0, "MED_MEN_H": 0.0, "MED_MEN_M": 0.0, "MED_MAY_SI": 0.0, "MED_MAY_H": 0.0, "MED_MAY_M": 0.0, "NT1_SI": 0.0, "NT1_H": 20.0, "NT1_M": 15.0, "NT2_SI": 0.0, "NT2_H": 17.0, "NT2_M": 21.0, "N_TOTAL": 73.0, "DIRECCION": "ESPERANZA", "NUMERO": 94.0, "REFERENCIA": "EST. METRO LATINOAMERICANA", "LATITUD": -33.44512, "LONGITUD": -70.675349, "centroide_x": 344277.66823222244, "centroide_y": 6298110.2135377321, "crs_original": "EPSG:4326", "fecha_normalizacion": "2025-10-10 01:59:23" }, "geometry": { "type": "Point", "coordinates": [ 344277.668232222436927, 6298110.21353773213923 ] } },
{ "type": "Feature", "properties": { "AGNO": 2021.0, "ID_ESTAB": 8676.0, "ORIGEN": 1.0, "NOM_ESTAB": "ESCUELA MANUEL JOSE IRARRAZAVAL", "COD_REG_ES": 13.0, "COD_PRO_ES": 131.0, "COD_COM_ES": 13101.0, "NOM_COM_ES": "SANTIAGO", "COD_DEPROV": 131.0, "NOM_DEPROV": "SANTIAGO CENTRO", "DEPENDENCI": 2.0, "RURAL_ESTA": 0.0, "ESTADO_EST": 1.0, "SC_MEN_SI": 0.0, "SC_MEN_H": 0.0, "SC_MEN_M": 0.0, "SC_MAY_H": 0.0, "SC_MAY_M": 0.0, "MED_MEN_SI": 0.0, "MED_MEN_H": 0.0, "MED_MEN_M": 0.0, "MED_MAY_SI": 0.0, "MED_MAY_H": 0.0, "MED_MAY_M": 0.0, "NT1_SI": 0.0, "NT1_H": 46.0, "NT1_M": 43.0, "NT2_SI": 0.0, "NT2_H": 43.0, "NT2_M": 53.0, "N_TOTAL": 185.0, "DIRECCION": "CONFERENCIA", "NUMERO": 751.0, "REFERENCIA": "BLANCO ENCALADA ESQUINA CONFERENCIA HACIA EL SUR.", "LATITUD": -33.459428, "LONGITUD": -70.676364, "centroide_x": 344208.91921942565, "centroide_y": 6296522.1386366012, "crs_original": "EPSG:4326", "fecha_normalizacion": "2025-10-10 01:59:23" }, "geometry": { "type": "Point", "coordinates": [ 344208.919219425646588, 6296522.138636601157486 ] } },
{ "type": "Feature", "properties": { "AGNO": 2021.0, "ID_ESTAB": 8678.0, "ORIGEN": 1.0, "NOM_ESTAB": "ESC.SILVIA SALAS EDWARDS", "COD_REG_ES": 13.0, "COD_PRO_ES": 131.0, "COD_COM_ES": 13106.0, "NOM_COM_ES": "ESTACIÓN CENTRAL", "COD_DEPROV": 134.0, "NOM_DEPROV": "SANTIAGO PONIENTE", "DEPENDENCI": 2.0, "RURAL_ESTA": 0.0, "ESTADO_EST": 1.0, "SC_MEN_SI": 0.0, "SC_MEN_H": 0.0, "SC_MEN_M": 0.0, "SC_MAY_H": 0.0, "SC_MAY_M": 0.0, "MED_MEN_SI": 0.0, "MED_MEN_H": 0.0, "MED_MEN_M": 0.0, "MED_MAY_SI": 0.0, "MED_MAY_H": 0.0, "MED_MAY_M": 0.0, "NT1_SI": 0.0, "NT1_H": 12.0, "NT1_M": 10.0, "NT2_SI": 0.0, "NT2_H": 15.0, "NT2_M": 13.0, "N_TOTAL": 50.0, "DIRECCION": "ANTOFAGASTA", "NUMERO": 3575.0, "REFERENCIA": "PARALELA A METROGAS.   CALLES   ANTOFAGASTA CON OBISPO MANUEL UMAÑA", "LATITUD": -33.46673, "LONGITUD": -70.68381, "centroide_x": 343529.96437619464, "centroide_y": 6295701.2508773394, "crs_original": "EPSG:4326", "fecha_normalizacion": "2025-10-10 01:59:23" }, "geometry": { "type": "Point", "coordinates": [ 343529.964376194635406, 6295701.2508773393929 ] } },
{ "type": "Feature", "properties": { "AGNO": 2021.0, "ID_ESTAB": 8690.0, "ORIGEN": 1.0, "NOM_ESTAB": "ESCUELA PARTICULAR AMOR DE DIOS", "COD_REG_ES": 13.0, "COD_PRO_ES": 131.0, "COD_COM_ES": 13102.0, "NOM_COM_ES": "CERRILLOS", "COD_DEPROV": 134.0, "NOM_DEPROV": "SANTIAGO PONIENTE", "DEPENDENCI": 2.0, "RURAL_ESTA": 0.0, "ESTADO_EST": 1.0, "SC_MEN_SI": 0.0, "SC_MEN_H": 0.0, "SC_MEN_M": 0.0, "SC_MAY_H": 0.0, "SC_MAY_M": 0.0, "MED_MEN_SI": 0.0, "MED_MEN_H": 0.0, "MED_MEN_M": 0.0, "MED_MAY_SI": 0.0, "MED_MAY_H": 0.0, "MED_MAY_M": 0.0, "NT1_SI": 0.0, "NT1_H": 13.0, "NT1_M": 17.0, "NT2_SI": 0.0, "NT2_H": 19.0, "NT2_M": 22.0, "N_TOTAL": 71.0, "DIRECCION": "AVENIDA UNO", "NUMERO": 2988.0, "REFERENCIA": "BUCETA, GENERAL VELASQUEZ CON  DEPARTAMENTAL BUZETA Y AVENIDA UNO.", "LATITUD": -33.479364, "LONGITUD": -70.686735, "centroide_x": 343280.89054431184, "centroide_y": 6294295.8711230643, "crs_original": "EPSG:4326", "fecha_normalizacion": "2025-10-10 01:59:23" }, "geometry": { "type": "Point", "coordinates": [ 343280.89054431184195, 6294295.871123064309359 ] } },
{ "type": "Feature", "properties": { "AGNO": 2021.0, "ID_ESTAB": 8715.0, "ORIGEN": 1.0, "NOM_ESTAB": "COLEGIO SAO PAULO", "COD_REG_ES": 13.0, "COD_PRO_ES": 131.0, "COD_COM_ES": 13106.0, "NOM_COM_ES": "ESTACIÓN CENTRAL", "COD_DEPROV": 134.0, "NOM_DEPROV": "SANTIAGO PONIENTE", "DEPENDENCI": 2.0, "RURAL_ESTA": 0.0, "ESTADO_EST": 1.0, "SC_MEN_SI": 0.0, "SC_MEN_H": 0.0, "SC_MEN_M": 0.0, "SC_MAY_H": 0.0, "SC_MAY_M": 0.0, "MED_MEN_SI": 0.0, "MED_MEN_H": 0.0, "MED_MEN_M": 0.0, "MED_MAY_SI": 0.0, "MED_MAY_H": 0.0, "MED_MAY_M": 0.0, "NT1_SI": 0.0, "NT1_H": 12.0, "NT1_M": 11.0, "NT2_SI": 0.0, "NT2_H": 12.0, "NT2_M": 13.0, "N_TOTAL": 48.0, "DIRECCION": "PLACILLA", "NUMERO": 333.0, "REFERENCIA": "POR CINCO DE ABRIL A 3 CUADRAS DE GENERAL VELASQUEZ HACIA LA COSTA.ENTRE CINCO DE ABRIL Y CORONEL SOUPER", "LATITUD": -33.45862, "LONGITUD": -70.693729, "centroide_x": 342593.50661922444, "centroide_y": 6296585.6267935112, "crs_original": "EPSG:4326", "fecha_normalizacion": "2025-10-10 01:59:23" }, "geometry": { "type": "Point", "coordinates": [ 342593.506619224441238, 6296585.626793511211872 ] } },
{ "type": "Feature", "properties": { "AGNO": 2021.0, "ID_ESTAB": 8717.0, "ORIGEN": 1.0, "NOM_ESTAB": "ESCUELA PARTICULAR SAINT HENRY SCHOOL", "COD_REG_ES": 13.0, "COD_PRO_ES": 131.0, "COD_COM_ES": 13101.0, "NOM_COM_ES": "SANTIAGO", "COD_DEPROV": 131.0, "NOM_DEPROV": "SANTIAGO CENTRO", "DEPENDENCI": 2.0, "RURAL_ESTA": 0.0, "ESTADO_EST": 1.0, "SC_MEN_SI": 0.0, "SC_MEN_H": 0.0, "SC_MEN_M": 0.0, "SC_MAY_H": 0.0, "SC_MAY_M": 0.0, "MED_MEN_SI": 0.0, "MED_MEN_H": 0.0, "MED_MEN_M": 0.0, "MED_MAY_SI": 0.0, "MED_MAY_H": 0.0, "MED_MAY_M": 0.0, "NT1_SI": 0.0, "NT1_H": 12.0, "NT1_M": 15.0, "NT2_SI": 0.0, "NT2_H": 9.0, "NT2_M": 7.0, "N_TOTAL": 43.0, "DIRECCION": "SAN VICENTE", "NUMERO": 1224.0, "REFERENCIA": "SAN VICENTE 1224,PARALELA A EXPOSICIÓN, ENTRE GUACOLDA Y ESPIÑEIRA.", "LATITUD": -33.464707, "LONGITUD": -70.675872, "centroide_x": 344264.06444958318, "centroide_y": 6295937.555198295, "crs_original": "EPSG:4326", "fecha_normalizacion": "2025-10-10 01:59:23" }, "geometry": { "type": "Point", "coordinates": [ 344264.064449583180249, 6295937.555198295041919 ] } },
{ "type": "Feature", "properties": { "AGNO": 2021.0, "ID_ESTAB": 8740.0, "ORIGEN": 1.0, "NOM_ESTAB": "COLEGIO MARIA LUISA VILLALON", "COD_REG_ES": 13.0, "COD_PRO_ES": 131.0, "COD_COM_ES": 13101.0, "NOM_COM_ES": "SANTIAGO", "COD_DEPROV": 131.0, "NOM_DEPROV": "SANTIAGO CENTRO", "DEPENDENCI": 2.0, "RURAL_ESTA": 0.0, "ESTADO_EST": 1.0, "SC_MEN_SI": 0.0, "SC_MEN_H": 0.0, "SC_MEN_M": 0.0, "SC_MAY_H": 0.0, "SC_MAY_M": 0.0, "MED_MEN_SI": 0.0, "MED_MEN_H": 0.0, "MED_MEN_M": 0.0, "MED_MAY_SI": 0.0, "MED_MAY_H": 0.0, "MED_MAY_M": 0.0, "NT1_SI": 0.0, "NT1_H": 23.0, "NT1_M": 26.0, "NT2_SI": 0.0, "NT2_H": 33.0, "NT2_M": 39.0, "N_TOTAL": 121.0, "DIRECCION": "AGUSTINAS", "NUMERO": 2834.0, "REFERENCIA": "METRO LÍNEA 1: ESTACIÓN  UNIÓN LATINOAMERICANA.  METRO LÍNEA 5: ESTACIÓN MATUCANA.", "LATITUD": -33.443538, "LONGITUD": -70.674649, "centroide_x": 344339.91345267766, "centroide_y": 6298286.7394920569, "crs_original": "EPSG:4326", "fecha_normalizacion": "2025-10-10 01:59:23" }, "geometry": { "type": "Point", "coordinates": [ 344339.913452677661553, 6298286.739492056891322 ] } },
{ "type": "Feature", "properties": { "AGNO": 2021.0, "ID_ESTAB": 9419.0, "ORIGEN": 1.0, "NOM_ESTAB": "LICEO MUNICIPAL ENRIQUE BACKAUSSE", "COD_REG_ES": 13.0, "COD_PRO_ES": 131.0, "COD_COM_ES": 13121.0, "NOM_COM_ES": "PEDRO AGUIRRE CERDA", "COD_DEPROV": 131.0, "NOM_DEPROV": "SANTIAGO CENTRO", "DEPENDENCI": 1.0, "RURAL_ESTA": 0.0, "ESTADO_EST": 1.0, "SC_MEN_SI": 0.0, "SC_MEN_H": 0.0, "SC_MEN_M": 0.0, "SC_MAY_H": 0.0, "SC_MAY_M": 0.0, "MED_MEN_SI": 0.0, "MED_MEN_H": 0.0, "MED_MEN_M": 0.0, "MED_MAY_SI": 0.0, "MED_MAY_H": 0.0, "MED_MAY_M": 0.0, "NT1_SI": 0.0, "NT1_H": 8.0, "NT1_M": 10.0, "NT2_SI": 0.0, "NT2_H": 14.0, "NT2_M": 12.0, "N_TOTAL": 44.0, "DIRECCION": "JOSE BACKAUSSE", "NUMERO": 2850.0, "REFERENCIA": "SE ENCUENTRA ENTRE PEDRO SUBERCASEUX Y AVDA LA FERIA", "LATITUD": -33.482632, "LONGITUD": -70.674482, "centroide_x": 344425.28702410334, "centroide_y": 6293951.9779148195, "crs_original": "EPSG:4326", "fecha_normalizacion": "2025-10-10 01:59:23" }, "geometry": { "type": "Point", "coordinates": [ 344425.287024103337899, 6293951.97791481949389 ] } },
{ "type": "Feature", "properties": { "AGNO": 2021.0, "ID_ESTAB": 9446.0, "ORIGEN": 1.0, "NOM_ESTAB": "ESCUELA DE PARVULOS RAYITO DE LUZ", "COD_REG_ES": 13.0, "COD_PRO_ES": 131.0, "COD_COM_ES": 13121.0, "NOM_COM_ES": "PEDRO AGUIRRE CERDA", "COD_DEPROV": 131.0, "NOM_DEPROV": "SANTIAGO CENTRO", "DEPENDENCI": 1.0, "RURAL_ESTA": 0.0, "ESTADO_EST": 1.0, "SC_MEN_SI": 0.0, "SC_MEN_H": 0.0, "SC_MEN_M": 0.0, "SC_MAY_H": 0.0, "SC_MAY_M": 0.0, "MED_MEN_SI": 0.0, "MED_MEN_H": 0.0, "MED_MEN_M": 0.0, "MED_MAY_SI": 0.0, "MED_MAY_H": 0.0, "MED_MAY_M": 0.0, "NT1_SI": 0.0, "NT1_H": 44.0, "NT1_M": 37.0, "NT2_SI": 0.0, "NT2_H": 39.0, "NT2_M": 31.0, "N_TOTAL": 151.0, "DIRECCION": "MARIQUINA", "NUMERO": 3244.0, "REFERENCIA": null, "LATITUD": -33.48273, "LONGITUD": -70.67844, "centroide_x": 344057.72338345618, "centroide_y": 6293935.1575990319, "crs_original": "EPSG:4326", "fecha_normalizacion": "2025-10-10 01:59:23" }, "geometry": { "type": "Point", "coordinates": [ 344057.723383456177544, 6293935.157599031925201 ] } },
{ "type": "Feature", "properties": { "AGNO": 2021.0, "ID_ESTAB": 9503.0, "ORIGEN": 1.0, "NOM_ESTAB": "ESCUELA PARTICULAR PIO DOCE", "COD_REG_ES": 13.0, "COD_PRO_ES": 131.0, "COD_COM_ES": 13121.0, "NOM_COM_ES": "PEDRO AGUIRRE CERDA", "COD_DEPROV": 131.0, "NOM_DEPROV": "SANTIAGO CENTRO", "DEPENDENCI": 2.0, "RURAL_ESTA": 0.0, "ESTADO_EST": 1.0, "SC_MEN_SI": 0.0, "SC_MEN_H": 0.0, "SC_MEN_M": 0.0, "SC_MAY_H": 0.0, "SC_MAY_M": 0.0, "MED_MEN_SI": 0.0, "MED_MEN_H": 0.0, "MED_MEN_M": 0.0, "MED_MAY_SI": 0.0, "MED_MAY_H": 0.0, "MED_MAY_M": 0.0, "NT1_SI": 0.0, "NT1_H": 20.0, "NT1_M": 15.0, "NT2_SI": 0.0, "NT2_H": 13.0, "NT2_M": 20.0, "N_TOTAL": 68.0, "DIRECCION": "MARILUAN", "NUMERO": 2440.0, "REFERENCIA": "CARLOS VALDOVINOS CON AVENIDA LA FERIA", "LATITUD": -33.478264, "LONGITUD": -70.668175, "centroide_x": 345003.57784157025, "centroide_y": 6294445.7474986799, "crs_original": "EPSG:4326", "fecha_normalizacion": "2025-10-10 01:59:23" }, "geometry": { "type": "Point", "coordinates": [ 345003.577841570251621, 6294445.74749867990613 ] } },
{ "type": "Feature", "properties": { "AGNO": 2021.0, "ID_ESTAB": 9508.0, "ORIGEN": 1.0, "NOM_ESTAB": "COLEGIO PARTICULAR POBL. ALESSANDRI", "COD_REG_ES": 13.0, "COD_PRO_ES": 131.0, "COD_COM_ES": 13121.0, "NOM_COM_ES": "PEDRO AGUIRRE CERDA", "COD_DEPROV": 131.0, "NOM_DEPROV": "SANTIAGO CENTRO", "DEPENDENCI": 2.0, "RURAL_ESTA": 0.0, "ESTADO_EST": 1.0, "SC_MEN_SI": 0.0, "SC_MEN_H": 0.0, "SC_MEN_M": 0.0, "SC_MAY_H": 0.0, "SC_MAY_M": 0.0, "MED_MEN_SI": 0.0, "MED_MEN_H": 0.0, "MED_MEN_M": 0.0, "MED_MAY_SI": 0.0, "MED_MAY_H": 0.0, "MED_MAY_M": 0.0, "NT1_SI": 0.0, "NT1_H": 6.0, "NT1_M": 12.0, "NT2_SI": 0.0, "NT2_H": 8.0, "NT2_M": 9.0, "N_TOTAL": 35.0, "DIRECCION": "ENRIQUE MATTE", "NUMERO": 2150.0, "REFERENCIA": "CLUB HIPICO ALTURA 3100", "LATITUD": -33.482389, "LONGITUD": -70.665293, "centroide_x": 345278.71766128892, "centroide_y": 6293992.6776390253, "crs_original": "EPSG:4326", "fecha_normalizacion": "2025-10-10 01:59:23" }, "geometry": { "type": "Point", "coordinates": [ 345278.717661288916133, 6293992.677639025263488 ] } },
{ "type": "Feature", "properties": { "AGNO": 2021.0, "ID_ESTAB": 9861.0, "ORIGEN": 1.0, "NOM_ESTAB": "CENTRO EDUC.MUNIC. DR. AMADOR NECHME R.", "COD_REG_ES": 13.0, "COD_PRO_ES": 131.0, "COD_COM_ES": 13106.0, "NOM_COM_ES": "ESTACIÓN CENTRAL", "COD_DEPROV": 134.0, "NOM_DEPROV": "SANTIAGO PONIENTE", "DEPENDENCI": 1.0, "RURAL_ESTA": 0.0, "ESTADO_EST": 1.0, "SC_MEN_SI": 0.0, "SC_MEN_H": 0.0, "SC_MEN_M": 0.0, "SC_MAY_H": 0.0, "SC_MAY_M": 0.0, "MED_MEN_SI": 0.0, "MED_MEN_H": 0.0, "MED_MEN_M": 0.0, "MED_MAY_SI": 0.0, "MED_MAY_H": 0.0, "MED_MAY_M": 0.0, "NT1_SI": 0.0, "NT1_H": 21.0, "NT1_M": 12.0, "NT2_SI": 0.0, "NT2_H": 24.0, "NT2_M": 26.0, "N_TOTAL": 83.0, "DIRECCION": "AVENIDA CINCO DE ABRIL", "NUMERO": 4710.0, "REFERENCIA": "AVENIDA 5 DE ABRIL ESQUINA CALLE CURACAVÍ.", "LATITUD": -33.472198, "LONGITUD": -70.720809, "centroide_x": 340101.4475340122, "centroide_y": 6295038.5715795048, "crs_original": "EPSG:4326", "fecha_normalizacion": "2025-10-10 01:59:23" }, "geometry": { "type": "Point", "coordinates": [ 340101.447534012200776, 6295038.57157950475812 ] } },
{ "type": "Feature", "properties": { "AGNO": 2021.0, "ID_ESTAB": 9869.0, "ORIGEN": 1.0, "NOM_ESTAB": "ESCUELA BASICA REPUBLICA DE FRANCIA", "COD_REG_ES": 13.0, "COD_PRO_ES": 131.0, "COD_COM_ES": 13106.0, "NOM_COM_ES": "ESTACIÓN CENTRAL", "COD_DEPROV": 134.0, "NOM_DEPROV": "SANTIAGO PONIENTE", "DEPENDENCI": 1.0, "RURAL_ESTA": 0.0, "ESTADO_EST": 1.0, "SC_MEN_SI": 0.0, "SC_MEN_H": 0.0, "SC_MEN_M": 0.0, "SC_MAY_H": 0.0, "SC_MAY_M": 0.0, "MED_MEN_SI": 0.0, "MED_MEN_H": 0.0, "MED_MEN_M": 0.0, "MED_MAY_SI": 0.0, "MED_MAY_H": 0.0, "MED_MAY_M": 0.0, "NT1_SI": 0.0, "NT1_H": 16.0, "NT1_M": 16.0, "NT2_SI": 0.0, "NT2_H": 14.0, "NT2_M": 24.0, "N_TOTAL": 70.0, "DIRECCION": "LAITEC", "NUMERO": 5850.0, "REFERENCIA": "POBLACIÓN ROBERT KENNEDY, PALENA ESQUINA LAITEC.", "LATITUD": -33.47616, "LONGITUD": -70.710876, "centroide_x": 341031.80794801412, "centroide_y": 6294614.522382712, "crs_original": "EPSG:4326", "fecha_normalizacion": "2025-10-10 01:59:23" }, "geometry": { "type": "Point", "coordinates": [ 341031.807948014116846, 6294614.522382711991668 ] } },
{ "type": "Feature", "properties": { "AGNO": 2021.0, "ID_ESTAB": 9872.0, "ORIGEN": 1.0, "NOM_ESTAB": "ESCUELA BASICA PROF.RAMON DEL RIO", "COD_REG_ES": 13.0, "COD_PRO_ES": 131.0, "COD_COM_ES": 13106.0, "NOM_COM_ES": "ESTACIÓN CENTRAL", "COD_DEPROV": 134.0, "NOM_DEPROV": "SANTIAGO PONIENTE", "DEPENDENCI": 1.0, "RURAL_ESTA": 0.0, "ESTADO_EST": 1.0, "SC_MEN_SI": 0.0, "SC_MEN_H": 0.0, "SC_MEN_M": 0.0, "SC_MAY_H": 0.0, "SC_MAY_M": 0.0, "MED_MEN_SI": 0.0, "MED_MEN_H": 0.0, "MED_MEN_M": 0.0, "MED_MAY_SI": 0.0, "MED_MAY_H": 0.0, "MED_MAY_M": 0.0, "NT1_SI": 0.0, "NT1_H": 18.0, "NT1_M": 17.0, "NT2_SI": 0.0, "NT2_H": 17.0, "NT2_M": 18.0, "N_TOTAL": 70.0, "DIRECCION": "CHACAO", "NUMERO": 1036.0, "REFERENCIA": "DESDE ALAMEDA SE DEBE LLEGAR HASTA LA INTERSECCIÓN DE AVENIDA LAS REJAS SUR CON AVENIDA 5 DE ABRIL.", "LATITUD": -33.466036, "LONGITUD": -70.702886, "centroide_x": 341755.89333994756, "centroide_y": 6295749.2765663173, "crs_original": "EPSG:4326", "fecha_normalizacion": "2025-10-10 01:59:23" }, "geometry": { "type": "Point", "coordinates": [ 341755.893339947564527, 6295749.276566317304969 ] } },
{ "type": "Feature", "properties": { "AGNO": 2021.0, "ID_ESTAB": 9873.0, "ORIGEN": 1.0, "NOM_ESTAB": "ESCUELA BASICA PACTO ANDINO", "COD_REG_ES": 13.0, "COD_PRO_ES": 131.0, "COD_COM_ES": 13106.0, "NOM_COM_ES": "ESTACIÓN CENTRAL", "COD_DEPROV": 134.0, "NOM_DEPROV": "SANTIAGO PONIENTE", "DEPENDENCI": 1.0, "RURAL_ESTA": 0.0, "ESTADO_EST": 1.0, "SC_MEN_SI": 0.0, "SC_MEN_H": 0.0, "SC_MEN_M": 0.0, "SC_MAY_H": 0.0, "SC_MAY_M": 0.0, "MED_MEN_SI": 0.0, "MED_MEN_H": 0.0, "MED_MEN_M": 0.0, "MED_MAY_SI": 0.0, "MED_MAY_H": 0.0, "MED_MAY_M": 0.0, "NT1_SI": 0.0, "NT1_H": 23.0, "NT1_M": 11.0, "NT2_SI": 0.0, "NT2_H": 16.0, "NT2_M": 20.0, "N_TOTAL": 70.0, "DIRECCION": "LAS LILAS", "NUMERO": 5810.0, "REFERENCIA": "LAS REJAS SUR HACIA EL PONIENTE, UNA CUADRA ANTES DE 5 DE ABRIL (LOS MAITENES)", "LATITUD": -33.463514, "LONGITUD": -70.709209, "centroide_x": 341163.5923487671, "centroide_y": 6296019.3373402208, "crs_original": "EPSG:4326", "fecha_normalizacion": "2025-10-10 01:59:23" }, "geometry": { "type": "Point", "coordinates": [ 341163.592348767095245, 6296019.337340220808983 ] } },
{ "type": "Feature", "properties": { "AGNO": 2021.0, "ID_ESTAB": 9879.0, "ORIGEN": 1.0, "NOM_ESTAB": "ESCUELA BASICA", "COD_REG_ES": 13.0, "COD_PRO_ES": 131.0, "COD_COM_ES": 13106.0, "NOM_COM_ES": "ESTACIÓN CENTRAL", "COD_DEPROV": 134.0, "NOM_DEPROV": "SANTIAGO PONIENTE", "DEPENDENCI": 1.0, "RURAL_ESTA": 0.0, "ESTADO_EST": 1.0, "SC_MEN_SI": 0.0, "SC_MEN_H": 0.0, "SC_MEN_M": 0.0, "SC_MAY_H": 0.0, "SC_MAY_M": 0.0, "MED_MEN_SI": 0.0, "MED_MEN_H": 0.0, "MED_MEN_M": 0.0, "MED_MAY_SI": 0.0, "MED_MAY_H": 0.0, "MED_MAY_M": 0.0, "NT1_SI": 0.0, "NT1_H": 14.0, "NT1_M": 16.0, "NT2_SI": 0.0, "NT2_H": 15.0, "NT2_M": 18.0, "N_TOTAL": 63.0, "DIRECCION": "COYHAIQUE", "NUMERO": 6055.0, "REFERENCIA": "LAS REJAS SUR ESQUINA COYHAIQUE", "LATITUD": -33.473611, "LONGITUD": -70.705169, "centroide_x": 341557.4680854124, "centroide_y": 6294905.9159969408, "crs_original": "EPSG:4326", "fecha_normalizacion": "2025-10-10 01:59:23" }, "geometry": { "type": "Point", "coordinates": [ 341557.468085412401706, 6294905.915996940806508 ] } },
{ "type": "Feature", "properties": { "AGNO": 2021.0, "ID_ESTAB": 9880.0, "ORIGEN": 1.0, "NOM_ESTAB": "ESCUELA BASICA ESTADO DE PALESTINA", "COD_REG_ES": 13.0, "COD_PRO_ES": 131.0, "COD_COM_ES": 13106.0, "NOM_COM_ES": "ESTACIÓN CENTRAL", "COD_DEPROV": 134.0, "NOM_DEPROV": "SANTIAGO PONIENTE", "DEPENDENCI": 1.0, "RURAL_ESTA": 0.0, "ESTADO_EST": 1.0, "SC_MEN_SI": 0.0, "SC_MEN_H": 0.0, "SC_MEN_M": 0.0, "SC_MAY_H": 0.0, "SC_MAY_M": 0.0, "MED_MEN_SI": 0.0, "MED_MEN_H": 0.0, "MED_MEN_M": 0.0, "MED_MAY_SI": 0.0, "MED_MAY_H": 0.0, "MED_MAY_M": 0.0, "NT1_SI": 0.0, "NT1_H": 18.0, "NT1_M": 17.0, "NT2_SI": 0.0, "NT2_H": 16.0, "NT2_M": 19.0, "N_TOTAL": 70.0, "DIRECCION": "COYHAIQUE", "NUMERO": 6215.0, "REFERENCIA": "ENTRE LAS REJAS SUR Y LUIS INFANTE CERDA", "LATITUD": -33.473583, "LONGITUD": -70.701607, "centroide_x": 341888.39478016761, "centroide_y": 6294914.4574469775, "crs_original": "EPSG:4326", "fecha_normalizacion": "2025-10-10 01:59:23" }, "geometry": { "type": "Point", "coordinates": [ 341888.394780167611316, 6294914.457446977496147 ] } },
{ "type": "Feature", "properties": { "AGNO": 2021.0, "ID_ESTAB": 9916.0, "ORIGEN": 1.0, "NOM_ESTAB": "ESCUELA DE PARVULOS LOS PAISES BAJOS", "COD_REG_ES": 13.0, "COD_PRO_ES": 131.0, "COD_COM_ES": 13106.0, "NOM_COM_ES": "ESTACIÓN CENTRAL", "COD_DEPROV": 134.0, "NOM_DEPROV": "SANTIAGO PONIENTE", "DEPENDENCI": 2.0, "RURAL_ESTA": 0.0, "ESTADO_EST": 1.0, "SC_MEN_SI": 0.0, "SC_MEN_H": 0.0, "SC_MEN_M": 0.0, "SC_MAY_H": 0.0, "SC_MAY_M": 0.0, "MED_MEN_SI": 0.0, "MED_MEN_H": 0.0, "MED_MEN_M": 0.0, "MED_MAY_SI": 0.0, "MED_MAY_H": 0.0, "MED_MAY_M": 0.0, "NT1_SI": 0.0, "NT1_H": 44.0, "NT1_M": 51.0, "NT2_SI": 0.0, "NT2_H": 47.0, "NT2_M": 54.0, "N_TOTAL": 196.0, "DIRECCION": "LAS CATALPAS", "NUMERO": 79.0, "REFERENCIA": "AV. LAS REJAS SUR/CON CALLE LAS VIOLETAS", "LATITUD": -33.45926, "LONGITUD": -70.7086, "centroide_x": 341212.44495998241, "centroide_y": 6296491.9853992052, "crs_original": "EPSG:4326", "fecha_normalizacion": "2025-10-10 01:59:23" }, "geometry": { "type": "Point", "coordinates": [ 341212.44495998241473, 6296491.985399205237627 ] } },
{ "type": "Feature", "properties": { "AGNO": 2021.0, "ID_ESTAB": 9922.0, "ORIGEN": 1.0, "NOM_ESTAB": "ESCUELA PARTICULAR HOLANDA", "COD_REG_ES": 13.0, "COD_PRO_ES": 131.0, "COD_COM_ES": 13106.0, "NOM_COM_ES": "ESTACIÓN CENTRAL", "COD_DEPROV": 134.0, "NOM_DEPROV": "SANTIAGO PONIENTE", "DEPENDENCI": 2.0, "RURAL_ESTA": 0.0, "ESTADO_EST": 1.0, "SC_MEN_SI": 0.0, "SC_MEN_H": 0.0, "SC_MEN_M": 0.0, "SC_MAY_H": 0.0, "SC_MAY_M": 0.0, "MED_MEN_SI": 0.0, "MED_MEN_H": 0.0, "MED_MEN_M": 0.0, "MED_MAY_SI": 0.0, "MED_MAY_H": 0.0, "MED_MAY_M": 0.0, "NT1_SI": 0.0, "NT1_H": 22.0, "NT1_M": 27.0, "NT2_SI": 0.0, "NT2_H": 32.0, "NT2_M": 43.0, "N_TOTAL": 124.0, "DIRECCION": "LAS PARCELAS", "NUMERO": 6098.0, "REFERENCIA": "ENTRE AVDA. CUADRO VERDE Y CURACAVI.", "LATITUD": -33.46801, "LONGITUD": -70.722476, "centroide_x": 339938.83782457653, "centroide_y": 6295500.461319604, "crs_original": "EPSG:4326", "fecha_normalizacion": "2025-10-10 01:59:23" }, "geometry": { "type": "Point", "coordinates": [ 339938.837824576534331, 6295500.461319603957236 ] } },
{ "type": "Feature", "properties": { "AGNO": 2021.0, "ID_ESTAB": 9930.0, "ORIGEN": 1.0, "NOM_ESTAB": "ESCUELA PARTICULAR JOSE ANTONIO LECAROS", "COD_REG_ES": 13.0, "COD_PRO_ES": 131.0, "COD_COM_ES": 13106.0, "NOM_COM_ES": "ESTACIÓN CENTRAL", "COD_DEPROV": 134.0, "NOM_DEPROV": "SANTIAGO PONIENTE", "DEPENDENCI": 2.0, "RURAL_ESTA": 0.0, "ESTADO_EST": 1.0, "SC_MEN_SI": 0.0, "SC_MEN_H": 0.0, "SC_MEN_M": 0.0, "SC_MAY_H": 0.0, "SC_MAY_M": 0.0, "MED_MEN_SI": 0.0, "MED_MEN_H": 0.0, "MED_MEN_M": 0.0, "MED_MAY_SI": 0.0, "MED_MAY_H": 0.0, "MED_MAY_M": 0.0, "NT1_SI": 0.0, "NT1_H": 15.0, "NT1_M": 20.0, "NT2_SI": 0.0, "NT2_H": 19.0, "NT2_M": 16.0, "N_TOTAL": 70.0, "DIRECCION": "EL CARMELO", "NUMERO": 182.0, "REFERENCIA": "AVENIDA 5 DE ABRIL ALTURA 4600", "LATITUD": -33.463997, "LONGITUD": -70.698807, "centroide_x": 342131.26840138331, "centroide_y": 6295981.6424407493, "crs_original": "EPSG:4326", "fecha_normalizacion": "2025-10-10 01:59:23" }, "geometry": { "type": "Point", "coordinates": [ 342131.2684013833059, 6295981.642440749332309 ] } },
{ "type": "Feature", "properties": { "AGNO": 2021.0, "ID_ESTAB": 9942.0, "ORIGEN": 1.0, "NOM_ESTAB": "ESCUELA, COLEGIO POLITEC.H.DE MAGALLANES", "COD_REG_ES": 13.0, "COD_PRO_ES": 131.0, "COD_COM_ES": 13106.0, "NOM_COM_ES": "ESTACIÓN CENTRAL", "COD_DEPROV": 134.0, "NOM_DEPROV": "SANTIAGO PONIENTE", "DEPENDENCI": 2.0, "RURAL_ESTA": 0.0, "ESTADO_EST": 1.0, "SC_MEN_SI": 0.0, "SC_MEN_H": 0.0, "SC_MEN_M": 0.0, "SC_MAY_H": 0.0, "SC_MAY_M": 0.0, "MED_MEN_SI": 0.0, "MED_MEN_H": 0.0, "MED_MEN_M": 0.0, "MED_MAY_SI": 0.0, "MED_MAY_H": 0.0, "MED_MAY_M": 0.0, "NT1_SI": 0.0, "NT1_H": 5.0, "NT1_M": 11.0, "NT2_SI": 0.0, "NT2_H": 11.0, "NT2_M": 18.0, "N_TOTAL": 45.0, "DIRECCION": "PASAJE LA PORTADA", "NUMERO": 5635.0, "REFERENCIA": "5 DE ABRIL ALTURA 5700", "LATITUD": -33.469149, "LONGITUD": -70.712447, "centroide_x": 340872.97191735386, "centroide_y": 6295389.5629852898, "crs_original": "EPSG:4326", "fecha_normalizacion": "2025-10-10 01:59:23" }, "geometry": { "type": "Point", "coordinates": [ 340872.9719173538615, 6295389.56298528984189 ] } },
{ "type": "Feature", "properties": { "AGNO": 2021.0, "ID_ESTAB": 10006.0, "ORIGEN": 1.0, "NOM_ESTAB": "ESCUELA REPUBLICA DE LA INDIA", "COD_REG_ES": 13.0, "COD_PRO_ES": 131.0, "COD_COM_ES": 13126.0, "NOM_COM_ES": "QUINTA NORMAL", "COD_DEPROV": 134.0, "NOM_DEPROV": "SANTIAGO PONIENTE", "DEPENDENCI": 1.0, "RURAL_ESTA": 0.0, "ESTADO_EST": 1.0, "SC_MEN_SI": 0.0, "SC_MEN_H": 0.0, "SC_MEN_M": 0.0, "SC_MAY_H": 0.0, "SC_MAY_M": 0.0, "MED_MEN_SI": 0.0, "MED_MEN_H": 0.0, "MED_MEN_M": 0.0, "MED_MAY_SI": 0.0, "MED_MAY_H": 0.0, "MED_MAY_M": 0.0, "NT1_SI": 0.0, "NT1_H": 21.0, "NT1_M": 14.0, "NT2_SI": 0.0, "NT2_H": 33.0, "NT2_M": 26.0, "N_TOTAL": 94.0, "DIRECCION": "CATEDRAL", "NUMERO": 4637.0, "REFERENCIA": null, "LATITUD": -33.441339, "LONGITUD": -70.6983, "centroide_x": 342137.3078344994, "centroide_y": 6298494.8668516744, "crs_original": "EPSG:4326", "fecha_normalizacion": "2025-10-10 01:59:23" }, "geometry": { "type": "Point", "coordinates": [ 342137.307834499399178, 6298494.866851674392819 ] } },
{ "type": "Feature", "properties": { "AGNO": 2021.0, "ID_ESTAB": 10014.0, "ORIGEN": 1.0, "NOM_ESTAB": "ESCUELA PARTICULAR ANDRES BELLO", "COD_REG_ES": 13.0, "COD_PRO_ES": 131.0, "COD_COM_ES": 13126.0, "NOM_COM_ES": "QUINTA NORMAL", "COD_DEPROV": 134.0, "NOM_DEPROV": "SANTIAGO PONIENTE", "DEPENDENCI": 2.0, "RURAL_ESTA": 0.0, "ESTADO_EST": 1.0, "SC_MEN_SI": 0.0, "SC_MEN_H": 0.0, "SC_MEN_M": 0.0, "SC_MAY_H": 0.0, "SC_MAY_M": 0.0, "MED_MEN_SI": 0.0, "MED_MEN_H": 0.0, "MED_MEN_M": 0.0, "MED_MAY_SI": 0.0, "MED_MAY_H": 0.0, "MED_MAY_M": 0.0, "NT1_SI": 0.0, "NT1_H": 9.0, "NT1_M": 19.0, "NT2_SI": 0.0, "NT2_H": 17.0, "NT2_M": 13.0, "N_TOTAL": 58.0, "DIRECCION": "AVENIDA NUEVA IMPERIAL", "NUMERO": 4386.0, "REFERENCIA": "GENERAL VELÁSQUEZ CON PORTALES.", "LATITUD": -33.445002, "LONGITUD": -70.694348, "centroide_x": 342511.32767871208, "centroide_y": 6298094.7164498866, "crs_original": "EPSG:4326", "fecha_normalizacion": "2025-10-10 01:59:23" }, "geometry": { "type": "Point", "coordinates": [ 342511.327678712084889, 6298094.71644988656044 ] } },
{ "type": "Feature", "properties": { "AGNO": 2021.0, "ID_ESTAB": 10046.0, "ORIGEN": 1.0, "NOM_ESTAB": "ESCUELA PARTICULAR SAGRADA FAMILIA", "COD_REG_ES": 13.0, "COD_PRO_ES": 131.0, "COD_COM_ES": 13126.0, "NOM_COM_ES": "QUINTA NORMAL", "COD_DEPROV": 134.0, "NOM_DEPROV": "SANTIAGO PONIENTE", "DEPENDENCI": 2.0, "RURAL_ESTA": 0.0, "ESTADO_EST": 1.0, "SC_MEN_SI": 0.0, "SC_MEN_H": 0.0, "SC_MEN_M": 0.0, "SC_MAY_H": 0.0, "SC_MAY_M": 0.0, "MED_MEN_SI": 0.0, "MED_MEN_H": 0.0, "MED_MEN_M": 0.0, "MED_MAY_SI": 0.0, "MED_MAY_H": 0.0, "MED_MAY_M": 0.0, "NT1_SI": 0.0, "NT1_H": 0.0, "NT1_M": 0.0, "NT2_SI": 0.0, "NT2_H": 32.0, "NT2_M": 19.0, "N_TOTAL": 51.0, "DIRECCION": "BLANCO GARCES", "NUMERO": 459.0, "REFERENCIA": "NUEVA IMPERIAL CON BLANCO GARCÉS   PERPENDICULAR A GRAL. VELÁSQUEZ Y RADAL", "LATITUD": -33.447093, "LONGITUD": -70.697332, "centroide_x": 342237.70838203153, "centroide_y": 6297858.2657839078, "crs_original": "EPSG:4326", "fecha_normalizacion": "2025-10-10 01:59:23" }, "geometry": { "type": "Point", "coordinates": [ 342237.708382031531073, 6297858.265783907845616 ] } },
{ "type": "Feature", "properties": { "AGNO": 2021.0, "ID_ESTAB": 10058.0, "ORIGEN": 1.0, "NOM_ESTAB": "COLEGIO POLIVALENTE PRINCIPE DE GALES", "COD_REG_ES": 13.0, "COD_PRO_ES": 131.0, "COD_COM_ES": 13106.0, "NOM_COM_ES": "ESTACIÓN CENTRAL", "COD_DEPROV": 134.0, "NOM_DEPROV": "SANTIAGO PONIENTE", "DEPENDENCI": 2.0, "RURAL_ESTA": 0.0, "ESTADO_EST": 1.0, "SC_MEN_SI": 0.0, "SC_MEN_H": 0.0, "SC_MEN_M": 0.0, "SC_MAY_H": 0.0, "SC_MAY_M": 0.0, "MED_MEN_SI": 0.0, "MED_MEN_H": 0.0, "MED_MEN_M": 0.0, "MED_MAY_SI": 0.0, "MED_MAY_H": 0.0, "MED_MAY_M": 0.0, "NT1_SI": 0.0, "NT1_H": 18.0, "NT1_M": 17.0, "NT2_SI": 0.0, "NT2_H": 22.0, "NT2_M": 23.0, "N_TOTAL": 80.0, "DIRECCION": "SAN GUMERCINDO", "NUMERO": 254.0, "REFERENCIA": "AVENIDA GENERAL VELASQUEZ CON AVENIDA ECUADOR", "LATITUD": -33.449553, "LONGITUD": -70.695117, "centroide_x": 342448.06920157664, "centroide_y": 6297588.8960538376, "crs_original": "EPSG:4326", "fecha_normalizacion": "2025-10-10 01:59:23" }, "geometry": { "type": "Point", "coordinates": [ 342448.069201576639898, 6297588.896053837612271 ] } },
{ "type": "Feature", "properties": { "AGNO": 2021.0, "ID_ESTAB": 10069.0, "ORIGEN": 1.0, "NOM_ESTAB": "COLEGIO MARQUEL", "COD_REG_ES": 13.0, "COD_PRO_ES": 131.0, "COD_COM_ES": 13126.0, "NOM_COM_ES": "QUINTA NORMAL", "COD_DEPROV": 134.0, "NOM_DEPROV": "SANTIAGO PONIENTE", "DEPENDENCI": 2.0, "RURAL_ESTA": 0.0, "ESTADO_EST": 1.0, "SC_MEN_SI": 0.0, "SC_MEN_H": 0.0, "SC_MEN_M": 0.0, "SC_MAY_H": 0.0, "SC_MAY_M": 0.0, "MED_MEN_SI": 0.0, "MED_MEN_H": 0.0, "MED_MEN_M": 0.0, "MED_MAY_SI": 0.0, "MED_MAY_H": 0.0, "MED_MAY_M": 0.0, "NT1_SI": 0.0, "NT1_H": 38.0, "NT1_M": 30.0, "NT2_SI": 0.0, "NT2_H": 44.0, "NT2_M": 42.0, "N_TOTAL": 154.0, "DIRECCION": "ABTAO", "NUMERO": 574.0, "REFERENCIA": "CALLE RADAL CON NUEVA IMPERIAL", "LATITUD": -33.446751, "LONGITUD": -70.701594, "centroide_x": 341840.94714258891, "centroide_y": 6297889.8076467011, "crs_original": "EPSG:4326", "fecha_normalizacion": "2025-10-10 01:59:23" }, "geometry": { "type": "Point", "coordinates": [ 341840.94714258890599, 6297889.80764670111239 ] } },
{ "type": "Feature", "properties": { "AGNO": 2021.0, "ID_ESTAB": 10106.0, "ORIGEN": 1.0, "NOM_ESTAB": "LICEO BICENTENARIO POETA PABLO NERUDA", "COD_REG_ES": 13.0, "COD_PRO_ES": 131.0, "COD_COM_ES": 13117.0, "NOM_COM_ES": "LO PRADO", "COD_DEPROV": 134.0, "NOM_DEPROV": "SANTIAGO PONIENTE", "DEPENDENCI": 6.0, "RURAL_ESTA": 0.0, "ESTADO_EST": 1.0, "SC_MEN_SI": 0.0, "SC_MEN_H": 0.0, "SC_MEN_M": 0.0, "SC_MAY_H": 0.0, "SC_MAY_M": 0.0, "MED_MEN_SI": 0.0, "MED_MEN_H": 0.0, "MED_MEN_M": 0.0, "MED_MAY_SI": 0.0, "MED_MAY_H": 0.0, "MED_MAY_M": 0.0, "NT1_SI": 0.0, "NT1_H": 22.0, "NT1_M": 20.0, "NT2_SI": 0.0, "NT2_H": 29.0, "NT2_M": 26.0, "N_TOTAL": 97.0, "DIRECCION": "OBISPO RODRIGUEZ", "NUMERO": 5935.0, "REFERENCIA": null, "LATITUD": -33.455139, "LONGITUD": -70.714923, "centroide_x": 340617.21741042426, "centroide_y": 6296939.2257175967, "crs_original": "EPSG:4326", "fecha_normalizacion": "2025-10-10 01:59:23" }, "geometry": { "type": "Point", "coordinates": [ 340617.21741042425856, 6296939.225717596709728 ] } },
{ "type": "Feature", "properties": { "AGNO": 2021.0, "ID_ESTAB": 10114.0, "ORIGEN": 1.0, "NOM_ESTAB": "ESCUELA BASICA N°389 REPUBLICA DE ESTADOS UNIDOS", "COD_REG_ES": 13.0, "COD_PRO_ES": 131.0, "COD_COM_ES": 13117.0, "NOM_COM_ES": "LO PRADO", "COD_DEPROV": 134.0, "NOM_DEPROV": "SANTIAGO PONIENTE", "DEPENDENCI": 6.0, "RURAL_ESTA": 0.0, "ESTADO_EST": 1.0, "SC_MEN_SI": 0.0, "SC_MEN_H": 0.0, "SC_MEN_M": 0.0, "SC_MAY_H": 0.0, "SC_MAY_M": 0.0, "MED_MEN_SI": 0.0, "MED_MEN_H": 0.0, "MED_MEN_M": 0.0, "MED_MAY_SI": 0.0, "MED_MAY_H": 0.0, "MED_MAY_M": 0.0, "NT1_SI": 0.0, "NT1_H": 7.0, "NT1_M": 8.0, "NT2_SI": 0.0, "NT2_H": 15.0, "NT2_M": 10.0, "N_TOTAL": 40.0, "DIRECCION": "SCALA", "NUMERO": 751.0, "REFERENCIA": null, "LATITUD": -33.444728, "LONGITUD": -70.71439, "centroide_x": 340647.7183465244, "centroide_y": 6298094.5312986625, "crs_original": "EPSG:4326", "fecha_normalizacion": "2025-10-10 01:59:23" }, "geometry": { "type": "Point", "coordinates": [ 340647.718346524401568, 6298094.531298662535846 ] } },
{ "type": "Feature", "properties": { "AGNO": 2021.0, "ID_ESTAB": 10119.0, "ORIGEN": 1.0, "NOM_ESTAB": "ESCUELA POETA VICENTE HUIDOBRO", "COD_REG_ES": 13.0, "COD_PRO_ES": 131.0, "COD_COM_ES": 13117.0, "NOM_COM_ES": "LO PRADO", "COD_DEPROV": 134.0, "NOM_DEPROV": "SANTIAGO PONIENTE", "DEPENDENCI": 6.0, "RURAL_ESTA": 0.0, "ESTADO_EST": 1.0, "SC_MEN_SI": 0.0, "SC_MEN_H": 0.0, "SC_MEN_M": 0.0, "SC_MAY_H": 0.0, "SC_MAY_M": 0.0, "MED_MEN_SI": 0.0, "MED_MEN_H": 0.0, "MED_MEN_M": 0.0, "MED_MAY_SI": 0.0, "MED_MAY_H": 0.0, "MED_MAY_M": 0.0, "NT1_SI": 0.0, "NT1_H": 5.0, "NT1_M": 9.0, "NT2_SI": 0.0, "NT2_H": 14.0, "NT2_M": 11.0, "N_TOTAL": 39.0, "DIRECCION": "MILTON ROSSEL", "NUMERO": 7191.0, "REFERENCIA": "CRUCE ENTRE GENERAL BONILLA Y TENIENTE CRUZ HACIA EL NORESTE.", "LATITUD": -33.451283, "LONGITUD": -70.735587, "centroide_x": 338689.30771835189, "centroide_y": 6297334.9310836922, "crs_original": "EPSG:4326", "fecha_normalizacion": "2025-10-10 01:59:23" }, "geometry": { "type": "Point", "coordinates": [ 338689.307718351890799, 6297334.931083692237735 ] } },
{ "type": "Feature", "properties": { "AGNO": 2021.0, "ID_ESTAB": 10127.0, "ORIGEN": 1.0, "NOM_ESTAB": "ESC.DE EDUCACION DIFERENCIAL QUILLAHUE", "COD_REG_ES": 13.0, "COD_PRO_ES": 131.0, "COD_COM_ES": 13117.0, "NOM_COM_ES": "LO PRADO", "COD_DEPROV": 134.0, "NOM_DEPROV": "SANTIAGO PONIENTE", "DEPENDENCI": 6.0, "RURAL_ESTA": 0.0, "ESTADO_EST": 1.0, "SC_MEN_SI": 0.0, "SC_MEN_H": 0.0, "SC_MEN_M": 0.0, "SC_MAY_H": 0.0, "SC_MAY_M": 0.0, "MED_MEN_SI": 0.0, "MED_MEN_H": 0.0, "MED_MEN_M": 0.0, "MED_MAY_SI": 0.0, "MED_MAY_H": 0.0, "MED_MAY_M": 0.0, "NT1_SI": 0.0, "NT1_H": 3.0, "NT1_M": 1.0, "NT2_SI": 0.0, "NT2_H": 9.0, "NT2_M": 2.0, "N_TOTAL": 15.0, "DIRECCION": "GENERAL BUENDIA", "NUMERO": 350.0, "REFERENCIA": "METRO NEPTUNO, DOS CUADRAS HACIA EL PONIENTE,", "LATITUD": -33.449547, "LONGITUD": -70.7274, "centroide_x": 339447.16555423988, "centroide_y": 6297540.145607234, "crs_original": "EPSG:4326", "fecha_normalizacion": "2025-10-10 01:59:23" }, "geometry": { "type": "Point", "coordinates": [ 339447.165554239880294, 6297540.145607233978808 ] } },
{ "type": "Feature", "properties": { "AGNO": 2021.0, "ID_ESTAB": 10140.0, "ORIGEN": 1.0, "NOM_ESTAB": "ESCUELA PARTICULAR FRINGS COLLEGE", "COD_REG_ES": 13.0, "COD_PRO_ES": 131.0, "COD_COM_ES": 13117.0, "NOM_COM_ES": "LO PRADO", "COD_DEPROV": 134.0, "NOM_DEPROV": "SANTIAGO PONIENTE", "DEPENDENCI": 2.0, "RURAL_ESTA": 0.0, "ESTADO_EST": 1.0, "SC_MEN_SI": 0.0, "SC_MEN_H": 0.0, "SC_MEN_M": 0.0, "SC_MAY_H": 0.0, "SC_MAY_M": 0.0, "MED_MEN_SI": 0.0, "MED_MEN_H": 0.0, "MED_MEN_M": 0.0, "MED_MAY_SI": 0.0, "MED_MAY_H": 0.0, "MED_MAY_M": 0.0, "NT1_SI": 0.0, "NT1_H": 18.0, "NT1_M": 14.0, "NT2_SI": 0.0, "NT2_H": 19.0, "NT2_M": 15.0, "N_TOTAL": 66.0, "DIRECCION": "SAGITARIO", "NUMERO": 5295.0, "REFERENCIA": ",ANEXO DAGOBERTO GODOY 5859 AV LAS REJAS NORTE A DOS CUADRAS DE LA AV.LIBERTADOR BERNARDO OHIGGINS O METRO LAS REJAS", "LATITUD": -33.453815, "LONGITUD": -70.707634, "centroide_x": 341292.29808063374, "centroide_y": 6297097.291642122, "crs_original": "EPSG:4326", "fecha_normalizacion": "2025-10-10 01:59:23" }, "geometry": { "type": "Point", "coordinates": [ 341292.298080633743666, 6297097.291642121970654 ] } },
{ "type": "Feature", "properties": { "AGNO": 2021.0, "ID_ESTAB": 10142.0, "ORIGEN": 1.0, "NOM_ESTAB": "ESCUELA BASICA PARTICULAR N°811 DRA.VICTORIA GARCIA", "COD_REG_ES": 13.0, "COD_PRO_ES": 131.0, "COD_COM_ES": 13117.0, "NOM_COM_ES": "LO PRADO", "COD_DEPROV": 134.0, "NOM_DEPROV": "SANTIAGO PONIENTE", "DEPENDENCI": 2.0, "RURAL_ESTA": 0.0, "ESTADO_EST": 1.0, "SC_MEN_SI": 0.0, "SC_MEN_H": 0.0, "SC_MEN_M": 0.0, "SC_MAY_H": 0.0, "SC_MAY_M": 0.0, "MED_MEN_SI": 0.0, "MED_MEN_H": 0.0, "MED_MEN_M": 0.0, "MED_MAY_SI": 0.0, "MED_MAY_H": 0.0, "MED_MAY_M": 0.0, "NT1_SI": 0.0, "NT1_H": 3.0, "NT1_M": 6.0, "NT2_SI": 0.0, "NT2_H": 12.0, "NT2_M": 11.0, "N_TOTAL": 32.0, "DIRECCION": "YALE", "NUMERO": 6702.0, "REFERENCIA": "VILLA PRESIDENTE KENNEDY", "LATITUD": -33.451078, "LONGITUD": -70.730177, "centroide_x": 339191.8072639649, "centroide_y": 6297366.0705960318, "crs_original": "EPSG:4326", "fecha_normalizacion": "2025-10-10 01:59:23" }, "geometry": { "type": "Point", "coordinates": [ 339191.807263964903541, 6297366.070596031844616 ] } },
{ "type": "Feature", "properties": { "AGNO": 2021.0, "ID_ESTAB": 10160.0, "ORIGEN": 1.0, "NOM_ESTAB": "ESCUELA BAS. COLEGIO BAU", "COD_REG_ES": 13.0, "COD_PRO_ES": 131.0, "COD_COM_ES": 13117.0, "NOM_COM_ES": "LO PRADO", "COD_DEPROV": 134.0, "NOM_DEPROV": "SANTIAGO PONIENTE", "DEPENDENCI": 2.0, "RURAL_ESTA": 0.0, "ESTADO_EST": 1.0, "SC_MEN_SI": 0.0, "SC_MEN_H": 0.0, "SC_MEN_M": 0.0, "SC_MAY_H": 0.0, "SC_MAY_M": 0.0, "MED_MEN_SI": 0.0, "MED_MEN_H": 0.0, "MED_MEN_M": 0.0, "MED_MAY_SI": 0.0, "MED_MAY_H": 0.0, "MED_MAY_M": 0.0, "NT1_SI": 0.0, "NT1_H": 39.0, "NT1_M": 51.0, "NT2_SI": 0.0, "NT2_H": 54.0, "NT2_M": 52.0, "N_TOTAL": 196.0, "DIRECCION": "AVENIDA LAS TORRES", "NUMERO": 365.0, "REFERENCIA": "POR AV. LAS TORRES, ENTRE AV. SAN PABLO Y AV. GRAL. BONILLA", "LATITUD": -33.449434, "LONGITUD": -70.730729, "centroide_x": 339137.47538071073, "centroide_y": 6297547.5508373827, "crs_original": "EPSG:4326", "fecha_normalizacion": "2025-10-10 01:59:23" }, "geometry": { "type": "Point", "coordinates": [ 339137.475380710733589, 6297547.550837382674217 ] } },
{ "type": "Feature", "properties": { "AGNO": 2021.0, "ID_ESTAB": 10162.0, "ORIGEN": 1.0, "NOM_ESTAB": "LICEO TENIENTE DAGOBERTO GODOY NO.3", "COD_REG_ES": 13.0, "COD_PRO_ES": 131.0, "COD_COM_ES": 13117.0, "NOM_COM_ES": "LO PRADO", "COD_DEPROV": 134.0, "NOM_DEPROV": "SANTIAGO PONIENTE", "DEPENDENCI": 2.0, "RURAL_ESTA": 0.0, "ESTADO_EST": 1.0, "SC_MEN_SI": 0.0, "SC_MEN_H": 0.0, "SC_MEN_M": 0.0, "SC_MAY_H": 0.0, "SC_MAY_M": 0.0, "MED_MEN_SI": 0.0, "MED_MEN_H": 0.0, "MED_MEN_M": 0.0, "MED_MAY_SI": 0.0, "MED_MAY_H": 0.0, "MED_MAY_M": 0.0, "NT1_SI": 0.0, "NT1_H": 38.0, "NT1_M": 32.0, "NT2_SI": 0.0, "NT2_H": 44.0, "NT2_M": 40.0, "N_TOTAL": 154.0, "DIRECCION": "ISLA DECEPCION", "NUMERO": 232.0, "REFERENCIA": "ISLA DECEPCION 232 ESQUINA AVDA. DORSAL.", "LATITUD": -33.451091, "LONGITUD": -70.713884, "centroide_x": 340706.35856280674, "centroide_y": 6297389.6836799784, "crs_original": "EPSG:4326", "fecha_normalizacion": "2025-10-10 01:59:23" }, "geometry": { "type": "Point", "coordinates": [ 340706.358562806737609, 6297389.683679978363216 ] } },
{ "type": "Feature", "properties": { "AGNO": 2021.0, "ID_ESTAB": 10171.0, "ORIGEN": 1.0, "NOM_ESTAB": "ESCUELA PARTICULAR VILLA LOURDES", "COD_REG_ES": 13.0, "COD_PRO_ES": 131.0, "COD_COM_ES": 13117.0, "NOM_COM_ES": "LO PRADO", "COD_DEPROV": 134.0, "NOM_DEPROV": "SANTIAGO PONIENTE", "DEPENDENCI": 2.0, "RURAL_ESTA": 0.0, "ESTADO_EST": 1.0, "SC_MEN_SI": 0.0, "SC_MEN_H": 0.0, "SC_MEN_M": 0.0, "SC_MAY_H": 0.0, "SC_MAY_M": 0.0, "MED_MEN_SI": 0.0, "MED_MEN_H": 0.0, "MED_MEN_M": 0.0, "MED_MAY_SI": 0.0, "MED_MAY_H": 0.0, "MED_MAY_M": 0.0, "NT1_SI": 0.0, "NT1_H": 24.0, "NT1_M": 29.0, "NT2_SI": 0.0, "NT2_H": 28.0, "NT2_M": 42.0, "N_TOTAL": 123.0, "DIRECCION": "MILTON ROSSEL", "NUMERO": 7243.0, "REFERENCIA": "VILLA PRESIDENTE KENNEDY", "LATITUD": -33.4523, "LONGITUD": -70.73445, "centroide_x": 338796.92132977361, "centroide_y": 6297223.9542212309, "crs_original": "EPSG:4326", "fecha_normalizacion": "2025-10-10 01:59:23" }, "geometry": { "type": "Point", "coordinates": [ 338796.921329773613252, 6297223.95422123093158 ] } },
{ "type": "Feature", "properties": { "AGNO": 2021.0, "ID_ESTAB": 11835.0, "ORIGEN": 1.0, "NOM_ESTAB": "ESCUELA PARTICULAR ROYAL SCHOOL", "COD_REG_ES": 13.0, "COD_PRO_ES": 131.0, "COD_COM_ES": 13117.0, "NOM_COM_ES": "LO PRADO", "COD_DEPROV": 134.0, "NOM_DEPROV": "SANTIAGO PONIENTE", "DEPENDENCI": 2.0, "RURAL_ESTA": 0.0, "ESTADO_EST": 1.0, "SC_MEN_SI": 0.0, "SC_MEN_H": 0.0, "SC_MEN_M": 0.0, "SC_MAY_H": 0.0, "SC_MAY_M": 0.0, "MED_MEN_SI": 0.0, "MED_MEN_H": 0.0, "MED_MEN_M": 0.0, "MED_MAY_SI": 0.0, "MED_MAY_H": 0.0, "MED_MAY_M": 0.0, "NT1_SI": 0.0, "NT1_H": 10.0, "NT1_M": 20.0, "NT2_SI": 0.0, "NT2_H": 25.0, "NT2_M": 20.0, "N_TOTAL": 75.0, "DIRECCION": "MINISTRO GANA", "NUMERO": 40.0, "REFERENCIA": "METRO ESTACIÓN PAJARITOS", "LATITUD": -33.455585, "LONGITUD": -70.718836, "centroide_x": 340254.31648416445, "centroide_y": 6296883.7716818731, "crs_original": "EPSG:4326", "fecha_normalizacion": "2025-10-10 01:59:23" }, "geometry": { "type": "Point", "coordinates": [ 340254.316484164446592, 6296883.771681873127818 ] } },
{ "type": "Feature", "properties": { "AGNO": 2021.0, "ID_ESTAB": 11862.0, "ORIGEN": 1.0, "NOM_ESTAB": "ESCUELA DE PARVULOS TRIBILIN", "COD_REG_ES": 13.0, "COD_PRO_ES": 131.0, "COD_COM_ES": 13106.0, "NOM_COM_ES": "ESTACIÓN CENTRAL", "COD_DEPROV": 134.0, "NOM_DEPROV": "SANTIAGO PONIENTE", "DEPENDENCI": 2.0, "RURAL_ESTA": 0.0, "ESTADO_EST": 1.0, "SC_MEN_SI": 0.0, "SC_MEN_H": 0.0, "SC_MEN_M": 0.0, "SC_MAY_H": 0.0, "SC_MAY_M": 0.0, "MED_MEN_SI": 0.0, "MED_MEN_H": 0.0, "MED_MEN_M": 0.0, "MED_MAY_SI": 0.0, "MED_MAY_H": 0.0, "MED_MAY_M": 0.0, "NT1_SI": 0.0, "NT1_H": 9.0, "NT1_M": 19.0, "NT2_SI": 0.0, "NT2_H": 10.0, "NT2_M": 19.0, "N_TOTAL": 57.0, "DIRECCION": "PADRE JAIME LARRAIN", "NUMERO": 630.0, "REFERENCIA": "(EX-LUIS INFANTE CERDA) POR 5 DE ABRIL, ENTRE GENERAL VELAZQUEZ Y LAS REJAS", "LATITUD": -33.468674, "LONGITUD": -70.698074, "centroide_x": 342207.84959669632, "centroide_y": 6295464.1299794493, "crs_original": "EPSG:4326", "fecha_normalizacion": "2025-10-10 01:59:23" }, "geometry": { "type": "Point", "coordinates": [ 342207.849596696323715, 6295464.12997944932431 ] } },
{ "type": "Feature", "properties": { "AGNO": 2021.0, "ID_ESTAB": 12083.0, "ORIGEN": 1.0, "NOM_ESTAB": "COLEGIO LO ERRAZURIZ", "COD_REG_ES": 13.0, "COD_PRO_ES": 131.0, "COD_COM_ES": 13119.0, "NOM_COM_ES": "MAIPÚ", "COD_DEPROV": 134.0, "NOM_DEPROV": "SANTIAGO PONIENTE", "DEPENDENCI": 2.0, "RURAL_ESTA": 0.0, "ESTADO_EST": 1.0, "SC_MEN_SI": 0.0, "SC_MEN_H": 0.0, "SC_MEN_M": 0.0, "SC_MAY_H": 0.0, "SC_MAY_M": 0.0, "MED_MEN_SI": 0.0, "MED_MEN_H": 0.0, "MED_MEN_M": 0.0, "MED_MAY_SI": 0.0, "MED_MAY_H": 0.0, "MED_MAY_M": 0.0, "NT1_SI": 0.0, "NT1_H": 23.0, "NT1_M": 16.0, "NT2_SI": 0.0, "NT2_H": 32.0, "NT2_M": 44.0, "N_TOTAL": 115.0, "DIRECCION": "PASAJE KANT", "NUMERO": 4130.0, "REFERENCIA": "SIMON BOLIVAR CON GHANDI", "LATITUD": -33.474489, "LONGITUD": -70.727532, "centroide_x": 339480.88826637994, "centroide_y": 6294774.1612345213, "crs_original": "EPSG:4326", "fecha_normalizacion": "2025-10-10 01:59:23" }, "geometry": { "type": "Point", "coordinates": [ 339480.88826637994498, 6294774.161234521307051 ] } },
{ "type": "Feature", "properties": { "AGNO": 2021.0, "ID_ESTAB": 12130.0, "ORIGEN": 1.0, "NOM_ESTAB": "ESCUELA MARIA TERESA SCHOOL NUM 2", "COD_REG_ES": 13.0, "COD_PRO_ES": 131.0, "COD_COM_ES": 13101.0, "NOM_COM_ES": "SANTIAGO", "COD_DEPROV": 131.0, "NOM_DEPROV": "SANTIAGO CENTRO", "DEPENDENCI": 2.0, "RURAL_ESTA": 0.0, "ESTADO_EST": 1.0, "SC_MEN_SI": 0.0, "SC_MEN_H": 0.0, "SC_MEN_M": 0.0, "SC_MAY_H": 0.0, "SC_MAY_M": 0.0, "MED_MEN_SI": 0.0, "MED_MEN_H": 0.0, "MED_MEN_M": 0.0, "MED_MAY_SI": 0.0, "MED_MAY_H": 0.0, "MED_MAY_M": 0.0, "NT1_SI": 0.0, "NT1_H": 11.0, "NT1_M": 19.0, "NT2_SI": 0.0, "NT2_H": 16.0, "NT2_M": 12.0, "N_TOTAL": 58.0, "DIRECCION": "BASCUÑAN GUERRERO", "NUMERO": 1351.0, "REFERENCIA": "COSTADO OESTE DE CLUB HIPICO", "LATITUD": -33.46665, "LONGITUD": -70.672398, "centroide_x": 344590.41604615189, "centroide_y": 6295727.327641163, "crs_original": "EPSG:4326", "fecha_normalizacion": "2025-10-10 01:59:23" }, "geometry": { "type": "Point", "coordinates": [ 344590.416046151891351, 6295727.327641163021326 ] } },
{ "type": "Feature", "properties": { "AGNO": 2021.0, "ID_ESTAB": 16826.0, "ORIGEN": 1.0, "NOM_ESTAB": "ESCUELA ESPECIAL N°2435 AITUE", "COD_REG_ES": 13.0, "COD_PRO_ES": 131.0, "COD_COM_ES": 13106.0, "NOM_COM_ES": "ESTACIÓN CENTRAL", "COD_DEPROV": 134.0, "NOM_DEPROV": "SANTIAGO PONIENTE", "DEPENDENCI": 2.0, "RURAL_ESTA": 0.0, "ESTADO_EST": 1.0, "SC_MEN_SI": 0.0, "SC_MEN_H": 0.0, "SC_MEN_M": 0.0, "SC_MAY_H": 0.0, "SC_MAY_M": 0.0, "MED_MEN_SI": 0.0, "MED_MEN_H": 0.0, "MED_MEN_M": 0.0, "MED_MAY_SI": 0.0, "MED_MAY_H": 15.0, "MED_MAY_M": 15.0, "NT1_SI": 0.0, "NT1_H": 17.0, "NT1_M": 13.0, "NT2_SI": 0.0, "NT2_H": 22.0, "NT2_M": 8.0, "N_TOTAL": 90.0, "DIRECCION": "TORO MAZOTTE", "NUMERO": 1888.0, "REFERENCIA": "CALLE TORO MAZOTTE 1888 CON CALLE MANUEL RODRIGUEZ  METRO METRO PADRE HURTADO", "LATITUD": -33.472556, "LONGITUD": -70.690403, "centroide_x": 342927.75914450415, "centroide_y": 6295045.2945898473, "crs_original": "EPSG:4326", "fecha_normalizacion": "2025-10-10 01:59:23" }, "geometry": { "type": "Point", "coordinates": [ 342927.759144504147116, 6295045.294589847326279 ] } },
{ "type": "Feature", "properties": { "AGNO": 2021.0, "ID_ESTAB": 16972.0, "ORIGEN": 1.0, "NOM_ESTAB": "ESCUELA ESPECIAL CREA Nº2455", "COD_REG_ES": 13.0, "COD_PRO_ES": 131.0, "COD_COM_ES": 13106.0, "NOM_COM_ES": "ESTACIÓN CENTRAL", "COD_DEPROV": 134.0, "NOM_DEPROV": "SANTIAGO PONIENTE", "DEPENDENCI": 2.0, "RURAL_ESTA": 0.0, "ESTADO_EST": 1.0, "SC_MEN_SI": 0.0, "SC_MEN_H": 0.0, "SC_MEN_M": 0.0, "SC_MAY_H": 0.0, "SC_MAY_M": 0.0, "MED_MEN_SI": 0.0, "MED_MEN_H": 0.0, "MED_MEN_M": 0.0, "MED_MAY_SI": 0.0, "MED_MAY_H": 30.0, "MED_MAY_M": 29.0, "NT1_SI": 0.0, "NT1_H": 36.0, "NT1_M": 24.0, "NT2_SI": 0.0, "NT2_H": 29.0, "NT2_M": 16.0, "N_TOTAL": 164.0, "DIRECCION": "SANTA PETRONILA", "NUMERO": 51.0, "REFERENCIA": null, "LATITUD": -33.45308, "LONGITUD": -70.70455, "centroide_x": 341577.63001067343, "centroide_y": 6297183.4544993713, "crs_original": "EPSG:4326", "fecha_normalizacion": "2025-10-10 01:59:23" }, "geometry": { "type": "Point", "coordinates": [ 341577.630010673427023, 6297183.454499371349812 ] } },
{ "type": "Feature", "properties": { "AGNO": 2021.0, "ID_ESTAB": 20318.0, "ORIGEN": 1.0, "NOM_ESTAB": "ESCUELA DE PARVULOS N° 2461 `NOVA AURORA`", "COD_REG_ES": 13.0, "COD_PRO_ES": 131.0, "COD_COM_ES": 13119.0, "NOM_COM_ES": "MAIPÚ", "COD_DEPROV": 134.0, "NOM_DEPROV": "SANTIAGO PONIENTE", "DEPENDENCI": 2.0, "RURAL_ESTA": 0.0, "ESTADO_EST": 1.0, "SC_MEN_SI": 0.0, "SC_MEN_H": 0.0, "SC_MEN_M": 0.0, "SC_MAY_H": 0.0, "SC_MAY_M": 0.0, "MED_MEN_SI": 0.0, "MED_MEN_H": 0.0, "MED_MEN_M": 0.0, "MED_MAY_SI": 0.0, "MED_MAY_H": 0.0, "MED_MAY_M": 0.0, "NT1_SI": 0.0, "NT1_H": 6.0, "NT1_M": 19.0, "NT2_SI": 0.0, "NT2_H": 20.0, "NT2_M": 18.0, "N_TOTAL": 63.0, "DIRECCION": "LAS PARCELAS", "NUMERO": 3650.0, "REFERENCIA": "PARADERO 71/2 PAJARITOS, LAS PARCELAS AL LLEGAR A LAS TORRES", "LATITUD": -33.47522, "LONGITUD": -70.73293, "centroide_x": 338980.61017824418, "centroide_y": 6294684.7493423726, "crs_original": "EPSG:4326", "fecha_normalizacion": "2025-10-10 01:59:23" }, "geometry": { "type": "Point", "coordinates": [ 338980.610178244183771, 6294684.749342372640967 ] } },
{ "type": "Feature", "properties": { "AGNO": 2021.0, "ID_ESTAB": 24685.0, "ORIGEN": 1.0, "NOM_ESTAB": "COLEGIO PIAMARTA", "COD_REG_ES": 13.0, "COD_PRO_ES": 131.0, "COD_COM_ES": 13106.0, "NOM_COM_ES": "ESTACIÓN CENTRAL", "COD_DEPROV": 134.0, "NOM_DEPROV": "SANTIAGO PONIENTE", "DEPENDENCI": 2.0, "RURAL_ESTA": 0.0, "ESTADO_EST": 1.0, "SC_MEN_SI": 0.0, "SC_MEN_H": 0.0, "SC_MEN_M": 0.0, "SC_MAY_H": 0.0, "SC_MAY_M": 0.0, "MED_MEN_SI": 0.0, "MED_MEN_H": 0.0, "MED_MEN_M": 0.0, "MED_MAY_SI": 0.0, "MED_MAY_H": 0.0, "MED_MAY_M": 0.0, "NT1_SI": 0.0, "NT1_H": 47.0, "NT1_M": 58.0, "NT2_SI": 0.0, "NT2_H": 66.0, "NT2_M": 66.0, "N_TOTAL": 237.0, "DIRECCION": "SANTA CORINA", "NUMERO": 660.0, "REFERENCIA": "ENTRAR POR AVDA.PAJARITOS PARADERO 7 HACIA CAMINO LO ERRÁZURIZ", "LATITUD": -33.471707, "LONGITUD": -70.725516, "centroide_x": 339663.09309460543, "centroide_y": 6295085.8226900194, "crs_original": "EPSG:4326", "fecha_normalizacion": "2025-10-10 01:59:23" }, "geometry": { "type": "Point", "coordinates": [ 339663.093094605428632, 6295085.822690019384027 ] } },
{ "type": "Feature", "properties": { "AGNO": 2021.0, "ID_ESTAB": 24730.0, "ORIGEN": 1.0, "NOM_ESTAB": "COLEGIO ADVENTISTA SANTIAGO PONIENTE", "COD_REG_ES": 13.0, "COD_PRO_ES": 131.0, "COD_COM_ES": 13117.0, "NOM_COM_ES": "LO PRADO", "COD_DEPROV": 134.0, "NOM_DEPROV": "SANTIAGO PONIENTE", "DEPENDENCI": 2.0, "RURAL_ESTA": 0.0, "ESTADO_EST": 1.0, "SC_MEN_SI": 0.0, "SC_MEN_H": 0.0, "SC_MEN_M": 0.0, "SC_MAY_H": 0.0, "SC_MAY_M": 0.0, "MED_MEN_SI": 0.0, "MED_MEN_H": 0.0, "MED_MEN_M": 0.0, "MED_MAY_SI": 0.0, "MED_MAY_H": 0.0, "MED_MAY_M": 0.0, "NT1_SI": 0.0, "NT1_H": 19.0, "NT1_M": 16.0, "NT2_SI": 0.0, "NT2_H": 14.0, "NT2_M": 22.0, "N_TOTAL": 71.0, "DIRECCION": "PEDRO DE CORDOVA", "NUMERO": 5817.0, "REFERENCIA": "METRO ESTACIÓN LAS REJAS, HACIA EL NOR-PONIENTE, CERCANA A DORSAL", "LATITUD": -33.45175, "LONGITUD": -70.71093, "centroide_x": 340982.19869429932, "centroide_y": 6297321.1523098219, "crs_original": "EPSG:4326", "fecha_normalizacion": "2025-10-10 01:59:23" }, "geometry": { "type": "Point", "coordinates": [ 340982.198694299324416, 6297321.152309821918607 ] } },
{ "type": "Feature", "properties": { "AGNO": 2021.0, "ID_ESTAB": 24966.0, "ORIGEN": 1.0, "NOM_ESTAB": "COLEGIO SAN FELIPE", "COD_REG_ES": 13.0, "COD_PRO_ES": 131.0, "COD_COM_ES": 13124.0, "NOM_COM_ES": "PUDAHUEL", "COD_DEPROV": 134.0, "NOM_DEPROV": "SANTIAGO PONIENTE", "DEPENDENCI": 2.0, "RURAL_ESTA": 0.0, "ESTADO_EST": 1.0, "SC_MEN_SI": 0.0, "SC_MEN_H": 0.0, "SC_MEN_M": 0.0, "SC_MAY_H": 0.0, "SC_MAY_M": 0.0, "MED_MEN_SI": 0.0, "MED_MEN_H": 0.0, "MED_MEN_M": 0.0, "MED_MAY_SI": 0.0, "MED_MAY_H": 0.0, "MED_MAY_M": 0.0, "NT1_SI": 0.0, "NT1_H": 0.0, "NT1_M": 0.0, "NT2_SI": 0.0, "NT2_H": 18.0, "NT2_M": 11.0, "N_TOTAL": 29.0, "DIRECCION": "AVENIDA LAGUNA SUR", "NUMERO": 7241.0, "REFERENCIA": "FRENTE A ESTACIÓN METRO LAGUNA SUR.", "LATITUD": -33.462598, "LONGITUD": -70.737549, "centroide_x": 338527.93825348449, "centroide_y": 6296077.2567024156, "crs_original": "EPSG:4326", "fecha_normalizacion": "2025-10-10 01:59:23" }, "geometry": { "type": "Point", "coordinates": [ 338527.938253484491725, 6296077.256702415645123 ] } },
{ "type": "Feature", "properties": { "AGNO": 2021.0, "ID_ESTAB": 25001.0, "ORIGEN": 1.0, "NOM_ESTAB": "COLEGIO GREENLAND SCHOOL", "COD_REG_ES": 13.0, "COD_PRO_ES": 131.0, "COD_COM_ES": 13106.0, "NOM_COM_ES": "ESTACIÓN CENTRAL", "COD_DEPROV": 134.0, "NOM_DEPROV": "SANTIAGO PONIENTE", "DEPENDENCI": 3.0, "RURAL_ESTA": 0.0, "ESTADO_EST": 1.0, "SC_MEN_SI": 0.0, "SC_MEN_H": 0.0, "SC_MEN_M": 0.0, "SC_MAY_H": 0.0, "SC_MAY_M": 0.0, "MED_MEN_SI": 0.0, "MED_MEN_H": 0.0, "MED_MEN_M": 0.0, "MED_MAY_SI": 0.0, "MED_MAY_H": 13.0, "MED_MAY_M": 9.0, "NT1_SI": 0.0, "NT1_H": 41.0, "NT1_M": 48.0, "NT2_SI": 0.0, "NT2_H": 72.0, "NT2_M": 78.0, "N_TOTAL": 261.0, "DIRECCION": "AVENIDA OCEANICA", "NUMERO": 6300.0, "REFERENCIA": "PARADERO 4 DE PAJARITOS", "LATITUD": -33.457625, "LONGITUD": -70.72278, "centroide_x": 339891.47375397972, "centroide_y": 6296651.521667555, "crs_original": "EPSG:4326", "fecha_normalizacion": "2025-10-10 01:59:23" }, "geometry": { "type": "Point", "coordinates": [ 339891.473753979720641, 6296651.521667554974556 ] } },
{ "type": "Feature", "properties": { "AGNO": 2021.0, "ID_ESTAB": 25173.0, "ORIGEN": 1.0, "NOM_ESTAB": "ESC. BASICA MUNICIPAL RISOPATRON", "COD_REG_ES": 13.0, "COD_PRO_ES": 131.0, "COD_COM_ES": 13121.0, "NOM_COM_ES": "PEDRO AGUIRRE CERDA", "COD_DEPROV": 131.0, "NOM_DEPROV": "SANTIAGO CENTRO", "DEPENDENCI": 1.0, "RURAL_ESTA": 0.0, "ESTADO_EST": 1.0, "SC_MEN_SI": 0.0, "SC_MEN_H": 0.0, "SC_MEN_M": 0.0, "SC_MAY_H": 0.0, "SC_MAY_M": 0.0, "MED_MEN_SI": 0.0, "MED_MEN_H": 0.0, "MED_MEN_M": 0.0, "MED_MAY_SI": 0.0, "MED_MAY_H": 0.0, "MED_MAY_M": 0.0, "NT1_SI": 0.0, "NT1_H": 6.0, "NT1_M": 13.0, "NT2_SI": 0.0, "NT2_H": 11.0, "NT2_M": 8.0, "N_TOTAL": 38.0, "DIRECCION": "PASAJE F", "NUMERO": 4491.0, "REFERENCIA": "AVENIDA CENTRAL A LA ALTURA DEL 4.200", "LATITUD": -33.490519, "LONGITUD": -70.688382, "centroide_x": 343147.93911615637, "centroide_y": 6293056.5249923822, "crs_original": "EPSG:4326", "fecha_normalizacion": "2025-10-10 01:59:23" }, "geometry": { "type": "Point", "coordinates": [ 343147.939116156368982, 6293056.524992382153869 ] } },
{ "type": "Feature", "properties": { "AGNO": 2021.0, "ID_ESTAB": 25208.0, "ORIGEN": 1.0, "NOM_ESTAB": "ESC. ESP. NTRA SRA. DEL BUEN CONSEJO", "COD_REG_ES": 13.0, "COD_PRO_ES": 131.0, "COD_COM_ES": 13124.0, "NOM_COM_ES": "PUDAHUEL", "COD_DEPROV": 134.0, "NOM_DEPROV": "SANTIAGO PONIENTE", "DEPENDENCI": 2.0, "RURAL_ESTA": 0.0, "ESTADO_EST": 1.0, "SC_MEN_SI": 0.0, "SC_MEN_H": 0.0, "SC_MEN_M": 0.0, "SC_MAY_H": 0.0, "SC_MAY_M": 0.0, "MED_MEN_SI": 0.0, "MED_MEN_H": 0.0, "MED_MEN_M": 0.0, "MED_MAY_SI": 0.0, "MED_MAY_H": 29.0, "MED_MAY_M": 13.0, "NT1_SI": 0.0, "NT1_H": 22.0, "NT1_M": 22.0, "NT2_SI": 0.0, "NT2_H": 18.0, "NT2_M": 12.0, "N_TOTAL": 116.0, "DIRECCION": "LAGO CROCHANE", "NUMERO": 7111.0, "REFERENCIA": "PARADERO 7 1/2 DE PAJARITOS, ENTRE LAGO GENERAL CARRERA Y TENIENTE CRUZ", "LATITUD": -33.464355, "LONGITUD": -70.73456, "centroide_x": 338809.01500583789, "centroide_y": 6295887.0255197361, "crs_original": "EPSG:4326", "fecha_normalizacion": "2025-10-10 01:59:23" }, "geometry": { "type": "Point", "coordinates": [ 338809.015005837893113, 6295887.025519736111164 ] } },
{ "type": "Feature", "properties": { "AGNO": 2021.0, "ID_ESTAB": 25269.0, "ORIGEN": 1.0, "NOM_ESTAB": "COLEGIO NUEVO DIEGO DE ALMAGRO", "COD_REG_ES": 13.0, "COD_PRO_ES": 131.0, "COD_COM_ES": 13101.0, "NOM_COM_ES": "SANTIAGO", "COD_DEPROV": 131.0, "NOM_DEPROV": "SANTIAGO CENTRO", "DEPENDENCI": 2.0, "RURAL_ESTA": 0.0, "ESTADO_EST": 1.0, "SC_MEN_SI": 0.0, "SC_MEN_H": 0.0, "SC_MEN_M": 0.0, "SC_MAY_H": 0.0, "SC_MAY_M": 0.0, "MED_MEN_SI": 0.0, "MED_MEN_H": 0.0, "MED_MEN_M": 0.0, "MED_MAY_SI": 0.0, "MED_MAY_H": 0.0, "MED_MAY_M": 0.0, "NT1_SI": 0.0, "NT1_H": 18.0, "NT1_M": 12.0, "NT2_SI": 0.0, "NT2_H": 14.0, "NT2_M": 16.0, "N_TOTAL": 60.0, "DIRECCION": "SOTOMAYOR", "NUMERO": 552.0, "REFERENCIA": "ENTRE CALLE CATEDRAL Y SANTO DOMINGO BARRIO YUNGAY.", "LATITUD": -33.438619, "LONGITUD": -70.67364, "centroide_x": 344424.93184426159, "centroide_y": 6298833.674315569, "crs_original": "EPSG:4326", "fecha_normalizacion": "2025-10-10 01:59:23" }, "geometry": { "type": "Point", "coordinates": [ 344424.931844261591323, 6298833.674315568991005 ] } },
{ "type": "Feature", "properties": { "AGNO": 2021.0, "ID_ESTAB": 25294.0, "ORIGEN": 1.0, "NOM_ESTAB": "ESCUELA ESPEC.PART. SANTA TERESA DE JESUS", "COD_REG_ES": 13.0, "COD_PRO_ES": 131.0, "COD_COM_ES": 13124.0, "NOM_COM_ES": "PUDAHUEL", "COD_DEPROV": 134.0, "NOM_DEPROV": "SANTIAGO PONIENTE", "DEPENDENCI": 2.0, "RURAL_ESTA": 0.0, "ESTADO_EST": 1.0, "SC_MEN_SI": 0.0, "SC_MEN_H": 0.0, "SC_MEN_M": 0.0, "SC_MAY_H": 0.0, "SC_MAY_M": 0.0, "MED_MEN_SI": 0.0, "MED_MEN_H": 0.0, "MED_MEN_M": 0.0, "MED_MAY_SI": 0.0, "MED_MAY_H": 6.0, "MED_MAY_M": 3.0, "NT1_SI": 0.0, "NT1_H": 9.0, "NT1_M": 1.0, "NT2_SI": 0.0, "NT2_H": 5.0, "NT2_M": 3.0, "N_TOTAL": 27.0, "DIRECCION": "QUIÑE", "NUMERO": 7348.0, "REFERENCIA": "TENIENTE CRUZ CON LA CALLE QUIÑE.", "LATITUD": -33.46345, "LONGITUD": -70.73866, "centroide_x": 338426.28012222669, "centroide_y": 6295981.0079036383, "crs_original": "EPSG:4326", "fecha_normalizacion": "2025-10-10 01:59:23" }, "geometry": { "type": "Point", "coordinates": [ 338426.280122226686217, 6295981.007903638295829 ] } },
{ "type": "Feature", "properties": { "AGNO": 2021.0, "ID_ESTAB": 25320.0, "ORIGEN": 1.0, "NOM_ESTAB": "ESCUELA ESPEC. VIRGEN DE LAS PENAS", "COD_REG_ES": 13.0, "COD_PRO_ES": 131.0, "COD_COM_ES": 13101.0, "NOM_COM_ES": "SANTIAGO", "COD_DEPROV": 131.0, "NOM_DEPROV": "SANTIAGO CENTRO", "DEPENDENCI": 2.0, "RURAL_ESTA": 0.0, "ESTADO_EST": 1.0, "SC_MEN_SI": 0.0, "SC_MEN_H": 0.0, "SC_MEN_M": 0.0, "SC_MAY_H": 0.0, "SC_MAY_M": 0.0, "MED_MEN_SI": 0.0, "MED_MEN_H": 0.0, "MED_MEN_M": 0.0, "MED_MAY_SI": 0.0, "MED_MAY_H": 7.0, "MED_MAY_M": 6.0, "NT1_SI": 0.0, "NT1_H": 4.0, "NT1_M": 6.0, "NT2_SI": 0.0, "NT2_H": 17.0, "NT2_M": 5.0, "N_TOTAL": 45.0, "DIRECCION": "BASCUNAN GUERRERO", "NUMERO": 2078.0, "REFERENCIA": "ENTRE RONDIZZONI E ISABEL RIQUELME", "LATITUD": -33.473824, "LONGITUD": -70.67109, "centroide_x": 344724.78755788464, "centroide_y": 6294933.7346952781, "crs_original": "EPSG:4326", "fecha_normalizacion": "2025-10-10 01:59:23" }, "geometry": { "type": "Point", "coordinates": [ 344724.78755788464332, 6294933.73469527810812 ] } },
{ "type": "Feature", "properties": { "AGNO": 2021.0, "ID_ESTAB": 25399.0, "ORIGEN": 1.0, "NOM_ESTAB": "ESCUELA ESPECIAL PART. TRIPANTU", "COD_REG_ES": 13.0, "COD_PRO_ES": 131.0, "COD_COM_ES": 13106.0, "NOM_COM_ES": "ESTACIÓN CENTRAL", "COD_DEPROV": 134.0, "NOM_DEPROV": "SANTIAGO PONIENTE", "DEPENDENCI": 2.0, "RURAL_ESTA": 0.0, "ESTADO_EST": 1.0, "SC_MEN_SI": 0.0, "SC_MEN_H": 0.0, "SC_MEN_M": 0.0, "SC_MAY_H": 0.0, "SC_MAY_M": 0.0, "MED_MEN_SI": 0.0, "MED_MEN_H": 0.0, "MED_MEN_M": 0.0, "MED_MAY_SI": 0.0, "MED_MAY_H": 21.0, "MED_MAY_M": 15.0, "NT1_SI": 0.0, "NT1_H": 26.0, "NT1_M": 23.0, "NT2_SI": 0.0, "NT2_H": 26.0, "NT2_M": 12.0, "N_TOTAL": 123.0, "DIRECCION": "AVENIDA LAS PARCELAS", "NUMERO": 4450.0, "REFERENCIA": "ENTRE AVENIDA LAS PARCELAS ESQUINA AVDA. SANTA CORINA,A LA ALTURA DEL PARADERO 7 DE PAJARITOS HACIA EL SUR", "LATITUD": -33.470634, "LONGITUD": -70.72717, "centroide_x": 339507.42104487401, "centroide_y": 6295202.2023294047, "crs_original": "EPSG:4326", "fecha_normalizacion": "2025-10-10 01:59:23" }, "geometry": { "type": "Point", "coordinates": [ 339507.42104487400502, 6295202.202329404652119 ] } },
{ "type": "Feature", "properties": { "AGNO": 2021.0, "ID_ESTAB": 25403.0, "ORIGEN": 1.0, "NOM_ESTAB": "ESC. ESPECIAL GULLIVER", "COD_REG_ES": 13.0, "COD_PRO_ES": 131.0, "COD_COM_ES": 13126.0, "NOM_COM_ES": "QUINTA NORMAL", "COD_DEPROV": 134.0, "NOM_DEPROV": "SANTIAGO PONIENTE", "DEPENDENCI": 2.0, "RURAL_ESTA": 0.0, "ESTADO_EST": 1.0, "SC_MEN_SI": 0.0, "SC_MEN_H": 0.0, "SC_MEN_M": 0.0, "SC_MAY_H": 0.0, "SC_MAY_M": 0.0, "MED_MEN_SI": 0.0, "MED_MEN_H": 0.0, "MED_MEN_M": 0.0, "MED_MAY_SI": 0.0, "MED_MAY_H": 24.0, "MED_MAY_M": 14.0, "NT1_SI": 0.0, "NT1_H": 33.0, "NT1_M": 26.0, "NT2_SI": 0.0, "NT2_H": 28.0, "NT2_M": 15.0, "N_TOTAL": 140.0, "DIRECCION": "NUEVA IMPERIAL", "NUMERO": 4656.0, "REFERENCIA": null, "LATITUD": -33.44538, "LONGITUD": -70.697266, "centroide_x": 342240.7442523347, "centroide_y": 6298048.3703338075, "crs_original": "EPSG:4326", "fecha_normalizacion": "2025-10-10 01:59:23" }, "geometry": { "type": "Point", "coordinates": [ 342240.744252334698103, 6298048.37033380754292 ] } },
{ "type": "Feature", "properties": { "AGNO": 2021.0, "ID_ESTAB": 25405.0, "ORIGEN": 1.0, "NOM_ESTAB": "ESCUELA ESPECIAL PART. TRAGALUZ", "COD_REG_ES": 13.0, "COD_PRO_ES": 131.0, "COD_COM_ES": 13106.0, "NOM_COM_ES": "ESTACIÓN CENTRAL", "COD_DEPROV": 134.0, "NOM_DEPROV": "SANTIAGO PONIENTE", "DEPENDENCI": 2.0, "RURAL_ESTA": 0.0, "ESTADO_EST": 1.0, "SC_MEN_SI": 0.0, "SC_MEN_H": 0.0, "SC_MEN_M": 0.0, "SC_MAY_H": 0.0, "SC_MAY_M": 0.0, "MED_MEN_SI": 0.0, "MED_MEN_H": 0.0, "MED_MEN_M": 0.0, "MED_MAY_SI": 0.0, "MED_MAY_H": 12.0, "MED_MAY_M": 14.0, "NT1_SI": 0.0, "NT1_H": 16.0, "NT1_M": 14.0, "NT2_SI": 0.0, "NT2_H": 15.0, "NT2_M": 9.0, "N_TOTAL": 80.0, "DIRECCION": "MAQUINISTA GENTOSO", "NUMERO": 1115.0, "REFERENCIA": "GENERAL VELASQUEZ A UN COSTADO DEL HOGAR DE CRISTO.", "LATITUD": -33.462997, "LONGITUD": -70.68645, "centroide_x": 343277.90429952019, "centroide_y": 6296111.2386452444, "crs_original": "EPSG:4326", "fecha_normalizacion": "2025-10-10 01:59:23" }, "geometry": { "type": "Point", "coordinates": [ 343277.904299520188943, 6296111.238645244389772 ] } },
{ "type": "Feature", "properties": { "AGNO": 2021.0, "ID_ESTAB": 25433.0, "ORIGEN": 1.0, "NOM_ESTAB": "ESCUELA ESP. RUCAMALEN", "COD_REG_ES": 13.0, "COD_PRO_ES": 131.0, "COD_COM_ES": 13117.0, "NOM_COM_ES": "LO PRADO", "COD_DEPROV": 134.0, "NOM_DEPROV": "SANTIAGO PONIENTE", "DEPENDENCI": 2.0, "RURAL_ESTA": 0.0, "ESTADO_EST": 1.0, "SC_MEN_SI": 0.0, "SC_MEN_H": 0.0, "SC_MEN_M": 0.0, "SC_MAY_H": 0.0, "SC_MAY_M": 0.0, "MED_MEN_SI": 0.0, "MED_MEN_H": 0.0, "MED_MEN_M": 0.0, "MED_MAY_SI": 0.0, "MED_MAY_H": 15.0, "MED_MAY_M": 18.0, "NT1_SI": 0.0, "NT1_H": 12.0, "NT1_M": 11.0, "NT2_SI": 0.0, "NT2_H": 12.0, "NT2_M": 12.0, "N_TOTAL": 80.0, "DIRECCION": "AVENIDA PORTALES", "NUMERO": 6010.0, "REFERENCIA": "PARALELA A SAN PABLO A UNA CUADRA DEL METRO SAN PABLO. DE SAN PABLO HACIA EL SUR POR SAN GERMAN.", "LATITUD": -33.445263, "LONGITUD": -70.7138, "centroide_x": 340703.53031529533, "centroide_y": 6298036.1218625456, "crs_original": "EPSG:4326", "fecha_normalizacion": "2025-10-10 01:59:23" }, "geometry": { "type": "Point", "coordinates": [ 340703.530315295327455, 6298036.121862545609474 ] } },
{ "type": "Feature", "properties": { "AGNO": 2021.0, "ID_ESTAB": 25446.0, "ORIGEN": 1.0, "NOM_ESTAB": "ESCUELA DE PARVULOS CASITA DEL SABER", "COD_REG_ES": 13.0, "COD_PRO_ES": 131.0, "COD_COM_ES": 13106.0, "NOM_COM_ES": "ESTACIÓN CENTRAL", "COD_DEPROV": 134.0, "NOM_DEPROV": "SANTIAGO PONIENTE", "DEPENDENCI": 2.0, "RURAL_ESTA": 0.0, "ESTADO_EST": 1.0, "SC_MEN_SI": 0.0, "SC_MEN_H": 0.0, "SC_MEN_M": 0.0, "SC_MAY_H": 0.0, "SC_MAY_M": 0.0, "MED_MEN_SI": 0.0, "MED_MEN_H": 0.0, "MED_MEN_M": 0.0, "MED_MAY_SI": 0.0, "MED_MAY_H": 0.0, "MED_MAY_M": 0.0, "NT1_SI": 0.0, "NT1_H": 8.0, "NT1_M": 4.0, "NT2_SI": 0.0, "NT2_H": 11.0, "NT2_M": 8.0, "N_TOTAL": 31.0, "DIRECCION": "GASPAR DE ORENSE", "NUMERO": 254.0, "REFERENCIA": "PARALELA A RADAL, ENTRE BUZO SOBENES Y PARAGUAY.", "LATITUD": -33.449417, "LONGITUD": -70.700325, "centroide_x": 341963.7044001224, "centroide_y": 6297596.0708349897, "crs_original": "EPSG:4326", "fecha_normalizacion": "2025-10-10 01:59:23" }, "geometry": { "type": "Point", "coordinates": [ 341963.704400122398511, 6297596.070834989659488 ] } },
{ "type": "Feature", "properties": { "AGNO": 2021.0, "ID_ESTAB": 25508.0, "ORIGEN": 1.0, "NOM_ESTAB": "COLEGIO PART. GABRIELA MISTRAL SOCIEDAD EDUCA", "COD_REG_ES": 13.0, "COD_PRO_ES": 131.0, "COD_COM_ES": 13126.0, "NOM_COM_ES": "QUINTA NORMAL", "COD_DEPROV": 134.0, "NOM_DEPROV": "SANTIAGO PONIENTE", "DEPENDENCI": 2.0, "RURAL_ESTA": 0.0, "ESTADO_EST": 1.0, "SC_MEN_SI": 0.0, "SC_MEN_H": 0.0, "SC_MEN_M": 0.0, "SC_MAY_H": 0.0, "SC_MAY_M": 0.0, "MED_MEN_SI": 0.0, "MED_MEN_H": 0.0, "MED_MEN_M": 0.0, "MED_MAY_SI": 0.0, "MED_MAY_H": 0.0, "MED_MAY_M": 0.0, "NT1_SI": 0.0, "NT1_H": 27.0, "NT1_M": 30.0, "NT2_SI": 0.0, "NT2_H": 35.0, "NT2_M": 31.0, "N_TOTAL": 123.0, "DIRECCION": "SANTO DOMINGO", "NUMERO": 3671.0, "REFERENCIA": "MATUCANA CON SANTO DOMINGO, ENTRE EL INBA Y GRUTA LOURDES.", "LATITUD": -33.438642, "LONGITUD": -70.684421, "centroide_x": 343422.6767396942, "centroide_y": 6298814.9573344328, "crs_original": "EPSG:4326", "fecha_normalizacion": "2025-10-10 01:59:23" }, "geometry": { "type": "Point", "coordinates": [ 343422.676739694201387, 6298814.95733443275094 ] } },
{ "type": "Feature", "properties": { "AGNO": 2021.0, "ID_ESTAB": 25575.0, "ORIGEN": 1.0, "NOM_ESTAB": "ESCUELA ESPECIAL PART. ALAMEDA", "COD_REG_ES": 13.0, "COD_PRO_ES": 131.0, "COD_COM_ES": 13106.0, "NOM_COM_ES": "ESTACIÓN CENTRAL", "COD_DEPROV": 134.0, "NOM_DEPROV": "SANTIAGO PONIENTE", "DEPENDENCI": 2.0, "RURAL_ESTA": 0.0, "ESTADO_EST": 1.0, "SC_MEN_SI": 0.0, "SC_MEN_H": 0.0, "SC_MEN_M": 0.0, "SC_MAY_H": 0.0, "SC_MAY_M": 0.0, "MED_MEN_SI": 0.0, "MED_MEN_H": 0.0, "MED_MEN_M": 0.0, "MED_MAY_SI": 0.0, "MED_MAY_H": 2.0, "MED_MAY_M": 3.0, "NT1_SI": 0.0, "NT1_H": 2.0, "NT1_M": 0.0, "NT2_SI": 0.0, "NT2_H": 3.0, "NT2_M": 0.0, "N_TOTAL": 10.0, "DIRECCION": "TITAN", "NUMERO": 4947.0, "REFERENCIA": "ALAMEDA CON LAS REJAS HACIA EL SUR PRIMER SEMAFORO A LA IZQUIERDA", "LATITUD": -33.458546, "LONGITUD": -70.70276, "centroide_x": 341753.94689843955, "centroide_y": 6296580.0709953494, "crs_original": "EPSG:4326", "fecha_normalizacion": "2025-10-10 01:59:23" }, "geometry": { "type": "Point", "coordinates": [ 341753.946898439549841, 6296580.070995349436998 ] } },
{ "type": "Feature", "properties": { "AGNO": 2021.0, "ID_ESTAB": 25581.0, "ORIGEN": 1.0, "NOM_ESTAB": "ESCUELA ESP. SAN JOSE OBRERO", "COD_REG_ES": 13.0, "COD_PRO_ES": 131.0, "COD_COM_ES": 13101.0, "NOM_COM_ES": "SANTIAGO", "COD_DEPROV": 131.0, "NOM_DEPROV": "SANTIAGO CENTRO", "DEPENDENCI": 2.0, "RURAL_ESTA": 0.0, "ESTADO_EST": 1.0, "SC_MEN_SI": 0.0, "SC_MEN_H": 0.0, "SC_MEN_M": 0.0, "SC_MAY_H": 0.0, "SC_MAY_M": 0.0, "MED_MEN_SI": 0.0, "MED_MEN_H": 0.0, "MED_MEN_M": 0.0, "MED_MAY_SI": 0.0, "MED_MAY_H": 15.0, "MED_MAY_M": 15.0, "NT1_SI": 0.0, "NT1_H": 25.0, "NT1_M": 20.0, "NT2_SI": 0.0, "NT2_H": 31.0, "NT2_M": 14.0, "N_TOTAL": 120.0, "DIRECCION": "CUETO", "NUMERO": 180.0, "REFERENCIA": null, "LATITUD": -33.44296, "LONGITUD": -70.678, "centroide_x": 344027.37177577615, "centroide_y": 6298345.7989596147, "crs_original": "EPSG:4326", "fecha_normalizacion": "2025-10-10 01:59:23" }, "geometry": { "type": "Point", "coordinates": [ 344027.371775776147842, 6298345.79895961470902 ] } },
{ "type": "Feature", "properties": { "AGNO": 2021.0, "ID_ESTAB": 25636.0, "ORIGEN": 1.0, "NOM_ESTAB": "ESCUELA ESPECIAL BELEN, DE QTA. NORMAL", "COD_REG_ES": 13.0, "COD_PRO_ES": 131.0, "COD_COM_ES": 13126.0, "NOM_COM_ES": "QUINTA NORMAL", "COD_DEPROV": 134.0, "NOM_DEPROV": "SANTIAGO PONIENTE", "DEPENDENCI": 2.0, "RURAL_ESTA": 0.0, "ESTADO_EST": 1.0, "SC_MEN_SI": 0.0, "SC_MEN_H": 0.0, "SC_MEN_M": 0.0, "SC_MAY_H": 0.0, "SC_MAY_M": 0.0, "MED_MEN_SI": 0.0, "MED_MEN_H": 0.0, "MED_MEN_M": 0.0, "MED_MAY_SI": 0.0, "MED_MAY_H": 15.0, "MED_MAY_M": 15.0, "NT1_SI": 0.0, "NT1_H": 25.0, "NT1_M": 14.0, "NT2_SI": 0.0, "NT2_H": 27.0, "NT2_M": 17.0, "N_TOTAL": 113.0, "DIRECCION": "TADEO VARGAS", "NUMERO": 481.0, "REFERENCIA": "ENTRE LAS CALLES NUEVA IMPERIAL Y PORTO SEGURO, A UNA CUADRA DE LAS REJAS NORTE", "LATITUD": -33.44759, "LONGITUD": -70.706292, "centroide_x": 341405.74139767862, "centroide_y": 6297789.5268820524, "crs_original": "EPSG:4326", "fecha_normalizacion": "2025-10-10 01:59:23" }, "geometry": { "type": "Point", "coordinates": [ 341405.741397678619251, 6297789.52688205242157 ] } },
{ "type": "Feature", "properties": { "AGNO": 2021.0, "ID_ESTAB": 25754.0, "ORIGEN": 1.0, "NOM_ESTAB": "ESC. ESPECIAL LAS ESPIGAS DE ESTACION CENTRAL", "COD_REG_ES": 13.0, "COD_PRO_ES": 131.0, "COD_COM_ES": 13106.0, "NOM_COM_ES": "ESTACIÓN CENTRAL", "COD_DEPROV": 134.0, "NOM_DEPROV": "SANTIAGO PONIENTE", "DEPENDENCI": 2.0, "RURAL_ESTA": 0.0, "ESTADO_EST": 1.0, "SC_MEN_SI": 0.0, "SC_MEN_H": 0.0, "SC_MEN_M": 0.0, "SC_MAY_H": 0.0, "SC_MAY_M": 0.0, "MED_MEN_SI": 0.0, "MED_MEN_H": 0.0, "MED_MEN_M": 0.0, "MED_MAY_SI": 0.0, "MED_MAY_H": 17.0, "MED_MAY_M": 10.0, "NT1_SI": 0.0, "NT1_H": 16.0, "NT1_M": 14.0, "NT2_SI": 0.0, "NT2_H": 9.0, "NT2_M": 7.0, "N_TOTAL": 73.0, "DIRECCION": "CALLE PARAGUAY", "NUMERO": 4236.0, "REFERENCIA": null, "LATITUD": -33.44884, "LONGITUD": -70.69238, "centroide_x": 342701.19363735931, "centroide_y": 6297672.1086879764, "crs_original": "EPSG:4326", "fecha_normalizacion": "2025-10-10 01:59:23" }, "geometry": { "type": "Point", "coordinates": [ 342701.193637359305285, 6297672.108687976375222 ] } },
{ "type": "Feature", "properties": { "AGNO": 2021.0, "ID_ESTAB": 25903.0, "ORIGEN": 1.0, "NOM_ESTAB": "ESCUELA ESP. MI ESPACIO", "COD_REG_ES": 13.0, "COD_PRO_ES": 131.0, "COD_COM_ES": 13101.0, "NOM_COM_ES": "SANTIAGO", "COD_DEPROV": 131.0, "NOM_DEPROV": "SANTIAGO CENTRO", "DEPENDENCI": 2.0, "RURAL_ESTA": 0.0, "ESTADO_EST": 1.0, "SC_MEN_SI": 0.0, "SC_MEN_H": 0.0, "SC_MEN_M": 0.0, "SC_MAY_H": 0.0, "SC_MAY_M": 0.0, "MED_MEN_SI": 0.0, "MED_MEN_H": 0.0, "MED_MEN_M": 0.0, "MED_MAY_SI": 0.0, "MED_MAY_H": 24.0, "MED_MAY_M": 6.0, "NT1_SI": 0.0, "NT1_H": 19.0, "NT1_M": 19.0, "NT2_SI": 0.0, "NT2_H": 19.0, "NT2_M": 13.0, "N_TOTAL": 100.0, "DIRECCION": "BASCUNAN GUERRERO", "NUMERO": 2042.0, "REFERENCIA": null, "LATITUD": -33.473682, "LONGITUD": -70.67149, "centroide_x": 344687.3625366537, "centroide_y": 6294948.8835724778, "crs_original": "EPSG:4326", "fecha_normalizacion": "2025-10-10 01:59:23" }, "geometry": { "type": "Point", "coordinates": [ 344687.362536653701682, 6294948.883572477847338 ] } },
{ "type": "Feature", "properties": { "AGNO": 2021.0, "ID_ESTAB": 25906.0, "ORIGEN": 1.0, "NOM_ESTAB": "ESCUELA ESP. PARTICULAR OSCAR CASTRO", "COD_REG_ES": 13.0, "COD_PRO_ES": 131.0, "COD_COM_ES": 13126.0, "NOM_COM_ES": "QUINTA NORMAL", "COD_DEPROV": 134.0, "NOM_DEPROV": "SANTIAGO PONIENTE", "DEPENDENCI": 2.0, "RURAL_ESTA": 0.0, "ESTADO_EST": 1.0, "SC_MEN_SI": 0.0, "SC_MEN_H": 0.0, "SC_MEN_M": 0.0, "SC_MAY_H": 0.0, "SC_MAY_M": 0.0, "MED_MEN_SI": 0.0, "MED_MEN_H": 0.0, "MED_MEN_M": 0.0, "MED_MAY_SI": 0.0, "MED_MAY_H": 18.0, "MED_MAY_M": 13.0, "NT1_SI": 0.0, "NT1_H": 16.0, "NT1_M": 14.0, "NT2_SI": 0.0, "NT2_H": 11.0, "NT2_M": 4.0, "N_TOTAL": 76.0, "DIRECCION": "CALLE ABTAO", "NUMERO": 826.0, "REFERENCIA": "RADAL CON NUEVA IMPERIAL, HACIA EL ORIENTE UNA CUADRA, Y LUEGO HACIA EL NORTE POR CALLE ABTAO ENTRE CATEDRAL Y STDO DOMINGO.", "LATITUD": -33.443672, "LONGITUD": -70.70164, "centroide_x": 341831.03692607267, "centroide_y": 6298231.117027292, "crs_original": "EPSG:4326", "fecha_normalizacion": "2025-10-10 01:59:23" }, "geometry": { "type": "Point", "coordinates": [ 341831.036926072672941, 6298231.117027292028069 ] } },
{ "type": "Feature", "properties": { "AGNO": 2021.0, "ID_ESTAB": 25971.0, "ORIGEN": 1.0, "NOM_ESTAB": "ESCUELA ESP. ESTACION ACUARELA", "COD_REG_ES": 13.0, "COD_PRO_ES": 131.0, "COD_COM_ES": 13106.0, "NOM_COM_ES": "ESTACIÓN CENTRAL", "COD_DEPROV": 134.0, "NOM_DEPROV": "SANTIAGO PONIENTE", "DEPENDENCI": 2.0, "RURAL_ESTA": 0.0, "ESTADO_EST": 1.0, "SC_MEN_SI": 0.0, "SC_MEN_H": 0.0, "SC_MEN_M": 0.0, "SC_MAY_H": 0.0, "SC_MAY_M": 0.0, "MED_MEN_SI": 0.0, "MED_MEN_H": 0.0, "MED_MEN_M": 0.0, "MED_MAY_SI": 0.0, "MED_MAY_H": 21.0, "MED_MAY_M": 9.0, "NT1_SI": 0.0, "NT1_H": 29.0, "NT1_M": 11.0, "NT2_SI": 0.0, "NT2_H": 5.0, "NT2_M": 10.0, "N_TOTAL": 85.0, "DIRECCION": "CALLE TORO MAZOTTE", "NUMERO": 151.0, "REFERENCIA": "DESDE EL METRO SAN ALBERTO HURTADO SALIDA SUR, TRES CUADRAS POR VEREDA PONIENTE HACIA EL SUR.", "LATITUD": -33.4564, "LONGITUD": -70.691605, "centroide_x": 342786.88208020048, "centroide_y": 6296834.9727051118, "crs_original": "EPSG:4326", "fecha_normalizacion": "2025-10-10 01:59:23" }, "geometry": { "type": "Point", "coordinates": [ 342786.882080200477503, 6296834.972705111838877 ] } },
{ "type": "Feature", "properties": { "AGNO": 2021.0, "ID_ESTAB": 26005.0, "ORIGEN": 1.0, "NOM_ESTAB": "ESCUELA ESP. MI MUNDO EN PALABRAS", "COD_REG_ES": 13.0, "COD_PRO_ES": 131.0, "COD_COM_ES": 13117.0, "NOM_COM_ES": "LO PRADO", "COD_DEPROV": 134.0, "NOM_DEPROV": "SANTIAGO PONIENTE", "DEPENDENCI": 2.0, "RURAL_ESTA": 0.0, "ESTADO_EST": 1.0, "SC_MEN_SI": 0.0, "SC_MEN_H": 0.0, "SC_MEN_M": 0.0, "SC_MAY_H": 0.0, "SC_MAY_M": 0.0, "MED_MEN_SI": 0.0, "MED_MEN_H": 0.0, "MED_MEN_M": 0.0, "MED_MAY_SI": 0.0, "MED_MAY_H": 13.0, "MED_MAY_M": 10.0, "NT1_SI": 0.0, "NT1_H": 27.0, "NT1_M": 21.0, "NT2_SI": 0.0, "NT2_H": 21.0, "NT2_M": 8.0, "N_TOTAL": 100.0, "DIRECCION": "AVENIDA PORTALES", "NUMERO": 5756.0, "REFERENCIA": null, "LATITUD": -33.445526, "LONGITUD": -70.71427, "centroide_x": 340660.3200671025, "centroide_y": 6298006.2367096692, "crs_original": "EPSG:4326", "fecha_normalizacion": "2025-10-10 01:59:23" }, "geometry": { "type": "Point", "coordinates": [ 340660.320067102496978, 6298006.236709669232368 ] } },
{ "type": "Feature", "properties": { "AGNO": 2021.0, "ID_ESTAB": 26047.0, "ORIGEN": 1.0, "NOM_ESTAB": "ESCUELA DE PARV. PIN PON", "COD_REG_ES": 13.0, "COD_PRO_ES": 131.0, "COD_COM_ES": 13106.0, "NOM_COM_ES": "ESTACIÓN CENTRAL", "COD_DEPROV": 134.0, "NOM_DEPROV": "SANTIAGO PONIENTE", "DEPENDENCI": 2.0, "RURAL_ESTA": 0.0, "ESTADO_EST": 1.0, "SC_MEN_SI": 0.0, "SC_MEN_H": 0.0, "SC_MEN_M": 0.0, "SC_MAY_H": 0.0, "SC_MAY_M": 0.0, "MED_MEN_SI": 0.0, "MED_MEN_H": 0.0, "MED_MEN_M": 0.0, "MED_MAY_SI": 0.0, "MED_MAY_H": 0.0, "MED_MAY_M": 0.0, "NT1_SI": 0.0, "NT1_H": 6.0, "NT1_M": 7.0, "NT2_SI": 0.0, "NT2_H": 15.0, "NT2_M": 17.0, "N_TOTAL": 45.0, "DIRECCION": "VECINAL", "NUMERO": 4518.0, "REFERENCIA": "PADRE JAIME LARRAIN (EX LUIS INFANTE CERDA)ESQUINA VECINAL.", "LATITUD": -33.46744, "LONGITUD": -70.69736, "centroide_x": 342271.96898071223, "centroide_y": 6295602.0499783978, "crs_original": "EPSG:4326", "fecha_normalizacion": "2025-10-10 01:59:23" }, "geometry": { "type": "Point", "coordinates": [ 342271.968980712234043, 6295602.049978397786617 ] } },
{ "type": "Feature", "properties": { "AGNO": 2021.0, "ID_ESTAB": 26079.0, "ORIGEN": 1.0, "NOM_ESTAB": "ESCUELA DE PARV. HELLO CHILDREN", "COD_REG_ES": 13.0, "COD_PRO_ES": 131.0, "COD_COM_ES": 13106.0, "NOM_COM_ES": "ESTACIÓN CENTRAL", "COD_DEPROV": 134.0, "NOM_DEPROV": "SANTIAGO PONIENTE", "DEPENDENCI": 2.0, "RURAL_ESTA": 0.0, "ESTADO_EST": 1.0, "SC_MEN_SI": 0.0, "SC_MEN_H": 0.0, "SC_MEN_M": 0.0, "SC_MAY_H": 0.0, "SC_MAY_M": 0.0, "MED_MEN_SI": 0.0, "MED_MEN_H": 0.0, "MED_MEN_M": 0.0, "MED_MAY_SI": 0.0, "MED_MAY_H": 0.0, "MED_MAY_M": 0.0, "NT1_SI": 0.0, "NT1_H": 8.0, "NT1_M": 10.0, "NT2_SI": 0.0, "NT2_H": 9.0, "NT2_M": 14.0, "N_TOTAL": 41.0, "DIRECCION": "AVENIDA GLADYS MARIN MILLIE", "NUMERO": 6901.0, "REFERENCIA": "PARADERO 6 Y MEDIO DE PAJARITOS", "LATITUD": -33.466385, "LONGITUD": -70.72869, "centroide_x": 339358.3202413395, "centroide_y": 6295671.0157717057, "crs_original": "EPSG:4326", "fecha_normalizacion": "2025-10-10 01:59:23" }, "geometry": { "type": "Point", "coordinates": [ 339358.320241339504719, 6295671.015771705657244 ] } },
{ "type": "Feature", "properties": { "AGNO": 2021.0, "ID_ESTAB": 26082.0, "ORIGEN": 1.0, "NOM_ESTAB": "ESCUELA DE PARVULOS HAMELIN", "COD_REG_ES": 13.0, "COD_PRO_ES": 131.0, "COD_COM_ES": 13106.0, "NOM_COM_ES": "ESTACIÓN CENTRAL", "COD_DEPROV": 134.0, "NOM_DEPROV": "SANTIAGO PONIENTE", "DEPENDENCI": 3.0, "RURAL_ESTA": 0.0, "ESTADO_EST": 1.0, "SC_MEN_SI": 0.0, "SC_MEN_H": 0.0, "SC_MEN_M": 0.0, "SC_MAY_H": 0.0, "SC_MAY_M": 0.0, "MED_MEN_SI": 0.0, "MED_MEN_H": 0.0, "MED_MEN_M": 0.0, "MED_MAY_SI": 0.0, "MED_MAY_H": 0.0, "MED_MAY_M": 0.0, "NT1_SI": 0.0, "NT1_H": 1.0, "NT1_M": 3.0, "NT2_SI": 0.0, "NT2_H": 0.0, "NT2_M": 3.0, "N_TOTAL": 7.0, "DIRECCION": "AVENIDA 5 DE ABRIL", "NUMERO": 3833.0, "REFERENCIA": null, "LATITUD": -33.457, "LONGITUD": -70.68724, "centroide_x": 343193.68004472123, "centroide_y": 6296775.037504904, "crs_original": "EPSG:4326", "fecha_normalizacion": "2025-10-10 01:59:23" }, "geometry": { "type": "Point", "coordinates": [ 343193.680044721229933, 6296775.037504903972149 ] } },
{ "type": "Feature", "properties": { "AGNO": 2021.0, "ID_ESTAB": 26195.0, "ORIGEN": 1.0, "NOM_ESTAB": "ESCUEL DE PARV. LOS PIRINCHOS", "COD_REG_ES": 13.0, "COD_PRO_ES": 131.0, "COD_COM_ES": 13106.0, "NOM_COM_ES": "ESTACIÓN CENTRAL", "COD_DEPROV": 134.0, "NOM_DEPROV": "SANTIAGO PONIENTE", "DEPENDENCI": 3.0, "RURAL_ESTA": 0.0, "ESTADO_EST": 1.0, "SC_MEN_SI": 0.0, "SC_MEN_H": 0.0, "SC_MEN_M": 0.0, "SC_MAY_H": 0.0, "SC_MAY_M": 0.0, "MED_MEN_SI": 0.0, "MED_MEN_H": 0.0, "MED_MEN_M": 1.0, "MED_MAY_SI": 0.0, "MED_MAY_H": 2.0, "MED_MAY_M": 2.0, "NT1_SI": 0.0, "NT1_H": 0.0, "NT1_M": 2.0, "NT2_SI": 0.0, "NT2_H": 3.0, "NT2_M": 6.0, "N_TOTAL": 16.0, "DIRECCION": "AVENIDA 5 DE ABRIL", "NUMERO": 5939.0, "REFERENCIA": "ENTRE AV. REJAS SUR Y AV.AEROPUERTO", "LATITUD": -33.466213, "LONGITUD": -70.708466, "centroide_x": 341237.57999581192, "centroide_y": 6295721.187155081, "crs_original": "EPSG:4326", "fecha_normalizacion": "2025-10-10 01:59:23" }, "geometry": { "type": "Point", "coordinates": [ 341237.579995811916888, 6295721.187155080959201 ] } },
{ "type": "Feature", "properties": { "AGNO": 2021.0, "ID_ESTAB": 26224.0, "ORIGEN": 1.0, "NOM_ESTAB": "ESCUELA ESP. CANTOS NUEVOS", "COD_REG_ES": 13.0, "COD_PRO_ES": 131.0, "COD_COM_ES": 13106.0, "NOM_COM_ES": "ESTACIÓN CENTRAL", "COD_DEPROV": 134.0, "NOM_DEPROV": "SANTIAGO PONIENTE", "DEPENDENCI": 2.0, "RURAL_ESTA": 0.0, "ESTADO_EST": 1.0, "SC_MEN_SI": 0.0, "SC_MEN_H": 0.0, "SC_MEN_M": 0.0, "SC_MAY_H": 0.0, "SC_MAY_M": 0.0, "MED_MEN_SI": 0.0, "MED_MEN_H": 0.0, "MED_MEN_M": 0.0, "MED_MAY_SI": 0.0, "MED_MAY_H": 29.0, "MED_MAY_M": 16.0, "NT1_SI": 0.0, "NT1_H": 36.0, "NT1_M": 22.0, "NT2_SI": 0.0, "NT2_H": 28.0, "NT2_M": 16.0, "N_TOTAL": 147.0, "DIRECCION": "AVENIDA 5 DE ABRIL", "NUMERO": 6086.0, "REFERENCIA": "COSTADO ORIENTE LICEO A 70, CON CALLE JOSÉ CARDIJN, FRENTE A SEMÁFORO.", "LATITUD": -33.471806, "LONGITUD": -70.72022, "centroide_x": 340155.46030413941, "centroide_y": 6295082.9598296173, "crs_original": "EPSG:4326", "fecha_normalizacion": "2025-10-10 01:59:23" }, "geometry": { "type": "Point", "coordinates": [ 340155.460304139414802, 6295082.959829617291689 ] } },
{ "type": "Feature", "properties": { "AGNO": 2021.0, "ID_ESTAB": 26280.0, "ORIGEN": 1.0, "NOM_ESTAB": "ESCUELA DE PARV. SEVILLA", "COD_REG_ES": 13.0, "COD_PRO_ES": 131.0, "COD_COM_ES": 13119.0, "NOM_COM_ES": "MAIPÚ", "COD_DEPROV": 134.0, "NOM_DEPROV": "SANTIAGO PONIENTE", "DEPENDENCI": 3.0, "RURAL_ESTA": 0.0, "ESTADO_EST": 1.0, "SC_MEN_SI": 0.0, "SC_MEN_H": 0.0, "SC_MEN_M": 0.0, "SC_MAY_H": 0.0, "SC_MAY_M": 0.0, "MED_MEN_SI": 0.0, "MED_MEN_H": 0.0, "MED_MEN_M": 0.0, "MED_MAY_SI": 0.0, "MED_MAY_H": 0.0, "MED_MAY_M": 0.0, "NT1_SI": 0.0, "NT1_H": 1.0, "NT1_M": 3.0, "NT2_SI": 0.0, "NT2_H": 2.0, "NT2_M": 4.0, "N_TOTAL": 10.0, "DIRECCION": "AVENIDA ORLEANS", "NUMERO": 3895.0, "REFERENCIA": "PARADERO 7 Y MEDIO DE AVENIDA PAJARITOS, HACIA EL SUR.", "LATITUD": -33.472122, "LONGITUD": -70.72997, "centroide_x": 339249.95693921112, "centroide_y": 6295032.8682819186, "crs_original": "EPSG:4326", "fecha_normalizacion": "2025-10-10 01:59:23" }, "geometry": { "type": "Point", "coordinates": [ 339249.956939211115241, 6295032.86828191857785 ] } },
{ "type": "Feature", "properties": { "AGNO": 2021.0, "ID_ESTAB": 26354.0, "ORIGEN": 1.0, "NOM_ESTAB": "ESCUELA ESP. ALTAZOR DE ESTACION CENTRAL", "COD_REG_ES": 13.0, "COD_PRO_ES": 131.0, "COD_COM_ES": 13106.0, "NOM_COM_ES": "ESTACIÓN CENTRAL", "COD_DEPROV": 134.0, "NOM_DEPROV": "SANTIAGO PONIENTE", "DEPENDENCI": 2.0, "RURAL_ESTA": 0.0, "ESTADO_EST": 1.0, "SC_MEN_SI": 0.0, "SC_MEN_H": 0.0, "SC_MEN_M": 0.0, "SC_MAY_H": 0.0, "SC_MAY_M": 0.0, "MED_MEN_SI": 0.0, "MED_MEN_H": 0.0, "MED_MEN_M": 0.0, "MED_MAY_SI": 0.0, "MED_MAY_H": 14.0, "MED_MAY_M": 9.0, "NT1_SI": 0.0, "NT1_H": 5.0, "NT1_M": 9.0, "NT2_SI": 0.0, "NT2_H": 5.0, "NT2_M": 10.0, "N_TOTAL": 52.0, "DIRECCION": "ANTARTICA", "NUMERO": 4310.0, "REFERENCIA": null, "LATITUD": -33.46997, "LONGITUD": -70.693252, "centroide_x": 342658.32451462577, "centroide_y": 6295327.7357932022, "crs_original": "EPSG:4326", "fecha_normalizacion": "2025-10-10 01:59:23" }, "geometry": { "type": "Point", "coordinates": [ 342658.324514625768643, 6295327.735793202184141 ] } },
{ "type": "Feature", "properties": { "AGNO": 2021.0, "ID_ESTAB": 26370.0, "ORIGEN": 1.0, "NOM_ESTAB": "ESC. ESP. SAN ANTONIO DE LO PRADO", "COD_REG_ES": 13.0, "COD_PRO_ES": 131.0, "COD_COM_ES": 13117.0, "NOM_COM_ES": "LO PRADO", "COD_DEPROV": 134.0, "NOM_DEPROV": "SANTIAGO PONIENTE", "DEPENDENCI": 2.0, "RURAL_ESTA": 0.0, "ESTADO_EST": 1.0, "SC_MEN_SI": 0.0, "SC_MEN_H": 0.0, "SC_MEN_M": 0.0, "SC_MAY_H": 0.0, "SC_MAY_M": 0.0, "MED_MEN_SI": 0.0, "MED_MEN_H": 0.0, "MED_MEN_M": 0.0, "MED_MAY_SI": 0.0, "MED_MAY_H": 7.0, "MED_MAY_M": 8.0, "NT1_SI": 0.0, "NT1_H": 9.0, "NT1_M": 5.0, "NT2_SI": 0.0, "NT2_H": 7.0, "NT2_M": 6.0, "N_TOTAL": 42.0, "DIRECCION": "FORT DODGE", "NUMERO": 158.0, "REFERENCIA": "GENERAL BONILLA ALTURA 7100", "LATITUD": -33.45456, "LONGITUD": -70.71336, "centroide_x": 340761.43179112539, "centroide_y": 6297005.8719467707, "crs_original": "EPSG:4326", "fecha_normalizacion": "2025-10-10 01:59:23" }, "geometry": { "type": "Point", "coordinates": [ 340761.431791125389282, 6297005.871946770697832 ] } },
{ "type": "Feature", "properties": { "AGNO": 2021.0, "ID_ESTAB": 26448.0, "ORIGEN": 1.0, "NOM_ESTAB": "ESCUELA ESPECIAL ELUNEY", "COD_REG_ES": 13.0, "COD_PRO_ES": 131.0, "COD_COM_ES": 13106.0, "NOM_COM_ES": "ESTACIÓN CENTRAL", "COD_DEPROV": 134.0, "NOM_DEPROV": "SANTIAGO PONIENTE", "DEPENDENCI": 2.0, "RURAL_ESTA": 0.0, "ESTADO_EST": 1.0, "SC_MEN_SI": 0.0, "SC_MEN_H": 0.0, "SC_MEN_M": 0.0, "SC_MAY_H": 0.0, "SC_MAY_M": 0.0, "MED_MEN_SI": 0.0, "MED_MEN_H": 0.0, "MED_MEN_M": 0.0, "MED_MAY_SI": 0.0, "MED_MAY_H": 3.0, "MED_MAY_M": 7.0, "NT1_SI": 0.0, "NT1_H": 7.0, "NT1_M": 6.0, "NT2_SI": 0.0, "NT2_H": 16.0, "NT2_M": 7.0, "N_TOTAL": 46.0, "DIRECCION": "YELCHO", "NUMERO": 5897.0, "REFERENCIA": "5 DE ABRIL CON LAS REJAS", "LATITUD": -33.472361, "LONGITUD": -70.708558, "centroide_x": 341240.2445557313, "centroide_y": 6295039.3074767459, "crs_original": "EPSG:4326", "fecha_normalizacion": "2025-10-10 01:59:23" }, "geometry": { "type": "Point", "coordinates": [ 341240.24455573130399, 6295039.307476745918393 ] } },
{ "type": "Feature", "properties": { "AGNO": 2021.0, "ID_ESTAB": 31038.0, "ORIGEN": 1.0, "NOM_ESTAB": "ESCUELA ESPECIAL DE LENGUAJE TEMPUS", "COD_REG_ES": 13.0, "COD_PRO_ES": 131.0, "COD_COM_ES": 13106.0, "NOM_COM_ES": "ESTACIÓN CENTRAL", "COD_DEPROV": 134.0, "NOM_DEPROV": "SANTIAGO PONIENTE", "DEPENDENCI": 2.0, "RURAL_ESTA": 0.0, "ESTADO_EST": 1.0, "SC_MEN_SI": 0.0, "SC_MEN_H": 0.0, "SC_MEN_M": 0.0, "SC_MAY_H": 0.0, "SC_MAY_M": 0.0, "MED_MEN_SI": 0.0, "MED_MEN_H": 0.0, "MED_MEN_M": 0.0, "MED_MAY_SI": 0.0, "MED_MAY_H": 15.0, "MED_MAY_M": 15.0, "NT1_SI": 0.0, "NT1_H": 12.0, "NT1_M": 3.0, "NT2_SI": 0.0, "NT2_H": 8.0, "NT2_M": 5.0, "N_TOTAL": 58.0, "DIRECCION": "AVENIDA LAS PARCELAS", "NUMERO": 583.0, "REFERENCIA": "AV LAS PARCELAS CON PASAJE BENITO PERÉZ GALDOS 4457.ALTURA DEL PARADERO 7 DE PAJARITOS.", "LATITUD": -33.470813, "LONGITUD": -70.727328, "centroide_x": 339493.0677115682, "centroide_y": 6295182.1079977807, "crs_original": "EPSG:4326", "fecha_normalizacion": "2025-10-10 01:59:23" }, "geometry": { "type": "Point", "coordinates": [ 339493.067711568204686, 6295182.107997780665755 ] } },
{ "type": "Feature", "properties": { "AGNO": 2021.0, "ID_ESTAB": 31061.0, "ORIGEN": 1.0, "NOM_ESTAB": "ESCUELA DE PARVULOS SAN JOSE SCHOOL", "COD_REG_ES": 13.0, "COD_PRO_ES": 131.0, "COD_COM_ES": 13106.0, "NOM_COM_ES": "ESTACIÓN CENTRAL", "COD_DEPROV": 134.0, "NOM_DEPROV": "SANTIAGO PONIENTE", "DEPENDENCI": 2.0, "RURAL_ESTA": 0.0, "ESTADO_EST": 1.0, "SC_MEN_SI": 0.0, "SC_MEN_H": 0.0, "SC_MEN_M": 0.0, "SC_MAY_H": 0.0, "SC_MAY_M": 0.0, "MED_MEN_SI": 0.0, "MED_MEN_H": 0.0, "MED_MEN_M": 0.0, "MED_MAY_SI": 0.0, "MED_MAY_H": 0.0, "MED_MAY_M": 0.0, "NT1_SI": 0.0, "NT1_H": 17.0, "NT1_M": 22.0, "NT2_SI": 0.0, "NT2_H": 18.0, "NT2_M": 23.0, "N_TOTAL": 80.0, "DIRECCION": "SANTA PETRONILA", "NUMERO": 17.0, "REFERENCIA": "PASAJE N° 1 , PASAJE N° 2", "LATITUD": -33.454195, "LONGITUD": -70.704446, "centroide_x": 341589.32516633562, "centroide_y": 6297059.9734175596, "crs_original": "EPSG:4326", "fecha_normalizacion": "2025-10-10 01:59:23" }, "geometry": { "type": "Point", "coordinates": [ 341589.325166335620452, 6297059.973417559638619 ] } },
{ "type": "Feature", "properties": { "AGNO": 2021.0, "ID_ESTAB": 31142.0, "ORIGEN": 1.0, "NOM_ESTAB": "ESCUELA ESPECIAL MARIA GABRIELA", "COD_REG_ES": 13.0, "COD_PRO_ES": 131.0, "COD_COM_ES": 13106.0, "NOM_COM_ES": "ESTACIÓN CENTRAL", "COD_DEPROV": 134.0, "NOM_DEPROV": "SANTIAGO PONIENTE", "DEPENDENCI": 2.0, "RURAL_ESTA": 0.0, "ESTADO_EST": 1.0, "SC_MEN_SI": 0.0, "SC_MEN_H": 0.0, "SC_MEN_M": 0.0, "SC_MAY_H": 0.0, "SC_MAY_M": 0.0, "MED_MEN_SI": 0.0, "MED_MEN_H": 0.0, "MED_MEN_M": 0.0, "MED_MAY_SI": 0.0, "MED_MAY_H": 7.0, "MED_MAY_M": 6.0, "NT1_SI": 0.0, "NT1_H": 6.0, "NT1_M": 6.0, "NT2_SI": 0.0, "NT2_H": 8.0, "NT2_M": 4.0, "N_TOTAL": 37.0, "DIRECCION": "NATURALISTA PAVON", "NUMERO": 4077.0, "REFERENCIA": "POR GENERAL VELASQUEZ ALTURA DEL HOGAR DE CRISTO HACIA EL PONIENTE", "LATITUD": -33.462143, "LONGITUD": -70.690186, "centroide_x": 342929.13569408609, "centroide_y": 6296200.2942333184, "crs_original": "EPSG:4326", "fecha_normalizacion": "2025-10-10 01:59:23" }, "geometry": { "type": "Point", "coordinates": [ 342929.135694086086005, 6296200.294233318418264 ] } },
{ "type": "Feature", "properties": { "AGNO": 2021.0, "ID_ESTAB": 31172.0, "ORIGEN": 1.0, "NOM_ESTAB": "ESC. ESPECIAL DE LENGUAJE NOVA AURORA", "COD_REG_ES": 13.0, "COD_PRO_ES": 131.0, "COD_COM_ES": 13119.0, "NOM_COM_ES": "MAIPÚ", "COD_DEPROV": 134.0, "NOM_DEPROV": "SANTIAGO PONIENTE", "DEPENDENCI": 2.0, "RURAL_ESTA": 0.0, "ESTADO_EST": 1.0, "SC_MEN_SI": 0.0, "SC_MEN_H": 0.0, "SC_MEN_M": 0.0, "SC_MAY_H": 0.0, "SC_MAY_M": 0.0, "MED_MEN_SI": 0.0, "MED_MEN_H": 0.0, "MED_MEN_M": 0.0, "MED_MAY_SI": 0.0, "MED_MAY_H": 16.0, "MED_MAY_M": 15.0, "NT1_SI": 0.0, "NT1_H": 25.0, "NT1_M": 13.0, "NT2_SI": 0.0, "NT2_H": 23.0, "NT2_M": 7.0, "N_TOTAL": 99.0, "DIRECCION": "ORLEANS", "NUMERO": 3634.0, "REFERENCIA": "PAJARITOS PARADERO 7 1/2", "LATITUD": -33.472675, "LONGITUD": -70.7342, "centroide_x": 338857.87806551234, "centroide_y": 6294964.9906345224, "crs_original": "EPSG:4326", "fecha_normalizacion": "2025-10-10 01:59:23" }, "geometry": { "type": "Point", "coordinates": [ 338857.878065512340982, 6294964.990634522400796 ] } },
{ "type": "Feature", "properties": { "AGNO": 2021.0, "ID_ESTAB": 31180.0, "ORIGEN": 1.0, "NOM_ESTAB": "ESC.DE PARVULOS NUEVO AMANECER", "COD_REG_ES": 13.0, "COD_PRO_ES": 131.0, "COD_COM_ES": 13106.0, "NOM_COM_ES": "ESTACIÓN CENTRAL", "COD_DEPROV": 134.0, "NOM_DEPROV": "SANTIAGO PONIENTE", "DEPENDENCI": 2.0, "RURAL_ESTA": 0.0, "ESTADO_EST": 1.0, "SC_MEN_SI": 0.0, "SC_MEN_H": 0.0, "SC_MEN_M": 0.0, "SC_MAY_H": 0.0, "SC_MAY_M": 0.0, "MED_MEN_SI": 0.0, "MED_MEN_H": 0.0, "MED_MEN_M": 0.0, "MED_MAY_SI": 0.0, "MED_MAY_H": 0.0, "MED_MAY_M": 0.0, "NT1_SI": 0.0, "NT1_H": 12.0, "NT1_M": 8.0, "NT2_SI": 0.0, "NT2_H": 10.0, "NT2_M": 13.0, "N_TOTAL": 43.0, "DIRECCION": "LUCIERNAGAS", "NUMERO": 6113.0, "REFERENCIA": "AV. CINCO DE ABRIL ALTURA 6.000, AL COSTADO DEL LICEO 70.", "LATITUD": -33.470608, "LONGITUD": -70.72023, "centroide_x": 340152.33060470608, "centroide_y": 6295215.7885425547, "crs_original": "EPSG:4326", "fecha_normalizacion": "2025-10-10 01:59:23" }, "geometry": { "type": "Point", "coordinates": [ 340152.330604706075974, 6295215.788542554713786 ] } },
{ "type": "Feature", "properties": { "AGNO": 2021.0, "ID_ESTAB": 31256.0, "ORIGEN": 1.0, "NOM_ESTAB": "ESCUELA ESPECIAL DAMASQUITO", "COD_REG_ES": 13.0, "COD_PRO_ES": 131.0, "COD_COM_ES": 13106.0, "NOM_COM_ES": "ESTACIÓN CENTRAL", "COD_DEPROV": 134.0, "NOM_DEPROV": "SANTIAGO PONIENTE", "DEPENDENCI": 2.0, "RURAL_ESTA": 0.0, "ESTADO_EST": 1.0, "SC_MEN_SI": 0.0, "SC_MEN_H": 0.0, "SC_MEN_M": 0.0, "SC_MAY_H": 0.0, "SC_MAY_M": 0.0, "MED_MEN_SI": 0.0, "MED_MEN_H": 0.0, "MED_MEN_M": 0.0, "MED_MAY_SI": 0.0, "MED_MAY_H": 4.0, "MED_MAY_M": 4.0, "NT1_SI": 0.0, "NT1_H": 10.0, "NT1_M": 5.0, "NT2_SI": 0.0, "NT2_H": 6.0, "NT2_M": 3.0, "N_TOTAL": 32.0, "DIRECCION": "PADRE JAIME LARRAIN", "NUMERO": 395.0, "REFERENCIA": "(EX LUIS INFANTE CERDA).ESTACION CENTRAL LAS REJAS CON 5 DE ABRIL", "LATITUD": -33.466564, "LONGITUD": -70.69847, "centroide_x": 342167.22133574565, "centroide_y": 6295697.5012338609, "crs_original": "EPSG:4326", "fecha_normalizacion": "2025-10-10 01:59:23" }, "geometry": { "type": "Point", "coordinates": [ 342167.221335745649412, 6295697.501233860850334 ] } },
{ "type": "Feature", "properties": { "AGNO": 2021.0, "ID_ESTAB": 31329.0, "ORIGEN": 1.0, "NOM_ESTAB": "ESCUELA DE LENGUAJE HELLO CHILDREN", "COD_REG_ES": 13.0, "COD_PRO_ES": 131.0, "COD_COM_ES": 13106.0, "NOM_COM_ES": "ESTACIÓN CENTRAL", "COD_DEPROV": 134.0, "NOM_DEPROV": "SANTIAGO PONIENTE", "DEPENDENCI": 2.0, "RURAL_ESTA": 0.0, "ESTADO_EST": 1.0, "SC_MEN_SI": 0.0, "SC_MEN_H": 0.0, "SC_MEN_M": 0.0, "SC_MAY_H": 0.0, "SC_MAY_M": 0.0, "MED_MEN_SI": 0.0, "MED_MEN_H": 0.0, "MED_MEN_M": 0.0, "MED_MAY_SI": 0.0, "MED_MAY_H": 13.0, "MED_MAY_M": 2.0, "NT1_SI": 0.0, "NT1_H": 11.0, "NT1_M": 9.0, "NT2_SI": 0.0, "NT2_H": 8.0, "NT2_M": 6.0, "N_TOTAL": 49.0, "DIRECCION": "AVENIDA GLADYS MARIN", "NUMERO": 6955.0, "REFERENCIA": "PARADERO 7 DE AV. PAJARITOS.", "LATITUD": -33.466885, "LONGITUD": -70.72979, "centroide_x": 339257.0127310722, "centroide_y": 6295613.8707195353, "crs_original": "EPSG:4326", "fecha_normalizacion": "2025-10-10 01:59:23" }, "geometry": { "type": "Point", "coordinates": [ 339257.012731072201859, 6295613.870719535276294 ] } },
{ "type": "Feature", "properties": { "AGNO": 2021.0, "ID_ESTAB": 32060.0, "ORIGEN": 1.0, "NOM_ESTAB": "ESCUELA HOSPITALARIA CLÍNICA BICENTENARIO", "COD_REG_ES": 13.0, "COD_PRO_ES": 131.0, "COD_COM_ES": 13106.0, "NOM_COM_ES": "ESTACIÓN CENTRAL", "COD_DEPROV": 134.0, "NOM_DEPROV": "SANTIAGO PONIENTE", "DEPENDENCI": 2.0, "RURAL_ESTA": 0.0, "ESTADO_EST": 1.0, "SC_MEN_SI": 0.0, "SC_MEN_H": 0.0, "SC_MEN_M": 0.0, "SC_MAY_H": 0.0, "SC_MAY_M": 0.0, "MED_MEN_SI": 0.0, "MED_MEN_H": 0.0, "MED_MEN_M": 0.0, "MED_MAY_SI": 0.0, "MED_MAY_H": 0.0, "MED_MAY_M": 0.0, "NT1_SI": 0.0, "NT1_H": 0.0, "NT1_M": 0.0, "NT2_SI": 0.0, "NT2_H": 5.0, "NT2_M": 1.0, "N_TOTAL": 6.0, "DIRECCION": "AVENIDA LIBERTADOR BERNARDO O'HIGGINS", "NUMERO": 4850.0, "REFERENCIA": "0", "LATITUD": -33.457398, "LONGITUD": -70.701612, "centroide_x": 341858.56372712634, "centroide_y": 6296709.11929709, "crs_original": "EPSG:4326", "fecha_normalizacion": "2025-10-10 01:59:23" }, "geometry": { "type": "Point", "coordinates": [ 341858.563727126340382, 6296709.119297089986503 ] } },
{ "type": "Feature", "properties": { "AGNO": 2021.0, "ID_ESTAB": 13101028.0, "ORIGEN": 2.0, "NOM_ESTAB": "MOLINA", "COD_REG_ES": 13.0, "COD_PRO_ES": 131.0, "COD_COM_ES": 13101.0, "NOM_COM_ES": "SANTIAGO", "COD_DEPROV": 0.0, "NOM_DEPROV": null, "DEPENDENCI": 4.0, "RURAL_ESTA": 0.0, "ESTADO_EST": 0.0, "SC_MEN_SI": 0.0, "SC_MEN_H": 0.0, "SC_MEN_M": 0.0, "SC_MAY_H": 0.0, "SC_MAY_M": 0.0, "MED_MEN_SI": 0.0, "MED_MEN_H": 4.0, "MED_MEN_M": 2.0, "MED_MAY_SI": 0.0, "MED_MAY_H": 8.0, "MED_MAY_M": 10.0, "NT1_SI": 0.0, "NT1_H": 2.0, "NT1_M": 1.0, "NT2_SI": 0.0, "NT2_H": 0.0, "NT2_M": 1.0, "N_TOTAL": 28.0, "DIRECCION": "ABATE MOLINA", "NUMERO": 666.0, "REFERENCIA": null, "LATITUD": -33.457711, "LONGITUD": -70.671734, "centroide_x": 344636.18566046807, "centroide_y": 6296719.4945395608, "crs_original": "EPSG:4326", "fecha_normalizacion": "2025-10-10 01:59:23" }, "geometry": { "type": "Point", "coordinates": [ 344636.18566046806518, 6296719.494539560750127 ] } },
{ "type": "Feature", "properties": { "AGNO": 2021.0, "ID_ESTAB": 13101030.0, "ORIGEN": 2.0, "NOM_ESTAB": "SOTOMAYOR", "COD_REG_ES": 13.0, "COD_PRO_ES": 131.0, "COD_COM_ES": 13101.0, "NOM_COM_ES": "SANTIAGO", "COD_DEPROV": 0.0, "NOM_DEPROV": null, "DEPENDENCI": 4.0, "RURAL_ESTA": 0.0, "ESTADO_EST": 0.0, "SC_MEN_SI": 0.0, "SC_MEN_H": 0.0, "SC_MEN_M": 0.0, "SC_MAY_H": 0.0, "SC_MAY_M": 0.0, "MED_MEN_SI": 0.0, "MED_MEN_H": 12.0, "MED_MEN_M": 10.0, "MED_MAY_SI": 0.0, "MED_MAY_H": 9.0, "MED_MAY_M": 13.0, "NT1_SI": 0.0, "NT1_H": 0.0, "NT1_M": 0.0, "NT2_SI": 0.0, "NT2_H": 0.0, "NT2_M": 0.0, "N_TOTAL": 44.0, "DIRECCION": "RAFAEL SOTOMAYOR", "NUMERO": 97.0, "REFERENCIA": null, "LATITUD": -33.44471, "LONGITUD": -70.67286, "centroide_x": 344508.31970210845, "centroide_y": 6298159.4497253224, "crs_original": "EPSG:4326", "fecha_normalizacion": "2025-10-10 01:59:23" }, "geometry": { "type": "Point", "coordinates": [ 344508.319702108448837, 6298159.449725322425365 ] } },
{ "type": "Feature", "properties": { "AGNO": 2021.0, "ID_ESTAB": 13101033.0, "ORIGEN": 2.0, "NOM_ESTAB": "NORA ALCALDE DE LARRAIN", "COD_REG_ES": 13.0, "COD_PRO_ES": 131.0, "COD_COM_ES": 13101.0, "NOM_COM_ES": "SANTIAGO", "COD_DEPROV": 0.0, "NOM_DEPROV": null, "DEPENDENCI": 4.0, "RURAL_ESTA": 0.0, "ESTADO_EST": 0.0, "SC_MEN_SI": 0.0, "SC_MEN_H": 0.0, "SC_MEN_M": 0.0, "SC_MAY_H": 0.0, "SC_MAY_M": 0.0, "MED_MEN_SI": 0.0, "MED_MEN_H": 13.0, "MED_MEN_M": 12.0, "MED_MAY_SI": 0.0, "MED_MAY_H": 12.0, "MED_MAY_M": 12.0, "NT1_SI": 0.0, "NT1_H": 5.0, "NT1_M": 3.0, "NT2_SI": 0.0, "NT2_H": 0.0, "NT2_M": 0.0, "N_TOTAL": 57.0, "DIRECCION": "CONFERENCIA", "NUMERO": 1031.0, "REFERENCIA": null, "LATITUD": -33.463041, "LONGITUD": -70.675407, "centroide_x": 344304.30711233651, "centroide_y": 6296122.9814637871, "crs_original": "EPSG:4326", "fecha_normalizacion": "2025-10-10 01:59:23" }, "geometry": { "type": "Point", "coordinates": [ 344304.307112336507998, 6296122.981463787145913 ] } },
{ "type": "Feature", "properties": { "AGNO": 2021.0, "ID_ESTAB": 13101041.0, "ORIGEN": 2.0, "NOM_ESTAB": "IGNACIO CARRERA PINTO", "COD_REG_ES": 13.0, "COD_PRO_ES": 131.0, "COD_COM_ES": 13101.0, "NOM_COM_ES": "SANTIAGO", "COD_DEPROV": 0.0, "NOM_DEPROV": null, "DEPENDENCI": 4.0, "RURAL_ESTA": 0.0, "ESTADO_EST": 0.0, "SC_MEN_SI": 0.0, "SC_MEN_H": 0.0, "SC_MEN_M": 0.0, "SC_MAY_H": 10.0, "SC_MAY_M": 7.0, "MED_MEN_SI": 0.0, "MED_MEN_H": 20.0, "MED_MEN_M": 16.0, "MED_MAY_SI": 0.0, "MED_MAY_H": 19.0, "MED_MAY_M": 18.0, "NT1_SI": 0.0, "NT1_H": 0.0, "NT1_M": 0.0, "NT2_SI": 0.0, "NT2_H": 0.0, "NT2_M": 0.0, "N_TOTAL": 90.0, "DIRECCION": "AVENIDA PORTALES", "NUMERO": 3357.0, "REFERENCIA": null, "LATITUD": -33.443706, "LONGITUD": -70.681191, "centroide_x": 343732.0679380215, "centroide_y": 6298258.2835821165, "crs_original": "EPSG:4326", "fecha_normalizacion": "2025-10-10 01:59:23" }, "geometry": { "type": "Point", "coordinates": [ 343732.067938021500595, 6298258.283582116477191 ] } },
{ "type": "Feature", "properties": { "AGNO": 2021.0, "ID_ESTAB": 13101044.0, "ORIGEN": 2.0, "NOM_ESTAB": "PABLO NERUDA", "COD_REG_ES": 13.0, "COD_PRO_ES": 131.0, "COD_COM_ES": 13101.0, "NOM_COM_ES": "SANTIAGO", "COD_DEPROV": 0.0, "NOM_DEPROV": null, "DEPENDENCI": 4.0, "RURAL_ESTA": 0.0, "ESTADO_EST": 0.0, "SC_MEN_SI": 0.0, "SC_MEN_H": 7.0, "SC_MEN_M": 7.0, "SC_MAY_H": 5.0, "SC_MAY_M": 10.0, "MED_MEN_SI": 0.0, "MED_MEN_H": 17.0, "MED_MEN_M": 9.0, "MED_MAY_SI": 0.0, "MED_MAY_H": 8.0, "MED_MAY_M": 17.0, "NT1_SI": 0.0, "NT1_H": 0.0, "NT1_M": 0.0, "NT2_SI": 0.0, "NT2_H": 0.0, "NT2_M": 0.0, "N_TOTAL": 80.0, "DIRECCION": "AVENIDA GENERAL RONDIZZONI", "NUMERO": 2722.0, "REFERENCIA": null, "LATITUD": -33.471259, "LONGITUD": -70.670963, "centroide_x": 344732.03588315379, "centroide_y": 6295218.3881961312, "crs_original": "EPSG:4326", "fecha_normalizacion": "2025-10-10 01:59:23" }, "geometry": { "type": "Point", "coordinates": [ 344732.035883153788745, 6295218.388196131214499 ] } },
{ "type": "Feature", "properties": { "AGNO": 2021.0, "ID_ESTAB": 13101051.0, "ORIGEN": 2.0, "NOM_ESTAB": "PICHIKECHE POYEN", "COD_REG_ES": 13.0, "COD_PRO_ES": 131.0, "COD_COM_ES": 13101.0, "NOM_COM_ES": "SANTIAGO", "COD_DEPROV": 0.0, "NOM_DEPROV": null, "DEPENDENCI": 4.0, "RURAL_ESTA": 0.0, "ESTADO_EST": 0.0, "SC_MEN_SI": 0.0, "SC_MEN_H": 0.0, "SC_MEN_M": 0.0, "SC_MAY_H": 0.0, "SC_MAY_M": 0.0, "MED_MEN_SI": 0.0, "MED_MEN_H": 6.0, "MED_MEN_M": 1.0, "MED_MAY_SI": 0.0, "MED_MAY_H": 6.0, "MED_MAY_M": 5.0, "NT1_SI": 0.0, "NT1_H": 5.0, "NT1_M": 4.0, "NT2_SI": 0.0, "NT2_H": 0.0, "NT2_M": 1.0, "N_TOTAL": 28.0, "DIRECCION": "HUERFANOS", "NUMERO": 3151.0, "REFERENCIA": null, "LATITUD": -33.442306, "LONGITUD": -70.677743, "centroide_x": 344050.09239037154, "centroide_y": 6298418.7046177778, "crs_original": "EPSG:4326", "fecha_normalizacion": "2025-10-10 01:59:23" }, "geometry": { "type": "Point", "coordinates": [ 344050.092390371544752, 6298418.704617777839303 ] } },
{ "type": "Feature", "properties": { "AGNO": 2021.0, "ID_ESTAB": 13102008.0, "ORIGEN": 2.0, "NOM_ESTAB": "CARDENAL RAUL SILVA HENRIQUEZ", "COD_REG_ES": 13.0, "COD_PRO_ES": 131.0, "COD_COM_ES": 13102.0, "NOM_COM_ES": "CERRILLOS", "COD_DEPROV": 0.0, "NOM_DEPROV": null, "DEPENDENCI": 4.0, "RURAL_ESTA": 0.0, "ESTADO_EST": 0.0, "SC_MEN_SI": 0.0, "SC_MEN_H": 10.0, "SC_MEN_M": 6.0, "SC_MAY_H": 14.0, "SC_MAY_M": 6.0, "MED_MEN_SI": 0.0, "MED_MEN_H": 14.0, "MED_MEN_M": 14.0, "MED_MAY_SI": 0.0, "MED_MAY_H": 11.0, "MED_MAY_M": 16.0, "NT1_SI": 0.0, "NT1_H": 0.0, "NT1_M": 0.0, "NT2_SI": 0.0, "NT2_H": 0.0, "NT2_M": 0.0, "N_TOTAL": 91.0, "DIRECCION": "CARDENAL JUAN FRANCISCO FRESNO", "NUMERO": 240.0, "REFERENCIA": null, "LATITUD": -33.48085, "LONGITUD": -70.719169, "centroide_x": 340269.70745649748, "centroide_y": 6294081.7417736752, "crs_original": "EPSG:4326", "fecha_normalizacion": "2025-10-10 01:59:23" }, "geometry": { "type": "Point", "coordinates": [ 340269.707456497475505, 6294081.741773675195873 ] } },
{ "type": "Feature", "properties": { "AGNO": 2021.0, "ID_ESTAB": 13102015.0, "ORIGEN": 2.0, "NOM_ESTAB": "NEWEN Y ALEGRIA", "COD_REG_ES": 13.0, "COD_PRO_ES": 131.0, "COD_COM_ES": 13102.0, "NOM_COM_ES": "CERRILLOS", "COD_DEPROV": 0.0, "NOM_DEPROV": null, "DEPENDENCI": 4.0, "RURAL_ESTA": 0.0, "ESTADO_EST": 0.0, "SC_MEN_SI": 0.0, "SC_MEN_H": 5.0, "SC_MEN_M": 0.0, "SC_MAY_H": 6.0, "SC_MAY_M": 7.0, "MED_MEN_SI": 0.0, "MED_MEN_H": 5.0, "MED_MEN_M": 6.0, "MED_MAY_SI": 0.0, "MED_MAY_H": 6.0, "MED_MAY_M": 9.0, "NT1_SI": 0.0, "NT1_H": 3.0, "NT1_M": 0.0, "NT2_SI": 0.0, "NT2_H": 1.0, "NT2_M": 0.0, "N_TOTAL": 48.0, "DIRECCION": "MONSEÑOR MANUEL VICUÑA", "NUMERO": 4035.0, "REFERENCIA": null, "LATITUD": -33.480448, "LONGITUD": -70.718082, "centroide_x": 340370.00397866033, "centroide_y": 6294127.9524199069, "crs_original": "EPSG:4326", "fecha_normalizacion": "2025-10-10 01:59:23" }, "geometry": { "type": "Point", "coordinates": [ 340370.003978660330176, 6294127.95241990685463 ] } },
{ "type": "Feature", "properties": { "AGNO": 2021.0, "ID_ESTAB": 13102016.0, "ORIGEN": 2.0, "NOM_ESTAB": "PEUMAYEN", "COD_REG_ES": 13.0, "COD_PRO_ES": 131.0, "COD_COM_ES": 13102.0, "NOM_COM_ES": "CERRILLOS", "COD_DEPROV": 0.0, "NOM_DEPROV": null, "DEPENDENCI": 4.0, "RURAL_ESTA": 0.0, "ESTADO_EST": 0.0, "SC_MEN_SI": 0.0, "SC_MEN_H": 13.0, "SC_MEN_M": 8.0, "SC_MAY_H": 24.0, "SC_MAY_M": 16.0, "MED_MEN_SI": 0.0, "MED_MEN_H": 15.0, "MED_MEN_M": 13.0, "MED_MAY_SI": 0.0, "MED_MAY_H": 17.0, "MED_MAY_M": 24.0, "NT1_SI": 0.0, "NT1_H": 0.0, "NT1_M": 1.0, "NT2_SI": 0.0, "NT2_H": 0.0, "NT2_M": 0.0, "N_TOTAL": 131.0, "DIRECCION": "AVENIDA LO ERRAZURIZ", "NUMERO": 4065.0, "REFERENCIA": null, "LATITUD": -33.479024, "LONGITUD": -70.722924, "centroide_x": 339917.4517259897, "centroide_y": 6294278.4020473156, "crs_original": "EPSG:4326", "fecha_normalizacion": "2025-10-10 01:59:23" }, "geometry": { "type": "Point", "coordinates": [ 339917.45172598969657, 6294278.402047315612435 ] } },
{ "type": "Feature", "properties": { "AGNO": 2021.0, "ID_ESTAB": 13106002.0, "ORIGEN": 2.0, "NOM_ESTAB": "LOS CARIÑOSITOS", "COD_REG_ES": 13.0, "COD_PRO_ES": 131.0, "COD_COM_ES": 13106.0, "NOM_COM_ES": "ESTACIÓN CENTRAL", "COD_DEPROV": 0.0, "NOM_DEPROV": null, "DEPENDENCI": 4.0, "RURAL_ESTA": 0.0, "ESTADO_EST": 0.0, "SC_MEN_SI": 0.0, "SC_MEN_H": 0.0, "SC_MEN_M": 0.0, "SC_MAY_H": 10.0, "SC_MAY_M": 25.0, "MED_MEN_SI": 0.0, "MED_MEN_H": 12.0, "MED_MEN_M": 8.0, "MED_MAY_SI": 0.0, "MED_MAY_H": 13.0, "MED_MAY_M": 6.0, "NT1_SI": 0.0, "NT1_H": 0.0, "NT1_M": 0.0, "NT2_SI": 0.0, "NT2_H": 0.0, "NT2_M": 0.0, "N_TOTAL": 74.0, "DIRECCION": "UROFOSFATO", "NUMERO": 4867.0, "REFERENCIA": "POB. SANTIAGO", "LATITUD": -33.478658, "LONGITUD": -70.699677, "centroide_x": 342076.99447418499, "centroide_y": 6294354.5893653948, "crs_original": "EPSG:4326", "fecha_normalizacion": "2025-10-10 01:59:23" }, "geometry": { "type": "Point", "coordinates": [ 342076.994474184990395, 6294354.589365394786 ] } },
{ "type": "Feature", "properties": { "AGNO": 2021.0, "ID_ESTAB": 13106004.0, "ORIGEN": 2.0, "NOM_ESTAB": "ESPERANZA", "COD_REG_ES": 13.0, "COD_PRO_ES": 131.0, "COD_COM_ES": 13106.0, "NOM_COM_ES": "ESTACIÓN CENTRAL", "COD_DEPROV": 0.0, "NOM_DEPROV": null, "DEPENDENCI": 4.0, "RURAL_ESTA": 0.0, "ESTADO_EST": 0.0, "SC_MEN_SI": 0.0, "SC_MEN_H": 0.0, "SC_MEN_M": 0.0, "SC_MAY_H": 11.0, "SC_MAY_M": 3.0, "MED_MEN_SI": 0.0, "MED_MEN_H": 15.0, "MED_MEN_M": 12.0, "MED_MAY_SI": 0.0, "MED_MAY_H": 11.0, "MED_MAY_M": 19.0, "NT1_SI": 0.0, "NT1_H": 0.0, "NT1_M": 0.0, "NT2_SI": 0.0, "NT2_H": 0.0, "NT2_M": 0.0, "N_TOTAL": 71.0, "DIRECCION": "JOTABECHE", "NUMERO": 594.0, "REFERENCIA": "POB. CORNELIA OLIVARES", "LATITUD": -33.458455, "LONGITUD": -70.685397, "centroide_x": 343367.63912069274, "centroide_y": 6296616.526412976, "crs_original": "EPSG:4326", "fecha_normalizacion": "2025-10-10 01:59:23" }, "geometry": { "type": "Point", "coordinates": [ 343367.639120692736469, 6296616.526412975974381 ] } },
{ "type": "Feature", "properties": { "AGNO": 2021.0, "ID_ESTAB": 13106005.0, "ORIGEN": 2.0, "NOM_ESTAB": "MIS PRIMEROS PASOS", "COD_REG_ES": 13.0, "COD_PRO_ES": 131.0, "COD_COM_ES": 13106.0, "NOM_COM_ES": "ESTACIÓN CENTRAL", "COD_DEPROV": 0.0, "NOM_DEPROV": null, "DEPENDENCI": 4.0, "RURAL_ESTA": 0.0, "ESTADO_EST": 0.0, "SC_MEN_SI": 0.0, "SC_MEN_H": 0.0, "SC_MEN_M": 0.0, "SC_MAY_H": 0.0, "SC_MAY_M": 0.0, "MED_MEN_SI": 0.0, "MED_MEN_H": 24.0, "MED_MEN_M": 23.0, "MED_MAY_SI": 0.0, "MED_MAY_H": 47.0, "MED_MAY_M": 41.0, "NT1_SI": 0.0, "NT1_H": 0.0, "NT1_M": 0.0, "NT2_SI": 0.0, "NT2_H": 0.0, "NT2_M": 0.0, "N_TOTAL": 135.0, "DIRECCION": "MANUEL CHACON", "NUMERO": 2229.0, "REFERENCIA": "POB. OSCAR BONILLA", "LATITUD": -33.476439, "LONGITUD": -70.691009, "centroide_x": 342878.45448998897, "centroide_y": 6294613.800023552, "crs_original": "EPSG:4326", "fecha_normalizacion": "2025-10-10 01:59:23" }, "geometry": { "type": "Point", "coordinates": [ 342878.454489988973364, 6294613.800023552030325 ] } },
{ "type": "Feature", "properties": { "AGNO": 2021.0, "ID_ESTAB": 13106006.0, "ORIGEN": 2.0, "NOM_ESTAB": "DEL EDEN", "COD_REG_ES": 13.0, "COD_PRO_ES": 131.0, "COD_COM_ES": 13106.0, "NOM_COM_ES": "ESTACIÓN CENTRAL", "COD_DEPROV": 0.0, "NOM_DEPROV": null, "DEPENDENCI": 4.0, "RURAL_ESTA": 0.0, "ESTADO_EST": 0.0, "SC_MEN_SI": 0.0, "SC_MEN_H": 7.0, "SC_MEN_M": 7.0, "SC_MAY_H": 18.0, "SC_MAY_M": 19.0, "MED_MEN_SI": 0.0, "MED_MEN_H": 27.0, "MED_MEN_M": 26.0, "MED_MAY_SI": 0.0, "MED_MAY_H": 29.0, "MED_MAY_M": 24.0, "NT1_SI": 0.0, "NT1_H": 0.0, "NT1_M": 0.0, "NT2_SI": 0.0, "NT2_H": 0.0, "NT2_M": 0.0, "N_TOTAL": 157.0, "DIRECCION": "LAS ESTEPAS", "NUMERO": 707.0, "REFERENCIA": "VILLA FRANCIA", "LATITUD": -33.47047, "LONGITUD": -70.714171, "centroide_x": 340715.16048139043, "centroide_y": 6295240.4011998978, "crs_original": "EPSG:4326", "fecha_normalizacion": "2025-10-10 01:59:23" }, "geometry": { "type": "Point", "coordinates": [ 340715.160481390426867, 6295240.401199897751212 ] } },
{ "type": "Feature", "properties": { "AGNO": 2021.0, "ID_ESTAB": 13106007.0, "ORIGEN": 2.0, "NOM_ESTAB": "WILLI-MAPU", "COD_REG_ES": 13.0, "COD_PRO_ES": 131.0, "COD_COM_ES": 13106.0, "NOM_COM_ES": "ESTACIÓN CENTRAL", "COD_DEPROV": 0.0, "NOM_DEPROV": null, "DEPENDENCI": 4.0, "RURAL_ESTA": 0.0, "ESTADO_EST": 0.0, "SC_MEN_SI": 0.0, "SC_MEN_H": 0.0, "SC_MEN_M": 0.0, "SC_MAY_H": 0.0, "SC_MAY_M": 0.0, "MED_MEN_SI": 0.0, "MED_MEN_H": 9.0, "MED_MEN_M": 3.0, "MED_MAY_SI": 0.0, "MED_MAY_H": 12.0, "MED_MAY_M": 8.0, "NT1_SI": 0.0, "NT1_H": 0.0, "NT1_M": 0.0, "NT2_SI": 0.0, "NT2_H": 0.0, "NT2_M": 0.0, "N_TOTAL": 32.0, "DIRECCION": "DALCAHUE", "NUMERO": 5877.0, "REFERENCIA": "POB. ROBERT KENNEDY", "LATITUD": -33.476254, "LONGITUD": -70.709784, "centroide_x": 341133.42271274771, "centroide_y": 6294605.7053788751, "crs_original": "EPSG:4326", "fecha_normalizacion": "2025-10-10 01:59:23" }, "geometry": { "type": "Point", "coordinates": [ 341133.4227127477061, 6294605.705378875136375 ] } },
{ "type": "Feature", "properties": { "AGNO": 2021.0, "ID_ESTAB": 13106008.0, "ORIGEN": 2.0, "NOM_ESTAB": "ANTILEN", "COD_REG_ES": 13.0, "COD_PRO_ES": 131.0, "COD_COM_ES": 13106.0, "NOM_COM_ES": "ESTACIÓN CENTRAL", "COD_DEPROV": 0.0, "NOM_DEPROV": null, "DEPENDENCI": 4.0, "RURAL_ESTA": 0.0, "ESTADO_EST": 0.0, "SC_MEN_SI": 0.0, "SC_MEN_H": 9.0, "SC_MEN_M": 6.0, "SC_MAY_H": 14.0, "SC_MAY_M": 17.0, "MED_MEN_SI": 0.0, "MED_MEN_H": 10.0, "MED_MEN_M": 18.0, "MED_MAY_SI": 0.0, "MED_MAY_H": 12.0, "MED_MAY_M": 16.0, "NT1_SI": 0.0, "NT1_H": 0.0, "NT1_M": 0.0, "NT2_SI": 0.0, "NT2_H": 0.0, "NT2_M": 0.0, "N_TOTAL": 102.0, "DIRECCION": "LEON XIII", "NUMERO": 1885.0, "REFERENCIA": "POB ROBERT KENNEDY", "LATITUD": -33.465522, "LONGITUD": -70.702577, "centroide_x": 341783.60905014107, "centroide_y": 6295806.7425194038, "crs_original": "EPSG:4326", "fecha_normalizacion": "2025-10-10 01:59:23" }, "geometry": { "type": "Point", "coordinates": [ 341783.609050141065381, 6295806.742519403807819 ] } },
{ "type": "Feature", "properties": { "AGNO": 2021.0, "ID_ESTAB": 13106009.0, "ORIGEN": 2.0, "NOM_ESTAB": "LLIU LLIU", "COD_REG_ES": 13.0, "COD_PRO_ES": 131.0, "COD_COM_ES": 13106.0, "NOM_COM_ES": "ESTACIÓN CENTRAL", "COD_DEPROV": 0.0, "NOM_DEPROV": null, "DEPENDENCI": 4.0, "RURAL_ESTA": 0.0, "ESTADO_EST": 0.0, "SC_MEN_SI": 0.0, "SC_MEN_H": 0.0, "SC_MEN_M": 0.0, "SC_MAY_H": 0.0, "SC_MAY_M": 0.0, "MED_MEN_SI": 0.0, "MED_MEN_H": 8.0, "MED_MEN_M": 3.0, "MED_MAY_SI": 0.0, "MED_MAY_H": 4.0, "MED_MAY_M": 12.0, "NT1_SI": 0.0, "NT1_H": 0.0, "NT1_M": 0.0, "NT2_SI": 0.0, "NT2_H": 0.0, "NT2_M": 0.0, "N_TOTAL": 27.0, "DIRECCION": "JOSE DE LA RIVERA", "NUMERO": 150.0, "REFERENCIA": "VILLA LAS MERCEDES", "LATITUD": -33.451988, "LONGITUD": -70.705855, "centroide_x": 341454.30789093615, "centroide_y": 6297302.5314734001, "crs_original": "EPSG:4326", "fecha_normalizacion": "2025-10-10 01:59:23" }, "geometry": { "type": "Point", "coordinates": [ 341454.307890936150216, 6297302.531473400071263 ] } },
{ "type": "Feature", "properties": { "AGNO": 2021.0, "ID_ESTAB": 13106017.0, "ORIGEN": 2.0, "NOM_ESTAB": "AVELUZ", "COD_REG_ES": 13.0, "COD_PRO_ES": 131.0, "COD_COM_ES": 13106.0, "NOM_COM_ES": "ESTACIÓN CENTRAL", "COD_DEPROV": 0.0, "NOM_DEPROV": null, "DEPENDENCI": 4.0, "RURAL_ESTA": 0.0, "ESTADO_EST": 0.0, "SC_MEN_SI": 0.0, "SC_MEN_H": 10.0, "SC_MEN_M": 10.0, "SC_MAY_H": 8.0, "SC_MAY_M": 12.0, "MED_MEN_SI": 0.0, "MED_MEN_H": 16.0, "MED_MEN_M": 15.0, "MED_MAY_SI": 0.0, "MED_MAY_H": 12.0, "MED_MAY_M": 19.0, "NT1_SI": 0.0, "NT1_H": 0.0, "NT1_M": 0.0, "NT2_SI": 0.0, "NT2_H": 0.0, "NT2_M": 0.0, "N_TOTAL": 102.0, "DIRECCION": "QUENCHI", "NUMERO": 0.0, "REFERENCIA": "ESQ/AEROPUERTO", "LATITUD": -33.474699, "LONGITUD": -70.712502, "centroide_x": 340878.00013693457, "centroide_y": 6294773.9998653065, "crs_original": "EPSG:4326", "fecha_normalizacion": "2025-10-10 01:59:23" }, "geometry": { "type": "Point", "coordinates": [ 340878.000136934570037, 6294773.999865306541324 ] } },
{ "type": "Feature", "properties": { "AGNO": 2021.0, "ID_ESTAB": 13106018.0, "ORIGEN": 2.0, "NOM_ESTAB": "LOS ANGELITOS DE VILLA FRANCIA", "COD_REG_ES": 13.0, "COD_PRO_ES": 131.0, "COD_COM_ES": 13106.0, "NOM_COM_ES": "ESTACIÓN CENTRAL", "COD_DEPROV": 0.0, "NOM_DEPROV": null, "DEPENDENCI": 4.0, "RURAL_ESTA": 0.0, "ESTADO_EST": 0.0, "SC_MEN_SI": 0.0, "SC_MEN_H": 11.0, "SC_MEN_M": 2.0, "SC_MAY_H": 10.0, "SC_MAY_M": 9.0, "MED_MEN_SI": 0.0, "MED_MEN_H": 15.0, "MED_MEN_M": 15.0, "MED_MAY_SI": 0.0, "MED_MAY_H": 13.0, "MED_MAY_M": 15.0, "NT1_SI": 0.0, "NT1_H": 0.0, "NT1_M": 0.0, "NT2_SI": 0.0, "NT2_H": 0.0, "NT2_M": 0.0, "N_TOTAL": 90.0, "DIRECCION": "AZOR LTDA. - DEPARTAMENTO DE SANTIAGO REGISN MET", "NUMERO": 0.0, "REFERENCIA": null, "LATITUD": -33.472099, "LONGITUD": -70.714654, "centroide_x": 340673.22985499428, "centroide_y": 6295059.0297363885, "crs_original": "EPSG:4326", "fecha_normalizacion": "2025-10-10 01:59:23" }, "geometry": { "type": "Point", "coordinates": [ 340673.229854994278867, 6295059.029736388474703 ] } },
{ "type": "Feature", "properties": { "AGNO": 2021.0, "ID_ESTAB": 13106019.0, "ORIGEN": 2.0, "NOM_ESTAB": "LAS LUCIERNAGAS", "COD_REG_ES": 13.0, "COD_PRO_ES": 131.0, "COD_COM_ES": 13106.0, "NOM_COM_ES": "ESTACIÓN CENTRAL", "COD_DEPROV": 0.0, "NOM_DEPROV": null, "DEPENDENCI": 4.0, "RURAL_ESTA": 0.0, "ESTADO_EST": 0.0, "SC_MEN_SI": 0.0, "SC_MEN_H": 6.0, "SC_MEN_M": 5.0, "SC_MAY_H": 9.0, "SC_MAY_M": 8.0, "MED_MEN_SI": 0.0, "MED_MEN_H": 0.0, "MED_MEN_M": 0.0, "MED_MAY_SI": 0.0, "MED_MAY_H": 0.0, "MED_MAY_M": 0.0, "NT1_SI": 0.0, "NT1_H": 0.0, "NT1_M": 0.0, "NT2_SI": 0.0, "NT2_H": 0.0, "NT2_M": 0.0, "N_TOTAL": 28.0, "DIRECCION": "GANDARILLAS", "NUMERO": 0.0, "REFERENCIA": "ESQUINA COLECTOR", "LATITUD": -33.4699, "LONGITUD": -70.692899, "centroide_x": 342691.00030946324, "centroide_y": 6295336.0004847255, "crs_original": "EPSG:4326", "fecha_normalizacion": "2025-10-10 01:59:23" }, "geometry": { "type": "Point", "coordinates": [ 342691.000309463241138, 6295336.00048472546041 ] } },
{ "type": "Feature", "properties": { "AGNO": 2021.0, "ID_ESTAB": 13106021.0, "ORIGEN": 2.0, "NOM_ESTAB": "DUENDES Y ESTRELLITAS", "COD_REG_ES": 13.0, "COD_PRO_ES": 131.0, "COD_COM_ES": 13106.0, "NOM_COM_ES": "ESTACIÓN CENTRAL", "COD_DEPROV": 0.0, "NOM_DEPROV": null, "DEPENDENCI": 4.0, "RURAL_ESTA": 0.0, "ESTADO_EST": 0.0, "SC_MEN_SI": 0.0, "SC_MEN_H": 10.0, "SC_MEN_M": 6.0, "SC_MAY_H": 10.0, "SC_MAY_M": 8.0, "MED_MEN_SI": 0.0, "MED_MEN_H": 18.0, "MED_MEN_M": 13.0, "MED_MAY_SI": 0.0, "MED_MAY_H": 15.0, "MED_MAY_M": 16.0, "NT1_SI": 0.0, "NT1_H": 0.0, "NT1_M": 0.0, "NT2_SI": 0.0, "NT2_H": 0.0, "NT2_M": 0.0, "N_TOTAL": 96.0, "DIRECCION": "AVENIDA 5 DE ABRIL", "NUMERO": 470.0, "REFERENCIA": null, "LATITUD": -33.463518, "LONGITUD": -70.701383, "centroide_x": 341890.96012950211, "centroide_y": 6296030.8299975973, "crs_original": "EPSG:4326", "fecha_normalizacion": "2025-10-10 01:59:23" }, "geometry": { "type": "Point", "coordinates": [ 341890.960129502112977, 6296030.829997597262263 ] } },
{ "type": "Feature", "properties": { "AGNO": 2021.0, "ID_ESTAB": 13106022.0, "ORIGEN": 2.0, "NOM_ESTAB": "ARTEMISA", "COD_REG_ES": 13.0, "COD_PRO_ES": 131.0, "COD_COM_ES": 13106.0, "NOM_COM_ES": "ESTACIÓN CENTRAL", "COD_DEPROV": 0.0, "NOM_DEPROV": null, "DEPENDENCI": 4.0, "RURAL_ESTA": 0.0, "ESTADO_EST": 0.0, "SC_MEN_SI": 0.0, "SC_MEN_H": 0.0, "SC_MEN_M": 0.0, "SC_MAY_H": 10.0, "SC_MAY_M": 10.0, "MED_MEN_SI": 0.0, "MED_MEN_H": 14.0, "MED_MEN_M": 17.0, "MED_MAY_SI": 0.0, "MED_MAY_H": 17.0, "MED_MAY_M": 16.0, "NT1_SI": 0.0, "NT1_H": 0.0, "NT1_M": 0.0, "NT2_SI": 0.0, "NT2_H": 0.0, "NT2_M": 0.0, "N_TOTAL": 84.0, "DIRECCION": "PASAJE CORONEL SOUPER", "NUMERO": 4844.0, "REFERENCIA": null, "LATITUD": -33.46025, "LONGITUD": -70.70118, "centroide_x": 341903.90011949325, "centroide_y": 6296393.5199526744, "crs_original": "EPSG:4326", "fecha_normalizacion": "2025-10-10 01:59:23" }, "geometry": { "type": "Point", "coordinates": [ 341903.900119493249804, 6296393.519952674396336 ] } },
{ "type": "Feature", "properties": { "AGNO": 2021.0, "ID_ESTAB": 13106023.0, "ORIGEN": 2.0, "NOM_ESTAB": "KIMELU", "COD_REG_ES": 13.0, "COD_PRO_ES": 131.0, "COD_COM_ES": 13106.0, "NOM_COM_ES": "ESTACIÓN CENTRAL", "COD_DEPROV": 0.0, "NOM_DEPROV": null, "DEPENDENCI": 4.0, "RURAL_ESTA": 0.0, "ESTADO_EST": 0.0, "SC_MEN_SI": 0.0, "SC_MEN_H": 0.0, "SC_MEN_M": 0.0, "SC_MAY_H": 10.0, "SC_MAY_M": 8.0, "MED_MEN_SI": 0.0, "MED_MEN_H": 14.0, "MED_MEN_M": 18.0, "MED_MAY_SI": 0.0, "MED_MAY_H": 12.0, "MED_MAY_M": 20.0, "NT1_SI": 0.0, "NT1_H": 0.0, "NT1_M": 0.0, "NT2_SI": 0.0, "NT2_H": 0.0, "NT2_M": 0.0, "N_TOTAL": 82.0, "DIRECCION": "PASAJE MAGALLANES", "NUMERO": 6234.0, "REFERENCIA": "VILLA LAS CARMELITAS", "LATITUD": -33.470561, "LONGITUD": -70.70156, "centroide_x": 341887.31013708835, "centroide_y": 6295249.5805068426, "crs_original": "EPSG:4326", "fecha_normalizacion": "2025-10-10 01:59:23" }, "geometry": { "type": "Point", "coordinates": [ 341887.310137088352349, 6295249.580506842583418 ] } },
{ "type": "Feature", "properties": { "AGNO": 2021.0, "ID_ESTAB": 13106024.0, "ORIGEN": 2.0, "NOM_ESTAB": "MIS PRIMERAS HUELLAS", "COD_REG_ES": 13.0, "COD_PRO_ES": 131.0, "COD_COM_ES": 13106.0, "NOM_COM_ES": "ESTACIÓN CENTRAL", "COD_DEPROV": 0.0, "NOM_DEPROV": null, "DEPENDENCI": 4.0, "RURAL_ESTA": 0.0, "ESTADO_EST": 0.0, "SC_MEN_SI": 0.0, "SC_MEN_H": 8.0, "SC_MEN_M": 10.0, "SC_MAY_H": 9.0, "SC_MAY_M": 10.0, "MED_MEN_SI": 0.0, "MED_MEN_H": 18.0, "MED_MEN_M": 13.0, "MED_MAY_SI": 0.0, "MED_MAY_H": 12.0, "MED_MAY_M": 17.0, "NT1_SI": 0.0, "NT1_H": 0.0, "NT1_M": 0.0, "NT2_SI": 0.0, "NT2_H": 0.0, "NT2_M": 0.0, "N_TOTAL": 97.0, "DIRECCION": "COYHAIQUE", "NUMERO": 6225.0, "REFERENCIA": null, "LATITUD": -33.473587, "LONGITUD": -70.70061, "centroide_x": 341981.09009478753, "centroide_y": 6294915.4800339509, "crs_original": "EPSG:4326", "fecha_normalizacion": "2025-10-10 01:59:23" }, "geometry": { "type": "Point", "coordinates": [ 341981.090094787534326, 6294915.48003395088017 ] } },
{ "type": "Feature", "properties": { "AGNO": 2021.0, "ID_ESTAB": 13106025.0, "ORIGEN": 2.0, "NOM_ESTAB": "AYELEN", "COD_REG_ES": 13.0, "COD_PRO_ES": 131.0, "COD_COM_ES": 13106.0, "NOM_COM_ES": "ESTACIÓN CENTRAL", "COD_DEPROV": 0.0, "NOM_DEPROV": null, "DEPENDENCI": 4.0, "RURAL_ESTA": 0.0, "ESTADO_EST": 0.0, "SC_MEN_SI": 0.0, "SC_MEN_H": 10.0, "SC_MEN_M": 7.0, "SC_MAY_H": 9.0, "SC_MAY_M": 10.0, "MED_MEN_SI": 0.0, "MED_MEN_H": 18.0, "MED_MEN_M": 14.0, "MED_MAY_SI": 0.0, "MED_MAY_H": 17.0, "MED_MAY_M": 14.0, "NT1_SI": 0.0, "NT1_H": 0.0, "NT1_M": 0.0, "NT2_SI": 0.0, "NT2_H": 0.0, "NT2_M": 0.0, "N_TOTAL": 99.0, "DIRECCION": "HUILLINCO", "NUMERO": 6062.0, "REFERENCIA": null, "LATITUD": -33.474539, "LONGITUD": -70.705262, "centroide_x": 341550.50951630611, "centroide_y": 6294802.8300522594, "crs_original": "EPSG:4326", "fecha_normalizacion": "2025-10-10 01:59:23" }, "geometry": { "type": "Point", "coordinates": [ 341550.50951630610507, 6294802.830052259378135 ] } },
{ "type": "Feature", "properties": { "AGNO": 2021.0, "ID_ESTAB": 13106026.0, "ORIGEN": 2.0, "NOM_ESTAB": "ESTACION ALEGRIA", "COD_REG_ES": 13.0, "COD_PRO_ES": 131.0, "COD_COM_ES": 13106.0, "NOM_COM_ES": "ESTACIÓN CENTRAL", "COD_DEPROV": 0.0, "NOM_DEPROV": null, "DEPENDENCI": 4.0, "RURAL_ESTA": 0.0, "ESTADO_EST": 0.0, "SC_MEN_SI": 0.0, "SC_MEN_H": 8.0, "SC_MEN_M": 11.0, "SC_MAY_H": 12.0, "SC_MAY_M": 6.0, "MED_MEN_SI": 0.0, "MED_MEN_H": 13.0, "MED_MEN_M": 18.0, "MED_MAY_SI": 0.0, "MED_MAY_H": 15.0, "MED_MAY_M": 14.0, "NT1_SI": 0.0, "NT1_H": 0.0, "NT1_M": 0.0, "NT2_SI": 0.0, "NT2_H": 0.0, "NT2_M": 0.0, "N_TOTAL": 97.0, "DIRECCION": "CALLE DIAGONAL", "NUMERO": 4687.0, "REFERENCIA": null, "LATITUD": -33.477139, "LONGITUD": -70.697496, "centroide_x": 342276.90974785318, "centroide_y": 6294526.3399671074, "crs_original": "EPSG:4326", "fecha_normalizacion": "2025-10-10 01:59:23" }, "geometry": { "type": "Point", "coordinates": [ 342276.909747853176668, 6294526.339967107400298 ] } },
{ "type": "Feature", "properties": { "AGNO": 2021.0, "ID_ESTAB": 13106028.0, "ORIGEN": 2.0, "NOM_ESTAB": "COYHAIQUE", "COD_REG_ES": 13.0, "COD_PRO_ES": 131.0, "COD_COM_ES": 13106.0, "NOM_COM_ES": "ESTACIÓN CENTRAL", "COD_DEPROV": 0.0, "NOM_DEPROV": null, "DEPENDENCI": 4.0, "RURAL_ESTA": 0.0, "ESTADO_EST": 0.0, "SC_MEN_SI": 0.0, "SC_MEN_H": 9.0, "SC_MEN_M": 10.0, "SC_MAY_H": 7.0, "SC_MAY_M": 10.0, "MED_MEN_SI": 0.0, "MED_MEN_H": 17.0, "MED_MEN_M": 11.0, "MED_MAY_SI": 0.0, "MED_MAY_H": 18.0, "MED_MAY_M": 7.0, "NT1_SI": 0.0, "NT1_H": 0.0, "NT1_M": 0.0, "NT2_SI": 0.0, "NT2_H": 0.0, "NT2_M": 0.0, "N_TOTAL": 89.0, "DIRECCION": "AVENIDA LAS REJAS", "NUMERO": 0.0, "REFERENCIA": "CON AULEN", "LATITUD": -33.473245, "LONGITUD": -70.704399, "centroide_x": 341628.3539813789, "centroide_y": 6294947.6334097292, "crs_original": "EPSG:4326", "fecha_normalizacion": "2025-10-10 01:59:23" }, "geometry": { "type": "Point", "coordinates": [ 341628.353981378895696, 6294947.633409729227424 ] } },
{ "type": "Feature", "properties": { "AGNO": 2021.0, "ID_ESTAB": 13106029.0, "ORIGEN": 2.0, "NOM_ESTAB": "ECUADOR", "COD_REG_ES": 13.0, "COD_PRO_ES": 131.0, "COD_COM_ES": 13106.0, "NOM_COM_ES": "ESTACIÓN CENTRAL", "COD_DEPROV": 0.0, "NOM_DEPROV": null, "DEPENDENCI": 4.0, "RURAL_ESTA": 0.0, "ESTADO_EST": 0.0, "SC_MEN_SI": 0.0, "SC_MEN_H": 5.0, "SC_MEN_M": 14.0, "SC_MAY_H": 8.0, "SC_MAY_M": 12.0, "MED_MEN_SI": 0.0, "MED_MEN_H": 15.0, "MED_MEN_M": 13.0, "MED_MAY_SI": 0.0, "MED_MAY_H": 15.0, "MED_MAY_M": 11.0, "NT1_SI": 0.0, "NT1_H": 0.0, "NT1_M": 0.0, "NT2_SI": 0.0, "NT2_H": 0.0, "NT2_M": 0.0, "N_TOTAL": 93.0, "DIRECCION": "ECUADOR", "NUMERO": 3960.0, "REFERENCIA": null, "LATITUD": -33.451489, "LONGITUD": -70.690773, "centroide_x": 342855.35332713887, "centroide_y": 6297380.7989330795, "crs_original": "EPSG:4326", "fecha_normalizacion": "2025-10-10 01:59:23" }, "geometry": { "type": "Point", "coordinates": [ 342855.353327138873283, 6297380.798933079466224 ] } },
{ "type": "Feature", "properties": { "AGNO": 2021.0, "ID_ESTAB": 13117002.0, "ORIGEN": 2.0, "NOM_ESTAB": "PICHIKECHE TAÑI RUKA", "COD_REG_ES": 13.0, "COD_PRO_ES": 131.0, "COD_COM_ES": 13117.0, "NOM_COM_ES": "LO PRADO", "COD_DEPROV": 0.0, "NOM_DEPROV": null, "DEPENDENCI": 4.0, "RURAL_ESTA": 0.0, "ESTADO_EST": 0.0, "SC_MEN_SI": 0.0, "SC_MEN_H": 8.0, "SC_MEN_M": 4.0, "SC_MAY_H": 12.0, "SC_MAY_M": 16.0, "MED_MEN_SI": 0.0, "MED_MEN_H": 22.0, "MED_MEN_M": 22.0, "MED_MAY_SI": 0.0, "MED_MAY_H": 28.0, "MED_MAY_M": 29.0, "NT1_SI": 0.0, "NT1_H": 0.0, "NT1_M": 0.0, "NT2_SI": 0.0, "NT2_H": 0.0, "NT2_M": 0.0, "N_TOTAL": 141.0, "DIRECCION": "TUPUNGATO", "NUMERO": 413.0, "REFERENCIA": "VILLA KENNEDY", "LATITUD": -33.451351, "LONGITUD": -70.734283, "centroide_x": 338810.67744067579, "centroide_y": 6297329.4172520302, "crs_original": "EPSG:4326", "fecha_normalizacion": "2025-10-10 01:59:23" }, "geometry": { "type": "Point", "coordinates": [ 338810.677440675790422, 6297329.417252030223608 ] } },
{ "type": "Feature", "properties": { "AGNO": 2021.0, "ID_ESTAB": 13117018.0, "ORIGEN": 2.0, "NOM_ESTAB": "DEJANDO HUELLAS", "COD_REG_ES": 13.0, "COD_PRO_ES": 131.0, "COD_COM_ES": 13117.0, "NOM_COM_ES": "LO PRADO", "COD_DEPROV": 0.0, "NOM_DEPROV": null, "DEPENDENCI": 4.0, "RURAL_ESTA": 0.0, "ESTADO_EST": 0.0, "SC_MEN_SI": 0.0, "SC_MEN_H": 8.0, "SC_MEN_M": 4.0, "SC_MAY_H": 7.0, "SC_MAY_M": 13.0, "MED_MEN_SI": 0.0, "MED_MEN_H": 19.0, "MED_MEN_M": 13.0, "MED_MAY_SI": 0.0, "MED_MAY_H": 15.0, "MED_MAY_M": 17.0, "NT1_SI": 0.0, "NT1_H": 0.0, "NT1_M": 0.0, "NT2_SI": 0.0, "NT2_H": 0.0, "NT2_M": 0.0, "N_TOTAL": 96.0, "DIRECCION": "MINISTRO MORA", "NUMERO": 6000.0, "REFERENCIA": null, "LATITUD": -33.451135, "LONGITUD": -70.718181, "centroide_x": 340307.08240271325, "centroide_y": 6297378.2194568533, "crs_original": "EPSG:4326", "fecha_normalizacion": "2025-10-10 01:59:23" }, "geometry": { "type": "Point", "coordinates": [ 340307.082402713247575, 6297378.219456853345037 ] } },
{ "type": "Feature", "properties": { "AGNO": 2021.0, "ID_ESTAB": 13117021.0, "ORIGEN": 2.0, "NOM_ESTAB": "TIERRA DE NIÑOS", "COD_REG_ES": 13.0, "COD_PRO_ES": 131.0, "COD_COM_ES": 13117.0, "NOM_COM_ES": "LO PRADO", "COD_DEPROV": 0.0, "NOM_DEPROV": null, "DEPENDENCI": 4.0, "RURAL_ESTA": 0.0, "ESTADO_EST": 0.0, "SC_MEN_SI": 0.0, "SC_MEN_H": 1.0, "SC_MEN_M": 0.0, "SC_MAY_H": 8.0, "SC_MAY_M": 10.0, "MED_MEN_SI": 0.0, "MED_MEN_H": 28.0, "MED_MEN_M": 19.0, "MED_MAY_SI": 0.0, "MED_MAY_H": 15.0, "MED_MAY_M": 12.0, "NT1_SI": 0.0, "NT1_H": 0.0, "NT1_M": 0.0, "NT2_SI": 0.0, "NT2_H": 0.0, "NT2_M": 0.0, "N_TOTAL": 93.0, "DIRECCION": "MILTON ROSSEL", "NUMERO": 7191.0, "REFERENCIA": null, "LATITUD": -33.450999, "LONGITUD": -70.735537, "centroide_x": 338693.48084461305, "centroide_y": 6297366.5406589191, "crs_original": "EPSG:4326", "fecha_normalizacion": "2025-10-10 01:59:23" }, "geometry": { "type": "Point", "coordinates": [ 338693.480844613048248, 6297366.540658919140697 ] } },
{ "type": "Feature", "properties": { "AGNO": 2021.0, "ID_ESTAB": 13117025.0, "ORIGEN": 2.0, "NOM_ESTAB": "ANTU LIWEN", "COD_REG_ES": 13.0, "COD_PRO_ES": 131.0, "COD_COM_ES": 13117.0, "NOM_COM_ES": "LO PRADO", "COD_DEPROV": 0.0, "NOM_DEPROV": null, "DEPENDENCI": 4.0, "RURAL_ESTA": 0.0, "ESTADO_EST": 0.0, "SC_MEN_SI": 0.0, "SC_MEN_H": 0.0, "SC_MEN_M": 0.0, "SC_MAY_H": 10.0, "SC_MAY_M": 10.0, "MED_MEN_SI": 0.0, "MED_MEN_H": 18.0, "MED_MEN_M": 14.0, "MED_MAY_SI": 0.0, "MED_MAY_H": 22.0, "MED_MAY_M": 10.0, "NT1_SI": 0.0, "NT1_H": 0.0, "NT1_M": 0.0, "NT2_SI": 0.0, "NT2_H": 0.0, "NT2_M": 0.0, "N_TOTAL": 84.0, "DIRECCION": "MINISTRO GANA", "NUMERO": 146.0, "REFERENCIA": null, "LATITUD": -33.453386, "LONGITUD": -70.719129, "centroide_x": 340223.04630702606, "centroide_y": 6297127.1969246622, "crs_original": "EPSG:4326", "fecha_normalizacion": "2025-10-10 01:59:23" }, "geometry": { "type": "Point", "coordinates": [ 340223.046307026059367, 6297127.196924662217498 ] } },
{ "type": "Feature", "properties": { "AGNO": 2021.0, "ID_ESTAB": 13117026.0, "ORIGEN": 2.0, "NOM_ESTAB": "ARTISTAS DEL FUTURO", "COD_REG_ES": 13.0, "COD_PRO_ES": 131.0, "COD_COM_ES": 13117.0, "NOM_COM_ES": "LO PRADO", "COD_DEPROV": 0.0, "NOM_DEPROV": null, "DEPENDENCI": 4.0, "RURAL_ESTA": 0.0, "ESTADO_EST": 0.0, "SC_MEN_SI": 0.0, "SC_MEN_H": 11.0, "SC_MEN_M": 4.0, "SC_MAY_H": 19.0, "SC_MAY_M": 18.0, "MED_MEN_SI": 0.0, "MED_MEN_H": 12.0, "MED_MEN_M": 19.0, "MED_MAY_SI": 0.0, "MED_MAY_H": 22.0, "MED_MAY_M": 18.0, "NT1_SI": 0.0, "NT1_H": 0.0, "NT1_M": 0.0, "NT2_SI": 0.0, "NT2_H": 0.0, "NT2_M": 0.0, "N_TOTAL": 123.0, "DIRECCION": "SANTA INES", "NUMERO": 654.0, "REFERENCIA": null, "LATITUD": -33.445199, "LONGITUD": -70.710279, "centroide_x": 341030.72644161904, "centroide_y": 6298048.6095209979, "crs_original": "EPSG:4326", "fecha_normalizacion": "2025-10-10 01:59:23" }, "geometry": { "type": "Point", "coordinates": [ 341030.726441619044635, 6298048.609520997852087 ] } },
{ "type": "Feature", "properties": { "AGNO": 2021.0, "ID_ESTAB": 13121007.0, "ORIGEN": 2.0, "NOM_ESTAB": "NIDITO DE SOL", "COD_REG_ES": 13.0, "COD_PRO_ES": 131.0, "COD_COM_ES": 13121.0, "NOM_COM_ES": "PEDRO AGUIRRE CERDA", "COD_DEPROV": 0.0, "NOM_DEPROV": null, "DEPENDENCI": 4.0, "RURAL_ESTA": 0.0, "ESTADO_EST": 0.0, "SC_MEN_SI": 0.0, "SC_MEN_H": 5.0, "SC_MEN_M": 5.0, "SC_MAY_H": 15.0, "SC_MAY_M": 11.0, "MED_MEN_SI": 0.0, "MED_MEN_H": 9.0, "MED_MEN_M": 17.0, "MED_MAY_SI": 0.0, "MED_MAY_H": 14.0, "MED_MAY_M": 11.0, "NT1_SI": 0.0, "NT1_H": 6.0, "NT1_M": 15.0, "NT2_SI": 0.0, "NT2_H": 0.0, "NT2_M": 0.0, "N_TOTAL": 108.0, "DIRECCION": "ANTONIO D`CAMARA", "NUMERO": 3591.0, "REFERENCIA": ", POB.UEVA INDEPENDENCIA", "LATITUD": -33.484954, "LONGITUD": -70.685009, "centroide_x": 343451.33608766587, "centroide_y": 6293678.6555416621, "crs_original": "EPSG:4326", "fecha_normalizacion": "2025-10-10 01:59:23" }, "geometry": { "type": "Point", "coordinates": [ 343451.336087665869854, 6293678.65554166212678 ] } },
{ "type": "Feature", "properties": { "AGNO": 2021.0, "ID_ESTAB": 13121023.0, "ORIGEN": 2.0, "NOM_ESTAB": "JOSE BACKAUSSE", "COD_REG_ES": 13.0, "COD_PRO_ES": 131.0, "COD_COM_ES": 13121.0, "NOM_COM_ES": "PEDRO AGUIRRE CERDA", "COD_DEPROV": 0.0, "NOM_DEPROV": null, "DEPENDENCI": 4.0, "RURAL_ESTA": 0.0, "ESTADO_EST": 0.0, "SC_MEN_SI": 0.0, "SC_MEN_H": 14.0, "SC_MEN_M": 5.0, "SC_MAY_H": 12.0, "SC_MAY_M": 8.0, "MED_MEN_SI": 0.0, "MED_MEN_H": 23.0, "MED_MEN_M": 11.0, "MED_MAY_SI": 0.0, "MED_MAY_H": 21.0, "MED_MAY_M": 13.0, "NT1_SI": 0.0, "NT1_H": 0.0, "NT1_M": 0.0, "NT2_SI": 0.0, "NT2_H": 0.0, "NT2_M": 0.0, "N_TOTAL": 107.0, "DIRECCION": "JOSE BACKAUSSE", "NUMERO": 2880.0, "REFERENCIA": null, "LATITUD": -33.482462, "LONGITUD": -70.675042, "centroide_x": 344372.98351713642, "centroide_y": 6293969.9733626638, "crs_original": "EPSG:4326", "fecha_normalizacion": "2025-10-10 01:59:23" }, "geometry": { "type": "Point", "coordinates": [ 344372.98351713642478, 6293969.973362663760781 ] } },
{ "type": "Feature", "properties": { "AGNO": 2021.0, "ID_ESTAB": 13121027.0, "ORIGEN": 2.0, "NOM_ESTAB": "ELOISA DIAZ", "COD_REG_ES": 13.0, "COD_PRO_ES": 131.0, "COD_COM_ES": 13121.0, "NOM_COM_ES": "PEDRO AGUIRRE CERDA", "COD_DEPROV": 0.0, "NOM_DEPROV": null, "DEPENDENCI": 4.0, "RURAL_ESTA": 0.0, "ESTADO_EST": 0.0, "SC_MEN_SI": 0.0, "SC_MEN_H": 5.0, "SC_MEN_M": 2.0, "SC_MAY_H": 14.0, "SC_MAY_M": 6.0, "MED_MEN_SI": 0.0, "MED_MEN_H": 13.0, "MED_MEN_M": 10.0, "MED_MAY_SI": 0.0, "MED_MAY_H": 14.0, "MED_MAY_M": 13.0, "NT1_SI": 0.0, "NT1_H": 0.0, "NT1_M": 0.0, "NT2_SI": 0.0, "NT2_H": 0.0, "NT2_M": 0.0, "N_TOTAL": 77.0, "DIRECCION": "QUIAPO", "NUMERO": 3091.0, "REFERENCIA": null, "LATITUD": -33.480157, "LONGITUD": -70.676686, "centroide_x": 344216.09594293649, "centroide_y": 6294223.103156887, "crs_original": "EPSG:4326", "fecha_normalizacion": "2025-10-10 01:59:23" }, "geometry": { "type": "Point", "coordinates": [ 344216.095942936488427, 6294223.103156886994839 ] } },
{ "type": "Feature", "properties": { "AGNO": 2021.0, "ID_ESTAB": 13126013.0, "ORIGEN": 2.0, "NOM_ESTAB": "ISMAEL VALDES", "COD_REG_ES": 13.0, "COD_PRO_ES": 131.0, "COD_COM_ES": 13126.0, "NOM_COM_ES": "QUINTA NORMAL", "COD_DEPROV": 0.0, "NOM_DEPROV": null, "DEPENDENCI": 4.0, "RURAL_ESTA": 0.0, "ESTADO_EST": 0.0, "SC_MEN_SI": 0.0, "SC_MEN_H": 0.0, "SC_MEN_M": 0.0, "SC_MAY_H": 0.0, "SC_MAY_M": 0.0, "MED_MEN_SI": 0.0, "MED_MEN_H": 8.0, "MED_MEN_M": 12.0, "MED_MAY_SI": 0.0, "MED_MAY_H": 13.0, "MED_MAY_M": 9.0, "NT1_SI": 0.0, "NT1_H": 6.0, "NT1_M": 3.0, "NT2_SI": 0.0, "NT2_H": 0.0, "NT2_M": 0.0, "N_TOTAL": 51.0, "DIRECCION": "AVENIDAUEVA IMPERIAL", "NUMERO": 4717.0, "REFERENCIA": null, "LATITUD": -33.44549, "LONGITUD": -70.69898, "centroide_x": 342081.60957935767, "centroide_y": 6298033.5704003368, "crs_original": "EPSG:4326", "fecha_normalizacion": "2025-10-10 01:59:23" }, "geometry": { "type": "Point", "coordinates": [ 342081.609579357667826, 6298033.570400336757302 ] } },
{ "type": "Feature", "properties": { "AGNO": 2021.0, "ID_ESTAB": 13126014.0, "ORIGEN": 2.0, "NOM_ESTAB": "AMANDA LABARCA", "COD_REG_ES": 13.0, "COD_PRO_ES": 131.0, "COD_COM_ES": 13126.0, "NOM_COM_ES": "QUINTA NORMAL", "COD_DEPROV": 0.0, "NOM_DEPROV": null, "DEPENDENCI": 4.0, "RURAL_ESTA": 0.0, "ESTADO_EST": 0.0, "SC_MEN_SI": 0.0, "SC_MEN_H": 7.0, "SC_MEN_M": 13.0, "SC_MAY_H": 7.0, "SC_MAY_M": 13.0, "MED_MEN_SI": 0.0, "MED_MEN_H": 0.0, "MED_MEN_M": 0.0, "MED_MAY_SI": 0.0, "MED_MAY_H": 0.0, "MED_MAY_M": 0.0, "NT1_SI": 0.0, "NT1_H": 0.0, "NT1_M": 0.0, "NT2_SI": 0.0, "NT2_H": 0.0, "NT2_M": 0.0, "N_TOTAL": 40.0, "DIRECCION": "CATEDRAL", "NUMERO": 4641.0, "REFERENCIA": null, "LATITUD": -33.441529, "LONGITUD": -70.698246, "centroide_x": 342142.66978809109, "centroide_y": 6298473.9102074653, "crs_original": "EPSG:4326", "fecha_normalizacion": "2025-10-10 01:59:23" }, "geometry": { "type": "Point", "coordinates": [ 342142.669788091094233, 6298473.910207465291023 ] } },
{ "type": "Feature", "properties": { "AGNO": 2021.0, "ID_ESTAB": 132202.0, "ORIGEN": 3.0, "NOM_ESTAB": "LOS ROBLES", "COD_REG_ES": 13.0, "COD_PRO_ES": 131.0, "COD_COM_ES": 13121.0, "NOM_COM_ES": "PEDRO AGUIRRE CERDA", "COD_DEPROV": 0.0, "NOM_DEPROV": null, "DEPENDENCI": 5.0, "RURAL_ESTA": 0.0, "ESTADO_EST": 0.0, "SC_MEN_SI": 0.0, "SC_MEN_H": 3.0, "SC_MEN_M": 1.0, "SC_MAY_H": 9.0, "SC_MAY_M": 8.0, "MED_MEN_SI": 0.0, "MED_MEN_H": 14.0, "MED_MEN_M": 18.0, "MED_MAY_SI": 0.0, "MED_MAY_H": 27.0, "MED_MAY_M": 26.0, "NT1_SI": 0.0, "NT1_H": 0.0, "NT1_M": 0.0, "NT2_SI": 0.0, "NT2_H": 0.0, "NT2_M": 0.0, "N_TOTAL": 106.0, "DIRECCION": "1 DE MAYO", "NUMERO": 4136.0, "REFERENCIA": null, "LATITUD": -33.483477, "LONGITUD": -70.678634, "centroide_x": 344041.03531988303, "centroide_y": 6293852.0320916418, "crs_original": "EPSG:4326", "fecha_normalizacion": "2025-10-10 01:59:23" }, "geometry": { "type": "Point", "coordinates": [ 344041.035319883027114, 6293852.032091641798615 ] } },
{ "type": "Feature", "properties": { "AGNO": 2021.0, "ID_ESTAB": 142401.0, "ORIGEN": 3.0, "NOM_ESTAB": "ESTACIÓN MULTICOLOR", "COD_REG_ES": 13.0, "COD_PRO_ES": 131.0, "COD_COM_ES": 13106.0, "NOM_COM_ES": "ESTACIÓN CENTRAL", "COD_DEPROV": 0.0, "NOM_DEPROV": null, "DEPENDENCI": 5.0, "RURAL_ESTA": 0.0, "ESTADO_EST": 0.0, "SC_MEN_SI": 0.0, "SC_MEN_H": 8.0, "SC_MEN_M": 11.0, "SC_MAY_H": 13.0, "SC_MAY_M": 6.0, "MED_MEN_SI": 0.0, "MED_MEN_H": 15.0, "MED_MEN_M": 13.0, "MED_MAY_SI": 0.0, "MED_MAY_H": 25.0, "MED_MAY_M": 26.0, "NT1_SI": 0.0, "NT1_H": 0.0, "NT1_M": 0.0, "NT2_SI": 0.0, "NT2_H": 0.0, "NT2_M": 0.0, "N_TOTAL": 117.0, "DIRECCION": "ARICA", "NUMERO": 3702.0, "REFERENCIA": null, "LATITUD": -33.459231, "LONGITUD": -70.685757, "centroide_x": 343335.53483469586, "centroide_y": 6296529.8855810231, "crs_original": "EPSG:4326", "fecha_normalizacion": "2025-10-10 01:59:23" }, "geometry": { "type": "Point", "coordinates": [ 343335.534834695863537, 6296529.885581023059785 ] } },
{ "type": "Feature", "properties": { "AGNO": 2021.0, "ID_ESTAB": 142402.0, "ORIGEN": 3.0, "NOM_ESTAB": "TAI-TAI", "COD_REG_ES": 13.0, "COD_PRO_ES": 131.0, "COD_COM_ES": 13106.0, "NOM_COM_ES": "ESTACIÓN CENTRAL", "COD_DEPROV": 0.0, "NOM_DEPROV": null, "DEPENDENCI": 5.0, "RURAL_ESTA": 0.0, "ESTADO_EST": 0.0, "SC_MEN_SI": 0.0, "SC_MEN_H": 0.0, "SC_MEN_M": 0.0, "SC_MAY_H": 0.0, "SC_MAY_M": 0.0, "MED_MEN_SI": 0.0, "MED_MEN_H": 9.0, "MED_MEN_M": 10.0, "MED_MAY_SI": 0.0, "MED_MAY_H": 11.0, "MED_MAY_M": 12.0, "NT1_SI": 0.0, "NT1_H": 0.0, "NT1_M": 0.0, "NT2_SI": 0.0, "NT2_H": 0.0, "NT2_M": 0.0, "N_TOTAL": 42.0, "DIRECCION": "LA UNIÓN", "NUMERO": 3485.0, "REFERENCIA": null, "LATITUD": -33.475171, "LONGITUD": -70.684016, "centroide_x": 343526.00889096112, "centroide_y": 6294764.9655940589, "crs_original": "EPSG:4326", "fecha_normalizacion": "2025-10-10 01:59:23" }, "geometry": { "type": "Point", "coordinates": [ 343526.008890961122233, 6294764.965594058856368 ] } },
{ "type": "Feature", "properties": { "AGNO": 2021.0, "ID_ESTAB": 142403.0, "ORIGEN": 3.0, "NOM_ESTAB": "AMULEN", "COD_REG_ES": 13.0, "COD_PRO_ES": 131.0, "COD_COM_ES": 13106.0, "NOM_COM_ES": "ESTACIÓN CENTRAL", "COD_DEPROV": 0.0, "NOM_DEPROV": null, "DEPENDENCI": 5.0, "RURAL_ESTA": 0.0, "ESTADO_EST": 0.0, "SC_MEN_SI": 0.0, "SC_MEN_H": 4.0, "SC_MEN_M": 12.0, "SC_MAY_H": 8.0, "SC_MAY_M": 10.0, "MED_MEN_SI": 0.0, "MED_MEN_H": 35.0, "MED_MEN_M": 29.0, "MED_MAY_SI": 0.0, "MED_MAY_H": 37.0, "MED_MAY_M": 24.0, "NT1_SI": 0.0, "NT1_H": 0.0, "NT1_M": 0.0, "NT2_SI": 0.0, "NT2_H": 0.0, "NT2_M": 0.0, "N_TOTAL": 159.0, "DIRECCION": "EL LINGUE", "NUMERO": 336.0, "REFERENCIA": null, "LATITUD": -33.465396, "LONGITUD": -70.709651, "centroide_x": 341125.95759496337, "centroide_y": 6295809.9704939742, "crs_original": "EPSG:4326", "fecha_normalizacion": "2025-10-10 01:59:23" }, "geometry": { "type": "Point", "coordinates": [ 341125.957594963372685, 6295809.970493974164128 ] } },
{ "type": "Feature", "properties": { "AGNO": 2021.0, "ID_ESTAB": 142404.0, "ORIGEN": 3.0, "NOM_ESTAB": "MI MUNDO FELIZ", "COD_REG_ES": 13.0, "COD_PRO_ES": 131.0, "COD_COM_ES": 13106.0, "NOM_COM_ES": "ESTACIÓN CENTRAL", "COD_DEPROV": 0.0, "NOM_DEPROV": null, "DEPENDENCI": 5.0, "RURAL_ESTA": 0.0, "ESTADO_EST": 0.0, "SC_MEN_SI": 0.0, "SC_MEN_H": 7.0, "SC_MEN_M": 2.0, "SC_MAY_H": 10.0, "SC_MAY_M": 12.0, "MED_MEN_SI": 0.0, "MED_MEN_H": 20.0, "MED_MEN_M": 23.0, "MED_MAY_SI": 0.0, "MED_MAY_H": 39.0, "MED_MAY_M": 29.0, "NT1_SI": 0.0, "NT1_H": 0.0, "NT1_M": 0.0, "NT2_SI": 0.0, "NT2_H": 0.0, "NT2_M": 0.0, "N_TOTAL": 142.0, "DIRECCION": "GUILLERMO SAAVEDRA", "NUMERO": 5487.0, "REFERENCIA": null, "LATITUD": -33.474796, "LONGITUD": -70.715904, "centroide_x": 340562.03291855735, "centroide_y": 6294758.0395016577, "crs_original": "EPSG:4326", "fecha_normalizacion": "2025-10-10 01:59:23" }, "geometry": { "type": "Point", "coordinates": [ 340562.032918557350058, 6294758.039501657709479 ] } },
{ "type": "Feature", "properties": { "AGNO": 2021.0, "ID_ESTAB": 142406.0, "ORIGEN": 3.0, "NOM_ESTAB": "SAN ALBERTO", "COD_REG_ES": 13.0, "COD_PRO_ES": 131.0, "COD_COM_ES": 13106.0, "NOM_COM_ES": "ESTACIÓN CENTRAL", "COD_DEPROV": 0.0, "NOM_DEPROV": null, "DEPENDENCI": 5.0, "RURAL_ESTA": 0.0, "ESTADO_EST": 0.0, "SC_MEN_SI": 0.0, "SC_MEN_H": 0.0, "SC_MEN_M": 0.0, "SC_MAY_H": 0.0, "SC_MAY_M": 0.0, "MED_MEN_SI": 0.0, "MED_MEN_H": 0.0, "MED_MEN_M": 0.0, "MED_MAY_SI": 0.0, "MED_MAY_H": 0.0, "MED_MAY_M": 0.0, "NT1_SI": 0.0, "NT1_H": 36.0, "NT1_M": 33.0, "NT2_SI": 0.0, "NT2_H": 0.0, "NT2_M": 0.0, "N_TOTAL": 69.0, "DIRECCION": "CAPITÁN GÁLVEZ", "NUMERO": 4060.0, "REFERENCIA": null, "LATITUD": -33.468482, "LONGITUD": -70.689148, "centroide_x": 343037.03980330972, "centroide_y": 6295498.9468571246, "crs_original": "EPSG:4326", "fecha_normalizacion": "2025-10-10 01:59:23" }, "geometry": { "type": "Point", "coordinates": [ 343037.039803309715353, 6295498.946857124567032 ] } },
{ "type": "Feature", "properties": { "AGNO": 2021.0, "ID_ESTAB": 8818.0, "ORIGEN": 1.0, "NOM_ESTAB": "LICEO ALEXANDER FLEMING DE LAS CONDES", "COD_REG_ES": 13.0, "COD_PRO_ES": 131.0, "COD_COM_ES": 13114.0, "NOM_COM_ES": "LAS CONDES", "COD_DEPROV": 133.0, "NOM_DEPROV": "SANTIAGO ORIENTE", "DEPENDENCI": 2.0, "RURAL_ESTA": 0.0, "ESTADO_EST": 1.0, "SC_MEN_SI": 0.0, "SC_MEN_H": 0.0, "SC_MEN_M": 0.0, "SC_MAY_H": 0.0, "SC_MAY_M": 0.0, "MED_MEN_SI": 0.0, "MED_MEN_H": 0.0, "MED_MEN_M": 0.0, "MED_MAY_SI": 0.0, "MED_MAY_H": 0.0, "MED_MAY_M": 0.0, "NT1_SI": 0.0, "NT1_H": 26.0, "NT1_M": 40.0, "NT2_SI": 0.0, "NT2_H": 36.0, "NT2_M": 34.0, "N_TOTAL": 136.0, "DIRECCION": "ALEJANDRO FLEMING", "NUMERO": 7315.0, "REFERENCIA": "ALEJANDRO FLEMING CON TOMÁS MORO", "LATITUD": -33.425639, "LONGITUD": -70.554957, "centroide_x": 355436.83627313119, "centroide_y": 6300444.3198021157, "crs_original": "EPSG:4326", "fecha_normalizacion": "2025-10-10 01:59:23" }, "geometry": { "type": "Point", "coordinates": [ 355436.836273131193593, 6300444.319802115671337 ] } },
{ "type": "Feature", "properties": { "AGNO": 2021.0, "ID_ESTAB": 8828.0, "ORIGEN": 1.0, "NOM_ESTAB": "LICEO BICENTENARIO SIMON BOLIVAR", "COD_REG_ES": 13.0, "COD_PRO_ES": 131.0, "COD_COM_ES": 13114.0, "NOM_COM_ES": "LAS CONDES", "COD_DEPROV": 133.0, "NOM_DEPROV": "SANTIAGO ORIENTE", "DEPENDENCI": 1.0, "RURAL_ESTA": 0.0, "ESTADO_EST": 1.0, "SC_MEN_SI": 0.0, "SC_MEN_H": 0.0, "SC_MEN_M": 0.0, "SC_MAY_H": 0.0, "SC_MAY_M": 0.0, "MED_MEN_SI": 0.0, "MED_MEN_H": 0.0, "MED_MEN_M": 0.0, "MED_MAY_SI": 0.0, "MED_MAY_H": 0.0, "MED_MAY_M": 0.0, "NT1_SI": 0.0, "NT1_H": 47.0, "NT1_M": 43.0, "NT2_SI": 0.0, "NT2_H": 38.0, "NT2_M": 51.0, "N_TOTAL": 179.0, "DIRECCION": "AVENIDA TOMAS MORO", "NUMERO": 1651.0, "REFERENCIA": "AV. TOMAS MORO ESQUINA AV. FLEMING", "LATITUD": -33.426196, "LONGITUD": -70.554259, "centroide_x": 355502.6667433515, "centroide_y": 6300383.5200953893, "crs_original": "EPSG:4326", "fecha_normalizacion": "2025-10-10 01:59:23" }, "geometry": { "type": "Point", "coordinates": [ 355502.666743351495825, 6300383.520095389336348 ] } },
{ "type": "Feature", "properties": { "AGNO": 2021.0, "ID_ESTAB": 8835.0, "ORIGEN": 1.0, "NOM_ESTAB": "LICEO BICENTENARIO SANTA MARIA DE LAS CONDES", "COD_REG_ES": 13.0, "COD_PRO_ES": 131.0, "COD_COM_ES": 13114.0, "NOM_COM_ES": "LAS CONDES", "COD_DEPROV": 133.0, "NOM_DEPROV": "SANTIAGO ORIENTE", "DEPENDENCI": 1.0, "RURAL_ESTA": 0.0, "ESTADO_EST": 1.0, "SC_MEN_SI": 0.0, "SC_MEN_H": 0.0, "SC_MEN_M": 0.0, "SC_MAY_H": 0.0, "SC_MAY_M": 0.0, "MED_MEN_SI": 0.0, "MED_MEN_H": 0.0, "MED_MEN_M": 0.0, "MED_MAY_SI": 0.0, "MED_MAY_H": 0.0, "MED_MAY_M": 0.0, "NT1_SI": 0.0, "NT1_H": 31.0, "NT1_M": 27.0, "NT2_SI": 0.0, "NT2_H": 31.0, "NT2_M": 29.0, "N_TOTAL": 118.0, "DIRECCION": "VIA LACTEA", "NUMERO": 9308.0, "REFERENCIA": "LAS COORDENADAS SON AVDA. FLEMING, VITAL APOQUINDO, NUEVA BILBAO Y PADRE HURTADO.", "LATITUD": -33.42566, "LONGITUD": -70.531677, "centroide_x": 357601.36904040125, "centroide_y": 6300474.0910746697, "crs_original": "EPSG:4326", "fecha_normalizacion": "2025-10-10 01:59:23" }, "geometry": { "type": "Point", "coordinates": [ 357601.369040401245002, 6300474.091074669733644 ] } },
{ "type": "Feature", "properties": { "AGNO": 2021.0, "ID_ESTAB": 8966.0, "ORIGEN": 1.0, "NOM_ESTAB": "COLEGIO SAINT GABRIEL´S SCHOOL LOCAL SEDE", "COD_REG_ES": 13.0, "COD_PRO_ES": 131.0, "COD_COM_ES": 13123.0, "NOM_COM_ES": "PROVIDENCIA", "COD_DEPROV": 133.0, "NOM_DEPROV": "SANTIAGO ORIENTE", "DEPENDENCI": 3.0, "RURAL_ESTA": 0.0, "ESTADO_EST": 1.0, "SC_MEN_SI": 0.0, "SC_MEN_H": 0.0, "SC_MEN_M": 0.0, "SC_MAY_H": 0.0, "SC_MAY_M": 0.0, "MED_MEN_SI": 0.0, "MED_MEN_H": 0.0, "MED_MEN_M": 0.0, "MED_MAY_SI": 0.0, "MED_MAY_H": 0.0, "MED_MAY_M": 0.0, "NT1_SI": 0.0, "NT1_H": 46.0, "NT1_M": 36.0, "NT2_SI": 0.0, "NT2_H": 68.0, "NT2_M": 72.0, "N_TOTAL": 222.0, "DIRECCION": "FRANCISCO BILBAO", "NUMERO": 3070.0, "REFERENCIA": "METRO ESTACIÓN BILBAO (BILBAO CON TOBALABA)", "LATITUD": -33.431985, "LONGITUD": -70.58551, "centroide_x": 352606.7890354892, "centroide_y": 6299697.7439592481, "crs_original": "EPSG:4326", "fecha_normalizacion": "2025-10-10 01:59:23" }, "geometry": { "type": "Point", "coordinates": [ 352606.789035489200614, 6299697.743959248065948 ] } },
{ "type": "Feature", "properties": { "AGNO": 2021.0, "ID_ESTAB": 8974.0, "ORIGEN": 1.0, "NOM_ESTAB": "COLEGIO CAMPVS COLLEGE", "COD_REG_ES": 13.0, "COD_PRO_ES": 131.0, "COD_COM_ES": 13123.0, "NOM_COM_ES": "PROVIDENCIA", "COD_DEPROV": 133.0, "NOM_DEPROV": "SANTIAGO ORIENTE", "DEPENDENCI": 3.0, "RURAL_ESTA": 0.0, "ESTADO_EST": 1.0, "SC_MEN_SI": 0.0, "SC_MEN_H": 0.0, "SC_MEN_M": 0.0, "SC_MAY_H": 0.0, "SC_MAY_M": 0.0, "MED_MEN_SI": 0.0, "MED_MEN_H": 0.0, "MED_MEN_M": 0.0, "MED_MAY_SI": 0.0, "MED_MAY_H": 4.0, "MED_MAY_M": 6.0, "NT1_SI": 0.0, "NT1_H": 11.0, "NT1_M": 23.0, "NT2_SI": 0.0, "NT2_H": 18.0, "NT2_M": 22.0, "N_TOTAL": 84.0, "DIRECCION": "ANTONIO VARAS", "NUMERO": 1073.0, "REFERENCIA": "A UNA CUADRA DE AV. FRANCISCO BILBAO HACIA EL NORTE.", "LATITUD": -33.437045, "LONGITUD": -70.61461, "centroide_x": 349910.00899585523, "centroide_y": 6299095.0270039476, "crs_original": "EPSG:4326", "fecha_normalizacion": "2025-10-10 01:59:23" }, "geometry": { "type": "Point", "coordinates": [ 349910.008995855227113, 6299095.027003947645426 ] } },
{ "type": "Feature", "properties": { "AGNO": 2021.0, "ID_ESTAB": 8996.0, "ORIGEN": 1.0, "NOM_ESTAB": "COLEGIO SAN IGNACIO EL BOSQUE", "COD_REG_ES": 13.0, "COD_PRO_ES": 131.0, "COD_COM_ES": 13123.0, "NOM_COM_ES": "PROVIDENCIA", "COD_DEPROV": 133.0, "NOM_DEPROV": "SANTIAGO ORIENTE", "DEPENDENCI": 3.0, "RURAL_ESTA": 0.0, "ESTADO_EST": 1.0, "SC_MEN_SI": 0.0, "SC_MEN_H": 0.0, "SC_MEN_M": 0.0, "SC_MAY_H": 0.0, "SC_MAY_M": 0.0, "MED_MEN_SI": 0.0, "MED_MEN_H": 0.0, "MED_MEN_M": 0.0, "MED_MAY_SI": 0.0, "MED_MAY_H": 0.0, "MED_MAY_M": 0.0, "NT1_SI": 0.0, "NT1_H": 75.0, "NT1_M": 63.0, "NT2_SI": 0.0, "NT2_H": 71.0, "NT2_M": 67.0, "N_TOTAL": 276.0, "DIRECCION": "AVENIDA POCURO", "NUMERO": 2801.0, "REFERENCIA": null, "LATITUD": -33.433074, "LONGITUD": -70.59447, "centroide_x": 351775.61069214833, "centroide_y": 6299564.2508240212, "crs_original": "EPSG:4326", "fecha_normalizacion": "2025-10-10 01:59:23" }, "geometry": { "type": "Point", "coordinates": [ 351775.61069214832969, 6299564.250824021175504 ] } },
{ "type": "Feature", "properties": { "AGNO": 2021.0, "ID_ESTAB": 9006.0, "ORIGEN": 1.0, "NOM_ESTAB": "COMPLEJO EDUCACIONAL LA REINA", "COD_REG_ES": 13.0, "COD_PRO_ES": 131.0, "COD_COM_ES": 13113.0, "NOM_COM_ES": "LA REINA", "COD_DEPROV": 133.0, "NOM_DEPROV": "SANTIAGO ORIENTE", "DEPENDENCI": 1.0, "RURAL_ESTA": 0.0, "ESTADO_EST": 1.0, "SC_MEN_SI": 0.0, "SC_MEN_H": 0.0, "SC_MEN_M": 0.0, "SC_MAY_H": 0.0, "SC_MAY_M": 0.0, "MED_MEN_SI": 0.0, "MED_MEN_H": 0.0, "MED_MEN_M": 0.0, "MED_MAY_SI": 0.0, "MED_MAY_H": 0.0, "MED_MAY_M": 0.0, "NT1_SI": 0.0, "NT1_H": 14.0, "NT1_M": 22.0, "NT2_SI": 0.0, "NT2_H": 22.0, "NT2_M": 20.0, "N_TOTAL": 78.0, "DIRECCION": "QUILLAGUA", "NUMERO": 40.0, "REFERENCIA": "AVDA. LARRAÍN ALTURA 9.500.", "LATITUD": -33.452618, "LONGITUD": -70.53304, "centroide_x": 357518.72490959824, "centroide_y": 6297483.0478735771, "crs_original": "EPSG:4326", "fecha_normalizacion": "2025-10-10 01:59:23" }, "geometry": { "type": "Point", "coordinates": [ 357518.724909598240629, 6297483.047873577103019 ] } },
{ "type": "Feature", "properties": { "AGNO": 2021.0, "ID_ESTAB": 9007.0, "ORIGEN": 1.0, "NOM_ESTAB": "LICEO EUGENIO MARÍA DE HOSTOS", "COD_REG_ES": 13.0, "COD_PRO_ES": 131.0, "COD_COM_ES": 13113.0, "NOM_COM_ES": "LA REINA", "COD_DEPROV": 133.0, "NOM_DEPROV": "SANTIAGO ORIENTE", "DEPENDENCI": 1.0, "RURAL_ESTA": 0.0, "ESTADO_EST": 1.0, "SC_MEN_SI": 0.0, "SC_MEN_H": 0.0, "SC_MEN_M": 0.0, "SC_MAY_H": 0.0, "SC_MAY_M": 0.0, "MED_MEN_SI": 0.0, "MED_MEN_H": 0.0, "MED_MEN_M": 0.0, "MED_MAY_SI": 0.0, "MED_MAY_H": 0.0, "MED_MAY_M": 0.0, "NT1_SI": 0.0, "NT1_H": 19.0, "NT1_M": 13.0, "NT2_SI": 0.0, "NT2_H": 22.0, "NT2_M": 10.0, "N_TOTAL": 64.0, "DIRECCION": "ECHENIQUE", "NUMERO": 8625.0, "REFERENCIA": "A UN COSTADO DE 6° COMPAÑÍA DE BOMBEROS DE LA REINA", "LATITUD": -33.442597, "LONGITUD": -70.541644, "centroide_x": 356702.52787270094, "centroide_y": 6298582.4323806707, "crs_original": "EPSG:4326", "fecha_normalizacion": "2025-10-10 01:59:23" }, "geometry": { "type": "Point", "coordinates": [ 356702.52787270094268, 6298582.432380670681596 ] } },
{ "type": "Feature", "properties": { "AGNO": 2021.0, "ID_ESTAB": 9008.0, "ORIGEN": 1.0, "NOM_ESTAB": "COLEGIO MUNICIPALIZADO CONFEDERAC SUIZA", "COD_REG_ES": 13.0, "COD_PRO_ES": 131.0, "COD_COM_ES": 13113.0, "NOM_COM_ES": "LA REINA", "COD_DEPROV": 133.0, "NOM_DEPROV": "SANTIAGO ORIENTE", "DEPENDENCI": 1.0, "RURAL_ESTA": 0.0, "ESTADO_EST": 1.0, "SC_MEN_SI": 0.0, "SC_MEN_H": 0.0, "SC_MEN_M": 0.0, "SC_MAY_H": 0.0, "SC_MAY_M": 0.0, "MED_MEN_SI": 0.0, "MED_MEN_H": 0.0, "MED_MEN_M": 0.0, "MED_MAY_SI": 0.0, "MED_MAY_H": 0.0, "MED_MAY_M": 0.0, "NT1_SI": 0.0, "NT1_H": 16.0, "NT1_M": 9.0, "NT2_SI": 0.0, "NT2_H": 20.0, "NT2_M": 16.0, "N_TOTAL": 61.0, "DIRECCION": "AVENIDA JOSE ARRIETA", "NUMERO": 5896.0, "REFERENCIA": "ENTRE METRO LOS ORIENTALES Y PLAZA EGAÑA.", "LATITUD": -33.459498, "LONGITUD": -70.570351, "centroide_x": 354062.25690980797, "centroide_y": 6296668.3203332387, "crs_original": "EPSG:4326", "fecha_normalizacion": "2025-10-10 01:59:23" }, "geometry": { "type": "Point", "coordinates": [ 354062.25690980796935, 6296668.320333238691092 ] } },
{ "type": "Feature", "properties": { "AGNO": 2021.0, "ID_ESTAB": 9010.0, "ORIGEN": 1.0, "NOM_ESTAB": "ESCUELA D-231 ESPECIAL DE DESARROLLO", "COD_REG_ES": 13.0, "COD_PRO_ES": 131.0, "COD_COM_ES": 13113.0, "NOM_COM_ES": "LA REINA", "COD_DEPROV": 133.0, "NOM_DEPROV": "SANTIAGO ORIENTE", "DEPENDENCI": 1.0, "RURAL_ESTA": 0.0, "ESTADO_EST": 1.0, "SC_MEN_SI": 0.0, "SC_MEN_H": 0.0, "SC_MEN_M": 0.0, "SC_MAY_H": 0.0, "SC_MAY_M": 0.0, "MED_MEN_SI": 0.0, "MED_MEN_H": 0.0, "MED_MEN_M": 0.0, "MED_MAY_SI": 0.0, "MED_MAY_H": 0.0, "MED_MAY_M": 0.0, "NT1_SI": 0.0, "NT1_H": 5.0, "NT1_M": 2.0, "NT2_SI": 0.0, "NT2_H": 7.0, "NT2_M": 0.0, "N_TOTAL": 14.0, "DIRECCION": "AVENIDA LARRAIN", "NUMERO": 6374.0, "REFERENCIA": "METRO PLAZA EGAÑA CUATRO CUADRAS HACIA EL ORIENTE. VEREDA NORTE.", "LATITUD": -33.452576, "LONGITUD": -70.56314, "centroide_x": 354720.90610718681, "centroide_y": 6297446.016513586, "crs_original": "EPSG:4326", "fecha_normalizacion": "2025-10-10 01:59:23" }, "geometry": { "type": "Point", "coordinates": [ 354720.906107186805457, 6297446.016513586044312 ] } },
{ "type": "Feature", "properties": { "AGNO": 2021.0, "ID_ESTAB": 9011.0, "ORIGEN": 1.0, "NOM_ESTAB": "COLEGIO SAN CONSTANTINO", "COD_REG_ES": 13.0, "COD_PRO_ES": 131.0, "COD_COM_ES": 13113.0, "NOM_COM_ES": "LA REINA", "COD_DEPROV": 133.0, "NOM_DEPROV": "SANTIAGO ORIENTE", "DEPENDENCI": 1.0, "RURAL_ESTA": 0.0, "ESTADO_EST": 1.0, "SC_MEN_SI": 0.0, "SC_MEN_H": 0.0, "SC_MEN_M": 0.0, "SC_MAY_H": 0.0, "SC_MAY_M": 0.0, "MED_MEN_SI": 0.0, "MED_MEN_H": 0.0, "MED_MEN_M": 0.0, "MED_MAY_SI": 0.0, "MED_MAY_H": 0.0, "MED_MAY_M": 0.0, "NT1_SI": 0.0, "NT1_H": 15.0, "NT1_M": 9.0, "NT2_SI": 0.0, "NT2_H": 13.0, "NT2_M": 17.0, "N_TOTAL": 54.0, "DIRECCION": "AVENIDA FERNANDO CASTILLO VELASCO", "NUMERO": 9201.0, "REFERENCIA": "FRENTE HOSPITAL MILITAR DE LA REINA", "LATITUD": -33.452055, "LONGITUD": -70.537006, "centroide_x": 357149.22596972273, "centroide_y": 6297540.0109183583, "crs_original": "EPSG:4326", "fecha_normalizacion": "2025-10-10 01:59:23" }, "geometry": { "type": "Point", "coordinates": [ 357149.225969722727314, 6297540.010918358340859 ] } },
{ "type": "Feature", "properties": { "AGNO": 2021.0, "ID_ESTAB": 9012.0, "ORIGEN": 1.0, "NOM_ESTAB": "ESCUELA BASICA YANGTSE EX E-229", "COD_REG_ES": 13.0, "COD_PRO_ES": 131.0, "COD_COM_ES": 13113.0, "NOM_COM_ES": "LA REINA", "COD_DEPROV": 133.0, "NOM_DEPROV": "SANTIAGO ORIENTE", "DEPENDENCI": 1.0, "RURAL_ESTA": 0.0, "ESTADO_EST": 1.0, "SC_MEN_SI": 0.0, "SC_MEN_H": 0.0, "SC_MEN_M": 0.0, "SC_MAY_H": 0.0, "SC_MAY_M": 0.0, "MED_MEN_SI": 0.0, "MED_MEN_H": 0.0, "MED_MEN_M": 0.0, "MED_MAY_SI": 0.0, "MED_MAY_H": 0.0, "MED_MAY_M": 0.0, "NT1_SI": 0.0, "NT1_H": 0.0, "NT1_M": 0.0, "NT2_SI": 0.0, "NT2_H": 12.0, "NT2_M": 24.0, "N_TOTAL": 36.0, "DIRECCION": "AVENIDA ALCALDE FERNANDO CASTILLO VELASCO", "NUMERO": 7631.0, "REFERENCIA": null, "LATITUD": -33.451354, "LONGITUD": -70.54994, "centroide_x": 355945.78362062632, "centroide_y": 6297599.8474023342, "crs_original": "EPSG:4326", "fecha_normalizacion": "2025-10-10 01:59:23" }, "geometry": { "type": "Point", "coordinates": [ 355945.783620626316406, 6297599.847402334213257 ] } },
{ "type": "Feature", "properties": { "AGNO": 2021.0, "ID_ESTAB": 9013.0, "ORIGEN": 1.0, "NOM_ESTAB": "ESCUELA PALESTINA", "COD_REG_ES": 13.0, "COD_PRO_ES": 131.0, "COD_COM_ES": 13113.0, "NOM_COM_ES": "LA REINA", "COD_DEPROV": 133.0, "NOM_DEPROV": "SANTIAGO ORIENTE", "DEPENDENCI": 1.0, "RURAL_ESTA": 0.0, "ESTADO_EST": 1.0, "SC_MEN_SI": 0.0, "SC_MEN_H": 0.0, "SC_MEN_M": 0.0, "SC_MAY_H": 0.0, "SC_MAY_M": 0.0, "MED_MEN_SI": 0.0, "MED_MEN_H": 0.0, "MED_MEN_M": 0.0, "MED_MAY_SI": 0.0, "MED_MAY_H": 0.0, "MED_MAY_M": 0.0, "NT1_SI": 0.0, "NT1_H": 17.0, "NT1_M": 18.0, "NT2_SI": 0.0, "NT2_H": 15.0, "NT2_M": 25.0, "N_TOTAL": 75.0, "DIRECCION": "GENARO BENAVIDES", "NUMERO": 6405.0, "REFERENCIA": "ENTRE SIMON BOLIVAR EN AV. LARRAIN", "LATITUD": -33.448727, "LONGITUD": -70.564282, "centroide_x": 354608.34714930318, "centroide_y": 6297871.2004227545, "crs_original": "EPSG:4326", "fecha_normalizacion": "2025-10-10 01:59:23" }, "geometry": { "type": "Point", "coordinates": [ 354608.34714930318296, 6297871.200422754511237 ] } },
{ "type": "Feature", "properties": { "AGNO": 2021.0, "ID_ESTAB": 9017.0, "ORIGEN": 1.0, "NOM_ESTAB": "ESCUELA PARTICULAR SAN LEONARDO MURIALDO", "COD_REG_ES": 13.0, "COD_PRO_ES": 131.0, "COD_COM_ES": 13113.0, "NOM_COM_ES": "LA REINA", "COD_DEPROV": 133.0, "NOM_DEPROV": "SANTIAGO ORIENTE", "DEPENDENCI": 2.0, "RURAL_ESTA": 0.0, "ESTADO_EST": 1.0, "SC_MEN_SI": 0.0, "SC_MEN_H": 0.0, "SC_MEN_M": 0.0, "SC_MAY_H": 0.0, "SC_MAY_M": 0.0, "MED_MEN_SI": 0.0, "MED_MEN_H": 0.0, "MED_MEN_M": 0.0, "MED_MAY_SI": 0.0, "MED_MAY_H": 0.0, "MED_MAY_M": 0.0, "NT1_SI": 0.0, "NT1_H": 13.0, "NT1_M": 19.0, "NT2_SI": 0.0, "NT2_H": 26.0, "NT2_M": 14.0, "N_TOTAL": 72.0, "DIRECCION": "ONOFRE JARPA", "NUMERO": 9366.0, "REFERENCIA": "CERCA DE LA CIUDAD DEPORTIVA DE IVAN ZAMORANO, FRENTE A LA PLAZA DE LA REINA.", "LATITUD": -33.439191, "LONGITUD": -70.533012, "centroide_x": 357499.4366222322, "centroide_y": 6298971.8602548297, "crs_original": "EPSG:4326", "fecha_normalizacion": "2025-10-10 01:59:23" }, "geometry": { "type": "Point", "coordinates": [ 357499.436622232198715, 6298971.860254829749465 ] } },
{ "type": "Feature", "properties": { "AGNO": 2021.0, "ID_ESTAB": 9020.0, "ORIGEN": 1.0, "NOM_ESTAB": "COLEGIO SANTA CATALINA LABOURÉ", "COD_REG_ES": 13.0, "COD_PRO_ES": 131.0, "COD_COM_ES": 13113.0, "NOM_COM_ES": "LA REINA", "COD_DEPROV": 133.0, "NOM_DEPROV": "SANTIAGO ORIENTE", "DEPENDENCI": 2.0, "RURAL_ESTA": 0.0, "ESTADO_EST": 1.0, "SC_MEN_SI": 0.0, "SC_MEN_H": 0.0, "SC_MEN_M": 0.0, "SC_MAY_H": 0.0, "SC_MAY_M": 0.0, "MED_MEN_SI": 0.0, "MED_MEN_H": 0.0, "MED_MEN_M": 0.0, "MED_MAY_SI": 0.0, "MED_MAY_H": 0.0, "MED_MAY_M": 0.0, "NT1_SI": 0.0, "NT1_H": 26.0, "NT1_M": 41.0, "NT2_SI": 0.0, "NT2_H": 35.0, "NT2_M": 44.0, "N_TOTAL": 146.0, "DIRECCION": "DOCTOR GENARO BENAVIDES", "NUMERO": 5663.0, "REFERENCIA": "ENTRE PLAZA EGAÑA Y CINE HOYTS LA REINA POR AV. OSSA", "LATITUD": -33.449342, "LONGITUD": -70.570751, "centroide_x": 354008.01280152122, "centroide_y": 6297794.0045041423, "crs_original": "EPSG:4326", "fecha_normalizacion": "2025-10-10 01:59:23" }, "geometry": { "type": "Point", "coordinates": [ 354008.012801521224901, 6297794.004504142329097 ] } },
{ "type": "Feature", "properties": { "AGNO": 2021.0, "ID_ESTAB": 9032.0, "ORIGEN": 1.0, "NOM_ESTAB": "ESCUELA PARTICULAR ANTINIL", "COD_REG_ES": 13.0, "COD_PRO_ES": 131.0, "COD_COM_ES": 13113.0, "NOM_COM_ES": "LA REINA", "COD_DEPROV": 133.0, "NOM_DEPROV": "SANTIAGO ORIENTE", "DEPENDENCI": 2.0, "RURAL_ESTA": 0.0, "ESTADO_EST": 1.0, "SC_MEN_SI": 0.0, "SC_MEN_H": 0.0, "SC_MEN_M": 0.0, "SC_MAY_H": 0.0, "SC_MAY_M": 0.0, "MED_MEN_SI": 0.0, "MED_MEN_H": 0.0, "MED_MEN_M": 0.0, "MED_MAY_SI": 0.0, "MED_MAY_H": 0.0, "MED_MAY_M": 0.0, "NT1_SI": 0.0, "NT1_H": 13.0, "NT1_M": 15.0, "NT2_SI": 0.0, "NT2_H": 12.0, "NT2_M": 14.0, "N_TOTAL": 54.0, "DIRECCION": "LEONIDAS BANDERA", "NUMERO": 6972.0, "REFERENCIA": null, "LATITUD": -33.461179, "LONGITUD": -70.556858, "centroide_x": 355319.08013616386, "centroide_y": 6296500.8156054262, "crs_original": "EPSG:4326", "fecha_normalizacion": "2025-10-10 01:59:23" }, "geometry": { "type": "Point", "coordinates": [ 355319.080136163858697, 6296500.815605426207185 ] } },
{ "type": "Feature", "properties": { "AGNO": 2021.0, "ID_ESTAB": 9033.0, "ORIGEN": 1.0, "NOM_ESTAB": "COLEGIO STA MARIA REINA", "COD_REG_ES": 13.0, "COD_PRO_ES": 131.0, "COD_COM_ES": 13113.0, "NOM_COM_ES": "LA REINA", "COD_DEPROV": 133.0, "NOM_DEPROV": "SANTIAGO ORIENTE", "DEPENDENCI": 2.0, "RURAL_ESTA": 0.0, "ESTADO_EST": 1.0, "SC_MEN_SI": 0.0, "SC_MEN_H": 0.0, "SC_MEN_M": 0.0, "SC_MAY_H": 0.0, "SC_MAY_M": 0.0, "MED_MEN_SI": 0.0, "MED_MEN_H": 0.0, "MED_MEN_M": 0.0, "MED_MAY_SI": 0.0, "MED_MAY_H": 0.0, "MED_MAY_M": 0.0, "NT1_SI": 0.0, "NT1_H": 15.0, "NT1_M": 17.0, "NT2_SI": 0.0, "NT2_H": 27.0, "NT2_M": 24.0, "N_TOTAL": 83.0, "DIRECCION": "ALCALDE FERNANDO CASTILLO VELASCO", "NUMERO": 7437.0, "REFERENCIA": "ALCALDE FERNANDO CASTILLO VELASCO EX LARRAÍN) CON PEPE VILA", "LATITUD": -33.451348, "LONGITUD": -70.5504, "centroide_x": 355903.07756876573, "centroide_y": 6297599.9467703858, "crs_original": "EPSG:4326", "fecha_normalizacion": "2025-10-10 01:59:23" }, "geometry": { "type": "Point", "coordinates": [ 355903.077568765729666, 6297599.946770385839045 ] } },
{ "type": "Feature", "properties": { "AGNO": 2021.0, "ID_ESTAB": 9035.0, "ORIGEN": 1.0, "NOM_ESTAB": "COLEGIO EL CARMEN TERESIANO", "COD_REG_ES": 13.0, "COD_PRO_ES": 131.0, "COD_COM_ES": 13113.0, "NOM_COM_ES": "LA REINA", "COD_DEPROV": 133.0, "NOM_DEPROV": "SANTIAGO ORIENTE", "DEPENDENCI": 3.0, "RURAL_ESTA": 0.0, "ESTADO_EST": 1.0, "SC_MEN_SI": 0.0, "SC_MEN_H": 0.0, "SC_MEN_M": 0.0, "SC_MAY_H": 0.0, "SC_MAY_M": 0.0, "MED_MEN_SI": 0.0, "MED_MEN_H": 0.0, "MED_MEN_M": 0.0, "MED_MAY_SI": 0.0, "MED_MAY_H": 0.0, "MED_MAY_M": 0.0, "NT1_SI": 0.0, "NT1_H": 6.0, "NT1_M": 3.0, "NT2_SI": 0.0, "NT2_H": 8.0, "NT2_M": 5.0, "N_TOTAL": 22.0, "DIRECCION": "PRINCIPE DE GALES", "NUMERO": 8050.0, "REFERENCIA": null, "LATITUD": -33.439719, "LONGITUD": -70.54791, "centroide_x": 356115.29455973092, "centroide_y": 6298892.8452326655, "crs_original": "EPSG:4326", "fecha_normalizacion": "2025-10-10 01:59:23" }, "geometry": { "type": "Point", "coordinates": [ 356115.294559730915353, 6298892.845232665538788 ] } },
{ "type": "Feature", "properties": { "AGNO": 2021.0, "ID_ESTAB": 9036.0, "ORIGEN": 1.0, "NOM_ESTAB": "COLEGIO JOSÉ ARRIETA", "COD_REG_ES": 13.0, "COD_PRO_ES": 131.0, "COD_COM_ES": 13113.0, "NOM_COM_ES": "LA REINA", "COD_DEPROV": 133.0, "NOM_DEPROV": "SANTIAGO ORIENTE", "DEPENDENCI": 2.0, "RURAL_ESTA": 0.0, "ESTADO_EST": 1.0, "SC_MEN_SI": 0.0, "SC_MEN_H": 0.0, "SC_MEN_M": 0.0, "SC_MAY_H": 0.0, "SC_MAY_M": 0.0, "MED_MEN_SI": 0.0, "MED_MEN_H": 0.0, "MED_MEN_M": 0.0, "MED_MAY_SI": 0.0, "MED_MAY_H": 0.0, "MED_MAY_M": 0.0, "NT1_SI": 0.0, "NT1_H": 44.0, "NT1_M": 26.0, "NT2_SI": 0.0, "NT2_H": 34.0, "NT2_M": 55.0, "N_TOTAL": 159.0, "DIRECCION": "AVENIDA JOSE ARRIETA", "NUMERO": 6870.0, "REFERENCIA": null, "LATITUD": -33.462378, "LONGITUD": -70.558003, "centroide_x": 355214.65633286553, "centroide_y": 6296366.3318211529, "crs_original": "EPSG:4326", "fecha_normalizacion": "2025-10-10 01:59:23" }, "geometry": { "type": "Point", "coordinates": [ 355214.656332865532022, 6296366.331821152940392 ] } },
{ "type": "Feature", "properties": { "AGNO": 2021.0, "ID_ESTAB": 9039.0, "ORIGEN": 1.0, "NOM_ESTAB": "COLEGIO RUBEN DARIO", "COD_REG_ES": 13.0, "COD_PRO_ES": 131.0, "COD_COM_ES": 13113.0, "NOM_COM_ES": "LA REINA", "COD_DEPROV": 133.0, "NOM_DEPROV": "SANTIAGO ORIENTE", "DEPENDENCI": 3.0, "RURAL_ESTA": 0.0, "ESTADO_EST": 1.0, "SC_MEN_SI": 0.0, "SC_MEN_H": 0.0, "SC_MEN_M": 0.0, "SC_MAY_H": 0.0, "SC_MAY_M": 0.0, "MED_MEN_SI": 0.0, "MED_MEN_H": 0.0, "MED_MEN_M": 0.0, "MED_MAY_SI": 0.0, "MED_MAY_H": 0.0, "MED_MAY_M": 0.0, "NT1_SI": 0.0, "NT1_H": 5.0, "NT1_M": 8.0, "NT2_SI": 0.0, "NT2_H": 10.0, "NT2_M": 7.0, "N_TOTAL": 30.0, "DIRECCION": "PAULA JARAQUEMADA", "NUMERO": 151.0, "REFERENCIA": "LARRAÍN CON A. VESPUCIO 1 CUADRA A LA CORDILLERA", "LATITUD": -33.454635, "LONGITUD": -70.56842, "centroide_x": 354233.57776405482, "centroide_y": 6297210.3099698713, "crs_original": "EPSG:4326", "fecha_normalizacion": "2025-10-10 01:59:23" }, "geometry": { "type": "Point", "coordinates": [ 354233.577764054818545, 6297210.309969871304929 ] } },
{ "type": "Feature", "properties": { "AGNO": 2021.0, "ID_ESTAB": 9042.0, "ORIGEN": 1.0, "NOM_ESTAB": "COLEGIO DE LA SALLE", "COD_REG_ES": 13.0, "COD_PRO_ES": 131.0, "COD_COM_ES": 13113.0, "NOM_COM_ES": "LA REINA", "COD_DEPROV": 133.0, "NOM_DEPROV": "SANTIAGO ORIENTE", "DEPENDENCI": 3.0, "RURAL_ESTA": 0.0, "ESTADO_EST": 1.0, "SC_MEN_SI": 0.0, "SC_MEN_H": 0.0, "SC_MEN_M": 0.0, "SC_MAY_H": 0.0, "SC_MAY_M": 0.0, "MED_MEN_SI": 0.0, "MED_MEN_H": 0.0, "MED_MEN_M": 0.0, "MED_MAY_SI": 0.0, "MED_MAY_H": 0.0, "MED_MAY_M": 0.0, "NT1_SI": 0.0, "NT1_H": 39.0, "NT1_M": 44.0, "NT2_SI": 0.0, "NT2_H": 38.0, "NT2_M": 46.0, "N_TOTAL": 167.0, "DIRECCION": "AVENIDA OSSA", "NUMERO": 1349.0, "REFERENCIA": "METRO PRINCIPE DE GALES, HACIA EL SUR", "LATITUD": -33.440899, "LONGITUD": -70.57238, "centroide_x": 353842.46077995235, "centroide_y": 6298727.8579768101, "crs_original": "EPSG:4326", "fecha_normalizacion": "2025-10-10 01:59:23" }, "geometry": { "type": "Point", "coordinates": [ 353842.460779952351004, 6298727.857976810075343 ] } },
{ "type": "Feature", "properties": { "AGNO": 2021.0, "ID_ESTAB": 9043.0, "ORIGEN": 1.0, "NOM_ESTAB": "ESCUELA DE PARVULOS N°750 CHISPITAS", "COD_REG_ES": 13.0, "COD_PRO_ES": 131.0, "COD_COM_ES": 13113.0, "NOM_COM_ES": "LA REINA", "COD_DEPROV": 133.0, "NOM_DEPROV": "SANTIAGO ORIENTE", "DEPENDENCI": 3.0, "RURAL_ESTA": 0.0, "ESTADO_EST": 1.0, "SC_MEN_SI": 0.0, "SC_MEN_H": 0.0, "SC_MEN_M": 0.0, "SC_MAY_H": 0.0, "SC_MAY_M": 0.0, "MED_MEN_SI": 0.0, "MED_MEN_H": 3.0, "MED_MEN_M": 5.0, "MED_MAY_SI": 0.0, "MED_MAY_H": 2.0, "MED_MAY_M": 4.0, "NT1_SI": 0.0, "NT1_H": 2.0, "NT1_M": 0.0, "NT2_SI": 0.0, "NT2_H": 0.0, "NT2_M": 1.0, "N_TOTAL": 17.0, "DIRECCION": "JULIO MONTEBRUNO", "NUMERO": 701.0, "REFERENCIA": null, "LATITUD": -33.45858, "LONGITUD": -70.55907, "centroide_x": 355109.20058031002, "centroide_y": 6296785.9507355336, "crs_original": "EPSG:4326", "fecha_normalizacion": "2025-10-10 01:59:23" }, "geometry": { "type": "Point", "coordinates": [ 355109.200580310018267, 6296785.950735533609986 ] } },
{ "type": "Feature", "properties": { "AGNO": 2021.0, "ID_ESTAB": 9046.0, "ORIGEN": 1.0, "NOM_ESTAB": "COLEGIO THE GRANGE SCHOOL", "COD_REG_ES": 13.0, "COD_PRO_ES": 131.0, "COD_COM_ES": 13113.0, "NOM_COM_ES": "LA REINA", "COD_DEPROV": 133.0, "NOM_DEPROV": "SANTIAGO ORIENTE", "DEPENDENCI": 3.0, "RURAL_ESTA": 0.0, "ESTADO_EST": 1.0, "SC_MEN_SI": 0.0, "SC_MEN_H": 0.0, "SC_MEN_M": 0.0, "SC_MAY_H": 0.0, "SC_MAY_M": 0.0, "MED_MEN_SI": 0.0, "MED_MEN_H": 0.0, "MED_MEN_M": 0.0, "MED_MAY_SI": 0.0, "MED_MAY_H": 0.0, "MED_MAY_M": 0.0, "NT1_SI": 0.0, "NT1_H": 82.0, "NT1_M": 82.0, "NT2_SI": 0.0, "NT2_H": 77.0, "NT2_M": 83.0, "N_TOTAL": 324.0, "DIRECCION": "PRINCIPE DE GALES", "NUMERO": 6154.0, "REFERENCIA": "CRUCE DE VESPUCIO CON TOBALABA", "LATITUD": -33.437946, "LONGITUD": -70.56862, "centroide_x": 354187.05767392385, "centroide_y": 6299060.5818627644, "crs_original": "EPSG:4326", "fecha_normalizacion": "2025-10-10 01:59:23" }, "geometry": { "type": "Point", "coordinates": [ 354187.057673923845869, 6299060.581862764433026 ] } },
{ "type": "Feature", "properties": { "AGNO": 2021.0, "ID_ESTAB": 9051.0, "ORIGEN": 1.0, "NOM_ESTAB": "COLEGIO ANDREE ENGLISH SCHOOL", "COD_REG_ES": 13.0, "COD_PRO_ES": 131.0, "COD_COM_ES": 13113.0, "NOM_COM_ES": "LA REINA", "COD_DEPROV": 133.0, "NOM_DEPROV": "SANTIAGO ORIENTE", "DEPENDENCI": 3.0, "RURAL_ESTA": 0.0, "ESTADO_EST": 1.0, "SC_MEN_SI": 0.0, "SC_MEN_H": 0.0, "SC_MEN_M": 0.0, "SC_MAY_H": 0.0, "SC_MAY_M": 0.0, "MED_MEN_SI": 0.0, "MED_MEN_H": 0.0, "MED_MEN_M": 0.0, "MED_MAY_SI": 0.0, "MED_MAY_H": 0.0, "MED_MAY_M": 0.0, "NT1_SI": 0.0, "NT1_H": 71.0, "NT1_M": 74.0, "NT2_SI": 0.0, "NT2_H": 72.0, "NT2_M": 72.0, "N_TOTAL": 289.0, "DIRECCION": "PRINCIPE DE GALES", "NUMERO": 7605.0, "REFERENCIA": null, "LATITUD": -33.439731, "LONGITUD": -70.55145, "centroide_x": 355786.2248403994, "centroide_y": 6298886.6073873546, "crs_original": "EPSG:4326", "fecha_normalizacion": "2025-10-10 01:59:23" }, "geometry": { "type": "Point", "coordinates": [ 355786.224840399401728, 6298886.607387354597449 ] } },
{ "type": "Feature", "properties": { "AGNO": 2021.0, "ID_ESTAB": 9053.0, "ORIGEN": 1.0, "NOM_ESTAB": "COLEGIO TERESIANO ENRIQUE DE OSSO", "COD_REG_ES": 13.0, "COD_PRO_ES": 131.0, "COD_COM_ES": 13113.0, "NOM_COM_ES": "LA REINA", "COD_DEPROV": 133.0, "NOM_DEPROV": "SANTIAGO ORIENTE", "DEPENDENCI": 3.0, "RURAL_ESTA": 0.0, "ESTADO_EST": 1.0, "SC_MEN_SI": 0.0, "SC_MEN_H": 0.0, "SC_MEN_M": 0.0, "SC_MAY_H": 0.0, "SC_MAY_M": 0.0, "MED_MEN_SI": 0.0, "MED_MEN_H": 0.0, "MED_MEN_M": 0.0, "MED_MAY_SI": 0.0, "MED_MAY_H": 0.0, "MED_MAY_M": 0.0, "NT1_SI": 0.0, "NT1_H": 32.0, "NT1_M": 36.0, "NT2_SI": 0.0, "NT2_H": 31.0, "NT2_M": 35.0, "N_TOTAL": 134.0, "DIRECCION": "AVENIDA OSSA", "NUMERO": 1157.0, "REFERENCIA": "ENTRE ESTACIONES DEL METRO SIMON BOLIVAR Y PRINCIPE DE GALES, LADO ORIENTE DE AVENIDA OSSA.", "LATITUD": -33.442294, "LONGITUD": -70.57221, "centroide_x": 353860.60406898684, "centroide_y": 6298573.4142633956, "crs_original": "EPSG:4326", "fecha_normalizacion": "2025-10-10 01:59:23" }, "geometry": { "type": "Point", "coordinates": [ 353860.604068986838683, 6298573.41426339559257 ] } },
{ "type": "Feature", "properties": { "AGNO": 2021.0, "ID_ESTAB": 9056.0, "ORIGEN": 1.0, "NOM_ESTAB": "ESCUELA BASICA N° 733 PEQUENO MOZART", "COD_REG_ES": 13.0, "COD_PRO_ES": 131.0, "COD_COM_ES": 13113.0, "NOM_COM_ES": "LA REINA", "COD_DEPROV": 133.0, "NOM_DEPROV": "SANTIAGO ORIENTE", "DEPENDENCI": 3.0, "RURAL_ESTA": 0.0, "ESTADO_EST": 1.0, "SC_MEN_SI": 0.0, "SC_MEN_H": 0.0, "SC_MEN_M": 0.0, "SC_MAY_H": 0.0, "SC_MAY_M": 0.0, "MED_MEN_SI": 0.0, "MED_MEN_H": 3.0, "MED_MEN_M": 5.0, "MED_MAY_SI": 0.0, "MED_MAY_H": 1.0, "MED_MAY_M": 4.0, "NT1_SI": 0.0, "NT1_H": 0.0, "NT1_M": 0.0, "NT2_SI": 0.0, "NT2_H": 0.0, "NT2_M": 1.0, "N_TOTAL": 14.0, "DIRECCION": "PRINCIPE DE GALES", "NUMERO": 6141.0, "REFERENCIA": null, "LATITUD": -33.438451, "LONGITUD": -70.56899, "centroide_x": 354153.50567773799, "centroide_y": 6299004.0650386643, "crs_original": "EPSG:4326", "fecha_normalizacion": "2025-10-10 01:59:23" }, "geometry": { "type": "Point", "coordinates": [ 354153.50567773799412, 6299004.065038664266467 ] } },
{ "type": "Feature", "properties": { "AGNO": 2021.0, "ID_ESTAB": 9078.0, "ORIGEN": 1.0, "NOM_ESTAB": "LICEO LENKA FRANULIC", "COD_REG_ES": 13.0, "COD_PRO_ES": 131.0, "COD_COM_ES": 13120.0, "NOM_COM_ES": "ÑUÑOA", "COD_DEPROV": 133.0, "NOM_DEPROV": "SANTIAGO ORIENTE", "DEPENDENCI": 1.0, "RURAL_ESTA": 0.0, "ESTADO_EST": 1.0, "SC_MEN_SI": 0.0, "SC_MEN_H": 0.0, "SC_MEN_M": 0.0, "SC_MAY_H": 0.0, "SC_MAY_M": 0.0, "MED_MEN_SI": 0.0, "MED_MEN_H": 0.0, "MED_MEN_M": 0.0, "MED_MAY_SI": 0.0, "MED_MAY_H": 0.0, "MED_MAY_M": 0.0, "NT1_SI": 0.0, "NT1_H": 24.0, "NT1_M": 21.0, "NT2_SI": 0.0, "NT2_H": 23.0, "NT2_M": 22.0, "N_TOTAL": 90.0, "DIRECCION": "CLORINDA WILSCHAW", "NUMERO": 411.0, "REFERENCIA": "PARALELO AV. OSSA, ENTRE ESTACIONES DEL METRO SIMÓN BOLÍVAR Y PLAZA EGAÑA", "LATITUD": -33.44983, "LONGITUD": -70.572586, "centroide_x": 353838.32610791235, "centroide_y": 6297737.2808592077, "crs_original": "EPSG:4326", "fecha_normalizacion": "2025-10-10 01:59:23" }, "geometry": { "type": "Point", "coordinates": [ 353838.326107912347652, 6297737.280859207734466 ] } },
{ "type": "Feature", "properties": { "AGNO": 2021.0, "ID_ESTAB": 9083.0, "ORIGEN": 1.0, "NOM_ESTAB": "ESCUELA DIFERENCIAL MUNICIPAL AMAPOLAS", "COD_REG_ES": 13.0, "COD_PRO_ES": 131.0, "COD_COM_ES": 13120.0, "NOM_COM_ES": "ÑUÑOA", "COD_DEPROV": 133.0, "NOM_DEPROV": "SANTIAGO ORIENTE", "DEPENDENCI": 1.0, "RURAL_ESTA": 0.0, "ESTADO_EST": 1.0, "SC_MEN_SI": 0.0, "SC_MEN_H": 0.0, "SC_MEN_M": 0.0, "SC_MAY_H": 0.0, "SC_MAY_M": 0.0, "MED_MEN_SI": 0.0, "MED_MEN_H": 0.0, "MED_MEN_M": 0.0, "MED_MAY_SI": 0.0, "MED_MAY_H": 0.0, "MED_MAY_M": 0.0, "NT1_SI": 0.0, "NT1_H": 1.0, "NT1_M": 7.0, "NT2_SI": 0.0, "NT2_H": 3.0, "NT2_M": 3.0, "N_TOTAL": 14.0, "DIRECCION": "AMAPOLAS", "NUMERO": 4899.0, "REFERENCIA": "ENTRE LAS CALLES COVENTRY Y HAMBURGO", "LATITUD": -33.440495, "LONGITUD": -70.57996, "centroide_x": 353137.12511860498, "centroide_y": 6298761.9702541251, "crs_original": "EPSG:4326", "fecha_normalizacion": "2025-10-10 01:59:23" }, "geometry": { "type": "Point", "coordinates": [ 353137.125118604977615, 6298761.970254125073552 ] } },
{ "type": "Feature", "properties": { "AGNO": 2021.0, "ID_ESTAB": 9087.0, "ORIGEN": 1.0, "NOM_ESTAB": "CENTRO EDUC. VALLE HERMOSO", "COD_REG_ES": 13.0, "COD_PRO_ES": 131.0, "COD_COM_ES": 13122.0, "NOM_COM_ES": "PEÑALOLÉN", "COD_DEPROV": 133.0, "NOM_DEPROV": "SANTIAGO ORIENTE", "DEPENDENCI": 1.0, "RURAL_ESTA": 0.0, "ESTADO_EST": 1.0, "SC_MEN_SI": 0.0, "SC_MEN_H": 0.0, "SC_MEN_M": 0.0, "SC_MAY_H": 0.0, "SC_MAY_M": 0.0, "MED_MEN_SI": 0.0, "MED_MEN_H": 0.0, "MED_MEN_M": 0.0, "MED_MAY_SI": 0.0, "MED_MAY_H": 0.0, "MED_MAY_M": 0.0, "NT1_SI": 0.0, "NT1_H": 11.0, "NT1_M": 14.0, "NT2_SI": 0.0, "NT2_H": 17.0, "NT2_M": 15.0, "N_TOTAL": 57.0, "DIRECCION": "VALLE HERMOSO", "NUMERO": 1120.0, "REFERENCIA": "LAS PARCELAS CON CALLE VALLE HERMOSO HACIA EL NORTE.", "LATITUD": -33.47031, "LONGITUD": -70.531476, "centroide_x": 357693.00811688427, "centroide_y": 6295523.4297132995, "crs_original": "EPSG:4326", "fecha_normalizacion": "2025-10-10 01:59:23" }, "geometry": { "type": "Point", "coordinates": [ 357693.008116884273477, 6295523.429713299497962 ] } },
{ "type": "Feature", "properties": { "AGNO": 2021.0, "ID_ESTAB": 9100.0, "ORIGEN": 1.0, "NOM_ESTAB": "LICEO REPUBLICA DE SIRIA", "COD_REG_ES": 13.0, "COD_PRO_ES": 131.0, "COD_COM_ES": 13120.0, "NOM_COM_ES": "ÑUÑOA", "COD_DEPROV": 133.0, "NOM_DEPROV": "SANTIAGO ORIENTE", "DEPENDENCI": 1.0, "RURAL_ESTA": 0.0, "ESTADO_EST": 1.0, "SC_MEN_SI": 0.0, "SC_MEN_H": 0.0, "SC_MEN_M": 0.0, "SC_MAY_H": 0.0, "SC_MAY_M": 0.0, "MED_MEN_SI": 0.0, "MED_MEN_H": 0.0, "MED_MEN_M": 0.0, "MED_MAY_SI": 0.0, "MED_MAY_H": 0.0, "MED_MAY_M": 0.0, "NT1_SI": 0.0, "NT1_H": 67.0, "NT1_M": 53.0, "NT2_SI": 0.0, "NT2_H": 60.0, "NT2_M": 60.0, "N_TOTAL": 240.0, "DIRECCION": "FRANCISCO VILLAGRA", "NUMERO": 185.0, "REFERENCIA": null, "LATITUD": -33.455733, "LONGITUD": -70.574342, "centroide_x": 353684.98646834306, "centroide_y": 6297080.2519897297, "crs_original": "EPSG:4326", "fecha_normalizacion": "2025-10-10 01:59:23" }, "geometry": { "type": "Point", "coordinates": [ 353684.986468343064189, 6297080.251989729702473 ] } },
{ "type": "Feature", "properties": { "AGNO": 2021.0, "ID_ESTAB": 9103.0, "ORIGEN": 1.0, "NOM_ESTAB": "ESCUELA UNION NACIONAL ARABE", "COD_REG_ES": 13.0, "COD_PRO_ES": 131.0, "COD_COM_ES": 13122.0, "NOM_COM_ES": "PEÑALOLÉN", "COD_DEPROV": 133.0, "NOM_DEPROV": "SANTIAGO ORIENTE", "DEPENDENCI": 1.0, "RURAL_ESTA": 0.0, "ESTADO_EST": 1.0, "SC_MEN_SI": 0.0, "SC_MEN_H": 0.0, "SC_MEN_M": 0.0, "SC_MAY_H": 0.0, "SC_MAY_M": 0.0, "MED_MEN_SI": 0.0, "MED_MEN_H": 0.0, "MED_MEN_M": 0.0, "MED_MAY_SI": 0.0, "MED_MAY_H": 0.0, "MED_MAY_M": 0.0, "NT1_SI": 0.0, "NT1_H": 26.0, "NT1_M": 12.0, "NT2_SI": 0.0, "NT2_H": 21.0, "NT2_M": 16.0, "N_TOTAL": 75.0, "DIRECCION": "QUEBRADA DE UMALLANI", "NUMERO": 710.0, "REFERENCIA": "ESQUINA CALLE VALLE HERMOSO, PEÑALOLÉN ALTO, FRENTE A VILLA MILITAR", "LATITUD": -33.465971, "LONGITUD": -70.534849, "centroide_x": 357372.46632770146, "centroide_y": 6295999.9427851429, "crs_original": "EPSG:4326", "fecha_normalizacion": "2025-10-10 01:59:23" }, "geometry": { "type": "Point", "coordinates": [ 357372.466327701462433, 6295999.942785142920911 ] } },
{ "type": "Feature", "properties": { "AGNO": 2021.0, "ID_ESTAB": 9110.0, "ORIGEN": 1.0, "NOM_ESTAB": "ESCUELA CARLOS FERNANDEZ PENA", "COD_REG_ES": 13.0, "COD_PRO_ES": 131.0, "COD_COM_ES": 13122.0, "NOM_COM_ES": "PEÑALOLÉN", "COD_DEPROV": 133.0, "NOM_DEPROV": "SANTIAGO ORIENTE", "DEPENDENCI": 1.0, "RURAL_ESTA": 0.0, "ESTADO_EST": 1.0, "SC_MEN_SI": 0.0, "SC_MEN_H": 0.0, "SC_MEN_M": 0.0, "SC_MAY_H": 0.0, "SC_MAY_M": 0.0, "MED_MEN_SI": 0.0, "MED_MEN_H": 0.0, "MED_MEN_M": 0.0, "MED_MAY_SI": 0.0, "MED_MAY_H": 0.0, "MED_MAY_M": 0.0, "NT1_SI": 0.0, "NT1_H": 14.0, "NT1_M": 15.0, "NT2_SI": 0.0, "NT2_H": 15.0, "NT2_M": 17.0, "N_TOTAL": 61.0, "DIRECCION": "CALLE 117", "NUMERO": 1035.0, "REFERENCIA": "TOBALABA ENTRE ARRIETA Y ORIENTALES", "LATITUD": -33.46759, "LONGITUD": -70.55257, "centroide_x": 355728.28963902278, "centroide_y": 6295795.8979542945, "crs_original": "EPSG:4326", "fecha_normalizacion": "2025-10-10 01:59:23" }, "geometry": { "type": "Point", "coordinates": [ 355728.289639022783376, 6295795.897954294458032 ] } },
{ "type": "Feature", "properties": { "AGNO": 2021.0, "ID_ESTAB": 9111.0, "ORIGEN": 1.0, "NOM_ESTAB": "ESCUELA LUIS ARRIETA CANAS", "COD_REG_ES": 13.0, "COD_PRO_ES": 131.0, "COD_COM_ES": 13122.0, "NOM_COM_ES": "PEÑALOLÉN", "COD_DEPROV": 133.0, "NOM_DEPROV": "SANTIAGO ORIENTE", "DEPENDENCI": 1.0, "RURAL_ESTA": 0.0, "ESTADO_EST": 1.0, "SC_MEN_SI": 0.0, "SC_MEN_H": 0.0, "SC_MEN_M": 0.0, "SC_MAY_H": 0.0, "SC_MAY_M": 0.0, "MED_MEN_SI": 0.0, "MED_MEN_H": 0.0, "MED_MEN_M": 0.0, "MED_MAY_SI": 0.0, "MED_MAY_H": 0.0, "MED_MAY_M": 0.0, "NT1_SI": 0.0, "NT1_H": 6.0, "NT1_M": 12.0, "NT2_SI": 0.0, "NT2_H": 18.0, "NT2_M": 16.0, "N_TOTAL": 52.0, "DIRECCION": "DIEGO ROJAS", "NUMERO": 900.0, "REFERENCIA": null, "LATITUD": -33.464399, "LONGITUD": -70.556515, "centroide_x": 355356.32626074564, "centroide_y": 6296144.2919731094, "crs_original": "EPSG:4326", "fecha_normalizacion": "2025-10-10 01:59:23" }, "geometry": { "type": "Point", "coordinates": [ 355356.326260745641775, 6296144.291973109357059 ] } },
{ "type": "Feature", "properties": { "AGNO": 2021.0, "ID_ESTAB": 9128.0, "ORIGEN": 1.0, "NOM_ESTAB": "ESCUELA DE ED.DIFERENCIAL HELLEN KELLER", "COD_REG_ES": 13.0, "COD_PRO_ES": 131.0, "COD_COM_ES": 13120.0, "NOM_COM_ES": "ÑUÑOA", "COD_DEPROV": 133.0, "NOM_DEPROV": "SANTIAGO ORIENTE", "DEPENDENCI": 1.0, "RURAL_ESTA": 0.0, "ESTADO_EST": 1.0, "SC_MEN_SI": 0.0, "SC_MEN_H": 0.0, "SC_MEN_M": 0.0, "SC_MAY_H": 0.0, "SC_MAY_M": 1.0, "MED_MEN_SI": 0.0, "MED_MEN_H": 0.0, "MED_MEN_M": 1.0, "MED_MAY_SI": 0.0, "MED_MAY_H": 4.0, "MED_MAY_M": 3.0, "NT1_SI": 0.0, "NT1_H": 3.0, "NT1_M": 5.0, "NT2_SI": 0.0, "NT2_H": 2.0, "NT2_M": 5.0, "N_TOTAL": 24.0, "DIRECCION": "ROSITA RENARD", "NUMERO": 1179.0, "REFERENCIA": "PARALELO A AMERICO VESPUCIO (AVENIDA OSSA) ENTRE PUCARA Y LOS AGUSTINOS, UNA CUADRA HACIA LA COSTA.", "LATITUD": -33.443467, "LONGITUD": -70.574626, "centroide_x": 353637.98622967431, "centroide_y": 6298439.9812980685, "crs_original": "EPSG:4326", "fecha_normalizacion": "2025-10-10 01:59:23" }, "geometry": { "type": "Point", "coordinates": [ 353637.986229674308561, 6298439.981298068538308 ] } },
{ "type": "Feature", "properties": { "AGNO": 2021.0, "ID_ESTAB": 9140.0, "ORIGEN": 1.0, "NOM_ESTAB": "ESCUELA PARTICULAR SANTA VICTORIA", "COD_REG_ES": 13.0, "COD_PRO_ES": 131.0, "COD_COM_ES": 13122.0, "NOM_COM_ES": "PEÑALOLÉN", "COD_DEPROV": 133.0, "NOM_DEPROV": "SANTIAGO ORIENTE", "DEPENDENCI": 2.0, "RURAL_ESTA": 0.0, "ESTADO_EST": 1.0, "SC_MEN_SI": 0.0, "SC_MEN_H": 0.0, "SC_MEN_M": 0.0, "SC_MAY_H": 0.0, "SC_MAY_M": 0.0, "MED_MEN_SI": 0.0, "MED_MEN_H": 0.0, "MED_MEN_M": 0.0, "MED_MAY_SI": 0.0, "MED_MAY_H": 0.0, "MED_MAY_M": 0.0, "NT1_SI": 0.0, "NT1_H": 14.0, "NT1_M": 11.0, "NT2_SI": 0.0, "NT2_H": 15.0, "NT2_M": 14.0, "N_TOTAL": 54.0, "DIRECCION": "CRUZ ALMEYDA", "NUMERO": 830.0, "REFERENCIA": "METRO ESTACIÓN LOS ORIENTALES, SUBIENDO HACIA LA CORDILLERA", "LATITUD": -33.461889, "LONGITUD": -70.569651, "centroide_x": 354131.30520963098, "centroide_y": 6296404.2021762151, "crs_original": "EPSG:4326", "fecha_normalizacion": "2025-10-10 01:59:23" }, "geometry": { "type": "Point", "coordinates": [ 354131.305209630983882, 6296404.20217621512711 ] } },
{ "type": "Feature", "properties": { "AGNO": 2021.0, "ID_ESTAB": 9179.0, "ORIGEN": 1.0, "NOM_ESTAB": "COLEGIO SANTA MARTA", "COD_REG_ES": 13.0, "COD_PRO_ES": 131.0, "COD_COM_ES": 13120.0, "NOM_COM_ES": "ÑUÑOA", "COD_DEPROV": 133.0, "NOM_DEPROV": "SANTIAGO ORIENTE", "DEPENDENCI": 2.0, "RURAL_ESTA": 0.0, "ESTADO_EST": 1.0, "SC_MEN_SI": 0.0, "SC_MEN_H": 0.0, "SC_MEN_M": 0.0, "SC_MAY_H": 0.0, "SC_MAY_M": 0.0, "MED_MEN_SI": 0.0, "MED_MEN_H": 0.0, "MED_MEN_M": 0.0, "MED_MAY_SI": 0.0, "MED_MAY_H": 0.0, "MED_MAY_M": 0.0, "NT1_SI": 0.0, "NT1_H": 18.0, "NT1_M": 17.0, "NT2_SI": 0.0, "NT2_H": 19.0, "NT2_M": 26.0, "N_TOTAL": 80.0, "DIRECCION": "BEETHOVEN", "NUMERO": 5278.0, "REFERENCIA": null, "LATITUD": -33.438659, "LONGITUD": -70.575659, "centroide_x": 353533.85743479274, "centroide_y": 6298971.6209820192, "crs_original": "EPSG:4326", "fecha_normalizacion": "2025-10-10 01:59:23" }, "geometry": { "type": "Point", "coordinates": [ 353533.857434792735148, 6298971.620982019230723 ] } },
{ "type": "Feature", "properties": { "AGNO": 2021.0, "ID_ESTAB": 9213.0, "ORIGEN": 1.0, "NOM_ESTAB": "COLEGIO, CENTRO EDUC.AMERICO VESPUCIO", "COD_REG_ES": 13.0, "COD_PRO_ES": 131.0, "COD_COM_ES": 13122.0, "NOM_COM_ES": "PEÑALOLÉN", "COD_DEPROV": 133.0, "NOM_DEPROV": "SANTIAGO ORIENTE", "DEPENDENCI": 2.0, "RURAL_ESTA": 0.0, "ESTADO_EST": 1.0, "SC_MEN_SI": 0.0, "SC_MEN_H": 0.0, "SC_MEN_M": 0.0, "SC_MAY_H": 0.0, "SC_MAY_M": 0.0, "MED_MEN_SI": 0.0, "MED_MEN_H": 0.0, "MED_MEN_M": 0.0, "MED_MAY_SI": 0.0, "MED_MAY_H": 0.0, "MED_MAY_M": 0.0, "NT1_SI": 0.0, "NT1_H": 9.0, "NT1_M": 18.0, "NT2_SI": 0.0, "NT2_H": 19.0, "NT2_M": 18.0, "N_TOTAL": 64.0, "DIRECCION": "HONORABLE DIPUTADA LAURA RODRIGUEZ", "NUMERO": 6525.0, "REFERENCIA": "METRO GRECIA HACIA LA CORDILLERA", "LATITUD": -33.468328, "LONGITUD": -70.565253, "centroide_x": 354550.83739872562, "centroide_y": 6295696.3618677519, "crs_original": "EPSG:4326", "fecha_normalizacion": "2025-10-10 01:59:23" }, "geometry": { "type": "Point", "coordinates": [ 354550.837398725620005, 6295696.361867751926184 ] } },
{ "type": "Feature", "properties": { "AGNO": 2021.0, "ID_ESTAB": 9246.0, "ORIGEN": 1.0, "NOM_ESTAB": "COLEGIO SAN AGUSTIN", "COD_REG_ES": 13.0, "COD_PRO_ES": 131.0, "COD_COM_ES": 13120.0, "NOM_COM_ES": "ÑUÑOA", "COD_DEPROV": 133.0, "NOM_DEPROV": "SANTIAGO ORIENTE", "DEPENDENCI": 3.0, "RURAL_ESTA": 0.0, "ESTADO_EST": 1.0, "SC_MEN_SI": 0.0, "SC_MEN_H": 0.0, "SC_MEN_M": 0.0, "SC_MAY_H": 0.0, "SC_MAY_M": 0.0, "MED_MEN_SI": 0.0, "MED_MEN_H": 0.0, "MED_MEN_M": 0.0, "MED_MAY_SI": 0.0, "MED_MAY_H": 18.0, "MED_MAY_M": 15.0, "NT1_SI": 0.0, "NT1_H": 36.0, "NT1_M": 44.0, "NT2_SI": 0.0, "NT2_H": 41.0, "NT2_M": 55.0, "N_TOTAL": 209.0, "DIRECCION": "DUBLE ALMEYDA", "NUMERO": 4950.0, "REFERENCIA": "A PASOS DEL METRO LOS ORIENTALES", "LATITUD": -33.459222, "LONGITUD": -70.57815, "centroide_x": 353336.9236816208, "centroide_y": 6296687.9886280764, "crs_original": "EPSG:4326", "fecha_normalizacion": "2025-10-10 01:59:23" }, "geometry": { "type": "Point", "coordinates": [ 353336.923681620799471, 6296687.988628076389432 ] } },
{ "type": "Feature", "properties": { "AGNO": 2021.0, "ID_ESTAB": 9259.0, "ORIGEN": 1.0, "NOM_ESTAB": "COLEGIO MANQUECURA ÑUÑOA", "COD_REG_ES": 13.0, "COD_PRO_ES": 131.0, "COD_COM_ES": 13120.0, "NOM_COM_ES": "ÑUÑOA", "COD_DEPROV": 133.0, "NOM_DEPROV": "SANTIAGO ORIENTE", "DEPENDENCI": 3.0, "RURAL_ESTA": 0.0, "ESTADO_EST": 1.0, "SC_MEN_SI": 0.0, "SC_MEN_H": 0.0, "SC_MEN_M": 0.0, "SC_MAY_H": 0.0, "SC_MAY_M": 0.0, "MED_MEN_SI": 0.0, "MED_MEN_H": 0.0, "MED_MEN_M": 0.0, "MED_MAY_SI": 0.0, "MED_MAY_H": 23.0, "MED_MAY_M": 23.0, "NT1_SI": 0.0, "NT1_H": 55.0, "NT1_M": 74.0, "NT2_SI": 0.0, "NT2_H": 59.0, "NT2_M": 65.0, "N_TOTAL": 299.0, "DIRECCION": "IRARRAZAVAL", "NUMERO": 5310.0, "REFERENCIA": "METRO PLAZA EGAÑA", "LATITUD": -33.453069, "LONGITUD": -70.575529, "centroide_x": 353570.16788645141, "centroide_y": 6297373.9721113984, "crs_original": "EPSG:4326", "fecha_normalizacion": "2025-10-10 01:59:23" }, "geometry": { "type": "Point", "coordinates": [ 353570.167886451410595, 6297373.972111398354173 ] } },
{ "type": "Feature", "properties": { "AGNO": 2021.0, "ID_ESTAB": 9270.0, "ORIGEN": 1.0, "NOM_ESTAB": "COLEGIO VICTOR DOMINGO SILVA", "COD_REG_ES": 13.0, "COD_PRO_ES": 131.0, "COD_COM_ES": 13120.0, "NOM_COM_ES": "ÑUÑOA", "COD_DEPROV": 133.0, "NOM_DEPROV": "SANTIAGO ORIENTE", "DEPENDENCI": 3.0, "RURAL_ESTA": 0.0, "ESTADO_EST": 1.0, "SC_MEN_SI": 0.0, "SC_MEN_H": 0.0, "SC_MEN_M": 0.0, "SC_MAY_H": 0.0, "SC_MAY_M": 0.0, "MED_MEN_SI": 0.0, "MED_MEN_H": 0.0, "MED_MEN_M": 0.0, "MED_MAY_SI": 0.0, "MED_MAY_H": 0.0, "MED_MAY_M": 0.0, "NT1_SI": 0.0, "NT1_H": 1.0, "NT1_M": 2.0, "NT2_SI": 0.0, "NT2_H": 2.0, "NT2_M": 6.0, "N_TOTAL": 11.0, "DIRECCION": "AVENIDA OSSA", "NUMERO": 840.0, "REFERENCIA": "CASI ESQUINA ECHEÑIQUE ( METRO SIMÓN BOLIVAR L.4)", "LATITUD": -33.445357, "LONGITUD": -70.5723, "centroide_x": 353857.3755215737, "centroide_y": 6298233.6472677123, "crs_original": "EPSG:4326", "fecha_normalizacion": "2025-10-10 01:59:23" }, "geometry": { "type": "Point", "coordinates": [ 353857.375521573703736, 6298233.647267712280154 ] } },
{ "type": "Feature", "properties": { "AGNO": 2021.0, "ID_ESTAB": 12086.0, "ORIGEN": 1.0, "NOM_ESTAB": "COLEGIO COYANCURA", "COD_REG_ES": 13.0, "COD_PRO_ES": 131.0, "COD_COM_ES": 13114.0, "NOM_COM_ES": "LAS CONDES", "COD_DEPROV": 133.0, "NOM_DEPROV": "SANTIAGO ORIENTE", "DEPENDENCI": 3.0, "RURAL_ESTA": 0.0, "ESTADO_EST": 1.0, "SC_MEN_SI": 0.0, "SC_MEN_H": 0.0, "SC_MEN_M": 0.0, "SC_MAY_H": 0.0, "SC_MAY_M": 0.0, "MED_MEN_SI": 0.0, "MED_MEN_H": 0.0, "MED_MEN_M": 0.0, "MED_MAY_SI": 0.0, "MED_MAY_H": 0.0, "MED_MAY_M": 0.0, "NT1_SI": 0.0, "NT1_H": 14.0, "NT1_M": 10.0, "NT2_SI": 0.0, "NT2_H": 11.0, "NT2_M": 13.0, "N_TOTAL": 48.0, "DIRECCION": "SANCHEZ FONTECILLA", "NUMERO": 1552.0, "REFERENCIA": "ENTRE ESTACIÓN DEL METRO BILBAO Y COLÓN, CRUZAR CANAL SAN CARLOS", "LATITUD": -33.429065, "LONGITUD": -70.58669, "centroide_x": 352492.14086727484, "centroide_y": 6300019.8522901982, "crs_original": "EPSG:4326", "fecha_normalizacion": "2025-10-10 01:59:23" }, "geometry": { "type": "Point", "coordinates": [ 352492.140867274836637, 6300019.852290198206902 ] } },
{ "type": "Feature", "properties": { "AGNO": 2021.0, "ID_ESTAB": 12087.0, "ORIGEN": 1.0, "NOM_ESTAB": "COLEGIO BRITISH ROYAL SCHOOL", "COD_REG_ES": 13.0, "COD_PRO_ES": 131.0, "COD_COM_ES": 13113.0, "NOM_COM_ES": "LA REINA", "COD_DEPROV": 133.0, "NOM_DEPROV": "SANTIAGO ORIENTE", "DEPENDENCI": 3.0, "RURAL_ESTA": 0.0, "ESTADO_EST": 1.0, "SC_MEN_SI": 0.0, "SC_MEN_H": 0.0, "SC_MEN_M": 0.0, "SC_MAY_H": 0.0, "SC_MAY_M": 0.0, "MED_MEN_SI": 0.0, "MED_MEN_H": 0.0, "MED_MEN_M": 0.0, "MED_MAY_SI": 0.0, "MED_MAY_H": 10.0, "MED_MAY_M": 9.0, "NT1_SI": 0.0, "NT1_H": 43.0, "NT1_M": 31.0, "NT2_SI": 0.0, "NT2_H": 55.0, "NT2_M": 44.0, "N_TOTAL": 192.0, "DIRECCION": "LAS PERDICES", "NUMERO": 263.0, "REFERENCIA": "AV.LARRAÌN A LA ALTURA DEL 10000, ENTRE LAS CALLES LARRAÌN (POR EL NORTE) Y MARÌA MONVEL (POR EL SUR)", "LATITUD": -33.451061, "LONGITUD": -70.5277, "centroide_x": 358012.56181642285, "centroide_y": 6297662.9963888042, "crs_original": "EPSG:4326", "fecha_normalizacion": "2025-10-10 01:59:23" }, "geometry": { "type": "Point", "coordinates": [ 358012.561816422850825, 6297662.996388804167509 ] } },
{ "type": "Feature", "properties": { "AGNO": 2021.0, "ID_ESTAB": 12090.0, "ORIGEN": 1.0, "NOM_ESTAB": "COLEGIO TERRANOVA", "COD_REG_ES": 13.0, "COD_PRO_ES": 131.0, "COD_COM_ES": 13113.0, "NOM_COM_ES": "LA REINA", "COD_DEPROV": 133.0, "NOM_DEPROV": "SANTIAGO ORIENTE", "DEPENDENCI": 3.0, "RURAL_ESTA": 0.0, "ESTADO_EST": 1.0, "SC_MEN_SI": 0.0, "SC_MEN_H": 0.0, "SC_MEN_M": 0.0, "SC_MAY_H": 0.0, "SC_MAY_M": 0.0, "MED_MEN_SI": 0.0, "MED_MEN_H": 0.0, "MED_MEN_M": 0.0, "MED_MAY_SI": 0.0, "MED_MAY_H": 0.0, "MED_MAY_M": 0.0, "NT1_SI": 0.0, "NT1_H": 3.0, "NT1_M": 5.0, "NT2_SI": 0.0, "NT2_H": 13.0, "NT2_M": 8.0, "N_TOTAL": 29.0, "DIRECCION": "LA CAÑADA", "NUMERO": 6240.0, "REFERENCIA": "TOBALABA CON LA CAÑADA EN LA ESQUINA HACIA EL NOR-ORIENTE", "LATITUD": -33.442132, "LONGITUD": -70.56861, "centroide_x": 354194.99178806483, "centroide_y": 6298596.4327044105, "crs_original": "EPSG:4326", "fecha_normalizacion": "2025-10-10 01:59:23" }, "geometry": { "type": "Point", "coordinates": [ 354194.991788064828143, 6298596.432704410515726 ] } },
{ "type": "Feature", "properties": { "AGNO": 2021.0, "ID_ESTAB": 16905.0, "ORIGEN": 1.0, "NOM_ESTAB": "ESC.ESP.DE LENGUAJE Y COMUNICACIÓN `MUNDO FELIZ`", "COD_REG_ES": 13.0, "COD_PRO_ES": 131.0, "COD_COM_ES": 13122.0, "NOM_COM_ES": "PEÑALOLÉN", "COD_DEPROV": 133.0, "NOM_DEPROV": "SANTIAGO ORIENTE", "DEPENDENCI": 2.0, "RURAL_ESTA": 0.0, "ESTADO_EST": 1.0, "SC_MEN_SI": 0.0, "SC_MEN_H": 0.0, "SC_MEN_M": 0.0, "SC_MAY_H": 0.0, "SC_MAY_M": 0.0, "MED_MEN_SI": 0.0, "MED_MEN_H": 0.0, "MED_MEN_M": 0.0, "MED_MAY_SI": 0.0, "MED_MAY_H": 17.0, "MED_MAY_M": 11.0, "NT1_SI": 0.0, "NT1_H": 17.0, "NT1_M": 19.0, "NT2_SI": 0.0, "NT2_H": 18.0, "NT2_M": 12.0, "N_TOTAL": 94.0, "DIRECCION": "QUEBRADA DEL SALADO", "NUMERO": 1004.0, "REFERENCIA": null, "LATITUD": -33.47114, "LONGITUD": -70.52658, "centroide_x": 358149.38216135086, "centroide_y": 6295438.0889252815, "crs_original": "EPSG:4326", "fecha_normalizacion": "2025-10-10 01:59:23" }, "geometry": { "type": "Point", "coordinates": [ 358149.382161350862589, 6295438.088925281539559 ] } },
{ "type": "Feature", "properties": { "AGNO": 2021.0, "ID_ESTAB": 24627.0, "ORIGEN": 1.0, "NOM_ESTAB": "COLEGIO ETIEVAN", "COD_REG_ES": 13.0, "COD_PRO_ES": 131.0, "COD_COM_ES": 13113.0, "NOM_COM_ES": "LA REINA", "COD_DEPROV": 133.0, "NOM_DEPROV": "SANTIAGO ORIENTE", "DEPENDENCI": 3.0, "RURAL_ESTA": 0.0, "ESTADO_EST": 1.0, "SC_MEN_SI": 0.0, "SC_MEN_H": 0.0, "SC_MEN_M": 0.0, "SC_MAY_H": 0.0, "SC_MAY_M": 0.0, "MED_MEN_SI": 0.0, "MED_MEN_H": 0.0, "MED_MEN_M": 0.0, "MED_MAY_SI": 0.0, "MED_MAY_H": 0.0, "MED_MAY_M": 0.0, "NT1_SI": 0.0, "NT1_H": 3.0, "NT1_M": 5.0, "NT2_SI": 0.0, "NT2_H": 11.0, "NT2_M": 12.0, "N_TOTAL": 31.0, "DIRECCION": "CARLOS SILVA VILDOSOLA", "NUMERO": 9820.0, "REFERENCIA": null, "LATITUD": -33.441515, "LONGITUD": -70.52888, "centroide_x": 357887.30896693206, "centroide_y": 6298719.8789064512, "crs_original": "EPSG:4326", "fecha_normalizacion": "2025-10-10 01:59:23" }, "geometry": { "type": "Point", "coordinates": [ 357887.308966932061594, 6298719.878906451165676 ] } },
{ "type": "Feature", "properties": { "AGNO": 2021.0, "ID_ESTAB": 24678.0, "ORIGEN": 1.0, "NOM_ESTAB": "COLEGIO LARRAIN", "COD_REG_ES": 13.0, "COD_PRO_ES": 131.0, "COD_COM_ES": 13113.0, "NOM_COM_ES": "LA REINA", "COD_DEPROV": 133.0, "NOM_DEPROV": "SANTIAGO ORIENTE", "DEPENDENCI": 3.0, "RURAL_ESTA": 0.0, "ESTADO_EST": 1.0, "SC_MEN_SI": 0.0, "SC_MEN_H": 0.0, "SC_MEN_M": 0.0, "SC_MAY_H": 0.0, "SC_MAY_M": 0.0, "MED_MEN_SI": 0.0, "MED_MEN_H": 0.0, "MED_MEN_M": 0.0, "MED_MAY_SI": 0.0, "MED_MAY_H": 0.0, "MED_MAY_M": 0.0, "NT1_SI": 0.0, "NT1_H": 0.0, "NT1_M": 0.0, "NT2_SI": 0.0, "NT2_H": 4.0, "NT2_M": 4.0, "N_TOTAL": 8.0, "DIRECCION": "AVENIDA LARRAIN", "NUMERO": 6227.0, "REFERENCIA": "AV. LARRAÍN 6227, ENTRE AMERICO VESPUCIO Y TOBALABA, ESQUINA LYNCH SUR, METRO PZA. EGAÑA.", "LATITUD": -33.453138, "LONGITUD": -70.56545, "centroide_x": 354507.13114450336, "centroide_y": 6297380.4671074199, "crs_original": "EPSG:4326", "fecha_normalizacion": "2025-10-10 01:59:23" }, "geometry": { "type": "Point", "coordinates": [ 354507.131144503364339, 6297380.467107419855893 ] } },
{ "type": "Feature", "properties": { "AGNO": 2021.0, "ID_ESTAB": 24817.0, "ORIGEN": 1.0, "NOM_ESTAB": "ESCUELA BASICA N°1517 MADRIGAL", "COD_REG_ES": 13.0, "COD_PRO_ES": 131.0, "COD_COM_ES": 13113.0, "NOM_COM_ES": "LA REINA", "COD_DEPROV": 133.0, "NOM_DEPROV": "SANTIAGO ORIENTE", "DEPENDENCI": 3.0, "RURAL_ESTA": 0.0, "ESTADO_EST": 1.0, "SC_MEN_SI": 0.0, "SC_MEN_H": 0.0, "SC_MEN_M": 0.0, "SC_MAY_H": 0.0, "SC_MAY_M": 0.0, "MED_MEN_SI": 0.0, "MED_MEN_H": 0.0, "MED_MEN_M": 0.0, "MED_MAY_SI": 0.0, "MED_MAY_H": 8.0, "MED_MAY_M": 16.0, "NT1_SI": 0.0, "NT1_H": 17.0, "NT1_M": 11.0, "NT2_SI": 0.0, "NT2_H": 16.0, "NT2_M": 8.0, "N_TOTAL": 76.0, "DIRECCION": "MARIA MONVEL", "NUMERO": 1793.0, "REFERENCIA": "LA REINA ALTA, ENTRE CARLOS SILVA VILDÓSOLA Y ALVARO CASANOVA", "LATITUD": -33.439565, "LONGITUD": -70.52313, "centroide_x": 358418.66640674637, "centroide_y": 6298943.9490401419, "crs_original": "EPSG:4326", "fecha_normalizacion": "2025-10-10 01:59:23" }, "geometry": { "type": "Point", "coordinates": [ 358418.666406746371649, 6298943.949040141887963 ] } },
{ "type": "Feature", "properties": { "AGNO": 2021.0, "ID_ESTAB": 24857.0, "ORIGEN": 1.0, "NOM_ESTAB": "COLEGIO CRECES ANEXO", "COD_REG_ES": 13.0, "COD_PRO_ES": 131.0, "COD_COM_ES": 13114.0, "NOM_COM_ES": "LAS CONDES", "COD_DEPROV": 133.0, "NOM_DEPROV": "SANTIAGO ORIENTE", "DEPENDENCI": 3.0, "RURAL_ESTA": 0.0, "ESTADO_EST": 1.0, "SC_MEN_SI": 0.0, "SC_MEN_H": 0.0, "SC_MEN_M": 0.0, "SC_MAY_H": 0.0, "SC_MAY_M": 0.0, "MED_MEN_SI": 0.0, "MED_MEN_H": 0.0, "MED_MEN_M": 0.0, "MED_MAY_SI": 0.0, "MED_MAY_H": 0.0, "MED_MAY_M": 0.0, "NT1_SI": 0.0, "NT1_H": 0.0, "NT1_M": 5.0, "NT2_SI": 0.0, "NT2_H": 3.0, "NT2_M": 2.0, "N_TOTAL": 10.0, "DIRECCION": "ISABEL LA CATOLICA", "NUMERO": 6326.0, "REFERENCIA": "6326-6502", "LATITUD": -33.424892, "LONGITUD": -70.5616, "centroide_x": 354817.93365710962, "centroide_y": 6300517.8876568694, "crs_original": "EPSG:4326", "fecha_normalizacion": "2025-10-10 01:59:23" }, "geometry": { "type": "Point", "coordinates": [ 354817.933657109620981, 6300517.887656869366765 ] } },
{ "type": "Feature", "properties": { "AGNO": 2021.0, "ID_ESTAB": 24944.0, "ORIGEN": 1.0, "NOM_ESTAB": "COLEGIO NUESTRA SEÑORA DEL CAMINO", "COD_REG_ES": 13.0, "COD_PRO_ES": 131.0, "COD_COM_ES": 13113.0, "NOM_COM_ES": "LA REINA", "COD_DEPROV": 133.0, "NOM_DEPROV": "SANTIAGO ORIENTE", "DEPENDENCI": 3.0, "RURAL_ESTA": 0.0, "ESTADO_EST": 1.0, "SC_MEN_SI": 0.0, "SC_MEN_H": 0.0, "SC_MEN_M": 0.0, "SC_MAY_H": 0.0, "SC_MAY_M": 0.0, "MED_MEN_SI": 0.0, "MED_MEN_H": 0.0, "MED_MEN_M": 0.0, "MED_MAY_SI": 0.0, "MED_MAY_H": 0.0, "MED_MAY_M": 0.0, "NT1_SI": 0.0, "NT1_H": 30.0, "NT1_M": 27.0, "NT2_SI": 0.0, "NT2_H": 26.0, "NT2_M": 28.0, "N_TOTAL": 111.0, "DIRECCION": "VICENTE PEREZ ROSALES", "NUMERO": 828.0, "REFERENCIA": null, "LATITUD": -33.445134, "LONGITUD": -70.55209, "centroide_x": 355735.67453297589, "centroide_y": 6298286.6124667488, "crs_original": "EPSG:4326", "fecha_normalizacion": "2025-10-10 01:59:23" }, "geometry": { "type": "Point", "coordinates": [ 355735.674532975885086, 6298286.612466748803854 ] } },
{ "type": "Feature", "properties": { "AGNO": 2021.0, "ID_ESTAB": 25055.0, "ORIGEN": 1.0, "NOM_ESTAB": "COLEGIO INSTITUCION TERESIANA", "COD_REG_ES": 13.0, "COD_PRO_ES": 131.0, "COD_COM_ES": 13114.0, "NOM_COM_ES": "LAS CONDES", "COD_DEPROV": 133.0, "NOM_DEPROV": "SANTIAGO ORIENTE", "DEPENDENCI": 3.0, "RURAL_ESTA": 0.0, "ESTADO_EST": 1.0, "SC_MEN_SI": 0.0, "SC_MEN_H": 0.0, "SC_MEN_M": 0.0, "SC_MAY_H": 0.0, "SC_MAY_M": 0.0, "MED_MEN_SI": 0.0, "MED_MEN_H": 0.0, "MED_MEN_M": 0.0, "MED_MAY_SI": 0.0, "MED_MAY_H": 26.0, "MED_MAY_M": 31.0, "NT1_SI": 0.0, "NT1_H": 43.0, "NT1_M": 41.0, "NT2_SI": 0.0, "NT2_H": 42.0, "NT2_M": 49.0, "N_TOTAL": 232.0, "DIRECCION": "ISABEL LA CATOLICA", "NUMERO": 7445.0, "REFERENCIA": null, "LATITUD": -33.424185, "LONGITUD": -70.55494, "centroide_x": 355436.00249197433, "centroide_y": 6300605.5618597884, "crs_original": "EPSG:4326", "fecha_normalizacion": "2025-10-10 01:59:23" }, "geometry": { "type": "Point", "coordinates": [ 355436.002491974330042, 6300605.561859788373113 ] } },
{ "type": "Feature", "properties": { "AGNO": 2021.0, "ID_ESTAB": 25101.0, "ORIGEN": 1.0, "NOM_ESTAB": "COLEGIO CORONEL ELEUTERIO RAMIREZ MOLINA", "COD_REG_ES": 13.0, "COD_PRO_ES": 131.0, "COD_COM_ES": 13113.0, "NOM_COM_ES": "LA REINA", "COD_DEPROV": 133.0, "NOM_DEPROV": "SANTIAGO ORIENTE", "DEPENDENCI": 2.0, "RURAL_ESTA": 0.0, "ESTADO_EST": 1.0, "SC_MEN_SI": 0.0, "SC_MEN_H": 0.0, "SC_MEN_M": 0.0, "SC_MAY_H": 0.0, "SC_MAY_M": 0.0, "MED_MEN_SI": 0.0, "MED_MEN_H": 0.0, "MED_MEN_M": 0.0, "MED_MAY_SI": 0.0, "MED_MAY_H": 0.0, "MED_MAY_M": 0.0, "NT1_SI": 0.0, "NT1_H": 13.0, "NT1_M": 24.0, "NT2_SI": 0.0, "NT2_H": 38.0, "NT2_M": 46.0, "N_TOTAL": 121.0, "DIRECCION": "TALINAY", "NUMERO": 9411.0, "REFERENCIA": "CALLE ENTRE LARRAIN Y JOSE ARRIETA Y CERCA D ELAS PERDICES", "LATITUD": -33.459519, "LONGITUD": -70.534724, "centroide_x": 357373.48480410036, "centroide_y": 6296715.5058481582, "crs_original": "EPSG:4326", "fecha_normalizacion": "2025-10-10 01:59:23" }, "geometry": { "type": "Point", "coordinates": [ 357373.484804100356996, 6296715.505848158150911 ] } },
{ "type": "Feature", "properties": { "AGNO": 2021.0, "ID_ESTAB": 25111.0, "ORIGEN": 1.0, "NOM_ESTAB": "ESCUELA DE PARVULOS N° 1624 BARRIE MONTESSORI", "COD_REG_ES": 13.0, "COD_PRO_ES": 131.0, "COD_COM_ES": 13113.0, "NOM_COM_ES": "LA REINA", "COD_DEPROV": 133.0, "NOM_DEPROV": "SANTIAGO ORIENTE", "DEPENDENCI": 3.0, "RURAL_ESTA": 0.0, "ESTADO_EST": 1.0, "SC_MEN_SI": 0.0, "SC_MEN_H": 0.0, "SC_MEN_M": 0.0, "SC_MAY_H": 0.0, "SC_MAY_M": 0.0, "MED_MEN_SI": 0.0, "MED_MEN_H": 9.0, "MED_MEN_M": 8.0, "MED_MAY_SI": 0.0, "MED_MAY_H": 13.0, "MED_MAY_M": 16.0, "NT1_SI": 0.0, "NT1_H": 12.0, "NT1_M": 15.0, "NT2_SI": 0.0, "NT2_H": 20.0, "NT2_M": 15.0, "N_TOTAL": 108.0, "DIRECCION": "PRINCIPE DE GALES", "NUMERO": 6450.0, "REFERENCIA": "CON MONSEÑOR EDWARDS", "LATITUD": -33.43831, "LONGITUD": -70.56466, "centroide_x": 354555.80799871596, "centroide_y": 6299025.7670516074, "crs_original": "EPSG:4326", "fecha_normalizacion": "2025-10-10 01:59:23" }, "geometry": { "type": "Point", "coordinates": [ 354555.807998715958092, 6299025.767051607370377 ] } },
{ "type": "Feature", "properties": { "AGNO": 2021.0, "ID_ESTAB": 25142.0, "ORIGEN": 1.0, "NOM_ESTAB": "COLEGIO ANDINO ANTILLANCA", "COD_REG_ES": 13.0, "COD_PRO_ES": 131.0, "COD_COM_ES": 13114.0, "NOM_COM_ES": "LAS CONDES", "COD_DEPROV": 133.0, "NOM_DEPROV": "SANTIAGO ORIENTE", "DEPENDENCI": 3.0, "RURAL_ESTA": 0.0, "ESTADO_EST": 1.0, "SC_MEN_SI": 0.0, "SC_MEN_H": 0.0, "SC_MEN_M": 0.0, "SC_MAY_H": 0.0, "SC_MAY_M": 0.0, "MED_MEN_SI": 0.0, "MED_MEN_H": 0.0, "MED_MEN_M": 0.0, "MED_MAY_SI": 0.0, "MED_MAY_H": 0.0, "MED_MAY_M": 0.0, "NT1_SI": 0.0, "NT1_H": 12.0, "NT1_M": 8.0, "NT2_SI": 0.0, "NT2_H": 12.0, "NT2_M": 6.0, "N_TOTAL": 38.0, "DIRECCION": "SEBASTIAN ELCANO", "NUMERO": 1590.0, "REFERENCIA": null, "LATITUD": -33.425582, "LONGITUD": -70.57013, "centroide_x": 354025.97571854095, "centroide_y": 6300429.4348253049, "crs_original": "EPSG:4326", "fecha_normalizacion": "2025-10-10 01:59:23" }, "geometry": { "type": "Point", "coordinates": [ 354025.975718540954404, 6300429.434825304895639 ] } },
{ "type": "Feature", "properties": { "AGNO": 2021.0, "ID_ESTAB": 25443.0, "ORIGEN": 1.0, "NOM_ESTAB": "ESC ESP PART PUERTA DEL SOL DE LA REINA", "COD_REG_ES": 13.0, "COD_PRO_ES": 131.0, "COD_COM_ES": 13113.0, "NOM_COM_ES": "LA REINA", "COD_DEPROV": 133.0, "NOM_DEPROV": "SANTIAGO ORIENTE", "DEPENDENCI": 2.0, "RURAL_ESTA": 0.0, "ESTADO_EST": 1.0, "SC_MEN_SI": 0.0, "SC_MEN_H": 0.0, "SC_MEN_M": 0.0, "SC_MAY_H": 0.0, "SC_MAY_M": 0.0, "MED_MEN_SI": 0.0, "MED_MEN_H": 0.0, "MED_MEN_M": 0.0, "MED_MAY_SI": 0.0, "MED_MAY_H": 16.0, "MED_MAY_M": 6.0, "NT1_SI": 0.0, "NT1_H": 23.0, "NT1_M": 18.0, "NT2_SI": 0.0, "NT2_H": 12.0, "NT2_M": 3.0, "N_TOTAL": 78.0, "DIRECCION": "AVENIDA JOSE ARRIET", "NUMERO": 7232.0, "REFERENCIA": "AV. JOSÉ ARRIETA/  AV.TOBALABA", "LATITUD": -33.462334, "LONGITUD": -70.55314, "centroide_x": 355666.57633376616, "centroide_y": 6296377.9444297329, "crs_original": "EPSG:4326", "fecha_normalizacion": "2025-10-10 01:59:23" }, "geometry": { "type": "Point", "coordinates": [ 355666.576333766162861, 6296377.944429732859135 ] } },
{ "type": "Feature", "properties": { "AGNO": 2021.0, "ID_ESTAB": 25461.0, "ORIGEN": 1.0, "NOM_ESTAB": "ESCUELA ESPECIAL PART. NINOS DE LA REINA", "COD_REG_ES": 13.0, "COD_PRO_ES": 131.0, "COD_COM_ES": 13113.0, "NOM_COM_ES": "LA REINA", "COD_DEPROV": 133.0, "NOM_DEPROV": "SANTIAGO ORIENTE", "DEPENDENCI": 2.0, "RURAL_ESTA": 0.0, "ESTADO_EST": 1.0, "SC_MEN_SI": 0.0, "SC_MEN_H": 0.0, "SC_MEN_M": 0.0, "SC_MAY_H": 0.0, "SC_MAY_M": 0.0, "MED_MEN_SI": 0.0, "MED_MEN_H": 0.0, "MED_MEN_M": 0.0, "MED_MAY_SI": 0.0, "MED_MAY_H": 9.0, "MED_MAY_M": 20.0, "NT1_SI": 0.0, "NT1_H": 23.0, "NT1_M": 7.0, "NT2_SI": 0.0, "NT2_H": 13.0, "NT2_M": 8.0, "N_TOTAL": 80.0, "DIRECCION": "DRAGONES DE LA REINA", "NUMERO": 561.0, "REFERENCIA": "EL ESTABLECIMIENTO SE ENCUENTRA EN LA CALLE DRAGONES DE LA REINA ENTRE NUNCIO LAGHI Y FRANCISCO DE VILLAGRA", "LATITUD": -33.45803, "LONGITUD": -70.56126, "centroide_x": 354904.73853346321, "centroide_y": 6296843.8795665167, "crs_original": "EPSG:4326", "fecha_normalizacion": "2025-10-10 01:59:23" }, "geometry": { "type": "Point", "coordinates": [ 354904.738533463212661, 6296843.879566516727209 ] } },
{ "type": "Feature", "properties": { "AGNO": 2021.0, "ID_ESTAB": 25520.0, "ORIGEN": 1.0, "NOM_ESTAB": "COL. PART. SAGRADO CORAZON DE JESUS DE LA RE", "COD_REG_ES": 13.0, "COD_PRO_ES": 131.0, "COD_COM_ES": 13113.0, "NOM_COM_ES": "LA REINA", "COD_DEPROV": 133.0, "NOM_DEPROV": "SANTIAGO ORIENTE", "DEPENDENCI": 2.0, "RURAL_ESTA": 0.0, "ESTADO_EST": 1.0, "SC_MEN_SI": 0.0, "SC_MEN_H": 0.0, "SC_MEN_M": 0.0, "SC_MAY_H": 0.0, "SC_MAY_M": 0.0, "MED_MEN_SI": 0.0, "MED_MEN_H": 0.0, "MED_MEN_M": 0.0, "MED_MAY_SI": 0.0, "MED_MAY_H": 0.0, "MED_MAY_M": 0.0, "NT1_SI": 0.0, "NT1_H": 22.0, "NT1_M": 48.0, "NT2_SI": 0.0, "NT2_H": 40.0, "NT2_M": 50.0, "N_TOTAL": 160.0, "DIRECCION": "AVENIDA JOSE ARRIETA", "NUMERO": 8220.0, "REFERENCIA": null, "LATITUD": -33.463196, "LONGITUD": -70.543569, "centroide_x": 356557.48554971488, "centroide_y": 6296295.6405143831, "crs_original": "EPSG:4326", "fecha_normalizacion": "2025-10-10 01:59:23" }, "geometry": { "type": "Point", "coordinates": [ 356557.485549714881927, 6296295.640514383092523 ] } },
{ "type": "Feature", "properties": { "AGNO": 2021.0, "ID_ESTAB": 25545.0, "ORIGEN": 1.0, "NOM_ESTAB": "ESCUELA ESPECIAL PART. N_ 1850 TRALEN", "COD_REG_ES": 13.0, "COD_PRO_ES": 131.0, "COD_COM_ES": 13122.0, "NOM_COM_ES": "PEÑALOLÉN", "COD_DEPROV": 133.0, "NOM_DEPROV": "SANTIAGO ORIENTE", "DEPENDENCI": 2.0, "RURAL_ESTA": 0.0, "ESTADO_EST": 1.0, "SC_MEN_SI": 0.0, "SC_MEN_H": 0.0, "SC_MEN_M": 0.0, "SC_MAY_H": 0.0, "SC_MAY_M": 0.0, "MED_MEN_SI": 0.0, "MED_MEN_H": 0.0, "MED_MEN_M": 0.0, "MED_MAY_SI": 0.0, "MED_MAY_H": 5.0, "MED_MAY_M": 9.0, "NT1_SI": 0.0, "NT1_H": 20.0, "NT1_M": 18.0, "NT2_SI": 0.0, "NT2_H": 14.0, "NT2_M": 10.0, "N_TOTAL": 76.0, "DIRECCION": "CALLE VOLCAN VILLARRICA", "NUMERO": 680.0, "REFERENCIA": "CONSISTORIAL CON ARRIETA", "LATITUD": -33.46482, "LONGITUD": -70.53805, "centroide_x": 357073.10624243168, "centroide_y": 6296123.1517110458, "crs_original": "EPSG:4326", "fecha_normalizacion": "2025-10-10 01:59:23" }, "geometry": { "type": "Point", "coordinates": [ 357073.106242431676947, 6296123.151711045764387 ] } },
{ "type": "Feature", "properties": { "AGNO": 2021.0, "ID_ESTAB": 25594.0, "ORIGEN": 1.0, "NOM_ESTAB": "ESCUELA ESP. PART. SOL Y LUNA", "COD_REG_ES": 13.0, "COD_PRO_ES": 131.0, "COD_COM_ES": 13113.0, "NOM_COM_ES": "LA REINA", "COD_DEPROV": 133.0, "NOM_DEPROV": "SANTIAGO ORIENTE", "DEPENDENCI": 2.0, "RURAL_ESTA": 0.0, "ESTADO_EST": 1.0, "SC_MEN_SI": 0.0, "SC_MEN_H": 0.0, "SC_MEN_M": 0.0, "SC_MAY_H": 0.0, "SC_MAY_M": 0.0, "MED_MEN_SI": 0.0, "MED_MEN_H": 0.0, "MED_MEN_M": 0.0, "MED_MAY_SI": 0.0, "MED_MAY_H": 19.0, "MED_MAY_M": 11.0, "NT1_SI": 0.0, "NT1_H": 24.0, "NT1_M": 15.0, "NT2_SI": 0.0, "NT2_H": 16.0, "NT2_M": 12.0, "N_TOTAL": 97.0, "DIRECCION": "LOS PRUNOS", "NUMERO": 7195.0, "REFERENCIA": "AVENIDA LARRAÍN CON LOS LITRES.", "LATITUD": -33.451485, "LONGITUD": -70.55441, "centroide_x": 355530.54644291539, "centroide_y": 6297579.1636950513, "crs_original": "EPSG:4326", "fecha_normalizacion": "2025-10-10 01:59:23" }, "geometry": { "type": "Point", "coordinates": [ 355530.546442915394437, 6297579.163695051334798 ] } },
{ "type": "Feature", "properties": { "AGNO": 2021.0, "ID_ESTAB": 25901.0, "ORIGEN": 1.0, "NOM_ESTAB": "ESC. EVANG. PENTECOSTAL DR. WILLIS C. HOOVER", "COD_REG_ES": 13.0, "COD_PRO_ES": 131.0, "COD_COM_ES": 13122.0, "NOM_COM_ES": "PEÑALOLÉN", "COD_DEPROV": 133.0, "NOM_DEPROV": "SANTIAGO ORIENTE", "DEPENDENCI": 2.0, "RURAL_ESTA": 0.0, "ESTADO_EST": 1.0, "SC_MEN_SI": 0.0, "SC_MEN_H": 0.0, "SC_MEN_M": 0.0, "SC_MAY_H": 0.0, "SC_MAY_M": 0.0, "MED_MEN_SI": 0.0, "MED_MEN_H": 0.0, "MED_MEN_M": 0.0, "MED_MAY_SI": 0.0, "MED_MAY_H": 0.0, "MED_MAY_M": 0.0, "NT1_SI": 0.0, "NT1_H": 21.0, "NT1_M": 14.0, "NT2_SI": 0.0, "NT2_H": 15.0, "NT2_M": 30.0, "N_TOTAL": 80.0, "DIRECCION": "DIEGO ROJAS", "NUMERO": 1051.0, "REFERENCIA": "ICTINOS CON ORIENTALES UNA CUADRA HACIA LA CORDILLERA", "LATITUD": -33.465875, "LONGITUD": -70.557624, "centroide_x": 355255.74561491562, "centroide_y": 6295979.0353523251, "crs_original": "EPSG:4326", "fecha_normalizacion": "2025-10-10 01:59:23" }, "geometry": { "type": "Point", "coordinates": [ 355255.745614915620536, 6295979.035352325066924 ] } },
{ "type": "Feature", "properties": { "AGNO": 2021.0, "ID_ESTAB": 26000.0, "ORIGEN": 1.0, "NOM_ESTAB": "ESCUELA ESP. SOL DE LA REINA", "COD_REG_ES": 13.0, "COD_PRO_ES": 131.0, "COD_COM_ES": 13113.0, "NOM_COM_ES": "LA REINA", "COD_DEPROV": 133.0, "NOM_DEPROV": "SANTIAGO ORIENTE", "DEPENDENCI": 2.0, "RURAL_ESTA": 0.0, "ESTADO_EST": 1.0, "SC_MEN_SI": 0.0, "SC_MEN_H": 0.0, "SC_MEN_M": 0.0, "SC_MAY_H": 0.0, "SC_MAY_M": 0.0, "MED_MEN_SI": 0.0, "MED_MEN_H": 0.0, "MED_MEN_M": 0.0, "MED_MAY_SI": 0.0, "MED_MAY_H": 0.0, "MED_MAY_M": 0.0, "NT1_SI": 0.0, "NT1_H": 2.0, "NT1_M": 0.0, "NT2_SI": 0.0, "NT2_H": 8.0, "NT2_M": 1.0, "N_TOTAL": 11.0, "DIRECCION": "JANUARIO ESPINOZA", "NUMERO": 7243.0, "REFERENCIA": "AV. JOSE ARRIETA / AV. TOBALABA", "LATITUD": -33.46201, "LONGITUD": -70.55381, "centroide_x": 355603.76980472344, "centroide_y": 6296412.9398416616, "crs_original": "EPSG:4326", "fecha_normalizacion": "2025-10-10 01:59:23" }, "geometry": { "type": "Point", "coordinates": [ 355603.769804723444395, 6296412.939841661602259 ] } },
{ "type": "Feature", "properties": { "AGNO": 2021.0, "ID_ESTAB": 26439.0, "ORIGEN": 1.0, "NOM_ESTAB": "ESCUELA ESPECIAL NIDO DE PALABRAS", "COD_REG_ES": 13.0, "COD_PRO_ES": 131.0, "COD_COM_ES": 13114.0, "NOM_COM_ES": "LAS CONDES", "COD_DEPROV": 133.0, "NOM_DEPROV": "SANTIAGO ORIENTE", "DEPENDENCI": 2.0, "RURAL_ESTA": 0.0, "ESTADO_EST": 1.0, "SC_MEN_SI": 0.0, "SC_MEN_H": 0.0, "SC_MEN_M": 0.0, "SC_MAY_H": 0.0, "SC_MAY_M": 0.0, "MED_MEN_SI": 0.0, "MED_MEN_H": 0.0, "MED_MEN_M": 0.0, "MED_MAY_SI": 0.0, "MED_MAY_H": 14.0, "MED_MAY_M": 8.0, "NT1_SI": 0.0, "NT1_H": 9.0, "NT1_M": 10.0, "NT2_SI": 0.0, "NT2_H": 10.0, "NT2_M": 10.0, "N_TOTAL": 61.0, "DIRECCION": "PICHIDANGUI", "NUMERO": 1600.0, "REFERENCIA": "PICHIDANGUI ESQUINA PUNITAQUI, PARALELO A FLEMING ALTURA 9000 DOS CUADRAS HACIA EL NORTE.", "LATITUD": -33.422444, "LONGITUD": -70.531722, "centroide_x": 357591.96020896931, "centroide_y": 6300830.6484995699, "crs_original": "EPSG:4326", "fecha_normalizacion": "2025-10-10 01:59:23" }, "geometry": { "type": "Point", "coordinates": [ 357591.960208969307132, 6300830.64849956985563 ] } },
{ "type": "Feature", "properties": { "AGNO": 2021.0, "ID_ESTAB": 31254.0, "ORIGEN": 1.0, "NOM_ESTAB": "ESCUELA ESPECIAL Nº 2385 VALLE HERMOSO", "COD_REG_ES": 13.0, "COD_PRO_ES": 131.0, "COD_COM_ES": 13122.0, "NOM_COM_ES": "PEÑALOLÉN", "COD_DEPROV": 133.0, "NOM_DEPROV": "SANTIAGO ORIENTE", "DEPENDENCI": 2.0, "RURAL_ESTA": 0.0, "ESTADO_EST": 1.0, "SC_MEN_SI": 0.0, "SC_MEN_H": 0.0, "SC_MEN_M": 0.0, "SC_MAY_H": 0.0, "SC_MAY_M": 0.0, "MED_MEN_SI": 0.0, "MED_MEN_H": 0.0, "MED_MEN_M": 0.0, "MED_MAY_SI": 0.0, "MED_MAY_H": 33.0, "MED_MAY_M": 26.0, "NT1_SI": 0.0, "NT1_H": 39.0, "NT1_M": 21.0, "NT2_SI": 0.0, "NT2_H": 44.0, "NT2_M": 24.0, "N_TOTAL": 187.0, "DIRECCION": "ROCA VIVA", "NUMERO": 9731.0, "REFERENCIA": "CALLE ROCA VIVA 9731 ESQUINA AVENIDA LAS PERDICES", "LATITUD": -33.471004, "LONGITUD": -70.530045, "centroide_x": 357827.16020070051, "centroide_y": 6295448.4310235269, "crs_original": "EPSG:4326", "fecha_normalizacion": "2025-10-10 01:59:23" }, "geometry": { "type": "Point", "coordinates": [ 357827.160200700513087, 6295448.431023526936769 ] } },
{ "type": "Feature", "properties": { "AGNO": 2021.0, "ID_ESTAB": 31381.0, "ORIGEN": 1.0, "NOM_ESTAB": "ESCUELA ESPECIAL EL CASTILLO DE LOS TRES HERMANOS", "COD_REG_ES": 13.0, "COD_PRO_ES": 131.0, "COD_COM_ES": 13113.0, "NOM_COM_ES": "LA REINA", "COD_DEPROV": 133.0, "NOM_DEPROV": "SANTIAGO ORIENTE", "DEPENDENCI": 2.0, "RURAL_ESTA": 0.0, "ESTADO_EST": 1.0, "SC_MEN_SI": 0.0, "SC_MEN_H": 0.0, "SC_MEN_M": 0.0, "SC_MAY_H": 0.0, "SC_MAY_M": 0.0, "MED_MEN_SI": 0.0, "MED_MEN_H": 0.0, "MED_MEN_M": 0.0, "MED_MAY_SI": 0.0, "MED_MAY_H": 22.0, "MED_MAY_M": 21.0, "NT1_SI": 0.0, "NT1_H": 26.0, "NT1_M": 19.0, "NT2_SI": 0.0, "NT2_H": 12.0, "NT2_M": 12.0, "N_TOTAL": 112.0, "DIRECCION": "POETA ANGEL CRUCHAGA", "NUMERO": 1541.0, "REFERENCIA": "PRINCIPE DE GALES ALT.7400", "LATITUD": -33.438816, "LONGITUD": -70.55434, "centroide_x": 355516.04407485866, "centroide_y": 6298984.0527226608, "crs_original": "EPSG:4326", "fecha_normalizacion": "2025-10-10 01:59:23" }, "geometry": { "type": "Point", "coordinates": [ 355516.044074858655222, 6298984.052722660824656 ] } },
{ "type": "Feature", "properties": { "AGNO": 2021.0, "ID_ESTAB": 13113001.0, "ORIGEN": 2.0, "NOM_ESTAB": "PAIDAHUE", "COD_REG_ES": 13.0, "COD_PRO_ES": 131.0, "COD_COM_ES": 13113.0, "NOM_COM_ES": "LA REINA", "COD_DEPROV": 0.0, "NOM_DEPROV": null, "DEPENDENCI": 4.0, "RURAL_ESTA": 0.0, "ESTADO_EST": 0.0, "SC_MEN_SI": 0.0, "SC_MEN_H": 5.0, "SC_MEN_M": 9.0, "SC_MAY_H": 18.0, "SC_MAY_M": 18.0, "MED_MEN_SI": 0.0, "MED_MEN_H": 26.0, "MED_MEN_M": 26.0, "MED_MAY_SI": 0.0, "MED_MAY_H": 25.0, "MED_MAY_M": 30.0, "NT1_SI": 0.0, "NT1_H": 12.0, "NT1_M": 10.0, "NT2_SI": 0.0, "NT2_H": 0.0, "NT2_M": 0.0, "N_TOTAL": 179.0, "DIRECCION": "QUILLAGUA", "NUMERO": 529.0, "REFERENCIA": "LA REINA", "LATITUD": -33.457266, "LONGITUD": -70.53324, "centroide_x": 357507.76717067545, "centroide_y": 6296967.3778225798, "crs_original": "EPSG:4326", "fecha_normalizacion": "2025-10-10 01:59:23" }, "geometry": { "type": "Point", "coordinates": [ 357507.767170675448142, 6296967.377822579815984 ] } },
{ "type": "Feature", "properties": { "AGNO": 2021.0, "ID_ESTAB": 13113002.0, "ORIGEN": 2.0, "NOM_ESTAB": "CUNDALI", "COD_REG_ES": 13.0, "COD_PRO_ES": 131.0, "COD_COM_ES": 13113.0, "NOM_COM_ES": "LA REINA", "COD_DEPROV": 0.0, "NOM_DEPROV": null, "DEPENDENCI": 4.0, "RURAL_ESTA": 0.0, "ESTADO_EST": 0.0, "SC_MEN_SI": 0.0, "SC_MEN_H": 8.0, "SC_MEN_M": 9.0, "SC_MAY_H": 14.0, "SC_MAY_M": 19.0, "MED_MEN_SI": 0.0, "MED_MEN_H": 0.0, "MED_MEN_M": 0.0, "MED_MAY_SI": 0.0, "MED_MAY_H": 0.0, "MED_MAY_M": 0.0, "NT1_SI": 0.0, "NT1_H": 0.0, "NT1_M": 0.0, "NT2_SI": 0.0, "NT2_H": 0.0, "NT2_M": 0.0, "N_TOTAL": 50.0, "DIRECCION": "QUILLAGUA", "NUMERO": 82.0, "REFERENCIA": null, "LATITUD": -33.453632, "LONGITUD": -70.533221, "centroide_x": 357503.60364022711, "centroide_y": 6297370.3751362022, "crs_original": "EPSG:4326", "fecha_normalizacion": "2025-10-10 01:59:23" }, "geometry": { "type": "Point", "coordinates": [ 357503.603640227112919, 6297370.375136202201247 ] } },
{ "type": "Feature", "properties": { "AGNO": 2021.0, "ID_ESTAB": 13113003.0, "ORIGEN": 2.0, "NOM_ESTAB": "LAURITA VICUÑA", "COD_REG_ES": 13.0, "COD_PRO_ES": 131.0, "COD_COM_ES": 13113.0, "NOM_COM_ES": "LA REINA", "COD_DEPROV": 0.0, "NOM_DEPROV": null, "DEPENDENCI": 4.0, "RURAL_ESTA": 0.0, "ESTADO_EST": 0.0, "SC_MEN_SI": 0.0, "SC_MEN_H": 4.0, "SC_MEN_M": 8.0, "SC_MAY_H": 5.0, "SC_MAY_M": 15.0, "MED_MEN_SI": 0.0, "MED_MEN_H": 17.0, "MED_MEN_M": 16.0, "MED_MAY_SI": 0.0, "MED_MAY_H": 14.0, "MED_MAY_M": 15.0, "NT1_SI": 0.0, "NT1_H": 0.0, "NT1_M": 0.0, "NT2_SI": 0.0, "NT2_H": 0.0, "NT2_M": 0.0, "N_TOTAL": 94.0, "DIRECCION": "PARINACOTA", "NUMERO": 18.0, "REFERENCIA": null, "LATITUD": -33.453738, "LONGITUD": -70.532128, "centroide_x": 357605.3180841431, "centroide_y": 6297360.1136257611, "crs_original": "EPSG:4326", "fecha_normalizacion": "2025-10-10 01:59:23" }, "geometry": { "type": "Point", "coordinates": [ 357605.318084143102169, 6297360.113625761121511 ] } },
{ "type": "Feature", "properties": { "AGNO": 2021.0, "ID_ESTAB": 13113005.0, "ORIGEN": 2.0, "NOM_ESTAB": "DIEGO PORTALES", "COD_REG_ES": 13.0, "COD_PRO_ES": 131.0, "COD_COM_ES": 13113.0, "NOM_COM_ES": "LA REINA", "COD_DEPROV": 0.0, "NOM_DEPROV": null, "DEPENDENCI": 4.0, "RURAL_ESTA": 0.0, "ESTADO_EST": 0.0, "SC_MEN_SI": 0.0, "SC_MEN_H": 0.0, "SC_MEN_M": 0.0, "SC_MAY_H": 0.0, "SC_MAY_M": 0.0, "MED_MEN_SI": 0.0, "MED_MEN_H": 28.0, "MED_MEN_M": 38.0, "MED_MAY_SI": 0.0, "MED_MAY_H": 46.0, "MED_MAY_M": 36.0, "NT1_SI": 0.0, "NT1_H": 0.0, "NT1_M": 0.0, "NT2_SI": 0.0, "NT2_H": 0.0, "NT2_M": 0.0, "N_TOTAL": 148.0, "DIRECCION": "SALAR DEL CARMEN", "NUMERO": 81.0, "REFERENCIA": "VILLA LA REINA", "LATITUD": -33.453593, "LONGITUD": -70.534492, "centroide_x": 357385.40636546374, "centroide_y": 6297372.9680049568, "crs_original": "EPSG:4326", "fecha_normalizacion": "2025-10-10 01:59:23" }, "geometry": { "type": "Point", "coordinates": [ 357385.406365463742986, 6297372.968004956841469 ] } },
{ "type": "Feature", "properties": { "AGNO": 2021.0, "ID_ESTAB": 13113006.0, "ORIGEN": 2.0, "NOM_ESTAB": "ESTRELLITAS", "COD_REG_ES": 13.0, "COD_PRO_ES": 131.0, "COD_COM_ES": 13113.0, "NOM_COM_ES": "LA REINA", "COD_DEPROV": 0.0, "NOM_DEPROV": null, "DEPENDENCI": 4.0, "RURAL_ESTA": 0.0, "ESTADO_EST": 0.0, "SC_MEN_SI": 0.0, "SC_MEN_H": 9.0, "SC_MEN_M": 6.0, "SC_MAY_H": 9.0, "SC_MAY_M": 11.0, "MED_MEN_SI": 0.0, "MED_MEN_H": 15.0, "MED_MEN_M": 17.0, "MED_MAY_SI": 0.0, "MED_MAY_H": 11.0, "MED_MAY_M": 18.0, "NT1_SI": 0.0, "NT1_H": 0.0, "NT1_M": 0.0, "NT2_SI": 0.0, "NT2_H": 0.0, "NT2_M": 0.0, "N_TOTAL": 96.0, "DIRECCION": "AVENIDA LARRAIN", "NUMERO": 9201.0, "REFERENCIA": null, "LATITUD": -33.452572, "LONGITUD": -70.537082, "centroide_x": 357142.97653815401, "centroide_y": 6297482.6255199574, "crs_original": "EPSG:4326", "fecha_normalizacion": "2025-10-10 01:59:23" }, "geometry": { "type": "Point", "coordinates": [ 357142.976538154005539, 6297482.625519957393408 ] } },
{ "type": "Feature", "properties": { "AGNO": 2021.0, "ID_ESTAB": 13113007.0, "ORIGEN": 2.0, "NOM_ESTAB": "EL CANELO", "COD_REG_ES": 13.0, "COD_PRO_ES": 131.0, "COD_COM_ES": 13113.0, "NOM_COM_ES": "LA REINA", "COD_DEPROV": 0.0, "NOM_DEPROV": null, "DEPENDENCI": 4.0, "RURAL_ESTA": 0.0, "ESTADO_EST": 0.0, "SC_MEN_SI": 0.0, "SC_MEN_H": 6.0, "SC_MEN_M": 1.0, "SC_MAY_H": 12.0, "SC_MAY_M": 8.0, "MED_MEN_SI": 0.0, "MED_MEN_H": 17.0, "MED_MEN_M": 15.0, "MED_MAY_SI": 0.0, "MED_MAY_H": 10.0, "MED_MAY_M": 16.0, "NT1_SI": 0.0, "NT1_H": 0.0, "NT1_M": 0.0, "NT2_SI": 0.0, "NT2_H": 0.0, "NT2_M": 0.0, "N_TOTAL": 85.0, "DIRECCION": "AVENIDA ECHEÑIQUE", "NUMERO": 8625.0, "REFERENCIA": null, "LATITUD": -33.443113, "LONGITUD": -70.541721, "centroide_x": 356696.26009296416, "centroide_y": 6298525.0730346311, "crs_original": "EPSG:4326", "fecha_normalizacion": "2025-10-10 01:59:23" }, "geometry": { "type": "Point", "coordinates": [ 356696.26009296416305, 6298525.073034631088376 ] } },
{ "type": "Feature", "properties": { "AGNO": 2021.0, "ID_ESTAB": 13113008.0, "ORIGEN": 2.0, "NOM_ESTAB": "EL ALERCE", "COD_REG_ES": 13.0, "COD_PRO_ES": 131.0, "COD_COM_ES": 13113.0, "NOM_COM_ES": "LA REINA", "COD_DEPROV": 0.0, "NOM_DEPROV": null, "DEPENDENCI": 4.0, "RURAL_ESTA": 0.0, "ESTADO_EST": 0.0, "SC_MEN_SI": 0.0, "SC_MEN_H": 4.0, "SC_MEN_M": 3.0, "SC_MAY_H": 12.0, "SC_MAY_M": 6.0, "MED_MEN_SI": 0.0, "MED_MEN_H": 19.0, "MED_MEN_M": 14.0, "MED_MAY_SI": 0.0, "MED_MAY_H": 19.0, "MED_MAY_M": 10.0, "NT1_SI": 0.0, "NT1_H": 0.0, "NT1_M": 0.0, "NT2_SI": 0.0, "NT2_H": 0.0, "NT2_M": 0.0, "N_TOTAL": 87.0, "DIRECCION": "AVENIDA LARRAIN", "NUMERO": 6374.0, "REFERENCIA": null, "LATITUD": -33.452955, "LONGITUD": -70.564024, "centroide_x": 354639.39068546414, "centroide_y": 6297402.7529775202, "crs_original": "EPSG:4326", "fecha_normalizacion": "2025-10-10 01:59:23" }, "geometry": { "type": "Point", "coordinates": [ 354639.390685464139096, 6297402.752977520227432 ] } },
{ "type": "Feature", "properties": { "AGNO": 2021.0, "ID_ESTAB": 13113009.0, "ORIGEN": 2.0, "NOM_ESTAB": "EL AVELLANO", "COD_REG_ES": 13.0, "COD_PRO_ES": 131.0, "COD_COM_ES": 13113.0, "NOM_COM_ES": "LA REINA", "COD_DEPROV": 0.0, "NOM_DEPROV": null, "DEPENDENCI": 4.0, "RURAL_ESTA": 0.0, "ESTADO_EST": 0.0, "SC_MEN_SI": 0.0, "SC_MEN_H": 7.0, "SC_MEN_M": 4.0, "SC_MAY_H": 13.0, "SC_MAY_M": 7.0, "MED_MEN_SI": 0.0, "MED_MEN_H": 14.0, "MED_MEN_M": 18.0, "MED_MAY_SI": 0.0, "MED_MAY_H": 8.0, "MED_MAY_M": 23.0, "NT1_SI": 0.0, "NT1_H": 0.0, "NT1_M": 0.0, "NT2_SI": 0.0, "NT2_H": 0.0, "NT2_M": 0.0, "N_TOTAL": 94.0, "DIRECCION": "FRANCISCO DE VILLAGRA", "NUMERO": 6581.0, "REFERENCIA": null, "LATITUD": -33.45992, "LONGITUD": -70.56159, "centroide_x": 354877.2197742454, "centroide_y": 6296633.8501664242, "crs_original": "EPSG:4326", "fecha_normalizacion": "2025-10-10 01:59:23" }, "geometry": { "type": "Point", "coordinates": [ 354877.219774245400913, 6296633.850166424177587 ] } },
{ "type": "Feature", "properties": { "AGNO": 2021.0, "ID_ESTAB": 13113010.0, "ORIGEN": 2.0, "NOM_ESTAB": "TALINAY", "COD_REG_ES": 13.0, "COD_PRO_ES": 131.0, "COD_COM_ES": 13113.0, "NOM_COM_ES": "LA REINA", "COD_DEPROV": 0.0, "NOM_DEPROV": null, "DEPENDENCI": 4.0, "RURAL_ESTA": 0.0, "ESTADO_EST": 0.0, "SC_MEN_SI": 0.0, "SC_MEN_H": 3.0, "SC_MEN_M": 9.0, "SC_MAY_H": 11.0, "SC_MAY_M": 8.0, "MED_MEN_SI": 0.0, "MED_MEN_H": 21.0, "MED_MEN_M": 11.0, "MED_MAY_SI": 0.0, "MED_MAY_H": 19.0, "MED_MAY_M": 12.0, "NT1_SI": 0.0, "NT1_H": 0.0, "NT1_M": 0.0, "NT2_SI": 0.0, "NT2_H": 0.0, "NT2_M": 0.0, "N_TOTAL": 94.0, "DIRECCION": "TALINAY", "NUMERO": 9951.0, "REFERENCIA": null, "LATITUD": -33.459946, "LONGITUD": -70.530158, "centroide_x": 357798.5726470584, "centroide_y": 6296674.4802708859, "crs_original": "EPSG:4326", "fecha_normalizacion": "2025-10-10 01:59:23" }, "geometry": { "type": "Point", "coordinates": [ 357798.572647058404982, 6296674.48027088586241 ] } },
{ "type": "Feature", "properties": { "AGNO": 2021.0, "ID_ESTAB": 13120006.0, "ORIGEN": 2.0, "NOM_ESTAB": "LAS AMAPOLAS", "COD_REG_ES": 13.0, "COD_PRO_ES": 131.0, "COD_COM_ES": 13120.0, "NOM_COM_ES": "ÑUÑOA", "COD_DEPROV": 0.0, "NOM_DEPROV": null, "DEPENDENCI": 4.0, "RURAL_ESTA": 0.0, "ESTADO_EST": 0.0, "SC_MEN_SI": 0.0, "SC_MEN_H": 9.0, "SC_MEN_M": 7.0, "SC_MAY_H": 14.0, "SC_MAY_M": 22.0, "MED_MEN_SI": 0.0, "MED_MEN_H": 25.0, "MED_MEN_M": 26.0, "MED_MAY_SI": 0.0, "MED_MAY_H": 18.0, "MED_MAY_M": 11.0, "NT1_SI": 0.0, "NT1_H": 9.0, "NT1_M": 11.0, "NT2_SI": 0.0, "NT2_H": 0.0, "NT2_M": 0.0, "N_TOTAL": 152.0, "DIRECCION": "PASAJE", "NUMERO": 9.0, "REFERENCIA": "4850 CONVENTRY C/ BREMEN LAS AMAPOLAS", "LATITUD": -33.441056, "LONGITUD": -70.580069, "centroide_x": 353127.93777043303, "centroide_y": 6298699.6099407878, "crs_original": "EPSG:4326", "fecha_normalizacion": "2025-10-10 01:59:23" }, "geometry": { "type": "Point", "coordinates": [ 353127.937770433025435, 6298699.609940787777305 ] } },
{ "type": "Feature", "properties": { "AGNO": 2021.0, "ID_ESTAB": 13120017.0, "ORIGEN": 2.0, "NOM_ESTAB": "HOGAR MISION DE MARIA", "COD_REG_ES": 13.0, "COD_PRO_ES": 131.0, "COD_COM_ES": 13120.0, "NOM_COM_ES": "ÑUÑOA", "COD_DEPROV": 0.0, "NOM_DEPROV": null, "DEPENDENCI": 4.0, "RURAL_ESTA": 0.0, "ESTADO_EST": 0.0, "SC_MEN_SI": 0.0, "SC_MEN_H": 6.0, "SC_MEN_M": 4.0, "SC_MAY_H": 0.0, "SC_MAY_M": 0.0, "MED_MEN_SI": 0.0, "MED_MEN_H": 1.0, "MED_MEN_M": 3.0, "MED_MAY_SI": 0.0, "MED_MAY_H": 2.0, "MED_MAY_M": 0.0, "NT1_SI": 0.0, "NT1_H": 0.0, "NT1_M": 0.0, "NT2_SI": 0.0, "NT2_H": 0.0, "NT2_M": 0.0, "N_TOTAL": 16.0, "DIRECCION": "BREMEN", "NUMERO": 1316.0, "REFERENCIA": null, "LATITUD": -33.44327, "LONGITUD": -70.579203, "centroide_x": 353212.14630576858, "centroide_y": 6298455.3188286787, "crs_original": "EPSG:4326", "fecha_normalizacion": "2025-10-10 01:59:23" }, "geometry": { "type": "Point", "coordinates": [ 353212.146305768575985, 6298455.318828678689897 ] } },
{ "type": "Feature", "properties": { "AGNO": 2021.0, "ID_ESTAB": 13122003.0, "ORIGEN": 2.0, "NOM_ESTAB": "MUNDO DE NIÑOS Y NIÑAS", "COD_REG_ES": 13.0, "COD_PRO_ES": 131.0, "COD_COM_ES": 13122.0, "NOM_COM_ES": "PEÑALOLÉN", "COD_DEPROV": 0.0, "NOM_DEPROV": null, "DEPENDENCI": 4.0, "RURAL_ESTA": 0.0, "ESTADO_EST": 0.0, "SC_MEN_SI": 0.0, "SC_MEN_H": 1.0, "SC_MEN_M": 6.0, "SC_MAY_H": 8.0, "SC_MAY_M": 12.0, "MED_MEN_SI": 0.0, "MED_MEN_H": 9.0, "MED_MEN_M": 7.0, "MED_MAY_SI": 0.0, "MED_MAY_H": 23.0, "MED_MAY_M": 12.0, "NT1_SI": 0.0, "NT1_H": 0.0, "NT1_M": 0.0, "NT2_SI": 0.0, "NT2_H": 0.0, "NT2_M": 0.0, "N_TOTAL": 78.0, "DIRECCION": "CALLE 13-A", "NUMERO": 1011.0, "REFERENCIA": "CALLE 13-A # 1011 POB. LA FAENA", "LATITUD": -33.467495, "LONGITUD": -70.553318, "centroide_x": 355658.56323923491, "centroide_y": 6295805.3796883207, "crs_original": "EPSG:4326", "fecha_normalizacion": "2025-10-10 01:59:23" }, "geometry": { "type": "Point", "coordinates": [ 355658.563239234907087, 6295805.379688320681453 ] } },
{ "type": "Feature", "properties": { "AGNO": 2021.0, "ID_ESTAB": 13122043.0, "ORIGEN": 2.0, "NOM_ESTAB": "LA FAENA", "COD_REG_ES": 13.0, "COD_PRO_ES": 131.0, "COD_COM_ES": 13122.0, "NOM_COM_ES": "PEÑALOLÉN", "COD_DEPROV": 0.0, "NOM_DEPROV": null, "DEPENDENCI": 4.0, "RURAL_ESTA": 0.0, "ESTADO_EST": 0.0, "SC_MEN_SI": 0.0, "SC_MEN_H": 0.0, "SC_MEN_M": 0.0, "SC_MAY_H": 11.0, "SC_MAY_M": 10.0, "MED_MEN_SI": 0.0, "MED_MEN_H": 0.0, "MED_MEN_M": 0.0, "MED_MAY_SI": 0.0, "MED_MAY_H": 0.0, "MED_MAY_M": 0.0, "NT1_SI": 0.0, "NT1_H": 0.0, "NT1_M": 0.0, "NT2_SI": 0.0, "NT2_H": 0.0, "NT2_M": 0.0, "N_TOTAL": 21.0, "DIRECCION": "DIEGO ROJAS", "NUMERO": 900.0, "REFERENCIA": null, "LATITUD": -33.464916, "LONGITUD": -70.556592, "centroide_x": 355349.99824156734, "centroide_y": 6296086.8724953029, "crs_original": "EPSG:4326", "fecha_normalizacion": "2025-10-10 01:59:23" }, "geometry": { "type": "Point", "coordinates": [ 355349.998241567343939, 6296086.872495302930474 ] } },
{ "type": "Feature", "properties": { "AGNO": 2021.0, "ID_ESTAB": 13122046.0, "ORIGEN": 2.0, "NOM_ESTAB": "MUNDO  FELIZ", "COD_REG_ES": 13.0, "COD_PRO_ES": 131.0, "COD_COM_ES": 13122.0, "NOM_COM_ES": "PEÑALOLÉN", "COD_DEPROV": 0.0, "NOM_DEPROV": null, "DEPENDENCI": 4.0, "RURAL_ESTA": 0.0, "ESTADO_EST": 0.0, "SC_MEN_SI": 0.0, "SC_MEN_H": 7.0, "SC_MEN_M": 14.0, "SC_MAY_H": 6.0, "SC_MAY_M": 14.0, "MED_MEN_SI": 0.0, "MED_MEN_H": 15.0, "MED_MEN_M": 14.0, "MED_MAY_SI": 0.0, "MED_MAY_H": 12.0, "MED_MAY_M": 18.0, "NT1_SI": 0.0, "NT1_H": 0.0, "NT1_M": 0.0, "NT2_SI": 0.0, "NT2_H": 0.0, "NT2_M": 0.0, "N_TOTAL": 100.0, "DIRECCION": "LAS PEÑAS", "NUMERO": 9530.0, "REFERENCIA": "VALLE HERMOSO", "LATITUD": -33.471215, "LONGITUD": -70.532309, "centroide_x": 357617.11038670893, "centroide_y": 6295421.9305473696, "crs_original": "EPSG:4326", "fecha_normalizacion": "2025-10-10 01:59:23" }, "geometry": { "type": "Point", "coordinates": [ 357617.110386708925944, 6295421.930547369644046 ] } },
{ "type": "Feature", "properties": { "AGNO": 2021.0, "ID_ESTAB": 13122047.0, "ORIGEN": 2.0, "NOM_ESTAB": "NUEVO MUNDO", "COD_REG_ES": 13.0, "COD_PRO_ES": 131.0, "COD_COM_ES": 13122.0, "NOM_COM_ES": "PEÑALOLÉN", "COD_DEPROV": 0.0, "NOM_DEPROV": null, "DEPENDENCI": 4.0, "RURAL_ESTA": 0.0, "ESTADO_EST": 0.0, "SC_MEN_SI": 0.0, "SC_MEN_H": 2.0, "SC_MEN_M": 9.0, "SC_MAY_H": 9.0, "SC_MAY_M": 8.0, "MED_MEN_SI": 0.0, "MED_MEN_H": 9.0, "MED_MEN_M": 16.0, "MED_MAY_SI": 0.0, "MED_MAY_H": 7.0, "MED_MAY_M": 14.0, "NT1_SI": 0.0, "NT1_H": 0.0, "NT1_M": 0.0, "NT2_SI": 0.0, "NT2_H": 0.0, "NT2_M": 0.0, "N_TOTAL": 74.0, "DIRECCION": "CALLE 138", "NUMERO": 6485.0, "REFERENCIA": "CALLE 138 N 6485, POB. LA FAENA", "LATITUD": -33.464895, "LONGITUD": -70.564262, "centroide_x": 354637.18853520381, "centroide_y": 6296078.4629897159, "crs_original": "EPSG:4326", "fecha_normalizacion": "2025-10-10 01:59:23" }, "geometry": { "type": "Point", "coordinates": [ 354637.188535203807987, 6296078.462989715859294 ] } },
{ "type": "Feature", "properties": { "AGNO": 2021.0, "ID_ESTAB": 13122048.0, "ORIGEN": 2.0, "NOM_ESTAB": "PEW MAYEN", "COD_REG_ES": 13.0, "COD_PRO_ES": 131.0, "COD_COM_ES": 13122.0, "NOM_COM_ES": "PEÑALOLÉN", "COD_DEPROV": 0.0, "NOM_DEPROV": null, "DEPENDENCI": 4.0, "RURAL_ESTA": 0.0, "ESTADO_EST": 0.0, "SC_MEN_SI": 0.0, "SC_MEN_H": 7.0, "SC_MEN_M": 5.0, "SC_MAY_H": 17.0, "SC_MAY_M": 22.0, "MED_MEN_SI": 0.0, "MED_MEN_H": 32.0, "MED_MEN_M": 22.0, "MED_MAY_SI": 0.0, "MED_MAY_H": 18.0, "MED_MAY_M": 16.0, "NT1_SI": 0.0, "NT1_H": 9.0, "NT1_M": 8.0, "NT2_SI": 0.0, "NT2_H": 0.0, "NT2_M": 1.0, "N_TOTAL": 157.0, "DIRECCION": "CIDRO", "NUMERO": 1311.0, "REFERENCIA": null, "LATITUD": -33.467525, "LONGITUD": -70.565734, "centroide_x": 354504.74630965519, "centroide_y": 6295784.7800422208, "crs_original": "EPSG:4326", "fecha_normalizacion": "2025-10-10 01:59:23" }, "geometry": { "type": "Point", "coordinates": [ 354504.746309655194636, 6295784.780042220838368 ] } },
{ "type": "Feature", "properties": { "AGNO": 2021.0, "ID_ESTAB": 130902.0, "ORIGEN": 3.0, "NOM_ESTAB": "LEONOR SOLAR", "COD_REG_ES": 13.0, "COD_PRO_ES": 131.0, "COD_COM_ES": 13114.0, "NOM_COM_ES": "LAS CONDES", "COD_DEPROV": 0.0, "NOM_DEPROV": null, "DEPENDENCI": 5.0, "RURAL_ESTA": 0.0, "ESTADO_EST": 0.0, "SC_MEN_SI": 0.0, "SC_MEN_H": 6.0, "SC_MEN_M": 8.0, "SC_MAY_H": 16.0, "SC_MAY_M": 14.0, "MED_MEN_SI": 0.0, "MED_MEN_H": 32.0, "MED_MEN_M": 38.0, "MED_MAY_SI": 0.0, "MED_MAY_H": 42.0, "MED_MAY_M": 34.0, "NT1_SI": 0.0, "NT1_H": 0.0, "NT1_M": 0.0, "NT2_SI": 0.0, "NT2_H": 0.0, "NT2_M": 0.0, "N_TOTAL": 190.0, "DIRECCION": "PINTOR SOMERSCALES", "NUMERO": 7950.0, "REFERENCIA": null, "LATITUD": -33.423943, "LONGITUD": -70.549483, "centroide_x": 355942.99335991987, "centroide_y": 6300639.969248319, "crs_original": "EPSG:4326", "fecha_normalizacion": "2025-10-10 01:59:23" }, "geometry": { "type": "Point", "coordinates": [ 355942.993359919870272, 6300639.969248319044709 ] } },
{ "type": "Feature", "properties": { "AGNO": 2021.0, "ID_ESTAB": 130903.0, "ORIGEN": 3.0, "NOM_ESTAB": "SAN FRANCISCO DE ASÍS", "COD_REG_ES": 13.0, "COD_PRO_ES": 131.0, "COD_COM_ES": 13114.0, "NOM_COM_ES": "LAS CONDES", "COD_DEPROV": 0.0, "NOM_DEPROV": null, "DEPENDENCI": 5.0, "RURAL_ESTA": 0.0, "ESTADO_EST": 0.0, "SC_MEN_SI": 0.0, "SC_MEN_H": 1.0, "SC_MEN_M": 3.0, "SC_MAY_H": 23.0, "SC_MAY_M": 13.0, "MED_MEN_SI": 0.0, "MED_MEN_H": 26.0, "MED_MEN_M": 28.0, "MED_MAY_SI": 0.0, "MED_MAY_H": 26.0, "MED_MAY_M": 41.0, "NT1_SI": 0.0, "NT1_H": 0.0, "NT1_M": 0.0, "NT2_SI": 0.0, "NT2_H": 0.0, "NT2_M": 0.0, "N_TOTAL": 161.0, "DIRECCION": "AYQUINA", "NUMERO": 1751.0, "REFERENCIA": null, "LATITUD": -33.425699, "LONGITUD": -70.541007, "centroide_x": 356733.97659921827, "centroide_y": 6300456.9682827685, "crs_original": "EPSG:4326", "fecha_normalizacion": "2025-10-10 01:59:23" }, "geometry": { "type": "Point", "coordinates": [ 356733.976599218265619, 6300456.968282768502831 ] } },
{ "type": "Feature", "properties": { "AGNO": 2021.0, "ID_ESTAB": 130904.0, "ORIGEN": 3.0, "NOM_ESTAB": "TERESITA DE JESÚS", "COD_REG_ES": 13.0, "COD_PRO_ES": 131.0, "COD_COM_ES": 13114.0, "NOM_COM_ES": "LAS CONDES", "COD_DEPROV": 0.0, "NOM_DEPROV": null, "DEPENDENCI": 5.0, "RURAL_ESTA": 0.0, "ESTADO_EST": 0.0, "SC_MEN_SI": 0.0, "SC_MEN_H": 3.0, "SC_MEN_M": 0.0, "SC_MAY_H": 14.0, "SC_MAY_M": 18.0, "MED_MEN_SI": 0.0, "MED_MEN_H": 17.0, "MED_MEN_M": 27.0, "MED_MAY_SI": 0.0, "MED_MAY_H": 24.0, "MED_MAY_M": 19.0, "NT1_SI": 0.0, "NT1_H": 0.0, "NT1_M": 0.0, "NT2_SI": 0.0, "NT2_H": 0.0, "NT2_M": 0.0, "N_TOTAL": 122.0, "DIRECCION": "RUCALHUE", "NUMERO": 1748.0, "REFERENCIA": null, "LATITUD": -33.426573, "LONGITUD": -70.548981, "centroide_x": 355994.01328107109, "centroide_y": 6300349.0403725598, "crs_original": "EPSG:4326", "fecha_normalizacion": "2025-10-10 01:59:23" }, "geometry": { "type": "Point", "coordinates": [ 355994.013281071092933, 6300349.040372559800744 ] } },
{ "type": "Feature", "properties": { "AGNO": 2021.0, "ID_ESTAB": 131103.0, "ORIGEN": 3.0, "NOM_ESTAB": "BLEST GANA", "COD_REG_ES": 13.0, "COD_PRO_ES": 131.0, "COD_COM_ES": 13113.0, "NOM_COM_ES": "LA REINA", "COD_DEPROV": 0.0, "NOM_DEPROV": null, "DEPENDENCI": 5.0, "RURAL_ESTA": 0.0, "ESTADO_EST": 0.0, "SC_MEN_SI": 0.0, "SC_MEN_H": 0.0, "SC_MEN_M": 0.0, "SC_MAY_H": 6.0, "SC_MAY_M": 3.0, "MED_MEN_SI": 0.0, "MED_MEN_H": 3.0, "MED_MEN_M": 4.0, "MED_MAY_SI": 0.0, "MED_MAY_H": 10.0, "MED_MAY_M": 4.0, "NT1_SI": 0.0, "NT1_H": 0.0, "NT1_M": 0.0, "NT2_SI": 0.0, "NT2_H": 0.0, "NT2_M": 0.0, "N_TOTAL": 30.0, "DIRECCION": "BLEST GANA", "NUMERO": 5962.0, "REFERENCIA": null, "LATITUD": -33.455283, "LONGITUD": -70.567996, "centroide_x": 354274.07183396618, "centroide_y": 6297139.0515203886, "crs_original": "EPSG:4326", "fecha_normalizacion": "2025-10-10 01:59:23" }, "geometry": { "type": "Point", "coordinates": [ 354274.071833966183476, 6297139.051520388573408 ] } },
{ "type": "Feature", "properties": { "AGNO": 2021.0, "ID_ESTAB": 131310.0, "ORIGEN": 3.0, "NOM_ESTAB": "BUEN SAMARITANO", "COD_REG_ES": 13.0, "COD_PRO_ES": 131.0, "COD_COM_ES": 13122.0, "NOM_COM_ES": "PEÑALOLÉN", "COD_DEPROV": 0.0, "NOM_DEPROV": null, "DEPENDENCI": 5.0, "RURAL_ESTA": 0.0, "ESTADO_EST": 0.0, "SC_MEN_SI": 0.0, "SC_MEN_H": 0.0, "SC_MEN_M": 0.0, "SC_MAY_H": 0.0, "SC_MAY_M": 0.0, "MED_MEN_SI": 0.0, "MED_MEN_H": 11.0, "MED_MEN_M": 15.0, "MED_MAY_SI": 0.0, "MED_MAY_H": 10.0, "MED_MAY_M": 15.0, "NT1_SI": 0.0, "NT1_H": 14.0, "NT1_M": 9.0, "NT2_SI": 0.0, "NT2_H": 0.0, "NT2_M": 0.0, "N_TOTAL": 74.0, "DIRECCION": "AVENIDA LOS ORIENTALES", "NUMERO": 7191.0, "REFERENCIA": null, "LATITUD": -33.46797, "LONGITUD": -70.556765, "centroide_x": 355339.03778940416, "centroide_y": 6295747.9562858781, "crs_original": "EPSG:4326", "fecha_normalizacion": "2025-10-10 01:59:23" }, "geometry": { "type": "Point", "coordinates": [ 355339.037789404159412, 6295747.9562858780846 ] } },
{ "type": "Feature", "properties": { "AGNO": 2021.0, "ID_ESTAB": 131315.0, "ORIGEN": 3.0, "NOM_ESTAB": "S.C. ANDALUHUÉ", "COD_REG_ES": 13.0, "COD_PRO_ES": 131.0, "COD_COM_ES": 13122.0, "NOM_COM_ES": "PEÑALOLÉN", "COD_DEPROV": 0.0, "NOM_DEPROV": null, "DEPENDENCI": 5.0, "RURAL_ESTA": 0.0, "ESTADO_EST": 0.0, "SC_MEN_SI": 0.0, "SC_MEN_H": 1.0, "SC_MEN_M": 1.0, "SC_MAY_H": 13.0, "SC_MAY_M": 2.0, "MED_MEN_SI": 0.0, "MED_MEN_H": 0.0, "MED_MEN_M": 0.0, "MED_MAY_SI": 0.0, "MED_MAY_H": 0.0, "MED_MAY_M": 0.0, "NT1_SI": 0.0, "NT1_H": 0.0, "NT1_M": 0.0, "NT2_SI": 0.0, "NT2_H": 0.0, "NT2_M": 0.0, "N_TOTAL": 17.0, "DIRECCION": "PASO NEVADO", "NUMERO": 9569.0, "REFERENCIA": null, "LATITUD": -33.469905, "LONGITUD": -70.532438, "centroide_x": 357602.98209572304, "centroide_y": 6295567.014179131, "crs_original": "EPSG:4326", "fecha_normalizacion": "2025-10-10 01:59:23" }, "geometry": { "type": "Point", "coordinates": [ 357602.982095723040402, 6295567.014179131016135 ] } },
{ "type": "Feature", "properties": { "AGNO": 2021.0, "ID_ESTAB": 131316.0, "ORIGEN": 3.0, "NOM_ESTAB": "ELUNEY", "COD_REG_ES": 13.0, "COD_PRO_ES": 131.0, "COD_COM_ES": 13122.0, "NOM_COM_ES": "PEÑALOLÉN", "COD_DEPROV": 0.0, "NOM_DEPROV": null, "DEPENDENCI": 5.0, "RURAL_ESTA": 0.0, "ESTADO_EST": 0.0, "SC_MEN_SI": 0.0, "SC_MEN_H": 0.0, "SC_MEN_M": 0.0, "SC_MAY_H": 0.0, "SC_MAY_M": 0.0, "MED_MEN_SI": 0.0, "MED_MEN_H": 2.0, "MED_MEN_M": 2.0, "MED_MAY_SI": 0.0, "MED_MAY_H": 2.0, "MED_MAY_M": 3.0, "NT1_SI": 0.0, "NT1_H": 3.0, "NT1_M": 2.0, "NT2_SI": 0.0, "NT2_H": 0.0, "NT2_M": 0.0, "N_TOTAL": 14.0, "DIRECCION": "PASAJE 2 NORTE", "NUMERO": 8214.0, "REFERENCIA": null, "LATITUD": -33.468724, "LONGITUD": -70.544802, "centroide_x": 356452.03883882181, "centroide_y": 6295680.947947626, "crs_original": "EPSG:4326", "fecha_normalizacion": "2025-10-10 01:59:23" }, "geometry": { "type": "Point", "coordinates": [ 356452.038838821812533, 6295680.947947626002133 ] } },
{ "type": "Feature", "properties": { "AGNO": 2021.0, "ID_ESTAB": 8533.0, "ORIGEN": 1.0, "NOM_ESTAB": "ESCUELA BASICA BENJAMIN VICUNA MACKENNA", "COD_REG_ES": 13.0, "COD_PRO_ES": 131.0, "COD_COM_ES": 13101.0, "NOM_COM_ES": "SANTIAGO", "COD_DEPROV": 131.0, "NOM_DEPROV": "SANTIAGO CENTRO", "DEPENDENCI": 1.0, "RURAL_ESTA": 0.0, "ESTADO_EST": 1.0, "SC_MEN_SI": 0.0, "SC_MEN_H": 0.0, "SC_MEN_M": 0.0, "SC_MAY_H": 0.0, "SC_MAY_M": 0.0, "MED_MEN_SI": 0.0, "MED_MEN_H": 0.0, "MED_MEN_M": 0.0, "MED_MAY_SI": 0.0, "MED_MAY_H": 0.0, "MED_MAY_M": 0.0, "NT1_SI": 0.0, "NT1_H": 0.0, "NT1_M": 40.0, "NT2_SI": 0.0, "NT2_H": 0.0, "NT2_M": 40.0, "N_TOTAL": 80.0, "DIRECCION": "VICUÑA MACKENNA", "NUMERO": 635.0, "REFERENCIA": "ENTRE LAS CALLES ARGOMEDO Y DIEZ DE JULIO SANTIAGO -CENTRO", "LATITUD": -33.449762, "LONGITUD": -70.631837, "centroide_x": 348330.63994401775, "centroide_y": 6297659.9313492477, "crs_original": "EPSG:4326", "fecha_normalizacion": "2025-10-10 01:59:23" }, "geometry": { "type": "Point", "coordinates": [ 348330.639944017748348, 6297659.931349247694016 ] } },
{ "type": "Feature", "properties": { "AGNO": 2021.0, "ID_ESTAB": 8563.0, "ORIGEN": 1.0, "NOM_ESTAB": "ESCUELA BASICA REPUBLICA DE MEXICO", "COD_REG_ES": 13.0, "COD_PRO_ES": 131.0, "COD_COM_ES": 13101.0, "NOM_COM_ES": "SANTIAGO", "COD_DEPROV": 131.0, "NOM_DEPROV": "SANTIAGO CENTRO", "DEPENDENCI": 1.0, "RURAL_ESTA": 0.0, "ESTADO_EST": 1.0, "SC_MEN_SI": 0.0, "SC_MEN_H": 0.0, "SC_MEN_M": 0.0, "SC_MAY_H": 0.0, "SC_MAY_M": 0.0, "MED_MEN_SI": 0.0, "MED_MEN_H": 0.0, "MED_MEN_M": 0.0, "MED_MAY_SI": 0.0, "MED_MAY_H": 0.0, "MED_MAY_M": 0.0, "NT1_SI": 0.0, "NT1_H": 15.0, "NT1_M": 15.0, "NT2_SI": 0.0, "NT2_H": 32.0, "NT2_M": 28.0, "N_TOTAL": 90.0, "DIRECCION": "RAULI", "NUMERO": 585.0, "REFERENCIA": "POR ARGOMEDO ENTRE PORTUGAL Y LIRA", "LATITUD": -33.449571, "LONGITUD": -70.636693, "centroide_x": 347878.87966100074, "centroide_y": 6297673.9258070756, "crs_original": "EPSG:4326", "fecha_normalizacion": "2025-10-10 01:59:23" }, "geometry": { "type": "Point", "coordinates": [ 347878.87966100074118, 6297673.925807075574994 ] } },
{ "type": "Feature", "properties": { "AGNO": 2021.0, "ID_ESTAB": 8576.0, "ORIGEN": 1.0, "NOM_ESTAB": "ESCUELA BASICA REYES CATOLICOS", "COD_REG_ES": 13.0, "COD_PRO_ES": 131.0, "COD_COM_ES": 13101.0, "NOM_COM_ES": "SANTIAGO", "COD_DEPROV": 131.0, "NOM_DEPROV": "SANTIAGO CENTRO", "DEPENDENCI": 1.0, "RURAL_ESTA": 0.0, "ESTADO_EST": 1.0, "SC_MEN_SI": 0.0, "SC_MEN_H": 0.0, "SC_MEN_M": 0.0, "SC_MAY_H": 0.0, "SC_MAY_M": 0.0, "MED_MEN_SI": 0.0, "MED_MEN_H": 0.0, "MED_MEN_M": 0.0, "MED_MAY_SI": 0.0, "MED_MAY_H": 0.0, "MED_MAY_M": 0.0, "NT1_SI": 0.0, "NT1_H": 18.0, "NT1_M": 12.0, "NT2_SI": 0.0, "NT2_H": 17.0, "NT2_M": 13.0, "N_TOTAL": 60.0, "DIRECCION": "SANTA ELENA", "NUMERO": 1829.0, "REFERENCIA": "SANTA ELENA 1829 ESQUINA ÑUBLEMETRO ÑUBLE", "LATITUD": -33.467958, "LONGITUD": -70.627863, "centroide_x": 348731.61717693857, "centroide_y": 6295648.0111498833, "crs_original": "EPSG:4326", "fecha_normalizacion": "2025-10-10 01:59:23" }, "geometry": { "type": "Point", "coordinates": [ 348731.617176938569173, 6295648.011149883270264 ] } },
{ "type": "Feature", "properties": { "AGNO": 2021.0, "ID_ESTAB": 8680.0, "ORIGEN": 1.0, "NOM_ESTAB": "COLEGIO ADVENTISTA PORVENIR", "COD_REG_ES": 13.0, "COD_PRO_ES": 131.0, "COD_COM_ES": 13101.0, "NOM_COM_ES": "SANTIAGO", "COD_DEPROV": 131.0, "NOM_DEPROV": "SANTIAGO CENTRO", "DEPENDENCI": 2.0, "RURAL_ESTA": 0.0, "ESTADO_EST": 1.0, "SC_MEN_SI": 0.0, "SC_MEN_H": 0.0, "SC_MEN_M": 0.0, "SC_MAY_H": 0.0, "SC_MAY_M": 0.0, "MED_MEN_SI": 0.0, "MED_MEN_H": 0.0, "MED_MEN_M": 0.0, "MED_MAY_SI": 0.0, "MED_MAY_H": 0.0, "MED_MAY_M": 0.0, "NT1_SI": 0.0, "NT1_H": 11.0, "NT1_M": 9.0, "NT2_SI": 0.0, "NT2_H": 8.0, "NT2_M": 17.0, "N_TOTAL": 45.0, "DIRECCION": "PORVENIR", "NUMERO": 56.0, "REFERENCIA": "VICUÑA MACKENNA CON AVDA. MATTA.", "LATITUD": -33.454765, "LONGITUD": -70.630964, "centroide_x": 348420.42481327016, "centroide_y": 6297106.3653428983, "crs_original": "EPSG:4326", "fecha_normalizacion": "2025-10-10 01:59:23" }, "geometry": { "type": "Point", "coordinates": [ 348420.424813270161394, 6297106.36534289829433 ] } },
{ "type": "Feature", "properties": { "AGNO": 2021.0, "ID_ESTAB": 8755.0, "ORIGEN": 1.0, "NOM_ESTAB": "COLEGIO SAINT ROSE SCHOOL", "COD_REG_ES": 13.0, "COD_PRO_ES": 131.0, "COD_COM_ES": 13101.0, "NOM_COM_ES": "SANTIAGO", "COD_DEPROV": 131.0, "NOM_DEPROV": "SANTIAGO CENTRO", "DEPENDENCI": 3.0, "RURAL_ESTA": 0.0, "ESTADO_EST": 1.0, "SC_MEN_SI": 0.0, "SC_MEN_H": 0.0, "SC_MEN_M": 0.0, "SC_MAY_H": 0.0, "SC_MAY_M": 0.0, "MED_MEN_SI": 0.0, "MED_MEN_H": 0.0, "MED_MEN_M": 0.0, "MED_MAY_SI": 0.0, "MED_MAY_H": 0.0, "MED_MAY_M": 0.0, "NT1_SI": 0.0, "NT1_H": 4.0, "NT1_M": 7.0, "NT2_SI": 0.0, "NT2_H": 21.0, "NT2_M": 23.0, "N_TOTAL": 55.0, "DIRECCION": "AVENIDA MATTA", "NUMERO": 393.0, "REFERENCIA": "AV. MATTA ENTRE LIRA Y MADRID", "LATITUD": -33.45658, "LONGITUD": -70.63635, "centroide_x": 347923.00632840197, "centroide_y": 6296897.2652873611, "crs_original": "EPSG:4326", "fecha_normalizacion": "2025-10-10 01:59:23" }, "geometry": { "type": "Point", "coordinates": [ 347923.006328401970677, 6296897.265287361107767 ] } },
{ "type": "Feature", "properties": { "AGNO": 2021.0, "ID_ESTAB": 8780.0, "ORIGEN": 1.0, "NOM_ESTAB": "ESCUELA MANUEL MONTT", "COD_REG_ES": 13.0, "COD_PRO_ES": 131.0, "COD_COM_ES": 13101.0, "NOM_COM_ES": "SANTIAGO", "COD_DEPROV": 131.0, "NOM_DEPROV": "SANTIAGO CENTRO", "DEPENDENCI": 2.0, "RURAL_ESTA": 0.0, "ESTADO_EST": 1.0, "SC_MEN_SI": 0.0, "SC_MEN_H": 0.0, "SC_MEN_M": 0.0, "SC_MAY_H": 0.0, "SC_MAY_M": 0.0, "MED_MEN_SI": 0.0, "MED_MEN_H": 0.0, "MED_MEN_M": 0.0, "MED_MAY_SI": 0.0, "MED_MAY_H": 0.0, "MED_MAY_M": 0.0, "NT1_SI": 0.0, "NT1_H": 0.0, "NT1_M": 0.0, "NT2_SI": 0.0, "NT2_H": 18.0, "NT2_M": 16.0, "N_TOTAL": 34.0, "DIRECCION": "NATANIEL COX", "NUMERO": 1481.0, "REFERENCIA": "ENTRE VICTORIA Y PEDRO LAGOS", "LATITUD": -33.457372, "LONGITUD": -70.632888, "centroide_x": 348246.17036763707, "centroide_y": 6296814.4694806943, "crs_original": "EPSG:4326", "fecha_normalizacion": "2025-10-10 01:59:23" }, "geometry": { "type": "Point", "coordinates": [ 348246.170367637067102, 6296814.469480694271624 ] } },
{ "type": "Feature", "properties": { "AGNO": 2021.0, "ID_ESTAB": 8944.0, "ORIGEN": 1.0, "NOM_ESTAB": "COLEGIO PARTICULAR REGINA PACIS", "COD_REG_ES": 13.0, "COD_PRO_ES": 131.0, "COD_COM_ES": 13123.0, "NOM_COM_ES": "PROVIDENCIA", "COD_DEPROV": 133.0, "NOM_DEPROV": "SANTIAGO ORIENTE", "DEPENDENCI": 2.0, "RURAL_ESTA": 0.0, "ESTADO_EST": 1.0, "SC_MEN_SI": 0.0, "SC_MEN_H": 0.0, "SC_MEN_M": 0.0, "SC_MAY_H": 0.0, "SC_MAY_M": 0.0, "MED_MEN_SI": 0.0, "MED_MEN_H": 0.0, "MED_MEN_M": 0.0, "MED_MAY_SI": 0.0, "MED_MAY_H": 0.0, "MED_MAY_M": 0.0, "NT1_SI": 0.0, "NT1_H": 0.0, "NT1_M": 0.0, "NT2_SI": 0.0, "NT2_H": 36.0, "NT2_M": 37.0, "N_TOTAL": 73.0, "DIRECCION": "EL AGUILUCHO", "NUMERO": 3341.0, "REFERENCIA": "ENTRE HOLANDA Y CONSEJO DE INDIAS", "LATITUD": -33.44305, "LONGITUD": -70.596599, "centroide_x": 351594.70618361916, "centroide_y": 6298455.0310076708, "crs_original": "EPSG:4326", "fecha_normalizacion": "2025-10-10 01:59:23" }, "geometry": { "type": "Point", "coordinates": [ 351594.706183619156945, 6298455.031007670797408 ] } },
{ "type": "Feature", "properties": { "AGNO": 2021.0, "ID_ESTAB": 8956.0, "ORIGEN": 1.0, "NOM_ESTAB": "COLEGIO LATINOAMERICANO DE INTEGRACION", "COD_REG_ES": 13.0, "COD_PRO_ES": 131.0, "COD_COM_ES": 13123.0, "NOM_COM_ES": "PROVIDENCIA", "COD_DEPROV": 133.0, "NOM_DEPROV": "SANTIAGO ORIENTE", "DEPENDENCI": 3.0, "RURAL_ESTA": 0.0, "ESTADO_EST": 1.0, "SC_MEN_SI": 0.0, "SC_MEN_H": 0.0, "SC_MEN_M": 0.0, "SC_MAY_H": 0.0, "SC_MAY_M": 0.0, "MED_MEN_SI": 0.0, "MED_MEN_H": 0.0, "MED_MEN_M": 0.0, "MED_MAY_SI": 0.0, "MED_MAY_H": 0.0, "MED_MAY_M": 0.0, "NT1_SI": 0.0, "NT1_H": 6.0, "NT1_M": 8.0, "NT2_SI": 0.0, "NT2_H": 9.0, "NT2_M": 6.0, "N_TOTAL": 29.0, "DIRECCION": "PUYEHUE", "NUMERO": 1389.0, "REFERENCIA": "ENTRE MANUEL MONTT Y ANTONIO VARAS, UNA CUADRA AL SUR DE FRANCISCO BILBAO", "LATITUD": -33.440518, "LONGITUD": -70.61448, "centroide_x": 349928.0759878672, "centroide_y": 6298710.1098917918, "crs_original": "EPSG:4326", "fecha_normalizacion": "2025-10-10 01:59:23" }, "geometry": { "type": "Point", "coordinates": [ 349928.075987867196091, 6298710.109891791827977 ] } },
{ "type": "Feature", "properties": { "AGNO": 2021.0, "ID_ESTAB": 8957.0, "ORIGEN": 1.0, "NOM_ESTAB": "ESCUELA BASICA N°280 ASOCIACION MONTESSORI", "COD_REG_ES": 13.0, "COD_PRO_ES": 131.0, "COD_COM_ES": 13120.0, "NOM_COM_ES": "ÑUÑOA", "COD_DEPROV": 133.0, "NOM_DEPROV": "SANTIAGO ORIENTE", "DEPENDENCI": 3.0, "RURAL_ESTA": 0.0, "ESTADO_EST": 1.0, "SC_MEN_SI": 0.0, "SC_MEN_H": 0.0, "SC_MEN_M": 0.0, "SC_MAY_H": 0.0, "SC_MAY_M": 0.0, "MED_MEN_SI": 0.0, "MED_MEN_H": 0.0, "MED_MEN_M": 0.0, "MED_MAY_SI": 0.0, "MED_MAY_H": 0.0, "MED_MAY_M": 0.0, "NT1_SI": 0.0, "NT1_H": 3.0, "NT1_M": 0.0, "NT2_SI": 0.0, "NT2_H": 4.0, "NT2_M": 2.0, "N_TOTAL": 9.0, "DIRECCION": "SEMINARIO", "NUMERO": 755.0, "REFERENCIA": null, "LATITUD": -33.451142, "LONGITUD": -70.62758, "centroide_x": 348728.70293729834, "centroide_y": 6297513.0674174987, "crs_original": "EPSG:4326", "fecha_normalizacion": "2025-10-10 01:59:23" }, "geometry": { "type": "Point", "coordinates": [ 348728.702937298337929, 6297513.067417498677969 ] } },
{ "type": "Feature", "properties": { "AGNO": 2021.0, "ID_ESTAB": 8969.0, "ORIGEN": 1.0, "NOM_ESTAB": "COLEGIO THE ANGEL´S SCHOOL", "COD_REG_ES": 13.0, "COD_PRO_ES": 131.0, "COD_COM_ES": 13120.0, "NOM_COM_ES": "ÑUÑOA", "COD_DEPROV": 133.0, "NOM_DEPROV": "SANTIAGO ORIENTE", "DEPENDENCI": 3.0, "RURAL_ESTA": 0.0, "ESTADO_EST": 1.0, "SC_MEN_SI": 0.0, "SC_MEN_H": 0.0, "SC_MEN_M": 0.0, "SC_MAY_H": 0.0, "SC_MAY_M": 0.0, "MED_MEN_SI": 0.0, "MED_MEN_H": 0.0, "MED_MEN_M": 0.0, "MED_MAY_SI": 0.0, "MED_MAY_H": 0.0, "MED_MAY_M": 1.0, "NT1_SI": 0.0, "NT1_H": 15.0, "NT1_M": 16.0, "NT2_SI": 0.0, "NT2_H": 18.0, "NT2_M": 24.0, "N_TOTAL": 74.0, "DIRECCION": "REGINA PACIS", "NUMERO": 781.0, "REFERENCIA": null, "LATITUD": -33.447662, "LONGITUD": -70.59487, "centroide_x": 351763.24162515672, "centroide_y": 6297946.0895665344, "crs_original": "EPSG:4326", "fecha_normalizacion": "2025-10-10 01:59:23" }, "geometry": { "type": "Point", "coordinates": [ 351763.241625156719238, 6297946.089566534385085 ] } },
{ "type": "Feature", "properties": { "AGNO": 2021.0, "ID_ESTAB": 8981.0, "ORIGEN": 1.0, "NOM_ESTAB": "COLEGIO DE LOS SAGRADOS CORAZONES PROVIDENCIA", "COD_REG_ES": 13.0, "COD_PRO_ES": 131.0, "COD_COM_ES": 13123.0, "NOM_COM_ES": "PROVIDENCIA", "COD_DEPROV": 133.0, "NOM_DEPROV": "SANTIAGO ORIENTE", "DEPENDENCI": 3.0, "RURAL_ESTA": 0.0, "ESTADO_EST": 1.0, "SC_MEN_SI": 0.0, "SC_MEN_H": 0.0, "SC_MEN_M": 0.0, "SC_MAY_H": 0.0, "SC_MAY_M": 0.0, "MED_MEN_SI": 0.0, "MED_MEN_H": 0.0, "MED_MEN_M": 0.0, "MED_MAY_SI": 0.0, "MED_MAY_H": 0.0, "MED_MAY_M": 0.0, "NT1_SI": 0.0, "NT1_H": 14.0, "NT1_M": 15.0, "NT2_SI": 0.0, "NT2_H": 25.0, "NT2_M": 46.0, "N_TOTAL": 100.0, "DIRECCION": "AVENIDA CHILE ESPAÑA", "NUMERO": 1115.0, "REFERENCIA": null, "LATITUD": -33.444383, "LONGITUD": -70.5947, "centroide_x": 351773.46507690824, "centroide_y": 6298309.9241275564, "crs_original": "EPSG:4326", "fecha_normalizacion": "2025-10-10 01:59:23" }, "geometry": { "type": "Point", "coordinates": [ 351773.465076908236369, 6298309.92412755638361 ] } },
{ "type": "Feature", "properties": { "AGNO": 2021.0, "ID_ESTAB": 8988.0, "ORIGEN": 1.0, "NOM_ESTAB": "COLEGIO MARIANO", "COD_REG_ES": 13.0, "COD_PRO_ES": 131.0, "COD_COM_ES": 13123.0, "NOM_COM_ES": "PROVIDENCIA", "COD_DEPROV": 133.0, "NOM_DEPROV": "SANTIAGO ORIENTE", "DEPENDENCI": 3.0, "RURAL_ESTA": 0.0, "ESTADO_EST": 1.0, "SC_MEN_SI": 0.0, "SC_MEN_H": 0.0, "SC_MEN_M": 0.0, "SC_MAY_H": 0.0, "SC_MAY_M": 0.0, "MED_MEN_SI": 0.0, "MED_MEN_H": 0.0, "MED_MEN_M": 0.0, "MED_MAY_SI": 0.0, "MED_MAY_H": 14.0, "MED_MAY_M": 30.0, "NT1_SI": 0.0, "NT1_H": 29.0, "NT1_M": 29.0, "NT2_SI": 0.0, "NT2_H": 31.0, "NT2_M": 33.0, "N_TOTAL": 166.0, "DIRECCION": "HOLANDA", "NUMERO": 2323.0, "REFERENCIA": null, "LATITUD": -33.439831, "LONGITUD": -70.5984, "centroide_x": 351421.75467084174, "centroide_y": 6298809.3894580211, "crs_original": "EPSG:4326", "fecha_normalizacion": "2025-10-10 01:59:23" }, "geometry": { "type": "Point", "coordinates": [ 351421.754670841735788, 6298809.389458021149039 ] } },
{ "type": "Feature", "properties": { "AGNO": 2021.0, "ID_ESTAB": 9003.0, "ORIGEN": 1.0, "NOM_ESTAB": "COLEGIO THE ENGLISH INSTITUTE", "COD_REG_ES": 13.0, "COD_PRO_ES": 131.0, "COD_COM_ES": 13123.0, "NOM_COM_ES": "PROVIDENCIA", "COD_DEPROV": 133.0, "NOM_DEPROV": "SANTIAGO ORIENTE", "DEPENDENCI": 3.0, "RURAL_ESTA": 0.0, "ESTADO_EST": 1.0, "SC_MEN_SI": 0.0, "SC_MEN_H": 0.0, "SC_MEN_M": 0.0, "SC_MAY_H": 0.0, "SC_MAY_M": 0.0, "MED_MEN_SI": 0.0, "MED_MEN_H": 0.0, "MED_MEN_M": 0.0, "MED_MAY_SI": 0.0, "MED_MAY_H": 23.0, "MED_MAY_M": 27.0, "NT1_SI": 0.0, "NT1_H": 60.0, "NT1_M": 63.0, "NT2_SI": 0.0, "NT2_H": 60.0, "NT2_M": 64.0, "N_TOTAL": 297.0, "DIRECCION": "RICARDO LYON", "NUMERO": 2110.0, "REFERENCIA": "AVENIDA RICARDO LYON, CALLE BUSTOS, AVENIDA SUECIA, CALLE AMUNDSEN. A UNA CUADRA DE FRANCISCO BILBAO Y AVENIDA LOS LEONES.", "LATITUD": -33.440174, "LONGITUD": -70.60291, "centroide_x": 351003.07472129312, "centroide_y": 6298764.8996314295, "crs_original": "EPSG:4326", "fecha_normalizacion": "2025-10-10 01:59:23" }, "geometry": { "type": "Point", "coordinates": [ 351003.074721293116454, 6298764.899631429463625 ] } },
{ "type": "Feature", "properties": { "AGNO": 2021.0, "ID_ESTAB": 9069.0, "ORIGEN": 1.0, "NOM_ESTAB": "LICEO POLIVALENTE MERCEDES MARIN DEL SOLAR", "COD_REG_ES": 13.0, "COD_PRO_ES": 131.0, "COD_COM_ES": 13118.0, "NOM_COM_ES": "MACUL", "COD_DEPROV": 133.0, "NOM_DEPROV": "SANTIAGO ORIENTE", "DEPENDENCI": 2.0, "RURAL_ESTA": 0.0, "ESTADO_EST": 1.0, "SC_MEN_SI": 0.0, "SC_MEN_H": 0.0, "SC_MEN_M": 0.0, "SC_MAY_H": 0.0, "SC_MAY_M": 0.0, "MED_MEN_SI": 0.0, "MED_MEN_H": 0.0, "MED_MEN_M": 0.0, "MED_MAY_SI": 0.0, "MED_MAY_H": 0.0, "MED_MAY_M": 0.0, "NT1_SI": 0.0, "NT1_H": 14.0, "NT1_M": 9.0, "NT2_SI": 0.0, "NT2_H": 19.0, "NT2_M": 8.0, "N_TOTAL": 50.0, "DIRECCION": "RODRIGO DE ARAYA", "NUMERO": 5079.0, "REFERENCIA": "ROTONDA GRECIA   METRO ESTACIÓN GRECIA, VEREDA SUR HACIA EL PONIENTE, BAJAR UNA CUADRA HACIA  CORDILLERA DE LA COSTA  O MACUL, VEREDA SUR.", "LATITUD": -33.471269, "LONGITUD": -70.579543, "centroide_x": 353227.74692768685, "centroide_y": 6295350.2108908612, "crs_original": "EPSG:4326", "fecha_normalizacion": "2025-10-10 01:59:23" }, "geometry": { "type": "Point", "coordinates": [ 353227.74692768685054, 6295350.210890861228108 ] } },
{ "type": "Feature", "properties": { "AGNO": 2021.0, "ID_ESTAB": 9070.0, "ORIGEN": 1.0, "NOM_ESTAB": "ESCUELA BENJAMIN CLARO VELASCO", "COD_REG_ES": 13.0, "COD_PRO_ES": 131.0, "COD_COM_ES": 13120.0, "NOM_COM_ES": "ÑUÑOA", "COD_DEPROV": 133.0, "NOM_DEPROV": "SANTIAGO ORIENTE", "DEPENDENCI": 1.0, "RURAL_ESTA": 0.0, "ESTADO_EST": 1.0, "SC_MEN_SI": 0.0, "SC_MEN_H": 0.0, "SC_MEN_M": 0.0, "SC_MAY_H": 0.0, "SC_MAY_M": 0.0, "MED_MEN_SI": 0.0, "MED_MEN_H": 0.0, "MED_MEN_M": 0.0, "MED_MAY_SI": 0.0, "MED_MAY_H": 0.0, "MED_MAY_M": 0.0, "NT1_SI": 0.0, "NT1_H": 12.0, "NT1_M": 8.0, "NT2_SI": 0.0, "NT2_H": 17.0, "NT2_M": 19.0, "N_TOTAL": 56.0, "DIRECCION": "RAMON CRUZ", "NUMERO": 1077.0, "REFERENCIA": "RAMÓN CRUZ CON GRECIA", "LATITUD": -33.465426, "LONGITUD": -70.583069, "centroide_x": 352890.21475558751, "centroide_y": 6295993.0721266419, "crs_original": "EPSG:4326", "fecha_normalizacion": "2025-10-10 01:59:23" }, "geometry": { "type": "Point", "coordinates": [ 352890.214755587512627, 6295993.072126641869545 ] } },
{ "type": "Feature", "properties": { "AGNO": 2021.0, "ID_ESTAB": 9073.0, "ORIGEN": 1.0, "NOM_ESTAB": "LICEO CARMELA SILVA DONOSO", "COD_REG_ES": 13.0, "COD_PRO_ES": 131.0, "COD_COM_ES": 13120.0, "NOM_COM_ES": "ÑUÑOA", "COD_DEPROV": 133.0, "NOM_DEPROV": "SANTIAGO ORIENTE", "DEPENDENCI": 1.0, "RURAL_ESTA": 0.0, "ESTADO_EST": 1.0, "SC_MEN_SI": 0.0, "SC_MEN_H": 0.0, "SC_MEN_M": 0.0, "SC_MAY_H": 0.0, "SC_MAY_M": 0.0, "MED_MEN_SI": 0.0, "MED_MEN_H": 0.0, "MED_MEN_M": 0.0, "MED_MAY_SI": 0.0, "MED_MAY_H": 0.0, "MED_MAY_M": 0.0, "NT1_SI": 0.0, "NT1_H": 36.0, "NT1_M": 34.0, "NT2_SI": 0.0, "NT2_H": 56.0, "NT2_M": 49.0, "N_TOTAL": 175.0, "DIRECCION": "AVENIDA PEDRO DE VALDIVIA", "NUMERO": 4862.0, "REFERENCIA": "AV. PEDRO  DE VALDIVIA ESQUINA LAS ENCINAS.", "LATITUD": -33.467397, "LONGITUD": -70.606449, "centroide_x": 350720.78676301043, "centroide_y": 6295741.2217388544, "crs_original": "EPSG:4326", "fecha_normalizacion": "2025-10-10 01:59:23" }, "geometry": { "type": "Point", "coordinates": [ 350720.78676301043015, 6295741.221738854423165 ] } },
{ "type": "Feature", "properties": { "AGNO": 2021.0, "ID_ESTAB": 9084.0, "ORIGEN": 1.0, "NOM_ESTAB": "ESC.PRESIDENTE EDUARDO FREI MONTALVA", "COD_REG_ES": 13.0, "COD_PRO_ES": 131.0, "COD_COM_ES": 13120.0, "NOM_COM_ES": "ÑUÑOA", "COD_DEPROV": 133.0, "NOM_DEPROV": "SANTIAGO ORIENTE", "DEPENDENCI": 1.0, "RURAL_ESTA": 0.0, "ESTADO_EST": 1.0, "SC_MEN_SI": 0.0, "SC_MEN_H": 0.0, "SC_MEN_M": 0.0, "SC_MAY_H": 0.0, "SC_MAY_M": 0.0, "MED_MEN_SI": 0.0, "MED_MEN_H": 0.0, "MED_MEN_M": 0.0, "MED_MAY_SI": 0.0, "MED_MAY_H": 0.0, "MED_MAY_M": 0.0, "NT1_SI": 0.0, "NT1_H": 41.0, "NT1_M": 59.0, "NT2_SI": 0.0, "NT2_H": 54.0, "NT2_M": 46.0, "N_TOTAL": 200.0, "DIRECCION": "DUBLE ALMEYDA", "NUMERO": 4757.0, "REFERENCIA": "DÚBLE ALMEYDA Nº 4757 ESQUINA RAMÓN CRUZ.", "LATITUD": -33.459078, "LONGITUD": -70.581089, "centroide_x": 353063.52803729055, "centroide_y": 6296699.7475458272, "crs_original": "EPSG:4326", "fecha_normalizacion": "2025-10-10 01:59:23" }, "geometry": { "type": "Point", "coordinates": [ 353063.528037290554494, 6296699.747545827180147 ] } },
{ "type": "Feature", "properties": { "AGNO": 2021.0, "ID_ESTAB": 9085.0, "ORIGEN": 1.0, "NOM_ESTAB": "ESCUELA JOSE BERNARDO SUAREZ", "COD_REG_ES": 13.0, "COD_PRO_ES": 131.0, "COD_COM_ES": 13118.0, "NOM_COM_ES": "MACUL", "COD_DEPROV": 133.0, "NOM_DEPROV": "SANTIAGO ORIENTE", "DEPENDENCI": 6.0, "RURAL_ESTA": 0.0, "ESTADO_EST": 1.0, "SC_MEN_SI": 0.0, "SC_MEN_H": 0.0, "SC_MEN_M": 0.0, "SC_MAY_H": 0.0, "SC_MAY_M": 0.0, "MED_MEN_SI": 0.0, "MED_MEN_H": 0.0, "MED_MEN_M": 0.0, "MED_MAY_SI": 0.0, "MED_MAY_H": 0.0, "MED_MAY_M": 0.0, "NT1_SI": 0.0, "NT1_H": 18.0, "NT1_M": 26.0, "NT2_SI": 0.0, "NT2_H": 26.0, "NT2_M": 19.0, "N_TOTAL": 89.0, "DIRECCION": "JOAQUIN RODRIGUEZ", "NUMERO": 2501.0, "REFERENCIA": "JOAQUIN RODRIGUEZ ESQUINA LOS ESPINOS", "LATITUD": -33.47775, "LONGITUD": -70.607311, "centroide_x": 350658.39034870535, "centroide_y": 6294591.9614401069, "crs_original": "EPSG:4326", "fecha_normalizacion": "2025-10-10 01:59:23" }, "geometry": { "type": "Point", "coordinates": [ 350658.390348705346696, 6294591.961440106853843 ] } },
{ "type": "Feature", "properties": { "AGNO": 2021.0, "ID_ESTAB": 9086.0, "ORIGEN": 1.0, "NOM_ESTAB": "ESCUELA AURORA DE CHILE", "COD_REG_ES": 13.0, "COD_PRO_ES": 131.0, "COD_COM_ES": 13120.0, "NOM_COM_ES": "ÑUÑOA", "COD_DEPROV": 133.0, "NOM_DEPROV": "SANTIAGO ORIENTE", "DEPENDENCI": 1.0, "RURAL_ESTA": 0.0, "ESTADO_EST": 1.0, "SC_MEN_SI": 0.0, "SC_MEN_H": 0.0, "SC_MEN_M": 0.0, "SC_MAY_H": 0.0, "SC_MAY_M": 0.0, "MED_MEN_SI": 0.0, "MED_MEN_H": 0.0, "MED_MEN_M": 0.0, "MED_MAY_SI": 0.0, "MED_MAY_H": 0.0, "MED_MAY_M": 0.0, "NT1_SI": 0.0, "NT1_H": 0.0, "NT1_M": 0.0, "NT2_SI": 0.0, "NT2_H": 5.0, "NT2_M": 1.0, "N_TOTAL": 6.0, "DIRECCION": "AVENIDA SUECIA", "NUMERO": 2799.0, "REFERENCIA": "UNA CUADRA AL PONIENTE DE AV. LOS LEONES, ENTRE DR. PEDRO FERRER Y HERNAN CORTES.", "LATITUD": -33.445829, "LONGITUD": -70.601095, "centroide_x": 351181.50710583507, "centroide_y": 6298140.4830448786, "crs_original": "EPSG:4326", "fecha_normalizacion": "2025-10-10 01:59:23" }, "geometry": { "type": "Point", "coordinates": [ 351181.507105835073162, 6298140.483044878579676 ] } },
{ "type": "Feature", "properties": { "AGNO": 2021.0, "ID_ESTAB": 9089.0, "ORIGEN": 1.0, "NOM_ESTAB": "ESCUELA BÁSICA JOSÉ TORIBIO MEDINA", "COD_REG_ES": 13.0, "COD_PRO_ES": 131.0, "COD_COM_ES": 13120.0, "NOM_COM_ES": "ÑUÑOA", "COD_DEPROV": 133.0, "NOM_DEPROV": "SANTIAGO ORIENTE", "DEPENDENCI": 1.0, "RURAL_ESTA": 0.0, "ESTADO_EST": 1.0, "SC_MEN_SI": 0.0, "SC_MEN_H": 0.0, "SC_MEN_M": 0.0, "SC_MAY_H": 0.0, "SC_MAY_M": 0.0, "MED_MEN_SI": 0.0, "MED_MEN_H": 0.0, "MED_MEN_M": 0.0, "MED_MAY_SI": 0.0, "MED_MAY_H": 0.0, "MED_MAY_M": 0.0, "NT1_SI": 0.0, "NT1_H": 0.0, "NT1_M": 0.0, "NT2_SI": 0.0, "NT2_H": 29.0, "NT2_M": 21.0, "N_TOTAL": 50.0, "DIRECCION": "DUBLE ALMEYDA", "NUMERO": 3493.0, "REFERENCIA": "FRENTE A PLAZA ÑUÑOA", "LATITUD": -33.45701, "LONGITUD": -70.594024, "centroide_x": 351857.74767353327, "centroide_y": 6296910.7901053214, "crs_original": "EPSG:4326", "fecha_normalizacion": "2025-10-10 01:59:23" }, "geometry": { "type": "Point", "coordinates": [ 351857.747673533274792, 6296910.790105321444571 ] } },
{ "type": "Feature", "properties": { "AGNO": 2021.0, "ID_ESTAB": 9090.0, "ORIGEN": 1.0, "NOM_ESTAB": "ESCUELA BAS. CENTRO EDUCACIONAL MILLANTU", "COD_REG_ES": 13.0, "COD_PRO_ES": 131.0, "COD_COM_ES": 13118.0, "NOM_COM_ES": "MACUL", "COD_DEPROV": 133.0, "NOM_DEPROV": "SANTIAGO ORIENTE", "DEPENDENCI": 6.0, "RURAL_ESTA": 0.0, "ESTADO_EST": 1.0, "SC_MEN_SI": 0.0, "SC_MEN_H": 0.0, "SC_MEN_M": 0.0, "SC_MAY_H": 0.0, "SC_MAY_M": 0.0, "MED_MEN_SI": 0.0, "MED_MEN_H": 0.0, "MED_MEN_M": 0.0, "MED_MAY_SI": 0.0, "MED_MAY_H": 0.0, "MED_MAY_M": 0.0, "NT1_SI": 0.0, "NT1_H": 19.0, "NT1_M": 12.0, "NT2_SI": 0.0, "NT2_H": 12.0, "NT2_M": 15.0, "N_TOTAL": 58.0, "DIRECCION": "AMANDA LABARCA", "NUMERO": 4681.0, "REFERENCIA": "RODRIGO DE ARAYA ENTRE RAMÓN CRUZ Y LO PLAZA.", "LATITUD": -33.474235, "LONGITUD": -70.583772, "centroide_x": 352839.80167624401, "centroide_y": 6295015.3087965958, "crs_original": "EPSG:4326", "fecha_normalizacion": "2025-10-10 01:59:23" }, "geometry": { "type": "Point", "coordinates": [ 352839.801676244009286, 6295015.308796595782042 ] } },
{ "type": "Feature", "properties": { "AGNO": 2021.0, "ID_ESTAB": 9091.0, "ORIGEN": 1.0, "NOM_ESTAB": "ESCUELA REPUBLICA DE FRANCIA", "COD_REG_ES": 13.0, "COD_PRO_ES": 131.0, "COD_COM_ES": 13120.0, "NOM_COM_ES": "ÑUÑOA", "COD_DEPROV": 133.0, "NOM_DEPROV": "SANTIAGO ORIENTE", "DEPENDENCI": 1.0, "RURAL_ESTA": 0.0, "ESTADO_EST": 1.0, "SC_MEN_SI": 0.0, "SC_MEN_H": 0.0, "SC_MEN_M": 0.0, "SC_MAY_H": 0.0, "SC_MAY_M": 0.0, "MED_MEN_SI": 0.0, "MED_MEN_H": 0.0, "MED_MEN_M": 0.0, "MED_MAY_SI": 0.0, "MED_MAY_H": 0.0, "MED_MAY_M": 0.0, "NT1_SI": 0.0, "NT1_H": 17.0, "NT1_M": 18.0, "NT2_SI": 0.0, "NT2_H": 19.0, "NT2_M": 21.0, "N_TOTAL": 75.0, "DIRECCION": "EXEQUIEL FERNANDEZ", "NUMERO": 1433.0, "REFERENCIA": null, "LATITUD": -33.468063, "LONGITUD": -70.600577, "centroide_x": 351267.60769489012, "centroide_y": 6295675.7316902373, "crs_original": "EPSG:4326", "fecha_normalizacion": "2025-10-10 01:59:23" }, "geometry": { "type": "Point", "coordinates": [ 351267.607694890117273, 6295675.731690237298608 ] } },
{ "type": "Feature", "properties": { "AGNO": 2021.0, "ID_ESTAB": 9097.0, "ORIGEN": 1.0, "NOM_ESTAB": "ESCUELA REPUBLICA DE COSTA RICA", "COD_REG_ES": 13.0, "COD_PRO_ES": 131.0, "COD_COM_ES": 13120.0, "NOM_COM_ES": "ÑUÑOA", "COD_DEPROV": 133.0, "NOM_DEPROV": "SANTIAGO ORIENTE", "DEPENDENCI": 1.0, "RURAL_ESTA": 0.0, "ESTADO_EST": 1.0, "SC_MEN_SI": 0.0, "SC_MEN_H": 0.0, "SC_MEN_M": 0.0, "SC_MAY_H": 0.0, "SC_MAY_M": 0.0, "MED_MEN_SI": 0.0, "MED_MEN_H": 0.0, "MED_MEN_M": 0.0, "MED_MAY_SI": 0.0, "MED_MAY_H": 0.0, "MED_MAY_M": 0.0, "NT1_SI": 0.0, "NT1_H": 13.0, "NT1_M": 12.0, "NT2_SI": 0.0, "NT2_H": 38.0, "NT2_M": 34.0, "N_TOTAL": 97.0, "DIRECCION": "HUMBERTO TRUCCO", "NUMERO": 123.0, "REFERENCIA": "HUMBERTO TRUCCO ESQUINA DUBLÉ ALMEYDA", "LATITUD": -33.456526, "LONGITUD": -70.594394, "centroide_x": 351822.56619145186, "centroide_y": 6296963.8504042346, "crs_original": "EPSG:4326", "fecha_normalizacion": "2025-10-10 01:59:23" }, "geometry": { "type": "Point", "coordinates": [ 351822.566191451856866, 6296963.850404234603047 ] } },
{ "type": "Feature", "properties": { "AGNO": 2021.0, "ID_ESTAB": 9102.0, "ORIGEN": 1.0, "NOM_ESTAB": "ESCUELA GUILLERMO ZANARTU IRIGOYEN", "COD_REG_ES": 13.0, "COD_PRO_ES": 131.0, "COD_COM_ES": 13120.0, "NOM_COM_ES": "ÑUÑOA", "COD_DEPROV": 133.0, "NOM_DEPROV": "SANTIAGO ORIENTE", "DEPENDENCI": 1.0, "RURAL_ESTA": 0.0, "ESTADO_EST": 1.0, "SC_MEN_SI": 0.0, "SC_MEN_H": 0.0, "SC_MEN_M": 0.0, "SC_MAY_H": 0.0, "SC_MAY_M": 0.0, "MED_MEN_SI": 0.0, "MED_MEN_H": 0.0, "MED_MEN_M": 0.0, "MED_MAY_SI": 0.0, "MED_MAY_H": 0.0, "MED_MAY_M": 0.0, "NT1_SI": 0.0, "NT1_H": 34.0, "NT1_M": 16.0, "NT2_SI": 0.0, "NT2_H": 31.0, "NT2_M": 19.0, "N_TOTAL": 100.0, "DIRECCION": "LOS JAZMINES", "NUMERO": 1240.0, "REFERENCIA": "COSTADO ESTADIO NACIONAL, DETRÁS DEL INSTITUTO DE SALUD PÚBLICA", "LATITUD": -33.463156, "LONGITUD": -70.618477, "centroide_x": 349595.58462914388, "centroide_y": 6296194.0451907152, "crs_original": "EPSG:4326", "fecha_normalizacion": "2025-10-10 01:59:23" }, "geometry": { "type": "Point", "coordinates": [ 349595.584629143879283, 6296194.045190715231001 ] } },
{ "type": "Feature", "properties": { "AGNO": 2021.0, "ID_ESTAB": 9106.0, "ORIGEN": 1.0, "NOM_ESTAB": "CENTRO EDUCACION MARIANO EGANA", "COD_REG_ES": 13.0, "COD_PRO_ES": 131.0, "COD_COM_ES": 13122.0, "NOM_COM_ES": "PEÑALOLÉN", "COD_DEPROV": 133.0, "NOM_DEPROV": "SANTIAGO ORIENTE", "DEPENDENCI": 1.0, "RURAL_ESTA": 0.0, "ESTADO_EST": 1.0, "SC_MEN_SI": 0.0, "SC_MEN_H": 0.0, "SC_MEN_M": 0.0, "SC_MAY_H": 0.0, "SC_MAY_M": 0.0, "MED_MEN_SI": 0.0, "MED_MEN_H": 0.0, "MED_MEN_M": 0.0, "MED_MAY_SI": 0.0, "MED_MAY_H": 0.0, "MED_MAY_M": 0.0, "NT1_SI": 0.0, "NT1_H": 19.0, "NT1_M": 14.0, "NT2_SI": 0.0, "NT2_H": 17.0, "NT2_M": 17.0, "N_TOTAL": 67.0, "DIRECCION": "AVENIDA GRECIA", "NUMERO": 6083.0, "REFERENCIA": "ROTONDA GRECIA Y/O ESTACIÓN DE METRO GRECIA HACIA EL ORIENTE", "LATITUD": -33.470363, "LONGITUD": -70.571782, "centroide_x": 353947.50656486291, "centroide_y": 6295461.632888563, "crs_original": "EPSG:4326", "fecha_normalizacion": "2025-10-10 01:59:23" }, "geometry": { "type": "Point", "coordinates": [ 353947.506564862909727, 6295461.632888562977314 ] } },
{ "type": "Feature", "properties": { "AGNO": 2021.0, "ID_ESTAB": 9131.0, "ORIGEN": 1.0, "NOM_ESTAB": "ESCUELA JUAN MOYA MORALES", "COD_REG_ES": 13.0, "COD_PRO_ES": 131.0, "COD_COM_ES": 13120.0, "NOM_COM_ES": "ÑUÑOA", "COD_DEPROV": 133.0, "NOM_DEPROV": "SANTIAGO ORIENTE", "DEPENDENCI": 1.0, "RURAL_ESTA": 0.0, "ESTADO_EST": 1.0, "SC_MEN_SI": 0.0, "SC_MEN_H": 0.0, "SC_MEN_M": 0.0, "SC_MAY_H": 0.0, "SC_MAY_M": 0.0, "MED_MEN_SI": 0.0, "MED_MEN_H": 0.0, "MED_MEN_M": 0.0, "MED_MAY_SI": 0.0, "MED_MAY_H": 0.0, "MED_MAY_M": 0.0, "NT1_SI": 0.0, "NT1_H": 0.0, "NT1_M": 0.0, "NT2_SI": 0.0, "NT2_H": 35.0, "NT2_M": 27.0, "N_TOTAL": 62.0, "DIRECCION": "OLMUE", "NUMERO": 4017.0, "REFERENCIA": "GRECIA C/JUAN MOYA HACIA EL SUR, POR JUAN MOYA.", "LATITUD": -33.468388, "LONGITUD": -70.590599, "centroide_x": 352195.45722857979, "centroide_y": 6295653.9619795959, "crs_original": "EPSG:4326", "fecha_normalizacion": "2025-10-10 01:59:23" }, "geometry": { "type": "Point", "coordinates": [ 352195.457228579791263, 6295653.961979595944285 ] } },
{ "type": "Feature", "properties": { "AGNO": 2021.0, "ID_ESTAB": 9137.0, "ORIGEN": 1.0, "NOM_ESTAB": "ESCUELA PARTICULAR ESPECIAL CEINTRALE", "COD_REG_ES": 13.0, "COD_PRO_ES": 131.0, "COD_COM_ES": 13120.0, "NOM_COM_ES": "ÑUÑOA", "COD_DEPROV": 133.0, "NOM_DEPROV": "SANTIAGO ORIENTE", "DEPENDENCI": 2.0, "RURAL_ESTA": 0.0, "ESTADO_EST": 1.0, "SC_MEN_SI": 0.0, "SC_MEN_H": 0.0, "SC_MEN_M": 0.0, "SC_MAY_H": 0.0, "SC_MAY_M": 0.0, "MED_MEN_SI": 0.0, "MED_MEN_H": 0.0, "MED_MEN_M": 0.0, "MED_MAY_SI": 0.0, "MED_MAY_H": 27.0, "MED_MAY_M": 12.0, "NT1_SI": 0.0, "NT1_H": 28.0, "NT1_M": 11.0, "NT2_SI": 0.0, "NT2_H": 16.0, "NT2_M": 8.0, "N_TOTAL": 102.0, "DIRECCION": "BROWN SUR", "NUMERO": 344.0, "REFERENCIA": "ENTRE DUBLE ALMEYDA Y EDUARDO CASTILLO VELASCO", "LATITUD": -33.458508, "LONGITUD": -70.59179, "centroide_x": 352067.96784377017, "centroide_y": 6296747.8192306766, "crs_original": "EPSG:4326", "fecha_normalizacion": "2025-10-10 01:59:23" }, "geometry": { "type": "Point", "coordinates": [ 352067.967843770165928, 6296747.819230676628649 ] } },
{ "type": "Feature", "properties": { "AGNO": 2021.0, "ID_ESTAB": 9147.0, "ORIGEN": 1.0, "NOM_ESTAB": "COLEGIO PARTICULAR N 1 DE NUNOA", "COD_REG_ES": 13.0, "COD_PRO_ES": 131.0, "COD_COM_ES": 13120.0, "NOM_COM_ES": "ÑUÑOA", "COD_DEPROV": 133.0, "NOM_DEPROV": "SANTIAGO ORIENTE", "DEPENDENCI": 2.0, "RURAL_ESTA": 0.0, "ESTADO_EST": 1.0, "SC_MEN_SI": 0.0, "SC_MEN_H": 0.0, "SC_MEN_M": 0.0, "SC_MAY_H": 0.0, "SC_MAY_M": 0.0, "MED_MEN_SI": 0.0, "MED_MEN_H": 0.0, "MED_MEN_M": 0.0, "MED_MAY_SI": 0.0, "MED_MAY_H": 0.0, "MED_MAY_M": 0.0, "NT1_SI": 0.0, "NT1_H": 41.0, "NT1_M": 29.0, "NT2_SI": 0.0, "NT2_H": 44.0, "NT2_M": 41.0, "N_TOTAL": 155.0, "DIRECCION": "JUAN MOYA MORALES", "NUMERO": 1764.0, "REFERENCIA": "IGNACIO CARRERA PINTO CON JUAN MOYA MORALES", "LATITUD": -33.470598, "LONGITUD": -70.589355, "centroide_x": 352314.75723987457, "centroide_y": 6295410.632075496, "crs_original": "EPSG:4326", "fecha_normalizacion": "2025-10-10 01:59:23" }, "geometry": { "type": "Point", "coordinates": [ 352314.757239874568768, 6295410.632075496017933 ] } },
{ "type": "Feature", "properties": { "AGNO": 2021.0, "ID_ESTAB": 9182.0, "ORIGEN": 1.0, "NOM_ESTAB": "COLEGIO POLIVALENTE YORK", "COD_REG_ES": 13.0, "COD_PRO_ES": 131.0, "COD_COM_ES": 13122.0, "NOM_COM_ES": "PEÑALOLÉN", "COD_DEPROV": 133.0, "NOM_DEPROV": "SANTIAGO ORIENTE", "DEPENDENCI": 2.0, "RURAL_ESTA": 0.0, "ESTADO_EST": 1.0, "SC_MEN_SI": 0.0, "SC_MEN_H": 0.0, "SC_MEN_M": 0.0, "SC_MAY_H": 0.0, "SC_MAY_M": 0.0, "MED_MEN_SI": 0.0, "MED_MEN_H": 0.0, "MED_MEN_M": 0.0, "MED_MAY_SI": 0.0, "MED_MAY_H": 0.0, "MED_MAY_M": 0.0, "NT1_SI": 0.0, "NT1_H": 11.0, "NT1_M": 13.0, "NT2_SI": 0.0, "NT2_H": 14.0, "NT2_M": 16.0, "N_TOTAL": 54.0, "DIRECCION": "AVENIDA EGANA", "NUMERO": 1350.0, "REFERENCIA": "ENTRE LOS METROS AV. GRECIA Y ORIENTALES,  LINEA 4.", "LATITUD": -33.465871, "LONGITUD": -70.573645, "centroide_x": 353766.79045983293, "centroide_y": 6295957.0893578772, "crs_original": "EPSG:4326", "fecha_normalizacion": "2025-10-10 01:59:23" }, "geometry": { "type": "Point", "coordinates": [ 353766.790459832933266, 6295957.089357877150178 ] } },
{ "type": "Feature", "properties": { "AGNO": 2021.0, "ID_ESTAB": 9184.0, "ORIGEN": 1.0, "NOM_ESTAB": "COLEGIO PRECIOSA SANGRE", "COD_REG_ES": 13.0, "COD_PRO_ES": 131.0, "COD_COM_ES": 13120.0, "NOM_COM_ES": "ÑUÑOA", "COD_DEPROV": 133.0, "NOM_DEPROV": "SANTIAGO ORIENTE", "DEPENDENCI": 2.0, "RURAL_ESTA": 0.0, "ESTADO_EST": 1.0, "SC_MEN_SI": 0.0, "SC_MEN_H": 0.0, "SC_MEN_M": 0.0, "SC_MAY_H": 0.0, "SC_MAY_M": 0.0, "MED_MEN_SI": 0.0, "MED_MEN_H": 0.0, "MED_MEN_M": 0.0, "MED_MAY_SI": 0.0, "MED_MAY_H": 0.0, "MED_MAY_M": 0.0, "NT1_SI": 0.0, "NT1_H": 0.0, "NT1_M": 29.0, "NT2_SI": 0.0, "NT2_H": 0.0, "NT2_M": 41.0, "N_TOTAL": 70.0, "DIRECCION": "AVENIDA EDUARDO CASTILLO VELASCO", "NUMERO": 2525.0, "REFERENCIA": "INGRESO A 50 METROS DE AVENIDA PEDRO DE VALDIVIA, VEREDA SUR.  SE UBICA A TRES CUADRAS DE AVENIDA GRECIA Y TRES CUADRAS DE AVENIDA IRARRÁZAVAL.", "LATITUD": -33.458415, "LONGITUD": -70.604988, "centroide_x": 350841.119891576, "centroide_y": 6296739.2826953465, "crs_original": "EPSG:4326", "fecha_normalizacion": "2025-10-10 01:59:23" }, "geometry": { "type": "Point", "coordinates": [ 350841.119891576003283, 6296739.2826953465119 ] } },
{ "type": "Feature", "properties": { "AGNO": 2021.0, "ID_ESTAB": 9206.0, "ORIGEN": 1.0, "NOM_ESTAB": "COLEGIO PARTICULAR NUMERO DOS DE NUÑOA", "COD_REG_ES": 13.0, "COD_PRO_ES": 131.0, "COD_COM_ES": 13120.0, "NOM_COM_ES": "ÑUÑOA", "COD_DEPROV": 133.0, "NOM_DEPROV": "SANTIAGO ORIENTE", "DEPENDENCI": 2.0, "RURAL_ESTA": 0.0, "ESTADO_EST": 1.0, "SC_MEN_SI": 0.0, "SC_MEN_H": 0.0, "SC_MEN_M": 0.0, "SC_MAY_H": 0.0, "SC_MAY_M": 0.0, "MED_MEN_SI": 0.0, "MED_MEN_H": 0.0, "MED_MEN_M": 0.0, "MED_MAY_SI": 0.0, "MED_MAY_H": 0.0, "MED_MAY_M": 0.0, "NT1_SI": 0.0, "NT1_H": 32.0, "NT1_M": 36.0, "NT2_SI": 0.0, "NT2_H": 44.0, "NT2_M": 42.0, "N_TOTAL": 154.0, "DIRECCION": "PASAJE 36", "NUMERO": 1571.0, "REFERENCIA": "METRO GRECIA, A PASOS DEL METRO GRECIA BAJANDO POR RODRIGO DE ARAYA A MANO DERECHA.", "LATITUD": -33.470056, "LONGITUD": -70.579002, "centroide_x": 353275.97695793398, "centroide_y": 6295485.4346414451, "crs_original": "EPSG:4326", "fecha_normalizacion": "2025-10-10 01:59:23" }, "geometry": { "type": "Point", "coordinates": [ 353275.976957933977246, 6295485.434641445055604 ] } },
{ "type": "Feature", "properties": { "AGNO": 2021.0, "ID_ESTAB": 9209.0, "ORIGEN": 1.0, "NOM_ESTAB": "ESCUELA PARTICULAR SAN JUAN BAUTISTA", "COD_REG_ES": 13.0, "COD_PRO_ES": 131.0, "COD_COM_ES": 13120.0, "NOM_COM_ES": "ÑUÑOA", "COD_DEPROV": 133.0, "NOM_DEPROV": "SANTIAGO ORIENTE", "DEPENDENCI": 2.0, "RURAL_ESTA": 0.0, "ESTADO_EST": 1.0, "SC_MEN_SI": 0.0, "SC_MEN_H": 0.0, "SC_MEN_M": 0.0, "SC_MAY_H": 0.0, "SC_MAY_M": 0.0, "MED_MEN_SI": 0.0, "MED_MEN_H": 0.0, "MED_MEN_M": 0.0, "MED_MAY_SI": 0.0, "MED_MAY_H": 0.0, "MED_MAY_M": 0.0, "NT1_SI": 0.0, "NT1_H": 0.0, "NT1_M": 32.0, "NT2_SI": 0.0, "NT2_H": 1.0, "NT2_M": 44.0, "N_TOTAL": 77.0, "DIRECCION": "JOSE PEDRO ALESSANDRI", "NUMERO": 1372.0, "REFERENCIA": "UNA CUADRA ANTES DE AV. GRECIA, ANTES DE LA UTEM.", "LATITUD": -33.467178, "LONGITUD": -70.59824, "centroide_x": 351483.26823806338, "centroide_y": 6295777.2027513366, "crs_original": "EPSG:4326", "fecha_normalizacion": "2025-10-10 01:59:23" }, "geometry": { "type": "Point", "coordinates": [ 351483.268238063377794, 6295777.202751336619258 ] } },
{ "type": "Feature", "properties": { "AGNO": 2021.0, "ID_ESTAB": 9216.0, "ORIGEN": 1.0, "NOM_ESTAB": "COLEGIO SUIZO DE SANTIAGO", "COD_REG_ES": 13.0, "COD_PRO_ES": 131.0, "COD_COM_ES": 13120.0, "NOM_COM_ES": "ÑUÑOA", "COD_DEPROV": 133.0, "NOM_DEPROV": "SANTIAGO ORIENTE", "DEPENDENCI": 3.0, "RURAL_ESTA": 0.0, "ESTADO_EST": 1.0, "SC_MEN_SI": 0.0, "SC_MEN_H": 0.0, "SC_MEN_M": 0.0, "SC_MAY_H": 0.0, "SC_MAY_M": 0.0, "MED_MEN_SI": 0.0, "MED_MEN_H": 0.0, "MED_MEN_M": 0.0, "MED_MAY_SI": 0.0, "MED_MAY_H": 0.0, "MED_MAY_M": 0.0, "NT1_SI": 0.0, "NT1_H": 30.0, "NT1_M": 28.0, "NT2_SI": 0.0, "NT2_H": 30.0, "NT2_M": 34.0, "N_TOTAL": 122.0, "DIRECCION": "JOSE DOMINGO CAÑAS", "NUMERO": 2206.0, "REFERENCIA": "JOSE  DOMINGO CAÑAS AL LLEGAR A CAMPO DE DEPORTES. VEREDA NORTE.", "LATITUD": -33.456689, "LONGITUD": -70.60865, "centroide_x": 350497.80920727586, "centroide_y": 6296925.3852020344, "crs_original": "EPSG:4326", "fecha_normalizacion": "2025-10-10 01:59:23" }, "geometry": { "type": "Point", "coordinates": [ 350497.80920727585908, 6296925.385202034376562 ] } },
{ "type": "Feature", "properties": { "AGNO": 2021.0, "ID_ESTAB": 9217.0, "ORIGEN": 1.0, "NOM_ESTAB": "COLEGIO AKROS", "COD_REG_ES": 13.0, "COD_PRO_ES": 131.0, "COD_COM_ES": 13120.0, "NOM_COM_ES": "ÑUÑOA", "COD_DEPROV": 133.0, "NOM_DEPROV": "SANTIAGO ORIENTE", "DEPENDENCI": 3.0, "RURAL_ESTA": 0.0, "ESTADO_EST": 1.0, "SC_MEN_SI": 0.0, "SC_MEN_H": 0.0, "SC_MEN_M": 0.0, "SC_MAY_H": 0.0, "SC_MAY_M": 0.0, "MED_MEN_SI": 0.0, "MED_MEN_H": 0.0, "MED_MEN_M": 0.0, "MED_MAY_SI": 0.0, "MED_MAY_H": 12.0, "MED_MAY_M": 22.0, "NT1_SI": 0.0, "NT1_H": 26.0, "NT1_M": 43.0, "NT2_SI": 0.0, "NT2_H": 21.0, "NT2_M": 49.0, "N_TOTAL": 173.0, "DIRECCION": "IRARRAZAVAL", "NUMERO": 3850.0, "REFERENCIA": null, "LATITUD": -33.455344, "LONGITUD": -70.58912, "centroide_x": 352310.76272630412, "centroide_y": 6297102.4597262722, "crs_original": "EPSG:4326", "fecha_normalizacion": "2025-10-10 01:59:23" }, "geometry": { "type": "Point", "coordinates": [ 352310.762726304121315, 6297102.459726272150874 ] } },
{ "type": "Feature", "properties": { "AGNO": 2021.0, "ID_ESTAB": 9230.0, "ORIGEN": 1.0, "NOM_ESTAB": "COLEGIO ISABEL LA CATOLICA", "COD_REG_ES": 13.0, "COD_PRO_ES": 131.0, "COD_COM_ES": 13120.0, "NOM_COM_ES": "ÑUÑOA", "COD_DEPROV": 133.0, "NOM_DEPROV": "SANTIAGO ORIENTE", "DEPENDENCI": 3.0, "RURAL_ESTA": 0.0, "ESTADO_EST": 1.0, "SC_MEN_SI": 0.0, "SC_MEN_H": 0.0, "SC_MEN_M": 0.0, "SC_MAY_H": 0.0, "SC_MAY_M": 0.0, "MED_MEN_SI": 0.0, "MED_MEN_H": 0.0, "MED_MEN_M": 0.0, "MED_MAY_SI": 0.0, "MED_MAY_H": 0.0, "MED_MAY_M": 0.0, "NT1_SI": 0.0, "NT1_H": 3.0, "NT1_M": 10.0, "NT2_SI": 0.0, "NT2_H": 9.0, "NT2_M": 18.0, "N_TOTAL": 40.0, "DIRECCION": "VILLASECA", "NUMERO": 701.0, "REFERENCIA": "ENTRE PEDRO DE VALDIVIA Y LYON", "LATITUD": -33.447716, "LONGITUD": -70.60389, "centroide_x": 350924.87489990832, "centroide_y": 6297927.1980579179, "crs_original": "EPSG:4326", "fecha_normalizacion": "2025-10-10 01:59:23" }, "geometry": { "type": "Point", "coordinates": [ 350924.874899908318184, 6297927.198057917878032 ] } },
{ "type": "Feature", "properties": { "AGNO": 2021.0, "ID_ESTAB": 9239.0, "ORIGEN": 1.0, "NOM_ESTAB": "COLEGIO FRANCISCO DE MIRANDA", "COD_REG_ES": 13.0, "COD_PRO_ES": 131.0, "COD_COM_ES": 13122.0, "NOM_COM_ES": "PEÑALOLÉN", "COD_DEPROV": 133.0, "NOM_DEPROV": "SANTIAGO ORIENTE", "DEPENDENCI": 3.0, "RURAL_ESTA": 0.0, "ESTADO_EST": 1.0, "SC_MEN_SI": 0.0, "SC_MEN_H": 0.0, "SC_MEN_M": 0.0, "SC_MAY_H": 0.0, "SC_MAY_M": 0.0, "MED_MEN_SI": 0.0, "MED_MEN_H": 4.0, "MED_MEN_M": 5.0, "MED_MAY_SI": 0.0, "MED_MAY_H": 7.0, "MED_MAY_M": 6.0, "NT1_SI": 0.0, "NT1_H": 21.0, "NT1_M": 21.0, "NT2_SI": 0.0, "NT2_H": 20.0, "NT2_M": 22.0, "N_TOTAL": 106.0, "DIRECCION": "CRUZ ALMEYDA", "NUMERO": 1388.0, "REFERENCIA": "A TRES CUADRAS DE AMERICO VESPUCIO HACIA LA CORDILLERA, ENTRE LAS ESTACIONES DE METRO DE GRECIA Y LOS ORIENTALES", "LATITUD": -33.467133, "LONGITUD": -70.57145, "centroide_x": 353972.90898392338, "centroide_y": 6295820.2176570911, "crs_original": "EPSG:4326", "fecha_normalizacion": "2025-10-10 01:59:23" }, "geometry": { "type": "Point", "coordinates": [ 353972.908983923378401, 6295820.217657091096044 ] } },
{ "type": "Feature", "properties": { "AGNO": 2021.0, "ID_ESTAB": 9249.0, "ORIGEN": 1.0, "NOM_ESTAB": "COLEGIO SAINT GASPAR COLLEGE", "COD_REG_ES": 13.0, "COD_PRO_ES": 131.0, "COD_COM_ES": 13120.0, "NOM_COM_ES": "ÑUÑOA", "COD_DEPROV": 133.0, "NOM_DEPROV": "SANTIAGO ORIENTE", "DEPENDENCI": 3.0, "RURAL_ESTA": 0.0, "ESTADO_EST": 1.0, "SC_MEN_SI": 0.0, "SC_MEN_H": 0.0, "SC_MEN_M": 0.0, "SC_MAY_H": 0.0, "SC_MAY_M": 0.0, "MED_MEN_SI": 0.0, "MED_MEN_H": 0.0, "MED_MEN_M": 0.0, "MED_MAY_SI": 0.0, "MED_MAY_H": 20.0, "MED_MAY_M": 15.0, "NT1_SI": 0.0, "NT1_H": 35.0, "NT1_M": 29.0, "NT2_SI": 0.0, "NT2_H": 31.0, "NT2_M": 34.0, "N_TOTAL": 164.0, "DIRECCION": "SUAREZ MUJICA", "NUMERO": 2577.0, "REFERENCIA": null, "LATITUD": -33.460305, "LONGITUD": -70.60515, "centroide_x": 350829.31609990203, "centroide_y": 6296529.4534508791, "crs_original": "EPSG:4326", "fecha_normalizacion": "2025-10-10 01:59:23" }, "geometry": { "type": "Point", "coordinates": [ 350829.316099902032875, 6296529.453450879082084 ] } },
{ "type": "Feature", "properties": { "AGNO": 2021.0, "ID_ESTAB": 9250.0, "ORIGEN": 1.0, "NOM_ESTAB": "COLEGIO CALASANZ", "COD_REG_ES": 13.0, "COD_PRO_ES": 131.0, "COD_COM_ES": 13120.0, "NOM_COM_ES": "ÑUÑOA", "COD_DEPROV": 133.0, "NOM_DEPROV": "SANTIAGO ORIENTE", "DEPENDENCI": 3.0, "RURAL_ESTA": 0.0, "ESTADO_EST": 1.0, "SC_MEN_SI": 0.0, "SC_MEN_H": 0.0, "SC_MEN_M": 0.0, "SC_MAY_H": 0.0, "SC_MAY_M": 0.0, "MED_MEN_SI": 0.0, "MED_MEN_H": 0.0, "MED_MEN_M": 0.0, "MED_MAY_SI": 0.0, "MED_MAY_H": 0.0, "MED_MAY_M": 0.0, "NT1_SI": 0.0, "NT1_H": 47.0, "NT1_M": 56.0, "NT2_SI": 0.0, "NT2_H": 62.0, "NT2_M": 48.0, "N_TOTAL": 213.0, "DIRECCION": "MONTENEGRO", "NUMERO": 661.0, "REFERENCIA": null, "LATITUD": -33.449484, "LONGITUD": -70.58497, "centroide_x": 352686.58125939488, "centroide_y": 6297758.1360773742, "crs_original": "EPSG:4326", "fecha_normalizacion": "2025-10-10 01:59:23" }, "geometry": { "type": "Point", "coordinates": [ 352686.581259394879453, 6297758.136077374219894 ] } },
{ "type": "Feature", "properties": { "AGNO": 2021.0, "ID_ESTAB": 9267.0, "ORIGEN": 1.0, "NOM_ESTAB": "LICEO EXPERIMENTAL MANUEL DE SALAS", "COD_REG_ES": 13.0, "COD_PRO_ES": 131.0, "COD_COM_ES": 13120.0, "NOM_COM_ES": "ÑUÑOA", "COD_DEPROV": 133.0, "NOM_DEPROV": "SANTIAGO ORIENTE", "DEPENDENCI": 3.0, "RURAL_ESTA": 0.0, "ESTADO_EST": 1.0, "SC_MEN_SI": 0.0, "SC_MEN_H": 0.0, "SC_MEN_M": 0.0, "SC_MAY_H": 0.0, "SC_MAY_M": 0.0, "MED_MEN_SI": 0.0, "MED_MEN_H": 0.0, "MED_MEN_M": 0.0, "MED_MAY_SI": 0.0, "MED_MAY_H": 0.0, "MED_MAY_M": 0.0, "NT1_SI": 0.0, "NT1_H": 63.0, "NT1_M": 45.0, "NT2_SI": 0.0, "NT2_H": 63.0, "NT2_M": 42.0, "N_TOTAL": 213.0, "DIRECCION": "BROWN NORTE", "NUMERO": 105.0, "REFERENCIA": null, "LATITUD": -33.454197, "LONGITUD": -70.5917, "centroide_x": 352069.00973786175, "centroide_y": 6297225.9732791837, "crs_original": "EPSG:4326", "fecha_normalizacion": "2025-10-10 01:59:23" }, "geometry": { "type": "Point", "coordinates": [ 352069.009737861750182, 6297225.973279183730483 ] } },
{ "type": "Feature", "properties": { "AGNO": 2021.0, "ID_ESTAB": 9268.0, "ORIGEN": 1.0, "NOM_ESTAB": "ESCUELA BÁSICA Nº520 FLORENCE NIGHTINGALE", "COD_REG_ES": 13.0, "COD_PRO_ES": 131.0, "COD_COM_ES": 13118.0, "NOM_COM_ES": "MACUL", "COD_DEPROV": 133.0, "NOM_DEPROV": "SANTIAGO ORIENTE", "DEPENDENCI": 3.0, "RURAL_ESTA": 0.0, "ESTADO_EST": 1.0, "SC_MEN_SI": 0.0, "SC_MEN_H": 0.0, "SC_MEN_M": 0.0, "SC_MAY_H": 0.0, "SC_MAY_M": 0.0, "MED_MEN_SI": 0.0, "MED_MEN_H": 0.0, "MED_MEN_M": 0.0, "MED_MAY_SI": 0.0, "MED_MAY_H": 4.0, "MED_MAY_M": 4.0, "NT1_SI": 0.0, "NT1_H": 13.0, "NT1_M": 12.0, "NT2_SI": 0.0, "NT2_H": 8.0, "NT2_M": 16.0, "N_TOTAL": 57.0, "DIRECCION": "JOSE PEDRO ALESSANDRI", "NUMERO": 2451.0, "REFERENCIA": "AVENIDA JOSE PEDRO ALESSANDRI, ENTRE LOS ESPINOS Y GREGORIO DE LA FUENTE.", "LATITUD": -33.477517, "LONGITUD": -70.59914, "centroide_x": 351417.28164253081, "centroide_y": 6294629.5060973819, "crs_original": "EPSG:4326", "fecha_normalizacion": "2025-10-10 01:59:23" }, "geometry": { "type": "Point", "coordinates": [ 351417.281642530811951, 6294629.506097381934524 ] } },
{ "type": "Feature", "properties": { "AGNO": 2021.0, "ID_ESTAB": 9271.0, "ORIGEN": 1.0, "NOM_ESTAB": "COLEGIO THE KENT SCHOOL", "COD_REG_ES": 13.0, "COD_PRO_ES": 131.0, "COD_COM_ES": 13123.0, "NOM_COM_ES": "PROVIDENCIA", "COD_DEPROV": 133.0, "NOM_DEPROV": "SANTIAGO ORIENTE", "DEPENDENCI": 3.0, "RURAL_ESTA": 0.0, "ESTADO_EST": 1.0, "SC_MEN_SI": 0.0, "SC_MEN_H": 0.0, "SC_MEN_M": 0.0, "SC_MAY_H": 0.0, "SC_MAY_M": 0.0, "MED_MEN_SI": 0.0, "MED_MEN_H": 0.0, "MED_MEN_M": 0.0, "MED_MAY_SI": 0.0, "MED_MAY_H": 0.0, "MED_MAY_M": 0.0, "NT1_SI": 0.0, "NT1_H": 37.0, "NT1_M": 27.0, "NT2_SI": 0.0, "NT2_H": 24.0, "NT2_M": 37.0, "N_TOTAL": 125.0, "DIRECCION": "AVENIDA PEDRO DE VALDIVIA", "NUMERO": 2176.0, "REFERENCIA": null, "LATITUD": -33.442515, "LONGITUD": -70.60645, "centroide_x": 350677.99438892759, "centroide_y": 6298500.2368877027, "crs_original": "EPSG:4326", "fecha_normalizacion": "2025-10-10 01:59:23" }, "geometry": { "type": "Point", "coordinates": [ 350677.994388927589171, 6298500.236887702718377 ] } },
{ "type": "Feature", "properties": { "AGNO": 2021.0, "ID_ESTAB": 9276.0, "ORIGEN": 1.0, "NOM_ESTAB": "COLEGIO UNIVERSITARIO EL SALVADOR", "COD_REG_ES": 13.0, "COD_PRO_ES": 131.0, "COD_COM_ES": 13120.0, "NOM_COM_ES": "ÑUÑOA", "COD_DEPROV": 133.0, "NOM_DEPROV": "SANTIAGO ORIENTE", "DEPENDENCI": 3.0, "RURAL_ESTA": 0.0, "ESTADO_EST": 1.0, "SC_MEN_SI": 0.0, "SC_MEN_H": 0.0, "SC_MEN_M": 0.0, "SC_MAY_H": 0.0, "SC_MAY_M": 0.0, "MED_MEN_SI": 0.0, "MED_MEN_H": 0.0, "MED_MEN_M": 0.0, "MED_MAY_SI": 0.0, "MED_MAY_H": 11.0, "MED_MAY_M": 7.0, "NT1_SI": 0.0, "NT1_H": 30.0, "NT1_M": 23.0, "NT2_SI": 0.0, "NT2_H": 22.0, "NT2_M": 34.0, "N_TOTAL": 127.0, "DIRECCION": "AVENIDA SALVADOR", "NUMERO": 1696.0, "REFERENCIA": null, "LATITUD": -33.448369, "LONGITUD": -70.62163, "centroide_x": 349276.96991782176, "centroide_y": 6297829.1989775822, "crs_original": "EPSG:4326", "fecha_normalizacion": "2025-10-10 01:59:23" }, "geometry": { "type": "Point", "coordinates": [ 349276.969917821756098, 6297829.198977582156658 ] } },
{ "type": "Feature", "properties": { "AGNO": 2021.0, "ID_ESTAB": 9277.0, "ORIGEN": 1.0, "NOM_ESTAB": "COLEGIO SAN MARCOS", "COD_REG_ES": 13.0, "COD_PRO_ES": 131.0, "COD_COM_ES": 13118.0, "NOM_COM_ES": "MACUL", "COD_DEPROV": 133.0, "NOM_DEPROV": "SANTIAGO ORIENTE", "DEPENDENCI": 3.0, "RURAL_ESTA": 0.0, "ESTADO_EST": 1.0, "SC_MEN_SI": 0.0, "SC_MEN_H": 0.0, "SC_MEN_M": 0.0, "SC_MAY_H": 0.0, "SC_MAY_M": 0.0, "MED_MEN_SI": 0.0, "MED_MEN_H": 0.0, "MED_MEN_M": 0.0, "MED_MAY_SI": 0.0, "MED_MAY_H": 3.0, "MED_MAY_M": 4.0, "NT1_SI": 0.0, "NT1_H": 19.0, "NT1_M": 11.0, "NT2_SI": 0.0, "NT2_H": 29.0, "NT2_M": 37.0, "N_TOTAL": 103.0, "DIRECCION": "JOSE PEDRO ALESSANDRI", "NUMERO": 2136.0, "REFERENCIA": "COSTADO PARROQUIA EL BUEN PASTOR", "LATITUD": -33.473709, "LONGITUD": -70.5977, "centroide_x": 351544.59535903926, "centroide_y": 6295053.8181501012, "crs_original": "EPSG:4326", "fecha_normalizacion": "2025-10-10 01:59:23" }, "geometry": { "type": "Point", "coordinates": [ 351544.595359039260074, 6295053.818150101229548 ] } },
{ "type": "Feature", "properties": { "AGNO": 2021.0, "ID_ESTAB": 9278.0, "ORIGEN": 1.0, "NOM_ESTAB": "COLEGIO INSTITUTO SANTA MARIA", "COD_REG_ES": 13.0, "COD_PRO_ES": 131.0, "COD_COM_ES": 13120.0, "NOM_COM_ES": "ÑUÑOA", "COD_DEPROV": 133.0, "NOM_DEPROV": "SANTIAGO ORIENTE", "DEPENDENCI": 3.0, "RURAL_ESTA": 0.0, "ESTADO_EST": 1.0, "SC_MEN_SI": 0.0, "SC_MEN_H": 0.0, "SC_MEN_M": 0.0, "SC_MAY_H": 0.0, "SC_MAY_M": 0.0, "MED_MEN_SI": 0.0, "MED_MEN_H": 0.0, "MED_MEN_M": 0.0, "MED_MAY_SI": 0.0, "MED_MAY_H": 0.0, "MED_MAY_M": 0.0, "NT1_SI": 0.0, "NT1_H": 23.0, "NT1_M": 12.0, "NT2_SI": 0.0, "NT2_H": 16.0, "NT2_M": 24.0, "N_TOTAL": 75.0, "DIRECCION": "JUAN ENRIQUE CONCHA", "NUMERO": 273.0, "REFERENCIA": "DUBLE ALMEYDA CON JOSÉ PEDRO ALESSANDRI, CAMINAR UNA CUADRA POR DUBLE ALMEYDA HACIA LA CORDILLERA.", "LATITUD": -33.457708, "LONGITUD": -70.59607, "centroide_x": 351668.80528265919, "centroide_y": 6296830.4256305043, "crs_original": "EPSG:4326", "fecha_normalizacion": "2025-10-10 01:59:23" }, "geometry": { "type": "Point", "coordinates": [ 351668.805282659188379, 6296830.425630504265428 ] } },
{ "type": "Feature", "properties": { "AGNO": 2021.0, "ID_ESTAB": 9500.0, "ORIGEN": 1.0, "NOM_ESTAB": "COLEGIO PART. NUESTRA SRA DEL HUERTO", "COD_REG_ES": 13.0, "COD_PRO_ES": 131.0, "COD_COM_ES": 13129.0, "NOM_COM_ES": "SAN JOAQUÍN", "COD_DEPROV": 131.0, "NOM_DEPROV": "SANTIAGO CENTRO", "DEPENDENCI": 2.0, "RURAL_ESTA": 0.0, "ESTADO_EST": 1.0, "SC_MEN_SI": 0.0, "SC_MEN_H": 0.0, "SC_MEN_M": 0.0, "SC_MAY_H": 0.0, "SC_MAY_M": 0.0, "MED_MEN_SI": 0.0, "MED_MEN_H": 0.0, "MED_MEN_M": 0.0, "MED_MAY_SI": 0.0, "MED_MAY_H": 0.0, "MED_MAY_M": 0.0, "NT1_SI": 0.0, "NT1_H": 6.0, "NT1_M": 10.0, "NT2_SI": 0.0, "NT2_H": 8.0, "NT2_M": 16.0, "N_TOTAL": 40.0, "DIRECCION": "CELIA SOLAR", "NUMERO": 50.0, "REFERENCIA": "CELIA SOLAR ENTRE VICUÑA MACKENNA Y SANTA ELENA", "LATITUD": -33.472194, "LONGITUD": -70.625371, "centroide_x": 348970.5983689421, "centroide_y": 6295181.9272686234, "crs_original": "EPSG:4326", "fecha_normalizacion": "2025-10-10 01:59:23" }, "geometry": { "type": "Point", "coordinates": [ 348970.598368942097295, 6295181.927268623374403 ] } },
{ "type": "Feature", "properties": { "AGNO": 2021.0, "ID_ESTAB": 11871.0, "ORIGEN": 1.0, "NOM_ESTAB": "COLEGIO PEDRO DE VALDIVIA", "COD_REG_ES": 13.0, "COD_PRO_ES": 131.0, "COD_COM_ES": 13123.0, "NOM_COM_ES": "PROVIDENCIA", "COD_DEPROV": 133.0, "NOM_DEPROV": "SANTIAGO ORIENTE", "DEPENDENCI": 3.0, "RURAL_ESTA": 0.0, "ESTADO_EST": 1.0, "SC_MEN_SI": 0.0, "SC_MEN_H": 0.0, "SC_MEN_M": 0.0, "SC_MAY_H": 0.0, "SC_MAY_M": 0.0, "MED_MEN_SI": 0.0, "MED_MEN_H": 0.0, "MED_MEN_M": 0.0, "MED_MAY_SI": 0.0, "MED_MAY_H": 18.0, "MED_MAY_M": 19.0, "NT1_SI": 0.0, "NT1_H": 47.0, "NT1_M": 37.0, "NT2_SI": 0.0, "NT2_H": 51.0, "NT2_M": 48.0, "N_TOTAL": 220.0, "DIRECCION": "AVENIDA PEDRO DE VALDIVIA", "NUMERO": 1939.0, "REFERENCIA": "PARALELA A FRANCISCO BILBAO", "LATITUD": -33.440617, "LONGITUD": -70.60724, "centroide_x": 350601.30071201705, "centroide_y": 6298709.5617344147, "crs_original": "EPSG:4326", "fecha_normalizacion": "2025-10-10 01:59:23" }, "geometry": { "type": "Point", "coordinates": [ 350601.30071201705141, 6298709.561734414659441 ] } },
{ "type": "Feature", "properties": { "AGNO": 2021.0, "ID_ESTAB": 11993.0, "ORIGEN": 1.0, "NOM_ESTAB": "ESCUELA BASICA JUAN PABLO DUARTE", "COD_REG_ES": 13.0, "COD_PRO_ES": 131.0, "COD_COM_ES": 13123.0, "NOM_COM_ES": "PROVIDENCIA", "COD_DEPROV": 133.0, "NOM_DEPROV": "SANTIAGO ORIENTE", "DEPENDENCI": 1.0, "RURAL_ESTA": 0.0, "ESTADO_EST": 1.0, "SC_MEN_SI": 0.0, "SC_MEN_H": 0.0, "SC_MEN_M": 0.0, "SC_MAY_H": 0.0, "SC_MAY_M": 0.0, "MED_MEN_SI": 0.0, "MED_MEN_H": 0.0, "MED_MEN_M": 0.0, "MED_MAY_SI": 0.0, "MED_MAY_H": 0.0, "MED_MAY_M": 0.0, "NT1_SI": 0.0, "NT1_H": 18.0, "NT1_M": 22.0, "NT2_SI": 0.0, "NT2_H": 21.0, "NT2_M": 29.0, "N_TOTAL": 90.0, "DIRECCION": "SANTA ISABEL", "NUMERO": 735.0, "REFERENCIA": "AV. SANTA ISABEL CON SALVADOR, MEDIA CUADRA HACIA EL ESTE.", "LATITUD": -33.445556, "LONGITUD": -70.621629, "centroide_x": 349272.15568907699, "centroide_y": 6298141.1266525537, "crs_original": "EPSG:4326", "fecha_normalizacion": "2025-10-10 01:59:23" }, "geometry": { "type": "Point", "coordinates": [ 349272.155689076986164, 6298141.126652553677559 ] } },
{ "type": "Feature", "properties": { "AGNO": 2021.0, "ID_ESTAB": 12092.0, "ORIGEN": 1.0, "NOM_ESTAB": "ESCUELA ESPECIAL ANADIME", "COD_REG_ES": 13.0, "COD_PRO_ES": 131.0, "COD_COM_ES": 13120.0, "NOM_COM_ES": "ÑUÑOA", "COD_DEPROV": 133.0, "NOM_DEPROV": "SANTIAGO ORIENTE", "DEPENDENCI": 2.0, "RURAL_ESTA": 0.0, "ESTADO_EST": 1.0, "SC_MEN_SI": 0.0, "SC_MEN_H": 0.0, "SC_MEN_M": 0.0, "SC_MAY_H": 0.0, "SC_MAY_M": 0.0, "MED_MEN_SI": 0.0, "MED_MEN_H": 0.0, "MED_MEN_M": 0.0, "MED_MAY_SI": 0.0, "MED_MAY_H": 7.0, "MED_MAY_M": 1.0, "NT1_SI": 0.0, "NT1_H": 0.0, "NT1_M": 0.0, "NT2_SI": 0.0, "NT2_H": 0.0, "NT2_M": 0.0, "N_TOTAL": 8.0, "DIRECCION": "RICARDO LYON", "NUMERO": 3020.0, "REFERENCIA": "SUCRE -SIMON BOLIVAR", "LATITUD": -33.44909, "LONGITUD": -70.60184, "centroide_x": 351117.7821892366, "centroide_y": 6297777.7807998564, "crs_original": "EPSG:4326", "fecha_normalizacion": "2025-10-10 01:59:23" }, "geometry": { "type": "Point", "coordinates": [ 351117.782189236604609, 6297777.780799856409431 ] } },
{ "type": "Feature", "properties": { "AGNO": 2021.0, "ID_ESTAB": 12133.0, "ORIGEN": 1.0, "NOM_ESTAB": "COLEGIO FRANCISCO ENCINA", "COD_REG_ES": 13.0, "COD_PRO_ES": 131.0, "COD_COM_ES": 13120.0, "NOM_COM_ES": "ÑUÑOA", "COD_DEPROV": 133.0, "NOM_DEPROV": "SANTIAGO ORIENTE", "DEPENDENCI": 3.0, "RURAL_ESTA": 0.0, "ESTADO_EST": 1.0, "SC_MEN_SI": 0.0, "SC_MEN_H": 0.0, "SC_MEN_M": 0.0, "SC_MAY_H": 0.0, "SC_MAY_M": 0.0, "MED_MEN_SI": 0.0, "MED_MEN_H": 0.0, "MED_MEN_M": 0.0, "MED_MAY_SI": 0.0, "MED_MAY_H": 0.0, "MED_MAY_M": 0.0, "NT1_SI": 0.0, "NT1_H": 18.0, "NT1_M": 9.0, "NT2_SI": 0.0, "NT2_H": 15.0, "NT2_M": 11.0, "N_TOTAL": 53.0, "DIRECCION": "EXEQUIEL FERNANDEZ", "NUMERO": 1001.0, "REFERENCIA": "GRECIA CON EXEQUIEL FERNÁNDEZ.", "LATITUD": -33.463861, "LONGITUD": -70.60037, "centroide_x": 351279.65287821332, "centroide_y": 6296141.998702297, "crs_original": "EPSG:4326", "fecha_normalizacion": "2025-10-10 01:59:23" }, "geometry": { "type": "Point", "coordinates": [ 351279.652878213324584, 6296141.998702296987176 ] } },
{ "type": "Feature", "properties": { "AGNO": 2021.0, "ID_ESTAB": 12260.0, "ORIGEN": 1.0, "NOM_ESTAB": "COLEGIO SAN FRANCISCO DE ASIS DE BELEN", "COD_REG_ES": 13.0, "COD_PRO_ES": 131.0, "COD_COM_ES": 13101.0, "NOM_COM_ES": "SANTIAGO", "COD_DEPROV": 131.0, "NOM_DEPROV": "SANTIAGO CENTRO", "DEPENDENCI": 2.0, "RURAL_ESTA": 0.0, "ESTADO_EST": 1.0, "SC_MEN_SI": 0.0, "SC_MEN_H": 0.0, "SC_MEN_M": 0.0, "SC_MAY_H": 0.0, "SC_MAY_M": 0.0, "MED_MEN_SI": 0.0, "MED_MEN_H": 0.0, "MED_MEN_M": 0.0, "MED_MAY_SI": 0.0, "MED_MAY_H": 0.0, "MED_MAY_M": 0.0, "NT1_SI": 0.0, "NT1_H": 15.0, "NT1_M": 20.0, "NT2_SI": 0.0, "NT2_H": 19.0, "NT2_M": 21.0, "N_TOTAL": 75.0, "DIRECCION": "AVENIDA VICUÑA MACKENNA", "NUMERO": 695.0, "REFERENCIA": "AV. VICUÑA MACKENNA 695 AL LLEGAR A 10 DE JULIO POR VEREDA PONIENTE", "LATITUD": -33.450953, "LONGITUD": -70.631481, "centroide_x": 348365.735355613, "centroide_y": 6297528.3769594282, "crs_original": "EPSG:4326", "fecha_normalizacion": "2025-10-10 01:59:23" }, "geometry": { "type": "Point", "coordinates": [ 348365.7353556129965, 6297528.376959428191185 ] } },
{ "type": "Feature", "properties": { "AGNO": 2021.0, "ID_ESTAB": 24842.0, "ORIGEN": 1.0, "NOM_ESTAB": "COLEGIO LA FONTAINE", "COD_REG_ES": 13.0, "COD_PRO_ES": 131.0, "COD_COM_ES": 13120.0, "NOM_COM_ES": "ÑUÑOA", "COD_DEPROV": 133.0, "NOM_DEPROV": "SANTIAGO ORIENTE", "DEPENDENCI": 3.0, "RURAL_ESTA": 0.0, "ESTADO_EST": 1.0, "SC_MEN_SI": 0.0, "SC_MEN_H": 0.0, "SC_MEN_M": 0.0, "SC_MAY_H": 0.0, "SC_MAY_M": 0.0, "MED_MEN_SI": 0.0, "MED_MEN_H": 0.0, "MED_MEN_M": 0.0, "MED_MAY_SI": 0.0, "MED_MAY_H": 0.0, "MED_MAY_M": 0.0, "NT1_SI": 0.0, "NT1_H": 12.0, "NT1_M": 10.0, "NT2_SI": 0.0, "NT2_H": 16.0, "NT2_M": 26.0, "N_TOTAL": 64.0, "DIRECCION": "COVENTRY", "NUMERO": 75.0, "REFERENCIA": "UBICADO A MEDIA CUADRA DE IRARRÁZAVAL, ALTURA RAMÓN CRUZ.", "LATITUD": -33.453592, "LONGITUD": -70.58, "centroide_x": 353155.48521392164, "centroide_y": 6297309.6561529255, "crs_original": "EPSG:4326", "fecha_normalizacion": "2025-10-10 01:59:23" }, "geometry": { "type": "Point", "coordinates": [ 353155.485213921638206, 6297309.65615292545408 ] } },
{ "type": "Feature", "properties": { "AGNO": 2021.0, "ID_ESTAB": 24851.0, "ORIGEN": 1.0, "NOM_ESTAB": "ESCUELA DE PARVULOS N°1528 MI RINCON", "COD_REG_ES": 13.0, "COD_PRO_ES": 131.0, "COD_COM_ES": 13120.0, "NOM_COM_ES": "ÑUÑOA", "COD_DEPROV": 133.0, "NOM_DEPROV": "SANTIAGO ORIENTE", "DEPENDENCI": 3.0, "RURAL_ESTA": 0.0, "ESTADO_EST": 1.0, "SC_MEN_SI": 0.0, "SC_MEN_H": 0.0, "SC_MEN_M": 0.0, "SC_MAY_H": 0.0, "SC_MAY_M": 0.0, "MED_MEN_SI": 0.0, "MED_MEN_H": 1.0, "MED_MEN_M": 4.0, "MED_MAY_SI": 0.0, "MED_MAY_H": 7.0, "MED_MAY_M": 2.0, "NT1_SI": 0.0, "NT1_H": 1.0, "NT1_M": 1.0, "NT2_SI": 0.0, "NT2_H": 0.0, "NT2_M": 0.0, "N_TOTAL": 16.0, "DIRECCION": "SIMON BOLIVAR", "NUMERO": 4106.0, "REFERENCIA": "4106-E, ENTRE LAS CALLES PEDRO TORRES Y CARLOS AGUIRRE LUCO.", "LATITUD": -33.448357, "LONGITUD": -70.5872, "centroide_x": 352477.38660231722, "centroide_y": 6297879.9396903962, "crs_original": "EPSG:4326", "fecha_normalizacion": "2025-10-10 01:59:23" }, "geometry": { "type": "Point", "coordinates": [ 352477.386602317215875, 6297879.93969039618969 ] } },
{ "type": "Feature", "properties": { "AGNO": 2021.0, "ID_ESTAB": 24959.0, "ORIGEN": 1.0, "NOM_ESTAB": "COMPL.EDUCACIONAL BRIGIDA WALKER ANEXO", "COD_REG_ES": 13.0, "COD_PRO_ES": 131.0, "COD_COM_ES": 13120.0, "NOM_COM_ES": "ÑUÑOA", "COD_DEPROV": 133.0, "NOM_DEPROV": "SANTIAGO ORIENTE", "DEPENDENCI": 1.0, "RURAL_ESTA": 0.0, "ESTADO_EST": 1.0, "SC_MEN_SI": 0.0, "SC_MEN_H": 0.0, "SC_MEN_M": 0.0, "SC_MAY_H": 0.0, "SC_MAY_M": 0.0, "MED_MEN_SI": 0.0, "MED_MEN_H": 0.0, "MED_MEN_M": 0.0, "MED_MAY_SI": 0.0, "MED_MAY_H": 0.0, "MED_MAY_M": 0.0, "NT1_SI": 0.0, "NT1_H": 15.0, "NT1_M": 15.0, "NT2_SI": 0.0, "NT2_H": 12.0, "NT2_M": 18.0, "N_TOTAL": 60.0, "DIRECCION": "VIA OCHO", "NUMERO": 1081.0, "REFERENCIA": "ENTRE LO ENCALADA CON CARLOS DITTBORN PRIMER PASAJE A LA DERECHA", "LATITUD": -33.467363, "LONGITUD": -70.619733, "centroide_x": 349486.12154459301, "centroide_y": 6295725.7719922792, "crs_original": "EPSG:4326", "fecha_normalizacion": "2025-10-10 01:59:23" }, "geometry": { "type": "Point", "coordinates": [ 349486.121544593013823, 6295725.771992279216647 ] } },
{ "type": "Feature", "properties": { "AGNO": 2021.0, "ID_ESTAB": 25058.0, "ORIGEN": 1.0, "NOM_ESTAB": "COLEGIO LA CANTERA", "COD_REG_ES": 13.0, "COD_PRO_ES": 131.0, "COD_COM_ES": 13120.0, "NOM_COM_ES": "ÑUÑOA", "COD_DEPROV": 133.0, "NOM_DEPROV": "SANTIAGO ORIENTE", "DEPENDENCI": 3.0, "RURAL_ESTA": 0.0, "ESTADO_EST": 1.0, "SC_MEN_SI": 0.0, "SC_MEN_H": 0.0, "SC_MEN_M": 0.0, "SC_MAY_H": 0.0, "SC_MAY_M": 0.0, "MED_MEN_SI": 0.0, "MED_MEN_H": 0.0, "MED_MEN_M": 0.0, "MED_MAY_SI": 0.0, "MED_MAY_H": 0.0, "MED_MAY_M": 0.0, "NT1_SI": 0.0, "NT1_H": 2.0, "NT1_M": 0.0, "NT2_SI": 0.0, "NT2_H": 3.0, "NT2_M": 0.0, "N_TOTAL": 5.0, "DIRECCION": "LOS PESCADORES", "NUMERO": 2260.0, "REFERENCIA": null, "LATITUD": -33.46115, "LONGITUD": -70.60757, "centroide_x": 350605.84497925022, "centroide_y": 6296432.2773885168, "crs_original": "EPSG:4326", "fecha_normalizacion": "2025-10-10 01:59:23" }, "geometry": { "type": "Point", "coordinates": [ 350605.844979250221513, 6296432.277388516813517 ] } },
{ "type": "Feature", "properties": { "AGNO": 2021.0, "ID_ESTAB": 25187.0, "ORIGEN": 1.0, "NOM_ESTAB": "ESCUELA ESPECIAL PARTICULAR N_ 1666 SANDELI", "COD_REG_ES": 13.0, "COD_PRO_ES": 131.0, "COD_COM_ES": 13118.0, "NOM_COM_ES": "MACUL", "COD_DEPROV": 133.0, "NOM_DEPROV": "SANTIAGO ORIENTE", "DEPENDENCI": 2.0, "RURAL_ESTA": 0.0, "ESTADO_EST": 1.0, "SC_MEN_SI": 0.0, "SC_MEN_H": 0.0, "SC_MEN_M": 0.0, "SC_MAY_H": 0.0, "SC_MAY_M": 0.0, "MED_MEN_SI": 0.0, "MED_MEN_H": 0.0, "MED_MEN_M": 0.0, "MED_MAY_SI": 0.0, "MED_MAY_H": 19.0, "MED_MAY_M": 7.0, "NT1_SI": 0.0, "NT1_H": 42.0, "NT1_M": 17.0, "NT2_SI": 0.0, "NT2_H": 31.0, "NT2_M": 12.0, "N_TOTAL": 128.0, "DIRECCION": "IRAN", "NUMERO": 2799.0, "REFERENCIA": "RAMON CRUZ ALTURA DEL 2800", "LATITUD": -33.48072, "LONGITUD": -70.586555, "centroide_x": 352592.15107795061, "centroide_y": 6294292.2781580891, "crs_original": "EPSG:4326", "fecha_normalizacion": "2025-10-10 01:59:23" }, "geometry": { "type": "Point", "coordinates": [ 352592.151077950606123, 6294292.278158089146018 ] } },
{ "type": "Feature", "properties": { "AGNO": 2021.0, "ID_ESTAB": 25192.0, "ORIGEN": 1.0, "NOM_ESTAB": "ESCUELA ESP. SAN NECTARIO", "COD_REG_ES": 13.0, "COD_PRO_ES": 131.0, "COD_COM_ES": 13120.0, "NOM_COM_ES": "ÑUÑOA", "COD_DEPROV": 133.0, "NOM_DEPROV": "SANTIAGO ORIENTE", "DEPENDENCI": 2.0, "RURAL_ESTA": 0.0, "ESTADO_EST": 1.0, "SC_MEN_SI": 0.0, "SC_MEN_H": 0.0, "SC_MEN_M": 0.0, "SC_MAY_H": 0.0, "SC_MAY_M": 0.0, "MED_MEN_SI": 0.0, "MED_MEN_H": 0.0, "MED_MEN_M": 0.0, "MED_MAY_SI": 0.0, "MED_MAY_H": 0.0, "MED_MAY_M": 0.0, "NT1_SI": 0.0, "NT1_H": 20.0, "NT1_M": 4.0, "NT2_SI": 0.0, "NT2_H": 20.0, "NT2_M": 3.0, "N_TOTAL": 47.0, "DIRECCION": "VIA 13", "NUMERO": 1084.0, "REFERENCIA": "CALLE 6 ESQUINA VÍA 12, A UNA CUADRA DE GUILLERMO MANN", "LATITUD": -33.470215, "LONGITUD": -70.613205, "centroide_x": 350097.73211264733, "centroide_y": 6295418.979532063, "crs_original": "EPSG:4326", "fecha_normalizacion": "2025-10-10 01:59:23" }, "geometry": { "type": "Point", "coordinates": [ 350097.732112647325266, 6295418.979532063007355 ] } },
{ "type": "Feature", "properties": { "AGNO": 2021.0, "ID_ESTAB": 25226.0, "ORIGEN": 1.0, "NOM_ESTAB": "ESC. PART. SAN FCO. DE ASIS PARA NINOS SORDOS", "COD_REG_ES": 13.0, "COD_PRO_ES": 131.0, "COD_COM_ES": 13101.0, "NOM_COM_ES": "SANTIAGO", "COD_DEPROV": 131.0, "NOM_DEPROV": "SANTIAGO CENTRO", "DEPENDENCI": 2.0, "RURAL_ESTA": 0.0, "ESTADO_EST": 1.0, "SC_MEN_SI": 0.0, "SC_MEN_H": 0.0, "SC_MEN_M": 0.0, "SC_MAY_H": 0.0, "SC_MAY_M": 0.0, "MED_MEN_SI": 0.0, "MED_MEN_H": 0.0, "MED_MEN_M": 0.0, "MED_MAY_SI": 0.0, "MED_MAY_H": 0.0, "MED_MAY_M": 0.0, "NT1_SI": 0.0, "NT1_H": 1.0, "NT1_M": 2.0, "NT2_SI": 0.0, "NT2_H": 1.0, "NT2_M": 2.0, "N_TOTAL": 6.0, "DIRECCION": "PADRE ORELLANA", "NUMERO": 1128.0, "REFERENCIA": "AVDA. MATTA ENTRE LAS CALLES PORTUGAL Y SANTA ELENA", "LATITUD": -33.456654, "LONGITUD": -70.632477, "centroide_x": 348283.10734741215, "centroide_y": 6296894.6713409796, "crs_original": "EPSG:4326", "fecha_normalizacion": "2025-10-10 01:59:23" }, "geometry": { "type": "Point", "coordinates": [ 348283.107347412151285, 6296894.671340979635715 ] } },
{ "type": "Feature", "properties": { "AGNO": 2021.0, "ID_ESTAB": 25302.0, "ORIGEN": 1.0, "NOM_ESTAB": "ESCUELA ESPECIAL STELLA MARIS DE NUNOA", "COD_REG_ES": 13.0, "COD_PRO_ES": 131.0, "COD_COM_ES": 13120.0, "NOM_COM_ES": "ÑUÑOA", "COD_DEPROV": 133.0, "NOM_DEPROV": "SANTIAGO ORIENTE", "DEPENDENCI": 2.0, "RURAL_ESTA": 0.0, "ESTADO_EST": 1.0, "SC_MEN_SI": 0.0, "SC_MEN_H": 0.0, "SC_MEN_M": 0.0, "SC_MAY_H": 0.0, "SC_MAY_M": 0.0, "MED_MEN_SI": 0.0, "MED_MEN_H": 0.0, "MED_MEN_M": 0.0, "MED_MAY_SI": 0.0, "MED_MAY_H": 12.0, "MED_MAY_M": 2.0, "NT1_SI": 0.0, "NT1_H": 13.0, "NT1_M": 9.0, "NT2_SI": 0.0, "NT2_H": 13.0, "NT2_M": 2.0, "N_TOTAL": 51.0, "DIRECCION": "CARMEN COVARRUBIAS", "NUMERO": 760.0, "REFERENCIA": "FRENTE AL ESTADIO NACIONAL.", "LATITUD": -33.46011, "LONGITUD": -70.61155, "centroide_x": 350234.15050448489, "centroide_y": 6296541.8674001684, "crs_original": "EPSG:4326", "fecha_normalizacion": "2025-10-10 01:59:23" }, "geometry": { "type": "Point", "coordinates": [ 350234.150504484889098, 6296541.867400168441236 ] } },
{ "type": "Feature", "properties": { "AGNO": 2021.0, "ID_ESTAB": 25392.0, "ORIGEN": 1.0, "NOM_ESTAB": "ESCUELA ESPECIAL PARTICULAR ANGELES", "COD_REG_ES": 13.0, "COD_PRO_ES": 131.0, "COD_COM_ES": 13123.0, "NOM_COM_ES": "PROVIDENCIA", "COD_DEPROV": 133.0, "NOM_DEPROV": "SANTIAGO ORIENTE", "DEPENDENCI": 2.0, "RURAL_ESTA": 0.0, "ESTADO_EST": 1.0, "SC_MEN_SI": 0.0, "SC_MEN_H": 0.0, "SC_MEN_M": 0.0, "SC_MAY_H": 0.0, "SC_MAY_M": 0.0, "MED_MEN_SI": 0.0, "MED_MEN_H": 0.0, "MED_MEN_M": 0.0, "MED_MAY_SI": 0.0, "MED_MAY_H": 20.0, "MED_MAY_M": 10.0, "NT1_SI": 0.0, "NT1_H": 28.0, "NT1_M": 13.0, "NT2_SI": 0.0, "NT2_H": 25.0, "NT2_M": 16.0, "N_TOTAL": 112.0, "DIRECCION": "JULIO PRADO", "NUMERO": 1519.0, "REFERENCIA": "JULIO PRADO ESQUINA LAUTARO", "LATITUD": -33.447376, "LONGITUD": -70.6203, "centroide_x": 349398.88357727416, "centroide_y": 6297941.2367766052, "crs_original": "EPSG:4326", "fecha_normalizacion": "2025-10-10 01:59:23" }, "geometry": { "type": "Point", "coordinates": [ 349398.883577274158597, 6297941.236776605248451 ] } },
{ "type": "Feature", "properties": { "AGNO": 2021.0, "ID_ESTAB": 25589.0, "ORIGEN": 1.0, "NOM_ESTAB": "COLEGIO JESUS SERVIDOR", "COD_REG_ES": 13.0, "COD_PRO_ES": 131.0, "COD_COM_ES": 13122.0, "NOM_COM_ES": "PEÑALOLÉN", "COD_DEPROV": 133.0, "NOM_DEPROV": "SANTIAGO ORIENTE", "DEPENDENCI": 2.0, "RURAL_ESTA": 0.0, "ESTADO_EST": 1.0, "SC_MEN_SI": 0.0, "SC_MEN_H": 0.0, "SC_MEN_M": 0.0, "SC_MAY_H": 0.0, "SC_MAY_M": 0.0, "MED_MEN_SI": 0.0, "MED_MEN_H": 0.0, "MED_MEN_M": 0.0, "MED_MAY_SI": 0.0, "MED_MAY_H": 0.0, "MED_MAY_M": 0.0, "NT1_SI": 0.0, "NT1_H": 29.0, "NT1_M": 23.0, "NT2_SI": 0.0, "NT2_H": 25.0, "NT2_M": 32.0, "N_TOTAL": 109.0, "DIRECCION": "LITORAL", "NUMERO": 5787.0, "REFERENCIA": "UBICADO  EN LA PROXIMIDAD DE AVENIDA GRECIA CON AMERICO VESPUCIO HACIA EL SUR VEREDA ORIENTE.", "LATITUD": -33.47388, "LONGITUD": -70.576977, "centroide_x": 353470.64042925491, "centroide_y": 6295064.2486206889, "crs_original": "EPSG:4326", "fecha_normalizacion": "2025-10-10 01:59:23" }, "geometry": { "type": "Point", "coordinates": [ 353470.640429254912306, 6295064.248620688915253 ] } },
{ "type": "Feature", "properties": { "AGNO": 2021.0, "ID_ESTAB": 25716.0, "ORIGEN": 1.0, "NOM_ESTAB": "COLEGIO PART. NEW HEINRICH HIGH SCHOOL", "COD_REG_ES": 13.0, "COD_PRO_ES": 131.0, "COD_COM_ES": 13120.0, "NOM_COM_ES": "ÑUÑOA", "COD_DEPROV": 133.0, "NOM_DEPROV": "SANTIAGO ORIENTE", "DEPENDENCI": 2.0, "RURAL_ESTA": 0.0, "ESTADO_EST": 1.0, "SC_MEN_SI": 0.0, "SC_MEN_H": 0.0, "SC_MEN_M": 0.0, "SC_MAY_H": 0.0, "SC_MAY_M": 0.0, "MED_MEN_SI": 0.0, "MED_MEN_H": 0.0, "MED_MEN_M": 0.0, "MED_MAY_SI": 0.0, "MED_MAY_H": 0.0, "MED_MAY_M": 0.0, "NT1_SI": 0.0, "NT1_H": 14.0, "NT1_M": 9.0, "NT2_SI": 0.0, "NT2_H": 9.0, "NT2_M": 15.0, "N_TOTAL": 47.0, "DIRECCION": "JOSE PEDRO ALESSANDRI", "NUMERO": 295.0, "REFERENCIA": "IRARRAZAVAL UNA CUADRA Y MEDIA HACIA EL SUR", "LATITUD": -33.467848, "LONGITUD": -70.598628, "centroide_x": 351448.38743971143, "centroide_y": 6295702.4116794476, "crs_original": "EPSG:4326", "fecha_normalizacion": "2025-10-10 01:59:23" }, "geometry": { "type": "Point", "coordinates": [ 351448.38743971142685, 6295702.411679447628558 ] } },
{ "type": "Feature", "properties": { "AGNO": 2021.0, "ID_ESTAB": 25828.0, "ORIGEN": 1.0, "NOM_ESTAB": "ESC. ESPECIAL PART. JAN VAN DIJK", "COD_REG_ES": 13.0, "COD_PRO_ES": 131.0, "COD_COM_ES": 13120.0, "NOM_COM_ES": "ÑUÑOA", "COD_DEPROV": 133.0, "NOM_DEPROV": "SANTIAGO ORIENTE", "DEPENDENCI": 2.0, "RURAL_ESTA": 0.0, "ESTADO_EST": 1.0, "SC_MEN_SI": 0.0, "SC_MEN_H": 0.0, "SC_MEN_M": 0.0, "SC_MAY_H": 0.0, "SC_MAY_M": 0.0, "MED_MEN_SI": 0.0, "MED_MEN_H": 2.0, "MED_MEN_M": 1.0, "MED_MAY_SI": 0.0, "MED_MAY_H": 4.0, "MED_MAY_M": 1.0, "NT1_SI": 0.0, "NT1_H": 0.0, "NT1_M": 0.0, "NT2_SI": 0.0, "NT2_H": 5.0, "NT2_M": 1.0, "N_TOTAL": 14.0, "DIRECCION": "LO ENCALADA", "NUMERO": 207.0, "REFERENCIA": "IRARRAZABAL / LO ENCALADA", "LATITUD": -33.454105, "LONGITUD": -70.625175, "centroide_x": 348957.3910294642, "centroide_y": 6297188.0104581639, "crs_original": "EPSG:4326", "fecha_normalizacion": "2025-10-10 01:59:23" }, "geometry": { "type": "Point", "coordinates": [ 348957.391029464197345, 6297188.010458163917065 ] } },
{ "type": "Feature", "properties": { "AGNO": 2021.0, "ID_ESTAB": 25836.0, "ORIGEN": 1.0, "NOM_ESTAB": "ESCUELA PART. ROSA JARAQUEMADA", "COD_REG_ES": 13.0, "COD_PRO_ES": 131.0, "COD_COM_ES": 13120.0, "NOM_COM_ES": "ÑUÑOA", "COD_DEPROV": 133.0, "NOM_DEPROV": "SANTIAGO ORIENTE", "DEPENDENCI": 2.0, "RURAL_ESTA": 0.0, "ESTADO_EST": 1.0, "SC_MEN_SI": 0.0, "SC_MEN_H": 0.0, "SC_MEN_M": 0.0, "SC_MAY_H": 0.0, "SC_MAY_M": 0.0, "MED_MEN_SI": 0.0, "MED_MEN_H": 0.0, "MED_MEN_M": 0.0, "MED_MAY_SI": 0.0, "MED_MAY_H": 0.0, "MED_MAY_M": 0.0, "NT1_SI": 0.0, "NT1_H": 0.0, "NT1_M": 0.0, "NT2_SI": 0.0, "NT2_H": 8.0, "NT2_M": 7.0, "N_TOTAL": 15.0, "DIRECCION": "AVENIDA CONDELL", "NUMERO": 1860.0, "REFERENCIA": "AVENIDA CONDELL AL LLEGAR A AVENIDA IRARRÁZAVAL", "LATITUD": -33.452027, "LONGITUD": -70.624216, "centroide_x": 349042.91749837133, "centroide_y": 6297419.8114566933, "crs_original": "EPSG:4326", "fecha_normalizacion": "2025-10-10 01:59:23" }, "geometry": { "type": "Point", "coordinates": [ 349042.917498371331021, 6297419.811456693336368 ] } },
{ "type": "Feature", "properties": { "AGNO": 2021.0, "ID_ESTAB": 25852.0, "ORIGEN": 1.0, "NOM_ESTAB": "COLEGIO DIVINA PASTORA NUNOA", "COD_REG_ES": 13.0, "COD_PRO_ES": 131.0, "COD_COM_ES": 13120.0, "NOM_COM_ES": "ÑUÑOA", "COD_DEPROV": 133.0, "NOM_DEPROV": "SANTIAGO ORIENTE", "DEPENDENCI": 3.0, "RURAL_ESTA": 0.0, "ESTADO_EST": 1.0, "SC_MEN_SI": 0.0, "SC_MEN_H": 0.0, "SC_MEN_M": 0.0, "SC_MAY_H": 0.0, "SC_MAY_M": 0.0, "MED_MEN_SI": 0.0, "MED_MEN_H": 0.0, "MED_MEN_M": 0.0, "MED_MAY_SI": 0.0, "MED_MAY_H": 0.0, "MED_MAY_M": 0.0, "NT1_SI": 0.0, "NT1_H": 20.0, "NT1_M": 21.0, "NT2_SI": 0.0, "NT2_H": 31.0, "NT2_M": 33.0, "N_TOTAL": 105.0, "DIRECCION": "PEDRO DE VALDIVIA", "NUMERO": 4000.0, "REFERENCIA": null, "LATITUD": -33.459127, "LONGITUD": -70.605576, "centroide_x": 350787.68720603792, "centroide_y": 6296659.4112585261, "crs_original": "EPSG:4326", "fecha_normalizacion": "2025-10-10 01:59:23" }, "geometry": { "type": "Point", "coordinates": [ 350787.687206037924625, 6296659.411258526146412 ] } },
{ "type": "Feature", "properties": { "AGNO": 2021.0, "ID_ESTAB": 25904.0, "ORIGEN": 1.0, "NOM_ESTAB": "ESCUELA ESP. PART. VALLE DEL SOL", "COD_REG_ES": 13.0, "COD_PRO_ES": 131.0, "COD_COM_ES": 13118.0, "NOM_COM_ES": "MACUL", "COD_DEPROV": 133.0, "NOM_DEPROV": "SANTIAGO ORIENTE", "DEPENDENCI": 2.0, "RURAL_ESTA": 0.0, "ESTADO_EST": 1.0, "SC_MEN_SI": 0.0, "SC_MEN_H": 0.0, "SC_MEN_M": 0.0, "SC_MAY_H": 0.0, "SC_MAY_M": 0.0, "MED_MEN_SI": 0.0, "MED_MEN_H": 0.0, "MED_MEN_M": 0.0, "MED_MAY_SI": 0.0, "MED_MAY_H": 35.0, "MED_MAY_M": 22.0, "NT1_SI": 0.0, "NT1_H": 44.0, "NT1_M": 30.0, "NT2_SI": 0.0, "NT2_H": 28.0, "NT2_M": 15.0, "N_TOTAL": 174.0, "DIRECCION": "AVENIDA QULIN", "NUMERO": 3535.0, "REFERENCIA": "ENTRE MACUL Y VESPUCIO, FRENTE AL LABORATORIO BOSTON, ESQUINA PASAJE CORRAL.", "LATITUD": -33.47811, "LONGITUD": -70.59822, "centroide_x": 351503.78343163943, "centroide_y": 6294565.0670392998, "crs_original": "EPSG:4326", "fecha_normalizacion": "2025-10-10 01:59:23" }, "geometry": { "type": "Point", "coordinates": [ 351503.783431639429182, 6294565.067039299756289 ] } },
{ "type": "Feature", "properties": { "AGNO": 2021.0, "ID_ESTAB": 26406.0, "ORIGEN": 1.0, "NOM_ESTAB": "ESCUELA ESPECIAL N° 2278 NUESTRAS HUELLAS", "COD_REG_ES": 13.0, "COD_PRO_ES": 131.0, "COD_COM_ES": 13120.0, "NOM_COM_ES": "ÑUÑOA", "COD_DEPROV": 133.0, "NOM_DEPROV": "SANTIAGO ORIENTE", "DEPENDENCI": 2.0, "RURAL_ESTA": 0.0, "ESTADO_EST": 1.0, "SC_MEN_SI": 0.0, "SC_MEN_H": 0.0, "SC_MEN_M": 0.0, "SC_MAY_H": 0.0, "SC_MAY_M": 0.0, "MED_MEN_SI": 0.0, "MED_MEN_H": 0.0, "MED_MEN_M": 0.0, "MED_MAY_SI": 0.0, "MED_MAY_H": 12.0, "MED_MAY_M": 18.0, "NT1_SI": 0.0, "NT1_H": 20.0, "NT1_M": 10.0, "NT2_SI": 0.0, "NT2_H": 5.0, "NT2_M": 9.0, "N_TOTAL": 74.0, "DIRECCION": "EXZEQUIEL FERNANDEZ", "NUMERO": 976.0, "REFERENCIA": "GRECIA, MACUL", "LATITUD": -33.463638, "LONGITUD": -70.600098, "centroide_x": 351304.55120515241, "centroide_y": 6296167.1155743953, "crs_original": "EPSG:4326", "fecha_normalizacion": "2025-10-10 01:59:23" }, "geometry": { "type": "Point", "coordinates": [ 351304.551205152412876, 6296167.115574395284057 ] } },
{ "type": "Feature", "properties": { "AGNO": 2021.0, "ID_ESTAB": 26514.0, "ORIGEN": 1.0, "NOM_ESTAB": "ESCUELA ESPECIAL DE LENGUAJE BOY HAPPY", "COD_REG_ES": 13.0, "COD_PRO_ES": 131.0, "COD_COM_ES": 13120.0, "NOM_COM_ES": "ÑUÑOA", "COD_DEPROV": 133.0, "NOM_DEPROV": "SANTIAGO ORIENTE", "DEPENDENCI": 2.0, "RURAL_ESTA": 0.0, "ESTADO_EST": 1.0, "SC_MEN_SI": 0.0, "SC_MEN_H": 0.0, "SC_MEN_M": 0.0, "SC_MAY_H": 0.0, "SC_MAY_M": 0.0, "MED_MEN_SI": 0.0, "MED_MEN_H": 0.0, "MED_MEN_M": 0.0, "MED_MAY_SI": 0.0, "MED_MAY_H": 13.0, "MED_MAY_M": 2.0, "NT1_SI": 0.0, "NT1_H": 15.0, "NT1_M": 12.0, "NT2_SI": 0.0, "NT2_H": 9.0, "NT2_M": 6.0, "N_TOTAL": 57.0, "DIRECCION": "LOS JARDINES", "NUMERO": 727.0, "REFERENCIA": null, "LATITUD": -33.462301, "LONGITUD": -70.58954, "centroide_x": 352283.5264915938, "centroide_y": 6296330.4346141992, "crs_original": "EPSG:4326", "fecha_normalizacion": "2025-10-10 01:59:23" }, "geometry": { "type": "Point", "coordinates": [ 352283.526491593802348, 6296330.434614199213684 ] } },
{ "type": "Feature", "properties": { "AGNO": 2021.0, "ID_ESTAB": 31053.0, "ORIGEN": 1.0, "NOM_ESTAB": "ESCUELA ESPECIAL PALABRAS MAGICAS", "COD_REG_ES": 13.0, "COD_PRO_ES": 131.0, "COD_COM_ES": 13129.0, "NOM_COM_ES": "SAN JOAQUÍN", "COD_DEPROV": 131.0, "NOM_DEPROV": "SANTIAGO CENTRO", "DEPENDENCI": 2.0, "RURAL_ESTA": 0.0, "ESTADO_EST": 1.0, "SC_MEN_SI": 0.0, "SC_MEN_H": 0.0, "SC_MEN_M": 0.0, "SC_MAY_H": 0.0, "SC_MAY_M": 0.0, "MED_MEN_SI": 0.0, "MED_MEN_H": 0.0, "MED_MEN_M": 0.0, "MED_MAY_SI": 0.0, "MED_MAY_H": 10.0, "MED_MAY_M": 5.0, "NT1_SI": 0.0, "NT1_H": 14.0, "NT1_M": 1.0, "NT2_SI": 0.0, "NT2_H": 0.0, "NT2_M": 0.0, "N_TOTAL": 30.0, "DIRECCION": "STRAVINSKY", "NUMERO": 3068.0, "REFERENCIA": "METRO RODRIGO DE ARAYA, UNA CUADRA HACIA EL SUR, JUAN SEBASTIAN BACH, HACIA EL OESTE SIETE CUADRAS ESTA LA CALLE STRAVINSKY, HACIA EL SUR ESTA ESCUELA STRAVINSKY 3068", "LATITUD": -33.480649, "LONGITUD": -70.627724, "centroide_x": 348766.5884922297, "centroide_y": 6294240.9409686001, "crs_original": "EPSG:4326", "fecha_normalizacion": "2025-10-10 01:59:23" }, "geometry": { "type": "Point", "coordinates": [ 348766.588492229697295, 6294240.940968600101769 ] } },
{ "type": "Feature", "properties": { "AGNO": 2021.0, "ID_ESTAB": 31259.0, "ORIGEN": 1.0, "NOM_ESTAB": "ESC. DE LENGUAJE Nº 2388 ARCOIRIS DE PALABRAS", "COD_REG_ES": 13.0, "COD_PRO_ES": 131.0, "COD_COM_ES": 13118.0, "NOM_COM_ES": "MACUL", "COD_DEPROV": 133.0, "NOM_DEPROV": "SANTIAGO ORIENTE", "DEPENDENCI": 2.0, "RURAL_ESTA": 0.0, "ESTADO_EST": 1.0, "SC_MEN_SI": 0.0, "SC_MEN_H": 0.0, "SC_MEN_M": 0.0, "SC_MAY_H": 0.0, "SC_MAY_M": 0.0, "MED_MEN_SI": 0.0, "MED_MEN_H": 0.0, "MED_MEN_M": 0.0, "MED_MAY_SI": 0.0, "MED_MAY_H": 14.0, "MED_MAY_M": 16.0, "NT1_SI": 0.0, "NT1_H": 31.0, "NT1_M": 14.0, "NT2_SI": 0.0, "NT2_H": 21.0, "NT2_M": 7.0, "N_TOTAL": 103.0, "DIRECCION": "RAMON CRUZ", "NUMERO": 2639.0, "REFERENCIA": "ENTRE IGNACIO CARRERA PINTO Y LOS OLMOS", "LATITUD": -33.47965, "LONGITUD": -70.583275, "centroide_x": 352895.11951266433, "centroide_y": 6294415.57757835, "crs_original": "EPSG:4326", "fecha_normalizacion": "2025-10-10 01:59:23" }, "geometry": { "type": "Point", "coordinates": [ 352895.119512664328795, 6294415.577578349970281 ] } },
{ "type": "Feature", "properties": { "AGNO": 2021.0, "ID_ESTAB": 31265.0, "ORIGEN": 1.0, "NOM_ESTAB": "ESCUELA BASICA N°2392 JOHN JOHN HIGH SCHOOL", "COD_REG_ES": 13.0, "COD_PRO_ES": 131.0, "COD_COM_ES": 13120.0, "NOM_COM_ES": "ÑUÑOA", "COD_DEPROV": 133.0, "NOM_DEPROV": "SANTIAGO ORIENTE", "DEPENDENCI": 3.0, "RURAL_ESTA": 0.0, "ESTADO_EST": 1.0, "SC_MEN_SI": 0.0, "SC_MEN_H": 0.0, "SC_MEN_M": 0.0, "SC_MAY_H": 0.0, "SC_MAY_M": 0.0, "MED_MEN_SI": 0.0, "MED_MEN_H": 0.0, "MED_MEN_M": 0.0, "MED_MAY_SI": 0.0, "MED_MAY_H": 0.0, "MED_MAY_M": 0.0, "NT1_SI": 0.0, "NT1_H": 15.0, "NT1_M": 11.0, "NT2_SI": 0.0, "NT2_H": 21.0, "NT2_M": 14.0, "N_TOTAL": 61.0, "DIRECCION": "DIAGONAL ORIENTE", "NUMERO": 1351.0, "REFERENCIA": "MANUEL MONTT ESQUINA DIAGONAL ORIENTE", "LATITUD": -33.44712, "LONGITUD": -70.61362, "centroide_x": 350019.39011008735, "centroide_y": 6297979.2847240623, "crs_original": "EPSG:4326", "fecha_normalizacion": "2025-10-10 01:59:23" }, "geometry": { "type": "Point", "coordinates": [ 350019.390110087348148, 6297979.284724062308669 ] } },
{ "type": "Feature", "properties": { "AGNO": 2021.0, "ID_ESTAB": 31281.0, "ORIGEN": 1.0, "NOM_ESTAB": "COLEGIO ESPECIAL HOSPITALARIO DE CARABINEROS", "COD_REG_ES": 13.0, "COD_PRO_ES": 131.0, "COD_COM_ES": 13120.0, "NOM_COM_ES": "ÑUÑOA", "COD_DEPROV": 133.0, "NOM_DEPROV": "SANTIAGO ORIENTE", "DEPENDENCI": 2.0, "RURAL_ESTA": 0.0, "ESTADO_EST": 1.0, "SC_MEN_SI": 0.0, "SC_MEN_H": 0.0, "SC_MEN_M": 0.0, "SC_MAY_H": 0.0, "SC_MAY_M": 0.0, "MED_MEN_SI": 0.0, "MED_MEN_H": 0.0, "MED_MEN_M": 0.0, "MED_MAY_SI": 0.0, "MED_MAY_H": 0.0, "MED_MAY_M": 0.0, "NT1_SI": 0.0, "NT1_H": 0.0, "NT1_M": 0.0, "NT2_SI": 0.0, "NT2_H": 1.0, "NT2_M": 0.0, "N_TOTAL": 1.0, "DIRECCION": "SIMON BOLIVAR", "NUMERO": 2200.0, "REFERENCIA": "SIMON BOLIVAR CON ANTONIO VARAS.   HOSPITAL DE CARABINEROS", "LATITUD": -33.450836, "LONGITUD": -70.60871, "centroide_x": 350482.18437910336, "centroide_y": 6297574.3104213625, "crs_original": "EPSG:4326", "fecha_normalizacion": "2025-10-10 01:59:23" }, "geometry": { "type": "Point", "coordinates": [ 350482.184379103360698, 6297574.310421362519264 ] } },
{ "type": "Feature", "properties": { "AGNO": 2021.0, "ID_ESTAB": 31503.0, "ORIGEN": 1.0, "NOM_ESTAB": "ESCUELA ESPECIAL GOTITA BLUE", "COD_REG_ES": 13.0, "COD_PRO_ES": 131.0, "COD_COM_ES": 13120.0, "NOM_COM_ES": "ÑUÑOA", "COD_DEPROV": 133.0, "NOM_DEPROV": "SANTIAGO ORIENTE", "DEPENDENCI": 2.0, "RURAL_ESTA": 0.0, "ESTADO_EST": 1.0, "SC_MEN_SI": 0.0, "SC_MEN_H": 0.0, "SC_MEN_M": 0.0, "SC_MAY_H": 0.0, "SC_MAY_M": 0.0, "MED_MEN_SI": 0.0, "MED_MEN_H": 0.0, "MED_MEN_M": 0.0, "MED_MAY_SI": 0.0, "MED_MAY_H": 11.0, "MED_MAY_M": 9.0, "NT1_SI": 0.0, "NT1_H": 10.0, "NT1_M": 10.0, "NT2_SI": 0.0, "NT2_H": 9.0, "NT2_M": 3.0, "N_TOTAL": 52.0, "DIRECCION": "JUAN MOYA", "NUMERO": 974.0, "REFERENCIA": null, "LATITUD": -33.464146, "LONGITUD": -70.58775, "centroide_x": 352453.01549695828, "centroide_y": 6296128.3944111243, "crs_original": "EPSG:4326", "fecha_normalizacion": "2025-10-10 01:59:23" }, "geometry": { "type": "Point", "coordinates": [ 352453.015496958279982, 6296128.394411124289036 ] } },
{ "type": "Feature", "properties": { "AGNO": 2021.0, "ID_ESTAB": 13101045.0, "ORIGEN": 2.0, "NOM_ESTAB": "PEDRO AGUIRRE CERDA", "COD_REG_ES": 13.0, "COD_PRO_ES": 131.0, "COD_COM_ES": 13101.0, "NOM_COM_ES": "SANTIAGO", "COD_DEPROV": 0.0, "NOM_DEPROV": null, "DEPENDENCI": 4.0, "RURAL_ESTA": 0.0, "ESTADO_EST": 0.0, "SC_MEN_SI": 0.0, "SC_MEN_H": 0.0, "SC_MEN_M": 0.0, "SC_MAY_H": 7.0, "SC_MAY_M": 5.0, "MED_MEN_SI": 0.0, "MED_MEN_H": 19.0, "MED_MEN_M": 8.0, "MED_MAY_SI": 0.0, "MED_MAY_H": 20.0, "MED_MAY_M": 32.0, "NT1_SI": 0.0, "NT1_H": 0.0, "NT1_M": 0.0, "NT2_SI": 0.0, "NT2_H": 0.0, "NT2_M": 0.0, "N_TOTAL": 91.0, "DIRECCION": "ARGOMEDO", "NUMERO": 372.0, "REFERENCIA": null, "LATITUD": -33.45065, "LONGITUD": -70.637685, "centroide_x": 347788.51909896691, "centroide_y": 6297552.9007812422, "crs_original": "EPSG:4326", "fecha_normalizacion": "2025-10-10 01:59:23" }, "geometry": { "type": "Point", "coordinates": [ 347788.519098966906313, 6297552.90078124217689 ] } },
{ "type": "Feature", "properties": { "AGNO": 2021.0, "ID_ESTAB": 13118001.0, "ORIGEN": 2.0, "NOM_ESTAB": "PERUCHO", "COD_REG_ES": 13.0, "COD_PRO_ES": 131.0, "COD_COM_ES": 13118.0, "NOM_COM_ES": "MACUL", "COD_DEPROV": 0.0, "NOM_DEPROV": null, "DEPENDENCI": 4.0, "RURAL_ESTA": 0.0, "ESTADO_EST": 0.0, "SC_MEN_SI": 0.0, "SC_MEN_H": 6.0, "SC_MEN_M": 5.0, "SC_MAY_H": 6.0, "SC_MAY_M": 2.0, "MED_MEN_SI": 0.0, "MED_MEN_H": 6.0, "MED_MEN_M": 14.0, "MED_MAY_SI": 0.0, "MED_MAY_H": 10.0, "MED_MAY_M": 15.0, "NT1_SI": 0.0, "NT1_H": 0.0, "NT1_M": 0.0, "NT2_SI": 0.0, "NT2_H": 0.0, "NT2_M": 0.0, "N_TOTAL": 64.0, "DIRECCION": "BROWN SUR", "NUMERO": 2265.0, "REFERENCIA": "POB. SANTA JULIA", "LATITUD": -33.475566, "LONGITUD": -70.594243, "centroide_x": 351869.01017526095, "centroide_y": 6294852.8395297993, "crs_original": "EPSG:4326", "fecha_normalizacion": "2025-10-10 01:59:23" }, "geometry": { "type": "Point", "coordinates": [ 351869.010175260948017, 6294852.839529799297452 ] } },
{ "type": "Feature", "properties": { "AGNO": 2021.0, "ID_ESTAB": 13118002.0, "ORIGEN": 2.0, "NOM_ESTAB": "SEMILLITAS", "COD_REG_ES": 13.0, "COD_PRO_ES": 131.0, "COD_COM_ES": 13118.0, "NOM_COM_ES": "MACUL", "COD_DEPROV": 0.0, "NOM_DEPROV": null, "DEPENDENCI": 4.0, "RURAL_ESTA": 0.0, "ESTADO_EST": 0.0, "SC_MEN_SI": 0.0, "SC_MEN_H": 0.0, "SC_MEN_M": 0.0, "SC_MAY_H": 5.0, "SC_MAY_M": 6.0, "MED_MEN_SI": 0.0, "MED_MEN_H": 7.0, "MED_MEN_M": 12.0, "MED_MAY_SI": 0.0, "MED_MAY_H": 15.0, "MED_MAY_M": 13.0, "NT1_SI": 0.0, "NT1_H": 10.0, "NT1_M": 5.0, "NT2_SI": 0.0, "NT2_H": 0.0, "NT2_M": 0.0, "N_TOTAL": 73.0, "DIRECCION": "SANTA JULIA", "NUMERO": 2354.0, "REFERENCIA": "POB. SANTA JULIA", "LATITUD": -33.476508, "LONGITUD": -70.592133, "centroide_x": 352066.68190737616, "centroide_y": 6294751.3945167493, "crs_original": "EPSG:4326", "fecha_normalizacion": "2025-10-10 01:59:23" }, "geometry": { "type": "Point", "coordinates": [ 352066.681907376158051, 6294751.394516749307513 ] } },
{ "type": "Feature", "properties": { "AGNO": 2021.0, "ID_ESTAB": 13118003.0, "ORIGEN": 2.0, "NOM_ESTAB": "EL OSITO REGALON", "COD_REG_ES": 13.0, "COD_PRO_ES": 131.0, "COD_COM_ES": 13118.0, "NOM_COM_ES": "MACUL", "COD_DEPROV": 0.0, "NOM_DEPROV": null, "DEPENDENCI": 4.0, "RURAL_ESTA": 0.0, "ESTADO_EST": 0.0, "SC_MEN_SI": 0.0, "SC_MEN_H": 5.0, "SC_MEN_M": 1.0, "SC_MAY_H": 9.0, "SC_MAY_M": 7.0, "MED_MEN_SI": 0.0, "MED_MEN_H": 13.0, "MED_MEN_M": 11.0, "MED_MAY_SI": 0.0, "MED_MAY_H": 13.0, "MED_MAY_M": 16.0, "NT1_SI": 0.0, "NT1_H": 0.0, "NT1_M": 0.0, "NT2_SI": 0.0, "NT2_H": 0.0, "NT2_M": 0.0, "N_TOTAL": 75.0, "DIRECCION": "AMANDA LABARCA", "NUMERO": 4751.0, "REFERENCIA": ", POB. JAIME EYZAGUIRRE", "LATITUD": -33.475283, "LONGITUD": -70.581125, "centroide_x": 353087.51030873694, "centroide_y": 6294902.8452380272, "crs_original": "EPSG:4326", "fecha_normalizacion": "2025-10-10 01:59:23" }, "geometry": { "type": "Point", "coordinates": [ 353087.510308736935258, 6294902.84523802716285 ] } },
{ "type": "Feature", "properties": { "AGNO": 2021.0, "ID_ESTAB": 13118006.0, "ORIGEN": 2.0, "NOM_ESTAB": "REINA DE LA PAZ", "COD_REG_ES": 13.0, "COD_PRO_ES": 131.0, "COD_COM_ES": 13118.0, "NOM_COM_ES": "MACUL", "COD_DEPROV": 0.0, "NOM_DEPROV": null, "DEPENDENCI": 4.0, "RURAL_ESTA": 0.0, "ESTADO_EST": 0.0, "SC_MEN_SI": 0.0, "SC_MEN_H": 5.0, "SC_MEN_M": 9.0, "SC_MAY_H": 15.0, "SC_MAY_M": 22.0, "MED_MEN_SI": 0.0, "MED_MEN_H": 31.0, "MED_MEN_M": 28.0, "MED_MAY_SI": 0.0, "MED_MAY_H": 27.0, "MED_MAY_M": 32.0, "NT1_SI": 0.0, "NT1_H": 0.0, "NT1_M": 0.0, "NT2_SI": 0.0, "NT2_H": 0.0, "NT2_M": 0.0, "N_TOTAL": 169.0, "DIRECCION": "CALLE DOS", "NUMERO": 4631.0, "REFERENCIA": "POBL. JAIME EYZAGUIRRE", "LATITUD": -33.474196, "LONGITUD": -70.5828, "centroide_x": 352929.99952016491, "centroide_y": 6295020.9994590692, "crs_original": "EPSG:4326", "fecha_normalizacion": "2025-10-10 01:59:23" }, "geometry": { "type": "Point", "coordinates": [ 352929.999520164914429, 6295020.999459069222212 ] } },
{ "type": "Feature", "properties": { "AGNO": 2021.0, "ID_ESTAB": 13118018.0, "ORIGEN": 2.0, "NOM_ESTAB": "SEMILLITAS DE AMOR", "COD_REG_ES": 13.0, "COD_PRO_ES": 131.0, "COD_COM_ES": 13118.0, "NOM_COM_ES": "MACUL", "COD_DEPROV": 0.0, "NOM_DEPROV": null, "DEPENDENCI": 4.0, "RURAL_ESTA": 0.0, "ESTADO_EST": 0.0, "SC_MEN_SI": 0.0, "SC_MEN_H": 5.0, "SC_MEN_M": 2.0, "SC_MAY_H": 5.0, "SC_MAY_M": 5.0, "MED_MEN_SI": 0.0, "MED_MEN_H": 3.0, "MED_MEN_M": 1.0, "MED_MAY_SI": 0.0, "MED_MAY_H": 9.0, "MED_MAY_M": 8.0, "NT1_SI": 0.0, "NT1_H": 3.0, "NT1_M": 2.0, "NT2_SI": 0.0, "NT2_H": 0.0, "NT2_M": 0.0, "N_TOTAL": 43.0, "DIRECCION": "HISTORIADOR JAIME EYZAGUIRRE", "NUMERO": 2060.0, "REFERENCIA": null, "LATITUD": -33.475428, "LONGITUD": -70.580373, "centroide_x": 353157.65167117096, "centroide_y": 6294887.8430137681, "crs_original": "EPSG:4326", "fecha_normalizacion": "2025-10-10 01:59:23" }, "geometry": { "type": "Point", "coordinates": [ 353157.651671170955524, 6294887.843013768084347 ] } },
{ "type": "Feature", "properties": { "AGNO": 2021.0, "ID_ESTAB": 13118021.0, "ORIGEN": 2.0, "NOM_ESTAB": "PEQUE ARTE I", "COD_REG_ES": 13.0, "COD_PRO_ES": 131.0, "COD_COM_ES": 13118.0, "NOM_COM_ES": "MACUL", "COD_DEPROV": 0.0, "NOM_DEPROV": null, "DEPENDENCI": 4.0, "RURAL_ESTA": 0.0, "ESTADO_EST": 0.0, "SC_MEN_SI": 0.0, "SC_MEN_H": 10.0, "SC_MEN_M": 14.0, "SC_MAY_H": 11.0, "SC_MAY_M": 9.0, "MED_MEN_SI": 0.0, "MED_MEN_H": 21.0, "MED_MEN_M": 12.0, "MED_MAY_SI": 0.0, "MED_MAY_H": 22.0, "MED_MAY_M": 9.0, "NT1_SI": 0.0, "NT1_H": 0.0, "NT1_M": 0.0, "NT2_SI": 0.0, "NT2_H": 0.0, "NT2_M": 0.0, "N_TOTAL": 108.0, "DIRECCION": "JOAQUIN RODRIGUEZ", "NUMERO": 2501.0, "REFERENCIA": null, "LATITUD": -33.477514, "LONGITUD": -70.607337, "centroide_x": 350655.55972268601, "centroide_y": 6294618.0496976841, "crs_original": "EPSG:4326", "fecha_normalizacion": "2025-10-10 01:59:23" }, "geometry": { "type": "Point", "coordinates": [ 350655.55972268601181, 6294618.049697684124112 ] } },
{ "type": "Feature", "properties": { "AGNO": 2021.0, "ID_ESTAB": 13120001.0, "ORIGEN": 2.0, "NOM_ESTAB": "LICANRAY", "COD_REG_ES": 13.0, "COD_PRO_ES": 131.0, "COD_COM_ES": 13120.0, "NOM_COM_ES": "ÑUÑOA", "COD_DEPROV": 0.0, "NOM_DEPROV": null, "DEPENDENCI": 4.0, "RURAL_ESTA": 0.0, "ESTADO_EST": 0.0, "SC_MEN_SI": 0.0, "SC_MEN_H": 5.0, "SC_MEN_M": 7.0, "SC_MAY_H": 16.0, "SC_MAY_M": 12.0, "MED_MEN_SI": 0.0, "MED_MEN_H": 15.0, "MED_MEN_M": 10.0, "MED_MAY_SI": 0.0, "MED_MAY_H": 24.0, "MED_MAY_M": 25.0, "NT1_SI": 0.0, "NT1_H": 0.0, "NT1_M": 0.0, "NT2_SI": 0.0, "NT2_H": 0.0, "NT2_M": 0.0, "N_TOTAL": 114.0, "DIRECCION": "BROWN SUR", "NUMERO": 1740.0, "REFERENCIA": "VILLA LOS ALERCES", "LATITUD": -33.472463, "LONGITUD": -70.594861, "centroide_x": 351806.30392421316, "centroide_y": 6295196.0211571082, "crs_original": "EPSG:4326", "fecha_normalizacion": "2025-10-10 01:59:23" }, "geometry": { "type": "Point", "coordinates": [ 351806.303924213163555, 6295196.02115710824728 ] } },
{ "type": "Feature", "properties": { "AGNO": 2021.0, "ID_ESTAB": 13120002.0, "ORIGEN": 2.0, "NOM_ESTAB": "CAMPANITA", "COD_REG_ES": 13.0, "COD_PRO_ES": 131.0, "COD_COM_ES": 13120.0, "NOM_COM_ES": "ÑUÑOA", "COD_DEPROV": 0.0, "NOM_DEPROV": null, "DEPENDENCI": 4.0, "RURAL_ESTA": 0.0, "ESTADO_EST": 0.0, "SC_MEN_SI": 0.0, "SC_MEN_H": 9.0, "SC_MEN_M": 10.0, "SC_MAY_H": 20.0, "SC_MAY_M": 13.0, "MED_MEN_SI": 0.0, "MED_MEN_H": 15.0, "MED_MEN_M": 13.0, "MED_MAY_SI": 0.0, "MED_MAY_H": 20.0, "MED_MAY_M": 12.0, "NT1_SI": 0.0, "NT1_H": 14.0, "NT1_M": 15.0, "NT2_SI": 0.0, "NT2_H": 0.0, "NT2_M": 0.0, "N_TOTAL": 141.0, "DIRECCION": "EDUARDO CASTILLO VELASCO", "NUMERO": 4660.0, "REFERENCIA": "VILLA EDUARDO FREI", "LATITUD": -33.460886, "LONGITUD": -70.588318, "centroide_x": 352394.69999814359, "centroide_y": 6296489.0731154401, "crs_original": "EPSG:4326", "fecha_normalizacion": "2025-10-10 01:59:23" }, "geometry": { "type": "Point", "coordinates": [ 352394.699998143594712, 6296489.07311544008553 ] } },
{ "type": "Feature", "properties": { "AGNO": 2021.0, "ID_ESTAB": 13120003.0, "ORIGEN": 2.0, "NOM_ESTAB": "PIN-PILIN", "COD_REG_ES": 13.0, "COD_PRO_ES": 131.0, "COD_COM_ES": 13120.0, "NOM_COM_ES": "ÑUÑOA", "COD_DEPROV": 0.0, "NOM_DEPROV": null, "DEPENDENCI": 4.0, "RURAL_ESTA": 0.0, "ESTADO_EST": 0.0, "SC_MEN_SI": 0.0, "SC_MEN_H": 5.0, "SC_MEN_M": 9.0, "SC_MAY_H": 30.0, "SC_MAY_M": 27.0, "MED_MEN_SI": 0.0, "MED_MEN_H": 28.0, "MED_MEN_M": 28.0, "MED_MAY_SI": 0.0, "MED_MAY_H": 12.0, "MED_MAY_M": 18.0, "NT1_SI": 0.0, "NT1_H": 0.0, "NT1_M": 0.0, "NT2_SI": 0.0, "NT2_H": 0.0, "NT2_M": 0.0, "N_TOTAL": 157.0, "DIRECCION": "LAS REGATAS", "NUMERO": 1160.0, "REFERENCIA": "VILLA EDUARDO FREI", "LATITUD": -33.467078, "LONGITUD": -70.578345, "centroide_x": 353332.02059856965, "centroide_y": 6295816.5740491292, "crs_original": "EPSG:4326", "fecha_normalizacion": "2025-10-10 01:59:23" }, "geometry": { "type": "Point", "coordinates": [ 353332.020598569652066, 6295816.574049129150808 ] } },
{ "type": "Feature", "properties": { "AGNO": 2021.0, "ID_ESTAB": 13120004.0, "ORIGEN": 2.0, "NOM_ESTAB": "TIERRA DE NIÑOS", "COD_REG_ES": 13.0, "COD_PRO_ES": 131.0, "COD_COM_ES": 13120.0, "NOM_COM_ES": "ÑUÑOA", "COD_DEPROV": 0.0, "NOM_DEPROV": null, "DEPENDENCI": 4.0, "RURAL_ESTA": 0.0, "ESTADO_EST": 0.0, "SC_MEN_SI": 0.0, "SC_MEN_H": 0.0, "SC_MEN_M": 0.0, "SC_MAY_H": 14.0, "SC_MAY_M": 12.0, "MED_MEN_SI": 0.0, "MED_MEN_H": 12.0, "MED_MEN_M": 9.0, "MED_MAY_SI": 0.0, "MED_MAY_H": 15.0, "MED_MAY_M": 7.0, "NT1_SI": 0.0, "NT1_H": 3.0, "NT1_M": 13.0, "NT2_SI": 0.0, "NT2_H": 0.0, "NT2_M": 0.0, "N_TOTAL": 85.0, "DIRECCION": "NUEVA UNO", "NUMERO": 1626.0, "REFERENCIA": "POB. REBECA MATTE", "LATITUD": -33.470373, "LONGITUD": -70.615649, "centroide_x": 349870.91529323219, "centroide_y": 6295397.9574344046, "crs_original": "EPSG:4326", "fecha_normalizacion": "2025-10-10 01:59:23" }, "geometry": { "type": "Point", "coordinates": [ 349870.91529323218856, 6295397.95743440464139 ] } },
{ "type": "Feature", "properties": { "AGNO": 2021.0, "ID_ESTAB": 13120005.0, "ORIGEN": 2.0, "NOM_ESTAB": "GIRASOL", "COD_REG_ES": 13.0, "COD_PRO_ES": 131.0, "COD_COM_ES": 13120.0, "NOM_COM_ES": "ÑUÑOA", "COD_DEPROV": 0.0, "NOM_DEPROV": null, "DEPENDENCI": 4.0, "RURAL_ESTA": 0.0, "ESTADO_EST": 0.0, "SC_MEN_SI": 0.0, "SC_MEN_H": 0.0, "SC_MEN_M": 0.0, "SC_MAY_H": 0.0, "SC_MAY_M": 0.0, "MED_MEN_SI": 0.0, "MED_MEN_H": 4.0, "MED_MEN_M": 2.0, "MED_MAY_SI": 0.0, "MED_MAY_H": 9.0, "MED_MAY_M": 7.0, "NT1_SI": 0.0, "NT1_H": 11.0, "NT1_M": 15.0, "NT2_SI": 0.0, "NT2_H": 0.0, "NT2_M": 0.0, "N_TOTAL": 48.0, "DIRECCION": "CALLE", "NUMERO": 8.0, "REFERENCIA": "1699 VILLA LOS JARDINES", "LATITUD": -33.471492, "LONGITUD": -70.584411, "centroide_x": 352775.72615457344, "centroide_y": 6295318.5749288965, "crs_original": "EPSG:4326", "fecha_normalizacion": "2025-10-10 01:59:23" }, "geometry": { "type": "Point", "coordinates": [ 352775.726154573436361, 6295318.57492889650166 ] } },
{ "type": "Feature", "properties": { "AGNO": 2021.0, "ID_ESTAB": 13120007.0, "ORIGEN": 2.0, "NOM_ESTAB": "MUNDO MARAVILLOSO", "COD_REG_ES": 13.0, "COD_PRO_ES": 131.0, "COD_COM_ES": 13120.0, "NOM_COM_ES": "ÑUÑOA", "COD_DEPROV": 0.0, "NOM_DEPROV": null, "DEPENDENCI": 4.0, "RURAL_ESTA": 0.0, "ESTADO_EST": 0.0, "SC_MEN_SI": 0.0, "SC_MEN_H": 0.0, "SC_MEN_M": 0.0, "SC_MAY_H": 13.0, "SC_MAY_M": 12.0, "MED_MEN_SI": 0.0, "MED_MEN_H": 13.0, "MED_MEN_M": 15.0, "MED_MAY_SI": 0.0, "MED_MAY_H": 17.0, "MED_MAY_M": 13.0, "NT1_SI": 0.0, "NT1_H": 0.0, "NT1_M": 0.0, "NT2_SI": 0.0, "NT2_H": 0.0, "NT2_M": 0.0, "N_TOTAL": 83.0, "DIRECCION": "QUILLAGUA", "NUMERO": 3900.0, "REFERENCIA": "VILLA LOS PRESIDENTES", "LATITUD": -33.467932, "LONGITUD": -70.591463, "centroide_x": 352114.36949805799, "centroide_y": 6295703.2999149412, "crs_original": "EPSG:4326", "fecha_normalizacion": "2025-10-10 01:59:23" }, "geometry": { "type": "Point", "coordinates": [ 352114.369498057989404, 6295703.299914941191673 ] } },
{ "type": "Feature", "properties": { "AGNO": 2021.0, "ID_ESTAB": 13120009.0, "ORIGEN": 2.0, "NOM_ESTAB": "AREAS VERDES", "COD_REG_ES": 13.0, "COD_PRO_ES": 131.0, "COD_COM_ES": 13120.0, "NOM_COM_ES": "ÑUÑOA", "COD_DEPROV": 0.0, "NOM_DEPROV": null, "DEPENDENCI": 4.0, "RURAL_ESTA": 0.0, "ESTADO_EST": 0.0, "SC_MEN_SI": 0.0, "SC_MEN_H": 0.0, "SC_MEN_M": 0.0, "SC_MAY_H": 10.0, "SC_MAY_M": 10.0, "MED_MEN_SI": 0.0, "MED_MEN_H": 25.0, "MED_MEN_M": 31.0, "MED_MAY_SI": 0.0, "MED_MAY_H": 40.0, "MED_MAY_M": 26.0, "NT1_SI": 0.0, "NT1_H": 23.0, "NT1_M": 21.0, "NT2_SI": 0.0, "NT2_H": 1.0, "NT2_M": 2.0, "N_TOTAL": 189.0, "DIRECCION": "GUILLERMO MANN", "NUMERO": 1355.0, "REFERENCIA": null, "LATITUD": -33.470803, "LONGITUD": -70.617205, "centroide_x": 349727.02030058659, "centroide_y": 6295347.9999472946, "crs_original": "EPSG:4326", "fecha_normalizacion": "2025-10-10 01:59:23" }, "geometry": { "type": "Point", "coordinates": [ 349727.020300586591475, 6295347.999947294592857 ] } },
{ "type": "Feature", "properties": { "AGNO": 2021.0, "ID_ESTAB": 13120014.0, "ORIGEN": 2.0, "NOM_ESTAB": "NARANJITA", "COD_REG_ES": 13.0, "COD_PRO_ES": 131.0, "COD_COM_ES": 13120.0, "NOM_COM_ES": "ÑUÑOA", "COD_DEPROV": 0.0, "NOM_DEPROV": null, "DEPENDENCI": 4.0, "RURAL_ESTA": 0.0, "ESTADO_EST": 0.0, "SC_MEN_SI": 0.0, "SC_MEN_H": 8.0, "SC_MEN_M": 6.0, "SC_MAY_H": 4.0, "SC_MAY_M": 10.0, "MED_MEN_SI": 0.0, "MED_MEN_H": 19.0, "MED_MEN_M": 9.0, "MED_MAY_SI": 0.0, "MED_MAY_H": 33.0, "MED_MAY_M": 27.0, "NT1_SI": 0.0, "NT1_H": 0.0, "NT1_M": 0.0, "NT2_SI": 0.0, "NT2_H": 0.0, "NT2_M": 0.0, "N_TOTAL": 116.0, "DIRECCION": "CALLE 8", "NUMERO": 1978.0, "REFERENCIA": null, "LATITUD": -33.470941, "LONGITUD": -70.584352, "centroide_x": 352780.33998403628, "centroide_y": 6295379.7096076868, "crs_original": "EPSG:4326", "fecha_normalizacion": "2025-10-10 01:59:23" }, "geometry": { "type": "Point", "coordinates": [ 352780.339984036283568, 6295379.709607686847448 ] } },
{ "type": "Feature", "properties": { "AGNO": 2021.0, "ID_ESTAB": 13120015.0, "ORIGEN": 2.0, "NOM_ESTAB": "CABALLITO AZUL", "COD_REG_ES": 13.0, "COD_PRO_ES": 131.0, "COD_COM_ES": 13120.0, "NOM_COM_ES": "ÑUÑOA", "COD_DEPROV": 0.0, "NOM_DEPROV": null, "DEPENDENCI": 4.0, "RURAL_ESTA": 0.0, "ESTADO_EST": 0.0, "SC_MEN_SI": 0.0, "SC_MEN_H": 0.0, "SC_MEN_M": 0.0, "SC_MAY_H": 14.0, "SC_MAY_M": 6.0, "MED_MEN_SI": 0.0, "MED_MEN_H": 17.0, "MED_MEN_M": 16.0, "MED_MAY_SI": 0.0, "MED_MAY_H": 0.0, "MED_MAY_M": 0.0, "NT1_SI": 0.0, "NT1_H": 0.0, "NT1_M": 0.0, "NT2_SI": 0.0, "NT2_H": 0.0, "NT2_M": 0.0, "N_TOTAL": 53.0, "DIRECCION": "CALLE VIA 8", "NUMERO": 1081.0, "REFERENCIA": null, "LATITUD": -33.467258, "LONGITUD": -70.619783, "centroide_x": 349481.27964126121, "centroide_y": 6295737.3201591475, "crs_original": "EPSG:4326", "fecha_normalizacion": "2025-10-10 01:59:23" }, "geometry": { "type": "Point", "coordinates": [ 349481.279641261207871, 6295737.320159147493541 ] } },
{ "type": "Feature", "properties": { "AGNO": 2021.0, "ID_ESTAB": 13120016.0, "ORIGEN": 2.0, "NOM_ESTAB": "MANZANILLA", "COD_REG_ES": 13.0, "COD_PRO_ES": 131.0, "COD_COM_ES": 13120.0, "NOM_COM_ES": "ÑUÑOA", "COD_DEPROV": 0.0, "NOM_DEPROV": null, "DEPENDENCI": 4.0, "RURAL_ESTA": 0.0, "ESTADO_EST": 0.0, "SC_MEN_SI": 0.0, "SC_MEN_H": 7.0, "SC_MEN_M": 12.0, "SC_MAY_H": 11.0, "SC_MAY_M": 9.0, "MED_MEN_SI": 0.0, "MED_MEN_H": 13.0, "MED_MEN_M": 18.0, "MED_MAY_SI": 0.0, "MED_MAY_H": 14.0, "MED_MAY_M": 19.0, "NT1_SI": 0.0, "NT1_H": 0.0, "NT1_M": 0.0, "NT2_SI": 0.0, "NT2_H": 0.0, "NT2_M": 0.0, "N_TOTAL": 103.0, "DIRECCION": "PEDRO DE VALDIVIA", "NUMERO": 4862.0, "REFERENCIA": null, "LATITUD": -33.468043, "LONGITUD": -70.606645, "centroide_x": 350703.64020126034, "centroide_y": 6295669.269552581, "crs_original": "EPSG:4326", "fecha_normalizacion": "2025-10-10 01:59:23" }, "geometry": { "type": "Point", "coordinates": [ 350703.640201260335743, 6295669.269552581012249 ] } },
{ "type": "Feature", "properties": { "AGNO": 2021.0, "ID_ESTAB": 13120019.0, "ORIGEN": 2.0, "NOM_ESTAB": "AYUN KARU", "COD_REG_ES": 13.0, "COD_PRO_ES": 131.0, "COD_COM_ES": 13120.0, "NOM_COM_ES": "ÑUÑOA", "COD_DEPROV": 0.0, "NOM_DEPROV": null, "DEPENDENCI": 4.0, "RURAL_ESTA": 0.0, "ESTADO_EST": 0.0, "SC_MEN_SI": 0.0, "SC_MEN_H": 4.0, "SC_MEN_M": 2.0, "SC_MAY_H": 13.0, "SC_MAY_M": 7.0, "MED_MEN_SI": 0.0, "MED_MEN_H": 14.0, "MED_MEN_M": 13.0, "MED_MAY_SI": 0.0, "MED_MAY_H": 8.0, "MED_MAY_M": 6.0, "NT1_SI": 0.0, "NT1_H": 0.0, "NT1_M": 0.0, "NT2_SI": 0.0, "NT2_H": 0.0, "NT2_M": 0.0, "N_TOTAL": 67.0, "DIRECCION": "LOS ALERCES", "NUMERO": 3360.0, "REFERENCIA": null, "LATITUD": -33.470864, "LONGITUD": -70.596511, "centroide_x": 351650.27066573035, "centroide_y": 6295371.0099505093, "crs_original": "EPSG:4326", "fecha_normalizacion": "2025-10-10 01:59:23" }, "geometry": { "type": "Point", "coordinates": [ 351650.27066573034972, 6295371.009950509294868 ] } },
{ "type": "Feature", "properties": { "AGNO": 2021.0, "ID_ESTAB": 13122014.0, "ORIGEN": 2.0, "NOM_ESTAB": "RAYITO DE LUZ", "COD_REG_ES": 13.0, "COD_PRO_ES": 131.0, "COD_COM_ES": 13122.0, "NOM_COM_ES": "PEÑALOLÉN", "COD_DEPROV": 0.0, "NOM_DEPROV": null, "DEPENDENCI": 4.0, "RURAL_ESTA": 0.0, "ESTADO_EST": 0.0, "SC_MEN_SI": 0.0, "SC_MEN_H": 0.0, "SC_MEN_M": 0.0, "SC_MAY_H": 14.0, "SC_MAY_M": 10.0, "MED_MEN_SI": 0.0, "MED_MEN_H": 14.0, "MED_MEN_M": 13.0, "MED_MAY_SI": 0.0, "MED_MAY_H": 27.0, "MED_MAY_M": 30.0, "NT1_SI": 0.0, "NT1_H": 0.0, "NT1_M": 0.0, "NT2_SI": 0.0, "NT2_H": 0.0, "NT2_M": 0.0, "N_TOTAL": 108.0, "DIRECCION": "EL AFLUENTE", "NUMERO": 6201.0, "REFERENCIA": "V. LOS COPIHUES", "LATITUD": -33.472323, "LONGITUD": -70.571263, "centroide_x": 353999.01952896075, "centroide_y": 6295245.000297077, "crs_original": "EPSG:4326", "fecha_normalizacion": "2025-10-10 01:59:23" }, "geometry": { "type": "Point", "coordinates": [ 353999.019528960750904, 6295245.000297077000141 ] } },
{ "type": "Feature", "properties": { "AGNO": 2021.0, "ID_ESTAB": 13122023.0, "ORIGEN": 2.0, "NOM_ESTAB": "CRISTO JOVEN", "COD_REG_ES": 13.0, "COD_PRO_ES": 131.0, "COD_COM_ES": 13122.0, "NOM_COM_ES": "PEÑALOLÉN", "COD_DEPROV": 0.0, "NOM_DEPROV": null, "DEPENDENCI": 4.0, "RURAL_ESTA": 0.0, "ESTADO_EST": 0.0, "SC_MEN_SI": 0.0, "SC_MEN_H": 6.0, "SC_MEN_M": 11.0, "SC_MAY_H": 11.0, "SC_MAY_M": 9.0, "MED_MEN_SI": 0.0, "MED_MEN_H": 27.0, "MED_MEN_M": 14.0, "MED_MAY_SI": 0.0, "MED_MAY_H": 31.0, "MED_MAY_M": 24.0, "NT1_SI": 0.0, "NT1_H": 9.0, "NT1_M": 7.0, "NT2_SI": 0.0, "NT2_H": 8.0, "NT2_M": 3.0, "N_TOTAL": 160.0, "DIRECCION": "GENERAL BAQUEDANO", "NUMERO": 2285.0, "REFERENCIA": ", SECTOR LO HERMIDA.", "LATITUD": -33.477133, "LONGITUD": -70.573963, "centroide_x": 353756.16962720256, "centroide_y": 6294707.8301226646, "crs_original": "EPSG:4326", "fecha_normalizacion": "2025-10-10 01:59:23" }, "geometry": { "type": "Point", "coordinates": [ 353756.169627202558331, 6294707.830122664570808 ] } },
{ "type": "Feature", "properties": { "AGNO": 2021.0, "ID_ESTAB": 13120020.0, "ORIGEN": 2.0, "NOM_ESTAB": "UMCE", "COD_REG_ES": 13.0, "COD_PRO_ES": 131.0, "COD_COM_ES": 13120.0, "NOM_COM_ES": "ÑUÑOA", "COD_DEPROV": 0.0, "NOM_DEPROV": null, "DEPENDENCI": 4.0, "RURAL_ESTA": 0.0, "ESTADO_EST": 0.0, "SC_MEN_SI": 0.0, "SC_MEN_H": 5.0, "SC_MEN_M": 5.0, "SC_MAY_H": 9.0, "SC_MAY_M": 9.0, "MED_MEN_SI": 0.0, "MED_MEN_H": 12.0, "MED_MEN_M": 15.0, "MED_MAY_SI": 0.0, "MED_MAY_H": 4.0, "MED_MAY_M": 2.0, "NT1_SI": 0.0, "NT1_H": 0.0, "NT1_M": 0.0, "NT2_SI": 0.0, "NT2_H": 0.0, "NT2_M": 0.0, "N_TOTAL": 61.0, "DIRECCION": "LUIS BISQUERTS", "NUMERO": 2895.0, "REFERENCIA": null, "LATITUD": -33.468706, "LONGITUD": -70.602198, "centroide_x": 351118.02723984799, "centroide_y": 6295602.1264292905, "crs_original": "EPSG:4326", "fecha_normalizacion": "2025-10-10 01:59:23" }, "geometry": { "type": "Point", "coordinates": [ 351118.027239847986493, 6295602.126429290510714 ] } },
{ "type": "Feature", "properties": { "AGNO": 2021.0, "ID_ESTAB": 131001.0, "ORIGEN": 3.0, "NOM_ESTAB": "SOL NACIENTE", "COD_REG_ES": 13.0, "COD_PRO_ES": 131.0, "COD_COM_ES": 13120.0, "NOM_COM_ES": "ÑUÑOA", "COD_DEPROV": 0.0, "NOM_DEPROV": null, "DEPENDENCI": 5.0, "RURAL_ESTA": 0.0, "ESTADO_EST": 0.0, "SC_MEN_SI": 0.0, "SC_MEN_H": 12.0, "SC_MEN_M": 5.0, "SC_MAY_H": 22.0, "SC_MAY_M": 19.0, "MED_MEN_SI": 0.0, "MED_MEN_H": 29.0, "MED_MEN_M": 28.0, "MED_MAY_SI": 0.0, "MED_MAY_H": 32.0, "MED_MAY_M": 26.0, "NT1_SI": 0.0, "NT1_H": 9.0, "NT1_M": 16.0, "NT2_SI": 0.0, "NT2_H": 0.0, "NT2_M": 0.0, "N_TOTAL": 198.0, "DIRECCION": "GUILLERMO MANN", "NUMERO": 1852.0, "REFERENCIA": null, "LATITUD": -33.470484, "LONGITUD": -70.613325, "centroide_x": 350087.04271039023, "centroide_y": 6295388.9780073343, "crs_original": "EPSG:4326", "fecha_normalizacion": "2025-10-10 01:59:23" }, "geometry": { "type": "Point", "coordinates": [ 350087.042710390232969, 6295388.978007334284484 ] } },
{ "type": "Feature", "properties": { "AGNO": 2021.0, "ID_ESTAB": 131203.0, "ORIGEN": 3.0, "NOM_ESTAB": "SANTA JULIA", "COD_REG_ES": 13.0, "COD_PRO_ES": 131.0, "COD_COM_ES": 13118.0, "NOM_COM_ES": "MACUL", "COD_DEPROV": 0.0, "NOM_DEPROV": null, "DEPENDENCI": 5.0, "RURAL_ESTA": 0.0, "ESTADO_EST": 0.0, "SC_MEN_SI": 0.0, "SC_MEN_H": 5.0, "SC_MEN_M": 9.0, "SC_MAY_H": 15.0, "SC_MAY_M": 15.0, "MED_MEN_SI": 0.0, "MED_MEN_H": 16.0, "MED_MEN_M": 19.0, "MED_MAY_SI": 0.0, "MED_MAY_H": 23.0, "MED_MAY_M": 18.0, "NT1_SI": 0.0, "NT1_H": 0.0, "NT1_M": 0.0, "NT2_SI": 0.0, "NT2_H": 0.0, "NT2_M": 0.0, "N_TOTAL": 120.0, "DIRECCION": "SANTA JULIA", "NUMERO": 2735.0, "REFERENCIA": null, "LATITUD": -33.480159, "LONGITUD": -70.593132, "centroide_x": 351980.06133358058, "centroide_y": 6294345.1276740711, "crs_original": "EPSG:4326", "fecha_normalizacion": "2025-10-10 01:59:23" }, "geometry": { "type": "Point", "coordinates": [ 351980.061333580582868, 6294345.127674071118236 ] } },
{ "type": "Feature", "properties": { "AGNO": 2021.0, "ID_ESTAB": 8513.0, "ORIGEN": 1.0, "NOM_ESTAB": "ESC. BAS. REPUBLICA ORIENTAL DE URUGUAY", "COD_REG_ES": 13.0, "COD_PRO_ES": 131.0, "COD_COM_ES": 13101.0, "NOM_COM_ES": "SANTIAGO", "COD_DEPROV": 131.0, "NOM_DEPROV": "SANTIAGO CENTRO", "DEPENDENCI": 1.0, "RURAL_ESTA": 0.0, "ESTADO_EST": 1.0, "SC_MEN_SI": 0.0, "SC_MEN_H": 0.0, "SC_MEN_M": 0.0, "SC_MAY_H": 0.0, "SC_MAY_M": 0.0, "MED_MEN_SI": 0.0, "MED_MEN_H": 0.0, "MED_MEN_M": 0.0, "MED_MAY_SI": 0.0, "MED_MAY_H": 0.0, "MED_MAY_M": 0.0, "NT1_SI": 0.0, "NT1_H": 37.0, "NT1_M": 29.0, "NT2_SI": 0.0, "NT2_H": 38.0, "NT2_M": 26.0, "N_TOTAL": 130.0, "DIRECCION": "M. A. TOCORNAL", "NUMERO": 533.0, "REFERENCIA": "STA. ISABEL CON M. ANTONIO TOCORNAL.", "LATITUD": -33.449866, "LONGITUD": -70.6403, "centroide_x": 347544.11500607437, "centroide_y": 6297635.9113387484, "crs_original": "EPSG:4326", "fecha_normalizacion": "2025-10-10 01:59:23" }, "geometry": { "type": "Point", "coordinates": [ 347544.115006074367557, 6297635.911338748410344 ] } },
{ "type": "Feature", "properties": { "AGNO": 2021.0, "ID_ESTAB": 8529.0, "ORIGEN": 1.0, "NOM_ESTAB": "ESCUELA DE PARVULOS ANTU-HUILEN", "COD_REG_ES": 13.0, "COD_PRO_ES": 131.0, "COD_COM_ES": 13108.0, "NOM_COM_ES": "INDEPENDENCIA", "COD_DEPROV": 137.0, "NOM_DEPROV": "SANTIAGO NORTE", "DEPENDENCI": 1.0, "RURAL_ESTA": 0.0, "ESTADO_EST": 1.0, "SC_MEN_SI": 0.0, "SC_MEN_H": 0.0, "SC_MEN_M": 0.0, "SC_MAY_H": 0.0, "SC_MAY_M": 0.0, "MED_MEN_SI": 0.0, "MED_MEN_H": 0.0, "MED_MEN_M": 0.0, "MED_MAY_SI": 0.0, "MED_MAY_H": 27.0, "MED_MAY_M": 36.0, "NT1_SI": 0.0, "NT1_H": 100.0, "NT1_M": 97.0, "NT2_SI": 0.0, "NT2_H": 76.0, "NT2_M": 78.0, "N_TOTAL": 414.0, "DIRECCION": "GAMERO", "NUMERO": 1985.0, "REFERENCIA": "POR GAMERO CRUZANDO VIVACETA AL PONIENTE 2 CUADRAS APROXIMADAMENTE.", "LATITUD": -33.422047, "LONGITUD": -70.66598, "centroide_x": 345107.61348982225, "centroide_y": 6300682.7412317265, "crs_original": "EPSG:4326", "fecha_normalizacion": "2025-10-10 01:59:23" }, "geometry": { "type": "Point", "coordinates": [ 345107.613489822251722, 6300682.741231726482511 ] } },
{ "type": "Feature", "properties": { "AGNO": 2021.0, "ID_ESTAB": 8530.0, "ORIGEN": 1.0, "NOM_ESTAB": "ESCUELA CADETE ARTURO PRAT CHACON", "COD_REG_ES": 13.0, "COD_PRO_ES": 131.0, "COD_COM_ES": 13101.0, "NOM_COM_ES": "SANTIAGO", "COD_DEPROV": 131.0, "NOM_DEPROV": "SANTIAGO CENTRO", "DEPENDENCI": 1.0, "RURAL_ESTA": 0.0, "ESTADO_EST": 1.0, "SC_MEN_SI": 0.0, "SC_MEN_H": 0.0, "SC_MEN_M": 0.0, "SC_MAY_H": 0.0, "SC_MAY_M": 0.0, "MED_MEN_SI": 0.0, "MED_MEN_H": 0.0, "MED_MEN_M": 0.0, "MED_MAY_SI": 0.0, "MED_MAY_H": 0.0, "MED_MAY_M": 0.0, "NT1_SI": 0.0, "NT1_H": 35.0, "NT1_M": 35.0, "NT2_SI": 0.0, "NT2_H": 47.0, "NT2_M": 23.0, "N_TOTAL": 140.0, "DIRECCION": "SAN IGNACIO", "NUMERO": 196.0, "REFERENCIA": "SANTIAGO CENTRO SAN IGNACIO ESQUINA MIGUEL DE OLIVARES, A TRES CUADRAS DE ALAMEDA", "LATITUD": -33.448709, "LONGITUD": -70.656709, "centroide_x": 346016.80897839973, "centroide_y": 6297740.0196157247, "crs_original": "EPSG:4326", "fecha_normalizacion": "2025-10-10 01:59:23" }, "geometry": { "type": "Point", "coordinates": [ 346016.808978399727494, 6297740.019615724682808 ] } },
{ "type": "Feature", "properties": { "AGNO": 2021.0, "ID_ESTAB": 8531.0, "ORIGEN": 1.0, "NOM_ESTAB": "ESCUELA BASICA IRENE FREI DE CID", "COD_REG_ES": 13.0, "COD_PRO_ES": 131.0, "COD_COM_ES": 13101.0, "NOM_COM_ES": "SANTIAGO", "COD_DEPROV": 131.0, "NOM_DEPROV": "SANTIAGO CENTRO", "DEPENDENCI": 1.0, "RURAL_ESTA": 0.0, "ESTADO_EST": 1.0, "SC_MEN_SI": 0.0, "SC_MEN_H": 0.0, "SC_MEN_M": 0.0, "SC_MAY_H": 0.0, "SC_MAY_M": 0.0, "MED_MEN_SI": 0.0, "MED_MEN_H": 0.0, "MED_MEN_M": 0.0, "MED_MAY_SI": 0.0, "MED_MAY_H": 0.0, "MED_MAY_M": 0.0, "NT1_SI": 0.0, "NT1_H": 13.0, "NT1_M": 12.0, "NT2_SI": 0.0, "NT2_H": 26.0, "NT2_M": 23.0, "N_TOTAL": 74.0, "DIRECCION": "SAN FRANCISCO", "NUMERO": 0.0, "REFERENCIA": "ENTRE MAULE Y ÑUBLE.", "LATITUD": -33.467792, "LONGITUD": -70.644024, "centroide_x": 347229.40702011611, "centroide_y": 6295642.7616121657, "crs_original": "EPSG:4326", "fecha_normalizacion": "2025-10-10 01:59:23" }, "geometry": { "type": "Point", "coordinates": [ 347229.40702011610847, 6295642.761612165719271 ] } },
{ "type": "Feature", "properties": { "AGNO": 2021.0, "ID_ESTAB": 8532.0, "ORIGEN": 1.0, "NOM_ESTAB": "ESCUELA BASICA LIBERTADORES DE CHILE", "COD_REG_ES": 13.0, "COD_PRO_ES": 131.0, "COD_COM_ES": 13101.0, "NOM_COM_ES": "SANTIAGO", "COD_DEPROV": 131.0, "NOM_DEPROV": "SANTIAGO CENTRO", "DEPENDENCI": 1.0, "RURAL_ESTA": 0.0, "ESTADO_EST": 1.0, "SC_MEN_SI": 0.0, "SC_MEN_H": 0.0, "SC_MEN_M": 0.0, "SC_MAY_H": 0.0, "SC_MAY_M": 0.0, "MED_MEN_SI": 0.0, "MED_MEN_H": 0.0, "MED_MEN_M": 0.0, "MED_MAY_SI": 0.0, "MED_MAY_H": 0.0, "MED_MAY_M": 0.0, "NT1_SI": 0.0, "NT1_H": 0.0, "NT1_M": 0.0, "NT2_SI": 0.0, "NT2_H": 16.0, "NT2_M": 14.0, "N_TOTAL": 30.0, "DIRECCION": "ROSAS", "NUMERO": 1741.0, "REFERENCIA": "ENTRE ALMIRANTE BARROSO Y RIQUELME", "LATITUD": -33.435953, "LONGITUD": -70.662035, "centroide_x": 345499.11536308157, "centroide_y": 6299146.6162861651, "crs_original": "EPSG:4326", "fecha_normalizacion": "2025-10-10 01:59:23" }, "geometry": { "type": "Point", "coordinates": [ 345499.115363081567921, 6299146.616286165080965 ] } },
{ "type": "Feature", "properties": { "AGNO": 2021.0, "ID_ESTAB": 8535.0, "ORIGEN": 1.0, "NOM_ESTAB": "LICEO REPUBLICA DE BRASIL", "COD_REG_ES": 13.0, "COD_PRO_ES": 131.0, "COD_COM_ES": 13101.0, "NOM_COM_ES": "SANTIAGO", "COD_DEPROV": 131.0, "NOM_DEPROV": "SANTIAGO CENTRO", "DEPENDENCI": 1.0, "RURAL_ESTA": 0.0, "ESTADO_EST": 1.0, "SC_MEN_SI": 0.0, "SC_MEN_H": 0.0, "SC_MEN_M": 0.0, "SC_MAY_H": 0.0, "SC_MAY_M": 0.0, "MED_MEN_SI": 0.0, "MED_MEN_H": 0.0, "MED_MEN_M": 0.0, "MED_MAY_SI": 0.0, "MED_MAY_H": 0.0, "MED_MAY_M": 0.0, "NT1_SI": 0.0, "NT1_H": 14.0, "NT1_M": 15.0, "NT2_SI": 0.0, "NT2_H": 21.0, "NT2_M": 11.0, "N_TOTAL": 61.0, "DIRECCION": "LUIS COUSIÑO", "NUMERO": 1984.0, "REFERENCIA": "LUIS COUSIÑO CON GENERAL GANA    (LADO SUR PARQUE O`HIGGINS)", "LATITUD": -33.472059, "LONGITUD": -70.659262, "centroide_x": 345820.8041045951, "centroide_y": 6295147.1262086323, "crs_original": "EPSG:4326", "fecha_normalizacion": "2025-10-10 01:59:23" }, "geometry": { "type": "Point", "coordinates": [ 345820.804104595095851, 6295147.12620863225311 ] } },
{ "type": "Feature", "properties": { "AGNO": 2021.0, "ID_ESTAB": 8540.0, "ORIGEN": 1.0, "NOM_ESTAB": "ESCUELA BASICA REPUBLICA DE HAITI", "COD_REG_ES": 13.0, "COD_PRO_ES": 131.0, "COD_COM_ES": 13101.0, "NOM_COM_ES": "SANTIAGO", "COD_DEPROV": 131.0, "NOM_DEPROV": "SANTIAGO CENTRO", "DEPENDENCI": 1.0, "RURAL_ESTA": 0.0, "ESTADO_EST": 1.0, "SC_MEN_SI": 0.0, "SC_MEN_H": 0.0, "SC_MEN_M": 0.0, "SC_MAY_H": 0.0, "SC_MAY_M": 0.0, "MED_MEN_SI": 0.0, "MED_MEN_H": 0.0, "MED_MEN_M": 0.0, "MED_MAY_SI": 0.0, "MED_MAY_H": 0.0, "MED_MAY_M": 0.0, "NT1_SI": 0.0, "NT1_H": 18.0, "NT1_M": 17.0, "NT2_SI": 0.0, "NT2_H": 11.0, "NT2_M": 11.0, "N_TOTAL": 57.0, "DIRECCION": "WALDO SILVA", "NUMERO": 2210.0, "REFERENCIA": "BARRIO HUEMUL, ENTRE PLACER Y BIO- BIO", "LATITUD": -33.474713, "LONGITUD": -70.651608, "centroide_x": 346536.75457093568, "centroide_y": 6294864.0826627295, "crs_original": "EPSG:4326", "fecha_normalizacion": "2025-10-10 01:59:23" }, "geometry": { "type": "Point", "coordinates": [ 346536.754570935678203, 6294864.082662729546428 ] } },
{ "type": "Feature", "properties": { "AGNO": 2021.0, "ID_ESTAB": 8546.0, "ORIGEN": 1.0, "NOM_ESTAB": "ESC.BAS.BILINGUE REPUBLICA DEL PARAGUAY", "COD_REG_ES": 13.0, "COD_PRO_ES": 131.0, "COD_COM_ES": 13127.0, "NOM_COM_ES": "RECOLETA", "COD_DEPROV": 137.0, "NOM_DEPROV": "SANTIAGO NORTE", "DEPENDENCI": 1.0, "RURAL_ESTA": 0.0, "ESTADO_EST": 1.0, "SC_MEN_SI": 0.0, "SC_MEN_H": 0.0, "SC_MEN_M": 0.0, "SC_MAY_H": 0.0, "SC_MAY_M": 0.0, "MED_MEN_SI": 0.0, "MED_MEN_H": 0.0, "MED_MEN_M": 0.0, "MED_MAY_SI": 0.0, "MED_MAY_H": 0.0, "MED_MAY_M": 0.0, "NT1_SI": 0.0, "NT1_H": 36.0, "NT1_M": 34.0, "NT2_SI": 0.0, "NT2_H": 32.0, "NT2_M": 38.0, "N_TOTAL": 140.0, "DIRECCION": "AVENIDA RECOLETA", "NUMERO": 480.0, "REFERENCIA": "COSTADO CLINICA DAVILA", "LATITUD": -33.427009, "LONGITUD": -70.646698, "centroide_x": 346909.22648518987, "centroide_y": 6300161.0620331541, "crs_original": "EPSG:4326", "fecha_normalizacion": "2025-10-10 01:59:23" }, "geometry": { "type": "Point", "coordinates": [ 346909.226485189865343, 6300161.062033154070377 ] } },
{ "type": "Feature", "properties": { "AGNO": 2021.0, "ID_ESTAB": 8547.0, "ORIGEN": 1.0, "NOM_ESTAB": "ESCUELA NUEVA ZELANDIA", "COD_REG_ES": 13.0, "COD_PRO_ES": 131.0, "COD_COM_ES": 13108.0, "NOM_COM_ES": "INDEPENDENCIA", "COD_DEPROV": 137.0, "NOM_DEPROV": "SANTIAGO NORTE", "DEPENDENCI": 1.0, "RURAL_ESTA": 0.0, "ESTADO_EST": 1.0, "SC_MEN_SI": 0.0, "SC_MEN_H": 0.0, "SC_MEN_M": 0.0, "SC_MAY_H": 0.0, "SC_MAY_M": 0.0, "MED_MEN_SI": 0.0, "MED_MEN_H": 0.0, "MED_MEN_M": 0.0, "MED_MAY_SI": 0.0, "MED_MAY_H": 0.0, "MED_MAY_M": 0.0, "NT1_SI": 0.0, "NT1_H": 19.0, "NT1_M": 11.0, "NT2_SI": 0.0, "NT2_H": 12.0, "NT2_M": 20.0, "N_TOTAL": 62.0, "DIRECCION": "GAMERO", "NUMERO": 2722.0, "REFERENCIA": "SARA GAJARDO CON GAMERO", "LATITUD": -33.422018, "LONGITUD": -70.671783, "centroide_x": 344567.95125860051, "centroide_y": 6300677.2462146915, "crs_original": "EPSG:4326", "fecha_normalizacion": "2025-10-10 01:59:23" }, "geometry": { "type": "Point", "coordinates": [ 344567.951258600514848, 6300677.24621469154954 ] } },
{ "type": "Feature", "properties": { "AGNO": 2021.0, "ID_ESTAB": 8548.0, "ORIGEN": 1.0, "NOM_ESTAB": "ESCUELA BASICA DR LUIS CALVO MACKENNA", "COD_REG_ES": 13.0, "COD_PRO_ES": 131.0, "COD_COM_ES": 13101.0, "NOM_COM_ES": "SANTIAGO", "COD_DEPROV": 131.0, "NOM_DEPROV": "SANTIAGO CENTRO", "DEPENDENCI": 1.0, "RURAL_ESTA": 0.0, "ESTADO_EST": 1.0, "SC_MEN_SI": 0.0, "SC_MEN_H": 0.0, "SC_MEN_M": 0.0, "SC_MAY_H": 0.0, "SC_MAY_M": 0.0, "MED_MEN_SI": 0.0, "MED_MEN_H": 0.0, "MED_MEN_M": 0.0, "MED_MAY_SI": 0.0, "MED_MAY_H": 0.0, "MED_MAY_M": 0.0, "NT1_SI": 0.0, "NT1_H": 0.0, "NT1_M": 0.0, "NT2_SI": 0.0, "NT2_H": 41.0, "NT2_M": 26.0, "N_TOTAL": 67.0, "DIRECCION": "AVENIDA RICARDO CUMMING", "NUMERO": 735.0, "REFERENCIA": "METRO ESTACIÓN CUMMING", "LATITUD": -33.435776, "LONGITUD": -70.668694, "centroide_x": 344879.64901914174, "centroide_y": 6299156.3331997823, "crs_original": "EPSG:4326", "fecha_normalizacion": "2025-10-10 01:59:23" }, "geometry": { "type": "Point", "coordinates": [ 344879.6490191417397, 6299156.333199782297015 ] } },
{ "type": "Feature", "properties": { "AGNO": 2021.0, "ID_ESTAB": 8549.0, "ORIGEN": 1.0, "NOM_ESTAB": "ESCUELA FERNANDO ALESSANDRI RODRIGUEZ", "COD_REG_ES": 13.0, "COD_PRO_ES": 131.0, "COD_COM_ES": 13101.0, "NOM_COM_ES": "SANTIAGO", "COD_DEPROV": 131.0, "NOM_DEPROV": "SANTIAGO CENTRO", "DEPENDENCI": 1.0, "RURAL_ESTA": 0.0, "ESTADO_EST": 1.0, "SC_MEN_SI": 0.0, "SC_MEN_H": 0.0, "SC_MEN_M": 0.0, "SC_MAY_H": 0.0, "SC_MAY_M": 0.0, "MED_MEN_SI": 0.0, "MED_MEN_H": 0.0, "MED_MEN_M": 0.0, "MED_MAY_SI": 0.0, "MED_MAY_H": 0.0, "MED_MAY_M": 0.0, "NT1_SI": 0.0, "NT1_H": 14.0, "NT1_M": 10.0, "NT2_SI": 0.0, "NT2_H": 19.0, "NT2_M": 13.0, "N_TOTAL": 56.0, "DIRECCION": "LORD COCHRANE", "NUMERO": 850.0, "REFERENCIA": "TRES CUADRAS AL NORTE DE AVENIDA MATTA.", "LATITUD": -33.456773, "LONGITUD": -70.653663, "centroide_x": 346314.17121616553, "centroide_y": 6296850.4274963178, "crs_original": "EPSG:4326", "fecha_normalizacion": "2025-10-10 01:59:23" }, "geometry": { "type": "Point", "coordinates": [ 346314.171216165530495, 6296850.427496317774057 ] } },
{ "type": "Feature", "properties": { "AGNO": 2021.0, "ID_ESTAB": 8561.0, "ORIGEN": 1.0, "NOM_ESTAB": "ESCUELA REPUBLICA DE ALEMANIA", "COD_REG_ES": 13.0, "COD_PRO_ES": 131.0, "COD_COM_ES": 13101.0, "NOM_COM_ES": "SANTIAGO", "COD_DEPROV": 131.0, "NOM_DEPROV": "SANTIAGO CENTRO", "DEPENDENCI": 1.0, "RURAL_ESTA": 0.0, "ESTADO_EST": 1.0, "SC_MEN_SI": 0.0, "SC_MEN_H": 0.0, "SC_MEN_M": 0.0, "SC_MAY_H": 0.0, "SC_MAY_M": 0.0, "MED_MEN_SI": 0.0, "MED_MEN_H": 0.0, "MED_MEN_M": 0.0, "MED_MAY_SI": 0.0, "MED_MAY_H": 0.0, "MED_MAY_M": 0.0, "NT1_SI": 0.0, "NT1_H": 18.0, "NT1_M": 16.0, "NT2_SI": 0.0, "NT2_H": 15.0, "NT2_M": 19.0, "N_TOTAL": 68.0, "DIRECCION": "LIBERTAD", "NUMERO": 1242.0, "REFERENCIA": "CALLE MAPOCHO ALTURA DEL 2800", "LATITUD": -33.431464, "LONGITUD": -70.675497, "centroide_x": 344239.46829861333, "centroide_y": 6299624.2908082809, "crs_original": "EPSG:4326", "fecha_normalizacion": "2025-10-10 01:59:23" }, "geometry": { "type": "Point", "coordinates": [ 344239.468298613326624, 6299624.290808280929923 ] } },
{ "type": "Feature", "properties": { "AGNO": 2021.0, "ID_ESTAB": 8562.0, "ORIGEN": 1.0, "NOM_ESTAB": "CIUDAD SANTIAGO DE CHILE", "COD_REG_ES": 13.0, "COD_PRO_ES": 131.0, "COD_COM_ES": 13101.0, "NOM_COM_ES": "SANTIAGO", "COD_DEPROV": 131.0, "NOM_DEPROV": "SANTIAGO CENTRO", "DEPENDENCI": 1.0, "RURAL_ESTA": 0.0, "ESTADO_EST": 1.0, "SC_MEN_SI": 0.0, "SC_MEN_H": 0.0, "SC_MEN_M": 0.0, "SC_MAY_H": 0.0, "SC_MAY_M": 0.0, "MED_MEN_SI": 0.0, "MED_MEN_H": 0.0, "MED_MEN_M": 0.0, "MED_MAY_SI": 0.0, "MED_MAY_H": 0.0, "MED_MAY_M": 0.0, "NT1_SI": 0.0, "NT1_H": 18.0, "NT1_M": 14.0, "NT2_SI": 0.0, "NT2_H": 13.0, "NT2_M": 18.0, "N_TOTAL": 63.0, "DIRECCION": "SANTIAGUILLO", "NUMERO": 1053.0, "REFERENCIA": "SANTIAGUILLO, ENTRE ARTURO PRAT Y SAN DIEGO", "LATITUD": -33.460927, "LONGITUD": -70.648042, "centroide_x": 346843.90473807091, "centroide_y": 6296398.0552456472, "crs_original": "EPSG:4326", "fecha_normalizacion": "2025-10-10 01:59:23" }, "geometry": { "type": "Point", "coordinates": [ 346843.904738070908934, 6296398.055245647206903 ] } },
{ "type": "Feature", "properties": { "AGNO": 2021.0, "ID_ESTAB": 8564.0, "ORIGEN": 1.0, "NOM_ESTAB": "ESCUELA BASICA REINO DE NORUEGA", "COD_REG_ES": 13.0, "COD_PRO_ES": 131.0, "COD_COM_ES": 13126.0, "NOM_COM_ES": "QUINTA NORMAL", "COD_DEPROV": 134.0, "NOM_DEPROV": "SANTIAGO PONIENTE", "DEPENDENCI": 1.0, "RURAL_ESTA": 0.0, "ESTADO_EST": 1.0, "SC_MEN_SI": 0.0, "SC_MEN_H": 0.0, "SC_MEN_M": 0.0, "SC_MAY_H": 0.0, "SC_MAY_M": 0.0, "MED_MEN_SI": 0.0, "MED_MEN_H": 0.0, "MED_MEN_M": 0.0, "MED_MAY_SI": 0.0, "MED_MAY_H": 0.0, "MED_MAY_M": 0.0, "NT1_SI": 0.0, "NT1_H": 36.0, "NT1_M": 29.0, "NT2_SI": 0.0, "NT2_H": 32.0, "NT2_M": 33.0, "N_TOTAL": 130.0, "DIRECCION": "POETA PEDRO PRADO", "NUMERO": 1197.0, "REFERENCIA": null, "LATITUD": -33.432274, "LONGITUD": -70.687949, "centroide_x": 343083.27539144852, "centroide_y": 6299515.7123219259, "crs_original": "EPSG:4326", "fecha_normalizacion": "2025-10-10 01:59:23" }, "geometry": { "type": "Point", "coordinates": [ 343083.275391448521987, 6299515.712321925908327 ] } },
{ "type": "Feature", "properties": { "AGNO": 2021.0, "ID_ESTAB": 8572.0, "ORIGEN": 1.0, "NOM_ESTAB": "ESCUELA BASICA CAMILO MORI", "COD_REG_ES": 13.0, "COD_PRO_ES": 131.0, "COD_COM_ES": 13108.0, "NOM_COM_ES": "INDEPENDENCIA", "COD_DEPROV": 137.0, "NOM_DEPROV": "SANTIAGO NORTE", "DEPENDENCI": 1.0, "RURAL_ESTA": 0.0, "ESTADO_EST": 1.0, "SC_MEN_SI": 0.0, "SC_MEN_H": 0.0, "SC_MEN_M": 0.0, "SC_MAY_H": 0.0, "SC_MAY_M": 0.0, "MED_MEN_SI": 0.0, "MED_MEN_H": 0.0, "MED_MEN_M": 0.0, "MED_MAY_SI": 0.0, "MED_MAY_H": 0.0, "MED_MAY_M": 0.0, "NT1_SI": 0.0, "NT1_H": 0.0, "NT1_M": 0.0, "NT2_SI": 0.0, "NT2_H": 16.0, "NT2_M": 18.0, "N_TOTAL": 34.0, "DIRECCION": "BALDOMERO FLORES", "NUMERO": 2046.0, "REFERENCIA": "GAMERO - EL PINO", "LATITUD": -33.424567, "LONGITUD": -70.666934, "centroide_x": 345023.41983834165, "centroide_y": 6300401.8580928594, "crs_original": "EPSG:4326", "fecha_normalizacion": "2025-10-10 01:59:23" }, "geometry": { "type": "Point", "coordinates": [ 345023.419838341651484, 6300401.858092859387398 ] } },
{ "type": "Feature", "properties": { "AGNO": 2021.0, "ID_ESTAB": 8581.0, "ORIGEN": 1.0, "NOM_ESTAB": "ESCUELA BÁSICA F Nº 64", "COD_REG_ES": 13.0, "COD_PRO_ES": 131.0, "COD_COM_ES": 13101.0, "NOM_COM_ES": "SANTIAGO", "COD_DEPROV": 131.0, "NOM_DEPROV": "SANTIAGO CENTRO", "DEPENDENCI": 1.0, "RURAL_ESTA": 0.0, "ESTADO_EST": 1.0, "SC_MEN_SI": 0.0, "SC_MEN_H": 0.0, "SC_MEN_M": 0.0, "SC_MAY_H": 0.0, "SC_MAY_M": 0.0, "MED_MEN_SI": 0.0, "MED_MEN_H": 0.0, "MED_MEN_M": 0.0, "MED_MAY_SI": 0.0, "MED_MAY_H": 0.0, "MED_MAY_M": 0.0, "NT1_SI": 0.0, "NT1_H": 21.0, "NT1_M": 7.0, "NT2_SI": 0.0, "NT2_H": 14.0, "NT2_M": 14.0, "N_TOTAL": 56.0, "DIRECCION": "LORD COCHRANE", "NUMERO": 1487.0, "REFERENCIA": "CALLE LORD COCHRANE ENTRE VICTORIA Y PEDRO LAGOS", "LATITUD": -33.466155, "LONGITUD": -70.652762, "centroide_x": 346414.41028687696, "centroide_y": 6295811.3415768472, "crs_original": "EPSG:4326", "fecha_normalizacion": "2025-10-10 01:59:23" }, "geometry": { "type": "Point", "coordinates": [ 346414.41028687695507, 6295811.341576847247779 ] } },
{ "type": "Feature", "properties": { "AGNO": 2021.0, "ID_ESTAB": 8586.0, "ORIGEN": 1.0, "NOM_ESTAB": "ESCUELA DIFERENCIAL JUAN SANDOVAL C", "COD_REG_ES": 13.0, "COD_PRO_ES": 131.0, "COD_COM_ES": 13101.0, "NOM_COM_ES": "SANTIAGO", "COD_DEPROV": 131.0, "NOM_DEPROV": "SANTIAGO CENTRO", "DEPENDENCI": 1.0, "RURAL_ESTA": 0.0, "ESTADO_EST": 1.0, "SC_MEN_SI": 0.0, "SC_MEN_H": 0.0, "SC_MEN_M": 0.0, "SC_MAY_H": 0.0, "SC_MAY_M": 0.0, "MED_MEN_SI": 0.0, "MED_MEN_H": 9.0, "MED_MEN_M": 12.0, "MED_MAY_SI": 0.0, "MED_MAY_H": 11.0, "MED_MAY_M": 5.0, "NT1_SI": 0.0, "NT1_H": 13.0, "NT1_M": 7.0, "NT2_SI": 0.0, "NT2_H": 8.0, "NT2_M": 3.0, "N_TOTAL": 68.0, "DIRECCION": "LORD COCHRANE", "NUMERO": 1819.0, "REFERENCIA": "ÑUBLE CON  LORD COCHRANNE   METRO  LINEA 2  RONDIZZONNI  HACIA LA CORDILLERA", "LATITUD": -33.47032, "LONGITUD": -70.65161, "centroide_x": 346528.86039280728, "centroide_y": 6295351.24114912, "crs_original": "EPSG:4326", "fecha_normalizacion": "2025-10-10 01:59:23" }, "geometry": { "type": "Point", "coordinates": [ 346528.86039280728437, 6295351.241149120032787 ] } },
{ "type": "Feature", "properties": { "AGNO": 2021.0, "ID_ESTAB": 8604.0, "ORIGEN": 1.0, "NOM_ESTAB": "COLEGIO SANTA CRUZ", "COD_REG_ES": 13.0, "COD_PRO_ES": 131.0, "COD_COM_ES": 13101.0, "NOM_COM_ES": "SANTIAGO", "COD_DEPROV": 131.0, "NOM_DEPROV": "SANTIAGO CENTRO", "DEPENDENCI": 2.0, "RURAL_ESTA": 0.0, "ESTADO_EST": 1.0, "SC_MEN_SI": 0.0, "SC_MEN_H": 0.0, "SC_MEN_M": 0.0, "SC_MAY_H": 0.0, "SC_MAY_M": 0.0, "MED_MEN_SI": 0.0, "MED_MEN_H": 0.0, "MED_MEN_M": 0.0, "MED_MAY_SI": 0.0, "MED_MAY_H": 0.0, "MED_MAY_M": 0.0, "NT1_SI": 0.0, "NT1_H": 0.0, "NT1_M": 0.0, "NT2_SI": 0.0, "NT2_H": 35.0, "NT2_M": 35.0, "N_TOTAL": 70.0, "DIRECCION": "NATANIEL COX", "NUMERO": 1379.0, "REFERENCIA": "TRES CUADRAS AL SUR DE LA AVENIDA MATTA", "LATITUD": -33.463417, "LONGITUD": -70.651243, "centroide_x": 346550.79981655593, "centroide_y": 6296117.1816433156, "crs_original": "EPSG:4326", "fecha_normalizacion": "2025-10-10 01:59:23" }, "geometry": { "type": "Point", "coordinates": [ 346550.799816555925645, 6296117.181643315590918 ] } },
{ "type": "Feature", "properties": { "AGNO": 2021.0, "ID_ESTAB": 8609.0, "ORIGEN": 1.0, "NOM_ESTAB": "COLEGIO SAN IGNACIO", "COD_REG_ES": 13.0, "COD_PRO_ES": 131.0, "COD_COM_ES": 13101.0, "NOM_COM_ES": "SANTIAGO", "COD_DEPROV": 131.0, "NOM_DEPROV": "SANTIAGO CENTRO", "DEPENDENCI": 3.0, "RURAL_ESTA": 0.0, "ESTADO_EST": 1.0, "SC_MEN_SI": 0.0, "SC_MEN_H": 0.0, "SC_MEN_M": 0.0, "SC_MAY_H": 0.0, "SC_MAY_M": 0.0, "MED_MEN_SI": 0.0, "MED_MEN_H": 0.0, "MED_MEN_M": 0.0, "MED_MAY_SI": 0.0, "MED_MAY_H": 0.0, "MED_MAY_M": 0.0, "NT1_SI": 0.0, "NT1_H": 54.0, "NT1_M": 54.0, "NT2_SI": 0.0, "NT2_H": 55.0, "NT2_M": 51.0, "N_TOTAL": 214.0, "DIRECCION": "P ALONSO DE OVALLE", "NUMERO": 1452.0, "REFERENCIA": "ENTRE SAN IGNACIO Y LORD COCHRANNE A UNA CUADRA DE LA ALAMEDA, METRO MONEDA.", "LATITUD": -33.447065, "LONGITUD": -70.65616, "centroide_x": 346064.91145687882, "centroide_y": 6297923.1753876787, "crs_original": "EPSG:4326", "fecha_normalizacion": "2025-10-10 01:59:23" }, "geometry": { "type": "Point", "coordinates": [ 346064.9114568788209, 6297923.175387678667903 ] } },
{ "type": "Feature", "properties": { "AGNO": 2021.0, "ID_ESTAB": 8611.0, "ORIGEN": 1.0, "NOM_ESTAB": "COLEGIO NUESTRA SENORA DE ANDACOLLO", "COD_REG_ES": 13.0, "COD_PRO_ES": 131.0, "COD_COM_ES": 13101.0, "NOM_COM_ES": "SANTIAGO", "COD_DEPROV": 131.0, "NOM_DEPROV": "SANTIAGO CENTRO", "DEPENDENCI": 2.0, "RURAL_ESTA": 0.0, "ESTADO_EST": 1.0, "SC_MEN_SI": 0.0, "SC_MEN_H": 0.0, "SC_MEN_M": 0.0, "SC_MAY_H": 0.0, "SC_MAY_M": 0.0, "MED_MEN_SI": 0.0, "MED_MEN_H": 0.0, "MED_MEN_M": 0.0, "MED_MAY_SI": 0.0, "MED_MAY_H": 0.0, "MED_MAY_M": 0.0, "NT1_SI": 0.0, "NT1_H": 0.0, "NT1_M": 0.0, "NT2_SI": 0.0, "NT2_H": 39.0, "NT2_M": 31.0, "N_TOTAL": 70.0, "DIRECCION": "MAPOCHO", "NUMERO": 2341.0, "REFERENCIA": null, "LATITUD": -33.431892, "LONGITUD": -70.669873, "centroide_x": 344763.1504980498, "centroide_y": 6299585.2134315446, "crs_original": "EPSG:4326", "fecha_normalizacion": "2025-10-10 01:59:23" }, "geometry": { "type": "Point", "coordinates": [ 344763.150498049799353, 6299585.213431544601917 ] } },
{ "type": "Feature", "properties": { "AGNO": 2021.0, "ID_ESTAB": 8620.0, "ORIGEN": 1.0, "NOM_ESTAB": "COLEGIO SAN SEBASTIAN", "COD_REG_ES": 13.0, "COD_PRO_ES": 131.0, "COD_COM_ES": 13101.0, "NOM_COM_ES": "SANTIAGO", "COD_DEPROV": 131.0, "NOM_DEPROV": "SANTIAGO CENTRO", "DEPENDENCI": 2.0, "RURAL_ESTA": 0.0, "ESTADO_EST": 1.0, "SC_MEN_SI": 0.0, "SC_MEN_H": 0.0, "SC_MEN_M": 0.0, "SC_MAY_H": 0.0, "SC_MAY_M": 0.0, "MED_MEN_SI": 0.0, "MED_MEN_H": 0.0, "MED_MEN_M": 0.0, "MED_MAY_SI": 0.0, "MED_MAY_H": 0.0, "MED_MAY_M": 0.0, "NT1_SI": 0.0, "NT1_H": 0.0, "NT1_M": 0.0, "NT2_SI": 0.0, "NT2_H": 17.0, "NT2_M": 15.0, "N_TOTAL": 32.0, "DIRECCION": "SANTO DOMINGO", "NUMERO": 2078.0, "REFERENCIA": "SANTO DOMINGO ENTRE BRASIL Y BAQUEDANO", "LATITUD": -33.437793, "LONGITUD": -70.665594, "centroide_x": 345171.46691307996, "centroide_y": 6298937.3520624433, "crs_original": "EPSG:4326", "fecha_normalizacion": "2025-10-10 01:59:23" }, "geometry": { "type": "Point", "coordinates": [ 345171.46691307995934, 6298937.352062443271279 ] } },
{ "type": "Feature", "properties": { "AGNO": 2021.0, "ID_ESTAB": 8627.0, "ORIGEN": 1.0, "NOM_ESTAB": "COLEGIO SANTA MARIA DE SANTIAGO", "COD_REG_ES": 13.0, "COD_PRO_ES": 131.0, "COD_COM_ES": 13101.0, "NOM_COM_ES": "SANTIAGO", "COD_DEPROV": 131.0, "NOM_DEPROV": "SANTIAGO CENTRO", "DEPENDENCI": 2.0, "RURAL_ESTA": 0.0, "ESTADO_EST": 1.0, "SC_MEN_SI": 0.0, "SC_MEN_H": 0.0, "SC_MEN_M": 0.0, "SC_MAY_H": 0.0, "SC_MAY_M": 0.0, "MED_MEN_SI": 0.0, "MED_MEN_H": 0.0, "MED_MEN_M": 0.0, "MED_MAY_SI": 0.0, "MED_MAY_H": 0.0, "MED_MAY_M": 0.0, "NT1_SI": 0.0, "NT1_H": 59.0, "NT1_M": 66.0, "NT2_SI": 0.0, "NT2_H": 63.0, "NT2_M": 70.0, "N_TOTAL": 258.0, "DIRECCION": "SANTA ROSA", "NUMERO": 629.0, "REFERENCIA": "ENTRE AVENIDA 10 DE JULIO Y EYZAGUIRRE", "LATITUD": -33.45235, "LONGITUD": -70.644255, "centroide_x": 347180.80709799298, "centroide_y": 6297354.7072185446, "crs_original": "EPSG:4326", "fecha_normalizacion": "2025-10-10 01:59:23" }, "geometry": { "type": "Point", "coordinates": [ 347180.807097992976196, 6297354.707218544557691 ] } },
{ "type": "Feature", "properties": { "AGNO": 2021.0, "ID_ESTAB": 8629.0, "ORIGEN": 1.0, "NOM_ESTAB": "COLEGIO POLITÉCNICO SANTA ANA", "COD_REG_ES": 13.0, "COD_PRO_ES": 131.0, "COD_COM_ES": 13126.0, "NOM_COM_ES": "QUINTA NORMAL", "COD_DEPROV": 134.0, "NOM_DEPROV": "SANTIAGO PONIENTE", "DEPENDENCI": 2.0, "RURAL_ESTA": 0.0, "ESTADO_EST": 1.0, "SC_MEN_SI": 0.0, "SC_MEN_H": 0.0, "SC_MEN_M": 0.0, "SC_MAY_H": 0.0, "SC_MAY_M": 0.0, "MED_MEN_SI": 0.0, "MED_MEN_H": 0.0, "MED_MEN_M": 0.0, "MED_MAY_SI": 0.0, "MED_MAY_H": 0.0, "MED_MAY_M": 0.0, "NT1_SI": 0.0, "NT1_H": 0.0, "NT1_M": 0.0, "NT2_SI": 0.0, "NT2_H": 0.0, "NT2_M": 49.0, "N_TOTAL": 49.0, "DIRECCION": "SAN PABLO", "NUMERO": 3850.0, "REFERENCIA": "METRO GRUTA DE LOURDES, SALIDA A SAN PABLO HACIA EL ESTE.", "LATITUD": -33.437399, "LONGITUD": -70.687712, "centroide_x": 343114.53710682027, "centroide_y": 6298947.8368063178, "crs_original": "EPSG:4326", "fecha_normalizacion": "2025-10-10 01:59:23" }, "geometry": { "type": "Point", "coordinates": [ 343114.537106820265763, 6298947.836806317791343 ] } },
{ "type": "Feature", "properties": { "AGNO": 2021.0, "ID_ESTAB": 8649.0, "ORIGEN": 1.0, "NOM_ESTAB": "COLEGIO LORENZO SAZIE", "COD_REG_ES": 13.0, "COD_PRO_ES": 131.0, "COD_COM_ES": 13101.0, "NOM_COM_ES": "SANTIAGO", "COD_DEPROV": 131.0, "NOM_DEPROV": "SANTIAGO CENTRO", "DEPENDENCI": 2.0, "RURAL_ESTA": 0.0, "ESTADO_EST": 1.0, "SC_MEN_SI": 0.0, "SC_MEN_H": 0.0, "SC_MEN_M": 0.0, "SC_MAY_H": 0.0, "SC_MAY_M": 0.0, "MED_MEN_SI": 0.0, "MED_MEN_H": 0.0, "MED_MEN_M": 0.0, "MED_MAY_SI": 0.0, "MED_MAY_H": 0.0, "MED_MAY_M": 0.0, "NT1_SI": 0.0, "NT1_H": 12.0, "NT1_M": 23.0, "NT2_SI": 0.0, "NT2_H": 24.0, "NT2_M": 16.0, "N_TOTAL": 75.0, "DIRECCION": "ALMIRANTE LATORRE", "NUMERO": 160.0, "REFERENCIA": "METRO ESTACIÓN REPÚBLICA.", "LATITUD": -33.449611, "LONGITUD": -70.664568, "centroide_x": 345287.89474790206, "centroide_y": 6297628.3262357228, "crs_original": "EPSG:4326", "fecha_normalizacion": "2025-10-10 01:59:23" }, "geometry": { "type": "Point", "coordinates": [ 345287.894747902057134, 6297628.326235722750425 ] } },
{ "type": "Feature", "properties": { "AGNO": 2021.0, "ID_ESTAB": 8652.0, "ORIGEN": 1.0, "NOM_ESTAB": "COLEGIO SAN ANTONIO", "COD_REG_ES": 13.0, "COD_PRO_ES": 131.0, "COD_COM_ES": 13101.0, "NOM_COM_ES": "SANTIAGO", "COD_DEPROV": 131.0, "NOM_DEPROV": "SANTIAGO CENTRO", "DEPENDENCI": 2.0, "RURAL_ESTA": 0.0, "ESTADO_EST": 1.0, "SC_MEN_SI": 0.0, "SC_MEN_H": 0.0, "SC_MEN_M": 0.0, "SC_MAY_H": 0.0, "SC_MAY_M": 0.0, "MED_MEN_SI": 0.0, "MED_MEN_H": 0.0, "MED_MEN_M": 0.0, "MED_MAY_SI": 0.0, "MED_MAY_H": 0.0, "MED_MAY_M": 0.0, "NT1_SI": 0.0, "NT1_H": 0.0, "NT1_M": 0.0, "NT2_SI": 0.0, "NT2_H": 39.0, "NT2_M": 40.0, "N_TOTAL": 79.0, "DIRECCION": "SANTO DOMINGO", "NUMERO": 2314.0, "REFERENCIA": "METRO CUMMING LINEA 5 HACIA EL NORTE", "LATITUD": -33.437798, "LONGITUD": -70.669231, "centroide_x": 344833.33708838187, "centroide_y": 6298931.3015874457, "crs_original": "EPSG:4326", "fecha_normalizacion": "2025-10-10 01:59:23" }, "geometry": { "type": "Point", "coordinates": [ 344833.337088381871581, 6298931.301587445661426 ] } },
{ "type": "Feature", "properties": { "AGNO": 2021.0, "ID_ESTAB": 8658.0, "ORIGEN": 1.0, "NOM_ESTAB": "COLEGIO FRANCISCO ARRIARAN", "COD_REG_ES": 13.0, "COD_PRO_ES": 131.0, "COD_COM_ES": 13101.0, "NOM_COM_ES": "SANTIAGO", "COD_DEPROV": 131.0, "NOM_DEPROV": "SANTIAGO CENTRO", "DEPENDENCI": 2.0, "RURAL_ESTA": 0.0, "ESTADO_EST": 1.0, "SC_MEN_SI": 0.0, "SC_MEN_H": 0.0, "SC_MEN_M": 0.0, "SC_MAY_H": 0.0, "SC_MAY_M": 0.0, "MED_MEN_SI": 0.0, "MED_MEN_H": 0.0, "MED_MEN_M": 0.0, "MED_MAY_SI": 0.0, "MED_MAY_H": 0.0, "MED_MAY_M": 0.0, "NT1_SI": 0.0, "NT1_H": 0.0, "NT1_M": 0.0, "NT2_SI": 0.0, "NT2_H": 0.0, "NT2_M": 90.0, "N_TOTAL": 90.0, "DIRECCION": "AVENIDA MANUEL ANTONIO MATTA", "NUMERO": 1089.0, "REFERENCIA": "AVENIDA MATTA ESQUINA SAN DIEGO, ESQUINA NOR-ORIENTE", "LATITUD": -33.459191, "LONGITUD": -70.648872, "centroide_x": 346763.75070032867, "centroide_y": 6296589.3551324848, "crs_original": "EPSG:4326", "fecha_normalizacion": "2025-10-10 01:59:23" }, "geometry": { "type": "Point", "coordinates": [ 346763.750700328673702, 6296589.355132484808564 ] } },
{ "type": "Feature", "properties": { "AGNO": 2021.0, "ID_ESTAB": 8659.0, "ORIGEN": 1.0, "NOM_ESTAB": "ESCUELA PARTICULAR FRANCISCO ANDRES OLEA", "COD_REG_ES": 13.0, "COD_PRO_ES": 131.0, "COD_COM_ES": 13101.0, "NOM_COM_ES": "SANTIAGO", "COD_DEPROV": 131.0, "NOM_DEPROV": "SANTIAGO CENTRO", "DEPENDENCI": 2.0, "RURAL_ESTA": 0.0, "ESTADO_EST": 1.0, "SC_MEN_SI": 0.0, "SC_MEN_H": 0.0, "SC_MEN_M": 0.0, "SC_MAY_H": 0.0, "SC_MAY_M": 0.0, "MED_MEN_SI": 0.0, "MED_MEN_H": 0.0, "MED_MEN_M": 0.0, "MED_MAY_SI": 0.0, "MED_MAY_H": 0.0, "MED_MAY_M": 0.0, "NT1_SI": 0.0, "NT1_H": 44.0, "NT1_M": 26.0, "NT2_SI": 0.0, "NT2_H": 43.0, "NT2_M": 47.0, "N_TOTAL": 160.0, "DIRECCION": "AVENIDA MATTA", "NUMERO": 919.0, "REFERENCIA": "MATTA ESQUINA SERRANO, A PASOS DE SAN FRANCISCO (ESTE) Y A UNA CUADRA DE ARTURO PRAT (OESTE)", "LATITUD": -33.458723, "LONGITUD": -70.646512, "centroide_x": 346982.27436881384, "centroide_y": 6296644.7387125175, "crs_original": "EPSG:4326", "fecha_normalizacion": "2025-10-10 01:59:23" }, "geometry": { "type": "Point", "coordinates": [ 346982.274368813843466, 6296644.738712517544627 ] } },
{ "type": "Feature", "properties": { "AGNO": 2021.0, "ID_ESTAB": 8661.0, "ORIGEN": 1.0, "NOM_ESTAB": "ESCUELA PARTICULAR GUILLERMO MATTA", "COD_REG_ES": 13.0, "COD_PRO_ES": 131.0, "COD_COM_ES": 13101.0, "NOM_COM_ES": "SANTIAGO", "COD_DEPROV": 131.0, "NOM_DEPROV": "SANTIAGO CENTRO", "DEPENDENCI": 2.0, "RURAL_ESTA": 0.0, "ESTADO_EST": 1.0, "SC_MEN_SI": 0.0, "SC_MEN_H": 0.0, "SC_MEN_M": 0.0, "SC_MAY_H": 0.0, "SC_MAY_M": 0.0, "MED_MEN_SI": 0.0, "MED_MEN_H": 0.0, "MED_MEN_M": 0.0, "MED_MAY_SI": 0.0, "MED_MAY_H": 0.0, "MED_MAY_M": 0.0, "NT1_SI": 0.0, "NT1_H": 37.0, "NT1_M": 32.0, "NT2_SI": 0.0, "NT2_H": 63.0, "NT2_M": 26.0, "N_TOTAL": 158.0, "DIRECCION": "SANTA ROSA", "NUMERO": 1247.0, "REFERENCIA": "SANTA ROSA AL LLEGAR A AVENIDA MATTA. FRENTE AL HOSPITAL SAN BORJA ARRIARÁN.", "LATITUD": -33.46163, "LONGITUD": -70.642993, "centroide_x": 347314.45780746674, "centroide_y": 6296327.5315205865, "crs_original": "EPSG:4326", "fecha_normalizacion": "2025-10-10 01:59:23" }, "geometry": { "type": "Point", "coordinates": [ 347314.457807466736995, 6296327.531520586460829 ] } },
{ "type": "Feature", "properties": { "AGNO": 2021.0, "ID_ESTAB": 8663.0, "ORIGEN": 1.0, "NOM_ESTAB": "INSTITUTO HERMANOS MATTE", "COD_REG_ES": 13.0, "COD_PRO_ES": 131.0, "COD_COM_ES": 13101.0, "NOM_COM_ES": "SANTIAGO", "COD_DEPROV": 131.0, "NOM_DEPROV": "SANTIAGO CENTRO", "DEPENDENCI": 2.0, "RURAL_ESTA": 0.0, "ESTADO_EST": 1.0, "SC_MEN_SI": 0.0, "SC_MEN_H": 0.0, "SC_MEN_M": 0.0, "SC_MAY_H": 0.0, "SC_MAY_M": 0.0, "MED_MEN_SI": 0.0, "MED_MEN_H": 0.0, "MED_MEN_M": 0.0, "MED_MAY_SI": 0.0, "MED_MAY_H": 0.0, "MED_MAY_M": 0.0, "NT1_SI": 0.0, "NT1_H": 34.0, "NT1_M": 36.0, "NT2_SI": 0.0, "NT2_H": 41.0, "NT2_M": 48.0, "N_TOTAL": 159.0, "DIRECCION": "NATANIEL COX", "NUMERO": 2263.0, "REFERENCIA": "SALIDA DE METRO FRANKLIN, ESQUINA CALLE PLACER CON NATANIEL COX", "LATITUD": -33.475348, "LONGITUD": -70.649546, "centroide_x": 346729.48461542546, "centroide_y": 6294796.7439221684, "crs_original": "EPSG:4326", "fecha_normalizacion": "2025-10-10 01:59:23" }, "geometry": { "type": "Point", "coordinates": [ 346729.484615425462835, 6294796.743922168388963 ] } },
{ "type": "Feature", "properties": { "AGNO": 2021.0, "ID_ESTAB": 8665.0, "ORIGEN": 1.0, "NOM_ESTAB": "ESCUELA BASICA N°43 PATRONATO SAN ANTONIO", "COD_REG_ES": 13.0, "COD_PRO_ES": 131.0, "COD_COM_ES": 13101.0, "NOM_COM_ES": "SANTIAGO", "COD_DEPROV": 131.0, "NOM_DEPROV": "SANTIAGO CENTRO", "DEPENDENCI": 2.0, "RURAL_ESTA": 0.0, "ESTADO_EST": 1.0, "SC_MEN_SI": 0.0, "SC_MEN_H": 0.0, "SC_MEN_M": 0.0, "SC_MAY_H": 0.0, "SC_MAY_M": 0.0, "MED_MEN_SI": 0.0, "MED_MEN_H": 0.0, "MED_MEN_M": 0.0, "MED_MAY_SI": 0.0, "MED_MAY_H": 0.0, "MED_MAY_M": 0.0, "NT1_SI": 0.0, "NT1_H": 15.0, "NT1_M": 19.0, "NT2_SI": 0.0, "NT2_H": 18.0, "NT2_M": 16.0, "N_TOTAL": 68.0, "DIRECCION": "PEDRO LAGOS", "NUMERO": 536.0, "REFERENCIA": "POR CALLE CARMEN AL SUR, ALTURA DEL 1400.", "LATITUD": -33.46478, "LONGITUD": -70.63813, "centroide_x": 347771.877610025, "centroide_y": 6295985.4340865444, "crs_original": "EPSG:4326", "fecha_normalizacion": "2025-10-10 01:59:23" }, "geometry": { "type": "Point", "coordinates": [ 347771.877610024996102, 6295985.434086544439197 ] } },
{ "type": "Feature", "properties": { "AGNO": 2021.0, "ID_ESTAB": 8666.0, "ORIGEN": 1.0, "NOM_ESTAB": "COLEGIO SANTA ISABEL", "COD_REG_ES": 13.0, "COD_PRO_ES": 131.0, "COD_COM_ES": 13101.0, "NOM_COM_ES": "SANTIAGO", "COD_DEPROV": 131.0, "NOM_DEPROV": "SANTIAGO CENTRO", "DEPENDENCI": 2.0, "RURAL_ESTA": 0.0, "ESTADO_EST": 1.0, "SC_MEN_SI": 0.0, "SC_MEN_H": 0.0, "SC_MEN_M": 0.0, "SC_MAY_H": 0.0, "SC_MAY_M": 0.0, "MED_MEN_SI": 0.0, "MED_MEN_H": 0.0, "MED_MEN_M": 0.0, "MED_MAY_SI": 0.0, "MED_MAY_H": 0.0, "MED_MAY_M": 0.0, "NT1_SI": 0.0, "NT1_H": 14.0, "NT1_M": 21.0, "NT2_SI": 0.0, "NT2_H": 13.0, "NT2_M": 27.0, "N_TOTAL": 75.0, "DIRECCION": "SANTIAGO CONCHA", "NUMERO": 1775.0, "REFERENCIA": "UBICADO ENTRE MAULE Y ÑUBLE", "LATITUD": -33.467833, "LONGITUD": -70.638002, "centroide_x": 347789.10093172581, "centroide_y": 6295647.0323467292, "crs_original": "EPSG:4326", "fecha_normalizacion": "2025-10-10 01:59:23" }, "geometry": { "type": "Point", "coordinates": [ 347789.100931725814007, 6295647.032346729189157 ] } },
{ "type": "Feature", "properties": { "AGNO": 2021.0, "ID_ESTAB": 8674.0, "ORIGEN": 1.0, "NOM_ESTAB": "ESCUELA PARTICULAR SAN LAZARO", "COD_REG_ES": 13.0, "COD_PRO_ES": 131.0, "COD_COM_ES": 13101.0, "NOM_COM_ES": "SANTIAGO", "COD_DEPROV": 131.0, "NOM_DEPROV": "SANTIAGO CENTRO", "DEPENDENCI": 2.0, "RURAL_ESTA": 0.0, "ESTADO_EST": 1.0, "SC_MEN_SI": 0.0, "SC_MEN_H": 0.0, "SC_MEN_M": 0.0, "SC_MAY_H": 0.0, "SC_MAY_M": 0.0, "MED_MEN_SI": 0.0, "MED_MEN_H": 0.0, "MED_MEN_M": 0.0, "MED_MAY_SI": 0.0, "MED_MAY_H": 0.0, "MED_MAY_M": 0.0, "NT1_SI": 0.0, "NT1_H": 35.0, "NT1_M": 0.0, "NT2_SI": 0.0, "NT2_H": 45.0, "NT2_M": 0.0, "N_TOTAL": 80.0, "DIRECCION": "VERGARA", "NUMERO": 601.0, "REFERENCIA": "VERGARA CON GAY ESTACIÓN METRO TOESCA AL OESTE", "LATITUD": -33.454815, "LONGITUD": -70.66141, "centroide_x": 345590.62420397415, "centroide_y": 6297056.0491711851, "crs_original": "EPSG:4326", "fecha_normalizacion": "2025-10-10 01:59:23" }, "geometry": { "type": "Point", "coordinates": [ 345590.624203974148259, 6297056.04917118512094 ] } },
{ "type": "Feature", "properties": { "AGNO": 2021.0, "ID_ESTAB": 8675.0, "ORIGEN": 1.0, "NOM_ESTAB": "COLEGIO SANTA TERESITA DEL NINO JESUS", "COD_REG_ES": 13.0, "COD_PRO_ES": 131.0, "COD_COM_ES": 13101.0, "NOM_COM_ES": "SANTIAGO", "COD_DEPROV": 131.0, "NOM_DEPROV": "SANTIAGO CENTRO", "DEPENDENCI": 2.0, "RURAL_ESTA": 0.0, "ESTADO_EST": 1.0, "SC_MEN_SI": 0.0, "SC_MEN_H": 0.0, "SC_MEN_M": 0.0, "SC_MAY_H": 0.0, "SC_MAY_M": 0.0, "MED_MEN_SI": 0.0, "MED_MEN_H": 0.0, "MED_MEN_M": 0.0, "MED_MAY_SI": 0.0, "MED_MAY_H": 0.0, "MED_MAY_M": 0.0, "NT1_SI": 0.0, "NT1_H": 0.0, "NT1_M": 59.0, "NT2_SI": 0.0, "NT2_H": 1.0, "NT2_M": 67.0, "N_TOTAL": 127.0, "DIRECCION": "MATURANA", "NUMERO": 731.0, "REFERENCIA": "PARA LA ENTREGA DE TEXTOS SE SOLICITA EL INGRESO POR LA CALLE BAQUEDANO 762,LLAMAR A ALEJANDRA MARION GANZUR SANCHEZ 914478722 AL MOMENTO DE LA ENTREGA PARA QUE LES ABRA EL PORTÓN.", "LATITUD": -33.435387, "LONGITUD": -70.66578, "centroide_x": 345149.90900873701, "centroide_y": 6299203.8157660803, "crs_original": "EPSG:4326", "fecha_normalizacion": "2025-10-10 01:59:23" }, "geometry": { "type": "Point", "coordinates": [ 345149.90900873701321, 6299203.815766080282629 ] } },
{ "type": "Feature", "properties": { "AGNO": 2021.0, "ID_ESTAB": 8682.0, "ORIGEN": 1.0, "NOM_ESTAB": "COLEGIO RAFAEL SANHUEZA LIZARDI", "COD_REG_ES": 13.0, "COD_PRO_ES": 131.0, "COD_COM_ES": 13127.0, "NOM_COM_ES": "RECOLETA", "COD_DEPROV": 137.0, "NOM_DEPROV": "SANTIAGO NORTE", "DEPENDENCI": 2.0, "RURAL_ESTA": 0.0, "ESTADO_EST": 1.0, "SC_MEN_SI": 0.0, "SC_MEN_H": 0.0, "SC_MEN_M": 0.0, "SC_MAY_H": 0.0, "SC_MAY_M": 0.0, "MED_MEN_SI": 0.0, "MED_MEN_H": 0.0, "MED_MEN_M": 0.0, "MED_MAY_SI": 0.0, "MED_MAY_H": 0.0, "MED_MAY_M": 0.0, "NT1_SI": 0.0, "NT1_H": 38.0, "NT1_M": 32.0, "NT2_SI": 0.0, "NT2_H": 47.0, "NT2_M": 43.0, "N_TOTAL": 160.0, "DIRECCION": "EUSEBIO LILLO", "NUMERO": 479.0, "REFERENCIA": "EUSEBIO LILLO ESQUINA MANZANO", "LATITUD": -33.428584, "LONGITUD": -70.64462, "centroide_x": 347105.25755820388, "centroide_y": 6299989.5355555136, "crs_original": "EPSG:4326", "fecha_normalizacion": "2025-10-10 01:59:23" }, "geometry": { "type": "Point", "coordinates": [ 347105.2575582038844, 6299989.535555513575673 ] } },
{ "type": "Feature", "properties": { "AGNO": 2021.0, "ID_ESTAB": 8697.0, "ORIGEN": 1.0, "NOM_ESTAB": "COLEGIO ORATORIO DON BOSCO", "COD_REG_ES": 13.0, "COD_PRO_ES": 131.0, "COD_COM_ES": 13101.0, "NOM_COM_ES": "SANTIAGO", "COD_DEPROV": 131.0, "NOM_DEPROV": "SANTIAGO CENTRO", "DEPENDENCI": 2.0, "RURAL_ESTA": 0.0, "ESTADO_EST": 1.0, "SC_MEN_SI": 0.0, "SC_MEN_H": 0.0, "SC_MEN_M": 0.0, "SC_MAY_H": 0.0, "SC_MAY_M": 0.0, "MED_MEN_SI": 0.0, "MED_MEN_H": 0.0, "MED_MEN_M": 0.0, "MED_MAY_SI": 0.0, "MED_MAY_H": 0.0, "MED_MAY_M": 0.0, "NT1_SI": 0.0, "NT1_H": 24.0, "NT1_M": 35.0, "NT2_SI": 0.0, "NT2_H": 50.0, "NT2_M": 35.0, "N_TOTAL": 144.0, "DIRECCION": "SAN ISIDRO", "NUMERO": 886.0, "REFERENCIA": "SAN ISIDRO ESQUINA DE COQUIMBO", "LATITUD": -33.455036, "LONGITUD": -70.641555, "centroide_x": 347436.55384943052, "centroide_y": 6297060.820559538, "crs_original": "EPSG:4326", "fecha_normalizacion": "2025-10-10 01:59:23" }, "geometry": { "type": "Point", "coordinates": [ 347436.55384943052195, 6297060.82055953796953 ] } },
{ "type": "Feature", "properties": { "AGNO": 2021.0, "ID_ESTAB": 8721.0, "ORIGEN": 1.0, "NOM_ESTAB": "ESCUELA PARTICULAR ESPECIAL CEDIN", "COD_REG_ES": 13.0, "COD_PRO_ES": 131.0, "COD_COM_ES": 13101.0, "NOM_COM_ES": "SANTIAGO", "COD_DEPROV": 131.0, "NOM_DEPROV": "SANTIAGO CENTRO", "DEPENDENCI": 2.0, "RURAL_ESTA": 0.0, "ESTADO_EST": 1.0, "SC_MEN_SI": 0.0, "SC_MEN_H": 0.0, "SC_MEN_M": 0.0, "SC_MAY_H": 0.0, "SC_MAY_M": 0.0, "MED_MEN_SI": 0.0, "MED_MEN_H": 0.0, "MED_MEN_M": 0.0, "MED_MAY_SI": 0.0, "MED_MAY_H": 21.0, "MED_MAY_M": 7.0, "NT1_SI": 0.0, "NT1_H": 45.0, "NT1_M": 10.0, "NT2_SI": 0.0, "NT2_H": 28.0, "NT2_M": 13.0, "N_TOTAL": 124.0, "DIRECCION": "JOSE TORIBIO MEDINA", "NUMERO": 31.0, "REFERENCIA": "JOSE TORIBIO MEDINA  N°31-33 SANTIAGO", "LATITUD": -33.445538, "LONGITUD": -70.663345, "centroide_x": 345394.30324033764, "centroide_y": 6298081.8322864594, "crs_original": "EPSG:4326", "fecha_normalizacion": "2025-10-10 01:59:23" }, "geometry": { "type": "Point", "coordinates": [ 345394.30324033764191, 6298081.832286459393799 ] } },
{ "type": "Feature", "properties": { "AGNO": 2021.0, "ID_ESTAB": 8728.0, "ORIGEN": 1.0, "NOM_ESTAB": "COLEGIO GEORGE WASHINGTON", "COD_REG_ES": 13.0, "COD_PRO_ES": 131.0, "COD_COM_ES": 13108.0, "NOM_COM_ES": "INDEPENDENCIA", "COD_DEPROV": 137.0, "NOM_DEPROV": "SANTIAGO NORTE", "DEPENDENCI": 2.0, "RURAL_ESTA": 0.0, "ESTADO_EST": 1.0, "SC_MEN_SI": 0.0, "SC_MEN_H": 0.0, "SC_MEN_M": 0.0, "SC_MAY_H": 0.0, "SC_MAY_M": 0.0, "MED_MEN_SI": 0.0, "MED_MEN_H": 0.0, "MED_MEN_M": 0.0, "MED_MAY_SI": 0.0, "MED_MAY_H": 0.0, "MED_MAY_M": 0.0, "NT1_SI": 0.0, "NT1_H": 34.0, "NT1_M": 35.0, "NT2_SI": 0.0, "NT2_H": 31.0, "NT2_M": 39.0, "N_TOTAL": 139.0, "DIRECCION": "ECHEVERRIA", "NUMERO": 935.0, "REFERENCIA": "ENTRE AV. LA PAZ E INDEPENDENCIA", "LATITUD": -33.424924, "LONGITUD": -70.656301, "centroide_x": 346012.64520624268, "centroide_y": 6300378.1042546108, "crs_original": "EPSG:4326", "fecha_normalizacion": "2025-10-10 01:59:23" }, "geometry": { "type": "Point", "coordinates": [ 346012.645206242683344, 6300378.104254610836506 ] } },
{ "type": "Feature", "properties": { "AGNO": 2021.0, "ID_ESTAB": 8739.0, "ORIGEN": 1.0, "NOM_ESTAB": "ESCUELA PARTICULAR DIVINA MARIA", "COD_REG_ES": 13.0, "COD_PRO_ES": 131.0, "COD_COM_ES": 13101.0, "NOM_COM_ES": "SANTIAGO", "COD_DEPROV": 131.0, "NOM_DEPROV": "SANTIAGO CENTRO", "DEPENDENCI": 2.0, "RURAL_ESTA": 0.0, "ESTADO_EST": 1.0, "SC_MEN_SI": 0.0, "SC_MEN_H": 0.0, "SC_MEN_M": 0.0, "SC_MAY_H": 0.0, "SC_MAY_M": 0.0, "MED_MEN_SI": 0.0, "MED_MEN_H": 0.0, "MED_MEN_M": 0.0, "MED_MAY_SI": 0.0, "MED_MAY_H": 0.0, "MED_MAY_M": 0.0, "NT1_SI": 0.0, "NT1_H": 27.0, "NT1_M": 17.0, "NT2_SI": 0.0, "NT2_H": 19.0, "NT2_M": 25.0, "N_TOTAL": 88.0, "DIRECCION": "GARCIA REYES", "NUMERO": 734.0, "REFERENCIA": "GARCÍA REYES ENTRE SAN PABLO Y ROSAS", "LATITUD": -33.437198, "LONGITUD": -70.669748, "centroide_x": 344784.18707349373, "centroide_y": 6298997.0313511211, "crs_original": "EPSG:4326", "fecha_normalizacion": "2025-10-10 01:59:23" }, "geometry": { "type": "Point", "coordinates": [ 344784.18707349372562, 6298997.031351121142507 ] } },
{ "type": "Feature", "properties": { "AGNO": 2021.0, "ID_ESTAB": 8748.0, "ORIGEN": 1.0, "NOM_ESTAB": "COLEGIO INSTITUTO ALONSO DE ERCILLA", "COD_REG_ES": 13.0, "COD_PRO_ES": 131.0, "COD_COM_ES": 13101.0, "NOM_COM_ES": "SANTIAGO", "COD_DEPROV": 131.0, "NOM_DEPROV": "SANTIAGO CENTRO", "DEPENDENCI": 3.0, "RURAL_ESTA": 0.0, "ESTADO_EST": 1.0, "SC_MEN_SI": 0.0, "SC_MEN_H": 0.0, "SC_MEN_M": 0.0, "SC_MAY_H": 0.0, "SC_MAY_M": 0.0, "MED_MEN_SI": 0.0, "MED_MEN_H": 0.0, "MED_MEN_M": 0.0, "MED_MAY_SI": 0.0, "MED_MAY_H": 11.0, "MED_MAY_M": 11.0, "NT1_SI": 0.0, "NT1_H": 57.0, "NT1_M": 39.0, "NT2_SI": 0.0, "NT2_H": 49.0, "NT2_M": 55.0, "N_TOTAL": 222.0, "DIRECCION": "SANTO DOMINGO", "NUMERO": 2145.0, "REFERENCIA": "METRO CUMMING", "LATITUD": -33.43771, "LONGITUD": -70.66662, "centroide_x": 345075.94501742371, "centroide_y": 6298944.9748471789, "crs_original": "EPSG:4326", "fecha_normalizacion": "2025-10-10 01:59:23" }, "geometry": { "type": "Point", "coordinates": [ 345075.94501742371358, 6298944.974847178906202 ] } },
{ "type": "Feature", "properties": { "AGNO": 2021.0, "ID_ESTAB": 8754.0, "ORIGEN": 1.0, "NOM_ESTAB": "COLEGIO HISPANO AMERICANO", "COD_REG_ES": 13.0, "COD_PRO_ES": 131.0, "COD_COM_ES": 13101.0, "NOM_COM_ES": "SANTIAGO", "COD_DEPROV": 131.0, "NOM_DEPROV": "SANTIAGO CENTRO", "DEPENDENCI": 3.0, "RURAL_ESTA": 0.0, "ESTADO_EST": 1.0, "SC_MEN_SI": 0.0, "SC_MEN_H": 0.0, "SC_MEN_M": 0.0, "SC_MAY_H": 0.0, "SC_MAY_M": 0.0, "MED_MEN_SI": 0.0, "MED_MEN_H": 0.0, "MED_MEN_M": 0.0, "MED_MAY_SI": 0.0, "MED_MAY_H": 4.0, "MED_MAY_M": 6.0, "NT1_SI": 0.0, "NT1_H": 12.0, "NT1_M": 25.0, "NT2_SI": 0.0, "NT2_H": 41.0, "NT2_M": 22.0, "N_TOTAL": 110.0, "DIRECCION": "CARMEN", "NUMERO": 960.0, "REFERENCIA": null, "LATITUD": -33.455747, "LONGITUD": -70.63982, "centroide_x": 347599.02241227927, "centroide_y": 6296984.5484921187, "crs_original": "EPSG:4326", "fecha_normalizacion": "2025-10-10 01:59:23" }, "geometry": { "type": "Point", "coordinates": [ 347599.022412279271521, 6296984.54849211871624 ] } },
{ "type": "Feature", "properties": { "AGNO": 2021.0, "ID_ESTAB": 8757.0, "ORIGEN": 1.0, "NOM_ESTAB": "COLEGIO DE LOS SAGRADOS CORAZONES ALAMEDA", "COD_REG_ES": 13.0, "COD_PRO_ES": 131.0, "COD_COM_ES": 13101.0, "NOM_COM_ES": "SANTIAGO", "COD_DEPROV": 131.0, "NOM_DEPROV": "SANTIAGO CENTRO", "DEPENDENCI": 3.0, "RURAL_ESTA": 0.0, "ESTADO_EST": 1.0, "SC_MEN_SI": 0.0, "SC_MEN_H": 0.0, "SC_MEN_M": 0.0, "SC_MAY_H": 0.0, "SC_MAY_M": 0.0, "MED_MEN_SI": 0.0, "MED_MEN_H": 0.0, "MED_MEN_M": 0.0, "MED_MAY_SI": 0.0, "MED_MAY_H": 8.0, "MED_MAY_M": 10.0, "NT1_SI": 0.0, "NT1_H": 34.0, "NT1_M": 35.0, "NT2_SI": 0.0, "NT2_H": 61.0, "NT2_M": 60.0, "N_TOTAL": 208.0, "DIRECCION": "AVENIDA LIBERTADOR BERNARDO O'HIGGINS", "NUMERO": 2062.0, "REFERENCIA": null, "LATITUD": -33.447482, "LONGITUD": -70.66424, "centroide_x": 345314.55691171903, "centroide_y": 6297864.9368757261, "crs_original": "EPSG:4326", "fecha_normalizacion": "2025-10-10 01:59:23" }, "geometry": { "type": "Point", "coordinates": [ 345314.556911719031632, 6297864.936875726096332 ] } },
{ "type": "Feature", "properties": { "AGNO": 2021.0, "ID_ESTAB": 8759.0, "ORIGEN": 1.0, "NOM_ESTAB": "COLEGIO SANTA CECILIA", "COD_REG_ES": 13.0, "COD_PRO_ES": 131.0, "COD_COM_ES": 13101.0, "NOM_COM_ES": "SANTIAGO", "COD_DEPROV": 131.0, "NOM_DEPROV": "SANTIAGO CENTRO", "DEPENDENCI": 3.0, "RURAL_ESTA": 0.0, "ESTADO_EST": 1.0, "SC_MEN_SI": 0.0, "SC_MEN_H": 0.0, "SC_MEN_M": 0.0, "SC_MAY_H": 0.0, "SC_MAY_M": 0.0, "MED_MEN_SI": 0.0, "MED_MEN_H": 0.0, "MED_MEN_M": 0.0, "MED_MAY_SI": 0.0, "MED_MAY_H": 0.0, "MED_MAY_M": 0.0, "NT1_SI": 0.0, "NT1_H": 0.0, "NT1_M": 2.0, "NT2_SI": 0.0, "NT2_H": 0.0, "NT2_M": 6.0, "N_TOTAL": 8.0, "DIRECCION": "MATURANA", "NUMERO": 350.0, "REFERENCIA": "ESTAMOS ENTRE LAS CALLES COMPAÑÍA Y HUÉRFANOS, FRENTE A LA PLAZA BRASIL.", "LATITUD": -33.440806, "LONGITUD": -70.66682, "centroide_x": 345062.85567062558, "centroide_y": 6298601.3720846754, "crs_original": "EPSG:4326", "fecha_normalizacion": "2025-10-10 01:59:23" }, "geometry": { "type": "Point", "coordinates": [ 345062.855670625576749, 6298601.372084675356746 ] } },
{ "type": "Feature", "properties": { "AGNO": 2021.0, "ID_ESTAB": 8762.0, "ORIGEN": 1.0, "NOM_ESTAB": "COLEGIO SANTA ELENA CARMELITAS MISIONERAS TERESIANA", "COD_REG_ES": 13.0, "COD_PRO_ES": 131.0, "COD_COM_ES": 13101.0, "NOM_COM_ES": "SANTIAGO", "COD_DEPROV": 131.0, "NOM_DEPROV": "SANTIAGO CENTRO", "DEPENDENCI": 3.0, "RURAL_ESTA": 0.0, "ESTADO_EST": 1.0, "SC_MEN_SI": 0.0, "SC_MEN_H": 0.0, "SC_MEN_M": 0.0, "SC_MAY_H": 0.0, "SC_MAY_M": 0.0, "MED_MEN_SI": 0.0, "MED_MEN_H": 0.0, "MED_MEN_M": 0.0, "MED_MAY_SI": 0.0, "MED_MAY_H": 0.0, "MED_MAY_M": 0.0, "NT1_SI": 0.0, "NT1_H": 0.0, "NT1_M": 15.0, "NT2_SI": 0.0, "NT2_H": 0.0, "NT2_M": 27.0, "N_TOTAL": 42.0, "DIRECCION": "COMPAÑIA", "NUMERO": 2398.0, "REFERENCIA": null, "LATITUD": -33.440554, "LONGITUD": -70.66986, "centroide_x": 344779.79575925402, "centroide_y": 6298624.7793738758, "crs_original": "EPSG:4326", "fecha_normalizacion": "2025-10-10 01:59:23" }, "geometry": { "type": "Point", "coordinates": [ 344779.795759254018776, 6298624.779373875819147 ] } },
{ "type": "Feature", "properties": { "AGNO": 2021.0, "ID_ESTAB": 8791.0, "ORIGEN": 1.0, "NOM_ESTAB": "COLEGIO FILIPENSE", "COD_REG_ES": 13.0, "COD_PRO_ES": 131.0, "COD_COM_ES": 13101.0, "NOM_COM_ES": "SANTIAGO", "COD_DEPROV": 131.0, "NOM_DEPROV": "SANTIAGO CENTRO", "DEPENDENCI": 2.0, "RURAL_ESTA": 0.0, "ESTADO_EST": 1.0, "SC_MEN_SI": 0.0, "SC_MEN_H": 0.0, "SC_MEN_M": 0.0, "SC_MAY_H": 0.0, "SC_MAY_M": 0.0, "MED_MEN_SI": 0.0, "MED_MEN_H": 0.0, "MED_MEN_M": 0.0, "MED_MAY_SI": 0.0, "MED_MAY_H": 0.0, "MED_MAY_M": 0.0, "NT1_SI": 0.0, "NT1_H": 0.0, "NT1_M": 0.0, "NT2_SI": 0.0, "NT2_H": 32.0, "NT2_M": 48.0, "N_TOTAL": 80.0, "DIRECCION": "VERGARA", "NUMERO": 357.0, "REFERENCIA": "METRO LOS HÉROES, VEREDA SUR", "LATITUD": -33.451743, "LONGITUD": -70.661865, "centroide_x": 345542.923709717, "centroide_y": 6297395.9306633789, "crs_original": "EPSG:4326", "fecha_normalizacion": "2025-10-10 01:59:23" }, "geometry": { "type": "Point", "coordinates": [ 345542.923709716997109, 6297395.93066337890923 ] } },
{ "type": "Feature", "properties": { "AGNO": 2021.0, "ID_ESTAB": 8809.0, "ORIGEN": 1.0, "NOM_ESTAB": "ESCUELA DE PARVULOS N°1146 HEYDDIE", "COD_REG_ES": 13.0, "COD_PRO_ES": 131.0, "COD_COM_ES": 13101.0, "NOM_COM_ES": "SANTIAGO", "COD_DEPROV": 131.0, "NOM_DEPROV": "SANTIAGO CENTRO", "DEPENDENCI": 3.0, "RURAL_ESTA": 0.0, "ESTADO_EST": 1.0, "SC_MEN_SI": 0.0, "SC_MEN_H": 0.0, "SC_MEN_M": 0.0, "SC_MAY_H": 0.0, "SC_MAY_M": 0.0, "MED_MEN_SI": 0.0, "MED_MEN_H": 3.0, "MED_MEN_M": 4.0, "MED_MAY_SI": 0.0, "MED_MAY_H": 4.0, "MED_MAY_M": 5.0, "NT1_SI": 0.0, "NT1_H": 2.0, "NT1_M": 0.0, "NT2_SI": 0.0, "NT2_H": 1.0, "NT2_M": 1.0, "N_TOTAL": 20.0, "DIRECCION": "ARZOBISPO GONZALEZ", "NUMERO": 479.0, "REFERENCIA": "ESTACION  DE METRO CUMMING  LINEA 5", "LATITUD": -33.439278, "LONGITUD": -70.6687, "centroide_x": 344885.36301072, "centroide_y": 6298768.0024849102, "crs_original": "EPSG:4326", "fecha_normalizacion": "2025-10-10 01:59:23" }, "geometry": { "type": "Point", "coordinates": [ 344885.363010720000602, 6298768.002484910190105 ] } },
{ "type": "Feature", "properties": { "AGNO": 2021.0, "ID_ESTAB": 8950.0, "ORIGEN": 1.0, "NOM_ESTAB": "COLEGIO COMPANIA DE MARIA-SEMINARIO", "COD_REG_ES": 13.0, "COD_PRO_ES": 131.0, "COD_COM_ES": 13123.0, "NOM_COM_ES": "PROVIDENCIA", "COD_DEPROV": 133.0, "NOM_DEPROV": "SANTIAGO ORIENTE", "DEPENDENCI": 3.0, "RURAL_ESTA": 0.0, "ESTADO_EST": 1.0, "SC_MEN_SI": 0.0, "SC_MEN_H": 0.0, "SC_MEN_M": 0.0, "SC_MAY_H": 0.0, "SC_MAY_M": 0.0, "MED_MEN_SI": 0.0, "MED_MEN_H": 0.0, "MED_MEN_M": 0.0, "MED_MAY_SI": 0.0, "MED_MAY_H": 0.0, "MED_MAY_M": 0.0, "NT1_SI": 0.0, "NT1_H": 8.0, "NT1_M": 15.0, "NT2_SI": 0.0, "NT2_H": 14.0, "NT2_M": 28.0, "N_TOTAL": 65.0, "DIRECCION": "SEMINARIO", "NUMERO": 31.0, "REFERENCIA": null, "LATITUD": -33.437231, "LONGITUD": -70.63094, "centroide_x": 348392.17629915557, "centroide_y": 6299050.7028793991, "crs_original": "EPSG:4326", "fecha_normalizacion": "2025-10-10 01:59:23" }, "geometry": { "type": "Point", "coordinates": [ 348392.176299155573361, 6299050.702879399061203 ] } },
{ "type": "Feature", "properties": { "AGNO": 2021.0, "ID_ESTAB": 8954.0, "ORIGEN": 1.0, "NOM_ESTAB": "COLEGIO MARIA INMACULADA", "COD_REG_ES": 13.0, "COD_PRO_ES": 131.0, "COD_COM_ES": 13123.0, "NOM_COM_ES": "PROVIDENCIA", "COD_DEPROV": 133.0, "NOM_DEPROV": "SANTIAGO ORIENTE", "DEPENDENCI": 2.0, "RURAL_ESTA": 0.0, "ESTADO_EST": 1.0, "SC_MEN_SI": 0.0, "SC_MEN_H": 0.0, "SC_MEN_M": 0.0, "SC_MAY_H": 0.0, "SC_MAY_M": 0.0, "MED_MEN_SI": 0.0, "MED_MEN_H": 0.0, "MED_MEN_M": 0.0, "MED_MAY_SI": 0.0, "MED_MAY_H": 0.0, "MED_MAY_M": 0.0, "NT1_SI": 0.0, "NT1_H": 0.0, "NT1_M": 33.0, "NT2_SI": 0.0, "NT2_H": 0.0, "NT2_M": 58.0, "N_TOTAL": 91.0, "DIRECCION": "MALLICKRODT", "NUMERO": 17.0, "REFERENCIA": "AV. BELLAVISTA ALTURA 0200", "LATITUD": -33.433621, "LONGITUD": -70.63293, "centroide_x": 348200.92812814552, "centroide_y": 6299448.0466575539, "crs_original": "EPSG:4326", "fecha_normalizacion": "2025-10-10 01:59:23" }, "geometry": { "type": "Point", "coordinates": [ 348200.928128145518713, 6299448.046657553873956 ] } },
{ "type": "Feature", "properties": { "AGNO": 2021.0, "ID_ESTAB": 9416.0, "ORIGEN": 1.0, "NOM_ESTAB": "ESCUELA POETAS DE CHILE", "COD_REG_ES": 13.0, "COD_PRO_ES": 131.0, "COD_COM_ES": 13121.0, "NOM_COM_ES": "PEDRO AGUIRRE CERDA", "COD_DEPROV": 131.0, "NOM_DEPROV": "SANTIAGO CENTRO", "DEPENDENCI": 1.0, "RURAL_ESTA": 0.0, "ESTADO_EST": 1.0, "SC_MEN_SI": 0.0, "SC_MEN_H": 0.0, "SC_MEN_M": 0.0, "SC_MAY_H": 0.0, "SC_MAY_M": 0.0, "MED_MEN_SI": 0.0, "MED_MEN_H": 0.0, "MED_MEN_M": 0.0, "MED_MAY_SI": 0.0, "MED_MAY_H": 0.0, "MED_MAY_M": 0.0, "NT1_SI": 0.0, "NT1_H": 22.0, "NT1_M": 20.0, "NT2_SI": 0.0, "NT2_H": 20.0, "NT2_M": 12.0, "N_TOTAL": 74.0, "DIRECCION": "JUAN BASTIDAS", "NUMERO": 2890.0, "REFERENCIA": "PARADERO 1 PANAMERICANA NORTE _SUR", "LATITUD": -33.480737, "LONGITUD": -70.660476, "centroide_x": 345723.38204426249, "centroide_y": 6294183.0216818796, "crs_original": "EPSG:4326", "fecha_normalizacion": "2025-10-10 01:59:23" }, "geometry": { "type": "Point", "coordinates": [ 345723.382044262485579, 6294183.021681879647076 ] } },
{ "type": "Feature", "properties": { "AGNO": 2021.0, "ID_ESTAB": 9430.0, "ORIGEN": 1.0, "NOM_ESTAB": "CENTRO EDUC. PROVINCIA DE ÑUBLE", "COD_REG_ES": 13.0, "COD_PRO_ES": 131.0, "COD_COM_ES": 13129.0, "NOM_COM_ES": "SAN JOAQUÍN", "COD_DEPROV": 131.0, "NOM_DEPROV": "SANTIAGO CENTRO", "DEPENDENCI": 6.0, "RURAL_ESTA": 0.0, "ESTADO_EST": 1.0, "SC_MEN_SI": 0.0, "SC_MEN_H": 0.0, "SC_MEN_M": 0.0, "SC_MAY_H": 0.0, "SC_MAY_M": 0.0, "MED_MEN_SI": 0.0, "MED_MEN_H": 0.0, "MED_MEN_M": 0.0, "MED_MAY_SI": 0.0, "MED_MAY_H": 0.0, "MED_MAY_M": 0.0, "NT1_SI": 0.0, "NT1_H": 18.0, "NT1_M": 22.0, "NT2_SI": 0.0, "NT2_H": 26.0, "NT2_M": 23.0, "N_TOTAL": 89.0, "DIRECCION": "AVENIDA SILVA", "NUMERO": 528.0, "REFERENCIA": "ENTRE CALLES CARMEN Y YALTA", "LATITUD": -33.478367, "LONGITUD": -70.636183, "centroide_x": 347976.54727617092, "centroide_y": 6294481.6139489934, "crs_original": "EPSG:4326", "fecha_normalizacion": "2025-10-10 01:59:23" }, "geometry": { "type": "Point", "coordinates": [ 347976.547276170924306, 6294481.613948993384838 ] } },
{ "type": "Feature", "properties": { "AGNO": 2021.0, "ID_ESTAB": 9509.0, "ORIGEN": 1.0, "NOM_ESTAB": "COLEGIO SUBERCASEAUX COLLEGE", "COD_REG_ES": 13.0, "COD_PRO_ES": 131.0, "COD_COM_ES": 13130.0, "NOM_COM_ES": "SAN MIGUEL", "COD_DEPROV": 131.0, "NOM_DEPROV": "SANTIAGO CENTRO", "DEPENDENCI": 3.0, "RURAL_ESTA": 0.0, "ESTADO_EST": 1.0, "SC_MEN_SI": 0.0, "SC_MEN_H": 0.0, "SC_MEN_M": 0.0, "SC_MAY_H": 0.0, "SC_MAY_M": 0.0, "MED_MEN_SI": 0.0, "MED_MEN_H": 0.0, "MED_MEN_M": 0.0, "MED_MAY_SI": 0.0, "MED_MAY_H": 0.0, "MED_MAY_M": 0.0, "NT1_SI": 0.0, "NT1_H": 0.0, "NT1_M": 0.0, "NT2_SI": 0.0, "NT2_H": 26.0, "NT2_M": 24.0, "N_TOTAL": 50.0, "DIRECCION": "BARROS LUCO", "NUMERO": 2895.0, "REFERENCIA": "PARADERO 3 ESTACIÓN METRO EL LLANO, HACIA EL OESTE.", "LATITUD": -33.480182, "LONGITUD": -70.65516, "centroide_x": 346216.38031297049, "centroide_y": 6294252.4232384153, "crs_original": "EPSG:4326", "fecha_normalizacion": "2025-10-10 01:59:23" }, "geometry": { "type": "Point", "coordinates": [ 346216.380312970490195, 6294252.423238415271044 ] } },
{ "type": "Feature", "properties": { "AGNO": 2021.0, "ID_ESTAB": 9558.0, "ORIGEN": 1.0, "NOM_ESTAB": "ESCUELA PARTICULAR ROCIO DE LOS ANGELES", "COD_REG_ES": 13.0, "COD_PRO_ES": 131.0, "COD_COM_ES": 13121.0, "NOM_COM_ES": "PEDRO AGUIRRE CERDA", "COD_DEPROV": 131.0, "NOM_DEPROV": "SANTIAGO CENTRO", "DEPENDENCI": 2.0, "RURAL_ESTA": 0.0, "ESTADO_EST": 1.0, "SC_MEN_SI": 0.0, "SC_MEN_H": 0.0, "SC_MEN_M": 0.0, "SC_MAY_H": 0.0, "SC_MAY_M": 0.0, "MED_MEN_SI": 0.0, "MED_MEN_H": 0.0, "MED_MEN_M": 0.0, "MED_MAY_SI": 0.0, "MED_MAY_H": 0.0, "MED_MAY_M": 0.0, "NT1_SI": 0.0, "NT1_H": 0.0, "NT1_M": 0.0, "NT2_SI": 0.0, "NT2_H": 29.0, "NT2_M": 25.0, "N_TOTAL": 54.0, "DIRECCION": "TRASLAVIÑA", "NUMERO": 1955.0, "REFERENCIA": "PARADERO 1 GRAN AV. HACIA EL PONIENTE", "LATITUD": -33.477958, "LONGITUD": -70.66169, "centroide_x": 345605.67826489755, "centroide_y": 6294489.3283159845, "crs_original": "EPSG:4326", "fecha_normalizacion": "2025-10-10 01:59:23" }, "geometry": { "type": "Point", "coordinates": [ 345605.678264897549525, 6294489.328315984457731 ] } },
{ "type": "Feature", "properties": { "AGNO": 2021.0, "ID_ESTAB": 10032.0, "ORIGEN": 1.0, "NOM_ESTAB": "ESCUELA BASICA PARTICULAR Nº 488 `ZENON TORREALBA`", "COD_REG_ES": 13.0, "COD_PRO_ES": 131.0, "COD_COM_ES": 13126.0, "NOM_COM_ES": "QUINTA NORMAL", "COD_DEPROV": 134.0, "NOM_DEPROV": "SANTIAGO PONIENTE", "DEPENDENCI": 2.0, "RURAL_ESTA": 0.0, "ESTADO_EST": 1.0, "SC_MEN_SI": 0.0, "SC_MEN_H": 0.0, "SC_MEN_M": 0.0, "SC_MAY_H": 0.0, "SC_MAY_M": 0.0, "MED_MEN_SI": 0.0, "MED_MEN_H": 0.0, "MED_MEN_M": 0.0, "MED_MAY_SI": 0.0, "MED_MAY_H": 0.0, "MED_MAY_M": 0.0, "NT1_SI": 0.0, "NT1_H": 20.0, "NT1_M": 20.0, "NT2_SI": 0.0, "NT2_H": 17.0, "NT2_M": 21.0, "N_TOTAL": 78.0, "DIRECCION": "ANDES", "NUMERO": 4023.0, "REFERENCIA": null, "LATITUD": -33.43392, "LONGITUD": -70.690206, "centroide_x": 342876.33651782013, "centroide_y": 6299329.8775253315, "crs_original": "EPSG:4326", "fecha_normalizacion": "2025-10-10 01:59:23" }, "geometry": { "type": "Point", "coordinates": [ 342876.336517820134759, 6299329.877525331452489 ] } },
{ "type": "Feature", "properties": { "AGNO": 2021.0, "ID_ESTAB": 10212.0, "ORIGEN": 1.0, "NOM_ESTAB": "ESCUELA JUANA ATALA DE HIRMAS", "COD_REG_ES": 13.0, "COD_PRO_ES": 131.0, "COD_COM_ES": 13128.0, "NOM_COM_ES": "RENCA", "COD_DEPROV": 134.0, "NOM_DEPROV": "SANTIAGO PONIENTE", "DEPENDENCI": 1.0, "RURAL_ESTA": 0.0, "ESTADO_EST": 1.0, "SC_MEN_SI": 0.0, "SC_MEN_H": 0.0, "SC_MEN_M": 0.0, "SC_MAY_H": 0.0, "SC_MAY_M": 0.0, "MED_MEN_SI": 0.0, "MED_MEN_H": 0.0, "MED_MEN_M": 0.0, "MED_MAY_SI": 0.0, "MED_MAY_H": 0.0, "MED_MAY_M": 0.0, "NT1_SI": 0.0, "NT1_H": 21.0, "NT1_M": 14.0, "NT2_SI": 0.0, "NT2_H": 19.0, "NT2_M": 16.0, "N_TOTAL": 70.0, "DIRECCION": "JUANA ATALA DE HIRMAS", "NUMERO": 2460.0, "REFERENCIA": "PASARELA ENRIQUE SORO", "LATITUD": -33.421766, "LONGITUD": -70.676547, "centroide_x": 344124.5768486975, "centroide_y": 6300698.0967305936, "crs_original": "EPSG:4326", "fecha_normalizacion": "2025-10-10 01:59:23" }, "geometry": { "type": "Point", "coordinates": [ 344124.576848697499372, 6300698.096730593591928 ] } },
{ "type": "Feature", "properties": { "AGNO": 2021.0, "ID_ESTAB": 10220.0, "ORIGEN": 1.0, "NOM_ESTAB": "COLEGIO PRESIDENTE ALESSANDRI", "COD_REG_ES": 13.0, "COD_PRO_ES": 131.0, "COD_COM_ES": 13108.0, "NOM_COM_ES": "INDEPENDENCIA", "COD_DEPROV": 137.0, "NOM_DEPROV": "SANTIAGO NORTE", "DEPENDENCI": 2.0, "RURAL_ESTA": 0.0, "ESTADO_EST": 1.0, "SC_MEN_SI": 0.0, "SC_MEN_H": 0.0, "SC_MEN_M": 0.0, "SC_MAY_H": 0.0, "SC_MAY_M": 0.0, "MED_MEN_SI": 0.0, "MED_MEN_H": 0.0, "MED_MEN_M": 0.0, "MED_MAY_SI": 0.0, "MED_MAY_H": 0.0, "MED_MAY_M": 0.0, "NT1_SI": 0.0, "NT1_H": 53.0, "NT1_M": 17.0, "NT2_SI": 0.0, "NT2_H": 90.0, "NT2_M": 0.0, "N_TOTAL": 160.0, "DIRECCION": "GAMERO", "NUMERO": 721.0, "REFERENCIA": "POBLACION JUAN ANTONIO RIOS 2, GAMERO, ESQUINA ALCALDE GERM\u001aAN DOM\u001aNGUEZ.", "LATITUD": -33.419875, "LONGITUD": -70.675567, "centroide_x": 344212.28521044215, "centroide_y": 6300909.2509547761, "crs_original": "EPSG:4326", "fecha_normalizacion": "2025-10-10 01:59:23" }, "geometry": { "type": "Point", "coordinates": [ 344212.285210442147218, 6300909.250954776071012 ] } },
{ "type": "Feature", "properties": { "AGNO": 2021.0, "ID_ESTAB": 11962.0, "ORIGEN": 1.0, "NOM_ESTAB": "COLEGIO PEDRO DE VALDIVIA-AGUSTINAS", "COD_REG_ES": 13.0, "COD_PRO_ES": 131.0, "COD_COM_ES": 13101.0, "NOM_COM_ES": "SANTIAGO", "COD_DEPROV": 131.0, "NOM_DEPROV": "SANTIAGO CENTRO", "DEPENDENCI": 3.0, "RURAL_ESTA": 0.0, "ESTADO_EST": 1.0, "SC_MEN_SI": 0.0, "SC_MEN_H": 0.0, "SC_MEN_M": 0.0, "SC_MAY_H": 0.0, "SC_MAY_M": 0.0, "MED_MEN_SI": 0.0, "MED_MEN_H": 0.0, "MED_MEN_M": 0.0, "MED_MAY_SI": 0.0, "MED_MAY_H": 9.0, "MED_MAY_M": 11.0, "NT1_SI": 0.0, "NT1_H": 45.0, "NT1_M": 44.0, "NT2_SI": 0.0, "NT2_H": 53.0, "NT2_M": 45.0, "N_TOTAL": 207.0, "DIRECCION": "AGUSTINAS", "NUMERO": 2009.0, "REFERENCIA": "AGUTINAS ENTRE AV. BRASIL Y CIENFUEGOS", "LATITUD": -33.44203, "LONGITUD": -70.66454, "centroide_x": 345276.98736612417, "centroide_y": 6298469.043691162, "crs_original": "EPSG:4326", "fecha_normalizacion": "2025-10-10 01:59:23" }, "geometry": { "type": "Point", "coordinates": [ 345276.987366124172695, 6298469.043691162019968 ] } },
{ "type": "Feature", "properties": { "AGNO": 2021.0, "ID_ESTAB": 16811.0, "ORIGEN": 1.0, "NOM_ESTAB": "ESCUELA ESPECIAL N° 2430 SAN ALBERTO HURTADO", "COD_REG_ES": 13.0, "COD_PRO_ES": 131.0, "COD_COM_ES": 13101.0, "NOM_COM_ES": "SANTIAGO", "COD_DEPROV": 131.0, "NOM_DEPROV": "SANTIAGO CENTRO", "DEPENDENCI": 2.0, "RURAL_ESTA": 0.0, "ESTADO_EST": 1.0, "SC_MEN_SI": 0.0, "SC_MEN_H": 0.0, "SC_MEN_M": 0.0, "SC_MAY_H": 0.0, "SC_MAY_M": 0.0, "MED_MEN_SI": 0.0, "MED_MEN_H": 0.0, "MED_MEN_M": 0.0, "MED_MAY_SI": 0.0, "MED_MAY_H": 0.0, "MED_MAY_M": 0.0, "NT1_SI": 0.0, "NT1_H": 2.0, "NT1_M": 0.0, "NT2_SI": 0.0, "NT2_H": 2.0, "NT2_M": 0.0, "N_TOTAL": 4.0, "DIRECCION": "JOSE TORIBIO MEDINA", "NUMERO": 27.0, "REFERENCIA": null, "LATITUD": -33.445794, "LONGITUD": -70.663768, "centroide_x": 345355.43602618168, "centroide_y": 6298052.8159192996, "crs_original": "EPSG:4326", "fecha_normalizacion": "2025-10-10 01:59:23" }, "geometry": { "type": "Point", "coordinates": [ 345355.436026181676425, 6298052.815919299609959 ] } },
{ "type": "Feature", "properties": { "AGNO": 2021.0, "ID_ESTAB": 16890.0, "ORIGEN": 1.0, "NOM_ESTAB": "ESCUELA BÁSICA N° 2444 `QHAPAQ KUNA`", "COD_REG_ES": 13.0, "COD_PRO_ES": 131.0, "COD_COM_ES": 13126.0, "NOM_COM_ES": "QUINTA NORMAL", "COD_DEPROV": 134.0, "NOM_DEPROV": "SANTIAGO PONIENTE", "DEPENDENCI": 2.0, "RURAL_ESTA": 0.0, "ESTADO_EST": 1.0, "SC_MEN_SI": 0.0, "SC_MEN_H": 0.0, "SC_MEN_M": 0.0, "SC_MAY_H": 0.0, "SC_MAY_M": 0.0, "MED_MEN_SI": 0.0, "MED_MEN_H": 0.0, "MED_MEN_M": 0.0, "MED_MAY_SI": 0.0, "MED_MAY_H": 0.0, "MED_MAY_M": 0.0, "NT1_SI": 0.0, "NT1_H": 0.0, "NT1_M": 0.0, "NT2_SI": 0.0, "NT2_H": 15.0, "NT2_M": 11.0, "N_TOTAL": 26.0, "DIRECCION": "GENERAL BARBOSA", "NUMERO": 1220.0, "REFERENCIA": "METRO GRUTA LOURDES VEREDA NORTE, SAN PABLO.", "LATITUD": -33.43613, "LONGITUD": -70.689877, "centroide_x": 342910.94768950925, "centroide_y": 6299085.268677542, "crs_original": "EPSG:4326", "fecha_normalizacion": "2025-10-10 01:59:23" }, "geometry": { "type": "Point", "coordinates": [ 342910.947689509252086, 6299085.268677541986108 ] } },
{ "type": "Feature", "properties": { "AGNO": 2021.0, "ID_ESTAB": 16946.0, "ORIGEN": 1.0, "NOM_ESTAB": "ESCUELA ESPECIAL N° 2449, `DE LA MERCED`", "COD_REG_ES": 13.0, "COD_PRO_ES": 131.0, "COD_COM_ES": 13101.0, "NOM_COM_ES": "SANTIAGO", "COD_DEPROV": 131.0, "NOM_DEPROV": "SANTIAGO CENTRO", "DEPENDENCI": 2.0, "RURAL_ESTA": 0.0, "ESTADO_EST": 1.0, "SC_MEN_SI": 0.0, "SC_MEN_H": 0.0, "SC_MEN_M": 0.0, "SC_MAY_H": 0.0, "SC_MAY_M": 0.0, "MED_MEN_SI": 0.0, "MED_MEN_H": 0.0, "MED_MEN_M": 0.0, "MED_MAY_SI": 0.0, "MED_MAY_H": 16.0, "MED_MAY_M": 12.0, "NT1_SI": 0.0, "NT1_H": 27.0, "NT1_M": 14.0, "NT2_SI": 0.0, "NT2_H": 22.0, "NT2_M": 18.0, "N_TOTAL": 109.0, "DIRECCION": "ROSAS", "NUMERO": 2867.0, "REFERENCIA": null, "LATITUD": -33.43704, "LONGITUD": -70.675464, "centroide_x": 344252.57906343066, "centroide_y": 6299006.0643495452, "crs_original": "EPSG:4326", "fecha_normalizacion": "2025-10-10 01:59:23" }, "geometry": { "type": "Point", "coordinates": [ 344252.579063430661336, 6299006.064349545165896 ] } },
{ "type": "Feature", "properties": { "AGNO": 2021.0, "ID_ESTAB": 24558.0, "ORIGEN": 1.0, "NOM_ESTAB": "ESCUELA BASICA PART.BLAS CANAS", "COD_REG_ES": 13.0, "COD_PRO_ES": 131.0, "COD_COM_ES": 13101.0, "NOM_COM_ES": "SANTIAGO", "COD_DEPROV": 131.0, "NOM_DEPROV": "SANTIAGO CENTRO", "DEPENDENCI": 2.0, "RURAL_ESTA": 0.0, "ESTADO_EST": 1.0, "SC_MEN_SI": 0.0, "SC_MEN_H": 0.0, "SC_MEN_M": 0.0, "SC_MAY_H": 0.0, "SC_MAY_M": 0.0, "MED_MEN_SI": 0.0, "MED_MEN_H": 0.0, "MED_MEN_M": 0.0, "MED_MAY_SI": 0.0, "MED_MAY_H": 0.0, "MED_MAY_M": 0.0, "NT1_SI": 0.0, "NT1_H": 41.0, "NT1_M": 64.0, "NT2_SI": 0.0, "NT2_H": 54.0, "NT2_M": 66.0, "N_TOTAL": 225.0, "DIRECCION": "BLAS CAÑAS", "NUMERO": 450.0, "REFERENCIA": "ESQUINA CARMEN CON CURICÓ", "LATITUD": -33.445594, "LONGITUD": -70.641442, "centroide_x": 347430.49313285266, "centroide_y": 6298107.9617982581, "crs_original": "EPSG:4326", "fecha_normalizacion": "2025-10-10 01:59:23" }, "geometry": { "type": "Point", "coordinates": [ 347430.493132852658164, 6298107.961798258125782 ] } },
{ "type": "Feature", "properties": { "AGNO": 2021.0, "ID_ESTAB": 24622.0, "ORIGEN": 1.0, "NOM_ESTAB": "MIGUEL DE CERVANTES Y SAAVEDRA ANEXO A-8", "COD_REG_ES": 13.0, "COD_PRO_ES": 131.0, "COD_COM_ES": 13101.0, "NOM_COM_ES": "SANTIAGO", "COD_DEPROV": 131.0, "NOM_DEPROV": "SANTIAGO CENTRO", "DEPENDENCI": 1.0, "RURAL_ESTA": 0.0, "ESTADO_EST": 1.0, "SC_MEN_SI": 0.0, "SC_MEN_H": 0.0, "SC_MEN_M": 0.0, "SC_MAY_H": 0.0, "SC_MAY_M": 0.0, "MED_MEN_SI": 0.0, "MED_MEN_H": 0.0, "MED_MEN_M": 0.0, "MED_MAY_SI": 0.0, "MED_MAY_H": 0.0, "MED_MAY_M": 0.0, "NT1_SI": 0.0, "NT1_H": 85.0, "NT1_M": 83.0, "NT2_SI": 0.0, "NT2_H": 98.0, "NT2_M": 77.0, "N_TOTAL": 343.0, "DIRECCION": "AGUSTINAS", "NUMERO": 2492.0, "REFERENCIA": null, "LATITUD": -33.44309, "LONGITUD": -70.670905, "centroide_x": 344687.14718081185, "centroide_y": 6298342.0115311611, "crs_original": "EPSG:4326", "fecha_normalizacion": "2025-10-10 01:59:23" }, "geometry": { "type": "Point", "coordinates": [ 344687.147180811851285, 6298342.011531161144376 ] } },
{ "type": "Feature", "properties": { "AGNO": 2021.0, "ID_ESTAB": 24782.0, "ORIGEN": 1.0, "NOM_ESTAB": "ESCUELA BÁSICA Y ESPECIAL BARROS LUCO", "COD_REG_ES": 13.0, "COD_PRO_ES": 131.0, "COD_COM_ES": 13130.0, "NOM_COM_ES": "SAN MIGUEL", "COD_DEPROV": 131.0, "NOM_DEPROV": "SANTIAGO CENTRO", "DEPENDENCI": 2.0, "RURAL_ESTA": 0.0, "ESTADO_EST": 1.0, "SC_MEN_SI": 0.0, "SC_MEN_H": 0.0, "SC_MEN_M": 0.0, "SC_MAY_H": 0.0, "SC_MAY_M": 0.0, "MED_MEN_SI": 0.0, "MED_MEN_H": 0.0, "MED_MEN_M": 0.0, "MED_MAY_SI": 0.0, "MED_MAY_H": 6.0, "MED_MAY_M": 6.0, "NT1_SI": 0.0, "NT1_H": 26.0, "NT1_M": 20.0, "NT2_SI": 0.0, "NT2_H": 29.0, "NT2_M": 22.0, "N_TOTAL": 109.0, "DIRECCION": "RAMON BARROS LUCO", "NUMERO": 2983.0, "REFERENCIA": "ESTACIÓN METRO EL LLANO  PARADERO 4 GRAN AVENIDA", "LATITUD": -33.480546, "LONGITUD": -70.655301, "centroide_x": 346203.95410679997, "centroide_y": 6294211.8653617054, "crs_original": "EPSG:4326", "fecha_normalizacion": "2025-10-10 01:59:23" }, "geometry": { "type": "Point", "coordinates": [ 346203.954106799967121, 6294211.865361705422401 ] } },
{ "type": "Feature", "properties": { "AGNO": 2021.0, "ID_ESTAB": 25131.0, "ORIGEN": 1.0, "NOM_ESTAB": "ESC ESP Nº 1637 MAGDALENA AVALOS CRUZ ASPAUT", "COD_REG_ES": 13.0, "COD_PRO_ES": 131.0, "COD_COM_ES": 13130.0, "NOM_COM_ES": "SAN MIGUEL", "COD_DEPROV": 131.0, "NOM_DEPROV": "SANTIAGO CENTRO", "DEPENDENCI": 2.0, "RURAL_ESTA": 0.0, "ESTADO_EST": 1.0, "SC_MEN_SI": 0.0, "SC_MEN_H": 0.0, "SC_MEN_M": 0.0, "SC_MAY_H": 0.0, "SC_MAY_M": 0.0, "MED_MEN_SI": 0.0, "MED_MEN_H": 0.0, "MED_MEN_M": 0.0, "MED_MAY_SI": 0.0, "MED_MAY_H": 0.0, "MED_MAY_M": 0.0, "NT1_SI": 0.0, "NT1_H": 6.0, "NT1_M": 2.0, "NT2_SI": 0.0, "NT2_H": 11.0, "NT2_M": 2.0, "N_TOTAL": 21.0, "DIRECCION": "GRAN AVENIDA JOSE MIGUEL CARRERA", "NUMERO": 2820.0, "REFERENCIA": "PARADERO 3 DE GRAN AVENIDA HACIA EL NORTE, ESQUINA CARLOS VALDOVINOS", "LATITUD": -33.480167, "LONGITUD": -70.64788, "centroide_x": 346892.82434696949, "centroide_y": 6294264.8460862106, "crs_original": "EPSG:4326", "fecha_normalizacion": "2025-10-10 01:59:23" }, "geometry": { "type": "Point", "coordinates": [ 346892.824346969486214, 6294264.846086210571229 ] } },
{ "type": "Feature", "properties": { "AGNO": 2021.0, "ID_ESTAB": 25185.0, "ORIGEN": 1.0, "NOM_ESTAB": "COLEGIO PARTICULAR OZANAM", "COD_REG_ES": 13.0, "COD_PRO_ES": 131.0, "COD_COM_ES": 13101.0, "NOM_COM_ES": "SANTIAGO", "COD_DEPROV": 131.0, "NOM_DEPROV": "SANTIAGO CENTRO", "DEPENDENCI": 2.0, "RURAL_ESTA": 0.0, "ESTADO_EST": 1.0, "SC_MEN_SI": 0.0, "SC_MEN_H": 0.0, "SC_MEN_M": 0.0, "SC_MAY_H": 0.0, "SC_MAY_M": 0.0, "MED_MEN_SI": 0.0, "MED_MEN_H": 0.0, "MED_MEN_M": 0.0, "MED_MAY_SI": 0.0, "MED_MAY_H": 0.0, "MED_MAY_M": 0.0, "NT1_SI": 0.0, "NT1_H": 33.0, "NT1_M": 28.0, "NT2_SI": 0.0, "NT2_H": 28.0, "NT2_M": 40.0, "N_TOTAL": 129.0, "DIRECCION": "YUNGAY", "NUMERO": 2845.0, "REFERENCIA": "YUNGAY  ENTRE  LIBERTAD  Y  ESPERANZA", "LATITUD": -33.429009, "LONGITUD": -70.676162, "centroide_x": 344173.27384547633, "centroide_y": 6299895.588746151, "crs_original": "EPSG:4326", "fecha_normalizacion": "2025-10-10 01:59:23" }, "geometry": { "type": "Point", "coordinates": [ 344173.273845476331189, 6299895.588746150955558 ] } },
{ "type": "Feature", "properties": { "AGNO": 2021.0, "ID_ESTAB": 25213.0, "ORIGEN": 1.0, "NOM_ESTAB": "COLEGIO HOSPITAL SAN BORJA ARRIARAN", "COD_REG_ES": 13.0, "COD_PRO_ES": 131.0, "COD_COM_ES": 13101.0, "NOM_COM_ES": "SANTIAGO", "COD_DEPROV": 131.0, "NOM_DEPROV": "SANTIAGO CENTRO", "DEPENDENCI": 2.0, "RURAL_ESTA": 0.0, "ESTADO_EST": 1.0, "SC_MEN_SI": 0.0, "SC_MEN_H": 0.0, "SC_MEN_M": 0.0, "SC_MAY_H": 0.0, "SC_MAY_M": 0.0, "MED_MEN_SI": 0.0, "MED_MEN_H": 0.0, "MED_MEN_M": 0.0, "MED_MAY_SI": 0.0, "MED_MAY_H": 0.0, "MED_MAY_M": 0.0, "NT1_SI": 0.0, "NT1_H": 1.0, "NT1_M": 1.0, "NT2_SI": 0.0, "NT2_H": 1.0, "NT2_M": 0.0, "N_TOTAL": 3.0, "DIRECCION": "AVENIDA SANTA ROSA", "NUMERO": 1234.0, "REFERENCIA": "EN EL 3º PISO DEL HOSPITAL SAN BORJA ARRIARAN.", "LATITUD": -33.460967, "LONGITUD": -70.642682, "centroide_x": 347342.16492581926, "centroide_y": 6296401.5556156021, "crs_original": "EPSG:4326", "fecha_normalizacion": "2025-10-10 01:59:23" }, "geometry": { "type": "Point", "coordinates": [ 347342.164925819262862, 6296401.555615602061152 ] } },
{ "type": "Feature", "properties": { "AGNO": 2021.0, "ID_ESTAB": 25272.0, "ORIGEN": 1.0, "NOM_ESTAB": "ESC.PARVULOS PARTICULAR LOS ANGELITOS", "COD_REG_ES": 13.0, "COD_PRO_ES": 131.0, "COD_COM_ES": 13101.0, "NOM_COM_ES": "SANTIAGO", "COD_DEPROV": 131.0, "NOM_DEPROV": "SANTIAGO CENTRO", "DEPENDENCI": 2.0, "RURAL_ESTA": 0.0, "ESTADO_EST": 1.0, "SC_MEN_SI": 0.0, "SC_MEN_H": 0.0, "SC_MEN_M": 0.0, "SC_MAY_H": 0.0, "SC_MAY_M": 0.0, "MED_MEN_SI": 0.0, "MED_MEN_H": 0.0, "MED_MEN_M": 0.0, "MED_MAY_SI": 0.0, "MED_MAY_H": 0.0, "MED_MAY_M": 0.0, "NT1_SI": 0.0, "NT1_H": 21.0, "NT1_M": 18.0, "NT2_SI": 0.0, "NT2_H": 19.0, "NT2_M": 23.0, "N_TOTAL": 81.0, "DIRECCION": "CALLE PORVENIR", "NUMERO": 579.0, "REFERENCIA": "579-581", "LATITUD": -33.4557, "LONGITUD": -70.64301, "centroide_x": 347302.43688157049, "centroide_y": 6296985.0760333212, "crs_original": "EPSG:4326", "fecha_normalizacion": "2025-10-10 01:59:23" }, "geometry": { "type": "Point", "coordinates": [ 347302.436881570494734, 6296985.076033321209252 ] } },
{ "type": "Feature", "properties": { "AGNO": 2021.0, "ID_ESTAB": 25277.0, "ORIGEN": 1.0, "NOM_ESTAB": "ESCUELA ESPECIAL SANTIAGO APOSTOL", "COD_REG_ES": 13.0, "COD_PRO_ES": 131.0, "COD_COM_ES": 13101.0, "NOM_COM_ES": "SANTIAGO", "COD_DEPROV": 131.0, "NOM_DEPROV": "SANTIAGO CENTRO", "DEPENDENCI": 1.0, "RURAL_ESTA": 0.0, "ESTADO_EST": 1.0, "SC_MEN_SI": 0.0, "SC_MEN_H": 0.0, "SC_MEN_M": 0.0, "SC_MAY_H": 0.0, "SC_MAY_M": 0.0, "MED_MEN_SI": 0.0, "MED_MEN_H": 0.0, "MED_MEN_M": 0.0, "MED_MAY_SI": 0.0, "MED_MAY_H": 7.0, "MED_MAY_M": 1.0, "NT1_SI": 0.0, "NT1_H": 0.0, "NT1_M": 0.0, "NT2_SI": 0.0, "NT2_H": 5.0, "NT2_M": 3.0, "N_TOTAL": 16.0, "DIRECCION": "SAN PABLO", "NUMERO": 3358.0, "REFERENCIA": "SAN PABLO ESQUINA MATUCANA", "LATITUD": -33.436082, "LONGITUD": -70.681159, "centroide_x": 343721.35138900619, "centroide_y": 6299103.6927254461, "crs_original": "EPSG:4326", "fecha_normalizacion": "2025-10-10 01:59:23" }, "geometry": { "type": "Point", "coordinates": [ 343721.351389006187674, 6299103.692725446075201 ] } },
{ "type": "Feature", "properties": { "AGNO": 2021.0, "ID_ESTAB": 25379.0, "ORIGEN": 1.0, "NOM_ESTAB": "ESCUELA DE PARVULOS N°1765 KIMN", "COD_REG_ES": 13.0, "COD_PRO_ES": 131.0, "COD_COM_ES": 13101.0, "NOM_COM_ES": "SANTIAGO", "COD_DEPROV": 131.0, "NOM_DEPROV": "SANTIAGO CENTRO", "DEPENDENCI": 3.0, "RURAL_ESTA": 0.0, "ESTADO_EST": 1.0, "SC_MEN_SI": 0.0, "SC_MEN_H": 0.0, "SC_MEN_M": 0.0, "SC_MAY_H": 0.0, "SC_MAY_M": 0.0, "MED_MEN_SI": 0.0, "MED_MEN_H": 2.0, "MED_MEN_M": 0.0, "MED_MAY_SI": 0.0, "MED_MAY_H": 4.0, "MED_MAY_M": 2.0, "NT1_SI": 0.0, "NT1_H": 0.0, "NT1_M": 3.0, "NT2_SI": 0.0, "NT2_H": 0.0, "NT2_M": 0.0, "N_TOTAL": 11.0, "DIRECCION": "GENERAL BULNES", "NUMERO": 463.0, "REFERENCIA": "UBICADO EN CALLE GENERAL BULNES (ENTRE COMPAÑÍA Y CATEDRAL).", "LATITUD": -33.439823, "LONGITUD": -70.66969, "centroide_x": 344794.29761617526, "centroide_y": 6298706.0924591031, "crs_original": "EPSG:4326", "fecha_normalizacion": "2025-10-10 01:59:23" }, "geometry": { "type": "Point", "coordinates": [ 344794.297616175259463, 6298706.092459103092551 ] } },
{ "type": "Feature", "properties": { "AGNO": 2021.0, "ID_ESTAB": 25402.0, "ORIGEN": 1.0, "NOM_ESTAB": "COL. PART. SALES. EL PATROCINIO DE SAN JOSE", "COD_REG_ES": 13.0, "COD_PRO_ES": 131.0, "COD_COM_ES": 13123.0, "NOM_COM_ES": "PROVIDENCIA", "COD_DEPROV": 133.0, "NOM_DEPROV": "SANTIAGO ORIENTE", "DEPENDENCI": 2.0, "RURAL_ESTA": 0.0, "ESTADO_EST": 1.0, "SC_MEN_SI": 0.0, "SC_MEN_H": 0.0, "SC_MEN_M": 0.0, "SC_MAY_H": 0.0, "SC_MAY_M": 0.0, "MED_MEN_SI": 0.0, "MED_MEN_H": 0.0, "MED_MEN_M": 0.0, "MED_MAY_SI": 0.0, "MED_MAY_H": 0.0, "MED_MAY_M": 0.0, "NT1_SI": 0.0, "NT1_H": 25.0, "NT1_M": 0.0, "NT2_SI": 0.0, "NT2_H": 72.0, "NT2_M": 0.0, "N_TOTAL": 97.0, "DIRECCION": "BELLAVISTA", "NUMERO": 550.0, "REFERENCIA": "ESTACIÓN METRO EL SALVADOR HACIA EL NORTE", "LATITUD": -33.430888, "LONGITUD": -70.628468, "centroide_x": 348610.93647377985, "centroide_y": 6299757.6712563895, "crs_original": "EPSG:4326", "fecha_normalizacion": "2025-10-10 01:59:23" }, "geometry": { "type": "Point", "coordinates": [ 348610.936473779845983, 6299757.671256389468908 ] } },
{ "type": "Feature", "properties": { "AGNO": 2021.0, "ID_ESTAB": 25537.0, "ORIGEN": 1.0, "NOM_ESTAB": "ESCUELA DE PARV. Y ESPECIAL PELUSITA", "COD_REG_ES": 13.0, "COD_PRO_ES": 131.0, "COD_COM_ES": 13101.0, "NOM_COM_ES": "SANTIAGO", "COD_DEPROV": 131.0, "NOM_DEPROV": "SANTIAGO CENTRO", "DEPENDENCI": 2.0, "RURAL_ESTA": 0.0, "ESTADO_EST": 1.0, "SC_MEN_SI": 0.0, "SC_MEN_H": 0.0, "SC_MEN_M": 0.0, "SC_MAY_H": 0.0, "SC_MAY_M": 0.0, "MED_MEN_SI": 0.0, "MED_MEN_H": 0.0, "MED_MEN_M": 0.0, "MED_MAY_SI": 0.0, "MED_MAY_H": 25.0, "MED_MAY_M": 20.0, "NT1_SI": 0.0, "NT1_H": 30.0, "NT1_M": 27.0, "NT2_SI": 0.0, "NT2_H": 24.0, "NT2_M": 20.0, "N_TOTAL": 146.0, "DIRECCION": "CALLE EDUARDO MATTE", "NUMERO": 2042.0, "REFERENCIA": "ENTRE CARMEN Y SAN ISIDRO", "LATITUD": -33.47228, "LONGITUD": -70.63798, "centroide_x": 347798.95365095831, "centroide_y": 6295153.9644648489, "crs_original": "EPSG:4326", "fecha_normalizacion": "2025-10-10 01:59:23" }, "geometry": { "type": "Point", "coordinates": [ 347798.95365095831221, 6295153.964464848861098 ] } },
{ "type": "Feature", "properties": { "AGNO": 2021.0, "ID_ESTAB": 25627.0, "ORIGEN": 1.0, "NOM_ESTAB": "ESCUELA PARVULOS INST. SWEET N1", "COD_REG_ES": 13.0, "COD_PRO_ES": 131.0, "COD_COM_ES": 13101.0, "NOM_COM_ES": "SANTIAGO", "COD_DEPROV": 131.0, "NOM_DEPROV": "SANTIAGO CENTRO", "DEPENDENCI": 2.0, "RURAL_ESTA": 0.0, "ESTADO_EST": 1.0, "SC_MEN_SI": 0.0, "SC_MEN_H": 0.0, "SC_MEN_M": 0.0, "SC_MAY_H": 0.0, "SC_MAY_M": 0.0, "MED_MEN_SI": 0.0, "MED_MEN_H": 0.0, "MED_MEN_M": 0.0, "MED_MAY_SI": 0.0, "MED_MAY_H": 0.0, "MED_MAY_M": 0.0, "NT1_SI": 0.0, "NT1_H": 46.0, "NT1_M": 35.0, "NT2_SI": 0.0, "NT2_H": 46.0, "NT2_M": 48.0, "N_TOTAL": 175.0, "DIRECCION": "SARGENTO ALDEA", "NUMERO": 1057.0, "REFERENCIA": "SAN DIEGO ALTURA DEL 1600 HACIA EL ORIENTE.", "LATITUD": -33.468243, "LONGITUD": -70.64721, "centroide_x": 346934.10976877704, "centroide_y": 6295588.0462972289, "crs_original": "EPSG:4326", "fecha_normalizacion": "2025-10-10 01:59:23" }, "geometry": { "type": "Point", "coordinates": [ 346934.109768777037971, 6295588.046297228895128 ] } },
{ "type": "Feature", "properties": { "AGNO": 2021.0, "ID_ESTAB": 25638.0, "ORIGEN": 1.0, "NOM_ESTAB": "ESCUELA ESPECIAL CASTORCITO", "COD_REG_ES": 13.0, "COD_PRO_ES": 131.0, "COD_COM_ES": 13129.0, "NOM_COM_ES": "SAN JOAQUÍN", "COD_DEPROV": 131.0, "NOM_DEPROV": "SANTIAGO CENTRO", "DEPENDENCI": 2.0, "RURAL_ESTA": 0.0, "ESTADO_EST": 1.0, "SC_MEN_SI": 0.0, "SC_MEN_H": 0.0, "SC_MEN_M": 0.0, "SC_MAY_H": 0.0, "SC_MAY_M": 0.0, "MED_MEN_SI": 0.0, "MED_MEN_H": 0.0, "MED_MEN_M": 0.0, "MED_MAY_SI": 0.0, "MED_MAY_H": 15.0, "MED_MAY_M": 13.0, "NT1_SI": 0.0, "NT1_H": 18.0, "NT1_M": 12.0, "NT2_SI": 0.0, "NT2_H": 14.0, "NT2_M": 10.0, "N_TOTAL": 82.0, "DIRECCION": "CALLE DAVILA LARRAIN", "NUMERO": 2356.0, "REFERENCIA": "PARADERO1 STA ROSA AL ESTE", "LATITUD": -33.47561, "LONGITUD": -70.632576, "centroide_x": 348306.95163892943, "centroide_y": 6294792.6192521751, "crs_original": "EPSG:4326", "fecha_normalizacion": "2025-10-10 01:59:23" }, "geometry": { "type": "Point", "coordinates": [ 348306.951638929429464, 6294792.619252175092697 ] } },
{ "type": "Feature", "properties": { "AGNO": 2021.0, "ID_ESTAB": 25822.0, "ORIGEN": 1.0, "NOM_ESTAB": "ESCUELA DE PARVULOS N°1980 SAN ANTONIO MARIA ZACCARIA II", "COD_REG_ES": 13.0, "COD_PRO_ES": 131.0, "COD_COM_ES": 13101.0, "NOM_COM_ES": "SANTIAGO", "COD_DEPROV": 131.0, "NOM_DEPROV": "SANTIAGO CENTRO", "DEPENDENCI": 3.0, "RURAL_ESTA": 0.0, "ESTADO_EST": 1.0, "SC_MEN_SI": 0.0, "SC_MEN_H": 0.0, "SC_MEN_M": 0.0, "SC_MAY_H": 0.0, "SC_MAY_M": 0.0, "MED_MEN_SI": 0.0, "MED_MEN_H": 0.0, "MED_MEN_M": 0.0, "MED_MAY_SI": 0.0, "MED_MAY_H": 0.0, "MED_MAY_M": 0.0, "NT1_SI": 0.0, "NT1_H": 0.0, "NT1_M": 0.0, "NT2_SI": 0.0, "NT2_H": 3.0, "NT2_M": 3.0, "N_TOTAL": 6.0, "DIRECCION": "CALLE LORD COCHRANE", "NUMERO": 1589.0, "REFERENCIA": null, "LATITUD": -33.46755, "LONGITUD": -70.65258, "centroide_x": 346433.82891608786, "centroide_y": 6295656.9633352254, "crs_original": "EPSG:4326", "fecha_normalizacion": "2025-10-10 01:59:23" }, "geometry": { "type": "Point", "coordinates": [ 346433.828916087863036, 6295656.963335225358605 ] } },
{ "type": "Feature", "properties": { "AGNO": 2021.0, "ID_ESTAB": 25859.0, "ORIGEN": 1.0, "NOM_ESTAB": "ESCUELA ESP. PART. RALUI", "COD_REG_ES": 13.0, "COD_PRO_ES": 131.0, "COD_COM_ES": 13101.0, "NOM_COM_ES": "SANTIAGO", "COD_DEPROV": 131.0, "NOM_DEPROV": "SANTIAGO CENTRO", "DEPENDENCI": 2.0, "RURAL_ESTA": 0.0, "ESTADO_EST": 1.0, "SC_MEN_SI": 0.0, "SC_MEN_H": 0.0, "SC_MEN_M": 0.0, "SC_MAY_H": 0.0, "SC_MAY_M": 0.0, "MED_MEN_SI": 0.0, "MED_MEN_H": 0.0, "MED_MEN_M": 0.0, "MED_MAY_SI": 0.0, "MED_MAY_H": 18.0, "MED_MAY_M": 10.0, "NT1_SI": 0.0, "NT1_H": 15.0, "NT1_M": 8.0, "NT2_SI": 0.0, "NT2_H": 16.0, "NT2_M": 6.0, "N_TOTAL": 73.0, "DIRECCION": "CALLE PORVENIR", "NUMERO": 446.0, "REFERENCIA": "PORVENIR ENTRE CARMEN Y LIRA", "LATITUD": -33.456388, "LONGITUD": -70.638266, "centroide_x": 347744.58376512851, "centroide_y": 6296915.7501304336, "crs_original": "EPSG:4326", "fecha_normalizacion": "2025-10-10 01:59:23" }, "geometry": { "type": "Point", "coordinates": [ 347744.583765128511004, 6296915.75013043358922 ] } },
{ "type": "Feature", "properties": { "AGNO": 2021.0, "ID_ESTAB": 25940.0, "ORIGEN": 1.0, "NOM_ESTAB": "ESCUELA DE PARV. PARQUE OHIGGINS", "COD_REG_ES": 13.0, "COD_PRO_ES": 131.0, "COD_COM_ES": 13101.0, "NOM_COM_ES": "SANTIAGO", "COD_DEPROV": 131.0, "NOM_DEPROV": "SANTIAGO CENTRO", "DEPENDENCI": 1.0, "RURAL_ESTA": 0.0, "ESTADO_EST": 1.0, "SC_MEN_SI": 0.0, "SC_MEN_H": 0.0, "SC_MEN_M": 0.0, "SC_MAY_H": 0.0, "SC_MAY_M": 0.0, "MED_MEN_SI": 0.0, "MED_MEN_H": 0.0, "MED_MEN_M": 0.0, "MED_MAY_SI": 0.0, "MED_MAY_H": 0.0, "MED_MAY_M": 0.0, "NT1_SI": 0.0, "NT1_H": 18.0, "NT1_M": 26.0, "NT2_SI": 0.0, "NT2_H": 10.0, "NT2_M": 20.0, "N_TOTAL": 74.0, "DIRECCION": "INTERIOR PARQUE O'HIGGINS", "NUMERO": 0.0, "REFERENCIA": "INTERIOR PARQUE O´HIGGINS (ENTRADA POR RONDIZZONI)", "LATITUD": -33.468187, "LONGITUD": -70.658462, "centroide_x": 345888.31110450067, "centroide_y": 6295577.6156515339, "crs_original": "EPSG:4326", "fecha_normalizacion": "2025-10-10 01:59:23" }, "geometry": { "type": "Point", "coordinates": [ 345888.311104500666261, 6295577.615651533938944 ] } },
{ "type": "Feature", "properties": { "AGNO": 2021.0, "ID_ESTAB": 26036.0, "ORIGEN": 1.0, "NOM_ESTAB": "ESCUELA ESPECIAL N 2086 HOSPITAL CLINICO PONTIFICIA UNIVERSIDAD CATÓLICA DE CHILE", "COD_REG_ES": 13.0, "COD_PRO_ES": 131.0, "COD_COM_ES": 13101.0, "NOM_COM_ES": "SANTIAGO", "COD_DEPROV": 131.0, "NOM_DEPROV": "SANTIAGO CENTRO", "DEPENDENCI": 2.0, "RURAL_ESTA": 0.0, "ESTADO_EST": 1.0, "SC_MEN_SI": 0.0, "SC_MEN_H": 0.0, "SC_MEN_M": 0.0, "SC_MAY_H": 0.0, "SC_MAY_M": 0.0, "MED_MEN_SI": 0.0, "MED_MEN_H": 0.0, "MED_MEN_M": 0.0, "MED_MAY_SI": 0.0, "MED_MAY_H": 0.0, "MED_MAY_M": 0.0, "NT1_SI": 0.0, "NT1_H": 0.0, "NT1_M": 0.0, "NT2_SI": 0.0, "NT2_H": 1.0, "NT2_M": 1.0, "N_TOTAL": 2.0, "DIRECCION": "MARCOLETA", "NUMERO": 367.0, "REFERENCIA": "7º PISO - ENTRE PORTUGAL Y LIRA, UNA CUADRA HACIA EL SUR DESDE ALAMEDA", "LATITUD": -33.442176, "LONGITUD": -70.640256, "centroide_x": 347534.77850153716, "centroide_y": 6298488.6910736766, "crs_original": "EPSG:4326", "fecha_normalizacion": "2025-10-10 01:59:23" }, "geometry": { "type": "Point", "coordinates": [ 347534.778501537162811, 6298488.69107367657125 ] } },
{ "type": "Feature", "properties": { "AGNO": 2021.0, "ID_ESTAB": 26081.0, "ORIGEN": 1.0, "NOM_ESTAB": "ESCUELA ESP. DICKENS COLLEGE", "COD_REG_ES": 13.0, "COD_PRO_ES": 131.0, "COD_COM_ES": 13108.0, "NOM_COM_ES": "INDEPENDENCIA", "COD_DEPROV": 137.0, "NOM_DEPROV": "SANTIAGO NORTE", "DEPENDENCI": 2.0, "RURAL_ESTA": 0.0, "ESTADO_EST": 1.0, "SC_MEN_SI": 0.0, "SC_MEN_H": 0.0, "SC_MEN_M": 0.0, "SC_MAY_H": 0.0, "SC_MAY_M": 0.0, "MED_MEN_SI": 0.0, "MED_MEN_H": 0.0, "MED_MEN_M": 0.0, "MED_MAY_SI": 0.0, "MED_MAY_H": 9.0, "MED_MAY_M": 9.0, "NT1_SI": 0.0, "NT1_H": 6.0, "NT1_M": 8.0, "NT2_SI": 0.0, "NT2_H": 6.0, "NT2_M": 6.0, "N_TOTAL": 44.0, "DIRECCION": "AVENIDA SALOMON SACK", "NUMERO": 686.0, "REFERENCIA": "ESQUINA 18 NORTE - POBLACIÓN JUAN ANTONIO RÍOS N°2.  FERMÍN VIVACETA-MUÑOZ GAMERO-AVENIDA SALOMÓN SACK,DOS CUADRAS DE LA COMPAÑÍA DE BOMBEROS,HACIA EL NORTE.", "LATITUD": -33.417183, "LONGITUD": -70.67542, "centroide_x": 344221.15362439246, "centroide_y": 6301207.9906908479, "crs_original": "EPSG:4326", "fecha_normalizacion": "2025-10-10 01:59:23" }, "geometry": { "type": "Point", "coordinates": [ 344221.153624392463826, 6301207.990690847858787 ] } },
{ "type": "Feature", "properties": { "AGNO": 2021.0, "ID_ESTAB": 31158.0, "ORIGEN": 1.0, "NOM_ESTAB": "ESC. DE PARVULOS Y ESPECIAL", "COD_REG_ES": 13.0, "COD_PRO_ES": 131.0, "COD_COM_ES": 13108.0, "NOM_COM_ES": "INDEPENDENCIA", "COD_DEPROV": 137.0, "NOM_DEPROV": "SANTIAGO NORTE", "DEPENDENCI": 2.0, "RURAL_ESTA": 0.0, "ESTADO_EST": 1.0, "SC_MEN_SI": 0.0, "SC_MEN_H": 0.0, "SC_MEN_M": 0.0, "SC_MAY_H": 0.0, "SC_MAY_M": 0.0, "MED_MEN_SI": 0.0, "MED_MEN_H": 0.0, "MED_MEN_M": 0.0, "MED_MAY_SI": 0.0, "MED_MAY_H": 23.0, "MED_MAY_M": 37.0, "NT1_SI": 0.0, "NT1_H": 44.0, "NT1_M": 34.0, "NT2_SI": 0.0, "NT2_H": 24.0, "NT2_M": 24.0, "N_TOTAL": 186.0, "DIRECCION": "ENRIQUE SORO", "NUMERO": 1015.0, "REFERENCIA": "SALOMON SACK 475, ESQUINA ENRIQUE SORO", "LATITUD": -33.418324, "LONGITUD": -70.67199, "centroide_x": 344542.14236934675, "centroide_y": 6301086.6022039158, "crs_original": "EPSG:4326", "fecha_normalizacion": "2025-10-10 01:59:23" }, "geometry": { "type": "Point", "coordinates": [ 344542.142369346751366, 6301086.602203915826976 ] } },
{ "type": "Feature", "properties": { "AGNO": 2021.0, "ID_ESTAB": 31184.0, "ORIGEN": 1.0, "NOM_ESTAB": "ESCUELA DE PARVULOS CASTORCITO Nº 2", "COD_REG_ES": 13.0, "COD_PRO_ES": 131.0, "COD_COM_ES": 13129.0, "NOM_COM_ES": "SAN JOAQUÍN", "COD_DEPROV": 131.0, "NOM_DEPROV": "SANTIAGO CENTRO", "DEPENDENCI": 2.0, "RURAL_ESTA": 0.0, "ESTADO_EST": 1.0, "SC_MEN_SI": 0.0, "SC_MEN_H": 0.0, "SC_MEN_M": 0.0, "SC_MAY_H": 0.0, "SC_MAY_M": 0.0, "MED_MEN_SI": 0.0, "MED_MEN_H": 0.0, "MED_MEN_M": 0.0, "MED_MAY_SI": 0.0, "MED_MAY_H": 0.0, "MED_MAY_M": 0.0, "NT1_SI": 0.0, "NT1_H": 1.0, "NT1_M": 2.0, "NT2_SI": 0.0, "NT2_H": 9.0, "NT2_M": 7.0, "N_TOTAL": 19.0, "DIRECCION": "TOCORNAL", "NUMERO": 2383.0, "REFERENCIA": null, "LATITUD": -33.475708, "LONGITUD": -70.633354, "centroide_x": 348234.82587265526, "centroide_y": 6294780.6166518517, "crs_original": "EPSG:4326", "fecha_normalizacion": "2025-10-10 01:59:23" }, "geometry": { "type": "Point", "coordinates": [ 348234.825872655259445, 6294780.616651851683855 ] } },
{ "type": "Feature", "properties": { "AGNO": 2021.0, "ID_ESTAB": 31438.0, "ORIGEN": 1.0, "NOM_ESTAB": "COLEGIO AULA CLINICA SANTA MARIA", "COD_REG_ES": 13.0, "COD_PRO_ES": 131.0, "COD_COM_ES": 13123.0, "NOM_COM_ES": "PROVIDENCIA", "COD_DEPROV": 133.0, "NOM_DEPROV": "SANTIAGO ORIENTE", "DEPENDENCI": 2.0, "RURAL_ESTA": 0.0, "ESTADO_EST": 1.0, "SC_MEN_SI": 0.0, "SC_MEN_H": 0.0, "SC_MEN_M": 0.0, "SC_MAY_H": 0.0, "SC_MAY_M": 0.0, "MED_MEN_SI": 0.0, "MED_MEN_H": 0.0, "MED_MEN_M": 0.0, "MED_MAY_SI": 0.0, "MED_MAY_H": 0.0, "MED_MAY_M": 0.0, "NT1_SI": 0.0, "NT1_H": 1.0, "NT1_M": 0.0, "NT2_SI": 0.0, "NT2_H": 2.0, "NT2_M": 0.0, "N_TOTAL": 3.0, "DIRECCION": "AVENIDA SANTA MARIA", "NUMERO": 500.0, "REFERENCIA": "AV.BELLAVISTA CON CAPELLÁN ABARZÚA", "LATITUD": -33.432772, "LONGITUD": -70.628324, "centroide_x": 348627.63412985357, "centroide_y": 6299548.9532196932, "crs_original": "EPSG:4326", "fecha_normalizacion": "2025-10-10 01:59:23" }, "geometry": { "type": "Point", "coordinates": [ 348627.634129853569902, 6299548.953219693154097 ] } },
{ "type": "Feature", "properties": { "AGNO": 2021.0, "ID_ESTAB": 31494.0, "ORIGEN": 1.0, "NOM_ESTAB": "COL HOSP. CONSTRUYENDO SUEÑOS, CLINICA DAVILA", "COD_REG_ES": 13.0, "COD_PRO_ES": 131.0, "COD_COM_ES": 13127.0, "NOM_COM_ES": "RECOLETA", "COD_DEPROV": 137.0, "NOM_DEPROV": "SANTIAGO NORTE", "DEPENDENCI": 2.0, "RURAL_ESTA": 0.0, "ESTADO_EST": 1.0, "SC_MEN_SI": 0.0, "SC_MEN_H": 0.0, "SC_MEN_M": 0.0, "SC_MAY_H": 0.0, "SC_MAY_M": 0.0, "MED_MEN_SI": 0.0, "MED_MEN_H": 0.0, "MED_MEN_M": 0.0, "MED_MAY_SI": 0.0, "MED_MAY_H": 0.0, "MED_MAY_M": 0.0, "NT1_SI": 0.0, "NT1_H": 3.0, "NT1_M": 2.0, "NT2_SI": 0.0, "NT2_H": 1.0, "NT2_M": 2.0, "N_TOTAL": 8.0, "DIRECCION": "AVENIDA RECOLETA", "NUMERO": 464.0, "REFERENCIA": "METRO PATRONATO  DENTRO DE CLINICA DAVILA  EDIFICIO G  PISO -1", "LATITUD": -33.427278, "LONGITUD": -70.648545, "centroide_x": 346737.95502963243, "centroide_y": 6300128.5766657405, "crs_original": "EPSG:4326", "fecha_normalizacion": "2025-10-10 01:59:23" }, "geometry": { "type": "Point", "coordinates": [ 346737.955029632430524, 6300128.576665740460157 ] } },
{ "type": "Feature", "properties": { "AGNO": 2021.0, "ID_ESTAB": 41596.0, "ORIGEN": 1.0, "NOM_ESTAB": "ESCUELA ESPECIAL INTEGRAL DE CARABINEROS", "COD_REG_ES": 13.0, "COD_PRO_ES": 131.0, "COD_COM_ES": 13113.0, "NOM_COM_ES": "LA REINA", "COD_DEPROV": 133.0, "NOM_DEPROV": "SANTIAGO ORIENTE", "DEPENDENCI": 3.0, "RURAL_ESTA": 0.0, "ESTADO_EST": 1.0, "SC_MEN_SI": 0.0, "SC_MEN_H": 0.0, "SC_MEN_M": 0.0, "SC_MAY_H": 0.0, "SC_MAY_M": 0.0, "MED_MEN_SI": 0.0, "MED_MEN_H": 0.0, "MED_MEN_M": 0.0, "MED_MAY_SI": 0.0, "MED_MAY_H": 0.0, "MED_MAY_M": 0.0, "NT1_SI": 0.0, "NT1_H": 0.0, "NT1_M": 0.0, "NT2_SI": 0.0, "NT2_H": 0.0, "NT2_M": 1.0, "N_TOTAL": 1.0, "DIRECCION": "AMUNATEGUI", "NUMERO": 519.0, "REFERENCIA": null, "LATITUD": -33.437601, "LONGITUD": -70.65671, "centroide_x": 345997.05762370361, "centroide_y": 6298971.7887333892, "crs_original": "EPSG:4326", "fecha_normalizacion": "2025-10-10 01:59:23" }, "geometry": { "type": "Point", "coordinates": [ 345997.057623703614809, 6298971.788733389228582 ] } },
{ "type": "Feature", "properties": { "AGNO": 2021.0, "ID_ESTAB": 41775.0, "ORIGEN": 1.0, "NOM_ESTAB": "SALA CUNA Y JARDIN INFANTIL CRUCERO", "COD_REG_ES": 13.0, "COD_PRO_ES": 131.0, "COD_COM_ES": 13123.0, "NOM_COM_ES": "PROVIDENCIA", "COD_DEPROV": 133.0, "NOM_DEPROV": "SANTIAGO ORIENTE", "DEPENDENCI": 3.0, "RURAL_ESTA": 0.0, "ESTADO_EST": 1.0, "SC_MEN_SI": 0.0, "SC_MEN_H": 0.0, "SC_MEN_M": 0.0, "SC_MAY_H": 0.0, "SC_MAY_M": 1.0, "MED_MEN_SI": 0.0, "MED_MEN_H": 5.0, "MED_MEN_M": 1.0, "MED_MAY_SI": 0.0, "MED_MAY_H": 0.0, "MED_MAY_M": 7.0, "NT1_SI": 0.0, "NT1_H": 1.0, "NT1_M": 2.0, "NT2_SI": 0.0, "NT2_H": 0.0, "NT2_M": 0.0, "N_TOTAL": 17.0, "DIRECCION": "CRUCERO EXETER", "NUMERO": 286.0, "REFERENCIA": "BARRIO BELLAVISTA SE SUBE  POR CALLE CONSTITUCIÓN. SE DOBLA DERECHA POR ANTONIA LÓPEZ DE BELLO Y DOS CUADRA AL ORIENTE, A MANO I", "LATITUD": -33.430805, "LONGITUD": -70.63281, "centroide_x": 348207.17250649101, "centroide_y": 6299760.5799782667, "crs_original": "EPSG:4326", "fecha_normalizacion": "2025-10-10 01:59:23" }, "geometry": { "type": "Point", "coordinates": [ 348207.172506491013337, 6299760.579978266730905 ] } },
{ "type": "Feature", "properties": { "AGNO": 2021.0, "ID_ESTAB": 13101023.0, "ORIGEN": 2.0, "NOM_ESTAB": "CLAUDIO ARRAU", "COD_REG_ES": 13.0, "COD_PRO_ES": 131.0, "COD_COM_ES": 13101.0, "NOM_COM_ES": "SANTIAGO", "COD_DEPROV": 0.0, "NOM_DEPROV": null, "DEPENDENCI": 4.0, "RURAL_ESTA": 0.0, "ESTADO_EST": 0.0, "SC_MEN_SI": 0.0, "SC_MEN_H": 0.0, "SC_MEN_M": 0.0, "SC_MAY_H": 10.0, "SC_MAY_M": 4.0, "MED_MEN_SI": 0.0, "MED_MEN_H": 15.0, "MED_MEN_M": 15.0, "MED_MAY_SI": 0.0, "MED_MAY_H": 36.0, "MED_MAY_M": 27.0, "NT1_SI": 0.0, "NT1_H": 0.0, "NT1_M": 0.0, "NT2_SI": 0.0, "NT2_H": 0.0, "NT2_M": 0.0, "N_TOTAL": 107.0, "DIRECCION": "SANTO DOMINGO", "NUMERO": 2005.0, "REFERENCIA": null, "LATITUD": -33.438041, "LONGITUD": -70.664801, "centroide_x": 345245.65242790349, "centroide_y": 6298910.9936392214, "crs_original": "EPSG:4326", "fecha_normalizacion": "2025-10-10 01:59:23" }, "geometry": { "type": "Point", "coordinates": [ 345245.652427903492935, 6298910.993639221414924 ] } },
{ "type": "Feature", "properties": { "AGNO": 2021.0, "ID_ESTAB": 13101024.0, "ORIGEN": 2.0, "NOM_ESTAB": "MARCELA PAZ", "COD_REG_ES": 13.0, "COD_PRO_ES": 131.0, "COD_COM_ES": 13101.0, "NOM_COM_ES": "SANTIAGO", "COD_DEPROV": 0.0, "NOM_DEPROV": null, "DEPENDENCI": 4.0, "RURAL_ESTA": 0.0, "ESTADO_EST": 0.0, "SC_MEN_SI": 0.0, "SC_MEN_H": 0.0, "SC_MEN_M": 0.0, "SC_MAY_H": 11.0, "SC_MAY_M": 8.0, "MED_MEN_SI": 0.0, "MED_MEN_H": 0.0, "MED_MEN_M": 0.0, "MED_MAY_SI": 0.0, "MED_MAY_H": 0.0, "MED_MAY_M": 0.0, "NT1_SI": 0.0, "NT1_H": 0.0, "NT1_M": 0.0, "NT2_SI": 0.0, "NT2_H": 0.0, "NT2_M": 0.0, "N_TOTAL": 19.0, "DIRECCION": "ZENTENO", "NUMERO": 1695.0, "REFERENCIA": ", SANTIAGO", "LATITUD": -33.469125, "LONGITUD": -70.649783, "centroide_x": 346696.55178442609, "centroide_y": 6295486.4725924348, "crs_original": "EPSG:4326", "fecha_normalizacion": "2025-10-10 01:59:23" }, "geometry": { "type": "Point", "coordinates": [ 346696.551784426090308, 6295486.472592434845865 ] } },
{ "type": "Feature", "properties": { "AGNO": 2021.0, "ID_ESTAB": 13101025.0, "ORIGEN": 2.0, "NOM_ESTAB": "GABRIELA MISTRAL", "COD_REG_ES": 13.0, "COD_PRO_ES": 131.0, "COD_COM_ES": 13101.0, "NOM_COM_ES": "SANTIAGO", "COD_DEPROV": 0.0, "NOM_DEPROV": null, "DEPENDENCI": 4.0, "RURAL_ESTA": 0.0, "ESTADO_EST": 0.0, "SC_MEN_SI": 0.0, "SC_MEN_H": 0.0, "SC_MEN_M": 0.0, "SC_MAY_H": 11.0, "SC_MAY_M": 9.0, "MED_MEN_SI": 0.0, "MED_MEN_H": 0.0, "MED_MEN_M": 0.0, "MED_MAY_SI": 0.0, "MED_MAY_H": 0.0, "MED_MAY_M": 0.0, "NT1_SI": 0.0, "NT1_H": 0.0, "NT1_M": 0.0, "NT2_SI": 0.0, "NT2_H": 0.0, "NT2_M": 0.0, "N_TOTAL": 20.0, "DIRECCION": "NATANIEL", "NUMERO": 2029.0, "REFERENCIA": ", SANTIAGO", "LATITUD": -33.473227, "LONGITUD": -70.649906, "centroide_x": 346692.30842234846, "centroide_y": 6295031.4544215016, "crs_original": "EPSG:4326", "fecha_normalizacion": "2025-10-10 01:59:23" }, "geometry": { "type": "Point", "coordinates": [ 346692.308422348462045, 6295031.454421501606703 ] } },
{ "type": "Feature", "properties": { "AGNO": 2021.0, "ID_ESTAB": 13101026.0, "ORIGEN": 2.0, "NOM_ESTAB": "COPIAPO", "COD_REG_ES": 13.0, "COD_PRO_ES": 131.0, "COD_COM_ES": 13101.0, "NOM_COM_ES": "SANTIAGO", "COD_DEPROV": 0.0, "NOM_DEPROV": null, "DEPENDENCI": 4.0, "RURAL_ESTA": 0.0, "ESTADO_EST": 0.0, "SC_MEN_SI": 0.0, "SC_MEN_H": 0.0, "SC_MEN_M": 0.0, "SC_MAY_H": 0.0, "SC_MAY_M": 0.0, "MED_MEN_SI": 0.0, "MED_MEN_H": 6.0, "MED_MEN_M": 3.0, "MED_MAY_SI": 0.0, "MED_MAY_H": 8.0, "MED_MAY_M": 12.0, "NT1_SI": 0.0, "NT1_H": 6.0, "NT1_M": 3.0, "NT2_SI": 0.0, "NT2_H": 0.0, "NT2_M": 0.0, "N_TOTAL": 38.0, "DIRECCION": "COPIAPO", "NUMERO": 1342.0, "REFERENCIA": null, "LATITUD": -33.456044, "LONGITUD": -70.653443, "centroide_x": 346333.31887186889, "centroide_y": 6296931.5479213838, "crs_original": "EPSG:4326", "fecha_normalizacion": "2025-10-10 01:59:23" }, "geometry": { "type": "Point", "coordinates": [ 346333.31887186889071, 6296931.547921383753419 ] } },
{ "type": "Feature", "properties": { "AGNO": 2021.0, "ID_ESTAB": 13101031.0, "ORIGEN": 2.0, "NOM_ESTAB": "SANTO DOMINGO", "COD_REG_ES": 13.0, "COD_PRO_ES": 131.0, "COD_COM_ES": 13101.0, "NOM_COM_ES": "SANTIAGO", "COD_DEPROV": 0.0, "NOM_DEPROV": null, "DEPENDENCI": 4.0, "RURAL_ESTA": 0.0, "ESTADO_EST": 0.0, "SC_MEN_SI": 0.0, "SC_MEN_H": 0.0, "SC_MEN_M": 0.0, "SC_MAY_H": 0.0, "SC_MAY_M": 0.0, "MED_MEN_SI": 0.0, "MED_MEN_H": 4.0, "MED_MEN_M": 6.0, "MED_MAY_SI": 0.0, "MED_MAY_H": 3.0, "MED_MAY_M": 6.0, "NT1_SI": 0.0, "NT1_H": 4.0, "NT1_M": 5.0, "NT2_SI": 0.0, "NT2_H": 1.0, "NT2_M": 0.0, "N_TOTAL": 29.0, "DIRECCION": "SANTO DOMINGO", "NUMERO": 2020.0, "REFERENCIA": null, "LATITUD": -33.438275, "LONGITUD": -70.665036, "centroide_x": 345224.20344287297, "centroide_y": 6298884.734831864, "crs_original": "EPSG:4326", "fecha_normalizacion": "2025-10-10 01:59:23" }, "geometry": { "type": "Point", "coordinates": [ 345224.203442872967571, 6298884.734831864014268 ] } },
{ "type": "Feature", "properties": { "AGNO": 2021.0, "ID_ESTAB": 13101034.0, "ORIGEN": 2.0, "NOM_ESTAB": "SAN FCO DE ASISIS", "COD_REG_ES": 13.0, "COD_PRO_ES": 131.0, "COD_COM_ES": 13101.0, "NOM_COM_ES": "SANTIAGO", "COD_DEPROV": 0.0, "NOM_DEPROV": null, "DEPENDENCI": 4.0, "RURAL_ESTA": 0.0, "ESTADO_EST": 0.0, "SC_MEN_SI": 0.0, "SC_MEN_H": 13.0, "SC_MEN_M": 6.0, "SC_MAY_H": 9.0, "SC_MAY_M": 12.0, "MED_MEN_SI": 0.0, "MED_MEN_H": 0.0, "MED_MEN_M": 0.0, "MED_MAY_SI": 0.0, "MED_MAY_H": 0.0, "MED_MAY_M": 0.0, "NT1_SI": 0.0, "NT1_H": 0.0, "NT1_M": 0.0, "NT2_SI": 0.0, "NT2_H": 0.0, "NT2_M": 0.0, "N_TOTAL": 40.0, "DIRECCION": "SAN FRANCISCO", "NUMERO": 1315.0, "REFERENCIA": null, "LATITUD": -33.462911, "LONGITUD": -70.645043, "centroide_x": 347126.1783227165, "centroide_y": 6296182.4586489601, "crs_original": "EPSG:4326", "fecha_normalizacion": "2025-10-10 01:59:23" }, "geometry": { "type": "Point", "coordinates": [ 347126.178322716499679, 6296182.458648960106075 ] } },
{ "type": "Feature", "properties": { "AGNO": 2021.0, "ID_ESTAB": 13101035.0, "ORIGEN": 2.0, "NOM_ESTAB": "SOR TERESITA DE LOS ANDES", "COD_REG_ES": 13.0, "COD_PRO_ES": 131.0, "COD_COM_ES": 13101.0, "NOM_COM_ES": "SANTIAGO", "COD_DEPROV": 0.0, "NOM_DEPROV": null, "DEPENDENCI": 4.0, "RURAL_ESTA": 0.0, "ESTADO_EST": 0.0, "SC_MEN_SI": 0.0, "SC_MEN_H": 0.0, "SC_MEN_M": 0.0, "SC_MAY_H": 7.0, "SC_MAY_M": 3.0, "MED_MEN_SI": 0.0, "MED_MEN_H": 35.0, "MED_MEN_M": 21.0, "MED_MAY_SI": 0.0, "MED_MAY_H": 31.0, "MED_MAY_M": 23.0, "NT1_SI": 0.0, "NT1_H": 0.0, "NT1_M": 0.0, "NT2_SI": 0.0, "NT2_H": 0.0, "NT2_M": 0.0, "N_TOTAL": 120.0, "DIRECCION": "JUAN VICUÑA", "NUMERO": 1650.0, "REFERENCIA": null, "LATITUD": -33.467961, "LONGITUD": -70.643222, "centroide_x": 347304.20968172298, "centroide_y": 6295625.1808339357, "crs_original": "EPSG:4326", "fecha_normalizacion": "2025-10-10 01:59:23" }, "geometry": { "type": "Point", "coordinates": [ 347304.209681722975802, 6295625.18083393573761 ] } },
{ "type": "Feature", "properties": { "AGNO": 2021.0, "ID_ESTAB": 13101036.0, "ORIGEN": 2.0, "NOM_ESTAB": "PADRE ALBERTO HURTADO", "COD_REG_ES": 13.0, "COD_PRO_ES": 131.0, "COD_COM_ES": 13101.0, "NOM_COM_ES": "SANTIAGO", "COD_DEPROV": 0.0, "NOM_DEPROV": null, "DEPENDENCI": 4.0, "RURAL_ESTA": 0.0, "ESTADO_EST": 0.0, "SC_MEN_SI": 0.0, "SC_MEN_H": 0.0, "SC_MEN_M": 0.0, "SC_MAY_H": 5.0, "SC_MAY_M": 7.0, "MED_MEN_SI": 0.0, "MED_MEN_H": 14.0, "MED_MEN_M": 18.0, "MED_MAY_SI": 0.0, "MED_MAY_H": 35.0, "MED_MAY_M": 28.0, "NT1_SI": 0.0, "NT1_H": 0.0, "NT1_M": 0.0, "NT2_SI": 0.0, "NT2_H": 0.0, "NT2_M": 0.0, "N_TOTAL": 107.0, "DIRECCION": "ZENTENO", "NUMERO": 821.0, "REFERENCIA": null, "LATITUD": -33.455908, "LONGITUD": -70.651408, "centroide_x": 346522.22748671356, "centroide_y": 6296949.6366931088, "crs_original": "EPSG:4326", "fecha_normalizacion": "2025-10-10 01:59:23" }, "geometry": { "type": "Point", "coordinates": [ 346522.227486713556573, 6296949.636693108826876 ] } },
{ "type": "Feature", "properties": { "AGNO": 2021.0, "ID_ESTAB": 13101037.0, "ORIGEN": 2.0, "NOM_ESTAB": "APOSTOL SANTIAGO", "COD_REG_ES": 13.0, "COD_PRO_ES": 131.0, "COD_COM_ES": 13101.0, "NOM_COM_ES": "SANTIAGO", "COD_DEPROV": 0.0, "NOM_DEPROV": null, "DEPENDENCI": 4.0, "RURAL_ESTA": 0.0, "ESTADO_EST": 0.0, "SC_MEN_SI": 0.0, "SC_MEN_H": 11.0, "SC_MEN_M": 9.0, "SC_MAY_H": 34.0, "SC_MAY_M": 27.0, "MED_MEN_SI": 0.0, "MED_MEN_H": 33.0, "MED_MEN_M": 30.0, "MED_MAY_SI": 0.0, "MED_MAY_H": 36.0, "MED_MAY_M": 25.0, "NT1_SI": 0.0, "NT1_H": 0.0, "NT1_M": 0.0, "NT2_SI": 0.0, "NT2_H": 0.0, "NT2_M": 0.0, "N_TOTAL": 205.0, "DIRECCION": "MANUEL ANTONIO TOCORNAL", "NUMERO": 18.0, "REFERENCIA": null, "LATITUD": -33.4604, "LONGITUD": -70.637471, "centroide_x": 347825.49010670872, "centroide_y": 6296472.0396800172, "crs_original": "EPSG:4326", "fecha_normalizacion": "2025-10-10 01:59:23" }, "geometry": { "type": "Point", "coordinates": [ 347825.490106708719395, 6296472.039680017158389 ] } },
{ "type": "Feature", "properties": { "AGNO": 2021.0, "ID_ESTAB": 13101038.0, "ORIGEN": 2.0, "NOM_ESTAB": "POETA VICENTE HUIDOBRO", "COD_REG_ES": 13.0, "COD_PRO_ES": 131.0, "COD_COM_ES": 13101.0, "NOM_COM_ES": "SANTIAGO", "COD_DEPROV": 0.0, "NOM_DEPROV": null, "DEPENDENCI": 4.0, "RURAL_ESTA": 0.0, "ESTADO_EST": 0.0, "SC_MEN_SI": 0.0, "SC_MEN_H": 0.0, "SC_MEN_M": 0.0, "SC_MAY_H": 5.0, "SC_MAY_M": 7.0, "MED_MEN_SI": 0.0, "MED_MEN_H": 22.0, "MED_MEN_M": 11.0, "MED_MAY_SI": 0.0, "MED_MAY_H": 27.0, "MED_MAY_M": 31.0, "NT1_SI": 0.0, "NT1_H": 0.0, "NT1_M": 0.0, "NT2_SI": 0.0, "NT2_H": 0.0, "NT2_M": 0.0, "N_TOTAL": 103.0, "DIRECCION": "SANTO DOMINGO", "NUMERO": 2006.0, "REFERENCIA": null, "LATITUD": -33.438225, "LONGITUD": -70.664669, "centroide_x": 345258.23476450995, "centroide_y": 6298890.8023349373, "crs_original": "EPSG:4326", "fecha_normalizacion": "2025-10-10 01:59:23" }, "geometry": { "type": "Point", "coordinates": [ 345258.234764509950764, 6298890.802334937267005 ] } },
{ "type": "Feature", "properties": { "AGNO": 2021.0, "ID_ESTAB": 13101039.0, "ORIGEN": 2.0, "NOM_ESTAB": "NEMESIO ANTUNEZ", "COD_REG_ES": 13.0, "COD_PRO_ES": 131.0, "COD_COM_ES": 13101.0, "NOM_COM_ES": "SANTIAGO", "COD_DEPROV": 0.0, "NOM_DEPROV": null, "DEPENDENCI": 4.0, "RURAL_ESTA": 0.0, "ESTADO_EST": 0.0, "SC_MEN_SI": 0.0, "SC_MEN_H": 0.0, "SC_MEN_M": 0.0, "SC_MAY_H": 9.0, "SC_MAY_M": 14.0, "MED_MEN_SI": 0.0, "MED_MEN_H": 31.0, "MED_MEN_M": 26.0, "MED_MAY_SI": 0.0, "MED_MAY_H": 28.0, "MED_MAY_M": 33.0, "NT1_SI": 0.0, "NT1_H": 0.0, "NT1_M": 0.0, "NT2_SI": 0.0, "NT2_H": 0.0, "NT2_M": 0.0, "N_TOTAL": 141.0, "DIRECCION": "WALDO SILVA", "NUMERO": 2185.0, "REFERENCIA": null, "LATITUD": -33.474996, "LONGITUD": -70.651845, "centroide_x": 346515.27607607387, "centroide_y": 6294832.4275751291, "crs_original": "EPSG:4326", "fecha_normalizacion": "2025-10-10 01:59:23" }, "geometry": { "type": "Point", "coordinates": [ 346515.276076073874719, 6294832.427575129084289 ] } },
{ "type": "Feature", "properties": { "AGNO": 2021.0, "ID_ESTAB": 13101040.0, "ORIGEN": 2.0, "NOM_ESTAB": "CARDENAL RAUL SILVA HENRIQUEZ", "COD_REG_ES": 13.0, "COD_PRO_ES": 131.0, "COD_COM_ES": 13101.0, "NOM_COM_ES": "SANTIAGO", "COD_DEPROV": 0.0, "NOM_DEPROV": null, "DEPENDENCI": 4.0, "RURAL_ESTA": 0.0, "ESTADO_EST": 0.0, "SC_MEN_SI": 0.0, "SC_MEN_H": 0.0, "SC_MEN_M": 0.0, "SC_MAY_H": 8.0, "SC_MAY_M": 5.0, "MED_MEN_SI": 0.0, "MED_MEN_H": 15.0, "MED_MEN_M": 12.0, "MED_MAY_SI": 0.0, "MED_MAY_H": 25.0, "MED_MAY_M": 28.0, "NT1_SI": 0.0, "NT1_H": 0.0, "NT1_M": 0.0, "NT2_SI": 0.0, "NT2_H": 0.0, "NT2_M": 0.0, "N_TOTAL": 93.0, "DIRECCION": "ESPERANZA", "NUMERO": 1215.0, "REFERENCIA": null, "LATITUD": -33.432052, "LONGITUD": -70.676335, "centroide_x": 344162.65151265706, "centroide_y": 6299557.8520223321, "crs_original": "EPSG:4326", "fecha_normalizacion": "2025-10-10 01:59:23" }, "geometry": { "type": "Point", "coordinates": [ 344162.651512657059357, 6299557.852022332139313 ] } },
{ "type": "Feature", "properties": { "AGNO": 2021.0, "ID_ESTAB": 13101042.0, "ORIGEN": 2.0, "NOM_ESTAB": "JAPON", "COD_REG_ES": 13.0, "COD_PRO_ES": 131.0, "COD_COM_ES": 13101.0, "NOM_COM_ES": "SANTIAGO", "COD_DEPROV": 0.0, "NOM_DEPROV": null, "DEPENDENCI": 4.0, "RURAL_ESTA": 0.0, "ESTADO_EST": 0.0, "SC_MEN_SI": 0.0, "SC_MEN_H": 8.0, "SC_MEN_M": 7.0, "SC_MAY_H": 10.0, "SC_MAY_M": 6.0, "MED_MEN_SI": 0.0, "MED_MEN_H": 14.0, "MED_MEN_M": 13.0, "MED_MAY_SI": 0.0, "MED_MAY_H": 19.0, "MED_MAY_M": 35.0, "NT1_SI": 0.0, "NT1_H": 0.0, "NT1_M": 0.0, "NT2_SI": 0.0, "NT2_H": 0.0, "NT2_M": 0.0, "N_TOTAL": 112.0, "DIRECCION": "AVENIDA 10 DE JULIO HUAMACHUCO", "NUMERO": 760.0, "REFERENCIA": null, "LATITUD": -33.454203, "LONGITUD": -70.645736, "centroide_x": 347046.39646513737, "centroide_y": 6297147.0145604238, "crs_original": "EPSG:4326", "fecha_normalizacion": "2025-10-10 01:59:23" }, "geometry": { "type": "Point", "coordinates": [ 347046.396465137368068, 6297147.014560423791409 ] } },
{ "type": "Feature", "properties": { "AGNO": 2021.0, "ID_ESTAB": 13101043.0, "ORIGEN": 2.0, "NOM_ESTAB": "LUIS CALVO MACKENNA", "COD_REG_ES": 13.0, "COD_PRO_ES": 131.0, "COD_COM_ES": 13101.0, "NOM_COM_ES": "SANTIAGO", "COD_DEPROV": 0.0, "NOM_DEPROV": null, "DEPENDENCI": 4.0, "RURAL_ESTA": 0.0, "ESTADO_EST": 0.0, "SC_MEN_SI": 0.0, "SC_MEN_H": 0.0, "SC_MEN_M": 0.0, "SC_MAY_H": 0.0, "SC_MAY_M": 0.0, "MED_MEN_SI": 0.0, "MED_MEN_H": 27.0, "MED_MEN_M": 24.0, "MED_MAY_SI": 0.0, "MED_MAY_H": 31.0, "MED_MAY_M": 43.0, "NT1_SI": 0.0, "NT1_H": 0.0, "NT1_M": 0.0, "NT2_SI": 0.0, "NT2_H": 0.0, "NT2_M": 0.0, "N_TOTAL": 125.0, "DIRECCION": "RICARDO CUMMING", "NUMERO": 733.0, "REFERENCIA": null, "LATITUD": -33.436034, "LONGITUD": -70.668579, "centroide_x": 344890.83779471467, "centroide_y": 6299127.8989297394, "crs_original": "EPSG:4326", "fecha_normalizacion": "2025-10-10 01:59:23" }, "geometry": { "type": "Point", "coordinates": [ 344890.837794714665506, 6299127.898929739370942 ] } },
{ "type": "Feature", "properties": { "AGNO": 2021.0, "ID_ESTAB": 13101046.0, "ORIGEN": 2.0, "NOM_ESTAB": "PARQUE DE LOS REYES", "COD_REG_ES": 13.0, "COD_PRO_ES": 131.0, "COD_COM_ES": 13101.0, "NOM_COM_ES": "SANTIAGO", "COD_DEPROV": 0.0, "NOM_DEPROV": null, "DEPENDENCI": 4.0, "RURAL_ESTA": 0.0, "ESTADO_EST": 0.0, "SC_MEN_SI": 0.0, "SC_MEN_H": 11.0, "SC_MEN_M": 9.0, "SC_MAY_H": 12.0, "SC_MAY_M": 22.0, "MED_MEN_SI": 0.0, "MED_MEN_H": 35.0, "MED_MEN_M": 29.0, "MED_MAY_SI": 0.0, "MED_MAY_H": 38.0, "MED_MAY_M": 26.0, "NT1_SI": 0.0, "NT1_H": 0.0, "NT1_M": 0.0, "NT2_SI": 0.0, "NT2_H": 0.0, "NT2_M": 0.0, "N_TOTAL": 182.0, "DIRECCION": "YUNGAY", "NUMERO": 2750.0, "REFERENCIA": null, "LATITUD": -33.42925, "LONGITUD": -70.674604, "centroide_x": 344318.58074422646, "centroide_y": 6299871.1463352609, "crs_original": "EPSG:4326", "fecha_normalizacion": "2025-10-10 01:59:23" }, "geometry": { "type": "Point", "coordinates": [ 344318.580744226463139, 6299871.146335260942578 ] } },
{ "type": "Feature", "properties": { "AGNO": 2021.0, "ID_ESTAB": 13101047.0, "ORIGEN": 2.0, "NOM_ESTAB": "ROBERTO MATTA", "COD_REG_ES": 13.0, "COD_PRO_ES": 131.0, "COD_COM_ES": 13101.0, "NOM_COM_ES": "SANTIAGO", "COD_DEPROV": 0.0, "NOM_DEPROV": null, "DEPENDENCI": 4.0, "RURAL_ESTA": 0.0, "ESTADO_EST": 0.0, "SC_MEN_SI": 0.0, "SC_MEN_H": 10.0, "SC_MEN_M": 9.0, "SC_MAY_H": 16.0, "SC_MAY_M": 21.0, "MED_MEN_SI": 0.0, "MED_MEN_H": 0.0, "MED_MEN_M": 0.0, "MED_MAY_SI": 0.0, "MED_MAY_H": 0.0, "MED_MAY_M": 0.0, "NT1_SI": 0.0, "NT1_H": 0.0, "NT1_M": 0.0, "NT2_SI": 0.0, "NT2_H": 0.0, "NT2_M": 0.0, "N_TOTAL": 56.0, "DIRECCION": "BRASIL", "NUMERO": 618.0, "REFERENCIA": null, "LATITUD": -33.437322, "LONGITUD": -70.664747, "centroide_x": 345249.42422791978, "centroide_y": 6298990.769674967, "crs_original": "EPSG:4326", "fecha_normalizacion": "2025-10-10 01:59:23" }, "geometry": { "type": "Point", "coordinates": [ 345249.424227919778787, 6298990.769674967043102 ] } },
{ "type": "Feature", "properties": { "AGNO": 2021.0, "ID_ESTAB": 13101049.0, "ORIGEN": 2.0, "NOM_ESTAB": "NIDITO ESPERANZA", "COD_REG_ES": 13.0, "COD_PRO_ES": 131.0, "COD_COM_ES": 13101.0, "NOM_COM_ES": "SANTIAGO", "COD_DEPROV": 0.0, "NOM_DEPROV": null, "DEPENDENCI": 4.0, "RURAL_ESTA": 0.0, "ESTADO_EST": 0.0, "SC_MEN_SI": 0.0, "SC_MEN_H": 0.0, "SC_MEN_M": 0.0, "SC_MAY_H": 0.0, "SC_MAY_M": 0.0, "MED_MEN_SI": 0.0, "MED_MEN_H": 2.0, "MED_MEN_M": 3.0, "MED_MAY_SI": 0.0, "MED_MAY_H": 5.0, "MED_MAY_M": 3.0, "NT1_SI": 0.0, "NT1_H": 2.0, "NT1_M": 2.0, "NT2_SI": 0.0, "NT2_H": 1.0, "NT2_M": 0.0, "N_TOTAL": 18.0, "DIRECCION": "ESPERANZA", "NUMERO": 1115.0, "REFERENCIA": null, "LATITUD": -33.432449, "LONGITUD": -70.676267, "centroide_x": 344169.67984148773, "centroide_y": 6299513.9285921957, "crs_original": "EPSG:4326", "fecha_normalizacion": "2025-10-10 01:59:23" }, "geometry": { "type": "Point", "coordinates": [ 344169.679841487726662, 6299513.928592195734382 ] } },
{ "type": "Feature", "properties": { "AGNO": 2021.0, "ID_ESTAB": 13101050.0, "ORIGEN": 2.0, "NOM_ESTAB": "CELESTE AMANECER", "COD_REG_ES": 13.0, "COD_PRO_ES": 131.0, "COD_COM_ES": 13101.0, "NOM_COM_ES": "SANTIAGO", "COD_DEPROV": 0.0, "NOM_DEPROV": null, "DEPENDENCI": 4.0, "RURAL_ESTA": 0.0, "ESTADO_EST": 0.0, "SC_MEN_SI": 0.0, "SC_MEN_H": 0.0, "SC_MEN_M": 0.0, "SC_MAY_H": 0.0, "SC_MAY_M": 0.0, "MED_MEN_SI": 0.0, "MED_MEN_H": 3.0, "MED_MEN_M": 3.0, "MED_MAY_SI": 0.0, "MED_MAY_H": 4.0, "MED_MAY_M": 7.0, "NT1_SI": 0.0, "NT1_H": 0.0, "NT1_M": 5.0, "NT2_SI": 0.0, "NT2_H": 0.0, "NT2_M": 0.0, "N_TOTAL": 22.0, "DIRECCION": "SANTA ROSA", "NUMERO": 1727.0, "REFERENCIA": "CAROL URZUA", "LATITUD": -33.468015, "LONGITUD": -70.642576, "centroide_x": 347364.36796060699, "centroide_y": 6295620.1485522687, "crs_original": "EPSG:4326", "fecha_normalizacion": "2025-10-10 01:59:23" }, "geometry": { "type": "Point", "coordinates": [ 347364.36796060699271, 6295620.148552268743515 ] } },
{ "type": "Feature", "properties": { "AGNO": 2021.0, "ID_ESTAB": 13101052.0, "ORIGEN": 2.0, "NOM_ESTAB": "NIETOS DE BELLO", "COD_REG_ES": 13.0, "COD_PRO_ES": 131.0, "COD_COM_ES": 13101.0, "NOM_COM_ES": "SANTIAGO", "COD_DEPROV": 0.0, "NOM_DEPROV": null, "DEPENDENCI": 4.0, "RURAL_ESTA": 0.0, "ESTADO_EST": 0.0, "SC_MEN_SI": 0.0, "SC_MEN_H": 4.0, "SC_MEN_M": 0.0, "SC_MAY_H": 8.0, "SC_MAY_M": 6.0, "MED_MEN_SI": 0.0, "MED_MEN_H": 6.0, "MED_MEN_M": 3.0, "MED_MAY_SI": 0.0, "MED_MAY_H": 5.0, "MED_MAY_M": 4.0, "NT1_SI": 0.0, "NT1_H": 2.0, "NT1_M": 4.0, "NT2_SI": 0.0, "NT2_H": 0.0, "NT2_M": 0.0, "N_TOTAL": 42.0, "DIRECCION": "DOMEYKO", "NUMERO": 2050.0, "REFERENCIA": null, "LATITUD": -33.456122, "LONGITUD": -70.663399, "centroide_x": 345408.07021493628, "centroide_y": 6296908.1279654615, "crs_original": "EPSG:4326", "fecha_normalizacion": "2025-10-10 01:59:23" }, "geometry": { "type": "Point", "coordinates": [ 345408.070214936276898, 6296908.127965461462736 ] } },
{ "type": "Feature", "properties": { "AGNO": 2021.0, "ID_ESTAB": 13101053.0, "ORIGEN": 2.0, "NOM_ESTAB": "CELESTE AMANECER II", "COD_REG_ES": 13.0, "COD_PRO_ES": 131.0, "COD_COM_ES": 13101.0, "NOM_COM_ES": "SANTIAGO", "COD_DEPROV": 0.0, "NOM_DEPROV": null, "DEPENDENCI": 4.0, "RURAL_ESTA": 0.0, "ESTADO_EST": 0.0, "SC_MEN_SI": 0.0, "SC_MEN_H": 0.0, "SC_MEN_M": 0.0, "SC_MAY_H": 0.0, "SC_MAY_M": 0.0, "MED_MEN_SI": 0.0, "MED_MEN_H": 2.0, "MED_MEN_M": 2.0, "MED_MAY_SI": 0.0, "MED_MAY_H": 6.0, "MED_MAY_M": 3.0, "NT1_SI": 0.0, "NT1_H": 9.0, "NT1_M": 4.0, "NT2_SI": 0.0, "NT2_H": 0.0, "NT2_M": 1.0, "N_TOTAL": 27.0, "DIRECCION": "SANTA ROSA", "NUMERO": 1727.0, "REFERENCIA": "POB CAROL URZUA", "LATITUD": -33.468137, "LONGITUD": -70.642548, "centroide_x": 347367.18406231632, "centroide_y": 6295606.6615570057, "crs_original": "EPSG:4326", "fecha_normalizacion": "2025-10-10 01:59:23" }, "geometry": { "type": "Point", "coordinates": [ 347367.184062316315249, 6295606.66155700571835 ] } },
{ "type": "Feature", "properties": { "AGNO": 2021.0, "ID_ESTAB": 13101054.0, "ORIGEN": 2.0, "NOM_ESTAB": "VICTOR MANUEL", "COD_REG_ES": 13.0, "COD_PRO_ES": 131.0, "COD_COM_ES": 13101.0, "NOM_COM_ES": "SANTIAGO", "COD_DEPROV": 0.0, "NOM_DEPROV": null, "DEPENDENCI": 4.0, "RURAL_ESTA": 0.0, "ESTADO_EST": 0.0, "SC_MEN_SI": 0.0, "SC_MEN_H": 0.0, "SC_MEN_M": 0.0, "SC_MAY_H": 0.0, "SC_MAY_M": 0.0, "MED_MEN_SI": 0.0, "MED_MEN_H": 5.0, "MED_MEN_M": 3.0, "MED_MAY_SI": 0.0, "MED_MAY_H": 3.0, "MED_MAY_M": 5.0, "NT1_SI": 0.0, "NT1_H": 1.0, "NT1_M": 2.0, "NT2_SI": 0.0, "NT2_H": 1.0, "NT2_M": 0.0, "N_TOTAL": 20.0, "DIRECCION": "VICTOR MANUEL", "NUMERO": 1860.0, "REFERENCIA": null, "LATITUD": -33.469798, "LONGITUD": -70.640811, "centroide_x": 347531.52083862142, "centroide_y": 6295425.0306625236, "crs_original": "EPSG:4326", "fecha_normalizacion": "2025-10-10 01:59:23" }, "geometry": { "type": "Point", "coordinates": [ 347531.520838621421717, 6295425.030662523582578 ] } },
{ "type": "Feature", "properties": { "AGNO": 2021.0, "ID_ESTAB": 13108005.0, "ORIGEN": 2.0, "NOM_ESTAB": "SONRISITAS DE INDEPENDENCIA", "COD_REG_ES": 13.0, "COD_PRO_ES": 131.0, "COD_COM_ES": 13108.0, "NOM_COM_ES": "INDEPENDENCIA", "COD_DEPROV": 0.0, "NOM_DEPROV": null, "DEPENDENCI": 4.0, "RURAL_ESTA": 0.0, "ESTADO_EST": 0.0, "SC_MEN_SI": 0.0, "SC_MEN_H": 12.0, "SC_MEN_M": 9.0, "SC_MAY_H": 11.0, "SC_MAY_M": 9.0, "MED_MEN_SI": 0.0, "MED_MEN_H": 0.0, "MED_MEN_M": 0.0, "MED_MAY_SI": 0.0, "MED_MAY_H": 0.0, "MED_MAY_M": 0.0, "NT1_SI": 0.0, "NT1_H": 0.0, "NT1_M": 0.0, "NT2_SI": 0.0, "NT2_H": 0.0, "NT2_M": 0.0, "N_TOTAL": 41.0, "DIRECCION": "GAMERO", "NUMERO": 1985.0, "REFERENCIA": "(ENTREDA POR SALOMON SACK)", "LATITUD": -33.42254, "LONGITUD": -70.666423, "centroide_x": 345067.27190493181, "centroide_y": 6300627.3884160742, "crs_original": "EPSG:4326", "fecha_normalizacion": "2025-10-10 01:59:23" }, "geometry": { "type": "Point", "coordinates": [ 345067.27190493181115, 6300627.388416074216366 ] } },
{ "type": "Feature", "properties": { "AGNO": 2021.0, "ID_ESTAB": 13108008.0, "ORIGEN": 2.0, "NOM_ESTAB": "BURBUJITAS DE AMOR", "COD_REG_ES": 13.0, "COD_PRO_ES": 131.0, "COD_COM_ES": 13108.0, "NOM_COM_ES": "INDEPENDENCIA", "COD_DEPROV": 0.0, "NOM_DEPROV": null, "DEPENDENCI": 4.0, "RURAL_ESTA": 0.0, "ESTADO_EST": 0.0, "SC_MEN_SI": 0.0, "SC_MEN_H": 1.0, "SC_MEN_M": 1.0, "SC_MAY_H": 11.0, "SC_MAY_M": 6.0, "MED_MEN_SI": 0.0, "MED_MEN_H": 3.0, "MED_MEN_M": 5.0, "MED_MAY_SI": 0.0, "MED_MAY_H": 6.0, "MED_MAY_M": 6.0, "NT1_SI": 0.0, "NT1_H": 2.0, "NT1_M": 3.0, "NT2_SI": 0.0, "NT2_H": 0.0, "NT2_M": 0.0, "N_TOTAL": 44.0, "DIRECCION": "GAMERO", "NUMERO": 2722.0, "REFERENCIA": null, "LATITUD": -33.42184, "LONGITUD": -70.671981, "centroide_x": 344549.24638977717, "centroide_y": 6300696.7393888719, "crs_original": "EPSG:4326", "fecha_normalizacion": "2025-10-10 01:59:23" }, "geometry": { "type": "Point", "coordinates": [ 344549.246389777166769, 6300696.73938887193799 ] } },
{ "type": "Feature", "properties": { "AGNO": 2021.0, "ID_ESTAB": 13121024.0, "ORIGEN": 2.0, "NOM_ESTAB": "POETAS DE CHILE", "COD_REG_ES": 13.0, "COD_PRO_ES": 131.0, "COD_COM_ES": 13121.0, "NOM_COM_ES": "PEDRO AGUIRRE CERDA", "COD_DEPROV": 0.0, "NOM_DEPROV": null, "DEPENDENCI": 4.0, "RURAL_ESTA": 0.0, "ESTADO_EST": 0.0, "SC_MEN_SI": 0.0, "SC_MEN_H": 7.0, "SC_MEN_M": 5.0, "SC_MAY_H": 6.0, "SC_MAY_M": 14.0, "MED_MEN_SI": 0.0, "MED_MEN_H": 13.0, "MED_MEN_M": 19.0, "MED_MAY_SI": 0.0, "MED_MAY_H": 15.0, "MED_MAY_M": 14.0, "NT1_SI": 0.0, "NT1_H": 0.0, "NT1_M": 0.0, "NT2_SI": 0.0, "NT2_H": 0.0, "NT2_M": 0.0, "N_TOTAL": 93.0, "DIRECCION": "JUAN BASTIAS", "NUMERO": 2890.0, "REFERENCIA": null, "LATITUD": -33.480291, "LONGITUD": -70.660284, "centroide_x": 345740.44187973178, "centroide_y": 6294232.7350217514, "crs_original": "EPSG:4326", "fecha_normalizacion": "2025-10-10 01:59:23" }, "geometry": { "type": "Point", "coordinates": [ 345740.44187973177759, 6294232.735021751374006 ] } },
{ "type": "Feature", "properties": { "AGNO": 2021.0, "ID_ESTAB": 13122020.0, "ORIGEN": 2.0, "NOM_ESTAB": "LUDOTECA", "COD_REG_ES": 13.0, "COD_PRO_ES": 131.0, "COD_COM_ES": 13122.0, "NOM_COM_ES": "PEÑALOLÉN", "COD_DEPROV": 0.0, "NOM_DEPROV": null, "DEPENDENCI": 4.0, "RURAL_ESTA": 0.0, "ESTADO_EST": 0.0, "SC_MEN_SI": 0.0, "SC_MEN_H": 0.0, "SC_MEN_M": 0.0, "SC_MAY_H": 0.0, "SC_MAY_M": 0.0, "MED_MEN_SI": 0.0, "MED_MEN_H": 6.0, "MED_MEN_M": 4.0, "MED_MAY_SI": 0.0, "MED_MAY_H": 5.0, "MED_MAY_M": 5.0, "NT1_SI": 0.0, "NT1_H": 1.0, "NT1_M": 2.0, "NT2_SI": 0.0, "NT2_H": 0.0, "NT2_M": 0.0, "N_TOTAL": 23.0, "DIRECCION": "ALTIPLANO", "NUMERO": 6587.0, "REFERENCIA": "B POB LO HERMIDA", "LATITUD": -33.437389, "LONGITUD": -70.636797, "centroide_x": 347847.94258405583, "centroide_y": 6299024.6234884784, "crs_original": "EPSG:4326", "fecha_normalizacion": "2025-10-10 01:59:23" }, "geometry": { "type": "Point", "coordinates": [ 347847.942584055825137, 6299024.62348847836256 ] } },
{ "type": "Feature", "properties": { "AGNO": 2021.0, "ID_ESTAB": 13126007.0, "ORIGEN": 2.0, "NOM_ESTAB": "POETA PEDRO PRADO", "COD_REG_ES": 13.0, "COD_PRO_ES": 131.0, "COD_COM_ES": 13126.0, "NOM_COM_ES": "QUINTA NORMAL", "COD_DEPROV": 0.0, "NOM_DEPROV": null, "DEPENDENCI": 4.0, "RURAL_ESTA": 0.0, "ESTADO_EST": 0.0, "SC_MEN_SI": 0.0, "SC_MEN_H": 10.0, "SC_MEN_M": 10.0, "SC_MAY_H": 17.0, "SC_MAY_M": 20.0, "MED_MEN_SI": 0.0, "MED_MEN_H": 41.0, "MED_MEN_M": 43.0, "MED_MAY_SI": 0.0, "MED_MAY_H": 48.0, "MED_MAY_M": 39.0, "NT1_SI": 0.0, "NT1_H": 0.0, "NT1_M": 0.0, "NT2_SI": 0.0, "NT2_H": 0.0, "NT2_M": 0.0, "N_TOTAL": 228.0, "DIRECCION": "MAPOCHO", "NUMERO": 3775.0, "REFERENCIA": null, "LATITUD": -33.432525, "LONGITUD": -70.686925, "centroide_x": 343178.90701734961, "centroide_y": 6299489.4733916111, "crs_original": "EPSG:4326", "fecha_normalizacion": "2025-10-10 01:59:23" }, "geometry": { "type": "Point", "coordinates": [ 343178.907017349614762, 6299489.473391611129045 ] } },
{ "type": "Feature", "properties": { "AGNO": 2021.0, "ID_ESTAB": 13126021.0, "ORIGEN": 2.0, "NOM_ESTAB": "DOCTOR GARCIA GUERRERO", "COD_REG_ES": 13.0, "COD_PRO_ES": 131.0, "COD_COM_ES": 13126.0, "NOM_COM_ES": "QUINTA NORMAL", "COD_DEPROV": 0.0, "NOM_DEPROV": null, "DEPENDENCI": 4.0, "RURAL_ESTA": 0.0, "ESTADO_EST": 0.0, "SC_MEN_SI": 0.0, "SC_MEN_H": 2.0, "SC_MEN_M": 3.0, "SC_MAY_H": 7.0, "SC_MAY_M": 8.0, "MED_MEN_SI": 0.0, "MED_MEN_H": 5.0, "MED_MEN_M": 7.0, "MED_MAY_SI": 0.0, "MED_MAY_H": 7.0, "MED_MAY_M": 5.0, "NT1_SI": 0.0, "NT1_H": 1.0, "NT1_M": 3.0, "NT2_SI": 0.0, "NT2_H": 0.0, "NT2_M": 0.0, "N_TOTAL": 48.0, "DIRECCION": "DOCTOR GARCIA GUIERRERO", "NUMERO": 1185.0, "REFERENCIA": null, "LATITUD": -33.431679, "LONGITUD": -70.68439, "centroide_x": 343413.07448039355, "centroide_y": 6299587.1050339229, "crs_original": "EPSG:4326", "fecha_normalizacion": "2025-10-10 01:59:23" }, "geometry": { "type": "Point", "coordinates": [ 343413.074480393552221, 6299587.105033922940493 ] } },
{ "type": "Feature", "properties": { "AGNO": 2021.0, "ID_ESTAB": 13302033.0, "ORIGEN": 2.0, "NOM_ESTAB": "LAS CALERIAS", "COD_REG_ES": 13.0, "COD_PRO_ES": 133.0, "COD_COM_ES": 13302.0, "NOM_COM_ES": "LAMPA", "COD_DEPROV": 0.0, "NOM_DEPROV": null, "DEPENDENCI": 4.0, "RURAL_ESTA": 0.0, "ESTADO_EST": 0.0, "SC_MEN_SI": 0.0, "SC_MEN_H": 0.0, "SC_MEN_M": 0.0, "SC_MAY_H": 0.0, "SC_MAY_M": 0.0, "MED_MEN_SI": 0.0, "MED_MEN_H": 3.0, "MED_MEN_M": 4.0, "MED_MAY_SI": 0.0, "MED_MAY_H": 1.0, "MED_MAY_M": 0.0, "NT1_SI": 0.0, "NT1_H": 0.0, "NT1_M": 0.0, "NT2_SI": 0.0, "NT2_H": 0.0, "NT2_M": 0.0, "N_TOTAL": 8.0, "DIRECCION": "SIMON BOLIVAR", "NUMERO": 178.0, "REFERENCIA": "JV 19 LAS CALERIAS DE BATUCO", "LATITUD": -33.437389, "LONGITUD": -70.636797, "centroide_x": 347847.94258405583, "centroide_y": 6299024.6234884784, "crs_original": "EPSG:4326", "fecha_normalizacion": "2025-10-10 01:59:23" }, "geometry": { "type": "Point", "coordinates": [ 347847.942584055825137, 6299024.62348847836256 ] } },
{ "type": "Feature", "properties": { "AGNO": 2021.0, "ID_ESTAB": 13302035.0, "ORIGEN": 2.0, "NOM_ESTAB": "MANITOS CREATIVAS", "COD_REG_ES": 13.0, "COD_PRO_ES": 133.0, "COD_COM_ES": 13302.0, "NOM_COM_ES": "LAMPA", "COD_DEPROV": 0.0, "NOM_DEPROV": null, "DEPENDENCI": 4.0, "RURAL_ESTA": 0.0, "ESTADO_EST": 0.0, "SC_MEN_SI": 0.0, "SC_MEN_H": 0.0, "SC_MEN_M": 0.0, "SC_MAY_H": 0.0, "SC_MAY_M": 0.0, "MED_MEN_SI": 0.0, "MED_MEN_H": 7.0, "MED_MEN_M": 2.0, "MED_MAY_SI": 0.0, "MED_MAY_H": 1.0, "MED_MAY_M": 1.0, "NT1_SI": 0.0, "NT1_H": 0.0, "NT1_M": 0.0, "NT2_SI": 0.0, "NT2_H": 0.0, "NT2_M": 0.0, "N_TOTAL": 11.0, "DIRECCION": "AVENIDA INGLATERRA", "NUMERO": 0.0, "REFERENCIA": null, "LATITUD": -33.437389, "LONGITUD": -70.636797, "centroide_x": 347847.94258405583, "centroide_y": 6299024.6234884784, "crs_original": "EPSG:4326", "fecha_normalizacion": "2025-10-10 01:59:23" }, "geometry": { "type": "Point", "coordinates": [ 347847.942584055825137, 6299024.62348847836256 ] } },
{ "type": "Feature", "properties": { "AGNO": 2021.0, "ID_ESTAB": 13404037.0, "ORIGEN": 2.0, "NOM_ESTAB": "EL ESCORIAL", "COD_REG_ES": 13.0, "COD_PRO_ES": 134.0, "COD_COM_ES": 13404.0, "NOM_COM_ES": "PAINE", "COD_DEPROV": 0.0, "NOM_DEPROV": null, "DEPENDENCI": 4.0, "RURAL_ESTA": 0.0, "ESTADO_EST": 0.0, "SC_MEN_SI": 0.0, "SC_MEN_H": 0.0, "SC_MEN_M": 0.0, "SC_MAY_H": 0.0, "SC_MAY_M": 0.0, "MED_MEN_SI": 0.0, "MED_MEN_H": 4.0, "MED_MEN_M": 1.0, "MED_MAY_SI": 0.0, "MED_MAY_H": 2.0, "MED_MAY_M": 2.0, "NT1_SI": 0.0, "NT1_H": 1.0, "NT1_M": 1.0, "NT2_SI": 0.0, "NT2_H": 0.0, "NT2_M": 0.0, "N_TOTAL": 11.0, "DIRECCION": "SEDE SOCIAL SECTOR ESCORIAL", "NUMERO": 0.0, "REFERENCIA": null, "LATITUD": -33.437389, "LONGITUD": -70.636797, "centroide_x": 347847.94258405583, "centroide_y": 6299024.6234884784, "crs_original": "EPSG:4326", "fecha_normalizacion": "2025-10-10 01:59:23" }, "geometry": { "type": "Point", "coordinates": [ 347847.942584055825137, 6299024.62348847836256 ] } },
{ "type": "Feature", "properties": { "AGNO": 2021.0, "ID_ESTAB": 13501084.0, "ORIGEN": 2.0, "NOM_ESTAB": "TANTEHUE", "COD_REG_ES": 13.0, "COD_PRO_ES": 135.0, "COD_COM_ES": 13501.0, "NOM_COM_ES": "MELIPILLA", "COD_DEPROV": 0.0, "NOM_DEPROV": null, "DEPENDENCI": 4.0, "RURAL_ESTA": 0.0, "ESTADO_EST": 0.0, "SC_MEN_SI": 0.0, "SC_MEN_H": 0.0, "SC_MEN_M": 0.0, "SC_MAY_H": 0.0, "SC_MAY_M": 0.0, "MED_MEN_SI": 0.0, "MED_MEN_H": 6.0, "MED_MEN_M": 5.0, "MED_MAY_SI": 0.0, "MED_MAY_H": 0.0, "MED_MAY_M": 0.0, "NT1_SI": 0.0, "NT1_H": 0.0, "NT1_M": 0.0, "NT2_SI": 0.0, "NT2_H": 0.0, "NT2_M": 0.0, "N_TOTAL": 11.0, "DIRECCION": "CAPILLA TANTEHUE", "NUMERO": 0.0, "REFERENCIA": null, "LATITUD": -33.437389, "LONGITUD": -70.636797, "centroide_x": 347847.94258405583, "centroide_y": 6299024.6234884784, "crs_original": "EPSG:4326", "fecha_normalizacion": "2025-10-10 01:59:23" }, "geometry": { "type": "Point", "coordinates": [ 347847.942584055825137, 6299024.62348847836256 ] } },
{ "type": "Feature", "properties": { "AGNO": 2021.0, "ID_ESTAB": 13501085.0, "ORIGEN": 2.0, "NOM_ESTAB": "MALLARAUCO", "COD_REG_ES": 13.0, "COD_PRO_ES": 135.0, "COD_COM_ES": 13501.0, "NOM_COM_ES": "MELIPILLA", "COD_DEPROV": 0.0, "NOM_DEPROV": null, "DEPENDENCI": 4.0, "RURAL_ESTA": 0.0, "ESTADO_EST": 0.0, "SC_MEN_SI": 0.0, "SC_MEN_H": 0.0, "SC_MEN_M": 0.0, "SC_MAY_H": 0.0, "SC_MAY_M": 0.0, "MED_MEN_SI": 0.0, "MED_MEN_H": 4.0, "MED_MEN_M": 1.0, "MED_MAY_SI": 0.0, "MED_MAY_H": 3.0, "MED_MAY_M": 3.0, "NT1_SI": 0.0, "NT1_H": 0.0, "NT1_M": 0.0, "NT2_SI": 0.0, "NT2_H": 0.0, "NT2_M": 0.0, "N_TOTAL": 11.0, "DIRECCION": "STA ELISA MALLARAUCO", "NUMERO": 0.0, "REFERENCIA": "ESCUELA PATRICIO LARRAIN STA ELISA MALLARAUCO S/N", "LATITUD": -33.437389, "LONGITUD": -70.636797, "centroide_x": 347847.94258405583, "centroide_y": 6299024.6234884784, "crs_original": "EPSG:4326", "fecha_normalizacion": "2025-10-10 01:59:23" }, "geometry": { "type": "Point", "coordinates": [ 347847.942584055825137, 6299024.62348847836256 ] } },
{ "type": "Feature", "properties": { "AGNO": 2021.0, "ID_ESTAB": 13501090.0, "ORIGEN": 2.0, "NOM_ESTAB": "MALLARAUCO II", "COD_REG_ES": 13.0, "COD_PRO_ES": 135.0, "COD_COM_ES": 13501.0, "NOM_COM_ES": "MELIPILLA", "COD_DEPROV": 0.0, "NOM_DEPROV": null, "DEPENDENCI": 4.0, "RURAL_ESTA": 1.0, "ESTADO_EST": 0.0, "SC_MEN_SI": 0.0, "SC_MEN_H": 0.0, "SC_MEN_M": 0.0, "SC_MAY_H": 0.0, "SC_MAY_M": 0.0, "MED_MEN_SI": 0.0, "MED_MEN_H": 4.0, "MED_MEN_M": 1.0, "MED_MAY_SI": 0.0, "MED_MAY_H": 3.0, "MED_MAY_M": 5.0, "NT1_SI": 0.0, "NT1_H": 0.0, "NT1_M": 0.0, "NT2_SI": 0.0, "NT2_H": 0.0, "NT2_M": 0.0, "N_TOTAL": 13.0, "DIRECCION": "EL PIMIENTO MALLARAUCO S/N", "NUMERO": 0.0, "REFERENCIA": null, "LATITUD": -33.437389, "LONGITUD": -70.636797, "centroide_x": 347847.94258405583, "centroide_y": 6299024.6234884784, "crs_original": "EPSG:4326", "fecha_normalizacion": "2025-10-10 01:59:23" }, "geometry": { "type": "Point", "coordinates": [ 347847.942584055825137, 6299024.62348847836256 ] } },
{ "type": "Feature", "properties": { "AGNO": 2021.0, "ID_ESTAB": 13505019.0, "ORIGEN": 2.0, "NOM_ESTAB": "QUICANQUE", "COD_REG_ES": 13.0, "COD_PRO_ES": 135.0, "COD_COM_ES": 13505.0, "NOM_COM_ES": "SAN PEDRO", "COD_DEPROV": 0.0, "NOM_DEPROV": null, "DEPENDENCI": 4.0, "RURAL_ESTA": 0.0, "ESTADO_EST": 0.0, "SC_MEN_SI": 0.0, "SC_MEN_H": 0.0, "SC_MEN_M": 0.0, "SC_MAY_H": 0.0, "SC_MAY_M": 0.0, "MED_MEN_SI": 0.0, "MED_MEN_H": 4.0, "MED_MEN_M": 3.0, "MED_MAY_SI": 0.0, "MED_MAY_H": 2.0, "MED_MAY_M": 2.0, "NT1_SI": 0.0, "NT1_H": 0.0, "NT1_M": 0.0, "NT2_SI": 0.0, "NT2_H": 0.0, "NT2_M": 0.0, "N_TOTAL": 11.0, "DIRECCION": "SEDE SOCIAL SECTOR QUICANQUE", "NUMERO": 0.0, "REFERENCIA": null, "LATITUD": -33.437389, "LONGITUD": -70.636797, "centroide_x": 347847.94258405583, "centroide_y": 6299024.6234884784, "crs_original": "EPSG:4326", "fecha_normalizacion": "2025-10-10 01:59:23" }, "geometry": { "type": "Point", "coordinates": [ 347847.942584055825137, 6299024.62348847836256 ] } },
{ "type": "Feature", "properties": { "AGNO": 2021.0, "ID_ESTAB": 13505026.0, "ORIGEN": 2.0, "NOM_ESTAB": "LO ENCAÑADO", "COD_REG_ES": 13.0, "COD_PRO_ES": 135.0, "COD_COM_ES": 13505.0, "NOM_COM_ES": "SAN PEDRO", "COD_DEPROV": 0.0, "NOM_DEPROV": null, "DEPENDENCI": 4.0, "RURAL_ESTA": 0.0, "ESTADO_EST": 0.0, "SC_MEN_SI": 0.0, "SC_MEN_H": 0.0, "SC_MEN_M": 0.0, "SC_MAY_H": 0.0, "SC_MAY_M": 0.0, "MED_MEN_SI": 0.0, "MED_MEN_H": 4.0, "MED_MEN_M": 3.0, "MED_MAY_SI": 0.0, "MED_MAY_H": 1.0, "MED_MAY_M": 0.0, "NT1_SI": 0.0, "NT1_H": 0.0, "NT1_M": 0.0, "NT2_SI": 0.0, "NT2_H": 0.0, "NT2_M": 0.0, "N_TOTAL": 8.0, "DIRECCION": "ANEXO POSTA RURAL", "NUMERO": 0.0, "REFERENCIA": null, "LATITUD": -33.437389, "LONGITUD": -70.636797, "centroide_x": 347847.94258405583, "centroide_y": 6299024.6234884784, "crs_original": "EPSG:4326", "fecha_normalizacion": "2025-10-10 01:59:23" }, "geometry": { "type": "Point", "coordinates": [ 347847.942584055825137, 6299024.62348847836256 ] } },
{ "type": "Feature", "properties": { "AGNO": 2021.0, "ID_ESTAB": 13604040.0, "ORIGEN": 2.0, "NOM_ESTAB": "LA PUNTILLA", "COD_REG_ES": 13.0, "COD_PRO_ES": 136.0, "COD_COM_ES": 13604.0, "NOM_COM_ES": "PADRE HURTADO", "COD_DEPROV": 0.0, "NOM_DEPROV": null, "DEPENDENCI": 4.0, "RURAL_ESTA": 0.0, "ESTADO_EST": 0.0, "SC_MEN_SI": 0.0, "SC_MEN_H": 0.0, "SC_MEN_M": 0.0, "SC_MAY_H": 0.0, "SC_MAY_M": 0.0, "MED_MEN_SI": 0.0, "MED_MEN_H": 4.0, "MED_MEN_M": 4.0, "MED_MAY_SI": 0.0, "MED_MAY_H": 0.0, "MED_MAY_M": 1.0, "NT1_SI": 0.0, "NT1_H": 1.0, "NT1_M": 0.0, "NT2_SI": 0.0, "NT2_H": 0.0, "NT2_M": 0.0, "N_TOTAL": 10.0, "DIRECCION": "SEDE VECINAL", "NUMERO": 0.0, "REFERENCIA": null, "LATITUD": -33.437389, "LONGITUD": -70.636797, "centroide_x": 347847.94258405583, "centroide_y": 6299024.6234884784, "crs_original": "EPSG:4326", "fecha_normalizacion": "2025-10-10 01:59:23" }, "geometry": { "type": "Point", "coordinates": [ 347847.942584055825137, 6299024.62348847836256 ] } },
{ "type": "Feature", "properties": { "AGNO": 2021.0, "ID_ESTAB": 13604041.0, "ORIGEN": 2.0, "NOM_ESTAB": "SAN LUIS", "COD_REG_ES": 13.0, "COD_PRO_ES": 136.0, "COD_COM_ES": 13604.0, "NOM_COM_ES": "PADRE HURTADO", "COD_DEPROV": 0.0, "NOM_DEPROV": null, "DEPENDENCI": 4.0, "RURAL_ESTA": 0.0, "ESTADO_EST": 0.0, "SC_MEN_SI": 0.0, "SC_MEN_H": 0.0, "SC_MEN_M": 0.0, "SC_MAY_H": 0.0, "SC_MAY_M": 0.0, "MED_MEN_SI": 0.0, "MED_MEN_H": 6.0, "MED_MEN_M": 1.0, "MED_MAY_SI": 0.0, "MED_MAY_H": 0.0, "MED_MAY_M": 2.0, "NT1_SI": 0.0, "NT1_H": 1.0, "NT1_M": 1.0, "NT2_SI": 0.0, "NT2_H": 0.0, "NT2_M": 0.0, "N_TOTAL": 11.0, "DIRECCION": "SEDE JUNTA DE VECINOS", "NUMERO": 0.0, "REFERENCIA": null, "LATITUD": -33.437389, "LONGITUD": -70.636797, "centroide_x": 347847.94258405583, "centroide_y": 6299024.6234884784, "crs_original": "EPSG:4326", "fecha_normalizacion": "2025-10-10 01:59:23" }, "geometry": { "type": "Point", "coordinates": [ 347847.942584055825137, 6299024.62348847836256 ] } },
{ "type": "Feature", "properties": { "AGNO": 2021.0, "ID_ESTAB": 130114.0, "ORIGEN": 3.0, "NOM_ESTAB": "S.C. HOGAR SANTA BERNARDITA", "COD_REG_ES": 13.0, "COD_PRO_ES": 131.0, "COD_COM_ES": 13101.0, "NOM_COM_ES": "SANTIAGO", "COD_DEPROV": 0.0, "NOM_DEPROV": null, "DEPENDENCI": 5.0, "RURAL_ESTA": 0.0, "ESTADO_EST": 0.0, "SC_MEN_SI": 0.0, "SC_MEN_H": 0.0, "SC_MEN_M": 2.0, "SC_MAY_H": 5.0, "SC_MAY_M": 2.0, "MED_MEN_SI": 0.0, "MED_MEN_H": 0.0, "MED_MEN_M": 0.0, "MED_MAY_SI": 0.0, "MED_MAY_H": 0.0, "MED_MAY_M": 0.0, "NT1_SI": 0.0, "NT1_H": 0.0, "NT1_M": 0.0, "NT2_SI": 0.0, "NT2_H": 0.0, "NT2_M": 0.0, "N_TOTAL": 9.0, "DIRECCION": "CHILOÉ", "NUMERO": 1310.0, "REFERENCIA": null, "LATITUD": -33.462517, "LONGITUD": -70.645876, "centroide_x": 347048.02383907704, "centroide_y": 6296224.9475341467, "crs_original": "EPSG:4326", "fecha_normalizacion": "2025-10-10 01:59:23" }, "geometry": { "type": "Point", "coordinates": [ 347048.023839077039156, 6296224.947534146718681 ] } },
{ "type": "Feature", "properties": { "AGNO": 2021.0, "ID_ESTAB": 130115.0, "ORIGEN": 3.0, "NOM_ESTAB": "NUEVO HORIZONTE", "COD_REG_ES": 13.0, "COD_PRO_ES": 131.0, "COD_COM_ES": 13101.0, "NOM_COM_ES": "SANTIAGO", "COD_DEPROV": 0.0, "NOM_DEPROV": null, "DEPENDENCI": 5.0, "RURAL_ESTA": 0.0, "ESTADO_EST": 0.0, "SC_MEN_SI": 0.0, "SC_MEN_H": 2.0, "SC_MEN_M": 3.0, "SC_MAY_H": 9.0, "SC_MAY_M": 5.0, "MED_MEN_SI": 0.0, "MED_MEN_H": 6.0, "MED_MEN_M": 6.0, "MED_MAY_SI": 0.0, "MED_MAY_H": 9.0, "MED_MAY_M": 7.0, "NT1_SI": 0.0, "NT1_H": 0.0, "NT1_M": 0.0, "NT2_SI": 0.0, "NT2_H": 0.0, "NT2_M": 0.0, "N_TOTAL": 47.0, "DIRECCION": "ZENTENO", "NUMERO": 1624.0, "REFERENCIA": null, "LATITUD": -33.467942, "LONGITUD": -70.649627, "centroide_x": 346708.95707283763, "centroide_y": 6295617.8582832608, "crs_original": "EPSG:4326", "fecha_normalizacion": "2025-10-10 01:59:23" }, "geometry": { "type": "Point", "coordinates": [ 346708.957072837627493, 6295617.858283260837197 ] } },
{ "type": "Feature", "properties": { "AGNO": 2021.0, "ID_ESTAB": 130116.0, "ORIGEN": 3.0, "NOM_ESTAB": "COQUIMBO", "COD_REG_ES": 13.0, "COD_PRO_ES": 131.0, "COD_COM_ES": 13101.0, "NOM_COM_ES": "SANTIAGO", "COD_DEPROV": 0.0, "NOM_DEPROV": null, "DEPENDENCI": 5.0, "RURAL_ESTA": 0.0, "ESTADO_EST": 0.0, "SC_MEN_SI": 0.0, "SC_MEN_H": 5.0, "SC_MEN_M": 4.0, "SC_MAY_H": 8.0, "SC_MAY_M": 3.0, "MED_MEN_SI": 0.0, "MED_MEN_H": 6.0, "MED_MEN_M": 3.0, "MED_MAY_SI": 0.0, "MED_MAY_H": 8.0, "MED_MAY_M": 8.0, "NT1_SI": 0.0, "NT1_H": 0.0, "NT1_M": 0.0, "NT2_SI": 0.0, "NT2_H": 0.0, "NT2_M": 0.0, "N_TOTAL": 45.0, "DIRECCION": "COQUIMBO", "NUMERO": 729.0, "REFERENCIA": null, "LATITUD": -33.455885, "LONGITUD": -70.644454, "centroide_x": 347168.54496655095, "centroide_y": 6296962.4387450609, "crs_original": "EPSG:4326", "fecha_normalizacion": "2025-10-10 01:59:23" }, "geometry": { "type": "Point", "coordinates": [ 347168.544966550951358, 6296962.438745060935616 ] } },
{ "type": "Feature", "properties": { "AGNO": 2021.0, "ID_ESTAB": 143315.0, "ORIGEN": 3.0, "NOM_ESTAB": "J.S.R. LAS CANTERAS", "COD_REG_ES": 13.0, "COD_PRO_ES": 133.0, "COD_COM_ES": 13301.0, "NOM_COM_ES": "COLINA", "COD_DEPROV": 0.0, "NOM_DEPROV": null, "DEPENDENCI": 5.0, "RURAL_ESTA": 1.0, "ESTADO_EST": 0.0, "SC_MEN_SI": 0.0, "SC_MEN_H": 0.0, "SC_MEN_M": 0.0, "SC_MAY_H": 0.0, "SC_MAY_M": 1.0, "MED_MEN_SI": 0.0, "MED_MEN_H": 1.0, "MED_MEN_M": 1.0, "MED_MAY_SI": 0.0, "MED_MAY_H": 5.0, "MED_MAY_M": 3.0, "NT1_SI": 0.0, "NT1_H": 1.0, "NT1_M": 1.0, "NT2_SI": 0.0, "NT2_H": 0.0, "NT2_M": 0.0, "N_TOTAL": 13.0, "DIRECCION": "AVDA FERMIN VERGARA", "NUMERO": 159.0, "REFERENCIA": null, "LATITUD": -33.449698, "LONGITUD": -70.657719, "centroide_x": 345924.64845020138, "centroide_y": 6297628.9007905144, "crs_original": "EPSG:4326", "fecha_normalizacion": "2025-10-10 01:59:23" }, "geometry": { "type": "Point", "coordinates": [ 345924.648450201377273, 6297628.900790514424443 ] } },
{ "type": "Feature", "properties": { "AGNO": 2021.0, "ID_ESTAB": 143316.0, "ORIGEN": 3.0, "NOM_ESTAB": "J.S.R. LO ARCAYA", "COD_REG_ES": 13.0, "COD_PRO_ES": 133.0, "COD_COM_ES": 13301.0, "NOM_COM_ES": "COLINA", "COD_DEPROV": 0.0, "NOM_DEPROV": null, "DEPENDENCI": 5.0, "RURAL_ESTA": 0.0, "ESTADO_EST": 0.0, "SC_MEN_SI": 0.0, "SC_MEN_H": 0.0, "SC_MEN_M": 0.0, "SC_MAY_H": 1.0, "SC_MAY_M": 0.0, "MED_MEN_SI": 0.0, "MED_MEN_H": 0.0, "MED_MEN_M": 6.0, "MED_MAY_SI": 0.0, "MED_MAY_H": 1.0, "MED_MAY_M": 1.0, "NT1_SI": 0.0, "NT1_H": 0.0, "NT1_M": 1.0, "NT2_SI": 0.0, "NT2_H": 0.0, "NT2_M": 0.0, "N_TOTAL": 10.0, "DIRECCION": "CAMINO LA CANCHA", "NUMERO": 0.0, "REFERENCIA": "S/N", "LATITUD": -33.449698, "LONGITUD": -70.657719, "centroide_x": 345924.64845020138, "centroide_y": 6297628.9007905144, "crs_original": "EPSG:4326", "fecha_normalizacion": "2025-10-10 01:59:23" }, "geometry": { "type": "Point", "coordinates": [ 345924.648450201377273, 6297628.900790514424443 ] } },
{ "type": "Feature", "properties": { "AGNO": 2021.0, "ID_ESTAB": 144311.0, "ORIGEN": 3.0, "NOM_ESTAB": "J.S.R. SANTA VICTORIA", "COD_REG_ES": 13.0, "COD_PRO_ES": 135.0, "COD_COM_ES": 13501.0, "NOM_COM_ES": "MELIPILLA", "COD_DEPROV": 0.0, "NOM_DEPROV": null, "DEPENDENCI": 5.0, "RURAL_ESTA": 1.0, "ESTADO_EST": 0.0, "SC_MEN_SI": 0.0, "SC_MEN_H": 0.0, "SC_MEN_M": 0.0, "SC_MAY_H": 0.0, "SC_MAY_M": 0.0, "MED_MEN_SI": 0.0, "MED_MEN_H": 5.0, "MED_MEN_M": 1.0, "MED_MAY_SI": 0.0, "MED_MAY_H": 2.0, "MED_MAY_M": 4.0, "NT1_SI": 0.0, "NT1_H": 1.0, "NT1_M": 0.0, "NT2_SI": 0.0, "NT2_H": 0.0, "NT2_M": 0.0, "N_TOTAL": 13.0, "DIRECCION": "ROBERTO BRAVO", "NUMERO": 422.0, "REFERENCIA": null, "LATITUD": -33.449698, "LONGITUD": -70.657719, "centroide_x": 345924.64845020138, "centroide_y": 6297628.9007905144, "crs_original": "EPSG:4326", "fecha_normalizacion": "2025-10-10 01:59:23" }, "geometry": { "type": "Point", "coordinates": [ 345924.648450201377273, 6297628.900790514424443 ] } },
{ "type": "Feature", "properties": { "AGNO": 2021.0, "ID_ESTAB": 144312.0, "ORIGEN": 3.0, "NOM_ESTAB": "J.S.R. LA CARRERA", "COD_REG_ES": 13.0, "COD_PRO_ES": 135.0, "COD_COM_ES": 13501.0, "NOM_COM_ES": "MELIPILLA", "COD_DEPROV": 0.0, "NOM_DEPROV": null, "DEPENDENCI": 5.0, "RURAL_ESTA": 1.0, "ESTADO_EST": 0.0, "SC_MEN_SI": 0.0, "SC_MEN_H": 0.0, "SC_MEN_M": 0.0, "SC_MAY_H": 1.0, "SC_MAY_M": 0.0, "MED_MEN_SI": 0.0, "MED_MEN_H": 3.0, "MED_MEN_M": 2.0, "MED_MAY_SI": 0.0, "MED_MAY_H": 1.0, "MED_MAY_M": 1.0, "NT1_SI": 0.0, "NT1_H": 2.0, "NT1_M": 1.0, "NT2_SI": 0.0, "NT2_H": 0.0, "NT2_M": 0.0, "N_TOTAL": 11.0, "DIRECCION": "CAMINO MALLARAUCO", "NUMERO": 0.0, "REFERENCIA": "S/N", "LATITUD": -33.449698, "LONGITUD": -70.657719, "centroide_x": 345924.64845020138, "centroide_y": 6297628.9007905144, "crs_original": "EPSG:4326", "fecha_normalizacion": "2025-10-10 01:59:23" }, "geometry": { "type": "Point", "coordinates": [ 345924.648450201377273, 6297628.900790514424443 ] } },
{ "type": "Feature", "properties": { "AGNO": 2021.0, "ID_ESTAB": 144313.0, "ORIGEN": 3.0, "NOM_ESTAB": "J.S.R. SAN CARLOS DE CHOLQUI", "COD_REG_ES": 13.0, "COD_PRO_ES": 135.0, "COD_COM_ES": 13501.0, "NOM_COM_ES": "MELIPILLA", "COD_DEPROV": 0.0, "NOM_DEPROV": null, "DEPENDENCI": 5.0, "RURAL_ESTA": 0.0, "ESTADO_EST": 0.0, "SC_MEN_SI": 0.0, "SC_MEN_H": 0.0, "SC_MEN_M": 0.0, "SC_MAY_H": 0.0, "SC_MAY_M": 0.0, "MED_MEN_SI": 0.0, "MED_MEN_H": 2.0, "MED_MEN_M": 2.0, "MED_MAY_SI": 0.0, "MED_MAY_H": 2.0, "MED_MAY_M": 4.0, "NT1_SI": 0.0, "NT1_H": 0.0, "NT1_M": 1.0, "NT2_SI": 0.0, "NT2_H": 0.0, "NT2_M": 0.0, "N_TOTAL": 11.0, "DIRECCION": "SANTA ISABEL", "NUMERO": 0.0, "REFERENCIA": "S/N", "LATITUD": -33.449698, "LONGITUD": -70.657719, "centroide_x": 345924.64845020138, "centroide_y": 6297628.9007905144, "crs_original": "EPSG:4326", "fecha_normalizacion": "2025-10-10 01:59:23" }, "geometry": { "type": "Point", "coordinates": [ 345924.648450201377273, 6297628.900790514424443 ] } },
{ "type": "Feature", "properties": { "AGNO": 2021.0, "ID_ESTAB": 144314.0, "ORIGEN": 3.0, "NOM_ESTAB": "J.S.R. MANANTIALES", "COD_REG_ES": 13.0, "COD_PRO_ES": 135.0, "COD_COM_ES": 13501.0, "NOM_COM_ES": "MELIPILLA", "COD_DEPROV": 0.0, "NOM_DEPROV": null, "DEPENDENCI": 5.0, "RURAL_ESTA": 0.0, "ESTADO_EST": 0.0, "SC_MEN_SI": 0.0, "SC_MEN_H": 0.0, "SC_MEN_M": 0.0, "SC_MAY_H": 1.0, "SC_MAY_M": 0.0, "MED_MEN_SI": 0.0, "MED_MEN_H": 4.0, "MED_MEN_M": 2.0, "MED_MAY_SI": 0.0, "MED_MAY_H": 2.0, "MED_MAY_M": 6.0, "NT1_SI": 0.0, "NT1_H": 0.0, "NT1_M": 0.0, "NT2_SI": 0.0, "NT2_H": 0.0, "NT2_M": 0.0, "N_TOTAL": 15.0, "DIRECCION": "CANCHA MANANTIALES", "NUMERO": 0.0, "REFERENCIA": "S/N", "LATITUD": -33.449698, "LONGITUD": -70.657719, "centroide_x": 345924.64845020138, "centroide_y": 6297628.9007905144, "crs_original": "EPSG:4326", "fecha_normalizacion": "2025-10-10 01:59:23" }, "geometry": { "type": "Point", "coordinates": [ 345924.648450201377273, 6297628.900790514424443 ] } },
{ "type": "Feature", "properties": { "AGNO": 2021.0, "ID_ESTAB": 144504.0, "ORIGEN": 3.0, "NOM_ESTAB": "J.S.R. PATAGÜILLA", "COD_REG_ES": 13.0, "COD_PRO_ES": 135.0, "COD_COM_ES": 13503.0, "NOM_COM_ES": "CURACAVÍ", "COD_DEPROV": 0.0, "NOM_DEPROV": null, "DEPENDENCI": 5.0, "RURAL_ESTA": 0.0, "ESTADO_EST": 0.0, "SC_MEN_SI": 0.0, "SC_MEN_H": 0.0, "SC_MEN_M": 0.0, "SC_MAY_H": 0.0, "SC_MAY_M": 0.0, "MED_MEN_SI": 0.0, "MED_MEN_H": 0.0, "MED_MEN_M": 1.0, "MED_MAY_SI": 0.0, "MED_MAY_H": 6.0, "MED_MAY_M": 4.0, "NT1_SI": 0.0, "NT1_H": 0.0, "NT1_M": 0.0, "NT2_SI": 0.0, "NT2_H": 0.0, "NT2_M": 0.0, "N_TOTAL": 11.0, "DIRECCION": "PATAGUILLA", "NUMERO": 0.0, "REFERENCIA": "S/N", "LATITUD": -33.449698, "LONGITUD": -70.657719, "centroide_x": 345924.64845020138, "centroide_y": 6297628.9007905144, "crs_original": "EPSG:4326", "fecha_normalizacion": "2025-10-10 01:59:23" }, "geometry": { "type": "Point", "coordinates": [ 345924.648450201377273, 6297628.900790514424443 ] } },
{ "type": "Feature", "properties": { "AGNO": 2021.0, "ID_ESTAB": 145301.0, "ORIGEN": 3.0, "NOM_ESTAB": "S.C. ÜLKANTUN", "COD_REG_ES": 13.0, "COD_PRO_ES": 131.0, "COD_COM_ES": 13101.0, "NOM_COM_ES": "SANTIAGO", "COD_DEPROV": 0.0, "NOM_DEPROV": null, "DEPENDENCI": 5.0, "RURAL_ESTA": 0.0, "ESTADO_EST": 0.0, "SC_MEN_SI": 0.0, "SC_MEN_H": 1.0, "SC_MEN_M": 0.0, "SC_MAY_H": 11.0, "SC_MAY_M": 9.0, "MED_MEN_SI": 0.0, "MED_MEN_H": 0.0, "MED_MEN_M": 0.0, "MED_MAY_SI": 0.0, "MED_MAY_H": 0.0, "MED_MAY_M": 0.0, "NT1_SI": 0.0, "NT1_H": 0.0, "NT1_M": 0.0, "NT2_SI": 0.0, "NT2_H": 0.0, "NT2_M": 0.0, "N_TOTAL": 21.0, "DIRECCION": "MONEDA", "NUMERO": 2490.0, "REFERENCIA": null, "LATITUD": -33.444344, "LONGITUD": -70.670985, "centroide_x": 344681.96726440778, "centroide_y": 6298202.8382083187, "crs_original": "EPSG:4326", "fecha_normalizacion": "2025-10-10 01:59:23" }, "geometry": { "type": "Point", "coordinates": [ 344681.967264407780021, 6298202.838208318687975 ] } },
{ "type": "Feature", "properties": { "AGNO": 2021.0, "ID_ESTAB": 145303.0, "ORIGEN": 3.0, "NOM_ESTAB": "LIBERTAD", "COD_REG_ES": 13.0, "COD_PRO_ES": 131.0, "COD_COM_ES": 13101.0, "NOM_COM_ES": "SANTIAGO", "COD_DEPROV": 0.0, "NOM_DEPROV": null, "DEPENDENCI": 5.0, "RURAL_ESTA": 0.0, "ESTADO_EST": 0.0, "SC_MEN_SI": 0.0, "SC_MEN_H": 20.0, "SC_MEN_M": 20.0, "SC_MAY_H": 22.0, "SC_MAY_M": 17.0, "MED_MEN_SI": 0.0, "MED_MEN_H": 34.0, "MED_MEN_M": 21.0, "MED_MAY_SI": 0.0, "MED_MAY_H": 25.0, "MED_MAY_M": 27.0, "NT1_SI": 0.0, "NT1_H": 0.0, "NT1_M": 0.0, "NT2_SI": 0.0, "NT2_H": 0.0, "NT2_M": 0.0, "N_TOTAL": 186.0, "DIRECCION": "LIBERTAD", "NUMERO": 1520.0, "REFERENCIA": null, "LATITUD": -33.428058, "LONGITUD": -70.675567, "centroide_x": 344226.91421945643, "centroide_y": 6300001.8805704117, "crs_original": "EPSG:4326", "fecha_normalizacion": "2025-10-10 01:59:23" }, "geometry": { "type": "Point", "coordinates": [ 344226.914219456433784, 6300001.880570411682129 ] } },
{ "type": "Feature", "properties": { "AGNO": 2021.0, "ID_ESTAB": 145304.0, "ORIGEN": 3.0, "NOM_ESTAB": "REMOLINO DE COLORES", "COD_REG_ES": 13.0, "COD_PRO_ES": 131.0, "COD_COM_ES": 13101.0, "NOM_COM_ES": "SANTIAGO", "COD_DEPROV": 0.0, "NOM_DEPROV": null, "DEPENDENCI": 5.0, "RURAL_ESTA": 0.0, "ESTADO_EST": 0.0, "SC_MEN_SI": 0.0, "SC_MEN_H": 12.0, "SC_MEN_M": 7.0, "SC_MAY_H": 9.0, "SC_MAY_M": 11.0, "MED_MEN_SI": 0.0, "MED_MEN_H": 19.0, "MED_MEN_M": 7.0, "MED_MAY_SI": 0.0, "MED_MAY_H": 16.0, "MED_MAY_M": 12.0, "NT1_SI": 0.0, "NT1_H": 0.0, "NT1_M": 0.0, "NT2_SI": 0.0, "NT2_H": 0.0, "NT2_M": 0.0, "N_TOTAL": 93.0, "DIRECCION": "DIECIOCHO", "NUMERO": 133.0, "REFERENCIA": null, "LATITUD": -33.447972, "LONGITUD": -70.658271, "centroide_x": 345870.2835312644, "centroide_y": 6297819.4721796829, "crs_original": "EPSG:4326", "fecha_normalizacion": "2025-10-10 01:59:23" }, "geometry": { "type": "Point", "coordinates": [ 345870.283531264401972, 6297819.472179682925344 ] } }
]
}
