{
"type": "FeatureCollection",
"name": "establecimientos_educacion_superior",
"crs": { "type": "name", "properties": { "name": "urn:ogc:def:crs:EPSG::32719" } },
"features": [
{ "type": "Feature", "properties": { "AÑO": 2020.0, "COD_INST": 71.0, "TIPO_INST": "Universidades (* Carrera en Convenio)", "NOMBRE_INS": "UNIVERSIDAD DE SANTIAGO DE CHILE", "NOMBRE_INM": "SECTOR 7", "COD_REGION": 13.0, "REGIÓN": "REGIÓN METROPOLITANA DE SANTIAGO", "COD_PROVIN": 131.0, "PROVINCIA": "SANTIAGO", "COD_COMUNA": 13106.0, "COMUNA": "ESTACIÓN CENTRAL", "DIRECCION": "AVENIDA PORTALES", "NUMERO_DI": 3510.0, "LUGAR_REFE": "ROL 328-5", "LATITUD": -33.444477, "LONGITUD": -70.68375, "centroide_x": 343495.5649937602, "centroide_y": 6298168.9387857988, "crs_original": "EPSG:4326", "fecha_normalizacion": "2025-10-10 01:59:23" }, "geometry": { "type": "Point", "coordinates": [ 343495.564993760199286, 6298168.938785798847675 ] } },
{ "type": "Feature", "properties": { "AÑO": 2020.0, "COD_INST": 71.0, "TIPO_INST": "Universidades (* Carrera en Convenio)", "NOMBRE_INS": "UNIVERSIDAD DE SANTIAGO DE CHILE", "NOMBRE_INM": "SECTOR 5 ECUADOR", "COD_REGION": 13.0, "REGIÓN": "REGIÓN METROPOLITANA DE SANTIAGO", "COD_PROVIN": 131.0, "PROVINCIA": "SANTIAGO", "COD_COMUNA": 13106.0, "COMUNA": "ESTACIÓN CENTRAL", "DIRECCION": "ECUADOR", "NUMERO_DI": 3363.0, "LUGAR_REFE": "ROL 480-153", "LATITUD": -33.449609, "LONGITUD": -70.680901, "centroide_x": 343769.61379854963, "centroide_y": 6297604.1540050991, "crs_original": "EPSG:4326", "fecha_normalizacion": "2025-10-10 01:59:23" }, "geometry": { "type": "Point", "coordinates": [ 343769.613798549631611, 6297604.154005099087954 ] } },
{ "type": "Feature", "properties": { "AÑO": 2020.0, "COD_INST": 71.0, "TIPO_INST": "Universidades (* Carrera en Convenio)", "NOMBRE_INS": "UNIVERSIDAD DE SANTIAGO DE CHILE", "NOMBRE_INM": "SECTOR 5 B OHIGGINS", "COD_REGION": 13.0, "REGIÓN": "REGIÓN METROPOLITANA DE SANTIAGO", "COD_PROVIN": 131.0, "PROVINCIA": "SANTIAGO", "COD_COMUNA": 13106.0, "COMUNA": "ESTACIÓN CENTRAL", "DIRECCION": "BERNARDO OHIGGINS", "NUMERO_DI": 3389.0, "LUGAR_REFE": "ROL 480-27", "LATITUD": -33.449824, "LONGITUD": -70.680538, "centroide_x": 343803.74200618779, "centroide_y": 6297580.8590483116, "crs_original": "EPSG:4326", "fecha_normalizacion": "2025-10-10 01:59:23" }, "geometry": { "type": "Point", "coordinates": [ 343803.742006187792867, 6297580.859048311598599 ] } },
{ "type": "Feature", "properties": { "AÑO": 2020.0, "COD_INST": 71.0, "TIPO_INST": "Universidades (* Carrera en Convenio)", "NOMBRE_INS": "UNIVERSIDAD DE SANTIAGO DE CHILE", "NOMBRE_INM": "SECTOR 3 ECUADOR", "COD_REGION": 13.0, "REGIÓN": "REGIÓN METROPOLITANA DE SANTIAGO", "COD_PROVIN": 131.0, "PROVINCIA": "SANTIAGO", "COD_COMUNA": 13106.0, "COMUNA": "ESTACIÓN CENTRAL", "DIRECCION": "ECUADOR", "NUMERO_DI": 3493.0, "LUGAR_REFE": "ROL 485-2", "LATITUD": -33.449986, "LONGITUD": -70.683853, "centroide_x": 343495.88802567846, "centroide_y": 6297557.9070803896, "crs_original": "EPSG:4326", "fecha_normalizacion": "2025-10-10 01:59:23" }, "geometry": { "type": "Point", "coordinates": [ 343495.888025678461418, 6297557.907080389559269 ] } },
{ "type": "Feature", "properties": { "AÑO": 2020.0, "COD_INST": 71.0, "TIPO_INST": "Universidades (* Carrera en Convenio)", "NOMBRE_INS": "UNIVERSIDAD DE SANTIAGO DE CHILE", "NOMBRE_INM": "SECTOR 4 E KIRBERG", "COD_REGION": 13.0, "REGIÓN": "REGIÓN METROPOLITANA DE SANTIAGO", "COD_PROVIN": 131.0, "PROVINCIA": "SANTIAGO", "COD_COMUNA": 13106.0, "COMUNA": "ESTACIÓN CENTRAL", "DIRECCION": "ENRIQUE KIRBERG", "NUMERO_DI": 3.0, "LUGAR_REFE": "ROL 481-1", "LATITUD": -33.450104, "LONGITUD": -70.682271, "centroide_x": 343643.18194536399, "centroide_y": 6297547.2082854388, "crs_original": "EPSG:4326", "fecha_normalizacion": "2025-10-10 01:59:23" }, "geometry": { "type": "Point", "coordinates": [ 343643.181945363990963, 6297547.20828543882817 ] } },
{ "type": "Feature", "properties": { "AÑO": 2020.0, "COD_INST": 71.0, "TIPO_INST": "Universidades (* Carrera en Convenio)", "NOMBRE_INS": "UNIVERSIDAD DE SANTIAGO DE CHILE", "NOMBRE_INM": "SECTOR 2 ECUADOR", "COD_REGION": 13.0, "REGIÓN": "REGIÓN METROPOLITANA DE SANTIAGO", "COD_PROVIN": 131.0, "PROVINCIA": "SANTIAGO", "COD_COMUNA": 13106.0, "COMUNA": "ESTACIÓN CENTRAL", "DIRECCION": "ECUADOR", "NUMERO_DI": 3659.0, "LUGAR_REFE": "ROL 485-3", "LATITUD": -33.450121, "LONGITUD": -70.686739, "centroide_x": 343227.8638755295, "centroide_y": 6297538.5865719654, "crs_original": "EPSG:4326", "fecha_normalizacion": "2025-10-10 01:59:23" }, "geometry": { "type": "Point", "coordinates": [ 343227.863875529495999, 6297538.586571965366602 ] } },
{ "type": "Feature", "properties": { "AÑO": 2020.0, "COD_INST": 71.0, "TIPO_INST": "Universidades (* Carrera en Convenio)", "NOMBRE_INS": "UNIVERSIDAD DE SANTIAGO DE CHILE", "NOMBRE_INM": "SECTOR 1 - ECUADOR", "COD_REGION": 13.0, "REGIÓN": "REGIÓN METROPOLITANA DE SANTIAGO", "COD_PROVIN": 131.0, "PROVINCIA": "SANTIAGO", "COD_COMUNA": 13106.0, "COMUNA": "ESTACIÓN CENTRAL", "DIRECCION": "ECUADOR", "NUMERO_DI": 3949.0, "LUGAR_REFE": "ROL 485-4", "LATITUD": -33.450207, "LONGITUD": -70.689945, "centroide_x": 342930.00661278737, "centroide_y": 6297524.2083619768, "crs_original": "EPSG:4326", "fecha_normalizacion": "2025-10-10 01:59:23" }, "geometry": { "type": "Point", "coordinates": [ 342930.006612787372433, 6297524.208361976779997 ] } },
{ "type": "Feature", "properties": { "AÑO": 2020.0, "COD_INST": 71.0, "TIPO_INST": "Universidades (* Carrera en Convenio)", "NOMBRE_INS": "UNIVERSIDAD DE SANTIAGO DE CHILE", "NOMBRE_INM": "SECTOR 2 ECUADOR", "COD_REGION": 13.0, "REGIÓN": "REGIÓN METROPOLITANA DE SANTIAGO", "COD_PROVIN": 131.0, "PROVINCIA": "SANTIAGO", "COD_COMUNA": 13106.0, "COMUNA": "ESTACIÓN CENTRAL", "DIRECCION": "ECUADOR", "NUMERO_DI": 3769.0, "LUGAR_REFE": "ROL 485-7", "LATITUD": -33.45043, "LONGITUD": -70.68369, "centroide_x": 343511.83734604041, "centroide_y": 6297508.9187302981, "crs_original": "EPSG:4326", "fecha_normalizacion": "2025-10-10 01:59:23" }, "geometry": { "type": "Point", "coordinates": [ 343511.837346040410921, 6297508.918730298057199 ] } },
{ "type": "Feature", "properties": { "AÑO": 2020.0, "COD_INST": 71.0, "TIPO_INST": "Universidades (* Carrera en Convenio)", "NOMBRE_INS": "UNIVERSIDAD DE SANTIAGO DE CHILE", "NOMBRE_INM": "SECTOR 3 ECUADOR", "COD_REGION": 13.0, "REGIÓN": "REGIÓN METROPOLITANA DE SANTIAGO", "COD_PROVIN": 131.0, "PROVINCIA": "SANTIAGO", "COD_COMUNA": 13106.0, "COMUNA": "ESTACIÓN CENTRAL", "DIRECCION": "ECUADOR", "NUMERO_DI": 3519.0, "LUGAR_REFE": "ROL 485-1", "LATITUD": -33.450464, "LONGITUD": -70.684732, "centroide_x": 343415.04023441591, "centroide_y": 6297503.5787196048, "crs_original": "EPSG:4326", "fecha_normalizacion": "2025-10-10 01:59:23" }, "geometry": { "type": "Point", "coordinates": [ 343415.040234415908344, 6297503.578719604760408 ] } },
{ "type": "Feature", "properties": { "AÑO": 2020.0, "COD_INST": 71.0, "TIPO_INST": "Universidades (* Carrera en Convenio)", "NOMBRE_INS": "UNIVERSIDAD DE SANTIAGO DE CHILE", "NOMBRE_INM": "NUEVO EDIFICIO FAE", "COD_REGION": 13.0, "REGIÓN": "REGIÓN METROPOLITANA DE SANTIAGO", "COD_PROVIN": 131.0, "PROVINCIA": "SANTIAGO", "COD_COMUNA": 13106.0, "COMUNA": "ESTACIÓN CENTRAL", "DIRECCION": "AVENIDA LIBERTADOR BERNARDO OHIGGINS", "NUMERO_DI": 3363.0, "LUGAR_REFE": "BRETON 3320", "LATITUD": -33.450572, "LONGITUD": -70.679421, "centroide_x": 343908.89190620696, "centroide_y": 6297499.6109025227, "crs_original": "EPSG:4326", "fecha_normalizacion": "2025-10-10 01:59:23" }, "geometry": { "type": "Point", "coordinates": [ 343908.891906206961721, 6297499.610902522690594 ] } },
{ "type": "Feature", "properties": { "AÑO": 2020.0, "COD_INST": 71.0, "TIPO_INST": "Universidades (* Carrera en Convenio)", "NOMBRE_INS": "UNIVERSIDAD DE SANTIAGO DE CHILE", "NOMBRE_INM": "SECTOR 3 ECUADOR", "COD_REGION": 13.0, "REGIÓN": "REGIÓN METROPOLITANA DE SANTIAGO", "COD_PROVIN": 131.0, "PROVINCIA": "SANTIAGO", "COD_COMUNA": 13106.0, "COMUNA": "ESTACIÓN CENTRAL", "DIRECCION": "ECUADOR", "NUMERO_DI": 3580.0, "LUGAR_REFE": "ROL 498-30", "LATITUD": -33.451047, "LONGITUD": -70.685373, "centroide_x": 343356.50514482369, "centroide_y": 6297437.9653377049, "crs_original": "EPSG:4326", "fecha_normalizacion": "2025-10-10 01:59:23" }, "geometry": { "type": "Point", "coordinates": [ 343356.505144823691808, 6297437.965337704867125 ] } },
{ "type": "Feature", "properties": { "AÑO": 2020.0, "COD_INST": 71.0, "TIPO_INST": "Universidades (* Carrera en Convenio)", "NOMBRE_INS": "UNIVERSIDAD DE SANTIAGO DE CHILE", "NOMBRE_INM": "SECTOR 3 ECUADOR", "COD_REGION": 13.0, "REGIÓN": "REGIÓN METROPOLITANA DE SANTIAGO", "COD_PROVIN": 131.0, "PROVINCIA": "SANTIAGO", "COD_COMUNA": 13106.0, "COMUNA": "ESTACIÓN CENTRAL", "DIRECCION": "ECUADOR", "NUMERO_DI": 3596.0, "LUGAR_REFE": "ROL 498-31", "LATITUD": -33.451053, "LONGITUD": -70.685457, "centroide_x": 343348.70784022508, "centroide_y": 6297437.1733711101, "crs_original": "EPSG:4326", "fecha_normalizacion": "2025-10-10 01:59:23" }, "geometry": { "type": "Point", "coordinates": [ 343348.707840225077234, 6297437.173371110111475 ] } },
{ "type": "Feature", "properties": { "AÑO": 2020.0, "COD_INST": 71.0, "TIPO_INST": "Universidades (* Carrera en Convenio)", "NOMBRE_INS": "UNIVERSIDAD DE SANTIAGO DE CHILE", "NOMBRE_INM": "SECTOR 8 ECUADOR", "COD_REGION": 13.0, "REGIÓN": "REGIÓN METROPOLITANA DE SANTIAGO", "COD_PROVIN": 131.0, "PROVINCIA": "SANTIAGO", "COD_COMUNA": 13106.0, "COMUNA": "ESTACIÓN CENTRAL", "DIRECCION": "ECUADOR", "NUMERO_DI": 3650.0, "LUGAR_REFE": "ROL 499-13", "LATITUD": -33.451072, "LONGITUD": -70.686242, "centroide_x": 343275.77351065917, "centroide_y": 6297433.8826926965, "crs_original": "EPSG:4326", "fecha_normalizacion": "2025-10-10 01:59:23" }, "geometry": { "type": "Point", "coordinates": [ 343275.773510659171734, 6297433.882692696526647 ] } },
{ "type": "Feature", "properties": { "AÑO": 2020.0, "COD_INST": 71.0, "TIPO_INST": "Universidades (* Carrera en Convenio)", "NOMBRE_INS": "UNIVERSIDAD DE SANTIAGO DE CHILE", "NOMBRE_INM": "EDIF 0125 C FACTEC RUIZ TAGLE", "COD_REGION": 13.0, "REGIÓN": "REGIÓN METROPOLITANA DE SANTIAGO", "COD_PROVIN": 131.0, "PROVINCIA": "SANTIAGO", "COD_COMUNA": 13106.0, "COMUNA": "ESTACIÓN CENTRAL", "DIRECCION": "ECUADOR", "NUMERO_DI": 3818.0, "LUGAR_REFE": "ROL 501-9", "LATITUD": -33.451096, "LONGITUD": -70.688846, "centroide_x": 343033.76574905607, "centroide_y": 6297427.2904739622, "crs_original": "EPSG:4326", "fecha_normalizacion": "2025-10-10 01:59:23" }, "geometry": { "type": "Point", "coordinates": [ 343033.765749056066852, 6297427.290473962202668 ] } },
{ "type": "Feature", "properties": { "AÑO": 2020.0, "COD_INST": 71.0, "TIPO_INST": "Universidades (* Carrera en Convenio)", "NOMBRE_INS": "UNIVERSIDAD DE SANTIAGO DE CHILE", "NOMBRE_INM": "EDIF 0126 C FACTEC RUIZ TAGLE", "COD_REGION": 13.0, "REGIÓN": "REGIÓN METROPOLITANA DE SANTIAGO", "COD_PROVIN": 131.0, "PROVINCIA": "SANTIAGO", "COD_COMUNA": 13106.0, "COMUNA": "ESTACIÓN CENTRAL", "DIRECCION": "ECUADOR", "NUMERO_DI": 3838.0, "LUGAR_REFE": "- N 3840 ROL 501-10", "LATITUD": -33.451124, "LONGITUD": -70.688979, "centroide_x": 343021.45339419431, "centroide_y": 6297423.9846963156, "crs_original": "EPSG:4326", "fecha_normalizacion": "2025-10-10 01:59:23" }, "geometry": { "type": "Point", "coordinates": [ 343021.453394194308203, 6297423.984696315601468 ] } },
{ "type": "Feature", "properties": { "AÑO": 2020.0, "COD_INST": 71.0, "TIPO_INST": "Universidades (* Carrera en Convenio)", "NOMBRE_INS": "UNIVERSIDAD DE SANTIAGO DE CHILE", "NOMBRE_INM": "SECTOR 3 ECUADOR", "COD_REGION": 13.0, "REGIÓN": "REGIÓN METROPOLITANA DE SANTIAGO", "COD_PROVIN": 131.0, "PROVINCIA": "SANTIAGO", "COD_COMUNA": 13106.0, "COMUNA": "ESTACIÓN CENTRAL", "DIRECCION": "ECUADOR", "NUMERO_DI": 3524.0, "LUGAR_REFE": "-3534 ROL 490-111", "LATITUD": -33.451192, "LONGITUD": -70.684306, "centroide_x": 343455.94716165948, "centroide_y": 6297423.494838668, "crs_original": "EPSG:4326", "fecha_normalizacion": "2025-10-10 01:59:23" }, "geometry": { "type": "Point", "coordinates": [ 343455.947161659481935, 6297423.494838668033481 ] } },
{ "type": "Feature", "properties": { "AÑO": 2020.0, "COD_INST": 71.0, "TIPO_INST": "Universidades (* Carrera en Convenio)", "NOMBRE_INS": "UNIVERSIDAD DE SANTIAGO DE CHILE", "NOMBRE_INM": "SECTOR 6 Y 7 EL BELLOTO", "COD_REGION": 13.0, "REGIÓN": "REGIÓN METROPOLITANA DE SANTIAGO", "COD_PROVIN": 131.0, "PROVINCIA": "SANTIAGO", "COD_COMUNA": 13106.0, "COMUNA": "ESTACIÓN CENTRAL", "DIRECCION": "AVENIDA EL BELLOTO", "NUMERO_DI": 3469.0, "LUGAR_REFE": "ROL 451-1", "LATITUD": -33.451522, "LONGITUD": -70.682858, "centroide_x": 343591.13621368364, "centroide_y": 6297389.0828357795, "crs_original": "EPSG:4326", "fecha_normalizacion": "2025-10-10 01:59:23" }, "geometry": { "type": "Point", "coordinates": [ 343591.136213683639653, 6297389.08283577952534 ] } },
{ "type": "Feature", "properties": { "AÑO": 2020.0, "COD_INST": 71.0, "TIPO_INST": "Universidades (* Carrera en Convenio)", "NOMBRE_INS": "UNIVERSIDAD DE SANTIAGO DE CHILE", "NOMBRE_INM": "EDIF 0117 D CALLE FEDERICO SCOTTO", "COD_REGION": 13.0, "REGIÓN": "REGIÓN METROPOLITANA DE SANTIAGO", "COD_PROVIN": 131.0, "PROVINCIA": "SANTIAGO", "COD_COMUNA": 13106.0, "COMUNA": "ESTACIÓN CENTRAL", "DIRECCION": "FEDERICO SCOTTO", "NUMERO_DI": 127.0, "LUGAR_REFE": "ROL 501-1", "LATITUD": -33.451651, "LONGITUD": -70.688856, "centroide_x": 343033.84047467535, "centroide_y": 6297365.7212570962, "crs_original": "EPSG:4326", "fecha_normalizacion": "2025-10-10 01:59:23" }, "geometry": { "type": "Point", "coordinates": [ 343033.840474675351288, 6297365.721257096156478 ] } },
{ "type": "Feature", "properties": { "AÑO": 2020.0, "COD_INST": 71.0, "TIPO_INST": "Universidades (* Carrera en Convenio)", "NOMBRE_INS": "UNIVERSIDAD DE SANTIAGO DE CHILE", "NOMBRE_INM": "SECTOR 8 BERNARDO O HIGGINS", "COD_REGION": 13.0, "REGIÓN": "REGIÓN METROPOLITANA DE SANTIAGO", "COD_PROVIN": 131.0, "PROVINCIA": "SANTIAGO", "COD_COMUNA": 13106.0, "COMUNA": "ESTACIÓN CENTRAL", "DIRECCION": "BERNARDO OHIGGINS", "NUMERO_DI": 3700.0, "LUGAR_REFE": null, "LATITUD": -33.451868, "LONGITUD": -70.686244, "centroide_x": 343277.01996271842, "centroide_y": 6297345.6135118417, "crs_original": "EPSG:4326", "fecha_normalizacion": "2025-10-10 01:59:23" }, "geometry": { "type": "Point", "coordinates": [ 343277.019962718419265, 6297345.613511841744184 ] } },
{ "type": "Feature", "properties": { "AÑO": 2020.0, "COD_INST": 260.0, "TIPO_INST": "Centros de Formación Técnica", "NOMBRE_INS": "CFT SANTO TOMÁS", "NOMBRE_INM": null, "COD_REGION": 13.0, "REGIÓN": "REGIÓN METROPOLITANA DE SANTIAGO", "COD_PROVIN": 131.0, "PROVINCIA": "SANTIAGO", "COD_COMUNA": 13106.0, "COMUNA": "ESTACIÓN CENTRAL", "DIRECCION": "EXPOSICION", "NUMERO_DI": 85.0, "LUGAR_REFE": null, "LATITUD": -33.451973, "LONGITUD": -70.678152, "centroide_x": 344029.38033819501, "centroide_y": 6297346.1472503338, "crs_original": "EPSG:4326", "fecha_normalizacion": "2025-10-10 01:59:23" }, "geometry": { "type": "Point", "coordinates": [ 344029.380338195012882, 6297346.147250333800912 ] } },
{ "type": "Feature", "properties": { "AÑO": 2020.0, "COD_INST": 71.0, "TIPO_INST": "Universidades (* Carrera en Convenio)", "NOMBRE_INS": "UNIVERSIDAD DE SANTIAGO DE CHILE", "NOMBRE_INM": "SECTOR 3 O UMANA A", "COD_REGION": 13.0, "REGIÓN": "REGIÓN METROPOLITANA DE SANTIAGO", "COD_PROVIN": 131.0, "PROVINCIA": "SANTIAGO", "COD_COMUNA": 13106.0, "COMUNA": "ESTACIÓN CENTRAL", "DIRECCION": "OBISPO MANUEL UMANA", "NUMERO_DI": 69.0, "LUGAR_REFE": "-079 ROL 498-10", "LATITUD": -33.453601, "LONGITUD": -70.684804, "centroide_x": 343413.98765831953, "centroide_y": 6297155.6173225902, "crs_original": "EPSG:4326", "fecha_normalizacion": "2025-10-10 01:59:23" }, "geometry": { "type": "Point", "coordinates": [ 343413.987658319529146, 6297155.617322590202093 ] } },
{ "type": "Feature", "properties": { "AÑO": 2020.0, "COD_INST": 71.0, "TIPO_INST": "Universidades (* Carrera en Convenio)", "NOMBRE_INS": "UNIVERSIDAD DE SANTIAGO DE CHILE", "NOMBRE_INM": "REMODELACION FACULTAD QUIMICA Y BIOLOGIA", "COD_REGION": 13.0, "REGIÓN": "REGIÓN METROPOLITANA DE SANTIAGO", "COD_PROVIN": 131.0, "PROVINCIA": "SANTIAGO", "COD_COMUNA": 13106.0, "COMUNA": "ESTACIÓN CENTRAL", "DIRECCION": "AMENGUAL", "NUMERO_DI": 14.0, "LUGAR_REFE": "ROL 600-31", "LATITUD": -33.456041, "LONGITUD": -70.696854, "centroide_x": 342298.34801404562, "centroide_y": 6296866.8255047593, "crs_original": "EPSG:4326", "fecha_normalizacion": "2025-10-10 01:59:23" }, "geometry": { "type": "Point", "coordinates": [ 342298.348014045623131, 6296866.825504759326577 ] } },
{ "type": "Feature", "properties": { "AÑO": 2020.0, "COD_INST": 71.0, "TIPO_INST": "Universidades (* Carrera en Convenio)", "NOMBRE_INS": "UNIVERSIDAD DE SANTIAGO DE CHILE", "NOMBRE_INM": "AMENGUAL", "COD_REGION": 13.0, "REGIÓN": "REGIÓN METROPOLITANA DE SANTIAGO", "COD_PROVIN": 131.0, "PROVINCIA": "SANTIAGO", "COD_COMUNA": 13106.0, "COMUNA": "ESTACIÓN CENTRAL", "DIRECCION": "GENERAL AMENGUAL", "NUMERO_DI": 50.0, "LUGAR_REFE": "ROL 600-31", "LATITUD": -33.456146, "LONGITUD": -70.696604, "centroide_x": 342321.75764892017, "centroide_y": 6296855.5917578489, "crs_original": "EPSG:4326", "fecha_normalizacion": "2025-10-10 01:59:23" }, "geometry": { "type": "Point", "coordinates": [ 342321.757648920174688, 6296855.591757848858833 ] } },
{ "type": "Feature", "properties": { "AÑO": 2020.0, "COD_INST": 19.0, "TIPO_INST": "Universidades Privadas", "NOMBRE_INS": "UNIVERSIDAD DE LAS AMÉRICAS", "NOMBRE_INM": "CESS CLINICA RED SALUD", "COD_REGION": 13.0, "REGIÓN": "REGIÓN METROPOLITANA DE SANTIAGO", "COD_PROVIN": 131.0, "PROVINCIA": "SANTIAGO", "COD_COMUNA": 13106.0, "COMUNA": "ESTACIÓN CENTRAL", "DIRECCION": "AVENIDA LIBERTADOR BERNARDO OHIGGINS", "NUMERO_DI": 4850.0, "LUGAR_REFE": "PISO 13", "LATITUD": -33.457571, "LONGITUD": -70.701622, "centroide_x": 341857.9484708301, "centroide_y": 6296689.9194125272, "crs_original": "EPSG:4326", "fecha_normalizacion": "2025-10-10 01:59:23" }, "geometry": { "type": "Point", "coordinates": [ 341857.948470830102451, 6296689.919412527233362 ] } },
{ "type": "Feature", "properties": { "AÑO": 2020.0, "COD_INST": 435.0, "TIPO_INST": "Centros de Formación Técnica", "NOMBRE_INS": "CFT DEL MEDIO AMBIENTE", "NOMBRE_INM": "CFT DEL MEDIO AMBIENTE", "COD_REGION": 13.0, "REGIÓN": "REGIÓN METROPOLITANA DE SANTIAGO", "COD_PROVIN": 131.0, "PROVINCIA": "SANTIAGO", "COD_COMUNA": 13106.0, "COMUNA": "ESTACIÓN CENTRAL", "DIRECCION": "GUADAL", "NUMERO_DI": 938.0, "LUGAR_REFE": null, "LATITUD": -33.464834, "LONGITUD": -70.703095, "centroide_x": 341734.26918576617, "centroide_y": 6295882.2646539174, "crs_original": "EPSG:4326", "fecha_normalizacion": "2025-10-10 01:59:23" }, "geometry": { "type": "Point", "coordinates": [ 341734.269185766170267, 6295882.264653917402029 ] } },
{ "type": "Feature", "properties": { "AÑO": 2020.0, "COD_INST": 70.0, "TIPO_INST": "Universidades Estatales CRUCH", "NOMBRE_INS": "UNIVERSIDAD DE CHILE", "NOMBRE_INM": "FACULTAD DE MEDICINA CAMPUS OCCIDENTE", "COD_REGION": 13.0, "REGIÓN": "REGIÓN METROPOLITANA DE SANTIAGO", "COD_PROVIN": 131.0, "PROVINCIA": "SANTIAGO", "COD_COMUNA": 13126.0, "COMUNA": "QUINTA NORMAL", "DIRECCION": "CARLOS SCCHACHTEBECK", "NUMERO_DI": 299.0, "LUGAR_REFE": "-349", "LATITUD": -33.441922, "LONGITUD": -70.683404, "centroide_x": 343523.14050347003, "centroide_y": 6298452.7759530507, "crs_original": "EPSG:4326", "fecha_normalizacion": "2025-10-10 01:59:23" }, "geometry": { "type": "Point", "coordinates": [ 343523.140503470029216, 6298452.77595305070281 ] } },
{ "type": "Feature", "properties": { "AÑO": 2020.0, "COD_INST": 71.0, "TIPO_INST": "Universidades (* Carrera en Convenio)", "NOMBRE_INS": "UNIVERSIDAD DE SANTIAGO DE CHILE", "NOMBRE_INM": "SECTOR 7 COMODATO SAG EDIF 0703", "COD_REGION": 13.0, "REGIÓN": "REGIÓN METROPOLITANA DE SANTIAGO", "COD_PROVIN": 131.0, "PROVINCIA": "SANTIAGO", "COD_COMUNA": 13101.0, "COMUNA": "SANTIAGO", "DIRECCION": "PORTALES", "NUMERO_DI": 3392.0, "LUGAR_REFE": "-3396", "LATITUD": -33.444427, "LONGITUD": -70.681621, "centroide_x": 343693.41340791923, "centroide_y": 6298177.7111198232, "crs_original": "EPSG:4326", "fecha_normalizacion": "2025-10-10 01:59:23" }, "geometry": { "type": "Point", "coordinates": [ 343693.41340791922994, 6298177.711119823157787 ] } },
{ "type": "Feature", "properties": { "AÑO": 2020.0, "COD_INST": 374.0, "TIPO_INST": "Centros de Formación Técnica", "NOMBRE_INS": "CFT ICEL", "NOMBRE_INM": "SEDE ALAMEDA", "COD_REGION": 13.0, "REGIÓN": "REGIÓN METROPOLITANA DE SANTIAGO", "COD_PROVIN": 131.0, "PROVINCIA": "SANTIAGO", "COD_COMUNA": 13101.0, "COMUNA": "SANTIAGO", "DIRECCION": "AVENIDA LIBERTADOR BERNARDO O'HIGGINS", "NUMERO_DI": 2520.0, "LUGAR_REFE": null, "LATITUD": -33.449571, "LONGITUD": -70.671533, "centroide_x": 344640.3474109089, "centroide_y": 6297622.4140609652, "crs_original": "EPSG:4326", "fecha_normalizacion": "2025-10-10 01:59:23" }, "geometry": { "type": "Point", "coordinates": [ 344640.347410908900201, 6297622.414060965180397 ] } },
{ "type": "Feature", "properties": { "AÑO": 2020.0, "COD_INST": 20.0, "TIPO_INST": "Universidades Privadas", "NOMBRE_INS": "UNIVERSIDAD ANDRÉS BELLO", "NOMBRE_INM": "CAMPUS REPUBLICA", "COD_REGION": 13.0, "REGIÓN": "REGIÓN METROPOLITANA DE SANTIAGO", "COD_PROVIN": 131.0, "PROVINCIA": "SANTIAGO", "COD_COMUNA": 13101.0, "COMUNA": "SANTIAGO", "DIRECCION": "ABATE MOLINA", "NUMERO_DI": 140.0, "LUGAR_REFE": "Y 150", "LATITUD": -33.451529, "LONGITUD": -70.672359, "centroide_x": 344567.06089760549, "centroide_y": 6297404.0623352304, "crs_original": "EPSG:4326", "fecha_normalizacion": "2025-10-10 01:59:23" }, "geometry": { "type": "Point", "coordinates": [ 344567.060897605493665, 6297404.062335230410099 ] } },
{ "type": "Feature", "properties": { "AÑO": 2020.0, "COD_INST": 70.0, "TIPO_INST": "Universidades Estatales CRUCH", "NOMBRE_INS": "UNIVERSIDAD DE CHILE", "NOMBRE_INM": "FACULTAD DE CIENCIAS FISICAS Y MATEMATICAS TALLER MOLINA", "COD_REGION": 13.0, "REGIÓN": "REGIÓN METROPOLITANA DE SANTIAGO", "COD_PROVIN": 131.0, "PROVINCIA": "SANTIAGO", "COD_COMUNA": 13101.0, "COMUNA": "SANTIAGO", "DIRECCION": "UNION LATINO AMERICANA", "NUMERO_DI": 651.0, "LUGAR_REFE": "-699", "LATITUD": -33.457788, "LONGITUD": -70.672446, "centroide_x": 344570.14544257615, "centroide_y": 6296709.8911765032, "crs_original": "EPSG:4326", "fecha_normalizacion": "2025-10-10 01:59:23" }, "geometry": { "type": "Point", "coordinates": [ 344570.145442576147616, 6296709.891176503151655 ] } },
{ "type": "Feature", "properties": { "AÑO": 2020.0, "COD_INST": 71.0, "TIPO_INST": "Universidades (* Carrera en Convenio)", "NOMBRE_INS": "UNIVERSIDAD DE SANTIAGO DE CHILE", "NOMBRE_INM": "CHACABUCO", "COD_REGION": 13.0, "REGIÓN": "REGIÓN METROPOLITANA DE SANTIAGO", "COD_PROVIN": 131.0, "PROVINCIA": "SANTIAGO", "COD_COMUNA": 13101.0, "COMUNA": "SANTIAGO", "DIRECCION": "CHACABUCO", "NUMERO_DI": 659.0, "LUGAR_REFE": "-675 ROL 237-11", "LATITUD": -33.437745, "LONGITUD": -70.678778, "centroide_x": 343945.71910138172, "centroide_y": 6298922.9546490256, "crs_original": "EPSG:4326", "fecha_normalizacion": "2025-10-10 01:59:23" }, "geometry": { "type": "Point", "coordinates": [ 343945.719101381720975, 6298922.954649025574327 ] } },
{ "type": "Feature", "properties": { "AÑO": 2020.0, "COD_INST": 70.0, "TIPO_INST": "Universidades Estatales CRUCH", "NOMBRE_INS": "UNIVERSIDAD DE CHILE", "NOMBRE_INM": "FACULTAD DE ARTES MAC QUINTA NORMAL MATUCANA 464", "COD_REGION": 13.0, "REGIÓN": "REGIÓN METROPOLITANA DE SANTIAGO", "COD_PROVIN": 131.0, "PROVINCIA": "SANTIAGO", "COD_COMUNA": 13101.0, "COMUNA": "SANTIAGO", "DIRECCION": "MATUCANA", "NUMERO_DI": 464.0, "LUGAR_REFE": null, "LATITUD": -33.441933, "LONGITUD": -70.679652, "centroide_x": 343871.9124931515, "centroide_y": 6298457.1701539448, "crs_original": "EPSG:4326", "fecha_normalizacion": "2025-10-10 01:59:23" }, "geometry": { "type": "Point", "coordinates": [ 343871.912493151496165, 6298457.17015394475311 ] } },
{ "type": "Feature", "properties": { "AÑO": 2020.0, "COD_INST": 70.0, "TIPO_INST": "Universidades Estatales CRUCH", "NOMBRE_INS": "UNIVERSIDAD DE CHILE", "NOMBRE_INM": "RECTORIA", "COD_REGION": 13.0, "REGIÓN": "REGIÓN METROPOLITANA DE SANTIAGO", "COD_PROVIN": 131.0, "PROVINCIA": "SANTIAGO", "COD_COMUNA": 13113.0, "COMUNA": "LA REINA", "DIRECCION": "AVENIDA ALCALDE FERNNDO CASTILLO VELASCO", "NUMERO_DI": 9975.0, "LUGAR_REFE": "LOTE A", "LATITUD": -33.453417, "LONGITUD": -70.529683, "centroide_x": 357832.08623465779, "centroide_y": 6297399.0427025687, "crs_original": "EPSG:4326", "fecha_normalizacion": "2025-10-10 01:59:23" }, "geometry": { "type": "Point", "coordinates": [ 357832.086234657792374, 6297399.042702568694949 ] } },
{ "type": "Feature", "properties": { "AÑO": 2020.0, "COD_INST": 1.0, "TIPO_INST": "Universidades Privadas", "NOMBRE_INS": "UNIVERSIDAD GABRIELA MISTRAL", "NOMBRE_INM": "CASA CENTRAL", "COD_REGION": 13.0, "REGIÓN": "REGIÓN METROPOLITANA DE SANTIAGO", "COD_PROVIN": 131.0, "PROVINCIA": "SANTIAGO", "COD_COMUNA": 13123.0, "COMUNA": "PROVIDENCIA", "DIRECCION": "RICARDO LYON", "NUMERO_DI": 1177.0, "LUGAR_REFE": null, "LATITUD": -33.431977, "LONGITUD": -70.606118, "centroide_x": 350690.80359062087, "centroide_y": 6299669.221506102, "crs_original": "EPSG:4326", "fecha_normalizacion": "2025-10-10 01:59:23" }, "geometry": { "type": "Point", "coordinates": [ 350690.803590620867908, 6299669.221506102010608 ] } },
{ "type": "Feature", "properties": { "AÑO": 2020.0, "COD_INST": 2.0, "TIPO_INST": "Universidades Privadas", "NOMBRE_INS": "UNIVERSIDAD FINIS TERRAE", "NOMBRE_INM": "UNIVERSIDAD FINIS TERRAE", "COD_REGION": 13.0, "REGIÓN": "REGIÓN METROPOLITANA DE SANTIAGO", "COD_PROVIN": 131.0, "PROVINCIA": "SANTIAGO", "COD_COMUNA": 13123.0, "COMUNA": "PROVIDENCIA", "DIRECCION": "AVENIDA PEDRO DE VALDIVIA", "NUMERO_DI": 1218.0, "LUGAR_REFE": "Y 1224", "LATITUD": -33.433946, "LONGITUD": -70.608022, "centroide_x": 350517.16100740171, "centroide_y": 6299448.1524515208, "crs_original": "EPSG:4326", "fecha_normalizacion": "2025-10-10 01:59:23" }, "geometry": { "type": "Point", "coordinates": [ 350517.161007401708048, 6299448.152451520785689 ] } },
{ "type": "Feature", "properties": { "AÑO": 2020.0, "COD_INST": 19.0, "TIPO_INST": "Universidades Privadas", "NOMBRE_INS": "UNIVERSIDAD DE LAS AMÉRICAS", "NOMBRE_INM": "CAMPUS PROVIDENCIA", "COD_REGION": 13.0, "REGIÓN": "REGIÓN METROPOLITANA DE SANTIAGO", "COD_PROVIN": 131.0, "PROVINCIA": "SANTIAGO", "COD_COMUNA": 13123.0, "COMUNA": "PROVIDENCIA", "DIRECCION": "ANTONIO VARAS", "NUMERO_DI": 840.0, "LUGAR_REFE": "PISOS MENOS 1 Y MENOS 2", "LATITUD": -33.434999, "LONGITUD": -70.614998, "centroide_x": 349870.4132209908, "centroide_y": 6299321.3369230926, "crs_original": "EPSG:4326", "fecha_normalizacion": "2025-10-10 01:59:23" }, "geometry": { "type": "Point", "coordinates": [ 349870.413220990798436, 6299321.336923092603683 ] } },
{ "type": "Feature", "properties": { "AÑO": 2020.0, "COD_INST": 20.0, "TIPO_INST": "Universidades Privadas", "NOMBRE_INS": "UNIVERSIDAD ANDRÉS BELLO", "NOMBRE_INM": "CAMPUS ANTONIO VARAS", "COD_REGION": 13.0, "REGIÓN": "REGIÓN METROPOLITANA DE SANTIAGO", "COD_PROVIN": 131.0, "PROVINCIA": "SANTIAGO", "COD_COMUNA": 13123.0, "COMUNA": "PROVIDENCIA", "DIRECCION": "ANTONIO VARAS", "NUMERO_DI": 880.0, "LUGAR_REFE": null, "LATITUD": -33.43536, "LONGITUD": -70.614737, "centroide_x": 349895.29998320172, "centroide_y": 6299281.6842561513, "crs_original": "EPSG:4326", "fecha_normalizacion": "2025-10-10 01:59:23" }, "geometry": { "type": "Point", "coordinates": [ 349895.29998320172308, 6299281.68425615131855 ] } },
{ "type": "Feature", "properties": { "AÑO": 2020.0, "COD_INST": 2.0, "TIPO_INST": "Universidades Privadas", "NOMBRE_INS": "UNIVERSIDAD FINIS TERRAE", "NOMBRE_INM": "UNIVERSIDAD FINIS TERRAE", "COD_REGION": 13.0, "REGIÓN": "REGIÓN METROPOLITANA DE SANTIAGO", "COD_PROVIN": 131.0, "PROVINCIA": "SANTIAGO", "COD_COMUNA": 13123.0, "COMUNA": "PROVIDENCIA", "DIRECCION": "AVENIDA PEDRO DE VALDIVIA", "NUMERO_DI": 1509.0, "LUGAR_REFE": null, "LATITUD": -33.436867, "LONGITUD": -70.608412, "centroide_x": 350485.91378988081, "centroide_y": 6299123.6959974421, "crs_original": "EPSG:4326", "fecha_normalizacion": "2025-10-10 01:59:23" }, "geometry": { "type": "Point", "coordinates": [ 350485.913789880811237, 6299123.695997442118824 ] } },
{ "type": "Feature", "properties": { "AÑO": 2020.0, "COD_INST": 19.0, "TIPO_INST": "Universidades Privadas", "NOMBRE_INS": "UNIVERSIDAD DE LAS AMÉRICAS", "NOMBRE_INM": "CAMPUS PROVIDENCIA", "COD_REGION": 13.0, "REGIÓN": "REGIÓN METROPOLITANA DE SANTIAGO", "COD_PROVIN": 131.0, "PROVINCIA": "SANTIAGO", "COD_COMUNA": 13123.0, "COMUNA": "PROVIDENCIA", "DIRECCION": "MANUEL MONTT", "NUMERO_DI": 948.0, "LUGAR_REFE": null, "LATITUD": -33.436951, "LONGITUD": -70.615696, "centroide_x": 349808.88465459214, "centroide_y": 6299103.8804376218, "crs_original": "EPSG:4326", "fecha_normalizacion": "2025-10-10 01:59:23" }, "geometry": { "type": "Point", "coordinates": [ 349808.884654592140578, 6299103.880437621846795 ] } },
{ "type": "Feature", "properties": { "AÑO": 2020.0, "COD_INST": 2.0, "TIPO_INST": "Universidades Privadas", "NOMBRE_INS": "UNIVERSIDAD FINIS TERRAE", "NOMBRE_INM": "UNIVERSIDAD FINIS TERRAE", "COD_REGION": 13.0, "REGIÓN": "REGIÓN METROPOLITANA DE SANTIAGO", "COD_PROVIN": 131.0, "PROVINCIA": "SANTIAGO", "COD_COMUNA": 13123.0, "COMUNA": "PROVIDENCIA", "DIRECCION": "AVENIDA PEDRO DE VALDIVIA", "NUMERO_DI": 1638.0, "LUGAR_REFE": "-1646", "LATITUD": -33.437822, "LONGITUD": -70.607177, "centroide_x": 350602.36553453573, "centroide_y": 6299019.5764261894, "crs_original": "EPSG:4326", "fecha_normalizacion": "2025-10-10 01:59:23" }, "geometry": { "type": "Point", "coordinates": [ 350602.365534535725601, 6299019.576426189392805 ] } },
{ "type": "Feature", "properties": { "AÑO": 2020.0, "COD_INST": 54.0, "TIPO_INST": "Universidades Privadas", "NOMBRE_INS": "UNIVERSIDAD TECNOLÓGICA DE CHILE INACAP", "NOMBRE_INM": "INACAP ÑUÑOA", "COD_REGION": 13.0, "REGIÓN": "REGIÓN METROPOLITANA DE SANTIAGO", "COD_PROVIN": 131.0, "PROVINCIA": "SANTIAGO", "COD_COMUNA": 13120.0, "COMUNA": "ÑUÑOA", "DIRECCION": "BROWN NORTE", "NUMERO_DI": 290.0, "LUGAR_REFE": null, "LATITUD": -33.452566, "LONGITUD": -70.591924, "centroide_x": 352045.41855191189, "centroide_y": 6297406.5079300757, "crs_original": "EPSG:4326", "fecha_normalizacion": "2025-10-10 01:59:23" }, "geometry": { "type": "Point", "coordinates": [ 352045.418551911890972, 6297406.507930075749755 ] } },
{ "type": "Feature", "properties": { "AÑO": 2020.0, "COD_INST": 100.0, "TIPO_INST": "Institutos Profesionales", "NOMBRE_INS": "IP INACAP", "NOMBRE_INM": "INACAP ÑUÑOA", "COD_REGION": 13.0, "REGIÓN": "REGIÓN METROPOLITANA DE SANTIAGO", "COD_PROVIN": 131.0, "PROVINCIA": "SANTIAGO", "COD_COMUNA": 13120.0, "COMUNA": "ÑUÑOA", "DIRECCION": "BROWN NORTE", "NUMERO_DI": 290.0, "LUGAR_REFE": null, "LATITUD": -33.452566, "LONGITUD": -70.591924, "centroide_x": 352045.41855191189, "centroide_y": 6297406.5079300757, "crs_original": "EPSG:4326", "fecha_normalizacion": "2025-10-10 01:59:23" }, "geometry": { "type": "Point", "coordinates": [ 352045.418551911890972, 6297406.507930075749755 ] } },
{ "type": "Feature", "properties": { "AÑO": 2020.0, "COD_INST": 430.0, "TIPO_INST": "Centros de Formación Técnica", "NOMBRE_INS": "CFT INACAP", "NOMBRE_INM": "INACAP ÑUÑOA", "COD_REGION": 13.0, "REGIÓN": "REGIÓN METROPOLITANA DE SANTIAGO", "COD_PROVIN": 131.0, "PROVINCIA": "SANTIAGO", "COD_COMUNA": 13120.0, "COMUNA": "ÑUÑOA", "DIRECCION": "BROWN NORTE", "NUMERO_DI": 290.0, "LUGAR_REFE": null, "LATITUD": -33.452566, "LONGITUD": -70.591924, "centroide_x": 352045.41855191189, "centroide_y": 6297406.5079300757, "crs_original": "EPSG:4326", "fecha_normalizacion": "2025-10-10 01:59:23" }, "geometry": { "type": "Point", "coordinates": [ 352045.418551911890972, 6297406.507930075749755 ] } },
{ "type": "Feature", "properties": { "AÑO": 2020.0, "COD_INST": 236.0, "TIPO_INST": "Centros de Formación Técnica", "NOMBRE_INS": "CFT CENTRO TECNOLÓGICO SUPERIOR INFOMED", "NOMBRE_INM": "CASA CENTRAL", "COD_REGION": 13.0, "REGIÓN": "REGIÓN METROPOLITANA DE SANTIAGO", "COD_PROVIN": 131.0, "PROVINCIA": "SANTIAGO", "COD_COMUNA": 13120.0, "COMUNA": "ÑUÑOA", "DIRECCION": "BROWN NORTE", "NUMERO_DI": 274.0, "LUGAR_REFE": null, "LATITUD": -33.452804, "LONGITUD": -70.591811, "centroide_x": 352056.3262000251, "centroide_y": 6297380.2781834593, "crs_original": "EPSG:4326", "fecha_normalizacion": "2025-10-10 01:59:23" }, "geometry": { "type": "Point", "coordinates": [ 352056.326200025097933, 6297380.278183459304273 ] } },
{ "type": "Feature", "properties": { "AÑO": 2020.0, "COD_INST": 82.0, "TIPO_INST": "Universidades Estatales CRUCH", "NOMBRE_INS": "UNIVERSIDAD METROPOLITANA DE CIENCIAS DE LA EDUCACIÓN", "NOMBRE_INM": "DEPARTAMENTO DE ALEMAN", "COD_REGION": 13.0, "REGIÓN": "REGIÓN METROPOLITANA DE SANTIAGO", "COD_PROVIN": 131.0, "PROVINCIA": "SANTIAGO", "COD_COMUNA": 13120.0, "COMUNA": "ÑUÑOA", "DIRECCION": "JUAN ENRIQUE CONCHA", "NUMERO_DI": 504.0, "LUGAR_REFE": null, "LATITUD": -33.459824, "LONGITUD": -70.595962, "centroide_x": 351682.44762577501, "centroide_y": 6296595.9454619335, "crs_original": "EPSG:4326", "fecha_normalizacion": "2025-10-10 01:59:23" }, "geometry": { "type": "Point", "coordinates": [ 351682.4476257750066, 6296595.945461933501065 ] } },
{ "type": "Feature", "properties": { "AÑO": 2020.0, "COD_INST": 82.0, "TIPO_INST": "Universidades Estatales CRUCH", "NOMBRE_INS": "UNIVERSIDAD METROPOLITANA DE CIENCIAS DE LA EDUCACIÓN", "NOMBRE_INM": "RECTORIA", "COD_REGION": 13.0, "REGIÓN": "REGIÓN METROPOLITANA DE SANTIAGO", "COD_PROVIN": 131.0, "PROVINCIA": "SANTIAGO", "COD_COMUNA": 13120.0, "COMUNA": "ÑUÑOA", "DIRECCION": "JOSE PEDRO ALESSANDRI", "NUMERO_DI": 550.0, "LUGAR_REFE": null, "LATITUD": -33.460004, "LONGITUD": -70.597349, "centroide_x": 351553.84322955651, "centroide_y": 6296574.0049306769, "crs_original": "EPSG:4326", "fecha_normalizacion": "2025-10-10 01:59:23" }, "geometry": { "type": "Point", "coordinates": [ 351553.843229556514416, 6296574.0049306768924 ] } },
{ "type": "Feature", "properties": { "AÑO": 2020.0, "COD_INST": 82.0, "TIPO_INST": "Universidades Estatales CRUCH", "NOMBRE_INS": "UNIVERSIDAD METROPOLITANA DE CIENCIAS DE LA EDUCACIÓN", "NOMBRE_INM": "EDUCACION CONTINUA", "COD_REGION": 13.0, "REGIÓN": "REGIÓN METROPOLITANA DE SANTIAGO", "COD_PROVIN": 131.0, "PROVINCIA": "SANTIAGO", "COD_COMUNA": 13120.0, "COMUNA": "ÑUÑOA", "DIRECCION": "JOSE PEDRO ALESSANDRI", "NUMERO_DI": 636.0, "LUGAR_REFE": null, "LATITUD": -33.460787, "LONGITUD": -70.597371, "centroide_x": 351553.13345824718, "centroide_y": 6296487.1502710795, "crs_original": "EPSG:4326", "fecha_normalizacion": "2025-10-10 01:59:23" }, "geometry": { "type": "Point", "coordinates": [ 351553.13345824717544, 6296487.150271079503 ] } },
{ "type": "Feature", "properties": { "AÑO": 2020.0, "COD_INST": 82.0, "TIPO_INST": "Universidades Estatales CRUCH", "NOMBRE_INS": "UNIVERSIDAD METROPOLITANA DE CIENCIAS DE LA EDUCACIÓN", "NOMBRE_INM": "PRACTICA PROFESIONAL", "COD_REGION": 13.0, "REGIÓN": "REGIÓN METROPOLITANA DE SANTIAGO", "COD_PROVIN": 131.0, "PROVINCIA": "SANTIAGO", "COD_COMUNA": 13120.0, "COMUNA": "ÑUÑOA", "DIRECCION": "JOSE PEDRO ALESSANDRI", "NUMERO_DI": 662.0, "LUGAR_REFE": null, "LATITUD": -33.461029, "LONGITUD": -70.597779, "centroide_x": 351515.62602717348, "centroide_y": 6296459.7328888495, "crs_original": "EPSG:4326", "fecha_normalizacion": "2025-10-10 01:59:23" }, "geometry": { "type": "Point", "coordinates": [ 351515.626027173479088, 6296459.732888849452138 ] } },
{ "type": "Feature", "properties": { "AÑO": 2020.0, "COD_INST": 82.0, "TIPO_INST": "Universidades Estatales CRUCH", "NOMBRE_INS": "UNIVERSIDAD METROPOLITANA DE CIENCIAS DE LA EDUCACIÓN", "NOMBRE_INM": "DEPORTES Y RECREACION", "COD_REGION": 13.0, "REGIÓN": "REGIÓN METROPOLITANA DE SANTIAGO", "COD_PROVIN": 131.0, "PROVINCIA": "SANTIAGO", "COD_COMUNA": 13120.0, "COMUNA": "ÑUÑOA", "DIRECCION": "JOSE PEDRO ALESSANDRI", "NUMERO_DI": 650.0, "LUGAR_REFE": null, "LATITUD": -33.461054, "LONGITUD": -70.596993, "centroide_x": 351588.7204604157, "centroide_y": 6296458.0840010792, "crs_original": "EPSG:4326", "fecha_normalizacion": "2025-10-10 01:59:23" }, "geometry": { "type": "Point", "coordinates": [ 351588.720460415701382, 6296458.084001079201698 ] } },
{ "type": "Feature", "properties": { "AÑO": 2020.0, "COD_INST": 70.0, "TIPO_INST": "Universidades Estatales CRUCH", "NOMBRE_INS": "UNIVERSIDAD DE CHILE", "NOMBRE_INM": "FACULTAD DE FILOSOFIA Y HUMANIDADES CENTRO DE ESTUDIOS BIZANTINOS", "COD_REGION": 13.0, "REGIÓN": "REGIÓN METROPOLITANA DE SANTIAGO", "COD_PROVIN": 131.0, "PROVINCIA": "SANTIAGO", "COD_COMUNA": 13120.0, "COMUNA": "ÑUÑOA", "DIRECCION": "AVENIDA JOSE PEDRO ALESSANDRI", "NUMERO_DI": 774.0, "LUGAR_REFE": "INTERIOR", "LATITUD": -33.461389, "LONGITUD": -70.59799, "centroide_x": 351496.62944849243, "centroide_y": 6296419.5125298165, "crs_original": "EPSG:4326", "fecha_normalizacion": "2025-10-10 01:59:23" }, "geometry": { "type": "Point", "coordinates": [ 351496.629448492429219, 6296419.512529816478491 ] } },
{ "type": "Feature", "properties": { "AÑO": 2020.0, "COD_INST": 82.0, "TIPO_INST": "Universidades Estatales CRUCH", "NOMBRE_INS": "UNIVERSIDAD METROPOLITANA DE CIENCIAS DE LA EDUCACIÓN", "NOMBRE_INM": "FACULTAD DE FILOSOF IA", "COD_REGION": 13.0, "REGIÓN": "REGIÓN METROPOLITANA DE SANTIAGO", "COD_PROVIN": 131.0, "PROVINCIA": "SANTIAGO", "COD_COMUNA": 13120.0, "COMUNA": "ÑUÑOA", "DIRECCION": "JOSE PEDRO ALESSANDRI", "NUMERO_DI": 774.0, "LUGAR_REFE": null, "LATITUD": -33.461389, "LONGITUD": -70.59799, "centroide_x": 351496.62944849243, "centroide_y": 6296419.5125298165, "crs_original": "EPSG:4326", "fecha_normalizacion": "2025-10-10 01:59:23" }, "geometry": { "type": "Point", "coordinates": [ 351496.629448492429219, 6296419.512529816478491 ] } },
{ "type": "Feature", "properties": { "AÑO": 2020.0, "COD_INST": 82.0, "TIPO_INST": "Universidades Estatales CRUCH", "NOMBRE_INS": "UNIVERSIDAD METROPOLITANA DE CIENCIAS DE LA EDUCACIÓN", "NOMBRE_INM": "DEPARTAMENTO DE INGL ES", "COD_REGION": 13.0, "REGIÓN": "REGIÓN METROPOLITANA DE SANTIAGO", "COD_PROVIN": 131.0, "PROVINCIA": "SANTIAGO", "COD_COMUNA": 13120.0, "COMUNA": "ÑUÑOA", "DIRECCION": "JOSE PEDRO ALESSANDRI", "NUMERO_DI": 842.0, "LUGAR_REFE": null, "LATITUD": -33.462342, "LONGITUD": -70.597487, "centroide_x": 351545.00368476467, "centroide_y": 6296314.5577581506, "crs_original": "EPSG:4326", "fecha_normalizacion": "2025-10-10 01:59:23" }, "geometry": { "type": "Point", "coordinates": [ 351545.003684764669742, 6296314.557758150622249 ] } },
{ "type": "Feature", "properties": { "AÑO": 2020.0, "COD_INST": 82.0, "TIPO_INST": "Universidades Estatales CRUCH", "NOMBRE_INS": "UNIVERSIDAD METROPOLITANA DE CIENCIAS DE LA EDUCACIÓN", "NOMBRE_INM": "PABELLON P EDUCACION BASICA   OFICINAS", "COD_REGION": 13.0, "REGIÓN": "REGIÓN METROPOLITANA DE SANTIAGO", "COD_PROVIN": 131.0, "PROVINCIA": "SANTIAGO", "COD_COMUNA": 13120.0, "COMUNA": "ÑUÑOA", "DIRECCION": "JOSE PEDRO ALESSANDRI", "NUMERO_DI": 862.0, "LUGAR_REFE": null, "LATITUD": -33.462609, "LONGITUD": -70.597485, "centroide_x": 351545.64483842347, "centroide_y": 6296284.9542209394, "crs_original": "EPSG:4326", "fecha_normalizacion": "2025-10-10 01:59:23" }, "geometry": { "type": "Point", "coordinates": [ 351545.644838423468173, 6296284.954220939427614 ] } },
{ "type": "Feature", "properties": { "AÑO": 2020.0, "COD_INST": 82.0, "TIPO_INST": "Universidades Estatales CRUCH", "NOMBRE_INS": "UNIVERSIDAD METROPOLITANA DE CIENCIAS DE LA EDUCACIÓN", "NOMBRE_INM": "DIRECCION DE EDUCACION BASICA", "COD_REGION": 13.0, "REGIÓN": "REGIÓN METROPOLITANA DE SANTIAGO", "COD_PROVIN": 131.0, "PROVINCIA": "SANTIAGO", "COD_COMUNA": 13120.0, "COMUNA": "ÑUÑOA", "DIRECCION": "JOSE PEDRO ALESSANDRI", "NUMERO_DI": 926.0, "LUGAR_REFE": null, "LATITUD": -33.46318, "LONGITUD": -70.597829, "centroide_x": 351514.64748776582, "centroide_y": 6296221.146968985, "crs_original": "EPSG:4326", "fecha_normalizacion": "2025-10-10 01:59:23" }, "geometry": { "type": "Point", "coordinates": [ 351514.647487765818369, 6296221.146968984976411 ] } },
{ "type": "Feature", "properties": { "AÑO": 2020.0, "COD_INST": 82.0, "TIPO_INST": "Universidades Estatales CRUCH", "NOMBRE_INS": "UNIVERSIDAD METROPOLITANA DE CIENCIAS DE LA EDUCACIÓN", "NOMBRE_INM": "FACULTAD DE CIENCIAS B ASICAS", "COD_REGION": 13.0, "REGIÓN": "REGIÓN METROPOLITANA DE SANTIAGO", "COD_PROVIN": 131.0, "PROVINCIA": "SANTIAGO", "COD_COMUNA": 13120.0, "COMUNA": "ÑUÑOA", "DIRECCION": "JOSE PEDRO ALESSANDRI", "NUMERO_DI": 950.0, "LUGAR_REFE": null, "LATITUD": -33.463639, "LONGITUD": -70.597532, "centroide_x": 351543.03306137957, "centroide_y": 6296170.6750980401, "crs_original": "EPSG:4326", "fecha_normalizacion": "2025-10-10 01:59:23" }, "geometry": { "type": "Point", "coordinates": [ 351543.033061379566789, 6296170.675098040141165 ] } },
{ "type": "Feature", "properties": { "AÑO": 2020.0, "COD_INST": 82.0, "TIPO_INST": "Universidades Estatales CRUCH", "NOMBRE_INS": "UNIVERSIDAD METROPOLITANA DE CIENCIAS DE LA EDUCACIÓN", "NOMBRE_INM": "EDIFICIO DE CIENCIAS BASICAS", "COD_REGION": 13.0, "REGIÓN": "REGIÓN METROPOLITANA DE SANTIAGO", "COD_PROVIN": 131.0, "PROVINCIA": "SANTIAGO", "COD_COMUNA": 13120.0, "COMUNA": "ÑUÑOA", "DIRECCION": "JOSE PEDRO ALESSANDRI", "NUMERO_DI": 980.0, "LUGAR_REFE": null, "LATITUD": -33.463885, "LONGITUD": -70.597536, "centroide_x": 351543.08080117498, "centroide_y": 6296143.3915728591, "crs_original": "EPSG:4326", "fecha_normalizacion": "2025-10-10 01:59:23" }, "geometry": { "type": "Point", "coordinates": [ 351543.080801174975932, 6296143.39157285913825 ] } },
{ "type": "Feature", "properties": { "AÑO": 2020.0, "COD_INST": 82.0, "TIPO_INST": "Universidades Estatales CRUCH", "NOMBRE_INS": "UNIVERSIDAD METROPOLITANA DE CIENCIAS DE LA EDUCACIÓN", "NOMBRE_INM": "DEPARTAMENTO DE MATEMATICAS", "COD_REGION": 13.0, "REGIÓN": "REGIÓN METROPOLITANA DE SANTIAGO", "COD_PROVIN": 131.0, "PROVINCIA": "SANTIAGO", "COD_COMUNA": 13120.0, "COMUNA": "ÑUÑOA", "DIRECCION": "JOSE PEDRO ALESSANDRI", "NUMERO_DI": 1030.0, "LUGAR_REFE": null, "LATITUD": -33.464101, "LONGITUD": -70.597551, "centroide_x": 351542.05506980576, "centroide_y": 6296119.4188867565, "crs_original": "EPSG:4326", "fecha_normalizacion": "2025-10-10 01:59:23" }, "geometry": { "type": "Point", "coordinates": [ 351542.055069805763196, 6296119.418886756524444 ] } },
{ "type": "Feature", "properties": { "AÑO": 2020.0, "COD_INST": 70.0, "TIPO_INST": "Universidades Estatales CRUCH", "NOMBRE_INS": "UNIVERSIDAD DE CHILE", "NOMBRE_INM": "FACULTAD DE FILOSOFIA Y HUMANIDADES NUEVO", "COD_REGION": 13.0, "REGIÓN": "REGIÓN METROPOLITANA DE SANTIAGO", "COD_PROVIN": 131.0, "PROVINCIA": "SANTIAGO", "COD_COMUNA": 13120.0, "COMUNA": "ÑUÑOA", "DIRECCION": "AVENIDA CAPITAN IGNACIO CARRERA PINTO", "NUMERO_DI": 1025.0, "LUGAR_REFE": null, "LATITUD": -33.465507, "LONGITUD": -70.594981, "centroide_x": 351783.2994087176, "centroide_y": 6295967.1843582261, "crs_original": "EPSG:4326", "fecha_normalizacion": "2025-10-10 01:59:23" }, "geometry": { "type": "Point", "coordinates": [ 351783.29940871760482, 6295967.184358226135373 ] } },
{ "type": "Feature", "properties": { "AÑO": 2020.0, "COD_INST": 85.0, "TIPO_INST": "Universidades (* Carrera en Convenio)", "NOMBRE_INS": "UNIVERSIDAD TECNOLÓGICA METROPOLITANA", "NOMBRE_INM": "JPA", "COD_REGION": 13.0, "REGIÓN": "REGIÓN METROPOLITANA DE SANTIAGO", "COD_PROVIN": 131.0, "PROVINCIA": "SANTIAGO", "COD_COMUNA": 13120.0, "COMUNA": "ÑUÑOA", "DIRECCION": "JOSE PEDRO ALESSANDRI", "NUMERO_DI": 1242.0, "LUGAR_REFE": null, "LATITUD": -33.466187, "LONGITUD": -70.597207, "centroide_x": 351577.58229641721, "centroide_y": 6295888.6035303753, "crs_original": "EPSG:4326", "fecha_normalizacion": "2025-10-10 01:59:23" }, "geometry": { "type": "Point", "coordinates": [ 351577.582296417211182, 6295888.603530375286937 ] } },
{ "type": "Feature", "properties": { "AÑO": 2020.0, "COD_INST": 85.0, "TIPO_INST": "Universidades (* Carrera en Convenio)", "NOMBRE_INS": "UNIVERSIDAD TECNOLÓGICA METROPOLITANA", "NOMBRE_INM": "LAS PALMERAS", "COD_REGION": 13.0, "REGIÓN": "REGIÓN METROPOLITANA DE SANTIAGO", "COD_PROVIN": 131.0, "PROVINCIA": "SANTIAGO", "COD_COMUNA": 13120.0, "COMUNA": "ÑUÑOA", "DIRECCION": "LAS PALMERAS", "NUMERO_DI": 3395.0, "LUGAR_REFE": null, "LATITUD": -33.466979, "LONGITUD": -70.597123, "centroide_x": 351586.73921446165, "centroide_y": 6295800.902298525, "crs_original": "EPSG:4326", "fecha_normalizacion": "2025-10-10 01:59:23" }, "geometry": { "type": "Point", "coordinates": [ 351586.739214461646043, 6295800.902298524975777 ] } },
{ "type": "Feature", "properties": { "AÑO": 2020.0, "COD_INST": 70.0, "TIPO_INST": "Universidades Estatales CRUCH", "NOMBRE_INS": "UNIVERSIDAD DE CHILE", "NOMBRE_INM": "FACULTAD DE CIENCIAS", "COD_REGION": 13.0, "REGIÓN": "REGIÓN METROPOLITANA DE SANTIAGO", "COD_PROVIN": 131.0, "PROVINCIA": "SANTIAGO", "COD_COMUNA": 13120.0, "COMUNA": "ÑUÑOA", "DIRECCION": "LAS PALMERAS", "NUMERO_DI": 3425.0, "LUGAR_REFE": null, "LATITUD": -33.467163, "LONGITUD": -70.595694, "centroide_x": 351719.85657964268, "centroide_y": 6295782.5404477865, "crs_original": "EPSG:4326", "fecha_normalizacion": "2025-10-10 01:59:23" }, "geometry": { "type": "Point", "coordinates": [ 351719.856579642684665, 6295782.540447786450386 ] } },
{ "type": "Feature", "properties": { "AÑO": 2020.0, "COD_INST": 70.0, "TIPO_INST": "Universidades Estatales CRUCH", "NOMBRE_INS": "UNIVERSIDAD DE CHILE", "NOMBRE_INM": "FACULTAD DE ARTES SEDE LAS ENCINAS 3370", "COD_REGION": 13.0, "REGIÓN": "REGIÓN METROPOLITANA DE SANTIAGO", "COD_PROVIN": 131.0, "PROVINCIA": "SANTIAGO", "COD_COMUNA": 13120.0, "COMUNA": "ÑUÑOA", "DIRECCION": "LAS ENCINAS", "NUMERO_DI": 3370.0, "LUGAR_REFE": null, "LATITUD": -33.467607, "LONGITUD": -70.595423, "centroide_x": 351745.79807791393, "centroide_y": 6295733.6941928081, "crs_original": "EPSG:4326", "fecha_normalizacion": "2025-10-10 01:59:23" }, "geometry": { "type": "Point", "coordinates": [ 351745.798077913932502, 6295733.694192808121443 ] } },
{ "type": "Feature", "properties": { "AÑO": 2020.0, "COD_INST": 70.0, "TIPO_INST": "Universidades Estatales CRUCH", "NOMBRE_INS": "UNIVERSIDAD DE CHILE", "NOMBRE_INM": "FACULTAD DE CIENCIAS SOCIALES (EDIFICIO A)", "COD_REGION": 13.0, "REGIÓN": "REGIÓN METROPOLITANA DE SANTIAGO", "COD_PROVIN": 131.0, "PROVINCIA": "SANTIAGO", "COD_COMUNA": 13120.0, "COMUNA": "ÑUÑOA", "DIRECCION": "AVENIDA CAPITAN IGNACIO CARRERA PINTO", "NUMERO_DI": 1045.0, "LUGAR_REFE": null, "LATITUD": -33.467915, "LONGITUD": -70.594388, "centroide_x": 351842.5091877883, "centroide_y": 6295701.0184195293, "crs_original": "EPSG:4326", "fecha_normalizacion": "2025-10-10 01:59:23" }, "geometry": { "type": "Point", "coordinates": [ 351842.509187788295094, 6295701.018419529311359 ] } },
{ "type": "Feature", "properties": { "AÑO": 2020.0, "COD_INST": 85.0, "TIPO_INST": "Universidades (* Carrera en Convenio)", "NOMBRE_INS": "UNIVERSIDAD TECNOLÓGICA METROPOLITANA", "NOMBRE_INM": "JPA 1610", "COD_REGION": 13.0, "REGIÓN": "REGIÓN METROPOLITANA DE SANTIAGO", "COD_PROVIN": 131.0, "PROVINCIA": "SANTIAGO", "COD_COMUNA": 13120.0, "COMUNA": "ÑUÑOA", "DIRECCION": "JOSE PEDRO ALESSANDRI", "NUMERO_DI": 1610.0, "LUGAR_REFE": null, "LATITUD": -33.469423, "LONGITUD": -70.597925, "centroide_x": 351516.3745903949, "centroide_y": 6295528.7518721055, "crs_original": "EPSG:4326", "fecha_normalizacion": "2025-10-10 01:59:23" }, "geometry": { "type": "Point", "coordinates": [ 351516.374590394902043, 6295528.751872105523944 ] } },
{ "type": "Feature", "properties": { "AÑO": 2020.0, "COD_INST": 120.0, "TIPO_INST": "Institutos Profesionales", "NOMBRE_INS": "IP DIEGO PORTALES", "NOMBRE_INM": "INSTITUTO PROFESIONAL DIEGO PORTALES", "COD_REGION": 13.0, "REGIÓN": "REGIÓN METROPOLITANA DE SANTIAGO", "COD_PROVIN": 131.0, "PROVINCIA": "SANTIAGO", "COD_COMUNA": 13120.0, "COMUNA": "ÑUÑOA", "DIRECCION": "AVENIDA SALVADOR", "NUMERO_DI": 1916.0, "LUGAR_REFE": null, "LATITUD": -33.450498, "LONGITUD": -70.621034, "centroide_x": 349336.05375642807, "centroide_y": 6297593.9877306186, "crs_original": "EPSG:4326", "fecha_normalizacion": "2025-10-10 01:59:23" }, "geometry": { "type": "Point", "coordinates": [ 349336.053756428067572, 6297593.987730618566275 ] } },
{ "type": "Feature", "properties": { "AÑO": 2020.0, "COD_INST": 70.0, "TIPO_INST": "Universidades Estatales CRUCH", "NOMBRE_INS": "UNIVERSIDAD DE CHILE", "NOMBRE_INM": "VICERRECTORIA DE ASUNTO ACADEMICOS", "COD_REGION": 13.0, "REGIÓN": "REGIÓN METROPOLITANA DE SANTIAGO", "COD_PROVIN": 131.0, "PROVINCIA": "SANTIAGO", "COD_COMUNA": 13120.0, "COMUNA": "ÑUÑOA", "DIRECCION": "BROWN NORTE", "NUMERO_DI": 105.0, "LUGAR_REFE": null, "LATITUD": -33.454243, "LONGITUD": -70.591035, "centroide_x": 352130.89855054213, "centroide_y": 6297221.8192132413, "crs_original": "EPSG:4326", "fecha_normalizacion": "2025-10-10 01:59:23" }, "geometry": { "type": "Point", "coordinates": [ 352130.898550542129669, 6297221.81921324133873 ] } },
{ "type": "Feature", "properties": { "AÑO": 2020.0, "COD_INST": 714.0, "TIPO_INST": "Institutos Profesionales", "NOMBRE_INS": "IP ESCUELA DE CINE DE CHILE", "NOMBRE_INM": "CASA CENTRAL", "COD_REGION": 13.0, "REGIÓN": "REGIÓN METROPOLITANA DE SANTIAGO", "COD_PROVIN": 131.0, "PROVINCIA": "SANTIAGO", "COD_COMUNA": 13120.0, "COMUNA": "ÑUÑOA", "DIRECCION": "LO ENCALADA", "NUMERO_DI": 415.0, "LUGAR_REFE": null, "LATITUD": -33.455918, "LONGITUD": -70.625188, "centroide_x": 348959.32715294301, "centroide_y": 6296986.9555140194, "crs_original": "EPSG:4326", "fecha_normalizacion": "2025-10-10 01:59:23" }, "geometry": { "type": "Point", "coordinates": [ 348959.327152943005785, 6296986.955514019355178 ] } },
{ "type": "Feature", "properties": { "AÑO": 2020.0, "COD_INST": 82.0, "TIPO_INST": "Universidades Estatales CRUCH", "NOMBRE_INS": "UNIVERSIDAD METROPOLITANA DE CIENCIAS DE LA EDUCACIÓN", "NOMBRE_INM": "DEPARTAMENTO DE F ISICA", "COD_REGION": 13.0, "REGIÓN": "REGIÓN METROPOLITANA DE SANTIAGO", "COD_PROVIN": 131.0, "PROVINCIA": "SANTIAGO", "COD_COMUNA": 13120.0, "COMUNA": "ÑUÑOA", "DIRECCION": "JOSE PEDRO ALESSANDRI", "NUMERO_DI": 938.0, "LUGAR_REFE": null, "LATITUD": -33.463368, "LONGITUD": -70.59752, "centroide_x": 351543.68620560248, "centroide_y": 6296200.7421908928, "crs_original": "EPSG:4326", "fecha_normalizacion": "2025-10-10 01:59:23" }, "geometry": { "type": "Point", "coordinates": [ 351543.686205602483824, 6296200.742190892808139 ] } },
{ "type": "Feature", "properties": { "AÑO": 2020.0, "COD_INST": 82.0, "TIPO_INST": "Universidades Estatales CRUCH", "NOMBRE_INS": "UNIVERSIDAD METROPOLITANA DE CIENCIAS DE LA EDUCACIÓN", "NOMBRE_INM": "AUDITORIO JOAQUIN CABEZAS", "COD_REGION": 13.0, "REGIÓN": "REGIÓN METROPOLITANA DE SANTIAGO", "COD_PROVIN": 131.0, "PROVINCIA": "SANTIAGO", "COD_COMUNA": 13120.0, "COMUNA": "ÑUÑOA", "DIRECCION": "DR LUIS BISQUERT", "NUMERO_DI": 2765.0, "LUGAR_REFE": "2895", "LATITUD": -33.467028, "LONGITUD": -70.602717, "centroide_x": 351066.96326905431, "centroide_y": 6295787.444340907, "crs_original": "EPSG:4326", "fecha_normalizacion": "2025-10-10 01:59:23" }, "geometry": { "type": "Point", "coordinates": [ 351066.963269054307602, 6295787.444340907037258 ] } },
{ "type": "Feature", "properties": { "AÑO": 2020.0, "COD_INST": 260.0, "TIPO_INST": "Centros de Formación Técnica", "NOMBRE_INS": "CFT SANTO TOMÁS", "NOMBRE_INM": null, "COD_REGION": 13.0, "REGIÓN": "REGIÓN METROPOLITANA DE SANTIAGO", "COD_PROVIN": 131.0, "PROVINCIA": "SANTIAGO", "COD_COMUNA": 13120.0, "COMUNA": "ÑUÑOA", "DIRECCION": "RAMON CRUZ MONTT", "NUMERO_DI": 1176.0, "LUGAR_REFE": null, "LATITUD": -33.466108, "LONGITUD": -70.580601, "centroide_x": 353120.70439747383, "centroide_y": 6295920.9982529925, "crs_original": "EPSG:4326", "fecha_normalizacion": "2025-10-10 01:59:23" }, "geometry": { "type": "Point", "coordinates": [ 353120.704397473833524, 6295920.998252992518246 ] } },
{ "type": "Feature", "properties": { "AÑO": 2020.0, "COD_INST": 70.0, "TIPO_INST": "Universidades Estatales CRUCH", "NOMBRE_INS": "UNIVERSIDAD DE CHILE", "NOMBRE_INM": "FACULTAD DE CIENCIAS", "COD_REGION": 13.0, "REGIÓN": "REGIÓN METROPOLITANA DE SANTIAGO", "COD_PROVIN": 131.0, "PROVINCIA": "SANTIAGO", "COD_COMUNA": 13120.0, "COMUNA": "ÑUÑOA", "DIRECCION": "LAS PALMERAS", "NUMERO_DI": 3424.0, "LUGAR_REFE": null, "LATITUD": -33.466611, "LONGITUD": -70.595725, "centroide_x": 351716.0165890936, "centroide_y": 6295843.714591777, "crs_original": "EPSG:4326", "fecha_normalizacion": "2025-10-10 01:59:23" }, "geometry": { "type": "Point", "coordinates": [ 351716.016589093604125, 6295843.714591776952147 ] } },
{ "type": "Feature", "properties": { "AÑO": 2020.0, "COD_INST": 2.0, "TIPO_INST": "Universidades Privadas", "NOMBRE_INS": "UNIVERSIDAD FINIS TERRAE", "NOMBRE_INM": "UNIVERSIDAD FINIS TERRAE", "COD_REGION": 13.0, "REGIÓN": "REGIÓN METROPOLITANA DE SANTIAGO", "COD_PROVIN": 131.0, "PROVINCIA": "SANTIAGO", "COD_COMUNA": 13120.0, "COMUNA": "ÑUÑOA", "DIRECCION": "LAS ENCINAS", "NUMERO_DI": 3239.0, "LUGAR_REFE": "ÑUÑOA", "LATITUD": -33.469262, "LONGITUD": -70.598056, "centroide_x": 351503.91658818995, "centroide_y": 6295546.4597801873, "crs_original": "EPSG:4326", "fecha_normalizacion": "2025-10-10 01:59:23" }, "geometry": { "type": "Point", "coordinates": [ 351503.916588189953472, 6295546.459780187346041 ] } },
{ "type": "Feature", "properties": { "AÑO": 2020.0, "COD_INST": 2.0, "TIPO_INST": "Universidades Privadas", "NOMBRE_INS": "UNIVERSIDAD FINIS TERRAE", "NOMBRE_INM": "UNIVERSIDAD FINIS TERRAE", "COD_REGION": 13.0, "REGIÓN": "REGIÓN METROPOLITANA DE SANTIAGO", "COD_PROVIN": 131.0, "PROVINCIA": "SANTIAGO", "COD_COMUNA": 13123.0, "COMUNA": "PROVIDENCIA", "DIRECCION": "AVENIDA PEDRO DE VALDIVIA", "NUMERO_DI": 1999.0, "LUGAR_REFE": null, "LATITUD": -33.441359, "LONGITUD": -70.607332, "centroide_x": 350594.02039276098, "centroide_y": 6298627.1526425863, "crs_original": "EPSG:4326", "fecha_normalizacion": "2025-10-10 01:59:23" }, "geometry": { "type": "Point", "coordinates": [ 350594.020392760983668, 6298627.152642586268485 ] } },
{ "type": "Feature", "properties": { "AÑO": 2020.0, "COD_INST": 26.0, "TIPO_INST": "Universidades Privadas", "NOMBRE_INS": "UNIVERSIDAD DE ARTES, CIENCIAS Y COMUNICACIÓN - UNIACC", "NOMBRE_INM": "CASA CENTRAL", "COD_REGION": 13.0, "REGIÓN": "REGIÓN METROPOLITANA DE SANTIAGO", "COD_PROVIN": 131.0, "PROVINCIA": "SANTIAGO", "COD_COMUNA": 13123.0, "COMUNA": "PROVIDENCIA", "DIRECCION": "CALLE HINDENBURG", "NUMERO_DI": 709.0, "LUGAR_REFE": null, "LATITUD": -33.443897, "LONGITUD": -70.6222, "centroide_x": 349216.24532188184, "centroide_y": 6298324.252621362, "crs_original": "EPSG:4326", "fecha_normalizacion": "2025-10-10 01:59:23" }, "geometry": { "type": "Point", "coordinates": [ 349216.245321881840937, 6298324.252621361985803 ] } },
{ "type": "Feature", "properties": { "AÑO": 2020.0, "COD_INST": 26.0, "TIPO_INST": "Universidades Privadas", "NOMBRE_INS": "UNIVERSIDAD DE ARTES, CIENCIAS Y COMUNICACIÓN - UNIACC", "NOMBRE_INM": "CASA CENTRAL", "COD_REGION": 13.0, "REGIÓN": "REGIÓN METROPOLITANA DE SANTIAGO", "COD_PROVIN": 131.0, "PROVINCIA": "SANTIAGO", "COD_COMUNA": 13123.0, "COMUNA": "PROVIDENCIA", "DIRECCION": "AVENIDA SALVADOR", "NUMERO_DI": 1200.0, "LUGAR_REFE": null, "LATITUD": -33.444293, "LONGITUD": -70.623245, "centroide_x": 349119.78792260506, "centroide_y": 6298278.8252201164, "crs_original": "EPSG:4326", "fecha_normalizacion": "2025-10-10 01:59:23" }, "geometry": { "type": "Point", "coordinates": [ 349119.787922605057247, 6298278.82522011641413 ] } },
{ "type": "Feature", "properties": { "AÑO": 2020.0, "COD_INST": 26.0, "TIPO_INST": "Universidades Privadas", "NOMBRE_INS": "UNIVERSIDAD DE ARTES, CIENCIAS Y COMUNICACIÓN - UNIACC", "NOMBRE_INM": "CAMPUS PONIENTE", "COD_REGION": 13.0, "REGIÓN": "REGIÓN METROPOLITANA DE SANTIAGO", "COD_PROVIN": 131.0, "PROVINCIA": "SANTIAGO", "COD_COMUNA": 13123.0, "COMUNA": "PROVIDENCIA", "DIRECCION": "CALLE JESUITAS", "NUMERO_DI": 559.0, "LUGAR_REFE": null, "LATITUD": -33.444849, "LONGITUD": -70.623837, "centroide_x": 349065.7190995735, "centroide_y": 6298216.313143624, "crs_original": "EPSG:4326", "fecha_normalizacion": "2025-10-10 01:59:23" }, "geometry": { "type": "Point", "coordinates": [ 349065.719099573499989, 6298216.313143623992801 ] } },
{ "type": "Feature", "properties": { "AÑO": 2020.0, "COD_INST": 26.0, "TIPO_INST": "Universidades Privadas", "NOMBRE_INS": "UNIVERSIDAD DE ARTES, CIENCIAS Y COMUNICACIÓN - UNIACC", "NOMBRE_INM": "CAMPUS PONIENTE", "COD_REGION": 13.0, "REGIÓN": "REGIÓN METROPOLITANA DE SANTIAGO", "COD_PROVIN": 131.0, "PROVINCIA": "SANTIAGO", "COD_COMUNA": 13123.0, "COMUNA": "PROVIDENCIA", "DIRECCION": "AVENIDA SALVADOR", "NUMERO_DI": 1255.0, "LUGAR_REFE": null, "LATITUD": -33.444946, "LONGITUD": -70.623373, "centroide_x": 349109.0200786108, "centroide_y": 6298206.2310530199, "crs_original": "EPSG:4326", "fecha_normalizacion": "2025-10-10 01:59:23" }, "geometry": { "type": "Point", "coordinates": [ 349109.020078610803466, 6298206.231053019873798 ] } },
{ "type": "Feature", "properties": { "AÑO": 2020.0, "COD_INST": 117.0, "TIPO_INST": "Institutos Profesionales", "NOMBRE_INS": "IP INSTITUTO SUPERIOR DE ARTES Y CIENCIAS DE LA COMUNICACIÓN", "NOMBRE_INM": "CASA CENTRAL", "COD_REGION": 13.0, "REGIÓN": "REGIÓN METROPOLITANA DE SANTIAGO", "COD_PROVIN": 131.0, "PROVINCIA": "SANTIAGO", "COD_COMUNA": 13123.0, "COMUNA": "PROVIDENCIA", "DIRECCION": "AVENIDA SALVADOR", "NUMERO_DI": 1318.0, "LUGAR_REFE": null, "LATITUD": -33.44521, "LONGITUD": -70.622382, "centroide_x": 349201.59930024145, "centroide_y": 6298178.39572642, "crs_original": "EPSG:4326", "fecha_normalizacion": "2025-10-10 01:59:23" }, "geometry": { "type": "Point", "coordinates": [ 349201.599300241447054, 6298178.395726419985294 ] } },
{ "type": "Feature", "properties": { "AÑO": 2020.0, "COD_INST": 86.0, "TIPO_INST": "Universidades Privadas CRUCH", "NOMBRE_INS": "PONTIFICIA UNIVERSIDAD CATÓLICA DE CHILE", "NOMBRE_INM": "CAMPUS ORIENTE", "COD_REGION": 13.0, "REGIÓN": "REGIÓN METROPOLITANA DE SANTIAGO", "COD_PROVIN": 131.0, "PROVINCIA": "SANTIAGO", "COD_COMUNA": 13123.0, "COMUNA": "PROVIDENCIA", "DIRECCION": "AVENIDA JAIME GUZMAN ERRAZURIZ", "NUMERO_DI": 3300.0, "LUGAR_REFE": null, "LATITUD": -33.445788, "LONGITUD": -70.593795, "centroide_x": 351859.98203057586, "centroide_y": 6298155.4211283177, "crs_original": "EPSG:4326", "fecha_normalizacion": "2025-10-10 01:59:23" }, "geometry": { "type": "Point", "coordinates": [ 351859.982030575862154, 6298155.421128317713737 ] } },
{ "type": "Feature", "properties": { "AÑO": 2020.0, "COD_INST": 106.0, "TIPO_INST": "Institutos Profesionales", "NOMBRE_INS": "IP PROVIDENCIA", "NOMBRE_INM": "ADMISION, ATENCION ESTUDIANTES, EXAMINACION", "COD_REGION": 13.0, "REGIÓN": "REGIÓN METROPOLITANA DE SANTIAGO", "COD_PROVIN": 131.0, "PROVINCIA": "SANTIAGO", "COD_COMUNA": 13123.0, "COMUNA": "PROVIDENCIA", "DIRECCION": "AVENIDA VICUÑA MACKENNA", "NUMERO_DI": 380.0, "LUGAR_REFE": null, "LATITUD": -33.446098, "LONGITUD": -70.632384, "centroide_x": 348273.37314170075, "centroide_y": 6298065.3703663275, "crs_original": "EPSG:4326", "fecha_normalizacion": "2025-10-10 01:59:23" }, "geometry": { "type": "Point", "coordinates": [ 348273.373141700751148, 6298065.370366327464581 ] } },
{ "type": "Feature", "properties": { "AÑO": 2020.0, "COD_INST": 26.0, "TIPO_INST": "Universidades Privadas", "NOMBRE_INS": "UNIVERSIDAD DE ARTES, CIENCIAS Y COMUNICACIÓN - UNIACC", "NOMBRE_INM": "CAMPUS SUR", "COD_REGION": 13.0, "REGIÓN": "REGIÓN METROPOLITANA DE SANTIAGO", "COD_PROVIN": 131.0, "PROVINCIA": "SANTIAGO", "COD_COMUNA": 13123.0, "COMUNA": "PROVIDENCIA", "DIRECCION": "AVENIDA SALVADOR", "NUMERO_DI": 1426.0, "LUGAR_REFE": null, "LATITUD": -33.446263, "LONGITUD": -70.62264, "centroide_x": 349179.43898831453, "centroide_y": 6298061.2587315217, "crs_original": "EPSG:4326", "fecha_normalizacion": "2025-10-10 01:59:23" }, "geometry": { "type": "Point", "coordinates": [ 349179.438988314534072, 6298061.25873152166605 ] } },
{ "type": "Feature", "properties": { "AÑO": 2020.0, "COD_INST": 26.0, "TIPO_INST": "Universidades Privadas", "NOMBRE_INS": "UNIVERSIDAD DE ARTES, CIENCIAS Y COMUNICACIÓN - UNIACC", "NOMBRE_INM": "CAMPUS SUR", "COD_REGION": 13.0, "REGIÓN": "REGIÓN METROPOLITANA DE SANTIAGO", "COD_PROVIN": 131.0, "PROVINCIA": "SANTIAGO", "COD_COMUNA": 13123.0, "COMUNA": "PROVIDENCIA", "DIRECCION": "AVENIDA SALVADOR", "NUMERO_DI": 1434.0, "LUGAR_REFE": null, "LATITUD": -33.446307, "LONGITUD": -70.62257, "centroide_x": 349186.02218408388, "centroide_y": 6298056.4813558552, "crs_original": "EPSG:4326", "fecha_normalizacion": "2025-10-10 01:59:23" }, "geometry": { "type": "Point", "coordinates": [ 349186.022184083878528, 6298056.481355855241418 ] } },
{ "type": "Feature", "properties": { "AÑO": 2020.0, "COD_INST": 26.0, "TIPO_INST": "Universidades Privadas", "NOMBRE_INS": "UNIVERSIDAD DE ARTES, CIENCIAS Y COMUNICACIÓN - UNIACC", "NOMBRE_INM": "CAMPUS LAUTARO", "COD_REGION": 13.0, "REGIÓN": "REGIÓN METROPOLITANA DE SANTIAGO", "COD_PROVIN": 131.0, "PROVINCIA": "SANTIAGO", "COD_COMUNA": 13123.0, "COMUNA": "PROVIDENCIA", "DIRECCION": "LAUTARO", "NUMERO_DI": 574.0, "LUGAR_REFE": null, "LATITUD": -33.446756, "LONGITUD": -70.622965, "centroide_x": 349150.08150344249, "centroide_y": 6298006.1203619819, "crs_original": "EPSG:4326", "fecha_normalizacion": "2025-10-10 01:59:23" }, "geometry": { "type": "Point", "coordinates": [ 349150.081503442488611, 6298006.120361981913447 ] } },
{ "type": "Feature", "properties": { "AÑO": 2020.0, "COD_INST": 26.0, "TIPO_INST": "Universidades Privadas", "NOMBRE_INS": "UNIVERSIDAD DE ARTES, CIENCIAS Y COMUNICACIÓN - UNIACC", "NOMBRE_INM": "CAMPUS LAUTARO", "COD_REGION": 13.0, "REGIÓN": "REGIÓN METROPOLITANA DE SANTIAGO", "COD_PROVIN": 131.0, "PROVINCIA": "SANTIAGO", "COD_COMUNA": 13123.0, "COMUNA": "PROVIDENCIA", "DIRECCION": "LAUTARO", "NUMERO_DI": 556.0, "LUGAR_REFE": null, "LATITUD": -33.446804, "LONGITUD": -70.623204, "centroide_x": 349127.94792272896, "centroide_y": 6298000.4508775342, "crs_original": "EPSG:4326", "fecha_normalizacion": "2025-10-10 01:59:23" }, "geometry": { "type": "Point", "coordinates": [ 349127.947922728955746, 6298000.450877534225583 ] } },
{ "type": "Feature", "properties": { "AÑO": 2020.0, "COD_INST": 70.0, "TIPO_INST": "Universidades Estatales CRUCH", "NOMBRE_INS": "UNIVERSIDAD DE CHILE", "NOMBRE_INM": "CENTRO DE EXTENSION ARTISTICA Y CULTURAL", "COD_REGION": 13.0, "REGIÓN": "REGIÓN METROPOLITANA DE SANTIAGO", "COD_PROVIN": 131.0, "PROVINCIA": "SANTIAGO", "COD_COMUNA": 13123.0, "COMUNA": "PROVIDENCIA", "DIRECCION": "AVENIDA PEDRO DE VALDIVIA", "NUMERO_DI": 2454.0, "LUGAR_REFE": "-2462", "LATITUD": -33.445019, "LONGITUD": -70.605966, "centroide_x": 350727.30313680286, "centroide_y": 6298223.3007386308, "crs_original": "EPSG:4326", "fecha_normalizacion": "2025-10-10 01:59:23" }, "geometry": { "type": "Point", "coordinates": [ 350727.303136802860536, 6298223.30073863081634 ] } },
{ "type": "Feature", "properties": { "AÑO": 2020.0, "COD_INST": 170.0, "TIPO_INST": "Institutos Profesionales", "NOMBRE_INS": "IP DE CIENCIAS DE LA COMPUTACIÓN ACUARIO DATA", "NOMBRE_INM": "CASA CENTRAL", "COD_REGION": 13.0, "REGIÓN": "REGIÓN METROPOLITANA DE SANTIAGO", "COD_PROVIN": 131.0, "PROVINCIA": "SANTIAGO", "COD_COMUNA": 13123.0, "COMUNA": "PROVIDENCIA", "DIRECCION": "CONDELL", "NUMERO_DI": 1438.0, "LUGAR_REFE": null, "LATITUD": -33.447795, "LONGITUD": -70.625343, "centroide_x": 348930.86632307945, "centroide_y": 6297887.4882497089, "crs_original": "EPSG:4326", "fecha_normalizacion": "2025-10-10 01:59:23" }, "geometry": { "type": "Point", "coordinates": [ 348930.866323079448193, 6297887.488249708898365 ] } },
{ "type": "Feature", "properties": { "AÑO": 2020.0, "COD_INST": 85.0, "TIPO_INST": "Universidades (* Carrera en Convenio)", "NOMBRE_INS": "UNIVERSIDAD TECNOLÓGICA METROPOLITANA", "NOMBRE_INM": "IGNACIO VALDIVIESO", "COD_REGION": 13.0, "REGIÓN": "REGIÓN METROPOLITANA DE SANTIAGO", "COD_PROVIN": 131.0, "PROVINCIA": "SANTIAGO", "COD_COMUNA": 13129.0, "COMUNA": "SAN JOAQUÍN", "DIRECCION": "IGNACIO VALDIVIESO", "NUMERO_DI": 2409.0, "LUGAR_REFE": null, "LATITUD": -33.474654, "LONGITUD": -70.626927, "centroide_x": 348830.23128001619, "centroide_y": 6294906.8647674918, "crs_original": "EPSG:4326", "fecha_normalizacion": "2025-10-10 01:59:23" }, "geometry": { "type": "Point", "coordinates": [ 348830.231280016188975, 6294906.864767491817474 ] } },
{ "type": "Feature", "properties": { "AÑO": 2020.0, "COD_INST": 78.0, "TIPO_INST": "Universidades Estatales CRUCH", "NOMBRE_INS": "UNIVERSIDAD DE TALCA", "NOMBRE_INM": "CAMPUS SANTIAGO SANTA ELENA", "COD_REGION": 13.0, "REGIÓN": "REGIÓN METROPOLITANA DE SANTIAGO", "COD_PROVIN": 131.0, "PROVINCIA": "SANTIAGO", "COD_COMUNA": 13129.0, "COMUNA": "SAN JOAQUÍN", "DIRECCION": "SANTA ELENA", "NUMERO_DI": 2222.0, "LUGAR_REFE": null, "LATITUD": -33.472548, "LONGITUD": -70.626218, "centroide_x": 348892.43034659536, "centroide_y": 6295141.4689194364, "crs_original": "EPSG:4326", "fecha_normalizacion": "2025-10-10 01:59:23" }, "geometry": { "type": "Point", "coordinates": [ 348892.430346595356241, 6295141.468919436447322 ] } },
{ "type": "Feature", "properties": { "AÑO": 2020.0, "COD_INST": 10.0, "TIPO_INST": "Universidades Privadas", "NOMBRE_INS": "UNIVERSIDAD MAYOR", "NOMBRE_INM": "CAMPUS EL CLAUSTRO", "COD_REGION": 13.0, "REGIÓN": "REGIÓN METROPOLITANA DE SANTIAGO", "COD_PROVIN": 131.0, "PROVINCIA": "SANTIAGO", "COD_COMUNA": 13101.0, "COMUNA": "SANTIAGO", "DIRECCION": "AVENIDA PORTUGAL", "NUMERO_DI": 351.0, "LUGAR_REFE": "Y SANTA VICTORIA N° 329", "LATITUD": -33.446859, "LONGITUD": -70.636701, "centroide_x": 347873.4029711521, "centroide_y": 6297974.6746544633, "crs_original": "EPSG:4326", "fecha_normalizacion": "2025-10-10 01:59:23" }, "geometry": { "type": "Point", "coordinates": [ 347873.402971152099781, 6297974.674654463306069 ] } },
{ "type": "Feature", "properties": { "AÑO": 2020.0, "COD_INST": 129.0, "TIPO_INST": "Institutos Profesionales", "NOMBRE_INS": "IP ESCUELA MODERNA DE MÚSICA", "NOMBRE_INM": "CAMPUS BELLAVISTA", "COD_REGION": 13.0, "REGIÓN": "REGIÓN METROPOLITANA DE SANTIAGO", "COD_PROVIN": 131.0, "PROVINCIA": "SANTIAGO", "COD_COMUNA": 13123.0, "COMUNA": "PROVIDENCIA", "DIRECCION": "ANTONIA LOPEZ DE BELLO", "NUMERO_DI": 120.0, "LUGAR_REFE": "(CHUCRE MANZUR)", "LATITUD": -33.431293, "LONGITUD": -70.633912, "centroide_x": 348105.52904234733, "centroide_y": 6299704.8021554407, "crs_original": "EPSG:4326", "fecha_normalizacion": "2025-10-10 01:59:23" }, "geometry": { "type": "Point", "coordinates": [ 348105.529042347334325, 6299704.802155440673232 ] } },
{ "type": "Feature", "properties": { "AÑO": 2020.0, "COD_INST": 70.0, "TIPO_INST": "Universidades Estatales CRUCH", "NOMBRE_INS": "UNIVERSIDAD DE CHILE", "NOMBRE_INM": "FACULTAD DE DERECHO SANTA MARIA 0200", "COD_REGION": 13.0, "REGIÓN": "REGIÓN METROPOLITANA DE SANTIAGO", "COD_PROVIN": 131.0, "PROVINCIA": "SANTIAGO", "COD_COMUNA": 13123.0, "COMUNA": "PROVIDENCIA", "DIRECCION": "AVENIDA SANTA MARIA", "NUMERO_DI": 200.0, "LUGAR_REFE": null, "LATITUD": -33.434889, "LONGITUD": -70.632728, "centroide_x": 348221.87204829272, "centroide_y": 6299307.7866904456, "crs_original": "EPSG:4326", "fecha_normalizacion": "2025-10-10 01:59:23" }, "geometry": { "type": "Point", "coordinates": [ 348221.872048292716499, 6299307.786690445616841 ] } },
{ "type": "Feature", "properties": { "AÑO": 2020.0, "COD_INST": 20.0, "TIPO_INST": "Universidades Privadas", "NOMBRE_INS": "UNIVERSIDAD ANDRÉS BELLO", "NOMBRE_INM": "CAMPUS BELLAVISTA", "COD_REGION": 13.0, "REGIÓN": "REGIÓN METROPOLITANA DE SANTIAGO", "COD_PROVIN": 131.0, "PROVINCIA": "SANTIAGO", "COD_COMUNA": 13123.0, "COMUNA": "PROVIDENCIA", "DIRECCION": "BELLAVISTA", "NUMERO_DI": 121.0, "LUGAR_REFE": null, "LATITUD": -33.435038, "LONGITUD": -70.634433, "centroide_x": 348063.61827082594, "centroide_y": 6299288.7738768421, "crs_original": "EPSG:4326", "fecha_normalizacion": "2025-10-10 01:59:23" }, "geometry": { "type": "Point", "coordinates": [ 348063.61827082594391, 6299288.773876842111349 ] } },
{ "type": "Feature", "properties": { "AÑO": 2020.0, "COD_INST": 143.0, "TIPO_INST": "Institutos Profesionales", "NOMBRE_INS": "IP AIEP", "NOMBRE_INM": "SEDE BELLAVISTA", "COD_REGION": 13.0, "REGIÓN": "REGIÓN METROPOLITANA DE SANTIAGO", "COD_PROVIN": 131.0, "PROVINCIA": "SANTIAGO", "COD_COMUNA": 13123.0, "COMUNA": "PROVIDENCIA", "DIRECCION": "BELLAVISTA", "NUMERO_DI": 121.0, "LUGAR_REFE": null, "LATITUD": -33.435038, "LONGITUD": -70.634433, "centroide_x": 348063.61827082594, "centroide_y": 6299288.7738768421, "crs_original": "EPSG:4326", "fecha_normalizacion": "2025-10-10 01:59:23" }, "geometry": { "type": "Point", "coordinates": [ 348063.61827082594391, 6299288.773876842111349 ] } },
{ "type": "Feature", "properties": { "AÑO": 2020.0, "COD_INST": 70.0, "TIPO_INST": "Universidades Estatales CRUCH", "NOMBRE_INS": "UNIVERSIDAD DE CHILE", "NOMBRE_INM": "FACULTAD DE DERECHO", "COD_REGION": 13.0, "REGIÓN": "REGIÓN METROPOLITANA DE SANTIAGO", "COD_PROVIN": 131.0, "PROVINCIA": "SANTIAGO", "COD_COMUNA": 13123.0, "COMUNA": "PROVIDENCIA", "DIRECCION": "PIO NONO", "NUMERO_DI": 1.0, "LUGAR_REFE": "/ BELLAVISTA 053", "LATITUD": -33.435415, "LONGITUD": -70.634878, "centroide_x": 348022.90418897104, "centroide_y": 6299246.3194230227, "crs_original": "EPSG:4326", "fecha_normalizacion": "2025-10-10 01:59:23" }, "geometry": { "type": "Point", "coordinates": [ 348022.904188971035182, 6299246.319423022679985 ] } },
{ "type": "Feature", "properties": { "AÑO": 2020.0, "COD_INST": 70.0, "TIPO_INST": "Universidades Estatales CRUCH", "NOMBRE_INS": "UNIVERSIDAD DE CHILE", "NOMBRE_INM": "FACULTAD DE DERECHO SANTA MARIA 076", "COD_REGION": 13.0, "REGIÓN": "REGIÓN METROPOLITANA DE SANTIAGO", "COD_PROVIN": 131.0, "PROVINCIA": "SANTIAGO", "COD_COMUNA": 13123.0, "COMUNA": "PROVIDENCIA", "DIRECCION": "AVENIDA SANTA MARIA", "NUMERO_DI": 76.0, "LUGAR_REFE": null, "LATITUD": -33.435505, "LONGITUD": -70.63439, "centroide_x": 348068.43009319121, "centroide_y": 6299237.0530944327, "crs_original": "EPSG:4326", "fecha_normalizacion": "2025-10-10 01:59:23" }, "geometry": { "type": "Point", "coordinates": [ 348068.430093191214837, 6299237.05309443268925 ] } },
{ "type": "Feature", "properties": { "AÑO": 2020.0, "COD_INST": 78.0, "TIPO_INST": "Universidades Estatales CRUCH", "NOMBRE_INS": "UNIVERSIDAD DE TALCA", "NOMBRE_INM": "CENTRO DE EXTENSION Y ESCUELA DE POSTGRADO (QUEBEC)", "COD_REGION": 13.0, "REGIÓN": "REGIÓN METROPOLITANA DE SANTIAGO", "COD_PROVIN": 131.0, "PROVINCIA": "SANTIAGO", "COD_COMUNA": 13123.0, "COMUNA": "PROVIDENCIA", "DIRECCION": "QUEBEC", "NUMERO_DI": 415.0, "LUGAR_REFE": null, "LATITUD": -33.436736, "LONGITUD": -70.627801, "centroide_x": 348683.14098124171, "centroide_y": 6299110.1642562104, "crs_original": "EPSG:4326", "fecha_normalizacion": "2025-10-10 01:59:23" }, "geometry": { "type": "Point", "coordinates": [ 348683.140981241711415, 6299110.164256210438907 ] } },
{ "type": "Feature", "properties": { "AÑO": 2020.0, "COD_INST": 70.0, "TIPO_INST": "Universidades Estatales CRUCH", "NOMBRE_INS": "UNIVERSIDAD DE CHILE", "NOMBRE_INM": "INSTITUTO DE ESTUDIOS INTERNACIONALES", "COD_REGION": 13.0, "REGIÓN": "REGIÓN METROPOLITANA DE SANTIAGO", "COD_PROVIN": 131.0, "PROVINCIA": "SANTIAGO", "COD_COMUNA": 13123.0, "COMUNA": "PROVIDENCIA", "DIRECCION": "OBISPO SALAS", "NUMERO_DI": 364.0, "LUGAR_REFE": null, "LATITUD": -33.43732, "LONGITUD": -70.628141, "centroide_x": 348652.54619451088, "centroide_y": 6299044.9120418206, "crs_original": "EPSG:4326", "fecha_normalizacion": "2025-10-10 01:59:23" }, "geometry": { "type": "Point", "coordinates": [ 348652.546194510883652, 6299044.912041820585728 ] } },
{ "type": "Feature", "properties": { "AÑO": 2020.0, "COD_INST": 70.0, "TIPO_INST": "Universidades Estatales CRUCH", "NOMBRE_INS": "UNIVERSIDAD DE CHILE", "NOMBRE_INM": "INSTITUTO DE ESTUDIOS INTERNACIONALES", "COD_REGION": 13.0, "REGIÓN": "REGIÓN METROPOLITANA DE SANTIAGO", "COD_PROVIN": 131.0, "PROVINCIA": "SANTIAGO", "COD_COMUNA": 13123.0, "COMUNA": "PROVIDENCIA", "DIRECCION": "AVENIDA CONDELL", "NUMERO_DI": 249.0, "LUGAR_REFE": null, "LATITUD": -33.437373, "LONGITUD": -70.628057, "centroide_x": 348660.4474748575, "centroide_y": 6299039.1574121714, "crs_original": "EPSG:4326", "fecha_normalizacion": "2025-10-10 01:59:23" }, "geometry": { "type": "Point", "coordinates": [ 348660.44747485750122, 6299039.157412171363831 ] } },
{ "type": "Feature", "properties": { "AÑO": 2020.0, "COD_INST": 11.0, "TIPO_INST": "Universidades Privadas", "NOMBRE_INS": "UNIVERSIDAD ACADEMIA DE HUMANISMO CRISTIANO", "NOMBRE_INM": "CONDELL", "COD_REGION": 13.0, "REGIÓN": "REGIÓN METROPOLITANA DE SANTIAGO", "COD_PROVIN": 131.0, "PROVINCIA": "SANTIAGO", "COD_COMUNA": 13123.0, "COMUNA": "PROVIDENCIA", "DIRECCION": "CONDELL", "NUMERO_DI": 343.0, "LUGAR_REFE": null, "LATITUD": -33.437899, "LONGITUD": -70.627954, "centroide_x": 348670.93650741794, "centroide_y": 6298980.9815390762, "crs_original": "EPSG:4326", "fecha_normalizacion": "2025-10-10 01:59:23" }, "geometry": { "type": "Point", "coordinates": [ 348670.936507417936809, 6298980.981539076194167 ] } },
{ "type": "Feature", "properties": { "AÑO": 2020.0, "COD_INST": 693.0, "TIPO_INST": "Institutos Profesionales", "NOMBRE_INS": "IP PROJAZZ", "NOMBRE_INM": "CAMPUS RAMON CARNICER", "COD_REGION": 13.0, "REGIÓN": "REGIÓN METROPOLITANA DE SANTIAGO", "COD_PROVIN": 131.0, "PROVINCIA": "SANTIAGO", "COD_COMUNA": 13123.0, "COMUNA": "PROVIDENCIA", "DIRECCION": "RAMON CARNICER", "NUMERO_DI": 27.0, "LUGAR_REFE": null, "LATITUD": -33.438909, "LONGITUD": -70.633212, "centroide_x": 348183.87802268245, "centroide_y": 6298861.3192601744, "crs_original": "EPSG:4326", "fecha_normalizacion": "2025-10-10 01:59:23" }, "geometry": { "type": "Point", "coordinates": [ 348183.878022682445589, 6298861.319260174408555 ] } },
{ "type": "Feature", "properties": { "AÑO": 2020.0, "COD_INST": 137.0, "TIPO_INST": "Institutos Profesionales", "NOMBRE_INS": "IP EATRI INSTITUTO PROFESIONAL", "NOMBRE_INM": "INSTITUTO PROFESIONAL EATRI", "COD_REGION": 13.0, "REGIÓN": "REGIÓN METROPOLITANA DE SANTIAGO", "COD_PROVIN": 131.0, "PROVINCIA": "SANTIAGO", "COD_COMUNA": 13123.0, "COMUNA": "PROVIDENCIA", "DIRECCION": "AVENIDA CONDELL", "NUMERO_DI": 451.0, "LUGAR_REFE": null, "LATITUD": -33.439189, "LONGITUD": -70.627806, "centroide_x": 348686.93554858712, "centroide_y": 6298838.1545383576, "crs_original": "EPSG:4326", "fecha_normalizacion": "2025-10-10 01:59:23" }, "geometry": { "type": "Point", "coordinates": [ 348686.935548587120138, 6298838.154538357630372 ] } },
{ "type": "Feature", "properties": { "AÑO": 2020.0, "COD_INST": 11.0, "TIPO_INST": "Universidades Privadas", "NOMBRE_INS": "UNIVERSIDAD ACADEMIA DE HUMANISMO CRISTIANO", "NOMBRE_INM": "RECTORIA", "COD_REGION": 13.0, "REGIÓN": "REGIÓN METROPOLITANA DE SANTIAGO", "COD_PROVIN": 131.0, "PROVINCIA": "SANTIAGO", "COD_COMUNA": 13123.0, "COMUNA": "PROVIDENCIA", "DIRECCION": "RICARDO MATTE PEREZ", "NUMERO_DI": 251.0, "LUGAR_REFE": null, "LATITUD": -33.439825, "LONGITUD": -70.62942, "centroide_x": 348537.99531833769, "centroide_y": 6298765.2803682834, "crs_original": "EPSG:4326", "fecha_normalizacion": "2025-10-10 01:59:23" }, "geometry": { "type": "Point", "coordinates": [ 348537.995318337692879, 6298765.280368283390999 ] } },
{ "type": "Feature", "properties": { "AÑO": 2020.0, "COD_INST": 693.0, "TIPO_INST": "Institutos Profesionales", "NOMBRE_INS": "IP PROJAZZ", "NOMBRE_INM": "CAMPUS EULOGIA SANCHEZ", "COD_REGION": 13.0, "REGIÓN": "REGIÓN METROPOLITANA DE SANTIAGO", "COD_PROVIN": 131.0, "PROVINCIA": "SANTIAGO", "COD_COMUNA": 13123.0, "COMUNA": "PROVIDENCIA", "DIRECCION": "EULOGIA SANCHEZ", "NUMERO_DI": 39.0, "LUGAR_REFE": null, "LATITUD": -33.439904, "LONGITUD": -70.633802, "centroide_x": 348130.76252540294, "centroide_y": 6298750.1259629354, "crs_original": "EPSG:4326", "fecha_normalizacion": "2025-10-10 01:59:23" }, "geometry": { "type": "Point", "coordinates": [ 348130.76252540294081, 6298750.125962935388088 ] } },
{ "type": "Feature", "properties": { "AÑO": 2020.0, "COD_INST": 70.0, "TIPO_INST": "Universidades Estatales CRUCH", "NOMBRE_INS": "UNIVERSIDAD DE CHILE", "NOMBRE_INM": "CENTRO DE EXTENSION ARTISTICA Y CULTURAL", "COD_REGION": 13.0, "REGIÓN": "REGIÓN METROPOLITANA DE SANTIAGO", "COD_PROVIN": 131.0, "PROVINCIA": "SANTIAGO", "COD_COMUNA": 13123.0, "COMUNA": "PROVIDENCIA", "DIRECCION": "AVENIDA NUEVA PROVIDENCIA", "NUMERO_DI": 43.0, "LUGAR_REFE": null, "LATITUD": -33.437743, "LONGITUD": -70.634165, "centroide_x": 348093.22030666377, "centroide_y": 6298989.2203638777, "crs_original": "EPSG:4326", "fecha_normalizacion": "2025-10-10 01:59:23" }, "geometry": { "type": "Point", "coordinates": [ 348093.220306663773954, 6298989.22036387771368 ] } },
{ "type": "Feature", "properties": { "AÑO": 2020.0, "COD_INST": 20.0, "TIPO_INST": "Universidades Privadas", "NOMBRE_INS": "UNIVERSIDAD ANDRÉS BELLO", "NOMBRE_INM": "CAMPUS CREATIVO", "COD_REGION": 13.0, "REGIÓN": "REGIÓN METROPOLITANA DE SANTIAGO", "COD_PROVIN": 131.0, "PROVINCIA": "SANTIAGO", "COD_COMUNA": 13127.0, "COMUNA": "RECOLETA", "DIRECCION": "PURISIMA", "NUMERO_DI": 247.0, "LUGAR_REFE": "Y 249 CASAS 1 1A 2 Y 3 DEL PASAJE DE PURISIMA 245", "LATITUD": -33.431589, "LONGITUD": -70.638205, "centroide_x": 347706.91012221191, "centroide_y": 6299665.6991300946, "crs_original": "EPSG:4326", "fecha_normalizacion": "2025-10-10 01:59:23" }, "geometry": { "type": "Point", "coordinates": [ 347706.910122211906128, 6299665.699130094610155 ] } },
{ "type": "Feature", "properties": { "AÑO": 2020.0, "COD_INST": 693.0, "TIPO_INST": "Institutos Profesionales", "NOMBRE_INS": "IP PROJAZZ", "NOMBRE_INM": "CAMPUS BELLAVISTA", "COD_REGION": 13.0, "REGIÓN": "REGIÓN METROPOLITANA DE SANTIAGO", "COD_PROVIN": 131.0, "PROVINCIA": "SANTIAGO", "COD_COMUNA": 13127.0, "COMUNA": "RECOLETA", "DIRECCION": "PURISIMA", "NUMERO_DI": 178.0, "LUGAR_REFE": null, "LATITUD": -33.432471, "LONGITUD": -70.639016, "centroide_x": 347633.05049367703, "centroide_y": 6299566.7094929162, "crs_original": "EPSG:4326", "fecha_normalizacion": "2025-10-10 01:59:23" }, "geometry": { "type": "Point", "coordinates": [ 347633.050493677030317, 6299566.709492916241288 ] } },
{ "type": "Feature", "properties": { "AÑO": 2020.0, "COD_INST": 743.0, "TIPO_INST": "Institutos Profesionales", "NOMBRE_INS": "IP DE ARTES ESCÉNICAS KAREN CONNOLLY", "NOMBRE_INM": "CASA CENTRAL", "COD_REGION": 13.0, "REGIÓN": "REGIÓN METROPOLITANA DE SANTIAGO", "COD_PROVIN": 131.0, "PROVINCIA": "SANTIAGO", "COD_COMUNA": 13127.0, "COMUNA": "RECOLETA", "DIRECCION": "BOMBERO NUÑEZ", "NUMERO_DI": 127.0, "LUGAR_REFE": null, "LATITUD": -33.432567, "LONGITUD": -70.639613, "centroide_x": 347577.71379084128, "centroide_y": 6299555.1892646775, "crs_original": "EPSG:4326", "fecha_normalizacion": "2025-10-10 01:59:23" }, "geometry": { "type": "Point", "coordinates": [ 347577.713790841284208, 6299555.189264677464962 ] } },
{ "type": "Feature", "properties": { "AÑO": 2020.0, "COD_INST": 39.0, "TIPO_INST": "Universidades Privadas", "NOMBRE_INS": "UNIVERSIDAD SAN SEBASTIÁN", "NOMBRE_INM": "CAMPUS BELLAVISTA", "COD_REGION": 13.0, "REGIÓN": "REGIÓN METROPOLITANA DE SANTIAGO", "COD_PROVIN": 131.0, "PROVINCIA": "SANTIAGO", "COD_COMUNA": 13127.0, "COMUNA": "RECOLETA", "DIRECCION": "BELLAVISTA", "NUMERO_DI": 7.0, "LUGAR_REFE": null, "LATITUD": -33.434515, "LONGITUD": -70.636086, "centroide_x": 347909.0266908654, "centroide_y": 6299344.3497621547, "crs_original": "EPSG:4326", "fecha_normalizacion": "2025-10-10 01:59:23" }, "geometry": { "type": "Point", "coordinates": [ 347909.026690865401179, 6299344.349762154743075 ] } },
{ "type": "Feature", "properties": { "AÑO": 2020.0, "COD_INST": 39.0, "TIPO_INST": "Universidades Privadas", "NOMBRE_INS": "UNIVERSIDAD SAN SEBASTIÁN", "NOMBRE_INM": "UNIVERSIDAD SAN SEBASTIAN", "COD_REGION": 13.0, "REGIÓN": "REGIÓN METROPOLITANA DE SANTIAGO", "COD_PROVIN": 131.0, "PROVINCIA": "SANTIAGO", "COD_COMUNA": 13127.0, "COMUNA": "RECOLETA", "DIRECCION": "ERNESTO PINTO", "NUMERO_DI": 32.0, "LUGAR_REFE": null, "LATITUD": -33.434372, "LONGITUD": -70.637436, "centroide_x": 347783.26706902729, "centroide_y": 6299358.2303759009, "crs_original": "EPSG:4326", "fecha_normalizacion": "2025-10-10 01:59:23" }, "geometry": { "type": "Point", "coordinates": [ 347783.267069027293473, 6299358.230375900864601 ] } },
{ "type": "Feature", "properties": { "AÑO": 2020.0, "COD_INST": 70.0, "TIPO_INST": "Universidades Estatales CRUCH", "NOMBRE_INS": "UNIVERSIDAD DE CHILE", "NOMBRE_INM": "FACULTAD DE MEDICINA CAMPUS SUR", "COD_REGION": 13.0, "REGIÓN": "REGIÓN METROPOLITANA DE SANTIAGO", "COD_PROVIN": 131.0, "PROVINCIA": "SANTIAGO", "COD_COMUNA": 13130.0, "COMUNA": "SAN MIGUEL", "DIRECCION": "GRAN AVENIDA JOSE MIGUEL CARRERA", "NUMERO_DI": 3100.0, "LUGAR_REFE": null, "LATITUD": -33.483093, "LONGITUD": -70.64886, "centroide_x": 346806.89802364213, "centroide_y": 6293938.9928048663, "crs_original": "EPSG:4326", "fecha_normalizacion": "2025-10-10 01:59:23" }, "geometry": { "type": "Point", "coordinates": [ 346806.898023642133921, 6293938.992804866284132 ] } },
{ "type": "Feature", "properties": { "AÑO": 2020.0, "COD_INST": 81.0, "TIPO_INST": "Universidades Estatales CRUCH", "NOMBRE_INS": "UNIVERSIDAD ARTURO PRAT", "NOMBRE_INM": "CENTRO SANTIAGO", "COD_REGION": 13.0, "REGIÓN": "REGIÓN METROPOLITANA DE SANTIAGO", "COD_PROVIN": 131.0, "PROVINCIA": "SANTIAGO", "COD_COMUNA": 13101.0, "COMUNA": "SANTIAGO", "DIRECCION": "AVENIDA SAN PABLO", "NUMERO_DI": 1796.0, "LUGAR_REFE": null, "LATITUD": -33.434819, "LONGITUD": -70.662722, "centroide_x": 345433.203435909, "centroide_y": 6299271.3506403174, "crs_original": "EPSG:4326", "fecha_normalizacion": "2025-10-10 01:59:23" }, "geometry": { "type": "Point", "coordinates": [ 345433.203435909003019, 6299271.350640317425132 ] } },
{ "type": "Feature", "properties": { "AÑO": 2020.0, "COD_INST": 10.0, "TIPO_INST": "Universidades Privadas", "NOMBRE_INS": "UNIVERSIDAD MAYOR", "NOMBRE_INM": "CAMPUS SANTO DOMINGO", "COD_REGION": 13.0, "REGIÓN": "REGIÓN METROPOLITANA DE SANTIAGO", "COD_PROVIN": 131.0, "PROVINCIA": "SANTIAGO", "COD_COMUNA": 13101.0, "COMUNA": "SANTIAGO", "DIRECCION": "SANTO DOMINGO", "NUMERO_DI": 711.0, "LUGAR_REFE": "Y N° 733 Y N°735", "LATITUD": -33.435356, "LONGITUD": -70.64768, "centroide_x": 346832.60629570112, "centroide_y": 6299234.0708421841, "crs_original": "EPSG:4326", "fecha_normalizacion": "2025-10-10 01:59:23" }, "geometry": { "type": "Point", "coordinates": [ 346832.606295701116323, 6299234.070842184126377 ] } },
{ "type": "Feature", "properties": { "AÑO": 2020.0, "COD_INST": 70.0, "TIPO_INST": "Universidades Estatales CRUCH", "NOMBRE_INS": "UNIVERSIDAD DE CHILE", "NOMBRE_INM": "FACULTAD DE FILOSOFIA Y HUMANIDADES CENTRO DE ESTUDIOS JUDAICOS", "COD_REGION": 13.0, "REGIÓN": "REGIÓN METROPOLITANA DE SANTIAGO", "COD_PROVIN": 131.0, "PROVINCIA": "SANTIAGO", "COD_COMUNA": 13101.0, "COMUNA": "SANTIAGO", "DIRECCION": "MIRAFLORES", "NUMERO_DI": 579.0, "LUGAR_REFE": null, "LATITUD": -33.435867, "LONGITUD": -70.645832, "centroide_x": 347005.31112357171, "centroide_y": 6299180.1296691019, "crs_original": "EPSG:4326", "fecha_normalizacion": "2025-10-10 01:59:23" }, "geometry": { "type": "Point", "coordinates": [ 347005.311123571707867, 6299180.129669101908803 ] } },
{ "type": "Feature", "properties": { "AÑO": 2020.0, "COD_INST": 229.0, "TIPO_INST": "Centros de Formación Técnica", "NOMBRE_INS": "CFT CENTRO DE ENSEÑANZA DE ALTA COSTURA PAULINA DIARD", "NOMBRE_INM": "CENTRAL", "COD_REGION": 13.0, "REGIÓN": "REGIÓN METROPOLITANA DE SANTIAGO", "COD_PROVIN": 131.0, "PROVINCIA": "SANTIAGO", "COD_COMUNA": 13101.0, "COMUNA": "SANTIAGO", "DIRECCION": "SANTO DOMINGO", "NUMERO_DI": 1083.0, "LUGAR_REFE": "PISO 2", "LATITUD": -33.436148, "LONGITUD": -70.65262, "centroide_x": 346374.73249746097, "centroide_y": 6299138.9588426193, "crs_original": "EPSG:4326", "fecha_normalizacion": "2025-10-10 01:59:23" }, "geometry": { "type": "Point", "coordinates": [ 346374.732497460965533, 6299138.95884261932224 ] } },
{ "type": "Feature", "properties": { "AÑO": 2020.0, "COD_INST": 701.0, "TIPO_INST": "Centros de Formación Técnica", "NOMBRE_INS": "CFT MANPOWER", "NOMBRE_INM": "SEDE CENTRAL  EDIFICIO PAULINO 2", "COD_REGION": 13.0, "REGIÓN": "REGIÓN METROPOLITANA DE SANTIAGO", "COD_PROVIN": 131.0, "PROVINCIA": "SANTIAGO", "COD_COMUNA": 13101.0, "COMUNA": "SANTIAGO", "DIRECCION": "PAULINO ALFONSO", "NUMERO_DI": 361.0, "LUGAR_REFE": null, "LATITUD": -33.43739, "LONGITUD": -70.63965, "centroide_x": 347582.70882091473, "centroide_y": 6299020.3326307833, "crs_original": "EPSG:4326", "fecha_normalizacion": "2025-10-10 01:59:23" }, "geometry": { "type": "Point", "coordinates": [ 347582.708820914733224, 6299020.332630783319473 ] } },
{ "type": "Feature", "properties": { "AÑO": 2020.0, "COD_INST": 701.0, "TIPO_INST": "Centros de Formación Técnica", "NOMBRE_INS": "CFT MANPOWER", "NOMBRE_INM": "SEDE CENTRAL  EDIFICIO PAULINO 1", "COD_REGION": 13.0, "REGIÓN": "REGIÓN METROPOLITANA DE SANTIAGO", "COD_PROVIN": 131.0, "PROVINCIA": "SANTIAGO", "COD_COMUNA": 13101.0, "COMUNA": "SANTIAGO", "DIRECCION": "PAULINO ALFONSO", "NUMERO_DI": 351.0, "LUGAR_REFE": null, "LATITUD": -33.437498, "LONGITUD": -70.639742, "centroide_x": 347574.34473883349, "centroide_y": 6299008.2220442109, "crs_original": "EPSG:4326", "fecha_normalizacion": "2025-10-10 01:59:23" }, "geometry": { "type": "Point", "coordinates": [ 347574.344738833489828, 6299008.222044210880995 ] } },
{ "type": "Feature", "properties": { "AÑO": 2020.0, "COD_INST": 701.0, "TIPO_INST": "Centros de Formación Técnica", "NOMBRE_INS": "CFT MANPOWER", "NOMBRE_INM": "SEDE CENTRAL  EDIFICIO ESTADOS UNIDOS", "COD_REGION": 13.0, "REGIÓN": "REGIÓN METROPOLITANA DE SANTIAGO", "COD_PROVIN": 131.0, "PROVINCIA": "SANTIAGO", "COD_COMUNA": 13101.0, "COMUNA": "SANTIAGO", "DIRECCION": "ESTADOS UNIDOS", "NUMERO_DI": 291.0, "LUGAR_REFE": null, "LATITUD": -33.43766, "LONGITUD": -70.638738, "centroide_x": 347667.96692721662, "centroide_y": 6298991.7304261923, "crs_original": "EPSG:4326", "fecha_normalizacion": "2025-10-10 01:59:23" }, "geometry": { "type": "Point", "coordinates": [ 347667.966927216621116, 6298991.73042619228363 ] } },
{ "type": "Feature", "properties": { "AÑO": 2020.0, "COD_INST": 11.0, "TIPO_INST": "Universidades Privadas", "NOMBRE_INS": "UNIVERSIDAD ACADEMIA DE HUMANISMO CRISTIANO", "NOMBRE_INM": "CATEDRAL", "COD_REGION": 13.0, "REGIÓN": "REGIÓN METROPOLITANA DE SANTIAGO", "COD_PROVIN": 131.0, "PROVINCIA": "SANTIAGO", "COD_COMUNA": 13101.0, "COMUNA": "SANTIAGO", "DIRECCION": "CATEDRAL", "NUMERO_DI": 1721.0, "LUGAR_REFE": null, "LATITUD": -33.43832, "LONGITUD": -70.661501, "centroide_x": 345552.9251946623, "centroide_y": 6298884.9524961263, "crs_original": "EPSG:4326", "fecha_normalizacion": "2025-10-10 01:59:23" }, "geometry": { "type": "Point", "coordinates": [ 345552.925194662297145, 6298884.952496126294136 ] } },
{ "type": "Feature", "properties": { "AÑO": 2020.0, "COD_INST": 17.0, "TIPO_INST": "Universidades Privadas", "NOMBRE_INS": "UNIVERSIDAD SEK", "NOMBRE_INM": "CATEDRAL", "COD_REGION": 13.0, "REGIÓN": "REGIÓN METROPOLITANA DE SANTIAGO", "COD_PROVIN": 131.0, "PROVINCIA": "SANTIAGO", "COD_COMUNA": 13101.0, "COMUNA": "SANTIAGO", "DIRECCION": "CATEDRAL", "NUMERO_DI": 1712.0, "LUGAR_REFE": null, "LATITUD": -33.438525, "LONGITUD": -70.661254, "centroide_x": 345576.25124978647, "centroide_y": 6298862.58779833, "crs_original": "EPSG:4326", "fecha_normalizacion": "2025-10-10 01:59:23" }, "geometry": { "type": "Point", "coordinates": [ 345576.25124978646636, 6298862.587798330001533 ] } },
{ "type": "Feature", "properties": { "AÑO": 2020.0, "COD_INST": 68.0, "TIPO_INST": "Universidades Privadas", "NOMBRE_INS": "UNIVERSIDAD MIGUEL DE CERVANTES", "NOMBRE_INM": "CASA CENTRAL UNIVERSIDAD MIGUEL DE CERVANTES", "COD_REGION": 13.0, "REGIÓN": "REGIÓN METROPOLITANA DE SANTIAGO", "COD_PROVIN": 131.0, "PROVINCIA": "SANTIAGO", "COD_COMUNA": 13101.0, "COMUNA": "SANTIAGO", "DIRECCION": "ENRIQUE MAC-IVER", "NUMERO_DI": 370.0, "LUGAR_REFE": null, "LATITUD": -33.438563, "LONGITUD": -70.647234, "centroide_x": 346879.70575227437, "centroide_y": 6298879.1164380405, "crs_original": "EPSG:4326", "fecha_normalizacion": "2025-10-10 01:59:23" }, "geometry": { "type": "Point", "coordinates": [ 346879.705752274370752, 6298879.11643804050982 ] } },
{ "type": "Feature", "properties": { "AÑO": 2020.0, "COD_INST": 70.0, "TIPO_INST": "Universidades Estatales CRUCH", "NOMBRE_INS": "UNIVERSIDAD DE CHILE", "NOMBRE_INM": "FACULTAD DE ARTES SEDE COMPAÑIA 1264", "COD_REGION": 13.0, "REGIÓN": "REGIÓN METROPOLITANA DE SANTIAGO", "COD_PROVIN": 131.0, "PROVINCIA": "SANTIAGO", "COD_COMUNA": 13101.0, "COMUNA": "SANTIAGO", "DIRECCION": "COMPAÑIA", "NUMERO_DI": 1264.0, "LUGAR_REFE": null, "LATITUD": -33.439171, "LONGITUD": -70.654727, "centroide_x": 346184.18315143639, "centroide_y": 6298800.6337490603, "crs_original": "EPSG:4326", "fecha_normalizacion": "2025-10-10 01:59:23" }, "geometry": { "type": "Point", "coordinates": [ 346184.183151436387561, 6298800.633749060332775 ] } },
{ "type": "Feature", "properties": { "AÑO": 2020.0, "COD_INST": 108.0, "TIPO_INST": "Institutos Profesionales", "NOMBRE_INS": "IP CHILENO-BRITÁNICO DE CULTURA", "NOMBRE_INM": "IPCBC", "COD_REGION": 13.0, "REGIÓN": "REGIÓN METROPOLITANA DE SANTIAGO", "COD_PROVIN": 131.0, "PROVINCIA": "SANTIAGO", "COD_COMUNA": 13101.0, "COMUNA": "SANTIAGO", "DIRECCION": "HUÉRFANOS", "NUMERO_DI": 554.0, "LUGAR_REFE": null, "LATITUD": -33.439235, "LONGITUD": -70.644803, "centroide_x": 347106.88548374141, "centroide_y": 6298808.1797560826, "crs_original": "EPSG:4326", "fecha_normalizacion": "2025-10-10 01:59:23" }, "geometry": { "type": "Point", "coordinates": [ 347106.885483741411008, 6298808.179756082594395 ] } },
{ "type": "Feature", "properties": { "AÑO": 2020.0, "COD_INST": 651.0, "TIPO_INST": "Universidades Privadas", "NOMBRE_INS": "UNIVERSIDAD CHILENO BRITÁNICA DE CULTURA", "NOMBRE_INM": "UNIVERSIDAD CHILENO BRITANICA DE CULTURA", "COD_REGION": 13.0, "REGIÓN": "REGIÓN METROPOLITANA DE SANTIAGO", "COD_PROVIN": 131.0, "PROVINCIA": "SANTIAGO", "COD_COMUNA": 13101.0, "COMUNA": "SANTIAGO", "DIRECCION": "HUÉRFANOS", "NUMERO_DI": 554.0, "LUGAR_REFE": null, "LATITUD": -33.439235, "LONGITUD": -70.644803, "centroide_x": 347106.88548374141, "centroide_y": 6298808.1797560826, "crs_original": "EPSG:4326", "fecha_normalizacion": "2025-10-10 01:59:23" }, "geometry": { "type": "Point", "coordinates": [ 347106.885483741411008, 6298808.179756082594395 ] } },
{ "type": "Feature", "properties": { "AÑO": 2020.0, "COD_INST": 144.0, "TIPO_INST": "Institutos Profesionales", "NOMBRE_INS": "IP DE ARTE Y COMUNICACIÓN ARCOS", "NOMBRE_INM": "CASA VICTORIA SUBERCASEUX", "COD_REGION": 13.0, "REGIÓN": "REGIÓN METROPOLITANA DE SANTIAGO", "COD_PROVIN": 131.0, "PROVINCIA": "SANTIAGO", "COD_COMUNA": 13101.0, "COMUNA": "SANTIAGO", "DIRECCION": "VICTORIA SUBERCASEUX", "NUMERO_DI": 99.0, "LUGAR_REFE": null, "LATITUD": -33.439651, "LONGITUD": -70.642116, "centroide_x": 347357.41212789749, "centroide_y": 6298766.0006609969, "crs_original": "EPSG:4326", "fecha_normalizacion": "2025-10-10 01:59:23" }, "geometry": { "type": "Point", "coordinates": [ 347357.41212789749261, 6298766.000660996884108 ] } },
{ "type": "Feature", "properties": { "AÑO": 2020.0, "COD_INST": 70.0, "TIPO_INST": "Universidades Estatales CRUCH", "NOMBRE_INS": "UNIVERSIDAD DE CHILE", "NOMBRE_INM": "INSTITUTO DE ASUNTOS PUBLICOS", "COD_REGION": 13.0, "REGIÓN": "REGIÓN METROPOLITANA DE SANTIAGO", "COD_PROVIN": 131.0, "PROVINCIA": "SANTIAGO", "COD_COMUNA": 13101.0, "COMUNA": "SANTIAGO", "DIRECCION": "SANTA LUCIA", "NUMERO_DI": 240.0, "LUGAR_REFE": null, "LATITUD": -33.439701, "LONGITUD": -70.644646, "centroide_x": 347122.29862510605, "centroide_y": 6298756.7378144637, "crs_original": "EPSG:4326", "fecha_normalizacion": "2025-10-10 01:59:23" }, "geometry": { "type": "Point", "coordinates": [ 347122.298625106050167, 6298756.737814463675022 ] } },
{ "type": "Feature", "properties": { "AÑO": 2020.0, "COD_INST": 152.0, "TIPO_INST": "Institutos Profesionales", "NOMBRE_INS": "IP LATINOAMERICANO DE COMERCIO EXTERIOR", "NOMBRE_INM": "CENTRO DE EDUCACION A DISTANCIA", "COD_REGION": 13.0, "REGIÓN": "REGIÓN METROPOLITANA DE SANTIAGO", "COD_PROVIN": 131.0, "PROVINCIA": "SANTIAGO", "COD_COMUNA": 13101.0, "COMUNA": "SANTIAGO", "DIRECCION": "COMPAÑIA DE JESUS", "NUMERO_DI": 2015.0, "LUGAR_REFE": "PISO 4", "LATITUD": -33.439842, "LONGITUD": -70.665113, "centroide_x": 345219.8329829229, "centroide_y": 6298710.8101278823, "crs_original": "EPSG:4326", "fecha_normalizacion": "2025-10-10 01:59:23" }, "geometry": { "type": "Point", "coordinates": [ 345219.832982922904193, 6298710.810127882286906 ] } },
{ "type": "Feature", "properties": { "AÑO": 2020.0, "COD_INST": 152.0, "TIPO_INST": "Institutos Profesionales", "NOMBRE_INS": "IP LATINOAMERICANO DE COMERCIO EXTERIOR", "NOMBRE_INM": "SEDE SANTIAGO", "COD_REGION": 13.0, "REGIÓN": "REGIÓN METROPOLITANA DE SANTIAGO", "COD_PROVIN": 131.0, "PROVINCIA": "SANTIAGO", "COD_COMUNA": 13101.0, "COMUNA": "SANTIAGO", "DIRECCION": "COMPAÑIA DE JESUS", "NUMERO_DI": 2015.0, "LUGAR_REFE": "PISO 1 AL 3A", "LATITUD": -33.439842, "LONGITUD": -70.665113, "centroide_x": 345219.8329829229, "centroide_y": 6298710.8101278823, "crs_original": "EPSG:4326", "fecha_normalizacion": "2025-10-10 01:59:23" }, "geometry": { "type": "Point", "coordinates": [ 345219.832982922904193, 6298710.810127882286906 ] } },
{ "type": "Feature", "properties": { "AÑO": 2020.0, "COD_INST": 70.0, "TIPO_INST": "Universidades Estatales CRUCH", "NOMBRE_INS": "UNIVERSIDAD DE CHILE", "NOMBRE_INM": "INSTITUTO DE ASUNTOS PUBLICOS- ESCUELA DE POSTGRADO", "COD_REGION": 13.0, "REGIÓN": "REGIÓN METROPOLITANA DE SANTIAGO", "COD_PROVIN": 131.0, "PROVINCIA": "SANTIAGO", "COD_COMUNA": 13101.0, "COMUNA": "SANTIAGO", "DIRECCION": "SANTA LUCIA", "NUMERO_DI": 212.0, "LUGAR_REFE": null, "LATITUD": -33.439992, "LONGITUD": -70.644745, "centroide_x": 347113.60568443662, "centroide_y": 6298724.3243557587, "crs_original": "EPSG:4326", "fecha_normalizacion": "2025-10-10 01:59:23" }, "geometry": { "type": "Point", "coordinates": [ 347113.60568443662487, 6298724.324355758726597 ] } },
{ "type": "Feature", "properties": { "AÑO": 2020.0, "COD_INST": 7.0, "TIPO_INST": "Universidades Privadas", "NOMBRE_INS": "UNIVERSIDAD BOLIVARIANA", "NOMBRE_INM": "SEDE SANTIAGO - DERECHO", "COD_REGION": 13.0, "REGIÓN": "REGIÓN METROPOLITANA DE SANTIAGO", "COD_PROVIN": 131.0, "PROVINCIA": "SANTIAGO", "COD_COMUNA": 13101.0, "COMUNA": "SANTIAGO", "DIRECCION": "HUÉRFANOS", "NUMERO_DI": 1721.0, "LUGAR_REFE": null, "LATITUD": -33.440417, "LONGITUD": -70.661212, "centroide_x": 345583.50873753609, "centroide_y": 6298652.8531598579, "crs_original": "EPSG:4326", "fecha_normalizacion": "2025-10-10 01:59:23" }, "geometry": { "type": "Point", "coordinates": [ 345583.508737536089029, 6298652.853159857913852 ] } },
{ "type": "Feature", "properties": { "AÑO": 2020.0, "COD_INST": 11.0, "TIPO_INST": "Universidades Privadas", "NOMBRE_INS": "UNIVERSIDAD ACADEMIA DE HUMANISMO CRISTIANO", "NOMBRE_INM": "HUERFANOS", "COD_REGION": 13.0, "REGIÓN": "REGIÓN METROPOLITANA DE SANTIAGO", "COD_PROVIN": 131.0, "PROVINCIA": "SANTIAGO", "COD_COMUNA": 13101.0, "COMUNA": "SANTIAGO", "DIRECCION": "HUÉRFANOS", "NUMERO_DI": 1869.0, "LUGAR_REFE": null, "LATITUD": -33.440835, "LONGITUD": -70.663266, "centroide_x": 345393.30146773951, "centroide_y": 6298603.4489858393, "crs_original": "EPSG:4326", "fecha_normalizacion": "2025-10-10 01:59:23" }, "geometry": { "type": "Point", "coordinates": [ 345393.301467739511281, 6298603.448985839262605 ] } },
{ "type": "Feature", "properties": { "AÑO": 2020.0, "COD_INST": 11.0, "TIPO_INST": "Universidades Privadas", "NOMBRE_INS": "UNIVERSIDAD ACADEMIA DE HUMANISMO CRISTIANO", "NOMBRE_INM": "CIENFUEGOS", "COD_REGION": 13.0, "REGIÓN": "REGIÓN METROPOLITANA DE SANTIAGO", "COD_PROVIN": 131.0, "PROVINCIA": "SANTIAGO", "COD_COMUNA": 13101.0, "COMUNA": "SANTIAGO", "DIRECCION": "HUÉRFANOS", "NUMERO_DI": 1886.0, "LUGAR_REFE": null, "LATITUD": -33.440921, "LONGITUD": -70.663169, "centroide_x": 345402.47156699246, "centroide_y": 6298594.0570447668, "crs_original": "EPSG:4326", "fecha_normalizacion": "2025-10-10 01:59:23" }, "geometry": { "type": "Point", "coordinates": [ 345402.471566992462613, 6298594.057044766843319 ] } },
{ "type": "Feature", "properties": { "AÑO": 2020.0, "COD_INST": 70.0, "TIPO_INST": "Universidades Estatales CRUCH", "NOMBRE_INS": "UNIVERSIDAD DE CHILE", "NOMBRE_INM": "INSTITUTO DE ASUNTOS PUBLICOS - ESCUELA DE PREGRADO", "COD_REGION": 13.0, "REGIÓN": "REGIÓN METROPOLITANA DE SANTIAGO", "COD_PROVIN": 131.0, "PROVINCIA": "SANTIAGO", "COD_COMUNA": 13101.0, "COMUNA": "SANTIAGO", "DIRECCION": "HUÉRFANOS", "NUMERO_DI": 1724.0, "LUGAR_REFE": null, "LATITUD": -33.440928, "LONGITUD": -70.661224, "centroide_x": 345583.29876567225, "centroide_y": 6298596.1723780129, "crs_original": "EPSG:4326", "fecha_normalizacion": "2025-10-10 01:59:23" }, "geometry": { "type": "Point", "coordinates": [ 345583.298765672254376, 6298596.172378012910485 ] } },
{ "type": "Feature", "properties": { "AÑO": 2020.0, "COD_INST": 651.0, "TIPO_INST": "Universidades Privadas", "NOMBRE_INS": "UNIVERSIDAD CHILENO BRITÁNICA DE CULTURA", "NOMBRE_INM": "UNIVERSIDAD CHILENO BRITANICA DE CULTURA", "COD_REGION": 13.0, "REGIÓN": "REGIÓN METROPOLITANA DE SANTIAGO", "COD_PROVIN": 131.0, "PROVINCIA": "SANTIAGO", "COD_COMUNA": 13101.0, "COMUNA": "SANTIAGO", "DIRECCION": "SANTA LUCIA", "NUMERO_DI": 124.0, "LUGAR_REFE": null, "LATITUD": -33.440988, "LONGITUD": -70.645012, "centroide_x": 347090.53201809165, "centroide_y": 6298613.4890652765, "crs_original": "EPSG:4326", "fecha_normalizacion": "2025-10-10 01:59:23" }, "geometry": { "type": "Point", "coordinates": [ 347090.532018091646023, 6298613.489065276458859 ] } },
{ "type": "Feature", "properties": { "AÑO": 2020.0, "COD_INST": 103.0, "TIPO_INST": "Institutos Profesionales", "NOMBRE_INS": "IP INSTITUTO DE ESTUDIOS BANCARIOS GUILLERMO SUBERCASEAUX", "NOMBRE_INM": "SEDE HUERFANOS", "COD_REGION": 13.0, "REGIÓN": "REGIÓN METROPOLITANA DE SANTIAGO", "COD_PROVIN": 131.0, "PROVINCIA": "SANTIAGO", "COD_COMUNA": 13101.0, "COMUNA": "SANTIAGO", "DIRECCION": "HUÉRFANOS", "NUMERO_DI": 1840.0, "LUGAR_REFE": null, "LATITUD": -33.44115, "LONGITUD": -70.662737, "centroide_x": 345443.03819039086, "centroide_y": 6298569.3065753058, "crs_original": "EPSG:4326", "fecha_normalizacion": "2025-10-10 01:59:23" }, "geometry": { "type": "Point", "coordinates": [ 345443.038190390856471, 6298569.306575305759907 ] } },
{ "type": "Feature", "properties": { "AÑO": 2020.0, "COD_INST": 70.0, "TIPO_INST": "Universidades Estatales CRUCH", "NOMBRE_INS": "UNIVERSIDAD DE CHILE", "NOMBRE_INM": "CASA AMANDA LABARCA", "COD_REGION": 13.0, "REGIÓN": "REGIÓN METROPOLITANA DE SANTIAGO", "COD_PROVIN": 131.0, "PROVINCIA": "SANTIAGO", "COD_COMUNA": 13101.0, "COMUNA": "SANTIAGO", "DIRECCION": "PERIODISTA JOSE CARRASCO TAPIA", "NUMERO_DI": 71.0, "LUGAR_REFE": "LOTE 10", "LATITUD": -33.441238, "LONGITUD": -70.635325, "centroide_x": 347991.5048601561, "centroide_y": 6298599.9777990617, "crs_original": "EPSG:4326", "fecha_normalizacion": "2025-10-10 01:59:23" }, "geometry": { "type": "Point", "coordinates": [ 347991.504860156099312, 6298599.977799061685801 ] } },
{ "type": "Feature", "properties": { "AÑO": 2020.0, "COD_INST": 70.0, "TIPO_INST": "Universidades Estatales CRUCH", "NOMBRE_INS": "UNIVERSIDAD DE CHILE", "NOMBRE_INM": "CASA IRMA SALAS", "COD_REGION": 13.0, "REGIÓN": "REGIÓN METROPOLITANA DE SANTIAGO", "COD_PROVIN": 131.0, "PROVINCIA": "SANTIAGO", "COD_COMUNA": 13101.0, "COMUNA": "SANTIAGO", "DIRECCION": "PERIODISTA JOSE CARRASCO TAPIA", "NUMERO_DI": 75.0, "LUGAR_REFE": "LOTE 11", "LATITUD": -33.441238, "LONGITUD": -70.635325, "centroide_x": 347991.5048601561, "centroide_y": 6298599.9777990617, "crs_original": "EPSG:4326", "fecha_normalizacion": "2025-10-10 01:59:23" }, "geometry": { "type": "Point", "coordinates": [ 347991.504860156099312, 6298599.977799061685801 ] } },
{ "type": "Feature", "properties": { "AÑO": 2020.0, "COD_INST": 86.0, "TIPO_INST": "Universidades Privadas CRUCH", "NOMBRE_INS": "PONTIFICIA UNIVERSIDAD CATÓLICA DE CHILE", "NOMBRE_INM": "CAMPUS CASA CENTRAL", "COD_REGION": 13.0, "REGIÓN": "REGIÓN METROPOLITANA DE SANTIAGO", "COD_PROVIN": 131.0, "PROVINCIA": "SANTIAGO", "COD_COMUNA": 13101.0, "COMUNA": "SANTIAGO", "DIRECCION": "AVENIDA LIBERTADOR BERNARDO O'HIGGINS", "NUMERO_DI": 340.0, "LUGAR_REFE": null, "LATITUD": -33.441255, "LONGITUD": -70.641291, "centroide_x": 347436.9166300809, "centroide_y": 6298589.3509099782, "crs_original": "EPSG:4326", "fecha_normalizacion": "2025-10-10 01:59:23" }, "geometry": { "type": "Point", "coordinates": [ 347436.916630080901086, 6298589.350909978151321 ] } },
{ "type": "Feature", "properties": { "AÑO": 2020.0, "COD_INST": 312.0, "TIPO_INST": "Centros de Formación Técnica", "NOMBRE_INS": "CFT CENCO", "NOMBRE_INM": "CASA MATRIZ", "COD_REGION": 13.0, "REGIÓN": "REGIÓN METROPOLITANA DE SANTIAGO", "COD_PROVIN": 131.0, "PROVINCIA": "SANTIAGO", "COD_COMUNA": 13101.0, "COMUNA": "SANTIAGO", "DIRECCION": "ENRIQUE MAC-IVER", "NUMERO_DI": 125.0, "LUGAR_REFE": ", PISO 10", "LATITUD": -33.441298, "LONGITUD": -70.64631, "centroide_x": 346970.40981786582, "centroide_y": 6298577.2039168831, "crs_original": "EPSG:4326", "fecha_normalizacion": "2025-10-10 01:59:23" }, "geometry": { "type": "Point", "coordinates": [ 346970.409817865816876, 6298577.203916883096099 ] } },
{ "type": "Feature", "properties": { "AÑO": 2020.0, "COD_INST": 103.0, "TIPO_INST": "Institutos Profesionales", "NOMBRE_INS": "IP INSTITUTO DE ESTUDIOS BANCARIOS GUILLERMO SUBERCASEAUX", "NOMBRE_INM": "SEDE AGUSTINAS", "COD_REGION": 13.0, "REGIÓN": "REGIÓN METROPOLITANA DE SANTIAGO", "COD_PROVIN": 131.0, "PROVINCIA": "SANTIAGO", "COD_COMUNA": 13101.0, "COMUNA": "SANTIAGO", "DIRECCION": "AGUSTINAS", "NUMERO_DI": 1476.0, "LUGAR_REFE": null, "LATITUD": -33.441701, "LONGITUD": -70.657299, "centroide_x": 345949.54854975338, "centroide_y": 6298516.2820436535, "crs_original": "EPSG:4326", "fecha_normalizacion": "2025-10-10 01:59:23" }, "geometry": { "type": "Point", "coordinates": [ 345949.548549753380939, 6298516.282043653540313 ] } },
{ "type": "Feature", "properties": { "AÑO": 2020.0, "COD_INST": 70.0, "TIPO_INST": "Universidades Estatales CRUCH", "NOMBRE_INS": "UNIVERSIDAD DE CHILE", "NOMBRE_INM": "FACULTAD DE ECONOMIA Y NEGOCIOS", "COD_REGION": 13.0, "REGIÓN": "REGIÓN METROPOLITANA DE SANTIAGO", "COD_PROVIN": 131.0, "PROVINCIA": "SANTIAGO", "COD_COMUNA": 13101.0, "COMUNA": "SANTIAGO", "DIRECCION": "DIAGONAL PARAGUAY", "NUMERO_DI": 205.0, "LUGAR_REFE": null, "LATITUD": -33.442028, "LONGITUD": -70.635989, "centroide_x": 347931.15617605427, "centroide_y": 6298511.4065997815, "crs_original": "EPSG:4326", "fecha_normalizacion": "2025-10-10 01:59:23" }, "geometry": { "type": "Point", "coordinates": [ 347931.156176054268144, 6298511.406599781475961 ] } },
{ "type": "Feature", "properties": { "AÑO": 2020.0, "COD_INST": 70.0, "TIPO_INST": "Universidades Estatales CRUCH", "NOMBRE_INS": "UNIVERSIDAD DE CHILE", "NOMBRE_INM": "FACULTAD DE ARQUITECTURA", "COD_REGION": 13.0, "REGIÓN": "REGIÓN METROPOLITANA DE SANTIAGO", "COD_PROVIN": 131.0, "PROVINCIA": "SANTIAGO", "COD_COMUNA": 13101.0, "COMUNA": "SANTIAGO", "DIRECCION": "PORTUGAL", "NUMERO_DI": 84.0, "LUGAR_REFE": null, "LATITUD": -33.442279, "LONGITUD": -70.638176, "centroide_x": 347728.28638432227, "centroide_y": 6298480.3720398154, "crs_original": "EPSG:4326", "fecha_normalizacion": "2025-10-10 01:59:23" }, "geometry": { "type": "Point", "coordinates": [ 347728.286384322273079, 6298480.372039815410972 ] } },
{ "type": "Feature", "properties": { "AÑO": 2020.0, "COD_INST": 435.0, "TIPO_INST": "Centros de Formación Técnica", "NOMBRE_INS": "CFT DEL MEDIO AMBIENTE", "NOMBRE_INM": "CFT DEL MEDIO AMBIENTE", "COD_REGION": 13.0, "REGIÓN": "REGIÓN METROPOLITANA DE SANTIAGO", "COD_PROVIN": 131.0, "PROVINCIA": "SANTIAGO", "COD_COMUNA": 13101.0, "COMUNA": "SANTIAGO", "DIRECCION": "AGUSTINAS", "NUMERO_DI": 1954.0, "LUGAR_REFE": null, "LATITUD": -33.442369, "LONGITUD": -70.663997, "centroide_x": 345328.06795253465, "centroide_y": 6298432.2614432834, "crs_original": "EPSG:4326", "fecha_normalizacion": "2025-10-10 01:59:23" }, "geometry": { "type": "Point", "coordinates": [ 345328.067952534649521, 6298432.26144328340888 ] } },
{ "type": "Feature", "properties": { "AÑO": 2020.0, "COD_INST": 70.0, "TIPO_INST": "Universidades Estatales CRUCH", "NOMBRE_INS": "UNIVERSIDAD DE CHILE", "NOMBRE_INM": "FACULTAD DE ECONOMIA Y NEGOCIOS", "COD_REGION": 13.0, "REGIÓN": "REGIÓN METROPOLITANA DE SANTIAGO", "COD_PROVIN": 131.0, "PROVINCIA": "SANTIAGO", "COD_COMUNA": 13101.0, "COMUNA": "SANTIAGO", "DIRECCION": "DIAGONAL PARAGUAY", "NUMERO_DI": 257.0, "LUGAR_REFE": null, "LATITUD": -33.442496, "LONGITUD": -70.63705, "centroide_x": 347833.34058219841, "centroide_y": 6298457.959023729, "crs_original": "EPSG:4326", "fecha_normalizacion": "2025-10-10 01:59:23" }, "geometry": { "type": "Point", "coordinates": [ 347833.340582198405173, 6298457.959023728966713 ] } },
{ "type": "Feature", "properties": { "AÑO": 2020.0, "COD_INST": 70.0, "TIPO_INST": "Universidades Estatales CRUCH", "NOMBRE_INS": "UNIVERSIDAD DE CHILE", "NOMBRE_INM": "FACULTAD DE ARQUITECTURA", "COD_REGION": 13.0, "REGIÓN": "REGIÓN METROPOLITANA DE SANTIAGO", "COD_PROVIN": 131.0, "PROVINCIA": "SANTIAGO", "COD_COMUNA": 13101.0, "COMUNA": "SANTIAGO", "DIRECCION": "DIAGONAL PARAGUAY", "NUMERO_DI": 253.0, "LUGAR_REFE": null, "LATITUD": -33.442696, "LONGITUD": -70.637282, "centroide_x": 347812.12280177569, "centroide_y": 6298435.4421291612, "crs_original": "EPSG:4326", "fecha_normalizacion": "2025-10-10 01:59:23" }, "geometry": { "type": "Point", "coordinates": [ 347812.122801775694825, 6298435.442129161208868 ] } },
{ "type": "Feature", "properties": { "AÑO": 2020.0, "COD_INST": 103.0, "TIPO_INST": "Institutos Profesionales", "NOMBRE_INS": "IP INSTITUTO DE ESTUDIOS BANCARIOS GUILLERMO SUBERCASEAUX", "NOMBRE_INM": "SEDE SAN MARTIN", "COD_REGION": 13.0, "REGIÓN": "REGIÓN METROPOLITANA DE SANTIAGO", "COD_PROVIN": 131.0, "PROVINCIA": "SANTIAGO", "COD_COMUNA": 13101.0, "COMUNA": "SANTIAGO", "DIRECCION": "SAN MARTIN", "NUMERO_DI": 76.0, "LUGAR_REFE": null, "LATITUD": -33.443283, "LONGITUD": -70.657871, "centroide_x": 345899.17183569598, "centroide_y": 6298340.0118087381, "crs_original": "EPSG:4326", "fecha_normalizacion": "2025-10-10 01:59:23" }, "geometry": { "type": "Point", "coordinates": [ 345899.17183569597546, 6298340.01180873811245 ] } },
{ "type": "Feature", "properties": { "AÑO": 2020.0, "COD_INST": 54.0, "TIPO_INST": "Universidades Privadas", "NOMBRE_INS": "UNIVERSIDAD TECNOLÓGICA DE CHILE INACAP", "NOMBRE_INM": "INACAP SANTIAGO CENTRO", "COD_REGION": 13.0, "REGIÓN": "REGIÓN METROPOLITANA DE SANTIAGO", "COD_PROVIN": 131.0, "PROVINCIA": "SANTIAGO", "COD_COMUNA": 13101.0, "COMUNA": "SANTIAGO", "DIRECCION": "ALMIRANTE BARROSO", "NUMERO_DI": 76.0, "LUGAR_REFE": null, "LATITUD": -33.443675, "LONGITUD": -70.662459, "centroide_x": 345473.36046627047, "centroide_y": 6298289.7316533606, "crs_original": "EPSG:4326", "fecha_normalizacion": "2025-10-10 01:59:23" }, "geometry": { "type": "Point", "coordinates": [ 345473.360466270474717, 6298289.731653360649943 ] } },
{ "type": "Feature", "properties": { "AÑO": 2020.0, "COD_INST": 100.0, "TIPO_INST": "Institutos Profesionales", "NOMBRE_INS": "IP INACAP", "NOMBRE_INM": "INACAP SANTIAGO CENTRO", "COD_REGION": 13.0, "REGIÓN": "REGIÓN METROPOLITANA DE SANTIAGO", "COD_PROVIN": 131.0, "PROVINCIA": "SANTIAGO", "COD_COMUNA": 13101.0, "COMUNA": "SANTIAGO", "DIRECCION": "ALMIRANTE BARROSO", "NUMERO_DI": 76.0, "LUGAR_REFE": null, "LATITUD": -33.443675, "LONGITUD": -70.662459, "centroide_x": 345473.36046627047, "centroide_y": 6298289.7316533606, "crs_original": "EPSG:4326", "fecha_normalizacion": "2025-10-10 01:59:23" }, "geometry": { "type": "Point", "coordinates": [ 345473.360466270474717, 6298289.731653360649943 ] } },
{ "type": "Feature", "properties": { "AÑO": 2020.0, "COD_INST": 430.0, "TIPO_INST": "Centros de Formación Técnica", "NOMBRE_INS": "CFT INACAP", "NOMBRE_INM": "INACAP SANTIAGO CENTRO", "COD_REGION": 13.0, "REGIÓN": "REGIÓN METROPOLITANA DE SANTIAGO", "COD_PROVIN": 131.0, "PROVINCIA": "SANTIAGO", "COD_COMUNA": 13101.0, "COMUNA": "SANTIAGO", "DIRECCION": "ALMIRANTE BARROSO", "NUMERO_DI": 76.0, "LUGAR_REFE": null, "LATITUD": -33.443675, "LONGITUD": -70.662459, "centroide_x": 345473.36046627047, "centroide_y": 6298289.7316533606, "crs_original": "EPSG:4326", "fecha_normalizacion": "2025-10-10 01:59:23" }, "geometry": { "type": "Point", "coordinates": [ 345473.360466270474717, 6298289.731653360649943 ] } },
{ "type": "Feature", "properties": { "AÑO": 2020.0, "COD_INST": 69.0, "TIPO_INST": "Universidades Privadas CRUCH", "NOMBRE_INS": "UNIVERSIDAD ALBERTO HURTADO", "NOMBRE_INM": "SALAS DE CLASES N", "COD_REGION": 13.0, "REGIÓN": "REGIÓN METROPOLITANA DE SANTIAGO", "COD_PROVIN": 131.0, "PROVINCIA": "SANTIAGO", "COD_COMUNA": 13101.0, "COMUNA": "SANTIAGO", "DIRECCION": "ALMIRANTE BARROSO", "NUMERO_DI": 70.0, "LUGAR_REFE": null, "LATITUD": -33.443917, "LONGITUD": -70.662204, "centroide_x": 345497.49467708974, "centroide_y": 6298263.2762684915, "crs_original": "EPSG:4326", "fecha_normalizacion": "2025-10-10 01:59:23" }, "geometry": { "type": "Point", "coordinates": [ 345497.494677089736797, 6298263.276268491521478 ] } },
{ "type": "Feature", "properties": { "AÑO": 2020.0, "COD_INST": 69.0, "TIPO_INST": "Universidades Privadas CRUCH", "NOMBRE_INS": "UNIVERSIDAD ALBERTO HURTADO", "NOMBRE_INM": "DEPARTAMENTO DE INGLES", "COD_REGION": 13.0, "REGIÓN": "REGIÓN METROPOLITANA DE SANTIAGO", "COD_PROVIN": 131.0, "PROVINCIA": "SANTIAGO", "COD_COMUNA": 13101.0, "COMUNA": "SANTIAGO", "DIRECCION": "ALMIRANTE BARROSO", "NUMERO_DI": 62.0, "LUGAR_REFE": "-64", "LATITUD": -33.444141, "LONGITUD": -70.661834, "centroide_x": 345532.28729381377, "centroide_y": 6298238.9877255894, "crs_original": "EPSG:4326", "fecha_normalizacion": "2025-10-10 01:59:23" }, "geometry": { "type": "Point", "coordinates": [ 345532.287293813773431, 6298238.987725589424372 ] } },
{ "type": "Feature", "properties": { "AÑO": 2020.0, "COD_INST": 69.0, "TIPO_INST": "Universidades Privadas CRUCH", "NOMBRE_INS": "UNIVERSIDAD ALBERTO HURTADO", "NOMBRE_INM": "FERNANDO VIVES SJ.", "COD_REGION": 13.0, "REGIÓN": "REGIÓN METROPOLITANA DE SANTIAGO", "COD_PROVIN": 131.0, "PROVINCIA": "SANTIAGO", "COD_COMUNA": 13101.0, "COMUNA": "SANTIAGO", "DIRECCION": "ERASMO ESCALA", "NUMERO_DI": 1835.0, "LUGAR_REFE": null, "LATITUD": -33.444493, "LONGITUD": -70.662333, "centroide_x": 345486.52431909472, "centroide_y": 6298199.2138569672, "crs_original": "EPSG:4326", "fecha_normalizacion": "2025-10-10 01:59:23" }, "geometry": { "type": "Point", "coordinates": [ 345486.524319094722159, 6298199.213856967166066 ] } },
{ "type": "Feature", "properties": { "AÑO": 2020.0, "COD_INST": 70.0, "TIPO_INST": "Universidades Estatales CRUCH", "NOMBRE_INS": "UNIVERSIDAD DE CHILE", "NOMBRE_INM": "RECTORIA", "COD_REGION": 13.0, "REGIÓN": "REGIÓN METROPOLITANA DE SANTIAGO", "COD_PROVIN": 131.0, "PROVINCIA": "SANTIAGO", "COD_COMUNA": 13101.0, "COMUNA": "SANTIAGO", "DIRECCION": "AVENIDA LIBERTADOR BERNARDO O'HIGGINS", "NUMERO_DI": 1058.0, "LUGAR_REFE": null, "LATITUD": -33.444501, "LONGITUD": -70.650879, "centroide_x": 346551.3020869196, "centroide_y": 6298215.2984623406, "crs_original": "EPSG:4326", "fecha_normalizacion": "2025-10-10 01:59:23" }, "geometry": { "type": "Point", "coordinates": [ 346551.302086919604335, 6298215.298462340608239 ] } },
{ "type": "Feature", "properties": { "AÑO": 2020.0, "COD_INST": 895.0, "TIPO_INST": "Universidades Estatales CRUCH", "NOMBRE_INS": "UNIVERSIDAD DE O'HIGGINS", "NOMBRE_INM": "CASA CENTRAL UCHILE", "COD_REGION": 13.0, "REGIÓN": "REGIÓN METROPOLITANA DE SANTIAGO", "COD_PROVIN": 131.0, "PROVINCIA": "SANTIAGO", "COD_COMUNA": 13101.0, "COMUNA": "SANTIAGO", "DIRECCION": "AVENIDA LIBERTADOR GENERAL BERNARDO O'HIGGINS", "NUMERO_DI": 1058.0, "LUGAR_REFE": ", OFICINA 245, SEGUNDO PISO", "LATITUD": -33.444501, "LONGITUD": -70.650879, "centroide_x": 346551.3020869196, "centroide_y": 6298215.2984623406, "crs_original": "EPSG:4326", "fecha_normalizacion": "2025-10-10 01:59:23" }, "geometry": { "type": "Point", "coordinates": [ 346551.302086919604335, 6298215.298462340608239 ] } },
{ "type": "Feature", "properties": { "AÑO": 2020.0, "COD_INST": 69.0, "TIPO_INST": "Universidades Privadas CRUCH", "NOMBRE_INS": "UNIVERSIDAD ALBERTO HURTADO", "NOMBRE_INM": "EDIFICIO CARDENAL RAUL SILVA HENRRIQUEZ", "COD_REGION": 13.0, "REGIÓN": "REGIÓN METROPOLITANA DE SANTIAGO", "COD_PROVIN": 131.0, "PROVINCIA": "SANTIAGO", "COD_COMUNA": 13101.0, "COMUNA": "SANTIAGO", "DIRECCION": "ERASMO ESCALA", "NUMERO_DI": 1875.0, "LUGAR_REFE": null, "LATITUD": -33.444516, "LONGITUD": -70.662568, "centroide_x": 345464.71949500195, "centroide_y": 6298196.3140322361, "crs_original": "EPSG:4326", "fecha_normalizacion": "2025-10-10 01:59:23" }, "geometry": { "type": "Point", "coordinates": [ 345464.719495001947507, 6298196.314032236114144 ] } },
{ "type": "Feature", "properties": { "AÑO": 2020.0, "COD_INST": 69.0, "TIPO_INST": "Universidades Privadas CRUCH", "NOMBRE_INS": "UNIVERSIDAD ALBERTO HURTADO", "NOMBRE_INM": "EDIFICIO MANUEL LARRAIN SJ.", "COD_REGION": 13.0, "REGIÓN": "REGIÓN METROPOLITANA DE SANTIAGO", "COD_PROVIN": 131.0, "PROVINCIA": "SANTIAGO", "COD_COMUNA": 13101.0, "COMUNA": "SANTIAGO", "DIRECCION": "ERASMO ESCALA", "NUMERO_DI": 1822.0, "LUGAR_REFE": null, "LATITUD": -33.444553, "LONGITUD": -70.662058, "centroide_x": 345512.19474087714, "centroide_y": 6298192.9695186652, "crs_original": "EPSG:4326", "fecha_normalizacion": "2025-10-10 01:59:23" }, "geometry": { "type": "Point", "coordinates": [ 345512.194740877137519, 6298192.969518665224314 ] } },
{ "type": "Feature", "properties": { "AÑO": 2020.0, "COD_INST": 69.0, "TIPO_INST": "Universidades Privadas CRUCH", "NOMBRE_INS": "UNIVERSIDAD ALBERTO HURTADO", "NOMBRE_INM": "HERNAN LARRAIN SJ.", "COD_REGION": 13.0, "REGIÓN": "REGIÓN METROPOLITANA DE SANTIAGO", "COD_PROVIN": 131.0, "PROVINCIA": "SANTIAGO", "COD_COMUNA": 13101.0, "COMUNA": "SANTIAGO", "DIRECCION": "ALMIRANTE BARROSO", "NUMERO_DI": 26.0, "LUGAR_REFE": null, "LATITUD": -33.444704, "LONGITUD": -70.661751, "centroide_x": 345541.00118443894, "centroide_y": 6298176.6820067, "crs_original": "EPSG:4326", "fecha_normalizacion": "2025-10-10 01:59:23" }, "geometry": { "type": "Point", "coordinates": [ 345541.001184438937344, 6298176.682006699964404 ] } },
{ "type": "Feature", "properties": { "AÑO": 2020.0, "COD_INST": 69.0, "TIPO_INST": "Universidades Privadas CRUCH", "NOMBRE_INS": "UNIVERSIDAD ALBERTO HURTADO", "NOMBRE_INM": "PATIO DE ACTOS", "COD_REGION": 13.0, "REGIÓN": "REGIÓN METROPOLITANA DE SANTIAGO", "COD_PROVIN": 131.0, "PROVINCIA": "SANTIAGO", "COD_COMUNA": 13101.0, "COMUNA": "SANTIAGO", "DIRECCION": "CIENFUEGOS", "NUMERO_DI": 47.0, "LUGAR_REFE": null, "LATITUD": -33.444902, "LONGITUD": -70.662598, "centroide_x": 345462.61540708947, "centroide_y": 6298153.4672304494, "crs_original": "EPSG:4326", "fecha_normalizacion": "2025-10-10 01:59:23" }, "geometry": { "type": "Point", "coordinates": [ 345462.615407089469954, 6298153.467230449430645 ] } },
{ "type": "Feature", "properties": { "AÑO": 2020.0, "COD_INST": 69.0, "TIPO_INST": "Universidades Privadas CRUCH", "NOMBRE_INS": "UNIVERSIDAD ALBERTO HURTADO", "NOMBRE_INM": "MANUEL LACUNZA SJ.", "COD_REGION": 13.0, "REGIÓN": "REGIÓN METROPOLITANA DE SANTIAGO", "COD_PROVIN": 131.0, "PROVINCIA": "SANTIAGO", "COD_COMUNA": 13101.0, "COMUNA": "SANTIAGO", "DIRECCION": "ALMIRANTE BARROSO", "NUMERO_DI": 37.0, "LUGAR_REFE": null, "LATITUD": -33.444944, "LONGITUD": -70.661557, "centroide_x": 345559.46085972205, "centroide_y": 6298150.3575840797, "crs_original": "EPSG:4326", "fecha_normalizacion": "2025-10-10 01:59:23" }, "geometry": { "type": "Point", "coordinates": [ 345559.460859722050373, 6298150.35758407972753 ] } },
{ "type": "Feature", "properties": { "AÑO": 2020.0, "COD_INST": 69.0, "TIPO_INST": "Universidades Privadas CRUCH", "NOMBRE_INS": "UNIVERSIDAD ALBERTO HURTADO", "NOMBRE_INM": "CASA ESPERANZA", "COD_REGION": 13.0, "REGIÓN": "REGIÓN METROPOLITANA DE SANTIAGO", "COD_PROVIN": 131.0, "PROVINCIA": "SANTIAGO", "COD_COMUNA": 13101.0, "COMUNA": "SANTIAGO", "DIRECCION": "ALMIRANTE BARROSO", "NUMERO_DI": 38.0, "LUGAR_REFE": null, "LATITUD": -33.445018, "LONGITUD": -70.661508, "centroide_x": 345564.14706118463, "centroide_y": 6298142.2248056512, "crs_original": "EPSG:4326", "fecha_normalizacion": "2025-10-10 01:59:23" }, "geometry": { "type": "Point", "coordinates": [ 345564.147061184630729, 6298142.2248056512326 ] } },
{ "type": "Feature", "properties": { "AÑO": 2020.0, "COD_INST": 69.0, "TIPO_INST": "Universidades Privadas CRUCH", "NOMBRE_INS": "UNIVERSIDAD ALBERTO HURTADO", "NOMBRE_INM": "CASA CENTRAL", "COD_REGION": 13.0, "REGIÓN": "REGIÓN METROPOLITANA DE SANTIAGO", "COD_PROVIN": 131.0, "PROVINCIA": "SANTIAGO", "COD_COMUNA": 13101.0, "COMUNA": "SANTIAGO", "DIRECCION": "ALMIRANTE BARROSO", "NUMERO_DI": 10.0, "LUGAR_REFE": null, "LATITUD": -33.445076, "LONGITUD": -70.661754, "centroide_x": 345541.38185281924, "centroide_y": 6298135.4277751166, "crs_original": "EPSG:4326", "fecha_normalizacion": "2025-10-10 01:59:23" }, "geometry": { "type": "Point", "coordinates": [ 345541.381852819235064, 6298135.427775116637349 ] } },
{ "type": "Feature", "properties": { "AÑO": 2020.0, "COD_INST": 69.0, "TIPO_INST": "Universidades Privadas CRUCH", "NOMBRE_INS": "UNIVERSIDAD ALBERTO HURTADO", "NOMBRE_INM": "JORGE GONZALEZ FOSTER SJ.", "COD_REGION": 13.0, "REGIÓN": "REGIÓN METROPOLITANA DE SANTIAGO", "COD_PROVIN": 131.0, "PROVINCIA": "SANTIAGO", "COD_COMUNA": 13101.0, "COMUNA": "SANTIAGO", "DIRECCION": "CIENFUEGOS", "NUMERO_DI": 42.0, "LUGAR_REFE": "-44", "LATITUD": -33.445197, "LONGITUD": -70.663185, "centroide_x": 345408.57156490872, "centroide_y": 6298119.882625265, "crs_original": "EPSG:4326", "fecha_normalizacion": "2025-10-10 01:59:23" }, "geometry": { "type": "Point", "coordinates": [ 345408.571564908721484, 6298119.882625265046954 ] } },
{ "type": "Feature", "properties": { "AÑO": 2020.0, "COD_INST": 69.0, "TIPO_INST": "Universidades Privadas CRUCH", "NOMBRE_INS": "UNIVERSIDAD ALBERTO HURTADO", "NOMBRE_INM": "SAN ALBERTO HURTADO", "COD_REGION": 13.0, "REGIÓN": "REGIÓN METROPOLITANA DE SANTIAGO", "COD_PROVIN": 131.0, "PROVINCIA": "SANTIAGO", "COD_COMUNA": 13101.0, "COMUNA": "SANTIAGO", "DIRECCION": "ALMIRANTE BARROSO", "NUMERO_DI": 6.0, "LUGAR_REFE": null, "LATITUD": -33.445528, "LONGITUD": -70.661913, "centroide_x": 345527.40277037479, "centroide_y": 6298085.0707384013, "crs_original": "EPSG:4326", "fecha_normalizacion": "2025-10-10 01:59:23" }, "geometry": { "type": "Point", "coordinates": [ 345527.402770374785177, 6298085.070738401263952 ] } },
{ "type": "Feature", "properties": { "AÑO": 2020.0, "COD_INST": 42.0, "TIPO_INST": "Universidades Privadas", "NOMBRE_INS": "UNIVERSIDAD CATÓLICA CARDENAL RAÚL SILVA HENRÍQUEZ", "NOMBRE_INM": "UNIVERSIDAD CATOLICA SILVA HENRIQUEZ", "COD_REGION": 13.0, "REGIÓN": "REGIÓN METROPOLITANA DE SANTIAGO", "COD_PROVIN": 131.0, "PROVINCIA": "SANTIAGO", "COD_COMUNA": 13101.0, "COMUNA": "SANTIAGO", "DIRECCION": "SAN ISIDRO", "NUMERO_DI": 182.0, "LUGAR_REFE": null, "LATITUD": -33.44555, "LONGITUD": -70.644003, "centroide_x": 347192.33370025712, "centroide_y": 6298109.1108846292, "crs_original": "EPSG:4326", "fecha_normalizacion": "2025-10-10 01:59:23" }, "geometry": { "type": "Point", "coordinates": [ 347192.333700257120654, 6298109.110884629189968 ] } },
{ "type": "Feature", "properties": { "AÑO": 2020.0, "COD_INST": 328.0, "TIPO_INST": "Centros de Formación Técnica", "NOMBRE_INS": "CFT INSTITUTO SUPERIOR DE ESTUDIOS JURÍDICOS CANON", "NOMBRE_INM": "OFICINA CENTRAL", "COD_REGION": 13.0, "REGIÓN": "REGIÓN METROPOLITANA DE SANTIAGO", "COD_PROVIN": 131.0, "PROVINCIA": "SANTIAGO", "COD_COMUNA": 13101.0, "COMUNA": "SANTIAGO", "DIRECCION": "PASEO BULNES", "NUMERO_DI": 79.0, "LUGAR_REFE": "OFICINA 37", "LATITUD": -33.445864, "LONGITUD": -70.653707, "centroide_x": 346290.81637306756, "centroide_y": 6298059.9810153861, "crs_original": "EPSG:4326", "fecha_normalizacion": "2025-10-10 01:59:23" }, "geometry": { "type": "Point", "coordinates": [ 346290.816373067558743, 6298059.98101538605988 ] } },
{ "type": "Feature", "properties": { "AÑO": 2020.0, "COD_INST": 10.0, "TIPO_INST": "Universidades Privadas", "NOMBRE_INS": "UNIVERSIDAD MAYOR", "NOMBRE_INM": "CAMPUS ALAMEDA", "COD_REGION": 13.0, "REGIÓN": "REGIÓN METROPOLITANA DE SANTIAGO", "COD_PROVIN": 131.0, "PROVINCIA": "SANTIAGO", "COD_COMUNA": 13101.0, "COMUNA": "SANTIAGO", "DIRECCION": "AVENIDA LIBERTADOR BERNARDO O'HIGGINS", "NUMERO_DI": 2027.0, "LUGAR_REFE": "EX 2015 Y JOSE TORIBIO MEDINA N°22 Y N°38", "LATITUD": -33.446286, "LONGITUD": -70.664002, "centroide_x": 345334.55719611025, "centroide_y": 6297997.9114790205, "crs_original": "EPSG:4326", "fecha_normalizacion": "2025-10-10 01:59:23" }, "geometry": { "type": "Point", "coordinates": [ 345334.557196110254154, 6297997.911479020491242 ] } },
{ "type": "Feature", "properties": { "AÑO": 2020.0, "COD_INST": 42.0, "TIPO_INST": "Universidades Privadas", "NOMBRE_INS": "UNIVERSIDAD CATÓLICA CARDENAL RAÚL SILVA HENRÍQUEZ", "NOMBRE_INM": "UNIVERSIDAD CATOLICA SILVA HENRIQUEZ", "COD_REGION": 13.0, "REGIÓN": "REGIÓN METROPOLITANA DE SANTIAGO", "COD_PROVIN": 131.0, "PROVINCIA": "SANTIAGO", "COD_COMUNA": 13101.0, "COMUNA": "SANTIAGO", "DIRECCION": "GENERAL JOFRE", "NUMERO_DI": 462.0, "LUGAR_REFE": null, "LATITUD": -33.446456, "LONGITUD": -70.641576, "centroide_x": 347419.53106979869, "centroide_y": 6298012.2143029217, "crs_original": "EPSG:4326", "fecha_normalizacion": "2025-10-10 01:59:23" }, "geometry": { "type": "Point", "coordinates": [ 347419.531069798686076, 6298012.214302921667695 ] } },
{ "type": "Feature", "properties": { "AÑO": 2020.0, "COD_INST": 143.0, "TIPO_INST": "Institutos Profesionales", "NOMBRE_INS": "IP AIEP", "NOMBRE_INM": "SEDE BARRIO UNIVERSITARIO EJERCITO 2", "COD_REGION": 13.0, "REGIÓN": "REGIÓN METROPOLITANA DE SANTIAGO", "COD_PROVIN": 131.0, "PROVINCIA": "SANTIAGO", "COD_COMUNA": 13101.0, "COMUNA": "SANTIAGO", "DIRECCION": "EJERCITO", "NUMERO_DI": 6.0, "LUGAR_REFE": null, "LATITUD": -33.446962, "LONGITUD": -70.661368, "centroide_x": 345580.60736258584, "centroide_y": 6297926.8695085682, "crs_original": "EPSG:4326", "fecha_normalizacion": "2025-10-10 01:59:23" }, "geometry": { "type": "Point", "coordinates": [ 345580.607362585840747, 6297926.869508568197489 ] } },
{ "type": "Feature", "properties": { "AÑO": 2020.0, "COD_INST": 85.0, "TIPO_INST": "Universidades (* Carrera en Convenio)", "NOMBRE_INS": "UNIVERSIDAD TECNOLÓGICA METROPOLITANA", "NOMBRE_INM": "SAN FRANCISCO", "COD_REGION": 13.0, "REGIÓN": "REGIÓN METROPOLITANA DE SANTIAGO", "COD_PROVIN": 131.0, "PROVINCIA": "SANTIAGO", "COD_COMUNA": 13101.0, "COMUNA": "SANTIAGO", "DIRECCION": "SAN FRANCISCO", "NUMERO_DI": 223.0, "LUGAR_REFE": null, "LATITUD": -33.44707, "LONGITUD": -70.646582, "centroide_x": 346955.26374868792, "centroide_y": 6297936.768588949, "crs_original": "EPSG:4326", "fecha_normalizacion": "2025-10-10 01:59:23" }, "geometry": { "type": "Point", "coordinates": [ 346955.263748687924817, 6297936.768588948994875 ] } },
{ "type": "Feature", "properties": { "AÑO": 2020.0, "COD_INST": 42.0, "TIPO_INST": "Universidades Privadas", "NOMBRE_INS": "UNIVERSIDAD CATÓLICA CARDENAL RAÚL SILVA HENRÍQUEZ", "NOMBRE_INM": "UNIVERSIDAD CATOLICA SILVA HENRIQUEZ", "COD_REGION": 13.0, "REGIÓN": "REGIÓN METROPOLITANA DE SANTIAGO", "COD_PROVIN": 131.0, "PROVINCIA": "SANTIAGO", "COD_COMUNA": 13101.0, "COMUNA": "SANTIAGO", "DIRECCION": "MARIN", "NUMERO_DI": 489.0, "LUGAR_REFE": null, "LATITUD": -33.447225, "LONGITUD": -70.641146, "centroide_x": 347460.84940816509, "centroide_y": 6297927.5742130317, "crs_original": "EPSG:4326", "fecha_normalizacion": "2025-10-10 01:59:23" }, "geometry": { "type": "Point", "coordinates": [ 347460.849408165086061, 6297927.574213031679392 ] } },
{ "type": "Feature", "properties": { "AÑO": 2020.0, "COD_INST": 111.0, "TIPO_INST": "Institutos Profesionales", "NOMBRE_INS": "IP DUOC UC", "NOMBRE_INM": "PADRE ALONSO DE OVALLE I-II-III-IV-V", "COD_REGION": 13.0, "REGIÓN": "REGIÓN METROPOLITANA DE SANTIAGO", "COD_PROVIN": 131.0, "PROVINCIA": "SANTIAGO", "COD_COMUNA": 13101.0, "COMUNA": "SANTIAGO", "DIRECCION": "ALONSO DE OVALLE", "NUMERO_DI": 1586.0, "LUGAR_REFE": null, "LATITUD": -33.447257, "LONGITUD": -70.657323, "centroide_x": 345957.14170875889, "centroide_y": 6297900.1617390038, "crs_original": "EPSG:4326", "fecha_normalizacion": "2025-10-10 01:59:23" }, "geometry": { "type": "Point", "coordinates": [ 345957.141708758892491, 6297900.161739003844559 ] } },
{ "type": "Feature", "properties": { "AÑO": 2020.0, "COD_INST": 214.0, "TIPO_INST": "Centros de Formación Técnica", "NOMBRE_INS": "CFT INSTITUTO CENTRAL DE CAPACITACIÓN EDUCACIÓNAL ICCE", "NOMBRE_INM": "CASA CENTRAL", "COD_REGION": 13.0, "REGIÓN": "REGIÓN METROPOLITANA DE SANTIAGO", "COD_PROVIN": 131.0, "PROVINCIA": "SANTIAGO", "COD_COMUNA": 13101.0, "COMUNA": "SANTIAGO", "DIRECCION": "EJERCITO", "NUMERO_DI": 27.0, "LUGAR_REFE": null, "LATITUD": -33.447353, "LONGITUD": -70.661642, "centroide_x": 345555.83025354671, "centroide_y": 6297883.1056694314, "crs_original": "EPSG:4326", "fecha_normalizacion": "2025-10-10 01:59:23" }, "geometry": { "type": "Point", "coordinates": [ 345555.830253546708263, 6297883.105669431388378 ] } },
{ "type": "Feature", "properties": { "AÑO": 2020.0, "COD_INST": 767.0, "TIPO_INST": "Institutos Profesionales", "NOMBRE_INS": "IP VERTICAL", "NOMBRE_INM": "EJERCITO", "COD_REGION": 13.0, "REGIÓN": "REGIÓN METROPOLITANA DE SANTIAGO", "COD_PROVIN": 131.0, "PROVINCIA": "SANTIAGO", "COD_COMUNA": 13101.0, "COMUNA": "SANTIAGO", "DIRECCION": "EJERCITO", "NUMERO_DI": 27.0, "LUGAR_REFE": null, "LATITUD": -33.447353, "LONGITUD": -70.661642, "centroide_x": 345555.83025354671, "centroide_y": 6297883.1056694314, "crs_original": "EPSG:4326", "fecha_normalizacion": "2025-10-10 01:59:23" }, "geometry": { "type": "Point", "coordinates": [ 345555.830253546708263, 6297883.105669431388378 ] } },
{ "type": "Feature", "properties": { "AÑO": 2020.0, "COD_INST": 143.0, "TIPO_INST": "Institutos Profesionales", "NOMBRE_INS": "IP AIEP", "NOMBRE_INM": "SEDE BARRIO UNIVERSITARIO EJERCITO 1", "COD_REGION": 13.0, "REGIÓN": "REGIÓN METROPOLITANA DE SANTIAGO", "COD_PROVIN": 131.0, "PROVINCIA": "SANTIAGO", "COD_COMUNA": 13101.0, "COMUNA": "SANTIAGO", "DIRECCION": "EJERCITO", "NUMERO_DI": 49.0, "LUGAR_REFE": null, "LATITUD": -33.447514, "LONGITUD": -70.661697, "centroide_x": 345551.00307614822, "centroide_y": 6297865.1711910032, "crs_original": "EPSG:4326", "fecha_normalizacion": "2025-10-10 01:59:23" }, "geometry": { "type": "Point", "coordinates": [ 345551.003076148219407, 6297865.17119100317359 ] } },
{ "type": "Feature", "properties": { "AÑO": 2020.0, "COD_INST": 85.0, "TIPO_INST": "Universidades (* Carrera en Convenio)", "NOMBRE_INS": "UNIVERSIDAD TECNOLÓGICA METROPOLITANA", "NOMBRE_INM": "DIECIOCHO", "COD_REGION": 13.0, "REGIÓN": "REGIÓN METROPOLITANA DE SANTIAGO", "COD_PROVIN": 131.0, "PROVINCIA": "SANTIAGO", "COD_COMUNA": 13101.0, "COMUNA": "SANTIAGO", "DIRECCION": "DIECIOCHO", "NUMERO_DI": 109.0, "LUGAR_REFE": null, "LATITUD": -33.447632, "LONGITUD": -70.658796, "centroide_x": 345820.87968531001, "centroide_y": 6297856.3947258648, "crs_original": "EPSG:4326", "fecha_normalizacion": "2025-10-10 01:59:23" }, "geometry": { "type": "Point", "coordinates": [ 345820.879685310006607, 6297856.394725864753127 ] } },
{ "type": "Feature", "properties": { "AÑO": 2020.0, "COD_INST": 42.0, "TIPO_INST": "Universidades Privadas", "NOMBRE_INS": "UNIVERSIDAD CATÓLICA CARDENAL RAÚL SILVA HENRÍQUEZ", "NOMBRE_INM": "UNIVERSIDAD CATOLICA SILVA HENRIQUEZ", "COD_REGION": 13.0, "REGIÓN": "REGIÓN METROPOLITANA DE SANTIAGO", "COD_PROVIN": 131.0, "PROVINCIA": "SANTIAGO", "COD_COMUNA": 13101.0, "COMUNA": "SANTIAGO", "DIRECCION": "CARMEN", "NUMERO_DI": 340.0, "LUGAR_REFE": null, "LATITUD": -33.447808, "LONGITUD": -70.641884, "centroide_x": 347393.26864468044, "centroide_y": 6297861.8440343961, "crs_original": "EPSG:4326", "fecha_normalizacion": "2025-10-10 01:59:23" }, "geometry": { "type": "Point", "coordinates": [ 347393.268644680443686, 6297861.844034396111965 ] } },
{ "type": "Feature", "properties": { "AÑO": 2020.0, "COD_INST": 42.0, "TIPO_INST": "Universidades Privadas", "NOMBRE_INS": "UNIVERSIDAD CATÓLICA CARDENAL RAÚL SILVA HENRÍQUEZ", "NOMBRE_INM": "UNIVERSIDAD CATOLICA SILVA HENRIQUEZ", "COD_REGION": 13.0, "REGIÓN": "REGIÓN METROPOLITANA DE SANTIAGO", "COD_PROVIN": 131.0, "PROVINCIA": "SANTIAGO", "COD_COMUNA": 13101.0, "COMUNA": "SANTIAGO", "DIRECCION": "CARMEN", "NUMERO_DI": 350.0, "LUGAR_REFE": null, "LATITUD": -33.448003, "LONGITUD": -70.64171, "centroide_x": 347409.784602903, "centroide_y": 6297840.4767726045, "crs_original": "EPSG:4326", "fecha_normalizacion": "2025-10-10 01:59:23" }, "geometry": { "type": "Point", "coordinates": [ 347409.78460290300427, 6297840.476772604510188 ] } },
{ "type": "Feature", "properties": { "AÑO": 2020.0, "COD_INST": 218.0, "TIPO_INST": "Centros de Formación Técnica", "NOMBRE_INS": "CFT DE ENAC", "NOMBRE_INM": "CFT ENAC 1", "COD_REGION": 13.0, "REGIÓN": "REGIÓN METROPOLITANA DE SANTIAGO", "COD_PROVIN": 131.0, "PROVINCIA": "SANTIAGO", "COD_COMUNA": 13101.0, "COMUNA": "SANTIAGO", "DIRECCION": "AVENIDA LIBERTADOR BERNARDO O'HIGGINS", "NUMERO_DI": 2182.0, "LUGAR_REFE": null, "LATITUD": -33.44804, "LONGITUD": -70.666172, "centroide_x": 345135.95610746765, "centroide_y": 6297800.1844371688, "crs_original": "EPSG:4326", "fecha_normalizacion": "2025-10-10 01:59:23" }, "geometry": { "type": "Point", "coordinates": [ 345135.956107467645779, 6297800.184437168762088 ] } },
{ "type": "Feature", "properties": { "AÑO": 2020.0, "COD_INST": 162.0, "TIPO_INST": "Institutos Profesionales", "NOMBRE_INS": "IP CIISA", "NOMBRE_INM": "INSTITUTO PROFESIONAL CIISA", "COD_REGION": 13.0, "REGIÓN": "REGIÓN METROPOLITANA DE SANTIAGO", "COD_PROVIN": 131.0, "PROVINCIA": "SANTIAGO", "COD_COMUNA": 13101.0, "COMUNA": "SANTIAGO", "DIRECCION": "AVENIDA LIBERTADOR BERNARDO O'HIGGINS", "NUMERO_DI": 2221.0, "LUGAR_REFE": null, "LATITUD": -33.448044, "LONGITUD": -70.666896, "centroide_x": 345068.66280101554, "centroide_y": 6297798.6616285341, "crs_original": "EPSG:4326", "fecha_normalizacion": "2025-10-10 01:59:23" }, "geometry": { "type": "Point", "coordinates": [ 345068.662801015540026, 6297798.661628534086049 ] } },
{ "type": "Feature", "properties": { "AÑO": 2020.0, "COD_INST": 10.0, "TIPO_INST": "Universidades Privadas", "NOMBRE_INS": "UNIVERSIDAD MAYOR", "NOMBRE_INM": "CAMPUS REPUBLICA", "COD_REGION": 13.0, "REGIÓN": "REGIÓN METROPOLITANA DE SANTIAGO", "COD_PROVIN": 131.0, "PROVINCIA": "SANTIAGO", "COD_COMUNA": 13101.0, "COMUNA": "SANTIAGO", "DIRECCION": "AVENIDA LIBERTADOR BERNARDO O'HIGGINS", "NUMERO_DI": 2240.0, "LUGAR_REFE": null, "LATITUD": -33.448188, "LONGITUD": -70.667267, "centroide_x": 345034.43215951748, "centroide_y": 6297782.140720224, "crs_original": "EPSG:4326", "fecha_normalizacion": "2025-10-10 01:59:23" }, "geometry": { "type": "Point", "coordinates": [ 345034.432159517484251, 6297782.140720224007964 ] } },
{ "type": "Feature", "properties": { "AÑO": 2020.0, "COD_INST": 48.0, "TIPO_INST": "Universidades Privadas", "NOMBRE_INS": "UNIVERSIDAD LOS LEONES", "NOMBRE_INM": "UNIVERSIDAD LOS LEONES", "COD_REGION": 13.0, "REGIÓN": "REGIÓN METROPOLITANA DE SANTIAGO", "COD_PROVIN": 131.0, "PROVINCIA": "SANTIAGO", "COD_COMUNA": 13101.0, "COMUNA": "SANTIAGO", "DIRECCION": "ZENTENO", "NUMERO_DI": 234.0, "LUGAR_REFE": null, "LATITUD": -33.448217, "LONGITUD": -70.652039, "centroide_x": 346450.01871568238, "centroide_y": 6297801.5315341484, "crs_original": "EPSG:4326", "fecha_normalizacion": "2025-10-10 01:59:23" }, "geometry": { "type": "Point", "coordinates": [ 346450.018715682381298, 6297801.53153414838016 ] } },
{ "type": "Feature", "properties": { "AÑO": 2020.0, "COD_INST": 155.0, "TIPO_INST": "Institutos Profesionales", "NOMBRE_INS": "IP LOS LEONES", "NOMBRE_INM": "ZENTENO", "COD_REGION": 13.0, "REGIÓN": "REGIÓN METROPOLITANA DE SANTIAGO", "COD_PROVIN": 131.0, "PROVINCIA": "SANTIAGO", "COD_COMUNA": 13101.0, "COMUNA": "SANTIAGO", "DIRECCION": "ZENTENO", "NUMERO_DI": 234.0, "LUGAR_REFE": null, "LATITUD": -33.448217, "LONGITUD": -70.652039, "centroide_x": 346450.01871568238, "centroide_y": 6297801.5315341484, "crs_original": "EPSG:4326", "fecha_normalizacion": "2025-10-10 01:59:23" }, "geometry": { "type": "Point", "coordinates": [ 346450.018715682381298, 6297801.53153414838016 ] } },
{ "type": "Feature", "properties": { "AÑO": 2020.0, "COD_INST": 155.0, "TIPO_INST": "Institutos Profesionales", "NOMBRE_INS": "IP LOS LEONES", "NOMBRE_INM": "ARTURO PRAT", "COD_REGION": 13.0, "REGIÓN": "REGIÓN METROPOLITANA DE SANTIAGO", "COD_PROVIN": 131.0, "PROVINCIA": "SANTIAGO", "COD_COMUNA": 13101.0, "COMUNA": "SANTIAGO", "DIRECCION": "ARTURO PRAT", "NUMERO_DI": 254.0, "LUGAR_REFE": "-274", "LATITUD": -33.448273, "LONGITUD": -70.649175, "centroide_x": 346716.34295002231, "centroide_y": 6297799.5504222205, "crs_original": "EPSG:4326", "fecha_normalizacion": "2025-10-10 01:59:23" }, "geometry": { "type": "Point", "coordinates": [ 346716.342950022313744, 6297799.550422220490873 ] } },
{ "type": "Feature", "properties": { "AÑO": 2020.0, "COD_INST": 85.0, "TIPO_INST": "Universidades (* Carrera en Convenio)", "NOMBRE_INS": "UNIVERSIDAD TECNOLÓGICA METROPOLITANA", "NOMBRE_INM": "VIDAURRE", "COD_REGION": 13.0, "REGIÓN": "REGIÓN METROPOLITANA DE SANTIAGO", "COD_PROVIN": 131.0, "PROVINCIA": "SANTIAGO", "COD_COMUNA": 13101.0, "COMUNA": "SANTIAGO", "DIRECCION": "PADRE FELIPE GOMEZ DE VIDAURRE", "NUMERO_DI": 1550.0, "LUGAR_REFE": null, "LATITUD": -33.448328, "LONGITUD": -70.657304, "centroide_x": 345960.8018090353, "centroide_y": 6297781.4305337872, "crs_original": "EPSG:4326", "fecha_normalizacion": "2025-10-10 01:59:23" }, "geometry": { "type": "Point", "coordinates": [ 345960.801809035299812, 6297781.430533787235618 ] } },
{ "type": "Feature", "properties": { "AÑO": 2020.0, "COD_INST": 162.0, "TIPO_INST": "Institutos Profesionales", "NOMBRE_INS": "IP CIISA", "NOMBRE_INM": "INSTITUTO PROFESIONAL CIISA", "COD_REGION": 13.0, "REGIÓN": "REGIÓN METROPOLITANA DE SANTIAGO", "COD_PROVIN": 131.0, "PROVINCIA": "SANTIAGO", "COD_COMUNA": 13101.0, "COMUNA": "SANTIAGO", "DIRECCION": "REPUBLICA", "NUMERO_DI": 20.0, "LUGAR_REFE": null, "LATITUD": -33.448475, "LONGITUD": -70.668007, "centroide_x": 344966.1553461568, "centroide_y": 6297749.2123964839, "crs_original": "EPSG:4326", "fecha_normalizacion": "2025-10-10 01:59:23" }, "geometry": { "type": "Point", "coordinates": [ 344966.15534615679644, 6297749.212396483868361 ] } },
{ "type": "Feature", "properties": { "AÑO": 2020.0, "COD_INST": 155.0, "TIPO_INST": "Institutos Profesionales", "NOMBRE_INS": "IP LOS LEONES", "NOMBRE_INM": "ARTURO PRAT", "COD_REGION": 13.0, "REGIÓN": "REGIÓN METROPOLITANA DE SANTIAGO", "COD_PROVIN": 131.0, "PROVINCIA": "SANTIAGO", "COD_COMUNA": 13101.0, "COMUNA": "SANTIAGO", "DIRECCION": "ARTURO PRAT", "NUMERO_DI": 269.0, "LUGAR_REFE": null, "LATITUD": -33.448529, "LONGITUD": -70.649606, "centroide_x": 346676.72959708318, "centroide_y": 6297770.5276600262, "crs_original": "EPSG:4326", "fecha_normalizacion": "2025-10-10 01:59:23" }, "geometry": { "type": "Point", "coordinates": [ 346676.729597083176486, 6297770.527660026215017 ] } },
{ "type": "Feature", "properties": { "AÑO": 2020.0, "COD_INST": 132.0, "TIPO_INST": "Institutos Profesionales", "NOMBRE_INS": "IP ESUCOMEX", "NOMBRE_INM": "CASA CENTRAL (SANTIAGO)", "COD_REGION": 13.0, "REGIÓN": "REGIÓN METROPOLITANA DE SANTIAGO", "COD_PROVIN": 131.0, "PROVINCIA": "SANTIAGO", "COD_COMUNA": 13101.0, "COMUNA": "SANTIAGO", "DIRECCION": "EJERCITO LIBERTADOR", "NUMERO_DI": 119.0, "LUGAR_REFE": null, "LATITUD": -33.448535, "LONGITUD": -70.661575, "centroide_x": 345564.15397870424, "centroide_y": 6297752.1373691494, "crs_original": "EPSG:4326", "fecha_normalizacion": "2025-10-10 01:59:23" }, "geometry": { "type": "Point", "coordinates": [ 345564.153978704242036, 6297752.137369149364531 ] } },
{ "type": "Feature", "properties": { "AÑO": 2020.0, "COD_INST": 132.0, "TIPO_INST": "Institutos Profesionales", "NOMBRE_INS": "IP ESUCOMEX", "NOMBRE_INM": "CASA CENTRAL (SANTIAGO)", "COD_REGION": 13.0, "REGIÓN": "REGIÓN METROPOLITANA DE SANTIAGO", "COD_PROVIN": 131.0, "PROVINCIA": "SANTIAGO", "COD_COMUNA": 13101.0, "COMUNA": "SANTIAGO", "DIRECCION": "EJERCITO LIBERTADOR", "NUMERO_DI": 133.0, "LUGAR_REFE": null, "LATITUD": -33.448588, "LONGITUD": -70.661326, "centroide_x": 345587.39391552098, "centroide_y": 6297746.6304348744, "crs_original": "EPSG:4326", "fecha_normalizacion": "2025-10-10 01:59:23" }, "geometry": { "type": "Point", "coordinates": [ 345587.393915520980954, 6297746.6304348744452 ] } },
{ "type": "Feature", "properties": { "AÑO": 2020.0, "COD_INST": 498.0, "TIPO_INST": "Centros de Formación Técnica", "NOMBRE_INS": "CFT PROANDES", "NOMBRE_INM": "SEDE SANTIAGO", "COD_REGION": 13.0, "REGIÓN": "REGIÓN METROPOLITANA DE SANTIAGO", "COD_PROVIN": 131.0, "PROVINCIA": "SANTIAGO", "COD_COMUNA": 13101.0, "COMUNA": "SANTIAGO", "DIRECCION": "EJERCITO LIBERTADOR", "NUMERO_DI": 133.0, "LUGAR_REFE": null, "LATITUD": -33.448588, "LONGITUD": -70.661326, "centroide_x": 345587.39391552098, "centroide_y": 6297746.6304348744, "crs_original": "EPSG:4326", "fecha_normalizacion": "2025-10-10 01:59:23" }, "geometry": { "type": "Point", "coordinates": [ 345587.393915520980954, 6297746.6304348744452 ] } },
{ "type": "Feature", "properties": { "AÑO": 2020.0, "COD_INST": 85.0, "TIPO_INST": "Universidades (* Carrera en Convenio)", "NOMBRE_INS": "UNIVERSIDAD TECNOLÓGICA METROPOLITANA", "NOMBRE_INM": "SAN IGNACIO", "COD_REGION": 13.0, "REGIÓN": "REGIÓN METROPOLITANA DE SANTIAGO", "COD_PROVIN": 131.0, "PROVINCIA": "SANTIAGO", "COD_COMUNA": 13101.0, "COMUNA": "SANTIAGO", "DIRECCION": "SAN IGNACIO", "NUMERO_DI": 171.0, "LUGAR_REFE": "-173", "LATITUD": -33.448641, "LONGITUD": -70.65705, "centroide_x": 345984.96603061486, "centroide_y": 6297747.099587962, "crs_original": "EPSG:4326", "fecha_normalizacion": "2025-10-10 01:59:23" }, "geometry": { "type": "Point", "coordinates": [ 345984.966030614858028, 6297747.099587962031364 ] } },
{ "type": "Feature", "properties": { "AÑO": 2020.0, "COD_INST": 155.0, "TIPO_INST": "Institutos Profesionales", "NOMBRE_INS": "IP LOS LEONES", "NOMBRE_INM": "ARTURO PRAT", "COD_REGION": 13.0, "REGIÓN": "REGIÓN METROPOLITANA DE SANTIAGO", "COD_PROVIN": 131.0, "PROVINCIA": "SANTIAGO", "COD_COMUNA": 13101.0, "COMUNA": "SANTIAGO", "DIRECCION": "ARTURO PRAT", "NUMERO_DI": 277.0, "LUGAR_REFE": null, "LATITUD": -33.448698, "LONGITUD": -70.649788, "centroide_x": 346660.10919065482, "centroide_y": 6297751.5193136772, "crs_original": "EPSG:4326", "fecha_normalizacion": "2025-10-10 01:59:23" }, "geometry": { "type": "Point", "coordinates": [ 346660.109190654824488, 6297751.519313677214086 ] } },
{ "type": "Feature", "properties": { "AÑO": 2020.0, "COD_INST": 155.0, "TIPO_INST": "Institutos Profesionales", "NOMBRE_INS": "IP LOS LEONES", "NOMBRE_INM": "SAN DIEGO", "COD_REGION": 13.0, "REGIÓN": "REGIÓN METROPOLITANA DE SANTIAGO", "COD_PROVIN": 131.0, "PROVINCIA": "SANTIAGO", "COD_COMUNA": 13101.0, "COMUNA": "SANTIAGO", "DIRECCION": "SAN DIEGO", "NUMERO_DI": 272.0, "LUGAR_REFE": "-280", "LATITUD": -33.44872, "LONGITUD": -70.650452, "centroide_x": 346598.42556558643, "centroide_y": 6297748.0997426771, "crs_original": "EPSG:4326", "fecha_normalizacion": "2025-10-10 01:59:23" }, "geometry": { "type": "Point", "coordinates": [ 346598.425565586425364, 6297748.09974267706275 ] } },
{ "type": "Feature", "properties": { "AÑO": 2020.0, "COD_INST": 155.0, "TIPO_INST": "Institutos Profesionales", "NOMBRE_INS": "IP LOS LEONES", "NOMBRE_INM": "ARTURO PRAT", "COD_REGION": 13.0, "REGIÓN": "REGIÓN METROPOLITANA DE SANTIAGO", "COD_PROVIN": 131.0, "PROVINCIA": "SANTIAGO", "COD_COMUNA": 13101.0, "COMUNA": "SANTIAGO", "DIRECCION": "ARTURO PRAT", "NUMERO_DI": 285.0, "LUGAR_REFE": null, "LATITUD": -33.448779, "LONGITUD": -70.649677, "centroide_x": 346670.56981767027, "centroide_y": 6297742.701323783, "crs_original": "EPSG:4326", "fecha_normalizacion": "2025-10-10 01:59:23" }, "geometry": { "type": "Point", "coordinates": [ 346670.569817670271732, 6297742.701323783025146 ] } },
{ "type": "Feature", "properties": { "AÑO": 2020.0, "COD_INST": 13.0, "TIPO_INST": "Universidades Privadas", "NOMBRE_INS": "UNIVERSIDAD SANTO TOMÁS", "NOMBRE_INM": null, "COD_REGION": 13.0, "REGIÓN": "REGIÓN METROPOLITANA DE SANTIAGO", "COD_PROVIN": 131.0, "PROVINCIA": "SANTIAGO", "COD_COMUNA": 13101.0, "COMUNA": "SANTIAGO", "DIRECCION": "AVENIDA MANUEL RODRIGUEZ SUR", "NUMERO_DI": 159.0, "LUGAR_REFE": "173 EJERCITO 146 A", "LATITUD": -33.448815, "LONGITUD": -70.660592, "centroide_x": 345656.02561960556, "centroide_y": 6297722.5497086523, "crs_original": "EPSG:4326", "fecha_normalizacion": "2025-10-10 01:59:23" }, "geometry": { "type": "Point", "coordinates": [ 345656.02561960555613, 6297722.549708652310073 ] } },
{ "type": "Feature", "properties": { "AÑO": 2020.0, "COD_INST": 116.0, "TIPO_INST": "Institutos Profesionales", "NOMBRE_INS": "IP SANTO TOMÁS", "NOMBRE_INM": null, "COD_REGION": 13.0, "REGIÓN": "REGIÓN METROPOLITANA DE SANTIAGO", "COD_PROVIN": 131.0, "PROVINCIA": "SANTIAGO", "COD_COMUNA": 13101.0, "COMUNA": "SANTIAGO", "DIRECCION": "AVENIDA MANUEL RODRIGUEZ SUR", "NUMERO_DI": 159.0, "LUGAR_REFE": "173 EJERCITO 146 A", "LATITUD": -33.448815, "LONGITUD": -70.660592, "centroide_x": 345656.02561960556, "centroide_y": 6297722.5497086523, "crs_original": "EPSG:4326", "fecha_normalizacion": "2025-10-10 01:59:23" }, "geometry": { "type": "Point", "coordinates": [ 345656.02561960555613, 6297722.549708652310073 ] } },
{ "type": "Feature", "properties": { "AÑO": 2020.0, "COD_INST": 260.0, "TIPO_INST": "Centros de Formación Técnica", "NOMBRE_INS": "CFT SANTO TOMÁS", "NOMBRE_INM": null, "COD_REGION": 13.0, "REGIÓN": "REGIÓN METROPOLITANA DE SANTIAGO", "COD_PROVIN": 131.0, "PROVINCIA": "SANTIAGO", "COD_COMUNA": 13101.0, "COMUNA": "SANTIAGO", "DIRECCION": "AVENIDA MANUEL RODRIGUEZ SUR", "NUMERO_DI": 159.0, "LUGAR_REFE": "173 EJERCITO 146 A", "LATITUD": -33.448815, "LONGITUD": -70.660592, "centroide_x": 345656.02561960556, "centroide_y": 6297722.5497086523, "crs_original": "EPSG:4326", "fecha_normalizacion": "2025-10-10 01:59:23" }, "geometry": { "type": "Point", "coordinates": [ 345656.02561960555613, 6297722.549708652310073 ] } },
{ "type": "Feature", "properties": { "AÑO": 2020.0, "COD_INST": 3.0, "TIPO_INST": "Universidades Privadas CRUCH", "NOMBRE_INS": "UNIVERSIDAD DIEGO PORTALES", "NOMBRE_INM": "FACULTAD DE MEDICINA 1", "COD_REGION": 13.0, "REGIÓN": "REGIÓN METROPOLITANA DE SANTIAGO", "COD_PROVIN": 131.0, "PROVINCIA": "SANTIAGO", "COD_COMUNA": 13101.0, "COMUNA": "SANTIAGO", "DIRECCION": "EJERCITO", "NUMERO_DI": 141.0, "LUGAR_REFE": null, "LATITUD": -33.44887, "LONGITUD": -70.661497, "centroide_x": 345571.99844401074, "centroide_y": 6297715.1063034162, "crs_original": "EPSG:4326", "fecha_normalizacion": "2025-10-10 01:59:23" }, "geometry": { "type": "Point", "coordinates": [ 345571.998444010736421, 6297715.106303416192532 ] } },
{ "type": "Feature", "properties": { "AÑO": 2020.0, "COD_INST": 155.0, "TIPO_INST": "Institutos Profesionales", "NOMBRE_INS": "IP LOS LEONES", "NOMBRE_INM": "SAN DIEGO", "COD_REGION": 13.0, "REGIÓN": "REGIÓN METROPOLITANA DE SANTIAGO", "COD_PROVIN": 131.0, "PROVINCIA": "SANTIAGO", "COD_COMUNA": 13101.0, "COMUNA": "SANTIAGO", "DIRECCION": "SAN DIEGO", "NUMERO_DI": 284.0, "LUGAR_REFE": null, "LATITUD": -33.448871, "LONGITUD": -70.650366, "centroide_x": 346606.68563728302, "centroide_y": 6297731.4828711282, "crs_original": "EPSG:4326", "fecha_normalizacion": "2025-10-10 01:59:23" }, "geometry": { "type": "Point", "coordinates": [ 346606.685637283022515, 6297731.482871128246188 ] } },
{ "type": "Feature", "properties": { "AÑO": 2020.0, "COD_INST": 111.0, "TIPO_INST": "Institutos Profesionales", "NOMBRE_INS": "IP DUOC UC", "NOMBRE_INM": "ALAMEDA", "COD_REGION": 13.0, "REGIÓN": "REGIÓN METROPOLITANA DE SANTIAGO", "COD_PROVIN": 131.0, "PROVINCIA": "SANTIAGO", "COD_COMUNA": 13101.0, "COMUNA": "SANTIAGO", "DIRECCION": "AVENIDA ESPAÑA", "NUMERO_DI": 8.0, "LUGAR_REFE": null, "LATITUD": -33.448879, "LONGITUD": -70.669951, "centroide_x": 344786.16884509823, "centroide_y": 6297701.5119753443, "crs_original": "EPSG:4326", "fecha_normalizacion": "2025-10-10 01:59:23" }, "geometry": { "type": "Point", "coordinates": [ 344786.16884509823285, 6297701.511975344270468 ] } },
{ "type": "Feature", "properties": { "AÑO": 2020.0, "COD_INST": 155.0, "TIPO_INST": "Institutos Profesionales", "NOMBRE_INS": "IP LOS LEONES", "NOMBRE_INM": "SAN DIEGO", "COD_REGION": 13.0, "REGIÓN": "REGIÓN METROPOLITANA DE SANTIAGO", "COD_PROVIN": 131.0, "PROVINCIA": "SANTIAGO", "COD_COMUNA": 13101.0, "COMUNA": "SANTIAGO", "DIRECCION": "SAN DIEGO", "NUMERO_DI": 294.0, "LUGAR_REFE": null, "LATITUD": -33.449019, "LONGITUD": -70.650402, "centroide_x": 346603.59988499206, "centroide_y": 6297715.0185534991, "crs_original": "EPSG:4326", "fecha_normalizacion": "2025-10-10 01:59:23" }, "geometry": { "type": "Point", "coordinates": [ 346603.599884992057923, 6297715.018553499132395 ] } },
{ "type": "Feature", "properties": { "AÑO": 2020.0, "COD_INST": 7.0, "TIPO_INST": "Universidades Privadas", "NOMBRE_INS": "UNIVERSIDAD BOLIVARIANA", "NOMBRE_INM": "SEDE SANTIAGO", "COD_REGION": 13.0, "REGIÓN": "REGIÓN METROPOLITANA DE SANTIAGO", "COD_PROVIN": 131.0, "PROVINCIA": "SANTIAGO", "COD_COMUNA": 13101.0, "COMUNA": "SANTIAGO", "DIRECCION": "DIECIOCHO", "NUMERO_DI": 193.0, "LUGAR_REFE": null, "LATITUD": -33.449029, "LONGITUD": -70.657864, "centroide_x": 345909.98657098785, "centroide_y": 6297702.8688197164, "crs_original": "EPSG:4326", "fecha_normalizacion": "2025-10-10 01:59:23" }, "geometry": { "type": "Point", "coordinates": [ 345909.986570987850428, 6297702.868819716386497 ] } },
{ "type": "Feature", "properties": { "AÑO": 2020.0, "COD_INST": 176.0, "TIPO_INST": "Institutos Profesionales", "NOMBRE_INS": "IP VALLE CENTRAL", "NOMBRE_INM": "SEDE SANTIAGO", "COD_REGION": 13.0, "REGIÓN": "REGIÓN METROPOLITANA DE SANTIAGO", "COD_PROVIN": 131.0, "PROVINCIA": "SANTIAGO", "COD_COMUNA": 13101.0, "COMUNA": "SANTIAGO", "DIRECCION": "DIECIOCHO", "NUMERO_DI": 193.0, "LUGAR_REFE": null, "LATITUD": -33.449029, "LONGITUD": -70.657864, "centroide_x": 345909.98657098785, "centroide_y": 6297702.8688197164, "crs_original": "EPSG:4326", "fecha_normalizacion": "2025-10-10 01:59:23" }, "geometry": { "type": "Point", "coordinates": [ 345909.986570987850428, 6297702.868819716386497 ] } },
{ "type": "Feature", "properties": { "AÑO": 2020.0, "COD_INST": 9.0, "TIPO_INST": "Universidades Privadas", "NOMBRE_INS": "UNIVERSIDAD PEDRO DE VALDIVIA", "NOMBRE_INM": "CAMPUS EJERCITO", "COD_REGION": 13.0, "REGIÓN": "REGIÓN METROPOLITANA DE SANTIAGO", "COD_PROVIN": 131.0, "PROVINCIA": "SANTIAGO", "COD_COMUNA": 13101.0, "COMUNA": "SANTIAGO", "DIRECCION": "AVENIDA EJERCITO LIBERTADOR", "NUMERO_DI": 171.0, "LUGAR_REFE": null, "LATITUD": -33.449034, "LONGITUD": -70.661502, "centroide_x": 345571.82442269463, "centroide_y": 6297696.9134787787, "crs_original": "EPSG:4326", "fecha_normalizacion": "2025-10-10 01:59:23" }, "geometry": { "type": "Point", "coordinates": [ 345571.824422694626264, 6297696.913478778675199 ] } },
{ "type": "Feature", "properties": { "AÑO": 2020.0, "COD_INST": 155.0, "TIPO_INST": "Institutos Profesionales", "NOMBRE_INS": "IP LOS LEONES", "NOMBRE_INM": "E RAMIREZ", "COD_REGION": 13.0, "REGIÓN": "REGIÓN METROPOLITANA DE SANTIAGO", "COD_PROVIN": 131.0, "PROVINCIA": "SANTIAGO", "COD_COMUNA": 13101.0, "COMUNA": "SANTIAGO", "DIRECCION": "ELEUTERIO RAMIREZ", "NUMERO_DI": 1051.0, "LUGAR_REFE": null, "LATITUD": -33.44907, "LONGITUD": -70.650197, "centroide_x": 346622.74546966003, "centroide_y": 6297709.6659693047, "crs_original": "EPSG:4326", "fecha_normalizacion": "2025-10-10 01:59:23" }, "geometry": { "type": "Point", "coordinates": [ 346622.745469660032541, 6297709.665969304740429 ] } },
{ "type": "Feature", "properties": { "AÑO": 2020.0, "COD_INST": 19.0, "TIPO_INST": "Universidades Privadas", "NOMBRE_INS": "UNIVERSIDAD DE LAS AMÉRICAS", "NOMBRE_INM": "CAMPUS SANTIAGO CENTRO", "COD_REGION": 13.0, "REGIÓN": "REGIÓN METROPOLITANA DE SANTIAGO", "COD_PROVIN": 131.0, "PROVINCIA": "SANTIAGO", "COD_COMUNA": 13101.0, "COMUNA": "SANTIAGO", "DIRECCION": "REPUBLICA", "NUMERO_DI": 51.0, "LUGAR_REFE": null, "LATITUD": -33.449123, "LONGITUD": -70.66839, "centroide_x": 344931.70681957313, "centroide_y": 6297676.7863067221, "crs_original": "EPSG:4326", "fecha_normalizacion": "2025-10-10 01:59:23" }, "geometry": { "type": "Point", "coordinates": [ 344931.706819573126268, 6297676.786306722089648 ] } },
{ "type": "Feature", "properties": { "AÑO": 2020.0, "COD_INST": 9.0, "TIPO_INST": "Universidades Privadas", "NOMBRE_INS": "UNIVERSIDAD PEDRO DE VALDIVIA", "NOMBRE_INM": "CAMPUS EJERCITO", "COD_REGION": 13.0, "REGIÓN": "REGIÓN METROPOLITANA DE SANTIAGO", "COD_PROVIN": 131.0, "PROVINCIA": "SANTIAGO", "COD_COMUNA": 13101.0, "COMUNA": "SANTIAGO", "DIRECCION": "AVENIDA EJERCITO LIBERTADOR", "NUMERO_DI": 177.0, "LUGAR_REFE": null, "LATITUD": -33.449223, "LONGITUD": -70.661436, "centroide_x": 345578.29453410639, "centroide_y": 6297676.0540091619, "crs_original": "EPSG:4326", "fecha_normalizacion": "2025-10-10 01:59:23" }, "geometry": { "type": "Point", "coordinates": [ 345578.294534106389619, 6297676.054009161889553 ] } },
{ "type": "Feature", "properties": { "AÑO": 2020.0, "COD_INST": 155.0, "TIPO_INST": "Institutos Profesionales", "NOMBRE_INS": "IP LOS LEONES", "NOMBRE_INM": "REPUBLICA", "COD_REGION": 13.0, "REGIÓN": "REGIÓN METROPOLITANA DE SANTIAGO", "COD_PROVIN": 131.0, "PROVINCIA": "SANTIAGO", "COD_COMUNA": 13101.0, "COMUNA": "SANTIAGO", "DIRECCION": "REPUBLICA", "NUMERO_DI": 68.0, "LUGAR_REFE": null, "LATITUD": -33.449246, "LONGITUD": -70.667811, "centroide_x": 344985.74680917751, "centroide_y": 6297664.0111812791, "crs_original": "EPSG:4326", "fecha_normalizacion": "2025-10-10 01:59:23" }, "geometry": { "type": "Point", "coordinates": [ 344985.746809177508112, 6297664.011181279085577 ] } },
{ "type": "Feature", "properties": { "AÑO": 2020.0, "COD_INST": 7.0, "TIPO_INST": "Universidades Privadas", "NOMBRE_INS": "UNIVERSIDAD BOLIVARIANA", "NOMBRE_INM": "SEDE SANTIAGO", "COD_REGION": 13.0, "REGIÓN": "REGIÓN METROPOLITANA DE SANTIAGO", "COD_PROVIN": 131.0, "PROVINCIA": "SANTIAGO", "COD_COMUNA": 13101.0, "COMUNA": "SANTIAGO", "DIRECCION": "PADRE OLIVARES", "NUMERO_DI": 1625.0, "LUGAR_REFE": null, "LATITUD": -33.449306, "LONGITUD": -70.658374, "centroide_x": 345863.06960536691, "centroide_y": 6297671.396842042, "crs_original": "EPSG:4326", "fecha_normalizacion": "2025-10-10 01:59:23" }, "geometry": { "type": "Point", "coordinates": [ 345863.069605366908945, 6297671.3968420419842 ] } },
{ "type": "Feature", "properties": { "AÑO": 2020.0, "COD_INST": 13.0, "TIPO_INST": "Universidades Privadas", "NOMBRE_INS": "UNIVERSIDAD SANTO TOMÁS", "NOMBRE_INM": null, "COD_REGION": 13.0, "REGIÓN": "REGIÓN METROPOLITANA DE SANTIAGO", "COD_PROVIN": 131.0, "PROVINCIA": "SANTIAGO", "COD_COMUNA": 13101.0, "COMUNA": "SANTIAGO", "DIRECCION": "VERGARA", "NUMERO_DI": 165.0, "LUGAR_REFE": "167", "LATITUD": -33.449353, "LONGITUD": -70.662219, "centroide_x": 345505.74132323725, "centroide_y": 6297660.4748211633, "crs_original": "EPSG:4326", "fecha_normalizacion": "2025-10-10 01:59:23" }, "geometry": { "type": "Point", "coordinates": [ 345505.741323237249162, 6297660.474821163341403 ] } },
{ "type": "Feature", "properties": { "AÑO": 2020.0, "COD_INST": 116.0, "TIPO_INST": "Institutos Profesionales", "NOMBRE_INS": "IP SANTO TOMÁS", "NOMBRE_INM": null, "COD_REGION": 13.0, "REGIÓN": "REGIÓN METROPOLITANA DE SANTIAGO", "COD_PROVIN": 131.0, "PROVINCIA": "SANTIAGO", "COD_COMUNA": 13101.0, "COMUNA": "SANTIAGO", "DIRECCION": "VERGARA", "NUMERO_DI": 165.0, "LUGAR_REFE": "167", "LATITUD": -33.449353, "LONGITUD": -70.662219, "centroide_x": 345505.74132323725, "centroide_y": 6297660.4748211633, "crs_original": "EPSG:4326", "fecha_normalizacion": "2025-10-10 01:59:23" }, "geometry": { "type": "Point", "coordinates": [ 345505.741323237249162, 6297660.474821163341403 ] } },
{ "type": "Feature", "properties": { "AÑO": 2020.0, "COD_INST": 260.0, "TIPO_INST": "Centros de Formación Técnica", "NOMBRE_INS": "CFT SANTO TOMÁS", "NOMBRE_INM": null, "COD_REGION": 13.0, "REGIÓN": "REGIÓN METROPOLITANA DE SANTIAGO", "COD_PROVIN": 131.0, "PROVINCIA": "SANTIAGO", "COD_COMUNA": 13101.0, "COMUNA": "SANTIAGO", "DIRECCION": "VERGARA", "NUMERO_DI": 165.0, "LUGAR_REFE": "167", "LATITUD": -33.449353, "LONGITUD": -70.662219, "centroide_x": 345505.74132323725, "centroide_y": 6297660.4748211633, "crs_original": "EPSG:4326", "fecha_normalizacion": "2025-10-10 01:59:23" }, "geometry": { "type": "Point", "coordinates": [ 345505.741323237249162, 6297660.474821163341403 ] } },
{ "type": "Feature", "properties": { "AÑO": 2020.0, "COD_INST": 116.0, "TIPO_INST": "Institutos Profesionales", "NOMBRE_INS": "IP SANTO TOMÁS", "NOMBRE_INM": null, "COD_REGION": 13.0, "REGIÓN": "REGIÓN METROPOLITANA DE SANTIAGO", "COD_PROVIN": 131.0, "PROVINCIA": "SANTIAGO", "COD_COMUNA": 13101.0, "COMUNA": "SANTIAGO", "DIRECCION": "JOSE MIGUEL CARRERA", "NUMERO_DI": 158.0, "LUGAR_REFE": null, "LATITUD": -33.449367, "LONGITUD": -70.663052, "centroide_x": 345428.3347293, "centroide_y": 6297657.6835444625, "crs_original": "EPSG:4326", "fecha_normalizacion": "2025-10-10 01:59:23" }, "geometry": { "type": "Point", "coordinates": [ 345428.33472929999698, 6297657.683544462546706 ] } },
{ "type": "Feature", "properties": { "AÑO": 2020.0, "COD_INST": 260.0, "TIPO_INST": "Centros de Formación Técnica", "NOMBRE_INS": "CFT SANTO TOMÁS", "NOMBRE_INM": null, "COD_REGION": 13.0, "REGIÓN": "REGIÓN METROPOLITANA DE SANTIAGO", "COD_PROVIN": 131.0, "PROVINCIA": "SANTIAGO", "COD_COMUNA": 13101.0, "COMUNA": "SANTIAGO", "DIRECCION": "JOSE MIGUEL CARRERA", "NUMERO_DI": 158.0, "LUGAR_REFE": null, "LATITUD": -33.449367, "LONGITUD": -70.663052, "centroide_x": 345428.3347293, "centroide_y": 6297657.6835444625, "crs_original": "EPSG:4326", "fecha_normalizacion": "2025-10-10 01:59:23" }, "geometry": { "type": "Point", "coordinates": [ 345428.33472929999698, 6297657.683544462546706 ] } },
{ "type": "Feature", "properties": { "AÑO": 2020.0, "COD_INST": 155.0, "TIPO_INST": "Institutos Profesionales", "NOMBRE_INS": "IP LOS LEONES", "NOMBRE_INM": "REPUBLICA", "COD_REGION": 13.0, "REGIÓN": "REGIÓN METROPOLITANA DE SANTIAGO", "COD_PROVIN": 131.0, "PROVINCIA": "SANTIAGO", "COD_COMUNA": 13101.0, "COMUNA": "SANTIAGO", "DIRECCION": "REPUBLICA", "NUMERO_DI": 78.0, "LUGAR_REFE": null, "LATITUD": -33.449581, "LONGITUD": -70.667895, "centroide_x": 344978.53479549132, "centroide_y": 6297626.7388183735, "crs_original": "EPSG:4326", "fecha_normalizacion": "2025-10-10 01:59:23" }, "geometry": { "type": "Point", "coordinates": [ 344978.53479549131589, 6297626.738818373531103 ] } },
{ "type": "Feature", "properties": { "AÑO": 2020.0, "COD_INST": 3.0, "TIPO_INST": "Universidades Privadas CRUCH", "NOMBRE_INS": "UNIVERSIDAD DIEGO PORTALES", "NOMBRE_INM": "FACULTAD DE ARQUITECTURA2", "COD_REGION": 13.0, "REGIÓN": "REGIÓN METROPOLITANA DE SANTIAGO", "COD_PROVIN": 131.0, "PROVINCIA": "SANTIAGO", "COD_COMUNA": 13101.0, "COMUNA": "SANTIAGO", "DIRECCION": "SALVADOR SAN FUENTES", "NUMERO_DI": 2221.0, "LUGAR_REFE": null, "LATITUD": -33.449599, "LONGITUD": -70.666815, "centroide_x": 345078.95794255717, "centroide_y": 6297626.3536380082, "crs_original": "EPSG:4326", "fecha_normalizacion": "2025-10-10 01:59:23" }, "geometry": { "type": "Point", "coordinates": [ 345078.957942557171918, 6297626.353638008236885 ] } },
{ "type": "Feature", "properties": { "AÑO": 2020.0, "COD_INST": 19.0, "TIPO_INST": "Universidades Privadas", "NOMBRE_INS": "UNIVERSIDAD DE LAS AMÉRICAS", "NOMBRE_INM": "CAMPUS SANTIAGO CENTRO", "COD_REGION": 13.0, "REGIÓN": "REGIÓN METROPOLITANA DE SANTIAGO", "COD_PROVIN": 131.0, "PROVINCIA": "SANTIAGO", "COD_COMUNA": 13101.0, "COMUNA": "SANTIAGO", "DIRECCION": "REPUBLICA", "NUMERO_DI": 71.0, "LUGAR_REFE": null, "LATITUD": -33.449652, "LONGITUD": -70.668281, "centroide_x": 344942.7806481499, "centroide_y": 6297618.289904153, "crs_original": "EPSG:4326", "fecha_normalizacion": "2025-10-10 01:59:23" }, "geometry": { "type": "Point", "coordinates": [ 344942.780648149899207, 6297618.289904152974486 ] } },
{ "type": "Feature", "properties": { "AÑO": 2020.0, "COD_INST": 20.0, "TIPO_INST": "Universidades Privadas", "NOMBRE_INS": "UNIVERSIDAD ANDRÉS BELLO", "NOMBRE_INM": "CAMPUS REPUBLICA", "COD_REGION": 13.0, "REGIÓN": "REGIÓN METROPOLITANA DE SANTIAGO", "COD_PROVIN": 131.0, "PROVINCIA": "SANTIAGO", "COD_COMUNA": 13101.0, "COMUNA": "SANTIAGO", "DIRECCION": "ABDON CIFIUENTES", "NUMERO_DI": 115.0, "LUGAR_REFE": null, "LATITUD": -33.449823, "LONGITUD": -70.665834, "centroide_x": 345170.54469067929, "centroide_y": 6297602.977247525, "crs_original": "EPSG:4326", "fecha_normalizacion": "2025-10-10 01:59:23" }, "geometry": { "type": "Point", "coordinates": [ 345170.544690679293126, 6297602.977247525006533 ] } },
{ "type": "Feature", "properties": { "AÑO": 2020.0, "COD_INST": 171.0, "TIPO_INST": "Institutos Profesionales", "NOMBRE_INS": "IP DEL COMERCIO", "NOMBRE_INM": "CAMPUS SAZIE", "COD_REGION": 13.0, "REGIÓN": "REGIÓN METROPOLITANA DE SANTIAGO", "COD_PROVIN": 131.0, "PROVINCIA": "SANTIAGO", "COD_COMUNA": 13101.0, "COMUNA": "SANTIAGO", "DIRECCION": "SAZIE", "NUMERO_DI": 1902.0, "LUGAR_REFE": null, "LATITUD": -33.44986, "LONGITUD": -70.662219, "centroide_x": 345506.64058771107, "centroide_y": 6297604.255328605, "crs_original": "EPSG:4326", "fecha_normalizacion": "2025-10-10 01:59:23" }, "geometry": { "type": "Point", "coordinates": [ 345506.640587711066473, 6297604.255328604951501 ] } },
{ "type": "Feature", "properties": { "AÑO": 2020.0, "COD_INST": 426.0, "TIPO_INST": "Centros de Formación Técnica", "NOMBRE_INS": "CFT CÁMARA DE COMERCIO DE SANTIAGO", "NOMBRE_INM": "CAMPUS SAZIE", "COD_REGION": 13.0, "REGIÓN": "REGIÓN METROPOLITANA DE SANTIAGO", "COD_PROVIN": 131.0, "PROVINCIA": "SANTIAGO", "COD_COMUNA": 13101.0, "COMUNA": "SANTIAGO", "DIRECCION": "SAZIE", "NUMERO_DI": 1902.0, "LUGAR_REFE": null, "LATITUD": -33.44986, "LONGITUD": -70.662219, "centroide_x": 345506.64058771107, "centroide_y": 6297604.255328605, "crs_original": "EPSG:4326", "fecha_normalizacion": "2025-10-10 01:59:23" }, "geometry": { "type": "Point", "coordinates": [ 345506.640587711066473, 6297604.255328604951501 ] } },
{ "type": "Feature", "properties": { "AÑO": 2020.0, "COD_INST": 3.0, "TIPO_INST": "Universidades Privadas CRUCH", "NOMBRE_INS": "UNIVERSIDAD DIEGO PORTALES", "NOMBRE_INM": "CLINICA ODONTOLOGICA", "COD_REGION": 13.0, "REGIÓN": "REGIÓN METROPOLITANA DE SANTIAGO", "COD_PROVIN": 131.0, "PROVINCIA": "SANTIAGO", "COD_COMUNA": 13101.0, "COMUNA": "SANTIAGO", "DIRECCION": "EJERCITO", "NUMERO_DI": 219.0, "LUGAR_REFE": null, "LATITUD": -33.449879, "LONGITUD": -70.66123, "centroide_x": 345598.6061193925, "centroide_y": 6297603.6185612343, "crs_original": "EPSG:4326", "fecha_normalizacion": "2025-10-10 01:59:23" }, "geometry": { "type": "Point", "coordinates": [ 345598.606119392497931, 6297603.618561234325171 ] } },
{ "type": "Feature", "properties": { "AÑO": 2020.0, "COD_INST": 3.0, "TIPO_INST": "Universidades Privadas CRUCH", "NOMBRE_INS": "UNIVERSIDAD DIEGO PORTALES", "NOMBRE_INM": "FACULTAD DE EDUCACION 1", "COD_REGION": 13.0, "REGIÓN": "REGIÓN METROPOLITANA DE SANTIAGO", "COD_PROVIN": 131.0, "PROVINCIA": "SANTIAGO", "COD_COMUNA": 13101.0, "COMUNA": "SANTIAGO", "DIRECCION": "VERGARA", "NUMERO_DI": 210.0, "LUGAR_REFE": null, "LATITUD": -33.449904, "LONGITUD": -70.661937, "centroide_x": 345532.93174600974, "centroide_y": 6297599.7955813808, "crs_original": "EPSG:4326", "fecha_normalizacion": "2025-10-10 01:59:23" }, "geometry": { "type": "Point", "coordinates": [ 345532.931746009737253, 6297599.795581380836666 ] } },
{ "type": "Feature", "properties": { "AÑO": 2020.0, "COD_INST": 3.0, "TIPO_INST": "Universidades Privadas CRUCH", "NOMBRE_INS": "UNIVERSIDAD DIEGO PORTALES", "NOMBRE_INM": "FACULTAD DE MEDICINA 2", "COD_REGION": 13.0, "REGIÓN": "REGIÓN METROPOLITANA DE SANTIAGO", "COD_PROVIN": 131.0, "PROVINCIA": "SANTIAGO", "COD_COMUNA": 13101.0, "COMUNA": "SANTIAGO", "DIRECCION": "EJERCITO", "NUMERO_DI": 233.0, "LUGAR_REFE": null, "LATITUD": -33.449914, "LONGITUD": -70.66099, "centroide_x": 345620.97718950489, "centroide_y": 6297600.0941427173, "crs_original": "EPSG:4326", "fecha_normalizacion": "2025-10-10 01:59:23" }, "geometry": { "type": "Point", "coordinates": [ 345620.977189504890703, 6297600.094142717309296 ] } },
{ "type": "Feature", "properties": { "AÑO": 2020.0, "COD_INST": 3.0, "TIPO_INST": "Universidades Privadas CRUCH", "NOMBRE_INS": "UNIVERSIDAD DIEGO PORTALES", "NOMBRE_INM": "FACULTAD DE COMUNICACION Y LETRAS", "COD_REGION": 13.0, "REGIÓN": "REGIÓN METROPOLITANA DE SANTIAGO", "COD_PROVIN": 131.0, "PROVINCIA": "SANTIAGO", "COD_COMUNA": 13101.0, "COMUNA": "SANTIAGO", "DIRECCION": "VERGARA", "NUMERO_DI": 240.0, "LUGAR_REFE": null, "LATITUD": -33.450069, "LONGITUD": -70.661918, "centroide_x": 345534.99048776797, "centroide_y": 6297581.5275424961, "crs_original": "EPSG:4326", "fecha_normalizacion": "2025-10-10 01:59:23" }, "geometry": { "type": "Point", "coordinates": [ 345534.990487767965533, 6297581.527542496100068 ] } },
{ "type": "Feature", "properties": { "AÑO": 2020.0, "COD_INST": 20.0, "TIPO_INST": "Universidades Privadas", "NOMBRE_INS": "UNIVERSIDAD ANDRÉS BELLO", "NOMBRE_INM": "CAMPUS REPUBLICA", "COD_REGION": 13.0, "REGIÓN": "REGIÓN METROPOLITANA DE SANTIAGO", "COD_PROVIN": 131.0, "PROVINCIA": "SANTIAGO", "COD_COMUNA": 13101.0, "COMUNA": "SANTIAGO", "DIRECCION": "SALVADOR SANFUENTES", "NUMERO_DI": 2357.0, "LUGAR_REFE": null, "LATITUD": -33.450122, "LONGITUD": -70.668986, "centroide_x": 344878.08462538919, "centroide_y": 6297565.1208525393, "crs_original": "EPSG:4326", "fecha_normalizacion": "2025-10-10 01:59:23" }, "geometry": { "type": "Point", "coordinates": [ 344878.084625389194116, 6297565.12085253931582 ] } },
{ "type": "Feature", "properties": { "AÑO": 2020.0, "COD_INST": 20.0, "TIPO_INST": "Universidades Privadas", "NOMBRE_INS": "UNIVERSIDAD ANDRÉS BELLO", "NOMBRE_INM": "CAMPUS REPUBLICA", "COD_REGION": 13.0, "REGIÓN": "REGIÓN METROPOLITANA DE SANTIAGO", "COD_PROVIN": 131.0, "PROVINCIA": "SANTIAGO", "COD_COMUNA": 13101.0, "COMUNA": "SANTIAGO", "DIRECCION": "SALVADOR SANFUENTES", "NUMERO_DI": 2355.0, "LUGAR_REFE": null, "LATITUD": -33.450129, "LONGITUD": -70.668898, "centroide_x": 344886.2770613131, "centroide_y": 6297564.4760202486, "crs_original": "EPSG:4326", "fecha_normalizacion": "2025-10-10 01:59:23" }, "geometry": { "type": "Point", "coordinates": [ 344886.277061313099694, 6297564.476020248606801 ] } },
{ "type": "Feature", "properties": { "AÑO": 2020.0, "COD_INST": 3.0, "TIPO_INST": "Universidades Privadas CRUCH", "NOMBRE_INS": "UNIVERSIDAD DIEGO PORTALES", "NOMBRE_INM": "FACULTAD DE SALUD Y ODONTOLOGIA", "COD_REGION": 13.0, "REGIÓN": "REGIÓN METROPOLITANA DE SANTIAGO", "COD_PROVIN": 131.0, "PROVINCIA": "SANTIAGO", "COD_COMUNA": 13101.0, "COMUNA": "SANTIAGO", "DIRECCION": "AVENIDA MANUEL RODRIGUEZ SUR", "NUMERO_DI": 253.0, "LUGAR_REFE": null, "LATITUD": -33.450136, "LONGITUD": -70.660018, "centroide_x": 345711.72198201035, "centroide_y": 6297576.9210797464, "crs_original": "EPSG:4326", "fecha_normalizacion": "2025-10-10 01:59:23" }, "geometry": { "type": "Point", "coordinates": [ 345711.721982010349166, 6297576.921079746447504 ] } },
{ "type": "Feature", "properties": { "AÑO": 2020.0, "COD_INST": 3.0, "TIPO_INST": "Universidades Privadas CRUCH", "NOMBRE_INS": "UNIVERSIDAD DIEGO PORTALES", "NOMBRE_INM": "CASONA POSTGRADO", "COD_REGION": 13.0, "REGIÓN": "REGIÓN METROPOLITANA DE SANTIAGO", "COD_PROVIN": 131.0, "PROVINCIA": "SANTIAGO", "COD_COMUNA": 13101.0, "COMUNA": "SANTIAGO", "DIRECCION": "EJERCITO", "NUMERO_DI": 260.0, "LUGAR_REFE": null, "LATITUD": -33.450151, "LONGITUD": -70.660792, "centroide_x": 345639.80214592267, "centroide_y": 6297574.1081959456, "crs_original": "EPSG:4326", "fecha_normalizacion": "2025-10-10 01:59:23" }, "geometry": { "type": "Point", "coordinates": [ 345639.802145922672935, 6297574.108195945620537 ] } },
{ "type": "Feature", "properties": { "AÑO": 2020.0, "COD_INST": 19.0, "TIPO_INST": "Universidades Privadas", "NOMBRE_INS": "UNIVERSIDAD DE LAS AMÉRICAS", "NOMBRE_INM": "CAMPUS SANTIAGO CENTRO", "COD_REGION": 13.0, "REGIÓN": "REGIÓN METROPOLITANA DE SANTIAGO", "COD_PROVIN": 131.0, "PROVINCIA": "SANTIAGO", "COD_COMUNA": 13101.0, "COMUNA": "SANTIAGO", "DIRECCION": "ECHAURREN", "NUMERO_DI": 140.0, "LUGAR_REFE": null, "LATITUD": -33.450165, "LONGITUD": -70.666199, "centroide_x": 345137.2243741072, "centroide_y": 6297564.5100586368, "crs_original": "EPSG:4326", "fecha_normalizacion": "2025-10-10 01:59:23" }, "geometry": { "type": "Point", "coordinates": [ 345137.224374107201584, 6297564.510058636777103 ] } },
{ "type": "Feature", "properties": { "AÑO": 2020.0, "COD_INST": 20.0, "TIPO_INST": "Universidades Privadas", "NOMBRE_INS": "UNIVERSIDAD ANDRÉS BELLO", "NOMBRE_INM": "CAMPUS REPUBLICA", "COD_REGION": 13.0, "REGIÓN": "REGIÓN METROPOLITANA DE SANTIAGO", "COD_PROVIN": 131.0, "PROVINCIA": "SANTIAGO", "COD_COMUNA": 13101.0, "COMUNA": "SANTIAGO", "DIRECCION": "SAZIE", "NUMERO_DI": 2119.0, "LUGAR_REFE": null, "LATITUD": -33.450188, "LONGITUD": -70.665037, "centroide_x": 345245.27789838781, "centroide_y": 6297563.6909535257, "crs_original": "EPSG:4326", "fecha_normalizacion": "2025-10-10 01:59:23" }, "geometry": { "type": "Point", "coordinates": [ 345245.277898387808818, 6297563.690953525714576 ] } },
{ "type": "Feature", "properties": { "AÑO": 2020.0, "COD_INST": 3.0, "TIPO_INST": "Universidades Privadas CRUCH", "NOMBRE_INS": "UNIVERSIDAD DIEGO PORTALES", "NOMBRE_INM": "DECANATO DE DERECHO", "COD_REGION": 13.0, "REGIÓN": "REGIÓN METROPOLITANA DE SANTIAGO", "COD_PROVIN": 131.0, "PROVINCIA": "SANTIAGO", "COD_COMUNA": 13101.0, "COMUNA": "SANTIAGO", "DIRECCION": "REPUBLICA", "NUMERO_DI": 112.0, "LUGAR_REFE": null, "LATITUD": -33.450228, "LONGITUD": -70.668151, "centroide_x": 344955.89006608899, "centroide_y": 6297554.6131494958, "crs_original": "EPSG:4326", "fecha_normalizacion": "2025-10-10 01:59:23" }, "geometry": { "type": "Point", "coordinates": [ 344955.890066088992171, 6297554.613149495795369 ] } },
{ "type": "Feature", "properties": { "AÑO": 2020.0, "COD_INST": 3.0, "TIPO_INST": "Universidades Privadas CRUCH", "NOMBRE_INS": "UNIVERSIDAD DIEGO PORTALES", "NOMBRE_INM": "ECONOMIA E INFRAESTRUCTURA", "COD_REGION": 13.0, "REGIÓN": "REGIÓN METROPOLITANA DE SANTIAGO", "COD_PROVIN": 131.0, "PROVINCIA": "SANTIAGO", "COD_COMUNA": 13101.0, "COMUNA": "SANTIAGO", "DIRECCION": "EJERCITO", "NUMERO_DI": 278.0, "LUGAR_REFE": null, "LATITUD": -33.450245, "LONGITUD": -70.660714, "centroide_x": 345647.21913856076, "centroide_y": 6297563.8007343356, "crs_original": "EPSG:4326", "fecha_normalizacion": "2025-10-10 01:59:23" }, "geometry": { "type": "Point", "coordinates": [ 345647.219138560758438, 6297563.800734335556626 ] } },
{ "type": "Feature", "properties": { "AÑO": 2020.0, "COD_INST": 3.0, "TIPO_INST": "Universidades Privadas CRUCH", "NOMBRE_INS": "UNIVERSIDAD DIEGO PORTALES", "NOMBRE_INM": "FACULTAD DE EDUCACION 2", "COD_REGION": 13.0, "REGIÓN": "REGIÓN METROPOLITANA DE SANTIAGO", "COD_PROVIN": 131.0, "PROVINCIA": "SANTIAGO", "COD_COMUNA": 13101.0, "COMUNA": "SANTIAGO", "DIRECCION": "VERGARA", "NUMERO_DI": 249.0, "LUGAR_REFE": null, "LATITUD": -33.450333, "LONGITUD": -70.662061, "centroide_x": 345522.16626596299, "centroide_y": 6297552.0408917703, "crs_original": "EPSG:4326", "fecha_normalizacion": "2025-10-10 01:59:23" }, "geometry": { "type": "Point", "coordinates": [ 345522.166265962994657, 6297552.040891770273447 ] } },
{ "type": "Feature", "properties": { "AÑO": 2020.0, "COD_INST": 3.0, "TIPO_INST": "Universidades Privadas CRUCH", "NOMBRE_INS": "UNIVERSIDAD DIEGO PORTALES", "NOMBRE_INM": "FACULTAD DE DERECHO", "COD_REGION": 13.0, "REGIÓN": "REGIÓN METROPOLITANA DE SANTIAGO", "COD_PROVIN": 131.0, "PROVINCIA": "SANTIAGO", "COD_COMUNA": 13101.0, "COMUNA": "SANTIAGO", "DIRECCION": "REPUBLICA", "NUMERO_DI": 105.0, "LUGAR_REFE": null, "LATITUD": -33.450427, "LONGITUD": -70.668091, "centroide_x": 344961.82153115503, "centroide_y": 6297532.6362228915, "crs_original": "EPSG:4326", "fecha_normalizacion": "2025-10-10 01:59:23" }, "geometry": { "type": "Point", "coordinates": [ 344961.821531155030243, 6297532.636222891509533 ] } },
{ "type": "Feature", "properties": { "AÑO": 2020.0, "COD_INST": 3.0, "TIPO_INST": "Universidades Privadas CRUCH", "NOMBRE_INS": "UNIVERSIDAD DIEGO PORTALES", "NOMBRE_INM": "CLINICA PSICOLOGICA", "COD_REGION": 13.0, "REGIÓN": "REGIÓN METROPOLITANA DE SANTIAGO", "COD_PROVIN": 131.0, "PROVINCIA": "SANTIAGO", "COD_COMUNA": 13101.0, "COMUNA": "SANTIAGO", "DIRECCION": "GRAJALES", "NUMERO_DI": 1775.0, "LUGAR_REFE": null, "LATITUD": -33.450445, "LONGITUD": -70.660419, "centroide_x": 345674.99490579439, "centroide_y": 6297542.0616181782, "crs_original": "EPSG:4326", "fecha_normalizacion": "2025-10-10 01:59:23" }, "geometry": { "type": "Point", "coordinates": [ 345674.994905794388615, 6297542.061618178151548 ] } },
{ "type": "Feature", "properties": { "AÑO": 2020.0, "COD_INST": 20.0, "TIPO_INST": "Universidades Privadas", "NOMBRE_INS": "UNIVERSIDAD ANDRÉS BELLO", "NOMBRE_INM": "CAMPUS REPUBLICA", "COD_REGION": 13.0, "REGIÓN": "REGIÓN METROPOLITANA DE SANTIAGO", "COD_PROVIN": 131.0, "PROVINCIA": "SANTIAGO", "COD_COMUNA": 13101.0, "COMUNA": "SANTIAGO", "DIRECCION": "ECHAURREN", "NUMERO_DI": 183.0, "LUGAR_REFE": null, "LATITUD": -33.450591, "LONGITUD": -70.666563, "centroide_x": 345104.14666499523, "centroide_y": 6297516.7297522211, "crs_original": "EPSG:4326", "fecha_normalizacion": "2025-10-10 01:59:23" }, "geometry": { "type": "Point", "coordinates": [ 345104.14666499523446, 6297516.729752221144736 ] } },
{ "type": "Feature", "properties": { "AÑO": 2020.0, "COD_INST": 3.0, "TIPO_INST": "Universidades Privadas CRUCH", "NOMBRE_INS": "UNIVERSIDAD DIEGO PORTALES", "NOMBRE_INM": "FACULTAD DE PSICOLOGIA", "COD_REGION": 13.0, "REGIÓN": "REGIÓN METROPOLITANA DE SANTIAGO", "COD_PROVIN": 131.0, "PROVINCIA": "SANTIAGO", "COD_COMUNA": 13101.0, "COMUNA": "SANTIAGO", "DIRECCION": "VERGARA", "NUMERO_DI": 275.0, "LUGAR_REFE": null, "LATITUD": -33.450654, "LONGITUD": -70.662012, "centroide_x": 345527.29030384414, "centroide_y": 6297516.5191477761, "crs_original": "EPSG:4326", "fecha_normalizacion": "2025-10-10 01:59:23" }, "geometry": { "type": "Point", "coordinates": [ 345527.290303844143637, 6297516.519147776067257 ] } },
{ "type": "Feature", "properties": { "AÑO": 2020.0, "COD_INST": 3.0, "TIPO_INST": "Universidades Privadas CRUCH", "NOMBRE_INS": "UNIVERSIDAD DIEGO PORTALES", "NOMBRE_INM": "FACULTAD DE ARQUITECTURA", "COD_REGION": 13.0, "REGIÓN": "REGIÓN METROPOLITANA DE SANTIAGO", "COD_PROVIN": 131.0, "PROVINCIA": "SANTIAGO", "COD_COMUNA": 13101.0, "COMUNA": "SANTIAGO", "DIRECCION": "REPUBLICA", "NUMERO_DI": 180.0, "LUGAR_REFE": null, "LATITUD": -33.450698, "LONGITUD": -70.667505, "centroide_x": 345016.77470533492, "centroide_y": 6297503.4601661284, "crs_original": "EPSG:4326", "fecha_normalizacion": "2025-10-10 01:59:23" }, "geometry": { "type": "Point", "coordinates": [ 345016.77470533491578, 6297503.460166128352284 ] } },
{ "type": "Feature", "properties": { "AÑO": 2020.0, "COD_INST": 171.0, "TIPO_INST": "Institutos Profesionales", "NOMBRE_INS": "IP DEL COMERCIO", "NOMBRE_INM": "CAMPUS EJERCITO", "COD_REGION": 13.0, "REGIÓN": "REGIÓN METROPOLITANA DE SANTIAGO", "COD_PROVIN": 131.0, "PROVINCIA": "SANTIAGO", "COD_COMUNA": 13101.0, "COMUNA": "SANTIAGO", "DIRECCION": "AVENIDA EJERCITO LIBERTADOR", "NUMERO_DI": 306.0, "LUGAR_REFE": null, "LATITUD": -33.450795, "LONGITUD": -70.660547, "centroide_x": 345663.7170177456, "centroide_y": 6297503.0612026034, "crs_original": "EPSG:4326", "fecha_normalizacion": "2025-10-10 01:59:23" }, "geometry": { "type": "Point", "coordinates": [ 345663.717017745599151, 6297503.061202603392303 ] } },
{ "type": "Feature", "properties": { "AÑO": 2020.0, "COD_INST": 426.0, "TIPO_INST": "Centros de Formación Técnica", "NOMBRE_INS": "CFT CÁMARA DE COMERCIO DE SANTIAGO", "NOMBRE_INM": "CAMPUS EJERCITO", "COD_REGION": 13.0, "REGIÓN": "REGIÓN METROPOLITANA DE SANTIAGO", "COD_PROVIN": 131.0, "PROVINCIA": "SANTIAGO", "COD_COMUNA": 13101.0, "COMUNA": "SANTIAGO", "DIRECCION": "AVENIDA EJERCITO LIBERTADOR", "NUMERO_DI": 306.0, "LUGAR_REFE": null, "LATITUD": -33.450795, "LONGITUD": -70.660547, "centroide_x": 345663.7170177456, "centroide_y": 6297503.0612026034, "crs_original": "EPSG:4326", "fecha_normalizacion": "2025-10-10 01:59:23" }, "geometry": { "type": "Point", "coordinates": [ 345663.717017745599151, 6297503.061202603392303 ] } },
{ "type": "Feature", "properties": { "AÑO": 2020.0, "COD_INST": 171.0, "TIPO_INST": "Institutos Profesionales", "NOMBRE_INS": "IP DEL COMERCIO", "NOMBRE_INM": "CAMPUS REPUBLICA", "COD_REGION": 13.0, "REGIÓN": "REGIÓN METROPOLITANA DE SANTIAGO", "COD_PROVIN": 131.0, "PROVINCIA": "SANTIAGO", "COD_COMUNA": 13101.0, "COMUNA": "SANTIAGO", "DIRECCION": "AVENIDA REPUBLICA", "NUMERO_DI": 190.0, "LUGAR_REFE": null, "LATITUD": -33.450862, "LONGITUD": -70.667409, "centroide_x": 345025.99005168199, "centroide_y": 6297485.4179376401, "crs_original": "EPSG:4326", "fecha_normalizacion": "2025-10-10 01:59:23" }, "geometry": { "type": "Point", "coordinates": [ 345025.990051681990735, 6297485.417937640100718 ] } },
{ "type": "Feature", "properties": { "AÑO": 2020.0, "COD_INST": 426.0, "TIPO_INST": "Centros de Formación Técnica", "NOMBRE_INS": "CFT CÁMARA DE COMERCIO DE SANTIAGO", "NOMBRE_INM": "CAMPUS REPUBLICA", "COD_REGION": 13.0, "REGIÓN": "REGIÓN METROPOLITANA DE SANTIAGO", "COD_PROVIN": 131.0, "PROVINCIA": "SANTIAGO", "COD_COMUNA": 13101.0, "COMUNA": "SANTIAGO", "DIRECCION": "AVENIDA REPUBLICA", "NUMERO_DI": 190.0, "LUGAR_REFE": null, "LATITUD": -33.450862, "LONGITUD": -70.667409, "centroide_x": 345025.99005168199, "centroide_y": 6297485.4179376401, "crs_original": "EPSG:4326", "fecha_normalizacion": "2025-10-10 01:59:23" }, "geometry": { "type": "Point", "coordinates": [ 345025.990051681990735, 6297485.417937640100718 ] } },
{ "type": "Feature", "properties": { "AÑO": 2020.0, "COD_INST": 3.0, "TIPO_INST": "Universidades Privadas CRUCH", "NOMBRE_INS": "UNIVERSIDAD DIEGO PORTALES", "NOMBRE_INM": "AULARIO", "COD_REGION": 13.0, "REGIÓN": "REGIÓN METROPOLITANA DE SANTIAGO", "COD_PROVIN": 131.0, "PROVINCIA": "SANTIAGO", "COD_COMUNA": 13101.0, "COMUNA": "SANTIAGO", "DIRECCION": "EJERCITO", "NUMERO_DI": 326.0, "LUGAR_REFE": null, "LATITUD": -33.45102, "LONGITUD": -70.660618, "centroide_x": 345657.516042287, "centroide_y": 6297478.0062615871, "crs_original": "EPSG:4326", "fecha_normalizacion": "2025-10-10 01:59:23" }, "geometry": { "type": "Point", "coordinates": [ 345657.516042286995798, 6297478.006261587142944 ] } },
{ "type": "Feature", "properties": { "AÑO": 2020.0, "COD_INST": 3.0, "TIPO_INST": "Universidades Privadas CRUCH", "NOMBRE_INS": "UNIVERSIDAD DIEGO PORTALES", "NOMBRE_INM": "FACULTAD DE CIENCIAS SOCIALES", "COD_REGION": 13.0, "REGIÓN": "REGIÓN METROPOLITANA DE SANTIAGO", "COD_PROVIN": 131.0, "PROVINCIA": "SANTIAGO", "COD_COMUNA": 13101.0, "COMUNA": "SANTIAGO", "DIRECCION": "EJERCITO", "NUMERO_DI": 333.0, "LUGAR_REFE": null, "LATITUD": -33.451121, "LONGITUD": -70.660819, "centroide_x": 345639.01147026045, "centroide_y": 6297466.5081222765, "crs_original": "EPSG:4326", "fecha_normalizacion": "2025-10-10 01:59:23" }, "geometry": { "type": "Point", "coordinates": [ 345639.011470260447823, 6297466.508122276514769 ] } },
{ "type": "Feature", "properties": { "AÑO": 2020.0, "COD_INST": 20.0, "TIPO_INST": "Universidades Privadas", "NOMBRE_INS": "UNIVERSIDAD ANDRÉS BELLO", "NOMBRE_INM": "CAMPUS REPUBLICA", "COD_REGION": 13.0, "REGIÓN": "REGIÓN METROPOLITANA DE SANTIAGO", "COD_PROVIN": 131.0, "PROVINCIA": "SANTIAGO", "COD_COMUNA": 13101.0, "COMUNA": "SANTIAGO", "DIRECCION": "REPUBLICA", "NUMERO_DI": 206.0, "LUGAR_REFE": "Y 210", "LATITUD": -33.451187, "LONGITUD": -70.667314, "centroide_x": 345035.39886505058, "centroide_y": 6297449.5214492399, "crs_original": "EPSG:4326", "fecha_normalizacion": "2025-10-10 01:59:23" }, "geometry": { "type": "Point", "coordinates": [ 345035.398865050578024, 6297449.52144923992455 ] } },
{ "type": "Feature", "properties": { "AÑO": 2020.0, "COD_INST": 123.0, "TIPO_INST": "Institutos Profesionales", "NOMBRE_INS": "IP DE CHILE", "NOMBRE_INM": "GIMNASIO ESPAÑA", "COD_REGION": 13.0, "REGIÓN": "REGIÓN METROPOLITANA DE SANTIAGO", "COD_PROVIN": 131.0, "PROVINCIA": "SANTIAGO", "COD_COMUNA": 13101.0, "COMUNA": "SANTIAGO", "DIRECCION": "AVENIDA ESPAÑA", "NUMERO_DI": 167.0, "LUGAR_REFE": "-175", "LATITUD": -33.451209, "LONGITUD": -70.669914, "centroide_x": 344793.76011227601, "centroide_y": 6297443.2011133265, "crs_original": "EPSG:4326", "fecha_normalizacion": "2025-10-10 01:59:23" }, "geometry": { "type": "Point", "coordinates": [ 344793.76011227600975, 6297443.201113326475024 ] } },
{ "type": "Feature", "properties": { "AÑO": 2020.0, "COD_INST": 20.0, "TIPO_INST": "Universidades Privadas", "NOMBRE_INS": "UNIVERSIDAD ANDRÉS BELLO", "NOMBRE_INM": "CAMPUS REPUBLICA", "COD_REGION": 13.0, "REGIÓN": "REGIÓN METROPOLITANA DE SANTIAGO", "COD_PROVIN": 131.0, "PROVINCIA": "SANTIAGO", "COD_COMUNA": 13101.0, "COMUNA": "SANTIAGO", "DIRECCION": "ECHAURREN", "NUMERO_DI": 237.0, "LUGAR_REFE": "Y 253", "LATITUD": -33.451284, "LONGITUD": -70.666467, "centroide_x": 345114.3025759866, "centroide_y": 6297440.0283868928, "crs_original": "EPSG:4326", "fecha_normalizacion": "2025-10-10 01:59:23" }, "geometry": { "type": "Point", "coordinates": [ 345114.30257598659955, 6297440.028386892750859 ] } },
{ "type": "Feature", "properties": { "AÑO": 2020.0, "COD_INST": 4.0, "TIPO_INST": "Universidades Privadas", "NOMBRE_INS": "UNIVERSIDAD CENTRAL DE CHILE", "NOMBRE_INM": "CENTRO DE SIMULACION", "COD_REGION": 13.0, "REGIÓN": "REGIÓN METROPOLITANA DE SANTIAGO", "COD_PROVIN": 131.0, "PROVINCIA": "SANTIAGO", "COD_COMUNA": 13101.0, "COMUNA": "SANTIAGO", "DIRECCION": "LORD COCHRANE", "NUMERO_DI": 416.0, "LUGAR_REFE": null, "LATITUD": -33.451301, "LONGITUD": -70.654288, "centroide_x": 346246.40477671003, "centroide_y": 6297456.2322198786, "crs_original": "EPSG:4326", "fecha_normalizacion": "2025-10-10 01:59:23" }, "geometry": { "type": "Point", "coordinates": [ 346246.404776710027363, 6297456.232219878584146 ] } },
{ "type": "Feature", "properties": { "AÑO": 2020.0, "COD_INST": 4.0, "TIPO_INST": "Universidades Privadas", "NOMBRE_INS": "UNIVERSIDAD CENTRAL DE CHILE", "NOMBRE_INM": "CAMPUS GONZALO HERNANDEZ", "COD_REGION": 13.0, "REGIÓN": "REGIÓN METROPOLITANA DE SANTIAGO", "COD_PROVIN": 131.0, "PROVINCIA": "SANTIAGO", "COD_COMUNA": 13101.0, "COMUNA": "SANTIAGO", "DIRECCION": "LORD COCHRANE", "NUMERO_DI": 417.0, "LUGAR_REFE": null, "LATITUD": -33.451388, "LONGITUD": -70.655361, "centroide_x": 346146.82023047371, "centroide_y": 6297444.9967560554, "crs_original": "EPSG:4326", "fecha_normalizacion": "2025-10-10 01:59:23" }, "geometry": { "type": "Point", "coordinates": [ 346146.820230473706033, 6297444.996756055392325 ] } },
{ "type": "Feature", "properties": { "AÑO": 2020.0, "COD_INST": 20.0, "TIPO_INST": "Universidades Privadas", "NOMBRE_INS": "UNIVERSIDAD ANDRÉS BELLO", "NOMBRE_INM": "CAMPUS REPUBLICA", "COD_REGION": 13.0, "REGIÓN": "REGIÓN METROPOLITANA DE SANTIAGO", "COD_PROVIN": 131.0, "PROVINCIA": "SANTIAGO", "COD_COMUNA": 13101.0, "COMUNA": "SANTIAGO", "DIRECCION": "REPUBLICA", "NUMERO_DI": 237.0, "LUGAR_REFE": "Y 239", "LATITUD": -33.451512, "LONGITUD": -70.667852, "centroide_x": 344985.96856265049, "centroide_y": 6297412.6807269566, "crs_original": "EPSG:4326", "fecha_normalizacion": "2025-10-10 01:59:23" }, "geometry": { "type": "Point", "coordinates": [ 344985.968562650494277, 6297412.680726956576109 ] } },
{ "type": "Feature", "properties": { "AÑO": 2020.0, "COD_INST": 85.0, "TIPO_INST": "Universidades (* Carrera en Convenio)", "NOMBRE_INS": "UNIVERSIDAD TECNOLÓGICA METROPOLITANA", "NOMBRE_INM": "DIECIOCHO 414", "COD_REGION": 13.0, "REGIÓN": "REGIÓN METROPOLITANA DE SANTIAGO", "COD_PROVIN": 131.0, "PROVINCIA": "SANTIAGO", "COD_COMUNA": 13101.0, "COMUNA": "SANTIAGO", "DIRECCION": "DIECIOCHO", "NUMERO_DI": 414.0, "LUGAR_REFE": null, "LATITUD": -33.451538, "LONGITUD": -70.656898, "centroide_x": 346004.21727914969, "centroide_y": 6297426.086790828, "crs_original": "EPSG:4326", "fecha_normalizacion": "2025-10-10 01:59:23" }, "geometry": { "type": "Point", "coordinates": [ 346004.217279149685055, 6297426.086790828034282 ] } },
{ "type": "Feature", "properties": { "AÑO": 2020.0, "COD_INST": 20.0, "TIPO_INST": "Universidades Privadas", "NOMBRE_INS": "UNIVERSIDAD ANDRÉS BELLO", "NOMBRE_INM": "CAMPUS REPUBLICA", "COD_REGION": 13.0, "REGIÓN": "REGIÓN METROPOLITANA DE SANTIAGO", "COD_PROVIN": 131.0, "PROVINCIA": "SANTIAGO", "COD_COMUNA": 13101.0, "COMUNA": "SANTIAGO", "DIRECCION": "REPUBLICA", "NUMERO_DI": 252.0, "LUGAR_REFE": "Y 276", "LATITUD": -33.451643, "LONGITUD": -70.667267, "centroide_x": 345040.57896110171, "centroide_y": 6297399.0272049252, "crs_original": "EPSG:4326", "fecha_normalizacion": "2025-10-10 01:59:23" }, "geometry": { "type": "Point", "coordinates": [ 345040.578961101709865, 6297399.027204925194383 ] } },
{ "type": "Feature", "properties": { "AÑO": 2020.0, "COD_INST": 492.0, "TIPO_INST": "CENTROS DE FORMACIÓN TÉCNICA", "NOMBRE_INS": "CFT CEITEC", "NOMBRE_INM": "CENTRO DE FORMACION TECNICA CEITEC", "COD_REGION": 13.0, "REGIÓN": "REGIÓN METROPOLITANA DE SANTIAGO", "COD_PROVIN": 131.0, "PROVINCIA": "SANTIAGO", "COD_COMUNA": 13101.0, "COMUNA": "SANTIAGO", "DIRECCION": "GORBEA", "NUMERO_DI": 1777.0, "LUGAR_REFE": null, "LATITUD": -33.451652, "LONGITUD": -70.660164, "centroide_x": 345700.83638400782, "centroide_y": 6297408.6002661735, "crs_original": "EPSG:4326", "fecha_normalizacion": "2025-10-10 01:59:23" }, "geometry": { "type": "Point", "coordinates": [ 345700.836384007823654, 6297408.600266173481941 ] } },
{ "type": "Feature", "properties": { "AÑO": 2020.0, "COD_INST": 20.0, "TIPO_INST": "Universidades Privadas", "NOMBRE_INS": "UNIVERSIDAD ANDRÉS BELLO", "NOMBRE_INM": "CAMPUS REPUBLICA", "COD_REGION": 13.0, "REGIÓN": "REGIÓN METROPOLITANA DE SANTIAGO", "COD_PROVIN": 131.0, "PROVINCIA": "SANTIAGO", "COD_COMUNA": 13101.0, "COMUNA": "SANTIAGO", "DIRECCION": "ECHAURREN", "NUMERO_DI": 277.0, "LUGAR_REFE": "Y 279", "LATITUD": -33.451662, "LONGITUD": -70.666448, "centroide_x": 345116.74087957508, "centroide_y": 6297398.1415384067, "crs_original": "EPSG:4326", "fecha_normalizacion": "2025-10-10 01:59:23" }, "geometry": { "type": "Point", "coordinates": [ 345116.740879575081635, 6297398.141538406722248 ] } },
{ "type": "Feature", "properties": { "AÑO": 2020.0, "COD_INST": 20.0, "TIPO_INST": "Universidades Privadas", "NOMBRE_INS": "UNIVERSIDAD ANDRÉS BELLO", "NOMBRE_INM": "CAMPUS REPUBLICA", "COD_REGION": 13.0, "REGIÓN": "REGIÓN METROPOLITANA DE SANTIAGO", "COD_PROVIN": 131.0, "PROVINCIA": "SANTIAGO", "COD_COMUNA": 13101.0, "COMUNA": "SANTIAGO", "DIRECCION": "GRAJALES", "NUMERO_DI": 2245.0, "LUGAR_REFE": null, "LATITUD": -33.451935, "LONGITUD": -70.666871, "centroide_x": 345077.90756914357, "centroide_y": 6297367.2388209682, "crs_original": "EPSG:4326", "fecha_normalizacion": "2025-10-10 01:59:23" }, "geometry": { "type": "Point", "coordinates": [ 345077.907569143571891, 6297367.238820968195796 ] } },
{ "type": "Feature", "properties": { "AÑO": 2020.0, "COD_INST": 123.0, "TIPO_INST": "Institutos Profesionales", "NOMBRE_INS": "IP DE CHILE", "NOMBRE_INM": "EDIFICIO C", "COD_REGION": 13.0, "REGIÓN": "REGIÓN METROPOLITANA DE SANTIAGO", "COD_PROVIN": 131.0, "PROVINCIA": "SANTIAGO", "COD_COMUNA": 13101.0, "COMUNA": "SANTIAGO", "DIRECCION": "AVENIDA REPUBLICA", "NUMERO_DI": 290.0, "LUGAR_REFE": null, "LATITUD": -33.452015, "LONGITUD": -70.667395, "centroide_x": 345029.3429456983, "centroide_y": 6297357.5864330074, "crs_original": "EPSG:4326", "fecha_normalizacion": "2025-10-10 01:59:23" }, "geometry": { "type": "Point", "coordinates": [ 345029.342945698299445, 6297357.586433007381856 ] } },
{ "type": "Feature", "properties": { "AÑO": 2020.0, "COD_INST": 123.0, "TIPO_INST": "Institutos Profesionales", "NOMBRE_INS": "IP DE CHILE", "NOMBRE_INM": "EDIFICIO R", "COD_REGION": 13.0, "REGIÓN": "REGIÓN METROPOLITANA DE SANTIAGO", "COD_PROVIN": 131.0, "PROVINCIA": "SANTIAGO", "COD_COMUNA": 13101.0, "COMUNA": "SANTIAGO", "DIRECCION": "AVENIDA REPUBLICA", "NUMERO_DI": 285.0, "LUGAR_REFE": "-289", "LATITUD": -33.45206, "LONGITUD": -70.667727, "centroide_x": 344998.56291611446, "centroide_y": 6297352.1012850497, "crs_original": "EPSG:4326", "fecha_normalizacion": "2025-10-10 01:59:23" }, "geometry": { "type": "Point", "coordinates": [ 344998.562916114460677, 6297352.101285049691796 ] } },
{ "type": "Feature", "properties": { "AÑO": 2020.0, "COD_INST": 3.0, "TIPO_INST": "Universidades Privadas CRUCH", "NOMBRE_INS": "UNIVERSIDAD DIEGO PORTALES", "NOMBRE_INM": "CASA CENTRAL", "COD_REGION": 13.0, "REGIÓN": "REGIÓN METROPOLITANA DE SANTIAGO", "COD_PROVIN": 131.0, "PROVINCIA": "SANTIAGO", "COD_COMUNA": 13101.0, "COMUNA": "SANTIAGO", "DIRECCION": "EJERCITO", "NUMERO_DI": 412.0, "LUGAR_REFE": null, "LATITUD": -33.452073, "LONGITUD": -70.660169, "centroide_x": 345701.11747143377, "centroide_y": 6297361.9095970988, "crs_original": "EPSG:4326", "fecha_normalizacion": "2025-10-10 01:59:23" }, "geometry": { "type": "Point", "coordinates": [ 345701.117471433768515, 6297361.909597098827362 ] } },
{ "type": "Feature", "properties": { "AÑO": 2020.0, "COD_INST": 20.0, "TIPO_INST": "Universidades Privadas", "NOMBRE_INS": "UNIVERSIDAD ANDRÉS BELLO", "NOMBRE_INM": "CAMPUS REPUBLICA", "COD_REGION": 13.0, "REGIÓN": "REGIÓN METROPOLITANA DE SANTIAGO", "COD_PROVIN": 131.0, "PROVINCIA": "SANTIAGO", "COD_COMUNA": 13101.0, "COMUNA": "SANTIAGO", "DIRECCION": "REPUBLICA", "NUMERO_DI": 302.0, "LUGAR_REFE": "Y 330", "LATITUD": -33.452284, "LONGITUD": -70.667321, "centroide_x": 345036.70002765709, "centroide_y": 6297327.8682755698, "crs_original": "EPSG:4326", "fecha_normalizacion": "2025-10-10 01:59:23" }, "geometry": { "type": "Point", "coordinates": [ 345036.700027657090686, 6297327.868275569751859 ] } },
{ "type": "Feature", "properties": { "AÑO": 2020.0, "COD_INST": 20.0, "TIPO_INST": "Universidades Privadas", "NOMBRE_INS": "UNIVERSIDAD ANDRÉS BELLO", "NOMBRE_INM": "CAMPUS REPUBLICA", "COD_REGION": 13.0, "REGIÓN": "REGIÓN METROPOLITANA DE SANTIAGO", "COD_PROVIN": 131.0, "PROVINCIA": "SANTIAGO", "COD_COMUNA": 13101.0, "COMUNA": "SANTIAGO", "DIRECCION": "GRAJALES", "NUMERO_DI": 2264.0, "LUGAR_REFE": null, "LATITUD": -33.452314, "LONGITUD": -70.666943, "centroide_x": 345071.88919715222, "centroide_y": 6297325.1053941017, "crs_original": "EPSG:4326", "fecha_normalizacion": "2025-10-10 01:59:23" }, "geometry": { "type": "Point", "coordinates": [ 345071.889197152224369, 6297325.105394101701677 ] } },
{ "type": "Feature", "properties": { "AÑO": 2020.0, "COD_INST": 4.0, "TIPO_INST": "Universidades Privadas", "NOMBRE_INS": "UNIVERSIDAD CENTRAL DE CHILE", "NOMBRE_INM": "EDIFICIO POLIDEPORTIVO", "COD_REGION": 13.0, "REGIÓN": "REGIÓN METROPOLITANA DE SANTIAGO", "COD_PROVIN": 131.0, "PROVINCIA": "SANTIAGO", "COD_COMUNA": 13101.0, "COMUNA": "SANTIAGO", "DIRECCION": "AVENIDA SANTA ISABEL", "NUMERO_DI": 1148.0, "LUGAR_REFE": null, "LATITUD": -33.452359, "LONGITUD": -70.650579, "centroide_x": 346593.02963898017, "centroide_y": 6297344.396885749, "crs_original": "EPSG:4326", "fecha_normalizacion": "2025-10-10 01:59:23" }, "geometry": { "type": "Point", "coordinates": [ 346593.029638980166055, 6297344.396885748952627 ] } },
{ "type": "Feature", "properties": { "AÑO": 2020.0, "COD_INST": 4.0, "TIPO_INST": "Universidades Privadas", "NOMBRE_INS": "UNIVERSIDAD CENTRAL DE CHILE", "NOMBRE_INM": "CAMPUS VICENTE KOVACEVIC II", "COD_REGION": 13.0, "REGIÓN": "REGIÓN METROPOLITANA DE SANTIAGO", "COD_PROVIN": 131.0, "PROVINCIA": "SANTIAGO", "COD_COMUNA": 13101.0, "COMUNA": "SANTIAGO", "DIRECCION": "AVENIDA SANTA ISABEL", "NUMERO_DI": 1278.0, "LUGAR_REFE": null, "LATITUD": -33.452372, "LONGITUD": -70.652291, "centroide_x": 346433.91961130721, "centroide_y": 6297340.4262750465, "crs_original": "EPSG:4326", "fecha_normalizacion": "2025-10-10 01:59:23" }, "geometry": { "type": "Point", "coordinates": [ 346433.919611307210289, 6297340.426275046542287 ] } },
{ "type": "Feature", "properties": { "AÑO": 2020.0, "COD_INST": 3.0, "TIPO_INST": "Universidades Privadas CRUCH", "NOMBRE_INS": "UNIVERSIDAD DIEGO PORTALES", "NOMBRE_INM": "FACULTAD DE INGENIERIA", "COD_REGION": 13.0, "REGIÓN": "REGIÓN METROPOLITANA DE SANTIAGO", "COD_PROVIN": 131.0, "PROVINCIA": "SANTIAGO", "COD_COMUNA": 13101.0, "COMUNA": "SANTIAGO", "DIRECCION": "EJERCITO", "NUMERO_DI": 441.0, "LUGAR_REFE": null, "LATITUD": -33.452612, "LONGITUD": -70.660961, "centroide_x": 345628.45488403703, "centroide_y": 6297300.9652574807, "crs_original": "EPSG:4326", "fecha_normalizacion": "2025-10-10 01:59:23" }, "geometry": { "type": "Point", "coordinates": [ 345628.454884037026204, 6297300.965257480740547 ] } },
{ "type": "Feature", "properties": { "AÑO": 2020.0, "COD_INST": 4.0, "TIPO_INST": "Universidades Privadas", "NOMBRE_INS": "UNIVERSIDAD CENTRAL DE CHILE", "NOMBRE_INM": "CAMPUS VICENTE KOVACEVIC I", "COD_REGION": 13.0, "REGIÓN": "REGIÓN METROPOLITANA DE SANTIAGO", "COD_PROVIN": 131.0, "PROVINCIA": "SANTIAGO", "COD_COMUNA": 13101.0, "COMUNA": "SANTIAGO", "DIRECCION": "AVENIDA SANTA ISABEL", "NUMERO_DI": 1186.0, "LUGAR_REFE": null, "LATITUD": -33.452709, "LONGITUD": -70.652327, "centroide_x": 346431.167579534, "centroide_y": 6297303.0043475265, "crs_original": "EPSG:4326", "fecha_normalizacion": "2025-10-10 01:59:23" }, "geometry": { "type": "Point", "coordinates": [ 346431.167579533997923, 6297303.004347526468337 ] } },
{ "type": "Feature", "properties": { "AÑO": 2020.0, "COD_INST": 3.0, "TIPO_INST": "Universidades Privadas CRUCH", "NOMBRE_INS": "UNIVERSIDAD DIEGO PORTALES", "NOMBRE_INM": "FACULTAD DE INGENIERIA CASONA", "COD_REGION": 13.0, "REGIÓN": "REGIÓN METROPOLITANA DE SANTIAGO", "COD_PROVIN": 131.0, "PROVINCIA": "SANTIAGO", "COD_COMUNA": 13101.0, "COMUNA": "SANTIAGO", "DIRECCION": "VERGARA", "NUMERO_DI": 460.0, "LUGAR_REFE": null, "LATITUD": -33.452812, "LONGITUD": -70.66142, "centroide_x": 345586.1447895256, "centroide_y": 6297278.1058572419, "crs_original": "EPSG:4326", "fecha_normalizacion": "2025-10-10 01:59:23" }, "geometry": { "type": "Point", "coordinates": [ 345586.144789525598753, 6297278.105857241898775 ] } },
{ "type": "Feature", "properties": { "AÑO": 2020.0, "COD_INST": 123.0, "TIPO_INST": "Institutos Profesionales", "NOMBRE_INS": "IP DE CHILE", "NOMBRE_INM": "EDIFICIO E", "COD_REGION": 13.0, "REGIÓN": "REGIÓN METROPOLITANA DE SANTIAGO", "COD_PROVIN": 131.0, "PROVINCIA": "SANTIAGO", "COD_COMUNA": 13101.0, "COMUNA": "SANTIAGO", "DIRECCION": "GRAJALES", "NUMERO_DI": 2374.0, "LUGAR_REFE": null, "LATITUD": -33.452846, "LONGITUD": -70.669099, "centroide_x": 344872.43260938546, "centroide_y": 6297262.8966193171, "crs_original": "EPSG:4326", "fecha_normalizacion": "2025-10-10 01:59:23" }, "geometry": { "type": "Point", "coordinates": [ 344872.432609385461546, 6297262.896619317121804 ] } },
{ "type": "Feature", "properties": { "AÑO": 2020.0, "COD_INST": 4.0, "TIPO_INST": "Universidades Privadas", "NOMBRE_INS": "UNIVERSIDAD CENTRAL DE CHILE", "NOMBRE_INM": "CASA CENTRAL", "COD_REGION": 13.0, "REGIÓN": "REGIÓN METROPOLITANA DE SANTIAGO", "COD_PROVIN": 131.0, "PROVINCIA": "SANTIAGO", "COD_COMUNA": 13101.0, "COMUNA": "SANTIAGO", "DIRECCION": "TOESCA", "NUMERO_DI": 1783.0, "LUGAR_REFE": null, "LATITUD": -33.452917, "LONGITUD": -70.660018, "centroide_x": 345716.64834780816, "centroide_y": 6297268.5455681253, "crs_original": "EPSG:4326", "fecha_normalizacion": "2025-10-10 01:59:23" }, "geometry": { "type": "Point", "coordinates": [ 345716.648347808164544, 6297268.545568125322461 ] } },
{ "type": "Feature", "properties": { "AÑO": 2020.0, "COD_INST": 85.0, "TIPO_INST": "Universidades (* Carrera en Convenio)", "NOMBRE_INS": "UNIVERSIDAD TECNOLÓGICA METROPOLITANA", "NOMBRE_INM": "ALMIRANTE LATORRE 425", "COD_REGION": 13.0, "REGIÓN": "REGIÓN METROPOLITANA DE SANTIAGO", "COD_PROVIN": 131.0, "PROVINCIA": "SANTIAGO", "COD_COMUNA": 13101.0, "COMUNA": "SANTIAGO", "DIRECCION": "ALMIRANTE LATORRE", "NUMERO_DI": 425.0, "LUGAR_REFE": null, "LATITUD": -33.453092, "LONGITUD": -70.664636, "centroide_x": 345287.71106689621, "centroide_y": 6297242.273270254, "crs_original": "EPSG:4326", "fecha_normalizacion": "2025-10-10 01:59:23" }, "geometry": { "type": "Point", "coordinates": [ 345287.711066896212287, 6297242.273270254023373 ] } },
{ "type": "Feature", "properties": { "AÑO": 2020.0, "COD_INST": 123.0, "TIPO_INST": "Institutos Profesionales", "NOMBRE_INS": "IP DE CHILE", "NOMBRE_INM": "EDIFICIO I", "COD_REGION": 13.0, "REGIÓN": "REGIÓN METROPOLITANA DE SANTIAGO", "COD_PROVIN": 131.0, "PROVINCIA": "SANTIAGO", "COD_COMUNA": 13101.0, "COMUNA": "SANTIAGO", "DIRECCION": "AVENIDA ESPAÑA", "NUMERO_DI": 340.0, "LUGAR_REFE": null, "LATITUD": -33.453123, "LONGITUD": -70.669119, "centroide_x": 344871.06698316167, "centroide_y": 6297232.1511185952, "crs_original": "EPSG:4326", "fecha_normalizacion": "2025-10-10 01:59:23" }, "geometry": { "type": "Point", "coordinates": [ 344871.066983161668759, 6297232.151118595153093 ] } },
{ "type": "Feature", "properties": { "AÑO": 2020.0, "COD_INST": 20.0, "TIPO_INST": "Universidades Privadas", "NOMBRE_INS": "UNIVERSIDAD ANDRÉS BELLO", "NOMBRE_INM": "CAMPUS REPUBLICA", "COD_REGION": 13.0, "REGIÓN": "REGIÓN METROPOLITANA DE SANTIAGO", "COD_PROVIN": 131.0, "PROVINCIA": "SANTIAGO", "COD_COMUNA": 13101.0, "COMUNA": "SANTIAGO", "DIRECCION": "REPUBLICA", "NUMERO_DI": 399.0, "LUGAR_REFE": null, "LATITUD": -33.453228, "LONGITUD": -70.667664, "centroide_x": 345006.49753754109, "centroide_y": 6297222.6795529313, "crs_original": "EPSG:4326", "fecha_normalizacion": "2025-10-10 01:59:23" }, "geometry": { "type": "Point", "coordinates": [ 345006.497537541086785, 6297222.679552931338549 ] } },
{ "type": "Feature", "properties": { "AÑO": 2020.0, "COD_INST": 42.0, "TIPO_INST": "Universidades Privadas", "NOMBRE_INS": "UNIVERSIDAD CATÓLICA CARDENAL RAÚL SILVA HENRÍQUEZ", "NOMBRE_INM": "UNIVERSIDAD CATOLICA SILVA HENRIQUEZ", "COD_REGION": 13.0, "REGIÓN": "REGIÓN METROPOLITANA DE SANTIAGO", "COD_PROVIN": 131.0, "PROVINCIA": "SANTIAGO", "COD_COMUNA": 13101.0, "COMUNA": "SANTIAGO", "DIRECCION": "SAN ISIDRO", "NUMERO_DI": 560.0, "LUGAR_REFE": null, "LATITUD": -33.453546, "LONGITUD": -70.655647, "centroide_x": 346124.04856760008, "centroide_y": 6297205.2802089397, "crs_original": "EPSG:4326", "fecha_normalizacion": "2025-10-10 01:59:23" }, "geometry": { "type": "Point", "coordinates": [ 346124.048567600082606, 6297205.280208939686418 ] } },
{ "type": "Feature", "properties": { "AÑO": 2020.0, "COD_INST": 382.0, "TIPO_INST": "Centros de Formación Técnica", "NOMBRE_INS": "CFT ALPES", "NOMBRE_INM": "CASA CENTRAL", "COD_REGION": 13.0, "REGIÓN": "REGIÓN METROPOLITANA DE SANTIAGO", "COD_PROVIN": 131.0, "PROVINCIA": "SANTIAGO", "COD_COMUNA": 13101.0, "COMUNA": "SANTIAGO", "DIRECCION": "REPUBLICA", "NUMERO_DI": 430.0, "LUGAR_REFE": null, "LATITUD": -33.453639, "LONGITUD": -70.666987, "centroide_x": 345070.15642399259, "centroide_y": 6297178.1148594115, "crs_original": "EPSG:4326", "fecha_normalizacion": "2025-10-10 01:59:23" }, "geometry": { "type": "Point", "coordinates": [ 345070.156423992593773, 6297178.114859411492944 ] } },
{ "type": "Feature", "properties": { "AÑO": 2020.0, "COD_INST": 84.0, "TIPO_INST": "Universidades Estatales CRUCH", "NOMBRE_INS": "UNIVERSIDAD DE LOS LAGOS", "NOMBRE_INM": "CAMPUS SANTIAGO", "COD_REGION": 13.0, "REGIÓN": "REGIÓN METROPOLITANA DE SANTIAGO", "COD_PROVIN": 131.0, "PROVINCIA": "SANTIAGO", "COD_COMUNA": 13101.0, "COMUNA": "SANTIAGO", "DIRECCION": "AVENIDA REPUBLICA", "NUMERO_DI": 517.0, "LUGAR_REFE": ", BARRIO UNIVERSITARIO", "LATITUD": -33.454822, "LONGITUD": -70.667175, "centroide_x": 345054.78655053495, "centroide_y": 6297046.6554575358, "crs_original": "EPSG:4326", "fecha_normalizacion": "2025-10-10 01:59:23" }, "geometry": { "type": "Point", "coordinates": [ 345054.78655053494731, 6297046.655457535758615 ] } },
{ "type": "Feature", "properties": { "AÑO": 2020.0, "COD_INST": 123.0, "TIPO_INST": "Institutos Profesionales", "NOMBRE_INS": "IP DE CHILE", "NOMBRE_INM": "GIMNASIO TOESCA", "COD_REGION": 13.0, "REGIÓN": "REGIÓN METROPOLITANA DE SANTIAGO", "COD_PROVIN": 131.0, "PROVINCIA": "SANTIAGO", "COD_COMUNA": 13101.0, "COMUNA": "SANTIAGO", "DIRECCION": "TOESCA", "NUMERO_DI": 2486.0, "LUGAR_REFE": "- GAY 2483 -2485 -2487", "LATITUD": -33.455222, "LONGITUD": -70.670094, "centroide_x": 344784.18084585865, "centroide_y": 6296997.9434581604, "crs_original": "EPSG:4326", "fecha_normalizacion": "2025-10-10 01:59:23" }, "geometry": { "type": "Point", "coordinates": [ 344784.180845858645625, 6296997.943458160385489 ] } },
{ "type": "Feature", "properties": { "AÑO": 2020.0, "COD_INST": 123.0, "TIPO_INST": "Institutos Profesionales", "NOMBRE_INS": "IP DE CHILE", "NOMBRE_INM": "GIMNASIO 2 TOESCA", "COD_REGION": 13.0, "REGIÓN": "REGIÓN METROPOLITANA DE SANTIAGO", "COD_PROVIN": 131.0, "PROVINCIA": "SANTIAGO", "COD_COMUNA": 13101.0, "COMUNA": "SANTIAGO", "DIRECCION": "CLAUDIO GAY", "NUMERO_DI": 2503.0, "LUGAR_REFE": "-2509", "LATITUD": -33.456177, "LONGITUD": -70.670117, "centroide_x": 344783.74523599725, "centroide_y": 6296892.0121544618, "crs_original": "EPSG:4326", "fecha_normalizacion": "2025-10-10 01:59:23" }, "geometry": { "type": "Point", "coordinates": [ 344783.745235997252166, 6296892.012154461815953 ] } },
{ "type": "Feature", "properties": { "AÑO": 2020.0, "COD_INST": 70.0, "TIPO_INST": "Universidades Estatales CRUCH", "NOMBRE_INS": "UNIVERSIDAD DE CHILE", "NOMBRE_INM": "FACULTAD DE CIENCIAS FISICAS Y MATEMATICAS RECINTO DE GIMNASIO", "COD_REGION": 13.0, "REGIÓN": "REGIÓN METROPOLITANA DE SANTIAGO", "COD_PROVIN": 131.0, "PROVINCIA": "SANTIAGO", "COD_COMUNA": 13101.0, "COMUNA": "SANTIAGO", "DIRECCION": "DOMEYKO", "NUMERO_DI": 2092.0, "LUGAR_REFE": null, "LATITUD": -33.456341, "LONGITUD": -70.663941, "centroide_x": 345358.08147420315, "centroide_y": 6296883.0371103995, "crs_original": "EPSG:4326", "fecha_normalizacion": "2025-10-10 01:59:23" }, "geometry": { "type": "Point", "coordinates": [ 345358.081474203150719, 6296883.037110399454832 ] } },
{ "type": "Feature", "properties": { "AÑO": 2020.0, "COD_INST": 70.0, "TIPO_INST": "Universidades Estatales CRUCH", "NOMBRE_INS": "UNIVERSIDAD DE CHILE", "NOMBRE_INM": "FACULTAD DE CIENCIAS FISICAS Y MATEMATICAS CASA ROJA NICLABS", "COD_REGION": 13.0, "REGIÓN": "REGIÓN METROPOLITANA DE SANTIAGO", "COD_PROVIN": 131.0, "PROVINCIA": "SANTIAGO", "COD_COMUNA": 13101.0, "COMUNA": "SANTIAGO", "DIRECCION": "AVENIDA BLANCO ENCALADA", "NUMERO_DI": 1975.0, "LUGAR_REFE": null, "LATITUD": -33.456598, "LONGITUD": -70.662187, "centroide_x": 345521.56721865962, "centroide_y": 6296857.1487828037, "crs_original": "EPSG:4326", "fecha_normalizacion": "2025-10-10 01:59:23" }, "geometry": { "type": "Point", "coordinates": [ 345521.567218659620266, 6296857.148782803677022 ] } },
{ "type": "Feature", "properties": { "AÑO": 2020.0, "COD_INST": 70.0, "TIPO_INST": "Universidades Estatales CRUCH", "NOMBRE_INS": "UNIVERSIDAD DE CHILE", "NOMBRE_INM": "FACULTAD DE CIENCIAS FISICAS Y MATEMATICAS DEPARTAMENTO DE INGENIERIA INDUSTRIAL", "COD_REGION": 13.0, "REGIÓN": "REGIÓN METROPOLITANA DE SANTIAGO", "COD_PROVIN": 131.0, "PROVINCIA": "SANTIAGO", "COD_COMUNA": 13101.0, "COMUNA": "SANTIAGO", "DIRECCION": "DOMEYKO", "NUMERO_DI": 2313.0, "LUGAR_REFE": null, "LATITUD": -33.456626, "LONGITUD": -70.666856, "centroide_x": 345087.64653408725, "centroide_y": 6296847.0914296154, "crs_original": "EPSG:4326", "fecha_normalizacion": "2025-10-10 01:59:23" }, "geometry": { "type": "Point", "coordinates": [ 345087.646534087252803, 6296847.091429615393281 ] } },
{ "type": "Feature", "properties": { "AÑO": 2020.0, "COD_INST": 70.0, "TIPO_INST": "Universidades Estatales CRUCH", "NOMBRE_INS": "UNIVERSIDAD DE CHILE", "NOMBRE_INM": "FACULTAD DE CIENCIAS FISICAS Y MATEMATICAS DEPARTAMENTO DE INGENIERIA INDUSTRIAL", "COD_REGION": 13.0, "REGIÓN": "REGIÓN METROPOLITANA DE SANTIAGO", "COD_PROVIN": 131.0, "PROVINCIA": "SANTIAGO", "COD_COMUNA": 13101.0, "COMUNA": "SANTIAGO", "DIRECCION": "DOMEYKO", "NUMERO_DI": 2359.0, "LUGAR_REFE": "-2367", "LATITUD": -33.456731, "LONGITUD": -70.667481, "centroide_x": 345029.74138278293, "centroide_y": 6296834.5161571093, "crs_original": "EPSG:4326", "fecha_normalizacion": "2025-10-10 01:59:23" }, "geometry": { "type": "Point", "coordinates": [ 345029.741382782929577, 6296834.516157109290361 ] } },
{ "type": "Feature", "properties": { "AÑO": 2020.0, "COD_INST": 70.0, "TIPO_INST": "Universidades Estatales CRUCH", "NOMBRE_INS": "UNIVERSIDAD DE CHILE", "NOMBRE_INM": "FACULTAD DE CIENCIAS FISICAS Y MATEMATICAS DEPARTAMENTO DE INGENIERIA INDUSTRIAL", "COD_REGION": 13.0, "REGIÓN": "REGIÓN METROPOLITANA DE SANTIAGO", "COD_PROVIN": 131.0, "PROVINCIA": "SANTIAGO", "COD_COMUNA": 13101.0, "COMUNA": "SANTIAGO", "DIRECCION": "DOMEYKO", "NUMERO_DI": 2361.0, "LUGAR_REFE": "-2365", "LATITUD": -33.456766, "LONGITUD": -70.667532, "centroide_x": 345025.06336960546, "centroide_y": 6296830.5590391811, "crs_original": "EPSG:4326", "fecha_normalizacion": "2025-10-10 01:59:23" }, "geometry": { "type": "Point", "coordinates": [ 345025.06336960545741, 6296830.559039181098342 ] } },
{ "type": "Feature", "properties": { "AÑO": 2020.0, "COD_INST": 70.0, "TIPO_INST": "Universidades Estatales CRUCH", "NOMBRE_INS": "UNIVERSIDAD DE CHILE", "NOMBRE_INM": "FACULTAD DE CIENCIAS FISICAS Y MATEMATICAS CASA ALESSANDRI", "COD_REGION": 13.0, "REGIÓN": "REGIÓN METROPOLITANA DE SANTIAGO", "COD_PROVIN": 131.0, "PROVINCIA": "SANTIAGO", "COD_COMUNA": 13101.0, "COMUNA": "SANTIAGO", "DIRECCION": "REPUBLICA", "NUMERO_DI": 701.0, "LUGAR_REFE": null, "LATITUD": -33.456872, "LONGITUD": -70.666847, "centroide_x": 345088.92068751535, "centroide_y": 6296819.8266990315, "crs_original": "EPSG:4326", "fecha_normalizacion": "2025-10-10 01:59:23" }, "geometry": { "type": "Point", "coordinates": [ 345088.920687515346799, 6296819.82669903151691 ] } },
{ "type": "Feature", "properties": { "AÑO": 2020.0, "COD_INST": 70.0, "TIPO_INST": "Universidades Estatales CRUCH", "NOMBRE_INS": "UNIVERSIDAD DE CHILE", "NOMBRE_INM": "FACULTAD DE CIENCIAS FISICAS Y MATEMATICAS EDIFICIO CIVIL GEOFISICA", "COD_REGION": 13.0, "REGIÓN": "REGIÓN METROPOLITANA DE SANTIAGO", "COD_PROVIN": 131.0, "PROVINCIA": "SANTIAGO", "COD_COMUNA": 13101.0, "COMUNA": "SANTIAGO", "DIRECCION": "AVENIDA BLANCO ENCALADA", "NUMERO_DI": 2008.0, "LUGAR_REFE": null, "LATITUD": -33.457147, "LONGITUD": -70.662719, "centroide_x": 345473.09356750501, "centroide_y": 6296795.4807764459, "crs_original": "EPSG:4326", "fecha_normalizacion": "2025-10-10 01:59:23" }, "geometry": { "type": "Point", "coordinates": [ 345473.093567505013198, 6296795.480776445940137 ] } },
{ "type": "Feature", "properties": { "AÑO": 2020.0, "COD_INST": 70.0, "TIPO_INST": "Universidades Estatales CRUCH", "NOMBRE_INS": "UNIVERSIDAD DE CHILE", "NOMBRE_INM": "FACULTAD DE CIENCIAS FISICAS Y MATEMATICAS REPUBLICA 779", "COD_REGION": 13.0, "REGIÓN": "REGIÓN METROPOLITANA DE SANTIAGO", "COD_PROVIN": 131.0, "PROVINCIA": "SANTIAGO", "COD_COMUNA": 13101.0, "COMUNA": "SANTIAGO", "DIRECCION": "REPUBLICA", "NUMERO_DI": 779.0, "LUGAR_REFE": null, "LATITUD": -33.457161, "LONGITUD": -70.666727, "centroide_x": 345100.58841306309, "centroide_y": 6296787.9593493054, "crs_original": "EPSG:4326", "fecha_normalizacion": "2025-10-10 01:59:23" }, "geometry": { "type": "Point", "coordinates": [ 345100.588413063087501, 6296787.95934930536896 ] } },
{ "type": "Feature", "properties": { "AÑO": 2020.0, "COD_INST": 70.0, "TIPO_INST": "Universidades Estatales CRUCH", "NOMBRE_INS": "UNIVERSIDAD DE CHILE", "NOMBRE_INM": "FACULTAD DE CIENCIAS FISICAS Y MATEMATICAS EDIFICIO FISICA", "COD_REGION": 13.0, "REGIÓN": "REGIÓN METROPOLITANA DE SANTIAGO", "COD_PROVIN": 131.0, "PROVINCIA": "SANTIAGO", "COD_COMUNA": 13101.0, "COMUNA": "SANTIAGO", "DIRECCION": "AVENIDA BLANCO ENCALADA", "NUMERO_DI": 2002.0, "LUGAR_REFE": null, "LATITUD": -33.457288, "LONGITUD": -70.662039, "centroide_x": 345536.54735515278, "centroide_y": 6296780.8570320019, "crs_original": "EPSG:4326", "fecha_normalizacion": "2025-10-10 01:59:23" }, "geometry": { "type": "Point", "coordinates": [ 345536.547355152782984, 6296780.857032001949847 ] } },
{ "type": "Feature", "properties": { "AÑO": 2020.0, "COD_INST": 70.0, "TIPO_INST": "Universidades Estatales CRUCH", "NOMBRE_INS": "UNIVERSIDAD DE CHILE", "NOMBRE_INM": "FACULTAD DE CIENCIAS FISICAS Y MATEMATICAS EDIFICIO ERCILLA 847", "COD_REGION": 13.0, "REGIÓN": "REGIÓN METROPOLITANA DE SANTIAGO", "COD_PROVIN": 131.0, "PROVINCIA": "SANTIAGO", "COD_COMUNA": 13101.0, "COMUNA": "SANTIAGO", "DIRECCION": "PLAZA ERCILLA", "NUMERO_DI": 847.0, "LUGAR_REFE": null, "LATITUD": -33.457581, "LONGITUD": -70.661087, "centroide_x": 345625.55178640096, "centroide_y": 6296749.7823343696, "crs_original": "EPSG:4326", "fecha_normalizacion": "2025-10-10 01:59:23" }, "geometry": { "type": "Point", "coordinates": [ 345625.551786400959827, 6296749.78233436960727 ] } },
{ "type": "Feature", "properties": { "AÑO": 2020.0, "COD_INST": 70.0, "TIPO_INST": "Universidades Estatales CRUCH", "NOMBRE_INS": "UNIVERSIDAD DE CHILE", "NOMBRE_INM": "FACULTAD DE CIENCIAS FISICAS Y MATEMATICAS EDIFICIO ESCUELA Y TORRE CENTRAL", "COD_REGION": 13.0, "REGIÓN": "REGIÓN METROPOLITANA DE SANTIAGO", "COD_PROVIN": 131.0, "PROVINCIA": "SANTIAGO", "COD_COMUNA": 13101.0, "COMUNA": "SANTIAGO", "DIRECCION": "AVENIDA BEAUCHEF", "NUMERO_DI": 850.0, "LUGAR_REFE": null, "LATITUD": -33.457786, "LONGITUD": -70.663598, "centroide_x": 345392.52808338054, "centroide_y": 6296723.3163134083, "crs_original": "EPSG:4326", "fecha_normalizacion": "2025-10-10 01:59:23" }, "geometry": { "type": "Point", "coordinates": [ 345392.528083380544558, 6296723.316313408315182 ] } },
{ "type": "Feature", "properties": { "AÑO": 2020.0, "COD_INST": 70.0, "TIPO_INST": "Universidades Estatales CRUCH", "NOMBRE_INS": "UNIVERSIDAD DE CHILE", "NOMBRE_INM": "FACULTAD DE CIENCIAS FISICAS Y MATEMATICAS EDIFICIO DEPARTAMENTO INGENIERIA ELECTRICA", "COD_REGION": 13.0, "REGIÓN": "REGIÓN METROPOLITANA DE SANTIAGO", "COD_PROVIN": 131.0, "PROVINCIA": "SANTIAGO", "COD_COMUNA": 13101.0, "COMUNA": "SANTIAGO", "DIRECCION": "TUPPER", "NUMERO_DI": 2007.0, "LUGAR_REFE": null, "LATITUD": -33.458017, "LONGITUD": -70.661989, "centroide_x": 345542.48779869039, "centroide_y": 6296700.0949702915, "crs_original": "EPSG:4326", "fecha_normalizacion": "2025-10-10 01:59:23" }, "geometry": { "type": "Point", "coordinates": [ 345542.487798690388445, 6296700.094970291480422 ] } },
{ "type": "Feature", "properties": { "AÑO": 2020.0, "COD_INST": 70.0, "TIPO_INST": "Universidades Estatales CRUCH", "NOMBRE_INS": "UNIVERSIDAD DE CHILE", "NOMBRE_INM": "FACULTAD DE CIENCIAS FISICAS Y MATEMATICAS EDIFICIO GEOLOGIA", "COD_REGION": 13.0, "REGIÓN": "REGIÓN METROPOLITANA DE SANTIAGO", "COD_PROVIN": 131.0, "PROVINCIA": "SANTIAGO", "COD_COMUNA": 13101.0, "COMUNA": "SANTIAGO", "DIRECCION": "PLAZA ERCILLA", "NUMERO_DI": 803.0, "LUGAR_REFE": null, "LATITUD": -33.458068, "LONGITUD": -70.661217, "centroide_x": 345614.33225235622, "centroide_y": 6296695.5873271786, "crs_original": "EPSG:4326", "fecha_normalizacion": "2025-10-10 01:59:23" }, "geometry": { "type": "Point", "coordinates": [ 345614.332252356223762, 6296695.587327178567648 ] } },
{ "type": "Feature", "properties": { "AÑO": 2020.0, "COD_INST": 70.0, "TIPO_INST": "Universidades Estatales CRUCH", "NOMBRE_INS": "UNIVERSIDAD DE CHILE", "NOMBRE_INM": "FACULTAD DE CIENCIAS FISICAS Y MATEMATICAS EDIFICIO MINAS", "COD_REGION": 13.0, "REGIÓN": "REGIÓN METROPOLITANA DE SANTIAGO", "COD_PROVIN": 131.0, "PROVINCIA": "SANTIAGO", "COD_COMUNA": 13101.0, "COMUNA": "SANTIAGO", "DIRECCION": "TUPPER", "NUMERO_DI": 2069.0, "LUGAR_REFE": null, "LATITUD": -33.458154, "LONGITUD": -70.662592, "centroide_x": 345486.68467953941, "centroide_y": 6296684.0067588454, "crs_original": "EPSG:4326", "fecha_normalizacion": "2025-10-10 01:59:23" }, "geometry": { "type": "Point", "coordinates": [ 345486.684679539408535, 6296684.006758845411241 ] } },
{ "type": "Feature", "properties": { "AÑO": 2020.0, "COD_INST": 70.0, "TIPO_INST": "Universidades Estatales CRUCH", "NOMBRE_INS": "UNIVERSIDAD DE CHILE", "NOMBRE_INM": "FACULTAD DE MEDICINA CAMPUS CENTRO", "COD_REGION": 13.0, "REGIÓN": "REGIÓN METROPOLITANA DE SANTIAGO", "COD_PROVIN": 131.0, "PROVINCIA": "SANTIAGO", "COD_COMUNA": 13101.0, "COMUNA": "SANTIAGO", "DIRECCION": "AVENIDA SANTA ROSA", "NUMERO_DI": 1234.0, "LUGAR_REFE": null, "LATITUD": -33.460873, "LONGITUD": -70.641939, "centroide_x": 347411.04931011784, "centroide_y": 6296413.0350102047, "crs_original": "EPSG:4326", "fecha_normalizacion": "2025-10-10 01:59:23" }, "geometry": { "type": "Point", "coordinates": [ 347411.049310117843561, 6296413.035010204650462 ] } },
{ "type": "Feature", "properties": { "AÑO": 2020.0, "COD_INST": 50.0, "TIPO_INST": "Universidades Privadas", "NOMBRE_INS": "UNIVERSIDAD BERNARDO O'HIGGINS", "NOMBRE_INM": "CASA CENTRAL", "COD_REGION": 13.0, "REGIÓN": "REGIÓN METROPOLITANA DE SANTIAGO", "COD_PROVIN": 131.0, "PROVINCIA": "SANTIAGO", "COD_COMUNA": 13101.0, "COMUNA": "SANTIAGO", "DIRECCION": "AVENIDA VIEL", "NUMERO_DI": 1497.0, "LUGAR_REFE": null, "LATITUD": -33.467109, "LONGITUD": -70.6575, "centroide_x": 345975.80676071311, "centroide_y": 6295698.5786933247, "crs_original": "EPSG:4326", "fecha_normalizacion": "2025-10-10 01:59:23" }, "geometry": { "type": "Point", "coordinates": [ 345975.806760713108815, 6295698.578693324699998 ] } },
{ "type": "Feature", "properties": { "AÑO": 2020.0, "COD_INST": 50.0, "TIPO_INST": "Universidades Privadas", "NOMBRE_INS": "UNIVERSIDAD BERNARDO O'HIGGINS", "NOMBRE_INM": "CENTRO DE EXTENSION CULTURAL", "COD_REGION": 13.0, "REGIÓN": "REGIÓN METROPOLITANA DE SANTIAGO", "COD_PROVIN": 131.0, "PROVINCIA": "SANTIAGO", "COD_COMUNA": 13101.0, "COMUNA": "SANTIAGO", "DIRECCION": "FABRICA", "NUMERO_DI": 1861.0, "LUGAR_REFE": null, "LATITUD": -33.470985, "LONGITUD": -70.657306, "centroide_x": 346000.69436615921, "centroide_y": 6295269.0692114383, "crs_original": "EPSG:4326", "fecha_normalizacion": "2025-10-10 01:59:23" }, "geometry": { "type": "Point", "coordinates": [ 346000.694366159208585, 6295269.069211438298225 ] } },
{ "type": "Feature", "properties": { "AÑO": 2020.0, "COD_INST": 50.0, "TIPO_INST": "Universidades Privadas", "NOMBRE_INS": "UNIVERSIDAD BERNARDO O'HIGGINS", "NOMBRE_INM": "CENTRO DE EXTENSION CULTURAL", "COD_REGION": 13.0, "REGIÓN": "REGIÓN METROPOLITANA DE SANTIAGO", "COD_PROVIN": 131.0, "PROVINCIA": "SANTIAGO", "COD_COMUNA": 13101.0, "COMUNA": "SANTIAGO", "DIRECCION": "FABRICA", "NUMERO_DI": 1865.0, "LUGAR_REFE": "-1867", "LATITUD": -33.471121, "LONGITUD": -70.657306, "centroide_x": 346000.93501237937, "centroide_y": 6295253.9886044208, "crs_original": "EPSG:4326", "fecha_normalizacion": "2025-10-10 01:59:23" }, "geometry": { "type": "Point", "coordinates": [ 346000.935012379370164, 6295253.988604420796037 ] } },
{ "type": "Feature", "properties": { "AÑO": 2020.0, "COD_INST": 50.0, "TIPO_INST": "Universidades Privadas", "NOMBRE_INS": "UNIVERSIDAD BERNARDO O'HIGGINS", "NOMBRE_INM": "CLINICA JURIDICA", "COD_REGION": 13.0, "REGIÓN": "REGIÓN METROPOLITANA DE SANTIAGO", "COD_PROVIN": 131.0, "PROVINCIA": "SANTIAGO", "COD_COMUNA": 13101.0, "COMUNA": "SANTIAGO", "DIRECCION": "FABRICA", "NUMERO_DI": 1890.0, "LUGAR_REFE": null, "LATITUD": -33.471316, "LONGITUD": -70.656998, "centroide_x": 346029.90291147918, "centroide_y": 6295232.8223797288, "crs_original": "EPSG:4326", "fecha_normalizacion": "2025-10-10 01:59:23" }, "geometry": { "type": "Point", "coordinates": [ 346029.902911479177419, 6295232.822379728779197 ] } },
{ "type": "Feature", "properties": { "AÑO": 2020.0, "COD_INST": 50.0, "TIPO_INST": "Universidades Privadas", "NOMBRE_INS": "UNIVERSIDAD BERNARDO O'HIGGINS", "NOMBRE_INM": "CAMPUS RONDIZZONI EDIFICIO UNO", "COD_REGION": 13.0, "REGIÓN": "REGIÓN METROPOLITANA DE SANTIAGO", "COD_PROVIN": 131.0, "PROVINCIA": "SANTIAGO", "COD_COMUNA": 13101.0, "COMUNA": "SANTIAGO", "DIRECCION": "GENERAL GANA", "NUMERO_DI": 1702.0, "LUGAR_REFE": null, "LATITUD": -33.471796, "LONGITUD": -70.657401, "centroide_x": 345993.30097992462, "centroide_y": 6295178.9991139648, "crs_original": "EPSG:4326", "fecha_normalizacion": "2025-10-10 01:59:23" }, "geometry": { "type": "Point", "coordinates": [ 345993.30097992462106, 6295178.99911396484822 ] } },
{ "type": "Feature", "properties": { "AÑO": 2020.0, "COD_INST": 50.0, "TIPO_INST": "Universidades Privadas", "NOMBRE_INS": "UNIVERSIDAD BERNARDO O'HIGGINS", "NOMBRE_INM": "CAMPUS BOULEVARD", "COD_REGION": 13.0, "REGIÓN": "REGIÓN METROPOLITANA DE SANTIAGO", "COD_PROVIN": 131.0, "PROVINCIA": "SANTIAGO", "COD_COMUNA": 13101.0, "COMUNA": "SANTIAGO", "DIRECCION": "AVENIDA VIEL PONIENTE", "NUMERO_DI": 1965.0, "LUGAR_REFE": null, "LATITUD": -33.472625, "LONGITUD": -70.656161, "centroide_x": 346110.00111054408, "centroide_y": 6295088.9122321326, "crs_original": "EPSG:4326", "fecha_normalizacion": "2025-10-10 01:59:23" }, "geometry": { "type": "Point", "coordinates": [ 346110.001110544078983, 6295088.91223213262856 ] } },
{ "type": "Feature", "properties": { "AÑO": 2020.0, "COD_INST": 42.0, "TIPO_INST": "Universidades Privadas", "NOMBRE_INS": "UNIVERSIDAD CATÓLICA CARDENAL RAÚL SILVA HENRÍQUEZ", "NOMBRE_INM": "UNIVERSIDAD CATOLICA SILVA HENRIQUEZ", "COD_REGION": 13.0, "REGIÓN": "REGIÓN METROPOLITANA DE SANTIAGO", "COD_PROVIN": 131.0, "PROVINCIA": "SANTIAGO", "COD_COMUNA": 13101.0, "COMUNA": "SANTIAGO", "DIRECCION": "ROOT", "NUMERO_DI": 528.0, "LUGAR_REFE": null, "LATITUD": -33.44719, "LONGITUD": -70.642771, "centroide_x": 347309.73326342623, "centroide_y": 6297929.0686320513, "crs_original": "EPSG:4326", "fecha_normalizacion": "2025-10-10 01:59:23" }, "geometry": { "type": "Point", "coordinates": [ 347309.733263426227495, 6297929.068632051348686 ] } },
{ "type": "Feature", "properties": { "AÑO": 2020.0, "COD_INST": 218.0, "TIPO_INST": "Centros de Formación Técnica", "NOMBRE_INS": "CFT DE ENAC", "NOMBRE_INM": "CFT ENAC 4", "COD_REGION": 13.0, "REGIÓN": "REGIÓN METROPOLITANA DE SANTIAGO", "COD_PROVIN": 131.0, "PROVINCIA": "SANTIAGO", "COD_COMUNA": 13101.0, "COMUNA": "SANTIAGO", "DIRECCION": "AVENIDA LIBERTADOR BERNARDO O'HIGGINS", "NUMERO_DI": 1958.0, "LUGAR_REFE": null, "LATITUD": -33.44746, "LONGITUD": -70.663215, "centroide_x": 345409.79871844966, "centroide_y": 6297868.9017526265, "crs_original": "EPSG:4326", "fecha_normalizacion": "2025-10-10 01:59:23" }, "geometry": { "type": "Point", "coordinates": [ 345409.798718449659646, 6297868.901752626523376 ] } },
{ "type": "Feature", "properties": { "AÑO": 2020.0, "COD_INST": 70.0, "TIPO_INST": "Universidades Estatales CRUCH", "NOMBRE_INS": "UNIVERSIDAD DE CHILE", "NOMBRE_INM": "FACULTAD DE ARTES SEDE MORANDE", "COD_REGION": 13.0, "REGIÓN": "REGIÓN METROPOLITANA DE SANTIAGO", "COD_PROVIN": 131.0, "PROVINCIA": "SANTIAGO", "COD_COMUNA": 13101.0, "COMUNA": "SANTIAGO", "DIRECCION": "MORANDE", "NUMERO_DI": 750.0, "LUGAR_REFE": null, "LATITUD": -33.435009, "LONGITUD": -70.654833, "centroide_x": 346166.98194200132, "centroide_y": 6299261.9852528851, "crs_original": "EPSG:4326", "fecha_normalizacion": "2025-10-10 01:59:23" }, "geometry": { "type": "Point", "coordinates": [ 346166.98194200132275, 6299261.985252885147929 ] } },
{ "type": "Feature", "properties": { "AÑO": 2020.0, "COD_INST": 74.0, "TIPO_INST": "Universidades Estatales CRUCH", "NOMBRE_INS": "UNIVERSIDAD DE LA SERENA", "NOMBRE_INM": "OFICINA SANTIAGO ULS", "COD_REGION": 13.0, "REGIÓN": "REGIÓN METROPOLITANA DE SANTIAGO", "COD_PROVIN": 131.0, "PROVINCIA": "SANTIAGO", "COD_COMUNA": 13101.0, "COMUNA": "SANTIAGO", "DIRECCION": "MONJITAS", "NUMERO_DI": 557.0, "LUGAR_REFE": "OFICINA 716", "LATITUD": -33.436357, "LONGITUD": -70.645361, "centroide_x": 347049.95949991897, "centroide_y": 6299126.4887010418, "crs_original": "EPSG:4326", "fecha_normalizacion": "2025-10-10 01:59:23" }, "geometry": { "type": "Point", "coordinates": [ 347049.959499918972142, 6299126.488701041787863 ] } },
{ "type": "Feature", "properties": { "AÑO": 2020.0, "COD_INST": 74.0, "TIPO_INST": "Universidades Estatales CRUCH", "NOMBRE_INS": "UNIVERSIDAD DE LA SERENA", "NOMBRE_INM": "BODEGA 3 Y ALMACENAJE", "COD_REGION": 13.0, "REGIÓN": "REGIÓN METROPOLITANA DE SANTIAGO", "COD_PROVIN": 131.0, "PROVINCIA": "SANTIAGO", "COD_COMUNA": 13101.0, "COMUNA": "SANTIAGO", "DIRECCION": "JOSE MIGUEL DE LA BARRA", "NUMERO_DI": 450.0, "LUGAR_REFE": null, "LATITUD": -33.437156, "LONGITUD": -70.64381, "centroide_x": 347195.55456319521, "centroide_y": 6299040.1720126309, "crs_original": "EPSG:4326", "fecha_normalizacion": "2025-10-10 01:59:23" }, "geometry": { "type": "Point", "coordinates": [ 347195.554563195211813, 6299040.172012630850077 ] } },
{ "type": "Feature", "properties": { "AÑO": 2020.0, "COD_INST": 70.0, "TIPO_INST": "Universidades Estatales CRUCH", "NOMBRE_INS": "UNIVERSIDAD DE CHILE", "NOMBRE_INM": "FACULTAD DE CIENCIAS FISICAS Y MATEMATICAS NIC", "COD_REGION": 13.0, "REGIÓN": "REGIÓN METROPOLITANA DE SANTIAGO", "COD_PROVIN": 131.0, "PROVINCIA": "SANTIAGO", "COD_COMUNA": 13101.0, "COMUNA": "SANTIAGO", "DIRECCION": "MIRAFLORES", "NUMERO_DI": 222.0, "LUGAR_REFE": "PISO 14", "LATITUD": -33.439863, "LONGITUD": -70.645724, "centroide_x": 347022.36688298592, "centroide_y": 6298737.1881090924, "crs_original": "EPSG:4326", "fecha_normalizacion": "2025-10-10 01:59:23" }, "geometry": { "type": "Point", "coordinates": [ 347022.366882985923439, 6298737.188109092414379 ] } },
{ "type": "Feature", "properties": { "AÑO": 2020.0, "COD_INST": 11.0, "TIPO_INST": "Universidades Privadas", "NOMBRE_INS": "UNIVERSIDAD ACADEMIA DE HUMANISMO CRISTIANO", "NOMBRE_INM": "BARROSO", "COD_REGION": 13.0, "REGIÓN": "REGIÓN METROPOLITANA DE SANTIAGO", "COD_PROVIN": 131.0, "PROVINCIA": "SANTIAGO", "COD_COMUNA": 13101.0, "COMUNA": "SANTIAGO", "DIRECCION": "ALMIRANTE BARROSO", "NUMERO_DI": 352.0, "LUGAR_REFE": null, "LATITUD": -33.440097, "LONGITUD": -70.662383, "centroide_x": 345474.07988643367, "centroide_y": 6298686.5963772312, "crs_original": "EPSG:4326", "fecha_normalizacion": "2025-10-10 01:59:23" }, "geometry": { "type": "Point", "coordinates": [ 345474.079886433668435, 6298686.596377231180668 ] } },
{ "type": "Feature", "properties": { "AÑO": 2020.0, "COD_INST": 74.0, "TIPO_INST": "Universidades Estatales CRUCH", "NOMBRE_INS": "UNIVERSIDAD DE LA SERENA", "NOMBRE_INM": "CASA DE HUESPEDES  FACULTAD INGENIERIA", "COD_REGION": 13.0, "REGIÓN": "REGIÓN METROPOLITANA DE SANTIAGO", "COD_PROVIN": 131.0, "PROVINCIA": "SANTIAGO", "COD_COMUNA": 13101.0, "COMUNA": "SANTIAGO", "DIRECCION": "SAN MARTIN", "NUMERO_DI": 237.0, "LUGAR_REFE": "DEPTO 1303", "LATITUD": -33.441062, "LONGITUD": -70.657657, "centroide_x": 345915.13776964031, "centroide_y": 6298586.6076975577, "crs_original": "EPSG:4326", "fecha_normalizacion": "2025-10-10 01:59:23" }, "geometry": { "type": "Point", "coordinates": [ 345915.137769640306942, 6298586.607697557657957 ] } },
{ "type": "Feature", "properties": { "AÑO": 2020.0, "COD_INST": 76.0, "TIPO_INST": "Universidades Estatales CRUCH", "NOMBRE_INS": "UNIVERSIDAD DE LA FRONTERA", "NOMBRE_INM": "OFICINA SANTIAGO", "COD_REGION": 13.0, "REGIÓN": "REGIÓN METROPOLITANA DE SANTIAGO", "COD_PROVIN": 131.0, "PROVINCIA": "SANTIAGO", "COD_COMUNA": 13101.0, "COMUNA": "SANTIAGO", "DIRECCION": "MONEDA", "NUMERO_DI": 673.0, "LUGAR_REFE": ", PISO 8", "LATITUD": -33.441219, "LONGITUD": -70.645802, "centroide_x": 347017.49641844106, "centroide_y": 6298586.7118001506, "crs_original": "EPSG:4326", "fecha_normalizacion": "2025-10-10 01:59:23" }, "geometry": { "type": "Point", "coordinates": [ 347017.496418441063724, 6298586.711800150573254 ] } },
{ "type": "Feature", "properties": { "AÑO": 2020.0, "COD_INST": 77.0, "TIPO_INST": "Universidades Estatales CRUCH", "NOMBRE_INS": "UNIVERSIDAD DE MAGALLANES", "NOMBRE_INM": "OFICINA Y ESTACIONAMIENTOS SANTIAGO", "COD_REGION": 13.0, "REGIÓN": "REGIÓN METROPOLITANA DE SANTIAGO", "COD_PROVIN": 131.0, "PROVINCIA": "SANTIAGO", "COD_COMUNA": 13101.0, "COMUNA": "SANTIAGO", "DIRECCION": "MONEDA", "NUMERO_DI": 625.0, "LUGAR_REFE": "675", "LATITUD": -33.441219, "LONGITUD": -70.645802, "centroide_x": 347017.49641844106, "centroide_y": 6298586.7118001506, "crs_original": "EPSG:4326", "fecha_normalizacion": "2025-10-10 01:59:23" }, "geometry": { "type": "Point", "coordinates": [ 347017.496418441063724, 6298586.711800150573254 ] } },
{ "type": "Feature", "properties": { "AÑO": 2020.0, "COD_INST": 69.0, "TIPO_INST": "Universidades Privadas CRUCH", "NOMBRE_INS": "UNIVERSIDAD ALBERTO HURTADO", "NOMBRE_INM": "CASA DIRECCION DE COMUNICACIONES", "COD_REGION": 13.0, "REGIÓN": "REGIÓN METROPOLITANA DE SANTIAGO", "COD_PROVIN": 131.0, "PROVINCIA": "SANTIAGO", "COD_COMUNA": 13101.0, "COMUNA": "SANTIAGO", "DIRECCION": "ALMIRANTE BARROSO", "NUMERO_DI": 60.0, "LUGAR_REFE": null, "LATITUD": -33.444305, "LONGITUD": -70.661943, "centroide_x": 345522.4454000956, "centroide_y": 6298220.6403202852, "crs_original": "EPSG:4326", "fecha_normalizacion": "2025-10-10 01:59:23" }, "geometry": { "type": "Point", "coordinates": [ 345522.445400095602963, 6298220.640320285223424 ] } },
{ "type": "Feature", "properties": { "AÑO": 2020.0, "COD_INST": 69.0, "TIPO_INST": "Universidades Privadas CRUCH", "NOMBRE_INS": "UNIVERSIDAD ALBERTO HURTADO", "NOMBRE_INM": "EDIFICIO CARDENAL RAUL SILVA HENRRIQUEZ", "COD_REGION": 13.0, "REGIÓN": "REGIÓN METROPOLITANA DE SANTIAGO", "COD_PROVIN": 131.0, "PROVINCIA": "SANTIAGO", "COD_COMUNA": 13101.0, "COMUNA": "SANTIAGO", "DIRECCION": "ERASMO ESCALA", "NUMERO_DI": 1872.0, "LUGAR_REFE": "-1884", "LATITUD": -33.444736, "LONGITUD": -70.6626, "centroide_x": 345462.13502394676, "centroide_y": 6298171.8714157501, "crs_original": "EPSG:4326", "fecha_normalizacion": "2025-10-10 01:59:23" }, "geometry": { "type": "Point", "coordinates": [ 345462.135023946757428, 6298171.87141575012356 ] } },
{ "type": "Feature", "properties": { "AÑO": 2020.0, "COD_INST": 69.0, "TIPO_INST": "Universidades Privadas CRUCH", "NOMBRE_INS": "UNIVERSIDAD ALBERTO HURTADO", "NOMBRE_INM": "ABATE MOLINA SJ.", "COD_REGION": 13.0, "REGIÓN": "REGIÓN METROPOLITANA DE SANTIAGO", "COD_PROVIN": 131.0, "PROVINCIA": "SANTIAGO", "COD_COMUNA": 13101.0, "COMUNA": "SANTIAGO", "DIRECCION": "ALMIRANTE BARROSO", "NUMERO_DI": 40.0, "LUGAR_REFE": null, "LATITUD": -33.444792, "LONGITUD": -70.66204, "centroide_x": 345514.29183365998, "centroide_y": 6298166.4944068026, "crs_original": "EPSG:4326", "fecha_normalizacion": "2025-10-10 01:59:23" }, "geometry": { "type": "Point", "coordinates": [ 345514.29183365998324, 6298166.494406802579761 ] } },
{ "type": "Feature", "properties": { "AÑO": 2020.0, "COD_INST": 69.0, "TIPO_INST": "Universidades Privadas CRUCH", "NOMBRE_INS": "UNIVERSIDAD ALBERTO HURTADO", "NOMBRE_INM": "PIERE BIGGO SJ.", "COD_REGION": 13.0, "REGIÓN": "REGIÓN METROPOLITANA DE SANTIAGO", "COD_PROVIN": 131.0, "PROVINCIA": "SANTIAGO", "COD_COMUNA": 13101.0, "COMUNA": "SANTIAGO", "DIRECCION": "CIENFUEGOS", "NUMERO_DI": 46.0, "LUGAR_REFE": null, "LATITUD": -33.445092, "LONGITUD": -70.663201, "centroide_x": 345406.89788896882, "centroide_y": 6298131.5019078199, "crs_original": "EPSG:4326", "fecha_normalizacion": "2025-10-10 01:59:23" }, "geometry": { "type": "Point", "coordinates": [ 345406.897888968815096, 6298131.501907819882035 ] } },
{ "type": "Feature", "properties": { "AÑO": 2020.0, "COD_INST": 69.0, "TIPO_INST": "Universidades Privadas CRUCH", "NOMBRE_INS": "UNIVERSIDAD ALBERTO HURTADO", "NOMBRE_INM": "CASA BERNARDO HAVERSTAT", "COD_REGION": 13.0, "REGIÓN": "REGIÓN METROPOLITANA DE SANTIAGO", "COD_PROVIN": 131.0, "PROVINCIA": "SANTIAGO", "COD_COMUNA": 13101.0, "COMUNA": "SANTIAGO", "DIRECCION": "ALMIRANTE BARROSO", "NUMERO_DI": 31.0, "LUGAR_REFE": null, "LATITUD": -33.445142, "LONGITUD": -70.661402, "centroide_x": 345574.22057360917, "centroide_y": 6298128.6324064359, "crs_original": "EPSG:4326", "fecha_normalizacion": "2025-10-10 01:59:23" }, "geometry": { "type": "Point", "coordinates": [ 345574.22057360917097, 6298128.632406435906887 ] } },
{ "type": "Feature", "properties": { "AÑO": 2020.0, "COD_INST": 69.0, "TIPO_INST": "Universidades Privadas CRUCH", "NOMBRE_INS": "UNIVERSIDAD ALBERTO HURTADO", "NOMBRE_INM": "CEDEP", "COD_REGION": 13.0, "REGIÓN": "REGIÓN METROPOLITANA DE SANTIAGO", "COD_PROVIN": 131.0, "PROVINCIA": "SANTIAGO", "COD_COMUNA": 13101.0, "COMUNA": "SANTIAGO", "DIRECCION": "CIENFUEGOS", "NUMERO_DI": 29.0, "LUGAR_REFE": null, "LATITUD": -33.445193, "LONGITUD": -70.662317, "centroide_x": 345489.25318472367, "centroide_y": 6298121.6170985214, "crs_original": "EPSG:4326", "fecha_normalizacion": "2025-10-10 01:59:23" }, "geometry": { "type": "Point", "coordinates": [ 345489.2531847236678, 6298121.617098521441221 ] } },
{ "type": "Feature", "properties": { "AÑO": 2020.0, "COD_INST": 69.0, "TIPO_INST": "Universidades Privadas CRUCH", "NOMBRE_INS": "UNIVERSIDAD ALBERTO HURTADO", "NOMBRE_INM": "CLINICA JURIDICA", "COD_REGION": 13.0, "REGIÓN": "REGIÓN METROPOLITANA DE SANTIAGO", "COD_PROVIN": 131.0, "PROVINCIA": "SANTIAGO", "COD_COMUNA": 13101.0, "COMUNA": "SANTIAGO", "DIRECCION": "CIENFUEGOS", "NUMERO_DI": 39.0, "LUGAR_REFE": null, "LATITUD": -33.445223, "LONGITUD": -70.6627, "centroide_x": 345453.70297458553, "centroide_y": 6298117.7209721459, "crs_original": "EPSG:4326", "fecha_normalizacion": "2025-10-10 01:59:23" }, "geometry": { "type": "Point", "coordinates": [ 345453.702974585525226, 6298117.720972145907581 ] } },
{ "type": "Feature", "properties": { "AÑO": 2020.0, "COD_INST": 69.0, "TIPO_INST": "Universidades Privadas CRUCH", "NOMBRE_INS": "UNIVERSIDAD ALBERTO HURTADO", "NOMBRE_INM": "JORGE GONZALEZ FOSTER SJ.", "COD_REGION": 13.0, "REGIÓN": "REGIÓN METROPOLITANA DE SANTIAGO", "COD_PROVIN": 131.0, "PROVINCIA": "SANTIAGO", "COD_COMUNA": 13101.0, "COMUNA": "SANTIAGO", "DIRECCION": "CIENFUEGOS", "NUMERO_DI": 38.0, "LUGAR_REFE": "-40", "LATITUD": -33.445296, "LONGITUD": -70.663164, "centroide_x": 345410.69938697485, "centroide_y": 6298108.9360996047, "crs_original": "EPSG:4326", "fecha_normalizacion": "2025-10-10 01:59:23" }, "geometry": { "type": "Point", "coordinates": [ 345410.69938697485486, 6298108.936099604703486 ] } },
{ "type": "Feature", "properties": { "AÑO": 2020.0, "COD_INST": 70.0, "TIPO_INST": "Universidades Estatales CRUCH", "NOMBRE_INS": "UNIVERSIDAD DE CHILE", "NOMBRE_INM": "FACULTAD DE ARTES ISUCH AVENIDA LIBERTADOR BERNARDO OÂ´HIGGINS 1633", "COD_REGION": 13.0, "REGIÓN": "REGIÓN METROPOLITANA DE SANTIAGO", "COD_PROVIN": 131.0, "PROVINCIA": "SANTIAGO", "COD_COMUNA": 13101.0, "COMUNA": "SANTIAGO", "DIRECCION": "AVENIDA LIBERTADOR BERNARDO O'HIGGINS", "NUMERO_DI": 1633.0, "LUGAR_REFE": null, "LATITUD": -33.445312, "LONGITUD": -70.659244, "centroide_x": 345775.12782950571, "centroide_y": 6298112.9864902245, "crs_original": "EPSG:4326", "fecha_normalizacion": "2025-10-10 01:59:23" }, "geometry": { "type": "Point", "coordinates": [ 345775.127829505712725, 6298112.98649022448808 ] } },
{ "type": "Feature", "properties": { "AÑO": 2020.0, "COD_INST": 69.0, "TIPO_INST": "Universidades Privadas CRUCH", "NOMBRE_INS": "UNIVERSIDAD ALBERTO HURTADO", "NOMBRE_INM": "CASA DAE", "COD_REGION": 13.0, "REGIÓN": "REGIÓN METROPOLITANA DE SANTIAGO", "COD_PROVIN": 131.0, "PROVINCIA": "SANTIAGO", "COD_COMUNA": 13101.0, "COMUNA": "SANTIAGO", "DIRECCION": "CIENFUEGOS", "NUMERO_DI": 27.0, "LUGAR_REFE": null, "LATITUD": -33.445374, "LONGITUD": -70.662275, "centroide_x": 345493.47849031328, "centroide_y": 6298101.6090885121, "crs_original": "EPSG:4326", "fecha_normalizacion": "2025-10-10 01:59:23" }, "geometry": { "type": "Point", "coordinates": [ 345493.478490313282236, 6298101.609088512137532 ] } },
{ "type": "Feature", "properties": { "AÑO": 2020.0, "COD_INST": 69.0, "TIPO_INST": "Universidades Privadas CRUCH", "NOMBRE_INS": "UNIVERSIDAD ALBERTO HURTADO", "NOMBRE_INM": "CASA SAIEH", "COD_REGION": 13.0, "REGIÓN": "REGIÓN METROPOLITANA DE SANTIAGO", "COD_PROVIN": 131.0, "PROVINCIA": "SANTIAGO", "COD_COMUNA": 13101.0, "COMUNA": "SANTIAGO", "DIRECCION": "CIENFUEGOS", "NUMERO_DI": 25.0, "LUGAR_REFE": null, "LATITUD": -33.445404, "LONGITUD": -70.662381, "centroide_x": 345483.67803042411, "centroide_y": 6298098.1248852136, "crs_original": "EPSG:4326", "fecha_normalizacion": "2025-10-10 01:59:23" }, "geometry": { "type": "Point", "coordinates": [ 345483.678030424111057, 6298098.124885213561356 ] } },
{ "type": "Feature", "properties": { "AÑO": 2020.0, "COD_INST": 42.0, "TIPO_INST": "Universidades Privadas", "NOMBRE_INS": "UNIVERSIDAD CATÓLICA CARDENAL RAÚL SILVA HENRÍQUEZ", "NOMBRE_INM": "UNIVERSIDAD CATOLICA SILVA HENRIQUEZ", "COD_REGION": 13.0, "REGIÓN": "REGIÓN METROPOLITANA DE SANTIAGO", "COD_PROVIN": 131.0, "PROVINCIA": "SANTIAGO", "COD_COMUNA": 13101.0, "COMUNA": "SANTIAGO", "DIRECCION": "GENERAL JOFRE", "NUMERO_DI": 476.0, "LUGAR_REFE": "DEPARTAMENTO 36", "LATITUD": -33.446498, "LONGITUD": -70.642147, "centroide_x": 347366.52585923288, "centroide_y": 6298006.7185341902, "crs_original": "EPSG:4326", "fecha_normalizacion": "2025-10-10 01:59:23" }, "geometry": { "type": "Point", "coordinates": [ 347366.525859232875519, 6298006.71853419020772 ] } },
{ "type": "Feature", "properties": { "AÑO": 2020.0, "COD_INST": 42.0, "TIPO_INST": "Universidades Privadas", "NOMBRE_INS": "UNIVERSIDAD CATÓLICA CARDENAL RAÚL SILVA HENRÍQUEZ", "NOMBRE_INM": "UNIVERSIDAD CATOLICA SILVA HENRIQUEZ", "COD_REGION": 13.0, "REGIÓN": "REGIÓN METROPOLITANA DE SANTIAGO", "COD_PROVIN": 131.0, "PROVINCIA": "SANTIAGO", "COD_COMUNA": 13101.0, "COMUNA": "SANTIAGO", "DIRECCION": "TOCORNAL", "NUMERO_DI": 257.0, "LUGAR_REFE": null, "LATITUD": -33.446719, "LONGITUD": -70.641432, "centroide_x": 347433.37757235125, "centroide_y": 6297983.262695834, "crs_original": "EPSG:4326", "fecha_normalizacion": "2025-10-10 01:59:23" }, "geometry": { "type": "Point", "coordinates": [ 347433.377572351251729, 6297983.262695834040642 ] } },
{ "type": "Feature", "properties": { "AÑO": 2020.0, "COD_INST": 85.0, "TIPO_INST": "Universidades (* Carrera en Convenio)", "NOMBRE_INS": "UNIVERSIDAD TECNOLÓGICA METROPOLITANA", "NOMBRE_INM": "PALACIO ARIZTIA", "COD_REGION": 13.0, "REGIÓN": "REGIÓN METROPOLITANA DE SANTIAGO", "COD_PROVIN": 131.0, "PROVINCIA": "SANTIAGO", "COD_COMUNA": 13101.0, "COMUNA": "SANTIAGO", "DIRECCION": "AVENIDA LIBERTADOR BERNARDO O'HIGGINS", "NUMERO_DI": 1642.0, "LUGAR_REFE": null, "LATITUD": -33.446781, "LONGITUD": -70.659246, "centroide_x": 345777.54256193875, "centroide_y": 6297950.0913288165, "crs_original": "EPSG:4326", "fecha_normalizacion": "2025-10-10 01:59:23" }, "geometry": { "type": "Point", "coordinates": [ 345777.542561938753352, 6297950.091328816488385 ] } },
{ "type": "Feature", "properties": { "AÑO": 2020.0, "COD_INST": 42.0, "TIPO_INST": "Universidades Privadas", "NOMBRE_INS": "UNIVERSIDAD CATÓLICA CARDENAL RAÚL SILVA HENRÍQUEZ", "NOMBRE_INM": "UNIVERSIDAD CATOLICA SILVA HENRIQUEZ", "COD_REGION": 13.0, "REGIÓN": "REGIÓN METROPOLITANA DE SANTIAGO", "COD_PROVIN": 131.0, "PROVINCIA": "SANTIAGO", "COD_COMUNA": 13101.0, "COMUNA": "SANTIAGO", "DIRECCION": "TOCORNAL", "NUMERO_DI": 301.0, "LUGAR_REFE": null, "LATITUD": -33.447053, "LONGITUD": -70.641328, "centroide_x": 347443.63005485595, "centroide_y": 6297946.3794363216, "crs_original": "EPSG:4326", "fecha_normalizacion": "2025-10-10 01:59:23" }, "geometry": { "type": "Point", "coordinates": [ 347443.630054855952039, 6297946.379436321556568 ] } },
{ "type": "Feature", "properties": { "AÑO": 2020.0, "COD_INST": 42.0, "TIPO_INST": "Universidades Privadas", "NOMBRE_INS": "UNIVERSIDAD CATÓLICA CARDENAL RAÚL SILVA HENRÍQUEZ", "NOMBRE_INM": "UNIVERSIDAD CATOLICA SILVA HENRIQUEZ", "COD_REGION": 13.0, "REGIÓN": "REGIÓN METROPOLITANA DE SANTIAGO", "COD_PROVIN": 131.0, "PROVINCIA": "SANTIAGO", "COD_COMUNA": 13101.0, "COMUNA": "SANTIAGO", "DIRECCION": "TOCORNAL", "NUMERO_DI": 303.0, "LUGAR_REFE": "AL 309", "LATITUD": -33.447124, "LONGITUD": -70.641495, "centroide_x": 347428.23059335857, "centroide_y": 6297938.2613389455, "crs_original": "EPSG:4326", "fecha_normalizacion": "2025-10-10 01:59:23" }, "geometry": { "type": "Point", "coordinates": [ 347428.230593358573969, 6297938.261338945478201 ] } },
{ "type": "Feature", "properties": { "AÑO": 2020.0, "COD_INST": 42.0, "TIPO_INST": "Universidades Privadas", "NOMBRE_INS": "UNIVERSIDAD CATÓLICA CARDENAL RAÚL SILVA HENRÍQUEZ", "NOMBRE_INM": "UNIVERSIDAD CATOLICA SILVA HENRIQUEZ", "COD_REGION": 13.0, "REGIÓN": "REGIÓN METROPOLITANA DE SANTIAGO", "COD_PROVIN": 131.0, "PROVINCIA": "SANTIAGO", "COD_COMUNA": 13101.0, "COMUNA": "SANTIAGO", "DIRECCION": "ROOT", "NUMERO_DI": 536.0, "LUGAR_REFE": null, "LATITUD": -33.447221, "LONGITUD": -70.642886, "centroide_x": 347299.09756661823, "centroide_y": 6297925.4621757884, "crs_original": "EPSG:4326", "fecha_normalizacion": "2025-10-10 01:59:23" }, "geometry": { "type": "Point", "coordinates": [ 347299.09756661823485, 6297925.462175788357854 ] } },
{ "type": "Feature", "properties": { "AÑO": 2020.0, "COD_INST": 85.0, "TIPO_INST": "Universidades (* Carrera en Convenio)", "NOMBRE_INS": "UNIVERSIDAD TECNOLÓGICA METROPOLITANA", "NOMBRE_INM": "DIECIOCHO", "COD_REGION": 13.0, "REGIÓN": "REGIÓN METROPOLITANA DE SANTIAGO", "COD_PROVIN": 131.0, "PROVINCIA": "SANTIAGO", "COD_COMUNA": 13101.0, "COMUNA": "SANTIAGO", "DIRECCION": "DIECIOCHO", "NUMERO_DI": 146.0, "LUGAR_REFE": null, "LATITUD": -33.448139, "LONGITUD": -70.657686, "centroide_x": 345924.95835111098, "centroide_y": 6297801.8217168748, "crs_original": "EPSG:4326", "fecha_normalizacion": "2025-10-10 01:59:23" }, "geometry": { "type": "Point", "coordinates": [ 345924.958351110981312, 6297801.821716874837875 ] } },
{ "type": "Feature", "properties": { "AÑO": 2020.0, "COD_INST": 85.0, "TIPO_INST": "Universidades (* Carrera en Convenio)", "NOMBRE_INS": "UNIVERSIDAD TECNOLÓGICA METROPOLITANA", "NOMBRE_INM": "VIDAURRE", "COD_REGION": 13.0, "REGIÓN": "REGIÓN METROPOLITANA DE SANTIAGO", "COD_PROVIN": 131.0, "PROVINCIA": "SANTIAGO", "COD_COMUNA": 13101.0, "COMUNA": "SANTIAGO", "DIRECCION": "VIDAURRE", "NUMERO_DI": 1639.0, "LUGAR_REFE": null, "LATITUD": -33.448191, "LONGITUD": -70.658938, "centroide_x": 345808.66933071654, "centroide_y": 6297794.1984852608, "crs_original": "EPSG:4326", "fecha_normalizacion": "2025-10-10 01:59:23" }, "geometry": { "type": "Point", "coordinates": [ 345808.669330716540571, 6297794.198485260829329 ] } },
{ "type": "Feature", "properties": { "AÑO": 2020.0, "COD_INST": 498.0, "TIPO_INST": "Centros de Formación Técnica", "NOMBRE_INS": "CFT PROANDES", "NOMBRE_INM": "SEDE SANTIAGO", "COD_REGION": 13.0, "REGIÓN": "REGIÓN METROPOLITANA DE SANTIAGO", "COD_PROVIN": 131.0, "PROVINCIA": "SANTIAGO", "COD_COMUNA": 13101.0, "COMUNA": "SANTIAGO", "DIRECCION": "EJERCITO LIBERTADOR", "NUMERO_DI": 119.0, "LUGAR_REFE": null, "LATITUD": -33.448535, "LONGITUD": -70.661575, "centroide_x": 345564.15397870424, "centroide_y": 6297752.1373691494, "crs_original": "EPSG:4326", "fecha_normalizacion": "2025-10-10 01:59:23" }, "geometry": { "type": "Point", "coordinates": [ 345564.153978704242036, 6297752.137369149364531 ] } },
{ "type": "Feature", "properties": { "AÑO": 2020.0, "COD_INST": 132.0, "TIPO_INST": "Institutos Profesionales", "NOMBRE_INS": "IP ESUCOMEX", "NOMBRE_INM": "CASA CENTRAL (SANTIAGO)", "COD_REGION": 13.0, "REGIÓN": "REGIÓN METROPOLITANA DE SANTIAGO", "COD_PROVIN": 131.0, "PROVINCIA": "SANTIAGO", "COD_COMUNA": 13101.0, "COMUNA": "SANTIAGO", "DIRECCION": "VERGARA", "NUMERO_DI": 110.0, "LUGAR_REFE": null, "LATITUD": -33.448664, "LONGITUD": -70.661973, "centroide_x": 345527.3863510979, "centroide_y": 6297737.241399819, "crs_original": "EPSG:4326", "fecha_normalizacion": "2025-10-10 01:59:23" }, "geometry": { "type": "Point", "coordinates": [ 345527.386351097899023, 6297737.241399819031358 ] } },
{ "type": "Feature", "properties": { "AÑO": 2020.0, "COD_INST": 498.0, "TIPO_INST": "Centros de Formación Técnica", "NOMBRE_INS": "CFT PROANDES", "NOMBRE_INM": "SEDE SANTIAGO", "COD_REGION": 13.0, "REGIÓN": "REGIÓN METROPOLITANA DE SANTIAGO", "COD_PROVIN": 131.0, "PROVINCIA": "SANTIAGO", "COD_COMUNA": 13101.0, "COMUNA": "SANTIAGO", "DIRECCION": "VERGARA", "NUMERO_DI": 110.0, "LUGAR_REFE": null, "LATITUD": -33.448664, "LONGITUD": -70.661973, "centroide_x": 345527.3863510979, "centroide_y": 6297737.241399819, "crs_original": "EPSG:4326", "fecha_normalizacion": "2025-10-10 01:59:23" }, "geometry": { "type": "Point", "coordinates": [ 345527.386351097899023, 6297737.241399819031358 ] } },
{ "type": "Feature", "properties": { "AÑO": 2020.0, "COD_INST": 132.0, "TIPO_INST": "Institutos Profesionales", "NOMBRE_INS": "IP ESUCOMEX", "NOMBRE_INM": "CEC (CENTRO ENTREN DE LA CONST)", "COD_REGION": 13.0, "REGIÓN": "REGIÓN METROPOLITANA DE SANTIAGO", "COD_PROVIN": 131.0, "PROVINCIA": "SANTIAGO", "COD_COMUNA": 13101.0, "COMUNA": "SANTIAGO", "DIRECCION": "ARTURO PRAT", "NUMERO_DI": 331.0, "LUGAR_REFE": null, "LATITUD": -33.449507, "LONGITUD": -70.64968, "centroide_x": 346671.57243834157, "centroide_y": 6297661.9716791268, "crs_original": "EPSG:4326", "fecha_normalizacion": "2025-10-10 01:59:23" }, "geometry": { "type": "Point", "coordinates": [ 346671.57243834156543, 6297661.97167912684381 ] } },
{ "type": "Feature", "properties": { "AÑO": 2020.0, "COD_INST": 498.0, "TIPO_INST": "Centros de Formación Técnica", "NOMBRE_INS": "CFT PROANDES", "NOMBRE_INM": "CEC (CENTRO ENTREN DE LA CONST)", "COD_REGION": 13.0, "REGIÓN": "REGIÓN METROPOLITANA DE SANTIAGO", "COD_PROVIN": 131.0, "PROVINCIA": "SANTIAGO", "COD_COMUNA": 13101.0, "COMUNA": "SANTIAGO", "DIRECCION": "ARTURO PRAT", "NUMERO_DI": 331.0, "LUGAR_REFE": null, "LATITUD": -33.449507, "LONGITUD": -70.64968, "centroide_x": 346671.57243834157, "centroide_y": 6297661.9716791268, "crs_original": "EPSG:4326", "fecha_normalizacion": "2025-10-10 01:59:23" }, "geometry": { "type": "Point", "coordinates": [ 346671.57243834156543, 6297661.97167912684381 ] } },
{ "type": "Feature", "properties": { "AÑO": 2020.0, "COD_INST": 85.0, "TIPO_INST": "Universidades (* Carrera en Convenio)", "NOMBRE_INS": "UNIVERSIDAD TECNOLÓGICA METROPOLITANA", "NOMBRE_INM": "DIECIOCHO", "COD_REGION": 13.0, "REGIÓN": "REGIÓN METROPOLITANA DE SANTIAGO", "COD_PROVIN": 131.0, "PROVINCIA": "SANTIAGO", "COD_COMUNA": 13101.0, "COMUNA": "SANTIAGO", "DIRECCION": "DIECIOCHO", "NUMERO_DI": 232.0, "LUGAR_REFE": null, "LATITUD": -33.449701, "LONGITUD": -70.657288, "centroide_x": 345964.71712074615, "centroide_y": 6297629.2071511988, "crs_original": "EPSG:4326", "fecha_normalizacion": "2025-10-10 01:59:23" }, "geometry": { "type": "Point", "coordinates": [ 345964.717120746150613, 6297629.207151198759675 ] } },
{ "type": "Feature", "properties": { "AÑO": 2020.0, "COD_INST": 85.0, "TIPO_INST": "Universidades (* Carrera en Convenio)", "NOMBRE_INS": "UNIVERSIDAD TECNOLÓGICA METROPOLITANA", "NOMBRE_INM": "MANUEL RODRIGUEZ", "COD_REGION": 13.0, "REGIÓN": "REGIÓN METROPOLITANA DE SANTIAGO", "COD_PROVIN": 131.0, "PROVINCIA": "SANTIAGO", "COD_COMUNA": 13101.0, "COMUNA": "SANTIAGO", "DIRECCION": "MANUEL RODRIGUEZ", "NUMERO_DI": 220.0, "LUGAR_REFE": null, "LATITUD": -33.449718, "LONGITUD": -70.658957, "centroide_x": 345809.60623407637, "centroide_y": 6297624.846620759, "crs_original": "EPSG:4326", "fecha_normalizacion": "2025-10-10 01:59:23" }, "geometry": { "type": "Point", "coordinates": [ 345809.606234076374676, 6297624.846620758995414 ] } },
{ "type": "Feature", "properties": { "AÑO": 2020.0, "COD_INST": 534.0, "TIPO_INST": "Centros de Formación Técnica", "NOMBRE_INS": "CFT ACCIOMA", "NOMBRE_INM": "SEDE CENTRAL", "COD_REGION": 13.0, "REGIÓN": "REGIÓN METROPOLITANA DE SANTIAGO", "COD_PROVIN": 131.0, "PROVINCIA": "SANTIAGO", "COD_COMUNA": 13101.0, "COMUNA": "SANTIAGO", "DIRECCION": "PADRE DIEGO DE ROSALES", "NUMERO_DI": 1637.0, "LUGAR_REFE": null, "LATITUD": -33.450532, "LONGITUD": -70.658206, "centroide_x": 345880.85534085426, "centroide_y": 6297535.6992074531, "crs_original": "EPSG:4326", "fecha_normalizacion": "2025-10-10 01:59:23" }, "geometry": { "type": "Point", "coordinates": [ 345880.855340854264796, 6297535.69920745305717 ] } },
{ "type": "Feature", "properties": { "AÑO": 2020.0, "COD_INST": 3.0, "TIPO_INST": "Universidades Privadas CRUCH", "NOMBRE_INS": "UNIVERSIDAD DIEGO PORTALES", "NOMBRE_INM": "DECANATO PSICOLOGIA", "COD_REGION": 13.0, "REGIÓN": "REGIÓN METROPOLITANA DE SANTIAGO", "COD_PROVIN": 131.0, "PROVINCIA": "SANTIAGO", "COD_COMUNA": 13101.0, "COMUNA": "SANTIAGO", "DIRECCION": "GRAJALES", "NUMERO_DI": 1898.0, "LUGAR_REFE": null, "LATITUD": -33.451023, "LONGITUD": -70.661634, "centroide_x": 345563.08101307438, "centroide_y": 6297476.1639093757, "crs_original": "EPSG:4326", "fecha_normalizacion": "2025-10-10 01:59:23" }, "geometry": { "type": "Point", "coordinates": [ 345563.081013074377552, 6297476.163909375667572 ] } },
{ "type": "Feature", "properties": { "AÑO": 2020.0, "COD_INST": 85.0, "TIPO_INST": "Universidades (* Carrera en Convenio)", "NOMBRE_INS": "UNIVERSIDAD TECNOLÓGICA METROPOLITANA", "NOMBRE_INM": "DIECIOCHO SAN IGNACIO", "COD_REGION": 13.0, "REGIÓN": "REGIÓN METROPOLITANA DE SANTIAGO", "COD_PROVIN": 131.0, "PROVINCIA": "SANTIAGO", "COD_COMUNA": 13101.0, "COMUNA": "SANTIAGO", "DIRECCION": "DIECIOCHO", "NUMERO_DI": 390.0, "LUGAR_REFE": "SAN IGNACIO N 405", "LATITUD": -33.451244, "LONGITUD": -70.656751, "centroide_x": 346017.36151696742, "centroide_y": 6297458.905281771, "crs_original": "EPSG:4326", "fecha_normalizacion": "2025-10-10 01:59:23" }, "geometry": { "type": "Point", "coordinates": [ 346017.36151696741581, 6297458.905281770974398 ] } },
{ "type": "Feature", "properties": { "AÑO": 2020.0, "COD_INST": 3.0, "TIPO_INST": "Universidades Privadas CRUCH", "NOMBRE_INS": "UNIVERSIDAD DIEGO PORTALES", "NOMBRE_INM": "BIBLIOTECA NICANOR PARRA", "COD_REGION": 13.0, "REGIÓN": "REGIÓN METROPOLITANA DE SANTIAGO", "COD_PROVIN": 131.0, "PROVINCIA": "SANTIAGO", "COD_COMUNA": 13101.0, "COMUNA": "SANTIAGO", "DIRECCION": "VERGARA", "NUMERO_DI": 324.0, "LUGAR_REFE": null, "LATITUD": -33.451246, "LONGITUD": -70.661467, "centroide_x": 345578.99955281621, "centroide_y": 6297451.6844134573, "crs_original": "EPSG:4326", "fecha_normalizacion": "2025-10-10 01:59:23" }, "geometry": { "type": "Point", "coordinates": [ 345578.99955281621078, 6297451.684413457289338 ] } },
{ "type": "Feature", "properties": { "AÑO": 2020.0, "COD_INST": 85.0, "TIPO_INST": "Universidades (* Carrera en Convenio)", "NOMBRE_INS": "UNIVERSIDAD TECNOLÓGICA METROPOLITANA", "NOMBRE_INM": "SAN IGNACIO", "COD_REGION": 13.0, "REGIÓN": "REGIÓN METROPOLITANA DE SANTIAGO", "COD_PROVIN": 131.0, "PROVINCIA": "SANTIAGO", "COD_COMUNA": 13101.0, "COMUNA": "SANTIAGO", "DIRECCION": "SAN IGNACIO", "NUMERO_DI": 409.0, "LUGAR_REFE": null, "LATITUD": -33.451449, "LONGITUD": -70.656513, "centroide_x": 346039.84665311547, "centroide_y": 6297436.5262463465, "crs_original": "EPSG:4326", "fecha_normalizacion": "2025-10-10 01:59:23" }, "geometry": { "type": "Point", "coordinates": [ 346039.846653115469962, 6297436.526246346533298 ] } },
{ "type": "Feature", "properties": { "AÑO": 2020.0, "COD_INST": 214.0, "TIPO_INST": "Centros de Formación Técnica", "NOMBRE_INS": "CFT INSTITUTO CENTRAL DE CAPACITACIÓN EDUCACIÓNAL ICCE", "NOMBRE_INM": "SEDE SANTIAGO", "COD_REGION": 13.0, "REGIÓN": "REGIÓN METROPOLITANA DE SANTIAGO", "COD_PROVIN": 131.0, "PROVINCIA": "SANTIAGO", "COD_COMUNA": 13101.0, "COMUNA": "SANTIAGO", "DIRECCION": "ALMIRANTE HURTADO", "NUMERO_DI": 2040.0, "LUGAR_REFE": null, "LATITUD": -33.454516, "LONGITUD": -70.663444, "centroide_x": 345401.03647730802, "centroide_y": 6297086.14503216, "crs_original": "EPSG:4326", "fecha_normalizacion": "2025-10-10 01:59:23" }, "geometry": { "type": "Point", "coordinates": [ 345401.036477308021858, 6297086.145032159984112 ] } },
{ "type": "Feature", "properties": { "AÑO": 2020.0, "COD_INST": 70.0, "TIPO_INST": "Universidades Estatales CRUCH", "NOMBRE_INS": "UNIVERSIDAD DE CHILE", "NOMBRE_INM": "FACULTAD DE ARTES MAC PARQUE FORESTAL ISMAEL VALDES VERGARA 503 - 509", "COD_REGION": 13.0, "REGIÓN": "REGIÓN METROPOLITANA DE SANTIAGO", "COD_PROVIN": 131.0, "PROVINCIA": "SANTIAGO", "COD_COMUNA": 13101.0, "COMUNA": "SANTIAGO", "DIRECCION": "ISMAEL VALDES VERGARA", "NUMERO_DI": 503.0, "LUGAR_REFE": "-509", "LATITUD": -33.435121, "LONGITUD": -70.644347, "centroide_x": 347142.03541955771, "centroide_y": 6299265.0620151823, "crs_original": "EPSG:4326", "fecha_normalizacion": "2025-10-10 01:59:23" }, "geometry": { "type": "Point", "coordinates": [ 347142.035419557709247, 6299265.062015182338655 ] } },
{ "type": "Feature", "properties": { "AÑO": 2020.0, "COD_INST": 152.0, "TIPO_INST": "Institutos Profesionales", "NOMBRE_INS": "IP LATINOAMERICANO DE COMERCIO EXTERIOR", "NOMBRE_INM": "OFICINAS DIRECCION DE DESARROLLO ACADEMICO", "COD_REGION": 13.0, "REGIÓN": "REGIÓN METROPOLITANA DE SANTIAGO", "COD_PROVIN": 131.0, "PROVINCIA": "SANTIAGO", "COD_COMUNA": 13101.0, "COMUNA": "SANTIAGO", "DIRECCION": "CATEDRAL", "NUMERO_DI": 1858.0, "LUGAR_REFE": null, "LATITUD": -33.43863, "LONGITUD": -70.662766, "centroide_x": 345435.9033405566, "centroide_y": 6298848.7488150401, "crs_original": "EPSG:4326", "fecha_normalizacion": "2025-10-10 01:59:23" }, "geometry": { "type": "Point", "coordinates": [ 345435.903340556600597, 6298848.748815040104091 ] } },
{ "type": "Feature", "properties": { "AÑO": 2020.0, "COD_INST": 152.0, "TIPO_INST": "Institutos Profesionales", "NOMBRE_INS": "IP LATINOAMERICANO DE COMERCIO EXTERIOR", "NOMBRE_INM": "OFICINA FINANZAS Y RECURSOS HUMANOS", "COD_REGION": 13.0, "REGIÓN": "REGIÓN METROPOLITANA DE SANTIAGO", "COD_PROVIN": 131.0, "PROVINCIA": "SANTIAGO", "COD_COMUNA": 13101.0, "COMUNA": "SANTIAGO", "DIRECCION": "COMPAÑIA DE JESUS", "NUMERO_DI": 1909.0, "LUGAR_REFE": null, "LATITUD": -33.439691, "LONGITUD": -70.663665, "centroide_x": 345354.13828706788, "centroide_y": 6298729.7493666168, "crs_original": "EPSG:4326", "fecha_normalizacion": "2025-10-10 01:59:23" }, "geometry": { "type": "Point", "coordinates": [ 345354.138287067878991, 6298729.74936661683023 ] } },
{ "type": "Feature", "properties": { "AÑO": 2020.0, "COD_INST": 11.0, "TIPO_INST": "Universidades Privadas", "NOMBRE_INS": "UNIVERSIDAD ACADEMIA DE HUMANISMO CRISTIANO", "NOMBRE_INM": "ARRAU", "COD_REGION": 13.0, "REGIÓN": "REGIÓN METROPOLITANA DE SANTIAGO", "COD_PROVIN": 131.0, "PROVINCIA": "SANTIAGO", "COD_COMUNA": 13101.0, "COMUNA": "SANTIAGO", "DIRECCION": "HUÉRFANOS", "NUMERO_DI": 2186.0, "LUGAR_REFE": null, "LATITUD": -33.441327, "LONGITUD": -70.666512, "centroide_x": 345092.41412663984, "centroide_y": 6298544.0826121327, "crs_original": "EPSG:4326", "fecha_normalizacion": "2025-10-10 01:59:23" }, "geometry": { "type": "Point", "coordinates": [ 345092.414126639836468, 6298544.082612132653594 ] } },
{ "type": "Feature", "properties": { "AÑO": 2020.0, "COD_INST": 11.0, "TIPO_INST": "Universidades Privadas", "NOMBRE_INS": "UNIVERSIDAD ACADEMIA DE HUMANISMO CRISTIANO", "NOMBRE_INM": "AGUSTINAS", "COD_REGION": 13.0, "REGIÓN": "REGIÓN METROPOLITANA DE SANTIAGO", "COD_PROVIN": 131.0, "PROVINCIA": "SANTIAGO", "COD_COMUNA": 13101.0, "COMUNA": "SANTIAGO", "DIRECCION": "AGUSTINAS", "NUMERO_DI": 2071.0, "LUGAR_REFE": null, "LATITUD": -33.442128, "LONGITUD": -70.665458, "centroide_x": 345191.79126395786, "centroide_y": 6298456.7638767874, "crs_original": "EPSG:4326", "fecha_normalizacion": "2025-10-10 01:59:23" }, "geometry": { "type": "Point", "coordinates": [ 345191.791263957857154, 6298456.763876787386835 ] } },
{ "type": "Feature", "properties": { "AÑO": 2020.0, "COD_INST": 70.0, "TIPO_INST": "Universidades Estatales CRUCH", "NOMBRE_INS": "UNIVERSIDAD DE CHILE", "NOMBRE_INM": "FACULTAD DE ARTES TEATRO NACIONAL CHILENO MORANDE 25", "COD_REGION": 13.0, "REGIÓN": "REGIÓN METROPOLITANA DE SANTIAGO", "COD_PROVIN": 131.0, "PROVINCIA": "SANTIAGO", "COD_COMUNA": 13101.0, "COMUNA": "SANTIAGO", "DIRECCION": "MORANDE", "NUMERO_DI": 25.0, "LUGAR_REFE": null, "LATITUD": -33.443652, "LONGITUD": -70.652604, "centroide_x": 346389.43016421038, "centroide_y": 6298306.9264924377, "crs_original": "EPSG:4326", "fecha_normalizacion": "2025-10-10 01:59:23" }, "geometry": { "type": "Point", "coordinates": [ 346389.430164210381918, 6298306.926492437720299 ] } },
{ "type": "Feature", "properties": { "AÑO": 2020.0, "COD_INST": 10.0, "TIPO_INST": "Universidades Privadas", "NOMBRE_INS": "UNIVERSIDAD MAYOR", "NOMBRE_INM": "CAMPUS ALAMEDA", "COD_REGION": 13.0, "REGIÓN": "REGIÓN METROPOLITANA DE SANTIAGO", "COD_PROVIN": 131.0, "PROVINCIA": "SANTIAGO", "COD_COMUNA": 13101.0, "COMUNA": "SANTIAGO", "DIRECCION": "JOSE TORIBIO MEDINA", "NUMERO_DI": 29.0, "LUGAR_REFE": null, "LATITUD": -33.44563, "LONGITUD": -70.663436, "centroide_x": 345385.97849758429, "centroide_y": 6298071.4927002853, "crs_original": "EPSG:4326", "fecha_normalizacion": "2025-10-10 01:59:23" }, "geometry": { "type": "Point", "coordinates": [ 345385.978497584292199, 6298071.492700285278261 ] } },
{ "type": "Feature", "properties": { "AÑO": 2020.0, "COD_INST": 71.0, "TIPO_INST": "Universidades (* Carrera en Convenio)", "NOMBRE_INS": "UNIVERSIDAD DE SANTIAGO DE CHILE", "NOMBRE_INM": "CONCHA Y TORO", "COD_REGION": 13.0, "REGIÓN": "REGIÓN METROPOLITANA DE SANTIAGO", "COD_PROVIN": 131.0, "PROVINCIA": "SANTIAGO", "COD_COMUNA": 13101.0, "COMUNA": "SANTIAGO", "DIRECCION": "CONCHA Y TORO", "NUMERO_DI": 32.0, "LUGAR_REFE": "B Y C", "LATITUD": -33.445936, "LONGITUD": -70.666035, "centroide_x": 345144.97636282141, "centroide_y": 6298033.7187190447, "crs_original": "EPSG:4326", "fecha_normalizacion": "2025-10-10 01:59:23" }, "geometry": { "type": "Point", "coordinates": [ 345144.976362821413204, 6298033.718719044700265 ] } },
{ "type": "Feature", "properties": { "AÑO": 2020.0, "COD_INST": 71.0, "TIPO_INST": "Universidades (* Carrera en Convenio)", "NOMBRE_INS": "UNIVERSIDAD DE SANTIAGO DE CHILE", "NOMBRE_INM": "OXFORD", "COD_REGION": 13.0, "REGIÓN": "REGIÓN METROPOLITANA DE SANTIAGO", "COD_PROVIN": 131.0, "PROVINCIA": "SANTIAGO", "COD_COMUNA": 13101.0, "COMUNA": "SANTIAGO", "DIRECCION": "CONCHA Y TORO", "NUMERO_DI": 32.0, "LUGAR_REFE": "-B 32- C 432-0004", "LATITUD": -33.445936, "LONGITUD": -70.666035, "centroide_x": 345144.97636282141, "centroide_y": 6298033.7187190447, "crs_original": "EPSG:4326", "fecha_normalizacion": "2025-10-10 01:59:23" }, "geometry": { "type": "Point", "coordinates": [ 345144.976362821413204, 6298033.718719044700265 ] } },
{ "type": "Feature", "properties": { "AÑO": 2020.0, "COD_INST": 69.0, "TIPO_INST": "Universidades Privadas CRUCH", "NOMBRE_INS": "UNIVERSIDAD ALBERTO HURTADO", "NOMBRE_INM": "EDIFICIO PEDRO ARRUPE S.J", "COD_REGION": 13.0, "REGIÓN": "REGIÓN METROPOLITANA DE SANTIAGO", "COD_PROVIN": 131.0, "PROVINCIA": "SANTIAGO", "COD_COMUNA": 13101.0, "COMUNA": "SANTIAGO", "DIRECCION": "AVENIDA LIBERTADOR BERNARDO O'HIGGINS", "NUMERO_DI": 1869.0, "LUGAR_REFE": null, "LATITUD": -33.445992, "LONGITUD": -70.662085, "centroide_x": 345512.22823015915, "centroide_y": 6298033.3819930172, "crs_original": "EPSG:4326", "fecha_normalizacion": "2025-10-10 01:59:23" }, "geometry": { "type": "Point", "coordinates": [ 345512.228230159147643, 6298033.381993017159402 ] } },
{ "type": "Feature", "properties": { "AÑO": 2020.0, "COD_INST": 20.0, "TIPO_INST": "Universidades Privadas", "NOMBRE_INS": "UNIVERSIDAD ANDRÉS BELLO", "NOMBRE_INM": "CAMPUS REPUBLICA", "COD_REGION": 13.0, "REGIÓN": "REGIÓN METROPOLITANA DE SANTIAGO", "COD_PROVIN": 131.0, "PROVINCIA": "SANTIAGO", "COD_COMUNA": 13101.0, "COMUNA": "SANTIAGO", "DIRECCION": "ECHAURREN", "NUMERO_DI": 174.0, "LUGAR_REFE": null, "LATITUD": -33.450544, "LONGITUD": -70.666167, "centroide_x": 345140.88935263065, "centroide_y": 6297522.5281534409, "crs_original": "EPSG:4326", "fecha_normalizacion": "2025-10-10 01:59:23" }, "geometry": { "type": "Point", "coordinates": [ 345140.889352630649228, 6297522.528153440915048 ] } },
{ "type": "Feature", "properties": { "AÑO": 2020.0, "COD_INST": 20.0, "TIPO_INST": "Universidades Privadas", "NOMBRE_INS": "UNIVERSIDAD ANDRÉS BELLO", "NOMBRE_INM": "CAMPUS REPUBLICA", "COD_REGION": 13.0, "REGIÓN": "REGIÓN METROPOLITANA DE SANTIAGO", "COD_PROVIN": 131.0, "PROVINCIA": "SANTIAGO", "COD_COMUNA": 13101.0, "COMUNA": "SANTIAGO", "DIRECCION": "ECHAURREN", "NUMERO_DI": 211.0, "LUGAR_REFE": "Y SAZIE 2212", "LATITUD": -33.451026, "LONGITUD": -70.666575, "centroide_x": 345103.82920173527, "centroide_y": 6297468.4418577049, "crs_original": "EPSG:4326", "fecha_normalizacion": "2025-10-10 01:59:23" }, "geometry": { "type": "Point", "coordinates": [ 345103.829201735265087, 6297468.441857704892755 ] } },
{ "type": "Feature", "properties": { "AÑO": 2020.0, "COD_INST": 143.0, "TIPO_INST": "Institutos Profesionales", "NOMBRE_INS": "IP AIEP", "NOMBRE_INM": "SEDE BARRIO UNIVERSITARIO GRAJALES", "COD_REGION": 13.0, "REGIÓN": "REGIÓN METROPOLITANA DE SANTIAGO", "COD_PROVIN": 131.0, "PROVINCIA": "SANTIAGO", "COD_COMUNA": 13101.0, "COMUNA": "SANTIAGO", "DIRECCION": "GRAJALES", "NUMERO_DI": 2538.0, "LUGAR_REFE": null, "LATITUD": -33.452646, "LONGITUD": -70.669017, "centroide_x": 344879.73048624059, "centroide_y": 6297285.2373706922, "crs_original": "EPSG:4326", "fecha_normalizacion": "2025-10-10 01:59:23" }, "geometry": { "type": "Point", "coordinates": [ 344879.730486240587197, 6297285.237370692193508 ] } },
{ "type": "Feature", "properties": { "AÑO": 2020.0, "COD_INST": 20.0, "TIPO_INST": "Universidades Privadas", "NOMBRE_INS": "UNIVERSIDAD ANDRÉS BELLO", "NOMBRE_INM": "CAMPUS REPUBLICA", "COD_REGION": 13.0, "REGIÓN": "REGIÓN METROPOLITANA DE SANTIAGO", "COD_PROVIN": 131.0, "PROVINCIA": "SANTIAGO", "COD_COMUNA": 13101.0, "COMUNA": "SANTIAGO", "DIRECCION": "REPUBLICA", "NUMERO_DI": 440.0, "LUGAR_REFE": "Y 460", "LATITUD": -33.453843, "LONGITUD": -70.666821, "centroide_x": 345085.99516759306, "centroide_y": 6297155.7626603693, "crs_original": "EPSG:4326", "fecha_normalizacion": "2025-10-10 01:59:23" }, "geometry": { "type": "Point", "coordinates": [ 345085.995167593064252, 6297155.762660369277 ] } },
{ "type": "Feature", "properties": { "AÑO": 2020.0, "COD_INST": 70.0, "TIPO_INST": "Universidades Estatales CRUCH", "NOMBRE_INS": "UNIVERSIDAD DE CHILE", "NOMBRE_INM": "FACULTAD DE CIENCIAS FISICAS Y MATEMATICAS DEPARTAMENTO DE INGENIERIA INDUSTRIAL", "COD_REGION": 13.0, "REGIÓN": "REGIÓN METROPOLITANA DE SANTIAGO", "COD_PROVIN": 131.0, "PROVINCIA": "SANTIAGO", "COD_COMUNA": 13101.0, "COMUNA": "SANTIAGO", "DIRECCION": "DOMEYKO", "NUMERO_DI": 2363.0, "LUGAR_REFE": null, "LATITUD": -33.456758, "LONGITUD": -70.667525, "centroide_x": 345025.65357623308, "centroide_y": 6296831.4774387069, "crs_original": "EPSG:4326", "fecha_normalizacion": "2025-10-10 01:59:23" }, "geometry": { "type": "Point", "coordinates": [ 345025.653576233075, 6296831.47743870690465 ] } },
{ "type": "Feature", "properties": { "AÑO": 2020.0, "COD_INST": 70.0, "TIPO_INST": "Universidades Estatales CRUCH", "NOMBRE_INS": "UNIVERSIDAD DE CHILE", "NOMBRE_INM": "FACULTAD DE CIENCIAS FISICAS Y MATEMATICAS IDIEM", "COD_REGION": 13.0, "REGIÓN": "REGIÓN METROPOLITANA DE SANTIAGO", "COD_PROVIN": 131.0, "PROVINCIA": "SANTIAGO", "COD_COMUNA": 13101.0, "COMUNA": "SANTIAGO", "DIRECCION": "PLAZA ERCILLA", "NUMERO_DI": 883.0, "LUGAR_REFE": null, "LATITUD": -33.457484, "LONGITUD": -70.661233, "centroide_x": 345611.76671722805, "centroide_y": 6296760.3552963808, "crs_original": "EPSG:4326", "fecha_normalizacion": "2025-10-10 01:59:23" }, "geometry": { "type": "Point", "coordinates": [ 345611.766717228048947, 6296760.35529638081789 ] } },
{ "type": "Feature", "properties": { "AÑO": 2020.0, "COD_INST": 70.0, "TIPO_INST": "Universidades Estatales CRUCH", "NOMBRE_INS": "UNIVERSIDAD DE CHILE", "NOMBRE_INM": "FACULTAD DE CIENCIAS FISICAS Y MATEMATICAS CASA BEAUCHEF 1225", "COD_REGION": 13.0, "REGIÓN": "REGIÓN METROPOLITANA DE SANTIAGO", "COD_PROVIN": 131.0, "PROVINCIA": "SANTIAGO", "COD_COMUNA": 13101.0, "COMUNA": "SANTIAGO", "DIRECCION": "AVENIDA BEAUCHEF", "NUMERO_DI": 1225.0, "LUGAR_REFE": null, "LATITUD": -33.463087, "LONGITUD": -70.66362, "centroide_x": 345399.91697558592, "centroide_y": 6296135.4811826944, "crs_original": "EPSG:4326", "fecha_normalizacion": "2025-10-10 01:59:23" }, "geometry": { "type": "Point", "coordinates": [ 345399.916975585918408, 6296135.48118269443512 ] } },
{ "type": "Feature", "properties": { "AÑO": 2020.0, "COD_INST": 50.0, "TIPO_INST": "Universidades Privadas", "NOMBRE_INS": "UNIVERSIDAD BERNARDO O'HIGGINS", "NOMBRE_INM": "CAMPUS RONDIZZONI EDIFICIO DOS", "COD_REGION": 13.0, "REGIÓN": "REGIÓN METROPOLITANA DE SANTIAGO", "COD_PROVIN": 131.0, "PROVINCIA": "SANTIAGO", "COD_COMUNA": 13101.0, "COMUNA": "SANTIAGO", "DIRECCION": "GENERAL GANA", "NUMERO_DI": 1670.0, "LUGAR_REFE": null, "LATITUD": -33.471715, "LONGITUD": -70.656705, "centroide_x": 346057.8469657161, "centroide_y": 6295189.0242242757, "crs_original": "EPSG:4326", "fecha_normalizacion": "2025-10-10 01:59:23" }, "geometry": { "type": "Point", "coordinates": [ 346057.846965716104023, 6295189.0242242757231 ] } },
{ "type": "Feature", "properties": { "AÑO": 2020.0, "COD_INST": 70.0, "TIPO_INST": "Universidades Estatales CRUCH", "NOMBRE_INS": "UNIVERSIDAD DE CHILE", "NOMBRE_INM": "FACULTAD DE ARTES MUSEO DE ARTE POPULAR AMERICANO COMPAÑIA 2691", "COD_REGION": 13.0, "REGIÓN": "REGIÓN METROPOLITANA DE SANTIAGO", "COD_PROVIN": 131.0, "PROVINCIA": "SANTIAGO", "COD_COMUNA": 13101.0, "COMUNA": "SANTIAGO", "DIRECCION": "COMPAÑIA", "NUMERO_DI": 2691.0, "LUGAR_REFE": null, "LATITUD": -33.438799, "LONGITUD": -70.658953, "centroide_x": 345790.67975289619, "centroide_y": 6298835.6419810392, "crs_original": "EPSG:4326", "fecha_normalizacion": "2025-10-10 01:59:23" }, "geometry": { "type": "Point", "coordinates": [ 345790.679752896190621, 6298835.641981039196253 ] } },
{ "type": "Feature", "properties": { "AÑO": 2020.0, "COD_INST": 152.0, "TIPO_INST": "Institutos Profesionales", "NOMBRE_INS": "IP LATINOAMERICANO DE COMERCIO EXTERIOR", "NOMBRE_INM": "OFICINAS DIRECCION DE ADMISION Y MARKETING", "COD_REGION": 13.0, "REGIÓN": "REGIÓN METROPOLITANA DE SANTIAGO", "COD_PROVIN": 131.0, "PROVINCIA": "SANTIAGO", "COD_COMUNA": 13101.0, "COMUNA": "SANTIAGO", "DIRECCION": "HUÉRFANOS", "NUMERO_DI": 669.0, "LUGAR_REFE": "OFICINA 507 508", "LATITUD": -33.439011, "LONGITUD": -70.646302, "centroide_x": 346967.09396763297, "centroide_y": 6298830.8062395472, "crs_original": "EPSG:4326", "fecha_normalizacion": "2025-10-10 01:59:23" }, "geometry": { "type": "Point", "coordinates": [ 346967.093967632972635, 6298830.806239547207952 ] } },
{ "type": "Feature", "properties": { "AÑO": 2020.0, "COD_INST": 71.0, "TIPO_INST": "Universidades (* Carrera en Convenio)", "NOMBRE_INS": "UNIVERSIDAD DE SANTIAGO DE CHILE", "NOMBRE_INM": "CUMMING 92 ROL 405-17", "COD_REGION": 13.0, "REGIÓN": "REGIÓN METROPOLITANA DE SANTIAGO", "COD_PROVIN": 131.0, "PROVINCIA": "SANTIAGO", "COD_COMUNA": 13101.0, "COMUNA": "SANTIAGO", "DIRECCION": "RICARDO CUMMING", "NUMERO_DI": 92.0, "LUGAR_REFE": "ROL 405-17", "LATITUD": -33.444184, "LONGITUD": -70.668012, "centroide_x": 344958.0957273813, "centroide_y": 6298225.0601154435, "crs_original": "EPSG:4326", "fecha_normalizacion": "2025-10-10 01:59:23" }, "geometry": { "type": "Point", "coordinates": [ 344958.095727381296456, 6298225.0601154435426 ] } },
{ "type": "Feature", "properties": { "AÑO": 2020.0, "COD_INST": 69.0, "TIPO_INST": "Universidades Privadas CRUCH", "NOMBRE_INS": "UNIVERSIDAD ALBERTO HURTADO", "NOMBRE_INM": "SALAS DE CLASES L", "COD_REGION": 13.0, "REGIÓN": "REGIÓN METROPOLITANA DE SANTIAGO", "COD_PROVIN": 131.0, "PROVINCIA": "SANTIAGO", "COD_COMUNA": 13101.0, "COMUNA": "SANTIAGO", "DIRECCION": "JOSE TORIBIO MEDINA", "NUMERO_DI": 49.0, "LUGAR_REFE": null, "LATITUD": -33.44508, "LONGITUD": -70.66372, "centroide_x": 345358.6048731929, "centroide_y": 6298132.0568799376, "crs_original": "EPSG:4326", "fecha_normalizacion": "2025-10-10 01:59:23" }, "geometry": { "type": "Point", "coordinates": [ 345358.604873192904051, 6298132.056879937648773 ] } },
{ "type": "Feature", "properties": { "AÑO": 2020.0, "COD_INST": 155.0, "TIPO_INST": "Institutos Profesionales", "NOMBRE_INS": "IP LOS LEONES", "NOMBRE_INM": "ARTURO PRAT 215", "COD_REGION": 13.0, "REGIÓN": "REGIÓN METROPOLITANA DE SANTIAGO", "COD_PROVIN": 131.0, "PROVINCIA": "SANTIAGO", "COD_COMUNA": 13101.0, "COMUNA": "SANTIAGO", "DIRECCION": "ARTURO PRAT", "NUMERO_DI": 215.0, "LUGAR_REFE": null, "LATITUD": -33.447456, "LONGITUD": -70.649722, "centroide_x": 346664.08767274057, "centroide_y": 6297889.2982626352, "crs_original": "EPSG:4326", "fecha_normalizacion": "2025-10-10 01:59:23" }, "geometry": { "type": "Point", "coordinates": [ 346664.08767274057027, 6297889.298262635245919 ] } },
{ "type": "Feature", "properties": { "AÑO": 2020.0, "COD_INST": 4.0, "TIPO_INST": "Universidades Privadas", "NOMBRE_INS": "UNIVERSIDAD CENTRAL DE CHILE", "NOMBRE_INM": "CENTRO DE EXTENSION", "COD_REGION": 13.0, "REGIÓN": "REGIÓN METROPOLITANA DE SANTIAGO", "COD_PROVIN": 131.0, "PROVINCIA": "SANTIAGO", "COD_COMUNA": 13101.0, "COMUNA": "SANTIAGO", "DIRECCION": "LORD COCHRANE", "NUMERO_DI": 418.0, "LUGAR_REFE": null, "LATITUD": -33.451355, "LONGITUD": -70.654256, "centroide_x": 346249.46460710454, "centroide_y": 6297450.2545464393, "crs_original": "EPSG:4326", "fecha_normalizacion": "2025-10-10 01:59:23" }, "geometry": { "type": "Point", "coordinates": [ 346249.464607104542665, 6297450.254546439275146 ] } },
{ "type": "Feature", "properties": { "AÑO": 2020.0, "COD_INST": 20.0, "TIPO_INST": "Universidades Privadas", "NOMBRE_INS": "UNIVERSIDAD ANDRÉS BELLO", "NOMBRE_INM": "CAMPUS REPUBLICA", "COD_REGION": 13.0, "REGIÓN": "REGIÓN METROPOLITANA DE SANTIAGO", "COD_PROVIN": 131.0, "PROVINCIA": "SANTIAGO", "COD_COMUNA": 13101.0, "COMUNA": "SANTIAGO", "DIRECCION": "REPUBLICA", "NUMERO_DI": 470.0, "LUGAR_REFE": null, "LATITUD": -33.45412, "LONGITUD": -70.666726, "centroide_x": 345095.28769185627, "centroide_y": 6297125.1295292843, "crs_original": "EPSG:4326", "fecha_normalizacion": "2025-10-10 01:59:23" }, "geometry": { "type": "Point", "coordinates": [ 345095.287691856268793, 6297125.129529284313321 ] } },
{ "type": "Feature", "properties": { "AÑO": 2020.0, "COD_INST": 70.0, "TIPO_INST": "Universidades Estatales CRUCH", "NOMBRE_INS": "UNIVERSIDAD DE CHILE", "NOMBRE_INM": "FACULTAD DE CIENCIAS FISICAS Y MATEMATICAS EDIFICIO BEAUCHEF 851", "COD_REGION": 13.0, "REGIÓN": "REGIÓN METROPOLITANA DE SANTIAGO", "COD_PROVIN": 131.0, "PROVINCIA": "SANTIAGO", "COD_COMUNA": 13101.0, "COMUNA": "SANTIAGO", "DIRECCION": "AVENIDA BEAUCHEF", "NUMERO_DI": 851.0, "LUGAR_REFE": null, "LATITUD": -33.457738, "LONGITUD": -70.663787, "centroide_x": 345374.84432041342, "centroide_y": 6296728.3517023828, "crs_original": "EPSG:4326", "fecha_normalizacion": "2025-10-10 01:59:23" }, "geometry": { "type": "Point", "coordinates": [ 345374.844320413423702, 6296728.351702382788062 ] } },
{ "type": "Feature", "properties": { "AÑO": 2020.0, "COD_INST": 70.0, "TIPO_INST": "Universidades Estatales CRUCH", "NOMBRE_INS": "UNIVERSIDAD DE CHILE", "NOMBRE_INM": "FACULTAD DE CIENCIAS FISICAS Y MATEMATICAS FUNDACION", "COD_REGION": 13.0, "REGIÓN": "REGIÓN METROPOLITANA DE SANTIAGO", "COD_PROVIN": 131.0, "PROVINCIA": "SANTIAGO", "COD_COMUNA": 13101.0, "COMUNA": "SANTIAGO", "DIRECCION": "AVENIDA BEAUCHEF", "NUMERO_DI": 993.0, "LUGAR_REFE": null, "LATITUD": -33.459836, "LONGITUD": -70.664169, "centroide_x": 345343.11072236655, "centroide_y": 6296495.0971485488, "crs_original": "EPSG:4326", "fecha_normalizacion": "2025-10-10 01:59:23" }, "geometry": { "type": "Point", "coordinates": [ 345343.110722366545815, 6296495.097148548811674 ] } }
]
}
