{
"type": "FeatureCollection",
"name": "servicios_filtrados",
"crs": { "type": "name", "properties": { "name": "urn:ogc:def:crs:EPSG::32719" } },
"features": [
{ "type": "Feature", "properties": { "access": null, "addr_city": "Santiago", "addr_country": null, "addr_housenumber": "357", "addr_postcode": null, "addr_street": "Maipú", "addr_unit": null, "amenity": "arts_centre", "brand": null, "building": null, "capacity": null, "cuisine": "international", "denomination": null, "ele": null, "fee": null, "healthcare": null, "healthcare_speciality": null, "name": "Espacio Gárgola", "name_en": null, "name_es": null, "opening_hours": "Tu-Th 11:00-20:00; Fr,Sa 11:00-22:30", "operator": null, "parking": null, "phone": null, "ref": null, "religion": null, "source_transform": null, "surface": null, "website": null, "wheelchair": null, "objectid": 6539208, "osm_id2": "3957022451", "centroide_x": 344178.99224922247, "centroide_y": 6298492.4137532152, "crs_original": "EPSG:4326", "fecha_normalizacion": "2025-10-10 01:59:25" }, "geometry": { "type": "Point", "coordinates": [ 344178.99224922247231, 6298492.413753215223551 ] } },
{ "type": "Feature", "properties": { "access": null, "addr_city": "Santiago", "addr_country": null, "addr_housenumber": "3025", "addr_postcode": null, "addr_street": "Huérfanos", "addr_unit": null, "amenity": "restaurant", "brand": null, "building": null, "capacity": null, "cuisine": null, "denomination": null, "ele": null, "fee": null, "healthcare": null, "healthcare_speciality": null, "name": "El Chancho Seis", "name_en": null, "name_es": null, "opening_hours": null, "operator": null, "parking": null, "phone": null, "ref": null, "religion": null, "source_transform": null, "surface": null, "website": "http://elchanchoseis.cl/", "wheelchair": null, "objectid": 6539225, "osm_id2": "4453633170", "centroide_x": 344146.82903572818, "centroide_y": 6298419.1343127526, "crs_original": "EPSG:4326", "fecha_normalizacion": "2025-10-10 01:59:25" }, "geometry": { "type": "Point", "coordinates": [ 344146.829035728180315, 6298419.134312752634287 ] } },
{ "type": "Feature", "properties": { "access": null, "addr_city": "Santiago", "addr_country": null, "addr_housenumber": "257", "addr_postcode": null, "addr_street": "Cueto", "addr_unit": null, "amenity": "theatre", "brand": null, "building": null, "capacity": null, "cuisine": null, "denomination": null, "ele": null, "fee": null, "healthcare": null, "healthcare_speciality": null, "name": "Teatro Novedades", "name_en": null, "name_es": null, "opening_hours": null, "operator": null, "parking": null, "phone": null, "ref": null, "religion": null, "source_transform": "Personal", "surface": null, "website": null, "wheelchair": null, "objectid": 6539484, "osm_id2": "2702495473", "centroide_x": 344578.20558836736, "centroide_y": 6298407.4609442372, "crs_original": "EPSG:4326", "fecha_normalizacion": "2025-10-10 01:59:25" }, "geometry": { "type": "Point", "coordinates": [ 344578.205588367360178, 6298407.460944237187505 ] } },
{ "type": "Feature", "properties": { "access": null, "addr_city": "Santiago", "addr_country": "CL", "addr_housenumber": "180", "addr_postcode": null, "addr_street": "Cueto", "addr_unit": null, "amenity": "school", "brand": null, "building": null, "capacity": null, "cuisine": null, "denomination": null, "ele": null, "fee": null, "healthcare": null, "healthcare_speciality": null, "name": "Escuela Especial San José Obrero", "name_en": null, "name_es": null, "opening_hours": null, "operator": "3", "parking": null, "phone": null, "ref": null, "religion": null, "source_transform": "Gobierno Regional Metropolitano de Santiago (http://www.gobiernosantiago.cl/)", "surface": null, "website": null, "wheelchair": null, "objectid": 6539501, "osm_id2": "906409511", "centroide_x": 344557.26524925296, "centroide_y": 6298300.5343378969, "crs_original": "EPSG:4326", "fecha_normalizacion": "2025-10-10 01:59:25" }, "geometry": { "type": "Point", "coordinates": [ 344557.26524925295962, 6298300.534337896853685 ] } },
{ "type": "Feature", "properties": { "access": null, "addr_city": "Santiago", "addr_country": null, "addr_housenumber": "97", "addr_postcode": null, "addr_street": "Rafael Sotomayor", "addr_unit": null, "amenity": "kindergarten", "brand": null, "building": null, "capacity": null, "cuisine": null, "denomination": null, "ele": null, "fee": null, "healthcare": null, "healthcare_speciality": null, "name": "Sotomayor", "name_en": null, "name_es": null, "opening_hours": null, "operator": null, "parking": null, "phone": null, "ref": null, "religion": null, "source_transform": "Reconocimiento cortográfico de campo 2016 por KG", "surface": null, "website": null, "wheelchair": null, "objectid": 6539657, "osm_id2": "3568189793", "centroide_x": 344512.71950093389, "centroide_y": 6298158.1896015983, "crs_original": "EPSG:4326", "fecha_normalizacion": "2025-10-10 01:59:25" }, "geometry": { "type": "Point", "coordinates": [ 344512.719500933890231, 6298158.18960159830749 ] } },
{ "type": "Feature", "properties": { "access": null, "addr_city": "Estación Central", "addr_country": null, "addr_housenumber": "51", "addr_postcode": null, "addr_street": "Exposición", "addr_unit": null, "amenity": "post_office", "brand": "Chilexpress", "building": null, "capacity": null, "cuisine": null, "denomination": null, "ele": null, "fee": null, "healthcare": null, "healthcare_speciality": null, "name": "Chilexpress", "name_en": null, "name_es": null, "opening_hours": null, "operator": "Chilexpress", "parking": null, "phone": null, "ref": null, "religion": null, "source_transform": null, "surface": null, "website": "https://www.chilexpress.cl/", "wheelchair": null, "objectid": 6544110, "osm_id2": "3893487412", "centroide_x": 344038.27359933092, "centroide_y": 6297357.3713692753, "crs_original": "EPSG:4326", "fecha_normalizacion": "2025-10-10 01:59:25" }, "geometry": { "type": "Point", "coordinates": [ 344038.273599330917932, 6297357.371369275264442 ] } },
{ "type": "Feature", "properties": { "access": null, "addr_city": "Santiago", "addr_country": null, "addr_housenumber": "100", "addr_postcode": null, "addr_street": "Matucana", "addr_unit": null, "amenity": "restaurant", "brand": null, "building": null, "capacity": null, "cuisine": "pasta", "denomination": null, "ele": null, "fee": null, "healthcare": null, "healthcare_speciality": null, "name": "La Micropasta", "name_en": null, "name_es": null, "opening_hours": "Mo-Fr 12:00-16:00, Sa 13:00-16:00, Su off", "operator": null, "parking": null, "phone": null, "ref": null, "religion": null, "source_transform": null, "surface": null, "website": "https://fb.me/lamicropasta", "wheelchair": null, "objectid": 6539805, "osm_id2": "5043974069", "centroide_x": 343850.04547407449, "centroide_y": 6298212.4197817771, "crs_original": "EPSG:4326", "fecha_normalizacion": "2025-10-10 01:59:25" }, "geometry": { "type": "Point", "coordinates": [ 343850.045474074489903, 6298212.419781777076423 ] } },
{ "type": "Feature", "properties": { "access": null, "addr_city": "Estación Central", "addr_country": "CL", "addr_housenumber": "3250", "addr_postcode": null, "addr_street": "Avenida Libertador Bernardo O'Higgins", "addr_unit": null, "amenity": "pharmacy", "brand": "SalcoBrand", "building": null, "capacity": null, "cuisine": null, "denomination": null, "ele": null, "fee": null, "healthcare": "pharmacy", "healthcare_speciality": null, "name": "SalcoBrand", "name_en": null, "name_es": null, "opening_hours": null, "operator": null, "parking": null, "phone": "+5624420028", "ref": null, "religion": null, "source_transform": null, "surface": null, "website": null, "wheelchair": "yes", "objectid": 6544175, "osm_id2": "867951533", "centroide_x": 343846.64434367552, "centroide_y": 6297386.3739283402, "crs_original": "EPSG:4326", "fecha_normalizacion": "2025-10-10 01:59:25" }, "geometry": { "type": "Point", "coordinates": [ 343846.644343675521668, 6297386.373928340151906 ] } },
{ "type": "Feature", "properties": { "access": null, "addr_city": "Estación Central", "addr_country": "CL", "addr_housenumber": "4236", "addr_postcode": null, "addr_street": "Calle Paraguay", "addr_unit": null, "amenity": "school", "brand": null, "building": null, "capacity": null, "cuisine": null, "denomination": null, "ele": null, "fee": null, "healthcare": null, "healthcare_speciality": null, "name": "Escuela Especial Las Espigas de Estación Central", "name_en": null, "name_es": null, "opening_hours": null, "operator": "3", "parking": null, "phone": null, "ref": null, "religion": null, "source_transform": "Gobierno Regional Metropolitano de Santiago (http://www.gobiernosantiago.cl/)", "surface": null, "website": null, "wheelchair": null, "objectid": 6546655, "osm_id2": "906408141", "centroide_x": 342635.75070199906, "centroide_y": 6297636.3468339108, "crs_original": "EPSG:4326", "fecha_normalizacion": "2025-10-10 01:59:25" }, "geometry": { "type": "Point", "coordinates": [ 342635.750701999058947, 6297636.346833910793066 ] } },
{ "type": "Feature", "properties": { "access": null, "addr_city": "Estación Central", "addr_country": null, "addr_housenumber": "254", "addr_postcode": null, "addr_street": "San Gumercindo", "addr_unit": null, "amenity": "school", "brand": null, "building": null, "capacity": null, "cuisine": null, "denomination": null, "ele": null, "fee": null, "healthcare": null, "healthcare_speciality": null, "name": "Colegio Polivalente Príncipe De Gales", "name_en": null, "name_es": null, "opening_hours": null, "operator": "3", "parking": null, "phone": null, "ref": null, "religion": null, "source_transform": "Gobierno Regional Metropolitano de Santiago (http://www.gobiernosantiago.cl/)", "surface": null, "website": null, "wheelchair": null, "objectid": 6546680, "osm_id2": "906408355", "centroide_x": 342436.78192910133, "centroide_y": 6297606.7048521955, "crs_original": "EPSG:4326", "fecha_normalizacion": "2025-10-10 01:59:25" }, "geometry": { "type": "Point", "coordinates": [ 342436.781929101329297, 6297606.704852195456624 ] } },
{ "type": "Feature", "properties": { "access": null, "addr_city": "Estación Central", "addr_country": null, "addr_housenumber": "79", "addr_postcode": null, "addr_street": "Las Catalpas Poniente", "addr_unit": null, "amenity": "kindergarten", "brand": null, "building": null, "capacity": null, "cuisine": null, "denomination": null, "ele": null, "fee": null, "healthcare": null, "healthcare_speciality": null, "name": "Escuela De Párvulos Los Países Bajos", "name_en": null, "name_es": null, "opening_hours": null, "operator": "3", "parking": null, "phone": null, "ref": null, "religion": null, "source_transform": "Gobierno Regional Metropolitano de Santiago (http://www.gobiernosantiago.cl/)", "surface": null, "website": null, "wheelchair": null, "objectid": 6550949, "osm_id2": "906406992", "centroide_x": 341178.71823286684, "centroide_y": 6296492.3734588251, "crs_original": "EPSG:4326", "fecha_normalizacion": "2025-10-10 01:59:25" }, "geometry": { "type": "Point", "coordinates": [ 341178.7182328668423, 6296492.373458825051785 ] } },
{ "type": "Feature", "properties": { "access": null, "addr_city": "Estación Central", "addr_country": null, "addr_housenumber": null, "addr_postcode": null, "addr_street": "Obispo Javier Vásquez", "addr_unit": null, "amenity": "restaurant", "brand": null, "building": null, "capacity": null, "cuisine": null, "denomination": null, "ele": null, "fee": null, "healthcare": null, "healthcare_speciality": null, "name": "Mi Casa", "name_en": null, "name_es": null, "opening_hours": null, "operator": null, "parking": null, "phone": null, "ref": null, "religion": null, "source_transform": "Reconocimiento cortográfico de campo 2016 por KG", "surface": null, "website": null, "wheelchair": null, "objectid": 6549078, "osm_id2": "4469012573", "centroide_x": 343148.10279003845, "centroide_y": 6297024.1699377969, "crs_original": "EPSG:4326", "fecha_normalizacion": "2025-10-10 01:59:25" }, "geometry": { "type": "Point", "coordinates": [ 343148.102790038450621, 6297024.169937796890736 ] } },
{ "type": "Feature", "properties": { "access": null, "addr_city": "Estación Central", "addr_country": null, "addr_housenumber": "122", "addr_postcode": null, "addr_street": "San Francisco de Borja", "addr_unit": null, "amenity": "post_office", "brand": "Chilexpress", "building": null, "capacity": null, "cuisine": null, "denomination": null, "ele": null, "fee": null, "healthcare": null, "healthcare_speciality": null, "name": "Chilexpress", "name_en": null, "name_es": null, "opening_hours": null, "operator": "Chilexpress", "parking": null, "phone": null, "ref": null, "religion": null, "source_transform": null, "surface": null, "website": "https://www.chilexpress.cl/", "wheelchair": null, "objectid": 6544372, "osm_id2": "3893469732", "centroide_x": 343858.63532247528, "centroide_y": 6297234.7459797245, "crs_original": "EPSG:4326", "fecha_normalizacion": "2025-10-10 01:59:25" }, "geometry": { "type": "Point", "coordinates": [ 343858.63532247528201, 6297234.7459797244519 ] } },
{ "type": "Feature", "properties": { "access": null, "addr_city": "Estación Central", "addr_country": null, "addr_housenumber": "378", "addr_postcode": null, "addr_street": "Obispo Manuel Umaña Salinas", "addr_unit": null, "amenity": "school", "brand": null, "building": null, "capacity": null, "cuisine": null, "denomination": null, "ele": null, "fee": null, "healthcare": null, "healthcare_speciality": null, "name": "Colegio Franciscano María Reina", "name_en": null, "name_es": null, "opening_hours": null, "operator": "3", "parking": null, "phone": null, "ref": null, "religion": null, "source_transform": "Gobierno Regional Metropolitano de Santiago (http://www.gobiernosantiago.cl/)", "surface": null, "website": null, "wheelchair": null, "objectid": 6549091, "osm_id2": "906408603", "centroide_x": 343523.00886539021, "centroide_y": 6296953.7422296051, "crs_original": "EPSG:4326", "fecha_normalizacion": "2025-10-10 01:59:25" }, "geometry": { "type": "Point", "coordinates": [ 343523.008865390205756, 6296953.742229605093598 ] } },
{ "type": "Feature", "properties": { "access": null, "addr_city": "Estación Central", "addr_country": null, "addr_housenumber": "91", "addr_postcode": null, "addr_street": "Obispo Manuel Umana", "addr_unit": null, "amenity": "kindergarten", "brand": null, "building": null, "capacity": null, "cuisine": null, "denomination": null, "ele": null, "fee": null, "healthcare": null, "healthcare_speciality": null, "name": "Central", "name_en": null, "name_es": null, "opening_hours": null, "operator": null, "parking": null, "phone": null, "ref": null, "religion": null, "source_transform": null, "surface": null, "website": null, "wheelchair": null, "objectid": 6546955, "osm_id2": "3529548175", "centroide_x": 343429.27199254301, "centroide_y": 6297126.99363204, "crs_original": "EPSG:4326", "fecha_normalizacion": "2025-10-10 01:59:25" }, "geometry": { "type": "Point", "coordinates": [ 343429.271992543013766, 6297126.993632039986551 ] } },
{ "type": "Feature", "properties": { "access": null, "addr_city": "Estación Central", "addr_country": null, "addr_housenumber": null, "addr_postcode": null, "addr_street": "Avenida Libertador Bernardo O'Higgins", "addr_unit": null, "amenity": "pharmacy", "brand": null, "building": null, "capacity": null, "cuisine": null, "denomination": null, "ele": null, "fee": null, "healthcare": "pharmacy", "healthcare_speciality": null, "name": "Farmacia Belgo Chilena", "name_en": null, "name_es": null, "opening_hours": null, "operator": null, "parking": null, "phone": null, "ref": null, "religion": null, "source_transform": "Reconocimiento cortográfico de campo 2016 por KG", "surface": null, "website": null, "wheelchair": null, "objectid": 6546961, "osm_id2": "4455294466", "centroide_x": 343231.63989958115, "centroide_y": 6297183.3938092012, "crs_original": "EPSG:4326", "fecha_normalizacion": "2025-10-10 01:59:25" }, "geometry": { "type": "Point", "coordinates": [ 343231.639899581146892, 6297183.393809201195836 ] } },
{ "type": "Feature", "properties": { "access": null, "addr_city": "Estación Central", "addr_country": null, "addr_housenumber": "136", "addr_postcode": null, "addr_street": null, "addr_unit": null, "amenity": "school", "brand": null, "building": null, "capacity": null, "cuisine": null, "denomination": null, "ele": null, "fee": null, "healthcare": null, "healthcare_speciality": null, "name": "Liceo Metropolitano", "name_en": null, "name_es": null, "opening_hours": null, "operator": "3", "parking": null, "phone": null, "ref": null, "religion": null, "source_transform": "Gobierno Regional Metropolitano de Santiago (http://www.gobiernosantiago.cl/)", "surface": null, "website": null, "wheelchair": null, "objectid": 6549205, "osm_id2": "906408055", "centroide_x": 342964.84696186427, "centroide_y": 6296948.9294031709, "crs_original": "EPSG:4326", "fecha_normalizacion": "2025-10-10 01:59:25" }, "geometry": { "type": "Point", "coordinates": [ 342964.84696186427027, 6296948.92940317094326 ] } },
{ "type": "Feature", "properties": { "access": null, "addr_city": "Estación Central", "addr_country": "CL", "addr_housenumber": "151", "addr_postcode": null, "addr_street": "Toro Mazotte", "addr_unit": null, "amenity": "school", "brand": null, "building": null, "capacity": null, "cuisine": null, "denomination": null, "ele": null, "fee": null, "healthcare": null, "healthcare_speciality": null, "name": "Escuela Especial Estación Acuarela", "name_en": null, "name_es": null, "opening_hours": null, "operator": "3", "parking": null, "phone": null, "ref": null, "religion": null, "source_transform": "Gobierno Regional Metropolitano de Santiago (http://www.gobiernosantiago.cl/)", "surface": null, "website": null, "wheelchair": null, "objectid": 6549295, "osm_id2": "906408090", "centroide_x": 342777.87298911938, "centroide_y": 6296864.096947372, "crs_original": "EPSG:4326", "fecha_normalizacion": "2025-10-10 01:59:25" }, "geometry": { "type": "Point", "coordinates": [ 342777.872989119379781, 6296864.096947371959686 ] } },
{ "type": "Feature", "properties": { "access": null, "addr_city": "Estación Central", "addr_country": null, "addr_housenumber": null, "addr_postcode": null, "addr_street": null, "addr_unit": null, "amenity": "fast_food", "brand": null, "building": null, "capacity": null, "cuisine": null, "denomination": null, "ele": null, "fee": null, "healthcare": null, "healthcare_speciality": null, "name": "Tarragona", "name_en": null, "name_es": null, "opening_hours": null, "operator": null, "parking": null, "phone": null, "ref": null, "religion": null, "source_transform": null, "surface": null, "website": null, "wheelchair": null, "objectid": 6547069, "osm_id2": "8112956722", "centroide_x": 342728.97878650686, "centroide_y": 6297111.2661947655, "crs_original": "EPSG:4326", "fecha_normalizacion": "2025-10-10 01:59:25" }, "geometry": { "type": "Point", "coordinates": [ 342728.978786506864708, 6297111.266194765456021 ] } },
{ "type": "Feature", "properties": { "access": null, "addr_city": "ESTACIÓN CENTRAL", "addr_country": null, "addr_housenumber": null, "addr_postcode": null, "addr_street": "Avenida Ecuador", "addr_unit": null, "amenity": "courthouse", "brand": null, "building": null, "capacity": null, "cuisine": null, "denomination": null, "ele": null, "fee": null, "healthcare": null, "healthcare_speciality": null, "name": "1 y 2 Juzgado Policía Local Estación Central", "name_en": null, "name_es": null, "opening_hours": null, "operator": null, "parking": null, "phone": null, "ref": null, "religion": null, "source_transform": null, "surface": null, "website": null, "wheelchair": null, "objectid": 6547194, "osm_id2": "6631939344", "centroide_x": 342387.22713404777, "centroide_y": 6297246.403679247, "crs_original": "EPSG:4326", "fecha_normalizacion": "2025-10-10 01:59:25" }, "geometry": { "type": "Point", "coordinates": [ 342387.227134047774598, 6297246.403679247014225 ] } },
{ "type": "Feature", "properties": { "access": null, "addr_city": "Santiago", "addr_country": null, "addr_housenumber": "37", "addr_postcode": null, "addr_street": "Libertad", "addr_unit": null, "amenity": "restaurant", "brand": null, "building": null, "capacity": null, "cuisine": "steak_house", "denomination": null, "ele": null, "fee": null, "healthcare": null, "healthcare_speciality": null, "name": "Chilenazo", "name_en": null, "name_es": null, "opening_hours": null, "operator": null, "parking": null, "phone": null, "ref": null, "religion": null, "source_transform": null, "surface": null, "website": null, "wheelchair": "yes", "objectid": 6543349, "osm_id2": "1277605002", "centroide_x": 344473.19321740314, "centroide_y": 6297909.2024539644, "crs_original": "EPSG:4326", "fecha_normalizacion": "2025-10-10 01:59:25" }, "geometry": { "type": "Point", "coordinates": [ 344473.193217403138988, 6297909.202453964389861 ] } },
{ "type": "Feature", "properties": { "access": null, "addr_city": "Santiago", "addr_country": "CL", "addr_housenumber": "543", "addr_postcode": null, "addr_street": "Cueto", "addr_unit": null, "amenity": "clinic", "brand": null, "building": null, "capacity": null, "cuisine": null, "denomination": null, "ele": null, "fee": null, "healthcare": "clinic", "healthcare_speciality": null, "name": "Cesfam Ignacio Domeyko", "name_en": null, "name_es": null, "opening_hours": null, "operator": null, "parking": null, "phone": null, "ref": null, "religion": null, "source_transform": null, "surface": null, "website": null, "wheelchair": null, "objectid": 6538445, "osm_id2": "3481174039", "centroide_x": 344540.44848259108, "centroide_y": 6298818.0721461009, "crs_original": "EPSG:4326", "fecha_normalizacion": "2025-10-10 01:59:25" }, "geometry": { "type": "Point", "coordinates": [ 344540.448482591076754, 6298818.072146100923419 ] } },
{ "type": "Feature", "properties": { "access": null, "addr_city": "Santiago", "addr_country": null, "addr_housenumber": "2414", "addr_postcode": null, "addr_street": "Avenida Libertador Bernardo O'Higgins", "addr_unit": null, "amenity": "school", "brand": null, "building": null, "capacity": null, "cuisine": null, "denomination": null, "ele": null, "fee": null, "healthcare": null, "healthcare_speciality": null, "name": "Escuela Básica República del Ecuador", "name_en": null, "name_es": null, "opening_hours": null, "operator": "2", "parking": null, "phone": null, "ref": null, "religion": null, "source_transform": "Gobierno Regional Metropolitano de Santiago (http://www.gobiernosantiago.cl/)", "surface": null, "website": null, "wheelchair": null, "objectid": 6543493, "osm_id2": "906409306", "centroide_x": 344722.2264949308, "centroide_y": 6297688.2280741576, "crs_original": "EPSG:4326", "fecha_normalizacion": "2025-10-10 01:59:25" }, "geometry": { "type": "Point", "coordinates": [ 344722.226494930800982, 6297688.228074157610536 ] } },
{ "type": "Feature", "properties": { "access": null, "addr_city": "Santiago", "addr_country": null, "addr_housenumber": "10", "addr_postcode": null, "addr_street": "Rafael Sotomayor", "addr_unit": null, "amenity": "restaurant", "brand": null, "building": null, "capacity": null, "cuisine": "arab", "denomination": null, "ele": null, "fee": null, "healthcare": null, "healthcare_speciality": null, "name": "Al Safir", "name_en": null, "name_es": null, "opening_hours": null, "operator": null, "parking": null, "phone": null, "ref": null, "religion": null, "source_transform": "Reconocimiento cortográfico de campo 2016 por KG", "surface": null, "website": null, "wheelchair": null, "objectid": 6543495, "osm_id2": "4048567293", "centroide_x": 344607.42117041408, "centroide_y": 6297763.0021867258, "crs_original": "EPSG:4326", "fecha_normalizacion": "2025-10-10 01:59:25" }, "geometry": { "type": "Point", "coordinates": [ 344607.421170414076187, 6297763.002186725847423 ] } },
{ "type": "Feature", "properties": { "access": null, "addr_city": "Santiago", "addr_country": "CL", "addr_housenumber": "2837", "addr_postcode": null, "addr_street": "Avenida Libertador Bernardo O'Higgins", "addr_unit": null, "amenity": "pharmacy", "brand": "SalcoBrand", "building": null, "capacity": null, "cuisine": null, "denomination": null, "ele": null, "fee": null, "healthcare": "pharmacy", "healthcare_speciality": null, "name": "SalcoBrand", "name_en": null, "name_es": null, "opening_hours": null, "operator": null, "parking": null, "phone": "+5626814725", "ref": null, "religion": null, "source_transform": null, "surface": null, "website": null, "wheelchair": null, "objectid": 6543535, "osm_id2": "867953593", "centroide_x": 344420.28298188269, "centroide_y": 6297656.5830626804, "crs_original": "EPSG:4326", "fecha_normalizacion": "2025-10-10 01:59:25" }, "geometry": { "type": "Point", "coordinates": [ 344420.282981882686727, 6297656.583062680438161 ] } },
{ "type": "Feature", "properties": { "access": null, "addr_city": "Estación Central", "addr_country": "CL", "addr_housenumber": "3469", "addr_postcode": null, "addr_street": "El Belloto", "addr_unit": null, "amenity": "fast_food", "brand": null, "building": null, "capacity": null, "cuisine": null, "denomination": null, "ele": null, "fee": null, "healthcare": null, "healthcare_speciality": null, "name": null, "name_en": null, "name_es": null, "opening_hours": null, "operator": "Lorena Cecilia Arce Muñoz", "parking": null, "phone": null, "ref": null, "religion": null, "source_transform": null, "surface": null, "website": null, "wheelchair": null, "objectid": 6543632, "osm_id2": "4015671241", "centroide_x": 343636.90031747316, "centroide_y": 6297889.2901359033, "crs_original": "EPSG:4326", "fecha_normalizacion": "2025-10-10 01:59:25" }, "geometry": { "type": "Point", "coordinates": [ 343636.900317473162431, 6297889.290135903283954 ] } },
{ "type": "Feature", "properties": { "access": null, "addr_city": "Estación Central", "addr_country": "CL", "addr_housenumber": "4518", "addr_postcode": null, "addr_street": "Vecinal", "addr_unit": null, "amenity": "kindergarten", "brand": null, "building": null, "capacity": null, "cuisine": null, "denomination": null, "ele": null, "fee": null, "healthcare": null, "healthcare_speciality": null, "name": "Escuela de Párvulos Pin Pon", "name_en": null, "name_es": null, "opening_hours": null, "operator": "3", "parking": null, "phone": null, "ref": null, "religion": null, "source_transform": "Gobierno Regional Metropolitano de Santiago (http://www.gobiernosantiago.cl/)", "surface": null, "website": null, "wheelchair": null, "objectid": 6570082, "osm_id2": "906407441", "centroide_x": 342265.68289308768, "centroide_y": 6295600.4609598648, "crs_original": "EPSG:4326", "fecha_normalizacion": "2025-10-10 01:59:25" }, "geometry": { "type": "Point", "coordinates": [ 342265.682893087679986, 6295600.460959864780307 ] } },
{ "type": "Feature", "properties": { "access": null, "addr_city": "Santiago", "addr_country": null, "addr_housenumber": "375", "addr_postcode": null, "addr_street": "San Vicente", "addr_unit": null, "amenity": "restaurant", "brand": null, "building": null, "capacity": null, "cuisine": "regional", "denomination": null, "ele": null, "fee": null, "healthcare": null, "healthcare_speciality": null, "name": "El Hoyo", "name_en": null, "name_es": null, "opening_hours": null, "operator": null, "parking": null, "phone": null, "ref": null, "religion": null, "source_transform": null, "surface": null, "website": null, "wheelchair": null, "objectid": 6545946, "osm_id2": "2715835810", "centroide_x": 344092.70357334561, "centroide_y": 6296974.3149042465, "crs_original": "EPSG:4326", "fecha_normalizacion": "2025-10-10 01:59:25" }, "geometry": { "type": "Point", "coordinates": [ 344092.703573345614132, 6296974.314904246479273 ] } },
{ "type": "Feature", "properties": { "access": null, "addr_city": "Estación Central", "addr_country": null, "addr_housenumber": "4936", "addr_postcode": null, "addr_street": "Avenida 5 de Abril", "addr_unit": null, "amenity": "school", "brand": null, "building": null, "capacity": null, "cuisine": null, "denomination": null, "ele": null, "fee": null, "healthcare": null, "healthcare_speciality": null, "name": "Liceo Comercial B-73", "name_en": null, "name_es": null, "opening_hours": null, "operator": "5", "parking": null, "phone": null, "ref": null, "religion": null, "source_transform": "Gobierno Regional Metropolitano de Santiago (http://www.gobiernosantiago.cl/)", "surface": null, "website": null, "wheelchair": null, "objectid": 6570445, "osm_id2": "906407890", "centroide_x": 341823.35961405758, "centroide_y": 6295970.6190660493, "crs_original": "EPSG:4326", "fecha_normalizacion": "2025-10-10 01:59:25" }, "geometry": { "type": "Point", "coordinates": [ 341823.359614057582803, 6295970.619066049344838 ] } },
{ "type": "Feature", "properties": { "access": null, "addr_city": "Santiago", "addr_country": null, "addr_housenumber": "2399", "addr_postcode": "8370471", "addr_street": "Avenida General Rondizzoni", "addr_unit": null, "amenity": "cafe", "brand": null, "building": null, "capacity": null, "cuisine": "regional", "denomination": null, "ele": "1", "fee": null, "healthcare": null, "healthcare_speciality": null, "name": "Rey del Mote con Huesillo", "name_en": null, "name_es": null, "opening_hours": null, "operator": null, "parking": null, "phone": null, "ref": null, "religion": null, "source_transform": null, "surface": null, "website": "https://reydelmote.wix.com/reydelmote", "wheelchair": null, "objectid": 6568487, "osm_id2": "4102938234", "centroide_x": 345045.84586792975, "centroide_y": 6295314.7111008391, "crs_original": "EPSG:4326", "fecha_normalizacion": "2025-10-10 01:59:25" }, "geometry": { "type": "Point", "coordinates": [ 345045.845867929747328, 6295314.711100839078426 ] } },
{ "type": "Feature", "properties": { "access": null, "addr_city": "Santiago", "addr_country": null, "addr_housenumber": "1750", "addr_postcode": null, "addr_street": "Bascunan Guerrero", "addr_unit": null, "amenity": "kindergarten", "brand": null, "building": null, "capacity": null, "cuisine": null, "denomination": null, "ele": null, "fee": null, "healthcare": null, "healthcare_speciality": null, "name": "Mi Refugio", "name_en": null, "name_es": null, "opening_hours": null, "operator": null, "parking": null, "phone": null, "ref": null, "religion": null, "source_transform": "Reconocimiento cartográfico de campo 2016 por KG.", "surface": null, "website": null, "wheelchair": null, "objectid": 6568533, "osm_id2": "3567962186", "centroide_x": 344683.22850570397, "centroide_y": 6295359.3820981998, "crs_original": "EPSG:4326", "fecha_normalizacion": "2025-10-10 01:59:25" }, "geometry": { "type": "Point", "coordinates": [ 344683.228505703969859, 6295359.382098199799657 ] } },
{ "type": "Feature", "properties": { "access": null, "addr_city": "Santiago", "addr_country": null, "addr_housenumber": "2738", "addr_postcode": null, "addr_street": "Rondizzoni", "addr_unit": null, "amenity": "school", "brand": null, "building": null, "capacity": null, "cuisine": null, "denomination": null, "ele": null, "fee": null, "healthcare": null, "healthcare_speciality": null, "name": "Escuela Básica Provincia de Chiloé", "name_en": null, "name_es": null, "opening_hours": null, "operator": "2", "parking": null, "phone": null, "ref": null, "religion": null, "source_transform": null, "surface": null, "website": null, "wheelchair": null, "objectid": 6568572, "osm_id2": "906407703", "centroide_x": 344697.83269581199, "centroide_y": 6295255.9441427104, "crs_original": "EPSG:4326", "fecha_normalizacion": "2025-10-10 01:59:25" }, "geometry": { "type": "Point", "coordinates": [ 344697.832695811986923, 6295255.944142710417509 ] } },
{ "type": "Feature", "properties": { "access": null, "addr_city": "Santiago", "addr_country": null, "addr_housenumber": "2354", "addr_postcode": null, "addr_street": "Pedro Montt", "addr_unit": null, "amenity": "studio", "brand": null, "building": null, "capacity": null, "cuisine": null, "denomination": null, "ele": null, "fee": null, "healthcare": null, "healthcare_speciality": null, "name": "Chilevisión", "name_en": null, "name_es": null, "opening_hours": null, "operator": null, "parking": null, "phone": null, "ref": null, "religion": null, "source_transform": null, "surface": null, "website": null, "wheelchair": null, "objectid": 6568881, "osm_id2": "4983356597", "centroide_x": 345226.85933313146, "centroide_y": 6294852.8241365962, "crs_original": "EPSG:4326", "fecha_normalizacion": "2025-10-10 01:59:25" }, "geometry": { "type": "Point", "coordinates": [ 345226.859333131462336, 6294852.824136596173048 ] } },
{ "type": "Feature", "properties": { "access": null, "addr_city": "Santiago", "addr_country": "CL", "addr_housenumber": "2042", "addr_postcode": null, "addr_street": "Bascuñán Guerrero", "addr_unit": null, "amenity": "school", "brand": null, "building": null, "capacity": null, "cuisine": null, "denomination": null, "ele": null, "fee": null, "healthcare": null, "healthcare_speciality": null, "name": "Escuela de Lenguaje Mi Espacio", "name_en": null, "name_es": null, "opening_hours": null, "operator": "3", "parking": null, "phone": null, "ref": null, "religion": null, "source_transform": "Gobierno Regional Metropolitano de Santiago (http://www.gobiernosantiago.cl/)", "surface": null, "website": null, "wheelchair": null, "objectid": 6568895, "osm_id2": "906407709", "centroide_x": 344696.03334743821, "centroide_y": 6294947.8352168743, "crs_original": "EPSG:4326", "fecha_normalizacion": "2025-10-10 01:59:25" }, "geometry": { "type": "Point", "coordinates": [ 344696.033347438205965, 6294947.83521687425673 ] } },
{ "type": "Feature", "properties": { "access": null, "addr_city": "Estación Central", "addr_country": "CL", "addr_housenumber": "1115", "addr_postcode": null, "addr_street": "Maquinista Gentoso", "addr_unit": null, "amenity": "school", "brand": null, "building": null, "capacity": null, "cuisine": null, "denomination": null, "ele": null, "fee": null, "healthcare": null, "healthcare_speciality": null, "name": "Escuela Especial de Lenguaje Traga Luz", "name_en": null, "name_es": null, "opening_hours": null, "operator": "3", "parking": null, "phone": null, "ref": null, "religion": null, "source_transform": "Gobierno Regional Metropolitano de Santiago (http://www.gobiernosantiago.cl/)", "surface": null, "website": null, "wheelchair": null, "objectid": 6569152, "osm_id2": "906408005", "centroide_x": 343270.27007487306, "centroide_y": 6296095.8304004669, "crs_original": "EPSG:4326", "fecha_normalizacion": "2025-10-10 01:59:25" }, "geometry": { "type": "Point", "coordinates": [ 343270.270074873056728, 6296095.830400466918945 ] } },
{ "type": "Feature", "properties": { "access": null, "addr_city": "Santiago", "addr_country": null, "addr_housenumber": "1083", "addr_postcode": null, "addr_street": "Conferencia", "addr_unit": null, "amenity": "kindergarten", "brand": null, "building": null, "capacity": null, "cuisine": null, "denomination": null, "ele": null, "fee": null, "healthcare": null, "healthcare_speciality": null, "name": "Los Cachorritos", "name_en": null, "name_es": null, "opening_hours": null, "operator": null, "parking": null, "phone": null, "ref": null, "religion": null, "source_transform": null, "surface": null, "website": null, "wheelchair": null, "objectid": 6567220, "osm_id2": "3567962999", "centroide_x": 344322.22076795029, "centroide_y": 6296144.9289276153, "crs_original": "EPSG:4326", "fecha_normalizacion": "2025-10-10 01:59:25" }, "geometry": { "type": "Point", "coordinates": [ 344322.220767950289883, 6296144.92892761528492 ] } },
{ "type": "Feature", "properties": { "access": null, "addr_city": "Santiago", "addr_country": null, "addr_housenumber": "3132", "addr_postcode": null, "addr_street": "Fray Luis de la Peña", "addr_unit": null, "amenity": "fast_food", "brand": null, "building": null, "capacity": null, "cuisine": null, "denomination": null, "ele": null, "fee": null, "healthcare": null, "healthcare_speciality": null, "name": "Colaciones Diarias Doña Olga", "name_en": null, "name_es": null, "opening_hours": null, "operator": null, "parking": null, "phone": null, "ref": null, "religion": null, "source_transform": null, "surface": null, "website": null, "wheelchair": null, "objectid": 6567239, "osm_id2": "4411739175", "centroide_x": 344173.8942439325, "centroide_y": 6296083.3621321768, "crs_original": "EPSG:4326", "fecha_normalizacion": "2025-10-10 01:59:25" }, "geometry": { "type": "Point", "coordinates": [ 344173.894243932503741, 6296083.362132176756859 ] } },
{ "type": "Feature", "properties": { "access": null, "addr_city": "Santiago", "addr_country": null, "addr_housenumber": null, "addr_postcode": null, "addr_street": null, "addr_unit": null, "amenity": "fast_food", "brand": null, "building": null, "capacity": null, "cuisine": "juice", "denomination": null, "ele": null, "fee": null, "healthcare": null, "healthcare_speciality": null, "name": "Mote con huesillo", "name_en": null, "name_es": null, "opening_hours": null, "operator": null, "parking": null, "phone": null, "ref": null, "religion": null, "source_transform": null, "surface": null, "website": null, "wheelchair": null, "objectid": 6540722, "osm_id2": "4048567099", "centroide_x": 343464.62255625107, "centroide_y": 6298240.4885365199, "crs_original": "EPSG:4326", "fecha_normalizacion": "2025-10-10 01:59:25" }, "geometry": { "type": "Point", "coordinates": [ 343464.622556251066271, 6298240.488536519929767 ] } },
{ "type": "Feature", "properties": { "access": null, "addr_city": "Estación Central", "addr_country": null, "addr_housenumber": "5490", "addr_postcode": null, "addr_street": "Yelcho", "addr_unit": null, "amenity": "school", "brand": null, "building": null, "capacity": null, "cuisine": null, "denomination": null, "ele": null, "fee": null, "healthcare": null, "healthcare_speciality": null, "name": "Escuela Particular Children's School", "name_en": null, "name_es": null, "opening_hours": null, "operator": "3", "parking": null, "phone": null, "ref": null, "religion": null, "source_transform": "Gobierno Regional Metropolitano de Santiago (http://www.gobiernosantiago.cl/)", "surface": null, "website": null, "wheelchair": null, "objectid": 6572878, "osm_id2": "906405712", "centroide_x": 340673.1724679328, "centroide_y": 6295154.1678868411, "crs_original": "EPSG:4326", "fecha_normalizacion": "2025-10-10 01:59:25" }, "geometry": { "type": "Point", "coordinates": [ 340673.172467932803556, 6295154.167886841110885 ] } },
{ "type": "Feature", "properties": { "access": null, "addr_city": "Santiago", "addr_country": null, "addr_housenumber": null, "addr_postcode": null, "addr_street": "Bascuñán Guerrero", "addr_unit": null, "amenity": "marketplace", "brand": null, "building": null, "capacity": null, "cuisine": null, "denomination": null, "ele": null, "fee": null, "healthcare": null, "healthcare_speciality": null, "name": "Almacén y Bazar Yang-Lia", "name_en": null, "name_es": null, "opening_hours": null, "operator": null, "parking": null, "phone": "+56935251648", "ref": null, "religion": null, "source_transform": null, "surface": null, "website": null, "wheelchair": null, "objectid": 6567377, "osm_id2": "8265152490", "centroide_x": 344676.39657268743, "centroide_y": 6295652.7887109499, "crs_original": "EPSG:4326", "fecha_normalizacion": "2025-10-10 01:59:25" }, "geometry": { "type": "Point", "coordinates": [ 344676.396572687430307, 6295652.78871094994247 ] } },
{ "type": "Feature", "properties": { "access": null, "addr_city": "Santiago", "addr_country": null, "addr_housenumber": "1594", "addr_postcode": null, "addr_street": "Bascuñán Guerrero", "addr_unit": null, "amenity": "marketplace", "brand": null, "building": "yes", "capacity": null, "cuisine": null, "denomination": null, "ele": null, "fee": null, "healthcare": null, "healthcare_speciality": null, "name": "Alimentos Frutillar", "name_en": null, "name_es": null, "opening_hours": null, "operator": null, "parking": null, "phone": null, "ref": null, "religion": null, "source_transform": null, "surface": null, "website": "http://www.alimentoshuenauca.cl", "wheelchair": null, "objectid": 6567434, "osm_id2": "8248488888", "centroide_x": 344671.90953795303, "centroide_y": 6295554.4118390735, "crs_original": "EPSG:4326", "fecha_normalizacion": "2025-10-10 01:59:25" }, "geometry": { "type": "Point", "coordinates": [ 344671.909537953033578, 6295554.411839073523879 ] } },
{ "type": "Feature", "properties": { "access": null, "addr_city": "Estación Central", "addr_country": null, "addr_housenumber": "4709", "addr_postcode": null, "addr_street": "Avenida 5 de Abril", "addr_unit": null, "amenity": "school", "brand": null, "building": null, "capacity": null, "cuisine": null, "denomination": null, "ele": null, "fee": null, "healthcare": null, "healthcare_speciality": null, "name": "Escuela Particular Villa España", "name_en": null, "name_es": null, "opening_hours": null, "operator": "3", "parking": null, "phone": null, "ref": null, "religion": null, "source_transform": "Gobierno Regional Metropolitano de Santiago (http://www.gobiernosantiago.cl/)", "surface": null, "website": null, "wheelchair": null, "objectid": 6569561, "osm_id2": "906407861", "centroide_x": 342056.74265452381, "centroide_y": 6296200.4899576614, "crs_original": "EPSG:4326", "fecha_normalizacion": "2025-10-10 01:59:25" }, "geometry": { "type": "Point", "coordinates": [ 342056.742654523812234, 6296200.489957661367953 ] } },
{ "type": "Feature", "properties": { "access": null, "addr_city": "Santiago", "addr_country": null, "addr_housenumber": "1599", "addr_postcode": "8370723", "addr_street": "Bascuñán Guerrero", "addr_unit": null, "amenity": "pharmacy", "brand": null, "building": null, "capacity": null, "cuisine": null, "denomination": null, "ele": null, "fee": null, "healthcare": null, "healthcare_speciality": null, "name": "FarmaVip", "name_en": null, "name_es": null, "opening_hours": null, "operator": null, "parking": null, "phone": "+56226840244", "ref": null, "religion": null, "source_transform": "Reconocimiento cartográfico de campo 2016 por KG.", "surface": null, "website": null, "wheelchair": null, "objectid": 6567447, "osm_id2": "4455750335", "centroide_x": 344646.37281819829, "centroide_y": 6295553.3131260574, "crs_original": "EPSG:4326", "fecha_normalizacion": "2025-10-10 01:59:25" }, "geometry": { "type": "Point", "coordinates": [ 344646.37281819828786, 6295553.313126057386398 ] } },
{ "type": "Feature", "properties": { "access": null, "addr_city": "Estación Central", "addr_country": null, "addr_housenumber": "182", "addr_postcode": null, "addr_street": "El Carmelo", "addr_unit": null, "amenity": "school", "brand": null, "building": null, "capacity": null, "cuisine": null, "denomination": null, "ele": null, "fee": null, "healthcare": null, "healthcare_speciality": null, "name": "Escuela Particular José Antonio Lecaros", "name_en": null, "name_es": null, "opening_hours": null, "operator": "3", "parking": null, "phone": null, "ref": null, "religion": null, "source_transform": "Gobierno Regional Metropolitano de Santiago (http://www.gobiernosantiago.cl/)", "surface": null, "website": null, "wheelchair": null, "objectid": 6569680, "osm_id2": "906407874", "centroide_x": 342141.88281120121, "centroide_y": 6295987.8011205168, "crs_original": "EPSG:4326", "fecha_normalizacion": "2025-10-10 01:59:25" }, "geometry": { "type": "Point", "coordinates": [ 342141.882811201212462, 6295987.801120516844094 ] } },
{ "type": "Feature", "properties": { "access": null, "addr_city": "Estación Central", "addr_country": null, "addr_housenumber": "4800", "addr_postcode": null, "addr_street": "Avenida 5 de Abril", "addr_unit": null, "amenity": "school", "brand": null, "building": null, "capacity": null, "cuisine": null, "denomination": null, "ele": null, "fee": null, "healthcare": null, "healthcare_speciality": null, "name": "Liceo Bicentenario Polivalente A N°71 Guillermo Feliu Cruz", "name_en": null, "name_es": null, "opening_hours": null, "operator": "2", "parking": null, "phone": null, "ref": null, "religion": null, "source_transform": null, "surface": null, "website": null, "wheelchair": null, "objectid": 6569708, "osm_id2": "906407883", "centroide_x": 341904.85464476829, "centroide_y": 6296007.3922210839, "crs_original": "EPSG:4326", "fecha_normalizacion": "2025-10-10 01:59:25" }, "geometry": { "type": "Point", "coordinates": [ 341904.85464476828929, 6296007.39222108386457 ] } },
{ "type": "Feature", "properties": { "access": null, "addr_city": "Estación Central", "addr_country": null, "addr_housenumber": "4701", "addr_postcode": null, "addr_street": "Antártica", "addr_unit": null, "amenity": "police", "brand": null, "building": null, "capacity": null, "cuisine": null, "denomination": null, "ele": null, "fee": null, "healthcare": null, "healthcare_speciality": null, "name": "58 Comisaría Población Alessandri", "name_en": null, "name_es": null, "opening_hours": null, "operator": null, "parking": null, "phone": null, "ref": null, "religion": null, "source_transform": null, "surface": null, "website": null, "wheelchair": null, "objectid": 6571677, "osm_id2": "3700135581", "centroide_x": 342125.34836883663, "centroide_y": 6295340.2060736585, "crs_original": "EPSG:4326", "fecha_normalizacion": "2025-10-10 01:59:25" }, "geometry": { "type": "Point", "coordinates": [ 342125.348368836625014, 6295340.206073658540845 ] } },
{ "type": "Feature", "properties": { "access": null, "addr_city": "Estación Central", "addr_country": "CL", "addr_housenumber": "1100", "addr_postcode": null, "addr_street": "Pasaje Huinay", "addr_unit": null, "amenity": "school", "brand": null, "building": null, "capacity": null, "cuisine": null, "denomination": null, "ele": null, "fee": null, "healthcare": null, "healthcare_speciality": null, "name": "Escuela Básica Japón", "name_en": null, "name_es": null, "opening_hours": null, "operator": "2", "parking": null, "phone": null, "ref": null, "religion": null, "source_transform": "Gobierno Regional Metropolitano de Santiago (http://www.gobiernosantiago.cl/)", "surface": null, "website": null, "wheelchair": null, "objectid": 6572270, "osm_id2": "906407469", "centroide_x": 341907.34790936095, "centroide_y": 6294900.0659155184, "crs_original": "EPSG:4326", "fecha_normalizacion": "2025-10-10 01:59:25" }, "geometry": { "type": "Point", "coordinates": [ 341907.347909360949416, 6294900.065915518440306 ] } },
{ "type": "Feature", "properties": { "access": null, "addr_city": "Estación Central", "addr_country": null, "addr_housenumber": "598", "addr_postcode": null, "addr_street": "Obispo Umana", "addr_unit": null, "amenity": "kindergarten", "brand": null, "building": null, "capacity": null, "cuisine": null, "denomination": null, "ele": null, "fee": null, "healthcare": null, "healthcare_speciality": null, "name": "Jardín Infantil Amanda Brieba", "name_en": null, "name_es": null, "opening_hours": null, "operator": null, "parking": null, "phone": null, "ref": null, "religion": null, "source_transform": null, "surface": null, "website": null, "wheelchair": null, "objectid": 6549610, "osm_id2": "3667848783", "centroide_x": 343443.41599607008, "centroide_y": 6296685.2879488152, "crs_original": "EPSG:4326", "fecha_normalizacion": "2025-10-10 01:59:25" }, "geometry": { "type": "Point", "coordinates": [ 343443.415996070078108, 6296685.287948815152049 ] } },
{ "type": "Feature", "properties": { "access": null, "addr_city": "Estación Central", "addr_country": null, "addr_housenumber": "6098", "addr_postcode": null, "addr_street": "Avenida Las Parcelas", "addr_unit": null, "amenity": "school", "brand": null, "building": null, "capacity": null, "cuisine": null, "denomination": null, "ele": null, "fee": null, "healthcare": null, "healthcare_speciality": null, "name": "Escuela Particular Holanda", "name_en": null, "name_es": null, "opening_hours": null, "operator": "3", "parking": null, "phone": null, "ref": null, "religion": null, "source_transform": "Gobierno Regional Metropolitano de Santiago (http://www.gobiernosantiago.cl/)", "surface": null, "website": null, "wheelchair": null, "objectid": 6580307, "osm_id2": "906405617", "centroide_x": 339942.61211476615, "centroide_y": 6295516.9953422714, "crs_original": "EPSG:4326", "fecha_normalizacion": "2025-10-10 01:59:25" }, "geometry": { "type": "Point", "coordinates": [ 339942.612114766146988, 6295516.995342271402478 ] } },
{ "type": "Feature", "properties": { "access": null, "addr_city": "Estación Central", "addr_country": null, "addr_housenumber": "5850", "addr_postcode": null, "addr_street": "Pasaje Laitec", "addr_unit": null, "amenity": "school", "brand": null, "building": null, "capacity": null, "cuisine": null, "denomination": null, "ele": null, "fee": null, "healthcare": null, "healthcare_speciality": null, "name": "Escuela Básica República De Francia", "name_en": null, "name_es": null, "opening_hours": null, "operator": "2", "parking": null, "phone": null, "ref": null, "religion": null, "source_transform": "Gobierno Regional Metropolitano de Santiago (http://www.gobiernosantiago.cl/)", "surface": null, "website": null, "wheelchair": null, "objectid": 6573643, "osm_id2": "906405507", "centroide_x": 341032.59949926578, "centroide_y": 6294626.789666852, "crs_original": "EPSG:4326", "fecha_normalizacion": "2025-10-10 01:59:25" }, "geometry": { "type": "Point", "coordinates": [ 341032.599499265779741, 6294626.789666851982474 ] } },
{ "type": "Feature", "properties": { "access": null, "addr_city": "Estación Central", "addr_country": null, "addr_housenumber": "6108", "addr_postcode": null, "addr_street": "Pasaje Jorge VI", "addr_unit": null, "amenity": "school", "brand": null, "building": null, "capacity": null, "cuisine": null, "denomination": null, "ele": null, "fee": null, "healthcare": null, "healthcare_speciality": null, "name": "Escuela Particular Amanecer", "name_en": null, "name_es": null, "opening_hours": null, "operator": "3", "parking": null, "phone": null, "ref": null, "religion": null, "source_transform": "Gobierno Regional Metropolitano de Santiago (http://www.gobiernosantiago.cl/)", "surface": null, "website": null, "wheelchair": null, "objectid": 6581824, "osm_id2": "906405747", "centroide_x": 340145.3179037763, "centroide_y": 6295177.28343964, "crs_original": "EPSG:4326", "fecha_normalizacion": "2025-10-10 01:59:25" }, "geometry": { "type": "Point", "coordinates": [ 340145.317903776303865, 6295177.283439639955759 ] } },
{ "type": "Feature", "properties": { "access": null, "addr_city": "Estación Central", "addr_country": "CL", "addr_housenumber": "6086", "addr_postcode": null, "addr_street": "Avenida 5 de Abril", "addr_unit": null, "amenity": "school", "brand": null, "building": null, "capacity": null, "cuisine": null, "denomination": null, "ele": null, "fee": null, "healthcare": null, "healthcare_speciality": null, "name": "Escuela Especial Cantos Nuevos", "name_en": null, "name_es": null, "opening_hours": null, "operator": "3", "parking": null, "phone": null, "ref": null, "religion": null, "source_transform": "Gobierno Regional Metropolitano de Santiago (http://www.gobiernosantiago.cl/)", "surface": null, "website": null, "wheelchair": null, "objectid": 6581938, "osm_id2": "906405970", "centroide_x": 340169.95699586393, "centroide_y": 6295142.1753871487, "crs_original": "EPSG:4326", "fecha_normalizacion": "2025-10-10 01:59:25" }, "geometry": { "type": "Point", "coordinates": [ 340169.956995863933116, 6295142.175387148745358 ] } },
{ "type": "Feature", "properties": { "access": null, "addr_city": "Santiago", "addr_country": null, "addr_housenumber": "684 G", "addr_postcode": null, "addr_street": "Esperanza", "addr_unit": null, "amenity": "fast_food", "brand": null, "building": null, "capacity": null, "cuisine": null, "denomination": null, "ele": null, "fee": null, "healthcare": null, "healthcare_speciality": null, "name": "La Picá de Emergencia", "name_en": null, "name_es": null, "opening_hours": null, "operator": null, "parking": null, "phone": null, "ref": null, "religion": null, "source_transform": null, "surface": null, "website": null, "wheelchair": null, "objectid": 7602249, "osm_id2": "8676775000", "centroide_x": 344190.80007390428, "centroide_y": 6298968.8312060991, "crs_original": "EPSG:4326", "fecha_normalizacion": "2025-10-10 01:59:25" }, "geometry": { "type": "Point", "coordinates": [ 344190.80007390427636, 6298968.831206099130213 ] } },
{ "type": "Feature", "properties": { "access": null, "addr_city": "Estación Central", "addr_country": null, "addr_housenumber": null, "addr_postcode": null, "addr_street": "Ruiz-Tagle", "addr_unit": null, "amenity": "fuel", "brand": "Shell", "building": null, "capacity": null, "cuisine": null, "denomination": null, "ele": null, "fee": null, "healthcare": null, "healthcare_speciality": null, "name": "Shell", "name_en": null, "name_es": null, "opening_hours": null, "operator": null, "parking": null, "phone": null, "ref": null, "religion": null, "source_transform": null, "surface": null, "website": null, "wheelchair": null, "objectid": 9803502, "osm_id2": "10234498145", "centroide_x": 343153.4773319884, "centroide_y": 6297257.1152504329, "crs_original": "EPSG:4326", "fecha_normalizacion": "2025-10-10 01:59:25" }, "geometry": { "type": "Point", "coordinates": [ 343153.477331988397054, 6297257.115250432863832 ] } },
{ "type": "Feature", "properties": { "access": null, "addr_city": "Santiago", "addr_country": null, "addr_housenumber": null, "addr_postcode": null, "addr_street": "Maipú", "addr_unit": null, "amenity": "cafe", "brand": null, "building": null, "capacity": null, "cuisine": null, "denomination": null, "ele": null, "fee": null, "healthcare": null, "healthcare_speciality": null, "name": "Café Yungay", "name_en": null, "name_es": null, "opening_hours": null, "operator": null, "parking": null, "phone": null, "ref": null, "religion": null, "source_transform": null, "surface": null, "website": null, "wheelchair": null, "objectid": 10297061, "osm_id2": "10915430772", "centroide_x": 344162.51636758348, "centroide_y": 6298457.1541361492, "crs_original": "EPSG:4326", "fecha_normalizacion": "2025-10-10 01:59:25" }, "geometry": { "type": "Point", "coordinates": [ 344162.516367583477404, 6298457.154136149212718 ] } },
{ "type": "Feature", "properties": { "access": null, "addr_city": "Estación Central", "addr_country": null, "addr_housenumber": "85", "addr_postcode": null, "addr_street": "Exposición", "addr_unit": null, "amenity": "university", "brand": null, "building": null, "capacity": null, "cuisine": null, "denomination": null, "ele": null, "fee": null, "healthcare": null, "healthcare_speciality": null, "name": "Santo Tomás Sede Estación Central", "name_en": null, "name_es": null, "opening_hours": null, "operator": null, "parking": null, "phone": "+56229255500", "ref": null, "religion": null, "source_transform": null, "surface": null, "website": "https://www.santotomas.cl/", "wheelchair": null, "objectid": 10346487, "osm_id2": "10947643035", "centroide_x": 344025.81149075541, "centroide_y": 6297293.0939976759, "crs_original": "EPSG:4326", "fecha_normalizacion": "2025-10-10 01:59:25" }, "geometry": { "type": "Point", "coordinates": [ 344025.811490755411796, 6297293.093997675925493 ] } },
{ "type": "Feature", "properties": { "access": null, "addr_city": "Santiago", "addr_country": null, "addr_housenumber": "94", "addr_postcode": null, "addr_street": "Esperanza", "addr_unit": null, "amenity": "school", "brand": null, "building": null, "capacity": null, "cuisine": null, "denomination": null, "ele": null, "fee": null, "healthcare": null, "healthcare_speciality": null, "name": "Escuela Particular Victoria Prieto", "name_en": null, "name_es": null, "opening_hours": null, "operator": null, "parking": null, "phone": null, "ref": null, "religion": null, "source_transform": null, "surface": null, "website": null, "wheelchair": null, "objectid": 10361415, "osm_id2": "10961462982", "centroide_x": 344267.53143025574, "centroide_y": 6298114.8095149742, "crs_original": "EPSG:4326", "fecha_normalizacion": "2025-10-10 01:59:25" }, "geometry": { "type": "Point", "coordinates": [ 344267.531430255738087, 6298114.809514974243939 ] } },
{ "type": "Feature", "properties": { "access": null, "addr_city": "Estación Central", "addr_country": null, "addr_housenumber": "58", "addr_postcode": null, "addr_street": "Purísima", "addr_unit": null, "amenity": "school", "brand": null, "building": null, "capacity": null, "cuisine": null, "denomination": null, "ele": null, "fee": null, "healthcare": null, "healthcare_speciality": null, "name": "Liceo Estacion Central", "name_en": null, "name_es": null, "opening_hours": null, "operator": null, "parking": null, "phone": null, "ref": null, "religion": null, "source_transform": null, "surface": null, "website": null, "wheelchair": null, "objectid": 10359032, "osm_id2": "10959703955", "centroide_x": 342120.20376743481, "centroide_y": 6296805.8714898676, "crs_original": "EPSG:4326", "fecha_normalizacion": "2025-10-10 01:59:25" }, "geometry": { "type": "Point", "coordinates": [ 342120.203767434810288, 6296805.871489867568016 ] } },
{ "type": "Feature", "properties": { "access": null, "addr_city": "Estación Central", "addr_country": null, "addr_housenumber": "555", "addr_postcode": null, "addr_street": "Coronel Godoy", "addr_unit": null, "amenity": "school", "brand": null, "building": null, "capacity": null, "cuisine": null, "denomination": null, "ele": null, "fee": null, "healthcare": null, "healthcare_speciality": null, "name": "Escuela Arnaldo Falabella", "name_en": null, "name_es": null, "opening_hours": null, "operator": null, "parking": null, "phone": null, "ref": null, "religion": null, "source_transform": null, "surface": null, "website": null, "wheelchair": null, "objectid": 10359107, "osm_id2": "10959726705", "centroide_x": 342756.55561305385, "centroide_y": 6296593.4123762967, "crs_original": "EPSG:4326", "fecha_normalizacion": "2025-10-10 01:59:25" }, "geometry": { "type": "Point", "coordinates": [ 342756.555613053846173, 6296593.412376296706498 ] } },
{ "type": "Feature", "properties": { "access": null, "addr_city": "Estación Central", "addr_country": null, "addr_housenumber": "4552", "addr_postcode": null, "addr_street": "Avenida Libertador Bernardo O'Higgins", "addr_unit": null, "amenity": "school", "brand": null, "building": null, "capacity": null, "cuisine": null, "denomination": null, "ele": null, "fee": null, "healthcare": null, "healthcare_speciality": null, "name": "Liceo de Adultos Estación Central", "name_en": null, "name_es": null, "opening_hours": null, "operator": null, "parking": null, "phone": null, "ref": null, "religion": null, "source_transform": null, "surface": null, "website": null, "wheelchair": null, "objectid": 10359632, "osm_id2": "10960155648", "centroide_x": 342183.48197816173, "centroide_y": 6296882.6068473542, "crs_original": "EPSG:4326", "fecha_normalizacion": "2025-10-10 01:59:25" }, "geometry": { "type": "Point", "coordinates": [ 342183.481978161726147, 6296882.606847354210913 ] } },
{ "type": "Feature", "properties": { "access": null, "addr_city": "Santiago", "addr_country": null, "addr_housenumber": "85", "addr_postcode": null, "addr_street": "Maipú", "addr_unit": null, "amenity": "school", "brand": null, "building": null, "capacity": null, "cuisine": null, "denomination": null, "ele": null, "fee": null, "healthcare": null, "healthcare_speciality": null, "name": "Liceo Alto Palena", "name_en": null, "name_es": null, "opening_hours": null, "operator": null, "parking": null, "phone": null, "ref": null, "religion": null, "source_transform": null, "surface": null, "website": null, "wheelchair": null, "objectid": 10359651, "osm_id2": "10960157652", "centroide_x": 344215.4244052982, "centroide_y": 6298055.3504292984, "crs_original": "EPSG:4326", "fecha_normalizacion": "2025-10-10 01:59:25" }, "geometry": { "type": "Point", "coordinates": [ 344215.424405298195779, 6298055.350429298356175 ] } },
{ "type": "Feature", "properties": { "access": null, "addr_city": "Estación Central", "addr_country": null, "addr_housenumber": "5484", "addr_postcode": null, "addr_street": "Luis Infante Cerda", "addr_unit": null, "amenity": "school", "brand": null, "building": null, "capacity": null, "cuisine": null, "denomination": null, "ele": null, "fee": null, "healthcare": null, "healthcare_speciality": null, "name": "Liceo Echaurren", "name_en": null, "name_es": null, "opening_hours": null, "operator": null, "parking": null, "phone": null, "ref": null, "religion": null, "source_transform": null, "surface": null, "website": null, "wheelchair": null, "objectid": 10359709, "osm_id2": "10960256909", "centroide_x": 340510.15436792001, "centroide_y": 6294726.0362302214, "crs_original": "EPSG:4326", "fecha_normalizacion": "2025-10-10 01:59:25" }, "geometry": { "type": "Point", "coordinates": [ 340510.154367920011282, 6294726.036230221390724 ] } },
{ "type": "Feature", "properties": { "access": null, "addr_city": "Santiago", "addr_country": null, "addr_housenumber": null, "addr_postcode": null, "addr_street": "Matucana", "addr_unit": null, "amenity": "library", "brand": null, "building": null, "capacity": null, "cuisine": null, "denomination": null, "ele": null, "fee": null, "healthcare": null, "healthcare_speciality": null, "name": "BiblioMetro", "name_en": null, "name_es": null, "opening_hours": null, "operator": "Metro de Santiago", "parking": null, "phone": null, "ref": null, "religion": null, "source_transform": null, "surface": null, "website": null, "wheelchair": null, "objectid": 10375420, "osm_id2": "10975976054", "centroide_x": 343837.77069497888, "centroide_y": 6298615.7331308993, "crs_original": "EPSG:4326", "fecha_normalizacion": "2025-10-10 01:59:25" }, "geometry": { "type": "Point", "coordinates": [ 343837.770694978884421, 6298615.733130899257958 ] } },
{ "type": "Feature", "properties": { "access": null, "addr_city": "Estación Central", "addr_country": "CL", "addr_housenumber": "395", "addr_postcode": null, "addr_street": "Avenida Padre Jaime Larraín", "addr_unit": null, "amenity": "school", "brand": null, "building": null, "capacity": null, "cuisine": null, "denomination": null, "ele": null, "fee": null, "healthcare": null, "healthcare_speciality": null, "name": "Escuela Especial DAMASQUITO", "name_en": null, "name_es": null, "opening_hours": null, "operator": null, "parking": null, "phone": null, "ref": null, "religion": null, "source_transform": null, "surface": null, "website": null, "wheelchair": null, "objectid": 10381029, "osm_id2": "10979170732", "centroide_x": 342176.57922823355, "centroide_y": 6295706.8049271284, "crs_original": "EPSG:4326", "fecha_normalizacion": "2025-10-10 01:59:25" }, "geometry": { "type": "Point", "coordinates": [ 342176.579228233546019, 6295706.804927128367126 ] } },
{ "type": "Feature", "properties": { "access": null, "addr_city": "Estación central", "addr_country": null, "addr_housenumber": "4077", "addr_postcode": null, "addr_street": "Naturalista Pavón", "addr_unit": null, "amenity": "school", "brand": null, "building": null, "capacity": null, "cuisine": null, "denomination": null, "ele": null, "fee": null, "healthcare": null, "healthcare_speciality": null, "name": "Escuela especial Maria Gabriela", "name_en": null, "name_es": null, "opening_hours": null, "operator": null, "parking": null, "phone": null, "ref": null, "religion": null, "source_transform": null, "surface": null, "website": null, "wheelchair": null, "objectid": 10377617, "osm_id2": "10977211601", "centroide_x": 342924.31524846167, "centroide_y": 6296213.1586789284, "crs_original": "EPSG:4326", "fecha_normalizacion": "2025-10-10 01:59:25" }, "geometry": { "type": "Point", "coordinates": [ 342924.315248461673036, 6296213.158678928390145 ] } },
{ "type": "Feature", "properties": { "access": null, "addr_city": "Estación Central", "addr_country": "CL", "addr_housenumber": "49", "addr_postcode": null, "addr_street": "Hermanos Arellano", "addr_unit": null, "amenity": "school", "brand": null, "building": null, "capacity": null, "cuisine": null, "denomination": null, "ele": null, "fee": null, "healthcare": null, "healthcare_speciality": null, "name": "Centro Vitamina Estación Central", "name_en": null, "name_es": null, "opening_hours": null, "operator": null, "parking": null, "phone": null, "ref": null, "religion": null, "source_transform": null, "surface": null, "website": null, "wheelchair": null, "objectid": 10395046, "osm_id2": "10989959805", "centroide_x": 343536.79739644215, "centroide_y": 6297219.3882060228, "crs_original": "EPSG:4326", "fecha_normalizacion": "2025-10-10 01:59:25" }, "geometry": { "type": "Point", "coordinates": [ 343536.797396442154422, 6297219.388206022791564 ] } },
{ "type": "Feature", "properties": { "access": null, "addr_city": "Santiago", "addr_country": "CL", "addr_housenumber": "2520", "addr_postcode": null, "addr_street": "Alameda", "addr_unit": null, "amenity": "university", "brand": null, "building": null, "capacity": null, "cuisine": null, "denomination": null, "ele": null, "fee": null, "healthcare": null, "healthcare_speciality": null, "name": "Centro de Formación Técnica ICEL", "name_en": null, "name_es": null, "opening_hours": null, "operator": null, "parking": null, "phone": null, "ref": null, "religion": null, "source_transform": null, "surface": null, "website": null, "wheelchair": null, "objectid": 10393294, "osm_id2": "10985327318", "centroide_x": 344658.66433025955, "centroide_y": 6297603.3317450937, "crs_original": "EPSG:4326", "fecha_normalizacion": "2025-10-10 01:59:25" }, "geometry": { "type": "Point", "coordinates": [ 344658.664330259547569, 6297603.331745093688369 ] } },
{ "type": "Feature", "properties": { "access": null, "addr_city": "Estación Central", "addr_country": null, "addr_housenumber": "5043", "addr_postcode": null, "addr_street": "Embajador Quintana", "addr_unit": null, "amenity": "school", "brand": null, "building": null, "capacity": null, "cuisine": null, "denomination": null, "ele": null, "fee": null, "healthcare": null, "healthcare_speciality": null, "name": "Escuela Francisco Garcia Huidrobro", "name_en": null, "name_es": null, "opening_hours": null, "operator": null, "parking": null, "phone": null, "ref": null, "religion": null, "source_transform": null, "surface": null, "website": null, "wheelchair": null, "objectid": 10383775, "osm_id2": "10980678382", "centroide_x": 341640.23713427549, "centroide_y": 6297371.3438369371, "crs_original": "EPSG:4326", "fecha_normalizacion": "2025-10-10 01:59:25" }, "geometry": { "type": "Point", "coordinates": [ 341640.237134275492281, 6297371.343836937099695 ] } },
{ "type": "Feature", "properties": { "access": "private", "addr_city": "Santiago", "addr_country": null, "addr_housenumber": null, "addr_postcode": null, "addr_street": null, "addr_unit": null, "amenity": "parking_entrance", "brand": null, "building": null, "capacity": null, "cuisine": null, "denomination": null, "ele": null, "fee": null, "healthcare": null, "healthcare_speciality": null, "name": null, "name_en": null, "name_es": null, "opening_hours": null, "operator": null, "parking": "underground", "phone": null, "ref": null, "religion": null, "source_transform": null, "surface": null, "website": null, "wheelchair": null, "objectid": 10344369, "osm_id2": "6104089397", "centroide_x": 345038.69387879455, "centroide_y": 6294785.8612708189, "crs_original": "EPSG:4326", "fecha_normalizacion": "2025-10-10 01:59:25" }, "geometry": { "type": "Point", "coordinates": [ 345038.693878794554621, 6294785.861270818859339 ] } },
{ "type": "Feature", "properties": { "access": null, "addr_city": "ESTACIÓN CENTRAL", "addr_country": "CL", "addr_housenumber": "6955", "addr_postcode": null, "addr_street": "Avenida Gladys Marín", "addr_unit": null, "amenity": "school", "brand": null, "building": null, "capacity": null, "cuisine": null, "denomination": null, "ele": null, "fee": null, "healthcare": null, "healthcare_speciality": null, "name": "Escuela de Lenguaje HELLO CHILDREN", "name_en": null, "name_es": null, "opening_hours": null, "operator": null, "parking": null, "phone": null, "ref": null, "religion": null, "source_transform": null, "surface": null, "website": null, "wheelchair": null, "objectid": 10381365, "osm_id2": "10979360163", "centroide_x": 339241.77394185041, "centroide_y": 6295632.3611501213, "crs_original": "EPSG:4326", "fecha_normalizacion": "2025-10-10 01:59:25" }, "geometry": { "type": "Point", "coordinates": [ 339241.773941850406118, 6295632.361150121316314 ] } },
{ "type": "Feature", "properties": { "access": null, "addr_city": "Santiago", "addr_country": "CL", "addr_housenumber": "302", "addr_postcode": null, "addr_street": "Bascuñán Guerrero", "addr_unit": null, "amenity": "school", "brand": null, "building": null, "capacity": null, "cuisine": null, "denomination": null, "ele": null, "fee": null, "healthcare": null, "healthcare_speciality": null, "name": "Escuela Básica Republica de Colombia", "name_en": null, "name_es": null, "opening_hours": null, "operator": null, "parking": null, "phone": null, "ref": null, "religion": null, "source_transform": null, "surface": null, "website": null, "wheelchair": null, "objectid": 11026135, "osm_id2": "11400888149", "centroide_x": 344395.6659161729, "centroide_y": 6297113.897660749, "crs_original": "EPSG:4326", "fecha_normalizacion": "2025-10-10 01:59:25" }, "geometry": { "type": "Point", "coordinates": [ 344395.665916172903962, 6297113.897660749033093 ] } },
{ "type": "Feature", "properties": { "access": null, "addr_city": "Santiago", "addr_country": "CL", "addr_housenumber": "185", "addr_postcode": null, "addr_street": "Herrera", "addr_unit": null, "amenity": "school", "brand": null, "building": null, "capacity": null, "cuisine": null, "denomination": null, "ele": null, "fee": null, "healthcare": null, "healthcare_speciality": null, "name": "Escuela Básica Ejército de Salvación", "name_en": null, "name_es": null, "opening_hours": null, "operator": null, "parking": null, "phone": null, "ref": null, "religion": null, "source_transform": null, "surface": null, "website": null, "wheelchair": null, "objectid": 11030971, "osm_id2": "11408307798", "centroide_x": 344097.78617692692, "centroide_y": 6298246.3682719069, "crs_original": "EPSG:4326", "fecha_normalizacion": "2025-10-10 01:59:25" }, "geometry": { "type": "Point", "coordinates": [ 344097.786176926922053, 6298246.368271906860173 ] } },
{ "type": "Feature", "properties": { "access": null, "addr_city": "Santiago", "addr_country": null, "addr_housenumber": null, "addr_postcode": null, "addr_street": "Portales", "addr_unit": null, "amenity": "pub", "brand": null, "building": null, "capacity": null, "cuisine": null, "denomination": null, "ele": null, "fee": null, "healthcare": null, "healthcare_speciality": null, "name": "Trova", "name_en": null, "name_es": null, "opening_hours": null, "operator": null, "parking": null, "phone": null, "ref": null, "religion": null, "source_transform": null, "surface": null, "website": null, "wheelchair": null, "objectid": 11031373, "osm_id2": "11408719638", "centroide_x": 344491.53393495787, "centroide_y": 6298366.3806812912, "crs_original": "EPSG:4326", "fecha_normalizacion": "2025-10-10 01:59:25" }, "geometry": { "type": "Point", "coordinates": [ 344491.533934957871679, 6298366.380681291222572 ] } },
{ "type": "Feature", "properties": { "access": null, "addr_city": "Estación Central", "addr_country": "CL", "addr_housenumber": "5939", "addr_postcode": null, "addr_street": "Avenida 5 de Abril", "addr_unit": null, "amenity": "school", "brand": null, "building": null, "capacity": null, "cuisine": null, "denomination": null, "ele": null, "fee": null, "healthcare": null, "healthcare_speciality": null, "name": "Jardín Infantil Los Pirinchos", "name_en": null, "name_es": null, "opening_hours": null, "operator": null, "parking": null, "phone": null, "ref": null, "religion": null, "source_transform": null, "surface": null, "website": null, "wheelchair": null, "objectid": 11024700, "osm_id2": "11398163907", "centroide_x": 341233.59454187372, "centroide_y": 6295713.1133295642, "crs_original": "EPSG:4326", "fecha_normalizacion": "2025-10-10 01:59:25" }, "geometry": { "type": "Point", "coordinates": [ 341233.594541873724665, 6295713.113329564221203 ] } },
{ "type": "Feature", "properties": { "access": null, "addr_city": "Estación Central", "addr_country": null, "addr_housenumber": "5897", "addr_postcode": null, "addr_street": "Yelcho", "addr_unit": null, "amenity": "school", "brand": null, "building": null, "capacity": null, "cuisine": null, "denomination": null, "ele": null, "fee": null, "healthcare": null, "healthcare_speciality": null, "name": "Escuela Especial Eluney", "name_en": null, "name_es": null, "opening_hours": null, "operator": null, "parking": null, "phone": null, "ref": null, "religion": null, "source_transform": null, "surface": null, "website": null, "wheelchair": null, "objectid": 11032696, "osm_id2": "11410242254", "centroide_x": 341212.6678721885, "centroide_y": 6295030.0579560567, "crs_original": "EPSG:4326", "fecha_normalizacion": "2025-10-10 01:59:25" }, "geometry": { "type": "Point", "coordinates": [ 341212.667872188496403, 6295030.057956056669354 ] } },
{ "type": "Feature", "properties": { "access": null, "addr_city": "Estación Central", "addr_country": null, "addr_housenumber": "583", "addr_postcode": null, "addr_street": "Avenida Las Parcelas", "addr_unit": null, "amenity": "school", "brand": null, "building": null, "capacity": null, "cuisine": null, "denomination": null, "ele": null, "fee": null, "healthcare": null, "healthcare_speciality": null, "name": "Escuela de lenguaje Tempus", "name_en": null, "name_es": null, "opening_hours": null, "operator": null, "parking": null, "phone": null, "ref": null, "religion": null, "source_transform": null, "surface": null, "website": null, "wheelchair": null, "objectid": 11036465, "osm_id2": "11414660738", "centroide_x": 339495.4459227224, "centroide_y": 6295168.2272087764, "crs_original": "EPSG:4326", "fecha_normalizacion": "2025-10-10 01:59:25" }, "geometry": { "type": "Point", "coordinates": [ 339495.4459227223997, 6295168.227208776399493 ] } },
{ "type": "Feature", "properties": { "access": null, "addr_city": "Estación Central", "addr_country": null, "addr_housenumber": "3837", "addr_postcode": null, "addr_street": "Avenida 5 de Abril", "addr_unit": null, "amenity": "school", "brand": null, "building": null, "capacity": null, "cuisine": null, "denomination": null, "ele": null, "fee": null, "healthcare": null, "healthcare_speciality": null, "name": "Escuela Básica Albert Schweitzer", "name_en": null, "name_es": null, "opening_hours": null, "operator": null, "parking": null, "phone": null, "ref": null, "religion": null, "source_transform": null, "surface": null, "website": null, "wheelchair": null, "objectid": 11032446, "osm_id2": "11409741243", "centroide_x": 343149.93173929438, "centroide_y": 6296767.3392058183, "crs_original": "EPSG:4326", "fecha_normalizacion": "2025-10-10 01:59:25" }, "geometry": { "type": "Point", "coordinates": [ 343149.931739294377621, 6296767.339205818250775 ] } },
{ "type": "Feature", "properties": { "access": null, "addr_city": "Estación Central", "addr_country": null, "addr_housenumber": "3961", "addr_postcode": null, "addr_street": "Avenida 5 de Abril", "addr_unit": null, "amenity": "school", "brand": null, "building": null, "capacity": null, "cuisine": null, "denomination": null, "ele": null, "fee": null, "healthcare": null, "healthcare_speciality": null, "name": "Escuela De Parvulos Enrique Mac Iver", "name_en": null, "name_es": null, "opening_hours": null, "operator": null, "parking": null, "phone": null, "ref": null, "religion": null, "source_transform": null, "surface": null, "website": null, "wheelchair": null, "objectid": 11032473, "osm_id2": "11409822070", "centroide_x": 343048.91387503018, "centroide_y": 6296678.9387557209, "crs_original": "EPSG:4326", "fecha_normalizacion": "2025-10-10 01:59:25" }, "geometry": { "type": "Point", "coordinates": [ 343048.913875030179042, 6296678.938755720853806 ] } },
{ "type": "Feature", "properties": { "access": null, "addr_city": "Estación Central", "addr_country": null, "addr_housenumber": "630", "addr_postcode": null, "addr_street": "Avenida Padre Jaime Larraín", "addr_unit": null, "amenity": "school", "brand": null, "building": null, "capacity": null, "cuisine": null, "denomination": null, "ele": null, "fee": null, "healthcare": null, "healthcare_speciality": null, "name": "Escuela de Párvulos Tribilin", "name_en": null, "name_es": null, "opening_hours": null, "operator": null, "parking": null, "phone": null, "ref": null, "religion": null, "source_transform": null, "surface": null, "website": null, "wheelchair": null, "objectid": 11048305, "osm_id2": "11429219997", "centroide_x": 342170.90809244756, "centroide_y": 6295449.3063450055, "crs_original": "EPSG:4326", "fecha_normalizacion": "2025-10-10 01:59:25" }, "geometry": { "type": "Point", "coordinates": [ 342170.908092447556555, 6295449.306345005519688 ] } },
{ "type": "Feature", "properties": { "access": null, "addr_city": "Santiago", "addr_country": null, "addr_housenumber": "2917", "addr_postcode": null, "addr_street": "Huérfanos", "addr_unit": null, "amenity": "arts_centre", "brand": null, "building": null, "capacity": null, "cuisine": null, "denomination": null, "ele": null, "fee": null, "healthcare": null, "healthcare_speciality": null, "name": "Colección Ca.Sa", "name_en": null, "name_es": null, "opening_hours": null, "operator": null, "parking": null, "phone": null, "ref": null, "religion": null, "source_transform": null, "surface": null, "website": "https://www.coleccioncasa.cl/", "wheelchair": null, "objectid": 11087536, "osm_id2": "11526066536", "centroide_x": 344237.12671603006, "centroide_y": 6298444.6259734565, "crs_original": "EPSG:4326", "fecha_normalizacion": "2025-10-10 01:59:25" }, "geometry": { "type": "Point", "coordinates": [ 344237.126716030063108, 6298444.625973456539214 ] } },
{ "type": "Feature", "properties": { "access": null, "addr_city": "Santiago", "addr_country": null, "addr_housenumber": null, "addr_postcode": null, "addr_street": null, "addr_unit": null, "amenity": "school", "brand": null, "building": null, "capacity": null, "cuisine": null, "denomination": null, "ele": null, "fee": null, "healthcare": null, "healthcare_speciality": null, "name": "Colegio Industrial Vasco Nuñez De Balboa", "name_en": null, "name_es": null, "opening_hours": null, "operator": null, "parking": null, "phone": null, "ref": null, "religion": null, "source_transform": null, "surface": null, "website": "https://www.industrialvasco.cl/", "wheelchair": null, "objectid": 11364712, "osm_id2": "11954817370", "centroide_x": 344680.61180073651, "centroide_y": 6297754.5407963106, "crs_original": "EPSG:4326", "fecha_normalizacion": "2025-10-10 01:59:25" }, "geometry": { "type": "Point", "coordinates": [ 344680.611800736514851, 6297754.540796310640872 ] } },
{ "type": "Feature", "properties": { "access": null, "addr_city": "Santiago", "addr_country": null, "addr_housenumber": "3470", "addr_postcode": "9160000", "addr_street": "Avenida Alameda Libertador Bernardo O'Higgins", "addr_unit": null, "amenity": "atm", "brand": null, "building": null, "capacity": null, "cuisine": null, "denomination": null, "ele": null, "fee": null, "healthcare": null, "healthcare_speciality": null, "name": "Bitcoin ATM - Shitcoins.club", "name_en": null, "name_es": null, "opening_hours": "Mo-Sa 10:00-21:00; Su 11:00-20:00", "operator": "Shitcoins.club", "parking": null, "phone": null, "ref": null, "religion": null, "source_transform": null, "surface": null, "website": "https://shitcoins.club/", "wheelchair": null, "objectid": 11402015, "osm_id2": "11992764117", "centroide_x": 343644.47006130952, "centroide_y": 6297259.7419955377, "crs_original": "EPSG:4326", "fecha_normalizacion": "2025-10-10 01:59:25" }, "geometry": { "type": "Point", "coordinates": [ 343644.470061309519224, 6297259.741995537653565 ] } },
{ "type": "Feature", "properties": { "access": null, "addr_city": "La Reina", "addr_country": null, "addr_housenumber": "7369", "addr_postcode": null, "addr_street": "Ariosto", "addr_unit": null, "amenity": "kindergarten", "brand": null, "building": null, "capacity": null, "cuisine": null, "denomination": null, "ele": null, "fee": null, "healthcare": null, "healthcare_speciality": null, "name": "Escuela de Párvulos Los Trompitos", "name_en": null, "name_es": null, "opening_hours": null, "operator": "4", "parking": null, "phone": null, "ref": null, "religion": null, "source_transform": "Gobierno Regional Metropolitano de Santiago (http://www.gobiernosantiago.cl/)", "surface": null, "website": null, "wheelchair": null, "objectid": 6373813, "osm_id2": "906435549", "centroide_x": 355450.1785339879, "centroide_y": 6299612.8413691688, "crs_original": "EPSG:4326", "fecha_normalizacion": "2025-10-10 01:59:25" }, "geometry": { "type": "Point", "coordinates": [ 355450.178533987898845, 6299612.841369168832898 ] } },
{ "type": "Feature", "properties": { "access": null, "addr_city": "La Reina", "addr_country": null, "addr_housenumber": null, "addr_postcode": null, "addr_street": "Avenida Echeñique", "addr_unit": null, "amenity": "restaurant", "brand": null, "building": null, "capacity": null, "cuisine": "chinese", "denomination": null, "ele": null, "fee": null, "healthcare": null, "healthcare_speciality": null, "name": "Restaurant Men Fu", "name_en": null, "name_es": null, "opening_hours": null, "operator": null, "parking": null, "phone": null, "ref": null, "religion": null, "source_transform": null, "surface": null, "website": null, "wheelchair": null, "objectid": 6376321, "osm_id2": "4478121848", "centroide_x": 354483.60275484773, "centroide_y": 6298299.2320290441, "crs_original": "EPSG:4326", "fecha_normalizacion": "2025-10-10 01:59:25" }, "geometry": { "type": "Point", "coordinates": [ 354483.602754847728647, 6298299.23202904406935 ] } },
{ "type": "Feature", "properties": { "access": null, "addr_city": "La Reina", "addr_country": null, "addr_housenumber": "5822", "addr_postcode": null, "addr_street": "Avenida Echeñique", "addr_unit": null, "amenity": "kindergarten", "brand": null, "building": null, "capacity": null, "cuisine": null, "denomination": null, "ele": null, "fee": null, "healthcare": null, "healthcare_speciality": null, "name": "Masamigos", "name_en": null, "name_es": null, "opening_hours": null, "operator": null, "parking": null, "phone": null, "ref": null, "religion": null, "source_transform": null, "surface": null, "website": null, "wheelchair": null, "objectid": 6376355, "osm_id2": "3543320726", "centroide_x": 353980.15172417142, "centroide_y": 6298248.5579756862, "crs_original": "EPSG:4326", "fecha_normalizacion": "2025-10-10 01:59:25" }, "geometry": { "type": "Point", "coordinates": [ 353980.1517241714173, 6298248.55797568615526 ] } },
{ "type": "Feature", "properties": { "access": null, "addr_city": "La Reina", "addr_country": null, "addr_housenumber": null, "addr_postcode": null, "addr_street": "Alcalde Alejandro Chadwick", "addr_unit": null, "amenity": "veterinary", "brand": null, "building": null, "capacity": null, "cuisine": null, "denomination": null, "ele": null, "fee": null, "healthcare": null, "healthcare_speciality": null, "name": "Su Veterinaria", "name_en": null, "name_es": null, "opening_hours": null, "operator": null, "parking": null, "phone": null, "ref": null, "religion": null, "source_transform": null, "surface": null, "website": null, "wheelchair": null, "objectid": 6374007, "osm_id2": "4478020759", "centroide_x": 355223.45622193092, "centroide_y": 6299420.4479050394, "crs_original": "EPSG:4326", "fecha_normalizacion": "2025-10-10 01:59:25" }, "geometry": { "type": "Point", "coordinates": [ 355223.45622193091549, 6299420.447905039414763 ] } },
{ "type": "Feature", "properties": { "access": null, "addr_city": "La Reina", "addr_country": "CL", "addr_housenumber": "6880", "addr_postcode": null, "addr_street": "Avenida Príncipe de Gales", "addr_unit": null, "amenity": "fast_food", "brand": "Sbarro", "building": null, "capacity": null, "cuisine": "pizza", "denomination": null, "ele": null, "fee": null, "healthcare": null, "healthcare_speciality": null, "name": "Sbarro", "name_en": null, "name_es": null, "opening_hours": null, "operator": null, "parking": null, "phone": null, "ref": null, "religion": null, "source_transform": null, "surface": null, "website": null, "wheelchair": null, "objectid": 6374184, "osm_id2": "867951931", "centroide_x": 354904.93327878846, "centroide_y": 6299032.5462547699, "crs_original": "EPSG:4326", "fecha_normalizacion": "2025-10-10 01:59:25" }, "geometry": { "type": "Point", "coordinates": [ 354904.933278788463213, 6299032.546254769898951 ] } },
{ "type": "Feature", "properties": { "access": null, "addr_city": "La Reina", "addr_country": "CL", "addr_housenumber": "6880", "addr_postcode": null, "addr_street": "Avenida Príncipe de Gales", "addr_unit": null, "amenity": "atm", "brand": null, "building": null, "capacity": null, "cuisine": null, "denomination": null, "ele": null, "fee": null, "healthcare": null, "healthcare_speciality": null, "name": null, "name_en": null, "name_es": null, "opening_hours": null, "operator": null, "parking": null, "phone": null, "ref": null, "religion": null, "source_transform": null, "surface": null, "website": null, "wheelchair": null, "objectid": 6374185, "osm_id2": "1657845962", "centroide_x": 354883.52431526093, "centroide_y": 6299038.979132846, "crs_original": "EPSG:4326", "fecha_normalizacion": "2025-10-10 01:59:25" }, "geometry": { "type": "Point", "coordinates": [ 354883.524315260932781, 6299038.97913284599781 ] } },
{ "type": "Feature", "properties": { "access": null, "addr_city": "La Reina", "addr_country": null, "addr_housenumber": null, "addr_postcode": null, "addr_street": "Avenida Príncipe de Gales", "addr_unit": null, "amenity": "cafe", "brand": null, "building": null, "capacity": null, "cuisine": "cafe", "denomination": null, "ele": null, "fee": null, "healthcare": null, "healthcare_speciality": null, "name": "Gerezi", "name_en": null, "name_es": null, "opening_hours": null, "operator": null, "parking": null, "phone": null, "ref": null, "religion": null, "source_transform": null, "surface": null, "website": null, "wheelchair": null, "objectid": 6374334, "osm_id2": "4477925824", "centroide_x": 354174.34563328384, "centroide_y": 6299009.492566552, "crs_original": "EPSG:4326", "fecha_normalizacion": "2025-10-10 01:59:25" }, "geometry": { "type": "Point", "coordinates": [ 354174.345633283839561, 6299009.492566552013159 ] } },
{ "type": "Feature", "properties": { "access": null, "addr_city": "La Reina", "addr_country": null, "addr_housenumber": "7195", "addr_postcode": null, "addr_street": "Los Prunos", "addr_unit": null, "amenity": "school", "brand": null, "building": null, "capacity": null, "cuisine": null, "denomination": null, "ele": null, "fee": null, "healthcare": null, "healthcare_speciality": null, "name": "Escuela Especial Sol y Luna", "name_en": null, "name_es": null, "opening_hours": null, "operator": "3", "parking": null, "phone": null, "ref": null, "religion": null, "source_transform": "Gobierno Regional Metropolitano de Santiago (http://www.gobiernosantiago.cl/)", "surface": null, "website": null, "wheelchair": null, "objectid": 6378689, "osm_id2": "906435334", "centroide_x": 355684.95435252972, "centroide_y": 6297213.2763081081, "crs_original": "EPSG:4326", "fecha_normalizacion": "2025-10-10 01:59:25" }, "geometry": { "type": "Point", "coordinates": [ 355684.954352529719472, 6297213.276308108121157 ] } },
{ "type": "Feature", "properties": { "access": null, "addr_city": "La Reina", "addr_country": null, "addr_housenumber": "82", "addr_postcode": null, "addr_street": "Quillagua", "addr_unit": null, "amenity": "kindergarten", "brand": null, "building": null, "capacity": null, "cuisine": null, "denomination": null, "ele": null, "fee": null, "healthcare": null, "healthcare_speciality": null, "name": "Centro De Lactantes", "name_en": null, "name_es": null, "opening_hours": null, "operator": null, "parking": null, "phone": null, "ref": null, "religion": null, "source_transform": null, "surface": null, "website": null, "wheelchair": null, "objectid": 6376605, "osm_id2": "3543313721", "centroide_x": 357542.47895156743, "centroide_y": 6297445.7705446603, "crs_original": "EPSG:4326", "fecha_normalizacion": "2025-10-10 01:59:25" }, "geometry": { "type": "Point", "coordinates": [ 357542.478951567434706, 6297445.770544660277665 ] } },
{ "type": "Feature", "properties": { "access": null, "addr_city": "La Reina", "addr_country": null, "addr_housenumber": "25", "addr_postcode": null, "addr_street": "Cordillera", "addr_unit": null, "amenity": "dentist", "brand": null, "building": null, "capacity": null, "cuisine": null, "denomination": null, "ele": null, "fee": null, "healthcare": null, "healthcare_speciality": null, "name": "Centro Odontológico La Reina", "name_en": null, "name_es": null, "opening_hours": null, "operator": null, "parking": null, "phone": null, "ref": null, "religion": null, "source_transform": null, "surface": null, "website": null, "wheelchair": null, "objectid": 6376606, "osm_id2": "4479604108", "centroide_x": 357367.77790170012, "centroide_y": 6297505.7774097845, "crs_original": "EPSG:4326", "fecha_normalizacion": "2025-10-10 01:59:25" }, "geometry": { "type": "Point", "coordinates": [ 357367.777901700115763, 6297505.777409784495831 ] } },
{ "type": "Feature", "properties": { "access": null, "addr_city": "La Reina", "addr_country": "CL", "addr_housenumber": null, "addr_postcode": null, "addr_street": null, "addr_unit": "7C", "amenity": "clinic", "brand": null, "building": null, "capacity": null, "cuisine": null, "denomination": null, "ele": null, "fee": null, "healthcare": "clinic", "healthcare_speciality": null, "name": "Clínica CELA La Reina", "name_en": null, "name_es": null, "opening_hours": null, "operator": null, "parking": null, "phone": null, "ref": null, "religion": null, "source_transform": null, "surface": null, "website": null, "wheelchair": null, "objectid": 6374394, "osm_id2": "6644792888", "centroide_x": 357212.4414893412, "centroide_y": 6298904.272910051, "crs_original": "EPSG:4326", "fecha_normalizacion": "2025-10-10 01:59:25" }, "geometry": { "type": "Point", "coordinates": [ 357212.441489341203123, 6298904.272910051047802 ] } },
{ "type": "Feature", "properties": { "access": null, "addr_city": "La Reina", "addr_country": null, "addr_housenumber": "8771", "addr_postcode": null, "addr_street": "Avenida Príncipe de Gales", "addr_unit": null, "amenity": "kindergarten", "brand": null, "building": null, "capacity": null, "cuisine": null, "denomination": null, "ele": null, "fee": null, "healthcare": null, "healthcare_speciality": null, "name": "Principe De Gales", "name_en": null, "name_es": null, "opening_hours": null, "operator": null, "parking": null, "phone": null, "ref": null, "religion": null, "source_transform": null, "surface": null, "website": null, "wheelchair": null, "objectid": 6374477, "osm_id2": "3543323460", "centroide_x": 356842.82536503056, "centroide_y": 6298765.4589382708, "crs_original": "EPSG:4326", "fecha_normalizacion": "2025-10-10 01:59:25" }, "geometry": { "type": "Point", "coordinates": [ 356842.825365030555986, 6298765.458938270807266 ] } },
{ "type": "Feature", "properties": { "access": null, "addr_city": "La Reina", "addr_country": null, "addr_housenumber": "8481", "addr_postcode": null, "addr_street": "Avenida Príncipe de Gales", "addr_unit": null, "amenity": "pharmacy", "brand": "Farmacias Ahumada", "building": null, "capacity": null, "cuisine": null, "denomination": null, "ele": null, "fee": null, "healthcare": "pharmacy", "healthcare_speciality": null, "name": "Farmacias Ahumada", "name_en": null, "name_es": null, "opening_hours": "Mo-Fr 09:00-21:30; PH,Sa,Su 10:00-21:30", "operator": null, "parking": null, "phone": null, "ref": null, "religion": null, "source_transform": null, "surface": null, "website": null, "wheelchair": "yes", "objectid": 6374539, "osm_id2": "8544878591", "centroide_x": 356520.55772973935, "centroide_y": 6298785.544325605, "crs_original": "EPSG:4326", "fecha_normalizacion": "2025-10-10 01:59:25" }, "geometry": { "type": "Point", "coordinates": [ 356520.557729739346541, 6298785.544325605034828 ] } },
{ "type": "Feature", "properties": { "access": null, "addr_city": "Santiago", "addr_country": "CL", "addr_housenumber": "680", "addr_postcode": null, "addr_street": "Jorge Alessandri", "addr_unit": null, "amenity": "recycling", "brand": null, "building": null, "capacity": null, "cuisine": null, "denomination": null, "ele": null, "fee": null, "healthcare": null, "healthcare_speciality": null, "name": "Cooperativa de reciclaje La Reina", "name_en": null, "name_es": null, "opening_hours": "Mo-Fr 09:00-17:00", "operator": "Cooperativa de recicladores de La Reina", "parking": null, "phone": null, "ref": null, "religion": null, "source_transform": null, "surface": null, "website": null, "wheelchair": null, "objectid": 6378755, "osm_id2": "2287552493", "centroide_x": 356339.25350148312, "centroide_y": 6296919.4417090602, "crs_original": "EPSG:4326", "fecha_normalizacion": "2025-10-10 01:59:25" }, "geometry": { "type": "Point", "coordinates": [ 356339.253501483122818, 6296919.44170906022191 ] } },
{ "type": "Feature", "properties": { "access": null, "addr_city": "La Reina", "addr_country": null, "addr_housenumber": "8531", "addr_postcode": null, "addr_street": "Avenida Príncipe de Gales", "addr_unit": null, "amenity": "restaurant", "brand": null, "building": null, "capacity": null, "cuisine": null, "denomination": null, "ele": null, "fee": null, "healthcare": null, "healthcare_speciality": null, "name": "La Burguesía", "name_en": null, "name_es": null, "opening_hours": null, "operator": null, "parking": null, "phone": null, "ref": null, "religion": null, "source_transform": null, "surface": null, "website": null, "wheelchair": null, "objectid": 6374543, "osm_id2": "1969829840", "centroide_x": 356578.42781297438, "centroide_y": 6298736.2064085659, "crs_original": "EPSG:4326", "fecha_normalizacion": "2025-10-10 01:59:25" }, "geometry": { "type": "Point", "coordinates": [ 356578.427812974376138, 6298736.206408565863967 ] } },
{ "type": "Feature", "properties": { "access": null, "addr_city": "La Reina", "addr_country": null, "addr_housenumber": null, "addr_postcode": null, "addr_street": null, "addr_unit": null, "amenity": "pharmacy", "brand": "Cruz Verde", "building": null, "capacity": null, "cuisine": null, "denomination": null, "ele": null, "fee": null, "healthcare": "pharmacy", "healthcare_speciality": null, "name": "Cruz Verde", "name_en": null, "name_es": null, "opening_hours": null, "operator": null, "parking": null, "phone": "+56227586068", "ref": null, "religion": null, "source_transform": null, "surface": null, "website": null, "wheelchair": null, "objectid": 6374544, "osm_id2": "8544878590", "centroide_x": 356516.74971492379, "centroide_y": 6298678.8161269389, "crs_original": "EPSG:4326", "fecha_normalizacion": "2025-10-10 01:59:25" }, "geometry": { "type": "Point", "coordinates": [ 356516.749714923789725, 6298678.816126938909292 ] } },
{ "type": "Feature", "properties": { "access": null, "addr_city": "La Reina", "addr_country": null, "addr_housenumber": "1220", "addr_postcode": null, "addr_street": "Avenida Carlos Ossandón", "addr_unit": null, "amenity": "cafe", "brand": "Starbucks", "building": null, "capacity": null, "cuisine": "coffee_shop", "denomination": null, "ele": null, "fee": null, "healthcare": null, "healthcare_speciality": null, "name": "Starbucks", "name_en": null, "name_es": null, "opening_hours": null, "operator": null, "parking": null, "phone": null, "ref": null, "religion": null, "source_transform": null, "surface": null, "website": null, "wheelchair": null, "objectid": 6374545, "osm_id2": "8544860118", "centroide_x": 356516.24445458624, "centroide_y": 6298722.2293025851, "crs_original": "EPSG:4326", "fecha_normalizacion": "2025-10-10 01:59:25" }, "geometry": { "type": "Point", "coordinates": [ 356516.244454586238135, 6298722.229302585124969 ] } },
{ "type": "Feature", "properties": { "access": null, "addr_city": "La Reina", "addr_country": null, "addr_housenumber": "1188", "addr_postcode": null, "addr_street": "Avenida Carlos Ossandón", "addr_unit": null, "amenity": "restaurant", "brand": null, "building": null, "capacity": null, "cuisine": "pizza", "denomination": null, "ele": null, "fee": null, "healthcare": null, "healthcare_speciality": null, "name": "Melt", "name_en": null, "name_es": null, "opening_hours": null, "operator": null, "parking": null, "phone": null, "ref": null, "religion": null, "source_transform": null, "surface": null, "website": null, "wheelchair": null, "objectid": 6374546, "osm_id2": "8544860119", "centroide_x": 356506.85802199546, "centroide_y": 6298715.0249838037, "crs_original": "EPSG:4326", "fecha_normalizacion": "2025-10-10 01:59:25" }, "geometry": { "type": "Point", "coordinates": [ 356506.858021995460149, 6298715.024983803741634 ] } },
{ "type": "Feature", "properties": { "access": null, "addr_city": "La Reina", "addr_country": null, "addr_housenumber": "1188", "addr_postcode": null, "addr_street": "Avenida Carlos Ossandón", "addr_unit": null, "amenity": "restaurant", "brand": "Johnny Rockets", "building": null, "capacity": null, "cuisine": "burger", "denomination": null, "ele": null, "fee": null, "healthcare": null, "healthcare_speciality": null, "name": "Johnny Rockets", "name_en": null, "name_es": null, "opening_hours": null, "operator": null, "parking": null, "phone": null, "ref": null, "religion": null, "source_transform": null, "surface": null, "website": null, "wheelchair": null, "objectid": 6374547, "osm_id2": "8593608100", "centroide_x": 356513.13634459215, "centroide_y": 6298703.6170281451, "crs_original": "EPSG:4326", "fecha_normalizacion": "2025-10-10 01:59:25" }, "geometry": { "type": "Point", "coordinates": [ 356513.136344592145178, 6298703.617028145119548 ] } },
{ "type": "Feature", "properties": { "access": null, "addr_city": "La Reina", "addr_country": null, "addr_housenumber": "1188", "addr_postcode": null, "addr_street": "Avenida Carlos Ossandón", "addr_unit": null, "amenity": "fast_food", "brand": null, "building": null, "capacity": null, "cuisine": "sushi", "denomination": null, "ele": null, "fee": null, "healthcare": null, "healthcare_speciality": null, "name": "Sushi Sakura", "name_en": null, "name_es": null, "opening_hours": null, "operator": null, "parking": null, "phone": null, "ref": null, "religion": null, "source_transform": null, "surface": null, "website": null, "wheelchair": null, "objectid": 6374564, "osm_id2": "1100625658", "centroide_x": 356513.69180211966, "centroide_y": 6298710.6679577213, "crs_original": "EPSG:4326", "fecha_normalizacion": "2025-10-10 01:59:25" }, "geometry": { "type": "Point", "coordinates": [ 356513.691802119661588, 6298710.667957721278071 ] } },
{ "type": "Feature", "properties": { "access": null, "addr_city": "La Reina", "addr_country": "CL", "addr_housenumber": "8573", "addr_postcode": null, "addr_street": "Avenida Tobalaba", "addr_unit": null, "amenity": "kindergarten", "brand": null, "building": null, "capacity": null, "cuisine": null, "denomination": null, "ele": null, "fee": null, "healthcare": null, "healthcare_speciality": null, "name": "Escuela de Párvulos Antiñil", "name_en": null, "name_es": null, "opening_hours": null, "operator": "3", "parking": null, "phone": null, "ref": null, "religion": null, "source_transform": "Gobierno Regional Metropolitano de Santiago (http://www.gobiernosantiago.cl/)", "surface": null, "website": null, "wheelchair": null, "objectid": 6378999, "osm_id2": "906435335", "centroide_x": 355588.4194452177, "centroide_y": 6296736.9201206509, "crs_original": "EPSG:4326", "fecha_normalizacion": "2025-10-10 01:59:25" }, "geometry": { "type": "Point", "coordinates": [ 355588.419445217703469, 6296736.92012065090239 ] } },
{ "type": "Feature", "properties": { "access": null, "addr_city": "La Reina", "addr_country": null, "addr_housenumber": null, "addr_postcode": null, "addr_street": "Valenzuela Llanos", "addr_unit": null, "amenity": "fast_food", "brand": null, "building": null, "capacity": null, "cuisine": "middle_eastern", "denomination": null, "ele": null, "fee": null, "healthcare": null, "healthcare_speciality": null, "name": "Al-Tabún", "name_en": null, "name_es": null, "opening_hours": null, "operator": null, "parking": null, "phone": null, "ref": null, "religion": null, "source_transform": null, "surface": null, "website": null, "wheelchair": null, "objectid": 6372793, "osm_id2": "4479969371", "centroide_x": 357455.22368060751, "centroide_y": 6298880.0974316122, "crs_original": "EPSG:4326", "fecha_normalizacion": "2025-10-10 01:59:25" }, "geometry": { "type": "Point", "coordinates": [ 357455.223680607508868, 6298880.097431612201035 ] } },
{ "type": "Feature", "properties": { "access": null, "addr_city": "La Reina", "addr_country": null, "addr_housenumber": null, "addr_postcode": null, "addr_street": "Valenzuela Llanos", "addr_unit": null, "amenity": "fast_food", "brand": null, "building": null, "capacity": null, "cuisine": "chinese", "denomination": null, "ele": null, "fee": null, "healthcare": null, "healthcare_speciality": null, "name": "Tai Long", "name_en": null, "name_es": null, "opening_hours": null, "operator": null, "parking": null, "phone": null, "ref": null, "religion": null, "source_transform": null, "surface": null, "website": null, "wheelchair": null, "objectid": 6372799, "osm_id2": "1114558131", "centroide_x": 357453.90854871634, "centroide_y": 6298875.9632958882, "crs_original": "EPSG:4326", "fecha_normalizacion": "2025-10-10 01:59:25" }, "geometry": { "type": "Point", "coordinates": [ 357453.908548716339283, 6298875.963295888155699 ] } },
{ "type": "Feature", "properties": { "access": null, "addr_city": "La Reina", "addr_country": null, "addr_housenumber": "1330", "addr_postcode": null, "addr_street": "Valenzuela Llanos", "addr_unit": null, "amenity": "fast_food", "brand": null, "building": null, "capacity": null, "cuisine": "sushi", "denomination": null, "ele": null, "fee": null, "healthcare": null, "healthcare_speciality": null, "name": "Garuo", "name_en": null, "name_es": null, "opening_hours": null, "operator": null, "parking": null, "phone": null, "ref": null, "religion": null, "source_transform": null, "surface": null, "website": null, "wheelchair": null, "objectid": 6372802, "osm_id2": "1114558139", "centroide_x": 357443.16511554585, "centroide_y": 6298859.845199164, "crs_original": "EPSG:4326", "fecha_normalizacion": "2025-10-10 01:59:25" }, "geometry": { "type": "Point", "coordinates": [ 357443.165115545853041, 6298859.845199164003134 ] } },
{ "type": "Feature", "properties": { "access": null, "addr_city": "La Reina", "addr_country": null, "addr_housenumber": "9323", "addr_postcode": null, "addr_street": "Carlos Silva Vildósola", "addr_unit": null, "amenity": "veterinary", "brand": null, "building": null, "capacity": null, "cuisine": null, "denomination": null, "ele": null, "fee": null, "healthcare": null, "healthcare_speciality": null, "name": "Clínica Veterinaria El Rodeo", "name_en": null, "name_es": null, "opening_hours": null, "operator": null, "parking": null, "phone": null, "ref": null, "religion": null, "source_transform": null, "surface": null, "website": null, "wheelchair": null, "objectid": 6372884, "osm_id2": "4479196224", "centroide_x": 357441.40528601361, "centroide_y": 6298790.0581843145, "crs_original": "EPSG:4326", "fecha_normalizacion": "2025-10-10 01:59:25" }, "geometry": { "type": "Point", "coordinates": [ 357441.405286013614386, 6298790.058184314519167 ] } },
{ "type": "Feature", "properties": { "access": null, "addr_city": "La Reina", "addr_country": null, "addr_housenumber": "151", "addr_postcode": null, "addr_street": "Paula Jaraquemada", "addr_unit": null, "amenity": "school", "brand": null, "building": null, "capacity": null, "cuisine": null, "denomination": null, "ele": null, "fee": null, "healthcare": null, "healthcare_speciality": null, "name": "Colegio Rubén Dario", "name_en": null, "name_es": null, "opening_hours": null, "operator": "4", "parking": null, "phone": null, "ref": null, "religion": null, "source_transform": "Gobierno Regional Metropolitano de Santiago (http://www.gobiernosantiago.cl/)", "surface": null, "website": null, "wheelchair": null, "objectid": 6379098, "osm_id2": "906435309", "centroide_x": 354216.16389726708, "centroide_y": 6297265.7904175194, "crs_original": "EPSG:4326", "fecha_normalizacion": "2025-10-10 01:59:25" }, "geometry": { "type": "Point", "coordinates": [ 354216.163897267077118, 6297265.790417519398034 ] } },
{ "type": "Feature", "properties": { "access": null, "addr_city": "La Reina", "addr_country": null, "addr_housenumber": "529", "addr_postcode": null, "addr_street": "Quillagua", "addr_unit": null, "amenity": "kindergarten", "brand": null, "building": null, "capacity": null, "cuisine": null, "denomination": null, "ele": null, "fee": null, "healthcare": null, "healthcare_speciality": null, "name": "Paidahue", "name_en": null, "name_es": null, "opening_hours": null, "operator": null, "parking": null, "phone": null, "ref": null, "religion": null, "source_transform": null, "surface": null, "website": null, "wheelchair": null, "objectid": 6379113, "osm_id2": "3543323146", "centroide_x": 354496.65766117146, "centroide_y": 6296954.4492059005, "crs_original": "EPSG:4326", "fecha_normalizacion": "2025-10-10 01:59:25" }, "geometry": { "type": "Point", "coordinates": [ 354496.657661171455402, 6296954.449205900542438 ] } },
{ "type": "Feature", "properties": { "access": null, "addr_city": "La Reina", "addr_country": null, "addr_housenumber": "561", "addr_postcode": null, "addr_street": "Dragones de La Reina", "addr_unit": null, "amenity": "school", "brand": null, "building": null, "capacity": null, "cuisine": null, "denomination": null, "ele": null, "fee": null, "healthcare": null, "healthcare_speciality": null, "name": "Escuela Especial Niños de La Reina", "name_en": null, "name_es": null, "opening_hours": null, "operator": "3", "parking": null, "phone": null, "ref": null, "religion": null, "source_transform": null, "surface": null, "website": null, "wheelchair": null, "objectid": 6379128, "osm_id2": "906435316", "centroide_x": 354843.00651323359, "centroide_y": 6296864.512606753, "crs_original": "EPSG:4326", "fecha_normalizacion": "2025-10-10 01:59:25" }, "geometry": { "type": "Point", "coordinates": [ 354843.006513233587611, 6296864.51260675303638 ] } },
{ "type": "Feature", "properties": { "access": null, "addr_city": "La Reina", "addr_country": null, "addr_housenumber": "6972", "addr_postcode": null, "addr_street": "Leonidas Banderas", "addr_unit": null, "amenity": "school", "brand": null, "building": null, "capacity": null, "cuisine": null, "denomination": null, "ele": null, "fee": null, "healthcare": null, "healthcare_speciality": null, "name": "Escuela Particular Antinil", "name_en": null, "name_es": null, "opening_hours": null, "operator": "3", "parking": null, "phone": null, "ref": null, "religion": null, "source_transform": "Gobierno Regional Metropolitano de Santiago (http://www.gobiernosantiago.cl/)", "surface": null, "website": null, "wheelchair": null, "objectid": 6379138, "osm_id2": "906435315", "centroide_x": 355350.10019718122, "centroide_y": 6296516.5249097273, "crs_original": "EPSG:4326", "fecha_normalizacion": "2025-10-10 01:59:25" }, "geometry": { "type": "Point", "coordinates": [ 355350.100197181222029, 6296516.524909727275372 ] } },
{ "type": "Feature", "properties": { "access": null, "addr_city": "La Reina", "addr_country": null, "addr_housenumber": "580", "addr_postcode": null, "addr_street": null, "addr_unit": null, "amenity": "school", "brand": null, "building": null, "capacity": null, "cuisine": null, "denomination": null, "ele": null, "fee": null, "healthcare": null, "healthcare_speciality": null, "name": "Escuela Básica Hermanas del Niño Jesús", "name_en": null, "name_es": null, "opening_hours": null, "operator": "3", "parking": null, "phone": null, "ref": null, "religion": null, "source_transform": "Gobierno Regional Metropolitano de Santiago (http://www.gobiernosantiago.cl/)", "surface": null, "website": null, "wheelchair": null, "objectid": 6379150, "osm_id2": "906435310", "centroide_x": 353930.9822886606, "centroide_y": 6296788.1278758291, "crs_original": "EPSG:4326", "fecha_normalizacion": "2025-10-10 01:59:25" }, "geometry": { "type": "Point", "coordinates": [ 353930.982288660597987, 6296788.12787582911551 ] } },
{ "type": "Feature", "properties": { "access": null, "addr_city": "La Reina", "addr_country": null, "addr_housenumber": "5969", "addr_postcode": null, "addr_street": "Avenida José Arrieta", "addr_unit": null, "amenity": "school", "brand": null, "building": null, "capacity": null, "cuisine": null, "denomination": null, "ele": null, "fee": null, "healthcare": null, "healthcare_speciality": null, "name": "Instituto Nacional de Rehabilitación Pedro Aguirre Cerda (INRPAC)", "name_en": null, "name_es": null, "opening_hours": null, "operator": "3", "parking": null, "phone": null, "ref": null, "religion": null, "source_transform": "Gobierno Regional Metropolitano de Santiago (http://www.gobiernosantiago.cl/)", "surface": null, "website": null, "wheelchair": null, "objectid": 6379152, "osm_id2": "906435302", "centroide_x": 354107.19475235185, "centroide_y": 6296664.620783817, "crs_original": "EPSG:4326", "fecha_normalizacion": "2025-10-10 01:59:25" }, "geometry": { "type": "Point", "coordinates": [ 354107.194752351846546, 6296664.620783817023039 ] } },
{ "type": "Feature", "properties": { "access": null, "addr_city": "La Reina", "addr_country": null, "addr_housenumber": "81", "addr_postcode": null, "addr_street": "Salar del Carmen", "addr_unit": null, "amenity": "kindergarten", "brand": null, "building": null, "capacity": null, "cuisine": null, "denomination": null, "ele": null, "fee": null, "healthcare": null, "healthcare_speciality": null, "name": "Diego Portales", "name_en": null, "name_es": null, "opening_hours": null, "operator": null, "parking": null, "phone": null, "ref": null, "religion": null, "source_transform": null, "surface": null, "website": null, "wheelchair": null, "objectid": 6376611, "osm_id2": "3543314046", "centroide_x": 357370.29776979552, "centroide_y": 6297453.4993657302, "crs_original": "EPSG:4326", "fecha_normalizacion": "2025-10-10 01:59:25" }, "geometry": { "type": "Point", "coordinates": [ 357370.297769795521162, 6297453.499365730211139 ] } },
{ "type": "Feature", "properties": { "access": null, "addr_city": "La Reina", "addr_country": null, "addr_housenumber": "8751", "addr_postcode": null, "addr_street": "Avenida Alcalde Fernando Castillo Velasco", "addr_unit": null, "amenity": "pharmacy", "brand": "Cruz Verde", "building": null, "capacity": null, "cuisine": null, "denomination": null, "ele": null, "fee": null, "healthcare": "pharmacy", "healthcare_speciality": null, "name": "Cruz Verde", "name_en": null, "name_es": null, "opening_hours": null, "operator": null, "parking": null, "phone": null, "ref": null, "religion": null, "source_transform": null, "surface": null, "website": null, "wheelchair": null, "objectid": 6377465, "osm_id2": "4474447007", "centroide_x": 356833.8530783857, "centroide_y": 6297556.5256902464, "crs_original": "EPSG:4326", "fecha_normalizacion": "2025-10-10 01:59:25" }, "geometry": { "type": "Point", "coordinates": [ 356833.853078385698609, 6297556.525690246373415 ] } },
{ "type": "Feature", "properties": { "access": null, "addr_city": "La Reina", "addr_country": null, "addr_housenumber": "1300", "addr_postcode": null, "addr_street": null, "addr_unit": null, "amenity": "pharmacy", "brand": "SalcoBrand", "building": null, "capacity": null, "cuisine": null, "denomination": null, "ele": null, "fee": null, "healthcare": "pharmacy", "healthcare_speciality": null, "name": "SalcoBrand", "name_en": null, "name_es": null, "opening_hours": null, "operator": null, "parking": null, "phone": null, "ref": null, "religion": null, "source_transform": null, "surface": null, "website": null, "wheelchair": null, "objectid": 6374571, "osm_id2": "3911406732", "centroide_x": 356516.22830484237, "centroide_y": 6298746.4846602054, "crs_original": "EPSG:4326", "fecha_normalizacion": "2025-10-10 01:59:25" }, "geometry": { "type": "Point", "coordinates": [ 356516.228304842370562, 6298746.484660205431283 ] } },
{ "type": "Feature", "properties": { "access": null, "addr_city": "La Reina", "addr_country": null, "addr_housenumber": null, "addr_postcode": null, "addr_street": "Vicente Pérez Rosales", "addr_unit": null, "amenity": "fast_food", "brand": null, "building": null, "capacity": null, "cuisine": null, "denomination": null, "ele": null, "fee": null, "healthcare": null, "healthcare_speciality": null, "name": "La Oca", "name_en": null, "name_es": null, "opening_hours": null, "operator": null, "parking": null, "phone": null, "ref": null, "religion": null, "source_transform": null, "surface": null, "website": null, "wheelchair": null, "objectid": 6375300, "osm_id2": "4475329920", "centroide_x": 355741.7306701811, "centroide_y": 6298357.3740385268, "crs_original": "EPSG:4326", "fecha_normalizacion": "2025-10-10 01:59:25" }, "geometry": { "type": "Point", "coordinates": [ 355741.730670181103051, 6298357.374038526788354 ] } },
{ "type": "Feature", "properties": { "access": null, "addr_city": "La Reina", "addr_country": null, "addr_housenumber": null, "addr_postcode": null, "addr_street": "Vicente Pérez Rosales", "addr_unit": null, "amenity": "fast_food", "brand": null, "building": null, "capacity": null, "cuisine": "pizza", "denomination": null, "ele": null, "fee": null, "healthcare": null, "healthcare_speciality": null, "name": "Pizza Delivery", "name_en": null, "name_es": null, "opening_hours": null, "operator": null, "parking": null, "phone": "+56227586100", "ref": null, "religion": null, "source_transform": null, "surface": null, "website": null, "wheelchair": null, "objectid": 6375302, "osm_id2": "4475329921", "centroide_x": 355744.93153750733, "centroide_y": 6298350.9891093988, "crs_original": "EPSG:4326", "fecha_normalizacion": "2025-10-10 01:59:25" }, "geometry": { "type": "Point", "coordinates": [ 355744.931537507334724, 6298350.989109398797154 ] } },
{ "type": "Feature", "properties": { "access": null, "addr_city": "La Reina", "addr_country": null, "addr_housenumber": null, "addr_postcode": null, "addr_street": "Vicente Pérez Rosales", "addr_unit": null, "amenity": "fast_food", "brand": null, "building": null, "capacity": null, "cuisine": "sushi", "denomination": null, "ele": null, "fee": null, "healthcare": null, "healthcare_speciality": null, "name": "Sushi Delivery", "name_en": null, "name_es": null, "opening_hours": null, "operator": null, "parking": null, "phone": "+56225053366", "ref": null, "religion": null, "source_transform": null, "surface": null, "website": null, "wheelchair": null, "objectid": 6375303, "osm_id2": "4475329922", "centroide_x": 355746.69180285337, "centroide_y": 6298347.6770376451, "crs_original": "EPSG:4326", "fecha_normalizacion": "2025-10-10 01:59:25" }, "geometry": { "type": "Point", "coordinates": [ 355746.691802853369154, 6298347.67703764513135 ] } },
{ "type": "Feature", "properties": { "access": null, "addr_city": "La Reina", "addr_country": "CL", "addr_housenumber": "8580", "addr_postcode": null, "addr_street": "Avenida Alcalde Fernando Castillo Velasco", "addr_unit": null, "amenity": "library", "brand": null, "building": null, "capacity": null, "cuisine": null, "denomination": null, "ele": null, "fee": null, "healthcare": null, "healthcare_speciality": null, "name": "Biblioteca Pública de La Reina", "name_en": null, "name_es": null, "opening_hours": null, "operator": null, "parking": null, "phone": null, "ref": null, "religion": null, "source_transform": null, "surface": null, "website": null, "wheelchair": null, "objectid": 6377474, "osm_id2": "4109052192", "centroide_x": 356570.011900521, "centroide_y": 6297686.1226772694, "crs_original": "EPSG:4326", "fecha_normalizacion": "2025-10-10 01:59:25" }, "geometry": { "type": "Point", "coordinates": [ 356570.011900520999916, 6297686.122677269391716 ] } },
{ "type": "Feature", "properties": { "access": null, "addr_city": "La Reina", "addr_country": "CL", "addr_housenumber": "8580", "addr_postcode": null, "addr_street": "Avenida Alcalde Fernando Castillo Velasco", "addr_unit": null, "amenity": "arts_centre", "brand": null, "building": null, "capacity": null, "cuisine": null, "denomination": null, "ele": null, "fee": null, "healthcare": null, "healthcare_speciality": null, "name": "Centro Cultural Casona Nemesio Antúnez", "name_en": null, "name_es": null, "opening_hours": null, "operator": "Corporación Cultural de La Reina", "parking": null, "phone": null, "ref": null, "religion": null, "source_transform": null, "surface": null, "website": null, "wheelchair": null, "objectid": 6377482, "osm_id2": "4109052191", "centroide_x": 356544.7982743883, "centroide_y": 6297697.9925157577, "crs_original": "EPSG:4326", "fecha_normalizacion": "2025-10-10 01:59:25" }, "geometry": { "type": "Point", "coordinates": [ 356544.79827438830398, 6297697.992515757679939 ] } },
{ "type": "Feature", "properties": { "access": null, "addr_city": "La Reina", "addr_country": null, "addr_housenumber": "5365", "addr_postcode": null, "addr_street": "Avenida Francisco Bilbao", "addr_unit": null, "amenity": "restaurant", "brand": null, "building": null, "capacity": null, "cuisine": "pizza", "denomination": null, "ele": null, "fee": null, "healthcare": null, "healthcare_speciality": null, "name": "Maldita Pizza!", "name_en": null, "name_es": null, "opening_hours": null, "operator": null, "parking": null, "phone": null, "ref": null, "religion": null, "source_transform": null, "surface": null, "website": null, "wheelchair": null, "objectid": 6379311, "osm_id2": "979938049", "centroide_x": 353280.88286305778, "centroide_y": 6299761.8793020993, "crs_original": "EPSG:4326", "fecha_normalizacion": "2025-10-10 01:59:25" }, "geometry": { "type": "Point", "coordinates": [ 353280.882863057777286, 6299761.879302099347115 ] } },
{ "type": "Feature", "properties": { "access": null, "addr_city": "La Reina", "addr_country": null, "addr_housenumber": null, "addr_postcode": null, "addr_street": "Las Carretas", "addr_unit": null, "amenity": "restaurant", "brand": null, "building": null, "capacity": null, "cuisine": null, "denomination": null, "ele": null, "fee": null, "healthcare": null, "healthcare_speciality": null, "name": "Cevchaz", "name_en": null, "name_es": null, "opening_hours": null, "operator": null, "parking": null, "phone": null, "ref": null, "religion": null, "source_transform": "Reconocimiento cartográfico de campo 2016 por KG.", "surface": null, "website": null, "wheelchair": null, "objectid": 6379322, "osm_id2": "4495032999", "centroide_x": 353249.81616260984, "centroide_y": 6299735.9870850993, "crs_original": "EPSG:4326", "fecha_normalizacion": "2025-10-10 01:59:25" }, "geometry": { "type": "Point", "coordinates": [ 353249.816162609844469, 6299735.987085099332035 ] } },
{ "type": "Feature", "properties": { "access": null, "addr_city": "La Reina", "addr_country": null, "addr_housenumber": null, "addr_postcode": null, "addr_street": null, "addr_unit": null, "amenity": "ice_cream", "brand": null, "building": null, "capacity": null, "cuisine": null, "denomination": null, "ele": null, "fee": null, "healthcare": null, "healthcare_speciality": null, "name": "Emporio La Rosa", "name_en": null, "name_es": null, "opening_hours": null, "operator": "OK Market", "parking": null, "phone": null, "ref": null, "religion": null, "source_transform": null, "surface": null, "website": null, "wheelchair": null, "objectid": 6375397, "osm_id2": "850380513", "centroide_x": 355285.59069623833, "centroide_y": 6298956.0599160511, "crs_original": "EPSG:4326", "fecha_normalizacion": "2025-10-10 01:59:25" }, "geometry": { "type": "Point", "coordinates": [ 355285.590696238330565, 6298956.059916051104665 ] } },
{ "type": "Feature", "properties": { "access": null, "addr_city": "La Reina", "addr_country": null, "addr_housenumber": "1700", "addr_postcode": null, "addr_street": "Aguas Claras", "addr_unit": null, "amenity": "bar", "brand": null, "building": null, "capacity": null, "cuisine": "burger", "denomination": null, "ele": null, "fee": null, "healthcare": null, "healthcare_speciality": null, "name": "Rossie La Loca", "name_en": null, "name_es": null, "opening_hours": null, "operator": null, "parking": null, "phone": null, "ref": null, "religion": null, "source_transform": null, "surface": null, "website": null, "wheelchair": null, "objectid": 6375428, "osm_id2": "7206855185", "centroide_x": 355280.6550382101, "centroide_y": 6298944.7620035559, "crs_original": "EPSG:4326", "fecha_normalizacion": "2025-10-10 01:59:25" }, "geometry": { "type": "Point", "coordinates": [ 355280.6550382100977, 6298944.762003555893898 ] } },
{ "type": "Feature", "properties": { "access": null, "addr_city": "La Reina", "addr_country": null, "addr_housenumber": null, "addr_postcode": null, "addr_street": "Avenida Alcalde Fernando Castillo Velasco", "addr_unit": null, "amenity": "dentist", "brand": null, "building": null, "capacity": null, "cuisine": null, "denomination": null, "ele": null, "fee": null, "healthcare": "dentist", "healthcare_speciality": null, "name": "Clínica Dental", "name_en": null, "name_es": null, "opening_hours": null, "operator": null, "parking": null, "phone": "+56222734356", "ref": null, "religion": null, "source_transform": null, "surface": null, "website": null, "wheelchair": null, "objectid": 6377517, "osm_id2": "4479629047", "centroide_x": 356564.71317304386, "centroide_y": 6297600.3117127754, "crs_original": "EPSG:4326", "fecha_normalizacion": "2025-10-10 01:59:25" }, "geometry": { "type": "Point", "coordinates": [ 356564.713173043855932, 6297600.311712775379419 ] } },
{ "type": "Feature", "properties": { "access": null, "addr_city": "La Reina", "addr_country": null, "addr_housenumber": "9201", "addr_postcode": null, "addr_street": "Avenida Alcalde Fernando Castillo Velasco", "addr_unit": null, "amenity": "kindergarten", "brand": null, "building": null, "capacity": null, "cuisine": null, "denomination": null, "ele": null, "fee": null, "healthcare": null, "healthcare_speciality": null, "name": "Estrellitas", "name_en": null, "name_es": null, "opening_hours": null, "operator": null, "parking": null, "phone": null, "ref": null, "religion": null, "source_transform": null, "surface": null, "website": null, "wheelchair": null, "objectid": 6377531, "osm_id2": "3543314330", "centroide_x": 357143.8467077337, "centroide_y": 6297540.0101607423, "crs_original": "EPSG:4326", "fecha_normalizacion": "2025-10-10 01:59:25" }, "geometry": { "type": "Point", "coordinates": [ 357143.846707733697258, 6297540.010160742327571 ] } },
{ "type": "Feature", "properties": { "access": null, "addr_city": "La Reina", "addr_country": "CL", "addr_housenumber": null, "addr_postcode": null, "addr_street": null, "addr_unit": null, "amenity": "bank", "brand": "BBVA", "building": null, "capacity": null, "cuisine": null, "denomination": null, "ele": null, "fee": null, "healthcare": null, "healthcare_speciality": null, "name": "BBVA", "name_en": null, "name_es": null, "opening_hours": null, "operator": "BBVA", "parking": null, "phone": null, "ref": null, "religion": null, "source_transform": null, "surface": null, "website": null, "wheelchair": null, "objectid": 6375439, "osm_id2": "651804693", "centroide_x": 355309.86686362163, "centroide_y": 6298870.5133523606, "crs_original": "EPSG:4326", "fecha_normalizacion": "2025-10-10 01:59:25" }, "geometry": { "type": "Point", "coordinates": [ 355309.866863621631637, 6298870.513352360576391 ] } },
{ "type": "Feature", "properties": { "access": null, "addr_city": "La Reina", "addr_country": null, "addr_housenumber": "1643", "addr_postcode": null, "addr_street": "Aguas Claras", "addr_unit": null, "amenity": "bar", "brand": null, "building": null, "capacity": null, "cuisine": null, "denomination": null, "ele": null, "fee": null, "healthcare": null, "healthcare_speciality": null, "name": "Autóctono", "name_en": null, "name_es": null, "opening_hours": null, "operator": null, "parking": null, "phone": "+560222920 3573", "ref": null, "religion": null, "source_transform": null, "surface": null, "website": "https://www.facebook.com/bar.autoctono", "wheelchair": "yes", "objectid": 6375445, "osm_id2": "1650835493", "centroide_x": 355277.67876945046, "centroide_y": 6298857.2767766435, "crs_original": "EPSG:4326", "fecha_normalizacion": "2025-10-10 01:59:25" }, "geometry": { "type": "Point", "coordinates": [ 355277.678769450460095, 6298857.27677664346993 ] } },
{ "type": "Feature", "properties": { "access": null, "addr_city": "La Reina", "addr_country": null, "addr_housenumber": "6853", "addr_postcode": null, "addr_street": "Avenida Príncipe de Gales", "addr_unit": null, "amenity": "fast_food", "brand": "Domino's", "building": null, "capacity": null, "cuisine": "pizza", "denomination": null, "ele": null, "fee": null, "healthcare": null, "healthcare_speciality": null, "name": "Domino's", "name_en": null, "name_es": null, "opening_hours": "Su-We 12:00-23:00, Th 12:00-24:00, PH,Fr,Sa 12:00-01:00", "operator": null, "parking": null, "phone": null, "ref": null, "religion": null, "source_transform": null, "surface": null, "website": null, "wheelchair": null, "objectid": 6375478, "osm_id2": "646967466", "centroide_x": 354895.91307605366, "centroide_y": 6298961.9945443496, "crs_original": "EPSG:4326", "fecha_normalizacion": "2025-10-10 01:59:25" }, "geometry": { "type": "Point", "coordinates": [ 354895.913076053664554, 6298961.994544349610806 ] } },
{ "type": "Feature", "properties": { "access": null, "addr_city": "La Reina", "addr_country": "CL", "addr_housenumber": "8751", "addr_postcode": null, "addr_street": "Avenida Alcalde Fernando Castillo Velasco", "addr_unit": null, "amenity": "bank", "brand": "BCI", "building": null, "capacity": null, "cuisine": null, "denomination": null, "ele": null, "fee": null, "healthcare": null, "healthcare_speciality": null, "name": "BCI", "name_en": null, "name_es": null, "opening_hours": "Mo-Fr 09:00-14:00", "operator": null, "parking": null, "phone": null, "ref": null, "religion": null, "source_transform": null, "surface": null, "website": null, "wheelchair": null, "objectid": 6377594, "osm_id2": "4479814227", "centroide_x": 356832.59692624456, "centroide_y": 6297542.7987946365, "crs_original": "EPSG:4326", "fecha_normalizacion": "2025-10-10 01:59:25" }, "geometry": { "type": "Point", "coordinates": [ 356832.596926244557835, 6297542.798794636502862 ] } },
{ "type": "Feature", "properties": { "access": null, "addr_city": "La Reina", "addr_country": null, "addr_housenumber": "7700", "addr_postcode": null, "addr_street": "Avenida Alcalde Fernando Castillo Velasco", "addr_unit": null, "amenity": "kindergarten", "brand": null, "building": null, "capacity": null, "cuisine": null, "denomination": null, "ele": null, "fee": null, "healthcare": null, "healthcare_speciality": null, "name": "Il Giardino", "name_en": null, "name_es": null, "opening_hours": null, "operator": null, "parking": null, "phone": null, "ref": null, "religion": null, "source_transform": null, "surface": null, "website": null, "wheelchair": null, "objectid": 6377641, "osm_id2": "3543316850", "centroide_x": 356017.98014514096, "centroide_y": 6297655.6275988314, "crs_original": "EPSG:4326", "fecha_normalizacion": "2025-10-10 01:59:25" }, "geometry": { "type": "Point", "coordinates": [ 356017.980145140958484, 6297655.627598831430078 ] } },
{ "type": "Feature", "properties": { "access": null, "addr_city": "La Reina", "addr_country": null, "addr_housenumber": "6865", "addr_postcode": null, "addr_street": "Presidente Ovalle", "addr_unit": null, "amenity": "kindergarten", "brand": null, "building": null, "capacity": null, "cuisine": null, "denomination": null, "ele": null, "fee": null, "healthcare": null, "healthcare_speciality": null, "name": "Aqualuna", "name_en": null, "name_es": null, "opening_hours": null, "operator": null, "parking": null, "phone": null, "ref": null, "religion": null, "source_transform": null, "surface": null, "website": null, "wheelchair": null, "objectid": 6375683, "osm_id2": "3543308828", "centroide_x": 354972.09247905476, "centroide_y": 6298587.4333483428, "crs_original": "EPSG:4326", "fecha_normalizacion": "2025-10-10 01:59:25" }, "geometry": { "type": "Point", "coordinates": [ 354972.09247905475786, 6298587.433348342776299 ] } },
{ "type": "Feature", "properties": { "access": null, "addr_city": "La Reina", "addr_country": null, "addr_housenumber": "376", "addr_postcode": null, "addr_street": "Clorinda Henríquez", "addr_unit": null, "amenity": "taxi", "brand": null, "building": null, "capacity": null, "cuisine": null, "denomination": null, "ele": null, "fee": null, "healthcare": null, "healthcare_speciality": null, "name": "Radio Taxi Las Perdices Ltda.", "name_en": null, "name_es": null, "opening_hours": null, "operator": null, "parking": null, "phone": null, "ref": null, "religion": null, "source_transform": null, "surface": null, "website": null, "wheelchair": null, "objectid": 6378013, "osm_id2": "4478182198", "centroide_x": 355358.4643805183, "centroide_y": 6297864.1977735218, "crs_original": "EPSG:4326", "fecha_normalizacion": "2025-10-10 01:59:25" }, "geometry": { "type": "Point", "coordinates": [ 355358.464380518300459, 6297864.197773521766067 ] } },
{ "type": "Feature", "properties": { "access": "customers", "addr_city": "La Reina", "addr_country": null, "addr_housenumber": "655", "addr_postcode": null, "addr_street": "Avenida Ossa", "addr_unit": null, "amenity": "parking", "brand": null, "building": null, "capacity": null, "cuisine": null, "denomination": null, "ele": null, "fee": "no", "healthcare": null, "healthcare_speciality": null, "name": null, "name_en": null, "name_es": null, "opening_hours": null, "operator": null, "parking": "multi-storey", "phone": null, "ref": null, "religion": null, "source_transform": null, "surface": null, "website": null, "wheelchair": null, "objectid": 6378132, "osm_id2": "462590670", "centroide_x": 353987.99356536753, "centroide_y": 6297991.8092639446, "crs_original": "EPSG:4326", "fecha_normalizacion": "2025-10-10 01:59:25" }, "geometry": { "type": "Point", "coordinates": [ 353987.993565367534757, 6297991.809263944625854 ] } },
{ "type": "Feature", "properties": { "access": null, "addr_city": "La Reina", "addr_country": null, "addr_housenumber": "6405", "addr_postcode": null, "addr_street": null, "addr_unit": null, "amenity": "school", "brand": null, "building": null, "capacity": null, "cuisine": null, "denomination": null, "ele": null, "fee": null, "healthcare": null, "healthcare_speciality": null, "name": "Escuela Palestina", "name_en": null, "name_es": null, "opening_hours": null, "operator": "1", "parking": null, "phone": null, "ref": null, "religion": null, "source_transform": "Gobierno Regional Metropolitano de Santiago (http://www.gobiernosantiago.cl/)", "surface": null, "website": null, "wheelchair": null, "objectid": 6378141, "osm_id2": "906435329", "centroide_x": 354621.98532898619, "centroide_y": 6297854.2945714546, "crs_original": "EPSG:4326", "fecha_normalizacion": "2025-10-10 01:59:25" }, "geometry": { "type": "Point", "coordinates": [ 354621.985328986193053, 6297854.294571454636753 ] } },
{ "type": "Feature", "properties": { "access": null, "addr_city": "La Reina", "addr_country": null, "addr_housenumber": "591", "addr_postcode": null, "addr_street": "Avenida Ossa", "addr_unit": null, "amenity": "fuel", "brand": "Copec", "building": null, "capacity": null, "cuisine": null, "denomination": null, "ele": null, "fee": null, "healthcare": null, "healthcare_speciality": null, "name": "Copec", "name_en": null, "name_es": null, "opening_hours": null, "operator": null, "parking": null, "phone": null, "ref": null, "religion": null, "source_transform": null, "surface": null, "website": null, "wheelchair": null, "objectid": 6378153, "osm_id2": "5818048668", "centroide_x": 353956.85635021358, "centroide_y": 6297920.4337631669, "crs_original": "EPSG:4326", "fecha_normalizacion": "2025-10-10 01:59:25" }, "geometry": { "type": "Point", "coordinates": [ 353956.856350213580299, 6297920.433763166889548 ] } },
{ "type": "Feature", "properties": { "access": null, "addr_city": "La Reina", "addr_country": "CL", "addr_housenumber": "345", "addr_postcode": null, "addr_street": "Avenida Ossa", "addr_unit": null, "amenity": "clinic", "brand": null, "building": null, "capacity": null, "cuisine": null, "denomination": null, "ele": null, "fee": null, "healthcare": "clinic", "healthcare_speciality": null, "name": "Centro Médico La Reina - Clínica Santa María", "name_en": null, "name_es": null, "opening_hours": null, "operator": null, "parking": null, "phone": null, "ref": null, "religion": null, "source_transform": null, "surface": null, "website": null, "wheelchair": null, "objectid": 6378163, "osm_id2": "2838589219", "centroide_x": 354036.48581313121, "centroide_y": 6297712.7607640643, "crs_original": "EPSG:4326", "fecha_normalizacion": "2025-10-10 01:59:25" }, "geometry": { "type": "Point", "coordinates": [ 354036.485813131206669, 6297712.760764064267278 ] } },
{ "type": "Feature", "properties": { "access": null, "addr_city": "La Reina", "addr_country": null, "addr_housenumber": "345", "addr_postcode": null, "addr_street": "Avenida Ossa", "addr_unit": null, "amenity": "pharmacy", "brand": "Farmacias Ahumada", "building": null, "capacity": null, "cuisine": null, "denomination": null, "ele": null, "fee": null, "healthcare": "pharmacy", "healthcare_speciality": null, "name": "Farmacias Ahumada", "name_en": null, "name_es": null, "opening_hours": null, "operator": null, "parking": null, "phone": null, "ref": null, "religion": null, "source_transform": null, "surface": null, "website": null, "wheelchair": null, "objectid": 6378164, "osm_id2": "1700949421", "centroide_x": 354009.85586975672, "centroide_y": 6297718.4472430032, "crs_original": "EPSG:4326", "fecha_normalizacion": "2025-10-10 01:59:25" }, "geometry": { "type": "Point", "coordinates": [ 354009.855869756720494, 6297718.447243003174663 ] } },
{ "type": "Feature", "properties": { "access": null, "addr_city": "La Reina", "addr_country": null, "addr_housenumber": "6997", "addr_postcode": null, "addr_street": "Avenida Alcalde Fernando Castillo Velasco", "addr_unit": null, "amenity": "pharmacy", "brand": null, "building": null, "capacity": null, "cuisine": null, "denomination": null, "ele": null, "fee": null, "healthcare": "pharmacy", "healthcare_speciality": null, "name": "Farmacias La Reina", "name_en": null, "name_es": null, "opening_hours": null, "operator": null, "parking": null, "phone": null, "ref": null, "religion": null, "source_transform": null, "surface": null, "website": null, "wheelchair": null, "objectid": 6378212, "osm_id2": "4478221225", "centroide_x": 355414.00759663369, "centroide_y": 6297527.5549990833, "crs_original": "EPSG:4326", "fecha_normalizacion": "2025-10-10 01:59:25" }, "geometry": { "type": "Point", "coordinates": [ 355414.007596633688081, 6297527.554999083280563 ] } },
{ "type": "Feature", "properties": { "access": null, "addr_city": "La Reina", "addr_country": null, "addr_housenumber": null, "addr_postcode": null, "addr_street": "Avenida Alcalde Fernando Castillo Velasco", "addr_unit": null, "amenity": "post_office", "brand": null, "building": null, "capacity": null, "cuisine": null, "denomination": null, "ele": null, "fee": null, "healthcare": null, "healthcare_speciality": null, "name": "Pullman Go", "name_en": null, "name_es": null, "opening_hours": "Mo-Fr 09:00-18:00; Sa 09:00-14:00", "operator": null, "parking": null, "phone": null, "ref": null, "religion": null, "source_transform": null, "surface": null, "website": null, "wheelchair": null, "objectid": 6378217, "osm_id2": "4479712752", "centroide_x": 355396.45843683009, "centroide_y": 6297524.8189853756, "crs_original": "EPSG:4326", "fecha_normalizacion": "2025-10-10 01:59:25" }, "geometry": { "type": "Point", "coordinates": [ 355396.458436830085702, 6297524.818985375575721 ] } },
{ "type": "Feature", "properties": { "access": null, "addr_city": "La Reina", "addr_country": null, "addr_housenumber": "1798", "addr_postcode": null, "addr_street": "Avenida Ossa", "addr_unit": null, "amenity": "restaurant", "brand": null, "building": null, "capacity": null, "cuisine": "spanish", "denomination": null, "ele": null, "fee": null, "healthcare": null, "healthcare_speciality": null, "name": "Mesón Ibérico", "name_en": null, "name_es": null, "opening_hours": null, "operator": null, "parking": null, "phone": null, "ref": null, "religion": null, "source_transform": "Reconocimiento cartográfico 2016 por KG", "surface": null, "website": null, "wheelchair": null, "objectid": 6379927, "osm_id2": "2175191585", "centroide_x": 353680.14372339647, "centroide_y": 6299149.4209317695, "crs_original": "EPSG:4326", "fecha_normalizacion": "2025-10-10 01:59:25" }, "geometry": { "type": "Point", "coordinates": [ 353680.143723396467976, 6299149.420931769534945 ] } },
{ "type": "Feature", "properties": { "access": null, "addr_city": "La Reina", "addr_country": null, "addr_housenumber": "7059", "addr_postcode": null, "addr_street": "Avenida Alcalde Fernando Castillo Velasco", "addr_unit": null, "amenity": "pharmacy", "brand": "Cruz Verde", "building": null, "capacity": null, "cuisine": null, "denomination": null, "ele": null, "fee": null, "healthcare": "pharmacy", "healthcare_speciality": null, "name": "Cruz Verde", "name_en": null, "name_es": null, "opening_hours": null, "operator": null, "parking": null, "phone": null, "ref": null, "religion": null, "source_transform": null, "surface": null, "website": null, "wheelchair": null, "objectid": 6378231, "osm_id2": "4479712743", "centroide_x": 355493.16245542816, "centroide_y": 6297520.7653106693, "crs_original": "EPSG:4326", "fecha_normalizacion": "2025-10-10 01:59:25" }, "geometry": { "type": "Point", "coordinates": [ 355493.162455428158864, 6297520.765310669317842 ] } },
{ "type": "Feature", "properties": { "access": null, "addr_city": "La Reina", "addr_country": null, "addr_housenumber": "7059", "addr_postcode": null, "addr_street": "Avenida Alcalde Fernando Castillo Velasco", "addr_unit": null, "amenity": "restaurant", "brand": null, "building": null, "capacity": null, "cuisine": "sushi", "denomination": null, "ele": null, "fee": null, "healthcare": null, "healthcare_speciality": null, "name": "Khai", "name_en": null, "name_es": null, "opening_hours": null, "operator": null, "parking": null, "phone": null, "ref": null, "religion": null, "source_transform": null, "surface": null, "website": null, "wheelchair": null, "objectid": 6378235, "osm_id2": "4479712748", "centroide_x": 355475.81510806095, "centroide_y": 6297513.8622773988, "crs_original": "EPSG:4326", "fecha_normalizacion": "2025-10-10 01:59:25" }, "geometry": { "type": "Point", "coordinates": [ 355475.815108060953207, 6297513.862277398817241 ] } },
{ "type": "Feature", "properties": { "access": null, "addr_city": "La Reina", "addr_country": null, "addr_housenumber": null, "addr_postcode": null, "addr_street": "Avenida Larraín", "addr_unit": null, "amenity": "restaurant", "brand": null, "building": null, "capacity": null, "cuisine": "sushi", "denomination": null, "ele": null, "fee": null, "healthcare": null, "healthcare_speciality": null, "name": "OK Sushi", "name_en": null, "name_es": null, "opening_hours": null, "operator": null, "parking": null, "phone": null, "ref": null, "religion": null, "source_transform": null, "surface": null, "website": null, "wheelchair": null, "objectid": 6378278, "osm_id2": "4472765446", "centroide_x": 355073.48619848466, "centroide_y": 6297472.1427495191, "crs_original": "EPSG:4326", "fecha_normalizacion": "2025-10-10 01:59:25" }, "geometry": { "type": "Point", "coordinates": [ 355073.486198484664783, 6297472.142749519087374 ] } },
{ "type": "Feature", "properties": { "access": null, "addr_city": "La Reina", "addr_country": null, "addr_housenumber": null, "addr_postcode": null, "addr_street": "Avenida Larraín", "addr_unit": null, "amenity": "restaurant", "brand": null, "building": null, "capacity": null, "cuisine": "international", "denomination": null, "ele": null, "fee": null, "healthcare": null, "healthcare_speciality": null, "name": "Gourmet", "name_en": null, "name_es": null, "opening_hours": null, "operator": null, "parking": null, "phone": null, "ref": null, "religion": null, "source_transform": null, "surface": null, "website": null, "wheelchair": null, "objectid": 6378279, "osm_id2": "4472765445", "centroide_x": 355043.40261546907, "centroide_y": 6297468.3084903853, "crs_original": "EPSG:4326", "fecha_normalizacion": "2025-10-10 01:59:25" }, "geometry": { "type": "Point", "coordinates": [ 355043.402615469065495, 6297468.308490385301411 ] } },
{ "type": "Feature", "properties": { "access": null, "addr_city": "La Reina", "addr_country": null, "addr_housenumber": null, "addr_postcode": null, "addr_street": "Avenida Larraín", "addr_unit": null, "amenity": "restaurant", "brand": null, "building": null, "capacity": null, "cuisine": "arab", "denomination": null, "ele": null, "fee": null, "healthcare": null, "healthcare_speciality": null, "name": "Comida Árabe", "name_en": null, "name_es": null, "opening_hours": null, "operator": null, "parking": null, "phone": null, "ref": null, "religion": null, "source_transform": null, "surface": null, "website": null, "wheelchair": null, "objectid": 6378284, "osm_id2": "4472765436", "centroide_x": 355010.76768824959, "centroide_y": 6297462.8830867102, "crs_original": "EPSG:4326", "fecha_normalizacion": "2025-10-10 01:59:25" }, "geometry": { "type": "Point", "coordinates": [ 355010.767688249587081, 6297462.883086710236967 ] } },
{ "type": "Feature", "properties": { "access": null, "addr_city": "La Reina", "addr_country": null, "addr_housenumber": "345", "addr_postcode": null, "addr_street": null, "addr_unit": null, "amenity": "fast_food", "brand": "Papa John's", "building": null, "capacity": null, "cuisine": "pizza", "denomination": null, "ele": null, "fee": null, "healthcare": null, "healthcare_speciality": null, "name": "Papa John's", "name_en": null, "name_es": null, "opening_hours": null, "operator": null, "parking": null, "phone": null, "ref": null, "religion": null, "source_transform": "Reconocimiento cartográfico 2016 por KG.", "surface": null, "website": null, "wheelchair": null, "objectid": 6378306, "osm_id2": "1700946330", "centroide_x": 354047.24646192009, "centroide_y": 6297686.682089204, "crs_original": "EPSG:4326", "fecha_normalizacion": "2025-10-10 01:59:25" }, "geometry": { "type": "Point", "coordinates": [ 354047.246461920090951, 6297686.682089203968644 ] } },
{ "type": "Feature", "properties": { "access": null, "addr_city": "La Reina", "addr_country": null, "addr_housenumber": "5862", "addr_postcode": null, "addr_street": "Avenida Larraín", "addr_unit": null, "amenity": "fast_food", "brand": "Burger King", "building": null, "capacity": null, "cuisine": "burger", "denomination": null, "ele": null, "fee": null, "healthcare": null, "healthcare_speciality": null, "name": "Burger King", "name_en": null, "name_es": null, "opening_hours": null, "operator": null, "parking": null, "phone": null, "ref": null, "religion": null, "source_transform": null, "surface": null, "website": null, "wheelchair": null, "objectid": 6378344, "osm_id2": "4521096092", "centroide_x": 354164.85662400094, "centroide_y": 6297495.8858090937, "crs_original": "EPSG:4326", "fecha_normalizacion": "2025-10-10 01:59:25" }, "geometry": { "type": "Point", "coordinates": [ 354164.856624000938609, 6297495.88580909371376 ] } },
{ "type": "Feature", "properties": { "access": null, "addr_city": "La Reina", "addr_country": null, "addr_housenumber": "5862", "addr_postcode": null, "addr_street": "Avenida Larraín", "addr_unit": null, "amenity": "fast_food", "brand": null, "building": null, "capacity": null, "cuisine": "sushi", "denomination": null, "ele": null, "fee": null, "healthcare": null, "healthcare_speciality": null, "name": "Sushi House", "name_en": null, "name_es": null, "opening_hours": null, "operator": null, "parking": null, "phone": null, "ref": null, "religion": null, "source_transform": null, "surface": null, "website": null, "wheelchair": null, "objectid": 6378347, "osm_id2": "5818011108", "centroide_x": 354059.13470974, "centroide_y": 6297452.4646712113, "crs_original": "EPSG:4326", "fecha_normalizacion": "2025-10-10 01:59:25" }, "geometry": { "type": "Point", "coordinates": [ 354059.13470973999938, 6297452.464671211317182 ] } },
{ "type": "Feature", "properties": { "access": null, "addr_city": "La Reina", "addr_country": "CL", "addr_housenumber": "5862", "addr_postcode": null, "addr_street": null, "addr_unit": null, "amenity": "clinic", "brand": null, "building": null, "capacity": null, "cuisine": null, "denomination": null, "ele": null, "fee": null, "healthcare": "clinic", "healthcare_speciality": null, "name": "Integramédica Plaza Egaña", "name_en": null, "name_es": null, "opening_hours": null, "operator": "Bupa", "parking": null, "phone": null, "ref": null, "religion": null, "source_transform": null, "surface": null, "website": null, "wheelchair": null, "objectid": 6378373, "osm_id2": "4706012834", "centroide_x": 354096.43792031088, "centroide_y": 6297356.869379512, "crs_original": "EPSG:4326", "fecha_normalizacion": "2025-10-10 01:59:25" }, "geometry": { "type": "Point", "coordinates": [ 354096.437920310883783, 6297356.869379512034357 ] } },
{ "type": "Feature", "properties": { "access": null, "addr_city": "La Reina", "addr_country": null, "addr_housenumber": "5862", "addr_postcode": null, "addr_street": "Avenida Larraín", "addr_unit": null, "amenity": "cafe", "brand": "Starbucks", "building": null, "capacity": null, "cuisine": "coffee_shop", "denomination": null, "ele": null, "fee": null, "healthcare": null, "healthcare_speciality": null, "name": "Starbucks", "name_en": null, "name_es": null, "opening_hours": null, "operator": null, "parking": null, "phone": null, "ref": null, "religion": null, "source_transform": null, "surface": null, "website": null, "wheelchair": null, "objectid": 6378374, "osm_id2": "4472150311", "centroide_x": 354063.46975589287, "centroide_y": 6297376.0023063552, "crs_original": "EPSG:4326", "fecha_normalizacion": "2025-10-10 01:59:25" }, "geometry": { "type": "Point", "coordinates": [ 354063.469755892874673, 6297376.002306355163455 ] } },
{ "type": "Feature", "properties": { "access": null, "addr_city": "La Reina", "addr_country": null, "addr_housenumber": "50", "addr_postcode": null, "addr_street": "Paula Jaraquemada", "addr_unit": null, "amenity": "kindergarten", "brand": null, "building": null, "capacity": null, "cuisine": null, "denomination": null, "ele": null, "fee": null, "healthcare": null, "healthcare_speciality": null, "name": "Saint Angelus Ltda.", "name_en": null, "name_es": null, "opening_hours": null, "operator": null, "parking": null, "phone": null, "ref": null, "religion": null, "source_transform": null, "surface": null, "website": null, "wheelchair": null, "objectid": 6378379, "osm_id2": "3543323953", "centroide_x": 354239.48478219734, "centroide_y": 6297340.0417611264, "crs_original": "EPSG:4326", "fecha_normalizacion": "2025-10-10 01:59:25" }, "geometry": { "type": "Point", "coordinates": [ 354239.484782197338063, 6297340.041761126369238 ] } },
{ "type": "Feature", "properties": { "access": "customers", "addr_city": "La Reina", "addr_country": null, "addr_housenumber": null, "addr_postcode": null, "addr_street": "Avenida Larraín", "addr_unit": null, "amenity": "parking_entrance", "brand": null, "building": null, "capacity": null, "cuisine": null, "denomination": null, "ele": null, "fee": null, "healthcare": null, "healthcare_speciality": null, "name": "Estacionamiento Mall Plaza Egaña", "name_en": null, "name_es": null, "opening_hours": null, "operator": null, "parking": null, "phone": null, "ref": null, "religion": null, "source_transform": null, "surface": null, "website": null, "wheelchair": null, "objectid": 6378383, "osm_id2": "4472089398", "centroide_x": 354140.57467187569, "centroide_y": 6297319.0725470977, "crs_original": "EPSG:4326", "fecha_normalizacion": "2025-10-10 01:59:25" }, "geometry": { "type": "Point", "coordinates": [ 354140.574671875685453, 6297319.072547097690403 ] } },
{ "type": "Feature", "properties": { "access": null, "addr_city": "La Reina", "addr_country": null, "addr_housenumber": null, "addr_postcode": null, "addr_street": "Avenida José Arrieta", "addr_unit": null, "amenity": "restaurant", "brand": null, "building": null, "capacity": null, "cuisine": "asian", "denomination": null, "ele": null, "fee": null, "healthcare": null, "healthcare_speciality": null, "name": "Comida China", "name_en": null, "name_es": null, "opening_hours": null, "operator": null, "parking": null, "phone": null, "ref": null, "religion": null, "source_transform": "Reconocimiento cartográfico 2016 por KG.", "surface": null, "website": null, "wheelchair": null, "objectid": 6399089, "osm_id2": "4507354692", "centroide_x": 357217.97221891268, "centroide_y": 6296202.1661457662, "crs_original": "EPSG:4326", "fecha_normalizacion": "2025-10-10 01:59:25" }, "geometry": { "type": "Point", "coordinates": [ 357217.972218912676908, 6296202.166145766153932 ] } },
{ "type": "Feature", "properties": { "access": null, "addr_city": "La Reina", "addr_country": "CL", "addr_housenumber": "7232", "addr_postcode": null, "addr_street": "Avenida José Arrieta", "addr_unit": null, "amenity": "school", "brand": null, "building": null, "capacity": null, "cuisine": null, "denomination": null, "ele": null, "fee": null, "healthcare": null, "healthcare_speciality": null, "name": "Escuela Especial Puerta del Sol de la Reina", "name_en": null, "name_es": null, "opening_hours": null, "operator": "3", "parking": null, "phone": null, "ref": null, "religion": null, "source_transform": null, "surface": null, "website": null, "wheelchair": null, "objectid": 6399218, "osm_id2": "906435337", "centroide_x": 355595.23433333501, "centroide_y": 6296362.0933680311, "crs_original": "EPSG:4326", "fecha_normalizacion": "2025-10-10 01:59:25" }, "geometry": { "type": "Point", "coordinates": [ 355595.234333335014526, 6296362.093368031084538 ] } },
{ "type": "Feature", "properties": { "access": null, "addr_city": "La Reina", "addr_country": null, "addr_housenumber": "5819", "addr_postcode": null, "addr_street": "Avenida Larraín", "addr_unit": null, "amenity": "pharmacy", "brand": "Farmacias del Dr. Simi", "building": null, "capacity": null, "cuisine": null, "denomination": null, "ele": null, "fee": null, "healthcare": "pharmacy", "healthcare_speciality": null, "name": "Farmacias del Dr. Simi", "name_en": null, "name_es": null, "opening_hours": null, "operator": null, "parking": null, "phone": null, "ref": null, "religion": null, "source_transform": null, "surface": null, "website": null, "wheelchair": null, "objectid": 6378384, "osm_id2": "4472083482", "centroide_x": 354093.59558829665, "centroide_y": 6297325.3169191284, "crs_original": "EPSG:4326", "fecha_normalizacion": "2025-10-10 01:59:25" }, "geometry": { "type": "Point", "coordinates": [ 354093.59558829665184, 6297325.316919128410518 ] } },
{ "type": "Feature", "properties": { "access": null, "addr_city": "La Reina", "addr_country": null, "addr_housenumber": "5862", "addr_postcode": null, "addr_street": "Avenida Larraín", "addr_unit": null, "amenity": "bank", "brand": "Banco Falabella", "building": null, "capacity": null, "cuisine": null, "denomination": null, "ele": null, "fee": null, "healthcare": null, "healthcare_speciality": null, "name": "Banco Falabella", "name_en": "Falabella Bank", "name_es": "Banco Falabella", "opening_hours": null, "operator": null, "parking": null, "phone": null, "ref": null, "religion": null, "source_transform": null, "surface": null, "website": null, "wheelchair": null, "objectid": 7868953, "osm_id2": "8949365117", "centroide_x": 354053.45368474373, "centroide_y": 6297445.1142194616, "crs_original": "EPSG:4326", "fecha_normalizacion": "2025-10-10 01:59:25" }, "geometry": { "type": "Point", "coordinates": [ 354053.453684743726626, 6297445.1142194615677 ] } },
{ "type": "Feature", "properties": { "access": null, "addr_city": "La Reina", "addr_country": null, "addr_housenumber": "5862", "addr_postcode": null, "addr_street": "Avenida Larraín", "addr_unit": null, "amenity": "pharmacy", "brand": "Cruz Verde", "building": null, "capacity": null, "cuisine": null, "denomination": null, "ele": null, "fee": null, "healthcare": "pharmacy", "healthcare_speciality": null, "name": "Cruz Verde", "name_en": null, "name_es": null, "opening_hours": null, "operator": null, "parking": null, "phone": null, "ref": null, "religion": null, "source_transform": null, "surface": null, "website": null, "wheelchair": null, "objectid": 7868956, "osm_id2": "8949365217", "centroide_x": 354108.61729031231, "centroide_y": 6297373.4680485018, "crs_original": "EPSG:4326", "fecha_normalizacion": "2025-10-10 01:59:25" }, "geometry": { "type": "Point", "coordinates": [ 354108.617290312307887, 6297373.468048501759768 ] } },
{ "type": "Feature", "properties": { "access": null, "addr_city": "La Reina", "addr_country": null, "addr_housenumber": "5862", "addr_postcode": null, "addr_street": "Avenida Larraín", "addr_unit": null, "amenity": "bank", "brand": "Banco de Chile", "building": null, "capacity": null, "cuisine": null, "denomination": null, "ele": null, "fee": null, "healthcare": null, "healthcare_speciality": null, "name": "Banco de Chile", "name_en": "Bank of Chile", "name_es": "Banco de Chile", "opening_hours": null, "operator": null, "parking": null, "phone": null, "ref": null, "religion": null, "source_transform": null, "surface": null, "website": null, "wheelchair": null, "objectid": 7868957, "osm_id2": "8949365317", "centroide_x": 354133.73759920447, "centroide_y": 6297375.3336912096, "crs_original": "EPSG:4326", "fecha_normalizacion": "2025-10-10 01:59:25" }, "geometry": { "type": "Point", "coordinates": [ 354133.737599204469007, 6297375.333691209554672 ] } },
{ "type": "Feature", "properties": { "access": null, "addr_city": "La Reina", "addr_country": null, "addr_housenumber": "8751", "addr_postcode": null, "addr_street": "Avenida Alcalde Fernando Castillo Velasco", "addr_unit": null, "amenity": "post_office", "brand": null, "building": null, "capacity": null, "cuisine": null, "denomination": null, "ele": null, "fee": null, "healthcare": null, "healthcare_speciality": null, "name": "Starken", "name_en": null, "name_es": null, "opening_hours": "Mo-Fr 09:00-17:00", "operator": "Starken", "parking": null, "phone": null, "ref": null, "religion": null, "source_transform": null, "surface": null, "website": "https://www.starken.cl/", "wheelchair": "yes", "objectid": 8155315, "osm_id2": "9128364381", "centroide_x": 356795.98975466262, "centroide_y": 6297528.0708849765, "crs_original": "EPSG:4326", "fecha_normalizacion": "2025-10-10 01:59:25" }, "geometry": { "type": "Point", "coordinates": [ 356795.989754662616178, 6297528.070884976536036 ] } },
{ "type": "Feature", "properties": { "access": null, "addr_city": "La Reina", "addr_country": null, "addr_housenumber": "5839", "addr_postcode": null, "addr_street": "Avenida Echeñique", "addr_unit": null, "amenity": "pharmacy", "brand": null, "building": null, "capacity": null, "cuisine": null, "denomination": null, "ele": null, "fee": null, "healthcare": "pharmacy", "healthcare_speciality": null, "name": "Farmacias Human Pharma", "name_en": null, "name_es": null, "opening_hours": null, "operator": null, "parking": null, "phone": null, "ref": null, "religion": null, "source_transform": null, "surface": null, "website": null, "wheelchair": null, "objectid": 9548821, "osm_id2": "10080785041", "centroide_x": 354012.83160724392, "centroide_y": 6298219.1727559045, "crs_original": "EPSG:4326", "fecha_normalizacion": "2025-10-10 01:59:25" }, "geometry": { "type": "Point", "coordinates": [ 354012.831607243919279, 6298219.172755904495716 ] } },
{ "type": "Feature", "properties": { "access": null, "addr_city": "La Reina", "addr_country": "CL", "addr_housenumber": "9073", "addr_postcode": null, "addr_street": "Avenida Príncipe de Gales", "addr_unit": null, "amenity": "prep_school", "brand": null, "building": null, "capacity": null, "cuisine": null, "denomination": null, "ele": null, "fee": null, "healthcare": null, "healthcare_speciality": null, "name": "Preuniversitario Gauss", "name_en": null, "name_es": null, "opening_hours": null, "operator": null, "parking": null, "phone": null, "ref": null, "religion": null, "source_transform": null, "surface": null, "website": null, "wheelchair": null, "objectid": 10081880, "osm_id2": "10719128136", "centroide_x": 357205.5263374286, "centroide_y": 6298802.1575923171, "crs_original": "EPSG:4326", "fecha_normalizacion": "2025-10-10 01:59:25" }, "geometry": { "type": "Point", "coordinates": [ 357205.526337428600527, 6298802.157592317089438 ] } },
{ "type": "Feature", "properties": { "access": null, "addr_city": "La Reina", "addr_country": "CL", "addr_housenumber": null, "addr_postcode": null, "addr_street": "Avenida Príncipe de Gales", "addr_unit": null, "amenity": "clinic", "brand": null, "building": null, "capacity": null, "cuisine": null, "denomination": null, "ele": null, "fee": null, "healthcare": "clinic", "healthcare_speciality": null, "name": "Clínica Alemana", "name_en": null, "name_es": null, "opening_hours": null, "operator": null, "parking": null, "phone": null, "ref": null, "religion": null, "source_transform": null, "surface": null, "website": null, "wheelchair": null, "objectid": 10081886, "osm_id2": "10719134027", "centroide_x": 357203.35465303797, "centroide_y": 6298771.681263363, "crs_original": "EPSG:4326", "fecha_normalizacion": "2025-10-10 01:59:25" }, "geometry": { "type": "Point", "coordinates": [ 357203.354653037968092, 6298771.68126336298883 ] } },
{ "type": "Feature", "properties": { "access": null, "addr_city": "La Reina", "addr_country": "CL", "addr_housenumber": null, "addr_postcode": null, "addr_street": "Avenida Príncipe de Gales", "addr_unit": null, "amenity": "dentist", "brand": null, "building": null, "capacity": null, "cuisine": null, "denomination": null, "ele": null, "fee": null, "healthcare": "dentist", "healthcare_speciality": null, "name": "Clínica Odontológicas Everest", "name_en": null, "name_es": null, "opening_hours": null, "operator": null, "parking": null, "phone": null, "ref": null, "religion": null, "source_transform": null, "surface": null, "website": null, "wheelchair": null, "objectid": 10081887, "osm_id2": "10719134028", "centroide_x": 357201.61121716152, "centroide_y": 6298780.8054031981, "crs_original": "EPSG:4326", "fecha_normalizacion": "2025-10-10 01:59:25" }, "geometry": { "type": "Point", "coordinates": [ 357201.61121716152411, 6298780.805403198115528 ] } },
{ "type": "Feature", "properties": { "access": null, "addr_city": "La Reina", "addr_country": "CL", "addr_housenumber": "9073", "addr_postcode": null, "addr_street": "Avenida Príncipe de Gales", "addr_unit": null, "amenity": "restaurant", "brand": null, "building": null, "capacity": null, "cuisine": "american", "denomination": null, "ele": null, "fee": null, "healthcare": null, "healthcare_speciality": null, "name": "Factory Nine", "name_en": null, "name_es": null, "opening_hours": null, "operator": null, "parking": null, "phone": null, "ref": null, "religion": null, "source_transform": null, "surface": null, "website": null, "wheelchair": null, "objectid": 10081890, "osm_id2": "10719136632", "centroide_x": 357210.32642260974, "centroide_y": 6298807.0419356488, "crs_original": "EPSG:4326", "fecha_normalizacion": "2025-10-10 01:59:25" }, "geometry": { "type": "Point", "coordinates": [ 357210.326422609738074, 6298807.04193564876914 ] } },
{ "type": "Feature", "properties": { "access": null, "addr_city": "La Reina", "addr_country": "CL", "addr_housenumber": "9073", "addr_postcode": null, "addr_street": "Avenida Príncipe de Gales", "addr_unit": null, "amenity": "fast_food", "brand": "Papa John's", "building": null, "capacity": null, "cuisine": "pizza", "denomination": null, "ele": null, "fee": null, "healthcare": null, "healthcare_speciality": null, "name": "Papa John's", "name_en": null, "name_es": null, "opening_hours": null, "operator": null, "parking": null, "phone": null, "ref": null, "religion": null, "source_transform": null, "surface": null, "website": null, "wheelchair": null, "objectid": 10081897, "osm_id2": "10719139449", "centroide_x": 357221.06028880499, "centroide_y": 6298849.5784812178, "crs_original": "EPSG:4326", "fecha_normalizacion": "2025-10-10 01:59:25" }, "geometry": { "type": "Point", "coordinates": [ 357221.060288804990705, 6298849.578481217846274 ] } },
{ "type": "Feature", "properties": { "access": null, "addr_city": "La Reina", "addr_country": "CL", "addr_housenumber": "9073", "addr_postcode": null, "addr_street": "Avenida Príncipe de Gales", "addr_unit": null, "amenity": "restaurant", "brand": null, "building": null, "capacity": null, "cuisine": "sushi", "denomination": null, "ele": null, "fee": null, "healthcare": null, "healthcare_speciality": null, "name": "SushiBlues", "name_en": null, "name_es": null, "opening_hours": null, "operator": null, "parking": null, "phone": null, "ref": null, "religion": null, "source_transform": null, "surface": null, "website": null, "wheelchair": null, "objectid": 10081901, "osm_id2": "10719141878", "centroide_x": 357212.59352438751, "centroide_y": 6298828.5472174482, "crs_original": "EPSG:4326", "fecha_normalizacion": "2025-10-10 01:59:25" }, "geometry": { "type": "Point", "coordinates": [ 357212.593524387513753, 6298828.547217448242009 ] } },
{ "type": "Feature", "properties": { "access": null, "addr_city": "La Reina", "addr_country": "CL", "addr_housenumber": "9073", "addr_postcode": null, "addr_street": "Avenida Príncipe de Gales", "addr_unit": null, "amenity": "fast_food", "brand": null, "building": null, "capacity": null, "cuisine": "chicken", "denomination": null, "ele": null, "fee": null, "healthcare": null, "healthcare_speciality": null, "name": "Pollo Stop", "name_en": null, "name_es": null, "opening_hours": null, "operator": null, "parking": null, "phone": null, "ref": null, "religion": null, "source_transform": null, "surface": null, "website": null, "wheelchair": null, "objectid": 10081909, "osm_id2": "10719146645", "centroide_x": 357213.64313032571, "centroide_y": 6298838.6886235047, "crs_original": "EPSG:4326", "fecha_normalizacion": "2025-10-10 01:59:25" }, "geometry": { "type": "Point", "coordinates": [ 357213.643130325712264, 6298838.688623504713178 ] } },
{ "type": "Feature", "properties": { "access": null, "addr_city": "La Reina", "addr_country": "CL", "addr_housenumber": null, "addr_postcode": null, "addr_street": "Avenida Príncipe de Gales", "addr_unit": null, "amenity": "clinic", "brand": null, "building": null, "capacity": null, "cuisine": null, "denomination": null, "ele": null, "fee": null, "healthcare": "clinic", "healthcare_speciality": null, "name": "Clínica Meds", "name_en": null, "name_es": null, "opening_hours": null, "operator": null, "parking": null, "phone": null, "ref": null, "religion": null, "source_transform": null, "surface": null, "website": null, "wheelchair": null, "objectid": 10095094, "osm_id2": "10726889611", "centroide_x": 357208.97796871793, "centroide_y": 6298865.5703113619, "crs_original": "EPSG:4326", "fecha_normalizacion": "2025-10-10 01:59:25" }, "geometry": { "type": "Point", "coordinates": [ 357208.977968717925251, 6298865.570311361923814 ] } },
{ "type": "Feature", "properties": { "access": null, "addr_city": "La Reina", "addr_country": "CL", "addr_housenumber": "9073", "addr_postcode": null, "addr_street": "Avenida Príncipe de Gales", "addr_unit": null, "amenity": "veterinary", "brand": null, "building": null, "capacity": null, "cuisine": null, "denomination": null, "ele": null, "fee": null, "healthcare": null, "healthcare_speciality": null, "name": "Oftamología Veterinaria", "name_en": null, "name_es": null, "opening_hours": null, "operator": null, "parking": null, "phone": null, "ref": null, "religion": null, "source_transform": null, "surface": null, "website": null, "wheelchair": null, "objectid": 10095097, "osm_id2": "10726894483", "centroide_x": 357205.35709984216, "centroide_y": 6298806.0590510787, "crs_original": "EPSG:4326", "fecha_normalizacion": "2025-10-10 01:59:25" }, "geometry": { "type": "Point", "coordinates": [ 357205.357099842163734, 6298806.059051078744233 ] } },
{ "type": "Feature", "properties": { "access": null, "addr_city": "La Reina", "addr_country": null, "addr_housenumber": "56", "addr_postcode": null, "addr_street": "Güemes", "addr_unit": null, "amenity": "school", "brand": null, "building": null, "capacity": null, "cuisine": null, "denomination": null, "ele": null, "fee": null, "healthcare": null, "healthcare_speciality": null, "name": "Centro Vitamina Plaza Egaña", "name_en": null, "name_es": null, "opening_hours": null, "operator": null, "parking": null, "phone": null, "ref": null, "religion": null, "source_transform": null, "surface": null, "website": null, "wheelchair": null, "objectid": 10394932, "osm_id2": "10989929063", "centroide_x": 354228.3016940112, "centroide_y": 6297423.7318520118, "crs_original": "EPSG:4326", "fecha_normalizacion": "2025-10-10 01:59:25" }, "geometry": { "type": "Point", "coordinates": [ 354228.301694011199288, 6297423.731852011755109 ] } },
{ "type": "Feature", "properties": { "access": null, "addr_city": "La Reina", "addr_country": null, "addr_housenumber": "1778", "addr_postcode": null, "addr_street": "Avenida Ossa", "addr_unit": null, "amenity": "veterinary", "brand": null, "building": null, "capacity": null, "cuisine": null, "denomination": null, "ele": null, "fee": null, "healthcare": null, "healthcare_speciality": null, "name": "MedVet", "name_en": null, "name_es": null, "opening_hours": null, "operator": null, "parking": null, "phone": null, "ref": null, "religion": null, "source_transform": null, "surface": null, "website": null, "wheelchair": null, "objectid": 10704178, "osm_id2": "11151246387", "centroide_x": 353669.8995963973, "centroide_y": 6299237.0288015846, "crs_original": "EPSG:4326", "fecha_normalizacion": "2025-10-10 01:59:25" }, "geometry": { "type": "Point", "coordinates": [ 353669.89959639729932, 6299237.028801584616303 ] } },
{ "type": "Feature", "properties": { "access": null, "addr_city": "La Reina", "addr_country": null, "addr_housenumber": "2218", "addr_postcode": null, "addr_street": "Avenida Ossa", "addr_unit": null, "amenity": "car_wash", "brand": null, "building": null, "capacity": null, "cuisine": null, "denomination": null, "ele": null, "fee": null, "healthcare": null, "healthcare_speciality": null, "name": "Star Wash", "name_en": null, "name_es": null, "opening_hours": null, "operator": null, "parking": null, "phone": null, "ref": null, "religion": null, "source_transform": null, "surface": null, "website": null, "wheelchair": null, "objectid": 10711066, "osm_id2": "11156241217", "centroide_x": 353612.30933627207, "centroide_y": 6299612.2852371559, "crs_original": "EPSG:4326", "fecha_normalizacion": "2025-10-10 01:59:25" }, "geometry": { "type": "Point", "coordinates": [ 353612.309336272068322, 6299612.285237155854702 ] } },
{ "type": "Feature", "properties": { "access": null, "addr_city": "La Reina", "addr_country": null, "addr_housenumber": "6161", "addr_postcode": null, "addr_street": "Avenida Príncipe de Gales", "addr_unit": null, "amenity": "post_office", "brand": "FedEx", "building": null, "capacity": null, "cuisine": null, "denomination": null, "ele": null, "fee": null, "healthcare": null, "healthcare_speciality": null, "name": "FedEx Office", "name_en": null, "name_es": null, "opening_hours": null, "operator": "FedEx", "parking": null, "phone": null, "ref": null, "religion": null, "source_transform": null, "surface": null, "website": null, "wheelchair": null, "objectid": 10830851, "osm_id2": "11222572075", "centroide_x": 354166.87862853392, "centroide_y": 6299010.1229029717, "crs_original": "EPSG:4326", "fecha_normalizacion": "2025-10-10 01:59:25" }, "geometry": { "type": "Point", "coordinates": [ 354166.878628533915617, 6299010.122902971692383 ] } },
{ "type": "Feature", "properties": { "access": null, "addr_city": "La Reina", "addr_country": "CL", "addr_housenumber": null, "addr_postcode": null, "addr_street": null, "addr_unit": null, "amenity": "doctors", "brand": null, "building": null, "capacity": null, "cuisine": null, "denomination": null, "ele": null, "fee": null, "healthcare": "clinic", "healthcare_speciality": "psychiatry", "name": "COSAM La Reina", "name_en": null, "name_es": null, "opening_hours": null, "operator": null, "parking": null, "phone": null, "ref": null, "religion": null, "source_transform": null, "surface": null, "website": null, "wheelchair": null, "objectid": 10810806, "osm_id2": "11205691079", "centroide_x": 357469.74997260422, "centroide_y": 6296995.3644843083, "crs_original": "EPSG:4326", "fecha_normalizacion": "2025-10-10 01:59:25" }, "geometry": { "type": "Point", "coordinates": [ 357469.749972604215145, 6296995.364484308287501 ] } },
{ "type": "Feature", "properties": { "access": null, "addr_city": "La Reina", "addr_country": null, "addr_housenumber": null, "addr_postcode": null, "addr_street": null, "addr_unit": null, "amenity": "cafe", "brand": null, "building": null, "capacity": null, "cuisine": null, "denomination": null, "ele": null, "fee": null, "healthcare": null, "healthcare_speciality": null, "name": "Café Raices", "name_en": null, "name_es": null, "opening_hours": null, "operator": null, "parking": null, "phone": null, "ref": null, "religion": null, "source_transform": null, "surface": null, "website": null, "wheelchair": null, "objectid": 11016752, "osm_id2": "11388871184", "centroide_x": 357632.58728972671, "centroide_y": 6297548.3804096952, "crs_original": "EPSG:4326", "fecha_normalizacion": "2025-10-10 01:59:25" }, "geometry": { "type": "Point", "coordinates": [ 357632.587289726710878, 6297548.380409695208073 ] } },
{ "type": "Feature", "properties": { "access": null, "addr_city": "La Reina", "addr_country": null, "addr_housenumber": "1028", "addr_postcode": null, "addr_street": "Monseñor Edwards", "addr_unit": null, "amenity": "school", "brand": null, "building": null, "capacity": null, "cuisine": null, "denomination": null, "ele": null, "fee": null, "healthcare": null, "healthcare_speciality": null, "name": "Escuela Basica Santa Laura", "name_en": null, "name_es": null, "opening_hours": null, "operator": null, "parking": null, "phone": null, "ref": null, "religion": null, "source_transform": null, "surface": null, "website": null, "wheelchair": null, "objectid": 11035128, "osm_id2": "11413000504", "centroide_x": 354853.15971197933, "centroide_y": 6298258.1985075586, "crs_original": "EPSG:4326", "fecha_normalizacion": "2025-10-10 01:59:25" }, "geometry": { "type": "Point", "coordinates": [ 354853.159711979329586, 6298258.198507558554411 ] } },
{ "type": "Feature", "properties": { "access": null, "addr_city": "La Reina", "addr_country": null, "addr_housenumber": "9770", "addr_postcode": null, "addr_street": "Avenida Larraín", "addr_unit": null, "amenity": "school", "brand": null, "building": null, "capacity": null, "cuisine": null, "denomination": null, "ele": null, "fee": null, "healthcare": null, "healthcare_speciality": null, "name": "Colegio Las Americas", "name_en": null, "name_es": null, "opening_hours": null, "operator": null, "parking": null, "phone": null, "ref": null, "religion": null, "source_transform": null, "surface": null, "website": null, "wheelchair": null, "objectid": 11034073, "osm_id2": "11412186201", "centroide_x": 355088.47418201237, "centroide_y": 6297463.394997268, "crs_original": "EPSG:4326", "fecha_normalizacion": "2025-10-10 01:59:25" }, "geometry": { "type": "Point", "coordinates": [ 355088.474182012374513, 6297463.394997267983854 ] } },
{ "type": "Feature", "properties": { "access": null, "addr_city": "La Reina", "addr_country": "CL", "addr_housenumber": "7243", "addr_postcode": null, "addr_street": "Januario Espinoza", "addr_unit": null, "amenity": "school", "brand": null, "building": null, "capacity": null, "cuisine": null, "denomination": null, "ele": null, "fee": null, "healthcare": null, "healthcare_speciality": null, "name": "Escuela Especial Sol de la Reina", "name_en": null, "name_es": null, "opening_hours": null, "operator": null, "parking": null, "phone": null, "ref": null, "religion": null, "source_transform": null, "surface": null, "website": null, "wheelchair": null, "objectid": 11022155, "osm_id2": "11396051889", "centroide_x": 355621.21851532464, "centroide_y": 6296412.9346195189, "crs_original": "EPSG:4326", "fecha_normalizacion": "2025-10-10 01:59:25" }, "geometry": { "type": "Point", "coordinates": [ 355621.218515324639156, 6296412.93461951892823 ] } },
{ "type": "Feature", "properties": { "access": null, "addr_city": "La Reina", "addr_country": null, "addr_housenumber": "8848", "addr_postcode": null, "addr_street": "Simón González", "addr_unit": null, "amenity": "school", "brand": null, "building": null, "capacity": null, "cuisine": null, "denomination": null, "ele": null, "fee": null, "healthcare": null, "healthcare_speciality": null, "name": "Escuela Basica Farmhouse School", "name_en": null, "name_es": null, "opening_hours": null, "operator": null, "parking": null, "phone": null, "ref": null, "religion": null, "source_transform": null, "surface": null, "website": null, "wheelchair": null, "objectid": 11036691, "osm_id2": "11414818740", "centroide_x": 356916.99796970398, "centroide_y": 6298254.9937349577, "crs_original": "EPSG:4326", "fecha_normalizacion": "2025-10-10 01:59:25" }, "geometry": { "type": "Point", "coordinates": [ 356916.997969703981653, 6298254.993734957650304 ] } },
{ "type": "Feature", "properties": { "access": null, "addr_city": "La Reina", "addr_country": null, "addr_housenumber": "6540", "addr_postcode": null, "addr_street": "Avenida Príncipe de Gales", "addr_unit": null, "amenity": "restaurant", "brand": null, "building": null, "capacity": null, "cuisine": "sushi", "denomination": null, "ele": null, "fee": null, "healthcare": null, "healthcare_speciality": null, "name": "Ryge", "name_en": null, "name_es": null, "opening_hours": null, "operator": null, "parking": null, "phone": null, "ref": null, "religion": null, "source_transform": null, "surface": null, "website": null, "wheelchair": null, "objectid": 11086298, "osm_id2": "11522904547", "centroide_x": 354584.11914970598, "centroide_y": 6299034.6222575642, "crs_original": "EPSG:4326", "fecha_normalizacion": "2025-10-10 01:59:25" }, "geometry": { "type": "Point", "coordinates": [ 354584.119149705977179, 6299034.622257564216852 ] } },
{ "type": "Feature", "properties": { "access": null, "addr_city": "La Reina", "addr_country": null, "addr_housenumber": null, "addr_postcode": null, "addr_street": "Parque Mahuida", "addr_unit": null, "amenity": "taxi", "brand": null, "building": null, "capacity": null, "cuisine": null, "denomination": null, "ele": null, "fee": null, "healthcare": null, "healthcare_speciality": null, "name": "Taxis Colectivos Parque Mahuida", "name_en": null, "name_es": null, "opening_hours": null, "operator": null, "parking": null, "phone": null, "ref": null, "religion": null, "source_transform": null, "surface": null, "website": null, "wheelchair": null, "objectid": 11032521, "osm_id2": "11409913112", "centroide_x": 359001.54894019599, "centroide_y": 6296732.4554776819, "crs_original": "EPSG:4326", "fecha_normalizacion": "2025-10-10 01:59:25" }, "geometry": { "type": "Point", "coordinates": [ 359001.548940195993055, 6296732.455477681942284 ] } },
{ "type": "Feature", "properties": { "access": null, "addr_city": "La Reina", "addr_country": null, "addr_housenumber": "427", "addr_postcode": null, "addr_street": "Carmela Ramírez", "addr_unit": null, "amenity": "doctors", "brand": null, "building": null, "capacity": null, "cuisine": null, "denomination": null, "ele": null, "fee": null, "healthcare": "doctor", "healthcare_speciality": "anthroposophical", "name": "Centro Médico Antroposófico", "name_en": null, "name_es": null, "opening_hours": null, "operator": null, "parking": null, "phone": "+56222263311", "ref": null, "religion": null, "source_transform": null, "surface": null, "website": "https://medicina-antroposofica.cl/", "wheelchair": null, "objectid": 11362444, "osm_id2": "11952640842", "centroide_x": 355100.26983027777, "centroide_y": 6297070.7198104039, "crs_original": "EPSG:4326", "fecha_normalizacion": "2025-10-10 01:59:25" }, "geometry": { "type": "Point", "coordinates": [ 355100.269830277771689, 6297070.719810403883457 ] } },
{ "type": "Feature", "properties": { "access": null, "addr_city": "La Reina", "addr_country": null, "addr_housenumber": "8848", "addr_postcode": null, "addr_street": "Simón González", "addr_unit": null, "amenity": "school", "brand": null, "building": null, "capacity": null, "cuisine": null, "denomination": "waldorf", "ele": null, "fee": null, "healthcare": null, "healthcare_speciality": null, "name": "Colegio Micael", "name_en": null, "name_es": null, "opening_hours": null, "operator": null, "parking": null, "phone": null, "ref": null, "religion": "christian", "source_transform": null, "surface": null, "website": "https://www.colegiomicael.cl/", "wheelchair": null, "objectid": 11352092, "osm_id2": "11938629591", "centroide_x": 356807.10558555904, "centroide_y": 6298214.4033704903, "crs_original": "EPSG:4326", "fecha_normalizacion": "2025-10-10 01:59:25" }, "geometry": { "type": "Point", "coordinates": [ 356807.105585559038445, 6298214.403370490297675 ] } },
{ "type": "Feature", "properties": { "access": null, "addr_city": "La Reina", "addr_country": null, "addr_housenumber": "6540", "addr_postcode": null, "addr_street": "Avenida Príncipe de Gales", "addr_unit": null, "amenity": "restaurant", "brand": null, "building": null, "capacity": null, "cuisine": "bar&grill", "denomination": null, "ele": null, "fee": null, "healthcare": null, "healthcare_speciality": null, "name": "Club Gordos", "name_en": null, "name_es": null, "opening_hours": null, "operator": null, "parking": null, "phone": null, "ref": null, "religion": null, "source_transform": null, "surface": null, "website": null, "wheelchair": null, "objectid": 11086299, "osm_id2": "11522904548", "centroide_x": 354576.91601259244, "centroide_y": 6299047.3793454105, "crs_original": "EPSG:4326", "fecha_normalizacion": "2025-10-10 01:59:25" }, "geometry": { "type": "Point", "coordinates": [ 354576.916012592439074, 6299047.379345410503447 ] } },
{ "type": "Feature", "properties": { "access": null, "addr_city": "La Reina", "addr_country": null, "addr_housenumber": null, "addr_postcode": null, "addr_street": "Avenida Alcalde Fernando Castillo Velasco", "addr_unit": null, "amenity": "pharmacy", "brand": null, "building": null, "capacity": null, "cuisine": null, "denomination": null, "ele": null, "fee": null, "healthcare": "pharmacy", "healthcare_speciality": null, "name": "Farmacia Comunitaria La Reina", "name_en": null, "name_es": null, "opening_hours": null, "operator": null, "parking": null, "phone": null, "ref": null, "religion": null, "source_transform": null, "surface": null, "website": null, "wheelchair": null, "objectid": 12068992, "osm_id2": "12392964997", "centroide_x": 356597.21356403094, "centroide_y": 6297680.6151677351, "crs_original": "EPSG:4326", "fecha_normalizacion": "2025-10-10 01:59:25" }, "geometry": { "type": "Point", "coordinates": [ 356597.213564030942507, 6297680.615167735144496 ] } },
{ "type": "Feature", "properties": { "access": null, "addr_city": "La Reina", "addr_country": null, "addr_housenumber": null, "addr_postcode": null, "addr_street": "Mateo de Toro y Zambrano", "addr_unit": null, "amenity": "pharmacy", "brand": "Cruz Verde", "building": null, "capacity": null, "cuisine": null, "denomination": null, "ele": null, "fee": null, "healthcare": "pharmacy", "healthcare_speciality": null, "name": "Cruz Verde", "name_en": null, "name_es": null, "opening_hours": null, "operator": null, "parking": null, "phone": null, "ref": null, "religion": null, "source_transform": null, "surface": null, "website": null, "wheelchair": null, "objectid": 12129360, "osm_id2": "12454378030", "centroide_x": 355360.61131867813, "centroide_y": 6298874.655820217, "crs_original": "EPSG:4326", "fecha_normalizacion": "2025-10-10 01:59:25" }, "geometry": { "type": "Point", "coordinates": [ 355360.611318678129464, 6298874.655820216983557 ] } },
{ "type": "Feature", "properties": { "access": null, "addr_city": "Santiago", "addr_country": null, "addr_housenumber": null, "addr_postcode": null, "addr_street": "Santa Isabel", "addr_unit": null, "amenity": "pharmacy", "brand": "Cruz Verde", "building": null, "capacity": null, "cuisine": null, "denomination": null, "ele": null, "fee": null, "healthcare": "pharmacy", "healthcare_speciality": null, "name": "Cruz Verde", "name_en": null, "name_es": null, "opening_hours": null, "operator": "Cruz Verde", "parking": null, "phone": null, "ref": null, "religion": null, "source_transform": null, "surface": null, "website": "https://www.cruzverde.cl/", "wheelchair": null, "objectid": 6395212, "osm_id2": "4453962892", "centroide_x": 347987.85439743381, "centroide_y": 6297836.281891604, "crs_original": "EPSG:4326", "fecha_normalizacion": "2025-10-10 01:59:25" }, "geometry": { "type": "Point", "coordinates": [ 347987.854397433809936, 6297836.281891603954136 ] } },
{ "type": "Feature", "properties": { "access": null, "addr_city": "Santiago", "addr_country": "CL", "addr_housenumber": "1128", "addr_postcode": null, "addr_street": "Padre Orellana", "addr_unit": null, "amenity": "school", "brand": null, "building": null, "capacity": null, "cuisine": null, "denomination": null, "ele": null, "fee": null, "healthcare": null, "healthcare_speciality": null, "name": "Escuela Especial San Francisco Para Niños Sordos", "name_en": null, "name_es": null, "opening_hours": null, "operator": "3", "parking": null, "phone": null, "ref": null, "religion": null, "source_transform": null, "surface": null, "website": null, "wheelchair": null, "objectid": 6397519, "osm_id2": "906430858", "centroide_x": 348295.20175833162, "centroide_y": 6296898.3396069948, "crs_original": "EPSG:4326", "fecha_normalizacion": "2025-10-10 01:59:25" }, "geometry": { "type": "Point", "coordinates": [ 348295.201758331619203, 6296898.339606994763017 ] } },
{ "type": "Feature", "properties": { "access": null, "addr_city": "Santiago", "addr_country": null, "addr_housenumber": "521", "addr_postcode": null, "addr_street": "Avenida Portugal", "addr_unit": null, "amenity": "restaurant", "brand": null, "building": null, "capacity": null, "cuisine": "sushi", "denomination": null, "ele": null, "fee": null, "healthcare": null, "healthcare_speciality": null, "name": "Tamashi", "name_en": null, "name_es": null, "opening_hours": null, "operator": null, "parking": null, "phone": null, "ref": null, "religion": null, "source_transform": "Reconocimiento cartográfico 2016 por KG", "surface": null, "website": null, "wheelchair": null, "objectid": 6395315, "osm_id2": "4455235819", "centroide_x": 347999.61637453927, "centroide_y": 6297783.0954521056, "crs_original": "EPSG:4326", "fecha_normalizacion": "2025-10-10 01:59:25" }, "geometry": { "type": "Point", "coordinates": [ 347999.6163745392696, 6297783.095452105626464 ] } },
{ "type": "Feature", "properties": { "access": null, "addr_city": "Santiago", "addr_country": "CL", "addr_housenumber": null, "addr_postcode": null, "addr_street": "Avenida Portugal", "addr_unit": null, "amenity": "doctors", "brand": null, "building": null, "capacity": null, "cuisine": null, "denomination": null, "ele": null, "fee": null, "healthcare": "doctor", "healthcare_speciality": null, "name": "Instituto Nacional de Acupuntura y medicina china", "name_en": null, "name_es": null, "opening_hours": null, "operator": null, "parking": null, "phone": "+56226341120", "ref": null, "religion": null, "source_transform": null, "surface": null, "website": "http://www.acupunturainchile.cl", "wheelchair": null, "objectid": 6395329, "osm_id2": "5865796985", "centroide_x": 348033.70609126484, "centroide_y": 6297759.2087201793, "crs_original": "EPSG:4326", "fecha_normalizacion": "2025-10-10 01:59:25" }, "geometry": { "type": "Point", "coordinates": [ 348033.706091264844872, 6297759.208720179274678 ] } },
{ "type": "Feature", "properties": { "access": null, "addr_city": "Santiago", "addr_country": null, "addr_housenumber": "170", "addr_postcode": null, "addr_street": "Avenida Portugal", "addr_unit": null, "amenity": "pharmacy", "brand": "Farmacias Ahumada", "building": null, "capacity": null, "cuisine": null, "denomination": null, "ele": null, "fee": null, "healthcare": "pharmacy", "healthcare_speciality": null, "name": "Farmacias Ahumada", "name_en": null, "name_es": null, "opening_hours": null, "operator": null, "parking": null, "phone": null, "ref": null, "religion": null, "source_transform": null, "surface": null, "website": null, "wheelchair": null, "objectid": 6388923, "osm_id2": "3661031900", "centroide_x": 347855.18821447284, "centroide_y": 6298256.2743230686, "crs_original": "EPSG:4326", "fecha_normalizacion": "2025-10-10 01:59:25" }, "geometry": { "type": "Point", "coordinates": [ 347855.188214472844265, 6298256.27432306855917 ] } },
{ "type": "Feature", "properties": { "access": null, "addr_city": "Santiago", "addr_country": null, "addr_housenumber": "139", "addr_postcode": null, "addr_street": "General Jofré", "addr_unit": null, "amenity": "kindergarten", "brand": null, "building": null, "capacity": null, "cuisine": null, "denomination": null, "ele": null, "fee": null, "healthcare": null, "healthcare_speciality": null, "name": "Barco Iris", "name_en": null, "name_es": null, "opening_hours": null, "operator": null, "parking": null, "phone": null, "ref": null, "religion": null, "source_transform": null, "surface": null, "website": null, "wheelchair": null, "objectid": 6389025, "osm_id2": "1946854043", "centroide_x": 348043.0989366399, "centroide_y": 6298237.836745264, "crs_original": "EPSG:4326", "fecha_normalizacion": "2025-10-10 01:59:25" }, "geometry": { "type": "Point", "coordinates": [ 348043.098936639900785, 6298237.836745264008641 ] } },
{ "type": "Feature", "properties": { "access": null, "addr_city": "Santiago", "addr_country": null, "addr_housenumber": "174", "addr_postcode": null, "addr_street": "Avenida Portugal", "addr_unit": null, "amenity": "pharmacy", "brand": "SalcoBrand", "building": null, "capacity": null, "cuisine": null, "denomination": null, "ele": null, "fee": null, "healthcare": "pharmacy", "healthcare_speciality": null, "name": "SalcoBrand", "name_en": null, "name_es": null, "opening_hours": null, "operator": null, "parking": null, "phone": null, "ref": null, "religion": null, "source_transform": null, "surface": null, "website": null, "wheelchair": null, "objectid": 6389054, "osm_id2": "3661015375", "centroide_x": 347871.6341017572, "centroide_y": 6298227.5183658749, "crs_original": "EPSG:4326", "fecha_normalizacion": "2025-10-10 01:59:25" }, "geometry": { "type": "Point", "coordinates": [ 347871.634101757197641, 6298227.518365874886513 ] } },
{ "type": "Feature", "properties": { "access": null, "addr_city": "Santiago", "addr_country": null, "addr_housenumber": "271", "addr_postcode": null, "addr_street": "Angamos", "addr_unit": null, "amenity": "kindergarten", "brand": null, "building": null, "capacity": null, "cuisine": null, "denomination": null, "ele": null, "fee": null, "healthcare": null, "healthcare_speciality": null, "name": "Pochocho", "name_en": null, "name_es": null, "opening_hours": null, "operator": null, "parking": null, "phone": null, "ref": null, "religion": null, "source_transform": null, "surface": null, "website": null, "wheelchair": null, "objectid": 6395381, "osm_id2": "3568014637", "centroide_x": 347702.91847334197, "centroide_y": 6298021.0121042607, "crs_original": "EPSG:4326", "fecha_normalizacion": "2025-10-10 01:59:25" }, "geometry": { "type": "Point", "coordinates": [ 347702.918473341967911, 6298021.012104260735214 ] } },
{ "type": "Feature", "properties": { "access": null, "addr_city": "Santiago", "addr_country": null, "addr_housenumber": "1308", "addr_postcode": null, "addr_street": "Santa Elena", "addr_unit": null, "amenity": "place_of_worship", "brand": null, "building": null, "capacity": null, "cuisine": null, "denomination": null, "ele": null, "fee": null, "healthcare": null, "healthcare_speciality": null, "name": "Templo Budista FGS Chile - Santa Elena", "name_en": null, "name_es": null, "opening_hours": null, "operator": null, "parking": null, "phone": "+56 2 556 0056", "ref": null, "religion": "buddhist", "source_transform": null, "surface": null, "website": "https://www.templobudista-fgs.cl/", "wheelchair": null, "objectid": 6397960, "osm_id2": "3905334953", "centroide_x": 348494.41086014395, "centroide_y": 6296642.1631499398, "crs_original": "EPSG:4326", "fecha_normalizacion": "2025-10-10 01:59:25" }, "geometry": { "type": "Point", "coordinates": [ 348494.41086014395114, 6296642.163149939849973 ] } },
{ "type": "Feature", "properties": { "access": null, "addr_city": "Santiago", "addr_country": null, "addr_housenumber": "372", "addr_postcode": null, "addr_street": "Argomedo", "addr_unit": null, "amenity": "kindergarten", "brand": null, "building": null, "capacity": null, "cuisine": null, "denomination": null, "ele": null, "fee": null, "healthcare": null, "healthcare_speciality": null, "name": "Jardín infantil Pedro Aguirre Cerda", "name_en": null, "name_es": null, "opening_hours": null, "operator": null, "parking": null, "phone": null, "ref": null, "religion": null, "source_transform": null, "surface": null, "website": null, "wheelchair": null, "objectid": 6395578, "osm_id2": "3568014036", "centroide_x": 347793.46564378694, "centroide_y": 6297600.7347982954, "crs_original": "EPSG:4326", "fecha_normalizacion": "2025-10-10 01:59:25" }, "geometry": { "type": "Point", "coordinates": [ 347793.465643786941655, 6297600.734798295423388 ] } },
{ "type": "Feature", "properties": { "access": null, "addr_city": "santiago", "addr_country": null, "addr_housenumber": "411", "addr_postcode": null, "addr_street": "Argomedo", "addr_unit": null, "amenity": "restaurant", "brand": null, "building": null, "capacity": null, "cuisine": null, "denomination": null, "ele": null, "fee": null, "healthcare": null, "healthcare_speciality": null, "name": "Los Adobes de Argomedo", "name_en": null, "name_es": null, "opening_hours": null, "operator": null, "parking": null, "phone": null, "ref": null, "religion": null, "source_transform": null, "surface": null, "website": null, "wheelchair": null, "objectid": 6395580, "osm_id2": "2991209613", "centroide_x": 347712.41847429151, "centroide_y": 6297624.8786635231, "crs_original": "EPSG:4326", "fecha_normalizacion": "2025-10-10 01:59:25" }, "geometry": { "type": "Point", "coordinates": [ 347712.418474291509483, 6297624.878663523122668 ] } },
{ "type": "Feature", "properties": { "access": null, "addr_city": "Santiago", "addr_country": "CL", "addr_housenumber": "1191", "addr_postcode": null, "addr_street": "Sierra Bella", "addr_unit": null, "amenity": "school", "brand": null, "building": null, "capacity": null, "cuisine": null, "denomination": null, "ele": null, "fee": null, "healthcare": null, "healthcare_speciality": null, "name": "Centro de Educación de Adultos El Prado", "name_en": null, "name_es": null, "opening_hours": null, "operator": "3", "parking": null, "phone": null, "ref": null, "religion": null, "source_transform": "Gobierno Regional Metropolitano de Santiago (http://www.gobiernosantiago.cl/)", "surface": null, "website": null, "wheelchair": null, "objectid": 6398009, "osm_id2": "906431853", "centroide_x": 347902.4623323679, "centroide_y": 6296745.9660518877, "crs_original": "EPSG:4326", "fecha_normalizacion": "2025-10-10 01:59:25" }, "geometry": { "type": "Point", "coordinates": [ 347902.462332367897034, 6296745.966051887720823 ] } },
{ "type": "Feature", "properties": { "access": null, "addr_city": "Santiago", "addr_country": null, "addr_housenumber": null, "addr_postcode": null, "addr_street": null, "addr_unit": null, "amenity": "fuel", "brand": "Shell", "building": null, "capacity": null, "cuisine": null, "denomination": null, "ele": null, "fee": null, "healthcare": null, "healthcare_speciality": null, "name": "Shell", "name_en": null, "name_es": null, "opening_hours": null, "operator": null, "parking": null, "phone": null, "ref": null, "religion": null, "source_transform": null, "surface": null, "website": null, "wheelchair": null, "objectid": 6389075, "osm_id2": "5788033155", "centroide_x": 347832.15075925138, "centroide_y": 6298198.7799579389, "crs_original": "EPSG:4326", "fecha_normalizacion": "2025-10-10 01:59:25" }, "geometry": { "type": "Point", "coordinates": [ 347832.150759251380805, 6298198.779957938939333 ] } },
{ "type": "Feature", "properties": { "access": null, "addr_city": "Santiago", "addr_country": null, "addr_housenumber": "699", "addr_postcode": null, "addr_street": "Avenida Vicuña Mackenna", "addr_unit": null, "amenity": "pharmacy", "brand": "Cruz Verde", "building": null, "capacity": null, "cuisine": null, "denomination": null, "ele": null, "fee": null, "healthcare": "pharmacy", "healthcare_speciality": null, "name": "Cruz Verde", "name_en": null, "name_es": null, "opening_hours": null, "operator": null, "parking": null, "phone": null, "ref": null, "religion": null, "source_transform": null, "surface": null, "website": null, "wheelchair": null, "objectid": 6395728, "osm_id2": "4438519073", "centroide_x": 348384.20277431712, "centroide_y": 6297443.6452242564, "crs_original": "EPSG:4326", "fecha_normalizacion": "2025-10-10 01:59:25" }, "geometry": { "type": "Point", "coordinates": [ 348384.202774317120202, 6297443.645224256440997 ] } },
{ "type": "Feature", "properties": { "access": null, "addr_city": "Santiago", "addr_country": null, "addr_housenumber": "649", "addr_postcode": null, "addr_street": "Rauli", "addr_unit": null, "amenity": "fast_food", "brand": null, "building": null, "capacity": null, "cuisine": null, "denomination": null, "ele": null, "fee": null, "healthcare": null, "healthcare_speciality": null, "name": null, "name_en": null, "name_es": null, "opening_hours": null, "operator": null, "parking": null, "phone": null, "ref": null, "religion": null, "source_transform": null, "surface": null, "website": null, "wheelchair": null, "objectid": 6395765, "osm_id2": "1957083685", "centroide_x": 347928.36285396072, "centroide_y": 6297540.6594310477, "crs_original": "EPSG:4326", "fecha_normalizacion": "2025-10-10 01:59:25" }, "geometry": { "type": "Point", "coordinates": [ 347928.362853960716166, 6297540.659431047737598 ] } },
{ "type": "Feature", "properties": { "access": null, "addr_city": "Santiago", "addr_country": null, "addr_housenumber": "819", "addr_postcode": null, "addr_street": "Avenida Vicuña Mackenna", "addr_unit": null, "amenity": "post_office", "brand": "Chilexpress", "building": null, "capacity": null, "cuisine": null, "denomination": null, "ele": null, "fee": null, "healthcare": null, "healthcare_speciality": null, "name": "Chilexpress", "name_en": null, "name_es": null, "opening_hours": null, "operator": null, "parking": null, "phone": null, "ref": null, "religion": null, "source_transform": "Reconocimiento cartográfico 2016 por KG.", "surface": null, "website": "https://www.chilexpress.cl/", "wheelchair": null, "objectid": 6395909, "osm_id2": "3895644262", "centroide_x": 348407.80502503063, "centroide_y": 6297378.1554408539, "crs_original": "EPSG:4326", "fecha_normalizacion": "2025-10-10 01:59:25" }, "geometry": { "type": "Point", "coordinates": [ 348407.805025030625984, 6297378.155440853908658 ] } },
{ "type": "Feature", "properties": { "access": null, "addr_city": "Santiago", "addr_country": null, "addr_housenumber": "356", "addr_postcode": null, "addr_street": "Manuel de Salas", "addr_unit": null, "amenity": "place_of_worship", "brand": null, "building": null, "capacity": null, "cuisine": null, "denomination": null, "ele": null, "fee": null, "healthcare": null, "healthcare_speciality": null, "name": "Sede Nacional Bahá'í", "name_en": null, "name_es": null, "opening_hours": null, "operator": null, "parking": null, "phone": null, "ref": null, "religion": "bahai", "source_transform": null, "surface": null, "website": null, "wheelchair": null, "objectid": 6391092, "osm_id2": "4410937186", "centroide_x": 351914.82521460694, "centroide_y": 6297501.4094809843, "crs_original": "EPSG:4326", "fecha_normalizacion": "2025-10-10 01:59:25" }, "geometry": { "type": "Point", "coordinates": [ 351914.825214606942609, 6297501.409480984322727 ] } },
{ "type": "Feature", "properties": { "access": null, "addr_city": "Santiago", "addr_country": "CL", "addr_housenumber": "56", "addr_postcode": null, "addr_street": "Porvenir", "addr_unit": null, "amenity": "school", "brand": null, "building": null, "capacity": null, "cuisine": null, "denomination": null, "ele": null, "fee": null, "healthcare": null, "healthcare_speciality": null, "name": "Colegio Adventista Porvenir", "name_en": null, "name_es": null, "opening_hours": null, "operator": "3", "parking": null, "phone": null, "ref": null, "religion": null, "source_transform": "Reconocimiento cortográfico de campo 2016 por KG", "surface": null, "website": null, "wheelchair": null, "objectid": 6397397, "osm_id2": "906431470", "centroide_x": 348421.25475390512, "centroide_y": 6297102.9467513114, "crs_original": "EPSG:4326", "fecha_normalizacion": "2025-10-10 01:59:25" }, "geometry": { "type": "Point", "coordinates": [ 348421.254753905115649, 6297102.946751311421394 ] } },
{ "type": "Feature", "properties": { "access": null, "addr_city": "Santiago", "addr_country": null, "addr_housenumber": "1829", "addr_postcode": null, "addr_street": "Santa Elena", "addr_unit": null, "amenity": "school", "brand": null, "building": null, "capacity": null, "cuisine": null, "denomination": null, "ele": null, "fee": null, "healthcare": null, "healthcare_speciality": null, "name": "Escuela Básica Reyes Católicos", "name_en": null, "name_es": null, "opening_hours": null, "operator": "2", "parking": null, "phone": null, "ref": null, "religion": null, "source_transform": "Gobierno Regional Metropolitano de Santiago (http://www.gobiernosantiago.cl/)", "surface": null, "website": null, "wheelchair": null, "objectid": 6408229, "osm_id2": "906426823", "centroide_x": 348701.06053429516, "centroide_y": 6295717.2590041067, "crs_original": "EPSG:4326", "fecha_normalizacion": "2025-10-10 01:59:25" }, "geometry": { "type": "Point", "coordinates": [ 348701.060534295160323, 6295717.259004106745124 ] } },
{ "type": "Feature", "properties": { "access": null, "addr_city": "Santiago", "addr_country": null, "addr_housenumber": null, "addr_postcode": null, "addr_street": "Pedro Torres", "addr_unit": null, "amenity": "bench", "brand": null, "building": null, "capacity": null, "cuisine": null, "denomination": null, "ele": null, "fee": null, "healthcare": null, "healthcare_speciality": null, "name": null, "name_en": null, "name_es": null, "opening_hours": null, "operator": null, "parking": null, "phone": null, "ref": null, "religion": null, "source_transform": null, "surface": null, "website": null, "wheelchair": null, "objectid": 6389993, "osm_id2": "5934303097", "centroide_x": 352364.62091030902, "centroide_y": 6297715.3552788207, "crs_original": "EPSG:4326", "fecha_normalizacion": "2025-10-10 01:59:25" }, "geometry": { "type": "Point", "coordinates": [ 352364.620910309022292, 6297715.355278820730746 ] } },
{ "type": "Feature", "properties": { "access": null, "addr_city": "Santiago", "addr_country": null, "addr_housenumber": "1384", "addr_postcode": null, "addr_street": "Cuevas", "addr_unit": null, "amenity": "restaurant", "brand": null, "building": null, "capacity": null, "cuisine": null, "denomination": null, "ele": null, "fee": null, "healthcare": null, "healthcare_speciality": null, "name": "Hasta Que Te Encontré", "name_en": null, "name_es": null, "opening_hours": null, "operator": null, "parking": null, "phone": "+56 9 82 612 175", "ref": null, "religion": null, "source_transform": null, "surface": null, "website": null, "wheelchair": null, "objectid": 7937925, "osm_id2": "9005892233", "centroide_x": 348226.74580029096, "centroide_y": 6296395.790719511, "crs_original": "EPSG:4326", "fecha_normalizacion": "2025-10-10 01:59:25" }, "geometry": { "type": "Point", "coordinates": [ 348226.745800290955231, 6296395.790719510987401 ] } },
{ "type": "Feature", "properties": { "access": null, "addr_city": "Santiago", "addr_country": null, "addr_housenumber": "321", "addr_postcode": null, "addr_street": "Victoria", "addr_unit": null, "amenity": "social_centre", "brand": null, "building": null, "capacity": null, "cuisine": null, "denomination": null, "ele": null, "fee": null, "healthcare": null, "healthcare_speciality": null, "name": "Comité De Defensa Barrio Matta Sur", "name_en": null, "name_es": null, "opening_hours": null, "operator": null, "parking": null, "phone": null, "ref": null, "religion": null, "source_transform": null, "surface": null, "website": null, "wheelchair": null, "objectid": 7937926, "osm_id2": "9005892234", "centroide_x": 348242.72428519552, "centroide_y": 6296363.4000494871, "crs_original": "EPSG:4326", "fecha_normalizacion": "2025-10-10 01:59:25" }, "geometry": { "type": "Point", "coordinates": [ 348242.724285195523407, 6296363.400049487128854 ] } },
{ "type": "Feature", "properties": { "access": null, "addr_city": "Santiago", "addr_country": null, "addr_housenumber": null, "addr_postcode": null, "addr_street": null, "addr_unit": null, "amenity": "pub", "brand": null, "building": null, "capacity": null, "cuisine": "pizza", "denomination": null, "ele": null, "fee": null, "healthcare": null, "healthcare_speciality": null, "name": "Good Luck", "name_en": null, "name_es": null, "opening_hours": null, "operator": null, "parking": null, "phone": null, "ref": null, "religion": null, "source_transform": null, "surface": null, "website": null, "wheelchair": null, "objectid": 8195942, "osm_id2": "9155666796", "centroide_x": 347613.07757238438, "centroide_y": 6297819.62897503, "crs_original": "EPSG:4326", "fecha_normalizacion": "2025-10-10 01:59:25" }, "geometry": { "type": "Point", "coordinates": [ 347613.077572384383529, 6297819.628975030034781 ] } },
{ "type": "Feature", "properties": { "access": null, "addr_city": "Santiago", "addr_country": null, "addr_housenumber": "339", "addr_postcode": null, "addr_street": "Victoria", "addr_unit": null, "amenity": "post_depot", "brand": null, "building": null, "capacity": null, "cuisine": null, "denomination": null, "ele": null, "fee": null, "healthcare": null, "healthcare_speciality": null, "name": "Servicios Administrativos ChilePost", "name_en": null, "name_es": null, "opening_hours": null, "operator": null, "parking": null, "phone": "+56225501500", "ref": null, "religion": null, "source_transform": null, "surface": null, "website": null, "wheelchair": null, "objectid": 9968699, "osm_id2": "10621478655", "centroide_x": 348187.78992707218, "centroide_y": 6296372.3744017715, "crs_original": "EPSG:4326", "fecha_normalizacion": "2025-10-10 01:59:25" }, "geometry": { "type": "Point", "coordinates": [ 348187.789927072182763, 6296372.374401771463454 ] } },
{ "type": "Feature", "properties": { "access": null, "addr_city": "Santiago", "addr_country": null, "addr_housenumber": "1659", "addr_postcode": null, "addr_street": "Pedro León Ugalde", "addr_unit": null, "amenity": "school", "brand": null, "building": null, "capacity": null, "cuisine": null, "denomination": null, "ele": null, "fee": null, "healthcare": null, "healthcare_speciality": null, "name": "Escuela Basica Santa Bernardita", "name_en": null, "name_es": null, "opening_hours": null, "operator": null, "parking": null, "phone": null, "ref": null, "religion": null, "source_transform": null, "surface": null, "website": null, "wheelchair": null, "objectid": 10362186, "osm_id2": "10961939124", "centroide_x": 348388.97787389089, "centroide_y": 6295840.0234817527, "crs_original": "EPSG:4326", "fecha_normalizacion": "2025-10-10 01:59:25" }, "geometry": { "type": "Point", "coordinates": [ 348388.977873890893534, 6295840.023481752723455 ] } },
{ "type": "Feature", "properties": { "access": null, "addr_city": "Santiago", "addr_country": null, "addr_housenumber": "261", "addr_postcode": null, "addr_street": "Tucapel", "addr_unit": null, "amenity": "cafe", "brand": null, "building": null, "capacity": null, "cuisine": "coffee_shop", "denomination": null, "ele": null, "fee": null, "healthcare": null, "healthcare_speciality": null, "name": "Dkary", "name_en": null, "name_es": null, "opening_hours": "PH,Mo-Su 08:00-20:00", "operator": null, "parking": null, "phone": null, "ref": null, "religion": null, "source_transform": null, "surface": null, "website": "https://www.instagram.com/dkarychile/", "wheelchair": null, "objectid": 8923493, "osm_id2": "9629109616", "centroide_x": 348782.20803758642, "centroide_y": 6297486.4199514072, "crs_original": "EPSG:4326", "fecha_normalizacion": "2025-10-10 01:59:25" }, "geometry": { "type": "Point", "coordinates": [ 348782.208037586417049, 6297486.419951407238841 ] } },
{ "type": "Feature", "properties": { "access": null, "addr_city": "Santiago", "addr_country": null, "addr_housenumber": "592", "addr_postcode": null, "addr_street": null, "addr_unit": null, "amenity": "fast_food", "brand": null, "building": null, "capacity": null, "cuisine": "pizza", "denomination": null, "ele": null, "fee": null, "healthcare": null, "healthcare_speciality": null, "name": "Isabella Pizzas Ricas", "name_en": null, "name_es": null, "opening_hours": "Mo-Sa 10:00-23:00", "operator": null, "parking": null, "phone": null, "ref": null, "religion": null, "source_transform": null, "surface": null, "website": "http://www.isabellapizzas.cl/", "wheelchair": null, "objectid": 10603131, "osm_id2": "11076980805", "centroide_x": 348797.62822044583, "centroide_y": 6297795.5318375435, "crs_original": "EPSG:4326", "fecha_normalizacion": "2025-10-10 01:59:25" }, "geometry": { "type": "Point", "coordinates": [ 348797.628220445825718, 6297795.531837543472648 ] } },
{ "type": "Feature", "properties": { "access": null, "addr_city": "Santiago", "addr_country": null, "addr_housenumber": "600", "addr_postcode": null, "addr_street": null, "addr_unit": null, "amenity": "restaurant", "brand": null, "building": null, "capacity": null, "cuisine": "sushi", "denomination": null, "ele": null, "fee": null, "healthcare": null, "healthcare_speciality": null, "name": "Maktub Sushi", "name_en": null, "name_es": null, "opening_hours": "Mo-Su 11:15-22:00", "operator": null, "parking": null, "phone": null, "ref": null, "religion": null, "source_transform": null, "surface": null, "website": null, "wheelchair": null, "objectid": 10603132, "osm_id2": "11076980806", "centroide_x": 348799.09996278217, "centroide_y": 6297790.6081585949, "crs_original": "EPSG:4326", "fecha_normalizacion": "2025-10-10 01:59:25" }, "geometry": { "type": "Point", "coordinates": [ 348799.099962782172952, 6297790.608158594928682 ] } },
{ "type": "Feature", "properties": { "access": null, "addr_city": "Santiago", "addr_country": null, "addr_housenumber": "0356", "addr_postcode": null, "addr_street": "Malaquias Concha", "addr_unit": null, "amenity": "restaurant", "brand": null, "building": null, "capacity": null, "cuisine": "pizza", "denomination": null, "ele": null, "fee": null, "healthcare": null, "healthcare_speciality": null, "name": "Pizzeria Alleria", "name_en": null, "name_es": null, "opening_hours": "Tu-Sa 13:00-21:30; Su 13:30-20:30", "operator": null, "parking": null, "phone": null, "ref": null, "religion": null, "source_transform": null, "surface": null, "website": "https://www.instagram.com/alleria_pizza/", "wheelchair": null, "objectid": 10603134, "osm_id2": "11076980810", "centroide_x": 348868.98302544863, "centroide_y": 6297788.7626593914, "crs_original": "EPSG:4326", "fecha_normalizacion": "2025-10-10 01:59:25" }, "geometry": { "type": "Point", "coordinates": [ 348868.983025448629633, 6297788.762659391388297 ] } },
{ "type": "Feature", "properties": { "access": null, "addr_city": "Santiago", "addr_country": "CL", "addr_housenumber": "1708", "addr_postcode": null, "addr_street": null, "addr_unit": null, "amenity": "clinic", "brand": null, "building": null, "capacity": null, "cuisine": null, "denomination": null, "ele": null, "fee": null, "healthcare": "hospital", "healthcare_speciality": null, "name": "CESFAM Padre Orellana", "name_en": null, "name_es": null, "opening_hours": null, "operator": null, "parking": null, "phone": null, "ref": null, "religion": null, "source_transform": null, "surface": null, "website": null, "wheelchair": null, "objectid": 10741280, "osm_id2": "11172535584", "centroide_x": 348554.94383270422, "centroide_y": 6295821.8769553341, "crs_original": "EPSG:4326", "fecha_normalizacion": "2025-10-10 01:59:25" }, "geometry": { "type": "Point", "coordinates": [ 348554.943832704215311, 6295821.876955334097147 ] } },
{ "type": "Feature", "properties": { "access": null, "addr_city": "Santiago", "addr_country": null, "addr_housenumber": "962", "addr_postcode": "7501307", "addr_street": "Santa Isabel", "addr_unit": null, "amenity": "cafe", "brand": null, "building": null, "capacity": null, "cuisine": "coffee_shop;cake", "denomination": null, "ele": null, "fee": null, "healthcare": null, "healthcare_speciality": null, "name": "Area 52", "name_en": null, "name_es": null, "opening_hours": "Mo-Sa 11:00-21:30", "operator": null, "parking": null, "phone": null, "ref": null, "religion": null, "source_transform": null, "surface": null, "website": "https://www.area52.cl/", "wheelchair": null, "objectid": 11326690, "osm_id2": "11907821522", "centroide_x": 349534.01873598451, "centroide_y": 6298231.3602281995, "crs_original": "EPSG:4326", "fecha_normalizacion": "2025-10-10 01:59:25" }, "geometry": { "type": "Point", "coordinates": [ 349534.018735984514933, 6298231.360228199511766 ] } },
{ "type": "Feature", "properties": { "access": null, "addr_city": "Santiago", "addr_country": null, "addr_housenumber": null, "addr_postcode": null, "addr_street": "Irarrazaval", "addr_unit": null, "amenity": "cafe", "brand": null, "building": null, "capacity": null, "cuisine": null, "denomination": null, "ele": null, "fee": null, "healthcare": null, "healthcare_speciality": null, "name": "Rayo Negro", "name_en": null, "name_es": null, "opening_hours": null, "operator": null, "parking": null, "phone": null, "ref": null, "religion": null, "source_transform": null, "surface": null, "website": null, "wheelchair": "no", "objectid": 11578043, "osm_id2": "12119247353", "centroide_x": 349680.33233309339, "centroide_y": 6297297.7145309364, "crs_original": "EPSG:4326", "fecha_normalizacion": "2025-10-10 01:59:25" }, "geometry": { "type": "Point", "coordinates": [ 349680.332333093392663, 6297297.714530936442316 ] } },
{ "type": "Feature", "properties": { "access": null, "addr_city": "Santiago", "addr_country": null, "addr_housenumber": "260", "addr_postcode": null, "addr_street": "Loreto", "addr_unit": null, "amenity": "cafe", "brand": null, "building": null, "capacity": null, "cuisine": null, "denomination": null, "ele": null, "fee": null, "healthcare": null, "healthcare_speciality": null, "name": "Café La Ciudadana", "name_en": null, "name_es": null, "opening_hours": null, "operator": null, "parking": null, "phone": null, "ref": null, "religion": null, "source_transform": null, "surface": null, "website": null, "wheelchair": null, "objectid": 6372504, "osm_id2": "4785148324", "centroide_x": 347336.5791560855, "centroide_y": 6299737.518453477, "crs_original": "EPSG:4326", "fecha_normalizacion": "2025-10-10 01:59:25" }, "geometry": { "type": "Point", "coordinates": [ 347336.579156085499562, 6299737.518453476950526 ] } },
{ "type": "Feature", "properties": { "access": null, "addr_city": "Santiago", "addr_country": null, "addr_housenumber": null, "addr_postcode": null, "addr_street": "Loreto", "addr_unit": null, "amenity": "bicycle_rental", "brand": null, "building": null, "capacity": null, "cuisine": null, "denomination": null, "ele": null, "fee": null, "healthcare": null, "healthcare_speciality": null, "name": null, "name_en": null, "name_es": null, "opening_hours": null, "operator": null, "parking": null, "phone": null, "ref": null, "religion": null, "source_transform": null, "surface": null, "website": null, "wheelchair": null, "objectid": 6385711, "osm_id2": "4785128463", "centroide_x": 347283.45067641302, "centroide_y": 6299408.4638195094, "crs_original": "EPSG:4326", "fecha_normalizacion": "2025-10-10 01:59:25" }, "geometry": { "type": "Point", "coordinates": [ 347283.450676413020119, 6299408.463819509372115 ] } },
{ "type": "Feature", "properties": { "access": null, "addr_city": "Santiago", "addr_country": "CL", "addr_housenumber": "20", "addr_postcode": null, "addr_street": "Avenida Libertador Bernardo O'Higgins", "addr_unit": null, "amenity": "pharmacy", "brand": "SalcoBrand", "building": null, "capacity": null, "cuisine": null, "denomination": null, "ele": null, "fee": null, "healthcare": "pharmacy", "healthcare_speciality": null, "name": "SalcoBrand", "name_en": null, "name_es": null, "opening_hours": null, "operator": null, "parking": null, "phone": "+56226331817", "ref": null, "religion": null, "source_transform": null, "surface": null, "website": null, "wheelchair": null, "objectid": 6386083, "osm_id2": "867951613", "centroide_x": 347956.84859941207, "centroide_y": 6299010.1110735275, "crs_original": "EPSG:4326", "fecha_normalizacion": "2025-10-10 01:59:25" }, "geometry": { "type": "Point", "coordinates": [ 347956.848599412071053, 6299010.111073527485132 ] } },
{ "type": "Feature", "properties": { "access": null, "addr_city": "Santiago", "addr_country": null, "addr_housenumber": "105", "addr_postcode": null, "addr_street": "José Victorino Lastarria", "addr_unit": null, "amenity": "restaurant", "brand": null, "building": null, "capacity": null, "cuisine": "regional;international;fusion;fish;drinks;cafetaria;ancestral;chilena", "denomination": null, "ele": null, "fee": null, "healthcare": null, "healthcare_speciality": null, "name": "Utopía Restobar", "name_en": null, "name_es": null, "opening_hours": "Mo-Su 12:00-12:00", "operator": null, "parking": null, "phone": null, "ref": null, "religion": null, "source_transform": null, "surface": null, "website": null, "wheelchair": null, "objectid": 6388376, "osm_id2": "6452860104", "centroide_x": 347453.99455099122, "centroide_y": 6298818.6904147193, "crs_original": "EPSG:4326", "fecha_normalizacion": "2025-10-10 01:59:25" }, "geometry": { "type": "Point", "coordinates": [ 347453.994550991221331, 6298818.690414719283581 ] } },
{ "type": "Feature", "properties": { "access": null, "addr_city": "Santiago", "addr_country": null, "addr_housenumber": "58", "addr_postcode": null, "addr_street": "Avenida Libertador Bernardo O'Higgins", "addr_unit": null, "amenity": "restaurant", "brand": null, "building": null, "capacity": null, "cuisine": "sandwich;german", "denomination": null, "ele": null, "fee": null, "healthcare": null, "healthcare_speciality": null, "name": "Fuente Alemana", "name_en": null, "name_es": null, "opening_hours": null, "operator": "Fuente De Soda Alemana Limitada", "parking": null, "phone": null, "ref": null, "religion": null, "source_transform": "Reconocimiento cartográfico 2016 por KG", "surface": null, "website": null, "wheelchair": null, "objectid": 6386121, "osm_id2": "436064283", "centroide_x": 347919.73721392103, "centroide_y": 6298996.4614885133, "crs_original": "EPSG:4326", "fecha_normalizacion": "2025-10-10 01:59:25" }, "geometry": { "type": "Point", "coordinates": [ 347919.737213921034709, 6298996.461488513275981 ] } },
{ "type": "Feature", "properties": { "access": null, "addr_city": "Santiago", "addr_country": null, "addr_housenumber": "287", "addr_postcode": null, "addr_street": "Avenida Libertador Bernardo O'Higgins", "addr_unit": null, "amenity": "restaurant", "brand": null, "building": null, "capacity": null, "cuisine": null, "denomination": null, "ele": null, "fee": null, "healthcare": null, "healthcare_speciality": null, "name": "Cantabrico", "name_en": null, "name_es": null, "opening_hours": null, "operator": null, "parking": null, "phone": null, "ref": null, "religion": null, "source_transform": "Reconocimiento cortográfico de campo 2016 por KG", "surface": null, "website": null, "wheelchair": null, "objectid": 6388428, "osm_id2": "2425960603", "centroide_x": 347507.89358735899, "centroide_y": 6298741.912803621, "crs_original": "EPSG:4326", "fecha_normalizacion": "2025-10-10 01:59:25" }, "geometry": { "type": "Point", "coordinates": [ 347507.893587358994409, 6298741.912803621031344 ] } },
{ "type": "Feature", "properties": { "access": null, "addr_city": "Santiago", "addr_country": null, "addr_housenumber": "70", "addr_postcode": null, "addr_street": "José Victorino Lastarria", "addr_unit": null, "amenity": "restaurant", "brand": null, "building": null, "capacity": null, "cuisine": "mediterranean", "denomination": null, "ele": null, "fee": null, "healthcare": null, "healthcare_speciality": null, "name": "Peztoro", "name_en": null, "name_es": null, "opening_hours": null, "operator": null, "parking": null, "phone": null, "ref": null, "religion": null, "source_transform": null, "surface": null, "website": null, "wheelchair": null, "objectid": 6388442, "osm_id2": "1841266847", "centroide_x": 347400.23791446933, "centroide_y": 6298774.5298066679, "crs_original": "EPSG:4326", "fecha_normalizacion": "2025-10-10 01:59:25" }, "geometry": { "type": "Point", "coordinates": [ 347400.237914469325915, 6298774.529806667938828 ] } },
{ "type": "Feature", "properties": { "access": null, "addr_city": "Santiago", "addr_country": null, "addr_housenumber": null, "addr_postcode": null, "addr_street": "Pasaje Lastarria 70", "addr_unit": null, "amenity": "restaurant", "brand": null, "building": null, "capacity": null, "cuisine": null, "denomination": null, "ele": null, "fee": null, "healthcare": null, "healthcare_speciality": null, "name": "Quitral", "name_en": null, "name_es": null, "opening_hours": null, "operator": null, "parking": null, "phone": null, "ref": null, "religion": null, "source_transform": null, "surface": null, "website": null, "wheelchair": null, "objectid": 6388444, "osm_id2": "3369362993", "centroide_x": 347400.09236209607, "centroide_y": 6298754.8957980815, "crs_original": "EPSG:4326", "fecha_normalizacion": "2025-10-10 01:59:25" }, "geometry": { "type": "Point", "coordinates": [ 347400.092362096067518, 6298754.895798081532121 ] } },
{ "type": "Feature", "properties": { "access": null, "addr_city": "Santiago", "addr_country": null, "addr_housenumber": "299", "addr_postcode": null, "addr_street": "Avenida Libertador Bernardo O'Higgins", "addr_unit": null, "amenity": "internet_cafe", "brand": null, "building": null, "capacity": null, "cuisine": null, "denomination": null, "ele": null, "fee": null, "healthcare": null, "healthcare_speciality": null, "name": "Comunica2", "name_en": null, "name_es": null, "opening_hours": null, "operator": null, "parking": null, "phone": null, "ref": null, "religion": null, "source_transform": "Reconocimiento cortográfico de campo 2016 por KG", "surface": null, "website": null, "wheelchair": null, "objectid": 6388450, "osm_id2": "3395534281", "centroide_x": 347483.11371489213, "centroide_y": 6298728.8664717264, "crs_original": "EPSG:4326", "fecha_normalizacion": "2025-10-10 01:59:25" }, "geometry": { "type": "Point", "coordinates": [ 347483.113714892126154, 6298728.866471726447344 ] } },
{ "type": "Feature", "properties": { "access": null, "addr_city": "Santiago", "addr_country": null, "addr_housenumber": "298", "addr_postcode": null, "addr_street": "Avenida Libertador Bernardo O'Higgins", "addr_unit": null, "amenity": "restaurant", "brand": null, "building": null, "capacity": null, "cuisine": "regional", "denomination": null, "ele": null, "fee": null, "healthcare": null, "healthcare_speciality": null, "name": "Valle de Oro", "name_en": null, "name_es": null, "opening_hours": "Mo-Fr 08:00-23:00; Sa 10:00-18:00", "operator": null, "parking": null, "phone": "+56222223285", "ref": null, "religion": null, "source_transform": null, "surface": null, "website": null, "wheelchair": null, "objectid": 6388464, "osm_id2": "4325369399", "centroide_x": 347536.02604630229, "centroide_y": 6298696.3054591715, "crs_original": "EPSG:4326", "fecha_normalizacion": "2025-10-10 01:59:25" }, "geometry": { "type": "Point", "coordinates": [ 347536.026046302285977, 6298696.305459171533585 ] } },
{ "type": "Feature", "properties": { "access": null, "addr_city": "Santiago", "addr_country": "CL", "addr_housenumber": "557", "addr_postcode": null, "addr_street": "Miraflores", "addr_unit": null, "amenity": "school", "brand": null, "building": null, "capacity": null, "cuisine": null, "denomination": null, "ele": null, "fee": null, "healthcare": null, "healthcare_speciality": null, "name": "Colegio De Adultos Instituto Andes", "name_en": null, "name_es": null, "opening_hours": null, "operator": "4", "parking": null, "phone": null, "ref": null, "religion": null, "source_transform": "Gobierno Regional Metropolitano de Santiago (http://www.gobiernosantiago.cl/)", "surface": null, "website": null, "wheelchair": null, "objectid": 6386242, "osm_id2": "906435039", "centroide_x": 347010.17764080444, "centroide_y": 6299238.092643003, "crs_original": "EPSG:4326", "fecha_normalizacion": "2025-10-10 01:59:25" }, "geometry": { "type": "Point", "coordinates": [ 347010.177640804438852, 6299238.092643002979457 ] } },
{ "type": "Feature", "properties": { "access": null, "addr_city": "Santiago", "addr_country": null, "addr_housenumber": "591", "addr_postcode": null, "addr_street": "Miraflores", "addr_unit": null, "amenity": "veterinary", "brand": null, "building": null, "capacity": null, "cuisine": null, "denomination": null, "ele": null, "fee": null, "healthcare": null, "healthcare_speciality": null, "name": "Clínica Veterinaria MauVet", "name_en": null, "name_es": null, "opening_hours": null, "operator": null, "parking": null, "phone": null, "ref": null, "religion": null, "source_transform": "Reconocimiento cortográfico de campo 2016 por KG", "surface": null, "website": null, "wheelchair": "limited", "objectid": 6386247, "osm_id2": "4448525443", "centroide_x": 347001.10924014624, "centroide_y": 6299222.9202275956, "crs_original": "EPSG:4326", "fecha_normalizacion": "2025-10-10 01:59:25" }, "geometry": { "type": "Point", "coordinates": [ 347001.109240146237426, 6299222.920227595604956 ] } },
{ "type": "Feature", "properties": { "access": null, "addr_city": "Santiago", "addr_country": null, "addr_housenumber": null, "addr_postcode": null, "addr_street": "Huérfanos", "addr_unit": null, "amenity": "university", "brand": null, "building": null, "capacity": null, "cuisine": null, "denomination": null, "ele": null, "fee": null, "healthcare": null, "healthcare_speciality": null, "name": "Instituto Profesional Chileno Británico de Cultura", "name_en": null, "name_es": null, "opening_hours": null, "operator": null, "parking": null, "phone": null, "ref": null, "religion": null, "source_transform": null, "surface": null, "website": "https://www.ipbritanico.cl", "wheelchair": null, "objectid": 6388534, "osm_id2": "3011667433", "centroide_x": 347092.3109342414, "centroide_y": 6298813.0844321325, "crs_original": "EPSG:4326", "fecha_normalizacion": "2025-10-10 01:59:25" }, "geometry": { "type": "Point", "coordinates": [ 347092.310934241395444, 6298813.084432132542133 ] } },
{ "type": "Feature", "properties": { "access": null, "addr_city": "Santiago", "addr_country": null, "addr_housenumber": "620", "addr_postcode": null, "addr_street": "Miraflores", "addr_unit": null, "amenity": "cafe", "brand": null, "building": null, "capacity": null, "cuisine": null, "denomination": null, "ele": null, "fee": null, "healthcare": null, "healthcare_speciality": null, "name": "Alfajorería Vegana", "name_en": null, "name_es": null, "opening_hours": null, "operator": null, "parking": null, "phone": null, "ref": null, "religion": null, "source_transform": null, "surface": null, "website": null, "wheelchair": null, "objectid": 6386253, "osm_id2": "2412169240", "centroide_x": 346976.00075164129, "centroide_y": 6299216.4889603537, "crs_original": "EPSG:4326", "fecha_normalizacion": "2025-10-10 01:59:25" }, "geometry": { "type": "Point", "coordinates": [ 346976.000751641287934, 6299216.488960353657603 ] } },
{ "type": "Feature", "properties": { "access": null, "addr_city": "Santiago", "addr_country": "CL", "addr_housenumber": "291", "addr_postcode": null, "addr_street": "Merced", "addr_unit": null, "amenity": "cafe", "brand": null, "building": null, "capacity": null, "cuisine": null, "denomination": null, "ele": null, "fee": null, "healthcare": null, "healthcare_speciality": null, "name": "Emporio La Rosa", "name_en": null, "name_es": null, "opening_hours": null, "operator": null, "parking": null, "phone": null, "ref": null, "religion": null, "source_transform": null, "surface": null, "website": null, "wheelchair": null, "objectid": 6386379, "osm_id2": "434285929", "centroide_x": 347484.51942097605, "centroide_y": 6299067.5187944304, "crs_original": "EPSG:4326", "fecha_normalizacion": "2025-10-10 01:59:25" }, "geometry": { "type": "Point", "coordinates": [ 347484.519420976052061, 6299067.518794430419803 ] } },
{ "type": "Feature", "properties": { "access": null, "addr_city": "Santiago", "addr_country": "CL", "addr_housenumber": "337", "addr_postcode": null, "addr_street": "Merced", "addr_unit": null, "amenity": "cafe", "brand": null, "building": null, "capacity": null, "cuisine": null, "denomination": null, "ele": null, "fee": null, "healthcare": null, "healthcare_speciality": null, "name": "Abarzúa", "name_en": null, "name_es": null, "opening_hours": null, "operator": null, "parking": null, "phone": null, "ref": null, "religion": null, "source_transform": null, "surface": null, "website": null, "wheelchair": null, "objectid": 6386397, "osm_id2": "429509989", "centroide_x": 347404.48972049321, "centroide_y": 6299044.6604502071, "crs_original": "EPSG:4326", "fecha_normalizacion": "2025-10-10 01:59:25" }, "geometry": { "type": "Point", "coordinates": [ 347404.489720493205823, 6299044.660450207069516 ] } },
{ "type": "Feature", "properties": { "access": null, "addr_city": "Santiago", "addr_country": null, "addr_housenumber": null, "addr_postcode": null, "addr_street": "Merced", "addr_unit": null, "amenity": "fast_food", "brand": null, "building": null, "capacity": null, "cuisine": null, "denomination": null, "ele": null, "fee": null, "healthcare": null, "healthcare_speciality": null, "name": "Holy Moly Burger", "name_en": null, "name_es": null, "opening_hours": null, "operator": null, "parking": null, "phone": null, "ref": null, "religion": null, "source_transform": null, "surface": null, "website": null, "wheelchair": null, "objectid": 6386401, "osm_id2": "6146216700", "centroide_x": 347418.71570489532, "centroide_y": 6299025.9188790601, "crs_original": "EPSG:4326", "fecha_normalizacion": "2025-10-10 01:59:25" }, "geometry": { "type": "Point", "coordinates": [ 347418.715704895323142, 6299025.918879060074687 ] } },
{ "type": "Feature", "properties": { "access": null, "addr_city": "Santiago", "addr_country": "CL", "addr_housenumber": "640", "addr_postcode": null, "addr_street": "Agustinas", "addr_unit": null, "amenity": "cafe", "brand": "Starbucks", "building": null, "capacity": null, "cuisine": "coffee_shop", "denomination": null, "ele": null, "fee": null, "healthcare": null, "healthcare_speciality": null, "name": "Starbucks", "name_en": null, "name_es": null, "opening_hours": null, "operator": null, "parking": null, "phone": "+56 2 2437117", "ref": null, "religion": null, "source_transform": null, "surface": null, "website": null, "wheelchair": null, "objectid": 6388687, "osm_id2": "626243934", "centroide_x": 347015.01033168286, "centroide_y": 6298660.3303353181, "crs_original": "EPSG:4326", "fecha_normalizacion": "2025-10-10 01:59:25" }, "geometry": { "type": "Point", "coordinates": [ 347015.010331682860851, 6298660.330335318110883 ] } },
{ "type": "Feature", "properties": { "access": null, "addr_city": "Santiago", "addr_country": null, "addr_housenumber": null, "addr_postcode": null, "addr_street": "Moneda", "addr_unit": null, "amenity": "pharmacy", "brand": null, "building": null, "capacity": null, "cuisine": null, "denomination": null, "ele": null, "fee": null, "healthcare": "pharmacy", "healthcare_speciality": null, "name": "Hahnemann", "name_en": null, "name_es": null, "opening_hours": null, "operator": null, "parking": null, "phone": null, "ref": null, "religion": null, "source_transform": null, "surface": null, "website": null, "wheelchair": null, "objectid": 6388702, "osm_id2": "4446300348", "centroide_x": 346979.32229511108, "centroide_y": 6298562.8375389744, "crs_original": "EPSG:4326", "fecha_normalizacion": "2025-10-10 01:59:25" }, "geometry": { "type": "Point", "coordinates": [ 346979.322295111080166, 6298562.837538974359632 ] } },
{ "type": "Feature", "properties": { "access": null, "addr_city": "Santiago", "addr_country": null, "addr_housenumber": "307", "addr_postcode": null, "addr_street": "Lastarria", "addr_unit": null, "amenity": "restaurant", "brand": null, "building": null, "capacity": null, "cuisine": null, "denomination": null, "ele": null, "fee": null, "healthcare": null, "healthcare_speciality": null, "name": "Mulato", "name_en": null, "name_es": null, "opening_hours": null, "operator": null, "parking": null, "phone": null, "ref": null, "religion": null, "source_transform": null, "surface": null, "website": null, "wheelchair": null, "objectid": 6386470, "osm_id2": "1841276876", "centroide_x": 347463.80305467185, "centroide_y": 6298989.0421042982, "crs_original": "EPSG:4326", "fecha_normalizacion": "2025-10-10 01:59:25" }, "geometry": { "type": "Point", "coordinates": [ 347463.803054671850987, 6298989.042104298248887 ] } },
{ "type": "Feature", "properties": { "access": null, "addr_city": "Santiago", "addr_country": "CL", "addr_housenumber": "395", "addr_postcode": null, "addr_street": "José Victorino Lastarria", "addr_unit": null, "amenity": "restaurant", "brand": null, "building": null, "capacity": null, "cuisine": null, "denomination": null, "ele": null, "fee": null, "healthcare": null, "healthcare_speciality": null, "name": "LeFournil", "name_en": null, "name_es": null, "opening_hours": null, "operator": null, "parking": null, "phone": null, "ref": null, "religion": null, "source_transform": null, "surface": null, "website": null, "wheelchair": null, "objectid": 6386484, "osm_id2": "1494489181", "centroide_x": 347459.93640849582, "centroide_y": 6298937.6835512631, "crs_original": "EPSG:4326", "fecha_normalizacion": "2025-10-10 01:59:25" }, "geometry": { "type": "Point", "coordinates": [ 347459.936408495821524, 6298937.683551263064146 ] } },
{ "type": "Feature", "properties": { "access": null, "addr_city": "Santiago", "addr_country": null, "addr_housenumber": "282", "addr_postcode": null, "addr_street": "José Victorino Lastarria", "addr_unit": null, "amenity": "restaurant", "brand": null, "building": null, "capacity": null, "cuisine": null, "denomination": null, "ele": null, "fee": null, "healthcare": null, "healthcare_speciality": null, "name": "Chipe Libre", "name_en": null, "name_es": null, "opening_hours": null, "operator": null, "parking": null, "phone": null, "ref": null, "religion": null, "source_transform": null, "surface": null, "website": null, "wheelchair": null, "objectid": 6386513, "osm_id2": "3369421093", "centroide_x": 347438.87596563465, "centroide_y": 6298913.4270049799, "crs_original": "EPSG:4326", "fecha_normalizacion": "2025-10-10 01:59:25" }, "geometry": { "type": "Point", "coordinates": [ 347438.875965634651948, 6298913.427004979923368 ] } },
{ "type": "Feature", "properties": { "access": null, "addr_city": "Santiago", "addr_country": null, "addr_housenumber": null, "addr_postcode": null, "addr_street": null, "addr_unit": null, "amenity": "cinema", "brand": null, "building": null, "capacity": null, "cuisine": null, "denomination": null, "ele": null, "fee": null, "healthcare": null, "healthcare_speciality": null, "name": "El Biógrafo", "name_en": null, "name_es": null, "opening_hours": null, "operator": null, "parking": null, "phone": null, "ref": null, "religion": null, "source_transform": null, "surface": null, "website": "https://elbiografo.cl/", "wheelchair": "limited", "objectid": 6386524, "osm_id2": "669582512", "centroide_x": 347461.26289936458, "centroide_y": 6298896.0675440747, "crs_original": "EPSG:4326", "fecha_normalizacion": "2025-10-10 01:59:25" }, "geometry": { "type": "Point", "coordinates": [ 347461.262899364577606, 6298896.067544074729085 ] } },
{ "type": "Feature", "properties": { "access": null, "addr_city": "Santiago", "addr_country": "CL", "addr_housenumber": "346", "addr_postcode": null, "addr_street": "Rosal", "addr_unit": null, "amenity": "pub", "brand": null, "building": null, "capacity": null, "cuisine": null, "denomination": null, "ele": null, "fee": null, "healthcare": null, "healthcare_speciality": null, "name": "Café Escondido", "name_en": null, "name_es": null, "opening_hours": null, "operator": null, "parking": null, "phone": null, "ref": null, "religion": null, "source_transform": null, "surface": null, "website": null, "wheelchair": null, "objectid": 6386528, "osm_id2": "429509979", "centroide_x": 347402.53367363458, "centroide_y": 6298892.3563225828, "crs_original": "EPSG:4326", "fecha_normalizacion": "2025-10-10 01:59:25" }, "geometry": { "type": "Point", "coordinates": [ 347402.533673634578008, 6298892.356322582811117 ] } },
{ "type": "Feature", "properties": { "access": null, "addr_city": "Santiago", "addr_country": null, "addr_housenumber": "470", "addr_postcode": null, "addr_street": "Monjitas", "addr_unit": null, "amenity": "cafe", "brand": null, "building": null, "capacity": null, "cuisine": null, "denomination": null, "ele": null, "fee": null, "healthcare": null, "healthcare_speciality": null, "name": "Café Bizarre", "name_en": null, "name_es": null, "opening_hours": null, "operator": null, "parking": null, "phone": null, "ref": null, "religion": null, "source_transform": null, "surface": null, "website": null, "wheelchair": null, "objectid": 6386535, "osm_id2": "6734162787", "centroide_x": 347162.53349548916, "centroide_y": 6299093.675854858, "crs_original": "EPSG:4326", "fecha_normalizacion": "2025-10-10 01:59:25" }, "geometry": { "type": "Point", "coordinates": [ 347162.533495489158668, 6299093.675854858011007 ] } },
{ "type": "Feature", "properties": { "access": null, "addr_city": "santiago", "addr_country": null, "addr_housenumber": "74", "addr_postcode": null, "addr_street": "Constitución", "addr_unit": null, "amenity": "restaurant", "brand": null, "building": null, "capacity": null, "cuisine": "peruvian", "denomination": null, "ele": null, "fee": null, "healthcare": null, "healthcare_speciality": null, "name": "Kechua Restaurante", "name_en": null, "name_es": null, "opening_hours": "Mo-Su 12:00-00:00", "operator": null, "parking": null, "phone": null, "ref": null, "religion": null, "source_transform": null, "surface": null, "website": "http://www.kechua.cl", "wheelchair": null, "objectid": 6385247, "osm_id2": "4631136189", "centroide_x": 348039.91261221265, "centroide_y": 6299428.4622512329, "crs_original": "EPSG:4326", "fecha_normalizacion": "2025-10-10 01:59:25" }, "geometry": { "type": "Point", "coordinates": [ 348039.912612212647218, 6299428.462251232936978 ] } },
{ "type": "Feature", "properties": { "access": null, "addr_city": "Santiago", "addr_country": null, "addr_housenumber": null, "addr_postcode": null, "addr_street": "Cerro Santa Lucía", "addr_unit": null, "amenity": "marketplace", "brand": null, "building": null, "capacity": null, "cuisine": null, "denomination": null, "ele": null, "fee": null, "healthcare": null, "healthcare_speciality": null, "name": "Centro de Exposición de Arte Indígena", "name_en": null, "name_es": null, "opening_hours": null, "operator": null, "parking": null, "phone": null, "ref": null, "religion": null, "source_transform": null, "surface": null, "website": null, "wheelchair": null, "objectid": 6388723, "osm_id2": "5724080906", "centroide_x": 347160.14193613059, "centroide_y": 6298546.4783250736, "crs_original": "EPSG:4326", "fecha_normalizacion": "2025-10-10 01:59:25" }, "geometry": { "type": "Point", "coordinates": [ 347160.141936130588874, 6298546.478325073607266 ] } },
{ "type": "Feature", "properties": { "access": null, "addr_city": "Santiago", "addr_country": null, "addr_housenumber": "148", "addr_postcode": null, "addr_street": "Diagonal Paraguay", "addr_unit": null, "amenity": "restaurant", "brand": null, "building": null, "capacity": null, "cuisine": "sushi;sandwich", "denomination": null, "ele": null, "fee": null, "healthcare": null, "healthcare_speciality": null, "name": "Zenwich", "name_en": null, "name_es": null, "opening_hours": null, "operator": null, "parking": null, "phone": null, "ref": null, "religion": null, "source_transform": null, "surface": null, "website": null, "wheelchair": null, "objectid": 6388869, "osm_id2": "1691325916", "centroide_x": 347957.21816806501, "centroide_y": 6298458.9333013892, "crs_original": "EPSG:4326", "fecha_normalizacion": "2025-10-10 01:59:25" }, "geometry": { "type": "Point", "coordinates": [ 347957.218168065010104, 6298458.933301389217377 ] } },
{ "type": "Feature", "properties": { "access": null, "addr_city": "Santiago", "addr_country": "CL", "addr_housenumber": "345", "addr_postcode": null, "addr_street": "Merced", "addr_unit": null, "amenity": "cafe", "brand": null, "building": null, "capacity": null, "cuisine": "coffee_shop", "denomination": null, "ele": null, "fee": null, "healthcare": null, "healthcare_speciality": null, "name": "Bombón Oriental", "name_en": null, "name_es": null, "opening_hours": null, "operator": null, "parking": null, "phone": null, "ref": null, "religion": null, "source_transform": null, "surface": null, "website": null, "wheelchair": null, "objectid": 6386545, "osm_id2": "669579848", "centroide_x": 347339.32487737713, "centroide_y": 6299025.6299011391, "crs_original": "EPSG:4326", "fecha_normalizacion": "2025-10-10 01:59:25" }, "geometry": { "type": "Point", "coordinates": [ 347339.324877377133816, 6299025.629901139065623 ] } },
{ "type": "Feature", "properties": { "access": null, "addr_city": "Santiago", "addr_country": null, "addr_housenumber": "336", "addr_postcode": null, "addr_street": "Merced", "addr_unit": null, "amenity": "bar", "brand": null, "building": null, "capacity": null, "cuisine": "sandwich;tapas;pizza", "denomination": null, "ele": null, "fee": null, "healthcare": null, "healthcare_speciality": null, "name": "El Diablito", "name_en": null, "name_es": "El Diablito", "opening_hours": "Mo-Su 18:00-03:00", "operator": null, "parking": null, "phone": "+56226383512", "ref": null, "religion": null, "source_transform": null, "surface": null, "website": "https://www.eldiablito.cl/", "wheelchair": null, "objectid": 6386550, "osm_id2": "4400483390", "centroide_x": 347381.8824125902, "centroide_y": 6299014.1238350179, "crs_original": "EPSG:4326", "fecha_normalizacion": "2025-10-10 01:59:25" }, "geometry": { "type": "Point", "coordinates": [ 347381.882412590202875, 6299014.123835017904639 ] } },
{ "type": "Feature", "properties": { "access": null, "addr_city": "Santiago", "addr_country": null, "addr_housenumber": "336", "addr_postcode": null, "addr_street": "Merced", "addr_unit": null, "amenity": "cafe", "brand": null, "building": null, "capacity": null, "cuisine": "japanese", "denomination": null, "ele": null, "fee": null, "healthcare": null, "healthcare_speciality": null, "name": "Sakumu", "name_en": null, "name_es": null, "opening_hours": "Mo off; Tu 14:00-20:00; We-Fr 08:30-20:00; Sa-Su 09:00-20:00", "operator": null, "parking": null, "phone": null, "ref": null, "religion": null, "source_transform": null, "surface": null, "website": null, "wheelchair": null, "objectid": 6386551, "osm_id2": "6535374906", "centroide_x": 347379.56822817144, "centroide_y": 6299014.042919049, "crs_original": "EPSG:4326", "fecha_normalizacion": "2025-10-10 01:59:25" }, "geometry": { "type": "Point", "coordinates": [ 347379.568228171439841, 6299014.042919049039483 ] } },
{ "type": "Feature", "properties": { "access": null, "addr_city": "Santiago", "addr_country": null, "addr_housenumber": "411", "addr_postcode": null, "addr_street": "José Miguel de la Barra", "addr_unit": null, "amenity": "fire_station", "brand": null, "building": null, "capacity": null, "cuisine": null, "denomination": null, "ele": null, "fee": null, "healthcare": null, "healthcare_speciality": null, "name": "Primera Compañía del Cuerpo de Bomberos de Santiago", "name_en": null, "name_es": null, "opening_hours": null, "operator": null, "parking": null, "phone": null, "ref": null, "religion": null, "source_transform": null, "surface": null, "website": null, "wheelchair": null, "objectid": 6386560, "osm_id2": "3768300324", "centroide_x": 347253.68336251192, "centroide_y": 6299028.9792657038, "crs_original": "EPSG:4326", "fecha_normalizacion": "2025-10-10 01:59:25" }, "geometry": { "type": "Point", "coordinates": [ 347253.683362511917949, 6299028.979265703819692 ] } },
{ "type": "Feature", "properties": { "access": null, "addr_city": "santiago", "addr_country": null, "addr_housenumber": "30 local 94", "addr_postcode": null, "addr_street": "Constitucion", "addr_unit": null, "amenity": "restaurant", "brand": null, "building": null, "capacity": "300", "cuisine": "chilena_gourmet", "denomination": null, "ele": null, "fee": null, "healthcare": null, "healthcare_speciality": null, "name": "Barrica94", "name_en": null, "name_es": null, "opening_hours": "12:00-02:00", "operator": null, "parking": null, "phone": "02 2732 4940", "ref": null, "religion": null, "source_transform": null, "surface": null, "website": "https://www.barrica94.cl/", "wheelchair": "yes", "objectid": 6385303, "osm_id2": "2425963771", "centroide_x": 348026.11806215142, "centroide_y": 6299374.8739780784, "crs_original": "EPSG:4326", "fecha_normalizacion": "2025-10-10 01:59:25" }, "geometry": { "type": "Point", "coordinates": [ 348026.118062151421327, 6299374.873978078365326 ] } },
{ "type": "Feature", "properties": { "access": null, "addr_city": "Santiago", "addr_country": null, "addr_housenumber": "426", "addr_postcode": null, "addr_street": "José Miguel de la Barra", "addr_unit": null, "amenity": "cafe", "brand": null, "building": null, "capacity": null, "cuisine": null, "denomination": null, "ele": null, "fee": null, "healthcare": null, "healthcare_speciality": null, "name": "Tomodachi", "name_en": null, "name_es": null, "opening_hours": null, "operator": null, "parking": null, "phone": "+56226332226", "ref": null, "religion": null, "source_transform": null, "surface": null, "website": null, "wheelchair": null, "objectid": 6386568, "osm_id2": "5122932722", "centroide_x": 347216.91928517196, "centroide_y": 6299005.1727340557, "crs_original": "EPSG:4326", "fecha_normalizacion": "2025-10-10 01:59:25" }, "geometry": { "type": "Point", "coordinates": [ 347216.91928517195629, 6299005.172734055668116 ] } },
{ "type": "Feature", "properties": { "access": null, "addr_city": "Santiago", "addr_country": null, "addr_housenumber": "432", "addr_postcode": null, "addr_street": "José Miguel de la Barra", "addr_unit": null, "amenity": "cafe", "brand": null, "building": null, "capacity": null, "cuisine": null, "denomination": null, "ele": null, "fee": null, "healthcare": null, "healthcare_speciality": null, "name": "Bocado Coffee Market", "name_en": null, "name_es": null, "opening_hours": null, "operator": null, "parking": null, "phone": null, "ref": null, "religion": null, "source_transform": null, "surface": null, "website": null, "wheelchair": null, "objectid": 6386569, "osm_id2": "1276936942", "centroide_x": 347215.58239636797, "centroide_y": 6299016.2096904218, "crs_original": "EPSG:4326", "fecha_normalizacion": "2025-10-10 01:59:25" }, "geometry": { "type": "Point", "coordinates": [ 347215.582396367972251, 6299016.209690421819687 ] } },
{ "type": "Feature", "properties": { "access": null, "addr_city": "Santiago", "addr_country": null, "addr_housenumber": "186", "addr_postcode": null, "addr_street": "Diagonal Paraguay", "addr_unit": null, "amenity": "cafe", "brand": null, "building": null, "capacity": null, "cuisine": null, "denomination": null, "ele": null, "fee": null, "healthcare": null, "healthcare_speciality": null, "name": "La Yoyita", "name_en": null, "name_es": null, "opening_hours": null, "operator": null, "parking": null, "phone": null, "ref": null, "religion": null, "source_transform": null, "surface": null, "website": null, "wheelchair": null, "objectid": 6388871, "osm_id2": "4581948435", "centroide_x": 347917.87507875543, "centroide_y": 6298445.4259276865, "crs_original": "EPSG:4326", "fecha_normalizacion": "2025-10-10 01:59:25" }, "geometry": { "type": "Point", "coordinates": [ 347917.875078755430877, 6298445.42592768650502 ] } },
{ "type": "Feature", "properties": { "access": null, "addr_city": "Santiago", "addr_country": null, "addr_housenumber": null, "addr_postcode": null, "addr_street": "José Miguel de la Barra", "addr_unit": null, "amenity": "internet_cafe", "brand": null, "building": null, "capacity": null, "cuisine": null, "denomination": null, "ele": null, "fee": null, "healthcare": null, "healthcare_speciality": null, "name": "Revelación", "name_en": null, "name_es": null, "opening_hours": null, "operator": null, "parking": null, "phone": null, "ref": null, "religion": null, "source_transform": "Reconocimiento cortográfico de campo 2016 por KG", "surface": null, "website": null, "wheelchair": null, "objectid": 6386570, "osm_id2": "4444297397", "centroide_x": 347218.35785879567, "centroide_y": 6298987.7043915186, "crs_original": "EPSG:4326", "fecha_normalizacion": "2025-10-10 01:59:25" }, "geometry": { "type": "Point", "coordinates": [ 347218.357858795672655, 6298987.704391518607736 ] } },
{ "type": "Feature", "properties": { "access": null, "addr_city": "Santiago", "addr_country": null, "addr_housenumber": "478", "addr_postcode": null, "addr_street": "Monjitas", "addr_unit": null, "amenity": "restaurant", "brand": null, "building": null, "capacity": null, "cuisine": "regional", "denomination": null, "ele": null, "fee": null, "healthcare": null, "healthcare_speciality": null, "name": "Suburbia", "name_en": null, "name_es": null, "opening_hours": null, "operator": null, "parking": null, "phone": null, "ref": null, "religion": null, "source_transform": null, "surface": null, "website": null, "wheelchair": null, "objectid": 6386572, "osm_id2": "1276936944", "centroide_x": 347158.11242269567, "centroide_y": 6299093.3397360649, "crs_original": "EPSG:4326", "fecha_normalizacion": "2025-10-10 01:59:25" }, "geometry": { "type": "Point", "coordinates": [ 347158.112422695674468, 6299093.339736064895988 ] } },
{ "type": "Feature", "properties": { "access": null, "addr_city": "Santiago", "addr_country": null, "addr_housenumber": "473", "addr_postcode": null, "addr_street": "Miraflores", "addr_unit": null, "amenity": "fast_food", "brand": null, "building": null, "capacity": null, "cuisine": null, "denomination": null, "ele": null, "fee": null, "healthcare": null, "healthcare_speciality": null, "name": "Todo Rico", "name_en": null, "name_es": null, "opening_hours": null, "operator": null, "parking": null, "phone": null, "ref": null, "religion": null, "source_transform": null, "surface": null, "website": null, "wheelchair": null, "objectid": 6386615, "osm_id2": "890541181", "centroide_x": 347025.5012992447, "centroide_y": 6299044.9237538725, "crs_original": "EPSG:4326", "fecha_normalizacion": "2025-10-10 01:59:25" }, "geometry": { "type": "Point", "coordinates": [ 347025.501299244700931, 6299044.923753872513771 ] } },
{ "type": "Feature", "properties": { "access": null, "addr_city": "Santiago", "addr_country": null, "addr_housenumber": "565", "addr_postcode": null, "addr_street": "Merced", "addr_unit": null, "amenity": "restaurant", "brand": null, "building": null, "capacity": null, "cuisine": "indian", "denomination": null, "ele": null, "fee": null, "healthcare": null, "healthcare_speciality": null, "name": "New Horizon", "name_en": null, "name_es": null, "opening_hours": null, "operator": null, "parking": null, "phone": "+56226321622", "ref": null, "religion": null, "source_transform": null, "surface": null, "website": null, "wheelchair": null, "objectid": 6386664, "osm_id2": "4755241725", "centroide_x": 347075.36268172087, "centroide_y": 6298967.385663962, "crs_original": "EPSG:4326", "fecha_normalizacion": "2025-10-10 01:59:25" }, "geometry": { "type": "Point", "coordinates": [ 347075.362681720871478, 6298967.385663961991668 ] } },
{ "type": "Feature", "properties": { "access": null, "addr_city": "Santiago", "addr_country": null, "addr_housenumber": null, "addr_postcode": null, "addr_street": "Merced", "addr_unit": null, "amenity": "cafe", "brand": "Starbucks", "building": null, "capacity": null, "cuisine": "coffee_shop", "denomination": null, "ele": null, "fee": null, "healthcare": null, "healthcare_speciality": null, "name": "Starbucks", "name_en": null, "name_es": null, "opening_hours": null, "operator": null, "parking": null, "phone": null, "ref": null, "religion": null, "source_transform": null, "surface": null, "website": null, "wheelchair": null, "objectid": 6386679, "osm_id2": "5113231824", "centroide_x": 347015.32648730959, "centroide_y": 6298959.2703139856, "crs_original": "EPSG:4326", "fecha_normalizacion": "2025-10-10 01:59:25" }, "geometry": { "type": "Point", "coordinates": [ 347015.326487309590448, 6298959.270313985645771 ] } },
{ "type": "Feature", "properties": { "access": null, "addr_city": "Santiago", "addr_country": null, "addr_housenumber": "383", "addr_postcode": null, "addr_street": "Miraflores", "addr_unit": null, "amenity": "courthouse", "brand": null, "building": null, "capacity": null, "cuisine": null, "denomination": null, "ele": null, "fee": null, "healthcare": null, "healthcare_speciality": null, "name": "Fiscalía Regional Metropolitana Occidente", "name_en": null, "name_es": null, "opening_hours": null, "operator": null, "parking": null, "phone": null, "ref": null, "religion": null, "source_transform": null, "surface": null, "website": null, "wheelchair": null, "objectid": 6386687, "osm_id2": "6046299009", "centroide_x": 347063.26649800228, "centroide_y": 6298937.8908173833, "crs_original": "EPSG:4326", "fecha_normalizacion": "2025-10-10 01:59:25" }, "geometry": { "type": "Point", "coordinates": [ 347063.266498002281878, 6298937.890817383304238 ] } },
{ "type": "Feature", "properties": { "access": null, "addr_city": "Santiago", "addr_country": null, "addr_housenumber": "614", "addr_postcode": null, "addr_street": "Merced", "addr_unit": null, "amenity": "post_office", "brand": "Chilexpress", "building": null, "capacity": null, "cuisine": null, "denomination": null, "ele": null, "fee": null, "healthcare": null, "healthcare_speciality": null, "name": "Chilexpress", "name_en": null, "name_es": null, "opening_hours": null, "operator": null, "parking": null, "phone": null, "ref": null, "religion": null, "source_transform": "Reconocimiento cortográfico de campo 2016 por KG", "surface": null, "website": "https://www.chilexpress.cl/", "wheelchair": null, "objectid": 6386694, "osm_id2": "3895624411", "centroide_x": 347002.25673079502, "centroide_y": 6298937.2466841862, "crs_original": "EPSG:4326", "fecha_normalizacion": "2025-10-10 01:59:25" }, "geometry": { "type": "Point", "coordinates": [ 347002.256730795023032, 6298937.246684186160564 ] } },
{ "type": "Feature", "properties": { "access": null, "addr_city": "santiago", "addr_country": null, "addr_housenumber": "544", "addr_postcode": null, "addr_street": "Root", "addr_unit": null, "amenity": "restaurant", "brand": null, "building": null, "capacity": null, "cuisine": "Sushi_y_Comida_Peruana._También_Menús_diarios", "denomination": null, "ele": null, "fee": null, "healthcare": null, "healthcare_speciality": null, "name": "Kusi", "name_en": null, "name_es": null, "opening_hours": null, "operator": null, "parking": null, "phone": null, "ref": null, "religion": null, "source_transform": null, "surface": null, "website": "http://www.kusirestaurant.cl/", "wheelchair": null, "objectid": 6395479, "osm_id2": "3663926982", "centroide_x": 347299.08762015542, "centroide_y": 6297931.3848538622, "crs_original": "EPSG:4326", "fecha_normalizacion": "2025-10-10 01:59:25" }, "geometry": { "type": "Point", "coordinates": [ 347299.087620155420154, 6297931.384853862226009 ] } },
{ "type": "Feature", "properties": { "access": null, "addr_city": "Santiago", "addr_country": null, "addr_housenumber": "244", "addr_postcode": null, "addr_street": "Antonia López de Bello", "addr_unit": null, "amenity": "restaurant", "brand": null, "building": null, "capacity": null, "cuisine": "korean", "denomination": null, "ele": null, "fee": null, "healthcare": null, "healthcare_speciality": null, "name": "Sukine", "name_en": null, "name_es": null, "opening_hours": null, "operator": null, "parking": null, "phone": null, "ref": null, "religion": null, "source_transform": null, "surface": null, "website": null, "wheelchair": null, "objectid": 6385465, "osm_id2": "4205258217", "centroide_x": 347272.61608371558, "centroide_y": 6299635.6653296612, "crs_original": "EPSG:4326", "fecha_normalizacion": "2025-10-10 01:59:25" }, "geometry": { "type": "Point", "coordinates": [ 347272.616083715576679, 6299635.665329661220312 ] } },
{ "type": "Feature", "properties": { "access": null, "addr_city": "Santiago", "addr_country": null, "addr_housenumber": "111", "addr_postcode": null, "addr_street": "Loreto", "addr_unit": null, "amenity": "fast_food", "brand": null, "building": null, "capacity": null, "cuisine": null, "denomination": null, "ele": null, "fee": null, "healthcare": null, "healthcare_speciality": null, "name": "The King of Sandwich", "name_en": null, "name_es": "The King of Sandwich", "opening_hours": null, "operator": null, "parking": null, "phone": null, "ref": null, "religion": null, "source_transform": null, "surface": null, "website": null, "wheelchair": null, "objectid": 6385498, "osm_id2": "4785119524", "centroide_x": 347339.6084168267, "centroide_y": 6299578.7049005562, "crs_original": "EPSG:4326", "fecha_normalizacion": "2025-10-10 01:59:25" }, "geometry": { "type": "Point", "coordinates": [ 347339.608416826697066, 6299578.704900556243956 ] } },
{ "type": "Feature", "properties": { "access": null, "addr_city": "Santiago", "addr_country": null, "addr_housenumber": "939", "addr_postcode": null, "addr_street": "Avenida Santa Rosa", "addr_unit": null, "amenity": "restaurant", "brand": null, "building": null, "capacity": null, "cuisine": null, "denomination": null, "ele": null, "fee": null, "healthcare": null, "healthcare_speciality": null, "name": "El Rincón del Pollo", "name_en": null, "name_es": null, "opening_hours": null, "operator": null, "parking": null, "phone": null, "ref": null, "religion": null, "source_transform": "Reconocimiento cartográfico 2016 por KG.", "surface": null, "website": null, "wheelchair": null, "objectid": 6397884, "osm_id2": "4466584228", "centroide_x": 347236.31436341279, "centroide_y": 6296913.4778005034, "crs_original": "EPSG:4326", "fecha_normalizacion": "2025-10-10 01:59:25" }, "geometry": { "type": "Point", "coordinates": [ 347236.314363412791863, 6296913.477800503373146 ] } },
{ "type": "Feature", "properties": { "access": null, "addr_city": "Santiago", "addr_country": null, "addr_housenumber": "732", "addr_postcode": null, "addr_street": "Tarapacá", "addr_unit": null, "amenity": "kindergarten", "brand": null, "building": null, "capacity": null, "cuisine": null, "denomination": null, "ele": null, "fee": null, "healthcare": null, "healthcare_speciality": null, "name": "Vitamina Tarapacá", "name_en": null, "name_es": null, "opening_hours": null, "operator": null, "parking": null, "phone": null, "ref": null, "religion": null, "source_transform": null, "surface": null, "website": null, "wheelchair": null, "objectid": 6395494, "osm_id2": "3568203993", "centroide_x": 347025.66560986423, "centroide_y": 6297998.5980873955, "crs_original": "EPSG:4326", "fecha_normalizacion": "2025-10-10 01:59:25" }, "geometry": { "type": "Point", "coordinates": [ 347025.665609864227008, 6297998.59808739554137 ] } },
{ "type": "Feature", "properties": { "access": null, "addr_city": "Santiago", "addr_country": null, "addr_housenumber": null, "addr_postcode": null, "addr_street": "Manuel Antonio Tocomal", "addr_unit": null, "amenity": "restaurant", "brand": null, "building": null, "capacity": null, "cuisine": null, "denomination": null, "ele": null, "fee": null, "healthcare": null, "healthcare_speciality": null, "name": "Labana", "name_en": null, "name_es": null, "opening_hours": null, "operator": null, "parking": null, "phone": null, "ref": null, "religion": null, "source_transform": null, "surface": null, "website": "http://www.labana.cl", "wheelchair": null, "objectid": 6395548, "osm_id2": "5827477085", "centroide_x": 347539.78057296504, "centroide_y": 6297796.1786713935, "crs_original": "EPSG:4326", "fecha_normalizacion": "2025-10-10 01:59:25" }, "geometry": { "type": "Point", "coordinates": [ 347539.780572965042666, 6297796.178671393543482 ] } },
{ "type": "Feature", "properties": { "access": null, "addr_city": "Santiago", "addr_country": null, "addr_housenumber": null, "addr_postcode": null, "addr_street": "Manuel Antonio Tocornal", "addr_unit": null, "amenity": "restaurant", "brand": null, "building": null, "capacity": null, "cuisine": "sushi", "denomination": null, "ele": null, "fee": null, "healthcare": null, "healthcare_speciality": null, "name": "Sushi Adrià", "name_en": null, "name_es": null, "opening_hours": "Mo-Th 12:00-23:00; Fr-Sa 12:00-00:00; Su 09:00-18:00", "operator": null, "parking": null, "phone": "+56226355896", "ref": null, "religion": null, "source_transform": null, "surface": null, "website": "https://www.adria.cl/", "wheelchair": null, "objectid": 6395551, "osm_id2": "3663941035", "centroide_x": 347542.89413554169, "centroide_y": 6297788.0091112647, "crs_original": "EPSG:4326", "fecha_normalizacion": "2025-10-10 01:59:25" }, "geometry": { "type": "Point", "coordinates": [ 347542.894135541690048, 6297788.009111264720559 ] } },
{ "type": "Feature", "properties": { "access": null, "addr_city": "Santiago", "addr_country": null, "addr_housenumber": "106", "addr_postcode": null, "addr_street": "Loreto", "addr_unit": null, "amenity": "restaurant", "brand": null, "building": null, "capacity": null, "cuisine": "mediterranean", "denomination": null, "ele": null, "fee": null, "healthcare": null, "healthcare_speciality": null, "name": "Rincón Arabesco", "name_en": null, "name_es": null, "opening_hours": null, "operator": null, "parking": null, "phone": null, "ref": null, "religion": null, "source_transform": "Reconocimiento cortográfico de campo 2016 por KG", "surface": null, "website": null, "wheelchair": null, "objectid": 6385502, "osm_id2": "4205247423", "centroide_x": 347312.09769996873, "centroide_y": 6299559.4371704822, "crs_original": "EPSG:4326", "fecha_normalizacion": "2025-10-10 01:59:25" }, "geometry": { "type": "Point", "coordinates": [ 347312.097699968726374, 6299559.437170482240617 ] } },
{ "type": "Feature", "properties": { "access": null, "addr_city": "Santiago", "addr_country": null, "addr_housenumber": "469", "addr_postcode": null, "addr_street": "Manuel Antonio Tocornal", "addr_unit": null, "amenity": "veterinary", "brand": null, "building": null, "capacity": null, "cuisine": null, "denomination": null, "ele": null, "fee": null, "healthcare": null, "healthcare_speciality": null, "name": "SaludAnimal", "name_en": null, "name_es": null, "opening_hours": null, "operator": null, "parking": null, "phone": null, "ref": null, "religion": null, "source_transform": null, "surface": null, "website": null, "wheelchair": null, "objectid": 6395581, "osm_id2": "7619065566", "centroide_x": 347518.69425905403, "centroide_y": 6297715.4111895151, "crs_original": "EPSG:4326", "fecha_normalizacion": "2025-10-10 01:59:25" }, "geometry": { "type": "Point", "coordinates": [ 347518.694259054027498, 6297715.411189515143633 ] } },
{ "type": "Feature", "properties": { "access": null, "addr_city": "Santiago", "addr_country": null, "addr_housenumber": "453", "addr_postcode": null, "addr_street": "Santa Isabel", "addr_unit": null, "amenity": "internet_cafe", "brand": null, "building": null, "capacity": null, "cuisine": null, "denomination": null, "ele": null, "fee": null, "healthcare": null, "healthcare_speciality": null, "name": "Tocornal", "name_en": null, "name_es": null, "opening_hours": null, "operator": null, "parking": null, "phone": null, "ref": null, "religion": null, "source_transform": null, "surface": null, "website": null, "wheelchair": null, "objectid": 6395586, "osm_id2": "7619065568", "centroide_x": 347522.8484606627, "centroide_y": 6297691.9742339868, "crs_original": "EPSG:4326", "fecha_normalizacion": "2025-10-10 01:59:25" }, "geometry": { "type": "Point", "coordinates": [ 347522.848460662702564, 6297691.97423398680985 ] } },
{ "type": "Feature", "properties": { "access": null, "addr_city": "Santiago", "addr_country": null, "addr_housenumber": "330", "addr_postcode": null, "addr_street": "San Isidro", "addr_unit": null, "amenity": "police", "brand": null, "building": null, "capacity": null, "cuisine": null, "denomination": null, "ele": null, "fee": null, "healthcare": null, "healthcare_speciality": null, "name": "28 Comisaría Fuerzas Especiales", "name_en": null, "name_es": null, "opening_hours": null, "operator": "Carabineros de Chile", "parking": null, "phone": null, "ref": null, "religion": null, "source_transform": null, "surface": null, "website": null, "wheelchair": null, "objectid": 6395613, "osm_id2": "3700536556", "centroide_x": 347298.72908397426, "centroide_y": 6297775.8557747565, "crs_original": "EPSG:4326", "fecha_normalizacion": "2025-10-10 01:59:25" }, "geometry": { "type": "Point", "coordinates": [ 347298.729083974263631, 6297775.855774756520987 ] } },
{ "type": "Feature", "properties": { "access": null, "addr_city": "Santiago", "addr_country": null, "addr_housenumber": "330", "addr_postcode": null, "addr_street": "San Isidro", "addr_unit": null, "amenity": "police", "brand": null, "building": null, "capacity": null, "cuisine": null, "denomination": null, "ele": null, "fee": null, "healthcare": null, "healthcare_speciality": null, "name": "Prefectura Fuerzas Especiales", "name_en": null, "name_es": null, "opening_hours": null, "operator": "Carabineros de Chile", "parking": null, "phone": null, "ref": null, "religion": null, "source_transform": null, "surface": null, "website": null, "wheelchair": null, "objectid": 6395614, "osm_id2": "2188728364", "centroide_x": 347290.14392527996, "centroide_y": 6297810.1698862696, "crs_original": "EPSG:4326", "fecha_normalizacion": "2025-10-10 01:59:25" }, "geometry": { "type": "Point", "coordinates": [ 347290.143925279960968, 6297810.16988626960665 ] } },
{ "type": "Feature", "properties": { "access": null, "addr_city": "Santiago", "addr_country": null, "addr_housenumber": null, "addr_postcode": null, "addr_street": null, "addr_unit": null, "amenity": "police", "brand": null, "building": null, "capacity": null, "cuisine": null, "denomination": null, "ele": null, "fee": null, "healthcare": null, "healthcare_speciality": null, "name": "29 Comisaría Fuerzas Especiales", "name_en": null, "name_es": null, "opening_hours": null, "operator": "Carabineros de Chile", "parking": null, "phone": null, "ref": null, "religion": null, "source_transform": null, "surface": null, "website": null, "wheelchair": null, "objectid": 6395615, "osm_id2": "3902495689", "centroide_x": 347294.35014041327, "centroide_y": 6297794.0651474241, "crs_original": "EPSG:4326", "fecha_normalizacion": "2025-10-10 01:59:25" }, "geometry": { "type": "Point", "coordinates": [ 347294.350140413269401, 6297794.065147424116731 ] } },
{ "type": "Feature", "properties": { "access": null, "addr_city": "Santiago", "addr_country": null, "addr_housenumber": "469", "addr_postcode": null, "addr_street": "San Isidro", "addr_unit": null, "amenity": "restaurant", "brand": null, "building": null, "capacity": null, "cuisine": null, "denomination": null, "ele": null, "fee": null, "healthcare": null, "healthcare_speciality": null, "name": "El Taita Peruano", "name_en": null, "name_es": null, "opening_hours": null, "operator": null, "parking": null, "phone": null, "ref": null, "religion": null, "source_transform": null, "surface": null, "website": null, "wheelchair": null, "objectid": 6395644, "osm_id2": "5220189233", "centroide_x": 347271.17276072898, "centroide_y": 6297621.0501672486, "crs_original": "EPSG:4326", "fecha_normalizacion": "2025-10-10 01:59:25" }, "geometry": { "type": "Point", "coordinates": [ 347271.172760728979483, 6297621.05016724858433 ] } },
{ "type": "Feature", "properties": { "access": null, "addr_city": "Santiago", "addr_country": null, "addr_housenumber": "12", "addr_postcode": null, "addr_street": "Avenida Santa Rosa", "addr_unit": null, "amenity": "dentist", "brand": null, "building": null, "capacity": null, "cuisine": null, "denomination": null, "ele": null, "fee": null, "healthcare": "dentist", "healthcare_speciality": null, "name": "Uno Salud Dental", "name_en": null, "name_es": null, "opening_hours": "Mo-Fr 08:30-21:00; Sa 09:00-14:00", "operator": null, "parking": null, "phone": null, "ref": null, "religion": null, "source_transform": null, "surface": null, "website": null, "wheelchair": null, "objectid": 6389339, "osm_id2": "4457198690", "centroide_x": 347011.33492888662, "centroide_y": 6298349.8463400668, "crs_original": "EPSG:4326", "fecha_normalizacion": "2025-10-10 01:59:25" }, "geometry": { "type": "Point", "coordinates": [ 347011.334928886615671, 6298349.846340066753328 ] } },
{ "type": "Feature", "properties": { "access": null, "addr_city": "Santiago", "addr_country": null, "addr_housenumber": "42", "addr_postcode": null, "addr_street": "San Isidro", "addr_unit": null, "amenity": "kindergarten", "brand": null, "building": null, "capacity": null, "cuisine": null, "denomination": null, "ele": null, "fee": null, "healthcare": null, "healthcare_speciality": null, "name": "Creando Mi Mundo", "name_en": null, "name_es": null, "opening_hours": null, "operator": null, "parking": null, "phone": null, "ref": null, "religion": null, "source_transform": null, "surface": null, "website": null, "wheelchair": null, "objectid": 6389359, "osm_id2": "3565421393", "centroide_x": 347153.45954305562, "centroide_y": 6298332.3312038966, "crs_original": "EPSG:4326", "fecha_normalizacion": "2025-10-10 01:59:25" }, "geometry": { "type": "Point", "coordinates": [ 347153.459543055621907, 6298332.331203896552324 ] } },
{ "type": "Feature", "properties": { "access": null, "addr_city": "Santiago", "addr_country": "CL", "addr_housenumber": "431", "addr_postcode": null, "addr_street": "Blas Cañas", "addr_unit": null, "amenity": "prison", "brand": null, "building": null, "capacity": null, "cuisine": null, "denomination": null, "ele": null, "fee": null, "healthcare": null, "healthcare_speciality": null, "name": "CRAMR", "name_en": null, "name_es": null, "opening_hours": null, "operator": null, "parking": null, "phone": null, "ref": null, "religion": null, "source_transform": null, "surface": null, "website": null, "wheelchair": null, "objectid": 6389414, "osm_id2": "4453748867", "centroide_x": 347479.94603365968, "centroide_y": 6298222.7065200061, "crs_original": "EPSG:4326", "fecha_normalizacion": "2025-10-10 01:59:25" }, "geometry": { "type": "Point", "coordinates": [ 347479.946033659682143, 6298222.7065200060606 ] } },
{ "type": "Feature", "properties": { "access": null, "addr_city": "Santiago", "addr_country": null, "addr_housenumber": "712", "addr_postcode": null, "addr_street": "París", "addr_unit": null, "amenity": "kindergarten", "brand": null, "building": null, "capacity": null, "cuisine": null, "denomination": null, "ele": null, "fee": null, "healthcare": null, "healthcare_speciality": null, "name": "Walung", "name_en": null, "name_es": null, "opening_hours": null, "operator": null, "parking": null, "phone": null, "ref": null, "religion": null, "source_transform": null, "surface": null, "website": null, "wheelchair": null, "objectid": 6389489, "osm_id2": "3568204541", "centroide_x": 346993.48040454282, "centroide_y": 6298214.3262133449, "crs_original": "EPSG:4326", "fecha_normalizacion": "2025-10-10 01:59:25" }, "geometry": { "type": "Point", "coordinates": [ 346993.480404542817269, 6298214.326213344931602 ] } },
{ "type": "Feature", "properties": { "access": null, "addr_city": "Santiago", "addr_country": null, "addr_housenumber": "612", "addr_postcode": null, "addr_street": "Padre Alonso Ovalle", "addr_unit": null, "amenity": "kindergarten", "brand": null, "building": null, "capacity": null, "cuisine": null, "denomination": null, "ele": null, "fee": null, "healthcare": null, "healthcare_speciality": null, "name": "Grace Garden", "name_en": null, "name_es": null, "opening_hours": null, "operator": null, "parking": null, "phone": null, "ref": null, "religion": null, "source_transform": null, "surface": null, "website": null, "wheelchair": null, "objectid": 6389499, "osm_id2": "3567936364", "centroide_x": 347139.78961944871, "centroide_y": 6298157.8803403471, "crs_original": "EPSG:4326", "fecha_normalizacion": "2025-10-10 01:59:25" }, "geometry": { "type": "Point", "coordinates": [ 347139.789619448711164, 6298157.880340347066522 ] } },
{ "type": "Feature", "properties": { "access": null, "addr_city": "Santiago", "addr_country": null, "addr_housenumber": null, "addr_postcode": null, "addr_street": "Carmen", "addr_unit": null, "amenity": "place_of_worship", "brand": null, "building": null, "capacity": null, "cuisine": null, "denomination": "catholic", "ele": null, "fee": null, "healthcare": null, "healthcare_speciality": null, "name": "Iglesia Dulce Nombre de María", "name_en": null, "name_es": null, "opening_hours": null, "operator": null, "parking": null, "phone": null, "ref": null, "religion": "christian", "source_transform": null, "surface": null, "website": null, "wheelchair": null, "objectid": 6389518, "osm_id2": "1957080428", "centroide_x": 347330.65420208999, "centroide_y": 6298086.120492721, "crs_original": "EPSG:4326", "fecha_normalizacion": "2025-10-10 01:59:25" }, "geometry": { "type": "Point", "coordinates": [ 347330.654202089994214, 6298086.120492720976472 ] } },
{ "type": "Feature", "properties": { "access": null, "addr_city": "Santiago", "addr_country": null, "addr_housenumber": "182", "addr_postcode": null, "addr_street": "San Isidro", "addr_unit": null, "amenity": "restaurant", "brand": null, "building": null, "capacity": null, "cuisine": "pizza", "denomination": null, "ele": null, "fee": null, "healthcare": null, "healthcare_speciality": null, "name": "Milanos Pizza", "name_en": null, "name_es": null, "opening_hours": null, "operator": null, "parking": null, "phone": null, "ref": null, "religion": null, "source_transform": null, "surface": null, "website": null, "wheelchair": null, "objectid": 6389530, "osm_id2": "5220189243", "centroide_x": 347182.48586585582, "centroide_y": 6298110.9405414425, "crs_original": "EPSG:4326", "fecha_normalizacion": "2025-10-10 01:59:25" }, "geometry": { "type": "Point", "coordinates": [ 347182.48586585582234, 6298110.940541442483664 ] } },
{ "type": "Feature", "properties": { "access": null, "addr_city": "Santiago", "addr_country": null, "addr_housenumber": "383", "addr_postcode": null, "addr_street": "Miraflores", "addr_unit": null, "amenity": "courthouse", "brand": null, "building": null, "capacity": null, "cuisine": null, "denomination": null, "ele": null, "fee": null, "healthcare": null, "healthcare_speciality": null, "name": "Fiscalía de Alta Complejidad Occidente", "name_en": null, "name_es": null, "opening_hours": null, "operator": null, "parking": null, "phone": null, "ref": null, "religion": null, "source_transform": null, "surface": null, "website": null, "wheelchair": null, "objectid": 6386699, "osm_id2": "6046346953", "centroide_x": 347059.43164919538, "centroide_y": 6298912.2755732695, "crs_original": "EPSG:4326", "fecha_normalizacion": "2025-10-10 01:59:25" }, "geometry": { "type": "Point", "coordinates": [ 347059.431649195379578, 6298912.275573269464076 ] } },
{ "type": "Feature", "properties": { "access": null, "addr_city": "Santiago", "addr_country": "CL", "addr_housenumber": "1173", "addr_postcode": null, "addr_street": "Artemio Gutiérrez", "addr_unit": null, "amenity": "clinic", "brand": null, "building": null, "capacity": null, "cuisine": null, "denomination": null, "ele": null, "fee": null, "healthcare": "clinic", "healthcare_speciality": null, "name": "Policlínico Genchi", "name_en": null, "name_es": null, "opening_hours": null, "operator": null, "parking": null, "phone": null, "ref": null, "religion": null, "source_transform": null, "surface": null, "website": null, "wheelchair": null, "objectid": 6398166, "osm_id2": "4653643475", "centroide_x": 347795.07529795635, "centroide_y": 6296699.9194545746, "crs_original": "EPSG:4326", "fecha_normalizacion": "2025-10-10 01:59:25" }, "geometry": { "type": "Point", "coordinates": [ 347795.075297956354916, 6296699.919454574584961 ] } },
{ "type": "Feature", "properties": { "access": null, "addr_city": "Santiago", "addr_country": null, "addr_housenumber": "690", "addr_postcode": null, "addr_street": "Avenida Manuel Antonio Matta", "addr_unit": null, "amenity": "school", "brand": null, "building": null, "capacity": null, "cuisine": null, "denomination": null, "ele": null, "fee": null, "healthcare": null, "healthcare_speciality": null, "name": "Instituto Comercial Particular Arturo Prat", "name_en": null, "name_es": null, "opening_hours": null, "operator": "3", "parking": null, "phone": null, "ref": null, "religion": null, "source_transform": "Gobierno Regional Metropolitano de Santiago (http://www.gobiernosantiago.cl/)", "surface": null, "website": null, "wheelchair": null, "objectid": 6398246, "osm_id2": "906429344", "centroide_x": 347335.22299403528, "centroide_y": 6296670.7872685753, "crs_original": "EPSG:4326", "fecha_normalizacion": "2025-10-10 01:59:25" }, "geometry": { "type": "Point", "coordinates": [ 347335.222994035284501, 6296670.787268575280905 ] } },
{ "type": "Feature", "properties": { "access": null, "addr_city": "Santiago", "addr_country": null, "addr_housenumber": "692", "addr_postcode": null, "addr_street": "Avenida Manuel Antonio Matta", "addr_unit": null, "amenity": "pharmacy", "brand": null, "building": null, "capacity": null, "cuisine": null, "denomination": null, "ele": null, "fee": null, "healthcare": "pharmacy", "healthcare_speciality": null, "name": "Farmacia Nobel", "name_en": null, "name_es": null, "opening_hours": null, "operator": null, "parking": null, "phone": "+56 2 25 561 159", "ref": null, "religion": null, "source_transform": "Reconocimiento cortográfico de campo 2016 por KG", "surface": null, "website": null, "wheelchair": null, "objectid": 6398250, "osm_id2": "4457101115", "centroide_x": 347301.56823272782, "centroide_y": 6296667.2825817, "crs_original": "EPSG:4326", "fecha_normalizacion": "2025-10-10 01:59:25" }, "geometry": { "type": "Point", "coordinates": [ 347301.568232727819122, 6296667.282581700012088 ] } },
{ "type": "Feature", "properties": { "access": null, "addr_city": "Santiago", "addr_country": null, "addr_housenumber": "474", "addr_postcode": null, "addr_street": "Avenida Santa Rosa", "addr_unit": null, "amenity": "restaurant", "brand": null, "building": null, "capacity": null, "cuisine": null, "denomination": null, "ele": null, "fee": null, "healthcare": null, "healthcare_speciality": null, "name": "Rocoto", "name_en": null, "name_es": null, "opening_hours": null, "operator": null, "parking": null, "phone": null, "ref": null, "religion": null, "source_transform": "Reconocimiento cartográfico 2016 por KG.", "surface": null, "website": null, "wheelchair": null, "objectid": 6396104, "osm_id2": "4465561575", "centroide_x": 347165.68674887193, "centroide_y": 6297596.0008724593, "crs_original": "EPSG:4326", "fecha_normalizacion": "2025-10-10 01:59:25" }, "geometry": { "type": "Point", "coordinates": [ 347165.686748871929012, 6297596.000872459262609 ] } },
{ "type": "Feature", "properties": { "access": null, "addr_city": "Santiago", "addr_country": null, "addr_housenumber": "629", "addr_postcode": null, "addr_street": "Avenida Santa Rosa", "addr_unit": null, "amenity": "school", "brand": null, "building": null, "capacity": null, "cuisine": null, "denomination": null, "ele": null, "fee": null, "healthcare": null, "healthcare_speciality": null, "name": "Colegio Santa Maria de Santiago", "name_en": null, "name_es": null, "opening_hours": null, "operator": "3", "parking": null, "phone": null, "ref": null, "religion": null, "source_transform": "Gobierno Regional Metropolitano de Santiago (http://www.gobiernosantiago.cl/)", "surface": null, "website": null, "wheelchair": null, "objectid": 6396131, "osm_id2": "906430347", "centroide_x": 347210.98114764161, "centroide_y": 6297395.2534180842, "crs_original": "EPSG:4326", "fecha_normalizacion": "2025-10-10 01:59:25" }, "geometry": { "type": "Point", "coordinates": [ 347210.981147641607095, 6297395.253418084233999 ] } },
{ "type": "Feature", "properties": { "access": null, "addr_city": "Santiago", "addr_country": "CL", "addr_housenumber": "1945", "addr_postcode": null, "addr_street": "Carmen", "addr_unit": null, "amenity": "kindergarten", "brand": null, "building": null, "capacity": null, "cuisine": null, "denomination": null, "ele": null, "fee": null, "healthcare": null, "healthcare_speciality": null, "name": "Escuela de Párvulos My Little Garden", "name_en": null, "name_es": null, "opening_hours": null, "operator": "4", "parking": null, "phone": null, "ref": null, "religion": null, "source_transform": "Gobierno Regional Metropolitano de Santiago (http://www.gobiernosantiago.cl/)", "surface": null, "website": null, "wheelchair": null, "objectid": 6409720, "osm_id2": "906426539", "centroide_x": 347946.41655793623, "centroide_y": 6295355.0012872554, "crs_original": "EPSG:4326", "fecha_normalizacion": "2025-10-10 01:59:25" }, "geometry": { "type": "Point", "coordinates": [ 347946.416557936230674, 6295355.001287255436182 ] } },
{ "type": "Feature", "properties": { "access": null, "addr_city": "Santiago", "addr_country": "CL", "addr_housenumber": "2042", "addr_postcode": null, "addr_street": "Eduardo Matte", "addr_unit": null, "amenity": "school", "brand": null, "building": null, "capacity": null, "cuisine": null, "denomination": null, "ele": null, "fee": null, "healthcare": null, "healthcare_speciality": null, "name": "Jardín Infantil Pelusita", "name_en": null, "name_es": null, "opening_hours": null, "operator": "3", "parking": null, "phone": null, "ref": null, "religion": null, "source_transform": "Gobierno Regional Metropolitano de Santiago (http://www.gobiernosantiago.cl/)", "surface": null, "website": null, "wheelchair": null, "objectid": 6410102, "osm_id2": "906426652", "centroide_x": 347748.34996703663, "centroide_y": 6295192.2623115182, "crs_original": "EPSG:4326", "fecha_normalizacion": "2025-10-10 01:59:25" }, "geometry": { "type": "Point", "coordinates": [ 347748.349967036629096, 6295192.262311518192291 ] } },
{ "type": "Feature", "properties": { "access": null, "addr_city": "Santiago", "addr_country": null, "addr_housenumber": "1310", "addr_postcode": null, "addr_street": "Chiloé", "addr_unit": null, "amenity": "kindergarten", "brand": null, "building": null, "capacity": null, "cuisine": null, "denomination": null, "ele": null, "fee": null, "healthcare": null, "healthcare_speciality": null, "name": "Jardín Infantil Hogar Santa Bernardita", "name_en": null, "name_es": null, "opening_hours": null, "operator": null, "parking": null, "phone": null, "ref": null, "religion": null, "source_transform": null, "surface": null, "website": null, "wheelchair": null, "objectid": 6407989, "osm_id2": "3671187435", "centroide_x": 347058.55770795414, "centroide_y": 6296313.4909525979, "crs_original": "EPSG:4326", "fecha_normalizacion": "2025-10-10 01:59:25" }, "geometry": { "type": "Point", "coordinates": [ 347058.557707954139914, 6296313.490952597931027 ] } },
{ "type": "Feature", "properties": { "access": null, "addr_city": "Santiago", "addr_country": null, "addr_housenumber": "536", "addr_postcode": null, "addr_street": "Pedro Lagos", "addr_unit": null, "amenity": "school", "brand": null, "building": null, "capacity": null, "cuisine": null, "denomination": null, "ele": null, "fee": null, "healthcare": null, "healthcare_speciality": null, "name": "Escuela Básica N°43 Patronato San Antonio", "name_en": null, "name_es": null, "opening_hours": null, "operator": "3", "parking": null, "phone": null, "ref": null, "religion": null, "source_transform": "Gobierno Regional Metropolitano de Santiago (http://www.gobiernosantiago.cl/)", "surface": null, "website": null, "wheelchair": null, "objectid": 6408091, "osm_id2": "906431389", "centroide_x": 347778.54700337921, "centroide_y": 6296042.4169967808, "crs_original": "EPSG:4326", "fecha_normalizacion": "2025-10-10 01:59:25" }, "geometry": { "type": "Point", "coordinates": [ 347778.547003379208036, 6296042.416996780782938 ] } },
{ "type": "Feature", "properties": { "access": null, "addr_city": "Santiago", "addr_country": null, "addr_housenumber": "698", "addr_postcode": null, "addr_street": "Avenida Santa Rosa", "addr_unit": null, "amenity": "cafe", "brand": null, "building": null, "capacity": null, "cuisine": null, "denomination": null, "ele": null, "fee": null, "healthcare": null, "healthcare_speciality": null, "name": "Restaurant Cafe Ceua", "name_en": null, "name_es": null, "opening_hours": null, "operator": null, "parking": null, "phone": null, "ref": null, "religion": null, "source_transform": "Reconocimiento cartográfico 2016 por KG.", "surface": null, "website": null, "wheelchair": null, "objectid": 6396295, "osm_id2": "4465365888", "centroide_x": 347219.82126286137, "centroide_y": 6297242.5649100728, "crs_original": "EPSG:4326", "fecha_normalizacion": "2025-10-10 01:59:25" }, "geometry": { "type": "Point", "coordinates": [ 347219.821262861369178, 6297242.5649100728333 ] } },
{ "type": "Feature", "properties": { "access": null, "addr_city": "Santiago", "addr_country": null, "addr_housenumber": "1775", "addr_postcode": null, "addr_street": "Santiago Concha", "addr_unit": null, "amenity": "school", "brand": null, "building": null, "capacity": null, "cuisine": null, "denomination": null, "ele": null, "fee": null, "healthcare": null, "healthcare_speciality": null, "name": "Colegio Santa Isabel", "name_en": null, "name_es": null, "opening_hours": null, "operator": "3", "parking": null, "phone": null, "ref": null, "religion": null, "source_transform": "Gobierno Regional Metropolitano de Santiago (http://www.gobiernosantiago.cl/)", "surface": null, "website": null, "wheelchair": null, "objectid": 6408573, "osm_id2": "906426695", "centroide_x": 347768.88984092418, "centroide_y": 6295647.9879972562, "crs_original": "EPSG:4326", "fecha_normalizacion": "2025-10-10 01:59:25" }, "geometry": { "type": "Point", "coordinates": [ 347768.889840924181044, 6295647.987997256219387 ] } },
{ "type": "Feature", "properties": { "access": null, "addr_city": "Santiago", "addr_country": null, "addr_housenumber": "1650", "addr_postcode": null, "addr_street": "Juan Vicuna", "addr_unit": null, "amenity": "kindergarten", "brand": null, "building": null, "capacity": null, "cuisine": null, "denomination": null, "ele": null, "fee": null, "healthcare": null, "healthcare_speciality": null, "name": "Sor Teresita De Los Andes", "name_en": null, "name_es": null, "opening_hours": null, "operator": null, "parking": null, "phone": null, "ref": null, "religion": null, "source_transform": "Reconocimiento cartográfico por KG 2016", "surface": null, "website": null, "wheelchair": null, "objectid": 6408745, "osm_id2": "3568187393", "centroide_x": 347322.67208226514, "centroide_y": 6295683.8859072309, "crs_original": "EPSG:4326", "fecha_normalizacion": "2025-10-10 01:59:25" }, "geometry": { "type": "Point", "coordinates": [ 347322.672082265140489, 6295683.885907230898738 ] } },
{ "type": "Feature", "properties": { "access": null, "addr_city": "Santiago", "addr_country": null, "addr_housenumber": null, "addr_postcode": null, "addr_street": "Paseo Phillips", "addr_unit": null, "amenity": "restaurant", "brand": null, "building": null, "capacity": null, "cuisine": "coffee_shop", "denomination": null, "ele": null, "fee": null, "healthcare": null, "healthcare_speciality": null, "name": "Cafe Curazao", "name_en": null, "name_es": null, "opening_hours": null, "operator": null, "parking": null, "phone": "+56226728606", "ref": null, "religion": null, "source_transform": null, "surface": null, "website": null, "wheelchair": null, "objectid": 6534313, "osm_id2": "3726699326", "centroide_x": 346684.00747586321, "centroide_y": 6298970.0683702128, "crs_original": "EPSG:4326", "fecha_normalizacion": "2025-10-10 01:59:25" }, "geometry": { "type": "Point", "coordinates": [ 346684.007475863210857, 6298970.068370212800801 ] } },
{ "type": "Feature", "properties": { "access": null, "addr_city": "Santiago", "addr_country": null, "addr_housenumber": "84", "addr_postcode": null, "addr_street": "Phillips", "addr_unit": null, "amenity": "kindergarten", "brand": null, "building": null, "capacity": null, "cuisine": null, "denomination": null, "ele": null, "fee": null, "healthcare": null, "healthcare_speciality": null, "name": "Jardín Infantil Maternal", "name_en": null, "name_es": null, "opening_hours": null, "operator": null, "parking": null, "phone": null, "ref": null, "religion": null, "source_transform": null, "surface": null, "website": null, "wheelchair": null, "objectid": 6534373, "osm_id2": "3567966886", "centroide_x": 346703.52453115722, "centroide_y": 6298922.1082785558, "crs_original": "EPSG:4326", "fecha_normalizacion": "2025-10-10 01:59:25" }, "geometry": { "type": "Point", "coordinates": [ 346703.524531157221645, 6298922.10827855579555 ] } },
{ "type": "Feature", "properties": { "access": null, "addr_city": "Santiago", "addr_country": "CL", "addr_housenumber": "315", "addr_postcode": null, "addr_street": "Paseo Ahumada", "addr_unit": null, "amenity": "pharmacy", "brand": "SalcoBrand", "building": null, "capacity": null, "cuisine": null, "denomination": null, "ele": null, "fee": null, "healthcare": "pharmacy", "healthcare_speciality": null, "name": "SalcoBrand", "name_en": null, "name_es": null, "opening_hours": null, "operator": null, "parking": null, "phone": "+5624202580", "ref": null, "religion": null, "source_transform": null, "surface": null, "website": null, "wheelchair": null, "objectid": 6534447, "osm_id2": "867952129", "centroide_x": 346536.94164097938, "centroide_y": 6298872.3698919173, "crs_original": "EPSG:4326", "fecha_normalizacion": "2025-10-10 01:59:25" }, "geometry": { "type": "Point", "coordinates": [ 346536.941640979377553, 6298872.369891917333007 ] } },
{ "type": "Feature", "properties": { "access": null, "addr_city": "Santiago", "addr_country": null, "addr_housenumber": "557", "addr_postcode": null, "addr_street": "Puente", "addr_unit": null, "amenity": "bank", "brand": "Banco Falabella", "building": null, "capacity": null, "cuisine": null, "denomination": null, "ele": null, "fee": null, "healthcare": null, "healthcare_speciality": null, "name": "Banco Falabella", "name_en": "Falabella Bank", "name_es": "Banco Falabella", "opening_hours": null, "operator": null, "parking": null, "phone": null, "ref": null, "religion": null, "source_transform": null, "surface": null, "website": null, "wheelchair": null, "objectid": 6534448, "osm_id2": "2864662301", "centroide_x": 346506.16133747553, "centroide_y": 6299077.8929444719, "crs_original": "EPSG:4326", "fecha_normalizacion": "2025-10-10 01:59:25" }, "geometry": { "type": "Point", "coordinates": [ 346506.161337475525215, 6299077.892944471910596 ] } },
{ "type": "Feature", "properties": { "access": null, "addr_city": "Santiago", "addr_country": null, "addr_housenumber": "625", "addr_postcode": null, "addr_street": "Puente", "addr_unit": null, "amenity": "post_office", "brand": "Chilexpress", "building": null, "capacity": null, "cuisine": null, "denomination": null, "ele": null, "fee": null, "healthcare": null, "healthcare_speciality": null, "name": "Chilexpress", "name_en": null, "name_es": null, "opening_hours": null, "operator": "Chilexpress", "parking": null, "phone": null, "ref": null, "religion": null, "source_transform": null, "surface": null, "website": "https://www.chilexpress.cl/", "wheelchair": null, "objectid": 6534449, "osm_id2": "3895668494", "centroide_x": 346507.32166637108, "centroide_y": 6299067.4853640888, "crs_original": "EPSG:4326", "fecha_normalizacion": "2025-10-10 01:59:25" }, "geometry": { "type": "Point", "coordinates": [ 346507.321666371077299, 6299067.485364088788629 ] } },
{ "type": "Feature", "properties": { "access": null, "addr_city": "Santiago", "addr_country": null, "addr_housenumber": "1180", "addr_postcode": null, "addr_street": "Santo Domingo", "addr_unit": null, "amenity": "police", "brand": null, "building": null, "capacity": null, "cuisine": null, "denomination": null, "ele": null, "fee": null, "healthcare": null, "healthcare_speciality": null, "name": "32 Comisaría del Tránsito", "name_en": null, "name_es": null, "opening_hours": null, "operator": "Carabineros de Chile", "parking": null, "phone": null, "ref": null, "religion": null, "source_transform": null, "surface": null, "website": null, "wheelchair": null, "objectid": 6534476, "osm_id2": "3700537110", "centroide_x": 346259.02155727136, "centroide_y": 6299077.036389255, "crs_original": "EPSG:4326", "fecha_normalizacion": "2025-10-10 01:59:25" }, "geometry": { "type": "Point", "coordinates": [ 346259.021557271364145, 6299077.036389254964888 ] } },
{ "type": "Feature", "properties": { "access": null, "addr_city": "Santiago", "addr_country": null, "addr_housenumber": "2750", "addr_postcode": null, "addr_street": "Yungay", "addr_unit": null, "amenity": "kindergarten", "brand": null, "building": null, "capacity": null, "cuisine": null, "denomination": null, "ele": null, "fee": null, "healthcare": null, "healthcare_speciality": null, "name": "Parque De Los Reyes", "name_en": null, "name_es": null, "opening_hours": null, "operator": null, "parking": null, "phone": null, "ref": null, "religion": null, "source_transform": null, "surface": null, "website": null, "wheelchair": null, "objectid": 6525352, "osm_id2": "3568006442", "centroide_x": 344275.78425338364, "centroide_y": 6299904.474736711, "crs_original": "EPSG:4326", "fecha_normalizacion": "2025-10-10 01:59:25" }, "geometry": { "type": "Point", "coordinates": [ 344275.784253383637406, 6299904.474736711010337 ] } },
{ "type": "Feature", "properties": { "access": null, "addr_city": "Santiago", "addr_country": "CL", "addr_housenumber": null, "addr_postcode": null, "addr_street": "Morande 538", "addr_unit": null, "amenity": "restaurant", "brand": null, "building": null, "capacity": null, "cuisine": null, "denomination": null, "ele": null, "fee": null, "healthcare": null, "healthcare_speciality": null, "name": "La Casona del Centro", "name_en": null, "name_es": null, "opening_hours": null, "operator": null, "parking": null, "phone": null, "ref": null, "religion": null, "source_transform": null, "surface": null, "website": null, "wheelchair": null, "objectid": 6534478, "osm_id2": "1288475717", "centroide_x": 346231.1238821483, "centroide_y": 6299009.2564851511, "crs_original": "EPSG:4326", "fecha_normalizacion": "2025-10-10 01:59:25" }, "geometry": { "type": "Point", "coordinates": [ 346231.123882148298435, 6299009.256485151126981 ] } },
{ "type": "Feature", "properties": { "access": null, "addr_city": "Santiago", "addr_country": null, "addr_housenumber": null, "addr_postcode": null, "addr_street": "Compañía de Jesús", "addr_unit": null, "amenity": "restaurant", "brand": null, "building": null, "capacity": null, "cuisine": null, "denomination": null, "ele": null, "fee": null, "healthcare": null, "healthcare_speciality": null, "name": "City Bar Restaurant", "name_en": null, "name_es": null, "opening_hours": null, "operator": null, "parking": null, "phone": null, "ref": null, "religion": null, "source_transform": "Reconocimiento cartográfico 2016 por KG.", "surface": null, "website": null, "wheelchair": null, "objectid": 6534511, "osm_id2": "4446277272", "centroide_x": 346443.40256263694, "centroide_y": 6298884.7037432492, "crs_original": "EPSG:4326", "fecha_normalizacion": "2025-10-10 01:59:25" }, "geometry": { "type": "Point", "coordinates": [ 346443.402562636940274, 6298884.703743249177933 ] } },
{ "type": "Feature", "properties": { "access": null, "addr_city": "Santiago", "addr_country": null, "addr_housenumber": null, "addr_postcode": null, "addr_street": "Bandera", "addr_unit": null, "amenity": "cafe", "brand": "Starbucks", "building": null, "capacity": null, "cuisine": "coffee_shop", "denomination": null, "ele": null, "fee": null, "healthcare": null, "healthcare_speciality": null, "name": "Starbucks", "name_en": null, "name_es": null, "opening_hours": null, "operator": null, "parking": null, "phone": null, "ref": null, "religion": null, "source_transform": null, "surface": null, "website": null, "wheelchair": null, "objectid": 6534515, "osm_id2": "4446277267", "centroide_x": 346401.99222146493, "centroide_y": 6298877.224342579, "crs_original": "EPSG:4326", "fecha_normalizacion": "2025-10-10 01:59:25" }, "geometry": { "type": "Point", "coordinates": [ 346401.992221464926843, 6298877.22434257902205 ] } },
{ "type": "Feature", "properties": { "access": null, "addr_city": "Santiago", "addr_country": null, "addr_housenumber": "1175", "addr_postcode": null, "addr_street": "Compañia", "addr_unit": null, "amenity": "library", "brand": null, "building": null, "capacity": null, "cuisine": null, "denomination": null, "ele": null, "fee": null, "healthcare": null, "healthcare_speciality": null, "name": "Biblioteca del Congreso Nacional", "name_en": null, "name_es": null, "opening_hours": null, "operator": "Congreso Nacional de Chile", "parking": null, "phone": "+5622701700", "ref": null, "religion": null, "source_transform": null, "surface": null, "website": "https://www.bcn.cl/", "wheelchair": null, "objectid": 6534534, "osm_id2": "1251193349", "centroide_x": 346313.45003608987, "centroide_y": 6298870.0378270242, "crs_original": "EPSG:4326", "fecha_normalizacion": "2025-10-10 01:59:25" }, "geometry": { "type": "Point", "coordinates": [ 346313.450036089867353, 6298870.037827024236321 ] } },
{ "type": "Feature", "properties": { "access": null, "addr_city": "Santiago", "addr_country": null, "addr_housenumber": "717", "addr_postcode": null, "addr_street": "Anibal Letelier", "addr_unit": null, "amenity": "kindergarten", "brand": null, "building": null, "capacity": null, "cuisine": null, "denomination": null, "ele": null, "fee": null, "healthcare": null, "healthcare_speciality": null, "name": "Jardín Infantil Cuncunita", "name_en": null, "name_es": null, "opening_hours": null, "operator": null, "parking": null, "phone": null, "ref": null, "religion": null, "source_transform": null, "surface": null, "website": null, "wheelchair": null, "objectid": 6534547, "osm_id2": "3565422993", "centroide_x": 345885.86852949066, "centroide_y": 6299231.8296877891, "crs_original": "EPSG:4326", "fecha_normalizacion": "2025-10-10 01:59:25" }, "geometry": { "type": "Point", "coordinates": [ 345885.868529490660876, 6299231.829687789082527 ] } },
{ "type": "Feature", "properties": { "access": null, "addr_city": "Santiago", "addr_country": null, "addr_housenumber": "1741", "addr_postcode": null, "addr_street": "Rosas", "addr_unit": null, "amenity": "school", "brand": null, "building": null, "capacity": null, "cuisine": null, "denomination": null, "ele": null, "fee": null, "healthcare": null, "healthcare_speciality": null, "name": "Escuela Básica Libertadores De Chile", "name_en": null, "name_es": null, "opening_hours": null, "operator": "2", "parking": null, "phone": null, "ref": null, "religion": null, "source_transform": null, "surface": null, "website": null, "wheelchair": null, "objectid": 6534627, "osm_id2": "906435048", "centroide_x": 345498.90657733439, "centroide_y": 6299168.8069771109, "crs_original": "EPSG:4326", "fecha_normalizacion": "2025-10-10 01:59:25" }, "geometry": { "type": "Point", "coordinates": [ 345498.906577334390022, 6299168.806977110914886 ] } },
{ "type": "Feature", "properties": { "access": null, "addr_city": "Santiago", "addr_country": null, "addr_housenumber": null, "addr_postcode": null, "addr_street": null, "addr_unit": null, "amenity": "police", "brand": null, "building": null, "capacity": null, "cuisine": null, "denomination": null, "ele": null, "fee": null, "healthcare": null, "healthcare_speciality": null, "name": "Mutualidad de Carabineros", "name_en": null, "name_es": null, "opening_hours": null, "operator": "Carabineros de Chile", "parking": null, "phone": null, "ref": null, "religion": null, "source_transform": null, "surface": null, "website": null, "wheelchair": null, "objectid": 6534707, "osm_id2": "3902495242", "centroide_x": 345989.70417413476, "centroide_y": 6298954.7349022394, "crs_original": "EPSG:4326", "fecha_normalizacion": "2025-10-10 01:59:25" }, "geometry": { "type": "Point", "coordinates": [ 345989.704174134763889, 6298954.734902239404619 ] } },
{ "type": "Feature", "properties": { "access": null, "addr_city": "Santiago", "addr_country": null, "addr_housenumber": "1437", "addr_postcode": null, "addr_street": "Catedral", "addr_unit": null, "amenity": "courthouse", "brand": null, "building": null, "capacity": null, "cuisine": null, "denomination": null, "ele": null, "fee": null, "healthcare": null, "healthcare_speciality": null, "name": "Fiscalía Nacional", "name_en": null, "name_es": null, "opening_hours": null, "operator": null, "parking": null, "phone": null, "ref": null, "religion": null, "source_transform": null, "surface": null, "website": null, "wheelchair": null, "objectid": 6534713, "osm_id2": "6047091050", "centroide_x": 345932.06819322018, "centroide_y": 6298940.1737079676, "crs_original": "EPSG:4326", "fecha_normalizacion": "2025-10-10 01:59:25" }, "geometry": { "type": "Point", "coordinates": [ 345932.068193220184185, 6298940.173707967624068 ] } },
{ "type": "Feature", "properties": { "access": null, "addr_city": "Santiago", "addr_country": null, "addr_housenumber": "1481", "addr_postcode": null, "addr_street": "Catedral", "addr_unit": null, "amenity": "post_office", "brand": "Chilexpress", "building": null, "capacity": null, "cuisine": null, "denomination": null, "ele": null, "fee": null, "healthcare": null, "healthcare_speciality": null, "name": "Chilexpress", "name_en": null, "name_es": null, "opening_hours": null, "operator": null, "parking": null, "phone": null, "ref": null, "religion": null, "source_transform": null, "surface": null, "website": "https://www.chilexpress.cl/", "wheelchair": null, "objectid": 6534720, "osm_id2": "3895604725", "centroide_x": 345883.65764960973, "centroide_y": 6298933.1460649595, "crs_original": "EPSG:4326", "fecha_normalizacion": "2025-10-10 01:59:25" }, "geometry": { "type": "Point", "coordinates": [ 345883.657649609725922, 6298933.146064959466457 ] } },
{ "type": "Feature", "properties": { "access": null, "addr_city": "Santiago", "addr_country": null, "addr_housenumber": "1811", "addr_postcode": null, "addr_street": "Santo Domingo", "addr_unit": null, "amenity": "school", "brand": null, "building": null, "capacity": null, "cuisine": null, "denomination": null, "ele": null, "fee": null, "healthcare": null, "healthcare_speciality": null, "name": "Liceo Industrial A-20 Eliodoro García Zegers", "name_en": null, "name_es": null, "opening_hours": null, "operator": "2", "parking": null, "phone": null, "ref": null, "religion": null, "source_transform": null, "surface": null, "website": null, "wheelchair": null, "objectid": 6534769, "osm_id2": "5066471098", "centroide_x": 345420.63140082429, "centroide_y": 6299021.3252786193, "crs_original": "EPSG:4326", "fecha_normalizacion": "2025-10-10 01:59:25" }, "geometry": { "type": "Point", "coordinates": [ 345420.631400824291632, 6299021.325278619304299 ] } },
{ "type": "Feature", "properties": { "access": null, "addr_city": "Santiago", "addr_country": null, "addr_housenumber": "2006", "addr_postcode": null, "addr_street": "Santo Domingo", "addr_unit": null, "amenity": "kindergarten", "brand": null, "building": null, "capacity": null, "cuisine": null, "denomination": null, "ele": null, "fee": null, "healthcare": null, "healthcare_speciality": null, "name": "Poeta Vicente Huidobro", "name_en": null, "name_es": null, "opening_hours": null, "operator": null, "parking": null, "phone": null, "ref": null, "religion": null, "source_transform": null, "surface": null, "website": null, "wheelchair": null, "objectid": 6534783, "osm_id2": "3568017277", "centroide_x": 345259.54764884373, "centroide_y": 6298973.3274709284, "crs_original": "EPSG:4326", "fecha_normalizacion": "2025-10-10 01:59:25" }, "geometry": { "type": "Point", "coordinates": [ 345259.547648843727075, 6298973.327470928430557 ] } },
{ "type": "Feature", "properties": { "access": null, "addr_city": "Santiago", "addr_country": null, "addr_housenumber": "2005", "addr_postcode": null, "addr_street": "Santo Domingo", "addr_unit": null, "amenity": "kindergarten", "brand": null, "building": null, "capacity": null, "cuisine": null, "denomination": null, "ele": null, "fee": null, "healthcare": null, "healthcare_speciality": null, "name": "Claudio Arrau", "name_en": null, "name_es": null, "opening_hours": null, "operator": null, "parking": null, "phone": null, "ref": null, "religion": null, "source_transform": null, "surface": null, "website": null, "wheelchair": null, "objectid": 6534803, "osm_id2": "3565419393", "centroide_x": 345298.1268318186, "centroide_y": 6298956.0879010595, "crs_original": "EPSG:4326", "fecha_normalizacion": "2025-10-10 01:59:25" }, "geometry": { "type": "Point", "coordinates": [ 345298.126831818604842, 6298956.087901059538126 ] } },
{ "type": "Feature", "properties": { "access": null, "addr_city": "Santiago", "addr_country": null, "addr_housenumber": "520", "addr_postcode": null, "addr_street": "Almirante Barroso", "addr_unit": null, "amenity": "kindergarten", "brand": null, "building": null, "capacity": null, "cuisine": null, "denomination": null, "ele": null, "fee": null, "healthcare": null, "healthcare_speciality": null, "name": "Sala Cuna y Jardin Infantil O'Clock", "name_en": null, "name_es": null, "opening_hours": null, "operator": null, "parking": null, "phone": null, "ref": null, "religion": null, "source_transform": null, "surface": null, "website": "http://www.salacunayjardinoclock.cl/", "wheelchair": null, "objectid": 6534807, "osm_id2": "5265801848", "centroide_x": 345453.70439171244, "centroide_y": 6298884.9521348858, "crs_original": "EPSG:4326", "fecha_normalizacion": "2025-10-10 01:59:25" }, "geometry": { "type": "Point", "coordinates": [ 345453.704391712439246, 6298884.952134885825217 ] } },
{ "type": "Feature", "properties": { "access": null, "addr_city": "Santiago", "addr_country": null, "addr_housenumber": "2341", "addr_postcode": null, "addr_street": "Mapocho", "addr_unit": null, "amenity": "school", "brand": null, "building": null, "capacity": null, "cuisine": null, "denomination": null, "ele": null, "fee": null, "healthcare": null, "healthcare_speciality": null, "name": "Colegio Nuestra Senora De Andacollo", "name_en": null, "name_es": null, "opening_hours": null, "operator": "3", "parking": null, "phone": null, "ref": null, "religion": null, "source_transform": "Gobierno Regional Metropolitano de Santiago (http://www.gobiernosantiago.cl/)", "surface": null, "website": null, "wheelchair": null, "objectid": 6534982, "osm_id2": "906414048", "centroide_x": 344750.43812725588, "centroide_y": 6299579.9193474706, "crs_original": "EPSG:4326", "fecha_normalizacion": "2025-10-10 01:59:25" }, "geometry": { "type": "Point", "coordinates": [ 344750.438127255882137, 6299579.919347470626235 ] } },
{ "type": "Feature", "properties": { "access": null, "addr_city": "Santiago", "addr_country": null, "addr_housenumber": null, "addr_postcode": null, "addr_street": "Moneda", "addr_unit": null, "amenity": "cafe", "brand": null, "building": null, "capacity": null, "cuisine": "ice_cream", "denomination": null, "ele": null, "fee": null, "healthcare": null, "healthcare_speciality": null, "name": "Gelato's Cafe", "name_en": null, "name_es": null, "opening_hours": null, "operator": null, "parking": null, "phone": null, "ref": null, "religion": null, "source_transform": "Reconocimiento cartográfico 2016 por KG.", "surface": null, "website": null, "wheelchair": null, "objectid": 6536636, "osm_id2": "4446305075", "centroide_x": 346659.03044018662, "centroide_y": 6298521.2354341373, "crs_original": "EPSG:4326", "fecha_normalizacion": "2025-10-10 01:59:25" }, "geometry": { "type": "Point", "coordinates": [ 346659.030440186616033, 6298521.235434137284756 ] } },
{ "type": "Feature", "properties": { "access": null, "addr_city": "Santiago", "addr_country": null, "addr_housenumber": null, "addr_postcode": null, "addr_street": "Moneda", "addr_unit": null, "amenity": "bank", "brand": null, "building": null, "capacity": null, "cuisine": null, "denomination": null, "ele": null, "fee": null, "healthcare": null, "healthcare_speciality": null, "name": "Banefe", "name_en": null, "name_es": null, "opening_hours": null, "operator": null, "parking": null, "phone": null, "ref": null, "religion": null, "source_transform": "Reconocimiento cartográfico 2016 por KG.", "surface": null, "website": null, "wheelchair": null, "objectid": 6536642, "osm_id2": "4446226613", "centroide_x": 346656.19397737703, "centroide_y": 6298501.3368359581, "crs_original": "EPSG:4326", "fecha_normalizacion": "2025-10-10 01:59:25" }, "geometry": { "type": "Point", "coordinates": [ 346656.193977377028205, 6298501.336835958063602 ] } },
{ "type": "Feature", "properties": { "access": null, "addr_city": "Santiago", "addr_country": null, "addr_housenumber": null, "addr_postcode": null, "addr_street": "Moneda", "addr_unit": null, "amenity": "bank", "brand": "Scotiabank", "building": null, "capacity": null, "cuisine": null, "denomination": null, "ele": null, "fee": null, "healthcare": null, "healthcare_speciality": null, "name": "Scotiabank", "name_en": null, "name_es": null, "opening_hours": null, "operator": null, "parking": null, "phone": null, "ref": null, "religion": null, "source_transform": "Reconocimiento cartográfico 2016 por KG.", "surface": null, "website": null, "wheelchair": null, "objectid": 6536645, "osm_id2": "4446912770", "centroide_x": 346624.61108151521, "centroide_y": 6298520.3896141304, "crs_original": "EPSG:4326", "fecha_normalizacion": "2025-10-10 01:59:25" }, "geometry": { "type": "Point", "coordinates": [ 346624.611081515206024, 6298520.389614130370319 ] } },
{ "type": "Feature", "properties": { "access": null, "addr_city": "Santiago", "addr_country": null, "addr_housenumber": "101", "addr_postcode": null, "addr_street": "Paseo Ahumada", "addr_unit": null, "amenity": "pharmacy", "brand": "SalcoBrand", "building": null, "capacity": null, "cuisine": null, "denomination": null, "ele": null, "fee": null, "healthcare": "pharmacy", "healthcare_speciality": null, "name": "SalcoBrand", "name_en": null, "name_es": null, "opening_hours": null, "operator": null, "parking": null, "phone": null, "ref": null, "religion": null, "source_transform": null, "surface": null, "website": null, "wheelchair": null, "objectid": 6536650, "osm_id2": "1721061650", "centroide_x": 346576.63948260283, "centroide_y": 6298510.4331339905, "crs_original": "EPSG:4326", "fecha_normalizacion": "2025-10-10 01:59:25" }, "geometry": { "type": "Point", "coordinates": [ 346576.63948260282632, 6298510.433133990503848 ] } },
{ "type": "Feature", "properties": { "access": null, "addr_city": "Santiago", "addr_country": null, "addr_housenumber": null, "addr_postcode": null, "addr_street": null, "addr_unit": null, "amenity": "pharmacy", "brand": null, "building": null, "capacity": null, "cuisine": null, "denomination": null, "ele": null, "fee": null, "healthcare": "pharmacy", "healthcare_speciality": null, "name": "Farmacia del Doctor Ahorro", "name_en": null, "name_es": null, "opening_hours": null, "operator": null, "parking": null, "phone": null, "ref": null, "religion": null, "source_transform": null, "surface": null, "website": null, "wheelchair": null, "objectid": 6536673, "osm_id2": "1754033579", "centroide_x": 346625.98765861552, "centroide_y": 6298494.5906323101, "crs_original": "EPSG:4326", "fecha_normalizacion": "2025-10-10 01:59:25" }, "geometry": { "type": "Point", "coordinates": [ 346625.987658615515102, 6298494.590632310137153 ] } },
{ "type": "Feature", "properties": { "access": null, "addr_city": "Santiago", "addr_country": null, "addr_housenumber": null, "addr_postcode": null, "addr_street": null, "addr_unit": null, "amenity": "bank", "brand": "Banco Estado", "building": null, "capacity": null, "cuisine": null, "denomination": null, "ele": null, "fee": null, "healthcare": null, "healthcare_speciality": null, "name": "Banco Estado", "name_en": "State Bank", "name_es": "Banco Estado", "opening_hours": null, "operator": null, "parking": null, "phone": null, "ref": null, "religion": null, "source_transform": null, "surface": null, "website": null, "wheelchair": null, "objectid": 6536683, "osm_id2": "1754035370", "centroide_x": 346550.1479280169, "centroide_y": 6298488.1734108236, "crs_original": "EPSG:4326", "fecha_normalizacion": "2025-10-10 01:59:25" }, "geometry": { "type": "Point", "coordinates": [ 346550.147928016900551, 6298488.173410823568702 ] } },
{ "type": "Feature", "properties": { "access": null, "addr_city": "Santiago", "addr_country": null, "addr_housenumber": "54", "addr_postcode": null, "addr_street": null, "addr_unit": null, "amenity": "restaurant", "brand": null, "building": null, "capacity": null, "cuisine": "local", "denomination": null, "ele": null, "fee": null, "healthcare": null, "healthcare_speciality": null, "name": "Bar Nacional", "name_en": null, "name_es": null, "opening_hours": null, "operator": null, "parking": null, "phone": null, "ref": null, "religion": null, "source_transform": null, "surface": null, "website": null, "wheelchair": null, "objectid": 6536688, "osm_id2": "7206564386", "centroide_x": 346639.5682778171, "centroide_y": 6298459.7351712175, "crs_original": "EPSG:4326", "fecha_normalizacion": "2025-10-10 01:59:25" }, "geometry": { "type": "Point", "coordinates": [ 346639.56827781710308, 6298459.735171217471361 ] } },
{ "type": "Feature", "properties": { "access": null, "addr_city": "Santiago", "addr_country": null, "addr_housenumber": "52", "addr_postcode": null, "addr_street": null, "addr_unit": null, "amenity": "restaurant", "brand": null, "building": null, "capacity": null, "cuisine": null, "denomination": null, "ele": null, "fee": null, "healthcare": null, "healthcare_speciality": null, "name": "El Quijote", "name_en": null, "name_es": null, "opening_hours": "Mo-Fr 08:30-20:00", "operator": null, "parking": null, "phone": "+56222437715", "ref": null, "religion": null, "source_transform": null, "surface": null, "website": "https://www.quijoterestaurant.cl/", "wheelchair": null, "objectid": 6536691, "osm_id2": "2390536374", "centroide_x": 346541.93709702184, "centroide_y": 6298450.1325293221, "crs_original": "EPSG:4326", "fecha_normalizacion": "2025-10-10 01:59:25" }, "geometry": { "type": "Point", "coordinates": [ 346541.937097021844238, 6298450.132529322057962 ] } },
{ "type": "Feature", "properties": { "access": null, "addr_city": "Santiago", "addr_country": null, "addr_housenumber": "236", "addr_postcode": null, "addr_street": "Bandera", "addr_unit": null, "amenity": "kindergarten", "brand": null, "building": null, "capacity": null, "cuisine": null, "denomination": null, "ele": null, "fee": null, "healthcare": null, "healthcare_speciality": null, "name": "Vitamina Santander", "name_en": null, "name_es": null, "opening_hours": null, "operator": null, "parking": null, "phone": null, "ref": null, "religion": null, "source_transform": "Reconocimiento cartográfico 2016 por KG.", "surface": null, "website": null, "wheelchair": null, "objectid": 6536696, "osm_id2": "3568203193", "centroide_x": 346430.78378740104, "centroide_y": 6298638.3957657348, "crs_original": "EPSG:4326", "fecha_normalizacion": "2025-10-10 01:59:25" }, "geometry": { "type": "Point", "coordinates": [ 346430.78378740104381, 6298638.395765734836459 ] } },
{ "type": "Feature", "properties": { "access": null, "addr_city": "Santiago", "addr_country": null, "addr_housenumber": null, "addr_postcode": null, "addr_street": "Bandera", "addr_unit": null, "amenity": "restaurant", "brand": null, "building": null, "capacity": null, "cuisine": null, "denomination": null, "ele": null, "fee": null, "healthcare": null, "healthcare_speciality": null, "name": "Ciro's", "name_en": null, "name_es": null, "opening_hours": null, "operator": null, "parking": null, "phone": null, "ref": null, "religion": null, "source_transform": "Reconocimiento cartográfico 2016 por KG.", "surface": null, "website": null, "wheelchair": null, "objectid": 6536710, "osm_id2": "4446260077", "centroide_x": 346410.50696101331, "centroide_y": 6298647.5232859161, "crs_original": "EPSG:4326", "fecha_normalizacion": "2025-10-10 01:59:25" }, "geometry": { "type": "Point", "coordinates": [ 346410.506961013306864, 6298647.52328591607511 ] } },
{ "type": "Feature", "properties": { "access": null, "addr_city": "Santiago", "addr_country": null, "addr_housenumber": "200", "addr_postcode": null, "addr_street": "Bandera", "addr_unit": null, "amenity": "post_office", "brand": "Chilexpress", "building": null, "capacity": null, "cuisine": null, "denomination": null, "ele": null, "fee": null, "healthcare": null, "healthcare_speciality": null, "name": "Chilexpress", "name_en": null, "name_es": null, "opening_hours": null, "operator": null, "parking": null, "phone": null, "ref": null, "religion": null, "source_transform": "Reconocimiento cartográfico 2016 por KG.", "surface": null, "website": "https://www.chilexpress.cl/", "wheelchair": null, "objectid": 6536712, "osm_id2": "3895640088", "centroide_x": 346412.09075687558, "centroide_y": 6298621.5945626572, "crs_original": "EPSG:4326", "fecha_normalizacion": "2025-10-10 01:59:25" }, "geometry": { "type": "Point", "coordinates": [ 346412.090756875579245, 6298621.594562657177448 ] } },
{ "type": "Feature", "properties": { "access": null, "addr_city": "Santiago", "addr_country": "CL", "addr_housenumber": "1161", "addr_postcode": null, "addr_street": "Agustinas", "addr_unit": null, "amenity": "cafe", "brand": "Starbucks", "building": null, "capacity": null, "cuisine": "coffee_shop", "denomination": null, "ele": null, "fee": null, "healthcare": null, "healthcare_speciality": null, "name": "Starbucks", "name_en": null, "name_es": null, "opening_hours": null, "operator": null, "parking": null, "phone": null, "ref": null, "religion": null, "source_transform": null, "surface": null, "website": null, "wheelchair": null, "objectid": 6536721, "osm_id2": "626243823", "centroide_x": 346347.53040159756, "centroide_y": 6298611.6061475668, "crs_original": "EPSG:4326", "fecha_normalizacion": "2025-10-10 01:59:25" }, "geometry": { "type": "Point", "coordinates": [ 346347.530401597556192, 6298611.60614756681025 ] } },
{ "type": "Feature", "properties": { "access": null, "addr_city": "Santiago", "addr_country": null, "addr_housenumber": "1059", "addr_postcode": null, "addr_street": "Bombero Ossa", "addr_unit": null, "amenity": "restaurant", "brand": null, "building": null, "capacity": null, "cuisine": "regional", "denomination": null, "ele": null, "fee": null, "healthcare": null, "healthcare_speciality": null, "name": "Salvador Cocina y Café", "name_en": null, "name_es": null, "opening_hours": null, "operator": null, "parking": null, "phone": null, "ref": null, "religion": null, "source_transform": null, "surface": null, "website": null, "wheelchair": null, "objectid": 6536725, "osm_id2": "3788428365", "centroide_x": 346484.5268953116, "centroide_y": 6298580.687119225, "crs_original": "EPSG:4326", "fecha_normalizacion": "2025-10-10 01:59:25" }, "geometry": { "type": "Point", "coordinates": [ 346484.526895311602857, 6298580.687119225040078 ] } },
{ "type": "Feature", "properties": { "access": null, "addr_city": "Santiago", "addr_country": null, "addr_housenumber": "172", "addr_postcode": null, "addr_street": "Bandera", "addr_unit": null, "amenity": "bank", "brand": null, "building": null, "capacity": null, "cuisine": null, "denomination": null, "ele": null, "fee": null, "healthcare": null, "healthcare_speciality": null, "name": "Banefe", "name_en": null, "name_es": null, "opening_hours": null, "operator": null, "parking": null, "phone": null, "ref": null, "religion": null, "source_transform": "Reconocimiento cartográfico 2016 por KG.", "surface": null, "website": null, "wheelchair": null, "objectid": 6536729, "osm_id2": "4446260071", "centroide_x": 346442.18156713649, "centroide_y": 6298570.6863154862, "crs_original": "EPSG:4326", "fecha_normalizacion": "2025-10-10 01:59:25" }, "geometry": { "type": "Point", "coordinates": [ 346442.181567136489321, 6298570.686315486207604 ] } },
{ "type": "Feature", "properties": { "access": null, "addr_city": "Santiago", "addr_country": null, "addr_housenumber": null, "addr_postcode": null, "addr_street": "Bandera", "addr_unit": null, "amenity": "bank", "brand": "Santander", "building": null, "capacity": null, "cuisine": null, "denomination": null, "ele": null, "fee": null, "healthcare": null, "healthcare_speciality": null, "name": "Santander", "name_en": null, "name_es": null, "opening_hours": null, "operator": null, "parking": null, "phone": null, "ref": null, "religion": null, "source_transform": null, "surface": null, "website": null, "wheelchair": null, "objectid": 6536731, "osm_id2": "4446914641", "centroide_x": 346445.01791573421, "centroide_y": 6298557.7987335939, "crs_original": "EPSG:4326", "fecha_normalizacion": "2025-10-10 01:59:25" }, "geometry": { "type": "Point", "coordinates": [ 346445.017915734206326, 6298557.798733593896031 ] } },
{ "type": "Feature", "properties": { "access": null, "addr_city": "Santiago", "addr_country": null, "addr_housenumber": "995", "addr_postcode": null, "addr_street": "Almirante Barroso", "addr_unit": null, "amenity": "kindergarten", "brand": null, "building": null, "capacity": null, "cuisine": null, "denomination": null, "ele": null, "fee": null, "healthcare": null, "healthcare_speciality": null, "name": "Dr. Arturo Baeza", "name_en": null, "name_es": null, "opening_hours": null, "operator": null, "parking": null, "phone": null, "ref": null, "religion": null, "source_transform": null, "surface": null, "website": null, "wheelchair": null, "objectid": 6533701, "osm_id2": "3565422897", "centroide_x": 345411.67720992485, "centroide_y": 6299513.6655827817, "crs_original": "EPSG:4326", "fecha_normalizacion": "2025-10-10 01:59:25" }, "geometry": { "type": "Point", "coordinates": [ 345411.677209924848285, 6299513.665582781657577 ] } },
{ "type": "Feature", "properties": { "access": null, "addr_city": "Santiago", "addr_country": null, "addr_housenumber": "1305", "addr_postcode": null, "addr_street": "General Mackenna", "addr_unit": null, "amenity": "bank", "brand": "Banco Santander", "building": null, "capacity": null, "cuisine": null, "denomination": null, "ele": null, "fee": null, "healthcare": null, "healthcare_speciality": null, "name": "Banco Santander", "name_en": null, "name_es": null, "opening_hours": null, "operator": null, "parking": null, "phone": null, "ref": null, "religion": null, "source_transform": null, "surface": null, "website": null, "wheelchair": null, "objectid": 6533706, "osm_id2": "5111048025", "centroide_x": 346041.21269808931, "centroide_y": 6299490.5178185757, "crs_original": "EPSG:4326", "fecha_normalizacion": "2025-10-10 01:59:25" }, "geometry": { "type": "Point", "coordinates": [ 346041.212698089308105, 6299490.517818575724959 ] } },
{ "type": "Feature", "properties": { "access": null, "addr_city": "Santiago", "addr_country": null, "addr_housenumber": null, "addr_postcode": null, "addr_street": "Agustinas", "addr_unit": null, "amenity": "bureau_de_change", "brand": null, "building": null, "capacity": null, "cuisine": null, "denomination": null, "ele": null, "fee": null, "healthcare": null, "healthcare_speciality": null, "name": "Banco Central", "name_en": null, "name_es": null, "opening_hours": null, "operator": null, "parking": null, "phone": null, "ref": null, "religion": null, "source_transform": null, "surface": null, "website": null, "wheelchair": null, "objectid": 6536733, "osm_id2": "5622018634", "centroide_x": 346338.13338533405, "centroide_y": 6298580.3674279992, "crs_original": "EPSG:4326", "fecha_normalizacion": "2025-10-10 01:59:25" }, "geometry": { "type": "Point", "coordinates": [ 346338.133385334047489, 6298580.367427999153733 ] } },
{ "type": "Feature", "properties": { "access": null, "addr_city": "Santiago", "addr_country": "CL", "addr_housenumber": "168", "addr_postcode": null, "addr_street": "Bandera", "addr_unit": null, "amenity": "clinic", "brand": null, "building": null, "capacity": null, "cuisine": null, "denomination": null, "ele": null, "fee": null, "healthcare": "clinic", "healthcare_speciality": null, "name": "IntegraMédica", "name_en": null, "name_es": null, "opening_hours": null, "operator": null, "parking": null, "phone": null, "ref": null, "religion": null, "source_transform": "Reconocimiento cartográfico 2016 por KG.", "surface": null, "website": null, "wheelchair": null, "objectid": 6536734, "osm_id2": "4446260068", "centroide_x": 346426.94407531834, "centroide_y": 6298551.1893505156, "crs_original": "EPSG:4326", "fecha_normalizacion": "2025-10-10 01:59:25" }, "geometry": { "type": "Point", "coordinates": [ 346426.944075318344403, 6298551.189350515604019 ] } },
{ "type": "Feature", "properties": { "access": null, "addr_city": "Santiago", "addr_country": null, "addr_housenumber": null, "addr_postcode": null, "addr_street": "Morandé", "addr_unit": null, "amenity": "conference_centre", "brand": null, "building": null, "capacity": null, "cuisine": null, "denomination": null, "ele": null, "fee": null, "healthcare": null, "healthcare_speciality": null, "name": "Gran Palace", "name_en": null, "name_es": null, "opening_hours": null, "operator": null, "parking": null, "phone": null, "ref": null, "religion": null, "source_transform": "Reconocimiento cortográfico de campo 2016 por KG", "surface": null, "website": null, "wheelchair": null, "objectid": 6536736, "osm_id2": "4447801811", "centroide_x": 346314.20037359698, "centroide_y": 6298641.632922262, "crs_original": "EPSG:4326", "fecha_normalizacion": "2025-10-10 01:59:25" }, "geometry": { "type": "Point", "coordinates": [ 346314.200373596977443, 6298641.632922261953354 ] } },
{ "type": "Feature", "properties": { "access": null, "addr_city": "Santiago", "addr_country": null, "addr_housenumber": "1207", "addr_postcode": null, "addr_street": "Huérfanos", "addr_unit": null, "amenity": "bank", "brand": "Banco Santander", "building": null, "capacity": null, "cuisine": null, "denomination": null, "ele": null, "fee": null, "healthcare": null, "healthcare_speciality": null, "name": "Banco Santander", "name_en": null, "name_es": null, "opening_hours": null, "operator": null, "parking": null, "phone": null, "ref": null, "religion": null, "source_transform": null, "surface": null, "website": null, "wheelchair": "no", "objectid": 6536742, "osm_id2": "1652792081", "centroide_x": 346286.15788028628, "centroide_y": 6298608.1565439533, "crs_original": "EPSG:4326", "fecha_normalizacion": "2025-10-10 01:59:25" }, "geometry": { "type": "Point", "coordinates": [ 346286.157880286278669, 6298608.156543953344226 ] } },
{ "type": "Feature", "properties": { "access": null, "addr_city": "Santiago", "addr_country": null, "addr_housenumber": "1215", "addr_postcode": null, "addr_street": "Esperanza", "addr_unit": null, "amenity": "kindergarten", "brand": null, "building": null, "capacity": null, "cuisine": null, "denomination": null, "ele": null, "fee": null, "healthcare": null, "healthcare_speciality": null, "name": "Cardenal Raúl Silva Henríquez", "name_en": null, "name_es": null, "opening_hours": null, "operator": null, "parking": null, "phone": null, "ref": null, "religion": null, "source_transform": null, "surface": null, "website": null, "wheelchair": null, "objectid": 6535233, "osm_id2": "3565418005", "centroide_x": 344164.10775224253, "centroide_y": 6299630.5328681283, "crs_original": "EPSG:4326", "fecha_normalizacion": "2025-10-10 01:59:25" }, "geometry": { "type": "Point", "coordinates": [ 344164.107752242533024, 6299630.532868128269911 ] } },
{ "type": "Feature", "properties": { "access": null, "addr_city": "Santiago", "addr_country": null, "addr_housenumber": "2259", "addr_postcode": null, "addr_street": "San Pablo", "addr_unit": null, "amenity": "pharmacy", "brand": null, "building": null, "capacity": null, "cuisine": null, "denomination": null, "ele": null, "fee": null, "healthcare": "pharmacy", "healthcare_speciality": null, "name": "Farmacia Jardín", "name_en": null, "name_es": null, "opening_hours": null, "operator": null, "parking": null, "phone": null, "ref": null, "religion": null, "source_transform": "Reconocimiento cortográfico de campo 2016 por KG", "surface": null, "website": null, "wheelchair": null, "objectid": 6535548, "osm_id2": "4452128423", "centroide_x": 344918.05920565291, "centroide_y": 6299265.6708172709, "crs_original": "EPSG:4326", "fecha_normalizacion": "2025-10-10 01:59:25" }, "geometry": { "type": "Point", "coordinates": [ 344918.059205652913079, 6299265.670817270874977 ] } },
{ "type": "Feature", "properties": { "access": null, "addr_city": "Santiago", "addr_country": "CL", "addr_housenumber": null, "addr_postcode": null, "addr_street": "Moneda", "addr_unit": null, "amenity": "bank", "brand": "Banco Santander", "building": null, "capacity": null, "cuisine": null, "denomination": null, "ele": null, "fee": null, "healthcare": null, "healthcare_speciality": null, "name": "Banco Santander", "name_en": null, "name_es": null, "opening_hours": null, "operator": null, "parking": null, "phone": null, "ref": null, "religion": null, "source_transform": "Reconocimiento cartográfico 2016 por KG.", "surface": null, "website": null, "wheelchair": null, "objectid": 6536776, "osm_id2": "4446914632", "centroide_x": 346522.38478637976, "centroide_y": 6298505.578503903, "crs_original": "EPSG:4326", "fecha_normalizacion": "2025-10-10 01:59:25" }, "geometry": { "type": "Point", "coordinates": [ 346522.384786379756406, 6298505.578503903001547 ] } },
{ "type": "Feature", "properties": { "access": null, "addr_city": "Santiago", "addr_country": null, "addr_housenumber": null, "addr_postcode": null, "addr_street": "Moneda", "addr_unit": null, "amenity": "pharmacy", "brand": null, "building": null, "capacity": null, "cuisine": null, "denomination": null, "ele": null, "fee": null, "healthcare": "pharmacy", "healthcare_speciality": null, "name": "Farmacias KNOP", "name_en": null, "name_es": null, "opening_hours": null, "operator": null, "parking": null, "phone": null, "ref": null, "religion": null, "source_transform": "Reconocimiento cartográfico 2016 por KG.", "surface": null, "website": null, "wheelchair": null, "objectid": 6536778, "osm_id2": "4446914634", "centroide_x": 346488.58288579807, "centroide_y": 6298504.4980058903, "crs_original": "EPSG:4326", "fecha_normalizacion": "2025-10-10 01:59:25" }, "geometry": { "type": "Point", "coordinates": [ 346488.582885798066854, 6298504.498005890287459 ] } },
{ "type": "Feature", "properties": { "access": null, "addr_city": "Santiago", "addr_country": null, "addr_housenumber": null, "addr_postcode": null, "addr_street": "Moneda", "addr_unit": null, "amenity": "restaurant", "brand": "Ruby Tuesday", "building": null, "capacity": null, "cuisine": "american", "denomination": null, "ele": null, "fee": null, "healthcare": null, "healthcare_speciality": null, "name": "Ruby Tuesday", "name_en": null, "name_es": null, "opening_hours": null, "operator": null, "parking": null, "phone": null, "ref": null, "religion": null, "source_transform": "Reconocimiento cartográfico 2016 por KG.", "surface": null, "website": null, "wheelchair": null, "objectid": 6536779, "osm_id2": "4446914635", "centroide_x": 346478.02175364707, "centroide_y": 6298503.198896477, "crs_original": "EPSG:4326", "fecha_normalizacion": "2025-10-10 01:59:25" }, "geometry": { "type": "Point", "coordinates": [ 346478.021753647073638, 6298503.198896476998925 ] } },
{ "type": "Feature", "properties": { "access": null, "addr_city": "Santiago", "addr_country": null, "addr_housenumber": "1420", "addr_postcode": null, "addr_street": "General Mackenna", "addr_unit": "3", "amenity": "cafe", "brand": null, "building": null, "capacity": null, "cuisine": "breakfast", "denomination": null, "ele": null, "fee": null, "healthcare": null, "healthcare_speciality": null, "name": "El Guelu", "name_en": null, "name_es": null, "opening_hours": null, "operator": null, "parking": null, "phone": null, "ref": null, "religion": null, "source_transform": null, "surface": null, "website": null, "wheelchair": null, "objectid": 6533721, "osm_id2": "5242047436", "centroide_x": 345894.88797396148, "centroide_y": 6299444.7516794056, "crs_original": "EPSG:4326", "fecha_normalizacion": "2025-10-10 01:59:25" }, "geometry": { "type": "Point", "coordinates": [ 345894.887973961478565, 6299444.75167940557003 ] } },
{ "type": "Feature", "properties": { "access": null, "addr_city": "Santiago", "addr_country": null, "addr_housenumber": "1923", "addr_postcode": null, "addr_street": "General Mackenna", "addr_unit": null, "amenity": "school", "brand": null, "building": null, "capacity": null, "cuisine": null, "denomination": null, "ele": null, "fee": null, "healthcare": null, "healthcare_speciality": null, "name": "Liceo José Miguel Infante", "name_en": null, "name_es": null, "opening_hours": null, "operator": "3", "parking": null, "phone": null, "ref": null, "religion": null, "source_transform": "Gobierno Regional Metropolitano de Santiago (http://www.gobiernosantiago.cl/)", "surface": null, "website": null, "wheelchair": null, "objectid": 6533804, "osm_id2": "906435043", "centroide_x": 345324.81354038964, "centroide_y": 6299484.913055067, "crs_original": "EPSG:4326", "fecha_normalizacion": "2025-10-10 01:59:25" }, "geometry": { "type": "Point", "coordinates": [ 345324.813540389644913, 6299484.913055066950619 ] } },
{ "type": "Feature", "properties": { "access": null, "addr_city": "Santiago", "addr_country": null, "addr_housenumber": "1124", "addr_postcode": null, "addr_street": "Moneda", "addr_unit": null, "amenity": "restaurant", "brand": null, "building": null, "capacity": null, "cuisine": "italian", "denomination": null, "ele": null, "fee": null, "healthcare": null, "healthcare_speciality": null, "name": "Il Duomo", "name_en": null, "name_es": null, "opening_hours": null, "operator": null, "parking": null, "phone": null, "ref": null, "religion": null, "source_transform": null, "surface": null, "website": null, "wheelchair": null, "objectid": 6536789, "osm_id2": "6356253185", "centroide_x": 346419.93147060438, "centroide_y": 6298470.5541390553, "crs_original": "EPSG:4326", "fecha_normalizacion": "2025-10-10 01:59:25" }, "geometry": { "type": "Point", "coordinates": [ 346419.931470604380593, 6298470.55413905531168 ] } },
{ "type": "Feature", "properties": { "access": null, "addr_city": "Santiago", "addr_country": null, "addr_housenumber": null, "addr_postcode": null, "addr_street": null, "addr_unit": null, "amenity": "restaurant", "brand": null, "building": null, "capacity": null, "cuisine": null, "denomination": null, "ele": null, "fee": null, "healthcare": null, "healthcare_speciality": null, "name": "Gurman", "name_en": null, "name_es": null, "opening_hours": null, "operator": null, "parking": null, "phone": null, "ref": null, "religion": null, "source_transform": null, "surface": null, "website": null, "wheelchair": null, "objectid": 6536798, "osm_id2": "3726923734", "centroide_x": 346437.2482005388, "centroide_y": 6298471.5503410865, "crs_original": "EPSG:4326", "fecha_normalizacion": "2025-10-10 01:59:25" }, "geometry": { "type": "Point", "coordinates": [ 346437.248200538801029, 6298471.55034108646214 ] } },
{ "type": "Feature", "properties": { "access": null, "addr_city": "Santiago", "addr_country": null, "addr_housenumber": null, "addr_postcode": null, "addr_street": "Ricardo Cumming", "addr_unit": null, "amenity": "school", "brand": null, "building": null, "capacity": null, "cuisine": null, "denomination": null, "ele": null, "fee": null, "healthcare": null, "healthcare_speciality": null, "name": "Escuela Básica Doctor Luis Calvo Mackenna", "name_en": null, "name_es": null, "opening_hours": null, "operator": "2", "parking": null, "phone": null, "ref": null, "religion": null, "source_transform": "Gobierno Regional Metropolitano de Santiago (http://www.gobiernosantiago.cl/)", "surface": null, "website": null, "wheelchair": null, "objectid": 6535570, "osm_id2": "906413823", "centroide_x": 344886.84250258614, "centroide_y": 6299212.8511903454, "crs_original": "EPSG:4326", "fecha_normalizacion": "2025-10-10 01:59:25" }, "geometry": { "type": "Point", "coordinates": [ 344886.842502586136106, 6299212.851190345361829 ] } },
{ "type": "Feature", "properties": { "access": null, "addr_city": "Santiago", "addr_country": null, "addr_housenumber": "731", "addr_postcode": null, "addr_street": "Maturana", "addr_unit": null, "amenity": "school", "brand": null, "building": null, "capacity": null, "cuisine": null, "denomination": null, "ele": null, "fee": null, "healthcare": null, "healthcare_speciality": null, "name": "Colegio Santa Teresita del Niño Jesús", "name_en": null, "name_es": null, "opening_hours": null, "operator": null, "parking": null, "phone": null, "ref": null, "religion": null, "source_transform": null, "surface": null, "website": null, "wheelchair": null, "objectid": 6535584, "osm_id2": "4738257071", "centroide_x": 345021.76261303847, "centroide_y": 6299136.6100815497, "crs_original": "EPSG:4326", "fecha_normalizacion": "2025-10-10 01:59:25" }, "geometry": { "type": "Point", "coordinates": [ 345021.762613038474228, 6299136.610081549733877 ] } },
{ "type": "Feature", "properties": { "access": null, "addr_city": "Santiago", "addr_country": null, "addr_housenumber": "733", "addr_postcode": null, "addr_street": "Ricardo Cumming", "addr_unit": null, "amenity": "kindergarten", "brand": null, "building": null, "capacity": null, "cuisine": null, "denomination": null, "ele": null, "fee": null, "healthcare": null, "healthcare_speciality": null, "name": "Luis Calvo Mackenna", "name_en": null, "name_es": null, "opening_hours": null, "operator": null, "parking": null, "phone": null, "ref": null, "religion": null, "source_transform": null, "surface": null, "website": null, "wheelchair": null, "objectid": 6535585, "osm_id2": "3567965120", "centroide_x": 344890.96335665742, "centroide_y": 6299155.9958050791, "crs_original": "EPSG:4326", "fecha_normalizacion": "2025-10-10 01:59:25" }, "geometry": { "type": "Point", "coordinates": [ 344890.963356657419354, 6299155.995805079117417 ] } },
{ "type": "Feature", "properties": { "access": null, "addr_city": "Santiago", "addr_country": null, "addr_housenumber": "163", "addr_postcode": null, "addr_street": "Avenida Ricardo Cumming", "addr_unit": null, "amenity": "restaurant", "brand": null, "building": null, "capacity": null, "cuisine": "chinese", "denomination": null, "ele": null, "fee": null, "healthcare": null, "healthcare_speciality": null, "name": "Los Ricos Pobres", "name_en": null, "name_es": null, "opening_hours": null, "operator": null, "parking": null, "phone": "+56226997684", "ref": null, "religion": null, "source_transform": null, "surface": null, "website": null, "wheelchair": null, "objectid": 6539429, "osm_id2": "5802632993", "centroide_x": 344975.23537852068, "centroide_y": 6298349.143204174, "crs_original": "EPSG:4326", "fecha_normalizacion": "2025-10-10 01:59:25" }, "geometry": { "type": "Point", "coordinates": [ 344975.23537852067966, 6298349.143204174004495 ] } },
{ "type": "Feature", "properties": { "access": null, "addr_city": "Santiago", "addr_country": null, "addr_housenumber": null, "addr_postcode": null, "addr_street": "Arturo Prat", "addr_unit": null, "amenity": "marketplace", "brand": null, "building": null, "capacity": null, "cuisine": null, "denomination": null, "ele": null, "fee": null, "healthcare": null, "healthcare_speciality": null, "name": "Minimarket Jufule", "name_en": null, "name_es": null, "opening_hours": null, "operator": null, "parking": null, "phone": null, "ref": null, "religion": null, "source_transform": null, "surface": null, "website": null, "wheelchair": null, "objectid": 6541770, "osm_id2": "6786348583", "centroide_x": 346650.64758844656, "centroide_y": 6297905.3180422485, "crs_original": "EPSG:4326", "fecha_normalizacion": "2025-10-10 01:59:25" }, "geometry": { "type": "Point", "coordinates": [ 346650.647588446561713, 6297905.318042248487473 ] } },
{ "type": "Feature", "properties": { "access": null, "addr_city": "Santiago", "addr_country": null, "addr_housenumber": "115", "addr_postcode": null, "addr_street": "Avenida Presidente Bulnes", "addr_unit": null, "amenity": "bar", "brand": null, "building": null, "capacity": null, "cuisine": null, "denomination": null, "ele": null, "fee": null, "healthcare": null, "healthcare_speciality": null, "name": "Bar Florencia Restaurante", "name_en": null, "name_es": null, "opening_hours": null, "operator": null, "parking": null, "phone": null, "ref": null, "religion": null, "source_transform": null, "surface": null, "website": null, "wheelchair": null, "objectid": 6541827, "osm_id2": "3068691307", "centroide_x": 346319.06058070506, "centroide_y": 6297977.8103146674, "crs_original": "EPSG:4326", "fecha_normalizacion": "2025-10-10 01:59:25" }, "geometry": { "type": "Point", "coordinates": [ 346319.060580705059692, 6297977.810314667411149 ] } },
{ "type": "Feature", "properties": { "access": null, "addr_city": "Santiago", "addr_country": null, "addr_housenumber": "148", "addr_postcode": null, "addr_street": "Echaurren", "addr_unit": null, "amenity": "university", "brand": null, "building": null, "capacity": null, "cuisine": null, "denomination": null, "ele": null, "fee": null, "healthcare": null, "healthcare_speciality": null, "name": "Facultad de Derecho UDLA", "name_en": null, "name_es": null, "opening_hours": null, "operator": null, "parking": null, "phone": null, "ref": null, "religion": null, "source_transform": null, "surface": null, "website": null, "wheelchair": null, "objectid": 6543739, "osm_id2": "7630401934", "centroide_x": 345127.68666028121, "centroide_y": 6297569.6145044602, "crs_original": "EPSG:4326", "fecha_normalizacion": "2025-10-10 01:59:25" }, "geometry": { "type": "Point", "coordinates": [ 345127.686660281207878, 6297569.614504460245371 ] } },
{ "type": "Feature", "properties": { "access": null, "addr_city": "Santiago", "addr_country": null, "addr_housenumber": "2154", "addr_postcode": null, "addr_street": "Sazié", "addr_unit": null, "amenity": "restaurant", "brand": null, "building": null, "capacity": null, "cuisine": null, "denomination": null, "ele": null, "fee": null, "healthcare": null, "healthcare_speciality": null, "name": "Bahía Restobar", "name_en": null, "name_es": null, "opening_hours": null, "operator": null, "parking": null, "phone": null, "ref": null, "religion": null, "source_transform": null, "surface": null, "website": null, "wheelchair": null, "objectid": 6543741, "osm_id2": "8613676282", "centroide_x": 345187.29575813573, "centroide_y": 6297509.2340796739, "crs_original": "EPSG:4326", "fecha_normalizacion": "2025-10-10 01:59:25" }, "geometry": { "type": "Point", "coordinates": [ 345187.295758135733195, 6297509.234079673886299 ] } },
{ "type": "Feature", "properties": { "access": null, "addr_city": "Santiago", "addr_country": null, "addr_housenumber": "1170", "addr_postcode": null, "addr_street": "Moneda", "addr_unit": null, "amenity": "post_office", "brand": null, "building": null, "capacity": null, "cuisine": null, "denomination": null, "ele": null, "fee": null, "healthcare": null, "healthcare_speciality": null, "name": "Correos de Chile", "name_en": null, "name_es": null, "opening_hours": "Mo-Fr 09:00-18:30", "operator": "Correos de Chile", "parking": null, "phone": null, "ref": null, "religion": null, "source_transform": null, "surface": null, "website": null, "wheelchair": null, "objectid": 6536811, "osm_id2": "4808517622", "centroide_x": 346356.27312202624, "centroide_y": 6298465.3050599135, "crs_original": "EPSG:4326", "fecha_normalizacion": "2025-10-10 01:59:25" }, "geometry": { "type": "Point", "coordinates": [ 346356.273122026235797, 6298465.305059913545847 ] } },
{ "type": "Feature", "properties": { "access": null, "addr_city": "Santiago", "addr_country": null, "addr_housenumber": "1140", "addr_postcode": null, "addr_street": "Compañía de Jesús", "addr_unit": null, "amenity": "courthouse", "brand": null, "building": null, "capacity": null, "cuisine": null, "denomination": null, "ele": null, "fee": null, "healthcare": null, "healthcare_speciality": null, "name": "Corte Suprema de Justicia", "name_en": null, "name_es": null, "opening_hours": null, "operator": null, "parking": null, "phone": null, "ref": null, "religion": null, "source_transform": null, "surface": null, "website": null, "wheelchair": null, "objectid": 6536886, "osm_id2": "7143007599", "centroide_x": 345817.90544952522, "centroide_y": 6298833.9821142638, "crs_original": "EPSG:4326", "fecha_normalizacion": "2025-10-10 01:59:25" }, "geometry": { "type": "Point", "coordinates": [ 345817.90544952522032, 6298833.982114263810217 ] } },
{ "type": "Feature", "properties": { "access": null, "addr_city": "Santiago", "addr_country": null, "addr_housenumber": "2158", "addr_postcode": null, "addr_street": "Sazié", "addr_unit": null, "amenity": "fast_food", "brand": null, "building": null, "capacity": null, "cuisine": null, "denomination": null, "ele": null, "fee": null, "healthcare": null, "healthcare_speciality": null, "name": "Comida Vegana", "name_en": null, "name_es": null, "opening_hours": null, "operator": null, "parking": null, "phone": null, "ref": null, "religion": null, "source_transform": null, "surface": null, "website": null, "wheelchair": null, "objectid": 6543742, "osm_id2": "8613676288", "centroide_x": 345177.48285356897, "centroide_y": 6297506.5700981971, "crs_original": "EPSG:4326", "fecha_normalizacion": "2025-10-10 01:59:25" }, "geometry": { "type": "Point", "coordinates": [ 345177.482853568973951, 6297506.570098197087646 ] } },
{ "type": "Feature", "properties": { "access": null, "addr_city": "Santiago", "addr_country": null, "addr_housenumber": "261", "addr_postcode": null, "addr_street": "Almirante Latorre", "addr_unit": null, "amenity": "fast_food", "brand": null, "building": null, "capacity": null, "cuisine": "pizza", "denomination": null, "ele": null, "fee": null, "healthcare": null, "healthcare_speciality": null, "name": "Gino's Pizza", "name_en": null, "name_es": null, "opening_hours": null, "operator": null, "parking": null, "phone": null, "ref": null, "religion": null, "source_transform": "Reconocimiento cartográfico 2016 por KG.", "surface": null, "website": null, "wheelchair": null, "objectid": 6543744, "osm_id2": "4454024292", "centroide_x": 345268.47356432257, "centroide_y": 6297473.3007883262, "crs_original": "EPSG:4326", "fecha_normalizacion": "2025-10-10 01:59:25" }, "geometry": { "type": "Point", "coordinates": [ 345268.473564322572201, 6297473.300788326188922 ] } },
{ "type": "Feature", "properties": { "access": null, "addr_city": "Santiago", "addr_country": null, "addr_housenumber": "137", "addr_postcode": null, "addr_street": "Avenida Presidente Bulnes", "addr_unit": null, "amenity": "restaurant", "brand": null, "building": null, "capacity": null, "cuisine": "sushi", "denomination": null, "ele": null, "fee": null, "healthcare": null, "healthcare_speciality": null, "name": "Tokyo Sushi", "name_en": null, "name_es": null, "opening_hours": null, "operator": null, "parking": null, "phone": null, "ref": null, "religion": null, "source_transform": null, "surface": null, "website": null, "wheelchair": null, "objectid": 6541841, "osm_id2": "3068695380", "centroide_x": 346326.64524757629, "centroide_y": 6297921.8637081981, "crs_original": "EPSG:4326", "fecha_normalizacion": "2025-10-10 01:59:25" }, "geometry": { "type": "Point", "coordinates": [ 346326.645247576292604, 6297921.863708198070526 ] } },
{ "type": "Feature", "properties": { "access": null, "addr_city": "Santiago", "addr_country": null, "addr_housenumber": "149", "addr_postcode": null, "addr_street": "Avenida Presidente Bulnes", "addr_unit": null, "amenity": "restaurant", "brand": null, "building": null, "capacity": null, "cuisine": "regional", "denomination": null, "ele": null, "fee": null, "healthcare": null, "healthcare_speciality": null, "name": "El Ganso y la Parrilla", "name_en": null, "name_es": null, "opening_hours": null, "operator": null, "parking": null, "phone": null, "ref": null, "religion": null, "source_transform": null, "surface": null, "website": null, "wheelchair": null, "objectid": 6541872, "osm_id2": "2406016087", "centroide_x": 346340.18187652371, "centroide_y": 6297870.5149673307, "crs_original": "EPSG:4326", "fecha_normalizacion": "2025-10-10 01:59:25" }, "geometry": { "type": "Point", "coordinates": [ 346340.181876523711253, 6297870.514967330731452 ] } },
{ "type": "Feature", "properties": { "access": null, "addr_city": "Santiago", "addr_country": null, "addr_housenumber": "284", "addr_postcode": null, "addr_street": "Abdón Cifuentes", "addr_unit": null, "amenity": "restaurant", "brand": null, "building": null, "capacity": null, "cuisine": null, "denomination": null, "ele": null, "fee": null, "healthcare": null, "healthcare_speciality": null, "name": "Café Republicano", "name_en": null, "name_es": null, "opening_hours": null, "operator": null, "parking": null, "phone": null, "ref": null, "religion": null, "source_transform": null, "surface": null, "website": null, "wheelchair": null, "objectid": 6543746, "osm_id2": "3932955371", "centroide_x": 345210.90581691393, "centroide_y": 6297471.9125271644, "crs_original": "EPSG:4326", "fecha_normalizacion": "2025-10-10 01:59:25" }, "geometry": { "type": "Point", "coordinates": [ 345210.905816913931631, 6297471.912527164444327 ] } },
{ "type": "Feature", "properties": { "access": null, "addr_city": "Santiago", "addr_country": null, "addr_housenumber": "2180", "addr_postcode": null, "addr_street": "Sazié", "addr_unit": null, "amenity": "fast_food", "brand": null, "building": null, "capacity": null, "cuisine": null, "denomination": null, "ele": null, "fee": null, "healthcare": null, "healthcare_speciality": null, "name": "Abhay Charan", "name_en": null, "name_es": null, "opening_hours": null, "operator": null, "parking": null, "phone": null, "ref": null, "religion": null, "source_transform": null, "surface": null, "website": null, "wheelchair": null, "objectid": 6543749, "osm_id2": "8615144781", "centroide_x": 345161.23553748557, "centroide_y": 6297501.030072717, "crs_original": "EPSG:4326", "fecha_normalizacion": "2025-10-10 01:59:25" }, "geometry": { "type": "Point", "coordinates": [ 345161.235537485568784, 6297501.030072716996074 ] } },
{ "type": "Feature", "properties": { "access": null, "addr_city": "Santiago", "addr_country": "CL", "addr_housenumber": "978", "addr_postcode": null, "addr_street": "Santo Domingo", "addr_unit": null, "amenity": "fire_station", "brand": null, "building": null, "capacity": null, "cuisine": null, "denomination": null, "ele": null, "fee": null, "healthcare": null, "healthcare_speciality": null, "name": "Museo de Bomberos de Santiago (MUBO)", "name_en": null, "name_es": null, "opening_hours": "Tu-Sa 10:00-18:00", "operator": null, "parking": null, "phone": null, "ref": null, "religion": null, "source_transform": null, "surface": null, "website": "https://mubo.cl/", "wheelchair": null, "objectid": 6533967, "osm_id2": "5604506491", "centroide_x": 346528.05545128149, "centroide_y": 6299129.7601943631, "crs_original": "EPSG:4326", "fecha_normalizacion": "2025-10-10 01:59:25" }, "geometry": { "type": "Point", "coordinates": [ 346528.055451281485148, 6299129.760194363072515 ] } },
{ "type": "Feature", "properties": { "access": null, "addr_city": "Santiago", "addr_country": null, "addr_housenumber": "178", "addr_postcode": null, "addr_street": "Avenida Presidente Bulnes", "addr_unit": null, "amenity": "fast_food", "brand": null, "building": null, "capacity": null, "cuisine": null, "denomination": null, "ele": null, "fee": null, "healthcare": null, "healthcare_speciality": null, "name": "Patagón", "name_en": null, "name_es": null, "opening_hours": null, "operator": null, "parking": null, "phone": null, "ref": null, "religion": null, "source_transform": null, "surface": null, "website": null, "wheelchair": null, "objectid": 6541882, "osm_id2": "2406016282", "centroide_x": 346400.5626287862, "centroide_y": 6297813.2453035833, "crs_original": "EPSG:4326", "fecha_normalizacion": "2025-10-10 01:59:25" }, "geometry": { "type": "Point", "coordinates": [ 346400.562628786196001, 6297813.245303583331406 ] } },
{ "type": "Feature", "properties": { "access": null, "addr_city": "Santiago", "addr_country": null, "addr_housenumber": "1428", "addr_postcode": null, "addr_street": "Vidaurre", "addr_unit": null, "amenity": "kindergarten", "brand": null, "building": null, "capacity": null, "cuisine": null, "denomination": null, "ele": null, "fee": null, "healthcare": null, "healthcare_speciality": null, "name": "Sala Cuna Suiza", "name_en": null, "name_es": null, "opening_hours": null, "operator": null, "parking": null, "phone": null, "ref": null, "religion": null, "source_transform": null, "surface": null, "website": null, "wheelchair": null, "objectid": 6541900, "osm_id2": "3568184793", "centroide_x": 346155.31812890538, "centroide_y": 6297808.0778977163, "crs_original": "EPSG:4326", "fecha_normalizacion": "2025-10-10 01:59:25" }, "geometry": { "type": "Point", "coordinates": [ 346155.318128905375488, 6297808.077897716313601 ] } },
{ "type": "Feature", "properties": { "access": null, "addr_city": "Santiago", "addr_country": null, "addr_housenumber": "1381", "addr_postcode": null, "addr_street": "Rosa Rodríguez", "addr_unit": null, "amenity": "restaurant", "brand": null, "building": null, "capacity": null, "cuisine": "chilean", "denomination": null, "ele": null, "fee": null, "healthcare": null, "healthcare_speciality": null, "name": "Otrosí", "name_en": null, "name_es": null, "opening_hours": null, "operator": null, "parking": null, "phone": "+5622696 2282", "ref": null, "religion": null, "source_transform": null, "surface": null, "website": null, "wheelchair": null, "objectid": 6536916, "osm_id2": "7764583644", "centroide_x": 346042.7215091011, "centroide_y": 6298738.0100639537, "crs_original": "EPSG:4326", "fecha_normalizacion": "2025-10-10 01:59:25" }, "geometry": { "type": "Point", "coordinates": [ 346042.721509101102129, 6298738.010063953697681 ] } },
{ "type": "Feature", "properties": { "access": null, "addr_city": "Santiago", "addr_country": null, "addr_housenumber": null, "addr_postcode": null, "addr_street": "Amunátegui", "addr_unit": null, "amenity": "cafe", "brand": null, "building": null, "capacity": null, "cuisine": null, "denomination": null, "ele": null, "fee": null, "healthcare": null, "healthcare_speciality": null, "name": "Café Atenas", "name_en": null, "name_es": null, "opening_hours": null, "operator": null, "parking": null, "phone": null, "ref": null, "religion": null, "source_transform": "Reconocimiento cortográfico de campo 2016 por KG", "surface": null, "website": null, "wheelchair": null, "objectid": 6536924, "osm_id2": "4455408354", "centroide_x": 346015.5133381231, "centroide_y": 6298729.2357550254, "crs_original": "EPSG:4326", "fecha_normalizacion": "2025-10-10 01:59:25" }, "geometry": { "type": "Point", "coordinates": [ 346015.513338123098947, 6298729.235755025409162 ] } },
{ "type": "Feature", "properties": { "access": null, "addr_city": "Santiago", "addr_country": null, "addr_housenumber": "121", "addr_postcode": null, "addr_street": "García Reyes", "addr_unit": null, "amenity": "post_office", "brand": null, "building": null, "capacity": null, "cuisine": null, "denomination": null, "ele": null, "fee": null, "healthcare": null, "healthcare_speciality": null, "name": "Soserval Santiago", "name_en": null, "name_es": null, "opening_hours": null, "operator": null, "parking": null, "phone": null, "ref": null, "religion": null, "source_transform": null, "surface": null, "website": null, "wheelchair": null, "objectid": 6539518, "osm_id2": "4757238698", "centroide_x": 344668.24909944076, "centroide_y": 6298254.4928115848, "crs_original": "EPSG:4326", "fecha_normalizacion": "2025-10-10 01:59:25" }, "geometry": { "type": "Point", "coordinates": [ 344668.249099440756254, 6298254.492811584845185 ] } },
{ "type": "Feature", "properties": { "access": null, "addr_city": "Santiago", "addr_country": null, "addr_housenumber": "2335", "addr_postcode": null, "addr_street": "Jaime Castillo Velasco", "addr_unit": null, "amenity": "kindergarten", "brand": null, "building": null, "capacity": null, "cuisine": null, "denomination": null, "ele": null, "fee": null, "healthcare": null, "healthcare_speciality": null, "name": "Arca Mágica", "name_en": null, "name_es": null, "opening_hours": null, "operator": null, "parking": null, "phone": null, "ref": null, "religion": null, "source_transform": null, "surface": null, "website": null, "wheelchair": null, "objectid": 6539572, "osm_id2": "3565416815", "centroide_x": 344915.36543294351, "centroide_y": 6298188.4754560199, "crs_original": "EPSG:4326", "fecha_normalizacion": "2025-10-10 01:59:25" }, "geometry": { "type": "Point", "coordinates": [ 344915.365432943508495, 6298188.475456019863486 ] } },
{ "type": "Feature", "properties": { "access": null, "addr_city": "Santiago", "addr_country": null, "addr_housenumber": "2167", "addr_postcode": null, "addr_street": "Grajales", "addr_unit": null, "amenity": "restaurant", "brand": null, "building": null, "capacity": null, "cuisine": "hot_dog", "denomination": null, "ele": null, "fee": null, "healthcare": null, "healthcare_speciality": null, "name": "Don Ernesto", "name_en": null, "name_es": null, "opening_hours": null, "operator": null, "parking": null, "phone": null, "ref": null, "religion": null, "source_transform": null, "surface": null, "website": null, "wheelchair": null, "objectid": 6543791, "osm_id2": "8372569416", "centroide_x": 345177.5932665242, "centroide_y": 6297390.6433278117, "crs_original": "EPSG:4326", "fecha_normalizacion": "2025-10-10 01:59:25" }, "geometry": { "type": "Point", "coordinates": [ 345177.593266524199862, 6297390.643327811732888 ] } },
{ "type": "Feature", "properties": { "access": null, "addr_city": "Santiago", "addr_country": null, "addr_housenumber": "2379", "addr_postcode": null, "addr_street": "Sazié", "addr_unit": null, "amenity": "cafe", "brand": null, "building": null, "capacity": null, "cuisine": null, "denomination": null, "ele": null, "fee": null, "healthcare": null, "healthcare_speciality": null, "name": "Conchale Vale", "name_en": null, "name_es": null, "opening_hours": null, "operator": null, "parking": null, "phone": null, "ref": null, "religion": null, "source_transform": null, "surface": null, "website": null, "wheelchair": null, "objectid": 6543809, "osm_id2": "6653889346", "centroide_x": 344846.29794480646, "centroide_y": 6297422.5831744559, "crs_original": "EPSG:4326", "fecha_normalizacion": "2025-10-10 01:59:25" }, "geometry": { "type": "Point", "coordinates": [ 344846.297944806457963, 6297422.583174455910921 ] } },
{ "type": "Feature", "properties": { "access": null, "addr_city": "Santiago", "addr_country": null, "addr_housenumber": "42", "addr_postcode": null, "addr_street": "Concha y Toro", "addr_unit": null, "amenity": "cafe", "brand": null, "building": null, "capacity": null, "cuisine": null, "denomination": null, "ele": null, "fee": null, "healthcare": null, "healthcare_speciality": null, "name": "Amelia", "name_en": null, "name_es": null, "opening_hours": null, "operator": null, "parking": null, "phone": null, "ref": null, "religion": null, "source_transform": null, "surface": null, "website": null, "wheelchair": null, "objectid": 6539593, "osm_id2": "5236633621", "centroide_x": 345156.4501693307, "centroide_y": 6298102.3129869057, "crs_original": "EPSG:4326", "fecha_normalizacion": "2025-10-10 01:59:25" }, "geometry": { "type": "Point", "coordinates": [ 345156.450169330695644, 6298102.312986905686557 ] } },
{ "type": "Feature", "properties": { "access": null, "addr_city": "Santiago", "addr_country": null, "addr_housenumber": "34", "addr_postcode": null, "addr_street": "Concha y Toro", "addr_unit": null, "amenity": "restaurant", "brand": null, "building": null, "capacity": null, "cuisine": null, "denomination": null, "ele": null, "fee": null, "healthcare": null, "healthcare_speciality": null, "name": "Zully", "name_en": null, "name_es": null, "opening_hours": null, "operator": null, "parking": null, "phone": null, "ref": null, "religion": null, "source_transform": null, "surface": null, "website": null, "wheelchair": null, "objectid": 6539602, "osm_id2": "2186809615", "centroide_x": 345147.24341996701, "centroide_y": 6298080.35950022, "crs_original": "EPSG:4326", "fecha_normalizacion": "2025-10-10 01:59:25" }, "geometry": { "type": "Point", "coordinates": [ 345147.243419967009686, 6298080.359500220045447 ] } },
{ "type": "Feature", "properties": { "access": null, "addr_city": "Santiago", "addr_country": null, "addr_housenumber": "1454", "addr_postcode": null, "addr_street": "Huérfanos", "addr_unit": null, "amenity": "restaurant", "brand": null, "building": null, "capacity": null, "cuisine": "international", "denomination": null, "ele": null, "fee": null, "healthcare": null, "healthcare_speciality": null, "name": "Romasanta", "name_en": null, "name_es": null, "opening_hours": null, "operator": null, "parking": null, "phone": null, "ref": null, "religion": null, "source_transform": null, "surface": null, "website": null, "wheelchair": null, "objectid": 6536944, "osm_id2": "3788429991", "centroide_x": 345949.70282523998, "centroide_y": 6298657.0683295, "crs_original": "EPSG:4326", "fecha_normalizacion": "2025-10-10 01:59:25" }, "geometry": { "type": "Point", "coordinates": [ 345949.702825239975937, 6298657.068329500034451 ] } },
{ "type": "Feature", "properties": { "access": null, "addr_city": "Santiago", "addr_country": null, "addr_housenumber": "1790", "addr_postcode": null, "addr_street": "Catedral", "addr_unit": null, "amenity": "kindergarten", "brand": null, "building": null, "capacity": null, "cuisine": null, "denomination": null, "ele": null, "fee": null, "healthcare": null, "healthcare_speciality": null, "name": "Venadito", "name_en": null, "name_es": null, "opening_hours": null, "operator": null, "parking": null, "phone": null, "ref": null, "religion": null, "source_transform": null, "surface": null, "website": null, "wheelchair": null, "objectid": 6536962, "osm_id2": "3568193993", "centroide_x": 345488.83253610309, "centroide_y": 6298844.4755144939, "crs_original": "EPSG:4326", "fecha_normalizacion": "2025-10-10 01:59:25" }, "geometry": { "type": "Point", "coordinates": [ 345488.832536103087477, 6298844.475514493882656 ] } },
{ "type": "Feature", "properties": { "access": null, "addr_city": "Santiago", "addr_country": null, "addr_housenumber": "655", "addr_postcode": null, "addr_street": "Bandera", "addr_unit": null, "amenity": "courthouse", "brand": null, "building": null, "capacity": null, "cuisine": null, "denomination": null, "ele": null, "fee": null, "healthcare": null, "healthcare_speciality": null, "name": "Fiscalía Local de Pudahuel", "name_en": null, "name_es": null, "opening_hours": null, "operator": null, "parking": null, "phone": null, "ref": null, "religion": null, "source_transform": null, "surface": null, "website": null, "wheelchair": null, "objectid": 6534004, "osm_id2": "6046304615", "centroide_x": 346359.63027917111, "centroide_y": 6299196.8822138961, "crs_original": "EPSG:4326", "fecha_normalizacion": "2025-10-10 01:59:25" }, "geometry": { "type": "Point", "coordinates": [ 346359.63027917110594, 6299196.882213896140456 ] } },
{ "type": "Feature", "properties": { "access": null, "addr_city": "Santiago", "addr_country": "CL", "addr_housenumber": "1190", "addr_postcode": null, "addr_street": "Rosas", "addr_unit": null, "amenity": "prison", "brand": null, "building": null, "capacity": null, "cuisine": null, "denomination": null, "ele": null, "fee": null, "healthcare": null, "healthcare_speciality": null, "name": "Adipgen", "name_en": null, "name_es": null, "opening_hours": null, "operator": null, "parking": null, "phone": null, "ref": null, "religion": null, "source_transform": null, "surface": null, "website": null, "wheelchair": null, "objectid": 6534023, "osm_id2": "4653099834", "centroide_x": 346245.20244600915, "centroide_y": 6299193.3762970511, "crs_original": "EPSG:4326", "fecha_normalizacion": "2025-10-10 01:59:25" }, "geometry": { "type": "Point", "coordinates": [ 346245.202446009148844, 6299193.376297051087022 ] } },
{ "type": "Feature", "properties": { "access": null, "addr_city": "Santiago", "addr_country": null, "addr_housenumber": null, "addr_postcode": null, "addr_street": "Compañía de Jesús", "addr_unit": null, "amenity": "dentist", "brand": null, "building": null, "capacity": null, "cuisine": null, "denomination": null, "ele": null, "fee": null, "healthcare": "dentist", "healthcare_speciality": null, "name": "Dentimagen", "name_en": null, "name_es": null, "opening_hours": null, "operator": null, "parking": null, "phone": null, "ref": null, "religion": null, "source_transform": "Reconocimiento cortográfico de campo 2016 por KG", "surface": null, "website": null, "wheelchair": null, "objectid": 6536966, "osm_id2": "4452573319", "centroide_x": 345614.61512004148, "centroide_y": 6298772.0400668532, "crs_original": "EPSG:4326", "fecha_normalizacion": "2025-10-10 01:59:25" }, "geometry": { "type": "Point", "coordinates": [ 345614.615120041475166, 6298772.040066853165627 ] } },
{ "type": "Feature", "properties": { "access": null, "addr_city": "Santiago", "addr_country": null, "addr_housenumber": "54", "addr_postcode": null, "addr_street": "Avenida Ricardo Cumming", "addr_unit": null, "amenity": "cafe", "brand": null, "building": null, "capacity": null, "cuisine": null, "denomination": null, "ele": null, "fee": null, "healthcare": null, "healthcare_speciality": null, "name": "Forastero", "name_en": null, "name_es": null, "opening_hours": null, "operator": null, "parking": null, "phone": null, "ref": null, "religion": null, "source_transform": null, "surface": null, "website": null, "wheelchair": null, "objectid": 6539622, "osm_id2": "4981507973", "centroide_x": 344970.07568169502, "centroide_y": 6298073.8576892009, "crs_original": "EPSG:4326", "fecha_normalizacion": "2025-10-10 01:59:25" }, "geometry": { "type": "Point", "coordinates": [ 344970.075681695016101, 6298073.857689200900495 ] } },
{ "type": "Feature", "properties": { "access": null, "addr_city": "Santiago", "addr_country": null, "addr_housenumber": "2352", "addr_postcode": null, "addr_street": "Erasmo Escala", "addr_unit": null, "amenity": "kindergarten", "brand": null, "building": null, "capacity": null, "cuisine": null, "denomination": null, "ele": null, "fee": null, "healthcare": null, "healthcare_speciality": null, "name": "Jardín Infantil Fantasía", "name_en": null, "name_es": null, "opening_hours": null, "operator": null, "parking": null, "phone": null, "ref": null, "religion": null, "source_transform": null, "surface": null, "website": null, "wheelchair": null, "objectid": 6539623, "osm_id2": "3565424406", "centroide_x": 344916.64271065756, "centroide_y": 6298093.2752498388, "crs_original": "EPSG:4326", "fecha_normalizacion": "2025-10-10 01:59:25" }, "geometry": { "type": "Point", "coordinates": [ 344916.642710657557473, 6298093.275249838829041 ] } },
{ "type": "Feature", "properties": { "access": null, "addr_city": "Santiago", "addr_country": null, "addr_housenumber": "353", "addr_postcode": null, "addr_street": "Club Hípico", "addr_unit": null, "amenity": "restaurant", "brand": null, "building": null, "capacity": null, "cuisine": "chinese", "denomination": null, "ele": null, "fee": null, "healthcare": null, "healthcare_speciality": null, "name": "Men Choy", "name_en": null, "name_es": null, "opening_hours": null, "operator": null, "parking": null, "phone": null, "ref": null, "religion": null, "source_transform": "Reconocimiento cartográfico de campo 2016 por KG.", "surface": null, "website": null, "wheelchair": null, "objectid": 6543863, "osm_id2": "4454024299", "centroide_x": 345240.56673484592, "centroide_y": 6297322.7189402478, "crs_original": "EPSG:4326", "fecha_normalizacion": "2025-10-10 01:59:25" }, "geometry": { "type": "Point", "coordinates": [ 345240.566734845924657, 6297322.718940247781575 ] } },
{ "type": "Feature", "properties": { "access": null, "addr_city": "Santiago", "addr_country": null, "addr_housenumber": "2314", "addr_postcode": null, "addr_street": null, "addr_unit": null, "amenity": "school", "brand": null, "building": null, "capacity": null, "cuisine": null, "denomination": null, "ele": null, "fee": null, "healthcare": null, "healthcare_speciality": null, "name": "Colegio San Antonio", "name_en": null, "name_es": null, "opening_hours": null, "operator": "3", "parking": null, "phone": null, "ref": null, "religion": null, "source_transform": "Gobierno Regional Metropolitano de Santiago (http://www.gobiernosantiago.cl/)", "surface": null, "website": null, "wheelchair": null, "objectid": 6535678, "osm_id2": "906413357", "centroide_x": 344840.23503096646, "centroide_y": 6298988.0655778572, "crs_original": "EPSG:4326", "fecha_normalizacion": "2025-10-10 01:59:25" }, "geometry": { "type": "Point", "coordinates": [ 344840.235030966461636, 6298988.065577857196331 ] } },
{ "type": "Feature", "properties": { "access": null, "addr_city": "Santiago", "addr_country": null, "addr_housenumber": null, "addr_postcode": null, "addr_street": "Cóndor", "addr_unit": null, "amenity": "internet_cafe", "brand": null, "building": null, "capacity": null, "cuisine": null, "denomination": null, "ele": null, "fee": null, "healthcare": null, "healthcare_speciality": null, "name": "Cyber cabinas", "name_en": null, "name_es": null, "opening_hours": null, "operator": null, "parking": null, "phone": null, "ref": null, "religion": null, "source_transform": null, "surface": null, "website": null, "wheelchair": null, "objectid": 6541993, "osm_id2": "6101403373", "centroide_x": 346917.67482466047, "centroide_y": 6297608.0447656177, "crs_original": "EPSG:4326", "fecha_normalizacion": "2025-10-10 01:59:25" }, "geometry": { "type": "Point", "coordinates": [ 346917.674824660469312, 6297608.044765617698431 ] } },
{ "type": "Feature", "properties": { "access": null, "addr_city": "Santiago", "addr_country": null, "addr_housenumber": "430", "addr_postcode": null, "addr_street": "Serrano", "addr_unit": null, "amenity": "kindergarten", "brand": null, "building": null, "capacity": null, "cuisine": null, "denomination": null, "ele": null, "fee": null, "healthcare": null, "healthcare_speciality": null, "name": "Escuela de Párvulos Nido Azul", "name_en": null, "name_es": null, "opening_hours": null, "operator": "4", "parking": null, "phone": null, "ref": null, "religion": null, "source_transform": "Gobierno Regional Metropolitano de Santiago (http://www.gobiernosantiago.cl/)", "surface": null, "website": null, "wheelchair": null, "objectid": 6541998, "osm_id2": "906430298", "centroide_x": 346824.96734772064, "centroide_y": 6297614.4831188787, "crs_original": "EPSG:4326", "fecha_normalizacion": "2025-10-10 01:59:25" }, "geometry": { "type": "Point", "coordinates": [ 346824.967347720637918, 6297614.483118878677487 ] } },
{ "type": "Feature", "properties": { "access": null, "addr_city": "Santiago", "addr_country": null, "addr_housenumber": "330", "addr_postcode": null, "addr_street": "Echaurren", "addr_unit": null, "amenity": "cafe", "brand": null, "building": null, "capacity": null, "cuisine": null, "denomination": null, "ele": null, "fee": null, "healthcare": null, "healthcare_speciality": null, "name": "Café Zapallo", "name_en": null, "name_es": null, "opening_hours": null, "operator": null, "parking": null, "phone": null, "ref": null, "religion": null, "source_transform": null, "surface": null, "website": null, "wheelchair": null, "objectid": 6543866, "osm_id2": "8600283479", "centroide_x": 345137.28635353304, "centroide_y": 6297324.0691258181, "crs_original": "EPSG:4326", "fecha_normalizacion": "2025-10-10 01:59:25" }, "geometry": { "type": "Point", "coordinates": [ 345137.286353533039801, 6297324.069125818088651 ] } },
{ "type": "Feature", "properties": { "access": null, "addr_city": "Santiago", "addr_country": null, "addr_housenumber": "393", "addr_postcode": null, "addr_street": "Club Hípico", "addr_unit": null, "amenity": "fast_food", "brand": null, "building": null, "capacity": null, "cuisine": "sandwich", "denomination": null, "ele": null, "fee": null, "healthcare": null, "healthcare_speciality": null, "name": "Don Sabroso", "name_en": null, "name_es": null, "opening_hours": null, "operator": null, "parking": null, "phone": null, "ref": null, "religion": null, "source_transform": "Reconocimiento cartográfico de campo 2016 por KG.", "surface": null, "website": null, "wheelchair": null, "objectid": 6543871, "osm_id2": "4454024301", "centroide_x": 345240.84082106769, "centroide_y": 6297278.3461481733, "crs_original": "EPSG:4326", "fecha_normalizacion": "2025-10-10 01:59:25" }, "geometry": { "type": "Point", "coordinates": [ 345240.840821067686193, 6297278.346148173324764 ] } },
{ "type": "Feature", "properties": { "access": null, "addr_city": "Santiago", "addr_country": null, "addr_housenumber": "395", "addr_postcode": null, "addr_street": "Club Hípico", "addr_unit": null, "amenity": "restaurant", "brand": null, "building": null, "capacity": null, "cuisine": null, "denomination": null, "ele": null, "fee": null, "healthcare": null, "healthcare_speciality": null, "name": "Pollo Al Cognac", "name_en": null, "name_es": null, "opening_hours": null, "operator": null, "parking": null, "phone": null, "ref": null, "religion": null, "source_transform": null, "surface": null, "website": null, "wheelchair": null, "objectid": 6543872, "osm_id2": "8645328605", "centroide_x": 345240.31990153342, "centroide_y": 6297271.9823529925, "crs_original": "EPSG:4326", "fecha_normalizacion": "2025-10-10 01:59:25" }, "geometry": { "type": "Point", "coordinates": [ 345240.319901533424854, 6297271.982352992519736 ] } },
{ "type": "Feature", "properties": { "access": null, "addr_city": "Santiago", "addr_country": null, "addr_housenumber": "2143", "addr_postcode": null, "addr_street": "Gorbea", "addr_unit": null, "amenity": "internet_cafe", "brand": null, "building": null, "capacity": null, "cuisine": null, "denomination": null, "ele": null, "fee": null, "healthcare": null, "healthcare_speciality": null, "name": null, "name_en": null, "name_es": null, "opening_hours": null, "operator": null, "parking": null, "phone": null, "ref": null, "religion": null, "source_transform": null, "surface": null, "website": null, "wheelchair": null, "objectid": 6543873, "osm_id2": "8340433167", "centroide_x": 345231.62326095707, "centroide_y": 6297270.4565264368, "crs_original": "EPSG:4326", "fecha_normalizacion": "2025-10-10 01:59:25" }, "geometry": { "type": "Point", "coordinates": [ 345231.623260957072489, 6297270.456526436842978 ] } },
{ "type": "Feature", "properties": { "access": null, "addr_city": "Santiago", "addr_country": null, "addr_housenumber": "2458", "addr_postcode": null, "addr_street": "Erasmo Escala", "addr_unit": null, "amenity": "restaurant", "brand": null, "building": null, "capacity": null, "cuisine": "peruvian", "denomination": null, "ele": null, "fee": null, "healthcare": null, "healthcare_speciality": null, "name": "La Kausa Marina", "name_en": null, "name_es": null, "opening_hours": null, "operator": null, "parking": null, "phone": "+56226815924", "ref": null, "religion": null, "source_transform": null, "surface": null, "website": null, "wheelchair": null, "objectid": 6539683, "osm_id2": "2327301319", "centroide_x": 344729.84245145437, "centroide_y": 6298064.1540094865, "crs_original": "EPSG:4326", "fecha_normalizacion": "2025-10-10 01:59:25" }, "geometry": { "type": "Point", "coordinates": [ 344729.842451454373077, 6298064.154009486548603 ] } },
{ "type": "Feature", "properties": { "access": null, "addr_city": "Santiago", "addr_country": null, "addr_housenumber": null, "addr_postcode": null, "addr_street": "San Diego", "addr_unit": null, "amenity": "restaurant", "brand": null, "building": null, "capacity": null, "cuisine": null, "denomination": null, "ele": null, "fee": null, "healthcare": null, "healthcare_speciality": null, "name": "Chan Chan / Comida Peruana", "name_en": null, "name_es": null, "opening_hours": null, "operator": null, "parking": null, "phone": null, "ref": null, "religion": null, "source_transform": null, "surface": null, "website": null, "wheelchair": null, "objectid": 6542034, "osm_id2": "2782451733", "centroide_x": 346563.86392521282, "centroide_y": 6297620.0104223471, "crs_original": "EPSG:4326", "fecha_normalizacion": "2025-10-10 01:59:25" }, "geometry": { "type": "Point", "coordinates": [ 346563.863925212819595, 6297620.01042234711349 ] } },
{ "type": "Feature", "properties": { "access": null, "addr_city": "Santiago", "addr_country": null, "addr_housenumber": null, "addr_postcode": null, "addr_street": "San Diego", "addr_unit": null, "amenity": "dojo", "brand": null, "building": null, "capacity": null, "cuisine": null, "denomination": null, "ele": null, "fee": null, "healthcare": null, "healthcare_speciality": null, "name": "Kmg", "name_en": null, "name_es": null, "opening_hours": null, "operator": null, "parking": null, "phone": null, "ref": null, "religion": null, "source_transform": null, "surface": null, "website": null, "wheelchair": null, "objectid": 6542035, "osm_id2": "4474194174", "centroide_x": 346594.67240484315, "centroide_y": 6297599.7921043001, "crs_original": "EPSG:4326", "fecha_normalizacion": "2025-10-10 01:59:25" }, "geometry": { "type": "Point", "coordinates": [ 346594.672404843149707, 6297599.792104300111532 ] } },
{ "type": "Feature", "properties": { "access": null, "addr_city": "Santiago", "addr_country": null, "addr_housenumber": "655", "addr_postcode": null, "addr_street": "Bandera", "addr_unit": null, "amenity": "courthouse", "brand": null, "building": null, "capacity": null, "cuisine": null, "denomination": null, "ele": null, "fee": null, "healthcare": null, "healthcare_speciality": null, "name": "Fiscalía Local de Maipú", "name_en": null, "name_es": null, "opening_hours": null, "operator": null, "parking": null, "phone": null, "ref": null, "religion": null, "source_transform": null, "surface": null, "website": null, "wheelchair": null, "objectid": 6534043, "osm_id2": "6046305316", "centroide_x": 346375.57863624999, "centroide_y": 6299184.5912879296, "crs_original": "EPSG:4326", "fecha_normalizacion": "2025-10-10 01:59:25" }, "geometry": { "type": "Point", "coordinates": [ 346375.578636249992996, 6299184.591287929564714 ] } },
{ "type": "Feature", "properties": { "access": null, "addr_city": "Santiago", "addr_country": "CL", "addr_housenumber": "N°683", "addr_postcode": null, "addr_street": "Teatinos", "addr_unit": null, "amenity": "courthouse", "brand": null, "building": null, "capacity": null, "cuisine": null, "denomination": null, "ele": null, "fee": null, "healthcare": null, "healthcare_speciality": null, "name": "Dirección Nacional Unidad de Fiscalía Of. 202, 301, 302, 401, 402.", "name_en": null, "name_es": null, "opening_hours": null, "operator": "Dirección Nacional (Unidad de Fiscalía (DDNN 3)", "parking": null, "phone": null, "ref": null, "religion": null, "source_transform": null, "surface": null, "website": null, "wheelchair": null, "objectid": 6534074, "osm_id2": "5944772238", "centroide_x": 346177.56721420388, "centroide_y": 6299160.1680757776, "crs_original": "EPSG:4326", "fecha_normalizacion": "2025-10-10 01:59:25" }, "geometry": { "type": "Point", "coordinates": [ 346177.567214203882031, 6299160.168075777590275 ] } },
{ "type": "Feature", "properties": { "access": null, "addr_city": "Santiago", "addr_country": null, "addr_housenumber": "2145", "addr_postcode": null, "addr_street": "Gorbea", "addr_unit": null, "amenity": "restaurant", "brand": null, "building": null, "capacity": null, "cuisine": "sushi", "denomination": null, "ele": null, "fee": null, "healthcare": null, "healthcare_speciality": null, "name": null, "name_en": null, "name_es": null, "opening_hours": null, "operator": null, "parking": null, "phone": null, "ref": null, "religion": null, "source_transform": null, "surface": null, "website": null, "wheelchair": null, "objectid": 6543874, "osm_id2": "8340433168", "centroide_x": 345225.0237211762, "centroide_y": 6297268.6094159139, "crs_original": "EPSG:4326", "fecha_normalizacion": "2025-10-10 01:59:25" }, "geometry": { "type": "Point", "coordinates": [ 345225.023721176199615, 6297268.609415913932025 ] } },
{ "type": "Feature", "properties": { "access": null, "addr_city": "Santiago", "addr_country": null, "addr_housenumber": "398", "addr_postcode": null, "addr_street": "República", "addr_unit": null, "amenity": "bar", "brand": null, "building": null, "capacity": null, "cuisine": null, "denomination": null, "ele": null, "fee": null, "healthcare": null, "healthcare_speciality": null, "name": "Cuento Corto", "name_en": null, "name_es": null, "opening_hours": null, "operator": null, "parking": null, "phone": null, "ref": null, "religion": null, "source_transform": null, "surface": null, "website": null, "wheelchair": null, "objectid": 6543909, "osm_id2": "3331801986", "centroide_x": 345055.5755434098, "centroide_y": 6297225.208478665, "crs_original": "EPSG:4326", "fecha_normalizacion": "2025-10-10 01:59:25" }, "geometry": { "type": "Point", "coordinates": [ 345055.5755434097955, 6297225.208478664979339 ] } },
{ "type": "Feature", "properties": { "access": null, "addr_city": "Santiago", "addr_country": null, "addr_housenumber": null, "addr_postcode": null, "addr_street": "San Diego", "addr_unit": null, "amenity": "restaurant", "brand": null, "building": null, "capacity": null, "cuisine": null, "denomination": null, "ele": null, "fee": null, "healthcare": null, "healthcare_speciality": null, "name": "Mia Hua Restaurant", "name_en": null, "name_es": null, "opening_hours": null, "operator": null, "parking": null, "phone": null, "ref": null, "religion": null, "source_transform": null, "surface": null, "website": null, "wheelchair": null, "objectid": 6542036, "osm_id2": "4466545742", "centroide_x": 346567.4251274307, "centroide_y": 6297597.1742820479, "crs_original": "EPSG:4326", "fecha_normalizacion": "2025-10-10 01:59:25" }, "geometry": { "type": "Point", "coordinates": [ 346567.42512743070256, 6297597.174282047897577 ] } },
{ "type": "Feature", "properties": { "access": null, "addr_city": "Santiago", "addr_country": null, "addr_housenumber": "216", "addr_postcode": null, "addr_street": "Avenida Presidente Bulnes", "addr_unit": null, "amenity": "pharmacy", "brand": "Cruz Verde", "building": null, "capacity": null, "cuisine": null, "denomination": null, "ele": null, "fee": null, "healthcare": "pharmacy", "healthcare_speciality": null, "name": "Cruz Verde", "name_en": null, "name_es": null, "opening_hours": "Mo-Fr 08:30-19:45", "operator": null, "parking": null, "phone": null, "ref": null, "religion": null, "source_transform": null, "surface": null, "website": null, "wheelchair": null, "objectid": 6542047, "osm_id2": "3057374161", "centroide_x": 346405.61311474477, "centroide_y": 6297745.3128695441, "crs_original": "EPSG:4326", "fecha_normalizacion": "2025-10-10 01:59:25" }, "geometry": { "type": "Point", "coordinates": [ 346405.613114744774066, 6297745.312869544140995 ] } },
{ "type": "Feature", "properties": { "access": null, "addr_city": "Santiago", "addr_country": null, "addr_housenumber": null, "addr_postcode": null, "addr_street": "Avenida Presidente Bulnes", "addr_unit": null, "amenity": "restaurant", "brand": null, "building": null, "capacity": null, "cuisine": null, "denomination": null, "ele": null, "fee": null, "healthcare": null, "healthcare_speciality": null, "name": "Doña Carmen", "name_en": null, "name_es": null, "opening_hours": null, "operator": null, "parking": null, "phone": null, "ref": null, "religion": null, "source_transform": null, "surface": null, "website": null, "wheelchair": null, "objectid": 6542053, "osm_id2": "3545078511", "centroide_x": 346408.88265632349, "centroide_y": 6297725.0564372744, "crs_original": "EPSG:4326", "fecha_normalizacion": "2025-10-10 01:59:25" }, "geometry": { "type": "Point", "coordinates": [ 346408.882656323490664, 6297725.056437274441123 ] } },
{ "type": "Feature", "properties": { "access": null, "addr_city": "Santiago", "addr_country": null, "addr_housenumber": "1370", "addr_postcode": null, "addr_street": "Padre Miguel de Olivares", "addr_unit": null, "amenity": "school", "brand": null, "building": null, "capacity": null, "cuisine": null, "denomination": null, "ele": null, "fee": null, "healthcare": null, "healthcare_speciality": null, "name": "Colegio de Adultos Sta.Vicenta María", "name_en": null, "name_es": null, "opening_hours": null, "operator": "3", "parking": null, "phone": null, "ref": null, "religion": null, "source_transform": null, "surface": null, "website": null, "wheelchair": null, "objectid": 6542060, "osm_id2": "906429611", "centroide_x": 346244.26800391928, "centroide_y": 6297747.5706151146, "crs_original": "EPSG:4326", "fecha_normalizacion": "2025-10-10 01:59:25" }, "geometry": { "type": "Point", "coordinates": [ 346244.268003919278271, 6297747.57061511464417 ] } },
{ "type": "Feature", "properties": { "access": null, "addr_city": "Santiago", "addr_country": null, "addr_housenumber": "102", "addr_postcode": null, "addr_street": "Profesora Amanda Labarca", "addr_unit": null, "amenity": "restaurant", "brand": null, "building": null, "capacity": null, "cuisine": "mediterranean;coffee_shop", "denomination": null, "ele": null, "fee": null, "healthcare": null, "healthcare_speciality": null, "name": "Blue Jar", "name_en": null, "name_es": null, "opening_hours": "Mo-Fr 08:00-20:00", "operator": null, "parking": null, "phone": "+56961554650", "ref": null, "religion": null, "source_transform": null, "surface": null, "website": "https://www.bluejar.cl/", "wheelchair": null, "objectid": 6537094, "osm_id2": "3728172668", "centroide_x": 346100.19312882039, "centroide_y": 6298447.5867241155, "crs_original": "EPSG:4326", "fecha_normalizacion": "2025-10-10 01:59:25" }, "geometry": { "type": "Point", "coordinates": [ 346100.193128820392303, 6298447.586724115535617 ] } },
{ "type": "Feature", "properties": { "access": null, "addr_city": "Santiago", "addr_country": null, "addr_housenumber": "284", "addr_postcode": null, "addr_street": "Avenida Presidente Bulnes", "addr_unit": null, "amenity": "dentist", "brand": null, "building": null, "capacity": null, "cuisine": null, "denomination": null, "ele": null, "fee": null, "healthcare": "dentist", "healthcare_speciality": null, "name": "Capresalud", "name_en": null, "name_es": null, "opening_hours": null, "operator": null, "parking": null, "phone": null, "ref": null, "religion": null, "source_transform": null, "surface": null, "website": null, "wheelchair": null, "objectid": 6542088, "osm_id2": "3339971893", "centroide_x": 346418.28352127376, "centroide_y": 6297671.2128456403, "crs_original": "EPSG:4326", "fecha_normalizacion": "2025-10-10 01:59:25" }, "geometry": { "type": "Point", "coordinates": [ 346418.283521273755468, 6297671.212845640257001 ] } },
{ "type": "Feature", "properties": { "access": null, "addr_city": "Santiago", "addr_country": null, "addr_housenumber": "301", "addr_postcode": null, "addr_street": "Nataniel Cox 259", "addr_unit": null, "amenity": "casino", "brand": null, "building": null, "capacity": null, "cuisine": null, "denomination": null, "ele": null, "fee": null, "healthcare": null, "healthcare_speciality": null, "name": "Play Safe Casino Chile", "name_en": null, "name_es": null, "opening_hours": "24/7", "operator": null, "parking": null, "phone": null, "ref": null, "religion": null, "source_transform": null, "surface": null, "website": "https://playsafecl.com/", "wheelchair": null, "objectid": 6542094, "osm_id2": "3003516367", "centroide_x": 346381.96815368242, "centroide_y": 6297650.0495662987, "crs_original": "EPSG:4326", "fecha_normalizacion": "2025-10-10 01:59:25" }, "geometry": { "type": "Point", "coordinates": [ 346381.968153682420962, 6297650.049566298723221 ] } },
{ "type": "Feature", "properties": { "access": null, "addr_city": "Santiago", "addr_country": null, "addr_housenumber": "325", "addr_postcode": null, "addr_street": "Avenida Presidente Bulnes", "addr_unit": null, "amenity": "cafe", "brand": null, "building": null, "capacity": null, "cuisine": null, "denomination": null, "ele": null, "fee": null, "healthcare": null, "healthcare_speciality": null, "name": "StarClick Café", "name_en": null, "name_es": null, "opening_hours": null, "operator": null, "parking": null, "phone": null, "ref": null, "religion": null, "source_transform": null, "surface": null, "website": null, "wheelchair": null, "objectid": 6542128, "osm_id2": "3067580384", "centroide_x": 346390.23776824924, "centroide_y": 6297593.6813641507, "crs_original": "EPSG:4326", "fecha_normalizacion": "2025-10-10 01:59:25" }, "geometry": { "type": "Point", "coordinates": [ 346390.237768249236979, 6297593.681364150717854 ] } },
{ "type": "Feature", "properties": { "access": null, "addr_city": "Santiago", "addr_country": null, "addr_housenumber": "246", "addr_postcode": null, "addr_street": "Lord Cochrane", "addr_unit": null, "amenity": "kindergarten", "brand": null, "building": null, "capacity": null, "cuisine": null, "denomination": null, "ele": null, "fee": null, "healthcare": null, "healthcare_speciality": null, "name": "Vitamina - Sala Cuna y Jardín infantil Paseo Bulnes", "name_en": null, "name_es": null, "opening_hours": null, "operator": null, "parking": null, "phone": null, "ref": null, "religion": null, "source_transform": "Reconocimiento cortográfico de campo 2016 por KG", "surface": null, "website": null, "wheelchair": null, "objectid": 6542138, "osm_id2": "4474115679", "centroide_x": 346208.34565771179, "centroide_y": 6297668.4379613195, "crs_original": "EPSG:4326", "fecha_normalizacion": "2025-10-10 01:59:25" }, "geometry": { "type": "Point", "coordinates": [ 346208.345657711790409, 6297668.437961319461465 ] } },
{ "type": "Feature", "properties": { "access": null, "addr_city": "Santiago", "addr_country": null, "addr_housenumber": "165", "addr_postcode": null, "addr_street": "Elias Fernandez Albano", "addr_unit": null, "amenity": "police", "brand": null, "building": null, "capacity": null, "cuisine": null, "denomination": null, "ele": null, "fee": null, "healthcare": null, "healthcare_speciality": null, "name": "3 Comisaría Santiago", "name_en": null, "name_es": null, "opening_hours": null, "operator": "Carabineros de Chile", "parking": null, "phone": null, "ref": null, "religion": null, "source_transform": null, "surface": null, "website": null, "wheelchair": null, "objectid": 6537111, "osm_id2": "2186777558", "centroide_x": 345830.00940335356, "centroide_y": 6298492.6914602034, "crs_original": "EPSG:4326", "fecha_normalizacion": "2025-10-10 01:59:25" }, "geometry": { "type": "Point", "coordinates": [ 345830.009403353556991, 6298492.691460203379393 ] } },
{ "type": "Feature", "properties": { "access": null, "addr_city": "Santiago", "addr_country": null, "addr_housenumber": "2009", "addr_postcode": null, "addr_street": "Agustinas", "addr_unit": null, "amenity": "school", "brand": null, "building": null, "capacity": null, "cuisine": null, "denomination": null, "ele": null, "fee": null, "healthcare": null, "healthcare_speciality": null, "name": "Colegio Pedro de Valdivia- Agustinas", "name_en": null, "name_es": null, "opening_hours": null, "operator": "4", "parking": null, "phone": null, "ref": null, "religion": null, "source_transform": "Gobierno Regional Metropolitano de Santiago (http://www.gobiernosantiago.cl/)", "surface": null, "website": null, "wheelchair": null, "objectid": 6537195, "osm_id2": "906413263", "centroide_x": 345279.17136962945, "centroide_y": 6298474.9238843899, "crs_original": "EPSG:4326", "fecha_normalizacion": "2025-10-10 01:59:25" }, "geometry": { "type": "Point", "coordinates": [ 345279.171369629446417, 6298474.923884389922023 ] } },
{ "type": "Feature", "properties": { "access": null, "addr_city": "Santiago", "addr_country": null, "addr_housenumber": "22", "addr_postcode": null, "addr_street": "Enrique Mac Iver", "addr_unit": null, "amenity": "post_office", "brand": "Chilexpress", "building": null, "capacity": null, "cuisine": null, "denomination": null, "ele": null, "fee": null, "healthcare": null, "healthcare_speciality": null, "name": "Chilexpress", "name_en": null, "name_es": null, "opening_hours": null, "operator": "Chilexpress", "parking": null, "phone": null, "ref": null, "religion": null, "source_transform": null, "surface": null, "website": "https://www.chilexpress.cl/", "wheelchair": null, "objectid": 6537203, "osm_id2": "3895633979", "centroide_x": 346964.30920212867, "centroide_y": 6298438.1210559253, "crs_original": "EPSG:4326", "fecha_normalizacion": "2025-10-10 01:59:25" }, "geometry": { "type": "Point", "coordinates": [ 346964.309202128672041, 6298438.121055925264955 ] } },
{ "type": "Feature", "properties": { "access": null, "addr_city": "Santiago", "addr_country": null, "addr_housenumber": "605", "addr_postcode": null, "addr_street": "Avenida Ricardo Cumming", "addr_unit": null, "amenity": "fast_food", "brand": null, "building": null, "capacity": null, "cuisine": null, "denomination": null, "ele": null, "fee": null, "healthcare": null, "healthcare_speciality": null, "name": "Completos", "name_en": null, "name_es": null, "opening_hours": null, "operator": null, "parking": null, "phone": null, "ref": null, "religion": null, "source_transform": null, "surface": null, "website": null, "wheelchair": null, "objectid": 6535716, "osm_id2": "5129244170", "centroide_x": 344902.49762693595, "centroide_y": 6298917.6802479168, "crs_original": "EPSG:4326", "fecha_normalizacion": "2025-10-10 01:59:25" }, "geometry": { "type": "Point", "coordinates": [ 344902.497626935946755, 6298917.680247916840017 ] } },
{ "type": "Feature", "properties": { "access": null, "addr_city": "Santiago", "addr_country": "CL", "addr_housenumber": "3358", "addr_postcode": null, "addr_street": "San Pablo", "addr_unit": null, "amenity": "school", "brand": null, "building": null, "capacity": null, "cuisine": null, "denomination": null, "ele": null, "fee": null, "healthcare": null, "healthcare_speciality": null, "name": "Escuela Especial Santiago Apóstol", "name_en": null, "name_es": null, "opening_hours": null, "operator": "2", "parking": null, "phone": null, "ref": null, "religion": null, "source_transform": "Gobierno Regional Metropolitano de Santiago (http://www.gobiernosantiago.cl/)", "surface": null, "website": null, "wheelchair": null, "objectid": 6535895, "osm_id2": "906413180", "centroide_x": 343737.50271037105, "centroide_y": 6299154.4050574321, "crs_original": "EPSG:4326", "fecha_normalizacion": "2025-10-10 01:59:25" }, "geometry": { "type": "Point", "coordinates": [ 343737.502710371045396, 6299154.405057432129979 ] } },
{ "type": "Feature", "properties": { "access": null, "addr_city": "Santiago", "addr_country": "CL", "addr_housenumber": "779", "addr_postcode": null, "addr_street": "Avenida Libertador Bernardo O'Higgins", "addr_unit": null, "amenity": "pharmacy", "brand": "SalcoBrand", "building": null, "capacity": null, "cuisine": null, "denomination": null, "ele": null, "fee": null, "healthcare": "pharmacy", "healthcare_speciality": null, "name": "SalcoBrand", "name_en": null, "name_es": null, "opening_hours": null, "operator": null, "parking": null, "phone": "+5626642881", "ref": null, "religion": null, "source_transform": null, "surface": null, "website": null, "wheelchair": null, "objectid": 6537222, "osm_id2": "867952197", "centroide_x": 346849.58547876927, "centroide_y": 6298410.4601506991, "crs_original": "EPSG:4326", "fecha_normalizacion": "2025-10-10 01:59:25" }, "geometry": { "type": "Point", "coordinates": [ 346849.585478769266047, 6298410.460150699131191 ] } },
{ "type": "Feature", "properties": { "access": null, "addr_city": "Santiago", "addr_country": null, "addr_housenumber": "837", "addr_postcode": null, "addr_street": "Monjitas", "addr_unit": null, "amenity": "bank", "brand": "Banco Estado", "building": null, "capacity": null, "cuisine": null, "denomination": null, "ele": null, "fee": null, "healthcare": null, "healthcare_speciality": null, "name": "Banco Estado", "name_en": null, "name_es": null, "opening_hours": null, "operator": null, "parking": null, "phone": null, "ref": null, "religion": null, "source_transform": null, "surface": null, "website": null, "wheelchair": null, "objectid": 6534164, "osm_id2": "4454014497", "centroide_x": 346687.32326092012, "centroide_y": 6299048.2709829323, "crs_original": "EPSG:4326", "fecha_normalizacion": "2025-10-10 01:59:25" }, "geometry": { "type": "Point", "coordinates": [ 346687.323260920122266, 6299048.270982932299376 ] } },
{ "type": "Feature", "properties": { "access": null, "addr_city": "Santiago", "addr_country": null, "addr_housenumber": "655", "addr_postcode": null, "addr_street": "Merced", "addr_unit": null, "amenity": "restaurant", "brand": null, "building": null, "capacity": null, "cuisine": "sushi;japanese;korean", "denomination": null, "ele": null, "fee": null, "healthcare": null, "healthcare_speciality": null, "name": "EveryDay Sushi", "name_en": null, "name_es": null, "opening_hours": "Mo-Su 12:00-00:00", "operator": null, "parking": null, "phone": null, "ref": null, "religion": null, "source_transform": "Reconocimiento cortográfico de campo 2016 por KG", "surface": null, "website": null, "wheelchair": null, "objectid": 6534232, "osm_id2": "4453787235", "centroide_x": 346942.942061804, "centroide_y": 6298952.8667192739, "crs_original": "EPSG:4326", "fecha_normalizacion": "2025-10-10 01:59:25" }, "geometry": { "type": "Point", "coordinates": [ 346942.942061804002151, 6298952.866719273850322 ] } },
{ "type": "Feature", "properties": { "access": null, "addr_city": "Santiago", "addr_country": "CL", "addr_housenumber": "1565", "addr_postcode": null, "addr_street": "Alonso de Ovalle", "addr_unit": null, "amenity": "restaurant", "brand": null, "building": null, "capacity": null, "cuisine": null, "denomination": null, "ele": null, "fee": null, "healthcare": null, "healthcare_speciality": null, "name": "La Bodeguita del 1/2", "name_en": null, "name_es": null, "opening_hours": null, "operator": null, "parking": null, "phone": null, "ref": null, "religion": null, "source_transform": null, "surface": null, "website": null, "wheelchair": null, "objectid": 6542184, "osm_id2": "979589249", "centroide_x": 345919.15404447209, "centroide_y": 6297920.2969739437, "crs_original": "EPSG:4326", "fecha_normalizacion": "2025-10-10 01:59:25" }, "geometry": { "type": "Point", "coordinates": [ 345919.154044472088572, 6297920.296973943710327 ] } },
{ "type": "Feature", "properties": { "access": null, "addr_city": "Santiago", "addr_country": "CL", "addr_housenumber": "33", "addr_postcode": null, "addr_street": "Dieciocho", "addr_unit": null, "amenity": "cafe", "brand": null, "building": null, "capacity": null, "cuisine": null, "denomination": null, "ele": null, "fee": null, "healthcare": null, "healthcare_speciality": null, "name": "Cafe Zhaira", "name_en": null, "name_es": null, "opening_hours": null, "operator": null, "parking": null, "phone": null, "ref": null, "religion": null, "source_transform": null, "surface": null, "website": null, "wheelchair": null, "objectid": 6542200, "osm_id2": "979570146", "centroide_x": 345847.81186071178, "centroide_y": 6297990.6653431393, "crs_original": "EPSG:4326", "fecha_normalizacion": "2025-10-10 01:59:25" }, "geometry": { "type": "Point", "coordinates": [ 345847.811860711779445, 6297990.665343139320612 ] } },
{ "type": "Feature", "properties": { "access": null, "addr_city": "Santiago", "addr_country": "CL", "addr_housenumber": "833", "addr_postcode": null, "addr_street": "Avenida Libertador Bernardo O'Higgins", "addr_unit": null, "amenity": "pharmacy", "brand": "SalcoBrand", "building": null, "capacity": null, "cuisine": null, "denomination": null, "ele": null, "fee": null, "healthcare": "pharmacy", "healthcare_speciality": null, "name": "SalcoBrand", "name_en": null, "name_es": null, "opening_hours": null, "operator": null, "parking": null, "phone": "+5624202595", "ref": null, "religion": null, "source_transform": null, "surface": null, "website": null, "wheelchair": null, "objectid": 6537245, "osm_id2": "867953601", "centroide_x": 346798.4203459007, "centroide_y": 6298385.5473134201, "crs_original": "EPSG:4326", "fecha_normalizacion": "2025-10-10 01:59:25" }, "geometry": { "type": "Point", "coordinates": [ 346798.420345900696702, 6298385.547313420102 ] } },
{ "type": "Feature", "properties": { "access": null, "addr_city": "Santiago", "addr_country": "CL", "addr_housenumber": "418", "addr_postcode": null, "addr_street": "San Antonio", "addr_unit": null, "amenity": "clinic", "brand": null, "building": null, "capacity": null, "cuisine": null, "denomination": null, "ele": null, "fee": null, "healthcare": "clinic", "healthcare_speciality": null, "name": "Laboratorios Médicos Santiago Centro", "name_en": null, "name_es": null, "opening_hours": "Mo-Fr 08:00-18:30; Sa 08:00-12:30", "operator": null, "parking": null, "phone": "+56226392276", "ref": null, "religion": null, "source_transform": null, "surface": null, "website": "https://laboratoriosmedicos.cl/", "wheelchair": null, "objectid": 6534254, "osm_id2": "4102780390", "centroide_x": 346767.76300764922, "centroide_y": 6298960.1613256, "crs_original": "EPSG:4326", "fecha_normalizacion": "2025-10-10 01:59:25" }, "geometry": { "type": "Point", "coordinates": [ 346767.763007649220526, 6298960.161325599998236 ] } },
{ "type": "Feature", "properties": { "access": null, "addr_city": "Santiago", "addr_country": "CL", "addr_housenumber": "37", "addr_postcode": null, "addr_street": "Dieciocho", "addr_unit": null, "amenity": "bar", "brand": null, "building": null, "capacity": null, "cuisine": null, "denomination": null, "ele": null, "fee": null, "healthcare": null, "healthcare_speciality": null, "name": "Taberna Rock", "name_en": null, "name_es": null, "opening_hours": null, "operator": null, "parking": null, "phone": null, "ref": null, "religion": null, "source_transform": null, "surface": null, "website": null, "wheelchair": null, "objectid": 6542206, "osm_id2": "979570165", "centroide_x": 345850.17070684268, "centroide_y": 6297980.9424901353, "crs_original": "EPSG:4326", "fecha_normalizacion": "2025-10-10 01:59:25" }, "geometry": { "type": "Point", "coordinates": [ 345850.170706842676736, 6297980.942490135319531 ] } },
{ "type": "Feature", "properties": { "access": null, "addr_city": "Santiago", "addr_country": "CL", "addr_housenumber": "141", "addr_postcode": null, "addr_street": "San Ignacio", "addr_unit": null, "amenity": "parking", "brand": null, "building": null, "capacity": null, "cuisine": null, "denomination": null, "ele": null, "fee": null, "healthcare": null, "healthcare_speciality": null, "name": null, "name_en": null, "name_es": null, "opening_hours": null, "operator": null, "parking": null, "phone": null, "ref": null, "religion": null, "source_transform": null, "surface": null, "website": null, "wheelchair": null, "objectid": 6542227, "osm_id2": "979570468", "centroide_x": 345981.83181053272, "centroide_y": 6297842.7801109403, "crs_original": "EPSG:4326", "fecha_normalizacion": "2025-10-10 01:59:25" }, "geometry": { "type": "Point", "coordinates": [ 345981.831810532719828, 6297842.780110940337181 ] } },
{ "type": "Feature", "properties": { "access": null, "addr_city": "Santiago", "addr_country": "CL", "addr_housenumber": "135", "addr_postcode": null, "addr_street": "San Ignacio", "addr_unit": null, "amenity": "college", "brand": null, "building": null, "capacity": null, "cuisine": null, "denomination": null, "ele": null, "fee": null, "healthcare": null, "healthcare_speciality": null, "name": "INACAP", "name_en": null, "name_es": null, "opening_hours": null, "operator": null, "parking": null, "phone": null, "ref": null, "religion": null, "source_transform": null, "surface": null, "website": null, "wheelchair": null, "objectid": 6542230, "osm_id2": "979570474", "centroide_x": 345982.74963686639, "centroide_y": 6297831.8695727503, "crs_original": "EPSG:4326", "fecha_normalizacion": "2025-10-10 01:59:25" }, "geometry": { "type": "Point", "coordinates": [ 345982.749636866385117, 6297831.869572750292718 ] } },
{ "type": "Feature", "properties": { "access": null, "addr_city": "Santiago", "addr_country": "CL", "addr_housenumber": "143", "addr_postcode": null, "addr_street": "San Ignacio", "addr_unit": null, "amenity": "restaurant", "brand": null, "building": null, "capacity": null, "cuisine": null, "denomination": null, "ele": null, "fee": null, "healthcare": null, "healthcare_speciality": null, "name": "Arramar", "name_en": null, "name_es": null, "opening_hours": null, "operator": null, "parking": null, "phone": null, "ref": null, "religion": null, "source_transform": null, "surface": null, "website": null, "wheelchair": null, "objectid": 6542233, "osm_id2": "979570485", "centroide_x": 345984.90640618565, "centroide_y": 6297821.9771405142, "crs_original": "EPSG:4326", "fecha_normalizacion": "2025-10-10 01:59:25" }, "geometry": { "type": "Point", "coordinates": [ 345984.906406185647938, 6297821.977140514180064 ] } },
{ "type": "Feature", "properties": { "access": null, "addr_city": "Santiago", "addr_country": "CL", "addr_housenumber": "929", "addr_postcode": null, "addr_street": null, "addr_unit": null, "amenity": "clinic", "brand": null, "building": null, "capacity": null, "cuisine": null, "denomination": null, "ele": null, "fee": null, "healthcare": "clinic", "healthcare_speciality": null, "name": "Clínica CELA Santiago Centro", "name_en": null, "name_es": null, "opening_hours": "Mo-Fr 09:00-20:00; Sa 09:30-16:00; Su,PH off", "operator": null, "parking": null, "phone": "+56223069251", "ref": null, "religion": null, "source_transform": null, "surface": null, "website": null, "wheelchair": null, "objectid": 6537273, "osm_id2": "5920962879", "centroide_x": 346675.45154848153, "centroide_y": 6298382.387548998, "crs_original": "EPSG:4326", "fecha_normalizacion": "2025-10-10 01:59:25" }, "geometry": { "type": "Point", "coordinates": [ 346675.451548481534701, 6298382.387548997998238 ] } },
{ "type": "Feature", "properties": { "access": null, "addr_city": "Santiago", "addr_country": "CL", "addr_housenumber": "56", "addr_postcode": null, "addr_street": "Paseo Estado", "addr_unit": null, "amenity": "pharmacy", "brand": "Farmacias Ahumada", "building": null, "capacity": null, "cuisine": null, "denomination": null, "ele": null, "fee": null, "healthcare": "pharmacy", "healthcare_speciality": null, "name": "Farmacias Ahumada", "name_en": null, "name_es": null, "opening_hours": null, "operator": null, "parking": null, "phone": "+5626971531", "ref": null, "religion": null, "source_transform": "Reconocimiento cartográfico 2016 por KG", "surface": null, "website": null, "wheelchair": null, "objectid": 6537278, "osm_id2": "867952093", "centroide_x": 346690.57541696064, "centroide_y": 6298356.9066611482, "crs_original": "EPSG:4326", "fecha_normalizacion": "2025-10-10 01:59:25" }, "geometry": { "type": "Point", "coordinates": [ 346690.575416960637085, 6298356.906661148183048 ] } },
{ "type": "Feature", "properties": { "access": null, "addr_city": "Santiago", "addr_country": "CL", "addr_housenumber": "136", "addr_postcode": null, "addr_street": "Dieciocho", "addr_unit": null, "amenity": "college", "brand": null, "building": null, "capacity": null, "cuisine": null, "denomination": null, "ele": null, "fee": null, "healthcare": null, "healthcare_speciality": null, "name": "PACE UTEM", "name_en": null, "name_es": null, "opening_hours": null, "operator": null, "parking": null, "phone": null, "ref": null, "religion": null, "source_transform": null, "surface": null, "website": null, "wheelchair": null, "objectid": 6542243, "osm_id2": "979570056", "centroide_x": 345916.38946451643, "centroide_y": 6297817.9007521849, "crs_original": "EPSG:4326", "fecha_normalizacion": "2025-10-10 01:59:25" }, "geometry": { "type": "Point", "coordinates": [ 345916.389464516425505, 6297817.900752184912562 ] } },
{ "type": "Feature", "properties": { "access": null, "addr_city": "Santiago", "addr_country": "CL", "addr_housenumber": "146", "addr_postcode": null, "addr_street": "Dieciocho", "addr_unit": null, "amenity": "college", "brand": null, "building": null, "capacity": null, "cuisine": null, "denomination": null, "ele": null, "fee": null, "healthcare": null, "healthcare_speciality": null, "name": "Universidad Tecnológica Metropolitana (HUB de Innovación)", "name_en": null, "name_es": null, "opening_hours": null, "operator": null, "parking": null, "phone": null, "ref": null, "religion": null, "source_transform": null, "surface": null, "website": "https://innova.utem.cl/hub-de-innovacion/", "wheelchair": null, "objectid": 6542245, "osm_id2": "979570046", "centroide_x": 345920.85379620182, "centroide_y": 6297803.8303471152, "crs_original": "EPSG:4326", "fecha_normalizacion": "2025-10-10 01:59:25" }, "geometry": { "type": "Point", "coordinates": [ 345920.853796201816294, 6297803.830347115173936 ] } },
{ "type": "Feature", "properties": { "access": null, "addr_city": "Santiago", "addr_country": "CL", "addr_housenumber": "965", "addr_postcode": null, "addr_street": "Avenida Libertador Bernardo O'Higgins", "addr_unit": null, "amenity": "pharmacy", "brand": "SalcoBrand", "building": null, "capacity": null, "cuisine": null, "denomination": null, "ele": null, "fee": null, "healthcare": "pharmacy", "healthcare_speciality": null, "name": "SalcoBrand", "name_en": null, "name_es": null, "opening_hours": null, "operator": null, "parking": null, "phone": "+5626819474", "ref": null, "religion": null, "source_transform": "Reconocimiento cortográfico de campo 2016 por KG", "surface": null, "website": null, "wheelchair": null, "objectid": 6537321, "osm_id2": "867952683", "centroide_x": 346638.76469054224, "centroide_y": 6298333.4578133356, "crs_original": "EPSG:4326", "fecha_normalizacion": "2025-10-10 01:59:25" }, "geometry": { "type": "Point", "coordinates": [ 346638.764690542244352, 6298333.457813335582614 ] } },
{ "type": "Feature", "properties": { "access": null, "addr_city": "Santiago", "addr_country": null, "addr_housenumber": null, "addr_postcode": null, "addr_street": "Metro Universidad de Chile", "addr_unit": null, "amenity": "post_office", "brand": "Chilexpress", "building": null, "capacity": null, "cuisine": null, "denomination": null, "ele": null, "fee": null, "healthcare": null, "healthcare_speciality": null, "name": "Chilexpress", "name_en": null, "name_es": null, "opening_hours": null, "operator": null, "parking": null, "phone": null, "ref": null, "religion": null, "source_transform": null, "surface": null, "website": "https://www.chilexpress.cl/", "wheelchair": null, "objectid": 6537328, "osm_id2": "3895633962", "centroide_x": 346595.91938293725, "centroide_y": 6298328.6515358854, "crs_original": "EPSG:4326", "fecha_normalizacion": "2025-10-10 01:59:25" }, "geometry": { "type": "Point", "coordinates": [ 346595.919382937252522, 6298328.651535885408521 ] } },
{ "type": "Feature", "properties": { "access": null, "addr_city": "Santiago", "addr_country": null, "addr_housenumber": "23", "addr_postcode": null, "addr_street": "Serrano", "addr_unit": null, "amenity": "bicycle_rental", "brand": "Bikesantiago", "building": null, "capacity": "31", "cuisine": null, "denomination": null, "ele": null, "fee": null, "healthcare": null, "healthcare_speciality": null, "name": "Metro Universidad de Chile", "name_en": null, "name_es": null, "opening_hours": null, "operator": "Bikesantiago", "parking": null, "phone": null, "ref": null, "religion": null, "source_transform": null, "surface": null, "website": null, "wheelchair": null, "objectid": 6537343, "osm_id2": "3645490045", "centroide_x": 346679.06479471951, "centroide_y": 6298261.936699681, "crs_original": "EPSG:4326", "fecha_normalizacion": "2025-10-10 01:59:25" }, "geometry": { "type": "Point", "coordinates": [ 346679.064794719510246, 6298261.93669968098402 ] } },
{ "type": "Feature", "properties": { "access": null, "addr_city": "Santiago", "addr_country": null, "addr_housenumber": "1331", "addr_postcode": null, "addr_street": "Valentín Letelier", "addr_unit": null, "amenity": "cafe", "brand": null, "building": null, "capacity": null, "cuisine": null, "denomination": null, "ele": null, "fee": null, "healthcare": null, "healthcare_speciality": null, "name": "Maldito Buen Café", "name_en": null, "name_es": null, "opening_hours": null, "operator": null, "parking": null, "phone": null, "ref": null, "religion": null, "source_transform": null, "surface": null, "website": null, "wheelchair": null, "objectid": 6537419, "osm_id2": "4619382990", "centroide_x": 346167.19515759056, "centroide_y": 6298337.4399756994, "crs_original": "EPSG:4326", "fecha_normalizacion": "2025-10-10 01:59:25" }, "geometry": { "type": "Point", "coordinates": [ 346167.195157590555027, 6298337.439975699409842 ] } },
{ "type": "Feature", "properties": { "access": "yes", "addr_city": "Santiago", "addr_country": null, "addr_housenumber": null, "addr_postcode": null, "addr_street": "Teatinos", "addr_unit": null, "amenity": "parking_entrance", "brand": null, "building": null, "capacity": null, "cuisine": null, "denomination": null, "ele": null, "fee": null, "healthcare": null, "healthcare_speciality": null, "name": "Parking La Moneda", "name_en": null, "name_es": null, "opening_hours": null, "operator": "Saba", "parking": "underground", "phone": null, "ref": null, "religion": null, "source_transform": null, "surface": null, "website": null, "wheelchair": "yes", "objectid": 6537448, "osm_id2": "2084985038", "centroide_x": 346242.22181071108, "centroide_y": 6298237.1254630182, "crs_original": "EPSG:4326", "fecha_normalizacion": "2025-10-10 01:59:25" }, "geometry": { "type": "Point", "coordinates": [ 346242.221810711082071, 6298237.125463018193841 ] } },
{ "type": "Feature", "properties": { "access": null, "addr_city": "Santiago", "addr_country": null, "addr_housenumber": null, "addr_postcode": null, "addr_street": "Teatinos", "addr_unit": null, "amenity": "pharmacy", "brand": "Farmacias Ahumada", "building": null, "capacity": null, "cuisine": null, "denomination": null, "ele": null, "fee": null, "healthcare": "pharmacy", "healthcare_speciality": null, "name": "Farmacias Ahumada", "name_en": null, "name_es": null, "opening_hours": null, "operator": null, "parking": null, "phone": null, "ref": null, "religion": null, "source_transform": "Reconocimiento cortográfico de campo 2016 por KG", "surface": null, "website": null, "wheelchair": null, "objectid": 6537451, "osm_id2": "4453903058", "centroide_x": 346228.29278411128, "centroide_y": 6298232.4560890235, "crs_original": "EPSG:4326", "fecha_normalizacion": "2025-10-10 01:59:25" }, "geometry": { "type": "Point", "coordinates": [ 346228.292784111283254, 6298232.456089023500681 ] } },
{ "type": "Feature", "properties": { "access": null, "addr_city": "Santiago", "addr_country": "CL", "addr_housenumber": "105", "addr_postcode": null, "addr_street": "Dieciocho", "addr_unit": null, "amenity": "bar", "brand": null, "building": null, "capacity": null, "cuisine": null, "denomination": null, "ele": null, "fee": null, "healthcare": null, "healthcare_speciality": null, "name": "El Rincon ciudadano", "name_en": null, "name_es": null, "opening_hours": null, "operator": null, "parking": null, "phone": null, "ref": null, "religion": null, "source_transform": null, "surface": null, "website": null, "wheelchair": null, "objectid": 6542249, "osm_id2": "979570080", "centroide_x": 345870.50171582302, "centroide_y": 6297893.7885305025, "crs_original": "EPSG:4326", "fecha_normalizacion": "2025-10-10 01:59:25" }, "geometry": { "type": "Point", "coordinates": [ 345870.501715823018458, 6297893.788530502468348 ] } },
{ "type": "Feature", "properties": { "access": null, "addr_city": "Santiago", "addr_country": null, "addr_housenumber": "1738", "addr_postcode": null, "addr_street": "Sazié", "addr_unit": null, "amenity": "cafe", "brand": null, "building": null, "capacity": null, "cuisine": null, "denomination": null, "ele": null, "fee": null, "healthcare": null, "healthcare_speciality": null, "name": "Café Guerrier", "name_en": null, "name_es": null, "opening_hours": null, "operator": null, "parking": null, "phone": null, "ref": null, "religion": null, "source_transform": null, "surface": null, "website": null, "wheelchair": null, "objectid": 6542436, "osm_id2": "3058134717", "centroide_x": 345703.37232626614, "centroide_y": 6297650.2688160185, "crs_original": "EPSG:4326", "fecha_normalizacion": "2025-10-10 01:59:25" }, "geometry": { "type": "Point", "coordinates": [ 345703.372326266136952, 6297650.268816018477082 ] } },
{ "type": "Feature", "properties": { "access": null, "addr_city": "Santiago", "addr_country": "CL", "addr_housenumber": "219", "addr_postcode": null, "addr_street": "Ejército Libertador", "addr_unit": null, "amenity": "clinic", "brand": null, "building": null, "capacity": null, "cuisine": null, "denomination": null, "ele": null, "fee": null, "healthcare": "clinic", "healthcare_speciality": null, "name": "Clínica odontologica UDP", "name_en": null, "name_es": null, "opening_hours": null, "operator": null, "parking": null, "phone": null, "ref": null, "religion": null, "source_transform": null, "surface": null, "website": "https://clinicaodontologica.udp.cl", "wheelchair": null, "objectid": 6542473, "osm_id2": "3058138092", "centroide_x": 345606.04749145516, "centroide_y": 6297599.9331368599, "crs_original": "EPSG:4326", "fecha_normalizacion": "2025-10-10 01:59:25" }, "geometry": { "type": "Point", "coordinates": [ 345606.047491455159616, 6297599.9331368599087 ] } },
{ "type": "Feature", "properties": { "access": null, "addr_city": "Santiago", "addr_country": null, "addr_housenumber": "1899", "addr_postcode": null, "addr_street": "Sazié", "addr_unit": null, "amenity": "kindergarten", "brand": null, "building": null, "capacity": null, "cuisine": null, "denomination": null, "ele": null, "fee": null, "healthcare": null, "healthcare_speciality": null, "name": "Jardín Infantil Vitamina Sazié", "name_en": null, "name_es": null, "opening_hours": null, "operator": null, "parking": null, "phone": null, "ref": null, "religion": null, "source_transform": null, "surface": null, "website": null, "wheelchair": null, "objectid": 6542480, "osm_id2": "4458332604", "centroide_x": 345530.3716171814, "centroide_y": 6297626.7402401054, "crs_original": "EPSG:4326", "fecha_normalizacion": "2025-10-10 01:59:25" }, "geometry": { "type": "Point", "coordinates": [ 345530.371617181401234, 6297626.740240105427802 ] } },
{ "type": "Feature", "properties": { "access": null, "addr_city": "Santiago", "addr_country": null, "addr_housenumber": "219", "addr_postcode": null, "addr_street": "Vergara", "addr_unit": null, "amenity": "school", "brand": null, "building": null, "capacity": null, "cuisine": null, "denomination": null, "ele": null, "fee": null, "healthcare": null, "healthcare_speciality": null, "name": "Liceo Francés", "name_en": null, "name_es": null, "opening_hours": null, "operator": "3", "parking": null, "phone": null, "ref": null, "religion": null, "source_transform": "Gobierno Regional Metropolitano de Santiago (http://www.gobiernosantiago.cl/)", "surface": null, "website": null, "wheelchair": null, "objectid": 6542484, "osm_id2": "906429642", "centroide_x": 345513.40200567117, "centroide_y": 6297597.7418576498, "crs_original": "EPSG:4326", "fecha_normalizacion": "2025-10-10 01:59:25" }, "geometry": { "type": "Point", "coordinates": [ 345513.402005671174265, 6297597.741857649758458 ] } },
{ "type": "Feature", "properties": { "access": null, "addr_city": "Santiago", "addr_country": null, "addr_housenumber": "763", "addr_postcode": null, "addr_street": "Matucana", "addr_unit": null, "amenity": "post_office", "brand": "Chilexpress", "building": null, "capacity": null, "cuisine": null, "denomination": null, "ele": null, "fee": null, "healthcare": null, "healthcare_speciality": null, "name": "Chilexpress", "name_en": null, "name_es": null, "opening_hours": null, "operator": null, "parking": null, "phone": null, "ref": null, "religion": null, "source_transform": null, "surface": null, "website": "https://www.chilexpress.cl/", "wheelchair": null, "objectid": 6535911, "osm_id2": "3895710285", "centroide_x": 343819.54093069525, "centroide_y": 6299068.7512466917, "crs_original": "EPSG:4326", "fecha_normalizacion": "2025-10-10 01:59:25" }, "geometry": { "type": "Point", "coordinates": [ 343819.540930695249699, 6299068.751246691681445 ] } },
{ "type": "Feature", "properties": { "access": null, "addr_city": "Santiago", "addr_country": "CL", "addr_housenumber": "206", "addr_postcode": null, "addr_street": "San Antonio", "addr_unit": null, "amenity": "pharmacy", "brand": "SalcoBrand", "building": null, "capacity": null, "cuisine": null, "denomination": null, "ele": null, "fee": null, "healthcare": "pharmacy", "healthcare_speciality": null, "name": "SalcoBrand", "name_en": null, "name_es": null, "opening_hours": null, "operator": null, "parking": null, "phone": "+5626641961", "ref": null, "religion": null, "source_transform": null, "surface": null, "website": null, "wheelchair": null, "objectid": 6536120, "osm_id2": "867953144", "centroide_x": 346803.0130265574, "centroide_y": 6298806.0729282182, "crs_original": "EPSG:4326", "fecha_normalizacion": "2025-10-10 01:59:25" }, "geometry": { "type": "Point", "coordinates": [ 346803.013026557397097, 6298806.072928218171 ] } },
{ "type": "Feature", "properties": { "access": null, "addr_city": "Santiago", "addr_country": null, "addr_housenumber": "160", "addr_postcode": null, "addr_street": null, "addr_unit": null, "amenity": "school", "brand": null, "building": null, "capacity": null, "cuisine": null, "denomination": null, "ele": null, "fee": null, "healthcare": null, "healthcare_speciality": null, "name": "Colegio Lorenzo Sazie", "name_en": null, "name_es": null, "opening_hours": null, "operator": "3", "parking": null, "phone": null, "ref": null, "religion": null, "source_transform": "Gobierno Regional Metropolitano de Santiago (http://www.gobiernosantiago.cl/)", "surface": null, "website": null, "wheelchair": null, "objectid": 6542495, "osm_id2": "906409231", "centroide_x": 345294.3763101222, "centroide_y": 6297617.2952923179, "crs_original": "EPSG:4326", "fecha_normalizacion": "2025-10-10 01:59:25" }, "geometry": { "type": "Point", "coordinates": [ 345294.376310122199357, 6297617.295292317867279 ] } },
{ "type": "Feature", "properties": { "access": null, "addr_city": "Santiago", "addr_country": null, "addr_housenumber": "1070", "addr_postcode": null, "addr_street": "Avenida 10 de Julio", "addr_unit": null, "amenity": "restaurant", "brand": null, "building": null, "capacity": null, "cuisine": "sandwich", "denomination": null, "ele": null, "fee": null, "healthcare": null, "healthcare_speciality": null, "name": "La Combi de Katty", "name_en": null, "name_es": null, "opening_hours": null, "operator": null, "parking": null, "phone": null, "ref": null, "religion": null, "source_transform": null, "surface": null, "website": null, "wheelchair": null, "objectid": 6544484, "osm_id2": "5231046290", "centroide_x": 346697.54383916961, "centroide_y": 6297149.2945853937, "crs_original": "EPSG:4326", "fecha_normalizacion": "2025-10-10 01:59:25" }, "geometry": { "type": "Point", "coordinates": [ 346697.543839169607963, 6297149.294585393741727 ] } },
{ "type": "Feature", "properties": { "access": null, "addr_city": "Santiago", "addr_country": null, "addr_housenumber": null, "addr_postcode": null, "addr_street": "Avenida 10 de Julio", "addr_unit": null, "amenity": "bank", "brand": "Itaú Corpbanca", "building": null, "capacity": null, "cuisine": null, "denomination": null, "ele": null, "fee": null, "healthcare": null, "healthcare_speciality": null, "name": "Itaú", "name_en": null, "name_es": null, "opening_hours": null, "operator": null, "parking": null, "phone": null, "ref": null, "religion": null, "source_transform": "Reconocimiento cartográfico 2016 por KG.", "surface": null, "website": null, "wheelchair": null, "objectid": 6544488, "osm_id2": "4465503590", "centroide_x": 346678.56855552935, "centroide_y": 6297143.991051374, "crs_original": "EPSG:4326", "fecha_normalizacion": "2025-10-10 01:59:25" }, "geometry": { "type": "Point", "coordinates": [ 346678.568555529345758, 6297143.991051374003291 ] } },
{ "type": "Feature", "properties": { "access": null, "addr_city": "Santiago", "addr_country": null, "addr_housenumber": null, "addr_postcode": null, "addr_street": "Condor", "addr_unit": null, "amenity": "cafe", "brand": null, "building": null, "capacity": null, "cuisine": null, "denomination": null, "ele": null, "fee": null, "healthcare": null, "healthcare_speciality": null, "name": "La Cafeteria", "name_en": null, "name_es": null, "opening_hours": null, "operator": null, "parking": null, "phone": null, "ref": null, "religion": null, "source_transform": null, "surface": null, "website": null, "wheelchair": null, "objectid": 6542546, "osm_id2": "6114184771", "centroide_x": 346706.497083797, "centroide_y": 6297584.50897328, "crs_original": "EPSG:4326", "fecha_normalizacion": "2025-10-10 01:59:25" }, "geometry": { "type": "Point", "coordinates": [ 346706.497083797003143, 6297584.508973279967904 ] } },
{ "type": "Feature", "properties": { "access": null, "addr_city": "Santiago", "addr_country": null, "addr_housenumber": null, "addr_postcode": null, "addr_street": "Cóndor", "addr_unit": null, "amenity": "veterinary", "brand": null, "building": null, "capacity": null, "cuisine": null, "denomination": null, "ele": null, "fee": null, "healthcare": null, "healthcare_speciality": null, "name": "Mascotikas", "name_en": null, "name_es": null, "opening_hours": null, "operator": null, "parking": null, "phone": null, "ref": null, "religion": null, "source_transform": null, "surface": null, "website": null, "wheelchair": null, "objectid": 6542549, "osm_id2": "6114184969", "centroide_x": 346693.00561282143, "centroide_y": 6297581.610707595, "crs_original": "EPSG:4326", "fecha_normalizacion": "2025-10-10 01:59:25" }, "geometry": { "type": "Point", "coordinates": [ 346693.005612821434624, 6297581.610707595013082 ] } },
{ "type": "Feature", "properties": { "access": null, "addr_city": "Santiago", "addr_country": null, "addr_housenumber": "1086", "addr_postcode": null, "addr_street": "Avenida 10 de Julio", "addr_unit": null, "amenity": "bank", "brand": "Banco de Chile", "building": null, "capacity": null, "cuisine": null, "denomination": null, "ele": null, "fee": null, "healthcare": null, "healthcare_speciality": null, "name": "Banco de Chile", "name_en": null, "name_es": null, "opening_hours": null, "operator": null, "parking": null, "phone": null, "ref": null, "religion": null, "source_transform": "Reconocimiento cartográfico 2016 por KG.", "surface": null, "website": null, "wheelchair": null, "objectid": 6544489, "osm_id2": "4465503589", "centroide_x": 346667.55326729972, "centroide_y": 6297142.1080756392, "crs_original": "EPSG:4326", "fecha_normalizacion": "2025-10-10 01:59:25" }, "geometry": { "type": "Point", "coordinates": [ 346667.553267299721483, 6297142.108075639232993 ] } },
{ "type": "Feature", "properties": { "access": null, "addr_city": "Santiago", "addr_country": null, "addr_housenumber": "75", "addr_postcode": null, "addr_street": "Serrano", "addr_unit": null, "amenity": "cafe", "brand": "Starbucks", "building": null, "capacity": null, "cuisine": "coffee_shop", "denomination": null, "ele": null, "fee": null, "healthcare": null, "healthcare_speciality": null, "name": "Starbucks", "name_en": null, "name_es": null, "opening_hours": null, "operator": null, "parking": null, "phone": null, "ref": null, "religion": null, "source_transform": null, "surface": null, "website": null, "wheelchair": null, "objectid": 6537564, "osm_id2": "5703393907", "centroide_x": 346687.19691708521, "centroide_y": 6298125.0867986381, "crs_original": "EPSG:4326", "fecha_normalizacion": "2025-10-10 01:59:25" }, "geometry": { "type": "Point", "coordinates": [ 346687.196917085209861, 6298125.086798638105392 ] } },
{ "type": "Feature", "properties": { "access": null, "addr_city": "Santiago", "addr_country": null, "addr_housenumber": null, "addr_postcode": null, "addr_street": "Avenida Libertador Bernardo O'Higgins", "addr_unit": null, "amenity": "fast_food", "brand": "Burger King", "building": null, "capacity": null, "cuisine": "burger", "denomination": null, "ele": null, "fee": null, "healthcare": null, "healthcare_speciality": null, "name": "Burger King", "name_en": null, "name_es": null, "opening_hours": null, "operator": null, "parking": null, "phone": null, "ref": null, "religion": null, "source_transform": "Reconocimiento cortográfico de campo 2016 por KG", "surface": null, "website": null, "wheelchair": null, "objectid": 6537646, "osm_id2": "4455403637", "centroide_x": 346173.48617322603, "centroide_y": 6298222.6549312901, "crs_original": "EPSG:4326", "fecha_normalizacion": "2025-10-10 01:59:25" }, "geometry": { "type": "Point", "coordinates": [ 346173.486173226032406, 6298222.654931290075183 ] } },
{ "type": "Feature", "properties": { "access": null, "addr_city": "Santiago", "addr_country": null, "addr_housenumber": "801", "addr_postcode": null, "addr_street": "Huérfanos", "addr_unit": null, "amenity": "post_office", "brand": "Chilexpress", "building": null, "capacity": null, "cuisine": null, "denomination": null, "ele": null, "fee": null, "healthcare": null, "healthcare_speciality": null, "name": "Chilexpress", "name_en": null, "name_es": null, "opening_hours": null, "operator": "Chilexpress", "parking": null, "phone": null, "ref": null, "religion": null, "source_transform": null, "surface": null, "website": "https://www.chilexpress.cl/", "wheelchair": null, "objectid": 6536130, "osm_id2": "3895611126", "centroide_x": 346766.75121699879, "centroide_y": 6298805.8306703083, "crs_original": "EPSG:4326", "fecha_normalizacion": "2025-10-10 01:59:25" }, "geometry": { "type": "Point", "coordinates": [ 346766.751216998789459, 6298805.830670308321714 ] } },
{ "type": "Feature", "properties": { "access": null, "addr_city": "Santiago", "addr_country": null, "addr_housenumber": null, "addr_postcode": null, "addr_street": "Huérfanos", "addr_unit": null, "amenity": "cinema", "brand": "Cinépolis", "building": null, "capacity": null, "cuisine": null, "denomination": null, "ele": null, "fee": null, "healthcare": null, "healthcare_speciality": null, "name": "Cinepolis", "name_en": null, "name_es": null, "opening_hours": null, "operator": null, "parking": null, "phone": null, "ref": null, "religion": null, "source_transform": null, "surface": null, "website": null, "wheelchair": null, "objectid": 6536165, "osm_id2": "5249104708", "centroide_x": 346759.24524392316, "centroide_y": 6298766.6588146053, "crs_original": "EPSG:4326", "fecha_normalizacion": "2025-10-10 01:59:25" }, "geometry": { "type": "Point", "coordinates": [ 346759.245243923156522, 6298766.65881460532546 ] } },
{ "type": "Feature", "properties": { "access": null, "addr_city": "Santiago", "addr_country": null, "addr_housenumber": null, "addr_postcode": null, "addr_street": "Cóndor", "addr_unit": null, "amenity": "restaurant", "brand": null, "building": null, "capacity": null, "cuisine": null, "denomination": null, "ele": null, "fee": null, "healthcare": null, "healthcare_speciality": null, "name": "El Rincón de María", "name_en": null, "name_es": null, "opening_hours": null, "operator": null, "parking": null, "phone": null, "ref": null, "religion": null, "source_transform": null, "surface": null, "website": null, "wheelchair": null, "objectid": 6542558, "osm_id2": "6114184971", "centroide_x": 346674.50180649979, "centroide_y": 6297561.1971327402, "crs_original": "EPSG:4326", "fecha_normalizacion": "2025-10-10 01:59:25" }, "geometry": { "type": "Point", "coordinates": [ 346674.501806499785744, 6297561.197132740169764 ] } },
{ "type": "Feature", "properties": { "access": null, "addr_city": "Santiago", "addr_country": null, "addr_housenumber": null, "addr_postcode": null, "addr_street": "San Diego", "addr_unit": null, "amenity": "restaurant", "brand": null, "building": null, "capacity": null, "cuisine": null, "denomination": null, "ele": null, "fee": null, "healthcare": null, "healthcare_speciality": null, "name": null, "name_en": null, "name_es": null, "opening_hours": null, "operator": null, "parking": null, "phone": null, "ref": null, "religion": null, "source_transform": "Reconocimiento cortográfico de campo 2016 por KG", "surface": null, "website": null, "wheelchair": null, "objectid": 6542577, "osm_id2": "4474194156", "centroide_x": 346604.01072015986, "centroide_y": 6297539.2813935066, "crs_original": "EPSG:4326", "fecha_normalizacion": "2025-10-10 01:59:25" }, "geometry": { "type": "Point", "coordinates": [ 346604.010720159858465, 6297539.2813935065642 ] } },
{ "type": "Feature", "properties": { "access": null, "addr_city": "Santiago", "addr_country": null, "addr_housenumber": "1395", "addr_postcode": null, "addr_street": "Avenida Libertador Bernardo O'Higgins", "addr_unit": null, "amenity": "pharmacy", "brand": "SalcoBrand", "building": null, "capacity": null, "cuisine": null, "denomination": null, "ele": null, "fee": null, "healthcare": "pharmacy", "healthcare_speciality": null, "name": "SalcoBrand", "name_en": null, "name_es": null, "opening_hours": null, "operator": null, "parking": null, "phone": null, "ref": null, "religion": null, "source_transform": null, "surface": null, "website": null, "wheelchair": null, "objectid": 6537649, "osm_id2": "4455403645", "centroide_x": 346114.58267299214, "centroide_y": 6298200.9536216315, "crs_original": "EPSG:4326", "fecha_normalizacion": "2025-10-10 01:59:25" }, "geometry": { "type": "Point", "coordinates": [ 346114.582672992139123, 6298200.953621631488204 ] } },
{ "type": "Feature", "properties": { "access": null, "addr_city": "Santiago", "addr_country": null, "addr_housenumber": null, "addr_postcode": null, "addr_street": "Estación Metro Moneda", "addr_unit": null, "amenity": "post_office", "brand": "Chilexpress", "building": null, "capacity": null, "cuisine": null, "denomination": null, "ele": null, "fee": null, "healthcare": null, "healthcare_speciality": null, "name": "Chilexpress", "name_en": null, "name_es": null, "opening_hours": null, "operator": "Chilexpress", "parking": null, "phone": null, "ref": null, "religion": null, "source_transform": null, "surface": null, "website": "https://www.chilexpress.cl/", "wheelchair": null, "objectid": 6537664, "osm_id2": "3895612777", "centroide_x": 346165.08574259176, "centroide_y": 6298120.7238777392, "crs_original": "EPSG:4326", "fecha_normalizacion": "2025-10-10 01:59:25" }, "geometry": { "type": "Point", "coordinates": [ 346165.085742591763847, 6298120.723877739161253 ] } },
{ "type": "Feature", "properties": { "access": null, "addr_city": "Santiago", "addr_country": null, "addr_housenumber": "437", "addr_postcode": null, "addr_street": "San Diego", "addr_unit": null, "amenity": "pharmacy", "brand": null, "building": null, "capacity": null, "cuisine": null, "denomination": null, "ele": null, "fee": null, "healthcare": "pharmacy", "healthcare_speciality": null, "name": "FarmaEco", "name_en": null, "name_es": null, "opening_hours": null, "operator": null, "parking": null, "phone": "+56226955983", "ref": null, "religion": null, "source_transform": null, "surface": null, "website": null, "wheelchair": null, "objectid": 6542587, "osm_id2": "2782451734", "centroide_x": 346587.12623435934, "centroide_y": 6297499.4722583378, "crs_original": "EPSG:4326", "fecha_normalizacion": "2025-10-10 01:59:25" }, "geometry": { "type": "Point", "coordinates": [ 346587.126234359340742, 6297499.472258337773383 ] } },
{ "type": "Feature", "properties": { "access": null, "addr_city": "Santiago", "addr_country": null, "addr_housenumber": "520", "addr_postcode": null, "addr_street": "San Francisco", "addr_unit": null, "amenity": "fast_food", "brand": "Domino's", "building": null, "capacity": null, "cuisine": "pizza", "denomination": null, "ele": null, "fee": null, "healthcare": null, "healthcare_speciality": null, "name": "Domino's", "name_en": null, "name_es": null, "opening_hours": null, "operator": null, "parking": null, "phone": null, "ref": null, "religion": null, "source_transform": null, "surface": null, "website": null, "wheelchair": null, "objectid": 6542588, "osm_id2": "5319186022", "centroide_x": 346966.81902090379, "centroide_y": 6297492.0865141489, "crs_original": "EPSG:4326", "fecha_normalizacion": "2025-10-10 01:59:25" }, "geometry": { "type": "Point", "coordinates": [ 346966.819020903785713, 6297492.08651414886117 ] } },
{ "type": "Feature", "properties": { "access": null, "addr_city": "Santiago", "addr_country": "CL", "addr_housenumber": null, "addr_postcode": null, "addr_street": "Avenida 10 de Julio", "addr_unit": null, "amenity": "bank", "brand": "BCI", "building": null, "capacity": null, "cuisine": null, "denomination": null, "ele": null, "fee": null, "healthcare": null, "healthcare_speciality": null, "name": "BCI", "name_en": null, "name_es": null, "opening_hours": null, "operator": null, "parking": null, "phone": null, "ref": null, "religion": null, "source_transform": null, "surface": null, "website": null, "wheelchair": null, "objectid": 6544508, "osm_id2": "4465518731", "centroide_x": 346606.38492451923, "centroide_y": 6297128.736420691, "crs_original": "EPSG:4326", "fecha_normalizacion": "2025-10-10 01:59:25" }, "geometry": { "type": "Point", "coordinates": [ 346606.384924519225024, 6297128.736420691013336 ] } },
{ "type": "Feature", "properties": { "access": null, "addr_city": "Santiago", "addr_country": null, "addr_housenumber": null, "addr_postcode": null, "addr_street": "Copiapó", "addr_unit": null, "amenity": "restaurant", "brand": null, "building": null, "capacity": null, "cuisine": null, "denomination": null, "ele": null, "fee": null, "healthcare": null, "healthcare_speciality": null, "name": "Sabor Oriental", "name_en": null, "name_es": null, "opening_hours": null, "operator": null, "parking": null, "phone": null, "ref": null, "religion": null, "source_transform": "Reconocimiento cortográfico de campo 2016 por KG", "surface": null, "website": null, "wheelchair": null, "objectid": 6544538, "osm_id2": "4456682872", "centroide_x": 346695.48710640159, "centroide_y": 6297015.3106579622, "crs_original": "EPSG:4326", "fecha_normalizacion": "2025-10-10 01:59:25" }, "geometry": { "type": "Point", "coordinates": [ 346695.487106401589699, 6297015.310657962225378 ] } },
{ "type": "Feature", "properties": { "access": null, "addr_city": "Santiago", "addr_country": null, "addr_housenumber": null, "addr_postcode": null, "addr_street": "San Antonio", "addr_unit": null, "amenity": "pharmacy", "brand": null, "building": null, "capacity": null, "cuisine": null, "denomination": null, "ele": null, "fee": null, "healthcare": "pharmacy", "healthcare_speciality": null, "name": "Farmacia Mapuche Makelawen", "name_en": null, "name_es": null, "opening_hours": null, "operator": null, "parking": null, "phone": null, "ref": null, "religion": null, "source_transform": "Reconocimiento cartográfico de campo 2016 por KG", "surface": null, "website": null, "wheelchair": null, "objectid": 6536193, "osm_id2": "4452590268", "centroide_x": 346794.86307460733, "centroide_y": 6298704.2910463754, "crs_original": "EPSG:4326", "fecha_normalizacion": "2025-10-10 01:59:25" }, "geometry": { "type": "Point", "coordinates": [ 346794.863074607332237, 6298704.291046375408769 ] } },
{ "type": "Feature", "properties": { "access": null, "addr_city": "Santiago", "addr_country": null, "addr_housenumber": null, "addr_postcode": null, "addr_street": "Santa Isabel", "addr_unit": null, "amenity": "fast_food", "brand": null, "building": null, "capacity": null, "cuisine": "pizza", "denomination": null, "ele": null, "fee": null, "healthcare": null, "healthcare_speciality": null, "name": "Papa John's", "name_en": null, "name_es": null, "opening_hours": null, "operator": null, "parking": null, "phone": null, "ref": null, "religion": null, "source_transform": null, "surface": null, "website": null, "wheelchair": null, "objectid": 6542594, "osm_id2": "5685223621", "centroide_x": 346909.77823100856, "centroide_y": 6297456.8878493924, "crs_original": "EPSG:4326", "fecha_normalizacion": "2025-10-10 01:59:25" }, "geometry": { "type": "Point", "coordinates": [ 346909.778231008560397, 6297456.88784939236939 ] } },
{ "type": "Feature", "properties": { "access": null, "addr_city": "Santiago", "addr_country": null, "addr_housenumber": "480", "addr_postcode": null, "addr_street": "San Diego", "addr_unit": null, "amenity": "dentist", "brand": null, "building": null, "capacity": null, "cuisine": null, "denomination": null, "ele": null, "fee": null, "healthcare": "dentist", "healthcare_speciality": null, "name": "Centro Odontológico Parque Almagro", "name_en": null, "name_es": null, "opening_hours": null, "operator": null, "parking": null, "phone": null, "ref": null, "religion": null, "source_transform": null, "surface": null, "website": null, "wheelchair": null, "objectid": 6542630, "osm_id2": "8570077963", "centroide_x": 346638.88678283815, "centroide_y": 6297445.5692082085, "crs_original": "EPSG:4326", "fecha_normalizacion": "2025-10-10 01:59:25" }, "geometry": { "type": "Point", "coordinates": [ 346638.886782838148065, 6297445.569208208471537 ] } },
{ "type": "Feature", "properties": { "access": null, "addr_city": "Santiago", "addr_country": null, "addr_housenumber": "76", "addr_postcode": null, "addr_street": "Avenida Presidente Bulnes", "addr_unit": null, "amenity": "cafe", "brand": null, "building": null, "capacity": null, "cuisine": null, "denomination": null, "ele": null, "fee": null, "healthcare": null, "healthcare_speciality": null, "name": "Bulnes Coffee Shop", "name_en": null, "name_es": null, "opening_hours": null, "operator": null, "parking": null, "phone": null, "ref": null, "religion": null, "source_transform": null, "surface": null, "website": null, "wheelchair": null, "objectid": 6537702, "osm_id2": "3068691304", "centroide_x": 346356.44912838191, "centroide_y": 6298060.1822139043, "crs_original": "EPSG:4326", "fecha_normalizacion": "2025-10-10 01:59:25" }, "geometry": { "type": "Point", "coordinates": [ 346356.44912838190794, 6298060.182213904336095 ] } },
{ "type": "Feature", "properties": { "access": null, "addr_city": "Santiago", "addr_country": null, "addr_housenumber": "35", "addr_postcode": null, "addr_street": "Nataniel Cox", "addr_unit": null, "amenity": "cafe", "brand": null, "building": null, "capacity": null, "cuisine": null, "denomination": null, "ele": null, "fee": null, "healthcare": null, "healthcare_speciality": null, "name": "Café El Quijote", "name_en": null, "name_es": "Café El Quijote", "opening_hours": null, "operator": null, "parking": null, "phone": null, "ref": null, "religion": null, "source_transform": "Reconocimiento cortográfico de campo 2016 por KG", "surface": null, "website": null, "wheelchair": null, "objectid": 6537721, "osm_id2": "4406238592", "centroide_x": 346245.97906256735, "centroide_y": 6298093.9503970034, "crs_original": "EPSG:4326", "fecha_normalizacion": "2025-10-10 01:59:25" }, "geometry": { "type": "Point", "coordinates": [ 346245.979062567348592, 6298093.950397003442049 ] } },
{ "type": "Feature", "properties": { "access": null, "addr_city": "Santiago", "addr_country": null, "addr_housenumber": "745-749", "addr_postcode": null, "addr_street": "Nataniel Cox", "addr_unit": null, "amenity": "school", "brand": null, "building": null, "capacity": null, "cuisine": null, "denomination": null, "ele": null, "fee": null, "healthcare": null, "healthcare_speciality": null, "name": "Escuela Especial Melodia", "name_en": null, "name_es": null, "opening_hours": null, "operator": "3", "parking": null, "phone": null, "ref": null, "religion": null, "source_transform": "Gobierno Regional Metropolitano de Santiago (http://www.gobiernosantiago.cl/)", "surface": null, "website": null, "wheelchair": null, "objectid": 6544587, "osm_id2": "906429100", "centroide_x": 346401.65871780936, "centroide_y": 6297042.2187681515, "crs_original": "EPSG:4326", "fecha_normalizacion": "2025-10-10 01:59:25" }, "geometry": { "type": "Point", "coordinates": [ 346401.658717809361406, 6297042.218768151476979 ] } },
{ "type": "Feature", "properties": { "access": null, "addr_city": "Santiago", "addr_country": null, "addr_housenumber": "10", "addr_postcode": null, "addr_street": "Lord Cochrane", "addr_unit": null, "amenity": "pharmacy", "brand": "Farmacias del Dr. Simi", "building": null, "capacity": null, "cuisine": null, "denomination": null, "ele": null, "fee": null, "healthcare": "pharmacy", "healthcare_speciality": null, "name": "Farmacias del Dr. Simi", "name_en": null, "name_es": null, "opening_hours": null, "operator": null, "parking": null, "phone": null, "ref": null, "religion": null, "source_transform": null, "surface": null, "website": null, "wheelchair": "yes", "objectid": 6537731, "osm_id2": "999676113", "centroide_x": 346149.87122257682, "centroide_y": 6298106.8723723385, "crs_original": "EPSG:4326", "fecha_normalizacion": "2025-10-10 01:59:25" }, "geometry": { "type": "Point", "coordinates": [ 346149.871222576824948, 6298106.872372338548303 ] } },
{ "type": "Feature", "properties": { "access": null, "addr_city": "Santiago", "addr_country": null, "addr_housenumber": "20", "addr_postcode": "8330164", "addr_street": "Lord Cochrane", "addr_unit": null, "amenity": "restaurant", "brand": null, "building": null, "capacity": null, "cuisine": "mexican", "denomination": null, "ele": null, "fee": null, "healthcare": null, "healthcare_speciality": null, "name": "Los Chingones", "name_en": null, "name_es": null, "opening_hours": "Mo-Fr 10:00-18:00; Sa 14:00-18:00", "operator": null, "parking": null, "phone": null, "ref": null, "religion": null, "source_transform": null, "surface": null, "website": null, "wheelchair": null, "objectid": 6537734, "osm_id2": "7590831989", "centroide_x": 346154.60413387185, "centroide_y": 6298085.2639696337, "crs_original": "EPSG:4326", "fecha_normalizacion": "2025-10-10 01:59:25" }, "geometry": { "type": "Point", "coordinates": [ 346154.604133871849626, 6298085.263969633728266 ] } },
{ "type": "Feature", "properties": { "access": null, "addr_city": "Santiago", "addr_country": null, "addr_housenumber": "886", "addr_postcode": "8320202", "addr_street": "Huérfanos", "addr_unit": null, "amenity": "dentist", "brand": null, "building": null, "capacity": null, "cuisine": null, "denomination": null, "ele": null, "fee": null, "healthcare": "dentist", "healthcare_speciality": "dental;dentistry;radiology;dentista;radiología_dental;dental_radiology", "name": "FocusRad Radiología Dental", "name_en": null, "name_es": null, "opening_hours": "Mo-Fr 09:30-19:30; Sa 09:30-13:00", "operator": null, "parking": null, "phone": null, "ref": null, "religion": null, "source_transform": null, "surface": null, "website": "https://www.focusrad.cl/", "wheelchair": null, "objectid": 6536210, "osm_id2": "8007663055", "centroide_x": 346688.69275597739, "centroide_y": 6298762.6891202871, "crs_original": "EPSG:4326", "fecha_normalizacion": "2025-10-10 01:59:25" }, "geometry": { "type": "Point", "coordinates": [ 346688.692755977390334, 6298762.689120287075639 ] } },
{ "type": "Feature", "properties": { "access": null, "addr_city": "Santiago", "addr_country": null, "addr_housenumber": null, "addr_postcode": null, "addr_street": "Lord Cochrane1", "addr_unit": null, "amenity": "veterinary", "brand": null, "building": null, "capacity": null, "cuisine": null, "denomination": null, "ele": null, "fee": null, "healthcare": null, "healthcare_speciality": null, "name": "Consulta Veterinaria", "name_en": null, "name_es": null, "opening_hours": null, "operator": null, "parking": null, "phone": null, "ref": null, "religion": null, "source_transform": "Reconocimiento cortográfico de campo 2016 por KG", "surface": null, "website": null, "wheelchair": null, "objectid": 6544591, "osm_id2": "4473782548", "centroide_x": 346242.02657350717, "centroide_y": 6297151.9238867927, "crs_original": "EPSG:4326", "fecha_normalizacion": "2025-10-10 01:59:25" }, "geometry": { "type": "Point", "coordinates": [ 346242.026573507173453, 6297151.923886792734265 ] } },
{ "type": "Feature", "properties": { "access": null, "addr_city": "Santiago", "addr_country": null, "addr_housenumber": null, "addr_postcode": null, "addr_street": "Avenida Presidente Bulnes", "addr_unit": null, "amenity": "bank", "brand": "Itaú Corpbanca", "building": null, "capacity": null, "cuisine": null, "denomination": null, "ele": null, "fee": null, "healthcare": null, "healthcare_speciality": null, "name": "Itaú", "name_en": null, "name_es": null, "opening_hours": null, "operator": null, "parking": null, "phone": null, "ref": null, "religion": null, "source_transform": null, "surface": null, "website": null, "wheelchair": null, "objectid": 6537737, "osm_id2": "3067581021", "centroide_x": 346301.81036941829, "centroide_y": 6298052.7468649019, "crs_original": "EPSG:4326", "fecha_normalizacion": "2025-10-10 01:59:25" }, "geometry": { "type": "Point", "coordinates": [ 346301.810369418293703, 6298052.746864901855588 ] } },
{ "type": "Feature", "properties": { "access": null, "addr_city": "Santiago", "addr_country": "CL", "addr_housenumber": "79", "addr_postcode": null, "addr_street": "Paseo Bulnes", "addr_unit": null, "amenity": "university", "brand": null, "building": null, "capacity": null, "cuisine": null, "denomination": null, "ele": null, "fee": null, "healthcare": null, "healthcare_speciality": null, "name": "Centro de Formación Técnica CANON", "name_en": null, "name_es": null, "opening_hours": null, "operator": null, "parking": null, "phone": null, "ref": null, "religion": null, "source_transform": null, "surface": null, "website": null, "wheelchair": null, "objectid": 6537742, "osm_id2": "5904037007", "centroide_x": 346310.81640374474, "centroide_y": 6298030.7849175166, "crs_original": "EPSG:4326", "fecha_normalizacion": "2025-10-10 01:59:25" }, "geometry": { "type": "Point", "coordinates": [ 346310.816403744742274, 6298030.784917516633868 ] } },
{ "type": "Feature", "properties": { "access": null, "addr_city": "Santiago", "addr_country": null, "addr_housenumber": null, "addr_postcode": null, "addr_street": "Avenida Presidente Bulnes", "addr_unit": null, "amenity": "cafe", "brand": null, "building": null, "capacity": null, "cuisine": null, "denomination": null, "ele": null, "fee": null, "healthcare": null, "healthcare_speciality": null, "name": "Café do Brasil", "name_en": null, "name_es": null, "opening_hours": null, "operator": null, "parking": null, "phone": null, "ref": null, "religion": null, "source_transform": null, "surface": null, "website": null, "wheelchair": null, "objectid": 6537746, "osm_id2": "3054320965", "centroide_x": 346307.6011459562, "centroide_y": 6298018.9768358693, "crs_original": "EPSG:4326", "fecha_normalizacion": "2025-10-10 01:59:25" }, "geometry": { "type": "Point", "coordinates": [ 346307.601145956199616, 6298018.976835869252682 ] } },
{ "type": "Feature", "properties": { "access": null, "addr_city": "Santiago", "addr_country": null, "addr_housenumber": "92", "addr_postcode": null, "addr_street": "Profesora Amanda Labarca", "addr_unit": null, "amenity": "pharmacy", "brand": "Cruz Verde", "building": null, "capacity": null, "cuisine": null, "denomination": null, "ele": null, "fee": null, "healthcare": "pharmacy", "healthcare_speciality": null, "name": "Cruz Verde", "name_en": null, "name_es": null, "opening_hours": "Mo-Fr 08:00-20:30", "operator": null, "parking": null, "phone": null, "ref": null, "religion": null, "source_transform": null, "surface": null, "website": null, "wheelchair": null, "objectid": 6537751, "osm_id2": "4453731916", "centroide_x": 346112.32554502826, "centroide_y": 6298429.0465328917, "crs_original": "EPSG:4326", "fecha_normalizacion": "2025-10-10 01:59:25" }, "geometry": { "type": "Point", "coordinates": [ 346112.325545028259512, 6298429.046532891690731 ] } },
{ "type": "Feature", "properties": { "access": null, "addr_city": "Santiago", "addr_country": null, "addr_housenumber": null, "addr_postcode": null, "addr_street": "Avenida Presidente Bulnes", "addr_unit": null, "amenity": "restaurant", "brand": null, "building": null, "capacity": null, "cuisine": null, "denomination": null, "ele": null, "fee": null, "healthcare": null, "healthcare_speciality": null, "name": "Mesón del Buen Comer", "name_en": null, "name_es": null, "opening_hours": null, "operator": null, "parking": null, "phone": null, "ref": null, "religion": null, "source_transform": null, "surface": null, "website": null, "wheelchair": null, "objectid": 6542671, "osm_id2": "3545078840", "centroide_x": 346400.49319959607, "centroide_y": 6297548.0811735839, "crs_original": "EPSG:4326", "fecha_normalizacion": "2025-10-10 01:59:25" }, "geometry": { "type": "Point", "coordinates": [ 346400.493199596065097, 6297548.081173583865166 ] } },
{ "type": "Feature", "properties": { "access": null, "addr_city": "Santiago", "addr_country": null, "addr_housenumber": "395", "addr_postcode": null, "addr_street": "Avenida Presidente Bulnes", "addr_unit": null, "amenity": "restaurant", "brand": null, "building": null, "capacity": null, "cuisine": "sandwich", "denomination": null, "ele": null, "fee": null, "healthcare": null, "healthcare_speciality": null, "name": "Hambre", "name_en": null, "name_es": null, "opening_hours": null, "operator": null, "parking": null, "phone": null, "ref": null, "religion": null, "source_transform": null, "surface": null, "website": null, "wheelchair": null, "objectid": 6542686, "osm_id2": "3072196044", "centroide_x": 346404.06819003087, "centroide_y": 6297530.2474865727, "crs_original": "EPSG:4326", "fecha_normalizacion": "2025-10-10 01:59:25" }, "geometry": { "type": "Point", "coordinates": [ 346404.068190030870028, 6297530.24748657271266 ] } },
{ "type": "Feature", "properties": { "access": null, "addr_city": "Santiago", "addr_country": null, "addr_housenumber": "94", "addr_postcode": null, "addr_street": "Amunátegui", "addr_unit": null, "amenity": "pharmacy", "brand": "Cruz Verde", "building": null, "capacity": null, "cuisine": null, "denomination": null, "ele": null, "fee": null, "healthcare": "pharmacy", "healthcare_speciality": null, "name": "Cruz Verde", "name_en": null, "name_es": null, "opening_hours": "Mo-Fr 08:00-20:45; Sa 10:00-14:30", "operator": null, "parking": null, "phone": null, "ref": null, "religion": null, "source_transform": null, "surface": null, "website": null, "wheelchair": null, "objectid": 6537758, "osm_id2": "4453731923", "centroide_x": 346055.13571851724, "centroide_y": 6298425.7729353374, "crs_original": "EPSG:4326", "fecha_normalizacion": "2025-10-10 01:59:25" }, "geometry": { "type": "Point", "coordinates": [ 346055.135718517238274, 6298425.772935337387025 ] } },
{ "type": "Feature", "properties": { "access": null, "addr_city": "Santiago", "addr_country": null, "addr_housenumber": null, "addr_postcode": null, "addr_street": "Moneda", "addr_unit": null, "amenity": "college", "brand": null, "building": null, "capacity": null, "cuisine": null, "denomination": null, "ele": null, "fee": null, "healthcare": null, "healthcare_speciality": null, "name": "Subercaseaux", "name_en": null, "name_es": null, "opening_hours": null, "operator": null, "parking": null, "phone": null, "ref": null, "religion": null, "source_transform": null, "surface": null, "website": null, "wheelchair": null, "objectid": 6537759, "osm_id2": "4453731924", "centroide_x": 346047.72886062693, "centroide_y": 6298423.1815152187, "crs_original": "EPSG:4326", "fecha_normalizacion": "2025-10-10 01:59:25" }, "geometry": { "type": "Point", "coordinates": [ 346047.728860626928508, 6298423.181515218690038 ] } },
{ "type": "Feature", "properties": { "access": null, "addr_city": "Santiago", "addr_country": null, "addr_housenumber": "90", "addr_postcode": null, "addr_street": "Príncipe de Gales", "addr_unit": null, "amenity": "restaurant", "brand": null, "building": null, "capacity": null, "cuisine": null, "denomination": null, "ele": null, "fee": null, "healthcare": null, "healthcare_speciality": null, "name": "La Chimenea", "name_en": null, "name_es": null, "opening_hours": null, "operator": null, "parking": null, "phone": null, "ref": null, "religion": null, "source_transform": null, "surface": null, "website": null, "wheelchair": null, "objectid": 6537764, "osm_id2": "470355000", "centroide_x": 346005.00534884643, "centroide_y": 6298391.4668147527, "crs_original": "EPSG:4326", "fecha_normalizacion": "2025-10-10 01:59:25" }, "geometry": { "type": "Point", "coordinates": [ 346005.005348846432753, 6298391.466814752668142 ] } },
{ "type": "Feature", "properties": { "access": null, "addr_city": "Santiago", "addr_country": null, "addr_housenumber": "80", "addr_postcode": null, "addr_street": "Principe De Gales", "addr_unit": null, "amenity": "kindergarten", "brand": null, "building": null, "capacity": null, "cuisine": null, "denomination": null, "ele": null, "fee": null, "healthcare": null, "healthcare_speciality": null, "name": "Primavera", "name_en": null, "name_es": null, "opening_hours": null, "operator": null, "parking": null, "phone": null, "ref": null, "religion": null, "source_transform": null, "surface": null, "website": null, "wheelchair": null, "objectid": 6537768, "osm_id2": "3568014657", "centroide_x": 345996.23043689108, "centroide_y": 6298416.9481590968, "crs_original": "EPSG:4326", "fecha_normalizacion": "2025-10-10 01:59:25" }, "geometry": { "type": "Point", "coordinates": [ 345996.230436891084537, 6298416.948159096762538 ] } },
{ "type": "Feature", "properties": { "access": null, "addr_city": "Santiago", "addr_country": null, "addr_housenumber": null, "addr_postcode": null, "addr_street": "Amunátegui", "addr_unit": null, "amenity": "bank", "brand": null, "building": null, "capacity": null, "cuisine": null, "denomination": null, "ele": null, "fee": null, "healthcare": null, "healthcare_speciality": null, "name": "Cooperativa para el desarrollo financiero", "name_en": null, "name_es": "Cooperativa para el desarrollo financiero", "opening_hours": null, "operator": "FINANCOOP", "parking": null, "phone": "+56228975400", "ref": null, "religion": null, "source_transform": null, "surface": null, "website": "https://www.financoop.cl/", "wheelchair": null, "objectid": 6537787, "osm_id2": "4479030089", "centroide_x": 346068.5837636299, "centroide_y": 6298377.7726915404, "crs_original": "EPSG:4326", "fecha_normalizacion": "2025-10-10 01:59:25" }, "geometry": { "type": "Point", "coordinates": [ 346068.583763629896566, 6298377.772691540420055 ] } },
{ "type": "Feature", "properties": { "access": null, "addr_city": "Santiago", "addr_country": null, "addr_housenumber": "821", "addr_postcode": null, "addr_street": "Zenteno", "addr_unit": null, "amenity": "kindergarten", "brand": null, "building": null, "capacity": null, "cuisine": null, "denomination": null, "ele": null, "fee": null, "healthcare": null, "healthcare_speciality": null, "name": "Padre Alberto Hurtado", "name_en": null, "name_es": null, "opening_hours": null, "operator": null, "parking": null, "phone": null, "ref": null, "religion": null, "source_transform": null, "surface": null, "website": null, "wheelchair": null, "objectid": 6544648, "osm_id2": "3568011999", "centroide_x": 346548.50289393507, "centroide_y": 6296967.0797066018, "crs_original": "EPSG:4326", "fecha_normalizacion": "2025-10-10 01:59:25" }, "geometry": { "type": "Point", "coordinates": [ 346548.502893935074098, 6296967.079706601798534 ] } },
{ "type": "Feature", "properties": { "access": null, "addr_city": "Santiago", "addr_country": null, "addr_housenumber": "801", "addr_postcode": null, "addr_street": "Roberto Espinoza", "addr_unit": null, "amenity": "school", "brand": null, "building": null, "capacity": null, "cuisine": null, "denomination": null, "ele": null, "fee": null, "healthcare": null, "healthcare_speciality": null, "name": "Liceo Polivalente Libertador Gral.San Ma", "name_en": null, "name_es": null, "opening_hours": null, "operator": "2", "parking": null, "phone": null, "ref": null, "religion": null, "source_transform": "Gobierno Regional Metropolitano de Santiago (http://www.gobiernosantiago.cl/)", "surface": null, "website": null, "wheelchair": null, "objectid": 6544685, "osm_id2": "906427245", "centroide_x": 346346.56026787392, "centroide_y": 6296989.2457095133, "crs_original": "EPSG:4326", "fecha_normalizacion": "2025-10-10 01:59:25" }, "geometry": { "type": "Point", "coordinates": [ 346346.560267873923294, 6296989.245709513314068 ] } },
{ "type": "Feature", "properties": { "access": null, "addr_city": "Santiago", "addr_country": null, "addr_housenumber": "347", "addr_postcode": null, "addr_street": "Bandera", "addr_unit": null, "amenity": "restaurant", "brand": null, "building": null, "capacity": null, "cuisine": "local", "denomination": null, "ele": null, "fee": null, "healthcare": null, "healthcare_speciality": null, "name": "El Rápido Empanadas", "name_en": null, "name_es": null, "opening_hours": "Mo-Fr 09:00-20:00", "operator": null, "parking": null, "phone": "+56226970213", "ref": null, "religion": null, "source_transform": null, "surface": null, "website": null, "wheelchair": null, "objectid": 6536268, "osm_id2": "4325457389", "centroide_x": 346409.78236686793, "centroide_y": 6298800.7397385724, "crs_original": "EPSG:4326", "fecha_normalizacion": "2025-10-10 01:59:25" }, "geometry": { "type": "Point", "coordinates": [ 346409.782366867933888, 6298800.739738572388887 ] } },
{ "type": "Feature", "properties": { "access": null, "addr_city": "Santiago", "addr_country": null, "addr_housenumber": "344", "addr_postcode": null, "addr_street": "Bandera", "addr_unit": null, "amenity": "courthouse", "brand": null, "building": null, "capacity": null, "cuisine": null, "denomination": null, "ele": null, "fee": null, "healthcare": null, "healthcare_speciality": null, "name": "Corte de Apelaciones de Santiago", "name_en": null, "name_es": null, "opening_hours": null, "operator": null, "parking": null, "phone": null, "ref": null, "religion": null, "source_transform": null, "surface": null, "website": null, "wheelchair": null, "objectid": 6536269, "osm_id2": "3687601425", "centroide_x": 346382.24212549208, "centroide_y": 6298802.2983829007, "crs_original": "EPSG:4326", "fecha_normalizacion": "2025-10-10 01:59:25" }, "geometry": { "type": "Point", "coordinates": [ 346382.242125492077321, 6298802.29838290065527 ] } },
{ "type": "Feature", "properties": { "access": null, "addr_city": "Santiago", "addr_country": null, "addr_housenumber": null, "addr_postcode": null, "addr_street": "Eleuterio Ramírez", "addr_unit": null, "amenity": "fast_food", "brand": null, "building": null, "capacity": null, "cuisine": null, "denomination": null, "ele": null, "fee": null, "healthcare": null, "healthcare_speciality": null, "name": "Comida Rapida", "name_en": null, "name_es": null, "opening_hours": null, "operator": null, "parking": null, "phone": null, "ref": null, "religion": null, "source_transform": null, "surface": null, "website": null, "wheelchair": null, "objectid": 6542713, "osm_id2": "8039228419", "centroide_x": 346196.85656965815, "centroide_y": 6297575.9963572621, "crs_original": "EPSG:4326", "fecha_normalizacion": "2025-10-10 01:59:25" }, "geometry": { "type": "Point", "coordinates": [ 346196.856569658149965, 6297575.996357262134552 ] } },
{ "type": "Feature", "properties": { "access": null, "addr_city": "Santiago", "addr_country": null, "addr_housenumber": null, "addr_postcode": null, "addr_street": "San Francisco", "addr_unit": null, "amenity": "place_of_worship", "brand": null, "building": null, "capacity": null, "cuisine": null, "denomination": null, "ele": null, "fee": null, "healthcare": null, "healthcare_speciality": null, "name": "Comunidad Cristiana", "name_en": null, "name_es": null, "opening_hours": null, "operator": null, "parking": null, "phone": null, "ref": null, "religion": null, "source_transform": "Reconocimiento cartográfico 2016 por KG.", "surface": null, "website": null, "wheelchair": null, "objectid": 6542758, "osm_id2": "4466600497", "centroide_x": 346962.5689700027, "centroide_y": 6297349.5721587148, "crs_original": "EPSG:4326", "fecha_normalizacion": "2025-10-10 01:59:25" }, "geometry": { "type": "Point", "coordinates": [ 346962.568970002699643, 6297349.57215871475637 ] } },
{ "type": "Feature", "properties": { "access": null, "addr_city": "Santiago", "addr_country": null, "addr_housenumber": null, "addr_postcode": null, "addr_street": "San Francisco", "addr_unit": null, "amenity": "fast_food", "brand": null, "building": null, "capacity": null, "cuisine": null, "denomination": null, "ele": null, "fee": null, "healthcare": null, "healthcare_speciality": null, "name": "Pollito Al Velador", "name_en": null, "name_es": null, "opening_hours": null, "operator": null, "parking": null, "phone": null, "ref": null, "religion": null, "source_transform": "Reconocimiento cortográfico de campo 2016 por KG", "surface": null, "website": null, "wheelchair": null, "objectid": 6542771, "osm_id2": "4474264607", "centroide_x": 346945.84667445649, "centroide_y": 6297327.0355987465, "crs_original": "EPSG:4326", "fecha_normalizacion": "2025-10-10 01:59:25" }, "geometry": { "type": "Point", "coordinates": [ 346945.846674456493929, 6297327.035598746500909 ] } },
{ "type": "Feature", "properties": { "access": null, "addr_city": "Santiago", "addr_country": null, "addr_housenumber": "75", "addr_postcode": null, "addr_street": "Amunátegui", "addr_unit": null, "amenity": "pharmacy", "brand": null, "building": null, "capacity": null, "cuisine": null, "denomination": null, "ele": null, "fee": null, "healthcare": "pharmacy", "healthcare_speciality": null, "name": "FarmaPrecio", "name_en": null, "name_es": "FarmaPrecio", "opening_hours": null, "operator": null, "parking": null, "phone": null, "ref": null, "religion": null, "source_transform": null, "surface": null, "website": "http://www.farmaprecio.cl", "wheelchair": null, "objectid": 6537788, "osm_id2": "4479008494", "centroide_x": 346070.17009847524, "centroide_y": 6298359.3307063086, "crs_original": "EPSG:4326", "fecha_normalizacion": "2025-10-10 01:59:25" }, "geometry": { "type": "Point", "coordinates": [ 346070.170098475238774, 6298359.330706308595836 ] } },
{ "type": "Feature", "properties": { "access": null, "addr_city": "Santiago", "addr_country": null, "addr_housenumber": null, "addr_postcode": null, "addr_street": "Amunátegui", "addr_unit": null, "amenity": "restaurant", "brand": null, "building": null, "capacity": null, "cuisine": null, "denomination": null, "ele": null, "fee": null, "healthcare": null, "healthcare_speciality": null, "name": "El 45", "name_en": null, "name_es": null, "opening_hours": null, "operator": null, "parking": null, "phone": null, "ref": null, "religion": null, "source_transform": "Reconocimiento cortográfico de campo 2016 por KG", "surface": null, "website": null, "wheelchair": null, "objectid": 6537823, "osm_id2": "4455403648", "centroide_x": 346101.77635924506, "centroide_y": 6298276.4043826144, "crs_original": "EPSG:4326", "fecha_normalizacion": "2025-10-10 01:59:25" }, "geometry": { "type": "Point", "coordinates": [ 346101.776359245064668, 6298276.404382614418864 ] } },
{ "type": "Feature", "properties": { "access": null, "addr_city": "Santiago", "addr_country": null, "addr_housenumber": "540", "addr_postcode": null, "addr_street": "San Diego", "addr_unit": null, "amenity": "pharmacy", "brand": null, "building": null, "capacity": null, "cuisine": null, "denomination": null, "ele": null, "fee": null, "healthcare": "pharmacy", "healthcare_speciality": null, "name": "Farmacia Almagro", "name_en": null, "name_es": null, "opening_hours": null, "operator": null, "parking": null, "phone": null, "ref": null, "religion": null, "source_transform": "Reconocimiento cortográfico de campo 2016 por KG", "surface": null, "website": null, "wheelchair": null, "objectid": 6542779, "osm_id2": "4474194154", "centroide_x": 346630.14221266354, "centroide_y": 6297358.0520422272, "crs_original": "EPSG:4326", "fecha_normalizacion": "2025-10-10 01:59:25" }, "geometry": { "type": "Point", "coordinates": [ 346630.142212663544342, 6297358.052042227238417 ] } },
{ "type": "Feature", "properties": { "access": null, "addr_city": "Santiago", "addr_country": null, "addr_housenumber": "31", "addr_postcode": null, "addr_street": "Amunátegui", "addr_unit": null, "amenity": "restaurant", "brand": null, "building": null, "capacity": null, "cuisine": "local", "denomination": null, "ele": null, "fee": null, "healthcare": null, "healthcare_speciality": null, "name": "Círculo de los periodistas", "name_en": null, "name_es": "Círculo de los periodistas", "opening_hours": null, "operator": "Zetave asesorías e inversiones limitada", "parking": null, "phone": null, "ref": null, "religion": null, "source_transform": null, "surface": null, "website": null, "wheelchair": null, "objectid": 6537825, "osm_id2": "4434758590", "centroide_x": 346103.54307156388, "centroide_y": 6298248.9701025356, "crs_original": "EPSG:4326", "fecha_normalizacion": "2025-10-10 01:59:25" }, "geometry": { "type": "Point", "coordinates": [ 346103.543071563879494, 6298248.970102535560727 ] } },
{ "type": "Feature", "properties": { "access": null, "addr_city": "Santiago", "addr_country": null, "addr_housenumber": "1140", "addr_postcode": null, "addr_street": "Compañía", "addr_unit": null, "amenity": "courthouse", "brand": null, "building": null, "capacity": null, "cuisine": null, "denomination": null, "ele": null, "fee": null, "healthcare": null, "healthcare_speciality": null, "name": "Corte Suprema de Justicia", "name_en": null, "name_es": null, "opening_hours": null, "operator": null, "parking": null, "phone": null, "ref": null, "religion": null, "source_transform": null, "surface": null, "website": null, "wheelchair": null, "objectid": 6536270, "osm_id2": "3687599425", "centroide_x": 346333.58704944502, "centroide_y": 6298816.5314114131, "crs_original": "EPSG:4326", "fecha_normalizacion": "2025-10-10 01:59:25" }, "geometry": { "type": "Point", "coordinates": [ 346333.587049445020966, 6298816.531411413103342 ] } },
{ "type": "Feature", "properties": { "access": null, "addr_city": "Santiago", "addr_country": null, "addr_housenumber": "360", "addr_postcode": null, "addr_street": "Morandé", "addr_unit": null, "amenity": "courthouse", "brand": null, "building": null, "capacity": null, "cuisine": null, "denomination": null, "ele": null, "fee": null, "healthcare": null, "healthcare_speciality": null, "name": "2° Tribunal Ambiental", "name_en": null, "name_es": null, "opening_hours": null, "operator": "Ministerio Público", "parking": null, "phone": null, "ref": null, "religion": null, "source_transform": null, "surface": null, "website": null, "wheelchair": null, "objectid": 6536313, "osm_id2": "5750496866", "centroide_x": 346239.7388247429, "centroide_y": 6298791.0365823731, "crs_original": "EPSG:4326", "fecha_normalizacion": "2025-10-10 01:59:25" }, "geometry": { "type": "Point", "coordinates": [ 346239.738824742904399, 6298791.036582373082638 ] } },
{ "type": "Feature", "properties": { "access": null, "addr_city": "Santiago", "addr_country": null, "addr_housenumber": null, "addr_postcode": null, "addr_street": "Eyzaguirre", "addr_unit": null, "amenity": "dojo", "brand": null, "building": null, "capacity": null, "cuisine": null, "denomination": null, "ele": null, "fee": null, "healthcare": null, "healthcare_speciality": null, "name": "Karate Kyokushin", "name_en": null, "name_es": null, "opening_hours": null, "operator": null, "parking": null, "phone": null, "ref": null, "religion": null, "source_transform": null, "surface": null, "website": null, "wheelchair": null, "objectid": 6542792, "osm_id2": "4474186601", "centroide_x": 346639.04525375832, "centroide_y": 6297294.4842423769, "crs_original": "EPSG:4326", "fecha_normalizacion": "2025-10-10 01:59:25" }, "geometry": { "type": "Point", "coordinates": [ 346639.045253758318722, 6297294.484242376871407 ] } },
{ "type": "Feature", "properties": { "access": null, "addr_city": "Santiago", "addr_country": "CL", "addr_housenumber": null, "addr_postcode": null, "addr_street": null, "addr_unit": null, "amenity": "bank", "brand": "BBVA", "building": null, "capacity": null, "cuisine": null, "denomination": null, "ele": null, "fee": null, "healthcare": null, "healthcare_speciality": null, "name": "BBVA", "name_en": null, "name_es": null, "opening_hours": null, "operator": "BBVA", "parking": null, "phone": null, "ref": null, "religion": null, "source_transform": null, "surface": null, "website": null, "wheelchair": null, "objectid": 6542797, "osm_id2": "596446711", "centroide_x": 346611.23996071692, "centroide_y": 6297283.1508610155, "crs_original": "EPSG:4326", "fecha_normalizacion": "2025-10-10 01:59:25" }, "geometry": { "type": "Point", "coordinates": [ 346611.239960716920905, 6297283.150861015543342 ] } },
{ "type": "Feature", "properties": { "access": null, "addr_city": "Santiago", "addr_country": "CL", "addr_housenumber": "345", "addr_postcode": null, "addr_street": "Morandé", "addr_unit": null, "amenity": "courthouse", "brand": null, "building": null, "capacity": null, "cuisine": null, "denomination": null, "ele": null, "fee": null, "healthcare": null, "healthcare_speciality": null, "name": "Destacamento de Tribunales", "name_en": null, "name_es": null, "opening_hours": null, "operator": null, "parking": null, "phone": null, "ref": null, "religion": null, "source_transform": null, "surface": null, "website": null, "wheelchair": null, "objectid": 6536316, "osm_id2": "6103473202", "centroide_x": 346265.41130911309, "centroide_y": 6298761.3429454304, "crs_original": "EPSG:4326", "fecha_normalizacion": "2025-10-10 01:59:25" }, "geometry": { "type": "Point", "coordinates": [ 346265.411309113085736, 6298761.34294543042779 ] } },
{ "type": "Feature", "properties": { "access": null, "addr_city": "Santiago", "addr_country": "CL", "addr_housenumber": "900", "addr_postcode": null, "addr_street": "Huérfanos", "addr_unit": null, "amenity": "pharmacy", "brand": "SalcoBrand", "building": null, "capacity": null, "cuisine": null, "denomination": null, "ele": null, "fee": null, "healthcare": "pharmacy", "healthcare_speciality": null, "name": "SalcoBrand", "name_en": null, "name_es": null, "opening_hours": null, "operator": null, "parking": null, "phone": "+5626389049", "ref": null, "religion": null, "source_transform": null, "surface": null, "website": null, "wheelchair": null, "objectid": 6536329, "osm_id2": "867951554", "centroide_x": 346530.15993911214, "centroide_y": 6298743.1581369359, "crs_original": "EPSG:4326", "fecha_normalizacion": "2025-10-10 01:59:25" }, "geometry": { "type": "Point", "coordinates": [ 346530.159939112141728, 6298743.158136935904622 ] } },
{ "type": "Feature", "properties": { "access": null, "addr_city": "Santiago", "addr_country": "CL", "addr_housenumber": "389", "addr_postcode": null, "addr_street": "Paseo Ahumada", "addr_unit": null, "amenity": "pharmacy", "brand": "SalcoBrand", "building": null, "capacity": null, "cuisine": null, "denomination": null, "ele": null, "fee": null, "healthcare": "pharmacy", "healthcare_speciality": null, "name": "SalcoBrand", "name_en": null, "name_es": null, "opening_hours": null, "operator": null, "parking": null, "phone": "+5626991596", "ref": null, "religion": null, "source_transform": null, "surface": null, "website": null, "wheelchair": null, "objectid": 6536333, "osm_id2": "867951674", "centroide_x": 346530.76308479276, "centroide_y": 6298736.213400539, "crs_original": "EPSG:4326", "fecha_normalizacion": "2025-10-10 01:59:25" }, "geometry": { "type": "Point", "coordinates": [ 346530.763084792764857, 6298736.213400539010763 ] } },
{ "type": "Feature", "properties": { "access": null, "addr_city": "Santiago", "addr_country": null, "addr_housenumber": null, "addr_postcode": null, "addr_street": "Bandera", "addr_unit": null, "amenity": "bar", "brand": null, "building": null, "capacity": null, "cuisine": null, "denomination": null, "ele": null, "fee": null, "healthcare": null, "healthcare_speciality": null, "name": "Bar Nacional", "name_en": null, "name_es": null, "opening_hours": "Mo-Fr 09:00-23:00; Sa 09:00-17:00", "operator": null, "parking": null, "phone": null, "ref": null, "religion": null, "source_transform": "Reconocimiento cartográfico 2016 por KG.", "surface": null, "website": null, "wheelchair": null, "objectid": 6536336, "osm_id2": "4446915690", "centroide_x": 346416.39141437586, "centroide_y": 6298761.1153541114, "crs_original": "EPSG:4326", "fecha_normalizacion": "2025-10-10 01:59:25" }, "geometry": { "type": "Point", "coordinates": [ 346416.391414375859313, 6298761.115354111418128 ] } },
{ "type": "Feature", "properties": { "access": null, "addr_city": "Santiago", "addr_country": null, "addr_housenumber": "314", "addr_postcode": null, "addr_street": "Bandera", "addr_unit": null, "amenity": "cafe", "brand": null, "building": null, "capacity": null, "cuisine": "coffee_shop;sandwich", "denomination": null, "ele": null, "fee": null, "healthcare": null, "healthcare_speciality": null, "name": "Cafetería Copacabana", "name_en": null, "name_es": null, "opening_hours": null, "operator": null, "parking": null, "phone": null, "ref": null, "religion": null, "source_transform": null, "surface": null, "website": null, "wheelchair": null, "objectid": 6536338, "osm_id2": "6582562114", "centroide_x": 346398.55226655962, "centroide_y": 6298756.0957917217, "crs_original": "EPSG:4326", "fecha_normalizacion": "2025-10-10 01:59:25" }, "geometry": { "type": "Point", "coordinates": [ 346398.552266559621785, 6298756.095791721716523 ] } },
{ "type": "Feature", "properties": { "access": null, "addr_city": "Santiago", "addr_country": null, "addr_housenumber": null, "addr_postcode": null, "addr_street": "Bandera", "addr_unit": null, "amenity": "pharmacy", "brand": null, "building": null, "capacity": null, "cuisine": null, "denomination": null, "ele": null, "fee": null, "healthcare": "pharmacy", "healthcare_speciality": null, "name": "Farmacia Cruz Verde", "name_en": null, "name_es": null, "opening_hours": null, "operator": null, "parking": null, "phone": null, "ref": null, "religion": null, "source_transform": "Reconocimiento cartográfico 2016 por KG.", "surface": null, "website": null, "wheelchair": null, "objectid": 6536342, "osm_id2": "1747224690", "centroide_x": 346419.2093969566, "centroide_y": 6298746.4640594097, "crs_original": "EPSG:4326", "fecha_normalizacion": "2025-10-10 01:59:25" }, "geometry": { "type": "Point", "coordinates": [ 346419.209396956604905, 6298746.464059409685433 ] } },
{ "type": "Feature", "properties": { "access": null, "addr_city": "Santiago", "addr_country": null, "addr_housenumber": null, "addr_postcode": null, "addr_street": null, "addr_unit": null, "amenity": "bank", "brand": "Santander", "building": null, "capacity": null, "cuisine": null, "denomination": null, "ele": null, "fee": null, "healthcare": null, "healthcare_speciality": null, "name": "Santander", "name_en": null, "name_es": null, "opening_hours": null, "operator": null, "parking": null, "phone": null, "ref": null, "religion": null, "source_transform": null, "surface": null, "website": null, "wheelchair": null, "objectid": 6537896, "osm_id2": "1722083143", "centroide_x": 346031.81069238344, "centroide_y": 6298180.4132590368, "crs_original": "EPSG:4326", "fecha_normalizacion": "2025-10-10 01:59:25" }, "geometry": { "type": "Point", "coordinates": [ 346031.810692383442074, 6298180.413259036839008 ] } },
{ "type": "Feature", "properties": { "access": null, "addr_city": "Santiago", "addr_country": null, "addr_housenumber": "29", "addr_postcode": null, "addr_street": "San Martín", "addr_unit": null, "amenity": "post_office", "brand": null, "building": null, "capacity": null, "cuisine": null, "denomination": null, "ele": null, "fee": null, "healthcare": null, "healthcare_speciality": null, "name": "Correos Chile", "name_en": null, "name_es": null, "opening_hours": "Mo-Fr 09:00-17:30", "operator": "Correos de Chile", "parking": null, "phone": null, "ref": null, "religion": null, "source_transform": "http://www.correos.cl/SitePages/puntos/puntos_servicio.aspx", "surface": null, "website": null, "wheelchair": null, "objectid": 6537897, "osm_id2": "4919124369", "centroide_x": 345950.95434905723, "centroide_y": 6298204.7787572648, "crs_original": "EPSG:4326", "fecha_normalizacion": "2025-10-10 01:59:25" }, "geometry": { "type": "Point", "coordinates": [ 345950.954349057225045, 6298204.778757264837623 ] } },
{ "type": "Feature", "properties": { "access": null, "addr_city": "Santiago", "addr_country": null, "addr_housenumber": null, "addr_postcode": null, "addr_street": "San Francisco", "addr_unit": null, "amenity": "restaurant", "brand": null, "building": null, "capacity": null, "cuisine": null, "denomination": null, "ele": null, "fee": null, "healthcare": null, "healthcare_speciality": null, "name": "El Buen Sabor", "name_en": null, "name_es": null, "opening_hours": null, "operator": null, "parking": null, "phone": null, "ref": null, "religion": null, "source_transform": null, "surface": null, "website": null, "wheelchair": null, "objectid": 6542804, "osm_id2": "5319185423", "centroide_x": 346957.84115595079, "centroide_y": 6297278.8782141954, "crs_original": "EPSG:4326", "fecha_normalizacion": "2025-10-10 01:59:25" }, "geometry": { "type": "Point", "coordinates": [ 346957.841155950794928, 6297278.878214195370674 ] } },
{ "type": "Feature", "properties": { "access": null, "addr_city": "Santiago", "addr_country": null, "addr_housenumber": "915", "addr_postcode": null, "addr_street": "Avenida 10 de Julio", "addr_unit": null, "amenity": "post_office", "brand": "Chilexpress", "building": null, "capacity": null, "cuisine": null, "denomination": null, "ele": null, "fee": null, "healthcare": null, "healthcare_speciality": null, "name": "Chilexpress", "name_en": null, "name_es": null, "opening_hours": null, "operator": null, "parking": null, "phone": null, "ref": null, "religion": null, "source_transform": "Reconocimiento cartográfico 2016 por KG.", "surface": null, "website": "https://www.chilexpress.cl/", "wheelchair": null, "objectid": 6542844, "osm_id2": "4059914171", "centroide_x": 346827.90239033615, "centroide_y": 6297186.7336770892, "crs_original": "EPSG:4326", "fecha_normalizacion": "2025-10-10 01:59:25" }, "geometry": { "type": "Point", "coordinates": [ 346827.902390336152166, 6297186.733677089214325 ] } },
{ "type": "Feature", "properties": { "access": null, "addr_city": "Santiago", "addr_country": null, "addr_housenumber": null, "addr_postcode": null, "addr_street": "San Diego", "addr_unit": null, "amenity": "restaurant", "brand": null, "building": null, "capacity": null, "cuisine": null, "denomination": null, "ele": null, "fee": null, "healthcare": null, "healthcare_speciality": null, "name": "Cueva del Chef", "name_en": null, "name_es": null, "opening_hours": null, "operator": null, "parking": null, "phone": null, "ref": null, "religion": null, "source_transform": "Reconocimiento cortográfico de campo 2016 por KG", "surface": null, "website": null, "wheelchair": null, "objectid": 6544737, "osm_id2": "4456669594", "centroide_x": 346672.52789446461, "centroide_y": 6296891.4651772417, "crs_original": "EPSG:4326", "fecha_normalizacion": "2025-10-10 01:59:25" }, "geometry": { "type": "Point", "coordinates": [ 346672.527894464612473, 6296891.465177241712809 ] } },
{ "type": "Feature", "properties": { "access": null, "addr_city": "santiago", "addr_country": "CL", "addr_housenumber": "1342", "addr_postcode": null, "addr_street": "Copiapo", "addr_unit": null, "amenity": "kindergarten", "brand": null, "building": null, "capacity": null, "cuisine": null, "denomination": null, "ele": null, "fee": null, "healthcare": null, "healthcare_speciality": null, "name": "Copiapo", "name_en": null, "name_es": null, "opening_hours": null, "operator": null, "parking": null, "phone": null, "ref": null, "religion": null, "source_transform": null, "surface": null, "website": null, "wheelchair": null, "objectid": 6544799, "osm_id2": "3565420898", "centroide_x": 346325.58280522504, "centroide_y": 6296928.0973708779, "crs_original": "EPSG:4326", "fecha_normalizacion": "2025-10-10 01:59:25" }, "geometry": { "type": "Point", "coordinates": [ 346325.582805225043558, 6296928.097370877861977 ] } },
{ "type": "Feature", "properties": { "access": null, "addr_city": "Santiago", "addr_country": null, "addr_housenumber": null, "addr_postcode": null, "addr_street": null, "addr_unit": null, "amenity": "pharmacy", "brand": "Cruz Verde", "building": null, "capacity": null, "cuisine": null, "denomination": null, "ele": null, "fee": null, "healthcare": "pharmacy", "healthcare_speciality": null, "name": "Cruz Verde", "name_en": null, "name_es": null, "opening_hours": null, "operator": null, "parking": null, "phone": null, "ref": null, "religion": null, "source_transform": null, "surface": null, "website": null, "wheelchair": null, "objectid": 6537898, "osm_id2": "1754033580", "centroide_x": 346006.07032241189, "centroide_y": 6298179.9918777347, "crs_original": "EPSG:4326", "fecha_normalizacion": "2025-10-10 01:59:25" }, "geometry": { "type": "Point", "coordinates": [ 346006.070322411891539, 6298179.991877734661102 ] } },
{ "type": "Feature", "properties": { "access": null, "addr_city": "Santiago", "addr_country": null, "addr_housenumber": "1511", "addr_postcode": null, "addr_street": "Avenida Libertador Bernardo O'Higgins", "addr_unit": null, "amenity": "pharmacy", "brand": "SalcoBrand", "building": null, "capacity": null, "cuisine": null, "denomination": null, "ele": null, "fee": null, "healthcare": "pharmacy", "healthcare_speciality": null, "name": "SalcoBrand", "name_en": null, "name_es": null, "opening_hours": null, "operator": null, "parking": null, "phone": "+56226967010", "ref": null, "religion": null, "source_transform": null, "surface": null, "website": null, "wheelchair": null, "objectid": 6537902, "osm_id2": "867951741", "centroide_x": 345928.64138167247, "centroide_y": 6298190.59186914, "crs_original": "EPSG:4326", "fecha_normalizacion": "2025-10-10 01:59:25" }, "geometry": { "type": "Point", "coordinates": [ 345928.641381672467105, 6298190.591869140043855 ] } },
{ "type": "Feature", "properties": { "access": null, "addr_city": "Santiago", "addr_country": null, "addr_housenumber": "310", "addr_postcode": null, "addr_street": "Bandera", "addr_unit": null, "amenity": "fast_food", "brand": "Subway", "building": null, "capacity": null, "cuisine": "sandwich", "denomination": null, "ele": null, "fee": null, "healthcare": null, "healthcare_speciality": null, "name": "Subway", "name_en": null, "name_es": null, "opening_hours": null, "operator": null, "parking": null, "phone": null, "ref": null, "religion": null, "source_transform": "Reconocimiento cartográfico 2016 por KG.", "surface": null, "website": null, "wheelchair": null, "objectid": 6536344, "osm_id2": "4446277262", "centroide_x": 346399.40760825598, "centroide_y": 6298749.0884713158, "crs_original": "EPSG:4326", "fecha_normalizacion": "2025-10-10 01:59:25" }, "geometry": { "type": "Point", "coordinates": [ 346399.407608255976811, 6298749.088471315801144 ] } },
{ "type": "Feature", "properties": { "access": null, "addr_city": "Santiago", "addr_country": null, "addr_housenumber": "1162", "addr_postcode": null, "addr_street": "Huérfanos", "addr_unit": null, "amenity": "restaurant", "brand": null, "building": null, "capacity": null, "cuisine": null, "denomination": null, "ele": null, "fee": null, "healthcare": null, "healthcare_speciality": null, "name": "Bravissimo", "name_en": null, "name_es": "Bravissimo Gelateria", "opening_hours": null, "operator": null, "parking": null, "phone": null, "ref": null, "religion": null, "source_transform": null, "surface": null, "website": null, "wheelchair": "no", "objectid": 6536353, "osm_id2": "1652791924", "centroide_x": 346346.11201014416, "centroide_y": 6298717.7508038171, "crs_original": "EPSG:4326", "fecha_normalizacion": "2025-10-10 01:59:25" }, "geometry": { "type": "Point", "coordinates": [ 346346.112010144162923, 6298717.75080381706357 ] } },
{ "type": "Feature", "properties": { "access": null, "addr_city": "Santiago", "addr_country": null, "addr_housenumber": null, "addr_postcode": null, "addr_street": "San Diego", "addr_unit": null, "amenity": "veterinary", "brand": null, "building": null, "capacity": null, "cuisine": null, "denomination": null, "ele": null, "fee": null, "healthcare": null, "healthcare_speciality": null, "name": "Dr. Rey", "name_en": null, "name_es": null, "opening_hours": null, "operator": null, "parking": null, "phone": null, "ref": null, "religion": null, "source_transform": null, "surface": null, "website": null, "wheelchair": null, "objectid": 6542858, "osm_id2": "4474186594", "centroide_x": 346645.8680957465, "centroide_y": 6297238.3701183181, "crs_original": "EPSG:4326", "fecha_normalizacion": "2025-10-10 01:59:25" }, "geometry": { "type": "Point", "coordinates": [ 346645.868095746496692, 6297238.370118318125606 ] } },
{ "type": "Feature", "properties": { "access": null, "addr_city": "Santiago", "addr_country": "CL", "addr_housenumber": null, "addr_postcode": null, "addr_street": "San Diego", "addr_unit": null, "amenity": "clinic", "brand": null, "building": null, "capacity": null, "cuisine": null, "denomination": null, "ele": null, "fee": null, "healthcare": "clinic", "healthcare_speciality": null, "name": "Laboratorio metropolitana", "name_en": null, "name_es": "Laboratorio metropolitana", "opening_hours": null, "operator": null, "parking": null, "phone": null, "ref": null, "religion": null, "source_transform": null, "surface": null, "website": null, "wheelchair": null, "objectid": 6542861, "osm_id2": "4488812889", "centroide_x": 346643.21504572476, "centroide_y": 6297234.4792608917, "crs_original": "EPSG:4326", "fecha_normalizacion": "2025-10-10 01:59:25" }, "geometry": { "type": "Point", "coordinates": [ 346643.215045724762604, 6297234.479260891675949 ] } },
{ "type": "Feature", "properties": { "access": null, "addr_city": "Santiago", "addr_country": null, "addr_housenumber": null, "addr_postcode": null, "addr_street": "Bandera", "addr_unit": null, "amenity": "bank", "brand": "Scotiabank", "building": null, "capacity": null, "cuisine": null, "denomination": null, "ele": null, "fee": null, "healthcare": null, "healthcare_speciality": null, "name": "Scotiabank", "name_en": null, "name_es": null, "opening_hours": null, "operator": null, "parking": null, "phone": null, "ref": null, "religion": null, "source_transform": "Reconocimiento cartográfico 2016 por KG.", "surface": null, "website": null, "wheelchair": null, "objectid": 6536356, "osm_id2": "1747224688", "centroide_x": 346422.38610420714, "centroide_y": 6298701.0507508609, "crs_original": "EPSG:4326", "fecha_normalizacion": "2025-10-10 01:59:25" }, "geometry": { "type": "Point", "coordinates": [ 346422.386104207136668, 6298701.05075086094439 ] } },
{ "type": "Feature", "properties": { "access": null, "addr_city": "Santiago", "addr_country": "CL", "addr_housenumber": null, "addr_postcode": null, "addr_street": "Bandera", "addr_unit": null, "amenity": "bank", "brand": "BCI", "building": null, "capacity": null, "cuisine": null, "denomination": null, "ele": null, "fee": null, "healthcare": null, "healthcare_speciality": null, "name": "BCI", "name_en": null, "name_es": null, "opening_hours": null, "operator": null, "parking": null, "phone": null, "ref": null, "religion": null, "source_transform": "Reconocimiento cartográfico 2016 por KG.", "surface": null, "website": null, "wheelchair": null, "objectid": 6536357, "osm_id2": "1157169749", "centroide_x": 346400.06016518426, "centroide_y": 6298708.038371508, "crs_original": "EPSG:4326", "fecha_normalizacion": "2025-10-10 01:59:25" }, "geometry": { "type": "Point", "coordinates": [ 346400.060165184258949, 6298708.038371508009732 ] } },
{ "type": "Feature", "properties": { "access": null, "addr_city": "Santiago", "addr_country": null, "addr_housenumber": "1199", "addr_postcode": null, "addr_street": "Huérfanos", "addr_unit": null, "amenity": "pharmacy", "brand": null, "building": null, "capacity": null, "cuisine": null, "denomination": null, "ele": null, "fee": null, "healthcare": "pharmacy", "healthcare_speciality": null, "name": "La Botica Salcobrand", "name_en": null, "name_es": null, "opening_hours": null, "operator": null, "parking": null, "phone": null, "ref": null, "religion": null, "source_transform": "Reconocimiento cortográfico de campo 2016 por KG", "surface": null, "website": null, "wheelchair": null, "objectid": 6536368, "osm_id2": "2584336818", "centroide_x": 346290.27387368574, "centroide_y": 6298734.619956946, "crs_original": "EPSG:4326", "fecha_normalizacion": "2025-10-10 01:59:25" }, "geometry": { "type": "Point", "coordinates": [ 346290.273873685742728, 6298734.619956946000457 ] } },
{ "type": "Feature", "properties": { "access": null, "addr_city": "Santiago", "addr_country": null, "addr_housenumber": null, "addr_postcode": null, "addr_street": "San Diego", "addr_unit": null, "amenity": "bank", "brand": null, "building": null, "capacity": null, "cuisine": null, "denomination": null, "ele": null, "fee": null, "healthcare": null, "healthcare_speciality": null, "name": "Corpbanca", "name_en": null, "name_es": null, "opening_hours": null, "operator": null, "parking": null, "phone": null, "ref": null, "religion": null, "source_transform": "Reconocimiento cortográfico de campo 2016 por KG", "surface": null, "website": null, "wheelchair": null, "objectid": 6542872, "osm_id2": "4473569878", "centroide_x": 346625.95059930504, "centroide_y": 6297211.0128959138, "crs_original": "EPSG:4326", "fecha_normalizacion": "2025-10-10 01:59:25" }, "geometry": { "type": "Point", "coordinates": [ 346625.950599305040669, 6297211.012895913794637 ] } },
{ "type": "Feature", "properties": { "access": null, "addr_city": "Santiago", "addr_country": null, "addr_housenumber": null, "addr_postcode": null, "addr_street": "San Diego", "addr_unit": null, "amenity": "pharmacy", "brand": null, "building": null, "capacity": null, "cuisine": null, "denomination": null, "ele": null, "fee": null, "healthcare": "pharmacy", "healthcare_speciality": null, "name": "Damyfar", "name_en": null, "name_es": "Damyfar", "opening_hours": null, "operator": null, "parking": null, "phone": "+56979480167", "ref": null, "religion": null, "source_transform": null, "surface": null, "website": null, "wheelchair": null, "objectid": 6542874, "osm_id2": "2495730727", "centroide_x": 346653.5981165368, "centroide_y": 6297195.9683139101, "crs_original": "EPSG:4326", "fecha_normalizacion": "2025-10-10 01:59:25" }, "geometry": { "type": "Point", "coordinates": [ 346653.598116536799353, 6297195.968313910067081 ] } },
{ "type": "Feature", "properties": { "access": null, "addr_city": "Santiago", "addr_country": null, "addr_housenumber": "285", "addr_postcode": null, "addr_street": "Morandé", "addr_unit": null, "amenity": "bank", "brand": "Banco de Chile", "building": null, "capacity": null, "cuisine": null, "denomination": null, "ele": null, "fee": null, "healthcare": null, "healthcare_speciality": null, "name": "Banco de Chile", "name_en": "Bank of Chile", "name_es": "Banco de Chile", "opening_hours": null, "operator": null, "parking": null, "phone": null, "ref": null, "religion": null, "source_transform": "Reconocimiento cortográfico de campo 2016 por KG", "surface": null, "website": null, "wheelchair": null, "objectid": 6536392, "osm_id2": "4447819581", "centroide_x": 346302.25267753022, "centroide_y": 6298691.2434498221, "crs_original": "EPSG:4326", "fecha_normalizacion": "2025-10-10 01:59:25" }, "geometry": { "type": "Point", "coordinates": [ 346302.252677530224901, 6298691.243449822068214 ] } },
{ "type": "Feature", "properties": { "access": null, "addr_city": "Santiago", "addr_country": "CL", "addr_housenumber": "8", "addr_postcode": null, "addr_street": "San Ignacio", "addr_unit": null, "amenity": "childcare", "brand": null, "building": null, "capacity": null, "cuisine": null, "denomination": null, "ele": null, "fee": null, "healthcare": null, "healthcare_speciality": null, "name": "Vitamina", "name_en": null, "name_es": null, "opening_hours": null, "operator": null, "parking": null, "phone": null, "ref": null, "religion": null, "source_transform": null, "surface": null, "website": null, "wheelchair": null, "objectid": 6537931, "osm_id2": "906429866", "centroide_x": 345978.36038087041, "centroide_y": 6298044.1677833963, "crs_original": "EPSG:4326", "fecha_normalizacion": "2025-10-10 01:59:25" }, "geometry": { "type": "Point", "coordinates": [ 345978.360380870406516, 6298044.167783396318555 ] } },
{ "type": "Feature", "properties": { "access": null, "addr_city": "Santiago", "addr_country": "CL", "addr_housenumber": null, "addr_postcode": null, "addr_street": "Avenida Libertador Bernardo O'Higgins", "addr_unit": null, "amenity": "restaurant", "brand": null, "building": null, "capacity": null, "cuisine": null, "denomination": null, "ele": null, "fee": null, "healthcare": null, "healthcare_speciality": null, "name": "Café Torres", "name_en": null, "name_es": null, "opening_hours": null, "operator": null, "parking": null, "phone": null, "ref": null, "religion": null, "source_transform": null, "surface": null, "website": null, "wheelchair": null, "objectid": 6537961, "osm_id2": "979570317", "centroide_x": 345889.78835320775, "centroide_y": 6298024.7647862025, "crs_original": "EPSG:4326", "fecha_normalizacion": "2025-10-10 01:59:25" }, "geometry": { "type": "Point", "coordinates": [ 345889.788353207753971, 6298024.764786202460527 ] } },
{ "type": "Feature", "properties": { "access": null, "addr_city": "Santiago", "addr_country": null, "addr_housenumber": null, "addr_postcode": null, "addr_street": "Nataniel Cox", "addr_unit": null, "amenity": "restaurant", "brand": null, "building": null, "capacity": null, "cuisine": null, "denomination": null, "ele": null, "fee": null, "healthcare": null, "healthcare_speciality": null, "name": "New Sushi", "name_en": null, "name_es": null, "opening_hours": null, "operator": null, "parking": null, "phone": null, "ref": null, "religion": null, "source_transform": "Reconocimiento cortográfico de campo 2016 por KG", "surface": null, "website": null, "wheelchair": null, "objectid": 6542909, "osm_id2": "4474186458", "centroide_x": 346385.92291718553, "centroide_y": 6297223.7129600253, "crs_original": "EPSG:4326", "fecha_normalizacion": "2025-10-10 01:59:25" }, "geometry": { "type": "Point", "coordinates": [ 346385.922917185525876, 6297223.712960025295615 ] } },
{ "type": "Feature", "properties": { "access": null, "addr_city": "Santiago", "addr_country": null, "addr_housenumber": "620", "addr_postcode": null, "addr_street": "Nataniel Cox", "addr_unit": null, "amenity": "pharmacy", "brand": "Farmacias Ahumada", "building": null, "capacity": null, "cuisine": null, "denomination": null, "ele": null, "fee": null, "healthcare": "pharmacy", "healthcare_speciality": null, "name": "Farmacias Ahumada", "name_en": null, "name_es": null, "opening_hours": null, "operator": null, "parking": null, "phone": null, "ref": null, "religion": null, "source_transform": null, "surface": null, "website": null, "wheelchair": null, "objectid": 6542912, "osm_id2": "4466515406", "centroide_x": 346424.67032068211, "centroide_y": 6297169.0161840562, "crs_original": "EPSG:4326", "fecha_normalizacion": "2025-10-10 01:59:25" }, "geometry": { "type": "Point", "coordinates": [ 346424.670320682111196, 6297169.016184056177735 ] } },
{ "type": "Feature", "properties": { "access": null, "addr_city": "Santiago", "addr_country": null, "addr_housenumber": "1202", "addr_postcode": null, "addr_street": "Huérfanos", "addr_unit": null, "amenity": "bank", "brand": "Banco Estado", "building": null, "capacity": null, "cuisine": null, "denomination": null, "ele": null, "fee": null, "healthcare": null, "healthcare_speciality": null, "name": "Banco Estado", "name_en": "State Bank", "name_es": "Banco Estado", "opening_hours": null, "operator": null, "parking": null, "phone": null, "ref": null, "religion": null, "source_transform": "Reconocimiento cortográfico de campo 2016 por KG", "surface": null, "website": null, "wheelchair": "no", "objectid": 6536397, "osm_id2": "1652791915", "centroide_x": 346271.66707382817, "centroide_y": 6298680.2532348055, "crs_original": "EPSG:4326", "fecha_normalizacion": "2025-10-10 01:59:25" }, "geometry": { "type": "Point", "coordinates": [ 346271.667073828168213, 6298680.25323480553925 ] } },
{ "type": "Feature", "properties": { "access": null, "addr_city": "Santiago", "addr_country": null, "addr_housenumber": "578", "addr_postcode": null, "addr_street": "Vergara", "addr_unit": null, "amenity": "community_centre", "brand": null, "building": null, "capacity": null, "cuisine": null, "denomination": null, "ele": null, "fee": null, "healthcare": null, "healthcare_speciality": null, "name": "Movimiento por la Diversidad Sexual - CENDA", "name_en": null, "name_es": null, "opening_hours": null, "operator": "MUMS Chile", "parking": null, "phone": null, "ref": null, "religion": null, "source_transform": null, "surface": null, "website": "http://www.mums.cl", "wheelchair": null, "objectid": 6544926, "osm_id2": "5683395349", "centroide_x": 345608.39499582339, "centroide_y": 6297121.0067232214, "crs_original": "EPSG:4326", "fecha_normalizacion": "2025-10-10 01:59:25" }, "geometry": { "type": "Point", "coordinates": [ 345608.394995823386125, 6297121.006723221391439 ] } },
{ "type": "Feature", "properties": { "access": null, "addr_city": "Santiago", "addr_country": "CL", "addr_housenumber": "1602", "addr_postcode": null, "addr_street": "Avenida Libertador Bernardo O'Higgins", "addr_unit": null, "amenity": "fast_food", "brand": null, "building": null, "capacity": null, "cuisine": "sandwich", "denomination": null, "ele": null, "fee": null, "healthcare": null, "healthcare_speciality": null, "name": "Donde Zacarias", "name_en": null, "name_es": null, "opening_hours": null, "operator": null, "parking": null, "phone": null, "ref": null, "religion": null, "source_transform": null, "surface": null, "website": null, "wheelchair": null, "objectid": 6537966, "osm_id2": "979570125", "centroide_x": 345843.68251898151, "centroide_y": 6298009.9541098019, "crs_original": "EPSG:4326", "fecha_normalizacion": "2025-10-10 01:59:25" }, "geometry": { "type": "Point", "coordinates": [ 345843.682518981513567, 6298009.954109801910818 ] } },
{ "type": "Feature", "properties": { "access": null, "addr_city": "Santiago", "addr_country": null, "addr_housenumber": "73", "addr_postcode": null, "addr_street": "Avenida Brasil", "addr_unit": null, "amenity": "kindergarten", "brand": null, "building": null, "capacity": null, "cuisine": null, "denomination": null, "ele": null, "fee": null, "healthcare": null, "healthcare_speciality": null, "name": "Rayitos De Sol", "name_en": null, "name_es": null, "opening_hours": null, "operator": null, "parking": null, "phone": null, "ref": null, "religion": null, "source_transform": "Reconocimiento cartográfico 2016 por KG", "surface": null, "website": null, "wheelchair": null, "objectid": 6538010, "osm_id2": "3568180197", "centroide_x": 345264.71157233481, "centroide_y": 6298189.8959794622, "crs_original": "EPSG:4326", "fecha_normalizacion": "2025-10-10 01:59:25" }, "geometry": { "type": "Point", "coordinates": [ 345264.711572334810626, 6298189.895979462191463 ] } },
{ "type": "Feature", "properties": { "access": null, "addr_city": "Santiago", "addr_country": null, "addr_housenumber": "161", "addr_postcode": null, "addr_street": "Mac-Iver", "addr_unit": null, "amenity": "cafe", "brand": null, "building": null, "capacity": null, "cuisine": null, "denomination": null, "ele": null, "fee": null, "healthcare": null, "healthcare_speciality": null, "name": "Cafe Colonia", "name_en": null, "name_es": null, "opening_hours": null, "operator": null, "parking": null, "phone": "+5626397256", "ref": null, "religion": null, "source_transform": "Reconocimiento cortográfico de campo 2016 por KG", "surface": null, "website": "https://www.cafecolonia.cl/", "wheelchair": null, "objectid": 6536413, "osm_id2": "1276939853", "centroide_x": 346948.05877167766, "centroide_y": 6298641.5903519569, "crs_original": "EPSG:4326", "fecha_normalizacion": "2025-10-10 01:59:25" }, "geometry": { "type": "Point", "coordinates": [ 346948.058771677664481, 6298641.590351956896484 ] } },
{ "type": "Feature", "properties": { "access": null, "addr_city": "Santiago", "addr_country": null, "addr_housenumber": "624", "addr_postcode": null, "addr_street": "Vergara", "addr_unit": null, "amenity": "restaurant", "brand": null, "building": null, "capacity": null, "cuisine": "sushi", "denomination": null, "ele": null, "fee": null, "healthcare": null, "healthcare_speciality": null, "name": "Aomori Nikkei & Sushi", "name_en": null, "name_es": null, "opening_hours": null, "operator": null, "parking": null, "phone": null, "ref": null, "religion": null, "source_transform": "Reconocimiento cartográfico 2016 por KG.", "surface": null, "website": null, "wheelchair": null, "objectid": 6544930, "osm_id2": "1236575383", "centroide_x": 345611.66690385097, "centroide_y": 6297048.3654131852, "crs_original": "EPSG:4326", "fecha_normalizacion": "2025-10-10 01:59:25" }, "geometry": { "type": "Point", "coordinates": [ 345611.666903850971721, 6297048.365413185209036 ] } },
{ "type": "Feature", "properties": { "access": null, "addr_city": "Santiago", "addr_country": null, "addr_housenumber": "664", "addr_postcode": null, "addr_street": "Vergara", "addr_unit": null, "amenity": "restaurant", "brand": null, "building": null, "capacity": null, "cuisine": null, "denomination": null, "ele": null, "fee": null, "healthcare": null, "healthcare_speciality": null, "name": null, "name_en": null, "name_es": null, "opening_hours": null, "operator": null, "parking": null, "phone": null, "ref": null, "religion": null, "source_transform": null, "surface": null, "website": null, "wheelchair": null, "objectid": 6544956, "osm_id2": "8620107146", "centroide_x": 345617.8557005754, "centroide_y": 6297009.5997072943, "crs_original": "EPSG:4326", "fecha_normalizacion": "2025-10-10 01:59:25" }, "geometry": { "type": "Point", "coordinates": [ 345617.85570057539735, 6297009.599707294255495 ] } },
{ "type": "Feature", "properties": { "access": null, "addr_city": "Santiago", "addr_country": null, "addr_housenumber": "1835", "addr_postcode": null, "addr_street": "Domeyko", "addr_unit": null, "amenity": "restaurant", "brand": null, "building": null, "capacity": null, "cuisine": null, "denomination": null, "ele": null, "fee": null, "healthcare": null, "healthcare_speciality": null, "name": "Sana Bien", "name_en": null, "name_es": null, "opening_hours": null, "operator": null, "parking": null, "phone": null, "ref": null, "religion": null, "source_transform": null, "surface": null, "website": null, "wheelchair": null, "objectid": 6544963, "osm_id2": "8620107163", "centroide_x": 345685.1537372577, "centroide_y": 6296989.5239602244, "crs_original": "EPSG:4326", "fecha_normalizacion": "2025-10-10 01:59:25" }, "geometry": { "type": "Point", "coordinates": [ 345685.153737257700413, 6296989.523960224352777 ] } },
{ "type": "Feature", "properties": { "access": null, "addr_city": "Santiago", "addr_country": null, "addr_housenumber": "649", "addr_postcode": null, "addr_street": "José Miguel Carrera", "addr_unit": null, "amenity": "fast_food", "brand": null, "building": null, "capacity": null, "cuisine": null, "denomination": null, "ele": null, "fee": null, "healthcare": null, "healthcare_speciality": null, "name": "Astrid y Andre", "name_en": null, "name_es": null, "opening_hours": null, "operator": null, "parking": null, "phone": null, "ref": null, "religion": null, "source_transform": null, "surface": null, "website": null, "wheelchair": null, "objectid": 6544987, "osm_id2": "5714530845", "centroide_x": 345456.55315662036, "centroide_y": 6296984.9141541999, "crs_original": "EPSG:4326", "fecha_normalizacion": "2025-10-10 01:59:25" }, "geometry": { "type": "Point", "coordinates": [ 345456.553156620357186, 6296984.914154199883342 ] } },
{ "type": "Feature", "properties": { "access": null, "addr_city": "Santiago", "addr_country": "CL", "addr_housenumber": "1777", "addr_postcode": null, "addr_street": "Gorbea", "addr_unit": null, "amenity": "college", "brand": null, "building": null, "capacity": null, "cuisine": null, "denomination": null, "ele": null, "fee": null, "healthcare": null, "healthcare_speciality": null, "name": "Centro de Formación Técnica CEITEC", "name_en": null, "name_es": null, "opening_hours": null, "operator": "CEITEC", "parking": null, "phone": null, "ref": null, "religion": null, "source_transform": null, "surface": null, "website": null, "wheelchair": null, "objectid": 6542981, "osm_id2": "3058010230", "centroide_x": 345704.95288872789, "centroide_y": 6297394.7794923829, "crs_original": "EPSG:4326", "fecha_normalizacion": "2025-10-10 01:59:25" }, "geometry": { "type": "Point", "coordinates": [ 345704.952888727886602, 6297394.779492382891476 ] } },
{ "type": "Feature", "properties": { "access": null, "addr_city": "Santiago", "addr_country": null, "addr_housenumber": "2086", "addr_postcode": null, "addr_street": "Sazié", "addr_unit": null, "amenity": "veterinary", "brand": null, "building": null, "capacity": null, "cuisine": null, "denomination": null, "ele": null, "fee": null, "healthcare": null, "healthcare_speciality": null, "name": "Clínica Veterinaria Vida Sana", "name_en": null, "name_es": null, "opening_hours": null, "operator": null, "parking": null, "phone": null, "ref": null, "religion": null, "source_transform": "Reconocimiento cartográfico 2016 por KG.", "surface": null, "website": null, "wheelchair": null, "objectid": 6543027, "osm_id2": "4462355576", "centroide_x": 345306.75147147442, "centroide_y": 6297549.3916498236, "crs_original": "EPSG:4326", "fecha_normalizacion": "2025-10-10 01:59:25" }, "geometry": { "type": "Point", "coordinates": [ 345306.751471474417485, 6297549.391649823635817 ] } },
{ "type": "Feature", "properties": { "access": null, "addr_city": "Santiago", "addr_country": null, "addr_housenumber": "180", "addr_postcode": null, "addr_street": "San Antonio", "addr_unit": null, "amenity": "bank", "brand": "Scotiabank", "building": null, "capacity": null, "cuisine": null, "denomination": null, "ele": null, "fee": null, "healthcare": null, "healthcare_speciality": null, "name": "Scotiabank", "name_en": null, "name_es": null, "opening_hours": "Mo-Fr 08:00-14:00", "operator": null, "parking": null, "phone": null, "ref": null, "religion": null, "source_transform": null, "surface": null, "website": null, "wheelchair": null, "objectid": 6536433, "osm_id2": "8454898253", "centroide_x": 346800.72889955959, "centroide_y": 6298626.988340158, "crs_original": "EPSG:4326", "fecha_normalizacion": "2025-10-10 01:59:25" }, "geometry": { "type": "Point", "coordinates": [ 346800.728899559588172, 6298626.98834015801549 ] } },
{ "type": "Feature", "properties": { "access": null, "addr_city": "Santiago", "addr_country": null, "addr_housenumber": "168", "addr_postcode": null, "addr_street": "San Antonio", "addr_unit": null, "amenity": "fast_food", "brand": null, "building": null, "capacity": null, "cuisine": "hot_dog;sandwich", "denomination": null, "ele": null, "fee": null, "healthcare": null, "healthcare_speciality": null, "name": "Póker", "name_en": null, "name_es": null, "opening_hours": null, "operator": null, "parking": null, "phone": null, "ref": null, "religion": null, "source_transform": null, "surface": null, "website": null, "wheelchair": null, "objectid": 6536435, "osm_id2": "7206185385", "centroide_x": 346801.47115136799, "centroide_y": 6298618.8811383061, "crs_original": "EPSG:4326", "fecha_normalizacion": "2025-10-10 01:59:25" }, "geometry": { "type": "Point", "coordinates": [ 346801.471151367994025, 6298618.881138306111097 ] } },
{ "type": "Feature", "properties": { "access": null, "addr_city": "Santiago", "addr_country": null, "addr_housenumber": "2114", "addr_postcode": null, "addr_street": "Catedral", "addr_unit": null, "amenity": "restaurant", "brand": null, "building": null, "capacity": null, "cuisine": null, "denomination": null, "ele": null, "fee": null, "healthcare": null, "healthcare_speciality": null, "name": "La Rueda de la Fortuna", "name_en": null, "name_es": null, "opening_hours": null, "operator": null, "parking": null, "phone": null, "ref": null, "religion": null, "source_transform": null, "surface": null, "website": null, "wheelchair": null, "objectid": 6538089, "osm_id2": "4042215067", "centroide_x": 345117.50533135526, "centroide_y": 6298804.3687669896, "crs_original": "EPSG:4326", "fecha_normalizacion": "2025-10-10 01:59:25" }, "geometry": { "type": "Point", "coordinates": [ 345117.505331355263479, 6298804.368766989558935 ] } },
{ "type": "Feature", "properties": { "access": null, "addr_city": "Santiago", "addr_country": null, "addr_housenumber": "516", "addr_postcode": null, "addr_street": "Maturana", "addr_unit": null, "amenity": "bar", "brand": null, "building": null, "capacity": null, "cuisine": null, "denomination": null, "ele": null, "fee": null, "healthcare": null, "healthcare_speciality": null, "name": "A Lo Roto", "name_en": null, "name_es": null, "opening_hours": null, "operator": null, "parking": null, "phone": null, "ref": null, "religion": null, "source_transform": null, "surface": null, "website": null, "wheelchair": null, "objectid": 6538103, "osm_id2": "5262479060", "centroide_x": 345031.45347870805, "centroide_y": 6298826.9133269917, "crs_original": "EPSG:4326", "fecha_normalizacion": "2025-10-10 01:59:25" }, "geometry": { "type": "Point", "coordinates": [ 345031.453478708048351, 6298826.913326991721988 ] } },
{ "type": "Feature", "properties": { "access": null, "addr_city": "Santiago", "addr_country": null, "addr_housenumber": "284", "addr_postcode": null, "addr_street": "Almirante Latorre", "addr_unit": null, "amenity": "fast_food", "brand": null, "building": null, "capacity": null, "cuisine": "pizza", "denomination": null, "ele": null, "fee": null, "healthcare": null, "healthcare_speciality": null, "name": "Gino's Pizza", "name_en": null, "name_es": null, "opening_hours": null, "operator": null, "parking": null, "phone": null, "ref": null, "religion": null, "source_transform": null, "surface": null, "website": null, "wheelchair": null, "objectid": 6543080, "osm_id2": "4456975859", "centroide_x": 345297.96204826568, "centroide_y": 6297449.1610883847, "crs_original": "EPSG:4326", "fecha_normalizacion": "2025-10-10 01:59:25" }, "geometry": { "type": "Point", "coordinates": [ 345297.962048265675548, 6297449.161088384687901 ] } },
{ "type": "Feature", "properties": { "access": null, "addr_city": "Santiago", "addr_country": null, "addr_housenumber": "2106", "addr_postcode": null, "addr_street": "Grajales", "addr_unit": null, "amenity": "restaurant", "brand": null, "building": null, "capacity": null, "cuisine": "sushi;indian", "denomination": null, "ele": null, "fee": null, "healthcare": null, "healthcare_speciality": null, "name": "Taste of India", "name_en": null, "name_es": null, "opening_hours": null, "operator": null, "parking": null, "phone": null, "ref": null, "religion": null, "source_transform": null, "surface": null, "website": null, "wheelchair": null, "objectid": 6543095, "osm_id2": "4456975866", "centroide_x": 345279.07395384851, "centroide_y": 6297398.3699560985, "crs_original": "EPSG:4326", "fecha_normalizacion": "2025-10-10 01:59:25" }, "geometry": { "type": "Point", "coordinates": [ 345279.07395384850679, 6297398.369956098496914 ] } },
{ "type": "Feature", "properties": { "access": null, "addr_city": "Santiago", "addr_country": null, "addr_housenumber": "2113", "addr_postcode": null, "addr_street": "Domeyko", "addr_unit": null, "amenity": "fast_food", "brand": null, "building": null, "capacity": null, "cuisine": null, "denomination": null, "ele": null, "fee": null, "healthcare": null, "healthcare_speciality": null, "name": "Big Bajon", "name_en": null, "name_es": null, "opening_hours": null, "operator": null, "parking": null, "phone": null, "ref": null, "religion": null, "source_transform": null, "surface": null, "website": null, "wheelchair": null, "objectid": 6545054, "osm_id2": "5714365234", "centroide_x": 345304.62278326438, "centroide_y": 6296893.4941696525, "crs_original": "EPSG:4326", "fecha_normalizacion": "2025-10-10 01:59:25" }, "geometry": { "type": "Point", "coordinates": [ 345304.622783264378086, 6296893.494169652462006 ] } },
{ "type": "Feature", "properties": { "access": null, "addr_city": "Santiago", "addr_country": null, "addr_housenumber": "2025", "addr_postcode": null, "addr_street": "Avenida Almirante Blanco Encalada", "addr_unit": null, "amenity": "restaurant", "brand": null, "building": null, "capacity": null, "cuisine": null, "denomination": null, "ele": null, "fee": null, "healthcare": null, "healthcare_speciality": null, "name": "Break & Food", "name_en": null, "name_es": null, "opening_hours": null, "operator": null, "parking": null, "phone": null, "ref": null, "religion": null, "source_transform": null, "surface": null, "website": null, "wheelchair": null, "objectid": 6545058, "osm_id2": "5714356483", "centroide_x": 345446.94582956377, "centroide_y": 6296836.9992899206, "crs_original": "EPSG:4326", "fecha_normalizacion": "2025-10-10 01:59:25" }, "geometry": { "type": "Point", "coordinates": [ 345446.945829563774168, 6296836.999289920553565 ] } },
{ "type": "Feature", "properties": { "access": null, "addr_city": "Santiago", "addr_country": null, "addr_housenumber": "315", "addr_postcode": null, "addr_street": "Almirante Latorre", "addr_unit": null, "amenity": "restaurant", "brand": null, "building": null, "capacity": null, "cuisine": null, "denomination": null, "ele": null, "fee": null, "healthcare": null, "healthcare_speciality": null, "name": "Ceviches y mariscos", "name_en": null, "name_es": null, "opening_hours": null, "operator": null, "parking": null, "phone": null, "ref": null, "religion": null, "source_transform": null, "surface": null, "website": null, "wheelchair": null, "objectid": 6543101, "osm_id2": "5359955521", "centroide_x": 345283.45678316557, "centroide_y": 6297383.6330011599, "crs_original": "EPSG:4326", "fecha_normalizacion": "2025-10-10 01:59:25" }, "geometry": { "type": "Point", "coordinates": [ 345283.456783165573142, 6297383.633001159876585 ] } },
{ "type": "Feature", "properties": { "access": null, "addr_city": "Santiago", "addr_country": null, "addr_housenumber": "1783", "addr_postcode": null, "addr_street": "Toesca", "addr_unit": null, "amenity": "university", "brand": null, "building": null, "capacity": null, "cuisine": null, "denomination": null, "ele": null, "fee": null, "healthcare": null, "healthcare_speciality": null, "name": "Universidad Central", "name_en": null, "name_es": null, "opening_hours": null, "operator": null, "parking": null, "phone": null, "ref": null, "religion": null, "source_transform": "Reconocimiento cartográfico 2016 por KG", "surface": null, "website": null, "wheelchair": null, "objectid": 6543123, "osm_id2": "4448367818", "centroide_x": 345715.8824823933, "centroide_y": 6297262.9432227947, "crs_original": "EPSG:4326", "fecha_normalizacion": "2025-10-10 01:59:25" }, "geometry": { "type": "Point", "coordinates": [ 345715.882482393295504, 6297262.943222794681787 ] } },
{ "type": "Feature", "properties": { "access": null, "addr_city": "Santiago", "addr_country": null, "addr_housenumber": "1582", "addr_postcode": null, "addr_street": "Santa Isabel", "addr_unit": null, "amenity": "cafe", "brand": null, "building": null, "capacity": null, "cuisine": null, "denomination": null, "ele": null, "fee": null, "healthcare": null, "healthcare_speciality": null, "name": "Cousiño", "name_en": null, "name_es": null, "opening_hours": null, "operator": null, "parking": null, "phone": null, "ref": null, "religion": null, "source_transform": null, "surface": null, "website": null, "wheelchair": null, "objectid": 6543131, "osm_id2": "3069437701", "centroide_x": 346035.84946957353, "centroide_y": 6297235.2743938174, "crs_original": "EPSG:4326", "fecha_normalizacion": "2025-10-10 01:59:25" }, "geometry": { "type": "Point", "coordinates": [ 346035.84946957352804, 6297235.274393817409873 ] } },
{ "type": "Feature", "properties": { "access": null, "addr_city": "Santiago", "addr_country": null, "addr_housenumber": "1582", "addr_postcode": null, "addr_street": "Santa Isabel", "addr_unit": null, "amenity": "restaurant", "brand": null, "building": null, "capacity": null, "cuisine": null, "denomination": null, "ele": "4", "fee": null, "healthcare": null, "healthcare_speciality": null, "name": "La Esquina", "name_en": null, "name_es": null, "opening_hours": null, "operator": null, "parking": null, "phone": null, "ref": null, "religion": null, "source_transform": null, "surface": null, "website": null, "wheelchair": null, "objectid": 6543133, "osm_id2": "3069437702", "centroide_x": 346027.3172081426, "centroide_y": 6297234.517238358, "crs_original": "EPSG:4326", "fecha_normalizacion": "2025-10-10 01:59:25" }, "geometry": { "type": "Point", "coordinates": [ 346027.317208142601885, 6297234.517238358035684 ] } },
{ "type": "Feature", "properties": { "access": null, "addr_city": "Santiago", "addr_country": null, "addr_housenumber": "762", "addr_postcode": null, "addr_street": "Almirante Latorre", "addr_unit": null, "amenity": "pharmacy", "brand": null, "building": null, "capacity": null, "cuisine": null, "denomination": null, "ele": null, "fee": null, "healthcare": "pharmacy", "healthcare_speciality": null, "name": "La Torre", "name_en": null, "name_es": null, "opening_hours": "Mo-Fr 09:00-22:00; Sa-Su 10:00-20:00", "operator": null, "parking": null, "phone": null, "ref": null, "religion": null, "source_transform": null, "surface": null, "website": null, "wheelchair": null, "objectid": 6545065, "osm_id2": "4347970491", "centroide_x": 345352.8534070006, "centroide_y": 6296852.4628016697, "crs_original": "EPSG:4326", "fecha_normalizacion": "2025-10-10 01:59:25" }, "geometry": { "type": "Point", "coordinates": [ 345352.853407000598963, 6296852.462801669724286 ] } },
{ "type": "Feature", "properties": { "access": null, "addr_city": "Santiago", "addr_country": null, "addr_housenumber": "2101", "addr_postcode": null, "addr_street": "Avenida Almirante Blanco Encalada", "addr_unit": null, "amenity": "restaurant", "brand": null, "building": null, "capacity": null, "cuisine": "peruvian", "denomination": null, "ele": null, "fee": null, "healthcare": null, "healthcare_speciality": null, "name": "Paraiso Marino II", "name_en": null, "name_es": null, "opening_hours": null, "operator": null, "parking": null, "phone": null, "ref": null, "religion": null, "source_transform": null, "surface": null, "website": null, "wheelchair": null, "objectid": 6545081, "osm_id2": "4347970489", "centroide_x": 345335.76795684523, "centroide_y": 6296827.9209084315, "crs_original": "EPSG:4326", "fecha_normalizacion": "2025-10-10 01:59:25" }, "geometry": { "type": "Point", "coordinates": [ 345335.767956845229492, 6296827.920908431522548 ] } },
{ "type": "Feature", "properties": { "access": null, "addr_city": "Santiago", "addr_country": null, "addr_housenumber": null, "addr_postcode": null, "addr_street": "Avenida Ricardo Cumming", "addr_unit": null, "amenity": "pharmacy", "brand": "Farmacias del Dr. Simi", "building": null, "capacity": null, "cuisine": null, "denomination": null, "ele": null, "fee": null, "healthcare": "pharmacy", "healthcare_speciality": null, "name": "Farmacias del Dr. Simi", "name_en": null, "name_es": null, "opening_hours": null, "operator": null, "parking": null, "phone": null, "ref": null, "religion": null, "source_transform": null, "surface": null, "website": null, "wheelchair": null, "objectid": 6538109, "osm_id2": "5254734020", "centroide_x": 344912.63188057404, "centroide_y": 6298793.8064953825, "crs_original": "EPSG:4326", "fecha_normalizacion": "2025-10-10 01:59:25" }, "geometry": { "type": "Point", "coordinates": [ 344912.631880574044771, 6298793.806495382450521 ] } },
{ "type": "Feature", "properties": { "access": null, "addr_city": "Santiago", "addr_country": null, "addr_housenumber": "373", "addr_postcode": null, "addr_street": "Avenida Brasil", "addr_unit": null, "amenity": "restaurant", "brand": null, "building": null, "capacity": "150", "cuisine": "chinese", "denomination": null, "ele": null, "fee": null, "healthcare": null, "healthcare_speciality": null, "name": "Los Chinos Ricos", "name_en": null, "name_es": null, "opening_hours": null, "operator": null, "parking": null, "phone": null, "ref": null, "religion": null, "source_transform": null, "surface": null, "website": null, "wheelchair": null, "objectid": 6538223, "osm_id2": "4630984067", "centroide_x": 345249.4358458239, "centroide_y": 6298660.0194667829, "crs_original": "EPSG:4326", "fecha_normalizacion": "2025-10-10 01:59:25" }, "geometry": { "type": "Point", "coordinates": [ 345249.435845823900308, 6298660.019466782920063 ] } },
{ "type": "Feature", "properties": { "access": "permit", "addr_city": "Santiago", "addr_country": null, "addr_housenumber": "170", "addr_postcode": null, "addr_street": "Obispo Villarroel", "addr_unit": null, "amenity": "library", "brand": null, "building": null, "capacity": null, "cuisine": null, "denomination": null, "ele": null, "fee": null, "healthcare": null, "healthcare_speciality": null, "name": "Biblioteca Conventual \"Toma y Lee\"", "name_en": null, "name_es": null, "opening_hours": null, "operator": "Agustinos", "parking": null, "phone": null, "ref": null, "religion": null, "source_transform": null, "surface": null, "website": null, "wheelchair": null, "objectid": 6536448, "osm_id2": "8371127067", "centroide_x": 346760.16148934612, "centroide_y": 6298620.9434293862, "crs_original": "EPSG:4326", "fecha_normalizacion": "2025-10-10 01:59:25" }, "geometry": { "type": "Point", "coordinates": [ 346760.161489346122835, 6298620.943429386243224 ] } },
{ "type": "Feature", "properties": { "access": null, "addr_city": "Santiago", "addr_country": null, "addr_housenumber": "170", "addr_postcode": null, "addr_street": "Obispo Villarroel", "addr_unit": null, "amenity": "library", "brand": null, "building": null, "capacity": null, "cuisine": null, "denomination": null, "ele": null, "fee": null, "healthcare": null, "healthcare_speciality": null, "name": "Biblioteca P. Alfonso Escudero OSA", "name_en": null, "name_es": null, "opening_hours": null, "operator": null, "parking": null, "phone": null, "ref": null, "religion": null, "source_transform": null, "surface": null, "website": "www.agustino.cl", "wheelchair": null, "objectid": 6536519, "osm_id2": "7501655107", "centroide_x": 346721.87069279351, "centroide_y": 6298584.5218978729, "crs_original": "EPSG:4326", "fecha_normalizacion": "2025-10-10 01:59:25" }, "geometry": { "type": "Point", "coordinates": [ 346721.870692793512717, 6298584.521897872909904 ] } },
{ "type": "Feature", "properties": { "access": null, "addr_city": "Santiago", "addr_country": null, "addr_housenumber": "398", "addr_postcode": null, "addr_street": "Vergara", "addr_unit": null, "amenity": "restaurant", "brand": null, "building": null, "capacity": null, "cuisine": null, "denomination": null, "ele": null, "fee": null, "healthcare": null, "healthcare_speciality": null, "name": "Los Comensales de Siempre", "name_en": null, "name_es": null, "opening_hours": null, "operator": null, "parking": null, "phone": "+56226957178", "ref": null, "religion": null, "source_transform": null, "surface": null, "website": "http://www.loscomensales.cl/", "wheelchair": null, "objectid": 6543171, "osm_id2": "7693009246", "centroide_x": 345578.18410503154, "centroide_y": 6297366.0339505849, "crs_original": "EPSG:4326", "fecha_normalizacion": "2025-10-10 01:59:25" }, "geometry": { "type": "Point", "coordinates": [ 345578.184105031541549, 6297366.033950584940612 ] } },
{ "type": "Feature", "properties": { "access": null, "addr_city": "Santiago", "addr_country": null, "addr_housenumber": "1954", "addr_postcode": null, "addr_street": "Gorbea", "addr_unit": null, "amenity": "library", "brand": null, "building": null, "capacity": null, "cuisine": null, "denomination": null, "ele": null, "fee": null, "healthcare": null, "healthcare_speciality": null, "name": "Libreria N&R", "name_en": null, "name_es": null, "opening_hours": null, "operator": null, "parking": null, "phone": null, "ref": null, "religion": null, "source_transform": "Reconocimiento cartográfico 2016 por KG.", "surface": null, "website": null, "wheelchair": null, "objectid": 6543179, "osm_id2": "4457065988", "centroide_x": 345491.00990752823, "centroide_y": 6297318.9648777302, "crs_original": "EPSG:4326", "fecha_normalizacion": "2025-10-10 01:59:25" }, "geometry": { "type": "Point", "coordinates": [ 345491.00990752823418, 6297318.964877730235457 ] } },
{ "type": "Feature", "properties": { "access": null, "addr_city": "Santiago", "addr_country": null, "addr_housenumber": "399", "addr_postcode": null, "addr_street": "José Miguel Carrera", "addr_unit": null, "amenity": "restaurant", "brand": null, "building": null, "capacity": null, "cuisine": "hot_dog", "denomination": null, "ele": null, "fee": null, "healthcare": null, "healthcare_speciality": null, "name": "Oregamo", "name_en": null, "name_es": null, "opening_hours": null, "operator": null, "parking": null, "phone": null, "ref": null, "religion": null, "source_transform": null, "surface": null, "website": null, "wheelchair": null, "objectid": 6543187, "osm_id2": "8348989745", "centroide_x": 345418.88125462161, "centroide_y": 6297325.829788452, "crs_original": "EPSG:4326", "fecha_normalizacion": "2025-10-10 01:59:25" }, "geometry": { "type": "Point", "coordinates": [ 345418.881254621606786, 6297325.829788452014327 ] } },
{ "type": "Feature", "properties": { "access": null, "addr_city": "Santiago", "addr_country": null, "addr_housenumber": "2017", "addr_postcode": null, "addr_street": "Gorbea", "addr_unit": null, "amenity": "restaurant", "brand": null, "building": null, "capacity": null, "cuisine": null, "denomination": null, "ele": null, "fee": null, "healthcare": null, "healthcare_speciality": null, "name": "Terra Sano", "name_en": null, "name_es": null, "opening_hours": null, "operator": null, "parking": null, "phone": null, "ref": null, "religion": null, "source_transform": null, "surface": null, "website": null, "wheelchair": null, "objectid": 6543188, "osm_id2": "4454179097", "centroide_x": 345408.16708176146, "centroide_y": 6297321.9759082366, "crs_original": "EPSG:4326", "fecha_normalizacion": "2025-10-10 01:59:25" }, "geometry": { "type": "Point", "coordinates": [ 345408.167081761464942, 6297321.975908236578107 ] } },
{ "type": "Feature", "properties": { "access": null, "addr_city": "Santiago", "addr_country": null, "addr_housenumber": "1010", "addr_postcode": null, "addr_street": "Avenida Manuel Antonio Matta", "addr_unit": null, "amenity": "post_office", "brand": "Chilexpress", "building": null, "capacity": null, "cuisine": null, "denomination": null, "ele": null, "fee": null, "healthcare": null, "healthcare_speciality": null, "name": "Chilexpress", "name_en": null, "name_es": null, "opening_hours": null, "operator": "Chilexpress", "parking": null, "phone": null, "ref": null, "religion": null, "source_transform": null, "surface": null, "website": "https://www.chilexpress.cl/", "wheelchair": null, "objectid": 6545155, "osm_id2": "3895704366", "centroide_x": 346887.92232513172, "centroide_y": 6296560.1881042961, "crs_original": "EPSG:4326", "fecha_normalizacion": "2025-10-10 01:59:25" }, "geometry": { "type": "Point", "coordinates": [ 346887.922325131716207, 6296560.18810429610312 ] } },
{ "type": "Feature", "properties": { "access": null, "addr_city": "Santiago", "addr_country": null, "addr_housenumber": "2023", "addr_postcode": null, "addr_street": "Gorbea", "addr_unit": null, "amenity": "fast_food", "brand": null, "building": null, "capacity": null, "cuisine": null, "denomination": null, "ele": null, "fee": null, "healthcare": null, "healthcare_speciality": null, "name": "Pantito", "name_en": null, "name_es": null, "opening_hours": null, "operator": null, "parking": null, "phone": null, "ref": null, "religion": null, "source_transform": "Reconocimiento cartográfico 2016 por KG.", "surface": null, "website": null, "wheelchair": null, "objectid": 6543189, "osm_id2": "4454179098", "centroide_x": 345396.15081949212, "centroide_y": 6297317.5687786872, "crs_original": "EPSG:4326", "fecha_normalizacion": "2025-10-10 01:59:25" }, "geometry": { "type": "Point", "coordinates": [ 345396.150819492118899, 6297317.568778687156737 ] } },
{ "type": "Feature", "properties": { "access": null, "addr_city": "Santiago", "addr_country": null, "addr_housenumber": "357", "addr_postcode": null, "addr_street": "Almirante Latorre", "addr_unit": null, "amenity": "restaurant", "brand": null, "building": null, "capacity": null, "cuisine": null, "denomination": null, "ele": null, "fee": null, "healthcare": null, "healthcare_speciality": null, "name": "Casona de Toko", "name_en": null, "name_es": null, "opening_hours": null, "operator": null, "parking": null, "phone": null, "ref": null, "religion": null, "source_transform": null, "surface": null, "website": null, "wheelchair": null, "objectid": 6543196, "osm_id2": "8355333638", "centroide_x": 345288.04404470907, "centroide_y": 6297334.6598206786, "crs_original": "EPSG:4326", "fecha_normalizacion": "2025-10-10 01:59:25" }, "geometry": { "type": "Point", "coordinates": [ 345288.044044709065929, 6297334.659820678643882 ] } },
{ "type": "Feature", "properties": { "access": null, "addr_city": "Santiago", "addr_country": null, "addr_housenumber": "406`", "addr_postcode": null, "addr_street": "José Miguel Carrera", "addr_unit": null, "amenity": "cafe", "brand": null, "building": null, "capacity": null, "cuisine": null, "denomination": null, "ele": null, "fee": null, "healthcare": null, "healthcare_speciality": null, "name": "Victoria", "name_en": null, "name_es": null, "opening_hours": null, "operator": null, "parking": null, "phone": null, "ref": null, "religion": null, "source_transform": null, "surface": null, "website": null, "wheelchair": null, "objectid": 6543198, "osm_id2": "8264796559", "centroide_x": 345451.83914588753, "centroide_y": 6297298.0628418038, "crs_original": "EPSG:4326", "fecha_normalizacion": "2025-10-10 01:59:25" }, "geometry": { "type": "Point", "coordinates": [ 345451.839145887526684, 6297298.062841803766787 ] } },
{ "type": "Feature", "properties": { "access": null, "addr_city": "Santiago", "addr_country": null, "addr_housenumber": "405", "addr_postcode": null, "addr_street": "José Miguel Carrera", "addr_unit": null, "amenity": "pharmacy", "brand": null, "building": null, "capacity": null, "cuisine": null, "denomination": null, "ele": null, "fee": null, "healthcare": "pharmacy", "healthcare_speciality": null, "name": "Su Salud", "name_en": null, "name_es": null, "opening_hours": null, "operator": null, "parking": null, "phone": null, "ref": null, "religion": null, "source_transform": null, "surface": null, "website": null, "wheelchair": null, "objectid": 6543199, "osm_id2": "8619109909", "centroide_x": 345422.96009634645, "centroide_y": 6297299.8633730616, "crs_original": "EPSG:4326", "fecha_normalizacion": "2025-10-10 01:59:25" }, "geometry": { "type": "Point", "coordinates": [ 345422.960096346447244, 6297299.863373061642051 ] } },
{ "type": "Feature", "properties": { "access": null, "addr_city": "Santiago", "addr_country": null, "addr_housenumber": "170", "addr_postcode": null, "addr_street": "Obispo Villarroel", "addr_unit": null, "amenity": "library", "brand": null, "building": null, "capacity": null, "cuisine": null, "denomination": null, "ele": null, "fee": null, "healthcare": null, "healthcare_speciality": null, "name": "Archivo Agustino", "name_en": null, "name_es": null, "opening_hours": null, "operator": null, "parking": null, "phone": null, "ref": null, "religion": null, "source_transform": null, "surface": null, "website": null, "wheelchair": null, "objectid": 6536530, "osm_id2": "7556640830", "centroide_x": 346718.51244258363, "centroide_y": 6298606.8843496088, "crs_original": "EPSG:4326", "fecha_normalizacion": "2025-10-10 01:59:25" }, "geometry": { "type": "Point", "coordinates": [ 346718.512442583625671, 6298606.884349608793855 ] } },
{ "type": "Feature", "properties": { "access": null, "addr_city": "Santiago", "addr_country": null, "addr_housenumber": null, "addr_postcode": null, "addr_street": "Moneda", "addr_unit": null, "amenity": "bureau_de_change", "brand": null, "building": null, "capacity": null, "cuisine": null, "denomination": null, "ele": null, "fee": null, "healthcare": null, "healthcare_speciality": null, "name": "Cambio Exchange", "name_en": null, "name_es": null, "opening_hours": null, "operator": null, "parking": null, "phone": null, "ref": null, "religion": null, "source_transform": "Reconocimiento cartográfico 2016 por KG.", "surface": null, "website": null, "wheelchair": null, "objectid": 6536563, "osm_id2": "4446921312", "centroide_x": 346918.53411699634, "centroide_y": 6298533.0924611874, "crs_original": "EPSG:4326", "fecha_normalizacion": "2025-10-10 01:59:25" }, "geometry": { "type": "Point", "coordinates": [ 346918.534116996335797, 6298533.092461187392473 ] } },
{ "type": "Feature", "properties": { "access": null, "addr_city": "Santiago", "addr_country": null, "addr_housenumber": "1920", "addr_postcode": null, "addr_street": "Toesca", "addr_unit": null, "amenity": "restaurant", "brand": null, "building": null, "capacity": null, "cuisine": "sushi", "denomination": null, "ele": null, "fee": null, "healthcare": null, "healthcare_speciality": null, "name": "Aomori Nikkei & Sushi", "name_en": null, "name_es": null, "opening_hours": null, "operator": null, "parking": null, "phone": null, "ref": null, "religion": null, "source_transform": null, "surface": null, "website": null, "wheelchair": null, "objectid": 6543228, "osm_id2": "5680622566", "centroide_x": 345554.48757897585, "centroide_y": 6297194.9236231875, "crs_original": "EPSG:4326", "fecha_normalizacion": "2025-10-10 01:59:25" }, "geometry": { "type": "Point", "coordinates": [ 345554.487578975851648, 6297194.923623187467456 ] } },
{ "type": "Feature", "properties": { "access": null, "addr_city": "Santiago", "addr_country": null, "addr_housenumber": "1932", "addr_postcode": null, "addr_street": "Toesca", "addr_unit": null, "amenity": "marketplace", "brand": null, "building": null, "capacity": null, "cuisine": null, "denomination": null, "ele": null, "fee": null, "healthcare": null, "healthcare_speciality": null, "name": "Gata Negra Fabrika", "name_en": null, "name_es": null, "opening_hours": "Th-Fr 16:00-21:00", "operator": null, "parking": null, "phone": null, "ref": null, "religion": null, "source_transform": null, "surface": null, "website": null, "wheelchair": null, "objectid": 6543231, "osm_id2": "5703334923", "centroide_x": 345534.23500124062, "centroide_y": 6297189.2868523709, "crs_original": "EPSG:4326", "fecha_normalizacion": "2025-10-10 01:59:25" }, "geometry": { "type": "Point", "coordinates": [ 345534.235001240624115, 6297189.286852370947599 ] } },
{ "type": "Feature", "properties": { "access": null, "addr_city": "Santiago", "addr_country": null, "addr_housenumber": "1979", "addr_postcode": null, "addr_street": "Toesca", "addr_unit": null, "amenity": "restaurant", "brand": null, "building": null, "capacity": null, "cuisine": "pizza", "denomination": null, "ele": null, "fee": null, "healthcare": null, "healthcare_speciality": null, "name": "Pizzas Latorre", "name_en": null, "name_es": null, "opening_hours": null, "operator": null, "parking": null, "phone": null, "ref": null, "religion": null, "source_transform": "Reconocimiento cartográfico 2016 por KG", "surface": null, "website": "http://www.latorrepizza.cl/", "wheelchair": null, "objectid": 6543236, "osm_id2": "4455635479", "centroide_x": 345481.09310102102, "centroide_y": 6297203.099662628, "crs_original": "EPSG:4326", "fecha_normalizacion": "2025-10-10 01:59:25" }, "geometry": { "type": "Point", "coordinates": [ 345481.093101021018811, 6297203.099662628024817 ] } },
{ "type": "Feature", "properties": { "access": null, "addr_city": "Santiago", "addr_country": null, "addr_housenumber": "493", "addr_postcode": null, "addr_street": "José Miguel Carrera", "addr_unit": null, "amenity": "restaurant", "brand": null, "building": null, "capacity": null, "cuisine": null, "denomination": null, "ele": null, "fee": null, "healthcare": null, "healthcare_speciality": null, "name": "Hua Lung", "name_en": null, "name_es": null, "opening_hours": null, "operator": null, "parking": null, "phone": null, "ref": null, "religion": null, "source_transform": "Reconocimiento cartográfico 2016 por KG", "surface": null, "website": null, "wheelchair": null, "objectid": 6543241, "osm_id2": "4455635478", "centroide_x": 345434.9865655402, "centroide_y": 6297189.1962798033, "crs_original": "EPSG:4326", "fecha_normalizacion": "2025-10-10 01:59:25" }, "geometry": { "type": "Point", "coordinates": [ 345434.986565540195443, 6297189.196279803290963 ] } },
{ "type": "Feature", "properties": { "access": null, "addr_city": "Santiago", "addr_country": null, "addr_housenumber": "513", "addr_postcode": null, "addr_street": "José Miguel Carrera", "addr_unit": null, "amenity": "restaurant", "brand": null, "building": null, "capacity": null, "cuisine": "burger", "denomination": null, "ele": null, "fee": null, "healthcare": null, "healthcare_speciality": null, "name": "PuntoClave", "name_en": null, "name_es": null, "opening_hours": null, "operator": null, "parking": null, "phone": null, "ref": null, "religion": null, "source_transform": null, "surface": null, "website": null, "wheelchair": null, "objectid": 6543248, "osm_id2": "5674153812", "centroide_x": 345441.23758688761, "centroide_y": 6297158.2067850269, "crs_original": "EPSG:4326", "fecha_normalizacion": "2025-10-10 01:59:25" }, "geometry": { "type": "Point", "coordinates": [ 345441.237586887611542, 6297158.206785026937723 ] } },
{ "type": "Feature", "properties": { "access": null, "addr_city": "Santiago", "addr_country": null, "addr_housenumber": "2008", "addr_postcode": null, "addr_street": "Toesca", "addr_unit": null, "amenity": "pharmacy", "brand": null, "building": null, "capacity": null, "cuisine": null, "denomination": null, "ele": null, "fee": null, "healthcare": "pharmacy", "healthcare_speciality": null, "name": "Bioequilibrio", "name_en": null, "name_es": null, "opening_hours": null, "operator": null, "parking": null, "phone": null, "ref": null, "religion": null, "source_transform": null, "surface": null, "website": null, "wheelchair": null, "objectid": 6543251, "osm_id2": "5674153816", "centroide_x": 345428.82657061651, "centroide_y": 6297162.2118525961, "crs_original": "EPSG:4326", "fecha_normalizacion": "2025-10-10 01:59:25" }, "geometry": { "type": "Point", "coordinates": [ 345428.826570616511162, 6297162.211852596141398 ] } },
{ "type": "Feature", "properties": { "access": null, "addr_city": "Santiago", "addr_country": null, "addr_housenumber": "2128", "addr_postcode": null, "addr_street": "Avenida Libertador Bernardo O'Higgins", "addr_unit": null, "amenity": "post_office", "brand": "Chilexpress", "building": null, "capacity": null, "cuisine": null, "denomination": null, "ele": null, "fee": null, "healthcare": null, "healthcare_speciality": null, "name": "Chilexpress", "name_en": null, "name_es": null, "opening_hours": null, "operator": "Chilexpress", "parking": null, "phone": null, "ref": null, "religion": null, "source_transform": "Reconocimiento cartográfico 2016 por KG.", "surface": null, "website": "https://www.chilexpress.cl/", "wheelchair": null, "objectid": 6543286, "osm_id2": "3895701316", "centroide_x": 345215.09328172891, "centroide_y": 6297842.4360438893, "crs_original": "EPSG:4326", "fecha_normalizacion": "2025-10-10 01:59:25" }, "geometry": { "type": "Point", "coordinates": [ 345215.093281728914008, 6297842.436043889261782 ] } },
{ "type": "Feature", "properties": { "access": null, "addr_city": "Santiago", "addr_country": null, "addr_housenumber": "799", "addr_postcode": null, "addr_street": "Moneda", "addr_unit": null, "amenity": "bank", "brand": "Itaú Corpbanca", "building": null, "capacity": null, "cuisine": null, "denomination": null, "ele": null, "fee": null, "healthcare": null, "healthcare_speciality": null, "name": "Itaú", "name_en": null, "name_es": null, "opening_hours": null, "operator": null, "parking": null, "phone": null, "ref": null, "religion": null, "source_transform": null, "surface": null, "website": null, "wheelchair": null, "objectid": 6536584, "osm_id2": "4446303887", "centroide_x": 346837.16591517796, "centroide_y": 6298541.6408968428, "crs_original": "EPSG:4326", "fecha_normalizacion": "2025-10-10 01:59:25" }, "geometry": { "type": "Point", "coordinates": [ 346837.165915177960414, 6298541.640896842814982 ] } },
{ "type": "Feature", "properties": { "access": null, "addr_city": "Santiago", "addr_country": null, "addr_housenumber": null, "addr_postcode": null, "addr_street": "Moneda", "addr_unit": null, "amenity": "cafe", "brand": null, "building": null, "capacity": null, "cuisine": null, "denomination": null, "ele": null, "fee": null, "healthcare": null, "healthcare_speciality": null, "name": "Gustapau", "name_en": null, "name_es": null, "opening_hours": null, "operator": null, "parking": null, "phone": null, "ref": null, "religion": null, "source_transform": "Reconocimiento cartográfico 2016 por KG.", "surface": null, "website": null, "wheelchair": null, "objectid": 6536590, "osm_id2": "4446185133", "centroide_x": 346838.12244770775, "centroide_y": 6298524.7084274339, "crs_original": "EPSG:4326", "fecha_normalizacion": "2025-10-10 01:59:25" }, "geometry": { "type": "Point", "coordinates": [ 346838.122447707748506, 6298524.708427433855832 ] } },
{ "type": "Feature", "properties": { "access": null, "addr_city": "Santiago", "addr_country": "CL", "addr_housenumber": "2182", "addr_postcode": null, "addr_street": "Avenida Libertador Bernardo O'Higgins", "addr_unit": null, "amenity": "college", "brand": null, "building": null, "capacity": null, "cuisine": null, "denomination": null, "ele": null, "fee": null, "healthcare": null, "healthcare_speciality": null, "name": "Centro de Formación Técnica ENAC", "name_en": null, "name_es": null, "opening_hours": null, "operator": "ENAC", "parking": null, "phone": null, "ref": null, "religion": null, "source_transform": null, "surface": null, "website": null, "wheelchair": null, "objectid": 6543292, "osm_id2": "5904048861", "centroide_x": 345132.92651382124, "centroide_y": 6297819.2243587598, "crs_original": "EPSG:4326", "fecha_normalizacion": "2025-10-10 01:59:25" }, "geometry": { "type": "Point", "coordinates": [ 345132.926513821235858, 6297819.224358759820461 ] } },
{ "type": "Feature", "properties": { "access": null, "addr_city": "Santiago", "addr_country": null, "addr_housenumber": "2293", "addr_postcode": null, "addr_street": "Avenida Libertador Bernardo O'Higgins", "addr_unit": null, "amenity": "pharmacy", "brand": "Cruz Verde", "building": null, "capacity": null, "cuisine": null, "denomination": null, "ele": null, "fee": null, "healthcare": "pharmacy", "healthcare_speciality": null, "name": "Cruz Verde", "name_en": null, "name_es": null, "opening_hours": "Mo-Sa 09:00-20:00", "operator": null, "parking": null, "phone": null, "ref": null, "religion": null, "source_transform": null, "surface": null, "website": null, "wheelchair": null, "objectid": 6543306, "osm_id2": "4448333453", "centroide_x": 345016.82872967725, "centroide_y": 6297870.9453760488, "crs_original": "EPSG:4326", "fecha_normalizacion": "2025-10-10 01:59:25" }, "geometry": { "type": "Point", "coordinates": [ 345016.828729677246884, 6297870.945376048795879 ] } },
{ "type": "Feature", "properties": { "access": null, "addr_city": "Santiago", "addr_country": null, "addr_housenumber": "3b", "addr_postcode": null, "addr_street": "General Bulnes", "addr_unit": null, "amenity": "fast_food", "brand": null, "building": null, "capacity": null, "cuisine": "pizza", "denomination": null, "ele": null, "fee": null, "healthcare": null, "healthcare_speciality": null, "name": "Rincón de la Pizza", "name_en": null, "name_es": null, "opening_hours": null, "operator": null, "parking": null, "phone": null, "ref": null, "religion": null, "source_transform": null, "surface": null, "website": null, "wheelchair": null, "objectid": 6543312, "osm_id2": "5102030540", "centroide_x": 344861.40253214806, "centroide_y": 6297843.0951202493, "crs_original": "EPSG:4326", "fecha_normalizacion": "2025-10-10 01:59:25" }, "geometry": { "type": "Point", "coordinates": [ 344861.402532148058526, 6297843.095120249316096 ] } },
{ "type": "Feature", "properties": { "access": null, "addr_city": "Santiago", "addr_country": null, "addr_housenumber": "2236", "addr_postcode": "8370968", "addr_street": "Avenida Libertador Bernardo O'Higgins", "addr_unit": null, "amenity": "cafe", "brand": "Starbucks", "building": null, "capacity": null, "cuisine": "coffee_shop", "denomination": null, "ele": null, "fee": null, "healthcare": null, "healthcare_speciality": null, "name": "Starbucks", "name_en": null, "name_es": null, "opening_hours": null, "operator": null, "parking": null, "phone": null, "ref": null, "religion": null, "source_transform": null, "surface": null, "website": "https://www.instagram.com/starbucksrepublica/", "wheelchair": null, "objectid": 6543317, "osm_id2": "8416364405", "centroide_x": 345046.92374865222, "centroide_y": 6297794.6194808781, "crs_original": "EPSG:4326", "fecha_normalizacion": "2025-10-10 01:59:25" }, "geometry": { "type": "Point", "coordinates": [ 345046.92374865221791, 6297794.6194808781147 ] } },
{ "type": "Feature", "properties": { "access": null, "addr_city": "Santiago", "addr_country": null, "addr_housenumber": "812", "addr_postcode": null, "addr_street": "Moneda", "addr_unit": null, "amenity": "bank", "brand": "Banco Internacional", "building": null, "capacity": null, "cuisine": null, "denomination": null, "ele": null, "fee": null, "healthcare": null, "healthcare_speciality": null, "name": "Banco Internacional", "name_en": null, "name_es": null, "opening_hours": null, "operator": null, "parking": null, "phone": null, "ref": null, "religion": null, "source_transform": null, "surface": null, "website": null, "wheelchair": null, "objectid": 6536593, "osm_id2": "4446190776", "centroide_x": 346808.72395253874, "centroide_y": 6298519.195718958, "crs_original": "EPSG:4326", "fecha_normalizacion": "2025-10-10 01:59:25" }, "geometry": { "type": "Point", "coordinates": [ 346808.723952538741287, 6298519.195718958042562 ] } },
{ "type": "Feature", "properties": { "access": null, "addr_city": "Santiago", "addr_country": null, "addr_housenumber": "843", "addr_postcode": null, "addr_street": "Moneda", "addr_unit": null, "amenity": "bank", "brand": "Banco de Chile", "building": null, "capacity": null, "cuisine": null, "denomination": null, "ele": null, "fee": null, "healthcare": null, "healthcare_speciality": null, "name": "Banco de Chile", "name_en": "Bank of Chile", "name_es": "Banco de Chile", "opening_hours": null, "operator": null, "parking": null, "phone": null, "ref": null, "religion": null, "source_transform": null, "surface": null, "website": null, "wheelchair": null, "objectid": 6536598, "osm_id2": "4446303888", "centroide_x": 346745.61102049018, "centroide_y": 6298530.5395283699, "crs_original": "EPSG:4326", "fecha_normalizacion": "2025-10-10 01:59:25" }, "geometry": { "type": "Point", "coordinates": [ 346745.611020490177907, 6298530.539528369903564 ] } },
{ "type": "Feature", "properties": { "access": null, "addr_city": "Santiago", "addr_country": null, "addr_housenumber": "846", "addr_postcode": null, "addr_street": "Moneda", "addr_unit": null, "amenity": "restaurant", "brand": null, "building": null, "capacity": null, "cuisine": null, "denomination": null, "ele": null, "fee": null, "healthcare": null, "healthcare_speciality": null, "name": "El Naturista", "name_en": null, "name_es": null, "opening_hours": null, "operator": null, "parking": null, "phone": null, "ref": null, "religion": null, "source_transform": "Reconocimiento cartográfico 2016 por KG.", "surface": null, "website": null, "wheelchair": null, "objectid": 6536600, "osm_id2": "4443727190", "centroide_x": 346774.11043778167, "centroide_y": 6298514.1769900676, "crs_original": "EPSG:4326", "fecha_normalizacion": "2025-10-10 01:59:25" }, "geometry": { "type": "Point", "coordinates": [ 346774.110437781666405, 6298514.176990067586303 ] } },
{ "type": "Feature", "properties": { "access": null, "addr_city": "Santiago", "addr_country": null, "addr_housenumber": "860", "addr_postcode": null, "addr_street": "Moneda", "addr_unit": null, "amenity": "bank", "brand": "Banco Estado", "building": null, "capacity": null, "cuisine": null, "denomination": null, "ele": null, "fee": null, "healthcare": null, "healthcare_speciality": null, "name": "Banco Estado", "name_en": null, "name_es": null, "opening_hours": null, "operator": null, "parking": null, "phone": null, "ref": null, "religion": null, "source_transform": null, "surface": null, "website": null, "wheelchair": null, "objectid": 6536602, "osm_id2": "4446202703", "centroide_x": 346755.80370193452, "centroide_y": 6298512.2783816904, "crs_original": "EPSG:4326", "fecha_normalizacion": "2025-10-10 01:59:25" }, "geometry": { "type": "Point", "coordinates": [ 346755.803701934521087, 6298512.278381690382957 ] } },
{ "type": "Feature", "properties": { "access": null, "addr_city": "Santiago", "addr_country": null, "addr_housenumber": "2467", "addr_postcode": null, "addr_street": "Avenida Libertador Bernardo O'Higgins", "addr_unit": null, "amenity": "fast_food", "brand": null, "building": null, "capacity": null, "cuisine": null, "denomination": null, "ele": null, "fee": null, "healthcare": null, "healthcare_speciality": null, "name": "Horizonte", "name_en": null, "name_es": null, "opening_hours": null, "operator": null, "parking": null, "phone": null, "ref": null, "religion": null, "source_transform": null, "surface": null, "website": null, "wheelchair": null, "objectid": 6543358, "osm_id2": "4962675444", "centroide_x": 344776.86906776298, "centroide_y": 6297780.3121365178, "crs_original": "EPSG:4326", "fecha_normalizacion": "2025-10-10 01:59:25" }, "geometry": { "type": "Point", "coordinates": [ 344776.869067762978375, 6297780.312136517837644 ] } },
{ "type": "Feature", "properties": { "access": null, "addr_city": "Santiago", "addr_country": null, "addr_housenumber": null, "addr_postcode": null, "addr_street": "Avenida Brasil", "addr_unit": null, "amenity": "bar", "brand": null, "building": null, "capacity": null, "cuisine": null, "denomination": null, "ele": null, "fee": null, "healthcare": null, "healthcare_speciality": null, "name": "Devic", "name_en": null, "name_es": null, "opening_hours": null, "operator": null, "parking": null, "phone": null, "ref": null, "religion": null, "source_transform": null, "surface": null, "website": null, "wheelchair": null, "objectid": 6538541, "osm_id2": "5071825339", "centroide_x": 345244.73810796812, "centroide_y": 6298603.8212643731, "crs_original": "EPSG:4326", "fecha_normalizacion": "2025-10-10 01:59:25" }, "geometry": { "type": "Point", "coordinates": [ 345244.738107968121767, 6298603.821264373138547 ] } },
{ "type": "Feature", "properties": { "access": null, "addr_city": "Santiago", "addr_country": null, "addr_housenumber": null, "addr_postcode": null, "addr_street": "Moneda", "addr_unit": null, "amenity": "atm", "brand": "Banco de Chile", "building": null, "capacity": null, "cuisine": null, "denomination": null, "ele": null, "fee": null, "healthcare": null, "healthcare_speciality": null, "name": "Banco de Chile", "name_en": null, "name_es": null, "opening_hours": null, "operator": "Banco de Chile", "parking": null, "phone": null, "ref": null, "religion": null, "source_transform": null, "surface": null, "website": null, "wheelchair": null, "objectid": 6536623, "osm_id2": "4443727189", "centroide_x": 346740.57017436635, "centroide_y": 6298530.0159106664, "crs_original": "EPSG:4326", "fecha_normalizacion": "2025-10-10 01:59:25" }, "geometry": { "type": "Point", "coordinates": [ 346740.570174366352148, 6298530.015910666435957 ] } },
{ "type": "Feature", "properties": { "access": null, "addr_city": "Santiago", "addr_country": null, "addr_housenumber": "888", "addr_postcode": null, "addr_street": "Moneda", "addr_unit": null, "amenity": "bank", "brand": null, "building": null, "capacity": null, "cuisine": null, "denomination": null, "ele": null, "fee": null, "healthcare": null, "healthcare_speciality": null, "name": "Banco Ripley", "name_en": null, "name_es": null, "opening_hours": null, "operator": null, "parking": null, "phone": null, "ref": null, "religion": null, "source_transform": "Reconocimiento cartográfico 2016 por KG.", "surface": null, "website": null, "wheelchair": null, "objectid": 6536627, "osm_id2": "4446202705", "centroide_x": 346747.94937947032, "centroide_y": 6298509.7470235694, "crs_original": "EPSG:4326", "fecha_normalizacion": "2025-10-10 01:59:25" }, "geometry": { "type": "Point", "coordinates": [ 346747.949379470315762, 6298509.74702356941998 ] } },
{ "type": "Feature", "properties": { "access": null, "addr_city": "Santiago", "addr_country": null, "addr_housenumber": "16", "addr_postcode": null, "addr_street": "General García", "addr_unit": null, "amenity": "dentist", "brand": null, "building": null, "capacity": null, "cuisine": null, "denomination": null, "ele": null, "fee": null, "healthcare": "dentist", "healthcare_speciality": null, "name": "Clinica ISBO", "name_en": null, "name_es": null, "opening_hours": null, "operator": null, "parking": null, "phone": null, "ref": null, "religion": null, "source_transform": null, "surface": null, "website": null, "wheelchair": null, "objectid": 6543400, "osm_id2": "8569831767", "centroide_x": 345048.02085973416, "centroide_y": 6297774.3395628082, "crs_original": "EPSG:4326", "fecha_normalizacion": "2025-10-10 01:59:25" }, "geometry": { "type": "Point", "coordinates": [ 345048.020859734155238, 6297774.339562808163464 ] } },
{ "type": "Feature", "properties": { "access": null, "addr_city": "Santiago", "addr_country": null, "addr_housenumber": null, "addr_postcode": null, "addr_street": "Avenida República", "addr_unit": null, "amenity": "fast_food", "brand": null, "building": null, "capacity": null, "cuisine": "pizza", "denomination": null, "ele": null, "fee": null, "healthcare": null, "healthcare_speciality": null, "name": "Under Pizza", "name_en": null, "name_es": null, "opening_hours": null, "operator": null, "parking": null, "phone": null, "ref": null, "religion": null, "source_transform": "streetlevel imagery", "surface": null, "website": null, "wheelchair": null, "objectid": 6543406, "osm_id2": "4425686437", "centroide_x": 344919.32360906806, "centroide_y": 6297759.496663956, "crs_original": "EPSG:4326", "fecha_normalizacion": "2025-10-10 01:59:25" }, "geometry": { "type": "Point", "coordinates": [ 344919.323609068058431, 6297759.496663955971599 ] } },
{ "type": "Feature", "properties": { "access": null, "addr_city": "Santiago", "addr_country": null, "addr_housenumber": "2274/Local 2", "addr_postcode": null, "addr_street": "Avenida Libertador Bernardo O'Higgins", "addr_unit": null, "amenity": "fast_food", "brand": "Dunkin'", "building": null, "capacity": null, "cuisine": "donut;coffee_shop", "denomination": null, "ele": null, "fee": null, "healthcare": null, "healthcare_speciality": null, "name": "Dunkin'", "name_en": null, "name_es": null, "opening_hours": null, "operator": null, "parking": null, "phone": null, "ref": null, "religion": null, "source_transform": null, "surface": null, "website": null, "wheelchair": null, "objectid": 6543415, "osm_id2": "5703409243", "centroide_x": 344981.93497556366, "centroide_y": 6297779.2796762343, "crs_original": "EPSG:4326", "fecha_normalizacion": "2025-10-10 01:59:25" }, "geometry": { "type": "Point", "coordinates": [ 344981.934975563664921, 6297779.279676234349608 ] } },
{ "type": "Feature", "properties": { "access": null, "addr_city": "santiago", "addr_country": null, "addr_housenumber": "2249", "addr_postcode": null, "addr_street": "Salvador Sanfuentes", "addr_unit": null, "amenity": "pub", "brand": null, "building": null, "capacity": null, "cuisine": null, "denomination": null, "ele": null, "fee": null, "healthcare": null, "healthcare_speciality": null, "name": "Makalu", "name_en": null, "name_es": null, "opening_hours": "Mo-Fr 10:00-22:30", "operator": null, "parking": null, "phone": null, "ref": null, "religion": null, "source_transform": null, "surface": null, "website": null, "wheelchair": null, "objectid": 6543461, "osm_id2": "4455559717", "centroide_x": 345034.76758025622, "centroide_y": 6297620.4095312385, "crs_original": "EPSG:4326", "fecha_normalizacion": "2025-10-10 01:59:25" }, "geometry": { "type": "Point", "coordinates": [ 345034.767580256215297, 6297620.409531238488853 ] } },
{ "type": "Feature", "properties": { "access": null, "addr_city": "Santiago", "addr_country": "CL", "addr_housenumber": "8", "addr_postcode": null, "addr_street": "Avenida España", "addr_unit": null, "amenity": "college", "brand": null, "building": null, "capacity": null, "cuisine": null, "denomination": null, "ele": null, "fee": null, "healthcare": null, "healthcare_speciality": null, "name": "DuocUC SeDe Metropolitana", "name_en": null, "name_es": null, "opening_hours": null, "operator": null, "parking": null, "phone": null, "ref": null, "religion": null, "source_transform": null, "surface": null, "website": null, "wheelchair": null, "objectid": 6543489, "osm_id2": "4423955642", "centroide_x": 344773.88387411839, "centroide_y": 6297694.138326413, "crs_original": "EPSG:4326", "fecha_normalizacion": "2025-10-10 01:59:25" }, "geometry": { "type": "Point", "coordinates": [ 344773.883874118386302, 6297694.13832641299814 ] } },
{ "type": "Feature", "properties": { "access": null, "addr_city": "Santiago", "addr_country": null, "addr_housenumber": null, "addr_postcode": null, "addr_street": "Huérfanos", "addr_unit": null, "amenity": "restaurant", "brand": null, "building": null, "capacity": null, "cuisine": null, "denomination": null, "ele": null, "fee": null, "healthcare": null, "healthcare_speciality": null, "name": "Juan y Medio", "name_en": null, "name_es": null, "opening_hours": null, "operator": null, "parking": null, "phone": null, "ref": null, "religion": null, "source_transform": null, "surface": null, "website": null, "wheelchair": null, "objectid": 6538716, "osm_id2": "5071825383", "centroide_x": 345190.95164403471, "centroide_y": 6298563.9175375272, "crs_original": "EPSG:4326", "fecha_normalizacion": "2025-10-10 01:59:25" }, "geometry": { "type": "Point", "coordinates": [ 345190.951644034706987, 6298563.917537527158856 ] } },
{ "type": "Feature", "properties": { "access": null, "addr_city": "Santiago", "addr_country": null, "addr_housenumber": null, "addr_postcode": null, "addr_street": "Huérfanos", "addr_unit": null, "amenity": "cafe", "brand": null, "building": null, "capacity": null, "cuisine": null, "denomination": null, "ele": null, "fee": null, "healthcare": null, "healthcare_speciality": null, "name": "Café París", "name_en": null, "name_es": null, "opening_hours": null, "operator": null, "parking": null, "phone": null, "ref": null, "religion": null, "source_transform": null, "surface": null, "website": null, "wheelchair": null, "objectid": 6538718, "osm_id2": "5071824866", "centroide_x": 345185.14903246635, "centroide_y": 6298559.8649231251, "crs_original": "EPSG:4326", "fecha_normalizacion": "2025-10-10 01:59:25" }, "geometry": { "type": "Point", "coordinates": [ 345185.149032466346398, 6298559.864923125132918 ] } },
{ "type": "Feature", "properties": { "access": null, "addr_city": "Santiago", "addr_country": null, "addr_housenumber": "2103", "addr_postcode": null, "addr_street": "Tupper", "addr_unit": null, "amenity": "fast_food", "brand": "Subway", "building": null, "capacity": null, "cuisine": "sandwich", "denomination": null, "ele": null, "fee": null, "healthcare": null, "healthcare_speciality": null, "name": "Subway", "name_en": null, "name_es": null, "opening_hours": null, "operator": null, "parking": null, "phone": null, "ref": null, "religion": null, "source_transform": null, "surface": null, "website": null, "wheelchair": null, "objectid": 6545502, "osm_id2": "5578847019", "centroide_x": 345348.88343036536, "centroide_y": 6296655.1143705519, "crs_original": "EPSG:4326", "fecha_normalizacion": "2025-10-10 01:59:25" }, "geometry": { "type": "Point", "coordinates": [ 345348.883430365356617, 6296655.114370551891625 ] } },
{ "type": "Feature", "properties": { "access": null, "addr_city": "Santiago", "addr_country": null, "addr_housenumber": "444", "addr_postcode": null, "addr_street": "Pasaje Los Reyes", "addr_unit": null, "amenity": "restaurant", "brand": null, "building": null, "capacity": null, "cuisine": "regional", "denomination": null, "ele": null, "fee": null, "healthcare": null, "healthcare_speciality": null, "name": "Sabor Casero", "name_en": null, "name_es": null, "opening_hours": null, "operator": null, "parking": null, "phone": null, "ref": null, "religion": null, "source_transform": null, "surface": null, "website": null, "wheelchair": null, "objectid": 6545615, "osm_id2": "5756717076", "centroide_x": 344932.21090654639, "centroide_y": 6297120.1769177634, "crs_original": "EPSG:4326", "fecha_normalizacion": "2025-10-10 01:59:25" }, "geometry": { "type": "Point", "coordinates": [ 344932.210906546388287, 6297120.1769177634269 ] } },
{ "type": "Feature", "properties": { "access": null, "addr_city": "Santiago", "addr_country": null, "addr_housenumber": "2260", "addr_postcode": null, "addr_street": "Claudio Gay", "addr_unit": null, "amenity": "restaurant", "brand": null, "building": null, "capacity": null, "cuisine": "sushi", "denomination": null, "ele": null, "fee": null, "healthcare": null, "healthcare_speciality": null, "name": "Nintai", "name_en": null, "name_es": null, "opening_hours": null, "operator": null, "parking": null, "phone": null, "ref": null, "religion": null, "source_transform": "Reconocimiento cartográfico 2016 por KG.", "surface": null, "website": "http://www.awabi.cl/", "wheelchair": null, "objectid": 6545655, "osm_id2": "3265701488", "centroide_x": 345114.30029026611, "centroide_y": 6296942.7952578887, "crs_original": "EPSG:4326", "fecha_normalizacion": "2025-10-10 01:59:25" }, "geometry": { "type": "Point", "coordinates": [ 345114.300290266110096, 6296942.795257888734341 ] } },
{ "type": "Feature", "properties": { "access": null, "addr_city": "Santiago", "addr_country": null, "addr_housenumber": null, "addr_postcode": null, "addr_street": "Huérfanos", "addr_unit": null, "amenity": "fast_food", "brand": null, "building": null, "capacity": null, "cuisine": null, "denomination": null, "ele": null, "fee": null, "healthcare": null, "healthcare_speciality": null, "name": "Fuente de Soda La Unión", "name_en": null, "name_es": null, "opening_hours": null, "operator": null, "parking": null, "phone": null, "ref": null, "religion": null, "source_transform": null, "surface": null, "website": null, "wheelchair": null, "objectid": 6538735, "osm_id2": "4452577375", "centroide_x": 345164.53355421149, "centroide_y": 6298555.2310533635, "crs_original": "EPSG:4326", "fecha_normalizacion": "2025-10-10 01:59:25" }, "geometry": { "type": "Point", "coordinates": [ 345164.533554211491719, 6298555.231053363531828 ] } },
{ "type": "Feature", "properties": { "access": null, "addr_city": "Santiago", "addr_country": null, "addr_housenumber": "302", "addr_postcode": null, "addr_street": "Maturana", "addr_unit": null, "amenity": "cafe", "brand": null, "building": null, "capacity": null, "cuisine": null, "denomination": null, "ele": null, "fee": null, "healthcare": null, "healthcare_speciality": null, "name": "Crónica Digital. Amistad y Cultura", "name_en": null, "name_es": "Crónica digital. Amistad y Cultura", "opening_hours": null, "operator": null, "parking": null, "phone": "+5629930053", "ref": null, "religion": null, "source_transform": null, "surface": null, "website": "https://www.cronicadigital.cl/", "wheelchair": null, "objectid": 6538783, "osm_id2": "3738055970", "centroide_x": 345067.18002740142, "centroide_y": 6298567.7122432105, "crs_original": "EPSG:4326", "fecha_normalizacion": "2025-10-10 01:59:25" }, "geometry": { "type": "Point", "coordinates": [ 345067.180027401424013, 6298567.712243210524321 ] } },
{ "type": "Feature", "properties": { "access": null, "addr_city": "Santiago", "addr_country": null, "addr_housenumber": "270", "addr_postcode": null, "addr_street": "Avenida Ricardo Cumming", "addr_unit": null, "amenity": "cafe", "brand": null, "building": null, "capacity": null, "cuisine": null, "denomination": null, "ele": null, "fee": null, "healthcare": null, "healthcare_speciality": null, "name": "Café Copenhague", "name_en": null, "name_es": null, "opening_hours": null, "operator": null, "parking": null, "phone": null, "ref": null, "religion": null, "source_transform": "Reconocimiento cortográfico de campo 2016 por KG", "surface": null, "website": null, "wheelchair": null, "objectid": 6538863, "osm_id2": "4455347806", "centroide_x": 344926.86325713445, "centroide_y": 6298497.5033615865, "crs_original": "EPSG:4326", "fecha_normalizacion": "2025-10-10 01:59:25" }, "geometry": { "type": "Point", "coordinates": [ 344926.863257134449668, 6298497.503361586481333 ] } },
{ "type": "Feature", "properties": { "access": null, "addr_city": "Santiago", "addr_country": null, "addr_housenumber": "2280", "addr_postcode": null, "addr_street": "Claudio Gay", "addr_unit": null, "amenity": "money_transfer", "brand": null, "building": null, "capacity": null, "cuisine": null, "denomination": null, "ele": null, "fee": null, "healthcare": null, "healthcare_speciality": null, "name": "BL.Sevis", "name_en": null, "name_es": null, "opening_hours": null, "operator": null, "parking": null, "phone": null, "ref": null, "religion": null, "source_transform": null, "surface": null, "website": null, "wheelchair": null, "objectid": 6545656, "osm_id2": "8265066520", "centroide_x": 345106.61351118435, "centroide_y": 6296940.9305852801, "crs_original": "EPSG:4326", "fecha_normalizacion": "2025-10-10 01:59:25" }, "geometry": { "type": "Point", "coordinates": [ 345106.613511184346862, 6296940.930585280060768 ] } },
{ "type": "Feature", "properties": { "access": null, "addr_city": "Santiago", "addr_country": null, "addr_housenumber": "2153", "addr_postcode": null, "addr_street": "Avenida Almirante Blanco Encalada", "addr_unit": null, "amenity": "restaurant", "brand": null, "building": null, "capacity": null, "cuisine": "empanada", "denomination": null, "ele": null, "fee": null, "healthcare": null, "healthcare_speciality": null, "name": "Le Gustó", "name_en": null, "name_es": null, "opening_hours": null, "operator": null, "parking": null, "phone": null, "ref": null, "religion": null, "source_transform": null, "surface": null, "website": null, "wheelchair": null, "objectid": 6545755, "osm_id2": "4455574705", "centroide_x": 345240.48715398554, "centroide_y": 6296809.0471202927, "crs_original": "EPSG:4326", "fecha_normalizacion": "2025-10-10 01:59:25" }, "geometry": { "type": "Point", "coordinates": [ 345240.487153985537589, 6296809.047120292671025 ] } },
{ "type": "Feature", "properties": { "access": null, "addr_city": "Santiago", "addr_country": null, "addr_housenumber": "155", "addr_postcode": null, "addr_street": "Abdón Cifuentes", "addr_unit": null, "amenity": "university", "brand": null, "building": null, "capacity": null, "cuisine": null, "denomination": null, "ele": null, "fee": null, "healthcare": null, "healthcare_speciality": null, "name": "Centro de Prácticas Profesionales UDLA", "name_en": null, "name_es": null, "opening_hours": null, "operator": null, "parking": null, "phone": null, "ref": null, "religion": null, "source_transform": null, "surface": null, "website": null, "wheelchair": null, "objectid": 6543732, "osm_id2": "7630401913", "centroide_x": 345179.58818371431, "centroide_y": 6297574.7612113319, "crs_original": "EPSG:4326", "fecha_normalizacion": "2025-10-10 01:59:25" }, "geometry": { "type": "Point", "coordinates": [ 345179.588183714309707, 6297574.761211331933737 ] } },
{ "type": "Feature", "properties": { "access": null, "addr_city": "Santiago", "addr_country": null, "addr_housenumber": "1851", "addr_postcode": null, "addr_street": "Nataniel Cox", "addr_unit": null, "amenity": "school", "brand": null, "building": null, "capacity": null, "cuisine": null, "denomination": null, "ele": null, "fee": null, "healthcare": null, "healthcare_speciality": null, "name": "Liceo Bicentenario Italia", "name_en": null, "name_es": null, "opening_hours": null, "operator": "3", "parking": null, "phone": null, "ref": null, "religion": null, "source_transform": "Gobierno Regional Metropolitano de Santiago (http://www.gobiernosantiago.cl/)", "surface": null, "website": null, "wheelchair": null, "objectid": 6567720, "osm_id2": "906425391", "centroide_x": 346638.62513852469, "centroide_y": 6295355.758886151, "crs_original": "EPSG:4326", "fecha_normalizacion": "2025-10-10 01:59:25" }, "geometry": { "type": "Point", "coordinates": [ 346638.625138524686918, 6295355.758886151015759 ] } },
{ "type": "Feature", "properties": { "access": null, "addr_city": "Santiago", "addr_country": null, "addr_housenumber": "2086", "addr_postcode": null, "addr_street": "San Diego", "addr_unit": null, "amenity": "post_office", "brand": "Chilexpress", "building": null, "capacity": null, "cuisine": null, "denomination": null, "ele": null, "fee": null, "healthcare": null, "healthcare_speciality": null, "name": "Chilexpress", "name_en": null, "name_es": null, "opening_hours": null, "operator": "Chilexpress", "parking": null, "phone": null, "ref": null, "religion": null, "source_transform": null, "surface": null, "website": "https://www.chilexpress.cl/", "wheelchair": null, "objectid": 6567899, "osm_id2": "3895608388", "centroide_x": 346849.55603418837, "centroide_y": 6295054.3706994094, "crs_original": "EPSG:4326", "fecha_normalizacion": "2025-10-10 01:59:25" }, "geometry": { "type": "Point", "coordinates": [ 346849.556034188368358, 6295054.370699409395456 ] } },
{ "type": "Feature", "properties": { "access": null, "addr_city": "Santiago", "addr_country": null, "addr_housenumber": null, "addr_postcode": null, "addr_street": null, "addr_unit": null, "amenity": "pharmacy", "brand": null, "building": null, "capacity": null, "cuisine": null, "denomination": null, "ele": null, "fee": null, "healthcare": "pharmacy", "healthcare_speciality": null, "name": "Farmamedical", "name_en": null, "name_es": null, "opening_hours": null, "operator": null, "parking": null, "phone": null, "ref": null, "religion": null, "source_transform": "Reconocimiento cartográfico 2016 por KG", "surface": null, "website": null, "wheelchair": null, "objectid": 6568167, "osm_id2": "4452435163", "centroide_x": 346977.83224933373, "centroide_y": 6295023.2089483207, "crs_original": "EPSG:4326", "fecha_normalizacion": "2025-10-10 01:59:25" }, "geometry": { "type": "Point", "coordinates": [ 346977.832249333732761, 6295023.208948320709169 ] } },
{ "type": "Feature", "properties": { "access": null, "addr_city": "Santiago", "addr_country": null, "addr_housenumber": "2185", "addr_postcode": null, "addr_street": "Waldo Silva", "addr_unit": null, "amenity": "kindergarten", "brand": null, "building": null, "capacity": null, "cuisine": null, "denomination": null, "ele": null, "fee": null, "healthcare": null, "healthcare_speciality": null, "name": "Jardín Infantil Nemesio Antúnez", "name_en": null, "name_es": null, "opening_hours": null, "operator": null, "parking": null, "phone": null, "ref": null, "religion": null, "source_transform": null, "surface": null, "website": null, "wheelchair": null, "objectid": 6568320, "osm_id2": "3567985517", "centroide_x": 346522.34706384956, "centroide_y": 6294895.1780742807, "crs_original": "EPSG:4326", "fecha_normalizacion": "2025-10-10 01:59:25" }, "geometry": { "type": "Point", "coordinates": [ 346522.34706384956371, 6294895.17807428073138 ] } },
{ "type": "Feature", "properties": { "access": null, "addr_city": "Santiago", "addr_country": null, "addr_housenumber": "2325", "addr_postcode": null, "addr_street": "San Diego", "addr_unit": null, "amenity": "pharmacy", "brand": null, "building": null, "capacity": null, "cuisine": null, "denomination": null, "ele": null, "fee": null, "healthcare": "pharmacy", "healthcare_speciality": null, "name": "Farmacia Todo", "name_en": null, "name_es": null, "opening_hours": null, "operator": null, "parking": null, "phone": null, "ref": null, "religion": null, "source_transform": "Reconocimiento cartográfico de campo 2016 por KG", "surface": null, "website": null, "wheelchair": null, "objectid": 6568338, "osm_id2": "4452452012", "centroide_x": 346831.68485488044, "centroide_y": 6294732.6564995069, "crs_original": "EPSG:4326", "fecha_normalizacion": "2025-10-10 01:59:25" }, "geometry": { "type": "Point", "coordinates": [ 346831.68485488044098, 6294732.656499506905675 ] } },
{ "type": "Feature", "properties": { "access": null, "addr_city": "Santiago", "addr_country": null, "addr_housenumber": "2263", "addr_postcode": null, "addr_street": "Nataniel Cox", "addr_unit": null, "amenity": "school", "brand": null, "building": null, "capacity": null, "cuisine": null, "denomination": null, "ele": null, "fee": null, "healthcare": null, "healthcare_speciality": null, "name": "Escuela Particular Hermanos Matte", "name_en": null, "name_es": null, "opening_hours": null, "operator": "3", "parking": null, "phone": null, "ref": null, "religion": null, "source_transform": "Gobierno Regional Metropolitano de Santiago (http://www.gobiernosantiago.cl/)", "surface": null, "website": null, "wheelchair": null, "objectid": 6568339, "osm_id2": "906425394", "centroide_x": 346704.70208464097, "centroide_y": 6294825.3610859122, "crs_original": "EPSG:4326", "fecha_normalizacion": "2025-10-10 01:59:25" }, "geometry": { "type": "Point", "coordinates": [ 346704.702084640972316, 6294825.361085912212729 ] } },
{ "type": "Feature", "properties": { "access": null, "addr_city": "Santiago", "addr_country": null, "addr_housenumber": "2331", "addr_postcode": null, "addr_street": "San Diego", "addr_unit": null, "amenity": "fast_food", "brand": null, "building": null, "capacity": null, "cuisine": null, "denomination": null, "ele": null, "fee": null, "healthcare": null, "healthcare_speciality": null, "name": "Trento", "name_en": null, "name_es": null, "opening_hours": null, "operator": null, "parking": null, "phone": null, "ref": null, "religion": null, "source_transform": null, "surface": null, "website": null, "wheelchair": null, "objectid": 6568354, "osm_id2": "7505066111", "centroide_x": 346831.60194661457, "centroide_y": 6294723.8263776982, "crs_original": "EPSG:4326", "fecha_normalizacion": "2025-10-10 01:59:25" }, "geometry": { "type": "Point", "coordinates": [ 346831.601946614566259, 6294723.826377698220313 ] } },
{ "type": "Feature", "properties": { "access": null, "addr_city": "Santiago", "addr_country": null, "addr_housenumber": "1606", "addr_postcode": null, "addr_street": "Avenida Pedro Montt", "addr_unit": null, "amenity": "courthouse", "brand": null, "building": null, "capacity": null, "cuisine": null, "denomination": null, "ele": null, "fee": null, "healthcare": null, "healthcare_speciality": null, "name": "Fiscalía Regional Metropolitana Norte", "name_en": null, "name_es": null, "opening_hours": null, "operator": null, "parking": null, "phone": null, "ref": null, "religion": null, "source_transform": null, "surface": null, "website": null, "wheelchair": null, "objectid": 6568394, "osm_id2": "5401168222", "centroide_x": 346119.00620010984, "centroide_y": 6294993.4471482169, "crs_original": "EPSG:4326", "fecha_normalizacion": "2025-10-10 01:59:25" }, "geometry": { "type": "Point", "coordinates": [ 346119.006200109841302, 6294993.447148216888309 ] } },
{ "type": "Feature", "properties": { "access": null, "addr_city": "Santiago", "addr_country": null, "addr_housenumber": "1642", "addr_postcode": null, "addr_street": "Avenida Pedro Montt", "addr_unit": null, "amenity": "courthouse", "brand": null, "building": null, "capacity": null, "cuisine": null, "denomination": null, "ele": null, "fee": null, "healthcare": null, "healthcare_speciality": null, "name": "Ministerio Público", "name_en": null, "name_es": null, "opening_hours": null, "operator": null, "parking": null, "phone": null, "ref": null, "religion": null, "source_transform": null, "surface": null, "website": null, "wheelchair": null, "objectid": 6568395, "osm_id2": "6039117212", "centroide_x": 346041.97295947938, "centroide_y": 6294987.2493684255, "crs_original": "EPSG:4326", "fecha_normalizacion": "2025-10-10 01:59:25" }, "geometry": { "type": "Point", "coordinates": [ 346041.972959479375277, 6294987.24936842545867 ] } },
{ "type": "Feature", "properties": { "access": null, "addr_city": "Santiago", "addr_country": "CL", "addr_housenumber": "1606", "addr_postcode": null, "addr_street": "Avenida Pedro Montt", "addr_unit": null, "amenity": "courthouse", "brand": null, "building": null, "capacity": null, "cuisine": null, "denomination": null, "ele": null, "fee": null, "healthcare": null, "healthcare_speciality": null, "name": "Defensoría Regional Metropolitana Sur", "name_en": null, "name_es": null, "opening_hours": null, "operator": null, "parking": null, "phone": null, "ref": null, "religion": null, "source_transform": null, "surface": null, "website": null, "wheelchair": null, "objectid": 6568399, "osm_id2": "6048864833", "centroide_x": 346001.97927019361, "centroide_y": 6294970.1181283779, "crs_original": "EPSG:4326", "fecha_normalizacion": "2025-10-10 01:59:25" }, "geometry": { "type": "Point", "coordinates": [ 346001.979270193609409, 6294970.118128377944231 ] } },
{ "type": "Feature", "properties": { "access": null, "addr_city": "Santiago", "addr_country": null, "addr_housenumber": "1606", "addr_postcode": null, "addr_street": "Avenida Pedro Montt", "addr_unit": null, "amenity": "courthouse", "brand": null, "building": null, "capacity": null, "cuisine": null, "denomination": null, "ele": null, "fee": null, "healthcare": null, "healthcare_speciality": null, "name": "Fiscalía de Delitos de Alta Complejidad Centro Norte", "name_en": null, "name_es": null, "opening_hours": null, "operator": null, "parking": null, "phone": null, "ref": null, "religion": null, "source_transform": null, "surface": null, "website": null, "wheelchair": null, "objectid": 6568400, "osm_id2": "6046428628", "centroide_x": 346059.6633786899, "centroide_y": 6294927.1383401398, "crs_original": "EPSG:4326", "fecha_normalizacion": "2025-10-10 01:59:25" }, "geometry": { "type": "Point", "coordinates": [ 346059.663378689903766, 6294927.138340139761567 ] } },
{ "type": "Feature", "properties": { "access": null, "addr_city": "Santiago", "addr_country": null, "addr_housenumber": "1606", "addr_postcode": null, "addr_street": "Avenida Pedro Montt", "addr_unit": null, "amenity": "courthouse", "brand": null, "building": null, "capacity": null, "cuisine": null, "denomination": null, "ele": null, "fee": null, "healthcare": null, "healthcare_speciality": null, "name": "Fiscalía Local Santiago Poniente", "name_en": null, "name_es": null, "opening_hours": null, "operator": null, "parking": null, "phone": null, "ref": null, "religion": null, "source_transform": null, "surface": null, "website": null, "wheelchair": null, "objectid": 6568402, "osm_id2": "6046432072", "centroide_x": 346032.17474099953, "centroide_y": 6294877.2094578799, "crs_original": "EPSG:4326", "fecha_normalizacion": "2025-10-10 01:59:25" }, "geometry": { "type": "Point", "coordinates": [ 346032.174740999529604, 6294877.209457879886031 ] } },
{ "type": "Feature", "properties": { "access": null, "addr_city": "Santiago", "addr_country": "CL", "addr_housenumber": "1606", "addr_postcode": null, "addr_street": "Avenida Pedro Montt", "addr_unit": null, "amenity": "courthouse", "brand": null, "building": null, "capacity": null, "cuisine": null, "denomination": null, "ele": null, "fee": null, "healthcare": null, "healthcare_speciality": null, "name": "1 al 7 TOP Santiago", "name_en": null, "name_es": null, "opening_hours": null, "operator": null, "parking": null, "phone": null, "ref": null, "religion": null, "source_transform": null, "surface": null, "website": null, "wheelchair": null, "objectid": 6568403, "osm_id2": "3693681486", "centroide_x": 346122.73715586727, "centroide_y": 6294955.9174778238, "crs_original": "EPSG:4326", "fecha_normalizacion": "2025-10-10 01:59:25" }, "geometry": { "type": "Point", "coordinates": [ 346122.737155867274851, 6294955.917477823793888 ] } },
{ "type": "Feature", "properties": { "access": null, "addr_city": "Santiago", "addr_country": "CL", "addr_housenumber": "1606", "addr_postcode": null, "addr_street": "Avenida Pedro Montt", "addr_unit": null, "amenity": "courthouse", "brand": null, "building": null, "capacity": null, "cuisine": null, "denomination": null, "ele": null, "fee": null, "healthcare": null, "healthcare_speciality": null, "name": "Defensoría Penal Publica", "name_en": null, "name_es": null, "opening_hours": null, "operator": null, "parking": null, "phone": null, "ref": null, "religion": null, "source_transform": null, "surface": null, "website": null, "wheelchair": null, "objectid": 6568404, "osm_id2": "5401218521", "centroide_x": 346001.65576968645, "centroide_y": 6294986.8944203313, "crs_original": "EPSG:4326", "fecha_normalizacion": "2025-10-10 01:59:25" }, "geometry": { "type": "Point", "coordinates": [ 346001.655769686447456, 6294986.894420331344008 ] } },
{ "type": "Feature", "properties": { "access": null, "addr_city": "Santiago", "addr_country": null, "addr_housenumber": "1606", "addr_postcode": null, "addr_street": "Avenida Pedro Montt", "addr_unit": null, "amenity": "courthouse", "brand": null, "building": "yes", "capacity": null, "cuisine": null, "denomination": null, "ele": null, "fee": null, "healthcare": null, "healthcare_speciality": null, "name": "1 al 15 Juzgado de Garantia de Santiago", "name_en": null, "name_es": null, "opening_hours": null, "operator": null, "parking": null, "phone": null, "ref": null, "religion": null, "source_transform": null, "surface": null, "website": null, "wheelchair": null, "objectid": 6568405, "osm_id2": "3693683090", "centroide_x": 346053.59826384834, "centroide_y": 6294827.2180035803, "crs_original": "EPSG:4326", "fecha_normalizacion": "2025-10-10 01:59:25" }, "geometry": { "type": "Point", "coordinates": [ 346053.598263848340139, 6294827.218003580346704 ] } },
{ "type": "Feature", "properties": { "access": null, "addr_city": "Santiago", "addr_country": null, "addr_housenumber": "1606", "addr_postcode": null, "addr_street": "Avenida Pedro Montt", "addr_unit": null, "amenity": "courthouse", "brand": null, "building": null, "capacity": null, "cuisine": null, "denomination": null, "ele": null, "fee": null, "healthcare": null, "healthcare_speciality": null, "name": "Fiscalía Local Centro de Justicia", "name_en": null, "name_es": null, "opening_hours": null, "operator": null, "parking": null, "phone": null, "ref": null, "religion": null, "source_transform": null, "surface": null, "website": null, "wheelchair": null, "objectid": 6568406, "osm_id2": "6046422269", "centroide_x": 345987.20386804768, "centroide_y": 6294939.5803105785, "crs_original": "EPSG:4326", "fecha_normalizacion": "2025-10-10 01:59:25" }, "geometry": { "type": "Point", "coordinates": [ 345987.2038680476835, 6294939.580310578458011 ] } },
{ "type": "Feature", "properties": { "access": null, "addr_city": "Santiago", "addr_country": null, "addr_housenumber": "1606", "addr_postcode": null, "addr_street": "Avenida Pedro Montt", "addr_unit": null, "amenity": "courthouse", "brand": null, "building": null, "capacity": null, "cuisine": null, "denomination": null, "ele": null, "fee": null, "healthcare": null, "healthcare_speciality": null, "name": "Defensoría Regional Metropolitana Norte", "name_en": null, "name_es": null, "opening_hours": null, "operator": null, "parking": null, "phone": null, "ref": null, "religion": null, "source_transform": null, "surface": null, "website": null, "wheelchair": null, "objectid": 6568414, "osm_id2": "6048870207", "centroide_x": 346134.07099154545, "centroide_y": 6294921.3374871425, "crs_original": "EPSG:4326", "fecha_normalizacion": "2025-10-10 01:59:25" }, "geometry": { "type": "Point", "coordinates": [ 346134.070991545449942, 6294921.337487142533064 ] } },
{ "type": "Feature", "properties": { "access": null, "addr_city": "Santiago", "addr_country": null, "addr_housenumber": "1606", "addr_postcode": null, "addr_street": "Avenida Pedro Montt", "addr_unit": null, "amenity": "courthouse", "brand": null, "building": null, "capacity": null, "cuisine": null, "denomination": null, "ele": null, "fee": null, "healthcare": null, "healthcare_speciality": null, "name": "Defensoría Local de Santiago Zona 1N", "name_en": null, "name_es": null, "opening_hours": null, "operator": null, "parking": null, "phone": null, "ref": null, "religion": null, "source_transform": null, "surface": null, "website": null, "wheelchair": null, "objectid": 6568415, "osm_id2": "6048870208", "centroide_x": 346130.09825702233, "centroide_y": 6294889.508059537, "crs_original": "EPSG:4326", "fecha_normalizacion": "2025-10-10 01:59:25" }, "geometry": { "type": "Point", "coordinates": [ 346130.098257022327743, 6294889.508059537038207 ] } },
{ "type": "Feature", "properties": { "access": null, "addr_city": "Santiago", "addr_country": null, "addr_housenumber": "1606", "addr_postcode": null, "addr_street": "Avenida Pedro Montt", "addr_unit": null, "amenity": "courthouse", "brand": null, "building": null, "capacity": null, "cuisine": null, "denomination": null, "ele": null, "fee": null, "healthcare": null, "healthcare_speciality": null, "name": "Defensoría Local de Ñuñoa Zona 3N", "name_en": null, "name_es": null, "opening_hours": null, "operator": null, "parking": null, "phone": null, "ref": null, "religion": null, "source_transform": null, "surface": null, "website": null, "wheelchair": null, "objectid": 6568416, "osm_id2": "6048870210", "centroide_x": 345983.56944261899, "centroide_y": 6294965.7870019842, "crs_original": "EPSG:4326", "fecha_normalizacion": "2025-10-10 01:59:25" }, "geometry": { "type": "Point", "coordinates": [ 345983.569442618987523, 6294965.787001984193921 ] } },
{ "type": "Feature", "properties": { "access": null, "addr_city": "Santiago", "addr_country": null, "addr_housenumber": "1606", "addr_postcode": null, "addr_street": "Avenida Pedro Montt", "addr_unit": null, "amenity": "courthouse", "brand": null, "building": null, "capacity": null, "cuisine": null, "denomination": null, "ele": null, "fee": null, "healthcare": null, "healthcare_speciality": null, "name": "Fiscalía Local Santiago Centro", "name_en": null, "name_es": null, "opening_hours": null, "operator": null, "parking": null, "phone": null, "ref": null, "religion": null, "source_transform": null, "surface": null, "website": null, "wheelchair": null, "objectid": 6568417, "osm_id2": "6046424949", "centroide_x": 345991.43449869996, "centroide_y": 6294903.3896812024, "crs_original": "EPSG:4326", "fecha_normalizacion": "2025-10-10 01:59:25" }, "geometry": { "type": "Point", "coordinates": [ 345991.434498699964024, 6294903.389681202359498 ] } },
{ "type": "Feature", "properties": { "access": null, "addr_city": "Santiago", "addr_country": null, "addr_housenumber": "240", "addr_postcode": null, "addr_street": "Avenida Ricardo Cumming", "addr_unit": null, "amenity": "restaurant", "brand": null, "building": null, "capacity": null, "cuisine": "peruvian", "denomination": null, "ele": null, "fee": null, "healthcare": null, "healthcare_speciality": null, "name": "La Norteñita", "name_en": null, "name_es": null, "opening_hours": null, "operator": null, "parking": null, "phone": null, "ref": null, "religion": null, "source_transform": null, "surface": null, "website": null, "wheelchair": null, "objectid": 6538871, "osm_id2": "7985987475", "centroide_x": 344932.9797409341, "centroide_y": 6298465.1921684407, "crs_original": "EPSG:4326", "fecha_normalizacion": "2025-10-10 01:59:25" }, "geometry": { "type": "Point", "coordinates": [ 344932.979740934097208, 6298465.192168440669775 ] } },
{ "type": "Feature", "properties": { "access": null, "addr_city": "Santiago", "addr_country": null, "addr_housenumber": "1256", "addr_postcode": null, "addr_street": "Roberto Espinoza", "addr_unit": null, "amenity": "kindergarten", "brand": null, "building": null, "capacity": null, "cuisine": null, "denomination": null, "ele": null, "fee": null, "healthcare": null, "healthcare_speciality": null, "name": "Sala Cuna Contraloría General de la República", "name_en": null, "name_es": null, "opening_hours": null, "operator": null, "parking": null, "phone": null, "ref": null, "religion": null, "source_transform": null, "surface": null, "website": null, "wheelchair": null, "objectid": 6566416, "osm_id2": "3565420287", "centroide_x": 346474.15151972452, "centroide_y": 6296235.2150601847, "crs_original": "EPSG:4326", "fecha_normalizacion": "2025-10-10 01:59:25" }, "geometry": { "type": "Point", "coordinates": [ 346474.151519724517129, 6296235.215060184709728 ] } },
{ "type": "Feature", "properties": { "access": null, "addr_city": "Santiago", "addr_country": "CL", "addr_housenumber": "1606", "addr_postcode": null, "addr_street": "Avenida Pedro Montt", "addr_unit": null, "amenity": "courthouse", "brand": null, "building": null, "capacity": null, "cuisine": null, "denomination": null, "ele": null, "fee": null, "healthcare": null, "healthcare_speciality": null, "name": "Defensoria Local De Lo Prado Zona 2N", "name_en": null, "name_es": null, "opening_hours": null, "operator": null, "parking": null, "phone": null, "ref": null, "religion": null, "source_transform": null, "surface": null, "website": null, "wheelchair": null, "objectid": 6568418, "osm_id2": "6048870209", "centroide_x": 345977.86541323084, "centroide_y": 6294983.0541753452, "crs_original": "EPSG:4326", "fecha_normalizacion": "2025-10-10 01:59:25" }, "geometry": { "type": "Point", "coordinates": [ 345977.865413230843842, 6294983.054175345227122 ] } },
{ "type": "Feature", "properties": { "access": null, "addr_city": "Santiago", "addr_country": null, "addr_housenumber": "1606", "addr_postcode": null, "addr_street": "Avenida Pedro Montt", "addr_unit": null, "amenity": "courthouse", "brand": null, "building": null, "capacity": null, "cuisine": null, "denomination": null, "ele": null, "fee": null, "healthcare": null, "healthcare_speciality": null, "name": "Fiscalía Local Santiago Norte", "name_en": null, "name_es": null, "opening_hours": null, "operator": null, "parking": null, "phone": null, "ref": null, "religion": null, "source_transform": null, "surface": null, "website": null, "wheelchair": null, "objectid": 6568419, "osm_id2": "6046433662", "centroide_x": 346084.16661568417, "centroide_y": 6294988.8430523276, "crs_original": "EPSG:4326", "fecha_normalizacion": "2025-10-10 01:59:25" }, "geometry": { "type": "Point", "coordinates": [ 346084.166615684167482, 6294988.843052327632904 ] } },
{ "type": "Feature", "properties": { "access": null, "addr_city": "Santiago", "addr_country": null, "addr_housenumber": "1606", "addr_postcode": null, "addr_street": "Avenida Pedro Montt", "addr_unit": null, "amenity": "courthouse", "brand": null, "building": null, "capacity": null, "cuisine": null, "denomination": null, "ele": null, "fee": null, "healthcare": null, "healthcare_speciality": null, "name": "Fiscalía Regional Metropolitana Centro Norte", "name_en": null, "name_es": null, "opening_hours": null, "operator": null, "parking": null, "phone": null, "ref": null, "religion": null, "source_transform": null, "surface": null, "website": null, "wheelchair": null, "objectid": 6568420, "osm_id2": "6055647978", "centroide_x": 346137.39723544585, "centroide_y": 6294870.7134158229, "crs_original": "EPSG:4326", "fecha_normalizacion": "2025-10-10 01:59:25" }, "geometry": { "type": "Point", "coordinates": [ 346137.397235445852857, 6294870.713415822945535 ] } },
{ "type": "Feature", "properties": { "access": null, "addr_city": "Santiago", "addr_country": "CL", "addr_housenumber": "1606", "addr_postcode": null, "addr_street": "Avenida Pedro Montt", "addr_unit": null, "amenity": "courthouse", "brand": null, "building": null, "capacity": null, "cuisine": null, "denomination": null, "ele": null, "fee": null, "healthcare": null, "healthcare_speciality": null, "name": "Defensoría Local de Maipu", "name_en": null, "name_es": null, "opening_hours": null, "operator": null, "parking": null, "phone": null, "ref": null, "religion": null, "source_transform": null, "surface": null, "website": null, "wheelchair": null, "objectid": 6568422, "osm_id2": "6048864836", "centroide_x": 346103.57734601287, "centroide_y": 6294832.5073119327, "crs_original": "EPSG:4326", "fecha_normalizacion": "2025-10-10 01:59:25" }, "geometry": { "type": "Point", "coordinates": [ 346103.577346012869384, 6294832.507311932742596 ] } },
{ "type": "Feature", "properties": { "access": null, "addr_city": "Santiago", "addr_country": "CL", "addr_housenumber": "1606", "addr_postcode": null, "addr_street": "Avenida Pedro Montt", "addr_unit": null, "amenity": "courthouse", "brand": null, "building": null, "capacity": null, "cuisine": null, "denomination": null, "ele": null, "fee": null, "healthcare": null, "healthcare_speciality": null, "name": "Unidad de Responsabilidad Penal Adolescente Sur", "name_en": null, "name_es": null, "opening_hours": null, "operator": null, "parking": null, "phone": null, "ref": null, "religion": null, "source_transform": null, "surface": null, "website": null, "wheelchair": null, "objectid": 6568423, "osm_id2": "6060391081", "centroide_x": 346011.01232059539, "centroide_y": 6294858.4043969698, "crs_original": "EPSG:4326", "fecha_normalizacion": "2025-10-10 01:59:25" }, "geometry": { "type": "Point", "coordinates": [ 346011.012320595385972, 6294858.404396969825029 ] } },
{ "type": "Feature", "properties": { "access": null, "addr_city": "Santiago", "addr_country": "CL", "addr_housenumber": "1606", "addr_postcode": null, "addr_street": "Avenida Pedro Montt", "addr_unit": null, "amenity": "courthouse", "brand": null, "building": null, "capacity": null, "cuisine": null, "denomination": null, "ele": null, "fee": null, "healthcare": null, "healthcare_speciality": null, "name": "Unidad de Responsabilidad Penal Adolescente Norte", "name_en": null, "name_es": null, "opening_hours": null, "operator": null, "parking": null, "phone": null, "ref": null, "religion": null, "source_transform": null, "surface": null, "website": null, "wheelchair": null, "objectid": 6568424, "osm_id2": "6060391082", "centroide_x": 346017.12331037701, "centroide_y": 6294834.2669648174, "crs_original": "EPSG:4326", "fecha_normalizacion": "2025-10-10 01:59:25" }, "geometry": { "type": "Point", "coordinates": [ 346017.123310377006419, 6294834.266964817419648 ] } },
{ "type": "Feature", "properties": { "access": null, "addr_city": "Santiago", "addr_country": "CL", "addr_housenumber": "1217", "addr_postcode": null, "addr_street": "San Ignacio", "addr_unit": null, "amenity": "doctors", "brand": null, "building": null, "capacity": null, "cuisine": null, "denomination": null, "ele": null, "fee": null, "healthcare": null, "healthcare_speciality": null, "name": "Doctor Benjamín Cousiño", "name_en": null, "name_es": "Doctor Benjamín Cousiño", "opening_hours": null, "operator": null, "parking": null, "phone": null, "ref": null, "religion": null, "source_transform": null, "surface": null, "website": null, "wheelchair": null, "objectid": 6566434, "osm_id2": "4406278889", "centroide_x": 346152.49233883043, "centroide_y": 6296297.1866676714, "crs_original": "EPSG:4326", "fecha_normalizacion": "2025-10-10 01:59:25" }, "geometry": { "type": "Point", "coordinates": [ 346152.492338830430526, 6296297.186667671427131 ] } },
{ "type": "Feature", "properties": { "access": null, "addr_city": "Santiago", "addr_country": null, "addr_housenumber": "1249", "addr_postcode": null, "addr_street": "San Ignacio", "addr_unit": null, "amenity": "theatre", "brand": null, "building": null, "capacity": null, "cuisine": null, "denomination": null, "ele": null, "fee": null, "healthcare": null, "healthcare_speciality": null, "name": "Teatro Cousiño", "name_en": null, "name_es": null, "opening_hours": null, "operator": null, "parking": null, "phone": null, "ref": null, "religion": null, "source_transform": null, "surface": null, "website": null, "wheelchair": null, "objectid": 6566451, "osm_id2": "5118035922", "centroide_x": 346150.5191033642, "centroide_y": 6296240.1672030864, "crs_original": "EPSG:4326", "fecha_normalizacion": "2025-10-10 01:59:25" }, "geometry": { "type": "Point", "coordinates": [ 346150.519103364204057, 6296240.167203086428344 ] } },
{ "type": "Feature", "properties": { "access": null, "addr_city": "Santiago", "addr_country": "CL", "addr_housenumber": "1785", "addr_postcode": null, "addr_street": "Avenida Pedro Montt", "addr_unit": null, "amenity": "prison", "brand": null, "building": null, "capacity": null, "cuisine": null, "denomination": null, "ele": null, "fee": null, "healthcare": null, "healthcare_speciality": null, "name": "Sub Depto SSEE", "name_en": null, "name_es": null, "opening_hours": null, "operator": null, "parking": null, "phone": null, "ref": null, "religion": null, "source_transform": null, "surface": null, "website": null, "wheelchair": null, "objectid": 6568425, "osm_id2": "4652802523", "centroide_x": 345906.75226814329, "centroide_y": 6294923.9545968212, "crs_original": "EPSG:4326", "fecha_normalizacion": "2025-10-10 01:59:25" }, "geometry": { "type": "Point", "coordinates": [ 345906.752268143289257, 6294923.954596821218729 ] } },
{ "type": "Feature", "properties": { "access": null, "addr_city": "Santiago", "addr_country": "CL", "addr_housenumber": "1606", "addr_postcode": null, "addr_street": "Pedro Montt", "addr_unit": null, "amenity": "courthouse", "brand": null, "building": null, "capacity": null, "cuisine": null, "denomination": null, "ele": null, "fee": null, "healthcare": null, "healthcare_speciality": null, "name": "Defensoría Local de San Miguel", "name_en": null, "name_es": null, "opening_hours": null, "operator": null, "parking": null, "phone": null, "ref": null, "religion": null, "source_transform": null, "surface": null, "website": null, "wheelchair": null, "objectid": 6568443, "osm_id2": "6048864834", "centroide_x": 346143.82260500814, "centroide_y": 6294821.5917533264, "crs_original": "EPSG:4326", "fecha_normalizacion": "2025-10-10 01:59:25" }, "geometry": { "type": "Point", "coordinates": [ 346143.822605008143, 6294821.591753326356411 ] } },
{ "type": "Feature", "properties": { "access": null, "addr_city": "Santiago", "addr_country": "CL", "addr_housenumber": "1606", "addr_postcode": null, "addr_street": "Avenida Pedro Montt", "addr_unit": null, "amenity": "courthouse", "brand": null, "building": null, "capacity": null, "cuisine": null, "denomination": null, "ele": null, "fee": null, "healthcare": null, "healthcare_speciality": null, "name": "Defensoría Local de La Florida", "name_en": null, "name_es": null, "opening_hours": null, "operator": null, "parking": null, "phone": null, "ref": null, "religion": null, "source_transform": null, "surface": null, "website": null, "wheelchair": null, "objectid": 6568444, "osm_id2": "6048864835", "centroide_x": 346068.82253644266, "centroide_y": 6294820.2957685422, "crs_original": "EPSG:4326", "fecha_normalizacion": "2025-10-10 01:59:25" }, "geometry": { "type": "Point", "coordinates": [ 346068.822536442661658, 6294820.295768542215228 ] } },
{ "type": "Feature", "properties": { "access": null, "addr_city": "Santiago", "addr_country": null, "addr_housenumber": "1606", "addr_postcode": null, "addr_street": "Avenida Pedro Montt", "addr_unit": null, "amenity": "courthouse", "brand": null, "building": null, "capacity": null, "cuisine": null, "denomination": null, "ele": null, "fee": null, "healthcare": null, "healthcare_speciality": null, "name": "Fiscalía Local de Primeras Deligencias y ACD", "name_en": null, "name_es": null, "opening_hours": null, "operator": null, "parking": null, "phone": null, "ref": null, "religion": null, "source_transform": null, "surface": null, "website": null, "wheelchair": null, "objectid": 6568445, "osm_id2": "6046433789", "centroide_x": 346026.13646209321, "centroide_y": 6294808.8337781653, "crs_original": "EPSG:4326", "fecha_normalizacion": "2025-10-10 01:59:25" }, "geometry": { "type": "Point", "coordinates": [ 346026.136462093214504, 6294808.833778165280819 ] } },
{ "type": "Feature", "properties": { "access": null, "addr_city": "Santiago", "addr_country": null, "addr_housenumber": "1302", "addr_postcode": null, "addr_street": "Roberto Espinoza", "addr_unit": null, "amenity": "fast_food", "brand": null, "building": null, "capacity": null, "cuisine": "regional", "denomination": null, "ele": null, "fee": null, "healthcare": null, "healthcare_speciality": null, "name": "La Esquina del Sabor", "name_en": null, "name_es": null, "opening_hours": null, "operator": null, "parking": null, "phone": null, "ref": null, "religion": null, "source_transform": null, "surface": null, "website": null, "wheelchair": null, "objectid": 6566460, "osm_id2": "5147738705", "centroide_x": 346472.98927347094, "centroide_y": 6296198.9829735393, "crs_original": "EPSG:4326", "fecha_normalizacion": "2025-10-10 01:59:25" }, "geometry": { "type": "Point", "coordinates": [ 346472.989273470942862, 6296198.982973539270461 ] } },
{ "type": "Feature", "properties": { "access": null, "addr_city": "Santiago", "addr_country": null, "addr_housenumber": "1393", "addr_postcode": null, "addr_street": "Zenteno", "addr_unit": null, "amenity": "restaurant", "brand": null, "building": null, "capacity": "15", "cuisine": "taiwanese", "denomination": null, "ele": null, "fee": null, "healthcare": null, "healthcare_speciality": null, "name": "Pollo Chang", "name_en": null, "name_es": null, "opening_hours": "Mo-Fr 09:30-19:00, Sa 09:30-18:30", "operator": null, "parking": null, "phone": null, "ref": null, "religion": null, "source_transform": null, "surface": null, "website": null, "wheelchair": null, "objectid": 6566536, "osm_id2": "5433752851", "centroide_x": 346628.76445664489, "centroide_y": 6296089.8457760289, "crs_original": "EPSG:4326", "fecha_normalizacion": "2025-10-10 01:59:25" }, "geometry": { "type": "Point", "coordinates": [ 346628.764456644887105, 6296089.845776028931141 ] } },
{ "type": "Feature", "properties": { "access": null, "addr_city": "Santiago", "addr_country": null, "addr_housenumber": "1388", "addr_postcode": null, "addr_street": "Nataniel Cox", "addr_unit": null, "amenity": "restaurant", "brand": null, "building": null, "capacity": "25", "cuisine": "peruvian", "denomination": null, "ele": null, "fee": null, "healthcare": null, "healthcare_speciality": null, "name": "Mi Huaura", "name_en": null, "name_es": null, "opening_hours": "Mo-Su 12:00-23:00", "operator": null, "parking": null, "phone": null, "ref": null, "religion": null, "source_transform": null, "surface": null, "website": null, "wheelchair": null, "objectid": 6566537, "osm_id2": "5433726461", "centroide_x": 346575.35692518938, "centroide_y": 6296091.0379486978, "crs_original": "EPSG:4326", "fecha_normalizacion": "2025-10-10 01:59:25" }, "geometry": { "type": "Point", "coordinates": [ 346575.356925189378671, 6296091.037948697805405 ] } },
{ "type": "Feature", "properties": { "access": null, "addr_city": "Santiago", "addr_country": "CL", "addr_housenumber": "1246", "addr_postcode": null, "addr_street": "Club Hipico", "addr_unit": null, "amenity": "school", "brand": null, "building": null, "capacity": null, "cuisine": null, "denomination": null, "ele": null, "fee": null, "healthcare": null, "healthcare_speciality": null, "name": "Colegio Mirasol", "name_en": null, "name_es": null, "opening_hours": null, "operator": "4", "parking": null, "phone": null, "ref": null, "religion": null, "source_transform": "Gobierno Regional Metropolitano de Santiago (http://www.gobiernosantiago.cl/)", "surface": null, "website": null, "wheelchair": null, "objectid": 6566703, "osm_id2": "906408544", "centroide_x": 345301.62034188129, "centroide_y": 6296116.5512142945, "crs_original": "EPSG:4326", "fecha_normalizacion": "2025-10-10 01:59:25" }, "geometry": { "type": "Point", "coordinates": [ 345301.620341881294735, 6296116.5512142945081 ] } },
{ "type": "Feature", "properties": { "access": null, "addr_city": "Santiago", "addr_country": null, "addr_housenumber": null, "addr_postcode": null, "addr_street": "Moneda", "addr_unit": null, "amenity": "bureau_de_change", "brand": null, "building": null, "capacity": null, "cuisine": null, "denomination": null, "ele": null, "fee": null, "healthcare": null, "healthcare_speciality": null, "name": "Global Business Trust", "name_en": null, "name_es": null, "opening_hours": null, "operator": null, "parking": null, "phone": null, "ref": null, "religion": null, "source_transform": "Reconocimiento cartográfico 2016 por KG.", "surface": null, "website": null, "wheelchair": null, "objectid": 6536629, "osm_id2": "4446217789", "centroide_x": 346737.99512315565, "centroide_y": 6298509.4560126644, "crs_original": "EPSG:4326", "fecha_normalizacion": "2025-10-10 01:59:25" }, "geometry": { "type": "Point", "coordinates": [ 346737.995123155647889, 6298509.456012664362788 ] } },
{ "type": "Feature", "properties": { "access": null, "addr_city": "Santiago", "addr_country": null, "addr_housenumber": "370", "addr_postcode": null, "addr_street": "Enrique Mac Iver", "addr_unit": null, "amenity": "university", "brand": null, "building": null, "capacity": null, "cuisine": null, "denomination": null, "ele": null, "fee": null, "healthcare": null, "healthcare_speciality": null, "name": "Universidad Miguel de Cervantes", "name_en": null, "name_es": null, "opening_hours": null, "operator": null, "parking": null, "phone": null, "ref": null, "religion": null, "source_transform": null, "surface": null, "website": "https://www.umcervantes.cl/", "wheelchair": null, "objectid": 7660094, "osm_id2": "8741017842", "centroide_x": 346891.29688296898, "centroide_y": 6298898.776592534, "crs_original": "EPSG:4326", "fecha_normalizacion": "2025-10-10 01:59:25" }, "geometry": { "type": "Point", "coordinates": [ 346891.296882968978025, 6298898.776592534035444 ] } },
{ "type": "Feature", "properties": { "access": null, "addr_city": "Santiago", "addr_country": null, "addr_housenumber": "184", "addr_postcode": null, "addr_street": "Avenida España", "addr_unit": null, "amenity": "restaurant", "brand": null, "building": null, "capacity": null, "cuisine": "sushi", "denomination": null, "ele": null, "fee": null, "healthcare": null, "healthcare_speciality": null, "name": "Bamboo", "name_en": null, "name_es": null, "opening_hours": null, "operator": null, "parking": null, "phone": null, "ref": null, "religion": null, "source_transform": null, "surface": null, "website": null, "wheelchair": null, "objectid": 7849731, "osm_id2": "8934042338", "centroide_x": 344814.21544606291, "centroide_y": 6297428.7115194658, "crs_original": "EPSG:4326", "fecha_normalizacion": "2025-10-10 01:59:25" }, "geometry": { "type": "Point", "coordinates": [ 344814.215446062909905, 6297428.711519465781748 ] } },
{ "type": "Feature", "properties": { "access": null, "addr_city": "Santiago", "addr_country": null, "addr_housenumber": "188", "addr_postcode": null, "addr_street": "Avenida España", "addr_unit": null, "amenity": "fast_food", "brand": null, "building": null, "capacity": null, "cuisine": "chicken", "denomination": null, "ele": null, "fee": null, "healthcare": null, "healthcare_speciality": null, "name": "El Templo del Pollo", "name_en": null, "name_es": null, "opening_hours": null, "operator": null, "parking": null, "phone": null, "ref": null, "religion": null, "source_transform": null, "surface": null, "website": null, "wheelchair": null, "objectid": 7849757, "osm_id2": "8934042340", "centroide_x": 344816.92588926986, "centroide_y": 6297417.9962778632, "crs_original": "EPSG:4326", "fecha_normalizacion": "2025-10-10 01:59:25" }, "geometry": { "type": "Point", "coordinates": [ 344816.92588926985627, 6297417.996277863159776 ] } },
{ "type": "Feature", "properties": { "access": null, "addr_city": "Santiago", "addr_country": null, "addr_housenumber": "2210", "addr_postcode": null, "addr_street": "Waldo Silva", "addr_unit": null, "amenity": "school", "brand": null, "building": null, "capacity": null, "cuisine": null, "denomination": null, "ele": null, "fee": null, "healthcare": null, "healthcare_speciality": null, "name": "Escuela Básica República de Haití", "name_en": null, "name_es": null, "opening_hours": null, "operator": null, "parking": null, "phone": null, "ref": null, "religion": null, "source_transform": null, "surface": null, "website": null, "wheelchair": null, "objectid": 7931653, "osm_id2": "9000087747", "centroide_x": 346526.72109170235, "centroide_y": 6294846.9220638908, "crs_original": "EPSG:4326", "fecha_normalizacion": "2025-10-10 01:59:25" }, "geometry": { "type": "Point", "coordinates": [ 346526.721091702347621, 6294846.922063890844584 ] } },
{ "type": "Feature", "properties": { "access": null, "addr_city": "Santiago", "addr_country": null, "addr_housenumber": "2139", "addr_postcode": null, "addr_street": "Plaza Manuel Rodríguez", "addr_unit": null, "amenity": "veterinary", "brand": null, "building": null, "capacity": null, "cuisine": null, "denomination": null, "ele": null, "fee": null, "healthcare": null, "healthcare_speciality": null, "name": "Centro Veterinario República", "name_en": null, "name_es": null, "opening_hours": null, "operator": null, "parking": null, "phone": null, "ref": null, "religion": null, "source_transform": null, "surface": null, "website": null, "wheelchair": null, "objectid": 7807435, "osm_id2": "8891298398", "centroide_x": 345234.20474695321, "centroide_y": 6297472.5631170776, "crs_original": "EPSG:4326", "fecha_normalizacion": "2025-10-10 01:59:25" }, "geometry": { "type": "Point", "coordinates": [ 345234.204746953211725, 6297472.563117077574134 ] } },
{ "type": "Feature", "properties": { "access": null, "addr_city": "Santiago", "addr_country": null, "addr_housenumber": "494", "addr_postcode": null, "addr_street": "Avenida Manuel Antonio Matta", "addr_unit": null, "amenity": "place_of_worship", "brand": null, "building": null, "capacity": null, "cuisine": null, "denomination": null, "ele": null, "fee": null, "healthcare": null, "healthcare_speciality": null, "name": "Iglesia y Claustro Santísimo Sacramento", "name_en": null, "name_es": null, "opening_hours": null, "operator": null, "parking": null, "phone": null, "ref": null, "religion": null, "source_transform": null, "surface": null, "website": "https://www.buenpastor.cl/", "wheelchair": null, "objectid": 7937924, "osm_id2": "9005892232", "centroide_x": 347664.24971124053, "centroide_y": 6296764.8038412388, "crs_original": "EPSG:4326", "fecha_normalizacion": "2025-10-10 01:59:25" }, "geometry": { "type": "Point", "coordinates": [ 347664.249711240525357, 6296764.803841238841414 ] } },
{ "type": "Feature", "properties": { "access": null, "addr_city": "Santiago", "addr_country": null, "addr_housenumber": "2235", "addr_postcode": null, "addr_street": "Nataniel Cox", "addr_unit": null, "amenity": "school", "brand": null, "building": null, "capacity": null, "cuisine": null, "denomination": null, "ele": null, "fee": null, "healthcare": null, "healthcare_speciality": null, "name": "Instituto de Enseñanza Media Claudio Matte", "name_en": null, "name_es": null, "opening_hours": null, "operator": null, "parking": null, "phone": null, "ref": null, "religion": null, "source_transform": null, "surface": null, "website": null, "wheelchair": null, "objectid": 7931655, "osm_id2": "9000087766", "centroide_x": 346719.53209314693, "centroide_y": 6294860.7788160443, "crs_original": "EPSG:4326", "fecha_normalizacion": "2025-10-10 01:59:25" }, "geometry": { "type": "Point", "coordinates": [ 346719.532093146932311, 6294860.778816044330597 ] } },
{ "type": "Feature", "properties": { "access": null, "addr_city": "Santiago", "addr_country": null, "addr_housenumber": "248", "addr_postcode": null, "addr_street": "Avenida Libertador Bernardo O'Higgins", "addr_unit": null, "amenity": "restaurant", "brand": null, "building": null, "capacity": null, "cuisine": "pizza", "denomination": null, "ele": null, "fee": null, "healthcare": null, "healthcare_speciality": null, "name": "Costa Brava", "name_en": null, "name_es": null, "opening_hours": null, "operator": null, "parking": null, "phone": null, "ref": null, "religion": null, "source_transform": null, "surface": null, "website": null, "wheelchair": null, "objectid": 8358005, "osm_id2": "9240547361", "centroide_x": 347609.28513067501, "centroide_y": 6298757.9755972661, "crs_original": "EPSG:4326", "fecha_normalizacion": "2025-10-10 01:59:25" }, "geometry": { "type": "Point", "coordinates": [ 347609.285130675008986, 6298757.975597266107798 ] } },
{ "type": "Feature", "properties": { "access": null, "addr_city": "Santiago", "addr_country": null, "addr_housenumber": "2221", "addr_postcode": null, "addr_street": "Salvador Sanfuentes", "addr_unit": null, "amenity": "university", "brand": null, "building": null, "capacity": null, "cuisine": null, "denomination": null, "ele": null, "fee": null, "healthcare": null, "healthcare_speciality": null, "name": "Universidad Diego Portales", "name_en": null, "name_es": null, "opening_hours": null, "operator": null, "parking": null, "phone": null, "ref": null, "religion": null, "source_transform": null, "surface": null, "website": null, "wheelchair": null, "objectid": 8404046, "osm_id2": "9283440996", "centroide_x": 345068.99577864399, "centroide_y": 6297627.1920781527, "crs_original": "EPSG:4326", "fecha_normalizacion": "2025-10-10 01:59:25" }, "geometry": { "type": "Point", "coordinates": [ 345068.995778643991798, 6297627.192078152671456 ] } },
{ "type": "Feature", "properties": { "access": null, "addr_city": "Santiago", "addr_country": null, "addr_housenumber": null, "addr_postcode": null, "addr_street": "Ejército Libertador", "addr_unit": null, "amenity": "university", "brand": null, "building": null, "capacity": null, "cuisine": null, "denomination": null, "ele": null, "fee": null, "healthcare": null, "healthcare_speciality": null, "name": "Facultad de Ingeniería y ciencias", "name_en": null, "name_es": null, "opening_hours": null, "operator": null, "parking": null, "phone": null, "ref": null, "religion": null, "source_transform": null, "surface": null, "website": "https://ingenieriayciencias.udp.cl", "wheelchair": null, "objectid": 8420332, "osm_id2": "9301233654", "centroide_x": 345642.32610831503, "centroide_y": 6297303.9154826477, "crs_original": "EPSG:4326", "fecha_normalizacion": "2025-10-10 01:59:25" }, "geometry": { "type": "Point", "coordinates": [ 345642.32610831502825, 6297303.915482647716999 ] } },
{ "type": "Feature", "properties": { "access": null, "addr_city": "Santiago", "addr_country": null, "addr_housenumber": "1045", "addr_postcode": null, "addr_street": "Avenida Beaucheff", "addr_unit": null, "amenity": "restaurant", "brand": null, "building": null, "capacity": null, "cuisine": null, "denomination": null, "ele": null, "fee": null, "healthcare": null, "healthcare_speciality": null, "name": "El Rincón Quirihuano", "name_en": null, "name_es": null, "opening_hours": null, "operator": null, "parking": null, "phone": null, "ref": null, "religion": null, "source_transform": null, "surface": null, "website": null, "wheelchair": null, "objectid": 8820734, "osm_id2": "9503227665", "centroide_x": 345337.88662005862, "centroide_y": 6296401.4081814168, "crs_original": "EPSG:4326", "fecha_normalizacion": "2025-10-10 01:59:25" }, "geometry": { "type": "Point", "coordinates": [ 345337.886620058619883, 6296401.408181416802108 ] } },
{ "type": "Feature", "properties": { "access": null, "addr_city": "Santiago", "addr_country": null, "addr_housenumber": "2126", "addr_postcode": null, "addr_street": "Tupper", "addr_unit": null, "amenity": "social_centre", "brand": null, "building": null, "capacity": null, "cuisine": null, "denomination": null, "ele": null, "fee": null, "healthcare": null, "healthcare_speciality": null, "name": "Club de Leones", "name_en": null, "name_es": null, "opening_hours": null, "operator": null, "parking": null, "phone": null, "ref": null, "religion": null, "source_transform": null, "surface": null, "website": null, "wheelchair": null, "objectid": 8858333, "osm_id2": "9547695939", "centroide_x": 345328.42598013335, "centroide_y": 6296600.8264208548, "crs_original": "EPSG:4326", "fecha_normalizacion": "2025-10-10 01:59:25" }, "geometry": { "type": "Point", "coordinates": [ 345328.425980133353733, 6296600.826420854777098 ] } },
{ "type": "Feature", "properties": { "access": null, "addr_city": "Santiago", "addr_country": null, "addr_housenumber": "935", "addr_postcode": null, "addr_street": "Avenida Beaucheff", "addr_unit": null, "amenity": "restaurant", "brand": null, "building": null, "capacity": null, "cuisine": "pizza", "denomination": null, "ele": null, "fee": null, "healthcare": null, "healthcare_speciality": null, "name": "Picadelly", "name_en": null, "name_es": null, "opening_hours": null, "operator": null, "parking": null, "phone": null, "ref": null, "religion": null, "source_transform": null, "surface": null, "website": null, "wheelchair": null, "objectid": 8858335, "osm_id2": "9547695953", "centroide_x": 345332.42161869805, "centroide_y": 6296573.0950725023, "crs_original": "EPSG:4326", "fecha_normalizacion": "2025-10-10 01:59:25" }, "geometry": { "type": "Point", "coordinates": [ 345332.421618698048405, 6296573.095072502270341 ] } },
{ "type": "Feature", "properties": { "access": null, "addr_city": "Santiago", "addr_country": null, "addr_housenumber": "336", "addr_postcode": null, "addr_street": "Club Hípico", "addr_unit": null, "amenity": "community_centre", "brand": null, "building": null, "capacity": null, "cuisine": null, "denomination": null, "ele": null, "fee": null, "healthcare": null, "healthcare_speciality": null, "name": "JJVV Barrio República", "name_en": null, "name_es": null, "opening_hours": "Mo-Tu 18:00-20:00; We-Fr 09:00-17:00", "operator": null, "parking": null, "phone": null, "ref": null, "religion": null, "source_transform": null, "surface": null, "website": null, "wheelchair": null, "objectid": 8860179, "osm_id2": "9550690699", "centroide_x": 345270.51665552391, "centroide_y": 6297346.3578541623, "crs_original": "EPSG:4326", "fecha_normalizacion": "2025-10-10 01:59:25" }, "geometry": { "type": "Point", "coordinates": [ 345270.51665552391205, 6297346.357854162342846 ] } },
{ "type": "Feature", "properties": { "access": null, "addr_city": "Santiago", "addr_country": null, "addr_housenumber": "2131", "addr_postcode": null, "addr_street": "Compañía de Jesús", "addr_unit": null, "amenity": "cafe", "brand": null, "building": null, "capacity": null, "cuisine": "coffee_shop;tea;chocolate;pastry;sandwich;drinks;ice_cream;juice", "denomination": null, "ele": null, "fee": null, "healthcare": null, "healthcare_speciality": null, "name": "Café Cupido", "name_en": null, "name_es": null, "opening_hours": null, "operator": null, "parking": null, "phone": null, "ref": null, "religion": null, "source_transform": null, "surface": null, "website": null, "wheelchair": null, "objectid": 9106192, "osm_id2": "9789482212", "centroide_x": 345121.01769986015, "centroide_y": 6298696.0499664061, "crs_original": "EPSG:4326", "fecha_normalizacion": "2025-10-10 01:59:25" }, "geometry": { "type": "Point", "coordinates": [ 345121.017699860152788, 6298696.049966406077147 ] } },
{ "type": "Feature", "properties": { "access": null, "addr_city": "Santiago", "addr_country": null, "addr_housenumber": "781", "addr_postcode": null, "addr_street": "Club Hípico", "addr_unit": null, "amenity": "restaurant", "brand": null, "building": null, "capacity": null, "cuisine": "sandwich", "denomination": null, "ele": null, "fee": null, "healthcare": null, "healthcare_speciality": null, "name": "Yasser y Hermano", "name_en": null, "name_es": null, "opening_hours": null, "operator": null, "parking": null, "phone": null, "ref": null, "religion": null, "source_transform": "Reconocimiento cartográfico 2016 por KG", "surface": null, "website": null, "wheelchair": null, "objectid": 8863705, "osm_id2": "9554125581", "centroide_x": 345246.16462202719, "centroide_y": 6296819.0983035481, "crs_original": "EPSG:4326", "fecha_normalizacion": "2025-10-10 01:59:25" }, "geometry": { "type": "Point", "coordinates": [ 345246.164622027194127, 6296819.098303548060358 ] } },
{ "type": "Feature", "properties": { "access": null, "addr_city": "Santiago", "addr_country": null, "addr_housenumber": "33", "addr_postcode": null, "addr_street": "Arturo Prat", "addr_unit": null, "amenity": "cinema", "brand": null, "building": null, "capacity": null, "cuisine": null, "denomination": null, "ele": null, "fee": null, "healthcare": null, "healthcare_speciality": null, "name": "Centro Arte Alameda - Sala Ceina", "name_en": null, "name_es": null, "opening_hours": null, "operator": null, "parking": null, "phone": null, "ref": null, "religion": null, "source_transform": null, "surface": null, "website": null, "wheelchair": null, "objectid": 9417758, "osm_id2": "9945810629", "centroide_x": 346601.3536947025, "centroide_y": 6298169.1212064223, "crs_original": "EPSG:4326", "fecha_normalizacion": "2025-10-10 01:59:25" }, "geometry": { "type": "Point", "coordinates": [ 346601.353694702498615, 6298169.1212064223364 ] } },
{ "type": "Feature", "properties": { "access": null, "addr_city": "santiago", "addr_country": null, "addr_housenumber": "715", "addr_postcode": null, "addr_street": "Matucana", "addr_unit": null, "amenity": "restaurant", "brand": null, "building": null, "capacity": null, "cuisine": null, "denomination": null, "ele": null, "fee": null, "healthcare": null, "healthcare_speciality": null, "name": "villanos pizza", "name_en": null, "name_es": null, "opening_hours": null, "operator": null, "parking": null, "phone": null, "ref": null, "religion": null, "source_transform": null, "surface": null, "website": null, "wheelchair": null, "objectid": 8814875, "osm_id2": "9497014339", "centroide_x": 343826.91590281099, "centroide_y": 6299002.5427737925, "crs_original": "EPSG:4326", "fecha_normalizacion": "2025-10-10 01:59:25" }, "geometry": { "type": "Point", "coordinates": [ 343826.915902810986154, 6299002.542773792520165 ] } },
{ "type": "Feature", "properties": { "access": null, "addr_city": "Santiago", "addr_country": null, "addr_housenumber": "1322", "addr_postcode": null, "addr_street": "Avenida Libertador Bernardo O'Higgins", "addr_unit": null, "amenity": "pharmacy", "brand": "Cruz Verde", "building": null, "capacity": null, "cuisine": null, "denomination": null, "ele": null, "fee": null, "healthcare": "pharmacy", "healthcare_speciality": null, "name": "Cruz Verde", "name_en": null, "name_es": null, "opening_hours": "Mo-Fr 08:30-20:45; Sa 09:30-15:00", "operator": null, "parking": null, "phone": null, "ref": null, "religion": null, "source_transform": null, "surface": null, "website": null, "wheelchair": null, "objectid": 9845395, "osm_id2": "10268906249", "centroide_x": 346223.3377830392, "centroide_y": 6298130.1695792004, "crs_original": "EPSG:4326", "fecha_normalizacion": "2025-10-10 01:59:25" }, "geometry": { "type": "Point", "coordinates": [ 346223.337783039198257, 6298130.169579200446606 ] } },
{ "type": "Feature", "properties": { "access": null, "addr_city": "Santiago", "addr_country": null, "addr_housenumber": null, "addr_postcode": null, "addr_street": "Vergara", "addr_unit": null, "amenity": "library", "brand": null, "building": "yes", "capacity": null, "cuisine": null, "denomination": null, "ele": null, "fee": null, "healthcare": null, "healthcare_speciality": null, "name": "Biblioteca Nicanor Parra", "name_en": null, "name_es": null, "opening_hours": null, "operator": "Universidad Diego Portales", "parking": null, "phone": null, "ref": null, "religion": null, "source_transform": null, "surface": null, "website": null, "wheelchair": null, "objectid": 8420334, "osm_id2": "9301240894", "centroide_x": 345562.34035443841, "centroide_y": 6297448.0573115684, "crs_original": "EPSG:4326", "fecha_normalizacion": "2025-10-10 01:59:25" }, "geometry": { "type": "Point", "coordinates": [ 345562.340354438405484, 6297448.057311568409204 ] } },
{ "type": "Feature", "properties": { "access": null, "addr_city": "Santiago", "addr_country": null, "addr_housenumber": "72", "addr_postcode": "8350579", "addr_street": "General Bulnes", "addr_unit": null, "amenity": "cafe", "brand": null, "building": null, "capacity": null, "cuisine": "cafeteria;sandwich", "denomination": null, "ele": null, "fee": null, "healthcare": null, "healthcare_speciality": null, "name": "Cafetería Incuba", "name_en": null, "name_es": null, "opening_hours": null, "operator": null, "parking": null, "phone": null, "ref": null, "religion": null, "source_transform": null, "surface": null, "website": null, "wheelchair": null, "objectid": 8815601, "osm_id2": "9499009286", "centroide_x": 344796.04245457612, "centroide_y": 6298119.3777559409, "crs_original": "EPSG:4326", "fecha_normalizacion": "2025-10-10 01:59:25" }, "geometry": { "type": "Point", "coordinates": [ 344796.042454576119781, 6298119.377755940891802 ] } },
{ "type": "Feature", "properties": { "access": null, "addr_city": "Santiago", "addr_country": null, "addr_housenumber": "160", "addr_postcode": null, "addr_street": "José Victorino Lastarria", "addr_unit": null, "amenity": "fast_food", "brand": null, "building": null, "capacity": null, "cuisine": null, "denomination": null, "ele": null, "fee": null, "healthcare": null, "healthcare_speciality": null, "name": "Papachecos", "name_en": null, "name_es": null, "opening_hours": "Mo-Sa 13:00-21:00", "operator": null, "parking": null, "phone": null, "ref": null, "religion": null, "source_transform": null, "surface": null, "website": null, "wheelchair": null, "objectid": 9548843, "osm_id2": "10080796717", "centroide_x": 347438.13002501387, "centroide_y": 6298886.4632302783, "crs_original": "EPSG:4326", "fecha_normalizacion": "2025-10-10 01:59:25" }, "geometry": { "type": "Point", "coordinates": [ 347438.130025013873819, 6298886.463230278342962 ] } },
{ "type": "Feature", "properties": { "access": "yes", "addr_city": "Santiago", "addr_country": null, "addr_housenumber": null, "addr_postcode": null, "addr_street": "Morandé", "addr_unit": null, "amenity": "parking_entrance", "brand": null, "building": null, "capacity": null, "cuisine": null, "denomination": null, "ele": null, "fee": null, "healthcare": null, "healthcare_speciality": null, "name": "Parking La Moneda", "name_en": null, "name_es": null, "opening_hours": null, "operator": "Saba", "parking": "underground", "phone": null, "ref": null, "religion": null, "source_transform": null, "surface": null, "website": null, "wheelchair": "yes", "objectid": 10085165, "osm_id2": "10722390864", "centroide_x": 346343.91645462957, "centroide_y": 6298269.9658979867, "crs_original": "EPSG:4326", "fecha_normalizacion": "2025-10-10 01:59:25" }, "geometry": { "type": "Point", "coordinates": [ 346343.916454629565123, 6298269.965897986665368 ] } },
{ "type": "Feature", "properties": { "access": null, "addr_city": "Santiago", "addr_country": null, "addr_housenumber": "2429", "addr_postcode": null, "addr_street": "Grajales", "addr_unit": null, "amenity": "restaurant", "brand": null, "building": null, "capacity": null, "cuisine": "pizza", "denomination": null, "ele": null, "fee": null, "healthcare": null, "healthcare_speciality": null, "name": "Gaby's", "name_en": null, "name_es": null, "opening_hours": null, "operator": null, "parking": null, "phone": null, "ref": null, "religion": null, "source_transform": null, "surface": null, "website": null, "wheelchair": null, "objectid": 10145437, "osm_id2": "10773645981", "centroide_x": 344787.21105382754, "centroide_y": 6297279.1184996925, "crs_original": "EPSG:4326", "fecha_normalizacion": "2025-10-10 01:59:25" }, "geometry": { "type": "Point", "coordinates": [ 344787.211053827544674, 6297279.11849969252944 ] } },
{ "type": "Feature", "properties": { "access": null, "addr_city": "Santiago", "addr_country": null, "addr_housenumber": null, "addr_postcode": null, "addr_street": "Morandé", "addr_unit": null, "amenity": "library", "brand": null, "building": null, "capacity": null, "cuisine": null, "denomination": null, "ele": null, "fee": null, "healthcare": null, "healthcare_speciality": null, "name": "Biblioteca Científica Adelina Gutiérrez", "name_en": null, "name_es": null, "opening_hours": "Tu-Th 9:00-13:00", "operator": "Ministerio de Ciencia y SNBP", "parking": null, "phone": null, "ref": null, "religion": null, "source_transform": null, "surface": null, "website": null, "wheelchair": null, "objectid": 10228472, "osm_id2": "10865853099", "centroide_x": 346278.44535610324, "centroide_y": 6298650.4807439763, "crs_original": "EPSG:4326", "fecha_normalizacion": "2025-10-10 01:59:25" }, "geometry": { "type": "Point", "coordinates": [ 346278.445356103242375, 6298650.480743976309896 ] } },
{ "type": "Feature", "properties": { "access": null, "addr_city": "Santiago", "addr_country": null, "addr_housenumber": "179", "addr_postcode": null, "addr_street": "Avenida Santa Rosa", "addr_unit": null, "amenity": "arts_centre", "brand": null, "building": null, "capacity": null, "cuisine": null, "denomination": null, "ele": null, "fee": null, "healthcare": null, "healthcare_speciality": null, "name": "Fundación Cultural Casa de Los Diez Alfredo García Burr", "name_en": null, "name_es": null, "opening_hours": null, "operator": null, "parking": null, "phone": null, "ref": null, "religion": null, "source_transform": null, "surface": null, "website": "https://casadelosdiez.cl/", "wheelchair": null, "objectid": 10235759, "osm_id2": "10869359019", "centroide_x": 347059.63512290653, "centroide_y": 6298033.6080353763, "crs_original": "EPSG:4326", "fecha_normalizacion": "2025-10-10 01:59:25" }, "geometry": { "type": "Point", "coordinates": [ 347059.63512290653307, 6298033.608035376295447 ] } },
{ "type": "Feature", "properties": { "access": null, "addr_city": "Santiago", "addr_country": null, "addr_housenumber": "1550", "addr_postcode": null, "addr_street": "Avenida Libertador Bernardo O'Higgins", "addr_unit": null, "amenity": "community_centre", "brand": null, "building": null, "capacity": null, "cuisine": null, "denomination": null, "ele": null, "fee": null, "healthcare": null, "healthcare_speciality": null, "name": "Círculo Español de Santiago", "name_en": null, "name_es": null, "opening_hours": null, "operator": null, "parking": null, "phone": null, "ref": null, "religion": null, "source_transform": null, "surface": null, "website": "https://www.circuloespanol.cl/", "wheelchair": null, "objectid": 10296986, "osm_id2": "10915399286", "centroide_x": 345916.29769373615, "centroide_y": 6298032.3305755761, "crs_original": "EPSG:4326", "fecha_normalizacion": "2025-10-10 01:59:25" }, "geometry": { "type": "Point", "coordinates": [ 345916.297693736152723, 6298032.33057557605207 ] } },
{ "type": "Feature", "properties": { "access": null, "addr_city": "Santiago", "addr_country": null, "addr_housenumber": "395", "addr_postcode": null, "addr_street": "Villavicencio", "addr_unit": null, "amenity": "arts_centre", "brand": null, "building": null, "capacity": null, "cuisine": null, "denomination": null, "ele": null, "fee": null, "healthcare": null, "healthcare_speciality": null, "name": "Espacio O", "name_en": null, "name_es": null, "opening_hours": null, "operator": null, "parking": null, "phone": null, "ref": null, "religion": null, "source_transform": null, "surface": null, "website": null, "wheelchair": null, "objectid": 10299351, "osm_id2": "10916893305", "centroide_x": 347476.82665772759, "centroide_y": 6298942.774910829, "crs_original": "EPSG:4326", "fecha_normalizacion": "2025-10-10 01:59:25" }, "geometry": { "type": "Point", "coordinates": [ 347476.826657727593556, 6298942.774910829029977 ] } },
{ "type": "Feature", "properties": { "access": null, "addr_city": "Santiago", "addr_country": null, "addr_housenumber": "327", "addr_postcode": null, "addr_street": "José Victorino Lastarria", "addr_unit": null, "amenity": "cafe", "brand": null, "building": null, "capacity": null, "cuisine": null, "denomination": null, "ele": null, "fee": null, "healthcare": null, "healthcare_speciality": null, "name": "Brussels", "name_en": null, "name_es": null, "opening_hours": null, "operator": null, "parking": null, "phone": null, "ref": null, "religion": null, "source_transform": null, "surface": null, "website": null, "wheelchair": null, "objectid": 10299360, "osm_id2": "10916893317", "centroide_x": 347410.38463854336, "centroide_y": 6298862.1565172262, "crs_original": "EPSG:4326", "fecha_normalizacion": "2025-10-10 01:59:25" }, "geometry": { "type": "Point", "coordinates": [ 347410.384638543357141, 6298862.15651722624898 ] } },
{ "type": "Feature", "properties": { "access": null, "addr_city": "Santiago", "addr_country": null, "addr_housenumber": "33", "addr_postcode": null, "addr_street": "Arturo Prat", "addr_unit": null, "amenity": "library", "brand": null, "building": null, "capacity": null, "cuisine": null, "denomination": null, "ele": null, "fee": null, "healthcare": null, "healthcare_speciality": null, "name": "Biblioteca Don Juan Nepomuceno Espejo", "name_en": null, "name_es": null, "opening_hours": null, "operator": "Unidad Técnico Pedagógica del Instituto Nacional", "parking": null, "phone": null, "ref": null, "religion": null, "source_transform": null, "surface": null, "website": null, "wheelchair": null, "objectid": 10299918, "osm_id2": "10917526062", "centroide_x": 346582.37787250651, "centroide_y": 6298166.0691919196, "crs_original": "EPSG:4326", "fecha_normalizacion": "2025-10-10 01:59:25" }, "geometry": { "type": "Point", "coordinates": [ 346582.37787250650581, 6298166.069191919639707 ] } },
{ "type": "Feature", "properties": { "access": null, "addr_city": "Santiago", "addr_country": null, "addr_housenumber": null, "addr_postcode": null, "addr_street": "Morandé", "addr_unit": null, "amenity": "library", "brand": null, "building": null, "capacity": null, "cuisine": null, "denomination": null, "ele": null, "fee": null, "healthcare": null, "healthcare_speciality": null, "name": "Biblioteca del Ministerio de Relaciones Exteriores", "name_en": null, "name_es": null, "opening_hours": null, "operator": "Ministerio de Relaciones Exteriores", "parking": null, "phone": null, "ref": null, "religion": null, "source_transform": null, "surface": null, "website": "https://academiadiplomatica.cl/biblioteca/", "wheelchair": null, "objectid": 10299925, "osm_id2": "10917526070", "centroide_x": 346265.47666690935, "centroide_y": 6299034.8585770521, "crs_original": "EPSG:4326", "fecha_normalizacion": "2025-10-10 01:59:25" }, "geometry": { "type": "Point", "coordinates": [ 346265.476666909351479, 6299034.858577052131295 ] } },
{ "type": "Feature", "properties": { "access": null, "addr_city": "Santiago", "addr_country": null, "addr_housenumber": "841", "addr_postcode": null, "addr_street": "Amunátegui", "addr_unit": null, "amenity": "pharmacy", "brand": null, "building": null, "capacity": null, "cuisine": null, "denomination": null, "ele": null, "fee": null, "healthcare": "pharmacy", "healthcare_speciality": null, "name": "Farmacia Ultra Solidaria", "name_en": null, "name_es": null, "opening_hours": null, "operator": null, "parking": null, "phone": null, "ref": null, "religion": null, "source_transform": null, "surface": null, "website": null, "wheelchair": null, "objectid": 10279418, "osm_id2": "10905309924", "centroide_x": 345930.59334897896, "centroide_y": 6299383.807820864, "crs_original": "EPSG:4326", "fecha_normalizacion": "2025-10-10 01:59:25" }, "geometry": { "type": "Point", "coordinates": [ 345930.593348978960421, 6299383.807820864021778 ] } },
{ "type": "Feature", "properties": { "access": null, "addr_city": "Santiago", "addr_country": null, "addr_housenumber": "533", "addr_postcode": null, "addr_street": "Manuel Antonio Tocornal", "addr_unit": null, "amenity": "school", "brand": null, "building": null, "capacity": null, "cuisine": null, "denomination": null, "ele": null, "fee": null, "healthcare": null, "healthcare_speciality": null, "name": "Escuela República Oriental del Uruguay", "name_en": null, "name_es": null, "opening_hours": null, "operator": null, "parking": null, "phone": null, "ref": null, "religion": null, "source_transform": null, "surface": null, "website": null, "wheelchair": null, "objectid": 10359013, "osm_id2": "10959662218", "centroide_x": 347531.80225979432, "centroide_y": 6297630.12581723, "crs_original": "EPSG:4326", "fecha_normalizacion": "2025-10-10 01:59:25" }, "geometry": { "type": "Point", "coordinates": [ 347531.80225979431998, 6297630.12581722997129 ] } },
{ "type": "Feature", "properties": { "access": null, "addr_city": "Santiago", "addr_country": null, "addr_housenumber": null, "addr_postcode": null, "addr_street": "10 de Julio / Santa Rosa", "addr_unit": null, "amenity": "fuel", "brand": null, "building": null, "capacity": null, "cuisine": null, "denomination": null, "ele": null, "fee": null, "healthcare": null, "healthcare_speciality": null, "name": "Petrobras", "name_en": null, "name_es": null, "opening_hours": null, "operator": null, "parking": null, "phone": null, "ref": null, "religion": null, "source_transform": "Reconocimiento cartográfico por KG 2016", "surface": null, "website": null, "wheelchair": null, "objectid": 10186979, "osm_id2": "10826162204", "centroide_x": 347179.17013121198, "centroide_y": 6297235.1226805747, "crs_original": "EPSG:4326", "fecha_normalizacion": "2025-10-10 01:59:25" }, "geometry": { "type": "Point", "coordinates": [ 347179.170131211983971, 6297235.122680574655533 ] } },
{ "type": "Feature", "properties": { "access": null, "addr_city": "Santiago", "addr_country": null, "addr_housenumber": "1730", "addr_postcode": null, "addr_street": "General Mackenna", "addr_unit": null, "amenity": "school", "brand": null, "building": null, "capacity": null, "cuisine": null, "denomination": null, "ele": null, "fee": null, "healthcare": null, "healthcare_speciality": null, "name": "Escuela Basica N°1319 David Matarasso 3", "name_en": null, "name_es": null, "opening_hours": null, "operator": null, "parking": null, "phone": null, "ref": null, "religion": null, "source_transform": null, "surface": null, "website": null, "wheelchair": null, "objectid": 10361625, "osm_id2": "10961704033", "centroide_x": 345476.37554499798, "centroide_y": 6299419.9790325165, "crs_original": "EPSG:4326", "fecha_normalizacion": "2025-10-10 01:59:25" }, "geometry": { "type": "Point", "coordinates": [ 345476.375544997979887, 6299419.979032516479492 ] } },
{ "type": "Feature", "properties": { "access": null, "addr_city": "Santiago", "addr_country": null, "addr_housenumber": "734", "addr_postcode": null, "addr_street": "García Reyes", "addr_unit": null, "amenity": "school", "brand": null, "building": null, "capacity": null, "cuisine": null, "denomination": null, "ele": null, "fee": null, "healthcare": null, "healthcare_speciality": null, "name": "Escuela Particular Divina María", "name_en": null, "name_es": null, "opening_hours": null, "operator": null, "parking": null, "phone": null, "ref": null, "religion": null, "source_transform": null, "surface": null, "website": null, "wheelchair": null, "objectid": 10361703, "osm_id2": "10961802206", "centroide_x": 344559.40429380164, "centroide_y": 6299122.4513714723, "crs_original": "EPSG:4326", "fecha_normalizacion": "2025-10-10 01:59:25" }, "geometry": { "type": "Point", "coordinates": [ 344559.404293801635504, 6299122.451371472328901 ] } },
{ "type": "Feature", "properties": { "access": null, "addr_city": "Santiago", "addr_country": null, "addr_housenumber": "456", "addr_postcode": null, "addr_street": "Victoria", "addr_unit": null, "amenity": "school", "brand": null, "building": null, "capacity": null, "cuisine": null, "denomination": null, "ele": null, "fee": null, "healthcare": null, "healthcare_speciality": null, "name": "Liceo Municipal Metropolitano De Adultos", "name_en": null, "name_es": null, "opening_hours": null, "operator": null, "parking": null, "phone": null, "ref": null, "religion": null, "source_transform": null, "surface": null, "website": null, "wheelchair": null, "objectid": 10359203, "osm_id2": "10959776324", "centroide_x": 347870.62601577136, "centroide_y": 6296204.6048085503, "crs_original": "EPSG:4326", "fecha_normalizacion": "2025-10-10 01:59:25" }, "geometry": { "type": "Point", "coordinates": [ 347870.626015771355014, 6296204.604808550328016 ] } },
{ "type": "Feature", "properties": { "access": null, "addr_city": "Santiago", "addr_country": null, "addr_housenumber": "1980", "addr_postcode": null, "addr_street": "Luis Cousiño", "addr_unit": null, "amenity": "school", "brand": null, "building": null, "capacity": null, "cuisine": null, "denomination": null, "ele": null, "fee": null, "healthcare": null, "healthcare_speciality": null, "name": "Escuela Republica El Libano", "name_en": null, "name_es": null, "opening_hours": null, "operator": null, "parking": null, "phone": null, "ref": null, "religion": null, "source_transform": null, "surface": null, "website": null, "wheelchair": null, "objectid": 10359204, "osm_id2": "10959777108", "centroide_x": 345830.89852415957, "centroide_y": 6295080.7638805192, "crs_original": "EPSG:4326", "fecha_normalizacion": "2025-10-10 01:59:25" }, "geometry": { "type": "Point", "coordinates": [ 345830.898524159565568, 6295080.763880519196391 ] } },
{ "type": "Feature", "properties": { "access": null, "addr_city": "Santiago", "addr_country": null, "addr_housenumber": null, "addr_postcode": null, "addr_street": "Avenida Libertador Bernardo O'Higgins", "addr_unit": null, "amenity": "library", "brand": null, "building": null, "capacity": null, "cuisine": null, "denomination": null, "ele": null, "fee": null, "healthcare": null, "healthcare_speciality": null, "name": "Biblioteca MINEDUC", "name_en": null, "name_es": null, "opening_hours": null, "operator": "Ministerio de Educación", "parking": null, "phone": null, "ref": null, "religion": null, "source_transform": null, "surface": null, "website": "https://biblioteca.mineduc.cl/", "wheelchair": null, "objectid": 10364159, "osm_id2": "10962883554", "centroide_x": 346149.47876695305, "centroide_y": 6298214.419880189, "crs_original": "EPSG:4326", "fecha_normalizacion": "2025-10-10 01:59:25" }, "geometry": { "type": "Point", "coordinates": [ 346149.478766953048762, 6298214.41988018900156 ] } },
{ "type": "Feature", "properties": { "access": null, "addr_city": "Santiago", "addr_country": null, "addr_housenumber": "1481", "addr_postcode": null, "addr_street": "Nataniel Cox", "addr_unit": null, "amenity": "school", "brand": null, "building": null, "capacity": null, "cuisine": null, "denomination": null, "ele": null, "fee": null, "healthcare": null, "healthcare_speciality": null, "name": "Escuela Manuel Montt", "name_en": null, "name_es": null, "opening_hours": null, "operator": null, "parking": null, "phone": null, "ref": null, "religion": null, "source_transform": null, "surface": null, "website": null, "wheelchair": null, "objectid": 10362008, "osm_id2": "10961904736", "centroide_x": 346574.51947402628, "centroide_y": 6295864.7366280705, "crs_original": "EPSG:4326", "fecha_normalizacion": "2025-10-10 01:59:25" }, "geometry": { "type": "Point", "coordinates": [ 346574.519474026281387, 6295864.736628070473671 ] } },
{ "type": "Feature", "properties": { "access": null, "addr_city": "Santiago", "addr_country": null, "addr_housenumber": "1053", "addr_postcode": null, "addr_street": "Santiaguillo", "addr_unit": null, "amenity": "school", "brand": null, "building": null, "capacity": null, "cuisine": null, "denomination": null, "ele": null, "fee": null, "healthcare": null, "healthcare_speciality": null, "name": "Escuela Santiago de Chile", "name_en": null, "name_es": null, "opening_hours": null, "operator": null, "parking": null, "phone": null, "ref": null, "religion": null, "source_transform": null, "surface": null, "website": null, "wheelchair": null, "objectid": 10359205, "osm_id2": "10959766437", "centroide_x": 346840.49104138458, "centroide_y": 6296397.2346725166, "crs_original": "EPSG:4326", "fecha_normalizacion": "2025-10-10 01:59:25" }, "geometry": { "type": "Point", "coordinates": [ 346840.491041384579148, 6296397.234672516584396 ] } },
{ "type": "Feature", "properties": { "access": null, "addr_city": "Santiago", "addr_country": null, "addr_housenumber": "763", "addr_postcode": null, "addr_street": "Marina de Gaete", "addr_unit": null, "amenity": "school", "brand": null, "building": null, "capacity": null, "cuisine": null, "denomination": null, "ele": null, "fee": null, "healthcare": null, "healthcare_speciality": null, "name": "Liceo Doctor Humberto Maturana Romesin", "name_en": null, "name_es": null, "opening_hours": null, "operator": null, "parking": null, "phone": null, "ref": null, "religion": null, "source_transform": null, "surface": null, "website": null, "wheelchair": null, "objectid": 10359556, "osm_id2": "10960072842", "centroide_x": 347207.84899355704, "centroide_y": 6296440.4113989826, "crs_original": "EPSG:4326", "fecha_normalizacion": "2025-10-10 01:59:25" }, "geometry": { "type": "Point", "coordinates": [ 347207.848993557039648, 6296440.41139898262918 ] } },
{ "type": "Feature", "properties": { "access": null, "addr_city": "Santiago", "addr_country": null, "addr_housenumber": "426", "addr_postcode": null, "addr_street": "Santa Victoria", "addr_unit": null, "amenity": "school", "brand": null, "building": null, "capacity": null, "cuisine": null, "denomination": null, "ele": null, "fee": null, "healthcare": null, "healthcare_speciality": null, "name": "Colegio Wunman", "name_en": null, "name_es": null, "opening_hours": null, "operator": null, "parking": null, "phone": null, "ref": null, "religion": null, "source_transform": null, "surface": null, "website": null, "wheelchair": null, "objectid": 10359653, "osm_id2": "10960157815", "centroide_x": 347572.23799883563, "centroide_y": 6297801.5711346641, "crs_original": "EPSG:4326", "fecha_normalizacion": "2025-10-10 01:59:25" }, "geometry": { "type": "Point", "coordinates": [ 347572.237998835626058, 6297801.57113466411829 ] } },
{ "type": "Feature", "properties": { "access": null, "addr_city": "Santiago", "addr_country": null, "addr_housenumber": "1650", "addr_postcode": null, "addr_street": "San Diego", "addr_unit": null, "amenity": "school", "brand": null, "building": null, "capacity": null, "cuisine": null, "denomination": null, "ele": null, "fee": null, "healthcare": null, "healthcare_speciality": null, "name": "Liceo Politécnico Sara Blinder Dargoltz", "name_en": null, "name_es": null, "opening_hours": null, "operator": null, "parking": null, "phone": null, "ref": null, "religion": null, "source_transform": null, "surface": null, "website": null, "wheelchair": null, "objectid": 10359686, "osm_id2": "10960175571", "centroide_x": 346825.66782713495, "centroide_y": 6295640.0085353777, "crs_original": "EPSG:4326", "fecha_normalizacion": "2025-10-10 01:59:25" }, "geometry": { "type": "Point", "coordinates": [ 346825.667827134951949, 6295640.008535377681255 ] } },
{ "type": "Feature", "properties": { "access": null, "addr_city": "Santiago", "addr_country": "CL", "addr_housenumber": "1264", "addr_postcode": null, "addr_street": "Rosas", "addr_unit": null, "amenity": "prison", "brand": null, "building": null, "capacity": null, "cuisine": null, "denomination": null, "ele": null, "fee": null, "healthcare": null, "healthcare_speciality": null, "name": "Dirección Nacional Central Gendarmería", "name_en": null, "name_es": null, "opening_hours": null, "operator": null, "parking": null, "phone": null, "ref": null, "religion": null, "source_transform": null, "surface": null, "website": null, "wheelchair": null, "objectid": 10362299, "osm_id2": "10961969467", "centroide_x": 346152.75311190297, "centroide_y": 6299112.501384262, "crs_original": "EPSG:4326", "fecha_normalizacion": "2025-10-10 01:59:25" }, "geometry": { "type": "Point", "coordinates": [ 346152.753111902973615, 6299112.501384261995554 ] } },
{ "type": "Feature", "properties": { "access": null, "addr_city": "Santiago", "addr_country": null, "addr_housenumber": null, "addr_postcode": null, "addr_street": "Compañía de Jesús", "addr_unit": null, "amenity": "arts_centre", "brand": null, "building": null, "capacity": null, "cuisine": null, "denomination": null, "ele": null, "fee": null, "healthcare": null, "healthcare_speciality": null, "name": "Sociedad Nacional de Bellas Artes", "name_en": null, "name_es": null, "opening_hours": null, "operator": null, "parking": null, "phone": null, "ref": null, "religion": null, "source_transform": null, "surface": null, "website": null, "wheelchair": null, "objectid": 10365022, "osm_id2": "10963945032", "centroide_x": 346071.14990043064, "centroide_y": 6298816.1141670868, "crs_original": "EPSG:4326", "fecha_normalizacion": "2025-10-10 01:59:25" }, "geometry": { "type": "Point", "coordinates": [ 346071.149900430638809, 6298816.114167086780071 ] } },
{ "type": "Feature", "properties": { "access": null, "addr_city": "Santiago", "addr_country": "CL", "addr_housenumber": "76", "addr_postcode": null, "addr_street": "San Francisco", "addr_unit": null, "amenity": "school", "brand": null, "building": null, "capacity": null, "cuisine": null, "denomination": null, "ele": null, "fee": null, "healthcare": null, "healthcare_speciality": null, "name": "Centro Vitamina San Francisco", "name_en": null, "name_es": null, "opening_hours": null, "operator": null, "parking": null, "phone": null, "ref": null, "religion": null, "source_transform": null, "surface": null, "website": null, "wheelchair": null, "objectid": 10395044, "osm_id2": "10989944064", "centroide_x": 346913.07695866644, "centroide_y": 6298169.7959455885, "crs_original": "EPSG:4326", "fecha_normalizacion": "2025-10-10 01:59:25" }, "geometry": { "type": "Point", "coordinates": [ 346913.076958666439168, 6298169.795945588499308 ] } },
{ "type": "Feature", "properties": { "access": null, "addr_city": "Santiago", "addr_country": "CL", "addr_housenumber": "1661", "addr_postcode": null, "addr_street": "Rosales", "addr_unit": null, "amenity": "university", "brand": null, "building": null, "capacity": null, "cuisine": null, "denomination": null, "ele": null, "fee": null, "healthcare": null, "healthcare_speciality": null, "name": "Centro de Formación Técnica Accioma", "name_en": null, "name_es": null, "opening_hours": null, "operator": null, "parking": null, "phone": null, "ref": null, "religion": null, "source_transform": null, "surface": null, "website": null, "wheelchair": null, "objectid": 10393284, "osm_id2": "10985317509", "centroide_x": 345857.34846870886, "centroide_y": 6297562.0545254797, "crs_original": "EPSG:4326", "fecha_normalizacion": "2025-10-10 01:59:25" }, "geometry": { "type": "Point", "coordinates": [ 345857.348468708863948, 6297562.054525479674339 ] } },
{ "type": "Feature", "properties": { "access": null, "addr_city": "Santiago", "addr_country": "CL", "addr_housenumber": "2364", "addr_postcode": null, "addr_street": "Claudio Gay", "addr_unit": null, "amenity": "university", "brand": null, "building": null, "capacity": null, "cuisine": null, "denomination": null, "ele": null, "fee": null, "healthcare": null, "healthcare_speciality": null, "name": "Centro de Formación Técnica Alpes", "name_en": null, "name_es": null, "opening_hours": null, "operator": null, "parking": null, "phone": null, "ref": null, "religion": null, "source_transform": null, "surface": null, "website": null, "wheelchair": null, "objectid": 10393286, "osm_id2": "10985298155", "centroide_x": 344991.45064790081, "centroide_y": 6296913.0285783373, "crs_original": "EPSG:4326", "fecha_normalizacion": "2025-10-10 01:59:25" }, "geometry": { "type": "Point", "coordinates": [ 344991.450647900812328, 6296913.028578337281942 ] } },
{ "type": "Feature", "properties": { "access": null, "addr_city": "Santiago", "addr_country": "CL", "addr_housenumber": "1083", "addr_postcode": null, "addr_street": "Santo Domingo", "addr_unit": null, "amenity": "university", "brand": null, "building": null, "capacity": null, "cuisine": null, "denomination": null, "ele": null, "fee": null, "healthcare": null, "healthcare_speciality": null, "name": "Centro de Formación Técnica Paulina Diard", "name_en": null, "name_es": null, "opening_hours": null, "operator": null, "parking": null, "phone": null, "ref": null, "religion": null, "source_transform": null, "surface": null, "website": null, "wheelchair": null, "objectid": 10393343, "osm_id2": "10985333065", "centroide_x": 346395.11213273543, "centroide_y": 6299148.5885040574, "crs_original": "EPSG:4326", "fecha_normalizacion": "2025-10-10 01:59:25" }, "geometry": { "type": "Point", "coordinates": [ 346395.112132735433988, 6299148.588504057377577 ] } },
{ "type": "Feature", "properties": { "access": null, "addr_city": "Santiago", "addr_country": "CL", "addr_housenumber": "654", "addr_postcode": null, "addr_street": null, "addr_unit": null, "amenity": "clinic", "brand": null, "building": null, "capacity": null, "cuisine": null, "denomination": null, "ele": null, "fee": null, "healthcare": "clinic", "healthcare_speciality": null, "name": "IntegraMédica Alameda", "name_en": null, "name_es": null, "opening_hours": "Mo-Sa 07:30-20:00", "operator": "Bupa", "parking": null, "phone": null, "ref": null, "religion": null, "source_transform": null, "surface": null, "website": null, "wheelchair": null, "objectid": 10400341, "osm_id2": "10992814872", "centroide_x": 347052.04082266224, "centroide_y": 6298374.0933464039, "crs_original": "EPSG:4326", "fecha_normalizacion": "2025-10-10 01:59:25" }, "geometry": { "type": "Point", "coordinates": [ 347052.040822662238497, 6298374.09334640391171 ] } },
{ "type": "Feature", "properties": { "access": null, "addr_city": "Santiago", "addr_country": "CL", "addr_housenumber": "2221", "addr_postcode": null, "addr_street": "Avenida Libertador Bernardo O'Higgins", "addr_unit": null, "amenity": "university", "brand": null, "building": null, "capacity": null, "cuisine": null, "denomination": null, "ele": null, "fee": null, "healthcare": null, "healthcare_speciality": null, "name": "Instituto Profesional CIISA", "name_en": null, "name_es": null, "opening_hours": null, "operator": null, "parking": null, "phone": null, "ref": null, "religion": null, "source_transform": null, "surface": null, "website": null, "wheelchair": null, "objectid": 10398485, "osm_id2": "10992205449", "centroide_x": 345116.44157779496, "centroide_y": 6297930.5295761116, "crs_original": "EPSG:4326", "fecha_normalizacion": "2025-10-10 01:59:25" }, "geometry": { "type": "Point", "coordinates": [ 345116.441577794961631, 6297930.529576111584902 ] } },
{ "type": "Feature", "properties": { "access": null, "addr_city": "Santiago", "addr_country": "CL", "addr_housenumber": "190", "addr_postcode": null, "addr_street": "República", "addr_unit": null, "amenity": "university", "brand": null, "building": null, "capacity": null, "cuisine": null, "denomination": null, "ele": null, "fee": null, "healthcare": null, "healthcare_speciality": null, "name": "Escuela de Comercio de Santiago Campus Republica", "name_en": null, "name_es": null, "opening_hours": null, "operator": null, "parking": null, "phone": null, "ref": null, "religion": null, "source_transform": null, "surface": null, "website": null, "wheelchair": null, "objectid": 10394216, "osm_id2": "10989608708", "centroide_x": 345013.59262146789, "centroide_y": 6297481.0042190552, "crs_original": "EPSG:4326", "fecha_normalizacion": "2025-10-10 01:59:25" }, "geometry": { "type": "Point", "coordinates": [ 345013.592621467891149, 6297481.004219055175781 ] } },
{ "type": "Feature", "properties": { "access": null, "addr_city": "Santiago", "addr_country": "CL", "addr_housenumber": "1902", "addr_postcode": null, "addr_street": "Sazié", "addr_unit": null, "amenity": "university", "brand": null, "building": null, "capacity": null, "cuisine": null, "denomination": null, "ele": null, "fee": null, "healthcare": null, "healthcare_speciality": null, "name": "Escuela de Comercio de Santiago Campus Sazié", "name_en": null, "name_es": null, "opening_hours": null, "operator": null, "parking": null, "phone": null, "ref": null, "religion": null, "source_transform": null, "surface": null, "website": null, "wheelchair": null, "objectid": 10394217, "osm_id2": "10989602588", "centroide_x": 345481.51270004694, "centroide_y": 6297576.1024329457, "crs_original": "EPSG:4326", "fecha_normalizacion": "2025-10-10 01:59:25" }, "geometry": { "type": "Point", "coordinates": [ 345481.512700046936516, 6297576.102432945743203 ] } },
{ "type": "Feature", "properties": { "access": null, "addr_city": "Santiago", "addr_country": null, "addr_housenumber": "523", "addr_postcode": null, "addr_street": "Enrique Mac Iver", "addr_unit": null, "amenity": "library", "brand": null, "building": null, "capacity": null, "cuisine": null, "denomination": null, "ele": null, "fee": null, "healthcare": null, "healthcare_speciality": null, "name": "Biblioteca de Salud Dr. Bogoslav Juricic Turina", "name_en": null, "name_es": null, "opening_hours": null, "operator": "Ministerio de Salud", "parking": null, "phone": null, "ref": null, "religion": null, "source_transform": null, "surface": null, "website": null, "wheelchair": null, "objectid": 10416693, "osm_id2": "11005206260", "centroide_x": 346888.89428496233, "centroide_y": 6299094.4238812579, "crs_original": "EPSG:4326", "fecha_normalizacion": "2025-10-10 01:59:25" }, "geometry": { "type": "Point", "coordinates": [ 346888.89428496232722, 6299094.423881257884204 ] } },
{ "type": "Feature", "properties": { "access": null, "addr_city": "Santiago", "addr_country": "CL", "addr_housenumber": "1811", "addr_postcode": null, "addr_street": "Moneda", "addr_unit": null, "amenity": "university", "brand": null, "building": null, "capacity": null, "cuisine": null, "denomination": null, "ele": null, "fee": null, "healthcare": null, "healthcare_speciality": null, "name": "Instituto Chileno Británico de Cultura SeDe Moneda", "name_en": null, "name_es": null, "opening_hours": null, "operator": null, "parking": null, "phone": null, "ref": null, "religion": null, "source_transform": null, "surface": null, "website": null, "wheelchair": null, "objectid": 10394279, "osm_id2": "10989706721", "centroide_x": 345486.9975043356, "centroide_y": 6298387.6435604226, "crs_original": "EPSG:4326", "fecha_normalizacion": "2025-10-10 01:59:25" }, "geometry": { "type": "Point", "coordinates": [ 345486.997504335595295, 6298387.643560422584414 ] } },
{ "type": "Feature", "properties": { "access": null, "addr_city": "Santiago", "addr_country": "CL", "addr_housenumber": "71", "addr_postcode": null, "addr_street": "República", "addr_unit": null, "amenity": "university", "brand": null, "building": null, "capacity": null, "cuisine": null, "denomination": null, "ele": null, "fee": null, "healthcare": null, "healthcare_speciality": null, "name": "Universidad de Las Américas", "name_en": null, "name_es": null, "opening_hours": null, "operator": null, "parking": null, "phone": null, "ref": null, "religion": null, "source_transform": null, "surface": null, "website": null, "wheelchair": null, "objectid": 10412217, "osm_id2": "11001981764", "centroide_x": 344930.72867465712, "centroide_y": 6297639.259052325, "crs_original": "EPSG:4326", "fecha_normalizacion": "2025-10-10 01:59:25" }, "geometry": { "type": "Point", "coordinates": [ 344930.728674657118972, 6297639.259052325040102 ] } },
{ "type": "Feature", "properties": { "access": null, "addr_city": "Santiago", "addr_country": "CL", "addr_housenumber": "46", "addr_postcode": null, "addr_street": "Londres", "addr_unit": null, "amenity": "university", "brand": null, "building": null, "capacity": null, "cuisine": null, "denomination": null, "ele": null, "fee": null, "healthcare": null, "healthcare_speciality": null, "name": "Instituto Profesional Carlos Casanueva", "name_en": null, "name_es": null, "opening_hours": null, "operator": null, "parking": null, "phone": null, "ref": null, "religion": null, "source_transform": null, "surface": null, "website": null, "wheelchair": null, "objectid": 10395310, "osm_id2": "10989932092", "centroide_x": 346806.49734015274, "centroide_y": 6298229.1978490893, "crs_original": "EPSG:4326", "fecha_normalizacion": "2025-10-10 01:59:25" }, "geometry": { "type": "Point", "coordinates": [ 346806.497340152738616, 6298229.197849089279771 ] } },
{ "type": "Feature", "properties": { "access": null, "addr_city": "Santiago", "addr_country": "CL", "addr_housenumber": "193", "addr_postcode": null, "addr_street": "Dieciocho", "addr_unit": null, "amenity": "university", "brand": null, "building": null, "capacity": null, "cuisine": null, "denomination": null, "ele": null, "fee": null, "healthcare": null, "healthcare_speciality": null, "name": "Instituto Profesional del Valle Central Santiago", "name_en": null, "name_es": null, "opening_hours": null, "operator": null, "parking": null, "phone": null, "ref": null, "religion": null, "source_transform": null, "surface": null, "website": null, "wheelchair": null, "objectid": 10407839, "osm_id2": "10997296947", "centroide_x": 345845.56870368228, "centroide_y": 6297686.6899672505, "crs_original": "EPSG:4326", "fecha_normalizacion": "2025-10-10 01:59:25" }, "geometry": { "type": "Point", "coordinates": [ 345845.568703682278283, 6297686.689967250451446 ] } },
{ "type": "Feature", "properties": { "access": null, "addr_city": "Santiago", "addr_country": "CL", "addr_housenumber": "1586", "addr_postcode": null, "addr_street": "Padre Alonso de Ovalle", "addr_unit": null, "amenity": "university", "brand": null, "building": null, "capacity": null, "cuisine": null, "denomination": null, "ele": null, "fee": null, "healthcare": null, "healthcare_speciality": null, "name": "Instituto Profesional Duoc UC Sede Padre Alonso de Ovalle", "name_en": null, "name_es": null, "opening_hours": null, "operator": null, "parking": null, "phone": null, "ref": null, "religion": null, "source_transform": null, "surface": null, "website": null, "wheelchair": null, "objectid": 10407860, "osm_id2": "10997351733", "centroide_x": 345915.33228505461, "centroide_y": 6297894.0822589742, "crs_original": "EPSG:4326", "fecha_normalizacion": "2025-10-10 01:59:25" }, "geometry": { "type": "Point", "coordinates": [ 345915.332285054610111, 6297894.082258974201977 ] } },
{ "type": "Feature", "properties": { "access": null, "addr_city": "Santiago", "addr_country": "CL", "addr_housenumber": "70", "addr_postcode": null, "addr_street": "República", "addr_unit": null, "amenity": "university", "brand": null, "building": null, "capacity": null, "cuisine": null, "denomination": null, "ele": null, "fee": null, "healthcare": null, "healthcare_speciality": null, "name": "Instituto Profesional Los Leones sedes Santiago", "name_en": null, "name_es": null, "opening_hours": null, "operator": null, "parking": null, "phone": null, "ref": null, "religion": null, "source_transform": null, "surface": null, "website": null, "wheelchair": null, "objectid": 10408016, "osm_id2": "10997692006", "centroide_x": 344995.56131300586, "centroide_y": 6297625.4481779654, "crs_original": "EPSG:4326", "fecha_normalizacion": "2025-10-10 01:59:25" }, "geometry": { "type": "Point", "coordinates": [ 344995.561313005862758, 6297625.4481779653579 ] } },
{ "type": "Feature", "properties": { "access": null, "addr_city": "Santiago", "addr_country": "CL", "addr_housenumber": "234", "addr_postcode": null, "addr_street": "Zenteno", "addr_unit": null, "amenity": "university", "brand": null, "building": null, "capacity": null, "cuisine": null, "denomination": null, "ele": null, "fee": null, "healthcare": null, "healthcare_speciality": null, "name": "Universidad Los Leones", "name_en": null, "name_es": null, "opening_hours": null, "operator": null, "parking": null, "phone": null, "ref": null, "religion": null, "source_transform": null, "surface": null, "website": null, "wheelchair": null, "objectid": 10408021, "osm_id2": "10997667847", "centroide_x": 346463.18698127207, "centroide_y": 6297807.2311208509, "crs_original": "EPSG:4326", "fecha_normalizacion": "2025-10-10 01:59:25" }, "geometry": { "type": "Point", "coordinates": [ 346463.186981272068806, 6297807.231120850890875 ] } },
{ "type": "Feature", "properties": { "access": null, "addr_city": "Santiago", "addr_country": "CL", "addr_housenumber": "27", "addr_postcode": null, "addr_street": "Ejército Libertador", "addr_unit": null, "amenity": "university", "brand": null, "building": null, "capacity": null, "cuisine": null, "denomination": null, "ele": null, "fee": null, "healthcare": null, "healthcare_speciality": null, "name": "Instituto Profesional Vertical", "name_en": null, "name_es": null, "opening_hours": null, "operator": null, "parking": null, "phone": null, "ref": null, "religion": null, "source_transform": null, "surface": null, "website": null, "wheelchair": null, "objectid": 10408025, "osm_id2": "10997699330", "centroide_x": 345521.67968885263, "centroide_y": 6297883.0254150722, "crs_original": "EPSG:4326", "fecha_normalizacion": "2025-10-10 01:59:25" }, "geometry": { "type": "Point", "coordinates": [ 345521.679688852629624, 6297883.025415072217584 ] } },
{ "type": "Feature", "properties": { "access": null, "addr_city": "Santiago", "addr_country": "CL", "addr_housenumber": "27", "addr_postcode": null, "addr_street": "Ejército Libertador", "addr_unit": null, "amenity": "university", "brand": null, "building": null, "capacity": null, "cuisine": null, "denomination": null, "ele": null, "fee": null, "healthcare": null, "healthcare_speciality": null, "name": "Instituto Profesional Vertical", "name_en": null, "name_es": null, "opening_hours": null, "operator": null, "parking": null, "phone": null, "ref": null, "religion": null, "source_transform": null, "surface": null, "website": null, "wheelchair": null, "objectid": 10408122, "osm_id2": "10997749702", "centroide_x": 345645.61118849117, "centroide_y": 6297788.3443395179, "crs_original": "EPSG:4326", "fecha_normalizacion": "2025-10-10 01:59:25" }, "geometry": { "type": "Point", "coordinates": [ 345645.611188491166104, 6297788.344339517876506 ] } },
{ "type": "Feature", "properties": { "access": null, "addr_city": "Santiago", "addr_country": "CL", "addr_housenumber": "1886", "addr_postcode": null, "addr_street": "Huérfanos", "addr_unit": null, "amenity": "university", "brand": null, "building": null, "capacity": null, "cuisine": null, "denomination": null, "ele": null, "fee": null, "healthcare": null, "healthcare_speciality": null, "name": "Universidad Academia de Humanismo Cristiano Campus Brasil", "name_en": null, "name_es": null, "opening_hours": null, "operator": null, "parking": null, "phone": null, "ref": null, "religion": null, "source_transform": null, "surface": null, "website": null, "wheelchair": null, "objectid": 10408160, "osm_id2": "10997875459", "centroide_x": 345396.50386983843, "centroide_y": 6298570.680526752, "crs_original": "EPSG:4326", "fecha_normalizacion": "2025-10-10 01:59:25" }, "geometry": { "type": "Point", "coordinates": [ 345396.503869838430546, 6298570.680526752024889 ] } },
{ "type": "Feature", "properties": { "access": null, "addr_city": "Santiago", "addr_country": "CL", "addr_housenumber": "2186", "addr_postcode": null, "addr_street": "Huérfanos", "addr_unit": null, "amenity": "university", "brand": null, "building": null, "capacity": null, "cuisine": null, "denomination": null, "ele": null, "fee": null, "healthcare": null, "healthcare_speciality": null, "name": "Universidad Academia de Humanismo Cristiano Casa Arrau", "name_en": null, "name_es": null, "opening_hours": null, "operator": null, "parking": null, "phone": null, "ref": null, "religion": null, "source_transform": null, "surface": null, "website": null, "wheelchair": null, "objectid": 10408161, "osm_id2": "10997925424", "centroide_x": 345102.49033918045, "centroide_y": 6298532.1533067599, "crs_original": "EPSG:4326", "fecha_normalizacion": "2025-10-10 01:59:25" }, "geometry": { "type": "Point", "coordinates": [ 345102.490339180454612, 6298532.153306759893894 ] } },
{ "type": "Feature", "properties": { "access": null, "addr_city": "Santiago", "addr_country": "CL", "addr_housenumber": "352", "addr_postcode": null, "addr_street": "Almirante Barroso", "addr_unit": null, "amenity": "university", "brand": null, "building": null, "capacity": null, "cuisine": null, "denomination": null, "ele": null, "fee": null, "healthcare": null, "healthcare_speciality": null, "name": "Universidad Academia de Humanismo Cristiano Casa Barroso", "name_en": null, "name_es": null, "opening_hours": null, "operator": null, "parking": null, "phone": null, "ref": null, "religion": null, "source_transform": null, "surface": null, "website": null, "wheelchair": null, "objectid": 10408162, "osm_id2": "10997919092", "centroide_x": 345455.56528549589, "centroide_y": 6298696.5155050289, "crs_original": "EPSG:4326", "fecha_normalizacion": "2025-10-10 01:59:25" }, "geometry": { "type": "Point", "coordinates": [ 345455.565285495889839, 6298696.515505028888583 ] } },
{ "type": "Feature", "properties": { "access": null, "addr_city": "Santiago", "addr_country": null, "addr_housenumber": "1721", "addr_postcode": null, "addr_street": "Huérfanos", "addr_unit": null, "amenity": "university", "brand": null, "building": null, "capacity": null, "cuisine": null, "denomination": null, "ele": null, "fee": null, "healthcare": null, "healthcare_speciality": null, "name": "Universidad Bolivariana", "name_en": null, "name_es": null, "opening_hours": null, "operator": null, "parking": null, "phone": null, "ref": null, "religion": null, "source_transform": null, "surface": null, "website": null, "wheelchair": null, "objectid": 10408190, "osm_id2": "10997926666", "centroide_x": 345555.44086438342, "centroide_y": 6298650.1973343696, "crs_original": "EPSG:4326", "fecha_normalizacion": "2025-10-10 01:59:25" }, "geometry": { "type": "Point", "coordinates": [ 345555.440864383417647, 6298650.197334369644523 ] } },
{ "type": "Feature", "properties": { "access": null, "addr_city": "Santiago", "addr_country": "CL", "addr_housenumber": "292", "addr_postcode": null, "addr_street": "Avenida Libertador Bernardo O'Higgins", "addr_unit": null, "amenity": "university", "brand": null, "building": null, "capacity": null, "cuisine": null, "denomination": null, "ele": null, "fee": null, "healthcare": null, "healthcare_speciality": null, "name": "Universidad Católica del Norte (UCN) SeDe Santiago", "name_en": null, "name_es": null, "opening_hours": null, "operator": null, "parking": null, "phone": null, "ref": null, "religion": null, "source_transform": null, "surface": null, "website": null, "wheelchair": null, "objectid": 10408194, "osm_id2": "10998003974", "centroide_x": 347573.75932153966, "centroide_y": 6298709.3342140513, "crs_original": "EPSG:4326", "fecha_normalizacion": "2025-10-10 01:59:25" }, "geometry": { "type": "Point", "coordinates": [ 347573.759321539662778, 6298709.334214051254094 ] } },
{ "type": "Feature", "properties": { "access": "no", "addr_city": "Santiago", "addr_country": null, "addr_housenumber": null, "addr_postcode": null, "addr_street": null, "addr_unit": null, "amenity": "parking_entrance", "brand": null, "building": null, "capacity": null, "cuisine": null, "denomination": null, "ele": null, "fee": null, "healthcare": null, "healthcare_speciality": null, "name": null, "name_en": null, "name_es": null, "opening_hours": null, "operator": null, "parking": "underground", "phone": null, "ref": null, "religion": null, "source_transform": null, "surface": null, "website": null, "wheelchair": null, "objectid": 10411474, "osm_id2": "11001065762", "centroide_x": 345786.22205972031, "centroide_y": 6296773.6565610953, "crs_original": "EPSG:4326", "fecha_normalizacion": "2025-10-10 01:59:25" }, "geometry": { "type": "Point", "coordinates": [ 345786.222059720312245, 6296773.656561095267534 ] } },
{ "type": "Feature", "properties": { "access": null, "addr_city": "Santiago", "addr_country": null, "addr_housenumber": "810-A", "addr_postcode": null, "addr_street": "Nataniel Cox", "addr_unit": null, "amenity": "fast_food", "brand": null, "building": null, "capacity": null, "cuisine": "sandwich", "denomination": null, "ele": null, "fee": null, "healthcare": null, "healthcare_speciality": null, "name": "Mechadas Donde La Abuela", "name_en": null, "name_es": null, "opening_hours": null, "operator": null, "parking": null, "phone": "+56952309990", "ref": null, "religion": null, "source_transform": null, "surface": null, "website": "https://www.instagram.com/dondelaabuela.sc/", "wheelchair": null, "objectid": 10540966, "osm_id2": "11055808831", "centroide_x": 346449.5402933181, "centroide_y": 6296942.181174851, "crs_original": "EPSG:4326", "fecha_normalizacion": "2025-10-10 01:59:25" }, "geometry": { "type": "Point", "coordinates": [ 346449.540293318103068, 6296942.181174851022661 ] } },
{ "type": "Feature", "properties": { "access": null, "addr_city": "Santiago", "addr_country": null, "addr_housenumber": "299", "addr_postcode": null, "addr_street": "San Diego", "addr_unit": null, "amenity": "restaurant", "brand": null, "building": null, "capacity": null, "cuisine": "pizza", "denomination": null, "ele": null, "fee": null, "healthcare": null, "healthcare_speciality": null, "name": "Chalar's Pizza", "name_en": null, "name_es": null, "opening_hours": "Mo-Su 14:00-23:59", "operator": null, "parking": null, "phone": null, "ref": null, "religion": null, "source_transform": null, "surface": null, "website": "https://chalarspizza.cl/", "wheelchair": null, "objectid": 10584958, "osm_id2": "11073993349", "centroide_x": 346557.96601854346, "centroide_y": 6297683.4151668129, "crs_original": "EPSG:4326", "fecha_normalizacion": "2025-10-10 01:59:25" }, "geometry": { "type": "Point", "coordinates": [ 346557.966018543462269, 6297683.415166812948883 ] } },
{ "type": "Feature", "properties": { "access": null, "addr_city": "Santiago", "addr_country": null, "addr_housenumber": null, "addr_postcode": null, "addr_street": "San Diego", "addr_unit": null, "amenity": "fast_food", "brand": "Subway", "building": null, "capacity": null, "cuisine": "sandwich", "denomination": null, "ele": null, "fee": null, "healthcare": null, "healthcare_speciality": null, "name": "Subway", "name_en": null, "name_es": null, "opening_hours": null, "operator": null, "parking": null, "phone": null, "ref": null, "religion": null, "source_transform": null, "surface": null, "website": null, "wheelchair": null, "objectid": 10584982, "osm_id2": "11073995098", "centroide_x": 346584.87881538831, "centroide_y": 6297658.520946403, "crs_original": "EPSG:4326", "fecha_normalizacion": "2025-10-10 01:59:25" }, "geometry": { "type": "Point", "coordinates": [ 346584.878815388306975, 6297658.520946403034031 ] } },
{ "type": "Feature", "properties": { "access": null, "addr_city": "Santiago", "addr_country": null, "addr_housenumber": "936", "addr_postcode": null, "addr_street": "Santa Isabel", "addr_unit": null, "amenity": "pharmacy", "brand": null, "building": null, "capacity": null, "cuisine": null, "denomination": null, "ele": null, "fee": null, "healthcare": "pharmacy", "healthcare_speciality": null, "name": "Farmacias La Rebaja", "name_en": null, "name_es": null, "opening_hours": null, "operator": null, "parking": null, "phone": null, "ref": null, "religion": null, "source_transform": null, "surface": null, "website": null, "wheelchair": null, "objectid": 10618569, "osm_id2": "11082199317", "centroide_x": 346804.47274245147, "centroide_y": 6297432.3364490774, "crs_original": "EPSG:4326", "fecha_normalizacion": "2025-10-10 01:59:25" }, "geometry": { "type": "Point", "coordinates": [ 346804.472742451471277, 6297432.336449077352881 ] } },
{ "type": "Feature", "properties": { "access": null, "addr_city": "Santiago", "addr_country": null, "addr_housenumber": "920", "addr_postcode": null, "addr_street": "Santa Isabel", "addr_unit": null, "amenity": "fast_food", "brand": "Subway", "building": null, "capacity": null, "cuisine": "sandwich", "denomination": null, "ele": null, "fee": null, "healthcare": null, "healthcare_speciality": null, "name": "Subway", "name_en": null, "name_es": null, "opening_hours": null, "operator": null, "parking": null, "phone": null, "ref": null, "religion": null, "source_transform": null, "surface": null, "website": null, "wheelchair": null, "objectid": 10618571, "osm_id2": "11082199319", "centroide_x": 346788.2544947319, "centroide_y": 6297424.9252100075, "crs_original": "EPSG:4326", "fecha_normalizacion": "2025-10-10 01:59:25" }, "geometry": { "type": "Point", "coordinates": [ 346788.254494731896557, 6297424.925210007466376 ] } },
{ "type": "Feature", "properties": { "access": null, "addr_city": "Santiago", "addr_country": null, "addr_housenumber": "419", "addr_postcode": null, "addr_street": "Portal Bulnes", "addr_unit": null, "amenity": "cafe", "brand": "Caffè Pascucci", "building": null, "capacity": null, "cuisine": "coffee_shop", "denomination": null, "ele": null, "fee": null, "healthcare": null, "healthcare_speciality": null, "name": "Caffè Pascucci", "name_en": null, "name_es": null, "opening_hours": "Mo-Fr 08:00-20:00; Sa,Su 09:30-19:00", "operator": null, "parking": null, "phone": "+56942771565", "ref": null, "religion": null, "source_transform": null, "surface": null, "website": "https://pascucci.cl/", "wheelchair": null, "objectid": 10656825, "osm_id2": "11105003406", "centroide_x": 346658.28233085561, "centroide_y": 6298922.8544499865, "crs_original": "EPSG:4326", "fecha_normalizacion": "2025-10-10 01:59:25" }, "geometry": { "type": "Point", "coordinates": [ 346658.28233085561078, 6298922.854449986480176 ] } },
{ "type": "Feature", "properties": { "access": null, "addr_city": "Santiago", "addr_country": null, "addr_housenumber": "973", "addr_postcode": "8330828", "addr_street": "Carmen", "addr_unit": null, "amenity": "studio", "brand": null, "building": null, "capacity": null, "cuisine": null, "denomination": null, "ele": null, "fee": null, "healthcare": null, "healthcare_speciality": null, "name": "Sala Crearock", "name_en": null, "name_es": null, "opening_hours": null, "operator": null, "parking": null, "phone": null, "ref": null, "religion": null, "source_transform": null, "surface": null, "website": "https://crearock.cl/", "wheelchair": null, "objectid": 10644066, "osm_id2": "11100820932", "centroide_x": 347575.06483926444, "centroide_y": 6296947.9680819763, "crs_original": "EPSG:4326", "fecha_normalizacion": "2025-10-10 01:59:25" }, "geometry": { "type": "Point", "coordinates": [ 347575.064839264436159, 6296947.968081976287067 ] } },
{ "type": "Feature", "properties": { "access": null, "addr_city": "Santiago", "addr_country": null, "addr_housenumber": "2162", "addr_postcode": null, "addr_street": "Toesca", "addr_unit": null, "amenity": "veterinary", "brand": null, "building": null, "capacity": null, "cuisine": null, "denomination": null, "ele": null, "fee": null, "healthcare": null, "healthcare_speciality": null, "name": "Santiago", "name_en": null, "name_es": null, "opening_hours": null, "operator": null, "parking": null, "phone": null, "ref": null, "religion": null, "source_transform": null, "surface": null, "website": null, "wheelchair": null, "objectid": 10711235, "osm_id2": "11157579806", "centroide_x": 345202.38094002818, "centroide_y": 6297105.8333363272, "crs_original": "EPSG:4326", "fecha_normalizacion": "2025-10-10 01:59:25" }, "geometry": { "type": "Point", "coordinates": [ 345202.380940028175246, 6297105.83333632722497 ] } },
{ "type": "Feature", "properties": { "access": null, "addr_city": "Santiago", "addr_country": null, "addr_housenumber": "2176", "addr_postcode": null, "addr_street": "Salvador Sanfuentes", "addr_unit": null, "amenity": "restaurant", "brand": null, "building": null, "capacity": null, "cuisine": null, "denomination": null, "ele": null, "fee": null, "healthcare": null, "healthcare_speciality": null, "name": "Okinawa", "name_en": null, "name_es": null, "opening_hours": null, "operator": null, "parking": null, "phone": null, "ref": null, "religion": null, "source_transform": null, "surface": null, "website": null, "wheelchair": null, "objectid": 10733115, "osm_id2": "11165927439", "centroide_x": 345157.6758590492, "centroide_y": 6297630.8546630982, "crs_original": "EPSG:4326", "fecha_normalizacion": "2025-10-10 01:59:25" }, "geometry": { "type": "Point", "coordinates": [ 345157.675859049195424, 6297630.854663098230958 ] } },
{ "type": "Feature", "properties": { "access": null, "addr_city": "Santiago", "addr_country": null, "addr_housenumber": "1721", "addr_postcode": null, "addr_street": "Catedral", "addr_unit": null, "amenity": "university", "brand": null, "building": null, "capacity": null, "cuisine": null, "denomination": null, "ele": null, "fee": null, "healthcare": null, "healthcare_speciality": null, "name": "Universidad Academia de Humanismo Cristiano Casa Catedral", "name_en": null, "name_es": null, "opening_hours": null, "operator": null, "parking": null, "phone": null, "ref": null, "religion": null, "source_transform": null, "surface": null, "website": null, "wheelchair": null, "objectid": 10954944, "osm_id2": "11308110548", "centroide_x": 345549.82889010222, "centroide_y": 6298883.7716745725, "crs_original": "EPSG:4326", "fecha_normalizacion": "2025-10-10 01:59:25" }, "geometry": { "type": "Point", "coordinates": [ 345549.828890102216974, 6298883.771674572490156 ] } },
{ "type": "Feature", "properties": { "access": null, "addr_city": "Santiago", "addr_country": null, "addr_housenumber": "2015", "addr_postcode": null, "addr_street": "Compañía de Jesús", "addr_unit": null, "amenity": "college", "brand": null, "building": null, "capacity": null, "cuisine": null, "denomination": null, "ele": null, "fee": null, "healthcare": null, "healthcare_speciality": null, "name": "Tecnologica Nacional Iplacex Sede Santiago", "name_en": null, "name_es": null, "opening_hours": null, "operator": null, "parking": null, "phone": null, "ref": null, "religion": null, "source_transform": null, "surface": null, "website": null, "wheelchair": null, "objectid": 10954133, "osm_id2": "11307881450", "centroide_x": 345219.78573771508, "centroide_y": 6298720.725165966, "crs_original": "EPSG:4326", "fecha_normalizacion": "2025-10-10 01:59:25" }, "geometry": { "type": "Point", "coordinates": [ 345219.785737715079449, 6298720.72516596596688 ] } },
{ "type": "Feature", "properties": { "access": null, "addr_city": "Santiago", "addr_country": "CL", "addr_housenumber": "471", "addr_postcode": null, "addr_street": "General Bulnes", "addr_unit": null, "amenity": "school", "brand": null, "building": null, "capacity": null, "cuisine": null, "denomination": null, "ele": null, "fee": null, "healthcare": null, "healthcare_speciality": null, "name": "Jardín Infantil y SaLa Cuna Kimn", "name_en": null, "name_es": null, "opening_hours": null, "operator": null, "parking": null, "phone": null, "ref": null, "religion": null, "source_transform": null, "surface": null, "website": null, "wheelchair": null, "objectid": 10987256, "osm_id2": "11352077458", "centroide_x": 344744.78125321068, "centroide_y": 6298710.6973940795, "crs_original": "EPSG:4326", "fecha_normalizacion": "2025-10-10 01:59:25" }, "geometry": { "type": "Point", "coordinates": [ 344744.781253210676368, 6298710.697394079528749 ] } },
{ "type": "Feature", "properties": { "access": null, "addr_city": "Santiago", "addr_country": "CL", "addr_housenumber": "569", "addr_postcode": null, "addr_street": "Porvenir", "addr_unit": null, "amenity": "school", "brand": null, "building": null, "capacity": null, "cuisine": null, "denomination": null, "ele": null, "fee": null, "healthcare": null, "healthcare_speciality": null, "name": "Jardín Infantil Los Ángelitos de Santiago", "name_en": null, "name_es": null, "opening_hours": null, "operator": null, "parking": null, "phone": null, "ref": null, "religion": null, "source_transform": null, "surface": null, "website": null, "wheelchair": null, "objectid": 10965951, "osm_id2": "11331535080", "centroide_x": 347501.37610247254, "centroide_y": 6296895.5956778629, "crs_original": "EPSG:4326", "fecha_normalizacion": "2025-10-10 01:59:25" }, "geometry": { "type": "Point", "coordinates": [ 347501.37610247253906, 6296895.595677862875164 ] } },
{ "type": "Feature", "properties": { "access": null, "addr_city": "Santiago", "addr_country": "CL", "addr_housenumber": "1655", "addr_postcode": null, "addr_street": "Arturo Prat", "addr_unit": null, "amenity": "school", "brand": null, "building": null, "capacity": null, "cuisine": null, "denomination": null, "ele": null, "fee": null, "healthcare": null, "healthcare_speciality": null, "name": "Colegio Metodista de Santiago", "name_en": null, "name_es": null, "opening_hours": null, "operator": null, "parking": null, "phone": null, "ref": null, "religion": null, "source_transform": null, "surface": null, "website": null, "wheelchair": null, "objectid": 10984053, "osm_id2": "11349287367", "centroide_x": 346950.14954675117, "centroide_y": 6295640.5191668821, "crs_original": "EPSG:4326", "fecha_normalizacion": "2025-10-10 01:59:25" }, "geometry": { "type": "Point", "coordinates": [ 346950.149546751170419, 6295640.519166882149875 ] } },
{ "type": "Feature", "properties": { "access": null, "addr_city": "Santiago", "addr_country": null, "addr_housenumber": null, "addr_postcode": null, "addr_street": "Teatinos", "addr_unit": null, "amenity": "pharmacy", "brand": "SalcoBrand", "building": null, "capacity": null, "cuisine": null, "denomination": null, "ele": null, "fee": null, "healthcare": "pharmacy", "healthcare_speciality": null, "name": "SalcoBrand", "name_en": null, "name_es": null, "opening_hours": null, "operator": null, "parking": null, "phone": null, "ref": null, "religion": null, "source_transform": null, "surface": null, "website": null, "wheelchair": null, "objectid": 10416704, "osm_id2": "11005206274", "centroide_x": 346124.97529317625, "centroide_y": 6298727.1641214751, "crs_original": "EPSG:4326", "fecha_normalizacion": "2025-10-10 01:59:25" }, "geometry": { "type": "Point", "coordinates": [ 346124.97529317624867, 6298727.164121475070715 ] } },
{ "type": "Feature", "properties": { "access": null, "addr_city": "Santiago", "addr_country": "CL", "addr_housenumber": "1057", "addr_postcode": null, "addr_street": "Sargento Aldea", "addr_unit": null, "amenity": "school", "brand": null, "building": null, "capacity": null, "cuisine": null, "denomination": null, "ele": null, "fee": null, "healthcare": null, "healthcare_speciality": null, "name": "SaLa Cuna y Jardín Infantil Institución Sweet", "name_en": null, "name_es": null, "opening_hours": null, "operator": null, "parking": null, "phone": null, "ref": null, "religion": null, "source_transform": null, "surface": null, "website": null, "wheelchair": null, "objectid": 11009025, "osm_id2": "11379713777", "centroide_x": 346872.76567397907, "centroide_y": 6295573.4751384091, "crs_original": "EPSG:4326", "fecha_normalizacion": "2025-10-10 01:59:25" }, "geometry": { "type": "Point", "coordinates": [ 346872.765673979069106, 6295573.47513840906322 ] } },
{ "type": "Feature", "properties": { "access": null, "addr_city": "Santiago", "addr_country": "CL", "addr_housenumber": null, "addr_postcode": null, "addr_street": "c", "addr_unit": null, "amenity": "school", "brand": null, "building": null, "capacity": null, "cuisine": null, "denomination": null, "ele": null, "fee": null, "healthcare": null, "healthcare_speciality": null, "name": "Escuela de Párvulos Parque O’Higgins", "name_en": null, "name_es": null, "opening_hours": null, "operator": null, "parking": null, "phone": null, "ref": null, "religion": null, "source_transform": null, "surface": null, "website": null, "wheelchair": null, "objectid": 11020505, "osm_id2": "11394810131", "centroide_x": 345895.47902021167, "centroide_y": 6295579.8929445278, "crs_original": "EPSG:4326", "fecha_normalizacion": "2025-10-10 01:59:25" }, "geometry": { "type": "Point", "coordinates": [ 345895.479020211671013, 6295579.89294452778995 ] } },
{ "type": "Feature", "properties": { "access": null, "addr_city": "Santiago", "addr_country": null, "addr_housenumber": "697", "addr_postcode": null, "addr_street": "Pasaje Capuchinos", "addr_unit": null, "amenity": "social_facility", "brand": null, "building": null, "capacity": null, "cuisine": null, "denomination": null, "ele": null, "fee": null, "healthcare": null, "healthcare_speciality": null, "name": "Centro de Atención y Reparación para Mujeres Víctimas/Sobrevivientes de Violencia Sexual", "name_en": null, "name_es": null, "opening_hours": "Mo-Fr 09:00-18:00", "operator": "SernamEG", "parking": null, "phone": "226714639", "ref": null, "religion": null, "source_transform": null, "surface": null, "website": "https://www.sernameg.gob.cl/?page_id=30023", "wheelchair": null, "objectid": 11023596, "osm_id2": "11396874413", "centroide_x": 344777.014057805, "centroide_y": 6299045.1143070105, "crs_original": "EPSG:4326", "fecha_normalizacion": "2025-10-10 01:59:25" }, "geometry": { "type": "Point", "coordinates": [ 344777.014057805004995, 6299045.114307010546327 ] } },
{ "type": "Feature", "properties": { "access": null, "addr_city": "Santiago", "addr_country": "CL", "addr_housenumber": "1902", "addr_postcode": null, "addr_street": "Avenida Pedro Montt", "addr_unit": null, "amenity": "school", "brand": null, "building": null, "capacity": null, "cuisine": null, "denomination": null, "ele": null, "fee": null, "healthcare": null, "healthcare_speciality": null, "name": "Liceo De Adultos Herbert Vargas Wallis", "name_en": null, "name_es": null, "opening_hours": null, "operator": null, "parking": null, "phone": null, "ref": null, "religion": null, "source_transform": null, "surface": null, "website": null, "wheelchair": null, "objectid": 11026158, "osm_id2": "11400953155", "centroide_x": 345873.78752958472, "centroide_y": 6294973.0848564915, "crs_original": "EPSG:4326", "fecha_normalizacion": "2025-10-10 01:59:25" }, "geometry": { "type": "Point", "coordinates": [ 345873.787529584718868, 6294973.084856491535902 ] } },
{ "type": "Feature", "properties": { "access": null, "addr_city": "Santiago", "addr_country": "CL", "addr_housenumber": "2344", "addr_postcode": null, "addr_street": "Agustinas", "addr_unit": null, "amenity": "school", "brand": null, "building": null, "capacity": null, "cuisine": null, "denomination": null, "ele": null, "fee": null, "healthcare": null, "healthcare_speciality": null, "name": "Liceo Manuel Bulnes de Santiago", "name_en": null, "name_es": null, "opening_hours": null, "operator": null, "parking": null, "phone": null, "ref": null, "religion": null, "source_transform": null, "surface": null, "website": null, "wheelchair": null, "objectid": 11026300, "osm_id2": "11401175355", "centroide_x": 344892.00583273725, "centroide_y": 6298369.2914991034, "crs_original": "EPSG:4326", "fecha_normalizacion": "2025-10-10 01:59:25" }, "geometry": { "type": "Point", "coordinates": [ 344892.005832737253513, 6298369.291499103419483 ] } },
{ "type": "Feature", "properties": { "access": null, "addr_city": "Santiago", "addr_country": "CL", "addr_housenumber": "2314", "addr_postcode": null, "addr_street": "Santo Domingo", "addr_unit": null, "amenity": "school", "brand": null, "building": null, "capacity": null, "cuisine": null, "denomination": null, "ele": null, "fee": null, "healthcare": null, "healthcare_speciality": null, "name": "Colegio San Antonio", "name_en": null, "name_es": null, "opening_hours": null, "operator": null, "parking": null, "phone": null, "ref": null, "religion": null, "source_transform": null, "surface": null, "website": null, "wheelchair": null, "objectid": 11026302, "osm_id2": "11401259695", "centroide_x": 344827.0570517786, "centroide_y": 6298919.2196871508, "crs_original": "EPSG:4326", "fecha_normalizacion": "2025-10-10 01:59:25" }, "geometry": { "type": "Point", "coordinates": [ 344827.05705177859636, 6298919.219687150791287 ] } },
{ "type": "Feature", "properties": { "access": null, "addr_city": "Santiago", "addr_country": "CL", "addr_housenumber": "446", "addr_postcode": null, "addr_street": "Porvenir", "addr_unit": null, "amenity": "school", "brand": null, "building": null, "capacity": null, "cuisine": null, "denomination": null, "ele": null, "fee": null, "healthcare": null, "healthcare_speciality": null, "name": "Escuela de Lenguaje Ralui", "name_en": null, "name_es": null, "opening_hours": null, "operator": null, "parking": null, "phone": null, "ref": null, "religion": null, "source_transform": null, "surface": null, "website": null, "wheelchair": null, "objectid": 11018338, "osm_id2": "11392233611", "centroide_x": 347732.31374714227, "centroide_y": 6296930.9503683234, "crs_original": "EPSG:4326", "fecha_normalizacion": "2025-10-10 01:59:25" }, "geometry": { "type": "Point", "coordinates": [ 347732.313747142266948, 6296930.950368323363364 ] } },
{ "type": "Feature", "properties": { "access": null, "addr_city": "santiago", "addr_country": "CL", "addr_housenumber": "801", "addr_postcode": null, "addr_street": "Roberto Espinoza", "addr_unit": null, "amenity": "school", "brand": null, "building": null, "capacity": null, "cuisine": null, "denomination": null, "ele": null, "fee": null, "healthcare": null, "healthcare_speciality": null, "name": "Liceo José de San Martin", "name_en": null, "name_es": null, "opening_hours": null, "operator": null, "parking": null, "phone": null, "ref": null, "religion": null, "source_transform": null, "surface": null, "website": null, "wheelchair": null, "objectid": 11024894, "osm_id2": "11398616143", "centroide_x": 346354.771231664, "centroide_y": 6296931.3014391009, "crs_original": "EPSG:4326", "fecha_normalizacion": "2025-10-10 01:59:25" }, "geometry": { "type": "Point", "coordinates": [ 346354.771231663995422, 6296931.301439100876451 ] } },
{ "type": "Feature", "properties": { "access": null, "addr_city": "Santiago", "addr_country": null, "addr_housenumber": "250", "addr_postcode": null, "addr_street": "Abdón Cifuentes", "addr_unit": null, "amenity": "school", "brand": null, "building": null, "capacity": null, "cuisine": null, "denomination": null, "ele": null, "fee": null, "healthcare": null, "healthcare_speciality": null, "name": "Colegio de adultos Altazol de Santiago", "name_en": null, "name_es": null, "opening_hours": null, "operator": null, "parking": null, "phone": null, "ref": null, "religion": null, "source_transform": null, "surface": null, "website": null, "wheelchair": null, "objectid": 11036467, "osm_id2": "11414647276", "centroide_x": 345202.2509096103, "centroide_y": 6297486.3368878476, "crs_original": "EPSG:4326", "fecha_normalizacion": "2025-10-10 01:59:25" }, "geometry": { "type": "Point", "coordinates": [ 345202.250909610302188, 6297486.33688784763217 ] } },
{ "type": "Feature", "properties": { "access": null, "addr_city": "Santiago", "addr_country": null, "addr_housenumber": "601", "addr_postcode": null, "addr_street": "Vergara", "addr_unit": null, "amenity": "school", "brand": null, "building": null, "capacity": null, "cuisine": null, "denomination": null, "ele": null, "fee": null, "healthcare": null, "healthcare_speciality": null, "name": "Escuela Particular San Lazaro", "name_en": null, "name_es": null, "opening_hours": null, "operator": null, "parking": null, "phone": null, "ref": null, "religion": null, "source_transform": null, "surface": null, "website": null, "wheelchair": null, "objectid": 11032304, "osm_id2": "11409461236", "centroide_x": 345613.04646974464, "centroide_y": 6297108.037488699, "crs_original": "EPSG:4326", "fecha_normalizacion": "2025-10-10 01:59:25" }, "geometry": { "type": "Point", "coordinates": [ 345613.046469744644128, 6297108.037488698959351 ] } },
{ "type": "Feature", "properties": { "access": null, "addr_city": "Santiago", "addr_country": null, "addr_housenumber": "491", "addr_postcode": null, "addr_street": "Vergara", "addr_unit": null, "amenity": "school", "brand": null, "building": null, "capacity": null, "cuisine": null, "denomination": null, "ele": null, "fee": null, "healthcare": null, "healthcare_speciality": null, "name": "Colegio Luis Enrique izquierdo", "name_en": null, "name_es": null, "opening_hours": null, "operator": null, "parking": null, "phone": null, "ref": null, "religion": null, "source_transform": null, "surface": null, "website": null, "wheelchair": null, "objectid": 11032408, "osm_id2": "11409677420", "centroide_x": 345594.92943674966, "centroide_y": 6297235.1669446547, "crs_original": "EPSG:4326", "fecha_normalizacion": "2025-10-10 01:59:25" }, "geometry": { "type": "Point", "coordinates": [ 345594.929436749662273, 6297235.166944654658437 ] } },
{ "type": "Feature", "properties": { "access": null, "addr_city": "Santiago", "addr_country": null, "addr_housenumber": "991", "addr_postcode": null, "addr_street": "Avenida Santa Rosa", "addr_unit": null, "amenity": "school", "brand": null, "building": null, "capacity": null, "cuisine": null, "denomination": null, "ele": null, "fee": null, "healthcare": null, "healthcare_speciality": null, "name": "Escuela Basica Antonio Borquez Solar", "name_en": null, "name_es": null, "opening_hours": null, "operator": null, "parking": null, "phone": null, "ref": null, "religion": null, "source_transform": null, "surface": null, "website": null, "wheelchair": null, "objectid": 11032443, "osm_id2": "11409741192", "centroide_x": 347232.5420332409, "centroide_y": 6296861.0334091093, "crs_original": "EPSG:4326", "fecha_normalizacion": "2025-10-10 01:59:25" }, "geometry": { "type": "Point", "coordinates": [ 347232.542033240897581, 6296861.033409109339118 ] } },
{ "type": "Feature", "properties": { "access": null, "addr_city": "Santiago", "addr_country": null, "addr_housenumber": "2146", "addr_postcode": null, "addr_street": "Grajales", "addr_unit": null, "amenity": "school", "brand": null, "building": null, "capacity": null, "cuisine": null, "denomination": null, "ele": null, "fee": null, "healthcare": null, "healthcare_speciality": null, "name": "Escuela De Parvulos Pelusin", "name_en": null, "name_es": null, "opening_hours": null, "operator": null, "parking": null, "phone": null, "ref": null, "religion": null, "source_transform": null, "surface": null, "website": null, "wheelchair": null, "objectid": 11032472, "osm_id2": "11409785042", "centroide_x": 345182.04424307222, "centroide_y": 6297364.7050694637, "crs_original": "EPSG:4326", "fecha_normalizacion": "2025-10-10 01:59:25" }, "geometry": { "type": "Point", "coordinates": [ 345182.044243072217796, 6297364.705069463700056 ] } },
{ "type": "Feature", "properties": { "access": null, "addr_city": "Santiago", "addr_country": null, "addr_housenumber": "1021", "addr_postcode": null, "addr_street": "Sargento Aldea", "addr_unit": null, "amenity": "school", "brand": null, "building": null, "capacity": null, "cuisine": null, "denomination": null, "ele": null, "fee": null, "healthcare": null, "healthcare_speciality": null, "name": "Colegio Metodista", "name_en": null, "name_es": null, "opening_hours": null, "operator": null, "parking": null, "phone": null, "ref": null, "religion": null, "source_transform": null, "surface": null, "website": null, "wheelchair": null, "objectid": 11048213, "osm_id2": "11429099578", "centroide_x": 346904.10146553518, "centroide_y": 6295582.8675793028, "crs_original": "EPSG:4326", "fecha_normalizacion": "2025-10-10 01:59:25" }, "geometry": { "type": "Point", "coordinates": [ 346904.101465535175521, 6295582.867579302750528 ] } },
{ "type": "Feature", "properties": { "access": null, "addr_city": "Santiago", "addr_country": null, "addr_housenumber": null, "addr_postcode": null, "addr_street": "Lord Cochrane", "addr_unit": null, "amenity": "school", "brand": null, "building": null, "capacity": null, "cuisine": null, "denomination": null, "ele": null, "fee": null, "healthcare": null, "healthcare_speciality": null, "name": "Colegio Lord Cochrane", "name_en": null, "name_es": null, "opening_hours": null, "operator": null, "parking": null, "phone": null, "ref": null, "religion": null, "source_transform": null, "surface": null, "website": null, "wheelchair": null, "objectid": 11048234, "osm_id2": "11429079802", "centroide_x": 346321.27193194063, "centroide_y": 6296521.9481974784, "crs_original": "EPSG:4326", "fecha_normalizacion": "2025-10-10 01:59:25" }, "geometry": { "type": "Point", "coordinates": [ 346321.271931940631475, 6296521.948197478428483 ] } },
{ "type": "Feature", "properties": { "access": null, "addr_city": "Santiago", "addr_country": null, "addr_housenumber": "2350", "addr_postcode": null, "addr_street": "Moneda", "addr_unit": null, "amenity": "school", "brand": null, "building": null, "capacity": null, "cuisine": null, "denomination": null, "ele": null, "fee": null, "healthcare": null, "healthcare_speciality": null, "name": "Colegio Particular de Adultos Yanquiray", "name_en": null, "name_es": null, "opening_hours": null, "operator": null, "parking": null, "phone": null, "ref": null, "religion": null, "source_transform": null, "surface": null, "website": null, "wheelchair": null, "objectid": 11048236, "osm_id2": "11429116903", "centroide_x": 344883.96800726571, "centroide_y": 6298232.8587505221, "crs_original": "EPSG:4326", "fecha_normalizacion": "2025-10-10 01:59:25" }, "geometry": { "type": "Point", "coordinates": [ 344883.968007265706547, 6298232.858750522136688 ] } },
{ "type": "Feature", "properties": { "access": null, "addr_city": "Santiago", "addr_country": null, "addr_housenumber": "1025", "addr_postcode": null, "addr_street": "Moneda", "addr_unit": null, "amenity": "kindergarten", "brand": null, "building": null, "capacity": null, "cuisine": null, "denomination": null, "ele": null, "fee": null, "healthcare": null, "healthcare_speciality": null, "name": "Sala Cuna y Jardín infantil Vitamina Ahumada", "name_en": null, "name_es": null, "opening_hours": null, "operator": null, "parking": null, "phone": null, "ref": null, "religion": null, "source_transform": null, "surface": null, "website": null, "wheelchair": null, "objectid": 11048263, "osm_id2": "11429162542", "centroide_x": 346502.63826490764, "centroide_y": 6298510.6108608851, "crs_original": "EPSG:4326", "fecha_normalizacion": "2025-10-10 01:59:25" }, "geometry": { "type": "Point", "coordinates": [ 346502.638264907640405, 6298510.610860885120928 ] } },
{ "type": "Feature", "properties": { "access": null, "addr_city": "Santiago", "addr_country": null, "addr_housenumber": "720", "addr_postcode": null, "addr_street": "Amunátegui", "addr_unit": null, "amenity": "kindergarten", "brand": null, "building": null, "capacity": null, "cuisine": null, "denomination": null, "ele": null, "fee": null, "healthcare": null, "healthcare_speciality": null, "name": "Vitamina - Sala Cuna y Jardín infantil Amunategui", "name_en": null, "name_es": null, "opening_hours": null, "operator": null, "parking": null, "phone": null, "ref": null, "religion": null, "source_transform": null, "surface": null, "website": null, "wheelchair": null, "objectid": 11048313, "osm_id2": "11429244359", "centroide_x": 345930.77058998321, "centroide_y": 6299264.7773133945, "crs_original": "EPSG:4326", "fecha_normalizacion": "2025-10-10 01:59:25" }, "geometry": { "type": "Point", "coordinates": [ 345930.770589983207174, 6299264.777313394472003 ] } },
{ "type": "Feature", "properties": { "access": null, "addr_city": "Santiago", "addr_country": null, "addr_housenumber": "288", "addr_postcode": "8320126", "addr_street": "José Victorino Lastarria", "addr_unit": null, "amenity": "cafe", "brand": null, "building": null, "capacity": null, "cuisine": null, "denomination": null, "ele": null, "fee": null, "healthcare": null, "healthcare_speciality": null, "name": "3841 Coffee Roasters", "name_en": null, "name_es": null, "opening_hours": null, "operator": null, "parking": null, "phone": null, "ref": null, "religion": null, "source_transform": null, "surface": null, "website": null, "wheelchair": null, "objectid": 11078663, "osm_id2": "11504803113", "centroide_x": 347436.86642489885, "centroide_y": 6298922.9116608351, "crs_original": "EPSG:4326", "fecha_normalizacion": "2025-10-10 01:59:25" }, "geometry": { "type": "Point", "coordinates": [ 347436.8664248988498, 6298922.911660835146904 ] } },
{ "type": "Feature", "properties": { "access": null, "addr_city": "Santiago", "addr_country": null, "addr_housenumber": "295", "addr_postcode": "8320157", "addr_street": "Victoria Subercaseaux", "addr_unit": null, "amenity": "cafe", "brand": null, "building": null, "capacity": null, "cuisine": "coffee_shop;filtrado", "denomination": null, "ele": null, "fee": null, "healthcare": null, "healthcare_speciality": null, "name": "La Huerfana - Victoria Subercaseaux", "name_en": null, "name_es": null, "opening_hours": "tu-su 11:00-20:00", "operator": null, "parking": null, "phone": null, "ref": null, "religion": null, "source_transform": null, "surface": null, "website": null, "wheelchair": null, "objectid": 11078664, "osm_id2": "11504819336", "centroide_x": 347323.02194323007, "centroide_y": 6298894.4942475781, "crs_original": "EPSG:4326", "fecha_normalizacion": "2025-10-10 01:59:25" }, "geometry": { "type": "Point", "coordinates": [ 347323.021943230065517, 6298894.494247578084469 ] } },
{ "type": "Feature", "properties": { "access": null, "addr_city": "Santiago", "addr_country": null, "addr_housenumber": null, "addr_postcode": "8320068", "addr_street": "Miraflores", "addr_unit": null, "amenity": "cafe", "brand": null, "building": null, "capacity": null, "cuisine": "filtrado", "denomination": null, "ele": null, "fee": null, "healthcare": null, "healthcare_speciality": null, "name": "R3 Coffee", "name_en": null, "name_es": null, "opening_hours": "Mo-Fr 07:30-18:00 Sa-Su 09:00-13:30", "operator": null, "parking": null, "phone": null, "ref": null, "religion": null, "source_transform": null, "surface": null, "website": "https://linkr.bio/R3coffee", "wheelchair": null, "objectid": 11078667, "osm_id2": "11504805644", "centroide_x": 347014.28576477093, "centroide_y": 6299124.2713851621, "crs_original": "EPSG:4326", "fecha_normalizacion": "2025-10-10 01:59:25" }, "geometry": { "type": "Point", "coordinates": [ 347014.285764770931564, 6299124.271385162137449 ] } },
{ "type": "Feature", "properties": { "access": null, "addr_city": "Santiago", "addr_country": null, "addr_housenumber": "480", "addr_postcode": null, "addr_street": "José Miguel de la Barra", "addr_unit": null, "amenity": "library", "brand": null, "building": null, "capacity": null, "cuisine": null, "denomination": null, "ele": null, "fee": null, "healthcare": null, "healthcare_speciality": null, "name": "Centro de Documentación Il Posto", "name_en": null, "name_es": null, "opening_hours": null, "operator": null, "parking": null, "phone": null, "ref": null, "religion": null, "source_transform": null, "surface": null, "website": "https://www.ilposto.cl/", "wheelchair": null, "objectid": 11087554, "osm_id2": "11526117262", "centroide_x": 347210.62131938746, "centroide_y": 6299092.3733110148, "crs_original": "EPSG:4326", "fecha_normalizacion": "2025-10-10 01:59:25" }, "geometry": { "type": "Point", "coordinates": [ 347210.621319387457334, 6299092.373311014845967 ] } },
{ "type": "Feature", "properties": { "access": null, "addr_city": "Santiago", "addr_country": "CL", "addr_housenumber": null, "addr_postcode": null, "addr_street": "Ñuble", "addr_unit": null, "amenity": "doctors", "brand": null, "building": null, "capacity": null, "cuisine": null, "denomination": null, "ele": null, "fee": null, "healthcare": "doctor", "healthcare_speciality": null, "name": "Núcleo Salud", "name_en": null, "name_es": null, "opening_hours": null, "operator": "Red Megacentro", "parking": null, "phone": null, "ref": null, "religion": null, "source_transform": null, "surface": null, "website": null, "wheelchair": null, "objectid": 11043539, "osm_id2": "11419307099", "centroide_x": 346903.81149638013, "centroide_y": 6295446.4381855614, "crs_original": "EPSG:4326", "fecha_normalizacion": "2025-10-10 01:59:25" }, "geometry": { "type": "Point", "coordinates": [ 346903.811496380134486, 6295446.438185561448336 ] } },
{ "type": "Feature", "properties": { "access": null, "addr_city": "Santiago", "addr_country": null, "addr_housenumber": "53", "addr_postcode": "8320165", "addr_street": "José Victorino Lastarria", "addr_unit": null, "amenity": "restaurant", "brand": null, "building": null, "capacity": null, "cuisine": "italian", "denomination": null, "ele": null, "fee": null, "healthcare": null, "healthcare_speciality": null, "name": "Quel Bravo Ragazzo", "name_en": null, "name_es": null, "opening_hours": "Mo off Tu-Su 11:30-22:00", "operator": null, "parking": null, "phone": null, "ref": null, "religion": null, "source_transform": null, "surface": null, "website": null, "wheelchair": null, "objectid": 11268081, "osm_id2": "11819445728", "centroide_x": 347433.38993351522, "centroide_y": 6298775.596809689, "crs_original": "EPSG:4326", "fecha_normalizacion": "2025-10-10 01:59:25" }, "geometry": { "type": "Point", "coordinates": [ 347433.389933515223674, 6298775.596809688955545 ] } },
{ "type": "Feature", "properties": { "access": null, "addr_city": "Santiago", "addr_country": null, "addr_housenumber": "1460", "addr_postcode": "17/24 Resto & Coffee", "addr_street": "Huérfanos Int", "addr_unit": null, "amenity": "restaurant", "brand": null, "building": null, "capacity": null, "cuisine": "pizza;coffee_shop;burger;sandwich;salad;dessert", "denomination": null, "ele": null, "fee": null, "healthcare": null, "healthcare_speciality": null, "name": "17/24 Resto & Coffee", "name_en": null, "name_es": null, "opening_hours": "Mo-Fr 09:00-22:00", "operator": null, "parking": null, "phone": null, "ref": null, "religion": null, "source_transform": null, "surface": null, "website": null, "wheelchair": "yes", "objectid": 11311964, "osm_id2": "11887996226", "centroide_x": 345943.01221936347, "centroide_y": 6298633.4588336824, "crs_original": "EPSG:4326", "fecha_normalizacion": "2025-10-10 01:59:25" }, "geometry": { "type": "Point", "coordinates": [ 345943.012219363474287, 6298633.458833682350814 ] } },
{ "type": "Feature", "properties": { "access": null, "addr_city": "Santiago", "addr_country": null, "addr_housenumber": "231", "addr_postcode": null, "addr_street": "Arturo Prat", "addr_unit": null, "amenity": "restaurant", "brand": null, "building": null, "capacity": null, "cuisine": null, "denomination": null, "ele": null, "fee": null, "healthcare": null, "healthcare_speciality": null, "name": "Pollo Chang (Arturo Prat)", "name_en": null, "name_es": null, "opening_hours": null, "operator": null, "parking": null, "phone": null, "ref": null, "religion": null, "source_transform": null, "surface": null, "website": "https://www.pollochang.cl", "wheelchair": null, "objectid": 11141726, "osm_id2": "11608911429", "centroide_x": 346665.86753910506, "centroide_y": 6297851.4889822509, "crs_original": "EPSG:4326", "fecha_normalizacion": "2025-10-10 01:59:25" }, "geometry": { "type": "Point", "coordinates": [ 346665.86753910506377, 6297851.488982250913978 ] } },
{ "type": "Feature", "properties": { "access": null, "addr_city": "Santiago", "addr_country": null, "addr_housenumber": "25", "addr_postcode": null, "addr_street": "Morandé", "addr_unit": null, "amenity": "theatre", "brand": null, "building": null, "capacity": null, "cuisine": null, "denomination": null, "ele": null, "fee": null, "healthcare": null, "healthcare_speciality": null, "name": "Teatro Nacional Chileno Sala Antonio Varas", "name_en": null, "name_es": null, "opening_hours": null, "operator": "Universidad de Chile", "parking": null, "phone": null, "ref": null, "religion": null, "source_transform": null, "surface": null, "website": "www.tnch.uchile.cl", "wheelchair": null, "objectid": 11326921, "osm_id2": "11908155807", "centroide_x": 346389.68451893138, "centroide_y": 6298337.1314147674, "crs_original": "EPSG:4326", "fecha_normalizacion": "2025-10-10 01:59:25" }, "geometry": { "type": "Point", "coordinates": [ 346389.684518931375351, 6298337.131414767354727 ] } },
{ "type": "Feature", "properties": { "access": null, "addr_city": "Santiago", "addr_country": null, "addr_housenumber": "460", "addr_postcode": null, "addr_street": "Monjitas", "addr_unit": null, "amenity": "restaurant", "brand": null, "building": null, "capacity": null, "cuisine": "ramen", "denomination": null, "ele": null, "fee": null, "healthcare": null, "healthcare_speciality": null, "name": "Ramen Kintaro", "name_en": null, "name_es": null, "opening_hours": null, "operator": null, "parking": null, "phone": null, "ref": null, "religion": null, "source_transform": null, "surface": null, "website": null, "wheelchair": null, "objectid": 11333675, "osm_id2": "11918168261", "centroide_x": 347171.58631168411, "centroide_y": 6299094.551062814, "crs_original": "EPSG:4326", "fecha_normalizacion": "2025-10-10 01:59:25" }, "geometry": { "type": "Point", "coordinates": [ 347171.586311684106477, 6299094.551062813960016 ] } },
{ "type": "Feature", "properties": { "access": null, "addr_city": "Santiago", "addr_country": null, "addr_housenumber": "571", "addr_postcode": null, "addr_street": "Merced", "addr_unit": null, "amenity": "restaurant", "brand": null, "building": null, "capacity": null, "cuisine": "arepa;venezuelan", "denomination": null, "ele": null, "fee": null, "healthcare": null, "healthcare_speciality": null, "name": "Bellarepa", "name_en": null, "name_es": null, "opening_hours": null, "operator": null, "parking": null, "phone": null, "ref": null, "religion": null, "source_transform": null, "surface": null, "website": null, "wheelchair": null, "objectid": 11333676, "osm_id2": "11918168262", "centroide_x": 347071.32388524315, "centroide_y": 6298966.9890039023, "crs_original": "EPSG:4326", "fecha_normalizacion": "2025-10-10 01:59:25" }, "geometry": { "type": "Point", "coordinates": [ 347071.3238852431532, 6298966.989003902301192 ] } },
{ "type": "Feature", "properties": { "access": null, "addr_city": "Santiago", "addr_country": null, "addr_housenumber": "645", "addr_postcode": null, "addr_street": "Merced", "addr_unit": null, "amenity": "parking_entrance", "brand": null, "building": null, "capacity": null, "cuisine": null, "denomination": null, "ele": null, "fee": null, "healthcare": null, "healthcare_speciality": null, "name": null, "name_en": null, "name_es": null, "opening_hours": null, "operator": null, "parking": "multi-storey", "phone": null, "ref": null, "religion": null, "source_transform": null, "surface": null, "website": null, "wheelchair": null, "objectid": 11334010, "osm_id2": "11918533534", "centroide_x": 346961.81958570483, "centroide_y": 6298953.420817947, "crs_original": "EPSG:4326", "fecha_normalizacion": "2025-10-10 01:59:25" }, "geometry": { "type": "Point", "coordinates": [ 346961.81958570482675, 6298953.420817947015166 ] } },
{ "type": "Feature", "properties": { "access": null, "addr_city": "Santiago", "addr_country": null, "addr_housenumber": "461", "addr_postcode": null, "addr_street": "Miraflores", "addr_unit": null, "amenity": "restaurant", "brand": null, "building": null, "capacity": null, "cuisine": null, "denomination": null, "ele": null, "fee": null, "healthcare": null, "healthcare_speciality": null, "name": "Parrilladas El Cordobés", "name_en": null, "name_es": null, "opening_hours": null, "operator": null, "parking": null, "phone": null, "ref": null, "religion": null, "source_transform": null, "surface": null, "website": null, "wheelchair": null, "objectid": 11334011, "osm_id2": "11918533535", "centroide_x": 347027.42431341857, "centroide_y": 6299030.9457846284, "crs_original": "EPSG:4326", "fecha_normalizacion": "2025-10-10 01:59:25" }, "geometry": { "type": "Point", "coordinates": [ 347027.424313418567181, 6299030.945784628391266 ] } },
{ "type": "Feature", "properties": { "access": null, "addr_city": "Santiago", "addr_country": null, "addr_housenumber": null, "addr_postcode": null, "addr_street": "Ñuble", "addr_unit": null, "amenity": "school", "brand": null, "building": null, "capacity": null, "cuisine": null, "denomination": null, "ele": null, "fee": null, "healthcare": null, "healthcare_speciality": null, "name": "Escuela Ocampo", "name_en": null, "name_es": null, "opening_hours": null, "operator": null, "parking": null, "phone": null, "ref": null, "religion": null, "source_transform": null, "surface": null, "website": null, "wheelchair": null, "objectid": 11080177, "osm_id2": "11507771173", "centroide_x": 346637.650737989, "centroide_y": 6295362.6755679455, "crs_original": "EPSG:4326", "fecha_normalizacion": "2025-10-10 01:59:25" }, "geometry": { "type": "Point", "coordinates": [ 346637.650737988995388, 6295362.675567945465446 ] } },
{ "type": "Feature", "properties": { "access": null, "addr_city": "Santiago", "addr_country": null, "addr_housenumber": "23", "addr_postcode": null, "addr_street": "Arturo Prat", "addr_unit": null, "amenity": "library", "brand": null, "building": null, "capacity": null, "cuisine": null, "denomination": null, "ele": null, "fee": null, "healthcare": null, "healthcare_speciality": null, "name": "Archivo Central Andrés Bello", "name_en": null, "name_es": null, "opening_hours": null, "operator": "U. De Chile", "parking": null, "phone": null, "ref": null, "religion": null, "source_transform": null, "surface": null, "website": "https://www.archivobello.uchile.cl/", "wheelchair": null, "objectid": 11359489, "osm_id2": "11949131845", "centroide_x": 346581.09824379033, "centroide_y": 6298200.9757523676, "crs_original": "EPSG:4326", "fecha_normalizacion": "2025-10-10 01:59:25" }, "geometry": { "type": "Point", "coordinates": [ 346581.098243790329434, 6298200.975752367638052 ] } },
{ "type": "Feature", "properties": { "access": null, "addr_city": "Santiago", "addr_country": null, "addr_housenumber": "46", "addr_postcode": null, "addr_street": "Londres", "addr_unit": null, "amenity": "college", "brand": null, "building": null, "capacity": null, "cuisine": null, "denomination": null, "ele": null, "fee": null, "healthcare": null, "healthcare_speciality": null, "name": "Centro de Formación Técnica Instituto Tecnológico de Chile", "name_en": null, "name_es": null, "opening_hours": null, "operator": null, "parking": null, "phone": null, "ref": null, "religion": null, "source_transform": null, "surface": null, "website": null, "wheelchair": null, "objectid": 11368994, "osm_id2": "11960769812", "centroide_x": 346813.53611350746, "centroide_y": 6298221.578756107, "crs_original": "EPSG:4326", "fecha_normalizacion": "2025-10-10 01:59:25" }, "geometry": { "type": "Point", "coordinates": [ 346813.536113507463597, 6298221.578756107017398 ] } },
{ "type": "Feature", "properties": { "access": null, "addr_city": "Santiago", "addr_country": null, "addr_housenumber": null, "addr_postcode": null, "addr_street": "Avenida Manuel Antonio Matta", "addr_unit": null, "amenity": "restaurant", "brand": null, "building": null, "capacity": null, "cuisine": "regional", "denomination": null, "ele": null, "fee": null, "healthcare": null, "healthcare_speciality": null, "name": "\"El Pollo Cochino\"", "name_en": null, "name_es": null, "opening_hours": null, "operator": null, "parking": null, "phone": null, "ref": null, "religion": null, "source_transform": null, "surface": null, "website": null, "wheelchair": "yes", "objectid": 11436545, "osm_id2": "12036232752", "centroide_x": 346705.95847916463, "centroide_y": 6296565.3974840855, "crs_original": "EPSG:4326", "fecha_normalizacion": "2025-10-10 01:59:25" }, "geometry": { "type": "Point", "coordinates": [ 346705.9584791646339, 6296565.397484085522592 ] } },
{ "type": "Feature", "properties": { "access": null, "addr_city": "Santiago", "addr_country": null, "addr_housenumber": "1268", "addr_postcode": null, "addr_street": "Catedral", "addr_unit": null, "amenity": "parking_entrance", "brand": null, "building": null, "capacity": null, "cuisine": null, "denomination": null, "ele": null, "fee": null, "healthcare": null, "healthcare_speciality": null, "name": null, "name_en": null, "name_es": null, "opening_hours": null, "operator": null, "parking": null, "phone": null, "ref": null, "religion": null, "source_transform": null, "surface": null, "website": null, "wheelchair": null, "objectid": 11450952, "osm_id2": "12056107446", "centroide_x": 346154.13245750917, "centroide_y": 6298949.9340500254, "crs_original": "EPSG:4326", "fecha_normalizacion": "2025-10-10 01:59:25" }, "geometry": { "type": "Point", "coordinates": [ 346154.132457509171218, 6298949.934050025418401 ] } },
{ "type": "Feature", "properties": { "access": null, "addr_city": "Santiago", "addr_country": null, "addr_housenumber": "940", "addr_postcode": null, "addr_street": null, "addr_unit": null, "amenity": "restaurant", "brand": null, "building": null, "capacity": null, "cuisine": "chilena", "denomination": null, "ele": null, "fee": null, "healthcare": null, "healthcare_speciality": null, "name": "Avelino Restobar", "name_en": null, "name_es": null, "opening_hours": "Mo-Su 10:00-20:00", "operator": null, "parking": null, "phone": "+56989028900", "ref": null, "religion": null, "source_transform": null, "surface": null, "website": "https://www.instagram.com/avelino_restobar/", "wheelchair": null, "objectid": 11543074, "osm_id2": "12086173832", "centroide_x": 347108.27312091447, "centroide_y": 6294253.5667452384, "crs_original": "EPSG:4326", "fecha_normalizacion": "2025-10-10 01:59:25" }, "geometry": { "type": "Point", "coordinates": [ 347108.273120914469473, 6294253.566745238378644 ] } },
{ "type": "Feature", "properties": { "access": null, "addr_city": "Santiago", "addr_country": null, "addr_housenumber": null, "addr_postcode": null, "addr_street": "Arturo Prat", "addr_unit": null, "amenity": "cafe", "brand": null, "building": null, "capacity": null, "cuisine": "coffee_shop", "denomination": null, "ele": null, "fee": null, "healthcare": null, "healthcare_speciality": null, "name": "Drip Café", "name_en": null, "name_es": null, "opening_hours": null, "operator": null, "parking": null, "phone": null, "ref": null, "religion": null, "source_transform": null, "surface": null, "website": "https://www.instagram.com/drip.cafe.scl/", "wheelchair": null, "objectid": 11567393, "osm_id2": "12110469344", "centroide_x": 346610.22494496347, "centroide_y": 6298135.6994376108, "crs_original": "EPSG:4326", "fecha_normalizacion": "2025-10-10 01:59:25" }, "geometry": { "type": "Point", "coordinates": [ 346610.22494496346917, 6298135.699437610805035 ] } },
{ "type": "Feature", "properties": { "access": null, "addr_city": "Santiago", "addr_country": null, "addr_housenumber": null, "addr_postcode": null, "addr_street": null, "addr_unit": null, "amenity": "cafe", "brand": null, "building": null, "capacity": null, "cuisine": "coffee_shop", "denomination": null, "ele": null, "fee": null, "healthcare": null, "healthcare_speciality": null, "name": "Magikoffee", "name_en": null, "name_es": null, "opening_hours": null, "operator": null, "parking": null, "phone": null, "ref": null, "religion": null, "source_transform": null, "surface": null, "website": null, "wheelchair": null, "objectid": 11543434, "osm_id2": "12086314358", "centroide_x": 347000.18100180756, "centroide_y": 6299273.3269316498, "crs_original": "EPSG:4326", "fecha_normalizacion": "2025-10-10 01:59:25" }, "geometry": { "type": "Point", "coordinates": [ 347000.181001807563007, 6299273.326931649819016 ] } },
{ "type": "Feature", "properties": { "access": null, "addr_city": "Santiago", "addr_country": null, "addr_housenumber": "759", "addr_postcode": null, "addr_street": "Moneda", "addr_unit": null, "amenity": "library", "brand": null, "building": null, "capacity": null, "cuisine": null, "denomination": null, "ele": null, "fee": null, "healthcare": null, "healthcare_speciality": null, "name": "Centro de Documentación de las Artes Escénicas", "name_en": null, "name_es": null, "opening_hours": "Mo-Fr 10:00-14:00", "operator": "Corporación Cultural de Santiago", "parking": null, "phone": null, "ref": null, "religion": null, "source_transform": null, "surface": null, "website": "https://centrodae.cl/", "wheelchair": null, "objectid": 11594230, "osm_id2": "12140277537", "centroide_x": 346867.72888133826, "centroide_y": 6298555.8232360259, "crs_original": "EPSG:4326", "fecha_normalizacion": "2025-10-10 01:59:25" }, "geometry": { "type": "Point", "coordinates": [ 346867.728881338261999, 6298555.823236025869846 ] } },
{ "type": "Feature", "properties": { "access": null, "addr_city": "Santiago", "addr_country": null, "addr_housenumber": null, "addr_postcode": null, "addr_street": "Avenida Viel", "addr_unit": null, "amenity": "police", "brand": null, "building": null, "capacity": null, "cuisine": null, "denomination": null, "ele": null, "fee": null, "healthcare": null, "healthcare_speciality": null, "name": "69ª Comisaría (T) Parque O'Higgins", "name_en": null, "name_es": null, "opening_hours": null, "operator": "Carabineros de Chile", "parking": null, "phone": null, "ref": null, "religion": null, "source_transform": null, "surface": null, "website": null, "wheelchair": null, "objectid": 11664988, "osm_id2": "12219866033", "centroide_x": 345961.46308783058, "centroide_y": 6296186.1759669166, "crs_original": "EPSG:4326", "fecha_normalizacion": "2025-10-10 01:59:25" }, "geometry": { "type": "Point", "coordinates": [ 345961.463087830576114, 6296186.17596691660583 ] } },
{ "type": "Feature", "properties": { "access": null, "addr_city": "Santiago", "addr_country": null, "addr_housenumber": "327", "addr_postcode": null, "addr_street": "Padre Luis de Valdivia", "addr_unit": null, "amenity": "ice_cream", "brand": null, "building": null, "capacity": null, "cuisine": null, "denomination": null, "ele": null, "fee": null, "healthcare": null, "healthcare_speciality": null, "name": "Montana Gelato", "name_en": null, "name_es": null, "opening_hours": null, "operator": null, "parking": null, "phone": null, "ref": null, "religion": null, "source_transform": null, "surface": null, "website": null, "wheelchair": null, "objectid": 11665012, "osm_id2": "12219908442", "centroide_x": 347415.39077886625, "centroide_y": 6298837.2134661525, "crs_original": "EPSG:4326", "fecha_normalizacion": "2025-10-10 01:59:25" }, "geometry": { "type": "Point", "coordinates": [ 347415.390778866247274, 6298837.21346615254879 ] } },
{ "type": "Feature", "properties": { "access": null, "addr_city": "Santiago", "addr_country": null, "addr_housenumber": null, "addr_postcode": null, "addr_street": "Bandera", "addr_unit": null, "amenity": "clinic", "brand": null, "building": null, "capacity": null, "cuisine": null, "denomination": null, "ele": null, "fee": null, "healthcare": "clinic", "healthcare_speciality": null, "name": "VidaIntegra", "name_en": null, "name_es": null, "opening_hours": null, "operator": null, "parking": null, "phone": null, "ref": null, "religion": null, "source_transform": null, "surface": null, "website": null, "wheelchair": null, "objectid": 11598686, "osm_id2": "12143313439", "centroide_x": 346453.59703628579, "centroide_y": 6298527.0121970652, "crs_original": "EPSG:4326", "fecha_normalizacion": "2025-10-10 01:59:25" }, "geometry": { "type": "Point", "coordinates": [ 346453.597036285791546, 6298527.012197065167129 ] } },
{ "type": "Feature", "properties": { "access": null, "addr_city": "Santiago", "addr_country": null, "addr_housenumber": "366", "addr_postcode": null, "addr_street": "Enrique Mac Iver", "addr_unit": null, "amenity": "restaurant", "brand": null, "building": null, "capacity": null, "cuisine": "peruvian", "denomination": null, "ele": null, "fee": null, "healthcare": null, "healthcare_speciality": null, "name": "El Ají Seco Místico", "name_en": null, "name_es": null, "opening_hours": null, "operator": null, "parking": null, "phone": "+56964937707", "ref": null, "religion": null, "source_transform": null, "surface": null, "website": "https://www.elajiseco.cl/home", "wheelchair": null, "objectid": 11696704, "osm_id2": "12270304308", "centroide_x": 346894.12881105201, "centroide_y": 6298880.2655703928, "crs_original": "EPSG:4326", "fecha_normalizacion": "2025-10-10 01:59:25" }, "geometry": { "type": "Point", "coordinates": [ 346894.12881105201086, 6298880.26557039283216 ] } },
{ "type": "Feature", "properties": { "access": null, "addr_city": "Santiago", "addr_country": null, "addr_housenumber": "2071", "addr_postcode": null, "addr_street": "Agustinas", "addr_unit": null, "amenity": "university", "brand": null, "building": null, "capacity": null, "cuisine": null, "denomination": null, "ele": null, "fee": null, "healthcare": null, "healthcare_speciality": null, "name": "Universidad Academia de Humanismo Cristiano Casa Agustina", "name_en": null, "name_es": null, "opening_hours": null, "operator": null, "parking": null, "phone": null, "ref": null, "religion": null, "source_transform": null, "surface": null, "website": null, "wheelchair": null, "objectid": 11587212, "osm_id2": "12131457862", "centroide_x": 345194.99337661208, "centroide_y": 6298466.6210806966, "crs_original": "EPSG:4326", "fecha_normalizacion": "2025-10-10 01:59:25" }, "geometry": { "type": "Point", "coordinates": [ 345194.993376612081192, 6298466.621080696582794 ] } },
{ "type": "Feature", "properties": { "access": null, "addr_city": "Santiago", "addr_country": null, "addr_housenumber": "561", "addr_postcode": "8340305", "addr_street": "Amunátegui", "addr_unit": null, "amenity": "internet_cafe", "brand": null, "building": null, "capacity": null, "cuisine": null, "denomination": null, "ele": null, "fee": null, "healthcare": null, "healthcare_speciality": null, "name": "SCL Center", "name_en": null, "name_es": null, "opening_hours": "Mo-Sa 09:00-21:00", "operator": null, "parking": null, "phone": null, "ref": null, "religion": null, "source_transform": null, "surface": null, "website": null, "wheelchair": null, "objectid": 12217936, "osm_id2": "12531776901", "centroide_x": 345978.95755334734, "centroide_y": 6299019.8811193174, "crs_original": "EPSG:4326", "fecha_normalizacion": "2025-10-10 01:59:25" }, "geometry": { "type": "Point", "coordinates": [ 345978.957553347339854, 6299019.881119317375124 ] } },
{ "type": "Feature", "properties": { "access": null, "addr_city": "Santiago", "addr_country": null, "addr_housenumber": "707", "addr_postcode": null, "addr_street": "21 de Mayo", "addr_unit": null, "amenity": "community_centre", "brand": null, "building": null, "capacity": null, "cuisine": null, "denomination": null, "ele": null, "fee": null, "healthcare": null, "healthcare_speciality": null, "name": "Espacio cultural y museográfico la Sombrerería", "name_en": null, "name_es": null, "opening_hours": null, "operator": null, "parking": null, "phone": null, "ref": null, "religion": null, "source_transform": "https://www.registromuseoschile.cl/663/w3-article-122844.html", "surface": null, "website": "https://dondegolpeaelmonito.cl/pages/historia", "wheelchair": null, "objectid": 12227544, "osm_id2": "12542607450", "centroide_x": 346614.99162326392, "centroide_y": 6299284.5678457599, "crs_original": "EPSG:4326", "fecha_normalizacion": "2025-10-10 01:59:25" }, "geometry": { "type": "Point", "coordinates": [ 346614.99162326392252, 6299284.567845759913325 ] } },
{ "type": "Feature", "properties": { "access": null, "addr_city": "Santiago", "addr_country": null, "addr_housenumber": null, "addr_postcode": null, "addr_street": "Franklin", "addr_unit": null, "amenity": "taxi", "brand": null, "building": null, "capacity": null, "cuisine": null, "denomination": null, "ele": null, "fee": null, "healthcare": null, "healthcare_speciality": null, "name": "Colectivos línea 0003", "name_en": null, "name_es": null, "opening_hours": null, "operator": "EMPRESA DE TRANSPORTES CINCO S.A.", "parking": null, "phone": null, "ref": null, "religion": null, "source_transform": null, "surface": null, "website": null, "wheelchair": null, "objectid": 12312498, "osm_id2": "12644549005", "centroide_x": 346786.28944733948, "centroide_y": 6295020.0143910702, "crs_original": "EPSG:4326", "fecha_normalizacion": "2025-10-10 01:59:25" }, "geometry": { "type": "Point", "coordinates": [ 346786.289447339484468, 6295020.014391070231795 ] } },
{ "type": "Feature", "properties": { "access": null, "addr_city": "Santiago", "addr_country": null, "addr_housenumber": null, "addr_postcode": null, "addr_street": "San Diego", "addr_unit": null, "amenity": "taxi", "brand": null, "building": null, "capacity": null, "cuisine": null, "denomination": null, "ele": null, "fee": null, "healthcare": null, "healthcare_speciality": null, "name": "Colectivos línea 9012", "name_en": null, "name_es": null, "opening_hours": null, "operator": "EMPRESA DE TRANSPORTES DOSCIENTOS UNO S.A.", "parking": null, "phone": null, "ref": null, "religion": null, "source_transform": null, "surface": null, "website": null, "wheelchair": null, "objectid": 12312501, "osm_id2": "12644595543", "centroide_x": 346828.02226170735, "centroide_y": 6294969.2458038442, "crs_original": "EPSG:4326", "fecha_normalizacion": "2025-10-10 01:59:25" }, "geometry": { "type": "Point", "coordinates": [ 346828.022261707345024, 6294969.245803844183683 ] } },
{ "type": "Feature", "properties": { "access": null, "addr_city": "Santiago", "addr_country": null, "addr_housenumber": null, "addr_postcode": null, "addr_street": "Fábrica", "addr_unit": null, "amenity": "taxi", "brand": null, "building": null, "capacity": null, "cuisine": null, "denomination": null, "ele": null, "fee": null, "healthcare": null, "healthcare_speciality": null, "name": "Colectivos línea 0009", "name_en": null, "name_es": null, "opening_hours": null, "operator": "TAXIS COLECTIVOS ROYAR CENTRAL LTDA.", "parking": null, "phone": null, "ref": null, "religion": null, "source_transform": null, "surface": null, "website": null, "wheelchair": null, "objectid": 12312779, "osm_id2": "12645479189", "centroide_x": 346004.40549586067, "centroide_y": 6295343.4969661944, "crs_original": "EPSG:4326", "fecha_normalizacion": "2025-10-10 01:59:25" }, "geometry": { "type": "Point", "coordinates": [ 346004.40549586067209, 6295343.496966194361448 ] } },
{ "type": "Feature", "properties": { "access": null, "addr_city": "Santiago", "addr_country": null, "addr_housenumber": "31", "addr_postcode": null, "addr_street": "Hermanos Amunátegui", "addr_unit": null, "amenity": "theatre", "brand": null, "building": null, "capacity": null, "cuisine": null, "denomination": null, "ele": null, "fee": null, "healthcare": null, "healthcare_speciality": null, "name": "Camilo Henríquez", "name_en": null, "name_es": null, "opening_hours": null, "operator": "Círculo de Periodistas de Santiago", "parking": null, "phone": null, "ref": null, "religion": null, "source_transform": null, "surface": null, "website": null, "wheelchair": null, "objectid": 12252969, "osm_id2": "12590261674", "centroide_x": 346103.9715965247, "centroide_y": 6298265.8470211206, "crs_original": "EPSG:4326", "fecha_normalizacion": "2025-10-10 01:59:25" }, "geometry": { "type": "Point", "coordinates": [ 346103.971596524701454, 6298265.847021120600402 ] } }
]
}
