fecha_extraccion;comuna;tipo_propiedad;titulo;precio;moneda;dormitorios;banos;metros_utiles;caracteristicas_raw;ubicacion;latitud;longitud;direccion_geocoded
2025-11-29 18:08:24;Ñuñoa;casa;Seduce El Precio. 5 Dormitorios, Condominio Cerrado. ;11300;CLF;4 dormitorios;3 baños;200 m² útiles;4 dormitorios | 3 baños | 200 m² útiles;Luis Pereira 1200 - 1500, Ñuñoa, Parque Botánico, Ñuñoa;-33.44169305;-70.58662770000001;Luis Pereira 1200 - 1500, Ñuñoa, Santiago, Chile
2025-11-29 18:08:24;Ñuñoa;casa;Bella Casa Con Piso De Parquet Y Con Chimenea ;8950;CLF;3 dormitorios;3 baños;169 m² útiles;3 dormitorios | 3 baños | 169 m² útiles;Los Jazmines 600 - 900, Ñuñoa, Chile, Estadio Nacional, Ñuñoa;-33.458719269491525;-70.6177735559322;Los Jazmines 600 - 900, Ñuñoa, Santiago, Chile
2025-11-29 18:08:24;Ñuñoa;casa;Casa Remodelada En Venta De 3 Dorm. En Ñuñoa Villa Frei;7500;CLF;3 dormitorios;2 baños;150 m² útiles;3 dormitorios | 2 baños | 150 m² útiles;Eduardo Castillo Velasco/Ramón Cruz, Villa Frei, Ñuñoa;-33.4607877;-70.5804335;Eduardo Castillo Velasco/Ramón Cruz, Ñuñoa, Santiago, Chile
2025-11-29 18:08:24;Ñuñoa;casa;Impresionante Casa Estilo Francés;22000;CLF;6 dormitorios;4 baños;270 m² útiles;6 dormitorios | 4 baños | 270 m² útiles;Pedro De Valdivia, Estadio Nacional, Ñuñoa;-33.465776500000004;-70.60749102715357;Pedro De Valdivia, Ñuñoa, Santiago, Chile
2025-11-29 18:08:24;Ñuñoa;casa;Casa En Venta De 5 Dorm. En Ñuñoa;20000;CLF;5 dormitorios;3 baños;170 m² útiles;5 dormitorios | 3 baños | 170 m² útiles;Pucará / García Moreno, Parque Botánico, Ñuñoa;-33.4461278;-70.5775797;Pucará / García Moreno, Ñuñoa, Santiago, Chile
2025-11-29 18:08:24;Ñuñoa;casa;Casa En Venta De 4 Dorm. En Ñuñoa;17900;CLF;4 dormitorios;4 baños;200 m² útiles;4 dormitorios | 4 baños | 200 m² útiles;Pedro De Valdivia / Simón Bolivar, Ñuñoa;-33.4506156;-70.6051683;Pedro De Valdivia / Simón Bolivar, Ñuñoa, Santiago, Chile
2025-11-29 18:08:24;Ñuñoa;casa;Casa En Venta En Ñuñoa;11900;CLF;;4 baños;246 m² útiles;4 baños | 246 m² útiles;Los Aliaga, Dublé Almeyda, Américo Vespucio, Diagonal Oriente, Ñuñoa;-33.46071308670752;-70.57682827101695;Los Aliaga, Ñuñoa, Santiago, Chile
2025-11-29 18:08:24;Ñuñoa;casa;Oportunidad Única Casa En Venta De 4 Dorm. En Ñuñoa;14700;CLF;4 dormitorios;3 baños;152 m² útiles;4 dormitorios | 3 baños | 152 m² útiles;Simón Bolivar/ Estrella Solitaria, Plaza Egaña, Ñuñoa;-33.450598250813414;-70.58087445473215;Simón Bolivar/ Estrella Solitaria, Ñuñoa, Santiago, Chile
2025-11-29 18:08:24;Ñuñoa;casa;Excelente Casa Para Uso Comercial.;19900;CLF;8 dormitorios;4 baños;352 m² útiles;8 dormitorios | 4 baños | 352 m² útiles;Monseñor Eyzaguirre 485, Ñuñoa, Metro Monseñor Eyzaguirre, Ñuñoa;-33.457259754347824;-70.61423430652174;Monseñor Eyzaguirre 485, Ñuñoa, Santiago, Chile
2025-11-29 18:08:24;Ñuñoa;casa;Casa Comercial En Venta En Ñuñoa En Barrio Suárez Mujica;23500;CLF;6 dormitorios;7 baños;410 m² útiles;6 dormitorios | 7 baños | 410 m² útiles;Barrio Suarez Mujica, Estadio Nacional, Ñuñoa;-33.4574105;-70.6141823;Barrio Suarez Mujica, Ñuñoa, Santiago, Chile
2025-11-29 18:08:24;Ñuñoa;casa;Casa En Venta De 4 Dorm. En Ñuñoa;12500;CLF;4 dormitorios;3 baños;173 m² útiles;4 dormitorios | 3 baños | 173 m² útiles;Villaseca, Ñuñoa;-33.4541894;-70.604972;Villaseca, Ñuñoa, Santiago, Chile
2025-11-29 18:08:24;Ñuñoa;casa;Casa En Venta De 3 Dorm. En Ñuñoa;5388;CLF;3 dormitorios;2 baños;70 m² útiles;3 dormitorios | 2 baños | 70 m² útiles;Estadio Nacional, Estadio Nacional, Ñuñoa;-33.464382099999995;-70.61061809176775;Estadio Nacional, Ñuñoa, Santiago, Chile
2025-11-29 18:08:24;Ñuñoa;casa;Casa Para Remodelar O Demoler... Ideal Inversionista;8400;CLF;5 dormitorios;4 baños;164 m² útiles;5 dormitorios | 4 baños | 164 m² útiles;Natalio Stein 5228, Ñuñoa, Metro Simón Bolivar, Ñuñoa;-33.44374434222222;-70.57687593777777;Natalio Stein 5228, Ñuñoa, Santiago, Chile
2025-11-29 18:08:24;Ñuñoa;casa;Arayabroker Vende Preciosa Casa Muy Bien Ubicada En Ñuñoa;9480;CLF;5 dormitorios;4 baños;134 m² totales;5 dormitorios | 4 baños | 134 m² totales;Juan Moya Interior, Ñuñoa, Región Metropolitana De Santiago 7750000, Chile, Parque Juan XXIII, Ñuñoa;-33.4561755916041;-70.58663680681937;Juan Moya Interior, Ñuñoa, Santiago, Chile
2025-11-29 18:08:24;Ñuñoa;casa;Casa En Venta De 4 Dorm. En Ñuñoa;10800;CLF;4 dormitorios;3 baños;128 m² útiles;4 dormitorios | 3 baños | 128 m² útiles;Estrella Solitaria 5480, Plaza Egaña, Ñuñoa;-33.4504543;-70.57380582630225;Estrella Solitaria 5480, Ñuñoa, Santiago, Chile
2025-11-29 18:08:24;Ñuñoa;casa;Hermosa Casa En Venta 3d 1b - Metro Los Orientales - Ñuñoa -;286900000;CLP;3 dormitorios;1 baño;85 m² útiles;3 dormitorios | 1 baño | 85 m² útiles;Pedro Rico 5409, Ñuñoa, Santiago Metropolitan Region 7750000, Chile, Diagonal Oriente, Ñuñoa;-33.438891999999996;-70.57450147325328;Pedro Rico 5409, Ñuñoa, Santiago, Chile
2025-11-29 18:08:24;Ñuñoa;casa;En Venta Casa De 2 Pisos Pasaje San Pedro Ñuñoa;4793;CLF;4 dormitorios;2 baños;110 m² útiles;4 dormitorios | 2 baños | 110 m² útiles;San Pedro 1871, Juan Gómez Millas, Ñuñoa;-33.472129928571434;-70.59599610000001;San Pedro 1871, Ñuñoa, Santiago, Chile
2025-11-29 18:08:24;Ñuñoa;casa;Oportunidad Proyecto Inmobiliario, Sitio 636 M2 Ñuñoa;20000;CLF;4 dormitorios;2 baños;126 m² útiles;4 dormitorios | 2 baños | 126 m² útiles;Emilia Tellez/Montenegro, Ñuñoa, Parque Botánico, Ñuñoa;-33.4407318;-70.5838054;Emilia Tellez/Montenegro, Ñuñoa, Santiago, Chile
2025-11-29 18:08:24;Ñuñoa;casa;Casa En Venta De 5 Dorm. En Ñuñoa;6200;CLF;5 dormitorios;2 baños;110 m² útiles;5 dormitorios | 2 baños | 110 m² útiles;Los Avellanos, Estadio Nacional, Ñuñoa;-33.47339029250795;-70.60816055284873;Los Avellanos, Ñuñoa, Santiago, Chile
2025-11-29 18:08:24;Ñuñoa;casa;Sitio Para Proyecto Inmobiliario, Sitio 636 M2 Ñuñoa;20000;CLF;4 dormitorios;2 baños;126 m² útiles;4 dormitorios | 2 baños | 126 m² útiles;Emilia Tellez/Montenegro, Ñuñoa, Parque Botánico, Ñuñoa;-33.4407318;-70.5838054;Emilia Tellez/Montenegro, Ñuñoa, Santiago, Chile
2025-11-29 18:08:24;Ñuñoa;casa;Casa En Venta En Estrella Solitaria Con Jardín Y Terraza;10800;CLF;4 dormitorios;3 baños;135 m² útiles;4 dormitorios | 3 baños | 135 m² útiles;Estrella Solitaria 5400 - 5700, Ñuñoa, Plaza Egaña, Ñuñoa;-33.450598250813414;-70.58087445473215;Estrella Solitaria 5400 - 5700, Ñuñoa, Santiago, Chile
2025-11-29 18:08:24;Ñuñoa;casa;Amplia Casa Y Terreno En Pleno Simón Bolívar, Nororiente ;21000;CLF;5 dormitorios;3 baños;206 m² útiles;5 dormitorios | 3 baños | 206 m² útiles;Av. Simón Bolívar 5278, 7790447 Ñuñoa, Región Metropolitana, Chile, Metro Simón Bolivar, Ñuñoa;-33.44788495;-70.57586154822519;Av. Simón Bolívar 5278, Ñuñoa, Santiago, Chile
2025-11-29 18:08:24;Ñuñoa;casa;Rebajada!! Casa Comercial Esquina, Metro Simón Bolívar;15400;CLF;4 dormitorios;3 baños;134 m² útiles;4 dormitorios | 3 baños | 134 m² útiles;Av. Ossa, Ñuñoa, Metro Simón Bolivar, Ñuñoa;-33.44370141140581;-70.57245476443998;Av. Ossa, Ñuñoa, Santiago, Chile
2025-11-29 18:08:24;Ñuñoa;casa;Oportunidad Inversión Casa Aislada Ñuñoa;8900;CLF;4 dormitorios;3 baños;116 m² útiles;4 dormitorios | 3 baños | 116 m² útiles;Los Jardines, 1 - 300E, Ñuñoa;-33.471869;-70.5842744;Los Jardines, Ñuñoa, Santiago, Chile
2025-11-29 18:08:24;Ñuñoa;casa;Casa Se Aceptan Ofertas -  Lyon/pedro Lautaro Ferrer;13100;CLF;3 dormitorios;3 baños;116 m² útiles;3 dormitorios | 3 baños | 116 m² útiles;SE ACEPTAN OFERTAS -  LYON/Pedro Lautaro Ferrer, Ñuñoa;-33.4451398;-70.6033594;SE ACEPTAN OFERTAS - LYON/Pedro Lautaro Ferrer, Ñuñoa, Santiago, Chile
2025-11-29 18:08:24;Ñuñoa;casa;Casa En Venta De 3 Dorm. En Ñuñoa;5950;CLF;3 dormitorios;2 baños;85 m² útiles;3 dormitorios | 2 baños | 85 m² útiles;Coventry Con La Verbena, Amapolas, Ñuñoa;-33.439362932534095;-70.57496635192314;Coventry Con La Verbena, Ñuñoa, Santiago, Chile
2025-11-29 18:08:24;Ñuñoa;casa;Nuevo Precio - Amapolas - Eliecer Parada/tobalaba;9500;CLF;4 dormitorios;3 baños;124 m² útiles;4 dormitorios | 3 baños | 124 m² útiles;VENTA - AMAPOLAS - ELIECER PARADA/TOBALABA, Amapolas, Ñuñoa;-33.4340827;-70.5821597;VENTA - AMAPOLAS - ELIECER PARADA/TOBALABA, Ñuñoa, Santiago, Chile
2025-11-29 18:08:24;Ñuñoa;casa;Oportunidad Inversión Clásica Casa Ñuñoína Aislada;10500;CLF;4 dormitorios;3 baños;183 m² útiles;4 dormitorios | 3 baños | 183 m² útiles;Los Jardines, 1 - 300C, Ñuñoa;-33.471869;-70.5842744;Los Jardines, Ñuñoa, Santiago, Chile
2025-11-29 18:08:24;Ñuñoa;casa;Casa Esquina Ñuñoa, 3d+3b+2e+patio+quincho+jardin;8990;CLF;3 dormitorios;3 baños;123 m² útiles;3 dormitorios | 3 baños | 123 m² útiles;Juan Moya Morales, 1 - 300, Parque Juan XXIII, Ñuñoa;-33.45940946610685;-70.58680418302939;Juan Moya Morales, Ñuñoa, Santiago, Chile
2025-11-29 18:08:24;Ñuñoa;casa;Luis Pereira Simon Bolivar, Echeñique;520000000;CLP;5 dormitorios;3 baños;170 m² útiles;5 dormitorios | 3 baños | 170 m² útiles;LUIS PEREIRA SIMON BOLIVAR, ECHEÑIQUE, Parque Botánico, Ñuñoa;-33.4506857;-70.6073479;LUIS PEREIRA SIMON BOLIVAR, Ñuñoa, Santiago, Chile
2025-11-29 18:08:24;Ñuñoa;casa;Suarez Mujica, Campos De Deporte;10390;CLF;5 dormitorios;3 baños;160 m² útiles;5 dormitorios | 3 baños | 160 m² útiles;SUAREZ MUJICA, CAMPOS DE DEPORTE, Estadio Nacional, Ñuñoa;-33.4574105;-70.6141823;SUAREZ MUJICA, Ñuñoa, Santiago, Chile
2025-11-29 18:08:24;Ñuñoa;casa;Linda Casa De 4d Y 3b, Muy Buen Estado, Barrio Tranquilo.;13250;CLF;4 dormitorios;3 baños;185 m² útiles;4 dormitorios | 3 baños | 185 m² útiles;Diego De Almagro, Diego De Almagro, Ñuñoa;-33.437405014150755;-70.58081502848258;Diego De Almagro, Ñuñoa, Santiago, Chile
2025-11-29 18:08:24;Ñuñoa;casa;Casa En Venta De 5 Dorm. En Ñuñoa;12700;CLF;5 dormitorios;4 baños;202 m² útiles;5 dormitorios | 4 baños | 202 m² útiles;Echeñique / Hamburgo, Metro Simón Bolivar, Ñuñoa;-33.4463189;-70.5767067;Echeñique / Hamburgo, Ñuñoa, Santiago, Chile
2025-11-29 18:08:24;Ñuñoa;casa;Amplio Terreno Con Casa, Ideal Para Inversión.;19600;CLF;9 dormitorios;5 baños;252 m² útiles;9 dormitorios | 5 baños | 252 m² útiles;Banco De Chile 4054, Santiago, Ñuñoa, Chile, Parque Juan XXIII, Ñuñoa;-33.4543164;-70.5936358;Banco De Chile 4054, Ñuñoa, Santiago, Chile
2025-11-29 18:08:24;Ñuñoa;casa;Bremen, Irarrazaval, Plaza Pedro Montt;11800;CLF;5 dormitorios;2 baños;200 m² útiles;5 dormitorios | 2 baños | 200 m² útiles;BREMEN, IRARRAZAVAL, PLAZA PEDRO MONTT, Plaza Egaña, Ñuñoa;-33.45234904038406;-70.57786798002536;BREMEN, Ñuñoa, Santiago, Chile
2025-11-29 18:08:24;Ñuñoa;casa;Casa En Condominio Cerrada / Amapolas ;8900;CLF;4 dormitorios;3 baños;180 m² útiles;4 dormitorios | 3 baños | 180 m² útiles;Amapolas 4500 - 4800, Ñuñoa, Amapolas, Ñuñoa;-33.4399264;-70.5807866;Amapolas 4500 - 4800, Ñuñoa, Santiago, Chile
2025-11-29 18:08:24;Ñuñoa;casa;Hermosa Casa Inmejorable Ubicación;7600;CLF;5 dormitorios;2 baños;136 m² útiles;5 dormitorios | 2 baños | 136 m² útiles;Arturo Medina, 1 - 300, Amapolas, Ñuñoa;-33.44090715447077;-70.57533353269008;Arturo Medina, Ñuñoa, Santiago, Chile
2025-11-29 18:08:24;Ñuñoa;casa;Casa En Venta En Ñuñoa;10490;CLF;3 dormitorios;2 baños;119 m² útiles;3 dormitorios | 2 baños | 119 m² útiles;Montenegro / Echeñique, Parque Botánico, Ñuñoa;-33.445138132265015;-70.58905169191026;Montenegro / Echeñique, Ñuñoa, Santiago, Chile
2025-11-29 18:08:24;Ñuñoa;casa;Casa En Venta De 3 Dorm. En Ñuñoa;11800;CLF;3 dormitorios;2 baños;99 m² útiles;3 dormitorios | 2 baños | 99 m² útiles;Plaza Ñuñoa/Amapolas, Parque Botánico, Ñuñoa;-33.4543164;-70.5936358;Plaza Ñuñoa/Amapolas, Ñuñoa, Santiago, Chile
2025-11-29 18:08:24;Ñuñoa;casa;Sector Seguro De La Comuna De Ñuñoa;10990;CLF;4 dormitorios;2 baños;134 m² útiles;4 dormitorios | 2 baños | 134 m² útiles;Metro Principe De Gales, Diego De Almagro, Ñuñoa;-33.4392047;-70.5731497;Principe De Gales, Ñuñoa, Santiago, Chile
2025-11-29 18:08:24;Ñuñoa;casa;Casa En Venta De 5 Dorm. En Ñuñoa;14900;CLF;5 dormitorios;3 baños;290 m² útiles;5 dormitorios | 3 baños | 290 m² útiles;Plaza Eusebio Lillo/ A Dos Calles De Estación De Metro, Metro Ñuñoa, Ñuñoa;-33.45755475;-70.60715688924765;Plaza Eusebio Lillo/ A Dos Calles De Estación De, Ñuñoa, Santiago, Chile
2025-11-29 18:08:24;Ñuñoa;casa;Casa En Venta De 4 Dorm. En Ñuñoa;17700;CLF;4 dormitorios;5 baños;340 m² útiles;4 dormitorios | 5 baños | 340 m² útiles;Simón Bolivar/Coventry, Plaza Egaña, Ñuñoa;-33.448348;-70.5809246;Simón Bolivar/Coventry, Ñuñoa, Santiago, Chile
2025-11-29 18:08:24;Ñuñoa;casa;Oportunidad Venta Casa Ñuñoa;10500;CLF;4 dormitorios;3 baños;197 m² útiles;4 dormitorios | 3 baños | 197 m² útiles;Estadio Nacional, Ñuñoa;-33.464382099999995;-70.61061809176775;Estadio Nacional, Ñuñoa, Santiago, Chile
2025-11-29 18:08:24;Ñuñoa;casa;Casa En Venta De 5 Dorm. En Ñuñoa;16800;CLF;5 dormitorios;4 baños;490 m² útiles;5 dormitorios | 4 baños | 490 m² útiles;A Dos Cuadras De Metro Monseñor Eyzaguirre. Ñuñoa, Metro Monseñor Eyzaguirre, Ñuñoa;-33.4531944;-70.613519;A Dos Cuadras De Monseñor Eyzaguirre. Ñuñoa, Ñuñoa, Santiago, Chile
2025-11-29 18:08:24;Ñuñoa;casa;Gran Terreno / Barrio Clásico Ñuñoa;27900;CLF;5 dormitorios;4 baños;506 m² útiles;5 dormitorios | 4 baños | 506 m² útiles;Eduardo Castillo Velasco, Juan Gómez Millas, Ñuñoa;-33.45914161661513;-70.5969709363368;Eduardo Castillo Velasco, Ñuñoa, Santiago, Chile
2025-11-29 18:08:24;Ñuñoa;casa;Casa En Venta De 5 Dorm. En Ñuñoa;10050;CLF;5 dormitorios;3 baños;120 m² útiles;5 dormitorios | 3 baños | 120 m² útiles;Metro Simón Bolivar / Avenida Ossa, Metro Simón Bolivar, Ñuñoa;-33.4478431;-70.5718301;Simón Bolivar / Avenida Ossa, Ñuñoa, Santiago, Chile
2025-11-29 18:08:45;Ñuñoa;casa;Casa En Venta De 4 Dorm. En Ñuñoa;12900;CLF;4 dormitorios;2 baños;173 m² útiles;4 dormitorios | 2 baños | 173 m² útiles;Villaseca - Simón Bolívar - Ñuñoa, Ñuñoa;-33.44955270973376;-70.60128116066835;Villaseca - Simón Bolívar - Ñuñoa, Ñuñoa, Santiago, Chile
2025-11-29 18:08:45;Ñuñoa;casa;Casa En Venta En Metro Chile España, Colegio Manuel De Salas;12100;CLF;5 dormitorios;4 baños;156 m² útiles;5 dormitorios | 4 baños | 156 m² útiles;Plaza Ñuñoa, Plaza Ñuñoa, Ñuñoa;-33.4534937;-70.570823;Plaza Ñuñoa, Ñuñoa, Santiago, Chile
2025-11-29 18:08:45;Ñuñoa;casa;Propiedad Con 2 Casas, Accesos Independientes, Cercano A Ira;13850;CLF;5 dormitorios;2 baños;296 m² útiles;5 dormitorios | 2 baños | 296 m² útiles;Tegualda 2016, Ñuñoa, Metro Irarrázaval, Ñuñoa;-33.45269595;-70.62175015;Tegualda 2016, Ñuñoa, Santiago, Chile
2025-11-29 18:08:45;Ñuñoa;casa;Terreno En Ñuñoa De 940mt2;41000;CLF;4 dormitorios;3 baños;145 m² útiles;4 dormitorios | 3 baños | 145 m² útiles;Plaza Ñuñoa, Ñuñoa;-33.4534937;-70.570823;Plaza Ñuñoa, Ñuñoa, Santiago, Chile
2025-11-29 18:08:45;Ñuñoa;casa;Casa En Venta De 3 Dorm. En Ñuñoa;8200;CLF;3 dormitorios;3 baños;100 m² útiles;3 dormitorios | 3 baños | 100 m² útiles;Simón Bolivar/ Estrella Solitaria, Plaza Egaña, Ñuñoa;-33.450598250813414;-70.58087445473215;Simón Bolivar/ Estrella Solitaria, Ñuñoa, Santiago, Chile
2025-11-29 18:08:45;Ñuñoa;casa;Casa En Venta 4d, 3b, 3e, Piscina Y Gran Terreno En Ñuñoa.;23200;CLF;4 dormitorios;3 baños;234 m² útiles;4 dormitorios | 3 baños | 234 m² útiles;Irarrázabal, Villa Frei, Ñuñoa;-33.454233200000004;-70.57891316588072;Irarrázabal, Ñuñoa, Santiago, Chile
2025-11-29 18:08:45;Ñuñoa;casa;Casa En Venta Patrimonial De 3 Pisos En Ñuñoa.;11850;CLF;5 dormitorios;3 baños;239 m² útiles;5 dormitorios | 3 baños | 239 m² útiles;Av. Gral Bustamante/Mujica, Metro Irarrázaval, Ñuñoa;-33.453659349999995;-70.61446131414799;Av. Gral Bustamante/Mujica, Ñuñoa, Santiago, Chile
2025-11-29 18:08:45;Ñuñoa;casa;Venta Casa Ñuñoa;8200;CLF;5 dormitorios;3 baños;134 m² útiles;5 dormitorios | 3 baños | 134 m² útiles;Plaza Ñuñoa, Ñuñoa;-33.4534937;-70.570823;Plaza Ñuñoa, Ñuñoa, Santiago, Chile
2025-11-29 18:08:45;Ñuñoa;casa;Maravillosa Casa Piso Parquet Ñuñoa;17000;CLF;4 dormitorios;3 baños;170 m² útiles;4 dormitorios | 3 baños | 170 m² útiles;Galicia, Ñuñoa, Parque Juan XXIII, Ñuñoa;-33.46104144292101;-70.59279374965837;Galicia, Ñuñoa, Santiago, Chile
2025-11-29 18:08:45;Ñuñoa;casa;Oportunidad ! Exquisito Townhouse En Zona Residencial, Ñuñoa;9900;CLF;3 dormitorios;3 baños;100 m² útiles;3 dormitorios | 3 baños | 100 m² útiles;García Moreno 600 - 900, Ñuñoa, Parque Botánico, Ñuñoa;-33.4439201181191;-70.58895604004348;García Moreno 600 - 900, Ñuñoa, Santiago, Chile
2025-11-29 18:08:45;Ñuñoa;casa;Casa Ñuñoa,sector Residencial, Aislada, Bien Conservada;10105;CLF;4 dormitorios;2 baños;98 m² útiles;4 dormitorios | 2 baños | 98 m² útiles;Gral. Gorostiaga 837, Ñuñoa, Santiago, Parque Botánico, Ñuñoa;-33.4543164;-70.5936358;Gral. Gorostiaga 837, Ñuñoa, Santiago, Chile
2025-11-29 18:08:45;Ñuñoa;casa;Casa En Venta De 3 Dorm. En Ñuñoa;11790;CLF;3 dormitorios;3 baños;162 m² útiles;3 dormitorios | 3 baños | 162 m² útiles;Crescente Errazuriz 545, Estadio Nacional, Ñuñoa;-33.45721168584905;-70.62405908490565;Crescente Errazuriz 545, Ñuñoa, Santiago, Chile
2025-11-29 18:08:45;Ñuñoa;casa;Casa Condominio / Rosita Renard / Metro Principe De Gales;8500;CLF;3 dormitorios;2 baños;120 m² útiles;3 dormitorios | 2 baños | 120 m² útiles;Rosita Renard 900 - 1200, Ñuñoa, Metro Simón Bolivar, Ñuñoa;-33.443682949999996;-70.57583801507523;Rosita Renard 900 - 1200, Ñuñoa, Santiago, Chile
2025-11-29 18:08:45;Ñuñoa;casa;Casa En Venta De 5 Dorm. En Ñuñoa;8900;CLF;5 dormitorios;3 baños;102 m² útiles;5 dormitorios | 3 baños | 102 m² útiles;AMAPOLAS, Amapolas, Ñuñoa;-33.44049039795608;-70.57648063696617;AMAPOLAS, Ñuñoa, Santiago, Chile
2025-11-29 18:08:45;Ñuñoa;casa;Casa En Venta Para Remodelar Emilia Téllez;6700;CLF;5 dormitorios;2 baños;94 m² útiles;5 dormitorios | 2 baños | 94 m² útiles;Metro Simón Bolivar, Ñuñoa;-33.44815078505085;-70.58168628732375;Simón Bolivar, Ñuñoa, Santiago, Chile
2025-11-29 18:08:45;Ñuñoa;casa;Casa En Venta En Ñuñoa;315000000;CLP;4 dormitorios;2 baños;87 m² útiles;4 dormitorios | 2 baños | 87 m² útiles;Coventry / Irarrázaval, Ñuñoa;-33.4550535;-70.6283154;Coventry / Irarrázaval, Ñuñoa, Santiago, Chile
2025-11-29 18:08:45;Ñuñoa;casa;Casa En Venta En Ñuñoa;8800;CLF;5 dormitorios;2 baños;160 m² útiles;5 dormitorios | 2 baños | 160 m² útiles;Campoamor 2960, 7.77e+06 - 7.7703e+06 Santiago, Ñuñoa, Región Metropolitana, Chile, Plaza Ñuñoa, Ñuñoa;-33.4614993;-70.6006123;Campoamor 2960, Ñuñoa, Santiago, Chile
2025-11-29 18:08:45;Ñuñoa;casa;Casa En Venta De 5 Dorm. En Ñuñoa;17100;CLF;5 dormitorios;4 baños;190 m² útiles;5 dormitorios | 4 baños | 190 m² útiles;GARCIA MORENO / HERNANDO DE AGUIRRE, Parque Botánico, Ñuñoa;-33.44329974660543;-70.583658604346;GARCIA MORENO / HERNANDO DE AGUIRRE, Ñuñoa, Santiago, Chile
2025-11-29 18:08:45;Ñuñoa;casa;Casa Para Uso Comercial En Ñuñoa;19500;CLF;4 dormitorios;3 baños;216 m² útiles;4 dormitorios | 3 baños | 216 m² útiles;Metro Monseñor Eyzaguirre, Ñuñoa;-33.4531944;-70.613519;Monseñor Eyzaguirre, Ñuñoa, Santiago, Chile
2025-11-29 18:08:45;Ñuñoa;casa;Casa En Venta En Metro Monseñor Eyzaguirre Ñuñoa;14000;CLF;7 dormitorios;3 baños;226 m² útiles;7 dormitorios | 3 baños | 226 m² útiles;SUCRE /JOSE MANUEL INFANTE / MIGUEL CLARO, Metro Monseñor Eyzaguirre, Ñuñoa;-33.4494447;-70.6182301;SUCRE /JOSE MANUEL INFANTE / MIGUEL CLARO, Ñuñoa, Santiago, Chile
2025-11-29 18:08:45;Ñuñoa;casa;Casa En Venta En Villa Olímpica Ñuñoa Con Terraza;4200;CLF;4 dormitorios;2 baños;105 m² útiles;4 dormitorios | 2 baños | 105 m² útiles;Obispo Orrego 1201, Ñuñoa, Chile, Estadio Nacional, Ñuñoa;-33.46279763333334;-70.62023151333332;Obispo Orrego 1201, Ñuñoa, Santiago, Chile
2025-11-29 18:08:45;Ñuñoa;casa;Vendo Casa A Pasos Del Metro Los Orientales;7000;CLF;5 dormitorios;2 baños;76 m² útiles;5 dormitorios | 2 baños | 76 m² útiles;La Quilla, Villa Frei, Ñuñoa;-33.462617406661884;-70.5764533296645;La Quilla, Ñuñoa, Santiago, Chile
2025-11-29 18:08:45;Ñuñoa;casa;Casa En Venta En Ñuñoa, Cercano Al Mall Y Metro;8123;CLF;4 dormitorios;2 baños;108 m² útiles;4 dormitorios | 2 baños | 108 m² útiles;FRANCISCO DE VILLAGRA, Plaza Egaña, Ñuñoa;-33.45425457632142;-70.57529814616078;FRANCISCO DE VILLAGRA, Ñuñoa, Santiago, Chile
2025-11-29 18:08:45;Ñuñoa;casa;Casa De 2 Pisos En Venta De 3 Dorm. 2b 1est, Metro Ñuñoa;7900;CLF;3 dormitorios;3 baños;141 m² útiles;3 dormitorios | 3 baños | 141 m² útiles;Sucre Con Ricardo Layon, Metro Monseñor Eyzaguirre, Ñuñoa;-33.4482685;-70.6021938;Sucre Con Ricardo Layon, Ñuñoa, Santiago, Chile
2025-11-29 18:08:45;Ñuñoa;casa;Venta Townhouse Con Patio Privado, Ñuñoa;8200;CLF;3 dormitorios;3 baños;100 m² útiles;3 dormitorios | 3 baños | 100 m² útiles;Ñuñoa, Diagonal Oriente;-33.4543164;-70.5936358;Ñuñoa, Ñuñoa, Santiago, Chile
2025-11-29 18:08:45;Ñuñoa;casa;Venta Gran Casa Espectacular!!!!;7800;CLF;3 dormitorios;2 baños;86 m² útiles;3 dormitorios | 2 baños | 86 m² útiles;Ñuñoa, Villa Frei;-33.4543164;-70.5936358;Ñuñoa, Ñuñoa, Santiago, Chile
2025-11-29 18:08:45;Ñuñoa;casa;Casa Sólida Y Familiar A Pasos De Parques, Ñuñoa;9200;CLF;3 dormitorios;2 baños;134 m² útiles;3 dormitorios | 2 baños | 134 m² útiles;Ñuñoa;-33.4543164;-70.5936358;Ñuñoa, Santiago, Chile
2025-11-29 18:08:45;Ñuñoa;casa;Remodelada, Patios Interiores Y Terraza, Sin Estacionamiento;8900;CLF;3 dormitorios;2 baños;101 m² útiles;3 dormitorios | 2 baños | 101 m² útiles;Guillermo Franke ,, Metro Monseñor Eyzaguirre, Ñuñoa;-33.4489618;-70.616643;Guillermo Franke, Ñuñoa, Santiago, Chile
2025-11-29 18:08:45;Ñuñoa;casa;Amplia Casa Con Piscina Y Quincho En Juan Moya, Ñuñoa;12500;CLF;3 dormitorios;3 baños;326 m² útiles;3 dormitorios | 3 baños | 326 m² útiles;Pje. Juan Moya Morales ,, Parque Juan XXIII, Ñuñoa;-33.46459581920048;-70.58804899790393;Pje. Juan Moya Morales, Ñuñoa, Santiago, Chile
2025-11-29 18:08:45;Ñuñoa;casa;Casa Familiar Con Gran Espacio Y Ubicación Privile...;12000;CLF;3 dormitorios;2 baños;120 m² útiles;3 dormitorios | 2 baños | 120 m² útiles;Ñuñoa, Plaza Egaña;-33.4543164;-70.5936358;Ñuñoa, Ñuñoa, Santiago, Chile
2025-11-29 18:08:45;Ñuñoa;casa;Encantadora Y Amplia Casa En Venta En El Corazón D...;12500;CLF;4 dormitorios;3 baños;180 m² útiles;4 dormitorios | 3 baños | 180 m² útiles;Ñuñoa, Metro Ñuñoa;-33.4543164;-70.5936358;Ñuñoa, Ñuñoa, Santiago, Chile
2025-11-29 18:08:45;Ñuñoa;casa;Casa En Venta Ñuñoa. Solida Cerca Del Calasanz.;13100;CLF;6 dormitorios;3 baños;173 m² útiles;6 dormitorios | 3 baños | 173 m² útiles;Ñuñoa, Parque Juan XXIII;-33.4543164;-70.5936358;Ñuñoa, Ñuñoa, Santiago, Chile
2025-11-29 18:08:45;Ñuñoa;casa;Venta Casa Familiar Con Gran Terreno, Ñuñoa;14000;CLF;5 dormitorios;2 baños;152 m² útiles;5 dormitorios | 2 baños | 152 m² útiles;Ñuñoa, Plaza Egaña;-33.4543164;-70.5936358;Ñuñoa, Ñuñoa, Santiago, Chile
2025-11-29 18:08:45;Ñuñoa;casa;Casa Jardín Infantil En Venta En Ñuñoa Totalmente ...;21000;CLF;11 dormitorios;4 baños;307 m² útiles;11 dormitorios | 4 baños | 307 m² útiles;Ñuñoa;-33.4543164;-70.5936358;Ñuñoa, Santiago, Chile
2025-11-29 18:08:45;Ñuñoa;casa;Gran Casa En Venta En Ñuñoa;12000;CLF;5 dormitorios;3 baños;198 m² útiles;5 dormitorios | 3 baños | 198 m² útiles;Ñuñoa, Parque San Eugenio - Metro Ñuble;-33.4543164;-70.5936358;Ñuñoa, Ñuñoa, Santiago, Chile
2025-11-29 18:08:45;Ñuñoa;casa;Amplia Casa Esquina En Venta. Ñuñoa. ;12900;CLF;4 dormitorios;2 baños;127 m² útiles;4 dormitorios | 2 baños | 127 m² útiles;Ñuñoa, Diego De Almagro;-33.4543164;-70.5936358;Ñuñoa, Ñuñoa, Santiago, Chile
2025-11-29 18:08:45;Ñuñoa;casa;Casa En Venta Ñuñoa. Estilo Español Impecable.;18525;CLF;5 dormitorios;2 baños;274 m² útiles;5 dormitorios | 2 baños | 274 m² útiles;Ñuñoa;-33.4543164;-70.5936358;Ñuñoa, Santiago, Chile
2025-11-29 18:08:45;Ñuñoa;casa;Venta Casa Remodelada En Villa Frei, Ñuñoa;9386;CLF;4 dormitorios;3 baños;260 m² útiles;4 dormitorios | 3 baños | 260 m² útiles;Ñuñoa, Villa Frei;-33.4543164;-70.5936358;Ñuñoa, Ñuñoa, Santiago, Chile
2025-11-29 18:08:45;Ñuñoa;casa;Casa En Venta Con Amplio Terreno Y Gran Potencial ...;16700;CLF;4 dormitorios;4 baños;170 m² útiles;4 dormitorios | 4 baños | 170 m² útiles;Chile, Ñuñoa;-33.4543164;-70.5936358;Chile, Ñuñoa, Santiago, Chile
2025-11-29 18:08:45;Ñuñoa;casa;Casa Completamente Remodelada En Ñuñoa;13600;CLF;5 dormitorios;2 baños;210 m² útiles;5 dormitorios | 2 baños | 210 m² útiles;Ñuñoa, Estadio Nacional;-33.4543164;-70.5936358;Ñuñoa, Ñuñoa, Santiago, Chile
2025-11-29 18:08:45;Ñuñoa;casa;Venta De Casa Con Gran Terreno Y Potencial En Plen...;13000;CLF;6 dormitorios;2 baños;200 m² útiles;6 dormitorios | 2 baños | 200 m² útiles;Ñuñoa, Estadio Nacional;-33.4543164;-70.5936358;Ñuñoa, Ñuñoa, Santiago, Chile
2025-11-29 18:08:45;Ñuñoa;casa;Se Vende Acogedora Casa En Barrio Residencial De Ñ...;9025;CLF;4 dormitorios;2 baños;108 m² útiles;4 dormitorios | 2 baños | 108 m² útiles;Ñuñoa, Amapolas;-33.4543164;-70.5936358;Ñuñoa, Ñuñoa, Santiago, Chile
2025-11-29 18:08:45;Ñuñoa;casa;Venta De Casa Con Historia Y Gran Potencial En El ...;14500;CLF;5 dormitorios;3 baños;228 m² útiles;5 dormitorios | 3 baños | 228 m² útiles;Ñuñoa, Metro Monseñor Eyzaguirre;-33.4543164;-70.5936358;Ñuñoa, Ñuñoa, Santiago, Chile
2025-11-29 18:08:45;Ñuñoa;casa;Venta Casa Amplia Para Familias Grandes, Ñuñoa;20900;CLF;6 dormitorios;3 baños;205 m² útiles;6 dormitorios | 3 baños | 205 m² útiles;Ñuñoa, Plaza Egaña;-33.4543164;-70.5936358;Ñuñoa, Ñuñoa, Santiago, Chile
2025-11-29 18:08:45;Ñuñoa;casa; Casa Esquina Con Historia Y Encanto En Ñuñoa;12300;CLF;4 dormitorios;2 baños;164 m² útiles;4 dormitorios | 2 baños | 164 m² útiles;Ñuñoa, Parque Juan XXIII;-33.4543164;-70.5936358;Ñuñoa, Ñuñoa, Santiago, Chile
2025-11-29 18:08:45;Ñuñoa;casa;Venta Casa Familiar Con Vida De Barrio, Ñuñoa;9025;CLF;3 dormitorios;3 baños;123 m² útiles;3 dormitorios | 3 baños | 123 m² útiles;Ñuñoa, Amapolas;-33.4543164;-70.5936358;Ñuñoa, Ñuñoa, Santiago, Chile
2025-11-29 18:09:27;Ñuñoa;casa;Venta Casa Con Gran Terreno, Ñuñoa;17700;CLF;6 dormitorios;2 baños;288 m² útiles;6 dormitorios | 2 baños | 288 m² útiles;Ñuñoa, Metro Monseñor Eyzaguirre;-33.4543164;-70.5936358;Ñuñoa, Ñuñoa, Santiago, Chile
2025-11-29 18:09:27;Ñuñoa;casa;Venta Espectacular Casa Esquina De 3 Pisos !!;15700;CLF;11 dormitorios;5 baños;187 m² útiles;11 dormitorios | 5 baños | 187 m² útiles;Ñuñoa, Parque Juan XXIII;-33.4543164;-70.5936358;Ñuñoa, Ñuñoa, Santiago, Chile
2025-11-29 18:09:27;Ñuñoa;casa;Encantadora Casa Estilo Tradicional En El Corazón ...;25750;CLF;7 dormitorios;4 baños;499 m² útiles;7 dormitorios | 4 baños | 499 m² útiles;Ñuñoa, Estadio Nacional;-33.4543164;-70.5936358;Ñuñoa, Ñuñoa, Santiago, Chile
2025-11-29 18:09:27;Ñuñoa;casa;Casa En Venta En Ñuñoa! Impecable, Lista Para Vivi...;12300;CLF;4 dormitorios;2 baños;125 m² útiles;4 dormitorios | 2 baños | 125 m² útiles;Ñuñoa, Metro Simón Bolivar;-33.4543164;-70.5936358;Ñuñoa, Ñuñoa, Santiago, Chile
2025-11-29 18:09:27;Ñuñoa;casa;Venta De Espectacular Casa En Plaza Ñuñoa!;17000;CLF;4 dormitorios;2 baños;196 m² útiles;4 dormitorios | 2 baños | 196 m² útiles;Plaza Ñuñoa, Plaza Ñuñoa, Ñuñoa;-33.4534937;-70.570823;Plaza Ñuñoa, Ñuñoa, Santiago, Chile
2025-11-29 18:09:27;Ñuñoa;casa;Venta Casa En Ñuñoa! Exquisita Casa De Un Piso En ...;13250;CLF;4 dormitorios;3 baños;160 m² útiles;4 dormitorios | 3 baños | 160 m² útiles;Ñuñoa, Parque Botánico;-33.4543164;-70.5936358;Ñuñoa, Ñuñoa, Santiago, Chile
2025-11-29 18:09:27;Ñuñoa;casa;Amplia Y Cómoda Casa En Venta, Barrio Patrimonial ...;15500;CLF;6 dormitorios;4 baños;254 m² útiles;6 dormitorios | 4 baños | 254 m² útiles;Ñuñoa, Metro Monseñor Eyzaguirre;-33.4543164;-70.5936358;Ñuñoa, Ñuñoa, Santiago, Chile
2025-11-29 18:09:27;Ñuñoa;casa;Venta Increíble! Casa Con Un Extenso Patio En El C...;14700;CLF;4 dormitorios;3 baños;167 m² útiles;4 dormitorios | 3 baños | 167 m² útiles;Ñuñoa, Plaza Ñuñoa;-33.4543164;-70.5936358;Ñuñoa, Ñuñoa, Santiago, Chile
2025-11-29 18:09:27;Ñuñoa;casa;Venta Casa: Cerca Del Metro Y Colegios Como La Sal...;10000;CLF;4 dormitorios;2 baños;114 m² útiles;4 dormitorios | 2 baños | 114 m² útiles;Ñuñoa, Metro Simón Bolivar;-33.4543164;-70.5936358;Ñuñoa, Ñuñoa, Santiago, Chile
2025-11-29 18:09:27;Ñuñoa;casa;Casa Sólida Con Gran Jardín Y Piscina En Ñuñoa, A ...;23200;CLF;4 dormitorios;3 baños;231 m² útiles;4 dormitorios | 3 baños | 231 m² útiles;Ñuñoa, Diagonal Oriente;-33.4543164;-70.5936358;Ñuñoa, Ñuñoa, Santiago, Chile
2025-11-29 18:09:27;Ñuñoa;casa;Venta Casa Con Gran Terreno Y Cercanía Al Centro, ...;13600;CLF;4 dormitorios;2 baños;160 m² útiles;4 dormitorios | 2 baños | 160 m² útiles;Ñuñoa, Metro Irarrázaval;-33.4543164;-70.5936358;Ñuñoa, Ñuñoa, Santiago, Chile
2025-11-29 18:09:27;Ñuñoa;casa;Venta De Casa Con Jardín Y Amplios Espacios, Ñuñoa;10355;CLF;3 dormitorios;2 baños;175 m² útiles;3 dormitorios | 2 baños | 175 m² útiles;Ñuñoa, Estadio Nacional;-33.4543164;-70.5936358;Ñuñoa, Ñuñoa, Santiago, Chile
2025-11-29 18:09:27;Ñuñoa;casa;Venta De Casa Para Remodelar, Ñuñoa;9500;CLF;3 dormitorios;1 baño;85 m² útiles;3 dormitorios | 1 baño | 85 m² útiles;Ñuñoa, Metro Simón Bolivar;-33.4543164;-70.5936358;Ñuñoa, Ñuñoa, Santiago, Chile
2025-11-29 18:09:27;Ñuñoa;casa;Pedro Torres Moderna Casa En Venta  Ñuñoa;21000;CLF;4 dormitorios;2 baños;253 m² útiles;4 dormitorios | 2 baños | 253 m² útiles;Ñuñoa, Parque Juan XXIII;-33.4543164;-70.5936358;Ñuñoa, Ñuñoa, Santiago, Chile
2025-11-29 18:09:27;Ñuñoa;casa; Venta Terreno Amplio En Ñuñoa ¡ideal Para Tu Próx...;20460;CLF;5 dormitorios;2 baños;142 m² útiles;5 dormitorios | 2 baños | 142 m² útiles;Ñuñoa, Estadio Nacional;-33.4543164;-70.5936358;Ñuñoa, Ñuñoa, Santiago, Chile
2025-11-29 18:09:27;Ñuñoa;casa;Excelente Casa Comercial Y Estudio Av.italia;22700;CLF;5 dormitorios;3 baños;338 m² útiles;5 dormitorios | 3 baños | 338 m² útiles;Teniente Montt 1945, Santiago, Ñuñoa, Metro Monseñor Eyzaguirre, Ñuñoa;-33.449749564835166;-70.61136676043957;Teniente Montt 1945, Ñuñoa, Santiago, Chile
2025-11-29 18:09:27;Ñuñoa;casa;Alcalde Jorge Monckeberg // Avda. Rodrigo De Araya;250000000;CLP;3 dormitorios;1 baño;50 m² útiles;3 dormitorios | 1 baño | 50 m² útiles;Alcalde Jorge Monckeberg 1500 - 1800, Ñuñoa, Chile, Villa Los Jardínes - Villa Los Presidentes, Ñuñoa;-33.4714603;-70.5867925;Alcalde Jorge Monckeberg 1500 - 1800, Ñuñoa, Santiago, Chile
2025-11-29 18:09:27;Ñuñoa;casa;Casa En Venta En Ñuñoa;54000;CLF;4 dormitorios;3 baños;400 m² útiles;4 dormitorios | 3 baños | 400 m² útiles;Ñuñoa, Metro Ñuñoa;-33.4543164;-70.5936358;Ñuñoa, Ñuñoa, Santiago, Chile
2025-11-29 18:09:27;Ñuñoa;casa;Amplia Casa Comercial En Venta, Ñuñoa!;7095;CLF;2 dormitorios;1 baño;160 m² útiles;2 dormitorios | 1 baño | 160 m² útiles;Ñuñoa, Plaza Ñuñoa;-33.4543164;-70.5936358;Ñuñoa, Ñuñoa, Santiago, Chile
2025-11-29 18:09:27;Ñuñoa;casa;Maravillosa Casa Familiar En Ñuñoa ;9550;CLF;4 dormitorios;2 baños;96 m² útiles;4 dormitorios | 2 baños | 96 m² útiles;Ñuñoa, Diagonal Oriente;-33.4543164;-70.5936358;Ñuñoa, Ñuñoa, Santiago, Chile
2025-11-29 18:09:27;Ñuñoa;casa;Venta Casa En Ñuñoa: Remodelada Y Lista Para Disfr...;11200;CLF;4 dormitorios;1 baño;168 m² útiles;4 dormitorios | 1 baño | 168 m² útiles;Ñuñoa, Parque Juan XXIII;-33.4543164;-70.5936358;Ñuñoa, Ñuñoa, Santiago, Chile
2025-11-29 18:09:27;Ñuñoa;casa;Townhouse De 3 Pisos En Ñuñoa  Espacios Versátile...;9000;CLF;3 dormitorios;2 baños;98 m² útiles;3 dormitorios | 2 baños | 98 m² útiles;Ñuñoa, Plaza Egaña;-33.4543164;-70.5936358;Ñuñoa, Ñuñoa, Santiago, Chile
2025-11-29 18:09:27;Ñuñoa;casa;Venta Townhouse De 3 Pisos, Ñuñoa;8550;CLF;3 dormitorios;2 baños;98 m² útiles;3 dormitorios | 2 baños | 98 m² útiles;Ñuñoa, Plaza Egaña;-33.4543164;-70.5936358;Ñuñoa, Ñuñoa, Santiago, Chile
2025-11-29 18:09:27;Ñuñoa;casa;Venta Casa Remodelada Con Gran Jardín, Ñuñoa;11875;CLF;3 dormitorios;2 baños;299 m² útiles;3 dormitorios | 2 baños | 299 m² útiles;Ñuñoa, Metro Irarrázaval;-33.4543164;-70.5936358;Ñuñoa, Ñuñoa, Santiago, Chile
2025-11-29 18:09:27;Ñuñoa;casa; Casa Familiar En Venta  Excelente Ubicación En Ñ...;17900;CLF;4 dormitorios;3 baños;228 m² útiles;4 dormitorios | 3 baños | 228 m² útiles;Santiago, Metro Ñuñoa, Ñuñoa;-33.4543164;-70.5936358;Santiago, Ñuñoa, Santiago, Chile
2025-11-29 18:09:27;Ñuñoa;casa;Oportunidad Para Inversionistas En Ñuñoa: Venta Ca...;12950;CLF;6 dormitorios;2 baños;177 m² útiles;6 dormitorios | 2 baños | 177 m² útiles;Ñuñoa, Estadio Nacional;-33.4543164;-70.5936358;Ñuñoa, Ñuñoa, Santiago, Chile
2025-11-29 18:09:27;Ñuñoa;casa;Venta Townhouse Con Vista A La Cordillera, Ñuñoa;11500;CLF;3 dormitorios;2 baños;90 m² útiles;3 dormitorios | 2 baños | 90 m² útiles;Ñuñoa, Diego De Almagro;-33.4543164;-70.5936358;Ñuñoa, Ñuñoa, Santiago, Chile
2025-11-29 18:09:27;Ñuñoa;casa;En Venta Linda Casa Remodelada, Con Excelentes Ter...;11970;CLF;4 dormitorios;2 baños;114 m² útiles;4 dormitorios | 2 baños | 114 m² útiles;Ñuñoa, Parque Botánico;-33.4543164;-70.5936358;Ñuñoa, Ñuñoa, Santiago, Chile
2025-11-29 18:09:27;Ñuñoa;casa;En Venta. Maravillosa Con 485 De Terreno Cerca Del...;13000;CLF;7 dormitorios;4 baños;320 m² útiles;7 dormitorios | 4 baños | 320 m² útiles;Montenegro, Parque Botánico, Ñuñoa;-33.4511267;-70.5863251;Montenegro, Ñuñoa, Santiago, Chile
2025-11-29 18:09:27;Ñuñoa;casa;Venta De Casa Amplia Con Gran Terreno Barrio Suare...;17000;CLF;5 dormitorios;3 baños;201 m² útiles;5 dormitorios | 3 baños | 201 m² útiles;Ñuñoa, Estadio Nacional;-33.4543164;-70.5936358;Ñuñoa, Ñuñoa, Santiago, Chile
2025-11-29 18:09:27;Ñuñoa;casa;Preciosa Casa Familiar En Venta Con Jardín Y Gran ...;12600;CLF;4 dormitorios;2 baños;190 m² útiles;4 dormitorios | 2 baños | 190 m² útiles;Ñuñoa, Plaza Ñuñoa;-33.4543164;-70.5936358;Ñuñoa, Ñuñoa, Santiago, Chile
2025-11-29 18:09:27;Ñuñoa;casa;Hermosa Casa Remodelada En Ñuñoa!;8500;CLF;4 dormitorios;4 baños;70 m² útiles;4 dormitorios | 4 baños | 70 m² útiles;Ñuñoa, Villa Frei;-33.4543164;-70.5936358;Ñuñoa, Ñuñoa, Santiago, Chile
2025-11-29 18:09:27;Ñuñoa;casa;Espectacular Casa De Un Piso En Venta En Ñuñoa!;9215;CLF;5 dormitorios;3 baños;150 m² útiles;5 dormitorios | 3 baños | 150 m² útiles;Ñuñoa, Estadio Nacional;-33.4543164;-70.5936358;Ñuñoa, Ñuñoa, Santiago, Chile
2025-11-29 18:09:27;Ñuñoa;casa;Venta De Casa Amplia Y Bien Ubicada En Ñuñoa Con G...;11400;CLF;6 dormitorios;3 baños;250 m² útiles;6 dormitorios | 3 baños | 250 m² útiles;Ñuñoa, Metro Ñuñoa;-33.4543164;-70.5936358;Ñuñoa, Ñuñoa, Santiago, Chile
2025-11-29 18:09:27;Ñuñoa;casa;Casa Con Amplio Terreno En Barrio Parque Juan Xxiii Ñuñoa;12700;CLF;3 dormitorios;2 baños;165 m² útiles;3 dormitorios | 2 baños | 165 m² útiles;Los Almendros, Parque Juan XXIII, Ñuñoa;-33.445374285931464;-70.5757832511659;Los Almendros, Ñuñoa, Santiago, Chile
2025-11-29 18:09:27;Ñuñoa;casa;Venta: Casa En Ñuñoa. Impecable Al Lado Del Parque...;10900;CLF;3 dormitorios;2 baños;99 m² útiles;3 dormitorios | 2 baños | 99 m² útiles;Ñuñoa, Parque Botánico;-33.4543164;-70.5936358;Ñuñoa, Ñuñoa, Santiago, Chile
2025-11-29 18:09:27;Ñuñoa;casa;Maravillosa Casa En Venta! 525 M2 En Barrio Gorost...;16900;CLF;5 dormitorios;2 baños;255 m² útiles;5 dormitorios | 2 baños | 255 m² útiles;Ñuñoa, Villa Frei;-33.4543164;-70.5936358;Ñuñoa, Ñuñoa, Santiago, Chile
2025-11-29 18:09:27;Ñuñoa;casa;Preciosa Casa En Venta En Ñuñoa. Estilo Inglés Rem...;16625;CLF;5 dormitorios;4 baños;175 m² útiles;5 dormitorios | 4 baños | 175 m² útiles;Ñuñoa, Diego De Almagro;-33.4543164;-70.5936358;Ñuñoa, Ñuñoa, Santiago, Chile
2025-11-29 18:09:27;Ñuñoa;casa;Preciosa Casa Townhouse En Condominio Cerrado;9300;CLF;3 dormitorios;3 baños;100 m² útiles;3 dormitorios | 3 baños | 100 m² útiles;Bremen 300 - 600, Ñuñoa, Plaza Egaña, Ñuñoa;-33.4522197;-70.59432782234066;Bremen 300 - 600, Ñuñoa, Santiago, Chile
2025-11-29 18:09:27;Ñuñoa;casa;Venta Amplia Casa  En Ubicación Privilegiada De Ñu...;10400;CLF;4 dormitorios;3 baños;153 m² útiles;4 dormitorios | 3 baños | 153 m² útiles;Ñuñoa, Estadio Nacional;-33.4543164;-70.5936358;Ñuñoa, Ñuñoa, Santiago, Chile
2025-11-29 18:09:27;Ñuñoa;casa;Venta Casa Renovada En Villa Frei, Ñuñoa;7500;CLF;4 dormitorios;2 baños;142 m² útiles;4 dormitorios | 2 baños | 142 m² útiles;Ñuñoa, Villa Frei;-33.4543164;-70.5936358;Ñuñoa, Ñuñoa, Santiago, Chile
2025-11-29 18:09:27;Ñuñoa;casa;Venta Casa Con Gran Terreno, Ñuñoa;10260;CLF;5 dormitorios;3 baños;131 m² útiles;5 dormitorios | 3 baños | 131 m² útiles;Ñuñoa, Plaza Egaña;-33.4543164;-70.5936358;Ñuñoa, Ñuñoa, Santiago, Chile
2025-11-29 18:09:27;Ñuñoa;casa;Linda Casa En Condominio, Venta En Barrio Amapolas...;10440;CLF;4 dormitorios;3 baños;134 m² útiles;4 dormitorios | 3 baños | 134 m² útiles;Santiago, Amapolas, Ñuñoa;-33.4543164;-70.5936358;Santiago, Ñuñoa, Santiago, Chile
2025-11-29 18:09:27;Ñuñoa;casa;Venta Casa Con Gran Terreno Y Encanto Clásico En Ñ...;13500;CLF;3 dormitorios;1 baño;191 m² útiles;3 dormitorios | 1 baño | 191 m² útiles;Ñuñoa, Estadio Nacional;-33.4543164;-70.5936358;Ñuñoa, Ñuñoa, Santiago, Chile
2025-11-29 18:09:27;Ñuñoa;casa;Venta Casa Remodelada En Villa Frei, Ñuñoa;7990;CLF;3 dormitorios;1 baño;64 m² útiles;3 dormitorios | 1 baño | 64 m² útiles;Ñuñoa, Villa Frei;-33.4543164;-70.5936358;Ñuñoa, Ñuñoa, Santiago, Chile
2025-11-29 18:09:27;Ñuñoa;casa;Townhouse En Condominio De Barrio Muy Residencial De Ñuñoa;8500;CLF;3 dormitorios;3 baños;100 m² útiles;3 dormitorios | 3 baños | 100 m² útiles;Juan Francisco González, Plaza Egaña, Ñuñoa;-33.44855085126692;-70.57969450334814;Juan Francisco González, Ñuñoa, Santiago, Chile
2025-11-29 18:09:27;Ñuñoa;casa;Hermosa Casa Tradicional En Sector Residencial De Ñuñoa. ;7900;CLF;3 dormitorios;1 baño;180 m² útiles;3 dormitorios | 1 baño | 180 m² útiles;Avenida Simón Bolívar 2812, Ñuñoa, Chile, Plaza Ñuñoa, Ñuñoa;-33.4461845;-70.5719261;Avenida Simón Bolívar 2812, Ñuñoa, Santiago, Chile
2025-11-29 18:09:27;Ñuñoa;casa;Acogedora Con Gran Potencial. Pza. Gmo. Franke;12500;CLF;6 dormitorios;3 baños;252 m² útiles;6 dormitorios | 3 baños | 252 m² útiles;Atahualpa, Metro Monseñor Eyzaguirre, Ñuñoa;-33.44976490008244;-70.61750983142032;Atahualpa, Ñuñoa, Santiago, Chile
2025-11-29 18:09:39;Ñuñoa;casa;Venta Casa Con Historia Y Gran Potencial En Ñuñoa;9800;CLF;7 dormitorios;4 baños;176 m² útiles;7 dormitorios | 4 baños | 176 m² útiles;Santiago, Villa Frei, Ñuñoa;-33.4543164;-70.5936358;Santiago, Ñuñoa, Santiago, Chile
2025-11-29 18:09:39;Ñuñoa;casa;Amplia Casa Con Gran Terreno Y Opción De Segundo Baño;10300;CLF;3 dormitorios;2 baños;117 m² útiles;3 dormitorios | 2 baños | 117 m² útiles;Ángel Cruchaga Sta. Maria, Parque Juan XXIII, Ñuñoa;-33.45104395;-70.5863740360684;Ángel Cruchaga Sta. Maria, Ñuñoa, Santiago, Chile
2025-11-29 18:09:39;Ñuñoa;casa;Excelente Oportunidad, Casa En Venta Ubicada En Ñu...;8550;CLF;3 dormitorios;2 baños;89 m² útiles;3 dormitorios | 2 baños | 89 m² útiles;Ñuñoa, Amapolas;-33.4543164;-70.5936358;Ñuñoa, Ñuñoa, Santiago, Chile
2025-11-29 18:09:39;Ñuñoa;casa;Casa En Venta En Ñuñoa;15900;CLF;3 dormitorios;3 baños;179 m² útiles;3 dormitorios | 3 baños | 179 m² útiles;García Moreno 1800 - 2100, Ñuñoa, Amapolas, Ñuñoa;-33.4439201181191;-70.58895604004348;García Moreno 1800 - 2100, Ñuñoa, Santiago, Chile
2025-11-29 18:09:39;Ñuñoa;casa;Vendo Solida Casa Con Dpto 6d/3b/5e/2b Ñuñoa, Santiago Chile;14000;CLF;6 dormitorios;4 baños;138 m² útiles;6 dormitorios | 4 baños | 138 m² útiles;Heriberto Covarrubias 231, Ñuñoa, Plaza Egaña, Ñuñoa;-33.45117705;-70.57318992718422;Heriberto Covarrubias 231, Ñuñoa, Santiago, Chile
2025-11-29 18:09:39;Ñuñoa;casa;Amplia Casa Suárez Mujica / Salvador / Ñuñoa.;17500;CLF;4 dormitorios;4 baños;210 m² útiles;4 dormitorios | 4 baños | 210 m² útiles;Suárez Mujica 1071, Ñuñoa, Santiago, Estadio Nacional, Ñuñoa;-33.45930055714285;-70.62011021428572;Suárez Mujica 1071, Ñuñoa, Santiago, Chile
2025-11-29 18:09:39;Ñuñoa;casa; Amplia Casa Años 40 En Ñuñoa, Oportunidad Única ;10600;CLF;7 dormitorios;3 baños;272 m² útiles;7 dormitorios | 3 baños | 272 m² útiles;Seminario, 1 - 300, Metro Irarrázaval, Ñuñoa;-33.45136539367617;-70.62740404269906;Seminario, Ñuñoa, Santiago, Chile
2025-11-29 18:09:39;Ñuñoa;casa;Casa En Venta En Metro Bilbao Providencia;13100;CLF;3 dormitorios;2 baños;138 m² útiles;3 dormitorios | 2 baños | 138 m² útiles;Av. Eliecer Parada 1500 - 1800, Providencia, Ñuñoa, Amapolas, Ñuñoa;-33.44818863093291;-70.59310581136798;Av. Eliecer Parada 1500 - 1800, Ñuñoa, Santiago, Chile
2025-11-29 18:09:39;Ñuñoa;casa;Casa En Venta En La Quilla Con Jardín;9000;CLF;4 dormitorios;2 baños;99 m² útiles;4 dormitorios | 2 baños | 99 m² útiles;La Quilla 600 - 900, Ñuñoa, Chile, Villa Frei, Ñuñoa;-33.458719269491525;-70.6177735559322;La Quilla 600 - 900, Ñuñoa, Santiago, Chile
2025-11-29 18:09:39;Ñuñoa;casa;Casa En Venta En Ñuñoa Con Piscina;14500;CLF;4 dormitorios;2 baños;194 m² útiles;4 dormitorios | 2 baños | 194 m² útiles;Gral. Gorostiaga 600 - 900, Ñuñoa, Región Metropolitana, Chile, Parque Botánico, Ñuñoa;-33.4488803;-70.5803673;Gral. Gorostiaga 600 - 900, Ñuñoa, Santiago, Chile
2025-11-29 18:09:39;Ñuñoa;casa;La Giralda/amapolas;11990;CLF;5 dormitorios;4 baños;150 m² útiles;5 dormitorios | 4 baños | 150 m² útiles;La Giralda, Ñuñoa, Amapolas, Ñuñoa;-33.43828320263273;-70.5816810126365;La Giralda, Ñuñoa, Santiago, Chile
2025-11-29 18:09:39;Ñuñoa;casa;Casa En Venta En Amapolas, Ñuñoa;300000000;CLP;4 dormitorios;2 baños;136 m² útiles;4 dormitorios | 2 baños | 136 m² útiles;Pje. Arturo Medina 5400 - 5700, Ñuñoa, Amapolas, Ñuñoa;-33.4408516;-70.5753064;Pje. Arturo Medina 5400 - 5700, Ñuñoa, Santiago, Chile
2025-11-29 18:09:39;Ñuñoa;casa;Casa En Venta En Ñuñoa Cod. 1460;6800;CLF;4 dormitorios;3 baños;99 m² útiles;4 dormitorios | 3 baños | 99 m² útiles;Exequiel Fernández 1460, Santiago, Ñuñoa, Estadio Nacional, Ñuñoa;-33.46838375;-70.60036464999999;Exequiel Fernández 1460, Ñuñoa, Santiago, Chile
2025-11-29 18:09:39;Ñuñoa;casa;Townhouse En Barrio Pucara;7490;CLF;3 dormitorios;2 baños;100 m² útiles;3 dormitorios | 2 baños | 100 m² útiles;Av. Echeñique ,, Metro Simón Bolivar, Ñuñoa;-33.44628025321275;-70.57465799118101;Av. Echeñique, Ñuñoa, Santiago, Chile
2025-11-29 18:09:39;Ñuñoa;casa;Excelente Casa En Ñuñoa!!;9550;CLF;4 dormitorios;3 baños;134 m² útiles;4 dormitorios | 3 baños | 134 m² útiles;Montenegro 2100 - 2400, Ñuñoa, Diego De Almagro, Ñuñoa;-33.471166499999995;-70.61381546347351;Montenegro 2100 - 2400, Ñuñoa, Santiago, Chile
2025-11-29 18:09:39;Ñuñoa;casa;Casa En Venta Diagonal Oriente, Metro Villa Frei, Ñuñoa;23200;CLF;4 dormitorios;4 baños;231 m² útiles;4 dormitorios | 4 baños | 231 m² útiles;Diagonal Oriente, Ñuñoa;-33.454618083888604;-70.57985010074917;Diagonal Oriente, Ñuñoa, Santiago, Chile
2025-11-29 18:09:39;Ñuñoa;casa;Casa En Venta En Ñuñoa;9500;CLF;4 dormitorios;2 baños;80 m² útiles;4 dormitorios | 2 baños | 80 m² útiles;Metro Los Orientales, Villa Frei, Ñuñoa;-33.454353;-70.5798948;Los Orientales, Ñuñoa, Santiago, Chile
2025-11-29 18:09:39;Ñuñoa;casa;Casa En Venta De 5 Dorm. En Ñuñoa;375000000;CLP;5 dormitorios;7 baños;272 m² útiles;5 dormitorios | 7 baños | 272 m² útiles;Ortuzar Con Batlle Y Ordoñez, Villa Frei, Ñuñoa;-33.4544469;-70.58028135;Ortuzar Con Batlle Y Ordoñez, Ñuñoa, Santiago, Chile
2025-11-29 18:09:39;Ñuñoa;casa;Se Vende Casa, Ñuñoa, Modelo Townhouse;9200;CLF;3 dormitorios;3 baños;100 m² útiles;3 dormitorios | 3 baños | 100 m² útiles;Parque Botánico, Ñuñoa;-33.445463849999996;-70.58641610962994;Parque Botánico, Ñuñoa, Santiago, Chile
2025-11-29 18:09:39;Ñuñoa;casa;Imponente Casa En El Corazón De Ñuñoa;8900;CLF;6 dormitorios;3 baños;162 m² útiles;6 dormitorios | 3 baños | 162 m² útiles;Eduardo Castillo Velasco, 4200 - 4500, Villa Frei, Ñuñoa;-33.45914161661513;-70.5969709363368;Eduardo Castillo Velasco, Ñuñoa, Santiago, Chile
2025-11-29 18:09:39;Ñuñoa;casa;Casa En Venta En Ñuñoa;6890;CLF;4 dormitorios;1 baño;88 m² útiles;4 dormitorios | 1 baño | 88 m² útiles;PEDRO DE VALDIVIA / METRO ESTADIO NACIONAL, Ñuñoa;-33.4623809;-70.6062176;PEDRO DE VALDIVIA / ESTADIO NACIONAL, Ñuñoa, Santiago, Chile
2025-11-29 18:09:39;Ñuñoa;casa;Casa En Venta En Ñuñoa;440000000;CLP;4 dormitorios;1 baño;170 m² útiles;4 dormitorios | 1 baño | 170 m² útiles;Los Orientales / Duble Almeyda, Diagonal Oriente, Ñuñoa;-33.4573013;-70.59158422141533;Los Orientales / Duble Almeyda, Ñuñoa, Santiago, Chile
2025-11-29 18:09:39;Ñuñoa;casa;Casa Renovada Ñuñoa Cercana Metro Los Orientales;7500;CLF;3 dormitorios;1 baño;64 m² útiles;3 dormitorios | 1 baño | 64 m² útiles;Las Docas, 5100 - 5400, Villa Frei, Ñuñoa;-33.46407796283958;-70.5770862380436;Las Docas, Ñuñoa, Santiago, Chile
2025-11-29 18:09:39;Ñuñoa;casa;Simón Bolivar/p. De Valdivia C_423314;12500;CLF;3 dormitorios;2 baños;299 m² útiles;3 dormitorios | 2 baños | 299 m² útiles;Metro Ñuñoa, Ñuñoa;-33.4543164;-70.5936358;Ñuñoa, Ñuñoa, Santiago, Chile
2025-11-29 18:09:39;Ñuñoa;casa;¡inversión Segura En Ñuñoa !!!;15000;CLF;4 dormitorios;2 baños;241 m² útiles;4 dormitorios | 2 baños | 241 m² útiles;Jorge Washington, 1 - 300, Plaza Ñuñoa, Ñuñoa;-33.4538783;-70.5936295996927;Jorge Washington, Ñuñoa, Santiago, Chile
2025-11-29 18:09:39;Ñuñoa;casa;Casa 11 Dorm.5 Baños En Ñuñoa.casareposo,estudiantil,hostal.;589000000;CLP;11 dormitorios;5 baños;294 m² útiles;11 dormitorios | 5 baños | 294 m² útiles;Metro Chile España - Plaza Ñuñoa, Parque Juan XXIII, Ñuñoa;-33.4567721;-70.5967679;Chile España - Plaza Ñuñoa, Ñuñoa, Santiago, Chile
2025-11-29 18:09:39;Ñuñoa;casa;Casa En Venta Metro Orientales De 4 Dorm. En Ñuñoa, 2 Baños;16950;CLF;4 dormitorios;2 baños;151 m² útiles;4 dormitorios | 2 baños | 151 m² útiles;AV. AMÉRICO VESPUCIO / METRO LOS ORIENTALES, Diagonal Oriente, Ñuñoa;-33.4621693;-70.5739442;AV. AMÉRICO VESPUCIO / LOS ORIENTALES, Ñuñoa, Santiago, Chile
2025-11-29 18:09:39;Ñuñoa;casa;Casa En Venta De 5 Dorm. En Ñuñoa;15450;CLF;5 dormitorios;3 baños;160 m² útiles;5 dormitorios | 3 baños | 160 m² útiles;GRECIA / MACUL, Estadio Nacional, Ñuñoa;-33.4695344;-70.5765034;GRECIA / MACUL, Ñuñoa, Santiago, Chile
2025-11-29 18:09:39;Ñuñoa;casa;Colegio San Ignacio / Amapolas ;26000;CLF;7 dormitorios;6 baños;196 m² útiles;7 dormitorios | 6 baños | 196 m² útiles;Amapolas / Colegio San Ignacio / Bilbao, Amapolas, Ñuñoa;-33.440441;-70.57952622087429;Amapolas / Colegio San Ignacio / Bilbao, Ñuñoa, Santiago, Chile
2025-11-29 18:09:39;Ñuñoa;casa;Casa En Venta Lado Manuel Montt -antonio Varas;11500;CLF;5 dormitorios;3 baños;138 m² útiles;5 dormitorios | 3 baños | 138 m² útiles;Leopoldo Urrutia 1860, Ñuñoa, Metro Monseñor Eyzaguirre, Ñuñoa;-33.45227315492958;-70.6121307140845;Leopoldo Urrutia 1860, Ñuñoa, Santiago, Chile
2025-11-29 18:09:39;Ñuñoa;casa;Amplia Casa Con Oportunidad De Inversión;5500;CLF;5 dormitorios;1 baño;110 m² útiles;5 dormitorios | 1 baño | 110 m² útiles;Lo Encalada, 1 - 300, Metro Irarrázaval, Ñuñoa;-33.458496499999995;-70.62407077489434;Lo Encalada, Ñuñoa, Santiago, Chile
2025-11-29 18:09:39;Ñuñoa;casa;Remodelada Casa En Venta - Ñuñoa;125000000;CLP;2 dormitorios;1 baño;80 m² útiles;2 dormitorios | 1 baño | 80 m² útiles;Via Ocho, 1391, Estadio Nacional, Ñuñoa;-33.46726845667047;-70.620150752506;Via Ocho, Ñuñoa, Santiago, Chile
2025-11-29 18:09:39;Ñuñoa;casa;Tu Hogar Perfecto En Ñuñoa;11900;CLF;5 dormitorios;4 baños;308 m² útiles;5 dormitorios | 4 baños | 308 m² útiles;Simon Bolivar, 1919, Metro Monseñor Eyzaguirre, Ñuñoa;-33.44815078505085;-70.58168628732375;Simon Bolivar, Ñuñoa, Santiago, Chile
2025-11-29 18:09:39;Ñuñoa;casa;Dos Casas En Un Terreno De 452 M2 En Ñuñoa;13800;CLF;4 dormitorios;3 baños;180 m² útiles;4 dormitorios | 3 baños | 180 m² útiles;EMILIA TELLEZ 4169, 1 - 300, Parque Botánico, Ñuñoa;-33.44053015;-70.58513147090757;EMILIA TELLEZ 4169, Ñuñoa, Santiago, Chile
2025-11-29 18:09:39;Ñuñoa;casa;Ñuñoa Prime: 745 M², Retorno Seguro, Suelo Escaso;16000;CLF;6 dormitorios;2 baños;740 m² útiles;6 dormitorios | 2 baños | 740 m² útiles;Brown Sur, 1 - 300, Plaza Ñuñoa, Ñuñoa;-33.457353174801135;-70.59215993152776;Brown Sur, Ñuñoa, Santiago, Chile
2025-11-29 18:09:39;Ñuñoa;casa;Ortuzar/colegio Calasanz C_423478;10500;CLF;3 dormitorios;2 baños;119 m² útiles;3 dormitorios | 2 baños | 119 m² útiles;Parque Botánico, Ñuñoa;-33.445463849999996;-70.58641610962994;Parque Botánico, Ñuñoa, Santiago, Chile
2025-11-29 18:09:39;Ñuñoa;casa;Simon Bolivar/a. Varas C_423248;7700;CLF;5 dormitorios;4 baños;161 m² útiles;5 dormitorios | 4 baños | 161 m² útiles;Metro Monseñor Eyzaguirre, Ñuñoa;-33.4531944;-70.613519;Monseñor Eyzaguirre, Ñuñoa, Santiago, Chile
2025-11-29 18:09:39;Ñuñoa;casa;Casa En Venta Con Giro Comercial;7095;CLF;3 dormitorios;2 baños;160 m² útiles;3 dormitorios | 2 baños | 160 m² útiles;Duble Almeyda, 5400 - 5700, Plaza Ñuñoa, Ñuñoa;-33.4573013;-70.59158422141533;Duble Almeyda, Ñuñoa, Santiago, Chile
2025-11-29 18:09:39;Ñuñoa;casa;Casa En Venta En Ñuñoa;10500;CLF;4 dormitorios;2 baños;127 m² útiles;4 dormitorios | 2 baños | 127 m² útiles;Licenciado De Las Peñas, Plaza Egaña, Ñuñoa;-33.4530423715336;-70.57733783759976;Licenciado De Las Peñas, Ñuñoa, Santiago, Chile
2025-11-29 18:09:39;Ñuñoa;casa;Casa En Venta En Ñuñoa Y Providencia;12990;CLF;4 dormitorios;4 baños;163 m² útiles;4 dormitorios | 4 baños | 163 m² útiles;Av. Hernando De Aguirre, Parque Botánico, Ñuñoa;-33.44329974660543;-70.583658604346;Av. Hernando De Aguirre, Ñuñoa, Santiago, Chile
2025-11-29 18:09:39;Ñuñoa;casa;Totalmente Remodelada/ Metro Ñuñoa, 3d / 2b Lindo Jardín;11550;CLF;3 dormitorios;2 baños;141 m² útiles;3 dormitorios | 2 baños | 141 m² útiles;Pedro De Valdivia, Estadio Nacional, Ñuñoa;-33.465776500000004;-70.60749102715357;Pedro De Valdivia, Ñuñoa, Santiago, Chile
2025-11-29 18:09:39;Ñuñoa;casa;Casa Con Amplio Terreno En Venta Para Diversos Usos En Ñuñoa;14350;CLF;7 dormitorios;5 baños;224 m² útiles;7 dormitorios | 5 baños | 224 m² útiles;Los Avellanos / Pedro De Valdivia, Estadio Nacional, Ñuñoa;-33.47339029250795;-70.60816055284873;Los Avellanos / Pedro De Valdivia, Ñuñoa, Santiago, Chile
2025-11-29 18:09:39;Ñuñoa;casa;Casa En Venta De 4 Dorm + Oficina. Remodelada En Ñuñoa;13600;CLF;4 dormitorios;3 baños;240 m² útiles;4 dormitorios | 3 baños | 240 m² útiles;General Pedro Pablo Dartnell, Estadio Nacional, Ñuñoa;-33.46072075;-70.6159357;General Pedro Pablo Dartnell, Ñuñoa, Santiago, Chile
2025-11-29 18:09:39;Ñuñoa;casa;Casa En Venta En Emilia Tellez;16565;CLF;5 dormitorios;4 baños;190 m² útiles;5 dormitorios | 4 baños | 190 m² útiles;Emilia Tellez, Parque Botánico, Ñuñoa;-33.441973546670006;-70.57451838165436;Emilia Tellez, Ñuñoa, Santiago, Chile
2025-11-29 18:09:39;Ñuñoa;casa;Venta Casa Gran Terreno Ñuñoa Metro Villa Freire;23200;CLF;4 dormitorios;2 baños;231 m² útiles;4 dormitorios | 2 baños | 231 m² útiles;DIAGONAL ORIENTE CON IRARRAZAVAL, Ñuñoa;-33.45332406166273;-70.61994024293611;DIAGONAL ORIENTE CON IRARRAZAVAL, Ñuñoa, Santiago, Chile
2025-11-29 18:09:39;Ñuñoa;casa;Casa Remodelada 3 Dorm.en José Domingo Cañas. Ñuñoa;10100;CLF;3 dormitorios;2 baños;129 m² útiles;3 dormitorios | 2 baños | 129 m² útiles;José Domingo Cañas, Metro Irarrázaval, Ñuñoa;-33.45632345;-70.61723597939795;José Domingo Cañas, Ñuñoa, Santiago, Chile
2025-11-29 18:09:39;Ñuñoa;casa;Venta Casa Ñuñoa 4 Dorm 2 Baños;7690;CLF;4 dormitorios;2 baños;120 m² útiles;4 dormitorios | 2 baños | 120 m² útiles;Pje. Lo Pl. 942, Ñuñoa, Región Metropolitana, Chile, Villa Frei, Ñuñoa;-33.460340349438205;-70.62350007752809;Pje. Lo Pl. 942, Ñuñoa, Santiago, Chile
2025-11-29 18:09:39;Ñuñoa;casa;Casa En Venta De 4 Dorm. En Ñuñoa;15000;CLF;4 dormitorios;3 baños;250 m² útiles;4 dormitorios | 3 baños | 250 m² útiles;Angel Cruchaga, Montenegro, Parque Juan XXIII, Ñuñoa;-33.45104395;-70.5863740360684;Angel Cruchaga, Ñuñoa, Santiago, Chile
2025-11-29 18:09:51;Ñuñoa;casa;Casa En Venta De 5 Dormitorios En Ñuñoa;17500;CLF;5 dormitorios;4 baños;210 m² útiles;5 dormitorios | 4 baños | 210 m² útiles;Manuel Covarrubias, Brown Norte, Plaza Ñuñoa, Ñuñoa;-33.45038248038885;-70.59077482505789;Manuel Covarrubias, Ñuñoa, Santiago, Chile
2025-11-29 18:09:51;Ñuñoa;casa;Venta Casa Familiar Ñuñoa 176 M, 7d Y 3 Estac.;159000000;CLP;7 dormitorios;2 baños;120 m² útiles;7 dormitorios | 2 baños | 120 m² útiles;Rodrigo De Araya, Juan Gómez Millas, Ñuñoa;-33.4737735;-70.6128746360606;Rodrigo De Araya, Ñuñoa, Santiago, Chile
2025-11-29 18:09:51;Ñuñoa;casa;Av. Simon Bolivar/colegio Calasanz;10500;CLF;4 dormitorios;3 baños;119 m² útiles;4 dormitorios | 3 baños | 119 m² útiles;Av. Simón Bolívar 4416, Ñuñoa, Parque Botánico, Ñuñoa;-33.44817305;-70.58456637644449;Av. Simón Bolívar 4416, Ñuñoa, Santiago, Chile
2025-11-29 18:09:51;Ñuñoa;casa;Casa 3d Y Un Baño Frente A Universidad De Chile;177000000;CLP;2 dormitorios;1 baño;48 m² útiles;2 dormitorios | 1 baño | 48 m² útiles;Premio Nobel 1574, Ñuñoa, Chile, Juan Gómez Millas, Ñuñoa;-33.46960702307692;-70.59338626923078;Premio Nobel 1574, Ñuñoa, Santiago, Chile
2025-11-29 18:09:51;Ñuñoa;casa;Venta Casa Estilo Chilena En Ñuñoa Con Piscina Y Quincho;12650;CLF;5 dormitorios;4 baños;218 m² útiles;5 dormitorios | 4 baños | 218 m² útiles;Metro Villa Frei, Villa Frei, Ñuñoa;-33.4546697;-70.5814833;Villa Frei, Ñuñoa, Santiago, Chile
2025-11-29 18:09:51;Ñuñoa;casa;Casa En Venta 4 Dorm Ñuñoa Rodrigo De Araya/ Jp Alessandri;189000000;CLP;4 dormitorios;2 baños;110 m² útiles;4 dormitorios | 2 baños | 110 m² útiles;Rodrigo De Araya, Juan Gómez Millas, Ñuñoa;-33.4737735;-70.6128746360606;Rodrigo De Araya, Ñuñoa, Santiago, Chile
2025-11-29 18:09:51;Ñuñoa;casa;Formidable Casa Esquina En J. D. Cañas En Ñuñoa;15600;CLF;4 dormitorios;4 baños;240 m² útiles;4 dormitorios | 4 baños | 240 m² útiles;Ñuñoa;-33.4543164;-70.5936358;Ñuñoa, Santiago, Chile
2025-11-29 18:09:51;Ñuñoa;casa;Venta Casa Sólida Y Segura Casa En Simón Bolívar;10500;CLF;3 dormitorios;2 baños;119 m² útiles;3 dormitorios | 2 baños | 119 m² útiles;Parque Botánico, Ñuñoa;-33.445463849999996;-70.58641610962994;Parque Botánico, Ñuñoa, Santiago, Chile
2025-11-29 18:09:51;Ñuñoa;casa;Casa Con Excelente Conectividad Ñuñoa;6500;CLF;3 dormitorios;2 baños;74 m² útiles;3 dormitorios | 2 baños | 74 m² útiles;Ñuñoa;-33.4543164;-70.5936358;Ñuñoa, Santiago, Chile
2025-11-29 18:09:51;Ñuñoa;casa;Metro Simón Bolívar - Colegio La Salle;8200;CLF;5 dormitorios;3 baños;134 m² útiles;5 dormitorios | 3 baños | 134 m² útiles;Parque Botánico, Ñuñoa;-33.445463849999996;-70.58641610962994;Parque Botánico, Ñuñoa, Santiago, Chile
2025-11-29 18:09:51;Ñuñoa;casa;Venta Casa Nuñoa , Sector Residencial.;8000;CLF;5 dormitorios;3 baños;120 m² útiles;5 dormitorios | 3 baños | 120 m² útiles;Villa Frei, Ñuñoa;-33.4546697;-70.5814833;Villa Frei, Ñuñoa, Santiago, Chile
2025-11-29 18:09:51;Ñuñoa;casa;Casa Los Tres Antonios Id: 65250;9300;CLF;3 dormitorios;2 baños;130 m² útiles;3 dormitorios | 2 baños | 130 m² útiles;Los Tres Antonios, Estadio Nacional, Ñuñoa;-33.4713834508019;-70.60443406304117;Los Tres Antonios, Ñuñoa, Santiago, Chile
2025-11-29 18:09:51;Ñuñoa;casa;Casa Para Proyecto De Remodelación En Ñuñoa;9500;CLF;3 dormitorios;2 baños;150 m² útiles;3 dormitorios | 2 baños | 150 m² útiles;Estadio Nacional, Ñuñoa;-33.464382099999995;-70.61061809176775;Estadio Nacional, Ñuñoa, Santiago, Chile
2025-11-29 18:09:51;Ñuñoa;casa;Casa Alcalde Eduardo Castillo Velasco Id: 98875;14000;CLF;5 dormitorios;4 baños;200 m² útiles;5 dormitorios | 4 baños | 200 m² útiles;Alcalde Eduardo Castillo Velasco, Ñuñoa;-33.45914161661513;-70.5969709363368;Alcalde Eduardo Castillo Velasco, Ñuñoa, Santiago, Chile
2025-11-29 18:09:51;Ñuñoa;casa;Casa Amplia Y Con Gran Patio En Barrio Suarez Mujica;12500;CLF;7 dormitorios;4 baños;170 m² útiles;7 dormitorios | 4 baños | 170 m² útiles;Estadio Nacional, Ñuñoa;-33.464382099999995;-70.61061809176775;Estadio Nacional, Ñuñoa, Santiago, Chile
2025-11-29 18:09:51;Ñuñoa;casa;Maravillosa Casa De 3 Pisos Ortuzar Ñuñoa;14500;CLF;3 dormitorios;2 baños;200 m² útiles;3 dormitorios | 2 baños | 200 m² útiles;Parque Botánico, Ñuñoa;-33.445463849999996;-70.58641610962994;Parque Botánico, Ñuñoa, Santiago, Chile
2025-11-29 18:09:51;Ñuñoa;casa;Casa Suárez Mujica Id: 109164;20000;CLF;4 dormitorios;2 baños;264 m² útiles;4 dormitorios | 2 baños | 264 m² útiles;Suárez Mujica, Estadio Nacional, Ñuñoa;-33.4574105;-70.6141823;Suárez Mujica, Ñuñoa, Santiago, Chile
2025-11-29 18:09:51;Ñuñoa;casa;Casa Crescente Errázuriz Id: 125688;16000;CLF;5 dormitorios;4 baños;380 m² útiles;5 dormitorios | 4 baños | 380 m² útiles;Crescente Errázuriz, Estadio Nacional, Ñuñoa;-33.4588818;-70.60568765;Crescente Errázuriz, Ñuñoa, Santiago, Chile
2025-11-29 18:09:51;Ñuñoa;casa; Casa En Ñuñoa Para Remodelar  Amplia Y Luminosa ;13500;CLF;6 dormitorios;4 baños;229 m² útiles;6 dormitorios | 4 baños | 229 m² útiles;Emilia Tellez, 1 - 300, Parque Botánico, Ñuñoa;-33.441973546670006;-70.57451838165436;Emilia Tellez, Ñuñoa, Santiago, Chile
2025-11-29 18:09:51;Ñuñoa;casa;Amplia Y Cómoda, Sector Residencial;23000;CLF;4 dormitorios;4 baños;195 m² útiles;4 dormitorios | 4 baños | 195 m² útiles;Parque Botánico, Ñuñoa;-33.445463849999996;-70.58641610962994;Parque Botánico, Ñuñoa, Santiago, Chile
2025-11-29 18:09:51;Ñuñoa;casa;Casa | Ñuñoa | Uso Comercial Y Residencial;14500;CLF;4 dormitorios;3 baños;250 m² útiles;4 dormitorios | 3 baños | 250 m² útiles;Estadio Nacional, Ñuñoa;-33.464382099999995;-70.61061809176775;Estadio Nacional, Ñuñoa, Santiago, Chile
2025-11-29 18:09:51;Ñuñoa;casa;Bajó De Precio ! Casa  En Ñuñoa;12900;CLF;4 dormitorios;2 baños;130 m² útiles;4 dormitorios | 2 baños | 130 m² útiles;Diego De Almagro, Ñuñoa;-33.437405014150755;-70.58081502848258;Diego De Almagro, Ñuñoa, Santiago, Chile
2025-11-29 18:09:51;Ñuñoa;casa;Casa En Venta: Amplia, Excelente Para Remodelar;13800;CLF;6 dormitorios;4 baños;230 m² útiles;6 dormitorios | 4 baños | 230 m² útiles;Parque Botánico, Ñuñoa;-33.445463849999996;-70.58641610962994;Parque Botánico, Ñuñoa, Santiago, Chile
2025-11-29 18:09:51;Ñuñoa;casa;Casa Panamá Id: 133609;8700;CLF;4 dormitorios;4 baños;198 m² útiles;4 dormitorios | 4 baños | 198 m² útiles;Panamá, Parque San Eugenio - Metro Ñuble, Ñuñoa;-33.45807220953084;-70.62554461096747;Panamá, Ñuñoa, Santiago, Chile
2025-11-29 18:09:51;Ñuñoa;casa;Se Vende 4d, 3b, Jardín Formado, Piscina, Quincho En Ñuñoa;15950;CLF;4 dormitorios;3 baños;250 m² útiles;4 dormitorios | 3 baños | 250 m² útiles;Gral. Gorostiaga, Ñuñoa, Parque Botánico, Ñuñoa;-33.44907455;-70.58296939742081;Gral. Gorostiaga, Ñuñoa, Santiago, Chile
2025-11-29 18:09:51;Ñuñoa;casa;Casa En Venta De 3 Dorm. En Ñuñoa;19500;CLF;3 dormitorios;2 baños;174 m² útiles;3 dormitorios | 2 baños | 174 m² útiles;Santa Julia Con Alcalde Eduardo Castillo Velazco, Parque Juan XXIII, Ñuñoa;-33.45914161661513;-70.5969709363368;Santa Julia Con Alcalde Eduardo Castillo Velazco, Ñuñoa, Santiago, Chile
2025-11-29 18:09:51;Ñuñoa;casa;Casa En Venta En Pdte. Madero, Ñuñoa Con Terraza;18700;CLF;9 dormitorios;7 baños;300 m² útiles;9 dormitorios | 7 baños | 300 m² útiles;Gral. Miranda 2180, Ñuñoa, Estadio Nacional, Ñuñoa;-33.4526378;-70.6207079;Gral. Miranda 2180, Ñuñoa, Santiago, Chile
2025-11-29 18:09:51;Ñuñoa;casa;Casa En Venta De 5 Dorm. En Ñuñoa;465000000;CLP;5 dormitorios;4 baños;214 m² útiles;5 dormitorios | 4 baños | 214 m² útiles;En Venta Casa Aislada Con 2°Piso En Av. Irarrázaval Con Campos De Deportes, Metro Monseñor Eyzaguirre, Ñuñoa;7.89089875;-72.500958988094;En Venta Casa Aislada Con 2°Piso En Av. Irarrázaval Con Campos De Deportes, Ñuñoa, Santiago, Chile
2025-11-29 18:09:51;Ñuñoa;casa;Townhouse En Sector Con Mucha Vida De Barrio;12000;CLF;4 dormitorios;3 baños;130 m² útiles;4 dormitorios | 3 baños | 130 m² útiles;Diego De Almagro, Ñuñoa;-33.437405014150755;-70.58081502848258;Diego De Almagro, Ñuñoa, Santiago, Chile
2025-11-29 18:09:51;Ñuñoa;casa;Terreno Para Desarrollo Inmobiliario;16550;CLF;5 dormitorios;2 baños;142 m² útiles;5 dormitorios | 2 baños | 142 m² útiles;Exequiel Fernandez, 1200 - 1500, Estadio Nacional, Ñuñoa;-33.47254822682722;-70.60123147870799;Exequiel Fernandez, Ñuñoa, Santiago, Chile
2025-11-29 18:09:51;Ñuñoa;casa;Casa Mujica Id: 150414;12000;CLF;5 dormitorios;3 baños;240 m² útiles;5 dormitorios | 3 baños | 240 m² útiles;Mujica, Metro Irarrázaval, Ñuñoa;-33.453659349999995;-70.61446131414799;Mujica, Ñuñoa, Santiago, Chile
2025-11-29 18:09:51;Ñuñoa;casa;Casa En Venta En Ñuñoa En Hamburgo 585, Ñuñoa, Santiago;8900;CLF;4 dormitorios;3 baños;93 m² útiles;4 dormitorios | 3 baños | 93 m² útiles;Hamburgo 585, Ñuñoa, Santiago, Plaza Egaña, Ñuñoa;-33.448644;-70.5766282;Hamburgo 585, Ñuñoa, Santiago, Chile
2025-11-29 18:09:51;Ñuñoa;casa;Casa En Venta De 3 Dorm. En Ñuñoa;65000000;CLP;3 dormitorios;1 baño;68 m² útiles;3 dormitorios | 1 baño | 68 m² útiles;Casa De 1 Piso En Guillermo Mann Con Lo Encalada, Estadio Nacional, Ñuñoa;-33.4709046;-70.6208963;Casa De 1 Piso En Guillermo Mann Con Lo Encalada, Ñuñoa, Santiago, Chile
2025-11-29 18:09:51;Ñuñoa;casa;Casa En Venta En Ñuñoa;220000000;CLP;;;;;Casa 2 Pisos A Pasos De Estación Metro Simón Bolivar, Metro Simón Bolivar, Ñuñoa;-33.4480473;-70.5803816;Casa 2 Pisos A Pasos De Estación Simón Bolivar, Ñuñoa, Santiago, Chile
2025-11-29 18:09:51;Ñuñoa;casa;Clásica Propiedad Ñuñoína Para Remodelar.;18100;CLF;6 dormitorios;2 baños;240 m² útiles;6 dormitorios | 2 baños | 240 m² útiles;Hamburgo, Plaza Egaña, Ñuñoa;-33.44361188216571;-70.57737224920743;Hamburgo, Ñuñoa, Santiago, Chile
2025-11-29 18:09:51;Ñuñoa;casa;Amplia Casa En Barrio Residencial;12500;CLF;4 dormitorios;3 baños;173 m² útiles;4 dormitorios | 3 baños | 173 m² útiles;Villaseca , Ñuñoa, Región Metropolitana, Chile, Metro Ñuñoa, Ñuñoa;-33.4541894;-70.604972;Villaseca, Ñuñoa, Santiago, Chile
2025-11-29 18:09:51;Ñuñoa;casa;Clásica Casa Ñuñoína/3d + Servicio;10990;CLF;4 dormitorios;2 baños;146 m² útiles;4 dormitorios | 2 baños | 146 m² útiles;Juan Moya, Parque Juan XXIII, Ñuñoa;-33.468029349999995;-70.58935099135456;Juan Moya, Ñuñoa, Santiago, Chile
2025-11-29 18:09:51;Ñuñoa;casa;Casa Antigua/fachada Continua;9990;CLF;4 dormitorios;2 baños;156 m² útiles;4 dormitorios | 2 baños | 156 m² útiles;Alcalde Eduardo Castillo Velasco, Metro Monseñor Eyzaguirre, Ñuñoa;-33.45914161661513;-70.5969709363368;Alcalde Eduardo Castillo Velasco, Ñuñoa, Santiago, Chile
2025-11-29 18:09:51;Ñuñoa;casa;Se Vende Casa Familiar 4d/3b Con Piscina - Parque Botánico;15950;CLF;4 dormitorios;3 baños;250 m² útiles;4 dormitorios | 3 baños | 250 m² útiles;Parque Botánico, Ñuñoa;-33.445463849999996;-70.58641610962994;Parque Botánico, Ñuñoa, Santiago, Chile
2025-11-29 18:09:51;Ñuñoa;casa;Casa 4d+ Servicios/sector Residencial Tranquilo;15950;CLF;5 dormitorios;4 baños;190 m² útiles;5 dormitorios | 4 baños | 190 m² útiles;Garcia Moreno, Parque Botánico, Ñuñoa;-33.4439201181191;-70.58895604004348;Garcia Moreno, Ñuñoa, Santiago, Chile
2025-11-29 18:09:51;Ñuñoa;casa;Casa En Venta En Metro Monseñor Eyzaguirre Con Piscina;12500;CLF;3 dormitorios;2 baños;199 m² útiles;3 dormitorios | 2 baños | 199 m² útiles;Avenida Simón Bolívar, Metro Monseñor Eyzaguirre, Ñuñoa;-33.449840294596555;-70.60168321897282;Avenida Simón Bolívar, Ñuñoa, Santiago, Chile
2025-11-29 18:09:51;Ñuñoa;casa;Casa En Venta En Ñuñoa;19450;CLF;6 dormitorios;3 baños;213 m² útiles;6 dormitorios | 3 baños | 213 m² útiles;Los Talaveras N°, Parque Juan XXIII, Ñuñoa;-33.45740653814835;-70.59105614184095;Los Talaveras N°, Ñuñoa, Santiago, Chile
2025-11-29 18:09:51;Ñuñoa;casa;Clásica Casa Ñuñoína Sector Oriente;16900;CLF;4 dormitorios;3 baños;153 m² útiles;4 dormitorios | 3 baños | 153 m² útiles;Juan Francisco Gonzalez, Metro Simón Bolivar, Ñuñoa;-33.44855085126692;-70.57969450334814;Juan Francisco Gonzalez, Ñuñoa, Santiago, Chile
2025-11-29 18:09:51;Ñuñoa;casa;Casa Para Remodelar/amplio Patio;12000;CLF;2 dormitorios;1 baño;120 m² útiles;2 dormitorios | 1 baño | 120 m² útiles;Ñuñoa;-33.4543164;-70.5936358;Ñuñoa, Santiago, Chile
2025-11-29 18:09:51;Ñuñoa;casa;Casa En Pasaje, Cercana A Plaza Ñuñoa;14500;CLF;4 dormitorios;2 baños;283 m² útiles;4 dormitorios | 2 baños | 283 m² útiles;José Ignacio Vergara , Ñuñoa, Santiago, Región Metropolitana, Chile, Plaza Ñuñoa, Ñuñoa;-33.457772284084;-70.5939687559022;José Ignacio Vergara, Ñuñoa, Santiago, Chile
2025-11-29 18:09:51;Ñuñoa;casa;Casa En Venta En Matta Oriente Con Jardín;11000;CLF;10 dormitorios;10 baños;584 m² útiles;10 dormitorios | 10 baños | 584 m² útiles;Matta Oriente  -, Metro Irarrázaval, Ñuñoa;-33.45465332192227;-70.62340300804964;Matta Oriente -, Ñuñoa, Santiago, Chile
2025-11-29 18:09:51;Ñuñoa;casa;Oportunidad! Casa Para Inversión.;10500;CLF;9 dormitorios;8 baños;415 m² útiles;9 dormitorios | 8 baños | 415 m² útiles;Matta Oriente, Metro Irarrázaval, Ñuñoa;-33.45465332192227;-70.62340300804964;Matta Oriente, Ñuñoa, Santiago, Chile
2025-11-29 18:09:51;Ñuñoa;casa;Casa En Venta En Parque Botánico Ñuñoa;16400;CLF;5 dormitorios;3 baños;350 m² útiles;5 dormitorios | 3 baños | 350 m² útiles;Montenegro, Parque Botánico, Ñuñoa;-33.4511267;-70.5863251;Montenegro, Ñuñoa, Santiago, Chile
2025-11-29 18:10:52;Ñuñoa;casa;Amplia Casa Sector Residencial;15900;CLF;3 dormitorios;2 baños;125 m² útiles;3 dormitorios | 2 baños | 125 m² útiles;Brown Norte, Plaza Ñuñoa, Ñuñoa;-33.44975869872577;-70.59149543116202;Brown Norte, Ñuñoa, Santiago, Chile
2025-11-29 18:10:52;Ñuñoa;casa;Amplia Casa Sector Simon Bolivar;10800;CLF;4 dormitorios;2 baños;148 m² útiles;4 dormitorios | 2 baños | 148 m² útiles;Av Ossa, Plaza Egaña, Ñuñoa;-33.44370141140581;-70.57245476443998;Av Ossa, Ñuñoa, Santiago, Chile
2025-11-29 18:10:52;Ñuñoa;casa;Casa En Pasaje 3d-2b / Sector Residencial.;6550;CLF;3 dormitorios;2 baños;91 m² útiles;3 dormitorios | 2 baños | 91 m² útiles;Metro Ñuñoa, Ñuñoa;-33.4543164;-70.5936358;Ñuñoa, Ñuñoa, Santiago, Chile
2025-11-29 18:11:34;Ñuñoa;casa;Venta, Ñuñoa, Propiedad 525 Mts2;15400;CLF;;;525 m² útiles;525 m² útiles;Natalio Stein, 1 - 300, Metro Simón Bolivar, Ñuñoa;-33.44377024978417;-70.57678175001037;Natalio Stein, Ñuñoa, Santiago, Chile
2025-11-29 18:11:34;Ñuñoa;casa;Casa 2 Pisos, Venta, 4d, 3b, 3e. Ñuñoa;15950;CLF;4 dormitorios;3 baños;170 m² útiles;4 dormitorios | 3 baños | 170 m² útiles;General Gorostiaga, 1 - 300, Parque Botánico, Ñuñoa;-33.443642546252875;-70.58220565058231;General Gorostiaga, Ñuñoa, Santiago, Chile
2025-11-29 18:11:34;Ñuñoa;casa;Casa En Venta En Ñuñoa A Pasos Del Metro Ñuñoa;8200;CLF;4 dormitorios;3 baños;93 m² útiles;4 dormitorios | 3 baños | 93 m² útiles;Campos De Deportes, 225, Metro Monseñor Eyzaguirre, Ñuñoa;-33.46063077033912;-70.6097132981785;Campos De Deportes, Ñuñoa, Santiago, Chile
2025-11-29 18:11:34;Ñuñoa;casa;Venta Casa 298mts Metro Principe De Gales, Ñuñoa;12000;CLF;4 dormitorios;2 baños;130 m² útiles;4 dormitorios | 2 baños | 130 m² útiles;ROMEO SALINAS, Diego De Almagro, Ñuñoa;-33.43913765864642;-70.5741911713801;ROMEO SALINAS, Ñuñoa, Santiago, Chile
2025-11-29 18:11:34;Ñuñoa;casa;Venta ¡acogedora Casa! Con Ampliación En Ñuñoa ;16875;CLF;6 dormitorios;4 baños;278 m² útiles;6 dormitorios | 4 baños | 278 m² útiles;Julio Zegers, Parque Juan XXIII, Ñuñoa;-33.451064474878585;-70.5865409442345;Julio Zegers, Ñuñoa, Santiago, Chile
2025-11-29 18:11:34;Ñuñoa;casa;Hermosa Casa En Barrio Patrimonial Suárez Mujica;12800;CLF;5 dormitorios;3 baños;194 m² útiles;5 dormitorios | 3 baños | 194 m² útiles;Carmen Covarrubias, 1 - 300, Estadio Nacional, Ñuñoa;-33.45710580398165;-70.61164127011891;Carmen Covarrubias, Ñuñoa, Santiago, Chile
2025-11-29 18:11:34;Ñuñoa;casa;Casa En Venta De 3 Dorm. En Ñuñoa;12900;CLF;4 dormitorios;3 baños;144 m² útiles;4 dormitorios | 3 baños | 144 m² útiles;Eliecer Parada / Echeñique, Parque Botánico, Ñuñoa;-33.4445747;-70.590021;Eliecer Parada / Echeñique, Ñuñoa, Santiago, Chile
2025-11-29 18:11:34;Ñuñoa;casa;Casa En Venta De 6 Dorm. En Ñuñoa;1500000000;CLP;6 dormitorios;3 baños;263 m² útiles;6 dormitorios | 3 baños | 263 m² útiles;Manuel De Salas, Ñuñoa;-33.4543532;-70.59071630302878;Manuel De Salas, Ñuñoa, Santiago, Chile
2025-11-29 18:11:34;Ñuñoa;casa;Casa De 4d 3b Gran Ubicación Habitacional O Comercial;12300;CLF;4 dormitorios;3 baños;145 m² útiles;4 dormitorios | 3 baños | 145 m² útiles;Simon Bolivar 2965, Plaza Ñuñoa, Ñuñoa;-33.449504688235294;-70.59874068235294;Simon Bolivar 2965, Ñuñoa, Santiago, Chile
2025-11-29 18:11:34;Ñuñoa;casa;Casa En Venta En Ñuñoa;12000;CLF;4 dormitorios;3 baños;177 m² útiles;4 dormitorios | 3 baños | 177 m² útiles;Juan Moya Morales, Ñuñoa, Macul, Villa Los Jardínes - Villa Los Presidentes, Ñuñoa;-33.45940946610685;-70.58680418302939;Juan Moya Morales, Ñuñoa, Santiago, Chile
2025-11-29 18:11:34;Ñuñoa;casa;¡atención! Oportunidad En Ñuñoa Casa 5d-4b;13000;CLF;5 dormitorios;4 baños;171 m² útiles;5 dormitorios | 4 baños | 171 m² útiles;Luis Pereira, 600 - 900, Parque Botánico, Ñuñoa;-33.44752813281162;-70.58910808294145;Luis Pereira, Ñuñoa, Santiago, Chile
2025-11-29 18:11:34;Ñuñoa;casa;Elegante Casa Esquina 2 Pisos Para Institución O Negocio;27900;CLF;6 dormitorios;4 baños;364 m² útiles;6 dormitorios | 4 baños | 364 m² útiles;General Miranda / Campos De Deportes, Estadio Nacional, Ñuñoa;-33.46063077033912;-70.6097132981785;General Miranda / Campos De Deportes, Ñuñoa, Santiago, Chile
2025-11-29 18:11:34;Ñuñoa;casa;Casa En Venta En Ñuñoa;20500;CLF;17 dormitorios;17 baños;240 m² útiles;17 dormitorios | 17 baños | 240 m² útiles;Matta Oriente, Ñuñoa, Chile, Metro Irarrázaval, Ñuñoa;-33.45465332192227;-70.62340300804964;Matta Oriente, Ñuñoa, Santiago, Chile
2025-11-29 18:11:34;Ñuñoa;casa;Carmen Covarrubias 117;465000000;CLP;5 dormitorios;4 baños;214 m² útiles;5 dormitorios | 4 baños | 214 m² útiles;Carmen Covarrubias 117, Santiago, Ñuñoa, Metro Monseñor Eyzaguirre, Ñuñoa;-33.45710580398165;-70.61164127011891;Carmen Covarrubias 117, Ñuñoa, Santiago, Chile
2025-11-29 18:11:34;Ñuñoa;casa;Acogedora Casa Buen Terreno.;7150;CLF;5 dormitorios;2 baños;150 m² útiles;5 dormitorios | 2 baños | 150 m² útiles;Los Avellanos, 2400 - 2700, Estadio Nacional, Ñuñoa;-33.47339029250795;-70.60816055284873;Los Avellanos, Ñuñoa, Santiago, Chile
2025-11-29 18:11:34;Ñuñoa;casa;Venta Casa En Ñuñoa;15500;CLF;10 dormitorios;6 baños;218 m² útiles;10 dormitorios | 6 baños | 218 m² útiles;Los Cerezos 261 - 300, 0, Villa Frei, Ñuñoa;-33.457440933707865;-70.58517564269663;Los Cerezos 261 - 300, Ñuñoa, Santiago, Chile
2025-11-29 18:11:34;Ñuñoa;casa;Inversionista Casona En Venta, Ñuñoa;12500;CLF;11 dormitorios;5 baños;306 m² útiles;11 dormitorios | 5 baños | 306 m² útiles;Estrella Solitaria, 0, Plaza Egaña, Ñuñoa;-33.450624090761956;-70.57493926857998;Estrella Solitaria, Ñuñoa, Santiago, Chile
2025-11-29 18:11:34;Ñuñoa;casa;Casa En Venta De 3 Dorm. En Ñuñoa;7980;CLF;3 dormitorios;2 baños;125 m² útiles;3 dormitorios | 2 baños | 125 m² útiles;Ñuñoa;-33.4543164;-70.5936358;Ñuñoa, Santiago, Chile
2025-11-29 18:11:34;Ñuñoa;casa;Cómoda Casa 2 Pisos En Mejor Barrio De Ñuñoa;11400;CLF;4 dormitorios;3 baños;170 m² útiles;4 dormitorios | 3 baños | 170 m² útiles;Jaime Guzmán Errázuriz / Eliecer Parada, Plaza Ñuñoa, Ñuñoa;-33.44487161857615;-70.59792593890606;Jaime Guzmán Errázuriz / Eliecer Parada, Ñuñoa, Santiago, Chile
2025-11-29 18:11:34;Ñuñoa;casa;Casa Venta Ñuñoa 3 Dormitorios Campo Deportes ;5980;CLF;3 dormitorios;1 baño;98 m² útiles;3 dormitorios | 1 baño | 98 m² útiles;Campos De Deportes Castillo Velasco, Estadio Nacional, Ñuñoa;-33.45914161661513;-70.5969709363368;Campos De Deportes Castillo Velasco, Ñuñoa, Santiago, Chile
2025-11-29 18:11:34;Ñuñoa;casa;Venta Casa 4d+2b Santa Julia / Fernando C. Velasco;9500;CLF;4 dormitorios;2 baños;132 m² útiles;4 dormitorios | 2 baños | 132 m² útiles;Santa Julia, 300 - 600, Parque Juan XXIII, Ñuñoa;-33.46486474707212;-70.59096641909183;Santa Julia, Ñuñoa, Santiago, Chile
2025-11-29 18:11:34;Ñuñoa;casa;Pasaje Cerrado En Barrio Suarez Mujica;6500;CLF;3 dormitorios;2 baños;84 m² útiles;3 dormitorios | 2 baños | 84 m² útiles;Jose Manuel Infante, 1 - 300, Estadio Nacional, Ñuñoa;-33.45917369888832;-70.61862376281891;Jose Manuel Infante, Ñuñoa, Santiago, Chile
2025-11-29 18:11:34;Ñuñoa;casa;Encantadora Casa 2d 1b Remodelada En 2018 Con Patio En Ñuñoa;6500;CLF;2 dormitorios;1 baño;92 m² útiles;2 dormitorios | 1 baño | 92 m² útiles;"Rosita Renard &amp;; Echeñique, Metro Simón Bolivar, Ñuñoa";-33.4695767;-70.6038966;"Rosita Renard &amp;; Echeñique, Ñuñoa, Santiago, Chile"
2025-11-29 18:11:34;Ñuñoa;casa;Venta Casa 4 Dorm 3 Estaciona Ñuñoa Juan Monckeberg ;210000000;CLP;4 dormitorios;2 baños;150 m² útiles;4 dormitorios | 2 baños | 150 m² útiles;Alcalde Jorge Monckeberg, Cerca De Juan Ignacio Carrera Pinto, Villa Los Jardínes - Villa Los Presidentes, Ñuñoa;-33.473115533219556;-70.58729600913735;Alcalde Jorge Monckeberg, Ñuñoa, Santiago, Chile
2025-11-29 18:11:34;Ñuñoa;casa;Venta Casa En Ñuñoa Comercial- Habitacion Requiere Remodelar;7090;CLF;4 dormitorios;3 baños;135 m² útiles;4 dormitorios | 3 baños | 135 m² útiles;Dublé Almeyda Con Los Aliaga (Entre Los M. Plaza Egaña Y M. Los Orientales), Diagonal Oriente, Ñuñoa;7.89089875;-72.500958988094;Dublé Almeyda Con Los Aliaga (Entre Los M. Plaza Egaña Y M. Los Orientales), Ñuñoa, Santiago, Chile
2025-11-29 18:11:34;Ñuñoa;casa;Casa En Venta De 4 Dorm. En Ñuñoa;294000000;CLP;4 dormitorios;2 baños;120 m² útiles;4 dormitorios | 2 baños | 120 m² útiles;Sector Plaza Ñuñoa, Plaza Ñuñoa, Ñuñoa;-33.4543164;-70.5936358;Sector Plaza Ñuñoa, Ñuñoa, Santiago, Chile
2025-11-29 18:11:34;Ñuñoa;casa;Venta Casa 4 Dorm- 3 Bañ- 1 Est, Hamburgo, Ñuñoa ;8900;CLF;4 dormitorios;3 baños;113 m² útiles;4 dormitorios | 3 baños | 113 m² útiles;Hamburgo, Plaza Egaña, Ñuñoa;-33.44361188216571;-70.57737224920743;Hamburgo, Ñuñoa, Santiago, Chile
2025-11-29 18:11:34;Ñuñoa;casa;Casa En Pasaje, Excelente Ubicación, Mucho Potencial;7990;CLF;3 dormitorios;2 baños;125 m² útiles;3 dormitorios | 2 baños | 125 m² útiles;Av. Simón Bolívar 2700 - 3000, Ñuñoa, Plaza Ñuñoa, Ñuñoa;-33.44985294794521;-70.6026581630137;Av. Simón Bolívar 2700 - 3000, Ñuñoa, Santiago, Chile
2025-11-29 18:11:34;Ñuñoa;casa;Casa En Venta De 4 Dorm. En Ñuñoa;12500;CLF;4 dormitorios;3 baños;192 m² útiles;4 dormitorios | 3 baños | 192 m² útiles;Los Jazmines / Av. Grecia, Estadio Nacional, Ñuñoa;-33.4695344;-70.5765034;Los Jazmines / Av. Grecia, Ñuñoa, Santiago, Chile
2025-11-29 18:11:34;Ñuñoa;casa;Casa En Venta De 4 Dorm. En Ñuñoa;345000000;CLP;4 dormitorios;2 baños;113 m² útiles;4 dormitorios | 2 baños | 113 m² útiles;Cerca A Av Grecia, Estadio Nacional, Ñuñoa;-33.4695344;-70.5765034;Cerca A Av Grecia, Ñuñoa, Santiago, Chile
2025-11-29 18:11:34;Ñuñoa;casa;Amplia Casa En Zona Residencial Norte De Ñuñoa;8990;CLF;5 dormitorios;6 baños;229 m² útiles;5 dormitorios | 6 baños | 229 m² útiles;Ortúzar / Pdte. Batlle Y Ordoñez, Villa Frei, Ñuñoa;-33.4544469;-70.58028135;Ortúzar / Pdte. Batlle Y Ordoñez, Ñuñoa, Santiago, Chile
2025-11-29 18:11:34;Ñuñoa;casa;Casa En Venta De 4 Dorm. En Ñuñoa;12900;CLF;4 dormitorios;2 baños;127 m² útiles;4 dormitorios | 2 baños | 127 m² útiles;Romeo Salinas/Amapolas, Diego De Almagro, Ñuñoa;-33.43913765864642;-70.5741911713801;Romeo Salinas/Amapolas, Ñuñoa, Santiago, Chile
2025-11-29 18:11:34;Ñuñoa;casa;Casa En Venta De 7 Dorm. Gran Ubicación En Corazón De Ñuñoa;13490;CLF;7 dormitorios;4 baños;176 m² útiles;7 dormitorios | 4 baños | 176 m² útiles;Presidente Battle Y Ordoñez, Ñuñoa, Parque Juan XXIII, Ñuñoa;-33.4515058;-70.5851237;Presidente Battle Y Ordoñez, Ñuñoa, Santiago, Chile
2025-11-29 18:11:34;Ñuñoa;casa;Casa En Venta En Villa Frei Ñuñoa;8400;CLF;3 dormitorios;2 baños;150 m² útiles;3 dormitorios | 2 baños | 150 m² útiles;LINDA CASA REMODELADA, Villa Frei, Ñuñoa;-33.45632345;-70.61723597939795;LINDA CASA REMODELADA, Ñuñoa, Santiago, Chile
2025-11-29 18:11:34;Ñuñoa;casa;Casa En Venta En Parque San Eugenio Ñuñoa;8700;CLF;4 dormitorios;4 baños;198 m² útiles;4 dormitorios | 4 baños | 198 m² útiles;EXCELENTE CASA, Parque San Eugenio - Metro Ñuble, Ñuñoa;-33.45632345;-70.61723597939795;EXCELENTE CASA, Ñuñoa, Santiago, Chile
2025-11-29 18:11:34;Ñuñoa;casa;Casa En Venta En Los Tres Antonios;9300;CLF;3 dormitorios;2 baños;130 m² útiles;3 dormitorios | 2 baños | 130 m² útiles;LOS TRES ANTONIOS (MUY LINDA CASA), Estadio Nacional, Ñuñoa;-33.4713834508019;-70.60443406304117;LOS TRES ANTONIOS (MUY LINDA CASA), Ñuñoa, Santiago, Chile
2025-11-29 18:11:34;Ñuñoa;casa;Casa En Venta En Plaza Ñuñoa, Ñuñoa;740000000;CLP;5 dormitorios;6 baños;440 m² útiles;5 dormitorios | 6 baños | 440 m² útiles;EDUARDO CASTILLO VELASCO / LOS TRES ANTONIO, Plaza Ñuñoa, Ñuñoa;-33.45914161661513;-70.5969709363368;EDUARDO CASTILLO VELASCO / LOS TRES ANTONIO, Ñuñoa, Santiago, Chile
2025-11-29 18:11:34;Ñuñoa;casa;Casa En Venta En Metro Irarrázaval, Ñuñoa;12000;CLF;5 dormitorios;2 baños;240 m² útiles;5 dormitorios | 2 baños | 240 m² útiles;MUJICA, Metro Irarrázaval, Ñuñoa;-33.453659349999995;-70.61446131414799;MUJICA, Ñuñoa, Santiago, Chile
2025-11-29 18:11:34;Ñuñoa;casa;Casa En Venta En Parque Juan Xxiii, Ñuñoa;21000;CLF;5 dormitorios;4 baños;240 m² útiles;5 dormitorios | 4 baños | 240 m² útiles;CARLOS AGUIRRE LUCO / VICENTE REYES, Parque Juan XXIII, Ñuñoa;-33.44582391484817;-70.58563612250316;CARLOS AGUIRRE LUCO / VICENTE REYES, Ñuñoa, Santiago, Chile
2025-11-29 18:11:34;Ñuñoa;casa;Excelente Inversión En Ñuñoa;15350;CLF;5 dormitorios;3 baños;335 m² útiles;5 dormitorios | 3 baños | 335 m² útiles;Hamburgo 434, Ñuñoa, Chile, Plaza Egaña, Ñuñoa;-33.4508766835443;-70.59171375949367;Hamburgo 434, Ñuñoa, Santiago, Chile
2025-11-29 18:11:34;Ñuñoa;casa;Venta De Casa En Ñuñoa 4 Dorm., 2baños, Metro Ñuñoa L3 Y L6;280000000;CLP;3 dormitorios;2 baños;98 m² útiles;3 dormitorios | 2 baños | 98 m² útiles;Sucre Con Ricardo Lyon, Metro Ñuñoa, Ñuñoa;-33.4482685;-70.6021938;Sucre Con Ricardo Lyon, Ñuñoa, Santiago, Chile
2025-11-29 18:11:34;Ñuñoa;casa;Casa En Venta De 6 Dorm. En Ñuñoa;9800;CLF;6 dormitorios;4 baños;187 m² útiles;6 dormitorios | 4 baños | 187 m² útiles;Ortuzar/ Battle Y Ordoñez, Villa Frei, Ñuñoa;-33.4513797;-70.585633;Ortuzar/ Battle Y Ordoñez, Ñuñoa, Santiago, Chile
2025-11-29 18:12:10;Ñuñoa;casa;Casa Zona Residencial Con Ubicacion Principal;6990;CLF;3 dormitorios;2 baños;76 m² útiles;3 dormitorios | 2 baños | 76 m² útiles;Metro Orientales, Villa Frei, Ñuñoa;-33.454353;-70.5798948;Orientales, Ñuñoa, Santiago, Chile
2025-11-29 18:12:10;Ñuñoa;casa;Única Oportunidad Excelente Precio Gran Casa En Pucará ;389000000;CLP;5 dormitorios;2 baños;167 m² útiles;5 dormitorios | 2 baños | 167 m² útiles;Av Echenique, Amapolas, Ñuñoa;-33.44628025321275;-70.57465799118101;Av Echenique, Ñuñoa, Santiago, Chile
2025-11-29 18:12:10;Ñuñoa;casa;Casa En Venta De 3 Dorm. Cercana A Av Macul;190000000;CLP;3 dormitorios;2 baños;109 m² útiles;3 dormitorios | 2 baños | 109 m² útiles;San Pedro, Juan Gómez Millas, Ñuñoa;-33.4674345;-70.5984138;San Pedro, Ñuñoa, Santiago, Chile
2025-11-29 18:12:10;Ñuñoa;casa;Casa En Pasaje Cerrado/ Pucara;5200;CLF;3 dormitorios;2 baños;73 m² útiles;3 dormitorios | 2 baños | 73 m² útiles;Pucará 4818, Ñuñoa, Metro Simón Bolivar, Ñuñoa;-33.4461278;-70.5775797;Pucará 4818, Ñuñoa, Santiago, Chile
2025-11-29 18:12:10;Ñuñoa;casa;Manuel Montt / Simón Bolivar/ Calle Tranquila;5300;CLF;2 dormitorios;1 baño;67 m² útiles;2 dormitorios | 1 baño | 67 m² útiles;Manuel Montt / Simón Bolivar/ Calle Tranquila, Metro Monseñor Eyzaguirre, Ñuñoa;-33.44837038689613;-70.58286902460627;Manuel Montt / Simón Bolivar/ Calle Tranquila, Ñuñoa, Santiago, Chile
2025-11-29 18:12:10;Ñuñoa;casa;Casa Venta Obispo Orrego Villa Olímpica;195000000;CLP;3 dormitorios;1 baño;92 m² útiles;3 dormitorios | 1 baño | 92 m² útiles;Obispo Orrego 1477, Ñuñoa, Estadio Nacional, Ñuñoa;-33.46590422533333;-70.62007060399999;Obispo Orrego 1477, Ñuñoa, Santiago, Chile
2025-11-29 18:12:10;Ñuñoa;casa;Casa En Venta De 3 Dorm. En Ñuñoa;13200;CLF;3 dormitorios;3 baños;191 m² útiles;3 dormitorios | 3 baños | 191 m² útiles;Los Cerezos/Juan XXIII, Ñuñoa;-33.46334779559155;-70.58649961122285;Los Cerezos/Juan XXIII, Ñuñoa, Santiago, Chile
2025-11-29 18:12:10;Ñuñoa;casa;Para Renovar!, Pque Juan Xxiii, Barrio Tranquilo;8945;CLF;6 dormitorios;3 baños;184 m² útiles;6 dormitorios | 3 baños | 184 m² útiles;Psje Los Cerezos, 600 - 900, Parque Juan XXIII, Ñuñoa;-33.5001212;-70.6203988;Psje Los Cerezos, Ñuñoa, Santiago, Chile
2025-11-29 18:12:10;Ñuñoa;casa;Casa En Venta De 4 Dorm. En Ñuñoa;760000000;CLP;4 dormitorios;3 baños;140 m² útiles;4 dormitorios | 3 baños | 140 m² útiles;Duble Almeyda, Diagonal Oriente, Ñuñoa;-33.4573013;-70.59158422141533;Duble Almeyda, Ñuñoa, Santiago, Chile
2025-11-29 18:12:10;Ñuñoa;casa;Casa En Venta De 7 Dorm. En Ñuñoa;17200;CLF;7 dormitorios;4 baños;188 m² útiles;7 dormitorios | 4 baños | 188 m² útiles;Estrella Solitaria, Plaza Egaña, Ñuñoa;-33.450624090761956;-70.57493926857998;Estrella Solitaria, Ñuñoa, Santiago, Chile
2025-11-29 18:12:10;Ñuñoa;casa;Casa En Venta De 4 Dorm. En Ñuñoa;14500;CLF;4 dormitorios;1 baño;90 m² útiles;4 dormitorios | 1 baño | 90 m² útiles;Av. Echequeñique, Parque Botánico, Ñuñoa;-33.4541894;-70.604972;Av. Echequeñique, Ñuñoa, Santiago, Chile
2025-11-29 18:12:10;Ñuñoa;casa;Venta Casa Ñuñoa Metro Grecia De 3 Dorm. Remodelada;10100;CLF;3 dormitorios;3 baños;195 m² útiles;3 dormitorios | 3 baños | 195 m² útiles;Las Torpederas - Reina Del Mar, Villa Frei, Ñuñoa;-33.46734127210138;-70.57871299627428;Las Torpederas - Reina Del Mar, Ñuñoa, Santiago, Chile
2025-11-29 18:12:10;Ñuñoa;casa;Casa En Venta De 6 Dorm. En Ñuñoa;13800;CLF;3 dormitorios;2 baños;311 m² útiles;3 dormitorios | 2 baños | 311 m² útiles;José Domingo Cañas Con Pedro De Valdivia, Metro Ñuñoa, Ñuñoa;-33.45632345;-70.61723597939795;José Domingo Cañas Con Pedro De Valdivia, Ñuñoa, Santiago, Chile
2025-11-29 18:12:10;Ñuñoa;casa;"Vendo Casa En La Reina Uf19.000 &quot;metro Plaza Egaña&quot";19000;CLF;6 dormitorios;3 baños;695 m² totales;6 dormitorios | 3 baños | 695 m² totales;Blest Gana, Ñuñoa, Estadio Nacional, Ñuñoa;-33.4551647;-70.5648064;Blest Gana, Ñuñoa, Santiago, Chile
2025-11-29 18:12:10;Ñuñoa;casa;Amplia Casa Con Gran Terreno A La Venta En Ñuñoa;14000;CLF;5 dormitorios;4 baños;198 m² útiles;5 dormitorios | 4 baños | 198 m² útiles;Av. Sur / Julio Cordero, Parque San Eugenio - Metro Ñuble, Ñuñoa;-33.464382099999995;-70.61061809176775;Av. Sur / Julio Cordero, Ñuñoa, Santiago, Chile
2025-11-29 18:12:10;Ñuñoa;casa;Oportunidad ¡¡ Casa Con Gran Terreno En Ñuñoa;11000;CLF;3 dormitorios;2 baños;121 m² útiles;3 dormitorios | 2 baños | 121 m² útiles;Beta, Ñuñoa, Chile, Estadio Nacional, Ñuñoa;-33.45957425;-70.60402730000001;Beta, Ñuñoa, Santiago, Chile
2025-11-29 18:12:10;Ñuñoa;casa;Gran Oportunidad!!! Vendo Casa Ñuñoa;425000000;CLP;3 dormitorios;2 baños;148 m² útiles;3 dormitorios | 2 baños | 148 m² útiles;SIMON BOLIVAR, Plaza Egaña, Ñuñoa;-33.44815078505085;-70.58168628732375;SIMON BOLIVAR, Ñuñoa, Santiago, Chile
2025-11-29 18:12:10;Ñuñoa;casa;Amplia Casa En Barrio Consolidado Y Seguro En Ñuñoa;10490;CLF;4 dormitorios;3 baños;122 m² útiles;4 dormitorios | 3 baños | 122 m² útiles;Parque Juan XXIII, Parque Juan XXIII, Ñuñoa;-33.4603624;-70.5883245;Parque Juan XXIII, Ñuñoa, Santiago, Chile
2025-11-29 18:12:10;Ñuñoa;casa;Oportunidad Barrio Gran Demanda/ Amplia;9000;CLF;4 dormitorios;4 baños;139 m² útiles;4 dormitorios | 4 baños | 139 m² útiles;Los Jardines 526, Ñuñoa, Chile, Parque Juan XXIII, Ñuñoa;-33.460671168;-70.589057632;Los Jardines 526, Ñuñoa, Santiago, Chile
2025-11-29 18:12:10;Ñuñoa;casa;Casa En Venta De 10 Dorm. En Ñuñoa;15000;CLF;10 dormitorios;5 baños;287 m² útiles;10 dormitorios | 5 baños | 287 m² útiles;Suarez Mujica/Campo Deporte, Estadio Nacional, Ñuñoa;-33.4574105;-70.6141823;Suarez Mujica/Campo Deporte, Ñuñoa, Santiago, Chile
2025-11-29 18:12:10;Ñuñoa;casa;Oportunidad Casa A La Venta;11900;CLF;5 dormitorios;4 baños;198 m² útiles;5 dormitorios | 4 baños | 198 m² útiles;Avda Sur/ Julio Cordero, Parque San Eugenio - Metro Ñuble, Ñuñoa;-33.46023662635616;-70.62439520357452;Avda Sur/ Julio Cordero, Ñuñoa, Santiago, Chile
2025-11-29 18:12:10;Ñuñoa;casa;Casa En Venta De 4 Dorm. En Ñuñoa;9350;CLF;4 dormitorios;3 baños;172 m² útiles;4 dormitorios | 3 baños | 172 m² útiles;Nancy /Eduardo Castillo Velazco, Metro Irarrázaval, Ñuñoa;-33.45914161661513;-70.5969709363368;Nancy /Eduardo Castillo Velazco, Ñuñoa, Santiago, Chile
2025-11-29 18:12:10;Ñuñoa;casa;Liquidamos Linda Casa  Ñuñoa, Apta Empresas;18920;CLF;6 dormitorios;6 baños;400 m² útiles;6 dormitorios | 6 baños | 400 m² útiles;EDUARDO CASTILLO VELASCO, Estadio Nacional, Ñuñoa;-33.45914161661513;-70.5969709363368;EDUARDO CASTILLO VELASCO, Ñuñoa, Santiago, Chile
2025-11-29 18:12:10;Ñuñoa;casa;Casa Sólida Con Potencial Comercial;400000000;CLP;5 dormitorios;3 baños;179 m² útiles;5 dormitorios | 3 baños | 179 m² útiles;Marchant Pereira, 3300 - 3600, Metro Ñuñoa, Ñuñoa;-33.44842435199439;-70.60752505959884;Marchant Pereira, Ñuñoa, Santiago, Chile
2025-11-29 18:12:10;Ñuñoa;casa;Hermosa Casa 5 Dormitorios, 3 Baños. Dublé Almeyda/ Exequiel;16500;CLF;5 dormitorios;3 baños;194 m² útiles;5 dormitorios | 3 baños | 194 m² útiles;Dublé Almeyda /Exequiel Figueroa, Diagonal Oriente, Ñuñoa;-33.461152547343254;-70.57387777441623;Dublé Almeyda /Exequiel Figueroa, Ñuñoa, Santiago, Chile
2025-11-29 18:12:10;Ñuñoa;casa;Casa En Venta De 3 Dorm. En Ñuñoa;10714;CLF;3 dormitorios;3 baños;139 m² útiles;3 dormitorios | 3 baños | 139 m² útiles;Pedro Lautaro Ferrer, Plaza Ñuñoa, Ñuñoa;-33.44489845;-70.59942373944703;Pedro Lautaro Ferrer, Ñuñoa, Santiago, Chile
2025-11-29 18:12:10;Ñuñoa;casa;Gran Oportunidad En Ñuñoa |ureta Bravo Propiedades|;7900;CLF;7 dormitorios;3 baños;170 m² útiles;7 dormitorios | 3 baños | 170 m² útiles;Exequiel Fernández 863, Estadio Nacional, Ñuñoa;-33.462455416666664;-70.60021341111111;Exequiel Fernández 863, Ñuñoa, Santiago, Chile
2025-11-29 18:12:10;Ñuñoa;casa;Muy Buen Local Comercial En Ñuñoa;7546;CLF;;1 baño;80 m² útiles;1 baño | 80 m² útiles;Los Jardines, Parque Juan XXIII, Ñuñoa;-33.471869;-70.5842744;Los Jardines, Ñuñoa, Santiago, Chile
2025-11-29 18:12:10;Ñuñoa;casa;Liquidamos Excelente Propiedad Comercial Al Lado Plaza Ñuñoa;16162;CLF;3 dormitorios;5 baños;260 m² útiles;3 dormitorios | 5 baños | 260 m² útiles;JUAN ENRIQUE CONCHA, Plaza Ñuñoa, Ñuñoa;-33.45977909039268;-70.59605064225856;JUAN ENRIQUE CONCHA, Ñuñoa, Santiago, Chile
2025-11-29 18:12:10;Ñuñoa;casa;Casa En Venta De 7 Dorm. En Ñuñoa;15569;CLF;7 dormitorios;4 baños;237 m² útiles;7 dormitorios | 4 baños | 237 m² útiles;Pedro Torres, Parque Juan XXIII, Ñuñoa;-33.4554617;-70.5897066;Pedro Torres, Ñuñoa, Santiago, Chile
2025-11-29 18:12:10;Ñuñoa;casa;Casa En Venta De 4 Dorm. 2 Baños En Ñuñoa Parque Juan Xxiii;400000000;CLP;4 dormitorios;3 baños;112 m² útiles;4 dormitorios | 3 baños | 112 m² útiles;LOS JARDINES, Parque Juan XXIII, Ñuñoa;-33.471869;-70.5842744;LOS JARDINES, Ñuñoa, Santiago, Chile
2025-11-29 18:12:10;Ñuñoa;casa;Excelente Ubicacion Ñuñoa Vespucio Metro Duble Almeyda Casa;23999;CLF;4 dormitorios;1 baño;110 m² útiles;4 dormitorios | 1 baño | 110 m² útiles;Metro Los Orientales, Diagonal Oriente, Ñuñoa;-33.454353;-70.5798948;Los Orientales, Ñuñoa, Santiago, Chile
2025-11-29 18:12:10;Ñuñoa;casa;Terreno A Pasos Del Nuevo Metro Línea 8;6800;CLF;;;336 m² útiles;336 m² útiles;Exequiel Fernandez, 1957, Estadio Nacional, Ñuñoa;-33.47254822682722;-70.60123147870799;Exequiel Fernandez, Ñuñoa, Santiago, Chile
2025-11-29 18:12:10;Ñuñoa;casa;Amplia Casa En Pasaje Seguro, Remodelada!;10490;CLF;4 dormitorios;3 baños;122 m² útiles;4 dormitorios | 3 baños | 122 m² útiles;Parque Juan XXIII, Parque Juan XXIII, Ñuñoa;-33.4603624;-70.5883245;Parque Juan XXIII, Ñuñoa, Santiago, Chile
2025-11-29 18:12:10;Ñuñoa;casa;Casa Aislada 2 Pisos (5d-3b)  Carmen Covarrubias, Ñuñoa;480000000;CLP;5 dormitorios;3 baños;214 m² útiles;5 dormitorios | 3 baños | 214 m² útiles;CARMEN COVARRUBIAS 117, ÑUÑOA, Metro Monseñor Eyzaguirre, Ñuñoa;-33.45710580398165;-70.61164127011891;CARMEN COVARRUBIAS 117, Ñuñoa, Santiago, Chile
2025-11-29 18:12:10;Ñuñoa;casa;Linda Casa / 4 D + 4 B / García Moreno / Ñuñoa;12500;CLF;4 dormitorios;3 baños;184 m² útiles;4 dormitorios | 3 baños | 184 m² útiles;García Moreno 994, Ñuñoa, Chile, Parque Botánico, Ñuñoa;-33.445582900000005;-70.57996679611286;García Moreno 994, Ñuñoa, Santiago, Chile
2025-11-29 18:12:10;Ñuñoa;casa;Casa En Venta De 3 Dorm. En Ñuñoa;175000000;CLP;3 dormitorios;1 baño;70 m² útiles;3 dormitorios | 1 baño | 70 m² útiles;Punitaqui, Villa Los Jardínes - Villa Los Presidentes, Ñuñoa;-33.470162576193175;-70.58801693718445;Punitaqui, Ñuñoa, Santiago, Chile
2025-11-29 18:12:10;Ñuñoa;casa;Casa Segura En Venta Ñuñoa En Pasaje Cerrado Y Cercana A E;9200;CLF;3 dormitorios;2 baños;103 m² útiles;3 dormitorios | 2 baños | 103 m² útiles;Clorinda Willshaw 740, Santiago, Ñuñoa, Chile, Metro Simón Bolivar, Ñuñoa;-33.4468577;-70.57337685033542;Clorinda Willshaw 740, Ñuñoa, Santiago, Chile
2025-11-29 18:12:10;Ñuñoa;casa;Casa En Venta De 4 Dorm. En Ñuñoa;240000000;CLP;4 dormitorios;2 baños;90 m² útiles;4 dormitorios | 2 baños | 90 m² útiles;Santa Julia, Parque Juan XXIII, Ñuñoa;-33.46486474707212;-70.59096641909183;Santa Julia, Ñuñoa, Santiago, Chile
2025-11-29 18:12:10;Ñuñoa;casa;Casa Con Potencial Comercial 4d 2b Metro Chile España;7830;CLF;4 dormitorios;2 baños;125 m² útiles;4 dormitorios | 2 baños | 125 m² útiles;Alcalde Eduardo Castillo Velasco, Juan Gómez Millas, Ñuñoa;-33.45914161661513;-70.5969709363368;Alcalde Eduardo Castillo Velasco, Ñuñoa, Santiago, Chile
2025-11-29 18:12:10;Ñuñoa;casa;Joya Arquitectónica, Estilo Moderno, Barrio Pucará;16300;CLF;4 dormitorios;2 baños;200 m² útiles;4 dormitorios | 2 baños | 200 m² útiles;Luis Pereira, Ñuñoa;-33.44752813281162;-70.58910808294145;Luis Pereira, Ñuñoa, Santiago, Chile
2025-11-29 18:12:10;Ñuñoa;casa;Casa Habitacional Y Comercial En Venta En Ñuñoa;12500;CLF;4 dormitorios;4 baños;190 m² útiles;4 dormitorios | 4 baños | 190 m² útiles;Metro Irarrázaval, Metro Monseñor Eyzaguirre, Ñuñoa;-33.4541894;-70.604972;Irarrázaval, Ñuñoa, Santiago, Chile
2025-11-29 18:12:10;Ñuñoa;casa;Casa Esquina En Villaseca, Linda Arquitectura;12500;CLF;4 dormitorios;3 baños;175 m² útiles;4 dormitorios | 3 baños | 175 m² útiles;Villaseca, Ñuñoa;-33.4541894;-70.604972;Villaseca, Ñuñoa, Santiago, Chile
2025-11-29 18:12:10;Ñuñoa;casa;Casa Con Gran Terreno Y Mucho Potencial En Ñuñoa;16900;CLF;6 dormitorios;3 baños;200 m² útiles;6 dormitorios | 3 baños | 200 m² útiles;Suecia Con Simón Bolivar, Plaza Ñuñoa, Ñuñoa;-33.4497339;-70.6007259;Suecia Con Simón Bolivar, Ñuñoa, Santiago, Chile
2025-11-29 18:12:10;Ñuñoa;casa;Linda Casa Macul Con Irarrazabal A Pasos Metro Chile España ;8828;CLF;4 dormitorios;2 baños;84 m² útiles;4 dormitorios | 2 baños | 84 m² útiles;Irarrazabal Con Macul, Plaza Ñuñoa, Ñuñoa;-33.4541894;-70.604972;Irarrazabal Con Macul, Ñuñoa, Santiago, Chile
2025-11-29 18:12:10;Ñuñoa;casa;Venta Casa Sector Residencial Ñuñoa ;13800;CLF;4 dormitorios;3 baños;229 m² útiles;4 dormitorios | 3 baños | 229 m² útiles;ÑUÑOA, Parque Botánico, Ñuñoa;-33.4543164;-70.5936358;ÑUÑOA, Ñuñoa, Santiago, Chile
2025-11-29 18:12:10;Ñuñoa;casa;Joya Arquitectónica, Estilo Moderno, Barrio Pucará;16300;CLF;4 dormitorios;2 baños;200 m² útiles;4 dormitorios | 2 baños | 200 m² útiles;Luis Pereira, Parque Botánico, Ñuñoa;-33.44752813281162;-70.58910808294145;Luis Pereira, Ñuñoa, Santiago, Chile
2025-11-29 18:12:10;Ñuñoa;casa;Casa En Venta De 4 Dorm. En Ñuñoa;11545;CLF;4 dormitorios;2 baños;245 m² útiles;4 dormitorios | 2 baños | 245 m² útiles;Suecia, Plaza Ñuñoa, Ñuñoa;-33.44566582474604;-70.6009943745209;Suecia, Ñuñoa, Santiago, Chile
2025-11-29 18:12:34;Ñuñoa;casa;Casa En Venta De 5 Dorm. En Ñuñoa;16500;CLF;5 dormitorios;4 baños;380 m² útiles;5 dormitorios | 4 baños | 380 m² útiles;Crescente Errázuriz / Campo De Deportes, Estadio Nacional, Ñuñoa;-33.4583528;-70.6098302;Crescente Errázuriz / Campo De Deportes, Ñuñoa, Santiago, Chile
2025-11-29 18:12:34;Ñuñoa;casa;Casa En Venta Para Remodelar En Ñuñoa;14000;CLF;7 dormitorios;4 baños;240 m² útiles;7 dormitorios | 4 baños | 240 m² útiles;Emilia Tellez 4073, Parque Botánico, Ñuñoa;-33.44004925;-70.58619729931151;Emilia Tellez 4073, Ñuñoa, Santiago, Chile
2025-11-29 18:12:34;Ñuñoa;casa;Hermosa Casa En Venta De 4 Dorm. En Ñuñoa;14800;CLF;4 dormitorios;3 baños;140 m² útiles;4 dormitorios | 3 baños | 140 m² útiles;Avenida Salvador / Crecente Errázuriz, Estadio Nacional, Ñuñoa;-33.45827371552089;-70.61203135150099;Avenida Salvador / Crecente Errázuriz, Ñuñoa, Santiago, Chile
2025-11-29 18:12:34;Ñuñoa;casa;Hermosa Y Amplia Casa Juan Moya, Irarrázaval;12500;CLF;5 dormitorios;3 baños;177 m² útiles;5 dormitorios | 3 baños | 177 m² útiles;Juan Moya, Parque Juan XXIII, Ñuñoa;-33.468029349999995;-70.58935099135456;Juan Moya, Ñuñoa, Santiago, Chile
2025-11-29 18:12:34;Ñuñoa;casa;Casa En Venta De 4 Dorm. En Ñuñoa;980000000;CLP;4 dormitorios;3 baños;230 m² útiles;4 dormitorios | 3 baños | 230 m² útiles;Jose Domingo Cañas 1300, Metro Monseñor Eyzaguirre, Ñuñoa;-33.455796038053094;-70.61737842654867;Jose Domingo Cañas 1300, Ñuñoa, Santiago, Chile
2025-11-29 18:12:34;Ñuñoa;casa;Casa En Venta De 4 Dorm. 2 Estacionamientos En Ñuñoa;7100;CLF;4 dormitorios;2 baños;85 m² útiles;4 dormitorios | 2 baños | 85 m² útiles;La Quilla Ñuñoa, Villa Frei, Ñuñoa;-33.462617406661884;-70.5764533296645;La Quilla Ñuñoa, Ñuñoa, Santiago, Chile
2025-11-29 18:12:34;Ñuñoa;casa;Hermosa Casa En Venta De 5 Dorm. En Ñuñoa;11976;CLF;5 dormitorios;4 baños;138 m² útiles;5 dormitorios | 4 baños | 138 m² útiles;Browm Sur, Ñuñoa, Parque Juan XXIII, Ñuñoa;-33.453659349999995;-70.61446131414799;Browm Sur, Ñuñoa, Santiago, Chile
2025-11-29 18:12:34;Ñuñoa;casa;Casa En Venta De 4 Dorm. En Ñuñoa;19000;CLF;4 dormitorios;3 baños;252 m² útiles;4 dormitorios | 3 baños | 252 m² útiles;José Domingo Cañas, Metro Monseñor Eyzaguirre, Ñuñoa;-33.45632345;-70.61723597939795;José Domingo Cañas, Ñuñoa, Santiago, Chile
2025-11-29 18:12:34;Ñuñoa;casa;Casa A Vespucio Con Ramón Cruz , Metro Los Orientales;7100;CLF;4 dormitorios;2 baños;120 m² útiles;4 dormitorios | 2 baños | 120 m² útiles;Américo Vespucio Con Alcalde Castillo Velasco, Ñuñoa;-33.45914161661513;-70.5969709363368;Américo Vespucio Con Alcalde Castillo Velasco, Ñuñoa, Santiago, Chile
2025-11-29 18:12:34;Ñuñoa;casa;Hermosa Y Remodelada;16450;CLF;4 dormitorios;4 baños;240 m² útiles;4 dormitorios | 4 baños | 240 m² útiles;LUIS PEREIRA, Parque Juan XXIII, Ñuñoa;-33.44752813281162;-70.58910808294145;LUIS PEREIRA, Ñuñoa, Santiago, Chile
2025-11-29 18:12:34;Ñuñoa;casa;Casa En Venta De 5 Dorm. En Ñuñoa;10300;CLF;5 dormitorios;4 baños;200 m² útiles;5 dormitorios | 4 baños | 200 m² útiles;Tobalaba Con Montenegro, Amapolas, Ñuñoa;-33.46451175;-70.61144581927967;Tobalaba Con Montenegro, Ñuñoa, Santiago, Chile
2025-11-29 18:12:34;Ñuñoa;casa;Casa Con Excelente Proyección;490000000;CLP;4 dormitorios;3 baños;140 m² útiles;4 dormitorios | 3 baños | 140 m² útiles;AMPLIA CASA CON GIRO COMERCIAL, Estadio Nacional, Ñuñoa;-33.4544794;-70.59914524898025;AMPLIA CASA CON GIRO COMERCIAL, Ñuñoa, Santiago, Chile
2025-11-29 18:12:34;Ñuñoa;casa;Casa En Venta De 4 Dorm. En Ñuñoa;415000000;CLP;4 dormitorios;2 baños;150 m² útiles;4 dormitorios | 2 baños | 150 m² útiles;Rosita Renard, Amapolas, Ñuñoa;-33.4695767;-70.6038966;Rosita Renard, Ñuñoa, Santiago, Chile
2025-11-29 18:12:34;Ñuñoa;casa;Casa De 2 Pisos En Ñuñoa 4d/2b De 220m2 ;210000000;CLP;4 dormitorios;2 baños;226 m² útiles;4 dormitorios | 2 baños | 226 m² útiles;CASA DE 2 PISOS EN ÑUÑOA 4D/2B DE 220M2, Villa Los Jardínes - Villa Los Presidentes, Ñuñoa;-33.4691915;-70.60348047262325;CASA DE 2 PISOS EN ÑUÑOA 4D/2B DE 220M2, Ñuñoa, Santiago, Chile
2025-11-29 18:12:34;Ñuñoa;casa;Casa En Venta, Ley Pereira, De 3 Dorm. En Ñuñoa;7990;CLF;3 dormitorios;2 baños;125 m² útiles;3 dormitorios | 2 baños | 125 m² útiles;Simon Bolivar Con Suecia, Plaza Ñuñoa, Ñuñoa;-33.4497339;-70.6007259;Simon Bolivar Con Suecia, Ñuñoa, Santiago, Chile
2025-11-29 18:12:34;Ñuñoa;casa;Los Cerezos - Los Almendros, Ñuñoa;8600;CLF;5 dormitorios;3 baños;106 m² útiles;5 dormitorios | 3 baños | 106 m² útiles;Los Cerezos - Los Almendros, Ñuñoa, Parque Juan XXIII, Ñuñoa;-33.558353499999996;-70.64421171731667;Los Cerezos - Los Almendros, Ñuñoa, Santiago, Chile
2025-11-29 18:12:34;Ñuñoa;casa;Casa En Venta En Ñuñoa;6700;CLF;5 dormitorios;1 baño;100 m² útiles;5 dormitorios | 1 baño | 100 m² útiles;Lo Encalada, Metro Irarrázaval, Ñuñoa;-33.458496499999995;-70.62407077489434;Lo Encalada, Ñuñoa, Santiago, Chile
2025-11-29 18:12:34;Ñuñoa;casa;Casa En Venta De 3 Dorm. En Ñuñoa;7822;CLF;3 dormitorios;2 baños;109 m² útiles;3 dormitorios | 2 baños | 109 m² útiles;Los Cerezos, Ñuñoa, Parque Juan XXIII, Ñuñoa;-33.45871246056314;-70.5853892675272;Los Cerezos, Ñuñoa, Santiago, Chile
2025-11-29 18:12:34;Ñuñoa;casa;En Venta Casa Sector Campus Oriente Ñuñoa;10800;CLF;4 dormitorios;3 baños;170 m² útiles;4 dormitorios | 3 baños | 170 m² útiles;Jaime Guzmán Errázuriz/ Campus Oriente, Plaza Ñuñoa, Ñuñoa;-33.44487161857615;-70.59792593890606;Jaime Guzmán Errázuriz/ Campus Oriente, Ñuñoa, Santiago, Chile
2025-11-29 18:12:34;Ñuñoa;casa;Gran Oferta Villa Frei, Rebajada!;7500;CLF;5 dormitorios;3 baños;90 m² útiles;5 dormitorios | 3 baños | 90 m² útiles;Pasaje Curamilla, Villa Frei, Ñuñoa;-33.46330855277571;-70.57921528855168;Pasaje Curamilla, Ñuñoa, Santiago, Chile
2025-11-29 18:12:34;Ñuñoa;casa;Casa En Venta De 3 Dorm. En Ñuñoa - Se Aceptan Ofertas;3000;CLF;3 dormitorios;1 baño;92 m² útiles;3 dormitorios | 1 baño | 92 m² útiles;Calle 2, Estadio Nacional, Ñuñoa;-33.46771775;-70.61398925;Calle 2, Ñuñoa, Santiago, Chile
2025-11-29 18:12:34;Ñuñoa;casa;Casa En Venta En Villa Lo Plaza Ñuñoa;135000000;CLP;32 dormitorios;2 baños;105 m² útiles;32 dormitorios | 2 baños | 105 m² útiles;PUNITAQUI 4229, Villa Los Jardínes - Villa Los Presidentes, Ñuñoa;-33.470296312;-70.587606468;PUNITAQUI 4229, Ñuñoa, Santiago, Chile
2025-11-29 18:12:34;Ñuñoa;casa;Casa Espectacular En Ñuñoa  Piscina, 4d/4b Y Gran Terreno;16000;CLF;4 dormitorios;4 baños;191 m² útiles;4 dormitorios | 4 baños | 191 m² útiles;Pascual Baburizza 564, 7790546 Ñuñoa, Región Metropolitana, Chile, Plaza Egaña, Ñuñoa;-33.4492457;-70.57786309261584;Pascual Baburizza 564, Ñuñoa, Santiago, Chile
2025-11-29 18:12:34;Ñuñoa;casa;Linda Casa En Sector Plaza Sucre;14400;CLF;5 dormitorios;3 baños;205 m² útiles;5 dormitorios | 3 baños | 205 m² útiles;AV SUCRE / ALEJANDRO DEL RIO, Metro Ñuñoa, Ñuñoa;-33.44733266778847;-70.60844116903546;AV SUCRE / ALEJANDRO DEL RIO, Ñuñoa, Santiago, Chile
2025-11-29 18:12:34;Ñuñoa;casa;Casa En Venta En Ñuñoa Con Jardín;12999;CLF;7 dormitorios;4 baños;220 m² útiles;7 dormitorios | 4 baños | 220 m² útiles;Alcalde Eduardo Castillo Velasco 3000 - 3300, Ñuñoa, Plaza Ñuñoa, Ñuñoa;-33.4591111;-70.59638204166667;Alcalde Eduardo Castillo Velasco 3000 - 3300, Ñuñoa, Santiago, Chile
2025-11-29 18:12:34;Ñuñoa;casa;Casa En Venta De 6 Dorm. En Ñuñoa Metro Monseñor Eyzaguirre;7900;CLF;6 dormitorios;4 baños;85 m² útiles;6 dormitorios | 4 baños | 85 m² útiles;Manuel Montt / Irarrázaval, Metro Monseñor Eyzaguirre, Ñuñoa;-33.4550535;-70.6283154;Manuel Montt / Irarrázaval, Ñuñoa, Santiago, Chile
2025-11-29 18:12:34;Ñuñoa;casa;Sector Exequiel Fernandez, Ñuñoa;7900;CLF;7 dormitorios;3 baños;154 m² útiles;7 dormitorios | 3 baños | 154 m² útiles;Grecia Con Excequiel Fernandez, Estadio Nacional, Ñuñoa;-33.46451175;-70.61144581927967;Grecia Con Excequiel Fernandez, Ñuñoa, Santiago, Chile
2025-11-29 18:12:34;Ñuñoa;casa;Casa En Venta De 7 Dorm. En Ñuñoa;18900;CLF;7 dormitorios;5 baños;314 m² útiles;7 dormitorios | 5 baños | 314 m² útiles;Pedro Torres / Simón Bolívar, Parque Botánico, Ñuñoa;-33.4485356;-70.5885526;Pedro Torres / Simón Bolívar, Ñuñoa, Santiago, Chile
2025-11-29 18:12:34;Ñuñoa;casa;Casa En Venta En Barrio Residencial;7249;CLF;5 dormitorios;2 baños;76 m² útiles;5 dormitorios | 2 baños | 76 m² útiles;La Quilla 622, Villa Frei, Ñuñoa;-33.5612253;-70.5852697;La Quilla 622, Ñuñoa, Santiago, Chile
2025-11-29 18:12:34;Ñuñoa;casa;Casa En Venta De 2 Dorm. En Ñuñoa;12900;CLF;2 dormitorios;3 baños;110 m² útiles;2 dormitorios | 3 baños | 110 m² útiles;Entre Los Leones Y Villaseca, Plaza Ñuñoa, Ñuñoa;-33.4680508;-70.61241703202614;Entre Los Leones Y Villaseca, Ñuñoa, Santiago, Chile
2025-11-29 18:12:34;Ñuñoa;casa;Estilo, Solidez Y Amplitud, Unica!!!;14500;CLF;5 dormitorios;3 baños;228 m² útiles;5 dormitorios | 3 baños | 228 m² útiles;Salvador Sur 2457, 7.7505e+06 - 7.7508e+06 Ñuñoa, Región Metropolitana, Chile, Metro Irarrázaval, Ñuñoa;-33.45519097384616;-70.62080945538462;Salvador Sur 2457, Ñuñoa, Santiago, Chile
2025-11-29 18:12:34;Ñuñoa;casa;Casa En Venta En Ñuñoa A Pasos Av.grecia De 3 Dorm. ;9700;CLF;3 dormitorios;2 baños;190 m² útiles;3 dormitorios | 2 baños | 190 m² útiles;AV GRECIA, Estadio Nacional, Ñuñoa;-33.46625445;-70.61069257541322;AV GRECIA, Ñuñoa, Santiago, Chile
2025-11-29 18:12:34;Ñuñoa;casa;Casa Venta 3 Dorm., Pedro De Valdivia, Simón Bolivar, Ñuñoa;13000;CLF;3 dormitorios;2 baños;173 m² útiles;3 dormitorios | 2 baños | 173 m² útiles;Pedro De Valdivia / Simón Bolivar / Unimarc / Lider, Metro Ñuñoa, Ñuñoa;-33.4506156;-70.6051683;Pedro De Valdivia / Simón Bolivar / Unimarc / Lider, Ñuñoa, Santiago, Chile
2025-11-29 18:12:34;Ñuñoa;casa;Casa En Venta De 5 Dorm. En Ñuñoa;17679;CLF;5 dormitorios;3 baños;253 m² útiles;5 dormitorios | 3 baños | 253 m² útiles;Pedro Torres / Montenegro / Irarrázaval / Julio Zegers, Parque Juan XXIII, Ñuñoa;-33.451064474878585;-70.5865409442345;Pedro Torres / Montenegro / Irarrázaval / Julio Zegers, Ñuñoa, Santiago, Chile
2025-11-29 18:12:34;Ñuñoa;casa;Hermosa Casa De Ñuñoa De 2 Pisos, ;10500;CLF;6 dormitorios;6 baños;230 m² útiles;6 dormitorios | 6 baños | 230 m² útiles;Residencial Seminario 977, Ñuñoa, Metro Irarrázaval, Ñuñoa;-33.45414772777778;-70.62600709444445;Residencial Seminario 977, Ñuñoa, Santiago, Chile
2025-11-29 18:12:34;Ñuñoa;casa;Suecia - Ñuñoa;11550;CLF;4 dormitorios;2 baños;195 m² útiles;4 dormitorios | 2 baños | 195 m² útiles;Suecia 3000 - 3300, Ñuñoa, Chile, Plaza Ñuñoa, Ñuñoa;-33.44754612459016;-70.60061964098361;Suecia 3000 - 3300, Ñuñoa, Santiago, Chile
2025-11-29 18:12:34;Ñuñoa;casa;Casa Ñuñoa 3 Dormitorios;11500;CLF;3 dormitorios;2 baños;140 m² útiles;3 dormitorios | 2 baños | 140 m² útiles;Manuel Barrios 3900 - 4200, Ñuñoa, Chile, Amapolas, Ñuñoa;-33.45492635555555;-70.59624033611112;Manuel Barrios 3900 - 4200, Ñuñoa, Santiago, Chile
2025-11-29 18:12:34;Ñuñoa;casa;Casa En Venta En Ñuñoa Con Terraza;11970;CLF;4 dormitorios;3 baños;114 m² útiles;4 dormitorios | 3 baños | 114 m² útiles;Emilia Téllez / Montenegro, Parque Botánico, Ñuñoa;-33.4407318;-70.5838054;Emilia Téllez / Montenegro, Ñuñoa, Santiago, Chile
2025-11-29 18:12:34;Ñuñoa;casa;Casa Venta 4 Dorm. Ñuñoa / Plaza Ñuñoa / Metro Chile España;350000000;CLP;4 dormitorios;2 baños;84 m² útiles;4 dormitorios | 2 baños | 84 m² útiles;Metro Chile España / Plaza Ñuñoa, Plaza Ñuñoa, Ñuñoa;-33.4567721;-70.5967679;Chile España / Plaza Ñuñoa, Ñuñoa, Santiago, Chile
2025-11-29 18:12:34;Ñuñoa;casa;Casa En Ñuñoa;6850;CLF;4 dormitorios;4 baños;198 m² útiles;4 dormitorios | 4 baños | 198 m² útiles;San Eugenio / Crescente Errázuriz, Parque San Eugenio - Metro Ñuble, Ñuñoa;-33.4572849;-70.6265537;San Eugenio / Crescente Errázuriz, Ñuñoa, Santiago, Chile
2025-11-29 18:12:34;Ñuñoa;casa;Casa En Venta De 8 Dorm. En Ñuñoa Granterreno Para Remodelar;14950;CLF;8 dormitorios;3 baños;265 m² útiles;8 dormitorios | 3 baños | 265 m² útiles;Pedro De Valdivia / Simón Bolívar / Villaseca, Metro Ñuñoa, Ñuñoa;-33.4506156;-70.6051683;Pedro De Valdivia / Simón Bolívar / Villaseca, Ñuñoa, Santiago, Chile
2025-11-29 18:12:34;Ñuñoa;casa;Casa En Venta De 5d 2b En Ñuñoa;10700;CLF;5 dormitorios;2 baños;167 m² útiles;5 dormitorios | 2 baños | 167 m² útiles;Echeñique - Coventry, Metro Simón Bolivar, Ñuñoa;-33.4464836;-70.5807708;Echeñique - Coventry, Ñuñoa, Santiago, Chile
2025-11-29 18:12:34;Ñuñoa;casa;Casa En Venta En Estadio Nacional Con Jardín;16000;CLF;5 dormitorios;4 baños;315 m² útiles;5 dormitorios | 4 baños | 315 m² útiles;Crescente Errázuriz 1800 - 2100, Ñuñoa, Estadio Nacional, Ñuñoa;-33.45808135;-70.6130183;Crescente Errázuriz 1800 - 2100, Ñuñoa, Santiago, Chile
2025-11-29 18:12:34;Ñuñoa;casa;Casa En Venta De 3 Dorm. En Ñuñoa;10000;CLF;3 dormitorios;2 baños;114 m² útiles;3 dormitorios | 2 baños | 114 m² útiles;Pucara / Metro Simón Bolívar, Metro Simón Bolivar, Ñuñoa;-33.44815078505085;-70.58168628732375;Pucara / Simón Bolívar, Ñuñoa, Santiago, Chile
2025-11-29 18:12:34;Ñuñoa;casa;Casa En Venta De 8 Dorm. En Ñuñoa;13800;CLF;8 dormitorios;4 baños;312 m² útiles;8 dormitorios | 4 baños | 312 m² útiles;José Domingo Cañas - Pedro De Valdivia, Metro Ñuñoa, Ñuñoa;-33.45632345;-70.61723597939795;José Domingo Cañas - Pedro De Valdivia, Ñuñoa, Santiago, Chile
2025-11-29 18:12:34;Ñuñoa;casa;Casa En Venta De 5 Dorm. En Ñuñoa;10900;CLF;5 dormitorios;3 baños;180 m² útiles;5 dormitorios | 3 baños | 180 m² útiles;Alcalde Jorge Monckeberg / Los Cerezos, Villa Frei, Ñuñoa;-33.473115533219556;-70.58729600913735;Alcalde Jorge Monckeberg / Los Cerezos, Ñuñoa, Santiago, Chile
2025-11-29 18:12:34;Ñuñoa;casa;Casa En Venta De 6 Dorm. En Ñuñoa;15900;CLF;6 dormitorios;4 baños;256 m² útiles;6 dormitorios | 4 baños | 256 m² útiles;Estadio Nacional / Campo De Deportes / Pedro De Valdivia, Estadio Nacional, Ñuñoa;-33.4623809;-70.6062176;Estadio Nacional / Campo De Deportes / Pedro De Valdivia, Ñuñoa, Santiago, Chile
2025-11-29 18:12:34;Ñuñoa;casa;Casa Residencial O Oficina En Venta De 4 Dorm. En Ñuñoa;13200;CLF;4 dormitorios;5 baños;238 m² útiles;4 dormitorios | 5 baños | 238 m² útiles;Simón Bolívar / Suecia, Metro Ñuñoa, Ñuñoa;-33.4497339;-70.6007259;Simón Bolívar / Suecia, Ñuñoa, Santiago, Chile
2025-11-29 18:12:50;Ñuñoa;casa;Venta Excelente Ubicación Casa En Ñuñoa Gran Terreno 537m2;13000;CLF;5 dormitorios;4 baños;172 m² útiles;5 dormitorios | 4 baños | 172 m² útiles;Cercano A Campus Oriente, Ñuñoa, Parque Botánico, Ñuñoa;-33.4562576;-70.61075994815035;Cercano A Campus Oriente, Ñuñoa, Santiago, Chile
2025-11-29 18:12:50;Ñuñoa;casa;Acogedora Casa En Venta En Ñuñoa;9890;CLF;3 dormitorios;2 baños;85 m² útiles;3 dormitorios | 2 baños | 85 m² útiles;Echeñique Con Hamburgo, Metro Simón Bolivar, Ñuñoa;-33.46451175;-70.61144581927967;Echeñique Con Hamburgo, Ñuñoa, Santiago, Chile
2025-11-29 18:12:50;Ñuñoa;casa;Casa En Venta De 5d 3b En Ñuñoa;450000000;CLP;5 dormitorios;3 baños;90 m² útiles;5 dormitorios | 3 baños | 90 m² útiles;Jose Domingo Cañas Con Campo De Deportes, Ñuñoa;-33.45632345;-70.61723597939795;Jose Domingo Cañas Con Campo De Deportes, Ñuñoa, Santiago, Chile
2025-11-29 18:12:50;Ñuñoa;casa;Casa 4 Dorm. Con Full Market Venta Ñuñoa / Los Alerces;30000;CLF;4 dormitorios;2 baños;105 m² útiles;4 dormitorios | 2 baños | 105 m² útiles;Los Alerces / Castillo Urizar, Estadio Nacional, Ñuñoa;-33.47183;-70.5941175;Los Alerces / Castillo Urizar, Ñuñoa, Santiago, Chile
2025-11-29 18:12:50;Ñuñoa;casa;Casa En Venta En Ñuñoa;9500;CLF;4 dormitorios;2 baños;170 m² útiles;4 dormitorios | 2 baños | 170 m² útiles;Estación Metro Irarrázaval /José Domingo Cañas / Matta Oriente, Metro Irarrázaval, Ñuñoa;-33.4562576;-70.61075994815035;Estación Irarrázaval /José Domingo Cañas / Matta Oriente, Ñuñoa, Santiago, Chile
2025-11-29 18:12:50;Ñuñoa;casa;Casa En Venta De 4 Dorm. En Ñuñoa;9800;CLF;4 dormitorios;3 baños;186 m² útiles;4 dormitorios | 3 baños | 186 m² útiles;Nancy / José Domingo Cañas, Metro Irarrázaval, Ñuñoa;-33.45632345;-70.61723597939795;Nancy / José Domingo Cañas, Ñuñoa, Santiago, Chile
2025-11-29 18:12:50;Ñuñoa;casa;Casa En Venta De 4 Dorm. En Ñuñoa;188900000;CLP;4 dormitorios;1 baño;43 m² útiles;4 dormitorios | 1 baño | 43 m² útiles;Chilcaya / Jorge Monckeberg, Villa Los Jardínes - Villa Los Presidentes, Ñuñoa;-33.473115533219556;-70.58729600913735;Chilcaya / Jorge Monckeberg, Ñuñoa, Santiago, Chile
2025-11-29 18:12:50;Ñuñoa;casa;Casa En Venta En Ñuñoa;330000000;CLP;3 dormitorios;1 baño;130 m² útiles;3 dormitorios | 1 baño | 130 m² útiles;Nuñez De Arce - Chile España, Ñuñoa, Plaza Ñuñoa, Ñuñoa;-33.4522591911467;-70.59930735734319;Nuñez De Arce - Chile España, Ñuñoa, Santiago, Chile
2025-11-29 18:12:50;Ñuñoa;casa; Casa En  Venta Mejor Barrio De Ñuñoa;335000000;CLP;4 dormitorios;2 baños;133 m² útiles;4 dormitorios | 2 baños | 133 m² útiles;Guggenheim 220, 7790677 Ñuñoa, Región Metropolitana, Chile, Plaza Egaña, Ñuñoa;-33.451201;-70.57485070000001;Guggenheim 220, Ñuñoa, Santiago, Chile
2025-11-29 18:12:50;Ñuñoa;casa;Casa En Ñuñoa;300000000;CLP;4 dormitorios;2 baños;136 m² útiles;4 dormitorios | 2 baños | 136 m² útiles;Rosita Renard, Metro Simón Bolivar, Ñuñoa;-33.4695767;-70.6038966;Rosita Renard, Ñuñoa, Santiago, Chile
2025-11-29 18:12:50;Ñuñoa;casa;Casa En Venta 3d-3b;9500;CLF;3 dormitorios;3 baños;170 m² útiles;3 dormitorios | 3 baños | 170 m² útiles;MATTA ORENTE 563, Metro Irarrázaval, Ñuñoa;-33.454534510526315;-70.62469465263158;MATTA ORENTE 563, Ñuñoa, Santiago, Chile
2025-11-29 18:12:50;Ñuñoa;casa;¡oportunidad! Casa De 9 D Y 7 B Ñuñoa Norte;9000;CLF;9 dormitorios;7 baños;271 m² útiles;9 dormitorios | 7 baños | 271 m² útiles;DIAGONAL ORIENTE, Villa Frei, Ñuñoa;-33.454618083888604;-70.57985010074917;DIAGONAL ORIENTE, Ñuñoa, Santiago, Chile
2025-11-29 18:12:50;Ñuñoa;casa;Casa Remodelada Sector Parque Juan Xxiii;11200;CLF;5 dormitorios;2 baños;168 m² útiles;5 dormitorios | 2 baños | 168 m² útiles;PARQUE JUAN XXIII, Parque Juan XXIII, Ñuñoa;-33.4603624;-70.5883245;PARQUE JUAN XXIII, Ñuñoa, Santiago, Chile
2025-11-29 18:12:50;Ñuñoa;casa;Hermosa Casa Completamente Restaurada Barrio Italia;12000;CLF;4 dormitorios;3 baños;240 m² útiles;4 dormitorios | 3 baños | 240 m² útiles;BARRIO ITALIA, Metro Irarrázaval, Ñuñoa;-33.4484581;-70.6245307;BARRIO ITALIA, Ñuñoa, Santiago, Chile
2025-11-29 18:12:50;Ñuñoa;casa;Amplia Casa Con Piscina Sector Monseñor Eyzaguirre;530000000;CLP;7 dormitorios;5 baños;300 m² útiles;7 dormitorios | 5 baños | 300 m² útiles;METRO MONSEÑOR EYZAGUIRRE, Ñuñoa;-33.4531944;-70.613519;MONSEÑOR EYZAGUIRRE, Ñuñoa, Santiago, Chile
2025-11-29 18:12:50;Ñuñoa;casa;Casa Ampliada 3d  Villa Frei;8500;CLF;3 dormitorios;4 baños;70 m² útiles;3 dormitorios | 4 baños | 70 m² útiles;VILLA FREI, Villa Frei, Ñuñoa;-33.4546697;-70.5814833;VILLA FREI, Ñuñoa, Santiago, Chile
2025-11-29 18:12:50;Ñuñoa;casa;Venta, Casa, Ñuñoa, Sector Estadio Nacional.;18500;CLF;4 dormitorios;3 baños;283 m² útiles;4 dormitorios | 3 baños | 283 m² útiles;Campos De Deportes/Eduardo Castillo Velasco, Metro Ñuñoa, Ñuñoa;-33.45914161661513;-70.5969709363368;Campos De Deportes/Eduardo Castillo Velasco, Ñuñoa, Santiago, Chile
2025-11-29 18:12:50;Ñuñoa;casa;Gran Casa Entre General Pedro Pablo Dartnell Y Suarez Mujica;12300;CLF;4 dormitorios;4 baños;192 m² útiles;4 dormitorios | 4 baños | 192 m² útiles;ENTRE GENERAL PEDRO PABLO DARTNELL Y SUAREZ MUJICA, Estadio Nacional, Ñuñoa;-33.46072075;-70.6159357;ENTRE GENERAL PEDRO PABLO DARTNELL Y SUAREZ MUJICA, Ñuñoa, Santiago, Chile
2025-11-29 18:12:50;Ñuñoa;casa;Muy Amplia / 11d / 5b / 5e Centro De Ñuñoa;14900;CLF;11 dormitorios;5 baños;357 m² útiles;11 dormitorios | 5 baños | 357 m² útiles;PLAZA TOCORNAL - ÑUÑOA, Parque Juan XXIII, Ñuñoa;-33.4543164;-70.5936358;PLAZA TOCORNAL - ÑUÑOA, Ñuñoa, Santiago, Chile
2025-11-29 18:12:50;Ñuñoa;casa;Oportunidad Ñuñoa Parque Juan Xxiii;9000;CLF;5 dormitorios;4 baños;140 m² útiles;5 dormitorios | 4 baños | 140 m² útiles;Parque Juan XXIII, Ñuñoa, Parque Juan XXIII, Ñuñoa;-33.4603624;-70.5883245;Parque Juan XXIII, Ñuñoa, Santiago, Chile
2025-11-29 18:12:50;Ñuñoa;casa;Crescente Errázuriz Con Salvador, 6 Dormitorios;17250;CLF;6 dormitorios;3 baños;192 m² útiles;6 dormitorios | 3 baños | 192 m² útiles;CRESCENTE ERRÁZURIZ CON SALVADOR, 6 DORMITORIOS, Estadio Nacional, Ñuñoa;-33.45827371552089;-70.61203135150099;CRESCENTE ERRÁZURIZ CON SALVADOR, Ñuñoa, Santiago, Chile
2025-11-29 18:12:50;Ñuñoa;casa;Casa En Venta Ñuñoa ( Carlos Aguirre Luco);11000;CLF;4 dormitorios;3 baños;147 m² útiles;4 dormitorios | 3 baños | 147 m² útiles;CARLOS AGUIRRE LUCO/ PUCARA, Parque Botánico, Ñuñoa;-33.44385114999999;-70.5852331;CARLOS AGUIRRE LUCO/ PUCARA, Ñuñoa, Santiago, Chile
2025-11-29 18:12:50;Ñuñoa;casa;Venta ¡amplia Casa De 3 Pisos Con Gran Potencial Comercial! ;21000;CLF;8 dormitorios;4 baños;302 m² útiles;8 dormitorios | 4 baños | 302 m² útiles;ÑUÑOA NORTE, Metro Monseñor Eyzaguirre, Ñuñoa;-33.4643652;-70.6096419;ÑUÑOA NORTE, Ñuñoa, Santiago, Chile
2025-11-29 18:12:50;Ñuñoa;casa;Casa En Venta De 5 Dorm. En Ñuñoa;17990;CLF;5 dormitorios;3 baños;283 m² útiles;5 dormitorios | 3 baños | 283 m² útiles;CASA EN VENTA DE 5 DORM. EN ÑUÑOA, Metro Ñuñoa, Ñuñoa;-33.4538451;-70.5938476;CASA EN VENTA DE 5 DORM. EN ÑUÑOA, Ñuñoa, Santiago, Chile
2025-11-29 18:12:50;Ñuñoa;casa;Av. Ossa / Echeñique / Metro Simón Bolivar;650000000;CLP;3 dormitorios;1 baño;70 m² útiles;3 dormitorios | 1 baño | 70 m² útiles;Av. Ossa 900 - 1200, Ñuñoa, Metro Simón Bolivar, Ñuñoa;-33.4439245;-70.58329802238623;Av. Ossa 900 - 1200, Ñuñoa, Santiago, Chile
2025-11-29 18:12:50;Ñuñoa;casa;Casa Venta 5 Dormitorios, 5 Estacionamientos Y Piscina Ñuñoa;19990;CLF;5 dormitorios;3 baños;215 m² útiles;5 dormitorios | 3 baños | 215 m² útiles;Hernando De Aguirre - Pedro Torres, Parque Botánico, Ñuñoa;-33.44329974660543;-70.583658604346;Hernando De Aguirre - Pedro Torres, Ñuñoa, Santiago, Chile
2025-11-29 18:12:50;Ñuñoa;casa;Fantastica Casa 4d + 3b|213 Mt2 Totales |metro Simón Bolivar;12300;CLF;4 dormitorios;3 baños;125 m² útiles;4 dormitorios | 3 baños | 125 m² útiles;ROSITA RENARD/ HAMBURGO/ ÑUÑOA / METRO SIMON BOLIVAR, Metro Simón Bolivar, Ñuñoa;-33.4695767;-70.6038966;ROSITA RENARD/ HAMBURGO/ ÑUÑOA / SIMON BOLIVAR, Ñuñoa, Santiago, Chile
2025-11-29 18:12:50;Ñuñoa;casa;Pedro Rico / Metro Los Orientales;286900000;CLP;3 dormitorios;1 baño;81 m² útiles;3 dormitorios | 1 baño | 81 m² útiles;Pedro Rico, Ñuñoa, Diagonal Oriente, Ñuñoa;-33.461438369548794;-70.57545065293974;Pedro Rico, Ñuñoa, Santiago, Chile
2025-11-29 18:12:50;Ñuñoa;casa;Se Vende Amplia Casa 4d/2b A Pasos De Av. Grecia Y Salvador ;340000000;CLP;4 dormitorios;2 baños;113 m² útiles;4 dormitorios | 2 baños | 113 m² útiles;A PASOS DE AVENIDA GRECIA, Estadio Nacional, Ñuñoa;-33.4541894;-70.604972;A PASOS DE AVENIDA GRECIA, Ñuñoa, Santiago, Chile
2025-11-29 18:12:50;Ñuñoa;casa;Casa En Venta En Ñuñoa;8160;CLF;4 dormitorios;3 baños;62 m² útiles;4 dormitorios | 3 baños | 62 m² útiles;Av. Simón Bolívar 3085, Santiago, Ñuñoa, Plaza Ñuñoa, Ñuñoa;-33.4461845;-70.5719261;Av. Simón Bolívar 3085, Ñuñoa, Santiago, Chile
2025-11-29 18:12:50;Ñuñoa;casa;Hermosa Y Amplia Casa A La Venta Ñuñoa;5730;CLF;3 dormitorios;2 baños;120 m² útiles;3 dormitorios | 2 baños | 120 m² útiles;Lluta 3809, Ñuñoa, Juan Gómez Millas, Ñuñoa;-33.47164505384615;-70.59185216923078;Lluta 3809, Ñuñoa, Santiago, Chile
2025-11-29 18:12:50;Ñuñoa;casa;Casa Para Remodelar, Excelente Potencial, Sucre / Marchant P;9900;CLF;5 dormitorios;3 baños;145 m² útiles;5 dormitorios | 3 baños | 145 m² útiles;SUCRE / MARCHAT PEREIRA, Metro Ñuñoa, Ñuñoa;-33.44842435199439;-70.60752505959884;SUCRE / MARCHAT PEREIRA, Ñuñoa, Santiago, Chile
2025-11-29 18:12:50;Ñuñoa;casa;Amplia Casa Esquina En Excelente Ubicación!!!;9270;CLF;4 dormitorios;2 baños;155 m² útiles;4 dormitorios | 2 baños | 155 m² útiles;JUAN ENRIQUE CONCHA/  EDUARDO CASTILLO VELASCO, Juan Gómez Millas, Ñuñoa;-33.45977909039268;-70.59605064225856;JUAN ENRIQUE CONCHA/ EDUARDO CASTILLO VELASCO, Ñuñoa, Santiago, Chile
2025-11-29 18:12:50;Ñuñoa;casa;¡oportunidad En Ñuñoa! Casa 3d/1b Cerca Del Metro ;4542;CLF;3 dormitorios;1 baño;55 m² útiles;3 dormitorios | 1 baño | 55 m² útiles;METRO IRRARAZABAL, Estadio Nacional, Ñuñoa;-33.4543164;-70.5936358;IRRARAZABAL, Ñuñoa, Santiago, Chile
2025-11-29 18:12:50;Ñuñoa;casa;Excelente Estado Y Ubicación;7950;CLF;5 dormitorios;3 baños;133 m² útiles;5 dormitorios | 3 baños | 133 m² útiles;EDO CASTILLO DE VELASCO /JUAN ENRIQUE CONCHA, Juan Gómez Millas, Ñuñoa;-33.45977909039268;-70.59605064225856;EDO CASTILLO DE VELASCO /JUAN ENRIQUE CONCHA, Ñuñoa, Santiago, Chile
2025-11-29 18:12:50;Ñuñoa;casa;Julio Zegers // Pedro Torres;12000;CLF;4 dormitorios;3 baños;160 m² útiles;4 dormitorios | 3 baños | 160 m² útiles;JULIO ZEGERS // PEDRO TORRES, Parque Juan XXIII, Ñuñoa;-33.451064474878585;-70.5865409442345;JULIO ZEGERS // PEDRO TORRES, Ñuñoa, Santiago, Chile
2025-11-29 18:12:50;Ñuñoa;casa;Exclusiva Casa En Ñuñoa: 4d/3b, 126m2, Oportunidad!;8190;CLF;4 dormitorios;3 baños;126 m² útiles;4 dormitorios | 3 baños | 126 m² útiles;CASA EN CONDOMINIO, Diagonal Oriente, Ñuñoa;-33.46576205;-70.62458038078411;CASA EN CONDOMINIO, Ñuñoa, Santiago, Chile
2025-11-29 18:12:50;Ñuñoa;casa;Casa En Condominio // Parque Juan 23;299000000;CLP;4 dormitorios;3 baños;90 m² útiles;4 dormitorios | 3 baños | 90 m² útiles;Los Jardines 1 - 300, Ñuñoa, Parque Juan XXIII, Ñuñoa;-33.45848146363636;-70.58867299090909;Los Jardines 1 - 300, Ñuñoa, Santiago, Chile
2025-11-29 18:12:50;Ñuñoa;casa;Guillermo Mann / Metro Estadio Nacional / P. De Valdivia ;2200;CLF;2 dormitorios;1 baño;68 m² útiles;2 dormitorios | 1 baño | 68 m² útiles;METRO ESTADIO NACIONAL / P. DE VALDIVIA / G. MANN, Estadio Nacional, Ñuñoa;-33.464382099999995;-70.61061809176775;ESTADIO NACIONAL / P. DE VALDIVIA / G. MANN, Ñuñoa, Santiago, Chile
2025-11-29 18:12:50;Ñuñoa;casa;Casa En Condominio // 3 Dor 3 Baños / Parque Juan Xxiii;299000000;CLP;4 dormitorios;3 baños;90 m² útiles;4 dormitorios | 3 baños | 90 m² útiles;Los Jardines 1 - 300, Ñuñoa, Parque Juan XXIII, Ñuñoa;-33.45848146363636;-70.58867299090909;Los Jardines 1 - 300, Ñuñoa, Santiago, Chile
2025-11-29 18:12:50;Ñuñoa;casa;Casa En Venta De 3 Dorm. En Ñuñoa;5950;CLF;3 dormitorios;2 baños;70 m² útiles;3 dormitorios | 2 baños | 70 m² útiles;La Verbena - La Giralda, Amapolas, Ñuñoa;-33.4617681;-70.59680201929875;La Verbena - La Giralda, Ñuñoa, Santiago, Chile
2025-11-29 18:12:50;Ñuñoa;casa;Casa 2 Pisos Ñuñoa;7400;CLF;4 dormitorios;3 baños;210 m² útiles;4 dormitorios | 3 baños | 210 m² útiles;CALLE IRARRAZABAL, Parque Juan XXIII, Ñuñoa;-33.4541894;-70.604972;CALLE IRARRAZABAL, Ñuñoa, Santiago, Chile
2025-11-29 18:12:50;Ñuñoa;casa;Venta Casa Ñuñoa;12500;CLF;4 dormitorios;2 baños;189 m² útiles;4 dormitorios | 2 baños | 189 m² útiles;CRESCENTE ERRAZURIZ CON MONSEÑOR EYZAGUIRRE, Estadio Nacional, Ñuñoa;-33.4532213;-70.6140207;CRESCENTE ERRAZURIZ CON MONSEÑOR EYZAGUIRRE, Ñuñoa, Santiago, Chile
2025-11-29 18:12:50;Ñuñoa;casa;Casa Ñuñoa Para Remodelar;60000000;CLP;1 dormitorio;1 baño;43 m² útiles;1 dormitorio | 1 baño | 43 m² útiles;MARATHON - GUILLERMO MANN, Estadio Nacional, Ñuñoa;-33.4693119;-70.613793;MARATHON - GUILLERMO MANN, Ñuñoa, Santiago, Chile
2025-11-29 18:12:50;Ñuñoa;casa;Linda Casa 3 Pisos 4 Dormitorios En Condominio Ñuñoa;6003;CLF;4 dormitorios;3 baños;111 m² útiles;4 dormitorios | 3 baños | 111 m² útiles;LOS ALERCES/ ZAÑARTU, Estadio Nacional, Ñuñoa;-33.47130110998182;-70.60707275206074;LOS ALERCES/ ZAÑARTU, Ñuñoa, Santiago, Chile
2025-11-29 18:13:24;Ñuñoa;casa;Mágnifica Casa Residencial O Comercial;24990;CLF;7 dormitorios;6 baños;354 m² útiles;7 dormitorios | 6 baños | 354 m² útiles;BARRIO SUAREZ MUJICA, Estadio Nacional, Ñuñoa;-33.4574105;-70.6141823;BARRIO SUAREZ MUJICA, Ñuñoa, Santiago, Chile
2025-11-29 18:13:24;Ñuñoa;casa;Se Vende Hermosa Casa ;580000000;CLP;4 dormitorios;3 baños;191 m² útiles;4 dormitorios | 3 baños | 191 m² útiles;SUCRE CON MARCHANT PEREIRA, Metro Ñuñoa, Ñuñoa;-33.44842435199439;-70.60752505959884;SUCRE CON MARCHANT PEREIRA, Ñuñoa, Santiago, Chile
2025-11-29 18:13:24;Ñuñoa;casa;Atención Inversionistas!! Espectacular Propiedad En Venta!;10450;CLF;4 dormitorios;2 baños;172 m² útiles;4 dormitorios | 2 baños | 172 m² útiles;Mujica 0263, Ñuñoa, Santiago, Metro Irarrázaval, Ñuñoa;-33.4502271;-70.6266094;Mujica 0263, Ñuñoa, Santiago, Chile
2025-11-29 18:13:24;Ñuñoa;casa;A Pasos Del Metro Ñuble;5200;CLF;3 dormitorios;2 baños;104 m² útiles;3 dormitorios | 2 baños | 104 m² útiles;A PASOS DEL METRO ÑUBLE, Parque San Eugenio - Metro Ñuble, Ñuñoa;-33.4673629;-70.6247567;A PASOS DEL ÑUBLE, Ñuñoa, Santiago, Chile
2025-11-29 18:13:24;Ñuñoa;casa;Departamento En Venta En Ñuñoa;9350;CLF;7 dormitorios;1 baño;230 m² útiles;7 dormitorios | 1 baño | 230 m² útiles;VENTA DE CASA COMERCIAL ÑUÑOA, Estadio Nacional, Ñuñoa;-33.45632345;-70.61723597939795;VENTA DE CASA COMERCIAL ÑUÑOA, Ñuñoa, Santiago, Chile
2025-11-29 18:13:24;Ñuñoa;casa;Crescente Errazuriz Con Monseñor Eyzaguirre;12502;CLF;4 dormitorios;2 baños;189 m² útiles;4 dormitorios | 2 baños | 189 m² útiles;VENTA, ESPECTACULAR CASA EN ÑUÑOA!!!, Estadio Nacional, Ñuñoa;-33.4543164;-70.5936358;VENTA, Ñuñoa, Santiago, Chile
2025-11-29 18:13:24;Ñuñoa;casa;Hermosa Propiedad De 5 Habitaciones Entrada De 4 Autos;150000;CLF;5 dormitorios;3 baños;600 m² útiles;5 dormitorios | 3 baños | 600 m² útiles;CERCANA A EL ESTADO NACIONAL, Estadio Nacional, Ñuñoa;-33.464382099999995;-70.61061809176775;CERCANA A EL ESTADO NACIONAL, Ñuñoa, Santiago, Chile
2025-11-29 18:13:24;Ñuñoa;casa;Oportunidad Casa Condominio Ñuñoa 4 Dormitorios;5100;CLF;4 dormitorios;2 baños;110 m² útiles;4 dormitorios | 2 baños | 110 m² útiles;BREMEN, Metro Simón Bolivar, Ñuñoa;-33.45234904038406;-70.57786798002536;BREMEN, Ñuñoa, Santiago, Chile
2025-11-29 18:13:24;Ñuñoa;casa;Amplia Casa En Tranquilo Sector De Ñuñoa;400000000;CLP;5 dormitorios;3 baños;252 m² útiles;5 dormitorios | 3 baños | 252 m² útiles;AMPLIA CASA EN TRANQUILO SECTOR DE ÑUÑOA, Metro Irarrázaval, Ñuñoa;-33.4538451;-70.5938476;AMPLIA CASA EN TRANQUILO SECTOR DE ÑUÑOA, Ñuñoa, Santiago, Chile
2025-11-29 18:13:24;Ñuñoa;casa;Se Vende Casa En Pucara Metro Simón Bolivar ;5400;CLF;;;88 m² útiles;88 m² útiles;PUCARA 4988 ÑUÑOA, Metro Simón Bolivar, Ñuñoa;-33.4543164;-70.5936358;PUCARA 4988 ÑUÑOA, Ñuñoa, Santiago, Chile
2025-11-29 18:13:24;Ñuñoa;casa;Seminario  Metro Irarrazaval;390000000;CLP;4 dormitorios;2 baños;168 m² útiles;4 dormitorios | 2 baños | 168 m² útiles;SEMINARIO  METRO IRARRAZAVAL, Metro Irarrázaval, Ñuñoa;-33.4524567;-70.6272498;SEMINARIO IRARRAZAVAL, Ñuñoa, Santiago, Chile
2025-11-29 18:13:24;Ñuñoa;casa;Se Vende Hermosa Casa En Ñuñoa ;7500;CLF;4 dormitorios;2 baños;89 m² útiles;4 dormitorios | 2 baños | 89 m² útiles;VILLA FREI PEDRO LOBOS 900 ÑUÑOA, Villa Frei, Ñuñoa;-33.4546697;-70.5814833;VILLA FREI PEDRO LOBOS 900 ÑUÑOA, Ñuñoa, Santiago, Chile
2025-11-29 18:13:24;Ñuñoa;casa;Impecable Casa, No Paga Contribuciones, Excelente Ubicacion ;7750;CLF;4 dormitorios;4 baños;97 m² útiles;4 dormitorios | 4 baños | 97 m² útiles;PEDRO LAUTARO FERRER, Plaza Ñuñoa, Ñuñoa;-33.44489845;-70.59942373944703;PEDRO LAUTARO FERRER, Ñuñoa, Santiago, Chile
2025-11-29 18:13:24;Ñuñoa;casa;Casa / Metro Ñuble / Ñuñoa;160000000;CLP;3 dormitorios;1 baño;90 m² útiles;3 dormitorios | 1 baño | 90 m² útiles;CALLE 2 / METRO ÑUBLE  / ÑUÑOA, Estadio Nacional, Ñuñoa;-33.4673629;-70.6247567;CALLE 2 / ÑUBLE / ÑUÑOA, Ñuñoa, Santiago, Chile
2025-11-29 18:13:24;Ñuñoa;casa;Se Vende Hermosa Casa Metro Villa Frei;255000000;CLP;3 dormitorios;1 baño;77 m² útiles;3 dormitorios | 1 baño | 77 m² útiles;RAMON CRUZ 900 METRO VILLA FREI ÑUÑOA, Villa Frei, Ñuñoa;-33.4546697;-70.5814833;RAMON CRUZ 900 VILLA FREI ÑUÑOA, Ñuñoa, Santiago, Chile
2025-11-29 18:13:24;Ñuñoa;casa;Black Friday  Casa 4d+4b+local Comercial;12250;CLF;5 dormitorios;3 baños;245 m² útiles;5 dormitorios | 3 baños | 245 m² útiles;Jose Domingo Cañas, 1800 - 2100, Metro Monseñor Eyzaguirre, Ñuñoa;-33.45632345;-70.61723597939795;Jose Domingo Cañas, Ñuñoa, Santiago, Chile
2025-11-29 18:13:24;Ñuñoa;casa;Casa Diego De Almagro ;6300;CLF;3 dormitorios;2 baños;70 m² útiles;3 dormitorios | 2 baños | 70 m² útiles;CASA DIEGO DE ALMAGRO, Diego De Almagro, Ñuñoa;-33.4513929;-70.6505616;CASA DIEGO DE ALMAGRO, Ñuñoa, Santiago, Chile
2025-11-29 18:13:24;Ñuñoa;casa;Casa En Venta En Barrio Italia, Ñuñoa;700000000;CLP;6 dormitorios;3 baños;232 m² útiles;6 dormitorios | 3 baños | 232 m² útiles;Av Salvador, 1800 - 2100, Metro Irarrázaval, Ñuñoa;-33.46066716287879;-70.6211463707169;Av Salvador, Ñuñoa, Santiago, Chile
2025-11-29 18:13:24;Ñuñoa;casa;Casa 2 Pisos 4d+4b, 4 Terrazas+patio. Ñuñoa;17900;CLF;4 dormitorios;4 baños;205 m² útiles;4 dormitorios | 4 baños | 205 m² útiles;Luis Uribe, 2100 - 2400, Metro Ñuñoa, Ñuñoa;-33.451415598525884;-70.60330777908179;Luis Uribe, Ñuñoa, Santiago, Chile
2025-11-29 18:13:24;Ñuñoa;casa;La Minga - Hermosa Casa 4d/2b + Pieza C/ Entrada Indp. Ñuñoa;8100;CLF;5 dormitorios;3 baños;115 m² útiles;5 dormitorios | 3 baños | 115 m² útiles;Estrella Solitaria 5100 - 5400, Santiago, Ñuñoa, Chile, Plaza Egaña, Ñuñoa;-33.450598250813414;-70.58087445473215;Estrella Solitaria 5100 - 5400, Ñuñoa, Santiago, Chile
2025-11-29 18:13:24;Ñuñoa;casa;Se Vende Propiedad 7d+4b+5 Est. Ñuñoa;13000;CLF;7 dormitorios;4 baños;320 m² útiles;7 dormitorios | 4 baños | 320 m² útiles;Montenegro, 1386, Parque Botánico, Ñuñoa;-33.4511267;-70.5863251;Montenegro, Ñuñoa, Santiago, Chile
2025-11-29 18:13:24;Ñuñoa;casa;Casa 6 D, 3 B, 4 Est. Ñuñoa;10390;CLF;6 dormitorios;2 baños;160 m² útiles;6 dormitorios | 2 baños | 160 m² útiles;Canonigo Madariaga, 600 - 900, Estadio Nacional, Ñuñoa;-33.459232104303005;-70.61101372151805;Canonigo Madariaga, Ñuñoa, Santiago, Chile
2025-11-29 18:13:24;Ñuñoa;casa;Casa Pucará;10900;CLF;5 dormitorios;4 baños;165 m² útiles;5 dormitorios | 4 baños | 165 m² útiles;CASA PUCARÁ, Parque Botánico, Ñuñoa;-33.4461278;-70.5775797;CASA PUCARÁ, Ñuñoa, Santiago, Chile
2025-11-29 18:13:24;Ñuñoa;casa;Se Vende Casa 4d, 2b, 5 Est. Sector Ñuñoa;10900;CLF;4 dormitorios;2 baños;175 m² útiles;4 dormitorios | 2 baños | 175 m² útiles;Eduardo Castillo Velasco, 675, Metro Irarrázaval, Ñuñoa;-33.45914161661513;-70.5969709363368;Eduardo Castillo Velasco, Ñuñoa, Santiago, Chile
2025-11-29 18:13:24;Ñuñoa;casa;¡¡oportunidad De Inversión!! Se Aceptan Ofertas ;9700;CLF;4 dormitorios;3 baños;210 m² útiles;4 dormitorios | 3 baños | 210 m² útiles;Los Jazmines, Estadio Nacional, Ñuñoa;-33.46038089861365;-70.6180581609203;Los Jazmines, Ñuñoa, Santiago, Chile
2025-11-29 18:13:24;Ñuñoa;casa;Casa En Venta 4 Dormitorios, Con Giro Comercial, Ñuñoa;510000000;CLP;4 dormitorios;3 baños;140 m² útiles;4 dormitorios | 3 baños | 140 m² útiles;Av. Pedro De Valdivia, Estadio Nacional, Ñuñoa;-33.465776500000004;-70.60749102715357;Av. Pedro De Valdivia, Ñuñoa, Santiago, Chile
2025-11-29 18:13:24;Ñuñoa;casa;Casa En Venta En Metro Irarrázaval;11250;CLF;6 dormitorios;4 baños;230 m² útiles;6 dormitorios | 4 baños | 230 m² útiles;Residencial Seminario 900 - 1200, Ñuñoa, Metro Irarrázaval, Ñuñoa;-33.45381400746218;-70.6260296786724;Residencial Seminario 900 - 1200, Ñuñoa, Santiago, Chile
2025-11-29 18:13:24;Ñuñoa;casa;Casa Los Aliaga, Eduardo Castillo;7693;CLF;3 dormitorios;3 baños;103 m² útiles;3 dormitorios | 3 baños | 103 m² útiles;CASA LOS ALIAGA, EDUARDO CASTILLO, Diagonal Oriente, Ñuñoa;-33.462656925780045;-70.57735911923837;CASA LOS ALIAGA, Ñuñoa, Santiago, Chile
2025-11-29 18:13:24;Ñuñoa;casa;Casa Los Agustinos;300000000;CLP;4 dormitorios;2 baños;140 m² útiles;4 dormitorios | 2 baños | 140 m² útiles;CASA LOS AGUSTINOS, Metro Simón Bolivar, Ñuñoa;-33.45896635;-70.57882163932373;CASA LOS AGUSTINOS, Ñuñoa, Santiago, Chile
2025-11-29 18:13:24;Ñuñoa;casa;Venta Casa En Condominio Cerrado-ñuñoa.;6400;CLF;3 dormitorios;2 baños;111 m² útiles;3 dormitorios | 2 baños | 111 m² útiles;Los Tres Antonios 1852, Ñuñoa, Estadio Nacional, Ñuñoa;-33.47190951687892;-70.6042710142329;Los Tres Antonios 1852, Ñuñoa, Santiago, Chile
2025-11-29 18:13:24;Ñuñoa;casa;Casa Hernán Cortés;11990;CLF;7 dormitorios;4 baños;185 m² útiles;7 dormitorios | 4 baños | 185 m² útiles;CASA HERNÁN CORTÉS, Metro Ñuñoa, Ñuñoa;-33.446599500000005;-70.6055010662507;CASA HERNÁN CORTÉS, Ñuñoa, Santiago, Chile
2025-11-29 18:13:24;Ñuñoa;casa;Casa Ñuñoa 4 Dormitorios, 2 Baños;6290;CLF;4 dormitorios;3 baños;80 m² útiles;4 dormitorios | 3 baños | 80 m² útiles;ALCALDE EDUARDO CASTILLO VELASCO, 4500 - 4800, Diagonal Oriente, Ñuñoa;-33.45914161661513;-70.5969709363368;ALCALDE EDUARDO CASTILLO VELASCO, Ñuñoa, Santiago, Chile
2025-11-29 18:13:24;Ñuñoa;casa;Venta Hermosa Casa Especial Para Inversionista;235000000;CLP;2 dormitorios;1 baño;220 m² útiles;2 dormitorios | 1 baño | 220 m² útiles;Peatones 33, 1255, Villa Los Jardínes - Villa Los Presidentes, Ñuñoa;-33.46982889081702;-70.58273428791759;Peatones 33, Ñuñoa, Santiago, Chile
2025-11-29 18:13:24;Ñuñoa;casa;Venta Casa 5d 2b Servicios 2 Pisos Terreno 283/457 Me Ñuñoa;16700;CLF;5 dormitorios;3 baños;283 m² útiles;5 dormitorios | 3 baños | 283 m² útiles;Avenida Campos De Deportes, 360, Metro Ñuñoa, Ñuñoa;-33.46063077033912;-70.6097132981785;Avenida Campos De Deportes, Ñuñoa, Santiago, Chile
2025-11-29 18:13:24;Ñuñoa;casa;Remodelada (125423);23500;CLF;4 dormitorios;5 baños;221 m² útiles;4 dormitorios | 5 baños | 221 m² útiles;Luis Pereira 1 - 300, Parque Botánico, Ñuñoa;-33.4511482;-70.590423;Luis Pereira 1 - 300, Ñuñoa, Santiago, Chile
2025-11-29 18:13:24;Ñuñoa;casa;Atractiva Y Sólida Casa En Barrio Tranquilo (132479);10900;CLF;5 dormitorios;3 baños;144 m² útiles;5 dormitorios | 3 baños | 144 m² útiles;Alcalde Jorge Monckeberg 600 - 900, Ñuñoa, Chile, Villa Frei, Ñuñoa;-33.473115533219556;-70.58729600913735;Alcalde Jorge Monckeberg 600 - 900, Ñuñoa, Santiago, Chile
2025-11-29 18:13:24;Ñuñoa;casa;Oferta Especial!  Venta Amplia Casa 6d/3b En Ñuñoa;15500;CLF;6 dormitorios;3 baños;194 m² útiles;6 dormitorios | 3 baños | 194 m² útiles;Duble Almeyda, 5000, Diagonal Oriente, Ñuñoa;-33.4573013;-70.59158422141533;Duble Almeyda, Ñuñoa, Santiago, Chile
2025-11-29 18:13:24;Ñuñoa;casa;Casa Para Remodelación En Venta En Villa Frei, Ñuñoa! ;6351;CLF;7 dormitorios;2 baños;104 m² útiles;7 dormitorios | 2 baños | 104 m² útiles;PEDRO LOBOS, Villa Frei, Ñuñoa;-33.46338515895767;-70.5783511140785;PEDRO LOBOS, Ñuñoa, Santiago, Chile
2025-11-29 18:13:24;Ñuñoa;casa;Casa Ñuñoa Vicente Reyes Con Pedro Torres (126658);11300;CLF;3 dormitorios;3 baños;135 m² útiles;3 dormitorios | 3 baños | 135 m² útiles;Vicente Reyes 3900 - 4200, Ñuñoa;-33.44943314117647;-70.58684457647058;Vicente Reyes 3900 - 4200, Ñuñoa, Santiago, Chile
2025-11-29 18:13:24;Ñuñoa;casa;Casa En Ñuñoa, Con Excelente Conectividad (132326);6890;CLF;5 dormitorios;2 baños;94 m² útiles;5 dormitorios | 2 baños | 94 m² útiles;Rossemblut 4800 - 5100, Ñuñoa, Chile, Metro Simón Bolivar, Ñuñoa;-33.443009443053434;-70.58019081442433;Rossemblut 4800 - 5100, Ñuñoa, Santiago, Chile
2025-11-29 18:13:24;Ñuñoa;casa;Casa En Condominio En Ñuñoa, 3d +mansarda, A Pasos Del Metro;8130;CLF;3 dormitorios;2 baños;170 m² útiles;3 dormitorios | 2 baños | 170 m² útiles;Rosita Renard 1200, Ñuñoa, Metro Simón Bolivar, Ñuñoa;-33.44358685;-70.5749043021739;Rosita Renard 1200, Ñuñoa, Santiago, Chile
2025-11-29 18:13:24;Ñuñoa;casa;Se Vende Casa  Con Amplio Terreno Ideal Comercial;12000;CLF;2 dormitorios;1 baño;120 m² útiles;2 dormitorios | 1 baño | 120 m² útiles;Avenida Simón Bolívar, 4800, Ñuñoa;-33.449840294596555;-70.60168321897282;Avenida Simón Bolívar, Ñuñoa, Santiago, Chile
2025-11-29 18:13:24;Ñuñoa;casa;Rebajada!!! Hermosa Casa 5dorm 3baños Amplio Terreno Ñuñoa;19500;CLF;5 dormitorios;3 baños;233 m² útiles;5 dormitorios | 3 baños | 233 m² útiles;Carmen Covarrubias, 150, Ñuñoa;-33.45710580398165;-70.61164127011891;Carmen Covarrubias, Ñuñoa, Santiago, Chile
2025-11-29 18:13:24;Ñuñoa;casa;Vendo Propiedad En Barrio Italia  (josé Manuel Infante) Stgo;13500;CLF;7 dormitorios;5 baños;200 m² útiles;7 dormitorios | 5 baños | 200 m² útiles;José Manuel Infante 1800 - 2100, Ñuñoa, Metro Monseñor Eyzaguirre, Ñuñoa;-33.450467728;-70.617986044;José Manuel Infante 1800 - 2100, Ñuñoa, Santiago, Chile
2025-11-29 18:13:24;Ñuñoa;casa;Se Vende Hermosa Casa En Ñuñoa (131784);205000000;CLP;6 dormitorios;2 baños;180 m² útiles;6 dormitorios | 2 baños | 180 m² útiles;Ramón Cruz Montt 1 - 300, Ñuñoa;-33.457441360000004;-70.58011108;Ramón Cruz Montt 1 - 300, Ñuñoa, Santiago, Chile
2025-11-29 18:13:24;Ñuñoa;casa;Venta Casa O 2d Wi Clóset Suite 2b 1e 1bd 57,61m2 Metro Mon;6694;CLF;2 dormitorios;2 baños;57 m² útiles;2 dormitorios | 2 baños | 57 m² útiles;Manuel Montt 2648, Metro Monseñor Eyzaguirre, Metro Monseñor Eyzaguirre, Ñuñoa;-33.4521261;-70.6124475985321;Manuel Montt 2648, Ñuñoa, Santiago, Chile
2025-11-29 18:13:24;Ñuñoa;casa;Se Vende Casa En Villa Frei, Comuna Ñuñoa;6300;CLF;4 dormitorios;1 baño;90 m² útiles;4 dormitorios | 1 baño | 90 m² útiles;El Grumete, 934, Villa Frei, Ñuñoa;-33.46402149561651;-70.58053392329495;El Grumete, Ñuñoa, Santiago, Chile
2025-11-29 18:13:38;Ñuñoa;casa;Venta Cómoda Casa 3d+3b+1e+sala Multiuso, Villa Frei Ñuñoa;6700;CLF;3 dormitorios;3 baños;84 m² útiles;3 dormitorios | 3 baños | 84 m² útiles;Curamilla 4962-LL, Ñuñoa, Villa Frei, Ñuñoa;-33.44801425;-70.57916470087592;Curamilla 4962-LL, Ñuñoa, Santiago, Chile
2025-11-29 18:13:38;Ñuñoa;casa;Casa En Venta En Rodrigo De Araya;159000000;CLP;7 dormitorios;2 baños;140 m² útiles;7 dormitorios | 2 baños | 140 m² útiles;Av. Rodrigo De Araya 3690, Ñuñoa, Santiago, Juan Gómez Millas, Ñuñoa;-33.4731827;-70.59362815;Av. Rodrigo De Araya 3690, Ñuñoa, Santiago, Chile
2025-11-29 18:13:38;Ñuñoa;casa;Acogedora Propiedad En Villa Frei Comuna Ñuñoa;310000000;CLP;3 dormitorios;2 baños;70 m² útiles;3 dormitorios | 2 baños | 70 m² útiles;Juan Moya Morales, 0000, Parque Juan XXIII, Ñuñoa;-33.45940946610685;-70.58680418302939;Juan Moya Morales, Ñuñoa, Santiago, Chile
2025-11-29 18:13:38;Ñuñoa;casa;Conoce Aqui Tu Nuevo Hogar (131540);17700;CLF;4 dormitorios;2 baños;180 m² útiles;4 dormitorios | 2 baños | 180 m² útiles;García Moreno 1500 - 1800, Ñuñoa, Chile, Parque Botánico, Ñuñoa;-33.4439201181191;-70.58895604004348;García Moreno 1500 - 1800, Ñuñoa, Santiago, Chile
2025-11-29 18:13:38;Ñuñoa;casa;Venta Casa La Giralda Los Adoquines Ñuñoa  (70409);10300;CLF;5 dormitorios;4 baños;121 m² útiles;5 dormitorios | 4 baños | 121 m² útiles;La Giralda, Ñuñoa, Chile, Amapolas, Ñuñoa;-33.43828320263273;-70.5816810126365;La Giralda, Ñuñoa, Santiago, Chile
2025-11-29 18:13:38;Ñuñoa;casa;Una Inversión Con Visión, Barrio Italia Ñuñoa;10600;CLF;8 dormitorios;3 baños;101 m² útiles;8 dormitorios | 3 baños | 101 m² útiles;MUJICA, 300 - 600, Metro Irarrázaval, Ñuñoa;-33.453659349999995;-70.61446131414799;MUJICA, Ñuñoa, Santiago, Chile
2025-11-29 18:13:38;Ñuñoa;casa;Venta Casa P 3d 2b 1e Estadio Nacional - Ñuñoa;6900;CLF;3 dormitorios;2 baños;120 m² útiles;3 dormitorios | 2 baños | 120 m² útiles;Los Alerces, Estadio Nacional, Estadio Nacional, Ñuñoa;-33.47183;-70.5941175;Los Alerces, Ñuñoa, Santiago, Chile
2025-11-29 18:13:38;Ñuñoa;casa;Casa En Ñuñoa, Barrio Los Adoquines (119809);10300;CLF;5 dormitorios;4 baños;;5 dormitorios | 4 baños;La Giralda, Ñuñoa, Chile, Amapolas, Ñuñoa;-33.43828320263273;-70.5816810126365;La Giralda, Ñuñoa, Santiago, Chile
2025-11-29 18:13:38;Ñuñoa;casa;Townhouse Condominio 3 Casas-rooftop (126592);9300;CLF;3 dormitorios;3 baños;1.156 m² útiles;3 dormitorios | 3 baños | 1.156 m² útiles;Heriberto Covarrubias 1 - 300, Metro Simón Bolivar, Ñuñoa;-33.45193893060087;-70.57353390342882;Heriberto Covarrubias 1 - 300, Ñuñoa, Santiago, Chile
2025-11-29 18:13:38;Ñuñoa;casa;Casa 2 Pisos, Condominio, Exequiel Fernández (132804);6750;CLF;4 dormitorios;3 baños;90 m² útiles;4 dormitorios | 3 baños | 90 m² útiles;Exequiel Fernández 1200 - 1500, Santiago, Ñuñoa, Chile, Estadio Nacional, Ñuñoa;-33.4692281;-70.6003125;Exequiel Fernández 1200 - 1500, Ñuñoa, Santiago, Chile
2025-11-29 18:13:38;Ñuñoa;casa;Venta Casa Ñuñoa (67494);13000;CLF;5 dormitorios;3 baños;177 m² útiles;5 dormitorios | 3 baños | 177 m² útiles;Juan Moya Morales 1 - 300, Ñuñoa, Chile, Ñuñoa;-33.45823299999999;-70.5863525;Juan Moya Morales 1 - 300, Ñuñoa, Santiago, Chile
2025-11-29 18:13:38;Ñuñoa;casa;Vive En Emilia Tellez, Ñuñoa! (126720);13800;CLF;3 dormitorios;2 baños;180 m² útiles;3 dormitorios | 2 baños | 180 m² útiles;Emilia Téllez 1 - 300, Parque Botánico, Ñuñoa;-33.441502518192294;-70.58196639916218;Emilia Téllez 1 - 300, Ñuñoa, Santiago, Chile
2025-11-29 18:13:38;Ñuñoa;casa;Venta Casa 4d 3b 2e Plaza Egaña - Ñuñoa;8750;CLF;4 dormitorios;3 baños;153 m² útiles;4 dormitorios | 3 baños | 153 m² útiles;Avenida Ossa  498-a, Plaza Egaña, Plaza Egaña, Ñuñoa;-33.4541894;-70.604972;Avenida Ossa 498-a, Ñuñoa, Santiago, Chile
2025-11-29 18:13:38;Ñuñoa;casa;Vendo Casa En Condominio A Una Cuadra De Metro;7490;CLF;3 dormitorios;2 baños;100 m² útiles;3 dormitorios | 2 baños | 100 m² útiles;Avenida Echeñique, 5519, Ñuñoa;-33.44628025321275;-70.57465799118101;Avenida Echeñique, Ñuñoa, Santiago, Chile
2025-11-29 18:13:38;Ñuñoa;casa;Avenida Maraton Con Carlos Dittborn (132566);129900000;CLP;2 dormitorios;2 baños;86 m² útiles;2 dormitorios | 2 baños | 86 m² útiles;Calle Catorce 1500 - 1800, Ñuñoa, Chile, Estadio Nacional, Ñuñoa;-33.4700378;-70.61643164285714;Calle Catorce 1500 - 1800, Ñuñoa, Santiago, Chile
2025-11-29 18:13:38;Ñuñoa;casa;Casa En Venta En Ñuñoa;7000;CLF;4 dormitorios;2 baños;120 m² útiles;4 dormitorios | 2 baños | 120 m² útiles;Alcalde Eduardo Castillo Velasco 2905, Ñuñoa, Estadio Nacional, Ñuñoa;-33.458792335714286;-70.6014166244898;Alcalde Eduardo Castillo Velasco 2905, Ñuñoa, Santiago, Chile
2025-11-29 18:13:38;Ñuñoa;casa;Casa En Venta En Ñuñoa;11000;CLF;5 dormitorios;3 baños;147 m² útiles;5 dormitorios | 3 baños | 147 m² útiles;Carlos Aguirre Luco, Ñuñoa, Parque Botánico, Ñuñoa;-33.44582391484817;-70.58563612250316;Carlos Aguirre Luco, Ñuñoa, Santiago, Chile
2025-11-29 18:13:38;Ñuñoa;casa;Ex Automora Con Casa La Reina;630000000;CLP;3 dormitorios;1 baño;85 m² útiles;3 dormitorios | 1 baño | 85 m² útiles;Av. Ossa 1500, Ñuñoa, Amapolas, Ñuñoa;-33.4541894;-70.604972;Av. Ossa 1500, Ñuñoa, Santiago, Chile
2025-11-29 18:13:38;Ñuñoa;casa;Casa En Venta En Manuel Montt Ñuñoa;14900;CLF;12 dormitorios;7 baños;544 m² útiles;12 dormitorios | 7 baños | 544 m² útiles;Carrera Pinto 1942, Ñuñoa, Chile, Metro Monseñor Eyzaguirre, Ñuñoa;-33.4724997;-70.5911862;Carrera Pinto 1942, Ñuñoa, Santiago, Chile
2025-11-29 18:13:38;Ñuñoa;casa;Casa En Venta En Ñuñoa;4700;CLF;2 dormitorios;2 baños;62 m² útiles;2 dormitorios | 2 baños | 62 m² útiles;Julio Prado 2075, Ñuñoa, Metro Monseñor Eyzaguirre, Ñuñoa;-33.45166075;-70.62005196118625;Julio Prado 2075, Ñuñoa, Santiago, Chile
2025-11-29 18:13:38;Ñuñoa;casa;Casa En Venta En Plaza Egaña;370000000;CLP;3 dormitorios;2 baños;132 m² útiles;3 dormitorios | 2 baños | 132 m² útiles;Estrella Solitaria 5443, Ñuñoa, Plaza Egaña, Ñuñoa;-33.450788700000004;-70.57395335000001;Estrella Solitaria 5443, Ñuñoa, Santiago, Chile
2025-11-29 18:13:38;Ñuñoa;casa;Vendo Casa Recién Remodelada, Con Piscina En Ñuñoa.;450000000;CLP;5 dormitorios;2 baños;144 m² útiles;5 dormitorios | 2 baños | 144 m² útiles;Av. Simón Bolívar, Ñuñoa, Ñuñoa;-33.449840294596555;-70.60168321897282;Av. Simón Bolívar, Ñuñoa, Santiago, Chile
2025-11-29 18:13:38;Ñuñoa;casa;Vespucio Edo. Castillo Velasco;7990;CLF;3 dormitorios;1 baño;200 m² útiles;3 dormitorios | 1 baño | 200 m² útiles;Vespucio Edo. Castillo Velasco, Villa Frei, Ñuñoa;-33.45914161661513;-70.5969709363368;Vespucio Edo. Castillo Velasco, Ñuñoa, Santiago, Chile
2025-11-29 18:13:38;Ñuñoa;casa;Casa En Venta Con Giro Comercial Y Habitacional En Ñuñoa;12350;CLF;4 dormitorios;2 baños;227 m² útiles;4 dormitorios | 2 baños | 227 m² útiles;Simón Bolívar Con Suecia, Plaza Ñuñoa, Ñuñoa;-33.4497339;-70.6007259;Simón Bolívar Con Suecia, Ñuñoa, Santiago, Chile
2025-11-29 18:13:38;Ñuñoa;casa;Casa En Venta 5 Dormitorios  Metro Simón Bolivar ;9700;CLF;5 dormitorios;2 baños;190 m² útiles;5 dormitorios | 2 baños | 190 m² útiles;Pucará 4827, Ñuñoa, Metro Simón Bolivar, Ñuñoa;-33.44479965;-70.58073832441801;Pucará 4827, Ñuñoa, Santiago, Chile
2025-11-29 18:13:38;Ñuñoa;casa;Venta Casa Comercial Barrio Italia / Condell / Ñuñoa;11490;CLF;5 dormitorios;3 baños;239 m² útiles;5 dormitorios | 3 baños | 239 m² útiles;Mujica 0295, Metro Irarrázaval, Ñuñoa;-33.4574105;-70.6141823;Mujica 0295, Ñuñoa, Santiago, Chile
2025-11-29 18:13:38;Ñuñoa;casa;Venta De Casa En Tranquilo Condominio En Ñuñoa;5600;CLF;4 dormitorios;2 baños;124 m² útiles;4 dormitorios | 2 baños | 124 m² útiles;José Pedro Alessandri, Estadio Nacional, Ñuñoa;-33.4674345;-70.5984138;José Pedro Alessandri, Ñuñoa, Santiago, Chile
2025-11-29 18:13:38;Ñuñoa;casa;Casa En Venta De 6 Dorm. En Ñuñoa;10250;CLF;6 dormitorios;3 baños;164 m² útiles;6 dormitorios | 3 baños | 164 m² útiles;Metro Plaza Egaña, Diagonal Oriente, Ñuñoa;-33.4534937;-70.570823;Plaza Egaña, Ñuñoa, Santiago, Chile
2025-11-29 18:13:38;Ñuñoa;casa;Gran Casa Ideal Para Remodelar A Tu Gusto;16000;CLF;6 dormitorios;2 baños;240 m² útiles;6 dormitorios | 2 baños | 240 m² útiles;Hamburgo, 400, Plaza Egaña, Ñuñoa;-33.44361188216571;-70.57737224920743;Hamburgo, Ñuñoa, Santiago, Chile
2025-11-29 18:13:38;Ñuñoa;casa;Esquina Av. Salvador Con José Domingo Cañas;14500;CLF;6 dormitorios;4 baños;350 m² útiles;6 dormitorios | 4 baños | 350 m² útiles;Esquina Av. Salvador Con José Domingo Cañas, Estadio Nacional, Ñuñoa;-33.45632345;-70.61723597939795;Esquina Av. Salvador Con José Domingo Cañas, Ñuñoa, Santiago, Chile
2025-11-29 18:13:38;Ñuñoa;casa;Vendo Linda Casa De 2 Pisos En Ñuñoa;19990;CLF;6 dormitorios;4 baños;215 m² útiles;6 dormitorios | 4 baños | 215 m² útiles;Parque Botánico, Ñuñoa;-33.445463849999996;-70.58641610962994;Parque Botánico, Ñuñoa, Santiago, Chile
2025-11-29 18:13:38;Ñuñoa;casa;Casa En Venta, 5 Dorm, Amplio Terreno, Ñuñoa;15500;CLF;5 dormitorios;3 baños;210 m² útiles;5 dormitorios | 3 baños | 210 m² útiles;Plaza Ñuñoa, Ñuñoa;-33.4534937;-70.570823;Plaza Ñuñoa, Ñuñoa, Santiago, Chile
2025-11-29 18:13:38;Ñuñoa;casa;Casa En Venta De 5 Dorm. En Providencia;30300;CLF;5 dormitorios;3 baños;333 m² útiles;5 dormitorios | 3 baños | 333 m² útiles;Ricardo Lyon, Plaza Ñuñoa, Ñuñoa;-33.44743875;-70.60216905;Ricardo Lyon, Ñuñoa, Santiago, Chile
2025-11-29 18:13:38;Ñuñoa;casa;Oficinas Jardin Infantil Clinicas, Notarias Cultos, Ñuñoa;744900000;CLP;4 dormitorios;4 baños;231 m² útiles;4 dormitorios | 4 baños | 231 m² útiles;OFICINAS JARDIN INFANTIL CLINICAS, NOTARIAS CULTOS, ÑUÑOA, Plaza Ñuñoa, Ñuñoa;-33.45926485;-70.5997790755113;OFICINAS JARDIN INFANTIL CLINICAS, Ñuñoa, Santiago, Chile
2025-11-29 18:13:38;Ñuñoa;casa;Casa En Venta De 4 Dorm A Paso De Metro Principe De Gales;9600;CLF;4 dormitorios;2 baños;134 m² útiles;4 dormitorios | 2 baños | 134 m² útiles;Amapolas / Celerino Pareira, Amapolas, Ñuñoa;-33.44049039795608;-70.57648063696617;Amapolas / Celerino Pareira, Ñuñoa, Santiago, Chile
2025-11-29 18:13:38;Ñuñoa;casa;Impecable Casa Remodelada, Amplios Espacios, Barrio Consolid;14057;CLF;5 dormitorios;3 baños;177 m² útiles;5 dormitorios | 3 baños | 177 m² útiles;IMPECABLE CASA REMODELADA, AMPLIOS ESPACIOS, BARRIO CONSOLID, Diego De Almagro, Ñuñoa;-33.45632345;-70.61723597939795;IMPECABLE CASA REMODELADA, Ñuñoa, Santiago, Chile
2025-11-29 18:13:38;Ñuñoa;casa;Rebajada Vende Gran Casa Barrio Suarez Mujica (65145);15250;CLF;5 dormitorios;4 baños;250 m² útiles;5 dormitorios | 4 baños | 250 m² útiles;General Pedro Pablo Dartnell 1500 - 1800, Ñuñoa, Chile, Estadio Nacional, Ñuñoa;-33.460591;-70.6164386;General Pedro Pablo Dartnell 1500 - 1800, Ñuñoa, Santiago, Chile
2025-11-29 18:13:38;Ñuñoa;casa;Amplia Casa En Pasaje !! 7d-3b-1e, Ñuñoa;7800;CLF;7 dormitorios;3 baños;170 m² útiles;7 dormitorios | 3 baños | 170 m² útiles;Exequiel Fernández, Estadio Nacional, Ñuñoa;-33.47254822682722;-70.60123147870799;Exequiel Fernández, Ñuñoa, Santiago, Chile
2025-11-29 18:13:38;Ñuñoa;casa;Venta Casa 5hab 2ba Ñuñoa;6890;CLF;5 dormitorios;2 baños;94 m² útiles;5 dormitorios | 2 baños | 94 m² útiles;Rossemblut, 4900, Metro Simón Bolivar, Ñuñoa;-33.44293245039108;-70.57846676471418;Rossemblut, Ñuñoa, Santiago, Chile
2025-11-29 18:13:38;Ñuñoa;casa;Remodelada Casa En Venta De 4d+4b Cerca De Plaza Ñuñoa;16450;CLF;4 dormitorios;4 baños;202 m² útiles;4 dormitorios | 4 baños | 202 m² útiles;Julio Zegers Con Pedro Torres, Parque Juan XXIII, Ñuñoa;-33.45090115;-70.58873305754568;Julio Zegers Con Pedro Torres, Ñuñoa, Santiago, Chile
2025-11-29 18:13:38;Ñuñoa;casa;Remodelada En Barrio Seguro. Metro Cerca. Gran Potencial ;13500;CLF;4 dormitorios;4 baños;155 m² útiles;4 dormitorios | 4 baños | 155 m² útiles;Alcalde Eduardo Castillo Velasco 2011, 7.7502e+06 - 7.7505e+06 Ñuñoa, Región Metropolitana, Chile, Estadio Nacional, Ñuñoa;-33.45785665882353;-70.61067785588236;Alcalde Eduardo Castillo Velasco 2011, Ñuñoa, Santiago, Chile
2025-11-29 18:13:38;Ñuñoa;casa;Casa Amplia Cerca A Plaza Zañartu Ñuñoa 5d-2b;6200;CLF;5 dormitorios;2 baños;115 m² útiles;5 dormitorios | 2 baños | 115 m² útiles;Nelson, 1939, Estadio Nacional, Ñuñoa;-33.472256876171016;-70.60823659204829;Nelson, Ñuñoa, Santiago, Chile
2025-11-29 18:13:38;Ñuñoa;casa;Syk Vende Preciosa Casa Impecable/ Metro Principe De Gales ;13700;CLF;4 dormitorios;2 baños;130 m² útiles;4 dormitorios | 2 baños | 130 m² útiles;La Verbena 5100 - 5400, Ñuñoa, Amapolas, Ñuñoa;-33.440178;-70.5776095;La Verbena 5100 - 5400, Ñuñoa, Santiago, Chile
2025-11-29 18:13:38;Ñuñoa;casa;Metro Príncipe De Gales / Amplia Y Luminosa (121905);9990;CLF;4 dormitorios;2 baños;113 m² útiles;4 dormitorios | 2 baños | 113 m² útiles;Amapolas 5400 - 5700, Amapolas, Ñuñoa;-33.4408516;-70.5753064;Amapolas 5400 - 5700, Ñuñoa, Santiago, Chile
2025-11-29 18:13:38;Ñuñoa;casa;Venta Casa Ñuñoa (127209);12900;CLF;4 dormitorios;3 baños;192 m² útiles;4 dormitorios | 3 baños | 192 m² útiles;General Pedro Pablo Dartnell 1200 - 1500, Ñuñoa, Chile, Estadio Nacional, Ñuñoa;-33.460591;-70.6164386;General Pedro Pablo Dartnell 1200 - 1500, Ñuñoa, Santiago, Chile
2025-11-29 18:13:38;Ñuñoa;casa;Casa En Venta ,sólida, Con Piscina;23000;CLF;5 dormitorios;4 baños;195 m² útiles;5 dormitorios | 4 baños | 195 m² útiles;Ortúzar 898, Ñuñoa, Chile, Parque Botánico, Ñuñoa;-33.44639213221131;-70.59181075553863;Ortúzar 898, Ñuñoa, Santiago, Chile
2025-11-29 18:13:46;Ñuñoa;casa;Casa En Venta En Plaza Egaña, Ñuñoa;10800;CLF;5 dormitorios;3 baños;155 m² útiles;5 dormitorios | 3 baños | 155 m² útiles;Av. Ossa 398, Ñuñoa, Plaza Egaña, Ñuñoa;-33.4501414;-70.571522;Av. Ossa 398, Ñuñoa, Santiago, Chile
2025-11-29 18:13:46;Ñuñoa;casa;Casa En Venta En Ñuñoa;15569;CLF;5 dormitorios;3 baños;138 m² útiles;5 dormitorios | 3 baños | 138 m² útiles;Brown Norte /García Moreno, Parque Juan XXIII, Ñuñoa;-33.44975869872577;-70.59149543116202;Brown Norte /García Moreno, Ñuñoa, Santiago, Chile
2025-11-29 18:13:46;Ñuñoa;casa;Sector Tobalaba Montenegro;15400;CLF;5 dormitorios;3 baños;588 m² útiles;5 dormitorios | 3 baños | 588 m² útiles;Sector Tobalaba Montenegro, Plaza Ñuñoa, Ñuñoa;-33.4511267;-70.5863251;Sector Tobalaba Montenegro, Ñuñoa, Santiago, Chile
2025-11-29 18:13:46;Ñuñoa;casa;Casa En Venta En Emilia Tellez Con Patio Y Quincho;11998;CLF;4 dormitorios;3 baños;85 m² útiles;4 dormitorios | 3 baños | 85 m² útiles;A PASOS DE EMILIA TELLEZ, Metro Simón Bolivar, Ñuñoa;-33.4416332;-70.582296463922;A PASOS DE EMILIA TELLEZ, Ñuñoa, Santiago, Chile
2025-11-29 18:13:46;Ñuñoa;casa;Venta Casa Exclusiva Ñuñoa 4d4b;9000;CLF;4 dormitorios;4 baños;152 m² útiles;4 dormitorios | 4 baños | 152 m² útiles;Pasaje Los Jardines, Ñuñoa, Parque Juan XXIII, Ñuñoa;-33.4587199;-70.5884719;Pasaje Los Jardines, Ñuñoa, Santiago, Chile
2025-11-29 18:13:46;Ñuñoa;casa;Casa Remodelada En Ñuñoa;10800;CLF;3 dormitorios;2 baños;99 m² útiles;3 dormitorios | 2 baños | 99 m² útiles;Pedro Torres / Pucara, Parque Botánico, Ñuñoa;-33.4459149;-70.5874861;Pedro Torres / Pucara, Ñuñoa, Santiago, Chile
2025-11-29 18:13:46;Ñuñoa;casa;Se Vende Casa Villa Frei 4d/3b Ñuñoa;7350;CLF;4 dormitorios;2 baños;86 m² útiles;4 dormitorios | 2 baños | 86 m² útiles;Curamilla, 4800 - 5100, Villa Frei, Ñuñoa;-33.46155764949403;-70.57845110211505;Curamilla, Ñuñoa, Santiago, Chile
2025-11-29 18:13:46;Ñuñoa;casa;Ideal Remodelación En Barrio Ñuñoíno Clásico;13400;CLF;2 dormitorios;3 baños;201 m² útiles;2 dormitorios | 3 baños | 201 m² útiles;Dublé Almeyda, Ñuñoa, Chile, Villa Frei, Ñuñoa;-33.4573013;-70.59158422141533;Dublé Almeyda, Ñuñoa, Santiago, Chile
2025-11-29 18:13:46;Ñuñoa;casa;Casa Remodelada Con Altillo (118849);14500;CLF;3 dormitorios;3 baños;171 m² útiles;3 dormitorios | 3 baños | 171 m² útiles;Ortúzar 900 - 1200, Parque Botánico, Ñuñoa;-33.4439245;-70.58329802238623;Ortúzar 900 - 1200, Ñuñoa, Santiago, Chile
2025-11-29 18:13:46;Ñuñoa;casa;Impecable Casa En Pasaje. Excelente Ubicación, Silenciosa;13100;CLF;4 dormitorios;3 baños;116 m² útiles;4 dormitorios | 3 baños | 116 m² útiles;Av. Ricardo Lyon 2866, Ñuñoa, Ñuñoa;-33.4473388;-70.6024552;Av. Ricardo Lyon 2866, Ñuñoa, Santiago, Chile
2025-11-29 18:13:46;Ñuñoa;casa;Casa 2 Pisos. 4d 3b, Simon Bolivar - Plaza General Flores;13000;CLF;5 dormitorios;4 baños;172 m² útiles;5 dormitorios | 4 baños | 172 m² útiles;Luis Pereira 854, Ñuñoa, Chile, Parque Botánico, Ñuñoa;-33.44759030923077;-70.58918261153846;Luis Pereira 854, Ñuñoa, Santiago, Chile
2025-11-29 18:13:46;Ñuñoa;casa;Oportunidad!!;15500;CLF;4 dormitorios;4 baños;225 m² útiles;4 dormitorios | 4 baños | 225 m² útiles;Campus Oriente, Parque Juan XXIII, Ñuñoa;-33.4447634;-70.5991642;Campus Oriente, Ñuñoa, Santiago, Chile
2025-11-29 18:13:46;Ñuñoa;casa;Amplio Terreno Con Casa Solida, Excelente Ubicacion;6200;CLF;2 dormitorios;1 baño;200 m² útiles;2 dormitorios | 1 baño | 200 m² útiles;Los Veleros 4696, Ñuñoa, Villa Frei, Ñuñoa;-33.46892738571429;-70.57883895714286;Los Veleros 4696, Ñuñoa, Santiago, Chile
2025-11-29 18:13:46;Ñuñoa;casa;Casa 6d/ 3b .¡se Estudian Ofertas! (129288);14790;CLF;6 dormitorios;3 baños;195 m² útiles;6 dormitorios | 3 baños | 195 m² útiles;Eduardo Castillo Velasco 3000 - 3300, Ñuñoa, Chile, Estadio Nacional, Ñuñoa;-33.4591111;-70.59638204166667;Eduardo Castillo Velasco 3000 - 3300, Ñuñoa, Santiago, Chile
2025-11-29 18:13:46;Ñuñoa;casa;Oportunidad Gran Casa Con Terreno 540 Mts2;14800;CLF;3 dormitorios;2 baños;160 m² útiles;3 dormitorios | 2 baños | 160 m² útiles;Juan Francisco González 300 - 600, Ñuñoa, Ñuñoa;-33.445083100000005;-70.5796206;Juan Francisco González 300 - 600, Ñuñoa, Santiago, Chile
2025-11-29 18:13:46;Ñuñoa;casa;Casa Con Sala De Venta, 3d 2b Cerca De Metro Los Orientales;7695;CLF;3 dormitorios;2 baños;100 m² útiles;3 dormitorios | 2 baños | 100 m² útiles;Alcalde Eduardo Castillo Velasco 5277, Villa Frei, Ñuñoa;-33.45914161661513;-70.5969709363368;Alcalde Eduardo Castillo Velasco 5277, Ñuñoa, Santiago, Chile
2025-11-29 18:13:46;Ñuñoa;casa;Extraordinaria Oportunidad Casa En Ñuñoa (75722);9500;CLF;5 dormitorios;3 baños;106 m² útiles;5 dormitorios | 3 baños | 106 m² útiles;Los Cerezos 600 - 900, Ñuñoa, Chile, Ñuñoa;-33.46068836956522;-70.58572827391305;Los Cerezos 600 - 900, Ñuñoa, Santiago, Chile
2025-11-29 18:13:46;Ñuñoa;casa;Casa En Venta Coventry, Ñuñoa (68154);14492;CLF;3 dormitorios;3 baños;90 m² útiles;3 dormitorios | 3 baños | 90 m² útiles;Coventry 600 - 900, Ñuñoa, Chile, Parque Botánico, Ñuñoa;-33.449784949999994;-70.59170845747978;Coventry 600 - 900, Ñuñoa, Santiago, Chile
2025-11-29 18:13:46;Ñuñoa;casa;Parque Pucara  (130211);16500;CLF;4 dormitorios;4 baños;200 m² útiles;4 dormitorios | 4 baños | 200 m² útiles;Pedro Torres 900 - 1200, Ñuñoa, Chile, Parque Botánico, Ñuñoa;-33.44730045015808;-70.58830925898343;Pedro Torres 900 - 1200, Ñuñoa, Santiago, Chile
2025-11-29 18:13:46;Ñuñoa;casa;Amplio Terreno En Venta (70576);19500;CLF;4 dormitorios;4 baños;20.525 m² útiles;4 dormitorios | 4 baños | 20.525 m² útiles;Avenida Simón Bolívar 5100 - 5400, Ñuñoa, Chile, Plaza Egaña, Ñuñoa;-33.449840294596555;-70.60168321897282;Avenida Simón Bolívar 5100 - 5400, Ñuñoa, Santiago, Chile
2025-11-29 18:13:46;Ñuñoa;casa;Casa Comercial En Venta Jose Domingo Cañas;435000000;CLP;3 dormitorios;2 baños;180 m² útiles;3 dormitorios | 2 baños | 180 m² útiles;Avenida Jose Domingo Cañas 855, Metro Irarrázaval, Ñuñoa;-33.45552495;-70.62216685;Avenida Jose Domingo Cañas 855, Ñuñoa, Santiago, Chile
2025-11-29 18:13:46;Ñuñoa;casa;Casa En Venta De 5 Dorm. En Ñuñoa;13700;CLF;5 dormitorios;4 baños;190 m² útiles;5 dormitorios | 4 baños | 190 m² útiles;Plaza Egaña, Plaza Egaña, Ñuñoa;-33.4534937;-70.570823;Plaza Egaña, Ñuñoa, Santiago, Chile
2025-11-29 18:13:46;Ñuñoa;casa;Amplio Terreno En Sector Consolidado, Metro Simón Bolívar. ;13990;CLF;5 dormitorios;3 baños;152 m² útiles;5 dormitorios | 3 baños | 152 m² útiles;Hamburgo 598, Plaza Egaña, Ñuñoa;-33.44891495;-70.57703355;Hamburgo 598, Ñuñoa, Santiago, Chile
2025-11-29 18:13:46;Ñuñoa;casa;Linda Casa Familiar De 2 Pisos, Con Comodo Patio Y Bodega;8000;CLF;4 dormitorios;2 baños;84 m² útiles;4 dormitorios | 2 baños | 84 m² útiles;Incahuasi 706, Ñuñoa, Chile, Villa Frei, Ñuñoa;-33.52177117111111;-70.76357765666667;Incahuasi 706, Ñuñoa, Santiago, Chile
2025-11-29 18:13:46;Ñuñoa;casa;Casa En Venta De 5 Dorm. En Ñuñoa;24900;CLF;5 dormitorios;4 baños;340 m² útiles;5 dormitorios | 4 baños | 340 m² útiles;Diego De Almagro, Parque Botánico, Ñuñoa;-33.437405014150755;-70.58081502848258;Diego De Almagro, Ñuñoa, Santiago, Chile
2025-11-29 18:13:46;Ñuñoa;casa;Se Vende Propiedad Con Dos Casas, Excelente Ubicación;17000;CLF;5 dormitorios;4 baños;200 m² útiles;5 dormitorios | 4 baños | 200 m² útiles;Hamburgo 1645, Ñuñoa, Chile, Amapolas, Ñuñoa;-33.4396112;-70.57762068279294;Hamburgo 1645, Ñuñoa, Santiago, Chile
2025-11-29 18:13:46;Ñuñoa;casa;Venta Casa 2 Pisos 4d 3b Ñuñoa;9200;CLF;5 dormitorios;4 baños;150 m² útiles;5 dormitorios | 4 baños | 150 m² útiles;Nancy, 690, Metro Irarrázaval, Ñuñoa;-33.455989419907105;-70.62313856828807;Nancy, Ñuñoa, Santiago, Chile
2025-11-29 18:13:46;Ñuñoa;casa;Bella Casa Ñuñoína En Inmejorable Ubicacion. No Dejar De Ver;10500;CLF;2 dormitorios;2 baños;75 m² útiles;2 dormitorios | 2 baños | 75 m² útiles;Montenegro 244, 7790805 Ñuñoa, Región Metropolitana, Chile, Parque Juan XXIII, Ñuñoa;-33.453118950000004;-70.5857960694637;Montenegro 244, Ñuñoa, Santiago, Chile
2025-11-29 18:13:46;Ñuñoa;casa;Casa En Venta En Los Jardines Ñuñoa;9000;CLF;5 dormitorios;4 baños;140 m² útiles;5 dormitorios | 4 baños | 140 m² útiles;Los Jardines, Parque Juan XXIII, Ñuñoa;-33.471869;-70.5842744;Los Jardines, Ñuñoa, Santiago, Chile
2025-11-29 18:13:46;Ñuñoa;casa;Casa En Venta En Barrio Italia Con Patio Y Cocina;8000;CLF;4 dormitorios;3 baños;128 m² útiles;4 dormitorios | 3 baños | 128 m² útiles;Emilio Vaisse 680, Ñuñoa, Chile, Metro Irarrázaval, Ñuñoa;-33.46152397702703;-70.59501281351352;Emilio Vaisse 680, Ñuñoa, Santiago, Chile
2025-11-29 18:13:46;Ñuñoa;casa;Casa En Venta En Ñuñoa Con Departamentos Interiores;12000;CLF;5 dormitorios;5 baños;186 m² útiles;5 dormitorios | 5 baños | 186 m² útiles;Dublé Almeyda 1471, Ñuñoa, Metro Monseñor Eyzaguirre, Ñuñoa;-33.454615105128205;-70.61629109230769;Dublé Almeyda 1471, Ñuñoa, Santiago, Chile
2025-11-29 18:13:46;Ñuñoa;casa;Casa En Venta En Ñuñoa Cercana Parque Juan Xxiii;390000000;CLP;5 dormitorios;3 baños;140 m² útiles;5 dormitorios | 3 baños | 140 m² útiles;Pje. Los Cerezos 600 - 900, Santiago, Ñuñoa, Parque Juan XXIII, Ñuñoa;-33.46068836956522;-70.58572827391305;Pje. Los Cerezos 600 - 900, Ñuñoa, Santiago, Chile
2025-11-29 18:13:46;Ñuñoa;casa;Casa Para Remodelar, Obispo Orrego, Ñuñoa (128937);6400;CLF;3 dormitorios;2 baños;88 m² útiles;3 dormitorios | 2 baños | 88 m² útiles;Obispo Orrego 300 - 600, Santiago, Ñuñoa, Chile, Estadio Nacional, Ñuñoa;-33.4593865;-70.6196424;Obispo Orrego 300 - 600, Ñuñoa, Santiago, Chile
2025-11-29 18:13:46;Ñuñoa;casa;Oportunidad Única , Excelente Casa En Mejor Sector De Ñuñoa;8500;CLF;5 dormitorios;4 baños;160 m² útiles;5 dormitorios | 4 baños | 160 m² útiles;Sgto. Luis Navarrete 1825, Ñuñoa, Metro Monseñor Eyzaguirre, Ñuñoa;-33.452879505263155;-70.61221922105263;Sgto. Luis Navarrete 1825, Ñuñoa, Santiago, Chile
2025-11-29 18:13:46;Ñuñoa;casa;Hermosa Casa En Venta En Calle San Fernando / Ortuzar;12900;CLF;3 dormitorios;2 baños;200 m² útiles;3 dormitorios | 2 baños | 200 m² útiles;Pje. San Fernando, Ñuñoa, Villa Frei, Ñuñoa;-33.4543164;-70.5936358;Pje. San Fernando, Ñuñoa, Santiago, Chile
2025-11-29 18:13:46;Ñuñoa;casa;Casa A Pasos M Montt Y Una Cuadra De Irarrazaval;7900;CLF;4 dormitorios;4 baños;156 m² útiles;4 dormitorios | 4 baños | 156 m² útiles;Sgto. Luis Navarrete 1825, Ñuñoa, Metro Monseñor Eyzaguirre, Ñuñoa;-33.452879505263155;-70.61221922105263;Sgto. Luis Navarrete 1825, Ñuñoa, Santiago, Chile
2025-11-29 18:13:46;Ñuñoa;casa;Gran Casa Residencial En Ñuñoa;16000;CLF;4 dormitorios;3 baños;160 m² útiles;4 dormitorios | 3 baños | 160 m² útiles;Pedro Torres, Ñuñoa, Parque Botánico, Ñuñoa;-33.4554617;-70.5897066;Pedro Torres, Ñuñoa, Santiago, Chile
2025-11-29 18:13:46;Ñuñoa;casa;Casa Amplia Y Luminosa, Calle Cerrada. Metro Plaza Egaña.;8224;CLF;4 dormitorios;2 baños;130 m² útiles;4 dormitorios | 2 baños | 130 m² útiles;Francisco De Villagra, Ñuñoa, Plaza Egaña, Ñuñoa;-33.45425457632142;-70.57529814616078;Francisco De Villagra, Ñuñoa, Santiago, Chile
2025-11-29 18:13:46;Ñuñoa;casa;Casa En Venta En Plaza Egaña Con Jardín;32000;CLF;4 dormitorios;3 baños;300 m² útiles;4 dormitorios | 3 baños | 300 m² útiles;Heriberto Covarrubias 240, Ñuñoa, Chile, Plaza Egaña, Ñuñoa;-33.4510504;-70.5736044114047;Heriberto Covarrubias 240, Ñuñoa, Santiago, Chile
2025-11-29 18:13:46;Ñuñoa;casa;Vendo Casa En Ñuñoa;14000;CLF;5 dormitorios;2 baños;165 m² útiles;5 dormitorios | 2 baños | 165 m² útiles;Dr. Agustín Andrade 4375, 7760526 Ñuñoa, Región Metropolitana, Chile, Villa Frei, Ñuñoa;-33.4648253;-70.588019;Dr. Agustín Andrade 4375, Ñuñoa, Santiago, Chile
2025-11-29 18:13:46;Ñuñoa;casa;Venta Casa Pucará/ortúzar;10200;CLF;5 dormitorios;2 baños;167 m² útiles;5 dormitorios | 2 baños | 167 m² útiles;Pucará 4800 - 5100, Ñuñoa, Metro Simón Bolivar, Ñuñoa;-33.446137750000005;-70.57800334999999;Pucará 4800 - 5100, Ñuñoa, Santiago, Chile
2025-11-29 18:13:46;Ñuñoa;casa;Av. Salvador / Eduardo Castillo Velasco;9500;CLF;4 dormitorios;2 baños;142 m² útiles;4 dormitorios | 2 baños | 142 m² útiles;Av. Salvador / Eduardo Castillo Velasco, Estadio Nacional, Ñuñoa;-33.45914161661513;-70.5969709363368;Av. Salvador / Eduardo Castillo Velasco, Ñuñoa, Santiago, Chile
2025-11-29 18:13:46;Ñuñoa;casa;¡espaciosa Y Segura! Tu Casa Ideal En Ñuñoa (127227);10999;CLF;5 dormitorios;3 baños;140 m² útiles;5 dormitorios | 3 baños | 140 m² útiles;Augusto Villanueva 1 - 300, Ñuñoa, Chile, Parque Juan XXIII, Ñuñoa;-33.45082498488743;-70.58770669418621;Augusto Villanueva 1 - 300, Ñuñoa, Santiago, Chile
2025-11-29 18:13:46;Ñuñoa;casa;Casa En Venta En Plaza Ñuñoa;8600;CLF;4 dormitorios;2 baños;100 m² útiles;4 dormitorios | 2 baños | 100 m² útiles;Dublé Almeyda 3300 - 3600, Santiago, Ñuñoa, Plaza Ñuñoa, Ñuñoa;-33.456838899999994;-70.59272325;Dublé Almeyda 3300 - 3600, Ñuñoa, Santiago, Chile
2025-11-29 18:13:46;Ñuñoa;casa;Casa Con Gran Jardín En El Corazón De Ñuñoa;16723;CLF;5 dormitorios;3 baños;253 m² útiles;5 dormitorios | 3 baños | 253 m² útiles;Ángel Cruchaga Sta. Maria, Ñuñoa, Parque Juan XXIII, Ñuñoa;-33.45104395;-70.5863740360684;Ángel Cruchaga Sta. Maria, Ñuñoa, Santiago, Chile
2025-11-29 18:13:46;Ñuñoa;casa;Venta Linda Casa Muy Amplia Excelente Sector Muy Tranquilo;20000;CLF;3 dormitorios;2 baños;124 m² útiles;3 dormitorios | 2 baños | 124 m² útiles;Pje. Arturo Medina 4161, Ñuñoa, Amapolas, Ñuñoa;-33.4391938;-70.58439940627896;Pje. Arturo Medina 4161, Ñuñoa, Santiago, Chile
2025-11-29 18:13:46;Ñuñoa;casa;Townhouse Heriberto C. Con Increíble Rooftop (129573);8400;CLF;3 dormitorios;3 baños;1.156 m² útiles;3 dormitorios | 3 baños | 1.156 m² útiles;Heriberto Covarrubias 1 - 300, Metro Simón Bolivar, Ñuñoa;-33.45193893060087;-70.57353390342882;Heriberto Covarrubias 1 - 300, Ñuñoa, Santiago, Chile
2025-11-29 18:14:39;Ñuñoa;casa;Amplia Casa Sector Simón Bolivar_sin Pago Contribuciones;8500;CLF;5 dormitorios;3 baños;134 m² útiles;5 dormitorios | 3 baños | 134 m² útiles;General Gorostiaga 953, Ñuñoa, Chile, Parque Botánico, Ñuñoa;-33.446117;-70.58195180762354;General Gorostiaga 953, Ñuñoa, Santiago, Chile
2025-11-29 18:14:39;Ñuñoa;casa;Larrondo Propiedades Vende Amplia Casa Remodelar 493mt 5d 3b;12500;CLF;5 dormitorios;3 baños;160 m² útiles;5 dormitorios | 3 baños | 160 m² útiles;Pucará 4500 - 4800, Santiago, Ñuñoa, Parque Botánico, Ñuñoa;-33.4479907;-70.5804969;Pucará 4500 - 4800, Ñuñoa, Santiago, Chile
2025-11-29 18:14:39;Ñuñoa;casa;Casa Con Excelente Ubicación En Ñuñoa;11000;CLF;3 dormitorios;3 baños;147 m² útiles;3 dormitorios | 3 baños | 147 m² útiles;Carlos Aguirre Luco 1191, Santiago, Ñuñoa, Parque Botánico, Ñuñoa;-33.44440205;-70.58508801875762;Carlos Aguirre Luco 1191, Ñuñoa, Santiago, Chile
2025-11-29 18:14:39;Ñuñoa;casa;Gran Oportunidad En Ñuñoa, Casa En Venta;12650;CLF;4 dormitorios;3 baños;140 m² útiles;4 dormitorios | 3 baños | 140 m² útiles;Av. Echeñique 5328, Ñuñoa, Metro Simón Bolivar, Ñuñoa;-33.446073850000005;-70.5751555748292;Av. Echeñique 5328, Ñuñoa, Santiago, Chile
2025-11-29 18:14:39;Ñuñoa;casa;Casa Comercial Amplia A Pasos P De Valdivia;13500;CLF;8 dormitorios;4 baños;320 m² útiles;8 dormitorios | 4 baños | 320 m² útiles;Av. Sucre 2342, Ñuñoa, Metro Ñuñoa, Ñuñoa;-33.44879932840909;-70.60711404886364;Av. Sucre 2342, Ñuñoa, Santiago, Chile
2025-11-29 18:14:39;Ñuñoa;casa;Casa En Venta De 3 Dorm. En Ñuñoa;12300;CLF;3 dormitorios;1 baño;180 m² útiles;3 dormitorios | 1 baño | 180 m² útiles;Simon Bolivar/Colegio Calasanz, Parque Juan XXIII, Ñuñoa;-33.449837599999995;-70.58440373132119;Simon Bolivar/Colegio Calasanz, Ñuñoa, Santiago, Chile
2025-11-29 18:14:39;Ñuñoa;casa;Excelente Oportunidad En Ñuñoa! Gran Casa Para Remodelar;13000;CLF;6 dormitorios;4 baños;250 m² útiles;6 dormitorios | 4 baños | 250 m² útiles;Suárez Mujica 1055, Ñuñoa, Estadio Nacional, Ñuñoa;-33.45928356122449;-70.62026330816326;Suárez Mujica 1055, Ñuñoa, Santiago, Chile
2025-11-29 18:14:39;Ñuñoa;casa;Casa Destino Oficinas  Duble Almeyda.metro Villa Frei. ;11500;CLF;5 dormitorios;4 baños;177 m² útiles;5 dormitorios | 4 baños | 177 m² útiles;Los Jardines, Ñuñoa, Parque Juan XXIII, Ñuñoa;-33.471869;-70.5842744;Los Jardines, Ñuñoa, Santiago, Chile
2025-11-29 18:14:39;Ñuñoa;casa;Barrio Residencial 4 Dormitorios, Patio Terraza Estacionamie;10200;CLF;4 dormitorios;2 baños;138 m² útiles;4 dormitorios | 2 baños | 138 m² útiles;Obispo Orrego, Ñuñoa, Estadio Nacional, Ñuñoa;-33.462556248693716;-70.6201769655034;Obispo Orrego, Ñuñoa, Santiago, Chile
2025-11-29 18:14:39;Ñuñoa;casa;Excelente Ubicación Ñuñoa 3d1b;6250;CLF;3 dormitorios;1 baño;90 m² útiles;3 dormitorios | 1 baño | 90 m² útiles;Los Veleros, 4716, Villa Frei, Ñuñoa;-33.463603785463754;-70.58276379209622;Los Veleros, Ñuñoa, Santiago, Chile
2025-11-29 18:14:39;Ñuñoa;casa;Segura Para Tu Familia;7920;CLF;4 dormitorios;3 baños;125 m² útiles;4 dormitorios | 3 baños | 125 m² útiles;EDUARDO CASTILLO VELAZCO, PLAZA ÑUÑOA, Parque Juan XXIII, Ñuñoa;-33.4521007;-70.558107;EDUARDO CASTILLO VELAZCO, Ñuñoa, Santiago, Chile
2025-11-29 18:14:39;Ñuñoa;casa;D9427051- Venta Casa Barrio Mujica, Ñuñoa - 7d5b;12100;CLF;7 dormitorios;5 baños;220 m² útiles;7 dormitorios | 5 baños | 220 m² útiles;Estadio Nacional, Ñuñoa;-33.464382099999995;-70.61061809176775;Estadio Nacional, Ñuñoa, Santiago, Chile
2025-11-29 18:14:39;Ñuñoa;casa;Casa Amplia En Ñuñoa 8d-3b, Con Subterraneo;16000;CLF;8 dormitorios;3 baños;265 m² útiles;8 dormitorios | 3 baños | 265 m² útiles;Matta Oriente 559, Santiago, Ñuñoa, Chile, Metro Irarrázaval, Ñuñoa;-33.45454182631579;-70.62472823157894;Matta Oriente 559, Ñuñoa, Santiago, Chile
2025-11-29 18:14:39;Ñuñoa;casa;Casa En Venta En Diego De Almagro Ñuñoa;11435;CLF;4 dormitorios;3 baños;198 m² útiles;4 dormitorios | 3 baños | 198 m² útiles;BADILLA / DIEGO DE ALMAGRO, Diego De Almagro, Ñuñoa;-33.4513929;-70.6505616;BADILLA / DIEGO DE ALMAGRO, Ñuñoa, Santiago, Chile
2025-11-29 18:14:39;Ñuñoa;casa;Amplia Casa 5 Dormitorios  5 Baños (ñuñoa);16800;CLF;5 dormitorios;5 baños;243 m² útiles;5 dormitorios | 5 baños | 243 m² útiles;Ñuñoa, Villa Frei;-33.4543164;-70.5936358;Ñuñoa, Ñuñoa, Santiago, Chile
2025-11-29 18:14:39;Ñuñoa;casa;Gran Casa Remodelada Sector Estadio Nacional, Ñuñoa;13600;CLF;5 dormitorios;2 baños;210 m² útiles;5 dormitorios | 2 baños | 210 m² útiles;Ñuñoa, Estadio Nacional;-33.4543164;-70.5936358;Ñuñoa, Ñuñoa, Santiago, Chile
2025-11-29 18:14:39;Ñuñoa;casa;Casa En Venta En Barrio Suárez Mujica Ñuñoa;10690;CLF;7 dormitorios;4 baños;240 m² útiles;7 dormitorios | 4 baños | 240 m² útiles;Alcalde Eduardo Castillo Velasco 900 - 1200, Ñuñoa, Estadio Nacional, Ñuñoa;-33.456875389041095;-70.61898019726027;Alcalde Eduardo Castillo Velasco 900 - 1200, Ñuñoa, Santiago, Chile
2025-11-29 18:14:39;Ñuñoa;casa;Sólida Casa De Dos Pisos En Plaza Ñuñoa;460000000;CLP;6 dormitorios;3 baños;196 m² útiles;6 dormitorios | 3 baños | 196 m² útiles;Plaza Ñuñoa - Manuel De Salas 1 - 300, Ñuñoa, Región Metropolitana, Chile, Plaza Ñuñoa, Ñuñoa;-33.453449588764045;-70.59320692808988;Plaza Ñuñoa - Manuel De Salas 1 - 300, Ñuñoa, Santiago, Chile
2025-11-29 18:14:39;Ñuñoa;casa;Casa Comercial Y Habitacional En Barrio Italia, Ubicación ;11850;CLF;4 dormitorios;2 baños;240 m² útiles;4 dormitorios | 2 baños | 240 m² útiles;Av. Italia, Metro Irarrázaval, Ñuñoa;-33.452530402564584;-70.62327655914983;Av. Italia, Ñuñoa, Santiago, Chile
2025-11-29 18:14:39;Ñuñoa;casa;Barrio Italia 4 Dormitorios 3 Baños;15000;CLF;4 dormitorios;3 baños;141 m² útiles;4 dormitorios | 3 baños | 141 m² útiles;Inés Palma 294, 7770342 Ñuñoa, Región Metropolitana, Chile, Metro Irarrázaval, Ñuñoa;-33.45059687837838;-70.62647896216215;Inés Palma 294, Ñuñoa, Santiago, Chile
2025-11-29 18:14:39;Ñuñoa;casa;Av. Sucre - Ideal Remodelar (87611);9000;CLF;3 dormitorios;3 baños;130 m² útiles;3 dormitorios | 3 baños | 130 m² útiles;Avenida Sucre 300 - 600, Metro Irarrázaval, Ñuñoa;-33.45018852125984;-70.62140357244094;Avenida Sucre 300 - 600, Ñuñoa, Santiago, Chile
2025-11-29 18:14:39;Ñuñoa;casa;Casa En Venta, Pucará, Ortuzar, Ñuñoa (129909);10800;CLF;5 dormitorios;2 baños;167 m² útiles;5 dormitorios | 2 baños | 167 m² útiles;Pucará 4800 - 5100, Ñuñoa, Chile, Metro Simón Bolivar, Ñuñoa;-33.446137750000005;-70.57800334999999;Pucará 4800 - 5100, Ñuñoa, Santiago, Chile
2025-11-29 18:14:39;Ñuñoa;casa;Oportunidad Única En Zona Residencial (129667);9800;CLF;3 dormitorios;2 baños;144 m² útiles;3 dormitorios | 2 baños | 144 m² útiles;Hannover 1 - 300, Plaza Egaña, Ñuñoa;-33.4522197;-70.59432782234066;Hannover 1 - 300, Ñuñoa, Santiago, Chile
2025-11-29 18:14:39;Ñuñoa;casa;Ángel Cruchaga S. María // Diagonal Oriente (81136);17679;CLF;6 dormitorios;;253 m² útiles;6 dormitorios | 253 m² útiles;Ángel Cruchaga Sta. Maria, Ñuñoa, Santiago, Chile, Parque Juan XXIII, Ñuñoa;-33.45104395;-70.5863740360684;Ángel Cruchaga Sta. Maria, Ñuñoa, Santiago, Chile
2025-11-29 18:14:39;Ñuñoa;casa;Clásica / Espectacular Entorno  (107368);10500;CLF;3 dormitorios;2 baños;312 m² útiles;3 dormitorios | 2 baños | 312 m² útiles;Los Jardines, Parque Juan XXIII, Ñuñoa;-33.471869;-70.5842744;Los Jardines, Ñuñoa, Santiago, Chile
2025-11-29 18:14:39;Ñuñoa;casa;Casa Antigua Ideal Para Remodelación O Proyecto Inmobiliario;16000;CLF;6 dormitorios;3 baños;233 m² útiles;6 dormitorios | 3 baños | 233 m² útiles;Granada 2209, Ñuñoa, Metro Ñuñoa, Ñuñoa;-33.45146514925373;-70.60836034328358;Granada 2209, Ñuñoa, Santiago, Chile
2025-11-29 18:14:39;Ñuñoa;casa;Diagonal Oriente // Ángel Cruchaga S. María (90004);17679;CLF;6 dormitorios;;253 m² útiles;6 dormitorios | 253 m² útiles;Ángel Cruchaga Sta. Maria, Ñuñoa, Santiago, Chile, Parque Juan XXIII, Ñuñoa;-33.45104395;-70.5863740360684;Ángel Cruchaga Sta. Maria, Ñuñoa, Santiago, Chile
2025-11-29 18:14:39;Ñuñoa;casa;Arquitectura Única / Barrio Italia (71867);11850;CLF;4 dormitorios;3 baños;240 m² útiles;4 dormitorios | 3 baños | 240 m² útiles;Mujica, Ñuñoa, Chile, Metro Irarrázaval, Ñuñoa;-33.453659349999995;-70.61446131414799;Mujica, Ñuñoa, Santiago, Chile
2025-11-29 18:14:39;Ñuñoa;casa;Remodelada Y Patrimonial - Barrio Italia  (127558);11850;CLF;5 dormitorios;3 baños;239 m² útiles;5 dormitorios | 3 baños | 239 m² útiles;Mujica 1 - 300, Ñuñoa, Chile, Metro Irarrázaval, Ñuñoa;-33.4500479;-70.6265548;Mujica 1 - 300, Ñuñoa, Santiago, Chile
2025-11-29 18:14:39;Ñuñoa;casa;Venta Casa Parque Juan Xxiii, Ñuñoa (127537);11350;CLF;6 dormitorios;4 baños;161 m² útiles;6 dormitorios | 4 baños | 161 m² útiles;Juan Moya Morales Interior, Ñuñoa, Chile, Parque Juan XXIII, Ñuñoa;-33.458581663410804;-70.58698735076207;Juan Moya Morales Interior, Ñuñoa, Santiago, Chile
2025-11-29 18:14:39;Ñuñoa;casa;Venta Casa 3hab 3ba Ñuñoa;14850;CLF;3 dormitorios;3 baños;106 m² útiles;3 dormitorios | 3 baños | 106 m² útiles;José Domingo Cañas, 3000, Metro Monseñor Eyzaguirre, Ñuñoa;-33.45632345;-70.61723597939795;José Domingo Cañas, Ñuñoa, Santiago, Chile
2025-11-29 18:14:39;Ñuñoa;casa;Casa Con Giro Comercial. Gran Terreno;14900;CLF;8 dormitorios;5 baños;270 m² útiles;8 dormitorios | 5 baños | 270 m² útiles;Los Avellanos 2100 - 2400, Ñuñoa, Estadio Nacional, Ñuñoa;-33.473370192857146;-70.60924797857143;Los Avellanos 2100 - 2400, Ñuñoa, Santiago, Chile
2025-11-29 18:14:39;Ñuñoa;casa;Casa Con Potencial Villa Frei (95604);8700;CLF;3 dormitorios;2 baños;139 m² útiles;3 dormitorios | 2 baños | 139 m² útiles;Raúl Silva Castro 1 - 300, Villa Frei, Ñuñoa;-33.464846912369424;-70.58300149627834;Raúl Silva Castro 1 - 300, Ñuñoa, Santiago, Chile
2025-11-29 18:14:39;Ñuñoa;casa;Grecia/ Reina Del Mar (130538);10100;CLF;3 dormitorios;3 baños;216 m² útiles;3 dormitorios | 3 baños | 216 m² útiles;Reina Del Mar 4800 - 5100, Ñuñoa, Chile, Villa Frei, Ñuñoa;-33.467327;-70.5781616;Reina Del Mar 4800 - 5100, Ñuñoa, Santiago, Chile
2025-11-29 18:14:39;Ñuñoa;casa;Chalet (112843);11550;CLF;4 dormitorios;2 baños;216 m² útiles;4 dormitorios | 2 baños | 216 m² útiles;Los Jazmines 1 - 300, Estadio Nacional, Ñuñoa;-33.458041050000006;-70.59082797405972;Los Jazmines 1 - 300, Ñuñoa, Santiago, Chile
2025-11-29 18:14:39;Ñuñoa;casa;Amplia Casa Remodelada En Ñuñoa;16450;CLF;4 dormitorios;4 baños;240 m² útiles;4 dormitorios | 4 baños | 240 m² útiles;Brown Nte. 408, 7790569 Santiago, Ñuñoa, Región Metropolitana, Chile, Plaza Ñuñoa, Ñuñoa;-33.45100084177215;-70.59172517974683;Brown Nte. 408, Ñuñoa, Santiago, Chile
2025-11-29 18:14:39;Ñuñoa;casa;Excelente Propiedad Villa Frei;7590;CLF;4 dormitorios;2 baños;120 m² útiles;4 dormitorios | 2 baños | 120 m² útiles;Ramón Cruz Montt 600 - 900, Ñuñoa, Villa Frei, Ñuñoa;-33.449745419718305;-70.58569562816902;Ramón Cruz Montt 600 - 900, Ñuñoa, Santiago, Chile
2025-11-29 18:14:39;Ñuñoa;casa;Casa Para Remodelar  Sector Parque Ines De Suarez ;14400;CLF;6 dormitorios;3 baños;205 m² útiles;6 dormitorios | 3 baños | 205 m² útiles;CASA PARA REMODELAR  SECTOR PARQUE INES DE SUAREZ, Metro Ñuñoa, Ñuñoa;-22.464284550000002;-68.94215342161186;CASA PARA REMODELAR SECTOR PARQUE INES DE SUAREZ, Ñuñoa, Santiago, Chile
2025-11-29 18:14:39;Ñuñoa;casa;Casa Vecina A Universidad Católica Prov.  (111379);14500;CLF;4 dormitorios;2 baños;127 m² útiles;4 dormitorios | 2 baños | 127 m² útiles;Jaime Guzmán Errázuriz 1 - 300, Plaza Ñuñoa, Ñuñoa;-33.7283506;-70.9166662;Jaime Guzmán Errázuriz 1 - 300, Ñuñoa, Santiago, Chile
2025-11-29 18:14:39;Ñuñoa;casa;Casa En Venta De En Comuna De Ñuñoa;16950;CLF;6 dormitorios;4 baños;240 m² útiles;6 dormitorios | 4 baños | 240 m² útiles;Pucará Y Ortuzar, Comuna De Ñuñoa, Parque Botánico, Ñuñoa;-33.44314405;-70.57508194996788;Pucará Y Ortuzar, Ñuñoa, Santiago, Chile
2025-11-29 18:14:39;Ñuñoa;casa;Juan Fco. González, 6 Dormitorios, 4 Baños, Terreno 540 M2;15350;CLF;3 dormitorios;2 baños;160 m² útiles;3 dormitorios | 2 baños | 160 m² útiles;Juan Francisco González 454, Ñuñoa, Ñuñoa;-33.4489021;-70.57984782122301;Juan Francisco González 454, Ñuñoa, Santiago, Chile
2025-11-29 18:14:39;Ñuñoa;casa;Casa En Venta De 11 Dorm. En Ñuñoa;800000000;CLP;11 dormitorios;4 baños;567 m² útiles;11 dormitorios | 4 baños | 567 m² útiles;PEDRO DE VALDIVIA, Metro Ñuñoa, Ñuñoa;-33.465776500000004;-70.60749102715357;PEDRO DE VALDIVIA, Ñuñoa, Santiago, Chile
2025-11-29 18:14:39;Ñuñoa;casa;Oportunidad Inmobiliaria  En Ñuñoa (129255);12454;CLF;4 dormitorios;2 baños;260 m² útiles;4 dormitorios | 2 baños | 260 m² útiles;Los Alerces 2700 - 3000, Ñuñoa, Chile, Estadio Nacional, Ñuñoa;-33.4707289;-70.6003145;Los Alerces 2700 - 3000, Ñuñoa, Santiago, Chile
2025-11-29 18:14:39;Ñuñoa;casa;Se Vende Casa Dos Pisos Villa Frei 4d+2b+e;7595;CLF;4 dormitorios;2 baños;120 m² útiles;4 dormitorios | 2 baños | 120 m² útiles;El Cobre 800, Ñuñoa, Villa Frei, Ñuñoa;-33.46288735;-70.58211402516423;El Cobre 800, Ñuñoa, Santiago, Chile
2025-11-29 18:14:39;Ñuñoa;casa;Casa Venta Ñuñoa / Amapolas (129137);11900;CLF;5 dormitorios;4 baños;150 m² útiles;5 dormitorios | 4 baños | 150 m² útiles;Amapolas 15300 - 15600, Amapolas, Ñuñoa;-33.44049039795608;-70.57648063696617;Amapolas 15300 - 15600, Ñuñoa, Santiago, Chile
2025-11-29 18:14:39;Ñuñoa;casa;Se Vende Ñuñoa Amplia Casa 493/160 Mts Para Remodelar 5d 3b;12500;CLF;5 dormitorios;3 baños;160 m² útiles;5 dormitorios | 3 baños | 160 m² útiles;Pucará 4736, Santiago, Ñuñoa, Parque Botánico, Ñuñoa;-33.4444388;-70.58168875084918;Pucará 4736, Ñuñoa, Santiago, Chile
2025-11-29 18:14:39;Ñuñoa;casa;Casa Sector Plaza Egaña, Excelente Precio, Gran Oportunidad;11000;CLF;3 dormitorios;2 baños;154 m² útiles;3 dormitorios | 2 baños | 154 m² útiles;Juan Sabaj 121, 7760003 Ñuñoa, Región Metropolitana, Chile, Plaza Egaña, Ñuñoa;-33.4567642;-70.58634171034483;Juan Sabaj 121, Ñuñoa, Santiago, Chile
2025-11-29 18:14:39;Ñuñoa;casa;Casa, 4 Dormitorios, 1 Baño, Ñuñoa;320000000;CLP;4 dormitorios;1 baño;110 m² útiles;4 dormitorios | 1 baño | 110 m² útiles;Fénelon 5447, 7760011 Ñuñoa, Región Metropolitana, Chile, Plaza Egaña, Ñuñoa;-33.43882055;-70.57392873055173;Fénelon 5447, Ñuñoa, Santiago, Chile
2025-11-29 18:14:47;Ñuñoa;casa;Se Remata Casa En Ñuñoa A Pasos De La Avenida Maratón;125000000;CLP;5 dormitorios;2 baños;95 m² útiles;5 dormitorios | 2 baños | 95 m² útiles;C. Trece 1792, Ñuñoa, Estadio Nacional, Ñuñoa;-33.4543164;-70.5936358;C. Trece 1792, Ñuñoa, Santiago, Chile
2025-11-29 18:14:47;Ñuñoa;casa;Casa En Venta En Seminario Ñuñoa Con Jardín Y Terraza;11850;CLF;5 dormitorios;3 baños;240 m² útiles;5 dormitorios | 3 baños | 240 m² útiles;Mujica 280, Ñuñoa, Región Metropolitana, Chile, Metro Irarrázaval, Ñuñoa;-33.45009296818182;-70.62677643636363;Mujica 280, Ñuñoa, Santiago, Chile
2025-11-29 18:14:47;Ñuñoa;casa;Linda Y Amplia Casa En Villa Frei Ñuñoa - 829;8000;CLF;5 dormitorios;3 baños;90 m² útiles;5 dormitorios | 3 baños | 90 m² útiles;Alcalde Eduardo Castillo Velasco 5400, Ñuñoa, Ñuñoa;-33.45914161661513;-70.5969709363368;Alcalde Eduardo Castillo Velasco 5400, Ñuñoa, Santiago, Chile
2025-11-29 18:14:47;Ñuñoa;casa;Casa En Venta En Emilia Tellez Con Jardín;14000;CLF;4 dormitorios;3 baños;230 m² útiles;4 dormitorios | 3 baños | 230 m² útiles;Emilia Téllez 4128, 7790155 Ñuñoa, Región Metropolitana, Chile, Amapolas, Ñuñoa;-33.43999975;-70.58533426689357;Emilia Téllez 4128, Ñuñoa, Santiago, Chile
2025-11-29 18:14:47;Ñuñoa;casa;Amplia Casa 4 Dorm. 3 Baños 235 De Terreno;9980;CLF;4 dormitorios;3 baños;165 m² útiles;4 dormitorios | 3 baños | 165 m² útiles;Las Palmeras 3000 - 3300, Ñuñoa, Santiago, Estadio Nacional, Ñuñoa;-33.4689336;-70.6006163;Las Palmeras 3000 - 3300, Ñuñoa, Santiago, Chile
2025-11-29 18:14:47;Ñuñoa;casa;Casa 5d3b En Venta En Ñuñoa;580000000;CLP;5 dormitorios;3 baños;317 m² útiles;5 dormitorios | 3 baños | 317 m² útiles;Jorge Washington 248, 7790787 Santiago, Ñuñoa, Región Metropolitana, Chile, Plaza Ñuñoa, Ñuñoa;-33.45723974736842;-70.58367622631579;Jorge Washington 248, Ñuñoa, Santiago, Chile
2025-11-29 18:14:47;Ñuñoa;casa;Hermoso Chalet Excelente Construcción Amplio Terreno. Metros;15400;CLF;5 dormitorios;3 baños;182 m² útiles;5 dormitorios | 3 baños | 182 m² útiles;Coventry, Ñuñoa, Región Metropolitana, Chile, Diego De Almagro, Ñuñoa;-33.441213621511764;-70.5814796293197;Coventry, Ñuñoa, Santiago, Chile
2025-11-29 18:14:47;Ñuñoa;casa;Casona En Venta Ñuñoa 703m2;23000;CLF;6 dormitorios;3 baños;284 m² útiles;6 dormitorios | 3 baños | 284 m² útiles;José Domingo Cañas 1185, Ñuñoa, Metro Monseñor Eyzaguirre, Ñuñoa;-33.45588693272727;-70.61865154727273;José Domingo Cañas 1185, Ñuñoa, Santiago, Chile
2025-11-29 18:14:47;Ñuñoa;casa;Excelente, Comoda Y Luminosa Casa En Ñuñoa;7820;CLF;6 dormitorios;4 baños;130 m² útiles;6 dormitorios | 4 baños | 130 m² útiles;Las Docas 5198, Ñuñoa, Villa Frei, Ñuñoa;-33.4504729;-70.5768131;Las Docas 5198, Ñuñoa, Santiago, Chile
2025-11-29 18:14:47;Ñuñoa;casa;Metros Simón Bolívar Y Príncipe De Gales, Casa De 1 Piso;7900;CLF;4 dormitorios;2 baños;99 m² útiles;4 dormitorios | 2 baños | 99 m² útiles;Nueva Gustavo Carreño 4968, Santiago, Ñuñoa, Metro Simón Bolivar, Ñuñoa;-33.445733149999995;-70.579285768614;Nueva Gustavo Carreño 4968, Ñuñoa, Santiago, Chile
2025-11-29 18:14:47;Ñuñoa;casa;Campo Deporte / Jose D Cañas;17985;CLF;5 dormitorios;4 baños;283 m² útiles;5 dormitorios | 4 baños | 283 m² útiles;Avenida Campos De Deportes 300 - 600, Ñuñoa, Chile, Metro Ñuñoa, Ñuñoa;-33.4562688825;-70.60918016000001;Avenida Campos De Deportes 300 - 600, Ñuñoa, Santiago, Chile
2025-11-29 18:14:47;Ñuñoa;casa;Casa Tradicional Ñuñoína | Cercana Al Metro Irarrázaval.;12990;CLF;5 dormitorios;3 baños;267 m² útiles;5 dormitorios | 3 baños | 267 m² útiles;Nancy, Ñuñoa, Metro Irarrázaval, Ñuñoa;-33.455989419907105;-70.62313856828807;Nancy, Ñuñoa, Santiago, Chile
2025-11-29 18:14:47;Ñuñoa;casa;Buena Casa En Excelente Sector De Ñuñoa;14000;CLF;5 dormitorios;4 baños;218 m² útiles;5 dormitorios | 4 baños | 218 m² útiles;Montenegro 1386, Ñuñoa, Nunoa, Parque Botánico, Ñuñoa;-33.4428209;-70.58459060235427;Montenegro 1386, Ñuñoa, Santiago, Chile
2025-11-29 18:14:47;Ñuñoa;casa;Casa En Venta En Ñuñoa;16200;CLF;6 dormitorios;2 baños;270 m² útiles;6 dormitorios | 2 baños | 270 m² útiles;Ñuñoa, Región Metropolitana, Metro Ñuñoa, Ñuñoa;-33.4543164;-70.5936358;Ñuñoa, Ñuñoa, Santiago, Chile
2025-11-29 18:14:47;Ñuñoa;casa;Casa Tres Dormitorios (125243);7000;CLF;3 dormitorios;3 baños;105 m² útiles;3 dormitorios | 3 baños | 105 m² útiles;Holanda 3000 - 3300 Ñuñoa, Chile, Ñuñoa;-33.4566147;-70.5965803;Holanda 3000 - 3300 Ñuñoa, Ñuñoa, Santiago, Chile
2025-11-29 18:14:47;Ñuñoa;casa;Excelente Oportunidad, Regia Casa Pasos Irarrazaval;650000000;CLP;4 dormitorios;2 baños;170 m² útiles;4 dormitorios | 2 baños | 170 m² útiles;José Manuel Infante 2065, Ñuñoa, Metro Monseñor Eyzaguirre, Ñuñoa;-33.45022603333334;-70.618278832;José Manuel Infante 2065, Ñuñoa, Santiago, Chile
2025-11-29 18:14:47;Ñuñoa;casa;Venta, Casa, Ñuñoa. 5d/2b;16000;CLF;5 dormitorios;2 baños;155 m² útiles;5 dormitorios | 2 baños | 155 m² útiles;"Jorge Washington 601 ; Ñuñoa, Ñuñoa";-33.449634950000004;-70.59373878117913;"Jorge Washington 601 ; Ñuñoa, Ñuñoa, Santiago, Chile"
2025-11-29 18:14:47;Ñuñoa;casa;Venta Casa En Ñuñoa/ Grecia (113434);10500;CLF;4 dormitorios;2 baños;196 m² útiles;4 dormitorios | 2 baños | 196 m² útiles;Santa Julia 1 - 300, Parque Juan XXIII, Ñuñoa;-33.4583704;-70.58968219859253;Santa Julia 1 - 300, Ñuñoa, Santiago, Chile
2025-11-29 18:14:47;Ñuñoa;casa;Gran Oportunidad 2 Casas Ñuñoa,  Lincoyan/tegualda;13900;CLF;4 dormitorios;2 baños;340 m² útiles;4 dormitorios | 2 baños | 340 m² útiles;Lincoyán 910, Ñuñoa, Metro Irarrázaval, Ñuñoa;-33.45284148723404;-70.62162542127659;Lincoyán 910, Ñuñoa, Santiago, Chile
2025-11-29 18:14:47;Ñuñoa;casa;Gran Propiedad En Venta En Ñuñoa;12700;CLF;3 dormitorios;3 baños;205 m² útiles;3 dormitorios | 3 baños | 205 m² útiles;Coventry 1176, Santiago, Ñuñoa, Parque Botánico, Ñuñoa;-33.443977399999994;-70.58157905387912;Coventry 1176, Ñuñoa, Santiago, Chile
2025-11-29 18:14:47;Ñuñoa;casa;Nvo Precio  Casa 1p 140/413m2  (132593);10999;CLF;5 dormitorios;3 baños;140 m² útiles;5 dormitorios | 3 baños | 140 m² útiles;Augusto Villanueva 1 - 300, Parque Juan XXIII, Ñuñoa;-33.45082498488743;-70.58770669418621;Augusto Villanueva 1 - 300, Ñuñoa, Santiago, Chile
2025-11-29 18:14:47;Ñuñoa;casa;Excelente Casa/ Comercial  (114329);11490;CLF;5 dormitorios;4 baños;298 m² útiles;5 dormitorios | 4 baños | 298 m² útiles;Los Jardines 1 - 300, Parque Juan XXIII, Ñuñoa;-33.45848146363636;-70.58867299090909;Los Jardines 1 - 300, Ñuñoa, Santiago, Chile
2025-11-29 18:14:47;Ñuñoa;casa;Gran Oportunidad Impecable Bella Mejor Ubicación Plza. Ñuñoa;8600;CLF;4 dormitorios;2 baños;100 m² útiles;4 dormitorios | 2 baños | 100 m² útiles;Dublé Almeyda 3531, Ñuñoa, Plaza Ñuñoa, Ñuñoa;-33.457018;-70.59334289874369;Dublé Almeyda 3531, Ñuñoa, Santiago, Chile
2025-11-29 18:14:47;Ñuñoa;casa;Casa De 3d 2b Y Estacionamiento  Excelente Ubicación, Ñuñoa;6500;CLF;3 dormitorios;2 baños;98 m² útiles;3 dormitorios | 2 baños | 98 m² útiles;José Miguel Infante 3215, Ñuñoa, Santiago, Estadio Nacional, Ñuñoa;-33.4059865;-70.74535138805658;José Miguel Infante 3215, Ñuñoa, Santiago, Chile
2025-11-29 18:14:47;Ñuñoa;casa;Casa Con Amplias Habitaciones, Gran Patio En Comuna Ñuñoa;7488;CLF;4 dormitorios;2 baños;135 m² útiles;4 dormitorios | 2 baños | 135 m² útiles;Incahuasi 804, Ñuñoa, Villa Frei, Ñuñoa;-33.462292700000006;-70.58435546048088;Incahuasi 804, Ñuñoa, Santiago, Chile
2025-11-29 18:14:47;Ñuñoa;casa;Oferta Gran Terreno 422 M2 En Centro Ñuñoa Uf 22.77 X M2;9610;CLF;5 dormitorios;3 baños;145 m² útiles;5 dormitorios | 3 baños | 145 m² útiles;Rapel 344, Ñuñoa, Santiago, Villa Frei, Ñuñoa;-33.4512945877551;-70.5818341387755;Rapel 344, Ñuñoa, Santiago, Chile
2025-11-29 18:14:47;Ñuñoa;casa;Casa En Venta De 3 Dorm. En Ñuñoa;7800;CLF;3 dormitorios;1 baño;93 m² útiles;3 dormitorios | 1 baño | 93 m² útiles;Eduardo Castillo Velasco, Villa Frei, Ñuñoa;-33.45914161661513;-70.5969709363368;Eduardo Castillo Velasco, Ñuñoa, Santiago, Chile
2025-11-29 18:14:47;Ñuñoa;casa;En Venta Maravillosa Casa Aislada En Hannover, Ñuñoa;11700;CLF;4 dormitorios;3 baños;122 m² útiles;4 dormitorios | 3 baños | 122 m² útiles;Nueva Hannover 584, Ñuñoa, Santiago, Región Metropolitana, Chile, Plaza Egaña, Ñuñoa;-33.44889595;-70.57585924485095;Nueva Hannover 584, Ñuñoa, Santiago, Chile
2025-11-29 18:14:47;Ñuñoa;casa;Casa Buena Conectividad, 140 Const 176 Terreno. R. De Araya.;159000000;CLP;7 dormitorios;2 baños;140 m² útiles;7 dormitorios | 2 baños | 140 m² útiles;Av. Rodrigo De Araya 3690, Ñuñoa, Santiago, Juan Gómez Millas, Ñuñoa;-33.4731827;-70.59362815;Av. Rodrigo De Araya 3690, Ñuñoa, Santiago, Chile
2025-11-29 18:14:47;Ñuñoa;casa;Cine Hoyts La Reina;10200;CLF;3 dormitorios;3 baños;99 m² útiles;3 dormitorios | 3 baños | 99 m² útiles;Cine Hoyts La Reina, Metro Simón Bolivar, Ñuñoa;-33.4617681;-70.59680201929875;Cine Hoyts La Reina, Ñuñoa, Santiago, Chile
2025-11-29 18:14:47;Ñuñoa;casa;Amplia Y Linda Casa De 3 Pisos Tipo Townhouse 4d, 2b, 2e;9600;CLF;4 dormitorios;2 baños;102 m² útiles;4 dormitorios | 2 baños | 102 m² útiles;Juan Moya Morales 408, Santiago, Ñuñoa, Parque Juan XXIII, Ñuñoa;-33.45918332;-70.58657932;Juan Moya Morales 408, Ñuñoa, Santiago, Chile
2025-11-29 18:14:47;Ñuñoa;casa;Uf 12.100 Casa 4d + 2b + Servicios. Plaza Ñuñoa. Calle Resid;12100;CLF;5 dormitorios;3 baños;156 m² útiles;5 dormitorios | 3 baños | 156 m² útiles;Enrique Richard Con Jorge Washington, Plaza Ñuñoa, Ñuñoa;-33.4536361;-70.5941845;Enrique Richard Con Jorge Washington, Ñuñoa, Santiago, Chile
2025-11-29 18:14:47;Ñuñoa;casa;Increíble Casa Estilo Años 50 En Ñuñoa ;10300;CLF;5 dormitorios;4 baños;121 m² útiles;5 dormitorios | 4 baños | 121 m² útiles;La Giralda 1642, Ñuñoa, Amapolas, Ñuñoa;-33.438379999999995;-70.58194514494771;La Giralda 1642, Ñuñoa, Santiago, Chile
2025-11-29 18:14:47;Ñuñoa;casa;Casa Para Remodelar, Ñuñoa (116204);7122;CLF;3 dormitorios;2 baños;70 m² útiles;3 dormitorios | 2 baños | 70 m² útiles;Curamilla 1 - 300, Villa Frei, Ñuñoa;-33.46330855277571;-70.57921528855168;Curamilla 1 - 300, Ñuñoa, Santiago, Chile
2025-11-29 18:14:47;Ñuñoa;casa;A Pasos Irarrázaval - Metro Ñuñoa - Comercial !!!;15200;CLF;3 dormitorios;3 baños;235 m² útiles;3 dormitorios | 3 baños | 235 m² útiles;Los Tres Antonios, Ñuñoa, Estadio Nacional, Ñuñoa;-33.4713834508019;-70.60443406304117;Los Tres Antonios, Ñuñoa, Santiago, Chile
2025-11-29 18:14:47;Ñuñoa;casa;Sector Barrio Italia;11850;CLF;5 dormitorios;3 baños;300 m² útiles;5 dormitorios | 3 baños | 300 m² útiles;Sector Barrio Italia, Parque San Eugenio - Metro Ñuble, Ñuñoa;-33.4541894;-70.604972;Sector Barrio Italia, Ñuñoa, Santiago, Chile
2025-11-29 18:14:47;Ñuñoa;casa;Excelente Casa En Simon Bolivar/montenegro, Ñuñoa;10000;CLF;4 dormitorios;3 baños;119 m² útiles;4 dormitorios | 3 baños | 119 m² útiles;Av. Simón Bolívar 4416, Ñuñoa, Parque Botánico, Ñuñoa;-33.44817305;-70.58456637644449;Av. Simón Bolívar 4416, Ñuñoa, Santiago, Chile
2025-11-29 18:14:47;Ñuñoa;casa;Excelente Ubicación (127580);8190;CLF;4 dormitorios;3 baños;118 m² útiles;4 dormitorios | 3 baños | 118 m² útiles;Diagonal Oriente 5100 - 5400, Ñuñoa, Chile, Diagonal Oriente, Ñuñoa;-33.45464929529225;-70.57992481219011;Diagonal Oriente 5100 - 5400, Ñuñoa, Santiago, Chile
2025-11-29 18:14:47;Ñuñoa;casa;Venta Casa 4hab 3ba Ñuñoa;12300;CLF;4 dormitorios;3 baños;126 m² útiles;4 dormitorios | 3 baños | 126 m² útiles;Rosita Renard, 1120, Metro Simón Bolivar, Ñuñoa;-33.4695767;-70.6038966;Rosita Renard, Ñuñoa, Santiago, Chile
2025-11-29 18:14:47;Ñuñoa;casa;Oportunidad De Casa  En Ñuñoa (96425);11990;CLF;3 dormitorios;3 baños;133 m² útiles;3 dormitorios | 3 baños | 133 m² útiles;Ramón Escobar 300 - 600, Plaza Ñuñoa, Ñuñoa;-33.457441360000004;-70.58011108;Ramón Escobar 300 - 600, Ñuñoa, Santiago, Chile
2025-11-29 18:14:47;Ñuñoa;casa;Venta Casa 2 Pisos, 4 D, 2 B En Villa Olimpica, Ñuñoa;4200;CLF;4 dormitorios;2 baños;74 m² útiles;4 dormitorios | 2 baños | 74 m² útiles;VENTA CASA 2 PISOS, 4 D, 2 B EN VILLA OLIMPICA, ÑUÑOA, Estadio Nacional, Ñuñoa;-33.456569900000005;-70.60857833438047;VENTA CASA 2 PISOS, Ñuñoa, Santiago, Chile
2025-11-29 18:14:47;Ñuñoa;casa;Amplia Casa En Condominio_ Exenta Del Pago De Contribuciones;8500;CLF;5 dormitorios;3 baños;134 m² útiles;5 dormitorios | 3 baños | 134 m² útiles;General Gorostiaga 953, Ñuñoa, Chile, Parque Botánico, Ñuñoa;-33.446117;-70.58195180762354;General Gorostiaga 953, Ñuñoa, Santiago, Chile
2025-11-29 18:14:47;Ñuñoa;casa;¡oportunidad Única De Inversión En Ñuñoa !;12600;CLF;6 dormitorios;6 baños;202 m² útiles;6 dormitorios | 6 baños | 202 m² útiles;AV. SUCRE, 2100 - 2400, Metro Ñuñoa, Ñuñoa;-33.448974;-70.6063499;AV. SUCRE, Ñuñoa, Santiago, Chile
2025-11-29 18:14:47;Ñuñoa;casa;Sector Metro Irarrázaval;12500;CLF;4 dormitorios;3 baños;370 m² útiles;4 dormitorios | 3 baños | 370 m² útiles;Sector Metro Irarrázaval, Estadio Nacional, Ñuñoa;-33.4550535;-70.6283154;Sector Irarrázaval, Ñuñoa, Santiago, Chile
2025-11-29 18:14:47;Ñuñoa;casa;Estupenda Casa Remodelada En Barrio Patrimonial De Ñuñoa;10650;CLF;3 dormitorios;3 baños;171 m² útiles;3 dormitorios | 3 baños | 171 m² útiles;Suárez Mujica 2358, 7750557 Santiago, Ñuñoa, Región Metropolitana, Chile, Estadio Nacional, Ñuñoa;-33.46040520923077;-70.60671502461538;Suárez Mujica 2358, Ñuñoa, Santiago, Chile
2025-11-29 18:14:47;Ñuñoa;casa;Amplia Y Acogedora Casa 4dorm+3b+2est Zona Consolidada Ñuñoa;7900;CLF;4 dormitorios;3 baños;97 m² útiles;4 dormitorios | 3 baños | 97 m² útiles;José María Narbona 4954, Ñuñoa, Villa Frei, Ñuñoa;-33.38066750697674;-70.67067419069767;José María Narbona 4954, Ñuñoa, Santiago, Chile
2025-11-29 18:15:19;Ñuñoa;casa;Excelente Casa Av Grecia Ñuñoa Apta Remodelar;7290;CLF;5 dormitorios;2 baños;92 m² útiles;5 dormitorios | 2 baños | 92 m² útiles;Av. Grecia 3600 - 3900, Ñuñoa, Parque Juan XXIII, Ñuñoa;-33.46503083333334;-70.59064531111112;Av. Grecia 3600 - 3900, Ñuñoa, Santiago, Chile
2025-11-29 18:15:19;Ñuñoa;casa;Clásica Y Moderna, Año 1954;13000;CLF;4 dormitorios;2 baños;183 m² útiles;4 dormitorios | 2 baños | 183 m² útiles;José Ignacio Vergara 3394, Ñuñoa, Plaza Ñuñoa, Ñuñoa;-33.457581149999996;-70.59502506554438;José Ignacio Vergara 3394, Ñuñoa, Santiago, Chile
2025-11-29 18:15:19;Ñuñoa;casa;Venta Casa Antigua 2d 1b E - Ñuñoa;7600;CLF;2 dormitorios;1 baño;70 m² útiles;2 dormitorios | 1 baño | 70 m² útiles;Montenegro 1700, Diego De Almagro, Ñuñoa;-33.4511267;-70.5863251;Montenegro 1700, Ñuñoa, Santiago, Chile
2025-11-29 18:15:19;Ñuñoa;casa;Metro Orientales Dos Cuadras Eduardo Castillo Velasco 4d 2b;6980;CLF;4 dormitorios;2 baños;252 m² útiles;4 dormitorios | 2 baños | 252 m² útiles;Alcalde Eduardo Castillo Velasco 4800 - 5100, Ñuñoa, Santiago, Diagonal Oriente, Ñuñoa;-33.45914161661513;-70.5969709363368;Alcalde Eduardo Castillo Velasco 4800 - 5100, Ñuñoa, Santiago, Chile
2025-11-29 18:15:19;Ñuñoa;casa;Oportunidad Casa 4 Dormitorios 3 Baños Pasaje Cerrado;10900;CLF;4 dormitorios;3 baños;140 m² útiles;4 dormitorios | 3 baños | 140 m² útiles;Bremen 300 - 600, Ñuñoa, Plaza Egaña, Ñuñoa;-33.4522197;-70.59432782234066;Bremen 300 - 600, Ñuñoa, Santiago, Chile
2025-11-29 18:15:19;Ñuñoa;casa;Oportunidad! Amplia Casa En Barrio Residencial;9400;CLF;4 dormitorios;3 baños;119 m² útiles;4 dormitorios | 3 baños | 119 m² útiles;Ortúzar 160, Ñuñoa, Villa Frei, Ñuñoa;-33.453331258064516;-70.58415134193548;Ortúzar 160, Ñuñoa, Santiago, Chile
2025-11-29 18:15:19;Ñuñoa;casa;Ñuñoa (74037);15400;CLF;6 dormitorios;3 baños;190 m² útiles;6 dormitorios | 3 baños | 190 m² útiles;San Juan De Luz 4800 - 5100, Diego De Almagro, Ñuñoa;-33.440178;-70.5776095;San Juan De Luz 4800 - 5100, Ñuñoa, Santiago, Chile
2025-11-29 18:15:19;Ñuñoa;casa;Amplia Casa En Oferta En Ñuñoa (127463);7350;CLF;4 dormitorios;2 baños;86 m² útiles;4 dormitorios | 2 baños | 86 m² útiles;Curamilla 1 - 300, Villa Frei, Ñuñoa;-33.46330855277571;-70.57921528855168;Curamilla 1 - 300, Ñuñoa, Santiago, Chile
2025-11-29 18:15:19;Ñuñoa;casa;Linda Casa 200 Mts2 3 Dorm 2 Estacionamien Pedro Lobos Ñuñoa;8400;CLF;3 dormitorios;2 baños;114 m² útiles;3 dormitorios | 2 baños | 114 m² útiles;Pedro Lobos, Ñuñoa, Chile, Villa Frei, Ñuñoa;-33.46338515895767;-70.5783511140785;Pedro Lobos, Ñuñoa, Santiago, Chile
2025-11-29 18:15:19;Ñuñoa;casa;Se Vende Casa De 4d-3b-1est.  En Ñuñoa (118358);8900;CLF;4 dormitorios;3 baños;113 m² útiles;4 dormitorios | 3 baños | 113 m² útiles;Hamburgo 300 - 600, Ñuñoa, Santiago, Chile, Plaza Egaña, Ñuñoa;-33.4522197;-70.59432782234066;Hamburgo 300 - 600, Ñuñoa, Santiago, Chile
2025-11-29 18:15:19;Ñuñoa;casa;Garcia Moreno - Av Echeñique (89520);18500;CLF;4 dormitorios;3 baños;285 m² útiles;4 dormitorios | 3 baños | 285 m² útiles;García Moreno 900 - 1200, Parque Botánico, Ñuñoa;-33.4439201181191;-70.58895604004348;García Moreno 900 - 1200, Ñuñoa, Santiago, Chile
2025-11-29 18:15:19;Ñuñoa;casa;Casa Comercial En Venta De 4 Dorm. En Ñuñoa;18000;CLF;4 dormitorios;3 baños;21.678 m² útiles;4 dormitorios | 3 baños | 21.678 m² útiles;Rengo Con Atahualpa, Metro Monseñor Eyzaguirre, Ñuñoa;-33.46451175;-70.61144581927967;Rengo Con Atahualpa, Ñuñoa, Santiago, Chile
2025-11-29 18:15:19;Ñuñoa;casa;Los Jardines / Parque Juan Xxiii (107682);8900;CLF;3 dormitorios;3 baños;274 m² útiles;3 dormitorios | 3 baños | 274 m² útiles;Los Jardines, Parque Juan XXIII, Ñuñoa;-33.471869;-70.5842744;Los Jardines, Ñuñoa, Santiago, Chile
2025-11-29 18:15:19;Ñuñoa;casa;Casa Ñuñoa Bella Y Amplia . Gran Oportunidad;9580;CLF;4 dormitorios;2 baños;135 m² útiles;4 dormitorios | 2 baños | 135 m² útiles;Pje. Juan Moya Morales 663, 7760225 Ñuñoa, Región Metropolitana, Chile, Parque Juan XXIII, Ñuñoa;-33.46127849705882;-70.58741790294117;Pje. Juan Moya Morales 663, Ñuñoa, Santiago, Chile
2025-11-29 18:15:19;Ñuñoa;casa;Casa 3 Pisos Ñuñoa 3dorm 3baños 2est (127226);11000;CLF;3 dormitorios;3 baños;102 m² útiles;3 dormitorios | 3 baños | 102 m² útiles;Diego De Almagro 4500 - 4800, Ñuñoa, Chile, Diego De Almagro, Ñuñoa;-33.4372367;-70.5807072;Diego De Almagro 4500 - 4800, Ñuñoa, Santiago, Chile
2025-11-29 18:15:19;Ñuñoa;casa;Casa En Venta Para Remodelación En Comuna De Ñuñoa;11100;CLF;4 dormitorios;3 baños;124 m² útiles;4 dormitorios | 3 baños | 124 m² útiles;General Gorostiaga 800 - 900, Comuna De Ñuñoa, Región Metropolitana, Parque Botánico, Ñuñoa;-33.44783044267731;-70.5819953350797;General Gorostiaga 800 - 900, Ñuñoa, Santiago, Chile
2025-11-29 18:15:19;Ñuñoa;casa;Amplio Inmueble Con Potencial Comercial $715.000.000;715000000;CLP;5 dormitorios;3 baños;285 m² útiles;5 dormitorios | 3 baños | 285 m² útiles;Brown Sur 1 - 300, Ñuñoa, Región Metropolitana, Chile, Plaza Ñuñoa, Ñuñoa;-33.45557553333333;-70.61383536666666;Brown Sur 1 - 300, Ñuñoa, Santiago, Chile
2025-11-29 18:15:19;Ñuñoa;casa;Casa Comercial;20000;CLF;4 dormitorios;3 baños;183 m² útiles;4 dormitorios | 3 baños | 183 m² útiles;Estrella Solitaria 5620, Ñuñoa, Chile, Plaza Egaña, Ñuñoa;-33.450598250813414;-70.58087445473215;Estrella Solitaria 5620, Ñuñoa, Santiago, Chile
2025-11-29 18:15:19;Ñuñoa;casa;Casa A La Venta Ñuñoa/estrella Solitaria;16700;CLF;5 dormitorios;4 baños;200 m² útiles;5 dormitorios | 4 baños | 200 m² útiles;Estrella Solitaria 5169, Ñuñoa, Plaza Egaña, Ñuñoa;-33.45088735;-70.5770196044449;Estrella Solitaria 5169, Ñuñoa, Santiago, Chile
2025-11-29 18:15:19;Ñuñoa;casa;Casa Para Remodelar 100 M2 En Terreno De 260 M2 Aprox;250000000;CLP;3 dormitorios;1 baño;100 m² útiles;3 dormitorios | 1 baño | 100 m² útiles;Seminario 1512, Ñuñoa, Parque San Eugenio - Metro Ñuble, Ñuñoa;-33.458510559375;-70.62549984374999;Seminario 1512, Ñuñoa, Santiago, Chile
2025-11-29 18:15:19;Ñuñoa;casa;Ubicación Privilegiada Casa Antigua Para Renovar En Ñuñoa;105000000;CLP;3 dormitorios;1 baño;95 m² útiles;3 dormitorios | 1 baño | 95 m² útiles;Los Alerces, 1, Estadio Nacional, Ñuñoa;-33.47183;-70.5941175;Los Alerces, Ñuñoa, Santiago, Chile
2025-11-29 18:15:19;Ñuñoa;casa;Venta Casa 3 Dormitorios 1 Baño, Metro Ñuble, Ñuñoa;90000000;CLP;3 dormitorios;1 baño;57 m² útiles;3 dormitorios | 1 baño | 57 m² útiles;Los Jornaleros 1576, Ñuñoa, Estadio Nacional, Ñuñoa;-33.439522;-70.58105211052717;Los Jornaleros 1576, Ñuñoa, Santiago, Chile
2025-11-29 18:15:19;Ñuñoa;casa;Casa Pasaje Cerrado, 3 Dormitorios 2 Baños;8000;CLF;3 dormitorios;2 baños;99 m² útiles;3 dormitorios | 2 baños | 99 m² útiles;Dr. Johow, Ñuñoa, Ñuñoa;-33.46060488600999;-70.59400414593489;Dr. Johow, Ñuñoa, Santiago, Chile
2025-11-29 18:15:19;Ñuñoa;casa; 4dor/2b/patio/bodeg/antonio Varas/irarraz. (69346);6600;CLF;4 dormitorios;2 baños;104 m² útiles;4 dormitorios | 2 baños | 104 m² útiles;Sargento Luis Navarrete 1800 - 2100, Ñuñoa, Chile, Metro Monseñor Eyzaguirre, Ñuñoa;-33.452896938502654;-70.6108446815036;Sargento Luis Navarrete 1800 - 2100, Ñuñoa, Santiago, Chile
2025-11-29 18:15:19;Ñuñoa;casa;Emilia Tellez / Ortuzar;11970;CLF;4 dormitorios;2 baños;114 m² útiles;4 dormitorios | 2 baños | 114 m² útiles;Emilia Téllez 4591, Ñuñoa, Parque Botánico, Ñuñoa;-33.4411586;-70.58358820743376;Emilia Téllez 4591, Ñuñoa, Santiago, Chile
2025-11-29 18:15:19;Ñuñoa;casa;Gran Oportunidad Townhouse 3d 3b Comodidad Y Ubicación;8700;CLF;3 dormitorios;3 baños;100 m² útiles;3 dormitorios | 3 baños | 100 m² útiles;Plaza Egaña, Ñuñoa;-33.4534937;-70.570823;Plaza Egaña, Ñuñoa, Santiago, Chile
2025-11-29 18:15:19;Ñuñoa;casa;Estrella Solitaria;370000000;CLP;3 dormitorios;2 baños;132 m² útiles;3 dormitorios | 2 baños | 132 m² útiles;Estrella Solitaria 5655, 7790669 Ñuñoa, Región Metropolitana, Chile, Plaza Egaña, Ñuñoa;-33.450598250813414;-70.58087445473215;Estrella Solitaria 5655, Ñuñoa, Santiago, Chile
2025-11-29 18:15:19;Ñuñoa;casa;Casa En Venta De 5 Dormitorios (130319);12662;CLF;5 dormitorios;3 baños;164 m² útiles;5 dormitorios | 3 baños | 164 m² útiles;Pucará 3900 - 4200, Ñuñoa, Chile, Parque Botánico, Ñuñoa;-33.4461278;-70.5775797;Pucará 3900 - 4200, Ñuñoa, Santiago, Chile
2025-11-29 18:15:19;Ñuñoa;casa;Casa En Venta En Ñuñoa Cercana A Metro Los Orientales;6890;CLF;3 dormitorios;2 baños;92 m² útiles;3 dormitorios | 2 baños | 92 m² útiles;CERCANA AL METRO LOS ORIENTALES, Villa Frei, Ñuñoa;-33.47183;-70.5941175;CERCANA AL LOS ORIENTALES, Ñuñoa, Santiago, Chile
2025-11-29 18:15:19;Ñuñoa;casa;Gran Casa Inversionistas;545000000;CLP;6 dormitorios;3 baños;430 m² útiles;6 dormitorios | 3 baños | 430 m² útiles;Eduardo Castillo Velasco 815, Estadio Nacional, Ñuñoa;-33.45675007748344;-70.62278846887416;Eduardo Castillo Velasco 815, Ñuñoa, Santiago, Chile
2025-11-29 18:15:19;Ñuñoa;casa;Sector Montenegro Tobalaba;9800;CLF;3 dormitorios;2 baños;146 m² útiles;3 dormitorios | 2 baños | 146 m² útiles;Sector Montenegro Tobalaba, Amapolas, Ñuñoa;-33.4511267;-70.5863251;Sector Montenegro Tobalaba, Ñuñoa, Santiago, Chile
2025-11-29 18:15:19;Ñuñoa;casa;Casa En Venta Ñuñoa, Esquina Y Ampliación Independiente;159000000;CLP;7 dormitorios;2 baños;120 m² útiles;7 dormitorios | 2 baños | 120 m² útiles;Av. Rodrigo De Araya 3600 - 3900, Ñuñoa, Juan Gómez Millas, Ñuñoa;-33.4778167;-70.6222636;Av. Rodrigo De Araya 3600 - 3900, Ñuñoa, Santiago, Chile
2025-11-29 18:15:19;Ñuñoa;casa;Sector Colegio Calasanz;12900;CLF;5 dormitorios;3 baños;351 m² útiles;5 dormitorios | 3 baños | 351 m² útiles;Sector Colegio Calasanz, Parque Juan XXIII, Ñuñoa;-33.45896635;-70.57882163932373;Sector Colegio Calasanz, Ñuñoa, Santiago, Chile
2025-11-29 18:15:19;Ñuñoa;casa;Casa En Venta De 3 Dorm. 2 Baños En Ñuñoa;8800;CLF;3 dormitorios;2 baños;126 m² útiles;3 dormitorios | 2 baños | 126 m² útiles;Emilia Tellez / Montenegro, Metro Simón Bolivar, Ñuñoa;-33.4407318;-70.5838054;Emilia Tellez / Montenegro, Ñuñoa, Santiago, Chile
2025-11-29 18:15:19;Ñuñoa;casa;Simon Bolivar/ Hamburgo;15400;CLF;4 dormitorios;4 baños;200 m² útiles;4 dormitorios | 4 baños | 200 m² útiles;Pascual Baburizza 300 - 600, Ñuñoa, Plaza Egaña, Ñuñoa;-33.448518410281196;-70.57770447369484;Pascual Baburizza 300 - 600, Ñuñoa, Santiago, Chile
2025-11-29 18:15:19;Ñuñoa;casa;Cómoda Y Amplia Casa En Pasaje Cerrado Ñuñoa (129595);7140;CLF;3 dormitorios;3 baños;130 m² útiles;3 dormitorios | 3 baños | 130 m² útiles;Diagonal Suárez Mujica 1 - 300, Estadio Nacional, Ñuñoa;-33.458962980555555;-70.62599246944444;Diagonal Suárez Mujica 1 - 300, Ñuñoa, Santiago, Chile
2025-11-29 18:15:19;Ñuñoa;casa;Casa En Pasaje, Living Comedor, 3 Dorm 1 Baño,;90000000;CLP;3 dormitorios;1 baño;75 m² útiles;3 dormitorios | 1 baño | 75 m² útiles;Los Carpinteros 1683, Ñuñoa, Estadio Nacional, Ñuñoa;-33.468926062499996;-70.6150101625;Los Carpinteros 1683, Ñuñoa, Santiago, Chile
2025-11-29 18:15:19;Ñuñoa;casa;Casa En Venta De 3d/3b Ñuñoa;10310;CLF;3 dormitorios;3 baños;155 m² útiles;3 dormitorios | 3 baños | 155 m² útiles;Elicer Parada - Emilia Tellez, Parque Botánico, Ñuñoa;-33.441502518192294;-70.58196639916218;Elicer Parada - Emilia Tellez, Ñuñoa, Santiago, Chile
2025-11-29 18:15:19;Ñuñoa;casa;Amplia Casa En Venta Rodrigo De Araya / Quivolgo, Ñuñoa ;159000000;CLP;7 dormitorios;2 baños;140 m² útiles;7 dormitorios | 2 baños | 140 m² útiles;Av. Rodrigo De Araya 3690, Ñuñoa, Santiago, Juan Gómez Millas, Ñuñoa;-33.4731827;-70.59362815;Av. Rodrigo De Araya 3690, Ñuñoa, Santiago, Chile
2025-11-29 18:15:19;Ñuñoa;casa;Rebajada! Fantástica Y En Condominio;254000000;CLP;4 dormitorios;3 baños;115 m² útiles;4 dormitorios | 3 baños | 115 m² útiles;Diag. Ote. 5562, 7.7601e+06 - 7.7604e+06 Ñuñoa, Región Metropolitana, Chile, Diagonal Oriente, Ñuñoa;-33.44992055;-70.57300312668644;Diag. Ote. 5562, Ñuñoa, Santiago, Chile
2025-11-29 18:15:19;Ñuñoa;casa;Casa En Venta 4d 3b Mas Servicio En Ñuñoa;7980;CLF;4 dormitorios;3 baños;104 m² útiles;4 dormitorios | 3 baños | 104 m² útiles;Holanda Llegando A Simon Bolivar, Plaza Ñuñoa, Ñuñoa;-33.449840294596555;-70.60168321897282;Holanda Llegando A Simon Bolivar, Ñuñoa, Santiago, Chile
2025-11-29 18:15:19;Ñuñoa;casa;En Venta, Amplia Casa Familiar En Excelente Sector De Ñuñoa!;8200;CLF;4 dormitorios;2 baños;149 m² útiles;4 dormitorios | 2 baños | 149 m² útiles;Los Jardines 770, Santiago, Ñuñoa, Parque Juan XXIII, Ñuñoa;-33.05517705;-71.35195650280694;Los Jardines 770, Ñuñoa, Santiago, Chile
2025-11-29 18:15:19;Ñuñoa;casa;Excelente Propiedad En Sector Muy Tranquilo Y Bien Conectado;8550;CLF;3 dormitorios;2 baños;89 m² útiles;3 dormitorios | 2 baños | 89 m² útiles;La Giralda 1738, Ñuñoa, Amapolas, Ñuñoa;-33.44051045;-70.58343785998522;La Giralda 1738, Ñuñoa, Santiago, Chile
2025-11-29 18:15:19;Ñuñoa;casa;Se Vende Casa Remodelada 4d 3b + Estacionamiento, Ñuñoa.;275000000;CLP;4 dormitorios;3 baños;125 m² útiles;4 dormitorios | 3 baños | 125 m² útiles;Los Alerces 2947, Ñuñoa, Estadio Nacional, Ñuñoa;-33.4739877;-70.6009973627907;Los Alerces 2947, Ñuñoa, Santiago, Chile
2025-11-29 18:15:19;Ñuñoa;casa;Casa En Ñuñoa Con Gran Terreno Y Potencial De Ampliación;6700;CLF;3 dormitorios;2 baños;76 m² útiles;3 dormitorios | 2 baños | 76 m² útiles;Quinquimo 608, Ñuñoa, Villa Frei, Ñuñoa;-33.46147055798068;-70.5790380872887;Quinquimo 608, Ñuñoa, Santiago, Chile
2025-11-29 18:15:19;Ñuñoa;casa;Casa Remodelada - Nueva - J. Pedro Alessandri (125031);7980;CLF;4 dormitorios;3 baños;129 m² útiles;4 dormitorios | 3 baños | 129 m² útiles;Avenida José Pedro Alessandri 0, Estadio Nacional, Ñuñoa;-33.4554325;-70.5974827;Avenida José Pedro Alessandri 0, Ñuñoa, Santiago, Chile
2025-11-29 18:16:10;Ñuñoa;casa;Casa Remodelada Con Dptos Independietes, Gran Terreno;19800;CLF;6 dormitorios;5 baños;215 m² útiles;6 dormitorios | 5 baños | 215 m² útiles;Montenegro 1147, 7790378 Ñuñoa, Región Metropolitana, Chile, Parque Botánico, Ñuñoa;-33.4511267;-70.5863251;Montenegro 1147, Ñuñoa, Santiago, Chile
2025-11-29 18:16:10;Ñuñoa;casa;Casa En Venta 4dorm.-obispo Orrego/av. Grecia-villa Olímpica;4200;CLF;4 dormitorios;2 baños;75 m² útiles;4 dormitorios | 2 baños | 75 m² útiles;Obispo Orrego 1200 - 1500, Ñuñoa, Estadio Nacional, Ñuñoa;-33.4652863;-70.6199913;Obispo Orrego 1200 - 1500, Ñuñoa, Santiago, Chile
2025-11-29 18:16:10;Ñuñoa;casa;Vende Casa En Ñuñoa, 3d, 2b, 6.700 U.f. Villa Frei;6700;CLF;3 dormitorios;2 baños;70 m² útiles;3 dormitorios | 2 baños | 70 m² útiles;Quinquimo 608, Ñuñoa, Villa Frei, Ñuñoa;-33.46147055798068;-70.5790380872887;Quinquimo 608, Ñuñoa, Santiago, Chile
2025-11-29 18:16:10;Ñuñoa;casa;Exclusivo Townhouse - Solo 3 Casas - Mejor Precio De Ñuñoa;8400;CLF;3 dormitorios;3 baños;77 m² útiles;3 dormitorios | 3 baños | 77 m² útiles;Heriberto Covarrubias 756, Ñuñoa, Metro Simón Bolivar, Ñuñoa;-33.447221;-70.57428519485096;Heriberto Covarrubias 756, Ñuñoa, Santiago, Chile
2025-11-29 18:16:10;Ñuñoa;casa;Oportunidad En Rosita Renard 5 Dormitorios, 2b,1e,seguridad;8150;CLF;3 dormitorios;2 baños;110 m² útiles;3 dormitorios | 2 baños | 110 m² útiles;Rosita Renard 900 - 1200, Ñuñoa, Metro Simón Bolivar, Ñuñoa;-33.443682949999996;-70.57583801507523;Rosita Renard 900 - 1200, Ñuñoa, Santiago, Chile
2025-11-29 18:16:10;Ñuñoa;casa;Buena Oportunidad Y Ubicación Atractiva;232000000;CLP;3 dormitorios;2 baños;70 m² útiles;3 dormitorios | 2 baños | 70 m² útiles;La Verbena 4779, Amapolas, Ñuñoa;-33.436671700000005;-70.58043137251036;La Verbena 4779, Ñuñoa, Santiago, Chile
2025-11-29 18:16:10;Ñuñoa;casa;Casa En Ramón Cruz;145000000;CLP;2 dormitorios;1 baño;43 m² útiles;2 dormitorios | 1 baño | 43 m² útiles;Ramón Cruz Montt 1621, Ñuñoa, Villa Los Jardínes - Villa Los Presidentes, Ñuñoa;-33.47034294468085;-70.58245742765958;Ramón Cruz Montt 1621, Ñuñoa, Santiago, Chile
2025-11-29 18:16:10;Ñuñoa;casa;Venta. $ 275 Millones Luminosa Y Amplia Casa, 3 Dormitorios;275000000;CLP;3 dormitorios;1 baño;70 m² útiles;3 dormitorios | 1 baño | 70 m² útiles;Pedro Rico 5425, Ñuñoa, Diagonal Oriente, Ñuñoa;-33.440332;-70.57500878977379;Pedro Rico 5425, Ñuñoa, Santiago, Chile
2025-11-29 18:16:10;Ñuñoa;casa;En Venta Hermosa Casa 3d2b En Ñuñoa - Calle Hannover;9800;CLF;3 dormitorios;2 baños;110 m² útiles;3 dormitorios | 2 baños | 110 m² útiles;Hannover 5356, Ñuñoa, Plaza Egaña, Ñuñoa;-33.45161575;-70.57439065;Hannover 5356, Ñuñoa, Santiago, Chile
2025-11-29 18:16:10;Ñuñoa;casa;Venta Casa Metro Simon Bolivar (130018);16000;CLF;3 dormitorios;2 baños;120 m² útiles;3 dormitorios | 2 baños | 120 m² útiles;Estrella Solitaria 1 - 300, Ñuñoa;-33.450598250813414;-70.58087445473215;Estrella Solitaria 1 - 300, Ñuñoa, Santiago, Chile
2025-11-29 18:16:10;Ñuñoa;casa;Casa 1 Piso Aislada 4dormitorios + 4 Baños.-;10499;CLF;4 dormitorios;4 baños;168 m² útiles;4 dormitorios | 4 baños | 168 m² útiles;AV. MANUEL MONTT // ANTONIO VARAS, Metro Monseñor Eyzaguirre, Ñuñoa;-33.45231125692839;-70.60933556613477;AV. MANUEL MONTT // ANTONIO VARAS, Ñuñoa, Santiago, Chile
2025-11-29 18:16:10;Ñuñoa;casa;Casa En Venta De 3 Dorm. En Ñuñoa;340000000;CLP;3 dormitorios;1 baño;120 m² útiles;3 dormitorios | 1 baño | 120 m² útiles;Pedro Calvo Barros 5491, Amapolas, Ñuñoa;-33.47391266530612;-70.6064676244898;Pedro Calvo Barros 5491, Ñuñoa, Santiago, Chile
2025-11-29 18:16:10;Ñuñoa;casa;Casa En Venta En Ñuñoa;155000000;CLP;4 dormitorios;3 baños;150 m² útiles;4 dormitorios | 3 baños | 150 m² útiles;Pje. Lo Pl. 890, Ñuñoa, Región Metropolitana, Chile, Villa Frei, Ñuñoa;-33.459932646067415;-70.62361094269663;Pje. Lo Pl. 890, Ñuñoa, Santiago, Chile
2025-11-29 18:16:10;Ñuñoa;casa;Se Vende Propiedad De 2 Pisos Uso Mixto Comuna De Ñuñoa;15350;CLF;10 dormitorios;5 baños;235 m² útiles;10 dormitorios | 5 baños | 235 m² útiles;Hamburgo 434, Ñuñoa, Chile, Plaza Egaña, Ñuñoa;-33.4508766835443;-70.59171375949367;Hamburgo 434, Ñuñoa, Santiago, Chile
2025-11-29 18:16:10;Ñuñoa;casa;Linda Casa En Condominio De Ñuñoa ;5600;CLF;3 dormitorios;3 baños;83 m² útiles;3 dormitorios | 3 baños | 83 m² útiles;Pucará, Ñuñoa, Metro Simón Bolivar, Ñuñoa;-33.4461278;-70.5775797;Pucará, Ñuñoa, Santiago, Chile
2025-11-29 18:16:10;Ñuñoa;casa;Casa En Venta En Diagonal Oriente Con Jardín Y Terraza;244000000;CLP;3 dormitorios;1 baño;75 m² útiles;3 dormitorios | 1 baño | 75 m² útiles;Los Aliaga 411, Ñuñoa, Santiago, Diagonal Oriente, Ñuñoa;-33.451645150000004;-70.59386565124417;Los Aliaga 411, Ñuñoa, Santiago, Chile
2025-11-29 18:16:10;Ñuñoa;casa;Venta De Casa En Ñuñoa;99000000;CLP;2 dormitorios;1 baño;42 m² útiles;2 dormitorios | 1 baño | 42 m² útiles;Puquios 4227, Ñuñoa, Villa Los Jardínes - Villa Los Presidentes, Ñuñoa;-33.47172292727273;-70.5880841090909;Puquios 4227, Ñuñoa, Santiago, Chile
2025-11-29 18:16:10;Ñuñoa;casa;Acodera Casa De 2 Pisos, En Sector Residencial Consolidado;87000000;CLP;2 dormitorios;1 baño;56 m² útiles;2 dormitorios | 1 baño | 56 m² útiles;Vía Ocho 1500 - 1800, Ñuñoa, Santiago, Estadio Nacional, Ñuñoa;-33.467028;-70.6158094;Vía Ocho 1500 - 1800, Ñuñoa, Santiago, Chile
2025-11-29 18:16:10;Ñuñoa;casa;Rebajada Gran Oportunidad Ñuñoa, Amplia Casa Incluye Piscina;7465;CLF;3 dormitorios;2 baños;116 m² útiles;3 dormitorios | 2 baños | 116 m² útiles;Alcalde Eduardo Castillo Velasco 4609, Santiago, Ñuñoa, Villa Frei, Ñuñoa;-33.45914161661513;-70.5969709363368;Alcalde Eduardo Castillo Velasco 4609, Ñuñoa, Santiago, Chile
2025-11-29 18:16:10;Ñuñoa;casa;22737 - Oportunidad Jose Manuel Infante/av. Grecia;9900;CLF;3 dormitorios;2 baños;150 m² útiles;3 dormitorios | 2 baños | 150 m² útiles;Estadio Nacional, Ñuñoa;-33.464382099999995;-70.61061809176775;Estadio Nacional, Ñuñoa, Santiago, Chile
2025-11-29 18:16:10;Ñuñoa;casa;Casa En Venta De 3 Dorm. En Ñuñoa;13200;CLF;3 dormitorios;3 baños;139 m² útiles;3 dormitorios | 3 baños | 139 m² útiles;Los Cerezos / Los Almendros, Parque Juan XXIII, Ñuñoa;-33.558353499999996;-70.64421171731667;Los Cerezos / Los Almendros, Ñuñoa, Santiago, Chile
2025-11-29 18:16:10;Ñuñoa;casa;Casa En Venta De 4 Dorm. En Ñuñoa;12430;CLF;4 dormitorios;3 baños;131 m² útiles;4 dormitorios | 3 baños | 131 m² útiles;Echeñique Con Hamburgo, Metro Simón Bolivar, Ñuñoa;-33.46451175;-70.61144581927967;Echeñique Con Hamburgo, Ñuñoa, Santiago, Chile
2025-11-29 18:16:10;Ñuñoa;casa;Casa En Venta De 4 Dorm. En La Reina;13650;CLF;4 dormitorios;3 baños;142 m² útiles;4 dormitorios | 3 baños | 142 m² útiles;Metro Simon Bolivar, Metro Simón Bolivar, Ñuñoa;-33.44815078505085;-70.58168628732375;Simon Bolivar, Ñuñoa, Santiago, Chile
2025-11-29 18:16:10;Ñuñoa;casa;Casa Ñuñoa 5d/4b;480000000;CLP;5 dormitorios;4 baños;214 m² útiles;5 dormitorios | 4 baños | 214 m² útiles;Carmen Covarrubias 117, Santiago, Ñuñoa, Metro Monseñor Eyzaguirre, Ñuñoa;-33.45710580398165;-70.61164127011891;Carmen Covarrubias 117, Ñuñoa, Santiago, Chile
2025-11-29 18:16:10;Ñuñoa;casa;Hermosae Impecable Casa En Venta De 4 Dorm. En Ñuñoa;10300;CLF;4 dormitorios;3 baños;133 m² útiles;4 dormitorios | 3 baños | 133 m² útiles;Estrella Solitaria/Hamburgo, Plaza Egaña, Ñuñoa;-33.4505029;-70.576582;Estrella Solitaria/Hamburgo, Ñuñoa, Santiago, Chile
2025-11-29 18:16:10;Ñuñoa;casa;Casa En Venta De 4 Dorm. En Ñuñoa;8200;CLF;4 dormitorios;2 baños;140 m² útiles;4 dormitorios | 2 baños | 140 m² útiles;Caupolicán / Avda. Salvador, Metro Monseñor Eyzaguirre, Ñuñoa;-33.4481486;-70.622121;Caupolicán / Avda. Salvador, Ñuñoa, Santiago, Chile
2025-11-29 18:16:10;Ñuñoa;casa;Casa En Venta En Av. El Salvador;410000000;CLP;3 dormitorios;3 baños;252 m² útiles;3 dormitorios | 3 baños | 252 m² útiles;Av. Salvador 2417, Ñuñoa, Región Metropolitana, Chile, Metro Irarrázaval, Ñuñoa;-33.455035096923076;-70.62079954769231;Av. Salvador 2417, Ñuñoa, Santiago, Chile
2025-11-29 18:16:10;Ñuñoa;casa;Bonita Y Luminosa Casa;11436;CLF;4 dormitorios;3 baños;198 m² útiles;4 dormitorios | 3 baños | 198 m² útiles;García Moreno, Ñuñoa, Parque Botánico, Ñuñoa;-33.4439201181191;-70.58895604004348;García Moreno, Ñuñoa, Santiago, Chile
2025-11-29 18:16:10;Ñuñoa;casa;Casa En Venta En Ñuñoa Con Jardín Y Patio;24000;CLF;9 dormitorios;4 baños;333 m² útiles;9 dormitorios | 4 baños | 333 m² útiles;Avenida Sucre 1067, Ñuñoa, Chile, Metro Monseñor Eyzaguirre, Ñuñoa;-33.450162597244095;-70.6203554940945;Avenida Sucre 1067, Ñuñoa, Santiago, Chile
2025-11-29 18:16:10;Ñuñoa;casa;La Casa Que Buscabas En Ñuñoa!!;5900;CLF;3 dormitorios;1 baño;70 m² útiles;3 dormitorios | 1 baño | 70 m² útiles;Grecia 3884, Ñuñoa, Parque Juan XXIII, Ñuñoa;-33.465018757142865;-70.59074456190477;Grecia 3884, Ñuñoa, Santiago, Chile
2025-11-29 18:16:10;Ñuñoa;casa;Casa En Venta De 3 Dorm. En Ñuñoa;12500;CLF;3 dormitorios;2 baños;142 m² útiles;3 dormitorios | 2 baños | 142 m² útiles;Rosita Renard/ La Verbena, Ñuñoa;-33.4695767;-70.6038966;Rosita Renard/ La Verbena, Ñuñoa, Santiago, Chile
2025-11-29 18:16:10;Ñuñoa;casa;Casa En Venta De 4 Dorm. En Ñuñoa;16500;CLF;4 dormitorios;1 baño;230 m² útiles;4 dormitorios | 1 baño | 230 m² útiles;Manuel Covarrubias / Brown Sur, Plaza Ñuñoa, Ñuñoa;-33.4543532;-70.59071630302878;Manuel Covarrubias / Brown Sur, Ñuñoa, Santiago, Chile
2025-11-29 18:16:10;Ñuñoa;casa;Casa En Venta En Ñuñoa;9850;CLF;5 dormitorios;3 baños;125 m² útiles;5 dormitorios | 3 baños | 125 m² útiles;Dublé Almeyda 5400 - 5700, Ñuñoa, Santiago, Región Metropolitana, Chile, Diagonal Oriente, Ñuñoa;-33.4573013;-70.59158422141533;Dublé Almeyda 5400 - 5700, Ñuñoa, Santiago, Chile
2025-11-29 18:16:10;Ñuñoa;casa;Casa En Venta De 3 Dorm. En La Reina;17000;CLF;3 dormitorios;1 baño;70 m² útiles;3 dormitorios | 1 baño | 70 m² útiles;Av Ossa / Simón Bolivar, Metro Simón Bolivar, Ñuñoa;-33.4478431;-70.5718301;Av Ossa / Simón Bolivar, Ñuñoa, Santiago, Chile
2025-11-29 18:16:10;Ñuñoa;casa;Oportunidad, Casa Para Remodelar De 453 M2. En Ñuñoa;11900;CLF;6 dormitorios;2 baños;185 m² útiles;6 dormitorios | 2 baños | 185 m² útiles;Suecia / Simón Bolívar / Metro Chile España, Plaza Ñuñoa, Ñuñoa;-33.449422;-70.598064;Suecia / Simón Bolívar / Chile España, Ñuñoa, Santiago, Chile
2025-11-29 18:16:10;Ñuñoa;casa;Casa En Venta De 4 Dorm. En Ñuñoa;8500;CLF;4 dormitorios;3 baños;121 m² útiles;4 dormitorios | 3 baños | 121 m² útiles;Irarrázaval, Villa Frei, Ñuñoa;-33.4541894;-70.604972;Irarrázaval, Ñuñoa, Santiago, Chile
2025-11-29 18:16:10;Ñuñoa;casa;Casa En Venta De 6 Dorm. En Ñuñoa;22000;CLF;6 dormitorios;3 baños;284 m² útiles;6 dormitorios | 3 baños | 284 m² útiles;JOSE DOMINGO CAÑAS 1185, Metro Monseñor Eyzaguirre, Ñuñoa;-33.45588693272727;-70.61865154727273;JOSE DOMINGO CAÑAS 1185, Ñuñoa, Santiago, Chile
2025-11-29 18:16:10;Ñuñoa;casa;Casa En Venta De 3 Dorm. En Ñuñoa;12300;CLF;3 dormitorios;2 baños;180 m² útiles;3 dormitorios | 2 baños | 180 m² útiles;Simon Bolivar 4249, Parque Juan XXIII, Ñuñoa;-33.44857576363636;-70.5864356;Simon Bolivar 4249, Ñuñoa, Santiago, Chile
2025-11-29 18:16:10;Ñuñoa;casa;Casa En Venta De 6 Dorm. En Ñuñoa;19900;CLF;6 dormitorios;3 baños;284 m² útiles;6 dormitorios | 3 baños | 284 m² útiles;JOSE DOMINGO CAÑAS 1185, Metro Monseñor Eyzaguirre, Ñuñoa;-33.45588693272727;-70.61865154727273;JOSE DOMINGO CAÑAS 1185, Ñuñoa, Santiago, Chile
2025-11-29 18:16:10;Ñuñoa;casa;Casa En Venta De 3 Dorm. En Ñuñoa;10400;CLF;3 dormitorios;2 baños;129 m² útiles;3 dormitorios | 2 baños | 129 m² útiles;Jose Domingo Cañas 800, Metro Irarrázaval, Ñuñoa;-33.45522940183486;-70.62261916422017;Jose Domingo Cañas 800, Ñuñoa, Santiago, Chile
2025-11-29 18:16:10;Ñuñoa;casa;Super !!gran Oportunidad Casa Esquina, Eliecer Parada;12990;CLF;5 dormitorios;4 baños;163 m² útiles;5 dormitorios | 4 baños | 163 m² útiles;Av. Hernando De Aguirre 3978, Ñuñoa, Parque Botánico, Ñuñoa;-33.45534875106383;-70.58888411914894;Av. Hernando De Aguirre 3978, Ñuñoa, Santiago, Chile
2025-11-29 18:16:10;Ñuñoa;casa;Garcia Moreno Echeñique;13965;CLF;3 dormitorios;1 baño;164 m² útiles;3 dormitorios | 1 baño | 164 m² útiles;García Moreno 1192, Ñuñoa, Parque Botánico, Ñuñoa;-33.444269;-70.58933850274254;García Moreno 1192, Ñuñoa, Santiago, Chile
2025-11-29 18:16:10;Ñuñoa;casa;Nuevo Valor / Casa En Venta De 3 Dorm. En Ñuñoa / ;10800;CLF;3 dormitorios;3 baños;139 m² útiles;3 dormitorios | 3 baños | 139 m² útiles;Republica De Israel Con Gral Pedro Pablo Darnell, Estadio Nacional, Ñuñoa;22.0101538;-99.0236905;Republica De Israel Con Gral Pedro Pablo Darnell, Ñuñoa, Santiago, Chile
2025-11-29 18:16:10;Ñuñoa;casa;Alcalde Jorge Monckeberg  / Calle 9;4600;CLF;2 dormitorios;1 baño;94 m² útiles;2 dormitorios | 1 baño | 94 m² útiles;Alcalde Jorge Monckeberg 1700, Ñuñoa, Villa Los Jardínes - Villa Los Presidentes, Ñuñoa;-33.4705106;-70.5865718;Alcalde Jorge Monckeberg 1700, Ñuñoa, Santiago, Chile
2025-11-29 18:16:10;Ñuñoa;casa;Casa En Venta Metro Simón Bolívar Con Jardín;295000000;CLP;4 dormitorios;2 baños;133 m² útiles;4 dormitorios | 2 baños | 133 m² útiles;Los Agustinos 5400 - 5700, Ñuñoa, Metro Simón Bolivar, Ñuñoa;-33.4408516;-70.5753064;Los Agustinos 5400 - 5700, Ñuñoa, Santiago, Chile
2025-11-29 18:16:10;Ñuñoa;casa;Casa Solida De 6 Dormitorios En Ñuñoa;680000000;CLP;6 dormitorios;3 baños;253 m² útiles;6 dormitorios | 3 baños | 253 m² útiles;Av. Presidente José Batlle Y Ordóñez, Ñuñoa, Parque Juan XXIII, Ñuñoa;-33.4544469;-70.58028135;Av. Presidente José Batlle Y Ordóñez, Ñuñoa, Santiago, Chile
2025-11-29 18:16:10;Ñuñoa;casa;Casa Habilitada Como Centro Médico Ñuñoa, 210m² Como Nueva;10100;CLF;5 dormitorios;2 baños;250 m² útiles;5 dormitorios | 2 baños | 250 m² útiles;Francisco De Villagra 293, Diagonal Oriente, Ñuñoa;-33.45183205;-70.58011261294081;Francisco De Villagra 293, Ñuñoa, Santiago, Chile
2025-11-29 18:17:06;Ñuñoa;casa;Linda Casa Ñuñoína Frente A Una Plazoleta.;11500;CLF;6 dormitorios;3 baños;197 m² útiles;6 dormitorios | 3 baños | 197 m² útiles;Valencia 2318, Ñuñoa, Chile, Metro Ñuñoa, Ñuñoa;-33.44832441219512;-70.60962182195122;Valencia 2318, Ñuñoa, Santiago, Chile
2025-11-29 18:17:06;Ñuñoa;casa;Casa Pedro Torres/pucará;13000;CLF;3 dormitorios;3 baños;110 m² útiles;3 dormitorios | 3 baños | 110 m² útiles;Pedro Torres/Pucará, Parque Botánico, Ñuñoa;-33.4459149;-70.5874861;Pedro Torres/Pucará, Ñuñoa, Santiago, Chile
2025-11-29 18:17:06;Ñuñoa;casa;Bella Luis Bisquert/ Cercano Metro Estadio Nacional,piscina;8447;CLF;4 dormitorios;2 baños;100 m² útiles;4 dormitorios | 2 baños | 100 m² útiles;Dr. Luis Bisquert 2400 - 2700, Estadio Nacional, Ñuñoa;-33.4651683;-70.604234;Dr. Luis Bisquert 2400 - 2700, Ñuñoa, Santiago, Chile
2025-11-29 18:17:06;Ñuñoa;casa;Casa 3 Pisos A Remodelar/ Villa Frei, Metro Grecia;6800;CLF;5 dormitorios;3 baños;244 m² útiles;5 dormitorios | 3 baños | 244 m² útiles;Pedro Lobos 900 - 1200, Ñuñoa, Santiago, Villa Frei, Ñuñoa;-33.4667675;-70.5788382;Pedro Lobos 900 - 1200, Ñuñoa, Santiago, Chile
2025-11-29 18:17:06;Ñuñoa;casa;Casa Nelson/los Avellanos;6200;CLF;5 dormitorios;2 baños;110 m² útiles;5 dormitorios | 2 baños | 110 m² útiles;Nelson/Los Avellanos, Estadio Nacional, Ñu��oa;-33.6887451;-70.8443561;Nelson/Los Avellanos, Santiago, Chile
2025-11-29 18:17:06;Ñuñoa;casa;Casa Duble De Almeyda/irarrázabal;12000;CLF;5 dormitorios;3 baños;205 m² útiles;5 dormitorios | 3 baños | 205 m² útiles;Duble De Almeyda/Irarrázabal, Parque Juan XXIII, Ñuñoa;-33.4541894;-70.604972;Duble De Almeyda/Irarrázabal, Ñuñoa, Santiago, Chile
2025-11-29 18:17:06;Ñuñoa;casa;Casa Campo De Deporte/grecia;17300;CLF;6 dormitorios;4 baños;315 m² útiles;6 dormitorios | 4 baños | 315 m² útiles;Campo De Deporte/Grecia, Estadio Nacional, Ñuñoa;-33.4610775;-70.6102835;Campo De Deporte/Grecia, Ñuñoa, Santiago, Chile
2025-11-29 18:17:06;Ñuñoa;casa;Amplia Casa/local/oficina Plaza Egaña;9990;CLF;3 dormitorios;2 baños;150 m² útiles;3 dormitorios | 2 baños | 150 m² útiles;Juan Sabaj 153, Ñuñoa, Chile, Plaza Egaña, Ñuñoa;-33.456845799999996;-70.58636135172414;Juan Sabaj 153, Ñuñoa, Santiago, Chile
2025-11-29 18:17:06;Ñuñoa;casa;Plaza Ñuñoa | 4d | 3b | 3 Est | 435m2 Terr. | Bajo Tasación;12000;CLF;4 dormitorios;3 baños;137 m² útiles;4 dormitorios | 3 baños | 137 m² útiles;Los Talaveras 546, Ñuñoa, Parque Juan XXIII, Ñuñoa;-33.46073895476191;-70.59105099761905;Los Talaveras 546, Ñuñoa, Santiago, Chile
2025-11-29 18:17:06;Ñuñoa;casa;Casa Ricardo Lyon/hernán Cortes;7900;CLF;2 dormitorios;3 baños;141 m² útiles;2 dormitorios | 3 baños | 141 m² útiles;Ricardo Lyon/Hernán Cortes, Metro Ñuñoa, Ñuñoa;-33.446599500000005;-70.6055010662507;Ricardo Lyon/Hernán Cortes, Ñuñoa, Santiago, Chile
2025-11-29 18:17:06;Ñuñoa;casa;Vendo Hermosa 5d/5b/2e. Providencia;15500;CLF;5 dormitorios;5 baños;188 m² útiles;5 dormitorios | 5 baños | 188 m² útiles;Eduardo Munita Quiroga, Providencia, Parque Botánico, Ñuñoa;-33.44402403235901;-70.59237219450519;Eduardo Munita Quiroga, Ñuñoa, Santiago, Chile
2025-11-29 18:17:06;Ñuñoa;casa;Maravillosa Casa En Ñuñoa Gran Patio;680000000;CLP;6 dormitorios;3 baños;253 m² útiles;6 dormitorios | 3 baños | 253 m² útiles;Av. Presidente José Batlle Y Ordóñez 4209, Ñuñoa, Parque Juan XXIII, Ñuñoa;-33.4507427;-70.5872811639151;Av. Presidente José Batlle Y Ordóñez 4209, Ñuñoa, Santiago, Chile
2025-11-29 18:17:06;Ñuñoa;casa;Hermosa Casa 3d2b Con 4 Estacionamientos Y Servicios, Ñuñoa;12500;CLF;3 dormitorios;2 baños;174 m² útiles;3 dormitorios | 2 baños | 174 m² útiles;Villaseca 345, 7770323 Ñuñoa, Región Metropolitana, Chile, Metro Ñuñoa, Ñuñoa;-33.451346914285715;-70.60091931428572;Villaseca 345, Ñuñoa, Santiago, Chile
2025-11-29 18:17:06;Ñuñoa;casa;Casa En Ñuñoa Excelente Ubicación;159000000;CLP;6 dormitorios;2 baños;140 m² útiles;6 dormitorios | 2 baños | 140 m² útiles;Av. Rodrigo De Araya 3600 - 3900, Ñuñoa, Santiago, Juan Gómez Millas, Ñuñoa;-33.4778167;-70.6222636;Av. Rodrigo De Araya 3600 - 3900, Ñuñoa, Santiago, Chile
2025-11-29 18:17:06;Ñuñoa;casa;Casa, Emplazada En Pasaje Interior Los Corteses/dublé, Ñuñoa;41000;CLF;3 dormitorios;2 baños;125 m² útiles;3 dormitorios | 2 baños | 125 m² útiles;Los Corteses 5432, Santiago, Ñuñoa, Diagonal Oriente, Ñuñoa;-33.441906864;-70.574654068;Los Corteses 5432, Ñuñoa, Santiago, Chile
2025-11-29 18:17:06;Ñuñoa;casa;Viva En Un Lugar Tranquilo Y Acogedor;9500;CLF;5 dormitorios;3 baños;106 m² útiles;5 dormitorios | 3 baños | 106 m² útiles;Los Cerezos 921, Ñuñoa, Chile, Parque Juan XXIII, Ñuñoa;-33.46343530851064;-70.58658040212767;Los Cerezos 921, Ñuñoa, Santiago, Chile
2025-11-29 18:17:06;Ñuñoa;casa; Vendo Cómoda Casa, Calle Pedro Calvo, Comuna De Ñuñoa.;7700;CLF;4 dormitorios;2 baños;95 m² útiles;4 dormitorios | 2 baños | 95 m² útiles;Dr Pedro Calvo Barros 5504, Amapolas, Ñuñoa;-33.44136848321082;-70.57559954969064;Dr Pedro Calvo Barros 5504, Ñuñoa, Santiago, Chile
2025-11-29 18:17:06;Ñuñoa;casa;Amplia Propiedad De 3 Pisos, Ideal Para Familia 5d, 6b Y 2e.;8990;CLF;5 dormitorios;6 baños;229 m² útiles;5 dormitorios | 6 baños | 229 m² útiles;San Andrés 4364, Ñuñoa, Villa Frei, Ñuñoa;-33.45113502093023;-70.58292473953487;San Andrés 4364, Ñuñoa, Santiago, Chile
2025-11-29 18:17:06;Ñuñoa;casa;(ofi) Casa En Venta En Ñuñoa - Amplia - Remodelada;12500;CLF;4 dormitorios;4 baños;190 m² útiles;4 dormitorios | 4 baños | 190 m² útiles;Alcalde Eduardo Castillo Velasco 600 - 900, Metro Irarrázaval, Ñuñoa;-33.4566178;-70.6218342;Alcalde Eduardo Castillo Velasco 600 - 900, Ñuñoa, Santiago, Chile
2025-11-29 18:17:06;Ñuñoa;casa;Espectacular Casa En Hernando De Aguirre;19990;CLF;6 dormitorios;4 baños;250 m² útiles;6 dormitorios | 4 baños | 250 m² útiles;Av. Hernando De Aguirre 4280, Ñuñoa, Parque Botánico, Ñuñoa;-33.44281905;-70.58528528513119;Av. Hernando De Aguirre 4280, Ñuñoa, Santiago, Chile
2025-11-29 18:17:06;Ñuñoa;casa;Venta Casa En Ñuñoa;350000000;CLP;4 dormitorios;2 baños;150 m² útiles;4 dormitorios | 2 baños | 150 m² útiles;Ramón Puelma, Metro Ñuñoa, Ñuñoa;-33.44758947159123;-70.60674174746052;Ramón Puelma, Ñuñoa, Santiago, Chile
2025-11-29 18:17:06;Ñuñoa;casa;Cpm Vende Casa San Eugenio 4d/2b/1est. Ñuñoa;5300;CLF;4 dormitorios;2 baños;97 m² útiles;4 dormitorios | 2 baños | 97 m² útiles;San Eugenio 445, Ñuñoa, Parque San Eugenio - Metro Ñuble, Ñuñoa;-33.4543164;-70.5936358;San Eugenio 445, Ñuñoa, Santiago, Chile
2025-11-29 18:17:06;Ñuñoa;casa;Espectacular Casa En Sector Residencial De Ñuñoa ;19990;CLF;6 dormitorios;4 baños;250 m² útiles;6 dormitorios | 4 baños | 250 m² útiles;Luis Pereira 1468, 7790189 Ñuñoa, Región Metropolitana, Chile, Parque Botánico, Ñuñoa;-33.4420751;-70.58673407903802;Luis Pereira 1468, Ñuñoa, Santiago, Chile
2025-11-29 18:17:06;Ñuñoa;casa;Hermosa Casa De Dos Pisos En Ñuñoa ;19990;CLF;6 dormitorios;4 baños;250 m² útiles;6 dormitorios | 4 baños | 250 m² útiles;PEDRO TORRES ÑUÑOA, Parque Botánico, Ñuñoa;-33.4554617;-70.5897066;PEDRO TORRES ÑUÑOA, Ñuñoa, Santiago, Chile
2025-11-29 18:17:06;Ñuñoa;casa;Venta Hermosa Casa En Ñuñoa;6800;CLF;5 dormitorios;3 baños;244 m² útiles;5 dormitorios | 3 baños | 244 m² útiles;Pedro Lobos 1102, Ñuñoa, Santiago, Villa Frei, Ñuñoa;-33.465594353571426;-70.57864728928571;Pedro Lobos 1102, Ñuñoa, Santiago, Chile
2025-11-29 18:17:06;Ñuñoa;casa;Venta Casa En Ñuñoa Se Reciben Ofertas;6800;CLF;5 dormitorios;3 baños;244 m² útiles;5 dormitorios | 3 baños | 244 m² útiles;Pedro Lobos 1102, Ñuñoa, Santiago, Villa Frei, Ñuñoa;-33.465594353571426;-70.57864728928571;Pedro Lobos 1102, Ñuñoa, Santiago, Chile
2025-11-29 18:17:06;Ñuñoa;casa;Excelente Oportunidad De Inversión Para Remodelar;6800;CLF;5 dormitorios;3 baños;200 m² útiles;5 dormitorios | 3 baños | 200 m² útiles;Pedro Lobos 1102, Ñuñoa, Santiago, Villa Frei, Ñuñoa;-33.465594353571426;-70.57864728928571;Pedro Lobos 1102, Ñuñoa, Santiago, Chile
2025-11-29 18:17:06;Ñuñoa;casa;Venta Casa Para Remodelar-4dorm-3baños. La Verbena-ñuñoa C2j;380000000;CLP;4 dormitorios;3 baños;167 m² útiles;4 dormitorios | 3 baños | 167 m² útiles;La Verbena Con Hamburgo C2J, Amapolas, Ñuñoa;-33.4479797;-70.5766861;La Verbena Con Hamburgo C2J, Ñuñoa, Santiago, Chile
2025-11-29 18:17:06;Ñuñoa;casa;Casa En Venta En Metro Ñuñoa;9900;CLF;5 dormitorios;2 baños;450 m² útiles;5 dormitorios | 2 baños | 450 m² útiles;Dublé Almeyda 2190, 7750134 Santiago, Ñuñoa, Región Metropolitana, Chile, Metro Ñuñoa, Ñuñoa;-33.45520547142858;-70.60830742857142;Dublé Almeyda 2190, Ñuñoa, Santiago, Chile
2025-11-29 18:17:06;Ñuñoa;casa;Casa En Venta En Ñuñoa, Excelente Ubicación Comercial.;9900;CLF;5 dormitorios;2 baños;450 m² útiles;5 dormitorios | 2 baños | 450 m² útiles;Dublé Almeyda 2190, 7750134 Santiago, Ñuñoa, Región Metropolitana, Chile, Metro Ñuñoa, Ñuñoa;-33.45520547142858;-70.60830742857142;Dublé Almeyda 2190, Ñuñoa, Santiago, Chile
2025-11-29 18:17:06;Ñuñoa;casa;Casa Esquina, Ñuñoa. Oportunidad!! Ofertas!!;8100;CLF;4 dormitorios;2 baños;101 m² útiles;4 dormitorios | 2 baños | 101 m² útiles;Arturo Medina 5293, Amapolas, Ñuñoa;-33.441078988;-70.576317084;Arturo Medina 5293, Ñuñoa, Santiago, Chile
2025-11-29 18:17:06;Ñuñoa;casa; Tranquilo Sector, Con Posibilidad De Paño Para Construcció ;8166;CLF;4 dormitorios;2 baños;165 m² útiles;4 dormitorios | 2 baños | 165 m² útiles;Caupolicán 600 - 900, Providencia, Ñuñoa, Metro Monseñor Eyzaguirre, Ñuñoa;-33.4467872;-70.6187522;Caupolicán 600 - 900, Ñuñoa, Santiago, Chile
2025-11-29 18:17:06;Ñuñoa;casa;Casa En Venta Ñuñoa, Uf 7.500, ¡¡oportunidad!!;7500;CLF;5 dormitorios;3 baños;90 m² útiles;5 dormitorios | 3 baños | 90 m² útiles;Curamilla 4980, Ñuñoa, Villa Frei, Ñuñoa;-33.44003225;-70.57887434222556;Curamilla 4980, Ñuñoa, Santiago, Chile
2025-11-29 18:17:06;Ñuñoa;casa;Casa En Venta En Ñuñoa;11200;CLF;4 dormitorios;2 baños;232 m² útiles;4 dormitorios | 2 baños | 232 m² útiles;Pje. Juan Moya Morales 300 - 600, Ñuñoa, Parque Juan XXIII, Ñuñoa;-33.4610534;-70.5870344;Pje. Juan Moya Morales 300 - 600, Ñuñoa, Santiago, Chile
2025-11-29 18:17:06;Ñuñoa;casa;Casa En Venta En Juan Moya Morales;11200;CLF;4 dormitorios;2 baños;232 m² útiles;4 dormitorios | 2 baños | 232 m² útiles;Pje. Juan Moya Morales 300 - 600, Ñuñoa, Parque Juan XXIII, Ñuñoa;-33.4610534;-70.5870344;Pje. Juan Moya Morales 300 - 600, Ñuñoa, Santiago, Chile
2025-11-29 18:17:06;Ñuñoa;casa;Venta 2 Casas Ñuñoa Antonio Varas X 1 Rol  ;390000000;CLP;5 dormitorios;4 baños;161 m² útiles;5 dormitorios | 4 baños | 161 m² útiles;Antonio Varas 2801, Ñuñoa, Metro Monseñor Eyzaguirre, Ñuñoa;-33.45312251219512;-70.60917553414635;Antonio Varas 2801, Ñuñoa, Santiago, Chile
2025-11-29 18:17:06;Ñuñoa;casa;Casa Villa Olímpica 2 Pisos 3d 1b;175000000;CLP;3 dormitorios;1 baño;90 m² útiles;3 dormitorios | 1 baño | 90 m² útiles;Sócrates 1020, Ñuñoa, Estadio Nacional, Ñuñoa;-33.44525035;-70.57746976114751;Sócrates 1020, Ñuñoa, Santiago, Chile
2025-11-29 18:17:06;Ñuñoa;casa;307m2 Excelente Ubicación, Gran Potencial, Montenegro, Ñuñoa;10460;CLF;3 dormitorios;2 baños;101 m² útiles;3 dormitorios | 2 baños | 101 m² útiles;Montenegro 890, Santiago, Ñuñoa, Parque Botánico, Ñuñoa;-33.44722593095238;-70.58494690952381;Montenegro 890, Ñuñoa, Santiago, Chile
2025-11-29 18:17:06;Ñuñoa;casa;Casa En Venta En Diego De Almagro, Ñuñoa Con Jardín;14500;CLF;4 dormitorios;3 baños;194 m² útiles;4 dormitorios | 3 baños | 194 m² útiles;Coventry 1749, Ñuñoa, Chile, Diego De Almagro, Ñuñoa;-33.438209900000004;-70.58016274679349;Coventry 1749, Ñuñoa, Santiago, Chile
2025-11-29 18:17:06;Ñuñoa;casa;Casa En Venta De 4 Dorm. Gran Terreno En Ñuñoa;23500;CLF;4 dormitorios;6 baños;340 m² útiles;4 dormitorios | 6 baños | 340 m² útiles;HAMBURGO CON AMAPOLAS, Amapolas, Ñuñoa;-33.46451175;-70.61144581927967;HAMBURGO CON AMAPOLAS, Ñuñoa, Santiago, Chile
2025-11-29 18:17:06;Ñuñoa;casa;Casa En Venta De 4 Dorm. En Ñuñoa;13500;CLF;4 dormitorios;2 baños;159 m² útiles;4 dormitorios | 2 baños | 159 m² útiles;Suecia 3171, Plaza Ñuñoa, Ñuñoa;-33.44920401756757;-70.60064745405406;Suecia 3171, Ñuñoa, Santiago, Chile
2025-11-29 18:17:06;Ñuñoa;casa;Simón Bolívar - Suecia Metro - Metro Ñuñoa ;430000000;CLP;4 dormitorios;4 baños;280 m² útiles;4 dormitorios | 4 baños | 280 m² útiles;Avenida Simón Bolívar 2893, Ñuñoa, Chile, Plaza Ñuñoa, Ñuñoa;-33.449671441935486;-70.59991903870967;Avenida Simón Bolívar 2893, Ñuñoa, Santiago, Chile
2025-11-29 18:17:06;Ñuñoa;casa;Casa En Venta Con Dos Locales Comerciales, Gran Conectividad;443000000;CLP;5 dormitorios;2 baños;170 m² útiles;5 dormitorios | 2 baños | 170 m² útiles;Av. José Pedro Alessandri 1800 - 2100, Juan Gómez Millas, Ñuñoa;-33.47128516666667;-70.59846896666667;Av. José Pedro Alessandri 1800 - 2100, Ñuñoa, Santiago, Chile
2025-11-29 18:17:06;Ñuñoa;casa;Amplia Casona En Venta Ñuñoa Con 2 Propiedades;40000;CLF;13 dormitorios;6 baños;1.290 m² útiles;13 dormitorios | 6 baños | 1.290 m² útiles;Jorge Washington 111, Ñuñoa, Plaza Ñuñoa, Ñuñoa;-33.4538783;-70.5936295996927;Jorge Washington 111, Ñuñoa, Santiago, Chile
2025-11-29 18:17:06;Ñuñoa;casa;Casa En Venta En Condominio: Metro P. De Gales, Ñuñoa;8900;CLF;3 dormitorios;1 baño;100 m² útiles;3 dormitorios | 1 baño | 100 m² útiles;Av. Ossa, Ñuñoa, Metro Simón Bolivar, Ñuñoa;-33.44370141140581;-70.57245476443998;Av. Ossa, Ñuñoa, Santiago, Chile
2025-11-29 18:17:06;Ñuñoa;casa;Casa Remodelada, José Domingo Cañas;9700;CLF;3 dormitorios;2 baños;134 m² útiles;3 dormitorios | 2 baños | 134 m² útiles;José Domingo Cañas 609, Ñuñoa, Metro Irarrázaval, Ñuñoa;-33.45534087241379;-70.62377901724139;José Domingo Cañas 609, Ñuñoa, Santiago, Chile
2025-11-29 18:17:06;Ñuñoa;casa;Extraordinario! Venta Centro Eventos 7 Azul - Corazon Ñuñoa;680000000;CLP;3 dormitorios;7 baños;414 m² útiles;3 dormitorios | 7 baños | 414 m² útiles;Av. Salvador 3000 - 3300, Ñuñoa, Estadio Nacional, Ñuñoa;-33.45434295;-70.59983390578844;Av. Salvador 3000 - 3300, Ñuñoa, Santiago, Chile
2025-11-29 18:17:06;Ñuñoa;casa;Amplia Casa En Hannover;11000;CLF;5 dormitorios;3 baños;150 m² útiles;5 dormitorios | 3 baños | 150 m² útiles;Hannover 5238, Ñuñoa, Plaza Egaña, Ñuñoa;-33.451513250000005;-70.57602180031958;Hannover 5238, Ñuñoa, Santiago, Chile
2025-11-29 18:17:43;Ñuñoa;casa;Oportunidad Casa Venta 4d/2b Gran Patio Trasero  Ñuñoa;15800;CLF;4 dormitorios;2 baños;156 m² útiles;4 dormitorios | 2 baños | 156 m² útiles;Luis Uribe 2745, Metro Ñuñoa, Ñuñoa;-33.45144109433962;-70.60310866981132;Luis Uribe 2745, Ñuñoa, Santiago, Chile
2025-11-29 18:17:43;Ñuñoa;casa;Casa Ideal Para Familias Que Buscan Comodidad Y Seguridad;9500;CLF;5 dormitorios;2 baños;167 m² útiles;5 dormitorios | 2 baños | 167 m² útiles;Pucará 4827, Ñuñoa, Metro Simón Bolivar, Ñuñoa;-33.44479965;-70.58073832441801;Pucará 4827, Ñuñoa, Santiago, Chile
2025-11-29 18:17:43;Ñuñoa;casa;Gran Casona En Chile España/simón Bolívar/holanda, En Ñuñoa;40000;CLF;8 dormitorios;4 baños;900 m² útiles;8 dormitorios | 4 baños | 900 m² útiles;Chile España 665, Ñuñoa, Plaza Ñuñoa, Ñuñoa;-33.4484269;-70.59735858293033;Chile España 665, Ñuñoa, Santiago, Chile
2025-11-29 18:17:43;Ñuñoa;casa;Espectacular  Casa Con Ampliación En 2do Piso Ideal Negocio ;11700;CLF;3 dormitorios;2 baños;176 m² útiles;3 dormitorios | 2 baños | 176 m² útiles;Emilia Téllez 4707, Ñuñoa, Parque Botánico, Ñuñoa;-33.441561899999996;-70.58244814980074;Emilia Téllez 4707, Ñuñoa, Santiago, Chile
2025-11-29 18:17:43;Ñuñoa;casa;Amplia Casa Con Giro Comercial, Para Proyecto.;490000000;CLP;4 dormitorios;3 baños;140 m² útiles;4 dormitorios | 3 baños | 140 m² útiles;Av. Pedro De Valdivia 5247, Ñuñoa, Estadio Nacional, Ñuñoa;-33.471707716666664;-70.60652498333333;Av. Pedro De Valdivia 5247, Ñuñoa, Santiago, Chile
2025-11-29 18:17:43;Ñuñoa;casa;Oportunidad, Casa En Barrio Patrimonial!!;6300;CLF;4 dormitorios;3 baños;90 m² útiles;4 dormitorios | 3 baños | 90 m² útiles;Totoral, Ñuñoa, Villa Frei, Ñuñoa;-33.46269340812602;-70.57851770140516;Totoral, Ñuñoa, Santiago, Chile
2025-11-29 18:17:43;Ñuñoa;casa;Casa En Ñuñoa, Barrio Patrimonial, Gran Terreno, Vende Dueño;9400;CLF;5 dormitorios;3 baños;250 m² útiles;5 dormitorios | 3 baños | 250 m² útiles;Monseñor Eyzaguirre, Ñuñoa, Ñuñoa;-33.4531944;-70.613519;Monseñor Eyzaguirre, Ñuñoa, Santiago, Chile
2025-11-29 18:17:43;Ñuñoa;casa;Casa En Ñuñoa;160000000;CLP;2 dormitorios;1 baño;50 m² útiles;2 dormitorios | 1 baño | 50 m² útiles;Peatones 33 1616, Villa Los Jardínes - Villa Los Presidentes, Ñuñoa;-33.470449435;-70.58274911;Peatones 33 1616, Ñuñoa, Santiago, Chile
2025-11-29 18:17:43;Ñuñoa;casa;Excelente Casa En Ñuñoa Rebajada.  Ahora  8.650 Uf;320000000;CLP;3 dormitorios;2 baños;120 m² útiles;3 dormitorios | 2 baños | 120 m² útiles;Alcalde Eduardo Castillo Velasco 4800, Ñuñoa, Villa Frei, Ñuñoa;-33.45914161661513;-70.5969709363368;Alcalde Eduardo Castillo Velasco 4800, Ñuñoa, Santiago, Chile
2025-11-29 18:17:43;Ñuñoa;casa;Casa Depto Nuevo Piso 1 Excelente Oportunidad;6694;CLF;2 dormitorios;2 baños;57 m² útiles;2 dormitorios | 2 baños | 57 m² útiles;Manuel Montt 2648, Ñuñoa, Metro Monseñor Eyzaguirre, Ñuñoa;-33.4521261;-70.6124475985321;Manuel Montt 2648, Ñuñoa, Santiago, Chile
2025-11-29 18:17:43;Ñuñoa;casa;Casa En Venta - Giro Comercial - Ñuñoa;11500;CLF;10 dormitorios;3 baños;234 m² útiles;10 dormitorios | 3 baños | 234 m² útiles;Miguel Claro 2194, Ñuñoa, Metro Monseñor Eyzaguirre, Ñuñoa;-33.45137900149254;-70.60846721940298;Miguel Claro 2194, Ñuñoa, Santiago, Chile
2025-11-29 18:17:43;Ñuñoa;casa;Hermosa Casa Esquina, En El Mejor Y Seguro Barrio De Ñuñoa;10100;CLF;6 dormitorios;4 baños;171 m² útiles;6 dormitorios | 4 baños | 171 m² útiles;Granada 2305, Ñuñoa, Metro Ñuñoa, Ñuñoa;-33.4479849;-70.609047458;Granada 2305, Ñuñoa, Santiago, Chile
2025-11-29 18:17:43;Ñuñoa;casa;Se Vende Casa Solida  3 Hab 1 Baño Metro Los Orientales;280000000;CLP;3 dormitorios;1 baño;84 m² útiles;3 dormitorios | 1 baño | 84 m² útiles;Playa Ancha, Ñuñoa, Villa Frei, Ñuñoa;-33.4639370323102;-70.57789224459235;Playa Ancha, Ñuñoa, Santiago, Chile
2025-11-29 18:17:43;Ñuñoa;casa;Se Vende Terreno (casa) En Avenida Italia, Barrio Comercial;650000000;CLP;5 dormitorios;2 baños;168 m² útiles;5 dormitorios | 2 baños | 168 m² útiles;Av. Italia 1800, Ñuñoa, Metro Irarrázaval, Ñuñoa;-33.44960111428571;-70.621647;Av. Italia 1800, Ñuñoa, Santiago, Chile
2025-11-29 18:17:43;Ñuñoa;casa; Casa Cercana A Colegios - Supermercados - Avenida Macul;175000000;CLP;3 dormitorios;2 baños;70 m² útiles;3 dormitorios | 2 baños | 70 m² útiles;San Pedro 1751, Ñuñoa, Juan Gómez Millas, Ñuñoa;-33.471322900000004;-70.5954041;San Pedro 1751, Ñuñoa, Santiago, Chile
2025-11-29 18:17:43;Ñuñoa;casa;Casa Dos Pisos;390000000;CLP;5 dormitorios;3 baños;140 m² útiles;5 dormitorios | 3 baños | 140 m² útiles;Pje. Los Cerezos 677, Santiago, Ñuñoa, Parque Juan XXIII, Ñuñoa;-33.461182508;-70.586036204;Pje. Los Cerezos 677, Ñuñoa, Santiago, Chile
2025-11-29 18:17:43;Ñuñoa;casa;Rebajada De 10700uf A 9900. Casa De 3 D+escrit+2 B+servicios;8750;CLF;4 dormitorios;3 baños;153 m² útiles;4 dormitorios | 3 baños | 153 m² útiles;Avenida Ossa  498-a, Plaza Egaña, Ñuñoa;-33.4541894;-70.604972;Avenida Ossa 498-a, Ñuñoa, Santiago, Chile
2025-11-29 18:17:43;Ñuñoa;casa;Casa Habitación;4500;CLF;3 dormitorios;1 baño;80 m² útiles;3 dormitorios | 1 baño | 80 m² útiles;Peatones Catorce 4475, Ñuñoa, Santiago, Chile, Villa Los Jardínes - Villa Los Presidentes, Ñuñoa;-33.46790431428571;-70.58325458571429;Peatones Catorce 4475, Ñuñoa, Santiago, Chile
2025-11-29 18:17:43;Ñuñoa;casa;Casa  Villa Frei;6420;CLF;3 dormitorios;1 baño;75 m² útiles;3 dormitorios | 1 baño | 75 m² útiles;José María Narbona, Ñuñoa, Villa Frei, Ñuñoa;-33.46351406559408;-70.57971934570756;José María Narbona, Ñuñoa, Santiago, Chile
2025-11-29 18:17:43;Ñuñoa;casa;Cómoda Casa. Agradable Barrio Residencial;6565;CLF;3 dormitorios;2 baños;90 m² útiles;3 dormitorios | 2 baños | 90 m² útiles;Exequiel Fernández 863, Santiago, Ñuñoa, Estadio Nacional, Ñuñoa;-33.462455416666664;-70.60021341111111;Exequiel Fernández 863, Ñuñoa, Santiago, Chile
2025-11-29 18:17:43;Ñuñoa;casa;Casa Sólida En Barrio Residencial, Servicios Y Conectividad.;8200;CLF;3 dormitorios;3 baños;96 m² útiles;3 dormitorios | 3 baños | 96 m² útiles;La Aduana, Ñuñoa, Villa Frei, Ñuñoa;-33.46482219648861;-70.57582756899586;La Aduana, Ñuñoa, Santiago, Chile
2025-11-29 18:17:43;Ñuñoa;casa;Oportunidad - Casa Recién Remodelada Dr. Ferrer - Los Leones;5990;CLF;3 dormitorios;2 baños;106 m² útiles;3 dormitorios | 2 baños | 106 m² útiles;Dr. Pedro Lautaro Ferrer 2995, Providencia, Ñuñoa;-33.444864518518514;-70.60018918518517;Dr. Pedro Lautaro Ferrer 2995, Ñuñoa, Santiago, Chile
2025-11-29 18:17:43;Ñuñoa;casa;Casas, Estucadores 1427 Ñuñoa;2400;CLF;3 dormitorios;1 baño;64 m² útiles;3 dormitorios | 1 baño | 64 m² útiles;Los Estucadores 1427, Estadio Nacional, Ñuñoa;-33.623073184;-70.592748812;Los Estucadores 1427, Ñuñoa, Santiago, Chile
