{
  "type": "FeatureCollection",
  "crs": {
    "type": "name",
    "properties": {
      "name": "EPSG:4326"
    }
  },
  "features": [
    {
      "type": "Feature",
      "geometry": {
        "type": "Point",
        "coordinates": [
          -70.724034326008,
          -33.463104365368
        ]
      },
      "properties": {
        "fecha_extraccion": "2025-11-29 18:02:18",
        "comuna": "Estación Central",
        "tipo_propiedad": "casa",
        "titulo": "Casa En Venta De 4 Dorm. En Estación Central",
        "precio": "4800",
        "moneda": "CLF",
        "dormitorios": "4 dormitorios",
        "banos": "3 baños",
        "metros_utiles": "112 m² útiles",
        "caracteristicas_raw": "4 dormitorios | 3 baños | 112 m² útiles",
        "ubicacion": "Laguna Del Inca / Cuadro Verde, Metro Pajaritos, Estación Central",
        "url": "",
        "direccion_geocoded": "Laguna Del Inca / Cuadro Verde, Estación Central, Santiago, Chile"
      }
    },
    {
      "type": "Feature",
      "geometry": {
        "type": "Point",
        "coordinates": [
          -70.704301137107,
          -33.462645643738
        ]
      },
      "properties": {
        "fecha_extraccion": "2025-11-29 18:02:18",
        "comuna": "Estación Central",
        "tipo_propiedad": "casa",
        "titulo": "Casa Av Las Rejas C/ 5 De Abril, 225 Mts, Precio Rebajado",
        "precio": "130000000",
        "moneda": "CLP",
        "dormitorios": "4 dormitorios",
        "banos": "1 baño",
        "metros_utiles": "125 m² útiles",
        "caracteristicas_raw": "4 dormitorios | 1 baño | 125 m² útiles",
        "ubicacion": "Las Gardenias 700, Estación Central, Metro Las Rejas, Estación Central",
        "url": "",
        "direccion_geocoded": "Las Gardenias 700, Estación Central, Santiago, Chile"
      }
    },
    {
      "type": "Feature",
      "geometry": {
        "type": "Point",
        "coordinates": [
          -70.707670092429,
          -33.458037084002
        ]
      },
      "properties": {
        "fecha_extraccion": "2025-11-29 18:02:18",
        "comuna": "Estación Central",
        "tipo_propiedad": "casa",
        "titulo": "Casa En Tradicional Barrio. Metro Las Rejas. Lindo Patio. ",
        "precio": "125000000",
        "moneda": "CLP",
        "dormitorios": "3 dormitorios",
        "banos": "1 baño",
        "metros_utiles": "97 m² útiles",
        "caracteristicas_raw": "3 dormitorios | 1 baño | 97 m² útiles",
        "ubicacion": "Los Alerces 1 - 300, Santiago, Estación Central, Metro Las Rejas, Estación Central",
        "url": "",
        "direccion_geocoded": "Los Alerces 1 - 300, Estación Central, Santiago, Chile"
      }
    },
    {
      "type": "Feature",
      "geometry": {
        "type": "Point",
        "coordinates": [
          -70.7190051,
          -33.4629791
        ]
      },
      "properties": {
        "fecha_extraccion": "2025-11-29 18:02:18",
        "comuna": "Estación Central",
        "tipo_propiedad": "casa",
        "titulo": "Se Vende Casa Aislada En Estación Central Stag.",
        "precio": "8116",
        "moneda": "CLF",
        "dormitorios": "4 dormitorios",
        "banos": "2 baños",
        "metros_utiles": "83 m² útiles",
        "caracteristicas_raw": "4 dormitorios | 2 baños | 83 m² útiles",
        "ubicacion": "Vista Hermosa, Estación Central, Metro Pajaritos, Estación Central",
        "url": "",
        "direccion_geocoded": "Vista Hermosa, Estación Central, Santiago, Chile"
      }
    },
    {
      "type": "Feature",
      "geometry": {
        "type": "Point",
        "coordinates": [
          -70.698491540167,
          -33.468656344012
        ]
      },
      "properties": {
        "fecha_extraccion": "2025-11-29 18:02:18",
        "comuna": "Estación Central",
        "tipo_propiedad": "casa",
        "titulo": "Amplia Casa De Dos Pisos Remodelada, Villa Moderna",
        "precio": "140000000",
        "moneda": "CLP",
        "dormitorios": "4 dormitorios",
        "banos": "1 baño",
        "metros_utiles": "110 m² útiles",
        "caracteristicas_raw": "4 dormitorios | 1 baño | 110 m² útiles",
        "ubicacion": "Padre Jaime Larraín Hurtado 600 - 900, Santiago, Estación Central, Nogales - San Eugenio, Estación Central",
        "url": "",
        "direccion_geocoded": "Padre Jaime Larraín Hurtado 600 - 900, Estación Central, Santiago, Chile"
      }
    },
    {
      "type": "Feature",
      "geometry": {
        "type": "Point",
        "coordinates": [
          -70.713213175,
          -33.458617911353
        ]
      },
      "properties": {
        "fecha_extraccion": "2025-11-29 18:02:18",
        "comuna": "Estación Central",
        "tipo_propiedad": "casa",
        "titulo": "Excelente Propiedad En Av. Gladys Marín",
        "precio": "285000000",
        "moneda": "CLP",
        "dormitorios": "5 dormitorios",
        "banos": "3 baños",
        "metros_utiles": "126 m² útiles",
        "caracteristicas_raw": "5 dormitorios | 3 baños | 126 m² útiles",
        "ubicacion": "Avenida Gladys Marín Millie 6647, Santiago, Estación Central, Chile, Metro Pajaritos, Estación Central",
        "url": "",
        "direccion_geocoded": "Avenida Gladys Marín Millie 6647, Estación Central, Santiago, Chile"
      }
    },
    {
      "type": "Feature",
      "geometry": {
        "type": "Point",
        "coordinates": [
          -70.706520392888,
          -33.466959280645
        ]
      },
      "properties": {
        "fecha_extraccion": "2025-11-29 18:02:18",
        "comuna": "Estación Central",
        "tipo_propiedad": "casa",
        "titulo": "Excelente Casa En Villa España",
        "precio": "3150",
        "moneda": "CLF",
        "dormitorios": "3 dormitorios",
        "banos": "1 baño",
        "metros_utiles": "90 m² útiles",
        "caracteristicas_raw": "3 dormitorios | 1 baño | 90 m² útiles",
        "ubicacion": "Pje. Miguel De Cervantes 576, Santiago, Estación Central, Villa Francia, Estación Central",
        "url": "",
        "direccion_geocoded": "Pje. Miguel De Cervantes 576, Estación Central, Santiago, Chile"
      }
    },
    {
      "type": "Feature",
      "geometry": {
        "type": "Point",
        "coordinates": [
          -70.692928382518,
          -33.46305201457
        ]
      },
      "properties": {
        "fecha_extraccion": "2025-11-29 18:02:18",
        "comuna": "Estación Central",
        "tipo_propiedad": "casa",
        "titulo": "Oportunidad Venta De Casa Cercana A Metro Padre Hurtado",
        "precio": "1920",
        "moneda": "CLF",
        "dormitorios": "4 dormitorios",
        "banos": "1 baño",
        "metros_utiles": "80 m² útiles",
        "caracteristicas_raw": "4 dormitorios | 1 baño | 80 m² útiles",
        "ubicacion": "Padre Vicente Irarrázabal 1018, Estación Central, Región Metropolitana, Chile, Nogales - San Eugenio, Estación Central",
        "url": "",
        "direccion_geocoded": "Padre Vicente Irarrázabal 1018, Estación Central, Santiago, Chile"
      }
    },
    {
      "type": "Feature",
      "geometry": {
        "type": "Point",
        "coordinates": [
          -70.704227187999,
          -33.463938694198
        ]
      },
      "properties": {
        "fecha_extraccion": "2025-11-29 18:02:18",
        "comuna": "Estación Central",
        "tipo_propiedad": "casa",
        "titulo": "Casa Sector  Las Rejas 130 Millones",
        "precio": "130000000",
        "moneda": "CLP",
        "dormitorios": "4 dormitorios",
        "banos": "1 baño",
        "metros_utiles": "110 m² útiles",
        "caracteristicas_raw": "4 dormitorios | 1 baño | 110 m² útiles",
        "ubicacion": "Las Gardenias 882, Santiago, Estación Central, Metro Las Rejas, Estación Central",
        "url": "",
        "direccion_geocoded": "Las Gardenias 882, Estación Central, Santiago, Chile"
      }
    },
    {
      "type": "Feature",
      "geometry": {
        "type": "Point",
        "coordinates": [
          -70.714338943208,
          -33.460039978852
        ]
      },
      "properties": {
        "fecha_extraccion": "2025-11-29 18:02:18",
        "comuna": "Estación Central",
        "tipo_propiedad": "casa",
        "titulo": "Casa En Venta De 4 Dorm. En Estación Central",
        "precio": "3730",
        "moneda": "CLF",
        "dormitorios": "4 dormitorios",
        "banos": "2 baños",
        "metros_utiles": "89 m² útiles",
        "caracteristicas_raw": "4 dormitorios | 2 baños | 89 m² útiles",
        "ubicacion": "AVENIDA PAJARITOS//AVENIDA LAS PARECELAS//METRO LAS REJAS, Metro Pajaritos, Estación Central",
        "url": "",
        "direccion_geocoded": "AVENIDA PAJARITOS//AVENIDA LAS PARECELAS// LAS REJAS, Estación Central, Santiago, Chile"
      }
    },
    {
      "type": "Feature",
      "geometry": {
        "type": "Point",
        "coordinates": [
          -70.709518180559,
          -33.469341794713
        ]
      },
      "properties": {
        "fecha_extraccion": "2025-11-29 18:02:18",
        "comuna": "Estación Central",
        "tipo_propiedad": "casa",
        "titulo": "Comoda Y En Excelente Estado, Impecable, Llegar Y Habitar",
        "precio": "128000000",
        "moneda": "CLP",
        "dormitorios": "4 dormitorios",
        "banos": "1 baño",
        "metros_utiles": "103 m² útiles",
        "caracteristicas_raw": "4 dormitorios | 1 baño | 103 m² útiles",
        "ubicacion": "El Nadi 587, Santiago, Estación Central, Chile, Villa Francia, Estación Central",
        "url": "",
        "direccion_geocoded": "El Nadi 587, Estación Central, Santiago, Chile"
      }
    },
    {
      "type": "Feature",
      "geometry": {
        "type": "Point",
        "coordinates": [
          -70.694363506674,
          -33.456345286496
        ]
      },
      "properties": {
        "fecha_extraccion": "2025-11-29 18:02:18",
        "comuna": "Estación Central",
        "tipo_propiedad": "casa",
        "titulo": "Casa En Venta 4d/3b - Manuel Thompson - Placilla",
        "precio": "9900",
        "moneda": "CLF",
        "dormitorios": "4 dormitorios",
        "banos": "3 baños",
        "metros_utiles": "206 m² útiles",
        "caracteristicas_raw": "4 dormitorios | 3 baños | 206 m² útiles",
        "ubicacion": "Manuel Thompson 4311, 9160058 Santiago, Estación Central, Región Metropolitana, Chile, San Alberto Hurtado, Estación Central",
        "url": "",
        "direccion_geocoded": "Manuel Thompson 4311, Estación Central, Santiago, Chile"
      }
    },
    {
      "type": "Feature",
      "geometry": {
        "type": "Point",
        "coordinates": [
          -70.681461049634,
          -33.464169585578
        ]
      },
      "properties": {
        "fecha_extraccion": "2025-11-29 18:02:18",
        "comuna": "Estación Central",
        "tipo_propiedad": "casa",
        "titulo": "Rebajada, Casa Antigua Pareada Iquique 3400 Estación Central",
        "precio": "190000000",
        "moneda": "CLP",
        "dormitorios": "9 dormitorios",
        "banos": "4 baños",
        "metros_utiles": "252 m² útiles",
        "caracteristicas_raw": "9 dormitorios | 4 baños | 252 m² útiles",
        "ubicacion": "Iquique 3400, Estación Central, Nogales - San Eugenio, Estación Central",
        "url": "",
        "direccion_geocoded": "Iquique 3400, Estación Central, Santiago, Chile"
      }
    },
    {
      "type": "Feature",
      "geometry": {
        "type": "Point",
        "coordinates": [
          -70.706086713218,
          -33.465971305718
        ]
      },
      "properties": {
        "fecha_extraccion": "2025-11-29 18:02:18",
        "comuna": "Estación Central",
        "tipo_propiedad": "casa",
        "titulo": "Casa De Oportunidad En Venta, Villa España Estación Central",
        "precio": "145000000",
        "moneda": "CLP",
        "dormitorios": "5 dormitorios",
        "banos": "2 baños",
        "metros_utiles": "120 m² útiles",
        "caracteristicas_raw": "5 dormitorios | 2 baños | 120 m² útiles",
        "ubicacion": "Pje. Miguel De Cervantes 440, Villa Francia, Estación Central",
        "url": "",
        "direccion_geocoded": "Pje. Miguel De Cervantes 440, Estación Central, Santiago, Chile"
      }
    },
    {
      "type": "Feature",
      "geometry": {
        "type": "Point",
        "coordinates": [
          -70.709317532533,
          -33.468477088534
        ]
      },
      "properties": {
        "fecha_extraccion": "2025-11-29 18:02:18",
        "comuna": "Estación Central",
        "tipo_propiedad": "casa",
        "titulo": "Casa En Venta En V. España Estacion Central, Amplio Terreno",
        "precio": "140000000",
        "moneda": "CLP",
        "dormitorios": "3 dormitorios",
        "banos": "1 baño",
        "metros_utiles": "65 m² útiles",
        "caracteristicas_raw": "3 dormitorios | 1 baño | 65 m² útiles",
        "ubicacion": "Lanceros Del Rey, Estación Central, Villa Francia, Estación Central",
        "url": "",
        "direccion_geocoded": "Lanceros Del Rey, Estación Central, Santiago, Chile"
      }
    },
    {
      "type": "Feature",
      "geometry": {
        "type": "Point",
        "coordinates": [
          -70.695817624543,
          -33.470806909479
        ]
      },
      "properties": {
        "fecha_extraccion": "2025-11-29 18:02:18",
        "comuna": "Estación Central",
        "tipo_propiedad": "casa",
        "titulo": "Casa En Venta En Estación Central Con Amplio Patio",
        "precio": "4433",
        "moneda": "CLF",
        "dormitorios": "6 dormitorios",
        "banos": "2 baños",
        "metros_utiles": "169 m² útiles",
        "caracteristicas_raw": "6 dormitorios | 2 baños | 169 m² útiles",
        "ubicacion": "Los Araucanos 1761, Santiago, Estación Central, Nogales - San Eugenio, Estación Central",
        "url": "",
        "direccion_geocoded": "Los Araucanos 1761, Estación Central, Santiago, Chile"
      }
    },
    {
      "type": "Feature",
      "geometry": {
        "type": "Point",
        "coordinates": [
          -70.691374829083,
          -33.460970807818
        ]
      },
      "properties": {
        "fecha_extraccion": "2025-11-29 18:02:18",
        "comuna": "Estación Central",
        "tipo_propiedad": "casa",
        "titulo": "Oportunidad! Casa Remodelada En Pasaje, Cercano Al Metro ",
        "precio": "72000000",
        "moneda": "CLP",
        "dormitorios": "2 dormitorios",
        "banos": "1 baño",
        "metros_utiles": "60 m² útiles",
        "caracteristicas_raw": "2 dormitorios | 1 baño | 60 m² útiles",
        "ubicacion": "Ainavillo 600 - 900, Estación Central, Nogales - San Eugenio, Estación Central",
        "url": "",
        "direccion_geocoded": "Ainavillo 600 - 900, Estación Central, Santiago, Chile"
      }
    },
    {
      "type": "Feature",
      "geometry": {
        "type": "Point",
        "coordinates": [
          -70.719881183706,
          -33.472351552992
        ]
      },
      "properties": {
        "fecha_extraccion": "2025-11-29 18:02:18",
        "comuna": "Estación Central",
        "tipo_propiedad": "casa",
        "titulo": "Gestimob Vende Amplia Casa De Un Piso En Pasaje Aulén , Vill",
        "precio": "3160",
        "moneda": "CLF",
        "dormitorios": "3 dormitorios",
        "banos": "1 baño",
        "metros_utiles": "70 m² útiles",
        "caracteristicas_raw": "3 dormitorios | 1 baño | 70 m² útiles",
        "ubicacion": "Luis Infantes Cerda, Villa Francia, Estación Central",
        "url": "",
        "direccion_geocoded": "Luis Infantes Cerda, Estación Central, Santiago, Chile"
      }
    },
    {
      "type": "Feature",
      "geometry": {
        "type": "Point",
        "coordinates": [
          -70.708151427427,
          -33.460581700066
        ]
      },
      "properties": {
        "fecha_extraccion": "2025-11-29 18:02:18",
        "comuna": "Estación Central",
        "tipo_propiedad": "casa",
        "titulo": "Casa En Barrio Patrimonial",
        "precio": "150000000",
        "moneda": "CLP",
        "dormitorios": "2 dormitorios",
        "banos": "1 baño",
        "metros_utiles": "88 m² útiles",
        "caracteristicas_raw": "2 dormitorios | 1 baño | 88 m² útiles",
        "ubicacion": "El Boldo 131, Estación Central, Región Metropolitana De Santiago 9160000, Chile, Metro Las Rejas, Estación Central",
        "url": "",
        "direccion_geocoded": "El Boldo 131, Estación Central, Santiago, Chile"
      }
    },
    {
      "type": "Feature",
      "geometry": {
        "type": "Point",
        "coordinates": [
          -70.713213175,
          -33.458617911353
        ]
      },
      "properties": {
        "fecha_extraccion": "2025-11-29 18:02:18",
        "comuna": "Estación Central",
        "tipo_propiedad": "casa",
        "titulo": "Residencia De 124 M2 Costa Laguna -",
        "precio": "13500",
        "moneda": "CLF",
        "dormitorios": "4 dormitorios",
        "banos": "3 baños",
        "metros_utiles": "124 m² útiles",
        "caracteristicas_raw": "4 dormitorios | 3 baños | 124 m² útiles",
        "ubicacion": "Gladys Marin Millie  Casa B Costa Laguna C, Metro Pajaritos, Estación Central",
        "url": "",
        "direccion_geocoded": "Gladys Marin Millie Casa B Costa Laguna C, Estación Central, Santiago, Chile"
      }
    },
    {
      "type": "Feature",
      "geometry": {
        "type": "Point",
        "coordinates": [
          -70.703498465337,
          -33.473255305306
        ]
      },
      "properties": {
        "fecha_extraccion": "2025-11-29 18:02:18",
        "comuna": "Estación Central",
        "tipo_propiedad": "casa",
        "titulo": "Casa En Venta De 4 Dorm. En Estación Central",
        "precio": "5478",
        "moneda": "CLF",
        "dormitorios": "4 dormitorios",
        "banos": "4 baños",
        "metros_utiles": "294 m² útiles",
        "caracteristicas_raw": "4 dormitorios | 4 baños | 294 m² útiles",
        "ubicacion": "Las Rejas Sur 1396, Nogales - San Eugenio, Estación Central",
        "url": "",
        "direccion_geocoded": "Las Rejas Sur 1396, Estación Central, Santiago, Chile"
      }
    },
    {
      "type": "Feature",
      "geometry": {
        "type": "Point",
        "coordinates": [
          -70.692928131061,
          -33.468233790932
        ]
      },
      "properties": {
        "fecha_extraccion": "2025-11-29 18:02:18",
        "comuna": "Estación Central",
        "tipo_propiedad": "casa",
        "titulo": "Casa En Venta De 10 Dorm. En Estación Central",
        "precio": "140000000",
        "moneda": "CLP",
        "dormitorios": "10 dormitorios",
        "banos": "10 baños",
        "metros_utiles": "240 m² útiles",
        "caracteristicas_raw": "10 dormitorios | 10 baños | 240 m² útiles",
        "ubicacion": "Padre Vicente Irarrázabal 1586, Nogales - San Eugenio, Estación Central",
        "url": "",
        "direccion_geocoded": "Padre Vicente Irarrázabal 1586, Estación Central, Santiago, Chile"
      }
    },
    {
      "type": "Feature",
      "geometry": {
        "type": "Point",
        "coordinates": [
          -70.701261628746,
          -33.479660252798
        ]
      },
      "properties": {
        "fecha_extraccion": "2025-11-29 18:02:18",
        "comuna": "Estación Central",
        "tipo_propiedad": "casa",
        "titulo": "Casa En Venta De 3 Dorm. En Estación Central",
        "precio": "84000000",
        "moneda": "CLP",
        "dormitorios": "3 dormitorios",
        "banos": "2 baños",
        "metros_utiles": "130 m² útiles",
        "caracteristicas_raw": "3 dormitorios | 2 baños | 130 m² útiles",
        "ubicacion": "Calle Ferrocarril, Nogales - San Eugenio, Estación Central",
        "url": "",
        "direccion_geocoded": "Calle Ferrocarril, Estación Central, Santiago, Chile"
      }
    },
    {
      "type": "Feature",
      "geometry": {
        "type": "Point",
        "coordinates": [
          -70.7190051,
          -33.4629791
        ]
      },
      "properties": {
        "fecha_extraccion": "2025-11-29 18:02:18",
        "comuna": "Estación Central",
        "tipo_propiedad": "casa",
        "titulo": "100% Regularizada Y Sin Deuda. Barrio Residencial",
        "precio": "4500",
        "moneda": "CLF",
        "dormitorios": "4 dormitorios",
        "banos": "2 baños",
        "metros_utiles": "141 m² útiles",
        "caracteristicas_raw": "4 dormitorios | 2 baños | 141 m² útiles",
        "ubicacion": "Villa Vista Hermosa, Metro Pajaritos, Estación Central",
        "url": "",
        "direccion_geocoded": "Villa Vista Hermosa, Estación Central, Santiago, Chile"
      }
    },
    {
      "type": "Feature",
      "geometry": {
        "type": "Point",
        "coordinates": [
          -70.676717279092,
          -33.470802477646
        ]
      },
      "properties": {
        "fecha_extraccion": "2025-11-29 18:02:18",
        "comuna": "Estación Central",
        "tipo_propiedad": "casa",
        "titulo": "Casa En Buen Estado Con Amplio Terreno Y Estacionamiento.",
        "precio": "4574",
        "moneda": "CLF",
        "dormitorios": "3 dormitorios",
        "banos": "1 baño",
        "metros_utiles": "129 m² útiles",
        "caracteristicas_raw": "3 dormitorios | 1 baño | 129 m² útiles",
        "ubicacion": "Sta. Margarita 1800 - 2100, Estación Central, Nogales - San Eugenio, Estación Central",
        "url": "",
        "direccion_geocoded": "Sta. Margarita 1800 - 2100, Estación Central, Santiago, Chile"
      }
    },
    {
      "type": "Feature",
      "geometry": {
        "type": "Point",
        "coordinates": [
          -70.676866476739,
          -33.47168198017
        ]
      },
      "properties": {
        "fecha_extraccion": "2025-11-29 18:02:18",
        "comuna": "Estación Central",
        "tipo_propiedad": "casa",
        "titulo": "Ramón Subercaseaux/santa Margarita/alberto Hurtado/av.buzeta",
        "precio": "4574",
        "moneda": "CLF",
        "dormitorios": "3 dormitorios",
        "banos": "1 baño",
        "metros_utiles": "129 m² útiles",
        "caracteristicas_raw": "3 dormitorios | 1 baño | 129 m² útiles",
        "ubicacion": "Sta. Margarita 1869, Estación Central, Nogales - San Eugenio, Estación Central",
        "url": "",
        "direccion_geocoded": "Sta. Margarita 1869, Estación Central, Santiago, Chile"
      }
    },
    {
      "type": "Feature",
      "geometry": {
        "type": "Point",
        "coordinates": [
          -70.6984636,
          -33.4593631
        ]
      },
      "properties": {
        "fecha_extraccion": "2025-11-29 18:02:18",
        "comuna": "Estación Central",
        "tipo_propiedad": "casa",
        "titulo": "Casa En Venta De 18 Dorm. En Estación Central",
        "precio": "200000000",
        "moneda": "CLP",
        "dormitorios": "18 dormitorios",
        "banos": "18 baños",
        "metros_utiles": "134 m² útiles",
        "caracteristicas_raw": "18 dormitorios | 18 baños | 134 m² útiles",
        "ubicacion": "Atahualpa Estación Central, Nogales - San Eugenio, Estación Central",
        "url": "",
        "direccion_geocoded": "Atahualpa Estación Central, Estación Central, Santiago, Chile"
      }
    },
    {
      "type": "Feature",
      "geometry": {
        "type": "Point",
        "coordinates": [
          -70.697186932414,
          -33.467775680304
        ]
      },
      "properties": {
        "fecha_extraccion": "2025-11-29 18:02:18",
        "comuna": "Estación Central",
        "tipo_propiedad": "casa",
        "titulo": "Casa En Venta De 2 Dorm. En Estación Central",
        "precio": "2100",
        "moneda": "CLF",
        "dormitorios": "2 dormitorios",
        "banos": "1 baño",
        "metros_utiles": "57 m² útiles",
        "caracteristicas_raw": "2 dormitorios | 1 baño | 57 m² útiles",
        "ubicacion": "Guillermo Franke / Capitán Gálvez, Nogales - San Eugenio, Estación Central",
        "url": "",
        "direccion_geocoded": "Guillermo Franke / Capitán Gálvez, Estación Central, Santiago, Chile"
      }
    },
    {
      "type": "Feature",
      "geometry": {
        "type": "Point",
        "coordinates": [
          -70.698543715332,
          -33.455503260194
        ]
      },
      "properties": {
        "fecha_extraccion": "2025-11-29 18:02:18",
        "comuna": "Estación Central",
        "tipo_propiedad": "casa",
        "titulo": "Carlota Carrasco // Estacion De Metro Ecuador",
        "precio": "225000000",
        "moneda": "CLP",
        "dormitorios": "6 dormitorios",
        "banos": "3 baños",
        "metros_utiles": "145 m² útiles",
        "caracteristicas_raw": "6 dormitorios | 3 baños | 145 m² útiles",
        "ubicacion": "Carlota Carrasco 1 - 300, Estación Central, Metro Ecuador, Estación Central",
        "url": "",
        "direccion_geocoded": "Carlota Carrasco 1 - 300, Estación Central, Santiago, Chile"
      }
    },
    {
      "type": "Feature",
      "geometry": {
        "type": "Point",
        "coordinates": [
          -70.702114797595,
          -33.453386594615
        ]
      },
      "properties": {
        "fecha_extraccion": "2025-11-29 18:02:18",
        "comuna": "Estación Central",
        "tipo_propiedad": "casa",
        "titulo": "Amplia Casa En Microbarrio Con Gran Galpón!",
        "precio": "6600",
        "moneda": "CLF",
        "dormitorios": "5 dormitorios",
        "banos": "2 baños",
        "metros_utiles": "181 m² útiles",
        "caracteristicas_raw": "5 dormitorios | 2 baños | 181 m² útiles",
        "ubicacion": "Victoria, 1 - 300, Metro Las Rejas, Estación Central",
        "url": "",
        "direccion_geocoded": "Victoria, Estación Central, Santiago, Chile"
      }
    },
    {
      "type": "Feature",
      "geometry": {
        "type": "Point",
        "coordinates": [
          -70.713213175,
          -33.458617911353
        ]
      },
      "properties": {
        "fecha_extraccion": "2025-11-29 18:02:18",
        "comuna": "Estación Central",
        "tipo_propiedad": "casa",
        "titulo": "Espectacular! Casa En Venta",
        "precio": "285000000",
        "moneda": "CLP",
        "dormitorios": "5 dormitorios",
        "banos": "3 baños",
        "metros_utiles": "172 m² útiles",
        "caracteristicas_raw": "5 dormitorios | 3 baños | 172 m² útiles",
        "ubicacion": "Av. Gladys Marín Millie 6647, Estación Central, Metro Pajaritos, Estación Central",
        "url": "",
        "direccion_geocoded": "Av. Gladys Marín Millie 6647, Estación Central, Santiago, Chile"
      }
    },
    {
      "type": "Feature",
      "geometry": {
        "type": "Point",
        "coordinates": [
          -70.721656011244,
          -33.460150846757
        ]
      },
      "properties": {
        "fecha_extraccion": "2025-11-29 18:02:18",
        "comuna": "Estación Central",
        "tipo_propiedad": "casa",
        "titulo": "Amplia Casa A Pasos Del Metro Pajaritos, Rebajada!!",
        "precio": "5200",
        "moneda": "CLF",
        "dormitorios": "6 dormitorios",
        "banos": "3 baños",
        "metros_utiles": "107 m² útiles",
        "caracteristicas_raw": "6 dormitorios | 3 baños | 107 m² útiles",
        "ubicacion": "Laguna Peñuelas, Santiago, Estación Central, Chile, Metro Pajaritos, Estación Central",
        "url": "",
        "direccion_geocoded": "Laguna Peñuelas, Estación Central, Santiago, Chile"
      }
    },
    {
      "type": "Feature",
      "geometry": {
        "type": "Point",
        "coordinates": [
          -70.721656011244,
          -33.460150846757
        ]
      },
      "properties": {
        "fecha_extraccion": "2025-11-29 18:02:18",
        "comuna": "Estación Central",
        "tipo_propiedad": "casa",
        "titulo": "Casa Amplia A Pasos Del Metro Pajaritos, Rebajada!!",
        "precio": "5200",
        "moneda": "CLF",
        "dormitorios": "6 dormitorios",
        "banos": "3 baños",
        "metros_utiles": "107 m² útiles",
        "caracteristicas_raw": "6 dormitorios | 3 baños | 107 m² útiles",
        "ubicacion": "Laguna Peñuelas, Santiago, Estación Central, Chile, Metro Pajaritos, Estación Central",
        "url": "",
        "direccion_geocoded": "Laguna Peñuelas, Estación Central, Santiago, Chile"
      }
    },
    {
      "type": "Feature",
      "geometry": {
        "type": "Point",
        "coordinates": [
          -70.69529931446,
          -33.452881199618
        ]
      },
      "properties": {
        "fecha_extraccion": "2025-11-29 18:02:18",
        "comuna": "Estación Central",
        "tipo_propiedad": "casa",
        "titulo": "Excelente Propiedad En Estacion Central",
        "precio": "10165",
        "moneda": "CLF",
        "dormitorios": "",
        "banos": "",
        "metros_utiles": "346 m² útiles",
        "caracteristicas_raw": "346 m² útiles",
        "ubicacion": "Placilla, 1 - 300, San Alberto Hurtado, Estación Central",
        "url": "",
        "direccion_geocoded": "Placilla, Estación Central, Santiago, Chile"
      }
    },
    {
      "type": "Feature",
      "geometry": {
        "type": "Point",
        "coordinates": [
          -70.696342986703,
          -33.471378292445
        ]
      },
      "properties": {
        "fecha_extraccion": "2025-11-29 18:02:18",
        "comuna": "Estación Central",
        "tipo_propiedad": "casa",
        "titulo": "Venta De Casa Con Gran Terreno Solida. Cod. 4521",
        "precio": "80000000",
        "moneda": "CLP",
        "dormitorios": "3 dormitorios",
        "banos": "1 baño",
        "metros_utiles": "85 m² útiles",
        "caracteristicas_raw": "3 dormitorios | 1 baño | 85 m² útiles",
        "ubicacion": "Los Pingüinos 4500 - 4800, Santiago, Estación Central, Nogales - San Eugenio, Estación Central",
        "url": "",
        "direccion_geocoded": "Los Pingüinos 4500 - 4800, Estación Central, Santiago, Chile"
      }
    },
    {
      "type": "Feature",
      "geometry": {
        "type": "Point",
        "coordinates": [
          -70.698280982067,
          -33.464371200402
        ]
      },
      "properties": {
        "fecha_extraccion": "2025-11-29 18:02:18",
        "comuna": "Estación Central",
        "tipo_propiedad": "casa",
        "titulo": "Casa En Venta En Nogales San Eugenio",
        "precio": "140000000",
        "moneda": "CLP",
        "dormitorios": "2 dormitorios",
        "banos": "2 baños",
        "metros_utiles": "86 m² útiles",
        "caracteristicas_raw": "2 dormitorios | 2 baños | 86 m² útiles",
        "ubicacion": "Padre Jaime Larraín Hurtado 202, Santiago, Estación Central, Chile, Nogales - San Eugenio, Estación Central",
        "url": "",
        "direccion_geocoded": "Padre Jaime Larraín Hurtado 202, Estación Central, Santiago, Chile"
      }
    },
    {
      "type": "Feature",
      "geometry": {
        "type": "Point",
        "coordinates": [
          -70.676868572215,
          -33.471591790892
        ]
      },
      "properties": {
        "fecha_extraccion": "2025-11-29 18:02:18",
        "comuna": "Estación Central",
        "tipo_propiedad": "casa",
        "titulo": "Casa En Venta En Santa Margarita Estacion Central",
        "precio": "4150",
        "moneda": "CLF",
        "dormitorios": "3 dormitorios",
        "banos": "1 baño",
        "metros_utiles": "220 m² útiles",
        "caracteristicas_raw": "3 dormitorios | 1 baño | 220 m² útiles",
        "ubicacion": "Sta. Margarita 1867, Estación Central, Nogales - San Eugenio, Estación Central",
        "url": "",
        "direccion_geocoded": "Sta. Margarita 1867, Estación Central, Santiago, Chile"
      }
    },
    {
      "type": "Feature",
      "geometry": {
        "type": "Point",
        "coordinates": [
          -70.68393812081,
          -33.449463692237
        ]
      },
      "properties": {
        "fecha_extraccion": "2025-11-29 18:02:18",
        "comuna": "Estación Central",
        "tipo_propiedad": "casa",
        "titulo": "Oportunidad Casa En Venta De 4 Dorm. En Estación Central",
        "precio": "115000000",
        "moneda": "CLP",
        "dormitorios": "4 dormitorios",
        "banos": "2 baños",
        "metros_utiles": "100 m² útiles",
        "caracteristicas_raw": "4 dormitorios | 2 baños | 100 m² útiles",
        "ubicacion": "El Belloto Con Las Sophoras, Universidad De Santiago, Estación Central",
        "url": "",
        "direccion_geocoded": "El Belloto Con Las Sophoras, Estación Central, Santiago, Chile"
      }
    },
    {
      "type": "Feature",
      "geometry": {
        "type": "Point",
        "coordinates": [
          -70.686848029953,
          -33.45566264575
        ]
      },
      "properties": {
        "fecha_extraccion": "2025-11-29 18:02:18",
        "comuna": "Estación Central",
        "tipo_propiedad": "casa",
        "titulo": "Casa En Venta. Calle Ruiz Tagle, Estación Central.",
        "precio": "87000000",
        "moneda": "CLP",
        "dormitorios": "2 dormitorios",
        "banos": "1 baño",
        "metros_utiles": "82 m² útiles",
        "caracteristicas_raw": "2 dormitorios | 1 baño | 82 m² útiles",
        "ubicacion": "Calle Ruiz Tagle. Estación Central. A Solo Minutos Del Metro San Alberto Hurtado., Nogales - San Eugenio, Estación Central",
        "url": "",
        "direccion_geocoded": "Calle Ruiz Tagle. Estación Central. A Solo Minutos Del San Alberto Hurtado., Estación Central, Santiago, Chile"
      }
    },
    {
      "type": "Feature",
      "geometry": {
        "type": "Point",
        "coordinates": [
          -70.695985681701,
          -33.460566403093
        ]
      },
      "properties": {
        "fecha_extraccion": "2025-11-29 18:02:18",
        "comuna": "Estación Central",
        "tipo_propiedad": "casa",
        "titulo": "Casa En Venta De 3 Dorm. En Estación Central",
        "precio": "117500000",
        "moneda": "CLP",
        "dormitorios": "3 dormitorios",
        "banos": "1 baño",
        "metros_utiles": "100 m² útiles",
        "caracteristicas_raw": "3 dormitorios | 1 baño | 100 m² útiles",
        "ubicacion": "Av 5 De Abril Con General Amengual, Estación Central",
        "url": "",
        "direccion_geocoded": "Av 5 De Abril Con General Amengual, Estación Central, Santiago, Chile"
      }
    },
    {
      "type": "Feature",
      "geometry": {
        "type": "Point",
        "coordinates": [
          -70.68752598396,
          -33.461011502703
        ]
      },
      "properties": {
        "fecha_extraccion": "2025-11-29 18:02:18",
        "comuna": "Estación Central",
        "tipo_propiedad": "casa",
        "titulo": "Casa Uno Poniente Id: 155880",
        "precio": "102000000",
        "moneda": "CLP",
        "dormitorios": "4 dormitorios",
        "banos": "2 baños",
        "metros_utiles": "112 m² útiles",
        "caracteristicas_raw": "4 dormitorios | 2 baños | 112 m² útiles",
        "ubicacion": "Uno Poniente, Nogales - San Eugenio, Estación Central",
        "url": "",
        "direccion_geocoded": "Uno Poniente, Estación Central, Santiago, Chile"
      }
    },
    {
      "type": "Feature",
      "geometry": {
        "type": "Point",
        "coordinates": [
          -70.697937447482,
          -33.46585616461
        ]
      },
      "properties": {
        "fecha_extraccion": "2025-11-29 18:02:18",
        "comuna": "Estación Central",
        "tipo_propiedad": "casa",
        "titulo": "Casa Ramón Rivas Id: 124852",
        "precio": "145000000",
        "moneda": "CLP",
        "dormitorios": "3 dormitorios",
        "banos": "1 baño",
        "metros_utiles": "100 m² útiles",
        "caracteristicas_raw": "3 dormitorios | 1 baño | 100 m² útiles",
        "ubicacion": "Ramón Rivas, Nogales - San Eugenio, Estación Central",
        "url": "",
        "direccion_geocoded": "Ramón Rivas, Estación Central, Santiago, Chile"
      }
    },
    {
      "type": "Feature",
      "geometry": {
        "type": "Point",
        "coordinates": [
          -70.698524765646,
          -33.467741303972
        ]
      },
      "properties": {
        "fecha_extraccion": "2025-11-29 18:02:18",
        "comuna": "Estación Central",
        "tipo_propiedad": "casa",
        "titulo": "Casa Padre Jaime Larraín Hurtado Id: 85520",
        "precio": "150000000",
        "moneda": "CLP",
        "dormitorios": "2 dormitorios",
        "banos": "2 baños",
        "metros_utiles": "105 m² útiles",
        "caracteristicas_raw": "2 dormitorios | 2 baños | 105 m² útiles",
        "ubicacion": "Padre Jaime Larraín Hurtado, Nogales - San Eugenio, Estación Central",
        "url": "",
        "direccion_geocoded": "Padre Jaime Larraín Hurtado, Estación Central, Santiago, Chile"
      }
    },
    {
      "type": "Feature",
      "geometry": {
        "type": "Point",
        "coordinates": [
          -70.682152360825,
          -33.473529445326
        ]
      },
      "properties": {
        "fecha_extraccion": "2025-11-29 18:02:18",
        "comuna": "Estación Central",
        "tipo_propiedad": "casa",
        "titulo": "Casa Avenida Buzeta Id: 137059",
        "precio": "130000000",
        "moneda": "CLP",
        "dormitorios": "2 dormitorios",
        "banos": "2 baños",
        "metros_utiles": "100 m² útiles",
        "caracteristicas_raw": "2 dormitorios | 2 baños | 100 m² útiles",
        "ubicacion": "Avenida Buzeta, Nogales - San Eugenio, Estación Central",
        "url": "",
        "direccion_geocoded": "Avenida Buzeta, Estación Central, Santiago, Chile"
      }
    },
    {
      "type": "Feature",
      "geometry": {
        "type": "Point",
        "coordinates": [
          -70.718083364687,
          -33.471185226121
        ]
      },
      "properties": {
        "fecha_extraccion": "2025-11-29 18:02:18",
        "comuna": "Estación Central",
        "tipo_propiedad": "casa",
        "titulo": "Casa Quemchi Id: 156008",
        "precio": "180000000",
        "moneda": "CLP",
        "dormitorios": "4 dormitorios",
        "banos": "2 baños",
        "metros_utiles": "120 m² útiles",
        "caracteristicas_raw": "4 dormitorios | 2 baños | 120 m² útiles",
        "ubicacion": "Quemchi, Villa Francia, Estación Central",
        "url": "",
        "direccion_geocoded": "Quemchi, Estación Central, Santiago, Chile"
      }
    },
    {
      "type": "Feature",
      "geometry": {
        "type": "Point",
        "coordinates": [
          -70.69529931446,
          -33.452881199618
        ]
      },
      "properties": {
        "fecha_extraccion": "2025-11-29 18:02:18",
        "comuna": "Estación Central",
        "tipo_propiedad": "casa",
        "titulo": "Casa Placilla Id: 161167",
        "precio": "190000000",
        "moneda": "CLP",
        "dormitorios": "5 dormitorios",
        "banos": "2 baños",
        "metros_utiles": "192 m² útiles",
        "caracteristicas_raw": "5 dormitorios | 2 baños | 192 m² útiles",
        "ubicacion": "Placilla, San Alberto Hurtado, Estación Central",
        "url": "",
        "direccion_geocoded": "Placilla, Estación Central, Santiago, Chile"
      }
    },
    {
      "type": "Feature",
      "geometry": {
        "type": "Point",
        "coordinates": [
          -70.692549,
          -33.469935
        ]
      },
      "properties": {
        "fecha_extraccion": "2025-11-29 18:02:18",
        "comuna": "Estación Central",
        "tipo_propiedad": "casa",
        "titulo": "Casa En Venta De 9 Dorm. En Estación Central",
        "precio": "110000000",
        "moneda": "CLP",
        "dormitorios": "9 dormitorios",
        "banos": "2 baños",
        "metros_utiles": "180 m² útiles",
        "caracteristicas_raw": "9 dormitorios | 2 baños | 180 m² útiles",
        "ubicacion": "En Venta Casa De 1 Piso En Población Los Nogales, Nogales - San Eugenio, Estación Central",
        "url": "",
        "direccion_geocoded": "En Venta Casa De 1 Piso En Población Los Nogales, Estación Central, Santiago, Chile"
      }
    },
    {
      "type": "Feature",
      "geometry": {
        "type": "Point",
        "coordinates": [
          -70.67035,
          -33.4718547
        ]
      },
      "properties": {
        "fecha_extraccion": "2025-11-29 18:02:18",
        "comuna": "Estación Central",
        "tipo_propiedad": "casa",
        "titulo": "Venta De Casa Remodelada Barrio Estacion Central",
        "precio": "7450",
        "moneda": "CLF",
        "dormitorios": "5 dormitorios",
        "banos": "2 baños",
        "metros_utiles": "170 m² útiles",
        "caracteristicas_raw": "5 dormitorios | 2 baños | 170 m² útiles",
        "ubicacion": "Nogales - San Eugenio, Estación Central",
        "url": "",
        "direccion_geocoded": "Nogales - San Eugenio, Estación Central, Santiago, Chile"
      }
    },
    {
      "type": "Feature",
      "geometry": {
        "type": "Point",
        "coordinates": [
          -70.6984636,
          -33.4593631
        ]
      },
      "properties": {
        "fecha_extraccion": "2025-11-29 18:02:36",
        "comuna": "Estación Central",
        "tipo_propiedad": "casa",
        "titulo": "Vendo Casa Oportunidad, Buena Ubicación En Plena Avenida.",
        "precio": "3049",
        "moneda": "CLF",
        "dormitorios": "3 dormitorios",
        "banos": "1 baño",
        "metros_utiles": "65 m² útiles",
        "caracteristicas_raw": "3 dormitorios | 1 baño | 65 m² útiles",
        "ubicacion": "Vendo Casa Habitación, Compacta Y Muy Acogedora., Metro Pajaritos, Estación Central",
        "url": "",
        "direccion_geocoded": "Vendo Casa Habitación, Estación Central, Santiago, Chile"
      }
    },
    {
      "type": "Feature",
      "geometry": {
        "type": "Point",
        "coordinates": [
          -70.706926077002,
          -33.46466129807
        ]
      },
      "properties": {
        "fecha_extraccion": "2025-11-29 18:02:36",
        "comuna": "Estación Central",
        "tipo_propiedad": "casa",
        "titulo": "Casa En Venta En Metro Las Rejas",
        "precio": "140000000",
        "moneda": "CLP",
        "dormitorios": "6 dormitorios",
        "banos": "3 baños",
        "metros_utiles": "166 m² útiles",
        "caracteristicas_raw": "6 dormitorios | 3 baños | 166 m² útiles",
        "ubicacion": "Los Alerces 313, 9.1902e+06 - 9.1905e+06 Santiago, Estación Central, Región Metropolitana, Chile, Metro Las Rejas, Estación Central",
        "url": "",
        "direccion_geocoded": "Los Alerces 313, Estación Central, Santiago, Chile"
      }
    },
    {
      "type": "Feature",
      "geometry": {
        "type": "Point",
        "coordinates": [
          -70.685458681865,
          -33.472337885048
        ]
      },
      "properties": {
        "fecha_extraccion": "2025-11-29 18:02:36",
        "comuna": "Estación Central",
        "tipo_propiedad": "casa",
        "titulo": "Hermosa Casa 3d 1b 1e Valentín Martínez, Estación Central",
        "precio": "150000000",
        "moneda": "CLP",
        "dormitorios": "3 dormitorios",
        "banos": "1 baño",
        "metros_utiles": "150 m² útiles",
        "caracteristicas_raw": "3 dormitorios | 1 baño | 150 m² útiles",
        "ubicacion": "Hermosa Casa 3D 1B 1E Valentín Martínez, Estación Central, Nogales - San Eugenio, Estación Central",
        "url": "",
        "direccion_geocoded": "Hermosa Casa 3D 1B 1E Valentín Martínez, Estación Central, Santiago, Chile"
      }
    },
    {
      "type": "Feature",
      "geometry": {
        "type": "Point",
        "coordinates": [
          -70.707056390816,
          -33.46146347146
        ]
      },
      "properties": {
        "fecha_extraccion": "2025-11-29 18:02:36",
        "comuna": "Estación Central",
        "tipo_propiedad": "casa",
        "titulo": "Venta Casa 3d3b Estacion Central",
        "precio": "130000000",
        "moneda": "CLP",
        "dormitorios": "3 dormitorios",
        "banos": "3 baños",
        "metros_utiles": "134 m² totales",
        "caracteristicas_raw": "3 dormitorios | 3 baños | 134 m² totales",
        "ubicacion": "CALLE LOS ALERCES, Metro Las Rejas, Estación Central",
        "url": "",
        "direccion_geocoded": "CALLE LOS ALERCES, Estación Central, Santiago, Chile"
      }
    },
    {
      "type": "Feature",
      "geometry": {
        "type": "Point",
        "coordinates": [
          -70.708416826925,
          -33.467035491376
        ]
      },
      "properties": {
        "fecha_extraccion": "2025-11-29 18:02:36",
        "comuna": "Estación Central",
        "tipo_propiedad": "casa",
        "titulo": "Casa 3 Dormitorios 1 Baño, Sevilla Estación Central",
        "precio": "140000000",
        "moneda": "CLP",
        "dormitorios": "3 dormitorios",
        "banos": "1 baño",
        "metros_utiles": "115 m² útiles",
        "caracteristicas_raw": "3 dormitorios | 1 baño | 115 m² útiles",
        "ubicacion": "Sevilla 462, Estación Central, Villa Francia, Estación Central",
        "url": "",
        "direccion_geocoded": "Sevilla 462, Estación Central, Santiago, Chile"
      }
    },
    {
      "type": "Feature",
      "geometry": {
        "type": "Point",
        "coordinates": [
          -70.6984636,
          -33.4593631
        ]
      },
      "properties": {
        "fecha_extraccion": "2025-11-29 18:02:36",
        "comuna": "Estación Central",
        "tipo_propiedad": "casa",
        "titulo": "Casa En Venta En Nogales San Eugenio Estación Central",
        "precio": "130000000",
        "moneda": "CLP",
        "dormitorios": "2 dormitorios",
        "banos": "2 baños",
        "metros_utiles": "100 m² útiles",
        "caracteristicas_raw": "2 dormitorios | 2 baños | 100 m² útiles",
        "ubicacion": "MUY BIEN TENIDA, Nogales - San Eugenio, Estación Central",
        "url": "",
        "direccion_geocoded": "MUY BIEN TENIDA, Estación Central, Santiago, Chile"
      }
    },
    {
      "type": "Feature",
      "geometry": {
        "type": "Point",
        "coordinates": [
          -70.702656670801,
          -33.461864843714
        ]
      },
      "properties": {
        "fecha_extraccion": "2025-11-29 18:02:36",
        "comuna": "Estación Central",
        "tipo_propiedad": "casa",
        "titulo": "Casa En Venta De 8 Dorm. En Estación Central",
        "precio": "3800",
        "moneda": "CLF",
        "dormitorios": "8 dormitorios",
        "banos": "3 baños",
        "metros_utiles": "119 m² útiles",
        "caracteristicas_raw": "8 dormitorios | 3 baños | 119 m² útiles",
        "ubicacion": "Los Gladiolos, Metro Las Rejas, Estación Central",
        "url": "",
        "direccion_geocoded": "Los Gladiolos, Estación Central, Santiago, Chile"
      }
    },
    {
      "type": "Feature",
      "geometry": {
        "type": "Point",
        "coordinates": [
          -70.713134971779,
          -33.471800206914
        ]
      },
      "properties": {
        "fecha_extraccion": "2025-11-29 18:02:36",
        "comuna": "Estación Central",
        "tipo_propiedad": "casa",
        "titulo": "Se Vende Amplia Casa Estacion Central",
        "precio": "140000000",
        "moneda": "CLP",
        "dormitorios": "3 dormitorios",
        "banos": "2 baños",
        "metros_utiles": "120 m² útiles",
        "caracteristicas_raw": "3 dormitorios | 2 baños | 120 m² útiles",
        "ubicacion": "Yelcho 5659, Villa Francia, Estación Central",
        "url": "",
        "direccion_geocoded": "Yelcho 5659, Estación Central, Santiago, Chile"
      }
    },
    {
      "type": "Feature",
      "geometry": {
        "type": "Point",
        "coordinates": [
          -70.6843,
          -33.4575
        ]
      },
      "properties": {
        "fecha_extraccion": "2025-11-29 18:02:36",
        "comuna": "Estación Central",
        "tipo_propiedad": "casa",
        "titulo": "Venta De Casa En Jotabeche, 340 Mts Totales, Potencial Para",
        "precio": "5423",
        "moneda": "CLF",
        "dormitorios": "4 dormitorios",
        "banos": "2 baños",
        "metros_utiles": "122 m² útiles",
        "caracteristicas_raw": "4 dormitorios | 2 baños | 122 m² útiles",
        "ubicacion": "Jotabeche / Arica, Nogales - San Eugenio, Estación Central",
        "url": "",
        "direccion_geocoded": "Jotabeche / Arica, Estación Central, Santiago, Chile"
      }
    },
    {
      "type": "Feature",
      "geometry": {
        "type": "Point",
        "coordinates": [
          -70.693127201262,
          -33.45027371936
        ]
      },
      "properties": {
        "fecha_extraccion": "2025-11-29 18:02:36",
        "comuna": "Estación Central",
        "tipo_propiedad": "casa",
        "titulo": "Se Vende Propiedad Estacion Central",
        "precio": "8800",
        "moneda": "CLF",
        "dormitorios": "10 dormitorios",
        "banos": "2 baños",
        "metros_utiles": "219 m² útiles",
        "caracteristicas_raw": "10 dormitorios | 2 baños | 219 m² útiles",
        "ubicacion": "Buzo Sobenes 4242, San Alberto Hurtado, Estación Central",
        "url": "",
        "direccion_geocoded": "Buzo Sobenes 4242, Estación Central, Santiago, Chile"
      }
    },
    {
      "type": "Feature",
      "geometry": {
        "type": "Point",
        "coordinates": [
          -70.683921273185,
          -33.451989997854
        ]
      },
      "properties": {
        "fecha_extraccion": "2025-11-29 18:02:36",
        "comuna": "Estación Central",
        "tipo_propiedad": "casa",
        "titulo": "Casa Usada En Venta Estacion Central Con 6 D 2 B Al Contado",
        "precio": "72000000",
        "moneda": "CLP",
        "dormitorios": "6 dormitorios",
        "banos": "2 baños",
        "metros_utiles": "75 m² útiles",
        "caracteristicas_raw": "6 dormitorios | 2 baños | 75 m² útiles",
        "ubicacion": "Av. Libertador Bernardo O'Higgins 3523, Universidad De Santiago, Estación Central",
        "url": "",
        "direccion_geocoded": "Av. Libertador Bernardo O'Higgins 3523, Estación Central, Santiago, Chile"
      }
    },
    {
      "type": "Feature",
      "geometry": {
        "type": "Point",
        "coordinates": [
          -70.692241234096,
          -33.454557500526
        ]
      },
      "properties": {
        "fecha_extraccion": "2025-11-29 18:02:36",
        "comuna": "Estación Central",
        "tipo_propiedad": "casa",
        "titulo": "Tu Próximo Hogar Te Espera, Imagina Tardes De Verano Bajo L",
        "precio": "5553",
        "moneda": "CLF",
        "dormitorios": "3 dormitorios",
        "banos": "2 baños",
        "metros_utiles": "120 m² útiles",
        "caracteristicas_raw": "3 dormitorios | 2 baños | 120 m² útiles",
        "ubicacion": "Toro Mazote 5, Estación Central, Chile, San Alberto Hurtado, Estación Central",
        "url": "",
        "direccion_geocoded": "Toro Mazote 5, Estación Central, Santiago, Chile"
      }
    },
    {
      "type": "Feature",
      "geometry": {
        "type": "Point",
        "coordinates": [
          -70.688711614669,
          -33.455736918121
        ]
      },
      "properties": {
        "fecha_extraccion": "2025-11-29 18:02:36",
        "comuna": "Estación Central",
        "tipo_propiedad": "casa",
        "titulo": "Nicasio Retamales Piso 9 - Opcional Estacionamiento",
        "precio": "1550",
        "moneda": "CLF",
        "dormitorios": "1 dormitorio",
        "banos": "1 baño",
        "metros_utiles": "30 m² útiles",
        "caracteristicas_raw": "1 dormitorio | 1 baño | 30 m² útiles",
        "ubicacion": "Nicasio Retamales 115, Santiago, Estación Central, Chile, San Alberto Hurtado, Estación Central",
        "url": "",
        "direccion_geocoded": "Nicasio Retamales 115, Estación Central, Santiago, Chile"
      }
    },
    {
      "type": "Feature",
      "geometry": {
        "type": "Point",
        "coordinates": [
          -70.712527160421,
          -33.471339204976
        ]
      },
      "properties": {
        "fecha_extraccion": "2025-11-29 18:02:36",
        "comuna": "Estación Central",
        "tipo_propiedad": "casa",
        "titulo": "Casa Venta Estación Central ",
        "precio": "100000000",
        "moneda": "CLP",
        "dormitorios": "3 dormitorios",
        "banos": "1 baño",
        "metros_utiles": "162 m² totales",
        "caracteristicas_raw": "3 dormitorios | 1 baño | 162 m² totales",
        "ubicacion": "Chapo 5933, Estación Central, Chile, Villa Francia, Estación Central",
        "url": "",
        "direccion_geocoded": "Chapo 5933, Estación Central, Santiago, Chile"
      }
    },
    {
      "type": "Feature",
      "geometry": {
        "type": "Point",
        "coordinates": [
          -70.689818637788,
          -33.451769900809
        ]
      },
      "properties": {
        "fecha_extraccion": "2025-11-29 18:02:36",
        "comuna": "Estación Central",
        "tipo_propiedad": "casa",
        "titulo": "Oportunidad Única  Terreno De 284 M² En Zona Estratégica ",
        "precio": "255000000",
        "moneda": "CLP",
        "dormitorios": "4 dormitorios",
        "banos": "2 baños",
        "metros_utiles": "271 m² útiles",
        "caracteristicas_raw": "4 dormitorios | 2 baños | 271 m² útiles",
        "ubicacion": "Nicasio Retamales, Nogales - San Eugenio, Estación Central",
        "url": "",
        "direccion_geocoded": "Nicasio Retamales, Estación Central, Santiago, Chile"
      }
    },
    {
      "type": "Feature",
      "geometry": {
        "type": "Point",
        "coordinates": [
          -70.703535094253,
          -33.451230597427
        ]
      },
      "properties": {
        "fecha_extraccion": "2025-11-29 18:02:36",
        "comuna": "Estación Central",
        "tipo_propiedad": "casa",
        "titulo": "Venta Casa Grande En Estación Central",
        "precio": "4953",
        "moneda": "CLF",
        "dormitorios": "2 dormitorios",
        "banos": "1 baño",
        "metros_utiles": "10.713 m² útiles",
        "caracteristicas_raw": "2 dormitorios | 1 baño | 10.713 m² útiles",
        "ubicacion": "Francisco Zelada 122, Santiago, Estación Central, Chile, Metro Ecuador, Estación Central",
        "url": "",
        "direccion_geocoded": "Francisco Zelada 122, Estación Central, Santiago, Chile"
      }
    },
    {
      "type": "Feature",
      "geometry": {
        "type": "Point",
        "coordinates": [
          -70.713013432698,
          -33.465616638797
        ]
      },
      "properties": {
        "fecha_extraccion": "2025-11-29 18:02:36",
        "comuna": "Estación Central",
        "tipo_propiedad": "casa",
        "titulo": "Casa En Venta, 202 Mts2 Terreno,  Estación Central $135 Mill",
        "precio": "135000000",
        "moneda": "CLP",
        "dormitorios": "3 dormitorios",
        "banos": "1 baño",
        "metros_utiles": "78 m² útiles",
        "caracteristicas_raw": "3 dormitorios | 1 baño | 78 m² útiles",
        "ubicacion": "SOLNA, Metro Pajaritos, Estación Central",
        "url": "",
        "direccion_geocoded": "SOLNA, Estación Central, Santiago, Chile"
      }
    },
    {
      "type": "Feature",
      "geometry": {
        "type": "Point",
        "coordinates": [
          -70.703604999326,
          -33.456023998305
        ]
      },
      "properties": {
        "fecha_extraccion": "2025-11-29 18:02:36",
        "comuna": "Estación Central",
        "tipo_propiedad": "casa",
        "titulo": "Se Vende Casa En Metro Las Rejas",
        "precio": "104000000",
        "moneda": "CLP",
        "dormitorios": "2 dormitorios",
        "banos": "1 baño",
        "metros_utiles": "90 m² totales",
        "caracteristicas_raw": "2 dormitorios | 1 baño | 90 m² totales",
        "ubicacion": "Pablo Neruda, Metro Las Rejas, Estación Central",
        "url": "",
        "direccion_geocoded": "Pablo Neruda, Estación Central, Santiago, Chile"
      }
    },
    {
      "type": "Feature",
      "geometry": {
        "type": "Point",
        "coordinates": [
          -70.706395167255,
          -33.4733371965
        ]
      },
      "properties": {
        "fecha_extraccion": "2025-11-29 18:02:36",
        "comuna": "Estación Central",
        "tipo_propiedad": "casa",
        "titulo": "Se Vende Casa Esquina Estacion Central &quot;oportunidad Reb",
        "precio": "80000000",
        "moneda": "CLP",
        "dormitorios": "3 dormitorios",
        "banos": "1 baño",
        "metros_utiles": "60 m² útiles",
        "caracteristicas_raw": "3 dormitorios | 1 baño | 60 m² útiles",
        "ubicacion": "Llancahue 802, Villa Francia, Estación Central",
        "url": "",
        "direccion_geocoded": "Llancahue 802, Estación Central, Santiago, Chile"
      }
    },
    {
      "type": "Feature",
      "geometry": {
        "type": "Point",
        "coordinates": [
          -70.68924478753,
          -33.459119518967
        ]
      },
      "properties": {
        "fecha_extraccion": "2025-11-29 18:02:36",
        "comuna": "Estación Central",
        "tipo_propiedad": "casa",
        "titulo": "Vendo Casa Amplia 8 Dorm, 1 Galpon Y 1 Estc/estación Central",
        "precio": "189000000",
        "moneda": "CLP",
        "dormitorios": "8 dormitorios",
        "banos": "3 baños",
        "metros_utiles": "325 m² útiles",
        "caracteristicas_raw": "8 dormitorios | 3 baños | 325 m² útiles",
        "ubicacion": "Vendo Casa 325 M2 De 5 Dorm Con Galpon/taller/Metro San Alberto Hurtado, Estación Central",
        "url": "",
        "direccion_geocoded": "Vendo Casa 325 M2 De 5 Dorm Con Galpon/taller/ San Alberto Hurtado, Estación Central, Santiago, Chile"
      }
    },
    {
      "type": "Feature",
      "geometry": {
        "type": "Point",
        "coordinates": [
          -70.705786808723,
          -33.449246852402
        ]
      },
      "properties": {
        "fecha_extraccion": "2025-11-29 18:02:36",
        "comuna": "Estación Central",
        "tipo_propiedad": "casa",
        "titulo": "Pasaje Luis Morales, Estación Central",
        "precio": "153000000",
        "moneda": "CLP",
        "dormitorios": "5 dormitorios",
        "banos": "2 baños",
        "metros_utiles": "75 m² útiles",
        "caracteristicas_raw": "5 dormitorios | 2 baños | 75 m² útiles",
        "ubicacion": "PASAJE LUIS MORALES, ESTACIÓN CENTRAL, Metro Las Rejas, Estación Central",
        "url": "",
        "direccion_geocoded": "PASAJE LUIS MORALES, Estación Central, Santiago, Chile"
      }
    },
    {
      "type": "Feature",
      "geometry": {
        "type": "Point",
        "coordinates": [
          -70.707825893022,
          -33.470989679934
        ]
      },
      "properties": {
        "fecha_extraccion": "2025-11-29 18:02:36",
        "comuna": "Estación Central",
        "tipo_propiedad": "casa",
        "titulo": "Casa En Venta De 2 Dorm. En Estación Central",
        "precio": "119000000",
        "moneda": "CLP",
        "dormitorios": "2 dormitorios",
        "banos": "2 baños",
        "metros_utiles": "103 m² útiles",
        "caracteristicas_raw": "2 dormitorios | 2 baños | 103 m² útiles",
        "ubicacion": "Compu, Villa Francia, Estación Central",
        "url": "",
        "direccion_geocoded": "Compu, Estación Central, Santiago, Chile"
      }
    },
    {
      "type": "Feature",
      "geometry": {
        "type": "Point",
        "coordinates": [
          -70.7107,
          -33.4604
        ]
      },
      "properties": {
        "fecha_extraccion": "2025-11-29 18:02:36",
        "comuna": "Estación Central",
        "tipo_propiedad": "casa",
        "titulo": "Casa En Venta De 3 Dorm. En Estación Central",
        "precio": "150000000",
        "moneda": "CLP",
        "dormitorios": "3 dormitorios",
        "banos": "2 baños",
        "metros_utiles": "60 m² útiles",
        "caracteristicas_raw": "3 dormitorios | 2 baños | 60 m² útiles",
        "ubicacion": "Cercana A Metro Las Rejas, Metro Las Rejas, Estación Central",
        "url": "",
        "direccion_geocoded": "Cercana A Las Rejas, Estación Central, Santiago, Chile"
      }
    },
    {
      "type": "Feature",
      "geometry": {
        "type": "Point",
        "coordinates": [
          -70.700832181937,
          -33.465079303582
        ]
      },
      "properties": {
        "fecha_extraccion": "2025-11-29 18:02:36",
        "comuna": "Estación Central",
        "tipo_propiedad": "casa",
        "titulo": "Casa En Venta En Estación Central",
        "precio": "125000000",
        "moneda": "CLP",
        "dormitorios": "3 dormitorios",
        "banos": "1 baño",
        "metros_utiles": "51 m² útiles",
        "caracteristicas_raw": "3 dormitorios | 1 baño | 51 m² útiles",
        "ubicacion": "San Jorge 275, Estación Central, Nogales - San Eugenio, Estación Central",
        "url": "",
        "direccion_geocoded": "San Jorge 275, Estación Central, Santiago, Chile"
      }
    },
    {
      "type": "Feature",
      "geometry": {
        "type": "Point",
        "coordinates": [
          -70.7107,
          -33.4604
        ]
      },
      "properties": {
        "fecha_extraccion": "2025-11-29 18:02:36",
        "comuna": "Estación Central",
        "tipo_propiedad": "casa",
        "titulo": "Oportunidad En Estación Central  180 M² Totales",
        "precio": "169000000",
        "moneda": "CLP",
        "dormitorios": "3 dormitorios",
        "banos": "1 baño",
        "metros_utiles": "180 m² útiles",
        "caracteristicas_raw": "3 dormitorios | 1 baño | 180 m² útiles",
        "ubicacion": "LAS REJAS, Metro Las Rejas, Estación Central",
        "url": "",
        "direccion_geocoded": "LAS REJAS, Estación Central, Santiago, Chile"
      }
    },
    {
      "type": "Feature",
      "geometry": {
        "type": "Point",
        "coordinates": [
          -70.696522306449,
          -33.453261043957
        ]
      },
      "properties": {
        "fecha_extraccion": "2025-11-29 18:02:36",
        "comuna": "Estación Central",
        "tipo_propiedad": "casa",
        "titulo": "Calle Concón, Estación Central ",
        "precio": "130000000",
        "moneda": "CLP",
        "dormitorios": "4 dormitorios",
        "banos": "1 baño",
        "metros_utiles": "151 m² útiles",
        "caracteristicas_raw": "4 dormitorios | 1 baño | 151 m² útiles",
        "ubicacion": "CALLE CONCÓN, ESTACIÓN CENTRAL, San Alberto Hurtado, Estación Central",
        "url": "",
        "direccion_geocoded": "CALLE CONCÓN, Estación Central, Santiago, Chile"
      }
    },
    {
      "type": "Feature",
      "geometry": {
        "type": "Point",
        "coordinates": [
          -70.6733,
          -33.4762
        ]
      },
      "properties": {
        "fecha_extraccion": "2025-11-29 18:02:36",
        "comuna": "Estación Central",
        "tipo_propiedad": "casa",
        "titulo": "Casa En Venta De 3 Dorm 1 Baño En Estación Central",
        "precio": "128000000",
        "moneda": "CLP",
        "dormitorios": "3 dormitorios",
        "banos": "1 baño",
        "metros_utiles": "123 m² útiles",
        "caracteristicas_raw": "3 dormitorios | 1 baño | 123 m² útiles",
        "ubicacion": "Terminal De Buses, Universidad De Santiago, Estación Central",
        "url": "",
        "direccion_geocoded": "Terminal De Buses, Estación Central, Santiago, Chile"
      }
    },
    {
      "type": "Feature",
      "geometry": {
        "type": "Point",
        "coordinates": [
          -70.7107,
          -33.4604
        ]
      },
      "properties": {
        "fecha_extraccion": "2025-11-29 18:02:36",
        "comuna": "Estación Central",
        "tipo_propiedad": "casa",
        "titulo": "Casa En Venta De 2 Dormitorios En Estación Central",
        "precio": "110000000",
        "moneda": "CLP",
        "dormitorios": "2 dormitorios",
        "banos": "1 baño",
        "metros_utiles": "75 m² útiles",
        "caracteristicas_raw": "2 dormitorios | 1 baño | 75 m² útiles",
        "ubicacion": "Metro Las Rejas, Metro Las Rejas, Estación Central",
        "url": "",
        "direccion_geocoded": "Las Rejas, Estación Central, Santiago, Chile"
      }
    },
    {
      "type": "Feature",
      "geometry": {
        "type": "Point",
        "coordinates": [
          -70.714338943208,
          -33.460039978852
        ]
      },
      "properties": {
        "fecha_extraccion": "2025-11-29 18:02:36",
        "comuna": "Estación Central",
        "tipo_propiedad": "casa",
        "titulo": "Casa En Venta En Estación Central",
        "precio": "7000",
        "moneda": "CLF",
        "dormitorios": "3 dormitorios",
        "banos": "2 baños",
        "metros_utiles": "160 m² útiles",
        "caracteristicas_raw": "3 dormitorios | 2 baños | 160 m² útiles",
        "ubicacion": "Avda. Pajaritos/Avda. Las Torres, Metro Pajaritos, Estación Central",
        "url": "",
        "direccion_geocoded": "Avda. Pajaritos/Avda. Las Torres, Estación Central, Santiago, Chile"
      }
    },
    {
      "type": "Feature",
      "geometry": {
        "type": "Point",
        "coordinates": [
          -70.698077589238,
          -33.457002590036
        ]
      },
      "properties": {
        "fecha_extraccion": "2025-11-29 18:02:36",
        "comuna": "Estación Central",
        "tipo_propiedad": "casa",
        "titulo": "Casa En Venta En Estación Central",
        "precio": "3990",
        "moneda": "CLF",
        "dormitorios": "4 dormitorios",
        "banos": "3 baños",
        "metros_utiles": "98 m² útiles",
        "caracteristicas_raw": "4 dormitorios | 3 baños | 98 m² útiles",
        "ubicacion": "General Amengual, Santiago, Estación Central, Chile, Metro Ecuador, Estación Central",
        "url": "",
        "direccion_geocoded": "General Amengual, Estación Central, Santiago, Chile"
      }
    },
    {
      "type": "Feature",
      "geometry": {
        "type": "Point",
        "coordinates": [
          -70.684366603701,
          -33.472957580105
        ]
      },
      "properties": {
        "fecha_extraccion": "2025-11-29 18:02:36",
        "comuna": "Estación Central",
        "tipo_propiedad": "casa",
        "titulo": "Casa En Venta En Estación Central",
        "precio": "3100",
        "moneda": "CLF",
        "dormitorios": "5 dormitorios",
        "banos": "3 baños",
        "metros_utiles": "110 m² útiles",
        "caracteristicas_raw": "5 dormitorios | 3 baños | 110 m² útiles",
        "ubicacion": "Pedro Aguirre Cerda Con Obispo Manuel Umana, Nogales - San Eugenio, Estación Central",
        "url": "",
        "direccion_geocoded": "Pedro Aguirre Cerda Con Obispo Manuel Umana, Estación Central, Santiago, Chile"
      }
    },
    {
      "type": "Feature",
      "geometry": {
        "type": "Point",
        "coordinates": [
          -70.685069390484,
          -33.457181199102
        ]
      },
      "properties": {
        "fecha_extraccion": "2025-11-29 18:02:36",
        "comuna": "Estación Central",
        "tipo_propiedad": "casa",
        "titulo": "Casa En Venta De 6 Dorm. En Estación Central",
        "precio": "93000000",
        "moneda": "CLP",
        "dormitorios": "6 dormitorios",
        "banos": "1 baño",
        "metros_utiles": "72 m² útiles",
        "caracteristicas_raw": "6 dormitorios | 1 baño | 72 m² útiles",
        "ubicacion": "Tacna 3680, Nogales - San Eugenio, Estación Central",
        "url": "",
        "direccion_geocoded": "Tacna 3680, Estación Central, Santiago, Chile"
      }
    },
    {
      "type": "Feature",
      "geometry": {
        "type": "Point",
        "coordinates": [
          -70.709323701028,
          -33.467395943825
        ]
      },
      "properties": {
        "fecha_extraccion": "2025-11-29 18:02:36",
        "comuna": "Estación Central",
        "tipo_propiedad": "casa",
        "titulo": "Casa En Venta De 5 Dorm. En Estación Central",
        "precio": "3290",
        "moneda": "CLF",
        "dormitorios": "5 dormitorios",
        "banos": "1 baño",
        "metros_utiles": "",
        "caracteristicas_raw": "5 dormitorios | 1 baño",
        "ubicacion": "Escorial Villa España, Estacion Central, Villa Francia, Estación Central",
        "url": "",
        "direccion_geocoded": "Escorial Villa España, Estación Central, Santiago, Chile"
      }
    },
    {
      "type": "Feature",
      "geometry": {
        "type": "Point",
        "coordinates": [
          -70.721563747441,
          -33.473020679746
        ]
      },
      "properties": {
        "fecha_extraccion": "2025-11-29 18:02:36",
        "comuna": "Estación Central",
        "tipo_propiedad": "casa",
        "titulo": "Casa Jardin Infantil Estac Central Sin Pago Comision",
        "precio": "160000000",
        "moneda": "CLP",
        "dormitorios": "3 dormitorios",
        "banos": "3 baños",
        "metros_utiles": "170 m² útiles",
        "caracteristicas_raw": "3 dormitorios | 3 baños | 170 m² útiles",
        "ubicacion": "5 De Abril, Nogales - San Eugenio, Estación Central",
        "url": "",
        "direccion_geocoded": "5 De Abril, Estación Central, Santiago, Chile"
      }
    },
    {
      "type": "Feature",
      "geometry": {
        "type": "Point",
        "coordinates": [
          -70.717101171102,
          -33.475647329567
        ]
      },
      "properties": {
        "fecha_extraccion": "2025-11-29 18:02:36",
        "comuna": "Estación Central",
        "tipo_propiedad": "casa",
        "titulo": "Vendo Casa 4d 1b 3e En El Estero, Estación Central",
        "precio": "115000000",
        "moneda": "CLP",
        "dormitorios": "4 dormitorios",
        "banos": "1 baño",
        "metros_utiles": "126 m² útiles",
        "caracteristicas_raw": "4 dormitorios | 1 baño | 126 m² útiles",
        "ubicacion": "Sta Corina/El Estero/Los Valles, Villa Francia, Estación Central",
        "url": "",
        "direccion_geocoded": "Sta Corina/El Estero/Los Valles, Estación Central, Santiago, Chile"
      }
    },
    {
      "type": "Feature",
      "geometry": {
        "type": "Point",
        "coordinates": [
          -70.709327116364,
          -33.469837478166
        ]
      },
      "properties": {
        "fecha_extraccion": "2025-11-29 18:02:36",
        "comuna": "Estación Central",
        "tipo_propiedad": "casa",
        "titulo": "Acogedora Casa De 3 Dormitorios En Zona Céntrica",
        "precio": "3000",
        "moneda": "CLF",
        "dormitorios": "3 dormitorios",
        "banos": "1 baño",
        "metros_utiles": "43 m² útiles",
        "caracteristicas_raw": "3 dormitorios | 1 baño | 43 m² útiles",
        "ubicacion": "Taitao Y Palema, Villa Robert Keneddy, Estación Central",
        "url": "",
        "direccion_geocoded": "Taitao Y Palema, Estación Central, Santiago, Chile"
      }
    },
    {
      "type": "Feature",
      "geometry": {
        "type": "Point",
        "coordinates": [
          -70.6984636,
          -33.4593631
        ]
      },
      "properties": {
        "fecha_extraccion": "2025-11-29 18:02:36",
        "comuna": "Estación Central",
        "tipo_propiedad": "casa",
        "titulo": "Increíble Casa En Barrio Residencial De Estación Central",
        "precio": "280000000",
        "moneda": "CLP",
        "dormitorios": "4 dormitorios",
        "banos": "4 baños",
        "metros_utiles": "136 m² útiles",
        "caracteristicas_raw": "4 dormitorios | 4 baños | 136 m² útiles",
        "ubicacion": "LA MEJOR OPCION DE COMPRA EN ESTACION CENTRAL - HERMOSA CASA RECIEN REMODELADA, Metro Pajaritos, Estación Central",
        "url": "",
        "direccion_geocoded": "LA MEJOR OPCION DE COMPRA EN ESTACION CENTRAL - HERMOSA CASA RECIEN REMODELADA, Estación Central, Santiago, Chile"
      }
    },
    {
      "type": "Feature",
      "geometry": {
        "type": "Point",
        "coordinates": [
          -70.6984636,
          -33.4593631
        ]
      },
      "properties": {
        "fecha_extraccion": "2025-11-29 18:02:36",
        "comuna": "Estación Central",
        "tipo_propiedad": "casa",
        "titulo": "Hermosa Y Amplia Casa 2 Pisos En Excelente Ubicación",
        "precio": "200000000",
        "moneda": "CLP",
        "dormitorios": "3 dormitorios",
        "banos": "2 baños",
        "metros_utiles": "160 m² útiles",
        "caracteristicas_raw": "3 dormitorios | 2 baños | 160 m² útiles",
        "ubicacion": "-, Metro Ecuador, Estación Central",
        "url": "",
        "direccion_geocoded": "-, Estación Central, Santiago, Chile"
      }
    },
    {
      "type": "Feature",
      "geometry": {
        "type": "Point",
        "coordinates": [
          -70.6984636,
          -33.4593631
        ]
      },
      "properties": {
        "fecha_extraccion": "2025-11-29 18:02:36",
        "comuna": "Estación Central",
        "tipo_propiedad": "casa",
        "titulo": "Mira Aqui Casa Rebajada Pide Visita",
        "precio": "140000000",
        "moneda": "CLP",
        "dormitorios": "3 dormitorios",
        "banos": "1 baño",
        "metros_utiles": "85 m² útiles",
        "caracteristicas_raw": "3 dormitorios | 1 baño | 85 m² útiles",
        "ubicacion": "VILLA ESPAÑA, Villa Francia, Estación Central",
        "url": "",
        "direccion_geocoded": "VILLA ESPAÑA, Estación Central, Santiago, Chile"
      }
    },
    {
      "type": "Feature",
      "geometry": {
        "type": "Point",
        "coordinates": [
          -70.6984636,
          -33.4593631
        ]
      },
      "properties": {
        "fecha_extraccion": "2025-11-29 18:02:36",
        "comuna": "Estación Central",
        "tipo_propiedad": "casa",
        "titulo": "Casa En Venta De 3 Dorm. En Santiago",
        "precio": "179000000",
        "moneda": "CLP",
        "dormitorios": "3 dormitorios",
        "banos": "1 baño",
        "metros_utiles": "124 m² útiles",
        "caracteristicas_raw": "3 dormitorios | 1 baño | 124 m² útiles",
        "ubicacion": "CONSTANTINO / PORTO SEGURO / PARAGUAY, San Alberto Hurtado, Estación Central",
        "url": "",
        "direccion_geocoded": "CONSTANTINO / PORTO SEGURO / PARAGUAY, Estación Central, Santiago, Chile"
      }
    },
    {
      "type": "Feature",
      "geometry": {
        "type": "Point",
        "coordinates": [
          -70.698524765646,
          -33.467741303972
        ]
      },
      "properties": {
        "fecha_extraccion": "2025-11-29 18:02:36",
        "comuna": "Estación Central",
        "tipo_propiedad": "casa",
        "titulo": "¡tu Hogar Ideal En Estación Central!",
        "precio": "129000000",
        "moneda": "CLP",
        "dormitorios": "3 dormitorios",
        "banos": "1 baño",
        "metros_utiles": "91 m² útiles",
        "caracteristicas_raw": "3 dormitorios | 1 baño | 91 m² útiles",
        "ubicacion": "PADRE JAIME LARRAÍN HURTADO, VILLA ALESSANDRI, Nogales - San Eugenio, Estación Central",
        "url": "",
        "direccion_geocoded": "PADRE JAIME LARRAÍN HURTADO, Estación Central, Santiago, Chile"
      }
    },
    {
      "type": "Feature",
      "geometry": {
        "type": "Point",
        "coordinates": [
          -70.702114797595,
          -33.453386594615
        ]
      },
      "properties": {
        "fecha_extraccion": "2025-11-29 18:02:36",
        "comuna": "Estación Central",
        "tipo_propiedad": "casa",
        "titulo": "Espaciosa Casa En Estación Central Para Inversión ",
        "precio": "375000000",
        "moneda": "CLP",
        "dormitorios": "3 dormitorios",
        "banos": "2 baños",
        "metros_utiles": "120 m² útiles",
        "caracteristicas_raw": "3 dormitorios | 2 baños | 120 m² útiles",
        "ubicacion": "VICTORIA, Metro Ecuador, Estación Central",
        "url": "",
        "direccion_geocoded": "VICTORIA, Estación Central, Santiago, Chile"
      }
    },
    {
      "type": "Feature",
      "geometry": {
        "type": "Point",
        "coordinates": [
          -70.6984636,
          -33.4593631
        ]
      },
      "properties": {
        "fecha_extraccion": "2025-11-29 18:02:36",
        "comuna": "Estación Central",
        "tipo_propiedad": "casa",
        "titulo": "Casa 2 Piso Con Local Quinta Normal, 400 M²,8 Dorm 2baños",
        "precio": "220000000",
        "moneda": "CLP",
        "dormitorios": "",
        "banos": "2 baños",
        "metros_utiles": "400 m² útiles",
        "caracteristicas_raw": "2 baños | 400 m² útiles",
        "ubicacion": "RADAL CON BUSO ERNER, Metro Ecuador, Estación Central",
        "url": "",
        "direccion_geocoded": "RADAL CON BUSO ERNER, Estación Central, Santiago, Chile"
      }
    },
    {
      "type": "Feature",
      "geometry": {
        "type": "Point",
        "coordinates": [
          -70.730917598089,
          -33.462694891715
        ]
      },
      "properties": {
        "fecha_extraccion": "2025-11-29 18:02:36",
        "comuna": "Estación Central",
        "tipo_propiedad": "casa",
        "titulo": "En Venta Casa De Dos Pisos, Pasaje Cerrado.",
        "precio": "140000000",
        "moneda": "CLP",
        "dormitorios": "3 dormitorios",
        "banos": "2 baños",
        "metros_utiles": "119 m² útiles",
        "caracteristicas_raw": "3 dormitorios | 2 baños | 119 m² útiles",
        "ubicacion": "AV LAS TORRES, Metro Pajaritos, Estación Central",
        "url": "",
        "direccion_geocoded": "AV LAS TORRES, Estación Central, Santiago, Chile"
      }
    },
    {
      "type": "Feature",
      "geometry": {
        "type": "Point",
        "coordinates": [
          -70.708797755981,
          -33.470944163143
        ]
      },
      "properties": {
        "fecha_extraccion": "2025-11-29 18:02:36",
        "comuna": "Estación Central",
        "tipo_propiedad": "casa",
        "titulo": "Vende Casa 4 Dormitorios Comuna Estacion Central",
        "precio": "100000000",
        "moneda": "CLP",
        "dormitorios": "4 dormitorios",
        "banos": "1 baño",
        "metros_utiles": "100 m² útiles",
        "caracteristicas_raw": "4 dormitorios | 1 baño | 100 m² útiles",
        "ubicacion": "COCHAMÓ, LAS REJAS SUR, Villa Francia, Estación Central",
        "url": "",
        "direccion_geocoded": "COCHAMÓ, Estación Central, Santiago, Chile"
      }
    },
    {
      "type": "Feature",
      "geometry": {
        "type": "Point",
        "coordinates": [
          -70.6984636,
          -33.4593631
        ]
      },
      "properties": {
        "fecha_extraccion": "2025-11-29 18:02:36",
        "comuna": "Estación Central",
        "tipo_propiedad": "casa",
        "titulo": "Se Vende Amplia Casa En Estación Central",
        "precio": "110000000",
        "moneda": "CLP",
        "dormitorios": "3 dormitorios",
        "banos": "1 baño",
        "metros_utiles": "120 m² útiles",
        "caracteristicas_raw": "3 dormitorios | 1 baño | 120 m² útiles",
        "ubicacion": "SE VENDE AMPLIA CASA EN ESTACIÓN CENTRAL, Villa Francia, Estación Central",
        "url": "",
        "direccion_geocoded": "SE VENDE AMPLIA CASA EN ESTACIÓN CENTRAL, Estación Central, Santiago, Chile"
      }
    },
    {
      "type": "Feature",
      "geometry": {
        "type": "Point",
        "coordinates": [
          -70.717101171102,
          -33.475647329567
        ]
      },
      "properties": {
        "fecha_extraccion": "2025-11-29 18:02:36",
        "comuna": "Estación Central",
        "tipo_propiedad": "casa",
        "titulo": "¡tu Hogar En Estación Central, Amplia Y Luminosa!",
        "precio": "85000000",
        "moneda": "CLP",
        "dormitorios": "3 dormitorios",
        "banos": "2 baños",
        "metros_utiles": "98 m² útiles",
        "caracteristicas_raw": "3 dormitorios | 2 baños | 98 m² útiles",
        "ubicacion": "LAS VALLAS, Villa Francia, Estación Central",
        "url": "",
        "direccion_geocoded": "LAS VALLAS, Estación Central, Santiago, Chile"
      }
    },
    {
      "type": "Feature",
      "geometry": {
        "type": "Point",
        "coordinates": [
          -70.6897,
          -33.44854
        ]
      },
      "properties": {
        "fecha_extraccion": "2025-11-29 18:02:36",
        "comuna": "Estación Central",
        "tipo_propiedad": "casa",
        "titulo": "350mts. Oportunidad Negocio, Amplia Casa",
        "precio": "250000000",
        "moneda": "CLP",
        "dormitorios": "3 dormitorios",
        "banos": "1 baño",
        "metros_utiles": "60 m² útiles",
        "caracteristicas_raw": "3 dormitorios | 1 baño | 60 m² útiles",
        "ubicacion": "AMPLIA CASA, EN 350MTS, METRO ECUADOR, Estación Central",
        "url": "",
        "direccion_geocoded": "AMPLIA CASA, Estación Central, Santiago, Chile"
      }
    },
    {
      "type": "Feature",
      "geometry": {
        "type": "Point",
        "coordinates": [
          -70.6984636,
          -33.4593631
        ]
      },
      "properties": {
        "fecha_extraccion": "2025-11-29 18:02:45",
        "comuna": "Estación Central",
        "tipo_propiedad": "casa",
        "titulo": "Vende Casa 5d-2b Las Luciernagas",
        "precio": "4289",
        "moneda": "CLF",
        "dormitorios": "5 dormitorios",
        "banos": "2 baños",
        "metros_utiles": "136 m² útiles",
        "caracteristicas_raw": "5 dormitorios | 2 baños | 136 m² útiles",
        "ubicacion": "LAS LUCIERNAGAS ENTRE JOSE CARDJIN Y OCTAVIO VASQUEZ, Estación Central",
        "url": "",
        "direccion_geocoded": "LAS LUCIERNAGAS ENTRE JOSE CARDJIN Y OCTAVIO VASQUEZ, Estación Central, Santiago, Chile"
      }
    },
    {
      "type": "Feature",
      "geometry": {
        "type": "Point",
        "coordinates": [
          -70.6984636,
          -33.4593631
        ]
      },
      "properties": {
        "fecha_extraccion": "2025-11-29 18:02:45",
        "comuna": "Estación Central",
        "tipo_propiedad": "casa",
        "titulo": "Casa En Venta 4d, 1b, 3e, Metro Las Rejas.",
        "precio": "3153",
        "moneda": "CLF",
        "dormitorios": "3 dormitorios",
        "banos": "1 baño",
        "metros_utiles": "58 m² útiles",
        "caracteristicas_raw": "3 dormitorios | 1 baño | 58 m² útiles",
        "ubicacion": "CASA EN VENTA 4D, 1B, 3E, METRO LAS REJAS., Villa Francia, Estación Central",
        "url": "",
        "direccion_geocoded": "CASA EN VENTA 4D, Estación Central, Santiago, Chile"
      }
    },
    {
      "type": "Feature",
      "geometry": {
        "type": "Point",
        "coordinates": [
          -70.6984636,
          -33.4593631
        ]
      },
      "properties": {
        "fecha_extraccion": "2025-11-29 18:02:45",
        "comuna": "Estación Central",
        "tipo_propiedad": "casa",
        "titulo": "Casa Para Remodelar O Para Local Comercial A Pasos Del Metro",
        "precio": "150000000",
        "moneda": "CLP",
        "dormitorios": "4 dormitorios",
        "banos": "2 baños",
        "metros_utiles": "120 m² útiles",
        "caracteristicas_raw": "4 dormitorios | 2 baños | 120 m² útiles",
        "ubicacion": "CASA PARA REMODELAR O PARA LOCAL COMERCIAL A PASOS DEL METRO, San Alberto Hurtado, Estación Central",
        "url": "",
        "direccion_geocoded": "CASA PARA REMODELAR O PARA LOCAL COMERCIAL A PASOS DEL, Estación Central, Santiago, Chile"
      }
    },
    {
      "type": "Feature",
      "geometry": {
        "type": "Point",
        "coordinates": [
          -70.689280292009,
          -33.46452137531
        ]
      },
      "properties": {
        "fecha_extraccion": "2025-11-29 18:02:45",
        "comuna": "Estación Central",
        "tipo_propiedad": "casa",
        "titulo": "Casa En Venta En Estación Central",
        "precio": "198000000",
        "moneda": "CLP",
        "dormitorios": "7 dormitorios",
        "banos": "2 baños",
        "metros_utiles": "148 m² útiles",
        "caracteristicas_raw": "7 dormitorios | 2 baños | 148 m² útiles",
        "ubicacion": "FERNANDO YUNGUE, Nogales - San Eugenio, Estación Central",
        "url": "",
        "direccion_geocoded": "FERNANDO YUNGUE, Estación Central, Santiago, Chile"
      }
    },
    {
      "type": "Feature",
      "geometry": {
        "type": "Point",
        "coordinates": [
          -70.696522306449,
          -33.453261043957
        ]
      },
      "properties": {
        "fecha_extraccion": "2025-11-29 18:02:45",
        "comuna": "Estación Central",
        "tipo_propiedad": "casa",
        "titulo": "Concón A Pasos De Alameda",
        "precio": "5900",
        "moneda": "CLF",
        "dormitorios": "2 dormitorios",
        "banos": "2 baños",
        "metros_utiles": "109 m² útiles",
        "caracteristicas_raw": "2 dormitorios | 2 baños | 109 m² útiles",
        "ubicacion": "CONCÓN, San Alberto Hurtado, Estación Central",
        "url": "",
        "direccion_geocoded": "CONCÓN, Estación Central, Santiago, Chile"
      }
    },
    {
      "type": "Feature",
      "geometry": {
        "type": "Point",
        "coordinates": [
          -70.693702367457,
          -33.459500518376
        ]
      },
      "properties": {
        "fecha_extraccion": "2025-11-29 18:02:45",
        "comuna": "Estación Central",
        "tipo_propiedad": "casa",
        "titulo": "5 De Abril",
        "precio": "10100",
        "moneda": "CLF",
        "dormitorios": "8 dormitorios",
        "banos": "4 baños",
        "metros_utiles": "116 m² útiles",
        "caracteristicas_raw": "8 dormitorios | 4 baños | 116 m² útiles",
        "ubicacion": "5 DE ABRIL 4351, San Alberto Hurtado, Estación Central",
        "url": "",
        "direccion_geocoded": "5 DE ABRIL 4351, Estación Central, Santiago, Chile"
      }
    },
    {
      "type": "Feature",
      "geometry": {
        "type": "Point",
        "coordinates": [
          -70.702009951035,
          -33.452333909992
        ]
      },
      "properties": {
        "fecha_extraccion": "2025-11-29 18:02:45",
        "comuna": "Estación Central",
        "tipo_propiedad": "casa",
        "titulo": "Excelente Oportunidad Casa Esquina - 255 Mt2",
        "precio": "150000000",
        "moneda": "CLP",
        "dormitorios": "10 dormitorios",
        "banos": "4 baños",
        "metros_utiles": "255 m² útiles",
        "caracteristicas_raw": "10 dormitorios | 4 baños | 255 m² útiles",
        "ubicacion": "ABTAO / LA CORUÑA, Metro Ecuador, Estación Central",
        "url": "",
        "direccion_geocoded": "ABTAO / LA CORUÑA, Estación Central, Santiago, Chile"
      }
    },
    {
      "type": "Feature",
      "geometry": {
        "type": "Point",
        "coordinates": [
          -70.706516118118,
          -33.47183520136
        ]
      },
      "properties": {
        "fecha_extraccion": "2025-11-29 18:02:45",
        "comuna": "Estación Central",
        "tipo_propiedad": "casa",
        "titulo": "Se Vende Acogedora  Casa  En Calle Tortel Estación Central",
        "precio": "79000000",
        "moneda": "CLP",
        "dormitorios": "3 dormitorios",
        "banos": "1 baño",
        "metros_utiles": "65 m² útiles",
        "caracteristicas_raw": "3 dormitorios | 1 baño | 65 m² útiles",
        "ubicacion": "TORTEL CON AYSEN ESTACION CENTRAL, Villa Francia, Estación Central",
        "url": "",
        "direccion_geocoded": "TORTEL CON AYSEN ESTACION CENTRAL, Estación Central, Santiago, Chile"
      }
    },
    {
      "type": "Feature",
      "geometry": {
        "type": "Point",
        "coordinates": [
          -70.6793767,
          -33.4479701
        ]
      },
      "properties": {
        "fecha_extraccion": "2025-11-29 18:02:45",
        "comuna": "Estación Central",
        "tipo_propiedad": "casa",
        "titulo": "Casa En Venta, Sector Valle Verde, Estación Central.",
        "precio": "5900",
        "moneda": "CLF",
        "dormitorios": "5 dormitorios",
        "banos": "3 baños",
        "metros_utiles": "80 m² útiles",
        "caracteristicas_raw": "5 dormitorios | 3 baños | 80 m² útiles",
        "ubicacion": "METRO PAJARITOS, Metro Pajaritos, Estación Central",
        "url": "",
        "direccion_geocoded": "PAJARITOS, Estación Central, Santiago, Chile"
      }
    },
    {
      "type": "Feature",
      "geometry": {
        "type": "Point",
        "coordinates": [
          -70.6843,
          -33.4575
        ]
      },
      "properties": {
        "fecha_extraccion": "2025-11-29 18:02:45",
        "comuna": "Estación Central",
        "tipo_propiedad": "casa",
        "titulo": "Casa En Venta De 4 Dorm. En Quilpué",
        "precio": "7290",
        "moneda": "CLF",
        "dormitorios": "4 dormitorios",
        "banos": "3 baños",
        "metros_utiles": "10 m² útiles",
        "caracteristicas_raw": "4 dormitorios | 3 baños | 10 m² útiles",
        "ubicacion": "Jotabeche, Nogales - San Eugenio, Estación Central",
        "url": "",
        "direccion_geocoded": "Jotabeche, Estación Central, Santiago, Chile"
      }
    },
    {
      "type": "Feature",
      "geometry": {
        "type": "Point",
        "coordinates": [
          -70.704409410574,
          -33.453944909132
        ]
      },
      "properties": {
        "fecha_extraccion": "2025-11-29 18:02:45",
        "comuna": "Estación Central",
        "tipo_propiedad": "casa",
        "titulo": "Venta Casa 3 Dormitorios Metro Las Rejas Con Estacionamiento",
        "precio": "160000000",
        "moneda": "CLP",
        "dormitorios": "3 dormitorios",
        "banos": "1 baño",
        "metros_utiles": "78 m² útiles",
        "caracteristicas_raw": "3 dormitorios | 1 baño | 78 m² útiles",
        "ubicacion": "Santa Petronila 21 – E. Central – Stgo., Metro Las Rejas, Estación Central",
        "url": "",
        "direccion_geocoded": "Santa Petronila 21 – E. Central – Stgo., Estación Central, Santiago, Chile"
      }
    },
    {
      "type": "Feature",
      "geometry": {
        "type": "Point",
        "coordinates": [
          -70.709957992918,
          -33.460188296336
        ]
      },
      "properties": {
        "fecha_extraccion": "2025-11-29 18:02:45",
        "comuna": "Estación Central",
        "tipo_propiedad": "casa",
        "titulo": "Excelente Ubicación, Sector Las Rejas!!",
        "precio": "3000",
        "moneda": "CLF",
        "dormitorios": "2 dormitorios",
        "banos": "2 baños",
        "metros_utiles": "79 m² útiles",
        "caracteristicas_raw": "2 dormitorios | 2 baños | 79 m² útiles",
        "ubicacion": "Las Catalpas Poniente, 1 - 300, Metro Las Rejas, Estación Central",
        "url": "",
        "direccion_geocoded": "Las Catalpas Poniente, Estación Central, Santiago, Chile"
      }
    },
    {
      "type": "Feature",
      "geometry": {
        "type": "Point",
        "coordinates": [
          -70.6882,
          -33.4523
        ]
      },
      "properties": {
        "fecha_extraccion": "2025-11-29 18:02:45",
        "comuna": "Estación Central",
        "tipo_propiedad": "casa",
        "titulo": "Oportunidad Venta Casa 7 Dormitorios Estación Central",
        "precio": "3990",
        "moneda": "CLF",
        "dormitorios": "7 dormitorios",
        "banos": "2 baños",
        "metros_utiles": "250 m² útiles",
        "caracteristicas_raw": "7 dormitorios | 2 baños | 250 m² útiles",
        "ubicacion": "Ruiz Tagle, 725, Nogales - San Eugenio, Estación Central",
        "url": "",
        "direccion_geocoded": "Ruiz Tagle, Estación Central, Santiago, Chile"
      }
    },
    {
      "type": "Feature",
      "geometry": {
        "type": "Point",
        "coordinates": [
          -70.724882100316,
          -33.461240298061
        ]
      },
      "properties": {
        "fecha_extraccion": "2025-11-29 18:02:45",
        "comuna": "Estación Central",
        "tipo_propiedad": "casa",
        "titulo": "Casa 5 Dormitorios, 3 Baños, Valle Verde, Est Central",
        "precio": "200000000",
        "moneda": "CLP",
        "dormitorios": "5 dormitorios",
        "banos": "3 baños",
        "metros_utiles": "179 m² útiles",
        "caracteristicas_raw": "5 dormitorios | 3 baños | 179 m² útiles",
        "ubicacion": "El Tricahue, 0100, Metro Pajaritos, Estación Central",
        "url": "",
        "direccion_geocoded": "El Tricahue, Estación Central, Santiago, Chile"
      }
    },
    {
      "type": "Feature",
      "geometry": {
        "type": "Point",
        "coordinates": [
          -70.682936,
          -33.45113
        ]
      },
      "properties": {
        "fecha_extraccion": "2025-11-29 18:02:45",
        "comuna": "Estación Central",
        "tipo_propiedad": "casa",
        "titulo": "Venta Casa Local Terreno Barrio Comercial Estacion Central",
        "precio": "590000000",
        "moneda": "CLP",
        "dormitorios": "7 dormitorios",
        "banos": "2 baños",
        "metros_utiles": "273 m² útiles",
        "caracteristicas_raw": "7 dormitorios | 2 baños | 273 m² útiles",
        "ubicacion": "Avenida Víctor Jara, 4282, San Alberto Hurtado, Estación Central",
        "url": "",
        "direccion_geocoded": "Avenida Víctor Jara, Estación Central, Santiago, Chile"
      }
    },
    {
      "type": "Feature",
      "geometry": {
        "type": "Point",
        "coordinates": [
          -70.699662009313,
          -33.472604824172
        ]
      },
      "properties": {
        "fecha_extraccion": "2025-11-29 18:02:45",
        "comuna": "Estación Central",
        "tipo_propiedad": "casa",
        "titulo": "Espectacular Casa Remodelada En  Estación Central ",
        "precio": "180000000",
        "moneda": "CLP",
        "dormitorios": "3 dormitorios",
        "banos": "",
        "metros_utiles": "178 m² útiles",
        "caracteristicas_raw": "3 dormitorios | 178 m² útiles",
        "ubicacion": "OFQUI 2760, Nogales - San Eugenio, Estación Central",
        "url": "",
        "direccion_geocoded": "OFQUI 2760, Estación Central, Santiago, Chile"
      }
    },
    {
      "type": "Feature",
      "geometry": {
        "type": "Point",
        "coordinates": [
          -70.704585559474,
          -33.457802372666
        ]
      },
      "properties": {
        "fecha_extraccion": "2025-11-29 18:02:45",
        "comuna": "Estación Central",
        "tipo_propiedad": "casa",
        "titulo": "Excelente Oportunidad Casa De Dos Pisos 5d, 3b Y2e",
        "precio": "163500000",
        "moneda": "CLP",
        "dormitorios": "5 dormitorios",
        "banos": "2 baños",
        "metros_utiles": "190 m² útiles",
        "caracteristicas_raw": "5 dormitorios | 2 baños | 190 m² útiles",
        "ubicacion": "Nimbus, 4850, Metro Las Rejas, Estación Central",
        "url": "",
        "direccion_geocoded": "Nimbus, Estación Central, Santiago, Chile"
      }
    },
    {
      "type": "Feature",
      "geometry": {
        "type": "Point",
        "coordinates": [
          -70.703542512238,
          -33.472877553884
        ]
      },
      "properties": {
        "fecha_extraccion": "2025-11-29 18:02:45",
        "comuna": "Estación Central",
        "tipo_propiedad": "casa",
        "titulo": "Las Rejas / Dorsal / Lo Prado",
        "precio": "165900000",
        "moneda": "CLP",
        "dormitorios": "3 dormitorios",
        "banos": "1 baño",
        "metros_utiles": "70 m² útiles",
        "caracteristicas_raw": "3 dormitorios | 1 baño | 70 m² útiles",
        "ubicacion": "Av. Las Rejas, Lo Prado, Metro Las Rejas, Estación Central",
        "url": "",
        "direccion_geocoded": "Av. Las Rejas, Estación Central, Santiago, Chile"
      }
    },
    {
      "type": "Feature",
      "geometry": {
        "type": "Point",
        "coordinates": [
          -70.6984636,
          -33.4593631
        ]
      },
      "properties": {
        "fecha_extraccion": "2025-11-29 18:02:45",
        "comuna": "Estación Central",
        "tipo_propiedad": "casa",
        "titulo": "Uno Poniente / Veterano Del 79",
        "precio": "100000000",
        "moneda": "CLP",
        "dormitorios": "4 dormitorios",
        "banos": "2 baños",
        "metros_utiles": "45 m² útiles",
        "caracteristicas_raw": "4 dormitorios | 2 baños | 45 m² útiles",
        "ubicacion": "Uno Pte. 1179, Estación Central, Nogales - San Eugenio, Estación Central",
        "url": "",
        "direccion_geocoded": "Uno Pte. 1179, Estación Central, Santiago, Chile"
      }
    },
    {
      "type": "Feature",
      "geometry": {
        "type": "Point",
        "coordinates": [
          -70.699755077542,
          -33.465250369494
        ]
      },
      "properties": {
        "fecha_extraccion": "2025-11-29 18:02:45",
        "comuna": "Estación Central",
        "tipo_propiedad": "casa",
        "titulo": "Casa En Venta 3d1b, Estación Central",
        "precio": "90000000",
        "moneda": "CLP",
        "dormitorios": "3 dormitorios",
        "banos": "1 baño",
        "metros_utiles": "65 m² útiles",
        "caracteristicas_raw": "3 dormitorios | 1 baño | 65 m² útiles",
        "ubicacion": "Eduardo Covarrubias, 600, Nogales - San Eugenio, Estación Central",
        "url": "",
        "direccion_geocoded": "Eduardo Covarrubias, Estación Central, Santiago, Chile"
      }
    },
    {
      "type": "Feature",
      "geometry": {
        "type": "Point",
        "coordinates": [
          -70.711335326067,
          -33.464380463146
        ]
      },
      "properties": {
        "fecha_extraccion": "2025-11-29 18:02:45",
        "comuna": "Estación Central",
        "tipo_propiedad": "casa",
        "titulo": "Oportunidad Linda Casa Barrio Residencial (132331)",
        "precio": "145000000",
        "moneda": "CLP",
        "dormitorios": "3 dormitorios",
        "banos": "2 baños",
        "metros_utiles": "80 m² útiles",
        "caracteristicas_raw": "3 dormitorios | 2 baños | 80 m² útiles",
        "ubicacion": "Aeropuerto 300 - 600, Santiago, Estación Central, Chile, Villa Francia, Estación Central",
        "url": "",
        "direccion_geocoded": "Aeropuerto 300 - 600, Estación Central, Santiago, Chile"
      }
    },
    {
      "type": "Feature",
      "geometry": {
        "type": "Point",
        "coordinates": [
          -70.719593012989,
          -33.470229026062
        ]
      },
      "properties": {
        "fecha_extraccion": "2025-11-29 18:02:45",
        "comuna": "Estación Central",
        "tipo_propiedad": "casa",
        "titulo": "Se Vende Casa Esquina De 180m2 (120159)",
        "precio": "139000000",
        "moneda": "CLP",
        "dormitorios": "9 dormitorios",
        "banos": "4 baños",
        "metros_utiles": "150 m² útiles",
        "caracteristicas_raw": "9 dormitorios | 4 baños | 150 m² útiles",
        "ubicacion": "Las Luciérnagas 1 - 300, Metro Pajaritos, Estación Central",
        "url": "",
        "direccion_geocoded": "Las Luciérnagas 1 - 300, Estación Central, Santiago, Chile"
      }
    },
    {
      "type": "Feature",
      "geometry": {
        "type": "Point",
        "coordinates": [
          -70.702009951035,
          -33.452333909992
        ]
      },
      "properties": {
        "fecha_extraccion": "2025-11-29 18:02:45",
        "comuna": "Estación Central",
        "tipo_propiedad": "casa",
        "titulo": "Casa Estilo Patronal Chileno Con Potencial Inmobiliario",
        "precio": "500000000",
        "moneda": "CLP",
        "dormitorios": "5 dormitorios",
        "banos": "4 baños",
        "metros_utiles": "240 m² útiles",
        "caracteristicas_raw": "5 dormitorios | 4 baños | 240 m² útiles",
        "ubicacion": "La Coruña, Estación Central, Metro Ecuador, Estación Central",
        "url": "",
        "direccion_geocoded": "La Coruña, Estación Central, Santiago, Chile"
      }
    },
    {
      "type": "Feature",
      "geometry": {
        "type": "Point",
        "coordinates": [
          -70.70007236458,
          -33.451081256355
        ]
      },
      "properties": {
        "fecha_extraccion": "2025-11-29 18:02:45",
        "comuna": "Estación Central",
        "tipo_propiedad": "casa",
        "titulo": "Casa En Venta En Estación Central",
        "precio": "15200",
        "moneda": "CLF",
        "dormitorios": "5 dormitorios",
        "banos": "2 baños",
        "metros_utiles": "190 m² útiles",
        "caracteristicas_raw": "5 dormitorios | 2 baños | 190 m² útiles",
        "ubicacion": "Embajador Quintana, San Alberto Hurtado, Estación Central",
        "url": "",
        "direccion_geocoded": "Embajador Quintana, Estación Central, Santiago, Chile"
      }
    },
    {
      "type": "Feature",
      "geometry": {
        "type": "Point",
        "coordinates": [
          -70.6984636,
          -33.4593631
        ]
      },
      "properties": {
        "fecha_extraccion": "2025-11-29 18:02:45",
        "comuna": "Estación Central",
        "tipo_propiedad": "casa",
        "titulo": "Nuevo Precio!!¡amplia Casa Villa Suecia (121591)",
        "precio": "3750",
        "moneda": "CLF",
        "dormitorios": "4 dormitorios",
        "banos": "2 baños",
        "metros_utiles": "100 m² útiles",
        "caracteristicas_raw": "4 dormitorios | 2 baños | 100 m² útiles",
        "ubicacion": "Vilán 5400 - 5700, Santiago, Estación Central, Chile, Metro Pajaritos, Estación Central",
        "url": "",
        "direccion_geocoded": "Vilán 5400 - 5700, Estación Central, Santiago, Chile"
      }
    },
    {
      "type": "Feature",
      "geometry": {
        "type": "Point",
        "coordinates": [
          -70.697050937776,
          -33.456706997685
        ]
      },
      "properties": {
        "fecha_extraccion": "2025-11-29 18:02:45",
        "comuna": "Estación Central",
        "tipo_propiedad": "casa",
        "titulo": "Casa 2 Pisos | General Amengual | Metro Ecuador",
        "precio": "3990",
        "moneda": "CLF",
        "dormitorios": "4 dormitorios",
        "banos": "2 baños",
        "metros_utiles": "93 m² útiles",
        "caracteristicas_raw": "4 dormitorios | 2 baños | 93 m² útiles",
        "ubicacion": "Gral. Amengual 139, 9190001 Estación Central, Región Metropolitana, Chile, Metro Ecuador, Estación Central",
        "url": "",
        "direccion_geocoded": "Gral. Amengual 139, Estación Central, Santiago, Chile"
      }
    },
    {
      "type": "Feature",
      "geometry": {
        "type": "Point",
        "coordinates": [
          -70.689230157633,
          -33.453325042892
        ]
      },
      "properties": {
        "fecha_extraccion": "2025-11-29 18:02:45",
        "comuna": "Estación Central",
        "tipo_propiedad": "casa",
        "titulo": "M. San A. Hurtado Solo Al Contado 3d Y Patio (119277)",
        "precio": "2290",
        "moneda": "CLF",
        "dormitorios": "3 dormitorios",
        "banos": "1 baño",
        "metros_utiles": "112 m² útiles",
        "caracteristicas_raw": "3 dormitorios | 1 baño | 112 m² útiles",
        "ubicacion": "Nicasio Retamales 1 - 300, Estación Central",
        "url": "",
        "direccion_geocoded": "Nicasio Retamales 1 - 300, Estación Central, Santiago, Chile"
      }
    },
    {
      "type": "Feature",
      "geometry": {
        "type": "Point",
        "coordinates": [
          -70.69344790418,
          -33.454320872723
        ]
      },
      "properties": {
        "fecha_extraccion": "2025-11-29 18:02:45",
        "comuna": "Estación Central",
        "tipo_propiedad": "casa",
        "titulo": "Casa Para Remodelar En Estación Central (127727)",
        "precio": "150000000",
        "moneda": "CLP",
        "dormitorios": "4 dormitorios",
        "banos": "2 baños",
        "metros_utiles": "120 m² útiles",
        "caracteristicas_raw": "4 dormitorios | 2 baños | 120 m² útiles",
        "ubicacion": "Coronel Godoy 1 - 300, San Alberto Hurtado, Estación Central",
        "url": "",
        "direccion_geocoded": "Coronel Godoy 1 - 300, Estación Central, Santiago, Chile"
      }
    },
    {
      "type": "Feature",
      "geometry": {
        "type": "Point",
        "coordinates": [
          -70.730839060028,
          -33.469144903808
        ]
      },
      "properties": {
        "fecha_extraccion": "2025-11-29 18:02:45",
        "comuna": "Estación Central",
        "tipo_propiedad": "casa",
        "titulo": "Casa Grande Estacion Central",
        "precio": "259000000",
        "moneda": "CLP",
        "dormitorios": "4 dormitorios",
        "banos": "5 baños",
        "metros_utiles": "140 m² útiles",
        "caracteristicas_raw": "4 dormitorios | 5 baños | 140 m² útiles",
        "ubicacion": "Av. Las Torres 98, Santiago, Estación Central, Metro Pajaritos, Estación Central",
        "url": "",
        "direccion_geocoded": "Av. Las Torres 98, Estación Central, Santiago, Chile"
      }
    },
    {
      "type": "Feature",
      "geometry": {
        "type": "Point",
        "coordinates": [
          -70.704203289886,
          -33.46047901225
        ]
      },
      "properties": {
        "fecha_extraccion": "2025-11-29 18:02:45",
        "comuna": "Estación Central",
        "tipo_propiedad": "casa",
        "titulo": "Venta De Casa En Estación Central",
        "precio": "240000000",
        "moneda": "CLP",
        "dormitorios": "4 dormitorios",
        "banos": "2 baños",
        "metros_utiles": "106 m² útiles",
        "caracteristicas_raw": "4 dormitorios | 2 baños | 106 m² útiles",
        "ubicacion": "Las Araucarias, Estación Central, Metro Las Rejas, Estación Central",
        "url": "",
        "direccion_geocoded": "Las Araucarias, Estación Central, Santiago, Chile"
      }
    },
    {
      "type": "Feature",
      "geometry": {
        "type": "Point",
        "coordinates": [
          -70.697994620827,
          -33.468671499986
        ]
      },
      "properties": {
        "fecha_extraccion": "2025-11-29 18:02:45",
        "comuna": "Estación Central",
        "tipo_propiedad": "casa",
        "titulo": "Casa En Venta 3d,1b,e. Villa Alessandri (89485)",
        "precio": "115000000",
        "moneda": "CLP",
        "dormitorios": "",
        "banos": "",
        "metros_utiles": "",
        "caracteristicas_raw": "",
        "ubicacion": "Ramón Rivas 600 - 900, Nogales - San Eugenio, Estación Central",
        "url": "",
        "direccion_geocoded": "Ramón Rivas 600 - 900, Estación Central, Santiago, Chile"
      }
    },
    {
      "type": "Feature",
      "geometry": {
        "type": "Point",
        "coordinates": [
          -70.72361662902,
          -33.458219438899
        ]
      },
      "properties": {
        "fecha_extraccion": "2025-11-29 18:02:45",
        "comuna": "Estación Central",
        "tipo_propiedad": "casa",
        "titulo": "Se Vende Valle Verde Hermosa Casa Tres Pisos (94678)",
        "precio": "235000000",
        "moneda": "CLP",
        "dormitorios": "5 dormitorios",
        "banos": "4 baños",
        "metros_utiles": "79 m² útiles",
        "caracteristicas_raw": "5 dormitorios | 4 baños | 79 m² útiles",
        "ubicacion": "Laguna Del Laja 6300 - 6600, Metro Pajaritos, Estación Central",
        "url": "",
        "direccion_geocoded": "Laguna Del Laja 6300 - 6600, Estación Central, Santiago, Chile"
      }
    },
    {
      "type": "Feature",
      "geometry": {
        "type": "Point",
        "coordinates": [
          -70.708362393077,
          -33.45841872629
        ]
      },
      "properties": {
        "fecha_extraccion": "2025-11-29 18:02:45",
        "comuna": "Estación Central",
        "tipo_propiedad": "casa",
        "titulo": "Casa Remodelada 5 Dorm-2 Baños. Metro Las Rejas",
        "precio": "160000000",
        "moneda": "CLP",
        "dormitorios": "5 dormitorios",
        "banos": "2 baños",
        "metros_utiles": "100 m² útiles",
        "caracteristicas_raw": "5 dormitorios | 2 baños | 100 m² útiles",
        "ubicacion": "El Boldo, Estación Central, Metro Las Rejas, Estación Central",
        "url": "",
        "direccion_geocoded": "El Boldo, Estación Central, Santiago, Chile"
      }
    },
    {
      "type": "Feature",
      "geometry": {
        "type": "Point",
        "coordinates": [
          -70.686914702266,
          -33.460128281014
        ]
      },
      "properties": {
        "fecha_extraccion": "2025-11-29 18:02:45",
        "comuna": "Estación Central",
        "tipo_propiedad": "casa",
        "titulo": "Casa En Venta. Estacion Central. ",
        "precio": "2203",
        "moneda": "CLF",
        "dormitorios": "2 dormitorios",
        "banos": "1 baño",
        "metros_utiles": "82 m² útiles",
        "caracteristicas_raw": "2 dormitorios | 1 baño | 82 m² útiles",
        "ubicacion": "Ruiz Tagle 781, Santiago, Estación Central, Nogales - San Eugenio, Estación Central",
        "url": "",
        "direccion_geocoded": "Ruiz Tagle 781, Estación Central, Santiago, Chile"
      }
    },
    {
      "type": "Feature",
      "geometry": {
        "type": "Point",
        "coordinates": [
          -70.696303439651,
          -33.47828884771
        ]
      },
      "properties": {
        "fecha_extraccion": "2025-11-29 18:02:45",
        "comuna": "Estación Central",
        "tipo_propiedad": "casa",
        "titulo": "Se Vende Casa De 228m2,5d,4b,3e,bod (91413)",
        "precio": "150000000",
        "moneda": "CLP",
        "dormitorios": "5 dormitorios",
        "banos": "4 baños",
        "metros_utiles": "121 m² útiles",
        "caracteristicas_raw": "5 dormitorios | 4 baños | 121 m² útiles",
        "ubicacion": "Vecinal 1 - 300, Nogales - San Eugenio, Estación Central",
        "url": "",
        "direccion_geocoded": "Vecinal 1 - 300, Estación Central, Santiago, Chile"
      }
    },
    {
      "type": "Feature",
      "geometry": {
        "type": "Point",
        "coordinates": [
          -70.724023907378,
          -33.462648433577
        ]
      },
      "properties": {
        "fecha_extraccion": "2025-11-29 18:02:45",
        "comuna": "Estación Central",
        "tipo_propiedad": "casa",
        "titulo": "Casa En Venta De 3 Pisos,5d,3b,2e.valle Verde (73620)",
        "precio": "6000",
        "moneda": "CLF",
        "dormitorios": "5 dormitorios",
        "banos": "3 baños",
        "metros_utiles": "80 m² útiles",
        "caracteristicas_raw": "5 dormitorios | 3 baños | 80 m² útiles",
        "ubicacion": "Laguna Icalma, Estación Central, Chile, Estación Central",
        "url": "",
        "direccion_geocoded": "Laguna Icalma, Estación Central, Santiago, Chile"
      }
    },
    {
      "type": "Feature",
      "geometry": {
        "type": "Point",
        "coordinates": [
          -70.712661229056,
          -33.459614600737
        ]
      },
      "properties": {
        "fecha_extraccion": "2025-11-29 18:02:45",
        "comuna": "Estación Central",
        "tipo_propiedad": "casa",
        "titulo": "Excelente Casa En Venta Rebajada (81576)",
        "precio": "3300",
        "moneda": "CLF",
        "dormitorios": "4 dormitorios",
        "banos": "2 baños",
        "metros_utiles": "97 m² útiles",
        "caracteristicas_raw": "4 dormitorios | 2 baños | 97 m² útiles",
        "ubicacion": "Rey Gustavo Adolfo 1 - 300, Metro Pajaritos, Estación Central",
        "url": "",
        "direccion_geocoded": "Rey Gustavo Adolfo 1 - 300, Estación Central, Santiago, Chile"
      }
    },
    {
      "type": "Feature",
      "geometry": {
        "type": "Point",
        "coordinates": [
          -70.706475941802,
          -33.465010228631
        ]
      },
      "properties": {
        "fecha_extraccion": "2025-11-29 18:02:45",
        "comuna": "Estación Central",
        "tipo_propiedad": "casa",
        "titulo": "5 De Abril Y Las Rejas",
        "precio": "3545",
        "moneda": "CLF",
        "dormitorios": "6 dormitorios",
        "banos": "2 baños",
        "metros_utiles": "130 m² útiles",
        "caracteristicas_raw": "6 dormitorios | 2 baños | 130 m² útiles",
        "ubicacion": "5 DE ABRIL Y LAS REJAS, Nogales - San Eugenio, Estación Central",
        "url": "",
        "direccion_geocoded": "5 DE ABRIL Y LAS REJAS, Estación Central, Santiago, Chile"
      }
    },
    {
      "type": "Feature",
      "geometry": {
        "type": "Point",
        "coordinates": [
          -70.724882100316,
          -33.461240298061
        ]
      },
      "properties": {
        "fecha_extraccion": "2025-11-29 18:02:45",
        "comuna": "Estación Central",
        "tipo_propiedad": "casa",
        "titulo": "Casa En Venta Estación Central (114038)",
        "precio": "210000000",
        "moneda": "CLP",
        "dormitorios": "5 dormitorios",
        "banos": "3 baños",
        "metros_utiles": "112 m² útiles",
        "caracteristicas_raw": "5 dormitorios | 3 baños | 112 m² útiles",
        "ubicacion": "El Tricahue 1 - 300, Metro Pajaritos, Estación Central",
        "url": "",
        "direccion_geocoded": "El Tricahue 1 - 300, Estación Central, Santiago, Chile"
      }
    },
    {
      "type": "Feature",
      "geometry": {
        "type": "Point",
        "coordinates": [
          -70.6984636,
          -33.4593631
        ]
      },
      "properties": {
        "fecha_extraccion": "2025-11-29 18:02:45",
        "comuna": "Estación Central",
        "tipo_propiedad": "casa",
        "titulo": "Porto Seguro A Unas Cuadras De Gral Velasquez",
        "precio": "320000000",
        "moneda": "CLP",
        "dormitorios": "4 dormitorios",
        "banos": "2 baños",
        "metros_utiles": "145 m² útiles",
        "caracteristicas_raw": "4 dormitorios | 2 baños | 145 m² útiles",
        "ubicacion": "PORTO SEGURO A UNAS CUADRAS DE GRAL VELASQUEZ, Estación Central",
        "url": "",
        "direccion_geocoded": "PORTO SEGURO A UNAS CUADRAS DE GRAL VELASQUEZ, Estación Central, Santiago, Chile"
      }
    },
    {
      "type": "Feature",
      "geometry": {
        "type": "Point",
        "coordinates": [
          -70.730872049486,
          -33.466834887811
        ]
      },
      "properties": {
        "fecha_extraccion": "2025-11-29 18:02:45",
        "comuna": "Estación Central",
        "tipo_propiedad": "casa",
        "titulo": "Venta De Casa En Estación Central  (112044)",
        "precio": "230000000",
        "moneda": "CLP",
        "dormitorios": "5 dormitorios",
        "banos": "2 baños",
        "metros_utiles": "95 m² útiles",
        "caracteristicas_raw": "5 dormitorios | 2 baños | 95 m² útiles",
        "ubicacion": "Avenida Las Torres 1 - 300, Santiago, Estación Central, Chile, Metro Pajaritos, Estación Central",
        "url": "",
        "direccion_geocoded": "Avenida Las Torres 1 - 300, Estación Central, Santiago, Chile"
      }
    },
    {
      "type": "Feature",
      "geometry": {
        "type": "Point",
        "coordinates": [
          -70.703542512238,
          -33.472877553884
        ]
      },
      "properties": {
        "fecha_extraccion": "2025-11-29 18:02:45",
        "comuna": "Estación Central",
        "tipo_propiedad": "casa",
        "titulo": "Las Rejas Nº200 / Dorsal / Lo Prado",
        "precio": "165900000",
        "moneda": "CLP",
        "dormitorios": "3 dormitorios",
        "banos": "1 baño",
        "metros_utiles": "70 m² útiles",
        "caracteristicas_raw": "3 dormitorios | 1 baño | 70 m² útiles",
        "ubicacion": "Av. Las Rejas, Lo Prado, Metro Las Rejas, Estación Central",
        "url": "",
        "direccion_geocoded": "Av. Las Rejas, Estación Central, Santiago, Chile"
      }
    },
    {
      "type": "Feature",
      "geometry": {
        "type": "Point",
        "coordinates": [
          -70.69529931446,
          -33.452881199618
        ]
      },
      "properties": {
        "fecha_extraccion": "2025-11-29 18:02:45",
        "comuna": "Estación Central",
        "tipo_propiedad": "casa",
        "titulo": "Placilla, Metro Alberto Hurtado",
        "precio": "2150",
        "moneda": "CLF",
        "dormitorios": "1 dormitorio",
        "banos": "1 baño",
        "metros_utiles": "35 m² totales",
        "caracteristicas_raw": "1 dormitorio | 1 baño | 35 m² totales",
        "ubicacion": "Placilla, Metro Alberto Hurtado, San Alberto Hurtado, Estación Central",
        "url": "",
        "direccion_geocoded": "Placilla, Estación Central, Santiago, Chile"
      }
    },
    {
      "type": "Feature",
      "geometry": {
        "type": "Point",
        "coordinates": [
          -70.703542512238,
          -33.472877553884
        ]
      },
      "properties": {
        "fecha_extraccion": "2025-11-29 18:02:45",
        "comuna": "Estación Central",
        "tipo_propiedad": "casa",
        "titulo": "Las Rejas Nº200, Villa California / Dorsal / Ecuador",
        "precio": "4180",
        "moneda": "CLF",
        "dormitorios": "3 dormitorios",
        "banos": "1 baño",
        "metros_utiles": "70 m² útiles",
        "caracteristicas_raw": "3 dormitorios | 1 baño | 70 m² útiles",
        "ubicacion": "Av. Las Rejas, Lo Prado, Metro Las Rejas, Estación Central",
        "url": "",
        "direccion_geocoded": "Av. Las Rejas, Estación Central, Santiago, Chile"
      }
    },
    {
      "type": "Feature",
      "geometry": {
        "type": "Point",
        "coordinates": [
          -70.695214211333,
          -33.45037069798
        ]
      },
      "properties": {
        "fecha_extraccion": "2025-11-29 18:02:45",
        "comuna": "Estación Central",
        "tipo_propiedad": "casa",
        "titulo": "Casa Patronal Con Amplio Terreno A Tres Cuadras Del Metro",
        "precio": "14080",
        "moneda": "CLF",
        "dormitorios": "5 dormitorios",
        "banos": "2 baños",
        "metros_utiles": "181 m² útiles",
        "caracteristicas_raw": "5 dormitorios | 2 baños | 181 m² útiles",
        "ubicacion": "San Gumercindo 182, Santiago, Estación Central, San Alberto Hurtado, Estación Central",
        "url": "",
        "direccion_geocoded": "San Gumercindo 182, Estación Central, Santiago, Chile"
      }
    },
    {
      "type": "Feature",
      "geometry": {
        "type": "Point",
        "coordinates": [
          -70.72361662902,
          -33.458219438899
        ]
      },
      "properties": {
        "fecha_extraccion": "2025-11-29 18:02:45",
        "comuna": "Estación Central",
        "tipo_propiedad": "casa",
        "titulo": "Se Vende Casa 5 Dormitorios 4 Baños (84728)",
        "precio": "235000000",
        "moneda": "CLP",
        "dormitorios": "5 dormitorios",
        "banos": "4 baños",
        "metros_utiles": "79 m² útiles",
        "caracteristicas_raw": "5 dormitorios | 4 baños | 79 m² útiles",
        "ubicacion": "Laguna Del Laja 6300 - 6600, Metro Pajaritos, Estación Central",
        "url": "",
        "direccion_geocoded": "Laguna Del Laja 6300 - 6600, Estación Central, Santiago, Chile"
      }
    },
    {
      "type": "Feature",
      "geometry": {
        "type": "Point",
        "coordinates": [
          -70.698692707073,
          -33.474183750828
        ]
      },
      "properties": {
        "fecha_extraccion": "2025-11-29 18:02:45",
        "comuna": "Estación Central",
        "tipo_propiedad": "casa",
        "titulo": "2 Casas En Venta En 240m2 De Terreno (70095)",
        "precio": "115000000",
        "moneda": "CLP",
        "dormitorios": "5 dormitorios",
        "banos": "2 baños",
        "metros_utiles": "124 m² útiles",
        "caracteristicas_raw": "5 dormitorios | 2 baños | 124 m² útiles",
        "ubicacion": "Tehuaco, Santiago, Estación Central, Chile, Nogales - San Eugenio, Estación Central",
        "url": "",
        "direccion_geocoded": "Tehuaco, Estación Central, Santiago, Chile"
      }
    },
    {
      "type": "Feature",
      "geometry": {
        "type": "Point",
        "coordinates": [
          -70.697200804251,
          -33.455175456946
        ]
      },
      "properties": {
        "fecha_extraccion": "2025-11-29 18:02:45",
        "comuna": "Estación Central",
        "tipo_propiedad": "casa",
        "titulo": "¡tu Casa Ideal Con Un Potencial Comercial! Estación Central.",
        "precio": "3990",
        "moneda": "CLF",
        "dormitorios": "4 dormitorios",
        "banos": "2 baños",
        "metros_utiles": "165 m² útiles",
        "caracteristicas_raw": "4 dormitorios | 2 baños | 165 m² útiles",
        "ubicacion": "Gral. Amengual 1 - 300, Estación Central, San Alberto Hurtado, Estación Central",
        "url": "",
        "direccion_geocoded": "Gral. Amengual 1 - 300, Estación Central, Santiago, Chile"
      }
    },
    {
      "type": "Feature",
      "geometry": {
        "type": "Point",
        "coordinates": [
          -70.697576954487,
          -33.454209138491
        ]
      },
      "properties": {
        "fecha_extraccion": "2025-11-29 18:03:18",
        "comuna": "Estación Central",
        "tipo_propiedad": "casa",
        "titulo": "Propiedad Conde De Maule - Estación Central (66338)",
        "precio": "11490",
        "moneda": "CLF",
        "dormitorios": "6 dormitorios",
        "banos": "4 baños",
        "metros_utiles": "162 m² útiles",
        "caracteristicas_raw": "6 dormitorios | 4 baños | 162 m² útiles",
        "ubicacion": "Conde Del Maule 4500 - 4800, Santiago, Estación Central, Chile, Metro Ecuador, Estación Central",
        "url": "",
        "direccion_geocoded": "Conde Del Maule 4500 - 4800, Estación Central, Santiago, Chile"
      }
    },
    {
      "type": "Feature",
      "geometry": {
        "type": "Point",
        "coordinates": [
          -70.680067106467,
          -33.470539107672
        ]
      },
      "properties": {
        "fecha_extraccion": "2025-11-29 18:03:18",
        "comuna": "Estación Central",
        "tipo_propiedad": "casa",
        "titulo": "Venta De Casa En Estación Central",
        "precio": "150000000",
        "moneda": "CLP",
        "dormitorios": "18 dormitorios",
        "banos": "4 baños",
        "metros_utiles": "215 m² útiles",
        "caracteristicas_raw": "18 dormitorios | 4 baños | 215 m² útiles",
        "ubicacion": "Avenida Pedro Aguirre Cerda, 3041, Estación Central",
        "url": "",
        "direccion_geocoded": "Avenida Pedro Aguirre Cerda, Estación Central, Santiago, Chile"
      }
    },
    {
      "type": "Feature",
      "geometry": {
        "type": "Point",
        "coordinates": [
          -70.694793188337,
          -33.456737004899
        ]
      },
      "properties": {
        "fecha_extraccion": "2025-11-29 18:03:18",
        "comuna": "Estación Central",
        "tipo_propiedad": "casa",
        "titulo": "Casa En Venta En Manuel Thompson Estación Central",
        "precio": "7100",
        "moneda": "CLF",
        "dormitorios": "4 dormitorios",
        "banos": "1 baño",
        "metros_utiles": "144 m² útiles",
        "caracteristicas_raw": "4 dormitorios | 1 baño | 144 m² útiles",
        "ubicacion": "Manuel Thompson 4370, Santiago, Estación Central, Chile, San Alberto Hurtado, Estación Central",
        "url": "",
        "direccion_geocoded": "Manuel Thompson 4370, Estación Central, Santiago, Chile"
      }
    },
    {
      "type": "Feature",
      "geometry": {
        "type": "Point",
        "coordinates": [
          -70.679534878445,
          -33.447943956356
        ]
      },
      "properties": {
        "fecha_extraccion": "2025-11-29 18:03:18",
        "comuna": "Estación Central",
        "tipo_propiedad": "casa",
        "titulo": "Casa De 2 Pisos En Venta, 14d,5b,e,bod (115875)",
        "precio": "9490",
        "moneda": "CLF",
        "dormitorios": "14 dormitorios",
        "banos": "5 baños",
        "metros_utiles": "424 m² útiles",
        "caracteristicas_raw": "14 dormitorios | 5 baños | 424 m² útiles",
        "ubicacion": "Quinta Normal 3300 - 3600, Universidad De Santiago, Estación Central",
        "url": "",
        "direccion_geocoded": "Quinta Normal 3300 - 3600, Estación Central, Santiago, Chile"
      }
    },
    {
      "type": "Feature",
      "geometry": {
        "type": "Point",
        "coordinates": [
          -70.724931922648,
          -33.469913461284
        ]
      },
      "properties": {
        "fecha_extraccion": "2025-11-29 18:03:18",
        "comuna": "Estación Central",
        "tipo_propiedad": "casa",
        "titulo": "Las Parcelas / Pajaritos (131443)",
        "precio": "110000000",
        "moneda": "CLP",
        "dormitorios": "3 dormitorios",
        "banos": "2 baños",
        "metros_utiles": "72 m² útiles",
        "caracteristicas_raw": "3 dormitorios | 2 baños | 72 m² útiles",
        "ubicacion": "Tejas Verdes 4500 - 4800, Estación Central, Chile, Metro Pajaritos, Estación Central",
        "url": "",
        "direccion_geocoded": "Tejas Verdes 4500 - 4800, Estación Central, Santiago, Chile"
      }
    },
    {
      "type": "Feature",
      "geometry": {
        "type": "Point",
        "coordinates": [
          -70.700979368156,
          -33.46963210193
        ]
      },
      "properties": {
        "fecha_extraccion": "2025-11-29 18:03:18",
        "comuna": "Estación Central",
        "tipo_propiedad": "casa",
        "titulo": "Casa En Venta En Estación Central",
        "precio": "3060",
        "moneda": "CLF",
        "dormitorios": "3 dormitorios",
        "banos": "1 baño",
        "metros_utiles": "86 m² útiles",
        "caracteristicas_raw": "3 dormitorios | 1 baño | 86 m² útiles",
        "ubicacion": "Antártica 4853, Santiago, Estación Central, Chile, Nogales - San Eugenio, Estación Central",
        "url": "",
        "direccion_geocoded": "Antártica 4853, Estación Central, Santiago, Chile"
      }
    },
    {
      "type": "Feature",
      "geometry": {
        "type": "Point",
        "coordinates": [
          -70.689818637788,
          -33.451769900809
        ]
      },
      "properties": {
        "fecha_extraccion": "2025-11-29 18:03:18",
        "comuna": "Estación Central",
        "tipo_propiedad": "casa",
        "titulo": "Venta Casa Estación. Central 3d+1b  (131436)",
        "precio": "2600",
        "moneda": "CLF",
        "dormitorios": "3 dormitorios",
        "banos": "1 baño",
        "metros_utiles": "112 m² útiles",
        "caracteristicas_raw": "3 dormitorios | 1 baño | 112 m² útiles",
        "ubicacion": "Nicasio Retamales, Santiago, Estación Central, Chile, Universidad De Santiago, Estación Central",
        "url": "",
        "direccion_geocoded": "Nicasio Retamales, Estación Central, Santiago, Chile"
      }
    },
    {
      "type": "Feature",
      "geometry": {
        "type": "Point",
        "coordinates": [
          -70.705802901977,
          -33.45254441884
        ]
      },
      "properties": {
        "fecha_extraccion": "2025-11-29 18:03:18",
        "comuna": "Estación Central",
        "tipo_propiedad": "casa",
        "titulo": "Casa En Venta En Metro Las Rejas",
        "precio": "100000000",
        "moneda": "CLP",
        "dormitorios": "3 dormitorios",
        "banos": "1 baño",
        "metros_utiles": "70 m² útiles",
        "caracteristicas_raw": "3 dormitorios | 1 baño | 70 m² útiles",
        "ubicacion": "La Laguna 84, Santiago, Estación Central, Metro Las Rejas, Estación Central",
        "url": "",
        "direccion_geocoded": "La Laguna 84, Estación Central, Santiago, Chile"
      }
    },
    {
      "type": "Feature",
      "geometry": {
        "type": "Point",
        "coordinates": [
          -70.710948887612,
          -33.46689821848
        ]
      },
      "properties": {
        "fecha_extraccion": "2025-11-29 18:03:18",
        "comuna": "Estación Central",
        "tipo_propiedad": "casa",
        "titulo": "Casa En Venta En Estación Central",
        "precio": "3115",
        "moneda": "CLF",
        "dormitorios": "3 dormitorios",
        "banos": "2 baños",
        "metros_utiles": "155 m² útiles",
        "caracteristicas_raw": "3 dormitorios | 2 baños | 155 m² útiles",
        "ubicacion": "Aeropuerto 396, Santiago, Estación Central, Metro Las Rejas, Estación Central",
        "url": "",
        "direccion_geocoded": "Aeropuerto 396, Estación Central, Santiago, Chile"
      }
    },
    {
      "type": "Feature",
      "geometry": {
        "type": "Point",
        "coordinates": [
          -70.6984636,
          -33.4593631
        ]
      },
      "properties": {
        "fecha_extraccion": "2025-11-29 18:03:18",
        "comuna": "Estación Central",
        "tipo_propiedad": "casa",
        "titulo": "D9427184- Venta Casa Av. Ecuador - 6d2b3e",
        "precio": "22300",
        "moneda": "CLF",
        "dormitorios": "6 dormitorios",
        "banos": "2 baños",
        "metros_utiles": "373 m² útiles",
        "caracteristicas_raw": "6 dormitorios | 2 baños | 373 m² útiles",
        "ubicacion": "Estación Central",
        "url": "",
        "direccion_geocoded": "Estación Central, Santiago, Chile"
      }
    },
    {
      "type": "Feature",
      "geometry": {
        "type": "Point",
        "coordinates": [
          -70.692361514406,
          -33.457567609594
        ]
      },
      "properties": {
        "fecha_extraccion": "2025-11-29 18:03:18",
        "comuna": "Estación Central",
        "tipo_propiedad": "casa",
        "titulo": "Amplia Y Espaciosa Casa Para Cualquier Proyecto",
        "precio": "183500000",
        "moneda": "CLP",
        "dormitorios": "4 dormitorios",
        "banos": "2 baños",
        "metros_utiles": "133 m² útiles",
        "caracteristicas_raw": "4 dormitorios | 2 baños | 133 m² útiles",
        "ubicacion": "Coronel Souper 4200 - 4500, Santiago, Estación Central, Chile, San Alberto Hurtado, Estación Central",
        "url": "",
        "direccion_geocoded": "Coronel Souper 4200 - 4500, Estación Central, Santiago, Chile"
      }
    },
    {
      "type": "Feature",
      "geometry": {
        "type": "Point",
        "coordinates": [
          -70.68147442801,
          -33.470653814017
        ]
      },
      "properties": {
        "fecha_extraccion": "2025-11-29 18:03:18",
        "comuna": "Estación Central",
        "tipo_propiedad": "casa",
        "titulo": "Casa Antigua Con Muchas Ampliaciones En Buen Estado ",
        "precio": "160000000",
        "moneda": "CLP",
        "dormitorios": "18 dormitorios",
        "banos": "4 baños",
        "metros_utiles": "170 m² útiles",
        "caracteristicas_raw": "18 dormitorios | 4 baños | 170 m² útiles",
        "ubicacion": "Av. Pedro Aguirre Cerda 3041, Estación Central, Nogales - San Eugenio, Estación Central",
        "url": "",
        "direccion_geocoded": "Av. Pedro Aguirre Cerda 3041, Estación Central, Santiago, Chile"
      }
    },
    {
      "type": "Feature",
      "geometry": {
        "type": "Point",
        "coordinates": [
          -70.692976829919,
          -33.455222017809
        ]
      },
      "properties": {
        "fecha_extraccion": "2025-11-29 18:03:18",
        "comuna": "Estación Central",
        "tipo_propiedad": "casa",
        "titulo": "Casa En Estacion Central, 3d, 1b.",
        "precio": "120000000",
        "moneda": "CLP",
        "dormitorios": "3 dormitorios",
        "banos": "1 baño",
        "metros_utiles": "128 m² útiles",
        "caracteristicas_raw": "3 dormitorios | 1 baño | 128 m² útiles",
        "ubicacion": "Federico Hansen 4184, Estación Central, San Alberto Hurtado, Estación Central",
        "url": "",
        "direccion_geocoded": "Federico Hansen 4184, Estación Central, Santiago, Chile"
      }
    },
    {
      "type": "Feature",
      "geometry": {
        "type": "Point",
        "coordinates": [
          -70.71015788741,
          -33.462151504803
        ]
      },
      "properties": {
        "fecha_extraccion": "2025-11-29 18:03:18",
        "comuna": "Estación Central",
        "tipo_propiedad": "casa",
        "titulo": "Oportunidad 3 Casas En 1, Perfecta Para Inversión",
        "precio": "135000000",
        "moneda": "CLP",
        "dormitorios": "5 dormitorios",
        "banos": "3 baños",
        "metros_utiles": "150 m² útiles",
        "caracteristicas_raw": "5 dormitorios | 3 baños | 150 m² útiles",
        "ubicacion": "El Lingue 204, Santiago, Estación Central, Metro Las Rejas, Estación Central",
        "url": "",
        "direccion_geocoded": "El Lingue 204, Estación Central, Santiago, Chile"
      }
    },
    {
      "type": "Feature",
      "geometry": {
        "type": "Point",
        "coordinates": [
          -70.7005024,
          -33.4521299
        ]
      },
      "properties": {
        "fecha_extraccion": "2025-11-29 18:03:18",
        "comuna": "Estación Central",
        "tipo_propiedad": "casa",
        "titulo": "Terreno De 572 M2 Con Casa Cerca De Metro Ecuador",
        "precio": "11210",
        "moneda": "CLF",
        "dormitorios": "1 dormitorio",
        "banos": "1 baño",
        "metros_utiles": "572 m² útiles",
        "caracteristicas_raw": "1 dormitorio | 1 baño | 572 m² útiles",
        "ubicacion": "TERRENO DE 572 M2 CON CASA CERCA DE METRO ECUADOR, Metro Ecuador, Estación Central",
        "url": "",
        "direccion_geocoded": "TERRENO DE 572 M2 CON CASA CERCA DE ECUADOR, Estación Central, Santiago, Chile"
      }
    },
    {
      "type": "Feature",
      "geometry": {
        "type": "Point",
        "coordinates": [
          -70.704496922167,
          -33.434323149372
        ]
      },
      "properties": {
        "fecha_extraccion": "2025-11-29 18:03:18",
        "comuna": "Estación Central",
        "tipo_propiedad": "casa",
        "titulo": "Casa Remodelada, Estacion Central",
        "precio": "260000000",
        "moneda": "CLP",
        "dormitorios": "13 dormitorios",
        "banos": "4 baños",
        "metros_utiles": "200 m² útiles",
        "caracteristicas_raw": "13 dormitorios | 4 baños | 200 m² útiles",
        "ubicacion": "Radal Del Obispo Francisco Anabalón Duarte 064, Santiago, Estación Central, Metro Ecuador, Estación Central",
        "url": "",
        "direccion_geocoded": "Radal Del Obispo Francisco Anabalón Duarte 064, Estación Central, Santiago, Chile"
      }
    },
    {
      "type": "Feature",
      "geometry": {
        "type": "Point",
        "coordinates": [
          -70.689050327376,
          -33.452135507694
        ]
      },
      "properties": {
        "fecha_extraccion": "2025-11-29 18:03:18",
        "comuna": "Estación Central",
        "tipo_propiedad": "casa",
        "titulo": "Casa Tradicional, A Pasos Metro L1. Universidad De Santiago",
        "precio": "200000000",
        "moneda": "CLP",
        "dormitorios": "5 dormitorios",
        "banos": "2 baños",
        "metros_utiles": "140 m² útiles",
        "caracteristicas_raw": "5 dormitorios | 2 baños | 140 m² útiles",
        "ubicacion": "Federico Scotto 80, Estación Central, Universidad De Santiago, Estación Central",
        "url": "",
        "direccion_geocoded": "Federico Scotto 80, Estación Central, Santiago, Chile"
      }
    },
    {
      "type": "Feature",
      "geometry": {
        "type": "Point",
        "coordinates": [
          -70.704496922167,
          -33.434323149372
        ]
      },
      "properties": {
        "fecha_extraccion": "2025-11-29 18:03:18",
        "comuna": "Estación Central",
        "tipo_propiedad": "casa",
        "titulo": "Propiedad Comercial En Venta Estación Central",
        "precio": "230000000",
        "moneda": "CLP",
        "dormitorios": "6 dormitorios",
        "banos": "3 baños",
        "metros_utiles": "250 m² útiles",
        "caracteristicas_raw": "6 dormitorios | 3 baños | 250 m² útiles",
        "ubicacion": "Radal Del Obispo Francisco Anabalón Duarte, Estación Central, Metro Ecuador, Estación Central",
        "url": "",
        "direccion_geocoded": "Radal Del Obispo Francisco Anabalón Duarte, Estación Central, Santiago, Chile"
      }
    },
    {
      "type": "Feature",
      "geometry": {
        "type": "Point",
        "coordinates": [
          -70.690843384103,
          -33.459752520295
        ]
      },
      "properties": {
        "fecha_extraccion": "2025-11-29 18:03:18",
        "comuna": "Estación Central",
        "tipo_propiedad": "casa",
        "titulo": "Venta Casa, 340 Mts.2 Terre, General Velázquez $ 130.000.000",
        "precio": "130000000",
        "moneda": "CLP",
        "dormitorios": "2 dormitorios",
        "banos": "1 baño",
        "metros_utiles": "140 m² útiles",
        "caracteristicas_raw": "2 dormitorios | 1 baño | 140 m² útiles",
        "ubicacion": "Marinero Pedro Aros 4109, Estación Central, Nogales - San Eugenio, Estación Central",
        "url": "",
        "direccion_geocoded": "Marinero Pedro Aros 4109, Estación Central, Santiago, Chile"
      }
    },
    {
      "type": "Feature",
      "geometry": {
        "type": "Point",
        "coordinates": [
          -70.7107,
          -33.4604
        ]
      },
      "properties": {
        "fecha_extraccion": "2025-11-29 18:03:18",
        "comuna": "Estación Central",
        "tipo_propiedad": "casa",
        "titulo": "Casa En Venta De 3 Dorm. En Estación Central",
        "precio": "147000000",
        "moneda": "CLP",
        "dormitorios": "3 dormitorios",
        "banos": "2 baños",
        "metros_utiles": "77 m² útiles",
        "caracteristicas_raw": "3 dormitorios | 2 baños | 77 m² útiles",
        "ubicacion": "Metro Las Rejas, Metro Las Rejas, Estación Central",
        "url": "",
        "direccion_geocoded": "Las Rejas, Estación Central, Santiago, Chile"
      }
    },
    {
      "type": "Feature",
      "geometry": {
        "type": "Point",
        "coordinates": [
          -70.721563747441,
          -33.473020679746
        ]
      },
      "properties": {
        "fecha_extraccion": "2025-11-29 18:03:18",
        "comuna": "Estación Central",
        "tipo_propiedad": "casa",
        "titulo": "Casa 5 De Abril Las Rejas 3 Dormitorios 2 Baños 330m2",
        "precio": "4000",
        "moneda": "CLF",
        "dormitorios": "3 dormitorios",
        "banos": "2 baños",
        "metros_utiles": "147 m² útiles",
        "caracteristicas_raw": "3 dormitorios | 2 baños | 147 m² útiles",
        "ubicacion": "Avenida 5 De Abril, 5051, Metro Las Rejas, Estación Central",
        "url": "",
        "direccion_geocoded": "Avenida 5 De Abril, Estación Central, Santiago, Chile"
      }
    },
    {
      "type": "Feature",
      "geometry": {
        "type": "Point",
        "coordinates": [
          -70.681192520457,
          -33.451023543374
        ]
      },
      "properties": {
        "fecha_extraccion": "2025-11-29 18:03:18",
        "comuna": "Estación Central",
        "tipo_propiedad": "casa",
        "titulo": "Venta Propiedad Comercial Con Gran Conectividad",
        "precio": "180000000",
        "moneda": "CLP",
        "dormitorios": "6 dormitorios",
        "banos": "2 baños",
        "metros_utiles": "192 m² útiles",
        "caracteristicas_raw": "6 dormitorios | 2 baños | 192 m² útiles",
        "ubicacion": "Avenida Ecuador, 4210, San Alberto Hurtado, Estación Central",
        "url": "",
        "direccion_geocoded": "Avenida Ecuador, Estación Central, Santiago, Chile"
      }
    },
    {
      "type": "Feature",
      "geometry": {
        "type": "Point",
        "coordinates": [
          -70.697335168113,
          -33.468458006842
        ]
      },
      "properties": {
        "fecha_extraccion": "2025-11-29 18:03:18",
        "comuna": "Estación Central",
        "tipo_propiedad": "casa",
        "titulo": "Venta 3 Dorm. 2 Baños 2 Estac. Estación Central",
        "precio": "110000000",
        "moneda": "CLP",
        "dormitorios": "3 dormitorios",
        "banos": "2 baños",
        "metros_utiles": "110 m² útiles",
        "caracteristicas_raw": "3 dormitorios | 2 baños | 110 m² útiles",
        "ubicacion": "G. Franke N° 589, Estación Central, Nogales - San Eugenio, Estación Central",
        "url": "",
        "direccion_geocoded": "G. Franke N° 589, Estación Central, Santiago, Chile"
      }
    },
    {
      "type": "Feature",
      "geometry": {
        "type": "Point",
        "coordinates": [
          -70.705650016063,
          -33.459562418731
        ]
      },
      "properties": {
        "fecha_extraccion": "2025-11-29 18:03:18",
        "comuna": "Estación Central",
        "tipo_propiedad": "casa",
        "titulo": "Casa Venta Estacion Central",
        "precio": "4399",
        "moneda": "CLF",
        "dormitorios": "3 dormitorios",
        "banos": "2 baños",
        "metros_utiles": "140 m² útiles",
        "caracteristicas_raw": "3 dormitorios | 2 baños | 140 m² útiles",
        "ubicacion": "Av. Las Rejas 215, Santiago, Estación Central, Metro Las Rejas, Estación Central",
        "url": "",
        "direccion_geocoded": "Av. Las Rejas 215, Estación Central, Santiago, Chile"
      }
    },
    {
      "type": "Feature",
      "geometry": {
        "type": "Point",
        "coordinates": [
          -70.688149283406,
          -33.452075571812
        ]
      },
      "properties": {
        "fecha_extraccion": "2025-11-29 18:03:18",
        "comuna": "Estación Central",
        "tipo_propiedad": "casa",
        "titulo": "Oferta, Casa Centra A Estación De Metro (127363)",
        "precio": "87000000",
        "moneda": "CLP",
        "dormitorios": "2 dormitorios",
        "banos": "1 baño",
        "metros_utiles": "163 m² útiles",
        "caracteristicas_raw": "2 dormitorios | 1 baño | 163 m² útiles",
        "ubicacion": "Ruiz Tagle 1 - 300, Nogales - San Eugenio, Estación Central",
        "url": "",
        "direccion_geocoded": "Ruiz Tagle 1 - 300, Estación Central, Santiago, Chile"
      }
    },
    {
      "type": "Feature",
      "geometry": {
        "type": "Point",
        "coordinates": [
          -70.700121242331,
          -33.462778386293
        ]
      },
      "properties": {
        "fecha_extraccion": "2025-11-29 18:03:18",
        "comuna": "Estación Central",
        "tipo_propiedad": "casa",
        "titulo": "Casa En Venta 5 De Abril Con Las Rejas (127063)",
        "precio": "2797",
        "moneda": "CLF",
        "dormitorios": "2 dormitorios",
        "banos": "1 baño",
        "metros_utiles": "57 m² útiles",
        "caracteristicas_raw": "2 dormitorios | 1 baño | 57 m² útiles",
        "ubicacion": "Avenida 5 De Abril 4800 - 5100, Santiago, Estación Central, Chile, Estación Central",
        "url": "",
        "direccion_geocoded": "Avenida 5 De Abril 4800 - 5100, Estación Central, Santiago, Chile"
      }
    },
    {
      "type": "Feature",
      "geometry": {
        "type": "Point",
        "coordinates": [
          -70.705990931276,
          -33.461083432034
        ]
      },
      "properties": {
        "fecha_extraccion": "2025-11-29 18:03:18",
        "comuna": "Estación Central",
        "tipo_propiedad": "casa",
        "titulo": "Moderna Casa 4d 2b Cercana A Metro Las Rejas  (129898)",
        "precio": "4930",
        "moneda": "CLF",
        "dormitorios": "4 dormitorios",
        "banos": "2 baños",
        "metros_utiles": "122 m² útiles",
        "caracteristicas_raw": "4 dormitorios | 2 baños | 122 m² útiles",
        "ubicacion": "Agustín López 1 - 300, Metro Las Rejas, Estación Central",
        "url": "",
        "direccion_geocoded": "Agustín López 1 - 300, Estación Central, Santiago, Chile"
      }
    },
    {
      "type": "Feature",
      "geometry": {
        "type": "Point",
        "coordinates": [
          -70.708362393077,
          -33.45841872629
        ]
      },
      "properties": {
        "fecha_extraccion": "2025-11-29 18:03:18",
        "comuna": "Estación Central",
        "tipo_propiedad": "casa",
        "titulo": "Casa En Venta De 2b Y 1b Ubicada En Estación Central",
        "precio": "2550",
        "moneda": "CLF",
        "dormitorios": "2 dormitorios",
        "banos": "1 baño",
        "metros_utiles": "60 m² útiles",
        "caracteristicas_raw": "2 dormitorios | 1 baño | 60 m² útiles",
        "ubicacion": "El Boldo, 323, Metro Las Rejas, Estación Central",
        "url": "",
        "direccion_geocoded": "El Boldo, Estación Central, Santiago, Chile"
      }
    },
    {
      "type": "Feature",
      "geometry": {
        "type": "Point",
        "coordinates": [
          -70.707746317791,
          -33.467004963143
        ]
      },
      "properties": {
        "fecha_extraccion": "2025-11-29 18:03:18",
        "comuna": "Estación Central",
        "tipo_propiedad": "casa",
        "titulo": "Venta Casa Estación Central !!",
        "precio": "115000000",
        "moneda": "CLP",
        "dormitorios": "3 dormitorios",
        "banos": "1 baño",
        "metros_utiles": "143 m² útiles",
        "caracteristicas_raw": "3 dormitorios | 1 baño | 143 m² útiles",
        "ubicacion": "Burgos, 5976, Villa Francia, Estación Central",
        "url": "",
        "direccion_geocoded": "Burgos, Estación Central, Santiago, Chile"
      }
    },
    {
      "type": "Feature",
      "geometry": {
        "type": "Point",
        "coordinates": [
          -70.719881183706,
          -33.472351552992
        ]
      },
      "properties": {
        "fecha_extraccion": "2025-11-29 18:03:18",
        "comuna": "Estación Central",
        "tipo_propiedad": "casa",
        "titulo": "Vendo Casa 5 Dormitorios  (67671)",
        "precio": "110000000",
        "moneda": "CLP",
        "dormitorios": "5 dormitorios",
        "banos": "1 baño",
        "metros_utiles": "140 m² útiles",
        "caracteristicas_raw": "5 dormitorios | 1 baño | 140 m² útiles",
        "ubicacion": "Luis Infante Cerda, Santiago, Estación Central, Chile, Nogales - San Eugenio, Estación Central",
        "url": "",
        "direccion_geocoded": "Luis Infante Cerda, Estación Central, Santiago, Chile"
      }
    },
    {
      "type": "Feature",
      "geometry": {
        "type": "Point",
        "coordinates": [
          -70.696301008899,
          -33.45859120761
        ]
      },
      "properties": {
        "fecha_extraccion": "2025-11-29 18:03:18",
        "comuna": "Estación Central",
        "tipo_propiedad": "casa",
        "titulo": "Amplia Casa Esquina Amengual/cnel Souper",
        "precio": "220000000",
        "moneda": "CLP",
        "dormitorios": "4 dormitorios",
        "banos": "2 baños",
        "metros_utiles": "146 m² útiles",
        "caracteristicas_raw": "4 dormitorios | 2 baños | 146 m² útiles",
        "ubicacion": "General Amengual 202, Santiago, Estación Central, Chile, San Alberto Hurtado, Estación Central",
        "url": "",
        "direccion_geocoded": "General Amengual 202, Estación Central, Santiago, Chile"
      }
    },
    {
      "type": "Feature",
      "geometry": {
        "type": "Point",
        "coordinates": [
          -70.722110481338,
          -33.459666186692
        ]
      },
      "properties": {
        "fecha_extraccion": "2025-11-29 18:03:18",
        "comuna": "Estación Central",
        "tipo_propiedad": "casa",
        "titulo": "Excelente Casa Laguna Peñuelas - Estación Central",
        "precio": "5100",
        "moneda": "CLF",
        "dormitorios": "4 dormitorios",
        "banos": "3 baños",
        "metros_utiles": "135 m² útiles",
        "caracteristicas_raw": "4 dormitorios | 3 baños | 135 m² útiles",
        "ubicacion": "Laguna Peñuelas 212, Estación Central, Metro Pajaritos, Estación Central",
        "url": "",
        "direccion_geocoded": "Laguna Peñuelas 212, Estación Central, Santiago, Chile"
      }
    },
    {
      "type": "Feature",
      "geometry": {
        "type": "Point",
        "coordinates": [
          -70.688197720185,
          -33.457132295453
        ]
      },
      "properties": {
        "fecha_extraccion": "2025-11-29 18:03:18",
        "comuna": "Estación Central",
        "tipo_propiedad": "casa",
        "titulo": "Casa De Dos Pisos En Estación Central Cerca Del Terminal",
        "precio": "4050",
        "moneda": "CLF",
        "dormitorios": "6 dormitorios",
        "banos": "3 baños",
        "metros_utiles": "130 m² útiles",
        "caracteristicas_raw": "6 dormitorios | 3 baños | 130 m² útiles",
        "ubicacion": "Nicasio Retamales 277, Santiago, Estación Central, Universidad De Santiago, Estación Central",
        "url": "",
        "direccion_geocoded": "Nicasio Retamales 277, Estación Central, Santiago, Chile"
      }
    },
    {
      "type": "Feature",
      "geometry": {
        "type": "Point",
        "coordinates": [
          -70.719391912558,
          -33.457638006156
        ]
      },
      "properties": {
        "fecha_extraccion": "2025-11-29 18:03:18",
        "comuna": "Estación Central",
        "tipo_propiedad": "casa",
        "titulo": "Venta Casa Con Habitantes 3d 3b Laguna Sur (97820)",
        "precio": "178000000",
        "moneda": "CLP",
        "dormitorios": "3 dormitorios",
        "banos": "3 baños",
        "metros_utiles": "86 m² útiles",
        "caracteristicas_raw": "3 dormitorios | 3 baños | 86 m² útiles",
        "ubicacion": "Avenida Laguna Sur 1 - 300, Metro Pajaritos, Estación Central",
        "url": "",
        "direccion_geocoded": "Avenida Laguna Sur 1 - 300, Estación Central, Santiago, Chile"
      }
    },
    {
      "type": "Feature",
      "geometry": {
        "type": "Point",
        "coordinates": [
          -70.698582730581,
          -33.454707285135
        ]
      },
      "properties": {
        "fecha_extraccion": "2025-11-29 18:03:18",
        "comuna": "Estación Central",
        "tipo_propiedad": "casa",
        "titulo": "Vendo Casa Amplia 5 Habitaciones U Oficinas + 2 Baño+ Cocina",
        "precio": "95000000",
        "moneda": "CLP",
        "dormitorios": "5 dormitorios",
        "banos": "1 baño",
        "metros_utiles": "111 m² útiles",
        "caracteristicas_raw": "5 dormitorios | 1 baño | 111 m² útiles",
        "ubicacion": "Hipólito Olivares 80, Santiago, Estación Central, Metro Ecuador, Estación Central",
        "url": "",
        "direccion_geocoded": "Hipólito Olivares 80, Estación Central, Santiago, Chile"
      }
    },
    {
      "type": "Feature",
      "geometry": {
        "type": "Point",
        "coordinates": [
          -70.72361662902,
          -33.458219438899
        ]
      },
      "properties": {
        "fecha_extraccion": "2025-11-29 18:03:18",
        "comuna": "Estación Central",
        "tipo_propiedad": "casa",
        "titulo": "Casa En Venta, Laguna Del Laja, Valle Verde.",
        "precio": "235000000",
        "moneda": "CLP",
        "dormitorios": "5 dormitorios",
        "banos": "4 baños",
        "metros_utiles": "79 m² útiles",
        "caracteristicas_raw": "5 dormitorios | 4 baños | 79 m² útiles",
        "ubicacion": "Laguna Del Laja SN, Metro Pajaritos, Estación Central",
        "url": "",
        "direccion_geocoded": "Laguna Del Laja SN, Estación Central, Santiago, Chile"
      }
    },
    {
      "type": "Feature",
      "geometry": {
        "type": "Point",
        "coordinates": [
          -70.689191897721,
          -33.461247809912
        ]
      },
      "properties": {
        "fecha_extraccion": "2025-11-29 18:03:18",
        "comuna": "Estación Central",
        "tipo_propiedad": "casa",
        "titulo": "Casa En Venta En Nogales - San Eugenio",
        "precio": "78000000",
        "moneda": "CLP",
        "dormitorios": "3 dormitorios",
        "banos": "2 baños",
        "metros_utiles": "80 m² útiles",
        "caracteristicas_raw": "3 dormitorios | 2 baños | 80 m² útiles",
        "ubicacion": "Juan Carrera 3983, Santiago, Estación Central, Nogales - San Eugenio, Estación Central",
        "url": "",
        "direccion_geocoded": "Juan Carrera 3983, Estación Central, Santiago, Chile"
      }
    },
    {
      "type": "Feature",
      "geometry": {
        "type": "Point",
        "coordinates": [
          -70.719391912558,
          -33.457638006156
        ]
      },
      "properties": {
        "fecha_extraccion": "2025-11-29 18:03:18",
        "comuna": "Estación Central",
        "tipo_propiedad": "casa",
        "titulo": "Tú Casa En Valle Verde, Paradero 5 De Pajaritos",
        "precio": "270000000",
        "moneda": "CLP",
        "dormitorios": "4 dormitorios",
        "banos": "3 baños",
        "metros_utiles": "130 m² útiles",
        "caracteristicas_raw": "4 dormitorios | 3 baños | 130 m² útiles",
        "ubicacion": "Av. Laguna Sur, Estación Central, Metro Pajaritos, Estación Central",
        "url": "",
        "direccion_geocoded": "Av. Laguna Sur, Estación Central, Santiago, Chile"
      }
    },
    {
      "type": "Feature",
      "geometry": {
        "type": "Point",
        "coordinates": [
          -70.705598383539,
          -33.4571827126
        ]
      },
      "properties": {
        "fecha_extraccion": "2025-11-29 18:03:18",
        "comuna": "Estación Central",
        "tipo_propiedad": "casa",
        "titulo": "Venta Casa 4 Dorm. 2 Baños 2 Estac. Metro Las Rejas",
        "precio": "169000000",
        "moneda": "CLP",
        "dormitorios": "4 dormitorios",
        "banos": "2 baños",
        "metros_utiles": "105 m² útiles",
        "caracteristicas_raw": "4 dormitorios | 2 baños | 105 m² útiles",
        "ubicacion": "Las Rejas Con Alameda, Metro Las Rejas, Estación Central",
        "url": "",
        "direccion_geocoded": "Las Rejas Con Alameda, Estación Central, Santiago, Chile"
      }
    },
    {
      "type": "Feature",
      "geometry": {
        "type": "Point",
        "coordinates": [
          -70.7005024,
          -33.4521299
        ]
      },
      "properties": {
        "fecha_extraccion": "2025-11-29 18:03:18",
        "comuna": "Estación Central",
        "tipo_propiedad": "casa",
        "titulo": "Se Vende Casa Residencial  Estación Central - Santiago",
        "precio": "140000000",
        "moneda": "CLP",
        "dormitorios": "3 dormitorios",
        "banos": "1 baño",
        "metros_utiles": "112 m² útiles",
        "caracteristicas_raw": "3 dormitorios | 1 baño | 112 m² útiles",
        "ubicacion": "Metro Ecuador, Estación Central",
        "url": "",
        "direccion_geocoded": "Ecuador, Estación Central, Santiago, Chile"
      }
    },
    {
      "type": "Feature",
      "geometry": {
        "type": "Point",
        "coordinates": [
          -70.6984636,
          -33.4593631
        ]
      },
      "properties": {
        "fecha_extraccion": "2025-11-29 18:03:18",
        "comuna": "Estación Central",
        "tipo_propiedad": "casa",
        "titulo": "Gran Terreno En Estación Central Con Casa Para Remodelar",
        "precio": "67000000",
        "moneda": "CLP",
        "dormitorios": "3 dormitorios",
        "banos": "2 baños",
        "metros_utiles": "210 m² útiles",
        "caracteristicas_raw": "3 dormitorios | 2 baños | 210 m² útiles",
        "ubicacion": "Estación Central, Metro Las Rejas",
        "url": "",
        "direccion_geocoded": "Estación Central, Estación Central, Santiago, Chile"
      }
    },
    {
      "type": "Feature",
      "geometry": {
        "type": "Point",
        "coordinates": [
          -70.703542512238,
          -33.472877553884
        ]
      },
      "properties": {
        "fecha_extraccion": "2025-11-29 18:03:18",
        "comuna": "Estación Central",
        "tipo_propiedad": "casa",
        "titulo": "Oportunidad Barrio Residencial Excelente Conectividad",
        "precio": "3858",
        "moneda": "CLF",
        "dormitorios": "5 dormitorios",
        "banos": "2 baños",
        "metros_utiles": "135 m² útiles",
        "caracteristicas_raw": "5 dormitorios | 2 baños | 135 m² útiles",
        "ubicacion": "Av. Las Rejas, Estación Central, Villa Francia, Estación Central",
        "url": "",
        "direccion_geocoded": "Av. Las Rejas, Estación Central, Santiago, Chile"
      }
    },
    {
      "type": "Feature",
      "geometry": {
        "type": "Point",
        "coordinates": [
          -70.702283927566,
          -33.454574683427
        ]
      },
      "properties": {
        "fecha_extraccion": "2025-11-29 18:03:18",
        "comuna": "Estación Central",
        "tipo_propiedad": "casa",
        "titulo": "Casa En Venta De 4 Dorm. En Estación Central",
        "precio": "3900",
        "moneda": "CLF",
        "dormitorios": "4 dormitorios",
        "banos": "1 baño",
        "metros_utiles": "100 m² útiles",
        "caracteristicas_raw": "4 dormitorios | 1 baño | 100 m² útiles",
        "ubicacion": "Ecuador Con Francisco Zelada / Aplica FOGAES, Metro Ecuador, Estación Central",
        "url": "",
        "direccion_geocoded": "Ecuador Con Francisco Zelada / Aplica FOGAES, Estación Central, Santiago, Chile"
      }
    },
    {
      "type": "Feature",
      "geometry": {
        "type": "Point",
        "coordinates": [
          -70.707001933226,
          -33.475994301716
        ]
      },
      "properties": {
        "fecha_extraccion": "2025-11-29 18:03:18",
        "comuna": "Estación Central",
        "tipo_propiedad": "casa",
        "titulo": "Villa Robert Kennedy176/170mts2.prop.con Depto.independiente",
        "precio": "99900000",
        "moneda": "CLP",
        "dormitorios": "6 dormitorios",
        "banos": "2 baños",
        "metros_utiles": "70 m² útiles",
        "caracteristicas_raw": "6 dormitorios | 2 baños | 70 m² útiles",
        "ubicacion": "Luis Infante Cerda 6017, Santiago, Estación Central, Chile, Villa Francia, Estación Central",
        "url": "",
        "direccion_geocoded": "Luis Infante Cerda 6017, Estación Central, Santiago, Chile"
      }
    },
    {
      "type": "Feature",
      "geometry": {
        "type": "Point",
        "coordinates": [
          -70.682164091003,
          -33.45481771671
        ]
      },
      "properties": {
        "fecha_extraccion": "2025-11-29 18:03:18",
        "comuna": "Estación Central",
        "tipo_propiedad": "casa",
        "titulo": "Casa En Venta En Estación Central",
        "precio": "330000000",
        "moneda": "CLP",
        "dormitorios": "3 dormitorios",
        "banos": "2 baños",
        "metros_utiles": "118 m² útiles",
        "caracteristicas_raw": "3 dormitorios | 2 baños | 118 m² útiles",
        "ubicacion": "Dolores Con 5 De Abril, Nogales - San Eugenio, Estación Central",
        "url": "",
        "direccion_geocoded": "Dolores Con 5 De Abril, Estación Central, Santiago, Chile"
      }
    },
    {
      "type": "Feature",
      "geometry": {
        "type": "Point",
        "coordinates": [
          -70.703781606026,
          -33.462108505639
        ]
      },
      "properties": {
        "fecha_extraccion": "2025-11-29 18:03:18",
        "comuna": "Estación Central",
        "tipo_propiedad": "casa",
        "titulo": "Preciosa Casa, Rentabilidad Asegurada",
        "precio": "11092",
        "moneda": "CLF",
        "dormitorios": "6 dormitorios",
        "banos": "3 baños",
        "metros_utiles": "263 m² útiles",
        "caracteristicas_raw": "6 dormitorios | 3 baños | 263 m² útiles",
        "ubicacion": "Las Camelias 730, Santiago, Estación Central, Chile, Metro Las Rejas, Estación Central",
        "url": "",
        "direccion_geocoded": "Las Camelias 730, Estación Central, Santiago, Chile"
      }
    },
    {
      "type": "Feature",
      "geometry": {
        "type": "Point",
        "coordinates": [
          -70.713870483783,
          -33.465358504777
        ]
      },
      "properties": {
        "fecha_extraccion": "2025-11-29 18:03:18",
        "comuna": "Estación Central",
        "tipo_propiedad": "casa",
        "titulo": "Casa En Venta De 4 Dorm. En Estación Central",
        "precio": "19140",
        "moneda": "CLF",
        "dormitorios": "4 dormitorios",
        "banos": "1 baño",
        "metros_utiles": "140 m² útiles",
        "caracteristicas_raw": "4 dormitorios | 1 baño | 140 m² útiles",
        "ubicacion": "Manuel Rivas Vicuña 575, Estacion Central, Metro Pajaritos, Estación Central",
        "url": "",
        "direccion_geocoded": "Manuel Rivas Vicuña 575, Estación Central, Santiago, Chile"
      }
    },
    {
      "type": "Feature",
      "geometry": {
        "type": "Point",
        "coordinates": [
          -70.6804145,
          -33.4507326
        ]
      },
      "properties": {
        "fecha_extraccion": "2025-11-29 18:03:18",
        "comuna": "Estación Central",
        "tipo_propiedad": "casa",
        "titulo": "Acogedora Casa, Gran Vista Y Excelente Conectividad",
        "precio": "8500",
        "moneda": "CLF",
        "dormitorios": "2 dormitorios",
        "banos": "2 baños",
        "metros_utiles": "248 m² útiles",
        "caracteristicas_raw": "2 dormitorios | 2 baños | 248 m² útiles",
        "ubicacion": "Universidad De Santiago, Estación Central",
        "url": "",
        "direccion_geocoded": "Universidad De Santiago, Estación Central, Santiago, Chile"
      }
    },
    {
      "type": "Feature",
      "geometry": {
        "type": "Point",
        "coordinates": [
          -70.719881183706,
          -33.472351552992
        ]
      },
      "properties": {
        "fecha_extraccion": "2025-11-29 18:03:25",
        "comuna": "Estación Central",
        "tipo_propiedad": "casa",
        "titulo": "Casa En Venta De 4 Dorm. En Estación Central",
        "precio": "135000000",
        "moneda": "CLP",
        "dormitorios": "4 dormitorios",
        "banos": "2 baños",
        "metros_utiles": "136 m² útiles",
        "caracteristicas_raw": "4 dormitorios | 2 baños | 136 m² útiles",
        "ubicacion": "Luis Infante Cerda, Villa Francia, Estación Central",
        "url": "",
        "direccion_geocoded": "Luis Infante Cerda, Estación Central, Santiago, Chile"
      }
    },
    {
      "type": "Feature",
      "geometry": {
        "type": "Point",
        "coordinates": [
          -70.719881183706,
          -33.472351552992
        ]
      },
      "properties": {
        "fecha_extraccion": "2025-11-29 18:03:25",
        "comuna": "Estación Central",
        "tipo_propiedad": "casa",
        "titulo": "Casa En Venta De 3 Dorm. En Estación Central",
        "precio": "115000000",
        "moneda": "CLP",
        "dormitorios": "3 dormitorios",
        "banos": "2 baños",
        "metros_utiles": "90 m² útiles",
        "caracteristicas_raw": "3 dormitorios | 2 baños | 90 m² útiles",
        "ubicacion": "LUIS INFANTE CERDA / LAS REJAS, Villa Francia, Estación Central",
        "url": "",
        "direccion_geocoded": "LUIS INFANTE CERDA / LAS REJAS, Estación Central, Santiago, Chile"
      }
    },
    {
      "type": "Feature",
      "geometry": {
        "type": "Point",
        "coordinates": [
          -70.703542512238,
          -33.472877553884
        ]
      },
      "properties": {
        "fecha_extraccion": "2025-11-29 18:03:25",
        "comuna": "Estación Central",
        "tipo_propiedad": "casa",
        "titulo": "Casa En Venta De 3 Dorm. En Estación Central",
        "precio": "135000000",
        "moneda": "CLP",
        "dormitorios": "3 dormitorios",
        "banos": "2 baños",
        "metros_utiles": "91 m² útiles",
        "caracteristicas_raw": "3 dormitorios | 2 baños | 91 m² útiles",
        "ubicacion": "Av. Las Rejas, Estación Central",
        "url": "",
        "direccion_geocoded": "Av. Las Rejas, Estación Central, Santiago, Chile"
      }
    },
    {
      "type": "Feature",
      "geometry": {
        "type": "Point",
        "coordinates": [
          -70.711744078766,
          -33.460906205448
        ]
      },
      "properties": {
        "fecha_extraccion": "2025-11-29 18:03:25",
        "comuna": "Estación Central",
        "tipo_propiedad": "casa",
        "titulo": "Casa En Venta En Estación Central A Pasos De Metro Las Rejas",
        "precio": "130000000",
        "moneda": "CLP",
        "dormitorios": "3 dormitorios",
        "banos": "1 baño",
        "metros_utiles": "103 m² útiles",
        "caracteristicas_raw": "3 dormitorios | 1 baño | 103 m² útiles",
        "ubicacion": "Los Nardos &amp; Aeropuerto, Metro Las Rejas, Estación Central",
        "url": "",
        "direccion_geocoded": "Los Nardos &amp; Aeropuerto, Estación Central, Santiago, Chile"
      }
    },
    {
      "type": "Feature",
      "geometry": {
        "type": "Point",
        "coordinates": [
          -70.707174516612,
          -33.464258379985
        ]
      },
      "properties": {
        "fecha_extraccion": "2025-11-29 18:03:25",
        "comuna": "Estación Central",
        "tipo_propiedad": "casa",
        "titulo": "Casa En Venta En Estación Central",
        "precio": "92000000",
        "moneda": "CLP",
        "dormitorios": "4 dormitorios",
        "banos": "1 baño",
        "metros_utiles": "136 m² útiles",
        "caracteristicas_raw": "4 dormitorios | 1 baño | 136 m² útiles",
        "ubicacion": "El Roble 302, Santiago, Estación Central, Metro Las Rejas, Estación Central",
        "url": "",
        "direccion_geocoded": "El Roble 302, Estación Central, Santiago, Chile"
      }
    },
    {
      "type": "Feature",
      "geometry": {
        "type": "Point",
        "coordinates": [
          -70.681192520457,
          -33.451023543374
        ]
      },
      "properties": {
        "fecha_extraccion": "2025-11-29 18:03:25",
        "comuna": "Estación Central",
        "tipo_propiedad": "casa",
        "titulo": "Casa Avenida Ecuador/blanco Garcés",
        "precio": "12832",
        "moneda": "CLF",
        "dormitorios": "8 dormitorios",
        "banos": "5 baños",
        "metros_utiles": "311 m² útiles",
        "caracteristicas_raw": "8 dormitorios | 5 baños | 311 m² útiles",
        "ubicacion": "Avenida Ecuador/Blanco Garcés, Metro Ecuador, Estación Central",
        "url": "",
        "direccion_geocoded": "Avenida Ecuador/Blanco Garcés, Estación Central, Santiago, Chile"
      }
    },
    {
      "type": "Feature",
      "geometry": {
        "type": "Point",
        "coordinates": [
          -70.721563747441,
          -33.473020679746
        ]
      },
      "properties": {
        "fecha_extraccion": "2025-11-29 18:03:25",
        "comuna": "Estación Central",
        "tipo_propiedad": "casa",
        "titulo": "Casa Padre Vicente Irarrazabal/avenida 5 De Abril",
        "precio": "6200",
        "moneda": "CLF",
        "dormitorios": "4 dormitorios",
        "banos": "2 baños",
        "metros_utiles": "165 m² útiles",
        "caracteristicas_raw": "4 dormitorios | 2 baños | 165 m² útiles",
        "ubicacion": "Padre Vicente Irarrazabal/Avenida 5 De Abril, Estación Central",
        "url": "",
        "direccion_geocoded": "Padre Vicente Irarrazabal/Avenida 5 De Abril, Estación Central, Santiago, Chile"
      }
    },
    {
      "type": "Feature",
      "geometry": {
        "type": "Point",
        "coordinates": [
          -70.695133043994,
          -33.476059427989
        ]
      },
      "properties": {
        "fecha_extraccion": "2025-11-29 18:03:25",
        "comuna": "Estación Central",
        "tipo_propiedad": "casa",
        "titulo": "Acogedora Casa Sólida",
        "precio": "98000000",
        "moneda": "CLP",
        "dormitorios": "4 dormitorios",
        "banos": "2 baños",
        "metros_utiles": "91 m² útiles",
        "caracteristicas_raw": "4 dormitorios | 2 baños | 91 m² útiles",
        "ubicacion": "Pje. 37 2043, Santiago, Estación Central, Nogales - San Eugenio, Estación Central",
        "url": "",
        "direccion_geocoded": "Pje. 37 2043, Estación Central, Santiago, Chile"
      }
    },
    {
      "type": "Feature",
      "geometry": {
        "type": "Point",
        "coordinates": [
          -70.702009951035,
          -33.452333909992
        ]
      },
      "properties": {
        "fecha_extraccion": "2025-11-29 18:03:25",
        "comuna": "Estación Central",
        "tipo_propiedad": "casa",
        "titulo": "Metro Ecuador Estación Central",
        "precio": "490000000",
        "moneda": "CLP",
        "dormitorios": "5 dormitorios",
        "banos": "3 baños",
        "metros_utiles": "245 m² útiles",
        "caracteristicas_raw": "5 dormitorios | 3 baños | 245 m² útiles",
        "ubicacion": "La Coruña, Metro Ecuador, Estación Central",
        "url": "",
        "direccion_geocoded": "La Coruña, Estación Central, Santiago, Chile"
      }
    },
    {
      "type": "Feature",
      "geometry": {
        "type": "Point",
        "coordinates": [
          -70.691219719231,
          -33.459884324014
        ]
      },
      "properties": {
        "fecha_extraccion": "2025-11-29 18:03:25",
        "comuna": "Estación Central",
        "tipo_propiedad": "casa",
        "titulo": "Se Vende Casa 4650 Uf 5d, 3b, Estación Central",
        "precio": "4650",
        "moneda": "CLF",
        "dormitorios": "5 dormitorios",
        "banos": "2 baños",
        "metros_utiles": "265 m² útiles",
        "caracteristicas_raw": "5 dormitorios | 2 baños | 265 m² útiles",
        "ubicacion": "Marinero Pedro Aros, Estación Central, Nogales - San Eugenio, Estación Central",
        "url": "",
        "direccion_geocoded": "Marinero Pedro Aros, Estación Central, Santiago, Chile"
      }
    },
    {
      "type": "Feature",
      "geometry": {
        "type": "Point",
        "coordinates": [
          -70.701755197114,
          -33.456105093218
        ]
      },
      "properties": {
        "fecha_extraccion": "2025-11-29 18:03:25",
        "comuna": "Estación Central",
        "tipo_propiedad": "casa",
        "titulo": "Casa Remodelada Santiago, Hotel Frente La Achs",
        "precio": "299000000",
        "moneda": "CLP",
        "dormitorios": "13 dormitorios",
        "banos": "4 baños",
        "metros_utiles": "200 m² útiles",
        "caracteristicas_raw": "13 dormitorios | 4 baños | 200 m² útiles",
        "ubicacion": "Libertador Bernardo O Higgins 4843, 9170396 Santiago, Estación Central, Región Metropolitana, Chile, Metro Ecuador, Estación Central",
        "url": "",
        "direccion_geocoded": "Libertador Bernardo O Higgins 4843, Estación Central, Santiago, Chile"
      }
    },
    {
      "type": "Feature",
      "geometry": {
        "type": "Point",
        "coordinates": [
          -70.703542512238,
          -33.472877553884
        ]
      },
      "properties": {
        "fecha_extraccion": "2025-11-29 18:03:25",
        "comuna": "Estación Central",
        "tipo_propiedad": "casa",
        "titulo": "Vende Excelente Casa, Muy Bien Ubicada En Las Rejas",
        "precio": "105000000",
        "moneda": "CLP",
        "dormitorios": "3 dormitorios",
        "banos": "1 baño",
        "metros_utiles": "70 m² útiles",
        "caracteristicas_raw": "3 dormitorios | 1 baño | 70 m² útiles",
        "ubicacion": "Av. Las Rejas, Estación Central, Villa Francia, Estación Central",
        "url": "",
        "direccion_geocoded": "Av. Las Rejas, Estación Central, Santiago, Chile"
      }
    },
    {
      "type": "Feature",
      "geometry": {
        "type": "Point",
        "coordinates": [
          -70.69867979302,
          -33.467787119312
        ]
      },
      "properties": {
        "fecha_extraccion": "2025-11-29 18:03:25",
        "comuna": "Estación Central",
        "tipo_propiedad": "casa",
        "titulo": "Casa En Estación Central, Padre Jaime Larraín 533",
        "precio": "3567",
        "moneda": "CLF",
        "dormitorios": "4 dormitorios",
        "banos": "3 baños",
        "metros_utiles": "98 m² útiles",
        "caracteristicas_raw": "4 dormitorios | 3 baños | 98 m² útiles",
        "ubicacion": "Padre Jaime Larraín Hurtado 533, Santiago, Estación Central, Nogales - San Eugenio, Estación Central",
        "url": "",
        "direccion_geocoded": "Padre Jaime Larraín Hurtado 533, Estación Central, Santiago, Chile"
      }
    },
    {
      "type": "Feature",
      "geometry": {
        "type": "Point",
        "coordinates": [
          -70.707248714856,
          -33.470229393051
        ]
      },
      "properties": {
        "fecha_extraccion": "2025-11-29 18:03:25",
        "comuna": "Estación Central",
        "tipo_propiedad": "casa",
        "titulo": "Casa En Barrio Tranquilo Y Buena Conectividad",
        "precio": "120000000",
        "moneda": "CLP",
        "dormitorios": "3 dormitorios",
        "banos": "1 baño",
        "metros_utiles": "60 m² útiles",
        "caracteristicas_raw": "3 dormitorios | 1 baño | 60 m² útiles",
        "ubicacion": "Tranqui 600 - 900, Santiago, Estación Central, Villa Francia, Estación Central",
        "url": "",
        "direccion_geocoded": "Tranqui 600 - 900, Estación Central, Santiago, Chile"
      }
    },
    {
      "type": "Feature",
      "geometry": {
        "type": "Point",
        "coordinates": [
          -70.707963924253,
          -33.462968111719
        ]
      },
      "properties": {
        "fecha_extraccion": "2025-11-29 18:03:25",
        "comuna": "Estación Central",
        "tipo_propiedad": "casa",
        "titulo": "Vendo Casa Esquina Calle   El Boldo  Estacion Central",
        "precio": "130000000",
        "moneda": "CLP",
        "dormitorios": "3 dormitorios",
        "banos": "1 baño",
        "metros_utiles": "80 m² útiles",
        "caracteristicas_raw": "3 dormitorios | 1 baño | 80 m² útiles",
        "ubicacion": "El Boldo 233, Santiago, Estación Central, Metro Las Rejas, Estación Central",
        "url": "",
        "direccion_geocoded": "El Boldo 233, Estación Central, Santiago, Chile"
      }
    },
    {
      "type": "Feature",
      "geometry": {
        "type": "Point",
        "coordinates": [
          -70.721656011244,
          -33.460150846757
        ]
      },
      "properties": {
        "fecha_extraccion": "2025-11-29 18:03:25",
        "comuna": "Estación Central",
        "tipo_propiedad": "casa",
        "titulo": "Casa En Venta - Laguna Peñuelas - Estacion Central",
        "precio": "200000000",
        "moneda": "CLP",
        "dormitorios": "6 dormitorios",
        "banos": "3 baños",
        "metros_utiles": "120 m² útiles",
        "caracteristicas_raw": "6 dormitorios | 3 baños | 120 m² útiles",
        "ubicacion": "Laguna Peñuelas, Estación Central, Metro Pajaritos, Estación Central",
        "url": "",
        "direccion_geocoded": "Laguna Peñuelas, Estación Central, Santiago, Chile"
      }
    },
    {
      "type": "Feature",
      "geometry": {
        "type": "Point",
        "coordinates": [
          -70.709317532533,
          -33.468477088534
        ]
      },
      "properties": {
        "fecha_extraccion": "2025-11-29 18:03:25",
        "comuna": "Estación Central",
        "tipo_propiedad": "casa",
        "titulo": "Casa Remodelada Cercana A Metros Las Rejas Y Cerrillos",
        "precio": "140000000",
        "moneda": "CLP",
        "dormitorios": "3 dormitorios",
        "banos": "1 baño",
        "metros_utiles": "161 m² útiles",
        "caracteristicas_raw": "3 dormitorios | 1 baño | 161 m² útiles",
        "ubicacion": "Lanceros Del Rey, Estación Central, Villa Francia, Estación Central",
        "url": "",
        "direccion_geocoded": "Lanceros Del Rey, Estación Central, Santiago, Chile"
      }
    },
    {
      "type": "Feature",
      "geometry": {
        "type": "Point",
        "coordinates": [
          -70.708469520653,
          -33.466267815543
        ]
      },
      "properties": {
        "fecha_extraccion": "2025-11-29 18:03:25",
        "comuna": "Estación Central",
        "tipo_propiedad": "casa",
        "titulo": "Casa / Jardín Infantil",
        "precio": "5790",
        "moneda": "CLF",
        "dormitorios": "4 dormitorios",
        "banos": "3 baños",
        "metros_utiles": "182 m² útiles",
        "caracteristicas_raw": "4 dormitorios | 3 baños | 182 m² útiles",
        "ubicacion": "Av. 5 De Abril 5939, Santiago, Estación Central, Villa Francia, Estación Central",
        "url": "",
        "direccion_geocoded": "Av. 5 De Abril 5939, Estación Central, Santiago, Chile"
      }
    },
    {
      "type": "Feature",
      "geometry": {
        "type": "Point",
        "coordinates": [
          -70.718792924061,
          -33.463334191341
        ]
      },
      "properties": {
        "fecha_extraccion": "2025-11-29 18:03:25",
        "comuna": "Estación Central",
        "tipo_propiedad": "casa",
        "titulo": "Casa En Venta, Apta Para Proyecto Deportivo O Gimnasio ",
        "precio": "7500",
        "moneda": "CLF",
        "dormitorios": "4 dormitorios",
        "banos": "4 baños",
        "metros_utiles": "170 m² útiles",
        "caracteristicas_raw": "4 dormitorios | 4 baños | 170 m² útiles",
        "ubicacion": "Vista Hermosa 102, Santiago, Estación Central, Metro Pajaritos, Estación Central",
        "url": "",
        "direccion_geocoded": "Vista Hermosa 102, Estación Central, Santiago, Chile"
      }
    },
    {
      "type": "Feature",
      "geometry": {
        "type": "Point",
        "coordinates": [
          -70.703841117538,
          -33.474144709052
        ]
      },
      "properties": {
        "fecha_extraccion": "2025-11-29 18:03:25",
        "comuna": "Estación Central",
        "tipo_propiedad": "casa",
        "titulo": "Casa De 1 Piso Con 5 Hab. Y 2 Baños. Inmejorable Ubicación.",
        "precio": "130000000",
        "moneda": "CLP",
        "dormitorios": "5 dormitorios",
        "banos": "2 baños",
        "metros_utiles": "109 m² útiles",
        "caracteristicas_raw": "5 dormitorios | 2 baños | 109 m² útiles",
        "ubicacion": "Av. Las Rejas 1437, Estación Central, Villa Francia, Estación Central",
        "url": "",
        "direccion_geocoded": "Av. Las Rejas 1437, Estación Central, Santiago, Chile"
      }
    },
    {
      "type": "Feature",
      "geometry": {
        "type": "Point",
        "coordinates": [
          -70.686507006495,
          -33.459424997428
        ]
      },
      "properties": {
        "fecha_extraccion": "2025-11-29 18:03:25",
        "comuna": "Estación Central",
        "tipo_propiedad": "casa",
        "titulo": "Casa Muy Amplia Con Bodega Y Estacionamiento",
        "precio": "320000000",
        "moneda": "CLP",
        "dormitorios": "6 dormitorios",
        "banos": "2 baños",
        "metros_utiles": "376 m² útiles",
        "caracteristicas_raw": "6 dormitorios | 2 baños | 376 m² útiles",
        "ubicacion": "Ruiz Tagle 720, 9160271 Estación Central, Región Metropolitana, Chile, Nogales - San Eugenio, Estación Central",
        "url": "",
        "direccion_geocoded": "Ruiz Tagle 720, Estación Central, Santiago, Chile"
      }
    },
    {
      "type": "Feature",
      "geometry": {
        "type": "Point",
        "coordinates": [
          -70.718083364687,
          -33.471185226121
        ]
      },
      "properties": {
        "fecha_extraccion": "2025-11-29 18:03:25",
        "comuna": "Estación Central",
        "tipo_propiedad": "casa",
        "titulo": "Casa Estación Central Quemchi",
        "precio": "92000000",
        "moneda": "CLP",
        "dormitorios": "3 dormitorios",
        "banos": "1 baño",
        "metros_utiles": "72 m² útiles",
        "caracteristicas_raw": "3 dormitorios | 1 baño | 72 m² útiles",
        "ubicacion": "Quemchi, Estación Central, Estación Central",
        "url": "",
        "direccion_geocoded": "Quemchi, Estación Central, Santiago, Chile"
      }
    },
    {
      "type": "Feature",
      "geometry": {
        "type": "Point",
        "coordinates": [
          -70.724632176908,
          -33.462288716558
        ]
      },
      "properties": {
        "fecha_extraccion": "2025-11-29 18:03:25",
        "comuna": "Estación Central",
        "tipo_propiedad": "casa",
        "titulo": "Casa Valle Verde 3 Pisos-gran Patio-casa Esquina-ampliada",
        "precio": "275000000",
        "moneda": "CLP",
        "dormitorios": "5 dormitorios",
        "banos": "3 baños",
        "metros_utiles": "155 m² útiles",
        "caracteristicas_raw": "5 dormitorios | 3 baños | 155 m² útiles",
        "ubicacion": "Las Carancas 6569, Santiago, Estación Central, Metro Pajaritos, Estación Central",
        "url": "",
        "direccion_geocoded": "Las Carancas 6569, Estación Central, Santiago, Chile"
      }
    },
    {
      "type": "Feature",
      "geometry": {
        "type": "Point",
        "coordinates": [
          -70.697571789239,
          -33.455128685318
        ]
      },
      "properties": {
        "fecha_extraccion": "2025-11-29 18:03:25",
        "comuna": "Estación Central",
        "tipo_propiedad": "casa",
        "titulo": "Excelente Conectividad Casa A Pasos De Metro Ecuador",
        "precio": "2520",
        "moneda": "CLF",
        "dormitorios": "3 dormitorios",
        "banos": "1 baño",
        "metros_utiles": "75 m² útiles",
        "caracteristicas_raw": "3 dormitorios | 1 baño | 75 m² útiles",
        "ubicacion": "Av. Alameda Libertador Bernardo O'Higgins 4509, 9160000 Santiago, Estación Central, Región Metropolitana, Chile, Metro Ecuador, Estación Central",
        "url": "",
        "direccion_geocoded": "Av. Alameda Libertador Bernardo O'Higgins 4509, Estación Central, Santiago, Chile"
      }
    },
    {
      "type": "Feature",
      "geometry": {
        "type": "Point",
        "coordinates": [
          -70.703037554271,
          -33.455758781877
        ]
      },
      "properties": {
        "fecha_extraccion": "2025-11-29 18:03:25",
        "comuna": "Estación Central",
        "tipo_propiedad": "casa",
        "titulo": "Departamento Estilo Mariposa, Estación Central.",
        "precio": "110000000",
        "moneda": "CLP",
        "dormitorios": "2 dormitorios",
        "banos": "2 baños",
        "metros_utiles": "52 m² útiles",
        "caracteristicas_raw": "2 dormitorios | 2 baños | 52 m² útiles",
        "ubicacion": "Carlos Pezoa Véliz, Estación Central, Estación Central",
        "url": "",
        "direccion_geocoded": "Carlos Pezoa Véliz, Estación Central, Santiago, Chile"
      }
    },
    {
      "type": "Feature",
      "geometry": {
        "type": "Point",
        "coordinates": [
          -70.688020862028,
          -33.444298553953
        ]
      },
      "properties": {
        "fecha_extraccion": "2025-11-29 18:03:25",
        "comuna": "Estación Central",
        "tipo_propiedad": "casa",
        "titulo": "Casa Zona Residencial Prox. Base Naval Usach Parque Y Museos",
        "precio": "4200",
        "moneda": "CLF",
        "dormitorios": "3 dormitorios",
        "banos": "2 baños",
        "metros_utiles": "90 m² útiles",
        "caracteristicas_raw": "3 dormitorios | 2 baños | 90 m² útiles",
        "ubicacion": "Plazuela El Peral, Estación Central, Universidad De Santiago, Estación Central",
        "url": "",
        "direccion_geocoded": "Plazuela El Peral, Estación Central, Santiago, Chile"
      }
    },
    {
      "type": "Feature",
      "geometry": {
        "type": "Point",
        "coordinates": [
          -70.686362243863,
          -33.454335006858
        ]
      },
      "properties": {
        "fecha_extraccion": "2025-11-29 18:03:25",
        "comuna": "Estación Central",
        "tipo_propiedad": "casa",
        "titulo": "Cerca De Absolutamente De Todo. Colegios, Cesfam, Clínicas",
        "precio": "60000000",
        "moneda": "CLP",
        "dormitorios": "2 dormitorios",
        "banos": "1 baño",
        "metros_utiles": "60 m² útiles",
        "caracteristicas_raw": "2 dormitorios | 1 baño | 60 m² útiles",
        "ubicacion": "Obispo Javier Vásquez, Estación Central, Universidad De Santiago, Estación Central",
        "url": "",
        "direccion_geocoded": "Obispo Javier Vásquez, Estación Central, Santiago, Chile"
      }
    },
    {
      "type": "Feature",
      "geometry": {
        "type": "Point",
        "coordinates": [
          -70.697615626593,
          -33.469690481885
        ]
      },
      "properties": {
        "fecha_extraccion": "2025-11-29 18:03:25",
        "comuna": "Estación Central",
        "tipo_propiedad": "casa",
        "titulo": "Vendo Casa En María Magdalena 714 , Estación Central",
        "precio": "80000000",
        "moneda": "CLP",
        "dormitorios": "2 dormitorios",
        "banos": "2 baños",
        "metros_utiles": "60 m² útiles",
        "caracteristicas_raw": "2 dormitorios | 2 baños | 60 m² útiles",
        "ubicacion": "María Magdalena 714, Santiago, Estación Central, Nogales - San Eugenio, Estación Central",
        "url": "",
        "direccion_geocoded": "María Magdalena 714, Estación Central, Santiago, Chile"
      }
    },
    {
      "type": "Feature",
      "geometry": {
        "type": "Point",
        "coordinates": [
          -70.706923394793,
          -33.465865190824
        ]
      },
      "properties": {
        "fecha_extraccion": "2025-11-29 18:03:25",
        "comuna": "Estación Central",
        "tipo_propiedad": "casa",
        "titulo": "Casa Con Excelente Ubicación Estación Central",
        "precio": "115000000",
        "moneda": "CLP",
        "dormitorios": "2 dormitorios",
        "banos": "1 baño",
        "metros_utiles": "47 m² útiles",
        "caracteristicas_raw": "2 dormitorios | 1 baño | 47 m² útiles",
        "ubicacion": "Granada 5985, Estación Central, Villa Francia, Estación Central",
        "url": "",
        "direccion_geocoded": "Granada 5985, Estación Central, Santiago, Chile"
      }
    },
    {
      "type": "Feature",
      "geometry": {
        "type": "Point",
        "coordinates": [
          -70.714556244111,
          -33.46530489701
        ]
      },
      "properties": {
        "fecha_extraccion": "2025-11-29 18:03:25",
        "comuna": "Estación Central",
        "tipo_propiedad": "casa",
        "titulo": "Se Vende Casa Estacion Central , Sector El  Trigal",
        "precio": "68000000",
        "moneda": "CLP",
        "dormitorios": "4 dormitorios",
        "banos": "2 baños",
        "metros_utiles": "60 m² útiles",
        "caracteristicas_raw": "4 dormitorios | 2 baños | 60 m² útiles",
        "ubicacion": "El Trigal, Estación Central, Metro Pajaritos, Estación Central",
        "url": "",
        "direccion_geocoded": "El Trigal, Estación Central, Santiago, Chile"
      }
    }
  ]
}