fecha_extraccion;comuna;tipo_propiedad;titulo;precio;moneda;dormitorios;banos;metros_utiles;caracteristicas_raw;ubicacion;url;latitud;longitud;direccion_geocoded
2025-11-29 18:15:00;Santiago;casa;Increíble 14 Dormitorios Totalmente Remodelada Nueva, Metro;8500;CLF;14 dormitorios;6 baños;154 m² útiles;14 dormitorios | 6 baños | 154 m² útiles;Moneda 3067, 8350570 Santiago, Región Metropolitana, Chile, Barrio Yungay, Santiago;;-33.4447249;-70.6769085;Moneda 3067, Santiago, Santiago, Chile
2025-11-29 18:15:00;Santiago;casa;Propiedad Patrimonial 2270 M2 Sn Pablo Entre Bulnes Cumming;28443;CLF;10 dormitorios;10 baños;1.232 m² útiles;10 dormitorios | 10 baños | 1.232 m² útiles;San Pablo 2312, Santiago, Barrio Yungay, Santiago;;-33.4350131;-70.6692821;San Pablo 2312, Santiago, Santiago, Chile
2025-11-29 18:15:00;Santiago;casa;Vendo Casa Pleno Centro Santiago;175000000;CLP;2 dormitorios;1 baño;88 m² útiles;2 dormitorios | 1 baño | 88 m² útiles;Gorbea 2020, Santiago, Ejército - Toesca, Santiago;;-33.4526823;-70.6634303;Gorbea 2020, Santiago, Santiago, Chile
2025-11-29 18:15:00;Santiago;casa;Negocio Con Espacios Habitables.2d.2b.;115000000;CLP;2 dormitorios;2 baños;105 m² útiles;2 dormitorios | 2 baños | 105 m² útiles;San Isidro 958, Santiago, Barrio Diez De Julio, Santiago;;-33.4561885;-70.6412527;San Isidro 958, Santiago, Santiago, Chile
2025-11-29 18:15:00;Santiago;casa;Casa En Venta De 8 Dorm. En Santiago;4800;CLF;8 dormitorios;1 baño;290 m² útiles;8 dormitorios | 1 baño | 290 m² útiles;Av. Mapocho / Esperanza, Parque Los Reyes, Santiago;;-18.497207;-70.2846087;Av. Mapocho / Esperanza, Santiago, Santiago, Chile
2025-11-29 18:15:00;Santiago;casa;¡oportunidad Única En Barrio República!;4500;CLF;2 dormitorios;2 baños;72 m² útiles;2 dormitorios | 2 baños | 72 m² útiles;Echaurren 546, Santiago, Barrio República, Santiago;;-33.454858;-70.6659251;Echaurren 546, Santiago, Santiago, Chile
2025-11-29 18:15:00;Santiago;casa;Casa Remodelada Regularizada - Residencial/oficina/comercial;129999990;CLP;5 dormitorios;2 baños;110 m² útiles;5 dormitorios | 2 baños | 110 m² útiles;Lima 1040, Santiago, Barrio Diez De Julio, Santiago;;-33.4568684;-70.6391834;Lima 1040, Santiago, Santiago, Chile
2025-11-29 18:15:00;Santiago;casa;Casa En Venta En Barrio Yungay, Santiago;4950;CLF;3 dormitorios;2 baños;56 m² útiles;3 dormitorios | 2 baños | 56 m² útiles;Gral. Bulnes 520, Santiago, Barrio Yungay, Santiago;;-53.175891;-70.9238311;Gral. Bulnes 520, Santiago, Santiago, Chile
2025-11-29 18:15:00;Santiago;casa;Casa En Venta En Barrio Yungay;4850;CLF;4 dormitorios;2 baños;60 m² útiles;4 dormitorios | 2 baños | 60 m² útiles;Catedral 2453, 8350355 Santiago, Región Metropolitana, Chile, Barrio Yungay, Santiago;;-33.4393;-70.6710155;Catedral 2453, Santiago, Santiago, Chile
2025-11-29 18:15:00;Santiago;casa;Casa En Venta Excelente Ubicaccion, Metro Toesca;102000000;CLP;4 dormitorios;1 baño;83 m² útiles;4 dormitorios | 1 baño | 83 m² útiles;Toesca 2031, Depto B, Santiago, Ejército - Toesca, Santiago;;-33.4534895;-70.6635817;Toesca 2031, Santiago, Santiago, Chile
2025-11-29 18:15:00;Santiago;casa;Propiedad Habitacional Y/o Oficina, Excelente Ubicacion;320000000;CLP;6 dormitorios;4 baños;347 m² útiles;6 dormitorios | 4 baños | 347 m² útiles;Toesca 2037, Santiago, Ejército - Toesca, Santiago;;-33.4537132;-70.6636363;Toesca 2037, Santiago, Santiago, Chile
2025-11-29 18:15:00;Santiago;casa;Oportunidad Ii Casa En Altura Ii Parque Almagro;160000000;CLP;7 dormitorios;3 baños;180 m² útiles;7 dormitorios | 3 baños | 180 m² útiles;Cóndor 600 - 900, Santiago, San Diego, Santiago;;-33.450231;-70.6488937;Cóndor 600 - 900, Santiago, Santiago, Chile
2025-11-29 18:15:00;Santiago;casa;Casa En Venta De 8 Dorm. En Santiago Barrio Dieciocho;21973;CLF;8 dormitorios;4 baños;460 m² útiles;8 dormitorios | 4 baños | 460 m² útiles;Barrio Dieciocho, Dieciocho, Santiago;;-33.4488204;-70.6577685;Barrio Dieciocho, Santiago, Santiago, Chile
2025-11-29 18:15:00;Santiago;casa;Venta De Casa ;3550;CLF;4 dormitorios;1 baño;100 m² útiles;4 dormitorios | 1 baño | 100 m² útiles;Atacama 3220, Santiago, Santiago;;-33.4317021;-70.6798676;Atacama 3220, Santiago, Santiago, Chile
2025-11-29 18:15:00;Santiago;casa;Estupenda Casa Comercial En El Corazón De Republica;850000000;CLP;15 dormitorios;12 baños;540 m² útiles;15 dormitorios | 12 baños | 540 m² útiles;Sazié 1500 - 1800, Santiago, Ejército - Toesca, Santiago;;-33.4493177;-70.6591472;Sazié 1500 - 1800, Santiago, Santiago, Chile
2025-11-29 18:15:00;Santiago;casa;Casa Esquina, Davila Larrain, Santiago;4800;CLF;4 dormitorios;4 baños;170 m² útiles;4 dormitorios | 4 baños | 170 m² útiles;Dávila Larraín 1895, Santiago, Bogotá - Sierra Bella, Santiago;;-33.4697316;-70.635722;Dávila Larraín 1895, Santiago, Santiago, Chile
2025-11-29 18:15:00;Santiago;casa;Casa Alejandro - Santiago Centro - 3d + 1b;125000000;CLP;3 dormitorios;1 baño;60 m² útiles;3 dormitorios | 1 baño | 60 m² útiles;Alejandro 900 - 1200, Santiago, Parque Los Reyes, Santiago;;-33.4725726;-70.6672664;Alejandro 900 - 1200, Santiago, Santiago, Chile
2025-11-29 18:15:00;Santiago;casa;Excelente Casa Comercial, En Ubicación Principal, Republica;870000000;CLP;15 dormitorios;8 baños;451 m² útiles;15 dormitorios | 8 baños | 451 m² útiles;Ejército Libertador, Santiago, Ejército - Toesca, Santiago;;-33.4573325;-70.6595757;Ejército Libertador, Santiago, Santiago, Chile
2025-11-29 18:15:00;Santiago;casa;Casa Con 445 Mts De Terreno Santiago Centro;13821;CLF;12 dormitorios;5 baños;245 m² útiles;12 dormitorios | 5 baños | 245 m² útiles;Aconcagua 1200 - 1500, Santiago, Parque Almagro, Santiago;;-33.4586755;-70.6524275;Aconcagua 1200 - 1500, Santiago, Santiago, Chile
2025-11-29 18:15:00;Santiago;casa;Vendemos Propiedad Comercial, Corazón Barrio Brasil Santiago;30500;CLF;4 dormitorios;6 baños;720 m² útiles;4 dormitorios | 6 baños | 720 m² útiles;Erasmo Escala 1955, Santiago, Barrio Brasil, Santiago;;-33.4455424;-70.6736174;Erasmo Escala 1955, Santiago, Santiago, Chile
2025-11-29 18:15:00;Santiago;casa;Para Local Comercial Y/o Para Vivir Ñuble/ San Francisco;220000000;CLP;5 dormitorios;2 baños;167 m² útiles;5 dormitorios | 2 baños | 167 m² útiles;Ñuble/ San Francisco, Franklin - Biobío, Santiago;;-33.469019;-70.6440736;Ñuble/ San Francisco, Santiago, Santiago, Chile
2025-11-29 18:15:00;Santiago;casa;Casa Historica En Barrio Yungay;6000;CLF;7 dormitorios;4 baños;256 m² útiles;7 dormitorios | 4 baños | 256 m² útiles;BARRIO YUNGAY,PASAJE CERRADO, Barrio Yungay, Santiago;;-33.4431331;-70.6738044;BARRIO YUNGAY, Santiago, Santiago, Chile
2025-11-29 18:15:00;Santiago;casa;Casa Esquina Sector D Larrain Con Carmen Uf 4610;4610;CLF;4 dormitorios;4 baños;169 m² útiles;4 dormitorios | 4 baños | 169 m² útiles;Dávila Larraín 1895, Santiago, Bogotá - Sierra Bella, Santiago;;-33.4697316;-70.635722;Dávila Larraín 1895, Santiago, Santiago, Chile
2025-11-29 18:15:00;Santiago;casa;Casa En Venta En Santiago;5924;CLF;4 dormitorios;3 baños;261 m² útiles;4 dormitorios | 3 baños | 261 m² útiles;VICTORIA//LORD COCHRANE, Parque O'Higgins, Santiago;;-33.4643426;-70.6528073;VICTORIA//LORD COCHRANE, Santiago, Santiago, Chile
2025-11-29 18:15:00;Santiago;casa;Casa En Venta De 3 Dorm. En Santiago;3175;CLF;3 dormitorios;2 baños;93 m² útiles;3 dormitorios | 2 baños | 93 m² útiles;Museo Militar, Parque Almagro, Santiago;;-33.4572469;-70.6561723;Museo Militar, Santiago, Santiago, Chile
2025-11-29 18:15:00;Santiago;casa;Casa En Venta En Sierra Bella Santiago Con Patio;290000000;CLP;4 dormitorios;2 baños;270 m² útiles;4 dormitorios | 2 baños | 270 m² útiles;Sierra Bella 1594, Bogotá - Sierra Bella, Santiago;;-33.4655591;-70.6346382;Sierra Bella 1594, Santiago, Santiago, Chile
2025-11-29 18:15:00;Santiago;casa;Amplia Casa, Santiago Sur. 10 Minutos Caminando Metro Matta;4800;CLF;3 dormitorios;2 baños;100 m² útiles;3 dormitorios | 2 baños | 100 m² útiles;Av. Manuel Antonio Matta 558, 8360058 Santiago, Región Metropolitana, Chile, Barrio Diez De Julio, Santiago;;-33.4579854;-70.6406286;Av. Manuel Antonio Matta 558, Santiago, Santiago, Chile
2025-11-29 18:15:00;Santiago;casa; Gran Propiedad Centenaria Renovada;9000;CLF;10 dormitorios;3 baños;340 m² útiles;10 dormitorios | 3 baños | 340 m² útiles;LIBERTAD, 300 - 600, Barrio Yungay, Santiago;;-33.4482146;-70.6732132;LIBERTAD, Santiago, Santiago, Chile
2025-11-29 18:15:00;Santiago;casa;Terreno Comercial, 2 Casas, Gran  Galpón;17990;CLF;6 dormitorios;3 baños;200 m² útiles;6 dormitorios | 3 baños | 200 m² útiles;Calle Camino A Melipilla 1600 - 1800, Club Hípico, Santiago;;-33.6803742;-70.9548523;Calle Camino A Melipilla 1600 - 1800, Santiago, Santiago, Chile
2025-11-29 18:15:00;Santiago;casa;Rp-casa En Venta Sector Metro Republica;9900;CLF;16 dormitorios;6 baños;266 m² útiles;16 dormitorios | 6 baños | 266 m² útiles;Erasmo Escala 2100 - 2400, Santiago, Barrio Yungay, Santiago;;-33.4445444;-70.6623487;Erasmo Escala 2100 - 2400, Santiago, Santiago, Chile
2025-11-29 18:15:00;Santiago;casa;Amplia Casa Para Diversos Usos Con Excelente Ubicación;3000;CLF;4 dormitorios;2 baños;173 m² útiles;4 dormitorios | 2 baños | 173 m² útiles;Santiago/ Matta Sur, Parque O'Higgins, Santiago;;-33.4595721;-70.6479053;Santiago/ Matta Sur, Santiago, Santiago, Chile
2025-11-29 18:15:00;Santiago;casa;Ideal Bodega;4500;CLF;5 dormitorios;1 baño;173 m² útiles;5 dormitorios | 1 baño | 173 m² útiles;Pedro León Ugalde 1200 - 1500, Santiago, Bogotá - Sierra Bella, Santiago;;-33.4641065;-70.6318972;Pedro León Ugalde 1200 - 1500, Santiago, Santiago, Chile
2025-11-29 18:15:00;Santiago;casa;Se Vende Exclusiva Casa Rafael Sotomayor, Stgo;180000000;CLP;4 dormitorios;2 baños;131 m² útiles;4 dormitorios | 2 baños | 131 m² útiles;Rafael Sotomayor 385, Santiago, Santiago Metropolitan Region 8320000, Chile, Barrio Yungay, Santiago;;-33.4410845;-70.6731413;Rafael Sotomayor 385, Santiago, Santiago, Chile
2025-11-29 18:15:00;Santiago;casa;Vende Casa Comercial & Habitacional 3d,2b 264m2/335m2;320000000;CLP;3 dormitorios;2 baños;335 m² útiles;3 dormitorios | 2 baños | 335 m² útiles;Avenida Ricardo Cumming 582, Barrio Yungay, Santiago;;-33.4380128;-70.6688092;Avenida Ricardo Cumming 582, Santiago, Santiago, Chile
2025-11-29 18:15:00;Santiago;casa;Se Vende Amplia Casa En Santiago  Excelente Ubicación;6426;CLF;4 dormitorios;2 baños;172 m² útiles;4 dormitorios | 2 baños | 172 m² útiles;Maturana 984, 8340142 Santiago, Región Metropolitana, Chile, Parque Los Reyes, Santiago;;-33.4330644;-70.6677046;Maturana 984, Santiago, Santiago, Chile
2025-11-29 18:15:31;Santiago;casa;Vendo Casa Stgo 2d+1b -antu;90000000;CLP;2 dormitorios;1 baño;30 m² útiles;2 dormitorios | 1 baño | 30 m² útiles;Pedro Lagos 612, Santiago, Santiago Metropolitan Region 8320000, Chile, Bogotá - Sierra Bella, Santiago;;-33.4651953;-70.6405188;Pedro Lagos 612, Santiago, Santiago, Chile
2025-11-29 18:15:31;Santiago;casa;Casa Remodelada 3d, 2b, Calle Maipú, Comuna De Santiago;4190;CLF;3 dormitorios;2 baños;98 m² útiles;3 dormitorios | 2 baños | 98 m² útiles;Maipú , Santiago, Santiago Metropolitan Region 8320000, Chile, Parque Los Reyes, Santiago;;-33.5094409;-70.756182;Maipú, Santiago, Santiago, Chile
2025-11-29 18:15:31;Santiago;casa;Casa-terreno Stgo Centro Barrio Antiguo . Inversionistas !!;10100;CLF;4 dormitorios;2 baños;300 m² útiles;4 dormitorios | 2 baños | 300 m² útiles;Maturana 78, Barrio Brasil, Santiago;;-33.4437262;-70.6663982;Maturana 78, Santiago, Santiago, Chile
2025-11-29 18:15:31;Santiago;casa;Propiedad Con Renta  Arrendada A Universidad (7,2%);29900;CLF;;;820 m² totales;820 m² totales;REPUBLICA 498, Barrio República, Santiago;;-33.4542225;-70.6667518;REPUBLICA 498, Santiago, Santiago, Chile
2025-11-29 18:15:31;Santiago;casa;Excelente Terreno Comercial Con Alto Tránsito - Inm. Escocia;27000;CLF;;;1.350 m² totales;1.350 m² totales;Avenida Matta 1420, Parque O'Higgins, Santiago;;-33.4603511;-70.6537427;Avenida Matta 1420, Santiago, Santiago, Chile
2025-11-29 18:15:31;Santiago;casa;Activo Con Flujo Asegurado En Santiago Centro (7,2%);29900;CLF;8 dormitorios;4 baños;755 m² útiles;8 dormitorios | 4 baños | 755 m² útiles;República 498, Santiago, Santiago Metropolitan Region 8320000, Chile, Barrio República, Santiago;;-33.4542225;-70.6667518;República 498, Santiago, Santiago, Chile
2025-11-29 18:15:31;Santiago;casa;Maravillosa Casa Estilo Town House;5700;CLF;3 dormitorios;3 baños;121 m² útiles;3 dormitorios | 3 baños | 121 m² útiles;Maipú 425, Santiago, Región Metropolitana De Santiago 8320000, Chile, Barrio Yungay, Santiago;;-33.4408724;-70.6764517;Maipú 425, Santiago, Santiago, Chile
2025-11-29 18:15:31;Santiago;casa;Oportunidad De Excelente Casa Sector Club Hipico;5600;CLF;4 dormitorios;2 baños;165 m² útiles;4 dormitorios | 2 baños | 165 m² útiles;San Alfonso 1025, 8370570 Santiago, Región Metropolitana, Chile, Club Hípico, Santiago;;-33.4619745;-70.6742214;San Alfonso 1025, Santiago, Santiago, Chile
2025-11-29 18:15:31;Santiago;casa;Casa Para Remodelacion Total 100/80m2;80000000;CLP;3 dormitorios;1 baño;80 m² útiles;3 dormitorios | 1 baño | 80 m² útiles;Maturana 778, Santiago, Región Metropolitana De Santiago 8320000, Chile, Barrio Brasil, Santiago;;-33.4352925;-70.6674446;Maturana 778, Santiago, Santiago, Chile
2025-11-29 18:15:31;Santiago;casa;Propiedad Para Destino Comercial O Habitacional;4200;CLF;5 dormitorios;;229 m² útiles;5 dormitorios | 229 m² útiles;German Riesco, 1800 - 2100, Franklin - Biobío, Santiago;;-33.4716017;-70.6413965;German Riesco, Santiago, Santiago, Chile
2025-11-29 18:15:31;Santiago;casa;Edificio Para Proyecto;10990;CLF;23 dormitorios;25 baños;500 m² útiles;23 dormitorios | 25 baños | 500 m² útiles;Victoria Subercaseaux 1 - 300, Santiago, Chile, Barrio Lastarria, Santiago;;-33.4380642;-70.6430084;Victoria Subercaseaux 1 - 300, Santiago, Santiago, Chile
2025-11-29 18:15:31;Santiago;casa; Santiago House 8d4b  Prime Location ;15000;CLF;8 dormitorios;6 baños;1.084 m² útiles;8 dormitorios | 6 baños | 1.084 m² útiles;Victor Manuel, 1 - 300, Bogotá - Sierra Bella, Santiago;;-33.4585741;-70.6420014;Victor Manuel, Santiago, Santiago, Chile
2025-11-29 18:15:31;Santiago;casa;Casa En Venta En Barrio Yungay, Santiago;9900;CLF;12 dormitorios;4 baños;380 m² útiles;12 dormitorios | 4 baños | 380 m² útiles;Capuchinos 600 - 900, Santiago, Barrio Yungay, Santiago;;-33.4347956;-70.6534761;Capuchinos 600 - 900, Santiago, Santiago, Chile
2025-11-29 18:15:31;Santiago;casa;Casa En Venta En Esmeralda, Costanera Norte, Metro;9890;CLF;11 dormitorios;4 baños;635 m² útiles;11 dormitorios | 4 baños | 635 m² útiles;Esmeralda 757, Santiago, Chile, Centro Histórico De Santiago, Santiago;;-33.4345224;-70.648318;Esmeralda 757, Santiago, Santiago, Chile
2025-11-29 18:15:31;Santiago;casa;Espacio, Historia Y Plusvalía En Santiago;5871;CLF;4 dormitorios;2 baños;214 m² útiles;4 dormitorios | 2 baños | 214 m² útiles;Garcia Reyes, 629, Barrio Yungay, Santiago;;-33.4384228;-70.6717408;Garcia Reyes, Santiago, Santiago, Chile
2025-11-29 18:15:31;Santiago;casa;Casa En Venta De 7 Dorm. En Santiago;10900;CLF;7 dormitorios;2 baños;278 m² útiles;7 dormitorios | 2 baños | 278 m² útiles;Sargento Aldea / Metro Ñuble, Santiago;;-36.5978328;-72.0982702;Sargento Aldea / Ñuble, Santiago, Santiago, Chile
2025-11-29 18:15:31;Santiago;casa;Casa En Venta De 2 Dorm. En Santiago;2762;CLF;2 dormitorios;2 baños;100 m² útiles;2 dormitorios | 2 baños | 100 m² útiles;Libertad / Mapocho, Parque Los Reyes, Santiago;;-33.4378262;-70.6505028;Libertad / Mapocho, Santiago, Santiago, Chile
2025-11-29 18:15:31;Santiago;casa;Casa En Venta De 12 Dorm. En Santiago;15990;CLF;12 dormitorios;3 baños;493 m² útiles;12 dormitorios | 3 baños | 493 m² útiles;Metro Universidad Catolica, Santiago;;-33.4397617;-70.6398924;Universidad Catolica, Santiago, Santiago, Chile
2025-11-29 18:15:31;Santiago;casa;Casona Barrio Concha Y Toro En Obra Gruesa Hotel O Deptos.;18900;CLF;16 dormitorios;16 baños;1.117 m² útiles;16 dormitorios | 16 baños | 1.117 m² útiles;Concha Y Toro 1 - 300, Santiago, Chile, Barrio Brasil, Santiago;;-33.4457413;-70.6660453;Concha Y Toro 1 - 300, Santiago, Santiago, Chile
2025-11-29 18:15:31;Santiago;casa;Se Vende Casa 4d 1b Remodelada Metro Toesca Negociable;100000000;CLP;4 dormitorios;1 baño;110 m² útiles;4 dormitorios | 1 baño | 110 m² útiles;Metro Toesca, Parque Almagro, Santiago;;-33.4529746;-70.6585851;Toesca, Santiago, Santiago, Chile
2025-11-29 18:15:31;Santiago;casa;Casa Grande Y Remodelada En Santiago Centro;450000000;CLP;5 dormitorios;4 baños;293 m² útiles;5 dormitorios | 4 baños | 293 m² útiles;Barrio República, Santiago;;-33.4527404;-70.6674296;Barrio República, Santiago, Santiago, Chile
2025-11-29 18:15:31;Santiago;casa;Casa En Venta De 8 Dorm. En Santiago;400000000;CLP;8 dormitorios;4 baños;317 m² útiles;8 dormitorios | 4 baños | 317 m² útiles;Yungay, Barrio Yungay, Santiago;;-33.4289418;-70.6796644;Yungay, Santiago, Santiago, Chile
2025-11-29 18:15:31;Santiago;casa;Casa En Venta De 4 Dorm. En Santiago;5600;CLF;4 dormitorios;2 baños;165 m² útiles;4 dormitorios | 2 baños | 165 m² útiles;Club Hípico, Club Hípico, Santiago;;-33.4713213;-70.6649053;Club Hípico, Santiago, Santiago, Chile
2025-11-29 18:15:31;Santiago;casa;Casa En Venta De 5 Dorm. En Santiago;10850;CLF;5 dormitorios;1 baño;445 m² útiles;5 dormitorios | 1 baño | 445 m² útiles;Club Hípico, Club Hípico, Santiago;;-33.4713213;-70.6649053;Club Hípico, Santiago, Santiago, Chile
2025-11-29 18:15:31;Santiago;casa;Casa En Venta De 4 Dorm. En Providencia;21500;CLF;4 dormitorios;3 baños;286 m² útiles;4 dormitorios | 3 baños | 286 m² útiles;Colegio San Ignacio, Bulnes, Santiago;;-33.4474982;-70.6560442;Colegio San Ignacio, Santiago, Santiago, Chile
2025-11-29 18:15:31;Santiago;casa;Tradicional, Patio Interior, 3d2b, Regularizada Total;4250;CLF;3 dormitorios;2 baños;98 m² útiles;3 dormitorios | 2 baños | 98 m² útiles;Cuevas 1500 - 1800, Santiago, Bogotá - Sierra Bella, Santiago;;-33.4606077;-70.6334663;Cuevas 1500 - 1800, Santiago, Santiago, Chile
2025-11-29 18:15:31;Santiago;casa;Casa En Venta En Barrio Universitario (negociable);149900000;CLP;2 dormitorios;1 baño;96 m² útiles;2 dormitorios | 1 baño | 96 m² útiles;Gorbea 2020, Ejército - Toesca, Santiago;;-33.4526823;-70.6634303;Gorbea 2020, Santiago, Santiago, Chile
2025-11-29 18:15:31;Santiago;casa;Casa En Venta De 6 Dorm. En Santiago;16000;CLF;6 dormitorios;3 baños;295 m² útiles;6 dormitorios | 3 baños | 295 m² útiles;Ismael Valdés Vergara, Centro Histórico De Santiago, Santiago;;-33.4336846;-70.6497004;Ismael Valdés Vergara, Santiago, Santiago, Chile
2025-11-29 18:15:31;Santiago;casa;Gran Casa/oficina Excelente Ubicación ;6100;CLF;4 dormitorios;5 baños;170 m² útiles;4 dormitorios | 5 baños | 170 m² útiles;Serrano 625, San Diego, Santiago;;-33.452791;-70.6479172;Serrano 625, Santiago, Santiago, Chile
2025-11-29 18:15:31;Santiago;casa;Hermosa Casa Patrimonial Barrio Yungay;8350;CLF;4 dormitorios;2 baños;211 m² útiles;4 dormitorios | 2 baños | 211 m² útiles;Adriana Cousiño 367, Santiago, Barrio Yungay, Santiago;;-33.4418654;-70.6770956;Adriana Cousiño 367, Santiago, Santiago, Chile
2025-11-29 18:15:31;Santiago;casa;Casona Para Uso Comercial. ¡¡se Escuchan Ofertas!!;17000;CLF;15 dormitorios;8 baños;897 m² útiles;15 dormitorios | 8 baños | 897 m² útiles;Vergara 130, Ejército - Toesca, Santiago;;-33.4515629;-70.6617969;Vergara 130, Santiago, Santiago, Chile
2025-11-29 18:15:31;Santiago;casa;Venta Hermosa Casa En Príncipe De Gales En La Reina 386 Mts2;14959;CLF;4 dormitorios;4 baños;175 m² útiles;4 dormitorios | 4 baños | 175 m² útiles;Príncipe De Gales, Santiago, Centro Histórico De Santiago, Santiago;;-33.4427838;-70.6566107;Príncipe De Gales, Santiago, Santiago, Chile
2025-11-29 18:15:31;Santiago;casa;Oportunidad, Amplia, Buenos Accesos, Uso Comercial;4900;CLF;4 dormitorios;2 baños;185 m² útiles;4 dormitorios | 2 baños | 185 m² útiles;Madrid 1416, Santiago, Bogotá - Sierra Bella, Santiago;;-33.4621408;-70.6341902;Madrid 1416, Santiago, Santiago, Chile
2025-11-29 18:15:31;Santiago;casa;Terreno Con Casa En Centro De Concepción ;15160;CLF;3 dormitorios;1 baño;431 m² útiles;3 dormitorios | 1 baño | 431 m² útiles;Serrano 21, Santiago, Chile, Bulnes, Santiago;;-33.4479201;-70.6487298;Serrano 21, Santiago, Santiago, Chile
2025-11-29 18:15:31;Santiago;casa;Casona Remodelada Con Giro Comercial En Barrio República.;10270;CLF;10 dormitorios;7 baños;316 m² útiles;10 dormitorios | 7 baños | 316 m² útiles;Pasaje República 1 - 300, Santiago, Chile, Barrio República, Santiago;;-33.4486917;-70.6677049;Pasaje República 1 - 300, Santiago, Santiago, Chile
2025-11-29 18:15:31;Santiago;casa;Casa En Venta En Barrio Yungay, Santiago;2800;CLF;11 dormitorios;2 baños;200 m² útiles;11 dormitorios | 2 baños | 200 m² útiles;Maipú 656, Santiago, Barrio Yungay, Santiago;;-33.4376659;-70.6769824;Maipú 656, Santiago, Santiago, Chile
2025-11-29 18:15:38;Santiago;casa;Casa En Venta En La Reina;14959;CLF;4 dormitorios;3 baños;175 m² útiles;4 dormitorios | 3 baños | 175 m² útiles;Príncipe De Gales 8780, Santiago, Chile, Centro Histórico De Santiago, Santiago;;-33.4427838;-70.6566107;Príncipe De Gales 8780, Santiago, Santiago, Chile
2025-11-29 18:15:38;Santiago;casa;Se Vende Casa En Santiago Parque O;130000000;CLP;3 dormitorios;1 baño;82 m² útiles;3 dormitorios | 1 baño | 82 m² útiles;El Trebol 1745, Club Hípico, Santiago;;-33.4699144;-70.6695257;El Trebol 1745, Santiago, Santiago, Chile
2025-11-29 18:15:38;Santiago;casa;Casa En Venta De 4 Dorm. En Cité Calle San Pablo;1500;CLF;4 dormitorios;1 baño;92 m² útiles;4 dormitorios | 1 baño | 92 m² útiles;San Pablo - Amunátegui, Centro Histórico De Santiago, Santiago;;-33.4346231;-70.6572848;San Pablo - Amunátegui, Santiago, Santiago, Chile
2025-11-29 18:15:38;Santiago;casa;Oportunidad Vendo Casa 2 Pisos, Santiago Centro 3d, 1b;2787;CLF;3 dormitorios;1 baño;90 m² útiles;3 dormitorios | 1 baño | 90 m² útiles;Coquimbo 1018, San Diego, Santiago;;-33.4567521;-70.6482312;Coquimbo 1018, Santiago, Santiago, Chile
2025-11-29 18:15:38;Santiago;casa;Oportunidad De Inversión En El Corazón De Santiago;12300;CLF;;;684 m² útiles;684 m² útiles;Victor Manuel, 1 - 300, Bogotá - Sierra Bella, Santiago;;-33.4585741;-70.6420014;Victor Manuel, Santiago, Santiago, Chile
2025-11-29 18:15:38;Santiago;casa;Vendo Hotel;56740;CLF;14 dormitorios;14 baños;1.082 m² útiles;14 dormitorios | 14 baños | 1.082 m² útiles;Bogotá - Sierra Bella, Santiago;;-33.458961;-70.6302469;Bogotá - Sierra Bella, Santiago, Santiago, Chile
2025-11-29 18:15:38;Santiago;casa;Venta De Casa Muy Cerca Del Metro;12978;CLF;5 dormitorios;2 baños;147 m² útiles;5 dormitorios | 2 baños | 147 m² útiles;Santiago, Franklin - Biobío;;-33.4420638;-70.6456647;Santiago, Santiago, Santiago, Chile
2025-11-29 18:15:38;Santiago;casa;Casa Con Local;5863;CLF;5 dormitorios;3 baños;202 m² útiles;5 dormitorios | 3 baños | 202 m² útiles;Artemio Gutierrez, 0, Bogotá - Sierra Bella, Santiago;;-33.462253;-70.6363056;Artemio Gutierrez, Santiago, Santiago, Chile
2025-11-29 18:15:38;Santiago;casa;Casa Remodelada En Rogelio Ugarte, Santiago;7500;CLF;3 dormitorios;2 baños;110 m² útiles;3 dormitorios | 2 baños | 110 m² útiles;Santiago, Bogotá - Sierra Bella;;-33.4420638;-70.6456647;Santiago, Santiago, Santiago, Chile
2025-11-29 18:15:38;Santiago;casa;Casa Remodelada En Ñuble A Pasos De Metro Rondizzo...;3500;CLF;3 dormitorios;2 baños;96 m² útiles;3 dormitorios | 2 baños | 96 m² útiles;Santiago, Franklin - Biobío;;-33.4420638;-70.6456647;Santiago, Santiago, Santiago, Chile
2025-11-29 18:15:38;Santiago;casa;Metro Rondizzoni. Gran Propiedad.;480000000;CLP;6 dormitorios;4 baños;320 m² útiles;6 dormitorios | 4 baños | 320 m² útiles;Metro Rondizzoni, Parque O'Higgins, Santiago;;-33.4696578;-70.6563736;Rondizzoni, Santiago, Santiago, Chile
2025-11-29 18:15:38;Santiago;casa;Casa Esquina En Tocornal;6450;CLF;5 dormitorios;2 baños;252 m² útiles;5 dormitorios | 2 baños | 252 m² útiles;Santiago, Bogotá - Sierra Bella;;-33.4420638;-70.6456647;Santiago, Santiago, Santiago, Chile
2025-11-29 18:15:38;Santiago;casa;Antigua Casa Remodelada En Almirante Hurtado;7190;CLF;4 dormitorios;2 baños;204 m² útiles;4 dormitorios | 2 baños | 204 m² útiles;Santiago, Ejército - Toesca;;-33.4420638;-70.6456647;Santiago, Santiago, Santiago, Chile
2025-11-29 18:15:38;Santiago;casa;Gran Casona Erasmo Escala // Barrio Brasil;500000000;CLP;9 dormitorios;4 baños;170 m² útiles;9 dormitorios | 4 baños | 170 m² útiles;Erasmo Escala 2100 - 2400, Santiago, Chile, Barrio Brasil, Santiago;;-33.4445444;-70.6623487;Erasmo Escala 2100 - 2400, Santiago, Santiago, Chile
2025-11-29 18:15:38;Santiago;casa;Propiedad Con 2 Casas Independientes;170000000;CLP;7 dormitorios;2 baños;248 m² útiles;7 dormitorios | 2 baños | 248 m² útiles;Condor, 600 - 900, San Diego, Santiago;;-33.450231;-70.6488937;Condor, Santiago, Santiago, Chile
2025-11-29 18:15:38;Santiago;casa;General Gana // Carmen;190000000;CLP;4 dormitorios;2 baños;120 m² útiles;4 dormitorios | 2 baños | 120 m² útiles;General Gana 300 - 600, Santiago, Chile, Franklin - Biobío, Santiago;;-33.4701571;-70.6392365;General Gana 300 - 600, Santiago, Santiago, Chile
2025-11-29 18:15:38;Santiago;casa;Casa Venta De 4 Dorm. En Santiago, Cerca A Metro Sta Isabel;4430;CLF;4 dormitorios;2 baños;70 m² útiles;4 dormitorios | 2 baños | 70 m² útiles;Portugal / Marin, Santa Isabel, Santiago;;-33.4462567;-70.6358156;Portugal / Marin, Santiago, Santiago, Chile
2025-11-29 18:15:38;Santiago;casa;Casa En Venta En Santiago Centro;190000000;CLP;4 dormitorios;2 baños;78 m² útiles;4 dormitorios | 2 baños | 78 m² útiles;Gral. Bulnes 520, Santiago, Barrio Yungay, Santiago;;-53.175891;-70.9238311;Gral. Bulnes 520, Santiago, Santiago, Chile
2025-11-29 18:15:38;Santiago;casa;Amplia Casa En Venta A Pasos De Metro Irarrázaval;215000000;CLP;4 dormitorios;2 baños;72 m² útiles;4 dormitorios | 2 baños | 72 m² útiles;Victoria 148, Santiago, Bogotá - Sierra Bella, Santiago;;-33.4616917;-70.6338383;Victoria 148, Santiago, Santiago, Chile
2025-11-29 18:15:38;Santiago;casa;Casas En Venta En Barrio Universitario;6500;CLF;4 dormitorios;3 baños;89 m² útiles;4 dormitorios | 3 baños | 89 m² útiles;Grajales 2474, Santiago, Chile, Barrio República, Santiago;;-33.4530056;-70.670533;Grajales 2474, Santiago, Santiago, Chile
2025-11-29 18:15:38;Santiago;casa;Venta O Arriendo Amplia Casa ,oficinas O Local Comercial;10200;CLF;3 dormitorios;3 baños;315 m² útiles;3 dormitorios | 3 baños | 315 m² útiles;Parque Ohiggins, Parque O'Higgins, Santiago;;-32.8377594;-70.6049682;Parque Ohiggins, Santiago, Santiago, Chile
2025-11-29 18:15:38;Santiago;casa;Venta Local- Casa Gaspar De La Barrera / Santiago;6850;CLF;5 dormitorios;2 baños;347 m² útiles;5 dormitorios | 2 baños | 347 m² útiles;GASPAR DE LA BARRERA /SANTIAGO, Club Hípico, Santiago;;-33.4671794;-70.6756727;GASPAR DE LA BARRERA /SANTIAGO, Santiago, Santiago, Chile
2025-11-29 18:15:38;Santiago;casa;Casa En Venta En Jose Miguel Carrera 596 Con Cocina;5756;CLF;2 dormitorios;2 baños;70 m² útiles;2 dormitorios | 2 baños | 70 m² útiles;José Miguel Carrera 596, Santiago, Chile, Ejército - Toesca, Santiago;;-33.4547037;-70.6626697;José Miguel Carrera 596, Santiago, Santiago, Chile
2025-11-29 18:15:38;Santiago;casa;Amplia Casa Mediterranea Gran Vista Los Litres.;22500;CLF;4 dormitorios;4 baños;226 m² útiles;4 dormitorios | 4 baños | 226 m² útiles;Los Litres, 1200 - 1500, Barrio República, Santiago;;-33.0946723;-70.9113286;Los Litres, Santiago, Santiago, Chile
2025-11-29 18:15:38;Santiago;casa;Casa En Venta En Santiago Con Piscina;5863;CLF;5 dormitorios;3 baños;201 m² útiles;5 dormitorios | 3 baños | 201 m² útiles;Artemio Gutiérrez 1436, 8360468 Santiago, Región Metropolitana, Chile, Bogotá - Sierra Bella, Santiago;;-33.4629079;-70.6360589;Artemio Gutiérrez 1436, Santiago, Santiago, Chile
2025-11-29 18:15:38;Santiago;casa;Roberto Espinoza 1408-taller-oficina-bodega;350000000;CLP;4 dormitorios;3 baños;197 m² útiles;4 dormitorios | 3 baños | 197 m² útiles;Roberto Espinoza 1408, Santiago, Parque O'Higgins, Santiago;;-33.4643117;-70.6518063;Roberto Espinoza 1408, Santiago, Santiago, Chile
2025-11-29 18:15:38;Santiago;casa;Casa En Venta En Barrio Balmaceda;115000000;CLP;5 dormitorios;1 baño;100 m² útiles;5 dormitorios | 1 baño | 100 m² útiles;Juan Martínez De Rozas 3081, Parque Los Reyes, Santiago;;-33.4343062;-70.6779814;Juan Martínez De Rozas 3081, Santiago, Santiago, Chile
2025-11-29 18:15:38;Santiago;casa;Casa En Venta En Balmaceda Santiago Centro;155000000;CLP;7 dormitorios;4 baños;120 m² útiles;7 dormitorios | 4 baños | 120 m² útiles;Chacabuco 903, Parque Los Reyes, Santiago;;-33.4343373;-70.6791738;Chacabuco 903, Santiago, Santiago, Chile
2025-11-29 18:15:38;Santiago;casa;Exclusiva Casa En La Dehesa;33000;CLF;6 dormitorios;6 baños;400 m² útiles;6 dormitorios | 6 baños | 400 m² útiles;Camino El Atajo, 10200 - 10500, Barrio República, Santiago;;-33.6437694;-70.6808007;Camino El Atajo, Santiago, Santiago, Chile
2025-11-29 18:15:38;Santiago;casa;Imponente Casa Patrimonio Cultural Barrio Republica Año 1910;40000;CLF;14 dormitorios;6 baños;680 m² útiles;14 dormitorios | 6 baños | 680 m² útiles;República 350, Santiago, Chile, Barrio República, Santiago;;-33.4527212;-70.6670686;República 350, Santiago, Santiago, Chile
2025-11-29 18:15:38;Santiago;casa;Casa En Venta En Pedro León Ugalde, Santiago Sur  ;11000;CLF;7 dormitorios;4 baños;620 m² útiles;7 dormitorios | 4 baños | 620 m² útiles;Pedro León Ugalde 1126, Santiago, Bogotá - Sierra Bella, Santiago;;-33.4567123;-70.6337368;Pedro León Ugalde 1126, Santiago, Santiago, Chile
2025-11-29 18:15:38;Santiago;casa;Casa Siniestrada En Venta Bio Bio, Franklin En Santiago;98000000;CLP;3 dormitorios;1 baño;68 m² útiles;3 dormitorios | 1 baño | 68 m² útiles;Metro Bio Bio, Franklin - Biobío, Santiago;;-33.4766072;-70.6421784;Bio Bio, Santiago, Santiago, Chile
2025-11-29 18:15:38;Santiago;casa;Vende Casa Con Destino Comercial;6800;CLF;7 dormitorios;2 baños;196 m² útiles;7 dormitorios | 2 baños | 196 m² útiles;Portugal 1200 - 1500, Santiago, Bogotá - Sierra Bella, Santiago;;-33.4697115;-70.6297388;Portugal 1200 - 1500, Santiago, Santiago, Chile
2025-11-29 18:15:38;Santiago;casa;Casa De 2 Pisos Calle Vichuquén 3d-2b, Servicios Completos;170000000;CLP;3 dormitorios;2 baños;90 m² útiles;3 dormitorios | 2 baños | 90 m² útiles;Vichuquén 1 - 300, Santiago, Chile, Santa Isabel, Santiago;;-33.4470996;-70.6405803;Vichuquén 1 - 300, Santiago, Santiago, Chile
2025-11-29 18:15:38;Santiago;casa;Casa 2 Pisos Destino Comercial/ Habitacional/ A Pasos Metro ;4500;CLF;14 dormitorios;5 baños;120 m² útiles;14 dormitorios | 5 baños | 120 m² útiles;San Ignacio De Loyola 1200 - 1500, Santiago, Parque O'Higgins, Santiago;;-33.4463916;-70.6572174;San Ignacio De Loyola 1200 - 1500, Santiago, Santiago, Chile
2025-11-29 18:15:38;Santiago;casa;Recién Rebajada!! Oportunidad!! Venta Amplia Casa 4d+2b;125000000;CLP;4 dormitorios;2 baños;151 m² útiles;4 dormitorios | 2 baños | 151 m² útiles;Rogelio Ugarte 1522, 8.3604e+06 - 8.3607e+06 Santiago, Región Metropolitana, Chile, Bogotá - Sierra Bella, Santiago;;-33.464265;-70.6329823;Rogelio Ugarte 1522, Santiago, Santiago, Chile
2025-11-29 18:15:38;Santiago;casa;Casa En Venta En Santiago;63000000;CLP;3 dormitorios;1 baño;53 m² útiles;3 dormitorios | 1 baño | 53 m² útiles;ALDUNATE/PEDRO LAGOS, Santiago;;-42.4727838;-73.7669968;ALDUNATE/PEDRO LAGOS, Santiago, Santiago, Chile
2025-11-29 18:15:38;Santiago;casa;Casa En Venta De 12 Dorm. En Santiago;15000;CLF;12 dormitorios;6 baños;713 m² útiles;12 dormitorios | 6 baños | 713 m² útiles;Barrio Concha Y Toro, Santiago;;-33.4459042;-70.6660592;Barrio Concha Y Toro, Santiago, Santiago, Chile
2025-11-29 18:15:38;Santiago;casa;Casa Claudio Gay Id: 148900;405000000;CLP;5 dormitorios;2 baños;293 m² útiles;5 dormitorios | 2 baños | 293 m² útiles;Claudio Gay, Barrio República, Santiago;;-33.4555528;-70.6665029;Claudio Gay, Santiago, Santiago, Chile
2025-11-29 18:15:38;Santiago;casa;Casa Maipú Id: 157465;6000;CLF;3 dormitorios;3 baños;120 m² útiles;3 dormitorios | 3 baños | 120 m² útiles;Maipú, Barrio Yungay, Santiago;;-33.5094409;-70.756182;Maipú, Santiago, Santiago, Chile
2025-11-29 18:15:38;Santiago;casa;Acogedora Casa 120/175m2, Rogelio Ugarte / Victoria, Stgo.;178000000;CLP;3 dormitorios;1 baño;120 m² útiles;3 dormitorios | 1 baño | 120 m² útiles;Rogelio Ugarte 1435, Santiago, Bogotá - Sierra Bella, Santiago;;-33.4624265;-70.6337066;Rogelio Ugarte 1435, Santiago, Santiago, Chile
2025-11-29 18:15:38;Santiago;casa;Santiago  Huerfanos / Autopista Central;40000;CLF;10 dormitorios;6 baños;1.314 m² útiles;10 dormitorios | 6 baños | 1.314 m² útiles;Huérfanos 1500 - 1800, Santiago, Barrio Brasil, Santiago;;-33.440684;-70.6614475;Huérfanos 1500 - 1800, Santiago, Santiago, Chile
2025-11-29 18:15:38;Santiago;casa;Casa Huérfanos;188000000;CLP;5 dormitorios;2 baños;180 m² útiles;5 dormitorios | 2 baños | 180 m² útiles;Barrio Yungay, Santiago;;-33.4431331;-70.6738044;Barrio Yungay, Santiago, Santiago, Chile
2025-11-29 18:15:50;Santiago;casa;Santiago  Maule/pedro Leon U.;4485;CLF;4 dormitorios;2 baños;184 m² útiles;4 dormitorios | 2 baños | 184 m² útiles;Maule 318, 8360630 Santiago, Región Metropolitana, Chile, Bogotá - Sierra Bella, Santiago;;-33.4655152;-70.6313226;Maule 318, Santiago, Santiago, Chile
2025-11-29 18:15:50;Santiago;casa;Casa Coquimbo Id: 135454;5320;CLF;8 dormitorios;2 baños;166 m² útiles;8 dormitorios | 2 baños | 166 m² útiles;Coquimbo, Barrio Diez De Julio, Santiago;;-33.4535596;-70.632238;Coquimbo, Santiago, Santiago, Chile
2025-11-29 18:15:50;Santiago;casa;Casa Carmen Id: 160364;250000000;CLP;5 dormitorios;2 baños;150 m² útiles;5 dormitorios | 2 baños | 150 m² útiles;Carmen, Bogotá - Sierra Bella, Santiago;;-33.4446413;-70.6429413;Carmen, Santiago, Santiago, Chile
2025-11-29 18:15:50;Santiago;casa;Gran Casona Patrimonial En Venta Oportunidad!!!;15000;CLF;;6 baños;713 m² útiles;6 baños | 713 m² útiles;Moneda, Barrio Brasil, Santiago;;-33.4448182;-70.6762704;Moneda, Santiago, Santiago, Chile
2025-11-29 18:15:50;Santiago;casa;Casa San Vicente Id: 160407;4440;CLF;4 dormitorios;1 baño;140 m² útiles;4 dormitorios | 1 baño | 140 m² útiles;San Vicente, Club Hípico, Santiago;;-33.4648914;-70.6759691;San Vicente, Santiago, Santiago, Chile
2025-11-29 18:15:50;Santiago;casa;Casa Grajales Id: 43937;8000;CLF;3 dormitorios;3 baños;106 m² útiles;3 dormitorios | 3 baños | 106 m² útiles;Grajales, Barrio República, Santiago;;-33.4534121;-70.6728362;Grajales, Santiago, Santiago, Chile
2025-11-29 18:15:50;Santiago;casa;Casa Fray Camilo Henríquez Id: 135317;2450;CLF;3 dormitorios;1 baño;90 m² útiles;3 dormitorios | 1 baño | 90 m² útiles;Fray Camilo Henríquez, Barrio Diez De Julio, Santiago;;-33.4701013;-70.6283067;Fray Camilo Henríquez, Santiago, Santiago, Chile
2025-11-29 18:15:50;Santiago;casa;Casa En Venta En Santiago;6900;CLF;6 dormitorios;5 baños;240 m² útiles;6 dormitorios | 5 baños | 240 m² útiles;Almirante Latorre, Ejército - Toesca, Santiago;;-33.4507564;-70.664681;Almirante Latorre, Santiago, Santiago, Chile
2025-11-29 18:15:50;Santiago;casa;Casa Fray Camilo Henríquez Id: 111742;79000000;CLP;4 dormitorios;1 baño;70 m² útiles;4 dormitorios | 1 baño | 70 m² útiles;Fray Camilo Henríquez, Barrio Diez De Julio, Santiago;;-33.4701013;-70.6283067;Fray Camilo Henríquez, Santiago, Santiago, Chile
2025-11-29 18:15:50;Santiago;casa;Casa En Venta En Parque O'higgins Con Piscina;19900;CLF;4 dormitorios;3 baños;315 m² útiles;4 dormitorios | 3 baños | 315 m² útiles;VIEL, Parque O'Higgins, Santiago;;-33.4655359;-70.6555637;VIEL, Santiago, Santiago, Chile
2025-11-29 18:15:50;Santiago;casa;Casa En Venta En Portugal Con Maule;4988;CLF;6 dormitorios;2 baños;150 m² útiles;6 dormitorios | 2 baños | 150 m² útiles;Rogelio Ugarte, Bogotá - Sierra Bella, Santiago;;-33.4582471;-70.6347799;Rogelio Ugarte, Santiago, Santiago, Chile
2025-11-29 18:15:50;Santiago;casa;Oportunidad Única / Inversionista/  Metro Matta/ 5d+1b+patio;4550;CLF;5 dormitorios;1 baño;187 m² útiles;5 dormitorios | 1 baño | 187 m² útiles;Madrid 1357, Santiago, Bogotá - Sierra Bella, Santiago;;-33.4609337;-70.6347489;Madrid 1357, Santiago, Santiago, Chile
2025-11-29 18:15:50;Santiago;casa;Casa Sólida En Metro Ñuble, Santiago Centro;230000000;CLP;6 dormitorios;2 baños;215 m² útiles;6 dormitorios | 2 baños | 215 m² útiles;Artemio Gutiérrez, Santiago, Bogotá - Sierra Bella, Santiago;;-33.462253;-70.6363056;Artemio Gutiérrez, Santiago, Santiago, Chile
2025-11-29 18:15:50;Santiago;casa;Casa En Venta En Santiago;5450;CLF;5 dormitorios;1 baño;152 m² útiles;5 dormitorios | 1 baño | 152 m² útiles;Roberto Espinoza 916, Santiago, Parque Almagro, Santiago;;-33.4576975;-70.6526985;Roberto Espinoza 916, Santiago, Santiago, Chile
2025-11-29 18:15:50;Santiago;casa;Amplia Casa Sector Consolidado;350000000;CLP;3 dormitorios;2 baños;108 m² útiles;3 dormitorios | 2 baños | 108 m² útiles;Roberto Espinoza 1408, Parque O'Higgins, Santiago;;-33.4643117;-70.6518063;Roberto Espinoza 1408, Santiago, Santiago, Chile
2025-11-29 18:15:50;Santiago;casa;Oportunidad - 750 Mts Terreno - Opción Comercial;15000;CLF;7 dormitorios;3 baños;345 m² útiles;7 dormitorios | 3 baños | 345 m² útiles;Sta. Elena 900 - 1200, Santiago, Bogotá - Sierra Bella, Santiago;;-33.4533512;-70.6319157;Sta. Elena 900 - 1200, Santiago, Santiago, Chile
2025-11-29 18:15:50;Santiago;casa;Casa Fachada Continua Full Remodelada.;5950;CLF;4 dormitorios;1 baño;172 m² útiles;4 dormitorios | 1 baño | 172 m² útiles;Cuevas, Barrio Diez De Julio, Santiago;;-33.4606077;-70.6334663;Cuevas, Santiago, Santiago, Chile
2025-11-29 18:15:50;Santiago;casa;Tradicional Casa En Barrio Matta 3d/2b Metro Irarrázaval;5650;CLF;3 dormitorios;2 baños;158 m² útiles;3 dormitorios | 2 baños | 158 m² útiles;Madrid, Barrio Diez De Julio, Santiago;;-33.4680144;-70.6327011;Madrid, Santiago, Santiago, Chile
2025-11-29 18:15:50;Santiago;casa;Casas C/ Local Comercial En Santiago Centro;7000;CLF;5 dormitorios;3 baños;392 m² útiles;5 dormitorios | 3 baños | 392 m² útiles;Herrera, 1 - 300, Barrio Yungay, Santiago;;-33.439865;-70.6777407;Herrera, Santiago, Santiago, Chile
2025-11-29 18:15:50;Santiago;casa;Venta Casa Para Inversion - Metro Ñuble;198000000;CLP;4 dormitorios;2 baños;190 m² útiles;4 dormitorios | 2 baños | 190 m² útiles;Bogotá - Sierra Bella, Santiago;;-33.458961;-70.6302469;Bogotá - Sierra Bella, Santiago, Santiago, Chile
2025-11-29 18:15:50;Santiago;casa;Amplia Casa,  Santiago Concha / Ñuble / Gana / Santiago Sur;4360;CLF;2 dormitorios;1 baño;116 m² útiles;2 dormitorios | 1 baño | 116 m² útiles;Santiago Concha 1893, Santiago, Franklin - Biobío, Santiago;;-33.469814;-70.6374197;Santiago Concha 1893, Santiago, Santiago, Chile
2025-11-29 18:15:50;Santiago;casa;Barrio Yungay;87000000;CLP;2 dormitorios;1 baño;40 m² útiles;2 dormitorios | 1 baño | 40 m² útiles;Maipú 1 - 300, Santiago, Barrio Yungay, Santiago;;-33.5094409;-70.756182;Maipú 1 - 300, Santiago, Santiago, Chile
2025-11-29 18:15:50;Santiago;casa;Amplia Casa En Venta Ideal Para Remodelar;4200;CLF;3 dormitorios;2 baños;85 m² útiles;3 dormitorios | 2 baños | 85 m² útiles;ELISA COLE, 1 - 300, Santa Isabel, Santiago;;-33.4448654;-70.6334524;ELISA COLE, Santiago, Santiago, Chile
2025-11-29 18:15:50;Santiago;casa;Casa, Uso Comercial;3200;CLF;6 dormitorios;3 baños;225 m² útiles;6 dormitorios | 3 baños | 225 m² útiles;San Ignacio, 1200 - 1500, Parque O'Higgins, Santiago;;-33.474707;-70.6541774;San Ignacio, Santiago, Santiago, Chile
2025-11-29 18:15:50;Santiago;casa;Excelente Ubicacion Propiedad Comercial Santiago;20000;CLF;;2 baños;514 m² útiles;2 baños | 514 m² útiles;Santo Domingo 2222, 2222, Barrio Brasil, Santiago;;-33.437974;-70.6674032;Santo Domingo 2222, Santiago, Santiago, Chile
2025-11-29 18:15:50;Santiago;casa;Casa En Venta En Franklin - Biobío, Santiago;185000000;CLP;5 dormitorios;2 baños;166 m² útiles;5 dormitorios | 2 baños | 166 m² útiles;Santiago Concha 2037, 8.3613e+06 - 8.3616e+06 Santiago, Región Metropolitana, Chile, Franklin - Biobío, Santiago;;-33.4718827;-70.6368906;Santiago Concha 2037, Santiago, Santiago, Chile
2025-11-29 18:15:50;Santiago;casa;Ideal Para Inversión, Metro Santa Ana;1890;CLF;1 dormitorio;1 baño;30 m² útiles;1 dormitorio | 1 baño | 30 m² útiles;Santo Domingo 1736, Santiago, Barrio Brasil, Santiago;;-33.4373802;-70.6616838;Santo Domingo 1736, Santiago, Santiago, Chile
2025-11-29 18:15:50;Santiago;casa;Casa En Venta Calle Cuevas Santiago Sur ;169000000;CLP;4 dormitorios;1 baño;93 m² útiles;4 dormitorios | 1 baño | 93 m² útiles;Cuevas 1452, Santiago, Bogotá - Sierra Bella, Santiago;;-33.4625159;-70.6328301;Cuevas 1452, Santiago, Santiago, Chile
2025-11-29 18:15:50;Santiago;casa;Gran Terreno En Venta Ideal Inversionistas;19800;CLF;8 dormitorios;4 baños;268 m² útiles;8 dormitorios | 4 baños | 268 m² útiles;Santa Rosa, 0, Bogotá - Sierra Bella, Santiago;;-33.4734625;-70.6489749;Santa Rosa, Santiago, Santiago, Chile
2025-11-29 18:15:50;Santiago;casa;Casa En Venta En Barrio Yungay Santiago;339900000;CLP;19 dormitorios;6 baños;220 m² útiles;19 dormitorios | 6 baños | 220 m² útiles;Libertad 351, Santiago, Barrio Yungay, Santiago;;-33.4415337;-70.6740036;Libertad 351, Santiago, Santiago, Chile
2025-11-29 18:15:50;Santiago;casa;Cóndor / Santa Rosa;400000000;CLP;3 dormitorios;1 baño;125 m² útiles;3 dormitorios | 1 baño | 125 m² útiles;CÓNDOR / SANTA ROSA, Santa Isabel, Santiago;;-33.4499532;-70.6444648;CÓNDOR / SANTA ROSA, Santiago, Santiago, Chile
2025-11-29 18:15:50;Santiago;casa;Linda Casa Para Remodelar Dos Pisos Orientación Norte;3300;CLF;2 dormitorios;1 baño;108 m² útiles;2 dormitorios | 1 baño | 108 m² útiles;Lord Cochrane 1364, Santiago, Chile, Parque O'Higgins, Santiago;;-33.4467058;-70.6550239;Lord Cochrane 1364, Santiago, Santiago, Chile
2025-11-29 18:15:50;Santiago;casa;Oportunidad Venta Casa Tocornal Santiago Centro;170000000;CLP;11 dormitorios;2 baños;175 m² útiles;11 dormitorios | 2 baños | 175 m² útiles;Manuel Antonio Tocornal, 1 - 300, Bogotá - Sierra Bella, Santiago;;-33.4613311;-70.6372293;Manuel Antonio Tocornal, Santiago, Santiago, Chile
2025-11-29 18:15:50;Santiago;casa;Amplia Casa Con Patio Para Remodelación;3029;CLF;4 dormitorios;2 baños;105 m² útiles;4 dormitorios | 2 baños | 105 m² útiles;Cuevas, 1500 - 1800, Bogotá - Sierra Bella, Santiago;;-33.4606077;-70.6334663;Cuevas, Santiago, Santiago, Chile
2025-11-29 18:16:16;Santiago;casa;Casa En Venta Barrio Yungay De 14 Dorm. En Santiago;8500;CLF;14 dormitorios;6 baños;282 m² útiles;14 dormitorios | 6 baños | 282 m² útiles;Barrio Yungay, Barrio Yungay, Santiago;;-33.4431331;-70.6738044;Barrio Yungay, Santiago, Santiago, Chile
2025-11-29 18:16:16;Santiago;casa;Casa Dos Pisos Conjunto Las Terrazas Maipú;180000000;CLP;4 dormitorios;3 baños;110 m² útiles;4 dormitorios | 3 baños | 110 m² útiles;Maipú, Santiago, Barrio Yungay, Santiago;;-33.5094409;-70.756182;Maipú, Santiago, Santiago, Chile
2025-11-29 18:16:16;Santiago;casa;Se Vende Linda Casa Sector Av. Matta 3dorm +1baño.;75000000;CLP;3 dormitorios;1 baño;111 m² útiles;3 dormitorios | 1 baño | 111 m² útiles;Miguel Leon Prado, 628, Bogotá - Sierra Bella, Santiago;;-33.4634305;-70.6366589;Miguel Leon Prado, Santiago, Santiago, Chile
2025-11-29 18:16:16;Santiago;casa;Casa En Venta En Santiago;137000000;CLP;6 dormitorios;6 baños;214 m² útiles;6 dormitorios | 6 baños | 214 m² útiles;Santo Domingo / Av Brasil, Barrio Brasil, Santiago;;-33.437437;-70.6644858;Santo Domingo / Av Brasil, Santiago, Santiago, Chile
2025-11-29 18:16:16;Santiago;casa;Venta Al Contado, Precio Super Rebajado;2503;CLF;2 dormitorios;1 baño;75 m² útiles;2 dormitorios | 1 baño | 75 m² útiles;Longavi, 1500 - 1800, Club Hípico, Santiago;;-33.4680674;-70.6738224;Longavi, Santiago, Santiago, Chile
2025-11-29 18:16:16;Santiago;casa;Casa En Venta Santiago 3d/ 2b /87 M2construidos;3039;CLF;3 dormitorios;2 baños;87 m² útiles;3 dormitorios | 2 baños | 87 m² útiles;El Rosedal / Av. Pedro Montt, Club Hípico, Santiago;;-33.4726728;-70.6678623;El Rosedal / Av. Pedro Montt, Santiago, Santiago, Chile
2025-11-29 18:16:16;Santiago;casa;Casa En Venta En Barrio República Santiago;405000000;CLP;5 dormitorios;2 baños;293 m² útiles;5 dormitorios | 2 baños | 293 m² útiles;CLAUDIO GAY, Barrio República, Santiago;;-33.4541269;-70.6593671;CLAUDIO GAY, Santiago, Santiago, Chile
2025-11-29 18:16:16;Santiago;casa;Casa En Venta En Santiago;200000000;CLP;;2 baños;160 m² útiles;2 baños | 160 m² útiles;Portugal /Maule, Bogotá - Sierra Bella, Santiago;;-33.465207;-70.630648;Portugal /Maule, Santiago, Santiago, Chile
2025-11-29 18:16:16;Santiago;casa;Oportunidad / Inversionistas/ Metro Matta/ 5d+1b;4550;CLF;5 dormitorios;1 baño;187 m² útiles;5 dormitorios | 1 baño | 187 m² útiles;Madrid 1357, Barrio República, Santiago;;-33.4609337;-70.6347489;Madrid 1357, Santiago, Santiago, Chile
2025-11-29 18:16:16;Santiago;casa;"Hermosa Casa En Venta 3d;2b Santa Filomena De Nos, San Berna";4650;CLF;3 dormitorios;2 baños;105 m² útiles;3 dormitorios | 2 baños | 105 m² útiles;La Encina Norte 860, Santiago;;-33.6419679;-70.6937966;La Encina Norte 860, Santiago, Santiago, Chile
2025-11-29 18:16:16;Santiago;casa;Se Vende Amplia  Casa 3d 2baños  $120.000.000.-;120000000;CLP;3 dormitorios;2 baños;79 m² útiles;3 dormitorios | 2 baños | 79 m² útiles;Osorno 0864, Santiago;;-33.5244395;-70.6144757;Osorno 0864, Santiago, Santiago, Chile
2025-11-29 18:16:16;Santiago;casa;Casa En Cité En Martínez De Rozas 2454. Santiago;42000000;CLP;2 dormitorios;1 baño;30 m² útiles;2 dormitorios | 1 baño | 30 m² útiles;Juan Martínez De Rozas 2454, Santiago, Chile, Santiago;;-33.4340535;-70.6716231;Juan Martínez De Rozas 2454, Santiago, Santiago, Chile
2025-11-29 18:16:16;Santiago;casa;¡oportunidad! Departamento En Venta En Avenida Matta, Santia;98000000;CLP;2 dormitorios;1 baño;47 m² totales;2 dormitorios | 1 baño | 47 m² totales;Avenida Manuel Antonio Matta 40, Santiago;;-33.455978;-70.630066;Avenida Manuel Antonio Matta 40, Santiago, Santiago, Chile
2025-11-29 18:16:16;Santiago;casa;Casa Esquina Con Uso Comercial Y Habitacional ;390000000;CLP;11 dormitorios;3 baños;273 m² útiles;11 dormitorios | 3 baños | 273 m² útiles;José Miguel Carrera 555, Santiago, Chile, Santiago;;-33.4543587;-70.6629895;José Miguel Carrera 555, Santiago, Santiago, Chile
2025-11-29 18:16:16;Santiago;casa;Casa Patrimonial De Conservación Histórica  De Tres Pisos Y;12200;CLF;6 dormitorios;6 baños;535 m² útiles;6 dormitorios | 6 baños | 535 m² útiles;Metro Cumming, Barrio Brasil, Santiago;;-33.4391444;-70.668534;Cumming, Santiago, Santiago, Chile
2025-11-29 18:16:16;Santiago;casa;Se Vende Espectacular Casa En Barrio Concha Y Toro;17800;CLF;5 dormitorios;3 baños;525 m² totales;5 dormitorios | 3 baños | 525 m² totales;Concha Y Toro 32, Barrio Brasil, Santiago;;-33.4455067;-70.6655692;Concha Y Toro 32, Santiago, Santiago, Chile
2025-11-29 18:16:16;Santiago;casa;Gran Casa En 800 M2 Terreno - Moneda Esq. Brasil;16446;CLF;20 dormitorios;5 baños;600 m² útiles;20 dormitorios | 5 baños | 600 m² útiles;Moneda 1944, Barrio Brasil, Santiago;;-33.4432941;-70.6637207;Moneda 1944, Santiago, Santiago, Chile
2025-11-29 18:16:16;Santiago;casa;Venta Casa Madrid 973 Santiago;230000000;CLP;5 dormitorios;2 baños;170 m² útiles;5 dormitorios | 2 baños | 170 m² útiles;Madrid 973, Santiago, Chile, Barrio Diez De Julio, Santiago;;-33.4554008;-70.6362804;Madrid 973, Santiago, Santiago, Chile
2025-11-29 18:16:16;Santiago;casa;Casa En El Corazón De Santiago.;159500000;CLP;4 dormitorios;1 baño;138 m² útiles;4 dormitorios | 1 baño | 138 m² útiles;Victor Manuel, 2100 - 2400, Franklin - Biobío, Santiago;;-33.4672937;-70.6412582;Victor Manuel, Santiago, Santiago, Chile
2025-11-29 18:16:16;Santiago;casa;Se Vende Amplia Propiedad Artemio Gutierrez, Stgo Centro;5470;CLF;5 dormitorios;3 baños;293 m² útiles;5 dormitorios | 3 baños | 293 m² útiles;Artemio Gutierrez 1436, Bogotá - Sierra Bella, Santiago;;-33.4629079;-70.6360589;Artemio Gutierrez 1436, Santiago, Santiago, Chile
2025-11-29 18:16:16;Santiago;casa;Hermosa Casa De Dos Pisos En Calle San Diego;5200;CLF;3 dormitorios;2 baños;123 m² útiles;3 dormitorios | 2 baños | 123 m² útiles;San Diego 1476, Santiago, Chile, Santiago;;-33.4653077;-70.6477666;San Diego 1476, Santiago, Santiago, Chile
2025-11-29 18:16:16;Santiago;casa;Bellas Artes Exclusivo Departamento En Venta;140000000;CLP;2 dormitorios;1 baño;52 m² útiles;2 dormitorios | 1 baño | 52 m² útiles;Santo Domingo 498, Santiago, Chile, Centro Histórico De Santiago, Santiago;;-33.4371134;-70.6597567;Santo Domingo 498, Santiago, Santiago, Chile
2025-11-29 18:16:16;Santiago;casa;Catedral, Metro Cumming, Barrio Brasil;12950;CLF;16 dormitorios;5 baños;577 m² útiles;16 dormitorios | 5 baños | 577 m² útiles;Catedral, 2100 - 2400, Barrio Brasil, Santiago;;-33.4401216;-70.6777242;Catedral, Santiago, Santiago, Chile
2025-11-29 18:16:16;Santiago;casa;Oportunidad / Inversionista/  Metro P. O´higgins/ 5d+1b;5450;CLF;5 dormitorios;1 baño;152 m² útiles;5 dormitorios | 1 baño | 152 m² útiles;Roberto Espinoza, Parque Almagro, Santiago;;-33.4613218;-70.6523281;Roberto Espinoza, Santiago, Santiago, Chile
2025-11-29 18:16:16;Santiago;casa;Vende Casa Grande Con Rol Comercial;130000000;CLP;5 dormitorios;2 baños;125 m² útiles;5 dormitorios | 2 baños | 125 m² útiles;Miguel Leon Prado 800, Santiago, Bogotá - Sierra Bella, Santiago;;-33.4634305;-70.6366589;Miguel Leon Prado 800, Santiago, Santiago, Chile
2025-11-29 18:16:16;Santiago;casa;Excelente Propiedad Con Uso Habitacional Y Comercial;12144;CLF;4 dormitorios;4 baños;528 m² totales;4 dormitorios | 4 baños | 528 m² totales;Aldunate, Franklin - Biobío, Santiago;;-33.4684612;-70.6535006;Aldunate, Santiago, Santiago, Chile
2025-11-29 18:16:16;Santiago;casa;Casa En Venta De 9 Dorm. En Santiago;16900;CLF;9 dormitorios;6 baños;444 m² útiles;9 dormitorios | 6 baños | 444 m² útiles;Metro República, Santiago;;-33.447702;-70.6671366;República, Santiago, Santiago, Chile
2025-11-29 18:16:16;Santiago;casa;Casa Uso Comercial En Venta En Santiago - Se Aceptan Ofertas;7300;CLF;10 dormitorios;1 baño;297 m² útiles;10 dormitorios | 1 baño | 297 m² útiles;Padre Orellana, Bogotá - Sierra Bella, Santiago;;-33.4619547;-70.6311235;Padre Orellana, Santiago, Santiago, Chile
2025-11-29 18:16:16;Santiago;casa;Venta De Gran Propiedad En Santiago Centro;21000;CLF;4 dormitorios;2 baños;;4 dormitorios | 2 baños;Porvenir, Barrio Diez De Julio, Santiago;;-33.4562253;-70.6385013;Porvenir, Santiago, Santiago, Chile
2025-11-29 18:16:16;Santiago;casa;Casa En Venta De 2 Dorm. En Santiago;105000000;CLP;2 dormitorios;1 baño;;2 dormitorios | 1 baño;Coquimbo/Santa Elena, Barrio Diez De Julio, Santiago;;-33.453693;-70.6317389;Coquimbo/Santa Elena, Santiago, Santiago, Chile
2025-11-29 18:16:16;Santiago;casa;Venta Casa Carmen Con Franklin, Santiago;20000;CLF;;;1.010 m² totales;1.010 m² totales;Carmen 2055 Santiago, Bogotá - Sierra Bella, Santiago;;-33.4719563;-70.6357752;Carmen 2055 Santiago, Santiago, Santiago, Chile
2025-11-29 18:16:16;Santiago;casa;Venta Casa 3d,1b, Sector Diez De Julio, Santiago.;62000000;CLP;3 dormitorios;1 baño;80 m² útiles;3 dormitorios | 1 baño | 80 m² útiles;San Isidro/ Diez De Julio, Barrio Diez De Julio, Santiago;;-33.4541935;-70.649812;San Isidro/ Diez De Julio, Santiago, Santiago, Chile
2025-11-29 18:17:17;Santiago;casa;Casa En Venta En Sector Mixto Para Adaptarla A Tu Necesidad;198000000;CLP;5 dormitorios;2 baños;193 m² útiles;5 dormitorios | 2 baños | 193 m² útiles;Manuel Antonio Tocornal 1800 - 2100, Bogotá - Sierra Bella, Santiago;;-33.4735923;-70.6339438;Manuel Antonio Tocornal 1800 - 2100, Santiago, Santiago, Chile
2025-11-29 18:17:17;Santiago;casa;Parque San Eugenio;145000000;CLP;4 dormitorios;2 baños;102 m² útiles;4 dormitorios | 2 baños | 102 m² útiles;PARQUE SAN EUGENIO, Bogotá - Sierra Bella, Santiago;;-33.4646443;-70.624433;PARQUE SAN EUGENIO, Santiago, Santiago, Chile
2025-11-29 18:17:17;Santiago;casa;Casa En Venta En Santiago;260000000;CLP;4 dormitorios;2 baños;192 m² útiles;4 dormitorios | 2 baños | 192 m² útiles;EDUARDO MATTE, SANTIAGO, Santiago;;-33.4645362;-70.6394881;EDUARDO MATTE, Santiago, Santiago, Chile
2025-11-29 18:17:17;Santiago;casa;Casa En Venta En Santiago;530000000;CLP;5 dormitorios;4 baños;337 m² útiles;5 dormitorios | 4 baños | 337 m² útiles;Santa Elena, Bogotá - Sierra Bella, Santiago;;-33.4616135;-70.6296027;Santa Elena, Santiago, Santiago, Chile
2025-11-29 18:17:17;Santiago;casa;Casa En Venta En Quilicura;70900000;CLP;3 dormitorios;1 baño;;3 dormitorios | 1 baño;LAS CLARISAS SAN IGNACIO DE LOYOLA, QUILICURA, Franklin - Biobío, Santiago;;-33.3632653;-70.7564747;LAS CLARISAS SAN IGNACIO DE LOYOLA, Santiago, Santiago, Chile
2025-11-29 18:17:17;Santiago;casa;Casa En Venta De 11 Dorm. En Santiago;10990;CLF;11 dormitorios;4 baños;303 m² útiles;11 dormitorios | 4 baños | 303 m² útiles;Esmeralda / Metro Bellas Artes, Centro Histórico De Santiago, Santiago;;-33.4345869;-70.6467504;Esmeralda / Bellas Artes, Santiago, Santiago, Chile
2025-11-29 18:17:17;Santiago;casa;Casa En Venta De 11 Dorm. En Santiago / Barrio Yungay;15490;CLF;11 dormitorios;7 baños;397 m² útiles;11 dormitorios | 7 baños | 397 m² útiles;Barrio Yungay, Barrio Yungay, Santiago;;-33.4431331;-70.6738044;Barrio Yungay, Santiago, Santiago, Chile
2025-11-29 18:17:17;Santiago;casa;Propiedad Comercial En Avenida Matta;560000000;CLP;1 dormitorio;1 baño;355 m² útiles;1 dormitorio | 1 baño | 355 m² útiles;Avenida Manuel Antonio Matta, Barrio Diez De Julio, Santiago;;-33.4597701;-70.6513378;Avenida Manuel Antonio Matta, Santiago, Santiago, Chile
2025-11-29 18:17:17;Santiago;casa;Casa En Venta En San Joaquín;120900000;CLP;4 dormitorios;1 baño;90 m² útiles;4 dormitorios | 1 baño | 90 m² útiles;Carlos Silva Vildosola, Santiago;;-33.4283836;-70.5938479;Carlos Silva Vildosola, Santiago, Santiago, Chile
2025-11-29 18:17:17;Santiago;casa;Casa En Venta En Santiago;242000000;CLP;6 dormitorios;2 baños;181 m² útiles;6 dormitorios | 2 baños | 181 m² útiles;Rogelio Ugarte / Av. Matta, Bogotá - Sierra Bella, Santiago;;-33.4607188;-70.6340515;Rogelio Ugarte / Av. Matta, Santiago, Santiago, Chile
2025-11-29 18:17:17;Santiago;casa;Gran Propiedad En Venta En Santiago 4 Casas;18000;CLF;35 dormitorios;9 baños;970 m² útiles;35 dormitorios | 9 baños | 970 m² útiles;Guardiamarina Ernesto Riquelme, Parque Los Reyes, Santiago;;-33.432414;-70.662064;Guardiamarina Ernesto Riquelme, Santiago, Santiago, Chile
2025-11-29 18:17:17;Santiago;casa;Casa En Venta De 6 Dorm. En Santiago;178000000;CLP;6 dormitorios;3 baños;;6 dormitorios | 3 baños;SAN FRANCISCO, Franklin - Biobío, Santiago;;-33.4560959;-70.6459709;SAN FRANCISCO, Santiago, Santiago, Chile
2025-11-29 18:17:17;Santiago;casa;Casa En Venta De 4 Dorm. En Santiago;180000000;CLP;4 dormitorios;2 baños;307 m² útiles;4 dormitorios | 2 baños | 307 m² útiles;Cuevas/Metro Ñuble, Bogotá - Sierra Bella, Santiago;;-36.5909742;-72.1152162;Cuevas/ Ñuble, Santiago, Santiago, Chile
2025-11-29 18:17:17;Santiago;casa;Oportunidad Casa Comercial Barrio Matta 5d/2b;3300;CLF;5 dormitorios;2 baños;122 m² útiles;5 dormitorios | 2 baños | 122 m² útiles;BARRIO MATTA, Bogotá - Sierra Bella, Santiago;;-33.4562961;-70.6350322;BARRIO MATTA, Santiago, Santiago, Chile
2025-11-29 18:17:17;Santiago;casa; Vendo Casa 3d Y 1b  Santiago Sur / Excelente Oportunidad ;117000000;CLP;3 dormitorios;1 baño;153 m² útiles;3 dormitorios | 1 baño | 153 m² útiles;SANTIAGO CENTRO SUR, Bogotá - Sierra Bella, Santiago;;-34.9058693;-56.1854958;SANTIAGO CENTRO SUR, Santiago, Santiago, Chile
2025-11-29 18:17:17;Santiago;casa;En Venta Amplia Casa / Uso Comercial O Habitacional.;260000000;CLP;4 dormitorios;2 baños;203 m² útiles;4 dormitorios | 2 baños | 203 m² útiles;ESQUINA BIO BIO, Franklin - Biobío, Santiago;;-37.3192844;-72.2893992;ESQUINA BIO BIO, Santiago, Santiago, Chile
2025-11-29 18:17:17;Santiago;casa;Oportunidad De Inversión.- Cumming.;6426;CLF;4 dormitorios;2 baños;172 m² útiles;4 dormitorios | 2 baños | 172 m² útiles;Av. Ricardo Cumming., Parque Los Reyes, Santiago;;-33.4345178;-70.6689385;Av. Ricardo Cumming., Santiago, Santiago, Chile
2025-11-29 18:17:17;Santiago;casa;Venta, Casa Comercial, Santiago, Sector San Borja Arriarán.;15500;CLF;14 dormitorios;11 baños;192 m² útiles;14 dormitorios | 11 baños | 192 m² útiles;San Francisco/Av. Matta, Parque O'Higgins, Santiago;;-33.4638563;-70.6446331;San Francisco/Av. Matta, Santiago, Santiago, Chile
2025-11-29 18:17:17;Santiago;casa;Aproveche Solo 1% Honorarios Corretaje;12000;CLF;6 dormitorios;3 baños;200 m² útiles;6 dormitorios | 3 baños | 200 m² útiles;Serrano, Santiago, San Diego, Santiago;;-33.4479201;-70.6487298;Serrano, Santiago, Santiago, Chile
2025-11-29 18:17:17;Santiago;casa;Maravillosa Casa Barrio Republica, Zona Universitaria;38500;CLF;10 dormitorios;4 baños;566 m² útiles;10 dormitorios | 4 baños | 566 m² útiles;REPUBLICA / GORBEA, Barrio República, Santiago;;-33.4536151;-70.6672222;REPUBLICA / GORBEA, Santiago, Santiago, Chile
2025-11-29 18:17:17;Santiago;casa;Casa En Venta De 3 Dorm. En Santiago;100000000;CLP;3 dormitorios;1 baño;118 m² útiles;3 dormitorios | 1 baño | 118 m² útiles;Conferencia /Tucapel, Club Hípico, Santiago;;-33.462195;-70.675143;Conferencia /Tucapel, Santiago, Santiago, Chile
2025-11-29 18:17:17;Santiago;casa;Casa En Venta En Santiago Con Jardín;4200;CLF;6 dormitorios;2 baños;117 m² útiles;6 dormitorios | 2 baños | 117 m² útiles;Pedro León Ugalde, Santiago, Bogotá - Sierra Bella, Santiago;;-33.4641065;-70.6318972;Pedro León Ugalde, Santiago, Santiago, Chile
2025-11-29 18:17:17;Santiago;casa;Oportunidad !! Casa Antigua Buen Estado Sector Maule;110000000;CLP;3 dormitorios;1 baño;106 m² útiles;3 dormitorios | 1 baño | 106 m² útiles;Pedro León Ugalde 1687, Santiago, Bogotá - Sierra Bella, Santiago;;-33.466417;-70.6313484;Pedro León Ugalde 1687, Santiago, Santiago, Chile
2025-11-29 18:17:46;Santiago;casa;San Francisco Y Santa Rosa;12500;CLF;6 dormitorios;6 baños;192 m² útiles;6 dormitorios | 6 baños | 192 m² útiles;SAN FRANCISCO Y SANTA ROSA, Parque O'Higgins, Santiago;;-33.7382011;-70.7432221;SAN FRANCISCO Y SANTA ROSA, Santiago, Santiago, Chile
2025-11-29 18:17:46;Santiago;casa;Maule / Sierra Bella;15000;CLF;3 dormitorios;2 baños;221 m² útiles;3 dormitorios | 2 baños | 221 m² útiles;MAULE / SIERRA BELLA, Bogotá - Sierra Bella, Santiago;;-33.4660853;-70.6345364;MAULE / SIERRA BELLA, Santiago, Santiago, Chile
2025-11-29 18:17:46;Santiago;casa;Clásica Y Linda Casa Cercana A Metro Ñuble;125000000;CLP;3 dormitorios;1 baño;106 m² útiles;3 dormitorios | 1 baño | 106 m² útiles;Pedro León Ugalde 1687, Santiago, Chile, Bogotá - Sierra Bella, Santiago;;-33.466417;-70.6313484;Pedro León Ugalde 1687, Santiago, Santiago, Chile
2025-11-29 18:17:46;Santiago;casa;Metro Ñuble;145000000;CLP;4 dormitorios;2 baños;107 m² útiles;4 dormitorios | 2 baños | 107 m² útiles;METRO ÑUBLE, Bogotá - Sierra Bella, Santiago;;-33.4683706;-70.6353467;ÑUBLE, Santiago, Santiago, Chile
2025-11-29 18:17:46;Santiago;casa;La Minga - Bella Casona 4d/4b + Depto Interior Barrio Brasil;380000000;CLP;4 dormitorios;4 baños;207 m² útiles;4 dormitorios | 4 baños | 207 m² útiles;La Fetra, Santiago, Chile, Barrio Brasil, Santiago;;-33.4426869;-70.6644869;La Fetra, Santiago, Santiago, Chile
2025-11-29 18:17:46;Santiago;casa;"Venta Casa Santiago Centro; Metro Cumming";11450;CLF;5 dormitorios;5 baños;213 m² útiles;5 dormitorios | 5 baños | 213 m² útiles;Metro Cumming, Barrio Yungay, Santiago;;-33.4391444;-70.668534;Cumming, Santiago, Santiago, Chile
2025-11-29 18:17:46;Santiago;casa;Excelente!! Departamento De 2d1b En Calle Portugal / Santa I;3300;CLF;2 dormitorios;1 baño;45 m² útiles;2 dormitorios | 1 baño | 45 m² útiles;Portugal 564, Santa Isabel, Santiago;;-33.44904;-70.6349534;Portugal 564, Santiago, Santiago, Chile
2025-11-29 18:17:46;Santiago;casa;Propiedad Comercial Hostal. Metro República;10105;CLF;12 dormitorios;7 baños;548 m² útiles;12 dormitorios | 7 baños | 548 m² útiles;Salvador Sanfuentes, 2100 - 2400, Barrio República, Santiago;;-33.4514159;-70.6738777;Salvador Sanfuentes, Santiago, Santiago, Chile
2025-11-29 18:17:46;Santiago;casa;Matta - Santa Rosa Casa Con Local;300000000;CLP;7 dormitorios;3 baños;200 m² útiles;7 dormitorios | 3 baños | 200 m² útiles;Av. Manuel Antonio Matta 600 - 900, Santiago, Bogotá - Sierra Bella, Santiago;;-33.4597701;-70.6513378;Av. Manuel Antonio Matta 600 - 900, Santiago, Santiago, Chile
2025-11-29 18:17:46;Santiago;casa;Casa En Venta De 5 Dorm. En Santiago;6490;CLF;5 dormitorios;2 baños;292 m² útiles;5 dormitorios | 2 baños | 292 m² útiles;LIRA, Bogotá - Sierra Bella, Santiago;;-33.4600701;-70.6355209;LIRA, Santiago, Santiago, Chile
2025-11-29 18:17:46;Santiago;casa;Venta Casa 292 M2 De 9 Dorm. Y 2 Baños En Santiago;6740;CLF;5 dormitorios;2 baños;292 m² útiles;5 dormitorios | 2 baños | 292 m² útiles;LIRA, Bogotá - Sierra Bella, Santiago;;-33.4600701;-70.6355209;LIRA, Santiago, Santiago, Chile
2025-11-29 18:17:46;Santiago;casa;Casa Para Remodelar Almirante Barroso;8490;CLF;8 dormitorios;3 baños;310 m² útiles;8 dormitorios | 3 baños | 310 m² útiles;Almirante Barroso, 300 - 600, Barrio Brasil, Santiago;;-33.438985;-70.6623436;Almirante Barroso, Santiago, Santiago, Chile
2025-11-29 18:17:46;Santiago;casa;Venta Casa Santiago Mapocho Esquina Gral Baquedano ;4900;CLF;10 dormitorios;3 baños;309 m² útiles;10 dormitorios | 3 baños | 309 m² útiles;Mapocho / General Baquedano, Parque Los Reyes, Santiago;;-33.4321128;-70.6666106;Mapocho / General Baquedano, Santiago, Santiago, Chile
2025-11-29 18:17:46;Santiago;casa;Casa Portugal;179999999;CLP;5 dormitorios;2 baños;143 m² útiles;5 dormitorios | 2 baños | 143 m² útiles;CASA PORTUGAL, Bogotá - Sierra Bella, Santiago;;-33.5941021;-70.5902449;CASA PORTUGAL, Santiago, Santiago, Chile
2025-11-29 18:17:46;Santiago;casa;Casa Ejercito ;700000000;CLP;9 dormitorios;4 baños;319 m² útiles;9 dormitorios | 4 baños | 319 m² útiles;CASA EJERCITO, Ejército - Toesca, Santiago;;-33.4506229;-70.6610836;CASA EJERCITO, Santiago, Santiago, Chile
2025-11-29 18:17:46;Santiago;casa;Venta Casa Adosada M. Cumming;12000;CLF;5 dormitorios;3 baños;251 m² útiles;5 dormitorios | 3 baños | 251 m² útiles;Avenida Rosas, 2100 - 2400, Barrio Yungay, Santiago;;-33.4129857;-70.6582299;Avenida Rosas, Santiago, Santiago, Chile
2025-11-29 18:17:46;Santiago;casa;Venta Casa 6 Dormitorios Barrio Yungay;5990;CLF;6 dormitorios;2 baños;173 m² útiles;6 dormitorios | 2 baños | 173 m² útiles;Santo Domingo 3021, Barrio Yungay, Santiago;;-33.4381333;-70.6771016;Santo Domingo 3021, Santiago, Santiago, Chile
2025-11-29 18:17:46;Santiago;casa;Casa En Venta De 4 Dorm. En Santiago;4494;CLF;4 dormitorios;2 baños;100 m² útiles;4 dormitorios | 2 baños | 100 m² útiles;Victoria, Bogotá - Sierra Bella, Santiago;;-33.4622658;-70.6369761;Victoria, Santiago, Santiago, Chile
2025-11-29 18:17:46;Santiago;casa;Casa Agustinas;295000000;CLP;10 dormitorios;2 baños;251 m² útiles;10 dormitorios | 2 baños | 251 m² útiles;CASA AGUSTINAS, Barrio Yungay, Santiago;;-33.44204;-70.6654222;CASA AGUSTINAS, Santiago, Santiago, Chile
2025-11-29 18:17:46;Santiago;casa;Marcoleta Metro Uc;4890;CLF;3 dormitorios;2 baños;110 m² útiles;3 dormitorios | 2 baños | 110 m² útiles;MARCOLETA METRO UC, Barrio San Borja, Santiago;;-33.4418242;-70.6390929;MARCOLETA UC, Santiago, Santiago, Chile
2025-11-29 18:17:46;Santiago;casa;Casa Con Gran Terreno 495 M2 Santiago A Pasos Del Metro Parq;6262;CLF;3 dormitorios;1 baño;300 m² útiles;3 dormitorios | 1 baño | 300 m² útiles;Roberto Espinoza #1228 Santiago, Parque O'Higgins, Santiago;;-33.4613226;-70.6520771;Roberto Espinoza #1228 Santiago, Santiago, Santiago, Chile
2025-11-29 18:17:46;Santiago;casa;La Minga - Casa 3d/2b + Escritorio Estilo Townhouse  Yungay;4300;CLF;4 dormitorios;2 baños;80 m² útiles;4 dormitorios | 2 baños | 80 m² útiles;Avenida Portales 2700 - 3000, Santiago, Chile, Barrio Yungay, Santiago;;-33.444184;-70.6849763;Avenida Portales 2700 - 3000, Santiago, Santiago, Chile
2025-11-29 18:17:46;Santiago;casa;Gran Oportunidad , Casa Remodelada , 3 Dormitorios , 2 Baños;75000000;CLP;3 dormitorios;2 baños;94 m² útiles;3 dormitorios | 2 baños | 94 m² útiles;Roberto Espinoza 1424, Santiago, Chile, Parque O'Higgins, Santiago;;-33.4646286;-70.6517614;Roberto Espinoza 1424, Santiago, Santiago, Chile
2025-11-29 18:17:46;Santiago;casa;Se Vende Casa En Sector Tranquilo (79392);120000000;CLP;2 dormitorios;1 baño;65 m² útiles;2 dormitorios | 1 baño | 65 m² útiles;Pasaje La Montaña 1800 - 2100, Independencia, Chile, Santiago;;-34.9830529;-71.2543214;Pasaje La Montaña 1800 - 2100, Santiago, Santiago, Chile
2025-11-29 18:17:46;Santiago;casa;Oportunidad   Unica Ideal Para Of  Clinica O Inst Educativa;7300;CLF;5 dormitorios;3 baños;204 m² útiles;5 dormitorios | 3 baños | 204 m² útiles;Almirante Hurtado, 2050, Ejército - Toesca, Santiago;;-33.4543921;-70.6635706;Almirante Hurtado, Santiago, Santiago, Chile
2025-11-29 18:17:46;Santiago;casa;Excelente Casa Interior Metro Matta Con Un Estacionamiento ;2550;CLF;4 dormitorios;2 baños;115 m² útiles;4 dormitorios | 2 baños | 115 m² útiles;Serrano 900 - 1200, Santiago, San Diego, Santiago;;-33.4562807;-70.6468008;Serrano 900 - 1200, Santiago, Santiago, Chile
2025-11-29 18:17:46;Santiago;casa;Casona Patrimonial A Un Excelente Precio Y A Pasos Del Metro;7500;CLF;8 dormitorios;3 baños;360 m² útiles;8 dormitorios | 3 baños | 360 m² útiles;Cienfuegos, 37, Barrio Brasil, Santiago;;-33.4428095;-70.6633757;Cienfuegos, Santiago, Santiago, Chile
2025-11-29 18:17:46;Santiago;casa;Oportunidad Unica Casa En El Corazon De Santiago Centro;135000000;CLP;2 dormitorios;1 baño;73 m² útiles;2 dormitorios | 1 baño | 73 m² útiles;Eyzaguirre, 1048, San Diego, Santiago;;-33.4519112;-70.6457137;Eyzaguirre, Santiago, Santiago, Chile
2025-11-29 18:17:46;Santiago;casa;Casa Excelente Ubicación Cerca Ametro Toesca (65227);6238;CLF;4 dormitorios;1 baño;120 m² útiles;4 dormitorios | 1 baño | 120 m² útiles;Toesca 2100 - 2400, Santiago, Chile, Barrio República, Santiago;;-33.4529746;-70.6585851;Toesca 2100 - 2400, Santiago, Santiago, Chile
2025-11-29 18:17:46;Santiago;casa;Casa 3dorm 2baños Patio+2dorm Y 1taller (126651);3000;CLF;6 dormitorios;2 baños;171 m² útiles;6 dormitorios | 2 baños | 171 m² útiles;Dávila Larraín 1 - 300, Bogotá - Sierra Bella, Santiago;;-33.4674071;-70.6362783;Dávila Larraín 1 - 300, Santiago, Santiago, Chile
2025-11-29 18:17:46;Santiago;casa;Parroquia Sta. Sofía / Clásica Casa Fachada Continua / 3d-1b;88700000;CLP;3 dormitorios;1 baño;84 m² útiles;3 dormitorios | 1 baño | 84 m² útiles;Pedro Lagos 1200 - 1500, Santiago, Parque O'Higgins, Santiago;;-33.4663258;-70.6506597;Pedro Lagos 1200 - 1500, Santiago, Santiago, Chile
2025-11-29 18:17:46;Santiago;casa;Clásica Casa Fachada Continua / 3d - 1b / Gran Potencial;88700000;CLP;3 dormitorios;1 baño;84 m² útiles;3 dormitorios | 1 baño | 84 m² útiles;Pedro Lagos 1461, 8.3604e+06 - 8.3607e+06 Santiago, Región Metropolitana, Chile, Parque O'Higgins, Santiago;;-33.4642583;-70.6406939;Pedro Lagos 1461, Santiago, Santiago, Chile
2025-11-29 18:17:46;Santiago;casa;Venta Casa Santiago 4dormitorios 1 Baño (70895);87000000;CLP;4 dormitorios;1 baño;51 m² útiles;4 dormitorios | 1 baño | 51 m² útiles;García Reyes , Santiago, Chile, Parque Los Reyes, Santiago;;-33.4463153;-70.6708333;García Reyes, Santiago, Santiago, Chile
2025-11-29 18:17:46;Santiago;casa;Casa Para Remodelar, Con Patio (108438);3400;CLF;4 dormitorios;2 baños;150 m² útiles;4 dormitorios | 2 baños | 150 m² útiles;Rogelio Ugarte 1 - 300, Santiago;;-33.4582471;-70.6347799;Rogelio Ugarte 1 - 300, Santiago, Santiago, Chile
2025-11-29 18:18:19;Santiago;casa;Barrio Patrimonial, 4d, 2b, Estacionamiento;185000000;CLP;4 dormitorios;2 baños;140 m² útiles;4 dormitorios | 2 baños | 140 m² útiles;Victoria, 200, Bogotá - Sierra Bella, Santiago;;-33.4622658;-70.6369761;Victoria, Santiago, Santiago, Chile
2025-11-29 18:18:19;Santiago;casa;Toesca / Avda. España, 94 M2, 2 Dorm, 1 Baño;82000000;CLP;2 dormitorios;1 baño;44 m² útiles;2 dormitorios | 1 baño | 44 m² útiles;Toesca 2400 - 2700, Santiago, Barrio República, Santiago;;-33.4529746;-70.6585851;Toesca 2400 - 2700, Santiago, Santiago, Chile
2025-11-29 18:18:19;Santiago;casa;Amplia Casa, Barrio Clásico De Santiago;14489;CLF;7 dormitorios;3 baños;406 m² útiles;7 dormitorios | 3 baños | 406 m² útiles;Sta. Elena 900 - 1200, Santiago, Bogotá - Sierra Bella, Santiago;;-33.4533512;-70.6319157;Sta. Elena 900 - 1200, Santiago, Santiago, Chile
2025-11-29 18:18:19;Santiago;casa;Casa-patio En Buen Estado, 1937;5350;CLF;5 dormitorios;1 baño;150 m² útiles;5 dormitorios | 1 baño | 150 m² útiles;Madrid 973, Santiago, Barrio Diez De Julio, Santiago;;-33.4554008;-70.6362804;Madrid 973, Santiago, Santiago, Chile
2025-11-29 18:18:19;Santiago;casa;Vende Sin Comision / Oportunidad (125866);5500;CLF;3 dormitorios;2 baños;134 m² útiles;3 dormitorios | 2 baños | 134 m² útiles;Cautín 1200 - 1500, Santiago, Chile, Parque Los Reyes, Santiago;;-33.5326958;-70.6048;Cautín 1200 - 1500, Santiago, Santiago, Chile
2025-11-29 18:18:19;Santiago;casa;Bajo Precio Tasacion Macul  (98966);260000000;CLP;4 dormitorios;2 baños;114 m² útiles;4 dormitorios | 2 baños | 114 m² útiles;Ignacio Verdugo 2100 - 2400, Santiago;;-33.5059661;-70.6092442;Ignacio Verdugo 2100 - 2400, Santiago, Santiago, Chile
2025-11-29 18:18:19;Santiago;casa;Casa 2 Habitaciones, Calle Chiloé, Santiago (98161);1531;CLF;2 dormitorios;1 baño;51 m² útiles;2 dormitorios | 1 baño | 51 m² útiles;Chiloé 1 - 300, Parque O'Higgins, Santiago;;-33.4630386;-70.6459066;Chiloé 1 - 300, Santiago, Santiago, Chile
2025-11-29 18:18:19;Santiago;casa;Casa Comercial 4 Dor 3 Baños A Pasos De La Alameda;360000000;CLP;4 dormitorios;3 baños;190 m² útiles;4 dormitorios | 3 baños | 190 m² útiles;Republica, 28, Santiago;;-33.447702;-70.6671366;Republica, Santiago, Santiago, Chile
2025-11-29 18:18:19;Santiago;casa;Vende Casa Amplio Terreno Villa Brasilia Rancagua;260000000;CLP;4 dormitorios;3 baños;140 m² útiles;4 dormitorios | 3 baños | 140 m² útiles;Botafogo, 1, San Diego, Santiago;;-33.3949908;-70.6789271;Botafogo, Santiago, Santiago, Chile
2025-11-29 18:18:19;Santiago;casa;Los Duraznos Los Aromos (63218);3490;CLF;2 dormitorios;2 baños;120 m² útiles;2 dormitorios | 2 baños | 120 m² útiles;Los Duraznos 300 - 600, Santiago;;-33.5221101;-70.6847741;Los Duraznos 300 - 600, Santiago, Santiago, Chile
2025-11-29 18:18:19;Santiago;casa;Se Vende Casa En Santiago (120347);8300;CLF;11 dormitorios;3 baños;370 m² útiles;11 dormitorios | 3 baños | 370 m² útiles;Porvenir 300 - 600, Barrio Diez De Julio, Santiago;;-33.4573311;-70.6455076;Porvenir 300 - 600, Santiago, Santiago, Chile
2025-11-29 18:18:19;Santiago;casa;Casa En Venta En Barrio Vega Poniente;137000000;CLP;4 dormitorios;2 baños;200 m² útiles;4 dormitorios | 2 baños | 200 m² útiles;Maquinista Escobar 3000, Santiago, Chile, Club Hípico, Santiago;;-33.4609299;-70.6757373;Maquinista Escobar 3000, Santiago, Santiago, Chile
2025-11-29 18:18:19;Santiago;casa;Venta Casa , Santiago Sur;5620;CLF;6 dormitorios;3 baños;261 m² útiles;6 dormitorios | 3 baños | 261 m² útiles;ROBERTO ESPINOZA, Parque O'Higgins, Santiago;;-33.4613218;-70.6523281;ROBERTO ESPINOZA, Santiago, Santiago, Chile
2025-11-29 18:18:19;Santiago;casa;Casa 35 Dorm Metro Santa Ana ;13500;CLF;35 dormitorios;9 baños;970 m² útiles;35 dormitorios | 9 baños | 970 m² útiles;METRO SANTA ANA, Santiago;;-33.4382499;-70.6598961;SANTA ANA, Santiago, Santiago, Chile
2025-11-29 18:18:19;Santiago;casa;Oportunidad De Inversion Para Vivienda Habitacional;2550;CLF;3 dormitorios;1 baño;100 m² útiles;3 dormitorios | 1 baño | 100 m² útiles;Santiago Concha, 1880, Franklin - Biobío, Santiago;;-33.4736768;-70.6363609;Santiago Concha, Santiago, Santiago, Chile
2025-11-29 18:18:19;Santiago;casa;Oportunidad Inigualable Para Negocio! (132260);10900;CLF;9 dormitorios;3 baños;379 m² útiles;9 dormitorios | 3 baños | 379 m² útiles;Sazié 1800 - 2100, Santiago, Chile, Ejército - Toesca, Santiago;;-33.4492424;-70.6596472;Sazié 1800 - 2100, Santiago, Santiago, Chile
2025-11-29 18:18:19;Santiago;casa;Venta Casa Calle Lord Cochrane;4600;CLF;6 dormitorios;2 baños;296 m² útiles;6 dormitorios | 2 baños | 296 m² útiles;LORD COCHRANE, Parque O'Higgins, Santiago;;-33.4503743;-70.654608;LORD COCHRANE, Santiago, Santiago, Chile
2025-11-29 18:18:19;Santiago;casa;Vendo Casa 2d 1b Pedro Lagos 672 Santiago Sur (88762);55000000;CLP;2 dormitorios;1 baño;41 m² útiles;2 dormitorios | 1 baño | 41 m² útiles;Pedro Lagos 1 - 300, Bogotá - Sierra Bella, Santiago;;-33.4663258;-70.6506597;Pedro Lagos 1 - 300, Santiago, Santiago, Chile
2025-11-29 18:18:19;Santiago;casa;Casa En Venta, Metro Las Parcelas, Santiago.;105000000;CLP;4 dormitorios;1 baño;90 m² útiles;4 dormitorios | 1 baño | 90 m² útiles;Maipú, Santiago, Barrio Yungay, Santiago;;-33.5094409;-70.756182;Maipú, Santiago, Santiago, Chile
2025-11-29 18:18:19;Santiago;casa;Casa En Venta En Matta Santa Elena;15000;CLF;7 dormitorios;3 baños;346 m² útiles;7 dormitorios | 3 baños | 346 m² útiles;Sta. Elena 1130, Santiago, Bogotá - Sierra Bella, Santiago;;-33.4562476;-70.6310234;Sta. Elena 1130, Santiago, Santiago, Chile
2025-11-29 18:18:19;Santiago;casa;Se Aceptan Ofertas (62904);185000000;CLP;;;125 m² útiles;125 m² útiles;Manuel Antonio Tocornal 5400 - 5700, Santiago, Chile, Barrio Diez De Julio, Santiago;;-33.4613311;-70.6372293;Manuel Antonio Tocornal 5400 - 5700, Santiago, Santiago, Chile
2025-11-29 18:18:19;Santiago;casa;Casa Cerca Metro Republica - 16 Habitaciones;9900;CLF;16 dormitorios;6 baños;266 m² útiles;16 dormitorios | 6 baños | 266 m² útiles;Erasmo Escala 2382, Santiago, Barrio Yungay, Santiago;;-33.4454259;-70.6691232;Erasmo Escala 2382, Santiago, Santiago, Chile
2025-11-29 18:18:19;Santiago;casa;Casa  En Venta Santiago Centro;5650;CLF;3 dormitorios;2 baños;168 m² útiles;3 dormitorios | 2 baños | 168 m² útiles;Barrio Diez De Julio, Santiago;;-33.453952;-70.6503207;Barrio Diez De Julio, Santiago, Santiago, Chile
2025-11-29 18:18:19;Santiago;casa;Casona Patrimonial, Año 1900;12950;CLF;16 dormitorios;5 baños;577 m² útiles;16 dormitorios | 5 baños | 577 m² útiles;Catedral 2100 - 2400, Santiago, Barrio Brasil, Santiago;;-33.4378764;-70.6561442;Catedral 2100 - 2400, Santiago, Santiago, Chile
2025-11-29 18:18:19;Santiago;casa;Casa Clentaru, Para Remodelar, ;65000000;CLP;3 dormitorios;1 baño;68 m² útiles;3 dormitorios | 1 baño | 68 m² útiles;Clentaru 2148, 8340059 Santiago, Región Metropolitana, Chile, Parque Los Reyes, Santiago;;-33.4317036;-70.6670868;Clentaru 2148, Santiago, Santiago, Chile
2025-11-29 18:18:19;Santiago;casa;Casa En Venta, Santiago. (58). ;4350;CLF;3 dormitorios;1 baño;81 m² útiles;3 dormitorios | 1 baño | 81 m² útiles;Rogelio Ugarte 1804, Santiago, Chile, Bogotá - Sierra Bella, Santiago;;-33.4680942;-70.631948;Rogelio Ugarte 1804, Santiago, Santiago, Chile
2025-11-29 18:18:19;Santiago;casa;Casa A La Venta En Santiago Concha, Comuna De Santiago.;4750;CLF;4 dormitorios;2 baños;98 m² útiles;4 dormitorios | 2 baños | 98 m² útiles;Santiago Concha 1200 - 1500, Santiago, Bogotá - Sierra Bella, Santiago;;-33.4736768;-70.6363609;Santiago Concha 1200 - 1500, Santiago, Santiago, Chile
2025-11-29 18:18:19;Santiago;casa;Amplia Casa De Adobe Con Patio Central, Año 1910;7950;CLF;8 dormitorios;2 baños;280 m² útiles;8 dormitorios | 2 baños | 280 m² útiles;Esperanza 432, Santiago, Chile, Barrio Yungay, Santiago;;-33.4406477;-70.6757707;Esperanza 432, Santiago, Santiago, Chile
2025-11-29 18:18:19;Santiago;casa;(031) Hermosa Casa Estilo Frances, Stgo. Centro;35000;CLF;15 dormitorios;5 baños;688 m² útiles;15 dormitorios | 5 baños | 688 m² útiles;República 350, Santiago, Barrio República, Santiago;;-33.4527212;-70.6670686;República 350, Santiago, Santiago, Chile
2025-11-29 18:18:19;Santiago;casa;Vendo Acogedora Casa En Cueto Con Compañía (67848);6800;CLF;3 dormitorios;3 baños;80 m² útiles;3 dormitorios | 3 baños | 80 m² útiles;Cueto 300 - 600, Santiago, Chile, Barrio Yungay, Santiago;;-33.437892;-70.6726756;Cueto 300 - 600, Santiago, Santiago, Chile
2025-11-29 18:18:19;Santiago;casa;Joya Arquitectónica Art Decó, Año 1935;18700;CLF;11 dormitorios;3 baños;275 m² útiles;11 dormitorios | 3 baños | 275 m² útiles;Huérfanos 3062, Santiago, Barrio Yungay, Santiago;;-33.4390214;-70.6447417;Huérfanos 3062, Santiago, Santiago, Chile
2025-11-29 18:18:19;Santiago;casa;Gran Inversión Inmobiliaria (82059);32000;CLF;31 dormitorios;20 baños;908 m² útiles;31 dormitorios | 20 baños | 908 m² útiles;Francisco Pizarro 1855, Club Hípico, Santiago;;-33.471122;-70.6705105;Francisco Pizarro 1855, Santiago, Santiago, Chile
2025-11-29 18:18:19;Santiago;casa;Oportunidad Terreno;4200;CLF;5 dormitorios;2 baños;229 m² útiles;5 dormitorios | 2 baños | 229 m² útiles;GARCIA REYES, 344, Barrio Yungay, Santiago;;-33.4463153;-70.6708333;GARCIA REYES, Santiago, Santiago, Chile
2025-11-29 18:18:19;Santiago;casa;Casa Patrimonial En Venta Stgo (116263);6900;CLF;6 dormitorios;3 baños;196 m² útiles;6 dormitorios | 3 baños | 196 m² útiles;Pasaje República 1 - 300, Barrio República, Santiago;;-33.4488789;-70.6673385;Pasaje República 1 - 300, Santiago, Santiago, Chile
2025-11-29 18:18:19;Santiago;casa;Propiedad Comercial En Chiloe 1330, Santiago Chile;7706;CLF;5 dormitorios;3 baños;360 m² útiles;5 dormitorios | 3 baños | 360 m² útiles;Chiloé 1330, Santiago, Parque O'Higgins, Santiago;;-33.4614466;-70.6458956;Chiloé 1330, Santiago, Santiago, Chile
2025-11-29 18:18:19;Santiago;casa;Vendo Casa Para Uso Comercial O Habitacional, Santiago.-;15000;CLF;7 dormitorios;3 baños;346 m² útiles;7 dormitorios | 3 baños | 346 m² útiles;Sta. Elena 1130, Santiago, Bogotá - Sierra Bella, Santiago;;-33.4562476;-70.6310234;Sta. Elena 1130, Santiago, Santiago, Chile
2025-11-29 18:18:19;Santiago;casa;General Bulnes/agustinas (67665);9300;CLF;4 dormitorios;3 baños;220 m² útiles;4 dormitorios | 3 baños | 220 m² útiles;General Bulnes 1 - 300, Santiago, Chile, Barrio Yungay, Santiago;;-33.433612;-70.6711568;General Bulnes 1 - 300, Santiago, Santiago, Chile
2025-11-29 18:18:19;Santiago;casa;Casa 2d + 2b Con Potencial Comercial (75629);90000000;CLP;2 dormitorios;2 baños;81 m² útiles;2 dormitorios | 2 baños | 81 m² útiles;Eduardo Matte 1200 - 1500, Santiago, Chile, Bogotá - Sierra Bella, Santiago;;-33.4682093;-70.6389698;Eduardo Matte 1200 - 1500, Santiago, Santiago, Chile
2025-11-29 18:18:19;Santiago;casa;Casa Barrio Yungay (81094);15950;CLF;10 dormitorios;5 baños;414 m² útiles;10 dormitorios | 5 baños | 414 m² útiles;Huérfanos 2700 - 3000, Barrio Yungay, Santiago;;-33.4415617;-70.6691928;Huérfanos 2700 - 3000, Santiago, Santiago, Chile
2025-11-29 18:18:19;Santiago;casa;Oportunidad Casa En Sector De Meiggs, 170 Mts 2 De Terreno;525000000;CLP;2 dormitorios;1 baño;132 m² útiles;2 dormitorios | 1 baño | 132 m² útiles;San Vicente 300 - 600, Santiago, Meiggs, Santiago;;-33.4695056;-70.6755551;San Vicente 300 - 600, Santiago, Santiago, Chile
2025-11-29 18:18:19;Santiago;casa;Casa En Venta De 6 Dorm. En Santiago ;5863;CLF;6 dormitorios;3 baños;2.012 m² útiles;6 dormitorios | 3 baños | 2.012 m² útiles;Artemio Gutierrez, Bogotá - Sierra Bella, Santiago;;-33.462253;-70.6363056;Artemio Gutierrez, Santiago, Santiago, Chile
2025-11-29 18:18:19;Santiago;casa;Casa De Estilo En Zona De Conservacion Historica;400000000;CLP;6 dormitorios;4 baños;290 m² útiles;6 dormitorios | 4 baños | 290 m² útiles;Moneda 2368, Santiago, Barrio Yungay, Santiago;;-33.4440895;-70.6690595;Moneda 2368, Santiago, Santiago, Chile
2025-11-29 18:18:19;Santiago;casa;Casa En Venta De 6 Dorm. En Santiago;410000000;CLP;6 dormitorios;3 baños;320 m² útiles;6 dormitorios | 3 baños | 320 m² útiles;Guacolda, Club Hípico, Club Hípico, Santiago;;-33.4639143;-70.6738269;Guacolda, Santiago, Santiago, Chile
2025-11-29 18:18:19;Santiago;casa;Oportunidad De Inversión!  (102793);7400;CLF;10 dormitorios;4 baños;187 m² útiles;10 dormitorios | 4 baños | 187 m² útiles;Libertad 600 - 900, Santiago, Chile, Santiago;;-33.5443545;-70.6398479;Libertad 600 - 900, Santiago, Santiago, Chile
2025-11-29 18:18:38;Santiago;casa;Espectacular Casa Esquina , Con 4 Casa Independientes Solida;420000000;CLP;12 dormitorios;5 baños;300 m² útiles;12 dormitorios | 5 baños | 300 m² útiles;Nataniel Cox, Parque O'Higgins, Santiago;;-33.4512804;-70.6530052;Nataniel Cox, Santiago, Santiago, Chile
2025-11-29 18:18:38;Santiago;casa;Gran Casa Esquina , Con 4 Casas Independientes Sólida;420000000;CLP;12 dormitorios;5 baños;300 m² útiles;12 dormitorios | 5 baños | 300 m² útiles;Nataniel Cox, Parque O'Higgins, Santiago;;-33.4512804;-70.6530052;Nataniel Cox, Santiago, Santiago, Chile
2025-11-29 18:18:38;Santiago;casa;Venta Hermosa Casa De 176 Mts2 En Santiago (90529);4750;CLF;3 dormitorios;2 baños;97 m² útiles;3 dormitorios | 2 baños | 97 m² útiles;Dávila Larraín 1500 - 1800, Bogotá - Sierra Bella, Santiago;;-33.472775;-70.634859;Dávila Larraín 1500 - 1800, Santiago, Santiago, Chile
2025-11-29 18:18:38;Santiago;casa;Hermosa Casa Tradicional Joaquín Vicuña, Santiago / Av Matta;6100;CLF;4 dormitorios;2 baños;210 m² útiles;4 dormitorios | 2 baños | 210 m² útiles;Joaquín Vicuña, Santiago, Barrio Diez De Julio, Santiago;;-33.455525;-70.6328472;Joaquín Vicuña, Santiago, Santiago, Chile
2025-11-29 18:18:38;Santiago;casa;Casa Apta Empresas;400000000;CLP;7 dormitorios;3 baños;290 m² útiles;7 dormitorios | 3 baños | 290 m² útiles;Moneda 2349, 8008000 Santiago, Región Metropolitana, Chile, Barrio Yungay, Santiago;;-33.4438588;-70.6688091;Moneda 2349, Santiago, Santiago, Chile
2025-11-29 18:18:38;Santiago;casa;Vendo Propiedad Apta Para Comercio A Pasos De Av. Matta.;14500;CLF;13 dormitorios;6 baños;450 m² útiles;13 dormitorios | 6 baños | 450 m² útiles;Madrid 967, Santiago, Barrio Diez De Julio, Santiago;;-33.4553311;-70.6362969;Madrid 967, Santiago, Santiago, Chile
2025-11-29 18:18:38;Santiago;casa;A Pasos Del Mall Franklin!! (122703);245000000;CLP;5 dormitorios;3 baños;108 m² útiles;5 dormitorios | 3 baños | 108 m² útiles;Placer 1 - 300, Franklin - Biobío, Santiago;;-33.4747746;-70.635925;Placer 1 - 300, Santiago, Santiago, Chile
2025-11-29 18:18:38;Santiago;casa;Comercial O Habitacional;8081;CLF;5 dormitorios;4 baños;500 m² útiles;5 dormitorios | 4 baños | 500 m² útiles;Sierra Bella 1196, Santiago, Bogotá - Sierra Bella, Santiago;;-33.458395;-70.6365057;Sierra Bella 1196, Santiago, Santiago, Chile
2025-11-29 18:18:38;Santiago;casa;Vendo Linda Casona De 1117 Mts2;18900;CLF;16 dormitorios;16 baños;1.117 m² útiles;16 dormitorios | 16 baños | 1.117 m² útiles;Concha Y Toro 38, Santiago, Barrio Brasil, Santiago;;-33.4457413;-70.6660453;Concha Y Toro 38, Santiago, Santiago, Chile
2025-11-29 18:18:38;Santiago;casa;Casona Patrimonial Barrio Yungay;8090;CLF;3 dormitorios;2 baños;203 m² útiles;3 dormitorios | 2 baños | 203 m² útiles;Compañía De Jesús 2410, Santiago, Chile, Barrio Yungay, Santiago;;-33.4406066;-70.6704253;Compañía De Jesús 2410, Santiago, Santiago, Chile
2025-11-29 18:18:38;Santiago;casa;Venta De Casa Arquitectónica De Alto Valor Patrimonial;570000000;CLP;5 dormitorios;2 baños;288 m² útiles;5 dormitorios | 2 baños | 288 m² útiles;Beaucheff, 1263, Parque O'Higgins, Santiago;;-33.4735351;-70.663312;Beaucheff, Santiago, Santiago, Chile
2025-11-29 18:18:38;Santiago;casa;Se Vende Casa En Santiago  (89412);2300;CLF;3 dormitorios;1 baño;61 m² útiles;3 dormitorios | 1 baño | 61 m² útiles;Fray Camilo Henríquez 1 - 300, Barrio Diez De Julio, Santiago;;-33.4701013;-70.6283067;Fray Camilo Henríquez 1 - 300, Santiago, Santiago, Chile
2025-11-29 18:18:38;Santiago;casa;Pje Santa Graciela Casa Antigua 125 Mts 2 2 Pisos ;150000000;CLP;3 dormitorios;3 baños;125 m² útiles;3 dormitorios | 3 baños | 125 m² útiles;Sta. Graciela 126, Santiago, Bogotá - Sierra Bella, Santiago;;-33.4637655;-70.629121;Sta. Graciela 126, Santiago, Santiago, Chile
2025-11-29 18:18:38;Santiago;casa;Entre Metros Parque Almagro Y Matta;365000000;CLP;14 dormitorios;6 baños;300 m² útiles;14 dormitorios | 6 baños | 300 m² útiles;Arturo Prat 788, Santiago, San Diego, Santiago;;-33.4549799;-70.6480936;Arturo Prat 788, Santiago, Santiago, Chile
2025-11-29 18:18:38;Santiago;casa;Con Excelente Ubicacion , Venta De Casa 2 Pisos, Santiago ;150000000;CLP;2 dormitorios;1 baño;73 m² útiles;2 dormitorios | 1 baño | 73 m² útiles;PARQUE ALMAGRO, San Diego, Santiago;;-33.4513929;-70.6505616;PARQUE ALMAGRO, Santiago, Santiago, Chile
2025-11-29 18:18:38;Santiago;casa;Casa En Venta En Franklin - Biobío;158500000;CLP;4 dormitorios;1 baño;90 m² útiles;4 dormitorios | 1 baño | 90 m² útiles;Hugo Donoso 2346, Santiago, Franklin - Biobío, Santiago;;-33.4756645;-70.6413344;Hugo Donoso 2346, Santiago, Santiago, Chile
2025-11-29 18:18:38;Santiago;casa;Casa De 2 Pisos En Club Hípico  Ubicación Privilegiada;117000000;CLP;2 dormitorios;1 baño;95 m² útiles;2 dormitorios | 1 baño | 95 m² útiles;Club Hípico 1818, Santiago, Parque O'Higgins, Santiago;;-33.4709359;-70.6647661;Club Hípico 1818, Santiago, Santiago, Chile
2025-11-29 18:18:38;Santiago;casa;Casa En Cité A Pasos De Todo;60000000;CLP;3 dormitorios;1 baño;53 m² útiles;3 dormitorios | 1 baño | 53 m² útiles;GARCIA REYES, Barrio Yungay, Santiago;;-33.4384228;-70.6717408;GARCIA REYES, Santiago, Santiago, Chile
2025-11-29 18:18:38;Santiago;casa;Casa Barrio Yungay  (68135);119000000;CLP;6 dormitorios;2 baños;95 m² útiles;6 dormitorios | 2 baños | 95 m² útiles;Libertad 600 - 900, Santiago, Chile, Barrio Yungay, Santiago;;-33.5471477;-70.640161;Libertad 600 - 900, Santiago, Santiago, Chile
2025-11-29 18:18:38;Santiago;casa;Casa En Venta En Santiago;850000000;CLP;9 dormitorios;5 baños;533 m² útiles;9 dormitorios | 5 baños | 533 m² útiles;Av. Sta. Rosa 1124, 8360072 Santiago, Región Metropolitana, Chile, Santiago;;-33.4589587;-70.6430769;Av. Sta. Rosa 1124, Santiago, Santiago, Chile
2025-11-29 18:18:38;Santiago;casa;Rafael Sotomayor / Yungay;240000000;CLP;4 dormitorios;2 baños;170 m² útiles;4 dormitorios | 2 baños | 170 m² útiles;Rafael Sotomayor 1221, 8.3499e+06 - 8.3502e+06 Santiago, Región Metropolitana, Chile, Parque Los Reyes, Santiago;;-33.4299051;-70.6741688;Rafael Sotomayor 1221, Santiago, Santiago, Chile
2025-11-29 18:18:38;Santiago;casa;Casa, Taller Mecánico Y Almacén En Terreno 525 M²  Santiago;750000000;CLP;4 dormitorios;3 baños;460 m² útiles;4 dormitorios | 3 baños | 460 m² útiles;Ñuble 440, Santiago, Bogotá - Sierra Bella, Santiago;;-33.4683685;-70.6344932;Ñuble 440, Santiago, Santiago, Chile
2025-11-29 18:18:38;Santiago;casa;Amunátegui, San Pablo;7600;CLF;5 dormitorios;3 baños;211 m² útiles;5 dormitorios | 3 baños | 211 m² útiles;Amunátegui, San Pablo, Centro Histórico De Santiago, Santiago;;-33.43907;-70.6567359;Amunátegui, Santiago, Santiago, Chile
2025-11-29 18:18:38;Santiago;casa;Casa Santiago Sur;6000;CLF;5 dormitorios;2 baños;172 m² útiles;5 dormitorios | 2 baños | 172 m² útiles;Madrid 973, Santiago, Barrio Diez De Julio, Santiago;;-33.4554008;-70.6362804;Madrid 973, Santiago, Santiago, Chile
2025-11-29 18:18:38;Santiago;casa;Gran Casa Ubicada En Ciudad Satélite, Maipu;120000000;CLP;2 dormitorios;1 baño;160 m² útiles;2 dormitorios | 1 baño | 160 m² útiles;Maipú, Santiago, Barrio Yungay, Santiago;;-33.5094409;-70.756182;Maipú, Santiago, Santiago, Chile
2025-11-29 18:18:38;Santiago;casa;Lira, Argomedo;3800;CLF;2 dormitorios;2 baños;62 m² totales;2 dormitorios | 2 baños | 62 m² totales;Lira, Argomedo, Santa Isabel, Santiago;;-33.4600701;-70.6355209;Lira, Santiago, Santiago, Chile
2025-11-29 18:18:38;Santiago;casa;Se Vende Casa Comercial Abate Molina 801 (123376);8000;CLF;20 dormitorios;4 baños;300 m² útiles;20 dormitorios | 4 baños | 300 m² útiles;Abate Molina 600 - 900, Club Hípico, Santiago;;-33.4491645;-70.6729228;Abate Molina 600 - 900, Santiago, Santiago, Chile
2025-11-29 18:18:38;Santiago;casa;Casa Esquina Con Local Comercial En Venta;5000;CLF;2 dormitorios;1 baño;100 m² útiles;2 dormitorios | 1 baño | 100 m² útiles;San Ignacio De Loyola, Santiago, Parque O'Higgins, Santiago;;-33.4685828;-70.6547302;San Ignacio De Loyola, Santiago, Santiago, Chile
2025-11-29 18:18:38;Santiago;casa;Atención Inversionistas Y Comerciantes (127849);76000000;CLP;2 dormitorios;1 baño;70 m² útiles;2 dormitorios | 1 baño | 70 m² útiles;Santa Ana 1 - 300, Franklin - Biobío, Santiago;;-33.4742653;-70.6428896;Santa Ana 1 - 300, Santiago, Santiago, Chile
2025-11-29 18:18:38;Santiago;casa;Se Vende Casa 140 M2 San Isidro Suelo Uso Mixto;150000000;CLP;2 dormitorios;1 baño;140 m² útiles;2 dormitorios | 1 baño | 140 m² útiles;San Isidro 2100 - 2400, Santiago, Franklin - Biobío, Santiago;;-33.4433877;-70.6446713;San Isidro 2100 - 2400, Santiago, Santiago, Chile
2025-11-29 18:18:38;Santiago;casa;Oferta Casona Stgo Centro - Comercial (91303);6990;CLF;8 dormitorios;5 baños;368 m² útiles;8 dormitorios | 5 baños | 368 m² útiles;Maipú 300 - 600, Barrio Yungay, Santiago;;-33.5094409;-70.756182;Maipú 300 - 600, Santiago, Santiago, Chile
2025-11-29 18:18:38;Santiago;casa;Oportunidad, Casa Barrio Universitario Metro Ula Y República;680000000;CLP;18 dormitorios;16 baños;471 m² útiles;18 dormitorios | 16 baños | 471 m² útiles;Grajales 2455, Santiago, Barrio República, Santiago;;-33.4527652;-70.6703835;Grajales 2455, Santiago, Santiago, Chile
2025-11-29 18:18:38;Santiago;casa; Oportunidad Casa Con 3 Dormitorios, 2 Bodegas, 2 Baños;175000000;CLP;5 dormitorios;2 baños;135 m² útiles;5 dormitorios | 2 baños | 135 m² útiles;Artemio Gutiérrez 1530, Santiago, Bogotá - Sierra Bella, Santiago;;-33.4648015;-70.6355462;Artemio Gutiérrez 1530, Santiago, Santiago, Chile
2025-11-29 18:18:38;Santiago;casa;Precio De Oferta (66352);200000000;CLP;4 dormitorios;2 baños;198 m² útiles;4 dormitorios | 2 baños | 198 m² útiles;Uno De Mayo 900 - 1200, Santiago, Chile, Club Hípico, Santiago;;-33.6024835;-70.7084227;Uno De Mayo 900 - 1200, Santiago, Santiago, Chile
2025-11-29 18:18:38;Santiago;casa;Amplia Casa Esquina A Pasos Del Metro Ñuble (124935);4600;CLF;6 dormitorios;4 baños;165 m² útiles;6 dormitorios | 4 baños | 165 m² útiles;Dávila Larraín 1895, Bogotá - Sierra Bella, Santiago;;-33.4697316;-70.635722;Dávila Larraín 1895, Santiago, Santiago, Chile
2025-11-29 18:18:38;Santiago;casa;Casa Con 11  Habitaciones Mas 2 Depto.  Independiente;400000000;CLP;11 dormitorios;11 baños;500 m² útiles;11 dormitorios | 11 baños | 500 m² útiles;Padre Orellana 1558, Santiago, Bogotá - Sierra Bella, Santiago;;-33.4643588;-70.6303557;Padre Orellana 1558, Santiago, Santiago, Chile
2025-11-29 18:18:38;Santiago;casa;Local Con 2 Casas;320000000;CLP;3 dormitorios;1 baño;250 m² útiles;3 dormitorios | 1 baño | 250 m² útiles;Andes  2547, Parque Los Reyes, Santiago;;-33.4331541;-70.6726079;Andes 2547, Santiago, Santiago, Chile
2025-11-29 18:18:38;Santiago;casa;Hotel En Venta En Plaza Yungay;16630;CLF;11 dormitorios;12 baños;110 m² útiles;11 dormitorios | 12 baños | 110 m² útiles;Santo Domingo 2814, Santiago, Barrio Yungay, Santiago;;-33.4381521;-70.6746966;Santo Domingo 2814, Santiago, Santiago, Chile
2025-11-29 18:18:38;Santiago;casa;Fray Luis De La Peña - Inversión (87749);195000000;CLP;3 dormitorios;3 baños;138 m² útiles;3 dormitorios | 3 baños | 138 m² útiles;Fray Luis De La Peña 2700 - 3000, Club Hípico, Santiago;;-33.4625698;-70.6727729;Fray Luis De La Peña 2700 - 3000, Santiago, Santiago, Chile
2025-11-29 18:18:38;Santiago;casa;Oportunidad Casa 3 Dormitorios Mas 1 Baño, Sector Comercial;4350;CLF;3 dormitorios;1 baño;115 m² útiles;3 dormitorios | 1 baño | 115 m² útiles;Rogelio Ugarte, Bogotá - Sierra Bella, Santiago;;-33.4582471;-70.6347799;Rogelio Ugarte, Santiago, Santiago, Chile
2025-11-29 18:18:38;Santiago;casa;Antigua Casa Con Locales Comercial Y Un Depto Av Brasil;270000000;CLP;6 dormitorios;6 baños;304 m² útiles;6 dormitorios | 6 baños | 304 m² útiles;Almirante Barroso, 1949, Parque Los Reyes, Santiago;;-33.438985;-70.6623436;Almirante Barroso, Santiago, Santiago, Chile
2025-11-29 18:18:38;Santiago;casa;Fabrica, Local, Oficina, Bodega, 3 Viviendas 845 M2 Terreno;19900;CLF;9 dormitorios;6 baños;593 m² útiles;9 dormitorios | 6 baños | 593 m² útiles;FABRICA, LOCAL, OFICINA, BODEGA, 3 VIVIENDAS 845 M2 TERRENO, Bogotá - Sierra Bella, Santiago;;-33.471595;-70.6571473;FABRICA, Santiago, Santiago, Chile
2025-11-29 18:18:38;Santiago;casa;Venta Casa 6dormitorios, 3 Baños Portugal (99826);220000000;CLP;6 dormitorios;3 baños;171 m² útiles;6 dormitorios | 3 baños | 171 m² útiles;Portugal 1 - 300, Bogotá - Sierra Bella, Santiago;;-33.4561896;-70.6333252;Portugal 1 - 300, Santiago, Santiago, Chile
2025-11-29 18:18:51;Santiago;casa;Casa De 8 Dormitorios, Dos Baños, Cocina (70255);160000000;CLP;8 dormitorios;2 baños;115 m² útiles;8 dormitorios | 2 baños | 115 m² útiles;Eduardo Matte 1800 - 2100, Sector Flanklin Santiago, Chile, Franklin - Biobío, Santiago;;-33.4682093;-70.6389698;Eduardo Matte 1800 - 2100, Santiago, Santiago, Chile
2025-11-29 18:18:51;Santiago;casa;Casa Con Espacios Para Rentar (66351);295000000;CLP;12 dormitorios;5 baños;410 m² útiles;12 dormitorios | 5 baños | 410 m² útiles;San Alfonso 1200 - 1500, Santiago, Chile, Club Hípico, Santiago;;-33.4585519;-70.6748721;San Alfonso 1200 - 1500, Santiago, Santiago, Chile
2025-11-29 18:18:51;Santiago;casa;Gran Casa En Manuel Antonio Tocornal 1770 Centro;180000000;CLP;3 dormitorios;2 baños;109 m² útiles;3 dormitorios | 2 baños | 109 m² útiles;Santiago, Centro Histórico De Santiago;;-33.4420638;-70.6456647;Santiago, Santiago, Santiago, Chile
2025-11-29 18:18:51;Santiago;casa;Venta Casa 5hab 4ba Santiago;4100;CLF;5 dormitorios;4 baños;224 m² útiles;5 dormitorios | 4 baños | 224 m² útiles;Calle Los Flamencos, 406, Santiago;;-33.3638178;-70.7550462;Calle Los Flamencos, Santiago, Santiago, Chile
2025-11-29 18:18:51;Santiago;casa;Gran Casa Esquina De Uso Comercial Y/o Habitacional En Venta;5000;CLF;2 dormitorios;1 baño;100 m² útiles;2 dormitorios | 1 baño | 100 m² útiles;San Ignacio De Loyola, Santiago, Parque O'Higgins, Santiago;;-33.4685828;-70.6547302;San Ignacio De Loyola, Santiago, Santiago, Chile
2025-11-29 18:18:51;Santiago;casa;Casa Para Remodelar, Santiago Concha, Arauco (127075);165000000;CLP;8 dormitorios;2 baños;150 m² útiles;8 dormitorios | 2 baños | 150 m² útiles;Santiago Concha 1800 - 2100, Santiago, Chile, Franklin - Biobío, Santiago;;-33.4736768;-70.6363609;Santiago Concha 1800 - 2100, Santiago, Santiago, Chile
2025-11-29 18:18:51;Santiago;casa;Venta De Casa Con Local Comercial;240000000;CLP;4 dormitorios;2 baños;192 m² útiles;4 dormitorios | 2 baños | 192 m² útiles;Eduardo Matte, 444, Santiago;;-33.4645362;-70.6394881;Eduardo Matte, Santiago, Santiago, Chile
2025-11-29 18:18:51;Santiago;casa;Santiago Matta Sur 258 M2 2 Pisos, Estacionamiento;180000000;CLP;10 dormitorios;3 baños;304 m² útiles;10 dormitorios | 3 baños | 304 m² útiles;Rogelio Ugarte 1200 - 1500, Santiago, Chile, Bogotá - Sierra Bella, Santiago;;-33.4582471;-70.6347799;Rogelio Ugarte 1200 - 1500, Santiago, Santiago, Chile
2025-11-29 18:18:51;Santiago;casa;Casa En Venta En Santiago Centro  3 Dormitorios, Excelente;4560;CLF;3 dormitorios;1 baño;78 m² útiles;3 dormitorios | 1 baño | 78 m² útiles;Victoria 575, Santiago, Bogotá - Sierra Bella, Santiago;;-33.4631923;-70.6436985;Victoria 575, Santiago, Santiago, Chile
2025-11-29 18:18:51;Santiago;casa;Casa Con Diseño 4d3b+gimnasio (127361);11500;CLF;4 dormitorios;3 baños;214 m² útiles;4 dormitorios | 3 baños | 214 m² útiles;General Bulnes 1 - 300, Barrio Yungay, Santiago;;-33.433612;-70.6711568;General Bulnes 1 - 300, Santiago, Santiago, Chile
2025-11-29 18:18:51;Santiago;casa;Casa En Venta En Parque O'higgins Santiago;7150;CLF;5 dormitorios;2 baños;320 m² útiles;5 dormitorios | 2 baños | 320 m² útiles;Lord Cochrane (J) 1500 - 1800, Parque O'Higgins, Santiago;;-33.4503743;-70.654608;Lord Cochrane (J) 1500 - 1800, Santiago, Santiago, Chile
2025-11-29 18:18:51;Santiago;casa;Oportunidad Inversionistas;4600;CLF;6 dormitorios;6 baños;105 m² útiles;6 dormitorios | 6 baños | 105 m² útiles;Placer 1385, Santiago, Franklin - Biobío, Santiago;;-33.4756754;-70.6507901;Placer 1385, Santiago, Santiago, Chile
2025-11-29 18:18:51;Santiago;casa;Casa Esquina Potencial Comercial (124935);4610;CLF;6 dormitorios;4 baños;165 m² útiles;6 dormitorios | 4 baños | 165 m² útiles;Dávila Larraín 1800 - 2100, Bogotá - Sierra Bella, Santiago;;-33.472775;-70.634859;Dávila Larraín 1800 - 2100, Santiago, Santiago, Chile
2025-11-29 18:18:51;Santiago;casa;Dos Casas En Una (121467);4400;CLF;6 dormitorios;2 baños;145 m² útiles;6 dormitorios | 2 baños | 145 m² útiles;Padre Orellana 1 - 300, Bogotá - Sierra Bella, Santiago;;-33.4619547;-70.6311235;Padre Orellana 1 - 300, Santiago, Santiago, Chile
2025-11-29 18:18:51;Santiago;casa;Venta Casa 3hab 1ba Santiago;4100;CLF;3 dormitorios;1 baño;91 m² útiles;3 dormitorios | 1 baño | 91 m² útiles;German Riesco, 1946, Franklin - Biobío, Santiago;;-33.4716017;-70.6413965;German Riesco, Santiago, Santiago, Chile
2025-11-29 18:18:51;Santiago;casa;Maule / Portugal;280000000;CLP;8 dormitorios;4 baños;240 m² útiles;8 dormitorios | 4 baños | 240 m² útiles;Maule 285, Santiago, Bogotá - Sierra Bella, Santiago;;-33.465283;-70.6307143;Maule 285, Santiago, Santiago, Chile
2025-11-29 18:18:51;Santiago;casa;Maule / Portugal / Santigo Sur;280000000;CLP;8 dormitorios;4 baños;240 m² útiles;8 dormitorios | 4 baños | 240 m² útiles;Maule 285, Santiago, Bogotá - Sierra Bella, Santiago;;-33.465283;-70.6307143;Maule 285, Santiago, Santiago, Chile
2025-11-29 18:18:51;Santiago;casa;¡amplia Casa En Yungay, Santiago: 4d+2b!;300000000;CLP;4 dormitorios;2 baños;125 m² útiles;4 dormitorios | 2 baños | 125 m² útiles;YUNGAY, Parque Los Reyes, Santiago;;-33.4289418;-70.6796644;YUNGAY, Santiago, Santiago, Chile
2025-11-29 18:18:51;Santiago;casa;Se Vende Taller 170 M2, Santiago (73522);124000000;CLP;;1 baño;176 m² útiles;1 baño | 176 m² útiles;Victoria, 1 - 300, Bogotá - Sierra Bella, Santiago;;-33.4622658;-70.6369761;Victoria, Santiago, Santiago, Chile
2025-11-29 18:18:51;Santiago;casa;Santiago, Garcia Reyes 250 M2 Edificados, 3 Pisos, Patio;7000;CLF;8 dormitorios;4 baños;245 m² útiles;8 dormitorios | 4 baños | 245 m² útiles;García Reyes 1 - 300, Santiago, Chile, Barrio Yungay, Santiago;;-33.4463153;-70.6708333;García Reyes 1 - 300, Santiago, Santiago, Chile
2025-11-29 18:18:51;Santiago;casa;Gran Casona Apta Para Comercio;10000;CLF;14 dormitorios;6 baños;326 m² útiles;14 dormitorios | 6 baños | 326 m² útiles;La Fetra 164, Santiago, Chile, Barrio Brasil, Santiago;;-33.4424607;-70.6645586;La Fetra 164, Santiago, Santiago, Chile
2025-11-29 18:18:51;Santiago;casa;Casa Comercial Habitaciones Cercano Metro República;4530;CLF;8 dormitorios;7 baños;176 m² útiles;8 dormitorios | 7 baños | 176 m² útiles;Sta Mónica 2156, Santiago, Barrio Brasil, Santiago;;-33.444423;-70.6656442;Sta Mónica 2156, Santiago, Santiago, Chile
2025-11-29 18:18:51;Santiago;casa;Propiedad Destino Comercial Esquina Maule Con Sierra Bella, ;12900;CLF;3 dormitorios;1 baño;221 m² útiles;3 dormitorios | 1 baño | 221 m² útiles;Maule & Sierra Bella, Santiago, Chile, Bogotá - Sierra Bella, Santiago;;-33.4660853;-70.6345364;Maule & Sierra Bella, Santiago, Santiago, Chile
2025-11-29 18:18:51;Santiago;casa;Gran Casa Para Inversionista Con 6 Dptos, Metro Matta;194000000;CLP;6 dormitorios;6 baños;186 m² útiles;6 dormitorios | 6 baños | 186 m² útiles;Carmen, Santiago, Bogotá - Sierra Bella, Santiago;;-33.4677855;-70.6368322;Carmen, Santiago, Santiago, Chile
2025-11-29 18:18:51;Santiago;casa;Casa Sector Metro Ñuble, Residencial Y/o Comercial;145000000;CLP;4 dormitorios;1 baño;94 m² útiles;4 dormitorios | 1 baño | 94 m² útiles;Santa Elena 1436, Santiago, Chile, Bogotá - Sierra Bella, Santiago;;-33.4618278;-70.6294514;Santa Elena 1436, Santiago, Santiago, Chile
2025-11-29 18:18:51;Santiago;casa;Buena Propiedad A Pasos De Av. Vicuña Mackenna Y Metro Ñuble;150000000;CLP;5 dormitorios;1 baño;250 m² útiles;5 dormitorios | 1 baño | 250 m² útiles;Cuevas 1490, Santiago, Bogotá - Sierra Bella, Santiago;;-33.4634756;-70.6325686;Cuevas 1490, Santiago, Santiago, Chile
2025-11-29 18:18:51;Santiago;casa;Benavides 2025;5000;CLF;2 dormitorios;1 baño;139 m² útiles;2 dormitorios | 1 baño | 139 m² útiles;Benavides 2025, Santiago, Ejército - Toesca, Santiago;;-33.4554652;-70.6631856;Benavides 2025, Santiago, Santiago, Chile
2025-11-29 18:18:51;Santiago;casa;Se Vende Casa De 2 Pisos De 80m2 (101879);65000000;CLP;3 dormitorios;2 baños;80 m² útiles;3 dormitorios | 2 baños | 80 m² útiles;Chacabuco 1 - 300, Barrio Yungay, Santiago;;-33.4430427;-70.6785376;Chacabuco 1 - 300, Santiago, Santiago, Chile
2025-11-29 18:18:51;Santiago;casa;Oportunidad , Impecable Y Remodelada Oficina O Casa ;185000000;CLP;2 dormitorios;2 baños;170 m² útiles;2 dormitorios | 2 baños | 170 m² útiles;Lira 1486, Santiago, Chile, Bogotá - Sierra Bella, Santiago;;-33.4637472;-70.6343617;Lira 1486, Santiago, Santiago, Chile
2025-11-29 18:18:51;Santiago;casa;Casa En Venta De 30 Dorm. En Santiago;30800;CLF;30 dormitorios;34 baños;960 m² útiles;30 dormitorios | 34 baños | 960 m² útiles;Moneda /avda Brasil, Barrio Brasil, Santiago;;-33.4432031;-70.665228;Moneda /avda Brasil, Santiago, Santiago, Chile
2025-11-29 18:18:51;Santiago;casa;Casa 3 Pisos  Maipu / Compañia;189900000;CLP;3 dormitorios;3 baños;130 m² útiles;3 dormitorios | 3 baños | 130 m² útiles;Maipú 425, Santiago, Barrio Yungay, Santiago;;-33.4408724;-70.6764517;Maipú 425, Santiago, Santiago, Chile
2025-11-29 18:18:51;Santiago;casa;Entre Metros Parque Almagro Y Matta;350000000;CLP;10 dormitorios;6 baños;300 m² útiles;10 dormitorios | 6 baños | 300 m² útiles;Arturo Prat 786, Santiago, San Diego, Santiago;;-33.4549592;-70.6480975;Arturo Prat 786, Santiago, Santiago, Chile
2025-11-29 18:18:51;Santiago;casa;Venta Prop. Uso Industrial, 7 Deptos. Con Baño (3);8900;CLF;7 dormitorios;5 baños;482 m² útiles;7 dormitorios | 5 baños | 482 m² útiles;Libertad 574, Santiago, Chile, Barrio Yungay, Santiago;;-33.4385722;-70.6744929;Libertad 574, Santiago, Santiago, Chile
2025-11-29 18:18:51;Santiago;casa;Mapocho | Especial Inversionistas, Se Vende Paño De 507 M2;17200;CLF;;;628 m² útiles;628 m² útiles;Herrera 1050, 8.3499e+06 - 8.3502e+06 Santiago, Región Metropolitana, Chile, Parque Los Reyes, Santiago;;-33.4332122;-70.678467;Herrera 1050, Santiago, Santiago, Chile
2025-11-29 18:18:51;Santiago;casa;Remodelar - Casa Calle Mapocho Frente Estac. Cumming Línea 7;10100;CLF;4 dormitorios;1 baño;260 m² útiles;4 dormitorios | 1 baño | 260 m² útiles;Avenida Mapocho 2100 - 2400, Santiago, Chile, Parque Los Reyes, Santiago;;-33.432063;-70.6637102;Avenida Mapocho 2100 - 2400, Santiago, Santiago, Chile
2025-11-29 18:18:51;Santiago;casa;Venta Prop. Uso Industrial, 7 Deptos Con Baño;350000000;CLP;7 dormitorios;7 baños;810 m² útiles;7 dormitorios | 7 baños | 810 m² útiles;Libertad 574, Santiago, Chile, Barrio Yungay, Santiago;;-33.4385722;-70.6744929;Libertad 574, Santiago, Santiago, Chile
2025-11-29 18:18:51;Santiago;casa;Oportunidad!!! Casa Esquina Con Local Comercial (remodelar);5150;CLF;6 dormitorios;2 baños;285 m² útiles;6 dormitorios | 2 baños | 285 m² útiles;Maipú 1581, Santiago, Parque Los Reyes, Santiago;;-33.5319404;-70.6975735;Maipú 1581, Santiago, Santiago, Chile
2025-11-29 18:18:51;Santiago;casa;Casa En Venta En Libertad 574, Barrio Yungay;350000000;CLP;7 dormitorios;7 baños;810 m² útiles;7 dormitorios | 7 baños | 810 m² útiles;Libertad 574, Santiago, Chile, Barrio Yungay, Santiago;;-33.4385722;-70.6744929;Libertad 574, Santiago, Santiago, Chile
2025-11-29 18:18:51;Santiago;casa;Hermosa Casa Ideal Para Oficinas Metro Toesca;650000000;CLP;5 dormitorios;3 baños;200 m² útiles;5 dormitorios | 3 baños | 200 m² útiles;Grajales 1970, 8370137 Santiago, Región Metropolitana, Chile, Ejército - Toesca, Santiago;;-33.4512557;-70.6627487;Grajales 1970, Santiago, Santiago, Chile
2025-11-29 18:18:51;Santiago;casa;Cómoda Casa De 2 Pisos En Setor Residencial Consolidado;185000000;CLP;4 dormitorios;2 baños;185 m² útiles;4 dormitorios | 2 baños | 185 m² útiles;Rogelio Ugarte 1275, Santiago, Bogotá - Sierra Bella, Santiago;;-33.4593708;-70.6345816;Rogelio Ugarte 1275, Santiago, Santiago, Chile
2025-11-29 18:18:51;Santiago;casa;Casa En Venta En Parque Los Reyes, Santiago;68000000;CLP;2 dormitorios;1 baño;70 m² útiles;2 dormitorios | 1 baño | 70 m² útiles;Av. Ricardo Cumming 1246, Parque Los Reyes, Santiago;;-33.4345178;-70.6689385;Av. Ricardo Cumming 1246, Santiago, Santiago, Chile
2025-11-29 18:18:51;Santiago;casa;Casa En Venta De 8 Dorm. En Santiago;280000000;CLP;8 dormitorios;3 baños;286 m² útiles;8 dormitorios | 3 baños | 286 m² útiles;Yungay, Metro República, Barrio Yungay, Santiago;;-33.4289418;-70.6796644;Yungay, Santiago, Santiago, Chile
2025-11-29 18:19:21;Santiago;casa;Venta Casa En Cité 2d 1b Santa Elena (79342);60000000;CLP;2 dormitorios;1 baño;50 m² útiles;2 dormitorios | 1 baño | 50 m² útiles;Santa Elena 900 - 1200, Santiago, Chile, Bogotá - Sierra Bella, Santiago;;-33.4533512;-70.6319157;Santa Elena 900 - 1200, Santiago, Santiago, Chile
2025-11-29 18:19:21;Santiago;casa;Townhouse 4 Plantas, 3d-3b-1e Azotea En Barrio Yungay;5190;CLF;3 dormitorios;3 baños;110 m² útiles;3 dormitorios | 3 baños | 110 m² útiles;Maipú 425, Barrio Yungay, Santiago;;-33.4408724;-70.6764517;Maipú 425, Santiago, Santiago, Chile
2025-11-29 18:19:21;Santiago;casa;Casa Tres Niveles Barrio Histórico Doble Altura Cerca Museos;223000000;CLP;1 dormitorio;1 baño;124 m² útiles;1 dormitorio | 1 baño | 124 m² útiles;Huérfanos 3067, Santiago, Chile, Barrio Yungay, Santiago;;-33.4390214;-70.6447417;Huérfanos 3067, Santiago, Santiago, Chile
2025-11-29 18:19:21;Santiago;casa;Venta De Casa En Centro Histórico;305000000;CLP;10 dormitorios;4 baños;237 m² útiles;10 dormitorios | 4 baños | 237 m² útiles;General Bulnes, 1 - 300, Barrio Yungay, Santiago;;-33.4380484;-70.6705538;General Bulnes, Santiago, Santiago, Chile
2025-11-29 18:19:21;Santiago;casa;Casa En Calle Serrano Ideal Para Remodelar;8500;CLF;19 dormitorios;8 baños;310 m² útiles;19 dormitorios | 8 baños | 310 m² útiles;Serrano 600 - 900, Santiago, Chile, San Diego, Santiago;;-33.4479201;-70.6487298;Serrano 600 - 900, Santiago, Santiago, Chile
2025-11-29 18:19:21;Santiago;casa;Town House En Venta De 3 Dorm. En Santiago Centro;5600;CLF;3 dormitorios;3 baños;93 m² útiles;3 dormitorios | 3 baños | 93 m² útiles;MAIPU 400, Barrio Yungay, Santiago;;-33.441148;-70.6767332;MAIPU 400, Santiago, Santiago, Chile
2025-11-29 18:19:21;Santiago;casa;Casa En Barrio Tradicional, Plaza, Remodelada 85/82 M2;3039;CLF;4 dormitorios;2 baños;82 m² útiles;4 dormitorios | 2 baños | 82 m² útiles;El Rosedal 1948, Santiago, Club Hípico, Santiago;;-33.4725487;-70.6677173;El Rosedal 1948, Santiago, Santiago, Chile
2025-11-29 18:19:21;Santiago;casa;Venta Casa, Comuna De Santiago;4500;CLF;3 dormitorios;2 baños;140 m² totales;3 dormitorios | 2 baños | 140 m² totales;San Isidro 2300 - 2400, Santiago, Chile, Franklin - Biobío, Santiago, RM (Metropolitana), Franklin - Biobío, Santiago;;-33.4433877;-70.6446713;San Isidro 2300 - 2400, Santiago, Santiago, Chile
2025-11-29 18:19:21;Santiago;casa;Sin Comision - Casa Patrimonial Excelente Estado;8100;CLF;5 dormitorios;3 baños;266 m² útiles;5 dormitorios | 3 baños | 266 m² útiles;Maipú 353, Santiago, Barrio Yungay, Santiago;;-33.4417587;-70.6763765;Maipú 353, Santiago, Santiago, Chile
2025-11-29 18:19:21;Santiago;casa;¡increíble Oportunidad Venta Casa Santiago Centro! ;140000000;CLP;3 dormitorios;2 baños;120 m² útiles;3 dormitorios | 2 baños | 120 m² útiles;Chacabuco, Parque Los Reyes, Santiago;;-33.4392939;-70.6788764;Chacabuco, Santiago, Santiago, Chile
2025-11-29 18:19:21;Santiago;casa;Gran Casona Libertad  (68138);340000000;CLP;19 dormitorios;4 baños;386 m² útiles;19 dormitorios | 4 baños | 386 m² útiles;Libertad 300 - 600, Barrio Yungay, Santiago;;-33.5443545;-70.6398479;Libertad 300 - 600, Santiago, Santiago, Chile
2025-11-29 18:19:21;Santiago;casa;Padre Orellana / Ñuble Casa 5 Dormitorios 3 Baños, Patio;6190;CLF;5 dormitorios;2 baños;144 m² útiles;5 dormitorios | 2 baños | 144 m² útiles;Padre Orellana 1500 - 1800, Santiago, Chile, Bogotá - Sierra Bella, Santiago;;-33.4696017;-70.6290109;Padre Orellana 1500 - 1800, Santiago, Santiago, Chile
2025-11-29 18:19:21;Santiago;casa;Casa Esquina Barrio Huemul, 270 M2 Const, 12 Dorm 5 Baños;420000000;CLP;12 dormitorios;5 baños;350 m² útiles;12 dormitorios | 5 baños | 350 m² útiles;Bío Bío 1381, Franklin - Biobío, Santiago;;-33.4745116;-70.6510994;Bío Bío 1381, Santiago, Santiago, Chile
2025-11-29 18:19:21;Santiago;casa;Casa En Venta De 12 Dorm. En Santiago;69000;CLF;12 dormitorios;11 baños;844 m² útiles;12 dormitorios | 11 baños | 844 m² útiles;Bellas Artes, Centro Histórico De Santiago, Santiago;;-33.4366322;-70.6441329;Bellas Artes, Santiago, Santiago, Chile
2025-11-29 18:19:21;Santiago;casa;Se Vende Casa // Santiago (74588);5650;CLF;3 dormitorios;2 baños;168 m² útiles;3 dormitorios | 2 baños | 168 m² útiles;Madrid 900 - 1200, Santiago, Chile, Barrio Diez De Julio, Santiago;;40.456144;-3.6759916;Madrid 900 - 1200, Santiago, Santiago, Chile
2025-11-29 18:19:21;Santiago;casa;Hermoso Town House En Barrio Yungay (128034);4950;CLF;3 dormitorios;3 baños;86 m² útiles;3 dormitorios | 3 baños | 86 m² útiles;Av Portales 3000 - 3300, Barrio Yungay, Santiago, Chile, Barrio Yungay, Santiago;;-33.444184;-70.6849763;Av Portales 3000 - 3300, Santiago, Santiago, Chile
2025-11-29 18:19:21;Santiago;casa;Ciudad Ddl Sol, Barrio Portugal, Modelo Praga (128956);155000000;CLP;4 dormitorios;3 baños;110 m² útiles;4 dormitorios | 3 baños | 110 m² útiles;Barrio Portugal, Santiago, Chile, Barrio República, Santiago;;-33.5938746;-70.587782;Barrio Portugal, Santiago, Santiago, Chile
2025-11-29 18:19:21;Santiago;casa;Casa Ideal Para Empresas, Taller Ofician Y Bodegaje;5900;CLF;3 dormitorios;3 baños;110 m² útiles;3 dormitorios | 3 baños | 110 m² útiles;Ventura Lavalle 300 - 600, Santiago, Bogotá - Sierra Bella, Santiago;;-33.4582999;-70.6350885;Ventura Lavalle 300 - 600, Santiago, Santiago, Chile
2025-11-29 18:19:21;Santiago;casa;Remodelada - Vivienda U Oficinas - Matta Sur (130806);164000000;CLP;5 dormitorios;2 baños;165 m² útiles;5 dormitorios | 2 baños | 165 m² útiles;Padre Orellana 1200 - 1500, Bogotá - Sierra Bella, Santiago;;-33.4696017;-70.6290109;Padre Orellana 1200 - 1500, Santiago, Santiago, Chile
2025-11-29 18:19:21;Santiago;casa;Venta Casa Esquina, Aceptan Oferta Al Contado (118433);125000000;CLP;4 dormitorios;1 baño;185 m² útiles;4 dormitorios | 1 baño | 185 m² útiles;San Vicente 1200 - 1500, Club Hípico, Santiago;;-33.4554998;-70.6774765;San Vicente 1200 - 1500, Santiago, Santiago, Chile
2025-11-29 18:19:21;Santiago;casa;Barrio Yungay, Huérfanos, Gran Oportunidad De Inversión;225000000;CLP;7 dormitorios;2 baños;321 m² útiles;7 dormitorios | 2 baños | 321 m² útiles;Santiago Centro, Centro Histórico De Santiago, Santiago;;-33.4420638;-70.6456647;Santiago Centro, Santiago, Santiago, Chile
2025-11-29 18:19:21;Santiago;casa;Venta Santiago (107563);3400;CLF;4 dormitorios;2 baños;11.168 m² útiles;4 dormitorios | 2 baños | 11.168 m² útiles;Manuel Antonio Tocornal 1 - 300, Bogotá - Sierra Bella, Santiago;;-33.4613311;-70.6372293;Manuel Antonio Tocornal 1 - 300, Santiago, Santiago, Chile
2025-11-29 18:19:21;Santiago;casa;Excelente Propiedad Calle Exposición - Comercial;350000000;CLP;3 dormitorios;1 baño;120 m² útiles;3 dormitorios | 1 baño | 120 m² útiles;Exposición 454, Meiggs, Santiago;;-33.4561456;-70.6780098;Exposición 454, Santiago, Santiago, Chile
2025-11-29 18:19:21;Santiago;casa;A Pasos De Vicuña Makenna  (97493);169000000;CLP;3 dormitorios;2 baños;140 m² útiles;3 dormitorios | 2 baños | 140 m² útiles;Portugal 1800 - 2100, Santiago, Chile, Bogotá - Sierra Bella, Santiago;;-33.4561896;-70.6333252;Portugal 1800 - 2100, Santiago, Santiago, Chile
2025-11-29 18:19:21;Santiago;casa;Casa En Venta En Tradicional Barrio De Santiago;230000000;CLP;4 dormitorios;1 baño;182 m² útiles;4 dormitorios | 1 baño | 182 m² útiles;Calle San Ignacio De Loyola 1241, Santiago, Chile, Parque O'Higgins, Santiago;;-33.3658584;-70.757788;Calle San Ignacio De Loyola 1241, Santiago, Santiago, Chile
2025-11-29 18:19:21;Santiago;casa;Casa En Barrio Comercial En Calle Copiapó, Stgo.;3798;CLF;3 dormitorios;2 baños;120 m² útiles;3 dormitorios | 2 baños | 120 m² útiles;Copiapó 484, Barrio Diez De Julio, Santiago;;-33.4538474;-70.6399988;Copiapó 484, Santiago, Santiago, Chile
2025-11-29 18:19:21;Santiago;casa;Victoria 381 Con Lira;180000000;CLP;4 dormitorios;1 baño;186 m² útiles;4 dormitorios | 1 baño | 186 m² útiles;Victoria 381, Santiago, Bogotá - Sierra Bella, Santiago;;-33.4617981;-70.6351581;Victoria 381, Santiago, Santiago, Chile
2025-11-29 18:19:21;Santiago;casa;San Vicente/ Fray Luis De La Peña;4430;CLF;4 dormitorios;1 baño;140 m² útiles;4 dormitorios | 1 baño | 140 m² útiles;San Vicente 1123, Santiago, Club Hípico, Santiago;;-33.4554998;-70.6774765;San Vicente 1123, Santiago, Santiago, Chile
2025-11-29 18:19:21;Santiago;casa;Venta Tradicional Casa Con Giro Comercial En San Ignacio;230000000;CLP;5 dormitorios;2 baños;140 m² útiles;5 dormitorios | 2 baños | 140 m² útiles;San Ignacio De Loyola 1323, Santiago, Parque O'Higgins, Santiago;;-33.463004;-70.6553406;San Ignacio De Loyola 1323, Santiago, Santiago, Chile
2025-11-29 18:19:21;Santiago;casa;D9426876- Venta Casa En Santiago Centro Sur - 4d1b1e1bo;3900;CLF;4 dormitorios;1 baño;138 m² útiles;4 dormitorios | 1 baño | 138 m² útiles;Santiago, Bogotá - Sierra Bella;;-33.4420638;-70.6456647;Santiago, Santiago, Santiago, Chile
2025-11-29 18:19:21;Santiago;casa;Casa En Venta En Bogotá;115000000;CLP;7 dormitorios;2 baños;210 m² útiles;7 dormitorios | 2 baños | 210 m² útiles;Carmen & Avenida Manuel Antonio Matta, Bogotá - Sierra Bella, Santiago;;-33.4577985;-70.6399559;Carmen & Avenida Manuel Antonio Matta, Santiago, Santiago, Chile
2025-11-29 18:19:21;Santiago;casa;Venta Casa En Santiago Centro;13000;CLF;14 dormitorios;11 baños;226 m² útiles;14 dormitorios | 11 baños | 226 m² útiles;Metro Santa Ana, Barrio Brasil, Santiago;;-33.4382499;-70.6598961;Santa Ana, Santiago, Santiago, Chile
2025-11-29 18:19:21;Santiago;casa;Casa Antigua En Barrio Franklin ;7194;CLF;6 dormitorios;2 baños;165 m² útiles;6 dormitorios | 2 baños | 165 m² útiles;Santiago Concha 2247, Santiago, Chile, Franklin - Biobío, Santiago;;-33.4740003;-70.6363741;Santiago Concha 2247, Santiago, Santiago, Chile
2025-11-29 18:19:21;Santiago;casa;Venta Casa Santiago Centro A Pasos De Alameda;100000000;CLP;3 dormitorios;1 baño;129 m² útiles;3 dormitorios | 1 baño | 129 m² útiles;Maipú, Santiago, Barrio Yungay, Santiago;;-33.5094409;-70.756182;Maipú, Santiago, Santiago, Chile
2025-11-29 18:19:21;Santiago;casa;Oportunidad Triplex 3 Dormitorios 2 Baños + Estacionamiento;130000000;CLP;3 dormitorios;2 baños;85 m² útiles;3 dormitorios | 2 baños | 85 m² útiles;Abate Molina, Santiago, Meiggs, Santiago;;-33.4491645;-70.6729228;Abate Molina, Santiago, Santiago, Chile
2025-11-29 18:19:21;Santiago;casa;Se Vende Hermosa Casa En  Santiago Centro;4254;CLF;3 dormitorios;2 baños;90 m² útiles;3 dormitorios | 2 baños | 90 m² útiles;Santiago, Región Metropolitana, Parque O'Higgins, Santiago;;-33.4420638;-70.6456647;Santiago, Santiago, Santiago, Chile
2025-11-29 18:19:21;Santiago;casa;Portugal // Maule;145000000;CLP;4 dormitorios;2 baños;125 m² útiles;4 dormitorios | 2 baños | 125 m² útiles;Maule 285, Santiago, Chile, Bogotá - Sierra Bella, Santiago;;-33.465283;-70.6307143;Maule 285, Santiago, Santiago, Chile
2025-11-29 18:19:21;Santiago;casa;Metro Rondizzoni;3000;CLF;3 dormitorios;2 baños;96 m² útiles;3 dormitorios | 2 baños | 96 m² útiles;METRO RONDIZZONI, Franklin - Biobío, Santiago;;-33.4696578;-70.6563736;RONDIZZONI, Santiago, Santiago, Chile
2025-11-29 18:19:21;Santiago;casa;Oportunidad  Casa En Venta En Santiago Centro;4250;CLF;3 dormitorios;2 baños;98 m² útiles;3 dormitorios | 2 baños | 98 m² útiles;Cuevas 1500 - 1800, Santiago, Bogotá - Sierra Bella, Santiago;;-33.4606077;-70.6334663;Cuevas 1500 - 1800, Santiago, Santiago, Chile
2025-11-29 18:19:21;Santiago;casa;Casa En Esquina En Santiago Centro - Excelente Ubicación ;140000000;CLP;4 dormitorios;2 baños;10 m² útiles;4 dormitorios | 2 baños | 10 m² útiles;Chacabuco, Parque Los Reyes, Santiago;;-33.4392939;-70.6788764;Chacabuco, Santiago, Santiago, Chile
2025-11-29 18:19:21;Santiago;casa; Casa Con Galpón, Destino Comercial, Excelente Ubicación;7980;CLF;3 dormitorios;7 baños;600 m² útiles;3 dormitorios | 7 baños | 600 m² útiles;Avenida Viel 1270, Santiago, Chile, Parque O'Higgins, Santiago;;-33.4623248;-70.6562284;Avenida Viel 1270, Santiago, Santiago, Chile
2025-11-29 18:19:21;Santiago;casa;Maule / Avda. Portugal;145000000;CLP;4 dormitorios;2 baños;125 m² útiles;4 dormitorios | 2 baños | 125 m² útiles;Maule 285, Santiago, Chile, Bogotá - Sierra Bella, Santiago;;-33.465283;-70.6307143;Maule 285, Santiago, Santiago, Chile
2025-11-29 18:19:21;Santiago;casa; Se Vende Casa Grande/santiago (72582);230000000;CLP;6 dormitorios;4 baños;214 m² útiles;6 dormitorios | 4 baños | 214 m² útiles;San Agustín, Santiago, Chile, Club Hípico, Santiago;;-33.474127;-70.6687699;San Agustín, Santiago, Santiago, Chile
2025-11-29 18:19:46;Santiago;casa;Santiago Libertad Casa 1 Piso Uso Habitacional;3672;CLF;4 dormitorios;1 baño;120 m² útiles;4 dormitorios | 1 baño | 120 m² útiles;Libertad 79, Santiago, Barrio Yungay, Santiago;;-33.4482146;-70.6732132;Libertad 79, Santiago, Santiago, Chile
2025-11-29 18:19:46;Santiago;casa;Espectacular Casona Patrimonial. Sector Mixto Comercial.;8500;CLF;10 dormitorios;5 baños;314 m² útiles;10 dormitorios | 5 baños | 314 m² útiles;Erasmo Escala 2008, Santiago, Chile, Barrio Brasil, Santiago;;-33.4448526;-70.6640927;Erasmo Escala 2008, Santiago, Santiago, Chile
2025-11-29 18:19:46;Santiago;casa; Casa Giro Comercial 334m2,4d,2b,2e,bod (70820);5760;CLF;4 dormitorios;2 baños;261 m² útiles;4 dormitorios | 2 baños | 261 m² útiles;Roberto Espinoza, Santiago, Chile, Parque O'Higgins, Santiago;;-33.4613218;-70.6523281;Roberto Espinoza, Santiago, Santiago, Chile
2025-11-29 18:19:46;Santiago;casa;Club Hipico Casa 2 Pisos. 2 Dormitorios Y Patio Interior;105000000;CLP;2 dormitorios;1 baño;102 m² útiles;2 dormitorios | 1 baño | 102 m² útiles;Club Hípico 1422, Santiago, Parque O'Higgins, Santiago;;-33.4659079;-70.6647565;Club Hípico 1422, Santiago, Santiago, Chile
2025-11-29 18:19:46;Santiago;casa;Se Vende Atractiva Esquina Meiggs - San Vicente Con Gorbea ;14050;CLF;3 dormitorios;3 baños;178 m² útiles;3 dormitorios | 3 baños | 178 m² útiles;San Vicente 300 - 600, Santiago, Meiggs, Santiago;;-33.4695056;-70.6755551;San Vicente 300 - 600, Santiago, Santiago, Chile
2025-11-29 18:19:46;Santiago;casa;Casa Patrimonial De Tres Pisos Con Gran Jardín, 1932;9150;CLF;6 dormitorios;2 baños;223 m² útiles;6 dormitorios | 2 baños | 223 m² útiles;Esperanza 570, Santiago, Barrio Yungay, Santiago;;-33.4387027;-70.6759171;Esperanza 570, Santiago, Santiago, Chile
2025-11-29 18:19:46;Santiago;casa;Venta De Casa En Santiago - Calle Santo Domingo;130000000;CLP;4 dormitorios;2 baños;65 m² útiles;4 dormitorios | 2 baños | 65 m² útiles;Santo Domingo 1800 - 2100, Santiago, Chile, Barrio Brasil, Santiago;;-33.4360733;-70.6439826;Santo Domingo 1800 - 2100, Santiago, Santiago, Chile
2025-11-29 18:19:46;Santiago;casa;Oportunidad Pedro León Ugalde  Cercano Av Matta;150000000;CLP;7 dormitorios;2 baños;196 m² útiles;7 dormitorios | 2 baños | 196 m² útiles;Pedro León Ugalde, 1260, Bogotá - Sierra Bella, Santiago;;-33.4641065;-70.6318972;Pedro León Ugalde, Santiago, Santiago, Chile
2025-11-29 18:19:46;Santiago;casa;Oportunidad De Inversion  Estilo Y Conectividad;120000000;CLP;3 dormitorios;2 baños;121 m² útiles;3 dormitorios | 2 baños | 121 m² útiles;Juan Nepomuceno, 2100 - 2400, Club Hípico, Santiago;;-33.4449493;-70.6505532;Juan Nepomuceno, Santiago, Santiago, Chile
2025-11-29 18:19:46;Santiago;casa;Estilosa Casa En Calle Cerrada, 1930;350000000;CLP;3 dormitorios;2 baños;198 m² útiles;3 dormitorios | 2 baños | 198 m² útiles;Onofre Jarpa 2383, Santiago, Barrio República, Santiago;;-33.452107;-70.6693306;Onofre Jarpa 2383, Santiago, Santiago, Chile
2025-11-29 18:19:46;Santiago;casa;Vendo Casona Dos Pisos Barrio Univers. Republica ;250000000;CLP;11 dormitorios;4 baños;161 m² útiles;11 dormitorios | 4 baños | 161 m² útiles;Toesca 2321, Santiago, Barrio República, Santiago;;-33.4545349;-70.6676493;Toesca 2321, Santiago, Santiago, Chile
2025-11-29 18:19:46;Santiago;casa;Casa Con Local Comercial;2800;CLF;4 dormitorios;2 baños;135 m² útiles;4 dormitorios | 2 baños | 135 m² útiles;Placer 300 - 600, Santiago, Franklin - Biobío, Santiago;;-33.4751577;-70.6394259;Placer 300 - 600, Santiago, Santiago, Chile
2025-11-29 18:19:46;Santiago;casa;Oportunidad Y Precio Increible Casa En Venta  (127411);109000000;CLP;4 dormitorios;1 baño;115 m² útiles;4 dormitorios | 1 baño | 115 m² útiles;Cuevas, Santiago, Chile, Bogotá - Sierra Bella, Santiago;;-33.4606077;-70.6334663;Cuevas, Santiago, Santiago, Chile
2025-11-29 18:19:46;Santiago;casa;Sector Manuel Antonio Matta ;3200;CLF;3 dormitorios;2 baños;144 m² útiles;3 dormitorios | 2 baños | 144 m² útiles;Sector Manuel Antonio Matta, Barrio Diez De Julio, Santiago;;-26.3933214;-70.0438505;Sector Manuel Antonio Matta, Santiago, Santiago, Chile
2025-11-29 18:19:46;Santiago;casa;Propiedad 3 Niveles 75mt2, 4d 2b Lord Cochrane Santiago;2076;CLF;4 dormitorios;2 baños;75 m² útiles;4 dormitorios | 2 baños | 75 m² útiles;Lord Cochrane 1538, Santiago, Parque O'Higgins, Santiago;;-33.4503743;-70.654608;Lord Cochrane 1538, Santiago, Santiago, Chile
2025-11-29 18:19:46;Santiago;casa;Opotunidad Única!!;2270;CLF;2 dormitorios;1 baño;90 m² útiles;2 dormitorios | 1 baño | 90 m² útiles;Blanco Cuartín 1754, Santiago, Club Hípico, Santiago;;-33.4701221;-70.6719444;Blanco Cuartín 1754, Santiago, Santiago, Chile
2025-11-29 18:19:46;Santiago;casa;Venta Casa Terreno Sector Av. Matta, Santiago;100000000;CLP;3 dormitorios;1 baño;250 m² útiles;3 dormitorios | 1 baño | 250 m² útiles;Sierra Bella 1910, Santiago, Bogotá - Sierra Bella, Santiago;;-33.4699172;-70.6334903;Sierra Bella 1910, Santiago, Santiago, Chile
2025-11-29 18:19:46;Santiago;casa;Casa Excelente Ubicación Cercana A Metro Toesca ;84900000;CLP;4 dormitorios;2 baños;82 m² útiles;4 dormitorios | 2 baños | 82 m² útiles;Toesca 2031, Santiago, Ejército - Toesca, Santiago;;-33.4534895;-70.6635817;Toesca 2031, Santiago, Santiago, Chile
2025-11-29 18:19:46;Santiago;casa;Céntrica Casa Antigua (cité) Barrio Cívico De Santiago;70000000;CLP;2 dormitorios;1 baño;64 m² útiles;2 dormitorios | 1 baño | 64 m² útiles;San Ignacio De Loyola 390, Parque Almagro, Santiago;;-33.4515714;-70.6560913;San Ignacio De Loyola 390, Santiago, Santiago, Chile
2025-11-29 18:19:46;Santiago;casa;Vende Casa 2 Pisos, Pleno Centro, En Catedral, Santiago;62000000;CLP;5 dormitorios;1 baño;90 m² útiles;5 dormitorios | 1 baño | 90 m² útiles;Catedral, Santiago, Barrio Brasil, Santiago;;-33.4401216;-70.6777242;Catedral, Santiago, Santiago, Chile
2025-11-29 18:19:46;Santiago;casa;22328 - Esperanza / Barrio Yungay, Santiago;11000;CLF;7 dormitorios;2 baños;280 m² útiles;7 dormitorios | 2 baños | 280 m² útiles;Barrio Yungay, Santiago;;-33.4431331;-70.6738044;Barrio Yungay, Santiago, Santiago, Chile
2025-11-29 18:19:46;Santiago;casa;Casa En Venta En Barrio Yungay;350000000;CLP;6 dormitorios;2 baños;280 m² útiles;6 dormitorios | 2 baños | 280 m² útiles;Esperanza 630, Yungay, Santiago, Chile, Barrio Yungay, Santiago;;-33.4378152;-70.6759762;Esperanza 630, Santiago, Santiago, Chile
2025-11-29 18:19:46;Santiago;casa;Casa En Venta De 7 Dorm. En Santiago;12650;CLF;7 dormitorios;3 baños;346 m² útiles;7 dormitorios | 3 baños | 346 m² útiles;Santa Elena/ Av. Matta, Bogotá - Sierra Bella, Santiago;;-33.4590168;-70.6290963;Santa Elena/ Av. Matta, Santiago, Santiago, Chile
2025-11-29 18:19:46;Santiago;casa;Casa En Venta En Pasaje Londres Matta;166000000;CLP;4 dormitorios;1 baño;173 m² útiles;4 dormitorios | 1 baño | 173 m² útiles;Londres 1061, Barrio Diez De Julio, Santiago;;-33.445111;-70.64816;Londres 1061, Santiago, Santiago, Chile
2025-11-29 18:19:46;Santiago;casa;¡tu Hogar En Yungay Te Espera!;399000000;CLP;4 dormitorios;2 baños;126 m² útiles;4 dormitorios | 2 baños | 126 m² útiles;General Bulnes, 1 - 300, Barrio Yungay, Santiago;;-33.4380484;-70.6705538;General Bulnes, Santiago, Santiago, Chile
2025-11-29 18:19:46;Santiago;casa;Venta Casa Antigua-oportunidad Para Inversionistas;8780;CLF;5 dormitorios;2 baños;338 m² útiles;5 dormitorios | 2 baños | 338 m² útiles;ALMIRANTE BARROSO, 975-985, Parque Los Reyes, Santiago;;-33.438985;-70.6623436;ALMIRANTE BARROSO, Santiago, Santiago, Chile
2025-11-29 18:19:46;Santiago;casa;Casa Comercial/oficina En Venta;9950;CLF;9 dormitorios;7 baños;316 m² útiles;9 dormitorios | 7 baños | 316 m² útiles;Pasaje Republica, 0, Barrio República, Santiago;;-33.4488789;-70.6673385;Pasaje Republica, Santiago, Santiago, Chile
2025-11-29 18:19:46;Santiago;casa;Casa Con Encanto;9850;CLF;7 dormitorios;4 baños;305 m² útiles;7 dormitorios | 4 baños | 305 m² útiles;Domeyko, 1 - 300, Barrio República, Santiago;;-33.4565233;-70.6655498;Domeyko, Santiago, Santiago, Chile
2025-11-29 18:19:46;Santiago;casa;Casa En Venta De 5 Dorm. En Santiago;180000000;CLP;5 dormitorios;2 baños;131 m² útiles;5 dormitorios | 2 baños | 131 m² útiles;Miguel Leon Prado, Bogotá - Sierra Bella, Santiago;;-33.4634305;-70.6366589;Miguel Leon Prado, Santiago, Santiago, Chile
2025-11-29 18:19:46;Santiago;casa;Casa En Venta En Concha Y Toro;18900;CLF;16 dormitorios;16 baños;1.117 m² útiles;16 dormitorios | 16 baños | 1.117 m² útiles;Concha Y Toro 38, Santiago, Chile, Barrio Brasil, Santiago;;-33.4455067;-70.6655692;Concha Y Toro 38, Santiago, Santiago, Chile
2025-11-29 18:19:46;Santiago;casa;Casa En Venta En Barrio Yungay;17750;CLF;15 dormitorios;6 baños;503 m² útiles;15 dormitorios | 6 baños | 503 m² útiles;Huerfanos 2871, Santiago, Chile, Barrio Yungay, Santiago;;-33.4421628;-70.6749117;Huerfanos 2871, Santiago, Santiago, Chile
2025-11-29 18:19:46;Santiago;casa;Casa De Fachada Continua Y Casa Comercial;11340;CLF;4 dormitorios;3 baños;251 m² útiles;4 dormitorios | 3 baños | 251 m² útiles;La Fetra 117, Santiago, Chile, Barrio Brasil, Santiago;;-33.4430232;-70.6643753;La Fetra 117, Santiago, Santiago, Chile
2025-11-29 18:19:46;Santiago;casa;Amplia Casa 4 D, 1b, Ideal Para Destinar Al Rubro Comercial;200000000;CLP;4 dormitorios;1 baño;175 m² útiles;4 dormitorios | 1 baño | 175 m² útiles;Esperanza 1280, Santiago, Parque Los Reyes, Santiago;;-33.4301093;-70.6767266;Esperanza 1280, Santiago, Santiago, Chile
2025-11-29 18:19:46;Santiago;casa;Uso Comercial Metro Av. Matta;5700;CLF;5 dormitorios;3 baños;263 m² útiles;5 dormitorios | 3 baños | 263 m² útiles;Chiloé 1200 - 1500, Santiago, Chile, Parque O'Higgins, Santiago;;-33.4630386;-70.6459066;Chiloé 1200 - 1500, Santiago, Santiago, Chile
2025-11-29 18:19:46;Santiago;casa;Oportunidad Casa En Venta De 87m2 3d/1b Santiago Sur;135000000;CLP;3 dormitorios;1 baño;87 m² útiles;3 dormitorios | 1 baño | 87 m² útiles;Pedro Lagos, Santiago Sur, Santiago, Bogotá - Sierra Bella, Santiago;;-33.4647903;-70.6389031;Pedro Lagos, Santiago, Santiago, Chile
2025-11-29 18:19:46;Santiago;casa;Casa En Venta Con Rol Comercial 4d/3b San Ignacio, Santiago;8820;CLF;4 dormitorios;3 baños;404 m² útiles;4 dormitorios | 3 baños | 404 m² útiles;San Ignacio, Santiago Sur (entre Pedro Lagos/Emilia Barros), Parque O'Higgins, Santiago;;-33.474707;-70.6541774;San Ignacio, Santiago, Santiago, Chile
2025-11-29 18:20:07;Santiago;casa;Casa De 2 Pisos En Santiago;230000000;CLP;5 dormitorios;2 baños;167 m² útiles;5 dormitorios | 2 baños | 167 m² útiles;Ñuble 859, Santiago, Parque O'Higgins, Santiago;;-33.46927;-70.6446831;Ñuble 859, Santiago, Santiago, Chile
2025-11-29 18:20:07;Santiago;casa;Casona Para Remodelar En Barrio Yungay Con Patente Comercial;7000;CLF;5 dormitorios;4 baños;240 m² útiles;5 dormitorios | 4 baños | 240 m² útiles;García Reyes 243, Yungay, Santiago, Chile, Barrio Yungay, Santiago;;-33.4425637;-70.671266;García Reyes 243, Santiago, Santiago, Chile
2025-11-29 18:20:07;Santiago;casa;Casa Comercial - Davila Larrain - General Gana ;5100;CLF;6 dormitorios;4 baños;165 m² útiles;6 dormitorios | 4 baños | 165 m² útiles;CARMEN - ÑUBLE, Bogotá - Sierra Bella, Santiago;;-33.4684005;-70.6367295;CARMEN - ÑUBLE, Santiago, Santiago, Chile
2025-11-29 18:20:07;Santiago;casa;Casa Para Remodelar En Artemio Gutiérrez/ñuble;100000000;CLP;4 dormitorios;1 baño;154 m² útiles;4 dormitorios | 1 baño | 154 m² útiles;Artemio Gutiérrez 1873, Santiago, Bogotá - Sierra Bella, Santiago;;-33.4693259;-70.6344825;Artemio Gutiérrez 1873, Santiago, Santiago, Chile
2025-11-29 18:20:07;Santiago;casa;Casa Lira/sierra Bella;7000;CLF;4 dormitorios;2 baños;180 m² útiles;4 dormitorios | 2 baños | 180 m² útiles;Lira/Sierra Bella, Bogotá - Sierra Bella, Santiago;;-33.4709064;-70.6326018;Lira/Sierra Bella, Santiago, Santiago, Chile
2025-11-29 18:20:07;Santiago;casa;Casa Sierra Bella/pedro Lagos;16900;CLF;17 dormitorios;15 baños;293 m² útiles;17 dormitorios | 15 baños | 293 m² útiles;Sierra Bella/Pedro Lagos, Bogotá - Sierra Bella, Santiago;;-33.4640213;-70.6353304;Sierra Bella/Pedro Lagos, Santiago, Santiago, Chile
2025-11-29 18:20:07;Santiago;casa;Casa Atacama/maipu;226000000;CLP;4 dormitorios;4 baños;250 m² totales;4 dormitorios | 4 baños | 250 m² totales;Atacama/Maipu, Parque Los Reyes, Santiago;;-33.5071311;-70.7926203;Atacama/Maipu, Santiago, Santiago, Chile
2025-11-29 18:20:07;Santiago;casa;Se Vende Casa Con Local Comercial En Barrio Yungay;135000000;CLP;5 dormitorios;1 baño;77 m² útiles;5 dormitorios | 1 baño | 77 m² útiles;Yungay 2369, Santiago, Parque Los Reyes, Santiago;;-33.4296345;-70.6711276;Yungay 2369, Santiago, Santiago, Chile
2025-11-29 18:20:07;Santiago;casa;Casa En Venta En Lira;219000000;CLP;4 dormitorios;3 baños;178 m² útiles;4 dormitorios | 3 baños | 178 m² útiles;LIRA / AV MATTA, Santiago;;-33.4512817;-70.6314697;LIRA / AV MATTA, Santiago, Santiago, Chile
2025-11-29 18:20:07;Santiago;casa;Excelente Casa Ubicada En Barrio Patrimonial;380000000;CLP;8 dormitorios;4 baños;317 m² útiles;8 dormitorios | 4 baños | 317 m² útiles;Moneda 2356, Santiago, Barrio Yungay, Santiago;;-33.4440556;-70.6688802;Moneda 2356, Santiago, Santiago, Chile
2025-11-29 18:20:07;Santiago;casa;Propiedad Espectacular Para Inversión!;10000;CLF;15 dormitorios;8 baños;326 m² útiles;15 dormitorios | 8 baños | 326 m² útiles;La Fetra 164, Barrio Brasil, Santiago;;-33.4424607;-70.6645586;La Fetra 164, Santiago, Santiago, Chile
2025-11-29 18:20:07;Santiago;casa;Arauco / Santiago Concha;140000000;CLP;8 dormitorios;2 baños;250 m² útiles;8 dormitorios | 2 baños | 250 m² útiles;ARAUCO / SANTIAGO CONCHA, Franklin - Biobío, Santiago;;-33.4714644;-70.6371333;ARAUCO / SANTIAGO CONCHA, Santiago, Santiago, Chile
2025-11-29 18:20:07;Santiago;casa;Inversión!!! Amplia Y Segura A Casa En Franklin;250000000;CLP;7 dormitorios;2 baños;208 m² útiles;7 dormitorios | 2 baños | 208 m² útiles;Gral. Gana 1500 - 1800, Franklin - Biobío, Santiago;;-33.4566054;-70.718986;Gral. Gana 1500 - 1800, Santiago, Santiago, Chile
2025-11-29 18:20:07;Santiago;casa;Martinez De Rozas Con Garcia Reyes;130000000;CLP;3 dormitorios;1 baño;90 m² útiles;3 dormitorios | 1 baño | 90 m² útiles;Juan Martínez De Rozas 2475, Santiago, Parque Los Reyes, Santiago;;-33.4338949;-70.6718064;Juan Martínez De Rozas 2475, Santiago, Santiago, Chile
2025-11-29 18:20:07;Santiago;casa;En Venta Casa. Un Piso, 4d, 2b, Comuna De Santiago;125000000;CLP;4 dormitorios;2 baños;170 m² útiles;4 dormitorios | 2 baños | 170 m² útiles;Rogelio Ugarte 1550, Santiago, Bogotá - Sierra Bella, Santiago;;-33.4646856;-70.6328722;Rogelio Ugarte 1550, Santiago, Santiago, Chile
2025-11-29 18:20:07;Santiago;casa;Casa De Arquitecto L. Kulczewki ;45000;CLF;35 dormitorios;14 baños;1.500 m² útiles;35 dormitorios | 14 baños | 1.500 m² útiles;Av. Libertador Bernardo O'Higgins 147, 8320136 Santiago, Región Metropolitana, Chile, Barrio Lastarria, Santiago;;-33.4376121;-70.6372055;Av. Libertador Bernardo O'Higgins 147, Santiago, Santiago, Chile
2025-11-29 18:20:07;Santiago;casa;Venta Casa 4d/1b - Santiago;3800;CLF;4 dormitorios;1 baño;112 m² útiles;4 dormitorios | 1 baño | 112 m² útiles;Guillermo Marconi 1992, Bogotá - Sierra Bella, Santiago;;-33.4701527;-70.6277248;Guillermo Marconi 1992, Santiago, Santiago, Chile
2025-11-29 18:20:07;Santiago;casa;Sierra Bella/pedro Lagos/maule;127000000;CLP;2 dormitorios;1 baño;90 m² útiles;2 dormitorios | 1 baño | 90 m² útiles;Artemio Gutiérrez 1500 - 1800, Santiago, Bogotá - Sierra Bella, Santiago;;-33.462253;-70.6363056;Artemio Gutiérrez 1500 - 1800, Santiago, Santiago, Chile
2025-11-29 18:20:07;Santiago;casa;Venta De Casa Excelente Ubicación;2762;CLF;2 dormitorios;2 baños;100 m² útiles;2 dormitorios | 2 baños | 100 m² útiles;Calle Libertad  SN, Parque Los Reyes, Santiago;;-35.124096;-71.1498192;Calle Libertad SN, Santiago, Santiago, Chile
2025-11-29 18:20:07;Santiago;casa;Amplia Casa Tradicional Barrio Concha Y Toro;14050;CLF;10 dormitorios;8 baños;289 m² útiles;10 dormitorios | 8 baños | 289 m² útiles;Concha Y Toro, Santiago, Barrio Brasil, Santiago;;-33.4453565;-70.6661469;Concha Y Toro, Santiago, Santiago, Chile
2025-11-29 18:20:07;Santiago;casa;¡¡gran Oportunidad Inversión!! Propiedad Solida Centro Stgo.;6499;CLF;5 dormitorios;3 baños;170 m² útiles;5 dormitorios | 3 baños | 170 m² útiles;Pedro León Ugalde 1572, Santiago, Bogotá - Sierra Bella, Santiago;;-33.4648579;-70.6315929;Pedro León Ugalde 1572, Santiago, Santiago, Chile
2025-11-29 18:20:07;Santiago;casa;Casa Para Remodelar Condor Calles Condor Con San Francisco;4672;CLF;3 dormitorios;2 baños;160 m² útiles;3 dormitorios | 2 baños | 160 m² útiles;Cóndor 829, Santiago, San Diego, Santiago;;-33.449907;-70.6472658;Cóndor 829, Santiago, Santiago, Chile
2025-11-29 18:20:07;Santiago;casa;Amplia Casa Con Futuro Comercial Plusvalia;230000000;CLP;3 dormitorios;2 baños;330 m² útiles;3 dormitorios | 2 baños | 330 m² útiles;Av. Sta. Rosa 1627, Santiago, Parque O'Higgins, Santiago;;-33.4670978;-70.6426278;Av. Sta. Rosa 1627, Santiago, Santiago, Chile
2025-11-29 18:20:07;Santiago;casa;Casa Habitacional /comercial .sector R. Ugarte. Metro Ñuble ;5020;CLF;3 dormitorios;2 baños;110 m² útiles;3 dormitorios | 2 baños | 110 m² útiles;Rogelio Ugarte 1798, Bogotá - Sierra Bella, Santiago;;-33.4678139;-70.6320227;Rogelio Ugarte 1798, Santiago, Santiago, Chile
2025-11-29 18:20:07;Santiago;casa;Casa En Venta En Arturo Prat Santiago Centro;9500;CLF;14 dormitorios;6 baños;280 m² útiles;14 dormitorios | 6 baños | 280 m² útiles;Arturo Prat 788, Santiago, Chile, San Diego, Santiago;;-33.4549799;-70.6480936;Arturo Prat 788, Santiago, Santiago, Chile
2025-11-29 18:20:07;Santiago;casa;Casa Solida, 6 Dormitorios Amplios, Cercana Metro Av. Matta;4927;CLF;6 dormitorios;1 baño;214 m² útiles;6 dormitorios | 1 baño | 214 m² útiles;Santiago Concha 1100, Santiago, Bogotá - Sierra Bella, Santiago;;-33.4736768;-70.6363609;Santiago Concha 1100, Santiago, Santiago, Chile
2025-11-29 18:20:07;Santiago;casa;Casa En Venta En Toesca Con Patio;130000000;CLP;4 dormitorios;1 baño;97 m² útiles;4 dormitorios | 1 baño | 97 m² útiles;Toesca 2031, Santiago, Chile, Ejército - Toesca, Santiago;;-33.4534895;-70.6635817;Toesca 2031, Santiago, Santiago, Chile
2025-11-29 18:20:07;Santiago;casa;Venta Townhouse Cerca Metro!;5400;CLF;3 dormitorios;3 baños;94 m² útiles;3 dormitorios | 3 baños | 94 m² útiles;Av Portales 3025, Santiago, Barrio Yungay, Santiago;;-33.4441181;-70.6849799;Av Portales 3025, Santiago, Santiago, Chile
2025-11-29 18:20:07;Santiago;casa;Venta De Casa/ Futura Línea 7 Estación Matucana.;3990;CLF;4 dormitorios;1 baño;140 m² útiles;4 dormitorios | 1 baño | 140 m² útiles;Rafael Sotomayor 1267, Santiago, Parque Los Reyes, Santiago;;-33.4297018;-70.6741888;Rafael Sotomayor 1267, Santiago, Santiago, Chile
2025-11-29 18:20:07;Santiago;casa;Casa Mediterránea De 101  Mts 4d 3b  Alberto Sartori Uno Nor;5371;CLF;4 dormitorios;3 baños;101 m² útiles;4 dormitorios | 3 baños | 101 m² útiles;Santiago, Ejército - Toesca;;-33.4420638;-70.6456647;Santiago, Santiago, Santiago, Chile
2025-11-29 18:20:07;Santiago;casa;Casa Barrio Yungay ;183000000;CLP;4 dormitorios;2 baños;131 m² útiles;4 dormitorios | 2 baños | 131 m² útiles;Rafael Sotomayor, Santiago, Barrio Yungay, Santiago;;-33.4426691;-70.6731412;Rafael Sotomayor, Santiago, Santiago, Chile
2025-11-29 18:20:07;Santiago;casa;Casa A La Venta Estilo Colonial,  Piscina, Quincho, Sauna.;8990;CLF;4 dormitorios;3 baños;133 m² útiles;4 dormitorios | 3 baños | 133 m² útiles;21 De Mayo, Santiago, Centro Histórico De Santiago, Santiago;;-33.4358871;-70.6500484;21 De Mayo, Santiago, Santiago, Chile
2025-11-29 18:20:07;Santiago;casa;Venta De Hermosa Casa , Santiago;400000000;CLP;8 dormitorios;6 baños;1.084 m² útiles;8 dormitorios | 6 baños | 1.084 m² útiles;Víctor Manuel 900 - 1200, Santiago, Bogotá - Sierra Bella, Santiago;;-33.4734111;-70.6407066;Víctor Manuel 900 - 1200, Santiago, Santiago, Chile
2025-11-29 18:20:07;Santiago;casa;Rebajada - Oportunidad..!!! Hermosa Casa Cercana Al Metro;185000000;CLP;3 dormitorios;2 baños;144 m² útiles;3 dormitorios | 2 baños | 144 m² útiles;Santiago Concha, Santiago, Chile, Bogotá - Sierra Bella, Santiago;;-33.4736768;-70.6363609;Santiago Concha, Santiago, Santiago, Chile
2025-11-29 18:20:07;Santiago;casa;Vendo Departamento 2d+2b Santiago Centro;99000000;CLP;2 dormitorios;2 baños;50 m² útiles;2 dormitorios | 2 baños | 50 m² útiles;Argomedo 1 - 300, Santiago, Santa Isabel, Santiago;;-33.4498901;-70.6368428;Argomedo 1 - 300, Santiago, Santiago, Chile
2025-11-29 18:20:07;Santiago;casa;Esperanza / Santo Domingo/ 5 Dormitorios, 2 Estacionamientos;6850;CLF;5 dormitorios;2 baños;247 m² útiles;5 dormitorios | 2 baños | 247 m² útiles;Esperanza 591, Santiago, Chile, Barrio Yungay, Santiago;;-33.4383939;-70.6756732;Esperanza 591, Santiago, Santiago, Chile
2025-11-29 18:20:07;Santiago;casa;Se Vende Amplia Casa;6333;CLF;3 dormitorios;1 baño;178 m² útiles;3 dormitorios | 1 baño | 178 m² útiles;Porvenir, Santiago, Barrio Diez De Julio, Santiago;;-33.4562253;-70.6385013;Porvenir, Santiago, Santiago, Chile
2025-11-29 18:20:07;Santiago;casa;Vendo Gran Propiedad 450 Mts Excelente Ubicacion;9450;CLF;14 dormitorios;2 baños;415 m² útiles;14 dormitorios | 2 baños | 415 m² útiles;Huerfanos 2400, Santiago, Chile, Barrio Yungay, Santiago;;-33.4390214;-70.6447417;Huerfanos 2400, Santiago, Santiago, Chile
2025-11-29 18:20:07;Santiago;casa;Casa  , Calle Carmen Precio Rebajado;4540;CLF;4 dormitorios;2 baños;217 m² útiles;4 dormitorios | 2 baños | 217 m² útiles;CARMEN, Bogotá - Sierra Bella, Santiago;;-33.4677855;-70.6368322;CARMEN, Santiago, Santiago, Chile
2025-11-29 18:20:07;Santiago;casa;Casa  , Calle Carmen Precio Rebajado;4540;CLF;4 dormitorios;2 baños;217 m² útiles;4 dormitorios | 2 baños | 217 m² útiles;CARMEN, Santiago;;-33.4677855;-70.6368322;CARMEN, Santiago, Santiago, Chile
2025-11-29 18:20:07;Santiago;casa;Venta Casa , Santiago Sur;5620;CLF;6 dormitorios;3 baños;261 m² útiles;6 dormitorios | 3 baños | 261 m² útiles;ROBERTO ESPINOZA, Parque O'Higgins, Santiago;;-33.4613218;-70.6523281;ROBERTO ESPINOZA, Santiago, Santiago, Chile
2025-11-29 18:20:18;Santiago;casa;Venta Casa Calle Lord Cochrane;4600;CLF;6 dormitorios;2 baños;296 m² útiles;6 dormitorios | 2 baños | 296 m² útiles;LORD COCHRANE, Santiago;;-33.4503743;-70.654608;LORD COCHRANE, Santiago, Santiago, Chile
2025-11-29 18:20:18;Santiago;casa;Casa Centro Santiago, Metro Ñuble, 215 M2, 6 Dormitorios;195000000;CLP;6 dormitorios;2 baños;160 m² útiles;6 dormitorios | 2 baños | 160 m² útiles;Artemio Gutiérrez 1564, Santiago, Bogotá - Sierra Bella, Santiago;;-33.465275;-70.6354215;Artemio Gutiérrez 1564, Santiago, Santiago, Chile
2025-11-29 18:20:18;Santiago;casa;Propiedad De Alta Renta Por Arriendo (7,5% Anual);20000;CLF;5 dormitorios;5 baños;600 m² útiles;5 dormitorios | 5 baños | 600 m² útiles;Av. Vicuña Mackenna 1895, Ñuñoa, Santiago, Bogotá - Sierra Bella, Santiago;;-33.4682839;-70.626413;Av. Vicuña Mackenna 1895, Santiago, Santiago, Chile
2025-11-29 18:20:18;Santiago;casa;Vendo Casa Sector Parque De Los Reyes/barrio Yungay;125000000;CLP;5 dormitorios;1 baño;70 m² útiles;5 dormitorios | 1 baño | 70 m² útiles;Yungay 2369, Santiago, Parque Los Reyes, Santiago;;-33.4296345;-70.6711276;Yungay 2369, Santiago, Santiago, Chile
2025-11-29 18:20:18;Santiago;casa;Oportunidad De Inversión  Casa En Lord Cohrane 1722.;13500;CLF;4 dormitorios;2 baños;246 m² útiles;4 dormitorios | 2 baños | 246 m² útiles;Lord Cochrane 1722, Parque O'Higgins, Santiago;;-33.4692819;-70.6521274;Lord Cochrane 1722, Santiago, Santiago, Chile
2025-11-29 18:20:18;Santiago;casa;Amplia Casa Cercano A Club Hipico;7000;CLF;3 dormitorios;1 baño;100 m² útiles;3 dormitorios | 1 baño | 100 m² útiles;Los Canelos 1555, Santiago, Club Hípico, Santiago;;-33.4678318;-70.6747952;Los Canelos 1555, Santiago, Santiago, Chile
2025-11-29 18:20:18;Santiago;casa;Casas En Venta Sector Privilegiado De Santiago Centro;8500;CLF;5 dormitorios;3 baños;370 m² útiles;5 dormitorios | 3 baños | 370 m² útiles;Arauco 528, Santiago, Franklin - Biobío, Santiago;;-33.4714764;-70.6364299;Arauco 528, Santiago, Santiago, Chile
2025-11-29 18:20:18;Santiago;casa;Se Vende Casa Cerca Metro Ñuble En Avenida Portugal ;163000000;CLP;4 dormitorios;2 baños;130 m² útiles;4 dormitorios | 2 baños | 130 m² útiles;Avenida Portugal  1909, Bogotá - Sierra Bella, Santiago;;-33.4693347;-70.6299241;Avenida Portugal 1909, Santiago, Santiago, Chile
2025-11-29 18:20:18;Santiago;casa;Casa En Barrio Universitario A Pasos Del Metro;7400;CLF;4 dormitorios;1 baño;149 m² útiles;4 dormitorios | 1 baño | 149 m² útiles;Abdón Cifuentes, Santiago, Chile, Barrio República, Santiago;;-33.4493147;-70.6657557;Abdón Cifuentes, Santiago, Santiago, Chile
2025-11-29 18:20:18;Santiago;casa;Casona Comercial En Compañía;12000;CLF;14 dormitorios;3 baños;700 m² útiles;14 dormitorios | 3 baños | 700 m² útiles;Compañía De Jesús 2691, Santiago, Barrio Yungay, Santiago;;-33.4407058;-70.6731417;Compañía De Jesús 2691, Santiago, Santiago, Chile
2025-11-29 18:20:18;Santiago;casa;Oportunidad Única En Santiago Centro;400000000;CLP;4 dormitorios;1 baño;585 m² útiles;4 dormitorios | 1 baño | 585 m² útiles;Sta. Margarita 1751, Santiago, Estación Central, Club Hípico, Santiago;;-33.4700926;-70.6768699;Sta. Margarita 1751, Santiago, Santiago, Chile
2025-11-29 18:20:18;Santiago;casa;Gran Casa En Sector Del Barrio Madrid;8300;CLF;8 dormitorios;2 baños;341 m² útiles;8 dormitorios | 2 baños | 341 m² útiles;Lira 1000, 8330855 Santiago, Región Metropolitana, Chile, Barrio Diez De Julio, Santiago;;-33.4600701;-70.6355209;Lira 1000, Santiago, Santiago, Chile
2025-11-29 18:20:18;Santiago;casa;Casa Avenida España 380 Mts2;650000000;CLP;10 dormitorios;1 baño;380 m² útiles;10 dormitorios | 1 baño | 380 m² útiles;Avenida España 491, Barrio República, Santiago;;-33.4548607;-70.669312;Avenida España 491, Santiago, Santiago, Chile
2025-11-29 18:20:18;Santiago;casa;Casa Con Living Comedor 3 Dormitorios Y 1 Baño ;280000000;CLP;3 dormitorios;1 baño;100 m² útiles;3 dormitorios | 1 baño | 100 m² útiles;Los Canelos  1555, Club Hípico, Santiago;;-33.4678318;-70.6747952;Los Canelos 1555, Santiago, Santiago, Chile
2025-11-29 18:20:18;Santiago;casa;Propiedad Central Apta Vivienda, Comercio, Hospedaje,taller;8190;CLF;4 dormitorios;2 baños;280 m² útiles;4 dormitorios | 2 baños | 280 m² útiles;Lord Cochrane 843, 8330880 Santiago, Región Metropolitana, Chile, Parque Almagro, Santiago;;-33.4567712;-70.653912;Lord Cochrane 843, Santiago, Santiago, Chile
2025-11-29 18:20:18;Santiago;casa;Casa Grande Excelente Plusvalia;11300;CLF;6 dormitorios;3 baños;300 m² útiles;6 dormitorios | 3 baños | 300 m² útiles;Almirante Latorre  180, Ejército - Toesca, Santiago;;-33.449926;-70.6645828;Almirante Latorre 180, Santiago, Santiago, Chile
2025-11-29 18:20:18;Santiago;casa;Casa En Venta, Local, 7 Habitaciones, 4 Baños;125000000;CLP;7 dormitorios;4 baños;186 m² útiles;7 dormitorios | 4 baños | 186 m² útiles;Av. Pdte. Balmaceda 2386, Santiago, Chile, Parque Los Reyes, Santiago;;-33.4318842;-70.6572937;Av. Pdte. Balmaceda 2386, Santiago, Santiago, Chile
2025-11-29 18:20:18;Santiago;casa;Casa Stgo;159500000;CLP;4 dormitorios;1 baño;140 m² totales;4 dormitorios | 1 baño | 140 m² totales;Victor Manuel SN, Franklin - Biobío, Santiago;;-33.4672937;-70.6412582;Victor Manuel SN, Santiago, Santiago, Chile
2025-11-29 18:20:18;Santiago;casa;Casa 5 Dormitorios Y 3 Baños ;200000000;CLP;5 dormitorios;3 baños;2.500.000 m² útiles;5 dormitorios | 3 baños | 2.500.000 m² útiles;Avenida Viel 1842, Franklin - Biobío, Santiago;;-33.4583194;-70.6565147;Avenida Viel 1842, Santiago, Santiago, Chile
2025-11-29 18:20:18;Santiago;casa;Casa Remodelada En Barrio Patrimonial;7500;CLF;3 dormitorios;2 baños;110 m² útiles;3 dormitorios | 2 baños | 110 m² útiles;Rogelio Ugarte 1360, Santiago, Bogotá - Sierra Bella, Santiago;;-33.4608535;-70.6339295;Rogelio Ugarte 1360, Santiago, Santiago, Chile
2025-11-29 18:20:18;Santiago;casa;Venta Directa Por Dueño  Departamento 2 Dormitorios, 2 Baño;90000000;CLP;2 dormitorios;2 baños;47 m² útiles;2 dormitorios | 2 baños | 47 m² útiles;Lord Cochrane, Santiago, Parque O'Higgins, Santiago;;-33.4503743;-70.654608;Lord Cochrane, Santiago, Santiago, Chile
2025-11-29 18:20:18;Santiago;casa;Linda Casa. Se Vende Excelente Propiedad Excelente Ubicación;180000000;CLP;3 dormitorios;1 baño;52 m² útiles;3 dormitorios | 1 baño | 52 m² útiles;Santiago, Barrio República;;-33.4420638;-70.6456647;Santiago, Santiago, Santiago, Chile
2025-11-29 18:20:18;Santiago;casa;Casa En Venta De 2 Dorm. En Santiago;12900;CLF;2 dormitorios;;312 m² útiles;2 dormitorios | 312 m² útiles;Compañia/ Libertad, Santiago;;-33.5506015;-70.6457984;Compañia/ Libertad, Santiago, Santiago, Chile
