fecha_extraccion;comuna;tipo_propiedad;titulo;precio;moneda;dormitorios;banos;metros_utiles;caracteristicas_raw;ubicacion;url;latitud;longitud;direccion_geocoded
2025-11-29 17:05:26;Estación Central;departamento;Edificio Ecuador - Norte Verde;2405;CLF;Estudio a 2 dormitorios;1 baño;22 - 42 m² útiles;Estudio a 2 dormitorios | 1 baño | 22 - 42 m² útiles;Coronel Godoy 0157, Estación Central, San Alberto Hurtado, Estación Central;;-33.45533981061462;-70.69316768265847;Coronel Godoy 0157, Estación Central, Santiago, Chile
2025-11-29 17:05:26;Estación Central;departamento;Edificio Ecuador;1975;CLF;Estudio a 2 dormitorios;1 baño;22 - 42 m² útiles;Estudio a 2 dormitorios | 1 baño | 22 - 42 m² útiles;Coronel Godoy 0157, Estación Central, San Alberto Hurtado, Estación Central;;-33.45533981061462;-70.69316768265847;Coronel Godoy 0157, Estación Central, Santiago, Chile
2025-11-29 17:05:26;Estación Central;departamento;Edificio Coronel Souper;1880;CLF;1 dormitorio;1 baño;32 m² útiles;1 dormitorio | 1 baño | 32 m² útiles;Coronel Souper 4438, San Alberto Hurtado, Estación Central;;-33.458517900000004;-70.69543448538855;Coronel Souper 4438, Estación Central, Santiago, Chile
2025-11-29 17:05:26;Estación Central;departamento;Conde Del Maule 4236;1790;CLF;1 a 2 dormitorios;1 a 2 baños;33 - 57 m² útiles;1 a 2 dormitorios | 1 a 2 baños | 33 - 57 m² útiles;Conde Del Maule 4236, San Alberto Hurtado, Estación Central;;-33.453636;-70.69463650338187;Conde Del Maule 4236, Estación Central, Santiago, Chile
2025-11-29 17:05:26;Estación Central;departamento;Edificio Amengual;3422;CLF;2 dormitorios;2 baños;48 - 57 m² útiles;2 dormitorios | 2 baños | 48 - 57 m² útiles;Cnel. Souper 4515, Metro Ecuador, Estación Central;;-33.45840905;-70.69699099182506;Cnel. Souper 4515, Estación Central, Santiago, Chile
2025-11-29 17:05:26;Estación Central;departamento;Barrio Parque Santiago;2368;CLF;2 a 3 dormitorios;1 a 2 baños;40 - 54 m² útiles;2 a 3 dormitorios | 1 a 2 baños | 40 - 54 m² útiles;Los Gladiolos 4799, Santiago, Estación Central, Chile, Metro Ecuador, Estación Central;;-33.4489016;-70.68162370843888;Los Gladiolos 4799, Estación Central, Santiago, Chile
2025-11-29 17:05:26;Estación Central;departamento;Edificio Toro Mazote;2100;CLF;1 a 2 dormitorios;1 a 2 baños;30 - 43 m² útiles;1 a 2 dormitorios | 1 a 2 baños | 30 - 43 m² útiles;Toro Mazote 150, San Alberto Hurtado, Estación Central;;-33.45656045;-70.69108355282131;Toro Mazote 150, Estación Central, Santiago, Chile
2025-11-29 17:05:26;Estación Central;departamento;Edificio Caiquén;1450;CLF;1 a 2 dormitorios;1 a 2 baños;24 - 47 m² útiles;1 a 2 dormitorios | 1 a 2 baños | 24 - 47 m² útiles;María Rozas Velásquez 45, Metro Las Rejas, Estación Central;;-33.46296405901639;-70.69750418360657;María Rozas Velásquez 45, Estación Central, Santiago, Chile
2025-11-29 17:05:26;Estación Central;departamento;Eco Estación;1761;CLF;Estudio a 2 dormitorios;1 a 2 baños;28 - 50 m² útiles;Estudio a 2 dormitorios | 1 a 2 baños | 28 - 50 m² útiles;Placilla 65, Santiago, Estación Central, San Alberto Hurtado, Estación Central;;-33.45601105;-70.69454646230245;Placilla 65, Estación Central, Santiago, Chile
2025-11-29 17:05:26;Estación Central;departamento;Ciudadano Pezoa;2219;CLF;Estudio a 2 dormitorios;1 a 2 baños;23 - 48 m² útiles;Estudio a 2 dormitorios | 1 a 2 baños | 23 - 48 m² útiles;Carlos Pezoa Véliz 190, Estación Central, Metro Las Rejas, Estación Central;;-33.45575955203821;-70.70305514685388;Carlos Pezoa Véliz 190, Estación Central, Santiago, Chile
2025-11-29 17:05:26;Estación Central;departamento;Departamento En Venta De 1 Dorm. En Estación Central;1650;CLF;1 dormitorio;1 baño;32 m² útiles;1 dormitorio | 1 baño | 32 m² útiles;AV. VICTOR JARA / AV. ALAMEDA LIBERTADOR BERNARDO O´HIGGINS, Universidad De Santiago, Estación Central;;-33.458128343463116;-70.708338836907;AV. VICTOR JARA / AV. ALAMEDA LIBERTADOR BERNARDO O´HIGGINS, Estación Central, Santiago, Chile
2025-11-29 17:05:26;Estación Central;departamento;Oportunidad! 2 Dorm 2 Baños, Uno En Suite, Metro;63000000;CLP;2 dormitorios;2 baños;43 m² útiles;2 dormitorios | 2 baños | 43 m² útiles;REAL OPORTUNIDAD!!  Av. Ecuador, 4707, Metro Ecuador, Estación Central;;-33.45259369917749;-70.69621462893853;Av. Ecuador, Estación Central, Santiago, Chile
2025-11-29 17:05:26;Estación Central;departamento;Depto 2 Dorm. Av Ecuador 3866 Metro Venta Sin Comisión;2190;CLF;2 dormitorios;2 baños;46 m² útiles;2 dormitorios | 2 baños | 46 m² útiles;Av. Ecuador 3866, San Alberto Hurtado, Estación Central;;-33.4559226;-70.6997325;Av. Ecuador 3866, Estación Central, Santiago, Chile
2025-11-29 17:05:26;Estación Central;departamento;Av. Ecuador 3866, 2 Dormitorios, Sin Comisión;1890;CLF;2 dormitorios;2 baños;48 m² útiles;2 dormitorios | 2 baños | 48 m² útiles;Av. Ecuador 3866, Estación Central, San Alberto Hurtado, Estación Central;;-33.4559226;-70.6997325;Av. Ecuador 3866, Estación Central, Santiago, Chile
2025-11-29 17:05:26;Estación Central;departamento;Departamento 2 Dormitorios Coronel Souper 4158 Sin Comision;1390;CLF;2 dormitorios;1 baño;43 m² útiles;2 dormitorios | 1 baño | 43 m² útiles;Coronel Souper 4158, Santiago, Estación Central, Chile, San Alberto Hurtado, Estación Central;;-33.45757055;-70.69191857908524;Coronel Souper 4158, Estación Central, Santiago, Chile
2025-11-29 17:05:26;Estación Central;departamento;Departamento En Venta En San Alberto Hurtado;1700;CLF;2 dormitorios;1 baño;43 m² útiles;2 dormitorios | 1 baño | 43 m² útiles;Manuel Vásquez Rojas 4125, 9.1599e+06 - 9.1602e+06 Estación Central, Región Metropolitana, Chile, San Alberto Hurtado, Estación Central;;-33.45523246;-70.6921775;Manuel Vásquez Rojas 4125, Estación Central, Santiago, Chile
2025-11-29 17:05:26;Estación Central;departamento;Dpto 2d+2b+1e | Excelente Ubicación | Ideal Para Inversión;84000000;CLP;2 dormitorios;2 baños;58 m² útiles;2 dormitorios | 2 baños | 58 m² útiles;Toro Mazote 64, Santiago, Estación Central, San Alberto Hurtado, Estación Central;;-33.455093500000004;-70.69169781139792;Toro Mazote 64, Estación Central, Santiago, Chile
2025-11-29 17:05:26;Estación Central;departamento;Alameda 4103 2dorm, Estac.bod. Metro P.hurtado;2200;CLF;2 dormitorios;1 baño;45 m² útiles;2 dormitorios | 1 baño | 45 m² útiles;Avenida Libertador Bernardo O'Higgins 4103, Santiago, Estación Central, Santiago, Chile, San Alberto Hurtado, Estación Central;;-33.453686149999996;-70.69258189282934;Avenida Libertador Bernardo O'Higgins 4103, Estación Central, Santiago, Chile
2025-11-29 17:05:26;Estación Central;departamento;¡tu Nuevo Hogar Te Espera En Estación Central!;2495;CLF;2 dormitorios;1 baño;40 m² útiles;2 dormitorios | 1 baño | 40 m² útiles;VENDO DEPARTAMENTO, BODEGA Y EST. CERCA DEL METRO ECUADOR, Metro Ecuador, Estación Central;;-33.4526319;-70.6958314;Y ECUADOR, Estación Central, Santiago, Chile
2025-11-29 17:05:26;Estación Central;departamento;Depto Metro San Alberto Hurtado Depto 2hab 2b 1e 1bod;2719;CLF;2 dormitorios;2 baños;45 m² útiles;2 dormitorios | 2 baños | 45 m² útiles;Av. Alameda Libertador Bernardo O'Higgins 4103, Estación Central, San Alberto Hurtado, Estación Central;;-33.4489016;-70.68162370843888;Av. Alameda Libertador Bernardo O'Higgins 4103, Estación Central, Santiago, Chile
2025-11-29 17:05:26;Estación Central;departamento;Lindo Departamento, Metro, Vista Despejada, Seguro Tranquilo;1860;CLF;2 dormitorios;1 baño;44 m² útiles;2 dormitorios | 1 baño | 44 m² útiles;San Gumercindo 77, Estación Central, San Alberto Hurtado, Estación Central;;-33.45141815;-70.6949413593066;San Gumercindo 77, Estación Central, Santiago, Chile
2025-11-29 17:05:26;Estación Central;departamento;Vive Conectado: Moderno Estudio Nuevo, Cerca  Metro Ecuador ;1460;CLF;;1 baño;16 m² útiles;1 baño | 16 m² útiles;VENDO ESTUDIO CERCA DEL METRO  ECUADOR Y PADRE H., San Alberto Hurtado, Estación Central;;-33.4559226;-70.6997325;ESTUDIO ECUADOR Y PADRE H., Estación Central, Santiago, Chile
2025-11-29 17:05:26;Estación Central;departamento;Vendo Departamento (dueño) 1d + 1b (se Aceptan Subsidios);59000000;CLP;1 dormitorio;1 baño;38 m² útiles;1 dormitorio | 1 baño | 38 m² útiles;Avenida Padre Alberto Hurtado 0131, Santiago, Estación Central, Chile, Universidad De Santiago, Estación Central;;-33.4542019;-70.6922721;Avenida Padre Alberto Hurtado 0131, Estación Central, Santiago, Chile
2025-11-29 17:05:26;Estación Central;departamento;Departamento 2 Habitaciones 1 Baño,coronel Souper;1450;CLF;2 dormitorios;1 baño;45 m² útiles;2 dormitorios | 1 baño | 45 m² útiles;Cnel. Souper 4060, Estación Central, San Alberto Hurtado, Estación Central;;-33.45759365;-70.69053248762756;Cnel. Souper 4060, Estación Central, Santiago, Chile
2025-11-29 17:05:26;Estación Central;departamento;Venta Departamento Estación Central 2d 1b 48 Mt2;54000000;CLP;2 dormitorios;1 baño;48 m² útiles;2 dormitorios | 1 baño | 48 m² útiles;Av. 5 De Abril / Aeropuerto, Villa Francia, Estación Central;;-33.4675436;-70.7112195;Av. 5 De Abril / Aeropuerto, Estación Central, Santiago, Chile
2025-11-29 17:05:26;Estación Central;departamento;Venta Dpto Estación Central 2d 41 Mt2 M San Alberto Hurtado;60000000;CLP;2 dormitorios;1 baño;36 m² útiles;2 dormitorios | 1 baño | 36 m² útiles;Toro Mazote / Manuel Thompson, San Alberto Hurtado, Estación Central;;-33.459468446430705;-70.69061060993947;Toro Mazote / Manuel Thompson, Estación Central, Santiago, Chile
2025-11-29 17:05:26;Estación Central;departamento;Se Vende Hermoso Dep 1d1b C/ Bod Casi Nuevo ;1900;CLF;1 dormitorio;1 baño;32 m² útiles;1 dormitorio | 1 baño | 32 m² útiles;Av. Ecuador 5079, Santiago, Estación Central, Metro Las Rejas, Estación Central;;-33.4548133;-70.7039546651065;Av. Ecuador 5079, Estación Central, Santiago, Chile
2025-11-29 17:05:26;Estación Central;departamento;Metro Ecuador  1 Dorm 1 Baño Terraza;2100;CLF;1 dormitorio;1 baño;34 m² útiles;1 dormitorio | 1 baño | 34 m² útiles;Radal 066, Santiago, Estación Central, Chile, Metro Ecuador, Estación Central;;-33.4536375;-70.6898654;Radal 066, Estación Central, Santiago, Chile
2025-11-29 17:05:26;Estación Central;departamento;Oportunidad: Dpto. Estilo Mariposa 2d + 2b + Terr + Est.sub.;1897;CLF;2 dormitorios;2 baños;48 m² útiles;2 dormitorios | 2 baños | 48 m² útiles;Nicasio Retamales 115, Estación Central, Universidad De Santiago, Estación Central;;-33.45184457916666;-70.68966457083333;Nicasio Retamales 115, Estación Central, Santiago, Chile
2025-11-29 17:05:26;Estación Central;departamento;Vende Su Dueño Acepto Ofertas 3dormitorio, 1 Estac, 1 Bodega;2250;CLF;3 dormitorios;1 baño;49 m² útiles;3 dormitorios | 1 baño | 49 m² útiles;Pje Titán 4909, Santiago, Estación Central, Región Metropolitana, Chile, Metro Las Rejas, Estación Central;;-33.45879711764706;-70.70361056470588;Pje Titán 4909, Estación Central, Santiago, Chile
2025-11-29 17:05:26;Estación Central;departamento;Metro Pajaritos | 3d 2b Amplio Dpto En V. Verde Est. Central;156000000;CLP;3 dormitorios;2 baños;80 m² útiles;3 dormitorios | 2 baños | 80 m² útiles;Oceánica 6251, Estación Central, Metro Pajaritos, Estación Central;;-33.4536375;-70.6898654;Oceánica 6251, Estación Central, Santiago, Chile
2025-11-29 17:05:26;Estación Central;departamento;Departamento En Venta En Estación Central;53000000;CLP;1 dormitorio;1 baño;16 m² útiles;1 dormitorio | 1 baño | 16 m² útiles;Concón 160, Santiago, Estación Central, Chile, San Alberto Hurtado, Estación Central;;-33.45306722051282;-70.69666252307692;Concón 160, Estación Central, Santiago, Chile
2025-11-29 17:05:26;Estación Central;departamento;Departamento 1d 1b Metro Ecuador ;1600;CLF;1 dormitorio;1 baño;42 m² útiles;1 dormitorio | 1 baño | 42 m² útiles;Avenida Ecuador 4707, Santiago, Estación Central, Chile, Metro Ecuador, Estación Central;;-33.45321765;-70.6993318530319;Avenida Ecuador 4707, Estación Central, Santiago, Chile
2025-11-29 17:05:26;Estación Central;departamento;Se Vende Departamento 2d+1b Vista Panorámica Metro Las Rejas;2100;CLF;2 dormitorios;1 baño;48 m² útiles;2 dormitorios | 1 baño | 48 m² útiles;Av. María Rozas Velásquez 45, Metro Las Rejas, Estación Central;;-33.4501577831486;-70.70680027112631;Av. María Rozas Velásquez 45, Estación Central, Santiago, Chile
2025-11-29 17:05:26;Estación Central;departamento;Departamento En Venta En Estación Central Cochera;60000000;CLP;2 dormitorios;1 baño;44 m² útiles;2 dormitorios | 1 baño | 44 m² útiles;Conde Del Maule 4634, Estación Central, Metro Ecuador, Estación Central;;-33.454838764516126;-70.70002067419355;Conde Del Maule 4634, Estación Central, Santiago, Chile
2025-11-29 17:05:26;Estación Central;departamento;Oferta! Depto 1d-1b. Metro Ecuador. Excelente Conectividad;1600;CLF;1 dormitorio;1 baño;35 m² útiles;1 dormitorio | 1 baño | 35 m² útiles;Radal, Santiago, Estación Central, Chile, Metro Ecuador, Estación Central;;-33.45623561595505;-70.70110417417816;Radal, Estación Central, Santiago, Chile
2025-11-29 17:05:26;Estación Central;departamento;Oportunidad Moderno Depto 1d+1b Conde Del Maule, Est Central;65000000;CLP;1 dormitorio;1 baño;34 m² útiles;1 dormitorio | 1 baño | 34 m² útiles;Conde Del Maule, Santiago, Estación Central, Chile, Estación Central;;-33.45338413192823;-70.69449248051292;Conde Del Maule, Estación Central, Santiago, Chile
2025-11-29 17:05:26;Estación Central;departamento;Departamento Excelente Ubicacion;2300;CLF;2 dormitorios;1 baño;43 m² útiles;2 dormitorios | 1 baño | 43 m² útiles;Av. María Rozas Velásquez 61, Santiago, Estación Central, Metro Las Rejas, Estación Central;;-33.4537755;-70.70570847947258;Av. María Rozas Velásquez 61, Estación Central, Santiago, Chile
2025-11-29 17:05:26;Estación Central;departamento;Departamento Estilo Mariposa En La Mejor Ubicacion;1850;CLF;2 dormitorios;1 baño;40 m² útiles;2 dormitorios | 1 baño | 40 m² útiles;Coronel Godoy 1 - 300, Estación Central, Santiago, San Alberto Hurtado, Estación Central;;-33.45533981061462;-70.69316768265847;Coronel Godoy 1 - 300, Estación Central, Santiago, Chile
2025-11-29 17:05:26;Estación Central;departamento;Departamento En Impecable Estado;1350;CLF;1 dormitorio;1 baño;30 m² útiles;1 dormitorio | 1 baño | 30 m² útiles;Coronel Godoy 1 - 300, Estación Central, Santiago, San Alberto Hurtado, Estación Central;;-33.45533981061462;-70.69316768265847;Coronel Godoy 1 - 300, Estación Central, Santiago, Chile
2025-11-29 17:05:26;Estación Central;departamento;Se Vende Departamento Estación Central/constantino/metro;1900;CLF;1 dormitorio;1 baño;28 m² útiles;1 dormitorio | 1 baño | 28 m² útiles;Constantino 141, San Alberto Hurtado, Estación Central;;-33.45040245;-70.69602711992621;Constantino 141, Estación Central, Santiago, Chile
2025-11-29 17:05:26;Estación Central;departamento;Depto Mariposa Con Renta Activa;2180;CLF;2 dormitorios;2 baños;43 m² útiles;2 dormitorios | 2 baños | 43 m² útiles;Universidad De Santiago, Estación Central;;-33.4489016;-70.68162370843888;Universidad De Santiago, Estación Central, Santiago, Chile
2025-11-29 17:05:26;Estación Central;departamento;Rebaja Total Departamento Para Inversión Estacion Central;950;CLF;1 dormitorio;1 baño;28 m² útiles;1 dormitorio | 1 baño | 28 m² útiles;Coronel Souper, Santiago, Estación Central, Chile, San Alberto Hurtado, Estación Central;;-33.4587970769033;-70.6976990807524;Coronel Souper, Estación Central, Santiago, Chile
2025-11-29 17:05:26;Estación Central;departamento;En Oferta Departamento Estacion Central Edificio Ecuador;2100;CLF;3 dormitorios;1 baño;60 m² útiles;3 dormitorios | 1 baño | 60 m² útiles;Estación Central, Metro Ecuador;;-33.4536375;-70.6898654;Estación Central, Estación Central, Santiago, Chile
2025-11-29 17:05:26;Estación Central;departamento;Departamento A Pasos De Universidad De Santiago...;2190;CLF;2 dormitorios;2 baños;50 m² útiles;2 dormitorios | 2 baños | 50 m² útiles;C. Obispo Manuel Umana Salinas 033, Santiago, Estación Central, Universidad De Santiago, Estación Central;;-33.458038895701236;-70.68404530931114;C. Obispo Manuel Umana Salinas 033, Estación Central, Santiago, Chile
2025-11-29 17:05:26;Estación Central;departamento;Estudio Dormitorio Al Lado Del Metro Ecuador;940;CLF;1 dormitorio;1 baño;25 m² útiles;1 dormitorio | 1 baño | 25 m² útiles;Cnel. Souper, Estación Central, San Alberto Hurtado, Estación Central;;-33.4536375;-70.6898654;Cnel. Souper, Estación Central, Santiago, Chile
2025-11-29 17:05:26;Estación Central;departamento;"Departamento Como Nuevo,2 Dorm&#43; 2 Baños, Sector Met. Ecu";2200;CLF;2 dormitorios;2 baños;53 m² útiles;2 dormitorios | 2 baños | 53 m² útiles;Coronel Souper/ Metro Ecuador, Metro Ecuador, Estación Central;;-33.4559226;-70.6997325;Coronel Souper/ Ecuador, Estación Central, Santiago, Chile
2025-11-29 17:05:26;Estación Central;departamento;Departamento En Venta De 2 Dorm. En Estación Central;2400;CLF;2 dormitorios;2 baños;50 m² útiles;2 dormitorios | 2 baños | 50 m² útiles;Santa Petronila/METRO ECUADOR, Metro Las Rejas, Estación Central;;-33.4551858;-70.7039451;Santa Petronila/ ECUADOR, Estación Central, Santiago, Chile
2025-11-29 17:06:00;Estación Central;departamento;Inversionistas /  Metro San Alberto Hurtado / Usach;1250;CLF;1 dormitorio;1 baño;21 m² útiles;1 dormitorio | 1 baño | 21 m² útiles;Conde Del Maule 4364, 9170374 Estación Central, Región Metropolitana, Chile, San Alberto Hurtado, Estación Central;;-33.4540918;-70.69579746259737;Conde Del Maule 4364, Estación Central, Santiago, Chile
2025-11-29 17:06:00;Estación Central;departamento;Metro San Alberto Hurtado / Oportunidad Inversionistas;1500;CLF;1 dormitorio;1 baño;28 m² útiles;1 dormitorio | 1 baño | 28 m² útiles;Conde Del Maule 4364, 9170374 Estación Central, Región Metropolitana, Chile, San Alberto Hurtado, Estación Central;;-33.4540918;-70.69579746259737;Conde Del Maule 4364, Estación Central, Santiago, Chile
2025-11-29 17:06:00;Estación Central;departamento;Oportunidad En Estación Central Gran Conectividad;2950;CLF;2 dormitorios;2 baños;49 m² útiles;2 dormitorios | 2 baños | 49 m² útiles;Conde Del Maule, 1 - 300, Estación Central;;-33.45338413192823;-70.69449248051292;Conde Del Maule, Estación Central, Santiago, Chile
2025-11-29 17:06:00;Estación Central;departamento;Tu Nuevo Hogar Para Tu Familia;2850;CLF;2 dormitorios;2 baños;47 m² útiles;2 dormitorios | 2 baños | 47 m² útiles;Conde Del Maule, 1 - 300, Estación Central;;-33.45338413192823;-70.69449248051292;Conde Del Maule, Estación Central, Santiago, Chile
2025-11-29 17:06:00;Estación Central;departamento;Estación Central - Cercano A Metro San Alberto Hurtado;1500;CLF;1 dormitorio;1 baño;30 m² útiles;1 dormitorio | 1 baño | 30 m² útiles;Conde Del Maule 4200 - 4500, Estación Central, San Alberto Hurtado, Estación Central;;-33.4533197;-70.6939689;Conde Del Maule 4200 - 4500, Estación Central, Santiago, Chile
2025-11-29 17:06:00;Estación Central;departamento;Departamento Lado Metro Alberto Hurtado, Estación Central. ;58000000;CLP;1 dormitorio;1 baño;35 m² útiles;1 dormitorio | 1 baño | 35 m² útiles;Av. Padre Alberto Hurtado 1 - 300, Estación Central, San Alberto Hurtado, Estación Central;;-33.4655554;-70.6992341;Av. Padre Alberto Hurtado 1 - 300, Estación Central, Santiago, Chile
2025-11-29 17:06:00;Estación Central;departamento;Departamento En Venta Inversion;1650;CLF;1 dormitorio;1 baño;32 m² útiles;1 dormitorio | 1 baño | 32 m² útiles;AV. VICTOR JARA / AV. ALAMEDA LIBERTADOR BERNARDO O´HIGGINS, Universidad De Santiago, Estación Central;;-33.458128343463116;-70.708338836907;AV. VICTOR JARA / AV. ALAMEDA LIBERTADOR BERNARDO O´HIGGINS, Estación Central, Santiago, Chile
2025-11-29 17:06:00;Estación Central;departamento;Se Vende Departamento En Estación Central 3d 1b;80000000;CLP;3 dormitorios;1 baño;43 m² útiles;3 dormitorios | 1 baño | 43 m² útiles;Pasaje Titán 4870, Santiago, Estación Central, Chile, Metro Las Rejas, Estación Central;;-33.4489016;-70.68162370843888;Pasaje Titán 4870, Estación Central, Santiago, Chile
2025-11-29 17:06:00;Estación Central;departamento;Depto. Obispo Umaña 033 (2d 1b E);70000000;CLP;2 dormitorios;1 baño;40 m² útiles;2 dormitorios | 1 baño | 40 m² útiles;Obispo Umaña 033, Santiago, Estación Central, Chile, Universidad De Santiago, Estación Central;;-33.458038895701236;-70.68404530931114;Obispo Umaña 033, Estación Central, Santiago, Chile
2025-11-29 17:06:00;Estación Central;departamento;Venta Departamento Estacion Central 1 D 1 B;52900000;CLP;1 dormitorio;1 baño;29 m² útiles;1 dormitorio | 1 baño | 29 m² útiles;Toro Mazotte 76, Estación Central, San Alberto Hurtado, Estación Central;;-33.455381;-70.69151716262756;Toro Mazotte 76, Estación Central, Santiago, Chile
2025-11-29 17:06:00;Estación Central;departamento;Departamento En Venta De 1 Dorm. En Estación Central;46990000;CLP;1 dormitorio;1 baño;32 m² útiles;1 dormitorio | 1 baño | 32 m² útiles;Entre Ecuador Y Embajador Quintana, San Alberto Hurtado, Estación Central;;-33.45108880740964;-70.69516947010477;Entre Ecuador Y Embajador Quintana, Estación Central, Santiago, Chile
2025-11-29 17:06:00;Estación Central;departamento;Departamento En Venta De 2 Dorm. En Santiago;2950;CLF;2 dormitorios;2 baños;50 m² útiles;2 dormitorios | 2 baños | 50 m² útiles;Radal 068, Metro Ecuador, Estación Central;;-33.4536375;-70.6898654;Radal 068, Estación Central, Santiago, Chile
2025-11-29 17:06:00;Estación Central;departamento;Amplio Departamento En Condominio Torres Del Valle;199000000;CLP;3 dormitorios;2 baños;85 m² útiles;3 dormitorios | 2 baños | 85 m² útiles;Avenida Laguna Sur 6251, Santiago, Estación Central, Chile, Metro Pajaritos, Estación Central;;-33.47463030344827;-70.69823152413792;Avenida Laguna Sur 6251, Estación Central, Santiago, Chile
2025-11-29 17:06:00;Estación Central;departamento;Dpto. 1d+1b  Estación Central;2200;CLF;1 dormitorio;1 baño;33 m² útiles;1 dormitorio | 1 baño | 33 m² útiles;Coronel Souper, 1 - 300, Metro Ecuador, Estación Central;;-33.4587970769033;-70.6976990807524;Coronel Souper, Estación Central, Santiago, Chile
2025-11-29 17:06:00;Estación Central;departamento;Depto. Venta 1d 1b Oriente, Metro Ecuador, Est. Central.;52600000;CLP;1 dormitorio;1 baño;33 m² útiles;1 dormitorio | 1 baño | 33 m² útiles;Alameda Francisco Zelada, Metro Ecuador, Estación Central;;-33.452344;-70.6790609;Alameda Francisco Zelada, Estación Central, Santiago, Chile
2025-11-29 17:06:00;Estación Central;departamento;Oportunidad 2d/2b/estacionamiento/ A Pasos Metro Ecuador;2828;CLF;2 dormitorios;2 baños;50 m² útiles;2 dormitorios | 2 baños | 50 m² útiles;Metro Ecuador / Coronel Souper, Metro Ecuador, Estación Central;;-33.4559226;-70.6997325;Ecuador / Coronel Souper, Estación Central, Santiago, Chile
2025-11-29 17:06:00;Estación Central;departamento;Oportunidad: 2d/2b, Uf 48/m2, A Pasos Del Metro Ecuador;2554;CLF;2 dormitorios;2 baños;50 m² útiles;2 dormitorios | 2 baños | 50 m² útiles;Metro Ecuador / Coronel Souper, Metro Ecuador, Estación Central;;-33.4559226;-70.6997325;Ecuador / Coronel Souper, Estación Central, Santiago, Chile
2025-11-29 17:06:00;Estación Central;departamento;2d/2b/ Estacionamiento/ Bodega/a Pasos Metro Ecuador;2936;CLF;2 dormitorios;2 baños;52 m² útiles;2 dormitorios | 2 baños | 52 m² útiles;Metro Ecuador / Coronel Souper, Metro Ecuador, Estación Central;;-33.4559226;-70.6997325;Ecuador / Coronel Souper, Estación Central, Santiago, Chile
2025-11-29 17:06:00;Estación Central;departamento;Oportunidad Metro Las Rejas 2d/2b Con Estacionamiento;2406;CLF;2 dormitorios;2 baños;47 m² útiles;2 dormitorios | 2 baños | 47 m² útiles;Av. Ecuador / Sta. Petronilla / Metro Las Rejas, Metro Las Rejas, Estación Central;;-33.4575386;-70.7067561;Av. Ecuador / Sta. Petronilla / Las Rejas, Estación Central, Santiago, Chile
2025-11-29 17:06:00;Estación Central;departamento;Impecable Departamento Ideal Para Inversión;3100;CLF;2 dormitorios;2 baños;52 m² útiles;2 dormitorios | 2 baños | 52 m² útiles;Croma Condominio - Av. Las Torres 0285, Estación Central, Metro Pajaritos, Estación Central;;-33.46918615;-70.73121361127465;Croma Condominio - Av. Las Torres 0285, Estación Central, Santiago, Chile
2025-11-29 17:06:00;Estación Central;departamento;Lindo Departamento En Venta,  A Pasos Del Metro;1400;CLF;1 dormitorio;1 baño;29 m² útiles;1 dormitorio | 1 baño | 29 m² útiles;Conde Del Maule 4642, Santiago, Estación Central, Chile, Metro Ecuador, Estación Central;;-33.455249800000004;-70.7005326601452;Conde Del Maule 4642, Estación Central, Santiago, Chile
2025-11-29 17:06:00;Estación Central;departamento;¡impecable Departamento!;1750;CLF;1 dormitorio;1 baño;32 m² útiles;1 dormitorio | 1 baño | 32 m² útiles;Padre Hurtado, 194, Universidad De Santiago, Estación Central;;-33.46213055;-70.68674986582633;Padre Hurtado, Estación Central, Santiago, Chile
2025-11-29 17:06:00;Estación Central;departamento;Rebajado/ Radal/ Metro Ecuador/ Estacion Central;2900;CLF;2 dormitorios;2 baños;50 m² útiles;2 dormitorios | 2 baños | 50 m² útiles;Radal, Santiago, Estación Central, Chile, Metro Ecuador, Estación Central;;-33.45623561595505;-70.70110417417816;Radal, Estación Central, Santiago, Chile
2025-11-29 17:06:00;Estación Central;departamento;Impecable Departamento Av. Oceánica 6271;165000000;CLP;3 dormitorios;2 baños;75 m² útiles;3 dormitorios | 2 baños | 75 m² útiles;Oceánica 6271, Estación Central, Metro Pajaritos, Estación Central;;-33.4536375;-70.6898654;Oceánica 6271, Estación Central, Santiago, Chile
2025-11-29 17:06:00;Estación Central;departamento;Home Studio Con Vista Despejada Cercano Al Metro.;883;CLF;1 dormitorio;1 baño;22 m² útiles;1 dormitorio | 1 baño | 22 m² útiles;ESTACION CENTRAL, San Alberto Hurtado, Estación Central;;-33.4536375;-70.6898654;ESTACION CENTRAL, Estación Central, Santiago, Chile
2025-11-29 17:06:00;Estación Central;departamento;Departamento En Venta De 2 Dorm. En Estación Central;2300;CLF;2 dormitorios;1 baño;40 m² útiles;2 dormitorios | 1 baño | 40 m² útiles;Dpto En Venta - FRENTE MUTUAL DE SEGURIDAD - METRO ECUADOR, Metro Ecuador, Estación Central;;-33.4559226;-70.6997325;- - ECUADOR, Estación Central, Santiago, Chile
2025-11-29 17:06:00;Estación Central;departamento;Depto. En Venta De 1d 1b Estación Central;1475;CLF;1 dormitorio;1 baño;30 m² útiles;1 dormitorio | 1 baño | 30 m² útiles;Dpto En Venta 1 Dorm. Metro San Alberto Hurtado, San Alberto Hurtado, Estación Central;;-33.4542019;-70.6922721;1 Dorm. San Alberto Hurtado, Estación Central, Santiago, Chile
2025-11-29 17:06:00;Estación Central;departamento;Vendo Departamento En El Corazón De Estación Central;2750;CLF;2 dormitorios;2 baños;60 m² útiles;2 dormitorios | 2 baños | 60 m² útiles;Av. Ecuador, Estación Central, Metro Ecuador, Estación Central;;-33.45259369917749;-70.69621462893853;Av. Ecuador, Estación Central, Santiago, Chile
2025-11-29 17:06:00;Estación Central;departamento;1d 1b  Gastos Comunes Bajos;1250;CLF;1 dormitorio;1 baño;22 m² útiles;1 dormitorio | 1 baño | 22 m² útiles;Av. María Rozas Velásquez 61, Santiago, Estación Central, Metro Las Rejas, Estación Central;;-33.4537755;-70.70570847947258;Av. María Rozas Velásquez 61, Estación Central, Santiago, Chile
2025-11-29 17:06:00;Estación Central;departamento;Departamento En Venta En Estación Central;1750;CLF;2 dormitorios;1 baño;44 m² útiles;2 dormitorios | 1 baño | 44 m² útiles;ALAMEDA / AV. PADRE ALBERTO HURTADO, Universidad De Santiago, Estación Central;;-33.4542019;-70.6922721;ALAMEDA / AV. PADRE ALBERTO HURTADO, Estación Central, Santiago, Chile
2025-11-29 17:06:00;Estación Central;departamento;Departamento En Venta En Estación Central;59000000;CLP;2 dormitorios;1 baño;46 m² útiles;2 dormitorios | 1 baño | 46 m² útiles;Metro Ecuador (L1) / Vanguard, Metro Ecuador, Estación Central;;-33.4559226;-70.6997325;Ecuador (L1) / Vanguard, Estación Central, Santiago, Chile
2025-11-29 17:06:00;Estación Central;departamento;Extraordinario Dpto, Habitable De Inmediato ;65000000;CLP;1 dormitorio;1 baño;30 m² útiles;1 dormitorio | 1 baño | 30 m² útiles;Conde Del Maule, Estación Central, Estación Central;;-33.45338413192823;-70.69449248051292;Conde Del Maule, Estación Central, Santiago, Chile
2025-11-29 17:06:00;Estación Central;departamento;Departamento En Venta De 2 Dorm. En Estación Central;1600;CLF;2 dormitorios;1 baño;47 m² útiles;2 dormitorios | 1 baño | 47 m² útiles;Las Rejas Sur, Nogales - San Eugenio, Estación Central;;-33.46139697406975;-70.70476494532227;Las Rejas Sur, Estación Central, Santiago, Chile
2025-11-29 17:06:00;Estación Central;departamento;Departamento En Venta De 2 Dorm. En Estación Central;52000000;CLP;2 dormitorios;1 baño;39 m² útiles;2 dormitorios | 1 baño | 39 m² útiles;Río Quietro, Nogales - San Eugenio, Estación Central;;-33.4536375;-70.6898654;Río Quietro, Estación Central, Santiago, Chile
2025-11-29 17:06:00;Estación Central;departamento;Departamento En Venta 2 D Y 1 B ,en Estación Central;1780;CLF;2 dormitorios;1 baño;41 m² útiles;2 dormitorios | 1 baño | 41 m² útiles;Estación Metro San Alberto Hurtado, Estación Central;;-33.4542019;-70.6922721;Estación San Alberto Hurtado, Estación Central, Santiago, Chile
2025-11-29 17:06:00;Estación Central;departamento;Departamento Estudio En Venta En Estación Central;980;CLF;1 dormitorio;1 baño;20 m² útiles;1 dormitorio | 1 baño | 20 m² útiles;Estación De Metro San Alberto Hurtado, San Alberto Hurtado, Estación Central;;-33.4542019;-70.6922721;Estación De San Alberto Hurtado, Estación Central, Santiago, Chile
2025-11-29 17:06:00;Estación Central;departamento;Departamento En Venta, Calle Radal, Estación Central;1700;CLF;1 dormitorio;1 baño;36 m² útiles;1 dormitorio | 1 baño | 36 m² útiles;Calle Radal, Metro Ecuador, Estación Central;;-33.4536375;-70.6898654;Calle Radal, Estación Central, Santiago, Chile
2025-11-29 17:06:00;Estación Central;departamento;Departamento En Venta Calle María Rozas Velásquez Estación C;2300;CLF;2 dormitorios;1 baño;40 m² útiles;2 dormitorios | 1 baño | 40 m² útiles;María Rozas Velásquez Estación Central, Estación Central;;-33.4559177;-70.70561315;María Rozas Velásquez Estación Central, Estación Central, Santiago, Chile
2025-11-29 17:06:00;Estación Central;departamento;Departamento En Venta Santa Petronila, Estación Central;2100;CLF;1 dormitorio;1 baño;30 m² útiles;1 dormitorio | 1 baño | 30 m² útiles;Calle Santa Petronila Estación Central, Metro Las Rejas, Estación Central;;-33.4536375;-70.6898654;Calle Santa Petronila Estación Central, Estación Central, Santiago, Chile
2025-11-29 17:06:00;Estación Central;departamento;Departamento En Venta De 1 Dorm. En Estación Central;1800;CLF;1 dormitorio;1 baño;29 m² útiles;1 dormitorio | 1 baño | 29 m² útiles;Metro San Alberto Hurtado - Pila Del Ganso, San Alberto Hurtado, Estación Central;;-33.4542019;-70.6922721;San Alberto Hurtado - Pila Del Ganso, Estación Central, Santiago, Chile
2025-11-29 17:06:00;Estación Central;departamento;Atencion Inversionistas!!! 1d+1b Regalado;1320;CLF;1 dormitorio;1 baño;31 m² útiles;1 dormitorio | 1 baño | 31 m² útiles;Arriero Estay, 3600 - 3900, Universidad De Santiago, Estación Central;;-33.45184602054623;-70.68898594502936;Arriero Estay, Estación Central, Santiago, Chile
2025-11-29 17:06:00;Estación Central;departamento;Oportunidad Departamento En Venta De 2d 1b. Estación Central;2845;CLF;2 dormitorios;1 baño;43 m² útiles;2 dormitorios | 1 baño | 43 m² útiles;Conde Del Maule 4106, San Alberto Hurtado, Estación Central;;-33.453338599999995;-70.69272341819416;Conde Del Maule 4106, Estación Central, Santiago, Chile
2025-11-29 17:06:00;Estación Central;departamento;Excelente Vista;61500000;CLP;1 dormitorio;1 baño;32 m² útiles;1 dormitorio | 1 baño | 32 m² útiles;Radal, 1 - 300, Metro Ecuador, Estación Central;;-33.45623561595505;-70.70110417417816;Radal, Estación Central, Santiago, Chile
2025-11-29 17:06:00;Estación Central;departamento;Como Nuevo 1 Dormitorio, Luminoso;65000000;CLP;1 dormitorio;1 baño;32 m² útiles;1 dormitorio | 1 baño | 32 m² útiles;Radal, 1 - 300, Metro Ecuador, Estación Central;;-33.45623561595505;-70.70110417417816;Radal, Estación Central, Santiago, Chile
2025-11-29 17:06:00;Estación Central;departamento;Departamento En Venta De 1d 1b Estación Central, Descuentos ;2210;CLF;1 dormitorio;1 baño;28 m² útiles;1 dormitorio | 1 baño | 28 m² útiles;Toro Mazotte, Metro San Alberto Hurtado, Autopista Central, San Alberto Hurtado, Estación Central;;-33.459468446430705;-70.69061060993947;Toro Mazotte, Estación Central, Santiago, Chile
2025-11-29 17:06:00;Estación Central;departamento;Excelente Vista;69000000;CLP;1 dormitorio;1 baño;32 m² útiles;1 dormitorio | 1 baño | 32 m² útiles;Radal, 1 - 300, Metro Ecuador, Estación Central;;-33.45623561595505;-70.70110417417816;Radal, Estación Central, Santiago, Chile
2025-11-29 17:06:14;Estación Central;departamento;Departamento En Venta De 2 Dorm. En Estación Central;3039;CLF;2 dormitorios;2 baños;47 m² útiles;2 dormitorios | 2 baños | 47 m² útiles;Metro Universidad De Santiago, Universidad De Santiago, Estación Central;;-33.4489016;-70.68162370843888;Universidad De Santiago, Estación Central, Santiago, Chile
2025-11-29 17:06:14;Estación Central;departamento;Departamento En Venta De 1 Dorm. En Estación Central;1960;CLF;1 dormitorio;1 baño;21 m² útiles;1 dormitorio | 1 baño | 21 m² útiles;Metro San Alberto Hurtado, Autopista Central, San Alberto Hurtado, Estación Central;;-33.4542019;-70.6922721;San Alberto Hurtado, Estación Central, Santiago, Chile
2025-11-29 17:06:14;Estación Central;departamento;Departamento En Venta 1d Estación Central Metro U De Santiag;2530;CLF;1 dormitorio;1 baño;33 m² útiles;1 dormitorio | 1 baño | 33 m² útiles;Federico Scotto, Metro Universidad De Santiago, Universidad De Santiago, Estación Central;;-33.45210873887682;-70.68895116621364;Federico Scotto, Estación Central, Santiago, Chile
2025-11-29 17:06:14;Estación Central;departamento;Departamento En Venta De 2 Dorm. 2 Baños En Estación Central;1990;CLF;2 dormitorios;2 baños;48 m² útiles;2 dormitorios | 2 baños | 48 m² útiles;Toro Mazote Esquina Alameda, San Alberto Hurtado, Estación Central;;-33.459468446430705;-70.69061060993947;Toro Mazote Esquina Alameda, Estación Central, Santiago, Chile
2025-11-29 17:06:14;Estación Central;departamento;Departamento En Venta En Estación Central Con Piscina;1950;CLF;1 dormitorio;1 baño;29 m² útiles;1 dormitorio | 1 baño | 29 m² útiles;Conde Del Maule, Estación Central, Estación Central;;-33.45338413192823;-70.69449248051292;Conde Del Maule, Estación Central, Santiago, Chile
2025-11-29 17:06:14;Estación Central;departamento;Deptos. 1 Y 2 Dorms. - 1 Y 2 Baños Desde Uf 1.814;1814;CLF;1 dormitorio;1 baño;39 m² útiles;1 dormitorio | 1 baño | 39 m² útiles;Conde Del Maule 4236, Santiago, Estación Central, San Alberto Hurtado, Estación Central;;-33.453636;-70.69463650338187;Conde Del Maule 4236, Estación Central, Santiago, Chile
2025-11-29 17:06:14;Estación Central;departamento;¡oportunidad Única En Estación Central!  Uf 2.090;2090;CLF;2 dormitorios;1 baño;41 m² útiles;2 dormitorios | 1 baño | 41 m² útiles;Radal, 1 - 300, Metro Ecuador, Estación Central;;-33.45623561595505;-70.70110417417816;Radal, Estación Central, Santiago, Chile
2025-11-29 17:06:14;Estación Central;departamento;Departamento En Venta De 2d 2b Estación Central, Descuentos ;2999;CLF;2 dormitorios;2 baños;44 m² útiles;2 dormitorios | 2 baños | 44 m² útiles;Metro San Alberto Hurtado, Autopista Central, Estación Central;;-33.4542019;-70.6922721;San Alberto Hurtado, Estación Central, Santiago, Chile
2025-11-29 17:06:14;Estación Central;departamento;Céntrico Departamento Toro Mazote, Estación Central;65000000;CLP;2 dormitorios;2 baños;46 m² útiles;2 dormitorios | 2 baños | 46 m² útiles;Toro Mazote 76, Santiago, Estación Central, Chile, San Alberto Hurtado, Estación Central;;-33.455381;-70.69151716262756;Toro Mazote 76, Estación Central, Santiago, Chile
2025-11-29 17:06:14;Estación Central;departamento;Atención Inversionistas!!! Depto. En Santiago Centro;1300;CLF;1 dormitorio;1 baño;29 m² útiles;1 dormitorio | 1 baño | 29 m² útiles;Conde Del Maule 4200 - 4500, Santiago, Estación Central, San Alberto Hurtado, Estación Central;;-33.4533197;-70.6939689;Conde Del Maule 4200 - 4500, Estación Central, Santiago, Chile
2025-11-29 17:06:14;Estación Central;departamento;Recuperado Banco Dept.2d2b Conde Del Maule 4470, Est.central;2173;CLF;2 dormitorios;2 baños;47 m² útiles;2 dormitorios | 2 baños | 47 m² útiles;Conde Del Maule 4470, Santiago, Estación Central, San Alberto Hurtado, Estación Central;;-33.45425975;-70.69673889184014;Conde Del Maule 4470, Estación Central, Santiago, Chile
2025-11-29 17:06:14;Estación Central;departamento;Maria Rozas Velsquez, Metro, 2d, Estac Y Bodega;2300;CLF;2 dormitorios;1 baño;42 m² útiles;2 dormitorios | 1 baño | 42 m² útiles;Av. María Rozas Velásquez 61, Santiago, Estación Central, Metro Las Rejas, Estación Central;;-33.4537755;-70.70570847947258;Av. María Rozas Velásquez 61, Estación Central, Santiago, Chile
2025-11-29 17:06:14;Estación Central;departamento;Muy Buen Departamento A Pasos Del Metro;1500;CLF;1 dormitorio;1 baño;38 m² útiles;1 dormitorio | 1 baño | 38 m² útiles;Toro Mazotte 76, Estación Central, San Alberto Hurtado, Estación Central;;-33.455381;-70.69151716262756;Toro Mazotte 76, Estación Central, Santiago, Chile
2025-11-29 17:06:14;Estación Central;departamento;Oportunidad Para Inversionistas! Santiago Centro;1300;CLF;1 dormitorio;1 baño;29 m² útiles;1 dormitorio | 1 baño | 29 m² útiles;Conde Del Maule 4364, Santiago, Estación Central, San Alberto Hurtado, Estación Central;;-33.4540918;-70.69579746259737;Conde Del Maule 4364, Estación Central, Santiago, Chile
2025-11-29 17:06:14;Estación Central;departamento;Homestudio Con Estac. Y Bodega Metro San Alberto Hurtado;1300;CLF;1 dormitorio;1 baño;30 m² útiles;1 dormitorio | 1 baño | 30 m² útiles;Concón 165, Estación Central, San Alberto Hurtado, Estación Central;;-33.45307246666667;-70.6964683;Concón 165, Estación Central, Santiago, Chile
2025-11-29 17:06:14;Estación Central;departamento;Santa Petronila, Cerca Metro, Con Estacionamiento;2000;CLF;1 dormitorio;1 baño;30 m² útiles;1 dormitorio | 1 baño | 30 m² útiles;Sta. Petronila 32, Estación Central, Metro Las Rejas, Estación Central;;-33.45395685;-70.70490686904479;Sta. Petronila 32, Estación Central, Santiago, Chile
2025-11-29 17:06:14;Estación Central;departamento;Depto En Estación Central, Santiago (2018);2500;CLF;2 dormitorios;2 baños;48 m² útiles;2 dormitorios | 2 baños | 48 m² útiles;Avenida Ecuador, 4500 - 4800, Metro Ecuador, Estación Central;;-33.45259369917749;-70.69621462893853;Avenida Ecuador, Estación Central, Santiago, Chile
2025-11-29 17:06:14;Estación Central;departamento; Vive En El Corazón De Santiago: Depto. 1d/1b ;1800;CLF;1 dormitorio;1 baño;29 m² útiles;1 dormitorio | 1 baño | 29 m² útiles;Serrano, 1 - 300, San Alberto Hurtado, Estación Central;;-33.4536375;-70.6898654;Serrano, Estación Central, Santiago, Chile
2025-11-29 17:06:14;Estación Central;departamento;Conde Maule, Metro Ecuador 1d, 1b Inversion;1699;CLF;1 dormitorio;1 baño;24 m² útiles;1 dormitorio | 1 baño | 24 m² útiles;Conde Del Maule, Estación Central, San Alberto Hurtado, Estación Central;;-33.45338413192823;-70.69449248051292;Conde Del Maule, Estación Central, Santiago, Chile
2025-11-29 17:06:14;Estación Central;departamento;Conde Maule Metro Ecuador 1d, 1b,;1749;CLF;1 dormitorio;1 baño;25 m² útiles;1 dormitorio | 1 baño | 25 m² útiles;Conde Del Maule, Estación Central, Estación Central;;-33.45338413192823;-70.69449248051292;Conde Del Maule, Estación Central, Santiago, Chile
2025-11-29 17:06:14;Estación Central;departamento;Francisco Zelada-metro Ecuador 1b,1b,1b;1899;CLF;1 dormitorio;1 baño;30 m² útiles;1 dormitorio | 1 baño | 30 m² útiles;Francisco Zelada, Estación Central, Metro Ecuador, Estación Central;;-33.452546889003195;-70.70301947226464;Francisco Zelada, Estación Central, Santiago, Chile
2025-11-29 17:06:14;Estación Central;departamento;Acogedor Departamento En El Centro De Santiago;1700;CLF;1 dormitorio;1 baño;35 m² útiles;1 dormitorio | 1 baño | 35 m² útiles;Carlos Pezoa Véliz, Estación Central;;-33.45575955203821;-70.70305514685388;Carlos Pezoa Véliz, Estación Central, Santiago, Chile
2025-11-29 17:06:14;Estación Central;departamento;Oferta, María Rozas De Velásquez, Estación Central;45000000;CLP;2 dormitorios;1 baño;36 m² útiles;2 dormitorios | 1 baño | 36 m² útiles;Av. María Rozas Velásquez 65, Estación Central, Metro Las Rejas, Estación Central;;-33.453458999999995;-70.70575666155817;Av. María Rozas Velásquez 65, Estación Central, Santiago, Chile
2025-11-29 17:06:14;Estación Central;departamento;Cercano A Estación Central Y Terminal De Buses.;2450;CLF;2 dormitorios;2 baños;45 m² útiles;2 dormitorios | 2 baños | 45 m² útiles;CERCANO A ESTACIÓN CENTRAL Y TERMINAL DE BUSES., San Alberto Hurtado, Estación Central;;-33.4778741;-70.6957382;CERCANO A ESTACIÓN CENTRAL Y TERMINAL DE BUSES., Estación Central, Santiago, Chile
2025-11-29 17:06:14;Estación Central;departamento;Universidad De Santiago, Home Studio;1100;CLF;1 dormitorio;1 baño;26 m² útiles;1 dormitorio | 1 baño | 26 m² útiles;UNIVERSIDAD DE SANTIAGO, HOME STUDIO, Universidad De Santiago, Estación Central;;-33.4489016;-70.68162370843888;UNIVERSIDAD DE SANTIAGO, Estación Central, Santiago, Chile
2025-11-29 17:06:14;Estación Central;departamento;Oferta Metro San Alberto Hurtado Impecable;1550;CLF;1 dormitorio;1 baño;32 m² útiles;1 dormitorio | 1 baño | 32 m² útiles;OFERTA METRO SAN ALBERTO HURTADO, San Alberto Hurtado, Estación Central;;-33.4542019;-70.6922721;OFERTA SAN ALBERTO HURTADO, Estación Central, Santiago, Chile
2025-11-29 17:06:14;Estación Central;departamento;Oportunidad Renovado! 2d+2b San Alberto Hurtado;2250;CLF;2 dormitorios;2 baños;49 m² útiles;2 dormitorios | 2 baños | 49 m² útiles;Placilla 0 - 200, San Alberto Hurtado, Estación Central;;-33.457926;-70.6936602;Placilla 0 - 200, Estación Central, Santiago, Chile
2025-11-29 17:06:14;Estación Central;departamento;"Se Vende Depto 1d, 1b&#43; Bodega, Metro Ecuador";2200;CLF;1 dormitorio;1 baño;32 m² útiles;1 dormitorio | 1 baño | 32 m² útiles;Metro Ecuador, Metro Ecuador, Estación Central;;-33.4559226;-70.6997325;Ecuador, Estación Central, Santiago, Chile
2025-11-29 17:06:14;Estación Central;departamento;Departamento En Venta En Estación Central Con Piscina;1999;CLF;2 dormitorios;1 baño;41 m² útiles;2 dormitorios | 1 baño | 41 m² útiles;Toro Mazote 0 - 200, San Alberto Hurtado, Estación Central;;-33.4569834;-70.6911622;Toro Mazote 0 - 200, Estación Central, Santiago, Chile
2025-11-29 17:06:14;Estación Central;departamento;Metro Las Rejas, 1 Dormitorio, Con Estacionamiento Y Bodega ;1950;CLF;1 dormitorio;1 baño;31 m² útiles;1 dormitorio | 1 baño | 31 m² útiles;Maria Rozas Velásquez 0 - 200, Metro Las Rejas, Estación Central;;-33.4643956;-70.6974059;Maria Rozas Velásquez 0 - 200, Estación Central, Santiago, Chile
2025-11-29 17:06:14;Estación Central;departamento;Excelente, Como Nuevo, 1d 1b, San Alberto Hurtado;1600;CLF;1 dormitorio;1 baño;32 m² útiles;1 dormitorio | 1 baño | 32 m² útiles;Nicasio Retamales 0 - 200, Universidad De Santiago, Estación Central;;-33.458212903576616;-70.68794611608213;Nicasio Retamales 0 - 200, Estación Central, Santiago, Chile
2025-11-29 17:06:14;Estación Central;departamento;"Venta Depto 2d, 2b &#43;1estac Y 1bdg,metro Universidad Sant";1990;CLF;2 dormitorios;2 baños;52 m² totales;2 dormitorios | 2 baños | 52 m² totales;Víctor Jara Con Av. Gral. Velásquez, Universidad De Santiago, Estación Central;;-33.4767383;-70.6891378;Víctor Jara Con Av. Gral. Velásquez, Estación Central, Santiago, Chile
2025-11-29 17:06:14;Estación Central;departamento;"Se Vende Dpto 1d,1b&#43;bdg Y 1e, Ecuador - Metro U. De Sant";1650;CLF;1 dormitorio;1 baño;33 m² útiles;1 dormitorio | 1 baño | 33 m² útiles;Victor Jara Con Av. Gral. Velasquez, Universidad De Santiago, Estación Central;;-33.4767383;-70.6891378;Victor Jara Con Av. Gral. Velasquez, Estación Central, Santiago, Chile
2025-11-29 17:06:14;Estación Central;departamento;Depto Apto Subsidio- 2d 1b 1e 1b, Estación Central;77000000;CLP;2 dormitorios;1 baño;39 m² útiles;2 dormitorios | 1 baño | 39 m² útiles;Av. Padre Alberto Hurtado 208, 9161151 Estación Central, Región Metropolitana, Chile, Universidad De Santiago, Estación Central;;-33.4542019;-70.6922721;Av. Padre Alberto Hurtado 208, Estación Central, Santiago, Chile
2025-11-29 17:06:14;Estación Central;departamento;Departamento Estacion Central, Santiago;2000;CLF;1 dormitorio;1 baño;37 m² útiles;1 dormitorio | 1 baño | 37 m² útiles;Francisco Zelada 58, Metro Ecuador, Estación Central;;-33.4561394;-70.70178708181818;Francisco Zelada 58, Estación Central, Santiago, Chile
2025-11-29 17:06:14;Estación Central;departamento;Luminoso Y Moderno Departamento Estilo Mariposa ;3000;CLF;2 dormitorios;2 baños;50 m² útiles;2 dormitorios | 2 baños | 50 m² útiles;Metro Ecuador, Metro Ecuador, Estación Central;;-33.4559226;-70.6997325;Ecuador, Estación Central, Santiago, Chile
2025-11-29 17:06:14;Estación Central;departamento; Vende Departamento, Toro Mazote Santiago ;1375;CLF;1 dormitorio;1 baño;27 m² útiles;1 dormitorio | 1 baño | 27 m² útiles;Toro Mazotte, Santiago, Estación Central, Chile, San Alberto Hurtado, Estación Central;;-33.459468446430705;-70.69061060993947;Toro Mazotte, Estación Central, Santiago, Chile
2025-11-29 17:06:14;Estación Central;departamento;Venta Departamento Av. Ecuador ;1850;CLF;1 dormitorio;1 baño;42 m² útiles;1 dormitorio | 1 baño | 42 m² útiles;Av. Ecuador 4698, Estación Central, Metro Ecuador, Estación Central;;-33.4541787;-70.7003518797352;Av. Ecuador 4698, Estación Central, Santiago, Chile
2025-11-29 17:06:14;Estación Central;departamento;1 Dormitorio Ideal Inversión;1650;CLF;1 dormitorio;1 baño;30 m² útiles;1 dormitorio | 1 baño | 30 m² útiles;Av. Padre Alberto Hurtado 0145, Santiago, Estación Central, Estación Central;;-33.4542019;-70.6922721;Av. Padre Alberto Hurtado 0145, Estación Central, Santiago, Chile
2025-11-29 17:06:14;Estación Central;departamento;Dpto Al Lado Del Metro Padre Hurtado, Con Maravillosa Vista.;85000000;CLP;3 dormitorios;2 baños;70 m² útiles;3 dormitorios | 2 baños | 70 m² útiles;ECUADOR CON VICTORIA, Metro Ecuador, Estación Central;;-33.4559226;-70.6997325;ECUADOR CON VICTORIA, Estación Central, Santiago, Chile
2025-11-29 17:06:14;Estación Central;departamento;Munizaga & Asociados Vende Lindo Departamento;80000000;CLP;3 dormitorios;1 baño;43 m² útiles;3 dormitorios | 1 baño | 43 m² útiles;Ecuador 3762, Estación Central, Santiago Metropolitan Region 9160000, Chile, Universidad De Santiago, Estación Central;;-33.4559226;-70.6997325;Ecuador 3762, Estación Central, Santiago, Chile
2025-11-29 17:06:14;Estación Central;departamento;Remodelado, 3 Dormitorios, 2 Baños, Estacionamiento, Terraza;2795;CLF;3 dormitorios;2 baños;58 m² útiles;3 dormitorios | 2 baños | 58 m² útiles;Blanco Garcés 50, Estación Central, Región Metropolitana De Santiago 9160000, Chile, Metro Ecuador, Estación Central;;-33.453072;-70.6847702;Blanco Garcés 50, Estación Central, Santiago, Chile
2025-11-29 17:06:14;Estación Central;departamento;Departamento 2 Dormitorios 1  Sin Piebaño;1770;CLF;2 dormitorios;1 baño;35 m² útiles;2 dormitorios | 1 baño | 35 m² útiles;Padre Hurtado, Estación Central, Región Metropolitana De Santiago 9160000, Chile, Nogales - San Eugenio, Estación Central;;-33.46213055;-70.68674986582633;Padre Hurtado, Estación Central, Santiago, Chile
2025-11-29 17:06:14;Estación Central;departamento;¡oferta Irrepetible! En Venta 2d 2b - Metro Ecuador - Legaly;70000000;CLP;2 dormitorios;2 baños;50 m² útiles;2 dormitorios | 2 baños | 50 m² útiles;Radal 018, Metro Ecuador, Estación Central;;-33.45581125;-70.70141883048029;Radal 018, Estación Central, Santiago, Chile
2025-11-29 17:06:14;Estación Central;departamento;Se Vende Hermoso Departamento En Estacion Central;2099;CLF;2 dormitorios;1 baño;41 m² totales;2 dormitorios | 1 baño | 41 m² totales;AV.  M ROSAS VELAZQUEZ 51, Metro Las Rejas, Estación Central;;-33.4518731;-70.6780544;AV. M ROSAS VELAZQUEZ 51, Estación Central, Santiago, Chile
2025-11-29 17:06:14;Estación Central;departamento;Vendo Departamento 1d Metro Las Rejas -antu;1750;CLF;1 dormitorio;1 baño;29 m² útiles;1 dormitorio | 1 baño | 29 m² útiles;Santa Petronila 38, Estación Central, Región Metropolitana De Santiago 9160000, Chile, Metro Las Rejas, Estación Central;;-33.453637099999995;-70.70494999471634;Santa Petronila 38, Estación Central, Santiago, Chile
2025-11-29 17:06:14;Estación Central;departamento;Departamento En Venta 2d 2b - Metro Ecuador - Legalybroker;75000000;CLP;2 dormitorios;2 baños;50 m² útiles;2 dormitorios | 2 baños | 50 m² útiles;Radal 018, Metro Ecuador, Estación Central;;-33.45581125;-70.70141883048029;Radal 018, Estación Central, Santiago, Chile
2025-11-29 17:06:55;Estación Central;departamento;Vende Hermoso Departamento;1795;CLF;1 dormitorio;1 baño;35 m² útiles;1 dormitorio | 1 baño | 35 m² útiles;Conde Del Maule 4577, Estación Central, Región Metropolitana De Santiago 9160000, Chile, Metro Ecuador, Estación Central;;-33.45412385;-70.69885357615101;Conde Del Maule 4577, Estación Central, Santiago, Chile
2025-11-29 17:06:55;Estación Central;departamento;Depto En Estación Central - Buigley Propiedades;1460;CLF;1 dormitorio;1 baño;29 m² totales;1 dormitorio | 1 baño | 29 m² totales;AVENIDA MARÍA ROZAS VELASQUEZ 61, Metro Las Rejas, Estación Central;;-33.4537755;-70.70570847947258;AVENIDA MARÍA ROZAS VELASQUEZ 61, Estación Central, Santiago, Chile
2025-11-29 17:06:55;Estación Central;departamento;1d 1b Para Remodelar;48000000;CLP;1 dormitorio;1 baño;28 m² útiles;1 dormitorio | 1 baño | 28 m² útiles;Avenida San Alberto Hurtado 194, Estación Central, Santiago Metropolitan Region 9160000, Chile, Universidad De Santiago, Estación Central;;-33.4559053;-70.68926948165617;Avenida San Alberto Hurtado 194, Estación Central, Santiago, Chile
2025-11-29 17:06:55;Estación Central;departamento;Vta  Dpto Est. Central, Bajo Valor Comercial 2d, 1b;2021;CLF;1 dormitorio;1 baño;42 m² útiles;1 dormitorio | 1 baño | 42 m² útiles;Radal Del Obispo Francisco Anabalón Duarte 102, Estación Central, Región Metropolitana De Santiago 9160000, Chile, Metro Ecuador, Estación Central;;-33.453532330555554;-70.70200494444444;Radal Del Obispo Francisco Anabalón Duarte 102, Estación Central, Santiago, Chile
2025-11-29 17:06:55;Estación Central;departamento;Para Inversion Departamento Tipo Estudio Metro Ecuador - Him;51000000;CLP;;1 baño;24 m² útiles;1 baño | 24 m² útiles;BLANCO GARCES 154, San Alberto Hurtado, Estación Central;;-33.4503604;-70.69800392785399;BLANCO GARCES 154, Estación Central, Santiago, Chile
2025-11-29 17:06:55;Estación Central;departamento;Ideal Inversionistas Depto Estudio Metro Ecuador - Himalaya;53000000;CLP;;1 baño;24 m² útiles;1 baño | 24 m² útiles;BUZO SOBENES 4650, San Alberto Hurtado, Estación Central;;-33.450171999999995;-70.69827299916479;BUZO SOBENES 4650, Estación Central, Santiago, Chile
2025-11-29 17:06:55;Estación Central;departamento;Se Vende Departamento Home Estudio En Estacion Central;36500000;CLP;1 dormitorio;1 baño;18 m² útiles;1 dormitorio | 1 baño | 18 m² útiles;Conde Del Maule 4600, Estación Central, Región Metropolitana De Santiago 9160000, Chile, Metro Ecuador, Estación Central;;-33.47017180434783;-70.7246430826087;Conde Del Maule 4600, Estación Central, Santiago, Chile
2025-11-29 17:06:55;Estación Central;departamento;Venta Dp 3d 1b En Estacion Central;90000000;CLP;3 dormitorios;1 baño;52 m² útiles;3 dormitorios | 1 baño | 52 m² útiles;Coronel Souper 4555, Estación Central, Región Metropolitana De Santiago 9160000, Chile, Metro Ecuador, Estación Central;;-33.4585816;-70.69782529992557;Coronel Souper 4555, Estación Central, Santiago, Chile
2025-11-29 17:06:55;Estación Central;departamento;Vendemos Departamento A Pasos Metro Ecuador - Viva Facil Pro;1990;CLF;1 dormitorio;1 baño;31 m² útiles;1 dormitorio | 1 baño | 31 m² útiles;Recreo 250, San Alberto Hurtado, Estación Central;;-33.45757125;-70.69572436559417;Recreo 250, Estación Central, Santiago, Chile
2025-11-29 17:06:55;Estación Central;departamento;Lindo Depto Mariposa A Pasos Metro Ecuador;3100;CLF;2 dormitorios;2 baños;50 m² útiles;2 dormitorios | 2 baños | 50 m² útiles;Radal 66, Santiago, Estación Central, Chile, Metro Ecuador, Estación Central;;-33.45389288055556;-70.70190314444444;Radal 66, Estación Central, Santiago, Chile
2025-11-29 17:06:55;Estación Central;departamento;Venta Depto Studio -antu;60000000;CLP;;1 baño;25 m² útiles;1 baño | 25 m² útiles;Santa Petronila 28, Estación Central, Región Metropolitana De Santiago 9160000, Chile, Metro Las Rejas, Estación Central;;-33.4542843;-70.70486368907721;Santa Petronila 28, Estación Central, Santiago, Chile
2025-11-29 17:06:55;Estación Central;departamento;Departamento En Venta En Estación Central;40000000;CLP;;1 baño;25 m² totales;1 baño | 25 m² totales;AV. MARIA ROZAS VELASQUEZ CON AV. ECUADOR, Metro Las Rejas, Estación Central;;-33.44811330537181;-70.70726397825922;AV. MARIA ROZAS VELASQUEZ CON AV. ECUADOR, Estación Central, Santiago, Chile
2025-11-29 17:06:55;Estación Central;departamento;Recreo- M. Ecuador- Estación Central;1850;CLF;1 dormitorio;1 baño;33 m² útiles;1 dormitorio | 1 baño | 33 m² útiles;Recreo 250, Estación Central, Región Metropolitana De Santiago 9160000, Chile, San Alberto Hurtado, Estación Central;;-33.45757125;-70.69572436559417;Recreo 250, Estación Central, Santiago, Chile
2025-11-29 17:06:55;Estación Central;departamento;Departamento En Venta En Estación Central;2000;CLF;1 dormitorio;1 baño;32 m² útiles;1 dormitorio | 1 baño | 32 m² útiles;Radal Del Obispo Francisco Anabalón Duarte 066, Santiago, Estación Central, Metro Ecuador, Estación Central;;-33.45623561595505;-70.70110417417816;Radal Del Obispo Francisco Anabalón Duarte 066, Estación Central, Santiago, Chile
2025-11-29 17:06:55;Estación Central;departamento;Depto 3d/1b Iluminado Y Espacioso Con Estacionamiento;1640;CLF;3 dormitorios;1 baño;54 m² útiles;3 dormitorios | 1 baño | 54 m² útiles;La Portada 5218-A, Villa Francia, Estación Central;;-33.4701942;-70.7149198;La Portada 5218-A, Estación Central, Santiago, Chile
2025-11-29 17:06:55;Estación Central;departamento;Venta Departamento Conde Del Maule Metro Ecuador 2d+1b+e;2200;CLF;2 dormitorios;1 baño;38 m² útiles;2 dormitorios | 1 baño | 38 m² útiles;CALLE CONDE DEL MAULE 4642- COMUNA DE ESTACION CENTRAL, Metro Ecuador, Estación Central;;-33.455249800000004;-70.7005326601452;CALLE CONDE DEL MAULE 4642- COMUNA DE ESTACION CENTRAL, Estación Central, Santiago, Chile
2025-11-29 17:06:55;Estación Central;departamento;Oportunidad!! Excelente Departamento Metro Las Rejas.;50000000;CLP;1 dormitorio;1 baño;29 m² útiles;1 dormitorio | 1 baño | 29 m² útiles;Av. María Rozas Velásquez 61, Santiago, Estación Central, Metro Las Rejas, Estación Central;;-33.4537755;-70.70570847947258;Av. María Rozas Velásquez 61, Estación Central, Santiago, Chile
2025-11-29 17:06:55;Estación Central;departamento;Departamento Radall 66 -metro Ecuador 1d+1b+bodega;1650;CLF;1 dormitorio;1 baño;32 m² útiles;1 dormitorio | 1 baño | 32 m² útiles;DEPARTAMENTO RADALL 66 -METRO ECUADOR 1D+1B+BODEGA, Metro Ecuador, Estación Central;;-33.45389288055556;-70.70190314444444;RADALL 66 - ECUADOR 1D+1B+, Estación Central, Santiago, Chile
2025-11-29 17:06:55;Estación Central;departamento;Departamento En Venta En Conde Del Maule Con Terraza;1950;CLF;2 dormitorios;2 baños;58 m² útiles;2 dormitorios | 2 baños | 58 m² útiles;Conde Del Maule 4577, Estación Central, Metro Ecuador, Estación Central;;-33.45412385;-70.69885357615101;Conde Del Maule 4577, Estación Central, Santiago, Chile
2025-11-29 17:06:55;Estación Central;departamento;Departamento Toro Mazotte/manuel Vasquez Rojas;1350;CLF;1 dormitorio;1 baño;25 m² útiles;1 dormitorio | 1 baño | 25 m² útiles;Toro Mazotte/manuel Vasquez Rojas, San Alberto Hurtado, Estación Central;;-33.4553809826004;-70.69249138105542;Toro Mazotte/manuel Vasquez Rojas, Estación Central, Santiago, Chile
2025-11-29 17:06:55;Estación Central;departamento;Departamento En Venta En Barrio Parque Santiago;1600;CLF;2 dormitorios;1 baño;40 m² útiles;2 dormitorios | 1 baño | 40 m² útiles;Pje Titán 4870, Estación Central, Metro Las Rejas, Estación Central;;-33.47786380909091;-70.70130064545455;Pje Titán 4870, Estación Central, Santiago, Chile
2025-11-29 17:06:55;Estación Central;departamento;Departamento En Venta En Radal 66 Con Piscina;1850;CLF;2 dormitorios;2 baños;49 m² útiles;2 dormitorios | 2 baños | 49 m² útiles;Radal Del Obispo Francisco Anabalón Duarte 066, Santiago, Estación Central, Metro Ecuador, Estación Central;;-33.45623561595505;-70.70110417417816;Radal Del Obispo Francisco Anabalón Duarte 066, Estación Central, Santiago, Chile
2025-11-29 17:06:55;Estación Central;departamento;Metro Las Rejas. Las Rejas Sur - Rio Quetro;58000000;CLP;3 dormitorios;1 baño;58 m² útiles;3 dormitorios | 1 baño | 58 m² útiles;Río Quetro, Estación Central, Nogales - San Eugenio, Estación Central;;-33.46850205;-70.70559700220274;Río Quetro, Estación Central, Santiago, Chile
2025-11-29 17:06:55;Estación Central;departamento;Departamento En Venta En Villa Portales Con Balcón;76000000;CLP;2 dormitorios;1 baño;66 m² útiles;2 dormitorios | 1 baño | 66 m² útiles;Las Acacias 91, Estación Central, Universidad De Santiago, Estación Central;;-33.44692571111111;-70.69005881111111;Las Acacias 91, Estación Central, Santiago, Chile
2025-11-29 17:06:55;Estación Central;departamento;¡acogedor Dpto. En Venta En Est. Central, Stgo!;1450;CLF;1 dormitorio;1 baño;31 m² útiles;1 dormitorio | 1 baño | 31 m² útiles;CARLOS PEZOA VELIZ, 143, Estación Central;;-33.45575955203821;-70.70305514685388;CARLOS PEZOA VELIZ, Estación Central, Santiago, Chile
2025-11-29 17:06:55;Estación Central;departamento;Depto Con Vista Increíble Para Vivir O Invertir;1040;CLF;1 dormitorio;1 baño;25 m² útiles;1 dormitorio | 1 baño | 25 m² útiles;Blanco Garcés, 1 - 300, San Alberto Hurtado, Estación Central;;-33.451992313901464;-70.69784303670724;Blanco Garcés, Estación Central, Santiago, Chile
2025-11-29 17:06:55;Estación Central;departamento;Moderno Departamento En Estación Central;1595;CLF;1 dormitorio;1 baño;35 m² útiles;1 dormitorio | 1 baño | 35 m² útiles;Titan, 4900, Universidad De Santiago, Estación Central;;-33.45911165;-70.7036824732478;Titan, Estación Central, Santiago, Chile
2025-11-29 17:06:55;Estación Central;departamento;Departamento En Venta De 1 Dorm. En Estación Central;1100;CLF;1 dormitorio;1 baño;22 m² útiles;1 dormitorio | 1 baño | 22 m² útiles;General Velazquez / Alameda, San Alberto Hurtado, Estación Central;;-33.430928050000006;-70.69295229991963;General Velazquez / Alameda, Estación Central, Santiago, Chile
2025-11-29 17:06:55;Estación Central;departamento;Departamento En Venta En Estación Central;3200;CLF;2 dormitorios;2 baños;52 m² útiles;2 dormitorios | 2 baños | 52 m² útiles;Las Rejas, Metro Las Rejas, Estación Central;;-33.4575386;-70.7067561;Las Rejas, Estación Central, Santiago, Chile
2025-11-29 17:06:55;Estación Central;departamento;Oferton Cercano A Metro Ecuador Ideal Para Inversión;1700;CLF;1 dormitorio;1 baño;30 m² útiles;1 dormitorio | 1 baño | 30 m² útiles;Blanco Garcés 154, Estación Central, San Alberto Hurtado, Estación Central;;-33.4503604;-70.69800392785399;Blanco Garcés 154, Estación Central, Santiago, Chile
2025-11-29 17:06:55;Estación Central;departamento;¡¡¡oportunidad Dpto 3d+1b Las Rejas!!!;1790;CLF;3 dormitorios;1 baño;45 m² útiles;3 dormitorios | 1 baño | 45 m² útiles;Titán, 4800 - 5100, Metro Las Rejas, Estación Central;;-33.45911165;-70.7036824732478;Titán, Estación Central, Santiago, Chile
2025-11-29 17:06:55;Estación Central;departamento;1 Dorm. I Nor-oriente I Estación Central;1790;CLF;1 dormitorio;1 baño;36 m² útiles;1 dormitorio | 1 baño | 36 m² útiles;Porto Seguro / General Velásquez, Estación Central;;-33.4450591655641;-70.69197273308444;Porto Seguro / General Velásquez, Estación Central, Santiago, Chile
2025-11-29 17:06:55;Estación Central;departamento;Departamento En Venta De 2 Dorm. En Estación Central;2015;CLF;2 dormitorios;2 baños;43 m² útiles;2 dormitorios | 2 baños | 43 m² útiles;Nicasio Retamales / Av. Libertador Bernardo O´Higgins, Universidad De Santiago, Estación Central;;-33.4489016;-70.68162370843888;Nicasio Retamales / Av. Libertador Bernardo O´Higgins, Estación Central, Santiago, Chile
2025-11-29 17:06:55;Estación Central;departamento;Oportunidad, Departamento Estación Central, Estilo Mariposa!;2800;CLF;2 dormitorios;2 baños;47 m² útiles;2 dormitorios | 2 baños | 47 m² útiles;Conde Del Maule 4175, Estación Central;;-33.452732;-70.69320504365564;Conde Del Maule 4175, Estación Central, Santiago, Chile
2025-11-29 17:06:55;Estación Central;departamento;Liquidación Bancaria Depto Constantino, Estación Central;1778;CLF;1 dormitorio;1 baño;33 m² útiles;1 dormitorio | 1 baño | 33 m² útiles;Constantino, San Alberto Hurtado, Estación Central;;-33.45175230051811;-70.69655474174844;Constantino, Estación Central, Santiago, Chile
2025-11-29 17:06:55;Estación Central;departamento;Departamento En Venta En Estación Central;1827;CLF;1 dormitorio;1 baño;33 m² útiles;1 dormitorio | 1 baño | 33 m² útiles;Conde Del Maule / Metro San Alberto Hurtado, Estación Central;;-33.4542019;-70.6922721;Conde Del Maule / San Alberto Hurtado, Estación Central, Santiago, Chile
2025-11-29 17:06:55;Estación Central;departamento;Conde Del Maule Con Concón / 2 D 1 B En Estación Central;1600;CLF;2 dormitorios;1 baño;37 m² útiles;2 dormitorios | 1 baño | 37 m² útiles;Conde Del Maule Con Concón / 2 D 1 B En Estación Central, San Alberto Hurtado, Estación Central;;-33.4548204;-70.6842662;Conde Del Maule Con Concón / 2 D 1 B En Estación Central, Estación Central, Santiago, Chile
2025-11-29 17:06:55;Estación Central;departamento;Se Vende Depto 2 Dor 2baños 1est 1bod Estac Central ;130000000;CLP;2 dormitorios;2 baños;56 m² útiles;2 dormitorios | 2 baños | 56 m² útiles;Neptuno 020, Metro Pajaritos, Estación Central;;-33.4536375;-70.6898654;Neptuno 020, Estación Central, Santiago, Chile
2025-11-29 17:06:55;Estación Central;departamento;Gran Vista, Moderno, Seguro!!;1969;CLF;1 dormitorio;1 baño;32 m² útiles;1 dormitorio | 1 baño | 32 m² útiles;Apostol Santiago, San Alberto Hurtado, Estación Central;;-33.4498544908554;-70.69262897364759;Apostol Santiago, Estación Central, Santiago, Chile
2025-11-29 17:06:55;Estación Central;departamento;Departamento En Venta De 3d2b, Con Estacionamiento Y Bodega;2590;CLF;3 dormitorios;2 baños;62 m² útiles;3 dormitorios | 2 baños | 62 m² útiles;Recreo 250, San Alberto Hurtado, Estación Central;;-33.45757125;-70.69572436559417;Recreo 250, Estación Central, Santiago, Chile
2025-11-29 17:06:55;Estación Central;departamento;Venta Depto 3dorm 2baños 1box 1bod Esta Central;3200;CLF;3 dormitorios;2 baños;55 m² útiles;3 dormitorios | 2 baños | 55 m² útiles;Metro Pajaritos, Metro Pajaritos, Estación Central;;-33.45936873898897;-70.71292617146456;Pajaritos, Estación Central, Santiago, Chile
2025-11-29 17:06:55;Estación Central;departamento;Departamento Mariposa I Estación Central;2250;CLF;2 dormitorios;2 baños;48 m² útiles;2 dormitorios | 2 baños | 48 m² útiles;Porto Seguro / G. Velásquez, San Alberto Hurtado, Estación Central;;-33.4450591655641;-70.69197273308444;Porto Seguro / G. Velásquez, Estación Central, Santiago, Chile
2025-11-29 17:06:55;Estación Central;departamento;Departamento En Venta En Estación Central;78500000;CLP;2 dormitorios;2 baños;48 m² útiles;2 dormitorios | 2 baños | 48 m² útiles;Metro Universidad De Santiago, Universidad De Santiago, Estación Central;;-33.4489016;-70.68162370843888;Universidad De Santiago, Estación Central, Santiago, Chile
2025-11-29 17:06:55;Estación Central;departamento;Departamento En Venta De 1 Dorm. En Estación Central;1600;CLF;1 dormitorio;1 baño;34 m² útiles;1 dormitorio | 1 baño | 34 m² útiles;Conde Del Maule / Metro San Alberto Hurtado, San Alberto Hurtado, Estación Central;;-33.4542019;-70.6922721;Conde Del Maule / San Alberto Hurtado, Estación Central, Santiago, Chile
2025-11-29 17:06:55;Estación Central;departamento;Departamento En Venta De 1 Dorm. En Estación Central;1800;CLF;1 dormitorio;1 baño;35 m² útiles;1 dormitorio | 1 baño | 35 m² útiles;Cercando A Mall Plaza Alameda, Universidad De Santiago, Estación Central;;-33.452344;-70.6790609;Cercando A Mall Plaza Alameda, Estación Central, Santiago, Chile
2025-11-29 17:06:55;Estación Central;departamento;"Venta Departamento 2d &#43; 1b &#43; 1e Estación Central";2533;CLF;2 dormitorios;1 baño;40 m² útiles;2 dormitorios | 1 baño | 40 m² útiles;Metro Ecuador, Metro Ecuador, Estación Central;;-33.4559226;-70.6997325;Ecuador, Estación Central, Santiago, Chile
2025-11-29 17:07:36;Estación Central;departamento;Oportunidad Inversionistas Studio Año 2020 Exento De Cont...;47000000;CLP;;1 baño;21 m² útiles;1 baño | 21 m² útiles;San Alberto Hurtado, Estación Central;;-33.4542019;-70.6922721;San Alberto Hurtado, Estación Central, Santiago, Chile
2025-11-29 17:07:36;Estación Central;departamento;Departamento En Venta De 1 Dorm. En Estación Central;1850;CLF;1 dormitorio;1 baño;33 m² útiles;1 dormitorio | 1 baño | 33 m² útiles;Cercano A Mall Plaza Alameda, Universidad De Santiago, Estación Central;;-33.452344;-70.6790609;Cercano A Mall Plaza Alameda, Estación Central, Santiago, Chile
2025-11-29 17:07:36;Estación Central;departamento;Departamento En Venta En Estación Central;1951;CLF;2 dormitorios;2 baños;52 m² útiles;2 dormitorios | 2 baños | 52 m² útiles;Estación De Metro Las Rejas, Metro Ecuador, Estación Central;;-33.4575386;-70.7067561;Estación De Las Rejas, Estación Central, Santiago, Chile
2025-11-29 17:07:36;Estación Central;departamento;Departamento En Venta De 1 Dorm. En Estación Central;58000000;CLP;1 dormitorio;1 baño;33 m² útiles;1 dormitorio | 1 baño | 33 m² útiles;Francisco Zelada / Av. Ecuador / Estación Central, Metro Ecuador, Estación Central;;-33.4559226;-70.6997325;Francisco Zelada / Av. Ecuador / Estación Central, Estación Central, Santiago, Chile
2025-11-29 17:07:36;Estación Central;departamento;Departamento En Venta En Estación Central;2100;CLF;1 dormitorio;1 baño;35 m² útiles;1 dormitorio | 1 baño | 35 m² útiles;Se Vende Departamento Cercano A Metro Ecuador, Metro Ecuador, Estación Central;;-33.45321765;-70.6993318530319;Se Vende Departamento Cercano A Ecuador, Estación Central, Santiago, Chile
2025-11-29 17:07:36;Estación Central;departamento;Depto 2d 2b 1b San Gumercindo Estacion Central;2400;CLF;2 dormitorios;2 baños;49 m² útiles;2 dormitorios | 2 baños | 49 m² útiles;ECUADOR METRO SAN ALBERTO HURTADO, San Alberto Hurtado, Estación Central;;-33.4511505;-70.6921585;ECUADOR SAN ALBERTO HURTADO, Estación Central, Santiago, Chile
2025-11-29 17:07:36;Estación Central;departamento;Departamento En Venta De 1 Dorm. En Estación Central;1416;CLF;1 dormitorio;1 baño;20 m² útiles;1 dormitorio | 1 baño | 20 m² útiles;Cerca De Calle Piscis, Metro Las Rejas, Estación Central;;-33.46172955;-70.70935473974211;Cerca De Calle Piscis, Estación Central, Santiago, Chile
2025-11-29 17:07:36;Estación Central;departamento;Departamento En Venta En Estación Central;2300;CLF;2 dormitorios;1 baño;42 m² útiles;2 dormitorios | 1 baño | 42 m² útiles;Nicasio Retamales / Obispo Javier Vásquez, Universidad De Santiago, Estación Central;;-33.45427530577911;-70.68591390538077;Nicasio Retamales / Obispo Javier Vásquez, Estación Central, Santiago, Chile
2025-11-29 17:07:36;Estación Central;departamento;Venta Departamento Amoblado Ubicación Metro Ecuador;90000000;CLP;2 dormitorios;1 baño;56 m² útiles;2 dormitorios | 1 baño | 56 m² útiles;Av. Libertador Bernardo O'Higgins 4677, Santiago, Estación Central, Chile, Metro Ecuador, Estación Central;;-33.4554607;-70.69999995914932;Av. Libertador Bernardo O'Higgins 4677, Estación Central, Santiago, Chile
2025-11-29 17:07:36;Estación Central;departamento;Venta Depto 2dorm 1baño, Metro Ecuador ;2250;CLF;2 dormitorios;1 baño;46 m² útiles;2 dormitorios | 1 baño | 46 m² útiles;Metro Ecuador, Metro Ecuador, Estación Central;;-33.4559226;-70.6997325;Ecuador, Estación Central, Santiago, Chile
2025-11-29 17:07:36;Estación Central;departamento;Departamento En Venta De 2 Dorm. En Estación Central;2500;CLF;2 dormitorios;1 baño;45 m² útiles;2 dormitorios | 1 baño | 45 m² útiles;A Una Cuadra Av, Ecuador, Metro Ecuador, Estación Central;;-33.4445812;-70.68286854948249;A Una Cuadra Av, Estación Central, Santiago, Chile
2025-11-29 17:07:36;Estación Central;departamento;Departamento En Venta De 1 Dorm. En Estación Central;1375;CLF;1 dormitorio;1 baño;29 m² útiles;1 dormitorio | 1 baño | 29 m² útiles;Santa Petronila / Avda. Ecuador, Metro Las Rejas, Estación Central;;-33.4535593867369;-70.70467440547924;Santa Petronila / Avda. Ecuador, Estación Central, Santiago, Chile
2025-11-29 17:07:36;Estación Central;departamento;Venta Departamento 1 Dormitorio - Metro San Alberto Hurtado;1450;CLF;1 dormitorio;1 baño;33 m² útiles;1 dormitorio | 1 baño | 33 m² útiles;Metro San Alberto Hurtado, Universidad De Santiago, Estación Central;;-33.4542019;-70.6922721;San Alberto Hurtado, Estación Central, Santiago, Chile
2025-11-29 17:07:36;Estación Central;departamento;Departamento En Venta De 1 Dormitorio En Estación Central;1700;CLF;1 dormitorio;1 baño;31 m² útiles;1 dormitorio | 1 baño | 31 m² útiles;Toro Mazote/ Metro San Alberto Hurtado, San Alberto Hurtado, Estación Central;;-33.4542019;-70.6922721;Toro Mazote/ San Alberto Hurtado, Estación Central, Santiago, Chile
2025-11-29 17:07:36;Estación Central;departamento;Departamento En Venta En Estación Central;1700;CLF;1 dormitorio;1 baño;31 m² útiles;1 dormitorio | 1 baño | 31 m² útiles;Toro Mazote/ Metro San Alberto Hurtado, San Alberto Hurtado, Estación Central;;-33.4542019;-70.6922721;Toro Mazote/ San Alberto Hurtado, Estación Central, Santiago, Chile
2025-11-29 17:07:36;Estación Central;departamento;Venta Depto 1d+1b .estación Central / Acepto Ofertas ;1375;CLF;1 dormitorio;1 baño;29 m² útiles;1 dormitorio | 1 baño | 29 m² útiles;Metro Las Rejas, Metro Las Rejas, Estación Central;;-33.4575386;-70.7067561;Las Rejas, Estación Central, Santiago, Chile
2025-11-29 17:07:36;Estación Central;departamento;Depto En Venta De 2 Dorm. 2b Estación Central Acepto Ofertas;1951;CLF;2 dormitorios;2 baños;52 m² útiles;2 dormitorios | 2 baños | 52 m² útiles;Metro Las Rejas, Estación Central;;-33.4575386;-70.7067561;Las Rejas, Estación Central, Santiago, Chile
2025-11-29 17:07:36;Estación Central;departamento;Venta Depto 3dorm 2baño Metro Padre Hurtado Estacion Central;2078;CLF;3 dormitorios;2 baños;51 m² útiles;3 dormitorios | 2 baños | 51 m² útiles;Metro San Alberto Hurtado, San Alberto Hurtado, Estación Central;;-33.4542019;-70.6922721;San Alberto Hurtado, Estación Central, Santiago, Chile
2025-11-29 17:07:36;Estación Central;departamento;Venta Depto Mariposa 2dorm 2baños Metro Alberto Hurtado.;2200;CLF;2 dormitorios;2 baños;53 m² útiles;2 dormitorios | 2 baños | 53 m² útiles;Metro San Alberto Hurtado, San Alberto Hurtado, Estación Central;;-33.4542019;-70.6922721;San Alberto Hurtado, Estación Central, Santiago, Chile
2025-11-29 17:07:36;Estación Central;departamento;"Venta Depto 1dorm&#43;1baño Estación Central/acepto Ofertas";1228;CLF;1 dormitorio;1 baño;20 m² útiles;1 dormitorio | 1 baño | 20 m² útiles;Metro Las Rejas, Metro Las Rejas, Estación Central;;-33.4575386;-70.7067561;Las Rejas, Estación Central, Santiago, Chile
2025-11-29 17:07:36;Estación Central;departamento;Departamento En Venta De 2 Dorm. En Estación Central;75000000;CLP;2 dormitorios;2 baños;48 m² útiles;2 dormitorios | 2 baños | 48 m² útiles;Ecuador - Francisco Zelada - Estación Central, Metro Ecuador, Estación Central;;-33.4536375;-70.6898654;Ecuador - Francisco Zelada - Estación Central, Estación Central, Santiago, Chile
2025-11-29 17:07:36;Estación Central;departamento;Liquidación Bancaria Depto Coronel Godoy, Estación Central;1333;CLF;1 dormitorio;1 baño;22 m² útiles;1 dormitorio | 1 baño | 22 m² útiles;Calle Coronel Godoy, San Alberto Hurtado, Estación Central;;-33.45533981061462;-70.69316768265847;Calle Coronel Godoy, Estación Central, Santiago, Chile
2025-11-29 17:07:36;Estación Central;departamento;Liquidación Bancaria Depto Conde Del Maule, Est. Central;1988;CLF;2 dormitorios;2 baños;47 m² útiles;2 dormitorios | 2 baños | 47 m² útiles;Conde Del Maule, San Alberto Hurtado, Estación Central;;-33.45338413192823;-70.69449248051292;Conde Del Maule, Estación Central, Santiago, Chile
2025-11-29 17:07:36;Estación Central;departamento;Departamento En Venta De 1 Dorm. En Estación Central;1990;CLF;1 dormitorio;1 baño;32 m² útiles;1 dormitorio | 1 baño | 32 m² útiles;A Pasos Del Metro Ecuador, Metro Ecuador, Estación Central;;-33.4542019;-70.6922721;A Pasos Del Ecuador, Estación Central, Santiago, Chile
2025-11-29 17:07:36;Estación Central;departamento;Departamento En Venta De 2 Dorm. En Estación Central;2350;CLF;2 dormitorios;1 baño;47 m² útiles;2 dormitorios | 1 baño | 47 m² útiles;Blanco Garces 154, San Alberto Hurtado, Estación Central;;-33.4503604;-70.69800392785399;Blanco Garces 154, Estación Central, Santiago, Chile
2025-11-29 17:07:36;Estación Central;departamento;Departamento En Venta De 2 Dorm. En Estación Central;2450;CLF;2 dormitorios;1 baño;49 m² útiles;2 dormitorios | 1 baño | 49 m² útiles;Conde Maule, Metro Ecuador, Estación Central;;-33.454610025933924;-70.69948088144051;Conde Maule, Estación Central, Santiago, Chile
2025-11-29 17:07:36;Estación Central;departamento;Departamento En Venta De 2 Dorm. En Estación Central;2690;CLF;2 dormitorios;2 baños;;2 dormitorios | 2 baños;San Alberto Hurtado Cerca Del Lider., San Alberto Hurtado, Estación Central;;-33.4542019;-70.6922721;San Alberto Hurtado Cerca Del Lider., Estación Central, Santiago, Chile
2025-11-29 17:07:36;Estación Central;departamento;Gran Oportunidad De Inversion!!;2250;CLF;1 dormitorio;1 baño;32 m² útiles;1 dormitorio | 1 baño | 32 m² útiles;Coronel Souper, Metro Ecuador, Estación Central;;-33.4587970769033;-70.6976990807524;Coronel Souper, Estación Central, Santiago, Chile
2025-11-29 17:07:36;Estación Central;departamento;Departamento En Venta De 2 Dorm+2 Baños En Estación Central;2100;CLF;2 dormitorios;2 baños;55 m² útiles;2 dormitorios | 2 baños | 55 m² útiles;AV ECUADOR/ FRANCISCO ZELADA, Metro Ecuador, Estación Central;;-33.452546889003195;-70.70301947226464;AV ECUADOR/ FRANCISCO ZELADA, Estación Central, Santiago, Chile
2025-11-29 17:07:36;Estación Central;departamento;Departamento En Venta De 2 Dorm. En Estación Central;74990000;CLP;2 dormitorios;2 baños;45 m² útiles;2 dormitorios | 2 baños | 45 m² útiles;Ecuador/Coronel Godoy, San Alberto Hurtado, Estación Central;;-33.4559226;-70.6997325;Ecuador/Coronel Godoy, Estación Central, Santiago, Chile
2025-11-29 17:07:36;Estación Central;departamento;Departamento En Venta De 2 Dorm. En Estación Central;2452;CLF;2 dormitorios;1 baño;49 m² útiles;2 dormitorios | 1 baño | 49 m² útiles;Conde Maulde, Metro Ecuador, Estación Central;;-33.4536375;-70.6898654;Conde Maulde, Estación Central, Santiago, Chile
2025-11-29 17:07:36;Estación Central;departamento;Un Ambiente, Pero Con Buenos Espacios;1350;CLF;1 dormitorio;1 baño;33 m² útiles;1 dormitorio | 1 baño | 33 m² útiles;Conde Del Maule 4175 / Buen Espacio, San Alberto Hurtado, Estación Central;;-33.452732;-70.69320504365564;Conde Del Maule 4175 / Buen Espacio, Estación Central, Santiago, Chile
2025-11-29 17:07:36;Estación Central;departamento;Departamento En Venta De 2 Dorm. En Estación Central;2370;CLF;2 dormitorios;1 baño;43 m² útiles;2 dormitorios | 1 baño | 43 m² útiles;Alameda - Metro San Alberto Hurtado, San Alberto Hurtado, Estación Central;;-33.4542019;-70.6922721;Alameda - San Alberto Hurtado, Estación Central, Santiago, Chile
2025-11-29 17:07:36;Estación Central;departamento;Departamento A Pasos De Metro San Alberto Hurtado.;1550;CLF;1 dormitorio;1 baño;33 m² útiles;1 dormitorio | 1 baño | 33 m² útiles;Metro San Alberto Hurtado, San Alberto Hurtado, Estación Central;;-33.4542019;-70.6922721;San Alberto Hurtado, Estación Central, Santiago, Chile
2025-11-29 17:07:36;Estación Central;departamento;Venta Departamento En Santa Petronila, Estación Central;2174;CLF;2 dormitorios;1 baño;43 m² útiles;2 dormitorios | 1 baño | 43 m² útiles;Santa Petronila, Metro Las Rejas, Estación Central;;-33.450666050424914;-70.70481665135743;Santa Petronila, Estación Central, Santiago, Chile
2025-11-29 17:07:36;Estación Central;departamento;Departamento En Venta De 1 Dorm. En Estación Central;1720;CLF;1 dormitorio;1 baño;;1 dormitorio | 1 baño;San Alberto Hurtado Cerca Del Lider, San Alberto Hurtado, Estación Central;;-33.4542019;-70.6922721;San Alberto Hurtado Cerca Del Lider, Estación Central, Santiago, Chile
2025-11-29 17:07:36;Estación Central;departamento;Departamento En Venta De 1 Dorm. En Estación Central;1500;CLF;1 dormitorio;1 baño;30 m² útiles;1 dormitorio | 1 baño | 30 m² útiles;AV ECUADOR/ GENERAL VELASQUEZ/ AV LAS REJAS, Metro Las Rejas, Estación Central;;-33.4575386;-70.7067561;AV ECUADOR/ GENERAL VELASQUEZ/ AV LAS REJAS, Estación Central, Santiago, Chile
2025-11-29 17:07:36;Estación Central;departamento;Departamento En Venta Mono Estudio En Estación Central;1790;CLF;1 dormitorio;1 baño;31 m² útiles;1 dormitorio | 1 baño | 31 m² útiles;Ecuador 4500, Metro Ecuador, Estación Central;;-33.4531417;-70.6979832;Ecuador 4500, Estación Central, Santiago, Chile
2025-11-29 17:07:36;Estación Central;departamento;Departamento En Venta De 2 Dorm. En Estación Central;2690;CLF;2 dormitorios;2 baños;;2 dormitorios | 2 baños;San Alberto Hurtado Frente Al Lider., San Alberto Hurtado, Estación Central;;-33.4542019;-70.6922721;San Alberto Hurtado Frente Al Lider., Estación Central, Santiago, Chile
2025-11-29 17:07:36;Estación Central;departamento;Departamento En Venta De 1 Dorm. En Estación Central;1720;CLF;1 dormitorio;1 baño;;1 dormitorio | 1 baño;San Alberto Hurtado Cerca Lider, San Alberto Hurtado, Estación Central;;-33.4542019;-70.6922721;San Alberto Hurtado Cerca Lider, Estación Central, Santiago, Chile
2025-11-29 17:07:36;Estación Central;departamento;Se Vende Departamento Estudio;1090;CLF;1 dormitorio;1 baño;17 m² útiles;1 dormitorio | 1 baño | 17 m² útiles;Carlos Pezoa Véliz 143, Estación Central, Metro Ecuador, Estación Central;;-33.45506720416667;-70.70313985;Carlos Pezoa Véliz 143, Estación Central, Santiago, Chile
2025-11-29 17:07:36;Estación Central;departamento;Departamento En Venta En Nicasio Retamales Con Terraza;1450;CLF;1 dormitorio;1 baño;37 m² útiles;1 dormitorio | 1 baño | 37 m² útiles;Nicasio Retamales 1 - 300, Estación Central, Universidad De Santiago, Estación Central;;-33.4569589;-70.6879778;Nicasio Retamales 1 - 300, Estación Central, Santiago, Chile
2025-11-29 17:07:36;Estación Central;departamento;"Estación Central Depto: 1d &#43; 1b &#43; 1e ";1600;CLF;1 dormitorio;1 baño;29 m² útiles;1 dormitorio | 1 baño | 29 m² útiles;Metro Ecuador, Metro Ecuador, Estación Central;;-33.4559226;-70.6997325;Ecuador, Estación Central, Santiago, Chile
2025-11-29 17:07:36;Estación Central;departamento;Departamento En Venta De 1 Dorm. En Estación Central;1100;CLF;1 dormitorio;1 baño;32 m² útiles;1 dormitorio | 1 baño | 32 m² útiles;ALAMEDA METRO ESTACION PADRE HURTADO, San Alberto Hurtado, Estación Central;;-33.38893485;-70.54819940469355;ALAMEDA ESTACION PADRE HURTADO, Estación Central, Santiago, Chile
2025-11-29 17:07:36;Estación Central;departamento;Liquidación Bancaria Depto Av. Ecuador, Estación Central;1780;CLF;3 dormitorios;1 baño;52 m² útiles;3 dormitorios | 1 baño | 52 m² útiles;Ecuador 5.065, Metro Las Rejas, Estación Central;;-33.4559226;-70.6997325;Ecuador 5.065, Estación Central, Santiago, Chile
2025-11-29 17:07:36;Estación Central;departamento;Departamento En Venta De 1 Dorm. En Estación Central;1690;CLF;1 dormitorio;1 baño;;1 dormitorio | 1 baño;Concón Cerca Del Lider, San Alberto Hurtado, Estación Central;;-33.4528554;-70.6865552;Concón Cerca Del Lider, Estación Central, Santiago, Chile
2025-11-29 17:07:36;Estación Central;departamento;Studio Con Estacionamiento Oportunidad;38000000;CLP;1 dormitorio;1 baño;20 m² útiles;1 dormitorio | 1 baño | 20 m² útiles;Conde Del Maule 4376, 9170374 Santiago, Estación Central, Región Metropolitana, Chile, San Alberto Hurtado, Estación Central;;-33.45379729818182;-70.69583977090909;Conde Del Maule 4376, Estación Central, Santiago, Chile
2025-11-29 17:07:58;Estación Central;departamento;Departamento En Venta Excelente Para Inversión Metro Ecuador;2490;CLF;2 dormitorios;2 baños;57 m² útiles;2 dormitorios | 2 baños | 57 m² útiles;Conde Del Maule 4521, Estación Central;;-33.45390665;-70.6977615735426;Conde Del Maule 4521, Estación Central, Santiago, Chile
2025-11-29 17:07:58;Estación Central;departamento;Depto. En Venta De 2d/2b, Conde Del Maule, Estacion Central;2750;CLF;2 dormitorios;2 baños;50 m² útiles;2 dormitorios | 2 baños | 50 m² útiles;CONDE DEL MAULE 4521, Metro Ecuador, Estación Central;;-33.45390665;-70.6977615735426;CONDE DEL MAULE 4521, Estación Central, Santiago, Chile
2025-11-29 17:07:58;Estación Central;departamento;Venta Departamento 2 Dormitorios 2 Baños En Estación Central;1700;CLF;2 dormitorios;2 baños;45 m² útiles;2 dormitorios | 2 baños | 45 m² útiles;Metro Ecuador, Estación Central;;-33.4559226;-70.6997325;Ecuador, Estación Central, Santiago, Chile
2025-11-29 17:07:58;Estación Central;departamento;Departamento En Venta De 2 Dorm. En Estación Central;1950;CLF;2 dormitorios;1 baño;42 m² útiles;2 dormitorios | 1 baño | 42 m² útiles;Ecuador, San Alberto Hurtado, Estación Central;;-33.4559226;-70.6997325;Ecuador, Estación Central, Santiago, Chile
2025-11-29 17:07:58;Estación Central;departamento;Venta Departamento En Estación Central Las Rejas Con Titán;2400;CLF;3 dormitorios;1 baño;49 m² útiles;3 dormitorios | 1 baño | 49 m² útiles;Pasaje Titán 4880, Santiago, Estación Central, Chile, Metro Las Rejas, Estación Central;;-33.4489016;-70.68162370843888;Pasaje Titán 4880, Estación Central, Santiago, Chile
2025-11-29 17:07:58;Estación Central;departamento;Departamento En Venta En Estación Central;2550;CLF;3 dormitorios;1 baño;49 m² útiles;3 dormitorios | 1 baño | 49 m² útiles;Pje Titán 4880, Santiago, Estación Central, Metro Las Rejas, Estación Central;;-33.47787837727273;-70.70131598636364;Pje Titán 4880, Estación Central, Santiago, Chile
2025-11-29 17:07:58;Estación Central;departamento;"Depto. Bodega&#43;est. Estación Central, Piso 27, Metro Ecua";2490;CLF;2 dormitorios;1 baño;39 m² útiles;2 dormitorios | 1 baño | 39 m² útiles;Bernardo O´Higgins, Metro Ecuador, Estación Central;;-33.4489016;-70.68162370843888;Bernardo O´Higgins, Estación Central, Santiago, Chile
2025-11-29 17:07:58;Estación Central;departamento;"Moderno 1d&#43;1b Con Cocina Americana A Pasos De La Alameda";1488;CLF;1 dormitorio;1 baño;33 m² útiles;1 dormitorio | 1 baño | 33 m² útiles;Una Cuadra De La Alameda, Universidad De Santiago, Estación Central;;-33.4489016;-70.68162370843888;Una Cuadra De La Alameda, Estación Central, Santiago, Chile
2025-11-29 17:07:58;Estación Central;departamento;Departamento En Venta De 1 Dorm. En Estación Central;1650;CLF;1 dormitorio;1 baño;31 m² útiles;1 dormitorio | 1 baño | 31 m² útiles;Federico Scotto, Universidad De Santiago, Estación Central;;-33.45210873887682;-70.68895116621364;Federico Scotto, Estación Central, Santiago, Chile
2025-11-29 17:07:58;Estación Central;departamento;Departamento En Venta En Metro Las Rejas;2400;CLF;2 dormitorios;1 baño;40 m² útiles;2 dormitorios | 1 baño | 40 m² útiles;METRO LAS REJAS, Metro Las Rejas, Estación Central;;-33.4575386;-70.7067561;LAS REJAS, Estación Central, Santiago, Chile
2025-11-29 17:07:58;Estación Central;departamento;Departamento. En Venta De 1 Dorm. Estación Central;1288;CLF;1 dormitorio;1 baño;31 m² útiles;1 dormitorio | 1 baño | 31 m² útiles;Arriero Estay, Universidad De Santiago, Estación Central;;-33.45184602054623;-70.68898594502936;Arriero Estay, Estación Central, Santiago, Chile
2025-11-29 17:07:58;Estación Central;departamento;Departamento En Venta De 1 Dorm. En Estación Central;2550;CLF;1 dormitorio;1 baño;32 m² útiles;1 dormitorio | 1 baño | 32 m² útiles;Coronel Godoy 0157, San Alberto Hurtado, Estación Central;;-33.45533981061462;-70.69316768265847;Coronel Godoy 0157, Estación Central, Santiago, Chile
2025-11-29 17:07:58;Estación Central;departamento;Vive O Invierte Depto. En Venta De 1 Dorm. Estación Central;1288;CLF;1 dormitorio;1 baño;31 m² útiles;1 dormitorio | 1 baño | 31 m² útiles;Arriero Estay, Universidad De Santiago, Estación Central;;-33.45184602054623;-70.68898594502936;Arriero Estay, Estación Central, Santiago, Chile
2025-11-29 17:07:58;Estación Central;departamento;Departamento 3 Dor 1 B En Excelente Ubicación De E. Central;2500;CLF;3 dormitorios;1 baño;49 m² útiles;3 dormitorios | 1 baño | 49 m² útiles;Pje Titán 4900, 9190798 Estación Central, Región Metropolitana, Chile, Metro Las Rejas, Estación Central;;-33.45944285;-70.70320906091632;Pje Titán 4900, Estación Central, Santiago, Chile
2025-11-29 17:07:58;Estación Central;departamento;Departamento 2d 1b Estac. Al Lado Metro Y Terminal Buses Sur;1813;CLF;2 dormitorios;1 baño;40 m² útiles;2 dormitorios | 1 baño | 40 m² útiles;Nicasion Retamales, Universidad De Santiago, Estación Central;;-33.4536375;-70.6898654;Nicasion Retamales, Estación Central, Santiago, Chile
2025-11-29 17:07:58;Estación Central;departamento;Depto. En Venta 1 Dorm. En Estación Central. ;1690;CLF;1 dormitorio;1 baño;34 m² útiles;1 dormitorio | 1 baño | 34 m² útiles;A Pasos De Metro San Alberto Hurtado, San Alberto Hurtado, Estación Central;;-33.4542019;-70.6922721;A Pasos De San Alberto Hurtado, Estación Central, Santiago, Chile
2025-11-29 17:07:58;Estación Central;departamento;Departamento En Venta En Metro Las Rejas;2200;CLF;1 dormitorio;1 baño;30 m² útiles;1 dormitorio | 1 baño | 30 m² útiles;ECUADOR, Metro Las Rejas, Estación Central;;-33.4559226;-70.6997325;ECUADOR, Estación Central, Santiago, Chile
2025-11-29 17:07:58;Estación Central;departamento;Depto. 1d+1b En Estación Central / Metro San Alberto Hurtado;2100;CLF;1 dormitorio;1 baño;27 m² útiles;1 dormitorio | 1 baño | 27 m² útiles;A Pasos De Metro San Alberto Hurtado, Entre Concón Y Placilla., San Alberto Hurtado, Estación Central;;-33.4542019;-70.6922721;A Pasos De San Alberto Hurtado, Estación Central, Santiago, Chile
2025-11-29 17:07:58;Estación Central;departamento;Departamento En Venta De 1 Dorm. En Estación Central;2000;CLF;1 dormitorio;1 baño;;1 dormitorio | 1 baño;CORONEL GODOY, San Alberto Hurtado, Estación Central;;-33.456483306050025;-70.69279481856528;CORONEL GODOY, Estación Central, Santiago, Chile
2025-11-29 17:07:58;Estación Central;departamento;Departamento En Venta De 1 Dormitorio En Estación Central;2000;CLF;1 dormitorio;1 baño;33 m² útiles;1 dormitorio | 1 baño | 33 m² útiles;Coronel Godoy, San Alberto Hurtado, Estación Central;;-33.456483306050025;-70.69279481856528;Coronel Godoy, Estación Central, Santiago, Chile
2025-11-29 17:07:58;Estación Central;departamento;Departamento En Venta En Estación Central;1490;CLF;1 dormitorio;1 baño;30 m² útiles;1 dormitorio | 1 baño | 30 m² útiles;ECUADOR, Estación Central;;-33.4559226;-70.6997325;ECUADOR, Estación Central, Santiago, Chile
2025-11-29 17:07:58;Estación Central;departamento;Departamento En Venta En La Victoria;1510;CLF;1 dormitorio;1 baño;35 m² útiles;1 dormitorio | 1 baño | 35 m² útiles;CORUÑA / FRANCISCO ZELADA / LA VICTORIA, Metro Ecuador, Estación Central;;-33.452546889003195;-70.70301947226464;CORUÑA / FRANCISCO ZELADA / LA VICTORIA, Estación Central, Santiago, Chile
2025-11-29 17:07:58;Estación Central;departamento;Departamento En Venta En Alameda;1690;CLF;1 dormitorio;1 baño;35 m² útiles;1 dormitorio | 1 baño | 35 m² útiles;ECUADOR / ALAMEDA / VELASQUEZ, Metro Ecuador, Estación Central;;-33.4559226;-70.6997325;ECUADOR / ALAMEDA / VELASQUEZ, Estación Central, Santiago, Chile
2025-11-29 17:07:58;Estación Central;departamento;Departamento En Venta De 3 Dorm 2baños . En Estación Central;2900;CLF;3 dormitorios;2 baños;67 m² útiles;3 dormitorios | 2 baños | 67 m² útiles;Gerenal Amengual0145, San Alberto Hurtado, Estación Central;;-33.4536375;-70.6898654;Gerenal Amengual0145, Estación Central, Santiago, Chile
2025-11-29 17:07:58;Estación Central;departamento;"Depto 1d1b A Metro Ecuador; Alta Demanda Y Flujo Asegurado";1700;CLF;1 dormitorio;1 baño;36 m² útiles;1 dormitorio | 1 baño | 36 m² útiles;Metro Ecuador,, Metro Ecuador, Estación Central;;-33.4559226;-70.6997325;Ecuador, Estación Central, Santiago, Chile
2025-11-29 17:07:58;Estación Central;departamento;Depto 1d1b A Pasos Metro Ecuador Alta Demanda Y Flujo Asegu;1700;CLF;1 dormitorio;1 baño;36 m² útiles;1 dormitorio | 1 baño | 36 m² útiles;Cerca De Metro Ecuador, Metro Ecuador, Estación Central;;-33.4559226;-70.6997325;Cerca De Ecuador, Estación Central, Santiago, Chile
2025-11-29 17:07:58;Estación Central;departamento;Departamento En Venta De 1 Ambiente En Estación Central;980;CLF;1 dormitorio;1 baño;22 m² útiles;1 dormitorio | 1 baño | 22 m² útiles;Metro San Alberto Hurtado, San Alberto Hurtado, Estación Central;;-33.4542019;-70.6922721;San Alberto Hurtado, Estación Central, Santiago, Chile
2025-11-29 17:07:58;Estación Central;departamento;Depto. Con Vista, Terraza Y Renta Activa;2410;CLF;2 dormitorios;2 baños;49 m² útiles;2 dormitorios | 2 baños | 49 m² útiles;Coronel Souper 4200 - 4500, 4438, Estación Central;;-33.4586104;-70.696639;Coronel Souper 4200 - 4500, Estación Central, Santiago, Chile
2025-11-29 17:07:58;Estación Central;departamento;Oferta Departamento Con Estacionamiento!;1280;CLF;1 dormitorio;1 baño;30 m² útiles;1 dormitorio | 1 baño | 30 m² útiles;Toro Mazotte, 1 - 300, San Alberto Hurtado, Estación Central;;-33.459468446430705;-70.69061060993947;Toro Mazotte, Estación Central, Santiago, Chile
2025-11-29 17:07:58;Estación Central;departamento;Departamento En Venta En Estación Central. 2d 2b;1900;CLF;2 dormitorios;2 baños;70 m² útiles;2 dormitorios | 2 baños | 70 m² útiles;Metro Ecuador, Estación Central;;-33.4559226;-70.6997325;Ecuador, Estación Central, Santiago, Chile
2025-11-29 17:07:58;Estación Central;departamento;Promocion Departamento 2hab;2550;CLF;2 dormitorios;2 baños;41 m² útiles;2 dormitorios | 2 baños | 41 m² útiles;Apostol Santiago, 1 - 300, San Alberto Hurtado, Estación Central;;-33.4498544908554;-70.69262897364759;Apostol Santiago, Estación Central, Santiago, Chile
2025-11-29 17:07:58;Estación Central;departamento;Oportunidad ! Venta Departamento Condominio 2 D, 1 Baño;1750;CLF;2 dormitorios;1 baño;55 m² útiles;2 dormitorios | 1 baño | 55 m² útiles;Calle Obispo Manuel Umana Salinas 1626, Santiago, Estación Central, Chile, Nogales - San Eugenio, Estación Central;;-33.46975812;-70.68448637391305;Calle Obispo Manuel Umana Salinas 1626, Estación Central, Santiago, Chile
2025-11-29 17:07:58;Estación Central;departamento;Departamento En Venta Tipo Estudio En Estación Central;2050;CLF;1 dormitorio;1 baño;22 m² útiles;1 dormitorio | 1 baño | 22 m² útiles;Avenida Ecuador 4186. Comuna De Estación Central. Región Metropolitana., San Alberto Hurtado, Estación Central;;-33.4559226;-70.6997325;Avenida Ecuador 4186. Comuna De Estación Central. Región politana., Estación Central, Santiago, Chile
2025-11-29 17:07:58;Estación Central;departamento;Remate 2d 2b 1e 1bod!;2550;CLF;2 dormitorios;2 baños;41 m² útiles;2 dormitorios | 2 baños | 41 m² útiles;Apostol Santiago32, 1 - 300, San Alberto Hurtado, Estación Central;;-33.42348905;-70.61587546381736;Apostol Santiago32, Estación Central, Santiago, Chile
2025-11-29 17:07:58;Estación Central;departamento;Depto 1d/1b - Metro San Alberto Hurtado;1800;CLF;1 dormitorio;1 baño;33 m² útiles;1 dormitorio | 1 baño | 33 m² útiles;Porto Seguro, 1 - 300, San Alberto Hurtado, Estación Central;;-33.44838;-70.702534;Porto Seguro, Estación Central, Santiago, Chile
2025-11-29 17:07:58;Estación Central;departamento;¡vive Comodidad Urbana En Estación Central!;1345;CLF;2 dormitorios;1 baño;39 m² útiles;2 dormitorios | 1 baño | 39 m² útiles;Conde Del Maule, 4200 - 4500, San Alberto Hurtado, Estación Central;;-33.45338413192823;-70.69449248051292;Conde Del Maule, Estación Central, Santiago, Chile
2025-11-29 17:07:58;Estación Central;departamento;Venta Para Inversion 1d1b Est. Central La Coruña;1950;CLF;1 dormitorio;1 baño;34 m² útiles;1 dormitorio | 1 baño | 34 m² útiles;Metro Ecuador, Estación Central;;-33.4559226;-70.6997325;Ecuador, Estación Central, Santiago, Chile
2025-11-29 17:07:58;Estación Central;departamento;Departamento En Venta En Estación Central 1d 1b;2400;CLF;1 dormitorio;1 baño;32 m² útiles;1 dormitorio | 1 baño | 32 m² útiles;San Alberto Hurtado, Estación Central;;-33.4542019;-70.6922721;San Alberto Hurtado, Estación Central, Santiago, Chile
2025-11-29 17:07:58;Estación Central;departamento;Oportunidad A Una Cuadra De Metro Ecuador;1400;CLF;1 dormitorio;1 baño;27 m² útiles;1 dormitorio | 1 baño | 27 m² útiles;Conde Del Maule, 4500 - 4800, Metro Ecuador, Estación Central;;-33.45338413192823;-70.69449248051292;Conde Del Maule, Estación Central, Santiago, Chile
2025-11-29 17:07:58;Estación Central;departamento;Depto En Venta En Estación Central (31 M2);63380800;CLP;1 dormitorio;1 baño;31 m² útiles;1 dormitorio | 1 baño | 31 m² útiles;LIB B OHIGGINS, 4800 - 5100, Metro Ecuador, Estación Central;;-33.4489016;-70.68162370843888;LIB B OHIGGINS, Estación Central, Santiago, Chile
2025-11-29 17:07:58;Estación Central;departamento;Venta Inversion 1d1b Coronel Souper Est.central;2090;CLF;1 dormitorio;1 baño;34 m² útiles;1 dormitorio | 1 baño | 34 m² útiles;San Alberto Hurtado, Estación Central;;-33.4542019;-70.6922721;San Alberto Hurtado, Estación Central, Santiago, Chile
2025-11-29 17:07:58;Estación Central;departamento;Lindo Departamento Con Gran Conectividad;3100;CLF;2 dormitorios;2 baños;50 m² útiles;2 dormitorios | 2 baños | 50 m² útiles;LINDO DEPARTAMENTO CON GRAN CONECTIVIDAD, Metro Las Rejas, Estación Central;;36.744356519706336;-3.6671500687921847;LINDO CON GRAN CONECTIVIDAD, Estación Central, Santiago, Chile
2025-11-29 17:07:58;Estación Central;departamento;Titan // Estación Metro Las Rejas;2450;CLF;2 dormitorios;1 baño;60 m² útiles;2 dormitorios | 1 baño | 60 m² útiles;Pasaje Titán 4800 - 5100, Santiago, Estación Central, Chile, Metro Las Rejas, Estación Central;;-33.4594035;-70.7052408;Pasaje Titán 4800 - 5100, Estación Central, Santiago, Chile
2025-11-29 17:07:58;Estación Central;departamento;¡tu Hogar Ideal En Estación Central Espera!;2595;CLF;2 dormitorios;2 baños;42 m² útiles;2 dormitorios | 2 baños | 42 m² útiles;PLACILLA 149, 1 - 300, San Alberto Hurtado, Estación Central;;-33.4570044;-70.694260316884;PLACILLA 149, Estación Central, Santiago, Chile
2025-11-29 17:07:58;Estación Central;departamento;Oferta Dpto En Venta;1800;CLF;2 dormitorios;1 baño;41 m² útiles;2 dormitorios | 1 baño | 41 m² útiles;OfertaToro Mazote, 0, San Alberto Hurtado, Estación Central;;-33.4536375;-70.6898654;OfertaToro Mazote, Estación Central, Santiago, Chile
2025-11-29 17:07:58;Estación Central;departamento;Avenida Maria Rozas Velasquez // Metro Las Rejas;1500;CLF;1 dormitorio;1 baño;30 m² útiles;1 dormitorio | 1 baño | 30 m² útiles;Av. María Rozas Velásquez 61, Santiago, Estación Central, Metro Las Rejas, Estación Central;;-33.4537755;-70.70570847947258;Av. María Rozas Velásquez 61, Estación Central, Santiago, Chile
2025-11-29 17:07:58;Estación Central;departamento;Toro Mazotte // Metro San Alberto Hurtado;58000000;CLP;1 dormitorio;1 baño;20 m² útiles;1 dormitorio | 1 baño | 20 m² útiles;Toro Mazotte 1 - 300, San Alberto Hurtado, Estación Central;;-33.4583573;-70.6907079;Toro Mazotte 1 - 300, Estación Central, Santiago, Chile
2025-11-29 17:08:20;Estación Central;departamento;Constantino // Embajador Quintana;69000000;CLP;1 dormitorio;1 baño;30 m² útiles;1 dormitorio | 1 baño | 30 m² útiles;Constantino 141, Santiago, Estación Central, San Alberto Hurtado, Estación Central;;-33.45040245;-70.69602711992621;Constantino 141, Estación Central, Santiago, Chile
2025-11-29 17:08:20;Estación Central;departamento;Departamento En Venta En Estación Central;1450;CLF;2 dormitorios;1 baño;45 m² útiles;2 dormitorios | 1 baño | 45 m² útiles;Av. Padre Alberto Hurtado 104, Estación Central, Universidad De Santiago, Estación Central;;-33.4542019;-70.6922721;Av. Padre Alberto Hurtado 104, Estación Central, Santiago, Chile
2025-11-29 17:08:20;Estación Central;departamento;Ideal Para Inversión!;1350;CLF;2 dormitorios;1 baño;45 m² útiles;2 dormitorios | 1 baño | 45 m² útiles;Av. 5 De Abril 5275, Santiago, Estación Central, Villa Francia, Estación Central;;-33.472105036781606;-70.71734968505747;Av. 5 De Abril 5275, Estación Central, Santiago, Chile
2025-11-29 17:08:20;Estación Central;departamento;Imperdible Cerca Metro San Alberto Hurtado Alameda Est Cent ;1450;CLF;2 dormitorios;1 baño;46 m² útiles;2 dormitorios | 1 baño | 46 m² útiles;Obispo Javier Vásquez 4082, Santiago, Estación Central, Región Metropolitana, Chile, Universidad De Santiago, Estación Central;;-33.45427530577911;-70.68591390538077;Obispo Javier Vásquez 4082, Estación Central, Santiago, Chile
2025-11-29 17:08:20;Estación Central;departamento;Dpto En Venta En Universidad De Santiago Cod. 1110;1890;CLF;1 dormitorio;1 baño;32 m² útiles;1 dormitorio | 1 baño | 32 m² útiles;Nicasio Retamales 048, Santiago, Estación Central, Chile, Universidad De Santiago, Estación Central;;-33.458212903576616;-70.68794611608213;Nicasio Retamales 048, Estación Central, Santiago, Chile
2025-11-29 17:08:20;Estación Central;departamento;Departamento En Venta En Metro Ecuador;1650;CLF;1 dormitorio;1 baño;30 m² útiles;1 dormitorio | 1 baño | 30 m² útiles;Conde Del Maule 4642, Santiago, Estación Central, Chile, Metro Ecuador, Estación Central;;-33.455249800000004;-70.7005326601452;Conde Del Maule 4642, Estación Central, Santiago, Chile
2025-11-29 17:08:20;Estación Central;departamento;Excelente Inversion;72000000;CLP;2 dormitorios;1 baño;40 m² útiles;2 dormitorios | 1 baño | 40 m² útiles;Santa Petronila, 1 - 300, Metro Las Rejas, Estación Central;;-33.450666050424914;-70.70481665135743;Santa Petronila, Estación Central, Santiago, Chile
2025-11-29 17:08:20;Estación Central;departamento;Departamento En Venta En Metro Ecuador;3800;CLF;2 dormitorios;2 baños;54 m² útiles;2 dormitorios | 2 baños | 54 m² útiles;Cnel. Souper 4515, Santiago, Estación Central, Metro Ecuador, Estación Central;;-33.45840905;-70.69699099182506;Cnel. Souper 4515, Estación Central, Santiago, Chile
2025-11-29 17:08:20;Estación Central;departamento;Departamento En Venta En Las Rejas Norte;1150;CLF;1 dormitorio;1 baño;27 m² útiles;1 dormitorio | 1 baño | 27 m² útiles;LAS REJAS NORTE / ECUADOR, Metro Las Rejas, Estación Central;;-33.4575386;-70.7067561;LAS REJAS NORTE / ECUADOR, Estación Central, Santiago, Chile
2025-11-29 17:08:20;Estación Central;departamento;Departamento En Venta En Santa Petronila;1400;CLF;1 dormitorio;1 baño;19 m² útiles;1 dormitorio | 1 baño | 19 m² útiles;Sta. Petronila 38, Estación Central, Metro Las Rejas, Estación Central;;-33.453637099999995;-70.70494999471634;Sta. Petronila 38, Estación Central, Santiago, Chile
2025-11-29 17:08:20;Estación Central;departamento;Departamento En Venta En Metro Ecuador;2250;CLF;2 dormitorios;1 baño;47 m² útiles;2 dormitorios | 1 baño | 47 m² útiles;Conde Del Maule 4577, Estación Central, Metro Ecuador, Estación Central;;-33.45412385;-70.69885357615101;Conde Del Maule 4577, Estación Central, Santiago, Chile
2025-11-29 17:08:20;Estación Central;departamento;Recreo 250, Estación Central  1 Dorm, Venta Sin Comisión;1690;CLF;1 dormitorio;1 baño;31 m² útiles;1 dormitorio | 1 baño | 31 m² útiles;Recreo 250, Santiago, Estación Central, San Alberto Hurtado, Estación Central;;-33.45757125;-70.69572436559417;Recreo 250, Estación Central, Santiago, Chile
2025-11-29 17:08:20;Estación Central;departamento;Hermoso Departamento En Venta , Toro Mazote 2d1b , Codkt;2100;CLF;2 dormitorios;1 baño;45 m² útiles;2 dormitorios | 1 baño | 45 m² útiles;Toro Mazotte 150, Santiago, Estación Central, San Alberto Hurtado, Estación Central;;-33.45656045;-70.69108355282131;Toro Mazotte 150, Estación Central, Santiago, Chile
2025-11-29 17:08:20;Estación Central;departamento;Venta Depto 1 Dormitorio 1 Baño Estación Central Codkt;1790;CLF;1 dormitorio;1 baño;35 m² útiles;1 dormitorio | 1 baño | 35 m² útiles;Placilla 65, Santiago, Estación Central, San Alberto Hurtado, Estación Central;;-33.45601105;-70.69454646230245;Placilla 65, Estación Central, Santiago, Chile
2025-11-29 17:08:20;Estación Central;departamento;Ecuador / Conde Del Maule;2900;CLF;3 dormitorios;2 baños;65 m² útiles;3 dormitorios | 2 baños | 65 m² útiles;ECUADOR / CONDE DEL MAULE, Metro Ecuador, Estación Central;;-33.452246267002835;-70.69487519560441;ECUADOR / CONDE DEL MAULE, Estación Central, Santiago, Chile
2025-11-29 17:08:20;Estación Central;departamento;Depto En Venta Cercano A Metro San Alberto Hurtado;2000;CLF;3 dormitorios;1 baño;65 m² útiles;3 dormitorios | 1 baño | 65 m² útiles;Av. Alameda Libertador Bernardo O'Higgins 4272, Estación Central, San Alberto Hurtado, Estación Central;;-33.4489016;-70.68162370843888;Av. Alameda Libertador Bernardo O'Higgins 4272, Estación Central, Santiago, Chile
2025-11-29 17:08:20;Estación Central;departamento;A Pasos De Estación De Metro San Alberto Hurtado;2000;CLF;2 dormitorios;1 baño;45 m² útiles;2 dormitorios | 1 baño | 45 m² útiles;Coronel Souper 4060, Santiago, Estación Central, Chile, San Alberto Hurtado, Estación Central;;-33.45759365;-70.69053248762756;Coronel Souper 4060, Estación Central, Santiago, Chile
2025-11-29 17:08:20;Estación Central;departamento;Ecuador / Conde Del Maule;2500;CLF;2 dormitorios;2 baños;50 m² útiles;2 dormitorios | 2 baños | 50 m² útiles;ECUADOR / CONDE DEL MAULE, Metro Ecuador, Estación Central;;-33.452246267002835;-70.69487519560441;ECUADOR / CONDE DEL MAULE, Estación Central, Santiago, Chile
2025-11-29 17:08:20;Estación Central;departamento;Venta Dpto Studio Purisima / Conde Del Maule;1500;CLF;1 dormitorio;1 baño;26 m² útiles;1 dormitorio | 1 baño | 26 m² útiles;PURISIMA / CONDE DEL MAULE, Metro Ecuador, Estación Central;;-33.45338413192823;-70.69449248051292;PURISIMA / CONDE DEL MAULE, Estación Central, Santiago, Chile
2025-11-29 17:08:20;Estación Central;departamento;Purisima / Conde Del Maule;1650;CLF;1 dormitorio;1 baño;27 m² útiles;1 dormitorio | 1 baño | 27 m² útiles;PURISIMA / CONDE DEL MAULE, Metro Ecuador, Estación Central;;-33.45338413192823;-70.69449248051292;PURISIMA / CONDE DEL MAULE, Estación Central, Santiago, Chile
2025-11-29 17:08:20;Estación Central;departamento;Ecuador / Conde Del Maule;2300;CLF;2 dormitorios;1 baño;55 m² útiles;2 dormitorios | 1 baño | 55 m² útiles;ECUADOR / CONDE DEL MAULE, Metro Ecuador, Estación Central;;-33.452246267002835;-70.69487519560441;ECUADOR / CONDE DEL MAULE, Estación Central, Santiago, Chile
2025-11-29 17:08:20;Estación Central;departamento;Departamento Cercano A Metro San Alberto Hurtado;2450;CLF;2 dormitorios;2 baños;52 m² útiles;2 dormitorios | 2 baños | 52 m² útiles;Placilla 046, Santiago, Estación Central, San Alberto Hurtado, Estación Central;;-33.4539635;-70.69516317598095;Placilla 046, Estación Central, Santiago, Chile
2025-11-29 17:08:20;Estación Central;departamento;A Pasos De Estación De Metro Usach;85000000;CLP;2 dormitorios;1 baño;41 m² útiles;2 dormitorios | 1 baño | 41 m² útiles;Avenida Obispo Manuel Umaña 033, Santiago, Estación Central, Chile, Universidad De Santiago, Estación Central;;-33.458038895701236;-70.68404530931114;Avenida Obispo Manuel Umaña 033, Estación Central, Santiago, Chile
2025-11-29 17:08:20;Estación Central;departamento;Departamento En Venta En Cuadro Verde;2800;CLF;2 dormitorios;2 baños;54 m² útiles;2 dormitorios | 2 baños | 54 m² útiles;CUADRO VERDE / PAJARITOS, Metro Pajaritos, Estación Central;;-33.4662989467417;-70.72334846538827;CUADRO VERDE / PAJARITOS, Estación Central, Santiago, Chile
2025-11-29 17:08:20;Estación Central;departamento;Departamento En Venta En Metro Las Rejas;990;CLF;1 dormitorio;1 baño;27 m² útiles;1 dormitorio | 1 baño | 27 m² útiles;LAS REJAS NORTE / AV ECUADOR, Metro Las Rejas, Estación Central;;-33.4575386;-70.7067561;LAS REJAS NORTE / AV ECUADOR, Estación Central, Santiago, Chile
2025-11-29 17:08:20;Estación Central;departamento;Avenida Ecuador / Conde Del Maule;2600;CLF;2 dormitorios;2 baños;50 m² útiles;2 dormitorios | 2 baños | 50 m² útiles;AVENIDA ECUADOR / CONDE DEL MAULE, Metro Ecuador, Estación Central;;-33.452246267002835;-70.69487519560441;AVENIDA ECUADOR / CONDE DEL MAULE, Estación Central, Santiago, Chile
2025-11-29 17:08:20;Estación Central;departamento;Se Vende Depto Dúplex;45000000;CLP;2 dormitorios;1 baño;45 m² útiles;2 dormitorios | 1 baño | 45 m² útiles;Pje. Coyhaique 6066, Santiago, Estación Central, Villa Francia, Estación Central;;-33.47334823333333;-70.70484167777778;Pje. Coyhaique 6066, Estación Central, Santiago, Chile
2025-11-29 17:08:20;Estación Central;departamento;Venta Depto. 2 D+ 2 B Conde De Maule - Santiago (5108);2790;CLF;2 dormitorios;2 baños;47 m² útiles;2 dormitorios | 2 baños | 47 m² útiles;Conde De Maule 4470, San Alberto Hurtado, Estación Central;;-33.45425975;-70.69673889184014;Conde De Maule 4470, Estación Central, Santiago, Chile
2025-11-29 17:08:20;Estación Central;departamento; Tu Departamento Con Conectividad Te Espera ;2812;CLF;3 dormitorios;2 baños;61 m² útiles;3 dormitorios | 2 baños | 61 m² útiles;Carlos Pezoa Veliz, 1 - 300, Estación Central;;-33.45575955203821;-70.70305514685388;Carlos Pezoa Veliz, Estación Central, Santiago, Chile
2025-11-29 17:08:20;Estación Central;departamento; Moderno Departamento Te Espera ;2812;CLF;3 dormitorios;2 baños;61 m² útiles;3 dormitorios | 2 baños | 61 m² útiles;Carlos Pezoa Veliz, 1 - 300, Estación Central;;-33.45575955203821;-70.70305514685388;Carlos Pezoa Veliz, Estación Central, Santiago, Chile
2025-11-29 17:08:20;Estación Central;departamento;Excelente Oportunidad De Inversión;90000000;CLP;3 dormitorios;2 baños;65 m² útiles;3 dormitorios | 2 baños | 65 m² útiles;Coronel Souper, 1 - 300, San Alberto Hurtado, Estación Central;;-33.4587970769033;-70.6976990807524;Coronel Souper, Estación Central, Santiago, Chile
2025-11-29 17:08:20;Estación Central;departamento;Depto. En Venta .: Vivir O Inversión  Tu Decides ;1640;CLF;2 dormitorios;1 baño;41 m² útiles;2 dormitorios | 1 baño | 41 m² útiles;Av. Ecuador, 4500 - 4800, Metro Ecuador, Estación Central;;-33.45259369917749;-70.69621462893853;Av. Ecuador, Estación Central, Santiago, Chile
2025-11-29 17:08:20;Estación Central;departamento;Inversionistas! 2d/1b Cercano A Metro Ecuador;2650;CLF;2 dormitorios;1 baño;46 m² útiles;2 dormitorios | 1 baño | 46 m² útiles;Ecuador, 1 - 300, Metro Ecuador, Estación Central;;-33.4559226;-70.6997325;Ecuador, Estación Central, Santiago, Chile
2025-11-29 17:08:20;Estación Central;departamento;Alameda/toromazott C_756366;2580;CLF;2 dormitorios;1 baño;44 m² útiles;2 dormitorios | 1 baño | 44 m² útiles;San Alberto Hurtado, Estación Central;;-33.4542019;-70.6922721;San Alberto Hurtado, Estación Central, Santiago, Chile
2025-11-29 17:08:20;Estación Central;departamento;Hermoso Departamento En Venta, Placilla Estación Central;2800;CLF;2 dormitorios;2 baños;50 m² útiles;2 dormitorios | 2 baños | 50 m² útiles;Placilla 149, Estación Central, San Alberto Hurtado, Estación Central;;-33.4570044;-70.694260316884;Placilla 149, Estación Central, Santiago, Chile
2025-11-29 17:08:20;Estación Central;departamento;Departamento 2 Dormitorios, 2 Baños Y 1 Estacionamiento;80000000;CLP;2 dormitorios;2 baños;48 m² útiles;2 dormitorios | 2 baños | 48 m² útiles;Av. Víctor Jara 4122, 9170285 Estación Central, Región Metropolitana, Chile, San Alberto Hurtado, Estación Central;;-33.452304100000006;-70.69341493999227;Av. Víctor Jara 4122, Estación Central, Santiago, Chile
2025-11-29 17:08:20;Estación Central;departamento;Concón 67, Santiago, Estación Central, Chile;105000000;CLP;3 dormitorios;2 baños;58 m² útiles;3 dormitorios | 2 baños | 58 m² útiles;Concón 67, Santiago, Estación Central, Chile, San Alberto Hurtado, Estación Central;;-33.45416107755102;-70.69606606938775;Concón 67, Estación Central, Santiago, Chile
2025-11-29 17:08:20;Estación Central;departamento;¡moderno Departamento En Estación Central!;2000;CLF;1 dormitorio;1 baño;5 m² útiles;1 dormitorio | 1 baño | 5 m² útiles;MARIA ROZAS VELASQUEZ, 45, Metro Las Rejas, Estación Central;;-33.4559177;-70.70561315;MARIA ROZAS VELASQUEZ, Estación Central, Santiago, Chile
2025-11-29 17:08:20;Estación Central;departamento;Departamento En Venta De 1 Dorm. En Estación Central;1550;CLF;1 dormitorio;1 baño;35 m² útiles;1 dormitorio | 1 baño | 35 m² útiles;Metro San Alberto Hurtado, San Alberto Hurtado, Estación Central;;-33.4542019;-70.6922721;San Alberto Hurtado, Estación Central, Santiago, Chile
2025-11-29 17:08:20;Estación Central;departamento;Departamento En Venta De 1 Dorm. En Estación Central;1500;CLF;1 dormitorio;1 baño;45 m² útiles;1 dormitorio | 1 baño | 45 m² útiles;Metro San Alberto Hurtado, San Alberto Hurtado, Estación Central;;-33.4542019;-70.6922721;San Alberto Hurtado, Estación Central, Santiago, Chile
2025-11-29 17:08:20;Estación Central;departamento;Departamento Venta Estación Central;1700;CLF;1 dormitorio;1 baño;33 m² útiles;1 dormitorio | 1 baño | 33 m² útiles;Blanco Garcés 154, Estación Central, San Alberto Hurtado, Estación Central;;-33.4503604;-70.69800392785399;Blanco Garcés 154, Estación Central, Santiago, Chile
2025-11-29 17:08:20;Estación Central;departamento;Departamento En Venta De 2 Dorm. En Estación Central;1790;CLF;2 dormitorios;1 baño;43 m² útiles;2 dormitorios | 1 baño | 43 m² útiles;Embajador Quintana 4334 Metro San Alberto Hurtado, San Alberto Hurtado, Estación Central;;-33.4542019;-70.6922721;Embajador Quintana 4334 San Alberto Hurtado, Estación Central, Santiago, Chile
2025-11-29 17:08:20;Estación Central;departamento;Depto 2d 2b 1e 1b San Alberto Hurtado;2600;CLF;2 dormitorios;2 baños;42 m² útiles;2 dormitorios | 2 baños | 42 m² útiles;Placilla 149, Estación Central, San Alberto Hurtado, Estación Central;;-33.4570044;-70.694260316884;Placilla 149, Estación Central, Santiago, Chile
2025-11-29 17:08:20;Estación Central;departamento;Departamento En Venta De 1 Dorm Sin Comisión En Est. Central;1320;CLF;1 dormitorio;1 baño;31 m² útiles;1 dormitorio | 1 baño | 31 m² útiles;Ecuador / Sin Comisión, San Alberto Hurtado, Estación Central;;-33.4559226;-70.6997325;Ecuador / Sin Comisión, Estación Central, Santiago, Chile
2025-11-29 17:08:20;Estación Central;departamento;Departamento Venta De 2 Dorm. Metro Las Rejas;1800;CLF;2 dormitorios;1 baño;45 m² útiles;2 dormitorios | 1 baño | 45 m² útiles;Metro Las Rejas, Metro Las Rejas, Estación Central;;-33.4575386;-70.7067561;Las Rejas, Estación Central, Santiago, Chile
2025-11-29 17:08:20;Estación Central;departamento;Departamento En Venta De 2 Dorm. En Estación Central;1850;CLF;2 dormitorios;1 baño;45 m² útiles;2 dormitorios | 1 baño | 45 m² útiles;Metro Las Rejas, Metro Las Rejas, Estación Central;;-33.4575386;-70.7067561;Las Rejas, Estación Central, Santiago, Chile
2025-11-29 17:08:20;Estación Central;departamento;Departamento En Venta De 1 Dorm. En Estación Central;1290;CLF;1 dormitorio;1 baño;33 m² útiles;1 dormitorio | 1 baño | 33 m² útiles;Av Alberto Hurtado0131, Estación Central;;-33.4542019;-70.6922721;Av Alberto Hurtado0131, Estación Central, Santiago, Chile
2025-11-29 17:09:14;Estación Central;departamento;Departamento En Venta 2 Dorm.1 Baño Estacionamietno Y Bodega;1750;CLF;2 dormitorios;1 baño;43 m² útiles;2 dormitorios | 1 baño | 43 m² útiles;Embajador Quintana 4334, San Alberto Hurtado, Estación Central;;-33.4513384;-70.69439664091641;Embajador Quintana 4334, Estación Central, Santiago, Chile
2025-11-29 17:09:14;Estación Central;departamento;Departamento Estudio Con Bodega En Venta En E. Central;1250;CLF;1 dormitorio;1 baño;27 m² útiles;1 dormitorio | 1 baño | 27 m² útiles;NICASIO RETAMALES SUR/ALAMEDA/U.DE SANTIAGO, Universidad De Santiago, Estación Central;;-33.458212903576616;-70.68794611608213;NICASIO RETAMALES SUR/ALAMEDA/U.DE SANTIAGO, Estación Central, Santiago, Chile
2025-11-29 17:09:14;Estación Central;departamento;Departamento En Venta De 1 Dorm. En Estación Central;1700;CLF;1 dormitorio;1 baño;34 m² útiles;1 dormitorio | 1 baño | 34 m² útiles;Padre Alberto Hurtado 0145, Estación Central;;-33.4542019;-70.6922721;Padre Alberto Hurtado 0145, Estación Central, Santiago, Chile
2025-11-29 17:09:14;Estación Central;departamento;Departamento En Venta De 2 Dorm. En Estación Central;60500000;CLP;2 dormitorios;1 baño;42 m² útiles;2 dormitorios | 1 baño | 42 m² útiles;Alameda Con Obispo Umaña, Universidad De Santiago, Estación Central;;-33.4689146796147;-70.68459684726906;Alameda Con Obispo Umaña, Estación Central, Santiago, Chile
2025-11-29 17:09:14;Estación Central;departamento;Departamento En Venta De 1 Dorm. En Estación Central;1580;CLF;1 dormitorio;1 baño;28 m² útiles;1 dormitorio | 1 baño | 28 m² útiles;Abtao 24, Metro Ecuador, Estación Central;;-33.452980800000006;-70.70046411868825;Abtao 24, Estación Central, Santiago, Chile
2025-11-29 17:09:14;Estación Central;departamento;Departamento En Venta De 2 Dorm. En Estación Central;2300;CLF;2 dormitorios;1 baño;41 m² útiles;2 dormitorios | 1 baño | 41 m² útiles;Blanco Garces 154, San Alberto Hurtado, Estación Central;;-33.4503604;-70.69800392785399;Blanco Garces 154, Estación Central, Santiago, Chile
2025-11-29 17:09:14;Estación Central;departamento;Departamento En Venta De 2 Dorm. En Estación Central;1550;CLF;2 dormitorios;1 baño;42 m² útiles;2 dormitorios | 1 baño | 42 m² útiles;Concón 0165, Estación Central;;-33.453079200000005;-70.69622666787913;Concón 0165, Estación Central, Santiago, Chile
2025-11-29 17:09:14;Estación Central;departamento;Departamento En Venta De 1 Dorm. En Estación Central;2000;CLF;1 dormitorio;1 baño;40 m² útiles;1 dormitorio | 1 baño | 40 m² útiles;Radal 066, Estación Central;;-33.4536375;-70.6898654;Radal 066, Estación Central, Santiago, Chile
2025-11-29 17:09:14;Estación Central;departamento;Departamento En Venta De 1 Dorm. En Estación Central;1000;CLF;1 dormitorio;1 baño;22 m² útiles;1 dormitorio | 1 baño | 22 m² útiles;Calle Carlos Pezoa Veliz 0143, Estación Central;;-33.455291149999994;-70.70287856857243;Calle Carlos Pezoa Veliz 0143, Estación Central, Santiago, Chile
2025-11-29 17:09:14;Estación Central;departamento;Departamento En Venta De 2 Dorm. En Estación Central;2430;CLF;2 dormitorios;1 baño;43 m² útiles;2 dormitorios | 1 baño | 43 m² útiles;Nicasio Retamales 054 Torre Norte, Universidad De Santiago, Estación Central;;-33.458212903576616;-70.68794611608213;Nicasio Retamales 054 Torre Norte, Estación Central, Santiago, Chile
2025-11-29 17:09:14;Estación Central;departamento;Departamento En Venta De 1 Dorm. En Estación Central;1720;CLF;1 dormitorio;1 baño;;1 dormitorio | 1 baño;Nicasio Retamales 054, Universidad De Santiago, Estación Central;;-33.458212903576616;-70.68794611608213;Nicasio Retamales 054, Estación Central, Santiago, Chile
2025-11-29 17:09:14;Estación Central;departamento;Departamento En Venta De 2 Dorm. En Estación Central;2050;CLF;2 dormitorios;1 baño;42 m² útiles;2 dormitorios | 1 baño | 42 m² útiles;Concon 0165, San Alberto Hurtado, Estación Central;;-33.453079200000005;-70.69622666787913;Concon 0165, Estación Central, Santiago, Chile
2025-11-29 17:09:14;Estación Central;departamento;Bajó De Precio Depto 1 Dormitorio A Pasos Del Metro Ecuador;1445;CLF;1 dormitorio;1 baño;32 m² útiles;1 dormitorio | 1 baño | 32 m² útiles;Concón 165, Estación Central, San Alberto Hurtado, Estación Central;;-33.45307246666667;-70.6964683;Concón 165, Estación Central, Santiago, Chile
2025-11-29 17:09:14;Estación Central;departamento;Departamento En Venta De 1 Dorm. En Estación Central;1950;CLF;1 dormitorio;1 baño;;1 dormitorio | 1 baño;Constantino 141, San Alberto Hurtado, Estación Central;;-33.45040245;-70.69602711992621;Constantino 141, Estación Central, Santiago, Chile
2025-11-29 17:09:14;Estación Central;departamento;Departamento En Venta De 1 Dorm. En Estación Central;1400;CLF;1 dormitorio;1 baño;23 m² útiles;1 dormitorio | 1 baño | 23 m² útiles;Radal 066, Estación Central;;-33.4536375;-70.6898654;Radal 066, Estación Central, Santiago, Chile
2025-11-29 17:09:14;Estación Central;departamento;Departamento En Venta De 1 Dorm. En Estación Central;1250;CLF;1 dormitorio;1 baño;25 m² útiles;1 dormitorio | 1 baño | 25 m² útiles;Buzo Sobenes 4650, Estación Central;;-33.450171999999995;-70.69827299916479;Buzo Sobenes 4650, Estación Central, Santiago, Chile
2025-11-29 17:09:14;Estación Central;departamento;Departamento En Venta De 1 Dorm. En Estación Central;1880;CLF;1 dormitorio;1 baño;30 m² útiles;1 dormitorio | 1 baño | 30 m² útiles;Blanco Garcés 154, Estación Central;;-33.4503604;-70.69800392785399;Blanco Garcés 154, Estación Central, Santiago, Chile
2025-11-29 17:09:14;Estación Central;departamento;Departamento En Venta De 1 Dorm. En Estación Central;2090;CLF;1 dormitorio;1 baño;22 m² útiles;1 dormitorio | 1 baño | 22 m² útiles;Ecuador 4578, Metro Ecuador, Estación Central;;-33.45377555;-70.69908843800414;Ecuador 4578, Estación Central, Santiago, Chile
2025-11-29 17:09:14;Estación Central;departamento;Departamento En Venta De 1 Dorm. En Estación Central;1700;CLF;1 dormitorio;1 baño;32 m² útiles;1 dormitorio | 1 baño | 32 m² útiles;Metro Ecuador, Estación Central;;-33.4559226;-70.6997325;Ecuador, Estación Central, Santiago, Chile
2025-11-29 17:09:14;Estación Central;departamento;Departamento En Venta De 1 Dorm. En Estación Central;1300;CLF;1 dormitorio;1 baño;20 m² útiles;1 dormitorio | 1 baño | 20 m² útiles;Blanco Garcés 154, San Alberto Hurtado, Estación Central;;-33.4503604;-70.69800392785399;Blanco Garcés 154, Estación Central, Santiago, Chile
2025-11-29 17:09:14;Estación Central;departamento;Departamento En Venta De 2 Dorm. En Estación Central;2230;CLF;2 dormitorios;1 baño;41 m² útiles;2 dormitorios | 1 baño | 41 m² útiles;Abtao 24, Metro Ecuador, Estación Central;;-33.452980800000006;-70.70046411868825;Abtao 24, Estación Central, Santiago, Chile
2025-11-29 17:09:14;Estación Central;departamento;Departamento En Venta De 1 Dorm. En Estación Central;1500;CLF;1 dormitorio;1 baño;35 m² útiles;1 dormitorio | 1 baño | 35 m² útiles;CERCANO A METRO SAN ALBERTO HURTADO Y UNIVERSIDAD DE SANTIAGO Excelente Conectividad Autopista Central Metro, Universidad De Santiago, Estación Central;;-33.4502886;-70.69106484291254;CERCANO A SAN ALBERTO HURTADO Y UNIVERSIDAD DE SANTIAGO Excelente Conectividad Autopista Central, Estación Central, Santiago, Chile
2025-11-29 17:09:14;Estación Central;departamento;Departamento En Venta De 1 Dorm. En Estación Central;1790;CLF;1 dormitorio;1 baño;34 m² útiles;1 dormitorio | 1 baño | 34 m² útiles;Nicasio Retamales 054, Universidad De Santiago, Estación Central;;-33.458212903576616;-70.68794611608213;Nicasio Retamales 054, Estación Central, Santiago, Chile
2025-11-29 17:09:14;Estación Central;departamento;Departamento En Venta De 2 Dorm. En Estación Central;2180;CLF;2 dormitorios;2 baños;52 m² útiles;2 dormitorios | 2 baños | 52 m² útiles;Ecuador 4578, Metro Ecuador, Estación Central;;-33.45377555;-70.69908843800414;Ecuador 4578, Estación Central, Santiago, Chile
2025-11-29 17:09:14;Estación Central;departamento;Departamento En Venta De 1 Dorm. En Estación Central;1300;CLF;1 dormitorio;1 baño;18 m² útiles;1 dormitorio | 1 baño | 18 m² útiles;Carlos Pezoa Veliz 143, Estación Central;;-33.45506720416667;-70.70313985;Carlos Pezoa Veliz 143, Estación Central, Santiago, Chile
2025-11-29 17:09:14;Estación Central;departamento;Departamento En Venta De 1 Dorm. En Estación Central;1600;CLF;1 dormitorio;1 baño;27 m² útiles;1 dormitorio | 1 baño | 27 m² útiles;Nicasio Retamales 054, Universidad De Santiago, Estación Central;;-33.458212903576616;-70.68794611608213;Nicasio Retamales 054, Estación Central, Santiago, Chile
2025-11-29 17:09:14;Estación Central;departamento;Departamento En Venta De 1 Dorm. En Estación Central;1550;CLF;1 dormitorio;1 baño;;1 dormitorio | 1 baño;Nicasio Retamales 054, Universidad De Santiago, Estación Central;;-33.458212903576616;-70.68794611608213;Nicasio Retamales 054, Estación Central, Santiago, Chile
2025-11-29 17:09:14;Estación Central;departamento;Departamento En Venta De 1 Dorm. En Estación Central;1750;CLF;1 dormitorio;1 baño;30 m² útiles;1 dormitorio | 1 baño | 30 m² útiles;Nicasio Retamales 115, San Alberto Hurtado, Estación Central;;-33.45184457916666;-70.68966457083333;Nicasio Retamales 115, Estación Central, Santiago, Chile
2025-11-29 17:09:14;Estación Central;departamento;Departamento En Venta De 2 Dorm. En Estación Central;2995;CLF;2 dormitorios;2 baños;47 m² útiles;2 dormitorios | 2 baños | 47 m² útiles;Avenida Ecuador 3866, Estación Central;;-33.4559226;-70.6997325;Avenida Ecuador 3866, Estación Central, Santiago, Chile
2025-11-29 17:09:14;Estación Central;departamento;Departamento En Venta De 1 Dorm. En Estación Central;1650;CLF;1 dormitorio;1 baño;30 m² útiles;1 dormitorio | 1 baño | 30 m² útiles;Carlos Pezoa Véliz 0143, Metro Ecuador, Estación Central;;-33.455291149999994;-70.70287856857243;Carlos Pezoa Véliz 0143, Estación Central, Santiago, Chile
2025-11-29 17:09:14;Estación Central;departamento;Departamento En Venta De 1 Dorm. En Estación Central;1590;CLF;1 dormitorio;1 baño;26 m² útiles;1 dormitorio | 1 baño | 26 m² útiles;Carlos Pezoa Veliz 143, Metro Ecuador, Estación Central;;-33.45506720416667;-70.70313985;Carlos Pezoa Veliz 143, Estación Central, Santiago, Chile
2025-11-29 17:09:14;Estación Central;departamento;Departamento En Venta De 1 Dorm. En Estación Central;83000000;CLP;1 dormitorio;1 baño;28 m² útiles;1 dormitorio | 1 baño | 28 m² útiles;Santa Petronila Con Ecuador, Metro Las Rejas, Estación Central;;-33.4535593867369;-70.70467440547924;Santa Petronila Con Ecuador, Estación Central, Santiago, Chile
2025-11-29 17:09:14;Estación Central;departamento;Departamento En Venta De 1 Dorm. En Estación Central;1500;CLF;1 dormitorio;1 baño;23 m² útiles;1 dormitorio | 1 baño | 23 m² útiles;Radal 066, Metro Ecuador, Estación Central;;-33.4536375;-70.6898654;Radal 066, Estación Central, Santiago, Chile
2025-11-29 17:09:14;Estación Central;departamento;Departamento En Venta De 1 Dorm. En Estación Central;1450;CLF;1 dormitorio;1 baño;25 m² útiles;1 dormitorio | 1 baño | 25 m² útiles;Carlos Pezoa Veliz 143, Metro Ecuador, Estación Central;;-33.45506720416667;-70.70313985;Carlos Pezoa Veliz 143, Estación Central, Santiago, Chile
2025-11-29 17:09:14;Estación Central;departamento;Departamento En Venta De 1 Dorm. En Estación Central;1100;CLF;1 dormitorio;1 baño;21 m² útiles;1 dormitorio | 1 baño | 21 m² útiles;Abtao 24, Metro Ecuador, Estación Central;;-33.452980800000006;-70.70046411868825;Abtao 24, Estación Central, Santiago, Chile
2025-11-29 17:09:14;Estación Central;departamento;Departamento En Venta De 1 Dorm. En Estación Central;1400;CLF;1 dormitorio;1 baño;30 m² útiles;1 dormitorio | 1 baño | 30 m² útiles;Abtao 24 Cercano A Metro Ecuador, Metro Ecuador, Estación Central;;-33.452980800000006;-70.70046411868825;Abtao 24 Cercano A Ecuador, Estación Central, Santiago, Chile
2025-11-29 17:09:14;Estación Central;departamento;Departamento En Venta De 1 Dorm. En Estación Central;1350;CLF;1 dormitorio;1 baño;29 m² útiles;1 dormitorio | 1 baño | 29 m² útiles;Nicasio Retamales 054, Universidad De Santiago, Estación Central;;-33.458212903576616;-70.68794611608213;Nicasio Retamales 054, Estación Central, Santiago, Chile
2025-11-29 17:09:14;Estación Central;departamento;Departamento En Venta De 1 Dorm. En Estación Central;1800;CLF;1 dormitorio;1 baño;;1 dormitorio | 1 baño;Abtao 24, Metro Ecuador, Estación Central;;-33.452980800000006;-70.70046411868825;Abtao 24, Estación Central, Santiago, Chile
2025-11-29 17:09:14;Estación Central;departamento;Departamento En Venta De 1 Dorm. En Estación Central;1780;CLF;1 dormitorio;1 baño;31 m² útiles;1 dormitorio | 1 baño | 31 m² útiles;Radal 066, Metro Ecuador, Estación Central;;-33.4536375;-70.6898654;Radal 066, Estación Central, Santiago, Chile
2025-11-29 17:09:14;Estación Central;departamento;Departamento En Venta En Calle La Coruña;2550;CLF;2 dormitorios;1 baño;53 m² útiles;2 dormitorios | 1 baño | 53 m² útiles;La Coruña 4890, Santiago, Estación Central, Metro Ecuador, Estación Central;;-33.452422150000004;-70.7018393009908;La Coruña 4890, Estación Central, Santiago, Chile
2025-11-29 17:09:14;Estación Central;departamento;Departamento En Venta De 1 Dorm. En Estación Central;1850;CLF;1 dormitorio;1 baño;35 m² útiles;1 dormitorio | 1 baño | 35 m² útiles;Av María Rozas Velásquez 61, Metro Las Rejas, Estación Central;;-33.4537755;-70.70570847947258;Av María Rozas Velásquez 61, Estación Central, Santiago, Chile
2025-11-29 17:09:14;Estación Central;departamento;Departamento En Venta De 1 Dorm. En Estación Central;1790;CLF;1 dormitorio;1 baño;35 m² útiles;1 dormitorio | 1 baño | 35 m² útiles;Av. Santa Petronila 38, Estación Central;;-33.453637099999995;-70.70494999471634;Av. Santa Petronila 38, Estación Central, Santiago, Chile
2025-11-29 17:09:14;Estación Central;departamento;Departamento En Venta De 2 Dorm. En Estación Central;2250;CLF;2 dormitorios;1 baño;48 m² útiles;2 dormitorios | 1 baño | 48 m² útiles;Barrio Parque - Metro Las Rejas - Buen Condominio, Metro Las Rejas, Estación Central;;-33.755853;-70.74137576811012;Barrio Parque - Las Rejas - Buen Condominio, Estación Central, Santiago, Chile
2025-11-29 17:09:14;Estación Central;departamento;Venta Impecable Dpto. 2 Dorm 1 Baño Estación Central;1550;CLF;2 dormitorios;1 baño;41 m² útiles;2 dormitorios | 1 baño | 41 m² útiles;Av. Padre Alberto Hurtado 104, Estación Central, Universidad De Santiago, Estación Central;;-33.4542019;-70.6922721;Av. Padre Alberto Hurtado 104, Estación Central, Santiago, Chile
2025-11-29 17:09:14;Estación Central;departamento;Departamento En Venta De 1 Dorm. En Estación Central;1800;CLF;1 dormitorio;1 baño;37 m² útiles;1 dormitorio | 1 baño | 37 m² útiles;Conde Del Maule 4642, Metro Ecuador, Estación Central;;-33.455249800000004;-70.7005326601452;Conde Del Maule 4642, Estación Central, Santiago, Chile
2025-11-29 17:09:14;Estación Central;departamento;"Oportunidad Única, Depto 1d&#43;1b, Estación Central";1200;CLF;1 dormitorio;1 baño;22 m² útiles;1 dormitorio | 1 baño | 22 m² útiles;Abtao 24, Metro Ecuador, Estación Central;;-33.452980800000006;-70.70046411868825;Abtao 24, Estación Central, Santiago, Chile
2025-11-29 17:09:14;Estación Central;departamento;Departamento Coronel Souper Id: 89680;1600;CLF;1 dormitorio;1 baño;35 m² útiles;1 dormitorio | 1 baño | 35 m² útiles;Coronel Souper, Estación Central;;-33.4587970769033;-70.6976990807524;Coronel Souper, Estación Central, Santiago, Chile
2025-11-29 17:09:14;Estación Central;departamento;Departamento En Venta En Universidad De Santiago;84990000;CLP;2 dormitorios;1 baño;58 m² útiles;2 dormitorios | 1 baño | 58 m² útiles;Av. Víctor Jara 3752, Universidad De Santiago, Estación Central;;-33.450914398529406;-70.68799916470589;Av. Víctor Jara 3752, Estación Central, Santiago, Chile
2025-11-29 17:39:06;Estación Central;departamento;Departamento Avenida María Rozas Velásquez Id: 83697;1450;CLF;1 dormitorio;1 baño;29 m² útiles;1 dormitorio | 1 baño | 29 m² útiles;Avenida María Rozas Velásquez, Metro Las Rejas, Estación Central;;-33.4559177;-70.70561315;Avenida María Rozas Velásquez, Estación Central, Santiago, Chile
2025-11-29 17:39:06;Estación Central;departamento;Departamento Avenida María Rozas Velásquez Id: 120583;2490;CLF;2 dormitorios;2 baños;55 m² útiles;2 dormitorios | 2 baños | 55 m² útiles;Avenida María Rozas Velásquez, Metro Las Rejas, Estación Central;;-33.4559177;-70.70561315;Avenida María Rozas Velásquez, Estación Central, Santiago, Chile
2025-11-29 17:39:06;Estación Central;departamento;Departamento Conde Del Maule Id: 146469;1500;CLF;1 dormitorio;1 baño;32 m² útiles;1 dormitorio | 1 baño | 32 m² útiles;Conde Del Maule, Estación Central;;-33.45338413192823;-70.69449248051292;Conde Del Maule, Estación Central, Santiago, Chile
2025-11-29 17:39:06;Estación Central;departamento;Departamento Apóstol Santiago Id: 85739;2100;CLF;1 dormitorio;1 baño;35 m² útiles;1 dormitorio | 1 baño | 35 m² útiles;Apóstol Santiago, San Alberto Hurtado, Estación Central;;-33.4498544908554;-70.69262897364759;Apóstol Santiago, Estación Central, Santiago, Chile
2025-11-29 17:39:06;Estación Central;departamento;Departamento Conde Del Maule Id: 60255;2290;CLF;2 dormitorios;2 baños;46 m² útiles;2 dormitorios | 2 baños | 46 m² útiles;Conde Del Maule, San Alberto Hurtado, Estación Central;;-33.45338413192823;-70.69449248051292;Conde Del Maule, Estación Central, Santiago, Chile
2025-11-29 17:39:06;Estación Central;departamento;Departamento San Gumercindo Id: 140914;2475;CLF;1 dormitorio;1 baño;42 m² útiles;1 dormitorio | 1 baño | 42 m² útiles;San Gumercindo, San Alberto Hurtado, Estación Central;;-33.44838806320749;-70.69494154668787;San Gumercindo, Estación Central, Santiago, Chile
2025-11-29 17:39:06;Estación Central;departamento;Departamento Coronel Souper Id: 161172;2967;CLF;2 dormitorios;2 baños;52 m² útiles;2 dormitorios | 2 baños | 52 m² útiles;Coronel Souper, Metro Ecuador, Estación Central;;-33.4587970769033;-70.6976990807524;Coronel Souper, Estación Central, Santiago, Chile
2025-11-29 17:39:06;Estación Central;departamento;Departamento Coronel Souper Id: 161158;2554;CLF;2 dormitorios;2 baños;50 m² útiles;2 dormitorios | 2 baños | 50 m² útiles;Coronel Souper, Metro Ecuador, Estación Central;;-33.4587970769033;-70.6976990807524;Coronel Souper, Estación Central, Santiago, Chile
2025-11-29 17:39:06;Estación Central;departamento;Departamento Santa Petronila Id: 161117;2489;CLF;2 dormitorios;2 baños;50 m² útiles;2 dormitorios | 2 baños | 50 m² útiles;Santa Petronila, Metro Las Rejas, Estación Central;;-33.450666050424914;-70.70481665135743;Santa Petronila, Estación Central, Santiago, Chile
2025-11-29 17:39:06;Estación Central;departamento;Departamento Conde Del Maule Id: 119582;1900;CLF;2 dormitorios;1 baño;44 m² útiles;2 dormitorios | 1 baño | 44 m² útiles;Conde Del Maule, San Alberto Hurtado, Estación Central;;-33.45338413192823;-70.69449248051292;Conde Del Maule, Estación Central, Santiago, Chile
2025-11-29 17:39:06;Estación Central;departamento;Departamento Coronel Souper Id: 161177;2631;CLF;2 dormitorios;2 baños;52 m² útiles;2 dormitorios | 2 baños | 52 m² útiles;Coronel Souper, Metro Ecuador, Estación Central;;-33.4587970769033;-70.6976990807524;Coronel Souper, Estación Central, Santiago, Chile
2025-11-29 17:39:06;Estación Central;departamento;Departamento Santa Petronila Id: 40965;3350;CLF;2 dormitorios;2 baños;47 m² útiles;2 dormitorios | 2 baños | 47 m² útiles;Santa Petronila, Metro Las Rejas, Estación Central;;-33.450666050424914;-70.70481665135743;Santa Petronila, Estación Central, Santiago, Chile
2025-11-29 17:39:06;Estación Central;departamento;Departamento Santa Petronila Id: 161111;2258;CLF;2 dormitorios;2 baños;52 m² útiles;2 dormitorios | 2 baños | 52 m² útiles;Santa Petronila, Metro Las Rejas, Estación Central;;-33.450666050424914;-70.70481665135743;Santa Petronila, Estación Central, Santiago, Chile
2025-11-29 17:39:06;Estación Central;departamento;Departamento Coronel Souper Id: 161157;2548;CLF;2 dormitorios;2 baños;50 m² útiles;2 dormitorios | 2 baños | 50 m² útiles;Coronel Souper, Metro Ecuador, Estación Central;;-33.4587970769033;-70.6976990807524;Coronel Souper, Estación Central, Santiago, Chile
2025-11-29 17:39:06;Estación Central;departamento;Departamento Coronel Souper Id: 161148;2645;CLF;2 dormitorios;2 baños;50 m² útiles;2 dormitorios | 2 baños | 50 m² útiles;Coronel Souper, Metro Ecuador, Estación Central;;-33.4587970769033;-70.6976990807524;Coronel Souper, Estación Central, Santiago, Chile
2025-11-29 17:39:06;Estación Central;departamento;Departamento Coronel Souper Id: 161178;2703;CLF;2 dormitorios;2 baños;52 m² útiles;2 dormitorios | 2 baños | 52 m² útiles;Coronel Souper, Metro Ecuador, Estación Central;;-33.4587970769033;-70.6976990807524;Coronel Souper, Estación Central, Santiago, Chile
2025-11-29 17:39:06;Estación Central;departamento;Departamento Coronel Souper Id: 161159;2631;CLF;2 dormitorios;2 baños;50 m² útiles;2 dormitorios | 2 baños | 50 m² útiles;Coronel Souper, Metro Ecuador, Estación Central;;-33.4587970769033;-70.6976990807524;Coronel Souper, Estación Central, Santiago, Chile
2025-11-29 17:39:06;Estación Central;departamento;Departamento Coronel Souper Id: 161182;2561;CLF;2 dormitorios;2 baños;55 m² útiles;2 dormitorios | 2 baños | 55 m² útiles;Coronel Souper, Metro Ecuador, Estación Central;;-33.4587970769033;-70.6976990807524;Coronel Souper, Estación Central, Santiago, Chile
2025-11-29 17:39:06;Estación Central;departamento;Departamento Coronel Souper Id: 161179;2936;CLF;2 dormitorios;2 baños;52 m² útiles;2 dormitorios | 2 baños | 52 m² útiles;Coronel Souper, Metro Ecuador, Estación Central;;-33.4587970769033;-70.6976990807524;Coronel Souper, Estación Central, Santiago, Chile
2025-11-29 17:39:06;Estación Central;departamento;Departamento Avenida Ecuador Id: 94514;2100;CLF;1 dormitorio;1 baño;39 m² útiles;1 dormitorio | 1 baño | 39 m² útiles;Avenida Ecuador, Metro Las Rejas, Estación Central;;-33.45259369917749;-70.69621462893853;Avenida Ecuador, Estación Central, Santiago, Chile
2025-11-29 17:39:06;Estación Central;departamento;Departamento Santa Petronila Id: 161110;2454;CLF;2 dormitorios;2 baños;50 m² útiles;2 dormitorios | 2 baños | 50 m² útiles;Santa Petronila, Metro Las Rejas, Estación Central;;-33.450666050424914;-70.70481665135743;Santa Petronila, Estación Central, Santiago, Chile
2025-11-29 17:39:06;Estación Central;departamento;Departamento Avenida Ecuador Id: 106153;2684;CLF;2 dormitorios;2 baños;45 m² útiles;2 dormitorios | 2 baños | 45 m² útiles;Avenida Ecuador, Metro Ecuador, Estación Central;;-33.45259369917749;-70.69621462893853;Avenida Ecuador, Estación Central, Santiago, Chile
2025-11-29 17:39:06;Estación Central;departamento;Departamento Buzo Sobenes Id: 21650;1680;CLF;1 dormitorio;1 baño;35 m² útiles;1 dormitorio | 1 baño | 35 m² útiles;Buzo Sobenes, San Alberto Hurtado, Estación Central;;-33.45010351745822;-70.6932090507629;Buzo Sobenes, Estación Central, Santiago, Chile
2025-11-29 17:39:06;Estación Central;departamento;Departamento Carlos Pezoa Véliz Id: 115738;1650;CLF;1 dormitorio;1 baño;32 m² útiles;1 dormitorio | 1 baño | 32 m² útiles;Carlos Pezoa Véliz, Metro Ecuador, Estación Central;;-33.45575955203821;-70.70305514685388;Carlos Pezoa Véliz, Estación Central, Santiago, Chile
2025-11-29 17:39:06;Estación Central;departamento;Departamento Coronel Souper Id: 138608;2600;CLF;2 dormitorios;1 baño;50 m² útiles;2 dormitorios | 1 baño | 50 m² útiles;Coronel Souper, San Alberto Hurtado, Estación Central;;-33.4587970769033;-70.6976990807524;Coronel Souper, Estación Central, Santiago, Chile
2025-11-29 17:39:06;Estación Central;departamento;Departamento Santa Petronila Id: 161115;5325;CLF;2 dormitorios;2 baños;52 m² útiles;2 dormitorios | 2 baños | 52 m² útiles;Santa Petronila, Metro Las Rejas, Estación Central;;-33.450666050424914;-70.70481665135743;Santa Petronila, Estación Central, Santiago, Chile
2025-11-29 17:39:06;Estación Central;departamento;Departamento Coronel Souper Id: 161173;2672;CLF;2 dormitorios;2 baños;52 m² útiles;2 dormitorios | 2 baños | 52 m² útiles;Coronel Souper, Metro Ecuador, Estación Central;;-33.4587970769033;-70.6976990807524;Coronel Souper, Estación Central, Santiago, Chile
2025-11-29 17:39:06;Estación Central;departamento;Departamento Coronel Souper Id: 161149;2569;CLF;2 dormitorios;2 baños;50 m² útiles;2 dormitorios | 2 baños | 50 m² útiles;Coronel Souper, Metro Ecuador, Estación Central;;-33.4587970769033;-70.6976990807524;Coronel Souper, Estación Central, Santiago, Chile
2025-11-29 17:39:06;Estación Central;departamento;Departamento Coronel Souper Id: 161146;2632;CLF;2 dormitorios;2 baños;50 m² útiles;2 dormitorios | 2 baños | 50 m² útiles;Coronel Souper, Metro Ecuador, Estación Central;;-33.4587970769033;-70.6976990807524;Coronel Souper, Estación Central, Santiago, Chile
2025-11-29 17:39:06;Estación Central;departamento;Departamento Coronel Souper Id: 161145;2638;CLF;2 dormitorios;2 baños;50 m² útiles;2 dormitorios | 2 baños | 50 m² útiles;Coronel Souper, Metro Ecuador, Estación Central;;-33.4587970769033;-70.6976990807524;Coronel Souper, Estación Central, Santiago, Chile
2025-11-29 17:39:06;Estación Central;departamento;Departamento Santa Petronila Id: 161101;2479;CLF;2 dormitorios;2 baños;50 m² útiles;2 dormitorios | 2 baños | 50 m² útiles;Santa Petronila, Metro Las Rejas, Estación Central;;-33.450666050424914;-70.70481665135743;Santa Petronila, Estación Central, Santiago, Chile
2025-11-29 17:39:06;Estación Central;departamento;Departamento Blanco Garcés Id: 14525;1150;CLF;1 dormitorio;1 baño;23 m² útiles;1 dormitorio | 1 baño | 23 m² útiles;Blanco Garcés, San Alberto Hurtado, Estación Central;;-33.451992313901464;-70.69784303670724;Blanco Garcés, Estación Central, Santiago, Chile
2025-11-29 17:39:06;Estación Central;departamento;Departamento Blanco Garcés Id: 137571;1650;CLF;1 dormitorio;1 baño;30 m² útiles;1 dormitorio | 1 baño | 30 m² útiles;Blanco Garcés, San Alberto Hurtado, Estación Central;;-33.451992313901464;-70.69784303670724;Blanco Garcés, Estación Central, Santiago, Chile
2025-11-29 17:39:06;Estación Central;departamento;Departamento Radal Id: 86907;2500;CLF;2 dormitorios;1 baño;46 m² útiles;2 dormitorios | 1 baño | 46 m² útiles;Radal, Metro Ecuador, Estación Central;;-33.45623561595505;-70.70110417417816;Radal, Estación Central, Santiago, Chile
2025-11-29 17:39:06;Estación Central;departamento;Venta Dpto 3d+2b+e;2915;CLF;3 dormitorios;2 baños;60 m² útiles;3 dormitorios | 2 baños | 60 m² útiles;Blanco Garces, 1 - 300, Metro Ecuador, Estación Central;;-33.451992313901464;-70.69784303670724;Blanco Garces, Estación Central, Santiago, Chile
2025-11-29 17:39:06;Estación Central;departamento;Departamento Coronel Souper Id: 161153;2583;CLF;2 dormitorios;2 baños;50 m² útiles;2 dormitorios | 2 baños | 50 m² útiles;Coronel Souper, Metro Ecuador, Estación Central;;-33.4587970769033;-70.6976990807524;Coronel Souper, Estación Central, Santiago, Chile
2025-11-29 17:39:06;Estación Central;departamento;Departamento Coronel Souper Id: 161180;2668;CLF;2 dormitorios;2 baños;52 m² útiles;2 dormitorios | 2 baños | 52 m² útiles;Coronel Souper, Metro Ecuador, Estación Central;;-33.4587970769033;-70.6976990807524;Coronel Souper, Estación Central, Santiago, Chile
2025-11-29 17:39:06;Estación Central;departamento;Departamento Coronel Souper Id: 161147;2639;CLF;2 dormitorios;2 baños;50 m² útiles;2 dormitorios | 2 baños | 50 m² útiles;Coronel Souper, Metro Ecuador, Estación Central;;-33.4587970769033;-70.6976990807524;Coronel Souper, Estación Central, Santiago, Chile
2025-11-29 17:39:06;Estación Central;departamento;Departamento Coronel Souper Id: 161163;2659;CLF;2 dormitorios;2 baños;50 m² útiles;2 dormitorios | 2 baños | 50 m² útiles;Coronel Souper, Metro Ecuador, Estación Central;;-33.4587970769033;-70.6976990807524;Coronel Souper, Estación Central, Santiago, Chile
2025-11-29 17:39:06;Estación Central;departamento;Departamento Coronel Souper Id: 161162;2904;CLF;2 dormitorios;2 baños;50 m² útiles;2 dormitorios | 2 baños | 50 m² útiles;Coronel Souper, Metro Ecuador, Estación Central;;-33.4587970769033;-70.6976990807524;Coronel Souper, Estación Central, Santiago, Chile
2025-11-29 17:39:06;Estación Central;departamento;Departamento Coronel Souper Id: 161161;2680;CLF;2 dormitorios;2 baños;50 m² útiles;2 dormitorios | 2 baños | 50 m² útiles;Coronel Souper, Metro Ecuador, Estación Central;;-33.4587970769033;-70.6976990807524;Coronel Souper, Estación Central, Santiago, Chile
2025-11-29 17:39:06;Estación Central;departamento;Departamento Coronel Souper Id: 161181;2689;CLF;2 dormitorios;2 baños;55 m² útiles;2 dormitorios | 2 baños | 55 m² útiles;Coronel Souper, Metro Ecuador, Estación Central;;-33.4587970769033;-70.6976990807524;Coronel Souper, Estación Central, Santiago, Chile
2025-11-29 17:39:06;Estación Central;departamento;Departamento Santa Petronila Id: 161109;2283;CLF;2 dormitorios;2 baños;50 m² útiles;2 dormitorios | 2 baños | 50 m² útiles;Santa Petronila, Metro Las Rejas, Estación Central;;-33.450666050424914;-70.70481665135743;Santa Petronila, Estación Central, Santiago, Chile
2025-11-29 17:39:06;Estación Central;departamento;Departamento Santa Petronila Id: 161103;2514;CLF;2 dormitorios;2 baños;50 m² útiles;2 dormitorios | 2 baños | 50 m² útiles;Santa Petronila, Metro Las Rejas, Estación Central;;-33.450666050424914;-70.70481665135743;Santa Petronila, Estación Central, Santiago, Chile
2025-11-29 17:39:06;Estación Central;departamento;Departamento Santa Petronila Id: 161105;2406;CLF;2 dormitorios;2 baños;48 m² útiles;2 dormitorios | 2 baños | 48 m² útiles;Santa Petronila, Metro Las Rejas, Estación Central;;-33.450666050424914;-70.70481665135743;Santa Petronila, Estación Central, Santiago, Chile
2025-11-29 17:39:06;Estación Central;departamento;Departamento Avenida Alberto Hurtado Id: 132068;93000000;CLP;2 dormitorios;1 baño;41 m² útiles;2 dormitorios | 1 baño | 41 m² útiles;Avenida Alberto Hurtado, San Alberto Hurtado, Estación Central;;-33.45054846872019;-70.69225689283539;Avenida Alberto Hurtado, Estación Central, Santiago, Chile
2025-11-29 17:39:06;Estación Central;departamento;Departamento Radal Id: 9345;2150;CLF;2 dormitorios;1 baño;45 m² útiles;2 dormitorios | 1 baño | 45 m² útiles;Radal, Metro Ecuador, Estación Central;;-33.45623561595505;-70.70110417417816;Radal, Estación Central, Santiago, Chile
2025-11-29 17:39:06;Estación Central;departamento;Departamento Santa Petronila Id: 161108;2272;CLF;2 dormitorios;2 baños;49 m² útiles;2 dormitorios | 2 baños | 49 m² útiles;Santa Petronila, Metro Las Rejas, Estación Central;;-33.450666050424914;-70.70481665135743;Santa Petronila, Estación Central, Santiago, Chile
2025-11-29 17:39:13;Estación Central;departamento;Departamento Conde Del Maule Id: 159920;2750;CLF;2 dormitorios;1 baño;46 m² útiles;2 dormitorios | 1 baño | 46 m² útiles;Conde Del Maule, San Alberto Hurtado, Estación Central;;-33.45338413192823;-70.69449248051292;Conde Del Maule, Estación Central, Santiago, Chile
2025-11-29 17:39:13;Estación Central;departamento;Departamento Coronel Souper Id: 161154;2828;CLF;2 dormitorios;2 baños;50 m² útiles;2 dormitorios | 2 baños | 50 m² útiles;Coronel Souper, Metro Ecuador, Estación Central;;-33.4587970769033;-70.6976990807524;Coronel Souper, Estación Central, Santiago, Chile
2025-11-29 17:39:13;Estación Central;departamento;Departamento Coronel Souper Id: 161152;2827;CLF;2 dormitorios;2 baños;50 m² útiles;2 dormitorios | 2 baños | 50 m² útiles;Coronel Souper, Metro Ecuador, Estación Central;;-33.4587970769033;-70.6976990807524;Coronel Souper, Estación Central, Santiago, Chile
2025-11-29 17:39:13;Estación Central;departamento;Departamento Coronel Souper Id: 161151;2821;CLF;2 dormitorios;2 baños;50 m² útiles;2 dormitorios | 2 baños | 50 m² útiles;Coronel Souper, Metro Ecuador, Estación Central;;-33.4587970769033;-70.6976990807524;Coronel Souper, Estación Central, Santiago, Chile
2025-11-29 17:39:13;Estación Central;departamento;Departamento Coronel Souper Id: 161150;2827;CLF;2 dormitorios;2 baños;50 m² útiles;2 dormitorios | 2 baños | 50 m² útiles;Coronel Souper, Metro Ecuador, Estación Central;;-33.4587970769033;-70.6976990807524;Coronel Souper, Estación Central, Santiago, Chile
2025-11-29 17:39:13;Estación Central;departamento;Departamento Coronel Souper Id: 161143;2631;CLF;2 dormitorios;2 baños;50 m² útiles;2 dormitorios | 2 baños | 50 m² útiles;Coronel Souper, Metro Ecuador, Estación Central;;-33.4587970769033;-70.6976990807524;Coronel Souper, Estación Central, Santiago, Chile
2025-11-29 17:39:13;Estación Central;departamento;Departamento Coronel Souper Id: 161160;2890;CLF;2 dormitorios;2 baños;50 m² útiles;2 dormitorios | 2 baños | 50 m² útiles;Coronel Souper, Metro Ecuador, Estación Central;;-33.4587970769033;-70.6976990807524;Coronel Souper, Estación Central, Santiago, Chile
2025-11-29 17:39:13;Estación Central;departamento;Departamento Coronel Souper Id: 161141;2571;CLF;2 dormitorios;2 baños;49 m² útiles;2 dormitorios | 2 baños | 49 m² útiles;Coronel Souper, Metro Ecuador, Estación Central;;-33.4587970769033;-70.6976990807524;Coronel Souper, Estación Central, Santiago, Chile
2025-11-29 17:39:13;Estación Central;departamento;Departamento Coronel Souper Id: 161140;3082;CLF;2 dormitorios;2 baños;49 m² útiles;2 dormitorios | 2 baños | 49 m² útiles;Coronel Souper, Metro Ecuador, Estación Central;;-33.4587970769033;-70.6976990807524;Coronel Souper, Estación Central, Santiago, Chile
2025-11-29 17:39:13;Estación Central;departamento;Departamento Coronel Souper Id: 161171;2589;CLF;2 dormitorios;2 baños;51 m² útiles;2 dormitorios | 2 baños | 51 m² útiles;Coronel Souper, Metro Ecuador, Estación Central;;-33.4587970769033;-70.6976990807524;Coronel Souper, Estación Central, Santiago, Chile
2025-11-29 17:39:13;Estación Central;departamento;Departamento Coronel Souper Id: 161139;2578;CLF;2 dormitorios;2 baños;49 m² útiles;2 dormitorios | 2 baños | 49 m² útiles;Coronel Souper, Metro Ecuador, Estación Central;;-33.4587970769033;-70.6976990807524;Coronel Souper, Estación Central, Santiago, Chile
2025-11-29 17:39:13;Estación Central;departamento;Departamento Coronel Souper Id: 161156;2545;CLF;2 dormitorios;2 baños;50 m² útiles;2 dormitorios | 2 baños | 50 m² útiles;Coronel Souper, Metro Ecuador, Estación Central;;-33.4587970769033;-70.6976990807524;Coronel Souper, Estación Central, Santiago, Chile
2025-11-29 17:39:13;Estación Central;departamento;Departamento Toro Mazote Id: 81728;1600;CLF;1 dormitorio;1 baño;30 m² útiles;1 dormitorio | 1 baño | 30 m² útiles;Toro Mazote, Nogales - San Eugenio, Estación Central;;-33.4706502013169;-70.69045590796979;Toro Mazote, Estación Central, Santiago, Chile
2025-11-29 17:39:13;Estación Central;departamento;Departamento Buzo Sobenes Id: 138008;1250;CLF;1 dormitorio;1 baño;22 m² útiles;1 dormitorio | 1 baño | 22 m² útiles;Buzo Sobenes, San Alberto Hurtado, Estación Central;;-33.45010351745822;-70.6932090507629;Buzo Sobenes, Estación Central, Santiago, Chile
2025-11-29 17:39:13;Estación Central;departamento;Departamento Conde Del Maule Id: 49034;2300;CLF;2 dormitorios;1 baño;46 m² útiles;2 dormitorios | 1 baño | 46 m² útiles;Conde Del Maule, Metro Ecuador, Estación Central;;-33.45338413192823;-70.69449248051292;Conde Del Maule, Estación Central, Santiago, Chile
2025-11-29 17:39:13;Estación Central;departamento;Departamento Santa Petronila Id: 161116;2332;CLF;2 dormitorios;2 baños;52 m² útiles;2 dormitorios | 2 baños | 52 m² útiles;Santa Petronila, Metro Las Rejas, Estación Central;;-33.450666050424914;-70.70481665135743;Santa Petronila, Estación Central, Santiago, Chile
2025-11-29 17:39:13;Estación Central;departamento;Departamento Coronel Souper Id: 161155;2834;CLF;2 dormitorios;2 baños;50 m² útiles;2 dormitorios | 2 baños | 50 m² útiles;Coronel Souper, Metro Ecuador, Estación Central;;-33.4587970769033;-70.6976990807524;Coronel Souper, Estación Central, Santiago, Chile
2025-11-29 17:39:13;Estación Central;departamento;Departamento Coronel Souper Id: 161176;2686;CLF;2 dormitorios;2 baños;52 m² útiles;2 dormitorios | 2 baños | 52 m² útiles;Coronel Souper, Metro Ecuador, Estación Central;;-33.4587970769033;-70.6976990807524;Coronel Souper, Estación Central, Santiago, Chile
2025-11-29 17:39:13;Estación Central;departamento;Departamento Coronel Souper Id: 161174;2848;CLF;2 dormitorios;2 baños;52 m² útiles;2 dormitorios | 2 baños | 52 m² útiles;Coronel Souper, Metro Ecuador, Estación Central;;-33.4587970769033;-70.6976990807524;Coronel Souper, Estación Central, Santiago, Chile
2025-11-29 17:39:13;Estación Central;departamento;Departamento Santa Petronila Id: 161100;2451;CLF;2 dormitorios;2 baños;50 m² útiles;2 dormitorios | 2 baños | 50 m² útiles;Santa Petronila, Metro Las Rejas, Estación Central;;-33.450666050424914;-70.70481665135743;Santa Petronila, Estación Central, Santiago, Chile
2025-11-29 17:39:13;Estación Central;departamento;Departamento Blanco Garcés Id: 86377;1717;CLF;1 dormitorio;1 baño;28 m² útiles;1 dormitorio | 1 baño | 28 m² útiles;Blanco Garcés, San Alberto Hurtado, Estación Central;;-33.451992313901464;-70.69784303670724;Blanco Garcés, Estación Central, Santiago, Chile
2025-11-29 17:39:13;Estación Central;departamento;Departamento Santa Petronila Id: 161112;2284;CLF;2 dormitorios;2 baños;52 m² útiles;2 dormitorios | 2 baños | 52 m² útiles;Santa Petronila, Metro Las Rejas, Estación Central;;-33.450666050424914;-70.70481665135743;Santa Petronila, Estación Central, Santiago, Chile
2025-11-29 17:39:13;Estación Central;departamento;Departamento Coronel Souper Id: 161175;2680;CLF;2 dormitorios;2 baños;52 m² útiles;2 dormitorios | 2 baños | 52 m² útiles;Coronel Souper, Metro Ecuador, Estación Central;;-33.4587970769033;-70.6976990807524;Coronel Souper, Estación Central, Santiago, Chile
2025-11-29 17:39:13;Estación Central;departamento;Departamento Conde Del Maule Id: 17515;2150;CLF;2 dormitorios;1 baño;47 m² útiles;2 dormitorios | 1 baño | 47 m² útiles;Conde Del Maule, Metro Ecuador, Estación Central;;-33.45338413192823;-70.69449248051292;Conde Del Maule, Estación Central, Santiago, Chile
2025-11-29 17:39:13;Estación Central;departamento;Departamento Blanco Garcés Id: 136716;2350;CLF;2 dormitorios;1 baño;47 m² útiles;2 dormitorios | 1 baño | 47 m² útiles;Blanco Garcés, San Alberto Hurtado, Estación Central;;-33.451992313901464;-70.69784303670724;Blanco Garcés, Estación Central, Santiago, Chile
2025-11-29 17:39:13;Estación Central;departamento;Departamento Conde Del Maule Id: 65083;1200;CLF;1 dormitorio;1 baño;29 m² útiles;1 dormitorio | 1 baño | 29 m² útiles;Conde Del Maule, San Alberto Hurtado, Estación Central;;-33.45338413192823;-70.69449248051292;Conde Del Maule, Estación Central, Santiago, Chile
2025-11-29 17:39:13;Estación Central;departamento;Departamento 1d - 1b 26 M2 Estación Central Metro Las Rejas ;42990000;CLP;1 dormitorio;1 baño;26 m² útiles;1 dormitorio | 1 baño | 26 m² útiles;Santa Petronila 32, Metro Las Rejas, Estación Central;;-33.45395685;-70.70490686904479;Santa Petronila 32, Estación Central, Santiago, Chile
2025-11-29 17:39:13;Estación Central;departamento;Departamento Conde Del Maule Id: 105041;1650;CLF;1 dormitorio;1 baño;32 m² útiles;1 dormitorio | 1 baño | 32 m² útiles;Conde Del Maule, San Alberto Hurtado, Estación Central;;-33.45338413192823;-70.69449248051292;Conde Del Maule, Estación Central, Santiago, Chile
2025-11-29 17:39:13;Estación Central;departamento;Departamento Avenida Libertador Bernardo O'higgins;1900;CLF;1 dormitorio;1 baño;33 m² útiles;1 dormitorio | 1 baño | 33 m² útiles;Avenida Libertador Bernardo O'Higgins, San Alberto Hurtado, Estación Central;;-33.4503245;-70.68141289460016;Avenida Libertador Bernardo O'Higgins, Estación Central, Santiago, Chile
2025-11-29 17:39:13;Estación Central;departamento;Departamento Coronel Souper Id: 111807;1350;CLF;1 dormitorio;1 baño;32 m² útiles;1 dormitorio | 1 baño | 32 m² útiles;Coronel Souper, San Alberto Hurtado, Estación Central;;-33.4587970769033;-70.6976990807524;Coronel Souper, Estación Central, Santiago, Chile
2025-11-29 17:39:13;Estación Central;departamento;Departamento Conde Del Maule Id: 117846;1700;CLF;1 dormitorio;1 baño;27 m² útiles;1 dormitorio | 1 baño | 27 m² útiles;Conde Del Maule, Metro Ecuador, Estación Central;;-33.45338413192823;-70.69449248051292;Conde Del Maule, Estación Central, Santiago, Chile
2025-11-29 17:39:13;Estación Central;departamento;Departamento Toro Mazotte Id: 135531;1700;CLF;1 dormitorio;1 baño;30 m² útiles;1 dormitorio | 1 baño | 30 m² útiles;Toro Mazotte, San Alberto Hurtado, Estación Central;;-33.459468446430705;-70.69061060993947;Toro Mazotte, Estación Central, Santiago, Chile
2025-11-29 17:39:13;Estación Central;departamento;Departamento Avenida Ecuador Id: 138884;3390;CLF;3 dormitorios;2 baños;67 m² útiles;3 dormitorios | 2 baños | 67 m² útiles;Avenida Ecuador, Metro Las Rejas, Estación Central;;-33.45259369917749;-70.69621462893853;Avenida Ecuador, Estación Central, Santiago, Chile
2025-11-29 17:39:13;Estación Central;departamento;Departamento Placilla Id: 121655;1750;CLF;1 dormitorio;1 baño;36 m² útiles;1 dormitorio | 1 baño | 36 m² útiles;Placilla, San Alberto Hurtado, Estación Central;;-33.45296935973518;-70.69530487940368;Placilla, Estación Central, Santiago, Chile
2025-11-29 17:39:13;Estación Central;departamento;Departamento Conde Del Maule Id: 138895;1689;CLF;1 dormitorio;1 baño;24 m² útiles;1 dormitorio | 1 baño | 24 m² útiles;Conde Del Maule, Metro Ecuador, Estación Central;;-33.45338413192823;-70.69449248051292;Conde Del Maule, Estación Central, Santiago, Chile
2025-11-29 17:39:13;Estación Central;departamento;Departamento Santa Petronila Id: 132313;1400;CLF;1 dormitorio;1 baño;30 m² útiles;1 dormitorio | 1 baño | 30 m² útiles;Santa Petronila, Metro Las Rejas, Estación Central;;-33.450666050424914;-70.70481665135743;Santa Petronila, Estación Central, Santiago, Chile
2025-11-29 17:39:13;Estación Central;departamento;Departamento Conde Del Maule Id: 17572;900;CLF;1 dormitorio;1 baño;19 m² útiles;1 dormitorio | 1 baño | 19 m² útiles;Conde Del Maule, San Alberto Hurtado, Estación Central;;-33.45338413192823;-70.69449248051292;Conde Del Maule, Estación Central, Santiago, Chile
2025-11-29 17:39:13;Estación Central;departamento;Departamento Coronel Godoy Id: 115396;2850;CLF;2 dormitorios;2 baños;50 m² útiles;2 dormitorios | 2 baños | 50 m² útiles;Coronel Godoy, San Alberto Hurtado, Estación Central;;-33.456483306050025;-70.69279481856528;Coronel Godoy, Estación Central, Santiago, Chile
2025-11-29 17:39:13;Estación Central;departamento;Departamento Avenida María Rozas Velásquez Id: 84137;1450;CLF;1 dormitorio;1 baño;30 m² útiles;1 dormitorio | 1 baño | 30 m² útiles;Avenida María Rozas Velásquez, Metro Las Rejas, Estación Central;;-33.4559177;-70.70561315;Avenida María Rozas Velásquez, Estación Central, Santiago, Chile
2025-11-29 17:39:13;Estación Central;departamento;Departamento Avenida Ecuador Id: 93107;2490;CLF;2 dormitorios;1 baño;56 m² útiles;2 dormitorios | 1 baño | 56 m² útiles;Avenida Ecuador, Metro Ecuador, Estación Central;;-33.45259369917749;-70.69621462893853;Avenida Ecuador, Estación Central, Santiago, Chile
2025-11-29 17:39:13;Estación Central;departamento;Departamento Avenida Alberto Hurtado Id: 137911;2200;CLF;2 dormitorios;2 baños;51 m² útiles;2 dormitorios | 2 baños | 51 m² útiles;Avenida Alberto Hurtado, Universidad De Santiago, Estación Central;;-33.45054846872019;-70.69225689283539;Avenida Alberto Hurtado, Estación Central, Santiago, Chile
2025-11-29 17:39:13;Estación Central;departamento;Departamento Conde Del Maule Id: 83243;2300;CLF;2 dormitorios;1 baño;47 m² útiles;2 dormitorios | 1 baño | 47 m² útiles;Conde Del Maule, Metro Ecuador, Estación Central;;-33.45338413192823;-70.69449248051292;Conde Del Maule, Estación Central, Santiago, Chile
2025-11-29 17:39:13;Estación Central;departamento;Departamento Coronel Souper Id: 22113;2800;CLF;2 dormitorios;2 baños;67 m² útiles;2 dormitorios | 2 baños | 67 m² útiles;Coronel Souper, San Alberto Hurtado, Estación Central;;-33.4587970769033;-70.6976990807524;Coronel Souper, Estación Central, Santiago, Chile
2025-11-29 17:39:13;Estación Central;departamento;Departamento Francisco Zelada Id: 131358;1700;CLF;1 dormitorio;1 baño;30 m² útiles;1 dormitorio | 1 baño | 30 m² útiles;Francisco Zelada, Metro Ecuador, Estación Central;;-33.452546889003195;-70.70301947226464;Francisco Zelada, Estación Central, Santiago, Chile
2025-11-29 17:39:13;Estación Central;departamento;Departamento Francisco Zelada Id: 135414;3100;CLF;2 dormitorios;2 baños;63 m² útiles;2 dormitorios | 2 baños | 63 m² útiles;Francisco Zelada, Metro Ecuador, Estación Central;;-33.452546889003195;-70.70301947226464;Francisco Zelada, Estación Central, Santiago, Chile
2025-11-29 17:39:13;Estación Central;departamento;Departamento Pasaje Titán Id: 159739;2600;CLF;2 dormitorios;1 baño;51 m² útiles;2 dormitorios | 1 baño | 51 m² útiles;Pasaje Titán, Metro Las Rejas, Estación Central;;-33.459760200000005;-70.70476450000001;Pasaje Titán, Estación Central, Santiago, Chile
2025-11-29 17:39:13;Estación Central;departamento;Departamento Santa Petronila Id: 113518;2000;CLF;2 dormitorios;1 baño;48 m² útiles;2 dormitorios | 1 baño | 48 m² útiles;Santa Petronila, Metro Las Rejas, Estación Central;;-33.450666050424914;-70.70481665135743;Santa Petronila, Estación Central, Santiago, Chile
2025-11-29 17:39:13;Estación Central;departamento;Departamento Conde Del Maule Id: 133126;1800;CLF;1 dormitorio;1 baño;28 m² útiles;1 dormitorio | 1 baño | 28 m² útiles;Conde Del Maule, Metro Ecuador, Estación Central;;-33.45338413192823;-70.69449248051292;Conde Del Maule, Estación Central, Santiago, Chile
2025-11-29 17:39:20;Estación Central;departamento;Departamento Toro Mazote Id: 63110;1390;CLF;1 dormitorio;1 baño;30 m² útiles;1 dormitorio | 1 baño | 30 m² útiles;Toro Mazote, Nogales - San Eugenio, Estación Central;;-33.4706502013169;-70.69045590796979;Toro Mazote, Estación Central, Santiago, Chile
2025-11-29 17:39:20;Estación Central;departamento;Departamento Santa Petronila Id: 154558;1980;CLF;1 dormitorio;1 baño;30 m² útiles;1 dormitorio | 1 baño | 30 m² útiles;Santa Petronila, Metro Las Rejas, Estación Central;;-33.450666050424914;-70.70481665135743;Santa Petronila, Estación Central, Santiago, Chile
2025-11-29 17:39:20;Estación Central;departamento;Departamento Buzo Sobenes Id: 116249;2000;CLF;1 dormitorio;1 baño;38 m² útiles;1 dormitorio | 1 baño | 38 m² útiles;Buzo Sobenes, San Alberto Hurtado, Estación Central;;-33.45010351745822;-70.6932090507629;Buzo Sobenes, Estación Central, Santiago, Chile
2025-11-29 17:39:20;Estación Central;departamento;Departamento Coronel Souper Id: 118628;1650;CLF;2 dormitorios;1 baño;45 m² útiles;2 dormitorios | 1 baño | 45 m² útiles;Coronel Souper, San Alberto Hurtado, Estación Central;;-33.4587970769033;-70.6976990807524;Coronel Souper, Estación Central, Santiago, Chile
2025-11-29 17:39:20;Estación Central;departamento;Departamento Avenida Ecuador Id: 135234;2100;CLF;2 dormitorios;1 baño;47 m² útiles;2 dormitorios | 1 baño | 47 m² útiles;Avenida Ecuador, Metro Las Rejas, Estación Central;;-33.45259369917749;-70.69621462893853;Avenida Ecuador, Estación Central, Santiago, Chile
2025-11-29 17:39:20;Estación Central;departamento;Departamento Conde Del Maule Id: 17516;2150;CLF;2 dormitorios;1 baño;47 m² útiles;2 dormitorios | 1 baño | 47 m² útiles;Conde Del Maule, Metro Ecuador, Estación Central;;-33.45338413192823;-70.69449248051292;Conde Del Maule, Estación Central, Santiago, Chile
2025-11-29 17:39:20;Estación Central;departamento;Departamento Conde Del Maule Id: 127352;1000;CLF;1 dormitorio;1 baño;21 m² útiles;1 dormitorio | 1 baño | 21 m² útiles;Conde Del Maule, San Alberto Hurtado, Estación Central;;-33.45338413192823;-70.69449248051292;Conde Del Maule, Estación Central, Santiago, Chile
2025-11-29 17:39:20;Estación Central;departamento;Departamento Avenida Ecuador Id: 144966;2200;CLF;3 dormitorios;1 baño;57 m² útiles;3 dormitorios | 1 baño | 57 m² útiles;Avenida Ecuador, Metro Las Rejas, Estación Central;;-33.45259369917749;-70.69621462893853;Avenida Ecuador, Estación Central, Santiago, Chile
2025-11-29 17:39:20;Estación Central;departamento;Departamento Avenida María Rozas Velásquez Id: 132660;1830;CLF;1 dormitorio;1 baño;27 m² útiles;1 dormitorio | 1 baño | 27 m² útiles;Avenida María Rozas Velásquez, Metro Las Rejas, Estación Central;;-33.4559177;-70.70561315;Avenida María Rozas Velásquez, Estación Central, Santiago, Chile
2025-11-29 17:39:20;Estación Central;departamento;Departamento En Venta En Estación Central;1800;CLF;1 dormitorio;1 baño;40 m² útiles;1 dormitorio | 1 baño | 40 m² útiles;Exposición 1700, Nogales - San Eugenio, Estación Central;;-33.4536375;-70.6898654;Exposición 1700, Estación Central, Santiago, Chile
2025-11-29 17:39:20;Estación Central;departamento;Departamento Avenida María Rozas Velásquez Id: 143237;1800;CLF;2 dormitorios;1 baño;46 m² útiles;2 dormitorios | 1 baño | 46 m² útiles;Avenida María Rozas Velásquez, Metro Las Rejas, Estación Central;;-33.4559177;-70.70561315;Avenida María Rozas Velásquez, Estación Central, Santiago, Chile
2025-11-29 17:39:20;Estación Central;departamento;Departamento Buzo Sobenes Id: 24867;1000;CLF;1 dormitorio;1 baño;23 m² útiles;1 dormitorio | 1 baño | 23 m² útiles;Buzo Sobenes, San Alberto Hurtado, Estación Central;;-33.45010351745822;-70.6932090507629;Buzo Sobenes, Estación Central, Santiago, Chile
2025-11-29 17:39:20;Estación Central;departamento;Departamento Av. Ecuador Id: 134717;1790;CLF;1 dormitorio;1 baño;30 m² útiles;1 dormitorio | 1 baño | 30 m² útiles;Av. Ecuador, Metro Ecuador, Estación Central;;-33.45259369917749;-70.69621462893853;Av. Ecuador, Estación Central, Santiago, Chile
2025-11-29 17:39:20;Estación Central;departamento;Departamento Avenida María Rozas Velásquez Id: 88038;1450;CLF;1 dormitorio;1 baño;30 m² útiles;1 dormitorio | 1 baño | 30 m² útiles;Avenida María Rozas Velásquez, Metro Las Rejas, Estación Central;;-33.4559177;-70.70561315;Avenida María Rozas Velásquez, Estación Central, Santiago, Chile
2025-11-29 17:39:20;Estación Central;departamento;Departamento Avenida María Rozas Velásquez Id: 103444;2200;CLF;2 dormitorios;1 baño;42 m² útiles;2 dormitorios | 1 baño | 42 m² útiles;Avenida María Rozas Velásquez, Metro Las Rejas, Estación Central;;-33.4559177;-70.70561315;Avenida María Rozas Velásquez, Estación Central, Santiago, Chile
2025-11-29 17:39:20;Estación Central;departamento;Departamento Radal Del Obispo Francisco Anabalón Duarte;1700;CLF;1 dormitorio;1 baño;34 m² útiles;1 dormitorio | 1 baño | 34 m² útiles;Radal Del Obispo Francisco Anabalón Duarte, Metro Ecuador, Estación Central;;-33.45623561595505;-70.70110417417816;Radal Del Obispo Francisco Anabalón Duarte, Estación Central, Santiago, Chile
2025-11-29 17:39:20;Estación Central;departamento;Departamento Blanco Garcés Id: 113169;1276;CLF;1 dormitorio;1 baño;21 m² útiles;1 dormitorio | 1 baño | 21 m² útiles;Blanco Garcés, San Alberto Hurtado, Estación Central;;-33.451992313901464;-70.69784303670724;Blanco Garcés, Estación Central, Santiago, Chile
2025-11-29 17:39:20;Estación Central;departamento; Vendo Depto En María Rozas Velásquez 65, Estación Central;75000000;CLP;2 dormitorios;1 baño;40 m² útiles;2 dormitorios | 1 baño | 40 m² útiles;Av. María Rozas Velásquez 65, Santiago, Estación Central, Metro Las Rejas, Estación Central;;-33.453458999999995;-70.70575666155817;Av. María Rozas Velásquez 65, Estación Central, Santiago, Chile
2025-11-29 17:39:20;Estación Central;departamento;Departamento Coronel Godoy Id: 110363;1955;CLF;1 dormitorio;1 baño;31 m² útiles;1 dormitorio | 1 baño | 31 m² útiles;Coronel Godoy, San Alberto Hurtado, Estación Central;;-33.456483306050025;-70.69279481856528;Coronel Godoy, Estación Central, Santiago, Chile
2025-11-29 17:39:20;Estación Central;departamento;Departamento Buzo Sobenes Id: 146470;1300;CLF;1 dormitorio;1 baño;27 m² útiles;1 dormitorio | 1 baño | 27 m² útiles;Buzo Sobenes, San Alberto Hurtado, Estación Central;;-33.45010351745822;-70.6932090507629;Buzo Sobenes, Estación Central, Santiago, Chile
2025-11-29 17:39:20;Estación Central;departamento;Departamento Conde Del Maule Id: 109934;2300;CLF;2 dormitorios;1 baño;43 m² útiles;2 dormitorios | 1 baño | 43 m² útiles;Conde Del Maule, San Alberto Hurtado, Estación Central;;-33.45338413192823;-70.69449248051292;Conde Del Maule, Estación Central, Santiago, Chile
2025-11-29 17:39:20;Estación Central;departamento;Departamento Avenida Ecuador Id: 109599;1350;CLF;1 dormitorio;1 baño;31 m² útiles;1 dormitorio | 1 baño | 31 m² útiles;Avenida Ecuador, Metro Ecuador, Estación Central;;-33.45259369917749;-70.69621462893853;Avenida Ecuador, Estación Central, Santiago, Chile
2025-11-29 17:39:20;Estación Central;departamento;Departamento Radal Del Obispo Francisco Anabalón Duarte;2000;CLF;1 dormitorio;1 baño;32 m² útiles;1 dormitorio | 1 baño | 32 m² útiles;Radal Del Obispo Francisco Anabalón Duarte, Metro Ecuador, Estación Central;;-33.45623561595505;-70.70110417417816;Radal Del Obispo Francisco Anabalón Duarte, Estación Central, Santiago, Chile
2025-11-29 17:39:20;Estación Central;departamento;Departamento General Amengual Id: 127461;81000000;CLP;1 dormitorio;1 baño;38 m² útiles;1 dormitorio | 1 baño | 38 m² útiles;General Amengual, San Alberto Hurtado, Estación Central;;-33.46301915;-70.69540964999999;General Amengual, Estación Central, Santiago, Chile
2025-11-29 17:39:20;Estación Central;departamento;Departamento Toro Mazote Id: 101294;1490;CLF;1 dormitorio;1 baño;26 m² útiles;1 dormitorio | 1 baño | 26 m² útiles;Toro Mazote, Nogales - San Eugenio, Estación Central;;-33.4706502013169;-70.69045590796979;Toro Mazote, Estación Central, Santiago, Chile
2025-11-29 17:39:20;Estación Central;departamento;Departamento Blanco Garcés Id: 86179;1750;CLF;1 dormitorio;1 baño;30 m² útiles;1 dormitorio | 1 baño | 30 m² útiles;Blanco Garcés, San Alberto Hurtado, Estación Central;;-33.451992313901464;-70.69784303670724;Blanco Garcés, Estación Central, Santiago, Chile
2025-11-29 17:39:20;Estación Central;departamento;Departamento Toro Mazotte Id: 151864;1100;CLF;1 dormitorio;1 baño;25 m² útiles;1 dormitorio | 1 baño | 25 m² útiles;Toro Mazotte, San Alberto Hurtado, Estación Central;;-33.459468446430705;-70.69061060993947;Toro Mazotte, Estación Central, Santiago, Chile
2025-11-29 17:39:20;Estación Central;departamento;Departamento Conde Del Maule Id: 89557;1270;CLF;1 dormitorio;1 baño;30 m² útiles;1 dormitorio | 1 baño | 30 m² útiles;Conde Del Maule, San Alberto Hurtado, Estación Central;;-33.45338413192823;-70.69449248051292;Conde Del Maule, Estación Central, Santiago, Chile
2025-11-29 17:39:20;Estación Central;departamento;Departamento Constantino Id: 122116;1750;CLF;1 dormitorio;1 baño;30 m² útiles;1 dormitorio | 1 baño | 30 m² útiles;Constantino, San Alberto Hurtado, Estación Central;;-33.45175230051811;-70.69655474174844;Constantino, Estación Central, Santiago, Chile
2025-11-29 17:39:20;Estación Central;departamento;Departamento Conde Del Maule Id: 39613;2400;CLF;2 dormitorios;1 baño;52 m² útiles;2 dormitorios | 1 baño | 52 m² útiles;Conde Del Maule, Metro Ecuador, Estación Central;;-33.45338413192823;-70.69449248051292;Conde Del Maule, Estación Central, Santiago, Chile
2025-11-29 17:39:20;Estación Central;departamento;Departamento Buzo Sobenes Id: 24868;1000;CLF;1 dormitorio;1 baño;23 m² útiles;1 dormitorio | 1 baño | 23 m² útiles;Buzo Sobenes, San Alberto Hurtado, Estación Central;;-33.45010351745822;-70.6932090507629;Buzo Sobenes, Estación Central, Santiago, Chile
2025-11-29 17:39:20;Estación Central;departamento;Departamento Avenida Padre Alberto Hurtado Id: 150970;2935;CLF;2 dormitorios;1 baño;42 m² útiles;2 dormitorios | 1 baño | 42 m² útiles;Avenida Padre Alberto Hurtado, Universidad De Santiago, Estación Central;;-33.4721187;-70.687876;Avenida Padre Alberto Hurtado, Estación Central, Santiago, Chile
2025-11-29 17:39:20;Estación Central;departamento;Departamento Blanco Garcés Id: 91176;1717;CLF;1 dormitorio;1 baño;30 m² útiles;1 dormitorio | 1 baño | 30 m² útiles;Blanco Garcés, San Alberto Hurtado, Estación Central;;-33.451992313901464;-70.69784303670724;Blanco Garcés, Estación Central, Santiago, Chile
2025-11-29 17:39:20;Estación Central;departamento;Departamento Avenida María Rozas Velásquez Id: 83820;1400;CLF;1 dormitorio;1 baño;30 m² útiles;1 dormitorio | 1 baño | 30 m² útiles;Avenida María Rozas Velásquez, Metro Las Rejas, Estación Central;;-33.4559177;-70.70561315;Avenida María Rozas Velásquez, Estación Central, Santiago, Chile
2025-11-29 17:39:20;Estación Central;departamento;Departamento Carlos Pezoa Véliz Id: 122760;1500;CLF;1 dormitorio;1 baño;20 m² útiles;1 dormitorio | 1 baño | 20 m² útiles;Carlos Pezoa Véliz, Metro Ecuador, Estación Central;;-33.45575955203821;-70.70305514685388;Carlos Pezoa Véliz, Estación Central, Santiago, Chile
2025-11-29 17:39:20;Estación Central;departamento;Departamento Francisco Zelada Id: 106863;1900;CLF;1 dormitorio;1 baño;30 m² útiles;1 dormitorio | 1 baño | 30 m² útiles;Francisco Zelada, Metro Ecuador, Estación Central;;-33.452546889003195;-70.70301947226464;Francisco Zelada, Estación Central, Santiago, Chile
2025-11-29 17:39:20;Estación Central;departamento;Departamento Toro Mazotte Id: 112174;2250;CLF;2 dormitorios;1 baño;54 m² útiles;2 dormitorios | 1 baño | 54 m² útiles;Toro Mazotte, San Alberto Hurtado, Estación Central;;-33.459468446430705;-70.69061060993947;Toro Mazotte, Estación Central, Santiago, Chile
2025-11-29 17:39:20;Estación Central;departamento;Departamento Coronel Souper Id: 159007;940;CLF;1 dormitorio;1 baño;26 m² útiles;1 dormitorio | 1 baño | 26 m² útiles;Coronel Souper, San Alberto Hurtado, Estación Central;;-33.4587970769033;-70.6976990807524;Coronel Souper, Estación Central, Santiago, Chile
2025-11-29 17:39:20;Estación Central;departamento;Departamento Avenida María Rozas Velásquez Id: 84255;1450;CLF;1 dormitorio;1 baño;30 m² útiles;1 dormitorio | 1 baño | 30 m² útiles;Avenida María Rozas Velásquez, Metro Las Rejas, Estación Central;;-33.4559177;-70.70561315;Avenida María Rozas Velásquez, Estación Central, Santiago, Chile
2025-11-29 17:39:20;Estación Central;departamento;Departamento Avenida María Rozas Velásquez Id: 88031;1450;CLF;1 dormitorio;1 baño;30 m² útiles;1 dormitorio | 1 baño | 30 m² útiles;Avenida María Rozas Velásquez, Metro Las Rejas, Estación Central;;-33.4559177;-70.70561315;Avenida María Rozas Velásquez, Estación Central, Santiago, Chile
2025-11-29 17:39:20;Estación Central;departamento;Departamento Santa Petronila Id: 160693;1830;CLF;1 dormitorio;1 baño;30 m² útiles;1 dormitorio | 1 baño | 30 m² útiles;Santa Petronila, Metro Las Rejas, Estación Central;;-33.450666050424914;-70.70481665135743;Santa Petronila, Estación Central, Santiago, Chile
2025-11-29 17:39:20;Estación Central;departamento;Departamento Toro Mazote Id: 33464;1750;CLF;2 dormitorios;1 baño;46 m² útiles;2 dormitorios | 1 baño | 46 m² útiles;Toro Mazote, Nogales - San Eugenio, Estación Central;;-33.4706502013169;-70.69045590796979;Toro Mazote, Estación Central, Santiago, Chile
2025-11-29 17:39:20;Estación Central;departamento;Departamento Blanco Garcés Id: 125384;75000000;CLP;2 dormitorios;1 baño;40 m² útiles;2 dormitorios | 1 baño | 40 m² útiles;Blanco Garcés, Metro Ecuador, Estación Central;;-33.451992313901464;-70.69784303670724;Blanco Garcés, Estación Central, Santiago, Chile
2025-11-29 17:39:20;Estación Central;departamento;Estacion Central  Carlos Pezoa Veliz / Alameda 17;1951;CLF;2 dormitorios;2 baños;57 m² útiles;2 dormitorios | 2 baños | 57 m² útiles;Carlos Pezoa Véliz 143, Estación Central, Metro Ecuador, Estación Central;;-33.45506720416667;-70.70313985;Carlos Pezoa Véliz 143, Estación Central, Santiago, Chile
2025-11-29 17:39:20;Estación Central;departamento;Departamento Nicasio Retamales Id: 121509;60000000;CLP;1 dormitorio;1 baño;30 m² útiles;1 dormitorio | 1 baño | 30 m² útiles;Nicasio Retamales, Universidad De Santiago, Estación Central;;-33.46037484410827;-70.68795307430338;Nicasio Retamales, Estación Central, Santiago, Chile
2025-11-29 17:39:20;Estación Central;departamento;Departamento Toro Mazotte Id: 135768;1800;CLF;1 dormitorio;1 baño;30 m² útiles;1 dormitorio | 1 baño | 30 m² útiles;Toro Mazotte, San Alberto Hurtado, Estación Central;;-33.459468446430705;-70.69061060993947;Toro Mazotte, Estación Central, Santiago, Chile
2025-11-29 17:39:20;Estación Central;departamento;Departamento Blanco Garcés Id: 14528;1080;CLF;1 dormitorio;1 baño;23 m² útiles;1 dormitorio | 1 baño | 23 m² útiles;Blanco Garcés, San Alberto Hurtado, Estación Central;;-33.451992313901464;-70.69784303670724;Blanco Garcés, Estación Central, Santiago, Chile
2025-11-29 17:39:20;Estación Central;departamento;Departamento Buzo Sobenes Id: 29813;1000;CLF;1 dormitorio;1 baño;23 m² útiles;1 dormitorio | 1 baño | 23 m² útiles;Buzo Sobenes, San Alberto Hurtado, Estación Central;;-33.45010351745822;-70.6932090507629;Buzo Sobenes, Estación Central, Santiago, Chile
2025-11-29 17:40:54;Estación Central;departamento;Departamento Buzo Sobenes Id: 28184;1350;CLF;1 dormitorio;1 baño;20 m² útiles;1 dormitorio | 1 baño | 20 m² útiles;Buzo Sobenes, San Alberto Hurtado, Estación Central;;-33.45010351745822;-70.6932090507629;Buzo Sobenes, Estación Central, Santiago, Chile
2025-11-29 17:40:54;Estación Central;departamento;Departamento Conde Del Maule Id: 152293;2200;CLF;1 dormitorio;1 baño;30 m² útiles;1 dormitorio | 1 baño | 30 m² útiles;Conde Del Maule, San Alberto Hurtado, Estación Central;;-33.45338413192823;-70.69449248051292;Conde Del Maule, Estación Central, Santiago, Chile
2025-11-29 17:40:54;Estación Central;departamento;Departamento Avenida Padre Alberto Hurtado Id: 145103;2780;CLF;2 dormitorios;1 baño;44 m² útiles;2 dormitorios | 1 baño | 44 m² útiles;Avenida Padre Alberto Hurtado, San Alberto Hurtado, Estación Central;;-33.4721187;-70.687876;Avenida Padre Alberto Hurtado, Estación Central, Santiago, Chile
2025-11-29 17:40:54;Estación Central;departamento;Departamento Toro Mazotte Id: 28157;1928;CLF;1 dormitorio;1 baño;30 m² útiles;1 dormitorio | 1 baño | 30 m² útiles;Toro Mazotte, San Alberto Hurtado, Estación Central;;-33.459468446430705;-70.69061060993947;Toro Mazotte, Estación Central, Santiago, Chile
2025-11-29 17:40:54;Estación Central;departamento;Departamento Blanco Garcés Id: 19515;1400;CLF;1 dormitorio;1 baño;30 m² útiles;1 dormitorio | 1 baño | 30 m² útiles;Blanco Garcés, San Alberto Hurtado, Estación Central;;-33.451992313901464;-70.69784303670724;Blanco Garcés, Estación Central, Santiago, Chile
2025-11-29 17:40:54;Estación Central;departamento;Departamento Avenida María Rozas Velásquez Id: 83684;1450;CLF;1 dormitorio;1 baño;28 m² útiles;1 dormitorio | 1 baño | 28 m² útiles;Avenida María Rozas Velásquez, Metro Las Rejas, Estación Central;;-33.4559177;-70.70561315;Avenida María Rozas Velásquez, Estación Central, Santiago, Chile
2025-11-29 17:40:54;Estación Central;departamento;Departamento Blanco Garcés Id: 20719;1800;CLF;2 dormitorios;1 baño;39 m² útiles;2 dormitorios | 1 baño | 39 m² útiles;Blanco Garcés, San Alberto Hurtado, Estación Central;;-33.451992313901464;-70.69784303670724;Blanco Garcés, Estación Central, Santiago, Chile
2025-11-29 17:40:54;Estación Central;departamento;Departamento Radal Del Obispo Francisco Anabalón Duarte;2100;CLF;1 dormitorio;1 baño;40 m² útiles;1 dormitorio | 1 baño | 40 m² útiles;Radal Del Obispo Francisco Anabalón Duarte, Metro Ecuador, Estación Central;;-33.45623561595505;-70.70110417417816;Radal Del Obispo Francisco Anabalón Duarte, Estación Central, Santiago, Chile
2025-11-29 17:40:54;Estación Central;departamento;Departamento Nicasio Retamales Id: 38539;2000;CLF;1 dormitorio;1 baño;36 m² útiles;1 dormitorio | 1 baño | 36 m² útiles;Nicasio Retamales, Universidad De Santiago, Estación Central;;-33.46037484410827;-70.68795307430338;Nicasio Retamales, Estación Central, Santiago, Chile
2025-11-29 17:40:54;Estación Central;departamento;Departamento Avenida María Rozas Velásquez Id: 87426;1450;CLF;1 dormitorio;1 baño;30 m² útiles;1 dormitorio | 1 baño | 30 m² útiles;Avenida María Rozas Velásquez, Metro Las Rejas, Estación Central;;-33.4559177;-70.70561315;Avenida María Rozas Velásquez, Estación Central, Santiago, Chile
2025-11-29 17:40:54;Estación Central;departamento;Departamento Avenida María Rozas Velásquez Id: 83452;1450;CLF;1 dormitorio;1 baño;28 m² útiles;1 dormitorio | 1 baño | 28 m² útiles;Avenida María Rozas Velásquez, Metro Las Rejas, Estación Central;;-33.4559177;-70.70561315;Avenida María Rozas Velásquez, Estación Central, Santiago, Chile
2025-11-29 17:40:54;Estación Central;departamento;Departamento Toro Mazote Id: 90837;1250;CLF;1 dormitorio;1 baño;30 m² útiles;1 dormitorio | 1 baño | 30 m² útiles;Toro Mazote, Nogales - San Eugenio, Estación Central;;-33.4706502013169;-70.69045590796979;Toro Mazote, Estación Central, Santiago, Chile
2025-11-29 17:40:54;Estación Central;departamento;Departamento Avenida Ecuador Id: 90011;1900;CLF;1 dormitorio;1 baño;34 m² útiles;1 dormitorio | 1 baño | 34 m² útiles;Avenida Ecuador, Metro Las Rejas, Estación Central;;-33.45259369917749;-70.69621462893853;Avenida Ecuador, Estación Central, Santiago, Chile
2025-11-29 17:40:54;Estación Central;departamento;Departamento Federico Scotto Id: 120910;1900;CLF;1 dormitorio;1 baño;34 m² útiles;1 dormitorio | 1 baño | 34 m² útiles;Federico Scotto, Universidad De Santiago, Estación Central;;-33.45210873887682;-70.68895116621364;Federico Scotto, Estación Central, Santiago, Chile
2025-11-29 17:40:54;Estación Central;departamento;Departamento Blanco Garcés Id: 133713;1350;CLF;1 dormitorio;1 baño;24 m² útiles;1 dormitorio | 1 baño | 24 m² útiles;Blanco Garcés, San Alberto Hurtado, Estación Central;;-33.451992313901464;-70.69784303670724;Blanco Garcés, Estación Central, Santiago, Chile
2025-11-29 17:40:54;Estación Central;departamento;Acogedor Depto. 45m2, 2d/1b/1est/1bod, Coronel Souper;80000000;CLP;2 dormitorios;1 baño;42 m² útiles;2 dormitorios | 1 baño | 42 m² útiles;Av. Padre Alberto Hurtado 194, Santiago, Estación Central, Universidad De Santiago, Estación Central;;-33.4542019;-70.6922721;Av. Padre Alberto Hurtado 194, Estación Central, Santiago, Chile
2025-11-29 17:40:54;Estación Central;departamento;Departamento Avenida Alameda Libertador Bernardo O'higgins;2200;CLF;1 dormitorio;1 baño;33 m² útiles;1 dormitorio | 1 baño | 33 m² útiles;Avenida Alameda Libertador Bernardo O'Higgins, Metro Ecuador, Estación Central;;-33.4548329;-70.69714139971808;Avenida Alameda Libertador Bernardo O'Higgins, Estación Central, Santiago, Chile
2025-11-29 17:40:54;Estación Central;departamento;Departamento Radal Del Obispo Francisco Anabalón Duarte;1800;CLF;1 dormitorio;1 baño;30 m² útiles;1 dormitorio | 1 baño | 30 m² útiles;Radal Del Obispo Francisco Anabalón Duarte, Metro Ecuador, Estación Central;;-33.45623561595505;-70.70110417417816;Radal Del Obispo Francisco Anabalón Duarte, Estación Central, Santiago, Chile
2025-11-29 17:40:54;Estación Central;departamento;Departamento Avenida Padre Alberto Hurtado Id: 100582;1400;CLF;1 dormitorio;1 baño;30 m² útiles;1 dormitorio | 1 baño | 30 m² útiles;Avenida Padre Alberto Hurtado, Universidad De Santiago, Estación Central;;-33.4721187;-70.687876;Avenida Padre Alberto Hurtado, Estación Central, Santiago, Chile
2025-11-29 17:40:54;Estación Central;departamento;Departamento Avenida María Rozas Velásquez Id: 159162;1600;CLF;2 dormitorios;1 baño;41 m² útiles;2 dormitorios | 1 baño | 41 m² útiles;Avenida María Rozas Velásquez, Metro Las Rejas, Estación Central;;-33.4559177;-70.70561315;Avenida María Rozas Velásquez, Estación Central, Santiago, Chile
2025-11-29 17:40:54;Estación Central;departamento;Departamento Buzo Sobenes Id: 158466;62900000;CLP;1 dormitorio;1 baño;31 m² útiles;1 dormitorio | 1 baño | 31 m² útiles;Buzo Sobenes, San Alberto Hurtado, Estación Central;;-33.45010351745822;-70.6932090507629;Buzo Sobenes, Estación Central, Santiago, Chile
2025-11-29 17:40:54;Estación Central;departamento;Departamento Buzo Sobenes Id: 106159;1800;CLF;1 dormitorio;1 baño;32 m² útiles;1 dormitorio | 1 baño | 32 m² útiles;Buzo Sobenes, San Alberto Hurtado, Estación Central;;-33.45010351745822;-70.6932090507629;Buzo Sobenes, Estación Central, Santiago, Chile
2025-11-29 17:40:54;Estación Central;departamento;Departamento Carlos Pezoa Véliz Id: 138037;1299;CLF;1 dormitorio;1 baño;24 m² útiles;1 dormitorio | 1 baño | 24 m² útiles;Carlos Pezoa Véliz, Metro Ecuador, Estación Central;;-33.45575955203821;-70.70305514685388;Carlos Pezoa Véliz, Estación Central, Santiago, Chile
2025-11-29 17:40:54;Estación Central;departamento;Departamento Avenida María Rozas Velásquez Id: 88863;1420;CLF;1 dormitorio;1 baño;29 m² útiles;1 dormitorio | 1 baño | 29 m² útiles;Avenida María Rozas Velásquez, Metro Las Rejas, Estación Central;;-33.4559177;-70.70561315;Avenida María Rozas Velásquez, Estación Central, Santiago, Chile
2025-11-29 17:40:54;Estación Central;departamento;Departamento Av. María Rozas Velásquez Id: 136516;1256;CLF;1 dormitorio;1 baño;21 m² útiles;1 dormitorio | 1 baño | 21 m² útiles;Av. María Rozas Velásquez, Metro Las Rejas, Estación Central;;-33.4559177;-70.70561315;Av. María Rozas Velásquez, Estación Central, Santiago, Chile
2025-11-29 17:40:54;Estación Central;departamento;Departamento Carlos Pezoa Véliz Id: 156483;1900;CLF;2 dormitorios;1 baño;45 m² útiles;2 dormitorios | 1 baño | 45 m² útiles;Carlos Pezoa Véliz, Metro Ecuador, Estación Central;;-33.45575955203821;-70.70305514685388;Carlos Pezoa Véliz, Estación Central, Santiago, Chile
2025-11-29 17:40:54;Estación Central;departamento;Departamento En Venta Metro Las Rejas Terraza;1390;CLF;1 dormitorio;1 baño;30 m² útiles;1 dormitorio | 1 baño | 30 m² útiles;Sta. Petronila 38, Estación Central, Metro Las Rejas, Estación Central;;-33.453637099999995;-70.70494999471634;Sta. Petronila 38, Estación Central, Santiago, Chile
2025-11-29 17:40:54;Estación Central;departamento;Departamento Blanco Garcés Id: 149639;2000;CLF;2 dormitorios;1 baño;42 m² útiles;2 dormitorios | 1 baño | 42 m² útiles;Blanco Garcés, San Alberto Hurtado, Estación Central;;-33.451992313901464;-70.69784303670724;Blanco Garcés, Estación Central, Santiago, Chile
2025-11-29 17:40:54;Estación Central;departamento;Departamento Avenida María Rozas Velásquez Id: 161262;1250;CLF;1 dormitorio;1 baño;22 m² útiles;1 dormitorio | 1 baño | 22 m² útiles;Avenida María Rozas Velásquez, Metro Las Rejas, Estación Central;;-33.4559177;-70.70561315;Avenida María Rozas Velásquez, Estación Central, Santiago, Chile
2025-11-29 17:40:54;Estación Central;departamento;Departamento Nicasio Retamales Id: 157177;88000000;CLP;2 dormitorios;1 baño;50 m² útiles;2 dormitorios | 1 baño | 50 m² útiles;Nicasio Retamales, Universidad De Santiago, Estación Central;;-33.46037484410827;-70.68795307430338;Nicasio Retamales, Estación Central, Santiago, Chile
2025-11-29 17:40:54;Estación Central;departamento;Departamento Carlos Pezoa Véliz Id: 48019;1700;CLF;1 dormitorio;1 baño;30 m² útiles;1 dormitorio | 1 baño | 30 m² útiles;Carlos Pezoa Véliz, Metro Ecuador, Estación Central;;-33.45575955203821;-70.70305514685388;Carlos Pezoa Véliz, Estación Central, Santiago, Chile
2025-11-29 17:40:54;Estación Central;departamento;Estacion Central  Metro Las Rejas / Alameda;2251;CLF;2 dormitorios;2 baños;52 m² útiles;2 dormitorios | 2 baños | 52 m² útiles;Carlos Pezoa Véliz 143, Estación Central, Metro Ecuador, Estación Central;;-33.45506720416667;-70.70313985;Carlos Pezoa Véliz 143, Estación Central, Santiago, Chile
2025-11-29 17:40:54;Estación Central;departamento;Departamento Avenida Ecuador Id: 144967;3250;CLF;2 dormitorios;2 baños;67 m² útiles;2 dormitorios | 2 baños | 67 m² útiles;Avenida Ecuador, Metro Ecuador, Estación Central;;-33.45259369917749;-70.69621462893853;Avenida Ecuador, Estación Central, Santiago, Chile
2025-11-29 17:40:54;Estación Central;departamento;Oportunidad Inversión Toro Mazote;2050;CLF;2 dormitorios;2 baños;44 m² útiles;2 dormitorios | 2 baños | 44 m² útiles;San Alberto Hurtado, Estación Central;;-33.4542019;-70.6922721;San Alberto Hurtado, Estación Central, Santiago, Chile
2025-11-29 17:40:54;Estación Central;departamento;Departamento Avenida Alberto Hurtado Id: 141694;1800;CLF;1 dormitorio;1 baño;33 m² útiles;1 dormitorio | 1 baño | 33 m² útiles;Avenida Alberto Hurtado, San Alberto Hurtado, Estación Central;;-33.45054846872019;-70.69225689283539;Avenida Alberto Hurtado, Estación Central, Santiago, Chile
2025-11-29 17:40:54;Estación Central;departamento;Departamento Con Con Id: 29640;1800;CLF;1 dormitorio;1 baño;33 m² útiles;1 dormitorio | 1 baño | 33 m² útiles;Con Con, San Alberto Hurtado, Estación Central;;-33.471669;-70.6783309;Con Con, Estación Central, Santiago, Chile
2025-11-29 17:40:54;Estación Central;departamento;Departamento Conde Del Maule Id: 108725;1750;CLF;1 dormitorio;1 baño;24 m² útiles;1 dormitorio | 1 baño | 24 m² útiles;Conde Del Maule, Metro Ecuador, Estación Central;;-33.45338413192823;-70.69449248051292;Conde Del Maule, Estación Central, Santiago, Chile
2025-11-29 17:40:54;Estación Central;departamento;Departamento Avenida María Rozas Velásquez Id: 106542;1450;CLF;1 dormitorio;1 baño;28 m² útiles;1 dormitorio | 1 baño | 28 m² útiles;Avenida María Rozas Velásquez, Metro Las Rejas, Estación Central;;-33.4559177;-70.70561315;Avenida María Rozas Velásquez, Estación Central, Santiago, Chile
2025-11-29 17:40:54;Estación Central;departamento;Departamento Avenida María Rozas Velásquez Id: 84878;1400;CLF;1 dormitorio;1 baño;30 m² útiles;1 dormitorio | 1 baño | 30 m² útiles;Avenida María Rozas Velásquez, Metro Las Rejas, Estación Central;;-33.4559177;-70.70561315;Avenida María Rozas Velásquez, Estación Central, Santiago, Chile
2025-11-29 17:40:54;Estación Central;departamento;Departamento Toro Mazotte Id: 121664;55000000;CLP;1 dormitorio;1 baño;22 m² útiles;1 dormitorio | 1 baño | 22 m² útiles;Toro Mazotte, San Alberto Hurtado, Estación Central;;-33.459468446430705;-70.69061060993947;Toro Mazotte, Estación Central, Santiago, Chile
2025-11-29 17:40:54;Estación Central;departamento;Departamento Toro Mazote Id: 91797;1250;CLF;1 dormitorio;1 baño;30 m² útiles;1 dormitorio | 1 baño | 30 m² útiles;Toro Mazote, Nogales - San Eugenio, Estación Central;;-33.4706502013169;-70.69045590796979;Toro Mazote, Estación Central, Santiago, Chile
2025-11-29 17:40:54;Estación Central;departamento;Departamento Avenida María Rozas Velásquez Id: 136590;1256;CLF;1 dormitorio;1 baño;21 m² útiles;1 dormitorio | 1 baño | 21 m² útiles;Avenida María Rozas Velásquez, Metro Las Rejas, Estación Central;;-33.4559177;-70.70561315;Avenida María Rozas Velásquez, Estación Central, Santiago, Chile
2025-11-29 17:40:54;Estación Central;departamento;Impecable!!! Depto. 30m2, 1d/1b/bod. Metro San Alberto Hurt.;1400;CLF;1 dormitorio;1 baño;28 m² útiles;1 dormitorio | 1 baño | 28 m² útiles;Conde Del Maule 4325, Estación Central, San Alberto Hurtado, Estación Central;;-33.453373150000004;-70.69573437672085;Conde Del Maule 4325, Estación Central, Santiago, Chile
2025-11-29 17:40:54;Estación Central;departamento;Departamento Nicasio Retamales Id: 148777;1756;CLF;1 dormitorio;1 baño;30 m² útiles;1 dormitorio | 1 baño | 30 m² útiles;Nicasio Retamales, Universidad De Santiago, Estación Central;;-33.46037484410827;-70.68795307430338;Nicasio Retamales, Estación Central, Santiago, Chile
2025-11-29 17:40:54;Estación Central;departamento;Departamento Avenida María Rozas Velásquez Id: 84947;1450;CLF;1 dormitorio;1 baño;30 m² útiles;1 dormitorio | 1 baño | 30 m² útiles;Avenida María Rozas Velásquez, Metro Las Rejas, Estación Central;;-33.4559177;-70.70561315;Avenida María Rozas Velásquez, Estación Central, Santiago, Chile
2025-11-29 17:40:54;Estación Central;departamento;Departamento En Venta En Conde Del Maule Con Piscina;1400;CLF;1 dormitorio;1 baño;28 m² útiles;1 dormitorio | 1 baño | 28 m² útiles;Conde Del Maule 4325, Estación Central, San Alberto Hurtado, Estación Central;;-33.453373150000004;-70.69573437672085;Conde Del Maule 4325, Estación Central, Santiago, Chile
2025-11-29 17:40:54;Estación Central;departamento;Departamento Santa Petronila Id: 24472;2180;CLF;1 dormitorio;1 baño;35 m² útiles;1 dormitorio | 1 baño | 35 m² útiles;Santa Petronila, Metro Las Rejas, Estación Central;;-33.450666050424914;-70.70481665135743;Santa Petronila, Estación Central, Santiago, Chile
2025-11-29 17:40:54;Estación Central;departamento;Departamento Con Con Id: 29551;1800;CLF;1 dormitorio;1 baño;29 m² útiles;1 dormitorio | 1 baño | 29 m² útiles;Con Con, San Alberto Hurtado, Estación Central;;-33.471669;-70.6783309;Con Con, Estación Central, Santiago, Chile
2025-11-29 17:41:30;Estación Central;departamento;Departamento Santa Petronila Id: 87184;1400;CLF;1 dormitorio;1 baño;35 m² útiles;1 dormitorio | 1 baño | 35 m² útiles;Santa Petronila, Metro Las Rejas, Estación Central;;-33.450666050424914;-70.70481665135743;Santa Petronila, Estación Central, Santiago, Chile
2025-11-29 17:41:30;Estación Central;departamento;Departamento La Coruña Id: 157959;1550;CLF;1 dormitorio;1 baño;32 m² útiles;1 dormitorio | 1 baño | 32 m² útiles;La Coruña, Metro Ecuador, Estación Central;;-33.4525823800938;-70.70351934614867;La Coruña, Estación Central, Santiago, Chile
2025-11-29 17:41:30;Estación Central;departamento;Departamento Toro Mazote Id: 86234;1250;CLF;1 dormitorio;1 baño;22 m² útiles;1 dormitorio | 1 baño | 22 m² útiles;Toro Mazote, Nogales - San Eugenio, Estación Central;;-33.4706502013169;-70.69045590796979;Toro Mazote, Estación Central, Santiago, Chile
2025-11-29 17:41:30;Estación Central;departamento;Departamento Avenida Las Torres Id: 132584;2160;CLF;1 dormitorio;1 baño;42 m² útiles;1 dormitorio | 1 baño | 42 m² útiles;Avenida Las Torres, Metro Pajaritos, Estación Central;;-33.46918615;-70.73121361127465;Avenida Las Torres, Estación Central, Santiago, Chile
2025-11-29 17:41:30;Estación Central;departamento;Departamento Avenida Alberto Hurtado Id: 126319;1950;CLF;2 dormitorios;2 baños;47 m² útiles;2 dormitorios | 2 baños | 47 m² útiles;Avenida Alberto Hurtado, Universidad De Santiago, Estación Central;;-33.45054846872019;-70.69225689283539;Avenida Alberto Hurtado, Estación Central, Santiago, Chile
2025-11-29 17:41:30;Estación Central;departamento;Departamento Conde Del Maule Id: 145759;1600;CLF;1 dormitorio;1 baño;38 m² útiles;1 dormitorio | 1 baño | 38 m² útiles;Conde Del Maule, San Alberto Hurtado, Estación Central;;-33.45338413192823;-70.69449248051292;Conde Del Maule, Estación Central, Santiago, Chile
2025-11-29 17:41:30;Estación Central;departamento;Departamento Conde Del Maule Id: 145924;3100;CLF;3 dormitorios;1 baño;58 m² útiles;3 dormitorios | 1 baño | 58 m² útiles;Conde Del Maule, Metro Ecuador, Estación Central;;-33.45338413192823;-70.69449248051292;Conde Del Maule, Estación Central, Santiago, Chile
2025-11-29 17:41:30;Estación Central;departamento;Departamento Avenida María Rozas Velásquez Id: 15795;1950;CLF;2 dormitorios;1 baño;55 m² útiles;2 dormitorios | 1 baño | 55 m² útiles;Avenida María Rozas Velásquez, Metro Las Rejas, Estación Central;;-33.4559177;-70.70561315;Avenida María Rozas Velásquez, Estación Central, Santiago, Chile
2025-11-29 17:41:30;Estación Central;departamento;Departamento Conde Del Maule Id: 145202;2400;CLF;2 dormitorios;2 baños;45 m² útiles;2 dormitorios | 2 baños | 45 m² útiles;Conde Del Maule, San Alberto Hurtado, Estación Central;;-33.45338413192823;-70.69449248051292;Conde Del Maule, Estación Central, Santiago, Chile
2025-11-29 17:41:30;Estación Central;departamento;Departamento Radal Id: 95102;1700;CLF;1 dormitorio;1 baño;42 m² útiles;1 dormitorio | 1 baño | 42 m² útiles;Radal, Metro Ecuador, Estación Central;;-33.45623561595505;-70.70110417417816;Radal, Estación Central, Santiago, Chile
2025-11-29 17:41:30;Estación Central;departamento;Departamento Estación Central Id: 114236;2700;CLF;2 dormitorios;2 baños;54 m² útiles;2 dormitorios | 2 baños | 54 m² útiles;Estación Central, San Alberto Hurtado;;-33.4536375;-70.6898654;Estación Central, Estación Central, Santiago, Chile
2025-11-29 17:41:30;Estación Central;departamento;Departamento Santa Petronila Id: 160948;2100;CLF;2 dormitorios;1 baño;50 m² útiles;2 dormitorios | 1 baño | 50 m² útiles;Santa Petronila, Metro Las Rejas, Estación Central;;-33.450666050424914;-70.70481665135743;Santa Petronila, Estación Central, Santiago, Chile
2025-11-29 17:41:30;Estación Central;departamento;Departamento Avenida Alberto Hurtado Id: 120253;1990;CLF;1 dormitorio;1 baño;31 m² útiles;1 dormitorio | 1 baño | 31 m² útiles;Avenida Alberto Hurtado, San Alberto Hurtado, Estación Central;;-33.45054846872019;-70.69225689283539;Avenida Alberto Hurtado, Estación Central, Santiago, Chile
2025-11-29 17:41:30;Estación Central;departamento;Departamento Carlos Pezoa Véliz Id: 115675;2000;CLF;2 dormitorios;1 baño;42 m² útiles;2 dormitorios | 1 baño | 42 m² útiles;Carlos Pezoa Véliz, Metro Ecuador, Estación Central;;-33.45575955203821;-70.70305514685388;Carlos Pezoa Véliz, Estación Central, Santiago, Chile
2025-11-29 17:41:30;Estación Central;departamento;Departamento Carlos Pezoa Véliz Id: 152237;1700;CLF;1 dormitorio;1 baño;33 m² útiles;1 dormitorio | 1 baño | 33 m² útiles;Carlos Pezoa Véliz, Metro Ecuador, Estación Central;;-33.45575955203821;-70.70305514685388;Carlos Pezoa Véliz, Estación Central, Santiago, Chile
2025-11-29 17:41:30;Estación Central;departamento;Departamento Avenida María Rozas Velásquez Id: 146593;1000;CLF;1 dormitorio;1 baño;20 m² útiles;1 dormitorio | 1 baño | 20 m² útiles;Avenida María Rozas Velásquez, Metro Las Rejas, Estación Central;;-33.4559177;-70.70561315;Avenida María Rozas Velásquez, Estación Central, Santiago, Chile
2025-11-29 17:41:30;Estación Central;departamento;Departamento Toro Mazotte Id: 121759;1700;CLF;1 dormitorio;1 baño;35 m² útiles;1 dormitorio | 1 baño | 35 m² útiles;Toro Mazotte, San Alberto Hurtado, Estación Central;;-33.459468446430705;-70.69061060993947;Toro Mazotte, Estación Central, Santiago, Chile
2025-11-29 17:41:30;Estación Central;departamento;Departamento Carlos Pezoa Véliz Id: 151673;1700;CLF;1 dormitorio;1 baño;33 m² útiles;1 dormitorio | 1 baño | 33 m² útiles;Carlos Pezoa Véliz, Metro Ecuador, Estación Central;;-33.45575955203821;-70.70305514685388;Carlos Pezoa Véliz, Estación Central, Santiago, Chile
2025-11-29 17:41:30;Estación Central;departamento;Departamento Avenida Ecuador Id: 153359;2200;CLF;2 dormitorios;1 baño;48 m² útiles;2 dormitorios | 1 baño | 48 m² útiles;Avenida Ecuador, Metro Ecuador, Estación Central;;-33.45259369917749;-70.69621462893853;Avenida Ecuador, Estación Central, Santiago, Chile
2025-11-29 17:41:30;Estación Central;departamento;Departamento Avenida Ecuador Id: 36463;1480;CLF;1 dormitorio;1 baño;38 m² útiles;1 dormitorio | 1 baño | 38 m² útiles;Avenida Ecuador, Metro Ecuador, Estación Central;;-33.45259369917749;-70.69621462893853;Avenida Ecuador, Estación Central, Santiago, Chile
2025-11-29 17:41:30;Estación Central;departamento;Departamento Avenida Apóstol Santiago Id: 152079;2250;CLF;1 dormitorio;1 baño;37 m² útiles;1 dormitorio | 1 baño | 37 m² útiles;Avenida Apóstol Santiago, San Alberto Hurtado, Estación Central;;-33.4483608;-70.69251775000001;Avenida Apóstol Santiago, Estación Central, Santiago, Chile
2025-11-29 17:41:30;Estación Central;departamento;Departamento Avenida Ecuador Id: 151446;1900;CLF;2 dormitorios;1 baño;38 m² útiles;2 dormitorios | 1 baño | 38 m² útiles;Avenida Ecuador, Metro Ecuador, Estación Central;;-33.45259369917749;-70.69621462893853;Avenida Ecuador, Estación Central, Santiago, Chile
2025-11-29 17:41:30;Estación Central;departamento;Departamento San Gumercindo Id: 141244;2475;CLF;1 dormitorio;1 baño;32 m² útiles;1 dormitorio | 1 baño | 32 m² útiles;San Gumercindo, San Alberto Hurtado, Estación Central;;-33.44838806320749;-70.69494154668787;San Gumercindo, Estación Central, Santiago, Chile
2025-11-29 17:41:30;Estación Central;departamento;Departamento Conde Del Maule Id: 152372;1790;CLF;1 dormitorio;1 baño;30 m² útiles;1 dormitorio | 1 baño | 30 m² útiles;Conde Del Maule, Metro Ecuador, Estación Central;;-33.45338413192823;-70.69449248051292;Conde Del Maule, Estación Central, Santiago, Chile
2025-11-29 17:41:30;Estación Central;departamento;Departamento Conde Del Maule Id: 110080;2800;CLF;2 dormitorios;2 baños;49 m² útiles;2 dormitorios | 2 baños | 49 m² útiles;Conde Del Maule, Metro Ecuador, Estación Central;;-33.45338413192823;-70.69449248051292;Conde Del Maule, Estación Central, Santiago, Chile
2025-11-29 17:41:30;Estación Central;departamento;Departamento Placilla Id: 131999;1550;CLF;1 dormitorio;1 baño;30 m² útiles;1 dormitorio | 1 baño | 30 m² útiles;Placilla, San Alberto Hurtado, Estación Central;;-33.45296935973518;-70.69530487940368;Placilla, Estación Central, Santiago, Chile
2025-11-29 17:41:30;Estación Central;departamento;Departamento Avenida Ecuador Id: 160002;1800;CLF;1 dormitorio;1 baño;36 m² útiles;1 dormitorio | 1 baño | 36 m² útiles;Avenida Ecuador, Metro Ecuador, Estación Central;;-33.45259369917749;-70.69621462893853;Avenida Ecuador, Estación Central, Santiago, Chile
2025-11-29 17:41:30;Estación Central;departamento;Departamento Constantino Id: 151604;2500;CLF;2 dormitorios;1 baño;45 m² útiles;2 dormitorios | 1 baño | 45 m² útiles;Constantino, San Alberto Hurtado, Estación Central;;-33.45175230051811;-70.69655474174844;Constantino, Estación Central, Santiago, Chile
2025-11-29 17:41:30;Estación Central;departamento;Departamento San Gumercindo Id: 137000;2944;CLF;2 dormitorios;2 baños;5.038 m² útiles;2 dormitorios | 2 baños | 5.038 m² útiles;San Gumercindo, San Alberto Hurtado, Estación Central;;-33.44838806320749;-70.69494154668787;San Gumercindo, Estación Central, Santiago, Chile
2025-11-29 17:41:30;Estación Central;departamento;Departamento Radal Id: 80830;2200;CLF;1 dormitorio;1 baño;35 m² útiles;1 dormitorio | 1 baño | 35 m² útiles;Radal, Metro Ecuador, Estación Central;;-33.45623561595505;-70.70110417417816;Radal, Estación Central, Santiago, Chile
2025-11-29 17:41:30;Estación Central;departamento;Departamento Conde Del Maule Id: 144191;2000;CLF;2 dormitorios;1 baño;50 m² útiles;2 dormitorios | 1 baño | 50 m² útiles;Conde Del Maule, San Alberto Hurtado, Estación Central;;-33.45338413192823;-70.69449248051292;Conde Del Maule, Estación Central, Santiago, Chile
2025-11-29 17:41:30;Estación Central;departamento;Departamento Avenida Alberto Hurtado Id: 106003;1850;CLF;1 dormitorio;1 baño;30 m² útiles;1 dormitorio | 1 baño | 30 m² útiles;Avenida Alberto Hurtado, Universidad De Santiago, Estación Central;;-33.45054846872019;-70.69225689283539;Avenida Alberto Hurtado, Estación Central, Santiago, Chile
2025-11-29 17:41:30;Estación Central;departamento;Departamento Nicasio Retamales Id: 147433;59000000;CLP;2 dormitorios;1 baño;34 m² útiles;2 dormitorios | 1 baño | 34 m² útiles;Nicasio Retamales, Universidad De Santiago, Estación Central;;-33.46037484410827;-70.68795307430338;Nicasio Retamales, Estación Central, Santiago, Chile
2025-11-29 17:41:30;Estación Central;departamento;Departamento Avenida Alberto Hurtado Id: 91153;1750;CLF;1 dormitorio;1 baño;30 m² útiles;1 dormitorio | 1 baño | 30 m² útiles;Avenida Alberto Hurtado, Estación Central;;-33.45054846872019;-70.69225689283539;Avenida Alberto Hurtado, Estación Central, Santiago, Chile
2025-11-29 17:41:30;Estación Central;departamento;Departamento San Gumercindo Id: 13379;1490;CLF;1 dormitorio;1 baño;33 m² útiles;1 dormitorio | 1 baño | 33 m² útiles;San Gumercindo, San Alberto Hurtado, Estación Central;;-33.44838806320749;-70.69494154668787;San Gumercindo, Estación Central, Santiago, Chile
2025-11-29 17:41:30;Estación Central;departamento;Departamento Toro Mazotte Id: 143258;1500;CLF;1 dormitorio;1 baño;32 m² útiles;1 dormitorio | 1 baño | 32 m² útiles;Toro Mazotte, San Alberto Hurtado, Estación Central;;-33.459468446430705;-70.69061060993947;Toro Mazotte, Estación Central, Santiago, Chile
2025-11-29 17:41:30;Estación Central;departamento;Departamento Radal Del Obispo Francisco Anabalón Duarte;1900;CLF;1 dormitorio;1 baño;33 m² útiles;1 dormitorio | 1 baño | 33 m² útiles;Radal Del Obispo Francisco Anabalón Duarte, Metro Ecuador, Estación Central;;-33.45623561595505;-70.70110417417816;Radal Del Obispo Francisco Anabalón Duarte, Estación Central, Santiago, Chile
2025-11-29 17:41:30;Estación Central;departamento;Departamento Blanco Garcés Id: 84222;1750;CLF;1 dormitorio;1 baño;30 m² útiles;1 dormitorio | 1 baño | 30 m² útiles;Blanco Garcés, San Alberto Hurtado, Estación Central;;-33.451992313901464;-70.69784303670724;Blanco Garcés, Estación Central, Santiago, Chile
2025-11-29 17:41:30;Estación Central;departamento;Departamento Coronel Souper Id: 138104;1290;CLF;1 dormitorio;1 baño;29 m² útiles;1 dormitorio | 1 baño | 29 m² útiles;Coronel Souper, San Alberto Hurtado, Estación Central;;-33.4587970769033;-70.6976990807524;Coronel Souper, Estación Central, Santiago, Chile
2025-11-29 17:41:30;Estación Central;departamento;Departamento Conde Del Maule Id: 139067;1752;CLF;1 dormitorio;1 baño;27 m² útiles;1 dormitorio | 1 baño | 27 m² útiles;Conde Del Maule, Metro Ecuador, Estación Central;;-33.45338413192823;-70.69449248051292;Conde Del Maule, Estación Central, Santiago, Chile
2025-11-29 17:41:30;Estación Central;departamento;Departamento Toro Mazotte Id: 132830;1180;CLF;1 dormitorio;1 baño;21 m² útiles;1 dormitorio | 1 baño | 21 m² útiles;Toro Mazotte, San Alberto Hurtado, Estación Central;;-33.459468446430705;-70.69061060993947;Toro Mazotte, Estación Central, Santiago, Chile
2025-11-29 17:41:30;Estación Central;departamento;Departamento Blanco Garcés Id: 81737;1717;CLF;1 dormitorio;1 baño;28 m² útiles;1 dormitorio | 1 baño | 28 m² útiles;Blanco Garcés, San Alberto Hurtado, Estación Central;;-33.451992313901464;-70.69784303670724;Blanco Garcés, Estación Central, Santiago, Chile
2025-11-29 17:41:30;Estación Central;departamento;Departamento Buzo Sobenes Id: 151947;1800;CLF;1 dormitorio;1 baño;30 m² útiles;1 dormitorio | 1 baño | 30 m² útiles;Buzo Sobenes, San Alberto Hurtado, Estación Central;;-33.45010351745822;-70.6932090507629;Buzo Sobenes, Estación Central, Santiago, Chile
2025-11-29 17:41:30;Estación Central;departamento;Departamento Avenida Alberto Hurtado Id: 135857;1690;CLF;1 dormitorio;1 baño;35 m² útiles;1 dormitorio | 1 baño | 35 m² útiles;Avenida Alberto Hurtado, San Alberto Hurtado, Estación Central;;-33.45054846872019;-70.69225689283539;Avenida Alberto Hurtado, Estación Central, Santiago, Chile
2025-11-29 17:41:30;Estación Central;departamento;Departamento Avenida María Rozas Velásquez Id: 88284;1450;CLF;1 dormitorio;1 baño;30 m² útiles;1 dormitorio | 1 baño | 30 m² útiles;Avenida María Rozas Velásquez, Metro Las Rejas, Estación Central;;-33.4559177;-70.70561315;Avenida María Rozas Velásquez, Estación Central, Santiago, Chile
2025-11-29 17:41:30;Estación Central;departamento;Departamento Avenida Apóstol Santiago Id: 151866;2250;CLF;1 dormitorio;1 baño;37 m² útiles;1 dormitorio | 1 baño | 37 m² útiles;Avenida Apóstol Santiago, San Alberto Hurtado, Estación Central;;-33.4483608;-70.69251775000001;Avenida Apóstol Santiago, Estación Central, Santiago, Chile
2025-11-29 17:41:30;Estación Central;departamento;Departamento Toro Mazotte Id: 141877;2500;CLF;2 dormitorios;2 baños;46 m² útiles;2 dormitorios | 2 baños | 46 m² útiles;Toro Mazotte, San Alberto Hurtado, Estación Central;;-33.459468446430705;-70.69061060993947;Toro Mazotte, Estación Central, Santiago, Chile
2025-11-29 17:41:30;Estación Central;departamento;Departamento Constantino Id: 158227;2750;CLF;2 dormitorios;1 baño;39 m² útiles;2 dormitorios | 1 baño | 39 m² útiles;Constantino, San Alberto Hurtado, Estación Central;;-33.45175230051811;-70.69655474174844;Constantino, Estación Central, Santiago, Chile
2025-11-29 17:42:07;Estación Central;departamento;Departamento Conde Del Maule Id: 148549;1900;CLF;1 dormitorio;1 baño;41 m² útiles;1 dormitorio | 1 baño | 41 m² útiles;Conde Del Maule, Metro Ecuador, Estación Central;;-33.45338413192823;-70.69449248051292;Conde Del Maule, Estación Central, Santiago, Chile
2025-11-29 17:42:07;Estación Central;departamento;Departamento Santa Petronila Id: 160872;2500;CLF;2 dormitorios;1 baño;45 m² útiles;2 dormitorios | 1 baño | 45 m² útiles;Santa Petronila, Metro Las Rejas, Estación Central;;-33.450666050424914;-70.70481665135743;Santa Petronila, Estación Central, Santiago, Chile
2025-11-29 17:42:07;Estación Central;departamento;Departamento Santa Petronila Id: 119793;1000;CLF;1 dormitorio;1 baño;30 m² útiles;1 dormitorio | 1 baño | 30 m² útiles;Santa Petronila, Metro Las Rejas, Estación Central;;-33.450666050424914;-70.70481665135743;Santa Petronila, Estación Central, Santiago, Chile
2025-11-29 17:42:07;Estación Central;departamento;Departamento Toro Mazotte Id: 132833;1130;CLF;1 dormitorio;1 baño;21 m² útiles;1 dormitorio | 1 baño | 21 m² útiles;Toro Mazotte, San Alberto Hurtado, Estación Central;;-33.459468446430705;-70.69061060993947;Toro Mazotte, Estación Central, Santiago, Chile
2025-11-29 17:42:07;Estación Central;departamento;Departamento Avenida María Rozas Velásquez Id: 84274;1450;CLF;1 dormitorio;1 baño;30 m² útiles;1 dormitorio | 1 baño | 30 m² útiles;Avenida María Rozas Velásquez, Metro Las Rejas, Estación Central;;-33.4559177;-70.70561315;Avenida María Rozas Velásquez, Estación Central, Santiago, Chile
2025-11-29 17:42:07;Estación Central;departamento;Departamento Avenida María Rozas Velásquez Id: 146122;2100;CLF;2 dormitorios;1 baño;41 m² útiles;2 dormitorios | 1 baño | 41 m² útiles;Avenida María Rozas Velásquez, Metro Las Rejas, Estación Central;;-33.4559177;-70.70561315;Avenida María Rozas Velásquez, Estación Central, Santiago, Chile
2025-11-29 17:42:07;Estación Central;departamento;Departamento Placilla Id: 133075;2000;CLF;1 dormitorio;1 baño;35 m² útiles;1 dormitorio | 1 baño | 35 m² útiles;Placilla, San Alberto Hurtado, Estación Central;;-33.45296935973518;-70.69530487940368;Placilla, Estación Central, Santiago, Chile
2025-11-29 17:42:07;Estación Central;departamento;Departamento Avenida Ecuador Id: 158114;1950;CLF;1 dormitorio;1 baño;36 m² útiles;1 dormitorio | 1 baño | 36 m² útiles;Avenida Ecuador, Metro Ecuador, Estación Central;;-33.45259369917749;-70.69621462893853;Avenida Ecuador, Estación Central, Santiago, Chile
2025-11-29 17:42:07;Estación Central;departamento;Departamento Santa Petronila Id: 146449;1650;CLF;1 dormitorio;1 baño;30 m² útiles;1 dormitorio | 1 baño | 30 m² útiles;Santa Petronila, Metro Las Rejas, Estación Central;;-33.450666050424914;-70.70481665135743;Santa Petronila, Estación Central, Santiago, Chile
2025-11-29 17:42:07;Estación Central;departamento;Departamento Avenida Apóstol Santiago Id: 143933;2500;CLF;2 dormitorios;1 baño;47 m² útiles;2 dormitorios | 1 baño | 47 m² útiles;Avenida Apóstol Santiago, San Alberto Hurtado, Estación Central;;-33.4483608;-70.69251775000001;Avenida Apóstol Santiago, Estación Central, Santiago, Chile
2025-11-29 17:42:07;Estación Central;departamento;Departamento Placilla Id: 133076;2000;CLF;1 dormitorio;1 baño;35 m² útiles;1 dormitorio | 1 baño | 35 m² útiles;Placilla, San Alberto Hurtado, Estación Central;;-33.45296935973518;-70.69530487940368;Placilla, Estación Central, Santiago, Chile
2025-11-29 17:42:07;Estación Central;departamento;Departamento Av. Ecuador Id: 133602;108000000;CLP;2 dormitorios;1 baño;51 m² útiles;2 dormitorios | 1 baño | 51 m² útiles;Av. Ecuador, Metro Las Rejas, Estación Central;;-33.45259369917749;-70.69621462893853;Av. Ecuador, Estación Central, Santiago, Chile
2025-11-29 17:42:07;Estación Central;departamento;Departamento Toro Mazotte Id: 152453;1290;CLF;1 dormitorio;1 baño;23 m² útiles;1 dormitorio | 1 baño | 23 m² útiles;Toro Mazotte, San Alberto Hurtado, Estación Central;;-33.459468446430705;-70.69061060993947;Toro Mazotte, Estación Central, Santiago, Chile
2025-11-29 17:42:07;Estación Central;departamento;Departamento Avenida Alameda Libertador Bernardo O'higgins;1850;CLF;1 dormitorio;1 baño;32 m² útiles;1 dormitorio | 1 baño | 32 m² útiles;Avenida Alameda Libertador Bernardo O'Higgins, San Alberto Hurtado, Estación Central;;-33.4548329;-70.69714139971808;Avenida Alameda Libertador Bernardo O'Higgins, Estación Central, Santiago, Chile
2025-11-29 17:42:07;Estación Central;departamento;Departamento Coronel Souper Id: 131713;2800;CLF;2 dormitorios;2 baños;54 m² útiles;2 dormitorios | 2 baños | 54 m² útiles;Coronel Souper, Metro Ecuador, Estación Central;;-33.4587970769033;-70.6976990807524;Coronel Souper, Estación Central, Santiago, Chile
2025-11-29 17:42:07;Estación Central;departamento;Departamento Santa Petronila Id: 146448;1650;CLF;1 dormitorio;1 baño;30 m² útiles;1 dormitorio | 1 baño | 30 m² útiles;Santa Petronila, Metro Las Rejas, Estación Central;;-33.450666050424914;-70.70481665135743;Santa Petronila, Estación Central, Santiago, Chile
2025-11-29 17:42:07;Estación Central;departamento;Departamento La Coruña Id: 162075;2900;CLF;2 dormitorios;1 baño;48 m² útiles;2 dormitorios | 1 baño | 48 m² útiles;La Coruña, Metro Ecuador, Estación Central;;-33.4525823800938;-70.70351934614867;La Coruña, Estación Central, Santiago, Chile
2025-11-29 17:42:07;Estación Central;departamento;Depto. Como Nuevo 35m2, San Gumercindo 77, Estacion Central;1490;CLF;1 dormitorio;1 baño;33 m² útiles;1 dormitorio | 1 baño | 33 m² útiles;San Gumercindo 77, Santiago, Estación Central, Chile, San Alberto Hurtado, Estación Central;;-33.45141815;-70.6949413593066;San Gumercindo 77, Estación Central, Santiago, Chile
2025-11-29 17:42:07;Estación Central;departamento;Departamento Santa Petronila Id: 141612;1900;CLF;1 dormitorio;1 baño;20 m² útiles;1 dormitorio | 1 baño | 20 m² útiles;Santa Petronila, Metro Las Rejas, Estación Central;;-33.450666050424914;-70.70481665135743;Santa Petronila, Estación Central, Santiago, Chile
2025-11-29 17:42:07;Estación Central;departamento;Departamento Avenida María Rozas Velásquez Id: 150601;1790;CLF;1 dormitorio;1 baño;30 m² útiles;1 dormitorio | 1 baño | 30 m² útiles;Avenida María Rozas Velásquez, Metro Las Rejas, Estación Central;;-33.4559177;-70.70561315;Avenida María Rozas Velásquez, Estación Central, Santiago, Chile
2025-11-29 17:42:07;Estación Central;departamento;Departamento Avenida María Rozas Velásquez Id: 84148;1450;CLF;1 dormitorio;1 baño;30 m² útiles;1 dormitorio | 1 baño | 30 m² útiles;Avenida María Rozas Velásquez, Metro Las Rejas, Estación Central;;-33.4559177;-70.70561315;Avenida María Rozas Velásquez, Estación Central, Santiago, Chile
2025-11-29 17:42:07;Estación Central;departamento;Departamento Avenida María Rozas Velásquez Id: 83348;1450;CLF;1 dormitorio;1 baño;28 m² útiles;1 dormitorio | 1 baño | 28 m² útiles;Avenida María Rozas Velásquez, Metro Las Rejas, Estación Central;;-33.4559177;-70.70561315;Avenida María Rozas Velásquez, Estación Central, Santiago, Chile
2025-11-29 17:42:07;Estación Central;departamento;Departamento Conde Del Maule Id: 138236;2300;CLF;2 dormitorios;1 baño;41 m² útiles;2 dormitorios | 1 baño | 41 m² útiles;Conde Del Maule, San Alberto Hurtado, Estación Central;;-33.45338413192823;-70.69449248051292;Conde Del Maule, Estación Central, Santiago, Chile
2025-11-29 17:42:07;Estación Central;departamento;Departamento Toro Mazote Id: 160449;65000000;CLP;1 dormitorio;1 baño;34 m² útiles;1 dormitorio | 1 baño | 34 m² útiles;Toro Mazote, San Alberto Hurtado, Estación Central;;-33.4706502013169;-70.69045590796979;Toro Mazote, Estación Central, Santiago, Chile
2025-11-29 17:42:07;Estación Central;departamento;Departamento Avenida Alberto Hurtado Id: 131839;2050;CLF;2 dormitorios;1 baño;60 m² útiles;2 dormitorios | 1 baño | 60 m² útiles;Avenida Alberto Hurtado, Universidad De Santiago, Estación Central;;-33.45054846872019;-70.69225689283539;Avenida Alberto Hurtado, Estación Central, Santiago, Chile
2025-11-29 17:42:07;Estación Central;departamento;Departamento Radal Del Obispo Francisco Anabalón Duarte;2450;CLF;2 dormitorios;1 baño;36 m² útiles;2 dormitorios | 1 baño | 36 m² útiles;Radal Del Obispo Francisco Anabalón Duarte, Metro Ecuador, Estación Central;;-33.45623561595505;-70.70110417417816;Radal Del Obispo Francisco Anabalón Duarte, Estación Central, Santiago, Chile
2025-11-29 17:42:07;Estación Central;departamento;Departamento Blanco Garcés Id: 151624;1200;CLF;1 dormitorio;1 baño;23 m² útiles;1 dormitorio | 1 baño | 23 m² útiles;Blanco Garcés, San Alberto Hurtado, Estación Central;;-33.451992313901464;-70.69784303670724;Blanco Garcés, Estación Central, Santiago, Chile
2025-11-29 17:42:07;Estación Central;departamento;Departamento Avenida María Rozas Velásquez Id: 85519;1450;CLF;1 dormitorio;1 baño;30 m² útiles;1 dormitorio | 1 baño | 30 m² útiles;Avenida María Rozas Velásquez, Metro Las Rejas, Estación Central;;-33.4559177;-70.70561315;Avenida María Rozas Velásquez, Estación Central, Santiago, Chile
2025-11-29 17:42:07;Estación Central;departamento;Departamento Radal Del Obispo Francisco Anabalón Duarte;1300;CLF;1 dormitorio;1 baño;32 m² útiles;1 dormitorio | 1 baño | 32 m² útiles;Radal Del Obispo Francisco Anabalón Duarte, Metro Ecuador, Estación Central;;-33.45623561595505;-70.70110417417816;Radal Del Obispo Francisco Anabalón Duarte, Estación Central, Santiago, Chile
2025-11-29 17:42:07;Estación Central;departamento;Departamento Blanco Garcés Id: 151634;1200;CLF;1 dormitorio;1 baño;23 m² útiles;1 dormitorio | 1 baño | 23 m² útiles;Blanco Garcés, San Alberto Hurtado, Estación Central;;-33.451992313901464;-70.69784303670724;Blanco Garcés, Estación Central, Santiago, Chile
2025-11-29 17:42:07;Estación Central;departamento;Departamento Placilla Id: 133666;1700;CLF;1 dormitorio;1 baño;36 m² útiles;1 dormitorio | 1 baño | 36 m² útiles;Placilla, San Alberto Hurtado, Estación Central;;-33.45296935973518;-70.69530487940368;Placilla, Estación Central, Santiago, Chile
2025-11-29 17:42:07;Estación Central;departamento;Departamento Coronel Souper Id: 156759;1940;CLF;1 dormitorio;1 baño;30 m² útiles;1 dormitorio | 1 baño | 30 m² útiles;Coronel Souper, San Alberto Hurtado, Estación Central;;-33.4587970769033;-70.6976990807524;Coronel Souper, Estación Central, Santiago, Chile
2025-11-29 17:42:07;Estación Central;departamento;Departamento Blanco Garcés Id: 151635;1200;CLF;1 dormitorio;1 baño;23 m² útiles;1 dormitorio | 1 baño | 23 m² útiles;Blanco Garcés, San Alberto Hurtado, Estación Central;;-33.451992313901464;-70.69784303670724;Blanco Garcés, Estación Central, Santiago, Chile
2025-11-29 17:42:07;Estación Central;departamento;Departamento Avenida Apóstol Santiago Id: 159259;2500;CLF;1 dormitorio;1 baño;35 m² útiles;1 dormitorio | 1 baño | 35 m² útiles;Avenida Apóstol Santiago, San Alberto Hurtado, Estación Central;;-33.4483608;-70.69251775000001;Avenida Apóstol Santiago, Estación Central, Santiago, Chile
2025-11-29 17:42:07;Estación Central;departamento;Departamento Nicasio Retamales Id: 154915;1800;CLF;1 dormitorio;1 baño;30 m² útiles;1 dormitorio | 1 baño | 30 m² útiles;Nicasio Retamales, Universidad De Santiago, Estación Central;;-33.46037484410827;-70.68795307430338;Nicasio Retamales, Estación Central, Santiago, Chile
2025-11-29 17:42:07;Estación Central;departamento;Departamento Blanco Garcés Id: 151632;1200;CLF;1 dormitorio;1 baño;23 m² útiles;1 dormitorio | 1 baño | 23 m² útiles;Blanco Garcés, San Alberto Hurtado, Estación Central;;-33.451992313901464;-70.69784303670724;Blanco Garcés, Estación Central, Santiago, Chile
2025-11-29 17:42:07;Estación Central;departamento;Departamento Avenida Ecuador Id: 131324;1590;CLF;1 dormitorio;1 baño;33 m² útiles;1 dormitorio | 1 baño | 33 m² útiles;Avenida Ecuador, San Alberto Hurtado, Estación Central;;-33.45259369917749;-70.69621462893853;Avenida Ecuador, Estación Central, Santiago, Chile
2025-11-29 17:42:07;Estación Central;departamento;Departamento En Venta De 1 Dorm. En Estación Central;2640;CLF;1 dormitorio;1 baño;29 m² útiles;1 dormitorio | 1 baño | 29 m² útiles;Coronel Godoy, San Alberto Hurtado, Estación Central;;-33.456483306050025;-70.69279481856528;Coronel Godoy, Estación Central, Santiago, Chile
2025-11-29 17:42:07;Estación Central;departamento;Departamento En Venta De 1 Dorm. En Estación Central;2000;CLF;1 dormitorio;1 baño;40 m² útiles;1 dormitorio | 1 baño | 40 m² útiles;Metro Las Rejas, Metro Las Rejas, Estación Central;;-33.4575386;-70.7067561;Las Rejas, Estación Central, Santiago, Chile
2025-11-29 17:42:07;Estación Central;departamento;Departamento Avenida Ecuador Id: 134124;108000000;CLP;2 dormitorios;1 baño;51 m² útiles;2 dormitorios | 1 baño | 51 m² útiles;Avenida Ecuador, Metro Las Rejas, Estación Central;;-33.45259369917749;-70.69621462893853;Avenida Ecuador, Estación Central, Santiago, Chile
2025-11-29 17:42:07;Estación Central;departamento;Departamento Buzo Sobenes Id: 158435;62900000;CLP;1 dormitorio;1 baño;31 m² útiles;1 dormitorio | 1 baño | 31 m² útiles;Buzo Sobenes, San Alberto Hurtado, Estación Central;;-33.45010351745822;-70.6932090507629;Buzo Sobenes, Estación Central, Santiago, Chile
2025-11-29 17:42:07;Estación Central;departamento;Departamento Coronel Souper Id: 146456;1950;CLF;2 dormitorios;1 baño;42 m² útiles;2 dormitorios | 1 baño | 42 m² útiles;Coronel Souper, San Alberto Hurtado, Estación Central;;-33.4587970769033;-70.6976990807524;Coronel Souper, Estación Central, Santiago, Chile
2025-11-29 17:42:07;Estación Central;departamento;Departamento Avenida Ecuador Id: 134126;85000000;CLP;2 dormitorios;1 baño;51 m² útiles;2 dormitorios | 1 baño | 51 m² útiles;Avenida Ecuador, Metro Las Rejas, Estación Central;;-33.45259369917749;-70.69621462893853;Avenida Ecuador, Estación Central, Santiago, Chile
2025-11-29 17:42:07;Estación Central;departamento;Departamento Coronel Souper Id: 162166;50000000;CLP;1 dormitorio;1 baño;21 m² útiles;1 dormitorio | 1 baño | 21 m² útiles;Coronel Souper, San Alberto Hurtado, Estación Central;;-33.4587970769033;-70.6976990807524;Coronel Souper, Estación Central, Santiago, Chile
2025-11-29 17:42:07;Estación Central;departamento;Estación Central  Dpto En Alameda / Radal;2290;CLF;1 dormitorio;1 baño;33 m² útiles;1 dormitorio | 1 baño | 33 m² útiles;Radal Del Obispo Francisco Anabalón Duarte 066, Santiago, Estación Central, Metro Ecuador, Estación Central;;-33.45623561595505;-70.70110417417816;Radal Del Obispo Francisco Anabalón Duarte 066, Estación Central, Santiago, Chile
2025-11-29 17:42:07;Estación Central;departamento;Departamento Francisco Zelada Id: 158395;2100;CLF;2 dormitorios;2 baños;50 m² útiles;2 dormitorios | 2 baños | 50 m² útiles;Francisco Zelada, Metro Ecuador, Estación Central;;-33.452546889003195;-70.70301947226464;Francisco Zelada, Estación Central, Santiago, Chile
2025-11-29 17:42:07;Estación Central;departamento;Departamento Santa Petronila Id: 107546;2190;CLF;2 dormitorios;1 baño;45 m² útiles;2 dormitorios | 1 baño | 45 m² útiles;Santa Petronila, Metro Las Rejas, Estación Central;;-33.450666050424914;-70.70481665135743;Santa Petronila, Estación Central, Santiago, Chile
2025-11-29 17:42:07;Estación Central;departamento;Departamento Avenida Alameda Libertador Bernardo O'higgins;2500;CLF;2 dormitorios;1 baño;82 m² útiles;2 dormitorios | 1 baño | 82 m² útiles;Avenida Alameda Libertador Bernardo O'Higgins, San Alberto Hurtado, Estación Central;;-33.4548329;-70.69714139971808;Avenida Alameda Libertador Bernardo O'Higgins, Estación Central, Santiago, Chile
2025-11-29 17:43:04;Estación Central;departamento;Departamento Coronel Souper Id: 143132;1100;CLF;1 dormitorio;1 baño;24 m² útiles;1 dormitorio | 1 baño | 24 m² útiles;Coronel Souper, San Alberto Hurtado, Estación Central;;-33.4587970769033;-70.6976990807524;Coronel Souper, Estación Central, Santiago, Chile
2025-11-29 17:43:04;Estación Central;departamento;Departamentos En Venta Estación Central Zona Residencial;2258;CLF;2 dormitorios;2 baños;2 m² útiles;2 dormitorios | 2 baños | 2 m² útiles;VENTA DE DEPARTAMENTOS EN ZONA RESIDENCIAL DE ESTACION CENTRAL, San Alberto Hurtado, Estación Central;;-33.4536375;-70.6898654;VENTA DE S EN ZONA RESIDENCIAL DE ESTACION CENTRAL, Estación Central, Santiago, Chile
2025-11-29 17:43:04;Estación Central;departamento;Estación Central  Dpto En Alameda / Teletón;3061;CLF;2 dormitorios;2 baños;49 m² útiles;2 dormitorios | 2 baños | 49 m² útiles;Radal Del Obispo Francisco Anabalón Duarte 102, Estación Central, Metro Ecuador, Estación Central;;-33.453532330555554;-70.70200494444444;Radal Del Obispo Francisco Anabalón Duarte 102, Estación Central, Santiago, Chile
2025-11-29 17:43:04;Estación Central;departamento;Departamento Placilla Id: 161888;1700;CLF;1 dormitorio;1 baño;36 m² útiles;1 dormitorio | 1 baño | 36 m² útiles;Placilla, San Alberto Hurtado, Estación Central;;-33.45296935973518;-70.69530487940368;Placilla, Estación Central, Santiago, Chile
2025-11-29 17:43:04;Estación Central;departamento;Departamento Santa Petronila Id: 151416;1200;CLF;1 dormitorio;1 baño;35 m² útiles;1 dormitorio | 1 baño | 35 m² útiles;Santa Petronila, Metro Las Rejas, Estación Central;;-33.450666050424914;-70.70481665135743;Santa Petronila, Estación Central, Santiago, Chile
2025-11-29 17:43:04;Estación Central;departamento;Departamento San Gumercindo Id: 112983;1490;CLF;1 dormitorio;1 baño;32 m² útiles;1 dormitorio | 1 baño | 32 m² útiles;San Gumercindo, San Alberto Hurtado, Estación Central;;-33.44838806320749;-70.69494154668787;San Gumercindo, Estación Central, Santiago, Chile
2025-11-29 17:43:04;Estación Central;departamento;Departamento San Gumercindo Id: 160717;1490;CLF;1 dormitorio;1 baño;32 m² útiles;1 dormitorio | 1 baño | 32 m² útiles;San Gumercindo, San Alberto Hurtado, Estación Central;;-33.44838806320749;-70.69494154668787;San Gumercindo, Estación Central, Santiago, Chile
2025-11-29 17:43:04;Estación Central;departamento;Estacion Central  Dpto En Ecuador / Gral Velasquez (s);1496;CLF;1 dormitorio;1 baño;33 m² útiles;1 dormitorio | 1 baño | 33 m² útiles;Av. Apóstol Santiago 32, Santiago, Estación Central, San Alberto Hurtado, Estación Central;;-33.451221849999996;-70.69302512848441;Av. Apóstol Santiago 32, Estación Central, Santiago, Chile
2025-11-29 17:43:04;Estación Central;departamento;Departamento Toro Mazote Id: 90840;1250;CLF;1 dormitorio;1 baño;30 m² útiles;1 dormitorio | 1 baño | 30 m² útiles;Toro Mazote, Nogales - San Eugenio, Estación Central;;-33.4706502013169;-70.69045590796979;Toro Mazote, Estación Central, Santiago, Chile
2025-11-29 17:43:04;Estación Central;departamento;Departamento Conde Del Maule Id: 153762;2255;CLF;1 dormitorio;1 baño;33 m² útiles;1 dormitorio | 1 baño | 33 m² útiles;Conde Del Maule, San Alberto Hurtado, Estación Central;;-33.45338413192823;-70.69449248051292;Conde Del Maule, Estación Central, Santiago, Chile
2025-11-29 17:43:04;Estación Central;departamento;Departamento Constantino Id: 156826;1500;CLF;1 dormitorio;1 baño;27 m² útiles;1 dormitorio | 1 baño | 27 m² útiles;Constantino, San Alberto Hurtado, Estación Central;;-33.45175230051811;-70.69655474174844;Constantino, Estación Central, Santiago, Chile
2025-11-29 17:43:04;Estación Central;departamento;Departamento En Venta De 2 Dorm. En Estación Central;3007;CLF;2 dormitorios;1 baño;42 m² útiles;2 dormitorios | 1 baño | 42 m² útiles;Av Ecuador / Coronel Godoy, San Alberto Hurtado, Estación Central;;-33.45533981061462;-70.69316768265847;Av Ecuador / Coronel Godoy, Estación Central, Santiago, Chile
2025-11-29 17:43:04;Estación Central;departamento;Departamento Avenida Alameda Libertador Bernardo O'higgins;1500;CLF;1 dormitorio;1 baño;34 m² útiles;1 dormitorio | 1 baño | 34 m² útiles;Avenida Alameda Libertador Bernardo O'Higgins, San Alberto Hurtado, Estación Central;;-33.4548329;-70.69714139971808;Avenida Alameda Libertador Bernardo O'Higgins, Estación Central, Santiago, Chile
2025-11-29 17:43:04;Estación Central;departamento;Departamento Carlos Pezoa Véliz Id: 148886;1600;CLF;1 dormitorio;1 baño;30 m² útiles;1 dormitorio | 1 baño | 30 m² útiles;Carlos Pezoa Véliz, Metro Ecuador, Estación Central;;-33.45575955203821;-70.70305514685388;Carlos Pezoa Véliz, Estación Central, Santiago, Chile
2025-11-29 17:43:04;Estación Central;departamento;Departamento Blanco Garcés Id: 143985;50000000;CLP;1 dormitorio;1 baño;20 m² útiles;1 dormitorio | 1 baño | 20 m² útiles;Blanco Garcés, San Alberto Hurtado, Estación Central;;-33.451992313901464;-70.69784303670724;Blanco Garcés, Estación Central, Santiago, Chile
2025-11-29 17:43:04;Estación Central;departamento;Departamento Coronel Godoy Id: 161832;2600;CLF;2 dormitorios;1 baño;43 m² útiles;2 dormitorios | 1 baño | 43 m² útiles;Coronel Godoy, San Alberto Hurtado, Estación Central;;-33.456483306050025;-70.69279481856528;Coronel Godoy, Estación Central, Santiago, Chile
2025-11-29 17:43:04;Estación Central;departamento;Estacion Central  Av. Ecuador / Radal;1674;CLF;2 dormitorios;1 baño;50 m² útiles;2 dormitorios | 1 baño | 50 m² útiles;Av. Ecuador 4678, Estación Central, Metro Ecuador, Estación Central;;-33.454033300000006;-70.69986985433258;Av. Ecuador 4678, Estación Central, Santiago, Chile
2025-11-29 17:43:04;Estación Central;departamento;Departamento Nicasio Retamales Id: 152940;1400;CLF;1 dormitorio;1 baño;32 m² útiles;1 dormitorio | 1 baño | 32 m² útiles;Nicasio Retamales, Universidad De Santiago, Estación Central;;-33.46037484410827;-70.68795307430338;Nicasio Retamales, Estación Central, Santiago, Chile
2025-11-29 17:43:04;Estación Central;departamento;Departamento Santa Petronila Id: 107545;1680;CLF;1 dormitorio;1 baño;30 m² útiles;1 dormitorio | 1 baño | 30 m² útiles;Santa Petronila, Metro Las Rejas, Estación Central;;-33.450666050424914;-70.70481665135743;Santa Petronila, Estación Central, Santiago, Chile
2025-11-29 17:43:04;Estación Central;departamento;Departamentos Boutique En Estación Central;2460;CLF;1 dormitorio;1 baño;30 m² útiles;1 dormitorio | 1 baño | 30 m² útiles;San Alberto Hurtado, Estación Central;;-33.4542019;-70.6922721;San Alberto Hurtado, Estación Central, Santiago, Chile
2025-11-29 17:43:04;Estación Central;departamento;Departamento Avenida Alberto Hurtado Id: 133865;99000000;CLP;3 dormitorios;2 baños;100 m² útiles;3 dormitorios | 2 baños | 100 m² útiles;Avenida Alberto Hurtado, Universidad De Santiago, Estación Central;;-33.45054846872019;-70.69225689283539;Avenida Alberto Hurtado, Estación Central, Santiago, Chile
2025-11-29 17:43:04;Estación Central;departamento;Departamento Pasaje Titán Id: 154873;2200;CLF;3 dormitorios;1 baño;46 m² útiles;3 dormitorios | 1 baño | 46 m² útiles;Pasaje Titán, Metro Las Rejas, Estación Central;;-33.459760200000005;-70.70476450000001;Pasaje Titán, Estación Central, Santiago, Chile
2025-11-29 17:43:04;Estación Central;departamento;Departamento Pasaje Titán Id: 147271;70000000;CLP;3 dormitorios;1 baño;47 m² útiles;3 dormitorios | 1 baño | 47 m² útiles;Pasaje Titán, Metro Las Rejas, Estación Central;;-33.459760200000005;-70.70476450000001;Pasaje Titán, Estación Central, Santiago, Chile
2025-11-29 17:43:04;Estación Central;departamento;Departamento Nicasio Retamales Id: 133484;2100;CLF;2 dormitorios;2 baños;48 m² útiles;2 dormitorios | 2 baños | 48 m² útiles;Nicasio Retamales, Universidad De Santiago, Estación Central;;-33.46037484410827;-70.68795307430338;Nicasio Retamales, Estación Central, Santiago, Chile
2025-11-29 17:43:04;Estación Central;departamento;Departamento Coronel Souper Id: 72730;2300;CLF;3 dormitorios;2 baños;70 m² útiles;3 dormitorios | 2 baños | 70 m² útiles;Coronel Souper, San Alberto Hurtado, Estación Central;;-33.4587970769033;-70.6976990807524;Coronel Souper, Estación Central, Santiago, Chile
2025-11-29 17:43:04;Estación Central;departamento;Departamento Toro Mazotte Id: 157418;1670;CLF;2 dormitorios;1 baño;32 m² útiles;2 dormitorios | 1 baño | 32 m² útiles;Toro Mazotte, San Alberto Hurtado, Estación Central;;-33.459468446430705;-70.69061060993947;Toro Mazotte, Estación Central, Santiago, Chile
2025-11-29 17:43:04;Estación Central;departamento;Departamento Avenida Víctor Jara Id: 63518;2333;CLF;3 dormitorios;1 baño;54 m² útiles;3 dormitorios | 1 baño | 54 m² útiles;Avenida Víctor Jara, Metro Ecuador, Estación Central;;-33.45090400413889;-70.68521400013226;Avenida Víctor Jara, Estación Central, Santiago, Chile
2025-11-29 17:43:04;Estación Central;departamento;Departamento Calle Obispo Manuel Umana Salinas Id: 132627;47500000;CLP;1 dormitorio;1 baño;26 m² útiles;1 dormitorio | 1 baño | 26 m² útiles;Calle Obispo Manuel Umana Salinas, Universidad De Santiago, Estación Central;;-33.458038895701236;-70.68404530931114;Calle Obispo Manuel Umana Salinas, Estación Central, Santiago, Chile
2025-11-29 17:43:04;Estación Central;departamento;Departamento Avenida María Rozas Velásquez Id: 140220;2190;CLF;1 dormitorio;1 baño;32 m² útiles;1 dormitorio | 1 baño | 32 m² útiles;Avenida María Rozas Velásquez, Metro Las Rejas, Estación Central;;-33.4559177;-70.70561315;Avenida María Rozas Velásquez, Estación Central, Santiago, Chile
2025-11-29 17:43:04;Estación Central;departamento;Departamento Pasaje Titán Id: 155472;2450;CLF;3 dormitorios;1 baño;50 m² útiles;3 dormitorios | 1 baño | 50 m² útiles;Pasaje Titán, Metro Las Rejas, Estación Central;;-33.459760200000005;-70.70476450000001;Pasaje Titán, Estación Central, Santiago, Chile
2025-11-29 17:43:04;Estación Central;departamento;Departamento Avenida Padre Alberto Hurtado Id: 157183;2400;CLF;2 dormitorios;1 baño;41 m² útiles;2 dormitorios | 1 baño | 41 m² útiles;Avenida Padre Alberto Hurtado, San Alberto Hurtado, Estación Central;;-33.4721187;-70.687876;Avenida Padre Alberto Hurtado, Estación Central, Santiago, Chile
2025-11-29 17:43:04;Estación Central;departamento;Departamento Conde Del Maule Id: 156772;2200;CLF;2 dormitorios;1 baño;44 m² útiles;2 dormitorios | 1 baño | 44 m² útiles;Conde Del Maule, San Alberto Hurtado, Estación Central;;-33.45338413192823;-70.69449248051292;Conde Del Maule, Estación Central, Santiago, Chile
2025-11-29 17:43:04;Estación Central;departamento;Departamento Radal Id: 83224;2000;CLF;1 dormitorio;1 baño;34 m² útiles;1 dormitorio | 1 baño | 34 m² útiles;Radal, Metro Ecuador, Estación Central;;-33.45623561595505;-70.70110417417816;Radal, Estación Central, Santiago, Chile
2025-11-29 17:43:04;Estación Central;departamento;Departamento Avenida Ecuador Id: 2480;1900;CLF;3 dormitorios;1 baño;56 m² útiles;3 dormitorios | 1 baño | 56 m² útiles;Avenida Ecuador, Metro Las Rejas, Estación Central;;-33.45259369917749;-70.69621462893853;Avenida Ecuador, Estación Central, Santiago, Chile
2025-11-29 17:43:04;Estación Central;departamento;Departamento Porto Seguro Id: 121483;1900;CLF;1 dormitorio;1 baño;40 m² útiles;1 dormitorio | 1 baño | 40 m² útiles;Porto Seguro, San Alberto Hurtado, Estación Central;;-33.44838;-70.702534;Porto Seguro, Estación Central, Santiago, Chile
2025-11-29 17:43:04;Estación Central;departamento;Estacion Central  Dptos En Las Rejas Norte / Ecuador (s);924;CLF;1 dormitorio;1 baño;21 m² útiles;1 dormitorio | 1 baño | 21 m² útiles;Av. María Rozas Velásquez 55, Estación Central, Metro Las Rejas, Estación Central;;-33.4540971;-70.70566517447065;Av. María Rozas Velásquez 55, Estación Central, Santiago, Chile
2025-11-29 17:43:04;Estación Central;departamento;Departamento Toro Mazotte Id: 157249;900;CLF;1 dormitorio;1 baño;24 m² útiles;1 dormitorio | 1 baño | 24 m² útiles;Toro Mazotte, San Alberto Hurtado, Estación Central;;-33.459468446430705;-70.69061060993947;Toro Mazotte, Estación Central, Santiago, Chile
2025-11-29 17:43:04;Estación Central;departamento;Departamento Avenida Ecuador Id: 31578;2300;CLF;3 dormitorios;2 baños;58 m² útiles;3 dormitorios | 2 baños | 58 m² útiles;Avenida Ecuador, San Alberto Hurtado, Estación Central;;-33.45259369917749;-70.69621462893853;Avenida Ecuador, Estación Central, Santiago, Chile
2025-11-29 17:43:04;Estación Central;departamento;Departamento Avenida Padre Alberto Hurtado Id: 158261;1450;CLF;2 dormitorios;2 baños;45 m² útiles;2 dormitorios | 2 baños | 45 m² útiles;Avenida Padre Alberto Hurtado, Universidad De Santiago, Estación Central;;-33.4721187;-70.687876;Avenida Padre Alberto Hurtado, Estación Central, Santiago, Chile
2025-11-29 17:43:04;Estación Central;departamento;Estacion Central  Las Rejas / Petronila / Maria Rozas V.;1019;CLF;1 dormitorio;1 baño;35 m² útiles;1 dormitorio | 1 baño | 35 m² útiles;Av. María Rozas Velásquez 55, Estación Central, Metro Las Rejas, Estación Central;;-33.4540971;-70.70566517447065;Av. María Rozas Velásquez 55, Estación Central, Santiago, Chile
2025-11-29 17:43:04;Estación Central;departamento;¡moderno Y Conectado! Depto. 1d A Pasos Del Metro Ecuador;1479;CLF;1 dormitorio;1 baño;30 m² útiles;1 dormitorio | 1 baño | 30 m² útiles;Abtao 24, Santiago, Estación Central, Metro Ecuador, Estación Central;;-33.452980800000006;-70.70046411868825;Abtao 24, Estación Central, Santiago, Chile
2025-11-29 17:43:04;Estación Central;departamento;Depto 2 Dorm - 2 Baño - 1  Bod - Metro Las Rejas;2800;CLF;2 dormitorios;2 baños;47 m² útiles;2 dormitorios | 2 baños | 47 m² útiles;Av. María Rozas Velásquez 51, Estación Central, Metro Las Rejas, Estación Central;;-33.45442295;-70.7056221847387;Av. María Rozas Velásquez 51, Estación Central, Santiago, Chile
2025-11-29 17:43:04;Estación Central;departamento;Lindo Depto 2 Dormitorios Y Dos Baños + Estacionamiento;1890;CLF;2 dormitorios;2 baños;5 m² útiles;2 dormitorios | 2 baños | 5 m² útiles;Nicasio Retamales 1 - 300, Estación Central, Región Metropolitana, Chile, San Alberto Hurtado, Estación Central;;-33.4569589;-70.6879778;Nicasio Retamales 1 - 300, Estación Central, Santiago, Chile
2025-11-29 17:43:04;Estación Central;departamento;Moderno Edif. A Pasos Metro Padre Hurtado 1 Dormit. Bodega;1249;CLF;1 dormitorio;1 baño;34 m² útiles;1 dormitorio | 1 baño | 34 m² útiles;A PASOS METRO P.HURTADO DPTO. CON BODEGA 1 DORMIT., San Alberto Hurtado, Estación Central;;-33.461960399999995;-70.6857846954388;A PASOS P.HURTADO DPTO. CON 1 DORMIT., Estación Central, Santiago, Chile
2025-11-29 17:43:04;Estación Central;departamento;Condominio Sanz Constantino;2200;CLF;3 dormitorios;1 baño;54 m² útiles;3 dormitorios | 1 baño | 54 m² útiles;Constantino, 1 - 300, San Alberto Hurtado, Estación Central;;-33.45175230051811;-70.69655474174844;Constantino, Estación Central, Santiago, Chile
2025-11-29 17:43:17;Estación Central;departamento;Edificio Plus 1d1b;1399;CLF;1 dormitorio;1 baño;28 m² útiles;1 dormitorio | 1 baño | 28 m² útiles;Conde Del Maule, 4200 - 4500, Estación Central;;-33.45338413192823;-70.69449248051292;Conde Del Maule, Estación Central, Santiago, Chile
2025-11-29 17:43:17;Estación Central;departamento;Edificio Sanz Constantino 3d1b1e1b;2550;CLF;3 dormitorios;1 baño;54 m² útiles;3 dormitorios | 1 baño | 54 m² útiles;Constantino, 1 - 300, San Alberto Hurtado, Estación Central;;-33.45175230051811;-70.69655474174844;Constantino, Estación Central, Santiago, Chile
2025-11-29 17:43:17;Estación Central;departamento;En Venta Amplio Depto Con Estacionamiento;2900;CLF;2 dormitorios;2 baños;67 m² útiles;2 dormitorios | 2 baños | 67 m² útiles;San Alberto Hurtado, Estación Central;;-33.4542019;-70.6922721;San Alberto Hurtado, Estación Central, Santiago, Chile
2025-11-29 17:43:17;Estación Central;departamento;Departamento En Venta 2d2b Est Y B - Est. Central;2150;CLF;2 dormitorios;2 baños;49 m² útiles;2 dormitorios | 2 baños | 49 m² útiles;Metro Ecuador, Estación Central;;-33.4559226;-70.6997325;Ecuador, Estación Central, Santiago, Chile
2025-11-29 17:43:17;Estación Central;departamento;Departamento En Venta 2d 2b - Est Central;2050;CLF;2 dormitorios;2 baños;49 m² útiles;2 dormitorios | 2 baños | 49 m² útiles;Metro Ecuador, Estación Central;;-33.4559226;-70.6997325;Ecuador, Estación Central, Santiago, Chile
2025-11-29 17:43:17;Estación Central;departamento;Departamento En Venta 2d2b Est Y B - Est. Central;2350;CLF;2 dormitorios;2 baños;52 m² útiles;2 dormitorios | 2 baños | 52 m² útiles;Metro Ecuador, Estación Central;;-33.4559226;-70.6997325;Ecuador, Estación Central, Santiago, Chile
2025-11-29 17:43:17;Estación Central;departamento;Departamento ¡oportunidad!/metro Las Rejas;1800;CLF;1 dormitorio;1 baño;35 m² útiles;1 dormitorio | 1 baño | 35 m² útiles;¡OPORTUNIDAD!/Metro Las Rejas, Metro Las Rejas, Estación Central;;-33.4575386;-70.7067561;¡OPORTUNIDAD!/ Las Rejas, Estación Central, Santiago, Chile
2025-11-29 17:43:17;Estación Central;departamento;Departamento En Venta 2d 1b - Est Central;1850;CLF;2 dormitorios;1 baño;42 m² útiles;2 dormitorios | 1 baño | 42 m² útiles;Metro Ecuador, Estación Central;;-33.4559226;-70.6997325;Ecuador, Estación Central, Santiago, Chile
2025-11-29 17:43:17;Estación Central;departamento;Espectacular Departamento En Estación Central;2100;CLF;2 dormitorios;1 baño;38 m² útiles;2 dormitorios | 1 baño | 38 m² útiles;María Rozas Velásquez 51, 1 - 300, Metro Las Rejas, Estación Central;;-33.45442295;-70.7056221847387;María Rozas Velásquez 51, Estación Central, Santiago, Chile
2025-11-29 17:43:17;Estación Central;departamento;Departamento Coronel Souper/santiago;2290;CLF;2 dormitorios;2 baños;59 m² útiles;2 dormitorios | 2 baños | 59 m² útiles;Coronel Souper/Santiago, San Alberto Hurtado, Estación Central;;-33.4587970769033;-70.6976990807524;Coronel Souper/Santiago, Estación Central, Santiago, Chile
2025-11-29 17:43:17;Estación Central;departamento;En Venta Departamento Metro Ecuador;2090;CLF;1 dormitorio;1 baño;34 m² útiles;1 dormitorio | 1 baño | 34 m² útiles;Metro Ecuador, Estación Central;;-33.4559226;-70.6997325;Ecuador, Estación Central, Santiago, Chile
2025-11-29 17:43:17;Estación Central;departamento;Depto En Estación Central: ¡listo Para Mudanza!;61000000;CLP;1 dormitorio;1 baño;36 m² útiles;1 dormitorio | 1 baño | 36 m² útiles;Av Ecuador, 0, Metro Ecuador, Estación Central;;-33.45259369917749;-70.69621462893853;Av Ecuador, Estación Central, Santiago, Chile
2025-11-29 17:43:17;Estación Central;departamento;Inversión Ideal: Dpto 1d/1b En Av. Ecuador, Stgo;61000000;CLP;1 dormitorio;1 baño;36 m² útiles;1 dormitorio | 1 baño | 36 m² útiles;Av Ecuador, 0, Metro Ecuador, Estación Central;;-33.45259369917749;-70.69621462893853;Av Ecuador, Estación Central, Santiago, Chile
2025-11-29 17:43:17;Estación Central;departamento;Oportunidad Inversión  Pack 5 Dptos 1 Dormitorio;11500;CLF;1 dormitorio;1 baño;34 m² útiles;1 dormitorio | 1 baño | 34 m² útiles;Concón 0165, 0, San Alberto Hurtado, Estación Central;;-33.453079200000005;-70.69622666787913;Concón 0165, Estación Central, Santiago, Chile
2025-11-29 17:43:17;Estación Central;departamento;Venta Dpto 1 Dormitorio  Estación Central;2300;CLF;1 dormitorio;1 baño;33 m² útiles;1 dormitorio | 1 baño | 33 m² útiles;Concón 0165, 0, San Alberto Hurtado, Estación Central;;-33.453079200000005;-70.69622666787913;Concón 0165, Estación Central, Santiago, Chile
2025-11-29 17:43:17;Estación Central;departamento;Vive En Comodidad Y Estilo En Estación Central;2750;CLF;2 dormitorios;2 baños;53 m² útiles;2 dormitorios | 2 baños | 53 m² útiles;Recreo 251 - 300, 0, San Alberto Hurtado, Estación Central;;-33.45734647070707;-70.69601924343434;Recreo 251 - 300, Estación Central, Santiago, Chile
2025-11-29 17:43:17;Estación Central;departamento;Impecable Como Nuevo, Super Conectado;1490;CLF;1 dormitorio;1 baño;31 m² útiles;1 dormitorio | 1 baño | 31 m² útiles;Departamento Impecable, Conectividad Y Servicios, Metro Ecuador, Estación Central;;-33.4536375;-70.6898654;Departamento Impecable, Estación Central, Santiago, Chile
2025-11-29 17:43:17;Estación Central;departamento;Departamento Suite Conexión Lavadora Venta Estación Central;59900000;CLP;1 dormitorio;1 baño;45 m² útiles;1 dormitorio | 1 baño | 45 m² útiles;Universidad De Santiago - Av. Ecuador - Alameda Norte - Metro A La Puerta, San Alberto Hurtado, Estación Central;;-33.45366215454472;-70.69974303036932;Universidad De Santiago - Av. Ecuador - Alameda Norte - A La Puerta, Estación Central, Santiago, Chile
2025-11-29 17:43:17;Estación Central;departamento;Departamento 1d/1b En Estación Central;1950;CLF;1 dormitorio;1 baño;34 m² útiles;1 dormitorio | 1 baño | 34 m² útiles;Constantino 54, 0, San Alberto Hurtado, Estación Central;;-33.451740745833334;-70.69667366666667;Constantino 54, Estación Central, Santiago, Chile
2025-11-29 17:43:17;Estación Central;departamento;Departamento 2d/1b - Est. Central;2500;CLF;2 dormitorios;1 baño;42 m² útiles;2 dormitorios | 1 baño | 42 m² útiles;Metro Ecuador, Estación Central;;-33.4559226;-70.6997325;Ecuador, Estación Central, Santiago, Chile
2025-11-29 17:43:17;Estación Central;departamento;Depto. En Venta 2 D + 1 Baño En Estación Central;1790;CLF;2 dormitorios;1 baño;45 m² útiles;2 dormitorios | 1 baño | 45 m² útiles;Conde Del Maule, 4500 - 4800, Metro Ecuador, Estación Central;;-33.45338413192823;-70.69449248051292;Conde Del Maule, Estación Central, Santiago, Chile
2025-11-29 17:43:17;Estación Central;departamento;Venta Departamento 1d/1b - Est. Central;2090;CLF;1 dormitorio;1 baño;32 m² útiles;1 dormitorio | 1 baño | 32 m² útiles;Metro Ecuador, Estación Central;;-33.4559226;-70.6997325;Ecuador, Estación Central, Santiago, Chile
2025-11-29 17:43:17;Estación Central;departamento;Venta Departamento Metro Padre Hurtado, Estacion Central;1250;CLF;1 dormitorio;1 baño;25 m² útiles;1 dormitorio | 1 baño | 25 m² útiles;San Alberto Hurtado, Estación Central;;-33.4542019;-70.6922721;San Alberto Hurtado, Estación Central, Santiago, Chile
2025-11-29 17:43:17;Estación Central;departamento; Hogar Urbano Y Acogedor En Estación Central ;48000000;CLP;1 dormitorio;1 baño;21 m² útiles;1 dormitorio | 1 baño | 21 m² útiles;BlancoGarcés, 154, San Alberto Hurtado, Estación Central;;-33.4536375;-70.6898654;BlancoGarcés, Estación Central, Santiago, Chile
2025-11-29 17:43:17;Estación Central;departamento;Departamento ¡oportunidad!/metro Las Rejas;1900;CLF;1 dormitorio;1 baño;43 m² útiles;1 dormitorio | 1 baño | 43 m² útiles;¡OPORTUNIDAD!/Metro Las Rejas, Estación Central;;-33.4575386;-70.7067561;¡OPORTUNIDAD!/ Las Rejas, Estación Central, Santiago, Chile
2025-11-29 17:43:17;Estación Central;departamento;Departamento ¡oportunidad!/metro Las Rejas;1900;CLF;1 dormitorio;1 baño;43 m² útiles;1 dormitorio | 1 baño | 43 m² útiles;¡OPORTUNIDAD!/Metro Las Rejas, Metro Las Rejas, Estación Central;;-33.4575386;-70.7067561;¡OPORTUNIDAD!/ Las Rejas, Estación Central, Santiago, Chile
2025-11-29 17:43:17;Estación Central;departamento;Departamento Amoblado Seminuevo Excelente Ubicacion;130000000;CLP;2 dormitorios;2 baños;57 m² útiles;2 dormitorios | 2 baños | 57 m² útiles;Francisco Zelada, Estación Central, Metro Ecuador, Estación Central;;-33.452546889003195;-70.70301947226464;Francisco Zelada, Estación Central, Santiago, Chile
2025-11-29 17:43:17;Estación Central;departamento;Edificio Mirador Souper;915;CLF;1 dormitorio;1 baño;21 m² útiles;1 dormitorio | 1 baño | 21 m² útiles;Coronel Souper, 1 - 300, San Alberto Hurtado, Estación Central;;-33.4587970769033;-70.6976990807524;Coronel Souper, Estación Central, Santiago, Chile
2025-11-29 17:43:17;Estación Central;departamento; Departamento Estación Central: ¡ideal! ;63000000;CLP;1 dormitorio;1 baño;26 m² útiles;1 dormitorio | 1 baño | 26 m² útiles;Santa Petronila, 1 - 300, Metro Las Rejas, Estación Central;;-33.450666050424914;-70.70481665135743;Santa Petronila, Estación Central, Santiago, Chile
2025-11-29 17:43:17;Estación Central;departamento;Departamento ¡se Aceptan Ofertas!/metro Las Rejas;1300;CLF;1 dormitorio;1 baño;30 m² útiles;1 dormitorio | 1 baño | 30 m² útiles;¡SE ACEPTAN OFERTAS!/Metro Las Rejas, Metro Las Rejas, Estación Central;;-33.4575386;-70.7067561;¡SE ACEPTAN OFERTAS!/ Las Rejas, Estación Central, Santiago, Chile
2025-11-29 17:43:17;Estación Central;departamento;Departamento 3 Dorm 2 Baños Bod Y Est Venta Estación Central;79900000;CLP;3 dormitorios;2 baños;100 m² útiles;3 dormitorios | 2 baños | 100 m² útiles;Universidad De Santiago - Villa Portales - Autopista General Velásquez - Avenida Portales, Universidad De Santiago, Estación Central;;-33.4489016;-70.68162370843888;Universidad De Santiago - Villa Portales - Autopista General Velásquez - Avenida Portales, Estación Central, Santiago, Chile
2025-11-29 17:43:17;Estación Central;departamento;Precio Oferta! Vendo Depto 1d+1b Est. Central;1100;CLF;1 dormitorio;1 baño;31 m² útiles;1 dormitorio | 1 baño | 31 m² útiles;CORONEL GODOY, 1 - 300, San Alberto Hurtado, Estación Central;;-33.456483306050025;-70.69279481856528;CORONEL GODOY, Estación Central, Santiago, Chile
2025-11-29 17:43:17;Estación Central;departamento;En Venta Departamento Estación Central Sector Las Rejas;40000000;CLP;1 dormitorio;1 baño;23 m² útiles;1 dormitorio | 1 baño | 23 m² útiles;Departamento En Venta Estación Central Sector Las Rejas, Metro Las Rejas, Estación Central;;-33.4575386;-70.7067561;Departamento En Venta Estación Central Sector Las Rejas, Estación Central, Santiago, Chile
2025-11-29 17:43:17;Estación Central;departamento;Home Studio  Metro Las Rejas Vista Sur;800;CLF;1 dormitorio;1 baño;28 m² útiles;1 dormitorio | 1 baño | 28 m² útiles;METRO LAS REJAS HOME STUDIO VISTA SUR, Metro Las Rejas, Estación Central;;-33.46139697406975;-70.70476494532227;LAS REJAS HOME STUDIO VISTA SUR, Estación Central, Santiago, Chile
2025-11-29 17:43:17;Estación Central;departamento;1000uf 1+1 Metro Las Rejas Vista Sur;39500000;CLP;1 dormitorio;1 baño;28 m² útiles;1 dormitorio | 1 baño | 28 m² útiles;METRO LAS REJAS 1+1 VISTA SUR, Metro Las Rejas, Estación Central;;-33.4493054;-70.6904349;LAS REJAS 1+1 VISTA SUR, Estación Central, Santiago, Chile
2025-11-29 17:43:17;Estación Central;departamento;Departamento En Venta De 2 Dorm. En Estación Central;86000000;CLP;2 dormitorios;2 baños;50 m² útiles;2 dormitorios | 2 baños | 50 m² útiles;Titan, Metro Las Rejas, Estación Central;;-33.45911165;-70.7036824732478;Titan, Estación Central, Santiago, Chile
2025-11-29 17:43:17;Estación Central;departamento;Home Studio 6% Rentabilidad  Metro Ecuador;50000000;CLP;1 dormitorio;1 baño;20 m² útiles;1 dormitorio | 1 baño | 20 m² útiles;CONDE DEL MAULE, 0, Metro Ecuador, Estación Central;;-33.45338413192823;-70.69449248051292;CONDE DEL MAULE, Estación Central, Santiago, Chile
2025-11-29 17:43:17;Estación Central;departamento;Home Studio: 6% De Rentabilidad;34800000;CLP;1 dormitorio;1 baño;21 m² útiles;1 dormitorio | 1 baño | 21 m² útiles;SANTA PETRONILA, 0, Metro Las Rejas, Estación Central;;-33.450666050424914;-70.70481665135743;SANTA PETRONILA, Estación Central, Santiago, Chile
2025-11-29 17:43:17;Estación Central;departamento;Para Inversión Y Actualmente Arrendado;1700;CLF;2 dormitorios;2 baños;49 m² útiles;2 dormitorios | 2 baños | 49 m² útiles;Nicasio Retamales, 1 - 300, Estación Central;;-33.46037484410827;-70.68795307430338;Nicasio Retamales, Estación Central, Santiago, Chile
2025-11-29 17:43:17;Estación Central;departamento;Depto 2d/1b En Venta Cerca Del Metro  Est Central;1300;CLF;2 dormitorios;1 baño;44 m² útiles;2 dormitorios | 1 baño | 44 m² útiles;Santa Petronila, 1 - 300, Metro Las Rejas, Estación Central;;-33.450666050424914;-70.70481665135743;Santa Petronila, Estación Central, Santiago, Chile
2025-11-29 17:43:17;Estación Central;departamento;Excelente Depto 2d/2b A Pasos Metro Ecuador.;2200;CLF;2 dormitorios;2 baños;54 m² útiles;2 dormitorios | 2 baños | 54 m² útiles;Ecuador, 4500 - 4800, Metro Ecuador, Estación Central;;-33.4559226;-70.6997325;Ecuador, Estación Central, Santiago, Chile
2025-11-29 17:43:17;Estación Central;departamento;Conectividad, Comodidad Y Estilo En Un Solo Lugar.;1660;CLF;2 dormitorios;1 baño;40 m² útiles;2 dormitorios | 1 baño | 40 m² útiles;Concon, 1 - 300, San Alberto Hurtado, Estación Central;;-33.45432961320408;-70.69618793971267;Concon, Estación Central, Santiago, Chile
2025-11-29 17:43:17;Estación Central;departamento;Oportunidad Depto 2d/1b A Pasos Metro Ecuador.;2100;CLF;2 dormitorios;1 baño;49 m² útiles;2 dormitorios | 1 baño | 49 m² útiles;Ecuador, 4500 - 4800, Metro Ecuador, Estación Central;;-33.4559226;-70.6997325;Ecuador, Estación Central, Santiago, Chile
2025-11-29 17:43:17;Estación Central;departamento;Dpto Estilo Mariposa, Con Estacionamiento Y Bodega;2395;CLF;2 dormitorios;2 baños;46 m² útiles;2 dormitorios | 2 baños | 46 m² útiles;Av Libertador Bernardo O Higgins, 4103, San Alberto Hurtado, Estación Central;;-33.4503245;-70.68141289460016;Av Libertador Bernardo O Higgins, Estación Central, Santiago, Chile
2025-11-29 17:43:17;Estación Central;departamento;Departamento En Venta Estación Del Metro Ecuador;1800;CLF;1 dormitorio;1 baño;35 m² útiles;1 dormitorio | 1 baño | 35 m² útiles;Calle El Recreo 1 - 300, 250, San Alberto Hurtado, Estación Central;;-33.4575801010101;-70.69575148282829;Calle El Recreo 1 - 300, Estación Central, Santiago, Chile
2025-11-29 17:43:36;Estación Central;departamento;Venta Depto. 2d +2b +1 E +box, Estación Central;2000;CLF;2 dormitorios;2 baños;54 m² útiles;2 dormitorios | 2 baños | 54 m² útiles;Conde Del Maule, 4630, Metro Ecuador, Estación Central;;-33.45338413192823;-70.69449248051292;Conde Del Maule, Estación Central, Santiago, Chile
2025-11-29 17:43:36;Estación Central;departamento;Depto En Venta Est. Central  Con Estacionamiento;3100;CLF;2 dormitorios;2 baños;52 m² útiles;2 dormitorios | 2 baños | 52 m² útiles;RECREO, 1 - 300, San Alberto Hurtado, Estación Central;;-33.458522741486114;-70.69553891077722;RECREO, Estación Central, Santiago, Chile
2025-11-29 17:43:36;Estación Central;departamento;Estilo Mariposa Con Estac. Y Bod.  M. Las Rejas;2800;CLF;2 dormitorios;2 baños;44 m² útiles;2 dormitorios | 2 baños | 44 m² útiles;MARIA ROZAS VELASQUEZ, 51, Metro Las Rejas, Estación Central;;-33.4559177;-70.70561315;MARIA ROZAS VELASQUEZ, Estación Central, Santiago, Chile
2025-11-29 17:43:36;Estación Central;departamento;Con Estacionamiento  M. Univ. De Santiago;100000000;CLP;1 dormitorio;1 baño;32 m² útiles;1 dormitorio | 1 baño | 32 m² útiles;AV. ECUADOR - 1D CON ESTACIONAMIENTO, 0, Universidad De Santiago, Estación Central;;-33.3710754;-70.51132463804664;AV. ECUADOR - 1D CON ESTACIONAMIENTO, Estación Central, Santiago, Chile
2025-11-29 17:43:36;Estación Central;departamento;Venta Departamento 2d1b Estac Y Bodega Radal 102 E. Central;2000;CLF;2 dormitorios;1 baño;34 m² útiles;2 dormitorios | 1 baño | 34 m² útiles;Radal 102 , Metro Ecuador, Metro Ecuador, Estación Central;;-33.453532330555554;-70.70200494444444;Radal 102, Estación Central, Santiago, Chile
2025-11-29 17:43:36;Estación Central;departamento;¡acogedor Departamento En Santiago Espera Por Ti!;1400;CLF;1 dormitorio;1 baño;40 m² útiles;1 dormitorio | 1 baño | 40 m² útiles;Av. Ecuador, 1 - 300, Metro Ecuador, Estación Central;;-33.45259369917749;-70.69621462893853;Av. Ecuador, Estación Central, Santiago, Chile
2025-11-29 17:43:36;Estación Central;departamento;Oportunidad De Novación Tasa Fija De 4,3;2048;CLF;1 dormitorio;1 baño;33 m² útiles;1 dormitorio | 1 baño | 33 m² útiles;Blanco Garces, 1 - 300, Estación Central;;-33.451992313901464;-70.69784303670724;Blanco Garces, Estación Central, Santiago, Chile
2025-11-29 17:43:36;Estación Central;departamento;Oportunidad De Novación Tasa Fija De 3,23%;1750;CLF;1 dormitorio;1 baño;33 m² útiles;1 dormitorio | 1 baño | 33 m² útiles;Blanco Garces, 1 - 300, Estación Central;;-33.451992313901464;-70.69784303670724;Blanco Garces, Estación Central, Santiago, Chile
2025-11-29 17:43:36;Estación Central;departamento;Departamento 2 Dormitorios 1 Baño, Metro Las Rejas;1650;CLF;2 dormitorios;1 baño;37 m² útiles;2 dormitorios | 1 baño | 37 m² útiles;Av. Las Rejas 900 - 1200, Estación Central, Región Metropolitana, Chile, Metro Las Rejas, Estación Central;;-33.4575386;-70.7067561;Av. Las Rejas 900 - 1200, Estación Central, Santiago, Chile
2025-11-29 17:43:36;Estación Central;departamento;Venta Departamento Estación Central 1d;1480;CLF;1 dormitorio;1 baño;31 m² útiles;1 dormitorio | 1 baño | 31 m² útiles;Abtao 24, 1 - 300, Metro Ecuador, Estación Central;;-33.452980800000006;-70.70046411868825;Abtao 24, Estación Central, Santiago, Chile
2025-11-29 17:43:36;Estación Central;departamento;Departamento 2 Dormitorios 2 Baños En Estación Central;2450;CLF;2 dormitorios;2 baños;52 m² útiles;2 dormitorios | 2 baños | 52 m² útiles;Av. Alameda Libertador Bernardo O'Higgins 4059, 9.1599e+06 - 9.1602e+06 Santiago, Estación Central, Región Metropolitana, Chile, San Alberto Hurtado, Estación Central;;-33.4489016;-70.68162370843888;Av. Alameda Libertador Bernardo O'Higgins 4059, Estación Central, Santiago, Chile
2025-11-29 17:43:36;Estación Central;departamento;Venta Departamento Estación Central Studio;1180;CLF;;1 baño;21 m² útiles;1 baño | 21 m² útiles;Abtao 24, 1 - 300, Metro Ecuador, Estación Central;;-33.452980800000006;-70.70046411868825;Abtao 24, Estación Central, Santiago, Chile
2025-11-29 17:43:36;Estación Central;departamento;Dpto En Venta De 2 D+ 1b + E, En Estación Central;2000;CLF;2 dormitorios;1 baño;35 m² útiles;2 dormitorios | 1 baño | 35 m² útiles;Conde De Maule // Radal Del Obispo Francisco, Metro Ecuador, Estación Central;;-33.45521007846361;-70.70136937581537;Conde De Maule // Radal Del Obispo Francisco, Estación Central, Santiago, Chile
2025-11-29 17:43:36;Estación Central;departamento;Venta Departamento Estación Central 2d;2380;CLF;2 dormitorios;1 baño;40 m² útiles;2 dormitorios | 1 baño | 40 m² útiles;Abtao 24, 1 - 300, Metro Ecuador, Estación Central;;-33.452980800000006;-70.70046411868825;Abtao 24, Estación Central, Santiago, Chile
2025-11-29 17:43:36;Estación Central;departamento;Departamento En Venta En San Alberto Hurtado;1750;CLF;1 dormitorio;1 baño;30 m² útiles;1 dormitorio | 1 baño | 30 m² útiles;Placilla 046, 9.1701e+06 - 9.1704e+06 Santiago, Estación Central, Región Metropolitana, Chile, San Alberto Hurtado, Estación Central;;-33.4539635;-70.69516317598095;Placilla 046, Estación Central, Santiago, Chile
2025-11-29 17:43:36;Estación Central;departamento;"Venta Departamento 2d,1b Estac &#43; Bodega, Estacion Centra";2000;CLF;2 dormitorios;1 baño;41 m² útiles;2 dormitorios | 1 baño | 41 m² útiles;Conde Del Maule, San Alberto Hurtado, Estación Central;;-33.45338413192823;-70.69449248051292;Conde Del Maule, Estación Central, Santiago, Chile
2025-11-29 17:43:36;Estación Central;departamento;Depto 2d 1b 2terrazas Metro Ecuador 49/54m2 Conde De Maule;1890;CLF;2 dormitorios;1 baño;49 m² útiles;2 dormitorios | 1 baño | 49 m² útiles;MA - Metro Ecuador, Conde Del Maule, San Alberto Hurtado, Estación Central;;-33.4508406;-70.6853943;MA - Ecuador, Estación Central, Santiago, Chile
2025-11-29 17:43:36;Estación Central;departamento;Venta Depto 3d + 2b Y Estacionamiento Laguna Sur;4600;CLF;3 dormitorios;2 baños;69 m² útiles;3 dormitorios | 2 baños | 69 m² útiles;Av Laguna Sur, 6000 - 6300, Metro Pajaritos, Estación Central;;-33.4608808;-70.73063124999999;Av Laguna Sur, Estación Central, Santiago, Chile
2025-11-29 17:43:36;Estación Central;departamento;Depto Con Vista Panorámica En Est. Central!;2350;CLF;3 dormitorios;1 baño;45 m² útiles;3 dormitorios | 1 baño | 45 m² útiles;Titán, 2700 - 3000, Metro Las Rejas, Estación Central;;-33.45911165;-70.7036824732478;Titán, Estación Central, Santiago, Chile
2025-11-29 17:43:36;Estación Central;departamento;Departamento 2d 1b Est Las Rejas Santiago;2630;CLF;2 dormitorios;1 baño;44 m² útiles;2 dormitorios | 1 baño | 44 m² útiles;Av. Ecuador 5079, Metro Las Rejas, Estación Central;;-33.4548133;-70.7039546651065;Av. Ecuador 5079, Estación Central, Santiago, Chile
2025-11-29 17:43:36;Estación Central;departamento;Departamento Núcleo Av Ecuador 5079 2d 2b Estacionamiento;2600;CLF;2 dormitorios;1 baño;44 m² útiles;2 dormitorios | 1 baño | 44 m² útiles;Av. Ecuador 5079, Santiago, Estación Central, Metro Las Rejas, Estación Central;;-33.4548133;-70.7039546651065;Av. Ecuador 5079, Estación Central, Santiago, Chile
2025-11-29 17:43:36;Estación Central;departamento;Departamento De 2d/ 2b En Venta En Estación Central;85000000;CLP;2 dormitorios;2 baños;48 m² útiles;2 dormitorios | 2 baños | 48 m² útiles;Coronel Souper, San Alberto Hurtado, Estación Central;;-33.4587970769033;-70.6976990807524;Coronel Souper, Estación Central, Santiago, Chile
2025-11-29 17:43:36;Estación Central;departamento;Departamento Estación Las Rejas  2d 1b ;2630;CLF;2 dormitorios;1 baño;44 m² útiles;2 dormitorios | 1 baño | 44 m² útiles;Av. Ecuador 5079, Santiago, Estación Central, Metro Las Rejas, Estación Central;;-33.4548133;-70.7039546651065;Av. Ecuador 5079, Estación Central, Santiago, Chile
2025-11-29 17:43:36;Estación Central;departamento;Departamento En Venta De 2 Dorm. En Metro Ecuador;2200;CLF;2 dormitorios;1 baño;46 m² útiles;2 dormitorios | 1 baño | 46 m² útiles;Conde Del Maule, San Alberto Hurtado, Estación Central;;-33.45338413192823;-70.69449248051292;Conde Del Maule, Estación Central, Santiago, Chile
2025-11-29 17:43:36;Estación Central;departamento;1d-1b (2 Ambientes);1990;CLF;1 dormitorio;1 baño;33 m² útiles;1 dormitorio | 1 baño | 33 m² útiles;Avenida Ecuador 3866, 1 - 300, Universidad De Santiago, Estación Central;;-33.4559226;-70.6997325;Avenida Ecuador 3866, Estación Central, Santiago, Chile
2025-11-29 17:43:36;Estación Central;departamento;Departamento En Venta 3d/1b En Estación Central;65000000;CLP;3 dormitorios;1 baño;53 m² útiles;3 dormitorios | 1 baño | 53 m² útiles;Pedro Mistral, Nogales - San Eugenio, Estación Central;;-33.46922441878562;-70.68531605650668;Pedro Mistral, Estación Central, Santiago, Chile
2025-11-29 17:43:36;Estación Central;departamento;Departamento En Estación Central / Condiciones Especiales;1149;CLF;1 dormitorio;1 baño;21 m² útiles;1 dormitorio | 1 baño | 21 m² útiles;AV. MARIA ROZAS VELASQUEZ 51, DEPARTAMENTO N° 2517, EDIFICIO LAS REJAS PLAZA, ESTACION CENTRAL, Metro Las Rejas, Estación Central;;-33.45442295;-70.7056221847387;AV. MARIA ROZAS VELASQUEZ 51, Estación Central, Santiago, Chile
2025-11-29 17:43:36;Estación Central;departamento;Departamento En Estación Central ;1888;CLF;2 dormitorios;1 baño;38 m² útiles;2 dormitorios | 1 baño | 38 m² útiles;Conde Del Maule 4642 , Dpto N° 2002, Metro Ecuador, Estación Central;;-33.455249800000004;-70.7005326601452;Conde Del Maule 4642, Estación Central, Santiago, Chile
2025-11-29 17:43:36;Estación Central;departamento;Departamento En Venta En Estación Central;2330;CLF;2 dormitorios;1 baño;44 m² útiles;2 dormitorios | 1 baño | 44 m² útiles;Blanco Garces / Ecuador, San Alberto Hurtado, Estación Central;;-33.4559226;-70.6997325;Blanco Garces / Ecuador, Estación Central, Santiago, Chile
2025-11-29 17:43:36;Estación Central;departamento;Departamento En Venta En Estación Central;2350;CLF;2 dormitorios;1 baño;40 m² útiles;2 dormitorios | 1 baño | 40 m² útiles;Blanco Garcés / Ecuador, San Alberto Hurtado, Estación Central;;-33.4559226;-70.6997325;Blanco Garcés / Ecuador, Estación Central, Santiago, Chile
2025-11-29 17:43:36;Estación Central;departamento;Departamento En Venta En Estación Central;1750;CLF;1 dormitorio;1 baño;30 m² útiles;1 dormitorio | 1 baño | 30 m² útiles;Blanco Garcés / Embajador Quintana, San Alberto Hurtado, Estación Central;;-33.4509895;-70.6979534;Blanco Garcés / Embajador Quintana, Estación Central, Santiago, Chile
2025-11-29 17:43:36;Estación Central;departamento;Departamento En Venta En Estación Central;1800;CLF;1 dormitorio;1 baño;34 m² útiles;1 dormitorio | 1 baño | 34 m² útiles;Metro Ecuador, Metro Ecuador, Estación Central;;-33.4559226;-70.6997325;Ecuador, Estación Central, Santiago, Chile
2025-11-29 17:43:36;Estación Central;departamento;Departamento En Estación Central.;1780;CLF;3 dormitorios;1 baño;52 m² útiles;3 dormitorios | 1 baño | 52 m² útiles;Ecuador 5065. Edificio RVC Ecuador., Estación Central;;-33.4559226;-70.6997325;Ecuador 5065. Edificio RVC Ecuador., Estación Central, Santiago, Chile
2025-11-29 17:43:36;Estación Central;departamento;1d-1b (2 Ambientes);1190;CLF;1 dormitorio;1 baño;28 m² útiles;1 dormitorio | 1 baño | 28 m² útiles;Santa Petronila 32, 1 - 300, Metro Las Rejas, Estación Central;;-33.45395685;-70.70490686904479;Santa Petronila 32, Estación Central, Santiago, Chile
2025-11-29 17:43:36;Estación Central;departamento;Depto. En Estación Central / Condiciones Esp Financiamiento;1901;CLF;2 dormitorios;1 baño;44 m² útiles;2 dormitorios | 1 baño | 44 m² útiles;Arriero Estay 3877, Edificio Estación., Universidad De Santiago, Estación Central;;-33.4536375;-70.6898654;Arriero Estay 3877, Estación Central, Santiago, Chile
2025-11-29 17:43:36;Estación Central;departamento;Departamento En Venta En Metro Ecuador;1270;CLF;1 dormitorio;1 baño;24 m² útiles;1 dormitorio | 1 baño | 24 m² útiles;Carlos Pezoa Véliz 0143, 9.1704e+06 - 9.1707e+06 Estación Central, Región Metropolitana, Chile, Metro Ecuador, Estación Central;;-33.455291149999994;-70.70287856857243;Carlos Pezoa Véliz 0143, Estación Central, Santiago, Chile
2025-11-29 17:43:36;Estación Central;departamento;Departamento 1 Dormitorio 1 Baño Metro San Alberto Hurtado;1850;CLF;1 dormitorio;1 baño;33 m² útiles;1 dormitorio | 1 baño | 33 m² útiles;Av. Alameda Libertador Bernardo O'Higgins 4103 C, 9.1599e+06 - 9.1602e+06 Estación Central, Región Metropolitana, Chile, San Alberto Hurtado, Estación Central;;-33.4489016;-70.68162370843888;Av. Alameda Libertador Bernardo O'Higgins 4103 C, Estación Central, Santiago, Chile
2025-11-29 17:43:36;Estación Central;departamento;Avenida Pajaritos / Condominio Cerrado;3200;CLF;3 dormitorios;2 baños;58 m² útiles;3 dormitorios | 2 baños | 58 m² útiles;Neptuno 020, Estación Central, Metro Pajaritos, Estación Central;;-33.4536375;-70.6898654;Neptuno 020, Estación Central, Santiago, Chile
2025-11-29 17:43:36;Estación Central;departamento;Comodo , Hermosa Vista;1600;CLF;1 dormitorio;1 baño;32 m² útiles;1 dormitorio | 1 baño | 32 m² útiles;Santa Petronila 32, Santiago, Estación Central, Chile, Metro Las Rejas, Estación Central;;-33.45395685;-70.70490686904479;Santa Petronila 32, Estación Central, Santiago, Chile
2025-11-29 17:43:36;Estación Central;departamento;Venta Acogedor Home Studio, Vista Panorámica;950;CLF;1 dormitorio;1 baño;27 m² útiles;1 dormitorio | 1 baño | 27 m² útiles;Nicasio Retamales, 1 - 300, Universidad De Santiago, Estación Central;;-33.46037484410827;-70.68795307430338;Nicasio Retamales, Estación Central, Santiago, Chile
2025-11-29 17:43:36;Estación Central;departamento;Acogedor Depa: ¡ideal Para Inversión!;1390;CLF;1 dormitorio;1 baño;27 m² útiles;1 dormitorio | 1 baño | 27 m² útiles;Nicasio Retamales, 1 - 300, Universidad De Santiago, Estación Central;;-33.46037484410827;-70.68795307430338;Nicasio Retamales, Estación Central, Santiago, Chile
2025-11-29 17:43:36;Estación Central;departamento;Departamento En Venta De 2 Dorm. En Estación Central. Concon;2198;CLF;2 dormitorios;2 baños;47 m² útiles;2 dormitorios | 2 baños | 47 m² útiles;Mero Ecuador, San Alberto Hurtado, Estación Central;;-33.4559226;-70.6997325;Mero Ecuador, Estación Central, Santiago, Chile
2025-11-29 17:43:36;Estación Central;departamento;Departamento Venta De 1 D+1b Estación Central, Metro Ecuador;1690;CLF;1 dormitorio;1 baño;36 m² totales;1 dormitorio | 1 baño | 36 m² totales;Blanco Garces Con Embajador Quintana, San Alberto Hurtado, Estación Central;;-33.4509895;-70.6979534;Blanco Garces Con Embajador Quintana, Estación Central, Santiago, Chile
2025-11-29 17:43:36;Estación Central;departamento;Departamento En Venta De 1 Dorm. En Estación Central;40000000;CLP;1 dormitorio;1 baño;32 m² útiles;1 dormitorio | 1 baño | 32 m² útiles;Coronel Souper, Universidad De Santiago, Estación Central;;-33.4587970769033;-70.6976990807524;Coronel Souper, Estación Central, Santiago, Chile
2025-11-29 17:43:36;Estación Central;departamento;Departamento En Venta De 1 Dorm. 1 Bañ En Estación Central;1690;CLF;1 dormitorio;1 baño;3 m² útiles;1 dormitorio | 1 baño | 3 m² útiles;Metro Estación Padre Hurtado, San Alberto Hurtado, Estación Central;;-33.46213055;-70.68674986582633;Estación Padre Hurtado, Estación Central, Santiago, Chile
2025-11-29 17:43:36;Estación Central;departamento;Departamento En Venta Seminuevo. 2d/2b/est/bd. Estacion Cent;2690;CLF;2 dormitorios;2 baños;52 m² útiles;2 dormitorios | 2 baños | 52 m² útiles;A Dos Cuadras De La Estación De Metro Las Rejas, Metro Las Rejas, Estación Central;;-33.4575386;-70.7067561;A Dos Cuadras De La Estación De Las Rejas, Estación Central, Santiago, Chile
2025-11-29 17:43:36;Estación Central;departamento;Departamento En Venta De 1 Dorm. En Estación Central;1550;CLF;1 dormitorio;1 baño;33 m² útiles;1 dormitorio | 1 baño | 33 m² útiles;Av. Libertador Bernardo O'Higgins /Metro Alberto Hurtado, San Alberto Hurtado, Estación Central;;-33.4534689;-70.6900907;Av. Libertador Bernardo O'Higgins / Alberto Hurtado, Estación Central, Santiago, Chile
2025-11-29 17:44:51;Estación Central;departamento;Departamento En Venta Tipo Estudio Estación Central Novacion;49000000;CLP;1 dormitorio;1 baño;25 m² útiles;1 dormitorio | 1 baño | 25 m² útiles;A Pasos Del Metro San Alberto Hurtado, San Alberto Hurtado, Estación Central;;-33.4542019;-70.6922721;A Pasos Del San Alberto Hurtado, Estación Central, Santiago, Chile
2025-11-29 17:44:51;Estación Central;departamento;"Depto. En Venta; 2 Dorm.; Estación Central, Metro Las Rejas";1680;CLF;2 dormitorios;1 baño;45 m² útiles;2 dormitorios | 1 baño | 45 m² útiles;Metro Las Rejas, Metro Ecuador, Metro Las Rejas, Estación Central;;-33.4575386;-70.7067561;Las Rejas, Estación Central, Santiago, Chile
2025-11-29 17:44:51;Estación Central;departamento;Departamento En Venta En Estación Central;2300;CLF;1 dormitorio;1 baño;30 m² útiles;1 dormitorio | 1 baño | 30 m² útiles;Av. Padre Alberto Hurtado 1 - 300, Santiago, Estación Central, Chile, San Alberto Hurtado, Estación Central;;-33.4655554;-70.6992341;Av. Padre Alberto Hurtado 1 - 300, Estación Central, Santiago, Chile
2025-11-29 17:44:51;Estación Central;departamento;Departamento En Venta De 2 Dorm. En Estación Central;1765;CLF;2 dormitorios;2 baños;43 m² útiles;2 dormitorios | 2 baños | 43 m² útiles;Alberto Hurtado /Ecuador, Universidad De Santiago, Estación Central;;-33.4511505;-70.6921585;Alberto Hurtado /Ecuador, Estación Central, Santiago, Chile
2025-11-29 17:44:51;Estación Central;departamento;Lindo Departamento En Venta De 2 Dorm. En Estación Central;3220;CLF;2 dormitorios;2 baños;52 m² útiles;2 dormitorios | 2 baños | 52 m² útiles;Metro Ecuador, Metro Ecuador, Estación Central;;-33.4559226;-70.6997325;Ecuador, Estación Central, Santiago, Chile
2025-11-29 17:44:51;Estación Central;departamento;Departamento En Venta De 2 Dorm. En Estación Central;1640;CLF;2 dormitorios;1 baño;39 m² útiles;2 dormitorios | 1 baño | 39 m² útiles;Francisco Javier Con Ecuador, San Alberto Hurtado, Estación Central;;-33.44953657322071;-70.69372781028432;Francisco Javier Con Ecuador, Estación Central, Santiago, Chile
2025-11-29 17:44:51;Estación Central;departamento;Lindo Departamento En Venta De 2 Dorm. En Estación Central;3240;CLF;2 dormitorios;;52 m² útiles;2 dormitorios | 52 m² útiles;Metro Ecuador, Metro Ecuador, Estación Central;;-33.4559226;-70.6997325;Ecuador, Estación Central, Santiago, Chile
2025-11-29 17:44:51;Estación Central;departamento;Oportunidad Pack 3 Deptos. Estacion Central E Independencia;4996;CLF;2 dormitorios;1 baño;40 m² útiles;2 dormitorios | 1 baño | 40 m² útiles;Sta. Petronila 32, Estación Central, Metro Las Rejas, Estación Central;;-33.45395685;-70.70490686904479;Sta. Petronila 32, Estación Central, Santiago, Chile
2025-11-29 17:44:51;Estación Central;departamento;Departamento En Venta Duplex De 3d 2b En Estación Central;110000000;CLP;3 dormitorios;2 baños;80 m² útiles;3 dormitorios | 2 baños | 80 m² útiles;Cercano A Metro Estación Central, Universidad De Santiago, Estación Central;;-33.4536375;-70.6898654;Cercano A Estación Central, Estación Central, Santiago, Chile
2025-11-29 17:44:51;Estación Central;departamento;Oportunidad Pack 7 Deptos. Estacion Central E Independencia;11666;CLF;2 dormitorios;1 baño;40 m² útiles;2 dormitorios | 1 baño | 40 m² útiles;Sta. Petronila 32, Estación Central, Metro Las Rejas, Estación Central;;-33.45395685;-70.70490686904479;Sta. Petronila 32, Estación Central, Santiago, Chile
2025-11-29 17:44:51;Estación Central;departamento;Exelente Dpto. 1 Dormitorio 1 Baño;1150;CLF;1 dormitorio;1 baño;30 m² útiles;1 dormitorio | 1 baño | 30 m² útiles;Ecuador, Metro Las Rejas, Estación Central;;-33.4559226;-70.6997325;Ecuador, Estación Central, Santiago, Chile
2025-11-29 17:44:51;Estación Central;departamento;1d + 1b En Toro Mazote 110, Metro San Alberto Hurtado.;1550;CLF;1 dormitorio;1 baño;28 m² útiles;1 dormitorio | 1 baño | 28 m² útiles;Toro Mazote 110, Santiago, Estación Central, Chile, San Alberto Hurtado, Estación Central;;-33.4561216;-70.69120585222294;Toro Mazote 110, Estación Central, Santiago, Chile
2025-11-29 17:44:51;Estación Central;departamento;Departamento 2d 1b Estac Y Bd Toro Mazotte Estación Central;2000;CLF;2 dormitorios;1 baño;52 m² útiles;2 dormitorios | 1 baño | 52 m² útiles;Toro Mazote 110, Santiago, Estación Central, San Alberto Hurtado, Estación Central;;-33.4561216;-70.69120585222294;Toro Mazote 110, Estación Central, Santiago, Chile
2025-11-29 17:44:51;Estación Central;departamento;Departamento Mariposa 2 Dorm 2 Baños Estac Bd Coronel Souper;2500;CLF;2 dormitorios;2 baños;55 m² útiles;2 dormitorios | 2 baños | 55 m² útiles;Cnel. Souper 4152, Estación Central, San Alberto Hurtado, Estación Central;;-33.457377436734696;-70.69183272857143;Cnel. Souper 4152, Estación Central, Santiago, Chile
2025-11-29 17:44:51;Estación Central;departamento;Departamento En Venta En Avenida Ecuador;2684;CLF;2 dormitorios;2 baños;45 m² útiles;2 dormitorios | 2 baños | 45 m² útiles;AVENIDA ECUADOR (PISO 19), Metro Ecuador, Estación Central;;-33.46662293333333;-70.73080085000001;AVENIDA ECUADOR (PISO 19), Estación Central, Santiago, Chile
2025-11-29 17:44:51;Estación Central;departamento;Home Studio Toro Mazote 110, Metro San Alberto Hurtado.;1250;CLF;1 dormitorio;1 baño;22 m² útiles;1 dormitorio | 1 baño | 22 m² útiles;Toro Mazote 110, Santiago, Estación Central, Chile, San Alberto Hurtado, Estación Central;;-33.4561216;-70.69120585222294;Toro Mazote 110, Estación Central, Santiago, Chile
2025-11-29 17:44:51;Estación Central;departamento;Departamento En Venta De 1 Dorm. En Estación Central;2550;CLF;1 dormitorio;1 baño;40 m² útiles;1 dormitorio | 1 baño | 40 m² útiles;Coronel Godoy/ Coronel Souper, San Alberto Hurtado, Estación Central;;-33.4587970769033;-70.6976990807524;Coronel Godoy/ Coronel Souper, Estación Central, Santiago, Chile
2025-11-29 17:44:51;Estación Central;departamento;Home Studios Coronel Souper 4060, Estación Central;1300;CLF;1 dormitorio;1 baño;21 m² útiles;1 dormitorio | 1 baño | 21 m² útiles;Coronel Souper 4060, Santiago, Estación Central, Chile, San Alberto Hurtado, Estación Central;;-33.45759365;-70.69053248762756;Coronel Souper 4060, Estación Central, Santiago, Chile
2025-11-29 17:44:51;Estación Central;departamento;Departamento En Venta En Metro Ecuador;1250;CLF;;1 baño;18 m² útiles;1 baño | 18 m² útiles;METRO ECUADOR, Metro Ecuador, Estación Central;;-33.4559226;-70.6997325;ECUADOR, Estación Central, Santiago, Chile
2025-11-29 17:44:51;Estación Central;departamento;Departamento En Venta En Estación Central;1550;CLF;1 dormitorio;1 baño;27 m² útiles;1 dormitorio | 1 baño | 27 m² útiles;METRO ECUADOR, Metro Ecuador, Estación Central;;-33.4559226;-70.6997325;ECUADOR, Estación Central, Santiago, Chile
2025-11-29 17:44:51;Estación Central;departamento;2d+ 1b +1estac + 1bod - Santa Petronila 32, Estación Central;2300;CLF;2 dormitorios;1 baño;45 m² útiles;2 dormitorios | 1 baño | 45 m² útiles;Santa Petronila 32, Santiago, Estación Central, Chile, Metro Las Rejas, Estación Central;;-33.45395685;-70.70490686904479;Santa Petronila 32, Estación Central, Santiago, Chile
2025-11-29 17:44:51;Estación Central;departamento;1d + 1b Sta. Petronila 32,metro Las Rejas Estación Central. ;1390;CLF;1 dormitorio;1 baño;29 m² útiles;1 dormitorio | 1 baño | 29 m² útiles;Santa Petronila 32, Santiago, Estación Central, Chile, Metro Las Rejas, Estación Central;;-33.45395685;-70.70490686904479;Santa Petronila 32, Estación Central, Santiago, Chile
2025-11-29 17:44:51;Estación Central;departamento;Departamento En Venta De 2 Dorm. En Estación Central;2750;CLF;2 dormitorios;2 baños;54 m² útiles;2 dormitorios | 2 baños | 54 m² útiles;Coronel Souper/Coronel Godoy, San Alberto Hurtado, Estación Central;;-33.4587970769033;-70.6976990807524;Coronel Souper/Coronel Godoy, Estación Central, Santiago, Chile
2025-11-29 17:44:51;Estación Central;departamento;Departamento En Venta De 1 Dorm. En Estación Central;50000000;CLP;1 dormitorio;1 baño;32 m² útiles;1 dormitorio | 1 baño | 32 m² útiles;Coronel Souper, Estación Central, San Alberto Hurtado, Estación Central;;-33.4587970769033;-70.6976990807524;Coronel Souper, Estación Central, Santiago, Chile
2025-11-29 17:44:51;Estación Central;departamento;Departamento 2dormitorios 1baño Santa Petronila Metro Ecuado;72000000;CLP;2 dormitorios;1 baño;42 m² útiles;2 dormitorios | 1 baño | 42 m² útiles;Sta. Petronila 28, Estación Central, Metro Las Rejas, Estación Central;;-33.4542843;-70.70486368907721;Sta. Petronila 28, Estación Central, Santiago, Chile
2025-11-29 17:44:51;Estación Central;departamento;Home Studio 1d Y 1b En Estación Central;1166;CLF;1 dormitorio;1 baño;22 m² útiles;1 dormitorio | 1 baño | 22 m² útiles;Blanco Garcés, Estación Central, San Alberto Hurtado, Estación Central;;-33.451992313901464;-70.69784303670724;Blanco Garcés, Estación Central, Santiago, Chile
2025-11-29 17:44:51;Estación Central;departamento;1d + 1b En Blanco Garces 154 - Estación Central. ;1800;CLF;1 dormitorio;1 baño;31 m² útiles;1 dormitorio | 1 baño | 31 m² útiles;Blanco Garcés 154, Santiago, Estación Central, Chile, San Alberto Hurtado, Estación Central;;-33.4503604;-70.69800392785399;Blanco Garcés 154, Estación Central, Santiago, Chile
2025-11-29 17:44:51;Estación Central;departamento;Departamento En Venta En Metro Las Rejas;125000000;CLP;2 dormitorios;2 baños;48 m² útiles;2 dormitorios | 2 baños | 48 m² útiles;MARÍA ROZAS VELÁSQUEZ, Metro Las Rejas, Estación Central;;-33.4559177;-70.70561315;MARÍA ROZAS VELÁSQUEZ, Estación Central, Santiago, Chile
2025-11-29 17:44:51;Estación Central;departamento;1d + 1b Blanco Garcés 154, Metro Ecuador.;1700;CLF;1 dormitorio;1 baño;33 m² útiles;1 dormitorio | 1 baño | 33 m² útiles;Blanco Garcés 154, Santiago, Estación Central, Chile, San Alberto Hurtado, Estación Central;;-33.4503604;-70.69800392785399;Blanco Garcés 154, Estación Central, Santiago, Chile
2025-11-29 17:44:51;Estación Central;departamento;Departamento En Venta De 1 Dorm. En Estación Central;1540;CLF;1 dormitorio;1 baño;34 m² útiles;1 dormitorio | 1 baño | 34 m² útiles;NICASIO RETAMALES, San Alberto Hurtado, Estación Central;;-33.46037484410827;-70.68795307430338;NICASIO RETAMALES, Estación Central, Santiago, Chile
2025-11-29 17:44:51;Estación Central;departamento;1d + 1b Buzo Sobenes 4650, Metro Estación Ecuador;1690;CLF;1 dormitorio;1 baño;32 m² útiles;1 dormitorio | 1 baño | 32 m² útiles;Buzo Sobenes 4650, Santiago, Estación Central, Chile, San Alberto Hurtado, Estación Central;;-33.450171999999995;-70.69827299916479;Buzo Sobenes 4650, Estación Central, Santiago, Chile
2025-11-29 17:44:51;Estación Central;departamento;Venta Depto. 1d + 1b -coronel Souper 4060, Estación Central.;1680;CLF;1 dormitorio;1 baño;32 m² útiles;1 dormitorio | 1 baño | 32 m² útiles;Coronel Souper 4060, Santiago, Estación Central, Chile, San Alberto Hurtado, Estación Central;;-33.45759365;-70.69053248762756;Coronel Souper 4060, Estación Central, Santiago, Chile
2025-11-29 17:44:51;Estación Central;departamento;2d + 1b + 1 Estac. En Santa Petronila 32, Estación Central.;1920;CLF;2 dormitorios;1 baño;44 m² útiles;2 dormitorios | 1 baño | 44 m² útiles;Santa Petronila 32, Santiago, Estación Central, Chile, Metro Las Rejas, Estación Central;;-33.45395685;-70.70490686904479;Santa Petronila 32, Estación Central, Santiago, Chile
2025-11-29 17:44:51;Estación Central;departamento;Departamento En Venta 2 Dorm. | Metro Las Rejas Y Mall;2300;CLF;2 dormitorios;1 baño;42 m² útiles;2 dormitorios | 1 baño | 42 m² útiles;SANTA PETRONILA 32, Metro Las Rejas, Estación Central;;-33.45395685;-70.70490686904479;SANTA PETRONILA 32, Estación Central, Santiago, Chile
2025-11-29 17:44:51;Estación Central;departamento;1d + 1b Santa Petronila 38 , Metro Las Rejas Est. Central.;1690;CLF;1 dormitorio;1 baño;25 m² útiles;1 dormitorio | 1 baño | 25 m² útiles;Santa Petronila 38, Santiago, Estación Central, Chile, Metro Las Rejas, Estación Central;;-33.453637099999995;-70.70494999471634;Santa Petronila 38, Estación Central, Santiago, Chile
2025-11-29 17:44:51;Estación Central;departamento;Home Studio En Blanco Garcés 154, Metro Ecuador;1350;CLF;1 dormitorio;1 baño;24 m² útiles;1 dormitorio | 1 baño | 24 m² útiles;Blanco Garcés 154, Santiago, Estación Central, Chile, San Alberto Hurtado, Estación Central;;-33.4503604;-70.69800392785399;Blanco Garcés 154, Estación Central, Santiago, Chile
2025-11-29 17:44:51;Estación Central;departamento;Departamento En Venta En Estación Central;1800;CLF;;1 baño;34 m² útiles;1 baño | 34 m² útiles;METRO DE ECUADOR, Metro Ecuador, Estación Central;;-33.4559226;-70.6997325;DE ECUADOR, Estación Central, Santiago, Chile
2025-11-29 17:44:51;Estación Central;departamento;Departamento En Venta 1 Dorm. | Metro Las Rejas Y Mall;1700;CLF;1 dormitorio;1 baño;25 m² útiles;1 dormitorio | 1 baño | 25 m² útiles;Santa Petronila 38, Santiago, Estación Central, Chile, Metro Las Rejas, Estación Central;;-33.453637099999995;-70.70494999471634;Santa Petronila 38, Estación Central, Santiago, Chile
2025-11-29 17:44:51;Estación Central;departamento;Ddto. En Venta De 1d 1b Calle Ecuador Est. Central;1710;CLF;1 dormitorio;1 baño;36 m² útiles;1 dormitorio | 1 baño | 36 m² útiles;Ecuador, Metro Ecuador, Estación Central;;-33.4559226;-70.6997325;Ecuador, Estación Central, Santiago, Chile
2025-11-29 17:44:51;Estación Central;departamento;2d + 1b +1bod +1estac-sta Petronila 32, Metro Las Rejas E.c.;2250;CLF;2 dormitorios;1 baño;42 m² útiles;2 dormitorios | 1 baño | 42 m² útiles;Santa Petronila 32, Santiago, Estación Central, Chile, Metro Las Rejas, Estación Central;;-33.45395685;-70.70490686904479;Santa Petronila 32, Estación Central, Santiago, Chile
2025-11-29 17:44:51;Estación Central;departamento;1d + 1b En Santa Petronila 32, Metro Las Rejas, E. Central. ;1600;CLF;1 dormitorio;1 baño;28 m² útiles;1 dormitorio | 1 baño | 28 m² útiles;Santa Petronila 32, Santiago, Estación Central, Chile, Metro Las Rejas, Estación Central;;-33.45395685;-70.70490686904479;Santa Petronila 32, Estación Central, Santiago, Chile
2025-11-29 17:44:51;Estación Central;departamento;Departamento En Venta En Estación Central Con Bodega;1300;CLF;1 dormitorio;1 baño;30 m² útiles;1 dormitorio | 1 baño | 30 m² útiles;Placilla/ Conde Del Maule, San Alberto Hurtado, Estación Central;;-33.455647174089016;-70.69446365366548;Placilla/ Conde Del Maule, Estación Central, Santiago, Chile
2025-11-29 17:44:51;Estación Central;departamento;1d + 1b En Santa Petronila 38, Metro Las Rejas ;1700;CLF;1 dormitorio;1 baño;25 m² útiles;1 dormitorio | 1 baño | 25 m² útiles;Santa Petronila 38, Santiago, Estación Central, Chile, Metro Las Rejas, Estación Central;;-33.453637099999995;-70.70494999471634;Santa Petronila 38, Estación Central, Santiago, Chile
2025-11-29 17:44:51;Estación Central;departamento;Departamento En Venta De 1 Dorm Y 1bañ. En Santiago;1550;CLF;1 dormitorio;1 baño;27 m² útiles;1 dormitorio | 1 baño | 27 m² útiles;Paraguay/Constantino, Estación Central, San Alberto Hurtado, Estación Central;;-33.4490093;-70.6962947;Paraguay/Constantino, Estación Central, Santiago, Chile
2025-11-29 17:44:51;Estación Central;departamento;Departamento En Venta En Estación Central;1900;CLF;1 dormitorio;1 baño;34 m² útiles;1 dormitorio | 1 baño | 34 m² útiles;AVENIDA ECUADOR, Metro Las Rejas, Estación Central;;-33.45259369917749;-70.69621462893853;AVENIDA ECUADOR, Estación Central, Santiago, Chile
2025-11-29 17:44:51;Estación Central;departamento;Departamento 3 Dormitorios 1 Baño. Estación Central;90000000;CLP;3 dormitorios;1 baño;60 m² útiles;3 dormitorios | 1 baño | 60 m² útiles;Av. Alameda Libertador Bernardo O'Higgins 4260, Estación Central, Región Metropolitana, Chile, San Alberto Hurtado, Estación Central;;-33.4489016;-70.68162370843888;Av. Alameda Libertador Bernardo O'Higgins 4260, Estación Central, Santiago, Chile
2025-11-29 17:44:51;Estación Central;departamento;Departamento En Venta En Avenida Ecuador;1850;CLF;1 dormitorio;1 baño;34 m² útiles;1 dormitorio | 1 baño | 34 m² útiles;AVENIDA ECUADOR, Metro Ecuador, Estación Central;;-33.45259369917749;-70.69621462893853;AVENIDA ECUADOR, Estación Central, Santiago, Chile
2025-11-29 17:45:49;Estación Central;departamento;Departamento En Venta En Metro Las Rejas;1150;CLF;1 dormitorio;1 baño;34 m² útiles;1 dormitorio | 1 baño | 34 m² útiles;MARIA ROZAS VELASQUEZ/ METRO LAS REJAS, Metro Las Rejas, Estación Central;;-33.45442295;-70.7056221847387;MARIA ROZAS VELASQUEZ/ LAS REJAS, Estación Central, Santiago, Chile
2025-11-29 17:45:49;Estación Central;departamento;Departamento En Venta En San Alberto Hurtado;1050;CLF;1 dormitorio;1 baño;22 m² útiles;1 dormitorio | 1 baño | 22 m² útiles;TORO MAZOTTE 110, San Alberto Hurtado, Estación Central;;-33.4561216;-70.69120585222294;TORO MAZOTTE 110, Estación Central, Santiago, Chile
2025-11-29 17:45:49;Estación Central;departamento;Departamento En Venta En Metro Ecuador;1850;CLF;1 dormitorio;1 baño;34 m² útiles;1 dormitorio | 1 baño | 34 m² útiles;AV ALAMEDA, Metro Ecuador, Estación Central;;-33.4548329;-70.69714139971808;AV ALAMEDA, Estación Central, Santiago, Chile
2025-11-29 17:45:49;Estación Central;departamento;Excelente Inversion, Hermoso Depto A Pasos Estación De Metro;1800;CLF;1 dormitorio;1 baño;32 m² útiles;1 dormitorio | 1 baño | 32 m² útiles;Cnel. Souper 4060, Estación Central, San Alberto Hurtado, Estación Central;;-33.45759365;-70.69053248762756;Cnel. Souper 4060, Estación Central, Santiago, Chile
2025-11-29 17:45:49;Estación Central;departamento;Home Estudios -  Coronel Souper 4060, Estación Central.;1350;CLF;1 dormitorio;1 baño;21 m² útiles;1 dormitorio | 1 baño | 21 m² útiles;Coronel Souper 4060, Santiago, Estación Central, Chile, San Alberto Hurtado, Estación Central;;-33.45759365;-70.69053248762756;Coronel Souper 4060, Estación Central, Santiago, Chile
2025-11-29 17:45:49;Estación Central;departamento;2d+ 1b +1 Estac. - Santa Petronila 32, Estación Central;2200;CLF;2 dormitorios;1 baño;44 m² útiles;2 dormitorios | 1 baño | 44 m² útiles;Santa Petronila 32, Santiago, Estación Central, Chile, Metro Las Rejas, Estación Central;;-33.45395685;-70.70490686904479;Santa Petronila 32, Estación Central, Santiago, Chile
2025-11-29 17:45:49;Estación Central;departamento;Venta Departamento 1d/1b Metro Ecuador;2050;CLF;1 dormitorio;1 baño;32 m² útiles;1 dormitorio | 1 baño | 32 m² útiles;Buzo Sobenes 4650, Santiago, Estación Central, Chile, San Alberto Hurtado, Estación Central;;-33.450171999999995;-70.69827299916479;Buzo Sobenes 4650, Estación Central, Santiago, Chile
2025-11-29 17:45:49;Estación Central;departamento;1d + 1b  Santa Petronila 38, Estación Central. Las Rejas;1690;CLF;1 dormitorio;1 baño;28 m² útiles;1 dormitorio | 1 baño | 28 m² útiles;Santa Petronila 38, Santiago, Estación Central, Chile, Metro Las Rejas, Estación Central;;-33.453637099999995;-70.70494999471634;Santa Petronila 38, Estación Central, Santiago, Chile
2025-11-29 17:45:49;Estación Central;departamento;Departamento En Venta 1 Dorm. | Metro San Alberto Hurtado;1750;CLF;1 dormitorio;1 baño;33 m² útiles;1 dormitorio | 1 baño | 33 m² útiles;Avenida Padre Alberto Hurtado 0145, Santiago, Estación Central, Chile, Estación Central;;-33.4542019;-70.6922721;Avenida Padre Alberto Hurtado 0145, Estación Central, Santiago, Chile
2025-11-29 17:45:49;Estación Central;departamento;Departamento En Venta En Coronel Souper;1200;CLF;1 dormitorio;1 baño;25 m² útiles;1 dormitorio | 1 baño | 25 m² útiles;CORONEL SOUPER/ TORO MAZOTTE, San Alberto Hurtado, Estación Central;;-33.4569574;-70.6913712;CORONEL SOUPER/ TORO MAZOTTE, Estación Central, Santiago, Chile
2025-11-29 17:45:49;Estación Central;departamento;Departamento En Venta En Toro Mazotte;1200;CLF;1 dormitorio;1 baño;25 m² útiles;1 dormitorio | 1 baño | 25 m² útiles;TORO MAZOTTE / CORONEL SOUPER, San Alberto Hurtado, Estación Central;;-33.4569574;-70.6913712;TORO MAZOTTE / CORONEL SOUPER, Estación Central, Santiago, Chile
2025-11-29 17:45:49;Estación Central;departamento;Sector Residencial Homogéneo Con Acceso Cercano Alameda ;58000000;CLP;1 dormitorio;1 baño;29 m² útiles;1 dormitorio | 1 baño | 29 m² útiles;Coronel Godoy 128, Estación Central, Santiago, San Alberto Hurtado, Estación Central;;-33.4528658;-70.69408637142858;Coronel Godoy 128, Estación Central, Santiago, Chile
2025-11-29 17:45:49;Estación Central;departamento;Departamento En Venta En Estación Central;1250;CLF;1 dormitorio;1 baño;30 m² útiles;1 dormitorio | 1 baño | 30 m² útiles;Av. Padre Alberto Hurtado 87, 9160045 Estación Central, Región Metropolitana, Chile, San Alberto Hurtado, Estación Central;;-33.4542019;-70.6922721;Av. Padre Alberto Hurtado 87, Estación Central, Santiago, Chile
2025-11-29 17:45:49;Estación Central;departamento;Departamento Estudio Santa Petronila 32 Estación Central;35000000;CLP;1 dormitorio;1 baño;28 m² útiles;1 dormitorio | 1 baño | 28 m² útiles;Sta. Petronila 32, Estación Central, Metro Las Rejas, Estación Central;;-33.45395685;-70.70490686904479;Sta. Petronila 32, Estación Central, Santiago, Chile
2025-11-29 17:45:49;Estación Central;departamento;Inversion Depto Arrendado;48000000;CLP;1 dormitorio;1 baño;30 m² útiles;1 dormitorio | 1 baño | 30 m² útiles;Radal Del Obispo Francisco Anabalón Duarte 102, Metro Ecuador, Estación Central;;-33.453532330555554;-70.70200494444444;Radal Del Obispo Francisco Anabalón Duarte 102, Estación Central, Santiago, Chile
2025-11-29 17:45:49;Estación Central;departamento;Maria Rozas  2d1b+terraza, Estacion Central;1350;CLF;2 dormitorios;1 baño;34 m² útiles;2 dormitorios | 1 baño | 34 m² útiles;Avenida María Rozas Velásquez 1 - 300, Santiago, Estación Central, Chile, Metro Las Rejas, Estación Central;;-33.4501577831486;-70.70680027112631;Avenida María Rozas Velásquez 1 - 300, Estación Central, Santiago, Chile
2025-11-29 17:45:49;Estación Central;departamento;Oportunidad 1 Dorm Metro Ecuador;990;CLF;1 dormitorio;1 baño;32 m² útiles;1 dormitorio | 1 baño | 32 m² útiles;Radal 066, Metro Ecuador, Estación Central;;-33.4536375;-70.6898654;Radal 066, Estación Central, Santiago, Chile
2025-11-29 17:45:49;Estación Central;departamento;Excelente Oportunidad Departamento A Pasos Estación De Metro;1000;CLF;1 dormitorio;1 baño;32 m² útiles;1 dormitorio | 1 baño | 32 m² útiles;Avenida María Rozas Velásquez 65, Santiago, Estación Central, Chile, Metro Las Rejas, Estación Central;;-33.453458999999995;-70.70575666155817;Avenida María Rozas Velásquez 65, Estación Central, Santiago, Chile
2025-11-29 17:45:49;Estación Central;departamento;Venta Dpto 2d 1b Estación Central;75000000;CLP;;1 baño;44 m² totales;1 baño | 44 m² totales;Santa Petroñila Con Av Ecuador, Metro Las Rejas, Estación Central;;-33.4551858;-70.7039451;Santa Petroñila Con Av Ecuador, Estación Central, Santiago, Chile
2025-11-29 17:45:49;Estación Central;departamento;++ Metro Sn. Alberto Hurtado L.1 ++;1825;CLF;2 dormitorios;1 baño;38 m² útiles;2 dormitorios | 1 baño | 38 m² útiles;++ METRO SN. ALBERTO HURTADO L.1 ++, Universidad De Santiago, Estación Central;;-33.4542019;-70.6922721;++ SN. ALBERTO HURTADO L.1 ++, Estación Central, Santiago, Chile
2025-11-29 17:45:49;Estación Central;departamento;Venta Dpto Por Apuro Metro Las Rejas;54000000;CLP;1 dormitorio;1 baño;32 m² totales;1 dormitorio | 1 baño | 32 m² totales;Santa Petroñila Con Av Ecuador, Metro Las Rejas, Estación Central;;-33.4551858;-70.7039451;Santa Petroñila Con Av Ecuador, Estación Central, Santiago, Chile
2025-11-29 17:45:49;Estación Central;departamento;Departamento En Venta  Excelente Oportunidad Para Inversión;1450;CLF;1 dormitorio;1 baño;35 m² útiles;1 dormitorio | 1 baño | 35 m² útiles;Constantino 141, Metro Ecuador, Estación Central;;-33.45040245;-70.69602711992621;Constantino 141, Estación Central, Santiago, Chile
2025-11-29 17:45:49;Estación Central;departamento;Home Estudio En Estación Central  Sector Consolidado, Oport;1200;CLF;1 dormitorio;1 baño;27 m² útiles;1 dormitorio | 1 baño | 27 m² útiles;Blanco Garces 154, San Alberto Hurtado, Estación Central;;-33.4503604;-70.69800392785399;Blanco Garces 154, Estación Central, Santiago, Chile
2025-11-29 17:45:49;Estación Central;departamento;Se Vende Departamento A Pasos Del Metro San Alberto Hurtado;1198;CLF;1 dormitorio;1 baño;29 m² útiles;1 dormitorio | 1 baño | 29 m² útiles;Coronel Souper 4460, Estación Central, Chile, Estación Central;;-33.458464314705886;-70.69595522352941;Coronel Souper 4460, Estación Central, Santiago, Chile
2025-11-29 17:45:49;Estación Central;departamento;Venta Oportunidad Para Inversión;1350;CLF;1 dormitorio;1 baño;30 m² útiles;1 dormitorio | 1 baño | 30 m² útiles;Metro San Alberto Hurtado, San Alberto Hurtado, Estación Central;;-33.4542019;-70.6922721;San Alberto Hurtado, Estación Central, Santiago, Chile
2025-11-29 17:45:49;Estación Central;departamento;Venta Depto 1d1b Estación Central;1650;CLF;1 dormitorio;1 baño;32 m² útiles;1 dormitorio | 1 baño | 32 m² útiles;Toro Mazotte 64, Santiago, Estación Central, Chile, Estación Central;;-33.455093500000004;-70.69169781139792;Toro Mazotte 64, Estación Central, Santiago, Chile
2025-11-29 17:45:49;Estación Central;departamento;Se Vende Depto 2d1b;2800;CLF;2 dormitorios;1 baño;60 m² útiles;2 dormitorios | 1 baño | 60 m² útiles;La Coruña 4855, Estación Central, Chile, Estación Central;;-33.4520493;-70.70145582224356;La Coruña 4855, Estación Central, Santiago, Chile
2025-11-29 17:45:49;Estación Central;departamento;Depto 3 Dormitorios Condominio Metro Ecuador;3200;CLF;3 dormitorios;2 baños;58 m² útiles;3 dormitorios | 2 baños | 58 m² útiles;Blanco Garcés 50, Santiago, Estación Central, Chile, Metro Ecuador, Estación Central;;-33.453072;-70.6847702;Blanco Garcés 50, Estación Central, Santiago, Chile
2025-11-29 17:45:49;Estación Central;departamento;Departamento En Venta De 2 Dorm. En Estación Central;3827;CLF;2 dormitorios;2 baños;53 m² útiles;2 dormitorios | 2 baños | 53 m² útiles;Coronel Godoy, San Alberto Hurtado, Estación Central;;-33.456483306050025;-70.69279481856528;Coronel Godoy, Estación Central, Santiago, Chile
2025-11-29 17:45:49;Estación Central;departamento;Departamento En Venta De 2 Dorm. En Estación Central;1950;CLF;2 dormitorios;1 baño;45 m² útiles;2 dormitorios | 1 baño | 45 m² útiles;Libertador Bernardo Ohhigins, Universidad De Santiago, Estación Central;;-33.4489016;-70.68162370843888;Libertador Bernardo Ohhigins, Estación Central, Santiago, Chile
2025-11-29 17:45:49;Estación Central;departamento;¡gran Oportunidad! Venta Depto. Estación Central;1750;CLF;2 dormitorios;1 baño;34 m² útiles;2 dormitorios | 1 baño | 34 m² útiles;Metro Universidad De Santiago, Arriero Estay, Universidad De Santiago, Estación Central;;-33.4489016;-70.68162370843888;Universidad De Santiago, Estación Central, Santiago, Chile
2025-11-29 17:45:49;Estación Central;departamento;Excelente De Apartamento Estudio En Venta Sector Tranquilo E;1150;CLF;1 dormitorio;1 baño;24 m² útiles;1 dormitorio | 1 baño | 24 m² útiles;San Gumercindo 77, Estación Central, Chile, San Alberto Hurtado, Estación Central;;-33.45141815;-70.6949413593066;San Gumercindo 77, Estación Central, Santiago, Chile
2025-11-29 17:45:49;Estación Central;departamento;Departamento Metro Las Rejas ;2600;CLF;3 dormitorios;2 baños;70 m² útiles;3 dormitorios | 2 baños | 70 m² útiles;Pasaje Titán 4900, Estación Central, Chile, Estación Central;;-33.4489016;-70.68162370843888;Pasaje Titán 4900, Estación Central, Santiago, Chile
2025-11-29 17:45:49;Estación Central;departamento;Departamento 2d/2b+1estac Metro Ecuador;1900;CLF;2 dormitorios;2 baños;53 m² totales;2 dormitorios | 2 baños | 53 m² totales;Av. Víctor Jara 4707, Metro Ecuador, Estación Central;;-33.45321765;-70.6993318530319;Av. Víctor Jara 4707, Estación Central, Santiago, Chile
2025-11-29 17:45:49;Estación Central;departamento;Constantino 141, Por Solo 2.085 Uf;1890;CLF;1 dormitorio;1 baño;27 m² útiles;1 dormitorio | 1 baño | 27 m² útiles;Constantino, 141, San Alberto Hurtado, Estación Central;;-33.45175230051811;-70.69655474174844;Constantino, Estación Central, Santiago, Chile
2025-11-29 17:45:49;Estación Central;departamento;Se Vende Acogedor Depto 1d,1b, Metro 5 De Abril;45000000;CLP;1 dormitorio;1 baño;27 m² útiles;1 dormitorio | 1 baño | 27 m² útiles;Av. María Rozas Velásquez 55,, Metro Las Rejas, Estación Central;;-33.4540971;-70.70566517447065;Av. María Rozas Velásquez 55, Estación Central, Santiago, Chile
2025-11-29 17:45:49;Estación Central;departamento;Venta Departamento 1 Habitacion Metro Ecuador;1515;CLF;1 dormitorio;1 baño;30 m² útiles;1 dormitorio | 1 baño | 30 m² útiles;Blanco Garcés 154, Estacion Central, San Alberto Hurtado, Estación Central;;-33.4503604;-70.69800392785399;Blanco Garcés 154, Estación Central, Santiago, Chile
2025-11-29 17:45:49;Estación Central;departamento;Departamento En Venta Con Excelente Conectividad - Estación;60000000;CLP;1 dormitorio;1 baño;30 m² útiles;1 dormitorio | 1 baño | 30 m² útiles;Obispo Manuel Umaña 033, Universidad De Santiago, Estación Central;;-33.458038895701236;-70.68404530931114;Obispo Manuel Umaña 033, Estación Central, Santiago, Chile
2025-11-29 17:45:49;Estación Central;departamento;Vendo Hermoso Dpto, Sector Residencial, Estación Central;3199;CLF;2 dormitorios;2 baños;49 m² totales;2 dormitorios | 2 baños | 49 m² totales;Calle Conde Del Maule 4557, Metro Ecuador, Estación Central;;-33.4705883;-70.72573142499999;Calle Conde Del Maule 4557, Estación Central, Santiago, Chile
2025-11-29 17:45:49;Estación Central;departamento;Blanco Garces 154;90000000;CLP;2 dormitorios;1 baño;54 m² útiles;2 dormitorios | 1 baño | 54 m² útiles;BLANCO GARCES 154, San Alberto Hurtado, Estación Central;;-33.4503604;-70.69800392785399;BLANCO GARCES 154, Estación Central, Santiago, Chile
2025-11-29 17:45:49;Estación Central;departamento;Precio Conversable! Metro Ecuador Departamento 2 D +2 B + Bo;100000000;CLP;2 dormitorios;2 baños;59 m² útiles;2 dormitorios | 2 baños | 59 m² útiles;Conde Del Maule 4521, Estación Central, Chile, Metro Ecuador, Estación Central;;-33.45390665;-70.6977615735426;Conde Del Maule 4521, Estación Central, Santiago, Chile
2025-11-29 17:45:49;Estación Central;departamento;Departamento Tipo Estudio, Metro Alberto, Estación Central;1290;CLF;1 dormitorio;1 baño;24 m² útiles;1 dormitorio | 1 baño | 24 m² útiles;Estación Del Metro Alberto Hurtado / Líder / Municipalidad De Estación Central, San Alberto Hurtado, Estación Central;;-33.4542019;-70.6922721;Estación Del Alberto Hurtado / Líder / Municipalidad De Estación Central, Estación Central, Santiago, Chile
2025-11-29 17:45:49;Estación Central;departamento;Atención Inversionistas ;40000000;CLP;1 dormitorio;1 baño;24 m² útiles;1 dormitorio | 1 baño | 24 m² útiles;Toro Mazote 110, Estación Central, Chile, Nogales - San Eugenio, Estación Central;;-33.4561216;-70.69120585222294;Toro Mazote 110, Estación Central, Santiago, Chile
2025-11-29 17:45:49;Estación Central;departamento;Venta De Departamento De 2d+1b En O'higgins (estación Centr;2550;CLF;2 dormitorios;1 baño;42 m² útiles;2 dormitorios | 1 baño | 42 m² útiles;Av. Libertador Bernardo O'Higgins 4103, Estación Central, Chile, San Alberto Hurtado, Estación Central;;-33.453686149999996;-70.69258189282934;Av. Libertador Bernardo O'Higgins 4103, Estación Central, Santiago, Chile
2025-11-29 17:45:49;Estación Central;departamento;Precioso Dpto. 1d/1b, Metro Padre Hurtado, Estación Central;2250;CLF;1 dormitorio;1 baño;36 m² útiles;1 dormitorio | 1 baño | 36 m² útiles;Metro Padre Hurtado, San Alberto Hurtado, Estación Central;;-33.46213055;-70.68674986582633;Padre Hurtado, Estación Central, Santiago, Chile
2025-11-29 17:45:49;Estación Central;departamento;Vende Departamento 1d1b Coronel Godoy (estación Central);1840;CLF;1 dormitorio;1 baño;38 m² útiles;1 dormitorio | 1 baño | 38 m² útiles;Coronel Godoy 149, Estación Central, Chile, San Alberto Hurtado, Estación Central;;-33.45681895;-70.69296811867862;Coronel Godoy 149, Estación Central, Santiago, Chile
2025-11-29 17:45:49;Estación Central;departamento;Venta De Dpto. 2d1b+estacionamiento+bodega  Apóstol Santiag;2950;CLF;2 dormitorios;1 baño;46 m² útiles;2 dormitorios | 1 baño | 46 m² útiles;Avenida Apóstol Santiago 18, Estación Central, Chile, San Alberto Hurtado, Estación Central;;-33.4515098;-70.6928574;Avenida Apóstol Santiago 18, Estación Central, Santiago, Chile
2025-11-29 17:46:25;Estación Central;departamento;Venta Departamento En Estación Central;1920;CLF;1 dormitorio;1 baño;33 m² útiles;1 dormitorio | 1 baño | 33 m² útiles;Ecuador, 1 - 300, Metro Ecuador, Estación Central;;-33.4559226;-70.6997325;Ecuador, Estación Central, Santiago, Chile
2025-11-29 17:46:25;Estación Central;departamento;Atencion Inversionista Alta Demanda;1850;CLF;2 dormitorios;1 baño;48 m² útiles;2 dormitorios | 1 baño | 48 m² útiles;Avenida Padre Alberto Hurtado 104, Estación Central, Chile, Universidad De Santiago, Estación Central;;-33.4542019;-70.6922721;Avenida Padre Alberto Hurtado 104, Estación Central, Santiago, Chile
2025-11-29 17:46:25;Estación Central;departamento;Departamento En Venta En Estación Central ;1350;CLF;1 dormitorio;1 baño;30 m² útiles;1 dormitorio | 1 baño | 30 m² útiles;Blanco Garcés  154, San Alberto Hurtado, Estación Central;;-33.4503604;-70.69800392785399;Blanco Garcés 154, Estación Central, Santiago, Chile
2025-11-29 17:46:25;Estación Central;departamento;Dpto. En Venta 2d 2b;80000000;CLP;2 dormitorios;2 baños;54 m² totales;2 dormitorios | 2 baños | 54 m² totales;Titan 4900, Metro Las Rejas, Estación Central;;-33.45944285;-70.70320906091632;Titan 4900, Estación Central, Santiago, Chile
2025-11-29 17:46:25;Estación Central;departamento;Departamento Estudio Toro Mazotte 76 - Estacion San Alberto;1100;CLF;;1 baño;25 m² útiles;1 baño | 25 m² útiles;Toro Mazotte 76, San Alberto Hurtado, Estación Central;;-33.455381;-70.69151716262756;Toro Mazotte 76, Estación Central, Santiago, Chile
2025-11-29 17:46:25;Estación Central;departamento;Se Vende Dpto Excelente Condiciones, San Alberto Hutado, Est;1720;CLF;2 dormitorios;1 baño;50 m² útiles;2 dormitorios | 1 baño | 50 m² útiles;San Alberto Hurtado 104, Universidad De Santiago, Estación Central;;-33.455279250000004;-70.68981142818996;San Alberto Hurtado 104, Estación Central, Santiago, Chile
2025-11-29 17:46:25;Estación Central;departamento;"Depto.1 D &#43; 1 B, Metro Alberto Hurtado";65000000;CLP;1 dormitorio;1 baño;29 m² útiles;1 dormitorio | 1 baño | 29 m² útiles;Metro San Alberto Hurtado, San Alberto Hurtado, Estación Central;;-33.4542019;-70.6922721;San Alberto Hurtado, Estación Central, Santiago, Chile
2025-11-29 17:46:25;Estación Central;departamento;Se Vende Departamento Con Excelente Conectividad, Estación ;87500000;CLP;2 dormitorios;2 baños;46 m² útiles;2 dormitorios | 2 baños | 46 m² útiles;Avenida Ecuador 4578, Santiago, Estación Central, Chile, Metro Ecuador, Estación Central;;-33.45377555;-70.69908843800414;Avenida Ecuador 4578, Estación Central, Santiago, Chile
2025-11-29 17:46:25;Estación Central;departamento;Vende  Departamento En Metro Las Rejas. Estacion Central - H;1950;CLF;2 dormitorios;1 baño;30 m² útiles;2 dormitorios | 1 baño | 30 m² útiles;AV MARIA ROZAS VELASQUEZ, Metro Las Rejas, Estación Central;;-33.4559177;-70.70561315;AV MARIA ROZAS VELASQUEZ, Estación Central, Santiago, Chile
2025-11-29 17:46:25;Estación Central;departamento;Oportunidad!!! Excelente Estado, Petronila, Estación Centra;1510;CLF;2 dormitorios;1 baño;50 m² útiles;2 dormitorios | 1 baño | 50 m² útiles;Santa Petronila 38, Estación Central, Chile, Metro Las Rejas, Estación Central;;-33.453637099999995;-70.70494999471634;Santa Petronila 38, Estación Central, Santiago, Chile
2025-11-29 17:46:25;Estación Central;departamento;Depto Semi Nuevo En Venta 2 Dorm 2 Baños + 1 Estac + 1 Bod;80000000;CLP;2 dormitorios;2 baños;53 m² útiles;2 dormitorios | 2 baños | 53 m² útiles;Av. Padre Alberto Hurtado 194, Universidad De Santiago, Estación Central;;-33.4542019;-70.6922721;Av. Padre Alberto Hurtado 194, Estación Central, Santiago, Chile
2025-11-29 17:46:25;Estación Central;departamento;Venta Departamento 45m2- 1d1b - Estacion Central -santiago;75000000;CLP;1 dormitorio;1 baño;45 m² útiles;1 dormitorio | 1 baño | 45 m² útiles;VENTA DEPARTAMENTO 45M2- 1D1B - ESTACION CENTRAL -SANTIAGO, San Alberto Hurtado, Estación Central;;-33.4536375;-70.6898654;VENTA 45M2- 1D1B - ESTACION CENTRAL -SANTIAGO, Estación Central, Santiago, Chile
2025-11-29 17:46:25;Estación Central;departamento;Departamento En Venta - Estación Central;1800;CLF;1 dormitorio;1 baño;32 m² útiles;1 dormitorio | 1 baño | 32 m² útiles;Padre Alberto Hurtado 104, Universidad De Santiago, Estación Central;;-33.4542019;-70.6922721;Padre Alberto Hurtado 104, Estación Central, Santiago, Chile
2025-11-29 17:46:25;Estación Central;departamento;Se Vende Dpto 2d,1b, Con Estacionamiento Coronel Souper 4060;65000000;CLP;2 dormitorios;1 baño;43 m² útiles;2 dormitorios | 1 baño | 43 m² útiles;Coronel Souper 4060, San Alberto Hurtado, Estación Central;;-33.45759365;-70.69053248762756;Coronel Souper 4060, Estación Central, Santiago, Chile
2025-11-29 17:46:25;Estación Central;departamento;Vendo Acogedor Home Estudio, Estación Central;1600;CLF;1 dormitorio;1 baño;32 m² útiles;1 dormitorio | 1 baño | 32 m² útiles;Toro Mazote 75, Estación Central, Chile, San Alberto Hurtado, Estación Central;;-33.45559399230769;-70.69182547692307;Toro Mazote 75, Estación Central, Santiago, Chile
2025-11-29 17:46:25;Estación Central;departamento;Excelente Departamento En Estación Central;1149;CLF;1 dormitorio;1 baño;21 m² útiles;1 dormitorio | 1 baño | 21 m² útiles;Av. María Rozas Velásquez 51, Estación Central, Chile, Metro Las Rejas, Estación Central;;-33.45442295;-70.7056221847387;Av. María Rozas Velásquez 51, Estación Central, Santiago, Chile
2025-11-29 17:46:25;Estación Central;departamento;Vendo Departamento Placilla 046 , Estacion Central;85000000;CLP;2 dormitorios;2 baños;43 m² útiles;2 dormitorios | 2 baños | 43 m² útiles;VENDO DEPARTAMENTO PLACILLA 046 , ESTACION CENTRAL, San Alberto Hurtado, Estación Central;;-33.4539635;-70.69516317598095;PLACILLA 046, Estación Central, Santiago, Chile
2025-11-29 17:46:25;Estación Central;departamento;Oportundad De Inversión En Av. Ecuador ;1920;CLF;1 dormitorio;1 baño;33 m² útiles;1 dormitorio | 1 baño | 33 m² útiles;Ecuador, 1 - 300, Metro Ecuador, Estación Central;;-33.4559226;-70.6997325;Ecuador, Estación Central, Santiago, Chile
2025-11-29 17:46:25;Estación Central;departamento;Se Vende Departamento En Estación Central;2600;CLF;2 dormitorios;2 baños;50 m² útiles;2 dormitorios | 2 baños | 50 m² útiles;Avenida Alameda Libertador Bernardo O'Higgins 4103, Estación Central, Chile, San Alberto Hurtado, Estación Central;;-33.4489016;-70.68162370843888;Avenida Alameda Libertador Bernardo O'Higgins 4103, Estación Central, Santiago, Chile
2025-11-29 17:46:25;Estación Central;departamento;Venta De Dpto. 1d1b Apóstol Santiago (estación Central) ;2320;CLF;1 dormitorio;1 baño;34 m² útiles;1 dormitorio | 1 baño | 34 m² útiles;Avenida Apóstol Santiago 18, Estación Central, Chile, San Alberto Hurtado, Estación Central;;-33.4515098;-70.6928574;Avenida Apóstol Santiago 18, Estación Central, Santiago, Chile
2025-11-29 17:46:25;Estación Central;departamento;Dpto Estudio En Venta;1000;CLF;1 dormitorio;1 baño;28 m² totales;1 dormitorio | 1 baño | 28 m² totales;Nicasio Retamales 115, San Alberto Hurtado, Estación Central;;-33.45184457916666;-70.68966457083333;Nicasio Retamales 115, Estación Central, Santiago, Chile
2025-11-29 17:46:25;Estación Central;departamento;Departamento En Venta De 1 Dorm, 1 Baño, En Estación Central;60000000;CLP;1 dormitorio;1 baño;35 m² útiles;1 dormitorio | 1 baño | 35 m² útiles;Alameda, San Alberto Hurtado, Estación Central;;-33.452344;-70.6790609;Alameda, Estación Central, Santiago, Chile
2025-11-29 17:46:25;Estación Central;departamento;Hermoso Departamento En Venta En Santiago;1200;CLF;1 dormitorio;1 baño;17 m² útiles;1 dormitorio | 1 baño | 17 m² útiles;Carlos Pezoa Véliz, Estación Central, Chile, Estación Central;;-33.45575955203821;-70.70305514685388;Carlos Pezoa Véliz, Estación Central, Santiago, Chile
2025-11-29 17:46:25;Estación Central;departamento;Departamento 1 Habitacion Y Bodega - San Alberto Hurtado;2250;CLF;1 dormitorio;1 baño;37 m² útiles;1 dormitorio | 1 baño | 37 m² útiles;Apostol Santiago 32, Estacion Central, San Alberto Hurtado, Estación Central;;-33.451221849999996;-70.69302512848441;Apostol Santiago 32, Estación Central, Santiago, Chile
2025-11-29 17:46:25;Estación Central;departamento;Departamento Radal 1 Dormitorio;1500;CLF;1 dormitorio;1 baño;33 m² útiles;1 dormitorio | 1 baño | 33 m² útiles;Radal Del Obispo Francisco Anabalón Duarte 0102, Quinta Normal, Estación Central, Chile, Metro Ecuador, Estación Central;;-33.45519585;-70.70162865;Radal Del Obispo Francisco Anabalón Duarte 0102, Estación Central, Santiago, Chile
2025-11-29 17:46:25;Estación Central;departamento;Espectacular Departamento Para Inversión;2500;CLF;2 dormitorios;1 baño;46 m² útiles;2 dormitorios | 1 baño | 46 m² útiles;Avenida Ecuador 4678, Estación Central, Chile, Metro Ecuador, Estación Central;;-33.454033300000006;-70.69986985433258;Avenida Ecuador 4678, Estación Central, Santiago, Chile
2025-11-29 17:46:25;Estación Central;departamento;Departamento Moderno 1 Dorm 1 Baño Mas Bodega, Metro Ecuado;2090;CLF;1 dormitorio;1 baño;31 m² útiles;1 dormitorio | 1 baño | 31 m² útiles;Recreo 250, Santiago, Estación Central, Chile, San Alberto Hurtado, Estación Central;;-33.45757125;-70.69572436559417;Recreo 250, Estación Central, Santiago, Chile
2025-11-29 17:46:25;Estación Central;departamento;Rebajado!!!! ,venta De Departamento, Perfecto Para Inversion;2050;CLF;1 dormitorio;1 baño;32 m² útiles;1 dormitorio | 1 baño | 32 m² útiles;Nor-oriente, San Alberto Hurtado, Estación Central;;-33.4536375;-70.6898654;Nor-oriente, Estación Central, Santiago, Chile
2025-11-29 17:46:25;Estación Central;departamento;Se Vende Dpto Home Studio, Estacion Central;38000000;CLP;1 dormitorio;1 baño;18 m² totales;1 dormitorio | 1 baño | 18 m² totales;Blanco Garces 154, Estación Central;;-33.4503604;-70.69800392785399;Blanco Garces 154, Estación Central, Santiago, Chile
2025-11-29 17:46:25;Estación Central;departamento;Oportunidad!!! Ideal Para Inversionistas, Estación Central;1800;CLF;1 dormitorio;1 baño;30 m² útiles;1 dormitorio | 1 baño | 30 m² útiles;Nicasio Retamales 115, Estación Central, Chile, Universidad De Santiago, Estación Central;;-33.45184457916666;-70.68966457083333;Nicasio Retamales 115, Estación Central, Santiago, Chile
2025-11-29 17:46:25;Estación Central;departamento;Excelente Dpto. En Calle Ecuador. Estación Central;1780;CLF;3 dormitorios;1 baño;49 m² útiles;3 dormitorios | 1 baño | 49 m² útiles;Avenida Ecuador 5065, Estación Central, Chile, Metro Las Rejas, Estación Central;;-33.454621;-70.70335075450606;Avenida Ecuador 5065, Estación Central, Santiago, Chile
2025-11-29 17:46:25;Estación Central;departamento;Precio Rebajado Impecable Metro Ecuador (inversionista);3000;CLF;2 dormitorios;1 baño;45 m² útiles;2 dormitorios | 1 baño | 45 m² útiles;Cercano Metro Ecuador, Metro Las Rejas, Estación Central;;-33.4559226;-70.6997325;Cercano Ecuador, Estación Central, Santiago, Chile
2025-11-29 17:46:25;Estación Central;departamento;2 Dormitorios, 2 Baños, Calle Obispo Umaña, Metro Usach;2400;CLF;2 dormitorios;2 baños;45 m² útiles;2 dormitorios | 2 baños | 45 m² útiles;Metro Universidad De Santiago, Universidad De Santiago, Estación Central;;-33.4489016;-70.68162370843888;Universidad De Santiago, Estación Central, Santiago, Chile
2025-11-29 17:46:25;Estación Central;departamento;Oportunidad De Inversión Venta De Departamentos 1 Y 2 Dormi;2350;CLF;2 dormitorios;2 baños;48 m² útiles;2 dormitorios | 2 baños | 48 m² útiles;Concón 165, Estación Central, Chile, San Alberto Hurtado, Estación Central;;-33.45307246666667;-70.6964683;Concón 165, Estación Central, Santiago, Chile
2025-11-29 17:46:25;Estación Central;departamento;Rebajadisimo!!! Av. María Rozas Velásquez 51;50000000;CLP;1 dormitorio;1 baño;27 m² útiles;1 dormitorio | 1 baño | 27 m² útiles;Av. María Rozas Velásquez 51, Metro Las Rejas, Estación Central;;-33.45442295;-70.7056221847387;Av. María Rozas Velásquez 51, Estación Central, Santiago, Chile
2025-11-29 17:46:25;Estación Central;departamento;Se Vende Home Estudio Estación Central;37000000;CLP;;1 baño;18 m² totales;1 baño | 18 m² totales;Conde Del Maule, San Alberto Hurtado, Estación Central;;-33.45338413192823;-70.69449248051292;Conde Del Maule, Estación Central, Santiago, Chile
2025-11-29 17:46:25;Estación Central;departamento;Oportunidad De Inversión A Pasos De Metro Ecuador;1700;CLF;1 dormitorio;1 baño;30 m² útiles;1 dormitorio | 1 baño | 30 m² útiles;Conde Del Maule 4470, San Alberto Hurtado, Estación Central;;-33.45425975;-70.69673889184014;Conde Del Maule 4470, Estación Central, Santiago, Chile
2025-11-29 17:46:25;Estación Central;departamento;Conde El Maule, Incluye Bodega;1600;CLF;1 dormitorio;1 baño;30 m² útiles;1 dormitorio | 1 baño | 30 m² útiles;4325, Conde Del Maule, San Alberto Hurtado, Estación Central;;-33.453373150000004;-70.69573437672085;4325, Estación Central, Santiago, Chile
2025-11-29 17:46:25;Estación Central;departamento;Se Vende Dpto Home Studio, Maria Rosas Velasquez, Estacion C;37000000;CLP;1 dormitorio;1 baño;18 m² totales;1 dormitorio | 1 baño | 18 m² totales;Maria Rosas Velasquez 61, Estación Central;;-33.4537755;-70.70570847947258;Maria Rosas Velasquez 61, Estación Central, Santiago, Chile
2025-11-29 17:46:25;Estación Central;departamento;Se Vende Dpto 1 Dormitorio, Estacion Central;1300;CLF;1 dormitorio;1 baño;45 m² útiles;1 dormitorio | 1 baño | 45 m² útiles;Maria Rosas Velasquez 65, Metro Las Rejas, Estación Central;;-33.453458999999995;-70.70575666155817;Maria Rosas Velasquez 65, Estación Central, Santiago, Chile
2025-11-29 17:46:25;Estación Central;departamento;Venta Estudio Estacion Central San Alberto Hurtado;900;CLF;;1 baño;24 m² útiles;1 baño | 24 m² útiles;Toro Mazotte 110, San Alberto Hurtado, Estación Central;;-33.4561216;-70.69120585222294;Toro Mazotte 110, Estación Central, Santiago, Chile
2025-11-29 17:46:25;Estación Central;departamento;Vende Departamento A Pasos Del Metro Santiago;1400;CLF;1 dormitorio;1 baño;35 m² útiles;1 dormitorio | 1 baño | 35 m² útiles;Nicasio Retamales 115, Santiago, Estación Central, Chile, Universidad De Santiago, Estación Central;;-33.45184457916666;-70.68966457083333;Nicasio Retamales 115, Estación Central, Santiago, Chile
2025-11-29 17:46:25;Estación Central;departamento;Metro Alberto Hurtado -  2d,2b, Est Y Bod;2600;CLF;2 dormitorios;1 baño;42 m² útiles;2 dormitorios | 1 baño | 42 m² útiles;Avenida Alberto Hurtado 59, Estación Central, Chile, San Alberto Hurtado, Estación Central;;-33.4550675;-70.69104505;Avenida Alberto Hurtado 59, Estación Central, Santiago, Chile
2025-11-29 17:46:25;Estación Central;departamento;Oportunidad Inversionista Impecable Metro Ecuador;1400;CLF;1 dormitorio;1 baño;29 m² útiles;1 dormitorio | 1 baño | 29 m² útiles;Metro Ecuador, Metro Ecuador, Estación Central;;-33.4559226;-70.6997325;Ecuador, Estación Central, Santiago, Chile
2025-11-29 17:46:25;Estación Central;departamento;Venta Departamento 1 Dormitorio Estudio Estación Central;38000000;CLP;1 dormitorio;1 baño;25 m² totales;1 dormitorio | 1 baño | 25 m² totales;Toro Mazotte 76, Estación Central, San Alberto Hurtado, Estación Central;;-33.455381;-70.69151716262756;Toro Mazotte 76, Estación Central, Santiago, Chile
2025-11-29 17:46:25;Estación Central;departamento;Compra 1, 2 O 3 Departamentos  Rentabilidad Inmediata;1000;CLF;1 dormitorio;1 baño;29 m² útiles;1 dormitorio | 1 baño | 29 m² útiles;Santa Petronila 32, Estación Central, Chile, Metro Las Rejas, Estación Central;;-33.45395685;-70.70490686904479;Santa Petronila 32, Estación Central, Santiago, Chile
2025-11-29 17:46:25;Estación Central;departamento;"Atención Inversionistas; Departamento 1d/1b En Venta En Esta";1850;CLF;1 dormitorio;1 baño;31 m² totales;1 dormitorio | 1 baño | 31 m² totales;Av. Libertador Bernardo O´Higgins 4877, Estación Central, Metro Ecuador, Estación Central;;-33.4560653;-70.70227466508047;Av. Libertador Bernardo O´Higgins 4877, Estación Central, Santiago, Chile
2025-11-29 17:46:25;Estación Central;departamento;Departamento En Venta, Metro Ecuador, Estación Central;41000000;CLP;1 dormitorio;1 baño;30 m² totales;1 dormitorio | 1 baño | 30 m² totales;CALLE RADAL N° 018, Metro Ecuador, Estación Central;;-33.45581125;-70.70141883048029;CALLE RADAL N° 018, Estación Central, Santiago, Chile
2025-11-29 17:47:26;Estación Central;departamento;Dpto Tipo Estudio En Venta;900;CLF;1 dormitorio;1 baño;22 m² totales;1 dormitorio | 1 baño | 22 m² totales;Conde Del Maule 4642, Metro Ecuador, Estación Central;;-33.455249800000004;-70.7005326601452;Conde Del Maule 4642, Estación Central, Santiago, Chile
2025-11-29 17:47:26;Estación Central;departamento;Depto 2d1b Con Renta Y Alta Rentabilidad;2200;CLF;2 dormitorios;1 baño;42 m² útiles;2 dormitorios | 1 baño | 42 m² útiles;Santa Petronila, 1 - 300, Estación Central;;-33.450666050424914;-70.70481665135743;Santa Petronila, Estación Central, Santiago, Chile
2025-11-29 17:47:26;Estación Central;departamento;Airbnb Arriendo Diario Metro San Alberto Hurtado;2700;CLF;2 dormitorios;2 baños;42 m² útiles;2 dormitorios | 2 baños | 42 m² útiles;Apostol Santiago 32, Estación Central;;-33.451221849999996;-70.69302512848441;Apostol Santiago 32, Estación Central, Santiago, Chile
2025-11-29 17:47:26;Estación Central;departamento;Departamento En Venta En Estación Central;1700;CLF;1 dormitorio;1 baño;36 m² útiles;1 dormitorio | 1 baño | 36 m² útiles;Av. Apóstol Santiago 32, Estación Central, San Alberto Hurtado, Estación Central;;-33.451221849999996;-70.69302512848441;Av. Apóstol Santiago 32, Estación Central, Santiago, Chile
2025-11-29 17:47:26;Estación Central;departamento;Departamento En Venta En Estación Central;49000000;CLP;;1 baño;30 m² útiles;1 baño | 30 m² útiles;IMPECABLE ESTUDIO A MEDIA CUADRA DE METRO ECUADOR , ESTACION CENTRAL, Metro Ecuador, Estación Central;;-33.45366215454472;-70.69974303036932;IMPECABLE ESTUDIO A MEDIA CUADRA DE ECUADOR, Estación Central, Santiago, Chile
2025-11-29 17:47:26;Estación Central;departamento;Mariposa 2d 2b;2190;CLF;2 dormitorios;2 baños;50 m² útiles;2 dormitorios | 2 baños | 50 m² útiles;Conde Del Maule 4521, 1 - 300, Metro Ecuador, Estación Central;;-33.45390665;-70.6977615735426;Conde Del Maule 4521, Estación Central, Santiago, Chile
2025-11-29 17:47:26;Estación Central;departamento;Vende Sin Comisión ;2400;CLF;2 dormitorios;1 baño;48 m² útiles;2 dormitorios | 1 baño | 48 m² útiles;Metro Ecuador, Metro Las Rejas, Estación Central;;-33.4559226;-70.6997325;Ecuador, Estación Central, Santiago, Chile
2025-11-29 17:47:26;Estación Central;departamento;Departamento En Venta De 1 Dorm. En Estación Central;1590;CLF;1 dormitorio;1 baño;31 m² útiles;1 dormitorio | 1 baño | 31 m² útiles;Metro Pila Del Ganso, Clinicas, Uniniversidades, Comercio, Conectividad, San Alberto Hurtado, Estación Central;;-33.4528554;-70.6865552;Pila Del Ganso, Estación Central, Santiago, Chile
2025-11-29 17:47:26;Estación Central;departamento;Estacion Central - Metro Ecuador;115000000;CLP;2 dormitorios;2 baños;50 m² útiles;2 dormitorios | 2 baños | 50 m² útiles;Matro Ecuador, Metro Las Rejas, Estación Central;;-33.4559226;-70.6997325;Matro Ecuador, Estación Central, Santiago, Chile
2025-11-29 17:47:26;Estación Central;departamento;Departamento En Venta De 1 Dorm. En Estación Central;1990;CLF;1 dormitorio;1 baño;30 m² útiles;1 dormitorio | 1 baño | 30 m² útiles;Coronel Souper 4171, San Alberto Hurtado, Estación Central;;-33.45695645;-70.69224955499838;Coronel Souper 4171, Estación Central, Santiago, Chile
2025-11-29 17:47:26;Estación Central;departamento;Venta Sin Comisión ;2550;CLF;2 dormitorios;1 baño;48 m² útiles;2 dormitorios | 1 baño | 48 m² útiles;Metro Ecuador, Metro Ecuador, Estación Central;;-33.4559226;-70.6997325;Ecuador, Estación Central, Santiago, Chile
2025-11-29 17:47:26;Estación Central;departamento;¡oportunidad De Inversión En Estación Central!;2290;CLF;2 dormitorios;1 baño;40 m² útiles;2 dormitorios | 1 baño | 40 m² útiles;., San Alberto Hurtado, Estación Central;;-33.4536375;-70.6898654;., Estación Central, Santiago, Chile
2025-11-29 17:47:26;Estación Central;departamento;Liquidación Bancaria! Depto Estación Central;1465;CLF;1 dormitorio;1 baño;29 m² útiles;1 dormitorio | 1 baño | 29 m² útiles;Coronel Souper 4058, San Alberto Hurtado, Estación Central;;-33.45710335217392;-70.69072319782609;Coronel Souper 4058, Estación Central, Santiago, Chile
2025-11-29 17:47:26;Estación Central;departamento;Venta De Departamento, Coronel Souper 4171;2200;CLF;1 dormitorio;1 baño;32 m² útiles;1 dormitorio | 1 baño | 32 m² útiles;ENTRE CALLES: TORO MAZOTE / CORONEL GODOY, San Alberto Hurtado, Estación Central;;-33.4569574;-70.6913712;ENTRE CALLES: TORO MAZOTE / CORONEL GODOY, Estación Central, Santiago, Chile
2025-11-29 17:47:26;Estación Central;departamento;Liquidación Bancaria! Depto 2d 2b Estación Central;2112;CLF;2 dormitorios;2 baños;46 m² útiles;2 dormitorios | 2 baños | 46 m² útiles;Conde Del Maule 4106, San Alberto Hurtado, Estación Central;;-33.453338599999995;-70.69272341819416;Conde Del Maule 4106, Estación Central, Santiago, Chile
2025-11-29 17:47:26;Estación Central;departamento;Excelente Departamento Mariposa;2850;CLF;2 dormitorios;2 baños;55 m² útiles;2 dormitorios | 2 baños | 55 m² útiles;Av. María Rozas Velásquez 45, Estación Central, Metro Las Rejas, Estación Central;;-33.4501577831486;-70.70680027112631;Av. María Rozas Velásquez 45, Estación Central, Santiago, Chile
2025-11-29 17:47:26;Estación Central;departamento;Venta Departamento 1 Dormitorio 1 Baño 1est Metro U Santiago;1990;CLF;1 dormitorio;1 baño;33 m² útiles;1 dormitorio | 1 baño | 33 m² útiles;Ecuador 3866, San Alberto Hurtado, Estación Central;;-33.4559226;-70.6997325;Ecuador 3866, Estación Central, Santiago, Chile
2025-11-29 17:47:26;Estación Central;departamento;Nicasio Retamales - San Alberto Hurtado, Estación Central;2500;CLF;2 dormitorios;1 baño;35 m² útiles;2 dormitorios | 1 baño | 35 m² útiles;Nicasio Retamales - San Alberto Hurtado, Estación Central, Universidad De Santiago, Estación Central;;-33.4542019;-70.6922721;Nicasio Retamales - San Alberto Hurtado, Estación Central, Santiago, Chile
2025-11-29 17:47:26;Estación Central;departamento;Venta Depto 2d1b Est Y Bod Metro Ecuador Estacion Central;1800;CLF;2 dormitorios;1 baño;43 m² útiles;2 dormitorios | 1 baño | 43 m² útiles;Radal 0102, Estación Central, Metro Ecuador, Estación Central;;-33.45519585;-70.70162865;Radal 0102, Estación Central, Santiago, Chile
2025-11-29 17:47:26;Estación Central;departamento;Departamento En Venta De 2 Dorm. En Estación Central;74900000;CLP;2 dormitorios;2 baños;52 m² útiles;2 dormitorios | 2 baños | 52 m² útiles;Radal 18, Metro Ecuador, Estación Central;;-33.45600867692308;-70.70132182307692;Radal 18, Estación Central, Santiago, Chile
2025-11-29 17:47:26;Estación Central;departamento;Gran Oportunidad De Venta Depto En Fabuloso Estado ;70000000;CLP;3 dormitorios;1 baño;55 m² útiles;3 dormitorios | 1 baño | 55 m² útiles;TITAN, Metro Las Rejas, Estación Central;;-33.45911165;-70.7036824732478;TITAN, Estación Central, Santiago, Chile
2025-11-29 17:47:26;Estación Central;departamento;Dpto Inversion ,5 Años Antiguo,studio Metro Las Rejas E. Cen;1228;CLF;1 dormitorio;1 baño;42 m² útiles;1 dormitorio | 1 baño | 42 m² útiles;DPTO INVERSION ,5 AÑOS ANTIGUO,STUDIO METRO LAS REJAS EST. CENTRAL, Metro Las Rejas, Estación Central;;-33.4536375;-70.6898654;DPTO INVERSION, Estación Central, Santiago, Chile
2025-11-29 17:47:26;Estación Central;departamento;Estacion Central - Villa Portales;105000000;CLP;3 dormitorios;2 baños;;3 dormitorios | 2 baños;Villa Portales, Universidad De Santiago, Estación Central;;-33.4489016;-70.68162370843888;Villa Portales, Estación Central, Santiago, Chile
2025-11-29 17:47:26;Estación Central;departamento;Liquidación Bancaria! Depto Estación Central;1767;CLF;1 dormitorio;1 baño;32 m² útiles;1 dormitorio | 1 baño | 32 m² útiles;Conde Del Maule 4106, San Alberto Hurtado, Estación Central;;-33.453338599999995;-70.69272341819416;Conde Del Maule 4106, Estación Central, Santiago, Chile
2025-11-29 17:47:26;Estación Central;departamento;Departamento En Venta De 1 Dorm. En Estación Central;1840;CLF;1 dormitorio;1 baño;26 m² útiles;1 dormitorio | 1 baño | 26 m² útiles;Metro San Alberto Hurtado, San Alberto Hurtado, Estación Central;;-33.4542019;-70.6922721;San Alberto Hurtado, Estación Central, Santiago, Chile
2025-11-29 17:47:26;Estación Central;departamento;Departamento En Venta De 1 Dorm. En Estación Central;45000000;CLP;1 dormitorio;1 baño;33 m² útiles;1 dormitorio | 1 baño | 33 m² útiles;Nicasio Retamales, San Alberto Hurtado, Estación Central;;-33.46037484410827;-70.68795307430338;Nicasio Retamales, Estación Central, Santiago, Chile
2025-11-29 17:47:26;Estación Central;departamento;Departamento En Venta De 2 Dorm. En Estación Central;2100;CLF;2 dormitorios;1 baño;;2 dormitorios | 1 baño;Conde Del Maule 4470, San Alberto Hurtado, Estación Central;;-33.45425975;-70.69673889184014;Conde Del Maule 4470, Estación Central, Santiago, Chile
2025-11-29 17:47:26;Estación Central;departamento;Depto En Venta De 1 Dorm. En Est. Central / 36m2 + Terraza;1700;CLF;1 dormitorio;1 baño;36 m² útiles;1 dormitorio | 1 baño | 36 m² útiles;Placilla / Metro San Alberto Hurtado, San Alberto Hurtado, Estación Central;;-33.4542019;-70.6922721;Placilla / San Alberto Hurtado, Estación Central, Santiago, Chile
2025-11-29 17:47:26;Estación Central;departamento;"Depto En Venta De 1 Dorm. En Est. Central / 36m2 &#43; Terra";1700;CLF;1 dormitorio;1 baño;36 m² útiles;1 dormitorio | 1 baño | 36 m² útiles;Placilla / Metro San Alberto Hurtado, San Alberto Hurtado, Estación Central;;-33.4542019;-70.6922721;Placilla / San Alberto Hurtado, Estación Central, Santiago, Chile
2025-11-29 17:47:26;Estación Central;departamento;Dpto Inversion ,4 Años Antiguo,1d 1b Metro Las Rejas Est. C;1375;CLF;1 dormitorio;1 baño;52 m² útiles;1 dormitorio | 1 baño | 52 m² útiles;DPTO INVERSION ,5 AÑOS ANTIGUO,1D 1B METRO LAS REJAS EST. CENTRAL, Metro Las Rejas, Estación Central;;-33.4536375;-70.6898654;DPTO INVERSION, Estación Central, Santiago, Chile
2025-11-29 17:47:26;Estación Central;departamento;Departamento Inversion Studio Metro Las Rejas;1416;CLF;1 dormitorio;1 baño;30 m² útiles;1 dormitorio | 1 baño | 30 m² útiles;DEPARTAMENTO INVERSION STUDIO METRO LAS REJAS, Metro Las Rejas, Estación Central;;-33.4575386;-70.7067561;INVERSION STUDIO LAS REJAS, Estación Central, Santiago, Chile
2025-11-29 17:47:26;Estación Central;departamento;Venta Depto 1d1b Estacionamiento Metro Las Rejas Est Central;1700;CLF;1 dormitorio;1 baño;31 m² útiles;1 dormitorio | 1 baño | 31 m² útiles;Maria Rozas Velasquez 61, Estación Central, Metro Las Rejas, Estación Central;;-33.4537755;-70.70570847947258;Maria Rozas Velasquez 61, Estación Central, Santiago, Chile
2025-11-29 17:47:26;Estación Central;departamento;Departamento En Venta En Estación Central;950;CLF;1 dormitorio;1 baño;25 m² útiles;1 dormitorio | 1 baño | 25 m² útiles;Toro Mazote/Alameda (Metro Padre Hurtado), San Alberto Hurtado, Estación Central;;-33.46213055;-70.68674986582633;Toro Mazote/Alameda ( Padre Hurtado), Estación Central, Santiago, Chile
2025-11-29 17:47:26;Estación Central;departamento;Departamento En Venta En Barrio Parque Santiago;60000000;CLP;1 dormitorio;1 baño;38 m² útiles;1 dormitorio | 1 baño | 38 m² útiles;METRO LAS REJAS, Metro Las Rejas, Estación Central;;-33.4575386;-70.7067561;LAS REJAS, Estación Central, Santiago, Chile
2025-11-29 17:47:26;Estación Central;departamento;Depto. 1d + 1b En Santiago En Venta [id: W294];2100;CLF;1 dormitorio;1 baño;36 m² útiles;1 dormitorio | 1 baño | 36 m² útiles;Avenida Las Torres 285, Metro Pajaritos, Estación Central;;-33.4575386;-70.7067561;Avenida Las Torres 285, Estación Central, Santiago, Chile
2025-11-29 17:47:26;Estación Central;departamento;Buena Inversión - Metro Ecuador;2200;CLF;1 dormitorio;1 baño;33 m² útiles;1 dormitorio | 1 baño | 33 m² útiles;Av Ecuador - Abtao, Metro Ecuador, Estación Central;;-33.4559226;-70.6997325;Av Ecuador - Abtao, Estación Central, Santiago, Chile
2025-11-29 17:47:26;Estación Central;departamento;Departamento En Venta De 1 Dorm. En Estación Central;49900000;CLP;1 dormitorio;1 baño;30 m² útiles;1 dormitorio | 1 baño | 30 m² útiles;3 Deptos Disponibles, Metro Las Rejas, Estación Central;;-33.4489016;-70.68162370843888;3 Deptos Disponibles, Estación Central, Santiago, Chile
2025-11-29 17:47:26;Estación Central;departamento;Conde Del Maule, Estación Central;2200;CLF;2 dormitorios;1 baño;52 m² útiles;2 dormitorios | 1 baño | 52 m² útiles;Conde Del Maule, Estación Central, Metro Ecuador, Estación Central;;-33.45338413192823;-70.69449248051292;Conde Del Maule, Estación Central, Santiago, Chile
2025-11-29 17:47:26;Estación Central;departamento;En Venta Departamento Buzo Sobenes Est. Central;48000000;CLP;1 dormitorio;1 baño;32 m² útiles;1 dormitorio | 1 baño | 32 m² útiles;DEPARTAMENTO 1 DORMITORIO BUZO SOBENES MARGOT, San Alberto Hurtado, Estación Central;;-33.44997126471682;-70.69572294298075;1 DORMITORIO BUZO SOBENES MARGOT, Estación Central, Santiago, Chile
2025-11-29 17:47:26;Estación Central;departamento;Oportunidad Venta Departamento Estación Central;1900;CLF;2 dormitorios;1 baño;42 m² útiles;2 dormitorios | 1 baño | 42 m² útiles;San Gumercindo, San Alberto Hurtado, Estación Central;;-33.44838806320749;-70.69494154668787;San Gumercindo, Estación Central, Santiago, Chile
2025-11-29 17:47:26;Estación Central;departamento;Departamento En Venta De 1 Dorm. En Estación Central;1700;CLF;1 dormitorio;1 baño;35 m² útiles;1 dormitorio | 1 baño | 35 m² útiles;Radal 0102, Metro Ecuador, Estación Central;;-33.45519585;-70.70162865;Radal 0102, Estación Central, Santiago, Chile
2025-11-29 17:47:26;Estación Central;departamento;Departamentos En Venta (4) -1d Estación Central Imperdible!!;1900;CLF;1 dormitorio;1 baño;34 m² útiles;1 dormitorio | 1 baño | 34 m² útiles;RADAL, Metro Ecuador, Estación Central;;-33.45623561595505;-70.70110417417816;RADAL, Estación Central, Santiago, Chile
2025-11-29 17:47:26;Estación Central;departamento;Venta Depto 1d1b Bodega Metro Ecuador Estacion Central ;51000000;CLP;1 dormitorio;1 baño;31 m² útiles;1 dormitorio | 1 baño | 31 m² útiles;Radal 0102, Estación Central, Metro Ecuador, Estación Central;;-33.45519585;-70.70162865;Radal 0102, Estación Central, Santiago, Chile
2025-11-29 17:48:51;Estación Central;departamento;Venta Depto 1d1b Bodega Metro Ecuador Estacion Central ;51000000;CLP;1 dormitorio;1 baño;31 m² útiles;1 dormitorio | 1 baño | 31 m² útiles;Radal 0102, Estación Central, Metro Ecuador, Estación Central;;-33.45519585;-70.70162865;Radal 0102, Estación Central, Santiago, Chile
2025-11-29 17:48:51;Estación Central;departamento;Departamento En Venta De 2 Dorm. En Estación Central;49999000;CLP;2 dormitorios;1 baño;40 m² útiles;2 dormitorios | 1 baño | 40 m² útiles;Jeremias, Estación Central;;-33.470571044751516;-70.7039174080367;Jeremias, Estación Central, Santiago, Chile
2025-11-29 17:48:51;Estación Central;departamento;Compra Con Subsidio - Excelente Oportunidad ;2484;CLF;2 dormitorios;2 baños;44 m² útiles;2 dormitorios | 2 baños | 44 m² útiles;COMPRA CON SUBSIDIO - EXCELENTE OPORTUNIDAD, Metro Las Rejas, Estación Central;;-33.46367455;-70.68792622513908;COMPRA CON SUBSIDIO - EXCELENTE OPORTUNIDAD, Estación Central, Santiago, Chile
2025-11-29 17:48:51;Estación Central;departamento;Coronel Godoy A Pasos Del Metro San Alberto Hurtado;1300;CLF;;1 baño;26 m² útiles;1 baño | 26 m² útiles;CORONEL GODOY A PASOS DEL METRO SAN ALBERTO HURTADO, San Alberto Hurtado, Estación Central;;-33.4542019;-70.6922721;CORONEL GODOY A PASOS DEL SAN ALBERTO HURTADO, Estación Central, Santiago, Chile
2025-11-29 17:48:51;Estación Central;departamento;Atención Inversionistas;1340;CLF;1 dormitorio;1 baño;26 m² útiles;1 dormitorio | 1 baño | 26 m² útiles;ATENCIÓN INVERSIONISTAS, Universidad De Santiago, Estación Central;;-33.4536375;-70.6898654;ATENCIÓN INVERSIONISTAS, Estación Central, Santiago, Chile
2025-11-29 17:48:51;Estación Central;departamento;Oportunidad, Venta Dpto. Con Estac. Incluido;1700;CLF;1 dormitorio;1 baño;29 m² útiles;1 dormitorio | 1 baño | 29 m² útiles;OPORTUNIDAD, VENTA DPTO. CON ESTAC. INCLUIDO, Universidad De Santiago, Estación Central;;-33.4536375;-70.6898654;OPORTUNIDAD, Estación Central, Santiago, Chile
2025-11-29 17:48:51;Estación Central;departamento;Dpto.  Metro Alberto Hurtado;1600;CLF;1 dormitorio;1 baño;31 m² útiles;1 dormitorio | 1 baño | 31 m² útiles;DPTO.  METRO ALBERTO HURTADO, San Alberto Hurtado, Estación Central;;-33.4542019;-70.6922721;DPTO. ALBERTO HURTADO, Estación Central, Santiago, Chile
2025-11-29 17:48:51;Estación Central;departamento;Metro San Alberto Hurtado;1600;CLF;1 dormitorio;1 baño;30 m² útiles;1 dormitorio | 1 baño | 30 m² útiles;METRO SAN ALBERTO HURTADO, San Alberto Hurtado, Estación Central;;-33.4542019;-70.6922721;SAN ALBERTO HURTADO, Estación Central, Santiago, Chile
2025-11-29 17:48:51;Estación Central;departamento;Cercano A Metro San Alberto Hurtado Sin Comision Inicial;1800;CLF;1 dormitorio;1 baño;31 m² útiles;1 dormitorio | 1 baño | 31 m² útiles;CERCANO A METRO SAN ALBERTO HURTADO SIN COMISION INICIAL, San Alberto Hurtado, Estación Central;;-33.4542019;-70.6922721;CERCANO A SAN ALBERTO HURTADO SIN COMISION INICIAL, Estación Central, Santiago, Chile
2025-11-29 17:48:51;Estación Central;departamento;Departamento Nuevo  En Venta  ;2250;CLF;2 dormitorios;2 baños;44 m² útiles;2 dormitorios | 2 baños | 44 m² útiles;DEPARTAMENTO NUEVO  EN VENTA, San Alberto Hurtado, Estación Central;;-33.47138688330712;-70.67912937346887;NUEVO EN VENTA, Estación Central, Santiago, Chile
2025-11-29 17:48:51;Estación Central;departamento;Coronel Souper, Metro San Alberto;2750;CLF;2 dormitorios;1 baño;45 m² útiles;2 dormitorios | 1 baño | 45 m² útiles;CORONEL SOUPER, METRO SAN ALBERTO, San Alberto Hurtado, Estación Central;;-33.4587970769033;-70.6976990807524;CORONEL SOUPER, Estación Central, Santiago, Chile
2025-11-29 17:48:51;Estación Central;departamento;Nicasio Retamales/ Ecuador;1800;CLF;1 dormitorio;1 baño;32 m² útiles;1 dormitorio | 1 baño | 32 m² útiles;NICASIO RETAMALES/ ECUADOR, Universidad De Santiago, Estación Central;;-33.4559226;-70.6997325;NICASIO RETAMALES/ ECUADOR, Estación Central, Santiago, Chile
2025-11-29 17:48:51;Estación Central;departamento;Metro U. De Santiago, Estación Central;1490;CLF;;1 baño;27 m² útiles;1 baño | 27 m² útiles;METRO U. DE SANTIAGO, ESTACIÓN CENTRAL, Universidad De Santiago, Estación Central;;-33.4489016;-70.68162370843888;U. DE SANTIAGO, Estación Central, Santiago, Chile
2025-11-29 17:48:51;Estación Central;departamento;Departamento En Venta En Estación Central Con Balcón;1700;CLF;1 dormitorio;1 baño;29 m² útiles;1 dormitorio | 1 baño | 29 m² útiles;NICASIO RETAMALES CON ALAMAEDA, ESTACION CENTRAL, Universidad De Santiago, Estación Central;;-33.458212903576616;-70.68794611608213;NICASIO RETAMALES CON ALAMAEDA, Estación Central, Santiago, Chile
2025-11-29 17:48:51;Estación Central;departamento;Metro Alberto Hurtado ;2590;CLF;2 dormitorios;2 baños;41 m² útiles;2 dormitorios | 2 baños | 41 m² útiles;METRO ALBERTO HURTADO, San Alberto Hurtado, Estación Central;;-33.4542019;-70.6922721;ALBERTO HURTADO, Estación Central, Santiago, Chile
2025-11-29 17:48:51;Estación Central;departamento;Coronel Souper, Metro San Alberto;1950;CLF;1 dormitorio;1 baño;32 m² útiles;1 dormitorio | 1 baño | 32 m² útiles;CORONEL SOUPER, METRO SAN ALBERTO, San Alberto Hurtado, Estación Central;;-33.4587970769033;-70.6976990807524;CORONEL SOUPER, Estación Central, Santiago, Chile
2025-11-29 17:48:51;Estación Central;departamento;Metro Padre Hurtado;1350;CLF;;1 baño;27 m² útiles;1 baño | 27 m² útiles;METRO PADRE HURTADO, Universidad De Santiago, Estación Central;;-33.46213055;-70.68674986582633;PADRE HURTADO, Estación Central, Santiago, Chile
2025-11-29 17:48:51;Estación Central;departamento;Amplio Depto De 2d+1b+est+bodg Cerca De Metro Las Rejas;1950;CLF;2 dormitorios;1 baño;45 m² útiles;2 dormitorios | 1 baño | 45 m² útiles;Sta. Petronila 1 - 300, Estación Central, Metro Las Rejas, Estación Central;;-33.4547012;-70.7043212;Sta. Petronila 1 - 300, Estación Central, Santiago, Chile
2025-11-29 17:48:51;Estación Central;departamento;Cómodo Depto De 1d+1b+est+bodg Cerca De Metro Las Rejas;1850;CLF;1 dormitorio;1 baño;33 m² útiles;1 dormitorio | 1 baño | 33 m² útiles;Av. María Rozas Velásquez 1 - 300, Santiago, Estación Central, Metro Las Rejas, Estación Central;;-33.4501577831486;-70.70680027112631;Av. María Rozas Velásquez 1 - 300, Estación Central, Santiago, Chile
2025-11-29 17:48:51;Estación Central;departamento;Oportunidad De Inversión - Estacion Central ;1810;CLF;1 dormitorio;1 baño;33 m² útiles;1 dormitorio | 1 baño | 33 m² útiles;OPORTUNIDAD DE INVERSIÓN - ESTACION CENTRAL, San Alberto Hurtado, Estación Central;;-33.4536375;-70.6898654;OPORTUNIDAD DE INVERSIÓN - ESTACION CENTRAL, Estación Central, Santiago, Chile
2025-11-29 17:48:51;Estación Central;departamento;Oportunidad Departamento Nuevo ;1790;CLF;1 dormitorio;1 baño;32 m² útiles;1 dormitorio | 1 baño | 32 m² útiles;OPORTUNIDAD DEPARTAMENTO NUEVO, San Alberto Hurtado, Estación Central;;-33.4536375;-70.6898654;OPORTUNIDAD NUEVO, Estación Central, Santiago, Chile
2025-11-29 17:48:51;Estación Central;departamento;Nicasio Retamales Con Estacionamiento // Ecuador;1750;CLF;1 dormitorio;1 baño;33 m² útiles;1 dormitorio | 1 baño | 33 m² útiles;NICASIO RETAMALES // ECUADOR, Universidad De Santiago, Estación Central;;-33.4559226;-70.6997325;NICASIO RETAMALES // ECUADOR, Estación Central, Santiago, Chile
2025-11-29 17:48:51;Estación Central;departamento;Metro Las Rejas;2580;CLF;1 dormitorio;1 baño;32 m² útiles;1 dormitorio | 1 baño | 32 m² útiles;METRO LAS REJAS, Metro Las Rejas, Estación Central;;-33.4575386;-70.7067561;LAS REJAS, Estación Central, Santiago, Chile
2025-11-29 17:48:51;Estación Central;departamento;Ideal Para Inversionistas, Depto. Estudio / Metro Las Rejas ;1500;CLF;1 dormitorio;1 baño;21 m² útiles;1 dormitorio | 1 baño | 21 m² útiles;Santa Petronila, Santiago, Estación Central, Chile, Metro Las Rejas, Estación Central;;-33.450666050424914;-70.70481665135743;Santa Petronila, Estación Central, Santiago, Chile
2025-11-29 17:48:51;Estación Central;departamento;A 2 Cuadras Metro Las Rejas;2100;CLF;1 dormitorio;1 baño;32 m² útiles;1 dormitorio | 1 baño | 32 m² útiles;A 2 CUADRAS METRO LAS REJAS, Metro Las Rejas, Estación Central;;-33.4575386;-70.7067561;A 2 CUADRAS LAS REJAS, Estación Central, Santiago, Chile
2025-11-29 17:48:51;Estación Central;departamento;Departamento En Venta En San Alberto Hurtado;2790;CLF;2 dormitorios;2 baños;45 m² útiles;2 dormitorios | 2 baños | 45 m² útiles;Placilla 046, Santiago, Estación Central, San Alberto Hurtado, Estación Central;;-33.4539635;-70.69516317598095;Placilla 046, Estación Central, Santiago, Chile
2025-11-29 17:48:51;Estación Central;departamento;Departamento En Venta De 2d, 1b, Est, En Estación Central;2099;CLF;2 dormitorios;1 baño;42 m² útiles;2 dormitorios | 1 baño | 42 m² útiles;Placilla, San Alberto Hurtado, Estación Central;;-33.45296935973518;-70.69530487940368;Placilla, Estación Central, Santiago, Chile
2025-11-29 17:48:51;Estación Central;departamento;Vendo Departamento En Estacion Central De 1 Dormito, 1baño ;1590;CLF;1 dormitorio;1 baño;35 m² útiles;1 dormitorio | 1 baño | 35 m² útiles;Radal, Metro Ecuador, Estación Central;;-33.45623561595505;-70.70110417417816;Radal, Estación Central, Santiago, Chile
2025-11-29 17:48:51;Estación Central;departamento;Nicasio Retamales/ Cnel. Souper;1690;CLF;1 dormitorio;1 baño;33 m² útiles;1 dormitorio | 1 baño | 33 m² útiles;CERCANO A METRO ALBERTO HURTADO Y MEDTRO U DE SANTIAGO, Universidad De Santiago, Estación Central;;-33.4542019;-70.6922721;CERCANO A ALBERTO HURTADO Y MEDTRO U DE SANTIAGO, Estación Central, Santiago, Chile
2025-11-29 17:48:51;Estación Central;departamento;Departamento En Venta 1dormitorio,1 Baño, Estación Central;1590;CLF;1 dormitorio;1 baño;35 m² útiles;1 dormitorio | 1 baño | 35 m² útiles;Radal, Metro Ecuador, Estación Central;;-33.45623561595505;-70.70110417417816;Radal, Estación Central, Santiago, Chile
2025-11-29 17:48:51;Estación Central;departamento;Metro Padre Hurtado;1790;CLF;1 dormitorio;1 baño;30 m² útiles;1 dormitorio | 1 baño | 30 m² útiles;METRO PADRE HURTADO, Universidad De Santiago, Estación Central;;-33.46213055;-70.68674986582633;PADRE HURTADO, Estación Central, Santiago, Chile
2025-11-29 17:48:51;Estación Central;departamento;Departamento En Venta En Estación Central;60000000;CLP;1 dormitorio;1 baño;28 m² útiles;1 dormitorio | 1 baño | 28 m² útiles;VENTA DEPARTAMENTO ESTACIÓN CENTRAL, Metro Las Rejas, Estación Central;;-33.45418545;-70.70069807888557;VENTA ESTACIÓN CENTRAL, Estación Central, Santiago, Chile
2025-11-29 17:48:51;Estación Central;departamento;Condominio Barrio Parque Santiago - Metro Las Rejas;2100;CLF;1 dormitorio;1 baño;40 m² útiles;1 dormitorio | 1 baño | 40 m² útiles;Titan 4900, Santiago, Estación Central, Chile, Metro Las Rejas, Estación Central;;-33.45944285;-70.70320906091632;Titan 4900, Estación Central, Santiago, Chile
2025-11-29 17:48:51;Estación Central;departamento;1 Dormitorio Piso 12 Coronel Sopuer, Estacion Central;2000;CLF;1 dormitorio;1 baño;2 m² útiles;1 dormitorio | 1 baño | 2 m² útiles;Cnel. Souper 4171, Estación Central, San Alberto Hurtado, Estación Central;;-33.45695645;-70.69224955499838;Cnel. Souper 4171, Estación Central, Santiago, Chile
2025-11-29 17:48:51;Estación Central;departamento;Radal Con Alameda;1200;CLF;1 dormitorio;1 baño;23 m² útiles;1 dormitorio | 1 baño | 23 m² útiles;RADAL CON ALAMEDA, Metro Ecuador, Estación Central;;-33.452344;-70.6790609;RADAL CON ALAMEDA, Estación Central, Santiago, Chile
2025-11-29 17:48:51;Estación Central;departamento;Barrio Parque Santiago - Próximo Metro Estación Las Rejas;1500;CLF;1 dormitorio;1 baño;40 m² útiles;1 dormitorio | 1 baño | 40 m² útiles;Titan 4900, Santiago, Estación Central, Chile, Metro Las Rejas, Estación Central;;-33.45944285;-70.70320906091632;Titan 4900, Estación Central, Santiago, Chile
2025-11-29 17:48:51;Estación Central;departamento;Metro U. De Santiago, Estación Central;999;CLF;;1 baño;27 m² útiles;1 baño | 27 m² útiles;METRO U. DE SANTIAGO, ESTACIÓN CENTRAL, Universidad De Santiago, Estación Central;;-33.4489016;-70.68162370843888;U. DE SANTIAGO, Estación Central, Santiago, Chile
2025-11-29 17:48:51;Estación Central;departamento;Departamento En Venta De 1 Dorm. En Estación Central;1980;CLF;1 dormitorio;1 baño;34 m² útiles;1 dormitorio | 1 baño | 34 m² útiles;Av. General Velásquez Con Porto Seguro, San Alberto Hurtado, Estación Central;;-33.4450591655641;-70.69197273308444;Av. General Velásquez Con Porto Seguro, Estación Central, Santiago, Chile
2025-11-29 17:48:51;Estación Central;departamento;Departamento En Venta De 1 Dorm. En Estación Central;62000000;CLP;1 dormitorio;1 baño;25 m² totales;1 dormitorio | 1 baño | 25 m² totales;CONDE DEL MAULE, Estación Central;;-33.45338413192823;-70.69449248051292;CONDE DEL MAULE, Estación Central, Santiago, Chile
2025-11-29 17:48:51;Estación Central;departamento;Departamento En Venta De 2 Dorm. En Estación Central;2990;CLF;2 dormitorios;2 baños;40 m² útiles;2 dormitorios | 2 baños | 40 m² útiles;Conde Del Maule, Metro Ecuador, Estación Central;;-33.45338413192823;-70.69449248051292;Conde Del Maule, Estación Central, Santiago, Chile
2025-11-29 17:48:51;Estación Central;departamento;Departamento En Venta De 2 Dorm. En Estación Central;92000000;CLP;2 dormitorios;2 baños;62 m² totales;2 dormitorios | 2 baños | 62 m² totales;AV VICTOR JARA CON AV PADRE ALBERTO HURTADO, Estación Central;;-33.453131299999995;-70.69109858975906;AV VICTOR JARA CON AV PADRE ALBERTO HURTADO, Estación Central, Santiago, Chile
2025-11-29 17:48:51;Estación Central;departamento;Departamento En Venta En Estación Central;65000000;CLP;1 dormitorio;1 baño;34 m² útiles;1 dormitorio | 1 baño | 34 m² útiles;CONCON, ESTACION CENTRAL,, San Alberto Hurtado, Estación Central;;-33.45432961320408;-70.69618793971267;CONCON, Estación Central, Santiago, Chile
2025-11-29 17:48:51;Estación Central;departamento;Departamento En Venta En Estación Central;2100;CLF;2 dormitorios;1 baño;40 m² útiles;2 dormitorios | 1 baño | 40 m² útiles;Coronel Souper, San Alberto Hurtado, Estación Central;;-33.4587970769033;-70.6976990807524;Coronel Souper, Estación Central, Santiago, Chile
2025-11-29 17:48:51;Estación Central;departamento;Departamento En Venta En Estación Central;2850;CLF;2 dormitorios;2 baños;49 m² útiles;2 dormitorios | 2 baños | 49 m² útiles;AV ECUADOR 3866 EDIF SCOTTO, Estación Central;;-33.45126965;-70.6895822006515;AV ECUADOR 3866 EDIF SCOTTO, Estación Central, Santiago, Chile
2025-11-29 17:48:51;Estación Central;departamento;Departamento En Venta De 1 Dorm. En Estación Central;1550;CLF;1 dormitorio;1 baño;34 m² útiles;1 dormitorio | 1 baño | 34 m² útiles;Alameda - Toro Mazote, San Alberto Hurtado, Estación Central;;-33.452344;-70.6790609;Alameda - Toro Mazote, Estación Central, Santiago, Chile
2025-11-29 17:48:51;Estación Central;departamento;Vende Dpto. 2d,2b,1e Y 1b, A Pasos De Metro, Estación Centra;1990;CLF;2 dormitorios;2 baños;49 m² útiles;2 dormitorios | 2 baños | 49 m² útiles;A Pasos Del Metro San Alberto Hurtado, San Alberto Hurtado, Estación Central;;-33.4542019;-70.6922721;A Pasos Del San Alberto Hurtado, Estación Central, Santiago, Chile
2025-11-29 17:48:51;Estación Central;departamento;Departamento En Venta De 2 Dorm. En Estación Central ;1951;CLF;2 dormitorios;2 baños;52 m² útiles;2 dormitorios | 2 baños | 52 m² útiles;Carlos Pezoa Véliz / Metro Ecuador, Metro Ecuador, Estación Central;;-33.45575955203821;-70.70305514685388;Carlos Pezoa Véliz / Ecuador, Estación Central, Santiago, Chile
2025-11-29 17:49:39;Estación Central;departamento;Departamento Metro Usach 2d 1b Estacionam Propio Y Bodega;99000000;CLP;2 dormitorios;1 baño;41 m² útiles;2 dormitorios | 1 baño | 41 m² útiles;Metro Usach, San Alberto Hurtado, Estación Central;;-33.44882825;-70.68131381043295;Usach, Estación Central, Santiago, Chile
2025-11-29 17:49:39;Estación Central;departamento;Departamento En Venta De 2 Dorm. En Estación Central;70000000;CLP;2 dormitorios;2 baños;51 m² útiles;2 dormitorios | 2 baños | 51 m² útiles;Padre Hurtado Con Av. Ecuador, Universidad De Santiago, Estación Central;;-33.56768475;-70.81533656908425;Padre Hurtado Con Av. Ecuador, Estación Central, Santiago, Chile
2025-11-29 17:49:39;Estación Central;departamento;Departamento En Venta De 2 Dorm. En Estación Central;2200;CLF;2 dormitorios;2 baños;50 m² útiles;2 dormitorios | 2 baños | 50 m² útiles;Estación De Metro Ecuador, Metro Ecuador, Estación Central;;-33.4559226;-70.6997325;Estación De Ecuador, Estación Central, Santiago, Chile
2025-11-29 17:49:39;Estación Central;departamento;Departamento En Venta De 3 Dorm. Estación Central / Concón;2078;CLF;3 dormitorios;1 baño;52 m² útiles;3 dormitorios | 1 baño | 52 m² útiles;Metro San Alberto Hurtado, San Alberto Hurtado, Estación Central;;-33.4542019;-70.6922721;San Alberto Hurtado, Estación Central, Santiago, Chile
2025-11-29 17:49:39;Estación Central;departamento;Departamento Venta 1 Dorm. Estación Central / Radal /bx/bd;1611;CLF;1 dormitorio;1 baño;32 m² útiles;1 dormitorio | 1 baño | 32 m² útiles;Radal / Metro Ecuador, Metro Ecuador, Estación Central;;-33.454144;-70.701819;Radal / Ecuador, Estación Central, Santiago, Chile
2025-11-29 17:49:39;Estación Central;departamento;Departamento En Venta De 2 Dorm. En Estación Central;3065;CLF;2 dormitorios;2 baños;53 m² útiles;2 dormitorios | 2 baños | 53 m² útiles;Av Pajaritos, Metro Pajaritos, Estación Central;;-33.468516;-70.7318084;Av Pajaritos, Estación Central, Santiago, Chile
2025-11-29 17:49:39;Estación Central;departamento;Departamento En Venta 1 Dorm. En Estación Central / Studio;1356;CLF;1 dormitorio;1 baño;20 m² útiles;1 dormitorio | 1 baño | 20 m² útiles;Sta. Petronila / Av. Ecuador, Estación Central;;-33.4551858;-70.7039451;Sta. Petronila / Av. Ecuador, Estación Central, Santiago, Chile
2025-11-29 17:49:39;Estación Central;departamento;Super Oferta Venta Departamento 2 Dormitorios Metro Usach;1585;CLF;2 dormitorios;1 baño;42 m² útiles;2 dormitorios | 1 baño | 42 m² útiles;Muy Cerca Del Metro De La Universidad De Santiago, Universidad De Santiago, Estación Central;;-33.4489016;-70.68162370843888;Muy Cerca Del De La Universidad De Santiago, Estación Central, Santiago, Chile
2025-11-29 17:49:39;Estación Central;departamento;Depto 2d 1b A Pasos Del Metro Ecuador;1600;CLF;2 dormitorios;1 baño;40 m² útiles;2 dormitorios | 1 baño | 40 m² útiles;CONDE DEL MAULE CON RADAL, Metro Ecuador, Estación Central;;-33.45338413192823;-70.69449248051292;CONDE DEL MAULE CON RADAL, Estación Central, Santiago, Chile
2025-11-29 17:49:39;Estación Central;departamento;Se Vende Excelente Departamento Con 1d, Y 1b;1970;CLF;1 dormitorio;1 baño;31 m² útiles;1 dormitorio | 1 baño | 31 m² útiles;Conde Del Maule, Av. Ecuador, Alameda, Santiago, R.M., San Alberto Hurtado, Estación Central;;-33.45338413192823;-70.69449248051292;Conde Del Maule, Estación Central, Santiago, Chile
2025-11-29 17:49:39;Estación Central;departamento;"Departamento En Venta 1dorm 1baño&#43;bodega En Estación Cen";1980;CLF;1 dormitorio;1 baño;38 m² útiles;1 dormitorio | 1 baño | 38 m² útiles;Conde De Maule 4577, / Se Vende Departamento 1 Dormitorio 1 Baño 1 Bodega Amplia, Metro Ecuador, Estación Central;;-33.45412385;-70.69885357615101;Conde De Maule 4577, Estación Central, Santiago, Chile
2025-11-29 17:49:39;Estación Central;departamento;Depto. En Estación Central 2d 2b, Con Estacionamiento;86000000;CLP;2 dormitorios;2 baños;50 m² útiles;2 dormitorios | 2 baños | 50 m² útiles;Pje Titan, Metro Las Rejas, Estación Central;;-33.4536375;-70.6898654;Pje Titan, Estación Central, Santiago, Chile
2025-11-29 17:49:39;Estación Central;departamento;Vendo Departamento 2d1b1e1b Cercano A Metro Las Rejas;1599;CLF;2 dormitorios;1 baño;36 m² útiles;2 dormitorios | 1 baño | 36 m² útiles;Av. María Rosas Velásquez Cercano A Metro Las Rejas, Metro Las Rejas, Estación Central;;-33.4575386;-70.7067561;Av. María Rosas Velásquez Cercano A Las Rejas, Estación Central, Santiago, Chile
2025-11-29 17:49:39;Estación Central;departamento;Imperdible Home Studio De 1d Y1b En Venta Estación Central;35000000;CLP;1 dormitorio;1 baño;21 m² útiles;1 dormitorio | 1 baño | 21 m² útiles;"CORONEL SOUPER &amp; TORO MAZOTTE, San Alberto Hurtado, Estación Central";;-33.4569574;-70.6913712;"CORONEL SOUPER &amp; TORO MAZOTTE, Estación Central, Santiago, Chile"
2025-11-29 17:49:39;Estación Central;departamento;Vive O Invierte: Moderno Departamento 2 Dormitorios;2050;CLF;2 dormitorios;1 baño;46 m² útiles;2 dormitorios | 1 baño | 46 m² útiles;"Cómodo Departamento De Dos Dormitorios En Avenida Ecuador, Cerca De Servicios Y Buena Conectividad.&#65279;, Metro Ecuador, Estación Central";;-33.44527225;-70.68415307027018;Cómodo Departamento De Dos Dormitorios En Avenida Ecuador, Estación Central, Santiago, Chile
2025-11-29 17:49:39;Estación Central;departamento;Departamento En Venta De 1 Dorm. En Estación Central;2100;CLF;1 dormitorio;1 baño;;1 dormitorio | 1 baño;Nicasio Retamales / Arriero Stay, Universidad De Santiago, Estación Central;;-33.458212903576616;-70.68794611608213;Nicasio Retamales / Arriero Stay, Estación Central, Santiago, Chile
2025-11-29 17:49:39;Estación Central;departamento;Venta Departamento 1dormitorio Entre Ecuador/alberto Hurtado;1480;CLF;1 dormitorio;1 baño;31 m² útiles;1 dormitorio | 1 baño | 31 m² útiles;A Pasos Del Metro Ecuador Y San Alberto Hurtado, San Alberto Hurtado, Estación Central;;-33.4542019;-70.6922721;A Pasos Del Ecuador Y San Alberto Hurtado, Estación Central, Santiago, Chile
2025-11-29 17:49:39;Estación Central;departamento;Departamento En Venta En Estación Central;1600;CLF;2 dormitorios;1 baño;46 m² útiles;2 dormitorios | 1 baño | 46 m² útiles;Padre Albert Hurtado - Estación Central, Universidad De Santiago, Estación Central;;-33.4721187;-70.687876;Padre Albert Hurtado - Estación Central, Estación Central, Santiago, Chile
2025-11-29 17:49:39;Estación Central;departamento;Departamento En Venta En Estación Central Inversionistas;85000000;CLP;2 dormitorios;1 baño;50 m² útiles;2 dormitorios | 1 baño | 50 m² útiles;Estacion Central, Estación Central;;-33.4536375;-70.6898654;Estacion Central, Estación Central, Santiago, Chile
2025-11-29 17:49:39;Estación Central;departamento;Dpto.tipo Mariposa/carlos Pezoa Véliz/ Metro Las Rejas;2782;CLF;2 dormitorios;2 baños;53 m² útiles;2 dormitorios | 2 baños | 53 m² útiles;Carlos Pezoa Véliz, Estación Central, Estación Central;;-33.45575955203821;-70.70305514685388;Carlos Pezoa Véliz, Estación Central, Santiago, Chile
2025-11-29 17:49:39;Estación Central;departamento;Departamento En Venta En Estación Central;2800;CLF;2 dormitorios;2 baños;51 m² útiles;2 dormitorios | 2 baños | 51 m² útiles;Recreo Con Av 5 De Abril, San Alberto Hurtado, Estación Central;;-33.456487;-70.6871564;Recreo Con Av 5 De Abril, Estación Central, Santiago, Chile
2025-11-29 17:49:39;Estación Central;departamento;Departamento En Estación Central;1490;CLF;1 dormitorio;1 baño;31 m² útiles;1 dormitorio | 1 baño | 31 m² útiles;Toro Mazote 76, Santiago, Estación Central, Chile, San Alberto Hurtado, Estación Central;;-33.455381;-70.69151716262756;Toro Mazote 76, Estación Central, Santiago, Chile
2025-11-29 17:49:39;Estación Central;departamento;Departamento En Venta En Estación Central;2850;CLF;2 dormitorios;2 baños;49 m² útiles;2 dormitorios | 2 baños | 49 m² útiles;AV ECUADOR 3866 EDIF SCOTTO, Universidad De Santiago, Estación Central;;-33.45126965;-70.6895822006515;AV ECUADOR 3866 EDIF SCOTTO, Estación Central, Santiago, Chile
2025-11-29 17:49:39;Estación Central;departamento;Departamento En Venta En Estación Central;2850;CLF;2 dormitorios;2 baños;49 m² útiles;2 dormitorios | 2 baños | 49 m² útiles;AV ECUADOR 3866 205 EDIF SCOTTO, Universidad De Santiago, Estación Central;;-33.45126965;-70.6895822006515;AV ECUADOR 3866 205 EDIF SCOTTO, Estación Central, Santiago, Chile
2025-11-29 17:49:39;Estación Central;departamento;Venta De Departamento De 2 Dorm.y 1 Baño En Estación Central;100000000;CLP;2 dormitorios;1 baño;46 m² útiles;2 dormitorios | 1 baño | 46 m² útiles;Cerca De La Estación De Metro Ecuador, Metro Ecuador, Estación Central;;-33.4536375;-70.6898654;Cerca De La Estación De Ecuador, Estación Central, Santiago, Chile
2025-11-29 17:49:39;Estación Central;departamento;Oportunidad Venta Departamento 2d Y 2b En Estación Central;2750;CLF;2 dormitorios;2 baños;48 m² útiles;2 dormitorios | 2 baños | 48 m² útiles;Apóstol Santiago 32, San Alberto Hurtado, Estación Central;;-33.451221849999996;-70.69302512848441;Apóstol Santiago 32, Estación Central, Santiago, Chile
2025-11-29 17:49:39;Estación Central;departamento;Departamento En Venta De 2 Dorm. 1 Baño En Estación Central;1899;CLF;2 dormitorios;1 baño;46 m² útiles;2 dormitorios | 1 baño | 46 m² útiles;Avenida Bernardo O Higgins Con Toro Mazotte, San Alberto Hurtado, Estación Central;;-33.4503245;-70.68141289460016;Avenida Bernardo O Higgins Con Toro Mazotte, Estación Central, Santiago, Chile
2025-11-29 17:49:39;Estación Central;departamento;Depto En Venta De 1dorm.1baño,1bod 33m2 En Estación Central;1400;CLF;1 dormitorio;1 baño;33 m² útiles;1 dormitorio | 1 baño | 33 m² útiles;Blanco Garcés Con Ecuador, San Alberto Hurtado, Estación Central;;-33.451992313901464;-70.69784303670724;Blanco Garcés Con Ecuador, Estación Central, Santiago, Chile
2025-11-29 17:49:39;Estación Central;departamento;Departamento En Venta De 1 Dorm. En Estación Central;47990000;CLP;1 dormitorio;1 baño;;1 dormitorio | 1 baño;Santa Petronila 32- Metro Las Rejas, Metro Las Rejas, Estación Central;;-33.4575386;-70.7067561;Santa Petronila 32- Las Rejas, Estación Central, Santiago, Chile
2025-11-29 17:49:39;Estación Central;departamento;Departamento 1d/1b Con Balcón Y Piscina En Estación Central;1570;CLF;1 dormitorio;1 baño;32 m² útiles;1 dormitorio | 1 baño | 32 m² útiles;Departamento 1 Dormitorio Y 1 Baño, Estación Central. A Pasos De Alameda., Metro Ecuador, Estación Central;;-33.4526319;-70.6958314;Departamento 1 Dormitorio Y 1 Baño, Estación Central, Santiago, Chile
2025-11-29 17:49:39;Estación Central;departamento;Departamento En Venta 2d 2b 1e 1b,piso10 Estac Central;95000000;CLP;2 dormitorios;2 baños;53 m² útiles;2 dormitorios | 2 baños | 53 m² útiles;A Pasos Del Metro Ecuador, Metro Ecuador, Estación Central;;-33.4542019;-70.6922721;A Pasos Del Ecuador, Estación Central, Santiago, Chile
2025-11-29 17:49:39;Estación Central;departamento;Departamento En Venta De 2 Dorm( Estación Central );2200;CLF;2 dormitorios;1 baño;42 m² útiles;2 dormitorios | 1 baño | 42 m² útiles;Toro Mazote 110, San Alberto Hurtado, Estación Central;;-33.4561216;-70.69120585222294;Toro Mazote 110, Estación Central, Santiago, Chile
2025-11-29 17:49:39;Estación Central;departamento;Departamento En Venta De 1 Dorm. En Estación Central;1400;CLF;1 dormitorio;1 baño;21 m² útiles;1 dormitorio | 1 baño | 21 m² útiles;Santa Petronila 38, Metro Las Rejas, Estación Central;;-33.453637099999995;-70.70494999471634;Santa Petronila 38, Estación Central, Santiago, Chile
2025-11-29 17:49:39;Estación Central;departamento;Hermoso Departamento, 2d 1b, Est Y Bodega ( Toro Mazote );2200;CLF;2 dormitorios;1 baño;42 m² útiles;2 dormitorios | 1 baño | 42 m² útiles;TORO MAZOTTE 110, San Alberto Hurtado, Estación Central;;-33.4561216;-70.69120585222294;TORO MAZOTTE 110, Estación Central, Santiago, Chile
2025-11-29 17:49:39;Estación Central;departamento;Departamento En Venta De 2 Dorm.1 Baño 1estacionamiento;1800;CLF;2 dormitorios;1 baño;40 m² útiles;2 dormitorios | 1 baño | 40 m² útiles;4060, San Alberto Hurtado, Estación Central;;-33.45759365;-70.69053248762756;4060, Estación Central, Santiago, Chile
2025-11-29 17:49:39;Estación Central;departamento;Departamento En Venta De 1dorm.1 Baño En Estación Central;1438;CLF;1 dormitorio;1 baño;36 m² útiles;1 dormitorio | 1 baño | 36 m² útiles;Avenida Bernardo O Higgins Con Radal, Metro Ecuador, Estación Central;;-33.4489016;-70.68162370843888;Avenida Bernardo O Higgins Con Radal, Estación Central, Santiago, Chile
2025-11-29 17:49:39;Estación Central;departamento;Departamento En Venta De 1 Dorm. En Estación Central;1700;CLF;1 dormitorio;1 baño;33 m² útiles;1 dormitorio | 1 baño | 33 m² útiles;Radal 102, Metro Ecuador, Estación Central;;-33.453532330555554;-70.70200494444444;Radal 102, Estación Central, Santiago, Chile
2025-11-29 17:49:39;Estación Central;departamento;Departamento En Venta Home Studio En Estación Central;47000000;CLP;1 dormitorio;1 baño;21 m² útiles;1 dormitorio | 1 baño | 21 m² útiles;LA CORUÑA CON RADAL, Metro Ecuador, Estación Central;;-33.4525823800938;-70.70351934614867;LA CORUÑA CON RADAL, Estación Central, Santiago, Chile
2025-11-29 17:49:39;Estación Central;departamento;Departamento En Venta De 2 Dorm. En Estación Central;1830;CLF;2 dormitorios;1 baño;41 m² útiles;2 dormitorios | 1 baño | 41 m² útiles;Coronel Souper 2918, San Alberto Hurtado, Estación Central;;-33.4587970769033;-70.6976990807524;Coronel Souper 2918, Estación Central, Santiago, Chile
2025-11-29 17:49:39;Estación Central;departamento;Oportunidad!! Vendo Departamento 1a Metro Alberto Hurtado ;52000000;CLP;1 dormitorio;1 baño;29 m² útiles;1 dormitorio | 1 baño | 29 m² útiles;Av Libertador Bernardo OHiggins/General Velásquez/Coronel Souper, San Alberto Hurtado, Estación Central;;-34.41427219875739;-70.86588028121223;Av Libertador Bernardo OHiggins/General Velásquez/Coronel Souper, Estación Central, Santiago, Chile
2025-11-29 17:50:40;Estación Central;departamento;Transit/metro Ecuador Y Las Rejas ;1425;CLF;2 dormitorios;1 baño;50 m² útiles;2 dormitorios | 1 baño | 50 m² útiles;Transit 472, Metro Ecuador, Estación Central;;-33.4536375;-70.6898654;Transit 472, Estación Central, Santiago, Chile
2025-11-29 17:50:40;Estación Central;departamento;Departamento En Venta En Estación Central;870;CLF;1 dormitorio;1 baño;23 m² útiles;1 dormitorio | 1 baño | 23 m² útiles;Toro Mazote / Manuel Thompson, San Alberto Hurtado, Estación Central;;-33.459468446430705;-70.69061060993947;Toro Mazote / Manuel Thompson, Estación Central, Santiago, Chile
2025-11-29 17:50:40;Estación Central;departamento;Departamento En Venta Aceptamos Oferta- Estacion Central;2200;CLF;2 dormitorios;1 baño;45 m² útiles;2 dormitorios | 1 baño | 45 m² útiles;CONDE DEL MAULE  METRO ECUADOR, Estación Central;;-33.452246267002835;-70.69487519560441;CONDE DEL MAULE ECUADOR, Estación Central, Santiago, Chile
2025-11-29 17:50:40;Estación Central;departamento; Departamento En Venta Todo Medio De Pago ;69000000;CLP;2 dormitorios;1 baño;38 m² útiles;2 dormitorios | 1 baño | 38 m² útiles;CONDE DEL MAULE, Estación Central;;-33.45338413192823;-70.69449248051292;CONDE DEL MAULE, Estación Central, Santiago, Chile
2025-11-29 17:50:40;Estación Central;departamento;Amplio Dpto En Estacion Central;2372;CLF;3 dormitorios;2 baños;60 m² útiles;3 dormitorios | 2 baños | 60 m² útiles;METRO SAN ALBERTO HURTADO, Universidad De Santiago, Estación Central;;-33.4542019;-70.6922721;SAN ALBERTO HURTADO, Estación Central, Santiago, Chile
2025-11-29 17:50:40;Estación Central;departamento;Coronel Souper / Metro San Alberto Hurtado;1720;CLF;1 dormitorio;1 baño;36 m² útiles;1 dormitorio | 1 baño | 36 m² útiles;Coronel Souper 3900 - 4200, Santiago, Estación Central, Chile, San Alberto Hurtado, Estación Central;;-33.456027;-70.688594;Coronel Souper 3900 - 4200, Estación Central, Santiago, Chile
2025-11-29 17:50:40;Estación Central;departamento;Radal / Metro Ecuador;1230;CLF;1 dormitorio;1 baño;30 m² útiles;1 dormitorio | 1 baño | 30 m² útiles;Radal 1 - 300, Santiago, Estación Central, Chile, Metro Ecuador, Estación Central;;-33.4512651;-70.7027388;Radal 1 - 300, Estación Central, Santiago, Chile
2025-11-29 17:50:40;Estación Central;departamento;Metro Padre Hurtado;1900;CLF;1 dormitorio;1 baño;30 m² útiles;1 dormitorio | 1 baño | 30 m² útiles;Concón 1 - 300, Santiago, Estación Central, Chile, San Alberto Hurtado, Estación Central;;-33.45849155;-70.69440605;Concón 1 - 300, Estación Central, Santiago, Chile
2025-11-29 17:50:40;Estación Central;departamento;Metro Padre Hurtado;1600;CLF;1 dormitorio;1 baño;20 m² útiles;1 dormitorio | 1 baño | 20 m² útiles;Concón 1 - 300, Santiago, Estación Central, Chile, San Alberto Hurtado, Estación Central;;-33.45849155;-70.69440605;Concón 1 - 300, Estación Central, Santiago, Chile
2025-11-29 17:50:40;Estación Central;departamento;Oportunidad  Departamento  A La Salida Del Metro Ecuador ;65000000;CLP;1 dormitorio;1 baño;34 m² útiles;1 dormitorio | 1 baño | 34 m² útiles;Ecuador - Diag. Santiago, Estación Central, Región Metropolitana, Chile, Metro Ecuador, Estación Central;;-33.4489016;-70.68162370843888;Ecuador - Diag. Santiago, Estación Central, Santiago, Chile
2025-11-29 17:50:40;Estación Central;departamento;Se Vende Departamento Antiguo ;89000000;CLP;3 dormitorios;2 baños;90 m² útiles;3 dormitorios | 2 baños | 90 m² útiles;CALLE CENTRAL, Universidad De Santiago, Estación Central;;-33.45935691187927;-70.7197291165311;CALLE CENTRAL, Estación Central, Santiago, Chile
2025-11-29 17:50:40;Estación Central;departamento;En Venta Dpto. Etación Central 2d, 1b, Estacion. Y 2 Bod.;2380;CLF;2 dormitorios;1 baño;50 m² útiles;2 dormitorios | 1 baño | 50 m² útiles;FRENTE AL LIDER, San Alberto Hurtado, Estación Central;;-33.4489016;-70.68162370843888;FRENTE AL LIDER, Estación Central, Santiago, Chile
2025-11-29 17:50:40;Estación Central;departamento;Estudio En Venta En Estación Central ;1400;CLF;1 dormitorio;1 baño;24 m² útiles;1 dormitorio | 1 baño | 24 m² útiles;ESTUDIO EN VENTA EN ESTACIÓN CENTRAL, San Alberto Hurtado, Estación Central;;-33.4536375;-70.6898654;ESTUDIO EN VENTA EN ESTACIÓN CENTRAL, Estación Central, Santiago, Chile
2025-11-29 17:50:40;Estación Central;departamento;Dp 2d Vida Familiar En Condominio Arcadia Sin Comisión ;2350;CLF;2 dormitorios;1 baño;41 m² útiles;2 dormitorios | 1 baño | 41 m² útiles;CONDOMINIO ARCADIA, Estación Central;;-33.466862;-70.7225136;CONDOMINIO ARCADIA, Estación Central, Santiago, Chile
2025-11-29 17:50:40;Estación Central;departamento;Depto. En Venta De 1 Dorm. Metro Ecuador, Estación Central;1599;CLF;1 dormitorio;1 baño;31 m² útiles;1 dormitorio | 1 baño | 31 m² útiles;Radal, Estación Central, Metro Ecuador, Estación Central;;-33.45623561595505;-70.70110417417816;Radal, Estación Central, Santiago, Chile
2025-11-29 17:50:40;Estación Central;departamento;Metro San Alberto Hurtado;1947;CLF;2 dormitorios;1 baño;44 m² útiles;2 dormitorios | 1 baño | 44 m² útiles;METRO SAN ALBERTO HURTADO, Universidad De Santiago, Estación Central;;-33.4542019;-70.6922721;SAN ALBERTO HURTADO, Estación Central, Santiago, Chile
2025-11-29 17:50:40;Estación Central;departamento;Inversionistas, Home Studios, Excelente Precio Arrendados;1200;CLF;1 dormitorio;1 baño;22 m² útiles;1 dormitorio | 1 baño | 22 m² útiles;AV MARÍA ROZAS VELASQUÉZ / METRO LAS REJAS, Metro Las Rejas, Estación Central;;-33.45442295;-70.7056221847387;AV MARÍA ROZAS VELASQUÉZ / LAS REJAS, Estación Central, Santiago, Chile
2025-11-29 17:50:40;Estación Central;departamento;Oportunidad Sin Pie! Home Studio Sin Uso, Blanco Garcés;1168;CLF;1 dormitorio;1 baño;22 m² útiles;1 dormitorio | 1 baño | 22 m² útiles;BLANCO GARCES / 2 CUADRAS DE AV ECUADOR, San Alberto Hurtado, Estación Central;;-33.4513311;-70.69229229999999;BLANCO GARCES / 2 CUADRAS DE AV ECUADOR, Estación Central, Santiago, Chile
2025-11-29 17:50:40;Estación Central;departamento;Departamento En Venta De 2 Dorm. En Estación Central;2100;CLF;2 dormitorios;2 baños;43 m² útiles;2 dormitorios | 2 baños | 43 m² útiles;La Coruña/ Radal, Metro Ecuador, Estación Central;;-33.452288;-70.702382;La Coruña/ Radal, Estación Central, Santiago, Chile
2025-11-29 17:50:40;Estación Central;departamento;Venta Depto 2d+2b, Padre Hurtado 145, Estación Central;110000000;CLP;2 dormitorios;2 baños;70 m² útiles;2 dormitorios | 2 baños | 70 m² útiles;AVENIDA PEDRO ALBERTO HURTADO 145, Estación Central;;-33.4542019;-70.6922721;AVENIDA PEDRO ALBERTO HURTADO 145, Estación Central, Santiago, Chile
2025-11-29 17:50:40;Estación Central;departamento;Venta Recien Remodelado Bello Departamento Gran Vista;1599;CLF;1 dormitorio;1 baño;34 m² útiles;1 dormitorio | 1 baño | 34 m² útiles;METRO ECUADOR, Metro Ecuador, Estación Central;;-33.4559226;-70.6997325;ECUADOR, Estación Central, Santiago, Chile
2025-11-29 17:50:40;Estación Central;departamento;Amplio Dpto. U. De Santiago;80000000;CLP;2 dormitorios;2 baños;46 m² útiles;2 dormitorios | 2 baños | 46 m² útiles;METRO ESTACION CENTRAL, Universidad De Santiago, Estación Central;;-33.4536375;-70.6898654;ESTACION CENTRAL, Estación Central, Santiago, Chile
2025-11-29 17:50:40;Estación Central;departamento;Dpto. 1d - 1b - Metro San Alberto Hurtado;1290;CLF;1 dormitorio;1 baño;30 m² útiles;1 dormitorio | 1 baño | 30 m² útiles;AUTOPISTA CENTRAL - METRO SAN ALBERTO HURTADO, San Alberto Hurtado, Estación Central;;-33.4542019;-70.6922721;AUTOPISTA CENTRAL - SAN ALBERTO HURTADO, Estación Central, Santiago, Chile
2025-11-29 17:50:40;Estación Central;departamento;Conde Del Maule/ Metro Ecuador;3400;CLF;3 dormitorios;2 baños;59 m² útiles;3 dormitorios | 2 baños | 59 m² útiles;CONDE DEL MAULE/ METRO ECUADOR, Metro Ecuador, Estación Central;;-33.452246267002835;-70.69487519560441;CONDE DEL MAULE/ ECUADOR, Estación Central, Santiago, Chile
2025-11-29 17:50:40;Estación Central;departamento;Dpto En Venta De 2 Dorm. Metro Ecuador Estacion Central;2400;CLF;2 dormitorios;1 baño;46 m² útiles;2 dormitorios | 1 baño | 46 m² útiles;DPTO EN VENTA DE 2 DORM. METRO ECUADOR ESTACION CENTRAL, Metro Ecuador, Estación Central;;-33.4513311;-70.69229229999999;DPTO EN VENTA DE 2 DORM. ECUADOR ESTACION CENTRAL, Estación Central, Santiago, Chile
2025-11-29 17:50:40;Estación Central;departamento;¡espectacular! Departamento En Venta En Estación Central;2200;CLF;2 dormitorios;2 baños;46 m² útiles;2 dormitorios | 2 baños | 46 m² útiles;ESTACION CENTRAL, Universidad De Santiago, Estación Central;;-33.4536375;-70.6898654;ESTACION CENTRAL, Estación Central, Santiago, Chile
2025-11-29 17:50:40;Estación Central;departamento;Venta Depto 1d+1b, Av Padre Alberto Hurtado 145, 48.000.000;48000000;CLP;1 dormitorio;1 baño;32 m² útiles;1 dormitorio | 1 baño | 32 m² útiles;AVENIDA PEDRO ALBERTO HURTADO 145, ESTACIÓN CENTRAL, Universidad De Santiago, Estación Central;;-33.4542019;-70.6922721;AVENIDA PEDRO ALBERTO HURTADO 145, Estación Central, Santiago, Chile
2025-11-29 17:50:40;Estación Central;departamento;¡oportunidad En Estación Central: 1.500 U.f.!;1500;CLF;1 dormitorio;1 baño;34 m² útiles;1 dormitorio | 1 baño | 34 m² útiles;AVENIDA PADRE ALBERTO HURTADO, San Alberto Hurtado, Estación Central;;-33.4721187;-70.687876;AVENIDA PADRE ALBERTO HURTADO, Estación Central, Santiago, Chile
2025-11-29 17:50:40;Estación Central;departamento;Dpto. 1d-1b Con Estacionamiento - Metro San Alberto Hurtado;58000000;CLP;1 dormitorio;1 baño;34 m² útiles;1 dormitorio | 1 baño | 34 m² útiles;METRO SAN ALBERTO HURTADO, San Alberto Hurtado, Estación Central;;-33.4542019;-70.6922721;SAN ALBERTO HURTADO, Estación Central, Santiago, Chile
2025-11-29 17:50:40;Estación Central;departamento;Vendo Dpto Estación Central Ideal Para Inversión;82000000;CLP;1 dormitorio;1 baño;45 m² útiles;1 dormitorio | 1 baño | 45 m² útiles;VENDO DPTO ESTACIÓN CENTRAL IDEAL PARA INVERSIÓN, Metro Las Rejas, Estación Central;;-33.4491528;-70.6930901;DPTO ESTACIÓN CENTRAL IDEAL PARA INVERSIÓN, Estación Central, Santiago, Chile
2025-11-29 17:50:40;Estación Central;departamento;Luminoso Departamento En Venta, Excelente Estado;1300;CLF;1 dormitorio;1 baño;28 m² útiles;1 dormitorio | 1 baño | 28 m² útiles;CONDE DEL MAULE CON PURISIMA, Metro Ecuador, Estación Central;;-33.45338413192823;-70.69449248051292;CONDE DEL MAULE CON PURISIMA, Estación Central, Santiago, Chile
2025-11-29 17:50:40;Estación Central;departamento;¡moderno Depto En Estación Central A Gran Precio!;1990;CLF;1 dormitorio;1 baño;35 m² útiles;1 dormitorio | 1 baño | 35 m² útiles;CORONEL SOUPER, Metro Ecuador, Estación Central;;-33.4587970769033;-70.6976990807524;CORONEL SOUPER, Estación Central, Santiago, Chile
2025-11-29 17:50:40;Estación Central;departamento;¡oportunidad En Santiago! Dpto. 32m² Por 1600 U.f.;1600;CLF;1 dormitorio;1 baño;32 m² útiles;1 dormitorio | 1 baño | 32 m² útiles;CALLE RADAL 100, Metro Ecuador, Estación Central;;-33.444737700000005;-70.67991899569648;CALLE RADAL 100, Estación Central, Santiago, Chile
2025-11-29 17:50:40;Estación Central;departamento;Dpto En Venta De 1 Dorm. En Estación Central;1890;CLF;1 dormitorio;1 baño;28 m² útiles;1 dormitorio | 1 baño | 28 m² útiles;DPTO EN VENTA DE 1 DORM. EN ESTACIÓN CENTRAL, Estación Central;;-33.4648966996913;-70.69063889389771;DPTO EN VENTA DE 1 DORM. EN ESTACIÓN CENTRAL, Estación Central, Santiago, Chile
2025-11-29 17:50:40;Estación Central;departamento;Departamento En Venta Metro San Alberto Hurtado;2480;CLF;2 dormitorios;1 baño;40 m² útiles;2 dormitorios | 1 baño | 40 m² útiles;Metro San Alberto Hurtado, San Alberto Hurtado, Estación Central;;-33.4542019;-70.6922721;San Alberto Hurtado, Estación Central, Santiago, Chile
2025-11-29 17:50:40;Estación Central;departamento;Departamento En Venta De 1 Dorm. En Estación Central;2133;CLF;1 dormitorio;1 baño;32 m² útiles;1 dormitorio | 1 baño | 32 m² útiles;Metro San Alberto Hurtado, Alameda., San Alberto Hurtado, Estación Central;;-33.4542019;-70.6922721;San Alberto Hurtado, Estación Central, Santiago, Chile
2025-11-29 17:50:40;Estación Central;departamento;Blanco Garcés / Metro Ecuador;40000000;CLP;1 dormitorio;1 baño;24 m² útiles;1 dormitorio | 1 baño | 24 m² útiles;Blanco Garcés 1 - 300, San Alberto Hurtado, Estación Central;;-33.451992313901464;-70.69784303670724;Blanco Garcés 1 - 300, Estación Central, Santiago, Chile
2025-11-29 17:50:40;Estación Central;departamento;¡moderno Departamento En Estación Central, Cerno A Metro;1795;CLF;1 dormitorio;1 baño;36 m² útiles;1 dormitorio | 1 baño | 36 m² útiles;CERCANO A ESTACIÓN  METRO SAN ALBERTO HURTADO, San Alberto Hurtado, Estación Central;;-33.4542019;-70.6922721;CERCANO A ESTACIÓN SAN ALBERTO HURTADO, Estación Central, Santiago, Chile
2025-11-29 17:50:40;Estación Central;departamento;En Venta Excelente Dpto. 1dormitorio Y 1 Baño. ;1790;CLF;1 dormitorio;1 baño;31 m² útiles;1 dormitorio | 1 baño | 31 m² útiles;CERCANO A ESTACIÓN DE METRO ECUADOR, Metro Ecuador, Estación Central;;-33.4536375;-70.6898654;CERCANO A ESTACIÓN DE ECUADOR, Estación Central, Santiago, Chile
2025-11-29 17:50:40;Estación Central;departamento;Se Vende Amplio Home Estudio En Estacion Central;1770;CLF;;1 baño;35 m² útiles;1 baño | 35 m² útiles;VICTOR JARA / BENEDICTO XV, Metro Ecuador, Estación Central;;-33.45271505027015;-70.6991498402559;VICTOR JARA / BENEDICTO XV, Estación Central, Santiago, Chile
2025-11-29 17:50:40;Estación Central;departamento;Departamento En El Mejor Lugar De Est. Central;1450;CLF;1 dormitorio;1 baño;32 m² útiles;1 dormitorio | 1 baño | 32 m² útiles;DEPARTAMENTO EN EL MEJOR LUGAR DE EST. CENTRAL, San Alberto Hurtado, Estación Central;;-33.47135125;-70.67716883367282;EN EL MEJOR LUGAR DE CENTRAL, Estación Central, Santiago, Chile
2025-11-29 17:50:40;Estación Central;departamento;Venta Departamento 33m2 1d1b, Estación Central;1600;CLF;1 dormitorio;1 baño;33 m² útiles;1 dormitorio | 1 baño | 33 m² útiles;ESTACIÓN CENTRAL, Universidad De Santiago, Estación Central;;-33.4536375;-70.6898654;ESTACIÓN CENTRAL, Estación Central, Santiago, Chile
2025-11-29 17:50:40;Estación Central;departamento;¡vive En Estación Central! Dpto. 3d+2b, 2750 Uf;2750;CLF;3 dormitorios;2 baños;56 m² útiles;3 dormitorios | 2 baños | 56 m² útiles;BARRIO PARQUE SANTIAGO, Metro Las Rejas, Estación Central;;-33.4550426;-70.69587177593561;BARRIO PARQUE SANTIAGO, Estación Central, Santiago, Chile
2025-11-29 17:51:24;Estación Central;departamento;¡tu Hogar En Estación Central A Pasos Del Metro!;1890;CLF;1 dormitorio;1 baño;34 m² útiles;1 dormitorio | 1 baño | 34 m² útiles;SANTA PETRONILA 28, METRO ECUADOR, ESTACION CENTRAL, Metro Las Rejas, Estación Central;;-33.4542843;-70.70486368907721;SANTA PETRONILA 28, Estación Central, Santiago, Chile
2025-11-29 17:51:24;Estación Central;departamento;Departamento En Venta De 2 Dorm. En Estación Central;150000000;CLP;2 dormitorios;2 baños;70 m² útiles;2 dormitorios | 2 baños | 70 m² útiles;DEPARTAMENTO EN VENTA DE 2 DORM. EN ESTACIÓN CENTRAL, Nogales - San Eugenio, Estación Central;;-33.4778741;-70.6957382;EN VENTA DE 2 DORM. EN ESTACIÓN CENTRAL, Estación Central, Santiago, Chile
2025-11-29 17:51:24;Estación Central;departamento;Dpto En Venta De 1 Dorm. En Est. Central Metro Padre Hurtado;2255;CLF;1 dormitorio;1 baño;30 m² útiles;1 dormitorio | 1 baño | 30 m² útiles;Metro San Alberto Hurtado, San Alberto Hurtado, Estación Central;;-33.4542019;-70.6922721;San Alberto Hurtado, Estación Central, Santiago, Chile
2025-11-29 17:51:24;Estación Central;departamento;Gran Oportunidad Depto 1dor.1 Baño Metro A. Hurtado;47000000;CLP;1 dormitorio;1 baño;34 m² útiles;1 dormitorio | 1 baño | 34 m² útiles;Av. Padre Alberto Hurtado 0131, Estación Central, Universidad De Santiago, Estación Central;;-33.4542019;-70.6922721;Av. Padre Alberto Hurtado 0131, Estación Central, Santiago, Chile
2025-11-29 17:51:24;Estación Central;departamento;Depto. En Venta Edificio Eco Futuro 2d/1b/1est./1bod.;2100;CLF;2 dormitorios;1 baño;40 m² totales;2 dormitorios | 1 baño | 40 m² totales;Radal 066 Edificio Eco Futuro, Estación Cental, Estación Central;;-33.45126965;-70.6895822006515;Radal 066 Edificio Eco Futuro, Estación Central, Santiago, Chile
2025-11-29 17:51:24;Estación Central;departamento;Vendo  Modernos Departamentos Nuevos 1d,1b,36m2;1600;CLF;1 dormitorio;1 baño;36 m² útiles;1 dormitorio | 1 baño | 36 m² útiles;CORONEL SOUPER 4171, San Alberto Hurtado, Estación Central;;-33.45695645;-70.69224955499838;CORONEL SOUPER 4171, Estación Central, Santiago, Chile
2025-11-29 17:51:24;Estación Central;departamento;Departamento En Venta De 1 Dorm. En Estación Central;45000000;CLP;1 dormitorio;1 baño;32 m² útiles;1 dormitorio | 1 baño | 32 m² útiles;Metro Padre Alberto Hurtado, San Alberto Hurtado, Estación Central;;-33.4721187;-70.687876;Padre Alberto Hurtado, Estación Central, Santiago, Chile
2025-11-29 17:51:24;Estación Central;departamento;Las Encinas / Metro Universidad De Santiago / Duplex;81000000;CLP;3 dormitorios;2 baños;89 m² útiles;3 dormitorios | 2 baños | 89 m² útiles;Plazuela La Higuera 1 - 300, Estación Central, Universidad De Santiago, Estación Central;;-33.458974935294115;-70.7242394882353;Plazuela La Higuera 1 - 300, Estación Central, Santiago, Chile
2025-11-29 17:51:24;Estación Central;departamento;Oportunidad De Inversion, Metro Las Rejas.;1400;CLF;2 dormitorios;1 baño;39 m² útiles;2 dormitorios | 1 baño | 39 m² útiles;Metro Las Rejas !, Metro Las Rejas, Estación Central;;-33.4575386;-70.7067561;Las Rejas !, Estación Central, Santiago, Chile
2025-11-29 17:51:24;Estación Central;departamento;Dpto 1d 1b En Estacion Central;1800;CLF;1 dormitorio;1 baño;29 m² útiles;1 dormitorio | 1 baño | 29 m² útiles;CONDE DEL MAULE CON PURISIMA, Metro Ecuador, Estación Central;;-33.45338413192823;-70.69449248051292;CONDE DEL MAULE CON PURISIMA, Estación Central, Santiago, Chile
2025-11-29 17:51:24;Estación Central;departamento;Las Rejas 55, 1 Dormitorio 1 Baño, Estacion Central;1000;CLF;1 dormitorio;1 baño;30 m² útiles;1 dormitorio | 1 baño | 30 m² útiles;LAS REJAS 55, 1 DORMITORIO 1 BAÑO, ESTACION CENTRAL, Metro Las Rejas, Estación Central;;-33.4575386;-70.7067561;LAS REJAS 55, Estación Central, Santiago, Chile
2025-11-29 17:51:24;Estación Central;departamento;Oportunidad De Inversión, Precio Rebajado 1d1b ;990;CLF;1 dormitorio;1 baño;32 m² útiles;1 dormitorio | 1 baño | 32 m² útiles;OPORTUNIDAD!! CORONEL SOUPER, San Alberto Hurtado, Estación Central;;-33.4587970769033;-70.6976990807524;OPORTUNIDAD!! CORONEL SOUPER, Estación Central, Santiago, Chile
2025-11-29 17:51:24;Estación Central;departamento;Departamento Metro Ecuador;75000000;CLP;1 dormitorio;;35 m² útiles;1 dormitorio | 35 m² útiles;METRO ECUADOR, Estación Central;;-33.4559226;-70.6997325;ECUADOR, Estación Central, Santiago, Chile
2025-11-29 17:51:24;Estación Central;departamento;Oportunidad De Inversión Dp Studio Metro San Alberto Hurtado;1100;CLF;1 dormitorio;1 baño;25 m² útiles;1 dormitorio | 1 baño | 25 m² útiles;OPORTUNIDAD DE INVERSIÓN DP STUDIO METRO SAN ALBERTO HURTADO, San Alberto Hurtado, Estación Central;;-33.4542019;-70.6922721;OPORTUNIDAD DE INVERSIÓN DP STUDIO SAN ALBERTO HURTADO, Estación Central, Santiago, Chile
2025-11-29 17:51:24;Estación Central;departamento;Venta Depto. 2d/1b / 1est.;2450;CLF;2 dormitorios;1 baño;52 m² útiles;2 dormitorios | 1 baño | 52 m² útiles;VENTA DEPTO. 2D/1B / 1EST., Metro Las Rejas, Estación Central;;-33.453058850000005;-70.67925349164784;VENTA DEPTO. 2D/1B / 1, Estación Central, Santiago, Chile
2025-11-29 17:51:24;Estación Central;departamento;Se Vende Depto 3 Dormitorios, Estacionamiento Y Bodega;3400;CLF;3 dormitorios;2 baños;62 m² útiles;3 dormitorios | 2 baños | 62 m² útiles;METRO PAJARITOS, Metro Pajaritos, Estación Central;;-33.45936873898897;-70.71292617146456;PAJARITOS, Estación Central, Santiago, Chile
2025-11-29 17:51:24;Estación Central;departamento;Vendo Depto. De 3d+2b+e Y Bodega Parque Arcadia E. Central;125000000;CLP;3 dormitorios;2 baños;55 m² útiles;3 dormitorios | 2 baños | 55 m² útiles;VENDO DEPTO. DE 3D+2B+E Y BODEGA PARQUE ARCADIA E. CENTRAL, Estación Central;;-33.47080525;-70.72925402966868;DEPTO. DE 3D+2B+E Y PARQUE ARCADIA E. CENTRAL, Estación Central, Santiago, Chile
2025-11-29 17:51:24;Estación Central;departamento;Departamento Studio Metro Las Rejas- Vista Despejada;1018;CLF;1 dormitorio;1 baño;20 m² útiles;1 dormitorio | 1 baño | 20 m² útiles;DEPARTAMENTO STUDIO METRO LAS REJAS- VISTA DESPEJADA, Metro Las Rejas, Estación Central;;-33.4575386;-70.7067561;STUDIO LAS REJAS- VISTA DESPEJADA, Estación Central, Santiago, Chile
2025-11-29 17:51:24;Estación Central;departamento;Departamento En Venta En Estación Central Conde Del Maule ;1600;CLF;1 dormitorio;1 baño;30 m² útiles;1 dormitorio | 1 baño | 30 m² útiles;VENTA DEPTO. 1DORMITORIO SANTIAGO, San Alberto Hurtado, Estación Central;;-33.45418545;-70.70069807888557;VENTA DEPTO. 1DORMITORIO SANTIAGO, Estación Central, Santiago, Chile
2025-11-29 17:51:24;Estación Central;departamento;Toro Mazotte/ Placilla;60000000;CLP;1 dormitorio;1 baño;33 m² útiles;1 dormitorio | 1 baño | 33 m² útiles;TORO MAZOTTE/ PLACILLA, San Alberto Hurtado, Estación Central;;-33.46149673895004;-70.69050765155308;TORO MAZOTTE/ PLACILLA, Estación Central, Santiago, Chile
2025-11-29 17:51:24;Estación Central;departamento;Av Padre Hurtado 59 - Metro San Alberto Hurtado;2500;CLF;2 dormitorios;2 baños;45 m² útiles;2 dormitorios | 2 baños | 45 m² útiles;AV PADRE HURTADO 59, San Alberto Hurtado, Estación Central;;-33.4550675;-70.69104505;AV PADRE HURTADO 59, Estación Central, Santiago, Chile
2025-11-29 17:51:24;Estación Central;departamento;Francisco Zelada 086;1850;CLF;1 dormitorio;1 baño;30 m² útiles;1 dormitorio | 1 baño | 30 m² útiles;FRANCISCO ZELADA 086, Metro Ecuador, Estación Central;;-33.455659600000004;-70.70225348604951;FRANCISCO ZELADA 086, Estación Central, Santiago, Chile
2025-11-29 17:51:24;Estación Central;departamento;Bello Departamento En Estación Central;2100;CLF;2 dormitorios;2 baños;48 m² útiles;2 dormitorios | 2 baños | 48 m² útiles;PRECIOSO DEPARTAMENTO EN ESTACIÓN CENTRAL, San Alberto Hurtado, Estación Central;;-33.4536375;-70.6898654;PRECIOSO EN ESTACIÓN CENTRAL, Estación Central, Santiago, Chile
2025-11-29 17:51:24;Estación Central;departamento;Ideal Inversionista Cómodo Departamento A Pasos Del Metro ;1480;CLF;1 dormitorio;1 baño;36 m² útiles;1 dormitorio | 1 baño | 36 m² útiles;METRO PADRE HURTADO, San Alberto Hurtado, Estación Central;;-33.46213055;-70.68674986582633;PADRE HURTADO, Estación Central, Santiago, Chile
2025-11-29 17:51:24;Estación Central;departamento;Placilla 149;2600;CLF;2 dormitorios;2 baños;46 m² útiles;2 dormitorios | 2 baños | 46 m² útiles;PLACILLA 149, San Alberto Hurtado, Estación Central;;-33.4570044;-70.694260316884;PLACILLA 149, Estación Central, Santiago, Chile
2025-11-29 17:51:24;Estación Central;departamento;Vendemos Confortable  Departamento 1 Dorm - Metro Ecuador;1750;CLF;1 dormitorio;;33 m² útiles;1 dormitorio | 33 m² útiles;VENDEMOS CONFORTABLE  DEPARTAMENTO 1 DORM - METRO ECUADOR, Metro Ecuador, Estación Central;;-33.4526319;-70.6958314;VENDEMOS CONFORTABLE 1 DORM - ECUADOR, Estación Central, Santiago, Chile
2025-11-29 17:51:24;Estación Central;departamento;Departamento En Venta, 2d/1b Estación Central;2100;CLF;2 dormitorios;1 baño;43 m² útiles;2 dormitorios | 1 baño | 43 m² útiles;DEPARTAMENTO EN VENTA, 2D/1B ESTACIÓN CENTRAL, Metro Ecuador, Estación Central;;-33.4536375;-70.6898654;EN VENTA, Estación Central, Santiago, Chile
2025-11-29 17:51:24;Estación Central;departamento;Hermoso Y Cómodo Departamento En Estación Central;2300;CLF;3 dormitorios;2 baños;58 m² útiles;3 dormitorios | 2 baños | 58 m² útiles;HERMOSO Y CÓMODO DEPARTAMENTO EN ESTACIÓN CENTRAL, San Alberto Hurtado, Estación Central;;-33.4501073;-70.68629500565777;HERMOSO Y CÓMODO EN ESTACIÓN CENTRAL, Estación Central, Santiago, Chile
2025-11-29 17:51:24;Estación Central;departamento;Departamento En Venta En Estación Central;85000000;CLP;3 dormitorios;1 baño;70 m² útiles;3 dormitorios | 1 baño | 70 m² útiles;ALAMEDA 4272, ESTACIÓN CENTRAL., San Alberto Hurtado, Estación Central;;-33.4536375;-70.6898654;ALAMEDA 4272, Estación Central, Santiago, Chile
2025-11-29 17:51:24;Estación Central;departamento;Moderno Y Acogedor Departamento En Estacion Central;1390;CLF;1 dormitorio;1 baño;33 m² útiles;1 dormitorio | 1 baño | 33 m² útiles;SAN GUMERCINDO 77, DPTO 1315, ESTACION CENTRAL, San Alberto Hurtado, Estación Central;;-33.45141815;-70.6949413593066;SAN GUMERCINDO 77, Estación Central, Santiago, Chile
2025-11-29 17:51:24;Estación Central;departamento;Departamento En Venta En Estación Central;78000000;CLP;2 dormitorios;1 baño;32 m² útiles;2 dormitorios | 1 baño | 32 m² útiles;SE VENDE DPTO CON ESTACIONAMIENTO, COMUNA ESTACION CENTRAL, Villa Francia, Estación Central;;-33.4146103;-70.60047564999999;SE VENDE DPTO CON ESTACIONAMIENTO, Estación Central, Santiago, Chile
2025-11-29 17:51:24;Estación Central;departamento;Venta Studio, Metro Ecuador;50000000;CLP;1 dormitorio;1 baño;26 m² útiles;1 dormitorio | 1 baño | 26 m² útiles;METRO ECUADOR, Metro Ecuador, Estación Central;;-33.4559226;-70.6997325;ECUADOR, Estación Central, Santiago, Chile
2025-11-29 17:51:24;Estación Central;departamento;Departamento De 2d/1b En Estación Central.;56000000;CLP;2 dormitorios;1 baño;42 m² útiles;2 dormitorios | 1 baño | 42 m² útiles;AV. LAS REJAS/ AYSÉN, Villa Francia, Estación Central;;-33.4575386;-70.7067561;AV. LAS REJAS/ AYSÉN, Estación Central, Santiago, Chile
2025-11-29 17:51:24;Estación Central;departamento;Se Vende Hermoso Departamento En Comuna De Estación Central;2350;CLF;2 dormitorios;1 baño;60 m² útiles;2 dormitorios | 1 baño | 60 m² útiles;SE VENDE HERMOSO DEPARTAMENTO EN COMUNA DE ESTACIÓN CENTRAL, San Alberto Hurtado, Estación Central;;-33.452927349999996;-70.6805284654485;SE VENDE HERMOSO EN COMUNA DE ESTACIÓN CENTRAL, Estación Central, Santiago, Chile
2025-11-29 17:51:24;Estación Central;departamento;Departamento Para Inversión, Como Nuevo;2200;CLF;;2 baños;48 m² útiles;2 baños | 48 m² útiles;CERCA METRO SAN ALBERTO HURTADO, San Alberto Hurtado, Estación Central;;-33.4542019;-70.6922721;CERCA SAN ALBERTO HURTADO, Estación Central, Santiago, Chile
2025-11-29 17:51:24;Estación Central;departamento;Depto 2d+ 1b. Estac+bod. Vista Despejada. Edif Vista Magna;76000000;CLP;2 dormitorios;1 baño;47 m² útiles;2 dormitorios | 1 baño | 47 m² útiles;ALBERTO HURTADO 194, Universidad De Santiago, Estación Central;;-33.4559053;-70.68926948165617;ALBERTO HURTADO 194, Estación Central, Santiago, Chile
2025-11-29 17:51:24;Estación Central;departamento;Dpto En Venta 2h/1b/estacionamiento. Est Central;1900;CLF;2 dormitorios;1 baño;40 m² útiles;2 dormitorios | 1 baño | 40 m² útiles;ABTAO  CON AV ECUADOR, Metro Ecuador, Estación Central;;-33.45366215454472;-70.69974303036932;ABTAO CON AV ECUADOR, Estación Central, Santiago, Chile
2025-11-29 17:51:24;Estación Central;departamento;Excelente Oportunidad!! Depto 2d+1b. Estacionamiento ;1800;CLF;2 dormitorios;1 baño;43 m² útiles;2 dormitorios | 1 baño | 43 m² útiles;NICASIO RETAMALES 1-300, Universidad De Santiago, Estación Central;;-33.4569589;-70.6879778;NICASIO RETAMALES 1-300, Estación Central, Santiago, Chile
2025-11-29 17:51:24;Estación Central;departamento;Se Vende Depto 2 Dormitorios, Estacionamiento Y Bodega;2600;CLF;2 dormitorios;2 baños;50 m² útiles;2 dormitorios | 2 baños | 50 m² útiles;METRO ECUADOR, San Alberto Hurtado, Estación Central;;-33.4559226;-70.6997325;ECUADOR, Estación Central, Santiago, Chile
2025-11-29 17:51:24;Estación Central;departamento;Metro Ecuador;1800;CLF;1 dormitorio;1 baño;31 m² útiles;1 dormitorio | 1 baño | 31 m² útiles;METRO ECUADOR, San Alberto Hurtado, Estación Central;;-33.4559226;-70.6997325;ECUADOR, Estación Central, Santiago, Chile
2025-11-29 17:51:24;Estación Central;departamento;Alameda Usach ;60000000;CLP;1 dormitorio;1 baño;30 m² útiles;1 dormitorio | 1 baño | 30 m² útiles;ALAMEDA USACH, Universidad De Santiago, Estación Central;;-33.4536375;-70.6898654;ALAMEDA USACH, Estación Central, Santiago, Chile
2025-11-29 17:52:09;Estación Central;departamento;Oportunidad  Depto 1d+1b. Edificio Vista Central;1490;CLF;1 dormitorio;1 baño;29 m² útiles;1 dormitorio | 1 baño | 29 m² útiles;SAN GUMERCINDO 77, San Alberto Hurtado, Estación Central;;-33.45141815;-70.6949413593066;SAN GUMERCINDO 77, Estación Central, Santiago, Chile
2025-11-29 17:52:09;Estación Central;departamento;Acogedor Depto 1d+1b. Edificio Vista Central;1650;CLF;1 dormitorio;1 baño;29 m² útiles;1 dormitorio | 1 baño | 29 m² útiles;SAN GUMERCINDO 77, San Alberto Hurtado, Estación Central;;-33.45141815;-70.6949413593066;SAN GUMERCINDO 77, Estación Central, Santiago, Chile
2025-11-29 17:52:09;Estación Central;departamento;Depto. Studio Blanco Garcés 154- Metro Ecuador;1600;CLF;1 dormitorio;1 baño;33 m² útiles;1 dormitorio | 1 baño | 33 m² útiles;BLANCO GARCÉS 154- METRO ECUADOR, San Alberto Hurtado, Estación Central;;-33.4503604;-70.69800392785399;BLANCO GARCÉS 154- ECUADOR, Estación Central, Santiago, Chile
2025-11-29 17:52:09;Estación Central;departamento;Villa Portales;1942;CLF;2 dormitorios;1 baño;70 m² útiles;2 dormitorios | 1 baño | 70 m² útiles;AUTOPISTA CENTRAL, Universidad De Santiago, Estación Central;;-33.4536375;-70.6898654;AUTOPISTA CENTRAL, Estación Central, Santiago, Chile
2025-11-29 17:52:09;Estación Central;departamento;Metro Universidad De Santiago;2200;CLF;2 dormitorios;1 baño;45 m² útiles;2 dormitorios | 1 baño | 45 m² útiles;METRO UNIVERSIDAD DE SANTIAGO, Universidad De Santiago, Estación Central;;-33.4489016;-70.68162370843888;UNIVERSIDAD DE SANTIAGO, Estación Central, Santiago, Chile
2025-11-29 17:52:09;Estación Central;departamento;Departamento En Venta En Estación Central;1890;CLF;1 dormitorio;1 baño;31 m² útiles;1 dormitorio | 1 baño | 31 m² útiles;DEPARTAMENTO 1D/1B, ESTACIÓN CENTRAL., Metro Ecuador, Estación Central;;-33.4536375;-70.6898654;1D/1B, Estación Central, Santiago, Chile
2025-11-29 17:52:09;Estación Central;departamento;Estudio A Pasos Del Metro ;1100;CLF;1 dormitorio;1 baño;28 m² útiles;1 dormitorio | 1 baño | 28 m² útiles;METRO SAN ALBERTO HURTADO, San Alberto Hurtado, Estación Central;;-33.4542019;-70.6922721;SAN ALBERTO HURTADO, Estación Central, Santiago, Chile
2025-11-29 17:52:09;Estación Central;departamento;Departamento En Venta De 1 Ambiente En Estación Central;3080;CLF;1 dormitorio;1 baño;41 m² útiles;1 dormitorio | 1 baño | 41 m² útiles;ECUADOR/ALAMEDA, Metro Ecuador, Estación Central;;-33.4559226;-70.6997325;ECUADOR/ALAMEDA, Estación Central, Santiago, Chile
2025-11-29 17:52:09;Estación Central;departamento;Departamentos Casi Nuevos;2536;CLF;2 dormitorios;2 baños;48 m² útiles;2 dormitorios | 2 baños | 48 m² útiles;A PASOS DE ALAMEDA, Metro Las Rejas, Estación Central;;-33.452344;-70.6790609;A PASOS DE ALAMEDA, Estación Central, Santiago, Chile
2025-11-29 17:52:09;Estación Central;departamento;Vendemos Departamento 2 Dormitorios 2 Baños;68000000;CLP;2 dormitorios;2 baños;56 m² útiles;2 dormitorios | 2 baños | 56 m² útiles;VENDEMOS DEPARTAMENTO 2 DORMITORIOS 2 BAÑOS, San Alberto Hurtado, Estación Central;;-33.4778741;-70.6957382;VENDEMOS 2 DORMITORIOS 2 BAÑOS, Estación Central, Santiago, Chile
2025-11-29 17:52:09;Estación Central;departamento;Lindo Dpto Estilo Mariposa 2 Dormitorios Y Bodega;90000000;CLP;2 dormitorios;2 baños;53 m² útiles;2 dormitorios | 2 baños | 53 m² útiles;AV. PAJARITOS PARADERO 7, Metro Pajaritos, Estación Central;;-33.468516;-70.7318084;AV. PAJARITOS PARADERO 7, Estación Central, Santiago, Chile
2025-11-29 17:52:09;Estación Central;departamento;Amplio Departamento En Estacion Central A Pasos Del Metro;2280;CLF;3 dormitorios;2 baños;108 m² útiles;3 dormitorios | 2 baños | 108 m² útiles;METRO PADRE HURTADO / ESTACION CENTRAL, Universidad De Santiago, Estación Central;;-33.46213055;-70.68674986582633;PADRE HURTADO / ESTACION CENTRAL, Estación Central, Santiago, Chile
2025-11-29 17:52:09;Estación Central;departamento;Amplio Depto 3d+2b. Estac+ Bod. Valle Verde. Metro Pajaritos;4090;CLF;3 dormitorios;2 baños;73 m² útiles;3 dormitorios | 2 baños | 73 m² útiles;OCEANICA 6281-6241, Metro Pajaritos, Estación Central;;-33.46804575925926;-70.70286764074073;OCEANICA 6281-6241, Estación Central, Santiago, Chile
2025-11-29 17:52:09;Estación Central;departamento;Departamento En Venta De 1 Dorm. En Estación Central;39000000;CLP;1 dormitorio;1 baño;;1 dormitorio | 1 baño;Buzo Sobenes 4650, Metro Ecuador, Estación Central;;-33.450171999999995;-70.69827299916479;Buzo Sobenes 4650, Estación Central, Santiago, Chile
2025-11-29 17:52:09;Estación Central;departamento;Departamento En Venta De 2 Dorm. En Estación Central;2830;CLF;2 dormitorios;2 baños;5.143 m² útiles;2 dormitorios | 2 baños | 5.143 m² útiles;Conde Del Maule Estacion Central, Estación Central;;-33.45338413192823;-70.69449248051292;Conde Del Maule Estacion Central, Estación Central, Santiago, Chile
2025-11-29 17:52:09;Estación Central;departamento;Edificio Conde Del Maule Vista Norte Piso 12;2085;CLF;1 dormitorio;1 baño;29 m² útiles;1 dormitorio | 1 baño | 29 m² útiles;Conde Del Maule 4642, Metro Ecuador, Estación Central;;-33.455249800000004;-70.7005326601452;Conde Del Maule 4642, Estación Central, Santiago, Chile
2025-11-29 17:52:09;Estación Central;departamento;Departamento En Venta De 3 Dorm. En Estación Central;3450;CLF;3 dormitorios;2 baños;6.927 m² útiles;3 dormitorios | 2 baños | 6.927 m² útiles;Av Ecuador, Metro Las Rejas, Estación Central;;-33.45259369917749;-70.69621462893853;Av Ecuador, Estación Central, Santiago, Chile
2025-11-29 17:52:09;Estación Central;departamento;Departamento En Venta De 2.5 Dorm. En Estación Central;3200;CLF;25 dormitorios;2 baños;6.642 m² útiles;25 dormitorios | 2 baños | 6.642 m² útiles;Conde Del Maule, Estación Central;;-33.45338413192823;-70.69449248051292;Conde Del Maule, Estación Central, Santiago, Chile
2025-11-29 17:52:09;Estación Central;departamento;Edificio Cnel. Souper Vista Sur Piso 11;2053;CLF;1 dormitorio;1 baño;35 m² útiles;1 dormitorio | 1 baño | 35 m² útiles;Cnel. Souper 4515, Metro Ecuador, Estación Central;;-33.45840905;-70.69699099182506;Cnel. Souper 4515, Estación Central, Santiago, Chile
2025-11-29 17:52:09;Estación Central;departamento;Edificio Av. Padre Alberto Hurtado (1 Bod.) Vista Sur Piso ;1730;CLF;2 dormitorios;2 baños;44 m² útiles;2 dormitorios | 2 baños | 44 m² útiles;Av. Padre Alberto Hurtado 59, San Alberto Hurtado, Estación Central;;-33.4542019;-70.6922721;Av. Padre Alberto Hurtado 59, Estación Central, Santiago, Chile
2025-11-29 17:52:09;Estación Central;departamento;Edificio Cnel. Souper Vista Norponiente Piso 16;2447;CLF;1 dormitorio;1 baño;35 m² útiles;1 dormitorio | 1 baño | 35 m² útiles;Cnel. Souper 4515, Metro Ecuador, Estación Central;;-33.45840905;-70.69699099182506;Cnel. Souper 4515, Estación Central, Santiago, Chile
2025-11-29 17:52:09;Estación Central;departamento;Edificio Cnel. Souper Vista Sur Piso 16;2300;CLF;1 dormitorio;1 baño;35 m² útiles;1 dormitorio | 1 baño | 35 m² útiles;Cnel. Souper 4515, Metro Ecuador, Estación Central;;-33.45840905;-70.69699099182506;Cnel. Souper 4515, Estación Central, Santiago, Chile
2025-11-29 17:52:09;Estación Central;departamento;Edificio Cnel. Souper (1 Bod.) Vista Sur Piso 6;3150;CLF;2 dormitorios;2 baños;56 m² útiles;2 dormitorios | 2 baños | 56 m² útiles;Cnel. Souper 4515, Metro Ecuador, Estación Central;;-33.45840905;-70.69699099182506;Cnel. Souper 4515, Estación Central, Santiago, Chile
2025-11-29 17:52:09;Estación Central;departamento;Tu Nuevo Hogar Se Encuentra En Venta En La Comuna Estacion C;2300;CLF;1 dormitorio;1 baño;36 m² útiles;1 dormitorio | 1 baño | 36 m² útiles;Placilla 65 Estación Central Región Metropolitana, San Alberto Hurtado, Estación Central;;-33.4536375;-70.6898654;Placilla 65 Estación Central Región politana, Estación Central, Santiago, Chile
2025-11-29 17:52:09;Estación Central;departamento;Edificio Cnel. Souper Vista Norte Piso 6;3200;CLF;2 dormitorios;2 baños;49 m² útiles;2 dormitorios | 2 baños | 49 m² útiles;Cnel. Souper 4515, Metro Ecuador, Estación Central;;-33.45840905;-70.69699099182506;Cnel. Souper 4515, Estación Central, Santiago, Chile
2025-11-29 17:52:09;Estación Central;departamento;Edificio Av. María Rozas Velásquez Vista Sur Piso 4;1686;CLF;1 dormitorio;1 baño;25 m² útiles;1 dormitorio | 1 baño | 25 m² útiles;Av. María Rozas Velásquez 65, Metro Las Rejas, Estación Central;;-33.453458999999995;-70.70575666155817;Av. María Rozas Velásquez 65, Estación Central, Santiago, Chile
2025-11-29 17:52:09;Estación Central;departamento;Venta Departamento San Alberto Hurtado Con Estacionamiento;2300;CLF;1 dormitorio;1 baño;36 m² útiles;1 dormitorio | 1 baño | 36 m² útiles;Placilla 65 Estación Región Metropolitana, San Alberto Hurtado, Estación Central;;-33.4536375;-70.6898654;Placilla 65 Estación Región politana, Estación Central, Santiago, Chile
2025-11-29 17:52:09;Estación Central;departamento;Edificio Cnel. Souper Vista Sur Piso 3;2400;CLF;1 dormitorio;1 baño;35 m² útiles;1 dormitorio | 1 baño | 35 m² útiles;Cnel. Souper 4515, Metro Ecuador, Estación Central;;-33.45840905;-70.69699099182506;Cnel. Souper 4515, Estación Central, Santiago, Chile
2025-11-29 17:52:09;Estación Central;departamento;Edificio Cnel. Souper Vista Sur Piso 17;2510;CLF;1 dormitorio;1 baño;33 m² útiles;1 dormitorio | 1 baño | 33 m² útiles;Cnel. Souper 4515, Metro Ecuador, Estación Central;;-33.45840905;-70.69699099182506;Cnel. Souper 4515, Estación Central, Santiago, Chile
2025-11-29 17:52:09;Estación Central;departamento;Edificio Av. María Rozas Velásquez Vista Oriente Piso 18;1686;CLF;1 dormitorio;1 baño;24 m² útiles;1 dormitorio | 1 baño | 24 m² útiles;Av. María Rozas Velásquez 65, Metro Las Rejas, Estación Central;;-33.453458999999995;-70.70575666155817;Av. María Rozas Velásquez 65, Estación Central, Santiago, Chile
2025-11-29 17:52:09;Estación Central;departamento;Edificio Av. María Rozas Velásquez Piso 23;1686;CLF;1 dormitorio;1 baño;;1 dormitorio | 1 baño;Av. María Rozas Velásquez 65, Metro Las Rejas, Estación Central;;-33.453458999999995;-70.70575666155817;Av. María Rozas Velásquez 65, Estación Central, Santiago, Chile
2025-11-29 17:52:09;Estación Central;departamento;Edificio Av. María Rozas Velásquez Vista Oriente Piso 15;1686;CLF;1 dormitorio;1 baño;27 m² útiles;1 dormitorio | 1 baño | 27 m² útiles;Av. María Rozas Velásquez 65, Metro Las Rejas, Estación Central;;-33.453458999999995;-70.70575666155817;Av. María Rozas Velásquez 65, Estación Central, Santiago, Chile
2025-11-29 17:52:09;Estación Central;departamento;Venta Depto Duplex Est,central, 2 Dorm 2 Baños V. Portales;90000000;CLP;3 dormitorios;2 baños;2 m² útiles;3 dormitorios | 2 baños | 2 m² útiles;Padre Alberto Hurtado / El Belloto, Universidad De Santiago, Estación Central;;-33.38893485;-70.54819940469355;Padre Alberto Hurtado / El Belloto, Estación Central, Santiago, Chile
2025-11-29 17:52:09;Estación Central;departamento;Edificio Toro Mazotte Vista Norte Piso 7;1971;CLF;1 dormitorio;1 baño;25 m² útiles;1 dormitorio | 1 baño | 25 m² útiles;Toro Mazotte 110, San Alberto Hurtado, Estación Central;;-33.4561216;-70.69120585222294;Toro Mazotte 110, Estación Central, Santiago, Chile
2025-11-29 17:52:09;Estación Central;departamento;Edificio Conde Del Maule Vista Sur Piso 22;1730;CLF;;1 baño;18 m² útiles;1 baño | 18 m² útiles;Conde Del Maule 4642, Metro Ecuador, Estación Central;;-33.455249800000004;-70.7005326601452;Conde Del Maule 4642, Estación Central, Santiago, Chile
2025-11-29 17:52:09;Estación Central;departamento;Venta Departamento 2d 2b E Y Bodega Metro Ecuador 57 Mt2;2000;CLF;2 dormitorios;2 baños;54 m² útiles;2 dormitorios | 2 baños | 54 m² útiles;Conde Del Maule / Purísima, Metro Ecuador, Estación Central;;-33.45338413192823;-70.69449248051292;Conde Del Maule / Purísima, Estación Central, Santiago, Chile
2025-11-29 17:52:09;Estación Central;departamento;Edificio Radal (1 Est. 1 Bod.) Vista Poniente Piso 2;2286;CLF;2 dormitorios;1 baño;41 m² útiles;2 dormitorios | 1 baño | 41 m² útiles;Radal 66, Metro Ecuador, Estación Central;;-33.45389288055556;-70.70190314444444;Radal 66, Estación Central, Santiago, Chile
2025-11-29 17:52:09;Estación Central;departamento;Venta Departamento Estación Central 1 Dormitorio 1 Baño ;900;CLF;1 dormitorio;1 baño;20 m² útiles;1 dormitorio | 1 baño | 20 m² útiles;Av. Maria Rozas Velasquez / Ecuador, Metro Las Rejas, Estación Central;;-33.44811330537181;-70.70726397825922;Av. Maria Rozas Velasquez / Ecuador, Estación Central, Santiago, Chile
2025-11-29 17:52:09;Estación Central;departamento;Edificio Conde Del Maule (1 Est. 1 Bod.) Vista Oriente Piso;2761;CLF;2 dormitorios;1 baño;40 m² útiles;2 dormitorios | 1 baño | 40 m² útiles;Conde Del Maule 4106, San Alberto Hurtado, Estación Central;;-33.453338599999995;-70.69272341819416;Conde Del Maule 4106, Estación Central, Santiago, Chile
2025-11-29 17:52:09;Estación Central;departamento;Edificio Radal Vista Oriente Piso 8;2270;CLF;1 dormitorio;1 baño;35 m² útiles;1 dormitorio | 1 baño | 35 m² útiles;Radal 0102, Metro Ecuador, Estación Central;;-33.45519585;-70.70162865;Radal 0102, Estación Central, Santiago, Chile
2025-11-29 17:52:09;Estación Central;departamento;Venta Departamento Etación Central Ecuador 1 Dormitorio Suit;1000;CLF;1 dormitorio;1 baño;25 m² útiles;1 dormitorio | 1 baño | 25 m² útiles;Santa Petronila / Ecuador, Metro Las Rejas, Estación Central;;-33.4551858;-70.7039451;Santa Petronila / Ecuador, Estación Central, Santiago, Chile
2025-11-29 17:52:09;Estación Central;departamento;Edificio María Rozas Velásquez Vista Poniente Piso 18;1900;CLF;1 dormitorio;1 baño;29 m² útiles;1 dormitorio | 1 baño | 29 m² útiles;María Rozas Velásquez 55, Metro Las Rejas, Estación Central;;-33.4540971;-70.70566517447065;María Rozas Velásquez 55, Estación Central, Santiago, Chile
2025-11-29 17:52:09;Estación Central;departamento;Venta Departamento Estación Central 2d, Est Y Bodega;1900;CLF;2 dormitorios;1 baño;39 m² útiles;2 dormitorios | 1 baño | 39 m² útiles;Av. Ecuador/ Conde Del Maule, San Alberto Hurtado, Estación Central;;-33.452246267002835;-70.69487519560441;Av. Ecuador/ Conde Del Maule, Estación Central, Santiago, Chile
2025-11-29 17:52:09;Estación Central;departamento;Venta Departamento Estación Central 3 Dormitorios M Ecuador;78000000;CLP;3 dormitorios;1 baño;54 m² útiles;3 dormitorios | 1 baño | 54 m² útiles;Gral. Amengual / Av. 5 Abril, Metro Ecuador, Estación Central;;-33.4626454;-70.6954546;Gral. Amengual / Av. 5 Abril, Estación Central, Santiago, Chile
2025-11-29 17:52:09;Estación Central;departamento;Oportunidad!! Departamento De 1d1b En Calle Toro Mazote, Est;2300;CLF;1 dormitorio;1 baño;37 m² útiles;1 dormitorio | 1 baño | 37 m² útiles;Conde Del Maule 4106, Piso 25, San Alberto Hurtado, Estación Central;;-33.453338599999995;-70.69272341819416;Conde Del Maule 4106, Estación Central, Santiago, Chile
2025-11-29 17:52:09;Estación Central;departamento;Oportunidad!! Departamento De 1d1b En Edif. Mirador Souper,;1700;CLF;1 dormitorio;1 baño;30 m² útiles;1 dormitorio | 1 baño | 30 m² útiles;Coronel Souper 4060, San Alberto Hurtado, Estación Central;;-33.45759365;-70.69053248762756;Coronel Souper 4060, Estación Central, Santiago, Chile
2025-11-29 17:52:34;Estación Central;departamento;Venta Departamento San Alberto Hurtado;1750;CLF;1 dormitorio;1 baño;35 m² útiles;1 dormitorio | 1 baño | 35 m² útiles;Entre Concon Y Placilla, San Alberto Hurtado, Estación Central;;-32.942807;-71.5339109;Entre Concon Y Placilla, Estación Central, Santiago, Chile
2025-11-29 17:52:34;Estación Central;departamento;Venta Departamento Est. Central 2 Dormitorio Metro Alberto H;1900;CLF;2 dormitorios;1 baño;49 m² útiles;2 dormitorios | 1 baño | 49 m² útiles;Toro Mazotte /Alberto Hurtado, San Alberto Hurtado, Estación Central;;-33.4546702;-70.6921038;Toro Mazotte /Alberto Hurtado, Estación Central, Santiago, Chile
2025-11-29 17:52:34;Estación Central;departamento;Edificio Radal (1 Est. 1 Bod.) Vista Poniente Piso 28;2685;CLF;2 dormitorios;1 baño;41 m² útiles;2 dormitorios | 1 baño | 41 m² útiles;Radal 66, Metro Ecuador, Estación Central;;-33.45389288055556;-70.70190314444444;Radal 66, Estación Central, Santiago, Chile
2025-11-29 17:52:34;Estación Central;departamento;Edificio Sta. Petronila Vista Norte Piso 19;1949;CLF;1 dormitorio;1 baño;27 m² útiles;1 dormitorio | 1 baño | 27 m² útiles;Sta. Petronila 32, Metro Las Rejas, Estación Central;;-33.45395685;-70.70490686904479;Sta. Petronila 32, Estación Central, Santiago, Chile
2025-11-29 17:52:34;Estación Central;departamento;Venta Departamento Estación Central 2 Dormitorios Estacionam;2000;CLF;2 dormitorios;2 baños;43 m² útiles;2 dormitorios | 2 baños | 43 m² útiles;Coronel Godoy/ Ecuador, San Alberto Hurtado, Estación Central;;-33.4559226;-70.6997325;Coronel Godoy/ Ecuador, Estación Central, Santiago, Chile
2025-11-29 17:52:34;Estación Central;departamento;Venta Departamento San Alberto Hurtado;1750;CLF;1 dormitorio;1 baño;39 m² útiles;1 dormitorio | 1 baño | 39 m² útiles;Porto Seguro, San Alberto Hurtado, Estación Central;;-33.44838;-70.702534;Porto Seguro, Estación Central, Santiago, Chile
2025-11-29 17:52:34;Estación Central;departamento;Departamento En Venta De 1 Dorm. En Estación Central;1990;CLF;1 dormitorio;1 baño;37 m² útiles;1 dormitorio | 1 baño | 37 m² útiles;Cerca Autopista Central, San Alberto Hurtado, Estación Central;;-33.4536375;-70.6898654;Cerca Autopista Central, Estación Central, Santiago, Chile
2025-11-29 17:52:34;Estación Central;departamento;Depto En Venta De 1d 1b, Estación Central (inversión);1550;CLF;1 dormitorio;1 baño;30 m² útiles;1 dormitorio | 1 baño | 30 m² útiles;Santa Petronila, Metro Las Rejas, Estación Central;;-33.450666050424914;-70.70481665135743;Santa Petronila, Estación Central, Santiago, Chile
2025-11-29 17:52:34;Estación Central;departamento;Venta,departamento,estacion Central 2dormitorios2baños,estac;135000000;CLP;2 dormitorios;2 baños;49 m² útiles;2 dormitorios | 2 baños | 49 m² útiles;Hipolito Olivares/Conde Del Maule, Metro Ecuador, Estación Central;;-33.45494189912804;-70.69846754730484;Hipolito Olivares/Conde Del Maule, Estación Central, Santiago, Chile
2025-11-29 17:52:34;Estación Central;departamento;Venta, Departamento, Estación Central,dormitorio1baño,living;85000000;CLP;1 dormitorio;1 baño;31 m² útiles;1 dormitorio | 1 baño | 31 m² útiles;Hipolito Olivares/Conde Del Maule, Metro Ecuador, Estación Central;;-33.45494189912804;-70.69846754730484;Hipolito Olivares/Conde Del Maule, Estación Central, Santiago, Chile
2025-11-29 17:52:34;Estación Central;departamento;Edificio Conde Del Maule Vista Norte Piso 11;2300;CLF;1 dormitorio;1 baño;31 m² útiles;1 dormitorio | 1 baño | 31 m² útiles;Conde Del Maule 4106, San Alberto Hurtado, Estación Central;;-33.453338599999995;-70.69272341819416;Conde Del Maule 4106, Estación Central, Santiago, Chile
2025-11-29 17:52:34;Estación Central;departamento;Edificio Nicasio Retamales Vista Norte Piso 8;1800;CLF;2 dormitorios;1 baño;39 m² útiles;2 dormitorios | 1 baño | 39 m² útiles;Nicasio Retamales 115, Universidad De Santiago, Estación Central;;-33.45184457916666;-70.68966457083333;Nicasio Retamales 115, Estación Central, Santiago, Chile
2025-11-29 17:52:34;Estación Central;departamento;Edificio Nicasio Retamales (1 Bod.) Vista Norte Piso 5;1700;CLF;1 dormitorio;1 baño;31 m² útiles;1 dormitorio | 1 baño | 31 m² útiles;Nicasio Retamales 115, Universidad De Santiago, Estación Central;;-33.45184457916666;-70.68966457083333;Nicasio Retamales 115, Estación Central, Santiago, Chile
2025-11-29 17:52:34;Estación Central;departamento;Edificio Nicasio Retamales Vista Norte Piso 8;2700;CLF;2 dormitorios;1 baño;40 m² útiles;2 dormitorios | 1 baño | 40 m² útiles;Nicasio Retamales 048 058, Universidad De Santiago, Estación Central;;-33.458212903576616;-70.68794611608213;Nicasio Retamales 048 058, Estación Central, Santiago, Chile
2025-11-29 17:52:34;Estación Central;departamento;Edificio Nicasio Retamales (1 Est. 1 Bod.) Vista Oriente Pi;2979;CLF;2 dormitorios;2 baños;48 m² útiles;2 dormitorios | 2 baños | 48 m² útiles;Nicasio Retamales 115, Universidad De Santiago, Estación Central;;-33.45184457916666;-70.68966457083333;Nicasio Retamales 115, Estación Central, Santiago, Chile
2025-11-29 17:52:34;Estación Central;departamento;Edificio Coronel Souper Vista Poniente Piso 18;1290;CLF;1 dormitorio;1 baño;31 m² útiles;1 dormitorio | 1 baño | 31 m² útiles;Coronel Souper 4158, San Alberto Hurtado, Estación Central;;-33.45757055;-70.69191857908524;Coronel Souper 4158, Estación Central, Santiago, Chile
2025-11-29 17:52:34;Estación Central;departamento;Edificio Cnel. Souper Vista Norte Piso 18;2900;CLF;2 dormitorios;2 baños;56 m² útiles;2 dormitorios | 2 baños | 56 m² útiles;Cnel. Souper 4515, Metro Ecuador, Estación Central;;-33.45840905;-70.69699099182506;Cnel. Souper 4515, Estación Central, Santiago, Chile
2025-11-29 17:52:34;Estación Central;departamento;Edificio Nicasio Retamales Vista Surponiente Piso 25;2000;CLF;;1 baño;23 m² útiles;1 baño | 23 m² útiles;Nicasio Retamales 115, Universidad De Santiago, Estación Central;;-33.45184457916666;-70.68966457083333;Nicasio Retamales 115, Estación Central, Santiago, Chile
2025-11-29 17:52:34;Estación Central;departamento;Edificio Av. Padre Alberto Hurtado (1 Bod.) Vista Poniente ;1730;CLF;2 dormitorios;1 baño;35 m² útiles;2 dormitorios | 1 baño | 35 m² útiles;Av. Padre Alberto Hurtado 59, San Alberto Hurtado, Estación Central;;-33.4542019;-70.6922721;Av. Padre Alberto Hurtado 59, Estación Central, Santiago, Chile
2025-11-29 17:52:34;Estación Central;departamento;Edificio Toro Mazote Piso 3;1560;CLF;;1 baño;27 m² útiles;1 baño | 27 m² útiles;Toro Mazote 76, San Alberto Hurtado, Estación Central;;-33.455381;-70.69151716262756;Toro Mazote 76, Estación Central, Santiago, Chile
2025-11-29 17:52:34;Estación Central;departamento;Edificio Conde Del Maule Vista Norte Piso 18;1176;CLF;;1 baño;21 m² útiles;1 baño | 21 m² útiles;Conde Del Maule 4364, San Alberto Hurtado, Estación Central;;-33.4540918;-70.69579746259737;Conde Del Maule 4364, Estación Central, Santiago, Chile
2025-11-29 17:52:34;Estación Central;departamento;Edificio Nicasio Retamales (1 Est.) Vista Oriente Piso 7;3453;CLF;2 dormitorios;2 baños;45 m² útiles;2 dormitorios | 2 baños | 45 m² útiles;Nicasio Retamales 048 058, Universidad De Santiago, Estación Central;;-33.458212903576616;-70.68794611608213;Nicasio Retamales 048 058, Estación Central, Santiago, Chile
2025-11-29 17:52:34;Estación Central;departamento;Edificio Nicasio Retamales Vista Sur Piso 21;2200;CLF;2 dormitorios;1 baño;39 m² útiles;2 dormitorios | 1 baño | 39 m² útiles;Nicasio Retamales 115, Universidad De Santiago, Estación Central;;-33.45184457916666;-70.68966457083333;Nicasio Retamales 115, Estación Central, Santiago, Chile
2025-11-29 17:52:34;Estación Central;departamento;Edificio Conde Del Maule Vista Norte Piso 19;1176;CLF;;1 baño;19 m² útiles;1 baño | 19 m² útiles;Conde Del Maule 4364, San Alberto Hurtado, Estación Central;;-33.4540918;-70.69579746259737;Conde Del Maule 4364, Estación Central, Santiago, Chile
2025-11-29 17:52:34;Estación Central;departamento;Edificio Nicasio Retamales Vista Norte Piso 20;2200;CLF;2 dormitorios;1 baño;39 m² útiles;2 dormitorios | 1 baño | 39 m² útiles;Nicasio Retamales 115, Estación Central;;-33.45184457916666;-70.68966457083333;Nicasio Retamales 115, Estación Central, Santiago, Chile
2025-11-29 17:52:34;Estación Central;departamento;Edificio Nicasio Retamales Vista Norte Piso 12;1900;CLF;1 dormitorio;1 baño;32 m² útiles;1 dormitorio | 1 baño | 32 m² útiles;Nicasio Retamales 115, Universidad De Santiago, Estación Central;;-33.45184457916666;-70.68966457083333;Nicasio Retamales 115, Estación Central, Santiago, Chile
2025-11-29 17:52:34;Estación Central;departamento;Edificio Nicasio Retamales (1 Bod.) Vista Oriente Piso 2;2163;CLF;1 dormitorio;1 baño;31 m² útiles;1 dormitorio | 1 baño | 31 m² útiles;Nicasio Retamales 115, Universidad De Santiago, Estación Central;;-33.45184457916666;-70.68966457083333;Nicasio Retamales 115, Estación Central, Santiago, Chile
2025-11-29 17:52:34;Estación Central;departamento;Edificio Conde Del Maule (1 Est.) Piso 9;2241;CLF;2 dormitorios;1 baño;39 m² útiles;2 dormitorios | 1 baño | 39 m² útiles;Conde Del Maule 4470, San Alberto Hurtado, Estación Central;;-33.45425975;-70.69673889184014;Conde Del Maule 4470, Estación Central, Santiago, Chile
2025-11-29 17:52:34;Estación Central;departamento;Edificio Nicasio Retamales Vista Sur Piso 23;2000;CLF;;1 baño;26 m² útiles;1 baño | 26 m² útiles;Nicasio Retamales 115, Universidad De Santiago, Estación Central;;-33.45184457916666;-70.68966457083333;Nicasio Retamales 115, Estación Central, Santiago, Chile
2025-11-29 17:52:34;Estación Central;departamento;Edificio Carlos Pezoa Véliz Vista Poniente Piso 8;2114;CLF;1 dormitorio;1 baño;31 m² útiles;1 dormitorio | 1 baño | 31 m² útiles;Carlos Pezoa Véliz 143, Metro Ecuador, Estación Central;;-33.45506720416667;-70.70313985;Carlos Pezoa Véliz 143, Estación Central, Santiago, Chile
2025-11-29 17:52:34;Estación Central;departamento;Edificio Nicasio Retamales Vista Oriente Piso 8;1900;CLF;;1 baño;26 m² útiles;1 baño | 26 m² útiles;Nicasio Retamales 115, Universidad De Santiago, Estación Central;;-33.45184457916666;-70.68966457083333;Nicasio Retamales 115, Estación Central, Santiago, Chile
2025-11-29 17:52:34;Estación Central;departamento;Edificio Nicasio Retamales (1 Bod.) Vista Norte Piso 4;1700;CLF;1 dormitorio;1 baño;31 m² útiles;1 dormitorio | 1 baño | 31 m² útiles;Nicasio Retamales 115, Estación Central;;-33.45184457916666;-70.68966457083333;Nicasio Retamales 115, Estación Central, Santiago, Chile
2025-11-29 17:52:34;Estación Central;departamento;Edificio Nicasio Retamales Vista Poniente Piso 5;2026;CLF;1 dormitorio;1 baño;31 m² útiles;1 dormitorio | 1 baño | 31 m² útiles;Nicasio Retamales 115, Universidad De Santiago, Estación Central;;-33.45184457916666;-70.68966457083333;Nicasio Retamales 115, Estación Central, Santiago, Chile
2025-11-29 17:52:34;Estación Central;departamento;Edificio Coronel Souper (1 Bod.) Vista Sur Piso 6;2710;CLF;2 dormitorios;2 baños;53 m² útiles;2 dormitorios | 2 baños | 53 m² útiles;Coronel Souper 4158, San Alberto Hurtado, Estación Central;;-33.45757055;-70.69191857908524;Coronel Souper 4158, Estación Central, Santiago, Chile
2025-11-29 17:52:34;Estación Central;departamento;Edificio Nicasio Retamales Vista Sur Piso 19;2330;CLF;1 dormitorio;1 baño;33 m² útiles;1 dormitorio | 1 baño | 33 m² útiles;Nicasio Retamales 115, Universidad De Santiago, Estación Central;;-33.45184457916666;-70.68966457083333;Nicasio Retamales 115, Estación Central, Santiago, Chile
2025-11-29 17:52:34;Estación Central;departamento;Edificio Conde Del Maule Vista Poniente Piso 15;1440;CLF;1 dormitorio;1 baño;29 m² útiles;1 dormitorio | 1 baño | 29 m² útiles;Conde Del Maule 4364, San Alberto Hurtado, Estación Central;;-33.4540918;-70.69579746259737;Conde Del Maule 4364, Estación Central, Santiago, Chile
2025-11-29 17:52:34;Estación Central;departamento;Edificio Conde Del Maule Vista Norte Piso 20;1176;CLF;;1 baño;18 m² útiles;1 baño | 18 m² útiles;Conde Del Maule 4364, San Alberto Hurtado, Estación Central;;-33.4540918;-70.69579746259737;Conde Del Maule 4364, Estación Central, Santiago, Chile
2025-11-29 17:52:34;Estación Central;departamento;Edificio Conde Del Maule Vista Oriente Piso 20;1990;CLF;1 dormitorio;1 baño;30 m² útiles;1 dormitorio | 1 baño | 30 m² útiles;Conde Del Maule 4470, San Alberto Hurtado, Estación Central;;-33.45425975;-70.69673889184014;Conde Del Maule 4470, Estación Central, Santiago, Chile
2025-11-29 17:52:34;Estación Central;departamento;Edificio Nicasio Retamales Vista Oriente Piso 20;2330;CLF;1 dormitorio;1 baño;31 m² útiles;1 dormitorio | 1 baño | 31 m² útiles;Nicasio Retamales 115, Universidad De Santiago, Estación Central;;-33.45184457916666;-70.68966457083333;Nicasio Retamales 115, Estación Central, Santiago, Chile
2025-11-29 17:52:34;Estación Central;departamento;Edificio Nicasio Retamales (1 Est. 1 Bod.) Vista Norte Piso;2720;CLF;1 dormitorio;1 baño;32 m² útiles;1 dormitorio | 1 baño | 32 m² útiles;Nicasio Retamales 115, Universidad De Santiago, Estación Central;;-33.45184457916666;-70.68966457083333;Nicasio Retamales 115, Estación Central, Santiago, Chile
2025-11-29 17:52:34;Estación Central;departamento;Edificio Cnel. Souper Vista Norponiente Piso 13;2380;CLF;1 dormitorio;1 baño;31 m² útiles;1 dormitorio | 1 baño | 31 m² útiles;Cnel. Souper 4515, Metro Ecuador, Estación Central;;-33.45840905;-70.69699099182506;Cnel. Souper 4515, Estación Central, Santiago, Chile
2025-11-29 17:52:34;Estación Central;departamento;Edificio Nicasio Retamales (1 Bod.) Vista Sur Piso 13;1950;CLF;;1 baño;26 m² útiles;1 baño | 26 m² útiles;Nicasio Retamales 115, Universidad De Santiago, Estación Central;;-33.45184457916666;-70.68966457083333;Nicasio Retamales 115, Estación Central, Santiago, Chile
2025-11-29 17:52:34;Estación Central;departamento;Edificio Conde Del Maule Piso 10;1440;CLF;1 dormitorio;1 baño;29 m² totales;1 dormitorio | 1 baño | 29 m² totales;Conde Del Maule 4364, San Alberto Hurtado, Estación Central;;-33.4540918;-70.69579746259737;Conde Del Maule 4364, Estación Central, Santiago, Chile
2025-11-29 17:52:34;Estación Central;departamento;Edificio Conde Del Maule Vista Poniente Piso 9;1440;CLF;1 dormitorio;1 baño;26 m² útiles;1 dormitorio | 1 baño | 26 m² útiles;Conde Del Maule 4364, San Alberto Hurtado, Estación Central;;-33.4540918;-70.69579746259737;Conde Del Maule 4364, Estación Central, Santiago, Chile
2025-11-29 17:52:34;Estación Central;departamento;Edificio Conde Del Maule Vista Sur Piso 3;1440;CLF;1 dormitorio;1 baño;29 m² útiles;1 dormitorio | 1 baño | 29 m² útiles;Conde Del Maule 4364, San Alberto Hurtado, Estación Central;;-33.4540918;-70.69579746259737;Conde Del Maule 4364, Estación Central, Santiago, Chile
2025-11-29 17:52:34;Estación Central;departamento;Edificio Cnel. Souper Vista Sur Piso 7;1945;CLF;1 dormitorio;1 baño;35 m² útiles;1 dormitorio | 1 baño | 35 m² útiles;Cnel. Souper 4515, Metro Ecuador, Estación Central;;-33.45840905;-70.69699099182506;Cnel. Souper 4515, Estación Central, Santiago, Chile
2025-11-29 17:52:34;Estación Central;departamento;Edificio Cnel. Souper Vista Sur Piso 14;2390;CLF;1 dormitorio;1 baño;35 m² útiles;1 dormitorio | 1 baño | 35 m² útiles;Cnel. Souper 4515, Metro Ecuador, Estación Central;;-33.45840905;-70.69699099182506;Cnel. Souper 4515, Estación Central, Santiago, Chile
2025-11-29 17:52:47;Estación Central;departamento;Edificio Conde Del Maule (1 Est.) Vista Poniente Piso 9;2247;CLF;2 dormitorios;1 baño;39 m² útiles;2 dormitorios | 1 baño | 39 m² útiles;Conde Del Maule 4470, San Alberto Hurtado, Estación Central;;-33.45425975;-70.69673889184014;Conde Del Maule 4470, Estación Central, Santiago, Chile
2025-11-29 17:52:47;Estación Central;departamento;Edificio Nicasio Retamales (1 Bod.) Vista Sur Piso 6;1950;CLF;;1 baño;26 m² útiles;1 baño | 26 m² útiles;Nicasio Retamales 115, Universidad De Santiago, Estación Central;;-33.45184457916666;-70.68966457083333;Nicasio Retamales 115, Estación Central, Santiago, Chile
2025-11-29 17:52:47;Estación Central;departamento;Edificio Nicasio Retamales Vista Oriente Piso 1;1905;CLF;1 dormitorio;1 baño;31 m² útiles;1 dormitorio | 1 baño | 31 m² útiles;Nicasio Retamales 115, Universidad De Santiago, Estación Central;;-33.45184457916666;-70.68966457083333;Nicasio Retamales 115, Estación Central, Santiago, Chile
2025-11-29 17:52:47;Estación Central;departamento;Edificio Av. Ecuador Vista Norte Piso 10;2320;CLF;1 dormitorio;1 baño;32 m² útiles;1 dormitorio | 1 baño | 32 m² útiles;Av. Ecuador 3866, Universidad De Santiago, Estación Central;;-33.4559226;-70.6997325;Av. Ecuador 3866, Estación Central, Santiago, Chile
2025-11-29 17:52:47;Estación Central;departamento;Edificio Av Libertador Bernardo O'higgins (1 Est. 1 Bod.) V;3303;CLF;2 dormitorios;2 baños;45 m² útiles;2 dormitorios | 2 baños | 45 m² útiles;Av Libertador Bernardo O'Higgins 4103, San Alberto Hurtado, Estación Central;;-33.453686149999996;-70.69258189282934;Av Libertador Bernardo O'Higgins 4103, Estación Central, Santiago, Chile
2025-11-29 17:52:47;Estación Central;departamento;Edificio Av. María Rozas Velásquez (1 Est. 1 Bod.) Vista ;2750;CLF;2 dormitorios;2 baños;42 m² útiles;2 dormitorios | 2 baños | 42 m² útiles;Av. María Rozas Velásquez 51, Metro Las Rejas, Estación Central;;-33.45442295;-70.7056221847387;Av. María Rozas Velásquez 51, Estación Central, Santiago, Chile
2025-11-29 17:52:47;Estación Central;departamento;Edificio Nicasio Retamales (1 Est. 1 Bod.) Vista Oriente Pi;2400;CLF;2 dormitorios;1 baño;40 m² útiles;2 dormitorios | 1 baño | 40 m² útiles;Nicasio Retamales 115, Estación Central;;-33.45184457916666;-70.68966457083333;Nicasio Retamales 115, Estación Central, Santiago, Chile
2025-11-29 17:52:47;Estación Central;departamento;Edificio Cnel. Souper (1 Est. 1 Bod.) Vista Norte Piso 10;2815;CLF;1 dormitorio;1 baño;35 m² útiles;1 dormitorio | 1 baño | 35 m² útiles;Cnel. Souper 4515, Metro Ecuador, Estación Central;;-33.45840905;-70.69699099182506;Cnel. Souper 4515, Estación Central, Santiago, Chile
2025-11-29 17:52:47;Estación Central;departamento;Edificio Cnel. Souper (1 Est. 1 Bod.) Vista Nororiente Piso;3665;CLF;2 dormitorios;2 baños;53 m² útiles;2 dormitorios | 2 baños | 53 m² útiles;Cnel. Souper 4515, Metro Ecuador, Estación Central;;-33.45840905;-70.69699099182506;Cnel. Souper 4515, Estación Central, Santiago, Chile
2025-11-29 17:52:47;Estación Central;departamento;Edificio Nicasio Retamales (1 Est. 1 Bod.) Vista Sur Piso 2;2900;CLF;2 dormitorios;1 baño;40 m² útiles;2 dormitorios | 1 baño | 40 m² útiles;Nicasio Retamales 115, Universidad De Santiago, Estación Central;;-33.45184457916666;-70.68966457083333;Nicasio Retamales 115, Estación Central, Santiago, Chile
2025-11-29 17:52:47;Estación Central;departamento;Edificio Av. Ecuador Vista Norte Piso 4;2320;CLF;1 dormitorio;1 baño;27 m² útiles;1 dormitorio | 1 baño | 27 m² útiles;Av. Ecuador 3866, Universidad De Santiago, Estación Central;;-33.4559226;-70.6997325;Av. Ecuador 3866, Estación Central, Santiago, Chile
2025-11-29 17:52:47;Estación Central;departamento;Edificio Cnel. Souper Vista Norte Piso 2;2706;CLF;2 dormitorios;2 baños;56 m² útiles;2 dormitorios | 2 baños | 56 m² útiles;Cnel. Souper 4515, Metro Ecuador, Estación Central;;-33.45840905;-70.69699099182506;Cnel. Souper 4515, Estación Central, Santiago, Chile
2025-11-29 17:52:47;Estación Central;departamento;Edificio Nicasio Retamales Vista Norte Piso 18;2361;CLF;1 dormitorio;1 baño;32 m² útiles;1 dormitorio | 1 baño | 32 m² útiles;Nicasio Retamales 115, Universidad De Santiago, Estación Central;;-33.45184457916666;-70.68966457083333;Nicasio Retamales 115, Estación Central, Santiago, Chile
2025-11-29 17:52:47;Estación Central;departamento;Edificio Cnel. Souper (1 Est.) Vista Surponiente Piso 16;2685;CLF;1 dormitorio;1 baño;35 m² útiles;1 dormitorio | 1 baño | 35 m² útiles;Cnel. Souper 4515, Metro Ecuador, Estación Central;;-33.45840905;-70.69699099182506;Cnel. Souper 4515, Estación Central, Santiago, Chile
2025-11-29 17:52:47;Estación Central;departamento;Edificio Conde Del Maule Vista Oriente Piso 20;1990;CLF;1 dormitorio;1 baño;30 m² útiles;1 dormitorio | 1 baño | 30 m² útiles;Conde Del Maule 4470, San Alberto Hurtado, Estación Central;;-33.45425975;-70.69673889184014;Conde Del Maule 4470, Estación Central, Santiago, Chile
2025-11-29 17:52:47;Estación Central;departamento;Edificio Conde Del Maule Vista Oriente Piso 19;2290;CLF;2 dormitorios;1 baño;39 m² útiles;2 dormitorios | 1 baño | 39 m² útiles;Conde Del Maule 4470, San Alberto Hurtado, Estación Central;;-33.45425975;-70.69673889184014;Conde Del Maule 4470, Estación Central, Santiago, Chile
2025-11-29 17:52:47;Estación Central;departamento;Edificio Nicasio Retamales Vista Oriente Piso 16;2330;CLF;1 dormitorio;1 baño;31 m² útiles;1 dormitorio | 1 baño | 31 m² útiles;Nicasio Retamales 115, Universidad De Santiago, Estación Central;;-33.45184457916666;-70.68966457083333;Nicasio Retamales 115, Estación Central, Santiago, Chile
2025-11-29 17:52:47;Estación Central;departamento;Edificio Nicasio Retamales (1 Est. 1 Bod.) Vista Oriente Pi;2760;CLF;1 dormitorio;1 baño;31 m² útiles;1 dormitorio | 1 baño | 31 m² útiles;Nicasio Retamales 115, Universidad De Santiago, Estación Central;;-33.45184457916666;-70.68966457083333;Nicasio Retamales 115, Estación Central, Santiago, Chile
2025-11-29 17:52:47;Estación Central;departamento;Edificio Nicasio Retamales Vista Oriente Piso 14;2340;CLF;1 dormitorio;1 baño;31 m² útiles;1 dormitorio | 1 baño | 31 m² útiles;Nicasio Retamales 115, Universidad De Santiago, Estación Central;;-33.45184457916666;-70.68966457083333;Nicasio Retamales 115, Estación Central, Santiago, Chile
2025-11-29 17:52:47;Estación Central;departamento;Edificio Nicasio Retamales Vista Sur Piso 20;2330;CLF;1 dormitorio;1 baño;33 m² útiles;1 dormitorio | 1 baño | 33 m² útiles;Nicasio Retamales 115, Universidad De Santiago, Estación Central;;-33.45184457916666;-70.68966457083333;Nicasio Retamales 115, Estación Central, Santiago, Chile
2025-11-29 17:52:47;Estación Central;departamento;Edificio Av. Ecuador Vista Norte Piso 15;2320;CLF;1 dormitorio;1 baño;27 m² útiles;1 dormitorio | 1 baño | 27 m² útiles;Av. Ecuador 3866, Universidad De Santiago, Estación Central;;-33.4559226;-70.6997325;Av. Ecuador 3866, Estación Central, Santiago, Chile
2025-11-29 17:52:47;Estación Central;departamento;Edificio Av. Ecuador (1 Est.) Vista Norte Piso 26;1753;CLF;1 dormitorio;1 baño;32 m² útiles;1 dormitorio | 1 baño | 32 m² útiles;Av. Ecuador 3866, Universidad De Santiago, Estación Central;;-33.4559226;-70.6997325;Av. Ecuador 3866, Estación Central, Santiago, Chile
2025-11-29 17:52:47;Estación Central;departamento;Edificio Nicasio Retamales Vista Oriente Piso 19;2500;CLF;2 dormitorios;1 baño;39 m² útiles;2 dormitorios | 1 baño | 39 m² útiles;Nicasio Retamales 115, Estación Central;;-33.45184457916666;-70.68966457083333;Nicasio Retamales 115, Estación Central, Santiago, Chile
2025-11-29 17:52:47;Estación Central;departamento;Edificio Nicasio Retamales (1 Est. 1 Bod.) Vista Poniente P;2720;CLF;1 dormitorio;1 baño;31 m² útiles;1 dormitorio | 1 baño | 31 m² útiles;Nicasio Retamales 115, Universidad De Santiago, Estación Central;;-33.45184457916666;-70.68966457083333;Nicasio Retamales 115, Estación Central, Santiago, Chile
2025-11-29 17:52:47;Estación Central;departamento;Edificio Av. Ecuador (1 Est.) Vista Oriente Piso 15;2600;CLF;1 dormitorio;1 baño;32 m² útiles;1 dormitorio | 1 baño | 32 m² útiles;Av. Ecuador 3866, Universidad De Santiago, Estación Central;;-33.4559226;-70.6997325;Av. Ecuador 3866, Estación Central, Santiago, Chile
2025-11-29 17:52:47;Estación Central;departamento;Edificio Av Libertador Bernardo O'higgins Vista Poniente Pi;2330;CLF;1 dormitorio;1 baño;31 m² útiles;1 dormitorio | 1 baño | 31 m² útiles;Av Libertador Bernardo O'Higgins 4103, San Alberto Hurtado, Estación Central;;-33.453686149999996;-70.69258189282934;Av Libertador Bernardo O'Higgins 4103, Estación Central, Santiago, Chile
2025-11-29 17:52:47;Estación Central;departamento;Edificio Toro Mazote Vista Sur Piso 16;1800;CLF;1 dormitorio;1 baño;28 m² útiles;1 dormitorio | 1 baño | 28 m² útiles;Toro Mazote 76, San Alberto Hurtado, Estación Central;;-33.455381;-70.69151716262756;Toro Mazote 76, Estación Central, Santiago, Chile
2025-11-29 17:52:47;Estación Central;departamento;Edificio Coronel Souper Vista Norte Piso 3;2650;CLF;2 dormitorios;2 baños;55 m² útiles;2 dormitorios | 2 baños | 55 m² útiles;Coronel Souper 4158, San Alberto Hurtado, Estación Central;;-33.45757055;-70.69191857908524;Coronel Souper 4158, Estación Central, Santiago, Chile
2025-11-29 17:52:47;Estación Central;departamento;Edificio Placilla Vista Poniente Piso 14;1807;CLF;1 dormitorio;1 baño;35 m² útiles;1 dormitorio | 1 baño | 35 m² útiles;Placilla 149, San Alberto Hurtado, Estación Central;;-33.4570044;-70.694260316884;Placilla 149, Estación Central, Santiago, Chile
2025-11-29 17:52:47;Estación Central;departamento;Edificio Av Libertador Bernardo O'higgins (1 Est. 1 Bod.) V;2730;CLF;2 dormitorios;2 baños;49 m² útiles;2 dormitorios | 2 baños | 49 m² útiles;Av Libertador Bernardo O'Higgins 4103, San Alberto Hurtado, Estación Central;;-33.453686149999996;-70.69258189282934;Av Libertador Bernardo O'Higgins 4103, Estación Central, Santiago, Chile
2025-11-29 17:52:47;Estación Central;departamento;Edificio Av. María Rozas Velásquez Piso 20;1686;CLF;1 dormitorio;1 baño;;1 dormitorio | 1 baño;Av. María Rozas Velásquez 65, Metro Las Rejas, Estación Central;;-33.453458999999995;-70.70575666155817;Av. María Rozas Velásquez 65, Estación Central, Santiago, Chile
2025-11-29 17:52:47;Estación Central;departamento;Edificio Av Libertador Bernardo O'higgins Vista Poniente Pi;2030;CLF;1 dormitorio;1 baño;32 m² útiles;1 dormitorio | 1 baño | 32 m² útiles;Av Libertador Bernardo O'Higgins 4103, San Alberto Hurtado, Estación Central;;-33.453686149999996;-70.69258189282934;Av Libertador Bernardo O'Higgins 4103, Estación Central, Santiago, Chile
2025-11-29 17:52:47;Estación Central;departamento;Edificio Av Libertador Bernardo O'higgins Vista Sur Piso 15;2305;CLF;1 dormitorio;1 baño;33 m² útiles;1 dormitorio | 1 baño | 33 m² útiles;Av Libertador Bernardo O'Higgins 4103, San Alberto Hurtado, Estación Central;;-33.453686149999996;-70.69258189282934;Av Libertador Bernardo O'Higgins 4103, Estación Central, Santiago, Chile
2025-11-29 17:52:47;Estación Central;departamento;Edificio Av. María Rozas Velásquez Vista Oriente Piso 19;1686;CLF;1 dormitorio;1 baño;26 m² útiles;1 dormitorio | 1 baño | 26 m² útiles;Av. María Rozas Velásquez 65, Metro Las Rejas, Estación Central;;-33.453458999999995;-70.70575666155817;Av. María Rozas Velásquez 65, Estación Central, Santiago, Chile
2025-11-29 17:52:47;Estación Central;departamento;Edificio Av Libertador Bernardo O'higgins (1 Est. 1 Bod.) V;3200;CLF;2 dormitorios;1 baño;41 m² útiles;2 dormitorios | 1 baño | 41 m² útiles;Av Libertador Bernardo O'Higgins 4103, San Alberto Hurtado, Estación Central;;-33.453686149999996;-70.69258189282934;Av Libertador Bernardo O'Higgins 4103, Estación Central, Santiago, Chile
2025-11-29 17:52:47;Estación Central;departamento;Edificio Av Libertador Bernardo O'higgins (1 Est. 1 Bod.) V;3300;CLF;2 dormitorios;2 baños;45 m² útiles;2 dormitorios | 2 baños | 45 m² útiles;Av Libertador Bernardo O'Higgins 4103, San Alberto Hurtado, Estación Central;;-33.453686149999996;-70.69258189282934;Av Libertador Bernardo O'Higgins 4103, Estación Central, Santiago, Chile
2025-11-29 17:52:47;Estación Central;departamento;Edificio Av. Ecuador Vista Sur Piso 4;1650;CLF;;1 baño;27 m² útiles;1 baño | 27 m² útiles;Av. Ecuador 3866, Estación Central;;-33.4559226;-70.6997325;Av. Ecuador 3866, Estación Central, Santiago, Chile
2025-11-29 17:52:47;Estación Central;departamento;Edificio Toro Mazote Vista Oriente Piso 12;2336;CLF;2 dormitorios;1 baño;46 m² útiles;2 dormitorios | 1 baño | 46 m² útiles;Toro Mazote 76, San Alberto Hurtado, Estación Central;;-33.455381;-70.69151716262756;Toro Mazote 76, Estación Central, Santiago, Chile
2025-11-29 17:52:47;Estación Central;departamento;Edificio Toro Mazote Vista Norte Piso 18;1800;CLF;1 dormitorio;1 baño;28 m² útiles;1 dormitorio | 1 baño | 28 m² útiles;Toro Mazote 76, San Alberto Hurtado, Estación Central;;-33.455381;-70.69151716262756;Toro Mazote 76, Estación Central, Santiago, Chile
2025-11-29 17:52:47;Estación Central;departamento;Edificio Av. María Rozas Velásquez Piso 18;1686;CLF;1 dormitorio;1 baño;;1 dormitorio | 1 baño;Av. María Rozas Velásquez 65, Metro Las Rejas, Estación Central;;-33.453458999999995;-70.70575666155817;Av. María Rozas Velásquez 65, Estación Central, Santiago, Chile
2025-11-29 17:52:47;Estación Central;departamento;Edificio Av. María Rozas Velásquez Piso 4;1686;CLF;1 dormitorio;1 baño;;1 dormitorio | 1 baño;Av. María Rozas Velásquez 65, Metro Las Rejas, Estación Central;;-33.453458999999995;-70.70575666155817;Av. María Rozas Velásquez 65, Estación Central, Santiago, Chile
2025-11-29 17:52:47;Estación Central;departamento;Edificio San Gumercindo Vista Poniente Piso 7;1700;CLF;;1 baño;25 m² útiles;1 baño | 25 m² útiles;San Gumercindo 77, San Alberto Hurtado, Estación Central;;-33.45141815;-70.6949413593066;San Gumercindo 77, Estación Central, Santiago, Chile
2025-11-29 17:52:47;Estación Central;departamento;Edificio Placilla (2 Bod.) Vista Oriente Piso 7;2350;CLF;2 dormitorios;1 baño;37 m² útiles;2 dormitorios | 1 baño | 37 m² útiles;Placilla 046, San Alberto Hurtado, Estación Central;;-33.4539635;-70.69516317598095;Placilla 046, Estación Central, Santiago, Chile
2025-11-29 17:52:47;Estación Central;departamento;Edificio Av. María Rozas Velásquez Vista Sur Piso 17;1686;CLF;1 dormitorio;1 baño;25 m² útiles;1 dormitorio | 1 baño | 25 m² útiles;Av. María Rozas Velásquez 65, Metro Las Rejas, Estación Central;;-33.453458999999995;-70.70575666155817;Av. María Rozas Velásquez 65, Estación Central, Santiago, Chile
2025-11-29 17:52:47;Estación Central;departamento;Edificio Av. María Rozas Velásquez Vista Sur Piso 17;1686;CLF;1 dormitorio;1 baño;26 m² útiles;1 dormitorio | 1 baño | 26 m² útiles;Av. María Rozas Velásquez 65, Metro Las Rejas, Estación Central;;-33.453458999999995;-70.70575666155817;Av. María Rozas Velásquez 65, Estación Central, Santiago, Chile
2025-11-29 17:52:47;Estación Central;departamento;Edificio Concón Vista Sur Piso 31;2145;CLF;1 dormitorio;1 baño;32 m² útiles;1 dormitorio | 1 baño | 32 m² útiles;Concón 165, San Alberto Hurtado, Estación Central;;-33.45307246666667;-70.6964683;Concón 165, Estación Central, Santiago, Chile
2025-11-29 17:52:47;Estación Central;departamento;Edificio Toro Mazote Vista Norte Piso 13;1540;CLF;1 dormitorio;1 baño;30 m² útiles;1 dormitorio | 1 baño | 30 m² útiles;Toro Mazote 76, San Alberto Hurtado, Estación Central;;-33.455381;-70.69151716262756;Toro Mazote 76, Estación Central, Santiago, Chile
2025-11-29 17:52:47;Estación Central;departamento;Edificio Av. María Rozas Velásquez Piso 16;1686;CLF;1 dormitorio;1 baño;;1 dormitorio | 1 baño;Av. María Rozas Velásquez 65, Metro Las Rejas, Estación Central;;-33.453458999999995;-70.70575666155817;Av. María Rozas Velásquez 65, Estación Central, Santiago, Chile
2025-11-29 17:53:19;Estación Central;departamento;Edificio Radal (1 Est. 1 Bod.) Vista Nororiente Piso 17;2334;CLF;2 dormitorios;2 baños;49 m² útiles;2 dormitorios | 2 baños | 49 m² útiles;Radal 66, Metro Ecuador, Estación Central;;-33.45389288055556;-70.70190314444444;Radal 66, Estación Central, Santiago, Chile
2025-11-29 17:53:19;Estación Central;departamento;Edificio Av Libertador Bernardo O'higgins Vista Poniente Pi;2300;CLF;1 dormitorio;1 baño;32 m² útiles;1 dormitorio | 1 baño | 32 m² útiles;Av Libertador Bernardo O'Higgins 4103, San Alberto Hurtado, Estación Central;;-33.453686149999996;-70.69258189282934;Av Libertador Bernardo O'Higgins 4103, Estación Central, Santiago, Chile
2025-11-29 17:53:19;Estación Central;departamento;Edificio Conde Del Maule (1 Est. 1 Bod.) Vista Sur Piso 12;2500;CLF;2 dormitorios;2 baños;49 m² útiles;2 dormitorios | 2 baños | 49 m² útiles;Conde Del Maule 4106, San Alberto Hurtado, Estación Central;;-33.453338599999995;-70.69272341819416;Conde Del Maule 4106, Estación Central, Santiago, Chile
2025-11-29 17:53:19;Estación Central;departamento;Edificio Radal (1 Est. 1 Bod.) Vista Oriente Piso 13;3140;CLF;2 dormitorios;2 baños;49 m² útiles;2 dormitorios | 2 baños | 49 m² útiles;Radal 66, Metro Ecuador, Estación Central;;-33.45389288055556;-70.70190314444444;Radal 66, Estación Central, Santiago, Chile
2025-11-29 17:53:19;Estación Central;departamento;Edificio Av Libertador Bernardo O'higgins (1 Est.) Vista Po;3100;CLF;2 dormitorios;1 baño;40 m² útiles;2 dormitorios | 1 baño | 40 m² útiles;Av Libertador Bernardo O'Higgins 4103, San Alberto Hurtado, Estación Central;;-33.453686149999996;-70.69258189282934;Av Libertador Bernardo O'Higgins 4103, Estación Central, Santiago, Chile
2025-11-29 17:53:19;Estación Central;departamento;Edificio Av. María Rozas Velásquez Vista Oriente Piso 16;1686;CLF;1 dormitorio;1 baño;26 m² útiles;1 dormitorio | 1 baño | 26 m² útiles;Av. María Rozas Velásquez 65, Metro Las Rejas, Estación Central;;-33.453458999999995;-70.70575666155817;Av. María Rozas Velásquez 65, Estación Central, Santiago, Chile
2025-11-29 17:53:19;Estación Central;departamento;Edificio Coronel Godoy Vista Norte Piso 26;2100;CLF;1 dormitorio;1 baño;32 m² útiles;1 dormitorio | 1 baño | 32 m² útiles;Coronel Godoy 149, San Alberto Hurtado, Estación Central;;-33.45681895;-70.69296811867862;Coronel Godoy 149, Estación Central, Santiago, Chile
2025-11-29 17:53:19;Estación Central;departamento;Edificio Radal (1 Est. 1 Bod.) Vista Oriente Piso 22;2334;CLF;2 dormitorios;2 baños;49 m² útiles;2 dormitorios | 2 baños | 49 m² útiles;Radal 66, Metro Ecuador, Estación Central;;-33.45389288055556;-70.70190314444444;Radal 66, Estación Central, Santiago, Chile
2025-11-29 17:53:19;Estación Central;departamento;Edificio Toro Mazote Vista Sur Piso 1;1900;CLF;1 dormitorio;1 baño;35 m² útiles;1 dormitorio | 1 baño | 35 m² útiles;Toro Mazote 76, San Alberto Hurtado, Estación Central;;-33.455381;-70.69151716262756;Toro Mazote 76, Estación Central, Santiago, Chile
2025-11-29 17:53:19;Estación Central;departamento;Edificio Conde Del Maule (1 Est. 1 Bod.) Vista Sur Piso 13;2500;CLF;2 dormitorios;2 baños;49 m² útiles;2 dormitorios | 2 baños | 49 m² útiles;Conde Del Maule 4106, San Alberto Hurtado, Estación Central;;-33.453338599999995;-70.69272341819416;Conde Del Maule 4106, Estación Central, Santiago, Chile
2025-11-29 17:53:19;Estación Central;departamento;Edificio Av Libertador Bernardo O'higgins (1 Est. 1 Bod.) V;3011;CLF;2 dormitorios;1 baño;40 m² útiles;2 dormitorios | 1 baño | 40 m² útiles;Av Libertador Bernardo O'Higgins 4103, San Alberto Hurtado, Estación Central;;-33.453686149999996;-70.69258189282934;Av Libertador Bernardo O'Higgins 4103, Estación Central, Santiago, Chile
2025-11-29 17:53:19;Estación Central;departamento;Edificio Coronel Godoy Vista Norte Piso 25;2100;CLF;1 dormitorio;1 baño;32 m² útiles;1 dormitorio | 1 baño | 32 m² útiles;Coronel Godoy 149, San Alberto Hurtado, Estación Central;;-33.45681895;-70.69296811867862;Coronel Godoy 149, Estación Central, Santiago, Chile
2025-11-29 17:53:19;Estación Central;departamento;Edificio Av. María Rozas Velásquez Vista Poniente Piso 5;1890;CLF;;1 baño;24 m² útiles;1 baño | 24 m² útiles;Av. María Rozas Velásquez 45, Metro Las Rejas, Estación Central;;-33.4501577831486;-70.70680027112631;Av. María Rozas Velásquez 45, Estación Central, Santiago, Chile
2025-11-29 17:53:19;Estación Central;departamento;Edificio Av Libertador Bernardo O'higgins (1 Bod.) Vista Po;3000;CLF;2 dormitorios;1 baño;40 m² útiles;2 dormitorios | 1 baño | 40 m² útiles;Av Libertador Bernardo O'Higgins 4103, San Alberto Hurtado, Estación Central;;-33.453686149999996;-70.69258189282934;Av Libertador Bernardo O'Higgins 4103, Estación Central, Santiago, Chile
2025-11-29 17:53:19;Estación Central;departamento;Edificio Av Libertador Bernardo O'higgins Vista Sur Piso 23;2318;CLF;1 dormitorio;1 baño;32 m² útiles;1 dormitorio | 1 baño | 32 m² útiles;Av Libertador Bernardo O'Higgins 4103, San Alberto Hurtado, Estación Central;;-33.453686149999996;-70.69258189282934;Av Libertador Bernardo O'Higgins 4103, Estación Central, Santiago, Chile
2025-11-29 17:53:19;Estación Central;departamento;Edificio Av. María Rozas Velásquez Vista Oriente Piso 3;1686;CLF;1 dormitorio;1 baño;26 m² útiles;1 dormitorio | 1 baño | 26 m² útiles;Av. María Rozas Velásquez 65, Metro Las Rejas, Estación Central;;-33.453458999999995;-70.70575666155817;Av. María Rozas Velásquez 65, Estación Central, Santiago, Chile
2025-11-29 17:53:19;Estación Central;departamento;Edificio Av Libertador Bernardo O'higgins Vista Sur Piso 3;1847;CLF;1 dormitorio;1 baño;33 m² útiles;1 dormitorio | 1 baño | 33 m² útiles;Av Libertador Bernardo O'Higgins 4103, San Alberto Hurtado, Estación Central;;-33.453686149999996;-70.69258189282934;Av Libertador Bernardo O'Higgins 4103, Estación Central, Santiago, Chile
2025-11-29 17:53:19;Estación Central;departamento;Edificio Av Libertador Bernardo O'higgins Vista Poniente Pi;2330;CLF;1 dormitorio;1 baño;32 m² útiles;1 dormitorio | 1 baño | 32 m² útiles;Av Libertador Bernardo O'Higgins 4103, San Alberto Hurtado, Estación Central;;-33.453686149999996;-70.69258189282934;Av Libertador Bernardo O'Higgins 4103, Estación Central, Santiago, Chile
2025-11-29 17:53:19;Estación Central;departamento;Edificio Av Libertador Bernardo O'higgins Vista Sur Piso 10;2330;CLF;1 dormitorio;1 baño;33 m² útiles;1 dormitorio | 1 baño | 33 m² útiles;Av Libertador Bernardo O'Higgins 4103, Estación Central;;-33.453686149999996;-70.69258189282934;Av Libertador Bernardo O'Higgins 4103, Estación Central, Santiago, Chile
2025-11-29 17:53:19;Estación Central;departamento;Edificio Av Libertador Bernardo O'higgins Vista Sur Piso 11;2330;CLF;1 dormitorio;1 baño;33 m² útiles;1 dormitorio | 1 baño | 33 m² útiles;Av Libertador Bernardo O'Higgins 4103, San Alberto Hurtado, Estación Central;;-33.453686149999996;-70.69258189282934;Av Libertador Bernardo O'Higgins 4103, Estación Central, Santiago, Chile
2025-11-29 17:53:19;Estación Central;departamento;Edificio Conde Del Maule (1 Est. 1 Bod.) Vista Oriente Piso;3500;CLF;2 dormitorios;2 baños;47 m² útiles;2 dormitorios | 2 baños | 47 m² útiles;Conde Del Maule 4106, San Alberto Hurtado, Estación Central;;-33.453338599999995;-70.69272341819416;Conde Del Maule 4106, Estación Central, Santiago, Chile
2025-11-29 17:53:19;Estación Central;departamento;Edificio Coronel Godoy Vista Sur Piso 26;2100;CLF;1 dormitorio;1 baño;32 m² útiles;1 dormitorio | 1 baño | 32 m² útiles;Coronel Godoy 149, San Alberto Hurtado, Estación Central;;-33.45681895;-70.69296811867862;Coronel Godoy 149, Estación Central, Santiago, Chile
2025-11-29 17:53:19;Estación Central;departamento;Edificio Av Libertador Bernardo O'higgins (1 Est. 1 Bod.) V;2500;CLF;2 dormitorios;1 baño;40 m² útiles;2 dormitorios | 1 baño | 40 m² útiles;Av Libertador Bernardo O'Higgins 4103, San Alberto Hurtado, Estación Central;;-33.453686149999996;-70.69258189282934;Av Libertador Bernardo O'Higgins 4103, Estación Central, Santiago, Chile
2025-11-29 17:53:19;Estación Central;departamento;Edificio Av. Ecuador Vista Surponiente Piso 4;2222;CLF;2 dormitorios;1 baño;46 m² útiles;2 dormitorios | 1 baño | 46 m² útiles;Av. Ecuador 5079, Metro Las Rejas, Estación Central;;-33.4548133;-70.7039546651065;Av. Ecuador 5079, Estación Central, Santiago, Chile
2025-11-29 17:53:19;Estación Central;departamento;Edificio Av Libertador Bernardo O'higgins Vista Poniente Pi;1635;CLF;1 dormitorio;1 baño;30 m² útiles;1 dormitorio | 1 baño | 30 m² útiles;Av Libertador Bernardo O'Higgins 4103, San Alberto Hurtado, Estación Central;;-33.453686149999996;-70.69258189282934;Av Libertador Bernardo O'Higgins 4103, Estación Central, Santiago, Chile
2025-11-29 17:53:19;Estación Central;departamento;Edificio Apóstol Santiago (1 Bod.) Vista Oriente Piso 20;2360;CLF;1 dormitorio;1 baño;34 m² útiles;1 dormitorio | 1 baño | 34 m² útiles;Apóstol Santiago 32, San Alberto Hurtado, Estación Central;;-33.451221849999996;-70.69302512848441;Apóstol Santiago 32, Estación Central, Santiago, Chile
2025-11-29 17:53:19;Estación Central;departamento;Edificio Radal (1 Est. 1 Bod.) Vista Oriente Piso 15;2334;CLF;2 dormitorios;2 baños;49 m² útiles;2 dormitorios | 2 baños | 49 m² útiles;Radal 66, Metro Ecuador, Estación Central;;-33.45389288055556;-70.70190314444444;Radal 66, Estación Central, Santiago, Chile
2025-11-29 17:53:19;Estación Central;departamento;Edificio Av. Ecuador Piso 6;2468;CLF;2 dormitorios;2 baños;;2 dormitorios | 2 baños;Av. Ecuador 5079, Estación Central;;-33.4548133;-70.7039546651065;Av. Ecuador 5079, Estación Central, Santiago, Chile
2025-11-29 17:53:19;Estación Central;departamento;Edificio Radal (1 Est. 1 Bod.) Vista Poniente Piso 18;2120;CLF;2 dormitorios;1 baño;34 m² útiles;2 dormitorios | 1 baño | 34 m² útiles;Radal 0102, Metro Ecuador, Estación Central;;-33.45519585;-70.70162865;Radal 0102, Estación Central, Santiago, Chile
2025-11-29 17:53:19;Estación Central;departamento;Edificio Sta. Petronila Vista Nororiente Piso 11;2538;CLF;2 dormitorios;2 baños;50 m² útiles;2 dormitorios | 2 baños | 50 m² útiles;Sta. Petronila 28, Metro Las Rejas, Estación Central;;-33.4542843;-70.70486368907721;Sta. Petronila 28, Estación Central, Santiago, Chile
2025-11-29 17:53:19;Estación Central;departamento;Edificio Toro Mazotte Piso 9;1839;CLF;2 dormitorios;2 baños;45 m² útiles;2 dormitorios | 2 baños | 45 m² útiles;Toro Mazotte 110, San Alberto Hurtado, Estación Central;;-33.4561216;-70.69120585222294;Toro Mazotte 110, Estación Central, Santiago, Chile
2025-11-29 17:53:19;Estación Central;departamento;Edificio Av. Ecuador (1 Est.) Vista Nororiente Piso 5;2470;CLF;2 dormitorios;2 baños;45 m² útiles;2 dormitorios | 2 baños | 45 m² útiles;Av. Ecuador 5079, Metro Las Rejas, Estación Central;;-33.4548133;-70.7039546651065;Av. Ecuador 5079, Estación Central, Santiago, Chile
2025-11-29 17:53:19;Estación Central;departamento;Edificio Toro Mazotte Vista Norte Piso 9;1730;CLF;1 dormitorio;1 baño;29 m² útiles;1 dormitorio | 1 baño | 29 m² útiles;Toro Mazotte 110, San Alberto Hurtado, Estación Central;;-33.4561216;-70.69120585222294;Toro Mazotte 110, Estación Central, Santiago, Chile
2025-11-29 17:53:19;Estación Central;departamento;Edificio María Rozas Velásquez (1 Est.) Vista Norte Piso ;1975;CLF;1 dormitorio;1 baño;30 m² útiles;1 dormitorio | 1 baño | 30 m² útiles;María Rozas Velásquez 55, Metro Las Rejas, Estación Central;;-33.4540971;-70.70566517447065;María Rozas Velásquez 55, Estación Central, Santiago, Chile
2025-11-29 17:53:19;Estación Central;departamento;Edificio Radal (1 Est. 1 Bod.) Piso 20;2334;CLF;2 dormitorios;2 baños;49 m² útiles;2 dormitorios | 2 baños | 49 m² útiles;Radal 66, Metro Ecuador, Estación Central;;-33.45389288055556;-70.70190314444444;Radal 66, Estación Central, Santiago, Chile
2025-11-29 17:53:19;Estación Central;departamento;Edificio Apóstol Santiago (1 Bod.) Vista Norte Piso 24;2490;CLF;1 dormitorio;1 baño;35 m² útiles;1 dormitorio | 1 baño | 35 m² útiles;Apóstol Santiago 32, San Alberto Hurtado, Estación Central;;-33.451221849999996;-70.69302512848441;Apóstol Santiago 32, Estación Central, Santiago, Chile
2025-11-29 17:53:19;Estación Central;departamento;Edificio Sta. Petronila Vista Oriente Piso 26;2500;CLF;2 dormitorios;1 baño;40 m² útiles;2 dormitorios | 1 baño | 40 m² útiles;Sta. Petronila 28, Metro Las Rejas, Estación Central;;-33.4542843;-70.70486368907721;Sta. Petronila 28, Estación Central, Santiago, Chile
2025-11-29 17:53:19;Estación Central;departamento;Edificio Sta. Petronila Vista Norte Piso 13;2307;CLF;2 dormitorios;2 baños;42 m² útiles;2 dormitorios | 2 baños | 42 m² útiles;Sta. Petronila 28, Metro Las Rejas, Estación Central;;-33.4542843;-70.70486368907721;Sta. Petronila 28, Estación Central, Santiago, Chile
2025-11-29 17:53:19;Estación Central;departamento;Edificio Radal Vista Poniente Piso 12;1856;CLF;1 dormitorio;1 baño;28 m² útiles;1 dormitorio | 1 baño | 28 m² útiles;Radal 66, Metro Ecuador, Estación Central;;-33.45389288055556;-70.70190314444444;Radal 66, Estación Central, Santiago, Chile
2025-11-29 17:53:19;Estación Central;departamento;Edificio Radal (1 Est. 1 Bod.) Vista Poniente Piso 24;2100;CLF;2 dormitorios;1 baño;41 m² útiles;2 dormitorios | 1 baño | 41 m² útiles;Radal 66, Estación Central;;-33.45389288055556;-70.70190314444444;Radal 66, Estación Central, Santiago, Chile
2025-11-29 17:53:19;Estación Central;departamento;Edificio Coronel Souper Vista Sur Piso 14;2300;CLF;1 dormitorio;1 baño;32 m² útiles;1 dormitorio | 1 baño | 32 m² útiles;Coronel Souper 4158, San Alberto Hurtado, Estación Central;;-33.45757055;-70.69191857908524;Coronel Souper 4158, Estación Central, Santiago, Chile
2025-11-29 17:53:19;Estación Central;departamento;Departamento En Venta Tipo Mariposa En Estación Central;2350;CLF;2 dormitorios;2 baños;51 m² útiles;2 dormitorios | 2 baños | 51 m² útiles;Lider San Alberto Hurtado, San Alberto Hurtado, Estación Central;;-33.453028849999995;-70.69199069527986;Lider San Alberto Hurtado, Estación Central, Santiago, Chile
2025-11-29 17:53:19;Estación Central;departamento;Edificio Apóstol Santiago (1 Bod.) Vista Norte Piso 5;2490;CLF;1 dormitorio;1 baño;35 m² útiles;1 dormitorio | 1 baño | 35 m² útiles;Apóstol Santiago 32, San Alberto Hurtado, Estación Central;;-33.451221849999996;-70.69302512848441;Apóstol Santiago 32, Estación Central, Santiago, Chile
2025-11-29 17:53:19;Estación Central;departamento;Edificio Cnel. Souper Vista Oriente Piso 12;1862;CLF;1 dormitorio;1 baño;33 m² útiles;1 dormitorio | 1 baño | 33 m² útiles;Cnel. Souper 4171, San Alberto Hurtado, Estación Central;;-33.45695645;-70.69224955499838;Cnel. Souper 4171, Estación Central, Santiago, Chile
2025-11-29 17:53:43;Estación Central;departamento;Edificio Apóstol Santiago (1 Est. 1 Bod.) Vista Sur Piso 1;2950;CLF;2 dormitorios;1 baño;43 m² útiles;2 dormitorios | 1 baño | 43 m² útiles;Apóstol Santiago 32, San Alberto Hurtado, Estación Central;;-33.451221849999996;-70.69302512848441;Apóstol Santiago 32, Estación Central, Santiago, Chile
2025-11-29 17:53:43;Estación Central;departamento;Edificio Toro Mazotte Vista Poniente Piso 4;1500;CLF;;1 baño;16 m² útiles;1 baño | 16 m² útiles;Toro Mazotte 110, San Alberto Hurtado, Estación Central;;-33.4561216;-70.69120585222294;Toro Mazotte 110, Estación Central, Santiago, Chile
2025-11-29 17:53:43;Estación Central;departamento;Edificio Sta. Petronila Vista Sur Piso 14;1405;CLF;;1 baño;20 m² útiles;1 baño | 20 m² útiles;Sta. Petronila 32, Metro Las Rejas, Estación Central;;-33.45395685;-70.70490686904479;Sta. Petronila 32, Estación Central, Santiago, Chile
2025-11-29 17:53:43;Estación Central;departamento;Edificio Conde Del Maule Vista Sur Piso 24;1750;CLF;;1 baño;18 m² útiles;1 baño | 18 m² útiles;Conde Del Maule 4642, Metro Ecuador, Estación Central;;-33.455249800000004;-70.7005326601452;Conde Del Maule 4642, Estación Central, Santiago, Chile
2025-11-29 17:53:43;Estación Central;departamento;Edificio La Coruña Vista Nororiente Piso 10;2473;CLF;2 dormitorios;1 baño;43 m² útiles;2 dormitorios | 1 baño | 43 m² útiles;La Coruña 4890, Metro Ecuador, Estación Central;;-33.452422150000004;-70.7018393009908;La Coruña 4890, Estación Central, Santiago, Chile
2025-11-29 17:53:43;Estación Central;departamento;Edificio Abtao Vista Poniente Piso 10;2200;CLF;1 dormitorio;1 baño;28 m² útiles;1 dormitorio | 1 baño | 28 m² útiles;Abtao 24, Metro Ecuador, Estación Central;;-33.452980800000006;-70.70046411868825;Abtao 24, Estación Central, Santiago, Chile
2025-11-29 17:53:43;Estación Central;departamento;Edificio Sta. Petronila Vista Norte Piso 8;2307;CLF;2 dormitorios;2 baños;44 m² útiles;2 dormitorios | 2 baños | 44 m² útiles;Sta. Petronila 28, Metro Las Rejas, Estación Central;;-33.4542843;-70.70486368907721;Sta. Petronila 28, Estación Central, Santiago, Chile
2025-11-29 17:53:43;Estación Central;departamento;Edificio Conde Del Maule Vista Poniente Piso 8;2065;CLF;1 dormitorio;1 baño;24 m² útiles;1 dormitorio | 1 baño | 24 m² útiles;Conde Del Maule 4642, Metro Ecuador, Estación Central;;-33.455249800000004;-70.7005326601452;Conde Del Maule 4642, Estación Central, Santiago, Chile
2025-11-29 17:53:43;Estación Central;departamento;Edificio Av. Ecuador Vista Sur Piso 12;1642;CLF;;1 baño;23 m² útiles;1 baño | 23 m² útiles;Av. Ecuador 4578, Metro Ecuador, Estación Central;;-33.45377555;-70.69908843800414;Av. Ecuador 4578, Estación Central, Santiago, Chile
2025-11-29 17:53:43;Estación Central;departamento;Edificio Placilla Vista Sur Piso 15;1900;CLF;1 dormitorio;1 baño;32 m² útiles;1 dormitorio | 1 baño | 32 m² útiles;Placilla 149, San Alberto Hurtado, Estación Central;;-33.4570044;-70.694260316884;Placilla 149, Estación Central, Santiago, Chile
2025-11-29 17:53:43;Estación Central;departamento;Edificio Radal (1 Est. 1 Bod.) Piso 21;3099;CLF;2 dormitorios;2 baños;49 m² útiles;2 dormitorios | 2 baños | 49 m² útiles;Radal 66, Metro Ecuador, Estación Central;;-33.45389288055556;-70.70190314444444;Radal 66, Estación Central, Santiago, Chile
2025-11-29 17:53:43;Estación Central;departamento;Edificio Apóstol Santiago (1 Bod.) Vista Oriente Piso 18;2250;CLF;1 dormitorio;1 baño;32 m² útiles;1 dormitorio | 1 baño | 32 m² útiles;Apóstol Santiago 32, San Alberto Hurtado, Estación Central;;-33.451221849999996;-70.69302512848441;Apóstol Santiago 32, Estación Central, Santiago, Chile
2025-11-29 17:53:43;Estación Central;departamento;Edificio Conde Del Maule Vista Norte Piso 14;1950;CLF;1 dormitorio;1 baño;35 m² útiles;1 dormitorio | 1 baño | 35 m² útiles;Conde Del Maule 4106, San Alberto Hurtado, Estación Central;;-33.453338599999995;-70.69272341819416;Conde Del Maule 4106, Estación Central, Santiago, Chile
2025-11-29 17:53:43;Estación Central;departamento;Edificio Toro Mazotte Piso 7;1500;CLF;;1 baño;;1 baño;Toro Mazotte 110, San Alberto Hurtado, Estación Central;;-33.4561216;-70.69120585222294;Toro Mazotte 110, Estación Central, Santiago, Chile
2025-11-29 17:53:43;Estación Central;departamento;Edificio Radal Vista Poniente Piso 26;1638;CLF;;1 baño;27 m² útiles;1 baño | 27 m² útiles;Radal 66, Metro Ecuador, Estación Central;;-33.45389288055556;-70.70190314444444;Radal 66, Estación Central, Santiago, Chile
2025-11-29 17:53:43;Estación Central;departamento;Edificio Av. Padre Alberto Hurtado (1 Est. 1 Bod.) Vista Po;2390;CLF;2 dormitorios;2 baños;44 m² útiles;2 dormitorios | 2 baños | 44 m² útiles;Av. Padre Alberto Hurtado 59, San Alberto Hurtado, Estación Central;;-33.4542019;-70.6922721;Av. Padre Alberto Hurtado 59, Estación Central, Santiago, Chile
2025-11-29 17:53:43;Estación Central;departamento;Edificio Conde Del Maule (1 Bod.) Vista Poniente Piso 6;1628;CLF;1 dormitorio;1 baño;32 m² útiles;1 dormitorio | 1 baño | 32 m² útiles;Conde Del Maule 4106, San Alberto Hurtado, Estación Central;;-33.453338599999995;-70.69272341819416;Conde Del Maule 4106, Estación Central, Santiago, Chile
2025-11-29 17:53:43;Estación Central;departamento;Edificio Conde Del Maule (1 Est. 1 Bod.) Vista Poniente Pis;2500;CLF;1 dormitorio;1 baño;32 m² útiles;1 dormitorio | 1 baño | 32 m² útiles;Conde Del Maule 4106, San Alberto Hurtado, Estación Central;;-33.453338599999995;-70.69272341819416;Conde Del Maule 4106, Estación Central, Santiago, Chile
2025-11-29 17:53:43;Estación Central;departamento;Edificio Av. Ecuador Vista Poniente Piso 10;1596;CLF;1 dormitorio;1 baño;28 m² útiles;1 dormitorio | 1 baño | 28 m² útiles;Av. Ecuador 5079, Metro Las Rejas, Estación Central;;-33.4548133;-70.7039546651065;Av. Ecuador 5079, Estación Central, Santiago, Chile
2025-11-29 17:53:43;Estación Central;departamento;Edificio Conde Del Maule (1 Bod.) Vista Oriente Piso 14;2360;CLF;1 dormitorio;1 baño;33 m² útiles;1 dormitorio | 1 baño | 33 m² útiles;Conde Del Maule 4106, San Alberto Hurtado, Estación Central;;-33.453338599999995;-70.69272341819416;Conde Del Maule 4106, Estación Central, Santiago, Chile
2025-11-29 17:53:43;Estación Central;departamento;Edificio Conde Del Maule (1 Bod.) Vista Oriente Piso 18;2360;CLF;1 dormitorio;1 baño;33 m² útiles;1 dormitorio | 1 baño | 33 m² útiles;Conde Del Maule 4106, San Alberto Hurtado, Estación Central;;-33.453338599999995;-70.69272341819416;Conde Del Maule 4106, Estación Central, Santiago, Chile
2025-11-29 17:53:43;Estación Central;departamento;Edificio Conde Del Maule Vista Norte Piso 13;1950;CLF;1 dormitorio;1 baño;35 m² útiles;1 dormitorio | 1 baño | 35 m² útiles;Conde Del Maule 4106, San Alberto Hurtado, Estación Central;;-33.453338599999995;-70.69272341819416;Conde Del Maule 4106, Estación Central, Santiago, Chile
2025-11-29 17:53:43;Estación Central;departamento;Edificio Conde Del Maule Vista Norte Piso 19;1600;CLF;;1 baño;18 m² útiles;1 baño | 18 m² útiles;Conde Del Maule 4642, Metro Ecuador, Estación Central;;-33.455249800000004;-70.7005326601452;Conde Del Maule 4642, Estación Central, Santiago, Chile
2025-11-29 17:53:43;Estación Central;departamento;Edificio Sta Petronila Vista Oriente Piso 25;2736;CLF;2 dormitorios;1 baño;47 m² útiles;2 dormitorios | 1 baño | 47 m² útiles;Sta Petronila 38, Metro Las Rejas, Estación Central;;-33.453637099999995;-70.70494999471634;Sta Petronila 38, Estación Central, Santiago, Chile
2025-11-29 17:53:43;Estación Central;departamento;Edificio Toro Mazote Vista Surponiente Piso 8;1650;CLF;1 dormitorio;1 baño;30 m² útiles;1 dormitorio | 1 baño | 30 m² útiles;Toro Mazote 64, San Alberto Hurtado, Estación Central;;-33.455093500000004;-70.69169781139792;Toro Mazote 64, Estación Central, Santiago, Chile
2025-11-29 17:53:43;Estación Central;departamento;Edificio Apóstol Santiago (1 Est. 1 Bod.) Vista Norte Piso;3134;CLF;2 dormitorios;1 baño;43 m² útiles;2 dormitorios | 1 baño | 43 m² útiles;Apóstol Santiago 32, San Alberto Hurtado, Estación Central;;-33.451221849999996;-70.69302512848441;Apóstol Santiago 32, Estación Central, Santiago, Chile
2025-11-29 17:53:43;Estación Central;departamento;Edificio Conde Del Maule Vista Poniente Piso 15;1726;CLF;1 dormitorio;1 baño;32 m² útiles;1 dormitorio | 1 baño | 32 m² útiles;Conde Del Maule 4106, Estación Central;;-33.453338599999995;-70.69272341819416;Conde Del Maule 4106, Estación Central, Santiago, Chile
2025-11-29 17:53:43;Estación Central;departamento;Edificio Conde Del Maule Vista Sur Piso 21;1621;CLF;;1 baño;18 m² útiles;1 baño | 18 m² útiles;Conde Del Maule 4642, Metro Ecuador, Estación Central;;-33.455249800000004;-70.7005326601452;Conde Del Maule 4642, Estación Central, Santiago, Chile
2025-11-29 17:53:43;Estación Central;departamento;Edificio Conde Del Maule Vista Poniente Piso 13;1726;CLF;1 dormitorio;1 baño;32 m² útiles;1 dormitorio | 1 baño | 32 m² útiles;Conde Del Maule 4106, San Alberto Hurtado, Estación Central;;-33.453338599999995;-70.69272341819416;Conde Del Maule 4106, Estación Central, Santiago, Chile
2025-11-29 17:53:43;Estación Central;departamento;Edificio Conde Del Maule Vista Norte Piso 8;2200;CLF;1 dormitorio;1 baño;32 m² útiles;1 dormitorio | 1 baño | 32 m² útiles;Conde Del Maule 4106, San Alberto Hurtado, Estación Central;;-33.453338599999995;-70.69272341819416;Conde Del Maule 4106, Estación Central, Santiago, Chile
2025-11-29 17:53:43;Estación Central;departamento;Edificio Av Libertador Bernardo O'higgins Vista Sur Piso 4;2200;CLF;1 dormitorio;1 baño;33 m² útiles;1 dormitorio | 1 baño | 33 m² útiles;Av Libertador Bernardo O'Higgins 4103, San Alberto Hurtado, Estación Central;;-33.453686149999996;-70.69258189282934;Av Libertador Bernardo O'Higgins 4103, Estación Central, Santiago, Chile
2025-11-29 17:53:43;Estación Central;departamento;Edificio Constantino Vista Surponiente Piso 2;2107;CLF;1 dormitorio;1 baño;31 m² útiles;1 dormitorio | 1 baño | 31 m² útiles;Constantino 54, San Alberto Hurtado, Estación Central;;-33.451740745833334;-70.69667366666667;Constantino 54, Estación Central, Santiago, Chile
2025-11-29 17:53:43;Estación Central;departamento;Edificio Radal Vista Oriente Piso 18;1520;CLF;1 dormitorio;1 baño;32 m² útiles;1 dormitorio | 1 baño | 32 m² útiles;Radal 66, Metro Ecuador, Estación Central;;-33.45389288055556;-70.70190314444444;Radal 66, Estación Central, Santiago, Chile
2025-11-29 17:53:43;Estación Central;departamento;Edificio Toro Mazote Piso 10;1200;CLF;;1 baño;26 m² útiles;1 baño | 26 m² útiles;Toro Mazote 64, San Alberto Hurtado, Estación Central;;-33.455093500000004;-70.69169781139792;Toro Mazote 64, Estación Central, Santiago, Chile
2025-11-29 17:53:43;Estación Central;departamento;Edificio Conde Del Maule Vista Poniente Piso 26;2330;CLF;1 dormitorio;1 baño;32 m² útiles;1 dormitorio | 1 baño | 32 m² útiles;Conde Del Maule 4106, Estación Central;;-33.453338599999995;-70.69272341819416;Conde Del Maule 4106, Estación Central, Santiago, Chile
2025-11-29 17:53:43;Estación Central;departamento;Edificio Conde Del Maule (1 Bod.) Vista Oriente Piso 11;1908;CLF;1 dormitorio;1 baño;33 m² útiles;1 dormitorio | 1 baño | 33 m² útiles;Conde Del Maule 4106, San Alberto Hurtado, Estación Central;;-33.453338599999995;-70.69272341819416;Conde Del Maule 4106, Estación Central, Santiago, Chile
2025-11-29 17:53:43;Estación Central;departamento;Edificio Toro Mazotte Piso 7;1975;CLF;1 dormitorio;1 baño;30 m² útiles;1 dormitorio | 1 baño | 30 m² útiles;Toro Mazotte 110, San Alberto Hurtado, Estación Central;;-33.4561216;-70.69120585222294;Toro Mazotte 110, Estación Central, Santiago, Chile
2025-11-29 17:53:43;Estación Central;departamento;Edificio Conde Del Maule Vista Poniente Piso 7;1628;CLF;1 dormitorio;1 baño;32 m² útiles;1 dormitorio | 1 baño | 32 m² útiles;Conde Del Maule 4106, San Alberto Hurtado, Estación Central;;-33.453338599999995;-70.69272341819416;Conde Del Maule 4106, Estación Central, Santiago, Chile
2025-11-29 17:53:43;Estación Central;departamento;Edificio María Rozas Velásquez Piso 2;1100;CLF;;1 baño;;1 baño;María Rozas Velásquez 55, Metro Las Rejas, Estación Central;;-33.4540971;-70.70566517447065;María Rozas Velásquez 55, Estación Central, Santiago, Chile
2025-11-29 17:53:43;Estación Central;departamento;Edificio Av. Ecuador Vista Poniente Piso 17;2330;CLF;1 dormitorio;1 baño;36 m² útiles;1 dormitorio | 1 baño | 36 m² útiles;Av. Ecuador 4578, Metro Ecuador, Estación Central;;-33.45377555;-70.69908843800414;Av. Ecuador 4578, Estación Central, Santiago, Chile
2025-11-29 17:53:43;Estación Central;departamento;Edificio Radal (1 Bod.) Piso 27;1805;CLF;1 dormitorio;1 baño;;1 dormitorio | 1 baño;Radal 0102, Metro Ecuador, Estación Central;;-33.45519585;-70.70162865;Radal 0102, Estación Central, Santiago, Chile
2025-11-29 17:53:43;Estación Central;departamento;Edificio Radal (1 Est. 1 Bod.) Vista Poniente Piso 5;2180;CLF;2 dormitorios;1 baño;41 m² útiles;2 dormitorios | 1 baño | 41 m² útiles;Radal 66, Metro Ecuador, Estación Central;;-33.45389288055556;-70.70190314444444;Radal 66, Estación Central, Santiago, Chile
2025-11-29 17:53:43;Estación Central;departamento;Edificio Buzo Sobenes (1 Bod.) Vista Oriente Piso 27;1882;CLF;1 dormitorio;1 baño;31 m² útiles;1 dormitorio | 1 baño | 31 m² útiles;Buzo Sobenes 4650, San Alberto Hurtado, Estación Central;;-33.450171999999995;-70.69827299916479;Buzo Sobenes 4650, Estación Central, Santiago, Chile
2025-11-29 17:53:43;Estación Central;departamento;Edificio Av. Padre Alberto Hurtado Vista Oriente Piso 17;2000;CLF;1 dormitorio;1 baño;32 m² útiles;1 dormitorio | 1 baño | 32 m² útiles;Av. Padre Alberto Hurtado 145, Universidad De Santiago, Estación Central;;-33.4542019;-70.6922721;Av. Padre Alberto Hurtado 145, Estación Central, Santiago, Chile
2025-11-29 17:53:43;Estación Central;departamento;Edificio Radal (1 Est. 1 Bod.) Vista Poniente Piso 29;1985;CLF;1 dormitorio;1 baño;29 m² útiles;1 dormitorio | 1 baño | 29 m² útiles;Radal 0102, Estación Central;;-33.45519585;-70.70162865;Radal 0102, Estación Central, Santiago, Chile
2025-11-29 17:54:00;Estación Central;departamento;Metro Ecuador Impecable;1500;CLF;1 dormitorio;1 baño;32 m² útiles;1 dormitorio | 1 baño | 32 m² útiles;METRO ECUADOR IMPECABLE, Metro Ecuador, Estación Central;;-33.4559226;-70.6997325;ECUADOR IMPECABLE, Estación Central, Santiago, Chile
2025-11-29 17:54:00;Estación Central;departamento;Edificio Av. Padre Alberto Hurtado Vista Norte Piso 10;1368;CLF;1 dormitorio;1 baño;30 m² útiles;1 dormitorio | 1 baño | 30 m² útiles;Av. Padre Alberto Hurtado 145, Universidad De Santiago, Estación Central;;-33.4542019;-70.6922721;Av. Padre Alberto Hurtado 145, Estación Central, Santiago, Chile
2025-11-29 17:54:00;Estación Central;departamento;Edificio Radal (1 Bod.) Vista Oriente Piso 26;2244;CLF;1 dormitorio;1 baño;32 m² útiles;1 dormitorio | 1 baño | 32 m² útiles;Radal 66, Metro Ecuador, Estación Central;;-33.45389288055556;-70.70190314444444;Radal 66, Estación Central, Santiago, Chile
2025-11-29 17:54:00;Estación Central;departamento;Edificio Blanco Garcés (1 Bod.) Vista Oriente Piso 37;2010;CLF;1 dormitorio;1 baño;35 m² útiles;1 dormitorio | 1 baño | 35 m² útiles;Blanco Garcés 154, San Alberto Hurtado, Estación Central;;-33.4503604;-70.69800392785399;Blanco Garcés 154, Estación Central, Santiago, Chile
2025-11-29 17:54:00;Estación Central;departamento;Edificio Radal Vista Oriente Piso 18;1520;CLF;1 dormitorio;1 baño;32 m² útiles;1 dormitorio | 1 baño | 32 m² útiles;Radal 66, Metro Ecuador, Estación Central;;-33.45389288055556;-70.70190314444444;Radal 66, Estación Central, Santiago, Chile
2025-11-29 17:54:00;Estación Central;departamento;Edificio Av. María Rozas Velásquez Vista Poniente Piso 10;2100;CLF;2 dormitorios;1 baño;41 m² útiles;2 dormitorios | 1 baño | 41 m² útiles;Av. María Rozas Velásquez 51, Metro Las Rejas, Estación Central;;-33.45442295;-70.7056221847387;Av. María Rozas Velásquez 51, Estación Central, Santiago, Chile
2025-11-29 17:54:00;Estación Central;departamento;Edificio Coronel Souper Vista Poniente Piso 9;1528;CLF;;1 baño;21 m² útiles;1 baño | 21 m² útiles;Coronel Souper 4060, San Alberto Hurtado, Estación Central;;-33.45759365;-70.69053248762756;Coronel Souper 4060, Estación Central, Santiago, Chile
2025-11-29 17:54:00;Estación Central;departamento;Edificio Radal (1 Est. 1 Bod.) Vista Poniente Piso 8;3050;CLF;2 dormitorios;1 baño;41 m² útiles;2 dormitorios | 1 baño | 41 m² útiles;Radal 66, Metro Ecuador, Estación Central;;-33.45389288055556;-70.70190314444444;Radal 66, Estación Central, Santiago, Chile
2025-11-29 17:54:00;Estación Central;departamento;Edificio Radal Vista Oriente Piso 5;1844;CLF;1 dormitorio;1 baño;32 m² útiles;1 dormitorio | 1 baño | 32 m² útiles;Radal 66, Metro Ecuador, Estación Central;;-33.45389288055556;-70.70190314444444;Radal 66, Estación Central, Santiago, Chile
2025-11-29 17:54:00;Estación Central;departamento;Edificio Radal Vista Oriente Piso 4;1844;CLF;1 dormitorio;1 baño;32 m² útiles;1 dormitorio | 1 baño | 32 m² útiles;Radal 66, Metro Ecuador, Estación Central;;-33.45389288055556;-70.70190314444444;Radal 66, Estación Central, Santiago, Chile
2025-11-29 17:54:00;Estación Central;departamento;Edificio Buzo Sobenes (1 Bod.) Vista Norte Piso 9;2250;CLF;1 dormitorio;1 baño;68 m² útiles;1 dormitorio | 1 baño | 68 m² útiles;Buzo Sobenes 4650, San Alberto Hurtado, Estación Central;;-33.450171999999995;-70.69827299916479;Buzo Sobenes 4650, Estación Central, Santiago, Chile
2025-11-29 17:54:00;Estación Central;departamento;Edificio Radal Vista Oriente Piso 21;2307;CLF;1 dormitorio;1 baño;32 m² útiles;1 dormitorio | 1 baño | 32 m² útiles;Radal 66, Metro Ecuador, Estación Central;;-33.45389288055556;-70.70190314444444;Radal 66, Estación Central, Santiago, Chile
2025-11-29 17:54:00;Estación Central;departamento;Edificio Sta. Petronila Vista Poniente Piso 16;1949;CLF;1 dormitorio;1 baño;26 m² útiles;1 dormitorio | 1 baño | 26 m² útiles;Sta. Petronila 32, Metro Las Rejas, Estación Central;;-33.45395685;-70.70490686904479;Sta. Petronila 32, Estación Central, Santiago, Chile
2025-11-29 17:54:00;Estación Central;departamento;Edificio Concón Piso 20;2860;CLF;2 dormitorios;2 baños;;2 dormitorios | 2 baños;Concón 165, Estación Central;;-33.45307246666667;-70.6964683;Concón 165, Estación Central, Santiago, Chile
2025-11-29 17:54:00;Estación Central;departamento;Edificio María Rozas Velásquez Vista Sur Piso 12;1900;CLF;1 dormitorio;1 baño;26 m² útiles;1 dormitorio | 1 baño | 26 m² útiles;María Rozas Velásquez 55, Metro Las Rejas, Estación Central;;-33.4540971;-70.70566517447065;María Rozas Velásquez 55, Estación Central, Santiago, Chile
2025-11-29 17:54:00;Estación Central;departamento;Edificio Radal (1 Bod.) Piso 16;1610;CLF;1 dormitorio;1 baño;32 m² útiles;1 dormitorio | 1 baño | 32 m² útiles;Radal 66, Metro Ecuador, Estación Central;;-33.45389288055556;-70.70190314444444;Radal 66, Estación Central, Santiago, Chile
2025-11-29 17:54:00;Estación Central;departamento;Edificio Radal Vista Oriente Piso 27;2200;CLF;1 dormitorio;1 baño;32 m² útiles;1 dormitorio | 1 baño | 32 m² útiles;Radal 66, Metro Ecuador, Estación Central;;-33.45389288055556;-70.70190314444444;Radal 66, Estación Central, Santiago, Chile
2025-11-29 17:54:00;Estación Central;departamento;Edificio Radal Vista Oriente Piso 3;2131;CLF;1 dormitorio;1 baño;32 m² útiles;1 dormitorio | 1 baño | 32 m² útiles;Radal 66, Metro Ecuador, Estación Central;;-33.45389288055556;-70.70190314444444;Radal 66, Estación Central, Santiago, Chile
2025-11-29 17:54:00;Estación Central;departamento;Edificio Radal (1 Bod.) Vista Oriente Piso 16;1610;CLF;1 dormitorio;1 baño;32 m² útiles;1 dormitorio | 1 baño | 32 m² útiles;Radal 66, Metro Ecuador, Estación Central;;-33.45389288055556;-70.70190314444444;Radal 66, Estación Central, Santiago, Chile
2025-11-29 17:54:00;Estación Central;departamento;Edificio Radal Vista Oriente Piso 28;2200;CLF;1 dormitorio;1 baño;32 m² útiles;1 dormitorio | 1 baño | 32 m² útiles;Radal 66, Metro Ecuador, Estación Central;;-33.45389288055556;-70.70190314444444;Radal 66, Estación Central, Santiago, Chile
2025-11-29 17:54:00;Estación Central;departamento;Edificio Radal Vista Oriente Piso 5;2178;CLF;1 dormitorio;1 baño;32 m² útiles;1 dormitorio | 1 baño | 32 m² útiles;Radal 66, Metro Ecuador, Estación Central;;-33.45389288055556;-70.70190314444444;Radal 66, Estación Central, Santiago, Chile
2025-11-29 17:54:00;Estación Central;departamento;Edificio Av Libertador Bernardo O'higgins Vista Sur Piso 3;1994;CLF;1 dormitorio;1 baño;32 m² útiles;1 dormitorio | 1 baño | 32 m² útiles;Av Libertador Bernardo O'Higgins 4103, San Alberto Hurtado, Estación Central;;-33.453686149999996;-70.69258189282934;Av Libertador Bernardo O'Higgins 4103, Estación Central, Santiago, Chile
2025-11-29 17:54:00;Estación Central;departamento;Edificio Radal (1 Est. 1 Bod.) Vista Poniente Piso 15;2120;CLF;2 dormitorios;1 baño;38 m² útiles;2 dormitorios | 1 baño | 38 m² útiles;Radal 0102, Metro Ecuador, Estación Central;;-33.45519585;-70.70162865;Radal 0102, Estación Central, Santiago, Chile
2025-11-29 17:54:00;Estación Central;departamento;Edificio Buzo Sobenes (1 Bod.) Vista Oriente Piso 25;1882;CLF;1 dormitorio;1 baño;31 m² útiles;1 dormitorio | 1 baño | 31 m² útiles;Buzo Sobenes 4650, San Alberto Hurtado, Estación Central;;-33.450171999999995;-70.69827299916479;Buzo Sobenes 4650, Estación Central, Santiago, Chile
2025-11-29 17:54:00;Estación Central;departamento;Edificio Radal (1 Bod.) Piso 28;1610;CLF;1 dormitorio;1 baño;33 m² útiles;1 dormitorio | 1 baño | 33 m² útiles;Radal 66, Metro Ecuador, Estación Central;;-33.45389288055556;-70.70190314444444;Radal 66, Estación Central, Santiago, Chile
2025-11-29 17:54:00;Estación Central;departamento;Edificio Radal (1 Bod.) Vista Oriente Piso 14;1610;CLF;1 dormitorio;1 baño;32 m² útiles;1 dormitorio | 1 baño | 32 m² útiles;Radal 66, Metro Ecuador, Estación Central;;-33.45389288055556;-70.70190314444444;Radal 66, Estación Central, Santiago, Chile
2025-11-29 17:54:00;Estación Central;departamento;Edificio Radal (1 Bod.) Vista Oriente Piso 13;1610;CLF;1 dormitorio;1 baño;32 m² útiles;1 dormitorio | 1 baño | 32 m² útiles;Radal 66, Metro Ecuador, Estación Central;;-33.45389288055556;-70.70190314444444;Radal 66, Estación Central, Santiago, Chile
2025-11-29 17:54:00;Estación Central;departamento;Edificio María Rozas Velásquez (1 Est. 1 Bod.) Vista Sur ;2993;CLF;2 dormitorios;1 baño;44 m² útiles;2 dormitorios | 1 baño | 44 m² útiles;María Rozas Velásquez 61, Metro Las Rejas, Estación Central;;-33.4537755;-70.70570847947258;María Rozas Velásquez 61, Estación Central, Santiago, Chile
2025-11-29 17:54:00;Estación Central;departamento;Edificio Toro Mazote Piso 24;1524;CLF;1 dormitorio;1 baño;32 m² útiles;1 dormitorio | 1 baño | 32 m² útiles;Toro Mazote 64, San Alberto Hurtado, Estación Central;;-33.455093500000004;-70.69169781139792;Toro Mazote 64, Estación Central, Santiago, Chile
2025-11-29 17:54:00;Estación Central;departamento;Edificio Radal (1 Est. 1 Bod.) Vista Oriente Piso 9;2650;CLF;1 dormitorio;1 baño;32 m² útiles;1 dormitorio | 1 baño | 32 m² útiles;Radal 66, Metro Ecuador, Estación Central;;-33.45389288055556;-70.70190314444444;Radal 66, Estación Central, Santiago, Chile
2025-11-29 17:54:00;Estación Central;departamento;Edificio Radal Piso 5;2300;CLF;1 dormitorio;1 baño;32 m² útiles;1 dormitorio | 1 baño | 32 m² útiles;Radal 66, Metro Ecuador, Estación Central;;-33.45389288055556;-70.70190314444444;Radal 66, Estación Central, Santiago, Chile
2025-11-29 17:54:00;Estación Central;departamento;Edificio Buzo Sobenes (1 Bod.) Vista Norte Piso 10;2000;CLF;1 dormitorio;1 baño;27 m² útiles;1 dormitorio | 1 baño | 27 m² útiles;Buzo Sobenes 4650, San Alberto Hurtado, Estación Central;;-33.450171999999995;-70.69827299916479;Buzo Sobenes 4650, Estación Central, Santiago, Chile
2025-11-29 17:54:00;Estación Central;departamento;Edificio Buzo Sobenes (1 Bod.) Vista Oriente Piso 29;2000;CLF;1 dormitorio;1 baño;31 m² útiles;1 dormitorio | 1 baño | 31 m² útiles;Buzo Sobenes 4650, San Alberto Hurtado, Estación Central;;-33.450171999999995;-70.69827299916479;Buzo Sobenes 4650, Estación Central, Santiago, Chile
2025-11-29 17:54:00;Estación Central;departamento;Edificio Buzo Sobenes (1 Bod.) Vista Oriente Piso 28;1882;CLF;1 dormitorio;1 baño;31 m² útiles;1 dormitorio | 1 baño | 31 m² útiles;Buzo Sobenes 4650, San Alberto Hurtado, Estación Central;;-33.450171999999995;-70.69827299916479;Buzo Sobenes 4650, Estación Central, Santiago, Chile
2025-11-29 17:54:00;Estación Central;departamento;Edificio Buzo Sobenes (1 Bod.) Vista Oriente Piso 26;1882;CLF;1 dormitorio;1 baño;31 m² útiles;1 dormitorio | 1 baño | 31 m² útiles;Buzo Sobenes 4650, San Alberto Hurtado, Estación Central;;-33.450171999999995;-70.69827299916479;Buzo Sobenes 4650, Estación Central, Santiago, Chile
2025-11-29 17:54:00;Estación Central;departamento;Edificio Coronel Souper (1 Est. 1 Bod.) Piso 29;3832;CLF;1 dormitorio;1 baño;;1 dormitorio | 1 baño;Coronel Souper 4060, San Alberto Hurtado, Estación Central;;-33.45759365;-70.69053248762756;Coronel Souper 4060, Estación Central, Santiago, Chile
2025-11-29 17:54:00;Estación Central;departamento;Edificio Buzo Sobenes (1 Bod.) Vista Nororiente Piso 8;2250;CLF;1 dormitorio;1 baño;26 m² útiles;1 dormitorio | 1 baño | 26 m² útiles;Buzo Sobenes 4650, San Alberto Hurtado, Estación Central;;-33.450171999999995;-70.69827299916479;Buzo Sobenes 4650, Estación Central, Santiago, Chile
2025-11-29 17:54:00;Estación Central;departamento;Edificio Av. Ecuador Vista Poniente Piso 16;2245;CLF;1 dormitorio;1 baño;32 m² útiles;1 dormitorio | 1 baño | 32 m² útiles;Av. Ecuador 5079, Estación Central;;-33.4548133;-70.7039546651065;Av. Ecuador 5079, Estación Central, Santiago, Chile
2025-11-29 17:54:00;Estación Central;departamento;Edificio Av. Ecuador Piso 11;1645;CLF;1 dormitorio;1 baño;;1 dormitorio | 1 baño;Av. Ecuador 5079, Metro Las Rejas, Estación Central;;-33.4548133;-70.7039546651065;Av. Ecuador 5079, Estación Central, Santiago, Chile
2025-11-29 17:54:00;Estación Central;departamento;Venta Departamento Estación Central Metro Las Rejas ;1662;CLF;1 dormitorio;1 baño;34 m² útiles;1 dormitorio | 1 baño | 34 m² útiles;Las Araucarias/Titán, Metro Las Rejas, Estación Central;;-33.4575386;-70.7067561;Las Araucarias/Titán, Estación Central, Santiago, Chile
2025-11-29 17:54:00;Estación Central;departamento;Edificio Radal (1 Bod.) Piso 6;1610;CLF;1 dormitorio;1 baño;33 m² útiles;1 dormitorio | 1 baño | 33 m² útiles;Radal 66, Metro Ecuador, Estación Central;;-33.45389288055556;-70.70190314444444;Radal 66, Estación Central, Santiago, Chile
2025-11-29 17:54:00;Estación Central;departamento;Edificio Toro Mazote Vista Poniente Piso 5;1860;CLF;1 dormitorio;1 baño;32 m² útiles;1 dormitorio | 1 baño | 32 m² útiles;Toro Mazote 64, San Alberto Hurtado, Estación Central;;-33.455093500000004;-70.69169781139792;Toro Mazote 64, Estación Central, Santiago, Chile
2025-11-29 17:54:00;Estación Central;departamento;Edificio Radal (1 Est. 1 Bod.) Vista Poniente Piso 29;2685;CLF;2 dormitorios;1 baño;41 m² útiles;2 dormitorios | 1 baño | 41 m² útiles;Radal 66, Metro Ecuador, Estación Central;;-33.45389288055556;-70.70190314444444;Radal 66, Estación Central, Santiago, Chile
2025-11-29 17:54:00;Estación Central;departamento;Metro Las Rejas Con Estacionamiento;2190;CLF;2 dormitorios;1 baño;35 m² útiles;2 dormitorios | 1 baño | 35 m² útiles;METRO LAS REJAS CON ESTACIONAMIENTO, Metro Las Rejas, Estación Central;;-33.4575386;-70.7067561;LAS REJAS CON ESTACIONAMIENTO, Estación Central, Santiago, Chile
2025-11-29 17:54:00;Estación Central;departamento;Edificio Av. Ecuador Vista Poniente Piso 15;2245;CLF;1 dormitorio;1 baño;33 m² útiles;1 dormitorio | 1 baño | 33 m² útiles;Av. Ecuador 5079, Metro Las Rejas, Estación Central;;-33.4548133;-70.7039546651065;Av. Ecuador 5079, Estación Central, Santiago, Chile
2025-11-29 17:54:00;Estación Central;departamento;Departamento Estacion Central 3d - 1 B, Remodelado;2500;CLF;3 dormitorios;1 baño;95 m² útiles;3 dormitorios | 1 baño | 95 m² útiles;Av. Alameda Libertador Bernardo O'Higgins 4272, Estación Central, San Alberto Hurtado, Estación Central;;-33.4489016;-70.68162370843888;Av. Alameda Libertador Bernardo O'Higgins 4272, Estación Central, Santiago, Chile
2025-11-29 17:54:00;Estación Central;departamento;Edificio Coronel Godoy Vista Surponiente Piso 7;1300;CLF;;1 baño;20 m² útiles;1 baño | 20 m² útiles;Coronel Godoy 0128, San Alberto Hurtado, Estación Central;;-33.452822049999995;-70.6942818933536;Coronel Godoy 0128, Estación Central, Santiago, Chile
2025-11-29 17:54:11;Estación Central;departamento;Edificio Av. Padre Alberto Hurtado Piso 5;2000;CLF;1 dormitorio;1 baño;;1 dormitorio | 1 baño;Av. Padre Alberto Hurtado 145, Universidad De Santiago, Estación Central;;-33.4542019;-70.6922721;Av. Padre Alberto Hurtado 145, Estación Central, Santiago, Chile
2025-11-29 17:54:11;Estación Central;departamento;Vende Depto En Santiago Estacion Central;1950;CLF;1 dormitorio;1 baño;30 m² útiles;1 dormitorio | 1 baño | 30 m² útiles;SANTIAGO, San Alberto Hurtado, Estación Central;;-33.4489016;-70.68162370843888;SANTIAGO, Estación Central, Santiago, Chile
2025-11-29 17:54:11;Estación Central;departamento;Edificio Av. Ecuador Vista Norte Piso 23;2300;CLF;1 dormitorio;1 baño;38 m² útiles;1 dormitorio | 1 baño | 38 m² útiles;Av. Ecuador 5079, Metro Las Rejas, Estación Central;;-33.4548133;-70.7039546651065;Av. Ecuador 5079, Estación Central, Santiago, Chile
2025-11-29 17:54:11;Estación Central;departamento;Edificio Radal (1 Est. 1 Bod.) Vista Poniente Piso 28;3050;CLF;2 dormitorios;1 baño;41 m² útiles;2 dormitorios | 1 baño | 41 m² útiles;Radal 66, Metro Ecuador, Estación Central;;-33.45389288055556;-70.70190314444444;Radal 66, Estación Central, Santiago, Chile
2025-11-29 17:54:11;Estación Central;departamento;Edificio Sta. Petronila (1 Bod.) Vista Poniente Piso 2;2000;CLF;1 dormitorio;1 baño;28 m² útiles;1 dormitorio | 1 baño | 28 m² útiles;Sta. Petronila 28, Metro Las Rejas, Estación Central;;-33.4542843;-70.70486368907721;Sta. Petronila 28, Estación Central, Santiago, Chile
2025-11-29 17:54:11;Estación Central;departamento;Edificio Toro Mazote Vista Poniente Piso 20;1498;CLF;1 dormitorio;1 baño;34 m² útiles;1 dormitorio | 1 baño | 34 m² útiles;Toro Mazote 64, San Alberto Hurtado, Estación Central;;-33.455093500000004;-70.69169781139792;Toro Mazote 64, Estación Central, Santiago, Chile
2025-11-29 17:54:11;Estación Central;departamento;Edificio Concón Vista Sur Piso 34;2150;CLF;1 dormitorio;1 baño;32 m² útiles;1 dormitorio | 1 baño | 32 m² útiles;Concón 165, San Alberto Hurtado, Estación Central;;-33.45307246666667;-70.6964683;Concón 165, Estación Central, Santiago, Chile
2025-11-29 17:54:11;Estación Central;departamento;Edificio Buzo Sobenes (1 Bod.) Vista Sur Piso 13;2500;CLF;2 dormitorios;1 baño;43 m² útiles;2 dormitorios | 1 baño | 43 m² útiles;Buzo Sobenes 4650, San Alberto Hurtado, Estación Central;;-33.450171999999995;-70.69827299916479;Buzo Sobenes 4650, Estación Central, Santiago, Chile
2025-11-29 17:54:11;Estación Central;departamento;Edificio Sta. Petronila (1 Est.) Vista Norte Piso 5;2256;CLF;1 dormitorio;1 baño;30 m² útiles;1 dormitorio | 1 baño | 30 m² útiles;Sta. Petronila 28, Metro Las Rejas, Estación Central;;-33.4542843;-70.70486368907721;Sta. Petronila 28, Estación Central, Santiago, Chile
2025-11-29 17:54:11;Estación Central;departamento;Edificio Sta. Petronila Vista Oriente Piso 14;1949;CLF;1 dormitorio;1 baño;26 m² útiles;1 dormitorio | 1 baño | 26 m² útiles;Sta. Petronila 32, Metro Las Rejas, Estación Central;;-33.45395685;-70.70490686904479;Sta. Petronila 32, Estación Central, Santiago, Chile
2025-11-29 17:54:11;Estación Central;departamento;Edificio Conde Del Maule Piso 2;2355;CLF;1 dormitorio;1 baño;38 m² útiles;1 dormitorio | 1 baño | 38 m² útiles;Conde Del Maule 4577, Metro Ecuador, Estación Central;;-33.45412385;-70.69885357615101;Conde Del Maule 4577, Estación Central, Santiago, Chile
2025-11-29 17:54:11;Estación Central;departamento;Edificio Conde Del Maule Vista Norte Piso 8;1912;CLF;1 dormitorio;1 baño;36 m² útiles;1 dormitorio | 1 baño | 36 m² útiles;Conde Del Maule 4577, Metro Ecuador, Estación Central;;-33.45412385;-70.69885357615101;Conde Del Maule 4577, Estación Central, Santiago, Chile
2025-11-29 17:54:11;Estación Central;departamento;La Minga - Funcional Y Lindo Depto 1d/1b Estación Central;2200;CLF;1 dormitorio;1 baño;30 m² útiles;1 dormitorio | 1 baño | 30 m² útiles;Radal 1 - 300, Santiago, Estación Central, Chile, Metro Ecuador, Estación Central;;-33.4512651;-70.7027388;Radal 1 - 300, Estación Central, Santiago, Chile
2025-11-29 17:54:11;Estación Central;departamento;Metro Ecuador, Como Nuevo;2000;CLF;1 dormitorio;1 baño;30 m² útiles;1 dormitorio | 1 baño | 30 m² útiles;METRO ECUADOR, COMO NUEVO, Metro Ecuador, Estación Central;;-33.4559226;-70.6997325;ECUADOR, Estación Central, Santiago, Chile
2025-11-29 17:54:11;Estación Central;departamento;Metro Las Rejas, Inversion;1500;CLF;1 dormitorio;1 baño;28 m² útiles;1 dormitorio | 1 baño | 28 m² útiles;METRO LAS REJAS, INVERSION, Metro Las Rejas, Estación Central;;-33.4575386;-70.7067561;LAS REJAS, Estación Central, Santiago, Chile
2025-11-29 17:54:11;Estación Central;departamento;Departamento En Venta De 3 Dorm. En Estación Central;105000000;CLP;3 dormitorios;1 baño;64 m² útiles;3 dormitorios | 1 baño | 64 m² útiles;RANGER / INSTITUTO TELETON, Metro Ecuador, Estación Central;;-33.45904984354355;-70.69893901647895;RANGER / INSTITUTO TELETON, Estación Central, Santiago, Chile
2025-11-29 17:54:11;Estación Central;departamento;La Minga - Excelente Depto 1d/1b En Estación Central;1690;CLF;1 dormitorio;1 baño;35 m² útiles;1 dormitorio | 1 baño | 35 m² útiles;Francisco Zelada 1 - 300, Santiago, Estación Central, Chile, Metro Ecuador, Estación Central;;-33.4493774;-70.7040705;Francisco Zelada 1 - 300, Estación Central, Santiago, Chile
2025-11-29 17:54:11;Estación Central;departamento;Edificio Toro Mazote Vista Poniente Piso 5;1903;CLF;2 dormitorios;1 baño;38 m² útiles;2 dormitorios | 1 baño | 38 m² útiles;Toro Mazote 64, San Alberto Hurtado, Estación Central;;-33.455093500000004;-70.69169781139792;Toro Mazote 64, Estación Central, Santiago, Chile
2025-11-29 17:54:11;Estación Central;departamento;Metro Las Rejas, Con Estacionamiento!;2200;CLF;2 dormitorios;1 baño;37 m² útiles;2 dormitorios | 1 baño | 37 m² útiles;METRO LAS REJAS, CON ESTACIONAMIENTO!, Metro Las Rejas, Estación Central;;-33.4575386;-70.7067561;LAS REJAS, Estación Central, Santiago, Chile
2025-11-29 17:54:11;Estación Central;departamento;Precio De Oportunidad Para Inversionistas Al Comprar 3 Depto;1250;CLF;1 dormitorio;1 baño;26 m² útiles;1 dormitorio | 1 baño | 26 m² útiles;Nicasio Retamales 048-054, Universidad De Santiago, Estación Central;;-33.458212903576616;-70.68794611608213;Nicasio Retamales 048-054, Estación Central, Santiago, Chile
2025-11-29 17:54:11;Estación Central;departamento;Amplio Dpto 2d2b Con Excelente Conectividad;1650;CLF;2 dormitorios;2 baños;48 m² útiles;2 dormitorios | 2 baños | 48 m² útiles;C. Obispo Manuel Umana Salinas 33, Estación Central, Región Metropolitana, Chile, Universidad De Santiago, Estación Central;;-33.451888565625;-70.685162015625;C. Obispo Manuel Umana Salinas 33, Estación Central, Santiago, Chile
2025-11-29 17:54:11;Estación Central;departamento;Depto 2d/1b Con Estacionamiento Y Bodega En Est. Central;1700;CLF;2 dormitorios;1 baño;60 m² útiles;2 dormitorios | 1 baño | 60 m² útiles;Cnel. Souper 4060, Estación Central, San Alberto Hurtado, Estación Central;;-33.45759365;-70.69053248762756;Cnel. Souper 4060, Estación Central, Santiago, Chile
2025-11-29 17:54:11;Estación Central;departamento;Metro San Alberto Hurtado;1950;CLF;1 dormitorio;1 baño;31 m² útiles;1 dormitorio | 1 baño | 31 m² útiles;METRO SAN ALBERTO HURTADO, San Alberto Hurtado, Estación Central;;-33.4542019;-70.6922721;SAN ALBERTO HURTADO, Estación Central, Santiago, Chile
2025-11-29 17:54:11;Estación Central;departamento;Oportunidad Venta Depto.2d-1b-1e $65.000.000 Metro Las Rejas;65000000;CLP;2 dormitorios;1 baño;35 m² útiles;2 dormitorios | 1 baño | 35 m² útiles;Av. María Rozas Velásquez 65, Estación Central, Metro Las Rejas, Estación Central;;-33.453458999999995;-70.70575666155817;Av. María Rozas Velásquez 65, Estación Central, Santiago, Chile
2025-11-29 17:54:11;Estación Central;departamento;Departamento En Venta De 2 Dorm. En Estación Central;1700;CLF;2 dormitorios;2 baños;48 m² útiles;2 dormitorios | 2 baños | 48 m² útiles;Obispo Umaña Con Alameda, Universidad De Santiago, Estación Central;;-33.4689146796147;-70.68459684726906;Obispo Umaña Con Alameda, Estación Central, Santiago, Chile
2025-11-29 17:54:11;Estación Central;departamento;Venta Departamento Metro Ecuador Con Estacionamiento;2290;CLF;2 dormitorios;1 baño;42 m² útiles;2 dormitorios | 1 baño | 42 m² útiles;A Pasos De Metro Estación Ecuador L1, Metro Ecuador, Estación Central;;-33.4559226;-70.6997325;A Pasos De Estación Ecuador L1, Estación Central, Santiago, Chile
2025-11-29 17:54:11;Estación Central;departamento;Edificio Placilla Vista Oriente Piso 11;1870;CLF;2 dormitorios;1 baño;43 m² útiles;2 dormitorios | 1 baño | 43 m² útiles;Placilla 149, San Alberto Hurtado, Estación Central;;-33.4570044;-70.694260316884;Placilla 149, Estación Central, Santiago, Chile
2025-11-29 17:54:11;Estación Central;departamento;Edificio Coronel Souper Vista Oriente Piso 25;1200;CLF;2 dormitorios;1 baño;39 m² útiles;2 dormitorios | 1 baño | 39 m² útiles;Coronel Souper 4060, San Alberto Hurtado, Estación Central;;-33.45759365;-70.69053248762756;Coronel Souper 4060, Estación Central, Santiago, Chile
2025-11-29 17:54:11;Estación Central;departamento;Edificio Coronel Godoy Vista Sur Piso 13;2100;CLF;1 dormitorio;1 baño;32 m² útiles;1 dormitorio | 1 baño | 32 m² útiles;Coronel Godoy 149, San Alberto Hurtado, Estación Central;;-33.45681895;-70.69296811867862;Coronel Godoy 149, Estación Central, Santiago, Chile
2025-11-29 17:54:11;Estación Central;departamento;Metro San A. Hurtado, Estacionamiento;2149;CLF;2 dormitorios;1 baño;37 m² útiles;2 dormitorios | 1 baño | 37 m² útiles;METRO SAN A. HURTADO, ESTACIONAMIENTO, San Alberto Hurtado, Estación Central;;-33.4542019;-70.6922721;SAN A. HURTADO, Estación Central, Santiago, Chile
2025-11-29 17:54:11;Estación Central;departamento;Edificio Pje Titán (1 Est.) Vista Norponiente Piso 8;2254;CLF;3 dormitorios;1 baño;51 m² útiles;3 dormitorios | 1 baño | 51 m² útiles;Pje Titán 4870, Metro Las Rejas, Estación Central;;-33.47786380909091;-70.70130064545455;Pje Titán 4870, Estación Central, Santiago, Chile
2025-11-29 17:54:11;Estación Central;departamento;Oportunidad Venta - Cómodo Departamento Metro Las Rejas.;98000000;CLP;3 dormitorios;1 baño;70 m² útiles;3 dormitorios | 1 baño | 70 m² útiles;Nimbus 54, Estación Central, Metro Las Rejas, Estación Central;;-33.457804445161294;-70.7044181516129;Nimbus 54, Estación Central, Santiago, Chile
2025-11-29 17:54:11;Estación Central;departamento;Departamento Venta San Alberto Hurtado Balcón;1000;CLF;1 dormitorio;1 baño;25 m² útiles;1 dormitorio | 1 baño | 25 m² útiles;Toro Mazote 76, Estación Central, San Alberto Hurtado, Estación Central;;-33.455381;-70.69151716262756;Toro Mazote 76, Estación Central, Santiago, Chile
2025-11-29 17:54:11;Estación Central;departamento;Edificio Coronel Souper Vista Sur Piso 11;792;CLF;;1 baño;19 m² útiles;1 baño | 19 m² útiles;Coronel Souper 4060, San Alberto Hurtado, Estación Central;;-33.45759365;-70.69053248762756;Coronel Souper 4060, Estación Central, Santiago, Chile
2025-11-29 17:54:11;Estación Central;departamento;Oportunidad 1d1b Estación Central Apto Subsidio Tasa Crédito;1384;CLF;1 dormitorio;1 baño;29 m² útiles;1 dormitorio | 1 baño | 29 m² útiles;Toro Mazotte, 110, Estación Central;;-33.459468446430705;-70.69061060993947;Toro Mazotte, Estación Central, Santiago, Chile
2025-11-29 17:54:11;Estación Central;departamento;Departamento 2d1b Semi Nuevo En Estación Central;1620;CLF;2 dormitorios;1 baño;39 m² útiles;2 dormitorios | 1 baño | 39 m² útiles;Nicasio Retamales, 115, Estación Central;;-33.46037484410827;-70.68795307430338;Nicasio Retamales, Estación Central, Santiago, Chile
2025-11-29 17:54:11;Estación Central;departamento;Pequeño En Metros, Grande En Oportunidades;1450;CLF;1 dormitorio;1 baño;34 m² útiles;1 dormitorio | 1 baño | 34 m² útiles;Conde Del Maule, 4323, Estación Central;;-33.45338413192823;-70.69449248051292;Conde Del Maule, Estación Central, Santiago, Chile
2025-11-29 17:54:11;Estación Central;departamento;Departamento Y  Estacionamiento En  Estacion Central;1950;CLF;3 dormitorios;1 baño;58 m² útiles;3 dormitorios | 1 baño | 58 m² útiles;Porto Seguro, 4350, San Alberto Hurtado, Estación Central;;-33.44838;-70.702534;Porto Seguro, Estación Central, Santiago, Chile
2025-11-29 17:54:11;Estación Central;departamento;Venta Departamento Ideal Para Inversionista;1990;CLF;2 dormitorios;1 baño;46 m² útiles;2 dormitorios | 1 baño | 46 m² útiles;Avenida Víctor Jara, 3866, Universidad De Santiago, Estación Central;;-33.45090400413889;-70.68521400013226;Avenida Víctor Jara, Estación Central, Santiago, Chile
2025-11-29 17:54:11;Estación Central;departamento;Venta Departamento 2hab 1ba Estación Central;2400;CLF;2 dormitorios;1 baño;46 m² útiles;2 dormitorios | 1 baño | 46 m² útiles;Pasaje Titán, 4880, Metro Las Rejas, Estación Central;;-33.459760200000005;-70.70476450000001;Pasaje Titán, Estación Central, Santiago, Chile
2025-11-29 17:54:11;Estación Central;departamento;Se Vende Amplio Y Acogedor Dpto. 2d1b1e (132540);2390;CLF;2 dormitorios;2 baños;50 m² útiles;2 dormitorios | 2 baños | 50 m² útiles;Pasaje Titán, Metro Las Rejas, Estación Central;;-33.459760200000005;-70.70476450000001;Pasaje Titán, Estación Central, Santiago, Chile
2025-11-29 17:54:11;Estación Central;departamento;Departamento Bono Pie 20 Y Sin Comision Corretaje;1324;CLF;1 dormitorio;1 baño;30 m² útiles;1 dormitorio | 1 baño | 30 m² útiles;Blanco Garcés, 154, San Alberto Hurtado, Estación Central;;-33.451992313901464;-70.69784303670724;Blanco Garcés, Estación Central, Santiago, Chile
2025-11-29 17:54:11;Estación Central;departamento;Semi Nuevo Y Bien Ubicado En Estación Central;2000;CLF;2 dormitorios;2 baños;49 m² útiles;2 dormitorios | 2 baños | 49 m² útiles;Conde Del Maule, 4106, Estación Central;;-33.45338413192823;-70.69449248051292;Conde Del Maule, Estación Central, Santiago, Chile
2025-11-29 17:54:11;Estación Central;departamento;Departamento 2d 1b Bono Pie 15, Sin Comision Comprador;1990;CLF;2 dormitorios;1 baño;46 m² útiles;2 dormitorios | 1 baño | 46 m² útiles;Santa Petronila, 32, Metro Las Rejas, Estación Central;;-33.450666050424914;-70.70481665135743;Santa Petronila, Estación Central, Santiago, Chile
2025-11-29 17:54:11;Estación Central;departamento;Departamento 2d 1b Estac Y Bodega Al Lado De Terminal Sur;2110;CLF;2 dormitorios;1 baño;42 m² útiles;2 dormitorios | 1 baño | 42 m² útiles;Nicasio Retamales, 115, Universidad De Santiago, Estación Central;;-33.46037484410827;-70.68795307430338;Nicasio Retamales, Estación Central, Santiago, Chile
2025-11-29 17:54:11;Estación Central;departamento;Venta Departamento 2d 2b 1e En Estación Central;1750;CLF;2 dormitorios;2 baños;46 m² útiles;2 dormitorios | 2 baños | 46 m² útiles;Toro Mazotte, 76, San Alberto Hurtado, Estación Central;;-33.459468446430705;-70.69061060993947;Toro Mazotte, Estación Central, Santiago, Chile
2025-11-29 17:54:11;Estación Central;departamento;Vista Depejada/terraza / 2dorm-1baño (120204);1990;CLF;2 dormitorios;1 baño;46 m² útiles;2 dormitorios | 1 baño | 46 m² útiles;Toro Mazote, San Alberto Hurtado, Estación Central;;-33.4706502013169;-70.69045590796979;Toro Mazote, Estación Central, Santiago, Chile
2025-11-29 17:54:11;Estación Central;departamento;Oportunidad En Estación Central: 3d, Metro Cercano;3000;CLF;3 dormitorios;1 baño;52 m² útiles;3 dormitorios | 1 baño | 52 m² útiles;Avenida Libertador Bernardo O'Higgins, 4499, San Alberto Hurtado, Estación Central;;-33.4503245;-70.68141289460016;Avenida Libertador Bernardo O'Higgins, Estación Central, Santiago, Chile
2025-11-29 17:54:26;Estación Central;departamento;Departamento Venta 3dor 2baños Estacionami (70898);2500;CLF;3 dormitorios;2 baños;61 m² útiles;3 dormitorios | 2 baños | 61 m² útiles;Carlos Pezoa Véliz 1 - 300, Santiago, Estación Central, Chile, Estación Central;;-33.45575955203821;-70.70305514685388;Carlos Pezoa Véliz 1 - 300, Estación Central, Santiago, Chile
2025-11-29 17:54:26;Estación Central;departamento;Departamento 1 Dormitorio Estación Central Metro Alberto Hur;1099;CLF;1 dormitorio;1 baño;30 m² útiles;1 dormitorio | 1 baño | 30 m² útiles;Conde Del Maule, 4470, Estación Central;;-33.45338413192823;-70.69449248051292;Conde Del Maule, Estación Central, Santiago, Chile
2025-11-29 17:54:26;Estación Central;departamento;Departamento 1d 1b, Bono Pie 20, Coronel Souper 4060;1266;CLF;1 dormitorio;1 baño;32 m² útiles;1 dormitorio | 1 baño | 32 m² útiles;Coronel Souper, 4060, San Alberto Hurtado, Estación Central;;-33.4587970769033;-70.6976990807524;Coronel Souper, Estación Central, Santiago, Chile
2025-11-29 17:54:26;Estación Central;departamento;Oportunidad Con Subsido Dpto 1 Dorm Las Rejas (131508);1600;CLF;1 dormitorio;1 baño;30 m² útiles;1 dormitorio | 1 baño | 30 m² útiles;Avenida María Rozas Velásquez 1 - 300, Santiago, Estación Central, Chile, Metro Las Rejas, Estación Central;;-33.4501577831486;-70.70680027112631;Avenida María Rozas Velásquez 1 - 300, Estación Central, Santiago, Chile
2025-11-29 17:54:26;Estación Central;departamento;Oportunidad ! Excelente Departamento 3 D 2 B 1 E;100000000;CLP;3 dormitorios;2 baños;60 m² útiles;3 dormitorios | 2 baños | 60 m² útiles;Avenida Ecuador, 5065, Metro Las Rejas, Estación Central;;-33.45259369917749;-70.69621462893853;Avenida Ecuador, Estación Central, Santiago, Chile
2025-11-29 17:54:26;Estación Central;departamento;Invierte En Estación Central Con Alta Rentabilidad;1300;CLF;1 dormitorio;1 baño;30 m² útiles;1 dormitorio | 1 baño | 30 m² útiles;Conde Del Maule, 4364, San Alberto Hurtado, Estación Central;;-33.45338413192823;-70.69449248051292;Conde Del Maule, Estación Central, Santiago, Chile
2025-11-29 17:54:26;Estación Central;departamento;Tu Primera Gran Decisión De Inversión;1450;CLF;1 dormitorio;1 baño;34 m² útiles;1 dormitorio | 1 baño | 34 m² útiles;Nicasio Retamales, 200, Universidad De Santiago, Estación Central;;-33.46037484410827;-70.68795307430338;Nicasio Retamales, Estación Central, Santiago, Chile
2025-11-29 17:54:26;Estación Central;departamento;Inversionistas Caprate: 6,4%  1dorm/1bañ (120208);1290;CLF;1 dormitorio;1 baño;33 m² útiles;1 dormitorio | 1 baño | 33 m² útiles;Avenida María Rozas Velásquez, Metro Las Rejas, Estación Central;;-33.4559177;-70.70561315;Avenida María Rozas Velásquez, Estación Central, Santiago, Chile
2025-11-29 17:54:26;Estación Central;departamento;Amplio Depto 2dr 2bñ + Estacionamiento (72526);2495;CLF;2 dormitorios;2 baños;65 m² útiles;2 dormitorios | 2 baños | 65 m² útiles;Radal Del Obispo Francisco Anabalón Duarte, Metro Ecuador, Estación Central;;-33.45623561595505;-70.70110417417816;Radal Del Obispo Francisco Anabalón Duarte, Estación Central, Santiago, Chile
2025-11-29 17:54:26;Estación Central;departamento;Con Estacionamiento | Oportunidad (107530);54900000;CLP;1 dormitorio;1 baño;30 m² útiles;1 dormitorio | 1 baño | 30 m² útiles;Coronel Souper, Estación Central;;-33.4587970769033;-70.6976990807524;Coronel Souper, Estación Central, Santiago, Chile
2025-11-29 17:54:26;Estación Central;departamento;Futura - Vive Con Estilo Y Funcionalidad En Coronel Godoy;2872;CLF;1 dormitorio;1 baño;34 m² útiles;1 dormitorio | 1 baño | 34 m² útiles;Avenida Ecuador, 420, Metro Ecuador, Estación Central;;-33.45259369917749;-70.69621462893853;Avenida Ecuador, Estación Central, Santiago, Chile
2025-11-29 17:54:26;Estación Central;departamento;Comodo Depto  Estudio Venta Estacion Central;1400;CLF;1 dormitorio;1 baño;21 m² útiles;1 dormitorio | 1 baño | 21 m² útiles;Toro Mazotte, 110, San Alberto Hurtado, Estación Central;;-33.459468446430705;-70.69061060993947;Toro Mazotte, Estación Central, Santiago, Chile
2025-11-29 17:54:26;Estación Central;departamento;Invierte 1 Año De Arriendo En El Pie De Tu Departamento!!!!!;1500;CLF;1 dormitorio;1 baño;31 m² útiles;1 dormitorio | 1 baño | 31 m² útiles;Abtao, 30, Metro Ecuador, Estación Central;;-33.44909796807066;-70.7012547969177;Abtao, Estación Central, Santiago, Chile
2025-11-29 17:54:26;Estación Central;departamento;Oportunidad 950 Uf Metro Padre Hurtado;950;CLF;1 dormitorio;1 baño;21 m² útiles;1 dormitorio | 1 baño | 21 m² útiles;Coronel Souper, 4060, San Alberto Hurtado, Estación Central;;-33.4587970769033;-70.6976990807524;Coronel Souper, Estación Central, Santiago, Chile
2025-11-29 17:54:26;Estación Central;departamento;Departamento 2d 1b Estac Y Bodega  Bono Pie O Subsidio;2550;CLF;2 dormitorios;1 baño;48 m² útiles;2 dormitorios | 1 baño | 48 m² útiles;Conde Del Maule, 4470, San Alberto Hurtado, Estación Central;;-33.45338413192823;-70.69449248051292;Conde Del Maule, Estación Central, Santiago, Chile
2025-11-29 17:54:26;Estación Central;departamento;Departamento En Venta 1d, 1b Estación Central (78647);1090;CLF;1 dormitorio;1 baño;28 m² útiles;1 dormitorio | 1 baño | 28 m² útiles;Toro Mazote 1 - 300, Santiago, Estación Central, Chile, San Alberto Hurtado, Estación Central;;-33.4583573;-70.6907079;Toro Mazote 1 - 300, Estación Central, Santiago, Chile
2025-11-29 17:54:26;Estación Central;departamento;Departamento En Venta De 2 Dorm. En Estación Central;64000000;CLP;2 dormitorios;1 baño;52 m² útiles;2 dormitorios | 1 baño | 52 m² útiles;Cercano A Metro San Alberto Hurtado, San Alberto Hurtado, Estación Central;;-33.4542019;-70.6922721;Cercano A San Alberto Hurtado, Estación Central, Santiago, Chile
2025-11-29 17:54:26;Estación Central;departamento;Departamento Alameda Libertador Ohiggins, Estación Central;2100;CLF;1 dormitorio;1 baño;31 m² útiles;1 dormitorio | 1 baño | 31 m² útiles;Av. Alameda Libertador Bernardo O'Higgins 3900 - 4200, Estación Central, San Alberto Hurtado, Estación Central;;-33.4489016;-70.68162370843888;Av. Alameda Libertador Bernardo O'Higgins 3900 - 4200, Estación Central, Santiago, Chile
2025-11-29 17:54:26;Estación Central;departamento;Oportunidad ¡¡ Amplio Dpto Alameda 4272;2350;CLF;2 dormitorios;1 baño;80 m² útiles;2 dormitorios | 1 baño | 80 m² útiles;Av. Alameda Libertador Bernardo O'Higgins 4272, 9160061 Estación Central, Región Metropolitana, Chile, San Alberto Hurtado, Estación Central;;-33.4489016;-70.68162370843888;Av. Alameda Libertador Bernardo O'Higgins 4272, Estación Central, Santiago, Chile
2025-11-29 17:54:26;Estación Central;departamento;Vende Depto Metro Las Rejas Piso 20 1d 1b;1600;CLF;1 dormitorio;1 baño;28 m² útiles;1 dormitorio | 1 baño | 28 m² útiles;Maria Rozas Velasquez , 55, Metro Las Rejas, Estación Central;;-33.4559177;-70.70561315;Maria Rozas Velasquez, Estación Central, Santiago, Chile
2025-11-29 17:54:26;Estación Central;departamento;Impecable Y Amplio  Depto 3d Y2b Estac Y Bod Valle Verde;4090;CLF;3 dormitorios;2 baños;75 m² útiles;3 dormitorios | 2 baños | 75 m² útiles;Oceánica, 6281-6241, Estación Central;;-33.457773269913815;-70.72116404788262;Oceánica, Estación Central, Santiago, Chile
2025-11-29 17:54:26;Estación Central;departamento;Vendo Departamento 2d2b Frente Estadio Usach;68000000;CLP;2 dormitorios;2 baños;40 m² útiles;2 dormitorios | 2 baños | 40 m² útiles;Avenida Alberto Hurtado, 208, Estación Central;;-33.45054846872019;-70.69225689283539;Avenida Alberto Hurtado, Estación Central, Santiago, Chile
2025-11-29 17:54:26;Estación Central;departamento;Departamento En Venta En Estación Central;2117;CLF;2 dormitorios;2 baños;51 m² útiles;2 dormitorios | 2 baños | 51 m² útiles;Avenida Padre Alberto Hurtado 59, San Alberto Hurtado, Estación Central;;-33.4542019;-70.6922721;Avenida Padre Alberto Hurtado 59, Estación Central, Santiago, Chile
2025-11-29 17:54:26;Estación Central;departamento;Estacion Central, Conde Del Maule 4470, Dpto 2004, 2d 2b;1988;CLF;2 dormitorios;2 baños;47 m² útiles;2 dormitorios | 2 baños | 47 m² útiles;Conde Del Maule, 4470, Estación Central;;-33.45338413192823;-70.69449248051292;Conde Del Maule, Estación Central, Santiago, Chile
2025-11-29 17:54:26;Estación Central;departamento;Amplio Depto 3d Y 2b Est Y Bod Torres Del Valle;199000000;CLP;3 dormitorios;2 baños;84 m² útiles;3 dormitorios | 2 baños | 84 m² útiles;Avenida Laguna Sur, 6200-6400, Metro Pajaritos, Estación Central;;-33.4608808;-70.73063124999999;Avenida Laguna Sur, Estación Central, Santiago, Chile
2025-11-29 17:54:26;Estación Central;departamento;Impecable - A Pasos Del Metro Ecuador-2 Dormitorios- Terraza;75500000;CLP;2 dormitorios;1 baño;45 m² útiles;2 dormitorios | 1 baño | 45 m² útiles;Conde Del Maule 4630, Estación Central, Metro Ecuador, Estación Central;;-33.455162099999995;-70.70009776027834;Conde Del Maule 4630, Estación Central, Santiago, Chile
2025-11-29 17:54:26;Estación Central;departamento;Venta Departamento Metro San Alberto Hurtado (126210);100000000;CLP;3 dormitorios;2 baños;100 m² útiles;3 dormitorios | 2 baños | 100 m² útiles;Unidad Vecinal Portales, Estación Central, Chile, Universidad De Santiago, Estación Central;;-33.4489016;-70.68162370843888;Unidad Vecinal Portales, Estación Central, Santiago, Chile
2025-11-29 17:54:26;Estación Central;departamento;Venta 2d 1b Cerca De Usach Estacion Central;2400;CLF;2 dormitorios;1 baño;40 m² útiles;2 dormitorios | 1 baño | 40 m² útiles;Federico Scotto, 112, Universidad De Santiago, Estación Central;;-33.45210873887682;-70.68895116621364;Federico Scotto, Estación Central, Santiago, Chile
2025-11-29 17:54:26;Estación Central;departamento;A Pasos Metro Ecuador (103151);1890;CLF;1 dormitorio;1 baño;40 m² útiles;1 dormitorio | 1 baño | 40 m² útiles;Avenida Ecuador, Metro Ecuador, Estación Central;;-33.45259369917749;-70.69621462893853;Avenida Ecuador, Estación Central, Santiago, Chile
2025-11-29 17:54:26;Estación Central;departamento;Venta Departamento 2 Dormitorios Estación Central;1999;CLF;2 dormitorios;1 baño;40 m² útiles;2 dormitorios | 1 baño | 40 m² útiles;Conde Del Maule, 4470, Estación Central;;-33.45338413192823;-70.69449248051292;Conde Del Maule, Estación Central, Santiago, Chile
2025-11-29 17:54:26;Estación Central;departamento;Casi Nuevo! (131736);2890;CLF;2 dormitorios;1 baño;46 m² útiles;2 dormitorios | 1 baño | 46 m² útiles;La Coruña, Metro Ecuador, Estación Central;;-33.4525823800938;-70.70351934614867;La Coruña, Estación Central, Santiago, Chile
2025-11-29 17:54:26;Estación Central;departamento;A 5 Minutos Del Metro (132387);1990;CLF;2 dormitorios;2 baños;45 m² útiles;2 dormitorios | 2 baños | 45 m² útiles;Avenida Padre Alberto Hurtado, Universidad De Santiago, Estación Central;;-33.4721187;-70.687876;Avenida Padre Alberto Hurtado, Estación Central, Santiago, Chile
2025-11-29 17:54:26;Estación Central;departamento;Venta Departamento 2d1b Estacionamiento  Bono Pie;2000;CLF;2 dormitorios;1 baño;44 m² útiles;2 dormitorios | 1 baño | 44 m² útiles;Santa Petronila, 32, Metro Las Rejas, Estación Central;;-33.450666050424914;-70.70481665135743;Santa Petronila, Estación Central, Santiago, Chile
2025-11-29 17:54:26;Estación Central;departamento;Venta Departamento,alberto Hurtado, Toro Mazote 64, 1hab,1ba;1800;CLF;1 dormitorio;1 baño;35 m² útiles;1 dormitorio | 1 baño | 35 m² útiles;Toro Mazote, 64, San Alberto Hurtado, Estación Central;;-33.4706502013169;-70.69045590796979;Toro Mazote, Estación Central, Santiago, Chile
2025-11-29 17:54:26;Estación Central;departamento;Moderno Y Vista Despejada (131706);110000000;CLP;2 dormitorios;1 baño;46 m² útiles;2 dormitorios | 1 baño | 46 m² útiles;La Coruña & Radal Del Obispo Francisco Anabalón Duarte, Estación Central, Chile, Metro Ecuador, Estación Central;;-33.452541;-70.70205;La Coruña & Radal Del Obispo Francisco Anabalón Duarte, Estación Central, Santiago, Chile
2025-11-29 17:54:26;Estación Central;departamento;Dpto 1d1b Metro Ecuador Piso 6;1860;CLF;1 dormitorio;1 baño;34 m² útiles;1 dormitorio | 1 baño | 34 m² útiles;Avenida Libertador Bernardo O'Higgins, 4677, Metro Ecuador, Estación Central;;-33.4503245;-70.68141289460016;Avenida Libertador Bernardo O'Higgins, Estación Central, Santiago, Chile
2025-11-29 17:54:26;Estación Central;departamento;Oportunidad Departamento De Gran Conectividad (64320);1400;CLF;1 dormitorio;1 baño;32 m² útiles;1 dormitorio | 1 baño | 32 m² útiles;Coronel Souper 3900 - 4200, Santiago, Estación Central, Chile, San Alberto Hurtado, Estación Central;;-33.456027;-70.688594;Coronel Souper 3900 - 4200, Estación Central, Santiago, Chile
2025-11-29 17:54:26;Estación Central;departamento;Oportunidad Para Inversionistas;1450;CLF;1 dormitorio;1 baño;29 m² útiles;1 dormitorio | 1 baño | 29 m² útiles;Constantino, 141, San Alberto Hurtado, Estación Central;;-33.45175230051811;-70.69655474174844;Constantino, Estación Central, Santiago, Chile
2025-11-29 17:54:26;Estación Central;departamento;Departamento En Venta En Estación Central 2dormitorios+1baño;99000000;CLP;2 dormitorios;1 baño;58 m² útiles;2 dormitorios | 1 baño | 58 m² útiles;Av. Padre Alberto Hurtado 55, Estación Central, Universidad De Santiago, Estación Central;;-33.4542019;-70.6922721;Av. Padre Alberto Hurtado 55, Estación Central, Santiago, Chile
2025-11-29 17:54:26;Estación Central;departamento;Departamento Estudio En Venta Estación Central;880;CLF;1 dormitorio;1 baño;22 m² útiles;1 dormitorio | 1 baño | 22 m² útiles;Toro Mazotte, 110, San Alberto Hurtado, Estación Central;;-33.459468446430705;-70.69061060993947;Toro Mazotte, Estación Central, Santiago, Chile
2025-11-29 17:54:26;Estación Central;departamento;Venta Departamento 2hab 2ba Estación Central;83000000;CLP;2 dormitorios;2 baños;34 m² útiles;2 dormitorios | 2 baños | 34 m² útiles;Concón, 165, San Alberto Hurtado, Estación Central;;-33.45432961320408;-70.69618793971267;Concón, Estación Central, Santiago, Chile
2025-11-29 17:54:26;Estación Central;departamento;Excelente Oportunidad De Inversión 1d1b  (119927);1790;CLF;1 dormitorio;1 baño;35 m² útiles;1 dormitorio | 1 baño | 35 m² útiles;Placilla, Estación Central;;-33.45296935973518;-70.69530487940368;Placilla, Estación Central, Santiago, Chile
2025-11-29 17:54:26;Estación Central;departamento;Cercano A Comercio Y Locomoción (125421);55322400;CLP;1 dormitorio;1 baño;18 m² útiles;1 dormitorio | 1 baño | 18 m² útiles;Santa Petronila, Metro Las Rejas, Estación Central;;-33.450666050424914;-70.70481665135743;Santa Petronila, Estación Central, Santiago, Chile
2025-11-29 17:54:26;Estación Central;departamento;Venta Con Estacionamiento Y Bodega En Estación Central;1790;CLF;1 dormitorio;1 baño;33 m² útiles;1 dormitorio | 1 baño | 33 m² útiles;Francisco Zelada, 58, Metro Ecuador, Estación Central;;-33.452546889003195;-70.70301947226464;Francisco Zelada, Estación Central, Santiago, Chile
2025-11-29 17:54:26;Estación Central;departamento;Ideal Para Inversión, Cercano A Todo (132027);42000000;CLP;;;;;Santa Petronila, Metro Las Rejas, Estación Central;;-33.450666050424914;-70.70481665135743;Santa Petronila, Estación Central, Santiago, Chile
2025-11-29 17:54:52;Estación Central;departamento;Rentabiliza Tu Inversion, Oportunidad Irresistible;1415;CLF;1 dormitorio;1 baño;20 m² útiles;1 dormitorio | 1 baño | 20 m² útiles;Blanco Garcés, 154, San Alberto Hurtado, Estación Central;;-33.451992313901464;-70.69784303670724;Blanco Garcés, Estación Central, Santiago, Chile
2025-11-29 17:54:52;Estación Central;departamento;Invierte En Tú Futuro, Departamento  Con Alta Plusvalía;1699;CLF;1 dormitorio;1 baño;34 m² útiles;1 dormitorio | 1 baño | 34 m² útiles;Avenida María Rozas Velásquez, 45, Metro Las Rejas, Estación Central;;-33.4559177;-70.70561315;Avenida María Rozas Velásquez, Estación Central, Santiago, Chile
2025-11-29 17:54:52;Estación Central;departamento;Se Vende Dpto.  (76735);2300;CLF;2 dormitorios;2 baños;60 m² útiles;2 dormitorios | 2 baños | 60 m² útiles;Concón 1 - 300, Estación Central, Chile, San Alberto Hurtado, Estación Central;;-33.45849155;-70.69440605;Concón 1 - 300, Estación Central, Santiago, Chile
2025-11-29 17:54:52;Estación Central;departamento;General Velasquez  (85996);71400000;CLP;2 dormitorios;2 baños;44 m² útiles;2 dormitorios | 2 baños | 44 m² útiles;Avenida Padre Alberto Hurtado, San Alberto Hurtado, Estación Central;;-33.4721187;-70.687876;Avenida Padre Alberto Hurtado, Estación Central, Santiago, Chile
2025-11-29 17:54:52;Estación Central;departamento;Venta Departamento Cerca De Todo;1550;CLF;1 dormitorio;1 baño;28 m² útiles;1 dormitorio | 1 baño | 28 m² útiles;Conde Del Maule, 2607, Metro Ecuador, Estación Central;;-33.45338413192823;-70.69449248051292;Conde Del Maule, Estación Central, Santiago, Chile
2025-11-29 17:54:52;Estación Central;departamento;Venta De Departamento A Buen Precio;1250;CLF;1 dormitorio;1 baño;20 m² útiles;1 dormitorio | 1 baño | 20 m² útiles;Conde Del Maule, 4642, Metro Ecuador, Estación Central;;-33.45338413192823;-70.69449248051292;Conde Del Maule, Estación Central, Santiago, Chile
2025-11-29 17:54:52;Estación Central;departamento;Departamento 3d 2b,  Excelente Inversion;2200;CLF;3 dormitorios;2 baños;90 m² útiles;3 dormitorios | 2 baños | 90 m² útiles;Avenida Padre Alberto Hurtado, 194, Estación Central;;-33.4721187;-70.687876;Avenida Padre Alberto Hurtado, Estación Central, Santiago, Chile
2025-11-29 17:54:52;Estación Central;departamento;Locomocion Dia Y Noche (63505);1450;CLF;1 dormitorio;1 baño;28 m² útiles;1 dormitorio | 1 baño | 28 m² útiles;Abtao 1 - 300, Santiago, Estación Central, Chile, Estación Central;;-33.4490111;-70.7013117;Abtao 1 - 300, Estación Central, Santiago, Chile
2025-11-29 17:54:52;Estación Central;departamento;Metro San Alberto Hurtado  Coronel Souper 4060;1700;CLF;1 dormitorio;1 baño;30 m² útiles;1 dormitorio | 1 baño | 30 m² útiles;METRO SAN ALBERTO HURTADO - CORONEL SOUPER, San Alberto Hurtado, Estación Central;;-33.4542019;-70.6922721;SAN ALBERTO HURTADO - CORONEL SOUPER, Estación Central, Santiago, Chile
2025-11-29 17:54:52;Estación Central;departamento;Venta De Depto 2d/1b Metro Las Rejas;70000000;CLP;2 dormitorios;1 baño;44 m² útiles;2 dormitorios | 1 baño | 44 m² útiles;SANTA PETRONILA, 32, Metro Las Rejas, Estación Central;;-33.450666050424914;-70.70481665135743;SANTA PETRONILA, Estación Central, Santiago, Chile
2025-11-29 17:54:52;Estación Central;departamento;Venta Home Studio Para Inversion - Metro Ecuador  Piso 30;915;CLF;1 dormitorio;1 baño;23 m² útiles;1 dormitorio | 1 baño | 23 m² útiles;Blanco Garcés 154, Estación Central, San Alberto Hurtado, Estación Central;;-33.4503604;-70.69800392785399;Blanco Garcés 154, Estación Central, Santiago, Chile
2025-11-29 17:54:52;Estación Central;departamento;Departamento En Venta De 1 Dorm. En Estación Central;1375;CLF;1 dormitorio;1 baño;30 m² útiles;1 dormitorio | 1 baño | 30 m² útiles;Metro Las Rejas, Estación Central;;-33.4575386;-70.7067561;Las Rejas, Estación Central, Santiago, Chile
2025-11-29 17:54:52;Estación Central;departamento;Venta Departamento Estación Central 3d 2b E Y B;3300;CLF;3 dormitorios;2 baños;60 m² útiles;3 dormitorios | 2 baños | 60 m² útiles;Neptuno, 90, Metro Pajaritos, Estación Central;;-33.45728535;-70.72247975;Neptuno, Estación Central, Santiago, Chile
2025-11-29 17:54:52;Estación Central;departamento;Venta Depto 1 Dormitorio, 1 Baño, Termo (108439);1050;CLF;1 dormitorio;1 baño;27 m² útiles;1 dormitorio | 1 baño | 27 m² útiles;Santa Petronila, Metro Las Rejas, Estación Central;;-33.450666050424914;-70.70481665135743;Santa Petronila, Estación Central, Santiago, Chile
2025-11-29 17:54:52;Estación Central;departamento;Venta Dpto Cerca De Metro Ecuador 2d1b1e1bod (108661);2495;CLF;2 dormitorios;1 baño;40 m² útiles;2 dormitorios | 1 baño | 40 m² útiles;Abtao, Estación Central;;-33.44909796807066;-70.7012547969177;Abtao, Estación Central, Santiago, Chile
2025-11-29 17:54:52;Estación Central;departamento;Excelente Oportunidad De Inversion  (79421);2900;CLF;2 dormitorios;2 baños;53 m² útiles;2 dormitorios | 2 baños | 53 m² útiles;Avenida Ecuador 4500 - 4800, Santiago, Estación Central, Chile, Metro Ecuador, Estación Central;;-33.4544428;-70.7016545;Avenida Ecuador 4500 - 4800, Estación Central, Santiago, Chile
2025-11-29 17:54:52;Estación Central;departamento;Departamento En Venta Santa Petronila 32;44000000;CLP;1 dormitorio;1 baño;25 m² útiles;1 dormitorio | 1 baño | 25 m² útiles;SANTA PETRONILA 32, Estación Central;;-33.45395685;-70.70490686904479;SANTA PETRONILA 32, Estación Central, Santiago, Chile
2025-11-29 17:54:52;Estación Central;departamento;Departamento A Pasos Del Metro Ecuador (65788);2400;CLF;1 dormitorio;1 baño;32 m² útiles;1 dormitorio | 1 baño | 32 m² útiles;Conde Del Maule 3900 - 4200, Santiago, Estación Central, Chile, Estación Central;;-33.4533197;-70.6939689;Conde Del Maule 3900 - 4200, Estación Central, Santiago, Chile
2025-11-29 17:54:52;Estación Central;departamento;Depto En Venta Maria Rozas Vel 1d 1b Bodega 1 E;70000000;CLP;1 dormitorio;1 baño;28 m² útiles;1 dormitorio | 1 baño | 28 m² útiles;Avenida María Rozas Velásquez, 55, Metro Las Rejas, Estación Central;;-33.4559177;-70.70561315;Avenida María Rozas Velásquez, Estación Central, Santiago, Chile
2025-11-29 17:54:52;Estación Central;departamento;Venta 1d1b Nuevo, A Buen Precio  Conversable . Metro Ecuador;1690;CLF;;1 baño;34 m² útiles;1 baño | 34 m² útiles;CORONEL SOUPER 4438, San Alberto Hurtado, Estación Central;;-33.458517900000004;-70.69543448538855;CORONEL SOUPER 4438, Estación Central, Santiago, Chile
2025-11-29 17:54:52;Estación Central;departamento;Venta Departamento Villa Canadá (119961);65000000;CLP;3 dormitorios;1 baño;52 m² útiles;3 dormitorios | 1 baño | 52 m² útiles;Avenida 1 - 300 De Abril, Villa Francia, Estación Central;;-33.4580114;-70.6892054;Avenida 1 - 300 De Abril, Estación Central, Santiago, Chile
2025-11-29 17:54:52;Estación Central;departamento;Venta 1d 1b  Estacion Central 6 Min De M San Alberto Hurtado;1500;CLF;1 dormitorio;1 baño;33 m² útiles;1 dormitorio | 1 baño | 33 m² útiles;Embajador Quintana, 4334, San Alberto Hurtado, Estación Central;;-33.45108880740964;-70.69516947010477;Embajador Quintana, Estación Central, Santiago, Chile
2025-11-29 17:54:52;Estación Central;departamento;Venta Departamento 1hab 1ba Estación Central;62500000;CLP;1 dormitorio;1 baño;30 m² útiles;1 dormitorio | 1 baño | 30 m² útiles;Santa Petronila, 32, Metro Las Rejas, Estación Central;;-33.450666050424914;-70.70481665135743;Santa Petronila, Estación Central, Santiago, Chile
2025-11-29 17:54:52;Estación Central;departamento;Oportunidad Inversión 1d1b Con 2bod;1850;CLF;1 dormitorio;;35 m² útiles;1 dormitorio | 35 m² útiles;Avenida Ecuador, 5079, Metro Las Rejas, Estación Central;;-33.45259369917749;-70.69621462893853;Avenida Ecuador, Estación Central, Santiago, Chile
2025-11-29 17:54:52;Estación Central;departamento;Venta Estudio Paso Metro Ecuador  (126610);1460;CLF;;1 baño;16 m² útiles;1 baño | 16 m² útiles;Constantino, San Alberto Hurtado, Estación Central;;-33.45175230051811;-70.69655474174844;Constantino, Estación Central, Santiago, Chile
2025-11-29 17:54:52;Estación Central;departamento;Venta Departamento 1 Dormitorio - Metro Ecuador;1440;CLF;1 dormitorio;1 baño;30 m² útiles;1 dormitorio | 1 baño | 30 m² útiles;CONDE DEL MAULE 4642, Metro Ecuador, Estación Central;;-33.455249800000004;-70.7005326601452;CONDE DEL MAULE 4642, Estación Central, Santiago, Chile
2025-11-29 17:54:52;Estación Central;departamento;Increíble Depto Estudio (132576);50000000;CLP;1 dormitorio;1 baño;25 m² útiles;1 dormitorio | 1 baño | 25 m² útiles;Coronel Godoy, San Alberto Hurtado, Estación Central;;-33.456483306050025;-70.69279481856528;Coronel Godoy, Estación Central, Santiago, Chile
2025-11-29 17:54:52;Estación Central;departamento;Inversionistas 1d+1b (132142);1600;CLF;1 dormitorio;1 baño;32 m² útiles;1 dormitorio | 1 baño | 32 m² útiles;Buzo Sobenes 4500 - 4800, Estación Central, Chile, San Alberto Hurtado, Estación Central;;-33.4500196;-70.6965672;Buzo Sobenes 4500 - 4800, Estación Central, Santiago, Chile
2025-11-29 17:54:52;Estación Central;departamento;Departamento De Inversión (131037);1420;CLF;1 dormitorio;1 baño;32 m² útiles;1 dormitorio | 1 baño | 32 m² útiles;Santa Petronila, Metro Las Rejas, Estación Central;;-33.450666050424914;-70.70481665135743;Santa Petronila, Estación Central, Santiago, Chile
2025-11-29 17:54:52;Estación Central;departamento;Av. Ecuador/autopista Central (98884);1700;CLF;1 dormitorio;1 baño;30 m² útiles;1 dormitorio | 1 baño | 30 m² útiles;Buzo Sobenes, San Alberto Hurtado, Estación Central;;-33.45010351745822;-70.6932090507629;Buzo Sobenes, Estación Central, Santiago, Chile
2025-11-29 17:54:52;Estación Central;departamento;Amr Propiedades Vende Dpto. Pasos Metro P. Hurtado 2d 1b 1e;2590;CLF;2 dormitorios;1 baño;48 m² útiles;2 dormitorios | 1 baño | 48 m² útiles;Estación Central, San Alberto Hurtado;;-33.4536375;-70.6898654;Estación Central, Estación Central, Santiago, Chile
2025-11-29 17:54:52;Estación Central;departamento;Metro Ecuador. 2 Dormitorios. 1 Baño. Muy Buena Conectividad;1590;CLF;2 dormitorios;1 baño;39 m² útiles;2 dormitorios | 1 baño | 39 m² útiles;Av. Alameda Libertador Bernardo O'Higgins 4677, Estación Central, Metro Ecuador, Estación Central;;-33.4489016;-70.68162370843888;Av. Alameda Libertador Bernardo O'Higgins 4677, Estación Central, Santiago, Chile
2025-11-29 17:54:52;Estación Central;departamento;Oportunidad Departamento 1d 1b Metro Ecuador;1515;CLF;1 dormitorio;1 baño;30 m² útiles;1 dormitorio | 1 baño | 30 m² útiles;METRO ECUADOR, Estación Central;;-33.4559226;-70.6997325;ECUADOR, Estación Central, Santiago, Chile
2025-11-29 17:54:52;Estación Central;departamento;Acceso Controlado 24/7 (108596);1450;CLF;1 dormitorio;1 baño;30 m² útiles;1 dormitorio | 1 baño | 30 m² útiles;Avenida María Rozas Velásquez, Estación Central, Chile, Estación Central;;-33.4559177;-70.70561315;Avenida María Rozas Velásquez, Estación Central, Santiago, Chile
2025-11-29 17:54:52;Estación Central;departamento;Departamento Semi Nuevo Estacion Central Ideal Renta Corta;1690;CLF;1 dormitorio;1 baño;34 m² útiles;1 dormitorio | 1 baño | 34 m² útiles;Cnel. Souper 4438, Estación Central, San Alberto Hurtado, Estación Central;;-33.458517900000004;-70.69543448538855;Cnel. Souper 4438, Estación Central, Santiago, Chile
2025-11-29 17:54:52;Estación Central;departamento;Ultimas Unidades Nuevas A Precio Rebajado!!;2810;CLF;2 dormitorios;1 baño;45 m² útiles;2 dormitorios | 1 baño | 45 m² útiles;Gaspar De Orense, Estación Central, Estación Central;;-33.45145611810247;-70.69959432678502;Gaspar De Orense, Estación Central, Santiago, Chile
2025-11-29 17:54:52;Estación Central;departamento;Iluminado Departamento Con Gran Conectividad (64321);1900;CLF;2 dormitorios;1 baño;40 m² útiles;2 dormitorios | 1 baño | 40 m² útiles;Coronel Souper 3900 - 4200, Santiago, Estación Central, Chile, San Alberto Hurtado, Estación Central;;-33.456027;-70.688594;Coronel Souper 3900 - 4200, Estación Central, Santiago, Chile
2025-11-29 17:54:52;Estación Central;departamento;Se Vende Cómodo E Iluminado Departamento De 1d 1b;1649;CLF;1 dormitorio;1 baño;28 m² útiles;1 dormitorio | 1 baño | 28 m² útiles;Coronel Godoy 128, San Alberto Hurtado, Estación Central;;-33.4528658;-70.69408637142858;Coronel Godoy 128, Estación Central, Santiago, Chile
2025-11-29 17:54:52;Estación Central;departamento;Departamento En Venta De 1 Dorm. En Estación Central;1416;CLF;1 dormitorio;1 baño;20 m² útiles;1 dormitorio | 1 baño | 20 m² útiles;Estación Central;;-33.4536375;-70.6898654;Estación Central, Santiago, Chile
2025-11-29 17:54:52;Estación Central;departamento;Depto. En Excelente Ubicación! Oportunidad De Inversión!;1400;CLF;1 dormitorio;1 baño;30 m² útiles;1 dormitorio | 1 baño | 30 m² útiles;Av. Padre Alberto Hurtado 0145, Santiago, Estación Central, Estación Central;;-33.4542019;-70.6922721;Av. Padre Alberto Hurtado 0145, Estación Central, Santiago, Chile
2025-11-29 17:54:52;Estación Central;departamento;Estacion Central - Departamento 34 M2;1300;CLF;1 dormitorio;1 baño;34 m² útiles;1 dormitorio | 1 baño | 34 m² útiles;Av. Padre Alberto Hurtado 59, Estación Central, San Alberto Hurtado, Estación Central;;-33.4542019;-70.6922721;Av. Padre Alberto Hurtado 59, Estación Central, Santiago, Chile
2025-11-29 17:54:52;Estación Central;departamento; Loft Cercano Metro San Alberto Hurtado  (120365);1550;CLF;1 dormitorio;;24 m² útiles;1 dormitorio | 24 m² útiles;Embajador Quintana, Estación Central;;-33.45108880740964;-70.69516947010477;Embajador Quintana, Estación Central, Santiago, Chile
2025-11-29 17:54:52;Estación Central;departamento;Hermoso Dpto 2d 2b + Estac. Y Bodega, Metro Laguna Sur;3450;CLF;2 dormitorios;2 baños;52 m² útiles;2 dormitorios | 2 baños | 52 m² útiles;METRO LAGUNA SUR, RUTA 68, AV. LAS TORRES C/ PAJARITO, Metro Pajaritos, Estación Central;;-33.459528975931825;-70.72479004899631;LAGUNA SUR, Estación Central, Santiago, Chile
2025-11-29 17:54:52;Estación Central;departamento;Rebaja! Venta Departamento 1dormitorio Metro Padre Alberto;1190;CLF;1 dormitorio;1 baño;25 m² útiles;1 dormitorio | 1 baño | 25 m² útiles;Entre Ecuador Y Embajador Quintana, San Alberto Hurtado, Estación Central;;-33.45108880740964;-70.69516947010477;Entre Ecuador Y Embajador Quintana, Estación Central, Santiago, Chile
2025-11-29 17:54:52;Estación Central;departamento;Venta Depto,, Metro Padre Hurtado_$57.000.000 Al Contado;56990000;CLP;2 dormitorios;1 baño;31 m² útiles;2 dormitorios | 1 baño | 31 m² útiles;Av. Padre Alberto Hurtado 184, Santiago, Estación Central, Región Metropolitana, Chile, Universidad De Santiago, Estación Central;;-33.4542019;-70.6922721;Av. Padre Alberto Hurtado 184, Estación Central, Santiago, Chile
2025-11-29 17:54:52;Estación Central;departamento;Excelente Dpto Tradicional En Venta Av. Las Rejas;67000000;CLP;2 dormitorios;1 baño;47 m² útiles;2 dormitorios | 1 baño | 47 m² útiles;Guadal, 900 - 1200, Nogales - San Eugenio, Estación Central;;-33.46503374981012;-70.70329369769995;Guadal, Estación Central, Santiago, Chile
2025-11-29 17:55:23;Estación Central;departamento;Rebajado! Dpto 1d+1b En Estación Central;1550;CLF;1 dormitorio;1 baño;27 m² útiles;1 dormitorio | 1 baño | 27 m² útiles;Av. Maria Rozas Velasquez, 1 - 300, Metro Las Rejas, Estación Central;;-33.4559177;-70.70561315;Av. Maria Rozas Velasquez, Estación Central, Santiago, Chile
2025-11-29 17:55:23;Estación Central;departamento;Oportunidad, Excelente Ubicación A Pasos Metro Las Rejas;2750;CLF;3 dormitorios;2 baños;60 m² útiles;3 dormitorios | 2 baños | 60 m² útiles;Pje Titán 4900, Estación Central, Metro Las Rejas, Estación Central;;-33.45944285;-70.70320906091632;Pje Titán 4900, Estación Central, Santiago, Chile
2025-11-29 17:55:23;Estación Central;departamento;Rebajado! 2d+1b 1est 1 Bod Estación Central;2200;CLF;2 dormitorios;1 baño;42 m² útiles;2 dormitorios | 1 baño | 42 m² útiles;Santa Petronila, 1 - 300, Metro Las Rejas, Estación Central;;-33.450666050424914;-70.70481665135743;Santa Petronila, Estación Central, Santiago, Chile
2025-11-29 17:55:23;Estación Central;departamento;¡¡bajó 200 Uf!! Home Studio En Est. Central;1400;CLF;1 dormitorio;1 baño;20 m² útiles;1 dormitorio | 1 baño | 20 m² útiles;Av. Maria Rozas Velasquez, 1 - 300, Metro Las Rejas, Estación Central;;-33.4559177;-70.70561315;Av. Maria Rozas Velasquez, Estación Central, Santiago, Chile
2025-11-29 17:55:23;Estación Central;departamento;Bajó 150 Uf! Dpto 2d 1b 1est 1 Bod En Est Central;2100;CLF;2 dormitorios;1 baño;43 m² útiles;2 dormitorios | 1 baño | 43 m² útiles;Santa Petronila, 1 - 300, Metro Las Rejas, Estación Central;;-33.450666050424914;-70.70481665135743;Santa Petronila, Estación Central, Santiago, Chile
2025-11-29 17:55:23;Estación Central;departamento;Oportunidad, Tu Nuevo Hogar Te Espera!;1450;CLF;1 dormitorio;1 baño;26 m² útiles;1 dormitorio | 1 baño | 26 m² útiles;Con Con, 1 - 300, San Alberto Hurtado, Estación Central;;-33.471669;-70.6783309;Con Con, Estación Central, Santiago, Chile
2025-11-29 17:55:23;Estación Central;departamento;Metro Ecuador, Venta Departamento 1 Ambiente, Conde Maule. ;1250;CLF;1 dormitorio;1 baño;28 m² útiles;1 dormitorio | 1 baño | 28 m² útiles;Conde Del Maule 4200 - 4500, Santiago, Estación Central, San Alberto Hurtado, Estación Central;;-33.4533197;-70.6939689;Conde Del Maule 4200 - 4500, Estación Central, Santiago, Chile
2025-11-29 17:55:23;Estación Central;departamento;Dpto 2d 2b Con Terraza Metro Las Rejas;2740;CLF;2 dormitorios;2 baños;52 m² útiles;2 dormitorios | 2 baños | 52 m² útiles;María Rosa Velázquez, 51, Metro Las Rejas, Estación Central;;-33.4501577831486;-70.70680027112631;María Rosa Velázquez, Estación Central, Santiago, Chile
2025-11-29 17:55:23;Estación Central;departamento;Centralisimo  Depto 1 Dormitorio, Metro Ecu (66811);60000000;CLP;1 dormitorio;1 baño;30 m² útiles;1 dormitorio | 1 baño | 30 m² útiles;Carlos Pezoa Véliz, Santiago, Estación Central, Chile, Estación Central;;-33.45575955203821;-70.70305514685388;Carlos Pezoa Véliz, Estación Central, Santiago, Chile
2025-11-29 17:55:23;Estación Central;departamento;Luminoso , Moderno Y Espacioso  Depto 1 Dormitorio;1400;CLF;1 dormitorio;1 baño;32 m² útiles;1 dormitorio | 1 baño | 32 m² útiles;Av. Padre Alberto Hurtado 59, Estación Central, San Alberto Hurtado, Estación Central;;-33.4542019;-70.6922721;Av. Padre Alberto Hurtado 59, Estación Central, Santiago, Chile
2025-11-29 17:55:23;Estación Central;departamento;¡moderno Y Céntrico Depto En Estación Central!;1769;CLF;1 dormitorio;1 baño;33 m² útiles;1 dormitorio | 1 baño | 33 m² útiles;Conde Del Maule, 3900 - 4200, Universidad De Santiago, Estación Central;;-33.45338413192823;-70.69449248051292;Conde Del Maule, Estación Central, Santiago, Chile
2025-11-29 17:55:23;Estación Central;departamento;Venta Departamento Estación Central- Santiago;2500;CLF;2 dormitorios;1 baño;48 m² útiles;2 dormitorios | 1 baño | 48 m² útiles;METRO ECUADOR ESTACIÓN CENTRAL, SANTIAGO, Metro Ecuador, Estación Central;;-33.4559226;-70.6997325;ECUADOR ESTACIÓN CENTRAL, Estación Central, Santiago, Chile
2025-11-29 17:55:23;Estación Central;departamento;Depto 1d 1b, Cocina Americana, Metro Las Rejas;1790;CLF;1 dormitorio;1 baño;30 m² útiles;1 dormitorio | 1 baño | 30 m² útiles;Av. María Rozas Velásquez 51, Estación Central, Metro Las Rejas, Estación Central;;-33.45442295;-70.7056221847387;Av. María Rozas Velásquez 51, Estación Central, Santiago, Chile
2025-11-29 17:55:23;Estación Central;departamento;Vendo Departamento Metro San Alberto Hurtando Estacion Centr;70000000;CLP;2 dormitorios;1 baño;50 m² útiles;2 dormitorios | 1 baño | 50 m² útiles;Av. Ecuador, Metro Alberto Hurtado, San Alberto Hurtado, Estación Central;;-33.45259369917749;-70.69621462893853;Av. Ecuador, Estación Central, Santiago, Chile
2025-11-29 17:55:23;Estación Central;departamento;Calle Con Con, A Pasos Del Metro Ecuador. Estación Central. ;1350;CLF;1 dormitorio;1 baño;33 m² útiles;1 dormitorio | 1 baño | 33 m² útiles;Concón 1 - 300, Estación Central, San Alberto Hurtado, Estación Central;;-33.45849155;-70.69440605;Concón 1 - 300, Estación Central, Santiago, Chile
2025-11-29 17:55:23;Estación Central;departamento;Las Torcazas Neptuno 020, Depto 3d/2b/bod&est (69975);3200;CLF;3 dormitorios;2 baños;55 m² útiles;3 dormitorios | 2 baños | 55 m² útiles;Neptuno 1 - 300, Estación Central, Chile, Metro Pajaritos, Estación Central;;-33.4575801010101;-70.69575148282829;Neptuno 1 - 300, Estación Central, Santiago, Chile
2025-11-29 17:55:23;Estación Central;departamento;Invierte Ahora En Estación Central - Alta Demanda;2399;CLF;2 dormitorios;1 baño;47 m² útiles;2 dormitorios | 1 baño | 47 m² útiles;Edificio Acceso Controlado 24/7, Metro Ecuador, Estación Central;;-33.4463653;-70.6796309;Edificio Acceso Controlado 24/7, Estación Central, Santiago, Chile
2025-11-29 17:55:23;Estación Central;departamento;Estación Central 1d + 1b M Rosa Velázquez;1980;CLF;1 dormitorio;1 baño;36 m² útiles;1 dormitorio | 1 baño | 36 m² útiles;María Rosa Velázquez, 51, Metro Las Rejas, Estación Central;;-33.4501577831486;-70.70680027112631;María Rosa Velázquez, Estación Central, Santiago, Chile
2025-11-29 17:55:23;Estación Central;departamento;Dpto. En Venta 2d+2b+e+b, Placilla, Estación Central;2600;CLF;2 dormitorios;2 baños;44 m² útiles;2 dormitorios | 2 baños | 44 m² útiles;Placilla 046, Dpto 1103, Santiago, Estación Central, Chile, San Alberto Hurtado, Estación Central;;-33.4539635;-70.69516317598095;Placilla 046, Estación Central, Santiago, Chile
2025-11-29 17:55:23;Estación Central;departamento;Depto 1d + 1b - Metro Las Rejas;2200;CLF;1 dormitorio;1 baño;34 m² útiles;1 dormitorio | 1 baño | 34 m² útiles;María Rosa Velázquez, 51, Metro Las Rejas, Estación Central;;-33.4501577831486;-70.70680027112631;María Rosa Velázquez, Estación Central, Santiago, Chile
2025-11-29 17:55:23;Estación Central;departamento;Vive En El Corazón De Estación Central Conectado A Todo;2089;CLF;1 dormitorio;1 baño;32 m² útiles;1 dormitorio | 1 baño | 32 m² útiles;Coronel Souper, 4438, San Alberto Hurtado, Estación Central;;-33.4587970769033;-70.6976990807524;Coronel Souper, Estación Central, Santiago, Chile
2025-11-29 17:55:23;Estación Central;departamento;Inversión Ideal En Estación Central;1480;CLF;1 dormitorio;1 baño;28 m² útiles;1 dormitorio | 1 baño | 28 m² útiles;Concón, 1 - 300, Metro Ecuador, Estación Central;;-33.45432961320408;-70.69618793971267;Concón, Estación Central, Santiago, Chile
2025-11-29 17:55:23;Estación Central;departamento;Liquidación, Vivir O Invertir, Areas Verdes (128651);2099;CLF;3 dormitorios;1 baño;45 m² útiles;3 dormitorios | 1 baño | 45 m² útiles;Pasaje Titán 4800 - 5100, Santiago, Estación Central, Chile, Estación Central;;-33.4594035;-70.7052408;Pasaje Titán 4800 - 5100, Estación Central, Santiago, Chile
2025-11-29 17:55:23;Estación Central;departamento;Las Rejas / Ecuador (131205);95000000;CLP;2 dormitorios;2 baños;50 m² útiles;2 dormitorios | 2 baños | 50 m² útiles;María Rozas Velázquez 1 - 300, Santiago, Estación Central, Chile, Metro Las Rejas, Estación Central;;-33.4580114;-70.6892054;María Rozas Velázquez 1 - 300, Estación Central, Santiago, Chile
2025-11-29 17:55:23;Estación Central;departamento;Venta Departamento 1d, Estacion Central;1950;CLF;1 dormitorio;1 baño;34 m² útiles;1 dormitorio | 1 baño | 34 m² útiles;San Alberto Hurtado, Estación Central;;-33.4542019;-70.6922721;San Alberto Hurtado, Estación Central, Santiago, Chile
2025-11-29 17:55:23;Estación Central;departamento;Venta Departamento 1d 1b Av. Maria Rozas Velasquez ;1300;CLF;1 dormitorio;1 baño;28 m² útiles;1 dormitorio | 1 baño | 28 m² útiles;Av. María Rozas Velásquez 55, Estación Central, Metro Las Rejas, Estación Central;;-33.4540971;-70.70566517447065;Av. María Rozas Velásquez 55, Estación Central, Santiago, Chile
2025-11-29 17:55:23;Estación Central;departamento;Venta Depto Semi-amoblado Estacion Central (130147);2664;CLF;2 dormitorios;1 baño;44 m² útiles;2 dormitorios | 1 baño | 44 m² útiles;Av. María Rozas Velásquez 1 - 300, Estación Central, Chile, Metro Las Rejas, Estación Central;;-33.4501577831486;-70.70680027112631;Av. María Rozas Velásquez 1 - 300, Estación Central, Santiago, Chile
2025-11-29 17:55:23;Estación Central;departamento;Departamento En Venta De 1 Dorm. En Estación Central;1164;CLF;1 dormitorio;1 baño;20 m² útiles;1 dormitorio | 1 baño | 20 m² útiles;Nicasio Retamales, Universidad De Santiago, Estación Central;;-33.46037484410827;-70.68795307430338;Nicasio Retamales, Estación Central, Santiago, Chile
2025-11-29 17:55:23;Estación Central;departamento;Depto 2d + 1b - Liceo Metropolitano;2200;CLF;2 dormitorios;1 baño;43 m² útiles;2 dormitorios | 1 baño | 43 m² útiles;Nicasio Retamales, 115, Universidad De Santiago, Estación Central;;-33.46037484410827;-70.68795307430338;Nicasio Retamales, Estación Central, Santiago, Chile
2025-11-29 17:55:23;Estación Central;departamento;Departamento En Venta De 1 Dorm. En Estación Central;65000000;CLP;1 dormitorio;1 baño;33 m² útiles;1 dormitorio | 1 baño | 33 m² útiles;Metro San Alberto Hurtado, San Alberto Hurtado, Estación Central;;-33.4542019;-70.6922721;San Alberto Hurtado, Estación Central, Santiago, Chile
2025-11-29 17:55:23;Estación Central;departamento;Tipo Mariposa Con Estac. Y Bod. Sin Comisión (130358);81000000;CLP;2 dormitorios;2 baños;49 m² útiles;2 dormitorios | 2 baños | 49 m² útiles;Radal 1 - 300, Metro Ecuador, Estación Central;;-33.4512651;-70.7027388;Radal 1 - 300, Estación Central, Santiago, Chile
2025-11-29 17:55:23;Estación Central;departamento;Lindo&práctico Dpto 1d1b Buena Ubicac, 34 M2,oport.inversion;1495;CLF;1 dormitorio;1 baño;34 m² útiles;1 dormitorio | 1 baño | 34 m² útiles;Embajador Quintana 4334, Santiago, Estación Central, Chile, San Alberto Hurtado, Estación Central;;-33.4513384;-70.69439664091641;Embajador Quintana 4334, Estación Central, Santiago, Chile
2025-11-29 17:55:23;Estación Central;departamento;¡oferta! Se Vende Cómodo Departamento De 2d 2b En Estación C;83000000;CLP;2 dormitorios;2 baños;48 m² útiles;2 dormitorios | 2 baños | 48 m² útiles;AV. PADRE HURTADO CON ALAMEDA, San Alberto Hurtado, Estación Central;;-33.56768475;-70.81533656908425;AV. PADRE HURTADO CON ALAMEDA, Estación Central, Santiago, Chile
2025-11-29 17:55:23;Estación Central;departamento;A La Salida De Metro Ecuador, Clinica Red Salud;2600;CLF;2 dormitorios;2 baños;48 m² útiles;2 dormitorios | 2 baños | 48 m² útiles;A LA SALIDA DE METRO ECUADOR, ALAMEDA, Metro Ecuador, Estación Central;;-33.4559226;-70.6997325;A LA SALIDA DE ECUADOR, Estación Central, Santiago, Chile
2025-11-29 17:55:23;Estación Central;departamento;Venta Dpto 2d 1b Av. Ecuador Solo 15 Pisos;1750;CLF;2 dormitorios;1 baño;41 m² útiles;2 dormitorios | 1 baño | 41 m² útiles;Ecuador, 4500 - 4800, Metro Ecuador, Estación Central;;-33.4559226;-70.6997325;Ecuador, Estación Central, Santiago, Chile
2025-11-29 17:55:23;Estación Central;departamento;Se Liquida A Nuevo Precio!  2 Dormitorios + 1 Baño;1470;CLF;2 dormitorios;1 baño;36 m² útiles;2 dormitorios | 1 baño | 36 m² útiles;Constantino 1 - 300, Santiago, Estación Central, San Alberto Hurtado, Estación Central;;-33.4575801010101;-70.69575148282829;Constantino 1 - 300, Estación Central, Santiago, Chile
2025-11-29 17:55:23;Estación Central;departamento;Dpto 2dormitorios 2b  Metro Ecuador;2150;CLF;2 dormitorios;2 baños;38 m² útiles;2 dormitorios | 2 baños | 38 m² útiles;Conde Del Maule, 4500 - 4800, Metro Ecuador, Estación Central;;-33.45338413192823;-70.69449248051292;Conde Del Maule, Estación Central, Santiago, Chile
2025-11-29 17:55:23;Estación Central;departamento;Venta Dpto. Estacion Central, Blanco Garces (121323);2290;CLF;3 dormitorios;2 baños;56 m² útiles;3 dormitorios | 2 baños | 56 m² útiles;Blanco Garcés 1 - 300, Metro Ecuador, Estación Central;;-33.451992313901464;-70.69784303670724;Blanco Garcés 1 - 300, Estación Central, Santiago, Chile
2025-11-29 17:55:23;Estación Central;departamento;Departamento En Venta De 2 Dorm. 1 Baño En Estación Central;113900000;CLP;2 dormitorios;1 baño;46 m² útiles;2 dormitorios | 1 baño | 46 m² útiles;Metro San Alberto Hurtado, Metro Ecuador, Estación Central;;-33.4542019;-70.6922721;San Alberto Hurtado, Estación Central, Santiago, Chile
2025-11-29 17:55:23;Estación Central;departamento;Departamento En Venta De 1 Dorm. En Estación Central;1500;CLF;1 dormitorio;1 baño;46 m² útiles;1 dormitorio | 1 baño | 46 m² útiles;Placilla, San Alberto Hurtado, Estación Central;;-33.45296935973518;-70.69530487940368;Placilla, Estación Central, Santiago, Chile
2025-11-29 17:55:23;Estación Central;departamento;Departamento En Venta De 1 Dorm. En Estación Central;1990;CLF;1 dormitorio;1 baño;36 m² útiles;1 dormitorio | 1 baño | 36 m² útiles;Coronel Souper/ Coronel Godoy, San Alberto Hurtado, Estación Central;;-33.4587970769033;-70.6976990807524;Coronel Souper/ Coronel Godoy, Estación Central, Santiago, Chile
2025-11-29 17:55:23;Estación Central;departamento;En Venta 2 Dormitorios 1 Estacionamiento (64313);2200;CLF;2 dormitorios;1 baño;44 m² útiles;2 dormitorios | 1 baño | 44 m² útiles;Santa Petronila 1 - 300, Santiago, Estación Central, Chile, Metro Las Rejas, Estación Central;;-33.4547012;-70.7043212;Santa Petronila 1 - 300, Estación Central, Santiago, Chile
2025-11-29 17:55:23;Estación Central;departamento;Al Frente De La Usach  (74727);65000000;CLP;2 dormitorios;2 baños;40 m² útiles;2 dormitorios | 2 baños | 40 m² útiles;Avenida Padre Alberto Hurtado 1 - 300, Santiago, Estación Central, Chile, Estación Central;;-33.4655554;-70.6992341;Avenida Padre Alberto Hurtado 1 - 300, Estación Central, Santiago, Chile
2025-11-29 17:55:23;Estación Central;departamento;En Condominio, Metro, Ambiente Seguro (127093);1999;CLF;3 dormitorios;1 baño;45 m² útiles;3 dormitorios | 1 baño | 45 m² útiles;Pasaje Titán 4800 - 5100, Santiago, Estación Central, Chile, Metro Ecuador, Estación Central;;-33.4594035;-70.7052408;Pasaje Titán 4800 - 5100, Estación Central, Santiago, Chile
2025-11-29 17:55:23;Estación Central;departamento;Home Studio En Estación Central;1168;CLF;1 dormitorio;1 baño;17 m² útiles;1 dormitorio | 1 baño | 17 m² útiles;Metro San Alberto Hurtado, San Alberto Hurtado, Estación Central;;-33.4542019;-70.6922721;San Alberto Hurtado, Estación Central, Santiago, Chile
2025-11-29 17:55:23;Estación Central;departamento;Venta Departamento,estación Central,blanco Garcés,2hab,1ba;2100;CLF;2 dormitorios;1 baño;40 m² útiles;2 dormitorios | 1 baño | 40 m² útiles;Blanco Garcés, 154, Estación Central;;-33.451992313901464;-70.69784303670724;Blanco Garcés, Estación Central, Santiago, Chile
2025-11-29 17:55:23;Estación Central;departamento; Departamento En Estación Central- Stgo.;1950;CLF;1 dormitorio;1 baño;33 m² útiles;1 dormitorio | 1 baño | 33 m² útiles;ESTACIÓN CENTRAL, San Alberto Hurtado, Estación Central;;-33.4536375;-70.6898654;ESTACIÓN CENTRAL, Estación Central, Santiago, Chile
2025-11-29 17:55:23;Estación Central;departamento;Dpto Bajo Precio Mercado Impecable Y Con Lindos Espacios;1850;CLF;2 dormitorios;1 baño;45 m² útiles;2 dormitorios | 1 baño | 45 m² útiles;Av. María Rozas Velásquez 61, 8460658 Estación Central, Región Metropolitana, Chile, Metro Las Rejas, Estación Central;;-33.4537755;-70.70570847947258;Av. María Rozas Velásquez 61, Estación Central, Santiago, Chile
2025-11-29 17:55:30;Estación Central;departamento;Amplio Dpto. 3d 2b 1e 1b Av. Ecuador  (102448);2929;CLF;3 dormitorios;2 baños;64 m² útiles;3 dormitorios | 2 baños | 64 m² útiles;Avenida Ecuador, Metro Ecuador, Estación Central;;-33.45259369917749;-70.69621462893853;Avenida Ecuador, Estación Central, Santiago, Chile
2025-11-29 17:55:30;Estación Central;departamento;Se Vende Depto A Pasos Del Metro Ecuador (130981);65000000;CLP;1 dormitorio;1 baño;31 m² útiles;1 dormitorio | 1 baño | 31 m² útiles;Radal 1 - 300, Santiago, Estación Central, Chile, Metro Ecuador, Estación Central;;-33.4512651;-70.7027388;Radal 1 - 300, Estación Central, Santiago, Chile
2025-11-29 17:55:30;Estación Central;departamento;Oportunidad Depto 2d Y 2b Vista Despejada Estación Central;3300;CLF;2 dormitorios;2 baños;52 m² útiles;2 dormitorios | 2 baños | 52 m² útiles;Avenida Las Torres, Condominio Croma, Estación Central, Estación Central;;-33.46918615;-70.73121361127465;Avenida Las Torres, Estación Central, Santiago, Chile
2025-11-29 17:55:30;Estación Central;departamento;Departamento En Venta De 2d 1 B En Estación Central;1890;CLF;2 dormitorios;1 baño;51 m² útiles;2 dormitorios | 1 baño | 51 m² útiles;Parque Bernardo Leighton, Nogales - San Eugenio, Estación Central;;-33.46589575;-70.69481700635268;Parque Bernardo Leighton, Estación Central, Santiago, Chile
2025-11-29 17:55:30;Estación Central;departamento;Departamento En Venta En Estación Central;1168;CLF;1 dormitorio;1 baño;17 m² útiles;1 dormitorio | 1 baño | 17 m² útiles;Metro San Alberto Hurtado, San Alberto Hurtado, Estación Central;;-33.4542019;-70.6922721;San Alberto Hurtado, Estación Central, Santiago, Chile
2025-11-29 17:55:30;Estación Central;departamento;Estación Central 1d 1b /calle Concón - Conde Del Maule;2000;CLF;1 dormitorio;1 baño;34 m² útiles;1 dormitorio | 1 baño | 34 m² útiles;CALLE CONCÓN CON CONDE DEL MAULE, San Alberto Hurtado, Estación Central;;-33.45338413192823;-70.69449248051292;CALLE CONCÓN CON CONDE DEL MAULE, Estación Central, Santiago, Chile
2025-11-29 17:55:30;Estación Central;departamento;Oportunidad ! !! Práctico Depto Estudio/metro Ecuador;1285;CLF;1 dormitorio;1 baño;21 m² útiles;1 dormitorio | 1 baño | 21 m² útiles;Av. Libertador Bernardo O'Higgins 4877, Santiago, Estación Central, Chile, Metro Ecuador, Estación Central;;-33.4560653;-70.70227466508047;Av. Libertador Bernardo O'Higgins 4877, Estación Central, Santiago, Chile
2025-11-29 17:55:30;Estación Central;departamento;Atención También Inversionistas;1398;CLF;1 dormitorio;1 baño;32 m² útiles;1 dormitorio | 1 baño | 32 m² útiles;Toro Mazotte 111 - 300, 0, San Alberto Hurtado, Estación Central;;-33.4583573;-70.6907079;Toro Mazotte 111 - 300, Estación Central, Santiago, Chile
2025-11-29 17:55:30;Estación Central;departamento;Departamento En Venta En San Alberto Hurtado;1480;CLF;1 dormitorio;1 baño;34 m² útiles;1 dormitorio | 1 baño | 34 m² útiles;ECUADOR/CONDE MAULE, San Alberto Hurtado, Estación Central;;-33.4559226;-70.6997325;ECUADOR/CONDE MAULE, Estación Central, Santiago, Chile
2025-11-29 17:55:30;Estación Central;departamento;Departamento En Venta En Estación Central;1890;CLF;2 dormitorios;1 baño;45 m² útiles;2 dormitorios | 1 baño | 45 m² útiles;METRO ECUADOR, Metro Ecuador, Estación Central;;-33.4559226;-70.6997325;ECUADOR, Estación Central, Santiago, Chile
2025-11-29 17:55:30;Estación Central;departamento;Departamento En Venta De 1 Dorm. En Estación Central;1581;CLF;1 dormitorio;1 baño;36 m² útiles;1 dormitorio | 1 baño | 36 m² útiles;Coronel Souper/ Coronel Godoy, San Alberto Hurtado, Estación Central;;-33.4587970769033;-70.6976990807524;Coronel Souper/ Coronel Godoy, Estación Central, Santiago, Chile
2025-11-29 17:55:30;Estación Central;departamento;Venta De Departamentos De 49m2  Conde Del Maule Oportunidad;2100;CLF;2 dormitorios;1 baño;47 m² útiles;2 dormitorios | 1 baño | 47 m² útiles;Conde Del Maule 4577, Estación Central, Metro Ecuador, Estación Central;;-33.45412385;-70.69885357615101;Conde Del Maule 4577, Estación Central, Santiago, Chile
2025-11-29 17:55:30;Estación Central;departamento;Conectividad (87301);2580;CLF;2 dormitorios;2 baños;52 m² útiles;2 dormitorios | 2 baños | 52 m² útiles;Conde Del Maule, San Alberto Hurtado, Estación Central;;-33.45338413192823;-70.69449248051292;Conde Del Maule, Estación Central, Santiago, Chile
2025-11-29 17:55:30;Estación Central;departamento;Amplio Departamento En Estación Central (127912);2100;CLF;2 dormitorios;2 baños;48 m² útiles;2 dormitorios | 2 baños | 48 m² útiles;Placilla 1 - 300, San Alberto Hurtado, Estación Central;;-33.458215;-70.69357284583333;Placilla 1 - 300, Estación Central, Santiago, Chile
2025-11-29 17:55:30;Estación Central;departamento;Santiago  Departamento En Venta;1350;CLF;1 dormitorio;1 baño;31 m² útiles;1 dormitorio | 1 baño | 31 m² útiles;Toro Mazote 76, Estación Central, San Alberto Hurtado, Estación Central;;-33.455381;-70.69151716262756;Toro Mazote 76, Estación Central, Santiago, Chile
2025-11-29 17:55:30;Estación Central;departamento;Departamento En Venta De 1 Dorm. En Estación Central;1800;CLF;1 dormitorio;1 baño;34 m² útiles;1 dormitorio | 1 baño | 34 m² útiles;Metro San Alberto Hurtado, San Alberto Hurtado, Estación Central;;-33.4542019;-70.6922721;San Alberto Hurtado, Estación Central, Santiago, Chile
2025-11-29 17:55:30;Estación Central;departamento;Rebajado!! Venta Departamento Estación Central;1600;CLF;1 dormitorio;1 baño;33 m² útiles;1 dormitorio | 1 baño | 33 m² útiles;Nicasio Retamales, 115, Universidad De Santiago, Estación Central;;-33.46037484410827;-70.68795307430338;Nicasio Retamales, Estación Central, Santiago, Chile
2025-11-29 17:55:30;Estación Central;departamento;Moderno Dpto 3d/2b Y Est/bod - Metro Ecuador (128736);2200;CLF;3 dormitorios;2 baños;65 m² útiles;3 dormitorios | 2 baños | 65 m² útiles;Coronel Souper 3900 - 4200, Santiago, Estación Central, Chile, San Alberto Hurtado, Estación Central;;-33.456027;-70.688594;Coronel Souper 3900 - 4200, Estación Central, Santiago, Chile
2025-11-29 17:55:30;Estación Central;departamento;Estacion Central, A Pasos Del Metro (113827);1650;CLF;1 dormitorio;1 baño;33 m² útiles;1 dormitorio | 1 baño | 33 m² útiles;Nicasio Retamales, Universidad De Santiago, Estación Central;;-33.46037484410827;-70.68795307430338;Nicasio Retamales, Estación Central, Santiago, Chile
2025-11-29 17:55:30;Estación Central;departamento;Departamento Ideal Para Invertir;2100;CLF;1 dormitorio;1 baño;31 m² útiles;1 dormitorio | 1 baño | 31 m² útiles;Av María Rozas Velázquez, 1 - 300, Metro Las Rejas, Estación Central;;-33.4501577831486;-70.70680027112631;Av María Rozas Velázquez, Estación Central, Santiago, Chile
2025-11-29 17:55:30;Estación Central;departamento;¡moderno Depto. En Venta En Estación Central!;3100;CLF;2 dormitorios;1 baño;47 m² útiles;2 dormitorios | 1 baño | 47 m² útiles;Av. María Rozas Velázquez, 1 - 300, Metro Las Rejas, Estación Central;;-33.4501577831486;-70.70680027112631;Av. María Rozas Velázquez, Estación Central, Santiago, Chile
2025-11-29 17:55:30;Estación Central;departamento;Departamento En Venta Ideal Para Inversion, Cerca Metro;2000;CLF;1 dormitorio;1 baño;30 m² útiles;1 dormitorio | 1 baño | 30 m² útiles;Av. Ecuador 4570, Santiago, Estación Central, Metro Ecuador, Estación Central;;-33.4537665;-70.69876787903041;Av. Ecuador 4570, Estación Central, Santiago, Chile
2025-11-29 17:55:30;Estación Central;departamento;Departamento En Venta De 1 Dorm. En Estación Central;1650;CLF;1 dormitorio;1 baño;34 m² útiles;1 dormitorio | 1 baño | 34 m² útiles;Alameda, Universidad De Santiago, Estación Central;;-33.452344;-70.6790609;Alameda, Estación Central, Santiago, Chile
2025-11-29 17:55:30;Estación Central;departamento;Departamento En Venta En Maria Rozas / Ecuador;3110;CLF;2 dormitorios;2 baños;47 m² útiles;2 dormitorios | 2 baños | 47 m² útiles;Maria Rozas Velasquez / Ecuador, Metro Las Rejas, Estación Central;;-33.44811330537181;-70.70726397825922;Maria Rozas Velasquez / Ecuador, Estación Central, Santiago, Chile
2025-11-29 17:55:30;Estación Central;departamento;Oportunidad Excelente Depto. A Pasos De Metro Ecuador;61000000;CLP;1 dormitorio;1 baño;30 m² útiles;1 dormitorio | 1 baño | 30 m² útiles;Radal Del Obispo Francisco Anabalón Duarte 1 - 300, Estación Central, Región Metropolitana, Chile, Metro Ecuador, Estación Central;;-33.4512651;-70.7027388;Radal Del Obispo Francisco Anabalón Duarte 1 - 300, Estación Central, Santiago, Chile
2025-11-29 17:55:30;Estación Central;departamento;Dpto Venta Semi-nuevo Coronel Souper Oportunidad;2300;CLF;2 dormitorios;1 baño;40 m² útiles;2 dormitorios | 1 baño | 40 m² útiles;Coronel Souper, 4200 - 4500, San Alberto Hurtado, Estación Central;;-33.4587970769033;-70.6976990807524;Coronel Souper, Estación Central, Santiago, Chile
2025-11-29 17:55:30;Estación Central;departamento;Venta, Departamento, Estación Central. 2d/1b;1990;CLF;2 dormitorios;1 baño;42 m² útiles;2 dormitorios | 1 baño | 42 m² útiles;Blanco Garces 154- Dep 1209B, Estacion Central, San Alberto Hurtado, Estación Central;;-33.4503604;-70.69800392785399;Blanco Garces 154- Dep 1209B, Estación Central, Santiago, Chile
2025-11-29 17:55:30;Estación Central;departamento;Venta Departamento 2d 1b Estac Bodega Estacion Central;2200;CLF;2 dormitorios;1 baño;41 m² útiles;2 dormitorios | 1 baño | 41 m² útiles;Radal Del Obispo Francisco Anabalón Duarte, 0102, Metro Ecuador, Estación Central;;-33.45623561595505;-70.70110417417816;Radal Del Obispo Francisco Anabalón Duarte, Estación Central, Santiago, Chile
2025-11-29 17:55:30;Estación Central;departamento;Vende Dpto 2d1b Con Estacionamiento Y Bodega | Las Rejas L1;2990;CLF;2 dormitorios;1 baño;39 m² útiles;2 dormitorios | 1 baño | 39 m² útiles;Avenida María Rozas Velásquez 51, Lo Prado, Estación Central, Chile, Metro Las Rejas, Estación Central;;-33.45442295;-70.7056221847387;Avenida María Rozas Velásquez 51, Estación Central, Santiago, Chile
2025-11-29 17:55:30;Estación Central;departamento;Departamento En Venta De 2 Dorm. En Estación Central;2095;CLF;2 dormitorios;2 baños;47 m² útiles;2 dormitorios | 2 baños | 47 m² útiles;Placilla, San Alberto Hurtado, Estación Central;;-33.45296935973518;-70.69530487940368;Placilla, Estación Central, Santiago, Chile
2025-11-29 17:55:30;Estación Central;departamento;Estación Central, 1d 1b + 1 Estacionamiento (118874);1900;CLF;1 dormitorio;1 baño;33 m² útiles;1 dormitorio | 1 baño | 33 m² útiles;Nicasio Retamales, Universidad De Santiago, Estación Central;;-33.46037484410827;-70.68795307430338;Nicasio Retamales, Estación Central, Santiago, Chile
2025-11-29 17:55:30;Estación Central;departamento;Depto Amplio , Estilo Mariposa , 2 Dormitorios , Principal C;2476;CLF;2 dormitorios;2 baños;52 m² útiles;2 dormitorios | 2 baños | 52 m² útiles;Coronel Souper 4171, Santiago, Estación Central, Chile, San Alberto Hurtado, Estación Central;;-33.45695645;-70.69224955499838;Coronel Souper 4171, Estación Central, Santiago, Chile
2025-11-29 17:55:30;Estación Central;departamento;Inversion - Vendo Depto. 2d1b Estac. Central (72485);1510;CLF;2 dormitorios;1 baño;35 m² útiles;2 dormitorios | 1 baño | 35 m² útiles;Avenida María Rozas Velásquez 1 - 300, Santiago, Estación Central, Chile, Metro Las Rejas, Estación Central;;-33.4501577831486;-70.70680027112631;Avenida María Rozas Velásquez 1 - 300, Estación Central, Santiago, Chile
2025-11-29 17:55:30;Estación Central;departamento; Venta Departamento Estación Central Con Bode (69957);3300;CLF;3 dormitorios;2 baños;60 m² útiles;3 dormitorios | 2 baños | 60 m² útiles;Neptuno, Estación Central, Chile, Estación Central;;-33.45728535;-70.72247975;Neptuno, Estación Central, Santiago, Chile
2025-11-29 17:55:30;Estación Central;departamento;Vendo Luminoso Departamento En Estación Central;52000000;CLP;1 dormitorio;1 baño;28 m² útiles;1 dormitorio | 1 baño | 28 m² útiles;Estacion Central, Región Metropolitana, Universidad De Santiago, Estación Central;;-33.4536375;-70.6898654;Estacion Central, Estación Central, Santiago, Chile
2025-11-29 17:55:30;Estación Central;departamento;Departamento En Venta De 1 Dorm. En Estación Central;2000;CLF;1 dormitorio;1 baño;33 m² útiles;1 dormitorio | 1 baño | 33 m² útiles;Federico Scotto, Universidad De Santiago, Estación Central;;-33.45210873887682;-70.68895116621364;Federico Scotto, Estación Central, Santiago, Chile
2025-11-29 17:55:30;Estación Central;departamento;Departamento En Venta De 1 Dorm. En Estación Central;2050;CLF;1 dormitorio;1 baño;36 m² útiles;1 dormitorio | 1 baño | 36 m² útiles;Coronel Souper/ Coronel Godoy, San Alberto Hurtado, Estación Central;;-33.4587970769033;-70.6976990807524;Coronel Souper/ Coronel Godoy, Estación Central, Santiago, Chile
2025-11-29 17:55:30;Estación Central;departamento;Venta Departamento En Edif Season;1750;CLF;2 dormitorios;2 baños;42 m² útiles;2 dormitorios | 2 baños | 42 m² útiles;Av. Ecuador 4707, Santiago, Estación Central, Metro Ecuador, Estación Central;;-33.45321765;-70.6993318530319;Av. Ecuador 4707, Estación Central, Santiago, Chile
2025-11-29 17:55:30;Estación Central;departamento;Venta Departamento Edif Season (122529);1750;CLF;2 dormitorios;1 baño;42 m² útiles;2 dormitorios | 1 baño | 42 m² útiles;Avenida Ecuador 600 - 900, Metro Ecuador, Estación Central;;-33.4733307;-70.71174776666666;Avenida Ecuador 600 - 900, Estación Central, Santiago, Chile
2025-11-29 17:55:30;Estación Central;departamento;Moderno Depto 1d/1b En Estación Central;1234;CLF;1 dormitorio;1 baño;28 m² útiles;1 dormitorio | 1 baño | 28 m² útiles;Av. Maria Rozas Velasquez, 1 - 300, Metro Las Rejas, Estación Central;;-33.4559177;-70.70561315;Av. Maria Rozas Velasquez, Estación Central, Santiago, Chile
2025-11-29 17:55:30;Estación Central;departamento;Venta De Nuevo Proyecto En Estacion Central;2524;CLF;2 dormitorios;1 baño;49 m² útiles;2 dormitorios | 1 baño | 49 m² útiles;Avenida Alameda Libertador Bernardo O'Higgins, 11, San Alberto Hurtado, Estación Central;;-33.4548329;-70.69714139971808;Avenida Alameda Libertador Bernardo O'Higgins, Estación Central, Santiago, Chile
2025-11-29 17:55:30;Estación Central;departamento;Departamento Estilo Mariposa Con Estacionamiento;2480;CLF;2 dormitorios;2 baños;51 m² útiles;2 dormitorios | 2 baños | 51 m² útiles;Conde Del Maule 4631, Santiago, Estación Central, Metro Ecuador, Estación Central;;-33.45448825;-70.69974651467399;Conde Del Maule 4631, Estación Central, Santiago, Chile
2025-11-29 17:55:30;Estación Central;departamento;Departamento En Venta En Maria Rozas / Ecuador;2365;CLF;1 dormitorio;1 baño;32 m² útiles;1 dormitorio | 1 baño | 32 m² útiles;Maria Rozas Velasquez / Ecuador, Metro Las Rejas, Estación Central;;-33.44811330537181;-70.70726397825922;Maria Rozas Velasquez / Ecuador, Estación Central, Santiago, Chile
2025-11-29 17:55:30;Estación Central;departamento;Conde Del Maule 4260 La Tendencia De Disfrutar Los Espacios;3300;CLF;2 dormitorios;2 baños;64 m² útiles;2 dormitorios | 2 baños | 64 m² útiles;Conde Del Maule 4260, Santiago, Estación Central, Chile, San Alberto Hurtado, Estación Central;;-33.45347055714286;-70.69455830816327;Conde Del Maule 4260, Estación Central, Santiago, Chile
2025-11-29 17:55:30;Estación Central;departamento;Departamento En Venta De 2 Dorm. En Maria Rozas / Ecuador;2875;CLF;2 dormitorios;1 baño;42 m² útiles;2 dormitorios | 1 baño | 42 m² útiles;Maria Rozas Velasquez / Ecuador, Metro Las Rejas, Estación Central;;-33.44811330537181;-70.70726397825922;Maria Rozas Velasquez / Ecuador, Estación Central, Santiago, Chile
2025-11-29 17:55:30;Estación Central;departamento;Departamento En Venta De 2 Dorm. En Estación Central;1990;CLF;2 dormitorios;1 baño;42 m² útiles;2 dormitorios | 1 baño | 42 m² útiles;Cercano A Sagitario, Metro Las Rejas, Estación Central;;-33.4778741;-70.6957382;Cercano A Sagitario, Estación Central, Santiago, Chile
2025-11-29 17:55:30;Estación Central;departamento;Tremenda Oportunidad!!! Santa Petronila... A Pasos Del Metro;1490;CLF;1 dormitorio;1 baño;27 m² útiles;1 dormitorio | 1 baño | 27 m² útiles;SANTA PETRONILA 32 METRO LAS REJAS, Estación Central;;-33.4575386;-70.7067561;SANTA PETRONILA 32 LAS REJAS, Estación Central, Santiago, Chile
2025-11-29 17:57:28;Estación Central;departamento;Departamento En Venta De 2 Dorm. En Estación Central;1990;CLF;2 dormitorios;1 baño;42 m² útiles;2 dormitorios | 1 baño | 42 m² útiles;Cercano A Sagitario, Metro Las Rejas, Estación Central;;-33.4778741;-70.6957382;Cercano A Sagitario, Estación Central, Santiago, Chile
2025-11-29 17:57:28;Estación Central;departamento;Departamento Para Inversión En Venta En Estación Central;1525;CLF;1 dormitorio;1 baño;20 m² útiles;1 dormitorio | 1 baño | 20 m² útiles;AV ECUADOR, San Alberto Hurtado, Estación Central;;-33.45259369917749;-70.69621462893853;AV ECUADOR, Estación Central, Santiago, Chile
2025-11-29 17:57:28;Estación Central;departamento;Oportunidad Departamento En Venta En Estación Central;1530;CLF;1 dormitorio;1 baño;20 m² útiles;1 dormitorio | 1 baño | 20 m² útiles;AV ECUADOR, San Alberto Hurtado, Estación Central;;-33.45259369917749;-70.69621462893853;AV ECUADOR, Estación Central, Santiago, Chile
2025-11-29 17:57:28;Estación Central;departamento;1d,1b, Linda Vista Despejada Oriente;1650;CLF;1 dormitorio;1 baño;34 m² útiles;1 dormitorio | 1 baño | 34 m² útiles;Concón 165, Estación Central, San Alberto Hurtado, Estación Central;;-33.45307246666667;-70.6964683;Concón 165, Estación Central, Santiago, Chile
2025-11-29 17:57:28;Estación Central;departamento;Departamento En Venta En Metro Ecuador;2490;CLF;1 dormitorio;1 baño;54 m² útiles;1 dormitorio | 1 baño | 54 m² útiles;ECUADOR/ALAMEDA, Metro Ecuador, Estación Central;;-33.4559226;-70.6997325;ECUADOR/ALAMEDA, Estación Central, Santiago, Chile
2025-11-29 17:57:28;Estación Central;departamento;San Alberto Hurtado / Blanco Garces, 22 Mt2, Home Studio;1300;CLF;1 dormitorio;1 baño;22 m² útiles;1 dormitorio | 1 baño | 22 m² útiles;Blanco Garcés 1 - 300, Estación Central, San Alberto Hurtado, Estación Central;;-33.451992313901464;-70.69784303670724;Blanco Garcés 1 - 300, Estación Central, Santiago, Chile
2025-11-29 17:57:28;Estación Central;departamento;Blanco Garces / Metro Ecuador, 22m2, Home Studio;1300;CLF;1 dormitorio;1 baño;22 m² útiles;1 dormitorio | 1 baño | 22 m² útiles;Blanco Garcés 1 - 300, Estación Central, San Alberto Hurtado, Estación Central;;-33.451992313901464;-70.69784303670724;Blanco Garcés 1 - 300, Estación Central, Santiago, Chile
2025-11-29 17:57:28;Estación Central;departamento;Venta Departamento 1 Domitorio 1 Baño Vista Despejada ;1800;CLF;1 dormitorio;1 baño;27 m² útiles;1 dormitorio | 1 baño | 27 m² útiles;Placilla 149, Santiago, Estación Central, Chile, San Alberto Hurtado, Estación Central;;-33.4570044;-70.694260316884;Placilla 149, Estación Central, Santiago, Chile
2025-11-29 17:57:28;Estación Central;departamento;Amplio Departamento 2d/2b (104374);2200;CLF;2 dormitorios;2 baños;47 m² útiles;2 dormitorios | 2 baños | 47 m² útiles;Avenida Ecuador 1 - 300, Metro Ecuador, Estación Central;;-33.4645083;-70.7112249;Avenida Ecuador 1 - 300, Estación Central, Santiago, Chile
2025-11-29 17:57:28;Estación Central;departamento;Venta Depto 2d/2b Mariposa Quinta Normal;2180;CLF;2 dormitorios;2 baños;43 m² útiles;2 dormitorios | 2 baños | 43 m² útiles;Porto Seguro 4200 - 4500, Quinta Normal, San Alberto Hurtado, Estación Central;;-33.4500196;-70.6965672;Porto Seguro 4200 - 4500, Estación Central, Santiago, Chile
2025-11-29 17:57:28;Estación Central;departamento;Departamento Nuevo En Venta De 1d 1b En Estación Central;2668;CLF;1 dormitorio;1 baño;35 m² útiles;1 dormitorio | 1 baño | 35 m² útiles;Alameda, A Pocas Cuadras De Autopista Central, San Alberto Hurtado, Estación Central;;-33.452344;-70.6790609;Alameda, Estación Central, Santiago, Chile
2025-11-29 17:57:28;Estación Central;departamento;Venta Departamento 1 Dormitorio 1 Baño 1 Estacionamiento ;1750;CLF;1 dormitorio;1 baño;28 m² útiles;1 dormitorio | 1 baño | 28 m² útiles;Avenida María Rozas Velásquez 55, Santiago, Estación Central, Chile, Metro Las Rejas, Estación Central;;-33.4540971;-70.70566517447065;Avenida María Rozas Velásquez 55, Estación Central, Santiago, Chile
2025-11-29 17:57:28;Estación Central;departamento;Departamento En Venta De 1 Dorm. En Estación Central;2050;CLF;1 dormitorio;1 baño;32 m² útiles;1 dormitorio | 1 baño | 32 m² útiles;Francisco Zelada, Metro Ecuador, Estación Central;;-33.452546889003195;-70.70301947226464;Francisco Zelada, Estación Central, Santiago, Chile
2025-11-29 17:57:28;Estación Central;departamento;Departamento En Venta Estacion Central;2400;CLF;2 dormitorios;1 baño;45 m² útiles;2 dormitorios | 1 baño | 45 m² útiles;Blanco Garcés 1 - 300, Estación Central, San Alberto Hurtado, Estación Central;;-33.451992313901464;-70.69784303670724;Blanco Garcés 1 - 300, Estación Central, Santiago, Chile
2025-11-29 17:57:28;Estación Central;departamento;Departamento Nuevo En Venta 2d 1b;3341;CLF;2 dormitorios;1 baño;40 m² útiles;2 dormitorios | 1 baño | 40 m² útiles;Alameda, A Pocas Cuadras De Autopista Central, San Alberto Hurtado, Estación Central;;-33.452344;-70.6790609;Alameda, Estación Central, Santiago, Chile
2025-11-29 17:57:28;Estación Central;departamento;Vendo Hermoso Depto En Metro Pajaritos (129058);158000000;CLP;3 dormitorios;2 baños;70 m² útiles;3 dormitorios | 2 baños | 70 m² útiles;Avenida Gladys Marín Millie 6300 - 6600, Santiago, Estación Central, Chile, Metro Pajaritos, Estación Central;;-33.46452893968254;-70.72404525555555;Avenida Gladys Marín Millie 6300 - 6600, Estación Central, Santiago, Chile
2025-11-29 17:57:28;Estación Central;departamento;Amplio  Dpto 3d, 2b Villa Portales  (122478);110000000;CLP;3 dormitorios;2 baños;110.000 m² útiles;3 dormitorios | 2 baños | 110.000 m² útiles;San Alberto Hurtado,159 Estación Central, Chile, Universidad De Santiago, Estación Central;;-33.4542019;-70.6922721;San Alberto Hurtado, Estación Central, Santiago, Chile
2025-11-29 17:57:28;Estación Central;departamento;Departamento Frente A Metro Ecuador;103000000;CLP;3 dormitorios;2 baños;70 m² útiles;3 dormitorios | 2 baños | 70 m² útiles;Conde Del Maule 4630, Santiago, Estación Central, Chile, Metro Ecuador, Estación Central;;-33.455162099999995;-70.70009776027834;Conde Del Maule 4630, Estación Central, Santiago, Chile
2025-11-29 17:57:28;Estación Central;departamento;Departamento En Venta / Inversionistas/ Ecuador;1300;CLF;1 dormitorio;1 baño;31 m² útiles;1 dormitorio | 1 baño | 31 m² útiles;Ecuador, 4578, Metro Ecuador, Estación Central;;-33.4559226;-70.6997325;Ecuador, Estación Central, Santiago, Chile
2025-11-29 17:57:28;Estación Central;departamento;Oportunidad 2 Ambientes Más Balcón, A Pasos De Metro;45000000;CLP;1 dormitorio;1 baño;30 m² útiles;1 dormitorio | 1 baño | 30 m² útiles;Toro Mazotte 110, Santiago, Estación Central, Chile, San Alberto Hurtado, Estación Central;;-33.4561216;-70.69120585222294;Toro Mazotte 110, Estación Central, Santiago, Chile
2025-11-29 17:57:28;Estación Central;departamento;Departamento En Venta / Estudio / Metro Ecuador;1150;CLF;1 dormitorio;1 baño;22 m² útiles;1 dormitorio | 1 baño | 22 m² útiles;Ecuador, 4578, Metro Ecuador, Estación Central;;-33.4559226;-70.6997325;Ecuador, Estación Central, Santiago, Chile
2025-11-29 17:57:28;Estación Central;departamento;Depto 3d 2b De 55 Mt2 A Pasos De Metro Ecuador;3335;CLF;3 dormitorios;2 baños;54 m² útiles;3 dormitorios | 2 baños | 54 m² útiles;Avenida Libertador Bernardo O'Higgins 4677, Santiago, Estación Central, Chile, Metro Ecuador, Estación Central;;-33.4554607;-70.69999995914932;Avenida Libertador Bernardo O'Higgins 4677, Estación Central, Santiago, Chile
2025-11-29 17:57:28;Estación Central;departamento;Venta De Amplio Depto.  (64828);2219;CLF;3 dormitorios;2 baños;83 m² útiles;3 dormitorios | 2 baños | 83 m² útiles;Av. Apóstol Santiago 1 - 300, Santiago, Estación Central, Chile, Universidad De Santiago, Estación Central;;-33.4444475;-70.67867079753853;Av. Apóstol Santiago 1 - 300, Estación Central, Santiago, Chile
2025-11-29 17:57:28;Estación Central;departamento;Departamento En Venta En Estacion Central Radal 018;2265;CLF;2 dormitorios;2 baños;58 m² útiles;2 dormitorios | 2 baños | 58 m² útiles;Radal Del Obispo Francisco Anabalón Duarte 1 - 300, Santiago, Estación Central, Metro Ecuador, Estación Central;;-33.4512651;-70.7027388;Radal Del Obispo Francisco Anabalón Duarte 1 - 300, Estación Central, Santiago, Chile
2025-11-29 17:57:28;Estación Central;departamento;Estación Central / Condiciones Especiales De Financiamiento;2899;CLF;3 dormitorios;2 baños;60 m² útiles;3 dormitorios | 2 baños | 60 m² útiles;Carlos Pezoa Veliz 0143 , Dpto N° 1106, BOD 91, ESTAC 96, Metro Ecuador, Estación Central;;-33.455291149999994;-70.70287856857243;Carlos Pezoa Veliz 0143, Estación Central, Santiago, Chile
2025-11-29 17:57:28;Estación Central;departamento;Venta Depto De 2 Dorm Y 2 Baños En Av Ecuador Oportunidad!;68000000;CLP;2 dormitorios;2 baños;44 m² útiles;2 dormitorios | 2 baños | 44 m² útiles;Av Ecuador, Metro Ecuador, Estación Central;;-33.45259369917749;-70.69621462893853;Av Ecuador, Estación Central, Santiago, Chile
2025-11-29 17:57:28;Estación Central;departamento;Departamento En Venta De 2 Dorm. En Estación Central;2190;CLF;2 dormitorios;1 baño;43 m² útiles;2 dormitorios | 1 baño | 43 m² útiles;Coronel Souper, Metro Ecuador, Metro Ecuador, Estación Central;;-33.4587970769033;-70.6976990807524;Coronel Souper, Estación Central, Santiago, Chile
2025-11-29 17:57:28;Estación Central;departamento;Dpto N° 203. 2d+2b, Santa Petronila, Metro Las Rejas;2700;CLF;2 dormitorios;2 baños;49 m² útiles;2 dormitorios | 2 baños | 49 m² útiles;DPTO N° 203. 2D+2B, SANTA PETRONILA, METRO LAS REJAS, Metro Las Rejas, Estación Central;;-33.46436235416667;-70.69900510833334;DPTO N° 203. 2D+2B, Estación Central, Santiago, Chile
2025-11-29 17:57:28;Estación Central;departamento;Un Dormitorio Con Estacionamiento Y Bodega, Acepto Ofertas;1795;CLF;1 dormitorio;1 baño;32 m² útiles;1 dormitorio | 1 baño | 32 m² útiles;Embajador Quintana 4312, 9170253 Estación Central, Región Metropolitana, Chile, San Alberto Hurtado, Estación Central;;-33.45121923210436;-70.69406780104123;Embajador Quintana 4312, Estación Central, Santiago, Chile
2025-11-29 17:57:28;Estación Central;departamento;Estacion Central Departamentos Coronel Souper - 1,2 Y 3 Dor;1950;CLF;2 dormitorios;2 baños;42 m² útiles;2 dormitorios | 2 baños | 42 m² útiles;CORONEL SOUPER RVC, Metro Ecuador, Estación Central;;-33.4587970769033;-70.6976990807524;CORONEL SOUPER RVC, Estación Central, Santiago, Chile
2025-11-29 17:57:28;Estación Central;departamento;Céntrico Departamento Metro San Alberto Hurtado Coronelgodoy;1690;CLF;2 dormitorios;1 baño;42 m² útiles;2 dormitorios | 1 baño | 42 m² útiles;Coronel Godoy 128, Santiago, Chile, San Alberto Hurtado, Estación Central;;-33.4528658;-70.69408637142858;Coronel Godoy 128, Estación Central, Santiago, Chile
2025-11-29 17:57:28;Estación Central;departamento;El Departamento De Tus Sueños Te Espera¡¡ (104319);135000000;CLP;3 dormitorios;2 baños;64 m² útiles;3 dormitorios | 2 baños | 64 m² útiles;Avenida Padre Alberto Hurtado, Universidad De Santiago, Estación Central;;-33.4721187;-70.687876;Avenida Padre Alberto Hurtado, Estación Central, Santiago, Chile
2025-11-29 17:57:28;Estación Central;departamento;Departamento Calle Recreo / Metro Ecuador;3050;CLF;3 dormitorios;2 baños;60 m² útiles;3 dormitorios | 2 baños | 60 m² útiles;Recreo 284, 9.1599e+06 - 9.1602e+06 Estación Central, Región Metropolitana, Chile, San Alberto Hurtado, Estación Central;;-33.457490484848485;-70.69577975757575;Recreo 284, Estación Central, Santiago, Chile
2025-11-29 17:57:28;Estación Central;departamento;Oportunidad Depto 2d1b+est+bod, Metro Las Rejas;2300;CLF;2 dormitorios;1 baño;45 m² útiles;2 dormitorios | 1 baño | 45 m² útiles;Estación Central, Metro Las Rejas;;-33.4536375;-70.6898654;Estación Central, Estación Central, Santiago, Chile
2025-11-29 17:57:28;Estación Central;departamento;Dpto En Venta De 2 Dorm. 2 Baños En Estación Central Nuevos;2900;CLF;2 dormitorios;2 baños;50 m² útiles;2 dormitorios | 2 baños | 50 m² útiles;CORONEL SOUPER, Metro Ecuador, Estación Central;;-33.4587970769033;-70.6976990807524;CORONEL SOUPER, Estación Central, Santiago, Chile
2025-11-29 17:57:28;Estación Central;departamento;Inversionistas Hasta 20% Off Dptos Nuevos;2900;CLF;2 dormitorios;2 baños;50 m² útiles;2 dormitorios | 2 baños | 50 m² útiles;CORONEL SOUPER, Metro Ecuador, Estación Central;;-33.4587970769033;-70.6976990807524;CORONEL SOUPER, Estación Central, Santiago, Chile
2025-11-29 17:57:28;Estación Central;departamento;Metro San Alberto Hurtado - Ideal Inversion;2900;CLF;2 dormitorios;1 baño;50 m² útiles;2 dormitorios | 1 baño | 50 m² útiles;Av. Apóstol Santiago 68, Estación Central, San Alberto Hurtado, Estación Central;;-33.450719424999996;-70.6927970875;Av. Apóstol Santiago 68, Estación Central, Santiago, Chile
2025-11-29 17:57:28;Estación Central;departamento;Oportunidad Inversionista Lindo Departamento 1d-1b-1b;2000;CLF;1 dormitorio;1 baño;34 m² útiles;1 dormitorio | 1 baño | 34 m² útiles;Radal Del Obispo Francisco Anabalón Duarte, 066, Metro Ecuador, Estación Central;;-33.45623561595505;-70.70110417417816;Radal Del Obispo Francisco Anabalón Duarte, Estación Central, Santiago, Chile
2025-11-29 17:57:28;Estación Central;departamento;Dpto N° 1008. 2d+1b, Santa Petronila, Metro Las Rejas;2600;CLF;2 dormitorios;1 baño;41 m² útiles;2 dormitorios | 1 baño | 41 m² útiles;DPTO N° 1008. 2D+1B, SANTA PETRONILA, METRO LAS REJAS, Metro Las Rejas, Estación Central;;-33.46317924489796;-70.69105567551021;DPTO N° 1008. 2D+1B, Estación Central, Santiago, Chile
2025-11-29 17:57:28;Estación Central;departamento;Oportunidad En E Central Departamento 3d-2b-bod-estac;2500;CLF;3 dormitorios;2 baños;62 m² útiles;3 dormitorios | 2 baños | 62 m² útiles;Avenida Padre Alberto Hurtado, 194, Universidad De Santiago, Estación Central;;-33.4721187;-70.687876;Avenida Padre Alberto Hurtado, Estación Central, Santiago, Chile
2025-11-29 17:57:28;Estación Central;departamento;Excelente Departamento Cercano Metros Las Rejas Y Ecuador;2150;CLF;3 dormitorios;2 baños;56 m² útiles;3 dormitorios | 2 baños | 56 m² útiles;Av. Ecuador 5065, Estación Central, Metro Las Rejas, Estación Central;;-33.454621;-70.70335075450606;Av. Ecuador 5065, Estación Central, Santiago, Chile
2025-11-29 17:57:28;Estación Central;departamento;¡oportunidad En Estación Central: Depto 47m²!;67000000;CLP;2 dormitorios;1 baño;47 m² útiles;2 dormitorios | 1 baño | 47 m² útiles;5 DE ABRIL, Estación Central;;-33.456487;-70.6871564;5 DE ABRIL, Estación Central, Santiago, Chile
2025-11-29 17:57:28;Estación Central;departamento;Oportunidad Inversionista, Dpto En Venta Toro Mazotte;45000000;CLP;1 dormitorio;1 baño;30 m² útiles;1 dormitorio | 1 baño | 30 m² útiles;Toro Mazotte, Estación Central, San Alberto Hurtado, Estación Central;;-33.459468446430705;-70.69061060993947;Toro Mazotte, Estación Central, Santiago, Chile
2025-11-29 17:57:28;Estación Central;departamento;Abtao, Metro Ecuador. 2d Con Estac. Y Bodega  (130342);2190;CLF;2 dormitorios;1 baño;40 m² útiles;2 dormitorios | 1 baño | 40 m² útiles;Abtao 1 - 300, Santiago, Estación Central, Chile, Metro Ecuador, Estación Central;;-33.4490111;-70.7013117;Abtao 1 - 300, Estación Central, Santiago, Chile
2025-11-29 17:57:28;Estación Central;departamento;Venta Departamento 2hab 2ba Estación Central;2500;CLF;2 dormitorios;2 baños;47 m² útiles;2 dormitorios | 2 baños | 47 m² útiles;Avenida Alameda Libertador Bernardo O'Higgins, 4103, San Alberto Hurtado, Estación Central;;-33.4548329;-70.69714139971808;Avenida Alameda Libertador Bernardo O'Higgins, Estación Central, Santiago, Chile
2025-11-29 17:58:14;Estación Central;departamento;Departamento Mariposa 2d 1b Terraza, Metro Usach;2400;CLF;2 dormitorios;1 baño;42 m² útiles;2 dormitorios | 1 baño | 42 m² útiles;Arriero Estay  3877, Universidad De Santiago, Estación Central;;-33.4536375;-70.6898654;Arriero Estay 3877, Estación Central, Santiago, Chile
2025-11-29 17:58:14;Estación Central;departamento;Vende Depaertamento 2d Radal / Ecuador  (128572);1860;CLF;2 dormitorios;1 baño;46 m² útiles;2 dormitorios | 1 baño | 46 m² útiles;Radal Del Obispo Francisco Anabalón Duarte, Metro Ecuador, Estación Central;;-33.45623561595505;-70.70110417417816;Radal Del Obispo Francisco Anabalón Duarte, Estación Central, Santiago, Chile
2025-11-29 17:58:14;Estación Central;departamento;Metro Las Rejas / Sta. Petronila;3100;CLF;2 dormitorios;2 baños;54 m² útiles;2 dormitorios | 2 baños | 54 m² útiles;Sta. Petronila 28, Estación Central, Metro Las Rejas, Estación Central;;-33.4542843;-70.70486368907721;Sta. Petronila 28, Estación Central, Santiago, Chile
2025-11-29 17:58:14;Estación Central;departamento;Placilla, Metro San Alberto Hurtado (130179);1850;CLF;1 dormitorio;1 baño;31 m² útiles;1 dormitorio | 1 baño | 31 m² útiles;Placilla 1 - 300, Estación Central, Chile, San Alberto Hurtado, Estación Central;;-33.458215;-70.69357284583333;Placilla 1 - 300, Estación Central, Santiago, Chile
2025-11-29 17:58:14;Estación Central;departamento;Houndpropiedades Vende En Metro Ecuador - Estacion Central;3100;CLF;3 dormitorios;2 baños;72 m² útiles;3 dormitorios | 2 baños | 72 m² útiles;Avenida Libertador Bernardo O’Higgins  4677, Metro Ecuador, Estación Central;;-33.4489016;-70.68162370843888;Avenida Libertador Bernardo O’Higgins 4677, Estación Central, Santiago, Chile
2025-11-29 17:58:14;Estación Central;departamento;Se Vende Departamento Coronel Souper 4060;1490;CLF;2 dormitorios;1 baño;45 m² útiles;2 dormitorios | 1 baño | 45 m² útiles;CORONEL SOUPER 4060, ESTACION CENTRAL, San Alberto Hurtado, Estación Central;;-33.45759365;-70.69053248762756;CORONEL SOUPER 4060, Estación Central, Santiago, Chile
2025-11-29 17:58:14;Estación Central;departamento;Vende Depto 2 D/1 B  Metro Alberto Hurtado  (70186);1750;CLF;2 dormitorios;1 baño;42 m² útiles;2 dormitorios | 1 baño | 42 m² útiles;Toro Mazote 1 - 300, Santiago, Estación Central, Chile, San Alberto Hurtado, Estación Central;;-33.4583573;-70.6907079;Toro Mazote 1 - 300, Estación Central, Santiago, Chile
2025-11-29 17:58:14;Estación Central;departamento;Con Estacionamiento, 3 Dorm+1 Baño, Parque (128649);2199;CLF;3 dormitorios;1 baño;45 m² útiles;3 dormitorios | 1 baño | 45 m² útiles;Pasaje Titán 4800 - 5100, Santiago, Estación Central, Chile, Metro Ecuador, Estación Central;;-33.4594035;-70.7052408;Pasaje Titán 4800 - 5100, Estación Central, Santiago, Chile
2025-11-29 17:58:14;Estación Central;departamento;Luminoso Departamento Con Excelente Conectividad Cerca Metro;1960;CLF;1 dormitorio;1 baño;35 m² útiles;1 dormitorio | 1 baño | 35 m² útiles;Metro Ecuador, Estación Central;;-33.4559226;-70.6997325;Ecuador, Estación Central, Santiago, Chile
2025-11-29 17:58:14;Estación Central;departamento;Oferta Departamento Estación Central (127526);1300;CLF;1 dormitorio;1 baño;33 m² útiles;1 dormitorio | 1 baño | 33 m² útiles;Radal 1 - 300, Santiago, Estación Central, Chile, San Alberto Hurtado, Estación Central;;-33.4512651;-70.7027388;Radal 1 - 300, Estación Central, Santiago, Chile
2025-11-29 17:58:14;Estación Central;departamento;Exclusivo Inversionistas Estación Central (96847);1850;CLF;2 dormitorios;1 baño;50 m² útiles;2 dormitorios | 1 baño | 50 m² útiles;Coronel Souper, San Alberto Hurtado, Estación Central;;-33.4587970769033;-70.6976990807524;Coronel Souper, Estación Central, Santiago, Chile
2025-11-29 17:58:14;Estación Central;departamento;Departamento Remodelado, 3 Dormitorios, 2 Baños Oportunidad;130000000;CLP;3 dormitorios;2 baños;64 m² útiles;3 dormitorios | 2 baños | 64 m² útiles;Blanco Garcés, Estación Central, San Alberto Hurtado, Estación Central;;-33.451992313901464;-70.69784303670724;Blanco Garcés, Estación Central, Santiago, Chile
2025-11-29 17:58:14;Estación Central;departamento;Vende, Dpto. 2d, 2b, Muy Buen Estado  (111610);2600;CLF;2 dormitorios;2 baños;52 m² útiles;2 dormitorios | 2 baños | 52 m² útiles;Conde Del Maule 600 - 900, Metro Ecuador, Estación Central;;-33.4614869;-70.6823252;Conde Del Maule 600 - 900, Estación Central, Santiago, Chile
2025-11-29 17:58:14;Estación Central;departamento;Se Vende Departamento Estilo Mariposa 60 Mt2 (100295);2000;CLF;2 dormitorios;2 baños;49 m² útiles;2 dormitorios | 2 baños | 49 m² útiles;Avenida Víctor Jara 900 - 1200, Metro Ecuador, Estación Central;;-33.4733307;-70.71174776666666;Avenida Víctor Jara 900 - 1200, Estación Central, Santiago, Chile
2025-11-29 17:58:14;Estación Central;departamento;Venta Depto. Nuevo Con Porcelanato Total (127188);2500;CLF;2 dormitorios;;43 m² útiles;2 dormitorios | 43 m² útiles;Coronel Godoy 1200 - 1500, San Alberto Hurtado, Estación Central;;-33.45533981061462;-70.69316768265847;Coronel Godoy 1200 - 1500, Estación Central, Santiago, Chile
2025-11-29 17:58:14;Estación Central;departamento;Departamento En Venta En Estación Central;58000000;CLP;1 dormitorio;1 baño;25 m² útiles;1 dormitorio | 1 baño | 25 m² útiles;Carlos Pezoa Véliz, Estación Central, Estación Central;;-33.45575955203821;-70.70305514685388;Carlos Pezoa Véliz, Estación Central, Santiago, Chile
2025-11-29 17:58:14;Estación Central;departamento;Oportunidad!! Venta Departamento  (127407);45000000;CLP;1 dormitorio;1 baño;45 m² útiles;1 dormitorio | 1 baño | 45 m² útiles;Embajador Quintana, Estación Central, Chile, Metro Ecuador, Estación Central;;-33.45108880740964;-70.69516947010477;Embajador Quintana, Estación Central, Santiago, Chile
2025-11-29 17:58:14;Estación Central;departamento;Vendo Moderno Depto. 1d1b;72000000;CLP;1 dormitorio;1 baño;32 m² útiles;1 dormitorio | 1 baño | 32 m² útiles;Placilla 046, Santiago, Estación Central, San Alberto Hurtado, Estación Central;;-33.4539635;-70.69516317598095;Placilla 046, Estación Central, Santiago, Chile
2025-11-29 17:58:14;Estación Central;departamento;Cercano Al Mall Plaza Alameda (125242);1200;CLF;1 dormitorio;1 baño;32 m² útiles;1 dormitorio | 1 baño | 32 m² útiles;Calle Obispo Manuel Umana Salinas, Estación Central;;-33.458038895701236;-70.68404530931114;Calle Obispo Manuel Umana Salinas, Estación Central, Santiago, Chile
2025-11-29 17:58:14;Estación Central;departamento;Departamento 2 Habitaciones, Con Estacionamiento Y Bodega;3758;CLF;2 dormitorios;2 baños;50 m² útiles;2 dormitorios | 2 baños | 50 m² útiles;Av. Ecuador 4570, Santiago, Estación Central, Metro Ecuador, Estación Central;;-33.4537665;-70.69876787903041;Av. Ecuador 4570, Estación Central, Santiago, Chile
2025-11-29 17:58:14;Estación Central;departamento;Departamento En Venta De 1 Dorm. En Estación Central;1375;CLF;1 dormitorio;1 baño;29 m² útiles;1 dormitorio | 1 baño | 29 m² útiles;Metro Ecuador / Santa Petronila, Metro Las Rejas, Estación Central;;-33.4551858;-70.7039451;Ecuador / Santa Petronila, Estación Central, Santiago, Chile
2025-11-29 17:58:14;Estación Central;departamento;A Paso De Metros Las Rejas (72122);1300;CLF;1 dormitorio;1 baño;28 m² útiles;1 dormitorio | 1 baño | 28 m² útiles;Santa Petronila 1 - 300, Metro Las Rejas, Estación Central;;-33.4547012;-70.7043212;Santa Petronila 1 - 300, Estación Central, Santiago, Chile
2025-11-29 17:58:14;Estación Central;departamento;Venta Departamendo Remodelado 3d 2b Estación Central;3800;CLF;3 dormitorios;2 baños;62 m² útiles;3 dormitorios | 2 baños | 62 m² útiles;Libertador Bernardo O'Higgins 4499, San Alberto Hurtado, Estación Central;;-33.455155;-70.697107;Libertador Bernardo O'Higgins 4499, Estación Central, Santiago, Chile
2025-11-29 17:58:14;Estación Central;departamento;Departamento En Venta En Metro Ecuador Con Piscina;75000000;CLP;2 dormitorios;1 baño;46 m² útiles;2 dormitorios | 1 baño | 46 m² útiles;Conde Del Maule 4630, Estación Central, Metro Ecuador, Estación Central;;-33.455162099999995;-70.70009776027834;Conde Del Maule 4630, Estación Central, Santiago, Chile
2025-11-29 17:58:14;Estación Central;departamento;Venta Oportunidad Bono Pie (64500);1500;CLF;1 dormitorio;;32 m² útiles;1 dormitorio | 32 m² útiles;Blanco Garcés 1 - 300, Estación Central, Chile, San Alberto Hurtado, Estación Central;;-33.451992313901464;-70.69784303670724;Blanco Garcés 1 - 300, Estación Central, Santiago, Chile
2025-11-29 17:58:14;Estación Central;departamento;Av  Padre Alberto Hurtado (118537);2400;CLF;2 dormitorios;1 baño;41 m² útiles;2 dormitorios | 1 baño | 41 m² útiles;Avenida Padre Alberto Hurtado, San Alberto Hurtado, Estación Central;;-33.4721187;-70.687876;Avenida Padre Alberto Hurtado, Estación Central, Santiago, Chile
2025-11-29 17:58:14;Estación Central;departamento;Dpto N° 2201, 1d+1b, Calle Conde Del Maule, Metro Ecuador;1430;CLF;1 dormitorio;1 baño;28 m² útiles;1 dormitorio | 1 baño | 28 m² útiles;DPTO N° 2201, 1D+1B, CALLE CONDE DEL MAULE, METRO ECUADOR, San Alberto Hurtado, Estación Central;;-33.444693799999996;-70.68279250135942;DPTO N° 2201, Estación Central, Santiago, Chile
2025-11-29 17:58:14;Estación Central;departamento;Departamento En Tercer Piso En Villa Portales;78000000;CLP;3 dormitorios;2 baños;74 m² útiles;3 dormitorios | 2 baños | 74 m² útiles;Las Encinas 98, Santiago, Estación Central, Universidad De Santiago, Estación Central;;-33.469109455555554;-70.73082993333334;Las Encinas 98, Estación Central, Santiago, Chile
2025-11-29 17:58:14;Estación Central;departamento;Venta Deparatmento Estacion Central  (116440);68000000;CLP;2 dormitorios;1 baño;50 m² útiles;2 dormitorios | 1 baño | 50 m² útiles;Avenida 1 - 300 De Abril, Villa Francia, Estación Central;;-33.4580114;-70.6892054;Avenida 1 - 300 De Abril, Estación Central, Santiago, Chile
2025-11-29 17:58:14;Estación Central;departamento;Se Vende Excelente Depto 2/1 B + Estac.;2400;CLF;2 dormitorios;1 baño;51 m² útiles;2 dormitorios | 1 baño | 51 m² útiles;VENDE  DEPTO 2/1 B + ESTACIONAMIENTO, San Alberto Hurtado, Estación Central;;-33.4548204;-70.6842662;VENDE DEPTO 2/1 B + ESTACIONAMIENTO, Estación Central, Santiago, Chile
2025-11-29 17:58:14;Estación Central;departamento;Las Rejas / 5 Abril (130509);57000000;CLP;4 dormitorios;1 baño;64 m² útiles;4 dormitorios | 1 baño | 64 m² útiles;Isaías, Nogales - San Eugenio, Estación Central;;-33.470253330764116;-70.7029078563098;Isaías, Estación Central, Santiago, Chile
2025-11-29 17:58:14;Estación Central;departamento;Dpto. 2d/2b Metro Padre Hurtado;2780;CLF;2 dormitorios;2 baños;51 m² útiles;2 dormitorios | 2 baños | 51 m² útiles;Coronel Souper, 4200 - 4500, San Alberto Hurtado, Estación Central;;-33.4587970769033;-70.6976990807524;Coronel Souper, Estación Central, Santiago, Chile
2025-11-29 17:58:14;Estación Central;departamento;Departamento En Venta 1 Dormitorio Y 1 Baño Estación Central;73000000;CLP;1 dormitorio;1 baño;34 m² útiles;1 dormitorio | 1 baño | 34 m² útiles;Constantino 54, Estación Central, San Alberto Hurtado, Estación Central;;-33.451740745833334;-70.69667366666667;Constantino 54, Estación Central, Santiago, Chile
2025-11-29 17:58:14;Estación Central;departamento;Vendo Hermoso Depto 1 Dorm, 1 Baño, Pasos M. Ecuador;1500;CLF;1 dormitorio;1 baño;34 m² útiles;1 dormitorio | 1 baño | 34 m² útiles;Av. Padre Alberto Hurtado 59, Estación Central, San Alberto Hurtado, Estación Central;;-33.4542019;-70.6922721;Av. Padre Alberto Hurtado 59, Estación Central, Santiago, Chile
2025-11-29 17:58:14;Estación Central;departamento;Uf 1.700 Gran Oportunidad! Precio Rebajado. Exquisito Depto;1700;CLF;1 dormitorio;1 baño;33 m² útiles;1 dormitorio | 1 baño | 33 m² útiles;Placilla 149 Dp 1711, San Alberto Hurtado, Estación Central;;-33.4570044;-70.694260316884;Placilla 149 Dp 1711, Estación Central, Santiago, Chile
2025-11-29 17:58:14;Estación Central;departamento;Excelente Depto. Para Vivir E Invertir,  2 Dorm + 2 Baños ;2220;CLF;2 dormitorios;2 baños;46 m² útiles;2 dormitorios | 2 baños | 46 m² útiles;Toro Mazotte 1 - 300, Estación Central, San Alberto Hurtado, Estación Central;;-33.4583573;-70.6907079;Toro Mazotte 1 - 300, Estación Central, Santiago, Chile
2025-11-29 17:58:14;Estación Central;departamento;Departamento 1d1b Santiago Centro  (72249);1600;CLF;1 dormitorio;1 baño;32 m² útiles;1 dormitorio | 1 baño | 32 m² útiles;Toro Mazote 1 - 300, San Alberto Hurtado, Estación Central;;-33.4583573;-70.6907079;Toro Mazote 1 - 300, Estación Central, Santiago, Chile
2025-11-29 17:58:14;Estación Central;departamento;Departamento En Venta En San Alberto Hurtado;1600;CLF;1 dormitorio;1 baño;29 m² útiles;1 dormitorio | 1 baño | 29 m² útiles;Cnel. Souper 4060, Estación Central, San Alberto Hurtado, Estación Central;;-33.45759365;-70.69053248762756;Cnel. Souper 4060, Estación Central, Santiago, Chile
2025-11-29 17:58:14;Estación Central;departamento;Depto. En Estación Central / Condiciones Esp. Financiamiento;1050;CLF;1 dormitorio;1 baño;21 m² útiles;1 dormitorio | 1 baño | 21 m² útiles;AV. MARIA ROZAS VELASQUEZ 51, EDIFICIO LAS REJAS PLAZA, ESTACION CENTRAL, Metro Las Rejas, Estación Central;;-33.45442295;-70.7056221847387;AV. MARIA ROZAS VELASQUEZ 51, Estación Central, Santiago, Chile
2025-11-29 17:58:14;Estación Central;departamento;Departamento 1d 1b Excelente Ubicación En Santiago Centro;1800;CLF;1 dormitorio;1 baño;31 m² útiles;1 dormitorio | 1 baño | 31 m² útiles;Nicasio Retamales 115, Santiago, Estación Central, Chile, Universidad De Santiago, Estación Central;;-33.45184457916666;-70.68966457083333;Nicasio Retamales 115, Estación Central, Santiago, Chile
2025-11-29 17:58:14;Estación Central;departamento;Departamento Vista Despejada Y Gran Ubicación - 1d 1b Bod. ;2000;CLF;1 dormitorio;1 baño;31 m² útiles;1 dormitorio | 1 baño | 31 m² útiles;Nicasio Retamales 115, Santiago, Estación Central, Chile, Universidad De Santiago, Estación Central;;-33.45184457916666;-70.68966457083333;Nicasio Retamales 115, Estación Central, Santiago, Chile
2025-11-29 17:58:14;Estación Central;departamento;Dpto N° 3015, Home Studio, Metro San Alberto Hurtado;1400;CLF;;1 baño;22 m² útiles;1 baño | 22 m² útiles;DPTO N° 3015, HOME STUDIO, METRO SAN ALBERTO HURTADO, San Alberto Hurtado, Estación Central;;-33.4710402796875;-70.6819231640625;DPTO N° 3015, Estación Central, Santiago, Chile
2025-11-29 17:58:14;Estación Central;departamento;Depto. En Venta Con 2d+1b Y Terraza. Cercano A Metro.;2289;CLF;2 dormitorios;1 baño;44 m² útiles;2 dormitorios | 1 baño | 44 m² útiles;CONDE DEL MAULE 4521, ESTACIÓN CENTRAL, Metro Ecuador, Estación Central;;-33.45390665;-70.6977615735426;CONDE DEL MAULE 4521, Estación Central, Santiago, Chile
2025-11-29 17:58:14;Estación Central;departamento;Últimos Departamentos Modernos Nuevos En Estación Central!!;2970;CLF;2 dormitorios;2 baños;52 m² útiles;2 dormitorios | 2 baños | 52 m² útiles;Cnel. Souper, Estación Central, San Alberto Hurtado, Estación Central;;-33.4536375;-70.6898654;Cnel. Souper, Estación Central, Santiago, Chile
2025-11-29 17:58:14;Estación Central;departamento;¡moderno Depto. En Estación Central Por 2275 Uf!;2275;CLF;2 dormitorios;2 baños;45 m² útiles;2 dormitorios | 2 baños | 45 m² útiles;SE VENDE DEPARTAMENTO UBICADO EN CONDE MAULE, San Alberto Hurtado, Estación Central;;-37.00729445;-73.1823820444813;SE VENDE UBICADO EN CONDE MAULE, Estación Central, Santiago, Chile
2025-11-29 17:58:14;Estación Central;departamento;Vendo Studio M. Padre Hurtado (85628);1548;CLF;1 dormitorio;1 baño;29 m² útiles;1 dormitorio | 1 baño | 29 m² útiles;Coronel Souper, San Alberto Hurtado, Estación Central;;-33.4587970769033;-70.6976990807524;Coronel Souper, Estación Central, Santiago, Chile
2025-11-29 17:58:14;Estación Central;departamento;Sin Comision!! Recreo 250 Estación Central 1 D / 1 B.;1690;CLF;1 dormitorio;1 baño;32 m² útiles;1 dormitorio | 1 baño | 32 m² útiles;Recreo 250, Santiago, Estación Central, San Alberto Hurtado, Estación Central;;-33.45757125;-70.69572436559417;Recreo 250, Estación Central, Santiago, Chile
2025-11-29 17:58:46;Estación Central;departamento;Departamento En Venta En San Alberto Hurtado;1300;CLF;1 dormitorio;1 baño;21 m² útiles;1 dormitorio | 1 baño | 21 m² útiles;Cnel. Souper 4060, Estación Central, San Alberto Hurtado, Estación Central;;-33.45759365;-70.69053248762756;Cnel. Souper 4060, Estación Central, Santiago, Chile
2025-11-29 17:58:46;Estación Central;departamento;Av. Ecuador/radal (98905);2300;CLF;2 dormitorios;2 baños;50 m² útiles;2 dormitorios | 2 baños | 50 m² útiles;Radal Del Obispo Francisco Anabalón Duarte 506, Metro Ecuador, Estación Central;;-33.44912166666666;-70.70286863333334;Radal Del Obispo Francisco Anabalón Duarte 506, Estación Central, Santiago, Chile
2025-11-29 17:58:46;Estación Central;departamento;Departamento En Venta En Estacion Central;2500;CLF;3 dormitorios;1 baño;54 m² útiles;3 dormitorios | 1 baño | 54 m² útiles;Guernica 4560, Santiago, Estación Central, Metro Ecuador, Estación Central;;-33.46002028823529;-70.69762140294117;Guernica 4560, Estación Central, Santiago, Chile
2025-11-29 17:58:46;Estación Central;departamento;Vende Depto 1 Ambiente En Estación Central (70183);40000000;CLP;1 dormitorio;1 baño;22 m² útiles;1 dormitorio | 1 baño | 22 m² útiles;Toro Mazote 1 - 300, Santiago, Estación Central, Chile, San Alberto Hurtado, Estación Central;;-33.4583573;-70.6907079;Toro Mazote 1 - 300, Estación Central, Santiago, Chile
2025-11-29 17:58:46;Estación Central;departamento;Dpto N° 3003-a, 1d+1b, Metro San Alberto Hurtado;1900;CLF;1 dormitorio;1 baño;29 m² útiles;1 dormitorio | 1 baño | 29 m² útiles;DPTO N° 3003-A, 1D+1B, METRO SAN ALBERTO HURTADO, San Alberto Hurtado, Estación Central;;-33.470855582812504;-70.6816830234375;DPTO N° 3003-A, Estación Central, Santiago, Chile
2025-11-29 17:58:46;Estación Central;departamento;Vendo Depto 2d1b En Estacion Central (100070);1800;CLF;2 dormitorios;1 baño;38 m² útiles;2 dormitorios | 1 baño | 38 m² útiles;Avenida María Rozas Velásquez 900 - 1200, Metro Las Rejas, Estación Central;;-33.4426703;-70.7074728;Avenida María Rozas Velásquez 900 - 1200, Estación Central, Santiago, Chile
2025-11-29 17:58:46;Estación Central;departamento;¡moderno Departamento En Estación Central!;2275;CLF;2 dormitorios;2 baños;45 m² útiles;2 dormitorios | 2 baños | 45 m² útiles;EN VENTA DEPARTAMENTO UBICADO EN CONDE DEL MAULE, San Alberto Hurtado, Estación Central;;-37.00626544551957;-73.18476425606359;EN VENTA UBICADO EN CONDE DEL MAULE, Estación Central, Santiago, Chile
2025-11-29 17:58:46;Estación Central;departamento;Excelente Departamento Para Inversión De 1 Dorm.;2050;CLF;1 dormitorio;1 baño;32 m² útiles;1 dormitorio | 1 baño | 32 m² útiles;Av. Ecuador 4061, 9170429 Estación Central, Región Metropolitana, Chile, San Alberto Hurtado, Estación Central;;-33.451481984848485;-70.69213203939394;Av. Ecuador 4061, Estación Central, Santiago, Chile
2025-11-29 17:58:46;Estación Central;departamento;Departamentos Funcionales A Pasos Del Metro (75713);1585;CLF;1 dormitorio;1 baño;27 m² útiles;1 dormitorio | 1 baño | 27 m² útiles;Avenida Las Rejas 1 - 300, Santiago, Estación Central, Chile, Estación Central;;-33.4575386;-70.7067561;Avenida Las Rejas 1 - 300, Estación Central, Santiago, Chile
2025-11-29 17:58:46;Estación Central;departamento;Departamento En Venta En Metro Las Rejas Con Terraza;1200;CLF;1 dormitorio;1 baño;32 m² útiles;1 dormitorio | 1 baño | 32 m² útiles;Avenida María Rozas Velásquez 65, Santiago, Estación Central, Chile, Metro Las Rejas, Estación Central;;-33.453458999999995;-70.70575666155817;Avenida María Rozas Velásquez 65, Estación Central, Santiago, Chile
2025-11-29 17:58:46;Estación Central;departamento;Departamento En Venta En Estacion Central;1790;CLF;1 dormitorio;1 baño;33 m² útiles;1 dormitorio | 1 baño | 33 m² útiles;Nicasio Retamales, 054, Universidad De Santiago, Estación Central;;-33.46037484410827;-70.68795307430338;Nicasio Retamales, Estación Central, Santiago, Chile
2025-11-29 17:58:46;Estación Central;departamento;Departamento A Pasos Metro San Alberto Hurtado.;1750;CLF;1 dormitorio;1 baño;32 m² útiles;1 dormitorio | 1 baño | 32 m² útiles;Av. Padre Alberto Hurtado 59, Estación Central, San Alberto Hurtado, Estación Central;;-33.4542019;-70.6922721;Av. Padre Alberto Hurtado 59, Estación Central, Santiago, Chile
2025-11-29 17:58:46;Estación Central;departamento;Se Vende Acogedor Departamento Con Excelente Conectividad;1720;CLF;1 dormitorio;1 baño;29 m² útiles;1 dormitorio | 1 baño | 29 m² útiles;Conde Del Maule, Estación Central, Estación Central;;-33.45338413192823;-70.69449248051292;Conde Del Maule, Estación Central, Santiago, Chile
2025-11-29 17:58:46;Estación Central;departamento;Acogedor Departamento 2d+1b+bodega+estacionamiento;2350;CLF;2 dormitorios;1 baño;40 m² útiles;2 dormitorios | 1 baño | 40 m² útiles;Avenida María Rozas Velázques 51, 1 - 300, Metro Las Rejas, Estación Central;;-33.45442295;-70.7056221847387;Avenida María Rozas Velázques 51, Estación Central, Santiago, Chile
2025-11-29 17:58:46;Estación Central;departamento;Departamento En Venta De 2 Dorm. En Estación Central;1951;CLF;2 dormitorios;2 baños;52 m² útiles;2 dormitorios | 2 baños | 52 m² útiles;Metro Ecuador (L1), Estación Central;;-33.4559226;-70.6997325;Ecuador (L1), Estación Central, Santiago, Chile
2025-11-29 17:58:46;Estación Central;departamento;Las Rejas Con Alameda;2400;CLF;3 dormitorios;2 baños;75 m² útiles;3 dormitorios | 2 baños | 75 m² útiles;LAS REJAS CON ALAMEDA, Metro Las Rejas, Estación Central;;-33.4575386;-70.7067561;LAS REJAS CON ALAMEDA, Estación Central, Santiago, Chile
2025-11-29 17:58:46;Estación Central;departamento;Metro Universidad De Santiago - Nicasio Retamales;1790;CLF;1 dormitorio;1 baño;41 m² útiles;1 dormitorio | 1 baño | 41 m² útiles;Nicasio Retamales 048, Santiago, Estación Central, Universidad De Santiago, Estación Central;;-33.458212903576616;-70.68794611608213;Nicasio Retamales 048, Estación Central, Santiago, Chile
2025-11-29 17:58:46;Estación Central;departamento;Venta Radal 1 D Y 1 B, Estación Central;2100;CLF;1 dormitorio;1 baño;32 m² útiles;1 dormitorio | 1 baño | 32 m² útiles;Radal Del Obispo Francisco Anabalón Duarte 66, Metro Ecuador, Estación Central;;-33.45542252307692;-70.70148557692308;Radal Del Obispo Francisco Anabalón Duarte 66, Estación Central, Santiago, Chile
2025-11-29 17:58:46;Estación Central;departamento;Studio, Constantino Metro San Alberto Hurtado (130755);990;CLF;1 dormitorio;1 baño;17 m² útiles;1 dormitorio | 1 baño | 17 m² útiles;Constantino 1 - 300, Santiago, Estación Central, Chile, San Alberto Hurtado, Estación Central;;-33.4575801010101;-70.69575148282829;Constantino 1 - 300, Estación Central, Santiago, Chile
2025-11-29 17:58:46;Estación Central;departamento;Alameda  (127732);2500;CLF;2 dormitorios;2 baños;53 m² útiles;2 dormitorios | 2 baños | 53 m² útiles;Radal Del Obispo Francisco Anabalón Duarte 900 - 1200, Metro Ecuador, Estación Central;;-33.44305984301075;-70.70272116774194;Radal Del Obispo Francisco Anabalón Duarte 900 - 1200, Estación Central, Santiago, Chile
2025-11-29 17:58:46;Estación Central;departamento;Se Vende Departamento En Estación Central - Metro Las Rejas;2300;CLF;2 dormitorios;1 baño;50 m² útiles;2 dormitorios | 1 baño | 50 m² útiles;Sta. Petronila 38, Estación Central, Metro Las Rejas, Estación Central;;-33.453637099999995;-70.70494999471634;Sta. Petronila 38, Estación Central, Santiago, Chile
2025-11-29 17:58:46;Estación Central;departamento;Av. Padre Alberto Hurtado 59, Santiago, Est (68948);1800;CLF;1 dormitorio;1 baño;33 m² útiles;1 dormitorio | 1 baño | 33 m² útiles;Av. Padre Alberto Hurtado 1 - 300, Santiago, Estación Central, Chile, San Alberto Hurtado, Estación Central;;-33.4655554;-70.6992341;Av. Padre Alberto Hurtado 1 - 300, Estación Central, Santiago, Chile
2025-11-29 17:58:46;Estación Central;departamento;Departamento En Venta En San Alberto Hurtado;60000000;CLP;1 dormitorio;1 baño;33 m² útiles;1 dormitorio | 1 baño | 33 m² útiles;Blanco Garcés 111, 9170155 Estación Central, Región Metropolitana, Chile, San Alberto Hurtado, Estación Central;;-33.45073172653061;-70.69768575714285;Blanco Garcés 111, Estación Central, Santiago, Chile
2025-11-29 17:58:46;Estación Central;departamento;Se Vende Departamento En Metro Ecuador;72000000;CLP;3 dormitorios;1 baño;58 m² útiles;3 dormitorios | 1 baño | 58 m² útiles;Avenida Ecuador  5065, Metro Las Rejas, Estación Central;;-33.454621;-70.70335075450606;Avenida Ecuador 5065, Estación Central, Santiago, Chile
2025-11-29 17:58:46;Estación Central;departamento;Se Vende Departamento 2 Dormitorios - Ideal Inversionista;2450;CLF;2 dormitorios;2 baños;53 m² útiles;2 dormitorios | 2 baños | 53 m² útiles;Avenida Ecuador 4578, Santiago, Estación Central, Chile, Metro Ecuador, Estación Central;;-33.45377555;-70.69908843800414;Avenida Ecuador 4578, Estación Central, Santiago, Chile
2025-11-29 17:58:46;Estación Central;departamento;Villa Portales (101496);77000000;CLP;2 dormitorios;1 baño;85 m² útiles;2 dormitorios | 1 baño | 85 m² útiles;Autopista General Velásquez, Estación Central;;-33.430928050000006;-70.69295229991963;Autopista General Velásquez, Estación Central, Santiago, Chile
2025-11-29 17:58:46;Estación Central;departamento;Departamento Abtao / Metro Ecuador;1560;CLF;1 dormitorio;1 baño;32 m² útiles;1 dormitorio | 1 baño | 32 m² útiles;Abtao 1 - 300, Metro Ecuador, Estación Central;;-33.4490111;-70.7013117;Abtao 1 - 300, Estación Central, Santiago, Chile
2025-11-29 17:58:46;Estación Central;departamento;Departamento Venta Ecuador Y Cnel Godoy Balcón;2100;CLF;1 dormitorio;1 baño;40 m² útiles;1 dormitorio | 1 baño | 40 m² útiles;Av. Víctor Jara 4317, 9170252 Santiago, Estación Central, Región Metropolitana, Chile, San Alberto Hurtado, Estación Central;;-33.476127857142856;-70.69264097142857;Av. Víctor Jara 4317, Estación Central, Santiago, Chile
2025-11-29 17:58:46;Estación Central;departamento;Se Vende Depto. 2d 2b (78420);2790;CLF;2 dormitorios;2 baños;55 m² útiles;2 dormitorios | 2 baños | 55 m² útiles;Conde Del Maule 4500 - 4800, Estación Central, Chile, Metro Ecuador, Estación Central;;-33.454233;-70.6975861;Conde Del Maule 4500 - 4800, Estación Central, Santiago, Chile
2025-11-29 17:58:46;Estación Central;departamento;Departamento Vendo Metro Ecuador;2000;CLF;1 dormitorio;1 baño;36 m² útiles;1 dormitorio | 1 baño | 36 m² útiles;Avenida Víctor Jara, 3866, Universidad De Santiago, Estación Central;;-33.45090400413889;-70.68521400013226;Avenida Víctor Jara, Estación Central, Santiago, Chile
2025-11-29 17:58:46;Estación Central;departamento;Departamento En Venta En San Alberto Hurtado Terraza;1950;CLF;2 dormitorios;1 baño;44 m² útiles;2 dormitorios | 1 baño | 44 m² útiles;DEPARTAMENTOS CON 2D+1B+ TERRAZA Y BODEGA. CERCANOS A METRO., San Alberto Hurtado, Estación Central;;-33.453058850000005;-70.67925349164784;S CON 2D+1B+ TERRAZA Y . CERCANOS A ., Estación Central, Santiago, Chile
2025-11-29 17:58:46;Estación Central;departamento;Excelente Conectividad Metro Ecuador ;2830;CLF;2 dormitorios;2 baños;52 m² útiles;2 dormitorios | 2 baños | 52 m² útiles;Conde Del Maule 4577, Metro Ecuador, Estación Central;;-33.45412385;-70.69885357615101;Conde Del Maule 4577, Estación Central, Santiago, Chile
2025-11-29 17:58:46;Estación Central;departamento;Avenida Ecuador (74089);2410;CLF;2 dormitorios;2 baños;51 m² útiles;2 dormitorios | 2 baños | 51 m² útiles;Radal 1 - 300, Santiago, Estación Central, Chile, Metro Ecuador, Estación Central;;-33.4512651;-70.7027388;Radal 1 - 300, Estación Central, Santiago, Chile
2025-11-29 17:58:46;Estación Central;departamento;Vendo Departamento Metro Ecuador (107359);1550;CLF;1 dormitorio;1 baño;37 m² útiles;1 dormitorio | 1 baño | 37 m² útiles;Radal Del Obispo Francisco Anabalón Duarte, Metro Ecuador, Estación Central;;-33.45623561595505;-70.70110417417816;Radal Del Obispo Francisco Anabalón Duarte, Estación Central, Santiago, Chile
2025-11-29 17:58:46;Estación Central;departamento;Departamentos Para Inversión ;1090;CLF;1 dormitorio;1 baño;31 m² útiles;1 dormitorio | 1 baño | 31 m² útiles;METRO SAN ALBERTO HURTADO, San Alberto Hurtado, Estación Central;;-33.4542019;-70.6922721;SAN ALBERTO HURTADO, Estación Central, Santiago, Chile
2025-11-29 17:58:46;Estación Central;departamento;Departamento En Venta Estación Central;67000000;CLP;2 dormitorios;1 baño;50 m² útiles;2 dormitorios | 1 baño | 50 m² útiles;Maria Rozas Velasquez 55, Metro Las Rejas, Estación Central;;-33.4540971;-70.70566517447065;Maria Rozas Velasquez 55, Estación Central, Santiago, Chile
2025-11-29 17:58:46;Estación Central;departamento;Moderno Departamento Con Vista Despejada En Toro Mazotte;2050;CLF;2 dormitorios;1 baño;52 m² útiles;2 dormitorios | 1 baño | 52 m² útiles;Toro Mazotte 1 - 300, San Alberto Hurtado, Estación Central;;-33.4583573;-70.6907079;Toro Mazotte 1 - 300, Estación Central, Santiago, Chile
2025-11-29 17:58:46;Estación Central;departamento;Departamento 1d + 1b + Terraza Y Bodega. A Pasos Del Metro.;69500000;CLP;1 dormitorio;1 baño;36 m² útiles;1 dormitorio | 1 baño | 36 m² útiles;DEPARTAMENTO 1D + 1B + TERRAZA Y BODEGA. A PASOS DEL METRO., San Alberto Hurtado, Estación Central;;-33.453058850000005;-70.67925349164784;1D + 1B + TERRAZA Y . A PASOS DEL ., Estación Central, Santiago, Chile
2025-11-29 17:58:46;Estación Central;departamento;A Pasos Del Metro Las Rejas, Línea 1 (76202);3200;CLF;2 dormitorios;2 baños;47 m² útiles;2 dormitorios | 2 baños | 47 m² útiles;Av. María Rozas Velásquez 1 - 300, Estación Central, Chile, Metro Las Rejas, Estación Central;;-33.4501577831486;-70.70680027112631;Av. María Rozas Velásquez 1 - 300, Estación Central, Santiago, Chile
2025-11-29 17:58:46;Estación Central;departamento;Departamento En Venta De  Un Dormitorio -  Estación Central ;90000000;CLP;1 dormitorio;1 baño;35 m² útiles;1 dormitorio | 1 baño | 35 m² útiles;Ecuador 3752, Santiago, Estación Central, Chile, Universidad De Santiago, Estación Central;;-33.4559226;-70.6997325;Ecuador 3752, Estación Central, Santiago, Chile
2025-11-29 17:58:46;Estación Central;departamento;Departamento En Venta De 1 Dorm. En Estación Central;60000000;CLP;1 dormitorio;1 baño;22 m² útiles;1 dormitorio | 1 baño | 22 m² útiles;Estación Central;;-33.4536375;-70.6898654;Estación Central, Santiago, Chile
2025-11-29 17:58:46;Estación Central;departamento;Venta De 2 Dorm., Con Estacionamiento En Estación Central;1790;CLF;2 dormitorios;1 baño;38 m² útiles;2 dormitorios | 1 baño | 38 m² útiles;Metro Ecuador / Santa Petronila, Metro Las Rejas, Estación Central;;-33.4551858;-70.7039451;Ecuador / Santa Petronila, Estación Central, Santiago, Chile
2025-11-29 17:58:46;Estación Central;departamento;Departamento En Venta De 1 Dorm. 1 Baño En Estación Central;1600;CLF;1 dormitorio;1 baño;24 m² útiles;1 dormitorio | 1 baño | 24 m² útiles;Estación Central - Metro San Alberto Hurtado, San Alberto Hurtado, Estación Central;;-33.4542019;-70.6922721;Estación Central - San Alberto Hurtado, Estación Central, Santiago, Chile
2025-11-29 17:58:46;Estación Central;departamento;Dpto N° 1618-b, 2d+1b+est, Metro San Alberto Hurtado ;2100;CLF;2 dormitorios;1 baño;40 m² útiles;2 dormitorios | 1 baño | 40 m² útiles;DPTO N° 1618-B, 2D+1B+EST, METRO SAN ALBERTO HURTADO, San Alberto Hurtado, Estación Central;;-33.468769912000006;-70.688776292;DPTO N° 1618-B, Estación Central, Santiago, Chile
2025-11-29 17:58:46;Estación Central;departamento;Oportunidad Vendo Depto 1d. 1b Cercano A Usach ;1320;CLF;1 dormitorio;1 baño;30 m² útiles;1 dormitorio | 1 baño | 30 m² útiles;A 100 METROS DEL METRO UNIVERSIDAD DE SANTIAGO, Universidad De Santiago, Estación Central;;-33.444737700000005;-70.67991899569648;A 100 S DEL UNIVERSIDAD DE SANTIAGO, Estación Central, Santiago, Chile
2025-11-29 17:58:46;Estación Central;departamento;Departamento En Venta En Estación Central;1220;CLF;1 dormitorio;1 baño;24 m² útiles;1 dormitorio | 1 baño | 24 m² útiles;Venta Dpto Metro San Alberto Hurtado, Metro Ecuador, Estación Central;;-33.4542019;-70.6922721;Venta Dpto San Alberto Hurtado, Estación Central, Santiago, Chile
2025-11-29 17:58:58;Estación Central;departamento;Dpto N° 1818-b, 2d+1b, Metro San Alberto Hurtado ;1850;CLF;2 dormitorios;1 baño;40 m² útiles;2 dormitorios | 1 baño | 40 m² útiles;DPTO N° 1818-B, 2D+1B, METRO SAN ALBERTO HURTADO, San Alberto Hurtado, Estación Central;;-33.471827938775505;-70.6938648755102;DPTO N° 1818-B, Estación Central, Santiago, Chile
2025-11-29 17:58:58;Estación Central;departamento;Departamento En Venta En Estación Central;1850;CLF;1 dormitorio;1 baño;34 m² útiles;1 dormitorio | 1 baño | 34 m² útiles;Purísima 050, Metro Ecuador, Estación Central;;-33.45502275;-70.69963719507895;Purísima 050, Estación Central, Santiago, Chile
2025-11-29 17:58:58;Estación Central;departamento;Departamento 2d2b Próximo Metro Ecuador;2250;CLF;2 dormitorios;2 baños;57 m² útiles;2 dormitorios | 2 baños | 57 m² útiles;Radal Del Obispo Francisco Anabalón Duarte 018, Metro Ecuador, Estación Central;;-33.45581125;-70.70141883048029;Radal Del Obispo Francisco Anabalón Duarte 018, Estación Central, Santiago, Chile
2025-11-29 17:58:58;Estación Central;departamento;A Pasos Metro Ecuador, Depto 2d2b, Cocina Separada;92000000;CLP;2 dormitorios;2 baños;57 m² útiles;2 dormitorios | 2 baños | 57 m² útiles;Radal Del Obispo Francisco Anabalón Duarte 018, Metro Ecuador, Estación Central;;-33.45581125;-70.70141883048029;Radal Del Obispo Francisco Anabalón Duarte 018, Estación Central, Santiago, Chile
2025-11-29 17:58:58;Estación Central;departamento;Oportunidad Venta De Departamento En Estación Central;2700;CLF;2 dormitorios;2 baños;42 m² útiles;2 dormitorios | 2 baños | 42 m² útiles;Placilla, San Alberto Hurtado, San Alberto Hurtado, Estación Central;;-33.45296935973518;-70.69530487940368;Placilla, Estación Central, Santiago, Chile
2025-11-29 17:58:58;Estación Central;departamento;Moderno Departamento En Estación Central.;2450;CLF;1 dormitorio;1 baño;32 m² útiles;1 dormitorio | 1 baño | 32 m² útiles;Santa Petronila, 1 - 300, Metro Las Rejas, Estación Central;;-33.450666050424914;-70.70481665135743;Santa Petronila, Estación Central, Santiago, Chile
2025-11-29 17:58:58;Estación Central;departamento;Venta Departamento Cuadro Verde Estación Central;2300;CLF;2 dormitorios;1 baño;43 m² útiles;2 dormitorios | 1 baño | 43 m² útiles;Cuadro Verde,  CUADRO VERDE 140 DP 105, Metro Pajaritos, Estación Central;;-33.46371397994984;-70.72504625116724;Cuadro Verde, Estación Central, Santiago, Chile
2025-11-29 17:58:58;Estación Central;departamento;Buzo Sobenes Estacion Central;1000;CLF;1 dormitorio;1 baño;21 m² útiles;1 dormitorio | 1 baño | 21 m² útiles;BUZO SOBENES ESTACION CENTRAL, Universidad De Santiago, Estación Central;;-33.45010351745822;-70.6932090507629;BUZO SOBENES ESTACION CENTRAL, Estación Central, Santiago, Chile
2025-11-29 17:58:58;Estación Central;departamento;En Venta Depto. 2d+1b Cercano Al Metro Las Rejas;2000;CLF;2 dormitorios;1 baño;48 m² útiles;2 dormitorios | 1 baño | 48 m² útiles;Av. María Rozas Velásquez 65, Estación Central, Metro Las Rejas, Estación Central;;-33.453458999999995;-70.70575666155817;Av. María Rozas Velásquez 65, Estación Central, Santiago, Chile
2025-11-29 17:58:58;Estación Central;departamento;Venta Excelente Depto. 2 Dorm+1 Estac. Metro Las Rejas;2100;CLF;2 dormitorios;1 baño;38 m² útiles;2 dormitorios | 1 baño | 38 m² útiles;Av. María Rozas Velásquez 51, Estación Central, Metro Las Rejas, Estación Central;;-33.45442295;-70.7056221847387;Av. María Rozas Velásquez 51, Estación Central, Santiago, Chile
2025-11-29 17:58:58;Estación Central;departamento;Se Vende Departamento De 45m2,2d,2b,e,bod (72866);89000000;CLP;2 dormitorios;2 baños;42 m² útiles;2 dormitorios | 2 baños | 42 m² útiles;Avenida Ecuador 3900 - 4200, Estación Central, Chile, San Alberto Hurtado, Estación Central;;-33.4512591;-70.6901173;Avenida Ecuador 3900 - 4200, Estación Central, Santiago, Chile
2025-11-29 17:58:58;Estación Central;departamento;Departamento En Venta En Padre Hurtado;1800;CLF;1 dormitorio;1 baño;35 m² útiles;1 dormitorio | 1 baño | 35 m² útiles;CERCANO METRO PADRE HIURTADO, San Alberto Hurtado, Estación Central;;-33.46213055;-70.68674986582633;CERCANO PADRE HIURTADO, Estación Central, Santiago, Chile
2025-11-29 17:58:58;Estación Central;departamento;Departamento Calle Colu Estación Central ;65000000;CLP;2 dormitorios;1 baño;75 m² útiles;2 dormitorios | 1 baño | 75 m² útiles;DEPARTAMENTO CALLE COLU ESTACIÓN CENTRAL, Villa Francia, Estación Central;;-33.4536375;-70.6898654;CALLE COLU ESTACIÓN CENTRAL, Estación Central, Santiago, Chile
2025-11-29 17:58:58;Estación Central;departamento;Depto 2 Dormitorios Y 2 Estacionamientos En Estación Central;2300;CLF;2 dormitorios;1 baño;42 m² útiles;2 dormitorios | 1 baño | 42 m² útiles;Nicasio Retamales 48, Santiago, Estación Central, Universidad De Santiago, Estación Central;;-33.4524675;-70.6897248;Nicasio Retamales 48, Estación Central, Santiago, Chile
2025-11-29 17:58:58;Estación Central;departamento;Edificio Ccentro Alameda Toro Mazote 76;1500;CLF;1 dormitorio;1 baño;1 m² útiles;1 dormitorio | 1 baño | 1 m² útiles;EDIFICIO CENTRO ALAMEDA, San Alberto Hurtado, Estación Central;;-33.4536375;-70.6898654;EDIFICIO CENTRO ALAMEDA, Estación Central, Santiago, Chile
2025-11-29 17:58:58;Estación Central;departamento;Departamento Cercano Al Metro Alberto Hurtado 2d2b ;74000000;CLP;2 dormitorios;2 baños;44 m² útiles;2 dormitorios | 2 baños | 44 m² útiles;Av. Ecuador 4122, Departamento 711, Estación Central, San Alberto Hurtado, Estación Central;;-33.452304100000006;-70.69341493999227;Av. Ecuador 4122, Estación Central, Santiago, Chile
2025-11-29 17:58:58;Estación Central;departamento;Arriende Hasta 18 Meses, Mejore Su Pie. (117504);2790;CLF;3 dormitorios;2 baños;49 m² útiles;3 dormitorios | 2 baños | 49 m² útiles;METRO ECUADOR - Av. Libertador Bernardo O'Higgins, Santiago, Estación Central, Chile, Metro Ecuador, Estación Central;;-33.4559755;-70.700815;ECUADOR - Av. Libertador Bernardo O'Higgins, Estación Central, Santiago, Chile
2025-11-29 17:58:58;Estación Central;departamento;Venta Departamento 1d1b Estación Central  (118335);1600;CLF;1 dormitorio;1 baño;33 m² útiles;1 dormitorio | 1 baño | 33 m² útiles;Toro Mazotte, San Alberto Hurtado, Estación Central;;-33.459468446430705;-70.69061060993947;Toro Mazotte, Estación Central, Santiago, Chile
2025-11-29 17:58:58;Estación Central;departamento;Moderno Estupenda Ubicación Vista Despejada;2300;CLF;1 dormitorio;1 baño;32 m² útiles;1 dormitorio | 1 baño | 32 m² útiles;Av. Padre Alberto Hurtado 1 - 300, Estación Central, San Alberto Hurtado, Estación Central;;-33.4655554;-70.6992341;Av. Padre Alberto Hurtado 1 - 300, Estación Central, Santiago, Chile
2025-11-29 17:58:58;Estación Central;departamento;Vendo Departamento 1d/1b 1bd Estacion Central ;1500;CLF;1 dormitorio;1 baño;28 m² útiles;1 dormitorio | 1 baño | 28 m² útiles;Av. Ecuador 4122, San Alberto Hurtado, Estación Central;;-33.452304100000006;-70.69341493999227;Av. Ecuador 4122, Estación Central, Santiago, Chile
2025-11-29 17:58:58;Estación Central;departamento;Departamento Estación Central Sin Pie 1d+1b+k 1.460uf;1460;CLF;1 dormitorio;1 baño;28 m² útiles;1 dormitorio | 1 baño | 28 m² útiles;Conde Del Maule 4364, Santiago, Estación Central, San Alberto Hurtado, Estación Central;;-33.4540918;-70.69579746259737;Conde Del Maule 4364, Estación Central, Santiago, Chile
2025-11-29 17:58:58;Estación Central;departamento;Oportunidad Dpto En Venta Cuadro Verde (69976);2300;CLF;2 dormitorios;1 baño;44 m² útiles;2 dormitorios | 1 baño | 44 m² útiles;Cuadro Verde, Estación Central, Chile, Metro Pajaritos, Estación Central;;-33.46371397994984;-70.72504625116724;Cuadro Verde, Estación Central, Santiago, Chile
2025-11-29 17:58:58;Estación Central;departamento;Departamento En Venta De 1 Dorm. En Estación Central;55000000;CLP;1 dormitorio;1 baño;35 m² útiles;1 dormitorio | 1 baño | 35 m² útiles;Maria Rosas Velasquez, Estación Central;;-33.4501577831486;-70.70680027112631;Maria Rosas Velasquez, Estación Central, Santiago, Chile
2025-11-29 17:58:58;Estación Central;departamento;Depto. 2d 1b 1e 1b (63105);2650;CLF;2 dormitorios;1 baño;44 m² útiles;2 dormitorios | 1 baño | 44 m² útiles;Santa Petronila 1 - 300, Santiago, Estación Central, Chile, Metro Las Rejas, Estación Central;;-33.4547012;-70.7043212;Santa Petronila 1 - 300, Estación Central, Santiago, Chile
2025-11-29 17:58:58;Estación Central;departamento;Se Vende Departamento En Metro Ecuador (89342);140000000;CLP;2 dormitorios;1 baño;40 m² útiles;2 dormitorios | 1 baño | 40 m² útiles;Avenida Alameda Libertador Bernardo O'Higgins 1 - 300, Metro Ecuador, Estación Central;;-33.4489016;-70.68162370843888;Avenida Alameda Libertador Bernardo O'Higgins 1 - 300, Estación Central, Santiago, Chile
2025-11-29 17:58:58;Estación Central;departamento;Excelente Oportunidad! Conectividad - Cercanía Servicios;1850;CLF;1 dormitorio;1 baño;32 m² útiles;1 dormitorio | 1 baño | 32 m² útiles;Conde Del Maule 4175, Santiago, Estación Central, San Alberto Hurtado, Estación Central;;-33.452732;-70.69320504365564;Conde Del Maule 4175, Estación Central, Santiago, Chile
2025-11-29 17:58:58;Estación Central;departamento;Av. Ecuador - Radal - Est. Central (130539);2000;CLF;2 dormitorios;2 baños;40 m² útiles;2 dormitorios | 2 baños | 40 m² útiles;Av. Ecuador 4500 - 4800, Santiago, Estación Central, Chile, Metro Ecuador, Estación Central;;-33.4544428;-70.7016545;Av. Ecuador 4500 - 4800, Estación Central, Santiago, Chile
2025-11-29 17:58:58;Estación Central;departamento;Departamentos En Venta Desde 1.790 Uf (68700);1400;CLF;1 dormitorio;1 baño;30 m² útiles;1 dormitorio | 1 baño | 30 m² útiles;Coronel Souper 3900 - 4200, Santiago, Estación Central, Chile, San Alberto Hurtado, Estación Central;;-33.456027;-70.688594;Coronel Souper 3900 - 4200, Estación Central, Santiago, Chile
2025-11-29 17:58:58;Estación Central;departamento;Gran Oportunidad Departamento Metro Ecuador (110279);2270;CLF;2 dormitorios;1 baño;47 m² útiles;2 dormitorios | 1 baño | 47 m² útiles;Conde Del Maule, Metro Ecuador, Estación Central;;-33.45338413192823;-70.69449248051292;Conde Del Maule, Estación Central, Santiago, Chile
2025-11-29 17:58:58;Estación Central;departamento;Venta Dpto Estación Central Conde Del Maule (84667);1940;CLF;2 dormitorios;2 baños;45 m² útiles;2 dormitorios | 2 baños | 45 m² útiles;Conde Del Maule 600 - 900, San Alberto Hurtado, Estación Central;;-33.4614869;-70.6823252;Conde Del Maule 600 - 900, Estación Central, Santiago, Chile
2025-11-29 17:58:58;Estación Central;departamento;Venta 2 D 1 B, Con Estacionamiento En Estación Central;1790;CLF;2 dormitorios;1 baño;38 m² útiles;2 dormitorios | 1 baño | 38 m² útiles;Metro Ecuador / Santa Petronila, Metro Las Rejas, Estación Central;;-33.4551858;-70.7039451;Ecuador / Santa Petronila, Estación Central, Santiago, Chile
2025-11-29 17:58:58;Estación Central;departamento;Excelente Departamento En Oferta;1500;CLF;1 dormitorio;1 baño;32 m² útiles;1 dormitorio | 1 baño | 32 m² útiles;Toro Mazote, 64, San Alberto Hurtado, Estación Central;;-33.4706502013169;-70.69045590796979;Toro Mazote, Estación Central, Santiago, Chile
2025-11-29 17:58:58;Estación Central;departamento;Departamento En Venta, Estación Central. (36). ;1750;CLF;1 dormitorio;1 baño;40 m² útiles;1 dormitorio | 1 baño | 40 m² útiles;Avenida Libertador Bernardo O'Higgins 4877, Estación Central, Santiago, Chile, Metro Ecuador, Estación Central;;-33.4560653;-70.70227466508047;Avenida Libertador Bernardo O'Higgins 4877, Estación Central, Santiago, Chile
2025-11-29 17:58:58;Estación Central;departamento;Dpto 2d En Venta Metro San Alberto Hurtado (68975);70000000;CLP;2 dormitorios;1 baño;39 m² útiles;2 dormitorios | 1 baño | 39 m² útiles;Avenida Ecuador 3900 - 4200, Estación Central, Chile, San Alberto Hurtado, Estación Central;;-33.4512591;-70.6901173;Avenida Ecuador 3900 - 4200, Estación Central, Santiago, Chile
2025-11-29 17:58:58;Estación Central;departamento;Ideal Inversión / Incluye Estacionamiento ;1750;CLF;1 dormitorio;1 baño;36 m² útiles;1 dormitorio | 1 baño | 36 m² útiles;METRO PADRE HURTANO / ESTADIO USACH, Universidad De Santiago, Estación Central;;-33.38893485;-70.54819940469355;PADRE HURTANO / ESTADIO USACH, Estación Central, Santiago, Chile
2025-11-29 17:58:58;Estación Central;departamento;Practico Dpto En Venta En Conectado Sector, Estación Central;1800;CLF;2 dormitorios;1 baño;40 m² útiles;2 dormitorios | 1 baño | 40 m² útiles;Metro San Alberto Hurtado, San Alberto Hurtado, Estación Central;;-33.4542019;-70.6922721;San Alberto Hurtado, Estación Central, Santiago, Chile
2025-11-29 17:58:58;Estación Central;departamento;Departamento En Metro Alberto Hurtado;1700;CLF;1 dormitorio;1 baño;33 m² útiles;1 dormitorio | 1 baño | 33 m² útiles;Conde Del Maule, 4106, San Alberto Hurtado, Estación Central;;-33.45338413192823;-70.69449248051292;Conde Del Maule, Estación Central, Santiago, Chile
2025-11-29 17:58:58;Estación Central;departamento;Oportunidad Ideal Para Vivir O Invertir;1765;CLF;3 dormitorios;1 baño;48 m² útiles;3 dormitorios | 1 baño | 48 m² útiles;Cnel. Souper 4555, Santiago, Estación Central, Metro Ecuador, Estación Central;;-33.4585816;-70.69782529992557;Cnel. Souper 4555, Estación Central, Santiago, Chile
2025-11-29 17:58:58;Estación Central;departamento;Estacion Central (127808);1900;CLF;1 dormitorio;1 baño;32 m² útiles;1 dormitorio | 1 baño | 32 m² útiles;Conde Del Maule 4200 - 4500, Estación Central, Chile, San Alberto Hurtado, Estación Central;;-33.4533197;-70.6939689;Conde Del Maule 4200 - 4500, Estación Central, Santiago, Chile
2025-11-29 17:58:58;Estación Central;departamento;Lindo Dpto 2d-2b-b Estacion Central (97360);2800;CLF;2 dormitorios;2 baños;47 m² útiles;2 dormitorios | 2 baños | 47 m² útiles;Avenida Ecuador, Metro Las Rejas, Estación Central;;-33.45259369917749;-70.69621462893853;Avenida Ecuador, Estación Central, Santiago, Chile
2025-11-29 17:58:58;Estación Central;departamento;Departamento En Venta  Estación Central 1d 1b;78000000;CLP;1 dormitorio;1 baño;28 m² útiles;1 dormitorio | 1 baño | 28 m² útiles;Carlos Pezoa Véliz, 143, Metro Ecuador, Estación Central;;-33.45575955203821;-70.70305514685388;Carlos Pezoa Véliz, Estación Central, Santiago, Chile
2025-11-29 17:58:58;Estación Central;departamento;Studio En Venta ¡ideal Para Ti! (90572);1290;CLF;1 dormitorio;1 baño;25 m² útiles;1 dormitorio | 1 baño | 25 m² útiles;Radal Del Obispo Francisco Anabalón Duarte 1 - 300, Metro Ecuador, Estación Central;;-33.4512651;-70.7027388;Radal Del Obispo Francisco Anabalón Duarte 1 - 300, Estación Central, Santiago, Chile
2025-11-29 17:58:58;Estación Central;departamento;Departamento En Venta  Ideal Inversión;1515;CLF;1 dormitorio;1 baño;23 m² útiles;1 dormitorio | 1 baño | 23 m² útiles;Toro Mazote 110, Santiago, Estación Central, San Alberto Hurtado, Estación Central;;-33.4561216;-70.69120585222294;Toro Mazote 110, Estación Central, Santiago, Chile
2025-11-29 17:58:58;Estación Central;departamento;Se Vende Departamento Arrendado;43000000;CLP;1 dormitorio;1 baño;30 m² útiles;1 dormitorio | 1 baño | 30 m² útiles;Toro Mazote, 76, San Alberto Hurtado, Estación Central;;-33.4706502013169;-70.69045590796979;Toro Mazote, Estación Central, Santiago, Chile
2025-11-29 17:58:58;Estación Central;departamento;Inversión Se Venden 3 Departamentos 1d/1b, Estac. Central;1450;CLF;1 dormitorio;1 baño;30 m² útiles;1 dormitorio | 1 baño | 30 m² útiles;Blanco Garcés 154, Estación Central, San Alberto Hurtado, Estación Central;;-33.4503604;-70.69800392785399;Blanco Garcés 154, Estación Central, Santiago, Chile
2025-11-29 17:59:07;Estación Central;departamento;Metro P.hurtado/1d1b (86973);53000000;CLP;1 dormitorio;1 baño;30 m² útiles;1 dormitorio | 1 baño | 30 m² útiles;Avenida Padre Alberto Hurtado, Universidad De Santiago, Estación Central;;-33.4721187;-70.687876;Avenida Padre Alberto Hurtado, Estación Central, Santiago, Chile
2025-11-29 17:59:07;Estación Central;departamento;Departamento En Venta 1d1b Estacion Central (118334);1400;CLF;1 dormitorio;1 baño;30 m² útiles;1 dormitorio | 1 baño | 30 m² útiles;Coronel Souper, San Alberto Hurtado, Estación Central;;-33.4587970769033;-70.6976990807524;Coronel Souper, Estación Central, Santiago, Chile
2025-11-29 17:59:07;Estación Central;departamento;Vende Dpto. Cerca Metro San Alberto Hurtado (74536);3200;CLF;3 dormitorios;1 baño;55 m² útiles;3 dormitorios | 1 baño | 55 m² útiles;Coronel Souper 1200 - 1500, Santiago, Estación Central, Chile, San Alberto Hurtado, Estación Central;;-33.4587970769033;-70.6976990807524;Coronel Souper 1200 - 1500, Estación Central, Santiago, Chile
2025-11-29 17:59:07;Estación Central;departamento;Carlos Pezoa Veliz // Metro Ecuador;2190;CLF;2 dormitorios;2 baños;49 m² útiles;2 dormitorios | 2 baños | 49 m² útiles;Carlos Pezoa Véliz, Santiago, Estación Central, Chile, Estación Central;;-33.45575955203821;-70.70305514685388;Carlos Pezoa Véliz, Estación Central, Santiago, Chile
2025-11-29 17:59:07;Estación Central;departamento;Oportunidad Unica  Dpto 2d+1b Metro San Alberto Hurtado ;1450;CLF;2 dormitorios;1 baño;41 m² útiles;2 dormitorios | 1 baño | 41 m² útiles;Estación Central, San Alberto Hurtado;;-33.4536375;-70.6898654;Estación Central, Estación Central, Santiago, Chile
2025-11-29 17:59:07;Estación Central;departamento;Departamento 2d, Metro San Alberto Hurtado. (127801);1799;CLF;2 dormitorios;1 baño;42 m² útiles;2 dormitorios | 1 baño | 42 m² útiles;Conde Del Maule 4200 - 4500, Santiago, Estación Central, Chile, San Alberto Hurtado, Estación Central;;-33.4533197;-70.6939689;Conde Del Maule 4200 - 4500, Estación Central, Santiago, Chile
2025-11-29 17:59:07;Estación Central;departamento;Home Estudio Con Bodega Metro Ecuador;1180;CLF;1 dormitorio;1 baño;19 m² útiles;1 dormitorio | 1 baño | 19 m² útiles;Buzo Sobenes 4650, Estación Central, San Alberto Hurtado, Estación Central;;-33.450171999999995;-70.69827299916479;Buzo Sobenes 4650, Estación Central, Santiago, Chile
2025-11-29 17:59:07;Estación Central;departamento;Departamento En Venta En Metro Las Rejas;1286;CLF;1 dormitorio;1 baño;29 m² útiles;1 dormitorio | 1 baño | 29 m² útiles;Av. María Rozas Velásquez 65, Estación Central, Metro Las Rejas, Estación Central;;-33.453458999999995;-70.70575666155817;Av. María Rozas Velásquez 65, Estación Central, Santiago, Chile
2025-11-29 17:59:07;Estación Central;departamento;Imperdible Oportunidad De Compra - Depto. 2.d.1 E.central;2600;CLF;2 dormitorios;1 baño;47 m² útiles;2 dormitorios | 1 baño | 47 m² útiles;SANTA PETRONILA 32, Metro Las Rejas, Estación Central;;-33.45395685;-70.70490686904479;SANTA PETRONILA 32, Estación Central, Santiago, Chile
2025-11-29 17:59:07;Estación Central;departamento;Departamento En Venta En Estacion Central (cód. 333);1850;CLF;1 dormitorio;1 baño;32 m² útiles;1 dormitorio | 1 baño | 32 m² útiles;DEPARTAMENTO EN VENTA EN ESTACION CENTRAL (CÓD. 333), San Alberto Hurtado, Estación Central;;-33.44936835;-70.68840614999999;EN VENTA EN ESTACION CENTRAL (CÓD. 333), Estación Central, Santiago, Chile
2025-11-29 17:59:07;Estación Central;departamento;Venta Departamento 2hab 2ba Estación Central;95000000;CLP;2 dormitorios;2 baños;49 m² útiles;2 dormitorios | 2 baños | 49 m² útiles;Carlos Pezoa Véliz, 0143, Metro Ecuador, Estación Central;;-33.45575955203821;-70.70305514685388;Carlos Pezoa Véliz, Estación Central, Santiago, Chile
2025-11-29 17:59:07;Estación Central;departamento;Venta Departamento Est Central (110409);1740;CLF;1 dormitorio;1 baño;36 m² útiles;1 dormitorio | 1 baño | 36 m² útiles;Conde Del Maule 1 - 300, San Alberto Hurtado, Estación Central;;-33.45892702954546;-70.72286462500001;Conde Del Maule 1 - 300, Estación Central, Santiago, Chile
2025-11-29 17:59:07;Estación Central;departamento;Oportunidad Dptos Nuevos 2d2b, Bono Pie 20% ;2332;CLF;2 dormitorios;2 baños;47 m² útiles;2 dormitorios | 2 baños | 47 m² útiles;Estación Central, San Alberto Hurtado;;-33.4536375;-70.6898654;Estación Central, Estación Central, Santiago, Chile
2025-11-29 17:59:07;Estación Central;departamento;Oportunidad Dptos Nuevos 1d1b, Bono Pie 20% ;1707;CLF;1 dormitorio;1 baño;31 m² útiles;1 dormitorio | 1 baño | 31 m² útiles;Estación Central, San Alberto Hurtado;;-33.4536375;-70.6898654;Estación Central, Estación Central, Santiago, Chile
2025-11-29 17:59:07;Estación Central;departamento;Departamento En Venta, Estación Central. (55).;2700;CLF;2 dormitorios;2 baños;50 m² útiles;2 dormitorios | 2 baños | 50 m² útiles;Conde Del Maule 4106, Estación Central, Chile, San Alberto Hurtado, Estación Central;;-33.453338599999995;-70.69272341819416;Conde Del Maule 4106, Estación Central, Santiago, Chile
2025-11-29 17:59:07;Estación Central;departamento;Ideal Para Inversión  (130345);1400;CLF;1 dormitorio;1 baño;34 m² útiles;1 dormitorio | 1 baño | 34 m² útiles;Concón 1 - 300, Estación Central, Chile, San Alberto Hurtado, Estación Central;;-33.45849155;-70.69440605;Concón 1 - 300, Estación Central, Santiago, Chile
2025-11-29 17:59:07;Estación Central;departamento;Inversion Con Alta Rentabilidad En Estación Central;2290;CLF;2 dormitorios;1 baño;40 m² útiles;2 dormitorios | 1 baño | 40 m² útiles;Arriero Estay, 3877, Universidad De Santiago, Estación Central;;-33.45184602054623;-70.68898594502936;Arriero Estay, Estación Central, Santiago, Chile
2025-11-29 17:59:07;Estación Central;departamento;Increibles Departamentos En  Estacion Central;2625;CLF;1 dormitorio;1 baño;29 m² útiles;1 dormitorio | 1 baño | 29 m² útiles;CORONEL GODOY/ECUADOR, San Alberto Hurtado, Estación Central;;-33.4559226;-70.6997325;CORONEL GODOY/ECUADOR, Estación Central, Santiago, Chile
2025-11-29 17:59:07;Estación Central;departamento;Oportunidad De Inversión En Providencia (130511);1450;CLF;1 dormitorio;1 baño;30 m² útiles;1 dormitorio | 1 baño | 30 m² útiles;Avenida María Rozas Velásquez, Metro Las Rejas, Estación Central;;-33.4559177;-70.70561315;Avenida María Rozas Velásquez, Estación Central, Santiago, Chile
2025-11-29 17:59:07;Estación Central;departamento;Muy Luminoso,full Equi 1d/1b, Metro Ecuado Y A.hur;1590;CLF;1 dormitorio;1 baño;33 m² útiles;1 dormitorio | 1 baño | 33 m² útiles;Blanco Garcés, 1 - 300, San Alberto Hurtado, Estación Central;;-33.451992313901464;-70.69784303670724;Blanco Garcés, Estación Central, Santiago, Chile
2025-11-29 17:59:07;Estación Central;departamento;Dpto N° 1003. Home Studio+bod, Metro Las Rejas;1400;CLF;;;20 m² útiles;20 m² útiles;DPTO N° 1003. HOME STUDIO+BOD, METRO LAS REJAS, Metro Las Rejas, Estación Central;;40.7964876;-73.9338546;DPTO N° 1003. HOME STUDIO+BOD, Estación Central, Santiago, Chile
2025-11-29 17:59:07;Estación Central;departamento;Avenida Victor Jara (74091);2390;CLF;2 dormitorios;2 baños;50 m² útiles;2 dormitorios | 2 baños | 50 m² útiles;Conde Del Maule 4200 - 4500, Santiago, Estación Central, Chile, San Alberto Hurtado, Estación Central;;-33.4533197;-70.6939689;Conde Del Maule 4200 - 4500, Estación Central, Santiago, Chile
2025-11-29 17:59:07;Estación Central;departamento;Lindo Departamento En Venta/estacion Central (74605);2900;CLF;2 dormitorios;2 baños;54 m² útiles;2 dormitorios | 2 baños | 54 m² útiles;Avenida Ecuador 3900 - 4200, Santiago, Estación Central, Chile, San Alberto Hurtado, Estación Central;;-33.4512591;-70.6901173;Avenida Ecuador 3900 - 4200, Estación Central, Santiago, Chile
2025-11-29 17:59:07;Estación Central;departamento;Departamento En Venta En Toro Mazote San Alberto Hurtado;2100;CLF;2 dormitorios;1 baño;40 m² útiles;2 dormitorios | 1 baño | 40 m² útiles;Toro Mazote 110, Santiago, Estación Central, San Alberto Hurtado, Estación Central;;-33.4561216;-70.69120585222294;Toro Mazote 110, Estación Central, Santiago, Chile
2025-11-29 17:59:07;Estación Central;departamento;Departamento En Oferta;1500;CLF;1 dormitorio;1 baño;28 m² útiles;1 dormitorio | 1 baño | 28 m² útiles;SANTA PETRONILA 32, Metro Las Rejas, Estación Central;;-33.45395685;-70.70490686904479;SANTA PETRONILA 32, Estación Central, Santiago, Chile
2025-11-29 17:59:07;Estación Central;departamento;Departamento Con 1d+1b+terraza Cerca De Metro San Alb. Hurt.;1750;CLF;1 dormitorio;1 baño;34 m² útiles;1 dormitorio | 1 baño | 34 m² útiles;DEPARTAMENTO CON 1D+1B+TERRAZA CERCA DE METRO SAN ALB. HURT., Universidad De Santiago, Estación Central;;-33.46876345;-70.6875738;CON 1D+1B+TERRAZA CERCA DE SAN ALB. HURT., Estación Central, Santiago, Chile
2025-11-29 17:59:07;Estación Central;departamento;Metro Ecuador Venta Depto. 3d 2b 1est 1bd Ideal Para Familia;2600;CLF;3 dormitorios;2 baños;58 m² útiles;3 dormitorios | 2 baños | 58 m² útiles;Conde Del Maule 4630, Estación Central, Metro Ecuador, Estación Central;;-33.455162099999995;-70.70009776027834;Conde Del Maule 4630, Estación Central, Santiago, Chile
2025-11-29 17:59:07;Estación Central;departamento;Departamento En Venta De 1 Dorm. En Estación Central;2400;CLF;1 dormitorio;1 baño;30 m² útiles;1 dormitorio | 1 baño | 30 m² útiles;Metro Padre Alberto Hurtado, Estación Central;;-33.4721187;-70.687876;Padre Alberto Hurtado, Estación Central, Santiago, Chile
2025-11-29 17:59:07;Estación Central;departamento;Venta Departamento Estación Central (86881);65000000;CLP;2 dormitorios;1 baño;43 m² útiles;2 dormitorios | 1 baño | 43 m² útiles;Toro Mazote, Estación Central;;-33.4706502013169;-70.69045590796979;Toro Mazote, Estación Central, Santiago, Chile
2025-11-29 17:59:07;Estación Central;departamento;En Venta Dpto En Estación Centrall (91959);1900;CLF;1 dormitorio;;33 m² útiles;1 dormitorio | 33 m² útiles;Toro Mazotte, Estación Central;;-33.459468446430705;-70.69061060993947;Toro Mazotte, Estación Central, Santiago, Chile
2025-11-29 17:59:07;Estación Central;departamento;Departamento En Venta Tipo Estudio En Estación Central;1360;CLF;1 dormitorio;1 baño;25 m² útiles;1 dormitorio | 1 baño | 25 m² útiles;Santa Petronila 32, Metro Las Rejas, Estación Central;;-33.45395685;-70.70490686904479;Santa Petronila 32, Estación Central, Santiago, Chile
2025-11-29 17:59:07;Estación Central;departamento;Avenida María Rozas Velásquez (73997);82900000;CLP;2 dormitorios;1 baño;57 m² útiles;2 dormitorios | 1 baño | 57 m² útiles;MARIA ROZAS VELASQUEZ 1 - 300, Metro Las Rejas, Estación Central;;-33.4655411;-70.6974661;MARIA ROZAS VELASQUEZ 1 - 300, Estación Central, Santiago, Chile
2025-11-29 17:59:07;Estación Central;departamento;Venta Departemento 3d 1b  Estacionamiento, Estacion Central;2300;CLF;3 dormitorios;1 baño;49 m² útiles;3 dormitorios | 1 baño | 49 m² útiles;Pje Titán 2600, Santiago, Estación Central, Metro Las Rejas, Estación Central;;-33.47492444947368;-70.71387351894737;Pje Titán 2600, Estación Central, Santiago, Chile
2025-11-29 17:59:07;Estación Central;departamento;Venta Departamento E Central A 3 Min Del Metro U De Santiago;53000000;CLP;1 dormitorio;1 baño;26 m² útiles;1 dormitorio | 1 baño | 26 m² útiles;Calle Obispo Manuel Umana Salinas, 033, Estación Central;;-33.458038895701236;-70.68404530931114;Calle Obispo Manuel Umana Salinas, Estación Central, Santiago, Chile
2025-11-29 17:59:07;Estación Central;departamento;Departamento En Venta De 2 Dorm. En Estación Central;1900;CLF;2 dormitorios;1 baño;42 m² útiles;2 dormitorios | 1 baño | 42 m² útiles;Constantino, San Alberto Hurtado, Estación Central;;-33.45175230051811;-70.69655474174844;Constantino, Estación Central, Santiago, Chile
2025-11-29 17:59:07;Estación Central;departamento;Acogedor Depto - Inversion;1600;CLF;1 dormitorio;1 baño;31 m² útiles;1 dormitorio | 1 baño | 31 m² útiles;ACOGEDOR DEPTO - INVERSION, San Alberto Hurtado, Estación Central;;-33.47149675;-70.70286243510182;ACOGEDOR DEPTO - INVERSION, Estación Central, Santiago, Chile
2025-11-29 17:59:07;Estación Central;departamento;Venta Departamento Nuevo (127611);2000;CLF;1 dormitorio;1 baño;35 m² útiles;1 dormitorio | 1 baño | 35 m² útiles;Coronel Godoy 1 - 300, San Alberto Hurtado, Estación Central;;-33.45533981061462;-70.69316768265847;Coronel Godoy 1 - 300, Estación Central, Santiago, Chile
2025-11-29 17:59:07;Estación Central;departamento;Dpto Estudio En Venta En Cómodo Sector De Estacion Central;1144;CLF;1 dormitorio;1 baño;28 m² útiles;1 dormitorio | 1 baño | 28 m² útiles;Departamento Estudio, Metro San Alberto Hurtado, San Alberto Hurtado, Estación Central;;-33.4536375;-70.6898654;Departamento Estudio, Estación Central, Santiago, Chile
2025-11-29 17:59:07;Estación Central;departamento; En Estación Central Para  Inversión De 10 Departamentos;1250;CLF;1 dormitorio;1 baño;21 m² útiles;1 dormitorio | 1 baño | 21 m² útiles;Cnel. Souper 3900 - 4200, Torre B, Estación Central, San Alberto Hurtado, Estación Central;;-33.456027;-70.688594;Cnel. Souper 3900 - 4200, Estación Central, Santiago, Chile
2025-11-29 17:59:07;Estación Central;departamento;Excelente Depto 2d+1b. Metro Padre Hurtado;2000;CLF;2 dormitorios;1 baño;42 m² útiles;2 dormitorios | 1 baño | 42 m² útiles;Estación Central, San Alberto Hurtado;;-33.4536375;-70.6898654;Estación Central, Estación Central, Santiago, Chile
2025-11-29 17:59:07;Estación Central;departamento;Departamento En Venta Santa Petronila Estación Central;2150;CLF;2 dormitorios;1 baño;45 m² útiles;2 dormitorios | 1 baño | 45 m² útiles;Sta. Petronila 17, 9170364 Santiago, Estación Central, Región Metropolitana, Chile, Metro Las Rejas, Estación Central;;-33.454137676;-70.704414144;Sta. Petronila 17, Estación Central, Santiago, Chile
2025-11-29 17:59:07;Estación Central;departamento;Oportunidad Dptos Tipo Estudio,  Estación Central;1350;CLF;1 dormitorio;1 baño;24 m² útiles;1 dormitorio | 1 baño | 24 m² útiles;Estación Central, San Alberto Hurtado;;-33.4536375;-70.6898654;Estación Central, Estación Central, Santiago, Chile
2025-11-29 17:59:07;Estación Central;departamento;Conde Del Maule (74063);2200;CLF;2 dormitorios;1 baño;47 m² útiles;2 dormitorios | 1 baño | 47 m² útiles;Conde Del Maule 3900 - 4200, Estación Central, Chile, San Alberto Hurtado, Estación Central;;-33.4533197;-70.6939689;Conde Del Maule 3900 - 4200, Estación Central, Santiago, Chile
2025-11-29 17:59:07;Estación Central;departamento;Depto. 1d/1b Estacionamiento Y Bodega (106309);2312;CLF;1 dormitorio;1 baño;39 m² útiles;1 dormitorio | 1 baño | 39 m² útiles;Santa Petronila, Metro Las Rejas, Estación Central;;-33.450666050424914;-70.70481665135743;Santa Petronila, Estación Central, Santiago, Chile
2025-11-29 17:59:07;Estación Central;departamento;Excelente Depto. Gran Oportunidad;1850;CLF;1 dormitorio;1 baño;30 m² útiles;1 dormitorio | 1 baño | 30 m² útiles;Buzo Sobenes 4650, Depto 1500 - 1800, Estación Central, San Alberto Hurtado, Estación Central;;-33.450171999999995;-70.69827299916479;Buzo Sobenes 4650, Estación Central, Santiago, Chile
