fecha_extraccion;comuna;tipo_propiedad;titulo;precio;moneda;dormitorios;banos;metros_utiles;caracteristicas_raw;ubicacion;url;latitud;longitud;direccion_geocoded
2025-11-29 17:37:02;La Reina;casa; Absalon Los Troncos;17349;CLF;3 dormitorios;3 baños;139 m² útiles;3 dormitorios | 3 baños | 139 m² útiles;Julia Bernstein 1860, La Reina, La Reina Alta, La Reina;;-33.4402765;-70.5210835;Julia Bernstein 1860, La Reina, Santiago, Chile
2025-11-29 17:37:02;La Reina;casa;Condominio Altos De Casanova;21000;CLF;5 dormitorios;4 baños;246 m² útiles;5 dormitorios | 4 baños | 246 m² útiles;Alvaro Casanova 0509, La Reina, La Reina Alta, La Reina;;-33.4509256;-70.520225;Alvaro Casanova 0509, La Reina, Santiago, Chile
2025-11-29 17:37:02;La Reina;casa;Condominio Reina Bernstein;34425;CLF;5 dormitorios;5 baños;323 m² útiles;5 dormitorios | 5 baños | 323 m² útiles;Julia Bernstein 538, La Reina Alta, La Reina;;-33.4540796;-70.5258252;Julia Bernstein 538, La Reina, Santiago, Chile
2025-11-29 17:37:02;La Reina;casa;Condominio Vista Monte;23990;CLF;4 dormitorios;4 baños;240 m² útiles;4 dormitorios | 4 baños | 240 m² útiles;Julia Bernstein 1107, Santiago, La Reina, La Reina Alta, La Reina;;-33.4395249;-70.5207307;Julia Bernstein 1107, La Reina, Santiago, Chile
2025-11-29 17:37:02;La Reina;casa;Townhouse Los Prunos;11900;CLF;3 dormitorios;4 baños;127 - 128 m² útiles;3 dormitorios | 4 baños | 127 - 128 m² útiles;Los Prunos 7177, Pepe Vila, La Reina;;-33.4547615;-70.5532555;Los Prunos 7177, La Reina, Santiago, Chile
2025-11-29 17:37:02;La Reina;casa;Condominio Olivos;18990;CLF;4 dormitorios;4 baños;139 m² útiles;4 dormitorios | 4 baños | 139 m² útiles;Príncipe De Gales 7955, Carlos Ossandón, La Reina;;-33.4386705;-70.5601061;Príncipe De Gales 7955, La Reina, Santiago, Chile
2025-11-29 17:37:02;La Reina;casa;Los Corcolenes 6936;9990;CLF;3 dormitorios;3 baños;98 m² útiles;3 dormitorios | 3 baños | 98 m² útiles;Los Corcolenes 6936, La Reina, Pepe Vila, La Reina;;-33.4527989;-70.5559574;Los Corcolenes 6936, La Reina, Santiago, Chile
2025-11-29 17:37:02;La Reina;casa; Townhouse Lc 2254;13700;CLF;3 dormitorios;3 baños;115 - 123 m² útiles;3 dormitorios | 3 baños | 115 - 123 m² útiles;Las Carretas 2254, La Reina, Troncos Viejos, La Reina;;-33.4326373;-70.5786476;Las Carretas 2254, La Reina, Santiago, Chile
2025-11-29 17:37:02;La Reina;casa;Casa Wârm;14850;CLF;3 dormitorios;3 a 4 baños;139 m² útiles;3 dormitorios | 3 a 4 baños | 139 m² útiles;Vicente Pérez Rosales 1680, Carlos Ossandón, La Reina;;-33.4409003;-70.5527101;Vicente Pérez Rosales 1680, La Reina, Santiago, Chile
2025-11-29 17:37:02;La Reina;casa;La Reina Green;13500;CLF;3 dormitorios;3 baños;131 - 133 m² útiles;3 dormitorios | 3 baños | 131 - 133 m² útiles;Nocedal 6900 - 7200, Metro Príncipe De Gales - Country Club, La Reina;;-33.4374447;-70.5553924;Nocedal 6900 - 7200, La Reina, Santiago, Chile
2025-11-29 17:37:02;La Reina;casa;Condominio De Villagra Townhouse;7985;CLF;3 dormitorios;3 baños;93 - 95 m² útiles;3 dormitorios | 3 baños | 93 - 95 m² útiles;Paula Jaraquemada 588, Francisco De Villagra, La Reina;;-33.4559889;-70.568067;Paula Jaraquemada 588, La Reina, Santiago, Chile
2025-11-29 17:37:02;La Reina;casa;Inversion!!!, Real Oportunidad Sector Exclusivo, Ver Video!!;9990;CLF;5 dormitorios;4 baños;150 m² útiles;5 dormitorios | 4 baños | 150 m² útiles;Av. Príncipe De Gales 6958, 7850316 La Reina, Región Metropolitana, Chile, Metro Príncipe De Gales - Country Club, La Reina;;-33.4385129;-70.5599863;Av. Príncipe De Gales 6958, La Reina, Santiago, Chile
2025-11-29 17:37:02;La Reina;casa;Casa Con Mucho Potencial Y Gran Terreno;22500;CLF;5 dormitorios;4 baños;294 m² útiles;5 dormitorios | 4 baños | 294 m² útiles;Carlos Ossandón 300 - 600, La Reina, Carlos Ossandón, La Reina;;-33.4394582;-70.5423323;Carlos Ossandón 300 - 600, La Reina, Santiago, Chile
2025-11-29 17:37:02;La Reina;casa;Acogedora Casa A Pasos Colegio The Grange School;13190;CLF;2 dormitorios;2 baños;200 m² útiles;2 dormitorios | 2 baños | 200 m² útiles;Ramón Laval 1200 - 1500, La Reina, Chile, Metro Príncipe De Gales - Country Club, La Reina;;-33.4387473;-70.5662791;Ramón Laval 1200 - 1500, La Reina, Santiago, Chile
2025-11-29 17:37:02;La Reina;casa;Gran Casa En Venta De 5 Dorm. En La Reina, Sector M. Edwards;12743;CLF;5 dormitorios;3 baños;159 m² útiles;5 dormitorios | 3 baños | 159 m² útiles;Loreley 500 A 600, Palmas De Mallorca, La Reina;;-33.4452283;-70.5644136;Loreley 500 A 600, La Reina, Santiago, Chile
2025-11-29 17:37:02;La Reina;casa;Fernando Castillo Velasco 7930.  Condominio Cerrado;7990;CLF;4 dormitorios;3 baños;120 m² útiles;4 dormitorios | 3 baños | 120 m² útiles;Av. Alcalde Fernando Castillo Velasco 7930, La Reina, Carlos Ossandón, La Reina;;-33.4507793;-70.5482361;Av. Alcalde Fernando Castillo Velasco 7930, La Reina, Santiago, Chile
2025-11-29 17:37:02;La Reina;casa;Casa 435 M2 Terreno/la Reina;13000;CLF;4 dormitorios;2 baños;175 m² útiles;4 dormitorios | 2 baños | 175 m² útiles;Simon Bolivar, 5700 - 6000, Metro Simón Bolivar, La Reina;;-33.4461845;-70.5719261;Simon Bolivar, La Reina, Santiago, Chile
2025-11-29 17:37:02;La Reina;casa;Casa 3d + 2b De 1 Piso En Pasaje Cerrado;11000;CLF;3 dormitorios;2 baños;138 m² útiles;3 dormitorios | 2 baños | 138 m² útiles;Simon Gonzalez, 7800 - 8100, Carlos Ossandón, La Reina;;-33.4475973;-70.5589138;Simon Gonzalez, La Reina, Santiago, Chile
2025-11-29 17:37:02;La Reina;casa;Casa En Condominio / Álvaro Casanova  Reina Alta;23890;CLF;5 dormitorios;3 baños;226 m² útiles;5 dormitorios | 3 baños | 226 m² útiles;Álvaro Casanova, 1 - 300, La Reina Alta, La Reina;;-33.4509256;-70.520225;Álvaro Casanova, La Reina, Santiago, Chile
2025-11-29 17:37:02;La Reina;casa;Luminosa, Moderna Y Amplia;18500;CLF;4 dormitorios;3 baños;160 m² útiles;4 dormitorios | 3 baños | 160 m² útiles;Alcalde Alejandro Chadwick 2021, La Reina, Metro Príncipe De Gales - Country Club, La Reina;;-33.4361788;-70.557595;Alcalde Alejandro Chadwick 2021, La Reina, Santiago, Chile
2025-11-29 17:37:02;La Reina;casa;Casa En Condominio La Reina Alta A Precio Oportunidad;12900;CLF;4 dormitorios;3 baños;147 m² útiles;4 dormitorios | 3 baños | 147 m² útiles;Carlos Ossandón, La Reina;;-33.4394582;-70.5423323;Carlos Ossandón, La Reina, Santiago, Chile
2025-11-29 17:37:02;La Reina;casa;Rica Casa En La Reina, 2 Dorm 2 Baños Lugar Muy Tranquilo;8950;CLF;2 dormitorios;2 baños;110 m² útiles;2 dormitorios | 2 baños | 110 m² útiles;Los Maitenes 430, Pepe Vila, La Reina;;-33.4553891;-70.554686;Los Maitenes 430, La Reina, Santiago, Chile
2025-11-29 17:37:02;La Reina;casa;Oportunidad ! Townhouse En La Reina Con Buena Ubic...;11500;CLF;4 dormitorios;3 baños;94 m² útiles;4 dormitorios | 3 baños | 94 m² útiles;La Reina;;-33.442282;-70.5432729;La Reina, Santiago, Chile
2025-11-29 17:37:02;La Reina;casa;Preciosa Casa En Venta Condominio Álvaro Casanova;20900;CLF;5 dormitorios;4 baños;190 m² útiles;5 dormitorios | 4 baños | 190 m² útiles;La Reina, La Reina Alta;;-33.4430242;-70.5337236;La Reina, La Reina, Santiago, Chile
2025-11-29 17:37:02;La Reina;casa; Como  Nueva Casa En Venta, La Reina Alta;19800;CLF;4 dormitorios;4 baños;309 m² útiles;4 dormitorios | 4 baños | 309 m² útiles;La Reina, La Reina Alta;;-33.4430242;-70.5337236;La Reina, La Reina, Santiago, Chile
2025-11-29 17:37:02;La Reina;casa;Casa En Venta Condominio De 5 Dorm. En La Reina;16490;CLF;5 dormitorios;4 baños;230 m² útiles;5 dormitorios | 4 baños | 230 m² útiles;Onofre Jarpa, Padre Hurtado, La Reina;;-33.4381649;-70.529179;Onofre Jarpa, La Reina, Santiago, Chile
2025-11-29 17:37:02;La Reina;casa;Black Property. Oportunidad. Venta Casa A Pasos An...;13205;CLF;5 dormitorios;4 baños;227 m² útiles;5 dormitorios | 4 baños | 227 m² útiles;La Reina, Carlos Ossandón;;-33.4430242;-70.5337236;La Reina, La Reina, Santiago, Chile
2025-11-29 17:37:02;La Reina;casa;Magnifica Casa Con Patio Oriente;16600;CLF;6 dormitorios;5 baños;277 m² útiles;6 dormitorios | 5 baños | 277 m² útiles;Sta. Rita ,, Palmas De Mallorca, La Reina;;-33.4445871;-70.5593511;Sta. Rita, La Reina, Santiago, Chile
2025-11-29 17:37:02;La Reina;casa;Casa En Venta En La Reina Alta Con Jardín;12540;CLF;3 dormitorios;3 baños;165 m² útiles;3 dormitorios | 3 baños | 165 m² útiles;Nueva Príncipe De Gales 610, 7860308 La Reina, Región Metropolitana, Chile, La Reina Alta, La Reina;;-33.4426852;-70.5622141;Nueva Príncipe De Gales 610, La Reina, Santiago, Chile
2025-11-29 17:37:02;La Reina;casa;Casa En Condominio Con Piscina, La Reina Alta 4 Dorm Y Serv;18990;CLF;4 dormitorios;4 baños;210 m² útiles;4 dormitorios | 4 baños | 210 m² útiles;Carlos Silva Vildósola, La Reina Alta, La Reina;;-33.4406902;-70.5332603;Carlos Silva Vildósola, La Reina, Santiago, Chile
2025-11-29 17:37:02;La Reina;casa;Ubicada En Calle Tranquila Y Condominio.;12375;CLF;3 dormitorios;2 baños;139 m² útiles;3 dormitorios | 2 baños | 139 m² útiles;La Reina, La Reina Alta;;-33.4430242;-70.5337236;La Reina, La Reina, Santiago, Chile
2025-11-29 17:37:02;La Reina;casa;Impecable: Remodelada En Pasaje Cerrado,buena Conectividad;8900;CLF;3 dormitorios;3 baños;104 m² útiles;3 dormitorios | 3 baños | 104 m² útiles;Av. Simón Bolívar, Metro Simón Bolivar, La Reina;;-33.4454396;-70.5565816;Av. Simón Bolívar, La Reina, Santiago, Chile
2025-11-29 17:37:02;La Reina;casa;Espaciosa Casa, Gran Patio;13500;CLF;4 dormitorios;4 baños;157 m² útiles;4 dormitorios | 4 baños | 157 m² útiles;AVENIDA SIMÓN BOLÍVAR 7831, Carlos Ossandón, La Reina;;-33.4454396;-70.5565816;AVENIDA SIMÓN BOLÍVAR 7831, La Reina, Santiago, Chile
2025-11-29 17:37:02;La Reina;casa;Paque Padre Hurtado C_423637;15500;CLF;5 dormitorios;4 baños;248 m² útiles;5 dormitorios | 4 baños | 248 m² útiles;Carlos Ossandón, La Reina;;-33.4394582;-70.5423323;Carlos Ossandón, La Reina, Santiago, Chile
2025-11-29 17:37:02;La Reina;casa;Perez Rosales/vpuelma/ossandon C_423397;13300;CLF;4 dormitorios;3 baños;150 m² útiles;4 dormitorios | 3 baños | 150 m² útiles;Carlos Ossandón, La Reina;;-33.4394582;-70.5423323;Carlos Ossandón, La Reina, Santiago, Chile
2025-11-29 17:37:02;La Reina;casa;Colegio Andree C_423539;20000;CLF;4 dormitorios;4 baños;248 m² útiles;4 dormitorios | 4 baños | 248 m² útiles;Carlos Ossandón, La Reina;;-33.4394582;-70.5423323;Carlos Ossandón, La Reina, Santiago, Chile
2025-11-29 17:37:02;La Reina;casa;Ossandon/simón González C_422685;13900;CLF;3 dormitorios;3 baños;180 m² útiles;3 dormitorios | 3 baños | 180 m² útiles;Carlos Ossandón, La Reina;;-33.4394582;-70.5423323;Carlos Ossandón, La Reina, Santiago, Chile
2025-11-29 17:37:02;La Reina;casa;Fco. De  Villagra/bramante C_423370;6500;CLF;3 dormitorios;3 baños;91 m² útiles;3 dormitorios | 3 baños | 91 m² útiles;Francisco De Villagra, La Reina;;-33.4598829;-70.5620834;Francisco De Villagra, La Reina, Santiago, Chile
2025-11-29 17:37:19;La Reina;casa;Ossandon/p. De Gales C_423601;14990;CLF;4 dormitorios;3 baños;180 m² útiles;4 dormitorios | 3 baños | 180 m² útiles;Carlos Ossandón, La Reina;;-33.4394582;-70.5423323;Carlos Ossandón, La Reina, Santiago, Chile
2025-11-29 17:37:19;La Reina;casa;Condominio / Colegio Andree C_423351;14500;CLF;5 dormitorios;3 baños;160 m² útiles;5 dormitorios | 3 baños | 160 m² útiles;Carlos Ossandón, La Reina;;-33.4394582;-70.5423323;Carlos Ossandón, La Reina, Santiago, Chile
2025-11-29 17:37:19;La Reina;casa;Condominio/colegio Andree C_423598;14980;CLF;4 dormitorios;3 baños;206 m² útiles;4 dormitorios | 3 baños | 206 m² útiles;Carlos Ossandón, La Reina;;-33.4394582;-70.5423323;Carlos Ossandón, La Reina, Santiago, Chile
2025-11-29 17:37:19;La Reina;casa;Larrain/tobalaba/blestgana C_423621;5750;CLF;2 dormitorios;2 baños;73 m² útiles;2 dormitorios | 2 baños | 73 m² útiles;Blest Gana, La Reina;;-33.4551647;-70.5648064;Blest Gana, La Reina, Santiago, Chile
2025-11-29 17:37:19;La Reina;casa;Casa En Venta En La Reina Alta;25690;CLF;4 dormitorios;3 baños;258 m² útiles;4 dormitorios | 3 baños | 258 m² útiles;Escultora Rebeca Matte, La Reina Alta, La Reina;;-33.4332116;-70.5293594;Escultora Rebeca Matte, La Reina, Santiago, Chile
2025-11-29 17:37:19;La Reina;casa;Casa En Condominio, 4d Y 4b , Colegio Andrée;11990;CLF;4 dormitorios;4 baños;138 m² útiles;4 dormitorios | 4 baños | 138 m² útiles;Carlos Silva Vildosola, 8400 - 8700, Carlos Ossandón, La Reina;;-33.4406902;-70.5332603;Carlos Silva Vildosola, La Reina, Santiago, Chile
2025-11-29 17:37:19;La Reina;casa;Terreno Construccion En Venta La Reina Alta;26000;CLF;4 dormitorios;2 baños;87 m² útiles;4 dormitorios | 2 baños | 87 m² útiles;Álvaro Casanova, 0, La Reina Alta, La Reina;;-33.4509256;-70.520225;Álvaro Casanova, La Reina, Santiago, Chile
2025-11-29 17:37:19;La Reina;casa;Duplex En Venta De 5 Dorm. En La Reina;17200;CLF;5 dormitorios;4 baños;243 m² útiles;5 dormitorios | 4 baños | 243 m² útiles;Plaza La Reina, La Reina Alta, La Reina;;-33.4401954;-70.5329164;Plaza La Reina, La Reina, Santiago, Chile
2025-11-29 17:37:19;La Reina;casa;Casa En Condominio, La Reina Alta;22500;CLF;5 dormitorios;4 baños;240 m² útiles;5 dormitorios | 4 baños | 240 m² útiles;Álvaro Casanova, 900 - 1200, La Reina Alta, La Reina;;-33.4509256;-70.520225;Álvaro Casanova, La Reina, Santiago, Chile
2025-11-29 17:37:19;La Reina;casa;Av. Echeñique | Ossandón | 5 Dormitorios | La Reina;14000;CLF;5 dormitorios;3 baños;186 m² útiles;5 dormitorios | 3 baños | 186 m² útiles;Juan Francisco González, La Reina, Carlos Ossandón, La Reina;;-33.4431196;-70.5456705;Juan Francisco González, La Reina, Santiago, Chile
2025-11-29 17:37:19;La Reina;casa;Exclusivo Condominio En La  Reina Alta ;21490;CLF;4 dormitorios;4 baños;320 m² útiles;4 dormitorios | 4 baños | 320 m² útiles;Alvaro Casanova 900 - 1200, La Reina, La Reina Alta, La Reina;;-33.4509256;-70.520225;Alvaro Casanova 900 - 1200, La Reina, Santiago, Chile
2025-11-29 17:37:19;La Reina;casa;Casa En Venta 6d, 6b, La Reina Alta ;20500;CLF;6 dormitorios;6 baños;260 m² útiles;6 dormitorios | 6 baños | 260 m² útiles;Julia Bernstein 275, La Reina, Región Metropolitana, Chile, La Reina Alta, La Reina;;-33.4550428;-70.5258802;Julia Bernstein 275, La Reina, Santiago, Chile
2025-11-29 17:37:19;La Reina;casa;Excelente Terreno Precioso Jardin Acogedora Segura Tranquila;16720;CLF;4 dormitorios;4 baños;149 m² útiles;4 dormitorios | 4 baños | 149 m² útiles;José Zapiola 7800 - 8100, La Reina, Carlos Ossandón, La Reina;;-33.4494456;-70.5535918;José Zapiola 7800 - 8100, La Reina, Santiago, Chile
2025-11-29 17:37:19;La Reina;casa;Casa En Venta, Amplio Terreno, La Reina;10900;CLF;3 dormitorios;2 baños;129 m² útiles;3 dormitorios | 2 baños | 129 m² útiles;Francisco De Villagra, La Reina;;-33.4598829;-70.5620834;Francisco De Villagra, La Reina, Santiago, Chile
2025-11-29 17:37:19;La Reina;casa;Sala Estar Escritorio Quincho Ss Completos Varias Terrazas ;15600;CLF;3 dormitorios;3 baños;202 m² útiles;3 dormitorios | 3 baños | 202 m² útiles;Monseñor Edwards / Príncipe De Gales, Metro Príncipe De Gales - Country Club, La Reina;;-33.4386284;-70.5612379;Monseñor Edwards / Príncipe De Gales, La Reina, Santiago, Chile
2025-11-29 17:37:19;La Reina;casa;Casa En Venta En La Reina Alta Con Piscina Y Jardín;27900;CLF;4 dormitorios;3 baños;320 m² útiles;4 dormitorios | 3 baños | 320 m² útiles;María Monvel 600 - 900, La Reina, La Reina Alta, La Reina;;-33.4382789;-70.5221669;María Monvel 600 - 900, La Reina, Santiago, Chile
2025-11-29 17:37:19;La Reina;casa;Venta Casa En Condominio 4hab 3ba La Reina;19800;CLF;4 dormitorios;3 baños;220 m² útiles;4 dormitorios | 3 baños | 220 m² útiles;Avenida Alcalde Fernando Castillo Velasco, 10400, La Reina Alta, La Reina;;-33.4518572;-70.537342;Avenida Alcalde Fernando Castillo Velasco, La Reina, Santiago, Chile
2025-11-29 17:37:19;La Reina;casa;Amplia, Jardín, Piscina, Terraza, Home Office, Sala De Estar;14000;CLF;4 dormitorios;4 baños;181 m² útiles;4 dormitorios | 4 baños | 181 m² útiles;Oscar Castro 1391, 7860184 La Reina, Región Metropolitana, Chile, Carlos Ossandón, La Reina;;-33.441582;-70.5379072;Oscar Castro 1391, La Reina, Santiago, Chile
2025-11-29 17:37:19;La Reina;casa;Casa Amplia, Iluminada Y En Condominio. 4d/3b/2e;380000000;CLP;4 dormitorios;3 baños;138 m² útiles;4 dormitorios | 3 baños | 138 m² útiles;Salvador Izquierdo 1785, La Reina, Carlos Ossandón, La Reina;;-33.4386702;-70.5559821;Salvador Izquierdo 1785, La Reina, Santiago, Chile
2025-11-29 17:37:19;La Reina;casa;Venta Espectacular Casa Chilena En Condominio La Reina Alta;22950;CLF;5 dormitorios;5 baños;367 m² útiles;5 dormitorios | 5 baños | 367 m² útiles;María Monvel 1575, La Reina, La Reina Alta, La Reina;;-33.4382789;-70.5221669;María Monvel 1575, La Reina, Santiago, Chile
2025-11-29 17:37:19;La Reina;casa;Casa En La Reina, Con Amplio Y Bello Jardín!!;14850;CLF;5 dormitorios;3 baños;192 m² útiles;5 dormitorios | 3 baños | 192 m² útiles;Valenzuela Llanos, La Reina, Carlos Ossandón, La Reina;;-33.4500941;-70.5420609;Valenzuela Llanos, La Reina, Santiago, Chile
2025-11-29 17:37:19;La Reina;casa;Casa En Condominio Cerrado, Ubicado En La Reina Alta;17300;CLF;4 dormitorios;4 baños;160 m² útiles;4 dormitorios | 4 baños | 160 m² útiles;Alvaro Casanova 1021, La Reina, La Reina Alta, La Reina;;-33.4509256;-70.520225;Alvaro Casanova 1021, La Reina, Santiago, Chile
2025-11-29 17:37:19;La Reina;casa;Dos Casas En La Reina Alta;17100;CLF;4 dormitorios;5 baños;254 m² útiles;4 dormitorios | 5 baños | 254 m² útiles;Pintor Pacheco Altamirano, La Reina, La Reina Alta, La Reina;;-33.4547388;-70.5248425;Pintor Pacheco Altamirano, La Reina, Santiago, Chile
2025-11-29 17:37:19;La Reina;casa;Sin Comisión - Casa La Reina Alta 5d 4b Quincho-piscina     ;18100;CLF;5 dormitorios;4 baños;185 m² útiles;5 dormitorios | 4 baños | 185 m² útiles;Onofre Jarpa 10629, 7860086 Santiago, La Reina, Región Metropolitana, Chile, La Reina Alta, La Reina;;-33.4381649;-70.529179;Onofre Jarpa 10629, La Reina, Santiago, Chile
2025-11-29 17:37:19;La Reina;casa;Mejor Ubicación - 235/640m2 - Como Nueva;19900;CLF;5 dormitorios;4 baños;235 m² útiles;5 dormitorios | 4 baños | 235 m² útiles;Alvaro Casanova 500, La Reina, La Reina;;-33.4484869;-70.5195343;Alvaro Casanova 500, La Reina, Santiago, Chile
2025-11-29 17:37:19;La Reina;casa;Estupenda Casa Solida 3d+2b Y Servicios En La Reina;9850;CLF;4 dormitorios;3 baños;158 m² útiles;4 dormitorios | 3 baños | 158 m² útiles;Las Crisálidas, La Reina, Troncos Viejos, La Reina;;-33.4362149;-70.5748996;Las Crisálidas, La Reina, Santiago, Chile
2025-11-29 17:37:19;La Reina;casa;Casa Familiar Con Piscina, Quincho Y Oficina Vende Su Dueño;25300;CLF;8 dormitorios;6 baños;350 m² útiles;8 dormitorios | 6 baños | 350 m² útiles;Los Laureles 6961, La Reina, Pepe Vila, La Reina;;-33.4537352;-70.5543444;Los Laureles 6961, La Reina, Santiago, Chile
2025-11-29 17:37:19;La Reina;casa;Casa En Pasaje, Cercana A Metro, Andrée Y Grange.;8200;CLF;5 dormitorios;3 baños;125 m² útiles;5 dormitorios | 3 baños | 125 m² útiles;Los Corcolenes 7286, La Reina, Pepe Vila, La Reina;;-33.4523119;-70.5523559;Los Corcolenes 7286, La Reina, Santiago, Chile
2025-11-29 17:37:19;La Reina;casa;Casa 3 Dormitorios 2 Baños, En La Reina.;75000000;CLP;3 dormitorios;2 baños;40 m² útiles;3 dormitorios | 2 baños | 40 m² útiles;Chapiquiña 135, La Reina, Villa La Reina, La Reina;;-33.453847;-70.5323624;Chapiquiña 135, La Reina, Santiago, Chile
2025-11-29 17:37:19;La Reina;casa;Casa A Pasos Del Grange Remodelada Con Piscina;15900;CLF;4 dormitorios;3 baños;177 m² útiles;4 dormitorios | 3 baños | 177 m² útiles;Schiller 2100 - 2400, La Reina, Metro Príncipe De Gales - Country Club, La Reina;;-33.4345448;-70.5597611;Schiller 2100 - 2400, La Reina, Santiago, Chile
2025-11-29 17:37:19;La Reina;casa;Ocho Casas En Condominio Nuevo 4d/4b/3e Julia Bernstein ;23990;CLF;4 dormitorios;4 baños;240 m² útiles;4 dormitorios | 4 baños | 240 m² útiles;Julia Bernstein, La Reina, La Reina Alta, La Reina;;-33.4561434;-70.5262767;Julia Bernstein, La Reina, Santiago, Chile
2025-11-29 17:37:19;La Reina;casa;Cómoda Casa En Condominio En La Reina;12375;CLF;4 dormitorios;3 baños;147 m² útiles;4 dormitorios | 3 baños | 147 m² útiles;Helsby 9474, 7860017 La Reina, Región Metropolitana, Chile, La Reina Alta, La Reina;;-33.4345647;-70.5271336;Helsby 9474, La Reina, Santiago, Chile
2025-11-29 17:37:19;La Reina;casa;En Venta Casa Familiar Con Jardín Soñado Y Piscina.la Reina ;14000;CLF;5 dormitorios;3 baños;200 m² útiles;5 dormitorios | 3 baños | 200 m² útiles;Simón González 7222, 7.8504e+06 - 7.8507e+06 La Reina, Región Metropolitana, Chile, Palmas De Mallorca, La Reina;;-33.4469182;-70.5557683;Simón González 7222, La Reina, Santiago, Chile
2025-11-29 17:37:19;La Reina;casa;Casa En Venta De 4 Dorm. En La Reina;16990;CLF;4 dormitorios;4 baños;170 m² útiles;4 dormitorios | 4 baños | 170 m² útiles;Álvaro Casanova / María Monvel, La Reina Alta, La Reina;;-33.4371958;-70.5191394;Álvaro Casanova / María Monvel, La Reina, Santiago, Chile
2025-11-29 17:37:19;La Reina;casa;Espacios Perfectos Para Familias Con Niños, Rica Piscina.;12950;CLF;5 dormitorios;3 baños;138 m² útiles;5 dormitorios | 3 baños | 138 m² útiles;Pasaje 23 De Febrero, La Reina, Carlos Ossandón, La Reina;;-33.4371386;-70.5417814;Pasaje 23 De Febrero, La Reina, Santiago, Chile
2025-11-29 17:37:19;La Reina;casa;Linda Casa En Condominio Jose Zapiola ;13800;CLF;4 dormitorios;4 baños;155 m² útiles;4 dormitorios | 4 baños | 155 m² útiles;José Zapiola 7500 - 7800, Carlos Ossandón, La Reina;;-33.4494456;-70.5535918;José Zapiola 7500 - 7800, La Reina, Santiago, Chile
2025-11-29 17:37:30;La Reina;casa;Venta Amplia Y Luminosa Casa En Príncipe De Gales La Reina;12300;CLF;3 dormitorios;3 baños;149 m² útiles;3 dormitorios | 3 baños | 149 m² útiles;Av. Príncipe De Gales 8210, La Reina, Carlos Ossandón, La Reina;;-33.4399477;-70.5466478;Av. Príncipe De Gales 8210, La Reina, Santiago, Chile
2025-11-29 17:37:30;La Reina;casa;En Condominio, Con Renovada Cocina Integrada;14000;CLF;4 dormitorios;3 baños;150 m² útiles;4 dormitorios | 3 baños | 150 m² útiles;La Reina;;-33.442282;-70.5432729;La Reina, Santiago, Chile
2025-11-29 17:37:30;La Reina;casa;Casa En El Mejor Sector De La Reina;17500;CLF;5 dormitorios;3 baños;192 m² útiles;5 dormitorios | 3 baños | 192 m² útiles;Julia Bernstein, La Reina Alta, La Reina;;-33.4561434;-70.5262767;Julia Bernstein, La Reina, Santiago, Chile
2025-11-29 17:37:30;La Reina;casa;Casa Mediterránea, Excelente Ubicación;16300;CLF;4 dormitorios;3 baños;140 m² útiles;4 dormitorios | 3 baños | 140 m² útiles;Carlos Ossandón, La Reina;;-33.4394582;-70.5423323;Carlos Ossandón, La Reina, Santiago, Chile
2025-11-29 17:37:30;La Reina;casa;Acogedora Y Cálida Casa En Condominio;12000;CLF;4 dormitorios;3 baños;139 m² útiles;4 dormitorios | 3 baños | 139 m² útiles;ALCALDE FERNANDO CASTILLO VELASCO, Carlos Ossandón, La Reina;;-33.4546049;-70.5163008;ALCALDE FERNANDO CASTILLO VELASCO, La Reina, Santiago, Chile
2025-11-29 17:37:30;La Reina;casa;Diseñada Por Fdo. Castillo Velasco;17800;CLF;3 dormitorios;4 baños;220 m² útiles;3 dormitorios | 4 baños | 220 m² útiles;María Monvel, La Reina Alta, La Reina;;-33.4382789;-70.5221669;María Monvel, La Reina, Santiago, Chile
2025-11-29 17:37:30;La Reina;casa;Casa Cercana Al Country Club, La Reina;15677;CLF;5 dormitorios;3 baños;200 m² útiles;5 dormitorios | 3 baños | 200 m² útiles;Goethe, Metro Príncipe De Gales - Country Club, La Reina;;-33.4345507;-70.5591804;Goethe, La Reina, Santiago, Chile
2025-11-29 17:37:30;La Reina;casa;Amplia Propiedad Con Lindo Quincho;18900;CLF;5 dormitorios;4 baños;233 m² útiles;5 dormitorios | 4 baños | 233 m² útiles;Julia Bernstein, La Reina Alta, La Reina;;-33.4561434;-70.5262767;Julia Bernstein, La Reina, Santiago, Chile
2025-11-29 17:37:30;La Reina;casa;Casa Con Hermoso Jardín En Condominio;16720;CLF;3 dormitorios;3 baños;149 m² útiles;3 dormitorios | 3 baños | 149 m² útiles;José Zapiola ,  La Reina, Región Metropolitana, Chile, Carlos Ossandón, La Reina;;-33.4494456;-70.5535918;José Zapiola, La Reina, Santiago, Chile
2025-11-29 17:37:30;La Reina;casa;Gran Casa En La Reina;18500;CLF;6 dormitorios;3 baños;252 m² útiles;6 dormitorios | 3 baños | 252 m² útiles;Príncipe De Gales, Carlos Ossandón, La Reina;;-33.440965;-70.540106;Príncipe De Gales, La Reina, Santiago, Chile
2025-11-29 17:37:30;La Reina;casa;Acogedora Y Amplia Casa En La Reina;24000;CLF;5 dormitorios;5 baños;334 m² útiles;5 dormitorios | 5 baños | 334 m² útiles;Monseñor Edwards, Palmas De Mallorca, La Reina;;-33.4379573;-70.5612895;Monseñor Edwards, La Reina, Santiago, Chile
2025-11-29 17:37:30;La Reina;casa;Casa Mediterranéa Con Amplios Espacios;25900;CLF;4 dormitorios;5 baños;389 m² útiles;4 dormitorios | 5 baños | 389 m² útiles;Julia Bernstein, La Reina Alta, La Reina;;-33.4561434;-70.5262767;Julia Bernstein, La Reina, Santiago, Chile
2025-11-29 17:37:30;La Reina;casa;Casa Gran Terreno En Condominio;28000;CLF;5 dormitorios;4 baños;400 m² útiles;5 dormitorios | 4 baños | 400 m² útiles;Nicanor Pl., La Reina Alta, La Reina;;-33.4364067;-70.5328746;Nicanor Pl., La Reina, Santiago, Chile
2025-11-29 17:37:30;La Reina;casa;Casa Estilo Inglés Con Encanto Y Potencial;15500;CLF;3 dormitorios;2 baños;148 m² útiles;3 dormitorios | 2 baños | 148 m² útiles;Carlos Ossandón, La Reina;;-33.4394582;-70.5423323;Carlos Ossandón, La Reina, Santiago, Chile
2025-11-29 17:37:30;La Reina;casa;Casa En Condominio En La Reina;14500;CLF;3 dormitorios;3 baños;185 m² útiles;3 dormitorios | 3 baños | 185 m² útiles;José Zapiola, Carlos Ossandón, La Reina;;-33.4494456;-70.5535918;José Zapiola, La Reina, Santiago, Chile
2025-11-29 17:37:30;La Reina;casa;Amplia Casa En Condominio Seguro;17300;CLF;6 dormitorios;4 baños;250 m² útiles;6 dormitorios | 4 baños | 250 m² útiles;Vicente Pérez Rosales, Carlos Ossandón, La Reina;;-33.4409003;-70.5527101;Vicente Pérez Rosales, La Reina, Santiago, Chile
2025-11-29 17:37:30;La Reina;casa;Casa En La Reina Una Oportunidad Única;21900;CLF;5 dormitorios;4 baños;250 m² útiles;5 dormitorios | 4 baños | 250 m² útiles;Carlos Ossandón, La Reina;;-33.4394582;-70.5423323;Carlos Ossandón, La Reina, Santiago, Chile
2025-11-29 17:37:30;La Reina;casa;Amplia Casa En Excelente Terreno, La Reina;24500;CLF;4 dormitorios;3 baños;250 m² útiles;4 dormitorios | 3 baños | 250 m² útiles;Valenzuela Puelma, La Reina;;-33.4334446;-70.5379974;Valenzuela Puelma, La Reina, Santiago, Chile
2025-11-29 17:37:30;La Reina;casa;Remodelada Casa En La Reina;10900;CLF;3 dormitorios;2 baños;130 m² útiles;3 dormitorios | 2 baños | 130 m² útiles;La Reina;;-33.442282;-70.5432729;La Reina, Santiago, Chile
2025-11-29 17:37:30;La Reina;casa;Casa En Venta De 5 Dorm. En La Reina;17500;CLF;5 dormitorios;3 baños;277 m² útiles;5 dormitorios | 3 baños | 277 m² útiles;Echeñique, Palmas De Mallorca, La Reina;;-33.4456626;-70.5693118;Echeñique, La Reina, Santiago, Chile
2025-11-29 17:37:30;La Reina;casa;Casa Con Amplios Espacios Y Jardín Consolidado;22500;CLF;4 dormitorios;3 baños;294 m² útiles;4 dormitorios | 3 baños | 294 m² útiles;Carlos Ossandón, La Reina;;-33.4394582;-70.5423323;Carlos Ossandón, La Reina, Santiago, Chile
2025-11-29 17:37:30;La Reina;casa;Casa En Venta De 5 Dorm. En La Reina;13000;CLF;5 dormitorios;3 baños;182 m² útiles;5 dormitorios | 3 baños | 182 m² útiles;Blest Gana, Blest Gana, La Reina;;-33.4551647;-70.5648064;Blest Gana, La Reina, Santiago, Chile
2025-11-29 17:37:30;La Reina;casa;Casa En Venta En La Reina;7600;CLF;3 dormitorios;2 baños;90 m² útiles;3 dormitorios | 2 baños | 90 m² útiles;La Reina, Carlos Ossandón;;-33.4430242;-70.5337236;La Reina, La Reina, Santiago, Chile
2025-11-29 17:37:30;La Reina;casa;A Pasos Del Metro En Barrio Residencial;17000;CLF;3 dormitorios;4 baños;223 m² útiles;3 dormitorios | 4 baños | 223 m² útiles;Alcalá De Henares, Palmas De Mallorca, La Reina;;-33.4484097;-70.5583464;Alcalá De Henares, La Reina, Santiago, Chile
2025-11-29 17:37:30;La Reina;casa;Linda Y Acogedora Casa En Condominio;12900;CLF;4 dormitorios;3 baños;140 m² útiles;4 dormitorios | 3 baños | 140 m² útiles;Carlos Ossandón, La Reina;;-33.4394582;-70.5423323;Carlos Ossandón, La Reina, Santiago, Chile
2025-11-29 17:37:30;La Reina;casa;Casa Amplia Y Solida En Francisco Villagra, La Reina;8900;CLF;3 dormitorios;2 baños;130 m² útiles;3 dormitorios | 2 baños | 130 m² útiles;Francisco De Villagra 6449, 7870437 La Reina, Región Metropolitana, Chile, Francisco De Villagra, La Reina;;-33.4598829;-70.5620834;Francisco De Villagra 6449, La Reina, Santiago, Chile
2025-11-29 17:37:30;La Reina;casa;Impecable Propiedad En La Reina;19800;CLF;5 dormitorios;5 baños;317 m² útiles;5 dormitorios | 5 baños | 317 m² útiles;Carlos Ossandón, La Reina;;-33.4394582;-70.5423323;Carlos Ossandón, La Reina, Santiago, Chile
2025-11-29 17:37:30;La Reina;casa;Cómoda Y Amplia Casa En Excelente Sector;13900;CLF;4 dormitorios;4 baños;228 m² útiles;4 dormitorios | 4 baños | 228 m² útiles;Av. Simón Bolívar, Carlos Ossandón, La Reina;;-33.4454396;-70.5565816;Av. Simón Bolívar, La Reina, Santiago, Chile
2025-11-29 17:37:30;La Reina;casa;Cómoda Casa En Condominio;13500;CLF;4 dormitorios;4 baños;157 m² útiles;4 dormitorios | 4 baños | 157 m² útiles;Carlos Ossandón, La Reina;;-33.4394582;-70.5423323;Carlos Ossandón, La Reina, Santiago, Chile
2025-11-29 17:37:30;La Reina;casa;Casa En Venta De 4 Dorm. En La Reina;12900;CLF;4 dormitorios;3 baños;140 m² útiles;4 dormitorios | 3 baños | 140 m² útiles;OSSANDON, Carlos Ossandón, La Reina;;-33.4423562;-70.5433062;OSSANDON, La Reina, Santiago, Chile
2025-11-29 17:38:28;La Reina;casa;Casa Con Bello Jardín;14990;CLF;3 dormitorios;4 baños;160 m² útiles;3 dormitorios | 4 baños | 160 m² útiles;Carlos Ossandón, La Reina;;-33.4394582;-70.5423323;Carlos Ossandón, La Reina, Santiago, Chile
2025-11-29 17:38:28;La Reina;casa;Luminosa Y Moderna Casa En Condominio;15900;CLF;5 dormitorios;5 baños;180 m² útiles;5 dormitorios | 5 baños | 180 m² útiles;Carlos Ossandón, La Reina;;-33.4394582;-70.5423323;Carlos Ossandón, La Reina, Santiago, Chile
2025-11-29 17:38:28;La Reina;casa;Acogedora Casa En La Reina;12540;CLF;3 dormitorios;2 baños;145 m² útiles;3 dormitorios | 2 baños | 145 m² útiles;María Monvel, La Reina Alta, La Reina;;-33.4382789;-70.5221669;María Monvel, La Reina, Santiago, Chile
2025-11-29 17:38:28;La Reina;casa;Casa En Pasaje Cerrado Para Remodelar;10295;CLF;3 dormitorios;3 baños;114 m² útiles;3 dormitorios | 3 baños | 114 m² útiles;Simón González, Carlos Ossandón, La Reina;;-33.4475973;-70.5589138;Simón González, La Reina, Santiago, Chile
2025-11-29 17:38:28;La Reina;casa;Exclusiva Casa Con Gran Jardin En La Reina;19800;CLF;4 dormitorios;4 baños;293 m² útiles;4 dormitorios | 4 baños | 293 m² útiles;Carlos Ossandón, La Reina;;-33.4394582;-70.5423323;Carlos Ossandón, La Reina, Santiago, Chile
2025-11-29 17:38:28;La Reina;casa;Propiedad Familiar En Oferta;6900;CLF;4 dormitorios;3 baños;90 m² útiles;4 dormitorios | 3 baños | 90 m² útiles;Detective Heriberto Ortiz, Pepe Vila, La Reina;;-33.454675;-70.551457;Detective Heriberto Ortiz, La Reina, Santiago, Chile
2025-11-29 17:38:28;La Reina;casa;Casa Mediterránea En Condominio;13700;CLF;4 dormitorios;3 baños;139 m² útiles;4 dormitorios | 3 baños | 139 m² útiles;Julia Bernstein, La Reina Alta, La Reina;;-33.4561434;-70.5262767;Julia Bernstein, La Reina, Santiago, Chile
2025-11-29 17:38:28;La Reina;casa;Casa En Condominio Cercana A Colegios;13500;CLF;4 dormitorios;3 baños;151 m² útiles;4 dormitorios | 3 baños | 151 m² útiles;Carlos Ossandón, La Reina;;-33.4394582;-70.5423323;Carlos Ossandón, La Reina, Santiago, Chile
2025-11-29 17:38:28;La Reina;casa;Acogedora Casa En Un Piso;9200;CLF;3 dormitorios;1 baño;113 m² útiles;3 dormitorios | 1 baño | 113 m² útiles;Central, Carlos Ossandón, La Reina;;-33.4371398;-70.5707127;Central, La Reina, Santiago, Chile
2025-11-29 17:38:28;La Reina;casa;Venta De Casa Con Gran Terreno;17900;CLF;5 dormitorios;5 baños;277 m² útiles;5 dormitorios | 5 baños | 277 m² útiles;Palmas De Mallorca, La Reina;;-33.4493935;-70.5558827;Palmas De Mallorca, La Reina, Santiago, Chile
2025-11-29 17:38:28;La Reina;casa;Venta De Hermosa Y Acogedora  Casa En La Reina;8500;CLF;4 dormitorios;3 baños;124 m² útiles;4 dormitorios | 3 baños | 124 m² útiles;Av. Simón Bolívar 7436, La Reina, Palmas De Mallorca, La Reina;;-33.4454396;-70.5565816;Av. Simón Bolívar 7436, La Reina, Santiago, Chile
2025-11-29 17:38:28;La Reina;casa;Linda Casa Mediterránea En Excelente Ubicación;15800;CLF;4 dormitorios;3 baños;270 m² útiles;4 dormitorios | 3 baños | 270 m² útiles;Palmas De Mallorca, La Reina;;-33.4493935;-70.5558827;Palmas De Mallorca, La Reina, Santiago, Chile
2025-11-29 17:38:28;La Reina;casa;Casa Familiar Con Terraza Y Quincho En La Reina;12580;CLF;4 dormitorios;4 baños;133 m² útiles;4 dormitorios | 4 baños | 133 m² útiles;Carlos Ossandón, La Reina;;-33.4394582;-70.5423323;Carlos Ossandón, La Reina, Santiago, Chile
2025-11-29 17:38:28;La Reina;casa;Casa 5 Dormitorios 3 Baños A Pasos Metro Principe De Gales;10500;CLF;5 dormitorios;3 baños;154 m² útiles;5 dormitorios | 3 baños | 154 m² útiles;Mariano Sánchez Fontecilla 5400 - 5700, La Reina, Troncos Viejos, La Reina;;-33.4585778;-70.5538135;Mariano Sánchez Fontecilla 5400 - 5700, La Reina, Santiago, Chile
2025-11-29 17:38:28;La Reina;casa;Maravillosa Casa Exclusivo Sector De La Reina 5d-4b-piscina;22850;CLF;5 dormitorios;4 baños;254 m² útiles;5 dormitorios | 4 baños | 254 m² útiles;Julia Bernstein, La Reina, La Reina Alta, La Reina;;-33.4561434;-70.5262767;Julia Bernstein, La Reina, Santiago, Chile
2025-11-29 17:38:28;La Reina;casa;Oportunidad! Gran Casa En La Reina 6d-4b-2e,bodega Y Piscina;14200;CLF;6 dormitorios;4 baños;250 m² útiles;6 dormitorios | 4 baños | 250 m² útiles;Av. Las Perdices, La Reina, Villa La Reina, La Reina;;-33.4412029;-70.5340663;Av. Las Perdices, La Reina, Santiago, Chile
2025-11-29 17:38:28;La Reina;casa;Hermosa Y Amplia Casa En Venta De 4 Dorm. En La Reina;16400;CLF;4 dormitorios;4 baños;220 m² útiles;4 dormitorios | 4 baños | 220 m² útiles;Maria Monvel,& Carlos Silva Vildosola, La Reina Alta, La Reina;;-33.4382789;-70.5221669;Maria Monvel, La Reina, Santiago, Chile
2025-11-29 17:38:28;La Reina;casa;Estupenda Casa En La Reina Alta En Condomio, Seguridad 24/7;12800;CLF;5 dormitorios;3 baños;140 m² útiles;5 dormitorios | 3 baños | 140 m² útiles;Valenzuela Puelma, La Reina, La Reina Alta, La Reina;;-33.4334446;-70.5379974;Valenzuela Puelma, La Reina, Santiago, Chile
2025-11-29 17:38:28;La Reina;casa;¡¡ Oportunidad Única !!,..hermosa Casa Esquina En La Reina, ;6550;CLF;3 dormitorios;3 baños;108 m² útiles;3 dormitorios | 3 baños | 108 m² útiles;Tobalaba, Jacinto Chacón, Francisco De Villagra, La Reina;;-33.4492079;-70.5615753;Tobalaba, La Reina, Santiago, Chile
2025-11-29 17:38:28;La Reina;casa;Excepcional Propiedad Remodelada Con Descuento En Comisión!;20000;CLF;5 dormitorios;4 baños;294 m² útiles;5 dormitorios | 4 baños | 294 m² útiles;Güemes 205, La Reina, Metro Simón Bolivar, La Reina;;-33.4515644;-70.5682967;Güemes 205, La Reina, Santiago, Chile
2025-11-29 17:38:28;La Reina;casa;Casa Remodelada Con Piscina, Descuento En Comision!;10200;CLF;5 dormitorios;3 baños;120 m² útiles;5 dormitorios | 3 baños | 120 m² útiles;Los Maitenes 700, La Reina, Chile, Pepe Vila, La Reina;;-33.4572853;-70.554097;Los Maitenes 700, La Reina, Santiago, Chile
2025-11-29 17:38:28;La Reina;casa;Casa Con Gran Terreno A Minutos De Metro Fernando Velasco;11300;CLF;3 dormitorios;1 baño;194 m² útiles;3 dormitorios | 1 baño | 194 m² útiles;Martín Rivas 6660, La Reina, Chile, Blest Gana, La Reina;;-33.4552116;-70.5593165;Martín Rivas 6660, La Reina, Santiago, Chile
2025-11-29 17:38:28;La Reina;casa;Casa En Pasaje Cerrado, Descuento En Comision!;8490;CLF;4 dormitorios;2 baños;150 m² útiles;4 dormitorios | 2 baños | 150 m² útiles;Los Corcolenes 7178, 7880041 La Reina, Región Metropolitana, Chile, Pepe Vila, La Reina;;-33.4524889;-70.5535451;Los Corcolenes 7178, La Reina, Santiago, Chile
2025-11-29 17:38:28;La Reina;casa;Casa Con Acceso A Pequeño Parque Cerrado Solo Para 4 Casas;8290;CLF;5 dormitorios;3 baños;120 m² útiles;5 dormitorios | 3 baños | 120 m² útiles;Av. Tobalaba 6000 - 6300, La Reina, Región Metropolitana, Chile, Metro Príncipe De Gales - Country Club, La Reina;;-33.44283;-70.5690564;Av. Tobalaba 6000 - 6300, La Reina, Santiago, Chile
2025-11-29 17:38:28;La Reina;casa;Moderna Casa 8d6b Año 2010 Hermoso Jardín, Quincho Y Piscina;25640;CLF;8 dormitorios;6 baños;375 m² útiles;8 dormitorios | 6 baños | 375 m² útiles;Valenzuela Puelma 9775, Las Condes, La Reina, La Reina Alta, La Reina;;-33.4319652;-70.5252664;Valenzuela Puelma 9775, La Reina, Santiago, Chile
2025-11-29 17:38:28;La Reina;casa;Casa De Época En Gran Terreno 700m La Reina Carlos Ossandon;14800;CLF;5 dormitorios;3 baños;140 m² útiles;5 dormitorios | 3 baños | 140 m² útiles;Carlos Ossandón 235, La Reina, Carlos Ossandón, La Reina;;-33.4484354;-70.5436683;Carlos Ossandón 235, La Reina, Santiago, Chile
2025-11-29 17:38:28;La Reina;casa;Casa Renovada 4d 3b +serv 1350m2 De Terreno - Ziw Property;23980;CLF;4 dormitorios;3 baños;240 m² útiles;4 dormitorios | 3 baños | 240 m² útiles;Carlos Silva Vildósola 10014, 7860080 La Reina, Región Metropolitana, Chile, La Reina Alta, La Reina;;-33.4424984;-70.525595;Carlos Silva Vildósola 10014, La Reina, Santiago, Chile
2025-11-29 17:38:28;La Reina;casa;Se Aceptan Ofertas Serias;23100;CLF;5 dormitorios;4 baños;226 m² útiles;5 dormitorios | 4 baños | 226 m² útiles;Alvaro Casanova 0580, 7.8801e+06 - 7.8804e+06 La Reina, Región Metropolitana, Chile, La Reina Alta, La Reina;;-33.4482751;-70.519587;Alvaro Casanova 0580, La Reina, Santiago, Chile
2025-11-29 17:38:28;La Reina;casa;Una Casa Que Te Encantará :);23100;CLF;5 dormitorios;4 baños;226 m² útiles;5 dormitorios | 4 baños | 226 m² útiles;Alvaro Casanova 0580, 7.8801e+06 - 7.8804e+06 La Reina, Región Metropolitana, Chile, La Reina Alta, La Reina;;-33.4482751;-70.519587;Alvaro Casanova 0580, La Reina, Santiago, Chile
2025-11-29 17:38:28;La Reina;casa;Casa Para Remodelar En La Codiciada Comuna De La Reina;7800;CLF;4 dormitorios;3 baños;119 m² útiles;4 dormitorios | 3 baños | 119 m² útiles;Av. Echeñique, La Reina, Palmas De Mallorca, La Reina;;-33.4456626;-70.5693118;Av. Echeñique, La Reina, Santiago, Chile
2025-11-29 17:38:28;La Reina;casa;Novación 2.2%, Amplio Terreno, Colegio André;17900;CLF;4 dormitorios;4 baños;300 m² útiles;4 dormitorios | 4 baños | 300 m² útiles;Av. Echeñique 7200 - 7500, La Reina, Región Metropolitana, Chile, Palmas De Mallorca, La Reina;;-33.4456626;-70.5693118;Av. Echeñique 7200 - 7500, La Reina, Santiago, Chile
2025-11-29 17:38:28;La Reina;casa;Casa En Venta 3d 2b Ideal Para Remodelar Increible Ubicacion;10500;CLF;3 dormitorios;2 baños;108 m² útiles;3 dormitorios | 2 baños | 108 m² útiles;LORELEY / PRINCIPE DE GALES, Metro Príncipe De Gales - Country Club, La Reina;;-33.4379572;-70.5710417;LORELEY / PRINCIPE DE GALES, La Reina, Santiago, Chile
2025-11-29 17:38:28;La Reina;casa;Casa Para Llegar E Instalarse Full Moderna;12980;CLF;5 dormitorios;3 baños;209 m² útiles;5 dormitorios | 3 baños | 209 m² útiles;Piedra Feliz, 1 - 300, Carlos Ossandón, La Reina;;-33.446276;-70.5386622;Piedra Feliz, La Reina, Santiago, Chile
2025-11-29 17:38:28;La Reina;casa;Casa En La Reina/ Las Perdices (condominio);14990;CLF;3 dormitorios;3 baños;180 m² útiles;3 dormitorios | 3 baños | 180 m² útiles;La Reina, La Reina Alta;;-33.4430242;-70.5337236;La Reina, La Reina, Santiago, Chile
2025-11-29 17:38:28;La Reina;casa;Casa  En Condominio La Reina/ Valenzuela Puelma;12800;CLF;5 dormitorios;4 baños;140 m² útiles;5 dormitorios | 4 baños | 140 m² útiles;La Reina, La Reina Alta;;-33.4430242;-70.5337236;La Reina, La Reina, Santiago, Chile
2025-11-29 17:38:28;La Reina;casa;Casa En La Reina/ Mateo De Toro Y Zambrano;10500;CLF;6 dormitorios;3 baños;145 m² útiles;6 dormitorios | 3 baños | 145 m² útiles;La Reina, Metro Príncipe De Gales - Country Club;;-33.4430242;-70.5337236;La Reina, La Reina, Santiago, Chile
2025-11-29 17:39:17;La Reina;casa;Casa La Reina  Nicanor Plaza;14900;CLF;4 dormitorios;3 baños;157 m² útiles;4 dormitorios | 3 baños | 157 m² útiles;La Reina, La Reina Alta;;-33.4430242;-70.5337236;La Reina, La Reina, Santiago, Chile
2025-11-29 17:39:17;La Reina;casa;Casa En La Reina / Carlos Silva  Condominio;14900;CLF;4 dormitorios;4 baños;162 m² útiles;4 dormitorios | 4 baños | 162 m² útiles;La Reina, Carlos Ossandón;;-33.4430242;-70.5337236;La Reina, La Reina, Santiago, Chile
2025-11-29 17:39:17;La Reina;casa;Casa En La Reina / San Vicente De Paul Condominio;13850;CLF;4 dormitorios;2 baños;139 m² útiles;4 dormitorios | 2 baños | 139 m² útiles;La Reina, Metro Simón Bolivar;;-33.4430242;-70.5337236;La Reina, La Reina, Santiago, Chile
2025-11-29 17:39:17;La Reina;casa;Casa En La Reina Condominio/ Principe De Gales;15500;CLF;4 dormitorios;3 baños;168 m² útiles;4 dormitorios | 3 baños | 168 m² útiles;La Reina, Carlos Ossandón;;-33.4430242;-70.5337236;La Reina, La Reina, Santiago, Chile
2025-11-29 17:39:17;La Reina;casa;Casa 5d/4b Patio, Piscina, Quincho;17950;CLF;5 dormitorios;4 baños;281 m² útiles;5 dormitorios | 4 baños | 281 m² útiles;Carlos Silva Vildósola, 1 - 300, Carlos Ossandón, La Reina;;-33.4406902;-70.5332603;Carlos Silva Vildósola, La Reina, Santiago, Chile
2025-11-29 17:39:17;La Reina;casa;Casa En La Reina/ Helsby Condominio;15990;CLF;4 dormitorios;4 baños;140 m² útiles;4 dormitorios | 4 baños | 140 m² útiles;La Reina, La Reina Alta;;-33.4430242;-70.5337236;La Reina, La Reina, Santiago, Chile
2025-11-29 17:39:17;La Reina;casa;Oportunidad, En Pasaje Cerrado, Comercial O Residencial;9890;CLF;5 dormitorios;4 baños;150 m² útiles;5 dormitorios | 4 baños | 150 m² útiles;Av. Príncipe De Gales 6958, 7850316 La Reina, Región Metropolitana, Chile, Metro Príncipe De Gales - Country Club, La Reina;;-33.4385129;-70.5599863;Av. Príncipe De Gales 6958, La Reina, Santiago, Chile
2025-11-29 17:39:17;La Reina;casa;Casa En La Reina / Álvaro Casa Nova En Condominio;23500;CLF;4 dormitorios;5 baños;220 m² útiles;4 dormitorios | 5 baños | 220 m² útiles;La Reina, La Reina Alta;;-33.4430242;-70.5337236;La Reina, La Reina, Santiago, Chile
2025-11-29 17:39:17;La Reina;casa;Casa En La Reina / Av. Príncipe De Gales En Condominio;18200;CLF;3 dormitorios;3 baños;140 m² útiles;3 dormitorios | 3 baños | 140 m² útiles;La Reina, Carlos Ossandón;;-33.4430242;-70.5337236;La Reina, La Reina, Santiago, Chile
2025-11-29 17:39:17;La Reina;casa;Casa En La Reina/ La Reina Alta Condominio;18100;CLF;5 dormitorios;4 baños;185 m² útiles;5 dormitorios | 4 baños | 185 m² útiles;La Reina, La Reina Alta;;-33.4430242;-70.5337236;La Reina, La Reina, Santiago, Chile
2025-11-29 17:39:17;La Reina;casa;Casa En Venta La Reina, Impecable, Seguridad, Condominio ;25690;CLF;5 dormitorios;4 baños;258 m² útiles;5 dormitorios | 4 baños | 258 m² útiles;Valenzuela Puelma / Padre Hurtado, La Reina Alta, La Reina;;-33.4338805;-70.5375909;Valenzuela Puelma / Padre Hurtado, La Reina, Santiago, Chile
2025-11-29 17:39:17;La Reina;casa;Casa En La Reina / Pintor Camilo Mori;20600;CLF;7 dormitorios;3 baños;380 m² útiles;7 dormitorios | 3 baños | 380 m² útiles;La Reina, La Reina Alta;;-33.4430242;-70.5337236;La Reina, La Reina, Santiago, Chile
2025-11-29 17:39:17;La Reina;casa;Casa  En La Reina/ Rutilio Rivas ;10100;CLF;3 dormitorios;2 baños;140 m² útiles;3 dormitorios | 2 baños | 140 m² útiles;La Reina, Carlos Ossandón;;-33.4430242;-70.5337236;La Reina, La Reina, Santiago, Chile
2025-11-29 17:39:17;La Reina;casa;Casa En Seguro Y Familiar Condomino;7990;CLF;4 dormitorios;3 baños;99 m² útiles;4 dormitorios | 3 baños | 99 m² útiles;Aguas Claras, 1 - 300, La Reina;;-33.4393191;-70.5564417;Aguas Claras, La Reina, Santiago, Chile
2025-11-29 17:39:17;La Reina;casa;Casa En La Reina Condominio  / Maria Monvel;13990;CLF;4 dormitorios;4 baños;160 m² útiles;4 dormitorios | 4 baños | 160 m² útiles;La Reina, La Reina Alta;;-33.4430242;-70.5337236;La Reina, La Reina, Santiago, Chile
2025-11-29 17:39:17;La Reina;casa;Preciosa Casa Moderna | Diseño Único | Gran Jardín;31500;CLF;4 dormitorios;4 baños;321 m² útiles;4 dormitorios | 4 baños | 321 m² útiles;Nicanor Pl. 2031, 7860494 La Reina, Región Metropolitana, Chile, La Reina Alta, La Reina;;-33.4363648;-70.5327521;Nicanor Pl. 2031, La Reina, Santiago, Chile
2025-11-29 17:39:17;La Reina;casa;Preciosa Casa En Pasaje Cerrado En Principe De Gales;14980;CLF;5 dormitorios;4 baños;206 m² útiles;5 dormitorios | 4 baños | 206 m² útiles;Av. Príncipe De Gales 8100 - 8400, La Reina, Carlos Ossandón, La Reina;;-33.4385234;-70.5638002;Av. Príncipe De Gales 8100 - 8400, La Reina, Santiago, Chile
2025-11-29 17:39:17;La Reina;casa;Estupenda Casa En La Reina 900 Mts Terreno, 257 Construidos;21600;CLF;5 dormitorios;5 baños;257 m² útiles;5 dormitorios | 5 baños | 257 m² útiles;María Monvel, La Reina, La Reina Alta, La Reina;;-33.4382789;-70.5221669;María Monvel, La Reina, Santiago, Chile
2025-11-29 17:39:17;La Reina;casa;Casa 2 Pisos En Condominio. A Pasos De Jumbo Bilbao.;345000000;CLP;4 dormitorios;3 baños;113 m² útiles;4 dormitorios | 3 baños | 113 m² útiles;Las Luciérnagas, La Reina, Troncos Viejos, La Reina;;-33.4330412;-70.5813074;Las Luciérnagas, La Reina, Santiago, Chile
2025-11-29 17:39:17;La Reina;casa;Casa En Venta En Las Condes, 4 Dormitorios, Sala De Estar;32000;CLF;5 dormitorios;5 baños;433 m² útiles;5 dormitorios | 5 baños | 433 m² útiles;Avda. Quinchamalí / Las Condes, Villa La Reina, La Reina;;-33.3730228;-70.4953852;Avda. Quinchamalí / Las Condes, La Reina, Santiago, Chile
2025-11-29 17:39:17;La Reina;casa;Casa 7 Dormitorios 4 Baños 3 Estacionamientos;11800;CLF;7 dormitorios;4 baños;162 m² útiles;7 dormitorios | 4 baños | 162 m² útiles;Mancera 2541, 7850010 La Reina, Región Metropolitana, Chile, Carlos Ossandón, La Reina;;-33.4312616;-70.552479;Mancera 2541, La Reina, Santiago, Chile
2025-11-29 17:39:17;La Reina;casa;Casa En Venta Las Luciérnagas La Reina.;7700;CLF;2 dormitorios;1 baño;65 m² útiles;2 dormitorios | 1 baño | 65 m² útiles;Las Luciérnagas, La Reina, Troncos Viejos, La Reina;;-33.4330412;-70.5813074;Las Luciérnagas, La Reina, Santiago, Chile
2025-11-29 17:39:17;La Reina;casa;Casa En Venta De 5 Dorm. En La Reina;22100;CLF;5 dormitorios;5 baños;240 m² útiles;5 dormitorios | 5 baños | 240 m² útiles;Carlos Silva Vildósola 10000-10500, La Reina Alta, La Reina;;-33.4406902;-70.5332603;Carlos Silva Vildósola 10000-10500, La Reina, Santiago, Chile
2025-11-29 17:39:17;La Reina;casa;2 Casas 2 D 1 B La Reina Hospital Militar Oriente;150000000;CLP;4 dormitorios;2 baños;105 m² útiles;4 dormitorios | 2 baños | 105 m² útiles;Fernando Castillo Velasco Laura Rodriguez Riccomini, La Reina;;-33.4518427;-70.5399086;Fernando Castillo Velasco Laura Rodriguez Riccomini, La Reina, Santiago, Chile
2025-11-29 17:39:17;La Reina;casa;Tu Nuevo Comienzo En La Reina;13990;CLF;6 dormitorios;4 baños;189 m² útiles;6 dormitorios | 4 baños | 189 m² útiles;Carlos Dickens, 1 - 300, Metro Príncipe De Gales - Country Club, La Reina;;-33.4347771;-70.5568105;Carlos Dickens, La Reina, Santiago, Chile
2025-11-29 17:39:17;La Reina;casa;Casa En Venta En La Reina Con Jardín;19990;CLF;5 dormitorios;4 baños;167 m² útiles;5 dormitorios | 4 baños | 167 m² útiles;Nueva Príncipe De Gales 730, La Reina, La Reina Alta, La Reina;;-33.4426852;-70.5622141;Nueva Príncipe De Gales 730, La Reina, Santiago, Chile
2025-11-29 17:39:17;La Reina;casa;Gran Casa En Condominio Calle Julia Bernstein, La Reina Alta;23420;CLF;6 dormitorios;4 baños;294 m² útiles;6 dormitorios | 4 baños | 294 m² útiles;Julia Bernstein 720, La Reina, Región Metropolitana, Chile, La Reina Alta, La Reina;;-33.4475698;-70.5232589;Julia Bernstein 720, La Reina, Santiago, Chile
2025-11-29 17:39:17;La Reina;casa;Linda Casa En Condominio, Colegio Andrée School;18200;CLF;3 dormitorios;3 baños;140 m² útiles;3 dormitorios | 3 baños | 140 m² útiles;Av. Príncipe De Gales 8140, La Reina, Carlos Ossandón, La Reina;;-33.4398735;-70.5472769;Av. Príncipe De Gales 8140, La Reina, Santiago, Chile
2025-11-29 17:39:17;La Reina;casa;Casa En Condominio Con Gran Patio;14850;CLF;4 dormitorios;4 baños;200 m² útiles;4 dormitorios | 4 baños | 200 m² útiles;Julia Bernstein 600 - 900, La Reina, La Reina Alta, La Reina;;-33.4561434;-70.5262767;Julia Bernstein 600 - 900, La Reina, Santiago, Chile
2025-11-29 17:39:17;La Reina;casa;Casa Condominio, No Perimetral, Colegio Andrée School;17500;CLF;3 dormitorios;3 baños;140 m² útiles;3 dormitorios | 3 baños | 140 m² útiles;Av. Príncipe De Gales 8100 - 8400, La Reina, Carlos Ossandón, La Reina;;-33.4385234;-70.5638002;Av. Príncipe De Gales 8100 - 8400, La Reina, Santiago, Chile
2025-11-29 17:39:17;La Reina;casa;Casa En Venta De 5 Dorm. En La Reina;14500;CLF;5 dormitorios;4 baños;225 m² útiles;5 dormitorios | 4 baños | 225 m² útiles;Av. Ossa, Echeñique, Metro Simón Bolivar, La Reina;;-33.4408528;-70.5727709;Av. Ossa, La Reina, Santiago, Chile
2025-11-29 17:39:17;La Reina;casa;Casa En Venta De 3 Dorm. En La Reina;298000000;CLP;3 dormitorios;2 baños;83 m² útiles;3 dormitorios | 2 baños | 83 m² útiles;Tobalaba, Simón Bolivar, Metro Simón Bolivar, La Reina;;-33.4492079;-70.5615753;Tobalaba, La Reina, Santiago, Chile
2025-11-29 17:39:17;La Reina;casa;Casa En Venta De 4 Dorm. En La Reina;430000000;CLP;4 dormitorios;2 baños;140 m² útiles;4 dormitorios | 2 baños | 140 m² útiles;Larraín, Vespucio, Blest Gana, La Reina;;-33.4313451;-70.5703186;Larraín, La Reina, Santiago, Chile
2025-11-29 17:39:32;La Reina;casa;Oportunidad!! Casa  Mediteránea Remodelada, Cercana A Bilbao;18400;CLF;6 dormitorios;4 baños;250 m² útiles;6 dormitorios | 4 baños | 250 m² útiles;Alcalde Alejandro Chadwick 2400 - 2700, La Reina, Región Metropolitana, Chile, Metro Príncipe De Gales - Country Club, La Reina;;-33.4306102;-70.5573475;Alcalde Alejandro Chadwick 2400 - 2700, La Reina, Santiago, Chile
2025-11-29 17:39:32;La Reina;casa;Preciosa, En Condominio! 3d+3b+estar+serv - Onofre Jarpa;15490;CLF;3 dormitorios;3 baños;140 m² útiles;3 dormitorios | 3 baños | 140 m² útiles;Onofre Jarpa 10500 - 10800, La Reina, Región Metropolitana, Chile, La Reina Alta, La Reina;;-33.4381649;-70.529179;Onofre Jarpa 10500 - 10800, La Reina, Santiago, Chile
2025-11-29 17:39:32;La Reina;casa;Espectacular 4d+5b+estar+escritorio+quincho- Alvaro Casanova;19400;CLF;4 dormitorios;5 baños;179 m² útiles;4 dormitorios | 5 baños | 179 m² útiles;Alvaro Casanova 0698, La Reina, La Reina Alta, La Reina;;-33.4479625;-70.5196648;Alvaro Casanova 0698, La Reina, Santiago, Chile
2025-11-29 17:39:32;La Reina;casa;Espectacular! En Condominio 6d+5b+estar + Serv - Arboretum;24500;CLF;6 dormitorios;5 baños;335 m² útiles;6 dormitorios | 5 baños | 335 m² útiles;Alvaro Casanova 0440, 7.8801e+06 - 7.8804e+06 La Reina, Región Metropolitana, Chile, La Reina Alta, La Reina;;-33.4486501;-70.5195262;Alvaro Casanova 0440, La Reina, Santiago, Chile
2025-11-29 17:39:32;La Reina;casa;Esplendida Casa La Reina Alta Uf 21600;21600;CLF;5 dormitorios;5 baños;257 m² útiles;5 dormitorios | 5 baños | 257 m² útiles;María Monvel, La Reina, La Reina Alta, La Reina;;-33.4382789;-70.5221669;María Monvel, La Reina, Santiago, Chile
2025-11-29 17:39:32;La Reina;casa;Casa En Venta En La Reina Alta;19400;CLF;4 dormitorios;5 baños;179 m² útiles;4 dormitorios | 5 baños | 179 m² útiles;Alvaro Casanova 0360, Peñalolén, Región Metropolitana, Chile, La Reina Alta, La Reina;;-33.4488632;-70.5195601;Alvaro Casanova 0360, La Reina, Santiago, Chile
2025-11-29 17:39:32;La Reina;casa;Acogedora Casa En Condominio - V. Puelma / Padre Hurtado;14500;CLF;4 dormitorios;2 baños;180 m² útiles;4 dormitorios | 2 baños | 180 m² útiles;Valenzuela Puelma 8551, 7860026 La Reina, Región Metropolitana, Chile, Carlos Ossandón, La Reina;;-33.4346178;-70.5412217;Valenzuela Puelma 8551, La Reina, Santiago, Chile
2025-11-29 17:39:32;La Reina;casa;Casa En Venta En Portal La Reina;14500;CLF;4 dormitorios;2 baños;180 m² útiles;4 dormitorios | 2 baños | 180 m² útiles;Álvarez Sotomayor 2159, 7860045 La Reina, Región Metropolitana, Chile, Carlos Ossandón, La Reina;;-33.4353053;-70.5442489;Álvarez Sotomayor 2159, La Reina, Santiago, Chile
2025-11-29 17:39:32;La Reina;casa;En Condominio, Muy Linda! 3d+3b+estar+serv - Onofre Jarpa;15490;CLF;3 dormitorios;3 baños;140 m² útiles;3 dormitorios | 3 baños | 140 m² útiles;Onofre Jarpa 10524, La Reina, Región Metropolitana, Chile, La Reina Alta, La Reina;;-33.4381649;-70.529179;Onofre Jarpa 10524, La Reina, Santiago, Chile
2025-11-29 17:39:32;La Reina;casa;Casa En Venta De 8 Dorm. En La Reina;26990;CLF;8 dormitorios;7 baños;375 m² útiles;8 dormitorios | 7 baños | 375 m² útiles;Valenzuela Puelma, La Reina Alta, La Reina;;-33.4334446;-70.5379974;Valenzuela Puelma, La Reina, Santiago, Chile
2025-11-29 17:39:32;La Reina;casa;Casa En Venta De 4 Dorm. En La Reina;17050;CLF;4 dormitorios;3 baños;140 m² útiles;4 dormitorios | 3 baños | 140 m² útiles;PARQUE LA REINA, Carlos Ossandón, La Reina;;-33.4401954;-70.5329164;PARQUE LA REINA, La Reina, Santiago, Chile
2025-11-29 17:39:32;La Reina;casa;Casa En Venta De 4 Dorm. En La Reina;16200;CLF;4 dormitorios;4 baños;210 m² útiles;4 dormitorios | 4 baños | 210 m² útiles;Carlos Ossandon, La Reina;;-33.4394582;-70.5423323;Carlos Ossandon, La Reina, Santiago, Chile
2025-11-29 17:39:32;La Reina;casa;Casa En Venta De 4 Dorm. En La Reina;15500;CLF;4 dormitorios;3 baños;200 m² útiles;4 dormitorios | 3 baños | 200 m² útiles;María Monvel Carlos Silva Vildosola, La Reina;;-33.4424414;-70.5256881;María Monvel Carlos Silva Vildosola, La Reina, Santiago, Chile
2025-11-29 17:39:32;La Reina;casa;Casa En Venta De 7 Dorm. En La Reina;44000;CLF;7 dormitorios;4 baños;240 m² útiles;7 dormitorios | 4 baños | 240 m² útiles;PRINCIPE DE GALES, La Reina;;-33.440965;-70.540106;PRINCIPE DE GALES, La Reina, Santiago, Chile
2025-11-29 17:39:32;La Reina;casa;Casa En Venta De 5 Dorm. En La Reina;25000;CLF;5 dormitorios;3 baños;299 m² útiles;5 dormitorios | 3 baños | 299 m² útiles;PRINCIPE DE GALES OSSANDON, Carlos Ossandón, La Reina;;-33.4404667;-70.5436852;PRINCIPE DE GALES OSSANDON, La Reina, Santiago, Chile
2025-11-29 17:39:32;La Reina;casa;Casa En Venta De 3d Mas Local Comercial Más Local Comercial ;12900;CLF;3 dormitorios;2 baños;170 m² útiles;3 dormitorios | 2 baños | 170 m² útiles;Leonardo Da Vinci 7000, Francisco De Villagra, La Reina;;-33.4606704;-70.5556446;Leonardo Da Vinci 7000, La Reina, Santiago, Chile
2025-11-29 17:39:32;La Reina;casa;Casa En Venta De 3 Dorm. En La Reina;290000000;CLP;3 dormitorios;1 baño;135 m² útiles;3 dormitorios | 1 baño | 135 m² útiles;Tobalaba, La Reina;;-33.4492079;-70.5615753;Tobalaba, La Reina, Santiago, Chile
2025-11-29 17:39:32;La Reina;casa;Casa En Venta De 3 Dorm. En La Reina;14200;CLF;3 dormitorios;2 baños;230 m² útiles;3 dormitorios | 2 baños | 230 m² útiles;Larraín Javiera Carrera, Blest Gana, La Reina;;-33.4534691;-70.5668929;Larraín Javiera Carrera, La Reina, Santiago, Chile
2025-11-29 17:39:32;La Reina;casa;Casa Tipo Chalet Con 5 Dormitorios En La Reina;15400;CLF;4 dormitorios;4 baños;176 m² útiles;4 dormitorios | 4 baños | 176 m² útiles;Vista Hermosa 6500, Palmas De Mallorca, La Reina;;-33.4435267;-70.5645487;Vista Hermosa 6500, La Reina, Santiago, Chile
2025-11-29 17:39:32;La Reina;casa;Casa En Venta De 3 Dorm. En La Reina;13500;CLF;3 dormitorios;3 baños;120 m² útiles;3 dormitorios | 3 baños | 120 m² útiles;METRO FERNANDO CASTILLO VELASCO, Metro Simón Bolivar, La Reina;;-33.4521007;-70.558107;FERNANDO CASTILLO VELASCO, La Reina, Santiago, Chile
2025-11-29 17:39:32;La Reina;casa;Casa En Venta De 4 Dorm. En La Reina;13600;CLF;4 dormitorios;3 baños;142 m² útiles;4 dormitorios | 3 baños | 142 m² útiles;Av Tobalaba/ Av Ossa, Metro Simón Bolivar, La Reina;;-33.4380671;-70.5739289;Av Tobalaba/ Av Ossa, La Reina, Santiago, Chile
2025-11-29 17:39:32;La Reina;casa;Casa En Venta De 4 Dorm. En La Reina;13000;CLF;4 dormitorios;3 baños;185 m² útiles;4 dormitorios | 3 baños | 185 m² útiles;Blest Gana, Francisco De Villagra, La Reina;;-33.4551647;-70.5648064;Blest Gana, La Reina, Santiago, Chile
2025-11-29 17:39:32;La Reina;casa;Casa En Venta De 2 Dorm. En La Reina;10295;CLF;2 dormitorios;2 baños;114 m² útiles;2 dormitorios | 2 baños | 114 m² útiles;Simón González / Vicente Pérez Rosales, Carlos Ossandón, La Reina;;-33.4464472;-70.5513048;Simón González / Vicente Pérez Rosales, La Reina, Santiago, Chile
2025-11-29 17:39:32;La Reina;casa;Casa De 5 Dormitorios 3 Baños Metro Príncipe De Gales;9850;CLF;5 dormitorios;3 baños;158 m² útiles;5 dormitorios | 3 baños | 158 m² útiles;Las Crisálidas 5400 - 5700, La Reina, Troncos Viejos, La Reina;;-33.4362149;-70.5748996;Las Crisálidas 5400 - 5700, La Reina, Santiago, Chile
2025-11-29 17:39:32;La Reina;casa;Casa En Venta De 3 Dorm. En La Reina;15900;CLF;3 dormitorios;2 baños;135 m² útiles;3 dormitorios | 2 baños | 135 m² útiles;Monseñor Edwards, Metro Príncipe De Gales - Country Club, La Reina;;-33.4379573;-70.5612895;Monseñor Edwards, La Reina, Santiago, Chile
2025-11-29 17:39:32;La Reina;casa;Moderna Casa Mediterranea Condominio;32500;CLF;6 dormitorios;6 baños;470 m² útiles;6 dormitorios | 6 baños | 470 m² útiles;Julia Bernstein 500, La Reina, La Reina Alta, La Reina;;-33.4489828;-70.5237858;Julia Bernstein 500, La Reina, Santiago, Chile
2025-11-29 17:39:32;La Reina;casa;Casa En Venta De 5 Dorm. En La Reina;38000;CLF;5 dormitorios;4 baños;270 m² útiles;5 dormitorios | 4 baños | 270 m² útiles;Carlos Ossandón / Príncipe De Gales, Carlos Ossandón, La Reina;;-33.4404667;-70.5436852;Carlos Ossandón / Príncipe De Gales, La Reina, Santiago, Chile
2025-11-29 17:39:32;La Reina;casa;Casa En Venta De 3 Dorm. 2 Baños En La Reina;259000000;CLP;3 dormitorios;2 baños;89 m² útiles;3 dormitorios | 2 baños | 89 m² útiles;Blest Gana / Javiera Carrera, La Reina;;-33.4555678;-70.5665503;Blest Gana / Javiera Carrera, La Reina, Santiago, Chile
2025-11-29 17:39:32;La Reina;casa;Casa En Venta En La Reina;399000000;CLP;6 dormitorios;4 baños;214 m² útiles;6 dormitorios | 4 baños | 214 m² útiles;Palma De Mallorca, Palmas De Mallorca, La Reina;;-29.9029729;-71.2467157;Palma De Mallorca, La Reina, Santiago, Chile
2025-11-29 17:39:32;La Reina;casa;Casa En Venta Estilo Chileno De 3 Dorm. En La Reina;525000000;CLP;3 dormitorios;3 baños;140 m² útiles;3 dormitorios | 3 baños | 140 m² útiles;Escultora Rebeca Matte, La Reina Alta, La Reina;;-33.4332116;-70.5293594;Escultora Rebeca Matte, La Reina, Santiago, Chile
2025-11-29 17:39:32;La Reina;casa;Casa En Venta, La Reina Uso Habitacional -opcional Comercial;6950;CLF;3 dormitorios;2 baños;100 m² útiles;3 dormitorios | 2 baños | 100 m² útiles;Avenida Tobalaba, La Reina;;-33.44283;-70.5690564;Avenida Tobalaba, La Reina, Santiago, Chile
2025-11-29 17:39:32;La Reina;casa;Hermosa Casa En Venta, La Reina;17506;CLF;4 dormitorios;2 baños;160 m² útiles;4 dormitorios | 2 baños | 160 m² útiles;Avenida Simón Bolívar, Carlos Ossandón, La Reina;;-33.4454396;-70.5565816;Avenida Simón Bolívar, La Reina, Santiago, Chile
2025-11-29 17:40:10;La Reina;casa;Casa En Venta De 7 Dorm. En La Reina;118000;CLF;7 dormitorios;10 baños;1.280 m² útiles;7 dormitorios | 10 baños | 1.280 m² útiles;Alvaro Casanova/ Talinay, La Reina;;-33.4592981;-70.5231714;Alvaro Casanova/ Talinay, La Reina, Santiago, Chile
2025-11-29 17:40:10;La Reina;casa;Excelente Casa 6d! Amplios Espacios Hermoso Jardín;43000;CLF;6 dormitorios;8 baños;635 m² útiles;6 dormitorios | 8 baños | 635 m² útiles;Julia Bernstein, 1 - 300, La Reina Alta, La Reina;;-33.4561434;-70.5262767;Julia Bernstein, La Reina, Santiago, Chile
2025-11-29 17:40:10;La Reina;casa;Bella Casa Y Gran Jardin La Reina,;33000;CLF;5 dormitorios;4 baños;360 m² útiles;5 dormitorios | 4 baños | 360 m² útiles;Alvaro Casanova / María Monvel, 1 - 300, La Reina Alta, La Reina;;-33.4371958;-70.5191394;Alvaro Casanova / María Monvel, La Reina, Santiago, Chile
2025-11-29 17:40:10;La Reina;casa;Casa En Venta En Echeñique Con Balcón Y Jardín;309000000;CLP;4 dormitorios;3 baños;118 m² útiles;4 dormitorios | 3 baños | 118 m² útiles;Av. Echeñique 5842, La Reina, Metro Simón Bolivar, La Reina;;-33.4456626;-70.5693118;Av. Echeñique 5842, La Reina, Santiago, Chile
2025-11-29 17:40:10;La Reina;casa;Luminosa Casa De 4 Dormitorios Mas Servicios;514000000;CLP;5 dormitorios;4 baños;191 m² útiles;5 dormitorios | 4 baños | 191 m² útiles;Simon Gonzalez, 1 - 300, Palmas De Mallorca, La Reina;;-33.4475973;-70.5589138;Simon Gonzalez, La Reina, Santiago, Chile
2025-11-29 17:40:10;La Reina;casa;Excelente Ubicación Casa Habitacional La Reina;25000;CLF;4 dormitorios;3 baños;205 m² útiles;4 dormitorios | 3 baños | 205 m² útiles;Las Perdices, 0395-B, La Reina;;-33.4607843;-70.5305924;Las Perdices, La Reina, Santiago, Chile
2025-11-29 17:40:10;La Reina;casa;Casa En Venta En La Reina;19990;CLF;5 dormitorios;5 baños;210 m² útiles;5 dormitorios | 5 baños | 210 m² útiles;Escultora Rebeca Matte 1550, La Reina Alta, La Reina;;-33.4332116;-70.5293594;Escultora Rebeca Matte 1550, La Reina, Santiago, Chile
2025-11-29 17:40:10;La Reina;casa;Julia Bernstein  / Alcalde Fernando Castillo Velasco;49500;CLF;5 dormitorios;4 baños;420 m² útiles;5 dormitorios | 4 baños | 420 m² útiles;JULIA BERNSTEIN, La Reina Alta, La Reina;;-33.4561434;-70.5262767;JULIA BERNSTEIN, La Reina, Santiago, Chile
2025-11-29 17:40:10;La Reina;casa;Alcalde Fernando Castillo Velasco/ Alvaro Casanova;22300;CLF;4 dormitorios;4 baños;230 m² útiles;4 dormitorios | 4 baños | 230 m² útiles;ALCALDE FERNANDO CASTILLO VELASCO/ ALVARO CASANOVA, La Reina Alta, La Reina;;-33.4542038;-70.5210846;ALCALDE FERNANDO CASTILLO VELASCO/ ALVARO CASANOVA, La Reina, Santiago, Chile
2025-11-29 17:40:10;La Reina;casa;Maravillosa Casa En Condominio, La Reina;18000;CLF;4 dormitorios;4 baños;180 m² útiles;4 dormitorios | 4 baños | 180 m² útiles;Carlos Silva Vildósola 8100 - 8400, Santiago, La Reina, Carlos Ossandón, La Reina;;-33.4406902;-70.5332603;Carlos Silva Vildósola 8100 - 8400, La Reina, Santiago, Chile
2025-11-29 17:40:10;La Reina;casa;Un Espacio De Paz;24500;CLF;6 dormitorios;4 baños;375 m² útiles;6 dormitorios | 4 baños | 375 m² útiles;COLEGIO ANDREE, Carlos Ossandón, La Reina;;-33.4403711;-70.5513491;COLEGIO ANDREE, La Reina, Santiago, Chile
2025-11-29 17:40:10;La Reina;casa;Casa En Venta, La Reina, Pasaje Cerrado Con Piscina, Quincho;15000;CLF;6 dormitorios;5 baños;178 m² útiles;6 dormitorios | 5 baños | 178 m² útiles;Av. Echeñique, La Reina, Palmas De Mallorca, La Reina;;-33.4456626;-70.5693118;Av. Echeñique, La Reina, Santiago, Chile
2025-11-29 17:40:10;La Reina;casa;Casa Remodelada Con Piscina Y Jardín  La Reina;22800;CLF;5 dormitorios;5 baños;294 m² útiles;5 dormitorios | 5 baños | 294 m² útiles;Ossandon, La Reina, Carlos Ossandón, La Reina;;-33.4423562;-70.5433062;Ossandon, La Reina, Santiago, Chile
2025-11-29 17:40:10;La Reina;casa;Oportunidad Casa 5d 5b 4est, Carlos Ossandon 255, La Reina,;17000;CLF;5 dormitorios;5 baños;167 m² útiles;5 dormitorios | 5 baños | 167 m² útiles;Carlos Ossandón 255, Carlos Ossandón, La Reina;;-33.4482839;-70.5436566;Carlos Ossandón 255, La Reina, Santiago, Chile
2025-11-29 17:40:10;La Reina;casa;Casa En Venta En La Reina Con Jardín Y Terraza;11995;CLF;4 dormitorios;2 baños;140 m² útiles;4 dormitorios | 2 baños | 140 m² útiles;Avenida Fernando Castillo Velasco, La Reina, Chile, La Reina;;-33.450766;-70.5461319;Avenida Fernando Castillo Velasco, La Reina, Santiago, Chile
2025-11-29 17:40:10;La Reina;casa;Casa En Venta En Rebeca Matte Con Piscina Y Jardín;15600;CLF;5 dormitorios;5 baños;200 m² útiles;5 dormitorios | 5 baños | 200 m² útiles;Helsby 10010, La Reina, Chile, La Reina Alta, La Reina;;-33.4345647;-70.5271336;Helsby 10010, La Reina, Santiago, Chile
2025-11-29 17:40:10;La Reina;casa;Familiar I Condominio Cerrado I Valenzuela Puelma I 3 Pisos ;9700;CLF;3 dormitorios;2 baños;128 m² útiles;3 dormitorios | 2 baños | 128 m² útiles;Valenzuela Puelma 8525, 7860026 La Reina, Región Metropolitana, Chile, Carlos Ossandón, La Reina;;-33.4316062;-70.5230479;Valenzuela Puelma 8525, La Reina, Santiago, Chile
2025-11-29 17:40:10;La Reina;casa;Linda Casa Monseñor Edwards Frente A Country Club;15500;CLF;4 dormitorios;4 baños;202 m² útiles;4 dormitorios | 4 baños | 202 m² útiles;Monseñor Edwards 2478, La Reina, Metro Príncipe De Gales - Country Club, La Reina;;-33.4315163;-70.5599622;Monseñor Edwards 2478, La Reina, Santiago, Chile
2025-11-29 17:40:10;La Reina;casa;Casa Ideal Proyecto Inmobiliario Pepe Vila;17900;CLF;3 dormitorios;2 baños;130 m² útiles;3 dormitorios | 2 baños | 130 m² útiles;Pepe Vila 423, Santiago, La Reina, Pepe Vila, La Reina;;-33.454955;-70.5522601;Pepe Vila 423, La Reina, Santiago, Chile
2025-11-29 17:40:10;La Reina;casa;Casa En La Reina Con Excelente Ubicación Idea Para Remodelar;7000;CLF;4 dormitorios;2 baños;88 m² útiles;4 dormitorios | 2 baños | 88 m² útiles;Av. Simón Bolívar 7072, 7850408 La Reina, Región Metropolitana, Chile, Palmas De Mallorca, La Reina;;-33.4456252;-70.5580749;Av. Simón Bolívar 7072, La Reina, Santiago, Chile
2025-11-29 17:40:10;La Reina;casa;Casa De Lujo En La Reina: 3d/3b, Terraza Y Jardín;18400;CLF;3 dormitorios;4 baños;260 m² útiles;3 dormitorios | 4 baños | 260 m² útiles;Carlos Silva Vildosola, 10200 - 10500, La Reina Alta, La Reina;;-33.4406902;-70.5332603;Carlos Silva Vildosola, La Reina, Santiago, Chile
2025-11-29 17:40:10;La Reina;casa;Simon Gonzalez 5d,4b, Piscina + Dpto Interior Indpendiente;514000000;CLP;4 dormitorios;3 baños;190 m² útiles;4 dormitorios | 3 baños | 190 m² útiles;Simón González 6900 - 7200, La Reina, Palmas De Mallorca, La Reina;;-33.4475973;-70.5589138;Simón González 6900 - 7200, La Reina, Santiago, Chile
2025-11-29 17:40:10;La Reina;casa;Simon Gonzalez 5d, 4b, Estar, Piscina Dpto Interior Indep;12990;CLF;4 dormitorios;3 baños;190 m² útiles;4 dormitorios | 3 baños | 190 m² útiles;Simón González 6900 - 7200, La Reina, Palmas De Mallorca, La Reina;;-33.4475973;-70.5589138;Simón González 6900 - 7200, La Reina, Santiago, Chile
2025-11-29 17:40:10;La Reina;casa;Venta Casa La Reina Alta Apta Jardin Infanti. Casa Reposo V;25506;CLF;4 dormitorios;3 baños;2.248 m² útiles;4 dormitorios | 3 baños | 2.248 m² útiles;Carlos Silva Vildósola, La Reina, Carlos Ossandón, La Reina;;-33.4406902;-70.5332603;Carlos Silva Vildósola, La Reina, Santiago, Chile
2025-11-29 17:40:10;La Reina;casa;Casa En La Reina;14200;CLF;4 dormitorios;4 baños;140 m² útiles;4 dormitorios | 4 baños | 140 m² útiles;La Reina, 1 - 300, Carlos Ossandón, La Reina;;-33.4430242;-70.5337236;La Reina, La Reina, Santiago, Chile
2025-11-29 17:40:10;La Reina;casa;Oportunidad, 4 Dormitorios, Metro Cercano.;7000;CLF;4 dormitorios;2 baños;78 m² útiles;4 dormitorios | 2 baños | 78 m² útiles;Julio Montebruno 600 - 900, La Reina, Francisco De Villagra, La Reina;;-33.4553874;-70.5598539;Julio Montebruno 600 - 900, La Reina, Santiago, Chile
2025-11-29 17:40:10;La Reina;casa;Casa En Venta En La Reina Alta-colegio Andree;16650;CLF;4 dormitorios;4 baños;157 m² útiles;4 dormitorios | 4 baños | 157 m² útiles;Carlos Silva Vildósola 8100 - 8400, La Reina, Región Metropolitana, Chile, Carlos Ossandón, La Reina;;-33.4406902;-70.5332603;Carlos Silva Vildósola 8100 - 8400, La Reina, Santiago, Chile
2025-11-29 17:40:10;La Reina;casa;Extraordinaria Casa En 896 M2 Terreno.;19500;CLF;5 dormitorios;4 baños;217 m² útiles;5 dormitorios | 4 baños | 217 m² útiles;Las Perdices 2100 - 2400, La Reina, La Reina Alta, La Reina;;-33.4607843;-70.5305924;Las Perdices 2100 - 2400, La Reina, Santiago, Chile
2025-11-29 17:40:10;La Reina;casa;Casa 7 Dormitorios. ¡atención Inversionistas!;450000000;CLP;7 dormitorios;4 baños;180 m² útiles;7 dormitorios | 4 baños | 180 m² útiles;Santa Rita 300 - 600, La Reina, Chile, Palmas De Mallorca, La Reina;;-33.4445871;-70.5593511;Santa Rita 300 - 600, La Reina, Santiago, Chile
2025-11-29 17:40:10;La Reina;casa;Casa En Venta De 4 Dorm. En La Reina;17500;CLF;4 dormitorios;4 baños;201 m² útiles;4 dormitorios | 4 baños | 201 m² útiles;Francisco Bilbao / Troncos Viejos, La Reina;;-33.4316362;-70.5789407;Francisco Bilbao / Troncos Viejos, La Reina, Santiago, Chile
2025-11-29 17:40:10;La Reina;casa;Casa En Venta De 4 Dorm. En La Reina;12850;CLF;4 dormitorios;2 baños;176 m² útiles;4 dormitorios | 2 baños | 176 m² útiles;Loreley, Palmas De Mallorca, La Reina;;-33.4432051;-70.5662143;Loreley, La Reina, Santiago, Chile
2025-11-29 17:40:10;La Reina;casa;Terreno Proyecto 4 Casas En La Reina;25800;CLF;7 dormitorios;7 baños;375 m² útiles;7 dormitorios | 7 baños | 375 m² útiles;Principe De Gales, La Reina;;-33.440965;-70.540106;Principe De Gales, La Reina, Santiago, Chile
2025-11-29 17:40:10;La Reina;casa;Casa Ideal Para Remodelar De 5 Dorm. En La Reina ;7420;CLF;5 dormitorios;2 baños;93 m² útiles;5 dormitorios | 2 baños | 93 m² útiles;El Greco, Francisco De Villagra, La Reina;;-33.4567513;-70.556923;El Greco, La Reina, Santiago, Chile
2025-11-29 17:40:45;La Reina;casa;Casa En Venta De 4 Dorm. En La Reina;19500;CLF;4 dormitorios;4 baños;217 m² útiles;4 dormitorios | 4 baños | 217 m² útiles;Helsby / Padre Hurtado, Carlos Ossandón, La Reina;;-33.4352751;-70.5371935;Helsby / Padre Hurtado, La Reina, Santiago, Chile
2025-11-29 17:40:45;La Reina;casa;Casa En Venta En Condominio 4 Dorm. En La Reina;15600;CLF;4 dormitorios;3 baños;139 m² útiles;4 dormitorios | 3 baños | 139 m² útiles;Maria Monvel, La Reina Alta, La Reina;;-33.4382789;-70.5221669;Maria Monvel, La Reina, Santiago, Chile
2025-11-29 17:40:45;La Reina;casa;Casa 5 Dorm, Un Patio Con Quincho 2estc Y Estc De Visitas;12800;CLF;5 dormitorios;4 baños;240 m² útiles;5 dormitorios | 4 baños | 240 m² útiles;Helsby, La Reina Alta, La Reina;;-33.4352645;-70.5399962;Helsby, La Reina, Santiago, Chile
2025-11-29 17:40:45;La Reina;casa;Casa Completamente Remodelada En Condominio 7dorm 5bañ;18900;CLF;7 dormitorios;5 baños;220 m² útiles;7 dormitorios | 5 baños | 220 m² útiles;Helsby, La Reina Alta, La Reina;;-33.4352645;-70.5399962;Helsby, La Reina, Santiago, Chile
2025-11-29 17:40:45;La Reina;casa;Casa En Venta En La Reina;20600;CLF;5 dormitorios;5 baños;210 m² útiles;5 dormitorios | 5 baños | 210 m² útiles;Las Perdices/ Principe De Gales, La Reina Alta, La Reina;;-33.4551968;-70.5290455;Las Perdices/ Principe De Gales, La Reina, Santiago, Chile
2025-11-29 17:40:45;La Reina;casa;Casa En Venta De 4 Dorm. En La Reina, 794 Terreno;19000;CLF;4 dormitorios;5 baños;286 m² útiles;4 dormitorios | 5 baños | 286 m² útiles;Metro Fernando Castillo Velasco, Palmas De Mallorca, La Reina;;-33.4521007;-70.558107;Fernando Castillo Velasco, La Reina, Santiago, Chile
2025-11-29 17:40:45;La Reina;casa;Casas Nuevas En Julia Bernstein;33750;CLF;6 dormitorios;4 baños;323 m² útiles;6 dormitorios | 4 baños | 323 m² útiles;Nueva Príncipe De Gales 302, 7860348 La Reina, Región Metropolitana, Chile, La Reina Alta, La Reina;;-33.4426852;-70.5622141;Nueva Príncipe De Gales 302, La Reina, Santiago, Chile
2025-11-29 17:40:45;La Reina;casa;Casa En El Corazon De La Reina;15235;CLF;6 dormitorios;4 baños;200 m² útiles;6 dormitorios | 4 baños | 200 m² útiles;Alcalde Francisco Domínguez 2240, La Reina, Metro Príncipe De Gales - Country Club, La Reina;;-33.4337971;-70.5585001;Alcalde Francisco Domínguez 2240, La Reina, Santiago, Chile
2025-11-29 17:40:45;La Reina;casa;Casa En Príncipe De Gales, Pasaje Seguro. Fhp;14000;CLF;4 dormitorios;3 baños;140 m² útiles;4 dormitorios | 3 baños | 140 m² útiles;Príncipe De Gales 9045, Carlos Ossandón, La Reina;;-33.441528;-70.5358291;Príncipe De Gales 9045, La Reina, Santiago, Chile
2025-11-29 17:40:45;La Reina;casa;Remodelada Casa Interior En La Precordillera. Oportunidad;27400;CLF;5 dormitorios;4 baños;324 m² útiles;5 dormitorios | 4 baños | 324 m² útiles;Helsby 10060, La Reina, Región Metropolitana De Santiago 7850000, Chile, La Reina Alta, La Reina;;-33.4345647;-70.5271336;Helsby 10060, La Reina, Santiago, Chile
2025-11-29 17:40:45;La Reina;casa;Casa En Venta De 4 Dorm. En La Reina;13200;CLF;4 dormitorios;4 baños;150 m² útiles;4 dormitorios | 4 baños | 150 m² útiles;Monseñor Edwards, Metro Príncipe De Gales - Country Club, La Reina;;-33.4379573;-70.5612895;Monseñor Edwards, La Reina, Santiago, Chile
2025-11-29 17:40:45;La Reina;casa;Casa 4 Dormitorios En La Reina;13850;CLF;4 dormitorios;3 baños;140 m² útiles;4 dormitorios | 3 baños | 140 m² útiles;San Vicente De Paul 6023, La Reina, Región Metropolitana De Santiago 7850000, Chile, Metro Simón Bolivar, La Reina;;-33.443664;-70.5703006;San Vicente De Paul 6023, La Reina, Santiago, Chile
2025-11-29 17:40:45;La Reina;casa;Casa En Venta En La Reina Alta;15600;CLF;5 dormitorios;5 baños;200 m² útiles;5 dormitorios | 5 baños | 200 m² útiles;Helsby 10030, La Reina, Santiago Metropolitan Region 7850000, Chile, La Reina Alta, La Reina;;-33.4345647;-70.5271336;Helsby 10030, La Reina, Santiago, Chile
2025-11-29 17:40:45;La Reina;casa;Casa En Venta En Carlos Silva V;17990;CLF;4 dormitorios;4 baños;223 m² útiles;4 dormitorios | 4 baños | 223 m² útiles;Carlos Silva Vildósola 10382, La Reina, La Reina Alta, La Reina;;-33.4425212;-70.5246453;Carlos Silva Vildósola 10382, La Reina, Santiago, Chile
2025-11-29 17:40:45;La Reina;casa;Casa En Venta En La Reina;12990;CLF;5 dormitorios;4 baños;202 m² útiles;5 dormitorios | 4 baños | 202 m² útiles;Avenida Simón Bolívar 7858, La Reina, Región Metropolitana De Santiago 7850000, Chile, Carlos Ossandón, La Reina;;-33.4454396;-70.5565816;Avenida Simón Bolívar 7858, La Reina, Santiago, Chile
2025-11-29 17:40:45;La Reina;casa;Amplia, Segura Y Conectada. Casa En Eliecer Parada;10690;CLF;5 dormitorios;4 baños;210 m² útiles;5 dormitorios | 4 baños | 210 m² útiles;Av. Eliecer Parada 2793, La Reina, Troncos Viejos, La Reina;;-33.4322017;-70.5808457;Av. Eliecer Parada 2793, La Reina, Santiago, Chile
2025-11-29 17:40:45;La Reina;casa;Reina Victoria/monseñor Edwards Barrio Tranquilo Y Seguro;265000000;CLP;4 dormitorios;3 baños;85 m² útiles;4 dormitorios | 3 baños | 85 m² útiles;Reina Victoria 6925, La Reina, Metro Príncipe De Gales - Country Club, La Reina;;-33.4400365;-70.5646572;Reina Victoria 6925, La Reina, Santiago, Chile
2025-11-29 17:40:45;La Reina;casa;Pasaje Cerrado En La Reina Baja - A Pasos De Plaza Egaña;335000000;CLP;4 dormitorios;3 baños;100 m² útiles;4 dormitorios | 3 baños | 100 m² útiles;Paula Jaraquemada 300 - 600, La Reina, Blest Gana, La Reina;;-33.4559889;-70.568067;Paula Jaraquemada 300 - 600, La Reina, Santiago, Chile
2025-11-29 17:40:45;La Reina;casa;Casa En Venta 5 Dormitorios Más Dpto Adicional;13990;CLF;5 dormitorios;2 baños;163 m² útiles;5 dormitorios | 2 baños | 163 m² útiles;Salvador Izquierdo, 1800 - 2100, Metro Príncipe De Gales - Country Club, La Reina;;-33.4363542;-70.5559155;Salvador Izquierdo, La Reina, Santiago, Chile
2025-11-29 17:40:45;La Reina;casa;Casa En Venta En La Reina Con Piscina;26990;CLF;9 dormitorios;7 baños;375 m² útiles;9 dormitorios | 7 baños | 375 m² útiles;Valenzuela Puelma, La Reina, La Reina Alta, La Reina;;-33.4334446;-70.5379974;Valenzuela Puelma, La Reina, Santiago, Chile
2025-11-29 17:40:45;La Reina;casa;Casa En Venta De 5 Dorm. En La Reina;15500;CLF;5 dormitorios;3 baños;187 m² útiles;5 dormitorios | 3 baños | 187 m² útiles;José Zapiola, Palmas De Mallorca, La Reina;;-33.4494456;-70.5535918;José Zapiola, La Reina, Santiago, Chile
2025-11-29 17:40:45;La Reina;casa;Amplia Casa, Estratégica Ubicación;18900;CLF;6 dormitorios;5 baños;241 m² útiles;6 dormitorios | 5 baños | 241 m² útiles;Alcalde Alejandro Chadwick 2514, La Reina, Metro Príncipe De Gales - Country Club, La Reina;;-33.4316753;-70.5574299;Alcalde Alejandro Chadwick 2514, La Reina, Santiago, Chile
2025-11-29 17:40:45;La Reina;casa;Hermosa Casa Mediterránea En Condominio En La Reina Alta, Rm;15000;CLF;4 dormitorios;4 baños;167 m² útiles;4 dormitorios | 4 baños | 167 m² útiles;Valenzuela Puelma, La Reina Alta, Santiago RM, La Reina Alta, La Reina;;-33.4334446;-70.5379974;Valenzuela Puelma, La Reina, Santiago, Chile
2025-11-29 17:40:45;La Reina;casa;Casa En La Reina Excelente Barrio Lynch Sur;5790;CLF;3 dormitorios;1 baño;56 m² útiles;3 dormitorios | 1 baño | 56 m² útiles;Carlos Mondaca 492, La Reina, Francisco De Villagra, La Reina;;-33.4571698;-70.5651345;Carlos Mondaca 492, La Reina, Santiago, Chile
2025-11-29 17:40:45;La Reina;casa;Country Club, Colegio Saint Johns, Andree;13215;CLF;5 dormitorios;3 baños;240 m² útiles;5 dormitorios | 3 baños | 240 m² útiles;COUNTRY CLUB, COLEGIO SAINT JOHNS, ANDREE, Carlos Ossandón, La Reina;;-33.4352761;-70.571454;COUNTRY CLUB, La Reina, Santiago, Chile
2025-11-29 17:40:45;La Reina;casa;Valenzuela Puelma, A. Casanova, Condominio;18900;CLF;4 dormitorios;4 baños;226 m² útiles;4 dormitorios | 4 baños | 226 m² útiles;VALENZUELA PUELMA, A. CASANOVA, CONDOMINIO, La Reina Alta, La Reina;;-33.4334446;-70.5379974;VALENZUELA PUELMA, La Reina, Santiago, Chile
2025-11-29 17:40:45;La Reina;casa;Casa En Venta En La Reina Alta Con Jardín Y Terraza;14580;CLF;4 dormitorios;4 baños;200 m² útiles;4 dormitorios | 4 baños | 200 m² útiles;CARLOS SILVA V., MARIA MONVEL, CONDOMINIO, La Reina Alta, La Reina;;-33.4428443;-70.5263868;CARLOS SILVA V., La Reina, Santiago, Chile
2025-11-29 17:40:45;La Reina;casa;La Cañada, Echeñique, V. P. Rosales;10000;CLF;6 dormitorios;3 baños;156 m² útiles;6 dormitorios | 3 baños | 156 m² útiles;LA CAÑADA, ECHEÑIQUE, V. P. ROSALES, Palmas De Mallorca, La Reina;;-33.4416927;-70.5638287;LA CAÑADA, La Reina, Santiago, Chile
2025-11-29 17:40:45;La Reina;casa;Onofre Jarpa;27500;CLF;5 dormitorios;4 baños;190 m² útiles;5 dormitorios | 4 baños | 190 m² útiles;ONOFRE JARPA, La Reina Alta, La Reina;;-33.4381649;-70.529179;ONOFRE JARPA, La Reina, Santiago, Chile
2025-11-29 17:40:45;La Reina;casa;Julia Bernstein, Talinay;20990;CLF;6 dormitorios;5 baños;391 m² útiles;6 dormitorios | 5 baños | 391 m² útiles;JULIA BERNSTEIN, TALINAY, La Reina Alta, La Reina;;-33.4561434;-70.5262767;JULIA BERNSTEIN, La Reina, Santiago, Chile
2025-11-29 17:40:45;La Reina;casa;Casa En Venta En Las Perdices Con Piscina;14900;CLF;6 dormitorios;4 baños;250 m² útiles;6 dormitorios | 4 baños | 250 m² útiles;Condominio - Av. Las Perdices 0123, La Reina, Chile, La Reina Alta, La Reina;;-33.5604566;-70.5503635;Condominio - Av. Las Perdices 0123, La Reina, Santiago, Chile
2025-11-29 17:40:45;La Reina;casa;Julia Bernstein, Carlos Silva Vildosola;22990;CLF;6 dormitorios;6 baños;294 m² útiles;6 dormitorios | 6 baños | 294 m² útiles;JULIA BERNSTEIN, CARLOS SILVA VILDOSOLA, La Reina Alta, La Reina;;-33.4561434;-70.5262767;JULIA BERNSTEIN, La Reina, Santiago, Chile
2025-11-29 17:40:45;La Reina;casa;Julia Bernstein , Vildosola, Condominio Seguro;15990;CLF;4 dormitorios;4 baños;205 m² útiles;4 dormitorios | 4 baños | 205 m² útiles;JULIA BERNSTEIN, VILDOSOLA, CONDOMINIO SEGURO, La Reina Alta, La Reina;;-33.4561434;-70.5262767;JULIA BERNSTEIN, La Reina, Santiago, Chile
2025-11-29 17:40:45;La Reina;casa;Valenzuela Puelma, Alvaro Casanova;26990;CLF;9 dormitorios;6 baños;375 m² útiles;9 dormitorios | 6 baños | 375 m² útiles;VALENZUELA PUELMA, ALVARO CASANOVA, La Reina Alta, La Reina;;-33.4334446;-70.5379974;VALENZUELA PUELMA, La Reina, Santiago, Chile
2025-11-29 17:40:45;La Reina;casa;Blest Gana, Metro Castillo Velasco, Tobalaba;10300;CLF;4 dormitorios;3 baños;169 m² útiles;4 dormitorios | 3 baños | 169 m² útiles;BLEST GANA, METRO CASTILLO VELASCO, TOBALABA, Blest Gana, La Reina;;-33.4551647;-70.5648064;BLEST GANA, La Reina, Santiago, Chile
2025-11-29 17:40:45;La Reina;casa;Av. Tobalaba, Bilbao, Ossa;7950;CLF;;;84 m² útiles;84 m² útiles;AV. TOBALABA, BILBAO, OSSA, Troncos Viejos, La Reina;;-33.44283;-70.5690564;AV. TOBALABA, La Reina, Santiago, Chile
2025-11-29 17:40:45;La Reina;casa;Principe De Gales, Ossandon, Pedro Lobos, Condominio;19100;CLF;4 dormitorios;4 baños;165 m² útiles;4 dormitorios | 4 baños | 165 m² útiles;PRINCIPE DE GALES, OSSANDON, PEDRO LOBOS, CONDOMINIO, Carlos Ossandón, La Reina;;-33.440965;-70.540106;PRINCIPE DE GALES, La Reina, Santiago, Chile
2025-11-29 17:40:45;La Reina;casa;¡tu Nuevo Hogar En La Reina Te Espera!;155000000;CLP;4 dormitorios;2 baños;171 m² útiles;4 dormitorios | 2 baños | 171 m² útiles;Los Queñes, 0, Villa La Reina, La Reina;;-33.4548532;-70.5382286;Los Queñes, La Reina, Santiago, Chile
2025-11-29 17:40:58;La Reina;casa;Alvaro Casanova, La Reina Alta, Condominio;16990;CLF;5 dormitorios;5 baños;170 m² útiles;5 dormitorios | 5 baños | 170 m² útiles;ALVARO CASANOVA, LA REINA ALTA, CONDOMINIO, La Reina Alta, La Reina;;-33.4509256;-70.520225;ALVARO CASANOVA, La Reina, Santiago, Chile
2025-11-29 17:40:58;La Reina;casa;Casa En Venta De 4 Dorm. En La Reina;7500;CLF;4 dormitorios;2 baños;118 m² útiles;4 dormitorios | 2 baños | 118 m² útiles;Metro Simon Bolivar/ Echeñique, Palmas De Mallorca, La Reina;;-33.4431007;-70.5510729;Simon Bolivar/ Echeñique, La Reina, Santiago, Chile
2025-11-29 17:40:58;La Reina;casa;Echeñique, Palmas De Mallorca;6990;CLF;3 dormitorios;2 baños;76 m² útiles;3 dormitorios | 2 baños | 76 m² útiles;ECHEÑIQUE, PALMAS DE MALLORCA, Palmas De Mallorca, La Reina;;-33.4456626;-70.5693118;ECHEÑIQUE, La Reina, Santiago, Chile
2025-11-29 17:40:58;La Reina;casa;Oportunidad La Reina: Espacio Y Tranquilidad;7900;CLF;4 dormitorios;2 baños;100 m² útiles;4 dormitorios | 2 baños | 100 m² útiles;Nocedal, 6600 - 6900, Metro Príncipe De Gales - Country Club, La Reina;;-33.4374447;-70.5553924;Nocedal, La Reina, Santiago, Chile
2025-11-29 17:40:58;La Reina;casa;Gran Casa Con Acceso Al Country Club;34800;CLF;5 dormitorios;5 baños;343 m² útiles;5 dormitorios | 5 baños | 343 m² útiles;Las Arañas / Bilbao, La Reina;;-33.4315531;-70.5774571;Las Arañas / Bilbao, La Reina, Santiago, Chile
2025-11-29 17:40:58;La Reina;casa;Casa En Venta De 11 Dorm. En La Reina;31900;CLF;11 dormitorios;7 baños;4.080 m² totales;11 dormitorios | 7 baños | 4.080 m² totales;Álvaro Casanova, La Reina Alta, La Reina;;-33.4509256;-70.520225;Álvaro Casanova, La Reina, Santiago, Chile
2025-11-29 17:40:58;La Reina;casa;"Reina Alto - 3 Dormitorios &#43; Servicios";17990;CLF;4 dormitorios;5 baños;222 m² útiles;4 dormitorios | 5 baños | 222 m² útiles;María Monvel, La Reina Alta, La Reina;;-33.4382789;-70.5221669;María Monvel, La Reina, Santiago, Chile
2025-11-29 17:40:58;La Reina;casa;Casa En Venta En La Reina;15200;CLF;6 dormitorios;5 baños;190 m² útiles;6 dormitorios | 5 baños | 190 m² útiles;Condominio Don Arturo, La Reina Alta, La Reina;;-22.4443444;-68.9259157;Condominio Don Arturo, La Reina, Santiago, Chile
2025-11-29 17:40:58;La Reina;casa;Casa En Venta En La Reina Alta;17990;CLF;3 dormitorios;3 baños;240 m² útiles;3 dormitorios | 3 baños | 240 m² útiles;Colegio Madrigal, La Reina Alta, La Reina;;-33.4397857;-70.5228618;Colegio Madrigal, La Reina, Santiago, Chile
2025-11-29 17:40:58;La Reina;casa;Alvaro Casanova Condominio Privado - 5 Dormitorios;22350;CLF;5 dormitorios;4 baños;220 m² útiles;5 dormitorios | 4 baños | 220 m² útiles;Álvaro Casanova, La Reina Alta, La Reina;;-33.4509256;-70.520225;Álvaro Casanova, La Reina, Santiago, Chile
2025-11-29 17:40:58;La Reina;casa;En Venta Hermosa Casa En Condominio Cerrado, La Reina;15500;CLF;3 dormitorios;3 baños;139 m² útiles;3 dormitorios | 3 baños | 139 m² útiles;VALENZUELA PUELMA, LA REINA, La Reina Alta, La Reina;;-33.4334446;-70.5379974;VALENZUELA PUELMA, La Reina, Santiago, Chile
2025-11-29 17:40:58;La Reina;casa;La Reina Alta - 6 Dormitorios;24490;CLF;6 dormitorios;6 baños;311 m² útiles;6 dormitorios | 6 baños | 311 m² útiles;Álvaro Casanova, La Reina Alta, La Reina;;-33.4509256;-70.520225;Álvaro Casanova, La Reina, Santiago, Chile
2025-11-29 17:40:58;La Reina;casa;Casa En Venta De 4 Dorm. En La Reina;15500;CLF;4 dormitorios;3 baños;139 m² útiles;4 dormitorios | 3 baños | 139 m² útiles;VALENZUELA PUELMA, LA REINA, La Reina Alta, La Reina;;-33.4334446;-70.5379974;VALENZUELA PUELMA, La Reina, Santiago, Chile
2025-11-29 17:40:58;La Reina;casa;"La Reina Alta - 4 Dormitorios &#43; Servicios";22000;CLF;4 dormitorios;4 baños;214 m² útiles;4 dormitorios | 4 baños | 214 m² útiles;Alvaro Casanova, La Reina Alta, La Reina;;-33.4509256;-70.520225;Alvaro Casanova, La Reina, Santiago, Chile
2025-11-29 17:40:58;La Reina;casa;Hermosa Casa La Reina 5d + Sala De Estar;13990;CLF;5 dormitorios;4 baños;140 m² útiles;5 dormitorios | 4 baños | 140 m² útiles;Carlos Ossandón, La Reina;;-33.4394582;-70.5423323;Carlos Ossandón, La Reina, Santiago, Chile
2025-11-29 17:40:58;La Reina;casa;"La Reina Alta - 4 Dormitorios &#43; Servicios ";22000;CLF;4 dormitorios;4 baños;214 m² útiles;4 dormitorios | 4 baños | 214 m² útiles;Álvaro Casanova, La Reina Alta, La Reina;;-33.4509256;-70.520225;Álvaro Casanova, La Reina, Santiago, Chile
2025-11-29 17:40:58;La Reina;casa;La Reina Alta - 5 Dormitorios;23500;CLF;4 dormitorios;5 baños;220 m² útiles;4 dormitorios | 5 baños | 220 m² útiles;Alvaro Casanova, La Reina Alta, La Reina;;-33.4509256;-70.520225;Alvaro Casanova, La Reina, Santiago, Chile
2025-11-29 17:40:58;La Reina;casa;Liquidación Bancaria Venta Casa Calle Onofre Jarpa, La Reina;34000;CLF;;;271 m² útiles;271 m² útiles;Onofre Jarpa, La Reina Alta, La Reina;;-33.4381649;-70.529179;Onofre Jarpa, La Reina, Santiago, Chile
2025-11-29 17:40:58;La Reina;casa;Gran Oportunidad Para Construir O Remodelar Su Próximo Hogar;30656;CLF;6 dormitorios;3 baños;150 m² útiles;6 dormitorios | 3 baños | 150 m² útiles;Carlos Silva Vildósola 2664, La Reina, Región Metropolitana, Chile, La Reina Alta, La Reina;;-33.4406902;-70.5332603;Carlos Silva Vildósola 2664, La Reina, Santiago, Chile
2025-11-29 17:40:58;La Reina;casa;Iluminada Casa En La Reina;14900;CLF;4 dormitorios;5 baños;187 m² útiles;4 dormitorios | 5 baños | 187 m² útiles;Lider La Reina, Echenique Con Valenzuela Llanos, La Reina Alta, La Reina;;-33.4606353;-70.5452736;Lider La Reina, La Reina, Santiago, Chile
2025-11-29 17:40:58;La Reina;casa;En Venta Casa Para Remodelar.;7970;CLF;1 dormitorio;1 baño;84 m² útiles;1 dormitorio | 1 baño | 84 m² útiles;Las Luciernagas, Troncos Viejos, La Reina;;-33.4330412;-70.5813074;Las Luciernagas, La Reina, Santiago, Chile
2025-11-29 17:40:58;La Reina;casa;En Condominio, 4d5b+servicio+estar+gimnasio;21000;CLF;4 dormitorios;5 baños;303 m² útiles;4 dormitorios | 5 baños | 303 m² útiles;Julia Bernstein 922, 7.86e+06 - 7.8603e+06 Santiago, La Reina, Región Metropolitana, Chile, La Reina Alta, La Reina;;-33.4406493;-70.5211244;Julia Bernstein 922, La Reina, Santiago, Chile
2025-11-29 17:40:58;La Reina;casa;Casa En Venta De 4 Y Medio Dormitorios En La Reina;12750;CLF;4 dormitorios;4 baños;149 m² útiles;4 dormitorios | 4 baños | 149 m² útiles;Plaza Carlos Ossandón, Carlos Ossandón, La Reina;;-33.4421894;-70.5432743;Plaza Carlos Ossandón, La Reina, Santiago, Chile
2025-11-29 17:40:58;La Reina;casa;Casa En Calle El Tambo, La Reina ;6700;CLF;3 dormitorios;2 baños;100 m² útiles;3 dormitorios | 2 baños | 100 m² útiles;El Tambo 957, Pepe Vila, La Reina;;-33.4601185;-70.5521319;El Tambo 957, La Reina, Santiago, Chile
2025-11-29 17:40:58;La Reina;casa;Casa En Venta De 3 Dorm. En La Reina;4990;CLF;3 dormitorios;;69 m² útiles;3 dormitorios | 69 m² útiles;Fidias 700, Francisco De Villagra, La Reina;;-33.4602778;-70.5609802;Fidias 700, La Reina, Santiago, Chile
2025-11-29 17:40:58;La Reina;casa;Casa En Venta En La Reina;7700;CLF;4 dormitorios;3 baños;120 m² útiles;4 dormitorios | 3 baños | 120 m² útiles;VICENTE PEREZ ROSALES PRINCIPE DE GALES, Carlos Ossandón, La Reina;;-33.4439247;-70.5534444;VICENTE PEREZ ROSALES PRINCIPE DE GALES, La Reina, Santiago, Chile
2025-11-29 17:40:58;La Reina;casa;En Venta Exclusivo Townhouse Cercano A Mall Plaza Egaña;8500;CLF;3 dormitorios;3 baños;121 m² útiles;3 dormitorios | 3 baños | 121 m² útiles;Avenida Javiera Carrera Sur, Francisco De Villagra, La Reina;;-34.1843347;-70.7295977;Avenida Javiera Carrera Sur, La Reina, Santiago, Chile
2025-11-29 17:41:28;La Reina;casa;Casa En Excelente Estado Con Gran Jardin;16650;CLF;4 dormitorios;4 baños;180 m² útiles;4 dormitorios | 4 baños | 180 m² útiles;Carlos Silva Vildósola 8556, 7860099 Santiago, La Reina, Región Metropolitana, Chile, Carlos Ossandón, La Reina;;-33.438415;-70.5419401;Carlos Silva Vildósola 8556, La Reina, Santiago, Chile
2025-11-29 17:41:28;La Reina;casa;Casa En Venta En La Reina;23500;CLF;6 dormitorios;7 baños;263 m² útiles;6 dormitorios | 7 baños | 263 m² útiles;Alvaro Casanova 327, La Reina, Región Metropolitana, Chile, La Reina Alta, La Reina;;-33.4509256;-70.520225;Alvaro Casanova 327, La Reina, Santiago, Chile
2025-11-29 17:41:28;La Reina;casa;Casa En Venta En La Reina Alta;23890;CLF;5 dormitorios;3 baños;226 m² útiles;5 dormitorios | 3 baños | 226 m² útiles;Alvaro Casanova, La Reina, La Reina Alta, La Reina;;-33.4509256;-70.520225;Alvaro Casanova, La Reina, Santiago, Chile
2025-11-29 17:41:28;La Reina;casa;Casa En Venta De 3 Dormitorios, 2 Baños Altillo En La Reina;7600;CLF;3 dormitorios;2 baños;121 m² útiles;3 dormitorios | 2 baños | 121 m² útiles;Blest Gana 6825, Casa D, La Reina, Blest Gana, La Reina;;-33.4551647;-70.5648064;Blest Gana 6825, La Reina, Santiago, Chile
2025-11-29 17:41:28;La Reina;casa;Casa En Venta De 3 Dorm. En La Reina;16800;CLF;3 dormitorios;3 baños;193 m² útiles;3 dormitorios | 3 baños | 193 m² útiles;CARLOS SILVA VILDOSOLA, La Reina Alta, La Reina;;-33.4406902;-70.5332603;CARLOS SILVA VILDOSOLA, La Reina, Santiago, Chile
2025-11-29 17:41:28;La Reina;casa;Excelente Casa Ideal Familia;16650;CLF;4 dormitorios;4 baños;180 m² útiles;4 dormitorios | 4 baños | 180 m² útiles;Carlos Silva Vildósola 8556, 7860099 Santiago, La Reina, Región Metropolitana, Chile, Carlos Ossandón, La Reina;;-33.438415;-70.5419401;Carlos Silva Vildósola 8556, La Reina, Santiago, Chile
2025-11-29 17:41:28;La Reina;casa;Casa En Venta En La Reina;15500;CLF;3 dormitorios;3 baños;280 m² útiles;3 dormitorios | 3 baños | 280 m² útiles;Vicente Perez Rosales, La Reina;;-33.4409003;-70.5527101;Vicente Perez Rosales, La Reina, Santiago, Chile
2025-11-29 17:41:28;La Reina;casa;Casa En Venta En La Reina;11440;CLF;3 dormitorios;3 baños;132 m² útiles;3 dormitorios | 3 baños | 132 m² útiles;LARRAIN, La Reina;;-33.4313451;-70.5703186;LARRAIN, La Reina, Santiago, Chile
2025-11-29 17:41:28;La Reina;casa;Casa En Venta De 3 Dorm. En La Reina;7500;CLF;3 dormitorios;3 baños;82 m² útiles;3 dormitorios | 3 baños | 82 m² útiles;Vicente Bourquet 541, La Reina, Carlos Ossandón, La Reina;;-33.4564075;-70.5513564;Vicente Bourquet 541, La Reina, Santiago, Chile
2025-11-29 17:41:28;La Reina;casa;Casa En Venta En La Reina;16500;CLF;3 dormitorios;3 baños;140 m² útiles;3 dormitorios | 3 baños | 140 m² útiles;Alvaro Casanova , Maria Monvel , La Reina, La Reina Alta, La Reina;;-33.4509256;-70.520225;Alvaro Casanova, La Reina, Santiago, Chile
2025-11-29 17:41:28;La Reina;casa;Casa En Venta De 3 Dorm. En La Reina;16500;CLF;3 dormitorios;3 baños;140 m² útiles;3 dormitorios | 3 baños | 140 m² útiles;Alvaro Casanova , Maria Monvel , La Reina, La Reina Alta, La Reina;;-33.4509256;-70.520225;Alvaro Casanova, La Reina, Santiago, Chile
2025-11-29 17:41:28;La Reina;casa;Vive El Encanto Retro. Casa En Venta En Barrio Lle...;9850;CLF;4 dormitorios;2 baños;158 m² útiles;4 dormitorios | 2 baños | 158 m² útiles;La Reina;;-33.442282;-70.5432729;La Reina, Santiago, Chile
2025-11-29 17:41:28;La Reina;casa;Venta Moderna Y Cómoda Casa En Condominio La Reina...;18990;CLF;4 dormitorios;3 baños;200 m² útiles;4 dormitorios | 3 baños | 200 m² útiles;La Reina;;-33.442282;-70.5432729;La Reina, Santiago, Chile
2025-11-29 17:41:28;La Reina;casa;No Te La Pierdas ! Casa En Condominio Con Excelent...;6900;CLF;3 dormitorios;1 baño;77 m² útiles;3 dormitorios | 1 baño | 77 m² útiles;La Reina, Palmas De Mallorca;;-33.4430242;-70.5337236;La Reina, La Reina, Santiago, Chile
2025-11-29 17:41:28;La Reina;casa;En Exclusivo Condominio, Carlos Ossandon.;12600;CLF;3 dormitorios;3 baños;135 m² útiles;3 dormitorios | 3 baños | 135 m² útiles;La Reina, Carlos Ossandón;;-33.4430242;-70.5337236;La Reina, La Reina, Santiago, Chile
2025-11-29 17:41:28;La Reina;casa;Casa En Venta En Alcalde Fernando Castillo Velasco;12000;CLF;4 dormitorios;3 baños;140 m² útiles;4 dormitorios | 3 baños | 140 m² útiles;ALCALDE FERNANDO CASTILLO VELASCO / NUEVA LARRAÍN, La Reina;;-33.4522157;-70.5362183;ALCALDE FERNANDO CASTILLO VELASCO / NUEVA LARRAÍN, La Reina, Santiago, Chile
2025-11-29 17:41:28;La Reina;casa;Excelente Ubicación, Casa En Venta En La Reina Cen...;13195;CLF;5 dormitorios;3 baños;175 m² útiles;5 dormitorios | 3 baños | 175 m² útiles;La Reina, Palmas De Mallorca;;-33.4430242;-70.5337236;La Reina, La Reina, Santiago, Chile
2025-11-29 17:41:28;La Reina;casa;Preciosa Y Amplia Casa De Estilo Chileno En Venta ...;14500;CLF;5 dormitorios;4 baños;176 m² útiles;5 dormitorios | 4 baños | 176 m² útiles;La Reina, La Reina Alta;;-33.4430242;-70.5337236;La Reina, La Reina, Santiago, Chile
2025-11-29 17:41:28;La Reina;casa;Casa En Venta En La Reina Alta: Excelente Ubicació...;17650;CLF;5 dormitorios;3 baños;182 m² útiles;5 dormitorios | 3 baños | 182 m² útiles;Santiago, La Reina Alta, La Reina;;-33.4430242;-70.5337236;Santiago, La Reina, Santiago, Chile
2025-11-29 17:41:28;La Reina;casa;En Seguro Condominio, Julia Bernstein.;15200;CLF;4 dormitorios;4 baños;165 m² útiles;4 dormitorios | 4 baños | 165 m² útiles;La Reina, La Reina Alta;;-33.4430242;-70.5337236;La Reina, La Reina, Santiago, Chile
2025-11-29 17:41:28;La Reina;casa;Black Property. Increíble Casa En La Reina, Con Vi...;66500;CLF;7 dormitorios;5 baños;800 m² útiles;7 dormitorios | 5 baños | 800 m² útiles;La Reina, Metro Príncipe De Gales - Country Club;;-33.4430242;-70.5337236;La Reina, La Reina, Santiago, Chile
2025-11-29 17:41:28;La Reina;casa;A La Venta Casa En Excelente Ubicación;8500;CLF;3 dormitorios;2 baños;124 m² útiles;3 dormitorios | 2 baños | 124 m² útiles;La Reina, Palmas De Mallorca;;-33.4430242;-70.5337236;La Reina, La Reina, Santiago, Chile
2025-11-29 17:41:28;La Reina;casa;Preciosa, Mediterránea Y Con Amplio Terreno;16300;CLF;4 dormitorios;3 baños;140 m² útiles;4 dormitorios | 3 baños | 140 m² útiles;La Reina, Carlos Ossandón;;-33.4430242;-70.5337236;La Reina, La Reina, Santiago, Chile
2025-11-29 17:41:28;La Reina;casa;Vista Panorámica! Preciosa Casa En Condominio La R...;24225;CLF;4 dormitorios;3 baños;303 m² útiles;4 dormitorios | 3 baños | 303 m² útiles;La Reina, La Reina Alta;;-33.4430242;-70.5337236;La Reina, La Reina, Santiago, Chile
2025-11-29 17:41:28;La Reina;casa;En Venta Amplia Casa, Excelente Conectividad;13000;CLF;3 dormitorios;2 baños;180 m² útiles;3 dormitorios | 2 baños | 180 m² útiles;La Reina, Palmas De Mallorca;;-33.4430242;-70.5337236;La Reina, La Reina, Santiago, Chile
2025-11-29 17:41:28;La Reina;casa;Venta Maravillosa Casa Con Enorme Terreno Y Gran P...;43000;CLF;9 dormitorios;7 baños;635 m² útiles;9 dormitorios | 7 baños | 635 m² útiles;La Reina, La Reina Alta;;-33.4430242;-70.5337236;La Reina, La Reina, Santiago, Chile
2025-11-29 17:41:28;La Reina;casa;Con Vista Privilegiada Al Parque. La Reina.;13990;CLF;4 dormitorios;2 baños;140 m² útiles;4 dormitorios | 2 baños | 140 m² útiles;La Reina, Carlos Ossandón;;-33.4430242;-70.5337236;La Reina, La Reina, Santiago, Chile
2025-11-29 17:41:28;La Reina;casa;Casa En Comunidad Castillo Velasco  La Reina Alta;15100;CLF;4 dormitorios;3 baños;168 m² útiles;4 dormitorios | 3 baños | 168 m² útiles;La Reina;;-33.442282;-70.5432729;La Reina, Santiago, Chile
2025-11-29 17:41:28;La Reina;casa;Casa En Venta: Estilo Mediterráneo En El Corazón D...;15490;CLF;3 dormitorios;3 baños;160 m² útiles;3 dormitorios | 3 baños | 160 m² útiles;La Reina, Carlos Ossandón;;-33.4430242;-70.5337236;La Reina, La Reina, Santiago, Chile
2025-11-29 17:41:28;La Reina;casa; Con Vista Despejada Y En Exclusivo Condominio. La...;18900;CLF;5 dormitorios;4 baños;232 m² útiles;5 dormitorios | 4 baños | 232 m² útiles;La Reina, La Reina Alta;;-33.4430242;-70.5337236;La Reina, La Reina, Santiago, Chile
2025-11-29 17:41:28;La Reina;casa;¡encantadora Casa A La Venta Con Arquitectura Únic...;22300;CLF;4 dormitorios;3 baños;230 m² útiles;4 dormitorios | 3 baños | 230 m² útiles;La Reina, La Reina Alta;;-33.4430242;-70.5337236;La Reina, La Reina, Santiago, Chile
2025-11-29 17:41:28;La Reina;casa;Venta: Preciosa Y Elegante Casa En La Mejor Zona R...;20800;CLF;5 dormitorios;4 baños;320 m² útiles;5 dormitorios | 4 baños | 320 m² útiles;La Reina, Carlos Ossandón;;-33.4430242;-70.5337236;La Reina, La Reina, Santiago, Chile
2025-11-29 17:41:28;La Reina;casa;Preciosa Casa Remodelada A La Venta En La Reina;16900;CLF;6 dormitorios;5 baños;275 m² útiles;6 dormitorios | 5 baños | 275 m² útiles;La Reina, Metro Príncipe De Gales - Country Club;;-33.4430242;-70.5337236;La Reina, La Reina, Santiago, Chile
2025-11-29 17:41:28;La Reina;casa;Con Amplio Terreno Y Excelente Conectividad ;12990;CLF;4 dormitorios;2 baños;127 m² útiles;4 dormitorios | 2 baños | 127 m² útiles;Chile, La Reina Alta, La Reina;;-33.4430242;-70.5337236;Chile, La Reina, Santiago, Chile
2025-11-29 17:41:28;La Reina;casa;Espectacular Y Amplia Casa En Venta En Exclusivo C...;23500;CLF;5 dormitorios;4 baños;338 m² útiles;5 dormitorios | 4 baños | 338 m² útiles;La Reina, La Reina Alta;;-33.4430242;-70.5337236;La Reina, La Reina, Santiago, Chile
2025-11-29 17:41:28;La Reina;casa;Venta De Casa En Precioso Condominio En La Reina A...;16910;CLF;3 dormitorios;2 baños;161 m² útiles;3 dormitorios | 2 baños | 161 m² útiles;La Reina, La Reina Alta;;-33.4430242;-70.5337236;La Reina, La Reina, Santiago, Chile
2025-11-29 17:41:28;La Reina;casa;Amplia E Impecable: Linda Casa De Un Piso En Venta...;16900;CLF;4 dormitorios;3 baños;188 m² útiles;4 dormitorios | 3 baños | 188 m² útiles;La Reina, Carlos Ossandón;;-33.4430242;-70.5337236;La Reina, La Reina, Santiago, Chile
2025-11-29 17:41:28;La Reina;casa;Sin Comisión! Hermosas Casas A Estrenar En Condomi...;18990;CLF;4 dormitorios;3 baños;139 m² útiles;4 dormitorios | 3 baños | 139 m² útiles;La Reina, Carlos Ossandón;;-33.4430242;-70.5337236;La Reina, La Reina, Santiago, Chile
2025-11-29 17:41:28;La Reina;casa;Venta De Casa En La Reina. Para Uso Residencial Y ...;30000;CLF;3 dormitorios;4 baños;299 m² útiles;3 dormitorios | 4 baños | 299 m² útiles;La Reina, Metro Príncipe De Gales - Country Club;;-33.4430242;-70.5337236;La Reina, La Reina, Santiago, Chile
2025-11-29 17:41:28;La Reina;casa;Tu Próxima Casa Está En La Reina: Condominio Segur...;12900;CLF;4 dormitorios;3 baños;140 m² útiles;4 dormitorios | 3 baños | 140 m² útiles;La Reina, Carlos Ossandón;;-33.4430242;-70.5337236;La Reina, La Reina, Santiago, Chile
2025-11-29 17:41:28;La Reina;casa;Amplia Casa De Un Piso En Terreno De 554 M²;13990;CLF;6 dormitorios;3 baños;163 m² útiles;6 dormitorios | 3 baños | 163 m² útiles;La Reina, Metro Príncipe De Gales - Country Club;;-33.4430242;-70.5337236;La Reina, La Reina, Santiago, Chile
2025-11-29 17:41:28;La Reina;casa;Linda Casa Con Departamento Independiente. En Vent...;12990;CLF;4 dormitorios;3 baños;191 m² útiles;4 dormitorios | 3 baños | 191 m² útiles;La Reina, Palmas De Mallorca;;-33.4430242;-70.5337236;La Reina, La Reina, Santiago, Chile
2025-11-29 17:41:28;La Reina;casa;Exclusiva Propiedad En Recinto Con Seguridad 24/7....;21600;CLF;3 dormitorios;3 baños;257 m² útiles;3 dormitorios | 3 baños | 257 m² útiles;La Reina, La Reina Alta;;-33.4430242;-70.5337236;La Reina, La Reina, Santiago, Chile
2025-11-29 17:41:28;La Reina;casa;Amplia Casa En Exclusivo Condominio.;21500;CLF;7 dormitorios;4 baños;271 m² útiles;7 dormitorios | 4 baños | 271 m² útiles;La Reina, Carlos Ossandón;;-33.4430242;-70.5337236;La Reina, La Reina, Santiago, Chile
2025-11-29 17:41:28;La Reina;casa;Gran Y Espectacular Casa, La Reina Alta;25640;CLF;8 dormitorios;6 baños;373 m² útiles;8 dormitorios | 6 baños | 373 m² útiles;La Reina;;-33.442282;-70.5432729;La Reina, Santiago, Chile
2025-11-29 17:41:28;La Reina;casa;No Te La Pierdas! Linda Casa En Condominio En Sect...;13500;CLF;4 dormitorios;3 baños;151 m² útiles;4 dormitorios | 3 baños | 151 m² útiles;Santiago, Carlos Ossandón, La Reina;;-33.4430242;-70.5337236;Santiago, La Reina, Santiago, Chile
2025-11-29 17:41:59;La Reina;casa;Maravillosa Casa Con Gran Jardín, En Condominio No...;20800;CLF;5 dormitorios;4 baños;210 m² útiles;5 dormitorios | 4 baños | 210 m² útiles;La Reina, La Reina Alta;;-33.4430242;-70.5337236;La Reina, La Reina, Santiago, Chile
2025-11-29 17:41:59;La Reina;casa;En Condominio Y A Minutos De The Grange School.;10500;CLF;4 dormitorios;3 baños;128 m² útiles;4 dormitorios | 3 baños | 128 m² útiles;La Reina, Metro Príncipe De Gales - Country Club;;-33.4430242;-70.5337236;La Reina, La Reina, Santiago, Chile
2025-11-29 17:41:59;La Reina;casa;Excelente Casa En Venta En Seguro Y Céntrico Condo...;14990;CLF;4 dormitorios;3 baños;180 m² útiles;4 dormitorios | 3 baños | 180 m² útiles;La Reina, Carlos Ossandón;;-33.4430242;-70.5337236;La Reina, La Reina, Santiago, Chile
2025-11-29 17:41:59;La Reina;casa;Venta Maravillosa Casa En Condominio. Mejor Sector...;17000;CLF;5 dormitorios;4 baños;206 m² útiles;5 dormitorios | 4 baños | 206 m² útiles;La Reina, La Reina Alta;;-33.4430242;-70.5337236;La Reina, La Reina, Santiago, Chile
2025-11-29 17:41:59;La Reina;casa;Venta Casa En Pasaje Cerrado Tranquila Zona Reside...;12100;CLF;5 dormitorios;4 baños;180 m² útiles;5 dormitorios | 4 baños | 180 m² útiles;La Reina, Carlos Ossandón;;-33.4430242;-70.5337236;La Reina, La Reina, Santiago, Chile
2025-11-29 17:41:59;La Reina;casa;La Reina Central, Venta De Casa;22500;CLF;5 dormitorios;4 baños;240 m² útiles;5 dormitorios | 4 baños | 240 m² útiles;La Reina, Carlos Ossandón;;-33.4430242;-70.5337236;La Reina, La Reina, Santiago, Chile
2025-11-29 17:41:59;La Reina;casa;Exclusividad, Amplitud Y Vanguardia. Moderna Casa ...;33000;CLF;5 dormitorios;5 baños;470 m² útiles;5 dormitorios | 5 baños | 470 m² útiles;La Reina, La Reina Alta;;-33.4430242;-70.5337236;La Reina, La Reina, Santiago, Chile
2025-11-29 17:41:59;La Reina;casa;Amplia Y Linda Casa En Pasaje Cerrado En Venta En ...;13880;CLF;3 dormitorios;3 baños;225 m² útiles;3 dormitorios | 3 baños | 225 m² útiles;La Reina, Carlos Ossandón;;-33.4430242;-70.5337236;La Reina, La Reina, Santiago, Chile
2025-11-29 17:41:59;La Reina;casa;Preciosa Casa Mediterránea En Condominio En La Rei...;26500;CLF;4 dormitorios;3 baños;252 m² útiles;4 dormitorios | 3 baños | 252 m² útiles;La Reina, La Reina Alta;;-33.4430242;-70.5337236;La Reina, La Reina, Santiago, Chile
2025-11-29 17:41:59;La Reina;casa;Arquitectura De Vanguardia En La Reina Alta.;24000;CLF;5 dormitorios;5 baños;298 m² útiles;5 dormitorios | 5 baños | 298 m² útiles;Santiago, La Reina Alta, La Reina;;-33.4430242;-70.5337236;Santiago, La Reina, Santiago, Chile
2025-11-29 17:41:59;La Reina;casa; Full Oportunidad, Estética Cálida Y Tradicional. ...;19760;CLF;7 dormitorios;5 baños;310 m² útiles;7 dormitorios | 5 baños | 310 m² útiles;La Reina, La Reina Alta;;-33.4430242;-70.5337236;La Reina, La Reina, Santiago, Chile
2025-11-29 17:41:59;La Reina;casa;Casa A La Venta En La Reina En Excelente Ubicación;15300;CLF;3 dormitorios;2 baños;150 m² útiles;3 dormitorios | 2 baños | 150 m² útiles;La Reina, Metro Príncipe De Gales - Country Club;;-33.4430242;-70.5337236;La Reina, La Reina, Santiago, Chile
2025-11-29 17:41:59;La Reina;casa;Exclusiva Propiedad En Venta De Un Piso, Cercana A...;14386;CLF;4 dormitorios;3 baños;176 m² útiles;4 dormitorios | 3 baños | 176 m² útiles;Santiago, Palmas De Mallorca, La Reina;;-33.4430242;-70.5337236;Santiago, La Reina, Santiago, Chile
2025-11-29 17:41:59;La Reina;casa;Black Property. Estilo Y Comodidad A Pasos Del Col...;20425;CLF;6 dormitorios;4 baños;269 m² útiles;6 dormitorios | 4 baños | 269 m² útiles;La Reina, Carlos Ossandón;;-33.4430242;-70.5337236;La Reina, La Reina, Santiago, Chile
2025-11-29 17:41:59;La Reina;casa;Casa En Venta La Reina Central Y Con Amplio Jardin;9990;CLF;5 dormitorios;3 baños;132 m² útiles;5 dormitorios | 3 baños | 132 m² útiles;La Reina, Palmas De Mallorca;;-33.4430242;-70.5337236;La Reina, La Reina, Santiago, Chile
2025-11-29 17:41:59;La Reina;casa;Venta De Maravillosa Casa Estilo Español Con Gran ...;73000;CLF;5 dormitorios;4 baños;843 m² útiles;5 dormitorios | 4 baños | 843 m² útiles;La Reina, La Reina Alta;;-33.4430242;-70.5337236;La Reina, La Reina, Santiago, Chile
2025-11-29 17:41:59;La Reina;casa;Excelente Oportunidad! Casa En Venta En La Mejor U...;15347;CLF;4 dormitorios;4 baños;180 m² útiles;4 dormitorios | 4 baños | 180 m² útiles;La Reina, Carlos Ossandón;;-33.4430242;-70.5337236;La Reina, La Reina, Santiago, Chile
2025-11-29 17:41:59;La Reina;casa;Casa A La Venta En La Reina  ;11000;CLF;6 dormitorios;4 baños;150 m² útiles;6 dormitorios | 4 baños | 150 m² útiles;La Reina, Carlos Ossandón;;-33.4430242;-70.5337236;La Reina, La Reina, Santiago, Chile
2025-11-29 17:41:59;La Reina;casa;A La Venta Amplia Y Linda Casa Con Acceso Al Count...;34800;CLF;6 dormitorios;4 baños;328 m² útiles;6 dormitorios | 4 baños | 328 m² útiles;La Reina, Metro Príncipe De Gales - Country Club;;-33.4430242;-70.5337236;La Reina, La Reina, Santiago, Chile
2025-11-29 17:41:59;La Reina;casa;Descubre Esta Moderna Y Funcional Casa En Venta En...;16500;CLF;4 dormitorios;3 baños;165 m² útiles;4 dormitorios | 3 baños | 165 m² útiles;La Reina, La Reina Alta;;-33.4430242;-70.5337236;La Reina, La Reina, Santiago, Chile
2025-11-29 17:41:59;La Reina;casa;Casa Con Jardín, En Un Entorno Con Excelente Conec...;13585;CLF;3 dormitorios;3 baños;153 m² útiles;3 dormitorios | 3 baños | 153 m² útiles;La Reina, Troncos Viejos;;-33.4430242;-70.5337236;La Reina, La Reina, Santiago, Chile
2025-11-29 17:41:59;La Reina;casa;Preciosa Casa A La Venta En La Reina;25300;CLF;4 dormitorios;3 baños;259 m² útiles;4 dormitorios | 3 baños | 259 m² útiles;La Reina, La Reina Alta;;-33.4430242;-70.5337236;La Reina, La Reina, Santiago, Chile
2025-11-29 17:41:59;La Reina;casa;Exclusiva Casa En Venta, La Reina Alta.;32500;CLF;3 dormitorios;3 baños;225 m² útiles;3 dormitorios | 3 baños | 225 m² útiles;La Reina, La Reina Alta;;-33.4430242;-70.5337236;La Reina, La Reina, Santiago, Chile
2025-11-29 17:41:59;La Reina;casa;En Venta. Hermosa, Amplia, Moderna Y Cálida Casa E...;18500;CLF;6 dormitorios;3 baños;140 m² útiles;6 dormitorios | 3 baños | 140 m² útiles;La Reina, Metro Príncipe De Gales - Country Club;;-33.4430242;-70.5337236;La Reina, La Reina, Santiago, Chile
2025-11-29 17:41:59;La Reina;casa;Diseño, Arquitectura Y Buen Espacio, Casa En Condo...;17090;CLF;3 dormitorios;4 baños;223 m² útiles;3 dormitorios | 4 baños | 223 m² útiles;La Reina, La Reina Alta;;-33.4430242;-70.5337236;La Reina, La Reina, Santiago, Chile
2025-11-29 17:41:59;La Reina;casa;Oportunidad! Excelente Propiedad Con Gran Terreno ...;19475;CLF;5 dormitorios;3 baños;222 m² útiles;5 dormitorios | 3 baños | 222 m² útiles;De Santiago, Carlos Ossandón, La Reina;;-33.4501509;-70.5381162;De Santiago, La Reina, Santiago, Chile
2025-11-29 17:41:59;La Reina;casa;Exclusiva Y Contemporánea Casa En Condominio !!;25900;CLF;4 dormitorios;5 baños;300 m² útiles;4 dormitorios | 5 baños | 300 m² útiles;La Reina, La Reina Alta;;-33.4430242;-70.5337236;La Reina, La Reina, Santiago, Chile
2025-11-29 17:41:59;La Reina;casa;Casa En Venta En Precioso Condominio En La Reina;14535;CLF;3 dormitorios;3 baños;153 m² útiles;3 dormitorios | 3 baños | 153 m² útiles;La Reina, Carlos Ossandón;;-33.4430242;-70.5337236;La Reina, La Reina, Santiago, Chile
2025-11-29 17:41:59;La Reina;casa;Oportunidad! Propiedad En Exclusivo Condominio Con...;16225;CLF;5 dormitorios;3 baños;155 m² útiles;5 dormitorios | 3 baños | 155 m² útiles;La Reina;;-33.442282;-70.5432729;La Reina, Santiago, Chile
2025-11-29 17:41:59;La Reina;casa;Venta De Acogedora Y Luminosa Casa En Condominio. ...;11700;CLF;3 dormitorios;2 baños;148 m² útiles;3 dormitorios | 2 baños | 148 m² útiles;La Reina, Carlos Ossandón;;-33.4430242;-70.5337236;La Reina, La Reina, Santiago, Chile
2025-11-29 17:41:59;La Reina;casa;Linda E Iluminada Casa A La Venta En La Reina;15700;CLF;4 dormitorios;2 baños;181 m² útiles;4 dormitorios | 2 baños | 181 m² útiles;La Reina, Troncos Viejos;;-33.4430242;-70.5337236;La Reina, La Reina, Santiago, Chile
2025-11-29 17:41:59;La Reina;casa;Venta En La Reina, Excelente Terreno Con 2 Casas E...;12850;CLF;9 dormitorios;5 baños;126 m² útiles;9 dormitorios | 5 baños | 126 m² útiles;La Reina, Palmas De Mallorca;;-33.4430242;-70.5337236;La Reina, La Reina, Santiago, Chile
2025-11-29 17:41:59;La Reina;casa;Recibe Ofertas!! Espectacular Casa En Venta La Rei...;31587;CLF;5 dormitorios;4 baños;392 m² útiles;5 dormitorios | 4 baños | 392 m² útiles;La Reina, La Reina Alta;;-33.4430242;-70.5337236;La Reina, La Reina, Santiago, Chile
2025-11-29 17:41:59;La Reina;casa;Venta Casa En La Reina. Naturaleza, Arboles Nativo...;16720;CLF;4 dormitorios;4 baños;139 m² útiles;4 dormitorios | 4 baños | 139 m² útiles;La Reina, Carlos Ossandón;;-33.4430242;-70.5337236;La Reina, La Reina, Santiago, Chile
2025-11-29 17:41:59;La Reina;casa;Espectacular Casa En Venta En Exclusivo Y Seguro C...;23900;CLF;5 dormitorios;4 baños;215 m² útiles;5 dormitorios | 4 baños | 215 m² útiles;La Reina, La Reina Alta;;-33.4430242;-70.5337236;La Reina, La Reina, Santiago, Chile
2025-11-29 17:41:59;La Reina;casa;Rebajada!! Casa A Estrenar En El Mejor Sector De L...;20990;CLF;4 dormitorios;4 baños;273 m² útiles;4 dormitorios | 4 baños | 273 m² útiles;La Reina, La Reina Alta;;-33.4430242;-70.5337236;La Reina, La Reina, Santiago, Chile
2025-11-29 17:41:59;La Reina;casa;Venta De Casa Con Gran Terreno En Tranquila Calle ...;16720;CLF;5 dormitorios;4 baños;207 m² útiles;5 dormitorios | 4 baños | 207 m² útiles;La Reina, Metro Príncipe De Gales - Country Club;;-33.4430242;-70.5337236;La Reina, La Reina, Santiago, Chile
2025-11-29 17:41:59;La Reina;casa;Maravillosa Castillo Velasco Remodelada En Condomi...;18490;CLF;3 dormitorios;3 baños;221 m² útiles;3 dormitorios | 3 baños | 221 m² útiles;La Reina, La Reina Alta;;-33.4430242;-70.5337236;La Reina, La Reina, Santiago, Chile
2025-11-29 17:41:59;La Reina;casa;Venta De Hermosa Casa Mediterránea En Condominio. ...;18990;CLF;7 dormitorios;4 baños;220 m² útiles;7 dormitorios | 4 baños | 220 m² útiles;La Reina, Pepe Vila;;-33.4430242;-70.5337236;La Reina, La Reina, Santiago, Chile
2025-11-29 17:41:59;La Reina;casa;Amplia Casa En Venta En Pasaje Cerrado La Reina;15100;CLF;4 dormitorios;3 baños;168 m² útiles;4 dormitorios | 3 baños | 168 m² útiles;La Reina, Carlos Ossandón;;-33.4430242;-70.5337236;La Reina, La Reina, Santiago, Chile
2025-11-29 17:41:59;La Reina;casa;Espectacular Casa Familiar En Venta. La Reina;23000;CLF;4 dormitorios;3 baños;294 m² útiles;4 dormitorios | 3 baños | 294 m² útiles;La Reina, Carlos Ossandón;;-33.4430242;-70.5337236;La Reina, La Reina, Santiago, Chile
2025-11-29 17:41:59;La Reina;casa;Espectacular, Remodelada E Impecable. The Grange S...;28000;CLF;6 dormitorios;5 baños;213 m² útiles;6 dormitorios | 5 baños | 213 m² útiles;La Reina, Palmas De Mallorca;;-33.4430242;-70.5337236;La Reina, La Reina, Santiago, Chile
2025-11-29 17:41:59;La Reina;casa;Hermosa Y Cálida Casa En Condominio A La Venta En ...;19500;CLF;5 dormitorios;4 baños;204 m² útiles;5 dormitorios | 4 baños | 204 m² útiles;La Reina, La Reina Alta;;-33.4430242;-70.5337236;La Reina, La Reina, Santiago, Chile
2025-11-29 17:41:59;La Reina;casa; En Venta Amplia, Moderna Y Segura Casa En Condomi...;20300;CLF;4 dormitorios;4 baños;180 m² útiles;4 dormitorios | 4 baños | 180 m² útiles;La Reina, Carlos Ossandón;;-33.4430242;-70.5337236;La Reina, La Reina, Santiago, Chile
2025-11-29 17:41:59;La Reina;casa;Casa En Venta La Reina, Pasaje Cerrado;19900;CLF;4 dormitorios;5 baños;303 m² útiles;4 dormitorios | 5 baños | 303 m² útiles;La Reina, La Reina Alta;;-33.4430242;-70.5337236;La Reina, La Reina, Santiago, Chile
2025-11-29 17:41:59;La Reina;casa;Casa En Condominio Seguro A Pasos Del Colegio Andr...;13500;CLF;4 dormitorios;2 baños;114 m² útiles;4 dormitorios | 2 baños | 114 m² útiles;La Reina, Carlos Ossandón;;-33.4430242;-70.5337236;La Reina, La Reina, Santiago, Chile
2025-11-29 17:41:59;La Reina;casa;Amplia Y Luminosa Casa En Venta, La Reina.;18905;CLF;4 dormitorios;5 baños;210 m² útiles;4 dormitorios | 5 baños | 210 m² útiles;La Reina, La Reina Alta;;-33.4430242;-70.5337236;La Reina, La Reina, Santiago, Chile
2025-11-29 17:41:59;La Reina;casa;Venta De Moderna Y Segura Casa En La Reina Alta.;24500;CLF;4 dormitorios;4 baños;256 m² útiles;4 dormitorios | 4 baños | 256 m² útiles;La Reina, La Reina Alta;;-33.4430242;-70.5337236;La Reina, La Reina, Santiago, Chile
2025-11-29 17:42:05;La Reina;casa;Amplia Casa En Venta Estilo Chileno En La Reina;21000;CLF;5 dormitorios;3 baños;245 m² útiles;5 dormitorios | 3 baños | 245 m² útiles;La Reina, La Reina Alta;;-33.4430242;-70.5337236;La Reina, La Reina, Santiago, Chile
2025-11-29 17:42:05;La Reina;casa;Impecable Casa En Venta Tranquilo Condominio La Re...;15990;CLF;4 dormitorios;3 baños;165 m² útiles;4 dormitorios | 3 baños | 165 m² útiles;La Reina, La Reina Alta;;-33.4430242;-70.5337236;La Reina, La Reina, Santiago, Chile
2025-11-29 17:42:05;La Reina;casa;Casa Moderna Con Vista Despejada Y Conexión Natura...;24000;CLF;4 dormitorios;3 baños;255 m² útiles;4 dormitorios | 3 baños | 255 m² útiles;La Reina, La Reina Alta;;-33.4430242;-70.5337236;La Reina, La Reina, Santiago, Chile
2025-11-29 17:42:05;La Reina;casa;Impecable, Seguridad Y Belleza. Pasaje Cerrado Rei...;25690;CLF;5 dormitorios;4 baños;258 m² útiles;5 dormitorios | 4 baños | 258 m² útiles;La Reina, La Reina Alta;;-33.4430242;-70.5337236;La Reina, La Reina, Santiago, Chile
2025-11-29 17:42:05;La Reina;casa;Venta De Linda Casa En Condominio, La Reina;28000;CLF;5 dormitorios;4 baños;398 m² útiles;5 dormitorios | 4 baños | 398 m² útiles;Onofre Jarpa, La Reina Alta, La Reina;;-33.4351374;-70.5225613;Onofre Jarpa, La Reina, Santiago, Chile
2025-11-29 17:42:05;La Reina;casa;Oportunidad, Inigualable Entorno, Venta De Casa En...;26190;CLF;7 dormitorios;5 baños;256 m² útiles;7 dormitorios | 5 baños | 256 m² útiles;La Reina, Carlos Ossandón;;-33.4430242;-70.5337236;La Reina, La Reina, Santiago, Chile
2025-11-29 17:42:05;La Reina;casa;Encantadora Y Cálida Casa En Venta. La Reina Alta;33500;CLF;6 dormitorios;5 baños;387 m² útiles;6 dormitorios | 5 baños | 387 m² útiles;Santiago, La Reina Alta, La Reina;;-33.4430242;-70.5337236;Santiago, La Reina, Santiago, Chile
2025-11-29 17:42:05;La Reina;casa;Impecable Casa De Un Piso En Tranquilo Barrio Cerc...;14500;CLF;4 dormitorios;3 baños;165 m² útiles;4 dormitorios | 3 baños | 165 m² útiles;La Reina, Carlos Ossandón;;-33.4430242;-70.5337236;La Reina, La Reina, Santiago, Chile
2025-11-29 17:42:05;La Reina;casa;Casa Con Gran Terreno En La Reina;28000;CLF;5 dormitorios;4 baños;250 m² útiles;5 dormitorios | 4 baños | 250 m² útiles;La Reina, Carlos Ossandón;;-33.4430242;-70.5337236;La Reina, La Reina, Santiago, Chile
2025-11-29 17:42:05;La Reina;casa;En Venta Asombrosa Casa De Lujo De Un Piso Con Gra...;54500;CLF;5 dormitorios;5 baños;497 m² útiles;5 dormitorios | 5 baños | 497 m² útiles;La Reina, La Reina Alta;;-33.4430242;-70.5337236;La Reina, La Reina, Santiago, Chile
2025-11-29 17:42:05;La Reina;casa;,en Condominio Casa En Venta En La Reina ;15500;CLF;4 dormitorios;3 baños;163 m² útiles;4 dormitorios | 3 baños | 163 m² útiles;La Reina, La Reina Alta;;-33.4430242;-70.5337236;La Reina, La Reina, Santiago, Chile
2025-11-29 17:42:05;La Reina;casa;Linda Casa Tipo Townhouse En Venta La Reina A Paso...;8500;CLF;5 dormitorios;2 baños;120 m² útiles;5 dormitorios | 2 baños | 120 m² útiles;La Reina, Pepe Vila;;-33.4430242;-70.5337236;La Reina, La Reina, Santiago, Chile
2025-11-29 17:42:05;La Reina;casa;Black Property - Casa Aislada, Cerca Del Metro Y C...;12160;CLF;3 dormitorios;1 baño;120 m² útiles;3 dormitorios | 1 baño | 120 m² útiles;La Reina, Palmas De Mallorca;;-33.4430242;-70.5337236;La Reina, La Reina, Santiago, Chile
2025-11-29 17:42:05;La Reina;casa;Linda E Iluminada Casa A La Venta En La Reina;15430;CLF;3 dormitorios;1 baño;123 m² útiles;3 dormitorios | 1 baño | 123 m² útiles;La Reina, Carlos Ossandón;;-33.4430242;-70.5337236;La Reina, La Reina, Santiago, Chile
2025-11-29 17:42:05;La Reina;casa;Preciosa Casa En Venta Comunidad Fernando Castillo...;15300;CLF;4 dormitorios;3 baños;160 m² útiles;4 dormitorios | 3 baños | 160 m² útiles;La Reina, La Reina Alta;;-33.4430242;-70.5337236;La Reina, La Reina, Santiago, Chile
2025-11-29 17:42:05;La Reina;casa;  Venta De Hermosa Casa Mediterránea En Condominio...;23400;CLF;6 dormitorios;4 baños;210 m² útiles;6 dormitorios | 4 baños | 210 m² útiles;La Reina, La Reina Alta;;-33.4430242;-70.5337236;La Reina, La Reina, Santiago, Chile
2025-11-29 17:42:05;La Reina;casa;Linda Casa En Condominio En La Reina. Excelente Pr...;12800;CLF;5 dormitorios;3 baños;140 m² útiles;5 dormitorios | 3 baños | 140 m² útiles;Las Condes, La Reina Alta, La Reina;;-33.4084548;-70.5671489;Las Condes, La Reina, Santiago, Chile
2025-11-29 17:42:05;La Reina;casa;Country Club, Extraordinaria Casa En Venta, La Rei...;23000;CLF;5 dormitorios;4 baños;304 m² útiles;5 dormitorios | 4 baños | 304 m² útiles;La Reina, Palmas De Mallorca;;-33.4430242;-70.5337236;La Reina, La Reina, Santiago, Chile
2025-11-29 17:42:05;La Reina;casa;Preciosa Casa Emplazada En Gran Terreno;22900;CLF;5 dormitorios;3 baños;222 m² útiles;5 dormitorios | 3 baños | 222 m² útiles;La Reina, La Reina Alta;;-33.4430242;-70.5337236;La Reina, La Reina, Santiago, Chile
2025-11-29 17:42:05;La Reina;casa;Venta De Gran Casa En La Reina, Cercana Al Colegio...;15200;CLF;5 dormitorios;3 baños;230 m² útiles;5 dormitorios | 3 baños | 230 m² útiles;La Reina, Carlos Ossandón;;-33.4430242;-70.5337236;La Reina, La Reina, Santiago, Chile
2025-11-29 17:42:05;La Reina;casa;Casa A La Venta En La Reina Con Gran Potencial;10764;CLF;3 dormitorios;2 baños;104 m² útiles;3 dormitorios | 2 baños | 104 m² útiles;La Reina, Blest Gana;;-33.4430242;-70.5337236;La Reina, La Reina, Santiago, Chile
2025-11-29 17:42:05;La Reina;casa;Preciosa Casa En Venta En Tranquilo Condominio En ...;13500;CLF;4 dormitorios;3 baños;160 m² útiles;4 dormitorios | 3 baños | 160 m² útiles;La Reina, Carlos Ossandón;;-33.4430242;-70.5337236;La Reina, La Reina, Santiago, Chile
2025-11-29 17:42:05;La Reina;casa;Casa Con Espectacular Terreno La Reina Alta;49500;CLF;5 dormitorios;4 baños;420 m² útiles;5 dormitorios | 4 baños | 420 m² útiles;La Reina, La Reina Alta;;-33.4430242;-70.5337236;La Reina, La Reina, Santiago, Chile
2025-11-29 17:42:05;La Reina;casa; Venta En La Reina: Casa Familiar En Condominio ...;20500;CLF;6 dormitorios;5 baños;248 m² útiles;6 dormitorios | 5 baños | 248 m² útiles;La Reina, Carlos Ossandón;;-33.4430242;-70.5337236;La Reina, La Reina, Santiago, Chile
2025-11-29 17:42:05;La Reina;casa;Black Property - Hermosa Casa Estilo Chileno, Rode...;24700;CLF;3 dormitorios;3 baños;220 m² útiles;3 dormitorios | 3 baños | 220 m² útiles;La Reina, Carlos Ossandón;;-33.4430242;-70.5337236;La Reina, La Reina, Santiago, Chile
2025-11-29 17:42:05;La Reina;casa;Venta De Hermosa Casa En Condominio!;19475;CLF;5 dormitorios;3 baños;228 m² útiles;5 dormitorios | 3 baños | 228 m² útiles;La Reina, La Reina Alta;;-33.4430242;-70.5337236;La Reina, La Reina, Santiago, Chile
2025-11-29 17:42:05;La Reina;casa;Gran Casa Con Espectacular Terreno, La Reina Alta.;56000;CLF;5 dormitorios;4 baños;330 m² útiles;5 dormitorios | 4 baños | 330 m² útiles;La Reina, La Reina Alta;;-33.4430242;-70.5337236;La Reina, La Reina, Santiago, Chile
2025-11-29 17:42:05;La Reina;casa;De Alto Diseño Y Estética, En Condominio La Reina ...;17500;CLF;5 dormitorios;3 baños;192 m² útiles;5 dormitorios | 3 baños | 192 m² útiles;La Reina, La Reina Alta;;-33.4430242;-70.5337236;La Reina, La Reina, Santiago, Chile
2025-11-29 17:42:05;La Reina;casa;Ideal Para Remodelar: Casa En Venta La Reina A Pas...;10600;CLF;3 dormitorios;2 baños;129 m² útiles;3 dormitorios | 2 baños | 129 m² útiles;La Reina, Francisco De Villagra;;-33.4430242;-70.5337236;La Reina, La Reina, Santiago, Chile
2025-11-29 17:42:05;La Reina;casa;Venta De Linda Casa En Condominio, La Reina;18000;CLF;4 dormitorios;4 baños;160 m² útiles;4 dormitorios | 4 baños | 160 m² útiles;La Reina, La Reina Alta;;-33.4430242;-70.5337236;La Reina, La Reina, Santiago, Chile
2025-11-29 17:42:05;La Reina;casa;Alvaro Casanova, Amplia Casa En Venta , La Reina .;27800;CLF;6 dormitorios;4 baños;306 m² útiles;6 dormitorios | 4 baños | 306 m² útiles;La Reina, La Reina Alta;;-33.4430242;-70.5337236;La Reina, La Reina, Santiago, Chile
2025-11-29 17:42:05;La Reina;casa;Black Property!!! Hermosa Casa En Venta En La Rein...;13765;CLF;4 dormitorios;3 baños;140 m² útiles;4 dormitorios | 3 baños | 140 m² útiles;Las Perdices, La Reina Alta, La Reina;;-33.4607843;-70.5305924;Las Perdices, La Reina, Santiago, Chile
2025-11-29 17:42:05;La Reina;casa;Casa En Venta Ideal Para Remodelar Habitacional O ...;15900;CLF;4 dormitorios;3 baños;131 m² útiles;4 dormitorios | 3 baños | 131 m² útiles;La Reina, Metro Príncipe De Gales - Country Club;;-33.4430242;-70.5337236;La Reina, La Reina, Santiago, Chile
2025-11-29 17:42:05;La Reina;casa;Linda Casa En Condominio Al Lado Del Colegio Briti...;15500;CLF;3 dormitorios;3 baños;140 m² útiles;3 dormitorios | 3 baños | 140 m² útiles;Santiago, La Reina;;-33.4430242;-70.5337236;Santiago, La Reina, Santiago, Chile
2025-11-29 17:42:05;La Reina;casa;¡oportunidad, Casa En Venta Bajo Precio De Tasació...;9965;CLF;4 dormitorios;3 baños;117 m² útiles;4 dormitorios | 3 baños | 117 m² útiles;Santiago, Pepe Vila, La Reina;;-33.4430242;-70.5337236;Santiago, La Reina, Santiago, Chile
2025-11-29 17:42:05;La Reina;casa;Venta Casa Completamente Remodelada, La Reina  ;15200;CLF;5 dormitorios;3 baños;187 m² útiles;5 dormitorios | 3 baños | 187 m² útiles;La Reina, Palmas De Mallorca;;-33.4430242;-70.5337236;La Reina, La Reina, Santiago, Chile
2025-11-29 17:42:05;La Reina;casa;Linda Casa En Venta, La Reina.;15071;CLF;4 dormitorios;3 baños;221 m² útiles;4 dormitorios | 3 baños | 221 m² útiles;La Reina, Carlos Ossandón;;-33.4430242;-70.5337236;La Reina, La Reina, Santiago, Chile
2025-11-29 17:42:05;La Reina;casa;Venta De Moderna Casa En Condominio- La Reina Alta...;22695;CLF;5 dormitorios;3 baños;220 m² útiles;5 dormitorios | 3 baños | 220 m² útiles;La Reina, La Reina Alta;;-33.4430242;-70.5337236;La Reina, La Reina, Santiago, Chile
2025-11-29 17:42:05;La Reina;casa;Amplia Casa En Venta, Colegio British, La Reina;13790;CLF;4 dormitorios;3 baños;182 m² útiles;4 dormitorios | 3 baños | 182 m² útiles;La Reina, La Reina Alta;;-33.4430242;-70.5337236;La Reina, La Reina, Santiago, Chile
2025-11-29 17:42:05;La Reina;casa;Alvaro Casanova, Casa En Venta  De Diseño Y Arquit...;37000;CLF;5 dormitorios;8 baños;540 m² útiles;5 dormitorios | 8 baños | 540 m² útiles;La Reina, La Reina Alta;;-33.4430242;-70.5337236;La Reina, La Reina, Santiago, Chile
2025-11-29 17:42:05;La Reina;casa;Venta De Casa En La Reina  Luminosa Y Acogedora P...;12540;CLF;3 dormitorios;2 baños;145 m² útiles;3 dormitorios | 2 baños | 145 m² útiles;La Reina, La Reina Alta;;-33.4430242;-70.5337236;La Reina, La Reina, Santiago, Chile
2025-11-29 17:42:05;La Reina;casa;El Sendero, Alvaro Casanova La Reina.;27000;CLF;4 dormitorios;4 baños;300 m² útiles;4 dormitorios | 4 baños | 300 m² útiles;La Reina, La Reina Alta;;-33.4430242;-70.5337236;La Reina, La Reina, Santiago, Chile
2025-11-29 17:42:05;La Reina;casa;Venta De Casa En La Reina. Ideal Para Empresas O R...;12800;CLF;5 dormitorios;2 baños;214 m² útiles;5 dormitorios | 2 baños | 214 m² útiles;La Reina, Francisco De Villagra;;-33.4430242;-70.5337236;La Reina, La Reina, Santiago, Chile
2025-11-29 17:42:05;La Reina;casa;Con Amplio Terreno Y Perfecta Ubicación. La Reina ;20000;CLF;6 dormitorios;4 baños;248 m² útiles;6 dormitorios | 4 baños | 248 m² útiles;La Reina, Carlos Ossandón;;-33.4430242;-70.5337236;La Reina, La Reina, Santiago, Chile
2025-11-29 17:42:05;La Reina;casa;Para Remodelar, Oportunidad, La Reina Alta;14500;CLF;4 dormitorios;2 baños;210 m² útiles;4 dormitorios | 2 baños | 210 m² útiles;La Reina, Villa La Reina;;-33.4430242;-70.5337236;La Reina, La Reina, Santiago, Chile
2025-11-29 17:42:05;La Reina;casa;Linda Casa, Fdo Castillo Velasco. La Reina;12000;CLF;4 dormitorios;3 baños;140 m² útiles;4 dormitorios | 3 baños | 140 m² útiles;La Reina;;-33.442282;-70.5432729;La Reina, Santiago, Chile
2025-11-29 17:42:05;La Reina;casa; Venta Casa Remodelada De Un Piso, La Reina;13190;CLF;3 dormitorios;3 baños;200 m² útiles;3 dormitorios | 3 baños | 200 m² útiles;La Reina, Metro Príncipe De Gales - Country Club;;-33.4430242;-70.5337236;La Reina, La Reina, Santiago, Chile
2025-11-29 17:42:05;La Reina;casa;La Reina, Venta Amplia Casa Plaza Ossandón.;19997;CLF;6 dormitorios;6 baños;317 m² útiles;6 dormitorios | 6 baños | 317 m² útiles;La Reina, Carlos Ossandón;;-33.4430242;-70.5337236;La Reina, La Reina, Santiago, Chile
2025-11-29 17:42:46;La Reina;casa;Amplia Casa En Venta La Reina. Apta Para Proyecto ...;21800;CLF;4 dormitorios;3 baños;240 m² útiles;4 dormitorios | 3 baños | 240 m² útiles;La Reina, Palmas De Mallorca;;-33.4430242;-70.5337236;La Reina, La Reina, Santiago, Chile
2025-11-29 17:42:46;La Reina;casa;Helsby, Venta De Casa Mediterránea , La Reina.;29000;CLF;5 dormitorios;4 baños;324 m² útiles;5 dormitorios | 4 baños | 324 m² útiles;Onofre Jarpa, La Reina Alta, La Reina;;-33.4351374;-70.5225613;Onofre Jarpa, La Reina, Santiago, Chile
2025-11-29 17:42:46;La Reina;casa;Venta Casa Aislada En Simon Bolivar, La Reina.;14700;CLF;5 dormitorios;3 baños;162 m² útiles;5 dormitorios | 3 baños | 162 m² útiles;La Reina, Carlos Ossandón;;-33.4430242;-70.5337236;La Reina, La Reina, Santiago, Chile
2025-11-29 17:42:46;La Reina;casa;Oportunidad. Venta Amplia Casa Familiar, La Reina ...;17600;CLF;5 dormitorios;3 baños;309 m² útiles;5 dormitorios | 3 baños | 309 m² útiles;La Reina, La Reina Alta;;-33.4430242;-70.5337236;La Reina, La Reina, Santiago, Chile
2025-11-29 17:42:46;La Reina;casa;Casa Con Gran Terreno En La Reina;22161;CLF;4 dormitorios;2 baños;170 m² útiles;4 dormitorios | 2 baños | 170 m² útiles;La Reina, Palmas De Mallorca;;-33.4430242;-70.5337236;La Reina, La Reina, Santiago, Chile
2025-11-29 17:42:46;La Reina;casa;Black Property. Las Perdices, Oportunidad Casa En ...;23000;CLF;4 dormitorios;3 baños;237 m² útiles;4 dormitorios | 3 baños | 237 m² útiles;Santiago, La Reina;;-33.4430242;-70.5337236;Santiago, La Reina, Santiago, Chile
2025-11-29 17:42:46;La Reina;casa;Casa En Venta Principe De Gales, La Reina Alta.;20425;CLF;6 dormitorios;5 baños;405 m² útiles;6 dormitorios | 5 baños | 405 m² útiles;La Reina, Carlos Ossandón;;-33.4430242;-70.5337236;La Reina, La Reina, Santiago, Chile
2025-11-29 17:42:46;La Reina;casa;Venta Amplia Casa Estilo Fdo. Castillo Velasco. La...;15677;CLF;5 dormitorios;2 baños;177 m² útiles;5 dormitorios | 2 baños | 177 m² útiles;La Reina, Metro Príncipe De Gales - Country Club;;-33.4430242;-70.5337236;La Reina, La Reina, Santiago, Chile
2025-11-29 17:42:46;La Reina;casa;Linda Casa En Pasaje, Patio Con Quincho;11700;CLF;3 dormitorios;3 baños;155 m² útiles;3 dormitorios | 3 baños | 155 m² útiles;Príncipe De Gales, Carlos Ossandón, La Reina;;-33.440965;-70.540106;Príncipe De Gales, La Reina, Santiago, Chile
2025-11-29 17:42:46;La Reina;casa;Acogedora Casa En Venta Para Remodelar En La Reina...;21000;CLF;4 dormitorios;2 baños;217 m² útiles;4 dormitorios | 2 baños | 217 m² útiles;La Reina;;-33.442282;-70.5432729;La Reina, Santiago, Chile
2025-11-29 17:42:46;La Reina;casa;Excelente Terreno De 3000 Mts Aprox En La Reina. I...;80000;CLF;7 dormitorios;5 baños;500 m² útiles;7 dormitorios | 5 baños | 500 m² útiles;La Reina, Carlos Ossandón;;-33.4430242;-70.5337236;La Reina, La Reina, Santiago, Chile
2025-11-29 17:42:46;La Reina;casa;La Reina Alta. Venta Casa Para Remodelar Con Gran ...;23000;CLF;4 dormitorios;2 baños;294 m² útiles;4 dormitorios | 2 baños | 294 m² útiles;La Reina, La Reina Alta;;-33.4430242;-70.5337236;La Reina, La Reina, Santiago, Chile
2025-11-29 17:42:46;La Reina;casa;Venta De Casa En La Reina. Un Piso. Acogedor Patio...;14850;CLF;5 dormitorios;3 baños;135 m² útiles;5 dormitorios | 3 baños | 135 m² útiles;Francisco De Villagra, Francisco De Villagra, La Reina;;-33.4598829;-70.5620834;Francisco De Villagra, La Reina, Santiago, Chile
2025-11-29 17:42:46;La Reina;casa;Venta Casa Remodelada, La Reina .;25300;CLF;4 dormitorios;4 baños;247 m² útiles;4 dormitorios | 4 baños | 247 m² útiles;La Reina, La Reina Alta;;-33.4430242;-70.5337236;La Reina, La Reina, Santiago, Chile
2025-11-29 17:42:46;La Reina;casa;Casa Acogedora En La Reina, Cerca Del Country Club;13250;CLF;6 dormitorios;3 baños;280 m² útiles;6 dormitorios | 3 baños | 280 m² útiles;Príncipe De Gales, Carlos Ossandón, La Reina;;-33.440965;-70.540106;Príncipe De Gales, La Reina, Santiago, Chile
2025-11-29 17:42:46;La Reina;casa;Black Property. Excelente Conectividad Venta Casa ...;8075;CLF;4 dormitorios;3 baños;133 m² útiles;4 dormitorios | 3 baños | 133 m² útiles;La Reina, Metro Simón Bolivar;;-33.4430242;-70.5337236;La Reina, La Reina, Santiago, Chile
2025-11-29 17:42:46;La Reina;casa;Venta Casa La Reina, Metro Fernando Castillo Velas...;15650;CLF;4 dormitorios;3 baños;177 m² útiles;4 dormitorios | 3 baños | 177 m² útiles;Santiago, Palmas De Mallorca, La Reina;;-33.4430242;-70.5337236;Santiago, La Reina, Santiago, Chile
2025-11-29 17:42:46;La Reina;casa;Se Vende Hermosa Casa En La Reina, Ideal Para Inversión;13990;CLF;6 dormitorios;3 baños;163 m² útiles;6 dormitorios | 3 baños | 163 m² útiles;Salvador Izquierdo Pte 1944, 7850272 La Reina, Región Metropolitana, Chile, Metro Príncipe De Gales - Country Club, La Reina;;-33.4376611;-70.5564338;Salvador Izquierdo Pte 1944, La Reina, Santiago, Chile
2025-11-29 17:42:46;La Reina;casa;Black Property. Vista Panorámica En Condominio. Ca...;22800;CLF;5 dormitorios;3 baños;282 m² útiles;5 dormitorios | 3 baños | 282 m² útiles;La Reina, La Reina Alta;;-33.4430242;-70.5337236;La Reina, La Reina, Santiago, Chile
2025-11-29 17:42:46;La Reina;casa;Espectacular Casa En Venta De 4 Dorm. En La Reina;25600;CLF;4 dormitorios;5 baños;215 m² útiles;4 dormitorios | 5 baños | 215 m² útiles;ALVARO CASANOVA / MARIA MONVEL, La Reina Alta, La Reina;;-33.4371958;-70.5191394;ALVARO CASANOVA / MARIA MONVEL, La Reina, Santiago, Chile
2025-11-29 17:42:46;La Reina;casa;Venta De Casa Remodelada En La Reina Central ;17000;CLF;3 dormitorios;3 baños;223 m² útiles;3 dormitorios | 3 baños | 223 m² útiles;La Reina, Metro Príncipe De Gales - Country Club;;-33.4430242;-70.5337236;La Reina, La Reina, Santiago, Chile
2025-11-29 17:42:46;La Reina;casa;Casa Gran Espacio Y Jardin, Sector Con Seguridad .;21700;CLF;5 dormitorios;3 baños;270 m² útiles;5 dormitorios | 3 baños | 270 m² útiles;Valenzuela Puelma , , Santiago, La Reina;;-33.4326178;-70.521039;Valenzuela Puelma, La Reina, Santiago, Chile
2025-11-29 17:42:46;La Reina;casa;Luminosa En C. Castillo Velasco: Doble Altura Y Áreas Verdes;17490;CLF;4 dormitorios;3 baños;176 m² útiles;4 dormitorios | 3 baños | 176 m² útiles;Carlos Silva Vildósola ,, La Reina Alta, La Reina;;-33.4382904;-70.5434367;Carlos Silva Vildósola, La Reina, Santiago, Chile
2025-11-29 17:42:46;La Reina;casa;Hermosa Casa Con Jardin En Pasaje;16300;CLF;5 dormitorios;5 baños;171 m² útiles;5 dormitorios | 5 baños | 171 m² útiles;Av. Echeñique ,, Carlos Ossandón, La Reina;;-33.4456626;-70.5693118;Av. Echeñique, La Reina, Santiago, Chile
2025-11-29 17:42:46;La Reina;casa;Jardín Formado Y Amplios Espacios, En Condominio;16300;CLF;5 dormitorios;5 baños;171 m² útiles;5 dormitorios | 5 baños | 171 m² útiles;Av. Echeñique ,, Carlos Ossandón, La Reina;;-33.4456626;-70.5693118;Av. Echeñique, La Reina, Santiago, Chile
2025-11-29 17:42:46;La Reina;casa;Acogedora Casa En Venta La Reina;6800;CLF;3 dormitorios;2 baños;90 m² útiles;3 dormitorios | 2 baños | 90 m² útiles;La Reina;;-33.442282;-70.5432729;La Reina, Santiago, Chile
2025-11-29 17:42:46;La Reina;casa;Oportunidad Única: Casa En Venta - Entorno Familia...;13490;CLF;4 dormitorios;3 baños;184 m² útiles;4 dormitorios | 3 baños | 184 m² útiles;La Reina, La Reina Alta;;-33.4430242;-70.5337236;La Reina, La Reina, Santiago, Chile
2025-11-29 17:42:46;La Reina;casa;Acogedora Casa Familiar De Dos Pisos En Excelente ...;12635;CLF;5 dormitorios;3 baños;202 m² útiles;5 dormitorios | 3 baños | 202 m² útiles;La Reina, Carlos Ossandón;;-33.4430242;-70.5337236;La Reina, La Reina, Santiago, Chile
2025-11-29 17:42:46;La Reina;casa;En Venta, La Reina Precioso Condominio Familiar;11000;CLF;4 dormitorios;3 baños;220 m² útiles;4 dormitorios | 3 baños | 220 m² útiles;De Santiago, Carlos Ossandón, La Reina;;-33.4501509;-70.5381162;De Santiago, La Reina, Santiago, Chile
2025-11-29 17:42:46;La Reina;casa;En Venta Casa En Exclusivo Condominio De La Reina ...;17200;CLF;4 dormitorios;3 baños;199 m² útiles;4 dormitorios | 3 baños | 199 m² útiles;La Reina, La Reina Alta;;-33.4430242;-70.5337236;La Reina, La Reina, Santiago, Chile
2025-11-29 17:42:46;La Reina;casa;Tu Nuevo Hogar En El Barrio Que Siempre Soñaste. C...;14850;CLF;4 dormitorios;3 baños;192 m² útiles;4 dormitorios | 3 baños | 192 m² útiles;La Reina, Carlos Ossandón;;-33.4430242;-70.5337236;La Reina, La Reina, Santiago, Chile
2025-11-29 17:42:46;La Reina;casa;A Pasos Colegio British,lindo Condominio.;12800;CLF;4 dormitorios;2 baños;140 m² útiles;4 dormitorios | 2 baños | 140 m² útiles;La Reina, La Reina Alta;;-33.4430242;-70.5337236;La Reina, La Reina, Santiago, Chile
2025-11-29 17:42:46;La Reina;casa;Impecable Y Cálida, Cercana Andrée.;13100;CLF;3 dormitorios;3 baños;150 m² útiles;3 dormitorios | 3 baños | 150 m² útiles;Santiago, Carlos Ossandón, La Reina;;-33.4430242;-70.5337236;Santiago, La Reina, Santiago, Chile
2025-11-29 17:42:46;La Reina;casa;Se Vende Cómoda Y Acogedora Casa  En Condominio, L...;15600;CLF;4 dormitorios;3 baños;139 m² útiles;4 dormitorios | 3 baños | 139 m² útiles;La Reina, La Reina Alta;;-33.4430242;-70.5337236;La Reina, La Reina, Santiago, Chile
2025-11-29 17:42:46;La Reina;casa; Luminosa E Impecable Casa En Exclusivo Condominio;16680;CLF;5 dormitorios;4 baños;182 m² útiles;5 dormitorios | 4 baños | 182 m² útiles;Casa D, La Reina Alta, La Reina;;-33.4384943;-70.5669366;Casa D, La Reina, Santiago, Chile
2025-11-29 17:42:46;La Reina;casa;Ubicación Y Amplitud Para Tu Familia: Casa De Un P...;12900;CLF;4 dormitorios;3 baños;159 m² útiles;4 dormitorios | 3 baños | 159 m² útiles;La Reina, Palmas De Mallorca;;-33.4430242;-70.5337236;La Reina, La Reina, Santiago, Chile
2025-11-29 17:42:46;La Reina;casa;Luminosa Casa En Exclusiva Calle Residencial. ;13000;CLF;4 dormitorios;3 baños;140 m² útiles;4 dormitorios | 3 baños | 140 m² útiles;La Reina, Carlos Ossandón;;-33.4430242;-70.5337236;La Reina, La Reina, Santiago, Chile
2025-11-29 17:42:46;La Reina;casa;Casa En Venta La Reina Central: Oportunidad De Inv...;8800;CLF;6 dormitorios;3 baños;156 m² útiles;6 dormitorios | 3 baños | 156 m² útiles;La Reina, Palmas De Mallorca;;-33.4430242;-70.5337236;La Reina, La Reina, Santiago, Chile
2025-11-29 17:42:46;La Reina;casa;Venta Amplia Y Acogedora Casa  A Pasos De Linea De...;13500;CLF;3 dormitorios;2 baños;116 m² útiles;3 dormitorios | 2 baños | 116 m² útiles;La Reina, Metro Simón Bolivar;;-33.4430242;-70.5337236;La Reina, La Reina, Santiago, Chile
2025-11-29 17:42:46;La Reina;casa;Casa Ideal Para Remodelar, Con Excelente Ubicación;7000;CLF;3 dormitorios;1 baño;93 m² útiles;3 dormitorios | 1 baño | 93 m² útiles;La Reina, Francisco De Villagra;;-33.4430242;-70.5337236;La Reina, La Reina, Santiago, Chile
2025-11-29 17:42:46;La Reina;casa;Venta De Casa En Condominio En La Reina Alta  Lum...;15700;CLF;4 dormitorios;3 baños;139 m² útiles;4 dormitorios | 3 baños | 139 m² útiles;La Reina, La Reina Alta;;-33.4430242;-70.5337236;La Reina, La Reina, Santiago, Chile
2025-11-29 17:42:46;La Reina;casa;Black Property. Condominio Privado Y Espacios Ampl...;11894;CLF;4 dormitorios;3 baños;140 m² útiles;4 dormitorios | 3 baños | 140 m² útiles;Las Perdices, La Reina Alta, La Reina;;-33.4607843;-70.5305924;Las Perdices, La Reina, Santiago, Chile
2025-11-29 17:42:46;La Reina;casa;Black Property. Venta Casa Con Increíble Potencial...;12500;CLF;4 dormitorios;4 baños;157 m² útiles;4 dormitorios | 4 baños | 157 m² útiles;La Reina, Carlos Ossandón;;-33.4430242;-70.5337236;La Reina, La Reina, Santiago, Chile
2025-11-29 17:42:46;La Reina;casa;Se Vende Espaciosa Casa En Exclusivo Condominio La...;15500;CLF;6 dormitorios;4 baños;275 m² útiles;6 dormitorios | 4 baños | 275 m² útiles;La Reina, Carlos Ossandón;;-33.4430242;-70.5337236;La Reina, La Reina, Santiago, Chile
2025-11-29 17:42:46;La Reina;casa;Oportunidad! Preciosa Casa Con Piscina Y Jardín!;14800;CLF;5 dormitorios;4 baños;160 m² útiles;5 dormitorios | 4 baños | 160 m² útiles;La Reina, La Reina Alta;;-33.4430242;-70.5337236;La Reina, La Reina, Santiago, Chile
2025-11-29 17:42:46;La Reina;casa;Black Property - Casa De Un Piso Con Amplios Espac...;16197;CLF;3 dormitorios;1 baño;152 m² útiles;3 dormitorios | 1 baño | 152 m² útiles;La Reina, Carlos Ossandón;;-33.4430242;-70.5337236;La Reina, La Reina, Santiago, Chile
2025-11-29 17:42:46;La Reina;casa;Casa De Muy Buen Potencial Ideal Para Remodelar;8600;CLF;3 dormitorios;1 baño;78 m² útiles;3 dormitorios | 1 baño | 78 m² útiles;La Reina, Carlos Ossandón;;-33.4430242;-70.5337236;La Reina, La Reina, Santiago, Chile
2025-11-29 17:43:34;La Reina;casa;Venta De Preciosa Casa En La Reina Remodelada A Es...;17000;CLF;5 dormitorios;3 baños;229 m² útiles;5 dormitorios | 3 baños | 229 m² útiles;La Reina, Palmas De Mallorca;;-33.4430242;-70.5337236;La Reina, La Reina, Santiago, Chile
2025-11-29 17:43:34;La Reina;casa;Black Property.  Casa En Pasaje Cerrado, Excelente...;9500;CLF;4 dormitorios;3 baños;140 m² útiles;4 dormitorios | 3 baños | 140 m² útiles;La Reina, Metro Simón Bolivar;;-33.4430242;-70.5337236;La Reina, La Reina, Santiago, Chile
2025-11-29 17:43:34;La Reina;casa;Casa En Venta La Reina Sector Privilegiado: Diseño...;15200;CLF;5 dormitorios;3 baños;139 m² útiles;5 dormitorios | 3 baños | 139 m² útiles;La Reina;;-33.442282;-70.5432729;La Reina, Santiago, Chile
2025-11-29 17:43:34;La Reina;casa;Precio Oportunidad! Casa En Exclusivo Condominio D...;11950;CLF;4 dormitorios;3 baños;140 m² útiles;4 dormitorios | 3 baños | 140 m² útiles;La Reina, La Reina Alta;;-33.4430242;-70.5337236;La Reina, La Reina, Santiago, Chile
2025-11-29 17:43:34;La Reina;casa;Amplia Casa En Venta, La Reina.;13000;CLF;5 dormitorios;3 baños;195 m² útiles;5 dormitorios | 3 baños | 195 m² útiles;La Reina, Carlos Ossandón;;-33.4430242;-70.5337236;La Reina, La Reina, Santiago, Chile
2025-11-29 17:43:34;La Reina;casa;Hermosa, Amplia Y En Condominio. Casa En Venta Cer...;22100;CLF;4 dormitorios;4 baños;328 m² útiles;4 dormitorios | 4 baños | 328 m² útiles;La Reina, La Reina Alta;;-33.4430242;-70.5337236;La Reina, La Reina, Santiago, Chile
2025-11-29 17:43:34;La Reina;casa;Amplia Y De Construcción Superior. La Reina Alta.;20800;CLF;6 dormitorios;4 baños;345 m² útiles;6 dormitorios | 4 baños | 345 m² útiles;La Reina, La Reina Alta;;-33.4430242;-70.5337236;La Reina, La Reina, Santiago, Chile
2025-11-29 17:43:34;La Reina;casa; Townhouse En Sector Residencial Con Excelente Con...;7990;CLF;3 dormitorios;3 baños;118 m² útiles;3 dormitorios | 3 baños | 118 m² útiles;La Reina, Carlos Ossandón;;-33.4430242;-70.5337236;La Reina, La Reina, Santiago, Chile
2025-11-29 17:43:34;La Reina;casa;Casa En Venta En Carlos Ossandón Con Piscina;17900;CLF;4 dormitorios;3 baños;220 m² útiles;4 dormitorios | 3 baños | 220 m² útiles;Carlos Ossandón 1672, 7.8603e+06 - 7.8606e+06 La Reina, Región Metropolitana, Chile, Carlos Ossandón, La Reina;;-33.4396371;-70.543277;Carlos Ossandón 1672, La Reina, Santiago, Chile
2025-11-29 17:43:34;La Reina;casa;Black Property!!! Linda Casa A La Venta En La Rein...;18002;CLF;5 dormitorios;4 baños;248 m² útiles;5 dormitorios | 4 baños | 248 m² útiles;La Reina, Troncos Viejos;;-33.4430242;-70.5337236;La Reina, La Reina, Santiago, Chile
2025-11-29 17:43:34;La Reina;casa;Encanto Clásico En Ladrillo Y Balcones.;15600;CLF;3 dormitorios;2 baños;161 m² útiles;3 dormitorios | 2 baños | 161 m² útiles;La Reina, Carlos Ossandón;;-33.4430242;-70.5337236;La Reina, La Reina, Santiago, Chile
2025-11-29 17:43:34;La Reina;casa;Iluminada Casa En Venta, La Reina;15500;CLF;4 dormitorios;2 baños;160 m² útiles;4 dormitorios | 2 baños | 160 m² útiles;La Reina, La Reina Alta;;-33.4430242;-70.5337236;La Reina, La Reina, Santiago, Chile
2025-11-29 17:43:34;La Reina;casa;En Venta Casa, La Reina ;8100;CLF;4 dormitorios;2 baños;144 m² útiles;4 dormitorios | 2 baños | 144 m² útiles;La Reina, Metro Príncipe De Gales - Country Club;;-33.4430242;-70.5337236;La Reina, La Reina, Santiago, Chile
2025-11-29 17:43:34;La Reina;casa;¡venta De Casa Con Gran Terreno Y Muy Buena Conect...;17000;CLF;5 dormitorios;4 baños;198 m² útiles;5 dormitorios | 4 baños | 198 m² útiles;La Reina, Carlos Ossandón;;-33.4430242;-70.5337236;La Reina, La Reina, Santiago, Chile
2025-11-29 17:43:34;La Reina;casa;Black Property!!! Acogedora Casa A La Venta En La ...;8740;CLF;4 dormitorios;2 baños;113 m² útiles;4 dormitorios | 2 baños | 113 m² útiles;La Reina, Carlos Ossandón;;-33.4430242;-70.5337236;La Reina, La Reina, Santiago, Chile
2025-11-29 17:43:34;La Reina;casa;Casa Mediterránea,  Colegio British Royal School C...;14990;CLF;5 dormitorios;4 baños;166 m² útiles;5 dormitorios | 4 baños | 166 m² útiles;Santiago, La Reina;;-33.4430242;-70.5337236;Santiago, La Reina, Santiago, Chile
2025-11-29 17:43:34;La Reina;casa;Luminosa, Jardín Formado, Condominio Seguro. V.pérez Rosales;14500;CLF;4 dormitorios;4 baños;165 m² útiles;4 dormitorios | 4 baños | 165 m² útiles;Vicente Pérez Rosales ,, Carlos Ossandón, La Reina;;-33.437425;-70.5512194;Vicente Pérez Rosales, La Reina, Santiago, Chile
2025-11-29 17:43:34;La Reina;casa;Venta De Hermosa Y Amplia Casa En La Reina Alta!;15000;CLF;4 dormitorios;3 baños;180 m² útiles;4 dormitorios | 3 baños | 180 m² útiles;La Reina, La Reina Alta;;-33.4430242;-70.5337236;La Reina, La Reina, Santiago, Chile
2025-11-29 17:43:34;La Reina;casa;Oportunidad!  Casa Remodelada En Venta, La Reina.;14920;CLF;4 dormitorios;4 baños;180 m² útiles;4 dormitorios | 4 baños | 180 m² útiles;Príncipe De Gales, Metro Príncipe De Gales - Country Club, La Reina;;-33.440965;-70.540106;Príncipe De Gales, La Reina, Santiago, Chile
2025-11-29 17:43:34;La Reina;casa;Venta De Casa En La Reina Cercana Country Club Y T...;15600;CLF;3 dormitorios;2 baños;201 m² útiles;3 dormitorios | 2 baños | 201 m² útiles;La Reina, Metro Príncipe De Gales - Country Club;;-33.4430242;-70.5337236;La Reina, La Reina, Santiago, Chile
2025-11-29 17:43:34;La Reina;casa;Elegancia Mediterránea.;16140;CLF;5 dormitorios;3 baños;170 m² útiles;5 dormitorios | 3 baños | 170 m² útiles;La Reina, La Reina Alta;;-33.4430242;-70.5337236;La Reina, La Reina, Santiago, Chile
2025-11-29 17:43:34;La Reina;casa;Impecable Y Linda Casa En Venta En  La Reina;13959;CLF;4 dormitorios;4 baños;175 m² útiles;4 dormitorios | 4 baños | 175 m² útiles;La Reina, Carlos Ossandón;;-33.4430242;-70.5337236;La Reina, La Reina, Santiago, Chile
2025-11-29 17:43:34;La Reina;casa;Oportunidad. Linda Y Cómoda Casa En Condominio Seg...;13550;CLF;4 dormitorios;2 baños;148 m² útiles;4 dormitorios | 2 baños | 148 m² útiles;La Reina, Carlos Ossandón;;-33.4430242;-70.5337236;La Reina, La Reina, Santiago, Chile
2025-11-29 17:43:34;La Reina;casa;Funcional Y Moderna Casa En Venta La Reina ;7950;CLF;3 dormitorios;2 baños;112 m² útiles;3 dormitorios | 2 baños | 112 m² útiles;La Reina, Pepe Vila;;-33.4430242;-70.5337236;La Reina, La Reina, Santiago, Chile
2025-11-29 17:43:34;La Reina;casa; Remodelada, Metros Del Metro Y De Mall Plaza Egañ...;9100;CLF;3 dormitorios;2 baños;172 m² útiles;3 dormitorios | 2 baños | 172 m² útiles;La Reina, Metro Simón Bolivar;;-33.4430242;-70.5337236;La Reina, La Reina, Santiago, Chile
2025-11-29 17:43:34;La Reina;casa;Recien Remodelada Impecable;8650;CLF;3 dormitorios;2 baños;93 m² útiles;3 dormitorios | 2 baños | 93 m² útiles;Januario Espinoza 6900 - 7200, La Reina, Francisco De Villagra, La Reina;;-33.4618998;-70.5551017;Januario Espinoza 6900 - 7200, La Reina, Santiago, Chile
2025-11-29 17:43:34;La Reina;casa;Hermosa Con Jardin En Comdominio;16300;CLF;5 dormitorios;5 baños;171 m² útiles;5 dormitorios | 5 baños | 171 m² útiles;Av. Echeñique ,, Carlos Ossandón, La Reina;;-33.4456626;-70.5693118;Av. Echeñique, La Reina, Santiago, Chile
2025-11-29 17:43:34;La Reina;casa;Tobalaba, La Reina. Solida Casa De Esquina. 3 Habi...;6900;CLF;3 dormitorios;3 baños;110 m² útiles;3 dormitorios | 3 baños | 110 m² útiles;La Reina, Francisco De Villagra;;-33.4430242;-70.5337236;La Reina, La Reina, Santiago, Chile
2025-11-29 17:43:34;La Reina;casa;Amplia Y Preciosa Casa En Venta En Comuna La Reina...;17900;CLF;7 dormitorios;5 baños;241 m² útiles;7 dormitorios | 5 baños | 241 m² útiles;La Reina, Carlos Ossandón;;-33.4430242;-70.5337236;La Reina, La Reina, Santiago, Chile
2025-11-29 17:43:34;La Reina;casa;Para Remodelar!! Casa Aislada En Venta Pasaje Cerr...;7240;CLF;3 dormitorios;1 baño;88 m² útiles;3 dormitorios | 1 baño | 88 m² útiles;La Reina, Pepe Vila;;-33.4430242;-70.5337236;La Reina, La Reina, Santiago, Chile
2025-11-29 17:43:34;La Reina;casa;Excelente Conectividad A Pasos Del Metro. Impecabl...;10500;CLF;5 dormitorios;2 baños;162 m² útiles;5 dormitorios | 2 baños | 162 m² útiles;La Reina, Metro Simón Bolivar;;-33.4430242;-70.5337236;La Reina, La Reina, Santiago, Chile
2025-11-29 17:43:34;La Reina;casa;Venta De Hermosa Casa Completamente Remodelada!;10800;CLF;3 dormitorios;2 baños;127 m² útiles;3 dormitorios | 2 baños | 127 m² útiles;La Reina;;-33.442282;-70.5432729;La Reina, Santiago, Chile
2025-11-29 17:43:34;La Reina;casa;Exclusiva Casa, Completamente Amoblada.;22500;CLF;5 dormitorios;4 baños;240 m² útiles;5 dormitorios | 4 baños | 240 m² útiles;La Reina, La Reina Alta;;-33.4430242;-70.5337236;La Reina, La Reina, Santiago, Chile
2025-11-29 17:43:34;La Reina;casa; Venta De Iluminada Casa, La Reina;10250;CLF;3 dormitorios;3 baños;114 m² útiles;3 dormitorios | 3 baños | 114 m² útiles;La Reina, Palmas De Mallorca;;-33.4430242;-70.5337236;La Reina, La Reina, Santiago, Chile
2025-11-29 17:43:34;La Reina;casa;Casa A La Venta En Pasaje Cerrado En La Reina;9500;CLF;4 dormitorios;3 baños;103 m² útiles;4 dormitorios | 3 baños | 103 m² útiles;La Reina, Metro Príncipe De Gales - Country Club;;-33.4430242;-70.5337236;La Reina, La Reina, Santiago, Chile
2025-11-29 17:43:34;La Reina;casa;Black Property!!! Linda Casa A La Venta En La Rein...;16625;CLF;5 dormitorios;4 baños;259 m² útiles;5 dormitorios | 4 baños | 259 m² útiles;La Reina, Metro Simón Bolivar;;-33.4430242;-70.5337236;La Reina, La Reina, Santiago, Chile
2025-11-29 17:43:34;La Reina;casa;Venta Casa En Codomonio, La Reina.;289990000;CLP;4 dormitorios;3 baños;110 m² útiles;4 dormitorios | 3 baños | 110 m² útiles;Av. Alcalde Fernando Castillo Velasco 8650, Carlos Ossandón, La Reina;;-33.4518572;-70.537342;Av. Alcalde Fernando Castillo Velasco 8650, La Reina, Santiago, Chile
2025-11-29 17:43:34;La Reina;casa;Precio Cyber¡excelente Ubicación Y Terreno! Hermos...;8835;CLF;4 dormitorios;2 baños;133 m² útiles;4 dormitorios | 2 baños | 133 m² útiles;La Reina, Blest Gana;;-33.4430242;-70.5337236;La Reina, La Reina, Santiago, Chile
2025-11-29 17:43:34;La Reina;casa;Casa Mediterránea En Venta Onofre Jarpa La Reina;18300;CLF;4 dormitorios;3 baños;185 m² útiles;4 dormitorios | 3 baños | 185 m² útiles;La Reina, La Reina Alta;;-33.4430242;-70.5337236;La Reina, La Reina, Santiago, Chile
2025-11-29 17:43:34;La Reina;casa;Amplio Terreno, Y Muy Iluminada.;10490;CLF;4 dormitorios;2 baños;133 m² útiles;4 dormitorios | 2 baños | 133 m² útiles;La Reina, Metro Príncipe De Gales - Country Club;;-33.4430242;-70.5337236;La Reina, La Reina, Santiago, Chile
2025-11-29 17:43:34;La Reina;casa;Black Property. Estilo Vintage Y Naturaleza En Per...;10877;CLF;4 dormitorios;3 baños;118 m² útiles;4 dormitorios | 3 baños | 118 m² útiles;La Reina, Metro Príncipe De Gales - Country Club;;-33.4430242;-70.5337236;La Reina, La Reina, Santiago, Chile
2025-11-29 17:43:34;La Reina;casa;Oportunidad!! Venta De Hermosa Casa En La Reina Al...;14900;CLF;5 dormitorios;3 baños;186 m² útiles;5 dormitorios | 3 baños | 186 m² útiles;Santiago, La Reina Alta, La Reina;;-33.4430242;-70.5337236;Santiago, La Reina, Santiago, Chile
2025-11-29 17:43:34;La Reina;casa;Límite Con Las Condes! Hermosa Casa Con Full Conec...;9800;CLF;4 dormitorios;1 baño;119 m² útiles;4 dormitorios | 1 baño | 119 m² útiles;La Reina, Carlos Ossandón;;-33.4430242;-70.5337236;La Reina, La Reina, Santiago, Chile
2025-11-29 17:43:34;La Reina;casa;Excelente Ubicacion, Gran Espacio Barrio Seguro.;15700;CLF;4 dormitorios;4 baños;140 m² útiles;4 dormitorios | 4 baños | 140 m² útiles;Helsby ,, La Reina Alta, La Reina;;-33.4352645;-70.5399962;Helsby, La Reina, Santiago, Chile
2025-11-29 17:43:34;La Reina;casa;Fachada Continua. Encantadora. Calle Amado Nervo;8800;CLF;3 dormitorios;2 baños;125 m² útiles;3 dormitorios | 2 baños | 125 m² útiles;Amado Nervo ,, Metro Simón Bolivar, La Reina;;-33.4509196;-70.5617865;Amado Nervo, La Reina, Santiago, Chile
2025-11-29 17:43:34;La Reina;casa;Sector Icónico De La Reina;7124;CLF;3 dormitorios;2 baños;115 m² útiles;3 dormitorios | 2 baños | 115 m² útiles;La Reina, Palmas De Mallorca;;-33.4430242;-70.5337236;La Reina, La Reina, Santiago, Chile
2025-11-29 17:43:34;La Reina;casa;Inmejorable Ubicación En Condominio. Casa En Venta...;12600;CLF;4 dormitorios;3 baños;140 m² útiles;4 dormitorios | 3 baños | 140 m² útiles;La Reina, Carlos Ossandón;;-33.4430242;-70.5337236;La Reina, La Reina, Santiago, Chile
2025-11-29 17:44:16;La Reina;casa;Linda Y Acogedora Casa A La Venta En La Reina;6990;CLF;3 dormitorios;2 baños;76 m² útiles;3 dormitorios | 2 baños | 76 m² útiles;La Reina, Palmas De Mallorca;;-33.4430242;-70.5337236;La Reina, La Reina, Santiago, Chile
2025-11-29 17:44:16;La Reina;casa;Casa Acogedora Remodelada / Simón Bolívar Y Sta. Rita;7380;CLF;3 dormitorios;2 baños;84 m² útiles;3 dormitorios | 2 baños | 84 m² útiles;Palma De Mallorca 600 - 900, La Reina, Palmas De Mallorca, La Reina;;-29.9029729;-71.2467157;Palma De Mallorca 600 - 900, La Reina, Santiago, Chile
2025-11-29 17:44:16;La Reina;casa;Casa En Venta En La Reina Alta;20900;CLF;4 dormitorios;4 baños;264 m² útiles;4 dormitorios | 4 baños | 264 m² útiles;Alvaro Casanova 1800 - 2100, La Reina, La Reina Alta, La Reina;;-33.4528571;-70.5202665;Alvaro Casanova 1800 - 2100, La Reina, Santiago, Chile
2025-11-29 17:44:16;La Reina;casa;Casa En Venta En La Reina;13600;CLF;3 dormitorios;3 baños;200 m² útiles;3 dormitorios | 3 baños | 200 m² útiles;Ramón Laval, La Reina, Chile, Metro Príncipe De Gales - Country Club, La Reina;;-33.4387473;-70.5662791;Ramón Laval, La Reina, Santiago, Chile
2025-11-29 17:44:16;La Reina;casa;Casa En Venta En La Reina Alta;18500;CLF;4 dormitorios;5 baños;215 m² útiles;4 dormitorios | 5 baños | 215 m² útiles;Alvaro Casanova 1 - 300, Santiago, La Reina, La Reina Alta, La Reina;;-33.442754;-70.5193029;Alvaro Casanova 1 - 300, La Reina, Santiago, Chile
2025-11-29 17:44:16;La Reina;casa;Casa En Venta En La Reina Alta;15000;CLF;3 dormitorios;4 baños;192 m² útiles;3 dormitorios | 4 baños | 192 m² útiles;Valenzuela Llanos 600 - 900, Campo Militar La Reina, La Reina, La Reina Alta, La Reina;;-33.4409478;-70.5338347;Valenzuela Llanos 600 - 900, La Reina, Santiago, Chile
2025-11-29 17:44:16;La Reina;casa;Casa En Venta En La Reina Alta;17300;CLF;5 dormitorios;5 baños;185 m² útiles;5 dormitorios | 5 baños | 185 m² útiles;Alvaro Casanova 300 - 600, La Reina, Región Metropolitana, Chile, La Reina Alta, La Reina;;-33.442754;-70.5193029;Alvaro Casanova 300 - 600, La Reina, Santiago, Chile
2025-11-29 17:44:16;La Reina;casa;Casa En Venta En La Reina;19800;CLF;5 dormitorios;5 baños;317 m² útiles;5 dormitorios | 5 baños | 317 m² útiles;Av. Simón Bolívar 8100 - 8400, La Reina, Región Metropolitana, Chile, Carlos Ossandón, La Reina;;-33.4454396;-70.5565816;Av. Simón Bolívar 8100 - 8400, La Reina, Santiago, Chile
2025-11-29 17:44:16;La Reina;casa;Casa En Venta En Metro Príncipe De Gales;15500;CLF;;3 baños;132 m² útiles;3 baños | 132 m² útiles;Av. Príncipe De Gales 6600 - 6900, La Reina, Metro Príncipe De Gales - Country Club, La Reina;;-33.4385234;-70.5638002;Av. Príncipe De Gales 6600 - 6900, La Reina, Santiago, Chile
2025-11-29 17:44:16;La Reina;casa;Casa En Venta En Príncipe De Gales;21900;CLF;1 dormitorio;5 baños;186 m² útiles;1 dormitorio | 5 baños | 186 m² útiles;Avenida Príncipe De Gales 6600 - 6900, Metro Príncipe De Gales - Country Club, La Reina;;-33.4385234;-70.5638002;Avenida Príncipe De Gales 6600 - 6900, La Reina, Santiago, Chile
2025-11-29 17:44:16;La Reina;casa;Casa En Venta En La Reina Alta;28000;CLF;5 dormitorios;5 baños;319 m² útiles;5 dormitorios | 5 baños | 319 m² útiles;Helsby 9900 - 10200, La Reina, Región Metropolitana, Chile, La Reina Alta, La Reina;;-33.434341;-70.5261138;Helsby 9900 - 10200, La Reina, Santiago, Chile
2025-11-29 17:44:16;La Reina;casa;Casa En Venta En La Reina;10490;CLF;4 dormitorios;2 baños;133 m² útiles;4 dormitorios | 2 baños | 133 m² útiles;José Ortega Y Gasset 6900 - 7200, La Reina, Metro Príncipe De Gales - Country Club, La Reina;;-33.4363349;-70.5604536;José Ortega Y Gasset 6900 - 7200, La Reina, Santiago, Chile
2025-11-29 17:44:16;La Reina;casa;Casa En Venta En La Reina;7400;CLF;3 dormitorios;1 baño;70 m² útiles;3 dormitorios | 1 baño | 70 m² útiles;Av. Simón Bolívar 7200 - 7500, La Reina, Palmas De Mallorca, La Reina;;-33.4454396;-70.5565816;Av. Simón Bolívar 7200 - 7500, La Reina, Santiago, Chile
2025-11-29 17:44:16;La Reina;casa;Casa En Venta En La Reina Alta Con Piscina;21500;CLF;4 dormitorios;5 baños;279 m² útiles;4 dormitorios | 5 baños | 279 m² útiles;Alvaro Casanova 600 - 900, La Reina, La Reina Alta, La Reina;;-33.442754;-70.5193029;Alvaro Casanova 600 - 900, La Reina, Santiago, Chile
2025-11-29 17:44:16;La Reina;casa;Casa En Venta En La Reina Alta Con Piscina;17000;CLF;4 dormitorios;5 baños;207 m² útiles;4 dormitorios | 5 baños | 207 m² útiles;María Monvel 1800 - 2100, La Reina, La Reina Alta, La Reina;;-33.4471216;-70.5288691;María Monvel 1800 - 2100, La Reina, Santiago, Chile
2025-11-29 17:44:16;La Reina;casa;Casa En Venta En Las Perdices Con Piscina;12800;CLF;4 dormitorios;4 baños;140 m² útiles;4 dormitorios | 4 baños | 140 m² útiles;Av. Las Perdices 300 - 600, La Reina, Región Metropolitana, Chile, La Reina Alta, La Reina;;-33.4451334;-70.5311479;Av. Las Perdices 300 - 600, La Reina, Santiago, Chile
2025-11-29 17:44:16;La Reina;casa;Casa En Venta En Avda. Echeñique Con Jardín;14950;CLF;3 dormitorios;5 baños;140 m² útiles;3 dormitorios | 5 baños | 140 m² útiles;Av. Echeñique 7800 - 8100, La Reina, Región Metropolitana, Chile, Carlos Ossandón, La Reina;;-33.4456626;-70.5693118;Av. Echeñique 7800 - 8100, La Reina, Santiago, Chile
2025-11-29 17:44:16;La Reina;casa;Casa En Venta En S. Bolivar Con Jardín;20000;CLF;4 dormitorios;4 baños;180 m² útiles;4 dormitorios | 4 baños | 180 m² útiles;Simón Bolívar 8400 - 8700, La Reina, Chile, Carlos Ossandón, La Reina;;-33.4461845;-70.5719261;Simón Bolívar 8400 - 8700, La Reina, Santiago, Chile
2025-11-29 17:44:16;La Reina;casa;Casa En Venta En La Reina;8950;CLF;2 dormitorios;1 baño;110 m² útiles;2 dormitorios | 1 baño | 110 m² útiles;Los Maitenes 300 - 600, La Reina, Pepe Vila, La Reina;;-33.4572853;-70.554097;Los Maitenes 300 - 600, La Reina, Santiago, Chile
2025-11-29 17:44:16;La Reina;casa;Casa En Venta En Carlos Ossandón La Reina;12500;CLF;3 dormitorios;4 baños;153 m² útiles;3 dormitorios | 4 baños | 153 m² útiles;Av. Simón Bolívar 8400 - 8700, La Reina, Carlos Ossandón, La Reina;;-33.4454396;-70.5565816;Av. Simón Bolívar 8400 - 8700, La Reina, Santiago, Chile
2025-11-29 17:44:16;La Reina;casa;Casa En Venta En La Reina;15900;CLF;3 dormitorios;4 baños;140 m² útiles;3 dormitorios | 4 baños | 140 m² útiles;Valenzuela Puelma 8100 - 8400, La Reina, Chile, Carlos Ossandón, La Reina;;-33.4326178;-70.521039;Valenzuela Puelma 8100 - 8400, La Reina, Santiago, Chile
2025-11-29 17:44:16;La Reina;casa;Casa En Venta En La Reina Alta Con Piscina;31170;CLF;5 dormitorios;6 baños;426 m² útiles;5 dormitorios | 6 baños | 426 m² útiles;Julia Bernstein 1800 - 2100, La Reina, La Reina Alta, La Reina;;-33.4561434;-70.5262767;Julia Bernstein 1800 - 2100, La Reina, Santiago, Chile
2025-11-29 17:44:16;La Reina;casa;Casa En Venta En Country Club La Reina;70000;CLF;6 dormitorios;6 baños;630 m² útiles;6 dormitorios | 6 baños | 630 m² útiles;Nocedal 6300 - 6600, La Reina, Región Metropolitana, Chile, Metro Príncipe De Gales - Country Club, La Reina;;-33.4374447;-70.5553924;Nocedal 6300 - 6600, La Reina, Santiago, Chile
2025-11-29 17:44:16;La Reina;casa;Casa En Venta En La Reina Con Jardín;19500;CLF;4 dormitorios;4 baños;165 m² útiles;4 dormitorios | 4 baños | 165 m² útiles;Av. Príncipe De Gales 8100 - 8400, La Reina, Región Metropolitana, Chile, Carlos Ossandón, La Reina;;-33.4385234;-70.5638002;Av. Príncipe De Gales 8100 - 8400, La Reina, Santiago, Chile
2025-11-29 17:44:16;La Reina;casa;Casa En Venta En La Reina Alta;17200;CLF;4 dormitorios;5 baños;169 m² útiles;4 dormitorios | 5 baños | 169 m² útiles;María Monvel 1800 - 2100, La Reina, La Reina Alta, La Reina;;-33.4471216;-70.5288691;María Monvel 1800 - 2100, La Reina, Santiago, Chile
2025-11-29 17:44:16;La Reina;casa;Casa En Venta En La Reina Alta Con Jardín;33800;CLF;5 dormitorios;4 baños;311 m² útiles;5 dormitorios | 4 baños | 311 m² útiles;Julia Bernstein 600 - 900, La Reina, La Reina Alta, La Reina;;-33.4561434;-70.5262767;Julia Bernstein 600 - 900, La Reina, Santiago, Chile
2025-11-29 17:44:16;La Reina;casa;Casa En Venta En Carlos Ossandón, La Reina;12900;CLF;3 dormitorios;4 baños;140 m² útiles;3 dormitorios | 4 baños | 140 m² útiles;Carlos Ossandón 900 - 1200, La Reina, Carlos Ossandón, La Reina;;-33.4441551;-70.5435067;Carlos Ossandón 900 - 1200, La Reina, Santiago, Chile
2025-11-29 17:44:16;La Reina;casa;Casa En Venta En La Reina Alta Con Piscina;23500;CLF;5 dormitorios;5 baños;263 m² útiles;5 dormitorios | 5 baños | 263 m² útiles;Alvaro Casanova 300 - 600, La Reina, Región Metropolitana, Chile, La Reina Alta, La Reina;;-33.442754;-70.5193029;Alvaro Casanova 300 - 600, La Reina, Santiago, Chile
2025-11-29 17:44:16;La Reina;casa;Casa En Venta En Blest Gana Con Jardín;15000;CLF;4 dormitorios;2 baños;190 m² útiles;4 dormitorios | 2 baños | 190 m² útiles;Martín Rivas 6600 - 6900, La Reina, Región Metropolitana, Chile, Blest Gana, La Reina;;-33.4552116;-70.5593165;Martín Rivas 6600 - 6900, La Reina, Santiago, Chile
2025-11-29 17:44:16;La Reina;casa;Casa En Venta En La Reina Alta Con Piscina;24900;CLF;5 dormitorios;5 baños;340 m² útiles;5 dormitorios | 5 baños | 340 m² útiles;Onofre Jarpa 10200 - 10500, La Reina, La Reina Alta, La Reina;;-33.4351374;-70.5225613;Onofre Jarpa 10200 - 10500, La Reina, Santiago, Chile
2025-11-29 17:44:16;La Reina;casa;Casa En Venta En La Reina Alta;19950;CLF;4 dormitorios;4 baños;268 m² útiles;4 dormitorios | 4 baños | 268 m² útiles;Julia Bernstein 1200 - 1500, La Reina, Región Metropolitana, Chile, La Reina Alta, La Reina;;-33.4561434;-70.5262767;Julia Bernstein 1200 - 1500, La Reina, Santiago, Chile
2025-11-29 17:44:16;La Reina;casa;Casa En Venta En Príncipe De Gales Con Jardín;17000;CLF;4 dormitorios;4 baños;175 m² útiles;4 dormitorios | 4 baños | 175 m² útiles;Príncipe De Gales 8700 - 9000, La Reina, Región Metropolitana, Chile, Carlos Ossandón, La Reina;;-33.440965;-70.540106;Príncipe De Gales 8700 - 9000, La Reina, Santiago, Chile
2025-11-29 17:44:16;La Reina;casa;Casa En Venta En La Reina Alta Con Piscina;23400;CLF;4 dormitorios;5 baños;310 m² útiles;4 dormitorios | 5 baños | 310 m² útiles;Alvaro Casanova 300 - 600, La Reina, Región Metropolitana, Chile, La Reina Alta, La Reina;;-33.442754;-70.5193029;Alvaro Casanova 300 - 600, La Reina, Santiago, Chile
2025-11-29 17:44:16;La Reina;casa;Casa En Venta En Carlos Ossandón La Reina;19900;CLF;4 dormitorios;6 baños;193 m² útiles;4 dormitorios | 6 baños | 193 m² útiles;Nueva Larraín 8100 - 8400, La Reina, Región Metropolitana, Chile, Carlos Ossandón, La Reina;;-33.4524043;-70.5349908;Nueva Larraín 8100 - 8400, La Reina, Santiago, Chile
2025-11-29 17:44:16;La Reina;casa;Casa En Venta En La Reina;16900;CLF;3 dormitorios;4 baños;188 m² útiles;3 dormitorios | 4 baños | 188 m² útiles;Avenida Simón Bolívar 8100 - 8400, La Reina, Región Metropolitana, Chile, Carlos Ossandón, La Reina;;-33.4454396;-70.5565816;Avenida Simón Bolívar 8100 - 8400, La Reina, Santiago, Chile
2025-11-29 17:44:16;La Reina;casa;Casa En Venta En La Reina Con Jardín;9200;CLF;3 dormitorios;2 baños;115 m² útiles;3 dormitorios | 2 baños | 115 m² útiles;Av. Simón Bolívar 7200 - 7500, La Reina, Región Metropolitana, Chile, Palmas De Mallorca, La Reina;;-33.4454396;-70.5565816;Av. Simón Bolívar 7200 - 7500, La Reina, Santiago, Chile
2025-11-29 17:44:16;La Reina;casa;Casa En Venta En La Reina Alta;34425;CLF;4 dormitorios;4 baños;375 m² útiles;4 dormitorios | 4 baños | 375 m² útiles;Julia Bernstein 1058, La Reina, Región Metropolitana, Chile, La Reina Alta, La Reina;;-33.4405953;-70.5211179;Julia Bernstein 1058, La Reina, Santiago, Chile
2025-11-29 17:44:16;La Reina;casa;Casa En Venta En La Reina Alta;14900;CLF;5 dormitorios;4 baños;190 m² útiles;5 dormitorios | 4 baños | 190 m² útiles;Alvaro Casanova 300 - 600, La Reina, La Reina Alta, La Reina;;-33.442754;-70.5193029;Alvaro Casanova 300 - 600, La Reina, Santiago, Chile
2025-11-29 17:44:16;La Reina;casa;Casa En Condominio La Reina Alta;23000;CLF;4 dormitorios;4 baños;320 m² útiles;4 dormitorios | 4 baños | 320 m² útiles;Alvaro Casanova 1005, 7860242 La Reina, Región Metropolitana, Chile, La Reina Alta, La Reina;;-33.442754;-70.5193029;Alvaro Casanova 1005, La Reina, Santiago, Chile
2025-11-29 17:44:16;La Reina;casa;Casa En Venta En Carlos Ossandón La Reina;14900;CLF;4 dormitorios;4 baños;140 m² útiles;4 dormitorios | 4 baños | 140 m² útiles;Carlos Silva Vildósola 8700 - 9000, Carlos Ossandón, La Reina;;-33.4382904;-70.5434367;Carlos Silva Vildósola 8700 - 9000, La Reina, Santiago, Chile
2025-11-29 17:44:16;La Reina;casa;Casa En Venta En La Reina;12900;CLF;3 dormitorios;4 baños;140 m² útiles;3 dormitorios | 4 baños | 140 m² útiles;Av. Simón Bolívar 8100 - 8400, La Reina, Carlos Ossandón, La Reina;;-33.4454396;-70.5565816;Av. Simón Bolívar 8100 - 8400, La Reina, Santiago, Chile
2025-11-29 17:44:16;La Reina;casa;Casa En Venta En La Reina Alta;16680;CLF;4 dormitorios;4 baños;190 m² útiles;4 dormitorios | 4 baños | 190 m² útiles;Julia Bernstein 300 - 600, La Reina, Región Metropolitana, Chile, La Reina Alta, La Reina;;-33.4561434;-70.5262767;Julia Bernstein 300 - 600, La Reina, Santiago, Chile
2025-11-29 17:44:16;La Reina;casa;Casa En Venta En La Reina Con Piscina;13790;CLF;4 dormitorios;4 baños;183 m² útiles;4 dormitorios | 4 baños | 183 m² útiles;María Monvel 1 - 300, La Reina, Chile, La Reina Alta, La Reina;;-33.4471216;-70.5288691;María Monvel 1 - 300, La Reina, Santiago, Chile
2025-11-29 17:44:16;La Reina;casa;Casa En Venta En V. Puelma;21000;CLF;5 dormitorios;3 baños;242 m² útiles;5 dormitorios | 3 baños | 242 m² útiles;Valenzuela Puelma 9000 - 9300, La Reina, Chile, La Reina Alta, La Reina;;-33.4326178;-70.521039;Valenzuela Puelma 9000 - 9300, La Reina, Santiago, Chile
2025-11-29 17:44:16;La Reina;casa;Casa En Venta En Valenzuela Puelma;21000;CLF;4 dormitorios;3 baños;275 m² útiles;4 dormitorios | 3 baños | 275 m² útiles;Valenzuela Puelma 9300 - 9600, La Reina, Región Metropolitana, Chile, La Reina Alta, La Reina;;-33.4326178;-70.521039;Valenzuela Puelma 9300 - 9600, La Reina, Santiago, Chile
2025-11-29 17:44:16;La Reina;casa;Casa En Venta En José Zapiola;11000;CLF;3 dormitorios;3 baños;120 m² útiles;3 dormitorios | 3 baños | 120 m² útiles;José Zapiola 8100 - 8400, La Reina, Región Metropolitana, Chile, Carlos Ossandón, La Reina;;-33.4494456;-70.5535918;José Zapiola 8100 - 8400, La Reina, Santiago, Chile
2025-11-29 17:44:16;La Reina;casa;Casa En Venta En Álvaro Casanova;26500;CLF;4 dormitorios;4 baños;260 m² útiles;4 dormitorios | 4 baños | 260 m² útiles;Alvaro Casanova 1453, La Reina, La Reina Alta, La Reina;;-33.4428698;-70.5185923;Alvaro Casanova 1453, La Reina, Santiago, Chile
2025-11-29 17:44:52;La Reina;casa;Linda Casa En Condominio Sector Colegio British;14500;CLF;3 dormitorios;3 baños;140 m² útiles;3 dormitorios | 3 baños | 140 m² útiles;Av. Las Perdices 317, 7880748 La Reina, Región Metropolitana, Chile, La Reina;;-33.4525916;-70.5282501;Av. Las Perdices 317, La Reina, Santiago, Chile
2025-11-29 17:44:52;La Reina;casa;Casa En Venta En La Reina Con Piscina;15000;CLF;5 dormitorios;4 baños;180 m² útiles;5 dormitorios | 4 baños | 180 m² útiles;Av. Las Perdices 300 - 600, La Reina, Región Metropolitana, Chile, La Reina;;-33.4451334;-70.5311479;Av. Las Perdices 300 - 600, La Reina, Santiago, Chile
2025-11-29 17:44:52;La Reina;casa;Casa En Venta En La Reina Alta;19200;CLF;4 dormitorios;5 baños;210 m² útiles;4 dormitorios | 5 baños | 210 m² útiles;Escultora Rebeca Matte 1500 - 1800, La Reina, La Reina Alta, La Reina;;-33.4405598;-70.5297541;Escultora Rebeca Matte 1500 - 1800, La Reina, Santiago, Chile
2025-11-29 17:44:52;La Reina;casa;Casa En Venta En La Reina Con Jardín;18900;CLF;3 dormitorios;2 baños;251 m² útiles;3 dormitorios | 2 baños | 251 m² útiles;Simón Bolívar, La Reina, Chile, Palmas De Mallorca, La Reina;;-33.4461845;-70.5719261;Simón Bolívar, La Reina, Santiago, Chile
2025-11-29 17:44:52;La Reina;casa;Casa En Venta En La Reina Alta;17500;CLF;5 dormitorios;4 baños;194 m² útiles;5 dormitorios | 4 baños | 194 m² útiles;Julia Bernstein 1500 - 1800, Santiago, La Reina, La Reina Alta, La Reina;;-33.4561434;-70.5262767;Julia Bernstein 1500 - 1800, La Reina, Santiago, Chile
2025-11-29 17:44:52;La Reina;casa;Casa En Venta En La Reina;16450;CLF;3 dormitorios;3 baños;181 m² útiles;3 dormitorios | 3 baños | 181 m² útiles;Patricia Isidora 2100 - 2400, La Reina, Región Metropolitana, Chile, Troncos Viejos, La Reina;;-33.4338317;-70.5762876;Patricia Isidora 2100 - 2400, La Reina, Santiago, Chile
2025-11-29 17:44:52;La Reina;casa;Casa En Venta En La Reina;14700;CLF;5 dormitorios;4 baños;230 m² útiles;5 dormitorios | 4 baños | 230 m² útiles;Pedro Lobos 1734, La Reina, Carlos Ossandón, La Reina;;-33.4385812;-70.5489226;Pedro Lobos 1734, La Reina, Santiago, Chile
2025-11-29 17:44:52;La Reina;casa;Casa En Venta En La Reina Con Piscina;14000;CLF;3 dormitorios;2 baños;150 m² útiles;3 dormitorios | 2 baños | 150 m² útiles;Av. Simón Bolívar 7800 - 8100, La Reina, Región Metropolitana, Chile, Carlos Ossandón, La Reina;;-33.4454396;-70.5565816;Av. Simón Bolívar 7800 - 8100, La Reina, Santiago, Chile
2025-11-29 17:44:52;La Reina;casa;Casa En Venta En La Reina Alta;25000;CLF;4 dormitorios;5 baños;280 m² útiles;4 dormitorios | 5 baños | 280 m² útiles;Julia Bernstein 600 - 900, La Reina, Región Metropolitana, Chile, La Reina Alta, La Reina;;-33.4481507;-70.5233313;Julia Bernstein 600 - 900, La Reina, Santiago, Chile
2025-11-29 17:44:52;La Reina;casa;Casa En Venta En La Reina Alta;14500;CLF;3 dormitorios;3 baños;211 m² útiles;3 dormitorios | 3 baños | 211 m² útiles;Talinay 10200 - 10500, La Reina, La Reina Alta, La Reina;;-33.4589208;-70.5345958;Talinay 10200 - 10500, La Reina, Santiago, Chile
2025-11-29 17:44:52;La Reina;casa;Casa En Venta En La Reina Con Jardín;11000;CLF;4 dormitorios;2 baños;123 m² útiles;4 dormitorios | 2 baños | 123 m² útiles;Av. Príncipe De Gales 6600 - 6900, La Reina, Región Metropolitana, Chile, Metro Príncipe De Gales - Country Club, La Reina;;-33.4385234;-70.5638002;Av. Príncipe De Gales 6600 - 6900, La Reina, Santiago, Chile
2025-11-29 17:44:52;La Reina;casa;Casa En Venta En Álvaro Casanova;27500;CLF;5 dormitorios;5 baños;420 m² útiles;5 dormitorios | 5 baños | 420 m² útiles;Alvaro Casanova 976, La Reina, La Reina Alta, La Reina;;-33.442754;-70.5193029;Alvaro Casanova 976, La Reina, Santiago, Chile
2025-11-29 17:44:52;La Reina;casa;Casa En Venta En La Reina Alta;13800;CLF;3 dormitorios;4 baños;158 m² útiles;3 dormitorios | 4 baños | 158 m² útiles;Julia Bernstein, La Reina, La Reina Alta, La Reina;;-33.4481507;-70.5233313;Julia Bernstein, La Reina, Santiago, Chile
2025-11-29 17:44:52;La Reina;casa;Casa En Venta En Metro Fernando Castillo Con Jardín;13990;CLF;3 dormitorios;2 baños;145 m² útiles;3 dormitorios | 2 baños | 145 m² útiles;Amado Nervo, La Reina, Región Metropolitana, Chile, Metro Simón Bolivar, La Reina;;-33.4509196;-70.5617865;Amado Nervo, La Reina, Santiago, Chile
2025-11-29 17:44:52;La Reina;casa;Casa En Venta En Palmas De Mallorca Con Piscina;14500;CLF;5 dormitorios;5 baños;238 m² útiles;5 dormitorios | 5 baños | 238 m² útiles;Alcalá De Henares 7200 - 7500, La Reina, Palmas De Mallorca, La Reina;;-33.4484097;-70.5583464;Alcalá De Henares 7200 - 7500, La Reina, Santiago, Chile
2025-11-29 17:44:52;La Reina;casa;Casa En Venta En La Reina Alta Con Jardín;15300;CLF;3 dormitorios;4 baños;176 m² útiles;3 dormitorios | 4 baños | 176 m² útiles;María Monvel 600 - 900, La Reina, Región Metropolitana, Chile, La Reina Alta, La Reina;;-33.448866;-70.5295771;María Monvel 600 - 900, La Reina, Santiago, Chile
2025-11-29 17:44:52;La Reina;casa;Casa En Venta Príncipe De Gales Con Jardín;10500;CLF;3 dormitorios;1 baño;130 m² útiles;3 dormitorios | 1 baño | 130 m² útiles;Av. Príncipe De Gales 6000 - 6300, Metro Príncipe De Gales - Country Club, La Reina;;-33.4385234;-70.5638002;Av. Príncipe De Gales 6000 - 6300, La Reina, Santiago, Chile
2025-11-29 17:44:52;La Reina;casa;Casa En Venta En La Reina Con Jardín;13650;CLF;4 dormitorios;2 baños;140 m² útiles;4 dormitorios | 2 baños | 140 m² útiles;San Vicente De Paul 6000 - 6300, La Reina, Región Metropolitana, Chile, Metro Simón Bolivar, La Reina;;-33.443664;-70.5703006;San Vicente De Paul 6000 - 6300, La Reina, Santiago, Chile
2025-11-29 17:44:52;La Reina;casa;Casa En Venta En Simón Bolívar;6900;CLF;3 dormitorios;1 baño;103 m² útiles;3 dormitorios | 1 baño | 103 m² útiles;Av. Simón Bolívar 7200 - 7500, La Reina, Región Metropolitana, Chile, Palmas De Mallorca, La Reina;;-33.4454396;-70.5565816;Av. Simón Bolívar 7200 - 7500, La Reina, Santiago, Chile
2025-11-29 17:44:52;La Reina;casa;Casa En Venta En La Reina Alta;49500;CLF;4 dormitorios;4 baños;420 m² útiles;4 dormitorios | 4 baños | 420 m² útiles;Julia Bernstein 300 - 600, La Reina, Región Metropolitana, Chile, La Reina Alta, La Reina;;-33.4481507;-70.5233313;Julia Bernstein 300 - 600, La Reina, Santiago, Chile
2025-11-29 17:44:52;La Reina;casa;Preciosa Casa En José Zapiola;16800;CLF;3 dormitorios;2 baños;140 m² útiles;3 dormitorios | 2 baños | 140 m² útiles;José Zapiola 7350, 7850529 La Reina, Región Metropolitana, Chile, Palmas De Mallorca, La Reina;;-33.4492009;-70.5520498;José Zapiola 7350, La Reina, Santiago, Chile
2025-11-29 17:44:52;La Reina;casa;Casas En Exclusivoproyecto Condominio En La Reina;19850;CLF;3 dormitorios;2 baños;140 m² útiles;3 dormitorios | 2 baños | 140 m² útiles;Carlos Silva Vildósola, Carlos Ossandón, La Reina;;-33.4399939;-70.53478;Carlos Silva Vildósola, La Reina, Santiago, Chile
2025-11-29 17:44:52;La Reina;casa;Casa En Venta En Palmas De Mallorca Con Piscina;15650;CLF;4 dormitorios;3 baños;168 m² útiles;4 dormitorios | 3 baños | 168 m² útiles;Palma De Mallorca 300 - 600, Palmas De Mallorca, La Reina;;-29.9029729;-71.2467157;Palma De Mallorca 300 - 600, La Reina, Santiago, Chile
2025-11-29 17:44:52;La Reina;casa;En Venta, La Reina Precioso Condominio Familiar;9500;CLF;4 dormitorios;3 baños;220 m² útiles;4 dormitorios | 3 baños | 220 m² útiles;De Santiago, Carlos Ossandón, La Reina;;-33.4501509;-70.5381162;De Santiago, La Reina, Santiago, Chile
2025-11-29 17:44:52;La Reina;casa;Casa En Venta En La Reina Con Jardín;9700;CLF;4 dormitorios;4 baños;120 m² útiles;4 dormitorios | 4 baños | 120 m² útiles;Reina Victoria 6300 - 6600, La Reina, Metro Príncipe De Gales - Country Club, La Reina;;-33.4400365;-70.5646572;Reina Victoria 6300 - 6600, La Reina, Santiago, Chile
2025-11-29 17:44:52;La Reina;casa;Casa En La Mejor Ubicación De La Reina;19900;CLF;4 dormitorios;4 baños;180 m² útiles;4 dormitorios | 4 baños | 180 m² útiles;Carlos Ossandón 1636, La Reina, Región Metropolitana, Chile, Carlos Ossandón, La Reina;;-33.445448;-70.5443057;Carlos Ossandón 1636, La Reina, Santiago, Chile
2025-11-29 17:44:52;La Reina;casa;Casa En Venta En La Reina Con Terraza;9500;CLF;3 dormitorios;2 baños;104 m² útiles;3 dormitorios | 2 baños | 104 m² útiles;La Cañada 7200 - 7500, La Reina, La Reina;;-32.8262783;-61.4039549;La Cañada 7200 - 7500, La Reina, Santiago, Chile
2025-11-29 17:44:52;La Reina;casa;Casa En Venta En La Reina Alta Con Piscina;16500;CLF;4 dormitorios;4 baños;180 m² útiles;4 dormitorios | 4 baños | 180 m² útiles;Valenzuela Puelma 9300 - 9600, Las Condes, La Reina, Región Metropolitana, Chile, La Reina Alta, La Reina;;-33.432194;-70.5278306;Valenzuela Puelma 9300 - 9600, La Reina, Santiago, Chile
2025-11-29 17:44:52;La Reina;casa;Casa En Venta En La Reina Alta;15750;CLF;4 dormitorios;4 baños;146 m² útiles;4 dormitorios | 4 baños | 146 m² útiles;María Monvel 1200 - 1500, La Reina Alta, La Reina;;-33.448866;-70.5295771;María Monvel 1200 - 1500, La Reina, Santiago, Chile
2025-11-29 17:44:52;La Reina;casa;Casa En Venta En La Reina Alta;12500;CLF;3 dormitorios;4 baños;140 m² útiles;3 dormitorios | 4 baños | 140 m² útiles;Nicanor Pl. 2380, La Reina, La Reina Alta, La Reina;;-33.4364067;-70.5328746;Nicanor Pl. 2380, La Reina, Santiago, Chile
2025-11-29 17:44:52;La Reina;casa;Metro Simón Bolivar: Patio, Piscina Y Excelente Conectividad;10950;CLF;4 dormitorios;2 baños;109 m² útiles;4 dormitorios | 2 baños | 109 m² útiles;Jesús, Metro Simón Bolivar, La Reina;;-33.4463261;-70.5681913;Jesús, La Reina, Santiago, Chile
2025-11-29 17:44:52;La Reina;casa;Casa En Venta En La Reina;6500;CLF;3 dormitorios;2 baños;70 m² útiles;3 dormitorios | 2 baños | 70 m² útiles;Javiera Carrera Sur 300 - 600, La Reina, Blest Gana, La Reina;;-33.4567539;-70.5664834;Javiera Carrera Sur 300 - 600, La Reina, Santiago, Chile
2025-11-29 17:44:52;La Reina;casa;Casa En Venta En Príncipe De Gales;8700;CLF;3 dormitorios;2 baños;116 m² útiles;3 dormitorios | 2 baños | 116 m² útiles;Schiller, La Reina, Metro Príncipe De Gales - Country Club, La Reina;;-33.4345448;-70.5597611;Schiller, La Reina, Santiago, Chile
2025-11-29 17:44:52;La Reina;casa; Remodelada Con Excelente Conectividad, Venta Casa...;6602;CLF;3 dormitorios;2 baños;100 m² útiles;3 dormitorios | 2 baños | 100 m² útiles;Lynch, La Reina;;-33.458311;-70.5645929;Lynch, La Reina, Santiago, Chile
2025-11-29 17:44:52;La Reina;casa;Casa En Condominio Venta De 3 Dorm. Sala De Estar, La Reina;17500;CLF;3 dormitorios;3 baños;140 m² útiles;3 dormitorios | 3 baños | 140 m² útiles;Príncipe De Gales, La Reina;;-33.440965;-70.540106;Príncipe De Gales, La Reina, Santiago, Chile
2025-11-29 17:44:52;La Reina;casa;Se Vende Casa, Metro Castillo Velasco, La Reina;13000;CLF;6 dormitorios;3 baños;313 m² útiles;6 dormitorios | 3 baños | 313 m² útiles;Palmas De Mallorca, La Reina;;-33.4493935;-70.5558827;Palmas De Mallorca, La Reina, Santiago, Chile
2025-11-29 17:44:52;La Reina;casa;Casa En Venta De 4 Dorm. En La Reina;16500;CLF;4 dormitorios;3 baños;168 m² útiles;4 dormitorios | 3 baños | 168 m² útiles;AC Parque Padre Hurtado, Carlos Ossandón, La Reina;;-33.5619714;-70.8601485;AC Parque Padre Hurtado, La Reina, Santiago, Chile
2025-11-29 17:44:52;La Reina;casa;Se Vende Casa, La Reina, Vicente Pérez Rosales, Condominio;17300;CLF;6 dormitorios;4 baños;245 m² útiles;6 dormitorios | 4 baños | 245 m² útiles;Carlos Ossandón, La Reina;;-33.445448;-70.5443057;Carlos Ossandón, La Reina, Santiago, Chile
2025-11-29 17:44:52;La Reina;casa;Tu Refugio En La Reina- 2 Dormitorios En Suite En Piso 1;19500;CLF;4 dormitorios;4 baños;217 m² útiles;4 dormitorios | 4 baños | 217 m² útiles;Las Perdices 2129, La Reina, Chile, La Reina Alta, La Reina;;-33.4607843;-70.5305924;Las Perdices 2129, La Reina, Santiago, Chile
2025-11-29 17:44:52;La Reina;casa;Amplia Casa Con Diseño Vanguardista Y Espacios Luminosos;33000;CLF;4 dormitorios;6 baños;470 m² útiles;4 dormitorios | 6 baños | 470 m² útiles;Julia Bernstein, La Reina Alta, La Reina;;-33.4481507;-70.5233313;Julia Bernstein, La Reina, Santiago, Chile
2025-11-29 17:44:52;La Reina;casa;Dorm Ppal 1er Piso Independiente - Aceptamos Ofertas;18990;CLF;6 dormitorios;4 baños;226 m² útiles;6 dormitorios | 4 baños | 226 m² útiles;Valenzuela Puelma 9531, Las Condes, La Reina, Chile, La Reina Alta, La Reina;;-33.4325697;-70.5300637;Valenzuela Puelma 9531, La Reina, Santiago, Chile
2025-11-29 17:44:52;La Reina;casa;Plaza Ossandon/echeñique C_423629;20300;CLF;5 dormitorios;4 baños;231 m² útiles;5 dormitorios | 4 baños | 231 m² útiles;Carlos Ossandón, La Reina;;-33.445448;-70.5443057;Carlos Ossandón, La Reina, Santiago, Chile
2025-11-29 17:45:20;La Reina;casa;Casa Venta,5dorm.2baños.lareina.pepevila;240000000;CLP;5 dormitorios;2 baños;139 m² útiles;5 dormitorios | 2 baños | 139 m² útiles;Pepe Vila / Metro Fernando Castillo Velasco, Pepe Vila, La Reina;;-33.4514132;-70.5514518;Pepe Vila / Fernando Castillo Velasco, La Reina, Santiago, Chile
2025-11-29 17:45:20;La Reina;casa;V Perez Rosales/simon Gonzalez C_423641;38000;CLF;5 dormitorios;3 baños;312 m² útiles;5 dormitorios | 3 baños | 312 m² útiles;La Reina;;-33.442282;-70.5432729;La Reina, Santiago, Chile
2025-11-29 17:45:20;La Reina;casa;Academia De Guerra C_423585;14850;CLF;3 dormitorios;2 baños;192 m² útiles;3 dormitorios | 2 baños | 192 m² útiles;Carlos Ossandón, La Reina;;-33.445448;-70.5443057;Carlos Ossandón, La Reina, Santiago, Chile
2025-11-29 17:45:20;La Reina;casa;Larrain/metro Castillo Velasco C_423580;7741;CLF;4 dormitorios;2 baños;80 m² útiles;4 dormitorios | 2 baños | 80 m² útiles;Pepe Vila, La Reina;;-33.4545166;-70.5519828;Pepe Vila, La Reina, Santiago, Chile
2025-11-29 17:45:20;La Reina;casa;Oportunidad Casa En Venta De 3 Dorm. En La Reina;9350;CLF;3 dormitorios;2 baños;135 m² útiles;3 dormitorios | 2 baños | 135 m² útiles;Vicente Bourquet, Pepe Vila, La Reina;;-33.4533595;-70.5505904;Vicente Bourquet, La Reina, Santiago, Chile
2025-11-29 17:45:20;La Reina;casa;Perez Rosales/vpuelma/ossandon C_423526;13650;CLF;4 dormitorios;2 baños;321 m² útiles;4 dormitorios | 2 baños | 321 m² útiles;Carlos Ossandón, La Reina;;-33.445448;-70.5443057;Carlos Ossandón, La Reina, Santiago, Chile
2025-11-29 17:45:20;La Reina;casa;Larrain/corcolenes/maitenes C_423572;13900;CLF;7 dormitorios;4 baños;224 m² útiles;7 dormitorios | 4 baños | 224 m² útiles;Pepe Vila, La Reina;;-33.4545166;-70.5519828;Pepe Vila, La Reina, Santiago, Chile
2025-11-29 17:45:20;La Reina;casa;Larrain/tobalaba C_421699;7400;CLF;4 dormitorios;2 baños;92 m² útiles;4 dormitorios | 2 baños | 92 m² útiles;Metro Simón Bolivar, La Reina;;-33.4461845;-70.5719261;Simón Bolivar, La Reina, Santiago, Chile
2025-11-29 17:45:20;La Reina;casa;Colegio Andree/ Condominio C_421720;10200;CLF;3 dormitorios;3 baños;125 m² útiles;3 dormitorios | 3 baños | 125 m² útiles;Carlos Ossandón, La Reina;;-33.445448;-70.5443057;Carlos Ossandón, La Reina, Santiago, Chile
2025-11-29 17:45:20;La Reina;casa;Plaza Ossandon/simon Gonzalez C_423275;17000;CLF;5 dormitorios;4 baños;165 m² útiles;5 dormitorios | 4 baños | 165 m² útiles;Carlos Ossandón, La Reina;;-33.445448;-70.5443057;Carlos Ossandón, La Reina, Santiago, Chile
2025-11-29 17:45:20;La Reina;casa;Pepe Vila/larrain C_421894;10450;CLF;4 dormitorios;3 baños;130 m² útiles;4 dormitorios | 3 baños | 130 m² útiles;Pepe Vila, La Reina;;-33.4545166;-70.5519828;Pepe Vila, La Reina, Santiago, Chile
2025-11-29 17:45:20;La Reina;casa;Metro Castillo Velasco C_422062;21800;CLF;3 dormitorios;3 baños;274 m² útiles;3 dormitorios | 3 baños | 274 m² útiles;Palmas De Mallorca, La Reina;;-33.4493935;-70.5558827;Palmas De Mallorca, La Reina, Santiago, Chile
2025-11-29 17:45:20;La Reina;casa;Parque Hurtado/v Perez Rosales C_755974;13000;CLF;4 dormitorios;3 baños;195 m² útiles;4 dormitorios | 3 baños | 195 m² útiles;Carlos Ossandón, La Reina;;-33.445448;-70.5443057;Carlos Ossandón, La Reina, Santiago, Chile
2025-11-29 17:45:20;La Reina;casa;Casa En Venta La Reina / Amplio Terreno;9045;CLF;4 dormitorios;2 baños;187 m² útiles;4 dormitorios | 2 baños | 187 m² útiles;Jacinto Chacon, 900 - 1200, La Reina;;-33.4610614;-70.5536751;Jacinto Chacon, La Reina, Santiago, Chile
2025-11-29 17:45:20;La Reina;casa;Simón Bolivar/ossandon C_420327;14700;CLF;5 dormitorios;3 baños;165 m² útiles;5 dormitorios | 3 baños | 165 m² útiles;Carlos Ossandón, La Reina;;-33.445448;-70.5443057;Carlos Ossandón, La Reina, Santiago, Chile
2025-11-29 17:45:20;La Reina;casa;Ventacasa,5 Dorm.2baños,departamento-independiente.la Reina ;289500000;CLP;5 dormitorios;2 baños;136 m² útiles;5 dormitorios | 2 baños | 136 m² útiles;Metro Castillo Velasco, Francisco De Villagra, La Reina;;-33.4518572;-70.537342;Castillo Velasco, La Reina, Santiago, Chile
2025-11-29 17:45:20;La Reina;casa;Los Maitenes/los Laureles C_423611;450000000;CLP;5 dormitorios;2 baños;304 m² útiles;5 dormitorios | 2 baños | 304 m² útiles;Pepe Vila, La Reina;;-33.4545166;-70.5519828;Pepe Vila, La Reina, Santiago, Chile
2025-11-29 17:45:20;La Reina;casa;Loreley/larrain C_422035;14711;CLF;4 dormitorios;2 baños;168 m² útiles;4 dormitorios | 2 baños | 168 m² útiles;Palmas De Mallorca, La Reina;;-33.4493935;-70.5558827;Palmas De Mallorca, La Reina, Santiago, Chile
2025-11-29 17:45:20;La Reina;casa;Casa Venta La Reina Alta;34950;CLF;4 dormitorios;4 baños;400 m² útiles;4 dormitorios | 4 baños | 400 m² útiles;Onofre Jarpa 10200 - 10500, La Reina, Chile, La Reina Alta, La Reina;;-33.4351374;-70.5225613;Onofre Jarpa 10200 - 10500, La Reina, Santiago, Chile
2025-11-29 17:45:20;La Reina;casa;Preciosa Casa Venta La Reina Alta;23400;CLF;7 dormitorios;7 baños;310 m² útiles;7 dormitorios | 7 baños | 310 m² útiles;Alvaro Casanova 1 - 300, La Reina Alta, La Reina;;-33.442754;-70.5193029;Alvaro Casanova 1 - 300, La Reina, Santiago, Chile
2025-11-29 17:45:20;La Reina;casa;Casa En Venta En La Reina;12300;CLF;4 dormitorios;3 baños;160 m² útiles;4 dormitorios | 3 baños | 160 m² útiles;Simón González 7800 - 8100, Carlos Ossandón, La Reina;;-33.4475973;-70.5589138;Simón González 7800 - 8100, La Reina, Santiago, Chile
2025-11-29 17:45:20;La Reina;casa;Linda Casa Venta La Reina Alta;21900;CLF;7 dormitorios;7 baños;310 m² útiles;7 dormitorios | 7 baños | 310 m² útiles;Alvaro Casanova 1 - 300, La Reina Alta, La Reina;;-33.442754;-70.5193029;Alvaro Casanova 1 - 300, La Reina, Santiago, Chile
2025-11-29 17:45:20;La Reina;casa;Casa B En Condominio Julieta, La Reina;17200;CLF;3 dormitorios;3 baños;139 m² útiles;3 dormitorios | 3 baños | 139 m² útiles;Avenida Principe De Gales, 8100 - 8400, Carlos Ossandón, La Reina;;-33.4385234;-70.5638002;Avenida Principe De Gales, La Reina, Santiago, Chile
2025-11-29 17:45:20;La Reina;casa;Casa En Venta En La Reina;335000000;CLP;5 dormitorios;2 baños;150 m² útiles;5 dormitorios | 2 baños | 150 m² útiles;German Casas Cordero, La Reina, Pepe Vila, La Reina;;-33.4567963;-70.5535795;German Casas Cordero, La Reina, Santiago, Chile
2025-11-29 17:45:20;La Reina;casa;Larrain/corcolenes C_423570;8400;CLF;4 dormitorios;2 baños;132 m² útiles;4 dormitorios | 2 baños | 132 m² útiles;Pepe Vila, La Reina;;-33.4545166;-70.5519828;Pepe Vila, La Reina, Santiago, Chile
2025-11-29 17:45:20;La Reina;casa;Casa Única En La Reina: Comodidad Y Remodelada.;9500;CLF;6 dormitorios;4 baños;211 m² útiles;6 dormitorios | 4 baños | 211 m² útiles;Ictinos, 600 - 900, Francisco De Villagra, La Reina;;-33.4621944;-70.5598861;Ictinos, La Reina, Santiago, Chile
2025-11-29 17:45:20;La Reina;casa;2 Casas Independientes En La Reina;8490;CLF;6 dormitorios;3 baños;180 m² útiles;6 dormitorios | 3 baños | 180 m² útiles;PASAJE FRANCISCO DE VILLAGRA, 6300 - 6600 K, Francisco De Villagra, La Reina;;-33.4591285;-70.5609555;PASAJE FRANCISCO DE VILLAGRA, La Reina, Santiago, Chile
2025-11-29 17:46:02;La Reina;casa;Mall Plaza Egaña C_423498;6900;CLF;3 dormitorios;2 baños;88 m² útiles;3 dormitorios | 2 baños | 88 m² útiles;Blest Gana, La Reina;;-33.4551647;-70.5648064;Blest Gana, La Reina, Santiago, Chile
2025-11-29 17:46:02;La Reina;casa;Casa Familiar Recién Remodelada;8490;CLF;3 dormitorios;2 baños;90 m² útiles;3 dormitorios | 2 baños | 90 m² útiles;Januario Espinoza, 6900 - 7200, Francisco De Villagra, La Reina;;-33.4619003;-70.5550253;Januario Espinoza, La Reina, Santiago, Chile
2025-11-29 17:46:02;La Reina;casa;Colegio Andree C_423294;11500;CLF;4 dormitorios;4 baños;140 m² útiles;4 dormitorios | 4 baños | 140 m² útiles;Carlos Ossandón, La Reina;;-33.445448;-70.5443057;Carlos Ossandón, La Reina, Santiago, Chile
2025-11-29 17:46:02;La Reina;casa;La Cañada/c. Cultural La Reina C_422294;430000000;CLP;3 dormitorios;1 baño;390 m² útiles;3 dormitorios | 1 baño | 390 m² útiles;Palmas De Mallorca, La Reina;;-33.4493935;-70.5558827;Palmas De Mallorca, La Reina, Santiago, Chile
2025-11-29 17:46:02;La Reina;casa;Parque A Hurtado/valenzuela P C_421147;10500;CLF;4 dormitorios;2 baños;220 m² útiles;4 dormitorios | 2 baños | 220 m² útiles;Carlos Ossandón, La Reina;;-33.445448;-70.5443057;Carlos Ossandón, La Reina, Santiago, Chile
2025-11-29 17:46:02;La Reina;casa;Parque Padre Hurtado C_756303;8990;CLF;4 dormitorios;2 baños;113 m² útiles;4 dormitorios | 2 baños | 113 m² útiles;Carlos Ossandón, La Reina;;-33.445448;-70.5443057;Carlos Ossandón, La Reina, Santiago, Chile
2025-11-29 17:46:02;La Reina;casa;Colegio Andree/echeñique C_423609;10590;CLF;2 dormitorios;3 baños;150 m² útiles;2 dormitorios | 3 baños | 150 m² útiles;Carlos Ossandón, La Reina;;-33.445448;-70.5443057;Carlos Ossandón, La Reina, Santiago, Chile
2025-11-29 17:46:02;La Reina;casa;Oportunidad Única/metro Fernando Castillo Velasco;7490;CLF;3 dormitorios;2 baños;121 m² útiles;3 dormitorios | 2 baños | 121 m² útiles;Blest Gana, 6600 - 6900, Blest Gana, La Reina;;-33.4551647;-70.5648064;Blest Gana, La Reina, Santiago, Chile
2025-11-29 17:46:02;La Reina;casa;Casa En La Reina, Espaciosa Y Acogedora Joyita;5500;CLF;4 dormitorios;1 baño;174 m² útiles;4 dormitorios | 1 baño | 174 m² útiles;Jacinto Chacon, 900 - 1200, Francisco De Villagra, La Reina;;-33.4610614;-70.5536751;Jacinto Chacon, La Reina, Santiago, Chile
2025-11-29 17:46:02;La Reina;casa;Parque Padre Hurtado/la Reina C_756396;6550;CLF;3 dormitorios;1 baño;70 m² útiles;3 dormitorios | 1 baño | 70 m² útiles;Carlos Ossandón, La Reina;;-33.445448;-70.5443057;Carlos Ossandón, La Reina, Santiago, Chile
2025-11-29 17:46:02;La Reina;casa;Casa 2 Dormitorios Y Un Baño En Villa La Reina;105000000;CLP;2 dormitorios;1 baño;55 m² útiles;2 dormitorios | 1 baño | 55 m² útiles;Copao 624, La Reina, Villa La Reina, La Reina;;-27.3809431;-70.3194324;Copao 624, La Reina, Santiago, Chile
2025-11-29 17:46:02;La Reina;casa;Amplia Nueva Finas Terminaciones , Decto Aqui Uf -500 ;23500;CLF;6 dormitorios;5 baños;254 m² útiles;6 dormitorios | 5 baños | 254 m² útiles;TALINAY, La Reina Alta, La Reina;;-33.4589208;-70.5345958;TALINAY, La Reina, Santiago, Chile
2025-11-29 17:46:02;La Reina;casa;Gran Oportunidad De Inversión- La Reina;15400;CLF;4 dormitorios;3 baños;178 m² útiles;4 dormitorios | 3 baños | 178 m² útiles;Simón González 8812, La Reina;;-33.4475973;-70.5589138;Simón González 8812, La Reina, Santiago, Chile
2025-11-29 17:46:02;La Reina;casa;Casa Antigua 4d Y 2b En Sector Del Mall Egaña ;8250;CLF;4 dormitorios;2 baños;89 m² útiles;4 dormitorios | 2 baños | 89 m² útiles;Joaquín Godoy 375, La Reina, Chile, Metro Simón Bolivar, La Reina;;-33.4504447;-70.5682182;Joaquín Godoy 375, La Reina, Santiago, Chile
2025-11-29 17:46:02;La Reina;casa;Casa En Venta En La Reina Con Piscina Y Terraza;20000;CLF;4 dormitorios;4 baños;294 m² útiles;4 dormitorios | 4 baños | 294 m² útiles;Güemes, La Reina, Metro Simón Bolivar, La Reina;;-33.448567;-70.5693518;Güemes, La Reina, Santiago, Chile
2025-11-29 17:46:02;La Reina;casa;Venta Casa En La Reina Alta, Excelente Entorno Residencial;17990;CLF;4 dormitorios;5 baños;223 m² útiles;4 dormitorios | 5 baños | 223 m² útiles;Carlos Silva Vildósola 10200 - 10500, La Reina, La Reina Alta, La Reina;;-33.4399939;-70.53478;Carlos Silva Vildósola 10200 - 10500, La Reina, Santiago, Chile
2025-11-29 17:46:02;La Reina;casa;Venta Casa En Bilbao/ Vespucio 460 Mt2 De Terreno;12000;CLF;3 dormitorios;2 baños;103 m² útiles;3 dormitorios | 2 baños | 103 m² útiles;Las Carretas 2306, 7850092 La Reina, Región Metropolitana, Chile, Troncos Viejos, La Reina;;-33.4322473;-70.5787972;Las Carretas 2306, La Reina, Santiago, Chile
2025-11-29 17:46:02;La Reina;casa;Venta Casa Bajo Valor Tasación En Condominio La Reina;16200;CLF;6 dormitorios;5 baños;190 m² útiles;6 dormitorios | 5 baños | 190 m² útiles;Alvaro Casanova 600 - 900, Santiago, La Reina, La Reina Alta, La Reina;;-33.442754;-70.5193029;Alvaro Casanova 600 - 900, La Reina, Santiago, Chile
2025-11-29 17:46:02;La Reina;casa;Venta De Casas De 4d/4b, En Condominio, En La Reina Alta;18500;CLF;4 dormitorios;4 baños;140 m² útiles;4 dormitorios | 4 baños | 140 m² útiles;Julia Bernstein, La Reina Alta, La Reina;;-33.4481507;-70.5233313;Julia Bernstein, La Reina, Santiago, Chile
2025-11-29 17:46:02;La Reina;casa;Casa En Condominio En Venta De 4 Dorm. En La Reina;14900;CLF;4 dormitorios;5 baños;210 m² útiles;4 dormitorios | 5 baños | 210 m² útiles;Principe De Gales, Ossandon, Colegio Andree, Carlos Ossandón, La Reina;;-33.440965;-70.540106;Principe De Gales, La Reina, Santiago, Chile
2025-11-29 17:46:02;La Reina;casa;Casa En Condominio En Venta De 4 Dorm. En La Reina;13500;CLF;4 dormitorios;4 baños;140 m² útiles;4 dormitorios | 4 baños | 140 m² útiles;Echeñique, Plaza Ossandon, Carlos Ossandón, La Reina;;-33.4456626;-70.5693118;Echeñique, La Reina, Santiago, Chile
2025-11-29 17:46:02;La Reina;casa;Acogedora Casa En Condominio Cercana A Colegio Andrée;16990;CLF;5 dormitorios;4 baños;275 m² útiles;5 dormitorios | 4 baños | 275 m² útiles;Carlos Ossandón, La Reina;;-33.445448;-70.5443057;Carlos Ossandón, La Reina, Santiago, Chile
2025-11-29 17:46:02;La Reina;casa;Exclusiva Casa En La Reina. Venta/arriendo.;21300;CLF;5 dormitorios;6 baños;270 m² útiles;5 dormitorios | 6 baños | 270 m² útiles;La Reina;;-33.442282;-70.5432729;La Reina, Santiago, Chile
2025-11-29 17:46:02;La Reina;casa;Townhouse A Estrenar Vicente Pérez Rosales;15000;CLF;4 dormitorios;3 baños;192 m² útiles;4 dormitorios | 3 baños | 192 m² útiles;Carlos Ossandón, La Reina;;-33.445448;-70.5443057;Carlos Ossandón, La Reina, Santiago, Chile
2025-11-29 17:46:02;La Reina;casa;Casa En La Reina, Baja De Precio;7500;CLF;4 dormitorios;3 baños;130 m² útiles;4 dormitorios | 3 baños | 130 m² útiles;Francisco De Villagra, La Reina;;-33.4598829;-70.5620834;Francisco De Villagra, La Reina, Santiago, Chile
2025-11-29 17:46:02;La Reina;casa;¡oportunidad! Casa En La Reina, Con Gran Potencial;4990;CLF;3 dormitorios;1 baño;69 m² útiles;3 dormitorios | 1 baño | 69 m² útiles;Francisco De Villagra, La Reina;;-33.4598829;-70.5620834;Francisco De Villagra, La Reina, Santiago, Chile
2025-11-29 17:46:02;La Reina;casa;Venta Terreno Con 2 Casas A 1 Cuadra Plaza Egaña, La Reina;700000000;CLP;6 dormitorios;3 baños;277 m² útiles;6 dormitorios | 3 baños | 277 m² útiles;Blest Gana, La Reina;;-33.4551647;-70.5648064;Blest Gana, La Reina, Santiago, Chile
2025-11-29 17:46:02;La Reina;casa;Casa En Barrio Residencial De La Reina;7300;CLF;3 dormitorios;2 baños;90 m² útiles;3 dormitorios | 2 baños | 90 m² útiles;Metro Simón Bolivar, La Reina;;-33.4461845;-70.5719261;Simón Bolivar, La Reina, Santiago, Chile
2025-11-29 17:46:02;La Reina;casa;La Reina Alta, 2.500 Mts Terreno, Casa De 300 Mts, Piscina;23500;CLF;5 dormitorios;4 baños;300 m² útiles;5 dormitorios | 4 baños | 300 m² útiles;Alvaro Casanova, La Reina Alta, La Reina;;-33.442754;-70.5193029;Alvaro Casanova, La Reina, Santiago, Chile
2025-11-29 17:46:02;La Reina;casa;Casa En Venta De 8 Dorm. En La Reina;29000;CLF;8 dormitorios;5 baños;1.000 m² útiles;8 dormitorios | 5 baños | 1.000 m² útiles;Alvaro Casanova, La Reina Alta, La Reina;;-33.442754;-70.5193029;Alvaro Casanova, La Reina, Santiago, Chile
2025-11-29 17:46:02;La Reina;casa;Acogedora Casa Estilo Chilena;13200;CLF;4 dormitorios;4 baños;186 m² útiles;4 dormitorios | 4 baños | 186 m² útiles;Tala, 900 - 1200, La Reina;;-33.4508412;-70.5292565;Tala, La Reina, Santiago, Chile
2025-11-29 17:46:02;La Reina;casa;Acogedora Casa Familiar En La Reina Con Quincho Y Piscina;11800;CLF;3 dormitorios;3 baños;150 m² útiles;3 dormitorios | 3 baños | 150 m² útiles;Carlos Ossandón, La Reina;;-33.445448;-70.5443057;Carlos Ossandón, La Reina, Santiago, Chile
2025-11-29 17:46:02;La Reina;casa;Moderno Townhouse En Vicente Pérez Rosales;16990;CLF;4 dormitorios;4 baños;190 m² útiles;4 dormitorios | 4 baños | 190 m² útiles;Carlos Ossandón, La Reina;;-33.445448;-70.5443057;Carlos Ossandón, La Reina, Santiago, Chile
2025-11-29 17:46:02;La Reina;casa;Oprtunidad En La Reina Alta;15500;CLF;3 dormitorios;2 baños;148 m² útiles;3 dormitorios | 2 baños | 148 m² útiles;Palmas De Mallorca, La Reina;;-33.4493935;-70.5558827;Palmas De Mallorca, La Reina, Santiago, Chile
2025-11-29 17:46:02;La Reina;casa;Venta Casa La Reina 4d+3b+2e+1d+b Servicio;14500;CLF;4 dormitorios;3 baños;190 m² útiles;4 dormitorios | 3 baños | 190 m² útiles;Av. Alcalde Fernando Castillo Velasco, 7612, Carlos Ossandón, La Reina;;-33.4518572;-70.537342;Av. Alcalde Fernando Castillo Velasco, La Reina, Santiago, Chile
2025-11-29 17:46:02;La Reina;casa;Casa Con Gran Terreno En La Reina;15500;CLF;7 dormitorios;4 baños;224 m² útiles;7 dormitorios | 4 baños | 224 m² útiles;Pepe Vila, La Reina;;-33.4545166;-70.5519828;Pepe Vila, La Reina, Santiago, Chile
2025-11-29 17:46:02;La Reina;casa;Luminoso Townhouse En La Reina;15490;CLF;4 dormitorios;3 baños;193 m² útiles;4 dormitorios | 3 baños | 193 m² útiles;Carlos Ossandón, La Reina;;-33.445448;-70.5443057;Carlos Ossandón, La Reina, Santiago, Chile
2025-11-29 17:46:02;La Reina;casa;Hermosa Y Acogedora Casa En La Reina;14900;CLF;4 dormitorios;4 baños;190 m² útiles;4 dormitorios | 4 baños | 190 m² útiles;Carlos Ossandón, La Reina;;-33.445448;-70.5443057;Carlos Ossandón, La Reina, Santiago, Chile
2025-11-29 17:46:44;La Reina;casa;Casa Amplia Con Gran Patio En La Reina;13500;CLF;3 dormitorios;2 baños;121 m² útiles;3 dormitorios | 2 baños | 121 m² útiles;Metro Simón Bolivar, La Reina;;-33.4461845;-70.5719261;Simón Bolivar, La Reina, Santiago, Chile
2025-11-29 17:46:44;La Reina;casa;Casa En Venta De 4 Dorm. En La Reina;14900;CLF;4 dormitorios;;140 m² totales;4 dormitorios | 140 m² totales;Reina Victoria, Metro Príncipe De Gales - Country Club, La Reina;;-33.4400365;-70.5646572;Reina Victoria, La Reina, Santiago, Chile
2025-11-29 17:46:44;La Reina;casa;Casa En Venta En La Reina;9100;CLF;4 dormitorios;2 baños;143 m² útiles;4 dormitorios | 2 baños | 143 m² útiles;Av. Príncipe De Gales 6900 - 7200, La Reina, Metro Príncipe De Gales - Country Club, La Reina;;-33.4385234;-70.5638002;Av. Príncipe De Gales 6900 - 7200, La Reina, Santiago, Chile
2025-11-29 17:46:44;La Reina;casa;Casa Amplia Y Con Gran Patio En La Reina;11800;CLF;5 dormitorios;3 baños;150 m² útiles;5 dormitorios | 3 baños | 150 m² útiles;Metro Simón Bolivar, La Reina;;-33.4461845;-70.5719261;Simón Bolivar, La Reina, Santiago, Chile
2025-11-29 17:46:44;La Reina;casa;Venta De Casa Familiar Con Piscina Y Jardín Formado;15700;CLF;5 dormitorios;3 baños;181 m² útiles;5 dormitorios | 3 baños | 181 m² útiles;Troncos Viejos, La Reina;;-33.4349136;-70.5771414;Troncos Viejos, La Reina, Santiago, Chile
2025-11-29 17:46:44;La Reina;casa;Casa Alcalde Manuel De La Lastra Id: 140314;900000000;CLP;4 dormitorios;3 baños;250 m² útiles;4 dormitorios | 3 baños | 250 m² útiles;Alcalde Manuel De La Lastra, Metro Príncipe De Gales - Country Club, La Reina;;-33.4308192;-70.554589;Alcalde Manuel De La Lastra, La Reina, Santiago, Chile
2025-11-29 17:46:44;La Reina;casa;¡oportunidad Única En La Reina! Casa Amplia Y Moderna;11500;CLF;5 dormitorios;5 baños;176 m² útiles;5 dormitorios | 5 baños | 176 m² útiles;Carlos Ossandón, La Reina;;-33.445448;-70.5443057;Carlos Ossandón, La Reina, Santiago, Chile
2025-11-29 17:46:44;La Reina;casa;Valenzuela Ll. Echeñique Oportunidad 4d+4b Piscina Jardín ;15000;CLF;4 dormitorios;4 baños;192 m² útiles;4 dormitorios | 4 baños | 192 m² útiles;Valenzuela Llanos 600 - 900, La Reina, Carlos Ossandón, La Reina;;-33.442331;-70.5348895;Valenzuela Llanos 600 - 900, La Reina, Santiago, Chile
2025-11-29 17:46:44;La Reina;casa;Casa Domingo Calderon Id: 141541;16500;CLF;5 dormitorios;5 baños;170 m² útiles;5 dormitorios | 5 baños | 170 m² útiles;Domingo Calderon, La Reina Alta, La Reina;;-33.4366947;-70.5343326;Domingo Calderon, La Reina, Santiago, Chile
2025-11-29 17:46:44;La Reina;casa;Casa Para Remodelar - La Reina;7125;CLF;4 dormitorios;4 baños;115 m² útiles;4 dormitorios | 4 baños | 115 m² útiles;Palmas De Mallorca, La Reina;;-33.4493935;-70.5558827;Palmas De Mallorca, La Reina, Santiago, Chile
2025-11-29 17:46:44;La Reina;casa;Townhouse - Penthouse - Nueva A Estrenar;10990;CLF;3 dormitorios;3 baños;120 m² útiles;3 dormitorios | 3 baños | 120 m² útiles;Los Corcolenes 6900, La Reina, Pepe Vila, La Reina;;-33.4528442;-70.5563103;Los Corcolenes 6900, La Reina, Santiago, Chile
2025-11-29 17:46:44;La Reina;casa;Hermosa Casa De 4 Dorm. En La Reina;14400;CLF;4 dormitorios;3 baños;150 m² útiles;4 dormitorios | 3 baños | 150 m² útiles;CARLOS DICKENS, Metro Príncipe De Gales - Country Club, La Reina;;-33.434565;-70.5567887;CARLOS DICKENS, La Reina, Santiago, Chile
2025-11-29 17:46:44;La Reina;casa;Gran Terreno Con Amplia Casa. Habitacional O Proyecto.;20000;CLF;5 dormitorios;3 baños;240 m² útiles;5 dormitorios | 3 baños | 240 m² útiles;Vicente Pérez Rosales 554, 7850429 La Reina, Región Metropolitana, Chile, Palmas De Mallorca, La Reina;;-33.4409003;-70.5527101;Vicente Pérez Rosales 554, La Reina, Santiago, Chile
2025-11-29 17:46:44;La Reina;casa;Casa En Venta En Metro Simón Bolivar Con Piscina;14500;CLF;5 dormitorios;4 baños;220 m² útiles;5 dormitorios | 4 baños | 220 m² útiles;Av. Echeñique 5856, 7.8699e+06 - 7.8702e+06 La Reina, Región Metropolitana, Chile, Metro Simón Bolivar, La Reina;;-33.4456626;-70.5693118;Av. Echeñique 5856, La Reina, Santiago, Chile
2025-11-29 17:46:44;La Reina;casa;Casa En Venta En La Reina Con Piscina Y Quincho;19800;CLF;6 dormitorios;6 baños;320 m² útiles;6 dormitorios | 6 baños | 320 m² útiles;Av. Simón Bolívar 8160, 7.86e+06 - 7.8603e+06 La Reina, Región Metropolitana, Chile, Carlos Ossandón, La Reina;;-33.4440283;-70.5468058;Av. Simón Bolívar 8160, La Reina, Santiago, Chile
2025-11-29 17:46:44;La Reina;casa;Casa Amplia Y Confortable En Entorno Residencial, Seguro;14300;CLF;4 dormitorios;3 baños;170 m² útiles;4 dormitorios | 3 baños | 170 m² útiles;Carlos Dickens, La Reina, Metro Príncipe De Gales - Country Club, La Reina;;-33.434565;-70.5567887;Carlos Dickens, La Reina, Santiago, Chile
2025-11-29 17:46:44;La Reina;casa;Condominio- Carlos Silva Vildósola - Casa Familiar- 4 Estac.;16490;CLF;4 dormitorios;4 baños;172 m² útiles;4 dormitorios | 4 baños | 172 m² útiles;Carlos Silva Vildósola 8700 - 9000, La Reina, Carlos Ossandón, La Reina;;-33.4399939;-70.53478;Carlos Silva Vildósola 8700 - 9000, La Reina, Santiago, Chile
2025-11-29 17:46:44;La Reina;casa;Mediterránea En Condominio No Perimetral En La Reina Alta;23900;CLF;5 dormitorios;3 baños;220 m² útiles;5 dormitorios | 3 baños | 220 m² útiles;Alvaro Casanova 848, 7860242 Peñalolén, Región Metropolitana, Chile, La Reina Alta, La Reina;;-33.442754;-70.5193029;Alvaro Casanova 848, La Reina, Santiago, Chile
2025-11-29 17:46:44;La Reina;casa;Mediterránea Remodelada En La Reina, Con Conectividad;21000;CLF;6 dormitorios;3 baños;240 m² útiles;6 dormitorios | 3 baños | 240 m² útiles;Alcalde Alejandro Chadwick, La Reina, Metro Príncipe De Gales - Country Club, La Reina;;-33.4306102;-70.5573475;Alcalde Alejandro Chadwick, La Reina, Santiago, Chile
2025-11-29 17:46:44;La Reina;casa;Casa En Venta En Carlos Ossandón, La Reina;16490;CLF;4 dormitorios;4 baños;172 m² útiles;4 dormitorios | 4 baños | 172 m² útiles;Carlos Silva Vildósola 8700 - 9000, La Reina, Carlos Ossandón, La Reina;;-33.4399939;-70.53478;Carlos Silva Vildósola 8700 - 9000, La Reina, Santiago, Chile
2025-11-29 17:46:44;La Reina;casa;Carlos Silva Vildósola- Condominio- 4 Estacionamientos ;16490;CLF;4 dormitorios;4 baños;172 m² útiles;4 dormitorios | 4 baños | 172 m² útiles;Carlos Silva Vildósola 8700 - 9000, La Reina, Carlos Ossandón, La Reina;;-33.4399939;-70.53478;Carlos Silva Vildósola 8700 - 9000, La Reina, Santiago, Chile
2025-11-29 17:46:44;La Reina;casa;Preciosa Casa Familiar Remodelada 4 Dorm 4 Baños 4 Estac.;16400;CLF;4 dormitorios;4 baños;194 m² útiles;4 dormitorios | 4 baños | 194 m² útiles;Av. Echeñique 7283, La Reina, Región Metropolitana, Chile, Palmas De Mallorca, La Reina;;-33.4433337;-70.5560493;Av. Echeñique 7283, La Reina, Santiago, Chile
2025-11-29 17:46:44;La Reina;casa;¡se Vende Hermosa Casa Aislada En La Reina!;270000000;CLP;3 dormitorios;2 baños;84 m² útiles;3 dormitorios | 2 baños | 84 m² útiles;Manuel José Rivera 720, La Reina, Francisco De Villagra, La Reina;;-33.4600032;-70.5557551;Manuel José Rivera 720, La Reina, Santiago, Chile
2025-11-29 17:46:44;La Reina;casa;Casa En Venta De 6 Dorm. En La Reina;8490;CLF;6 dormitorios;3 baños;180 m² útiles;6 dormitorios | 3 baños | 180 m² útiles;Pasaje Francisco De Villagra, Francisco De Villagra, La Reina;;-33.4591285;-70.5609555;Pasaje Francisco De Villagra, La Reina, Santiago, Chile
2025-11-29 17:46:44;La Reina;casa;Mediterránea En Condominio En La Reina;16900;CLF;3 dormitorios;4 baños;139 m² útiles;3 dormitorios | 4 baños | 139 m² útiles;Valenzuela Puelma, 7800 - 8100, La Reina;;-33.432194;-70.5278306;Valenzuela Puelma, La Reina, Santiago, Chile
2025-11-29 17:47:24;La Reina;casa;Se Vende Casa Con Una Excelente Ubicación;12000;CLF;4 dormitorios;4 baños;176 m² útiles;4 dormitorios | 4 baños | 176 m² útiles;Alcalde Manuel De La Lastra, La Reina, Carlos Ossandón, La Reina;;-33.4308192;-70.554589;Alcalde Manuel De La Lastra, La Reina, Santiago, Chile
2025-11-29 17:47:24;La Reina;casa;Una Gran Casa, Para Una Gran Familia, Grandes Espacios !!!;21990;CLF;5 dormitorios;4 baños;300 m² útiles;5 dormitorios | 4 baños | 300 m² útiles;Julia Bernstein 284, La Reina, Región Metropolitana, Chile, La Reina Alta, La Reina;;-33.4409026;-70.521155;Julia Bernstein 284, La Reina, Santiago, Chile
2025-11-29 17:47:24;La Reina;casa;Oportunidad Se Vende 2 Casas En 1;4499;CLF;3 dormitorios;2 baños;72 m² útiles;3 dormitorios | 2 baños | 72 m² útiles;QUINCHAMALI, 1 - 300, Villa La Reina, La Reina;;-33.4573912;-70.5392995;QUINCHAMALI, La Reina, Santiago, Chile
2025-11-29 17:47:24;La Reina;casa;Casa Mediterranea Condominio Julia Bernstein;32500;CLF;6 dormitorios;6 baños;470 m² útiles;6 dormitorios | 6 baños | 470 m² útiles;Julia Bernstein, 300 - 600, La Reina Alta, La Reina;;-33.4481507;-70.5233313;Julia Bernstein, La Reina, Santiago, Chile
2025-11-29 17:47:24;La Reina;casa;Casa En Venta En La Reina Alta Con Piscina Y Jardín;24000;CLF;5 dormitorios;5 baños;279 m² útiles;5 dormitorios | 5 baños | 279 m² útiles;Alvaro Casanova 965, La Reina, Chile, La Reina Alta, La Reina;;-33.442754;-70.5193029;Alvaro Casanova 965, La Reina, Santiago, Chile
2025-11-29 17:47:24;La Reina;casa;Casa En Venta De 6 Dorm. En La Reina;11000;CLF;6 dormitorios;4 baños;165 m² útiles;6 dormitorios | 4 baños | 165 m² útiles;Av. Tobalaba, Metro Simón Bolivar, La Reina;;-33.4405044;-70.5710823;Av. Tobalaba, La Reina, Santiago, Chile
2025-11-29 17:47:24;La Reina;casa;Casa En Venta De 3 Dorm. En La Reina;10890;CLF;3 dormitorios;3 baños;143 m² útiles;3 dormitorios | 3 baños | 143 m² útiles;La Reina, Palmas De Mallorca;;-33.4430242;-70.5337236;La Reina, La Reina, Santiago, Chile
2025-11-29 17:47:24;La Reina;casa;Amplia Y Cálida Casa Con Excelente Ubicación;10500;CLF;7 dormitorios;3 baños;201 m² útiles;7 dormitorios | 3 baños | 201 m² útiles;Simón Bolivar, 1 - 300, La Reina;;-33.4461845;-70.5719261;Simón Bolivar, La Reina, Santiago, Chile
2025-11-29 17:47:24;La Reina;casa;Casa En Venta Condominio Privado;25500;CLF;6 dormitorios;5 baños;303 m² útiles;6 dormitorios | 5 baños | 303 m² útiles;Alvaro Casanova, 900 - 1200, La Reina Alta, La Reina;;-33.442754;-70.5193029;Alvaro Casanova, La Reina, Santiago, Chile
2025-11-29 17:47:24;La Reina;casa;Venta Casa En Condominio La Reina 5d 4b;15600;CLF;5 dormitorios;4 baños;175 m² útiles;5 dormitorios | 4 baños | 175 m² útiles;Helsby, 9900 - 10200, La Reina;;-33.4352645;-70.5399962;Helsby, La Reina, Santiago, Chile
2025-11-29 17:47:24;La Reina;casa;Casa Nueva Estilo Mediterráneo En La Reina;15900;CLF;3 dormitorios;4 baños;139 m² útiles;3 dormitorios | 4 baños | 139 m² útiles;Valenzuela Puelma, 7800 - 8100, La Reina;;-33.4326178;-70.521039;Valenzuela Puelma, La Reina, Santiago, Chile
2025-11-29 17:47:24;La Reina;casa;Maravillosa Casa, Moderna Y Elegante;19500;CLF;5 dormitorios;4 baños;204 m² útiles;5 dormitorios | 4 baños | 204 m² útiles;Pintor Pacheco Altamirano, 1 - 300, La Reina;;-33.4547388;-70.5248425;Pintor Pacheco Altamirano, La Reina, Santiago, Chile
2025-11-29 17:47:24;La Reina;casa;Casa En Venta De 5 Dorm. En La Reina;13480;CLF;5 dormitorios;4 baños;224 m² útiles;5 dormitorios | 4 baños | 224 m² útiles;La Reina, Pepe Vila;;-33.4430242;-70.5337236;La Reina, La Reina, Santiago, Chile
2025-11-29 17:47:24;La Reina;casa;Casa En Venta En La Reina Alta, La Reina;31000;CLF;6 dormitorios;4 baños;295 m² útiles;6 dormitorios | 4 baños | 295 m² útiles;María Monvel 2090, 7.86e+06 - 7.8603e+06 La Reina, Región Metropolitana, Chile, La Reina Alta, La Reina;;-33.4374797;-70.5204191;María Monvel 2090, La Reina, Santiago, Chile
2025-11-29 17:47:24;La Reina;casa;Casa Mediterranea  Semi Nueva 4d+4b En La Reina;19500;CLF;4 dormitorios;4 baños;165 m² útiles;4 dormitorios | 4 baños | 165 m² útiles;Avenida Príncipe De Gales 8180, La Reina, Chile, Carlos Ossandón, La Reina;;-33.4398913;-70.5471095;Avenida Príncipe De Gales 8180, La Reina, Santiago, Chile
2025-11-29 17:47:24;La Reina;casa;Casa En Venta En La Reina Alta ! Vista Verde, Buen Barrio !;19900;CLF;3 dormitorios;4 baños;260 m² útiles;3 dormitorios | 4 baños | 260 m² útiles;Álvaro Casanova, La Reina Alta, La Reina;;-33.442754;-70.5193029;Álvaro Casanova, La Reina, Santiago, Chile
2025-11-29 17:47:24;La Reina;casa;Casa En Venta De 5 Dorm. En La Reina;13650;CLF;5 dormitorios;3 baños;140 m² útiles;5 dormitorios | 3 baños | 140 m² útiles;La Reina, Carlos Ossandón, La Reina;;-33.4430242;-70.5337236;La Reina, La Reina, Santiago, Chile
2025-11-29 17:47:24;La Reina;casa;Vende Casa La Reina, Remodelada Impecable A Pasos Bilbao ;20800;CLF;6 dormitorios;4 baños;240 m² útiles;6 dormitorios | 4 baños | 240 m² útiles;Alcalde Alejandro Chadwick, La Reina, Metro Príncipe De Gales - Country Club, La Reina;;-33.4306102;-70.5573475;Alcalde Alejandro Chadwick, La Reina, Santiago, Chile
2025-11-29 17:47:24;La Reina;casa;Espectacular Y Amplia Casa En Venta En La Reina 3d-3b;15500;CLF;3 dormitorios;3 baños;188 m² útiles;3 dormitorios | 3 baños | 188 m² útiles;Carlos Ossandon 1950, Carlos Ossandón, La Reina;;-33.4363982;-70.5430026;Carlos Ossandon 1950, La Reina, Santiago, Chile
2025-11-29 17:47:24;La Reina;casa;Casa En Venta En La Reina;11000;CLF;3 dormitorios;3 baños;117 m² útiles;3 dormitorios | 3 baños | 117 m² útiles;La Reina, Carlos Ossandón, La Reina;;-33.4430242;-70.5337236;La Reina, La Reina, Santiago, Chile
2025-11-29 17:47:24;La Reina;casa;Casa En Venta De 4d-4b.la Reina, Maria Monvel;15900;CLF;4 dormitorios;4 baños;201 m² útiles;4 dormitorios | 4 baños | 201 m² útiles;Maria Monvel, La Reina Alta, La Reina;;-33.4471216;-70.5288691;Maria Monvel, La Reina, Santiago, Chile
2025-11-29 17:47:24;La Reina;casa;Casa En Condominio En Excelente Ubicación;11990;CLF;4 dormitorios;3 baños;131 m² útiles;4 dormitorios | 3 baños | 131 m² útiles;Echeñique, 0, Palmas De Mallorca, La Reina;;-33.4456626;-70.5693118;Echeñique, La Reina, Santiago, Chile
2025-11-29 17:47:24;La Reina;casa;Casa En Venta De 6 Dorm. En La Reina;20850;CLF;6 dormitorios;5 baños;248 m² útiles;6 dormitorios | 5 baños | 248 m² útiles;La Reina, Carlos Ossandón, La Reina;;-33.4430242;-70.5337236;La Reina, La Reina, Santiago, Chile
2025-11-29 17:47:24;La Reina;casa;Casa En Venta De 5 Dorm. En La Reina;9000;CLF;5 dormitorios;2 baños;120 m² útiles;5 dormitorios | 2 baños | 120 m² útiles;Tobalaba, Metro Simón Bolivar, La Reina;;-33.4492079;-70.5615753;Tobalaba, La Reina, Santiago, Chile
2025-11-29 17:47:24;La Reina;casa;Casa En Venta En Carlos Ossandón, La Reina Con Jardín;600000000;CLP;4 dormitorios;4 baños;220 m² útiles;4 dormitorios | 4 baños | 220 m² útiles;Av. Echeñique 8158, La Reina, Carlos Ossandón, La Reina;;-33.4418146;-70.5471963;Av. Echeñique 8158, La Reina, Santiago, Chile
2025-11-29 17:47:24;La Reina;casa;Casa En La Reina, Comodidad Y Excelente Entorno;6990;CLF;4 dormitorios;3 baños;123 m² útiles;4 dormitorios | 3 baños | 123 m² útiles;SIMON BOLIVAR, 6300 - 6600, Metro Simón Bolivar, La Reina;;-33.4461845;-70.5719261;SIMON BOLIVAR, La Reina, Santiago, Chile
2025-11-29 17:47:24;La Reina;casa;Casa En Venta En La Reina;7400;CLF;3 dormitorios;2 baños;100 m² útiles;3 dormitorios | 2 baños | 100 m² útiles;Bramante 600 - 900, La Reina, Francisco De Villagra, La Reina;;-33.457534;-70.5580475;Bramante 600 - 900, La Reina, Santiago, Chile
2025-11-29 17:47:24;La Reina;casa;Oportunidad En La Reina Casa Isla Para Remodelar.;8400;CLF;5 dormitorios;2 baños;132 m² útiles;5 dormitorios | 2 baños | 132 m² útiles;GERMAN CASAS CORDERO, 6900 - 7200, Pepe Vila, La Reina;;-33.4568012;-70.5535575;GERMAN CASAS CORDERO, La Reina, Santiago, Chile
2025-11-29 17:47:24;La Reina;casa;Linda La Reina, Junto Al Colegio British School;14990;CLF;5 dormitorios;4 baños;166 m² útiles;5 dormitorios | 4 baños | 166 m² útiles;Av Las Perdices, 1 - 300, La Reina;;-33.4451334;-70.5311479;Av Las Perdices, La Reina, Santiago, Chile
2025-11-29 17:47:24;La Reina;casa;Gil De Castro / Valenzuela Puelma;14200;CLF;4 dormitorios;3 baños;163 m² útiles;4 dormitorios | 3 baños | 163 m² útiles;Pintor José Gil De Castro, La Reina, Carlos Ossandón, La Reina;;-33.4244643;-70.549686;Pintor José Gil De Castro, La Reina, Santiago, Chile
2025-11-29 17:47:24;La Reina;casa;Amplia Y Acogedora Casa 4 D 3 B, En Pasaje.;8100;CLF;4 dormitorios;3 baños;144 m² útiles;4 dormitorios | 3 baños | 144 m² útiles;Reina Victoria, 1 - 300, Metro Príncipe De Gales - Country Club, La Reina;;-33.4400365;-70.5646572;Reina Victoria, La Reina, Santiago, Chile
2025-11-29 17:47:24;La Reina;casa;Casa En Venta En La Reina;12150;CLF;5 dormitorios;4 baños;133 m² útiles;5 dormitorios | 4 baños | 133 m² útiles;Pablo Burchard 567, 7.86e+06 - 7.8603e+06 Santiago, La Reina, Región Metropolitana, Chile, Carlos Ossandón, La Reina;;-33.4450732;-70.5486949;Pablo Burchard 567, La Reina, Santiago, Chile
2025-11-29 17:47:24;La Reina;casa;Pintor Laureano Guevara 501;400000000;CLP;4 dormitorios;3 baños;163 m² útiles;4 dormitorios | 3 baños | 163 m² útiles;Pintor Laureano Guevara 501, La Reina, Chile, Carlos Ossandón, La Reina;;-33.4481357;-70.5406141;Pintor Laureano Guevara 501, La Reina, Santiago, Chile
2025-11-29 17:47:24;La Reina;casa;En Condominio , Hermosa , Solo Cuatro Casas;15900;CLF;5 dormitorios;3 baños;168 m² útiles;5 dormitorios | 3 baños | 168 m² útiles;Helsby 8650, Carlos Ossandón, La Reina;;-33.435123;-70.5404467;Helsby 8650, La Reina, Santiago, Chile
2025-11-29 17:47:24;La Reina;casa;Venta Casa 183 Metros, La Reina - Remodelada!!;350000000;CLP;3 dormitorios;2 baños;123 m² útiles;3 dormitorios | 2 baños | 123 m² útiles;LYNCH NORTE, 0, Metro Simón Bolivar, La Reina;;-33.4495644;-70.5651984;LYNCH NORTE, La Reina, Santiago, Chile
2025-11-29 17:47:24;La Reina;casa;Casa En Venta De 3 Dorm. En La Reina;110000000;CLP;3 dormitorios;1 baño;86 m² útiles;3 dormitorios | 1 baño | 86 m² útiles;Mamiña, Villa La Reina, La Reina;;-33.4564544;-70.5356053;Mamiña, La Reina, Santiago, Chile
2025-11-29 17:47:39;La Reina;casa;Casa En Venta De 4 Dorm. En La Reina;7700;CLF;4 dormitorios;3 baños;100 m² totales;4 dormitorios | 3 baños | 100 m² totales;La Reina, Metro Príncipe De Gales - Country Club, La Reina;;-33.4430242;-70.5337236;La Reina, La Reina, Santiago, Chile
2025-11-29 17:47:39;La Reina;casa;Casa En Venta De 3 Dorm. En La Reina;280000000;CLP;3 dormitorios;3 baños;107 m² útiles;3 dormitorios | 3 baños | 107 m² útiles;Av. José Arrieta, Francisco De Villagra, La Reina;;-33.4591695;-70.5717825;Av. José Arrieta, La Reina, Santiago, Chile
2025-11-29 17:47:39;La Reina;casa;Casa En Venta De 5 Dorm. En La Reina;600000000;CLP;5 dormitorios;4 baños;221 m² útiles;5 dormitorios | 4 baños | 221 m² útiles;VISTA HERMOSA, Palmas De Mallorca, La Reina;;-33.443546;-70.5636766;VISTA HERMOSA, La Reina, Santiago, Chile
2025-11-29 17:47:39;La Reina;casa;Seguridad, Privacidad, Tranquilidad En La Reina;14100;CLF;5 dormitorios;4 baños;153 m² útiles;5 dormitorios | 4 baños | 153 m² útiles;Simón González 8610, La Reina, Región Metropolitana, Chile, Carlos Ossandón, La Reina;;-33.4459076;-70.5425382;Simón González 8610, La Reina, Santiago, Chile
2025-11-29 17:47:39;La Reina;casa;Casa En Venta De 4 Dorm. Mas Servicios En La Reina;15500;CLF;4 dormitorios;3 baños;168 m² útiles;4 dormitorios | 3 baños | 168 m² útiles;Principe De Gales, Carlos Ossandón, La Reina;;-33.440965;-70.540106;Principe De Gales, La Reina, Santiago, Chile
2025-11-29 17:47:39;La Reina;casa;Excelente Casa En La Reina Alta 100% Financiamiento;41212;CLF;3 dormitorios;6 baños;600 m² útiles;3 dormitorios | 6 baños | 600 m² útiles;Onofre Jarpa, La Reina Alta, La Reina;;-33.4351374;-70.5225613;Onofre Jarpa, La Reina, Santiago, Chile
2025-11-29 17:47:39;La Reina;casa;Casa En Venta De 3 Dorm. En La Reina, Arrieta, Tobalaba;8990;CLF;3 dormitorios;2 baños;130 m² útiles;3 dormitorios | 2 baños | 130 m² útiles;Dragones De La Reina, Arrieta, Tobalaba, Francisco De Villagra, La Reina;;-33.4609872;-70.5626109;Dragones De La Reina, La Reina, Santiago, Chile
2025-11-29 17:47:39;La Reina;casa;Casa En Venta De 9 Dorm. En La Reina;16000;CLF;9 dormitorios;5 baños;245 m² útiles;9 dormitorios | 5 baños | 245 m² útiles;Monseñor Edwards, Simón Bolivar, Palmas De Mallorca, La Reina;;-33.4379573;-70.5612895;Monseñor Edwards, La Reina, Santiago, Chile
2025-11-29 17:47:39;La Reina;casa;Casa En Venta De 5 Dorm. En La Reina;22000;CLF;5 dormitorios;3 baños;230 m² útiles;5 dormitorios | 3 baños | 230 m² útiles;Simón Bolivar, Echeñique, Tobalaba, Palmas De Mallorca, La Reina;;-33.4461845;-70.5719261;Simón Bolivar, La Reina, Santiago, Chile
2025-11-29 17:47:39;La Reina;casa;Casa En Venta En La Reina, 4 Dormitorios, 2 Baños Y Piscina ;15600;CLF;4 dormitorios;2 baños;177 m² útiles;4 dormitorios | 2 baños | 177 m² útiles;Vicente Pérez Rosales, Tobalaba, Simón González, Palmas De Mallorca, La Reina;;-33.437425;-70.5512194;Vicente Pérez Rosales, La Reina, Santiago, Chile
2025-11-29 17:47:39;La Reina;casa;Casa En Venta De 5 Dorm. En La Reina;14300;CLF;5 dormitorios;3 baños;184 m² útiles;5 dormitorios | 3 baños | 184 m² útiles;Benjamín Subercaseaux, La Reina Alta, La Reina;;-33.4391561;-70.5247009;Benjamín Subercaseaux, La Reina, Santiago, Chile
2025-11-29 17:47:39;La Reina;casa;Casa En Venta De 4 Dorm. En La Reina;16720;CLF;4 dormitorios;4 baños;159 m² útiles;4 dormitorios | 4 baños | 159 m² útiles;José Zapiola / Carlos Ossandón, Carlos Ossandón, La Reina;;-33.4486398;-70.5438421;José Zapiola / Carlos Ossandón, La Reina, Santiago, Chile
2025-11-29 17:47:39;La Reina;casa;Casa En Venta De 5 Dorm. En La Reina;25000;CLF;5 dormitorios;4 baños;340 m² útiles;5 dormitorios | 4 baños | 340 m² útiles;Onofre Jarpa/Alvaro Casanova, La Reina Alta, La Reina;;-33.4336718;-70.5191999;Onofre Jarpa/Alvaro Casanova, La Reina, Santiago, Chile
2025-11-29 17:47:39;La Reina;casa;Casa En Venta De 5 Dormitorios Y 4 Baños En La Reina;24000;CLF;5 dormitorios;4 baños;334 m² útiles;5 dormitorios | 4 baños | 334 m² útiles;Palmas De Mallorca, Palmas De Mallorca, La Reina;;-33.4430495;-70.557221;Palmas De Mallorca, La Reina, Santiago, Chile
2025-11-29 17:47:39;La Reina;casa;Casa En Venta De 5 Dorm. En La Reina;15500;CLF;5 dormitorios;3 baños;200 m² útiles;5 dormitorios | 3 baños | 200 m² útiles;Maria Monvel 1669, La Reina Alta, La Reina;;-33.4471216;-70.5288691;Maria Monvel 1669, La Reina, Santiago, Chile
2025-11-29 17:47:39;La Reina;casa;Las Perdices / Larraín / Condominio Castillo Velasco;16000;CLF;5 dormitorios;4 baños;273 m² útiles;5 dormitorios | 4 baños | 273 m² útiles;Las Perdices, La Reina, La Reina;;-33.4607843;-70.5305924;Las Perdices, La Reina, Santiago, Chile
2025-11-29 17:47:39;La Reina;casa;Lynch /javiera Carrera/josé Arrieta;13000;CLF;9 dormitorios;7 baños;177 m² útiles;9 dormitorios | 7 baños | 177 m² útiles;Lynch Sur 700, La Reina, Chile, Francisco De Villagra, La Reina;;-33.458311;-70.5645929;Lynch Sur 700, La Reina, Santiago, Chile
2025-11-29 17:47:39;La Reina;casa;Villa La Reina;125000000;CLP;3 dormitorios;2 baños;98 m² útiles;3 dormitorios | 2 baños | 98 m² útiles;Chapiquiña 614, La Reina, Chile, Villa La Reina, La Reina;;-33.4580222;-70.5330765;Chapiquiña 614, La Reina, Santiago, Chile
2025-11-29 17:47:39;La Reina;casa;Vendo Amplia Y Hermosa Casa, Calle Bramante, La Reina.;7400;CLF;4 dormitorios;2 baños;153 m² útiles;4 dormitorios | 2 baños | 153 m² útiles;Bramante, Francisco De Villagra, La Reina;;-33.457534;-70.5580475;Bramante, La Reina, Santiago, Chile
2025-11-29 17:47:39;La Reina;casa;Casa En Venta En La Reina;15199;CLF;4 dormitorios;3 baños;260 m² útiles;4 dormitorios | 3 baños | 260 m² útiles;LA REINA, Carlos Ossandón, La Reina;;-33.4430242;-70.5337236;LA REINA, La Reina, Santiago, Chile
2025-11-29 17:47:39;La Reina;casa; Oportunidad  Son 2 Casas, Se Vende La Del Primer Piso Con P;9600;CLF;4 dormitorios;2 baños;115 m² útiles;4 dormitorios | 2 baños | 115 m² útiles;Gibraltar 7400, La Reina, Chile, Palmas De Mallorca, La Reina;;-33.4479014;-70.5530918;Gibraltar 7400, La Reina, Santiago, Chile
2025-11-29 17:47:39;La Reina;casa;Terreno En La Reina Con Casa De 7 Habitaciones;13500;CLF;7 dormitorios;4 baños;800 m² útiles;7 dormitorios | 4 baños | 800 m² útiles;Los Prunos 7099, Pepe Vila, La Reina;;-33.4548379;-70.5539123;Los Prunos 7099, La Reina, Santiago, Chile
2025-11-29 17:47:39;La Reina;casa;Casa De 7 Habitaciones Con Amplio Terreno En La Reina;13500;CLF;7 dormitorios;4 baños;224 m² útiles;7 dormitorios | 4 baños | 224 m² útiles;Los Prunos 7099, Pepe Vila, La Reina;;-33.4548379;-70.5539123;Los Prunos 7099, La Reina, Santiago, Chile
2025-11-29 17:47:39;La Reina;casa;Casa Francisco De Villagra La Reina;8000;CLF;4 dormitorios;2 baños;132 m² útiles;4 dormitorios | 2 baños | 132 m² útiles;Francisco De Villagra 6906, La Reina, Chile, Francisco De Villagra, La Reina;;-33.4598829;-70.5620834;Francisco De Villagra 6906, La Reina, Santiago, Chile
2025-11-29 17:47:39;La Reina;casa;Gran Casa La Reina Monseñor Edwards;24000;CLF;5 dormitorios;4 baños;304 m² útiles;5 dormitorios | 4 baños | 304 m² útiles;Presidente Ovalle 6665, La Reina, Chile, Palmas De Mallorca, La Reina;;-33.4426209;-70.5627716;Presidente Ovalle 6665, La Reina, Santiago, Chile
2025-11-29 17:47:39;La Reina;casa;Vende Casa Sector Plaza La Reina;28600;CLF;4 dormitorios;5 baños;850 m² totales;4 dormitorios | 5 baños | 850 m² totales;Plaza La Reina, La Reina Alta, La Reina;;-33.4401954;-70.5329164;Plaza La Reina, La Reina, Santiago, Chile
2025-11-29 17:47:39;La Reina;casa;Oportunidad De Inversión Para Remodelar;11000;CLF;5 dormitorios;4 baños;150 m² útiles;5 dormitorios | 4 baños | 150 m² útiles;Los Alcaldes, Parque Intercomunal Hurtado, La Reina;;-34.0176003;-70.6536314;Los Alcaldes, La Reina, Santiago, Chile
2025-11-29 17:47:39;La Reina;casa;Avda Larrain/entre Ossa Y Tobalaba/gran Terreno;19850;CLF;3 dormitorios;2 baños;148 m² útiles;3 dormitorios | 2 baños | 148 m² útiles;Avenida Larraín 6123, La Reina, Chile, Blest Gana, La Reina;;-33.4534835;-70.5696038;Avenida Larraín 6123, La Reina, Santiago, Chile
2025-11-29 17:47:39;La Reina;casa;La Reina, Simón González 8868, 4d 4b;11990;CLF;4 dormitorios;4 baños;141 m² útiles;4 dormitorios | 4 baños | 141 m² útiles;Simón González 8868, La Reina, Chile, Carlos Ossandón, La Reina;;-33.4458888;-70.540051;Simón González 8868, La Reina, Santiago, Chile
2025-11-29 17:47:39;La Reina;casa;Maravillosa Casa En Venta, En El Mejor Sector De La Reina. P;19950;CLF;5 dormitorios;4 baños;225 m² útiles;5 dormitorios | 4 baños | 225 m² útiles;Avenida Príncipe De Gales 730, La Reina, Chile, Carlos Ossandón, La Reina;;-33.4385234;-70.5638002;Avenida Príncipe De Gales 730, La Reina, Santiago, Chile
2025-11-29 17:47:39;La Reina;casa;Espectacular Casa En La Reina Alta. Carlos Silva Vildósola ;17900;CLF;4 dormitorios;5 baños;260 m² útiles;4 dormitorios | 5 baños | 260 m² útiles;Carlos Silva Vildósola 10382, La Reina, Chile, La Reina Alta, La Reina;;-33.4425212;-70.5246453;Carlos Silva Vildósola 10382, La Reina, Santiago, Chile
2025-11-29 17:47:39;La Reina;casa;Solida, Antigua Grandes Espacios Y Jardín;15500;CLF;3 dormitorios;2 baños;166 m² útiles;3 dormitorios | 2 baños | 166 m² útiles;Loreley, La Reina, Palmas De Mallorca, La Reina;;-33.4432051;-70.5662143;Loreley, La Reina, Santiago, Chile
2025-11-29 17:47:39;La Reina;casa; Nuevo!! La Reina Alta, Condominio Vista Monte: Solo Quedan ;23990;CLF;4 dormitorios;4 baños;240 m² útiles;4 dormitorios | 4 baños | 240 m² útiles;Julia Bernstein 1107, La Reina, Chile, La Reina Alta, La Reina;;-33.4395249;-70.5207307;Julia Bernstein 1107, La Reina, Santiago, Chile
2025-11-29 17:47:39;La Reina;casa;Cercano A Metro Y Mall Plaza Egaña/buen Terreno;15964;CLF;4 dormitorios;2 baños;100 m² útiles;4 dormitorios | 2 baños | 100 m² útiles;Javiera Carrera Sur 44, La Reina, Chile, Blest Gana, La Reina;;-33.4560917;-70.5665282;Javiera Carrera Sur 44, La Reina, Santiago, Chile
2025-11-29 17:48:26;La Reina;casa;Casa En Venta - La Reina Alta;67500;CLF;4 dormitorios;3 baños;150 m² útiles;4 dormitorios | 3 baños | 150 m² útiles;María Monvel, La Reina Alta, La Reina;;-33.4471216;-70.5288691;María Monvel, La Reina, Santiago, Chile
2025-11-29 17:48:26;La Reina;casa;Acogedora Y Luminosa Casa De 3 Dormitorios;7300;CLF;3 dormitorios;1 baño;195 m² totales;3 dormitorios | 1 baño | 195 m² totales;Vicente Pérez Rosales 600, Palmas De Mallorca, La Reina;;-33.437425;-70.5512194;Vicente Pérez Rosales 600, La Reina, Santiago, Chile
2025-11-29 17:48:26;La Reina;casa;Excelente Casa En La Reina 3dorm +3baños En Condominio;14500;CLF;5 dormitorios;4 baños;166 m² útiles;5 dormitorios | 4 baños | 166 m² útiles;British  Royal School, La Reina Alta, La Reina;;-33.4512379;-70.5271956;British Royal School, La Reina, Santiago, Chile
2025-11-29 17:48:26;La Reina;casa;Vendo Hermosa Casa Semi Amoblada, Comuna La Reina;430000000;CLP;5 dormitorios;2 baños;200 m² útiles;5 dormitorios | 2 baños | 200 m² útiles;Januario Espinoza 7821, La Reina, Francisco De Villagra, La Reina;;-33.4618998;-70.5551017;Januario Espinoza 7821, La Reina, Santiago, Chile
2025-11-29 17:48:26;La Reina;casa;Se Vende Casa Remodelada Y Aislada En La Reina;8300;CLF;4 dormitorios;3 baños;133 m² útiles;4 dormitorios | 3 baños | 133 m² útiles;General Belgrano 6308, Metro Simón Bolivar, La Reina;;-33.4466173;-70.5656409;General Belgrano 6308, La Reina, Santiago, Chile
2025-11-29 17:48:26;La Reina;casa;Venta Casa La Reina |ureta Bravo Propiedades|;108000000;CLP;4 dormitorios;1 baño;69 m² útiles;4 dormitorios | 1 baño | 69 m² útiles;El Copao 672, La Reina;;-34.4726402;-71.9745904;El Copao 672, La Reina, Santiago, Chile
2025-11-29 17:48:26;La Reina;casa;Acogedora Casa En La Reina;6900;CLF;3 dormitorios;2 baños;75 m² útiles;3 dormitorios | 2 baños | 75 m² útiles;Palma De Mallorca 784, La Reina, Chile, Palmas De Mallorca, La Reina;;-29.9029729;-71.2467157;Palma De Mallorca 784, La Reina, Santiago, Chile
2025-11-29 17:48:26;La Reina;casa;Casa En Condominio;6250;CLF;4 dormitorios;3 baños;80 m² útiles;4 dormitorios | 3 baños | 80 m² útiles;Avda Simon Bolivar  6129, Metro Simón Bolivar, La Reina;;-33.4454396;-70.5565816;Avda Simon Bolivar 6129, La Reina, Santiago, Chile
2025-11-29 17:48:26;La Reina;casa;Javiera Carrera/ Metro Plaza Egaña;6533;CLF;3 dormitorios;2 baños;89 m² útiles;3 dormitorios | 2 baños | 89 m² útiles;, La Reina, Blest Gana, La Reina;;-33.4430242;-70.5337236;La Reina, La Reina, Santiago, Chile
2025-11-29 17:48:26;La Reina;casa;Gran Casa Moderna En Pasaje Cerrado Con Vista A Cordillera;31500;CLF;4 dormitorios;4 baños;321 m² útiles;4 dormitorios | 4 baños | 321 m² útiles;Nicanor Plaza, La Reina Alta, La Reina;;-33.4364067;-70.5328746;Nicanor Plaza, La Reina, Santiago, Chile
2025-11-29 17:48:26;La Reina;casa;Casa En Venta De 4 Dorm. En La Reina;11000;CLF;4 dormitorios;3 baños;137 m² útiles;4 dormitorios | 3 baños | 137 m² útiles;Jesús, La Reina;;-33.4463261;-70.5681913;Jesús, La Reina, Santiago, Chile
2025-11-29 17:48:26;La Reina;casa;Casa En Venta De 4 Dorm. En La Reina;12800;CLF;4 dormitorios;3 baños;140 m² útiles;4 dormitorios | 3 baños | 140 m² útiles;Valenzuela Puelma, Pepe Vila, La Reina;;-33.4326178;-70.521039;Valenzuela Puelma, La Reina, Santiago, Chile
2025-11-29 17:48:26;La Reina;casa;Dos Casas, Una Grande Familiar Y Otra Ideal Para Los Abuelos;23400;CLF;7 dormitorios;7 baños;310 m² útiles;7 dormitorios | 7 baños | 310 m² útiles;ALVARO CASANOVA, La Reina Alta, La Reina;;-33.442754;-70.5193029;ALVARO CASANOVA, La Reina, Santiago, Chile
2025-11-29 17:48:26;La Reina;casa;Casa En Venta De 4 Dorm. En La Reina;7700;CLF;4 dormitorios;2 baños;104 m² útiles;4 dormitorios | 2 baños | 104 m² útiles;El Tambo, La Reina;;-33.4592991;-70.5527784;El Tambo, La Reina, Santiago, Chile
2025-11-29 17:48:26;La Reina;casa;Casa En Venta De 4 Dorm. En La Reina;7500;CLF;4 dormitorios;3 baños;148 m² útiles;4 dormitorios | 3 baños | 148 m² útiles;Bramante, La Reina, Francisco De Villagra, La Reina;;-33.457534;-70.5580475;Bramante, La Reina, Santiago, Chile
2025-11-29 17:48:26;La Reina;casa;Hermosa Casa En Venta De 5 Dorm. En La Reina;12150;CLF;5 dormitorios;3 baños;140 m² útiles;5 dormitorios | 3 baños | 140 m² útiles;Echeñique 8774, Carlos Ossandón, La Reina;;-33.4425904;-70.5396905;Echeñique 8774, La Reina, Santiago, Chile
2025-11-29 17:48:26;La Reina;casa;Casa En Venta En La Reina;34950;CLF;4 dormitorios;4 baños;360 m² útiles;4 dormitorios | 4 baños | 360 m² útiles;Onofre Jarpa, La Reina Alta, La Reina;;-33.4351374;-70.5225613;Onofre Jarpa, La Reina, Santiago, Chile
2025-11-29 17:48:26;La Reina;casa;Exclusiva Casa En Venta En Condominio Privado, La Reina;17000;CLF;5 dormitorios;4 baños;201 m² útiles;5 dormitorios | 4 baños | 201 m² útiles;María Monvel 2022, La Reina Alta, La Reina;;-33.4471216;-70.5288691;María Monvel 2022, La Reina, Santiago, Chile
2025-11-29 17:48:26;La Reina;casa;Venta, Casa En Pasaje Cerrado, Metro Fernando Castillo V.;320000000;CLP;4 dormitorios;2 baños;97 m² útiles;4 dormitorios | 2 baños | 97 m² útiles;Metro Fernando Castillo Velasco, La Reina;;-33.4521007;-70.558107;Fernando Castillo Velasco, La Reina, Santiago, Chile
2025-11-29 17:48:26;La Reina;casa;Casa En Venta De 3 Dorm. En La Reina;7622;CLF;3 dormitorios;2 baños;88 m² útiles;3 dormitorios | 2 baños | 88 m² útiles;Metro Fernando Castillo Velasco, Pepe Vila, La Reina;;-33.4521007;-70.558107;Fernando Castillo Velasco, La Reina, Santiago, Chile
2025-11-29 17:48:26;La Reina;casa;Casa En Condominio Carlos Silva Vildosola 5d / 3b, La Reina;13500;CLF;5 dormitorios;3 baños;181 m² útiles;5 dormitorios | 3 baños | 181 m² útiles;Carlos Silva Vildosola 8127, Carlos Ossandón, La Reina;;-33.437835;-70.5471554;Carlos Silva Vildosola 8127, La Reina, Santiago, Chile
2025-11-29 17:48:26;La Reina;casa;Casa En Venta De 4 Dorm. En La Reina;10500;CLF;4 dormitorios;2 baños;111 m² útiles;4 dormitorios | 2 baños | 111 m² útiles;Metro Eduardo Castillo Velasco, Carlos Ossandón, La Reina;;-33.4588682;-70.597188;Eduardo Castillo Velasco, La Reina, Santiago, Chile
2025-11-29 17:48:26;La Reina;casa;Venta Casa En La Reina;13500;CLF;5 dormitorios;5 baños;280 m² útiles;5 dormitorios | 5 baños | 280 m² útiles;Echeñique, Metro Simón Bolivar, La Reina;;-33.4456626;-70.5693118;Echeñique, La Reina, Santiago, Chile
2025-11-29 17:48:26;La Reina;casa;"Casa En Venta Condominio Castillo Velasco 4d3b&#43;2e La Rei";14990;CLF;4 dormitorios;3 baños;175 m² útiles;4 dormitorios | 3 baños | 175 m² útiles;LAS PERDICES 0570, La Reina;;-33.4607843;-70.5305924;LAS PERDICES 0570, La Reina, Santiago, Chile
2025-11-29 17:48:26;La Reina;casa;13 Mil Uf Casa Venta En Pasaje En La Reina Tobalaba ;13400;CLF;7 dormitorios;5 baños;216 m² útiles;7 dormitorios | 5 baños | 216 m² útiles;Metro Fernando Castillo Velasco, Blest Gana, La Reina;;-33.4521007;-70.558107;Fernando Castillo Velasco, La Reina, Santiago, Chile
2025-11-29 17:48:26;La Reina;casa;Casa Condominio Venta 4 Dormitorio Julia Bernstein/larrain;13800;CLF;4 dormitorios;4 baños;178 m² útiles;4 dormitorios | 4 baños | 178 m² útiles;Julia Bernstein/Fernando Castillo Velasco, La Reina Alta, La Reina;;-33.4530407;-70.5258473;Julia Bernstein/Fernando Castillo Velasco, La Reina, Santiago, Chile
2025-11-29 17:48:26;La Reina;casa;Casa En Venta En La Reina;28900;CLF;5 dormitorios;5 baños;383 m² útiles;5 dormitorios | 5 baños | 383 m² útiles;Onofre Jarpa, La Reina Alta, La Reina;;-33.4351374;-70.5225613;Onofre Jarpa, La Reina, Santiago, Chile
2025-11-29 17:48:26;La Reina;casa;Casa En Venta De 5 Dorm. En La Reina;14990;CLF;5 dormitorios;4 baños;200 m² útiles;5 dormitorios | 4 baños | 200 m² útiles;Vildosola, Carlos Ossandón, La Reina;;-33.4398326;-70.537414;Vildosola, La Reina, Santiago, Chile
2025-11-29 17:48:26;La Reina;casa;Casa Condominio 6 Dorm. María Monvel/carlos Silva Vildósola;22950;CLF;6 dormitorios;6 baños;367 m² útiles;6 dormitorios | 6 baños | 367 m² útiles;María Monvel/Carlos Silva Vildósola, La Reina Alta, La Reina;;-33.4424414;-70.5256881;María Monvel/Carlos Silva Vildósola, La Reina, Santiago, Chile
2025-11-29 17:48:26;La Reina;casa;Casa En Venta De 4 Dorm. En La Reina;12300;CLF;4 dormitorios;3 baños;160 m² útiles;4 dormitorios | 3 baños | 160 m² útiles;Simon González, Carlos Ossandón, La Reina;;-33.4475973;-70.5589138;Simon González, La Reina, Santiago, Chile
2025-11-29 17:48:26;La Reina;casa;Casa En Venta De 4 Dorm. En La Reina;13800;CLF;4 dormitorios;2 baños;160 m² útiles;4 dormitorios | 2 baños | 160 m² útiles;Simon Gonzalez, Carlos Ossandón, La Reina;;-33.4475973;-70.5589138;Simon Gonzalez, La Reina, Santiago, Chile
2025-11-29 17:48:26;La Reina;casa;Casa En Venta De 4 Dorm. En La Reina;19200;CLF;4 dormitorios;4 baños;195 m² útiles;4 dormitorios | 4 baños | 195 m² útiles;Carlos Silva Vildósola 9820, La Reina, La Reina Alta, La Reina;;-33.4408734;-70.5287498;Carlos Silva Vildósola 9820, La Reina, Santiago, Chile
2025-11-29 17:48:36;La Reina;casa;Amplio Terreno, Espacios, Piscina, Work, Conectividad, Metro;17900;CLF;4 dormitorios;4 baños;300 m² útiles;4 dormitorios | 4 baños | 300 m² útiles;Echeñique/Loreley, Palmas De Mallorca, La Reina;;-33.444582;-70.5646177;Echeñique/Loreley, La Reina, Santiago, Chile
2025-11-29 17:48:36;La Reina;casa;Casa Con Amplio Terreno Y Excelente Ubicación;12990;CLF;5 dormitorios;3 baños;127 m² útiles;5 dormitorios | 3 baños | 127 m² útiles;Alturas De Machu Pichu, 1 - 300, La Reina Alta, La Reina;;-33.5511145;-70.625602;Alturas De Machu Pichu, La Reina, Santiago, Chile
2025-11-29 17:48:36;La Reina;casa;Oportunidad! Propiedad A 71uf/m2, En La Zona Promedio 84;12580;CLF;4 dormitorios;4 baños;175 m² útiles;4 dormitorios | 4 baños | 175 m² útiles;Pintor Gil De Castro, Carlos Ossandón, La Reina;;-33.4349194;-70.5457227;Pintor Gil De Castro, La Reina, Santiago, Chile
2025-11-29 17:48:36;La Reina;casa;Casa En Venta En La Reina;10000;CLF;4 dormitorios;2 baños;120 m² útiles;4 dormitorios | 2 baños | 120 m² útiles;Av. Eliecer Parada 2655, La Reina, Troncos Viejos, La Reina;;-33.4332488;-70.5817361;Av. Eliecer Parada 2655, La Reina, Santiago, Chile
2025-11-29 17:48:36;La Reina;casa;Townhouse De 3 Pisos 4d+3b En Condominio Exclusivo, La Reina;14500;CLF;4 dormitorios;3 baños;140 m² útiles;4 dormitorios | 3 baños | 140 m² útiles;Reina Victoria 6300 - 6600, La Reina, Metro Príncipe De Gales - Country Club, La Reina;;-33.4400365;-70.5646572;Reina Victoria 6300 - 6600, La Reina, Santiago, Chile
2025-11-29 17:48:36;La Reina;casa;Espectacular Casa De Amplios Espacios Con Piscina, La Reina;26999;CLF;7 dormitorios;5 baños;324 m² útiles;7 dormitorios | 5 baños | 324 m² útiles;Julia Bernstein 300 - 600, La Reina, La Reina Alta, La Reina;;-33.4561434;-70.5262767;Julia Bernstein 300 - 600, La Reina, Santiago, Chile
2025-11-29 17:48:36;La Reina;casa;Fantastica Casa De 3 Niveles, De 210 M² En La Reina;15900;CLF;4 dormitorios;3 baños;140 m² útiles;4 dormitorios | 3 baños | 140 m² útiles;Reina Victoria 6300 - 6600, La Reina, Metro Príncipe De Gales - Country Club, La Reina;;-33.4400365;-70.5646572;Reina Victoria 6300 - 6600, La Reina, Santiago, Chile
2025-11-29 17:48:36;La Reina;casa;Casa En Venta De 4 Dorm. En La Reina;12990;CLF;4 dormitorios;3 baños;147 m² útiles;4 dormitorios | 3 baños | 147 m² útiles;Príncipe De Gales, La Reina Alta, La Reina;;-33.440965;-70.540106;Príncipe De Gales, La Reina, Santiago, Chile
2025-11-29 17:48:36;La Reina;casa;Hermosa Casa Remodelada En Condominio Cerrado, En La Reina;10900;CLF;3 dormitorios;3 baños;115 m² útiles;3 dormitorios | 3 baños | 115 m² útiles;Javiera Carrera Norte 436, La Reina, Chile, Metro Simón Bolivar, La Reina;;-33.4503308;-70.5673721;Javiera Carrera Norte 436, La Reina, Santiago, Chile
2025-11-29 17:48:36;La Reina;casa;Casa En Venta De 4 Dorm. En La Reina;10490;CLF;4 dormitorios;3 baños;120 m² útiles;4 dormitorios | 3 baños | 120 m² útiles;Talinay, Pepe Vila, La Reina;;-33.4591718;-70.5300268;Talinay, La Reina, Santiago, Chile
2025-11-29 17:48:36;La Reina;casa;¡en Venta! Ossandón Gran Jardín (5d| 4b| Salita| Servicios);22500;CLF;5 dormitorios;4 baños;245 m² útiles;5 dormitorios | 4 baños | 245 m² útiles;Carlos Ossandón 840, 7860222 Santiago, La Reina, Región Metropolitana, Chile, Carlos Ossandón, La Reina;;-33.4449659;-70.54357;Carlos Ossandón 840, La Reina, Santiago, Chile
2025-11-29 17:48:36;La Reina;casa;Casa En Venta De 3 Dorm. En La Reina;13240;CLF;3 dormitorios;3 baños;140 m² útiles;3 dormitorios | 3 baños | 140 m² útiles;VALENZUELA LLANOS, Carlos Ossandón, La Reina;;-33.4409478;-70.5338347;VALENZUELA LLANOS, La Reina, Santiago, Chile
2025-11-29 17:48:36;La Reina;casa;Casa En Venta En La Reina;21000;CLF;5 dormitorios;4 baños;245 m² útiles;5 dormitorios | 4 baños | 245 m² útiles;Julia Bernstein / Carlos Silva Vildósola, La Reina Alta, La Reina;;-33.4430765;-70.5227616;Julia Bernstein / Carlos Silva Vildósola, La Reina, Santiago, Chile
2025-11-29 17:48:36;La Reina;casa;Excelente Casa En Condominio Privado, La Reina Alta, Rm;12670;CLF;5 dormitorios;4 baños;140 m² útiles;5 dormitorios | 4 baños | 140 m² útiles;Carlos Silva Vildósola 8400 - 8700, La Reina, Carlos Ossandón, La Reina;;-33.4382904;-70.5434367;Carlos Silva Vildósola 8400 - 8700, La Reina, Santiago, Chile
2025-11-29 17:48:36;La Reina;casa;Simón Bolívar/ Vicente Pérez Rosales;10500;CLF;4 dormitorios;2 baños;126 m² útiles;4 dormitorios | 2 baños | 126 m² útiles;SIMÓN BOLÍVAR/ VICENTE PÉREZ ROSALES, Carlos Ossandón, La Reina;;-33.444844;-70.5518563;SIMÓN BOLÍVAR/ VICENTE PÉREZ ROSALES, La Reina, Santiago, Chile
2025-11-29 17:48:36;La Reina;casa;Ossandon;15200;CLF;5 dormitorios;4 baños;240 m² útiles;5 dormitorios | 4 baños | 240 m² útiles;OSSANDON, Carlos Ossandón, La Reina;;-33.4423562;-70.5433062;OSSANDON, La Reina, Santiago, Chile
2025-11-29 17:48:36;La Reina;casa;Metro Fernando Castillo Velasco;6500;CLF;3 dormitorios;2 baños;95 m² útiles;3 dormitorios | 2 baños | 95 m² útiles;METRO FERNANDO CASTILLO VELASCO, Metro Simón Bolivar, La Reina;;-33.4521007;-70.558107;FERNANDO CASTILLO VELASCO, La Reina, Santiago, Chile
2025-11-29 17:48:36;La Reina;casa;Carlos Ossandón;12400;CLF;3 dormitorios;3 baños;170 m² útiles;3 dormitorios | 3 baños | 170 m² útiles;CARLOS OSSANDÓN, Carlos Ossandón, La Reina;;-33.4374632;-70.5420687;CARLOS OSSANDÓN, La Reina, Santiago, Chile
2025-11-29 17:48:36;La Reina;casa;Ossandón;14500;CLF;3 dormitorios;3 baños;153 m² útiles;3 dormitorios | 3 baños | 153 m² útiles;OSSANDÓN, Carlos Ossandón, La Reina;;-33.4423562;-70.5433062;OSSANDÓN, La Reina, Santiago, Chile
2025-11-29 17:48:36;La Reina;casa;Príncipe De Gales/salvador Izquierdo;10800;CLF;3 dormitorios;2 baños;130 m² útiles;3 dormitorios | 2 baños | 130 m² útiles;PRÍNCIPE DE GALES/SALVADOR IZQUIERDO, La Reina;;-33.4387649;-70.5565776;PRÍNCIPE DE GALES/SALVADOR IZQUIERDO, La Reina, Santiago, Chile
2025-11-29 17:48:36;La Reina;casa;Francisco De Villagra;7400;CLF;3 dormitorios;1 baño;135 m² útiles;3 dormitorios | 1 baño | 135 m² útiles;FRANCISCO DE VILLAGRA, Francisco De Villagra, La Reina;;-33.4598829;-70.5620834;FRANCISCO DE VILLAGRA, La Reina, Santiago, Chile
2025-11-29 17:48:36;La Reina;casa;Blest Gana;10500;CLF;4 dormitorios;4 baños;144 m² útiles;4 dormitorios | 4 baños | 144 m² útiles;BLEST GANA, Blest Gana, La Reina;;-33.4551647;-70.5648064;BLEST GANA, La Reina, Santiago, Chile
2025-11-29 17:48:36;La Reina;casa;Los Maitenes;10490;CLF;4 dormitorios;3 baños;117 m² útiles;4 dormitorios | 3 baños | 117 m² útiles;LOS MAITENES, Pepe Vila, La Reina;;-33.4572853;-70.554097;LOS MAITENES, La Reina, Santiago, Chile
2025-11-29 17:48:36;La Reina;casa;María Monvel/ Carlos Silva Vildósola;22950;CLF;5 dormitorios;5 baños;367 m² útiles;5 dormitorios | 5 baños | 367 m² útiles;MARÍA MONVEL/ CARLOS SILVA VILDÓSOLA, La Reina Alta, La Reina;;-33.4424414;-70.5256881;MARÍA MONVEL/ CARLOS SILVA VILDÓSOLA, La Reina, Santiago, Chile
2025-11-29 17:48:36;La Reina;casa;Principe De Gales;10500;CLF;3 dormitorios;1 baño;109 m² útiles;3 dormitorios | 1 baño | 109 m² útiles;PRINCIPE DE GALES, Metro Príncipe De Gales - Country Club, La Reina;;-33.440965;-70.540106;PRINCIPE DE GALES, La Reina, Santiago, Chile
2025-11-29 17:49:17;La Reina;casa;Casa En Venta De 4 Dorm. En La Reina;13900;CLF;4 dormitorios;2 baños;140 m² útiles;4 dormitorios | 2 baños | 140 m² útiles;Reina Victoria, Metro Príncipe De Gales - Country Club, La Reina;;-33.4400365;-70.5646572;Reina Victoria, La Reina, Santiago, Chile
2025-11-29 17:49:17;La Reina;casa;Ossandon;13500;CLF;3 dormitorios;3 baños;157 m² útiles;3 dormitorios | 3 baños | 157 m² útiles;OSSANDON, Carlos Ossandón, La Reina;;-33.4423562;-70.5433062;OSSANDON, La Reina, Santiago, Chile
2025-11-29 17:49:17;La Reina;casa;Ossandón;14900;CLF;4 dormitorios;3 baños;165 m² útiles;4 dormitorios | 3 baños | 165 m² útiles;OSSANDÓN, Carlos Ossandón, La Reina;;-33.4423562;-70.5433062;OSSANDÓN, La Reina, Santiago, Chile
2025-11-29 17:49:17;La Reina;casa;Casa En Venta De 4 Dorm. En La Reina;10500;CLF;4 dormitorios;2 baños;130 m² útiles;4 dormitorios | 2 baños | 130 m² útiles;Loreley / Príncipe De Gales, Metro Príncipe De Gales - Country Club, La Reina;;-33.4379572;-70.5710417;Loreley / Príncipe De Gales, La Reina, Santiago, Chile
2025-11-29 17:49:17;La Reina;casa;Ossandon;13500;CLF;4 dormitorios;4 baños;157 m² útiles;4 dormitorios | 4 baños | 157 m² útiles;OSSANDON, Carlos Ossandón, La Reina;;-33.4423562;-70.5433062;OSSANDON, La Reina, Santiago, Chile
2025-11-29 17:49:17;La Reina;casa;Plaza Ossandón;16500;CLF;5 dormitorios;3 baños;185 m² útiles;5 dormitorios | 3 baños | 185 m² útiles;PLAZA OSSANDÓN, Carlos Ossandón, La Reina;;-33.4423562;-70.5433062;PLAZA OSSANDÓN, La Reina, Santiago, Chile
2025-11-29 17:49:17;La Reina;casa;Ossandon;17500;CLF;3 dormitorios;3 baños;210 m² útiles;3 dormitorios | 3 baños | 210 m² útiles;OSSANDON, Carlos Ossandón, La Reina;;-33.4423562;-70.5433062;OSSANDON, La Reina, Santiago, Chile
2025-11-29 17:49:17;La Reina;casa;Ossandon;38750;CLF;5 dormitorios;3 baños;315 m² útiles;5 dormitorios | 3 baños | 315 m² útiles;OSSANDON, Carlos Ossandón, La Reina;;-33.4423562;-70.5433062;OSSANDON, La Reina, Santiago, Chile
2025-11-29 17:49:17;La Reina;casa;Ossandon;14700;CLF;5 dormitorios;3 baños;165 m² útiles;5 dormitorios | 3 baños | 165 m² útiles;OSSANDON, Carlos Ossandón, La Reina;;-33.4423562;-70.5433062;OSSANDON, La Reina, Santiago, Chile
2025-11-29 17:49:17;La Reina;casa;Ossandon;15000;CLF;4 dormitorios;3 baños;168 m² útiles;4 dormitorios | 3 baños | 168 m² útiles;OSSANDON, Carlos Ossandón, La Reina;;-33.4423562;-70.5433062;OSSANDON, La Reina, Santiago, Chile
2025-11-29 17:49:17;La Reina;casa;Príncipe De Gales/ Valenzuela Llanos;16500;CLF;6 dormitorios;5 baños;215 m² útiles;6 dormitorios | 5 baños | 215 m² útiles;PRÍNCIPE DE GALES/ VALENZUELA LLANOS, Carlos Ossandón, La Reina;;-33.4425092;-70.534801;PRÍNCIPE DE GALES/ VALENZUELA LLANOS, La Reina, Santiago, Chile
2025-11-29 17:49:17;La Reina;casa;Ossandon;16990;CLF;6 dormitorios;4 baños;275 m² útiles;6 dormitorios | 4 baños | 275 m² útiles;OSSANDON, Carlos Ossandón, La Reina;;-33.4423562;-70.5433062;OSSANDON, La Reina, Santiago, Chile
2025-11-29 17:49:17;La Reina;casa;Carlos Ossandon;23000;CLF;4 dormitorios;2 baños;165 m² útiles;4 dormitorios | 2 baños | 165 m² útiles;CARLOS OSSANDON, Palmas De Mallorca, La Reina;;-33.4374632;-70.5420687;CARLOS OSSANDON, La Reina, Santiago, Chile
2025-11-29 17:49:17;La Reina;casa;Casa En Venta De 6 Dorm. En La Reina;28500;CLF;6 dormitorios;5 baños;315 m² útiles;6 dormitorios | 5 baños | 315 m² útiles;ALVARO CASANOVA /MARÍA MONVEL, La Reina Alta, La Reina;;-33.4371958;-70.5191394;ALVARO CASANOVA /MARÍA MONVEL, La Reina, Santiago, Chile
2025-11-29 17:49:17;La Reina;casa;Casa En Venta En La Reina Con Jardín;17500;CLF;3 dormitorios;3 baños;140 m² útiles;3 dormitorios | 3 baños | 140 m² útiles;Av. Príncipe De Gales 8050, La Reina, Carlos Ossandón, La Reina;;-33.4393072;-70.5478617;Av. Príncipe De Gales 8050, La Reina, Santiago, Chile
2025-11-29 17:49:17;La Reina;casa;Casa En Venta En La Reina;790000000;CLP;4 dormitorios;1 baño;115 m² útiles;4 dormitorios | 1 baño | 115 m² útiles;Aguas Claras, Metro Príncipe De Gales - Country Club, La Reina;;-33.4393191;-70.5564417;Aguas Claras, La Reina, Santiago, Chile
2025-11-29 17:49:17;La Reina;casa;Casa En Venta De 4 Dorm. En La Reina;19300;CLF;4 dormitorios;4 baños;185 m² útiles;4 dormitorios | 4 baños | 185 m² útiles;Nicanor Plaza, La Reina Alta, La Reina;;-33.4364067;-70.5328746;Nicanor Plaza, La Reina, Santiago, Chile
2025-11-29 17:49:17;La Reina;casa;Casa En Venta De 5 Dorm. En La Reina;155000000;CLP;5 dormitorios;2 baños;;5 dormitorios | 2 baños;QUINCHAMALI, LA REINA, Villa La Reina, La Reina;;-33.4574245;-70.5393058;QUINCHAMALI, La Reina, Santiago, Chile
2025-11-29 17:49:17;La Reina;casa;La Reina;11000;CLF;4 dormitorios;3 baños;188 m² útiles;4 dormitorios | 3 baños | 188 m² útiles;LA REINA, Blest Gana, La Reina;;-33.4430242;-70.5337236;LA REINA, La Reina, Santiago, Chile
2025-11-29 17:49:17;La Reina;casa;Ossandón;10880;CLF;6 dormitorios;3 baños;150 m² útiles;6 dormitorios | 3 baños | 150 m² útiles;OSSANDÓN, Carlos Ossandón, La Reina;;-33.4423562;-70.5433062;OSSANDÓN, La Reina, Santiago, Chile
2025-11-29 17:49:17;La Reina;casa;Metro Fernando Castillo Velasco;9800;CLF;3 dormitorios;2 baños;144 m² útiles;3 dormitorios | 2 baños | 144 m² útiles;METRO FERNANDO CASTILLO VELASCO, Metro Simón Bolivar, La Reina;;-33.4521007;-70.558107;FERNANDO CASTILLO VELASCO, La Reina, Santiago, Chile
2025-11-29 17:49:17;La Reina;casa;Metro Fernando Castillo Velasco;7850;CLF;3 dormitorios;2 baños;100 m² útiles;3 dormitorios | 2 baños | 100 m² útiles;METRO FERNANDO CASTILLO VELASCO, Metro Simón Bolivar, La Reina;;-33.4521007;-70.558107;FERNANDO CASTILLO VELASCO, La Reina, Santiago, Chile
2025-11-29 17:49:17;La Reina;casa;Simon Bolivar;8500;CLF;4 dormitorios;3 baños;133 m² útiles;4 dormitorios | 3 baños | 133 m² útiles;SIMON BOLIVAR, Metro Simón Bolivar, La Reina;;-33.4461845;-70.5719261;SIMON BOLIVAR, La Reina, Santiago, Chile
2025-11-29 17:49:17;La Reina;casa;Casa En Venta En La Reina;11500;CLF;4 dormitorios;4 baños;176 m² útiles;4 dormitorios | 4 baños | 176 m² útiles;Salvador Izquierdo, Metro Príncipe De Gales - Country Club, La Reina;;-33.4363542;-70.5559155;Salvador Izquierdo, La Reina, Santiago, Chile
2025-11-29 17:49:17;La Reina;casa;Casa En La Reina;14800;CLF;5 dormitorios;3 baños;140 m² útiles;5 dormitorios | 3 baños | 140 m² útiles;Carlos Ossandón 1 - 300, La Reina, Carlos Ossandón, La Reina;;-33.4394582;-70.5423323;Carlos Ossandón 1 - 300, La Reina, Santiago, Chile
2025-11-29 17:49:17;La Reina;casa;Príncipe De Gales/ Monseñor Edwards;8400;CLF;3 dormitorios;2 baños;116 m² útiles;3 dormitorios | 2 baños | 116 m² útiles;PRÍNCIPE DE GALES/ MONSEÑOR EDWARDS, Metro Príncipe De Gales - Country Club, La Reina;;-33.4386284;-70.5612379;PRÍNCIPE DE GALES/ MONSEÑOR EDWARDS, La Reina, Santiago, Chile
2025-11-29 17:49:17;La Reina;casa;Valenzuela Puelma/ Padre Hurtado;13000;CLF;4 dormitorios;4 baños;140 m² útiles;4 dormitorios | 4 baños | 140 m² útiles;VALENZUELA PUELMA/ PADRE HURTADO, La Reina Alta, La Reina;;-33.4338805;-70.5375909;VALENZUELA PUELMA/ PADRE HURTADO, La Reina, Santiago, Chile
2025-11-29 17:49:17;La Reina;casa;Casa En Venta La Reina Alta;17600;CLF;6 dormitorios;4 baños;187 m² útiles;6 dormitorios | 4 baños | 187 m² útiles;ALVARO CASANOVA 0700 - 0800, La Reina Alta, La Reina;;-33.4509256;-70.520225;ALVARO CASANOVA 0700 - 0800, La Reina, Santiago, Chile
2025-11-29 17:50:02;La Reina;casa;Casa En Condominio / Simón González;10900;CLF;3 dormitorios;3 baños;139 m² útiles;3 dormitorios | 3 baños | 139 m² útiles;SIMÓN GONZÁLEZ, Carlos Ossandón, La Reina;;-33.4475973;-70.5589138;SIMÓN GONZÁLEZ, La Reina, Santiago, Chile
2025-11-29 17:50:02;La Reina;casa;Amplia Casa En Venta De 4 Dormitorios - La Reina Alta;23384;CLF;4 dormitorios;4 baños;274 m² útiles;4 dormitorios | 4 baños | 274 m² útiles;Álvaro Casanova - María Monvel, La Reina Alta, La Reina;;-33.4371958;-70.5191394;Álvaro Casanova - María Monvel, La Reina, Santiago, Chile
2025-11-29 17:50:02;La Reina;casa;En Venta Casa 5 Dormitorios 3 Baños Mas Servicios, La Reina;16300;CLF;6 dormitorios;4 baños;219 m² útiles;6 dormitorios | 4 baños | 219 m² útiles;PRINCIPE DE GALES, Metro Príncipe De Gales - Country Club, La Reina;;-33.440965;-70.540106;PRINCIPE DE GALES, La Reina, Santiago, Chile
2025-11-29 17:50:02;La Reina;casa;Amplia Casa Con Piscina En Venta De 6 Dormitorios - La Reina;21000;CLF;5 dormitorios;3 baños;220 m² útiles;5 dormitorios | 3 baños | 220 m² útiles;Valenzuela Puelma - Padre Hurtado, La Reina Alta, La Reina;;-33.4338805;-70.5375909;Valenzuela Puelma - Padre Hurtado, La Reina, Santiago, Chile
2025-11-29 17:50:02;La Reina;casa;Casa En Venta De 3 Dorm. En La Reina;15500;CLF;3 dormitorios;2 baños;148 m² útiles;3 dormitorios | 2 baños | 148 m² útiles;Simón González / Vicente Pérez Rosales, Palmas De Mallorca, La Reina;;-33.4464472;-70.5513048;Simón González / Vicente Pérez Rosales, La Reina, Santiago, Chile
2025-11-29 17:50:02;La Reina;casa;Casa En Condominio Exclusivo En La Reina Alta ;23500;CLF;5 dormitorios;7 baños;263 m² útiles;5 dormitorios | 7 baños | 263 m² útiles;ALVARO CASANOVA, La Reina Alta, La Reina;;-33.4509256;-70.520225;ALVARO CASANOVA, La Reina, Santiago, Chile
2025-11-29 17:50:02;La Reina;casa;Gran Casa. Independientes. 4 Casas. Inversion;530000000;CLP;10 dormitorios;6 baños;300 m² útiles;10 dormitorios | 6 baños | 300 m² útiles;Blest Gana 6614, La Reina, Blest Gana, La Reina;;-33.4551647;-70.5648064;Blest Gana 6614, La Reina, Santiago, Chile
2025-11-29 17:50:02;La Reina;casa;¡vive En La Reina: Casa De 4 Hab Con Amplio Jardín!;11900;CLF;4 dormitorios;3 baños;135 m² útiles;4 dormitorios | 3 baños | 135 m² útiles;FUENTE OVEJUNA, La Reina Alta, La Reina;;-33.4466854;-70.5303796;FUENTE OVEJUNA, La Reina, Santiago, Chile
2025-11-29 17:50:02;La Reina;casa;Casa 4d/3b/3e/piscina/terreno De 430m2 Cerca Del Metro;10240;CLF;5 dormitorios;4 baños;117 m² útiles;5 dormitorios | 4 baños | 117 m² útiles;METRO CASTILLO VELASCO - LA REINA, Pepe Vila, La Reina;;-33.4521007;-70.558107;CASTILLO VELASCO - LA REINA, La Reina, Santiago, Chile
2025-11-29 17:50:02;La Reina;casa;Casa En Perfectas Condiciones De Conservación.;10490;CLF;3 dormitorios;1 baño;90 m² útiles;3 dormitorios | 1 baño | 90 m² útiles;Simón González, La Reina, Carlos Ossandón, La Reina;;-33.4475973;-70.5589138;Simón González, La Reina, Santiago, Chile
2025-11-29 17:50:02;La Reina;casa;Condominio En Las Perdices;20600;CLF;5 dormitorios;5 baños;210 m² útiles;5 dormitorios | 5 baños | 210 m² útiles;Av. Las Perdices 600 - 900, La Reina, La Reina Alta, La Reina;;-33.4412029;-70.5340663;Av. Las Perdices 600 - 900, La Reina, Santiago, Chile
2025-11-29 17:50:02;La Reina;casa;Francisco De Villagra / Dragones De La Reina;330000000;CLP;3 dormitorios;2 baños;130 m² útiles;3 dormitorios | 2 baños | 130 m² útiles;Francisco De Villagra 6300 - 6600, La Reina, Francisco De Villagra, La Reina;;-33.4598829;-70.5620834;Francisco De Villagra 6300 - 6600, La Reina, Santiago, Chile
2025-11-29 17:50:02;La Reina;casa;Hermosa Casa A La Venta En La Reina;565000000;CLP;5 dormitorios;4 baños;200 m² útiles;5 dormitorios | 4 baños | 200 m² útiles;Simón González 7070, La Reina, Palmas De Mallorca, La Reina;;-33.447251;-70.5574421;Simón González 7070, La Reina, Santiago, Chile
2025-11-29 17:50:02;La Reina;casa;Casa En Venta En Avenida Principe De Gales;20000;CLF;4 dormitorios;4 baños;302 m² útiles;4 dormitorios | 4 baños | 302 m² útiles;Principe De Gales, Carlos Ossandón, La Reina;;-33.440965;-70.540106;Principe De Gales, La Reina, Santiago, Chile
2025-11-29 17:50:02;La Reina;casa;Casa En Condominio De 4 Dorm. En La Reina;21490;CLF;4 dormitorios;4 baños;320 m² útiles;4 dormitorios | 4 baños | 320 m² útiles;Alvaro Casanova, La Reina;;-33.4509256;-70.520225;Alvaro Casanova, La Reina, Santiago, Chile
2025-11-29 17:50:02;La Reina;casa;Casa Mediterranea Pasaje Privado - 6 Dormitorios;18000;CLF;6 dormitorios;5 baños;244 m² útiles;6 dormitorios | 5 baños | 244 m² útiles;José Zapiola, La Reina;;-33.4494456;-70.5535918;José Zapiola, La Reina, Santiago, Chile
2025-11-29 17:50:02;La Reina;casa;Linda Casa En Venta De 3d/2b. En La Reina;7431;CLF;3 dormitorios;2 baños;120 m² útiles;3 dormitorios | 2 baños | 120 m² útiles;Ruben Dario 340, Metro Simón Bolivar, La Reina;;-33.4506924;-70.5625945;Ruben Dario 340, La Reina, Santiago, Chile
2025-11-29 17:50:02;La Reina;casa;Imperdible Propiedad, Con Gran Potencial!!!;8050;CLF;5 dormitorios;4 baños;144 m² útiles;5 dormitorios | 4 baños | 144 m² útiles;Reina Victoria 6555, Santiago, La Reina, Metro Príncipe De Gales - Country Club, La Reina;;-33.4399935;-70.5641872;Reina Victoria 6555, La Reina, Santiago, Chile
2025-11-29 17:50:23;La Reina;casa;Casa En Venta En La Reina;10490;CLF;4 dormitorios;2 baños;133 m² útiles;4 dormitorios | 2 baños | 133 m² útiles;COUNTRY CLUB LA REINA, Metro Príncipe De Gales - Country Club, La Reina;;-33.4352761;-70.571454;COUNTRY CLUB LA REINA, La Reina, Santiago, Chile
2025-11-29 17:50:23;La Reina;casa;Linda Y Amplia Casa En Condominio En Príncipe De Gales ;14000;CLF;5 dormitorios;4 baños;140 m² útiles;5 dormitorios | 4 baños | 140 m² útiles;Av. Príncipe De Gales 7850, Carlos Ossandón, La Reina;;-33.4385234;-70.5638002;Av. Príncipe De Gales 7850, La Reina, Santiago, Chile
2025-11-29 17:50:23;La Reina;casa;Avda Jose Arrieta / Avda Consistorial Casa , Depto Y Local;250000000;CLP;4 dormitorios;3 baños;150 m² útiles;4 dormitorios | 3 baños | 150 m² útiles;Avenida Jose Arrieta SN, La Reina;;-33.4611405;-70.5663606;Avenida Jose Arrieta SN, La Reina, Santiago, Chile
2025-11-29 17:50:23;La Reina;casa;Particular Casa En Sector Alvaro Casanova, La Reina;27500;CLF;5 dormitorios;6 baños;300 m² útiles;5 dormitorios | 6 baños | 300 m² útiles;El Sendero 10683, 7.86e+06 - 7.8603e+06 La Reina, Región Metropolitana, Chile, La Reina Alta, La Reina;;-33.4439842;-70.520901;El Sendero 10683, La Reina, Santiago, Chile
2025-11-29 17:50:23;La Reina;casa;Av. Alcalde Fernando Castillo Velasco Con Pedro De Ona;870000000;CLP;5 dormitorios;3 baños;211 m² útiles;5 dormitorios | 3 baños | 211 m² útiles;VENTA, GRAN OPORTUNIDAD CASA CON GRAN TERRENO EN LA REINA!!!, Carlos Ossandón, La Reina;;-33.323527;-70.7474723;VENTA, La Reina, Santiago, Chile
2025-11-29 17:50:23;La Reina;casa;Casa Con Patio, Piscina Y Quincho  La Reina;23400;CLF;6 dormitorios;4 baños;220 m² útiles;6 dormitorios | 4 baños | 220 m² útiles;Alvaro Casanova, 2100 - 2400, La Reina Alta, La Reina;;-33.4509256;-70.520225;Alvaro Casanova, La Reina, Santiago, Chile
2025-11-29 17:50:23;La Reina;casa;Casa En Venta De 5 Dormitorios En La Reina;22500;CLF;5 dormitorios;4 baños;260 m² útiles;5 dormitorios | 4 baños | 260 m² útiles;Alvaro Casanova, La Reina, La Reina Alta, La Reina;;-33.4509256;-70.520225;Alvaro Casanova, La Reina, Santiago, Chile
2025-11-29 17:50:23;La Reina;casa;Casa En Venta De 5 Dormitorios En La Reina;22500;CLF;5 dormitorios;4 baños;260 m² útiles;5 dormitorios | 4 baños | 260 m² útiles;Alvaro Casanova 1000 - 1050, La Reina Alta, La Reina;;-33.4509256;-70.520225;Alvaro Casanova 1000 - 1050, La Reina, Santiago, Chile
2025-11-29 17:50:23;La Reina;casa;Se Vende Casa En Condominio Cerrado, La Reina. ;21500;CLF;5 dormitorios;5 baños;215 m² útiles;5 dormitorios | 5 baños | 215 m² útiles;Alvaro Casanova 2100 - 2400, La Reina, La Reina Alta, La Reina;;-33.4509256;-70.520225;Alvaro Casanova 2100 - 2400, La Reina, Santiago, Chile
2025-11-29 17:50:23;La Reina;casa;Casa Chilena / Pasaje Cerrado/ Gran Terreno;34950;CLF;4 dormitorios;4 baños;400 m² útiles;4 dormitorios | 4 baños | 400 m² útiles;Onofre Jarpa 10306, 7860084 La Reina, Región Metropolitana, Chile, La Reina Alta, La Reina;;-33.4381649;-70.529179;Onofre Jarpa 10306, La Reina, Santiago, Chile
2025-11-29 17:50:23;La Reina;casa;Venta Casa La Reina Alta Con Estacionamiento;34980;CLF;8 dormitorios;8 baños;470 m² útiles;8 dormitorios | 8 baños | 470 m² útiles;Valenzuela Puelma 9035, La Reina Alta, La Reina;;-33.4332882;-70.5360358;Valenzuela Puelma 9035, La Reina, Santiago, Chile
2025-11-29 17:50:23;La Reina;casa;Casa Con Jardín, Piscina Y Quincho  La Reina;20900;CLF;5 dormitorios;5 baños;190 m² útiles;5 dormitorios | 5 baños | 190 m² útiles;Alvaro Casanova, 2100 - 2400, La Reina;;-33.4509256;-70.520225;Alvaro Casanova, La Reina, Santiago, Chile
2025-11-29 17:50:23;La Reina;casa;Casa En Venta En Carlos Silva Vildosola;17990;CLF;3 dormitorios;3 baños;251 m² útiles;3 dormitorios | 3 baños | 251 m² útiles;CARLOS SILVA VILDOSOLA, La Reina;;-33.4406902;-70.5332603;CARLOS SILVA VILDOSOLA, La Reina, Santiago, Chile
2025-11-29 17:50:23;La Reina;casa;Hermosa Casa De 5 Hab, 4 Baños, Piscina. La Reina Alta.;16000;CLF;5 dormitorios;4 baños;800 m² útiles;5 dormitorios | 4 baños | 800 m² útiles;Alvaro Casanova 0763, La Reina, La Reina Alta, La Reina;;-33.4509256;-70.520225;Alvaro Casanova 0763, La Reina, Santiago, Chile
2025-11-29 17:50:23;La Reina;casa;Reina Victoria, Ramon Laval;8100;CLF;5 dormitorios;4 baños;144 m² útiles;5 dormitorios | 4 baños | 144 m² útiles;REINA VICTORIA, RAMON LAVAL, Metro Príncipe De Gales - Country Club, La Reina;;-33.4400365;-70.5646572;REINA VICTORIA, La Reina, Santiago, Chile
2025-11-29 17:50:23;La Reina;casa;Casa La Cañada;8153;CLF;4 dormitorios;3 baños;125 m² útiles;4 dormitorios | 3 baños | 125 m² útiles;CASA LA CAÑADA, La Reina;;-33.4564276;-70.7206525;CASA LA CAÑADA, La Reina, Santiago, Chile
2025-11-29 17:50:23;La Reina;casa;Nicanor Plaza, Condominio De 8 Casas, Excelente, Bajo Precio;12600;CLF;4 dormitorios;3 baños;220 m² útiles;4 dormitorios | 3 baños | 220 m² útiles;Nicanor Pl. 2400 - 2700, La Reina, Región Metropolitana, Chile, La Reina Alta, La Reina;;-33.4364067;-70.5328746;Nicanor Pl. 2400 - 2700, La Reina, Santiago, Chile
2025-11-29 17:50:23;La Reina;casa;Casa Condominio En Venta De 3 Dorm. La Reina;12400;CLF;3 dormitorios;3 baños;134 m² útiles;3 dormitorios | 3 baños | 134 m² útiles;Plaza Ossandon, Carlos Ossandón, La Reina;;-33.4423562;-70.5433062;Plaza Ossandon, La Reina, Santiago, Chile
2025-11-29 17:50:23;La Reina;casa;Rebajada! Gran Casa Condominio Cerrado, C. Ossandon La Reina;14200;CLF;3 dormitorios;3 baños;156 m² útiles;3 dormitorios | 3 baños | 156 m² útiles;Carlos Ossandón 2039, 7860059 La Reina, Región Metropolitana, Chile, Carlos Ossandón, La Reina;;-33.4356388;-70.5427181;Carlos Ossandón 2039, La Reina, Santiago, Chile
2025-11-29 17:50:23;La Reina;casa;Venta Casa 3 Dorm 2 Baños  La Reina;10100;CLF;3 dormitorios;2 baños;136 m² útiles;3 dormitorios | 2 baños | 136 m² útiles;Alcalde Rutilio Rivas, 7626, Carlos Ossandón, La Reina;;-33.4343287;-70.5521614;Alcalde Rutilio Rivas, La Reina, Santiago, Chile
2025-11-29 17:50:23;La Reina;casa;Oportunidad En La Reina, Casa 5d 4b Cerca De Colegios;12580;CLF;5 dormitorios;4 baños;175 m² útiles;5 dormitorios | 4 baños | 175 m² útiles;Pintor José Gil De Castro, 2000, Carlos Ossandón, La Reina;;-33.4244643;-70.549686;Pintor José Gil De Castro, La Reina, Santiago, Chile
2025-11-29 17:50:23;La Reina;casa;Venta Casa En Condominio La Reina;15850;CLF;6 dormitorios;4 baños;202 m² útiles;6 dormitorios | 4 baños | 202 m² útiles;Avenida Simón Bolívar, 7416, Palmas De Mallorca, La Reina;;-33.4454396;-70.5565816;Avenida Simón Bolívar, La Reina, Santiago, Chile
2025-11-29 17:50:23;La Reina;casa;Casa En Venta De 7 Dorm. 4b 8e En La Reina Alta;20600;CLF;7 dormitorios;4 baños;300 m² útiles;7 dormitorios | 4 baños | 300 m² útiles;LIder, Principe De Gales, La Reina Alta, La Reina;;-33.4606353;-70.5452736;LIder, La Reina, Santiago, Chile
2025-11-29 17:51:06;La Reina;casa;Venta Casa 4d,4b, Amplio Jardín. La Reina Alta;20500;CLF;4 dormitorios;4 baños;217 m² útiles;4 dormitorios | 4 baños | 217 m² útiles;Helsby 9127, La Reina Alta, La Reina;;-33.4357438;-70.534659;Helsby 9127, La Reina, Santiago, Chile
2025-11-29 17:51:06;La Reina;casa;Hogar Ideal La Reina: 5d + Servico, Piscina;19500;CLF;6 dormitorios;5 baños;220 m² útiles;6 dormitorios | 5 baños | 220 m² útiles;Julia Bernstein, 1114, La Reina Alta, La Reina;;-33.4561434;-70.5262767;Julia Bernstein, La Reina, Santiago, Chile
2025-11-29 17:51:06;La Reina;casa;Casa En Pasaje En La Reina;12300;CLF;3 dormitorios;3 baños;153 m² útiles;3 dormitorios | 3 baños | 153 m² útiles;Simón González, 7800 - 8100, Carlos Ossandón, La Reina;;-33.4475973;-70.5589138;Simón González, La Reina, Santiago, Chile
2025-11-29 17:51:06;La Reina;casa;Inversión Asegurada Casa Condominio  En Venta (130170);17900;CLF;5 dormitorios;4 baños;140 m² útiles;5 dormitorios | 4 baños | 140 m² útiles;Valenzuela Puelma 10200 - 10500, La Reina, Chile, La Reina;;-33.4334446;-70.5379974;Valenzuela Puelma 10200 - 10500, La Reina, Santiago, Chile
2025-11-29 17:51:06;La Reina;casa;Excelente Casa En Alvaro Casanova / Talinay;20490;CLF;5 dormitorios;5 baños;220 m² útiles;5 dormitorios | 5 baños | 220 m² útiles;Alvaro Casanova / Talinay, La Reina Alta, La Reina;;-33.4592981;-70.5231714;Alvaro Casanova / Talinay, La Reina, Santiago, Chile
2025-11-29 17:51:06;La Reina;casa;5 Dormitorios · 5 B / 2 E + Piscina  (69709);11500;CLF;5 dormitorios;5 baños;176 m² útiles;5 dormitorios | 5 baños | 176 m² útiles;Alcalde Manuel De La Lastra, La Reina, Chile, La Reina;;-33.4308192;-70.554589;Alcalde Manuel De La Lastra, La Reina, Santiago, Chile
2025-11-29 17:51:06;La Reina;casa;Casa En La Reina  3 Dormitorios Y 2 Baños;270000000;CLP;3 dormitorios;2 baños;88 m² útiles;3 dormitorios | 2 baños | 88 m² útiles;Manuel José Rivera, 720, La Reina;;-33.4593298;-70.5557884;Manuel José Rivera, La Reina, Santiago, Chile
2025-11-29 17:51:06;La Reina;casa;5 Dormitorios · 5 B / 2 E + Piscina  (69709);11500;CLF;5 dormitorios;5 baños;176 m² útiles;5 dormitorios | 5 baños | 176 m² útiles;Alcalde Manuel De La Lastra, La Reina, Chile, Carlos Ossandón, La Reina;;-33.4308192;-70.554589;Alcalde Manuel De La Lastra, La Reina, Santiago, Chile
2025-11-29 17:51:06;La Reina;casa;Propiedad De 2 Pisos En Un Excelente Condominio De La Reina;14850;CLF;4 dormitorios;3 baños;147 m² útiles;4 dormitorios | 3 baños | 147 m² útiles;Carlos Silva Vildósola 8246, Santiago, La Reina, Carlos Ossandón, La Reina;;-33.437839;-70.5455969;Carlos Silva Vildósola 8246, La Reina, Santiago, Chile
2025-11-29 17:51:06;La Reina;casa;Venta Casa En Condominio La Reina, Colegio Andree;7890;CLF;4 dormitorios;3 baños;118 m² útiles;4 dormitorios | 3 baños | 118 m² útiles;Vicente Pérez Rosales, 1762, Carlos Ossandón, La Reina;;-33.4409003;-70.5527101;Vicente Pérez Rosales, La Reina, Santiago, Chile
2025-11-29 17:51:06;La Reina;casa;La Reina. Condominio 7 Casas. Venta En Verde (125434);17500;CLF;3 dormitorios;3 baños;140 m² útiles;3 dormitorios | 3 baños | 140 m² útiles;Avenida Príncipe De Gales 1 - 300, Carlos Ossandón, La Reina;;-33.4385234;-70.5638002;Avenida Príncipe De Gales 1 - 300, La Reina, Santiago, Chile
2025-11-29 17:51:06;La Reina;casa;Casa En Venta En La Reina;12150;CLF;5 dormitorios;4 baños;135 m² útiles;5 dormitorios | 4 baños | 135 m² útiles;Pablo Burchard, La Reina, Carlos Ossandón, La Reina;;-33.4451436;-70.5488227;Pablo Burchard, La Reina, Santiago, Chile
2025-11-29 17:51:06;La Reina;casa;Venta Casa Amplia  En Principe De Gales, La Reina;20000;CLF;5 dormitorios;3 baños;252 m² útiles;5 dormitorios | 3 baños | 252 m² útiles;Avenida Príncipe De Gales, 8901, La Reina;;-33.4385234;-70.5638002;Avenida Príncipe De Gales, La Reina, Santiago, Chile
2025-11-29 17:51:06;La Reina;casa;Casa 3d+3b+1e (131907);7900;CLF;3 dormitorios;3 baños;110 m² útiles;3 dormitorios | 3 baños | 110 m² útiles;Vicente Pérez Rosales 1500 - 1800, La Reina;;-33.4409003;-70.5527101;Vicente Pérez Rosales 1500 - 1800, La Reina, Santiago, Chile
2025-11-29 17:51:06;La Reina;casa;Se Vende Casa Central En La Reina;12690;CLF;6 dormitorios;3 baños;313 m² útiles;6 dormitorios | 3 baños | 313 m² útiles;Fernando Castillo Velasco 691 - 3000, 0, Palmas De Mallorca, La Reina;;-33.4518572;-70.537342;Fernando Castillo Velasco 691 - 3000, La Reina, Santiago, Chile
2025-11-29 17:51:06;La Reina;casa;Venta Casa Remodelada  Plaza Egaña;9500;CLF;3 dormitorios;2 baños;180 m² útiles;3 dormitorios | 2 baños | 180 m² útiles;Joaquín Godoy, 129, Metro Simón Bolivar, La Reina;;-33.4504447;-70.5682182;Joaquín Godoy, La Reina, Santiago, Chile
2025-11-29 17:51:06;La Reina;casa;Casa Luminosa Ideal Para Familias Grandes (131751);15900;CLF;4 dormitorios;2 baños;194 m² útiles;4 dormitorios | 2 baños | 194 m² útiles;Avenida Echeñique 1 - 300, Palmas De Mallorca, La Reina;;-33.4456626;-70.5693118;Avenida Echeñique 1 - 300, La Reina, Santiago, Chile
2025-11-29 17:51:06;La Reina;casa;En Venta Espléndida Propiedad De 890 M2 Comuna De La Reina;15400;CLF;3 dormitorios;2 baños;110 m² útiles;3 dormitorios | 2 baños | 110 m² útiles;Avenida Príncipe De Gales, 7106, La Reina;;-33.4385234;-70.5638002;Avenida Príncipe De Gales, La Reina, Santiago, Chile
2025-11-29 17:51:06;La Reina;casa;Linda Y Comoda Casa Frente A Colegio Andree;12500;CLF;4 dormitorios;3 baños;140 m² útiles;4 dormitorios | 3 baños | 140 m² útiles;Avenida Príncipe De Gales, 7850, Carlos Ossandón, La Reina;;-33.4385234;-70.5638002;Avenida Príncipe De Gales, La Reina, Santiago, Chile
2025-11-29 17:51:06;La Reina;casa;Casa Condominio La Reina Alta / Madrigal / Etievan / Seguro ;13950;CLF;6 dormitorios;4 baños;162 m² útiles;6 dormitorios | 4 baños | 162 m² útiles;Onofre Jarpa 248, 7860135 La Reina, Región Metropolitana, Chile, La Reina Alta, La Reina;;-33.4381649;-70.529179;Onofre Jarpa 248, La Reina, Santiago, Chile
2025-11-29 17:51:06;La Reina;casa;Espaciosa Casa En El Centro De La Reina (132614);17600;CLF;4 dormitorios;4 baños;220 m² útiles;4 dormitorios | 4 baños | 220 m² útiles;Avenida Príncipe De Gales 1 - 300, Carlos Ossandón, La Reina;;-33.4385234;-70.5638002;Avenida Príncipe De Gales 1 - 300, La Reina, Santiago, Chile
2025-11-29 17:51:06;La Reina;casa;Casa Con Piscina 4 Dormitorios La Reina;15865;CLF;4 dormitorios;4 baños;221 m² útiles;4 dormitorios | 4 baños | 221 m² útiles;Avenida Echeñique, 7848, Carlos Ossandón, La Reina;;-33.4456626;-70.5693118;Avenida Echeñique, La Reina, Santiago, Chile
2025-11-29 17:51:06;La Reina;casa;Venta Casa, Carpay Con Alvaro Casanova  (132473);47000;CLF;3 dormitorios;2 baños;152 m² útiles;3 dormitorios | 2 baños | 152 m² útiles;Carpay 1 - 300, La Reina, Chile, La Reina;;-33.443952;-70.5161087;Carpay 1 - 300, La Reina, Santiago, Chile
2025-11-29 17:51:06;La Reina;casa;Venta Directa Inmobiliaria Sin Comision (125435);17500;CLF;3 dormitorios;3 baños;140 m² útiles;3 dormitorios | 3 baños | 140 m² útiles;Avenida Príncipe De Gales 1 - 300, La Reina;;-33.4385234;-70.5638002;Avenida Príncipe De Gales 1 - 300, La Reina, Santiago, Chile
2025-11-29 17:51:06;La Reina;casa;Se Vende Casa Moderna Y Exclusiva (88803);19990;CLF;4 dormitorios;5 baños;260 m² útiles;4 dormitorios | 5 baños | 260 m² útiles;Carlos Silva Vildósola 10200 - 10500, La Reina, Chile, La Reina Alta, La Reina;;-33.4406902;-70.5332603;Carlos Silva Vildósola 10200 - 10500, La Reina, Santiago, Chile
2025-11-29 17:51:06;La Reina;casa;Hermosa Casa En La Reina Amplio Terreno;7800;CLF;5 dormitorios;3 baños;151 m² útiles;5 dormitorios | 3 baños | 151 m² útiles;Bramante, 881, Francisco De Villagra, La Reina;;-33.457534;-70.5580475;Bramante, La Reina, Santiago, Chile
2025-11-29 17:51:06;La Reina;casa;Casa En Condominio Carlos Silva Vildosola (126296);15500;CLF;5 dormitorios;5 baños;275 m² útiles;5 dormitorios | 5 baños | 275 m² útiles;Carlos Silva Vildósola 1 - 300, Carlos Ossandón, La Reina;;-33.4406902;-70.5332603;Carlos Silva Vildósola 1 - 300, La Reina, Santiago, Chile
2025-11-29 17:51:06;La Reina;casa;Rutilio Rivas, Casa + 2 Locales Comerciales;10990;CLF;4 dormitorios;3 baños;139 m² útiles;4 dormitorios | 3 baños | 139 m² útiles;Alcalde Rutilio Rivas 7244, La Reina, Metro Príncipe De Gales - Country Club, La Reina;;-33.4344307;-70.5564841;Alcalde Rutilio Rivas 7244, La Reina, Santiago, Chile
2025-11-29 17:51:06;La Reina;casa;Casa En Venta En Blest Gana, La Reina;7490;CLF;3 dormitorios;2 baños;92 m² útiles;3 dormitorios | 2 baños | 92 m² útiles;Blest Gana 6600 - 6900, La Reina, Chile, Blest Gana, La Reina;;-33.4551647;-70.5648064;Blest Gana 6600 - 6900, La Reina, Santiago, Chile
2025-11-29 17:51:06;La Reina;casa;Casa Condominio Castillo Velasco, En La Reina (109629);14500;CLF;4 dormitorios;3 baños;153 m² útiles;4 dormitorios | 3 baños | 153 m² útiles;Carlos Silva Vildósola, Carlos Ossandón, La Reina;;-33.4406902;-70.5332603;Carlos Silva Vildósola, La Reina, Santiago, Chile
2025-11-29 17:51:06;La Reina;casa;Preciosas Vistas En Condominio 5d 4b 1000m2  (114890);22000;CLF;5 dormitorios;5 baños;290 m² útiles;5 dormitorios | 5 baños | 290 m² útiles;Talinay, La Reina Alta, La Reina;;-33.4589208;-70.5345958;Talinay, La Reina, Santiago, Chile
2025-11-29 17:51:06;La Reina;casa;La Reina Alta, Casa Linda Y Funcional (103735);14900;CLF;4 dormitorios;3 baños;167 m² útiles;4 dormitorios | 3 baños | 167 m² útiles;Valenzuela Puelma 8100 - 8400, Carlos Ossandón, La Reina;;-33.4334446;-70.5379974;Valenzuela Puelma 8100 - 8400, La Reina, Santiago, Chile
2025-11-29 17:51:06;La Reina;casa;Casa En Venta De 4 Dorm. En La Reina;15900;CLF;4 dormitorios;3 baños;196 m² útiles;4 dormitorios | 3 baños | 196 m² útiles;Ex-Larrain/ Vicente Pérez Rosales, La Reina;;-41.472975;-72.959425;Ex-Larrain/ Vicente Pérez Rosales, La Reina, Santiago, Chile
2025-11-29 17:51:06;La Reina;casa;Helsby Reina Alta;22500;CLF;4 dormitorios;4 baños;240 m² útiles;4 dormitorios | 4 baños | 240 m² útiles;Helsby 10120, La Reina, La Reina;;-33.4345647;-70.5271336;Helsby 10120, La Reina, Santiago, Chile
2025-11-29 17:51:06;La Reina;casa;La Reina, Carlos Ossandon, 5d 4b;17000;CLF;5 dormitorios;4 baños;166 m² útiles;5 dormitorios | 4 baños | 166 m² útiles;Carlos Ossandón, S/N, Carlos Ossandón, La Reina;;-33.4394582;-70.5423323;Carlos Ossandón, La Reina, Santiago, Chile
2025-11-29 17:51:06;La Reina;casa;Venta Hermosa Casa En La Reina;27500;CLF;6 dormitorios;5 baños;340 m² útiles;6 dormitorios | 5 baños | 340 m² útiles;Onofre Jarpa, 10200-10500, La Reina Alta, La Reina;;-33.4381649;-70.529179;Onofre Jarpa, La Reina, Santiago, Chile
2025-11-29 17:51:06;La Reina;casa;Oportunidad // Condominio // Colegios (132178);17500;CLF;3 dormitorios;3 baños;140 m² útiles;3 dormitorios | 3 baños | 140 m² útiles;Príncipe De Gales, La Reina, Chile, Carlos Ossandón, La Reina;;-33.440965;-70.540106;Príncipe De Gales, La Reina, Santiago, Chile
2025-11-29 17:51:06;La Reina;casa;Casa  La Reina  Con Gran Terreno;9900;CLF;4 dormitorios;3 baños;109 m² útiles;4 dormitorios | 3 baños | 109 m² útiles;Alcalá De Henares, 7431, Palmas De Mallorca, La Reina;;-33.4484097;-70.5583464;Alcalá De Henares, La Reina, Santiago, Chile
2025-11-29 17:51:06;La Reina;casa;Sin Comision - Casa Nueva En Condominio (125433);17500;CLF;3 dormitorios;3 baños;140 m² útiles;3 dormitorios | 3 baños | 140 m² útiles;Avenida Príncipe De Gales 8100 - 8400, La Reina, Chile, Carlos Ossandón, La Reina;;-33.4385234;-70.5638002;Avenida Príncipe De Gales 8100 - 8400, La Reina, Santiago, Chile
2025-11-29 17:51:06;La Reina;casa;Oportunidad - Gran Casa Familar -la Reina - Linda Vista;19800;CLF;5 dormitorios;4 baños;250 m² útiles;5 dormitorios | 4 baños | 250 m² útiles;Talinay 10618, La Reina, Región Metropolitana, Chile, La Reina Alta, La Reina;;-33.457785;-70.5535985;Talinay 10618, La Reina, Santiago, Chile
2025-11-29 17:51:06;La Reina;casa;Venta Casa En La Reina Pasaje Cerrado;82000000;CLP;1 dormitorio;1 baño;36 m² útiles;1 dormitorio | 1 baño | 36 m² útiles;Chonchi, 624, Villa La Reina, La Reina;;-33.4574229;-70.5402359;Chonchi, La Reina, Santiago, Chile
2025-11-29 17:51:06;La Reina;casa;Casa Con Potencial En La Reina, Excelente Ubicación;110000000;CLP;3 dormitorios;1 baño;36 m² útiles;3 dormitorios | 1 baño | 36 m² útiles;San Pedro De Atacama, 000, Villa La Reina, La Reina;;-33.4583873;-70.5360555;San Pedro De Atacama, La Reina, Santiago, Chile
2025-11-29 17:51:48;La Reina;casa;Casa Remodelada - Vende Son Comision (126642);7667;CLF;2 dormitorios;1 baño;75 m² útiles;2 dormitorios | 1 baño | 75 m² útiles;Avenida Echeñique 7200 - 7500, La Reina;;-33.4456626;-70.5693118;Avenida Echeñique 7200 - 7500, La Reina, Santiago, Chile
2025-11-29 17:51:48;La Reina;casa;Venta Casa En Condominio 2hab 2ba La Reina;9200;CLF;2 dormitorios;2 baños;110 m² útiles;2 dormitorios | 2 baños | 110 m² útiles;Avenida Simón Bolívar, 7072, Palmas De Mallorca, La Reina;;-33.4454396;-70.5565816;Avenida Simón Bolívar, La Reina, Santiago, Chile
2025-11-29 17:51:48;La Reina;casa;Casa En Condominio En Venta De 4d 4b En Ossandon La Reina;17500;CLF;4 dormitorios;4 baños;140 m² útiles;4 dormitorios | 4 baños | 140 m² útiles;Carlos Ossandon, Av Echequiñe, Av Simon Bolivar, La Reina;;-33.4394582;-70.5423323;Carlos Ossandon, La Reina, Santiago, Chile
2025-11-29 17:51:48;La Reina;casa;Propiedad Doble En Condominio Privado - La Reina Alta;22900;CLF;6 dormitorios;6 baños;311 m² útiles;6 dormitorios | 6 baños | 311 m² útiles;Alvaro Casanova 219, La Reina, Región Metropolitana, Chile, La Reina Alta, La Reina;;-33.4509256;-70.520225;Alvaro Casanova 219, La Reina, Santiago, Chile
2025-11-29 17:51:48;La Reina;casa;Gran Casa De 600 M2 En Hermoso Terreno De 4.600m2!!;43000;CLF;8 dormitorios;8 baños;635 m² útiles;8 dormitorios | 8 baños | 635 m² útiles;Julia Bernstein 1800 - 2100, La Reina, Chile, La Reina Alta, La Reina;;-33.4407357;-70.5210324;Julia Bernstein 1800 - 2100, La Reina, Santiago, Chile
2025-11-29 17:51:48;La Reina;casa;Excelente Ubicación Sector Tranquilo;300000000;CLP;3 dormitorios;1 baño;91 m² útiles;3 dormitorios | 1 baño | 91 m² útiles;Amado Nervo, La Reina, Metro Simón Bolivar, La Reina;;-33.4509196;-70.5617865;Amado Nervo, La Reina, Santiago, Chile
2025-11-29 17:51:48;La Reina;casa;Casa Con Local Independiente La Reina;379000000;CLP;3 dormitorios;2 baños;115 m² útiles;3 dormitorios | 2 baños | 115 m² útiles;Av. Alcalde Fernando Castillo Velasco 7437, La Reina, Pepe Vila, La Reina;;-33.4517412;-70.5507042;Av. Alcalde Fernando Castillo Velasco 7437, La Reina, Santiago, Chile
2025-11-29 17:51:48;La Reina;casa;Excelente! Condominio, Gran Seguridad;11700;CLF;3 dormitorios;2 baños;148 m² útiles;3 dormitorios | 2 baños | 148 m² útiles;Av. Principe De Gales, Carlos Ossandón, La Reina;;-33.4385234;-70.5638002;Av. Principe De Gales, La Reina, Santiago, Chile
2025-11-29 17:51:48;La Reina;casa;Acogedora Casa En Condominio La Reina;9700;CLF;3 dormitorios;2 baños;140 m² útiles;3 dormitorios | 2 baños | 140 m² útiles;Valenzuela Puelma 7200 - 7500, La Reina, Región Metropolitana, Chile, Carlos Ossandón, La Reina;;-33.4349172;-70.5501886;Valenzuela Puelma 7200 - 7500, La Reina, Santiago, Chile
2025-11-29 17:51:48;La Reina;casa;Se Vende Hermosa Casa En La Reina;11500;CLF;4 dormitorios;3 baños;140 m² útiles;4 dormitorios | 3 baños | 140 m² útiles;Alcalde Francisco Domínguez 2072, La Reina, Metro Príncipe De Gales - Country Club, La Reina;;-33.4355208;-70.5588446;Alcalde Francisco Domínguez 2072, La Reina, Santiago, Chile
2025-11-29 17:51:48;La Reina;casa;Simón Bolívar | Vicente Pérez Rosales | Semi Nueva;12190;CLF;4 dormitorios;5 baños;140 m² útiles;4 dormitorios | 5 baños | 140 m² útiles;Av. Simón Bolívar 7323, La Reina, Palmas De Mallorca, La Reina;;-33.4454396;-70.5565816;Av. Simón Bolívar 7323, La Reina, Santiago, Chile
2025-11-29 17:51:48;La Reina;casa;Casa Con Amplio Terreno, 3 Dormitorios, 1 Baño, La Reina;450000000;CLP;3 dormitorios;1 baño;242 m² útiles;3 dormitorios | 1 baño | 242 m² útiles;Los Maitenes 198, 7880113 La Reina, Región Metropolitana, Chile, Pepe Vila, La Reina;;-33.4536493;-70.5549782;Los Maitenes 198, La Reina, Santiago, Chile
2025-11-29 17:51:48;La Reina;casa;Unimarc / Principe De Gales;10000;CLF;6 dormitorios;3 baños;246 m² útiles;6 dormitorios | 3 baños | 246 m² útiles;Unimarc / Principe De Gales, Palmas De Mallorca, La Reina;;-33.4400902;-70.555999;Unimarc / Principe De Gales, La Reina, Santiago, Chile
2025-11-29 17:51:48;La Reina;casa;Gran Casa En La Reina (127932);140000000;CLP;3 dormitorios;2 baños;100 m² útiles;3 dormitorios | 2 baños | 100 m² útiles;Rio Lauca 1 - 300, Villa La Reina, La Reina;;-33.4578614;-70.5300937;Rio Lauca 1 - 300, La Reina, Santiago, Chile
2025-11-29 17:51:48;La Reina;casa;Casa Familiar En Condominio Privado Y Vista A La Cordillera;12390;CLF;5 dormitorios;4 baños;170 m² útiles;5 dormitorios | 4 baños | 170 m² útiles;Carlos Ossandón 795, La Reina, Chile, Carlos Ossandón, La Reina;;-33.4452344;-70.5425448;Carlos Ossandón 795, La Reina, Santiago, Chile
2025-11-29 17:51:48;La Reina;casa;Sin Deuda Traspaso Inmediato ;8600;CLF;4 dormitorios;2 baños;260 m² útiles;4 dormitorios | 2 baños | 260 m² útiles;La Reina, Pepe Vila;;-33.4430242;-70.5337236;La Reina, La Reina, Santiago, Chile
2025-11-29 17:51:48;La Reina;casa;Casa En Gran Terreno, Cerca Metro Fernando Castillo Velasco;11470;CLF;2 dormitorios;1 baño;110 m² útiles;2 dormitorios | 1 baño | 110 m² útiles;Los Prunos 7110, La Reina, Chile, Pepe Vila, La Reina;;-33.4546478;-70.553832;Los Prunos 7110, La Reina, Santiago, Chile
2025-11-29 17:51:48;La Reina;casa;Tranquila Casa En Condominio La Reina;12895;CLF;5 dormitorios;4 baños;147 m² útiles;5 dormitorios | 4 baños | 147 m² útiles;Simón Bolívar, 8100 - 8400, Carlos Ossandón, La Reina;;-33.4461845;-70.5719261;Simón Bolívar, La Reina, Santiago, Chile
2025-11-29 17:51:48;La Reina;casa;Casa La Reina |4d 3b | Piscina Temp. | Amplio Patio;16490;CLF;4 dormitorios;3 baños;177 m² útiles;4 dormitorios | 3 baños | 177 m² útiles;Sta. Rita 600 - 900, La Reina, Palmas De Mallorca, La Reina;;-33.4445871;-70.5593511;Sta. Rita 600 - 900, La Reina, Santiago, Chile
2025-11-29 17:51:48;La Reina;casa;Vendo Casa Aislada, Gran Conectividad Y Accesos Comerciales;8900;CLF;4 dormitorios;2 baños;83 m² útiles;4 dormitorios | 2 baños | 83 m² útiles;Los Corcolenes 7080, La Reina, Pepe Vila, La Reina;;-33.452684;-70.5544221;Los Corcolenes 7080, La Reina, Santiago, Chile
2025-11-29 17:51:48;La Reina;casa;Casa En La Reina 429 M2 De Terreno Metro Fernando Castillo V;10450;CLF;5 dormitorios;3 baños;117 m² útiles;5 dormitorios | 3 baños | 117 m² útiles;Los Maitenes, La Reina, Pepe Vila, La Reina;;-33.4572853;-70.554097;Los Maitenes, La Reina, Santiago, Chile
2025-11-29 17:51:48;La Reina;casa;Helsby/ Padre Hurtado ;13450;CLF;5 dormitorios;4 baños;153 m² útiles;5 dormitorios | 4 baños | 153 m² útiles;Helsby, La Reina, La Reina Alta, La Reina;;-33.4352645;-70.5399962;Helsby, La Reina, Santiago, Chile
2025-11-29 17:51:48;La Reina;casa;Venta, Casa, La Reina. 8d/7b;33900;CLF;8 dormitorios;7 baños;388 m² útiles;8 dormitorios | 7 baños | 388 m² útiles;Valenzuela Puelma, La Reina Alta, La Reina;;-33.4326178;-70.521039;Valenzuela Puelma, La Reina, Santiago, Chile
2025-11-29 17:51:48;La Reina;casa;Venta Casa Mediterránea Nueva En La Reina;23500;CLF;4 dormitorios;4 baños;246 m² útiles;4 dormitorios | 4 baños | 246 m² útiles;Alvaro Casanova 0509, La Reina, La Reina Alta, La Reina;;-33.442754;-70.5193029;Alvaro Casanova 0509, La Reina, Santiago, Chile
2025-11-29 17:51:48;La Reina;casa;Casa Condominio Venta De 5 D 5 B Principe De Gales La Reina;12500;CLF;5 dormitorios;5 baños;140 m² útiles;5 dormitorios | 5 baños | 140 m² útiles;Carlos Ossandon, Carlos Ossandón, La Reina;;-33.4374632;-70.5420687;Carlos Ossandon, La Reina, Santiago, Chile
2025-11-29 17:51:48;La Reina;casa;Acogedora/gran Casa Reina Alta,5d,4b,piscina,quincho,4 Estac;20990;CLF;5 dormitorios;4 baños;350 m² útiles;5 dormitorios | 4 baños | 350 m² útiles;Carlos Silva Vildósola 9493, La Reina, Santiago, Chile, La Reina Alta, La Reina;;-33.4412838;-70.531176;Carlos Silva Vildósola 9493, La Reina, Santiago, Chile
2025-11-29 17:51:48;La Reina;casa;Como Nueva, Linda Casa En La Reina Alta, Seguridad 24/7;17000;CLF;3 dormitorios;3 baños;167 m² útiles;3 dormitorios | 3 baños | 167 m² útiles;Julia Bernstein 1500 - 1800, La Reina, La Reina Alta, La Reina;;-33.4561434;-70.5262767;Julia Bernstein 1500 - 1800, La Reina, Santiago, Chile
2025-11-29 17:51:48;La Reina;casa;Oportunidad Gran Casa En Carlos Silva La Reina;17990;CLF;3 dormitorios;4 baños;260 m² útiles;3 dormitorios | 4 baños | 260 m² útiles;Carlos Silva Vildósola, La Reina, Carlos Ossandón, La Reina;;-33.4382904;-70.5434367;Carlos Silva Vildósola, La Reina, Santiago, Chile
2025-11-29 17:51:48;La Reina;casa;Casa En Venta La Reina;20000;CLF;4 dormitorios;6 baños;350 m² útiles;4 dormitorios | 6 baños | 350 m² útiles;Carpay 11, La Reina, La Reina Alta, La Reina;;-33.443952;-70.5161087;Carpay 11, La Reina, Santiago, Chile
2025-11-29 17:51:48;La Reina;casa;Casa En Venta En La Reina Con Piscina Y Jardín;16990;CLF;6 dormitorios;6 baños;207 m² útiles;6 dormitorios | 6 baños | 207 m² útiles;Principe De Gales / Monseñor Edwards, Metro Príncipe De Gales - Country Club, La Reina;;-33.4386284;-70.5612379;Principe De Gales / Monseñor Edwards, La Reina, Santiago, Chile
2025-11-29 17:51:48;La Reina;casa;Hermosa Casa Mas Departamento Interior De 58m2;16000;CLF;5 dormitorios;3 baños;180 m² útiles;5 dormitorios | 3 baños | 180 m² útiles;José Zapiola / Palmas De Mallorca, Palmas De Mallorca, La Reina;;-33.4494456;-70.5535918;José Zapiola / Palmas De Mallorca, La Reina, Santiago, Chile
2025-11-29 17:51:48;La Reina;casa;British Royal School;15300;CLF;4 dormitorios;3 baños;162 m² útiles;4 dormitorios | 3 baños | 162 m² útiles;BRITISH ROYAL SCHOOL, La Reina Alta, La Reina;;-33.4512379;-70.5271956;BRITISH ROYAL SCHOOL, La Reina, Santiago, Chile
2025-11-29 17:51:48;La Reina;casa;Casa En Venta En La Reina Con Piscina;13990;CLF;3 dormitorios;3 baños;157 m² útiles;3 dormitorios | 3 baños | 157 m² útiles;La Reina, Región Metropolitana, Carlos Ossandón, La Reina;;-33.4430242;-70.5337236;La Reina, La Reina, Santiago, Chile
2025-11-29 17:52:21;La Reina;casa;Increíble Casa En Condominio, Reina Alta;17990;CLF;3 dormitorios;4 baños;223 m² útiles;3 dormitorios | 4 baños | 223 m² útiles;Carlos Silva Vildósola 10382, La Reina Alta, La Reina;;-33.4425212;-70.5246453;Carlos Silva Vildósola 10382, La Reina, Santiago, Chile
2025-11-29 17:52:21;La Reina;casa;Real Oportunidad, Se Vende Casa Con Amplio Terreno De 648 M²;12800;CLF;9 dormitorios;5 baños;225 m² útiles;9 dormitorios | 5 baños | 225 m² útiles;Vista Hermosa 6772, 7.8501e+06 - 7.8504e+06 Santiago, La Reina, Región Metropolitana, Chile, Palmas De Mallorca, La Reina;;-33.4432913;-70.5614802;Vista Hermosa 6772, La Reina, Santiago, Chile
2025-11-29 17:52:21;La Reina;casa;Venta/arriendo En Condominio Exclusivo, Sin Gastos Comunes!!;21290;CLF;5 dormitorios;6 baños;270 m² útiles;5 dormitorios | 6 baños | 270 m² útiles;Benjamin Subercaseaux, La Reina, La Reina Alta, La Reina;;-33.4391561;-70.5247009;Benjamin Subercaseaux, La Reina, Santiago, Chile
2025-11-29 17:52:21;La Reina;casa;Hermosa Casa En Venta,la Reina 3d+2b+3e (129309);9584;CLF;4 dormitorios;2 baños;132 m² útiles;4 dormitorios | 2 baños | 132 m² útiles;Lynch Norte 1 - 300, Metro Simón Bolivar, La Reina;;-33.4495644;-70.5651984;Lynch Norte 1 - 300, La Reina, Santiago, Chile
2025-11-29 17:52:21;La Reina;casa;Se Vende Casa 3d 2b 2est En Avenida Tobalaba;6800;CLF;4 dormitorios;1 baño;90 m² útiles;4 dormitorios | 1 baño | 90 m² útiles;Avenida Tobalaba 7861, 1 - 300, Blest Gana, La Reina;;-33.4508755;-70.5601243;Avenida Tobalaba 7861, La Reina, Santiago, Chile
2025-11-29 17:52:21;La Reina;casa;Condominio La Reina Alta / 352mt, 4 Dorm, 4 B, 3 Estac, Bod;16290;CLF;4 dormitorios;4 baños;352 m² útiles;4 dormitorios | 4 baños | 352 m² útiles;María Monvel 900 - 1200, La Reina, La Reina Alta, La Reina;;-33.4471216;-70.5288691;María Monvel 900 - 1200, La Reina, Santiago, Chile
2025-11-29 17:52:21;La Reina;casa;Amplia Casa En Excelente Ubicación (129951);10600;CLF;4 dormitorios;5 baños;92 m² útiles;4 dormitorios | 5 baños | 92 m² útiles;Monseñor Edwards 1800 - 2100, La Reina, Chile, Metro Príncipe De Gales - Country Club, La Reina;;-33.4379573;-70.5612895;Monseñor Edwards 1800 - 2100, La Reina, Santiago, Chile
2025-11-29 17:52:21;La Reina;casa;3 D /2b/ 3 E Cercano Bilbao (71828);8500;CLF;3 dormitorios;2 baños;105 m² útiles;3 dormitorios | 2 baños | 105 m² útiles;Alcalde Manuel De La Lastra 2100 - 2400, La Reina, Chile, Carlos Ossandón, La Reina;;-33.4308192;-70.554589;Alcalde Manuel De La Lastra 2100 - 2400, La Reina, Santiago, Chile
2025-11-29 17:52:21;La Reina;casa;Casa En Venta De 5 Dorm. En La Reina;45000;CLF;5 dormitorios;4 baños;355 m² útiles;5 dormitorios | 4 baños | 355 m² útiles;Álvaro Casanova Talinay, La Reina Alta, La Reina;;-33.4592981;-70.5231714;Álvaro Casanova Talinay, La Reina, Santiago, Chile
2025-11-29 17:52:21;La Reina;casa;Valenzuela Puelma;25690;CLF;5 dormitorios;4 baños;258 m² útiles;5 dormitorios | 4 baños | 258 m² útiles;VALENZUELA PUELMA, La Reina Alta, La Reina;;-33.4326178;-70.521039;VALENZUELA PUELMA, La Reina, Santiago, Chile
2025-11-29 17:52:21;La Reina;casa;Dos Casas Cómodas Independientes ,gran Patio   Piscina;20500;CLF;7 dormitorios;5 baños;270 m² útiles;7 dormitorios | 5 baños | 270 m² útiles;Av. Simón Bolívar 7524, La Reina, Palmas De Mallorca, La Reina;;-33.4447218;-70.5530227;Av. Simón Bolívar 7524, La Reina, Santiago, Chile
2025-11-29 17:52:21;La Reina;casa;Excelente Ubicación! 3d 3b;8500;CLF;3 dormitorios;3 baños;92 m² útiles;3 dormitorios | 3 baños | 92 m² útiles;Reina Victoria 6433, La Reina, Metro Príncipe De Gales - Country Club, La Reina;;-33.4400611;-70.5657187;Reina Victoria 6433, La Reina, Santiago, Chile
2025-11-29 17:52:21;La Reina;casa;Reina Alta, Sector De Alta Seguridad, Academia De Guerra.;14900;CLF;4 dormitorios;5 baños;187 m² útiles;4 dormitorios | 5 baños | 187 m² útiles;Av. Príncipe De Gales 9169, 7.8603e+06 - 7.8606e+06 La Reina, Región Metropolitana, Chile, Carlos Ossandón, La Reina;;-33.4417839;-70.5351634;Av. Príncipe De Gales 9169, La Reina, Santiago, Chile
2025-11-29 17:52:21;La Reina;casa;La Reina - Casa En Venta;580000000;CLP;5 dormitorios;4 baños;170 m² útiles;5 dormitorios | 4 baños | 170 m² útiles;Carlos Ossandón 2020, La Reina, Carlos Ossandón, La Reina;;-33.4359754;-70.5429278;Carlos Ossandón 2020, La Reina, Santiago, Chile
2025-11-29 17:52:21;La Reina;casa;Vendo Casa Bramante Con Januario Espinoza, La Reina;8490;CLF;3 dormitorios;2 baños;100 m² útiles;3 dormitorios | 2 baños | 100 m² útiles;La Reina, Región Metropolitana, Francisco De Villagra, La Reina;;-33.4430242;-70.5337236;La Reina, La Reina, Santiago, Chile
2025-11-29 17:52:21;La Reina;casa;Casa  En Venta 3dormitorios , La Reina;14000;CLF;3 dormitorios;3 baños;170 m² útiles;3 dormitorios | 3 baños | 170 m² útiles;Francisco De Villagra, La Reina;;-33.4598829;-70.5620834;Francisco De Villagra, La Reina, Santiago, Chile
2025-11-29 17:52:21;La Reina;casa;Casa Venta 5 Dorm Y 4 B En La Reina Lider Principe De Gales;12635;CLF;5 dormitorios;4 baños;202 m² útiles;5 dormitorios | 4 baños | 202 m² útiles;Lider Principe De Gales, De La Reina., Carlos Ossandón, La Reina;;-33.4406548;-70.5349514;Lider Principe De Gales, La Reina, Santiago, Chile
2025-11-29 17:52:21;La Reina;casa;Amplia Y Acogedora Casa En La Reina (69356);21900;CLF;5 dormitorios;4 baños;320 m² útiles;5 dormitorios | 4 baños | 320 m² útiles;Daniel De La Vega 1200 - 1500, La Reina, Chile, Carlos Ossandón, La Reina;;-33.440752;-70.5497404;Daniel De La Vega 1200 - 1500, La Reina, Santiago, Chile
2025-11-29 17:52:21;La Reina;casa;Excelente Oportunidad (92740);8829;CLF;6 dormitorios;3 baños;156 m² útiles;6 dormitorios | 3 baños | 156 m² útiles;Mateo De Toro Y Zambrano 1 - 300, La Reina;;-33.4405093;-70.5553857;Mateo De Toro Y Zambrano 1 - 300, La Reina, Santiago, Chile
2025-11-29 17:52:21;La Reina;casa;Oportunidad. Casa En Venta De 3 Dorm. En La Reina;10000;CLF;3 dormitorios;2 baños;156 m² útiles;3 dormitorios | 2 baños | 156 m² útiles;Principe De Gales/Echeñique, Palmas De Mallorca, La Reina;;-33.4427041;-70.5542694;Principe De Gales/Echeñique, La Reina, Santiago, Chile
2025-11-29 17:52:21;La Reina;casa;Amplia Casa Familiar 577 M2;14850;CLF;5 dormitorios;3 baños;577 m² útiles;5 dormitorios | 3 baños | 577 m² útiles;VALENZUELA LLANOS, 1 - 300, Carlos Ossandón, La Reina;;-33.4409478;-70.5338347;VALENZUELA LLANOS, La Reina, Santiago, Chile
2025-11-29 17:52:21;La Reina;casa;Casa 3d Y 2b Pasaje Tranquilo Blest Gana Metro Castillo Vela;7600;CLF;3 dormitorios;2 baños;92 m² útiles;3 dormitorios | 2 baños | 92 m² útiles;Metro Castillo Velasco, Blest Gana, La Reina;;-33.4518572;-70.537342;Castillo Velasco, La Reina, Santiago, Chile
2025-11-29 17:52:21;La Reina;casa;Se Vende Casa 5d/3b Tobalaba, La Reina;9000;CLF;5 dormitorios;3 baños;120 m² útiles;5 dormitorios | 3 baños | 120 m² útiles;Avenida Tobalaba 6129, 1 - 300, Metro Simón Bolivar, La Reina;;-33.4508755;-70.5601243;Avenida Tobalaba 6129, La Reina, Santiago, Chile
2025-11-29 17:52:21;La Reina;casa;Luminosa Casa En Condominio La Cañada (112467);11380;CLF;3 dormitorios;2 baños;113 m² útiles;3 dormitorios | 2 baños | 113 m² útiles;Condominio La Canadá 6900 - 7200, Palmas De Mallorca, La Reina;;-33.4422357;-70.5679486;Condominio La Canadá 6900 - 7200, La Reina, Santiago, Chile
2025-11-29 17:52:21;La Reina;casa;Linda Casa 2d-2b 161m2 Totales Barrio Tranquilo La Reina;5800;CLF;2 dormitorios;2 baños;73 m² útiles;2 dormitorios | 2 baños | 73 m² útiles;Martín Rivas, 6823, Blest Gana, La Reina;;-33.4552116;-70.5593165;Martín Rivas, La Reina, Santiago, Chile
2025-11-29 17:52:21;La Reina;casa;Gran Casa Con 4d En Condominio - La Reina Alta;20900;CLF;4 dormitorios;6 baños;350 m² útiles;4 dormitorios | 6 baños | 350 m² útiles;Avenida Las Perdices 349, La Reina, Chile, La Reina Alta, La Reina;;-33.4524357;-70.5282476;Avenida Las Perdices 349, La Reina, Santiago, Chile
2025-11-29 17:52:21;La Reina;casa;Sin Comisión - Nueva A Estrenar (128667);16900;CLF;4 dormitorios;3 baños;120 m² útiles;4 dormitorios | 3 baños | 120 m² útiles;Vicente Pérez Rosales, La Reina, Chile, Carlos Ossandón, La Reina;;-33.437425;-70.5512194;Vicente Pérez Rosales, La Reina, Santiago, Chile
2025-11-29 17:52:21;La Reina;casa;Carlos Silva Vildosola (66485);23500;CLF;4 dormitorios;4 baños;180 m² útiles;4 dormitorios | 4 baños | 180 m² útiles;Carlos Silva Vildósola 10200 - 10500, La Reina, Chile, La Reina Alta, La Reina;;-33.4382904;-70.5434367;Carlos Silva Vildósola 10200 - 10500, La Reina, Santiago, Chile
2025-11-29 17:52:21;La Reina;casa;Casa En Condominio, Piscina, Quincho, Sector Colegio Andree;14000;CLF;3 dormitorios;4 baños;151 m² útiles;3 dormitorios | 4 baños | 151 m² útiles;Simón Bolivar / Vicente Pérez Rosales, Carlos Ossandón, La Reina;;-33.444844;-70.5518563;Simón Bolivar / Vicente Pérez Rosales, La Reina, Santiago, Chile
2025-11-29 17:52:21;La Reina;casa;M2rebajado Gran Casa Condominio Cerrado, C.ossandon La Reina;14200;CLF;3 dormitorios;3 baños;156 m² útiles;3 dormitorios | 3 baños | 156 m² útiles;Carlos Ossandón 2039, La Reina, Carlos Ossandón, La Reina;;-33.4356388;-70.5427181;Carlos Ossandón 2039, La Reina, Santiago, Chile
2025-11-29 17:52:21;La Reina;casa;Venta Amplia  Casa En La Reina;7890;CLF;6 dormitorios;3 baños;126 m² útiles;6 dormitorios | 3 baños | 126 m² útiles;El Olmo, 7668, Pepe Vila, La Reina;;-33.4531351;-70.5493566;El Olmo, La Reina, Santiago, Chile
2025-11-29 17:52:21;La Reina;casa;Venta En La Reina  Fco. De Villagra 3d-2b-3e;7105;CLF;3 dormitorios;2 baños;237 m² útiles;3 dormitorios | 2 baños | 237 m² útiles;Francisco Villagra, 6300 - 6600 F, Francisco De Villagra, La Reina;;-33.4598829;-70.5620834;Francisco Villagra, La Reina, Santiago, Chile
2025-11-29 17:52:21;La Reina;casa;Casa En Condominio  3d/3b/3e Tres Pisos  (72147);13000;CLF;3 dormitorios;3 baños;140 m² útiles;3 dormitorios | 3 baños | 140 m² útiles;Av. Las Perdices 300 - 600, La Reina, Chile, La Reina Alta, La Reina;;-33.4451334;-70.5311479;Av. Las Perdices 300 - 600, La Reina, Santiago, Chile
2025-11-29 17:52:21;La Reina;casa;Amplios Espacios, Naturaleza Y Elegancia  (101444);49500;CLF;5 dormitorios;4 baños;420 m² útiles;5 dormitorios | 4 baños | 420 m² útiles;Julia Bernstein 1 - 300, La Reina Alta, La Reina;;-33.4561434;-70.5262767;Julia Bernstein 1 - 300, La Reina, Santiago, Chile
2025-11-29 17:52:21;La Reina;casa;Moderna Y Segura Casa En La Reina (130705);19990;CLF;5 dormitorios;5 baños;210 m² útiles;5 dormitorios | 5 baños | 210 m² útiles;Escultora Rebeca Matte 1 - 300, La Reina Alta, La Reina;;-33.4405598;-70.5297541;Escultora Rebeca Matte 1 - 300, La Reina, Santiago, Chile
2025-11-29 17:52:21;La Reina;casa;Venta Casa, Condomimio 5 Dormitorios 5 Baños 4 Estacionamint;19900;CLF;5 dormitorios;5 baños;220 m² útiles;5 dormitorios | 5 baños | 220 m² útiles;Talinay, Condominio La Reina, La Reina;;-33.4591718;-70.5300268;Talinay, La Reina, Santiago, Chile
2025-11-29 17:52:21;La Reina;casa;Casa En Venta 6d5b (130792);16500;CLF;6 dormitorios;5 baños;390 m² útiles;6 dormitorios | 5 baños | 390 m² útiles;Avenida Simón Bolívar 1 - 300, Carlos Ossandón, La Reina;;-33.4454396;-70.5565816;Avenida Simón Bolívar 1 - 300, La Reina, Santiago, Chile
2025-11-29 17:52:21;La Reina;casa;Casa En La Reina Lindo Jardin 3d;19990;CLF;4 dormitorios;4 baños;260 m² útiles;4 dormitorios | 4 baños | 260 m² útiles;Carlos Silva Vildósola, La Reina, Carlos Ossandón, La Reina;;-33.4382904;-70.5434367;Carlos Silva Vildósola, La Reina, Santiago, Chile
2025-11-29 17:52:52;La Reina;casa;John Andrews (91938);21700;CLF;5 dormitorios;4 baños;250 m² útiles;5 dormitorios | 4 baños | 250 m² útiles;Alvaro Casanova 1 - 300, La Reina Alta, La Reina;;-33.442754;-70.5193029;Alvaro Casanova 1 - 300, La Reina, Santiago, Chile
2025-11-29 17:52:52;La Reina;casa;Se Vende Casa De 3 Dormitorios, 2 Baños, 3 Estac. 253 Mts;7400;CLF;4 dormitorios;2 baños;118 m² útiles;4 dormitorios | 2 baños | 118 m² útiles;Bramante 600 - 900, La Reina, Francisco De Villagra, La Reina;;-33.457534;-70.5580475;Bramante 600 - 900, La Reina, Santiago, Chile
2025-11-29 17:52:52;La Reina;casa;Casa En Venta En Carlos Ossandón, La Reina Con Bodega;16000;CLF;4 dormitorios;2 baños;120 m² útiles;4 dormitorios | 2 baños | 120 m² útiles;Vicente Pérez Rosales 1724, La Reina, Carlos Ossandón, La Reina;;-33.4375016;-70.5513643;Vicente Pérez Rosales 1724, La Reina, Santiago, Chile
2025-11-29 17:52:52;La Reina;casa;Venta De Amplia Casa La Reina, Av. Tobalaba (97058);10500;CLF;4 dormitorios;4 baños;144 m² útiles;4 dormitorios | 4 baños | 144 m² útiles;Avenida Tobalaba 1 - 300, Blest Gana, La Reina;;-33.4508755;-70.5601243;Avenida Tobalaba 1 - 300, La Reina, Santiago, Chile
2025-11-29 17:52:52;La Reina;casa;Francisco Bilbao Vespucio;34875;CLF;4 dormitorios;4 baños;155 m² útiles;4 dormitorios | 4 baños | 155 m² útiles;FRANCISCO BILBAO VESPUCIO, Troncos Viejos, La Reina;;-33.4315721;-70.574259;FRANCISCO BILBAO VESPUCIO, La Reina, Santiago, Chile
2025-11-29 17:52:52;La Reina;casa;Metro Plaza Egaña  (79296);8800;CLF;3 dormitorios;3 baños;120 m² útiles;3 dormitorios | 3 baños | 120 m² útiles;Javiera Carrera Sur 600 - 900, La Reina, Chile, Francisco De Villagra, La Reina;;-33.4558221;-70.5666284;Javiera Carrera Sur 600 - 900, La Reina, Santiago, Chile
2025-11-29 17:52:52;La Reina;casa;Cerca De La Naturaleza (95015);19990;CLF;3 dormitorios;4 baños;251 m² útiles;3 dormitorios | 4 baños | 251 m² útiles;Carlos Silva Vildósola, La Reina Alta, La Reina;;-33.4382904;-70.5434367;Carlos Silva Vildósola, La Reina, Santiago, Chile
2025-11-29 17:52:52;La Reina;casa;Carlos Silva Vildósola  (69306);21900;CLF;4 dormitorios;4 baños;180 m² útiles;4 dormitorios | 4 baños | 180 m² útiles;Carlos Silva Vildósola 10200 - 10500, La Reina, Chile, La Reina Alta, La Reina;;-33.4382904;-70.5434367;Carlos Silva Vildósola 10200 - 10500, La Reina, Santiago, Chile
2025-11-29 17:52:52;La Reina;casa;Venta De Casa En La Reina;8500;CLF;3 dormitorios;2 baños;150 m² útiles;3 dormitorios | 2 baños | 150 m² útiles;Bramante 881, La Reina, Francisco De Villagra, La Reina;;-33.457534;-70.5580475;Bramante 881, La Reina, Santiago, Chile
2025-11-29 17:52:52;La Reina;casa;Casa Condominio Seguro A Pasos P- De Gales - Unimarc;7750;CLF;3 dormitorios;3 baños;118 m² útiles;3 dormitorios | 3 baños | 118 m² útiles;La Cañada 7200 - 7500, Palmas De Mallorca, La Reina;;-32.8262783;-61.4039549;La Cañada 7200 - 7500, La Reina, Santiago, Chile
2025-11-29 17:52:52;La Reina;casa; Hermoso Chalet O Casa M. Monvel 7 H+3 Serv.2219/650 Piscina;38700;CLF;7 dormitorios;7 baños;650 m² útiles;7 dormitorios | 7 baños | 650 m² útiles;María Monvel 1566, La Reina, La Reina Alta, La Reina;;-33.4404742;-70.5241874;María Monvel 1566, La Reina, Santiago, Chile
2025-11-29 17:52:52;La Reina;casa;Casa En Venta En La Reina Con Jardín Y Terraza;11000;CLF;4 dormitorios;2 baños;156 m² útiles;4 dormitorios | 2 baños | 156 m² útiles;José Zapiola 8737, La Reina, Carlos Ossandón, La Reina;;-33.4488438;-70.5414769;José Zapiola 8737, La Reina, Santiago, Chile
2025-11-29 17:52:52;La Reina;casa;Casa Remodelada En Condominio, La Reina Príncipe De Gales;14950;CLF;4 dormitorios;5 baños;250 m² útiles;4 dormitorios | 5 baños | 250 m² útiles;Av. Príncipe De Gales 8130, La Reina, Carlos Ossandón, La Reina;;-33.4398691;-70.5473188;Av. Príncipe De Gales 8130, La Reina, Santiago, Chile
2025-11-29 17:52:52;La Reina;casa;Vendo Casa En La Reina Alta En María Monvel.;15300;CLF;5 dormitorios;5 baños;201 m² útiles;5 dormitorios | 5 baños | 201 m² útiles;María Monvel, La Reina, La Reina Alta, La Reina;;-33.4471216;-70.5288691;María Monvel, La Reina, Santiago, Chile
2025-11-29 17:52:52;La Reina;casa;John Andrews (90992);22000;CLF;5 dormitorios;4 baños;250 m² útiles;5 dormitorios | 4 baños | 250 m² útiles;Alvaro Casanova 1 - 300, La Reina Alta, La Reina;;-33.442754;-70.5193029;Alvaro Casanova 1 - 300, La Reina, Santiago, Chile
2025-11-29 17:52:52;La Reina;casa;Exclusiva Casa En Condominio La Reina;23890;CLF;5 dormitorios;3 baños;226 m² útiles;5 dormitorios | 3 baños | 226 m² útiles;Alvaro Casanova, 160, La Reina Alta, La Reina;;-33.442754;-70.5193029;Alvaro Casanova, La Reina, Santiago, Chile
2025-11-29 17:52:52;La Reina;casa;Casa De  4 Dormitorios En Pasaje Cerrado;7500;CLF;4 dormitorios;3 baños;148 m² útiles;4 dormitorios | 3 baños | 148 m² útiles;Bramante 715, La Reina, Francisco De Villagra, La Reina;;-33.457534;-70.5580475;Bramante 715, La Reina, Santiago, Chile
2025-11-29 17:52:52;La Reina;casa;Casa En Venta De 4d-3b Jardín Y Piscina. En La Reina;10490;CLF;4 dormitorios;3 baños;117 m² útiles;4 dormitorios | 3 baños | 117 m² útiles;Sanchez Fontecilla, Pepe Vila, La Reina;;-33.4326932;-70.5831342;Sanchez Fontecilla, La Reina, Santiago, Chile
2025-11-29 17:52:52;La Reina;casa;Acogedora Casa En La Reina;7600;CLF;4 dormitorios;2 baños;100 m² útiles;4 dormitorios | 2 baños | 100 m² útiles;Julio Montebruno 283, 7870237 La Reina, Región Metropolitana, Chile, Blest Gana, La Reina;;-33.4587636;-70.5596465;Julio Montebruno 283, La Reina, Santiago, Chile
2025-11-29 17:52:52;La Reina;casa;Vende Casa Hermosa En La Reina  (101438);10960;CLF;4 dormitorios;2 baños;120 m² útiles;4 dormitorios | 2 baños | 120 m² útiles;Francisco Contreras 6300 - 6600, Metro Simón Bolivar, La Reina;;-33.4503086;-70.5608646;Francisco Contreras 6300 - 6600, La Reina, Santiago, Chile
2025-11-29 17:52:52;La Reina;casa;Casa En Venta En Principe De Gales;15500;CLF;4 dormitorios;4 baños;168 m² útiles;4 dormitorios | 4 baños | 168 m² útiles;Av. Príncipe De Gales 9064, La Reina, Carlos Ossandón, La Reina;;-33.4411063;-70.5364813;Av. Príncipe De Gales 9064, La Reina, Santiago, Chile
2025-11-29 17:52:52;La Reina;casa;Maravillosa. Oportunidad. Casa Moderna Y Luminosa. ;11000;CLF;4 dormitorios;3 baños;182 m² útiles;4 dormitorios | 3 baños | 182 m² útiles;Av. Tobalaba 7800 - 8100, La Reina, Blest Gana, La Reina;;-33.4508755;-70.5601243;Av. Tobalaba 7800 - 8100, La Reina, Santiago, Chile
2025-11-29 17:52:52;La Reina;casa;Pepe Vila 321 / Edo Castillo Velasco / Amplia Casa ;9990;CLF;4 dormitorios;3 baños;180 m² útiles;4 dormitorios | 3 baños | 180 m² útiles;Pepe Vila 321, La Reina, Chile, Pepe Vila, La Reina;;-33.4542227;-70.5520547;Pepe Vila 321, La Reina, Santiago, Chile
2025-11-29 17:52:52;La Reina;casa;Casa En La Reina Tobalaba/simón Bolivar Ampliada;8500;CLF;4 dormitorios;2 baños;132 m² útiles;4 dormitorios | 2 baños | 132 m² útiles;Av. Tobalaba , 7870076 Santiago, La Reina, Región Metropolitana, Chile, La Reina;;-33.4508755;-70.5601243;Av. Tobalaba, La Reina, Santiago, Chile
2025-11-29 17:52:52;La Reina;casa;Casa En Venta En La Reina;12890;CLF;5 dormitorios;4 baños;150 m² útiles;5 dormitorios | 4 baños | 150 m² útiles;Avenida Príncipe De Gales, Carlos Ossandón, La Reina;;-33.4385234;-70.5638002;Avenida Príncipe De Gales, La Reina, Santiago, Chile
2025-11-29 17:52:52;La Reina;casa;Amplia Casa En Excelente Ubicación;7450;CLF;4 dormitorios;3 baños;135 m² útiles;4 dormitorios | 3 baños | 135 m² útiles;Bramante 650, La Reina, Francisco De Villagra, La Reina;;-33.457534;-70.5580475;Bramante 650, La Reina, Santiago, Chile
2025-11-29 17:52:52;La Reina;casa;Casa En Venta Colegio André ;19800;CLF;4 dormitorios;4 baños;305 m² útiles;4 dormitorios | 4 baños | 305 m² útiles;Colegio André, Carlos Ossandón, La Reina;;-33.0290421;-71.6374962;Colegio André, La Reina, Santiago, Chile
2025-11-29 17:52:52;La Reina;casa;Reina Alta / Onofre Jarpa;14800;CLF;4 dormitorios;3 baños;160 m² útiles;4 dormitorios | 3 baños | 160 m² útiles;Onofre Jarpa 10288, 7860003 Santiago, La Reina, Región Metropolitana, Chile, La Reina Alta, La Reina;;-33.4351374;-70.5225613;Onofre Jarpa 10288, La Reina, Santiago, Chile
2025-11-29 17:52:52;La Reina;casa;Casa Con Gran Terreno, En Estratégica Ubicación;25000;CLF;3 dormitorios;3 baños;297 m² útiles;3 dormitorios | 3 baños | 297 m² útiles;Loreley 830, La Reina, Palmas De Mallorca, La Reina;;-33.4450827;-70.5646716;Loreley 830, La Reina, Santiago, Chile
2025-11-29 17:52:52;La Reina;casa;Rebajado Uf 2.000 Altos De Casanova 5d+5b 611mt2 / 240mt2;21500;CLF;5 dormitorios;5 baños;246 m² útiles;5 dormitorios | 5 baños | 246 m² útiles;Alvaro Casanova 300 - 600, La Reina, Chile, La Reina Alta, La Reina;;-33.442754;-70.5193029;Alvaro Casanova 300 - 600, La Reina, Santiago, Chile
2025-11-29 17:52:52;La Reina;casa;Julia Bernstein / Talinay   ;14500;CLF;4 dormitorios;4 baños;157 m² útiles;4 dormitorios | 4 baños | 157 m² útiles;Julia Bernstein 0446, 7880727 La Reina, Región Metropolitana, Chile, La Reina Alta, La Reina;;-33.4544007;-70.5259052;Julia Bernstein 0446, La Reina, Santiago, Chile
2025-11-29 17:52:52;La Reina;casa;Casa En Venta En La Reina Alta;12000;CLF;4 dormitorios;3 baños;135 m² útiles;4 dormitorios | 3 baños | 135 m² útiles;Fuenteovejuna 580, La Reina, La Reina Alta, La Reina;;-33.4242734;-70.5463297;Fuenteovejuna 580, La Reina, Santiago, Chile
2025-11-29 17:52:52;La Reina;casa;Maria Monvel;15500;CLF;3 dormitorios;3 baños;140 m² útiles;3 dormitorios | 3 baños | 140 m² útiles;María Monvel 271, La Reina, Región Metropolitana, Chile, La Reina Alta, La Reina;;-33.4498175;-70.5297389;María Monvel 271, La Reina, Santiago, Chile
2025-11-29 17:52:52;La Reina;casa;Gran Casa Remodela En Exclusivo Condominio, Carlos Ossandón;14200;CLF;4 dormitorios;3 baños;156 m² útiles;4 dormitorios | 3 baños | 156 m² útiles;Carlos Ossandón 2040, La Reina, Carlos Ossandón, La Reina;;-33.435877;-70.5429189;Carlos Ossandón 2040, La Reina, Santiago, Chile
2025-11-29 17:52:52;La Reina;casa;Casa En Venta En La Reina;14995;CLF;6 dormitorios;4 baños;140 m² útiles;6 dormitorios | 4 baños | 140 m² útiles;José Zapiola, Carlos Ossandón, La Reina;;-33.4494456;-70.5535918;José Zapiola, La Reina, Santiago, Chile
2025-11-29 17:52:52;La Reina;casa;Hermosa Casa La Reina / Gibraltar  200 M2/600 M2 Terreno;15900;CLF;4 dormitorios;4 baños;200 m² útiles;4 dormitorios | 4 baños | 200 m² útiles;Gibraltar, 7070, Palmas De Mallorca, La Reina;;-33.4481833;-70.5545091;Gibraltar, La Reina, Santiago, Chile
2025-11-29 17:52:52;La Reina;casa;Amplia Casa De Esquina En Barrio Consolidado;11250;CLF;4 dormitorios;3 baños;154 m² útiles;4 dormitorios | 3 baños | 154 m² útiles;Alcalde Manuel De La Lastra, La Reina, Carlos Ossandón, La Reina;;-33.4308192;-70.554589;Alcalde Manuel De La Lastra, La Reina, Santiago, Chile
2025-11-29 17:52:52;La Reina;casa;Casa En Venta En Vicente Perez Rosales;17300;CLF;6 dormitorios;4 baños;550 m² útiles;6 dormitorios | 4 baños | 550 m² útiles;Vicente Pérez Rosales 1765, La Reina, Carlos Ossandón, La Reina;;-33.437337;-70.5510318;Vicente Pérez Rosales 1765, La Reina, Santiago, Chile
2025-11-29 17:53:36;La Reina;casa;Estupenda Casa. Impecable. La Reina Alta.;15600;CLF;4 dormitorios;4 baños;140 m² útiles;4 dormitorios | 4 baños | 140 m² útiles;Benjamin Subercaseaux 10230, La Reina, La Reina Alta, La Reina;;-33.4391561;-70.5247009;Benjamin Subercaseaux 10230, La Reina, Santiago, Chile
2025-11-29 17:53:36;La Reina;casa;Vendo Hermosa Y Gran Casa Luminosa, Julia Bernstein La Reina;25000;CLF;5 dormitorios;5 baños;300 m² útiles;5 dormitorios | 5 baños | 300 m² útiles;Julia Bernstein 467, La Reina, La Reina Alta, La Reina;;-33.4543489;-70.5257096;Julia Bernstein 467, La Reina, Santiago, Chile
2025-11-29 17:53:36;La Reina;casa;Alvaro Casanova;39900;CLF;4 dormitorios;5 baños;560 m² útiles;4 dormitorios | 5 baños | 560 m² útiles;ALVARO CASANOVA, La Reina Alta, La Reina;;-33.442754;-70.5193029;ALVARO CASANOVA, La Reina, Santiago, Chile
2025-11-29 17:53:36;La Reina;casa;Preciosa Casa Completamente Remodelada En La Reina;14990;CLF;4 dormitorios;2 baños;160 m² útiles;4 dormitorios | 2 baños | 160 m² útiles;Carlos Silva Vildósola Int 9031, La Reina, Región Metropolitana, Chile, Carlos Ossandón, La Reina;;-33.4382904;-70.5434367;Carlos Silva Vildósola Int 9031, La Reina, Santiago, Chile
2025-11-29 17:53:36;La Reina;casa;Linda Casa / Pepe Vila 321 La Reina;9990;CLF;4 dormitorios;3 baños;180 m² útiles;4 dormitorios | 3 baños | 180 m² útiles;Pepe Vila 321, La Reina, Chile, Pepe Vila, La Reina;;-33.4542227;-70.5520547;Pepe Vila 321, La Reina, Santiago, Chile
2025-11-29 17:53:36;La Reina;casa;Casa En Condominio Con  6 D.5b Espectacular En La Reina;14490;CLF;6 dormitorios;5 baños;175 m² útiles;6 dormitorios | 5 baños | 175 m² útiles;Av. Las Perdices 0123, La Reina, La Reina Alta, La Reina;;-33.4451334;-70.5311479;Av. Las Perdices 0123, La Reina, Santiago, Chile
2025-11-29 17:53:36;La Reina;casa;Alvaro Casanova (colegio Santo Domingo);27500;CLF;4 dormitorios;3 baños;410 m² útiles;4 dormitorios | 3 baños | 410 m² útiles;Alvaro Casanova 327, La Reina, Región Metropolitana, Chile, La Reina Alta, La Reina;;-33.442754;-70.5193029;Alvaro Casanova 327, La Reina, Santiago, Chile
2025-11-29 17:53:36;La Reina;casa;Alcalde Rutilio Rivas;13250;CLF;6 dormitorios;3 baños;273 m² útiles;6 dormitorios | 3 baños | 273 m² útiles;Alcalde Rutilio Rivas 7693, Carlos Ossandón, La Reina;;-33.4345183;-70.5528643;Alcalde Rutilio Rivas 7693, La Reina, Santiago, Chile
2025-11-29 17:53:36;La Reina;casa;Onofre Jarpa / Valenzuela Llanos;28600;CLF;4 dormitorios;6 baños;326 m² útiles;4 dormitorios | 6 baños | 326 m² útiles;Carlos Silva Vildósola 9415, 7860379 La Reina, Región Metropolitana, Chile, La Reina Alta, La Reina;;-33.441053;-70.5322353;Carlos Silva Vildósola 9415, La Reina, Santiago, Chile
2025-11-29 17:53:36;La Reina;casa;Casa De 2 Pisos Con 5 Dorm/quincho/terraza En La Reina;12500;CLF;5 dormitorios;4 baños;176 m² útiles;5 dormitorios | 4 baños | 176 m² útiles;Luciano Kulchewski 300 - 600, La Reina, Carlos Ossandón, La Reina;;-33.446758;-70.545463;Luciano Kulchewski 300 - 600, La Reina, Santiago, Chile
2025-11-29 17:53:36;La Reina;casa;Se Vende Casa 4d 2b Con Amplio Terreno. La Reina.;10764;CLF;4 dormitorios;2 baños;104 m² útiles;4 dormitorios | 2 baños | 104 m² útiles;Lynch Sur 339, Blest Gana, La Reina;;-33.458311;-70.5645929;Lynch Sur 339, La Reina, Santiago, Chile
2025-11-29 17:53:36;La Reina;casa;Carlos Ossandon/ Jose Zapiola;21500;CLF;6 dormitorios;3 baños;320 m² útiles;6 dormitorios | 3 baños | 320 m² útiles;Carlos Ossandón 300 - 600, La Reina, Carlos Ossandón, La Reina;;-33.4374632;-70.5420687;Carlos Ossandón 300 - 600, La Reina, Santiago, Chile
2025-11-29 17:53:36;La Reina;casa;Venta Casa Sector Country Remodelada Jardín, Dos Portones.;28000;CLF;4 dormitorios;4 baños;250 m² útiles;4 dormitorios | 4 baños | 250 m² útiles;Schiller 2236, La Reina, Metro Príncipe De Gales - Country Club, La Reina;;-33.4338218;-70.5596736;Schiller 2236, La Reina, Santiago, Chile
2025-11-29 17:53:36;La Reina;casa;Reina Media / Sector Residencial ;13250;CLF;6 dormitorios;3 baños;273 m² útiles;6 dormitorios | 3 baños | 273 m² útiles;Florencio Barrios 2142, 7850621 La Reina, Región Metropolitana, Chile, Carlos Ossandón, La Reina;;-33.4301914;-70.5516257;Florencio Barrios 2142, La Reina, Santiago, Chile
2025-11-29 17:53:36;La Reina;casa;Impecable Casa En Venta. En La Reina Alta. María Monvel;15600;CLF;4 dormitorios;3 baños;140 m² útiles;4 dormitorios | 3 baños | 140 m² útiles;María Monvel, La Reina, La Reina Alta, La Reina;;-33.4471216;-70.5288691;María Monvel, La Reina, Santiago, Chile
2025-11-29 17:53:36;La Reina;casa;Casa En Venta En La Reina Alta Con Piscina;25900;CLF;4 dormitorios;5 baños;380 m² útiles;4 dormitorios | 5 baños | 380 m² útiles;Julia Bernstein 814, La Reina Alta, La Reina;;-33.4569533;-70.5265525;Julia Bernstein 814, La Reina, Santiago, Chile
2025-11-29 17:53:36;La Reina;casa;Gran Oportunidad De Inversión En El Corazón De La Reina ;15000;CLF;8 dormitorios;4 baños;130 m² útiles;8 dormitorios | 4 baños | 130 m² útiles;Vicente Pérez Rosales 900 - 1200, La Reina, Palmas De Mallorca, La Reina;;-33.4448334;-70.5520672;Vicente Pérez Rosales 900 - 1200, La Reina, Santiago, Chile
2025-11-29 17:53:36;La Reina;casa;Casa En Venta En Jose Santos Gonzalez / Echeñique Con Pisci;15900;CLF;4 dormitorios;3 baños;221 m² útiles;4 dormitorios | 3 baños | 221 m² útiles;José Santos González Vera, La Reina, Chile, Carlos Ossandón, La Reina;;-33.4430289;-70.5506083;José Santos González Vera, La Reina, Santiago, Chile
2025-11-29 17:53:36;La Reina;casa;Simon Bolivar / Carlos Ossandon;16900;CLF;3 dormitorios;3 baños;188 m² útiles;3 dormitorios | 3 baños | 188 m² útiles;Av. Simón Bolívar 8021, 7860199 La Reina, Región Metropolitana, Chile, Carlos Ossandón, La Reina;;-33.4441552;-70.547919;Av. Simón Bolívar 8021, La Reina, Santiago, Chile
2025-11-29 17:53:36;La Reina;casa;Gran Oportundad De Inversion Casa En Condominio En La Reina;13900;CLF;4 dormitorios;4 baños;170 m² útiles;4 dormitorios | 4 baños | 170 m² útiles;Pasaje 23 De Febrero 8910, La Reina, Región Metropolitana, Chile, Carlos Ossandón, La Reina;;-33.436713;-70.5398403;Pasaje 23 De Febrero 8910, La Reina, Santiago, Chile
2025-11-29 17:53:36;La Reina;casa;Estupenda Casa.  Conectividad;19500;CLF;5 dormitorios;4 baños;300 m² útiles;5 dormitorios | 4 baños | 300 m² útiles;Carlos Silva Vildósola, Carlos Ossandón, La Reina;;-33.4382904;-70.5434367;Carlos Silva Vildósola, La Reina, Santiago, Chile
2025-11-29 17:53:36;La Reina;casa;Casa Familiar Tipo Colonial Con 7d Y 5b En Un Terreno 1025m2;21500;CLF;7 dormitorios;5 baños;400 m² útiles;7 dormitorios | 5 baños | 400 m² útiles;Avenida Príncipe De Gales 8771, La Reina, Región Metropolitana, Chile, Carlos Ossandón, La Reina;;-33.440965;-70.540106;Avenida Príncipe De Gales 8771, La Reina, Santiago, Chile
2025-11-29 17:53:36;La Reina;casa;Gran Casa En Venta En La Reina;14300;CLF;5 dormitorios;4 baños;227 m² útiles;5 dormitorios | 4 baños | 227 m² útiles;Av. Simón Bolívar, La Reina, Palmas De Mallorca, La Reina;;-33.4454396;-70.5565816;Av. Simón Bolívar, La Reina, Santiago, Chile
2025-11-29 17:53:36;La Reina;casa;Las Perdices - Condominio (87602);14500;CLF;6 dormitorios;4 baños;190 m² útiles;6 dormitorios | 4 baños | 190 m² útiles;Avenida Las Perdices 1 - 300, La Reina Alta, La Reina;;-33.4451334;-70.5311479;Avenida Las Perdices 1 - 300, La Reina, Santiago, Chile
2025-11-29 17:53:36;La Reina;casa;Hermosa Vista A Todo Santiago ;29000;CLF;6 dormitorios;5 baños;260 m² útiles;6 dormitorios | 5 baños | 260 m² útiles;Alvaro Casanova 1453, La Reina, La Reina Alta, La Reina;;-33.4428698;-70.5185923;Alvaro Casanova 1453, La Reina, Santiago, Chile
2025-11-29 17:53:36;La Reina;casa;Casa Condominio La Reina Alta;27770;CLF;4 dormitorios;3 baños;258 m² útiles;4 dormitorios | 3 baños | 258 m² útiles;Valenzuela Puelma 10029, La Reina, Chile, La Reina Alta, La Reina;;-33.4319144;-70.5248591;Valenzuela Puelma 10029, La Reina, Santiago, Chile
2025-11-29 17:53:36;La Reina;casa;Vende Casa Sector Plaza La Reina;28600;CLF;4 dormitorios;5 baños;850 m² totales;4 dormitorios | 5 baños | 850 m² totales;Plaza La Reina, La Reina Alta, La Reina;;-33.4401954;-70.5329164;Plaza La Reina, La Reina, Santiago, Chile
2025-11-29 17:53:36;La Reina;casa;Padre Hurtado / Carlos Silva Vildosola;19000;CLF;5 dormitorios;4 baños;178 m² útiles;5 dormitorios | 4 baños | 178 m² útiles;Padre Hurtado 1840, La Reina, Región Metropolitana, Chile, Carlos Ossandón, La Reina;;-33.4310468;-70.5391514;Padre Hurtado 1840, La Reina, Santiago, Chile
2025-11-29 17:53:36;La Reina;casa;Exclusiva-maravillosa Casa 500 M2 Construcción 2000 Terreno;31000;CLF;5 dormitorios;6 baños;500 m² útiles;5 dormitorios | 6 baños | 500 m² útiles;Julia Bernstein 1963, La Reina, La Reina Alta, La Reina;;-33.4380794;-70.5206823;Julia Bernstein 1963, La Reina, Santiago, Chile
2025-11-29 17:53:36;La Reina;casa;Casa En Venta De 3 Dorm. En La Reina;17990;CLF;3 dormitorios;5 baños;223 m² útiles;3 dormitorios | 5 baños | 223 m² útiles;Carlos Silva Vildosola, La Reina Alta, La Reina;;-33.4382904;-70.5434367;Carlos Silva Vildosola, La Reina, Santiago, Chile
2025-11-29 17:53:36;La Reina;casa;Casa En Venta En La Reina;36000;CLF;7 dormitorios;4 baños;440 m² útiles;7 dormitorios | 4 baños | 440 m² útiles;La Reina, Región Metropolitana, Carlos Ossandón, La Reina;;-33.4430242;-70.5337236;La Reina, La Reina, Santiago, Chile
2025-11-29 17:53:36;La Reina;casa;Julio Montebruno Con Francisco De Villagra;7400;CLF;3 dormitorios;2 baños;110 m² útiles;3 dormitorios | 2 baños | 110 m² útiles;Julio Montebruno 795, La Reina, Francisco De Villagra, La Reina;;-33.4587636;-70.5596465;Julio Montebruno 795, La Reina, Santiago, Chile
2025-11-29 17:53:36;La Reina;casa;Linda Casa Con Piscina Y Quincho (98466);13000;CLF;4 dormitorios;3 baños;180 m² útiles;4 dormitorios | 3 baños | 180 m² útiles;Calatayud 600 - 900, Palmas De Mallorca, La Reina;;-33.4489653;-70.5584879;Calatayud 600 - 900, La Reina, Santiago, Chile
2025-11-29 17:53:36;La Reina;casa;Agradable Y Luminosa Casa Próxima Avenida Ossa.;16200;CLF;5 dormitorios;3 baños;150 m² útiles;5 dormitorios | 3 baños | 150 m² útiles;Patricia Isidora 2301, La Reina, Chile, Troncos Viejos, La Reina;;-33.4319455;-70.5763504;Patricia Isidora 2301, La Reina, Santiago, Chile
2025-11-29 17:53:36;La Reina;casa;Cómoda Casa En Condominio, Accesos Controlados, Piscina.;15700;CLF;4 dormitorios;4 baños;140 m² útiles;4 dormitorios | 4 baños | 140 m² útiles;Valenzuela Puelma 9709, Las Condes, La Reina, La Reina;;-33.4319709;-70.5253108;Valenzuela Puelma 9709, La Reina, Santiago, Chile
2025-11-29 17:53:36;La Reina;casa;Se Vende Casa La Reina Alta, Condominio Cerrado, La Reina;17990;CLF;3 dormitorios;4 baños;223 m² útiles;3 dormitorios | 4 baños | 223 m² útiles;Carlos Silva Vildósola 10382, La Reina Alta, La Reina;;-33.4425212;-70.5246453;Carlos Silva Vildósola 10382, La Reina, Santiago, Chile
2025-11-29 17:53:36;La Reina;casa;Casa En Condominio 5d-5b La Reina, Quincho, Piscina, Segura;15600;CLF;5 dormitorios;5 baños;200 m² útiles;5 dormitorios | 5 baños | 200 m² útiles;Helsby 9900 - 10200, La Reina, La Reina Alta, La Reina;;-33.434341;-70.5261138;Helsby 9900 - 10200, La Reina, Santiago, Chile
2025-11-29 17:53:36;La Reina;casa;Comunidad Castillo Velasco, Las Perdices, La Reina Alta;15100;CLF;4 dormitorios;3 baños;168 m² útiles;4 dormitorios | 3 baños | 168 m² útiles;Av. Las Perdices 300 - 600, La Reina, La Reina;;-33.4451334;-70.5311479;Av. Las Perdices 300 - 600, La Reina, Santiago, Chile
2025-11-29 17:53:36;La Reina;casa;Exclusiva Propiedad Doble En Condominio Privado;22900;CLF;6 dormitorios;6 baños;311 m² útiles;6 dormitorios | 6 baños | 311 m² útiles;Alvaro Casanova 0291, La Reina, Región Metropolitana, Chile, La Reina Alta, La Reina;;-33.442754;-70.5193029;Alvaro Casanova 0291, La Reina, Santiago, Chile
2025-11-29 17:53:36;La Reina;casa;Reina Alta/ Julia Bernstein;20500;CLF;5 dormitorios;5 baños;270 m² útiles;5 dormitorios | 5 baños | 270 m² útiles;Julia Bernstein 300 - 600, La Reina, La Reina Alta, La Reina;;-33.4561434;-70.5262767;Julia Bernstein 300 - 600, La Reina, Santiago, Chile
2025-11-29 17:54:04;La Reina;casa;Venta Casa No 5d Walk-in Clóset En Suite 3b 1e Pepe Vila - ;8200;CLF;5 dormitorios;3 baños;125 m² útiles;5 dormitorios | 3 baños | 125 m² útiles;Los Corcolenes 7286, Pepe Vila, Pepe Vila, La Reina;;-33.4523119;-70.5523559;Los Corcolenes 7286, La Reina, Santiago, Chile
2025-11-29 17:54:04;La Reina;casa;Casa 3d/2b En La Reina, ¡oportunidad Única!;7590;CLF;3 dormitorios;2 baños;97 m² útiles;3 dormitorios | 2 baños | 97 m² útiles;Los Gavilanes, 6600 - 6900, Blest Gana, La Reina;;-33.4559657;-70.5601124;Los Gavilanes, La Reina, Santiago, Chile
2025-11-29 17:54:04;La Reina;casa;Casa En Venta En La Reina;17300;CLF;4 dormitorios;2 baños;140 m² útiles;4 dormitorios | 2 baños | 140 m² útiles;La Reina, Región Metropolitana, Blest Gana, La Reina;;-33.4430242;-70.5337236;La Reina, La Reina, Santiago, Chile
2025-11-29 17:54:04;La Reina;casa;La Reinalas Condes | Amplia | Familiar (129522);11500;CLF;5 dormitorios;5 baños;176 m² útiles;5 dormitorios | 5 baños | 176 m² útiles;Alcalde Manuel De La Lastra 2400 - 2700, La Reina, Chile, Carlos Ossandón, La Reina;;-33.4308192;-70.554589;Alcalde Manuel De La Lastra 2400 - 2700, La Reina, Santiago, Chile
2025-11-29 17:54:04;La Reina;casa;Condominio / Excelente Asa En Venta De 5 Dorm. En La Reina. ;17900;CLF;5 dormitorios;4 baños;155 m² útiles;5 dormitorios | 4 baños | 155 m² útiles;Condominio / La Reina, La Reina Alta, La Reina;;-33.4422357;-70.5679486;Condominio / La Reina, La Reina, Santiago, Chile
2025-11-29 17:54:04;La Reina;casa;Av. Alcalde Fdo Castillo Velasco - 4 Dormitorios + Servicios;22000;CLF;5 dormitorios;5 baños;214 m² útiles;5 dormitorios | 5 baños | 214 m² útiles;Alvaro Casanova 1 - 300, La Reina, Región Metropolitana, Chile, La Reina Alta, La Reina;;-33.442754;-70.5193029;Alvaro Casanova 1 - 300, La Reina, Santiago, Chile
2025-11-29 17:54:04;La Reina;casa;Casa En Venta En Las Perdices Con Jardín;15000;CLF;5 dormitorios;4 baños;166 m² útiles;5 dormitorios | 4 baños | 166 m² útiles;Av. Las Perdices 0253, 7880748 La Reina, Región Metropolitana, Chile, Villa La Reina, La Reina;;-33.4540664;-70.528513;Av. Las Perdices 0253, La Reina, Santiago, Chile
2025-11-29 17:54:04;La Reina;casa;Casa En Condominio, Seguro Y Tranquilo;16500;CLF;4 dormitorios;4 baños;140 m² útiles;4 dormitorios | 4 baños | 140 m² útiles;Helsby 9600 - 9900, La Reina, Chile, La Reina Alta, La Reina;;-33.4352645;-70.5399962;Helsby 9600 - 9900, La Reina, Santiago, Chile
2025-11-29 17:54:04;La Reina;casa;Casa En Venta En La Reina Alta Con Jardín;25000;CLF;6 dormitorios;4 baños;340 m² útiles;6 dormitorios | 4 baños | 340 m² útiles;Onofre Jarpa, La Reina, La Reina Alta, La Reina;;-33.4351374;-70.5225613;Onofre Jarpa, La Reina, Santiago, Chile
2025-11-29 17:54:04;La Reina;casa;Casa Amplia La Reina  (107273);10200;CLF;3 dormitorios;1 baño;200 m² útiles;3 dormitorios | 1 baño | 200 m² útiles;Loreley 1 - 300, Palmas De Mallorca, La Reina;;-33.4492508;-70.5601995;Loreley 1 - 300, La Reina, Santiago, Chile
2025-11-29 17:54:04;La Reina;casa;Moderna Y Segura Casa, Bajo El Precio Tasación, Gran Jardín!;17990;CLF;4 dormitorios;5 baños;221 m² útiles;4 dormitorios | 5 baños | 221 m² útiles;Carlos Silva Vildósola 10382, La Reina, La Reina Alta, La Reina;;-33.4425212;-70.5246453;Carlos Silva Vildósola 10382, La Reina, Santiago, Chile
2025-11-29 17:54:04;La Reina;casa;Espectacular Casa En Venta (110420);19800;CLF;4 dormitorios;6 baños;350 m² útiles;4 dormitorios | 6 baños | 350 m² útiles;Pasaje Las Perdices, La Reina, Chile, La Reina Alta, La Reina;;-33.4504094;-70.527271;Pasaje Las Perdices, La Reina, Santiago, Chile
2025-11-29 17:54:04;La Reina;casa;Casa En Excelente Ubicacion Con Maravilloso Jardín;21500;CLF;5 dormitorios;3 baños;320 m² útiles;5 dormitorios | 3 baños | 320 m² útiles;Carlos Ossandón 590, La Reina, Carlos Ossandón, La Reina;;-33.4465568;-70.5436864;Carlos Ossandón 590, La Reina, Santiago, Chile
2025-11-29 17:54:04;La Reina;casa;Casa En Venta En La Reina Alta;12600;CLF;3 dormitorios;4 baños;152 m² útiles;3 dormitorios | 4 baños | 152 m² útiles;Carlos Ossandón 991, La Reina, Carlos Ossandón, La Reina;;-33.4436357;-70.5433376;Carlos Ossandón 991, La Reina, Santiago, Chile
2025-11-29 17:54:04;La Reina;casa;Casa En Venta En La Reina;16943;CLF;7 dormitorios;7 baños;280 m² útiles;7 dormitorios | 7 baños | 280 m² útiles;Alcalde Rutilio Rivas 6900 - 7200, La Reina, Metro Príncipe De Gales - Country Club, La Reina;;-33.4343287;-70.5521614;Alcalde Rutilio Rivas 6900 - 7200, La Reina, Santiago, Chile
2025-11-29 17:54:04;La Reina;casa;Condominio Julieta, Casas Nuevas A Estrenar.;17500;CLF;3 dormitorios;3 baños;140 m² útiles;3 dormitorios | 3 baños | 140 m² útiles;Av. Príncipe De Gales 8140, La Reina, Carlos Ossandón, La Reina;;-33.4398735;-70.5472769;Av. Príncipe De Gales 8140, La Reina, Santiago, Chile
2025-11-29 17:54:04;La Reina;casa;Tranquilo Barrio // Casa En La Reina (112862);10360;CLF;4 dormitorios;3 baños;169 m² útiles;4 dormitorios | 3 baños | 169 m² útiles;Drina 300 - 600, Blest Gana, La Reina;;-33.4558234;-70.5622269;Drina 300 - 600, La Reina, Santiago, Chile
2025-11-29 17:54:04;La Reina;casa;Amplia Casa En Venta En Comuna De La Reina;29980;CLF;6 dormitorios;5 baños;796 m² útiles;6 dormitorios | 5 baños | 796 m² útiles;ALvaro Casanova 1000 - 3000, Comuna De La Reina, Región Metropolitana, La Reina Alta, La Reina;;-33.4528571;-70.5202665;ALvaro Casanova 1000 - 3000, La Reina, Santiago, Chile
2025-11-29 17:54:04;La Reina;casa;Exclusiva Casa En Condominio Privado - La Reina Alta;23490;CLF;5 dormitorios;4 baños;220 m² útiles;5 dormitorios | 4 baños | 220 m² útiles;Alvaro Casanova 1 - 300, Santiago, La Reina, La Reina Alta, La Reina;;-33.442754;-70.5193029;Alvaro Casanova 1 - 300, La Reina, Santiago, Chile
2025-11-29 17:54:04;La Reina;casa;Amplia Casa Con Cabaña Independiente, Gran Terreno Y Piscin;20500;CLF;4 dormitorios;4 baños;270 m² útiles;4 dormitorios | 4 baños | 270 m² útiles;Avenida Ossa, La Reina;;-33.4420014;-70.57242;Avenida Ossa, La Reina, Santiago, Chile
2025-11-29 17:54:04;La Reina;casa;Casa En Venta En La Reina;16940;CLF;6 dormitorios;6 baños;280 m² útiles;6 dormitorios | 6 baños | 280 m² útiles;Goethe 2100 - 2400, La Reina, Metro Príncipe De Gales - Country Club, La Reina;;-33.4345507;-70.5591804;Goethe 2100 - 2400, La Reina, Santiago, Chile
2025-11-29 17:54:04;La Reina;casa;Casa En Venta En Simon Bolivar;23000;CLF;6 dormitorios;4 baños;300 m² útiles;6 dormitorios | 4 baños | 300 m² útiles;Vicente Pérez Rosales 909, 7850411 La Reina, Región Metropolitana, Chile, Carlos Ossandón, La Reina;;-33.4447247;-70.5519181;Vicente Pérez Rosales 909, La Reina, Santiago, Chile
2025-11-29 17:54:04;La Reina;casa;Alvaro Casanova - 6 Dormitorios + Casa Adicional;22900;CLF;6 dormitorios;6 baños;311 m² útiles;6 dormitorios | 6 baños | 311 m² útiles;Alvaro Casanova 1 - 300, La Reina, La Reina Alta, La Reina;;-33.442754;-70.5193029;Alvaro Casanova 1 - 300, La Reina, Santiago, Chile
2025-11-29 17:54:04;La Reina;casa;Casa De Tres Pisos, 5 D-4 B Y Estacionamiento (73355);15900;CLF;5 dormitorios;4 baños;180 m² útiles;5 dormitorios | 4 baños | 180 m² útiles;Helsby, La Reina, Chile, La Reina Alta, La Reina;;-33.4352645;-70.5399962;Helsby, La Reina, Santiago, Chile
2025-11-29 17:54:04;La Reina;casa;Estupenda Casa Estilo Chileno.  Buena Conectividad;19500;CLF;5 dormitorios;4 baños;300 m² útiles;5 dormitorios | 4 baños | 300 m² útiles;Carlos Silva Vildósola, Carlos Ossandón, La Reina;;-33.4382904;-70.5434367;Carlos Silva Vildósola, La Reina, Santiago, Chile
2025-11-29 17:54:04;La Reina;casa;Venta Casa 4hab 4ba La Reina;14950;CLF;4 dormitorios;4 baños;294 m² útiles;4 dormitorios | 4 baños | 294 m² útiles;Avenida Príncipe De Gales, 8130, Carlos Ossandón, La Reina;;-33.4385234;-70.5638002;Avenida Príncipe De Gales, La Reina, Santiago, Chile
2025-11-29 17:54:04;La Reina;casa;Oportunidad De Venta Townhouse En  Ñuñoa;8790;CLF;3 dormitorios;3 baños;81 m² útiles;3 dormitorios | 3 baños | 81 m² útiles;Pucara, BREMEN, Metro Simón Bolivar, La Reina;;-33.4439079;-70.5723312;Pucara, La Reina, Santiago, Chile
2025-11-29 17:54:04;La Reina;casa;Helsby, La Reina (74054);24600;CLF;5 dormitorios;5 baños;240 m² útiles;5 dormitorios | 5 baños | 240 m² útiles;Helsby 9900 - 10200, La Reina, Chile, La Reina Alta, La Reina;;-33.434341;-70.5261138;Helsby 9900 - 10200, La Reina, Santiago, Chile
2025-11-29 17:54:04;La Reina;casa;Casa En Venta En Reina Victoria;8500;CLF;3 dormitorios;3 baños;82 m² útiles;3 dormitorios | 3 baños | 82 m² útiles;Reina Victoria 6552, 7850340 La Reina, Región Metropolitana, Chile, Metro Príncipe De Gales - Country Club, La Reina;;-33.4400365;-70.5646572;Reina Victoria 6552, La Reina, Santiago, Chile
2025-11-29 17:54:04;La Reina;casa;Casa Gran Terreno , Sector Residencial De La Reina.;14200;CLF;4 dormitorios;3 baños;163 m² útiles;4 dormitorios | 3 baños | 163 m² útiles;Pintor José Gil De Castro, La Reina, Carlos Ossandón, La Reina;;-33.4244643;-70.549686;Pintor José Gil De Castro, La Reina, Santiago, Chile
2025-11-29 17:54:04;La Reina;casa;Casa En Reina Alta, Pasaje Cerrado;19900;CLF;3 dormitorios;4 baños;222 m² útiles;3 dormitorios | 4 baños | 222 m² útiles;Onofre Jarpa / Alvaro Casanova, La Reina Alta, La Reina;;-33.4336718;-70.5191999;Onofre Jarpa / Alvaro Casanova, La Reina, Santiago, Chile
2025-11-29 17:54:04;La Reina;casa;Vendo Casa En Excelente Sector De La Reina.;16990;CLF;5 dormitorios;3 baños;275 m² útiles;5 dormitorios | 3 baños | 275 m² útiles;Carlos Silva Vildósola, La Reina, Carlos Ossandón, La Reina;;-33.4382904;-70.5434367;Carlos Silva Vildósola, La Reina, Santiago, Chile
2025-11-29 17:54:04;La Reina;casa;Increíble Casa En La Reina ;32500;CLF;3 dormitorios;4 baños;230 m² útiles;3 dormitorios | 4 baños | 230 m² útiles;Alvaro Casanova 1068, La Reina Alta, La Reina;;-33.4454911;-70.5198226;Alvaro Casanova 1068, La Reina, Santiago, Chile
2025-11-29 17:54:04;La Reina;casa;Echenique;830000000;CLP;8 dormitorios;3 baños;275 m² útiles;8 dormitorios | 3 baños | 275 m² útiles;ECHENIQUE, Palmas De Mallorca, La Reina;;-33.4456626;-70.5693118;ECHENIQUE, La Reina, Santiago, Chile
2025-11-29 17:54:04;La Reina;casa;Casa En Venta De 5 Dorm. En La Reina;17500;CLF;5 dormitorios;4 baños;258 m² útiles;5 dormitorios | 4 baños | 258 m² útiles;Metro Simon Bolivar, Metro Simón Bolivar, La Reina;;-33.4461845;-70.5719261;Simon Bolivar, La Reina, Santiago, Chile
2025-11-29 17:54:04;La Reina;casa;Las Perdices - Oportunidad (87602);14500;CLF;6 dormitorios;4 baños;190 m² útiles;6 dormitorios | 4 baños | 190 m² útiles;Avenida Las Perdices 1 - 300, La Reina Alta, La Reina;;-33.4451334;-70.5311479;Avenida Las Perdices 1 - 300, La Reina, Santiago, Chile
2025-11-29 17:54:04;La Reina;casa;Se Vende Casa En La Reina,principe De Gales (69435);14800;CLF;4 dormitorios;2 baños;137 m² útiles;4 dormitorios | 2 baños | 137 m² útiles;Avenida Príncipe De Gales 7800 - 8100, La Reina, Chile, Carlos Ossandón, La Reina;;-33.4385234;-70.5638002;Avenida Príncipe De Gales 7800 - 8100, La Reina, Santiago, Chile
2025-11-29 17:54:04;La Reina;casa;Excelente Y Gran Casa Comuna La Reina;13850;CLF;7 dormitorios;5 baños;216 m² útiles;7 dormitorios | 5 baños | 216 m² útiles;Av. Tobalaba SN, Blest Gana, La Reina;;-33.4508755;-70.5601243;Av. Tobalaba SN, La Reina, Santiago, Chile
2025-11-29 17:54:04;La Reina;casa;Casa 4 Dormitorios Con Piscina Ossandon (90692);16000;CLF;4 dormitorios;4 baños;144 m² útiles;4 dormitorios | 4 baños | 144 m² útiles;Carlos Ossandón 1800 - 2100, Carlos Ossandón, La Reina;;-33.4374632;-70.5420687;Carlos Ossandón 1800 - 2100, La Reina, Santiago, Chile
2025-11-29 17:54:04;La Reina;casa;Casa Remodelada Con Jardín- Piscina- En Condominio- La Reina;14200;CLF;6 dormitorios;5 baños;250 m² útiles;6 dormitorios | 5 baños | 250 m² útiles;Avenida Las Perdices 0123, Condominio, La Reina, Chile, La Reina Alta, La Reina;;-33.4451334;-70.5311479;Avenida Las Perdices 0123, La Reina, Santiago, Chile
2025-11-29 17:54:04;La Reina;casa;Oportunidad Venta Townhouse En Ñuñoa 3 Dorm;9290;CLF;3 dormitorios;3 baños;84 m² útiles;3 dormitorios | 3 baños | 84 m² útiles;PUCARA, BREMEN, Metro Simón Bolivar, La Reina;;-33.4439079;-70.5723312;PUCARA, La Reina, Santiago, Chile
2025-11-29 17:54:04;La Reina;casa;Gran Casa En La Reina A Pasos Del Metro (107529);35000;CLF;7 dormitorios;10 baños;599 m² útiles;7 dormitorios | 10 baños | 599 m² útiles;Los Maitenes 300 - 600, La Reina, Chile, Pepe Vila, La Reina;;-33.4572853;-70.554097;Los Maitenes 300 - 600, La Reina, Santiago, Chile
2025-11-29 17:54:04;La Reina;casa;Oportunidad De Inversion En La Reina (89351);102000;CLF;24 dormitorios;24 baños;9.000 m² útiles;24 dormitorios | 24 baños | 9.000 m² útiles;Alvaro Casanova 300 - 600, La Reina Alta, La Reina;;-33.442754;-70.5193029;Alvaro Casanova 300 - 600, La Reina, Santiago, Chile
2025-11-29 17:54:04;La Reina;casa;Gran Terreno Con Casa (130353);16500;CLF;3 dormitorios;3 baños;180 m² útiles;3 dormitorios | 3 baños | 180 m² útiles;Monseñor Edwards, La Reina, Chile, Metro Príncipe De Gales - Country Club, La Reina;;-33.4379573;-70.5612895;Monseñor Edwards, La Reina, Santiago, Chile
2025-11-29 17:54:51;La Reina;casa;Casa Con Todo El Espacio Que Necesitas (75771);19000;CLF;5 dormitorios;4 baños;320 m² útiles;5 dormitorios | 4 baños | 320 m² útiles;Av. Príncipe De Gales 8700 - 9000, La Reina, Chile, La Reina;;-33.4385234;-70.5638002;Av. Príncipe De Gales 8700 - 9000, La Reina, Santiago, Chile
2025-11-29 17:54:51;La Reina;casa;Onofre Jarpa- Alvaro Casanova (72268);13700;CLF;3 dormitorios;3 baños;140 m² útiles;3 dormitorios | 3 baños | 140 m² útiles;Pintor Cosme San Martín, La Reina, Chile, La Reina Alta, La Reina;;-33.434632;-70.5236089;Pintor Cosme San Martín, La Reina, Santiago, Chile
2025-11-29 17:54:51;La Reina;casa;Maravillosa Casa La Reina Alta (108118);12400;CLF;4 dormitorios;3 baños;165 m² útiles;4 dormitorios | 3 baños | 165 m² útiles;Onofre Jarpa, La Reina, Chile, La Reina Alta, La Reina;;-33.4351374;-70.5225613;Onofre Jarpa, La Reina, Santiago, Chile
2025-11-29 17:54:51;La Reina;casa;Luminosa/ Nva P Gales/ Maria Monvel;19950;CLF;5 dormitorios;5 baños;240 m² útiles;5 dormitorios | 5 baños | 240 m² útiles;Avenida Príncipe De Gales, 650, Carlos Ossandón, La Reina;;-33.4385234;-70.5638002;Avenida Príncipe De Gales, La Reina, Santiago, Chile
2025-11-29 17:54:51;La Reina;casa;Casa En Venta De 5 Dorm. En La Reina;14700;CLF;5 dormitorios;4 baños;240 m² útiles;5 dormitorios | 4 baños | 240 m² útiles;Colegio Andrée, The Grange Carlos Silva Vildósola, Carlos Ossandón, La Reina;;-33.4403711;-70.5513491;Colegio Andrée, La Reina, Santiago, Chile
2025-11-29 17:54:51;La Reina;casa;Casa En Condominio La Reina Alta (127071);29000;CLF;5 dormitorios;5 baños;320 m² útiles;5 dormitorios | 5 baños | 320 m² útiles;Alvaro Casanova 1 - 300, La Reina, Chile, La Reina Alta, La Reina;;-33.442754;-70.5193029;Alvaro Casanova 1 - 300, La Reina, Santiago, Chile
2025-11-29 17:54:51;La Reina;casa;Oportunidad Casa Remodelada En La Reina (122560);8900;CLF;4 dormitorios;2 baños;140 m² útiles;4 dormitorios | 2 baños | 140 m² útiles;Eugenio Browne 1 - 300, Pepe Vila, La Reina;;-33.457376;-70.5534551;Eugenio Browne 1 - 300, La Reina, Santiago, Chile
2025-11-29 17:54:51;La Reina;casa;Townhouse Vicente Perez Rosales - Colegio Andree;7750;CLF;3 dormitorios;2 baños;120 m² útiles;3 dormitorios | 2 baños | 120 m² útiles;Vicente Pérez Rosales 1840, La Reina, Carlos Ossandón, La Reina;;-33.4363759;-70.5509549;Vicente Pérez Rosales 1840, La Reina, Santiago, Chile
2025-11-29 17:54:51;La Reina;casa;Casa Amplia En La Reina Alta (129916);19500;CLF;5 dormitorios;4 baños;322 m² útiles;5 dormitorios | 4 baños | 322 m² útiles;Carlos Silva Vildósola 8700 - 9000, La Reina, Chile, Carlos Ossandón, La Reina;;-33.4382904;-70.5434367;Carlos Silva Vildósola 8700 - 9000, La Reina, Santiago, Chile
2025-11-29 17:54:51;La Reina;casa;Casas De Lujo En La Reina;34425;CLF;5 dormitorios;5 baños;371 m² útiles;5 dormitorios | 5 baños | 371 m² útiles;Julia Bernstein, 300 - 600, La Reina Alta, La Reina;;-33.4561434;-70.5262767;Julia Bernstein, La Reina, Santiago, Chile
2025-11-29 17:54:51;La Reina;casa;La Casa De Tus Sueños  (70982);37750;CLF;4 dormitorios;6 baños;434 m² útiles;4 dormitorios | 6 baños | 434 m² útiles;Carlos Ossandón 300 - 600, La Reina, Chile, Carlos Ossandón, La Reina;;-33.4374632;-70.5420687;Carlos Ossandón 300 - 600, La Reina, Santiago, Chile
2025-11-29 17:54:51;La Reina;casa;Se Vende Casa En La Reina Muy Buena Ubicación! Te Esperamos!;10764;CLF;3 dormitorios;2 baños;120 m² útiles;3 dormitorios | 2 baños | 120 m² útiles;Lynch Sur 339, Blest Gana, La Reina;;-33.458311;-70.5645929;Lynch Sur 339, La Reina, Santiago, Chile
2025-11-29 17:54:51;La Reina;casa;Venta Casa 10hab 6ba La Reina;530000000;CLP;10 dormitorios;6 baños;277 m² útiles;10 dormitorios | 6 baños | 277 m² útiles;Blest Gana, 6560, Blest Gana, La Reina;;-33.4551647;-70.5648064;Blest Gana, La Reina, Santiago, Chile
2025-11-29 17:54:51;La Reina;casa;Espectacular Townhouse Con Jardín Y Gran Terraza Panoramica;17390;CLF;4 dormitorios;3 baños;222 m² útiles;4 dormitorios | 3 baños | 222 m² útiles;Vicente Pérez Rosales 1724, La Reina, Carlos Ossandón, La Reina;;-33.4375016;-70.5513643;Vicente Pérez Rosales 1724, La Reina, Santiago, Chile
2025-11-29 17:54:51;La Reina;casa;Casona Y Terreno 1170m2 Salvador Izquierdo/principe De Gales;29000;CLF;5 dormitorios;4 baños;270 m² útiles;5 dormitorios | 4 baños | 270 m² útiles;Salvador Izquierdo 1767, La Reina, La Reina;;-33.439;-70.5560087;Salvador Izquierdo 1767, La Reina, Santiago, Chile
2025-11-29 17:54:51;La Reina;casa;Casa En Venta De 4 Dorm. En La Reina;7700;CLF;4 dormitorios;2 baños;104 m² útiles;4 dormitorios | 2 baños | 104 m² útiles;El Tambo, Pepe Vila, La Reina;;-33.4595421;-70.5524725;El Tambo, La Reina, Santiago, Chile
2025-11-29 17:54:51;La Reina;casa;Espectacular Casa En Alvaro Casanova (113780);29900;CLF;6 dormitorios;4 baños;769 m² útiles;6 dormitorios | 4 baños | 769 m² útiles;Alvaro Casanova 900 - 1200, La Reina;;-33.442754;-70.5193029;Alvaro Casanova 900 - 1200, La Reina, Santiago, Chile
2025-11-29 17:54:51;La Reina;casa;Casa En Venta En Palmas De Mallorca, La Reina;304000000;CLP;3 dormitorios;2 baños;74 m² útiles;3 dormitorios | 2 baños | 74 m² útiles;Avenida Simón Bolívar 7146, La Reina, Chile, Palmas De Mallorca, La Reina;;-33.4454182;-70.556917;Avenida Simón Bolívar 7146, La Reina, Santiago, Chile
2025-11-29 17:54:51;La Reina;casa;Valenzuela Llano (73988);60000;CLF;4 dormitorios;5 baños;700 m² útiles;4 dormitorios | 5 baños | 700 m² útiles;Avenida Echeñique,8955 La Reina, Chile, Carlos Ossandón, La Reina;;-33.4456626;-70.5693118;Avenida Echeñique, La Reina, Santiago, Chile
2025-11-29 17:54:51;La Reina;casa;Acogedora Con Piscina;15820;CLF;6 dormitorios;4 baños;232 m² útiles;6 dormitorios | 4 baños | 232 m² útiles;Lynch Sur 1 - 300, La Reina, Blest Gana, La Reina;;-33.458311;-70.5645929;Lynch Sur 1 - 300, La Reina, Santiago, Chile
2025-11-29 17:54:51;La Reina;casa;Andrée English School ;19999;CLF;4 dormitorios;4 baños;266 m² útiles;4 dormitorios | 4 baños | 266 m² útiles;Av. Príncipe De Gales, La Reina, Carlos Ossandón, La Reina;;-33.4385234;-70.5638002;Av. Príncipe De Gales, La Reina, Santiago, Chile
2025-11-29 17:54:51;La Reina;casa;Muy Buena Casa En Calle Principal De La Reina;185000000;CLP;2 dormitorios;2 baños;91 m² útiles;2 dormitorios | 2 baños | 91 m² útiles;Parinacota 423, La Reina, Villa La Reina, La Reina;;-33.4577833;-70.5324004;Parinacota 423, La Reina, Santiago, Chile
2025-11-29 17:54:51;La Reina;casa;Casa  Antejardín, 7 Estacionamientos Patio Metro Plaza Egaña;430000000;CLP;3 dormitorios;2 baños;140 m² útiles;3 dormitorios | 2 baños | 140 m² útiles;Obispo Del Solar 5772, 7870116 La Reina, Región Metropolitana, Chile, Metro Simón Bolivar, La Reina;;-33.4508038;-70.5700322;Obispo Del Solar 5772, La Reina, Santiago, Chile
2025-11-29 17:54:51;La Reina;casa;Casa Simón González;14470;CLF;5 dormitorios;3 baños;220 m² útiles;5 dormitorios | 3 baños | 220 m² útiles;Simón González 7427, Santiago, La Reina, Palmas De Mallorca, La Reina;;-33.4466463;-70.5533031;Simón González 7427, La Reina, Santiago, Chile
2025-11-29 17:54:51;La Reina;casa;Casa En Condominio, 3d Y 3b, La Reina, M. Príncipe De Gales;8500;CLF;3 dormitorios;3 baños;90 m² útiles;3 dormitorios | 3 baños | 90 m² útiles;Reina Victoria 6433, La Reina, Metro Príncipe De Gales - Country Club, La Reina;;-33.4400611;-70.5657187;Reina Victoria 6433, La Reina, Santiago, Chile
2025-11-29 17:54:51;La Reina;casa;Amplia Casa Con Ambientes Para Toda La Familia, La Reina;21800;CLF;7 dormitorios;4 baños;400 m² útiles;7 dormitorios | 4 baños | 400 m² útiles;Pintor Camilo Mori, La Reina, La Reina Alta, La Reina;;-33.4397199;-70.5344228;Pintor Camilo Mori, La Reina, Santiago, Chile
2025-11-29 17:54:51;La Reina;casa;Casa En Condominio A Pasos Colegio Andree English School;13900;CLF;5 dormitorios;4 baños;165 m² útiles;5 dormitorios | 4 baños | 165 m² útiles;La Reina, Carlos Ossandón;;-33.4430242;-70.5337236;La Reina, La Reina, Santiago, Chile
2025-11-29 17:54:51;La Reina;casa;Álvaro Casanova - 4 Dormitorios;23500;CLF;4 dormitorios;5 baños;220 m² útiles;4 dormitorios | 5 baños | 220 m² útiles;Alvaro Casanova 0518, 7850000 Santiago, La Reina, Región Metropolitana, Chile, La Reina Alta, La Reina;;-33.4484393;-70.5195462;Alvaro Casanova 0518, La Reina, Santiago, Chile
2025-11-29 17:54:51;La Reina;casa;Espectacular Y Amplia Casa En Mejor Sector De La Reina;15865;CLF;5 dormitorios;4 baños;221 m² útiles;5 dormitorios | 4 baños | 221 m² útiles;José Santos González Vera 1037, La Reina, Chile, Carlos Ossandón, La Reina;;-33.4432543;-70.5504143;José Santos González Vera 1037, La Reina, Santiago, Chile
2025-11-29 17:54:51;La Reina;casa;Casa En Venta En La Reina;8200;CLF;4 dormitorios;2 baños;130 m² útiles;4 dormitorios | 2 baños | 130 m² útiles;Bramante 650, La Reina, Chile, Francisco De Villagra, La Reina;;-33.457534;-70.5580475;Bramante 650, La Reina, Santiago, Chile
2025-11-29 17:54:51;La Reina;casa;Casa En Venta En La Reina Alta Con Jardín;21490;CLF;4 dormitorios;4 baños;320 m² útiles;4 dormitorios | 4 baños | 320 m² útiles;Alvaro Casanova, La Reina, La Reina Alta, La Reina;;-33.442754;-70.5193029;Alvaro Casanova, La Reina, Santiago, Chile
2025-11-29 17:54:51;La Reina;casa;Casa En Venta En Talinay Alto;20990;CLF;6 dormitorios;5 baños;391 m² útiles;6 dormitorios | 5 baños | 391 m² útiles;Talinay 10660, 7880137 La Reina, Región Metropolitana, Chile, La Reina Alta, La Reina;;-33.4592441;-70.5277872;Talinay 10660, La Reina, Santiago, Chile
2025-11-29 17:54:51;La Reina;casa;Venta - Casa Mediterránea En Condominio Privado | La Reina;22000;CLF;5 dormitorios;5 baños;214 m² útiles;5 dormitorios | 5 baños | 214 m² útiles;Alvaro Casanova 0509, La Reina, La Reina Alta, La Reina;;-33.442754;-70.5193029;Alvaro Casanova 0509, La Reina, Santiago, Chile
2025-11-29 17:54:51;La Reina;casa;Casa En Venta En La Reina;270000000;CLP;3 dormitorios;2 baños;120 m² útiles;3 dormitorios | 2 baños | 120 m² útiles;Av. Tobalaba 6871, La Reina, La Reina;;-33.4405044;-70.5710823;Av. Tobalaba 6871, La Reina, Santiago, Chile
2025-11-29 17:54:51;La Reina;casa;Casa En Venta En Simón Bolívar;14500;CLF;4 dormitorios;3 baños;315 m² útiles;4 dormitorios | 3 baños | 315 m² útiles;Av. Simón Bolívar 8206, 7860199 La Reina, Región Metropolitana, Chile, Carlos Ossandón, La Reina;;-33.4440493;-70.5463633;Av. Simón Bolívar 8206, La Reina, Santiago, Chile
2025-11-29 17:54:51;La Reina;casa; Casa Premium En La Reina Alta  Exclusividad;23990;CLF;5 dormitorios;5 baños;240 m² útiles;5 dormitorios | 5 baños | 240 m² útiles;Alvaro Casanova, La Reina, La Reina;;-33.442754;-70.5193029;Alvaro Casanova, La Reina, Santiago, Chile
2025-11-29 17:54:51;La Reina;casa;Casa Nueva En Condominio /valenzuela Puelma;14400;CLF;3 dormitorios;3 baños;140 m² útiles;3 dormitorios | 3 baños | 140 m² útiles;Valenzuela Puelma, La Reina, La Reina Alta, La Reina;;-33.432194;-70.5278306;Valenzuela Puelma, La Reina, Santiago, Chile
2025-11-29 17:54:51;La Reina;casa;Rebajada En María Monvel;13200;CLF;5 dormitorios;3 baños;181 m² útiles;5 dormitorios | 3 baños | 181 m² útiles;María Monvel, La Reina, La Reina Alta, La Reina;;-33.448866;-70.5295771;María Monvel, La Reina, Santiago, Chile
2025-11-29 17:54:51;La Reina;casa;Bungalow Sólido, Francisco De Villagra;8990;CLF;3 dormitorios;2 baños;129 m² útiles;3 dormitorios | 2 baños | 129 m² útiles;Francisco De Villagra 6370, 7.8702e+06 - 7.8705e+06 La Reina, Región Metropolitana, Chile, Francisco De Villagra, La Reina;;-33.4598829;-70.5620834;Francisco De Villagra 6370, La Reina, Santiago, Chile
2025-11-29 17:54:51;La Reina;casa;Exclusiva Propied De Dos Casas Independientes Mismo Terreno;21900;CLF;7 dormitorios;7 baños;310 m² útiles;7 dormitorios | 7 baños | 310 m² útiles;Alvaro Casanova 300 - 600, Santiago, La Reina, La Reina Alta, La Reina;;-33.442754;-70.5193029;Alvaro Casanova 300 - 600, La Reina, Santiago, Chile
2025-11-29 17:54:51;La Reina;casa;Casa De Un Piso Con Ampliación ;7400;CLF;5 dormitorios;2 baños;93 m² útiles;5 dormitorios | 2 baños | 93 m² útiles;Bramante, La Reina, Francisco De Villagra, La Reina;;-33.457534;-70.5580475;Bramante, La Reina, Santiago, Chile
2025-11-29 17:54:51;La Reina;casa;Excelente Oportunidad, 2 En Uno, Metro Castillo Velasco;7500;CLF;5 dormitorios;2 baños;334 m² útiles;5 dormitorios | 2 baños | 334 m² útiles;Julio Montebruno 665, La Reina, Francisco De Villagra, La Reina;;-33.4587636;-70.5596465;Julio Montebruno 665, La Reina, Santiago, Chile
2025-11-29 17:54:51;La Reina;casa;Acogedor Bungalow Aislado, Dragones De La Reina;8400;CLF;3 dormitorios;2 baños;128 m² útiles;3 dormitorios | 2 baños | 128 m² útiles;Dragones De La Reina 687, La Reina, Chile, Francisco De Villagra, La Reina;;-33.4611087;-70.5626439;Dragones De La Reina 687, La Reina, Santiago, Chile
2025-11-29 17:55:50;La Reina;casa;Casa En Venta En La Reina Con Piscina;11600;CLF;5 dormitorios;3 baños;165 m² útiles;5 dormitorios | 3 baños | 165 m² útiles;Av. Echeñique 6273, La Reina, Metro Simón Bolivar, La Reina;;-33.4456626;-70.5693118;Av. Echeñique 6273, La Reina, Santiago, Chile
2025-11-29 17:55:50;La Reina;casa;Amplia Casa, Pasos Arrieta Y Larraín, Mall Egaña;450000000;CLP;3 dormitorios;2 baños;110 m² útiles;3 dormitorios | 2 baños | 110 m² útiles;Lynch Sur 767, La Reina, Francisco De Villagra, La Reina;;-33.458311;-70.5645929;Lynch Sur 767, La Reina, Santiago, Chile
2025-11-29 17:55:50;La Reina;casa;Casa Venta La Reina Oportunidad-bajo Valor Tasación;30000;CLF;5 dormitorios;3 baños;651 m² útiles;5 dormitorios | 3 baños | 651 m² útiles;Álvaro Casanova  1148, La Reina Alta, La Reina;;-33.4451308;-70.5195818;Álvaro Casanova 1148, La Reina, Santiago, Chile
2025-11-29 17:55:50;La Reina;casa;Nuncio Laghi, Comuna De La Reina;8640;CLF;3 dormitorios;2 baños;90 m² útiles;3 dormitorios | 2 baños | 90 m² útiles;Nuncio Laghi, La Reina, La Reina;;-33.4565976;-70.5602745;Nuncio Laghi, La Reina, Santiago, Chile
2025-11-29 17:55:50;La Reina;casa;En Venta! Gran Casa En La Reina - Condominio;24500;CLF;5 dormitorios;4 baños;256 m² útiles;5 dormitorios | 4 baños | 256 m² útiles;Alvaro Casanova 325, La Reina, La Reina Alta, La Reina;;-33.442754;-70.5193029;Alvaro Casanova 325, La Reina, Santiago, Chile
2025-11-29 17:55:50;La Reina;casa;Vendo / Casa Condominio Seguridad 24/7;21500;CLF;4 dormitorios;5 baños;210 m² útiles;4 dormitorios | 5 baños | 210 m² útiles;Talinay, La Reina, Villa La Reina, La Reina;;-33.4589208;-70.5345958;Talinay, La Reina, Santiago, Chile
2025-11-29 17:55:50;La Reina;casa;Casa En Venta En La Reina;16800;CLF;5 dormitorios;3 baños;180 m² útiles;5 dormitorios | 3 baños | 180 m² útiles;José Zapiola 7210, 7850529 La Reina, Región Metropolitana, Chile, Palmas De Mallorca, La Reina;;-33.4493912;-70.5537248;José Zapiola 7210, La Reina, Santiago, Chile
2025-11-29 17:55:50;La Reina;casa;Casa En Venta En Condominio Julieta Con Terraza;18600;CLF;3 dormitorios;3 baños;140 m² útiles;3 dormitorios | 3 baños | 140 m² útiles;Av. Príncipe De Gales 8100 - 8400, La Reina, Carlos Ossandón, La Reina;;-33.4385234;-70.5638002;Av. Príncipe De Gales 8100 - 8400, La Reina, Santiago, Chile
2025-11-29 17:55:50;La Reina;casa;Casa En Venta En La Reina Cercana Parque Intercomunal;14290;CLF;4 dormitorios;3 baños;140 m² útiles;4 dormitorios | 3 baños | 140 m² útiles;Valenzuela Puelma 8100 - 8400, La Reina, Carlos Ossandón, La Reina;;-33.432194;-70.5278306;Valenzuela Puelma 8100 - 8400, La Reina, Santiago, Chile
2025-11-29 17:55:50;La Reina;casa;¡se Vende Casa En Pasaje Cerrado En La Reina 3d 2b;6500;CLF;3 dormitorios;2 baños;91 m² útiles;3 dormitorios | 2 baños | 91 m² útiles;Amado Nervo, 1 - 300, Metro Simón Bolivar, La Reina;;-33.4509196;-70.5617865;Amado Nervo, La Reina, Santiago, Chile
2025-11-29 17:55:50;La Reina;casa;Echeñique/ Simon Bolivar;14500;CLF;4 dormitorios;4 baños;220 m² útiles;4 dormitorios | 4 baños | 220 m² útiles;Av. Echeñique 7840, 7860152 La Reina, Región Metropolitana, Chile, Carlos Ossandón, La Reina;;-33.4418056;-70.5505592;Av. Echeñique 7840, La Reina, Santiago, Chile
2025-11-29 17:55:50;La Reina;casa;Haz De Esta Casa En La Reina Tu Nuevo Hogar;5951;CLF;3 dormitorios;2 baños;86 m² útiles;3 dormitorios | 2 baños | 86 m² útiles;Avenida Tobalaba 8711, La Reina, Chile, Francisco De Villagra, La Reina;;-33.4405044;-70.5710823;Avenida Tobalaba 8711, La Reina, Santiago, Chile
2025-11-29 17:55:50;La Reina;casa;Estupenda Casa. Amplia Y Luminosa. Condominio.;14490;CLF;4 dormitorios;4 baños;140 m² útiles;4 dormitorios | 4 baños | 140 m² útiles;Av. Las Perdices 0771, Las Perdices, La Reina, La Reina Alta, La Reina;;-33.4411119;-70.5340666;Av. Las Perdices 0771, La Reina, Santiago, Chile
2025-11-29 17:55:50;La Reina;casa;Y Oficina, 3 Dorm.1 Baño En La Reina, Plaza Egaña;6500;CLF;3 dormitorios;1 baño;70 m² útiles;3 dormitorios | 1 baño | 70 m² útiles;Mall Plaza Egaña, Blest Gana, La Reina;;-33.4519071;-70.56871;Mall Plaza Egaña, La Reina, Santiago, Chile
2025-11-29 17:55:50;La Reina;casa;Casa En Sector Residencial, 4 Dormitorios, 2 Baños, La Reina;7590;CLF;4 dormitorios;2 baños;97 m² útiles;4 dormitorios | 2 baños | 97 m² útiles;Martín Rivas 6685, 7.8702e+06 - 7.8705e+06 La Reina, Región Metropolitana, Chile, Blest Gana, La Reina;;-33.4552116;-70.5593165;Martín Rivas 6685, La Reina, Santiago, Chile
2025-11-29 17:55:50;La Reina;casa;Increíble Casa Familiar En Condominio Cerrado  La Reina.;9700;CLF;3 dormitorios;2 baños;142 m² útiles;3 dormitorios | 2 baños | 142 m² útiles;Valenzuela Puelma, La Reina, La Reina Alta, La Reina;;-33.432194;-70.5278306;Valenzuela Puelma, La Reina, Santiago, Chile
2025-11-29 17:55:50;La Reina;casa;Casa Gran Patio 4d/2b + 2 Servicios /metro Fdo Castillo V.;9900;CLF;4 dormitorios;2 baños;132 m² útiles;4 dormitorios | 2 baños | 132 m² útiles;Alcalá De Henares 7200 - 7500, La Reina, Palmas De Mallorca, La Reina;;-33.4484097;-70.5583464;Alcalá De Henares 7200 - 7500, La Reina, Santiago, Chile
2025-11-29 17:55:50;La Reina;casa;Excelente Casa En La Reina;18500;CLF;4 dormitorios;3 baños;260 m² útiles;4 dormitorios | 3 baños | 260 m² útiles;Alcalá De Henares 7336, 7850471 La Reina, Región Metropolitana, Chile, Palmas De Mallorca, La Reina;;-33.4474266;-70.5545338;Alcalá De Henares 7336, La Reina, Santiago, Chile
2025-11-29 17:55:50;La Reina;casa;Impecable Casa 4d En La Reina Alta;14500;CLF;4 dormitorios;3 baños;166 m² útiles;4 dormitorios | 3 baños | 166 m² útiles;Valenzuela Puelma 8261, La Reina, Chile, Carlos Ossandón, La Reina;;-33.432194;-70.5278306;Valenzuela Puelma 8261, La Reina, Santiago, Chile
2025-11-29 17:55:50;La Reina;casa;Oportunidad Para Remodelar! Casa Venta La Reina 6d;8800;CLF;6 dormitorios;3 baños;144 m² útiles;6 dormitorios | 3 baños | 144 m² útiles;Mateo De Toro Y Zambrano, Palmas De Mallorca, La Reina;;-33.4396597;-70.555822;Mateo De Toro Y Zambrano, La Reina, Santiago, Chile
2025-11-29 17:55:50;La Reina;casa;Casa En Venta En La Reina Con Piscina Y Terraza;9020;CLF;3 dormitorios;2 baños;100 m² útiles;3 dormitorios | 2 baños | 100 m² útiles;Bilbao/Tobalaba, Troncos Viejos, La Reina;;-33.4316337;-70.5850183;Bilbao/Tobalaba, La Reina, Santiago, Chile
2025-11-29 17:55:50;La Reina;casa;Inmejorable Casa Estilo Chilena En La Reina Alta, Seg. 24/7;22500;CLF;5 dormitorios;4 baños;206 m² útiles;5 dormitorios | 4 baños | 206 m² útiles;Julia Bernstein 720, La Reina, La Reina Alta, La Reina;;-33.4475698;-70.5232589;Julia Bernstein 720, La Reina, Santiago, Chile
2025-11-29 17:55:50;La Reina;casa;Vendo Casa Bramante/ Rafael De Sanzio, Gran Terreno, Esquina;7800;CLF;6 dormitorios;4 baños;150 m² útiles;6 dormitorios | 4 baños | 150 m² útiles;La Reina, Región Metropolitana, Francisco De Villagra, La Reina;;-33.4430242;-70.5337236;La Reina, La Reina, Santiago, Chile
2025-11-29 17:55:50;La Reina;casa;Colegio Andrée, Recibos, 4 Dor, 2 Baños, Patio, Piscina, 2e.;11000;CLF;4 dormitorios;2 baños;120 m² útiles;4 dormitorios | 2 baños | 120 m² útiles;Vicente Pérez Rosales 1344, La Reina, Carlos Ossandón, La Reina;;-33.4408373;-70.5528101;Vicente Pérez Rosales 1344, La Reina, Santiago, Chile
2025-11-29 17:55:50;La Reina;casa;Chalet Remodelado Vicente Perez Rosales - Avda Larrain;290000000;CLP;3 dormitorios;2 baños;111 m² útiles;3 dormitorios | 2 baños | 111 m² útiles;Segovia 7565, La Reina, Palmas De Mallorca, La Reina;;-33.4485665;-70.5514926;Segovia 7565, La Reina, Santiago, Chile
2025-11-29 17:55:50;La Reina;casa;Venta Casa Condominio 5d, Ppe De Gales, La Reina;25000;CLF;5 dormitorios;4 baños;299 m² útiles;5 dormitorios | 4 baños | 299 m² útiles;Avenida Principe De Gales, Carlos Ossandón, La Reina;;-33.4385234;-70.5638002;Avenida Principe De Gales, La Reina, Santiago, Chile
2025-11-29 17:55:50;La Reina;casa;Vive En La Reina Alta, Academia De Guerra;14900;CLF;4 dormitorios;5 baños;187 m² útiles;4 dormitorios | 5 baños | 187 m² útiles;Av. Príncipe De Gales 9169, 7.8603e+06 - 7.8606e+06 La Reina, Región Metropolitana, Chile, Carlos Ossandón, La Reina;;-33.4417839;-70.5351634;Av. Príncipe De Gales 9169, La Reina, Santiago, Chile
2025-11-29 17:55:50;La Reina;casa;Casa En Venta De 4 Dorm. En La Reina;13700;CLF;4 dormitorios;3 baños;140 m² útiles;4 dormitorios | 3 baños | 140 m² útiles;Carlos Ossandon, Carlos Ossandón, La Reina;;-33.445448;-70.5443057;Carlos Ossandon, La Reina, Santiago, Chile
2025-11-29 17:55:50;La Reina;casa;Inmejorable Casa Remodelada En La Reina // Colegio Andrée;21500;CLF;6 dormitorios;5 baños;270 m² útiles;6 dormitorios | 5 baños | 270 m² útiles;Pintor Ramos Catalán 945, La Reina, Carlos Ossandón, La Reina;;-33.4436023;-70.5475655;Pintor Ramos Catalán 945, La Reina, Santiago, Chile
2025-11-29 17:55:50;La Reina;casa;Excelente Casa En Venta En La Cañada;8000;CLF;3 dormitorios;1 baño;123 m² útiles;3 dormitorios | 1 baño | 123 m² útiles;La Cañada, 6272, Palmas De Mallorca, La Reina;;-33.4416927;-70.5638287;La Cañada, La Reina, Santiago, Chile
2025-11-29 17:55:50;La Reina;casa;Casa En Venta De 5 Dorm.5 Baños En La Reina;19990;CLF;5 dormitorios;5 baños;210 m² útiles;5 dormitorios | 5 baños | 210 m² útiles;Escultora Rebeca Matte, La Reina, La Reina Alta, La Reina;;-33.4405598;-70.5297541;Escultora Rebeca Matte, La Reina, Santiago, Chile
2025-11-29 17:55:50;La Reina;casa;¡ Oportunidad Final !  Casa 2d-2b;5750;CLF;2 dormitorios;2 baños;73 m² útiles;2 dormitorios | 2 baños | 73 m² útiles;Martin Rivas, 6600 - 6900A, Blest Gana, La Reina;;-33.4552116;-70.5593165;Martin Rivas, La Reina, Santiago, Chile
2025-11-29 17:55:50;La Reina;casa;Hermosa Casa En La Reina;15600;CLF;4 dormitorios;4 baños;161 m² útiles;4 dormitorios | 4 baños | 161 m² útiles;Carlos Silva Vildósola 9393, La Reina, La Reina Alta, La Reina;;-33.4408766;-70.5329656;Carlos Silva Vildósola 9393, La Reina, Santiago, Chile
2025-11-29 17:55:50;La Reina;casa;Casa Para Remodelar - 3d Y 1b En 75m2 Sobre Terreno De 215m2;7200;CLF;3 dormitorios;1 baño;70 m² útiles;3 dormitorios | 1 baño | 70 m² útiles;Av. Simón Bolívar 7363, La Reina, Palmas De Mallorca, La Reina;;-33.4454396;-70.5565816;Av. Simón Bolívar 7363, La Reina, Santiago, Chile
2025-11-29 17:55:50;La Reina;casa;Echeñique/monseñor Edwards;14000;CLF;4 dormitorios;3 baños;198 m² útiles;4 dormitorios | 3 baños | 198 m² útiles;Pintor Ramos Catalán 916, La Reina, Carlos Ossandón, La Reina;;-33.4439101;-70.547754;Pintor Ramos Catalán 916, La Reina, Santiago, Chile
2025-11-29 17:55:50;La Reina;casa;Alvaro Casanova;15500;CLF;5 dormitorios;4 baños;220 m² útiles;5 dormitorios | 4 baños | 220 m² útiles;Alvaro Casanova 0707, Santiago, La Reina, La Reina Alta, La Reina;;-33.442754;-70.5193029;Alvaro Casanova 0707, La Reina, Santiago, Chile
2025-11-29 17:55:50;La Reina;casa;Espectacular Casa Mediterránea Vista Panorámica, La Reina ;24300;CLF;6 dormitorios;6 baños;315 m² útiles;6 dormitorios | 6 baños | 315 m² útiles;PARQUE MAHUIDA, La Reina Alta, La Reina;;-33.4572407;-70.5185126;PARQUE MAHUIDA, La Reina, Santiago, Chile
2025-11-29 17:55:50;La Reina;casa;Colegio Etievan  (116488);20600;CLF;7 dormitorios;3 baños;350 m² útiles;7 dormitorios | 3 baños | 350 m² útiles;Pintor Camilo Mori 1 - 300, La Reina Alta, La Reina;;-33.4397199;-70.5344228;Pintor Camilo Mori 1 - 300, La Reina, Santiago, Chile
2025-11-29 17:55:50;La Reina;casa;Onofre Jarpa (72268);13700;CLF;3 dormitorios;3 baños;140 m² útiles;3 dormitorios | 3 baños | 140 m² útiles;Pintor Cosme San Martín, La Reina, Chile, La Reina Alta, La Reina;;-33.434632;-70.5236089;Pintor Cosme San Martín, La Reina, Santiago, Chile
2025-11-29 17:55:50;La Reina;casa;La Reina Alta - Real Oportunidad;14800;CLF;5 dormitorios;4 baños;160 m² útiles;5 dormitorios | 4 baños | 160 m² útiles;Pintor Cosme San Martín 2491, La Reina, La Reina Alta, La Reina;;-33.4338075;-70.5234023;Pintor Cosme San Martín 2491, La Reina, Santiago, Chile
2025-11-29 17:55:50;La Reina;casa;Rebajada - Centro De La Reina -para Remodelar (71889);230000000;CLP;3 dormitorios;1 baño;50 m² útiles;3 dormitorios | 1 baño | 50 m² útiles;Av. Simón Bolívar 7200 - 7500, La Reina, Chile, Palmas De Mallorca, La Reina;;-33.4454396;-70.5565816;Av. Simón Bolívar 7200 - 7500, La Reina, Santiago, Chile
2025-11-29 17:56:44;La Reina;casa;Vendo Casa En La Reina;12500;CLF;4 dormitorios;3 baños;220 m² útiles;4 dormitorios | 3 baños | 220 m² útiles;La Reina, Carlos Ossandón;;-33.4430242;-70.5337236;La Reina, La Reina, Santiago, Chile
2025-11-29 17:56:44;La Reina;casa;Mall Plaza Egaña / Metro Fdo. Castillo Velasco / Lynch Norte;14725;CLF;4 dormitorios;2 baños;172 m² útiles;4 dormitorios | 2 baños | 172 m² útiles;Lynch Norte 1 - 300, La Reina, Chile, Metro Simón Bolivar, La Reina;;-33.449238;-70.5658987;Lynch Norte 1 - 300, La Reina, Santiago, Chile
2025-11-29 17:56:44;La Reina;casa;La Reina Alta - 3 Dormitorios + Servicios;17990;CLF;4 dormitorios;5 baños;260 m² útiles;4 dormitorios | 5 baños | 260 m² útiles;Carlos Silva Vildósola 8979, 7.86e+06 - 7.8603e+06 Santiago, La Reina, Región Metropolitana, Chile, Carlos Ossandón, La Reina;;-33.4393224;-70.5375966;Carlos Silva Vildósola 8979, La Reina, Santiago, Chile
2025-11-29 17:56:44;La Reina;casa;Excelente Casa Simon González/carlos Ossandón;13000;CLF;4 dormitorios;2 baños;195 m² útiles;4 dormitorios | 2 baños | 195 m² útiles;Simón González 8400, La Reina, Carlos Ossandón, La Reina;;-33.4460436;-70.5445036;Simón González 8400, La Reina, Santiago, Chile
2025-11-29 17:56:44;La Reina;casa;Casa, Amplio Terreno, Espacios, Piscina, Work, Metro;17900;CLF;4 dormitorios;4 baños;300 m² útiles;4 dormitorios | 4 baños | 300 m² útiles;Av. Echeñique 6689, La Reina, Palmas De Mallorca, La Reina;;-33.4444949;-70.562322;Av. Echeñique 6689, La Reina, Santiago, Chile
2025-11-29 17:56:44;La Reina;casa;Hermosa Casa En Exclusivo Condominio ;13850;CLF;4 dormitorios;2 baños;140 m² útiles;4 dormitorios | 2 baños | 140 m² útiles;Pintor José Gil De Castro 1930, La Reina, Chile, Carlos Ossandón, La Reina;;-33.4244587;-70.5496347;Pintor José Gil De Castro 1930, La Reina, Santiago, Chile
2025-11-29 17:56:44;La Reina;casa;Casa Amplia La Reina  (117182);10200;CLF;3 dormitorios;1 baño;200 m² útiles;3 dormitorios | 1 baño | 200 m² útiles;Loreley 1 - 300, Palmas De Mallorca, La Reina;;-33.446313;-70.5636689;Loreley 1 - 300, La Reina, Santiago, Chile
2025-11-29 17:56:44;La Reina;casa;Venta Casa La Reina Alta (76946);15600;CLF;5 dormitorios;5 baños;200 m² útiles;5 dormitorios | 5 baños | 200 m² útiles;Helsby, La Reina, Chile, La Reina Alta, La Reina;;-33.4352137;-70.5403608;Helsby, La Reina, Santiago, Chile
2025-11-29 17:56:44;La Reina;casa;Casa En El Corazón De La Reina 4d 2 B (87042);10500;CLF;4 dormitorios;2 baños;132 m² útiles;4 dormitorios | 2 baños | 132 m² útiles;Calatayud 300 - 600, Palmas De Mallorca, La Reina;;-33.4489653;-70.5584879;Calatayud 300 - 600, La Reina, Santiago, Chile
2025-11-29 17:56:44;La Reina;casa;Acogedora!!! Con Piscina!!!  Frente A Parque!!;14290;CLF;4 dormitorios;3 baños;140 m² útiles;4 dormitorios | 3 baños | 140 m² útiles;Valenzuela Puelma 8250, 7860047 La Reina, Región Metropolitana, Chile, Carlos Ossandón, La Reina;;-33.4349658;-70.5506356;Valenzuela Puelma 8250, La Reina, Santiago, Chile
2025-11-29 17:56:44;La Reina;casa;Casa En Venta En La Reina;7490;CLF;3 dormitorios;2 baños;121 m² útiles;3 dormitorios | 2 baños | 121 m² útiles;Blest Gana 6825, La Reina, Blest Gana, La Reina;;-33.4551647;-70.5648064;Blest Gana 6825, La Reina, Santiago, Chile
2025-11-29 17:56:44;La Reina;casa;Casa Con Amplios Espacios, Muy Buena Ubicación;7500;CLF;3 dormitorios;2 baños;139 m² útiles;3 dormitorios | 2 baños | 139 m² útiles;Bramante 715, La Reina, Francisco De Villagra, La Reina;;-33.457534;-70.5580475;Bramante 715, La Reina, Santiago, Chile
2025-11-29 17:56:44;La Reina;casa;*** Local Comercial ***;19000;CLF;3 dormitorios;2 baños;250 m² útiles;3 dormitorios | 2 baños | 250 m² útiles;Av. Príncipe De Gales 6300 - 6600, La Reina, Metro Príncipe De Gales - Country Club, La Reina;;-33.4385234;-70.5638002;Av. Príncipe De Gales 6300 - 6600, La Reina, Santiago, Chile
2025-11-29 17:56:44;La Reina;casa;Casa Perfecta Para Vivir O Crear Un Proyecto.;13000;CLF;3 dormitorios;2 baños;320 m² útiles;3 dormitorios | 2 baños | 320 m² útiles;Av. Alcalde Fernando Castillo Velasco 7104, 7.8504e+06 - 7.8507e+06 La Reina, Región Metropolitana, Chile, Palmas De Mallorca, La Reina;;-33.4515209;-70.5544358;Av. Alcalde Fernando Castillo Velasco 7104, La Reina, Santiago, Chile
2025-11-29 17:56:44;La Reina;casa;Venta - Casa Moderna En Exclusivo Condominio | La Reina Alta;17990;CLF;4 dormitorios;5 baños;260 m² útiles;4 dormitorios | 5 baños | 260 m² útiles;Carlos Silva Vildósola 448, 7860228 La Reina, Región Metropolitana, Chile, La Reina Alta, La Reina;;-33.4399939;-70.53478;Carlos Silva Vildósola 448, La Reina, Santiago, Chile
2025-11-29 17:56:44;La Reina;casa;Casa En Barrio Tradicional De La Reina;6690;CLF;4 dormitorios;1 baño;81 m² útiles;4 dormitorios | 1 baño | 81 m² útiles;Dragones De La Reina 773, La Reina, Francisco De Villagra, La Reina;;-33.4611087;-70.5626439;Dragones De La Reina 773, La Reina, Santiago, Chile
2025-11-29 17:56:44;La Reina;casa;Preciosa Casa Moderna En Condominio ;16500;CLF;6 dormitorios;5 baños;170 m² útiles;6 dormitorios | 5 baños | 170 m² útiles;Domingo Calderon 8993, La Reina, La Reina Alta, La Reina;;-33.4366947;-70.5343326;Domingo Calderon 8993, La Reina, Santiago, Chile
2025-11-29 17:56:44;La Reina;casa;Casa Perimetral Condominio/ La Cañada / Novación Hipotecaria;8100;CLF;3 dormitorios;2 baños;123 m² útiles;3 dormitorios | 2 baños | 123 m² útiles;La Cañada, La Reina, Metro Príncipe De Gales - Country Club, La Reina;;-33.4416927;-70.5638287;La Cañada, La Reina, Santiago, Chile
2025-11-29 17:56:44;La Reina;casa;Hermosa Casa Familiar;18500;CLF;5 dormitorios;5 baños;210 m² útiles;5 dormitorios | 5 baños | 210 m² útiles;Av. Echeñique 8700 - 9000, La Reina, Carlos Ossandón, La Reina;;-33.4456626;-70.5693118;Av. Echeñique 8700 - 9000, La Reina, Santiago, Chile
2025-11-29 17:56:44;La Reina;casa;Casa 3d 2b Y Subterráneo Cerca Hospital Militar;169000000;CLP;3 dormitorios;2 baños;137 m² útiles;3 dormitorios | 2 baños | 137 m² útiles;Fray Andrés 562, La Reina, Villa La Reina, La Reina;;-33.4578084;-70.5318567;Fray Andrés 562, La Reina, Santiago, Chile
2025-11-29 17:56:44;La Reina;casa;Casa De 3 Dormitorios En Condominio La Reina ;12200;CLF;3 dormitorios;2 baños;140 m² útiles;3 dormitorios | 2 baños | 140 m² útiles;Valenzuela Puelma 8700 - 9000, Carlos Ossandón, La Reina;;-33.432194;-70.5278306;Valenzuela Puelma 8700 - 9000, La Reina, Santiago, Chile
2025-11-29 17:56:44;La Reina;casa;Oportunidad Oferta , 2 Amplias Casas Independientes;12800;CLF;10 dormitorios;5 baños;273 m² útiles;10 dormitorios | 5 baños | 273 m² útiles;Loreley La Reina, Palmas De Mallorca, La Reina;;-33.446313;-70.5636689;Loreley La Reina, La Reina, Santiago, Chile
2025-11-29 17:56:44;La Reina;casa;Casa En Condominio De Muy Buena Ubicación Alto La Reina;15000;CLF;4 dormitorios;5 baños;200 m² útiles;4 dormitorios | 5 baños | 200 m² útiles;Carlos Silva Vildósola, La Reina, Chile, La Reina Alta, La Reina;;-33.4399939;-70.53478;Carlos Silva Vildósola, La Reina, Santiago, Chile
2025-11-29 17:56:44;La Reina;casa;Hermosa Casa Estilo Castillo Velasco En Condominio, La Reina;14000;CLF;4 dormitorios;3 baños;153 m² útiles;4 dormitorios | 3 baños | 153 m² útiles;Carlos Silva Vildósola 8978, La Reina, Carlos Ossandón, La Reina;;-33.439179;-70.5373642;Carlos Silva Vildósola 8978, La Reina, Santiago, Chile
2025-11-29 17:56:44;La Reina;casa;Linda Casa En Condominio, 5d,4b,piscina Climatizada ;14900;CLF;5 dormitorios;3 baños;157 m² útiles;5 dormitorios | 3 baños | 157 m² útiles;Valenzuela Puelma 7600, La Reina, Carlos Ossandón, La Reina;;-33.432194;-70.5278306;Valenzuela Puelma 7600, La Reina, Santiago, Chile
2025-11-29 17:56:44;La Reina;casa;Amplia Casa En Venta En La Comuna De La Reina;12790;CLF;5 dormitorios;4 baños;202 m² útiles;5 dormitorios | 4 baños | 202 m² útiles;Simón Bolivar 7000 - 8000, Comuna De La Reina, Región Metropolitana, Carlos Ossandón, La Reina;;-33.4461845;-70.5719261;Simón Bolivar 7000 - 8000, La Reina, Santiago, Chile
2025-11-29 17:56:44;La Reina;casa;Amplia!!! Mucho Potencial!!!;11490;CLF;4 dormitorios;4 baños;176 m² útiles;4 dormitorios | 4 baños | 176 m² útiles;Alcalde Manuel De La Lastra 2400 - 2700, La Reina, Chile, Metro Príncipe De Gales - Country Club, La Reina;;-33.4308192;-70.554589;Alcalde Manuel De La Lastra 2400 - 2700, La Reina, Santiago, Chile
2025-11-29 17:56:44;La Reina;casa;Oportunidad. Bungalow Patio Y Comodidad;6900;CLF;3 dormitorios;2 baños;78 m² útiles;3 dormitorios | 2 baños | 78 m² útiles;Palmas De Mallorca, La Reina, Palmas De Mallorca, La Reina;;-33.4493935;-70.5558827;Palmas De Mallorca, La Reina, Santiago, Chile
2025-11-29 17:56:44;La Reina;casa;Se Vende Casa Para Remodelar La Reina (95267);8700;CLF;3 dormitorios;2 baños;146 m² útiles;3 dormitorios | 2 baños | 146 m² útiles;Schiller 1800 - 2100, Metro Príncipe De Gales - Country Club, La Reina;;-33.4345448;-70.5597611;Schiller 1800 - 2100, La Reina, Santiago, Chile
2025-11-29 17:56:44;La Reina;casa;Oportunidad Venta Townhouse En Ñuñoa 3 Dorm;7990;CLF;3 dormitorios;3 baños;77 m² útiles;3 dormitorios | 3 baños | 77 m² útiles;Pucara, Bremen, Metro Simón Bolivar, La Reina;;-33.4439079;-70.5723312;Pucara, La Reina, Santiago, Chile
2025-11-29 17:56:44;La Reina;casa;Gran Casa Condominio Cerrado!!, Av Carlos Ossandon, La Reina;14200;CLF;4 dormitorios;3 baños;156 m² útiles;4 dormitorios | 3 baños | 156 m² útiles;Helsby 8411, 7860059 La Reina, Región Metropolitana, Chile, Carlos Ossandón, La Reina;;-33.4349747;-70.5425473;Helsby 8411, La Reina, Santiago, Chile
2025-11-29 17:56:44;La Reina;casa;Casa En Venta De 4 Dorm. En La Reina;6900;CLF;4 dormitorios;2 baños;85 m² útiles;4 dormitorios | 2 baños | 85 m² útiles;Metro Plaza Egaña, Blest Gana, La Reina;;-33.4532969;-70.5707475;Plaza Egaña, La Reina, Santiago, Chile
2025-11-29 17:56:44;La Reina;casa;Increíble Terreno Con Un Patio Inmenso!!! Casa Para Remodela;10500;CLF;3 dormitorios;2 baños;132 m² útiles;3 dormitorios | 2 baños | 132 m² útiles;Calatayud 300 - 600, La Reina, Palmas De Mallorca, La Reina;;-33.4489653;-70.5584879;Calatayud 300 - 600, La Reina, Santiago, Chile
2025-11-29 17:56:44;La Reina;casa;La Reina | Casa Pintor Camilo Mori;20600;CLF;7 dormitorios;4 baños;380 m² útiles;7 dormitorios | 4 baños | 380 m² útiles;Pintor Camilo Mori, 1 - 300, La Reina Alta, La Reina;;-33.4397199;-70.5344228;Pintor Camilo Mori, La Reina, Santiago, Chile
2025-11-29 17:56:44;La Reina;casa;Casa En Condominio La Reina Gran Terreno Com 1,5;12200;CLF;4 dormitorios;3 baños;140 m² útiles;4 dormitorios | 3 baños | 140 m² útiles;Valenzuela Puelma, 8700, Carlos Ossandón, La Reina;;-33.432194;-70.5278306;Valenzuela Puelma, La Reina, Santiago, Chile
2025-11-29 17:56:44;La Reina;casa;Se Vende Casa En Sector Residencial De La Reina;14200;CLF;4 dormitorios;3 baños;163 m² útiles;4 dormitorios | 3 baños | 163 m² útiles;Pintor José Gil De Castro 2085, Carlos Ossandón, La Reina;;-33.4244587;-70.5496347;Pintor José Gil De Castro 2085, La Reina, Santiago, Chile
2025-11-29 17:56:44;La Reina;casa;Casa En Venta Comuna De La Reina;16950;CLF;3 dormitorios;4 baños;400 m² útiles;3 dormitorios | 4 baños | 400 m² útiles;Julia Bernstein 1500 - 1800, La Reina Alta, La Reina, RM (Metropolitana), La Reina Alta, La Reina;;-33.4407357;-70.5210324;Julia Bernstein 1500 - 1800, La Reina, Santiago, Chile
2025-11-29 17:56:44;La Reina;casa;Rebajado Oportunidad Casa Sector Palmas De Mallorca 5d+3b;9990;CLF;5 dormitorios;3 baños;132 m² útiles;5 dormitorios | 3 baños | 132 m² útiles;Simón González 6900 - 7200, La Reina, Chile, Palmas De Mallorca, La Reina;;-33.4457428;-70.5391168;Simón González 6900 - 7200, La Reina, Santiago, Chile
2025-11-29 17:56:44;La Reina;casa;Casa Dos Dormitorios Más Casa De Interior De 1 Dormitorio;125000000;CLP;3 dormitorios;2 baños;140 m² útiles;3 dormitorios | 2 baños | 140 m² útiles;Chapiquiña 614-A, Villa La Reina, La Reina;;-33.4574568;-70.5329433;Chapiquiña 614-A, La Reina, Santiago, Chile
2025-11-29 17:56:44;La Reina;casa;Acogedora Casa, Recién Remodelada, Cercana Al Parque Inter.;8150;CLF;3 dormitorios;2 baños;79 m² útiles;3 dormitorios | 2 baños | 79 m² útiles;Samoa 7577, La Reina, Carlos Ossandón, La Reina;;-33.4321947;-70.5527397;Samoa 7577, La Reina, Santiago, Chile
