{
"type": "FeatureCollection",
"name": "tiendas_filtradas",
"crs": { "type": "name", "properties": { "name": "urn:ogc:def:crs:OGC:1.3:CRS84" } },
"features": [
{ "type": "Feature", "properties": { "addr_city": "Santiago", "addr_country": null, "addr_housenumber": "2789", "addr_postcode": null, "addr_street": "Compañía de Jesus", "addr_suburb": null, "addr_unit": null, "amenity": null, "amperage": null, "brand": null, "building": null, "description": null, "level_": null, "name": "Peluquería Francesa", "name_en": null, "name_es": null, "opening_hours": null, "operator": null, "phone": null, "shop": "hairdresser", "source_transform": "Reconocimiento cortográfico de campo 2016 por KG", "source_date": null, "website": null, "wheelchair": null, "objectid": 6539088, "osm_id2": "1237996961" }, "geometry": { "type": "Point", "coordinates": [ -70.674105499729606, -33.440873099676601 ] } },
{ "type": "Feature", "properties": { "addr_city": "Estación Central", "addr_country": null, "addr_housenumber": "3470", "addr_postcode": null, "addr_street": "Avenida Libertador Bernardo O'Higgins", "addr_suburb": null, "addr_unit": null, "amenity": null, "amperage": null, "brand": "Tottus", "building": null, "description": null, "level_": null, "name": "Tottus", "name_en": null, "name_es": null, "opening_hours": null, "operator": "Tottus", "phone": null, "shop": "supermarket", "source_transform": "Reconocimiento cartográfico de campo 2016 por KG.", "source_date": null, "website": "https://www.tottus.cl/", "wheelchair": null, "objectid": 6544379, "osm_id2": "4350362391" }, "geometry": { "type": "Point", "coordinates": [ -70.6826325, -33.4526539 ] } },
{ "type": "Feature", "properties": { "addr_city": "Estación Central", "addr_country": null, "addr_housenumber": null, "addr_postcode": null, "addr_street": "Avenida Víctor Jara", "addr_suburb": null, "addr_unit": null, "amenity": null, "amperage": null, "brand": null, "building": null, "description": null, "level_": null, "name": "Fotocopias Pacifico", "name_en": null, "name_es": null, "opening_hours": null, "operator": null, "phone": null, "shop": "copyshop", "source_transform": null, "source_date": null, "website": null, "wheelchair": null, "objectid": 6546816, "osm_id2": "4454155530" }, "geometry": { "type": "Point", "coordinates": [ -70.6851966, -33.4510089 ] } },
{ "type": "Feature", "properties": { "addr_city": "Estación Central", "addr_country": "CL", "addr_housenumber": "3750", "addr_postcode": null, "addr_street": "Avenida Libertador Bernardo O'Higgins", "addr_suburb": null, "addr_unit": null, "amenity": null, "amperage": null, "brand": null, "building": null, "description": null, "level_": null, "name": "La Galleta", "name_en": null, "name_es": null, "opening_hours": null, "operator": "Inversiones Solari Y Cia. Limitada", "phone": null, "shop": "convenience", "source_transform": null, "source_date": null, "website": null, "wheelchair": null, "objectid": 6546966, "osm_id2": "5821292191" }, "geometry": { "type": "Point", "coordinates": [ -70.686719500117107, -33.453499999785798 ] } },
{ "type": "Feature", "properties": { "addr_city": "Santiago", "addr_country": null, "addr_housenumber": null, "addr_postcode": null, "addr_street": "Santo Domingo", "addr_suburb": null, "addr_unit": null, "amenity": null, "amperage": null, "brand": null, "building": null, "description": null, "level_": null, "name": "Abarrotes", "name_en": null, "name_es": null, "opening_hours": null, "operator": null, "phone": null, "shop": "convenience", "source_transform": null, "source_date": null, "website": null, "wheelchair": null, "objectid": 6535816, "osm_id2": "5218804585" }, "geometry": { "type": "Point", "coordinates": [ -70.6737189, -33.4381116 ] } },
{ "type": "Feature", "properties": { "addr_city": "Estación Central", "addr_country": null, "addr_housenumber": null, "addr_postcode": null, "addr_street": "Avenida 5 de Abril", "addr_suburb": null, "addr_unit": null, "amenity": null, "amperage": null, "brand": null, "building": null, "description": null, "level_": null, "name": "Vulcanización", "name_en": null, "name_es": null, "opening_hours": null, "operator": null, "phone": null, "shop": "car_repair", "source_transform": null, "source_date": null, "website": null, "wheelchair": null, "objectid": 6572924, "osm_id2": "2548213554" }, "geometry": { "type": "Point", "coordinates": [ -70.718147499608193, -33.470392799941799 ] } },
{ "type": "Feature", "properties": { "addr_city": "Santiago", "addr_country": null, "addr_housenumber": "2473", "addr_postcode": null, "addr_street": "Avenida Alcalde Carlos Valdovinos", "addr_suburb": null, "addr_unit": null, "amenity": null, "amperage": null, "brand": null, "building": null, "description": null, "level_": null, "name": "Cloro San Joaquin", "name_en": null, "name_es": null, "opening_hours": null, "operator": "Cloro San Joaquin", "phone": "223131430", "shop": "cleaning_supplies", "source_transform": null, "source_date": null, "website": null, "wheelchair": null, "objectid": 6573984, "osm_id2": "4559369720" }, "geometry": { "type": "Point", "coordinates": [ -70.6686517, -33.4785361 ] } },
{ "type": "Feature", "properties": { "addr_city": "Santiago", "addr_country": null, "addr_housenumber": null, "addr_postcode": null, "addr_street": "Avenida Alcalde Carlos Valdovinos", "addr_suburb": null, "addr_unit": null, "amenity": null, "amperage": null, "brand": null, "building": null, "description": null, "level_": null, "name": null, "name_en": null, "name_es": null, "opening_hours": null, "operator": null, "phone": null, "shop": "alcohol", "source_transform": "Reconocimiento cartográfico 2016 por KG.", "source_date": null, "website": null, "wheelchair": null, "objectid": 6574661, "osm_id2": "4457904302" }, "geometry": { "type": "Point", "coordinates": [ -70.669211999982906, -33.478537199798097 ] } },
{ "type": "Feature", "properties": { "addr_city": "Santiago", "addr_country": null, "addr_housenumber": null, "addr_postcode": null, "addr_street": "Avenida Alcalde Carlos Valdovinos", "addr_suburb": null, "addr_unit": null, "amenity": null, "amperage": null, "brand": null, "building": null, "description": null, "level_": null, "name": "Bambino Liquors", "name_en": null, "name_es": null, "opening_hours": null, "operator": null, "phone": null, "shop": "alcohol", "source_transform": null, "source_date": null, "website": null, "wheelchair": null, "objectid": 6574708, "osm_id2": "4459626025" }, "geometry": { "type": "Point", "coordinates": [ -70.6697198, -33.4788186 ] } },
{ "type": "Feature", "properties": { "addr_city": "Santiago", "addr_country": null, "addr_housenumber": null, "addr_postcode": null, "addr_street": "Avenida Alcalde Carlos Valdovinos", "addr_suburb": null, "addr_unit": null, "amenity": null, "amperage": null, "brand": null, "building": null, "description": null, "level_": null, "name": "Costa Verde", "name_en": null, "name_es": null, "opening_hours": null, "operator": null, "phone": null, "shop": "bakery", "source_transform": null, "source_date": null, "website": null, "wheelchair": null, "objectid": 6574723, "osm_id2": "4459610510" }, "geometry": { "type": "Point", "coordinates": [ -70.6706479, -33.4787453 ] } },
{ "type": "Feature", "properties": { "addr_city": "Santiago", "addr_country": null, "addr_housenumber": null, "addr_postcode": null, "addr_street": "Belén", "addr_suburb": null, "addr_unit": null, "amenity": null, "amperage": null, "brand": null, "building": null, "description": null, "level_": null, "name": "Asmandería Belen", "name_en": null, "name_es": null, "opening_hours": null, "operator": null, "phone": null, "shop": "yes", "source_transform": "Reconocimiento cartográfico 2016 por KG.", "source_date": null, "website": null, "wheelchair": null, "objectid": 6574737, "osm_id2": "4459606702" }, "geometry": { "type": "Point", "coordinates": [ -70.673148099554396, -33.478659199413201 ] } },
{ "type": "Feature", "properties": { "addr_city": "Santiago", "addr_country": null, "addr_housenumber": "37", "addr_postcode": null, "addr_street": "Libertad", "addr_suburb": null, "addr_unit": null, "amenity": null, "amperage": null, "brand": null, "building": null, "description": null, "level_": null, "name": "Pulku", "name_en": null, "name_es": null, "opening_hours": null, "operator": null, "phone": null, "shop": "wine", "source_transform": null, "source_date": null, "website": "https://www.chilenazosantiago.cl/pulku/", "wheelchair": null, "objectid": 6543350, "osm_id2": "5200183798" }, "geometry": { "type": "Point", "coordinates": [ -70.673259000169395, -33.447105299355201 ] } },
{ "type": "Feature", "properties": { "addr_city": "Estación Central", "addr_country": null, "addr_housenumber": null, "addr_postcode": null, "addr_street": "Obispo Javier Vásquez", "addr_suburb": null, "addr_unit": null, "amenity": null, "amperage": null, "brand": null, "building": null, "description": null, "level_": null, "name": "Botilleria El Guatón Tavo", "name_en": null, "name_es": null, "opening_hours": null, "operator": null, "phone": null, "shop": "alcohol", "source_transform": "Reconocimiento cortográfico de campo 2016 por KG", "source_date": null, "website": null, "wheelchair": null, "objectid": 6549138, "osm_id2": "4469012576" }, "geometry": { "type": "Point", "coordinates": [ -70.6877766, -33.4547625 ] } },
{ "type": "Feature", "properties": { "addr_city": "Santiago", "addr_country": null, "addr_housenumber": null, "addr_postcode": null, "addr_street": "Moneda", "addr_suburb": null, "addr_unit": null, "amenity": null, "amperage": null, "brand": null, "building": null, "description": null, "level_": null, "name": "La Rosita", "name_en": null, "name_es": null, "opening_hours": null, "operator": null, "phone": null, "shop": "alcohol", "source_transform": null, "source_date": null, "website": null, "wheelchair": null, "objectid": 6539526, "osm_id2": "5219697124" }, "geometry": { "type": "Point", "coordinates": [ -70.6719641, -33.4442834 ] } },
{ "type": "Feature", "properties": { "addr_city": "Santiago", "addr_country": null, "addr_housenumber": "210", "addr_postcode": null, "addr_street": "Maipú", "addr_suburb": null, "addr_unit": null, "amenity": null, "amperage": null, "brand": null, "building": null, "description": null, "level_": null, "name": null, "name_en": null, "name_es": null, "opening_hours": null, "operator": null, "phone": null, "shop": "bicycle", "source_transform": null, "source_date": null, "website": null, "wheelchair": null, "objectid": 6539762, "osm_id2": "3957023458" }, "geometry": { "type": "Point", "coordinates": [ -70.676501900378796, -33.442929699838899 ] } },
{ "type": "Feature", "properties": { "addr_city": "Santiago", "addr_country": null, "addr_housenumber": null, "addr_postcode": null, "addr_street": "Esperanza", "addr_suburb": null, "addr_unit": null, "amenity": null, "amperage": null, "brand": null, "building": null, "description": null, "level_": null, "name": null, "name_en": null, "name_es": null, "opening_hours": null, "operator": null, "phone": null, "shop": "alcohol", "source_transform": null, "source_date": null, "website": null, "wheelchair": null, "objectid": 7602237, "osm_id2": "8676774991" }, "geometry": { "type": "Point", "coordinates": [ -70.676043, -33.437362 ] } },
{ "type": "Feature", "properties": { "addr_city": "Santiago", "addr_country": null, "addr_housenumber": "684 E", "addr_postcode": null, "addr_street": "Esperanza", "addr_suburb": null, "addr_unit": null, "amenity": null, "amperage": null, "brand": null, "building": null, "description": null, "level_": null, "name": "Surtimix", "name_en": null, "name_es": null, "opening_hours": null, "operator": null, "phone": null, "shop": "chemist", "source_transform": null, "source_date": null, "website": null, "wheelchair": null, "objectid": 7602241, "osm_id2": "8676774993" }, "geometry": { "type": "Point", "coordinates": [ -70.6762514, -33.4373745 ] } },
{ "type": "Feature", "properties": { "addr_city": "Santiago", "addr_country": null, "addr_housenumber": "335", "addr_postcode": "8350485", "addr_street": "Adriana Cousiño", "addr_suburb": null, "addr_unit": null, "amenity": null, "amperage": null, "brand": null, "building": null, "description": null, "level_": null, "name": "Espacio El Puente", "name_en": null, "name_es": null, "opening_hours": "We-Su 15:00-19:00", "operator": null, "phone": "+56973876310", "shop": "gift", "source_transform": null, "source_date": null, "website": "https://www.espacioelpuente.cl/", "wheelchair": null, "objectid": 9413170, "osm_id2": "9941215634" }, "geometry": { "type": "Point", "coordinates": [ -70.6770523, -33.4419507 ] } },
{ "type": "Feature", "properties": { "addr_city": "Estación Central", "addr_country": null, "addr_housenumber": null, "addr_postcode": null, "addr_street": "Avenida Libertador Bernardo O'Higgins", "addr_suburb": null, "addr_unit": null, "amenity": null, "amperage": null, "brand": null, "building": null, "description": null, "level_": null, "name": "Tren Central", "name_en": null, "name_es": null, "opening_hours": null, "operator": "EFE", "phone": null, "shop": "ticket", "source_transform": null, "source_date": null, "website": null, "wheelchair": "yes", "objectid": 10129361, "osm_id2": "10757995345" }, "geometry": { "type": "Point", "coordinates": [ -70.6792411, -33.4517563 ] } },
{ "type": "Feature", "properties": { "addr_city": "Santiago", "addr_country": null, "addr_housenumber": "2744", "addr_postcode": null, "addr_street": "Huérfanos", "addr_suburb": null, "addr_unit": null, "amenity": null, "amperage": null, "brand": null, "building": null, "description": null, "level_": null, "name": "Selvaggio", "name_en": null, "name_es": null, "opening_hours": "Mo-Su 09:00-23:00", "operator": null, "phone": null, "shop": "bakery", "source_transform": null, "source_date": null, "website": null, "wheelchair": null, "objectid": 10357986, "osm_id2": "10958657185" }, "geometry": { "type": "Point", "coordinates": [ -70.6736006, -33.4421703 ] } },
{ "type": "Feature", "properties": { "addr_city": "Santiago", "addr_country": null, "addr_housenumber": "330", "addr_postcode": null, "addr_street": "Maipú", "addr_suburb": null, "addr_unit": null, "amenity": null, "amperage": null, "brand": null, "building": null, "description": null, "level_": null, "name": "Odisea", "name_en": null, "name_es": null, "opening_hours": null, "operator": null, "phone": null, "shop": "books", "source_transform": null, "source_date": null, "website": null, "wheelchair": null, "objectid": 10297062, "osm_id2": "10915430773" }, "geometry": { "type": "Point", "coordinates": [ -70.6767419, -33.4419689 ] } },
{ "type": "Feature", "properties": { "addr_city": "Estación Central", "addr_country": null, "addr_housenumber": "1615", "addr_postcode": null, "addr_street": "Padre Vicente Irarrázaval", "addr_suburb": null, "addr_unit": null, "amenity": null, "amperage": null, "brand": null, "building": null, "description": null, "level_": null, "name": "Kiosko", "name_en": null, "name_es": null, "opening_hours": null, "operator": null, "phone": null, "shop": "convenience", "source_transform": null, "source_date": null, "website": null, "wheelchair": null, "objectid": 6570180, "osm_id2": "3893892258" }, "geometry": { "type": "Point", "coordinates": [ -70.6930057999826, -33.468589599938198 ] } },
{ "type": "Feature", "properties": { "addr_city": "Estación Central", "addr_country": null, "addr_housenumber": null, "addr_postcode": null, "addr_street": "Avenida Las Parcelas", "addr_suburb": null, "addr_unit": null, "amenity": null, "amperage": null, "brand": null, "building": null, "description": null, "level_": null, "name": "ChileNeuma.CL", "name_en": null, "name_es": null, "opening_hours": null, "operator": null, "phone": "2 24075135", "shop": "tyres", "source_transform": "Reconocimiento cortográfico de campo 2016 por KG", "source_date": null, "website": "https://www.chileneuma.cl/", "wheelchair": null, "objectid": 6570632, "osm_id2": "4473091173" }, "geometry": { "type": "Point", "coordinates": [ -70.713256100122607, -33.464125499929402 ] } },
{ "type": "Feature", "properties": { "addr_city": "Estación Central", "addr_country": null, "addr_housenumber": null, "addr_postcode": null, "addr_street": "Avenida Libertador Bernardo O'Higgins", "addr_suburb": null, "addr_unit": null, "amenity": null, "amperage": null, "brand": null, "building": null, "description": null, "level_": null, "name": "Botilleria Barbara", "name_en": null, "name_es": null, "opening_hours": null, "operator": null, "phone": null, "shop": "alcohol", "source_transform": null, "source_date": null, "website": null, "wheelchair": null, "objectid": 6547000, "osm_id2": "5456701724" }, "geometry": { "type": "Point", "coordinates": [ -70.688239, -33.4530041 ] } },
{ "type": "Feature", "properties": { "addr_city": "Estación Central", "addr_country": null, "addr_housenumber": "44", "addr_postcode": null, "addr_street": "Nicasio Retamales", "addr_suburb": null, "addr_unit": null, "amenity": null, "amperage": null, "brand": null, "building": null, "description": null, "level_": null, "name": "Boletería CATA Internacional", "name_en": null, "name_es": null, "opening_hours": null, "operator": null, "phone": null, "shop": "ticket", "source_transform": null, "source_date": null, "website": "https://www.catainternacional.com/pasaje-agencias", "wheelchair": null, "objectid": 6547030, "osm_id2": "5435639188" }, "geometry": { "type": "Point", "coordinates": [ -70.688896100084193, -33.453915799613398 ] } },
{ "type": "Feature", "properties": { "addr_city": "Estación Central", "addr_country": null, "addr_housenumber": null, "addr_postcode": null, "addr_street": "Pajaritos", "addr_suburb": null, "addr_unit": null, "amenity": null, "amperage": null, "brand": null, "building": null, "description": null, "level_": null, "name": null, "name_en": null, "name_es": null, "opening_hours": null, "operator": null, "phone": null, "shop": "chemist", "source_transform": null, "source_date": null, "website": null, "wheelchair": null, "objectid": 6580417, "osm_id2": "2548222328" }, "geometry": { "type": "Point", "coordinates": [ -70.730791400419903, -33.467217899868601 ] } },
{ "type": "Feature", "properties": { "addr_city": "Santiago", "addr_country": null, "addr_housenumber": "2807", "addr_postcode": null, "addr_street": "Huérfanos", "addr_suburb": null, "addr_unit": null, "amenity": null, "amperage": null, "brand": null, "building": null, "description": null, "level_": null, "name": "Taller Ojo de Pez", "name_en": null, "name_es": null, "opening_hours": null, "operator": null, "phone": null, "shop": "craft", "source_transform": null, "source_date": null, "website": null, "wheelchair": null, "objectid": 10760270, "osm_id2": "11179738326" }, "geometry": { "type": "Point", "coordinates": [ -70.674248, -33.4421056 ] } },
{ "type": "Feature", "properties": { "addr_city": "La Reina", "addr_country": null, "addr_housenumber": null, "addr_postcode": null, "addr_street": "Alcalde Alejandro Chadwick", "addr_suburb": null, "addr_unit": null, "amenity": null, "amperage": null, "brand": null, "building": null, "description": null, "level_": null, "name": "Botillería Don Justo", "name_en": null, "name_es": null, "opening_hours": null, "operator": null, "phone": null, "shop": "alcohol", "source_transform": null, "source_date": null, "website": null, "wheelchair": null, "objectid": 6373885, "osm_id2": "4478020755" }, "geometry": { "type": "Point", "coordinates": [ -70.557403100110093, -33.434609499671303 ] } },
{ "type": "Feature", "properties": { "addr_city": "La Reina", "addr_country": null, "addr_housenumber": "5933", "addr_postcode": null, "addr_street": "Avenida Francisco Bilbao", "addr_suburb": null, "addr_unit": null, "amenity": null, "amperage": null, "brand": null, "building": null, "description": null, "level_": null, "name": "Pasteleria Doña Cata", "name_en": null, "name_es": null, "opening_hours": null, "operator": null, "phone": null, "shop": "bakery", "source_transform": null, "source_date": null, "website": null, "wheelchair": null, "objectid": 6373962, "osm_id2": "1128404096" }, "geometry": { "type": "Point", "coordinates": [ -70.5717703, -33.4313475 ] } },
{ "type": "Feature", "properties": { "addr_city": "La Reina", "addr_country": null, "addr_housenumber": null, "addr_postcode": null, "addr_street": "Alcalde Alejandro Chadwick", "addr_suburb": null, "addr_unit": null, "amenity": null, "amperage": null, "brand": null, "building": null, "description": null, "level_": null, "name": "Salón de Belleza", "name_en": null, "name_es": null, "opening_hours": null, "operator": null, "phone": null, "shop": "hairdresser", "source_transform": null, "source_date": null, "website": null, "wheelchair": null, "objectid": 6374006, "osm_id2": "4478020760" }, "geometry": { "type": "Point", "coordinates": [ -70.557414099980804, -33.434794799876798 ] } },
{ "type": "Feature", "properties": { "addr_city": "La Reina", "addr_country": null, "addr_housenumber": null, "addr_postcode": null, "addr_street": "Salvador Izquierdo", "addr_suburb": null, "addr_unit": null, "amenity": null, "amperage": null, "brand": null, "building": null, "description": null, "level_": null, "name": null, "name_en": null, "name_es": null, "opening_hours": null, "operator": null, "phone": null, "shop": "convenience", "source_transform": null, "source_date": null, "website": null, "wheelchair": null, "objectid": 6374016, "osm_id2": "4342912606" }, "geometry": { "type": "Point", "coordinates": [ -70.555706900292293, -33.436287999382102 ] } },
{ "type": "Feature", "properties": { "addr_city": "La Reina", "addr_country": "CL", "addr_housenumber": "6880", "addr_postcode": null, "addr_street": "Avenida Príncipe de Gales", "addr_suburb": null, "addr_unit": null, "amenity": null, "amperage": null, "brand": null, "building": null, "description": null, "level_": null, "name": "Pronto Copec", "name_en": null, "name_es": null, "opening_hours": "24/7", "operator": null, "phone": null, "shop": "convenience", "source_transform": null, "source_date": null, "website": null, "wheelchair": null, "objectid": 6374186, "osm_id2": "1986340649" }, "geometry": { "type": "Point", "coordinates": [ -70.5610197, -33.4382979 ] } },
{ "type": "Feature", "properties": { "addr_city": "La Reina", "addr_country": null, "addr_housenumber": "1301", "addr_postcode": null, "addr_street": "Avenida Carlos Ossandón", "addr_suburb": null, "addr_unit": null, "amenity": null, "amperage": null, "brand": "Santa Isabel", "building": null, "description": null, "level_": null, "name": "Santa Isabel", "name_en": null, "name_es": null, "opening_hours": null, "operator": null, "phone": null, "shop": "supermarket", "source_transform": null, "source_date": null, "website": null, "wheelchair": null, "objectid": 6374530, "osm_id2": "1100625673" }, "geometry": { "type": "Point", "coordinates": [ -70.5427099, -33.4408251 ] } },
{ "type": "Feature", "properties": { "addr_city": "La Reina", "addr_country": null, "addr_housenumber": "1300", "addr_postcode": null, "addr_street": "Avenida Carlos Ossandón", "addr_suburb": null, "addr_unit": null, "amenity": null, "amperage": null, "brand": null, "building": null, "description": null, "level_": null, "name": "SuperZoo", "name_en": null, "name_es": null, "opening_hours": null, "operator": null, "phone": null, "shop": "pet", "source_transform": null, "source_date": null, "website": null, "wheelchair": null, "objectid": 6374540, "osm_id2": "475482402" }, "geometry": { "type": "Point", "coordinates": [ -70.5435982, -33.4409721 ] } },
{ "type": "Feature", "properties": { "addr_city": "La Reina", "addr_country": null, "addr_housenumber": "1188", "addr_postcode": null, "addr_street": "Avenida Carlos Ossandón", "addr_suburb": null, "addr_unit": null, "amenity": null, "amperage": null, "brand": null, "building": null, "description": null, "level_": null, "name": "Jardin Zoo", "name_en": null, "name_es": null, "opening_hours": null, "operator": null, "phone": null, "shop": "pet", "source_transform": null, "source_date": null, "website": null, "wheelchair": null, "objectid": 6374565, "osm_id2": "8593608102" }, "geometry": { "type": "Point", "coordinates": [ -70.5436805, -33.4416354 ] } },
{ "type": "Feature", "properties": { "addr_city": "La Reina", "addr_country": null, "addr_housenumber": null, "addr_postcode": null, "addr_street": "Vicente Pérez Rosales", "addr_suburb": null, "addr_unit": null, "amenity": null, "amperage": null, "brand": null, "building": null, "description": null, "level_": null, "name": "Mi Tienda", "name_en": null, "name_es": null, "opening_hours": null, "operator": null, "phone": null, "shop": "yes", "source_transform": null, "source_date": null, "website": null, "wheelchair": null, "objectid": 6375304, "osm_id2": "4475329923" }, "geometry": { "type": "Point", "coordinates": [ -70.551924199733804, -33.444650299421397 ] } },
{ "type": "Feature", "properties": { "addr_city": "La Reina", "addr_country": null, "addr_housenumber": null, "addr_postcode": null, "addr_street": "Vicente Pérez Rosales", "addr_suburb": null, "addr_unit": null, "amenity": null, "amperage": null, "brand": null, "building": null, "description": null, "level_": null, "name": "Rukapet", "name_en": null, "name_es": null, "opening_hours": null, "operator": null, "phone": null, "shop": "pet", "source_transform": null, "source_date": null, "website": null, "wheelchair": null, "objectid": 6375305, "osm_id2": "4475329924" }, "geometry": { "type": "Point", "coordinates": [ -70.551898100081502, -33.444697799722803 ] } },
{ "type": "Feature", "properties": { "addr_city": "La Reina", "addr_country": null, "addr_housenumber": null, "addr_postcode": null, "addr_street": "Avenida Príncipe de Gales", "addr_suburb": null, "addr_unit": null, "amenity": null, "amperage": null, "brand": null, "building": null, "description": null, "level_": null, "name": "Área Mercado", "name_en": null, "name_es": null, "opening_hours": null, "operator": null, "phone": null, "shop": "confectionery", "source_transform": null, "source_date": null, "website": null, "wheelchair": null, "objectid": 6375401, "osm_id2": "4474516279" }, "geometry": { "type": "Point", "coordinates": [ -70.5570244, -33.4390208 ] } },
{ "type": "Feature", "properties": { "addr_city": "La Reina", "addr_country": null, "addr_housenumber": null, "addr_postcode": null, "addr_street": "Avenida Príncipe de Gales", "addr_suburb": null, "addr_unit": null, "amenity": null, "amperage": null, "brand": null, "building": null, "description": null, "level_": null, "name": "Sacramento", "name_en": null, "name_es": null, "opening_hours": null, "operator": null, "phone": null, "shop": "religion", "source_transform": null, "source_date": null, "website": null, "wheelchair": null, "objectid": 6375458, "osm_id2": "4474523628" }, "geometry": { "type": "Point", "coordinates": [ -70.559667699940803, -33.438875099621903 ] } },
{ "type": "Feature", "properties": { "addr_city": "La Reina", "addr_country": null, "addr_housenumber": null, "addr_postcode": null, "addr_street": "Avenida Simón Bolívar", "addr_suburb": null, "addr_unit": null, "amenity": null, "amperage": null, "brand": null, "building": null, "description": null, "level_": null, "name": "Minimarket Maca", "name_en": null, "name_es": null, "opening_hours": null, "operator": null, "phone": null, "shop": "yes", "source_transform": null, "source_date": null, "website": null, "wheelchair": null, "objectid": 6376116, "osm_id2": "4478182210" }, "geometry": { "type": "Point", "coordinates": [ -70.554426100326495, -33.445165899297997 ] } },
{ "type": "Feature", "properties": { "addr_city": "La Reina", "addr_country": null, "addr_housenumber": null, "addr_postcode": null, "addr_street": "Avenida Simón Bolívar", "addr_suburb": null, "addr_unit": null, "amenity": null, "amperage": null, "brand": null, "building": null, "description": null, "level_": null, "name": "Lavandería", "name_en": null, "name_es": null, "opening_hours": null, "operator": null, "phone": null, "shop": "dry_cleaning", "source_transform": null, "source_date": null, "website": null, "wheelchair": null, "objectid": 6376119, "osm_id2": "4478182211" }, "geometry": { "type": "Point", "coordinates": [ -70.5545035000697, -33.4451815997175 ] } },
{ "type": "Feature", "properties": { "addr_city": "La Reina", "addr_country": null, "addr_housenumber": null, "addr_postcode": null, "addr_street": "Avenida Simón Bolívar", "addr_suburb": null, "addr_unit": null, "amenity": null, "amperage": null, "brand": null, "building": null, "description": null, "level_": null, "name": "Bazar", "name_en": null, "name_es": null, "opening_hours": null, "operator": null, "phone": null, "shop": "yes", "source_transform": null, "source_date": null, "website": null, "wheelchair": null, "objectid": 6376124, "osm_id2": "4478185795" }, "geometry": { "type": "Point", "coordinates": [ -70.554826700434205, -33.445235899790497 ] } },
{ "type": "Feature", "properties": { "addr_city": "La Reina", "addr_country": null, "addr_housenumber": "6733", "addr_postcode": null, "addr_street": "Avenida Echeñique", "addr_suburb": null, "addr_unit": null, "amenity": null, "amperage": null, "brand": null, "building": null, "description": null, "level_": null, "name": "Carnes Lily", "name_en": null, "name_es": null, "opening_hours": null, "operator": null, "phone": null, "shop": "butcher", "source_transform": null, "source_date": null, "website": null, "wheelchair": null, "objectid": 6376223, "osm_id2": "4478098614" }, "geometry": { "type": "Point", "coordinates": [ -70.561749400084693, -33.444483599917298 ] } },
{ "type": "Feature", "properties": { "addr_city": "La Reina", "addr_country": null, "addr_housenumber": null, "addr_postcode": null, "addr_street": "Avenida Echeñique", "addr_suburb": null, "addr_unit": null, "amenity": null, "amperage": null, "brand": null, "building": null, "description": null, "level_": null, "name": "LoFLORi", "name_en": null, "name_es": null, "opening_hours": null, "operator": null, "phone": null, "shop": "frozen_food", "source_transform": null, "source_date": null, "website": null, "wheelchair": null, "objectid": 6376303, "osm_id2": "4478192231" }, "geometry": { "type": "Point", "coordinates": [ -70.5647572, -33.4445278 ] } },
{ "type": "Feature", "properties": { "addr_city": "La Reina", "addr_country": null, "addr_housenumber": null, "addr_postcode": null, "addr_street": "Avenida Echeñique", "addr_suburb": null, "addr_unit": null, "amenity": null, "amperage": null, "brand": null, "building": null, "description": null, "level_": null, "name": "Echeñique", "name_en": null, "name_es": null, "opening_hours": null, "operator": null, "phone": null, "shop": "alcohol", "source_transform": null, "source_date": null, "website": null, "wheelchair": null, "objectid": 6376360, "osm_id2": "6252596485" }, "geometry": { "type": "Point", "coordinates": [ -70.5714668, -33.4452725 ] } },
{ "type": "Feature", "properties": { "addr_city": "La Reina", "addr_country": null, "addr_housenumber": "9109", "addr_postcode": null, "addr_street": "Avenida Alcalde Fernando Castillo Velasco", "addr_suburb": null, "addr_unit": null, "amenity": null, "amperage": null, "brand": null, "building": null, "description": null, "level_": null, "name": "Ferretería Santa Carolina", "name_en": null, "name_es": null, "opening_hours": null, "operator": null, "phone": null, "shop": "hardware", "source_transform": null, "source_date": null, "website": null, "wheelchair": null, "objectid": 6377450, "osm_id2": "4479604120" }, "geometry": { "type": "Point", "coordinates": [ -70.537840799883298, -33.451893499605902 ] } },
{ "type": "Feature", "properties": { "addr_city": "La Reina", "addr_country": null, "addr_housenumber": null, "addr_postcode": null, "addr_street": "Avenida Alcalde Fernando Castillo Velasco", "addr_suburb": null, "addr_unit": null, "amenity": null, "amperage": null, "brand": null, "building": null, "description": null, "level_": null, "name": "Botillería El Parque", "name_en": null, "name_es": null, "opening_hours": null, "operator": null, "phone": null, "shop": "alcohol", "source_transform": null, "source_date": null, "website": null, "wheelchair": null, "objectid": 6377516, "osm_id2": "4479629046" }, "geometry": { "type": "Point", "coordinates": [ -70.543209399719103, -33.451440899527903 ] } },
{ "type": "Feature", "properties": { "addr_city": "La Reina", "addr_country": null, "addr_housenumber": null, "addr_postcode": null, "addr_street": "Avenida Alcalde Fernando Castillo Velasco", "addr_suburb": null, "addr_unit": null, "amenity": null, "amperage": null, "brand": null, "building": null, "description": null, "level_": null, "name": "Lubricantes", "name_en": null, "name_es": null, "opening_hours": null, "operator": null, "phone": "+56222735800", "shop": "car_parts", "source_transform": null, "source_date": null, "website": null, "wheelchair": null, "objectid": 6377518, "osm_id2": "4479629048" }, "geometry": { "type": "Point", "coordinates": [ -70.5433386, -33.4514272 ] } },
{ "type": "Feature", "properties": { "addr_city": "La Reina", "addr_country": null, "addr_housenumber": null, "addr_postcode": null, "addr_street": "Jorge Alessandri", "addr_suburb": null, "addr_unit": null, "amenity": null, "amperage": null, "brand": null, "building": null, "description": null, "level_": null, "name": "NeumAmerica", "name_en": null, "name_es": null, "opening_hours": null, "operator": null, "phone": null, "shop": "tyres", "source_transform": null, "source_date": null, "website": null, "wheelchair": null, "objectid": 6377519, "osm_id2": "4479629049" }, "geometry": { "type": "Point", "coordinates": [ -70.5434331997008, -33.451449999356399 ] } },
{ "type": "Feature", "properties": { "addr_city": "La Reina", "addr_country": null, "addr_housenumber": null, "addr_postcode": null, "addr_street": "Avenida Alcalde Fernando Castillo Velasco", "addr_suburb": null, "addr_unit": null, "amenity": null, "amperage": null, "brand": null, "building": null, "description": null, "level_": null, "name": "Almacén Sin Nombre", "name_en": null, "name_es": null, "opening_hours": null, "operator": null, "phone": null, "shop": "yes", "source_transform": null, "source_date": null, "website": null, "wheelchair": null, "objectid": 6377714, "osm_id2": "4479712728" }, "geometry": { "type": "Point", "coordinates": [ -70.551927899894494, -33.4514697999685 ] } },
{ "type": "Feature", "properties": { "addr_city": "La Reina", "addr_country": null, "addr_housenumber": null, "addr_postcode": null, "addr_street": "Monseñor Edwards", "addr_suburb": null, "addr_unit": null, "amenity": null, "amperage": null, "brand": null, "building": null, "description": null, "level_": null, "name": "Minimarket", "name_en": null, "name_es": null, "opening_hours": null, "operator": null, "phone": null, "shop": "yes", "source_transform": null, "source_date": null, "website": null, "wheelchair": null, "objectid": 6378183, "osm_id2": "4478176301" }, "geometry": { "type": "Point", "coordinates": [ -70.557778199741804, -33.450501299797502 ] } },
{ "type": "Feature", "properties": { "addr_city": "La Reina", "addr_country": null, "addr_housenumber": null, "addr_postcode": null, "addr_street": "Avenida Alcalde Fernando Castillo Velasco", "addr_suburb": null, "addr_unit": null, "amenity": null, "amperage": null, "brand": null, "building": null, "description": null, "level_": null, "name": "Agro Comercial Ruta Verde", "name_en": null, "name_es": null, "opening_hours": null, "operator": null, "phone": null, "shop": "greengrocer", "source_transform": null, "source_date": null, "website": null, "wheelchair": null, "objectid": 6378213, "osm_id2": "4479712754" }, "geometry": { "type": "Point", "coordinates": [ -70.555770100365805, -33.451934799757801 ] } },
{ "type": "Feature", "properties": { "addr_city": "La Reina", "addr_country": null, "addr_housenumber": null, "addr_postcode": null, "addr_street": "Avenida Alcalde Fernando Castillo Velasco", "addr_suburb": null, "addr_unit": null, "amenity": null, "amperage": null, "brand": null, "building": null, "description": null, "level_": null, "name": "Go Botillería", "name_en": null, "name_es": null, "opening_hours": null, "operator": null, "phone": null, "shop": "alcohol", "source_transform": null, "source_date": null, "website": null, "wheelchair": null, "objectid": 6378214, "osm_id2": "4479712753" }, "geometry": { "type": "Point", "coordinates": [ -70.555819199584306, -33.451939399488602 ] } },
{ "type": "Feature", "properties": { "addr_city": "La Reina", "addr_country": null, "addr_housenumber": null, "addr_postcode": null, "addr_street": "Los Maitenes", "addr_suburb": null, "addr_unit": null, "amenity": null, "amperage": null, "brand": null, "building": null, "description": null, "level_": null, "name": "Salón de Belleza", "name_en": null, "name_es": null, "opening_hours": null, "operator": null, "phone": null, "shop": "hairdresser", "source_transform": null, "source_date": null, "website": null, "wheelchair": null, "objectid": 6378215, "osm_id2": "4479712755" }, "geometry": { "type": "Point", "coordinates": [ -70.555649099991996, -33.451979599341598 ] } },
{ "type": "Feature", "properties": { "addr_city": "La Reina", "addr_country": null, "addr_housenumber": "7059", "addr_postcode": null, "addr_street": "Avenida Alcalde Fernando Castillo Velasco", "addr_suburb": null, "addr_unit": null, "amenity": null, "amperage": null, "brand": "OK Market", "building": null, "description": null, "level_": null, "name": "OK Market", "name_en": null, "name_es": null, "opening_hours": null, "operator": null, "phone": null, "shop": "convenience", "source_transform": null, "source_date": null, "website": null, "wheelchair": null, "objectid": 6378232, "osm_id2": "4479712744" }, "geometry": { "type": "Point", "coordinates": [ -70.5549647, -33.4520646 ] } },
{ "type": "Feature", "properties": { "addr_city": "La Reina", "addr_country": null, "addr_housenumber": "7059", "addr_postcode": null, "addr_street": "Avenida Alcalde Fernando Castillo Velasco", "addr_suburb": null, "addr_unit": null, "amenity": null, "amperage": null, "brand": null, "building": null, "description": null, "level_": null, "name": "The Nail Project", "name_en": null, "name_es": null, "opening_hours": null, "operator": null, "phone": null, "shop": "beauty", "source_transform": null, "source_date": null, "website": null, "wheelchair": null, "objectid": 6378233, "osm_id2": "4479712745" }, "geometry": { "type": "Point", "coordinates": [ -70.5548783, -33.4520525 ] } },
{ "type": "Feature", "properties": { "addr_city": "La Reina", "addr_country": null, "addr_housenumber": null, "addr_postcode": null, "addr_street": "Avenida Larraín", "addr_suburb": null, "addr_unit": null, "amenity": null, "amperage": null, "brand": null, "building": null, "description": null, "level_": null, "name": "Minimarket Abasto Larrain", "name_en": null, "name_es": null, "opening_hours": null, "operator": null, "phone": null, "shop": "yes", "source_transform": null, "source_date": null, "website": null, "wheelchair": null, "objectid": 6378282, "osm_id2": "4472765437" }, "geometry": { "type": "Point", "coordinates": [ -70.559923700033806, -33.452452499912901 ] } },
{ "type": "Feature", "properties": { "addr_city": "La Reina", "addr_country": null, "addr_housenumber": null, "addr_postcode": null, "addr_street": "Avenida Larraín", "addr_suburb": null, "addr_unit": null, "amenity": null, "amperage": null, "brand": null, "building": null, "description": null, "level_": null, "name": "Artículos de Ferretería", "name_en": null, "name_es": null, "opening_hours": null, "operator": null, "phone": null, "shop": "hardware", "source_transform": null, "source_date": null, "website": null, "wheelchair": null, "objectid": 6378283, "osm_id2": "4472765438" }, "geometry": { "type": "Point", "coordinates": [ -70.559970099814905, -33.452456599697399 ] } },
{ "type": "Feature", "properties": { "addr_city": "La Reina", "addr_country": null, "addr_housenumber": null, "addr_postcode": null, "addr_street": "Avenida Larraín", "addr_suburb": null, "addr_unit": null, "amenity": null, "amperage": null, "brand": null, "building": null, "description": null, "level_": null, "name": "Minimarket Antojitos", "name_en": null, "name_es": null, "opening_hours": null, "operator": null, "phone": null, "shop": "convenience", "source_transform": null, "source_date": null, "website": null, "wheelchair": null, "objectid": 6378333, "osm_id2": "4472077533" }, "geometry": { "type": "Point", "coordinates": [ -70.566799399828597, -33.453298799246497 ] } },
{ "type": "Feature", "properties": { "addr_city": "La Reina", "addr_country": null, "addr_housenumber": null, "addr_postcode": null, "addr_street": "Avenida Larraín", "addr_suburb": null, "addr_unit": null, "amenity": null, "amperage": null, "brand": null, "building": null, "description": null, "level_": null, "name": "Botillería Tayron", "name_en": null, "name_es": null, "opening_hours": null, "operator": null, "phone": null, "shop": "alcohol", "source_transform": null, "source_date": null, "website": null, "wheelchair": null, "objectid": 6378334, "osm_id2": "4472077534" }, "geometry": { "type": "Point", "coordinates": [ -70.566840500447796, -33.453301399249 ] } },
{ "type": "Feature", "properties": { "addr_city": "La Reina", "addr_country": null, "addr_housenumber": "6000", "addr_postcode": null, "addr_street": "Avenida Larraín", "addr_suburb": null, "addr_unit": null, "amenity": null, "amperage": null, "brand": null, "building": null, "description": null, "level_": null, "name": null, "name_en": null, "name_es": null, "opening_hours": null, "operator": null, "phone": null, "shop": "bicycle", "source_transform": null, "source_date": null, "website": null, "wheelchair": null, "objectid": 6378338, "osm_id2": "1709029937" }, "geometry": { "type": "Point", "coordinates": [ -70.567959600069202, -33.453151199322903 ] } },
{ "type": "Feature", "properties": { "addr_city": "La Reina", "addr_country": null, "addr_housenumber": "5862", "addr_postcode": null, "addr_street": "Avenida Larraín", "addr_suburb": null, "addr_unit": null, "amenity": null, "amperage": null, "brand": "Falabella", "building": null, "description": null, "level_": null, "name": "Falabella", "name_en": null, "name_es": null, "opening_hours": null, "operator": null, "phone": null, "shop": "department_store", "source_transform": null, "source_date": null, "website": null, "wheelchair": null, "objectid": 6378348, "osm_id2": "3053548854" }, "geometry": { "type": "Point", "coordinates": [ -70.5695039, -33.4521712 ] } },
{ "type": "Feature", "properties": { "addr_city": "La Reina", "addr_country": null, "addr_housenumber": "5862", "addr_postcode": null, "addr_street": "Avenida Larraín", "addr_suburb": null, "addr_unit": null, "amenity": null, "amperage": null, "brand": "Tottus", "building": null, "description": null, "level_": null, "name": "Tottus", "name_en": null, "name_es": null, "opening_hours": null, "operator": null, "phone": null, "shop": "supermarket", "source_transform": null, "source_date": null, "website": null, "wheelchair": null, "objectid": 6378350, "osm_id2": "3053548850" }, "geometry": { "type": "Point", "coordinates": [ -70.5694845, -33.4527555 ] } },
{ "type": "Feature", "properties": { "addr_city": "La Reina", "addr_country": null, "addr_housenumber": "5862", "addr_postcode": null, "addr_street": "Avenida Larraín", "addr_suburb": null, "addr_unit": null, "amenity": null, "amperage": null, "brand": "Ripley", "building": null, "description": null, "level_": null, "name": "Ripley", "name_en": null, "name_es": null, "opening_hours": null, "operator": null, "phone": null, "shop": "department_store", "source_transform": null, "source_date": null, "website": null, "wheelchair": null, "objectid": 6378351, "osm_id2": "3053548851" }, "geometry": { "type": "Point", "coordinates": [ -70.5693752, -33.4526635 ] } },
{ "type": "Feature", "properties": { "addr_city": "La Reina", "addr_country": null, "addr_housenumber": "5862", "addr_postcode": null, "addr_street": "Avenida Larraín", "addr_suburb": null, "addr_unit": null, "amenity": null, "amperage": null, "brand": null, "building": null, "description": null, "level_": null, "name": "Autoplaza", "name_en": null, "name_es": null, "opening_hours": null, "operator": null, "phone": null, "shop": "car", "source_transform": null, "source_date": null, "website": null, "wheelchair": null, "objectid": 6378352, "osm_id2": "3053548853" }, "geometry": { "type": "Point", "coordinates": [ -70.5700805, -33.4528806 ] } },
{ "type": "Feature", "properties": { "addr_city": "La Reina", "addr_country": null, "addr_housenumber": "5978", "addr_postcode": null, "addr_street": "Avenida Larraín", "addr_suburb": null, "addr_unit": null, "amenity": null, "amperage": null, "brand": null, "building": null, "description": null, "level_": null, "name": "La Casa Mágica", "name_en": null, "name_es": null, "opening_hours": null, "operator": null, "phone": null, "shop": "gift", "source_transform": null, "source_date": null, "website": null, "wheelchair": null, "objectid": 6378358, "osm_id2": "1709029927" }, "geometry": { "type": "Point", "coordinates": [ -70.5682437, -33.4530958 ] } },
{ "type": "Feature", "properties": { "addr_city": "La Reina", "addr_country": null, "addr_housenumber": "5922", "addr_postcode": null, "addr_street": "Avenida Larraín", "addr_suburb": null, "addr_unit": null, "amenity": null, "amperage": null, "brand": null, "building": null, "description": null, "level_": null, "name": "Sparta Bike", "name_en": null, "name_es": null, "opening_hours": null, "operator": null, "phone": null, "shop": "bicycle", "source_transform": null, "source_date": null, "website": null, "wheelchair": null, "objectid": 6378366, "osm_id2": "1709029874" }, "geometry": { "type": "Point", "coordinates": [ -70.568685299579897, -33.453155499939598 ] } },
{ "type": "Feature", "properties": { "addr_city": "La Reina", "addr_country": null, "addr_housenumber": null, "addr_postcode": null, "addr_street": "Avenida Larraín", "addr_suburb": null, "addr_unit": null, "amenity": null, "amperage": null, "brand": null, "building": null, "description": null, "level_": null, "name": "Panadería", "name_en": null, "name_es": null, "opening_hours": null, "operator": null, "phone": null, "shop": "bakery", "source_transform": null, "source_date": null, "website": null, "wheelchair": null, "objectid": 6378372, "osm_id2": "4472089404" }, "geometry": { "type": "Point", "coordinates": [ -70.5686094, -33.4534233 ] } },
{ "type": "Feature", "properties": { "addr_city": "La Reina", "addr_country": null, "addr_housenumber": "6853", "addr_postcode": null, "addr_street": "Avenida Príncipe de Gales", "addr_suburb": null, "addr_unit": null, "amenity": null, "amperage": null, "brand": null, "building": null, "description": null, "level_": null, "name": "Lápiz López", "name_en": null, "name_es": null, "opening_hours": null, "operator": null, "phone": null, "shop": "stationery", "source_transform": null, "source_date": null, "website": null, "wheelchair": null, "objectid": 6375479, "osm_id2": "4474521217" }, "geometry": { "type": "Point", "coordinates": [ -70.5611251, -33.4389194 ] } },
{ "type": "Feature", "properties": { "addr_city": "Santiago", "addr_country": null, "addr_housenumber": "1308", "addr_postcode": null, "addr_street": "Avenida Francisco Bilbao", "addr_suburb": null, "addr_unit": null, "amenity": null, "amperage": null, "brand": null, "building": null, "description": null, "level_": null, "name": "Insane Bikes", "name_en": null, "name_es": null, "opening_hours": "Mo-Fr 11:00-20:00", "operator": null, "phone": "+56222052818", "shop": "bicycle", "source_transform": "Reconocimiento cartográfico 2016 por KG;local_knowledge", "source_date": null, "website": "https://www.facebook.com/tienda.insane", "wheelchair": null, "objectid": 6386806, "osm_id2": "4448026003" }, "geometry": { "type": "Point", "coordinates": [ -70.6154591, -33.4392421 ] } },
{ "type": "Feature", "properties": { "addr_city": "La Reina", "addr_country": null, "addr_housenumber": null, "addr_postcode": null, "addr_street": "Valenzuela Llanos", "addr_suburb": null, "addr_unit": null, "amenity": null, "amperage": null, "brand": null, "building": null, "description": null, "level_": null, "name": "Pet City", "name_en": null, "name_es": null, "opening_hours": null, "operator": null, "phone": null, "shop": "pet", "source_transform": null, "source_date": null, "website": null, "wheelchair": null, "objectid": 6372792, "osm_id2": "1114558127" }, "geometry": { "type": "Point", "coordinates": [ -70.533473499992297, -33.439981399587403 ] } },
{ "type": "Feature", "properties": { "addr_city": "La Reina", "addr_country": null, "addr_housenumber": "1334", "addr_postcode": null, "addr_street": "Valenzuela Llanos", "addr_suburb": null, "addr_unit": null, "amenity": null, "amperage": null, "brand": null, "building": null, "description": null, "level_": null, "name": "Librería Abadía", "name_en": null, "name_es": null, "opening_hours": null, "operator": null, "phone": null, "shop": "stationery", "source_transform": null, "source_date": null, "website": null, "wheelchair": null, "objectid": 6372801, "osm_id2": "4479969370" }, "geometry": { "type": "Point", "coordinates": [ -70.533598000202502, -33.440151099435901 ] } },
{ "type": "Feature", "properties": { "addr_city": "La Reina", "addr_country": null, "addr_housenumber": "1314", "addr_postcode": null, "addr_street": "Valenzuela Llanos", "addr_suburb": null, "addr_unit": null, "amenity": null, "amperage": null, "brand": null, "building": null, "description": null, "level_": null, "name": "Verduleria El Galpón", "name_en": null, "name_es": null, "opening_hours": null, "operator": null, "phone": null, "shop": "greengrocer", "source_transform": null, "source_date": null, "website": null, "wheelchair": null, "objectid": 6372823, "osm_id2": "1114558143" }, "geometry": { "type": "Point", "coordinates": [ -70.533761400159406, -33.440284899448599 ] } },
{ "type": "Feature", "properties": { "addr_city": "La Reina", "addr_country": null, "addr_housenumber": "9323", "addr_postcode": null, "addr_street": "Carlos Silva Vildósola", "addr_suburb": null, "addr_unit": null, "amenity": null, "amperage": null, "brand": null, "building": null, "description": null, "level_": null, "name": "Smpeluqueria", "name_en": null, "name_es": "Smpeluqueria", "opening_hours": "Mo-Sa 10:00-21:00", "operator": null, "phone": "+56224071450", "shop": "hairdresser", "source_transform": null, "source_date": null, "website": "http://www.smpeluqiria.cl", "wheelchair": null, "objectid": 6372895, "osm_id2": "4490867193" }, "geometry": { "type": "Point", "coordinates": [ -70.5332618, -33.44107 ] } },
{ "type": "Feature", "properties": { "addr_city": "La Reina", "addr_country": "CL", "addr_housenumber": "5655", "addr_postcode": null, "addr_street": "Avenida Francisco Bilbao", "addr_suburb": null, "addr_unit": null, "amenity": null, "amperage": null, "brand": null, "building": null, "description": null, "level_": null, "name": "Rosselot Mitsubishi Motors", "name_en": null, "name_es": null, "opening_hours": null, "operator": null, "phone": null, "shop": "car", "source_transform": null, "source_date": null, "website": "http://www.automovilesvespucio.cl/", "wheelchair": null, "objectid": 6379243, "osm_id2": "942582701" }, "geometry": { "type": "Point", "coordinates": [ -70.574963, -33.4314887 ] } },
{ "type": "Feature", "properties": { "addr_city": "La Reina", "addr_country": null, "addr_housenumber": null, "addr_postcode": null, "addr_street": "Avenida Francisco Bilbao", "addr_suburb": null, "addr_unit": null, "amenity": null, "amperage": null, "brand": null, "building": null, "description": null, "level_": null, "name": "Lavaseco Lavanderia", "name_en": null, "name_es": null, "opening_hours": null, "operator": null, "phone": null, "shop": "laundry", "source_transform": "Reconocimiento cartográfico de campo 2016 por KG.", "source_date": null, "website": null, "wheelchair": null, "objectid": 6379312, "osm_id2": "4495033001" }, "geometry": { "type": "Point", "coordinates": [ -70.5783246, -33.4315077 ] } },
{ "type": "Feature", "properties": { "addr_city": "La Reina", "addr_country": "CL", "addr_housenumber": "2391", "addr_postcode": null, "addr_street": "Las Carretas", "addr_suburb": null, "addr_unit": null, "amenity": null, "amperage": null, "brand": null, "building": null, "description": null, "level_": null, "name": "Thule", "name_en": null, "name_es": null, "opening_hours": null, "operator": null, "phone": null, "shop": "yes", "source_transform": "Reconocimiento cartográfico de campo 2016 por KG.", "source_date": null, "website": null, "wheelchair": null, "objectid": 6379315, "osm_id2": "958007070" }, "geometry": { "type": "Point", "coordinates": [ -70.578492800424698, -33.431600599413002 ] } },
{ "type": "Feature", "properties": { "addr_city": "La Reina", "addr_country": null, "addr_housenumber": null, "addr_postcode": null, "addr_street": "Las Carretas", "addr_suburb": null, "addr_unit": null, "amenity": null, "amperage": null, "brand": null, "building": null, "description": null, "level_": null, "name": "Pinturerías Revor", "name_en": null, "name_es": null, "opening_hours": null, "operator": null, "phone": null, "shop": "paint", "source_transform": "Reconocimiento cartográfico de campo 2016 por KG.", "source_date": null, "website": null, "wheelchair": null, "objectid": 6379321, "osm_id2": "4495033000" }, "geometry": { "type": "Point", "coordinates": [ -70.5785784, -33.4316335 ] } },
{ "type": "Feature", "properties": { "addr_city": "La Reina", "addr_country": null, "addr_housenumber": "2180", "addr_postcode": null, "addr_street": "Avenida Ossa", "addr_suburb": null, "addr_unit": null, "amenity": null, "amperage": null, "brand": null, "building": null, "description": null, "level_": null, "name": "Automoviles Ledesma", "name_en": null, "name_es": null, "opening_hours": null, "operator": null, "phone": null, "shop": "car", "source_transform": "Reconocimiento cortográfico de campo 2016 por KG", "source_date": null, "website": null, "wheelchair": null, "objectid": 6379389, "osm_id2": "4434524002" }, "geometry": { "type": "Point", "coordinates": [ -70.5746654, -33.4330707 ] } },
{ "type": "Feature", "properties": { "addr_city": "La Reina", "addr_country": "CL", "addr_housenumber": "3901", "addr_postcode": null, "addr_street": "Avenida Francisco Bilbao", "addr_suburb": null, "addr_unit": null, "amenity": null, "amperage": null, "brand": null, "building": null, "description": null, "level_": null, "name": "Gracia Center", "name_en": null, "name_es": null, "opening_hours": null, "operator": null, "phone": null, "shop": "car", "source_transform": null, "source_date": null, "website": null, "wheelchair": null, "objectid": 6379543, "osm_id2": "981575012" }, "geometry": { "type": "Point", "coordinates": [ -70.581998400362494, -33.431795399267699 ] } },
{ "type": "Feature", "properties": { "addr_city": "La Reina", "addr_country": null, "addr_housenumber": "5862", "addr_postcode": null, "addr_street": "Avenida Larraín", "addr_suburb": null, "addr_unit": null, "amenity": null, "amperage": null, "brand": "Entel", "building": null, "description": null, "level_": null, "name": "Entel", "name_en": null, "name_es": null, "opening_hours": null, "operator": null, "phone": null, "shop": "mobile_phone", "source_transform": null, "source_date": null, "website": null, "wheelchair": null, "objectid": 7868951, "osm_id2": "8949365017" }, "geometry": { "type": "Point", "coordinates": [ -70.5702844, -33.4527888 ] } },
{ "type": "Feature", "properties": { "addr_city": "La Reina", "addr_country": null, "addr_housenumber": "5862", "addr_postcode": null, "addr_street": "Avenida Larraín", "addr_suburb": null, "addr_unit": null, "amenity": null, "amperage": null, "brand": "Zara", "building": null, "description": null, "level_": null, "name": "Zara", "name_en": null, "name_es": null, "opening_hours": null, "operator": null, "phone": null, "shop": "clothes", "source_transform": null, "source_date": null, "website": null, "wheelchair": null, "objectid": 7868952, "osm_id2": "8949365018" }, "geometry": { "type": "Point", "coordinates": [ -70.56871, -33.4519071 ] } },
{ "type": "Feature", "properties": { "addr_city": "La Reina", "addr_country": null, "addr_housenumber": "7499", "addr_postcode": null, "addr_street": "Avenida Francisco Bilbao", "addr_suburb": null, "addr_unit": null, "amenity": null, "amperage": null, "brand": null, "building": null, "description": null, "level_": null, "name": "El Honesto Jack", "name_en": null, "name_es": null, "opening_hours": "Mo-Fr 10:00-18:30", "operator": null, "phone": "+56946455854", "shop": "bicycle", "source_transform": null, "source_date": null, "website": "https://www.elhonestojack.cl", "wheelchair": null, "objectid": 7686856, "osm_id2": "8770560757" }, "geometry": { "type": "Point", "coordinates": [ -70.5535063, -33.4307376 ] } },
{ "type": "Feature", "properties": { "addr_city": "La Reina", "addr_country": null, "addr_housenumber": "1301", "addr_postcode": null, "addr_street": "Avenida Carlos Ossandón", "addr_suburb": null, "addr_unit": null, "amenity": null, "amperage": null, "brand": null, "building": null, "description": null, "level_": null, "name": "Pronto Matic", "name_en": null, "name_es": null, "opening_hours": null, "operator": null, "phone": null, "shop": "laundry", "source_transform": null, "source_date": null, "website": null, "wheelchair": null, "objectid": 9910281, "osm_id2": "10558561678" }, "geometry": { "type": "Point", "coordinates": [ -70.5427243, -33.4409545 ] } },
{ "type": "Feature", "properties": { "addr_city": "La Reina", "addr_country": null, "addr_housenumber": "8521", "addr_postcode": null, "addr_street": "Avenida Príncipe de Gales", "addr_suburb": null, "addr_unit": null, "amenity": null, "amperage": null, "brand": null, "building": null, "description": null, "level_": null, "name": "Nacional", "name_en": null, "name_es": null, "opening_hours": null, "operator": null, "phone": null, "shop": "stationery", "source_transform": null, "source_date": null, "website": null, "wheelchair": null, "objectid": 9910282, "osm_id2": "10558561679" }, "geometry": { "type": "Point", "coordinates": [ -70.5427399, -33.4410822 ] } },
{ "type": "Feature", "properties": { "addr_city": "Santiago", "addr_country": null, "addr_housenumber": "2826", "addr_postcode": null, "addr_street": "Avenida Francisco Bilbao", "addr_suburb": null, "addr_unit": null, "amenity": null, "amperage": null, "brand": null, "building": null, "description": "Selección de los mejores alimentos, libros y más para una vida saludable y ecológica", "level_": null, "name": "Espacio Regenera", "name_en": null, "name_es": null, "opening_hours": "Mo-Sa 09:00-19:00", "operator": null, "phone": "+56 9 36942524", "shop": "greengrocer", "source_transform": null, "source_date": null, "website": "https://espacioregenera.com", "wheelchair": "yes", "objectid": 10224138, "osm_id2": "10861085154" }, "geometry": { "type": "Point", "coordinates": [ -70.5925485, -33.4354051 ] } },
{ "type": "Feature", "properties": { "addr_city": "La Reina", "addr_country": null, "addr_housenumber": "1794", "addr_postcode": null, "addr_street": "Avenida Ossa", "addr_suburb": null, "addr_unit": null, "amenity": null, "amperage": null, "brand": null, "building": null, "description": null, "level_": null, "name": "Activarte", "name_en": null, "name_es": null, "opening_hours": null, "operator": null, "phone": null, "shop": "party", "source_transform": null, "source_date": null, "website": null, "wheelchair": null, "objectid": 10704177, "osm_id2": "11151246386" }, "geometry": { "type": "Point", "coordinates": [ -70.5741575, -33.4362095 ] } },
{ "type": "Feature", "properties": { "addr_city": "La Reina", "addr_country": null, "addr_housenumber": "6424", "addr_postcode": null, "addr_street": "Avenida Príncipe de Gales", "addr_suburb": null, "addr_unit": null, "amenity": null, "amperage": null, "brand": null, "building": null, "description": null, "level_": null, "name": "La Farola", "name_en": null, "name_es": null, "opening_hours": null, "operator": null, "phone": null, "shop": "bakery", "source_transform": null, "source_date": null, "website": null, "wheelchair": null, "objectid": 10984235, "osm_id2": "11349644628" }, "geometry": { "type": "Point", "coordinates": [ -70.5656314, -33.4382547 ] } },
{ "type": "Feature", "properties": { "addr_city": "La Reina", "addr_country": null, "addr_housenumber": null, "addr_postcode": null, "addr_street": null, "addr_suburb": null, "addr_unit": null, "amenity": null, "amperage": null, "brand": null, "building": null, "description": null, "level_": null, "name": "Paseo de las Artes", "name_en": null, "name_es": null, "opening_hours": null, "operator": null, "phone": null, "shop": "gift", "source_transform": null, "source_date": null, "website": null, "wheelchair": null, "objectid": 11016758, "osm_id2": "11388871249" }, "geometry": { "type": "Point", "coordinates": [ -70.530997, -33.4511348 ] } },
{ "type": "Feature", "properties": { "addr_city": "La Reina", "addr_country": null, "addr_housenumber": null, "addr_postcode": null, "addr_street": "Avenida Echeñique", "addr_suburb": null, "addr_unit": null, "amenity": null, "amperage": null, "brand": null, "building": null, "description": null, "level_": null, "name": "Almacén Latinmarket", "name_en": null, "name_es": null, "opening_hours": null, "operator": null, "phone": null, "shop": "convenience", "source_transform": null, "source_date": null, "website": null, "wheelchair": null, "objectid": 9548822, "osm_id2": "10080788827" }, "geometry": { "type": "Point", "coordinates": [ -70.571132, -33.4455893 ] } },
{ "type": "Feature", "properties": { "addr_city": "La Reina", "addr_country": null, "addr_housenumber": "2190", "addr_postcode": null, "addr_street": "Avenida Ossa", "addr_suburb": null, "addr_unit": null, "amenity": null, "amperage": null, "brand": null, "building": null, "description": null, "level_": null, "name": "PortaEquipajes.cl", "name_en": null, "name_es": null, "opening_hours": null, "operator": null, "phone": null, "shop": "car_parts", "source_transform": null, "source_date": null, "website": null, "wheelchair": null, "objectid": 10717133, "osm_id2": "11160948237" }, "geometry": { "type": "Point", "coordinates": [ -70.574609, -33.4335962 ] } },
{ "type": "Feature", "properties": { "addr_city": "La Reina", "addr_country": null, "addr_housenumber": null, "addr_postcode": null, "addr_street": "Sendero Educativo CEA", "addr_suburb": null, "addr_unit": null, "amenity": null, "amperage": null, "brand": null, "building": null, "description": null, "level_": null, "name": "Vivero Educativo Mawida", "name_en": null, "name_es": null, "opening_hours": null, "operator": "RENAMU Mawida", "phone": null, "shop": "garden_centre", "source_transform": null, "source_date": null, "website": null, "wheelchair": null, "objectid": 11032548, "osm_id2": "11409913410" }, "geometry": { "type": "Point", "coordinates": [ -70.5150574, -33.45698 ] } },
{ "type": "Feature", "properties": { "addr_city": "La Reina", "addr_country": null, "addr_housenumber": "5862", "addr_postcode": null, "addr_street": "Avenida Larraín", "addr_suburb": null, "addr_unit": null, "amenity": null, "amperage": null, "brand": "Movistar", "building": null, "description": null, "level_": null, "name": "Movistar", "name_en": null, "name_es": null, "opening_hours": null, "operator": null, "phone": null, "shop": "mobile_phone", "source_transform": null, "source_date": null, "website": null, "wheelchair": null, "objectid": 7868954, "osm_id2": "8949365118" }, "geometry": { "type": "Point", "coordinates": [ -70.5693618, -33.4531245 ] } },
{ "type": "Feature", "properties": { "addr_city": "La Reina", "addr_country": null, "addr_housenumber": "5862", "addr_postcode": null, "addr_street": "Avenida Larraín", "addr_suburb": null, "addr_unit": null, "amenity": null, "amperage": null, "brand": "Hush Puppies", "building": null, "description": null, "level_": null, "name": "Hush Puppies", "name_en": null, "name_es": null, "opening_hours": null, "operator": null, "phone": null, "shop": "shoes", "source_transform": null, "source_date": null, "website": null, "wheelchair": null, "objectid": 7868955, "osm_id2": "8949365119" }, "geometry": { "type": "Point", "coordinates": [ -70.5697836, -33.4524979 ] } },
{ "type": "Feature", "properties": { "addr_city": "La Reina", "addr_country": "CL", "addr_housenumber": null, "addr_postcode": null, "addr_street": "Avenida Príncipe de Gales", "addr_suburb": null, "addr_unit": null, "amenity": null, "amperage": null, "brand": null, "building": null, "description": null, "level_": null, "name": "EmilioBustamante", "name_en": null, "name_es": null, "opening_hours": null, "operator": null, "phone": null, "shop": "hairdresser", "source_transform": null, "source_date": null, "website": null, "wheelchair": null, "objectid": 10081884, "osm_id2": "10719133876" }, "geometry": { "type": "Point", "coordinates": [ -70.5362527, -33.4409676 ] } },
{ "type": "Feature", "properties": { "addr_city": "La Reina", "addr_country": "CL", "addr_housenumber": null, "addr_postcode": null, "addr_street": "Avenida Príncipe de Gales", "addr_suburb": null, "addr_unit": null, "amenity": null, "amperage": null, "brand": null, "building": null, "description": null, "level_": null, "name": "Kids Cuts", "name_en": null, "name_es": null, "opening_hours": null, "operator": null, "phone": null, "shop": "hairdresser", "source_transform": null, "source_date": null, "website": null, "wheelchair": null, "objectid": 10081892, "osm_id2": "10719136811" }, "geometry": { "type": "Point", "coordinates": [ -70.5361532, -33.4405024 ] } },
{ "type": "Feature", "properties": { "addr_city": "La Reina", "addr_country": "CL", "addr_housenumber": "9073", "addr_postcode": null, "addr_street": "Avenida Príncipe de Gales", "addr_suburb": null, "addr_unit": null, "amenity": null, "amperage": null, "brand": null, "building": null, "description": null, "level_": null, "name": "Fork", "name_en": null, "name_es": null, "opening_hours": null, "operator": null, "phone": null, "shop": "health_food", "source_transform": null, "source_date": null, "website": null, "wheelchair": null, "objectid": 10081908, "osm_id2": "10719146644" }, "geometry": { "type": "Point", "coordinates": [ -70.5361679, -33.4406997 ] } },
{ "type": "Feature", "properties": { "addr_city": "La Reina", "addr_country": "CL", "addr_housenumber": null, "addr_postcode": null, "addr_street": "Avenida Príncipe de Gales", "addr_suburb": null, "addr_unit": null, "amenity": null, "amperage": null, "brand": "Castaño", "building": null, "description": null, "level_": null, "name": "Castaño", "name_en": null, "name_es": null, "opening_hours": "Mo-Fr 07:00-20:00; Sa 08:00-14:30", "operator": null, "phone": null, "shop": "bakery", "source_transform": null, "source_date": null, "website": null, "wheelchair": null, "objectid": 10081912, "osm_id2": "10719147200" }, "geometry": { "type": "Point", "coordinates": [ -70.5361261, -33.4405379 ] } },
{ "type": "Feature", "properties": { "addr_city": "La Reina", "addr_country": "CL", "addr_housenumber": null, "addr_postcode": null, "addr_street": "Avenida Príncipe de Gales", "addr_suburb": null, "addr_unit": null, "amenity": null, "amperage": null, "brand": null, "building": null, "description": null, "level_": null, "name": "Permentin Pet Center", "name_en": null, "name_es": null, "opening_hours": null, "operator": null, "phone": null, "shop": "pet", "source_transform": null, "source_date": null, "website": null, "wheelchair": null, "objectid": 10081913, "osm_id2": "10719147201" }, "geometry": { "type": "Point", "coordinates": [ -70.5359959, -33.4399798 ] } },
{ "type": "Feature", "properties": { "addr_city": "La Reina", "addr_country": "CL", "addr_housenumber": "9073", "addr_postcode": null, "addr_street": "Avenida Príncipe de Gales", "addr_suburb": null, "addr_unit": null, "amenity": null, "amperage": null, "brand": null, "building": null, "description": null, "level_": null, "name": "Coaniquem", "name_en": null, "name_es": null, "opening_hours": null, "operator": null, "phone": null, "shop": "clothes", "source_transform": null, "source_date": null, "website": null, "wheelchair": null, "objectid": 10095095, "osm_id2": "10726889821" }, "geometry": { "type": "Point", "coordinates": [ -70.5360846, -33.4400681 ] } },
{ "type": "Feature", "properties": { "addr_city": "La Reina", "addr_country": null, "addr_housenumber": "2176", "addr_postcode": null, "addr_street": "Avenida Ossa", "addr_suburb": null, "addr_unit": null, "amenity": null, "amperage": null, "brand": null, "building": null, "description": null, "level_": null, "name": "Rayo Market", "name_en": null, "name_es": null, "opening_hours": null, "operator": null, "phone": null, "shop": "convenience", "source_transform": null, "source_date": null, "website": null, "wheelchair": null, "objectid": 10711073, "osm_id2": "11156258206" }, "geometry": { "type": "Point", "coordinates": [ -70.5748291, -33.4333533 ] } },
{ "type": "Feature", "properties": { "addr_city": "La Reina", "addr_country": null, "addr_housenumber": "2176", "addr_postcode": null, "addr_street": "Avenida Ossa", "addr_suburb": null, "addr_unit": null, "amenity": null, "amperage": null, "brand": null, "building": null, "description": null, "level_": null, "name": "Fino's", "name_en": null, "name_es": null, "opening_hours": null, "operator": null, "phone": null, "shop": "hairdresser", "source_transform": null, "source_date": null, "website": null, "wheelchair": null, "objectid": 10711074, "osm_id2": "11156258207" }, "geometry": { "type": "Point", "coordinates": [ -70.5748429, -33.4332425 ] } },
{ "type": "Feature", "properties": { "addr_city": "La Reina", "addr_country": null, "addr_housenumber": "6161", "addr_postcode": null, "addr_street": "Avenida Príncipe de Gales", "addr_suburb": null, "addr_unit": null, "amenity": "post_office", "amperage": null, "brand": "FedEx", "building": null, "description": null, "level_": null, "name": "FedEx Office", "name_en": null, "name_es": null, "opening_hours": null, "operator": "FedEx", "phone": null, "shop": "copyshop", "source_transform": null, "source_date": null, "website": null, "wheelchair": null, "objectid": 10830851, "osm_id2": "11222572075" }, "geometry": { "type": "Point", "coordinates": [ -70.5688452, -33.4383982 ] } },
{ "type": "Feature", "properties": { "addr_city": "Santiago", "addr_country": null, "addr_housenumber": null, "addr_postcode": null, "addr_street": "Avenida Portugal", "addr_suburb": null, "addr_unit": null, "amenity": null, "amperage": null, "brand": null, "building": null, "description": null, "level_": null, "name": "Los Palomitos", "name_en": null, "name_es": null, "opening_hours": null, "operator": null, "phone": null, "shop": "convenience", "source_transform": "Reconocimiento cartográfico 2016 por KG", "source_date": null, "website": null, "wheelchair": null, "objectid": 6395313, "osm_id2": "4444080621" }, "geometry": { "type": "Point", "coordinates": [ -70.6354274, -33.4484284 ] } },
{ "type": "Feature", "properties": { "addr_city": "Santiago", "addr_country": null, "addr_housenumber": "523", "addr_postcode": null, "addr_street": "Avenida Portugal", "addr_suburb": null, "addr_unit": null, "amenity": null, "amperage": null, "brand": null, "building": null, "description": null, "level_": null, "name": "Pastelería La Colonia", "name_en": null, "name_es": null, "opening_hours": null, "operator": null, "phone": "+56944011774", "shop": "bakery", "source_transform": null, "source_date": null, "website": null, "wheelchair": null, "objectid": 6395314, "osm_id2": "5865796585" }, "geometry": { "type": "Point", "coordinates": [ -70.6353885, -33.4485074 ] } },
{ "type": "Feature", "properties": { "addr_city": "Santiago", "addr_country": null, "addr_housenumber": "552", "addr_postcode": null, "addr_street": "Avenida Portugal", "addr_suburb": null, "addr_unit": null, "amenity": null, "amperage": null, "brand": null, "building": null, "description": null, "level_": null, "name": "Pastelería Vienesa", "name_en": null, "name_es": null, "opening_hours": null, "operator": null, "phone": "222225473", "shop": "bakery", "source_transform": null, "source_date": null, "website": null, "wheelchair": null, "objectid": 6395330, "osm_id2": "5876458885" }, "geometry": { "type": "Point", "coordinates": [ -70.6349821, -33.448902 ] } },
{ "type": "Feature", "properties": { "addr_city": "Santiago", "addr_country": null, "addr_housenumber": "635", "addr_postcode": null, "addr_street": "Avenida Portugal", "addr_suburb": null, "addr_unit": null, "amenity": null, "amperage": null, "brand": null, "building": null, "description": null, "level_": null, "name": "Mecánico", "name_en": null, "name_es": null, "opening_hours": null, "operator": null, "phone": null, "shop": "car_repair", "source_transform": null, "source_date": null, "website": null, "wheelchair": null, "objectid": 6395364, "osm_id2": "4195326290" }, "geometry": { "type": "Point", "coordinates": [ -70.635017, -33.4491883 ] } },
{ "type": "Feature", "properties": { "addr_city": "Santiago", "addr_country": null, "addr_housenumber": null, "addr_postcode": null, "addr_street": "Fray Camilo Henríquez", "addr_suburb": null, "addr_unit": null, "amenity": null, "amperage": null, "brand": null, "building": null, "description": null, "level_": null, "name": null, "name_en": null, "name_es": null, "opening_hours": null, "operator": null, "phone": null, "shop": "motorcycle_repair", "source_transform": null, "source_date": null, "website": null, "wheelchair": null, "objectid": 6389037, "osm_id2": "6446975842" }, "geometry": { "type": "Point", "coordinates": [ -70.635516500001103, -33.444547799274098 ] } },
{ "type": "Feature", "properties": { "addr_city": "Santiago", "addr_country": null, "addr_housenumber": null, "addr_postcode": null, "addr_street": "Fray Camilo Henríquez", "addr_suburb": null, "addr_unit": null, "amenity": null, "amperage": null, "brand": null, "building": null, "description": null, "level_": null, "name": "Almacén de Cain", "name_en": null, "name_es": null, "opening_hours": null, "operator": null, "phone": null, "shop": "variety_store", "source_transform": null, "source_date": null, "website": null, "wheelchair": null, "objectid": 6389040, "osm_id2": "6446887173" }, "geometry": { "type": "Point", "coordinates": [ -70.635436499635205, -33.444692199680802 ] } },
{ "type": "Feature", "properties": { "addr_city": "Santiago", "addr_country": null, "addr_housenumber": "402", "addr_postcode": null, "addr_street": "Curicó", "addr_suburb": null, "addr_unit": null, "amenity": null, "amperage": null, "brand": null, "building": null, "description": null, "level_": null, "name": "Cyro", "name_en": null, "name_es": null, "opening_hours": null, "operator": null, "phone": null, "shop": "laundry", "source_transform": null, "source_date": null, "website": null, "wheelchair": null, "objectid": 6389447, "osm_id2": "7660028316" }, "geometry": { "type": "Point", "coordinates": [ -70.640452100191894, -33.445460299304997 ] } },
{ "type": "Feature", "properties": { "addr_city": "Santiago", "addr_country": null, "addr_housenumber": "173", "addr_postcode": null, "addr_street": "Lira", "addr_suburb": null, "addr_unit": null, "amenity": null, "amperage": null, "brand": null, "building": null, "description": null, "level_": null, "name": "El Vértigo", "name_en": null, "name_es": null, "opening_hours": null, "operator": null, "phone": null, "shop": "alcohol", "source_transform": null, "source_date": null, "website": null, "wheelchair": null, "objectid": 6389448, "osm_id2": "7660028312" }, "geometry": { "type": "Point", "coordinates": [ -70.640438700022898, -33.445492299685498 ] } },
{ "type": "Feature", "properties": { "addr_city": "Santiago", "addr_country": null, "addr_housenumber": "406", "addr_postcode": null, "addr_street": "Curicó", "addr_suburb": null, "addr_unit": null, "amenity": null, "amperage": null, "brand": null, "building": null, "description": null, "level_": null, "name": "Doris", "name_en": null, "name_es": null, "opening_hours": null, "operator": null, "phone": null, "shop": "convenience", "source_transform": null, "source_date": null, "website": null, "wheelchair": null, "objectid": 6389449, "osm_id2": "7660028320" }, "geometry": { "type": "Point", "coordinates": [ -70.640515399978398, -33.445482199313702 ] } },
{ "type": "Feature", "properties": { "addr_city": "Santiago", "addr_country": null, "addr_housenumber": "410", "addr_postcode": null, "addr_street": "Curicó", "addr_suburb": null, "addr_unit": null, "amenity": null, "amperage": null, "brand": null, "building": null, "description": null, "level_": null, "name": "Blow Up", "name_en": null, "name_es": null, "opening_hours": null, "operator": null, "phone": null, "shop": "hairdresser", "source_transform": null, "source_date": null, "website": null, "wheelchair": null, "objectid": 6389450, "osm_id2": "7660028317" }, "geometry": { "type": "Point", "coordinates": [ -70.6405976003185, -33.445529399334298 ] } },
{ "type": "Feature", "properties": { "addr_city": "Santiago", "addr_country": null, "addr_housenumber": "412", "addr_postcode": null, "addr_street": "Curicó", "addr_suburb": null, "addr_unit": null, "amenity": null, "amperage": null, "brand": null, "building": null, "description": null, "level_": null, "name": "ComTech", "name_en": null, "name_es": null, "opening_hours": null, "operator": null, "phone": null, "shop": "pet", "source_transform": null, "source_date": null, "website": null, "wheelchair": null, "objectid": 6389454, "osm_id2": "7660028318" }, "geometry": { "type": "Point", "coordinates": [ -70.640650699735005, -33.445554599652297 ] } },
{ "type": "Feature", "properties": { "addr_city": "Santiago", "addr_country": null, "addr_housenumber": "414", "addr_postcode": null, "addr_street": "Curicó", "addr_suburb": null, "addr_unit": null, "amenity": null, "amperage": null, "brand": null, "building": null, "description": null, "level_": null, "name": "Cultura Chupistica", "name_en": null, "name_es": null, "opening_hours": null, "operator": null, "phone": null, "shop": "alcohol", "source_transform": null, "source_date": null, "website": null, "wheelchair": null, "objectid": 6389455, "osm_id2": "1503996694" }, "geometry": { "type": "Point", "coordinates": [ -70.640705099911898, -33.445578899737903 ] } },
{ "type": "Feature", "properties": { "addr_city": "Santiago", "addr_country": null, "addr_housenumber": null, "addr_postcode": null, "addr_street": "Brown Sur", "addr_suburb": null, "addr_unit": null, "amenity": null, "amperage": null, "brand": null, "building": null, "description": null, "level_": null, "name": null, "name_en": null, "name_es": null, "opening_hours": null, "operator": null, "phone": null, "shop": "florist", "source_transform": null, "source_date": null, "website": null, "wheelchair": null, "objectid": 6392683, "osm_id2": "3144342387" }, "geometry": { "type": "Point", "coordinates": [ -70.592238500203706, -33.456740599906801 ] } },
{ "type": "Feature", "properties": { "addr_city": "Santiago", "addr_country": null, "addr_housenumber": "1439 local 8s", "addr_postcode": null, "addr_street": "Avenida Italia", "addr_suburb": null, "addr_unit": null, "amenity": null, "amperage": null, "brand": null, "building": null, "description": null, "level_": null, "name": "Infierno Gourmet", "name_en": null, "name_es": null, "opening_hours": "11:00-20:00", "operator": null, "phone": null, "shop": "convenience", "source_transform": null, "source_date": null, "website": "https://infiernogourmet.cl/", "wheelchair": null, "objectid": 6394238, "osm_id2": "3213596446" }, "geometry": { "type": "Point", "coordinates": [ -70.625412, -33.4476808 ] } },
{ "type": "Feature", "properties": { "addr_city": "Santiago", "addr_country": null, "addr_housenumber": "1245", "addr_postcode": null, "addr_street": "Avenida Portugal", "addr_suburb": null, "addr_unit": null, "amenity": null, "amperage": null, "brand": null, "building": null, "description": "Papel higiénico Incoludido, el primer proyecto anticolusión del planeta // Incoludido toilet paper, the firs anti-colusion project in the planet", "level_": null, "name": "Incoludido", "name_en": null, "name_es": null, "opening_hours": "Mo-Fr 10:00-20:00", "operator": "Social Growing", "phone": "+56 2 29047411", "shop": "yes", "source_transform": null, "source_date": null, "website": "https://incoludido.cl", "wheelchair": null, "objectid": 6397995, "osm_id2": "5286798824" }, "geometry": { "type": "Point", "coordinates": [ -70.6327928996878, -33.458537399526399 ] } },
{ "type": "Feature", "properties": { "addr_city": "Santiago", "addr_country": null, "addr_housenumber": "225", "addr_postcode": null, "addr_street": "Tucapel", "addr_suburb": null, "addr_unit": null, "amenity": null, "amperage": null, "brand": null, "building": null, "description": null, "level_": null, "name": "Dark One", "name_en": null, "name_es": null, "opening_hours": null, "operator": null, "phone": null, "shop": "tattoo", "source_transform": null, "source_date": null, "website": "https://www.instagram.com/darkone.tiendastudio/", "wheelchair": null, "objectid": 10634151, "osm_id2": "11094178531" }, "geometry": { "type": "Point", "coordinates": [ -70.6271834, -33.4514244 ] } },
{ "type": "Feature", "properties": { "addr_city": "Santiago", "addr_country": null, "addr_housenumber": "758", "addr_postcode": null, "addr_street": "Seminario", "addr_suburb": null, "addr_unit": null, "amenity": null, "amperage": null, "brand": null, "building": null, "description": null, "level_": null, "name": "Band of Barber", "name_en": null, "name_es": null, "opening_hours": "Mo-Vi 10:00-20:00; Sa-Su 10:00-17:00", "operator": null, "phone": null, "shop": "hairdresser", "source_transform": null, "source_date": null, "website": "https://www.bandofbarbers.cl/", "wheelchair": null, "objectid": 10634152, "osm_id2": "11094178532" }, "geometry": { "type": "Point", "coordinates": [ -70.6273189, -33.4514445 ] } },
{ "type": "Feature", "properties": { "addr_city": "Santiago", "addr_country": null, "addr_housenumber": "768", "addr_postcode": null, "addr_street": "Seminario", "addr_suburb": null, "addr_unit": null, "amenity": null, "amperage": null, "brand": null, "building": null, "description": null, "level_": null, "name": "Playset", "name_en": null, "name_es": null, "opening_hours": "Mo-Fr 12:00-21:00", "operator": null, "phone": null, "shop": "games", "source_transform": null, "source_date": null, "website": "https://www.playset.cl/", "wheelchair": null, "objectid": 10526683, "osm_id2": "11050122209" }, "geometry": { "type": "Point", "coordinates": [ -70.6272953, -33.4515043 ] } },
{ "type": "Feature", "properties": { "addr_city": "Santiago", "addr_country": null, "addr_housenumber": "768", "addr_postcode": null, "addr_street": null, "addr_suburb": null, "addr_unit": null, "amenity": null, "amperage": null, "brand": "Oxxo", "building": null, "description": null, "level_": null, "name": "Oxxo", "name_en": null, "name_es": null, "opening_hours": "Mo-Fr 7:15-22:00 Sa 08:00-22:00", "operator": null, "phone": null, "shop": "convenience", "source_transform": null, "source_date": null, "website": null, "wheelchair": null, "objectid": 10526684, "osm_id2": "11050122210" }, "geometry": { "type": "Point", "coordinates": [ -70.6272758, -33.4515924 ] } },
{ "type": "Feature", "properties": { "addr_city": "Santiago", "addr_country": null, "addr_housenumber": null, "addr_postcode": null, "addr_street": "Santa Victoria", "addr_suburb": null, "addr_unit": null, "amenity": null, "amperage": null, "brand": null, "building": null, "description": "Acrilicos dimensionados Fabricacion de piezas especiales", "level_": null, "name": "Acrilicos Franc", "name_en": null, "name_es": null, "opening_hours": null, "operator": null, "phone": "+56222223247", "shop": "yes", "source_transform": null, "source_date": null, "website": null, "wheelchair": null, "objectid": 8195385, "osm_id2": "9155648890" }, "geometry": { "type": "Point", "coordinates": [ -70.6392301, -33.4479973 ] } },
{ "type": "Feature", "properties": { "addr_city": "Santiago", "addr_country": null, "addr_housenumber": null, "addr_postcode": null, "addr_street": null, "addr_suburb": null, "addr_unit": null, "amenity": null, "amperage": null, "brand": null, "building": null, "description": null, "level_": null, "name": "Carnes y quesos del sur", "name_en": null, "name_es": null, "opening_hours": "Mo-Sa 09:00-19:00", "operator": null, "phone": null, "shop": "butcher", "source_transform": null, "source_date": null, "website": null, "wheelchair": null, "objectid": 8196149, "osm_id2": "9155692373" }, "geometry": { "type": "Point", "coordinates": [ -70.6393966, -33.4478571 ] } },
{ "type": "Feature", "properties": { "addr_city": "Santiago", "addr_country": null, "addr_housenumber": "667", "addr_postcode": null, "addr_street": "Seminario", "addr_suburb": null, "addr_unit": null, "amenity": null, "amperage": null, "brand": null, "building": null, "description": null, "level_": null, "name": "Mazamiel", "name_en": null, "name_es": null, "opening_hours": null, "operator": null, "phone": null, "shop": "bakery", "source_transform": null, "source_date": null, "website": "https://www.mazamiel.cl/", "wheelchair": null, "objectid": 10524806, "osm_id2": "11048469843" }, "geometry": { "type": "Point", "coordinates": [ -70.6279188, -33.4500549 ] } },
{ "type": "Feature", "properties": { "addr_city": "Santiago", "addr_country": null, "addr_housenumber": "101A", "addr_postcode": null, "addr_street": "Avenida Diez de Julio Huamachuco", "addr_suburb": null, "addr_unit": null, "amenity": null, "amperage": null, "brand": null, "building": null, "description": null, "level_": null, "name": "Pasteleria Doña Peta", "name_en": null, "name_es": null, "opening_hours": null, "operator": null, "phone": "+56 9 45 29 1329", "shop": "pastry", "source_transform": null, "source_date": null, "website": null, "wheelchair": null, "objectid": 7937902, "osm_id2": "9005878112" }, "geometry": { "type": "Point", "coordinates": [ -70.6325465, -33.4514942 ] } },
{ "type": "Feature", "properties": { "addr_city": "Santiago", "addr_country": null, "addr_housenumber": "0348", "addr_postcode": null, "addr_street": "Malaquias Concha", "addr_suburb": null, "addr_unit": null, "amenity": null, "amperage": null, "brand": null, "building": null, "description": null, "level_": null, "name": "Insumos con Amor", "name_en": null, "name_es": null, "opening_hours": null, "operator": null, "phone": null, "shop": "craft", "source_transform": null, "source_date": null, "website": "https://insumosconamorchile.cl/", "wheelchair": null, "objectid": 10603133, "osm_id2": "11076980808" }, "geometry": { "type": "Point", "coordinates": [ -70.62613, -33.4486858 ] } },
{ "type": "Feature", "properties": { "addr_city": "Santiago", "addr_country": null, "addr_housenumber": null, "addr_postcode": null, "addr_street": "Avenida Santa Rosa", "addr_suburb": null, "addr_unit": null, "amenity": null, "amperage": null, "brand": null, "building": null, "description": null, "level_": null, "name": "Santa Xiomara Red Market", "name_en": null, "name_es": null, "opening_hours": null, "operator": null, "phone": null, "shop": "convenience", "source_transform": "Reconocimiento cartográfico 2016 por KG.", "source_date": null, "website": null, "wheelchair": null, "objectid": 6395528, "osm_id2": "4465566418" }, "geometry": { "type": "Point", "coordinates": [ -70.644799900352993, -33.4478825992406 ] } },
{ "type": "Feature", "properties": { "addr_city": "Santiago", "addr_country": null, "addr_housenumber": null, "addr_postcode": null, "addr_street": "Manuel Antonio Tocornal", "addr_suburb": null, "addr_unit": null, "amenity": null, "amperage": null, "brand": null, "building": null, "description": null, "level_": null, "name": "Salón Gina look", "name_en": null, "name_es": null, "opening_hours": null, "operator": null, "phone": "+56274798190", "shop": "hairdresser", "source_transform": null, "source_date": null, "website": null, "wheelchair": null, "objectid": 6395552, "osm_id2": "5827477185" }, "geometry": { "type": "Point", "coordinates": [ -70.640471, -33.448486 ] } },
{ "type": "Feature", "properties": { "addr_city": "Santiago", "addr_country": null, "addr_housenumber": null, "addr_postcode": null, "addr_street": "Santa Victoria", "addr_suburb": null, "addr_unit": null, "amenity": null, "amperage": null, "brand": null, "building": null, "description": null, "level_": null, "name": "Las 4 Hermanas", "name_en": null, "name_es": null, "opening_hours": null, "operator": null, "phone": null, "shop": "greengrocer", "source_transform": null, "source_date": null, "website": null, "wheelchair": null, "objectid": 6395554, "osm_id2": "7907135550" }, "geometry": { "type": "Point", "coordinates": [ -70.6404357, -33.4485687 ] } },
{ "type": "Feature", "properties": { "addr_city": "Santiago", "addr_country": null, "addr_housenumber": "745", "addr_postcode": null, "addr_street": "Avenida Santa Rosa", "addr_suburb": null, "addr_unit": null, "amenity": null, "amperage": null, "brand": null, "building": null, "description": null, "level_": null, "name": "Ecoparts Ltda. Desarmaduria 4x4", "name_en": "Ecoparts Ltda. Used 4x4 parts", "name_es": null, "opening_hours": "Mo-Fr 09:00-18:00; Sa 09:30-14:00", "operator": null, "phone": "+56226352639", "shop": "car_parts", "source_transform": null, "source_date": null, "website": "https://www.ecoparts.cl/", "wheelchair": null, "objectid": 6397695, "osm_id2": "5144936423" }, "geometry": { "type": "Point", "coordinates": [ -70.6440084, -33.4539594 ] } },
{ "type": "Feature", "properties": { "addr_city": "Santiago", "addr_country": null, "addr_housenumber": "802", "addr_postcode": null, "addr_street": "Avenida Santa Rosa", "addr_suburb": null, "addr_unit": null, "amenity": null, "amperage": null, "brand": null, "building": null, "description": null, "level_": null, "name": "Almacén El Chiquitin", "name_en": null, "name_es": null, "opening_hours": null, "operator": null, "phone": null, "shop": "yes", "source_transform": "Reconocimiento cartográfico 2016 por KG.", "source_date": null, "website": null, "wheelchair": null, "objectid": 6397705, "osm_id2": "4456770522" }, "geometry": { "type": "Point", "coordinates": [ -70.6437275, -33.4545128 ] } },
{ "type": "Feature", "properties": { "addr_city": "Santiago", "addr_country": null, "addr_housenumber": null, "addr_postcode": null, "addr_street": "Copiapó", "addr_suburb": null, "addr_unit": null, "amenity": null, "amperage": null, "brand": null, "building": null, "description": null, "level_": null, "name": "Covercar", "name_en": null, "name_es": null, "opening_hours": null, "operator": null, "phone": null, "shop": "car_repair", "source_transform": "Reconocimiento cortográfico de campo 2016 por KG", "source_date": null, "website": null, "wheelchair": null, "objectid": 6397715, "osm_id2": "4456743168" }, "geometry": { "type": "Point", "coordinates": [ -70.6446609, -33.4547064 ] } },
{ "type": "Feature", "properties": { "addr_city": "Santiago", "addr_country": null, "addr_housenumber": null, "addr_postcode": null, "addr_street": "Copiapó", "addr_suburb": null, "addr_unit": null, "amenity": null, "amperage": null, "brand": null, "building": null, "description": null, "level_": null, "name": "Radio Korea", "name_en": null, "name_es": null, "opening_hours": null, "operator": null, "phone": null, "shop": "car_repair", "source_transform": "Reconocimiento cortográfico de campo 2016 por KG", "source_date": null, "website": null, "wheelchair": null, "objectid": 6397716, "osm_id2": "4456743167" }, "geometry": { "type": "Point", "coordinates": [ -70.6447482, -33.4547189 ] } },
{ "type": "Feature", "properties": { "addr_city": "Santiago", "addr_country": null, "addr_housenumber": null, "addr_postcode": null, "addr_street": "Copiapó", "addr_suburb": null, "addr_unit": null, "amenity": null, "amperage": null, "brand": null, "building": null, "description": null, "level_": null, "name": "Auto Krom", "name_en": null, "name_es": null, "opening_hours": null, "operator": null, "phone": null, "shop": "yes", "source_transform": "Reconocimiento cortográfico de campo 2016 por KG", "source_date": null, "website": null, "wheelchair": null, "objectid": 6397717, "osm_id2": "4456743163" }, "geometry": { "type": "Point", "coordinates": [ -70.6448181, -33.4547356 ] } },
{ "type": "Feature", "properties": { "addr_city": "Santiago", "addr_country": null, "addr_housenumber": null, "addr_postcode": null, "addr_street": "Copiapó", "addr_suburb": null, "addr_unit": null, "amenity": null, "amperage": null, "brand": null, "building": null, "description": null, "level_": null, "name": "Audio Box Center", "name_en": null, "name_es": null, "opening_hours": null, "operator": null, "phone": null, "shop": "yes", "source_transform": "Reconocimiento cortográfico de campo 2016 por KG", "source_date": null, "website": null, "wheelchair": null, "objectid": 6397718, "osm_id2": "4456743162" }, "geometry": { "type": "Point", "coordinates": [ -70.644923, -33.4547522 ] } },
{ "type": "Feature", "properties": { "addr_city": "Santiago", "addr_country": null, "addr_housenumber": null, "addr_postcode": null, "addr_street": "San Francisco", "addr_suburb": null, "addr_unit": null, "amenity": null, "amperage": null, "brand": null, "building": null, "description": null, "level_": null, "name": "Auto Films Polarizado", "name_en": null, "name_es": null, "opening_hours": null, "operator": null, "phone": null, "shop": "car_parts", "source_transform": "Reconocimiento cortográfico de campo 2016 por KG", "source_date": null, "website": null, "wheelchair": null, "objectid": 6397722, "osm_id2": "4456683597" }, "geometry": { "type": "Point", "coordinates": [ -70.6462049, -33.4547154 ] } },
{ "type": "Feature", "properties": { "addr_city": "Santiago", "addr_country": null, "addr_housenumber": null, "addr_postcode": null, "addr_street": "San Francisco", "addr_suburb": null, "addr_unit": null, "amenity": null, "amperage": null, "brand": null, "building": null, "description": null, "level_": null, "name": "Screen Graf", "name_en": null, "name_es": null, "opening_hours": null, "operator": null, "phone": null, "shop": "yes", "source_transform": "Reconocimiento cortográfico de campo 2016 por KG", "source_date": null, "website": null, "wheelchair": null, "objectid": 6397740, "osm_id2": "4474264624" }, "geometry": { "type": "Point", "coordinates": [ -70.646302, -33.4552961 ] } },
{ "type": "Feature", "properties": { "addr_city": "Santiago", "addr_country": null, "addr_housenumber": null, "addr_postcode": null, "addr_street": "San Francisco", "addr_suburb": null, "addr_unit": null, "amenity": null, "amperage": null, "brand": null, "building": null, "description": null, "level_": null, "name": "Citroen Ardiles", "name_en": null, "name_es": null, "opening_hours": null, "operator": null, "phone": null, "shop": "car_repair", "source_transform": "Reconocimiento cortográfico de campo 2016 por KG", "source_date": null, "website": null, "wheelchair": null, "objectid": 6397741, "osm_id2": "4473709210" }, "geometry": { "type": "Point", "coordinates": [ -70.6460447, -33.4554026 ] } },
{ "type": "Feature", "properties": { "addr_city": "Santiago", "addr_country": null, "addr_housenumber": null, "addr_postcode": null, "addr_street": "San Isidro", "addr_suburb": null, "addr_unit": null, "amenity": null, "amperage": null, "brand": null, "building": null, "description": null, "level_": null, "name": "Nine To Nine", "name_en": null, "name_es": null, "opening_hours": "Mo-Su 09:00-21:00", "operator": null, "phone": null, "shop": "convenience", "source_transform": null, "source_date": null, "website": null, "wheelchair": null, "objectid": 6397774, "osm_id2": "3752968228" }, "geometry": { "type": "Point", "coordinates": [ -70.641359599851498, -33.456036899707698 ] } },
{ "type": "Feature", "properties": { "addr_city": "Santiago", "addr_country": null, "addr_housenumber": "47 \"A\"", "addr_postcode": null, "addr_street": "Avenida Vicuña Mackenna", "addr_suburb": null, "addr_unit": null, "amenity": null, "amperage": null, "brand": null, "building": null, "description": null, "level_": null, "name": "Sur Artesania", "name_en": null, "name_es": null, "opening_hours": "10:00-14:30,16:30-21:00", "operator": "Sur Artesania S.L.", "phone": null, "shop": "craft", "source_transform": null, "source_date": null, "website": null, "wheelchair": null, "objectid": 6388097, "osm_id2": "4674839579" }, "geometry": { "type": "Point", "coordinates": [ -70.634643999603298, -33.439879799455298 ] } },
{ "type": "Feature", "properties": { "addr_city": "Santiago", "addr_country": null, "addr_housenumber": "51", "addr_postcode": null, "addr_street": "Diagonal Paraguay", "addr_suburb": null, "addr_unit": null, "amenity": null, "amperage": null, "brand": null, "building": null, "description": null, "level_": null, "name": "Mini Market", "name_en": null, "name_es": null, "opening_hours": "Mo-Th 10:00-22:30", "operator": null, "phone": null, "shop": "convenience", "source_transform": null, "source_date": null, "website": null, "wheelchair": null, "objectid": 6388303, "osm_id2": "1258962056" }, "geometry": { "type": "Point", "coordinates": [ -70.634604499782, -33.441959699567597 ] } },
{ "type": "Feature", "properties": { "addr_city": "Santiago", "addr_country": null, "addr_housenumber": "65", "addr_postcode": null, "addr_street": "José Victorino Lastarria", "addr_suburb": null, "addr_unit": null, "amenity": null, "amperage": null, "brand": null, "building": null, "description": null, "level_": null, "name": "Fork", "name_en": null, "name_es": null, "opening_hours": null, "operator": null, "phone": null, "shop": "health_food", "source_transform": null, "source_date": null, "website": null, "wheelchair": null, "objectid": 6388406, "osm_id2": "1841266856" }, "geometry": { "type": "Point", "coordinates": [ -70.6410761, -33.4394836 ] } },
{ "type": "Feature", "properties": { "addr_city": "Santiago", "addr_country": null, "addr_housenumber": "2", "addr_postcode": null, "addr_street": "Pasaje Lastarria 70", "addr_suburb": null, "addr_unit": null, "amenity": null, "amperage": null, "brand": null, "building": null, "description": null, "level_": null, "name": "Ulises", "name_en": null, "name_es": null, "opening_hours": "Mo-Su 11:00-20:00", "operator": null, "phone": "+56 2 2638 4124", "shop": "books", "source_transform": null, "source_date": null, "website": "https://uliseslastarria.cl", "wheelchair": null, "objectid": 6388445, "osm_id2": "3369420093" }, "geometry": { "type": "Point", "coordinates": [ -70.64152, -33.439744 ] } },
{ "type": "Feature", "properties": { "addr_city": "Santiago", "addr_country": null, "addr_housenumber": null, "addr_postcode": null, "addr_street": "Moneda", "addr_suburb": null, "addr_unit": null, "amenity": null, "amperage": null, "brand": null, "building": null, "description": null, "level_": null, "name": "Optica Visual", "name_en": null, "name_es": null, "opening_hours": null, "operator": null, "phone": null, "shop": "optician", "source_transform": "Reconocimiento cartográfico 2016 por KG.", "source_date": null, "website": null, "wheelchair": null, "objectid": 6388703, "osm_id2": "4446300349" }, "geometry": { "type": "Point", "coordinates": [ -70.6463813, -33.4414395 ] } },
{ "type": "Feature", "properties": { "addr_city": "Santiago", "addr_country": null, "addr_housenumber": "180", "addr_postcode": null, "addr_street": "Diagonal Paraguay", "addr_suburb": null, "addr_unit": null, "amenity": null, "amperage": null, "brand": null, "building": null, "description": null, "level_": null, "name": null, "name_en": null, "name_es": null, "opening_hours": null, "operator": null, "phone": null, "shop": "convenience", "source_transform": null, "source_date": null, "website": null, "wheelchair": null, "objectid": 6388868, "osm_id2": "2840178635" }, "geometry": { "type": "Point", "coordinates": [ -70.635951, -33.4425741 ] } },
{ "type": "Feature", "properties": { "addr_city": "Santiago", "addr_country": null, "addr_housenumber": "390", "addr_postcode": null, "addr_street": "Diagonal Paraguay", "addr_suburb": null, "addr_unit": "Local 1", "amenity": null, "amperage": null, "brand": null, "building": null, "description": null, "level_": null, "name": "Outdoorchile", "name_en": null, "name_es": null, "opening_hours": null, "operator": null, "phone": null, "shop": "yes", "source_transform": null, "source_date": null, "website": "http://www.outdoorchile.net/", "wheelchair": null, "objectid": 6389233, "osm_id2": "5320329357" }, "geometry": { "type": "Point", "coordinates": [ -70.640638900363697, -33.443550199555602 ] } },
{ "type": "Feature", "properties": { "addr_city": "Santiago", "addr_country": null, "addr_housenumber": "471", "addr_postcode": null, "addr_street": "Diagonal Paraguay", "addr_suburb": null, "addr_unit": null, "amenity": null, "amperage": null, "brand": null, "building": null, "description": null, "level_": null, "name": "Del Sur", "name_en": null, "name_es": null, "opening_hours": null, "operator": null, "phone": null, "shop": "convenience", "source_transform": null, "source_date": null, "website": "https://www.comercialdelsur.cl/", "wheelchair": null, "objectid": 6389255, "osm_id2": "4924615237" }, "geometry": { "type": "Point", "coordinates": [ -70.6426999, -33.4424732 ] } },
{ "type": "Feature", "properties": { "addr_city": "Santiago", "addr_country": null, "addr_housenumber": null, "addr_postcode": null, "addr_street": "Santa Victoria", "addr_suburb": null, "addr_unit": null, "amenity": null, "amperage": null, "brand": null, "building": null, "description": null, "level_": null, "name": "Las 4 hermanas", "name_en": null, "name_es": null, "opening_hours": "Mo-Su 09:00-22:00", "operator": null, "phone": null, "shop": "bakery", "source_transform": null, "source_date": null, "website": null, "wheelchair": null, "objectid": 6395555, "osm_id2": "4250746589" }, "geometry": { "type": "Point", "coordinates": [ -70.6404874, -33.4485856 ] } },
{ "type": "Feature", "properties": { "addr_city": "Santiago", "addr_country": null, "addr_housenumber": null, "addr_postcode": null, "addr_street": "Santa Victoria", "addr_suburb": null, "addr_unit": null, "amenity": null, "amperage": null, "brand": null, "building": null, "description": null, "level_": null, "name": "La tia tita", "name_en": null, "name_es": null, "opening_hours": null, "operator": null, "phone": null, "shop": "bakery", "source_transform": null, "source_date": null, "website": null, "wheelchair": null, "objectid": 6395563, "osm_id2": "7907100515" }, "geometry": { "type": "Point", "coordinates": [ -70.6407881, -33.4485481 ] } },
{ "type": "Feature", "properties": { "addr_city": "Santiago", "addr_country": null, "addr_housenumber": "459", "addr_postcode": null, "addr_street": null, "addr_suburb": null, "addr_unit": null, "amenity": null, "amperage": null, "brand": null, "building": null, "description": null, "level_": null, "name": "Pingüino Blanco", "name_en": null, "name_es": null, "opening_hours": null, "operator": null, "phone": null, "shop": "frozen_food", "source_transform": null, "source_date": null, "website": null, "wheelchair": null, "objectid": 6395567, "osm_id2": "7619065565" }, "geometry": { "type": "Point", "coordinates": [ -70.6405934, -33.4490521 ] } },
{ "type": "Feature", "properties": { "addr_city": "Santiago", "addr_country": null, "addr_housenumber": "475", "addr_postcode": null, "addr_street": null, "addr_suburb": null, "addr_unit": null, "amenity": null, "amperage": null, "brand": null, "building": null, "description": null, "level_": null, "name": "Mayra", "name_en": null, "name_es": null, "opening_hours": null, "operator": null, "phone": null, "shop": "hairdresser", "source_transform": null, "source_date": null, "website": null, "wheelchair": null, "objectid": 6395585, "osm_id2": "7619065567" }, "geometry": { "type": "Point", "coordinates": [ -70.6405252, -33.449258 ] } },
{ "type": "Feature", "properties": { "addr_city": "Santiago", "addr_country": null, "addr_housenumber": "459", "addr_postcode": null, "addr_street": "Santa Isabel", "addr_suburb": null, "addr_unit": null, "amenity": null, "amperage": null, "brand": null, "building": null, "description": null, "level_": null, "name": "Todo Market", "name_en": null, "name_es": null, "opening_hours": null, "operator": null, "phone": null, "shop": "convenience", "source_transform": null, "source_date": null, "website": null, "wheelchair": null, "objectid": 6395594, "osm_id2": "7619065569" }, "geometry": { "type": "Point", "coordinates": [ -70.640683299596603, -33.449414899841301 ] } },
{ "type": "Feature", "properties": { "addr_city": "Santiago", "addr_country": null, "addr_housenumber": "455", "addr_postcode": null, "addr_street": "Avenida Santa Rosa", "addr_suburb": null, "addr_unit": null, "amenity": null, "amperage": null, "brand": null, "building": null, "description": null, "level_": null, "name": "Servicio Técnico Kia", "name_en": null, "name_es": null, "opening_hours": null, "operator": null, "phone": null, "shop": "car_repair", "source_transform": null, "source_date": null, "website": null, "wheelchair": null, "objectid": 6395664, "osm_id2": "3238633992" }, "geometry": { "type": "Point", "coordinates": [ -70.644831, -33.4500034 ] } },
{ "type": "Feature", "properties": { "addr_city": "Santiago", "addr_country": null, "addr_housenumber": "603", "addr_postcode": "8330565", "addr_street": "Avenida Diez de Julio Huamachuco", "addr_suburb": null, "addr_unit": null, "amenity": null, "amperage": null, "brand": null, "building": null, "description": null, "level_": null, "name": "Repuestos Mac", "name_en": null, "name_es": null, "opening_hours": "Mo-Fr 09:30-18:30; Sa 10:00-14:00", "operator": "Repuestos Mac", "phone": null, "shop": "car_parts", "source_transform": "Reconocimiento cartográfico 2016 por KG.;local knowledge", "source_date": null, "website": "https://www.repuestosmac.cl", "wheelchair": null, "objectid": 6396252, "osm_id2": "4463945717" }, "geometry": { "type": "Point", "coordinates": [ -70.642563300111405, -33.4529200996935 ] } },
{ "type": "Feature", "properties": { "addr_city": "Santiago", "addr_country": null, "addr_housenumber": "688", "addr_postcode": null, "addr_street": "Avenida 10 de Julio", "addr_suburb": null, "addr_unit": null, "amenity": null, "amperage": null, "brand": null, "building": null, "description": null, "level_": null, "name": "Repuestos MF Ltda.", "name_en": null, "name_es": null, "opening_hours": null, "operator": null, "phone": null, "shop": "car_parts", "source_transform": "Reconocimiento cartográfico 2016 por KG.", "source_date": null, "website": null, "wheelchair": null, "objectid": 6396289, "osm_id2": "4465366000" }, "geometry": { "type": "Point", "coordinates": [ -70.6436478, -33.4533154 ] } },
{ "type": "Feature", "properties": { "addr_city": "Santiago", "addr_country": null, "addr_housenumber": null, "addr_postcode": null, "addr_street": "Avenida 10 de Julio", "addr_suburb": null, "addr_unit": null, "amenity": null, "amperage": null, "brand": null, "building": null, "description": null, "level_": null, "name": "Car Parts Importadores Directos", "name_en": null, "name_es": null, "opening_hours": null, "operator": null, "phone": null, "shop": "car_parts", "source_transform": "Reconocimiento cartográfico 2016 por KG.", "source_date": null, "website": null, "wheelchair": null, "objectid": 6396290, "osm_id2": "4465365995" }, "geometry": { "type": "Point", "coordinates": [ -70.6437173, -33.453331 ] } },
{ "type": "Feature", "properties": { "addr_city": "Santiago", "addr_country": null, "addr_housenumber": null, "addr_postcode": null, "addr_street": "Avenida 10 de Julio", "addr_suburb": null, "addr_unit": null, "amenity": null, "amperage": null, "brand": null, "building": null, "description": null, "level_": null, "name": "Combel", "name_en": null, "name_es": null, "opening_hours": null, "operator": null, "phone": null, "shop": "car_parts", "source_transform": "Reconocimiento cartográfico 2016 por KG.", "source_date": null, "website": null, "wheelchair": null, "objectid": 6396294, "osm_id2": "4465365994" }, "geometry": { "type": "Point", "coordinates": [ -70.6437627, -33.4533388 ] } },
{ "type": "Feature", "properties": { "addr_city": "Santiago", "addr_country": null, "addr_housenumber": null, "addr_postcode": null, "addr_street": "Avenida 10 de Julio", "addr_suburb": null, "addr_unit": null, "amenity": null, "amperage": null, "brand": null, "building": null, "description": null, "level_": null, "name": "Parrillas", "name_en": null, "name_es": null, "opening_hours": null, "operator": null, "phone": null, "shop": "car_parts", "source_transform": "Reconocimiento cartográfico 2016 por KG.", "source_date": null, "website": null, "wheelchair": null, "objectid": 6396310, "osm_id2": "4463975662" }, "geometry": { "type": "Point", "coordinates": [ -70.6442086, -33.4532501 ] } },
{ "type": "Feature", "properties": { "addr_city": "Santiago", "addr_country": null, "addr_housenumber": "703", "addr_postcode": null, "addr_street": "Avenida 10 de Julio", "addr_suburb": null, "addr_unit": null, "amenity": null, "amperage": null, "brand": null, "building": null, "description": null, "level_": null, "name": "Acrilico", "name_en": null, "name_es": null, "opening_hours": null, "operator": null, "phone": null, "shop": "yes", "source_transform": "Reconocimiento cartográfico 2016 por KG.", "source_date": null, "website": null, "wheelchair": null, "objectid": 6396311, "osm_id2": "4463975663" }, "geometry": { "type": "Point", "coordinates": [ -70.6442559, -33.4532574 ] } },
{ "type": "Feature", "properties": { "addr_city": "Santiago", "addr_country": null, "addr_housenumber": "705", "addr_postcode": null, "addr_street": "Avenida 10 de Julio", "addr_suburb": null, "addr_unit": null, "amenity": null, "amperage": null, "brand": null, "building": null, "description": null, "level_": null, "name": "Bombas Reparaciones", "name_en": null, "name_es": null, "opening_hours": null, "operator": null, "phone": null, "shop": "car_parts", "source_transform": "Reconocimiento cartográfico 2016 por KG.", "source_date": null, "website": null, "wheelchair": null, "objectid": 6396312, "osm_id2": "4463975664" }, "geometry": { "type": "Point", "coordinates": [ -70.6443045, -33.4532657 ] } },
{ "type": "Feature", "properties": { "addr_city": "Santiago", "addr_country": null, "addr_housenumber": "711", "addr_postcode": null, "addr_street": "Avenida 10 de Julio", "addr_suburb": null, "addr_unit": null, "amenity": null, "amperage": null, "brand": null, "building": null, "description": null, "level_": null, "name": null, "name_en": null, "name_es": null, "opening_hours": null, "operator": null, "phone": null, "shop": "car_parts", "source_transform": "Reconocimiento cartográfico 2016 por KG.", "source_date": null, "website": null, "wheelchair": null, "objectid": 6396313, "osm_id2": "4463975670" }, "geometry": { "type": "Point", "coordinates": [ -70.6443917, -33.4532813 ] } },
{ "type": "Feature", "properties": { "addr_city": "Santiago", "addr_country": null, "addr_housenumber": "715", "addr_postcode": null, "addr_street": "Avenida 10 de Julio", "addr_suburb": null, "addr_unit": null, "amenity": null, "amperage": null, "brand": null, "building": null, "description": null, "level_": null, "name": "Homocineticas", "name_en": null, "name_es": null, "opening_hours": null, "operator": null, "phone": null, "shop": "car_parts", "source_transform": "Reconocimiento cartográfico 2016 por KG.", "source_date": null, "website": null, "wheelchair": null, "objectid": 6396314, "osm_id2": "4463975669" }, "geometry": { "type": "Point", "coordinates": [ -70.6444516, -33.4532928 ] } },
{ "type": "Feature", "properties": { "addr_city": "Santiago", "addr_country": null, "addr_housenumber": "719", "addr_postcode": null, "addr_street": "Avenida 10 de Julio", "addr_suburb": null, "addr_unit": null, "amenity": null, "amperage": null, "brand": null, "building": null, "description": null, "level_": null, "name": "Amortiguadores Ofertas", "name_en": null, "name_es": null, "opening_hours": null, "operator": null, "phone": null, "shop": "car_parts", "source_transform": "Reconocimiento cartográfico 2016 por KG.", "source_date": null, "website": null, "wheelchair": null, "objectid": 6396315, "osm_id2": "4463975668" }, "geometry": { "type": "Point", "coordinates": [ -70.6445612, -33.4533146 ] } },
{ "type": "Feature", "properties": { "addr_city": "Santiago", "addr_country": null, "addr_housenumber": "729", "addr_postcode": null, "addr_street": "Avenida 10 de Julio", "addr_suburb": null, "addr_unit": null, "amenity": null, "amperage": null, "brand": null, "building": null, "description": null, "level_": null, "name": "N. Misleh", "name_en": null, "name_es": null, "opening_hours": null, "operator": null, "phone": null, "shop": "car_parts", "source_transform": "Reconocimiento cartográfico 2016 por KG.", "source_date": null, "website": null, "wheelchair": null, "objectid": 6396317, "osm_id2": "4463975692" }, "geometry": { "type": "Point", "coordinates": [ -70.6448278, -33.4532509 ] } },
{ "type": "Feature", "properties": { "addr_city": "Santiago", "addr_country": null, "addr_housenumber": "720", "addr_postcode": null, "addr_street": "Avenida 10 de Julio", "addr_suburb": null, "addr_unit": null, "amenity": null, "amperage": null, "brand": null, "building": null, "description": null, "level_": null, "name": "Costabal & Echenique", "name_en": null, "name_es": null, "opening_hours": null, "operator": null, "phone": null, "shop": "car_parts", "source_transform": "Reconocimiento cartográfico 2016 por KG.", "source_date": null, "website": null, "wheelchair": null, "objectid": 6396318, "osm_id2": "4463975691" }, "geometry": { "type": "Point", "coordinates": [ -70.6449248, -33.4532705 ] } },
{ "type": "Feature", "properties": { "addr_city": "Santiago", "addr_country": null, "addr_housenumber": null, "addr_postcode": null, "addr_street": "Avenida 10 de Julio", "addr_suburb": null, "addr_unit": null, "amenity": null, "amperage": null, "brand": null, "building": null, "description": null, "level_": null, "name": "Importadora Turbo", "name_en": null, "name_es": null, "opening_hours": null, "operator": null, "phone": null, "shop": "car_parts", "source_transform": "Reconocimiento cartográfico 2016 por KG.", "source_date": null, "website": null, "wheelchair": null, "objectid": 6396319, "osm_id2": "4463975667" }, "geometry": { "type": "Point", "coordinates": [ -70.6447182, -33.4533375 ] } },
{ "type": "Feature", "properties": { "addr_city": "Santiago", "addr_country": null, "addr_housenumber": "737", "addr_postcode": null, "addr_street": "Avenida 10 de Julio", "addr_suburb": null, "addr_unit": null, "amenity": null, "amperage": null, "brand": null, "building": null, "description": null, "level_": null, "name": "Kormotor", "name_en": null, "name_es": null, "opening_hours": null, "operator": null, "phone": null, "shop": "car_parts", "source_transform": "Reconocimiento cartográfico 2016 por KG.", "source_date": null, "website": null, "wheelchair": null, "objectid": 6396320, "osm_id2": "4463975683" }, "geometry": { "type": "Point", "coordinates": [ -70.6450821, -33.4533974 ] } },
{ "type": "Feature", "properties": { "addr_city": "Santiago", "addr_country": null, "addr_housenumber": "747", "addr_postcode": null, "addr_street": null, "addr_suburb": null, "addr_unit": null, "amenity": null, "amperage": null, "brand": null, "building": null, "description": null, "level_": null, "name": "Hankook", "name_en": null, "name_es": null, "opening_hours": null, "operator": null, "phone": null, "shop": "car_parts", "source_transform": "Reconocimiento cartográfico 2016 por KG.", "source_date": null, "website": null, "wheelchair": null, "objectid": 6396322, "osm_id2": "4464024126" }, "geometry": { "type": "Point", "coordinates": [ -70.6454403, -33.4533614 ] } },
{ "type": "Feature", "properties": { "addr_city": "Santiago", "addr_country": null, "addr_housenumber": null, "addr_postcode": null, "addr_street": "Avenida 10 de Julio", "addr_suburb": null, "addr_unit": null, "amenity": null, "amperage": null, "brand": null, "building": null, "description": null, "level_": null, "name": "M&M", "name_en": null, "name_es": null, "opening_hours": null, "operator": null, "phone": null, "shop": "car_parts", "source_transform": "Reconocimiento cartográfico 2016 por KG.", "source_date": null, "website": null, "wheelchair": null, "objectid": 6396323, "osm_id2": "4464024127" }, "geometry": { "type": "Point", "coordinates": [ -70.6454854, -33.453385 ] } },
{ "type": "Feature", "properties": { "addr_city": "Santiago", "addr_country": null, "addr_housenumber": "724", "addr_postcode": null, "addr_street": "Avenida 10 de Julio", "addr_suburb": null, "addr_unit": null, "amenity": null, "amperage": null, "brand": null, "building": null, "description": null, "level_": null, "name": "Venta De Repuestos", "name_en": null, "name_es": null, "opening_hours": null, "operator": null, "phone": null, "shop": "car_parts", "source_transform": "Reconocimiento cartográfico 2016 por KG.", "source_date": null, "website": null, "wheelchair": null, "objectid": 6396327, "osm_id2": "4465408133" }, "geometry": { "type": "Point", "coordinates": [ -70.644647, -33.4534769 ] } },
{ "type": "Feature", "properties": { "addr_city": "Santiago", "addr_country": null, "addr_housenumber": "726-A", "addr_postcode": null, "addr_street": "Avenida 10 de Julio", "addr_suburb": null, "addr_unit": null, "amenity": null, "amperage": null, "brand": null, "building": null, "description": null, "level_": null, "name": "Embragues Santiago", "name_en": null, "name_es": null, "opening_hours": null, "operator": null, "phone": null, "shop": "car_parts", "source_transform": "Reconocimiento cartográfico 2016 por KG.", "source_date": null, "website": null, "wheelchair": null, "objectid": 6396328, "osm_id2": "4465408134" }, "geometry": { "type": "Point", "coordinates": [ -70.6447024, -33.4534883 ] } },
{ "type": "Feature", "properties": { "addr_city": "Santiago", "addr_country": null, "addr_housenumber": "726-B", "addr_postcode": null, "addr_street": "Avenida 10 de Julio", "addr_suburb": null, "addr_unit": null, "amenity": null, "amperage": null, "brand": null, "building": null, "description": null, "level_": null, "name": "Comercial \"Rey Car\"", "name_en": null, "name_es": null, "opening_hours": null, "operator": null, "phone": null, "shop": "car_parts", "source_transform": "Reconocimiento cartográfico 2016 por KG.", "source_date": null, "website": null, "wheelchair": null, "objectid": 6396329, "osm_id2": "4465408135" }, "geometry": { "type": "Point", "coordinates": [ -70.6447466, -33.4534916 ] } },
{ "type": "Feature", "properties": { "addr_city": "Santiago", "addr_country": null, "addr_housenumber": "736", "addr_postcode": null, "addr_street": "Avenida 10 de Julio", "addr_suburb": null, "addr_unit": null, "amenity": null, "amperage": null, "brand": null, "building": null, "description": null, "level_": null, "name": "Repuestos Y Accesorios", "name_en": null, "name_es": null, "opening_hours": null, "operator": null, "phone": null, "shop": "car_parts", "source_transform": "Reconocimiento cartográfico 2016 por KG.", "source_date": null, "website": null, "wheelchair": null, "objectid": 6396330, "osm_id2": "4465408149" }, "geometry": { "type": "Point", "coordinates": [ -70.6449397, -33.4535008 ] } },
{ "type": "Feature", "properties": { "addr_city": "Santiago", "addr_country": null, "addr_housenumber": "738", "addr_postcode": null, "addr_street": "Avenida 10 de Julio", "addr_suburb": null, "addr_unit": null, "amenity": null, "amperage": null, "brand": null, "building": null, "description": null, "level_": null, "name": "Carr-Fere", "name_en": null, "name_es": null, "opening_hours": null, "operator": null, "phone": null, "shop": "car_parts", "source_transform": "Reconocimiento cartográfico 2016 por KG.", "source_date": null, "website": null, "wheelchair": null, "objectid": 6396331, "osm_id2": "4465408150" }, "geometry": { "type": "Point", "coordinates": [ -70.6450041, -33.4535101 ] } },
{ "type": "Feature", "properties": { "addr_city": "Santiago", "addr_country": null, "addr_housenumber": "742", "addr_postcode": null, "addr_street": "Avenida 10 de Julio", "addr_suburb": null, "addr_unit": null, "amenity": null, "amperage": null, "brand": null, "building": null, "description": null, "level_": null, "name": "El Diamente", "name_en": null, "name_es": null, "opening_hours": null, "operator": null, "phone": null, "shop": "car_parts", "source_transform": "Reconocimiento cartográfico 2016 por KG.", "source_date": null, "website": null, "wheelchair": null, "objectid": 6396333, "osm_id2": "4465408147" }, "geometry": { "type": "Point", "coordinates": [ -70.6450971, -33.4535201 ] } },
{ "type": "Feature", "properties": { "addr_city": "Santiago", "addr_country": null, "addr_housenumber": "757", "addr_postcode": null, "addr_street": "Avenida 10 de Julio", "addr_suburb": null, "addr_unit": null, "amenity": null, "amperage": null, "brand": null, "building": null, "description": null, "level_": null, "name": "Embragues", "name_en": null, "name_es": null, "opening_hours": null, "operator": null, "phone": null, "shop": "car_parts", "source_transform": "Reconocimiento cartográfico 2016 por KG.", "source_date": null, "website": null, "wheelchair": null, "objectid": 6396337, "osm_id2": "4464024140" }, "geometry": { "type": "Point", "coordinates": [ -70.6456909, -33.4534991 ] } },
{ "type": "Feature", "properties": { "addr_city": "Santiago", "addr_country": null, "addr_housenumber": null, "addr_postcode": null, "addr_street": "Avenida 10 de Julio", "addr_suburb": null, "addr_unit": null, "amenity": null, "amperage": null, "brand": null, "building": null, "description": null, "level_": null, "name": null, "name_en": null, "name_es": null, "opening_hours": null, "operator": null, "phone": null, "shop": "car_parts", "source_transform": "Reconocimiento cartográfico 2016 por KG.", "source_date": null, "website": null, "wheelchair": null, "objectid": 6396338, "osm_id2": "4464024141" }, "geometry": { "type": "Point", "coordinates": [ -70.6457139, -33.4535048 ] } },
{ "type": "Feature", "properties": { "addr_city": "Santiago", "addr_country": null, "addr_housenumber": "761", "addr_postcode": null, "addr_street": "Avenida 10 de Julio", "addr_suburb": null, "addr_unit": null, "amenity": null, "amperage": null, "brand": null, "building": null, "description": null, "level_": null, "name": "MK Repuestos", "name_en": null, "name_es": null, "opening_hours": null, "operator": null, "phone": null, "shop": "car_parts", "source_transform": "Reconocimiento cartográfico 2016 por KG.", "source_date": null, "website": null, "wheelchair": null, "objectid": 6396339, "osm_id2": "4464024142" }, "geometry": { "type": "Point", "coordinates": [ -70.6457437, -33.4535121 ] } },
{ "type": "Feature", "properties": { "addr_city": "Santiago", "addr_country": null, "addr_housenumber": null, "addr_postcode": null, "addr_street": "Avenida 10 de Julio", "addr_suburb": null, "addr_unit": null, "amenity": null, "amperage": null, "brand": null, "building": null, "description": null, "level_": null, "name": "Stickers Graf", "name_en": null, "name_es": null, "opening_hours": null, "operator": null, "phone": null, "shop": "yes", "source_transform": "Reconocimiento cartográfico 2016 por KG.", "source_date": null, "website": null, "wheelchair": null, "objectid": 6396340, "osm_id2": "4464024143" }, "geometry": { "type": "Point", "coordinates": [ -70.6457748, -33.4535178 ] } },
{ "type": "Feature", "properties": { "addr_city": "Santiago", "addr_country": null, "addr_housenumber": null, "addr_postcode": null, "addr_street": "Avenida 10 de Julio", "addr_suburb": null, "addr_unit": null, "amenity": null, "amperage": null, "brand": null, "building": null, "description": null, "level_": null, "name": null, "name_en": null, "name_es": null, "opening_hours": null, "operator": null, "phone": null, "shop": "car_parts", "source_transform": "Reconocimiento cartográfico 2016 por KG.", "source_date": null, "website": null, "wheelchair": null, "objectid": 6396342, "osm_id2": "4464024146" }, "geometry": { "type": "Point", "coordinates": [ -70.6458096, -33.4535239 ] } },
{ "type": "Feature", "properties": { "addr_city": "Santiago", "addr_country": null, "addr_housenumber": null, "addr_postcode": null, "addr_street": "Avenida 10 de Julio", "addr_suburb": null, "addr_unit": null, "amenity": null, "amperage": null, "brand": null, "building": null, "description": null, "level_": null, "name": "Power Cars", "name_en": null, "name_es": null, "opening_hours": null, "operator": null, "phone": null, "shop": "car_parts", "source_transform": "Reconocimiento cartográfico 2016 por KG.", "source_date": null, "website": null, "wheelchair": null, "objectid": 6396343, "osm_id2": "4464024145" }, "geometry": { "type": "Point", "coordinates": [ -70.6458424, -33.4535305 ] } },
{ "type": "Feature", "properties": { "addr_city": "Santiago", "addr_country": null, "addr_housenumber": null, "addr_postcode": null, "addr_street": "Avenida 10 de Julio", "addr_suburb": null, "addr_unit": null, "amenity": null, "amperage": null, "brand": null, "building": null, "description": null, "level_": null, "name": "Repuestos RZN", "name_en": null, "name_es": null, "opening_hours": null, "operator": null, "phone": null, "shop": "car_parts", "source_transform": "Reconocimiento cartográfico 2016 por KG.", "source_date": null, "website": null, "wheelchair": null, "objectid": 6396344, "osm_id2": "4464024144" }, "geometry": { "type": "Point", "coordinates": [ -70.6458796, -33.4535364 ] } },
{ "type": "Feature", "properties": { "addr_city": "Santiago", "addr_country": null, "addr_housenumber": "777", "addr_postcode": null, "addr_street": "Avenida 10 de Julio", "addr_suburb": null, "addr_unit": null, "amenity": null, "amperage": null, "brand": null, "building": null, "description": null, "level_": null, "name": "Multicarroceria", "name_en": null, "name_es": null, "opening_hours": null, "operator": null, "phone": null, "shop": "car_parts", "source_transform": "Reconocimiento cartográfico 2016 por KG.", "source_date": null, "website": null, "wheelchair": null, "objectid": 6396345, "osm_id2": "4464024149" }, "geometry": { "type": "Point", "coordinates": [ -70.6459162, -33.4535407 ] } },
{ "type": "Feature", "properties": { "addr_city": "Santiago", "addr_country": null, "addr_housenumber": "778", "addr_postcode": null, "addr_street": "Avenida 10 de Julio", "addr_suburb": null, "addr_unit": null, "amenity": null, "amperage": null, "brand": null, "building": null, "description": null, "level_": null, "name": "Originales Alternativos", "name_en": null, "name_es": null, "opening_hours": null, "operator": null, "phone": null, "shop": "car_parts", "source_transform": "Reconocimiento cartográfico 2016 por KG.", "source_date": null, "website": null, "wheelchair": null, "objectid": 6396347, "osm_id2": "4465422662" }, "geometry": { "type": "Point", "coordinates": [ -70.6458977, -33.4536946 ] } },
{ "type": "Feature", "properties": { "addr_city": "Santiago", "addr_country": null, "addr_housenumber": "785", "addr_postcode": null, "addr_street": "Avenida 10 de Julio", "addr_suburb": null, "addr_unit": null, "amenity": null, "amperage": null, "brand": null, "building": null, "description": null, "level_": null, "name": "The Honda Store", "name_en": null, "name_es": null, "opening_hours": null, "operator": null, "phone": null, "shop": "car_parts", "source_transform": "Reconocimiento cartográfico 2016 por KG.", "source_date": null, "website": null, "wheelchair": null, "objectid": 6396348, "osm_id2": "4464024151" }, "geometry": { "type": "Point", "coordinates": [ -70.6461006, -33.4535759 ] } },
{ "type": "Feature", "properties": { "addr_city": "Santiago", "addr_country": null, "addr_housenumber": null, "addr_postcode": null, "addr_street": "Avenida 10 de Julio", "addr_suburb": null, "addr_unit": null, "amenity": null, "amperage": null, "brand": null, "building": null, "description": null, "level_": null, "name": "Ian Marc", "name_en": null, "name_es": null, "opening_hours": null, "operator": null, "phone": null, "shop": "car_parts", "source_transform": "Reconocimiento cartográfico 2016 por KG.", "source_date": null, "website": null, "wheelchair": null, "objectid": 6396349, "osm_id2": "4464024156" }, "geometry": { "type": "Point", "coordinates": [ -70.6462401, -33.4536008 ] } },
{ "type": "Feature", "properties": { "addr_city": "Santiago", "addr_country": null, "addr_housenumber": "791", "addr_postcode": null, "addr_street": "Avenida 10 de Julio", "addr_suburb": null, "addr_unit": null, "amenity": null, "amperage": null, "brand": null, "building": null, "description": null, "level_": null, "name": "Gomas", "name_en": null, "name_es": null, "opening_hours": null, "operator": null, "phone": null, "shop": "yes", "source_transform": "Reconocimiento cartográfico 2016 por KG.", "source_date": null, "website": null, "wheelchair": null, "objectid": 6396350, "osm_id2": "4464024155" }, "geometry": { "type": "Point", "coordinates": [ -70.6463165, -33.4536151 ] } },
{ "type": "Feature", "properties": { "addr_city": "Santiago", "addr_country": null, "addr_housenumber": "793", "addr_postcode": null, "addr_street": "Avenida 10 de Julio", "addr_suburb": null, "addr_unit": null, "amenity": null, "amperage": null, "brand": null, "building": null, "description": null, "level_": null, "name": null, "name_en": null, "name_es": null, "opening_hours": null, "operator": null, "phone": null, "shop": "car_parts", "source_transform": "Reconocimiento cartográfico 2016 por KG.", "source_date": null, "website": null, "wheelchair": null, "objectid": 6396351, "osm_id2": "4464024154" }, "geometry": { "type": "Point", "coordinates": [ -70.6463508, -33.4536194 ] } },
{ "type": "Feature", "properties": { "addr_city": "Santiago", "addr_country": null, "addr_housenumber": null, "addr_postcode": null, "addr_street": "Carmen", "addr_suburb": null, "addr_unit": null, "amenity": null, "amperage": null, "brand": null, "building": null, "description": null, "level_": null, "name": "Botillería Carmen", "name_en": null, "name_es": null, "opening_hours": null, "operator": null, "phone": null, "shop": "alcohol", "source_transform": "Reconocimiento cortográfico de campo 2016 por KG", "source_date": null, "website": null, "wheelchair": null, "objectid": 6389345, "osm_id2": "3183966649" }, "geometry": { "type": "Point", "coordinates": [ -70.643113900006995, -33.443509699711299 ] } },
{ "type": "Feature", "properties": { "addr_city": "Santiago", "addr_country": null, "addr_housenumber": null, "addr_postcode": null, "addr_street": "París", "addr_suburb": null, "addr_unit": null, "amenity": null, "amperage": null, "brand": null, "building": null, "description": null, "level_": null, "name": "Panadería París", "name_en": null, "name_es": null, "opening_hours": null, "operator": null, "phone": null, "shop": "bakery", "source_transform": null, "source_date": null, "website": null, "wheelchair": null, "objectid": 6389495, "osm_id2": "2318319727" }, "geometry": { "type": "Point", "coordinates": [ -70.646276199775798, -33.444640699665001 ] } },
{ "type": "Feature", "properties": { "addr_city": "santiago", "addr_country": null, "addr_housenumber": "1939", "addr_postcode": "8361020", "addr_street": "Dávila Larraín", "addr_suburb": null, "addr_unit": null, "amenity": null, "amperage": null, "brand": null, "building": null, "description": null, "level_": null, "name": "CentroRepuestos", "name_en": null, "name_es": null, "opening_hours": "Mo-Fr 09:30-18:15", "operator": null, "phone": null, "shop": "car_parts", "source_transform": null, "source_date": null, "website": "www.centrorepuestos.cl", "wheelchair": null, "objectid": 6409735, "osm_id2": "5882778088" }, "geometry": { "type": "Point", "coordinates": [ -70.635446099930604, -33.470729599959697 ] } },
{ "type": "Feature", "properties": { "addr_city": "Santiago", "addr_country": null, "addr_housenumber": null, "addr_postcode": null, "addr_street": "Franklin", "addr_suburb": null, "addr_unit": null, "amenity": null, "amperage": null, "brand": null, "building": null, "description": null, "level_": null, "name": "Mini Market Carlos", "name_en": null, "name_es": null, "opening_hours": null, "operator": null, "phone": null, "shop": "convenience", "source_transform": null, "source_date": null, "website": null, "wheelchair": null, "objectid": 6409866, "osm_id2": "4456986091" }, "geometry": { "type": "Point", "coordinates": [ -70.6344734, -33.4722606 ] } },
{ "type": "Feature", "properties": { "addr_city": "Santiago", "addr_country": null, "addr_housenumber": null, "addr_postcode": null, "addr_street": "Moneda", "addr_suburb": null, "addr_unit": null, "amenity": null, "amperage": null, "brand": null, "building": null, "description": null, "level_": null, "name": "NicoPoly", "name_en": null, "name_es": null, "opening_hours": null, "operator": null, "phone": null, "shop": "clothes", "source_transform": "Reconocimiento cartográfico 2016 por KG.", "source_date": null, "website": null, "wheelchair": null, "objectid": 6536639, "osm_id2": "4446217794" }, "geometry": { "type": "Point", "coordinates": [ -70.649398999723203, -33.441896799592001 ] } },
{ "type": "Feature", "properties": { "addr_city": "Santiago", "addr_country": null, "addr_housenumber": null, "addr_postcode": null, "addr_street": "Moneda", "addr_suburb": null, "addr_unit": null, "amenity": null, "amperage": null, "brand": "Falabella", "building": null, "description": null, "level_": null, "name": "Falabella", "name_en": null, "name_es": null, "opening_hours": null, "operator": null, "phone": null, "shop": "department_store", "source_transform": "Reconocimiento cartográfico 2016 por KG.", "source_date": null, "website": null, "wheelchair": null, "objectid": 6536653, "osm_id2": "4446912774" }, "geometry": { "type": "Point", "coordinates": [ -70.650772300112095, -33.441833699428898 ] } },
{ "type": "Feature", "properties": { "addr_city": "Santiago", "addr_country": null, "addr_housenumber": null, "addr_postcode": null, "addr_street": "Moneda", "addr_suburb": null, "addr_unit": null, "amenity": null, "amperage": null, "brand": null, "building": null, "description": null, "level_": null, "name": "Matthew", "name_en": null, "name_es": null, "opening_hours": null, "operator": null, "phone": null, "shop": "yes", "source_transform": "Reconocimiento cartográfico 2016 por KG.", "source_date": null, "website": null, "wheelchair": null, "objectid": 6536672, "osm_id2": "4446234426" }, "geometry": { "type": "Point", "coordinates": [ -70.649954199891297, -33.441974099272002 ] } },
{ "type": "Feature", "properties": { "addr_city": "Santiago", "addr_country": null, "addr_housenumber": null, "addr_postcode": null, "addr_street": null, "addr_suburb": null, "addr_unit": null, "amenity": null, "amperage": null, "brand": null, "building": null, "description": null, "level_": null, "name": "Mundo Musical", "name_en": null, "name_es": null, "opening_hours": null, "operator": null, "phone": "+56226390966", "shop": "musical_instrument", "source_transform": null, "source_date": null, "website": "http://www.MundoMusical.cl", "wheelchair": null, "objectid": 6386148, "osm_id2": "4381029633" }, "geometry": { "type": "Point", "coordinates": [ -70.6366745, -33.438137 ] } },
{ "type": "Feature", "properties": { "addr_city": "Santiago", "addr_country": null, "addr_housenumber": "323", "addr_postcode": null, "addr_street": "Merced", "addr_suburb": null, "addr_unit": null, "amenity": null, "amperage": null, "brand": null, "building": null, "description": null, "level_": null, "name": "Kind of Blue", "name_en": null, "name_es": null, "opening_hours": "Mo-Sa 10:30-20:30; Su 12:00-20:30", "operator": null, "phone": "+56226644322", "shop": "music", "source_transform": null, "source_date": null, "website": "https://www.kindofblue.cl", "wheelchair": null, "objectid": 6386398, "osm_id2": "3371043993" }, "geometry": { "type": "Point", "coordinates": [ -70.6417362, -33.4371835 ] } },
{ "type": "Feature", "properties": { "addr_city": "Santiago", "addr_country": null, "addr_housenumber": "463", "addr_postcode": null, "addr_street": "José Miguel de la Barra", "addr_suburb": null, "addr_unit": null, "amenity": null, "amperage": null, "brand": null, "building": null, "description": null, "level_": null, "name": "Gabilondo", "name_en": null, "name_es": null, "opening_hours": null, "operator": null, "phone": null, "shop": "bakery", "source_transform": null, "source_date": null, "website": null, "wheelchair": null, "objectid": 6386539, "osm_id2": "4919910733" }, "geometry": { "type": "Point", "coordinates": [ -70.643228199847101, -33.436899999228501 ] } },
{ "type": "Feature", "properties": { "addr_city": "Santiago", "addr_country": null, "addr_housenumber": "349", "addr_postcode": null, "addr_street": "Merced", "addr_suburb": null, "addr_unit": null, "amenity": null, "amperage": null, "brand": null, "building": null, "description": null, "level_": null, "name": "Travel Adventure Chile", "name_en": "Travel Adventure Chile", "name_es": null, "opening_hours": "Mo-Fr 10:00-19:00", "operator": null, "phone": "+56226321605", "shop": "travel_agency", "source_transform": null, "source_date": null, "website": "https://www.traveladventurechile.com/", "wheelchair": null, "objectid": 6386547, "osm_id2": "4512023390" }, "geometry": { "type": "Point", "coordinates": [ -70.6423666, -33.4373309 ] } },
{ "type": "Feature", "properties": { "addr_city": "Santiago", "addr_country": null, "addr_housenumber": "1256", "addr_postcode": null, "addr_street": "Catedral", "addr_suburb": null, "addr_unit": null, "amenity": null, "amperage": null, "brand": null, "building": null, "description": null, "level_": null, "name": "La Principal", "name_en": null, "name_es": null, "opening_hours": null, "operator": null, "phone": null, "shop": "yes", "source_transform": "Reconocimiento cortográfico de campo 2016 por KG", "source_date": null, "website": null, "wheelchair": null, "objectid": 6534524, "osm_id2": "4453833125" }, "geometry": { "type": "Point", "coordinates": [ -70.654871, -33.4378303 ] } },
{ "type": "Feature", "properties": { "addr_city": "Santiago", "addr_country": null, "addr_housenumber": null, "addr_postcode": null, "addr_street": null, "addr_suburb": null, "addr_unit": null, "amenity": null, "amperage": null, "brand": null, "building": null, "description": null, "level_": null, "name": null, "name_en": null, "name_es": null, "opening_hours": null, "operator": null, "phone": null, "shop": "convenience", "source_transform": null, "source_date": null, "website": null, "wheelchair": null, "objectid": 6534797, "osm_id2": "5594611379" }, "geometry": { "type": "Point", "coordinates": [ -70.6621651, -33.4384293 ] } },
{ "type": "Feature", "properties": { "addr_city": "Santiago", "addr_country": null, "addr_housenumber": "166", "addr_postcode": null, "addr_street": "Serrano", "addr_suburb": null, "addr_unit": null, "amenity": null, "amperage": null, "brand": null, "building": null, "description": null, "level_": null, "name": "Akbar", "name_en": null, "name_es": null, "opening_hours": null, "operator": null, "phone": null, "shop": "tea", "source_transform": null, "source_date": null, "website": null, "wheelchair": null, "objectid": 6541712, "osm_id2": "5703385478" }, "geometry": { "type": "Point", "coordinates": [ -70.649171200441899, -33.446617499226399 ] } },
{ "type": "Feature", "properties": { "addr_city": "Santiago", "addr_country": null, "addr_housenumber": null, "addr_postcode": null, "addr_street": "San Diego", "addr_suburb": null, "addr_unit": null, "amenity": null, "amperage": null, "brand": null, "building": null, "description": null, "level_": null, "name": "Importadora Toy's Sara", "name_en": null, "name_es": null, "opening_hours": null, "operator": null, "phone": null, "shop": "toys", "source_transform": "Reconocimiento cartográfico 2016 por KG", "source_date": null, "website": null, "wheelchair": null, "objectid": 6541773, "osm_id2": "4452323189" }, "geometry": { "type": "Point", "coordinates": [ -70.650970400191895, -33.447220399394702 ] } },
{ "type": "Feature", "properties": { "addr_city": "Santiago", "addr_country": null, "addr_housenumber": null, "addr_postcode": null, "addr_street": "Arturo Prat", "addr_suburb": null, "addr_unit": null, "amenity": null, "amperage": null, "brand": null, "building": null, "description": null, "level_": null, "name": "Bacan Market", "name_en": null, "name_es": null, "opening_hours": null, "operator": null, "phone": null, "shop": "yes", "source_transform": null, "source_date": null, "website": null, "wheelchair": null, "objectid": 6541785, "osm_id2": "6786351178" }, "geometry": { "type": "Point", "coordinates": [ -70.6497203, -33.4480087 ] } },
{ "type": "Feature", "properties": { "addr_city": "Santiago", "addr_country": null, "addr_housenumber": "174", "addr_postcode": null, "addr_street": "San Diego", "addr_suburb": null, "addr_unit": null, "amenity": null, "amperage": null, "brand": null, "building": null, "description": null, "level_": null, "name": "Control Remoto Chile", "name_en": null, "name_es": null, "opening_hours": null, "operator": null, "phone": null, "shop": "electronics", "source_transform": null, "source_date": null, "website": "https://www.controlremotochile.cl/", "wheelchair": null, "objectid": 6541810, "osm_id2": "6572727645" }, "geometry": { "type": "Point", "coordinates": [ -70.6509909, -33.4470528 ] } },
{ "type": "Feature", "properties": { "addr_city": "Santiago", "addr_country": null, "addr_housenumber": "124", "addr_postcode": null, "addr_street": "Avenida Presidente Bulnes", "addr_suburb": null, "addr_unit": null, "amenity": null, "amperage": null, "brand": null, "building": null, "description": null, "level_": null, "name": "Lavaseco Ariella", "name_en": null, "name_es": null, "opening_hours": null, "operator": null, "phone": "+56226988532", "shop": "laundry", "source_transform": null, "source_date": null, "website": null, "wheelchair": null, "objectid": 6541813, "osm_id2": "3068691306" }, "geometry": { "type": "Point", "coordinates": [ -70.652793000156606, -33.446736499837499 ] } },
{ "type": "Feature", "properties": { "addr_city": "Santiago", "addr_country": null, "addr_housenumber": null, "addr_postcode": null, "addr_street": "Tarapacá", "addr_suburb": null, "addr_unit": null, "amenity": null, "amperage": null, "brand": null, "building": null, "description": null, "level_": null, "name": "Lgv", "name_en": null, "name_es": null, "opening_hours": null, "operator": null, "phone": null, "shop": "weapons", "source_transform": null, "source_date": null, "website": null, "wheelchair": null, "objectid": 6541858, "osm_id2": "5760752876" }, "geometry": { "type": "Point", "coordinates": [ -70.6520857, -33.4475277 ] } },
{ "type": "Feature", "properties": { "addr_city": "Santiago", "addr_country": null, "addr_housenumber": "141", "addr_postcode": null, "addr_street": "Avenida Presidente Bulnes", "addr_suburb": null, "addr_unit": null, "amenity": null, "amperage": null, "brand": null, "building": null, "description": null, "level_": null, "name": "Los Alpes", "name_en": null, "name_es": null, "opening_hours": null, "operator": null, "phone": null, "shop": "supermarket", "source_transform": null, "source_date": null, "website": null, "wheelchair": null, "objectid": 6541859, "osm_id2": "3068695379" }, "geometry": { "type": "Point", "coordinates": [ -70.6532587, -33.4473615 ] } },
{ "type": "Feature", "properties": { "addr_city": "Santiago", "addr_country": null, "addr_housenumber": null, "addr_postcode": null, "addr_street": "Arturo Prat", "addr_suburb": null, "addr_unit": null, "amenity": null, "amperage": null, "brand": "Oxxo", "building": null, "description": null, "level_": null, "name": "Oxxo", "name_en": null, "name_es": null, "opening_hours": null, "operator": null, "phone": null, "shop": "convenience", "source_transform": null, "source_date": null, "website": null, "wheelchair": null, "objectid": 6541951, "osm_id2": "6786336842" }, "geometry": { "type": "Point", "coordinates": [ -70.6495116, -33.4488366 ] } },
{ "type": "Feature", "properties": { "addr_city": "Santiago", "addr_country": null, "addr_housenumber": "293", "addr_postcode": null, "addr_street": "Arturo Prat", "addr_suburb": null, "addr_unit": null, "amenity": null, "amperage": null, "brand": null, "building": null, "description": null, "level_": null, "name": "Mercado Ecologico", "name_en": null, "name_es": null, "opening_hours": null, "operator": null, "phone": null, "shop": "yes", "source_transform": null, "source_date": null, "website": null, "wheelchair": null, "objectid": 6541954, "osm_id2": "6786343232" }, "geometry": { "type": "Point", "coordinates": [ -70.6494905, -33.4489146 ] } },
{ "type": "Feature", "properties": { "addr_city": "Santiago", "addr_country": null, "addr_housenumber": null, "addr_postcode": null, "addr_street": "San Diego", "addr_suburb": null, "addr_unit": null, "amenity": null, "amperage": null, "brand": null, "building": null, "description": null, "level_": null, "name": "Panadería Gustapan", "name_en": null, "name_es": null, "opening_hours": null, "operator": null, "phone": null, "shop": "bakery", "source_transform": null, "source_date": null, "website": null, "wheelchair": null, "objectid": 6542024, "osm_id2": "5178632249" }, "geometry": { "type": "Point", "coordinates": [ -70.650631700295406, -33.449375399610297 ] } },
{ "type": "Feature", "properties": { "addr_city": "Santiago", "addr_country": null, "addr_housenumber": null, "addr_postcode": null, "addr_street": "San Diego", "addr_suburb": null, "addr_unit": null, "amenity": null, "amperage": null, "brand": null, "building": null, "description": null, "level_": null, "name": "Casa Esper", "name_en": null, "name_es": null, "opening_hours": null, "operator": null, "phone": null, "shop": "bicycle", "source_transform": "Reconocimiento cortográfico de campo 2016 por KG", "source_date": null, "website": null, "wheelchair": null, "objectid": 6542033, "osm_id2": "4474194178" }, "geometry": { "type": "Point", "coordinates": [ -70.6505389, -33.4499867 ] } },
{ "type": "Feature", "properties": { "addr_city": "Santiago", "addr_country": null, "addr_housenumber": "305", "addr_postcode": null, "addr_street": "Avenida Presidente Bulnes", "addr_suburb": null, "addr_unit": null, "amenity": null, "amperage": null, "brand": null, "building": null, "description": null, "level_": null, "name": "Pro Tactical", "name_en": null, "name_es": null, "opening_hours": null, "operator": null, "phone": null, "shop": "yes", "source_transform": "Reconocimiento cortográfico de campo 2016 por KG", "source_date": null, "website": null, "wheelchair": null, "objectid": 6542127, "osm_id2": "4473782562" }, "geometry": { "type": "Point", "coordinates": [ -70.652746900412893, -33.449998099545297 ] } },
{ "type": "Feature", "properties": { "addr_city": "Santiago", "addr_country": null, "addr_housenumber": null, "addr_postcode": null, "addr_street": "Moneda", "addr_suburb": null, "addr_unit": null, "amenity": null, "amperage": null, "brand": null, "building": null, "description": null, "level_": null, "name": "Galeria Comercial", "name_en": null, "name_es": null, "opening_hours": null, "operator": null, "phone": null, "shop": "yes", "source_transform": null, "source_date": null, "website": null, "wheelchair": null, "objectid": 6536676, "osm_id2": "4446234427" }, "geometry": { "type": "Point", "coordinates": [ -70.6501929, -33.4419953 ] } },
{ "type": "Feature", "properties": { "addr_city": "Santiago", "addr_country": null, "addr_housenumber": null, "addr_postcode": null, "addr_street": "Moneda", "addr_suburb": null, "addr_unit": null, "amenity": null, "amperage": null, "brand": null, "building": null, "description": null, "level_": null, "name": "Liola", "name_en": null, "name_es": null, "opening_hours": null, "operator": null, "phone": null, "shop": "yes", "source_transform": "Reconocimiento cartográfico 2016 por KG.", "source_date": null, "website": null, "wheelchair": null, "objectid": 6536677, "osm_id2": "4446234428" }, "geometry": { "type": "Point", "coordinates": [ -70.650315000140296, -33.442006499722403 ] } },
{ "type": "Feature", "properties": { "addr_city": "Santiago", "addr_country": null, "addr_housenumber": null, "addr_postcode": null, "addr_street": null, "addr_suburb": null, "addr_unit": null, "amenity": null, "amperage": null, "brand": null, "building": null, "description": null, "level_": null, "name": "Galería Eurocentro", "name_en": null, "name_es": null, "opening_hours": null, "operator": null, "phone": null, "shop": "video_games", "source_transform": null, "source_date": null, "website": null, "wheelchair": null, "objectid": 6536678, "osm_id2": "1754035371" }, "geometry": { "type": "Point", "coordinates": [ -70.6503859, -33.4421605 ] } },
{ "type": "Feature", "properties": { "addr_city": "Santiago", "addr_country": "CL", "addr_housenumber": null, "addr_postcode": null, "addr_street": null, "addr_suburb": null, "addr_unit": null, "amenity": null, "amperage": null, "brand": null, "building": null, "description": null, "level_": null, "name": "GMO", "name_en": null, "name_es": null, "opening_hours": null, "operator": null, "phone": null, "shop": "yes", "source_transform": null, "source_date": null, "website": null, "wheelchair": null, "objectid": 6536679, "osm_id2": "4446234429" }, "geometry": { "type": "Point", "coordinates": [ -70.6504397, -33.4420155 ] } },
{ "type": "Feature", "properties": { "addr_city": "Santiago", "addr_country": null, "addr_housenumber": "1025", "addr_postcode": null, "addr_street": "Agustinas", "addr_suburb": null, "addr_unit": null, "amenity": null, "amperage": null, "brand": "Ripley", "building": null, "description": null, "level_": null, "name": "Ripley", "name_en": null, "name_es": null, "opening_hours": null, "operator": null, "phone": null, "shop": "department_store", "source_transform": null, "source_date": null, "website": null, "wheelchair": "limited", "objectid": 6536692, "osm_id2": "1493577977" }, "geometry": { "type": "Point", "coordinates": [ -70.6510026, -33.4406626 ] } },
{ "type": "Feature", "properties": { "addr_city": "Santiago", "addr_country": null, "addr_housenumber": null, "addr_postcode": null, "addr_street": "Bandera", "addr_suburb": null, "addr_unit": null, "amenity": null, "amperage": null, "brand": null, "building": null, "description": null, "level_": null, "name": "Big John", "name_en": null, "name_es": null, "opening_hours": null, "operator": null, "phone": null, "shop": "yes", "source_transform": "Reconocimiento cartográfico 2016 por KG.", "source_date": null, "website": null, "wheelchair": null, "objectid": 6536727, "osm_id2": "4446914664" }, "geometry": { "type": "Point", "coordinates": [ -70.652022400153101, -33.441177299544201 ] } },
{ "type": "Feature", "properties": { "addr_city": "Santiago", "addr_country": null, "addr_housenumber": null, "addr_postcode": null, "addr_street": "Moneda", "addr_suburb": null, "addr_unit": null, "amenity": null, "amperage": null, "brand": null, "building": null, "description": null, "level_": null, "name": "Opticas Pincus", "name_en": null, "name_es": null, "opening_hours": null, "operator": null, "phone": null, "shop": "optician", "source_transform": "Reconocimiento cartográfico 2016 por KG.", "source_date": null, "website": null, "wheelchair": null, "objectid": 6536777, "osm_id2": "4446914633" }, "geometry": { "type": "Point", "coordinates": [ -70.651437000421794, -33.441882899854598 ] } },
{ "type": "Feature", "properties": { "addr_city": "Santiago", "addr_country": null, "addr_housenumber": null, "addr_postcode": null, "addr_street": "Moneda", "addr_suburb": null, "addr_unit": null, "amenity": null, "amperage": null, "brand": null, "building": null, "description": null, "level_": null, "name": "Mega Baby Infantil Store", "name_en": null, "name_es": null, "opening_hours": null, "operator": null, "phone": null, "shop": "baby_goods", "source_transform": "Reconocimiento cartográfico 2016 por KG.", "source_date": null, "website": null, "wheelchair": null, "objectid": 6536780, "osm_id2": "4446914636" }, "geometry": { "type": "Point", "coordinates": [ -70.651689100029898, -33.441896499754101 ] } },
{ "type": "Feature", "properties": { "addr_city": "Santiago", "addr_country": null, "addr_housenumber": null, "addr_postcode": null, "addr_street": "Moneda", "addr_suburb": null, "addr_unit": null, "amenity": null, "amperage": null, "brand": null, "building": null, "description": null, "level_": null, "name": "Preunic", "name_en": null, "name_es": null, "opening_hours": null, "operator": null, "phone": null, "shop": "chemist", "source_transform": "Reconocimiento cartográfico 2016 por KG.", "source_date": null, "website": null, "wheelchair": null, "objectid": 6536783, "osm_id2": "4446914637" }, "geometry": { "type": "Point", "coordinates": [ -70.6518746, -33.4418222 ] } },
{ "type": "Feature", "properties": { "addr_city": "Santiago", "addr_country": null, "addr_housenumber": null, "addr_postcode": null, "addr_street": "Moneda", "addr_suburb": null, "addr_unit": null, "amenity": null, "amperage": null, "brand": null, "building": null, "description": null, "level_": null, "name": "AlmaMIA", "name_en": null, "name_es": null, "opening_hours": null, "operator": null, "phone": null, "shop": "clothes", "source_transform": null, "source_date": null, "website": null, "wheelchair": null, "objectid": 6536793, "osm_id2": "4446246633" }, "geometry": { "type": "Point", "coordinates": [ -70.6515944, -33.4420971 ] } },
{ "type": "Feature", "properties": { "addr_city": "Santiago", "addr_country": null, "addr_housenumber": "1050", "addr_postcode": null, "addr_street": "Avenida Libertador Bernardo O'Higgins", "addr_suburb": null, "addr_unit": null, "amenity": null, "amperage": null, "brand": null, "building": null, "description": null, "level_": null, "name": "Librería y Editorial Universitaria", "name_en": null, "name_es": null, "opening_hours": "Mo-Fr 09:00-18:00", "operator": "U. de Chile", "phone": "+56 2 2896 8972;+56 2 2896 8960", "shop": "books", "source_transform": null, "source_date": null, "website": "https://www.universitaria.cl/", "wheelchair": null, "objectid": 6537365, "osm_id2": "3748048525" }, "geometry": { "type": "Point", "coordinates": [ -70.6506124, -33.4443086 ] } },
{ "type": "Feature", "properties": { "addr_city": "Santiago", "addr_country": null, "addr_housenumber": "63", "addr_postcode": null, "addr_street": "Serrano", "addr_suburb": null, "addr_unit": null, "amenity": null, "amperage": null, "brand": null, "building": null, "description": null, "level_": null, "name": "TecnoPicada", "name_en": null, "name_es": null, "opening_hours": "Mo-Fr 10:00-20:00", "operator": null, "phone": null, "shop": "computer", "source_transform": null, "source_date": null, "website": null, "wheelchair": null, "objectid": 6537504, "osm_id2": "5703393908" }, "geometry": { "type": "Point", "coordinates": [ -70.6494316, -33.4450049 ] } },
{ "type": "Feature", "properties": { "addr_city": "Santiago", "addr_country": null, "addr_housenumber": null, "addr_postcode": null, "addr_street": "Nataniel Cox", "addr_suburb": null, "addr_unit": null, "amenity": null, "amperage": null, "brand": null, "building": null, "description": null, "level_": null, "name": "Roussillon", "name_en": null, "name_es": null, "opening_hours": null, "operator": null, "phone": null, "shop": "yes", "source_transform": "Reconocimiento cortográfico de campo 2016 por KG", "source_date": null, "website": null, "wheelchair": null, "objectid": 6542130, "osm_id2": "4473569874" }, "geometry": { "type": "Point", "coordinates": [ -70.6531028, -33.4500296 ] } },
{ "type": "Feature", "properties": { "addr_city": "Santiago", "addr_country": null, "addr_housenumber": null, "addr_postcode": null, "addr_street": "Nataniel Cox", "addr_suburb": null, "addr_unit": null, "amenity": null, "amperage": null, "brand": null, "building": null, "description": null, "level_": null, "name": "Botilleria Roussillon", "name_en": null, "name_es": null, "opening_hours": null, "operator": null, "phone": null, "shop": "alcohol", "source_transform": "Reconocimiento cortográfico de campo 2016 por KG", "source_date": null, "website": null, "wheelchair": null, "objectid": 6542132, "osm_id2": "4473569875" }, "geometry": { "type": "Point", "coordinates": [ -70.6531008, -33.4500827 ] } },
{ "type": "Feature", "properties": { "addr_city": "Santiago", "addr_country": "CL", "addr_housenumber": "11", "addr_postcode": null, "addr_street": "Dieciocho", "addr_suburb": null, "addr_unit": null, "amenity": null, "amperage": null, "brand": null, "building": null, "description": null, "level_": null, "name": "Fotocopia flash", "name_en": null, "name_es": null, "opening_hours": null, "operator": null, "phone": null, "shop": "copyshop", "source_transform": null, "source_date": null, "website": null, "wheelchair": null, "objectid": 6542191, "osm_id2": "979570238" }, "geometry": { "type": "Point", "coordinates": [ -70.658518600367898, -33.446286099780799 ] } },
{ "type": "Feature", "properties": { "addr_city": "Santiago", "addr_country": "CL", "addr_housenumber": "17", "addr_postcode": null, "addr_street": "Dieciocho", "addr_suburb": null, "addr_unit": null, "amenity": null, "amperage": null, "brand": null, "building": null, "description": null, "level_": null, "name": "Libro Foto flasch", "name_en": null, "name_es": null, "opening_hours": null, "operator": null, "phone": null, "shop": "books", "source_transform": null, "source_date": null, "website": null, "wheelchair": null, "objectid": 6542196, "osm_id2": "979570134" }, "geometry": { "type": "Point", "coordinates": [ -70.6585083999978, -33.446332299455598 ] } },
{ "type": "Feature", "properties": { "addr_city": "Santiago", "addr_country": "CL", "addr_housenumber": "27", "addr_postcode": null, "addr_street": "Dieciocho", "addr_suburb": null, "addr_unit": null, "amenity": null, "amperage": null, "brand": null, "building": null, "description": null, "level_": null, "name": "Grabados", "name_en": null, "name_es": null, "opening_hours": null, "operator": null, "phone": null, "shop": "copyshop", "source_transform": null, "source_date": null, "website": null, "wheelchair": null, "objectid": 6542199, "osm_id2": "979570142" }, "geometry": { "type": "Point", "coordinates": [ -70.658494699791405, -33.446382999440303 ] } },
{ "type": "Feature", "properties": { "addr_city": "Santiago", "addr_country": "CL", "addr_housenumber": "35", "addr_postcode": null, "addr_street": "Dieciocho", "addr_suburb": null, "addr_unit": null, "amenity": null, "amperage": null, "brand": null, "building": null, "description": null, "level_": null, "name": "Almacén Casycas", "name_en": null, "name_es": null, "opening_hours": null, "operator": null, "phone": null, "shop": "convenience", "source_transform": null, "source_date": null, "website": null, "wheelchair": null, "objectid": 6542201, "osm_id2": "979570216" }, "geometry": { "type": "Point", "coordinates": [ -70.658471499900898, -33.4464690993996 ] } },
{ "type": "Feature", "properties": { "addr_city": "Santiago", "addr_country": "CL", "addr_housenumber": "87", "addr_postcode": null, "addr_street": "Dieciocho", "addr_suburb": null, "addr_unit": null, "amenity": null, "amperage": null, "brand": null, "building": null, "description": null, "level_": null, "name": "Central de impresiones y fotocopiado", "name_en": null, "name_es": null, "opening_hours": null, "operator": null, "phone": null, "shop": "convenience", "source_transform": null, "source_date": null, "website": null, "wheelchair": null, "objectid": 6542211, "osm_id2": "979570197" }, "geometry": { "type": "Point", "coordinates": [ -70.658320800325498, -33.447063199382001 ] } },
{ "type": "Feature", "properties": { "addr_city": "Santiago", "addr_country": "CL", "addr_housenumber": "91", "addr_postcode": null, "addr_street": "Dieciocho", "addr_suburb": null, "addr_unit": null, "amenity": null, "amperage": null, "brand": null, "building": null, "description": null, "level_": null, "name": "Fotocopias Internet Confeteria", "name_en": null, "name_es": null, "opening_hours": null, "operator": null, "phone": null, "shop": "convenience", "source_transform": null, "source_date": null, "website": null, "wheelchair": null, "objectid": 6542213, "osm_id2": "979570202" }, "geometry": { "type": "Point", "coordinates": [ -70.658309300093194, -33.4470993996486 ] } },
{ "type": "Feature", "properties": { "addr_city": "Santiago", "addr_country": "CL", "addr_housenumber": "99", "addr_postcode": null, "addr_street": "Dieciocho", "addr_suburb": null, "addr_unit": null, "amenity": null, "amperage": null, "brand": null, "building": null, "description": null, "level_": null, "name": "Libreria Fotocopiador internet", "name_en": null, "name_es": null, "opening_hours": null, "operator": null, "phone": null, "shop": "copyshop", "source_transform": null, "source_date": null, "website": null, "wheelchair": null, "objectid": 6542216, "osm_id2": "979570281" }, "geometry": { "type": "Point", "coordinates": [ -70.658304600107599, -33.447164799346503 ] } },
{ "type": "Feature", "properties": { "addr_city": "Santiago", "addr_country": null, "addr_housenumber": null, "addr_postcode": null, "addr_street": "Serrano", "addr_suburb": null, "addr_unit": null, "amenity": null, "amperage": null, "brand": null, "building": null, "description": null, "level_": null, "name": "Serrano", "name_en": null, "name_es": null, "opening_hours": null, "operator": null, "phone": null, "shop": "alcohol", "source_transform": null, "source_date": null, "website": null, "wheelchair": null, "objectid": 6542505, "osm_id2": "6786314670" }, "geometry": { "type": "Point", "coordinates": [ -70.6482394, -33.4502381 ] } },
{ "type": "Feature", "properties": { "addr_city": "Santiago", "addr_country": null, "addr_housenumber": null, "addr_postcode": null, "addr_street": "Serrano", "addr_suburb": null, "addr_unit": null, "amenity": null, "amperage": null, "brand": null, "building": null, "description": null, "level_": null, "name": "Minimarket Megafruver Los Paisas", "name_en": null, "name_es": null, "opening_hours": null, "operator": null, "phone": null, "shop": "convenience", "source_transform": null, "source_date": null, "website": null, "wheelchair": null, "objectid": 6542506, "osm_id2": "5456701942" }, "geometry": { "type": "Point", "coordinates": [ -70.6483758, -33.4502233 ] } },
{ "type": "Feature", "properties": { "addr_city": "Santiago", "addr_country": null, "addr_housenumber": "961", "addr_postcode": null, "addr_street": "Cóndor", "addr_suburb": null, "addr_unit": null, "amenity": null, "amperage": null, "brand": null, "building": null, "description": null, "level_": null, "name": "Joca", "name_en": null, "name_es": null, "opening_hours": null, "operator": null, "phone": null, "shop": "pastry", "source_transform": null, "source_date": null, "website": null, "wheelchair": null, "objectid": 6542533, "osm_id2": "6786345063" }, "geometry": { "type": "Point", "coordinates": [ -70.6488831, -33.450157 ] } },
{ "type": "Feature", "properties": { "addr_city": "Santiago", "addr_country": null, "addr_housenumber": null, "addr_postcode": null, "addr_street": "Cóndor", "addr_suburb": null, "addr_unit": null, "amenity": null, "amperage": null, "brand": null, "building": null, "description": null, "level_": null, "name": "Joyas Vania", "name_en": null, "name_es": null, "opening_hours": null, "operator": null, "phone": null, "shop": "jewelry", "source_transform": null, "source_date": null, "website": null, "wheelchair": null, "objectid": 6542535, "osm_id2": "6786326472" }, "geometry": { "type": "Point", "coordinates": [ -70.6489398, -33.4501873 ] } },
{ "type": "Feature", "properties": { "addr_city": "Santiago", "addr_country": null, "addr_housenumber": null, "addr_postcode": null, "addr_street": "Cóndor", "addr_suburb": null, "addr_unit": null, "amenity": null, "amperage": null, "brand": null, "building": null, "description": null, "level_": null, "name": "Librería", "name_en": null, "name_es": null, "opening_hours": null, "operator": null, "phone": null, "shop": "variety_store", "source_transform": null, "source_date": null, "website": null, "wheelchair": null, "objectid": 6542540, "osm_id2": "6786346490" }, "geometry": { "type": "Point", "coordinates": [ -70.6489714, -33.4501908 ] } },
{ "type": "Feature", "properties": { "addr_city": "Santiago", "addr_country": null, "addr_housenumber": "414", "addr_postcode": null, "addr_street": "Arturo Prat", "addr_suburb": null, "addr_unit": null, "amenity": null, "amperage": null, "brand": null, "building": null, "description": null, "level_": null, "name": null, "name_en": null, "name_es": null, "opening_hours": null, "operator": null, "phone": null, "shop": "printing", "source_transform": null, "source_date": null, "website": null, "wheelchair": null, "objectid": 6542557, "osm_id2": "8562104572" }, "geometry": { "type": "Point", "coordinates": [ -70.6489532996967, -33.450461899747502 ] } },
{ "type": "Feature", "properties": { "addr_city": "Santiago", "addr_country": null, "addr_housenumber": null, "addr_postcode": null, "addr_street": "San Diego", "addr_suburb": null, "addr_unit": null, "amenity": null, "amperage": null, "brand": null, "building": null, "description": null, "level_": null, "name": "Dm", "name_en": null, "name_es": null, "opening_hours": null, "operator": null, "phone": null, "shop": "yes", "source_transform": "Reconocimiento cortográfico de campo 2016 por KG", "source_date": null, "website": null, "wheelchair": null, "objectid": 6542560, "osm_id2": "4474194173" }, "geometry": { "type": "Point", "coordinates": [ -70.6505491, -33.4501252 ] } },
{ "type": "Feature", "properties": { "addr_city": "Santiago", "addr_country": null, "addr_housenumber": null, "addr_postcode": null, "addr_street": "San Diego", "addr_suburb": null, "addr_unit": null, "amenity": null, "amperage": null, "brand": null, "building": null, "description": null, "level_": null, "name": "Botilleria Boulevard", "name_en": null, "name_es": null, "opening_hours": null, "operator": null, "phone": null, "shop": "alcohol", "source_transform": "Reconocimiento cortográfico de campo 2016 por KG", "source_date": null, "website": null, "wheelchair": null, "objectid": 6542561, "osm_id2": "4474194169" }, "geometry": { "type": "Point", "coordinates": [ -70.6504989, -33.4502008 ] } },
{ "type": "Feature", "properties": { "addr_city": "Santiago", "addr_country": null, "addr_housenumber": null, "addr_postcode": null, "addr_street": "San Diego", "addr_suburb": null, "addr_unit": null, "amenity": null, "amperage": null, "brand": null, "building": null, "description": null, "level_": null, "name": "PC Ma", "name_en": null, "name_es": null, "opening_hours": null, "operator": null, "phone": null, "shop": "computer", "source_transform": null, "source_date": null, "website": null, "wheelchair": null, "objectid": 6542562, "osm_id2": "4474194168" }, "geometry": { "type": "Point", "coordinates": [ -70.6504906, -33.450241 ] } },
{ "type": "Feature", "properties": { "addr_city": "Santiago", "addr_country": null, "addr_housenumber": null, "addr_postcode": null, "addr_street": "San Diego", "addr_suburb": null, "addr_unit": null, "amenity": null, "amperage": null, "brand": "OK Market", "building": null, "description": null, "level_": null, "name": "OK Market", "name_en": null, "name_es": null, "opening_hours": null, "operator": null, "phone": null, "shop": "convenience", "source_transform": null, "source_date": null, "website": null, "wheelchair": null, "objectid": 6542563, "osm_id2": "2631286463" }, "geometry": { "type": "Point", "coordinates": [ -70.6507896, -33.4502293 ] } },
{ "type": "Feature", "properties": { "addr_city": "Santiago", "addr_country": null, "addr_housenumber": null, "addr_postcode": null, "addr_street": "San Diego", "addr_suburb": null, "addr_unit": null, "amenity": null, "amperage": null, "brand": null, "building": null, "description": null, "level_": null, "name": "Minimarket", "name_en": null, "name_es": null, "opening_hours": null, "operator": null, "phone": null, "shop": "yes", "source_transform": "Reconocimiento cartográfico 2016 por KG.", "source_date": null, "website": null, "wheelchair": null, "objectid": 6542566, "osm_id2": "4466545741" }, "geometry": { "type": "Point", "coordinates": [ -70.6507706, -33.4503918 ] } },
{ "type": "Feature", "properties": { "addr_city": "Santiago", "addr_country": null, "addr_housenumber": "388, Santiago", "addr_postcode": null, "addr_street": "San Diego", "addr_suburb": null, "addr_unit": null, "amenity": null, "amperage": null, "brand": null, "building": null, "description": null, "level_": null, "name": "Zulecazu bicicletas", "name_en": null, "name_es": null, "opening_hours": null, "operator": null, "phone": "226990578", "shop": "bicycle", "source_transform": null, "source_date": null, "website": null, "wheelchair": null, "objectid": 6542568, "osm_id2": "5209447822" }, "geometry": { "type": "Point", "coordinates": [ -70.6505269, -33.4504535 ] } },
{ "type": "Feature", "properties": { "addr_city": "Santiago", "addr_country": null, "addr_housenumber": null, "addr_postcode": null, "addr_street": "San Diego", "addr_suburb": null, "addr_unit": null, "amenity": null, "amperage": null, "brand": null, "building": null, "description": null, "level_": null, "name": "PC Ma", "name_en": null, "name_es": null, "opening_hours": null, "operator": null, "phone": null, "shop": "computer", "source_transform": null, "source_date": null, "website": null, "wheelchair": null, "objectid": 6542579, "osm_id2": "4474194155" }, "geometry": { "type": "Point", "coordinates": [ -70.6504836, -33.4506074 ] } },
{ "type": "Feature", "properties": { "addr_city": "Santiago", "addr_country": null, "addr_housenumber": null, "addr_postcode": null, "addr_street": "San Diego", "addr_suburb": null, "addr_unit": null, "amenity": null, "amperage": null, "brand": null, "building": null, "description": null, "level_": null, "name": "Ceccion", "name_en": null, "name_es": null, "opening_hours": null, "operator": null, "phone": null, "shop": "butcher", "source_transform": "Reconocimiento cortográfico de campo 2016 por KG", "source_date": null, "website": null, "wheelchair": null, "objectid": 6542586, "osm_id2": "4473569881" }, "geometry": { "type": "Point", "coordinates": [ -70.6506414, -33.4508558 ] } },
{ "type": "Feature", "properties": { "addr_city": "Santiago", "addr_country": null, "addr_housenumber": null, "addr_postcode": null, "addr_street": null, "addr_suburb": null, "addr_unit": null, "amenity": null, "amperage": null, "brand": null, "building": null, "description": null, "level_": null, "name": "Feria de Libros", "name_en": null, "name_es": null, "opening_hours": null, "operator": null, "phone": null, "shop": "books", "source_transform": null, "source_date": null, "website": null, "wheelchair": "yes", "objectid": 6542631, "osm_id2": "1380859021" }, "geometry": { "type": "Point", "coordinates": [ -70.6502375, -33.4514941 ] } },
{ "type": "Feature", "properties": { "addr_city": "Santiago", "addr_country": null, "addr_housenumber": null, "addr_postcode": null, "addr_street": "Cóndor", "addr_suburb": null, "addr_unit": null, "amenity": null, "amperage": null, "brand": null, "building": null, "description": null, "level_": null, "name": "Airsofttotal", "name_en": "Airsofttotal", "name_es": "Airsofttotal", "opening_hours": null, "operator": null, "phone": null, "shop": "sports", "source_transform": null, "source_date": null, "website": null, "wheelchair": null, "objectid": 6542692, "osm_id2": "4711603890" }, "geometry": { "type": "Point", "coordinates": [ -70.6526314, -33.4507636 ] } },
{ "type": "Feature", "properties": { "addr_city": "Santiago", "addr_country": null, "addr_housenumber": null, "addr_postcode": null, "addr_street": "Avenida Presidente Bulnes", "addr_suburb": null, "addr_unit": null, "amenity": null, "amperage": null, "brand": null, "building": null, "description": null, "level_": null, "name": "Casa Singer", "name_en": null, "name_es": null, "opening_hours": null, "operator": null, "phone": null, "shop": "fabric", "source_transform": null, "source_date": null, "website": null, "wheelchair": null, "objectid": 6542699, "osm_id2": "4773782828" }, "geometry": { "type": "Point", "coordinates": [ -70.6525905, -33.4509502 ] } },
{ "type": "Feature", "properties": { "addr_city": "Santiago", "addr_country": null, "addr_housenumber": null, "addr_postcode": null, "addr_street": "Eleuterio Ramírez", "addr_suburb": null, "addr_unit": null, "amenity": null, "amperage": null, "brand": null, "building": null, "description": null, "level_": null, "name": "Mini Market Qriko", "name_en": null, "name_es": null, "opening_hours": null, "operator": null, "phone": null, "shop": "convenience", "source_transform": "Reconocimiento cortográfico de campo 2016 por KG", "source_date": null, "website": null, "wheelchair": null, "objectid": 6542707, "osm_id2": "4474115678" }, "geometry": { "type": "Point", "coordinates": [ -70.6544761, -33.4500979 ] } },
{ "type": "Feature", "properties": { "addr_city": "Santiago", "addr_country": null, "addr_housenumber": null, "addr_postcode": null, "addr_street": "Serrano", "addr_suburb": null, "addr_unit": null, "amenity": null, "amperage": null, "brand": null, "building": null, "description": null, "level_": null, "name": "Minimarket Briam", "name_en": null, "name_es": null, "opening_hours": null, "operator": null, "phone": null, "shop": "convenience", "source_transform": null, "source_date": null, "website": null, "wheelchair": null, "objectid": 6542763, "osm_id2": "5456712825" }, "geometry": { "type": "Point", "coordinates": [ -70.6477777, -33.4523289 ] } },
{ "type": "Feature", "properties": { "addr_city": "Santiago", "addr_country": null, "addr_housenumber": null, "addr_postcode": null, "addr_street": "San Francisco", "addr_suburb": null, "addr_unit": null, "amenity": null, "amperage": null, "brand": null, "building": null, "description": null, "level_": null, "name": "Panadería & Pastilería Roberto", "name_en": null, "name_es": null, "opening_hours": null, "operator": null, "phone": null, "shop": "convenience", "source_transform": null, "source_date": null, "website": null, "wheelchair": null, "objectid": 6542772, "osm_id2": "5319186023" }, "geometry": { "type": "Point", "coordinates": [ -70.6466821, -33.4528448 ] } },
{ "type": "Feature", "properties": { "addr_city": "Santiago", "addr_country": null, "addr_housenumber": null, "addr_postcode": null, "addr_street": "San Diego", "addr_suburb": null, "addr_unit": null, "amenity": null, "amperage": null, "brand": null, "building": null, "description": null, "level_": null, "name": "San Diego Bike", "name_en": null, "name_es": null, "opening_hours": null, "operator": null, "phone": null, "shop": "bicycle", "source_transform": null, "source_date": null, "website": "http://www.sandiegobike.cl", "wheelchair": null, "objectid": 6542780, "osm_id2": "5111327222" }, "geometry": { "type": "Point", "coordinates": [ -70.6501643, -33.4523372 ] } },
{ "type": "Feature", "properties": { "addr_city": "Santiago", "addr_country": null, "addr_housenumber": null, "addr_postcode": null, "addr_street": "San Diego", "addr_suburb": null, "addr_unit": null, "amenity": null, "amperage": null, "brand": "OK Market", "building": null, "description": null, "level_": null, "name": "OK Market", "name_en": null, "name_es": null, "opening_hours": null, "operator": null, "phone": null, "shop": "convenience", "source_transform": null, "source_date": null, "website": null, "wheelchair": null, "objectid": 6542781, "osm_id2": "4474194153" }, "geometry": { "type": "Point", "coordinates": [ -70.650157, -33.4524172 ] } },
{ "type": "Feature", "properties": { "addr_city": "Santiago", "addr_country": null, "addr_housenumber": null, "addr_postcode": null, "addr_street": "San Diego", "addr_suburb": null, "addr_unit": null, "amenity": null, "amperage": null, "brand": null, "building": null, "description": null, "level_": null, "name": "Jo & Pa", "name_en": null, "name_es": null, "opening_hours": null, "operator": null, "phone": null, "shop": "yes", "source_transform": "Reconocimiento cortográfico de campo 2016 por KG", "source_date": null, "website": null, "wheelchair": null, "objectid": 6542785, "osm_id2": "4474194145" }, "geometry": { "type": "Point", "coordinates": [ -70.6500424, -33.452576 ] } },
{ "type": "Feature", "properties": { "addr_city": "Santiago", "addr_country": null, "addr_housenumber": null, "addr_postcode": null, "addr_street": "San Diego", "addr_suburb": null, "addr_unit": null, "amenity": null, "amperage": null, "brand": null, "building": null, "description": null, "level_": null, "name": "Fotocopias", "name_en": null, "name_es": null, "opening_hours": null, "operator": null, "phone": null, "shop": "copyshop", "source_transform": "Reconocimiento cortográfico de campo 2016 por KG", "source_date": null, "website": null, "wheelchair": null, "objectid": 6542788, "osm_id2": "4474194146" }, "geometry": { "type": "Point", "coordinates": [ -70.6501311, -33.4525662 ] } },
{ "type": "Feature", "properties": { "addr_city": "Santiago", "addr_country": null, "addr_housenumber": null, "addr_postcode": null, "addr_street": "Eyzaguirre", "addr_suburb": null, "addr_unit": null, "amenity": null, "amperage": null, "brand": null, "building": null, "description": null, "level_": null, "name": "Lavaseco", "name_en": null, "name_es": null, "opening_hours": null, "operator": null, "phone": null, "shop": "dry_cleaning", "source_transform": null, "source_date": null, "website": null, "wheelchair": null, "objectid": 6542790, "osm_id2": "4474194144" }, "geometry": { "type": "Point", "coordinates": [ -70.6501178, -33.4526529 ] } },
{ "type": "Feature", "properties": { "addr_city": "Santiago", "addr_country": null, "addr_housenumber": null, "addr_postcode": null, "addr_street": "San Diego", "addr_suburb": null, "addr_unit": null, "amenity": null, "amperage": null, "brand": null, "building": null, "description": null, "level_": null, "name": "Comercial Dos Mundos Ltda.", "name_en": null, "name_es": null, "opening_hours": null, "operator": null, "phone": null, "shop": "yes", "source_transform": "Reconocimiento cortográfico de campo 2016 por KG", "source_date": null, "website": null, "wheelchair": null, "objectid": 6542795, "osm_id2": "4474186600" }, "geometry": { "type": "Point", "coordinates": [ -70.6500849, -33.4529157 ] } },
{ "type": "Feature", "properties": { "addr_city": "Santiago", "addr_country": null, "addr_housenumber": null, "addr_postcode": null, "addr_street": "San Francisco", "addr_suburb": null, "addr_unit": null, "amenity": null, "amperage": null, "brand": null, "building": null, "description": null, "level_": null, "name": "Importadora Chuky Nico", "name_en": null, "name_es": null, "opening_hours": null, "operator": null, "phone": null, "shop": "yes", "source_transform": "Reconocimiento cortográfico de campo 2016 por KG", "source_date": null, "website": null, "wheelchair": null, "objectid": 6542805, "osm_id2": "4473657017" }, "geometry": { "type": "Point", "coordinates": [ -70.6465139, -33.4531134 ] } },
{ "type": "Feature", "properties": { "addr_city": "Santiago", "addr_country": null, "addr_housenumber": "289", "addr_postcode": null, "addr_street": "Loreto", "addr_suburb": null, "addr_unit": null, "amenity": null, "amperage": null, "brand": null, "building": null, "description": null, "level_": null, "name": "El Corcho Astemio", "name_en": null, "name_es": null, "opening_hours": null, "operator": null, "phone": null, "shop": "alcohol", "source_transform": null, "source_date": null, "website": null, "wheelchair": null, "objectid": 6372482, "osm_id2": "4785128468" }, "geometry": { "type": "Point", "coordinates": [ -70.641929500050907, -33.430371899541001 ] } },
{ "type": "Feature", "properties": { "addr_city": "Santiago", "addr_country": null, "addr_housenumber": "275", "addr_postcode": null, "addr_street": "Loreto", "addr_suburb": null, "addr_unit": null, "amenity": null, "amperage": null, "brand": null, "building": null, "description": null, "level_": null, "name": "Minimarker El Trébol", "name_en": null, "name_es": null, "opening_hours": null, "operator": null, "phone": null, "shop": "variety_store", "source_transform": null, "source_date": null, "website": null, "wheelchair": null, "objectid": 6372501, "osm_id2": "4785148322" }, "geometry": { "type": "Point", "coordinates": [ -70.641929500050907, -33.430695299841602 ] } },
{ "type": "Feature", "properties": { "addr_city": "Santiago", "addr_country": null, "addr_housenumber": null, "addr_postcode": null, "addr_street": "Loreto", "addr_suburb": null, "addr_unit": null, "amenity": null, "amperage": null, "brand": null, "building": null, "description": null, "level_": null, "name": null, "name_en": null, "name_es": null, "opening_hours": null, "operator": null, "phone": null, "shop": "clothes", "source_transform": null, "source_date": null, "website": null, "wheelchair": null, "objectid": 6372502, "osm_id2": "4785148323" }, "geometry": { "type": "Point", "coordinates": [ -70.641929500050907, -33.430818999611297 ] } },
{ "type": "Feature", "properties": { "addr_city": "Santiago", "addr_country": null, "addr_housenumber": "391", "addr_postcode": null, "addr_street": "Club Hípico", "addr_suburb": null, "addr_unit": null, "amenity": null, "amperage": null, "brand": null, "building": null, "description": null, "level_": null, "name": "La Veguita", "name_en": null, "name_es": null, "opening_hours": null, "operator": null, "phone": null, "shop": "greengrocer", "source_transform": null, "source_date": null, "website": null, "wheelchair": null, "objectid": 6543869, "osm_id2": "8340433166" }, "geometry": { "type": "Point", "coordinates": [ -70.665131300396894, -33.452710799446997 ] } },
{ "type": "Feature", "properties": { "addr_city": "Santiago", "addr_country": null, "addr_housenumber": "453", "addr_postcode": null, "addr_street": "Club Hípico", "addr_suburb": null, "addr_unit": null, "amenity": null, "amperage": null, "brand": null, "building": null, "description": null, "level_": null, "name": "Los OsIs", "name_en": null, "name_es": null, "opening_hours": null, "operator": null, "phone": null, "shop": "convenience", "source_transform": null, "source_date": null, "website": null, "wheelchair": null, "objectid": 6543897, "osm_id2": "5714356486" }, "geometry": { "type": "Point", "coordinates": [ -70.6652307, -33.4534649 ] } },
{ "type": "Feature", "properties": { "addr_city": "Santiago", "addr_country": null, "addr_housenumber": "892", "addr_postcode": null, "addr_street": "Avenida 10 de Julio", "addr_suburb": null, "addr_unit": null, "amenity": null, "amperage": null, "brand": null, "building": null, "description": null, "level_": null, "name": "Rodamientos Retenes", "name_en": null, "name_es": null, "opening_hours": null, "operator": null, "phone": null, "shop": "car_parts", "source_transform": "Reconocimiento cartográfico 2016 por KG.", "source_date": null, "website": null, "wheelchair": null, "objectid": 6544449, "osm_id2": "4465475490" }, "geometry": { "type": "Point", "coordinates": [ -70.647382, -33.4539598 ] } },
{ "type": "Feature", "properties": { "addr_city": "Santiago", "addr_country": null, "addr_housenumber": null, "addr_postcode": null, "addr_street": "San Francisco", "addr_suburb": null, "addr_unit": null, "amenity": null, "amperage": null, "brand": null, "building": null, "description": null, "level_": null, "name": "Euro Partes", "name_en": null, "name_es": null, "opening_hours": null, "operator": null, "phone": null, "shop": "car_parts", "source_transform": "Reconocimiento cortográfico de campo 2016 por KG", "source_date": null, "website": null, "wheelchair": null, "objectid": 6542806, "osm_id2": "4474264612" }, "geometry": { "type": "Point", "coordinates": [ -70.6467108, -33.4532523 ] } },
{ "type": "Feature", "properties": { "addr_city": "Santiago", "addr_country": null, "addr_housenumber": null, "addr_postcode": null, "addr_street": "San Francisco", "addr_suburb": null, "addr_unit": null, "amenity": null, "amperage": null, "brand": null, "building": null, "description": null, "level_": null, "name": "Indra", "name_en": null, "name_es": null, "opening_hours": null, "operator": null, "phone": null, "shop": "car_parts", "source_transform": "Reconocimiento cortográfico de campo 2016 por KG", "source_date": null, "website": null, "wheelchair": null, "objectid": 6542807, "osm_id2": "4473657022" }, "geometry": { "type": "Point", "coordinates": [ -70.6464523, -33.4534154 ] } },
{ "type": "Feature", "properties": { "addr_city": "Santiago", "addr_country": null, "addr_housenumber": "821", "addr_postcode": null, "addr_street": "Avenida 10 de Julio", "addr_suburb": null, "addr_unit": null, "amenity": null, "amperage": null, "brand": null, "building": null, "description": null, "level_": null, "name": "Radiadores", "name_en": null, "name_es": null, "opening_hours": null, "operator": null, "phone": null, "shop": "car_parts", "source_transform": "Reconocimiento cartográfico 2016 por KG.", "source_date": null, "website": null, "wheelchair": null, "objectid": 6542814, "osm_id2": "4464034751" }, "geometry": { "type": "Point", "coordinates": [ -70.64683, -33.453614 ] } },
{ "type": "Feature", "properties": { "addr_city": "Santiago", "addr_country": null, "addr_housenumber": "825", "addr_postcode": null, "addr_street": "Avenida 10 de Julio", "addr_suburb": null, "addr_unit": null, "amenity": null, "amperage": null, "brand": null, "building": null, "description": null, "level_": null, "name": "Vulcanizacion", "name_en": null, "name_es": null, "opening_hours": null, "operator": null, "phone": null, "shop": "car_parts", "source_transform": "Reconocimiento cartográfico 2016 por KG.", "source_date": null, "website": null, "wheelchair": null, "objectid": 6542815, "osm_id2": "4464034752" }, "geometry": { "type": "Point", "coordinates": [ -70.6468923, -33.4536217 ] } },
{ "type": "Feature", "properties": { "addr_city": "Santiago", "addr_country": null, "addr_housenumber": "837", "addr_postcode": null, "addr_street": "Avenida 10 de Julio", "addr_suburb": null, "addr_unit": null, "amenity": null, "amperage": null, "brand": null, "building": null, "description": null, "level_": null, "name": "Neumarichy", "name_en": null, "name_es": null, "opening_hours": null, "operator": null, "phone": null, "shop": "car_parts", "source_transform": "Reconocimiento cartográfico 2016 por KG.", "source_date": null, "website": null, "wheelchair": null, "objectid": 6542816, "osm_id2": "4464034761" }, "geometry": { "type": "Point", "coordinates": [ -70.647019, -33.4536406 ] } },
{ "type": "Feature", "properties": { "addr_city": "Santiago", "addr_country": null, "addr_housenumber": "851", "addr_postcode": null, "addr_street": "Avenida 10 de Julio", "addr_suburb": null, "addr_unit": null, "amenity": null, "amperage": null, "brand": null, "building": null, "description": null, "level_": null, "name": "Neumaticos Llantas", "name_en": null, "name_es": null, "opening_hours": null, "operator": null, "phone": null, "shop": "car_parts", "source_transform": "Reconocimiento cartográfico 2016 por KG.", "source_date": null, "website": null, "wheelchair": null, "objectid": 6542817, "osm_id2": "4464034762" }, "geometry": { "type": "Point", "coordinates": [ -70.6470664, -33.4536482 ] } },
{ "type": "Feature", "properties": { "addr_city": "Santiago", "addr_country": null, "addr_housenumber": null, "addr_postcode": null, "addr_street": "Avenida 10 de Julio", "addr_suburb": null, "addr_unit": null, "amenity": null, "amperage": null, "brand": null, "building": null, "description": null, "level_": null, "name": "Autorepuestos Los Heroes Ltda.", "name_en": null, "name_es": null, "opening_hours": null, "operator": null, "phone": null, "shop": "car_parts", "source_transform": "Reconocimiento cartográfico 2016 por KG.", "source_date": null, "website": null, "wheelchair": null, "objectid": 6542818, "osm_id2": "4464034765" }, "geometry": { "type": "Point", "coordinates": [ -70.647186, -33.4536624 ] } },
{ "type": "Feature", "properties": { "addr_city": "Santiago", "addr_country": null, "addr_housenumber": null, "addr_postcode": null, "addr_street": "Avenida 10 de Julio", "addr_suburb": null, "addr_unit": null, "amenity": null, "amperage": null, "brand": null, "building": null, "description": null, "level_": null, "name": "Cajas De Cambios Repuestos", "name_en": null, "name_es": null, "opening_hours": null, "operator": null, "phone": null, "shop": "car_parts", "source_transform": "Reconocimiento cartográfico 2016 por KG.", "source_date": null, "website": null, "wheelchair": null, "objectid": 6542819, "osm_id2": "4464034769" }, "geometry": { "type": "Point", "coordinates": [ -70.6473162, -33.4536813 ] } },
{ "type": "Feature", "properties": { "addr_city": "Santiago", "addr_country": null, "addr_housenumber": "881", "addr_postcode": null, "addr_street": "Avenida 10 de Julio", "addr_suburb": null, "addr_unit": null, "amenity": null, "amperage": null, "brand": null, "building": null, "description": null, "level_": null, "name": "Amortiguadores", "name_en": null, "name_es": null, "opening_hours": null, "operator": null, "phone": null, "shop": "car_parts", "source_transform": "Reconocimiento cartográfico 2016 por KG.", "source_date": null, "website": null, "wheelchair": null, "objectid": 6542820, "osm_id2": "4464034770" }, "geometry": { "type": "Point", "coordinates": [ -70.6473722, -33.4536896 ] } },
{ "type": "Feature", "properties": { "addr_city": "Santiago", "addr_country": null, "addr_housenumber": "798", "addr_postcode": null, "addr_street": null, "addr_suburb": null, "addr_unit": null, "amenity": null, "amperage": null, "brand": null, "building": null, "description": null, "level_": null, "name": "Repuestos Peugeot", "name_en": null, "name_es": null, "opening_hours": null, "operator": null, "phone": null, "shop": "car_parts", "source_transform": "Reconocimiento cartográfico 2016 por KG.", "source_date": null, "website": null, "wheelchair": null, "objectid": 6542822, "osm_id2": "4465408161" }, "geometry": { "type": "Point", "coordinates": [ -70.6463802, -33.4538067 ] } },
{ "type": "Feature", "properties": { "addr_city": "Santiago", "addr_country": null, "addr_housenumber": "802", "addr_postcode": null, "addr_street": null, "addr_suburb": null, "addr_unit": null, "amenity": null, "amperage": null, "brand": null, "building": null, "description": null, "level_": null, "name": "Liftgate", "name_en": null, "name_es": null, "opening_hours": null, "operator": null, "phone": null, "shop": "car_parts", "source_transform": "Reconocimiento cartográfico 2016 por KG.", "source_date": null, "website": null, "wheelchair": null, "objectid": 6542824, "osm_id2": "4465446957" }, "geometry": { "type": "Point", "coordinates": [ -70.646571, -33.4538267 ] } },
{ "type": "Feature", "properties": { "addr_city": "Santiago", "addr_country": null, "addr_housenumber": "808", "addr_postcode": null, "addr_street": "Avenida 10 de Julio", "addr_suburb": null, "addr_unit": null, "amenity": null, "amperage": null, "brand": null, "building": null, "description": null, "level_": null, "name": "Baterias Accesorios Repuestos", "name_en": null, "name_es": null, "opening_hours": null, "operator": null, "phone": null, "shop": "car_parts", "source_transform": "Reconocimiento cartográfico 2016 por KG.", "source_date": null, "website": null, "wheelchair": null, "objectid": 6542825, "osm_id2": "4465446958" }, "geometry": { "type": "Point", "coordinates": [ -70.6466166, -33.4538204 ] } },
{ "type": "Feature", "properties": { "addr_city": "Santiago", "addr_country": null, "addr_housenumber": "812", "addr_postcode": null, "addr_street": "Avenida 10 de Julio", "addr_suburb": null, "addr_unit": null, "amenity": null, "amperage": null, "brand": null, "building": null, "description": null, "level_": null, "name": "Reparaciones Plasticos", "name_en": null, "name_es": null, "opening_hours": null, "operator": null, "phone": null, "shop": "yes", "source_transform": "Reconocimiento cartográfico 2016 por KG.", "source_date": null, "website": null, "wheelchair": null, "objectid": 6542826, "osm_id2": "4465446959" }, "geometry": { "type": "Point", "coordinates": [ -70.6466688, -33.4538288 ] } },
{ "type": "Feature", "properties": { "addr_city": "Santiago", "addr_country": null, "addr_housenumber": "816", "addr_postcode": null, "addr_street": "Avenida 10 de Julio", "addr_suburb": null, "addr_unit": null, "amenity": null, "amperage": null, "brand": null, "building": null, "description": null, "level_": null, "name": "Impresion Digital", "name_en": null, "name_es": null, "opening_hours": null, "operator": null, "phone": null, "shop": "yes", "source_transform": "Reconocimiento cartográfico 2016 por KG.", "source_date": null, "website": null, "wheelchair": null, "objectid": 6542829, "osm_id2": "4465446960" }, "geometry": { "type": "Point", "coordinates": [ -70.6467346, -33.4538387 ] } },
{ "type": "Feature", "properties": { "addr_city": "Santiago", "addr_country": null, "addr_housenumber": "828", "addr_postcode": null, "addr_street": "Avenida 10 de Julio", "addr_suburb": null, "addr_unit": null, "amenity": null, "amperage": null, "brand": null, "building": null, "description": null, "level_": null, "name": "Diselsa", "name_en": null, "name_es": null, "opening_hours": null, "operator": null, "phone": null, "shop": "yes", "source_transform": "Reconocimiento cartográfico 2016 por KG.", "source_date": null, "website": null, "wheelchair": null, "objectid": 6542830, "osm_id2": "4465474175" }, "geometry": { "type": "Point", "coordinates": [ -70.6468172, -33.4538443 ] } },
{ "type": "Feature", "properties": { "addr_city": "Santiago", "addr_country": null, "addr_housenumber": null, "addr_postcode": null, "addr_street": "Avenida 10 de Julio", "addr_suburb": null, "addr_unit": null, "amenity": null, "amperage": null, "brand": null, "building": null, "description": null, "level_": null, "name": "Antonio Castillo", "name_en": null, "name_es": null, "opening_hours": null, "operator": null, "phone": null, "shop": "yes", "source_transform": "Reconocimiento cartográfico 2016 por KG.", "source_date": null, "website": null, "wheelchair": null, "objectid": 6542833, "osm_id2": "4465474179" }, "geometry": { "type": "Point", "coordinates": [ -70.6469536, -33.4538657 ] } },
{ "type": "Feature", "properties": { "addr_city": "Santiago", "addr_country": null, "addr_housenumber": "854", "addr_postcode": null, "addr_street": "Avenida 10 de Julio", "addr_suburb": null, "addr_unit": null, "amenity": null, "amperage": null, "brand": null, "building": null, "description": null, "level_": null, "name": "Casa de la Goma", "name_en": null, "name_es": null, "opening_hours": null, "operator": null, "phone": null, "shop": "yes", "source_transform": "Reconocimiento cartográfico 2016 por KG.", "source_date": null, "website": null, "wheelchair": null, "objectid": 6542834, "osm_id2": "4465475500" }, "geometry": { "type": "Point", "coordinates": [ -70.6470615, -33.4539017 ] } },
{ "type": "Feature", "properties": { "addr_city": "Santiago", "addr_country": null, "addr_housenumber": "874", "addr_postcode": null, "addr_street": "Avenida 10 de Julio", "addr_suburb": null, "addr_unit": null, "amenity": null, "amperage": null, "brand": null, "building": null, "description": null, "level_": null, "name": null, "name_en": null, "name_es": null, "opening_hours": null, "operator": null, "phone": null, "shop": "car_parts", "source_transform": "Reconocimiento cartográfico 2016 por KG.", "source_date": null, "website": null, "wheelchair": null, "objectid": 6542835, "osm_id2": "4465475494" }, "geometry": { "type": "Point", "coordinates": [ -70.6472181, -33.4539284 ] } },
{ "type": "Feature", "properties": { "addr_city": "Santiago", "addr_country": null, "addr_housenumber": "876", "addr_postcode": null, "addr_street": "Avenida 10 de Julio", "addr_suburb": null, "addr_unit": null, "amenity": null, "amperage": null, "brand": null, "building": null, "description": null, "level_": null, "name": "Diez De Julio", "name_en": null, "name_es": null, "opening_hours": null, "operator": null, "phone": null, "shop": "car_parts", "source_transform": "Reconocimiento cartográfico 2016 por KG.", "source_date": null, "website": null, "wheelchair": null, "objectid": 6542836, "osm_id2": "4465475493" }, "geometry": { "type": "Point", "coordinates": [ -70.647251, -33.4539357 ] } },
{ "type": "Feature", "properties": { "addr_city": "Santiago", "addr_country": null, "addr_housenumber": "878", "addr_postcode": null, "addr_street": "Avenida 10 de Julio", "addr_suburb": null, "addr_unit": null, "amenity": null, "amperage": null, "brand": null, "building": null, "description": null, "level_": null, "name": "Auto Plenitud", "name_en": null, "name_es": null, "opening_hours": null, "operator": null, "phone": null, "shop": "car_parts", "source_transform": "Reconocimiento cartográfico 2016 por KG.", "source_date": null, "website": null, "wheelchair": null, "objectid": 6542837, "osm_id2": "4465475492" }, "geometry": { "type": "Point", "coordinates": [ -70.647294, -33.4539419 ] } },
{ "type": "Feature", "properties": { "addr_city": "Santiago", "addr_country": null, "addr_housenumber": "898", "addr_postcode": null, "addr_street": null, "addr_suburb": null, "addr_unit": null, "amenity": null, "amperage": null, "brand": null, "building": null, "description": null, "level_": null, "name": "Desarmaduria", "name_en": null, "name_es": null, "opening_hours": null, "operator": null, "phone": null, "shop": "yes", "source_transform": "Reconocimiento cartográfico 2016 por KG.", "source_date": null, "website": null, "wheelchair": null, "objectid": 6544450, "osm_id2": "4465475489" }, "geometry": { "type": "Point", "coordinates": [ -70.647429, -33.4539783 ] } },
{ "type": "Feature", "properties": { "addr_city": "Santiago", "addr_country": null, "addr_housenumber": "902", "addr_postcode": null, "addr_street": null, "addr_suburb": null, "addr_unit": null, "amenity": null, "amperage": null, "brand": null, "building": null, "description": null, "level_": null, "name": "Carlos Duro R. Repuestos", "name_en": null, "name_es": null, "opening_hours": null, "operator": null, "phone": null, "shop": "car_parts", "source_transform": "Reconocimiento cartográfico 2016 por KG.", "source_date": null, "website": null, "wheelchair": null, "objectid": 6544460, "osm_id2": "4465483719" }, "geometry": { "type": "Point", "coordinates": [ -70.6476818, -33.4539697 ] } },
{ "type": "Feature", "properties": { "addr_city": "Santiago", "addr_country": null, "addr_housenumber": "918", "addr_postcode": null, "addr_street": "Avenida 10 de Julio", "addr_suburb": null, "addr_unit": null, "amenity": null, "amperage": null, "brand": null, "building": null, "description": null, "level_": null, "name": "Radiadores Capiapo", "name_en": null, "name_es": null, "opening_hours": null, "operator": null, "phone": null, "shop": "car_parts", "source_transform": "Reconocimiento cartográfico 2016 por KG.", "source_date": null, "website": null, "wheelchair": null, "objectid": 6544461, "osm_id2": "4465483718" }, "geometry": { "type": "Point", "coordinates": [ -70.6477385, -33.4539759 ] } },
{ "type": "Feature", "properties": { "addr_city": "Santiago", "addr_country": null, "addr_housenumber": "946", "addr_postcode": null, "addr_street": "Avenida 10 de Julio", "addr_suburb": null, "addr_unit": null, "amenity": null, "amperage": null, "brand": null, "building": null, "description": null, "level_": null, "name": "IPAR Desarmaduria", "name_en": null, "name_es": null, "opening_hours": null, "operator": null, "phone": null, "shop": "car_repair", "source_transform": "Reconocimiento cartográfico 2016 por KG.", "source_date": null, "website": null, "wheelchair": null, "objectid": 6544463, "osm_id2": "4465483713" }, "geometry": { "type": "Point", "coordinates": [ -70.6478734, -33.4539961 ] } },
{ "type": "Feature", "properties": { "addr_city": "Santiago", "addr_country": null, "addr_housenumber": "956", "addr_postcode": null, "addr_street": "Avenida 10 de Julio", "addr_suburb": null, "addr_unit": null, "amenity": null, "amperage": null, "brand": null, "building": null, "description": null, "level_": null, "name": "San Pablo Desarmaduria", "name_en": null, "name_es": null, "opening_hours": null, "operator": null, "phone": null, "shop": "car_repair", "source_transform": "Reconocimiento cartográfico 2016 por KG.", "source_date": null, "website": null, "wheelchair": null, "objectid": 6544464, "osm_id2": "4465483712" }, "geometry": { "type": "Point", "coordinates": [ -70.6479719, -33.4540155 ] } },
{ "type": "Feature", "properties": { "addr_city": "Santiago", "addr_country": null, "addr_housenumber": null, "addr_postcode": null, "addr_street": "San Francisco", "addr_suburb": null, "addr_unit": null, "amenity": null, "amperage": null, "brand": null, "building": null, "description": null, "level_": null, "name": "Kargus Accesorios", "name_en": null, "name_es": null, "opening_hours": null, "operator": null, "phone": null, "shop": "car_parts", "source_transform": "Reconocimiento cortográfico de campo 2016 por KG", "source_date": null, "website": null, "wheelchair": null, "objectid": 6544471, "osm_id2": "4474264617" }, "geometry": { "type": "Point", "coordinates": [ -70.6465114, -33.4545974 ] } },
{ "type": "Feature", "properties": { "addr_city": "Santiago", "addr_country": null, "addr_housenumber": "1052", "addr_postcode": null, "addr_street": "Avenida 10 de Julio", "addr_suburb": null, "addr_unit": null, "amenity": null, "amperage": null, "brand": null, "building": null, "description": null, "level_": null, "name": "Capulas", "name_en": null, "name_es": null, "opening_hours": null, "operator": null, "phone": null, "shop": "car_parts", "source_transform": "Reconocimiento cartográfico 2016 por KG.", "source_date": null, "website": null, "wheelchair": null, "objectid": 6544482, "osm_id2": "4465503604" }, "geometry": { "type": "Point", "coordinates": [ -70.6492804, -33.4540966 ] } },
{ "type": "Feature", "properties": { "addr_city": "Santiago", "addr_country": null, "addr_housenumber": "1064", "addr_postcode": null, "addr_street": "Avenida 10 de Julio", "addr_suburb": null, "addr_unit": null, "amenity": null, "amperage": null, "brand": null, "building": null, "description": null, "level_": null, "name": "Desarmaduria", "name_en": null, "name_es": null, "opening_hours": null, "operator": null, "phone": null, "shop": "car_parts", "source_transform": "Reconocimiento cartográfico 2016 por KG.", "source_date": null, "website": null, "wheelchair": null, "objectid": 6544483, "osm_id2": "4465503603" }, "geometry": { "type": "Point", "coordinates": [ -70.6493985, -33.4541191 ] } },
{ "type": "Feature", "properties": { "addr_city": "Santiago", "addr_country": null, "addr_housenumber": "1070", "addr_postcode": null, "addr_street": "Avenida 10 de Julio", "addr_suburb": null, "addr_unit": null, "amenity": null, "amperage": null, "brand": null, "building": null, "description": null, "level_": null, "name": "Equipamiento Mas", "name_en": null, "name_es": null, "opening_hours": null, "operator": null, "phone": null, "shop": "car_repair", "source_transform": "Reconocimiento cartográfico 2016 por KG.", "source_date": null, "website": null, "wheelchair": null, "objectid": 6544485, "osm_id2": "4465503602" }, "geometry": { "type": "Point", "coordinates": [ -70.6495302, -33.4541374 ] } },
{ "type": "Feature", "properties": { "addr_city": "Santiago", "addr_country": null, "addr_housenumber": "1036", "addr_postcode": null, "addr_street": "Avenida 10 de Julio", "addr_suburb": null, "addr_unit": null, "amenity": null, "amperage": null, "brand": null, "building": null, "description": null, "level_": null, "name": "Baterias Dontito", "name_en": null, "name_es": null, "opening_hours": null, "operator": null, "phone": null, "shop": "car_parts", "source_transform": "Reconocimiento cartográfico 2016 por KG.", "source_date": null, "website": null, "wheelchair": null, "objectid": 6544486, "osm_id2": "4465503277" }, "geometry": { "type": "Point", "coordinates": [ -70.6489405, -33.4541716 ] } },
{ "type": "Feature", "properties": { "addr_city": "Santiago", "addr_country": null, "addr_housenumber": "882", "addr_postcode": null, "addr_street": "Avenida 10 de Julio", "addr_suburb": null, "addr_unit": null, "amenity": null, "amperage": null, "brand": null, "building": null, "description": null, "level_": null, "name": "Gomas", "name_en": null, "name_es": null, "opening_hours": null, "operator": null, "phone": null, "shop": "yes", "source_transform": "Reconocimiento cartográfico 2016 por KG.", "source_date": null, "website": null, "wheelchair": null, "objectid": 6542838, "osm_id2": "4465475491" }, "geometry": { "type": "Point", "coordinates": [ -70.6473316, -33.4539491 ] } },
{ "type": "Feature", "properties": { "addr_city": "Santiago", "addr_country": null, "addr_housenumber": "699", "addr_postcode": null, "addr_street": null, "addr_suburb": null, "addr_unit": null, "amenity": null, "amperage": null, "brand": null, "building": null, "description": null, "level_": null, "name": "Desarmaduria Copiapó", "name_en": null, "name_es": null, "opening_hours": null, "operator": null, "phone": null, "shop": "car_parts", "source_transform": "Reconocimiento cartográfico 2016 por KG.", "source_date": null, "website": null, "wheelchair": null, "objectid": 6542841, "osm_id2": "4464057057" }, "geometry": { "type": "Point", "coordinates": [ -70.6477244, -33.4537316 ] } },
{ "type": "Feature", "properties": { "addr_city": "Santiago", "addr_country": null, "addr_housenumber": "698", "addr_postcode": null, "addr_street": null, "addr_suburb": null, "addr_unit": null, "amenity": null, "amperage": null, "brand": null, "building": null, "description": null, "level_": null, "name": "Comercial Colonial", "name_en": null, "name_es": null, "opening_hours": null, "operator": null, "phone": null, "shop": "alcohol", "source_transform": "Reconocimiento cartográfico 2016 por KG.", "source_date": null, "website": null, "wheelchair": null, "objectid": 6542848, "osm_id2": "4448476990" }, "geometry": { "type": "Point", "coordinates": [ -70.6482917, -33.4538386 ] } },
{ "type": "Feature", "properties": { "addr_city": "Santiago", "addr_country": null, "addr_housenumber": null, "addr_postcode": null, "addr_street": "San Diego", "addr_suburb": null, "addr_unit": null, "amenity": null, "amperage": null, "brand": null, "building": null, "description": null, "level_": null, "name": "Israel.com", "name_en": null, "name_es": null, "opening_hours": null, "operator": null, "phone": null, "shop": "electronics", "source_transform": null, "source_date": null, "website": null, "wheelchair": null, "objectid": 6542854, "osm_id2": "4474186599" }, "geometry": { "type": "Point", "coordinates": [ -70.6500646, -33.4529871 ] } },
{ "type": "Feature", "properties": { "addr_city": "Santiago", "addr_country": null, "addr_housenumber": null, "addr_postcode": null, "addr_street": "San Diego", "addr_suburb": null, "addr_unit": null, "amenity": null, "amperage": null, "brand": null, "building": null, "description": null, "level_": null, "name": "Datacop Chile", "name_en": null, "name_es": null, "opening_hours": null, "operator": null, "phone": null, "shop": "yes", "source_transform": "Reconocimiento cortográfico de campo 2016 por KG", "source_date": null, "website": null, "wheelchair": null, "objectid": 6542859, "osm_id2": "4473569879" }, "geometry": { "type": "Point", "coordinates": [ -70.6502637, -33.4533291 ] } },
{ "type": "Feature", "properties": { "addr_city": "Santiago", "addr_country": null, "addr_housenumber": "1015", "addr_postcode": null, "addr_street": "Avenida 10 de Julio", "addr_suburb": null, "addr_unit": null, "amenity": null, "amperage": null, "brand": null, "building": null, "description": null, "level_": null, "name": "Daihatsu Repuestos", "name_en": null, "name_es": null, "opening_hours": null, "operator": null, "phone": null, "shop": "car_parts", "source_transform": "Reconocimiento cartográfico 2016 por KG.", "source_date": null, "website": null, "wheelchair": null, "objectid": 6542864, "osm_id2": "4464057062" }, "geometry": { "type": "Point", "coordinates": [ -70.6490098, -33.4538339 ] } },
{ "type": "Feature", "properties": { "addr_city": "Santiago", "addr_country": "CL", "addr_housenumber": null, "addr_postcode": null, "addr_street": "Avenida 10 de Julio", "addr_suburb": null, "addr_unit": null, "amenity": null, "amperage": null, "brand": null, "building": null, "description": null, "level_": null, "name": "DK", "name_en": null, "name_es": null, "opening_hours": null, "operator": null, "phone": null, "shop": "car_parts", "source_transform": "Reconocimiento cartográfico 2016 por KG.", "source_date": null, "website": null, "wheelchair": null, "objectid": 6542867, "osm_id2": "4464057078" }, "geometry": { "type": "Point", "coordinates": [ -70.6493038, -33.4538874 ] } },
{ "type": "Feature", "properties": { "addr_city": "Santiago", "addr_country": null, "addr_housenumber": "1061", "addr_postcode": null, "addr_street": "Avenida 10 de Julio", "addr_suburb": null, "addr_unit": null, "amenity": null, "amperage": null, "brand": null, "building": null, "description": null, "level_": null, "name": "Repcar", "name_en": null, "name_es": null, "opening_hours": null, "operator": null, "phone": null, "shop": "car_parts", "source_transform": "Reconocimiento cartográfico 2016 por KG.", "source_date": null, "website": null, "wheelchair": null, "objectid": 6542868, "osm_id2": "4464057079" }, "geometry": { "type": "Point", "coordinates": [ -70.6493565, -33.4538939 ] } },
{ "type": "Feature", "properties": { "addr_city": "Santiago", "addr_country": null, "addr_housenumber": "1063", "addr_postcode": null, "addr_street": "Avenida 10 de Julio", "addr_suburb": null, "addr_unit": null, "amenity": null, "amperage": null, "brand": null, "building": null, "description": null, "level_": null, "name": "Importadora Yanor", "name_en": null, "name_es": null, "opening_hours": null, "operator": null, "phone": null, "shop": "car_parts", "source_transform": "Reconocimiento cartográfico 2016 por KG.", "source_date": null, "website": null, "wheelchair": null, "objectid": 6542869, "osm_id2": "4464057080" }, "geometry": { "type": "Point", "coordinates": [ -70.6494103, -33.4538977 ] } },
{ "type": "Feature", "properties": { "addr_city": "Santiago", "addr_country": null, "addr_housenumber": null, "addr_postcode": null, "addr_street": "San Diego", "addr_suburb": null, "addr_unit": null, "amenity": null, "amperage": null, "brand": null, "building": null, "description": null, "level_": null, "name": "Topochile", "name_en": null, "name_es": null, "opening_hours": null, "operator": null, "phone": null, "shop": "yes", "source_transform": "Reconocimiento cortográfico de campo 2016 por KG", "source_date": null, "website": null, "wheelchair": null, "objectid": 6542870, "osm_id2": "4474186589" }, "geometry": { "type": "Point", "coordinates": [ -70.6499963, -33.4534656 ] } },
{ "type": "Feature", "properties": { "addr_city": "Santiago", "addr_country": null, "addr_housenumber": "624", "addr_postcode": null, "addr_street": "San Diego", "addr_suburb": null, "addr_unit": null, "amenity": null, "amperage": null, "brand": null, "building": null, "description": null, "level_": null, "name": "Ahorra Food Depot", "name_en": null, "name_es": null, "opening_hours": null, "operator": null, "phone": null, "shop": "supermarket", "source_transform": null, "source_date": null, "website": null, "wheelchair": null, "objectid": 6542871, "osm_id2": "4474186488" }, "geometry": { "type": "Point", "coordinates": [ -70.6499932, -33.4535202 ] } },
{ "type": "Feature", "properties": { "addr_city": "Santiago", "addr_country": null, "addr_housenumber": "1038", "addr_postcode": null, "addr_street": "Avenida 10 de Julio", "addr_suburb": null, "addr_unit": null, "amenity": null, "amperage": null, "brand": null, "building": null, "description": null, "level_": null, "name": "Cajas De Cambios", "name_en": null, "name_es": null, "opening_hours": null, "operator": null, "phone": null, "shop": "car_parts", "source_transform": "Reconocimiento cartográfico 2016 por KG.", "source_date": null, "website": null, "wheelchair": null, "objectid": 6544487, "osm_id2": "4465503278" }, "geometry": { "type": "Point", "coordinates": [ -70.6490223, -33.4541777 ] } },
{ "type": "Feature", "properties": { "addr_city": "Santiago", "addr_country": null, "addr_housenumber": "1143", "addr_postcode": null, "addr_street": "Avenida Diez de Julio Huamachuco", "addr_suburb": null, "addr_unit": null, "amenity": null, "amperage": null, "brand": null, "building": null, "description": null, "level_": null, "name": "Desarmaduria", "name_en": null, "name_es": null, "opening_hours": null, "operator": null, "phone": null, "shop": "car_parts", "source_transform": "Reconocimiento cartográfico 2016 por KG.", "source_date": null, "website": null, "wheelchair": null, "objectid": 6544498, "osm_id2": "4464079209" }, "geometry": { "type": "Point", "coordinates": [ -70.650764, -33.4541219 ] } },
{ "type": "Feature", "properties": { "addr_city": "Santiago", "addr_country": null, "addr_housenumber": null, "addr_postcode": null, "addr_street": "Avenida 10 de Julio", "addr_suburb": null, "addr_unit": null, "amenity": null, "amperage": null, "brand": null, "building": null, "description": null, "level_": null, "name": "Moto ABC", "name_en": null, "name_es": null, "opening_hours": null, "operator": null, "phone": null, "shop": "yes", "source_transform": "Reconocimiento cartográfico 2016 por KG.", "source_date": null, "website": null, "wheelchair": null, "objectid": 6544500, "osm_id2": "4464079210" }, "geometry": { "type": "Point", "coordinates": [ -70.650853, -33.4541534 ] } },
{ "type": "Feature", "properties": { "addr_city": "Santiago", "addr_country": null, "addr_housenumber": "1110", "addr_postcode": null, "addr_street": null, "addr_suburb": null, "addr_unit": null, "amenity": null, "amperage": null, "brand": null, "building": null, "description": null, "level_": null, "name": "Neumáticos y Llantas del Pacifico", "name_en": null, "name_es": null, "opening_hours": null, "operator": null, "phone": null, "shop": "car_parts", "source_transform": "Reconocimiento cartográfico 2016 por KG.", "source_date": null, "website": null, "wheelchair": null, "objectid": 6544505, "osm_id2": "596471640" }, "geometry": { "type": "Point", "coordinates": [ -70.650175, -33.4542742 ] } },
{ "type": "Feature", "properties": { "addr_city": "Santiago", "addr_country": null, "addr_housenumber": "709", "addr_postcode": null, "addr_street": "San Diego", "addr_suburb": null, "addr_unit": null, "amenity": null, "amperage": null, "brand": null, "building": null, "description": null, "level_": null, "name": "Ferreteria Don Alvaro", "name_en": null, "name_es": null, "opening_hours": null, "operator": null, "phone": "+56226960662", "shop": "yes", "source_transform": "Reconocimiento cartográfico 2016 por KG.", "source_date": null, "website": null, "wheelchair": null, "objectid": 6544507, "osm_id2": "4466515418" }, "geometry": { "type": "Point", "coordinates": [ -70.6501642, -33.4543572 ] } },
{ "type": "Feature", "properties": { "addr_city": "Santiago", "addr_country": null, "addr_housenumber": "1150", "addr_postcode": null, "addr_street": "Avenida 10 de Julio", "addr_suburb": null, "addr_unit": null, "amenity": null, "amperage": null, "brand": null, "building": null, "description": null, "level_": null, "name": "Casa Keim", "name_en": null, "name_es": null, "opening_hours": null, "operator": null, "phone": null, "shop": "electronics", "source_transform": "Reconocimiento cartográfico 2016 por KG.", "source_date": null, "website": null, "wheelchair": null, "objectid": 6544509, "osm_id2": "4465518738" }, "geometry": { "type": "Point", "coordinates": [ -70.6508191, -33.454335 ] } },
{ "type": "Feature", "properties": { "addr_city": "Santiago", "addr_country": null, "addr_housenumber": null, "addr_postcode": null, "addr_street": "Copiapó", "addr_suburb": null, "addr_unit": null, "amenity": null, "amperage": null, "brand": null, "building": null, "description": null, "level_": null, "name": "Botilleria Donde Gustavo", "name_en": null, "name_es": null, "opening_hours": null, "operator": null, "phone": null, "shop": "alcohol", "source_transform": "Reconocimiento cortográfico de campo 2016 por KG", "source_date": null, "website": null, "wheelchair": null, "objectid": 6544524, "osm_id2": "4456682884" }, "geometry": { "type": "Point", "coordinates": [ -70.6480134, -33.4550962 ] } },
{ "type": "Feature", "properties": { "addr_city": "Santiago", "addr_country": null, "addr_housenumber": null, "addr_postcode": null, "addr_street": "Copiapó", "addr_suburb": null, "addr_unit": null, "amenity": null, "amperage": null, "brand": null, "building": null, "description": null, "level_": null, "name": "Car Music", "name_en": null, "name_es": null, "opening_hours": null, "operator": null, "phone": null, "shop": "yes", "source_transform": "Reconocimiento cortográfico de campo 2016 por KG", "source_date": null, "website": null, "wheelchair": null, "objectid": 6544536, "osm_id2": "4456682878" }, "geometry": { "type": "Point", "coordinates": [ -70.6492637, -33.4553144 ] } },
{ "type": "Feature", "properties": { "addr_city": "Santiago", "addr_country": null, "addr_housenumber": null, "addr_postcode": null, "addr_street": "Copiapó", "addr_suburb": null, "addr_unit": null, "amenity": null, "amperage": null, "brand": null, "building": null, "description": null, "level_": null, "name": "Escapes Armona", "name_en": null, "name_es": null, "opening_hours": null, "operator": null, "phone": null, "shop": "yes", "source_transform": "Reconocimiento cortográfico de campo 2016 por KG", "source_date": null, "website": null, "wheelchair": null, "objectid": 6544537, "osm_id2": "4456682873" }, "geometry": { "type": "Point", "coordinates": [ -70.6494749, -33.4553448 ] } },
{ "type": "Feature", "properties": { "addr_city": "Santiago", "addr_country": null, "addr_housenumber": null, "addr_postcode": null, "addr_street": "San Diego", "addr_suburb": null, "addr_unit": null, "amenity": null, "amperage": null, "brand": null, "building": null, "description": null, "level_": null, "name": "iBikes & Co.", "name_en": null, "name_es": null, "opening_hours": null, "operator": null, "phone": null, "shop": "bicycle", "source_transform": "Reconocimiento cortográfico de campo 2016 por KG", "source_date": null, "website": null, "wheelchair": null, "objectid": 6544541, "osm_id2": "4474186474" }, "geometry": { "type": "Point", "coordinates": [ -70.6497898, -33.4550719 ] } },
{ "type": "Feature", "properties": { "addr_city": "Santiago", "addr_country": null, "addr_housenumber": null, "addr_postcode": null, "addr_street": "San Diego", "addr_suburb": null, "addr_unit": null, "amenity": null, "amperage": null, "brand": null, "building": null, "description": null, "level_": null, "name": "El Volcán", "name_en": null, "name_es": null, "opening_hours": null, "operator": null, "phone": null, "shop": "yes", "source_transform": "Reconocimiento cartográfico 2016 por KG.", "source_date": null, "website": null, "wheelchair": null, "objectid": 6544542, "osm_id2": "4466515413" }, "geometry": { "type": "Point", "coordinates": [ -70.6500982, -33.4551596 ] } },
{ "type": "Feature", "properties": { "addr_city": "Santiago", "addr_country": null, "addr_housenumber": null, "addr_postcode": null, "addr_street": "Copiapó", "addr_suburb": null, "addr_unit": null, "amenity": null, "amperage": null, "brand": null, "building": null, "description": null, "level_": null, "name": "Privilege", "name_en": null, "name_es": null, "opening_hours": null, "operator": null, "phone": null, "shop": "clothes", "source_transform": "Reconocimiento cortográfico de campo 2016 por KG", "source_date": null, "website": null, "wheelchair": null, "objectid": 6544553, "osm_id2": "4473569876" }, "geometry": { "type": "Point", "coordinates": [ -70.6501503, -33.4553976 ] } },
{ "type": "Feature", "properties": { "addr_city": "Santiago", "addr_country": null, "addr_housenumber": null, "addr_postcode": null, "addr_street": "Avenida 10 de Julio", "addr_suburb": null, "addr_unit": null, "amenity": null, "amperage": null, "brand": null, "building": null, "description": null, "level_": null, "name": "Fast Truck", "name_en": null, "name_es": null, "opening_hours": null, "operator": null, "phone": null, "shop": "yes", "source_transform": "Reconocimiento cartográfico 2016 por KG.", "source_date": null, "website": null, "wheelchair": null, "objectid": 6544559, "osm_id2": "4464079211" }, "geometry": { "type": "Point", "coordinates": [ -70.6509881, -33.4541759 ] } },
{ "type": "Feature", "properties": { "addr_city": "Santiago", "addr_country": null, "addr_housenumber": null, "addr_postcode": null, "addr_street": "Avenida 10 de Julio", "addr_suburb": null, "addr_unit": null, "amenity": null, "amperage": null, "brand": null, "building": null, "description": null, "level_": null, "name": "Repuestos San Diego", "name_en": null, "name_es": null, "opening_hours": null, "operator": null, "phone": null, "shop": "car_parts", "source_transform": "Reconocimiento cartográfico 2016 por KG.", "source_date": null, "website": null, "wheelchair": null, "objectid": 6544561, "osm_id2": "4464079213" }, "geometry": { "type": "Point", "coordinates": [ -70.6512292, -33.4542054 ] } },
{ "type": "Feature", "properties": { "addr_city": "Santiago", "addr_country": null, "addr_housenumber": "1160", "addr_postcode": null, "addr_street": "Avenida 10 de Julio", "addr_suburb": null, "addr_unit": null, "amenity": null, "amperage": null, "brand": null, "building": null, "description": null, "level_": null, "name": "Desarmaduria Todo Chile", "name_en": null, "name_es": null, "opening_hours": null, "operator": null, "phone": null, "shop": "car_parts", "source_transform": "Reconocimiento cartográfico 2016 por KG.", "source_date": null, "website": null, "wheelchair": null, "objectid": 6544562, "osm_id2": "4465518739" }, "geometry": { "type": "Point", "coordinates": [ -70.6510678, -33.4543827 ] } },
{ "type": "Feature", "properties": { "addr_city": "Santiago", "addr_country": null, "addr_housenumber": "1311", "addr_postcode": null, "addr_street": "Avenida 10 de Julio", "addr_suburb": null, "addr_unit": null, "amenity": null, "amperage": null, "brand": null, "building": null, "description": null, "level_": null, "name": "Desarmaduria Betty", "name_en": null, "name_es": null, "opening_hours": null, "operator": null, "phone": null, "shop": "car_parts", "source_transform": "Reconocimiento cartográfico 2016 por KG.", "source_date": null, "website": null, "wheelchair": null, "objectid": 6544567, "osm_id2": "4464079230" }, "geometry": { "type": "Point", "coordinates": [ -70.6527343, -33.4542752 ] } },
{ "type": "Feature", "properties": { "addr_city": "Santiago", "addr_country": null, "addr_housenumber": "1315", "addr_postcode": null, "addr_street": "Avenida 10 de Julio", "addr_suburb": null, "addr_unit": null, "amenity": null, "amperage": null, "brand": null, "building": null, "description": null, "level_": null, "name": "Cajas de Cambios", "name_en": null, "name_es": null, "opening_hours": null, "operator": null, "phone": null, "shop": "car_parts", "source_transform": "Reconocimiento cartográfico 2016 por KG.", "source_date": null, "website": null, "wheelchair": null, "objectid": 6544568, "osm_id2": "4464079229" }, "geometry": { "type": "Point", "coordinates": [ -70.6528607, -33.4542835 ] } },
{ "type": "Feature", "properties": { "addr_city": "Santiago", "addr_country": null, "addr_housenumber": "1192", "addr_postcode": null, "addr_street": "Avenida 10 de Julio", "addr_suburb": null, "addr_unit": null, "amenity": null, "amperage": null, "brand": null, "building": null, "description": null, "level_": null, "name": "Pena Hermanos S.A.", "name_en": null, "name_es": null, "opening_hours": null, "operator": null, "phone": null, "shop": "hardware", "source_transform": "Reconocimiento cartográfico 2016 por KG.", "source_date": null, "website": null, "wheelchair": null, "objectid": 6544571, "osm_id2": "4465518740" }, "geometry": { "type": "Point", "coordinates": [ -70.6513408, -33.4544326 ] } },
{ "type": "Feature", "properties": { "addr_city": "Santiago", "addr_country": null, "addr_housenumber": "1221", "addr_postcode": null, "addr_street": "Avenida 10 de Julio", "addr_suburb": null, "addr_unit": null, "amenity": null, "amperage": null, "brand": null, "building": null, "description": null, "level_": null, "name": "Comercial Eurocorvan", "name_en": null, "name_es": null, "opening_hours": null, "operator": null, "phone": null, "shop": "car_parts", "source_transform": "Reconocimiento cartográfico 2016 por KG.", "source_date": null, "website": null, "wheelchair": null, "objectid": 6544573, "osm_id2": "4465518745" }, "geometry": { "type": "Point", "coordinates": [ -70.6519826, -33.4544925 ] } },
{ "type": "Feature", "properties": { "addr_city": "Santiago", "addr_country": null, "addr_housenumber": "1330", "addr_postcode": null, "addr_street": "Avenida Diez de Julio Huamachuco", "addr_suburb": null, "addr_unit": null, "amenity": null, "amperage": null, "brand": null, "building": null, "description": null, "level_": null, "name": "La Casa de las Cajas de Cambios", "name_en": null, "name_es": null, "opening_hours": null, "operator": null, "phone": null, "shop": "car_parts", "source_transform": "Reconocimiento cartográfico 2016 por KG.", "source_date": null, "website": null, "wheelchair": null, "objectid": 6544583, "osm_id2": "4465523522" }, "geometry": { "type": "Point", "coordinates": [ -70.6528991, -33.4545207 ] } },
{ "type": "Feature", "properties": { "addr_city": "Santiago", "addr_country": null, "addr_housenumber": null, "addr_postcode": null, "addr_street": "San Diego", "addr_suburb": null, "addr_unit": null, "amenity": null, "amperage": null, "brand": null, "building": null, "description": null, "level_": null, "name": "Botilleria El Oasis", "name_en": null, "name_es": null, "opening_hours": null, "operator": null, "phone": null, "shop": "alcohol", "source_transform": "Reconocimiento cortográfico de campo 2016 por KG", "source_date": null, "website": null, "wheelchair": null, "objectid": 6542875, "osm_id2": "4474186486" }, "geometry": { "type": "Point", "coordinates": [ -70.6499652, -33.4536632 ] } },
{ "type": "Feature", "properties": { "addr_city": "Santiago", "addr_country": null, "addr_housenumber": null, "addr_postcode": null, "addr_street": "San Diego", "addr_suburb": null, "addr_unit": null, "amenity": null, "amperage": null, "brand": null, "building": null, "description": null, "level_": null, "name": "Dansel", "name_en": null, "name_es": null, "opening_hours": null, "operator": null, "phone": null, "shop": "clothes", "source_transform": "Reconocimiento cartográfico 2016 por KG.", "source_date": null, "website": null, "wheelchair": null, "objectid": 6542876, "osm_id2": "4466545726" }, "geometry": { "type": "Point", "coordinates": [ -70.6502758, -33.4537771 ] } },
{ "type": "Feature", "properties": { "addr_city": "Santiago", "addr_country": null, "addr_housenumber": null, "addr_postcode": null, "addr_street": "Nataniel Cox", "addr_suburb": null, "addr_unit": null, "amenity": null, "amperage": null, "brand": null, "building": null, "description": null, "level_": null, "name": "Fusión Perú", "name_en": null, "name_es": null, "opening_hours": null, "operator": null, "phone": null, "shop": "yes", "source_transform": "Reconocimiento cortográfico de campo 2016 por KG", "source_date": null, "website": null, "wheelchair": null, "objectid": 6542913, "osm_id2": "4474186465" }, "geometry": { "type": "Point", "coordinates": [ -70.652774999715007, -33.453713599466099 ] } },
{ "type": "Feature", "properties": { "addr_city": "Santiago", "addr_country": "CL", "addr_housenumber": "389", "addr_postcode": null, "addr_street": "Ejército Libertador", "addr_suburb": null, "addr_unit": "A", "amenity": null, "amperage": null, "brand": null, "building": null, "description": null, "level_": null, "name": "Miga's", "name_en": null, "name_es": null, "opening_hours": null, "operator": "Miguel Ángel Astorga Cortés", "phone": null, "shop": "convenience", "source_transform": null, "source_date": null, "website": null, "wheelchair": null, "objectid": 6543047, "osm_id2": "3058015967" }, "geometry": { "type": "Point", "coordinates": [ -70.660660800249502, -33.451769099858602 ] } },
{ "type": "Feature", "properties": { "addr_city": "Santiago", "addr_country": null, "addr_housenumber": "2087", "addr_postcode": null, "addr_street": "Grajales", "addr_suburb": null, "addr_unit": null, "amenity": null, "amperage": null, "brand": null, "building": null, "description": null, "level_": null, "name": null, "name_en": null, "name_es": null, "opening_hours": null, "operator": null, "phone": null, "shop": "shoe_repair", "source_transform": null, "source_date": null, "website": null, "wheelchair": null, "objectid": 6543082, "osm_id2": "8618919948" }, "geometry": { "type": "Point", "coordinates": [ -70.6642451, -33.4513459 ] } },
{ "type": "Feature", "properties": { "addr_city": "Santiago", "addr_country": null, "addr_housenumber": "2089", "addr_postcode": null, "addr_street": "Grajales", "addr_suburb": null, "addr_unit": null, "amenity": null, "amperage": null, "brand": null, "building": null, "description": null, "level_": null, "name": null, "name_en": null, "name_es": null, "opening_hours": null, "operator": null, "phone": null, "shop": "stationery", "source_transform": null, "source_date": null, "website": null, "wheelchair": null, "objectid": 6543084, "osm_id2": "8618919947" }, "geometry": { "type": "Point", "coordinates": [ -70.6643269, -33.45136 ] } },
{ "type": "Feature", "properties": { "addr_city": "Santiago", "addr_country": null, "addr_housenumber": "290", "addr_postcode": null, "addr_street": "Almirante Latorre", "addr_suburb": null, "addr_unit": null, "amenity": null, "amperage": null, "brand": null, "building": null, "description": null, "level_": null, "name": "Pastelería Carmencita", "name_en": null, "name_es": null, "opening_hours": null, "operator": null, "phone": null, "shop": "pastry", "source_transform": null, "source_date": null, "website": null, "wheelchair": null, "objectid": 6543086, "osm_id2": "4456975860" }, "geometry": { "type": "Point", "coordinates": [ -70.6644796, -33.451334 ] } },
{ "type": "Feature", "properties": { "addr_city": "Santiago", "addr_country": null, "addr_housenumber": "298", "addr_postcode": null, "addr_street": "Almirante Latorre", "addr_suburb": null, "addr_unit": null, "amenity": null, "amperage": null, "brand": null, "building": null, "description": null, "level_": null, "name": "Don Ernesto", "name_en": null, "name_es": null, "opening_hours": null, "operator": null, "phone": null, "shop": "convenience", "source_transform": null, "source_date": null, "website": null, "wheelchair": null, "objectid": 6543088, "osm_id2": "4456975861" }, "geometry": { "type": "Point", "coordinates": [ -70.6644553, -33.4513997 ] } },
{ "type": "Feature", "properties": { "addr_city": "Santiago", "addr_country": null, "addr_housenumber": "311", "addr_postcode": null, "addr_street": "Almirante Latorre", "addr_suburb": null, "addr_unit": null, "amenity": null, "amperage": null, "brand": null, "building": null, "description": null, "level_": null, "name": "El Mercadito", "name_en": null, "name_es": null, "opening_hours": null, "operator": null, "phone": null, "shop": "greengrocer", "source_transform": null, "source_date": null, "website": null, "wheelchair": null, "objectid": 6543096, "osm_id2": "5359955321" }, "geometry": { "type": "Point", "coordinates": [ -70.6647472, -33.451734 ] } },
{ "type": "Feature", "properties": { "addr_city": "Santiago", "addr_country": null, "addr_housenumber": "313", "addr_postcode": null, "addr_street": "Almirante Latorre", "addr_suburb": null, "addr_unit": null, "amenity": null, "amperage": null, "brand": null, "building": null, "description": null, "level_": null, "name": "Don Chelo", "name_en": null, "name_es": null, "opening_hours": null, "operator": null, "phone": null, "shop": "seafood", "source_transform": null, "source_date": null, "website": null, "wheelchair": null, "objectid": 6543100, "osm_id2": "5359955322" }, "geometry": { "type": "Point", "coordinates": [ -70.6646597, -33.4517723 ] } },
{ "type": "Feature", "properties": { "addr_city": "Santiago", "addr_country": null, "addr_housenumber": "353", "addr_postcode": null, "addr_street": "Almirante Latorre", "addr_suburb": null, "addr_unit": null, "amenity": null, "amperage": null, "brand": null, "building": null, "description": null, "level_": null, "name": null, "name_en": null, "name_es": null, "opening_hours": null, "operator": null, "phone": null, "shop": "hairdresser", "source_transform": null, "source_date": null, "website": null, "wheelchair": null, "objectid": 6543194, "osm_id2": "8355333617" }, "geometry": { "type": "Point", "coordinates": [ -70.6646108, -33.4521897 ] } },
{ "type": "Feature", "properties": { "addr_city": "Santiago", "addr_country": null, "addr_housenumber": "1910", "addr_postcode": null, "addr_street": "Toesca", "addr_suburb": null, "addr_unit": null, "amenity": null, "amperage": null, "brand": null, "building": null, "description": null, "level_": null, "name": "Chalito", "name_en": null, "name_es": null, "opening_hours": null, "operator": null, "phone": null, "shop": "alcohol", "source_transform": "Reconocimiento cartográfico 2016 por KG.", "source_date": null, "website": null, "wheelchair": null, "objectid": 6543227, "osm_id2": "4347800568" }, "geometry": { "type": "Point", "coordinates": [ -70.661640899953696, -33.453541599719898 ] } },
{ "type": "Feature", "properties": { "addr_city": "Santiago", "addr_country": null, "addr_housenumber": "1350", "addr_postcode": null, "addr_street": "Avenida Diez de Julio Huamachuco", "addr_suburb": null, "addr_unit": null, "amenity": null, "amperage": null, "brand": null, "building": null, "description": null, "level_": null, "name": "Aaron Juan Parabrisas", "name_en": null, "name_es": null, "opening_hours": null, "operator": null, "phone": null, "shop": "car_parts", "source_transform": "Reconocimiento cartográfico 2016 por KG.", "source_date": null, "website": null, "wheelchair": null, "objectid": 6544584, "osm_id2": "4465523521" }, "geometry": { "type": "Point", "coordinates": [ -70.6531705, -33.4545355 ] } },
{ "type": "Feature", "properties": { "addr_city": "Santiago", "addr_country": null, "addr_housenumber": null, "addr_postcode": null, "addr_street": "Lord Cochrane", "addr_suburb": null, "addr_unit": null, "amenity": null, "amperage": null, "brand": null, "building": null, "description": null, "level_": null, "name": "Market Paraíso", "name_en": null, "name_es": null, "opening_hours": null, "operator": null, "phone": null, "shop": "convenience", "source_transform": "Reconocimiento cortográfico de campo 2016 por KG", "source_date": null, "website": null, "wheelchair": null, "objectid": 6544590, "osm_id2": "4473782549" }, "geometry": { "type": "Point", "coordinates": [ -70.6543911, -33.4539777 ] } },
{ "type": "Feature", "properties": { "addr_city": "Santiago", "addr_country": null, "addr_housenumber": "1363", "addr_postcode": null, "addr_street": "Avenida 10 de Julio", "addr_suburb": null, "addr_unit": null, "amenity": null, "amperage": null, "brand": null, "building": null, "description": null, "level_": null, "name": "Parabrisas", "name_en": null, "name_es": null, "opening_hours": null, "operator": null, "phone": null, "shop": "yes", "source_transform": "Reconocimiento cartográfico 2016 por KG.", "source_date": null, "website": null, "wheelchair": null, "objectid": 6544596, "osm_id2": "4464085352" }, "geometry": { "type": "Point", "coordinates": [ -70.6535883, -33.454297 ] } },
{ "type": "Feature", "properties": { "addr_city": "Santiago", "addr_country": null, "addr_housenumber": "1369", "addr_postcode": null, "addr_street": "Avenida 10 de Julio", "addr_suburb": null, "addr_unit": null, "amenity": null, "amperage": null, "brand": null, "building": null, "description": null, "level_": null, "name": "Lamartine", "name_en": null, "name_es": null, "opening_hours": null, "operator": null, "phone": null, "shop": "car_parts", "source_transform": "Reconocimiento cartográfico 2016 por KG.", "source_date": null, "website": null, "wheelchair": null, "objectid": 6544597, "osm_id2": "4464085353" }, "geometry": { "type": "Point", "coordinates": [ -70.653706, -33.4543026 ] } },
{ "type": "Feature", "properties": { "addr_city": "Santiago", "addr_country": null, "addr_housenumber": "1366", "addr_postcode": null, "addr_street": "Avenida 10 de Julio", "addr_suburb": null, "addr_unit": null, "amenity": null, "amperage": null, "brand": null, "building": null, "description": null, "level_": null, "name": null, "name_en": null, "name_es": null, "opening_hours": null, "operator": null, "phone": null, "shop": "car_parts", "source_transform": "Reconocimiento cartográfico 2016 por KG.", "source_date": null, "website": null, "wheelchair": null, "objectid": 6544613, "osm_id2": "4465538352" }, "geometry": { "type": "Point", "coordinates": [ -70.6535828, -33.4545338 ] } },
{ "type": "Feature", "properties": { "addr_city": "Santiago", "addr_country": null, "addr_housenumber": "1372", "addr_postcode": null, "addr_street": "Avenida 10 de Julio", "addr_suburb": null, "addr_unit": null, "amenity": null, "amperage": null, "brand": null, "building": null, "description": null, "level_": null, "name": "Ruta 66", "name_en": null, "name_es": null, "opening_hours": null, "operator": null, "phone": null, "shop": "car_parts", "source_transform": "Reconocimiento cartográfico 2016 por KG.", "source_date": null, "website": null, "wheelchair": null, "objectid": 6544614, "osm_id2": "4465538353" }, "geometry": { "type": "Point", "coordinates": [ -70.6536621, -33.4545344 ] } },
{ "type": "Feature", "properties": { "addr_city": "Santiago", "addr_country": null, "addr_housenumber": "1384", "addr_postcode": null, "addr_street": "Avenida 10 de Julio", "addr_suburb": null, "addr_unit": null, "amenity": null, "amperage": null, "brand": null, "building": null, "description": null, "level_": null, "name": "Bolomey", "name_en": null, "name_es": null, "opening_hours": null, "operator": null, "phone": null, "shop": "car_parts", "source_transform": "Reconocimiento cartográfico 2016 por KG.", "source_date": null, "website": null, "wheelchair": null, "objectid": 6544615, "osm_id2": "4465538356" }, "geometry": { "type": "Point", "coordinates": [ -70.653774, -33.4545383 ] } },
{ "type": "Feature", "properties": { "addr_city": "Santiago", "addr_country": null, "addr_housenumber": "852", "addr_postcode": null, "addr_street": "San Diego", "addr_suburb": null, "addr_unit": null, "amenity": null, "amperage": null, "brand": "Specialized", "building": null, "description": null, "level_": null, "name": "Maqbike", "name_en": null, "name_es": null, "opening_hours": null, "operator": null, "phone": null, "shop": "bicycle", "source_transform": null, "source_date": null, "website": null, "wheelchair": null, "objectid": 6544722, "osm_id2": "5118520421" }, "geometry": { "type": "Point", "coordinates": [ -70.6496224, -33.4560074 ] } },
{ "type": "Feature", "properties": { "addr_city": "Santiago", "addr_country": null, "addr_housenumber": null, "addr_postcode": null, "addr_street": "San Diego", "addr_suburb": null, "addr_unit": null, "amenity": null, "amperage": null, "brand": null, "building": null, "description": null, "level_": null, "name": "Bicicletas Totem", "name_en": null, "name_es": null, "opening_hours": null, "operator": null, "phone": null, "shop": "bicycle", "source_transform": "Reconocimiento cortográfico de campo 2016 por KG", "source_date": null, "website": null, "wheelchair": null, "objectid": 6544726, "osm_id2": "4456669607" }, "geometry": { "type": "Point", "coordinates": [ -70.6498935, -33.4559599 ] } },
{ "type": "Feature", "properties": { "addr_city": "Santiago", "addr_country": null, "addr_housenumber": null, "addr_postcode": null, "addr_street": "San Diego", "addr_suburb": null, "addr_unit": null, "amenity": null, "amperage": null, "brand": null, "building": null, "description": null, "level_": null, "name": "Marga", "name_en": null, "name_es": null, "opening_hours": null, "operator": null, "phone": null, "shop": "bicycle", "source_transform": "Reconocimiento cortográfico de campo 2016 por KG", "source_date": null, "website": null, "wheelchair": null, "objectid": 6544727, "osm_id2": "1074784119" }, "geometry": { "type": "Point", "coordinates": [ -70.6498743, -33.4561072 ] } },
{ "type": "Feature", "properties": { "addr_city": "Santiago", "addr_country": null, "addr_housenumber": null, "addr_postcode": null, "addr_street": "Avenida Libertador Bernardo O'Higgins", "addr_suburb": null, "addr_unit": null, "amenity": null, "amperage": null, "brand": null, "building": null, "description": null, "level_": null, "name": "Preunic", "name_en": null, "name_es": null, "opening_hours": null, "operator": null, "phone": null, "shop": "chemist", "source_transform": null, "source_date": null, "website": null, "wheelchair": null, "objectid": 6537648, "osm_id2": "4455403646" }, "geometry": { "type": "Point", "coordinates": [ -70.6554919, -33.4445556 ] } },
{ "type": "Feature", "properties": { "addr_city": "Santiago", "addr_country": null, "addr_housenumber": null, "addr_postcode": null, "addr_street": "Nataniel Cox", "addr_suburb": null, "addr_unit": null, "amenity": null, "amperage": null, "brand": null, "building": null, "description": null, "level_": null, "name": "Happy", "name_en": null, "name_es": null, "opening_hours": null, "operator": null, "phone": null, "shop": "yes", "source_transform": "Reconocimiento cartográfico 2016 por KG.", "source_date": null, "website": null, "wheelchair": null, "objectid": 6537748, "osm_id2": "4466515397" }, "geometry": { "type": "Point", "coordinates": [ -70.6536352, -33.4462411 ] } },
{ "type": "Feature", "properties": { "addr_city": "Santiago", "addr_country": null, "addr_housenumber": null, "addr_postcode": null, "addr_street": "Amunátegui", "addr_suburb": null, "addr_unit": null, "amenity": null, "amperage": null, "brand": null, "building": null, "description": null, "level_": null, "name": "Mary Blanca", "name_en": null, "name_es": null, "opening_hours": null, "operator": null, "phone": null, "shop": "yes", "source_transform": "Reconocimiento cortográfico de campo 2016 por KG", "source_date": null, "website": null, "wheelchair": null, "objectid": 6537763, "osm_id2": "4455270524" }, "geometry": { "type": "Point", "coordinates": [ -70.6560967, -33.4428201 ] } },
{ "type": "Feature", "properties": { "addr_city": "Santiago", "addr_country": null, "addr_housenumber": "25", "addr_postcode": null, "addr_street": "San Martín", "addr_suburb": null, "addr_unit": null, "amenity": null, "amperage": null, "brand": null, "building": null, "description": null, "level_": null, "name": "Ópticas Moneda Visión", "name_en": null, "name_es": null, "opening_hours": null, "operator": null, "phone": null, "shop": "optician", "source_transform": "Reconocimiento cortográfico de campo 2016 por KG", "source_date": null, "website": null, "wheelchair": null, "objectid": 6537901, "osm_id2": "4453709436" }, "geometry": { "type": "Point", "coordinates": [ -70.6572983001398, -33.4447679992291 ] } },
{ "type": "Feature", "properties": { "addr_city": "Santiago", "addr_country": null, "addr_housenumber": "509", "addr_postcode": null, "addr_street": "Avenida Ricardo Cumming", "addr_suburb": null, "addr_unit": null, "amenity": null, "amperage": null, "brand": null, "building": null, "description": null, "level_": null, "name": "Emporio Vegetal", "name_en": null, "name_es": null, "opening_hours": "Mo-Sa 10:00-22:00", "operator": null, "phone": null, "shop": "convenience", "source_transform": null, "source_date": null, "website": null, "wheelchair": null, "objectid": 6538107, "osm_id2": "4048567296" }, "geometry": { "type": "Point", "coordinates": [ -70.668406699856604, -33.438978199421001 ] } },
{ "type": "Feature", "properties": { "addr_city": "Santiago", "addr_country": null, "addr_housenumber": null, "addr_postcode": null, "addr_street": "Catedral", "addr_suburb": null, "addr_unit": null, "amenity": null, "amperage": null, "brand": null, "building": null, "description": null, "level_": null, "name": "La Huerta", "name_en": null, "name_es": null, "opening_hours": null, "operator": null, "phone": null, "shop": "convenience", "source_transform": "Reconocimiento cortográfico de campo 2016 por KG", "source_date": null, "website": null, "wheelchair": null, "objectid": 6538126, "osm_id2": "4448442603" }, "geometry": { "type": "Point", "coordinates": [ -70.668757299735603, -33.439267699937503 ] } },
{ "type": "Feature", "properties": { "addr_city": "Santiago", "addr_country": null, "addr_housenumber": null, "addr_postcode": null, "addr_street": "Avenida Brasil", "addr_suburb": null, "addr_unit": null, "amenity": null, "amperage": null, "brand": null, "building": null, "description": null, "level_": null, "name": "Licores Chalito", "name_en": null, "name_es": null, "opening_hours": null, "operator": null, "phone": null, "shop": "alcohol", "source_transform": null, "source_date": null, "website": null, "wheelchair": null, "objectid": 6538678, "osm_id2": "4452573344" }, "geometry": { "type": "Point", "coordinates": [ -70.664898599907403, -33.441165399627401 ] } },
{ "type": "Feature", "properties": { "addr_city": "Santiago", "addr_country": null, "addr_housenumber": "2088", "addr_postcode": null, "addr_street": "Huérfanos", "addr_suburb": null, "addr_unit": null, "amenity": null, "amperage": null, "brand": null, "building": null, "description": null, "level_": null, "name": "Peluquería Plaza Brasil", "name_en": null, "name_es": null, "opening_hours": null, "operator": null, "phone": null, "shop": "hairdresser", "source_transform": null, "source_date": null, "website": null, "wheelchair": null, "objectid": 6538719, "osm_id2": "5071824871" }, "geometry": { "type": "Point", "coordinates": [ -70.665586200070294, -33.441210199526402 ] } },
{ "type": "Feature", "properties": { "addr_city": "Santiago", "addr_country": null, "addr_housenumber": null, "addr_postcode": null, "addr_street": "Avenida Brasil", "addr_suburb": null, "addr_unit": null, "amenity": null, "amperage": null, "brand": null, "building": null, "description": null, "level_": null, "name": null, "name_en": null, "name_es": null, "opening_hours": null, "operator": null, "phone": null, "shop": "kiosk", "source_transform": null, "source_date": null, "website": null, "wheelchair": null, "objectid": 6538727, "osm_id2": "8394892766" }, "geometry": { "type": "Point", "coordinates": [ -70.664919, -33.441257 ] } },
{ "type": "Feature", "properties": { "addr_city": "Santiago", "addr_country": null, "addr_housenumber": "2204", "addr_postcode": null, "addr_street": "Huérfanos", "addr_suburb": null, "addr_unit": null, "amenity": null, "amperage": null, "brand": null, "building": null, "description": null, "level_": null, "name": "Bombas Jabasco", "name_en": null, "name_es": null, "opening_hours": null, "operator": null, "phone": null, "shop": "doityourself", "source_transform": null, "source_date": null, "website": null, "wheelchair": null, "objectid": 6538796, "osm_id2": "5071824891" }, "geometry": { "type": "Point", "coordinates": [ -70.666785999845203, -33.441342799296002 ] } },
{ "type": "Feature", "properties": { "addr_city": "Santiago", "addr_country": null, "addr_housenumber": null, "addr_postcode": null, "addr_street": "Maturana", "addr_suburb": null, "addr_unit": null, "amenity": null, "amperage": null, "brand": null, "building": null, "description": null, "level_": null, "name": "La Rueda Bolañera", "name_en": null, "name_es": null, "opening_hours": null, "operator": null, "phone": null, "shop": "bicycle", "source_transform": null, "source_date": null, "website": null, "wheelchair": null, "objectid": 6538797, "osm_id2": "2822775160" }, "geometry": { "type": "Point", "coordinates": [ -70.666748099923396, -33.441390699445599 ] } },
{ "type": "Feature", "properties": { "addr_city": "Santiago", "addr_country": null, "addr_housenumber": "260", "addr_postcode": null, "addr_street": "Avenida Ricardo Cumming", "addr_suburb": null, "addr_unit": null, "amenity": null, "amperage": null, "brand": null, "building": null, "description": null, "level_": null, "name": null, "name_en": null, "name_es": null, "opening_hours": null, "operator": null, "phone": null, "shop": "convenience", "source_transform": null, "source_date": null, "website": null, "wheelchair": null, "objectid": 6538864, "osm_id2": "7986002487" }, "geometry": { "type": "Point", "coordinates": [ -70.668278200346805, -33.441800399399099 ] } },
{ "type": "Feature", "properties": { "addr_city": "Santiago", "addr_country": null, "addr_housenumber": null, "addr_postcode": null, "addr_street": "San Diego", "addr_suburb": null, "addr_unit": null, "amenity": null, "amperage": null, "brand": null, "building": null, "description": null, "level_": null, "name": "Bicicletas Quinteros", "name_en": null, "name_es": null, "opening_hours": null, "operator": null, "phone": null, "shop": "bicycle", "source_transform": "Reconocimiento cortográfico de campo 2016 por KG", "source_date": null, "website": null, "wheelchair": null, "objectid": 6544728, "osm_id2": "4456669599" }, "geometry": { "type": "Point", "coordinates": [ -70.6498377, -33.4562434 ] } },
{ "type": "Feature", "properties": { "addr_city": "Santiago", "addr_country": null, "addr_housenumber": null, "addr_postcode": null, "addr_street": "San Diego", "addr_suburb": null, "addr_unit": null, "amenity": null, "amperage": null, "brand": null, "building": null, "description": null, "level_": null, "name": "Shimano", "name_en": null, "name_es": null, "opening_hours": null, "operator": null, "phone": null, "shop": "yes", "source_transform": "Reconocimiento cortográfico de campo 2016 por KG", "source_date": null, "website": null, "wheelchair": null, "objectid": 6544729, "osm_id2": "4456669600" }, "geometry": { "type": "Point", "coordinates": [ -70.6498547, -33.4562718 ] } },
{ "type": "Feature", "properties": { "addr_city": "Santiago", "addr_country": null, "addr_housenumber": null, "addr_postcode": null, "addr_street": "San Diego", "addr_suburb": null, "addr_unit": null, "amenity": null, "amperage": null, "brand": null, "building": null, "description": null, "level_": null, "name": "Droppelmann", "name_en": null, "name_es": null, "opening_hours": null, "operator": null, "phone": null, "shop": "yes", "source_transform": "Reconocimiento cortográfico de campo 2016 por KG", "source_date": null, "website": null, "wheelchair": null, "objectid": 6544733, "osm_id2": "4456743119" }, "geometry": { "type": "Point", "coordinates": [ -70.6494787, -33.4567182 ] } },
{ "type": "Feature", "properties": { "addr_city": "Santiago", "addr_country": null, "addr_housenumber": null, "addr_postcode": null, "addr_street": null, "addr_suburb": null, "addr_unit": null, "amenity": null, "amperage": null, "brand": null, "building": null, "description": null, "level_": null, "name": "Terrabike", "name_en": null, "name_es": null, "opening_hours": null, "operator": null, "phone": null, "shop": "bicycle", "source_transform": "Reconocimiento cortográfico de campo 2016 por KG", "source_date": null, "website": null, "wheelchair": null, "objectid": 6544734, "osm_id2": "1074784125" }, "geometry": { "type": "Point", "coordinates": [ -70.6494277, -33.456802 ] } },
{ "type": "Feature", "properties": { "addr_city": "Santiago", "addr_country": null, "addr_housenumber": null, "addr_postcode": null, "addr_street": "San Diego", "addr_suburb": null, "addr_unit": null, "amenity": null, "amperage": null, "brand": null, "building": null, "description": null, "level_": null, "name": "Derman Bicicletas", "name_en": null, "name_es": null, "opening_hours": null, "operator": null, "phone": null, "shop": "bicycle", "source_transform": "Reconocimiento cortográfico de campo 2016 por KG", "source_date": null, "website": null, "wheelchair": null, "objectid": 6544735, "osm_id2": "4456743118" }, "geometry": { "type": "Point", "coordinates": [ -70.6494787, -33.4567848 ] } },
{ "type": "Feature", "properties": { "addr_city": "Santiago", "addr_country": null, "addr_housenumber": null, "addr_postcode": null, "addr_street": null, "addr_suburb": null, "addr_unit": null, "amenity": null, "amperage": null, "brand": null, "building": null, "description": null, "level_": null, "name": "Bicicletas Vargas", "name_en": null, "name_es": null, "opening_hours": null, "operator": null, "phone": null, "shop": "bicycle", "source_transform": null, "source_date": null, "website": null, "wheelchair": null, "objectid": 6544761, "osm_id2": "1074784127" }, "geometry": { "type": "Point", "coordinates": [ -70.6497393, -33.456822 ] } },
{ "type": "Feature", "properties": { "addr_city": "Santiago", "addr_country": null, "addr_housenumber": null, "addr_postcode": null, "addr_street": "San Diego", "addr_suburb": null, "addr_unit": null, "amenity": null, "amperage": null, "brand": null, "building": null, "description": null, "level_": null, "name": "El Outlet de la Bicicleta", "name_en": null, "name_es": null, "opening_hours": null, "operator": null, "phone": null, "shop": "bicycle", "source_transform": "Reconocimiento cortográfico de campo 2016 por KG", "source_date": null, "website": null, "wheelchair": null, "objectid": 6544768, "osm_id2": "4456669589" }, "geometry": { "type": "Point", "coordinates": [ -70.6497196, -33.4570415 ] } },
{ "type": "Feature", "properties": { "addr_city": "Santiago", "addr_country": null, "addr_housenumber": null, "addr_postcode": null, "addr_street": "San Diego", "addr_suburb": null, "addr_unit": null, "amenity": null, "amperage": null, "brand": null, "building": null, "description": null, "level_": null, "name": "Juanito Mena", "name_en": null, "name_es": null, "opening_hours": null, "operator": null, "phone": null, "shop": "bicycle", "source_transform": "Reconocimiento cortográfico de campo 2016 por KG", "source_date": null, "website": null, "wheelchair": null, "objectid": 6544773, "osm_id2": "1074784129" }, "geometry": { "type": "Point", "coordinates": [ -70.6496578, -33.4572752 ] } },
{ "type": "Feature", "properties": { "addr_city": "Santiago", "addr_country": null, "addr_housenumber": null, "addr_postcode": null, "addr_street": "San Diego", "addr_suburb": null, "addr_unit": null, "amenity": null, "amperage": null, "brand": null, "building": null, "description": null, "level_": null, "name": "Bike Wheel", "name_en": null, "name_es": null, "opening_hours": null, "operator": null, "phone": null, "shop": "bicycle", "source_transform": "Reconocimiento cortográfico de campo 2016 por KG", "source_date": null, "website": null, "wheelchair": null, "objectid": 6544780, "osm_id2": "4457126117" }, "geometry": { "type": "Point", "coordinates": [ -70.6493604, -33.4574036 ] } },
{ "type": "Feature", "properties": { "addr_city": "Santiago", "addr_country": null, "addr_housenumber": null, "addr_postcode": null, "addr_street": "San Diego", "addr_suburb": null, "addr_unit": null, "amenity": null, "amperage": null, "brand": null, "building": null, "description": null, "level_": null, "name": "Zona Cleta", "name_en": null, "name_es": null, "opening_hours": null, "operator": null, "phone": null, "shop": "yes", "source_transform": "Reconocimiento cortográfico de campo 2016 por KG", "source_date": null, "website": null, "wheelchair": null, "objectid": 6544781, "osm_id2": "4457126118" }, "geometry": { "type": "Point", "coordinates": [ -70.6493671, -33.45736 ] } },
{ "type": "Feature", "properties": { "addr_city": "Santiago", "addr_country": null, "addr_housenumber": null, "addr_postcode": null, "addr_street": "San Diego", "addr_suburb": null, "addr_unit": null, "amenity": null, "amperage": null, "brand": null, "building": null, "description": null, "level_": null, "name": "iBikes & Co.", "name_en": null, "name_es": null, "opening_hours": null, "operator": null, "phone": null, "shop": "bicycle", "source_transform": "Reconocimiento cortográfico de campo 2016 por KG", "source_date": null, "website": null, "wheelchair": null, "objectid": 6544783, "osm_id2": "4456960391" }, "geometry": { "type": "Point", "coordinates": [ -70.6496345, -33.4574742 ] } },
{ "type": "Feature", "properties": { "addr_city": "Santiago", "addr_country": null, "addr_housenumber": null, "addr_postcode": null, "addr_street": "Paseo Huérfanos", "addr_suburb": null, "addr_unit": null, "amenity": null, "amperage": null, "brand": null, "building": null, "description": null, "level_": null, "name": "SKY Airline", "name_en": null, "name_es": "SKY Airline", "opening_hours": null, "operator": null, "phone": null, "shop": "travel_agency", "source_transform": null, "source_date": null, "website": null, "wheelchair": null, "objectid": 6536138, "osm_id2": "4443727191" }, "geometry": { "type": "Point", "coordinates": [ -70.6484364, -33.4393509 ] } },
{ "type": "Feature", "properties": { "addr_city": "Santiago", "addr_country": null, "addr_housenumber": "344", "addr_postcode": null, "addr_street": "Estado", "addr_suburb": null, "addr_unit": null, "amenity": null, "amperage": null, "brand": null, "building": null, "description": null, "level_": null, "name": "Gallería Pasaje Matte", "name_en": null, "name_es": null, "opening_hours": null, "operator": null, "phone": null, "shop": "mall", "source_transform": null, "source_date": null, "website": null, "wheelchair": null, "objectid": 6536156, "osm_id2": "4993415703" }, "geometry": { "type": "Point", "coordinates": [ -70.6501793, -33.4391476 ] } },
{ "type": "Feature", "properties": { "addr_city": "Santiago", "addr_country": null, "addr_housenumber": "340", "addr_postcode": null, "addr_street": "Ahumada", "addr_suburb": null, "addr_unit": null, "amenity": null, "amperage": null, "brand": null, "building": null, "description": null, "level_": null, "name": "Galería Agustín Edwards", "name_en": null, "name_es": null, "opening_hours": null, "operator": null, "phone": null, "shop": "mall", "source_transform": null, "source_date": null, "website": null, "wheelchair": null, "objectid": 6536264, "osm_id2": "4993403599" }, "geometry": { "type": "Point", "coordinates": [ -70.651609800349803, -33.439126099323097 ] } },
{ "type": "Feature", "properties": { "addr_city": "Santiago", "addr_country": null, "addr_housenumber": null, "addr_postcode": null, "addr_street": "Bandera", "addr_suburb": null, "addr_unit": null, "amenity": null, "amperage": null, "brand": null, "building": null, "description": null, "level_": null, "name": "El Mercurio", "name_en": null, "name_es": null, "opening_hours": null, "operator": null, "phone": null, "shop": "yes", "source_transform": "Reconocimiento cartográfico 2016 por KG.", "source_date": null, "website": null, "wheelchair": null, "objectid": 6536271, "osm_id2": "4446915691" }, "geometry": { "type": "Point", "coordinates": [ -70.652254199632395, -33.4394341995717 ] } },
{ "type": "Feature", "properties": { "addr_city": "Santiago", "addr_country": null, "addr_housenumber": "312 Oficina 812", "addr_postcode": null, "addr_street": "Ahumada", "addr_suburb": null, "addr_unit": null, "amenity": null, "amperage": null, "brand": null, "building": null, "description": null, "level_": null, "name": "Lentes Online", "name_en": null, "name_es": null, "opening_hours": "Mo-Fr 10:00-16:30", "operator": "optician", "phone": null, "shop": "optician", "source_transform": null, "source_date": null, "website": null, "wheelchair": null, "objectid": 6536325, "osm_id2": "386313" }, "geometry": { "type": "Point", "coordinates": [ -70.651113700344297, -33.439550499428698 ] } },
{ "type": "Feature", "properties": { "addr_city": "Santiago", "addr_country": null, "addr_housenumber": "802", "addr_postcode": null, "addr_street": "Agustinas", "addr_suburb": null, "addr_unit": null, "amenity": null, "amperage": null, "brand": null, "building": null, "description": null, "level_": null, "name": "Optica Santa Lucia", "name_en": null, "name_es": null, "opening_hours": null, "operator": null, "phone": null, "shop": "optician", "source_transform": null, "source_date": null, "website": null, "wheelchair": null, "objectid": 6536423, "osm_id2": "4452590279" }, "geometry": { "type": "Point", "coordinates": [ -70.648170699997607, -33.440653499264499 ] } },
{ "type": "Feature", "properties": { "addr_city": "Santiago", "addr_country": null, "addr_housenumber": "194", "addr_postcode": null, "addr_street": "San Antonio", "addr_suburb": null, "addr_unit": null, "amenity": null, "amperage": null, "brand": null, "building": null, "description": null, "level_": null, "name": "Optica Antofagasta", "name_en": null, "name_es": null, "opening_hours": null, "operator": null, "phone": null, "shop": "optician", "source_transform": null, "source_date": null, "website": "https://www.opticaantofagasta.cl/", "wheelchair": null, "objectid": 6536427, "osm_id2": "8454898255" }, "geometry": { "type": "Point", "coordinates": [ -70.648142599797197, -33.440708599751602 ] } },
{ "type": "Feature", "properties": { "addr_city": "Santiago", "addr_country": null, "addr_housenumber": "853", "addr_postcode": null, "addr_street": "Agustinas", "addr_suburb": null, "addr_unit": "1021", "amenity": null, "amperage": null, "brand": null, "building": null, "description": null, "level_": null, "name": "One Nutrition", "name_en": null, "name_es": "One Nutrition", "opening_hours": null, "operator": null, "phone": "+56226643542", "shop": "sports", "source_transform": null, "source_date": null, "website": null, "wheelchair": null, "objectid": 6536454, "osm_id2": "5312381024" }, "geometry": { "type": "Point", "coordinates": [ -70.6487989, -33.4405288 ] } },
{ "type": "Feature", "properties": { "addr_city": "santiago", "addr_country": null, "addr_housenumber": null, "addr_postcode": null, "addr_street": "Agustinas", "addr_suburb": null, "addr_unit": null, "amenity": null, "amperage": null, "brand": null, "building": null, "description": null, "level_": null, "name": "Casa & Ideas", "name_en": null, "name_es": null, "opening_hours": null, "operator": null, "phone": null, "shop": "yes", "source_transform": null, "source_date": null, "website": null, "wheelchair": null, "objectid": 6536503, "osm_id2": "4455364997" }, "geometry": { "type": "Point", "coordinates": [ -70.6502465, -33.4408632 ] } },
{ "type": "Feature", "properties": { "addr_city": "Santiago", "addr_country": null, "addr_housenumber": "178", "addr_postcode": null, "addr_street": "Ahumada", "addr_suburb": null, "addr_unit": null, "amenity": null, "amperage": null, "brand": null, "building": null, "description": null, "level_": null, "name": "Paris Tecnológico", "name_en": null, "name_es": null, "opening_hours": null, "operator": null, "phone": null, "shop": "mall", "source_transform": null, "source_date": null, "website": null, "wheelchair": "no", "objectid": 6536543, "osm_id2": "1652792006" }, "geometry": { "type": "Point", "coordinates": [ -70.650863499774701, -33.441120199418002 ] } },
{ "type": "Feature", "properties": { "addr_city": "Santiago", "addr_country": null, "addr_housenumber": null, "addr_postcode": null, "addr_street": "Moneda", "addr_suburb": null, "addr_unit": null, "amenity": null, "amperage": null, "brand": null, "building": null, "description": null, "level_": null, "name": "Ópticas Schilling", "name_en": null, "name_es": null, "opening_hours": null, "operator": null, "phone": null, "shop": "optician", "source_transform": "Reconocimiento cartográfico 2016 por KG.", "source_date": null, "website": null, "wheelchair": null, "objectid": 6536551, "osm_id2": "4446300355" }, "geometry": { "type": "Point", "coordinates": [ -70.6467165000291, -33.441523699224703 ] } },
{ "type": "Feature", "properties": { "addr_city": "Santiago", "addr_country": null, "addr_housenumber": null, "addr_postcode": null, "addr_street": "Moneda", "addr_suburb": null, "addr_unit": null, "amenity": null, "amperage": null, "brand": null, "building": null, "description": null, "level_": null, "name": "Opticas Optimundo", "name_en": null, "name_es": null, "opening_hours": null, "operator": null, "phone": null, "shop": "optician", "source_transform": "Reconocimiento cartográfico 2016 por KG.", "source_date": null, "website": null, "wheelchair": null, "objectid": 6536552, "osm_id2": "4446919839" }, "geometry": { "type": "Point", "coordinates": [ -70.646760099761394, -33.441529499613999 ] } },
{ "type": "Feature", "properties": { "addr_city": "Santiago", "addr_country": null, "addr_housenumber": null, "addr_postcode": null, "addr_street": "Moneda", "addr_suburb": null, "addr_unit": null, "amenity": null, "amperage": null, "brand": null, "building": null, "description": null, "level_": null, "name": "Opti-Lux", "name_en": null, "name_es": null, "opening_hours": null, "operator": null, "phone": null, "shop": "optician", "source_transform": "Reconocimiento cartográfico 2016 por KG.", "source_date": null, "website": null, "wheelchair": null, "objectid": 6536554, "osm_id2": "4446168940" }, "geometry": { "type": "Point", "coordinates": [ -70.646610000260594, -33.441653099235701 ] } },
{ "type": "Feature", "properties": { "addr_city": "Santiago", "addr_country": null, "addr_housenumber": null, "addr_postcode": null, "addr_street": "Moneda", "addr_suburb": null, "addr_unit": null, "amenity": null, "amperage": null, "brand": null, "building": null, "description": null, "level_": null, "name": "Ópticas Real Visión", "name_en": null, "name_es": null, "opening_hours": null, "operator": null, "phone": null, "shop": "optician", "source_transform": "Reconocimiento cartográfico 2016 por KG.", "source_date": null, "website": null, "wheelchair": null, "objectid": 6536555, "osm_id2": "4446919837" }, "geometry": { "type": "Point", "coordinates": [ -70.646645400170996, -33.441658099796499 ] } },
{ "type": "Feature", "properties": { "addr_city": "Santiago", "addr_country": null, "addr_housenumber": null, "addr_postcode": null, "addr_street": "Moneda", "addr_suburb": null, "addr_unit": null, "amenity": null, "amperage": null, "brand": null, "building": null, "description": null, "level_": null, "name": "Trento", "name_en": null, "name_es": null, "opening_hours": null, "operator": null, "phone": null, "shop": "optician", "source_transform": "Reconocimiento cartográfico 2016 por KG.", "source_date": null, "website": null, "wheelchair": null, "objectid": 6536558, "osm_id2": "4446919835" }, "geometry": { "type": "Point", "coordinates": [ -70.646674899946603, -33.441661999948799 ] } },
{ "type": "Feature", "properties": { "addr_city": "Santiago", "addr_country": null, "addr_housenumber": null, "addr_postcode": null, "addr_street": "Moneda", "addr_suburb": null, "addr_unit": null, "amenity": null, "amperage": null, "brand": null, "building": null, "description": null, "level_": null, "name": "Optica Arte", "name_en": null, "name_es": null, "opening_hours": null, "operator": null, "phone": null, "shop": "optician", "source_transform": "Reconocimiento cartográfico 2016 por KG.", "source_date": null, "website": null, "wheelchair": null, "objectid": 6536559, "osm_id2": "4446919836" }, "geometry": { "type": "Point", "coordinates": [ -70.646711800043505, -33.441667599436897 ] } },
{ "type": "Feature", "properties": { "addr_city": "Santiago", "addr_country": null, "addr_housenumber": null, "addr_postcode": null, "addr_street": "Moneda", "addr_suburb": null, "addr_unit": null, "amenity": null, "amperage": null, "brand": null, "building": null, "description": null, "level_": null, "name": "Opticas Premier", "name_en": null, "name_es": null, "opening_hours": null, "operator": null, "phone": null, "shop": "optician", "source_transform": "Reconocimiento cartográfico 2016 por KG.", "source_date": null, "website": null, "wheelchair": null, "objectid": 6536560, "osm_id2": "4446921311" }, "geometry": { "type": "Point", "coordinates": [ -70.646744600229496, -33.4416708999115 ] } },
{ "type": "Feature", "properties": { "addr_city": "Santiago", "addr_country": null, "addr_housenumber": null, "addr_postcode": null, "addr_street": "Moneda", "addr_suburb": null, "addr_unit": null, "amenity": null, "amperage": null, "brand": null, "building": null, "description": null, "level_": null, "name": "Opticas Espannia", "name_en": null, "name_es": null, "opening_hours": null, "operator": null, "phone": null, "shop": "optician", "source_transform": "Reconocimiento cartográfico 2016 por KG.", "source_date": null, "website": null, "wheelchair": null, "objectid": 6536561, "osm_id2": "4446919838" }, "geometry": { "type": "Point", "coordinates": [ -70.646769400019593, -33.441677599806901 ] } },
{ "type": "Feature", "properties": { "addr_city": "Santiago", "addr_country": null, "addr_housenumber": null, "addr_postcode": null, "addr_street": "Moneda", "addr_suburb": null, "addr_unit": null, "amenity": null, "amperage": null, "brand": null, "building": null, "description": null, "level_": null, "name": "Aurus", "name_en": null, "name_es": null, "opening_hours": null, "operator": null, "phone": null, "shop": "yes", "source_transform": "Reconocimiento cartográfico 2016 por KG.", "source_date": null, "website": null, "wheelchair": null, "objectid": 6536562, "osm_id2": "4446168941" }, "geometry": { "type": "Point", "coordinates": [ -70.646827999820502, -33.441681999939398 ] } },
{ "type": "Feature", "properties": { "addr_city": "Santiago", "addr_country": null, "addr_housenumber": null, "addr_postcode": null, "addr_street": "Moneda", "addr_suburb": null, "addr_unit": null, "amenity": null, "amperage": null, "brand": null, "building": null, "description": null, "level_": null, "name": "Centro Auditivo M & L", "name_en": null, "name_es": null, "opening_hours": null, "operator": null, "phone": null, "shop": "yes", "source_transform": "Reconocimiento cartográfico 2016 por KG.", "source_date": null, "website": null, "wheelchair": null, "objectid": 6536564, "osm_id2": "4446921313" }, "geometry": { "type": "Point", "coordinates": [ -70.646926999554694, -33.441694399766298 ] } },
{ "type": "Feature", "properties": { "addr_city": "Santiago", "addr_country": null, "addr_housenumber": null, "addr_postcode": null, "addr_street": "Moneda", "addr_suburb": null, "addr_unit": null, "amenity": null, "amperage": null, "brand": null, "building": null, "description": null, "level_": null, "name": "Cero90", "name_en": null, "name_es": null, "opening_hours": null, "operator": null, "phone": null, "shop": "clothes", "source_transform": "Reconocimiento cartográfico 2016 por KG.", "source_date": null, "website": null, "wheelchair": null, "objectid": 6536581, "osm_id2": "4446185128" }, "geometry": { "type": "Point", "coordinates": [ -70.647296800024606, -33.441730599274997 ] } },
{ "type": "Feature", "properties": { "addr_city": "Santiago", "addr_country": null, "addr_housenumber": "782", "addr_postcode": "8320328", "addr_street": "Moneda", "addr_suburb": null, "addr_unit": null, "amenity": null, "amperage": null, "brand": null, "building": null, "description": null, "level_": null, "name": "Bazinga Comics", "name_en": null, "name_es": null, "opening_hours": "10:30-20:30", "operator": null, "phone": null, "shop": "books", "source_transform": null, "source_date": null, "website": "https://www.bazingacomics.cl/", "wheelchair": "yes", "objectid": 6536606, "osm_id2": "2823813942" }, "geometry": { "type": "Point", "coordinates": [ -70.6474351, -33.4419753 ] } },
{ "type": "Feature", "properties": { "addr_city": "Santiago", "addr_country": null, "addr_housenumber": null, "addr_postcode": null, "addr_street": "San Diego", "addr_suburb": null, "addr_unit": null, "amenity": null, "amperage": null, "brand": null, "building": null, "description": null, "level_": null, "name": "electrónica orfali", "name_en": null, "name_es": null, "opening_hours": null, "operator": null, "phone": null, "shop": "electronics", "source_transform": "Reconocimiento cortográfico de campo 2016 por KG", "source_date": null, "website": null, "wheelchair": null, "objectid": 6544788, "osm_id2": "4345281096" }, "geometry": { "type": "Point", "coordinates": [ -70.6496092, -33.4577117 ] } },
{ "type": "Feature", "properties": { "addr_city": "Santiago", "addr_country": null, "addr_housenumber": "928", "addr_postcode": null, "addr_street": "San Diego", "addr_suburb": null, "addr_unit": null, "amenity": null, "amperage": null, "brand": null, "building": null, "description": null, "level_": null, "name": "Ibarra (Agujas y repuestos de Tocadiscos)", "name_en": null, "name_es": "Electrónica Ibarra", "opening_hours": null, "operator": null, "phone": "+56226992311", "shop": "electronics", "source_transform": "Reconocimiento cortográfico de campo 2016 por KG", "source_date": null, "website": "http://www.facebook.com/ElecIbarra", "wheelchair": null, "objectid": 6544789, "osm_id2": "4456960179" }, "geometry": { "type": "Point", "coordinates": [ -70.6496152, -33.4576375 ] } },
{ "type": "Feature", "properties": { "addr_city": "Santiago", "addr_country": null, "addr_housenumber": "725", "addr_postcode": null, "addr_street": "Avenida Manuel Rodríguez Sur", "addr_suburb": null, "addr_unit": null, "amenity": null, "amperage": null, "brand": null, "building": null, "description": null, "level_": null, "name": "Cortés y Delgado", "name_en": null, "name_es": null, "opening_hours": null, "operator": null, "phone": null, "shop": "car_parts", "source_transform": null, "source_date": null, "website": null, "wheelchair": null, "objectid": 6544919, "osm_id2": "8421703474" }, "geometry": { "type": "Point", "coordinates": [ -70.6582113, -33.4555881 ] } },
{ "type": "Feature", "properties": { "addr_city": "Santiago", "addr_country": null, "addr_housenumber": "519", "addr_postcode": null, "addr_street": "José Miguel Carrera", "addr_suburb": null, "addr_unit": null, "amenity": null, "amperage": null, "brand": null, "building": null, "description": null, "level_": null, "name": "Emilio", "name_en": null, "name_es": null, "opening_hours": null, "operator": null, "phone": null, "shop": "hairdresser", "source_transform": null, "source_date": null, "website": null, "wheelchair": null, "objectid": 6544933, "osm_id2": "5674153815" }, "geometry": { "type": "Point", "coordinates": [ -70.6629926003516, -33.4539417994499 ] } },
{ "type": "Feature", "properties": { "addr_city": "Santiago", "addr_country": null, "addr_housenumber": "527", "addr_postcode": null, "addr_street": "José Miguel Carrera", "addr_suburb": null, "addr_unit": null, "amenity": null, "amperage": null, "brand": null, "building": null, "description": null, "level_": null, "name": "La Colonia", "name_en": null, "name_es": null, "opening_hours": null, "operator": null, "phone": null, "shop": "bakery", "source_transform": null, "source_date": null, "website": null, "wheelchair": null, "objectid": 6544934, "osm_id2": "5674153813" }, "geometry": { "type": "Point", "coordinates": [ -70.662984999705998, -33.454020899913303 ] } },
{ "type": "Feature", "properties": { "addr_city": "Santiago", "addr_country": null, "addr_housenumber": "535", "addr_postcode": null, "addr_street": "José Miguel Carrera", "addr_suburb": null, "addr_unit": null, "amenity": null, "amperage": null, "brand": null, "building": null, "description": null, "level_": null, "name": "Tu Espacio", "name_en": null, "name_es": null, "opening_hours": null, "operator": null, "phone": null, "shop": "hairdresser", "source_transform": null, "source_date": null, "website": null, "wheelchair": null, "objectid": 6544935, "osm_id2": "5674153814" }, "geometry": { "type": "Point", "coordinates": [ -70.662975500021901, -33.454106299762302 ] } },
{ "type": "Feature", "properties": { "addr_city": "Santiago", "addr_country": null, "addr_housenumber": "541", "addr_postcode": null, "addr_street": "José Miguel Carrera", "addr_suburb": null, "addr_unit": null, "amenity": null, "amperage": null, "brand": null, "building": null, "description": null, "level_": null, "name": "Inoar", "name_en": null, "name_es": null, "opening_hours": null, "operator": null, "phone": null, "shop": "hairdresser", "source_transform": null, "source_date": null, "website": null, "wheelchair": null, "objectid": 6544937, "osm_id2": "5674153811" }, "geometry": { "type": "Point", "coordinates": [ -70.662961300352194, -33.4541988998633 ] } },
{ "type": "Feature", "properties": { "addr_city": "Santiago", "addr_country": null, "addr_housenumber": "554", "addr_postcode": null, "addr_street": "Almirante Latorre", "addr_suburb": null, "addr_unit": null, "amenity": null, "amperage": null, "brand": null, "building": null, "description": null, "level_": null, "name": "Renata", "name_en": null, "name_es": null, "opening_hours": null, "operator": null, "phone": null, "shop": "convenience", "source_transform": null, "source_date": null, "website": null, "wheelchair": null, "objectid": 6544955, "osm_id2": "1245530324" }, "geometry": { "type": "Point", "coordinates": [ -70.6641527, -33.4546314 ] } },
{ "type": "Feature", "properties": { "addr_city": "Santiago", "addr_country": null, "addr_housenumber": "678", "addr_postcode": null, "addr_street": "Vergara", "addr_suburb": null, "addr_unit": null, "amenity": null, "amperage": null, "brand": null, "building": null, "description": null, "level_": null, "name": "Donde Los Chiquititos", "name_en": null, "name_es": null, "opening_hours": null, "operator": null, "phone": null, "shop": "convenience", "source_transform": null, "source_date": null, "website": null, "wheelchair": null, "objectid": 6544966, "osm_id2": "8620107149" }, "geometry": { "type": "Point", "coordinates": [ -70.661105399839798, -33.455392299914401 ] } },
{ "type": "Feature", "properties": { "addr_city": "Santiago", "addr_country": null, "addr_housenumber": "707", "addr_postcode": null, "addr_street": "Vergara", "addr_suburb": null, "addr_unit": null, "amenity": null, "amperage": null, "brand": null, "building": null, "description": null, "level_": null, "name": "Mouton", "name_en": null, "name_es": null, "opening_hours": null, "operator": null, "phone": null, "shop": "leather", "source_transform": null, "source_date": null, "website": null, "wheelchair": null, "objectid": 6544970, "osm_id2": "4457045988" }, "geometry": { "type": "Point", "coordinates": [ -70.6612865, -33.4558429 ] } },
{ "type": "Feature", "properties": { "addr_city": "Santiago", "addr_country": null, "addr_housenumber": "775", "addr_postcode": null, "addr_street": "Avenida Manuel Rodríguez Sur", "addr_suburb": null, "addr_unit": null, "amenity": null, "amperage": null, "brand": null, "building": null, "description": null, "level_": null, "name": "Dagoway", "name_en": null, "name_es": null, "opening_hours": null, "operator": null, "phone": null, "shop": "military_surplus", "source_transform": null, "source_date": null, "website": "https://dagoway.cl/", "wheelchair": null, "objectid": 6545008, "osm_id2": "5737910504" }, "geometry": { "type": "Point", "coordinates": [ -70.658112, -33.4559436 ] } },
{ "type": "Feature", "properties": { "addr_city": "Santiago", "addr_country": null, "addr_housenumber": "905", "addr_postcode": null, "addr_street": "Avenida Santa Rosa", "addr_suburb": null, "addr_unit": null, "amenity": null, "amperage": null, "brand": null, "building": null, "description": null, "level_": null, "name": "Erbi", "name_en": null, "name_es": null, "opening_hours": "Mo-Su 09:00-21:00", "operator": null, "phone": "+562 22225682", "shop": "convenience", "source_transform": null, "source_date": null, "website": "https://www.erbi.cl/santiago5.html", "wheelchair": null, "objectid": 6397882, "osm_id2": "3752941612" }, "geometry": { "type": "Point", "coordinates": [ -70.6438883, -33.4560061 ] } },
{ "type": "Feature", "properties": { "addr_city": "Santiago", "addr_country": null, "addr_housenumber": "940", "addr_postcode": null, "addr_street": "Avenida Santa Rosa", "addr_suburb": null, "addr_unit": null, "amenity": null, "amperage": null, "brand": null, "building": null, "description": null, "level_": null, "name": "Eva", "name_en": null, "name_es": null, "opening_hours": null, "operator": null, "phone": null, "shop": "alcohol", "source_transform": null, "source_date": null, "website": null, "wheelchair": null, "objectid": 6397885, "osm_id2": "3752968227" }, "geometry": { "type": "Point", "coordinates": [ -70.643663500077594, -33.4564893993524 ] } },
{ "type": "Feature", "properties": { "addr_city": "Santiago", "addr_country": null, "addr_housenumber": null, "addr_postcode": null, "addr_street": null, "addr_suburb": null, "addr_unit": null, "amenity": null, "amperage": null, "brand": "Santa Isabel", "building": null, "description": null, "level_": null, "name": "Santa Isabel", "name_en": null, "name_es": null, "opening_hours": null, "operator": null, "phone": null, "shop": "supermarket", "source_transform": null, "source_date": null, "website": null, "wheelchair": null, "objectid": 6533430, "osm_id2": "2592756526" }, "geometry": { "type": "Point", "coordinates": [ -70.649842, -33.433708 ] } },
{ "type": "Feature", "properties": { "addr_city": "Santiago", "addr_country": null, "addr_housenumber": "276", "addr_postcode": null, "addr_street": "San Antonio", "addr_suburb": null, "addr_unit": null, "amenity": null, "amperage": null, "brand": null, "building": null, "description": null, "level_": null, "name": "Galería San Antonio", "name_en": null, "name_es": null, "opening_hours": null, "operator": null, "phone": null, "shop": "mall", "source_transform": null, "source_date": null, "website": null, "wheelchair": null, "objectid": 6533880, "osm_id2": "4993414271" }, "geometry": { "type": "Point", "coordinates": [ -70.649130200434001, -33.434936399313301 ] } },
{ "type": "Feature", "properties": { "addr_city": "Santiago", "addr_country": null, "addr_housenumber": "809", "addr_postcode": null, "addr_street": "Santo Domingo", "addr_suburb": null, "addr_unit": null, "amenity": null, "amperage": null, "brand": null, "building": null, "description": null, "level_": null, "name": "Ganadera Rio Bueno", "name_en": null, "name_es": null, "opening_hours": null, "operator": null, "phone": null, "shop": "yes", "source_transform": "Reconocimiento cortográfico de campo 2016 por KG", "source_date": null, "website": null, "wheelchair": null, "objectid": 6533946, "osm_id2": "4448383917" }, "geometry": { "type": "Point", "coordinates": [ -70.6489796, -33.4358305 ] } },
{ "type": "Feature", "properties": { "addr_city": "Santiago", "addr_country": null, "addr_housenumber": "825", "addr_postcode": null, "addr_street": "Monjitas", "addr_suburb": null, "addr_unit": null, "amenity": null, "amperage": null, "brand": null, "building": null, "description": null, "level_": null, "name": "Cerrajeria viveros", "name_en": null, "name_es": null, "opening_hours": "Mo-Fr 10:00-20:00", "operator": null, "phone": "+56223002020", "shop": "hardware", "source_transform": null, "source_date": null, "website": null, "wheelchair": null, "objectid": 6533962, "osm_id2": "4610245491" }, "geometry": { "type": "Point", "coordinates": [ -70.6490025, -33.4366174 ] } },
{ "type": "Feature", "properties": { "addr_city": "Santiago", "addr_country": null, "addr_housenumber": "734", "addr_postcode": null, "addr_street": "Monjitas", "addr_suburb": null, "addr_unit": null, "amenity": null, "amperage": null, "brand": "Lider", "building": null, "description": null, "level_": null, "name": "Lider", "name_en": null, "name_es": null, "opening_hours": null, "operator": "Lider", "phone": null, "shop": "supermarket", "source_transform": "Reconocimiento cortográfico de campo 2016 por KG", "source_date": null, "website": null, "wheelchair": null, "objectid": 6534127, "osm_id2": "889745743" }, "geometry": { "type": "Point", "coordinates": [ -70.6475955, -33.4371234 ] } },
{ "type": "Feature", "properties": { "addr_city": "Santiago", "addr_country": null, "addr_housenumber": "777", "addr_postcode": null, "addr_street": "Avenida Manuel Rodríguez Sur", "addr_suburb": null, "addr_unit": null, "amenity": null, "amperage": null, "brand": null, "building": null, "description": null, "level_": null, "name": "Kanapé", "name_en": null, "name_es": null, "opening_hours": null, "operator": null, "phone": null, "shop": "frozen_food", "source_transform": null, "source_date": null, "website": null, "wheelchair": null, "objectid": 6545009, "osm_id2": "5737910515" }, "geometry": { "type": "Point", "coordinates": [ -70.6580879, -33.4560298 ] } },
{ "type": "Feature", "properties": { "addr_city": "Santiago", "addr_country": null, "addr_housenumber": "779", "addr_postcode": null, "addr_street": "Avenida Manuel Rodríguez Sur", "addr_suburb": null, "addr_unit": null, "amenity": null, "amperage": null, "brand": null, "building": null, "description": null, "level_": null, "name": "LyndoLook", "name_en": null, "name_es": null, "opening_hours": null, "operator": null, "phone": null, "shop": "hairdresser", "source_transform": null, "source_date": null, "website": null, "wheelchair": null, "objectid": 6545010, "osm_id2": "5737912521" }, "geometry": { "type": "Point", "coordinates": [ -70.6580624, -33.4561142 ] } },
{ "type": "Feature", "properties": { "addr_city": "Santiago", "addr_country": null, "addr_housenumber": "783", "addr_postcode": null, "addr_street": "Avenida Manuel Rodríguez Sur", "addr_suburb": null, "addr_unit": null, "amenity": null, "amperage": null, "brand": null, "building": null, "description": null, "level_": null, "name": "Blanco", "name_en": null, "name_es": null, "opening_hours": null, "operator": null, "phone": null, "shop": "convenience", "source_transform": null, "source_date": null, "website": null, "wheelchair": null, "objectid": 6545011, "osm_id2": "5737910510" }, "geometry": { "type": "Point", "coordinates": [ -70.6580383, -33.4562099 ] } },
{ "type": "Feature", "properties": { "addr_city": "Santiago", "addr_country": null, "addr_housenumber": "762", "addr_postcode": null, "addr_street": "Ejército Libertador", "addr_suburb": null, "addr_unit": null, "amenity": null, "amperage": null, "brand": null, "building": null, "description": null, "level_": null, "name": "Roncagliolo", "name_en": null, "name_es": null, "opening_hours": null, "operator": null, "phone": null, "shop": "alcohol", "source_transform": null, "source_date": null, "website": null, "wheelchair": null, "objectid": 6545013, "osm_id2": "4000809612" }, "geometry": { "type": "Point", "coordinates": [ -70.6595626, -33.4560765 ] } },
{ "type": "Feature", "properties": { "addr_city": "Santiago", "addr_country": null, "addr_housenumber": "2015", "addr_postcode": null, "addr_street": "Avenida Almirante Blanco Encalada", "addr_suburb": null, "addr_unit": null, "amenity": null, "amperage": null, "brand": null, "building": null, "description": null, "level_": null, "name": "Weedmania", "name_en": null, "name_es": null, "opening_hours": null, "operator": null, "phone": null, "shop": "cannabis", "source_transform": null, "source_date": null, "website": null, "wheelchair": null, "objectid": 6545055, "osm_id2": "4455574706" }, "geometry": { "type": "Point", "coordinates": [ -70.662769, -33.4567522 ] } },
{ "type": "Feature", "properties": { "addr_city": "Santiago", "addr_country": null, "addr_housenumber": "2021", "addr_postcode": null, "addr_street": "Avenida Almirante Blanco Encalada", "addr_suburb": null, "addr_unit": null, "amenity": null, "amperage": null, "brand": null, "building": null, "description": null, "level_": null, "name": "Donde Teo", "name_en": null, "name_es": null, "opening_hours": null, "operator": null, "phone": null, "shop": "convenience", "source_transform": null, "source_date": null, "website": null, "wheelchair": null, "objectid": 6545057, "osm_id2": "5714356492" }, "geometry": { "type": "Point", "coordinates": [ -70.6629166, -33.4567622 ] } },
{ "type": "Feature", "properties": { "addr_city": "Santiago", "addr_country": null, "addr_housenumber": "742", "addr_postcode": null, "addr_street": "Almirante Latorre", "addr_suburb": null, "addr_unit": null, "amenity": null, "amperage": null, "brand": null, "building": null, "description": null, "level_": null, "name": "Eliana", "name_en": null, "name_es": null, "opening_hours": null, "operator": null, "phone": null, "shop": "convenience", "source_transform": null, "source_date": null, "website": null, "wheelchair": null, "objectid": 6545064, "osm_id2": "4347970490" }, "geometry": { "type": "Point", "coordinates": [ -70.6640143, -33.4565323 ] } },
{ "type": "Feature", "properties": { "addr_city": "Santiago", "addr_country": null, "addr_housenumber": "2109", "addr_postcode": null, "addr_street": "Avenida Almirante Blanco Encalada", "addr_suburb": null, "addr_unit": null, "amenity": null, "amperage": null, "brand": null, "building": null, "description": null, "level_": null, "name": "Ferretería Magistral", "name_en": null, "name_es": null, "opening_hours": null, "operator": null, "phone": null, "shop": "hardware", "source_transform": "Reconocimiento cartográfico 2016 por KG.", "source_date": null, "website": null, "wheelchair": null, "objectid": 6545082, "osm_id2": "4455744159" }, "geometry": { "type": "Point", "coordinates": [ -70.6643518, -33.4568552 ] } },
{ "type": "Feature", "properties": { "addr_city": "Santiago", "addr_country": null, "addr_housenumber": "2111", "addr_postcode": null, "addr_street": "Avenida Almirante Blanco Encalada", "addr_suburb": null, "addr_unit": null, "amenity": null, "amperage": null, "brand": null, "building": null, "description": null, "level_": null, "name": "Buen Pan", "name_en": null, "name_es": null, "opening_hours": null, "operator": null, "phone": null, "shop": "bakery", "source_transform": "Reconocimiento cartográfico 2016 por KG.", "source_date": null, "website": null, "wheelchair": null, "objectid": 6545083, "osm_id2": "4377443797" }, "geometry": { "type": "Point", "coordinates": [ -70.6644243, -33.4568602 ] } },
{ "type": "Feature", "properties": { "addr_city": "Santiago", "addr_country": null, "addr_housenumber": "2121", "addr_postcode": null, "addr_street": "Avenida Almirante Blanco Encalada", "addr_suburb": null, "addr_unit": null, "amenity": null, "amperage": null, "brand": null, "building": null, "description": null, "level_": null, "name": "Los Egipcios", "name_en": null, "name_es": null, "opening_hours": "Mo-Su,PH 10:00-23:00", "operator": null, "phone": null, "shop": "convenience", "source_transform": null, "source_date": null, "website": null, "wheelchair": null, "objectid": 6545084, "osm_id2": "4567470344" }, "geometry": { "type": "Point", "coordinates": [ -70.6646026, -33.4568769 ] } },
{ "type": "Feature", "properties": { "addr_city": "Santiago", "addr_country": null, "addr_housenumber": null, "addr_postcode": null, "addr_street": "San Diego", "addr_suburb": null, "addr_unit": null, "amenity": null, "amperage": null, "brand": null, "building": null, "description": null, "level_": null, "name": "Triac Electronica", "name_en": null, "name_es": null, "opening_hours": null, "operator": null, "phone": null, "shop": "electronics", "source_transform": null, "source_date": null, "website": null, "wheelchair": null, "objectid": 6545115, "osm_id2": "4456960184" }, "geometry": { "type": "Point", "coordinates": [ -70.6495925, -33.4578249 ] } },
{ "type": "Feature", "properties": { "addr_city": "Santiago", "addr_country": null, "addr_housenumber": null, "addr_postcode": null, "addr_street": "San Diego", "addr_suburb": null, "addr_unit": null, "amenity": null, "amperage": null, "brand": null, "building": null, "description": null, "level_": null, "name": "La Casa del Notebook", "name_en": null, "name_es": null, "opening_hours": null, "operator": null, "phone": null, "shop": "computer", "source_transform": null, "source_date": null, "website": null, "wheelchair": null, "objectid": 6545116, "osm_id2": "4456960183" }, "geometry": { "type": "Point", "coordinates": [ -70.649589, -33.4578763 ] } },
{ "type": "Feature", "properties": { "addr_city": "Santiago", "addr_country": null, "addr_housenumber": null, "addr_postcode": null, "addr_street": "San Diego", "addr_suburb": null, "addr_unit": null, "amenity": null, "amperage": null, "brand": null, "building": null, "description": null, "level_": null, "name": "Armeria Morande", "name_en": null, "name_es": null, "opening_hours": null, "operator": null, "phone": null, "shop": "gun", "source_transform": "Reconocimiento cortográfico de campo 2016 por KG", "source_date": null, "website": null, "wheelchair": null, "objectid": 6545117, "osm_id2": "4456960182" }, "geometry": { "type": "Point", "coordinates": [ -70.6495767, -33.4579335 ] } },
{ "type": "Feature", "properties": { "addr_city": "Santiago", "addr_country": null, "addr_housenumber": "1068", "addr_postcode": null, "addr_street": "Avenida Manuel Antonio Matta", "addr_suburb": null, "addr_unit": null, "amenity": null, "amperage": null, "brand": null, "building": null, "description": null, "level_": null, "name": "Ferreteria San Miguel", "name_en": null, "name_es": null, "opening_hours": "Mo-Sa", "operator": null, "phone": "+59225554744", "shop": "hardware", "source_transform": null, "source_date": null, "website": null, "wheelchair": null, "objectid": 6545260, "osm_id2": "4456949831" }, "geometry": { "type": "Point", "coordinates": [ -70.6488054, -33.4597491 ] } },
{ "type": "Feature", "properties": { "addr_city": "Santiago", "addr_country": null, "addr_housenumber": "531", "addr_postcode": null, "addr_street": "Club Hípico", "addr_suburb": null, "addr_unit": null, "amenity": null, "amperage": null, "brand": null, "building": null, "description": null, "level_": null, "name": "Carnes La Principal", "name_en": null, "name_es": null, "opening_hours": null, "operator": null, "phone": null, "shop": "butcher", "source_transform": "Reconocimiento cartográfico 2016 por KG.", "source_date": null, "website": null, "wheelchair": null, "objectid": 6545603, "osm_id2": "3052684925" }, "geometry": { "type": "Point", "coordinates": [ -70.6651762, -33.4545479 ] } },
{ "type": "Feature", "properties": { "addr_city": "Santiago", "addr_country": null, "addr_housenumber": "2238", "addr_postcode": null, "addr_street": "Claudio Gay", "addr_suburb": null, "addr_unit": null, "amenity": null, "amperage": null, "brand": null, "building": null, "description": null, "level_": null, "name": "Un cuarto a granel", "name_en": null, "name_es": null, "opening_hours": "Mo-Fr 11:30-18:00; Sa 12:00-15:00", "operator": null, "phone": null, "shop": "nuts", "source_transform": null, "source_date": null, "website": "https://www.instagram.com/uncuartoagranel/", "wheelchair": null, "objectid": 6545652, "osm_id2": "3265701493" }, "geometry": { "type": "Point", "coordinates": [ -70.6663827, -33.4557514 ] } },
{ "type": "Feature", "properties": { "addr_city": "Santiago", "addr_country": null, "addr_housenumber": "2248", "addr_postcode": null, "addr_street": "Claudio Gay", "addr_suburb": null, "addr_unit": null, "amenity": null, "amperage": null, "brand": null, "building": null, "description": null, "level_": null, "name": "Luigi", "name_en": null, "name_es": null, "opening_hours": null, "operator": null, "phone": null, "shop": "hairdresser", "source_transform": null, "source_date": null, "website": null, "wheelchair": null, "objectid": 6545653, "osm_id2": "8265066521" }, "geometry": { "type": "Point", "coordinates": [ -70.666458, -33.4557552 ] } },
{ "type": "Feature", "properties": { "addr_city": "Santiago", "addr_country": null, "addr_housenumber": "625", "addr_postcode": null, "addr_street": "Echaurren", "addr_suburb": null, "addr_unit": null, "amenity": null, "amperage": null, "brand": null, "building": null, "description": null, "level_": null, "name": "Que Bueno", "name_en": null, "name_es": null, "opening_hours": null, "operator": null, "phone": null, "shop": "bicycle", "source_transform": "Reconocimiento cartográfico 2016 por KG.", "source_date": null, "website": null, "wheelchair": null, "objectid": 6545654, "osm_id2": "3820623692" }, "geometry": { "type": "Point", "coordinates": [ -70.6663661, -33.4558445 ] } },
{ "type": "Feature", "properties": { "addr_city": "Santiago", "addr_country": null, "addr_housenumber": "618", "addr_postcode": null, "addr_street": "República", "addr_suburb": null, "addr_unit": null, "amenity": null, "amperage": null, "brand": null, "building": null, "description": null, "level_": null, "name": "El Rincón de las Carnes", "name_en": null, "name_es": null, "opening_hours": null, "operator": null, "phone": null, "shop": "butcher", "source_transform": "Reconocimiento cartográfico 2016 por KG.", "source_date": null, "website": null, "wheelchair": null, "objectid": 6545657, "osm_id2": "8264960506" }, "geometry": { "type": "Point", "coordinates": [ -70.6666257, -33.4558475 ] } },
{ "type": "Feature", "properties": { "addr_city": "Santiago", "addr_country": null, "addr_housenumber": "624", "addr_postcode": null, "addr_street": "República", "addr_suburb": null, "addr_unit": null, "amenity": null, "amperage": null, "brand": null, "building": null, "description": null, "level_": null, "name": null, "name_en": null, "name_es": null, "opening_hours": null, "operator": null, "phone": null, "shop": "convenience", "source_transform": "Reconocimiento cartográfico 2016 por KG.", "source_date": null, "website": null, "wheelchair": null, "objectid": 6545714, "osm_id2": "8264960505" }, "geometry": { "type": "Point", "coordinates": [ -70.6666065, -33.4559311 ] } },
{ "type": "Feature", "properties": { "addr_city": "Santiago", "addr_country": null, "addr_housenumber": "634", "addr_postcode": null, "addr_street": "República", "addr_suburb": null, "addr_unit": null, "amenity": null, "amperage": null, "brand": null, "building": null, "description": null, "level_": null, "name": "Los López", "name_en": null, "name_es": null, "opening_hours": null, "operator": null, "phone": null, "shop": "convenience", "source_transform": "Reconocimiento cartográfico 2016 por KG.", "source_date": null, "website": null, "wheelchair": null, "objectid": 6545715, "osm_id2": "3265701494" }, "geometry": { "type": "Point", "coordinates": [ -70.666530700438102, -33.455990699956097 ] } },
{ "type": "Feature", "properties": { "addr_city": "Santiago", "addr_country": null, "addr_housenumber": "714", "addr_postcode": "8370420", "addr_street": "Club Hípico", "addr_suburb": null, "addr_unit": null, "amenity": null, "amperage": null, "brand": null, "building": null, "description": null, "level_": null, "name": "Don Jacinto", "name_en": null, "name_es": null, "opening_hours": "Mo-Su 13:30-23:00", "operator": null, "phone": null, "shop": "alcohol", "source_transform": "Reconocimiento cartográfico 2016 por KG.", "source_date": null, "website": null, "wheelchair": null, "objectid": 6545718, "osm_id2": "4334330604" }, "geometry": { "type": "Point", "coordinates": [ -70.6648735, -33.4564903 ] } },
{ "type": "Feature", "properties": { "addr_city": "Santiago", "addr_country": null, "addr_housenumber": "2185", "addr_postcode": null, "addr_street": "Avenida Almirante Blanco Encalada", "addr_suburb": null, "addr_unit": null, "amenity": null, "amperage": null, "brand": null, "building": null, "description": null, "level_": null, "name": "Miro", "name_en": null, "name_es": null, "opening_hours": null, "operator": null, "phone": null, "shop": "copyshop", "source_transform": "Reconocimiento cartográfico 2016 por KG.", "source_date": null, "website": null, "wheelchair": null, "objectid": 6545749, "osm_id2": "4457003330" }, "geometry": { "type": "Point", "coordinates": [ -70.6648587, -33.4568889 ] } },
{ "type": "Feature", "properties": { "addr_city": "Santiago", "addr_country": null, "addr_housenumber": "2151", "addr_postcode": null, "addr_street": "Avenida Almirante Blanco Encalada", "addr_suburb": null, "addr_unit": null, "amenity": null, "amperage": null, "brand": null, "building": null, "description": null, "level_": null, "name": "Boticheli", "name_en": null, "name_es": null, "opening_hours": null, "operator": null, "phone": null, "shop": "alcohol", "source_transform": "Reconocimiento cartográfico 2016 por KG.", "source_date": null, "website": null, "wheelchair": null, "objectid": 6545754, "osm_id2": "4454023878" }, "geometry": { "type": "Point", "coordinates": [ -70.665161899710398, -33.4569539997416 ] } },
{ "type": "Feature", "properties": { "addr_city": "Santiago", "addr_country": null, "addr_housenumber": "2058", "addr_postcode": null, "addr_street": "Domeyko", "addr_suburb": null, "addr_unit": null, "amenity": null, "amperage": null, "brand": null, "building": null, "description": null, "level_": null, "name": "Alberto Acevedo Stuart", "name_en": null, "name_es": null, "opening_hours": null, "operator": null, "phone": null, "shop": "car_repair", "source_transform": null, "source_date": null, "website": null, "wheelchair": null, "objectid": 7794790, "osm_id2": "8875354157" }, "geometry": { "type": "Point", "coordinates": [ -70.6635108, -33.4562441 ] } },
{ "type": "Feature", "properties": { "addr_city": "Santiago", "addr_country": null, "addr_housenumber": "501", "addr_postcode": null, "addr_street": "Vergara", "addr_suburb": null, "addr_unit": null, "amenity": null, "amperage": null, "brand": null, "building": null, "description": null, "level_": null, "name": "Tentaciones", "name_en": null, "name_es": null, "opening_hours": null, "operator": null, "phone": null, "shop": "convenience", "source_transform": "Reconocimiento cartográfico 2016 por KG.", "source_date": null, "website": null, "wheelchair": null, "objectid": 6543230, "osm_id2": "4347810994" }, "geometry": { "type": "Point", "coordinates": [ -70.661606100117893, -33.453584099776101 ] } },
{ "type": "Feature", "properties": { "addr_city": "Santiago", "addr_country": null, "addr_housenumber": "496", "addr_postcode": null, "addr_street": "José Miguel Carrera", "addr_suburb": null, "addr_unit": null, "amenity": null, "amperage": null, "brand": null, "building": null, "description": null, "level_": null, "name": "Villa's", "name_en": null, "name_es": null, "opening_hours": null, "operator": null, "phone": null, "shop": "hairdresser", "source_transform": null, "source_date": null, "website": null, "wheelchair": null, "objectid": 6543238, "osm_id2": "5764352181" }, "geometry": { "type": "Point", "coordinates": [ -70.6627908, -33.453521 ] } },
{ "type": "Feature", "properties": { "addr_city": "Santiago", "addr_country": null, "addr_housenumber": "2355", "addr_postcode": null, "addr_street": "Romero", "addr_suburb": null, "addr_unit": null, "amenity": null, "amperage": null, "brand": null, "building": null, "description": null, "level_": null, "name": "Derco Center", "name_en": null, "name_es": null, "opening_hours": null, "operator": null, "phone": null, "shop": "car_repair", "source_transform": null, "source_date": null, "website": null, "wheelchair": null, "objectid": 6543274, "osm_id2": "4962863624" }, "geometry": { "type": "Point", "coordinates": [ -70.668558100118005, -33.446456399683498 ] } },
{ "type": "Feature", "properties": { "addr_city": "Santiago", "addr_country": null, "addr_housenumber": null, "addr_postcode": null, "addr_street": "Avenida Ricardo Cumming", "addr_suburb": null, "addr_unit": null, "amenity": null, "amperage": null, "brand": null, "building": null, "description": null, "level_": null, "name": "Pasteleria George", "name_en": null, "name_es": null, "opening_hours": null, "operator": null, "phone": null, "shop": "pastry", "source_transform": null, "source_date": null, "website": null, "wheelchair": null, "objectid": 6543302, "osm_id2": "5802632989" }, "geometry": { "type": "Point", "coordinates": [ -70.667459800088693, -33.447236899960302 ] } },
{ "type": "Feature", "properties": { "addr_city": "Santiago", "addr_country": null, "addr_housenumber": "15", "addr_postcode": null, "addr_street": "García Reyes", "addr_suburb": null, "addr_unit": null, "amenity": null, "amperage": null, "brand": null, "building": null, "description": null, "level_": null, "name": "Almacen Rosita", "name_en": null, "name_es": null, "opening_hours": null, "operator": null, "phone": null, "shop": "convenience", "source_transform": null, "source_date": null, "website": null, "wheelchair": null, "objectid": 6543352, "osm_id2": "5035800967" }, "geometry": { "type": "Point", "coordinates": [ -70.670417000105104, -33.447686599502298 ] } },
{ "type": "Feature", "properties": { "addr_city": "Santiago", "addr_country": null, "addr_housenumber": "2112", "addr_postcode": null, "addr_street": "Sazié", "addr_suburb": null, "addr_unit": null, "amenity": null, "amperage": null, "brand": null, "building": null, "description": null, "level_": null, "name": "Mary", "name_en": null, "name_es": null, "opening_hours": null, "operator": null, "phone": null, "shop": "hairdresser", "source_transform": "Reconocimiento cartográfico 2016 por KG.", "source_date": null, "website": null, "wheelchair": null, "objectid": 6543733, "osm_id2": "4454024291" }, "geometry": { "type": "Point", "coordinates": [ -70.664843199905505, -33.4504300998235 ] } },
{ "type": "Feature", "properties": { "addr_city": "Santiago", "addr_country": null, "addr_housenumber": "2114", "addr_postcode": null, "addr_street": "Sazié", "addr_suburb": null, "addr_unit": null, "amenity": null, "amperage": null, "brand": null, "building": null, "description": null, "level_": null, "name": "Locos Por El Queso", "name_en": null, "name_es": null, "opening_hours": null, "operator": null, "phone": null, "shop": "yes", "source_transform": "Reconocimiento cartográfico 2016 por KG.", "source_date": null, "website": null, "wheelchair": null, "objectid": 6543734, "osm_id2": "4462355578" }, "geometry": { "type": "Point", "coordinates": [ -70.664919400397807, -33.450450199727399 ] } },
{ "type": "Feature", "properties": { "addr_city": "Santiago", "addr_country": null, "addr_housenumber": "2116", "addr_postcode": null, "addr_street": "Sazié", "addr_suburb": null, "addr_unit": null, "amenity": null, "amperage": null, "brand": null, "building": null, "description": null, "level_": null, "name": null, "name_en": null, "name_es": null, "opening_hours": null, "operator": null, "phone": null, "shop": "greengrocer", "source_transform": "Reconocimiento cartográfico 2016 por KG.", "source_date": null, "website": null, "wheelchair": null, "objectid": 6543735, "osm_id2": "4462355579" }, "geometry": { "type": "Point", "coordinates": [ -70.664991500080802, -33.4504669994868 ] } },
{ "type": "Feature", "properties": { "addr_city": "Santiago", "addr_country": null, "addr_housenumber": "186", "addr_postcode": null, "addr_street": "Avenida España", "addr_suburb": null, "addr_unit": null, "amenity": null, "amperage": null, "brand": null, "building": null, "description": null, "level_": null, "name": "Gabriel", "name_en": null, "name_es": null, "opening_hours": null, "operator": null, "phone": null, "shop": "convenience", "source_transform": null, "source_date": null, "website": null, "wheelchair": null, "objectid": 7849744, "osm_id2": "8934042339" }, "geometry": { "type": "Point", "coordinates": [ -70.6696828, -33.4513922 ] } },
{ "type": "Feature", "properties": { "addr_city": "Santiago", "addr_country": null, "addr_housenumber": null, "addr_postcode": null, "addr_street": "Club Hípico", "addr_suburb": null, "addr_unit": null, "amenity": null, "amperage": null, "brand": null, "building": null, "description": null, "level_": null, "name": "Los Primos", "name_en": null, "name_es": null, "opening_hours": null, "operator": null, "phone": null, "shop": "yes", "source_transform": null, "source_date": null, "website": null, "wheelchair": null, "objectid": 8863704, "osm_id2": "9554125580" }, "geometry": { "type": "Point", "coordinates": [ -70.6651725, -33.4566282 ] } },
{ "type": "Feature", "properties": { "addr_city": "Santiago", "addr_country": null, "addr_housenumber": "780", "addr_postcode": null, "addr_street": "Avenida 10 de Julio", "addr_suburb": null, "addr_unit": null, "amenity": null, "amperage": null, "brand": null, "building": null, "description": null, "level_": null, "name": "Repuestos Amortiguadores Accesorios", "name_en": null, "name_es": null, "opening_hours": null, "operator": null, "phone": null, "shop": "car_parts", "source_transform": "Reconocimiento cartográfico 2016 por KG.", "source_date": null, "website": null, "wheelchair": null, "objectid": 6396353, "osm_id2": "4465422661" }, "geometry": { "type": "Point", "coordinates": [ -70.646001, -33.4537206 ] } },
{ "type": "Feature", "properties": { "addr_city": "Santiago", "addr_country": null, "addr_housenumber": "786", "addr_postcode": null, "addr_street": "Avenida 10 de Julio", "addr_suburb": null, "addr_unit": null, "amenity": null, "amperage": null, "brand": null, "building": null, "description": null, "level_": null, "name": "Central Automotriz Accesorios Repuestos Encendido", "name_en": null, "name_es": null, "opening_hours": null, "operator": null, "phone": null, "shop": "car_parts", "source_transform": "Reconocimiento cartográfico 2016 por KG.", "source_date": null, "website": null, "wheelchair": null, "objectid": 6396354, "osm_id2": "4465422654" }, "geometry": { "type": "Point", "coordinates": [ -70.6460769, -33.4537233 ] } },
{ "type": "Feature", "properties": { "addr_city": "Santiago", "addr_country": null, "addr_housenumber": "788", "addr_postcode": null, "addr_street": "Avenida 10 de Julio", "addr_suburb": null, "addr_unit": null, "amenity": null, "amperage": null, "brand": null, "building": null, "description": null, "level_": null, "name": null, "name_en": null, "name_es": null, "opening_hours": null, "operator": null, "phone": null, "shop": "yes", "source_transform": "Reconocimiento cartográfico 2016 por KG.", "source_date": null, "website": null, "wheelchair": null, "objectid": 6396355, "osm_id2": "4465422653" }, "geometry": { "type": "Point", "coordinates": [ -70.6461256, -33.4537309 ] } },
{ "type": "Feature", "properties": { "addr_city": "Santiago", "addr_country": null, "addr_housenumber": "790", "addr_postcode": null, "addr_street": "Avenida 10 de Julio", "addr_suburb": null, "addr_unit": null, "amenity": null, "amperage": null, "brand": null, "building": null, "description": null, "level_": null, "name": "Plasticos Olea", "name_en": null, "name_es": null, "opening_hours": null, "operator": null, "phone": null, "shop": "yes", "source_transform": "Reconocimiento cartográfico 2016 por KG.", "source_date": null, "website": null, "wheelchair": null, "objectid": 6396356, "osm_id2": "4465422652" }, "geometry": { "type": "Point", "coordinates": [ -70.6461716, -33.4537424 ] } },
{ "type": "Feature", "properties": { "addr_city": "Santiago", "addr_country": null, "addr_housenumber": "794", "addr_postcode": null, "addr_street": "Avenida 10 de Julio", "addr_suburb": null, "addr_unit": null, "amenity": null, "amperage": null, "brand": null, "building": null, "description": null, "level_": null, "name": "Accesorios", "name_en": null, "name_es": null, "opening_hours": null, "operator": null, "phone": null, "shop": "car_parts", "source_transform": "Reconocimiento cartográfico 2016 por KG.", "source_date": null, "website": null, "wheelchair": null, "objectid": 6396358, "osm_id2": "4465408170" }, "geometry": { "type": "Point", "coordinates": [ -70.6462578, -33.4537648 ] } },
{ "type": "Feature", "properties": { "addr_city": "Santiago", "addr_country": null, "addr_housenumber": "796", "addr_postcode": null, "addr_street": "Avenida 10 de Julio", "addr_suburb": null, "addr_unit": null, "amenity": null, "amperage": null, "brand": null, "building": null, "description": null, "level_": null, "name": "Repuestos Mac Ltda.", "name_en": null, "name_es": null, "opening_hours": null, "operator": null, "phone": null, "shop": "car_parts", "source_transform": "Reconocimiento cartográfico 2016 por KG.", "source_date": null, "website": null, "wheelchair": null, "objectid": 6396359, "osm_id2": "4465408167" }, "geometry": { "type": "Point", "coordinates": [ -70.6463127, -33.453776 ] } },
{ "type": "Feature", "properties": { "addr_city": "Santiago", "addr_country": null, "addr_housenumber": "1693", "addr_postcode": null, "addr_street": "Arturo Prat", "addr_suburb": null, "addr_unit": null, "amenity": null, "amperage": null, "brand": null, "building": null, "description": null, "level_": null, "name": "La Limeñita No. 2", "name_en": null, "name_es": null, "opening_hours": null, "operator": null, "phone": null, "shop": "copyshop", "source_transform": "Reconocimiento cartográfico 2016 por KG.", "source_date": null, "website": null, "wheelchair": null, "objectid": 6566855, "osm_id2": "4464137253" }, "geometry": { "type": "Point", "coordinates": [ -70.647041900367796, -33.467528899317799 ] } },
{ "type": "Feature", "properties": { "addr_city": "Santiago", "addr_country": null, "addr_housenumber": "1715", "addr_postcode": "8360874", "addr_street": "Arturo Prat", "addr_suburb": null, "addr_unit": null, "amenity": null, "amperage": null, "brand": null, "building": null, "description": null, "level_": null, "name": "Fastpro Service Ltda.", "name_en": null, "name_es": null, "opening_hours": null, "operator": null, "phone": null, "shop": "convenience", "source_transform": null, "source_date": null, "website": "https://www.fastpro.cl/", "wheelchair": null, "objectid": 6566871, "osm_id2": "4931705445" }, "geometry": { "type": "Point", "coordinates": [ -70.647022099702298, -33.468643999257097 ] } },
{ "type": "Feature", "properties": { "addr_city": "Santiago", "addr_country": null, "addr_housenumber": "1516", "addr_postcode": null, "addr_street": "Club Hípico", "addr_suburb": null, "addr_unit": null, "amenity": null, "amperage": null, "brand": null, "building": null, "description": null, "level_": null, "name": "Oscarin", "name_en": null, "name_es": null, "opening_hours": null, "operator": null, "phone": null, "shop": "convenience", "source_transform": null, "source_date": null, "website": null, "wheelchair": null, "objectid": 9595709, "osm_id2": "10096362685" }, "geometry": { "type": "Point", "coordinates": [ -70.6647151, -33.4674731 ] } },
{ "type": "Feature", "properties": { "addr_city": "Santiago", "addr_country": null, "addr_housenumber": null, "addr_postcode": null, "addr_street": "San Diego", "addr_suburb": null, "addr_unit": null, "amenity": null, "amperage": null, "brand": null, "building": null, "description": null, "level_": null, "name": "La Mundial", "name_en": null, "name_es": null, "opening_hours": null, "operator": null, "phone": null, "shop": "confectionery", "source_transform": null, "source_date": null, "website": null, "wheelchair": null, "objectid": 6567853, "osm_id2": "4345300391" }, "geometry": { "type": "Point", "coordinates": [ -70.648278699952598, -33.471967299444898 ] } },
{ "type": "Feature", "properties": { "addr_city": "Santiago", "addr_country": null, "addr_housenumber": null, "addr_postcode": null, "addr_street": "Alamos", "addr_suburb": null, "addr_unit": null, "amenity": null, "amperage": null, "brand": null, "building": null, "description": null, "level_": null, "name": null, "name_en": null, "name_es": null, "opening_hours": null, "operator": null, "phone": null, "shop": "hairdresser", "source_transform": null, "source_date": null, "website": null, "wheelchair": null, "objectid": 6568015, "osm_id2": "3957538020" }, "geometry": { "type": "Point", "coordinates": [ -70.658271599597299, -33.470597699301898 ] } },
{ "type": "Feature", "properties": { "addr_city": "Santiago", "addr_country": null, "addr_housenumber": null, "addr_postcode": null, "addr_street": "Alamos", "addr_suburb": null, "addr_unit": null, "amenity": null, "amperage": null, "brand": null, "building": null, "description": null, "level_": null, "name": null, "name_en": null, "name_es": null, "opening_hours": null, "operator": null, "phone": null, "shop": "hairdresser", "source_transform": null, "source_date": null, "website": null, "wheelchair": null, "objectid": 6568081, "osm_id2": "3957538021" }, "geometry": { "type": "Point", "coordinates": [ -70.658223299879495, -33.471244299927697 ] } },
{ "type": "Feature", "properties": { "addr_city": "Santiago", "addr_country": null, "addr_housenumber": "70", "addr_postcode": null, "addr_street": "Londres", "addr_suburb": null, "addr_unit": null, "amenity": null, "amperage": null, "brand": null, "building": null, "description": null, "level_": null, "name": "Nacar Studio", "name_en": null, "name_es": null, "opening_hours": null, "operator": null, "phone": "+56 971666090", "shop": "hairdresser", "source_transform": null, "source_date": null, "website": "www.nacarstudio.com", "wheelchair": null, "objectid": 8360902, "osm_id2": "9243927262" }, "geometry": { "type": "Point", "coordinates": [ -70.6482626, -33.4449472 ] } },
{ "type": "Feature", "properties": { "addr_city": "Santiago", "addr_country": null, "addr_housenumber": "2512", "addr_postcode": null, "addr_street": "Claudio Gay", "addr_suburb": null, "addr_unit": null, "amenity": null, "amperage": null, "brand": null, "building": null, "description": null, "level_": null, "name": "Rosita", "name_en": null, "name_es": null, "opening_hours": null, "operator": null, "phone": null, "shop": "convenience", "source_transform": null, "source_date": null, "website": null, "wheelchair": null, "objectid": 8942910, "osm_id2": "9652208463" }, "geometry": { "type": "Point", "coordinates": [ -70.6703133, -33.4564401 ] } },
{ "type": "Feature", "properties": { "addr_city": "Santiago", "addr_country": null, "addr_housenumber": "771", "addr_postcode": "8320000", "addr_street": "Avenida Libertador Bernardo O'Higgins", "addr_suburb": null, "addr_unit": null, "amenity": null, "amperage": null, "brand": null, "building": null, "description": null, "level_": null, "name": "Corona", "name_en": null, "name_es": null, "opening_hours": "Mo-Su 10:00-20:00", "operator": null, "phone": "(2) 2373 7700", "shop": "clothes", "source_transform": null, "source_date": null, "website": "https://www.corona.cl", "wheelchair": null, "objectid": 9057815, "osm_id2": "9749380915" }, "geometry": { "type": "Point", "coordinates": [ -70.6473534, -33.4426547 ] } },
{ "type": "Feature", "properties": { "addr_city": "Santiago", "addr_country": null, "addr_housenumber": "720", "addr_postcode": null, "addr_street": "Moneda", "addr_suburb": null, "addr_unit": null, "amenity": null, "amperage": null, "brand": null, "building": null, "description": null, "level_": null, "name": "Galería Metropolitana", "name_en": null, "name_es": null, "opening_hours": null, "operator": null, "phone": null, "shop": "mall", "source_transform": "Reconocimiento cartográfico 2016 por KG.", "source_date": null, "website": null, "wheelchair": "no", "objectid": 10001529, "osm_id2": "10685547237" }, "geometry": { "type": "Point", "coordinates": [ -70.6467006, -33.4420445 ] } },
{ "type": "Feature", "properties": { "addr_city": "Santiago", "addr_country": null, "addr_housenumber": null, "addr_postcode": null, "addr_street": "San Diego", "addr_suburb": null, "addr_unit": null, "amenity": null, "amperage": null, "brand": null, "building": null, "description": null, "level_": null, "name": null, "name_en": null, "name_es": null, "opening_hours": null, "operator": null, "phone": null, "shop": "kiosk", "source_transform": null, "source_date": null, "website": null, "wheelchair": null, "objectid": 10003049, "osm_id2": "10687370434" }, "geometry": { "type": "Point", "coordinates": [ -70.651418, -33.4457909 ] } },
{ "type": "Feature", "properties": { "addr_city": "Santiago", "addr_country": null, "addr_housenumber": "807", "addr_postcode": null, "addr_street": "Monjitas", "addr_suburb": null, "addr_unit": null, "amenity": null, "amperage": null, "brand": null, "building": null, "description": null, "level_": null, "name": "Casa Royal", "name_en": null, "name_es": null, "opening_hours": null, "operator": null, "phone": null, "shop": "yes", "source_transform": "Reconocimiento cortográfico de campo 2016 por KG", "source_date": null, "website": null, "wheelchair": null, "objectid": 6534162, "osm_id2": "4454014492" }, "geometry": { "type": "Point", "coordinates": [ -70.6488178, -33.43696 ] } },
{ "type": "Feature", "properties": { "addr_city": "Santiago", "addr_country": null, "addr_housenumber": null, "addr_postcode": null, "addr_street": "Esperanza", "addr_suburb": null, "addr_unit": null, "amenity": null, "amperage": null, "brand": null, "building": null, "description": null, "level_": null, "name": "Las Dos A", "name_en": null, "name_es": null, "opening_hours": null, "operator": null, "phone": null, "shop": "beauty", "source_transform": null, "source_date": null, "website": null, "wheelchair": null, "objectid": 7602247, "osm_id2": "8676774999" }, "geometry": { "type": "Point", "coordinates": [ -70.6760981, -33.4372425 ] } },
{ "type": "Feature", "properties": { "addr_city": "Santiago", "addr_country": null, "addr_housenumber": "684 B", "addr_postcode": null, "addr_street": "Esperanza", "addr_suburb": null, "addr_unit": null, "amenity": null, "amperage": null, "brand": null, "building": null, "description": null, "level_": null, "name": null, "name_en": null, "name_es": null, "opening_hours": null, "operator": null, "phone": null, "shop": "greengrocer", "source_transform": null, "source_date": null, "website": null, "wheelchair": null, "objectid": 7602257, "osm_id2": "8676775004" }, "geometry": { "type": "Point", "coordinates": [ -70.6761384, -33.437267 ] } },
{ "type": "Feature", "properties": { "addr_city": "Santiago", "addr_country": null, "addr_housenumber": "51", "addr_postcode": null, "addr_street": "José Victorino Lastarria", "addr_suburb": null, "addr_unit": null, "amenity": null, "amperage": null, "brand": null, "building": null, "description": null, "level_": null, "name": "Factory Nine", "name_en": null, "name_es": null, "opening_hours": null, "operator": null, "phone": null, "shop": "pastry", "source_transform": null, "source_date": null, "website": null, "wheelchair": null, "objectid": 10299352, "osm_id2": "10916893306" }, "geometry": { "type": "Point", "coordinates": [ -70.6410875, -33.4397149 ] } },
{ "type": "Feature", "properties": { "addr_city": "Santiago", "addr_country": null, "addr_housenumber": null, "addr_postcode": null, "addr_street": "Avenida Libertador Bernardo O'Higgins", "addr_suburb": null, "addr_unit": null, "amenity": null, "amperage": null, "brand": null, "building": null, "description": null, "level_": null, "name": "Machete Vegan", "name_en": null, "name_es": null, "opening_hours": null, "operator": null, "phone": null, "shop": "health_food", "source_transform": null, "source_date": null, "website": null, "wheelchair": null, "objectid": 10299358, "osm_id2": "10916893314" }, "geometry": { "type": "Point", "coordinates": [ -70.6412403, -33.4401311 ] } },
{ "type": "Feature", "properties": { "addr_city": "Santiago", "addr_country": null, "addr_housenumber": null, "addr_postcode": null, "addr_street": "Zenteno", "addr_suburb": null, "addr_unit": null, "amenity": null, "amperage": null, "brand": null, "building": null, "description": null, "level_": null, "name": "La Petaca", "name_en": null, "name_es": null, "opening_hours": null, "operator": null, "phone": null, "shop": "alcohol", "source_transform": null, "source_date": null, "website": null, "wheelchair": null, "objectid": 9993894, "osm_id2": "10676767855" }, "geometry": { "type": "Point", "coordinates": [ -70.650992, -33.4573427 ] } },
{ "type": "Feature", "properties": { "addr_city": "Santiago", "addr_country": null, "addr_housenumber": "724", "addr_postcode": null, "addr_street": "Club Hípico", "addr_suburb": null, "addr_unit": null, "amenity": null, "amperage": null, "brand": null, "building": null, "description": null, "level_": null, "name": "Donde Mi Tía", "name_en": null, "name_es": null, "opening_hours": null, "operator": null, "phone": null, "shop": "convenience", "source_transform": null, "source_date": null, "website": null, "wheelchair": null, "objectid": 10612225, "osm_id2": "11079558474" }, "geometry": { "type": "Point", "coordinates": [ -70.6648793, -33.4565329 ] } },
{ "type": "Feature", "properties": { "addr_city": "Santiago", "addr_country": null, "addr_housenumber": "762", "addr_postcode": null, "addr_street": "Club Hípico", "addr_suburb": null, "addr_unit": null, "amenity": null, "amperage": null, "brand": null, "building": null, "description": null, "level_": null, "name": null, "name_en": null, "name_es": null, "opening_hours": null, "operator": null, "phone": null, "shop": "convenience", "source_transform": null, "source_date": null, "website": null, "wheelchair": null, "objectid": 10612226, "osm_id2": "11079558475" }, "geometry": { "type": "Point", "coordinates": [ -70.6648709, -33.4567029 ] } },
{ "type": "Feature", "properties": { "addr_city": "Santiago", "addr_country": null, "addr_housenumber": "2115", "addr_postcode": null, "addr_street": "Avenida Almirante Blanco Encalada", "addr_suburb": null, "addr_unit": null, "amenity": null, "amperage": null, "brand": null, "building": null, "description": null, "level_": null, "name": "Tectronic", "name_en": null, "name_es": null, "opening_hours": null, "operator": null, "phone": null, "shop": "computer", "source_transform": null, "source_date": null, "website": null, "wheelchair": null, "objectid": 10612229, "osm_id2": "11079558478" }, "geometry": { "type": "Point", "coordinates": [ -70.6644789, -33.4568675 ] } },
{ "type": "Feature", "properties": { "addr_city": "Santiago", "addr_country": null, "addr_housenumber": "620", "addr_postcode": null, "addr_street": "Nataniel Cox", "addr_suburb": null, "addr_unit": null, "amenity": null, "amperage": null, "brand": null, "building": null, "description": null, "level_": null, "name": "Cerrajería", "name_en": null, "name_es": null, "opening_hours": null, "operator": null, "phone": null, "shop": "locksmith", "source_transform": null, "source_date": null, "website": null, "wheelchair": null, "objectid": 10967080, "osm_id2": "11332098473" }, "geometry": { "type": "Point", "coordinates": [ -70.6524893, -33.4534349 ] } },
{ "type": "Feature", "properties": { "addr_city": "Santiago", "addr_country": null, "addr_housenumber": "1334", "addr_postcode": "8330675", "addr_street": "Eyzaguirre", "addr_suburb": null, "addr_unit": null, "amenity": null, "amperage": null, "brand": null, "building": null, "description": null, "level_": null, "name": "Pazyamor.cl grow shop & sex shop Eyzaguirre", "name_en": null, "name_es": null, "opening_hours": "Mo-Sa 12:00-20:00", "operator": "pazyamor.cl", "phone": "+56961548187", "shop": "erotic", "source_transform": null, "source_date": null, "website": "https://pazyamor.cl/", "wheelchair": "yes", "objectid": 12093682, "osm_id2": "12408282780" }, "geometry": { "type": "Point", "coordinates": [ -70.6532432, -33.4534121 ] } },
{ "type": "Feature", "properties": { "addr_city": "Santiago", "addr_country": null, "addr_housenumber": "839", "addr_postcode": null, "addr_street": "Merced", "addr_suburb": null, "addr_unit": null, "amenity": null, "amperage": null, "brand": null, "building": null, "description": null, "level_": null, "name": "Entretenimientos Diana", "name_en": null, "name_es": null, "opening_hours": null, "operator": null, "phone": null, "shop": "video_games", "source_transform": null, "source_date": null, "website": null, "wheelchair": null, "objectid": 10297051, "osm_id2": "10915408669" }, "geometry": { "type": "Point", "coordinates": [ -70.648987, -33.4380308 ] } },
{ "type": "Feature", "properties": { "addr_city": "Santiago", "addr_country": null, "addr_housenumber": "971", "addr_postcode": null, "addr_street": "Nataniel Cox", "addr_suburb": null, "addr_unit": null, "amenity": null, "amperage": null, "brand": null, "building": null, "description": null, "level_": null, "name": "Blue Bike Store", "name_en": null, "name_es": null, "opening_hours": "Mo-Fr 10:30-19:00 Sa 10:30-15:30", "operator": "José Castro", "phone": "+56999140483", "shop": "bicycle", "source_transform": null, "source_date": null, "website": "https://www.instagram.com/bluebike_store/", "wheelchair": null, "objectid": 10618245, "osm_id2": "11081805016" }, "geometry": { "type": "Point", "coordinates": [ -70.6520418, -33.4583255 ] } },
{ "type": "Feature", "properties": { "addr_city": "Santiago", "addr_country": null, "addr_housenumber": null, "addr_postcode": null, "addr_street": "Santa Isabel", "addr_suburb": null, "addr_unit": null, "amenity": null, "amperage": null, "brand": null, "building": null, "description": null, "level_": null, "name": "Churro Manía", "name_en": null, "name_es": null, "opening_hours": null, "operator": null, "phone": null, "shop": "pastry", "source_transform": null, "source_date": null, "website": null, "wheelchair": null, "objectid": 10618570, "osm_id2": "11082199318" }, "geometry": { "type": "Point", "coordinates": [ -70.6483669, -33.4516251 ] } },
{ "type": "Feature", "properties": { "addr_city": "Santiago", "addr_country": null, "addr_housenumber": "130", "addr_postcode": null, "addr_street": "Echaurren", "addr_suburb": null, "addr_unit": null, "amenity": null, "amperage": null, "brand": null, "building": null, "description": null, "level_": null, "name": "Mas Copias", "name_en": null, "name_es": null, "opening_hours": null, "operator": null, "phone": null, "shop": "copyshop", "source_transform": null, "source_date": null, "website": null, "wheelchair": null, "objectid": 10733116, "osm_id2": "11165927449" }, "geometry": { "type": "Point", "coordinates": [ -70.6663072, -33.4499705 ] } },
{ "type": "Feature", "properties": { "addr_city": "Santiago", "addr_country": null, "addr_housenumber": "194", "addr_postcode": null, "addr_street": "Abdón Cifuentes", "addr_suburb": null, "addr_unit": null, "amenity": null, "amperage": null, "brand": "Oxxo", "building": null, "description": null, "level_": null, "name": "Oxxo", "name_en": null, "name_es": null, "opening_hours": null, "operator": null, "phone": null, "shop": "convenience", "source_transform": null, "source_date": null, "website": null, "wheelchair": null, "objectid": 10733117, "osm_id2": "11165927482" }, "geometry": { "type": "Point", "coordinates": [ -70.6655308, -33.4502344 ] } },
{ "type": "Feature", "properties": { "addr_city": "Santiago", "addr_country": null, "addr_housenumber": null, "addr_postcode": null, "addr_street": "Ventura Lavalle", "addr_suburb": null, "addr_unit": null, "amenity": null, "amperage": null, "brand": null, "building": null, "description": null, "level_": null, "name": null, "name_en": null, "name_es": null, "opening_hours": null, "operator": null, "phone": null, "shop": "laundry", "source_transform": null, "source_date": null, "website": null, "wheelchair": null, "objectid": 9385444, "osm_id2": "9915793643" }, "geometry": { "type": "Point", "coordinates": [ -70.6388403, -33.4592473 ] } },
{ "type": "Feature", "properties": { "addr_city": "Santiago", "addr_country": null, "addr_housenumber": "138", "addr_postcode": null, "addr_street": "Nataniel Cox", "addr_suburb": null, "addr_unit": null, "amenity": null, "amperage": null, "brand": null, "building": null, "description": null, "level_": null, "name": "Minimarket Buen Vecino", "name_en": null, "name_es": null, "opening_hours": null, "operator": null, "phone": null, "shop": "convenience", "source_transform": null, "source_date": null, "website": null, "wheelchair": null, "objectid": 9845394, "osm_id2": "10268880061" }, "geometry": { "type": "Point", "coordinates": [ -70.6535098, -33.4472941 ] } },
{ "type": "Feature", "properties": { "addr_city": "Santiago", "addr_country": null, "addr_housenumber": null, "addr_postcode": null, "addr_street": "Avenida Manuel Antonio Matta", "addr_suburb": null, "addr_unit": null, "amenity": null, "amperage": null, "brand": null, "building": null, "description": null, "level_": null, "name": "Pronto Express", "name_en": null, "name_es": null, "opening_hours": "24/7", "operator": null, "phone": null, "shop": "convenience", "source_transform": null, "source_date": null, "website": null, "wheelchair": null, "objectid": 11724108, "osm_id2": "12313186879" }, "geometry": { "type": "Point", "coordinates": [ -70.6425766, -33.4576879 ] } },
{ "type": "Feature", "properties": { "addr_city": "Santiago", "addr_country": null, "addr_housenumber": null, "addr_postcode": null, "addr_street": "San Francisco", "addr_suburb": null, "addr_unit": null, "amenity": null, "amperage": null, "brand": null, "building": null, "description": null, "level_": null, "name": "Pronto Express", "name_en": null, "name_es": null, "opening_hours": "24/7", "operator": null, "phone": null, "shop": "convenience", "source_transform": null, "source_date": null, "website": null, "wheelchair": null, "objectid": 11724111, "osm_id2": "12313186882" }, "geometry": { "type": "Point", "coordinates": [ -70.6449081, -33.4591612 ] } },
{ "type": "Feature", "properties": { "addr_city": "Santiago", "addr_country": null, "addr_housenumber": null, "addr_postcode": null, "addr_street": "Agustinas", "addr_suburb": null, "addr_unit": null, "amenity": null, "amperage": null, "brand": null, "building": null, "description": null, "level_": null, "name": "The Optical Store", "name_en": null, "name_es": null, "opening_hours": null, "operator": null, "phone": null, "shop": "optician", "source_transform": null, "source_date": null, "website": null, "wheelchair": null, "objectid": 12299893, "osm_id2": "12627298133" }, "geometry": { "type": "Point", "coordinates": [ -70.6546924, -33.4410497 ] } },
{ "type": "Feature", "properties": { "addr_city": "Santiago", "addr_country": null, "addr_housenumber": "77", "addr_postcode": "8320332", "addr_street": "Matías Cousiño", "addr_suburb": null, "addr_unit": null, "amenity": null, "amperage": null, "brand": null, "building": null, "description": null, "level_": null, "name": "Le Vice Chocolat", "name_en": null, "name_es": null, "opening_hours": "Mo-Fr 08:30-19:00; Sa 09:00-15:00; Su off", "operator": null, "phone": null, "shop": "chocolate", "source_transform": null, "source_date": null, "website": null, "wheelchair": null, "objectid": 10095304, "osm_id2": "10727359296" }, "geometry": { "type": "Point", "coordinates": [ -70.6496921, -33.4421646 ] } },
{ "type": "Feature", "properties": { "addr_city": "Santiago", "addr_country": null, "addr_housenumber": "267", "addr_postcode": null, "addr_street": "Avenida España", "addr_suburb": null, "addr_unit": null, "amenity": null, "amperage": null, "brand": null, "building": null, "description": null, "level_": null, "name": "Los Dos Antonios", "name_en": null, "name_es": null, "opening_hours": null, "operator": null, "phone": null, "shop": "alcohol", "source_transform": null, "source_date": null, "website": null, "wheelchair": null, "objectid": 10145431, "osm_id2": "10773645942" }, "geometry": { "type": "Point", "coordinates": [ -70.6698475, -33.4521548 ] } },
{ "type": "Feature", "properties": { "addr_city": "Santiago", "addr_country": null, "addr_housenumber": "1041", "addr_postcode": null, "addr_street": "Ñuble", "addr_suburb": null, "addr_unit": null, "amenity": null, "amperage": null, "brand": null, "building": null, "description": null, "level_": null, "name": "mibodega.cl", "name_en": null, "name_es": null, "opening_hours": null, "operator": null, "phone": null, "shop": "storage_rental", "source_transform": null, "source_date": null, "website": null, "wheelchair": null, "objectid": 11043538, "osm_id2": "11419307098" }, "geometry": { "type": "Point", "coordinates": [ -70.6483738, -33.4695361 ] } },
{ "type": "Feature", "properties": { "addr_city": "Santiago", "addr_country": null, "addr_housenumber": "569", "addr_postcode": null, "addr_street": "Bandera", "addr_suburb": null, "addr_unit": null, "amenity": null, "amperage": null, "brand": null, "building": null, "description": null, "level_": null, "name": "Nostalgic", "name_en": null, "name_es": null, "opening_hours": null, "operator": null, "phone": null, "shop": "clothes", "source_transform": null, "source_date": null, "website": "https://nostalgic.cl/", "wheelchair": null, "objectid": 9128307, "osm_id2": "9806425573" }, "geometry": { "type": "Point", "coordinates": [ -70.6526276, -33.436791 ] } },
{ "type": "Feature", "properties": { "addr_city": "Santiago", "addr_country": null, "addr_housenumber": null, "addr_postcode": null, "addr_street": "Zenteno", "addr_suburb": null, "addr_unit": null, "amenity": null, "amperage": null, "brand": null, "building": null, "description": null, "level_": null, "name": "Te Salva", "name_en": null, "name_es": null, "opening_hours": null, "operator": null, "phone": null, "shop": "alcohol", "source_transform": null, "source_date": null, "website": null, "wheelchair": null, "objectid": 9422334, "osm_id2": "9948739119" }, "geometry": { "type": "Point", "coordinates": [ -70.6524785, -33.4473051 ] } },
{ "type": "Feature", "properties": { "addr_city": "Santiago", "addr_country": null, "addr_housenumber": "468", "addr_postcode": null, "addr_street": "Enrique Mac Iver", "addr_suburb": null, "addr_unit": null, "amenity": null, "amperage": null, "brand": null, "building": null, "description": null, "level_": null, "name": "Club de Perros y Gatos", "name_en": null, "name_es": null, "opening_hours": null, "operator": null, "phone": null, "shop": "pet", "source_transform": null, "source_date": null, "website": null, "wheelchair": null, "objectid": 11333674, "osm_id2": "11918168260" }, "geometry": { "type": "Point", "coordinates": [ -70.6472768, -33.4372908 ] } },
{ "type": "Feature", "properties": { "addr_city": "Santiago", "addr_country": null, "addr_housenumber": null, "addr_postcode": null, "addr_street": "Ahumada", "addr_suburb": null, "addr_unit": null, "amenity": null, "amperage": null, "brand": "Falabella", "building": null, "description": null, "level_": null, "name": "Falabella", "name_en": null, "name_es": null, "opening_hours": null, "operator": null, "phone": null, "shop": "department_store", "source_transform": null, "source_date": null, "website": null, "wheelchair": null, "objectid": 12105515, "osm_id2": "12422444628" }, "geometry": { "type": "Point", "coordinates": [ -70.6503249, -33.4429354 ] } },
{ "type": "Feature", "properties": { "addr_city": "Santiago", "addr_country": null, "addr_housenumber": null, "addr_postcode": null, "addr_street": "Merced", "addr_suburb": null, "addr_unit": null, "amenity": null, "amperage": null, "brand": null, "building": null, "description": null, "level_": null, "name": null, "name_en": null, "name_es": null, "opening_hours": null, "operator": null, "phone": null, "shop": "kiosk", "source_transform": null, "source_date": null, "website": null, "wheelchair": null, "objectid": 9671303, "osm_id2": "10164603108" }, "geometry": { "type": "Point", "coordinates": [ -70.6484674, -33.4381716 ] } },
{ "type": "Feature", "properties": { "addr_city": "Santiago", "addr_country": null, "addr_housenumber": "Serrano 73, torre Snap, piso 3 oficina 313", "addr_postcode": null, "addr_street": "Serrano", "addr_suburb": null, "addr_unit": null, "amenity": null, "amperage": null, "brand": null, "building": null, "description": null, "level_": null, "name": "Arcadia Viajes Chile", "name_en": null, "name_es": null, "opening_hours": "Mo-Fr 09:00-17:00", "operator": "Arcadia Viajes", "phone": "+56990892278", "shop": "travel_agency", "source_transform": null, "source_date": null, "website": null, "wheelchair": null, "objectid": 11607085, "osm_id2": "12154027319" }, "geometry": { "type": "Point", "coordinates": [ -70.6494136, -33.4454555 ] } },
{ "type": "Feature", "properties": { "addr_city": "Santiago", "addr_country": null, "addr_housenumber": null, "addr_postcode": null, "addr_street": null, "addr_suburb": null, "addr_unit": null, "amenity": null, "amperage": null, "brand": null, "building": null, "description": null, "level_": null, "name": "Punto Copec", "name_en": null, "name_es": null, "opening_hours": "24/7", "operator": null, "phone": null, "shop": "convenience", "source_transform": null, "source_date": null, "website": null, "wheelchair": null, "objectid": 12296354, "osm_id2": "12621930284" }, "geometry": { "type": "Point", "coordinates": [ -70.643172, -33.446388 ] } }
]
}
