{
"type": "FeatureCollection",
"name": "establecimientos_educacion_superior",
"crs": { "type": "name", "properties": { "name": "urn:ogc:def:crs:OGC:1.3:CRS84" } },
"features": [
{ "type": "Feature", "properties": { "AÑO": 2020.0, "COD_INST": 71.0, "TIPO_INST": "Universidades (* Carrera en Convenio)", "NOMBRE_INS": "UNIVERSIDAD DE SANTIAGO DE CHILE", "NOMBRE_INM": "SECTOR 7", "COD_REGION": 13.0, "REGIÓN": "REGIÓN METROPOLITANA DE SANTIAGO", "COD_PROVIN": 131.0, "PROVINCIA": "SANTIAGO", "COD_COMUNA": 13106.0, "COMUNA": "ESTACIÓN CENTRAL", "DIRECCION": "AVENIDA PORTALES", "NUMERO_DI": 3510.0, "LUGAR_REFE": "ROL 328-5", "LATITUD": -33.444477, "LONGITUD": -70.68375 }, "geometry": { "type": "Point", "coordinates": [ -70.68375, -33.444477 ] } },
{ "type": "Feature", "properties": { "AÑO": 2020.0, "COD_INST": 71.0, "TIPO_INST": "Universidades (* Carrera en Convenio)", "NOMBRE_INS": "UNIVERSIDAD DE SANTIAGO DE CHILE", "NOMBRE_INM": "SECTOR 5 ECUADOR", "COD_REGION": 13.0, "REGIÓN": "REGIÓN METROPOLITANA DE SANTIAGO", "COD_PROVIN": 131.0, "PROVINCIA": "SANTIAGO", "COD_COMUNA": 13106.0, "COMUNA": "ESTACIÓN CENTRAL", "DIRECCION": "ECUADOR", "NUMERO_DI": 3363.0, "LUGAR_REFE": "ROL 480-153", "LATITUD": -33.449609, "LONGITUD": -70.680901 }, "geometry": { "type": "Point", "coordinates": [ -70.680901, -33.449609 ] } },
{ "type": "Feature", "properties": { "AÑO": 2020.0, "COD_INST": 71.0, "TIPO_INST": "Universidades (* Carrera en Convenio)", "NOMBRE_INS": "UNIVERSIDAD DE SANTIAGO DE CHILE", "NOMBRE_INM": "SECTOR 5 B OHIGGINS", "COD_REGION": 13.0, "REGIÓN": "REGIÓN METROPOLITANA DE SANTIAGO", "COD_PROVIN": 131.0, "PROVINCIA": "SANTIAGO", "COD_COMUNA": 13106.0, "COMUNA": "ESTACIÓN CENTRAL", "DIRECCION": "BERNARDO OHIGGINS", "NUMERO_DI": 3389.0, "LUGAR_REFE": "ROL 480-27", "LATITUD": -33.449824, "LONGITUD": -70.680538 }, "geometry": { "type": "Point", "coordinates": [ -70.680538, -33.449824 ] } },
{ "type": "Feature", "properties": { "AÑO": 2020.0, "COD_INST": 71.0, "TIPO_INST": "Universidades (* Carrera en Convenio)", "NOMBRE_INS": "UNIVERSIDAD DE SANTIAGO DE CHILE", "NOMBRE_INM": "SECTOR 3 ECUADOR", "COD_REGION": 13.0, "REGIÓN": "REGIÓN METROPOLITANA DE SANTIAGO", "COD_PROVIN": 131.0, "PROVINCIA": "SANTIAGO", "COD_COMUNA": 13106.0, "COMUNA": "ESTACIÓN CENTRAL", "DIRECCION": "ECUADOR", "NUMERO_DI": 3493.0, "LUGAR_REFE": "ROL 485-2", "LATITUD": -33.449986, "LONGITUD": -70.683853 }, "geometry": { "type": "Point", "coordinates": [ -70.683853, -33.449986 ] } },
{ "type": "Feature", "properties": { "AÑO": 2020.0, "COD_INST": 71.0, "TIPO_INST": "Universidades (* Carrera en Convenio)", "NOMBRE_INS": "UNIVERSIDAD DE SANTIAGO DE CHILE", "NOMBRE_INM": "SECTOR 4 E KIRBERG", "COD_REGION": 13.0, "REGIÓN": "REGIÓN METROPOLITANA DE SANTIAGO", "COD_PROVIN": 131.0, "PROVINCIA": "SANTIAGO", "COD_COMUNA": 13106.0, "COMUNA": "ESTACIÓN CENTRAL", "DIRECCION": "ENRIQUE KIRBERG", "NUMERO_DI": 3.0, "LUGAR_REFE": "ROL 481-1", "LATITUD": -33.450104, "LONGITUD": -70.682271 }, "geometry": { "type": "Point", "coordinates": [ -70.682270699274397, -33.450103966941498 ] } },
{ "type": "Feature", "properties": { "AÑO": 2020.0, "COD_INST": 71.0, "TIPO_INST": "Universidades (* Carrera en Convenio)", "NOMBRE_INS": "UNIVERSIDAD DE SANTIAGO DE CHILE", "NOMBRE_INM": "SECTOR 2 ECUADOR", "COD_REGION": 13.0, "REGIÓN": "REGIÓN METROPOLITANA DE SANTIAGO", "COD_PROVIN": 131.0, "PROVINCIA": "SANTIAGO", "COD_COMUNA": 13106.0, "COMUNA": "ESTACIÓN CENTRAL", "DIRECCION": "ECUADOR", "NUMERO_DI": 3659.0, "LUGAR_REFE": "ROL 485-3", "LATITUD": -33.450121, "LONGITUD": -70.686739 }, "geometry": { "type": "Point", "coordinates": [ -70.686739, -33.450121 ] } },
{ "type": "Feature", "properties": { "AÑO": 2020.0, "COD_INST": 71.0, "TIPO_INST": "Universidades (* Carrera en Convenio)", "NOMBRE_INS": "UNIVERSIDAD DE SANTIAGO DE CHILE", "NOMBRE_INM": "SECTOR 1 - ECUADOR", "COD_REGION": 13.0, "REGIÓN": "REGIÓN METROPOLITANA DE SANTIAGO", "COD_PROVIN": 131.0, "PROVINCIA": "SANTIAGO", "COD_COMUNA": 13106.0, "COMUNA": "ESTACIÓN CENTRAL", "DIRECCION": "ECUADOR", "NUMERO_DI": 3949.0, "LUGAR_REFE": "ROL 485-4", "LATITUD": -33.450207, "LONGITUD": -70.689945 }, "geometry": { "type": "Point", "coordinates": [ -70.689945, -33.450207 ] } },
{ "type": "Feature", "properties": { "AÑO": 2020.0, "COD_INST": 71.0, "TIPO_INST": "Universidades (* Carrera en Convenio)", "NOMBRE_INS": "UNIVERSIDAD DE SANTIAGO DE CHILE", "NOMBRE_INM": "SECTOR 2 ECUADOR", "COD_REGION": 13.0, "REGIÓN": "REGIÓN METROPOLITANA DE SANTIAGO", "COD_PROVIN": 131.0, "PROVINCIA": "SANTIAGO", "COD_COMUNA": 13106.0, "COMUNA": "ESTACIÓN CENTRAL", "DIRECCION": "ECUADOR", "NUMERO_DI": 3769.0, "LUGAR_REFE": "ROL 485-7", "LATITUD": -33.45043, "LONGITUD": -70.68369 }, "geometry": { "type": "Point", "coordinates": [ -70.68369, -33.45043 ] } },
{ "type": "Feature", "properties": { "AÑO": 2020.0, "COD_INST": 71.0, "TIPO_INST": "Universidades (* Carrera en Convenio)", "NOMBRE_INS": "UNIVERSIDAD DE SANTIAGO DE CHILE", "NOMBRE_INM": "SECTOR 3 ECUADOR", "COD_REGION": 13.0, "REGIÓN": "REGIÓN METROPOLITANA DE SANTIAGO", "COD_PROVIN": 131.0, "PROVINCIA": "SANTIAGO", "COD_COMUNA": 13106.0, "COMUNA": "ESTACIÓN CENTRAL", "DIRECCION": "ECUADOR", "NUMERO_DI": 3519.0, "LUGAR_REFE": "ROL 485-1", "LATITUD": -33.450464, "LONGITUD": -70.684732 }, "geometry": { "type": "Point", "coordinates": [ -70.684732, -33.450464 ] } },
{ "type": "Feature", "properties": { "AÑO": 2020.0, "COD_INST": 71.0, "TIPO_INST": "Universidades (* Carrera en Convenio)", "NOMBRE_INS": "UNIVERSIDAD DE SANTIAGO DE CHILE", "NOMBRE_INM": "NUEVO EDIFICIO FAE", "COD_REGION": 13.0, "REGIÓN": "REGIÓN METROPOLITANA DE SANTIAGO", "COD_PROVIN": 131.0, "PROVINCIA": "SANTIAGO", "COD_COMUNA": 13106.0, "COMUNA": "ESTACIÓN CENTRAL", "DIRECCION": "AVENIDA LIBERTADOR BERNARDO OHIGGINS", "NUMERO_DI": 3363.0, "LUGAR_REFE": "BRETON 3320", "LATITUD": -33.450572, "LONGITUD": -70.679421 }, "geometry": { "type": "Point", "coordinates": [ -70.6794212231854, -33.450571846284802 ] } },
{ "type": "Feature", "properties": { "AÑO": 2020.0, "COD_INST": 71.0, "TIPO_INST": "Universidades (* Carrera en Convenio)", "NOMBRE_INS": "UNIVERSIDAD DE SANTIAGO DE CHILE", "NOMBRE_INM": "SECTOR 3 ECUADOR", "COD_REGION": 13.0, "REGIÓN": "REGIÓN METROPOLITANA DE SANTIAGO", "COD_PROVIN": 131.0, "PROVINCIA": "SANTIAGO", "COD_COMUNA": 13106.0, "COMUNA": "ESTACIÓN CENTRAL", "DIRECCION": "ECUADOR", "NUMERO_DI": 3580.0, "LUGAR_REFE": "ROL 498-30", "LATITUD": -33.451047, "LONGITUD": -70.685373 }, "geometry": { "type": "Point", "coordinates": [ -70.685373, -33.451047 ] } },
{ "type": "Feature", "properties": { "AÑO": 2020.0, "COD_INST": 71.0, "TIPO_INST": "Universidades (* Carrera en Convenio)", "NOMBRE_INS": "UNIVERSIDAD DE SANTIAGO DE CHILE", "NOMBRE_INM": "SECTOR 3 ECUADOR", "COD_REGION": 13.0, "REGIÓN": "REGIÓN METROPOLITANA DE SANTIAGO", "COD_PROVIN": 131.0, "PROVINCIA": "SANTIAGO", "COD_COMUNA": 13106.0, "COMUNA": "ESTACIÓN CENTRAL", "DIRECCION": "ECUADOR", "NUMERO_DI": 3596.0, "LUGAR_REFE": "ROL 498-31", "LATITUD": -33.451053, "LONGITUD": -70.685457 }, "geometry": { "type": "Point", "coordinates": [ -70.685457, -33.451053 ] } },
{ "type": "Feature", "properties": { "AÑO": 2020.0, "COD_INST": 71.0, "TIPO_INST": "Universidades (* Carrera en Convenio)", "NOMBRE_INS": "UNIVERSIDAD DE SANTIAGO DE CHILE", "NOMBRE_INM": "SECTOR 8 ECUADOR", "COD_REGION": 13.0, "REGIÓN": "REGIÓN METROPOLITANA DE SANTIAGO", "COD_PROVIN": 131.0, "PROVINCIA": "SANTIAGO", "COD_COMUNA": 13106.0, "COMUNA": "ESTACIÓN CENTRAL", "DIRECCION": "ECUADOR", "NUMERO_DI": 3650.0, "LUGAR_REFE": "ROL 499-13", "LATITUD": -33.451072, "LONGITUD": -70.686242 }, "geometry": { "type": "Point", "coordinates": [ -70.686242, -33.451072 ] } },
{ "type": "Feature", "properties": { "AÑO": 2020.0, "COD_INST": 71.0, "TIPO_INST": "Universidades (* Carrera en Convenio)", "NOMBRE_INS": "UNIVERSIDAD DE SANTIAGO DE CHILE", "NOMBRE_INM": "EDIF 0125 C FACTEC RUIZ TAGLE", "COD_REGION": 13.0, "REGIÓN": "REGIÓN METROPOLITANA DE SANTIAGO", "COD_PROVIN": 131.0, "PROVINCIA": "SANTIAGO", "COD_COMUNA": 13106.0, "COMUNA": "ESTACIÓN CENTRAL", "DIRECCION": "ECUADOR", "NUMERO_DI": 3818.0, "LUGAR_REFE": "ROL 501-9", "LATITUD": -33.451096, "LONGITUD": -70.688846 }, "geometry": { "type": "Point", "coordinates": [ -70.688846, -33.451096 ] } },
{ "type": "Feature", "properties": { "AÑO": 2020.0, "COD_INST": 71.0, "TIPO_INST": "Universidades (* Carrera en Convenio)", "NOMBRE_INS": "UNIVERSIDAD DE SANTIAGO DE CHILE", "NOMBRE_INM": "EDIF 0126 C FACTEC RUIZ TAGLE", "COD_REGION": 13.0, "REGIÓN": "REGIÓN METROPOLITANA DE SANTIAGO", "COD_PROVIN": 131.0, "PROVINCIA": "SANTIAGO", "COD_COMUNA": 13106.0, "COMUNA": "ESTACIÓN CENTRAL", "DIRECCION": "ECUADOR", "NUMERO_DI": 3838.0, "LUGAR_REFE": "- N 3840 ROL 501-10", "LATITUD": -33.451124, "LONGITUD": -70.688979 }, "geometry": { "type": "Point", "coordinates": [ -70.688979, -33.451124 ] } },
{ "type": "Feature", "properties": { "AÑO": 2020.0, "COD_INST": 71.0, "TIPO_INST": "Universidades (* Carrera en Convenio)", "NOMBRE_INS": "UNIVERSIDAD DE SANTIAGO DE CHILE", "NOMBRE_INM": "SECTOR 3 ECUADOR", "COD_REGION": 13.0, "REGIÓN": "REGIÓN METROPOLITANA DE SANTIAGO", "COD_PROVIN": 131.0, "PROVINCIA": "SANTIAGO", "COD_COMUNA": 13106.0, "COMUNA": "ESTACIÓN CENTRAL", "DIRECCION": "ECUADOR", "NUMERO_DI": 3524.0, "LUGAR_REFE": "-3534 ROL 490-111", "LATITUD": -33.451192, "LONGITUD": -70.684306 }, "geometry": { "type": "Point", "coordinates": [ -70.684306, -33.451192 ] } },
{ "type": "Feature", "properties": { "AÑO": 2020.0, "COD_INST": 71.0, "TIPO_INST": "Universidades (* Carrera en Convenio)", "NOMBRE_INS": "UNIVERSIDAD DE SANTIAGO DE CHILE", "NOMBRE_INM": "SECTOR 6 Y 7 EL BELLOTO", "COD_REGION": 13.0, "REGIÓN": "REGIÓN METROPOLITANA DE SANTIAGO", "COD_PROVIN": 131.0, "PROVINCIA": "SANTIAGO", "COD_COMUNA": 13106.0, "COMUNA": "ESTACIÓN CENTRAL", "DIRECCION": "AVENIDA EL BELLOTO", "NUMERO_DI": 3469.0, "LUGAR_REFE": "ROL 451-1", "LATITUD": -33.451522, "LONGITUD": -70.682858 }, "geometry": { "type": "Point", "coordinates": [ -70.682858, -33.451522 ] } },
{ "type": "Feature", "properties": { "AÑO": 2020.0, "COD_INST": 71.0, "TIPO_INST": "Universidades (* Carrera en Convenio)", "NOMBRE_INS": "UNIVERSIDAD DE SANTIAGO DE CHILE", "NOMBRE_INM": "EDIF 0117 D CALLE FEDERICO SCOTTO", "COD_REGION": 13.0, "REGIÓN": "REGIÓN METROPOLITANA DE SANTIAGO", "COD_PROVIN": 131.0, "PROVINCIA": "SANTIAGO", "COD_COMUNA": 13106.0, "COMUNA": "ESTACIÓN CENTRAL", "DIRECCION": "FEDERICO SCOTTO", "NUMERO_DI": 127.0, "LUGAR_REFE": "ROL 501-1", "LATITUD": -33.451651, "LONGITUD": -70.688856 }, "geometry": { "type": "Point", "coordinates": [ -70.688855958783904, -33.451651106205198 ] } },
{ "type": "Feature", "properties": { "AÑO": 2020.0, "COD_INST": 71.0, "TIPO_INST": "Universidades (* Carrera en Convenio)", "NOMBRE_INS": "UNIVERSIDAD DE SANTIAGO DE CHILE", "NOMBRE_INM": "SECTOR 8 BERNARDO O HIGGINS", "COD_REGION": 13.0, "REGIÓN": "REGIÓN METROPOLITANA DE SANTIAGO", "COD_PROVIN": 131.0, "PROVINCIA": "SANTIAGO", "COD_COMUNA": 13106.0, "COMUNA": "ESTACIÓN CENTRAL", "DIRECCION": "BERNARDO OHIGGINS", "NUMERO_DI": 3700.0, "LUGAR_REFE": null, "LATITUD": -33.451868, "LONGITUD": -70.686244 }, "geometry": { "type": "Point", "coordinates": [ -70.686244, -33.451868 ] } },
{ "type": "Feature", "properties": { "AÑO": 2020.0, "COD_INST": 260.0, "TIPO_INST": "Centros de Formación Técnica", "NOMBRE_INS": "CFT SANTO TOMÁS", "NOMBRE_INM": null, "COD_REGION": 13.0, "REGIÓN": "REGIÓN METROPOLITANA DE SANTIAGO", "COD_PROVIN": 131.0, "PROVINCIA": "SANTIAGO", "COD_COMUNA": 13106.0, "COMUNA": "ESTACIÓN CENTRAL", "DIRECCION": "EXPOSICION", "NUMERO_DI": 85.0, "LUGAR_REFE": null, "LATITUD": -33.451973, "LONGITUD": -70.678152 }, "geometry": { "type": "Point", "coordinates": [ -70.678152, -33.451973 ] } },
{ "type": "Feature", "properties": { "AÑO": 2020.0, "COD_INST": 71.0, "TIPO_INST": "Universidades (* Carrera en Convenio)", "NOMBRE_INS": "UNIVERSIDAD DE SANTIAGO DE CHILE", "NOMBRE_INM": "SECTOR 3 O UMANA A", "COD_REGION": 13.0, "REGIÓN": "REGIÓN METROPOLITANA DE SANTIAGO", "COD_PROVIN": 131.0, "PROVINCIA": "SANTIAGO", "COD_COMUNA": 13106.0, "COMUNA": "ESTACIÓN CENTRAL", "DIRECCION": "OBISPO MANUEL UMANA", "NUMERO_DI": 69.0, "LUGAR_REFE": "-079 ROL 498-10", "LATITUD": -33.453601, "LONGITUD": -70.684804 }, "geometry": { "type": "Point", "coordinates": [ -70.684804, -33.453601 ] } },
{ "type": "Feature", "properties": { "AÑO": 2020.0, "COD_INST": 71.0, "TIPO_INST": "Universidades (* Carrera en Convenio)", "NOMBRE_INS": "UNIVERSIDAD DE SANTIAGO DE CHILE", "NOMBRE_INM": "REMODELACION FACULTAD QUIMICA Y BIOLOGIA", "COD_REGION": 13.0, "REGIÓN": "REGIÓN METROPOLITANA DE SANTIAGO", "COD_PROVIN": 131.0, "PROVINCIA": "SANTIAGO", "COD_COMUNA": 13106.0, "COMUNA": "ESTACIÓN CENTRAL", "DIRECCION": "AMENGUAL", "NUMERO_DI": 14.0, "LUGAR_REFE": "ROL 600-31", "LATITUD": -33.456041, "LONGITUD": -70.696854 }, "geometry": { "type": "Point", "coordinates": [ -70.696854, -33.456041 ] } },
{ "type": "Feature", "properties": { "AÑO": 2020.0, "COD_INST": 71.0, "TIPO_INST": "Universidades (* Carrera en Convenio)", "NOMBRE_INS": "UNIVERSIDAD DE SANTIAGO DE CHILE", "NOMBRE_INM": "AMENGUAL", "COD_REGION": 13.0, "REGIÓN": "REGIÓN METROPOLITANA DE SANTIAGO", "COD_PROVIN": 131.0, "PROVINCIA": "SANTIAGO", "COD_COMUNA": 13106.0, "COMUNA": "ESTACIÓN CENTRAL", "DIRECCION": "GENERAL AMENGUAL", "NUMERO_DI": 50.0, "LUGAR_REFE": "ROL 600-31", "LATITUD": -33.456146, "LONGITUD": -70.696604 }, "geometry": { "type": "Point", "coordinates": [ -70.696604183969399, -33.4561457273145 ] } },
{ "type": "Feature", "properties": { "AÑO": 2020.0, "COD_INST": 19.0, "TIPO_INST": "Universidades Privadas", "NOMBRE_INS": "UNIVERSIDAD DE LAS AMÉRICAS", "NOMBRE_INM": "CESS CLINICA RED SALUD", "COD_REGION": 13.0, "REGIÓN": "REGIÓN METROPOLITANA DE SANTIAGO", "COD_PROVIN": 131.0, "PROVINCIA": "SANTIAGO", "COD_COMUNA": 13106.0, "COMUNA": "ESTACIÓN CENTRAL", "DIRECCION": "AVENIDA LIBERTADOR BERNARDO OHIGGINS", "NUMERO_DI": 4850.0, "LUGAR_REFE": "PISO 13", "LATITUD": -33.457571, "LONGITUD": -70.701622 }, "geometry": { "type": "Point", "coordinates": [ -70.701622, -33.457571 ] } },
{ "type": "Feature", "properties": { "AÑO": 2020.0, "COD_INST": 435.0, "TIPO_INST": "Centros de Formación Técnica", "NOMBRE_INS": "CFT DEL MEDIO AMBIENTE", "NOMBRE_INM": "CFT DEL MEDIO AMBIENTE", "COD_REGION": 13.0, "REGIÓN": "REGIÓN METROPOLITANA DE SANTIAGO", "COD_PROVIN": 131.0, "PROVINCIA": "SANTIAGO", "COD_COMUNA": 13106.0, "COMUNA": "ESTACIÓN CENTRAL", "DIRECCION": "GUADAL", "NUMERO_DI": 938.0, "LUGAR_REFE": null, "LATITUD": -33.464834, "LONGITUD": -70.703095 }, "geometry": { "type": "Point", "coordinates": [ -70.703094705397802, -33.464834312244797 ] } },
{ "type": "Feature", "properties": { "AÑO": 2020.0, "COD_INST": 70.0, "TIPO_INST": "Universidades Estatales CRUCH", "NOMBRE_INS": "UNIVERSIDAD DE CHILE", "NOMBRE_INM": "FACULTAD DE MEDICINA CAMPUS OCCIDENTE", "COD_REGION": 13.0, "REGIÓN": "REGIÓN METROPOLITANA DE SANTIAGO", "COD_PROVIN": 131.0, "PROVINCIA": "SANTIAGO", "COD_COMUNA": 13126.0, "COMUNA": "QUINTA NORMAL", "DIRECCION": "CARLOS SCCHACHTEBECK", "NUMERO_DI": 299.0, "LUGAR_REFE": "-349", "LATITUD": -33.441922, "LONGITUD": -70.683404 }, "geometry": { "type": "Point", "coordinates": [ -70.683404, -33.441922 ] } },
{ "type": "Feature", "properties": { "AÑO": 2020.0, "COD_INST": 71.0, "TIPO_INST": "Universidades (* Carrera en Convenio)", "NOMBRE_INS": "UNIVERSIDAD DE SANTIAGO DE CHILE", "NOMBRE_INM": "SECTOR 7 COMODATO SAG EDIF 0703", "COD_REGION": 13.0, "REGIÓN": "REGIÓN METROPOLITANA DE SANTIAGO", "COD_PROVIN": 131.0, "PROVINCIA": "SANTIAGO", "COD_COMUNA": 13101.0, "COMUNA": "SANTIAGO", "DIRECCION": "PORTALES", "NUMERO_DI": 3392.0, "LUGAR_REFE": "-3396", "LATITUD": -33.444427, "LONGITUD": -70.681621 }, "geometry": { "type": "Point", "coordinates": [ -70.681620724451903, -33.444426790136099 ] } },
{ "type": "Feature", "properties": { "AÑO": 2020.0, "COD_INST": 374.0, "TIPO_INST": "Centros de Formación Técnica", "NOMBRE_INS": "CFT ICEL", "NOMBRE_INM": "SEDE ALAMEDA", "COD_REGION": 13.0, "REGIÓN": "REGIÓN METROPOLITANA DE SANTIAGO", "COD_PROVIN": 131.0, "PROVINCIA": "SANTIAGO", "COD_COMUNA": 13101.0, "COMUNA": "SANTIAGO", "DIRECCION": "AVENIDA LIBERTADOR BERNARDO O'HIGGINS", "NUMERO_DI": 2520.0, "LUGAR_REFE": null, "LATITUD": -33.449571, "LONGITUD": -70.671533 }, "geometry": { "type": "Point", "coordinates": [ -70.671533, -33.449571 ] } },
{ "type": "Feature", "properties": { "AÑO": 2020.0, "COD_INST": 20.0, "TIPO_INST": "Universidades Privadas", "NOMBRE_INS": "UNIVERSIDAD ANDRÉS BELLO", "NOMBRE_INM": "CAMPUS REPUBLICA", "COD_REGION": 13.0, "REGIÓN": "REGIÓN METROPOLITANA DE SANTIAGO", "COD_PROVIN": 131.0, "PROVINCIA": "SANTIAGO", "COD_COMUNA": 13101.0, "COMUNA": "SANTIAGO", "DIRECCION": "ABATE MOLINA", "NUMERO_DI": 140.0, "LUGAR_REFE": "Y 150", "LATITUD": -33.451529, "LONGITUD": -70.672359 }, "geometry": { "type": "Point", "coordinates": [ -70.672359, -33.451529 ] } },
{ "type": "Feature", "properties": { "AÑO": 2020.0, "COD_INST": 70.0, "TIPO_INST": "Universidades Estatales CRUCH", "NOMBRE_INS": "UNIVERSIDAD DE CHILE", "NOMBRE_INM": "FACULTAD DE CIENCIAS FISICAS Y MATEMATICAS TALLER MOLINA", "COD_REGION": 13.0, "REGIÓN": "REGIÓN METROPOLITANA DE SANTIAGO", "COD_PROVIN": 131.0, "PROVINCIA": "SANTIAGO", "COD_COMUNA": 13101.0, "COMUNA": "SANTIAGO", "DIRECCION": "UNION LATINO AMERICANA", "NUMERO_DI": 651.0, "LUGAR_REFE": "-699", "LATITUD": -33.457788, "LONGITUD": -70.672446 }, "geometry": { "type": "Point", "coordinates": [ -70.672446, -33.457788 ] } },
{ "type": "Feature", "properties": { "AÑO": 2020.0, "COD_INST": 71.0, "TIPO_INST": "Universidades (* Carrera en Convenio)", "NOMBRE_INS": "UNIVERSIDAD DE SANTIAGO DE CHILE", "NOMBRE_INM": "CHACABUCO", "COD_REGION": 13.0, "REGIÓN": "REGIÓN METROPOLITANA DE SANTIAGO", "COD_PROVIN": 131.0, "PROVINCIA": "SANTIAGO", "COD_COMUNA": 13101.0, "COMUNA": "SANTIAGO", "DIRECCION": "CHACABUCO", "NUMERO_DI": 659.0, "LUGAR_REFE": "-675 ROL 237-11", "LATITUD": -33.437745, "LONGITUD": -70.678778 }, "geometry": { "type": "Point", "coordinates": [ -70.678777867291601, -33.437744559878404 ] } },
{ "type": "Feature", "properties": { "AÑO": 2020.0, "COD_INST": 70.0, "TIPO_INST": "Universidades Estatales CRUCH", "NOMBRE_INS": "UNIVERSIDAD DE CHILE", "NOMBRE_INM": "FACULTAD DE ARTES MAC QUINTA NORMAL MATUCANA 464", "COD_REGION": 13.0, "REGIÓN": "REGIÓN METROPOLITANA DE SANTIAGO", "COD_PROVIN": 131.0, "PROVINCIA": "SANTIAGO", "COD_COMUNA": 13101.0, "COMUNA": "SANTIAGO", "DIRECCION": "MATUCANA", "NUMERO_DI": 464.0, "LUGAR_REFE": null, "LATITUD": -33.441933, "LONGITUD": -70.679652 }, "geometry": { "type": "Point", "coordinates": [ -70.679652495827, -33.441933254608799 ] } },
{ "type": "Feature", "properties": { "AÑO": 2020.0, "COD_INST": 70.0, "TIPO_INST": "Universidades Estatales CRUCH", "NOMBRE_INS": "UNIVERSIDAD DE CHILE", "NOMBRE_INM": "RECTORIA", "COD_REGION": 13.0, "REGIÓN": "REGIÓN METROPOLITANA DE SANTIAGO", "COD_PROVIN": 131.0, "PROVINCIA": "SANTIAGO", "COD_COMUNA": 13113.0, "COMUNA": "LA REINA", "DIRECCION": "AVENIDA ALCALDE FERNNDO CASTILLO VELASCO", "NUMERO_DI": 9975.0, "LUGAR_REFE": "LOTE A", "LATITUD": -33.453417, "LONGITUD": -70.529683 }, "geometry": { "type": "Point", "coordinates": [ -70.529683, -33.453417 ] } },
{ "type": "Feature", "properties": { "AÑO": 2020.0, "COD_INST": 1.0, "TIPO_INST": "Universidades Privadas", "NOMBRE_INS": "UNIVERSIDAD GABRIELA MISTRAL", "NOMBRE_INM": "CASA CENTRAL", "COD_REGION": 13.0, "REGIÓN": "REGIÓN METROPOLITANA DE SANTIAGO", "COD_PROVIN": 131.0, "PROVINCIA": "SANTIAGO", "COD_COMUNA": 13123.0, "COMUNA": "PROVIDENCIA", "DIRECCION": "RICARDO LYON", "NUMERO_DI": 1177.0, "LUGAR_REFE": null, "LATITUD": -33.431977, "LONGITUD": -70.606118 }, "geometry": { "type": "Point", "coordinates": [ -70.606118, -33.431977 ] } },
{ "type": "Feature", "properties": { "AÑO": 2020.0, "COD_INST": 2.0, "TIPO_INST": "Universidades Privadas", "NOMBRE_INS": "UNIVERSIDAD FINIS TERRAE", "NOMBRE_INM": "UNIVERSIDAD FINIS TERRAE", "COD_REGION": 13.0, "REGIÓN": "REGIÓN METROPOLITANA DE SANTIAGO", "COD_PROVIN": 131.0, "PROVINCIA": "SANTIAGO", "COD_COMUNA": 13123.0, "COMUNA": "PROVIDENCIA", "DIRECCION": "AVENIDA PEDRO DE VALDIVIA", "NUMERO_DI": 1218.0, "LUGAR_REFE": "Y 1224", "LATITUD": -33.433946, "LONGITUD": -70.608022 }, "geometry": { "type": "Point", "coordinates": [ -70.608022, -33.433946 ] } },
{ "type": "Feature", "properties": { "AÑO": 2020.0, "COD_INST": 19.0, "TIPO_INST": "Universidades Privadas", "NOMBRE_INS": "UNIVERSIDAD DE LAS AMÉRICAS", "NOMBRE_INM": "CAMPUS PROVIDENCIA", "COD_REGION": 13.0, "REGIÓN": "REGIÓN METROPOLITANA DE SANTIAGO", "COD_PROVIN": 131.0, "PROVINCIA": "SANTIAGO", "COD_COMUNA": 13123.0, "COMUNA": "PROVIDENCIA", "DIRECCION": "ANTONIO VARAS", "NUMERO_DI": 840.0, "LUGAR_REFE": "PISOS MENOS 1 Y MENOS 2", "LATITUD": -33.434999, "LONGITUD": -70.614998 }, "geometry": { "type": "Point", "coordinates": [ -70.614998, -33.434999 ] } },
{ "type": "Feature", "properties": { "AÑO": 2020.0, "COD_INST": 20.0, "TIPO_INST": "Universidades Privadas", "NOMBRE_INS": "UNIVERSIDAD ANDRÉS BELLO", "NOMBRE_INM": "CAMPUS ANTONIO VARAS", "COD_REGION": 13.0, "REGIÓN": "REGIÓN METROPOLITANA DE SANTIAGO", "COD_PROVIN": 131.0, "PROVINCIA": "SANTIAGO", "COD_COMUNA": 13123.0, "COMUNA": "PROVIDENCIA", "DIRECCION": "ANTONIO VARAS", "NUMERO_DI": 880.0, "LUGAR_REFE": null, "LATITUD": -33.43536, "LONGITUD": -70.614737 }, "geometry": { "type": "Point", "coordinates": [ -70.614737, -33.43536 ] } },
{ "type": "Feature", "properties": { "AÑO": 2020.0, "COD_INST": 2.0, "TIPO_INST": "Universidades Privadas", "NOMBRE_INS": "UNIVERSIDAD FINIS TERRAE", "NOMBRE_INM": "UNIVERSIDAD FINIS TERRAE", "COD_REGION": 13.0, "REGIÓN": "REGIÓN METROPOLITANA DE SANTIAGO", "COD_PROVIN": 131.0, "PROVINCIA": "SANTIAGO", "COD_COMUNA": 13123.0, "COMUNA": "PROVIDENCIA", "DIRECCION": "AVENIDA PEDRO DE VALDIVIA", "NUMERO_DI": 1509.0, "LUGAR_REFE": null, "LATITUD": -33.436867, "LONGITUD": -70.608412 }, "geometry": { "type": "Point", "coordinates": [ -70.608412, -33.436867 ] } },
{ "type": "Feature", "properties": { "AÑO": 2020.0, "COD_INST": 19.0, "TIPO_INST": "Universidades Privadas", "NOMBRE_INS": "UNIVERSIDAD DE LAS AMÉRICAS", "NOMBRE_INM": "CAMPUS PROVIDENCIA", "COD_REGION": 13.0, "REGIÓN": "REGIÓN METROPOLITANA DE SANTIAGO", "COD_PROVIN": 131.0, "PROVINCIA": "SANTIAGO", "COD_COMUNA": 13123.0, "COMUNA": "PROVIDENCIA", "DIRECCION": "MANUEL MONTT", "NUMERO_DI": 948.0, "LUGAR_REFE": null, "LATITUD": -33.436951, "LONGITUD": -70.615696 }, "geometry": { "type": "Point", "coordinates": [ -70.615696, -33.436951 ] } },
{ "type": "Feature", "properties": { "AÑO": 2020.0, "COD_INST": 2.0, "TIPO_INST": "Universidades Privadas", "NOMBRE_INS": "UNIVERSIDAD FINIS TERRAE", "NOMBRE_INM": "UNIVERSIDAD FINIS TERRAE", "COD_REGION": 13.0, "REGIÓN": "REGIÓN METROPOLITANA DE SANTIAGO", "COD_PROVIN": 131.0, "PROVINCIA": "SANTIAGO", "COD_COMUNA": 13123.0, "COMUNA": "PROVIDENCIA", "DIRECCION": "AVENIDA PEDRO DE VALDIVIA", "NUMERO_DI": 1638.0, "LUGAR_REFE": "-1646", "LATITUD": -33.437822, "LONGITUD": -70.607177 }, "geometry": { "type": "Point", "coordinates": [ -70.607177, -33.437822 ] } },
{ "type": "Feature", "properties": { "AÑO": 2020.0, "COD_INST": 54.0, "TIPO_INST": "Universidades Privadas", "NOMBRE_INS": "UNIVERSIDAD TECNOLÓGICA DE CHILE INACAP", "NOMBRE_INM": "INACAP ÑUÑOA", "COD_REGION": 13.0, "REGIÓN": "REGIÓN METROPOLITANA DE SANTIAGO", "COD_PROVIN": 131.0, "PROVINCIA": "SANTIAGO", "COD_COMUNA": 13120.0, "COMUNA": "ÑUÑOA", "DIRECCION": "BROWN NORTE", "NUMERO_DI": 290.0, "LUGAR_REFE": null, "LATITUD": -33.452566, "LONGITUD": -70.591924 }, "geometry": { "type": "Point", "coordinates": [ -70.591924, -33.452566 ] } },
{ "type": "Feature", "properties": { "AÑO": 2020.0, "COD_INST": 100.0, "TIPO_INST": "Institutos Profesionales", "NOMBRE_INS": "IP INACAP", "NOMBRE_INM": "INACAP ÑUÑOA", "COD_REGION": 13.0, "REGIÓN": "REGIÓN METROPOLITANA DE SANTIAGO", "COD_PROVIN": 131.0, "PROVINCIA": "SANTIAGO", "COD_COMUNA": 13120.0, "COMUNA": "ÑUÑOA", "DIRECCION": "BROWN NORTE", "NUMERO_DI": 290.0, "LUGAR_REFE": null, "LATITUD": -33.452566, "LONGITUD": -70.591924 }, "geometry": { "type": "Point", "coordinates": [ -70.591924, -33.452566 ] } },
{ "type": "Feature", "properties": { "AÑO": 2020.0, "COD_INST": 430.0, "TIPO_INST": "Centros de Formación Técnica", "NOMBRE_INS": "CFT INACAP", "NOMBRE_INM": "INACAP ÑUÑOA", "COD_REGION": 13.0, "REGIÓN": "REGIÓN METROPOLITANA DE SANTIAGO", "COD_PROVIN": 131.0, "PROVINCIA": "SANTIAGO", "COD_COMUNA": 13120.0, "COMUNA": "ÑUÑOA", "DIRECCION": "BROWN NORTE", "NUMERO_DI": 290.0, "LUGAR_REFE": null, "LATITUD": -33.452566, "LONGITUD": -70.591924 }, "geometry": { "type": "Point", "coordinates": [ -70.591924, -33.452566 ] } },
{ "type": "Feature", "properties": { "AÑO": 2020.0, "COD_INST": 236.0, "TIPO_INST": "Centros de Formación Técnica", "NOMBRE_INS": "CFT CENTRO TECNOLÓGICO SUPERIOR INFOMED", "NOMBRE_INM": "CASA CENTRAL", "COD_REGION": 13.0, "REGIÓN": "REGIÓN METROPOLITANA DE SANTIAGO", "COD_PROVIN": 131.0, "PROVINCIA": "SANTIAGO", "COD_COMUNA": 13120.0, "COMUNA": "ÑUÑOA", "DIRECCION": "BROWN NORTE", "NUMERO_DI": 274.0, "LUGAR_REFE": null, "LATITUD": -33.452804, "LONGITUD": -70.591811 }, "geometry": { "type": "Point", "coordinates": [ -70.591811, -33.452804 ] } },
{ "type": "Feature", "properties": { "AÑO": 2020.0, "COD_INST": 82.0, "TIPO_INST": "Universidades Estatales CRUCH", "NOMBRE_INS": "UNIVERSIDAD METROPOLITANA DE CIENCIAS DE LA EDUCACIÓN", "NOMBRE_INM": "DEPARTAMENTO DE ALEMAN", "COD_REGION": 13.0, "REGIÓN": "REGIÓN METROPOLITANA DE SANTIAGO", "COD_PROVIN": 131.0, "PROVINCIA": "SANTIAGO", "COD_COMUNA": 13120.0, "COMUNA": "ÑUÑOA", "DIRECCION": "JUAN ENRIQUE CONCHA", "NUMERO_DI": 504.0, "LUGAR_REFE": null, "LATITUD": -33.459824, "LONGITUD": -70.595962 }, "geometry": { "type": "Point", "coordinates": [ -70.595962, -33.459824 ] } },
{ "type": "Feature", "properties": { "AÑO": 2020.0, "COD_INST": 82.0, "TIPO_INST": "Universidades Estatales CRUCH", "NOMBRE_INS": "UNIVERSIDAD METROPOLITANA DE CIENCIAS DE LA EDUCACIÓN", "NOMBRE_INM": "RECTORIA", "COD_REGION": 13.0, "REGIÓN": "REGIÓN METROPOLITANA DE SANTIAGO", "COD_PROVIN": 131.0, "PROVINCIA": "SANTIAGO", "COD_COMUNA": 13120.0, "COMUNA": "ÑUÑOA", "DIRECCION": "JOSE PEDRO ALESSANDRI", "NUMERO_DI": 550.0, "LUGAR_REFE": null, "LATITUD": -33.460004, "LONGITUD": -70.597349 }, "geometry": { "type": "Point", "coordinates": [ -70.597349, -33.460004 ] } },
{ "type": "Feature", "properties": { "AÑO": 2020.0, "COD_INST": 82.0, "TIPO_INST": "Universidades Estatales CRUCH", "NOMBRE_INS": "UNIVERSIDAD METROPOLITANA DE CIENCIAS DE LA EDUCACIÓN", "NOMBRE_INM": "EDUCACION CONTINUA", "COD_REGION": 13.0, "REGIÓN": "REGIÓN METROPOLITANA DE SANTIAGO", "COD_PROVIN": 131.0, "PROVINCIA": "SANTIAGO", "COD_COMUNA": 13120.0, "COMUNA": "ÑUÑOA", "DIRECCION": "JOSE PEDRO ALESSANDRI", "NUMERO_DI": 636.0, "LUGAR_REFE": null, "LATITUD": -33.460787, "LONGITUD": -70.597371 }, "geometry": { "type": "Point", "coordinates": [ -70.597371, -33.460787 ] } },
{ "type": "Feature", "properties": { "AÑO": 2020.0, "COD_INST": 82.0, "TIPO_INST": "Universidades Estatales CRUCH", "NOMBRE_INS": "UNIVERSIDAD METROPOLITANA DE CIENCIAS DE LA EDUCACIÓN", "NOMBRE_INM": "PRACTICA PROFESIONAL", "COD_REGION": 13.0, "REGIÓN": "REGIÓN METROPOLITANA DE SANTIAGO", "COD_PROVIN": 131.0, "PROVINCIA": "SANTIAGO", "COD_COMUNA": 13120.0, "COMUNA": "ÑUÑOA", "DIRECCION": "JOSE PEDRO ALESSANDRI", "NUMERO_DI": 662.0, "LUGAR_REFE": null, "LATITUD": -33.461029, "LONGITUD": -70.597779 }, "geometry": { "type": "Point", "coordinates": [ -70.597779, -33.461029 ] } },
{ "type": "Feature", "properties": { "AÑO": 2020.0, "COD_INST": 82.0, "TIPO_INST": "Universidades Estatales CRUCH", "NOMBRE_INS": "UNIVERSIDAD METROPOLITANA DE CIENCIAS DE LA EDUCACIÓN", "NOMBRE_INM": "DEPORTES Y RECREACION", "COD_REGION": 13.0, "REGIÓN": "REGIÓN METROPOLITANA DE SANTIAGO", "COD_PROVIN": 131.0, "PROVINCIA": "SANTIAGO", "COD_COMUNA": 13120.0, "COMUNA": "ÑUÑOA", "DIRECCION": "JOSE PEDRO ALESSANDRI", "NUMERO_DI": 650.0, "LUGAR_REFE": null, "LATITUD": -33.461054, "LONGITUD": -70.596993 }, "geometry": { "type": "Point", "coordinates": [ -70.596993, -33.461054 ] } },
{ "type": "Feature", "properties": { "AÑO": 2020.0, "COD_INST": 70.0, "TIPO_INST": "Universidades Estatales CRUCH", "NOMBRE_INS": "UNIVERSIDAD DE CHILE", "NOMBRE_INM": "FACULTAD DE FILOSOFIA Y HUMANIDADES CENTRO DE ESTUDIOS BIZANTINOS", "COD_REGION": 13.0, "REGIÓN": "REGIÓN METROPOLITANA DE SANTIAGO", "COD_PROVIN": 131.0, "PROVINCIA": "SANTIAGO", "COD_COMUNA": 13120.0, "COMUNA": "ÑUÑOA", "DIRECCION": "AVENIDA JOSE PEDRO ALESSANDRI", "NUMERO_DI": 774.0, "LUGAR_REFE": "INTERIOR", "LATITUD": -33.461389, "LONGITUD": -70.59799 }, "geometry": { "type": "Point", "coordinates": [ -70.59799, -33.461389 ] } },
{ "type": "Feature", "properties": { "AÑO": 2020.0, "COD_INST": 82.0, "TIPO_INST": "Universidades Estatales CRUCH", "NOMBRE_INS": "UNIVERSIDAD METROPOLITANA DE CIENCIAS DE LA EDUCACIÓN", "NOMBRE_INM": "FACULTAD DE FILOSOF IA", "COD_REGION": 13.0, "REGIÓN": "REGIÓN METROPOLITANA DE SANTIAGO", "COD_PROVIN": 131.0, "PROVINCIA": "SANTIAGO", "COD_COMUNA": 13120.0, "COMUNA": "ÑUÑOA", "DIRECCION": "JOSE PEDRO ALESSANDRI", "NUMERO_DI": 774.0, "LUGAR_REFE": null, "LATITUD": -33.461389, "LONGITUD": -70.59799 }, "geometry": { "type": "Point", "coordinates": [ -70.59799, -33.461389 ] } },
{ "type": "Feature", "properties": { "AÑO": 2020.0, "COD_INST": 82.0, "TIPO_INST": "Universidades Estatales CRUCH", "NOMBRE_INS": "UNIVERSIDAD METROPOLITANA DE CIENCIAS DE LA EDUCACIÓN", "NOMBRE_INM": "DEPARTAMENTO DE INGL ES", "COD_REGION": 13.0, "REGIÓN": "REGIÓN METROPOLITANA DE SANTIAGO", "COD_PROVIN": 131.0, "PROVINCIA": "SANTIAGO", "COD_COMUNA": 13120.0, "COMUNA": "ÑUÑOA", "DIRECCION": "JOSE PEDRO ALESSANDRI", "NUMERO_DI": 842.0, "LUGAR_REFE": null, "LATITUD": -33.462342, "LONGITUD": -70.597487 }, "geometry": { "type": "Point", "coordinates": [ -70.597487, -33.462342 ] } },
{ "type": "Feature", "properties": { "AÑO": 2020.0, "COD_INST": 82.0, "TIPO_INST": "Universidades Estatales CRUCH", "NOMBRE_INS": "UNIVERSIDAD METROPOLITANA DE CIENCIAS DE LA EDUCACIÓN", "NOMBRE_INM": "PABELLON P EDUCACION BASICA   OFICINAS", "COD_REGION": 13.0, "REGIÓN": "REGIÓN METROPOLITANA DE SANTIAGO", "COD_PROVIN": 131.0, "PROVINCIA": "SANTIAGO", "COD_COMUNA": 13120.0, "COMUNA": "ÑUÑOA", "DIRECCION": "JOSE PEDRO ALESSANDRI", "NUMERO_DI": 862.0, "LUGAR_REFE": null, "LATITUD": -33.462609, "LONGITUD": -70.597485 }, "geometry": { "type": "Point", "coordinates": [ -70.597485, -33.462609 ] } },
{ "type": "Feature", "properties": { "AÑO": 2020.0, "COD_INST": 82.0, "TIPO_INST": "Universidades Estatales CRUCH", "NOMBRE_INS": "UNIVERSIDAD METROPOLITANA DE CIENCIAS DE LA EDUCACIÓN", "NOMBRE_INM": "DIRECCION DE EDUCACION BASICA", "COD_REGION": 13.0, "REGIÓN": "REGIÓN METROPOLITANA DE SANTIAGO", "COD_PROVIN": 131.0, "PROVINCIA": "SANTIAGO", "COD_COMUNA": 13120.0, "COMUNA": "ÑUÑOA", "DIRECCION": "JOSE PEDRO ALESSANDRI", "NUMERO_DI": 926.0, "LUGAR_REFE": null, "LATITUD": -33.46318, "LONGITUD": -70.597829 }, "geometry": { "type": "Point", "coordinates": [ -70.597829, -33.46318 ] } },
{ "type": "Feature", "properties": { "AÑO": 2020.0, "COD_INST": 82.0, "TIPO_INST": "Universidades Estatales CRUCH", "NOMBRE_INS": "UNIVERSIDAD METROPOLITANA DE CIENCIAS DE LA EDUCACIÓN", "NOMBRE_INM": "FACULTAD DE CIENCIAS B ASICAS", "COD_REGION": 13.0, "REGIÓN": "REGIÓN METROPOLITANA DE SANTIAGO", "COD_PROVIN": 131.0, "PROVINCIA": "SANTIAGO", "COD_COMUNA": 13120.0, "COMUNA": "ÑUÑOA", "DIRECCION": "JOSE PEDRO ALESSANDRI", "NUMERO_DI": 950.0, "LUGAR_REFE": null, "LATITUD": -33.463639, "LONGITUD": -70.597532 }, "geometry": { "type": "Point", "coordinates": [ -70.597532, -33.463639 ] } },
{ "type": "Feature", "properties": { "AÑO": 2020.0, "COD_INST": 82.0, "TIPO_INST": "Universidades Estatales CRUCH", "NOMBRE_INS": "UNIVERSIDAD METROPOLITANA DE CIENCIAS DE LA EDUCACIÓN", "NOMBRE_INM": "EDIFICIO DE CIENCIAS BASICAS", "COD_REGION": 13.0, "REGIÓN": "REGIÓN METROPOLITANA DE SANTIAGO", "COD_PROVIN": 131.0, "PROVINCIA": "SANTIAGO", "COD_COMUNA": 13120.0, "COMUNA": "ÑUÑOA", "DIRECCION": "JOSE PEDRO ALESSANDRI", "NUMERO_DI": 980.0, "LUGAR_REFE": null, "LATITUD": -33.463885, "LONGITUD": -70.597536 }, "geometry": { "type": "Point", "coordinates": [ -70.597536, -33.463885 ] } },
{ "type": "Feature", "properties": { "AÑO": 2020.0, "COD_INST": 82.0, "TIPO_INST": "Universidades Estatales CRUCH", "NOMBRE_INS": "UNIVERSIDAD METROPOLITANA DE CIENCIAS DE LA EDUCACIÓN", "NOMBRE_INM": "DEPARTAMENTO DE MATEMATICAS", "COD_REGION": 13.0, "REGIÓN": "REGIÓN METROPOLITANA DE SANTIAGO", "COD_PROVIN": 131.0, "PROVINCIA": "SANTIAGO", "COD_COMUNA": 13120.0, "COMUNA": "ÑUÑOA", "DIRECCION": "JOSE PEDRO ALESSANDRI", "NUMERO_DI": 1030.0, "LUGAR_REFE": null, "LATITUD": -33.464101, "LONGITUD": -70.597551 }, "geometry": { "type": "Point", "coordinates": [ -70.597551, -33.464101 ] } },
{ "type": "Feature", "properties": { "AÑO": 2020.0, "COD_INST": 70.0, "TIPO_INST": "Universidades Estatales CRUCH", "NOMBRE_INS": "UNIVERSIDAD DE CHILE", "NOMBRE_INM": "FACULTAD DE FILOSOFIA Y HUMANIDADES NUEVO", "COD_REGION": 13.0, "REGIÓN": "REGIÓN METROPOLITANA DE SANTIAGO", "COD_PROVIN": 131.0, "PROVINCIA": "SANTIAGO", "COD_COMUNA": 13120.0, "COMUNA": "ÑUÑOA", "DIRECCION": "AVENIDA CAPITAN IGNACIO CARRERA PINTO", "NUMERO_DI": 1025.0, "LUGAR_REFE": null, "LATITUD": -33.465507, "LONGITUD": -70.594981 }, "geometry": { "type": "Point", "coordinates": [ -70.594981, -33.465507 ] } },
{ "type": "Feature", "properties": { "AÑO": 2020.0, "COD_INST": 85.0, "TIPO_INST": "Universidades (* Carrera en Convenio)", "NOMBRE_INS": "UNIVERSIDAD TECNOLÓGICA METROPOLITANA", "NOMBRE_INM": "JPA", "COD_REGION": 13.0, "REGIÓN": "REGIÓN METROPOLITANA DE SANTIAGO", "COD_PROVIN": 131.0, "PROVINCIA": "SANTIAGO", "COD_COMUNA": 13120.0, "COMUNA": "ÑUÑOA", "DIRECCION": "JOSE PEDRO ALESSANDRI", "NUMERO_DI": 1242.0, "LUGAR_REFE": null, "LATITUD": -33.466187, "LONGITUD": -70.597207 }, "geometry": { "type": "Point", "coordinates": [ -70.597207, -33.466187 ] } },
{ "type": "Feature", "properties": { "AÑO": 2020.0, "COD_INST": 85.0, "TIPO_INST": "Universidades (* Carrera en Convenio)", "NOMBRE_INS": "UNIVERSIDAD TECNOLÓGICA METROPOLITANA", "NOMBRE_INM": "LAS PALMERAS", "COD_REGION": 13.0, "REGIÓN": "REGIÓN METROPOLITANA DE SANTIAGO", "COD_PROVIN": 131.0, "PROVINCIA": "SANTIAGO", "COD_COMUNA": 13120.0, "COMUNA": "ÑUÑOA", "DIRECCION": "LAS PALMERAS", "NUMERO_DI": 3395.0, "LUGAR_REFE": null, "LATITUD": -33.466979, "LONGITUD": -70.597123 }, "geometry": { "type": "Point", "coordinates": [ -70.597123, -33.466979 ] } },
{ "type": "Feature", "properties": { "AÑO": 2020.0, "COD_INST": 70.0, "TIPO_INST": "Universidades Estatales CRUCH", "NOMBRE_INS": "UNIVERSIDAD DE CHILE", "NOMBRE_INM": "FACULTAD DE CIENCIAS", "COD_REGION": 13.0, "REGIÓN": "REGIÓN METROPOLITANA DE SANTIAGO", "COD_PROVIN": 131.0, "PROVINCIA": "SANTIAGO", "COD_COMUNA": 13120.0, "COMUNA": "ÑUÑOA", "DIRECCION": "LAS PALMERAS", "NUMERO_DI": 3425.0, "LUGAR_REFE": null, "LATITUD": -33.467163, "LONGITUD": -70.595694 }, "geometry": { "type": "Point", "coordinates": [ -70.595694, -33.467163 ] } },
{ "type": "Feature", "properties": { "AÑO": 2020.0, "COD_INST": 70.0, "TIPO_INST": "Universidades Estatales CRUCH", "NOMBRE_INS": "UNIVERSIDAD DE CHILE", "NOMBRE_INM": "FACULTAD DE ARTES SEDE LAS ENCINAS 3370", "COD_REGION": 13.0, "REGIÓN": "REGIÓN METROPOLITANA DE SANTIAGO", "COD_PROVIN": 131.0, "PROVINCIA": "SANTIAGO", "COD_COMUNA": 13120.0, "COMUNA": "ÑUÑOA", "DIRECCION": "LAS ENCINAS", "NUMERO_DI": 3370.0, "LUGAR_REFE": null, "LATITUD": -33.467607, "LONGITUD": -70.595423 }, "geometry": { "type": "Point", "coordinates": [ -70.595423, -33.467607 ] } },
{ "type": "Feature", "properties": { "AÑO": 2020.0, "COD_INST": 70.0, "TIPO_INST": "Universidades Estatales CRUCH", "NOMBRE_INS": "UNIVERSIDAD DE CHILE", "NOMBRE_INM": "FACULTAD DE CIENCIAS SOCIALES (EDIFICIO A)", "COD_REGION": 13.0, "REGIÓN": "REGIÓN METROPOLITANA DE SANTIAGO", "COD_PROVIN": 131.0, "PROVINCIA": "SANTIAGO", "COD_COMUNA": 13120.0, "COMUNA": "ÑUÑOA", "DIRECCION": "AVENIDA CAPITAN IGNACIO CARRERA PINTO", "NUMERO_DI": 1045.0, "LUGAR_REFE": null, "LATITUD": -33.467915, "LONGITUD": -70.594388 }, "geometry": { "type": "Point", "coordinates": [ -70.594388, -33.467915 ] } },
{ "type": "Feature", "properties": { "AÑO": 2020.0, "COD_INST": 85.0, "TIPO_INST": "Universidades (* Carrera en Convenio)", "NOMBRE_INS": "UNIVERSIDAD TECNOLÓGICA METROPOLITANA", "NOMBRE_INM": "JPA 1610", "COD_REGION": 13.0, "REGIÓN": "REGIÓN METROPOLITANA DE SANTIAGO", "COD_PROVIN": 131.0, "PROVINCIA": "SANTIAGO", "COD_COMUNA": 13120.0, "COMUNA": "ÑUÑOA", "DIRECCION": "JOSE PEDRO ALESSANDRI", "NUMERO_DI": 1610.0, "LUGAR_REFE": null, "LATITUD": -33.469423, "LONGITUD": -70.597925 }, "geometry": { "type": "Point", "coordinates": [ -70.597925, -33.469423 ] } },
{ "type": "Feature", "properties": { "AÑO": 2020.0, "COD_INST": 120.0, "TIPO_INST": "Institutos Profesionales", "NOMBRE_INS": "IP DIEGO PORTALES", "NOMBRE_INM": "INSTITUTO PROFESIONAL DIEGO PORTALES", "COD_REGION": 13.0, "REGIÓN": "REGIÓN METROPOLITANA DE SANTIAGO", "COD_PROVIN": 131.0, "PROVINCIA": "SANTIAGO", "COD_COMUNA": 13120.0, "COMUNA": "ÑUÑOA", "DIRECCION": "AVENIDA SALVADOR", "NUMERO_DI": 1916.0, "LUGAR_REFE": null, "LATITUD": -33.450498, "LONGITUD": -70.621034 }, "geometry": { "type": "Point", "coordinates": [ -70.621034, -33.450498 ] } },
{ "type": "Feature", "properties": { "AÑO": 2020.0, "COD_INST": 70.0, "TIPO_INST": "Universidades Estatales CRUCH", "NOMBRE_INS": "UNIVERSIDAD DE CHILE", "NOMBRE_INM": "VICERRECTORIA DE ASUNTO ACADEMICOS", "COD_REGION": 13.0, "REGIÓN": "REGIÓN METROPOLITANA DE SANTIAGO", "COD_PROVIN": 131.0, "PROVINCIA": "SANTIAGO", "COD_COMUNA": 13120.0, "COMUNA": "ÑUÑOA", "DIRECCION": "BROWN NORTE", "NUMERO_DI": 105.0, "LUGAR_REFE": null, "LATITUD": -33.454243, "LONGITUD": -70.591035 }, "geometry": { "type": "Point", "coordinates": [ -70.591035, -33.454243 ] } },
{ "type": "Feature", "properties": { "AÑO": 2020.0, "COD_INST": 714.0, "TIPO_INST": "Institutos Profesionales", "NOMBRE_INS": "IP ESCUELA DE CINE DE CHILE", "NOMBRE_INM": "CASA CENTRAL", "COD_REGION": 13.0, "REGIÓN": "REGIÓN METROPOLITANA DE SANTIAGO", "COD_PROVIN": 131.0, "PROVINCIA": "SANTIAGO", "COD_COMUNA": 13120.0, "COMUNA": "ÑUÑOA", "DIRECCION": "LO ENCALADA", "NUMERO_DI": 415.0, "LUGAR_REFE": null, "LATITUD": -33.455918, "LONGITUD": -70.625188 }, "geometry": { "type": "Point", "coordinates": [ -70.625188, -33.455918 ] } },
{ "type": "Feature", "properties": { "AÑO": 2020.0, "COD_INST": 82.0, "TIPO_INST": "Universidades Estatales CRUCH", "NOMBRE_INS": "UNIVERSIDAD METROPOLITANA DE CIENCIAS DE LA EDUCACIÓN", "NOMBRE_INM": "DEPARTAMENTO DE F ISICA", "COD_REGION": 13.0, "REGIÓN": "REGIÓN METROPOLITANA DE SANTIAGO", "COD_PROVIN": 131.0, "PROVINCIA": "SANTIAGO", "COD_COMUNA": 13120.0, "COMUNA": "ÑUÑOA", "DIRECCION": "JOSE PEDRO ALESSANDRI", "NUMERO_DI": 938.0, "LUGAR_REFE": null, "LATITUD": -33.463368, "LONGITUD": -70.59752 }, "geometry": { "type": "Point", "coordinates": [ -70.59752, -33.463368 ] } },
{ "type": "Feature", "properties": { "AÑO": 2020.0, "COD_INST": 82.0, "TIPO_INST": "Universidades Estatales CRUCH", "NOMBRE_INS": "UNIVERSIDAD METROPOLITANA DE CIENCIAS DE LA EDUCACIÓN", "NOMBRE_INM": "AUDITORIO JOAQUIN CABEZAS", "COD_REGION": 13.0, "REGIÓN": "REGIÓN METROPOLITANA DE SANTIAGO", "COD_PROVIN": 131.0, "PROVINCIA": "SANTIAGO", "COD_COMUNA": 13120.0, "COMUNA": "ÑUÑOA", "DIRECCION": "DR LUIS BISQUERT", "NUMERO_DI": 2765.0, "LUGAR_REFE": "2895", "LATITUD": -33.467028, "LONGITUD": -70.602717 }, "geometry": { "type": "Point", "coordinates": [ -70.602716806558405, -33.467028155523998 ] } },
{ "type": "Feature", "properties": { "AÑO": 2020.0, "COD_INST": 260.0, "TIPO_INST": "Centros de Formación Técnica", "NOMBRE_INS": "CFT SANTO TOMÁS", "NOMBRE_INM": null, "COD_REGION": 13.0, "REGIÓN": "REGIÓN METROPOLITANA DE SANTIAGO", "COD_PROVIN": 131.0, "PROVINCIA": "SANTIAGO", "COD_COMUNA": 13120.0, "COMUNA": "ÑUÑOA", "DIRECCION": "RAMON CRUZ MONTT", "NUMERO_DI": 1176.0, "LUGAR_REFE": null, "LATITUD": -33.466108, "LONGITUD": -70.580601 }, "geometry": { "type": "Point", "coordinates": [ -70.580601349598595, -33.466107742744903 ] } },
{ "type": "Feature", "properties": { "AÑO": 2020.0, "COD_INST": 70.0, "TIPO_INST": "Universidades Estatales CRUCH", "NOMBRE_INS": "UNIVERSIDAD DE CHILE", "NOMBRE_INM": "FACULTAD DE CIENCIAS", "COD_REGION": 13.0, "REGIÓN": "REGIÓN METROPOLITANA DE SANTIAGO", "COD_PROVIN": 131.0, "PROVINCIA": "SANTIAGO", "COD_COMUNA": 13120.0, "COMUNA": "ÑUÑOA", "DIRECCION": "LAS PALMERAS", "NUMERO_DI": 3424.0, "LUGAR_REFE": null, "LATITUD": -33.466611, "LONGITUD": -70.595725 }, "geometry": { "type": "Point", "coordinates": [ -70.595725199606093, -33.466610910357602 ] } },
{ "type": "Feature", "properties": { "AÑO": 2020.0, "COD_INST": 2.0, "TIPO_INST": "Universidades Privadas", "NOMBRE_INS": "UNIVERSIDAD FINIS TERRAE", "NOMBRE_INM": "UNIVERSIDAD FINIS TERRAE", "COD_REGION": 13.0, "REGIÓN": "REGIÓN METROPOLITANA DE SANTIAGO", "COD_PROVIN": 131.0, "PROVINCIA": "SANTIAGO", "COD_COMUNA": 13120.0, "COMUNA": "ÑUÑOA", "DIRECCION": "LAS ENCINAS", "NUMERO_DI": 3239.0, "LUGAR_REFE": "ÑUÑOA", "LATITUD": -33.469262, "LONGITUD": -70.598056 }, "geometry": { "type": "Point", "coordinates": [ -70.598056091866994, -33.469261614236899 ] } },
{ "type": "Feature", "properties": { "AÑO": 2020.0, "COD_INST": 2.0, "TIPO_INST": "Universidades Privadas", "NOMBRE_INS": "UNIVERSIDAD FINIS TERRAE", "NOMBRE_INM": "UNIVERSIDAD FINIS TERRAE", "COD_REGION": 13.0, "REGIÓN": "REGIÓN METROPOLITANA DE SANTIAGO", "COD_PROVIN": 131.0, "PROVINCIA": "SANTIAGO", "COD_COMUNA": 13123.0, "COMUNA": "PROVIDENCIA", "DIRECCION": "AVENIDA PEDRO DE VALDIVIA", "NUMERO_DI": 1999.0, "LUGAR_REFE": null, "LATITUD": -33.441359, "LONGITUD": -70.607332 }, "geometry": { "type": "Point", "coordinates": [ -70.607332, -33.441359 ] } },
{ "type": "Feature", "properties": { "AÑO": 2020.0, "COD_INST": 26.0, "TIPO_INST": "Universidades Privadas", "NOMBRE_INS": "UNIVERSIDAD DE ARTES, CIENCIAS Y COMUNICACIÓN - UNIACC", "NOMBRE_INM": "CASA CENTRAL", "COD_REGION": 13.0, "REGIÓN": "REGIÓN METROPOLITANA DE SANTIAGO", "COD_PROVIN": 131.0, "PROVINCIA": "SANTIAGO", "COD_COMUNA": 13123.0, "COMUNA": "PROVIDENCIA", "DIRECCION": "CALLE HINDENBURG", "NUMERO_DI": 709.0, "LUGAR_REFE": null, "LATITUD": -33.443897, "LONGITUD": -70.6222 }, "geometry": { "type": "Point", "coordinates": [ -70.6222, -33.443897 ] } },
{ "type": "Feature", "properties": { "AÑO": 2020.0, "COD_INST": 26.0, "TIPO_INST": "Universidades Privadas", "NOMBRE_INS": "UNIVERSIDAD DE ARTES, CIENCIAS Y COMUNICACIÓN - UNIACC", "NOMBRE_INM": "CASA CENTRAL", "COD_REGION": 13.0, "REGIÓN": "REGIÓN METROPOLITANA DE SANTIAGO", "COD_PROVIN": 131.0, "PROVINCIA": "SANTIAGO", "COD_COMUNA": 13123.0, "COMUNA": "PROVIDENCIA", "DIRECCION": "AVENIDA SALVADOR", "NUMERO_DI": 1200.0, "LUGAR_REFE": null, "LATITUD": -33.444293, "LONGITUD": -70.623245 }, "geometry": { "type": "Point", "coordinates": [ -70.623245, -33.444293 ] } },
{ "type": "Feature", "properties": { "AÑO": 2020.0, "COD_INST": 26.0, "TIPO_INST": "Universidades Privadas", "NOMBRE_INS": "UNIVERSIDAD DE ARTES, CIENCIAS Y COMUNICACIÓN - UNIACC", "NOMBRE_INM": "CAMPUS PONIENTE", "COD_REGION": 13.0, "REGIÓN": "REGIÓN METROPOLITANA DE SANTIAGO", "COD_PROVIN": 131.0, "PROVINCIA": "SANTIAGO", "COD_COMUNA": 13123.0, "COMUNA": "PROVIDENCIA", "DIRECCION": "CALLE JESUITAS", "NUMERO_DI": 559.0, "LUGAR_REFE": null, "LATITUD": -33.444849, "LONGITUD": -70.623837 }, "geometry": { "type": "Point", "coordinates": [ -70.623837, -33.444849 ] } },
{ "type": "Feature", "properties": { "AÑO": 2020.0, "COD_INST": 26.0, "TIPO_INST": "Universidades Privadas", "NOMBRE_INS": "UNIVERSIDAD DE ARTES, CIENCIAS Y COMUNICACIÓN - UNIACC", "NOMBRE_INM": "CAMPUS PONIENTE", "COD_REGION": 13.0, "REGIÓN": "REGIÓN METROPOLITANA DE SANTIAGO", "COD_PROVIN": 131.0, "PROVINCIA": "SANTIAGO", "COD_COMUNA": 13123.0, "COMUNA": "PROVIDENCIA", "DIRECCION": "AVENIDA SALVADOR", "NUMERO_DI": 1255.0, "LUGAR_REFE": null, "LATITUD": -33.444946, "LONGITUD": -70.623373 }, "geometry": { "type": "Point", "coordinates": [ -70.623373, -33.444946 ] } },
{ "type": "Feature", "properties": { "AÑO": 2020.0, "COD_INST": 117.0, "TIPO_INST": "Institutos Profesionales", "NOMBRE_INS": "IP INSTITUTO SUPERIOR DE ARTES Y CIENCIAS DE LA COMUNICACIÓN", "NOMBRE_INM": "CASA CENTRAL", "COD_REGION": 13.0, "REGIÓN": "REGIÓN METROPOLITANA DE SANTIAGO", "COD_PROVIN": 131.0, "PROVINCIA": "SANTIAGO", "COD_COMUNA": 13123.0, "COMUNA": "PROVIDENCIA", "DIRECCION": "AVENIDA SALVADOR", "NUMERO_DI": 1318.0, "LUGAR_REFE": null, "LATITUD": -33.44521, "LONGITUD": -70.622382 }, "geometry": { "type": "Point", "coordinates": [ -70.622382, -33.44521 ] } },
{ "type": "Feature", "properties": { "AÑO": 2020.0, "COD_INST": 86.0, "TIPO_INST": "Universidades Privadas CRUCH", "NOMBRE_INS": "PONTIFICIA UNIVERSIDAD CATÓLICA DE CHILE", "NOMBRE_INM": "CAMPUS ORIENTE", "COD_REGION": 13.0, "REGIÓN": "REGIÓN METROPOLITANA DE SANTIAGO", "COD_PROVIN": 131.0, "PROVINCIA": "SANTIAGO", "COD_COMUNA": 13123.0, "COMUNA": "PROVIDENCIA", "DIRECCION": "AVENIDA JAIME GUZMAN ERRAZURIZ", "NUMERO_DI": 3300.0, "LUGAR_REFE": null, "LATITUD": -33.445788, "LONGITUD": -70.593795 }, "geometry": { "type": "Point", "coordinates": [ -70.593795, -33.445788 ] } },
{ "type": "Feature", "properties": { "AÑO": 2020.0, "COD_INST": 106.0, "TIPO_INST": "Institutos Profesionales", "NOMBRE_INS": "IP PROVIDENCIA", "NOMBRE_INM": "ADMISION, ATENCION ESTUDIANTES, EXAMINACION", "COD_REGION": 13.0, "REGIÓN": "REGIÓN METROPOLITANA DE SANTIAGO", "COD_PROVIN": 131.0, "PROVINCIA": "SANTIAGO", "COD_COMUNA": 13123.0, "COMUNA": "PROVIDENCIA", "DIRECCION": "AVENIDA VICUÑA MACKENNA", "NUMERO_DI": 380.0, "LUGAR_REFE": null, "LATITUD": -33.446098, "LONGITUD": -70.632384 }, "geometry": { "type": "Point", "coordinates": [ -70.632384, -33.446098 ] } },
{ "type": "Feature", "properties": { "AÑO": 2020.0, "COD_INST": 26.0, "TIPO_INST": "Universidades Privadas", "NOMBRE_INS": "UNIVERSIDAD DE ARTES, CIENCIAS Y COMUNICACIÓN - UNIACC", "NOMBRE_INM": "CAMPUS SUR", "COD_REGION": 13.0, "REGIÓN": "REGIÓN METROPOLITANA DE SANTIAGO", "COD_PROVIN": 131.0, "PROVINCIA": "SANTIAGO", "COD_COMUNA": 13123.0, "COMUNA": "PROVIDENCIA", "DIRECCION": "AVENIDA SALVADOR", "NUMERO_DI": 1426.0, "LUGAR_REFE": null, "LATITUD": -33.446263, "LONGITUD": -70.62264 }, "geometry": { "type": "Point", "coordinates": [ -70.62264, -33.446263 ] } },
{ "type": "Feature", "properties": { "AÑO": 2020.0, "COD_INST": 26.0, "TIPO_INST": "Universidades Privadas", "NOMBRE_INS": "UNIVERSIDAD DE ARTES, CIENCIAS Y COMUNICACIÓN - UNIACC", "NOMBRE_INM": "CAMPUS SUR", "COD_REGION": 13.0, "REGIÓN": "REGIÓN METROPOLITANA DE SANTIAGO", "COD_PROVIN": 131.0, "PROVINCIA": "SANTIAGO", "COD_COMUNA": 13123.0, "COMUNA": "PROVIDENCIA", "DIRECCION": "AVENIDA SALVADOR", "NUMERO_DI": 1434.0, "LUGAR_REFE": null, "LATITUD": -33.446307, "LONGITUD": -70.62257 }, "geometry": { "type": "Point", "coordinates": [ -70.62257, -33.446307 ] } },
{ "type": "Feature", "properties": { "AÑO": 2020.0, "COD_INST": 26.0, "TIPO_INST": "Universidades Privadas", "NOMBRE_INS": "UNIVERSIDAD DE ARTES, CIENCIAS Y COMUNICACIÓN - UNIACC", "NOMBRE_INM": "CAMPUS LAUTARO", "COD_REGION": 13.0, "REGIÓN": "REGIÓN METROPOLITANA DE SANTIAGO", "COD_PROVIN": 131.0, "PROVINCIA": "SANTIAGO", "COD_COMUNA": 13123.0, "COMUNA": "PROVIDENCIA", "DIRECCION": "LAUTARO", "NUMERO_DI": 574.0, "LUGAR_REFE": null, "LATITUD": -33.446756, "LONGITUD": -70.622965 }, "geometry": { "type": "Point", "coordinates": [ -70.622965, -33.446756 ] } },
{ "type": "Feature", "properties": { "AÑO": 2020.0, "COD_INST": 26.0, "TIPO_INST": "Universidades Privadas", "NOMBRE_INS": "UNIVERSIDAD DE ARTES, CIENCIAS Y COMUNICACIÓN - UNIACC", "NOMBRE_INM": "CAMPUS LAUTARO", "COD_REGION": 13.0, "REGIÓN": "REGIÓN METROPOLITANA DE SANTIAGO", "COD_PROVIN": 131.0, "PROVINCIA": "SANTIAGO", "COD_COMUNA": 13123.0, "COMUNA": "PROVIDENCIA", "DIRECCION": "LAUTARO", "NUMERO_DI": 556.0, "LUGAR_REFE": null, "LATITUD": -33.446804, "LONGITUD": -70.623204 }, "geometry": { "type": "Point", "coordinates": [ -70.623204, -33.446804 ] } },
{ "type": "Feature", "properties": { "AÑO": 2020.0, "COD_INST": 70.0, "TIPO_INST": "Universidades Estatales CRUCH", "NOMBRE_INS": "UNIVERSIDAD DE CHILE", "NOMBRE_INM": "CENTRO DE EXTENSION ARTISTICA Y CULTURAL", "COD_REGION": 13.0, "REGIÓN": "REGIÓN METROPOLITANA DE SANTIAGO", "COD_PROVIN": 131.0, "PROVINCIA": "SANTIAGO", "COD_COMUNA": 13123.0, "COMUNA": "PROVIDENCIA", "DIRECCION": "AVENIDA PEDRO DE VALDIVIA", "NUMERO_DI": 2454.0, "LUGAR_REFE": "-2462", "LATITUD": -33.445019, "LONGITUD": -70.605966 }, "geometry": { "type": "Point", "coordinates": [ -70.605965723721397, -33.445018776174102 ] } },
{ "type": "Feature", "properties": { "AÑO": 2020.0, "COD_INST": 170.0, "TIPO_INST": "Institutos Profesionales", "NOMBRE_INS": "IP DE CIENCIAS DE LA COMPUTACIÓN ACUARIO DATA", "NOMBRE_INM": "CASA CENTRAL", "COD_REGION": 13.0, "REGIÓN": "REGIÓN METROPOLITANA DE SANTIAGO", "COD_PROVIN": 131.0, "PROVINCIA": "SANTIAGO", "COD_COMUNA": 13123.0, "COMUNA": "PROVIDENCIA", "DIRECCION": "CONDELL", "NUMERO_DI": 1438.0, "LUGAR_REFE": null, "LATITUD": -33.447795, "LONGITUD": -70.625343 }, "geometry": { "type": "Point", "coordinates": [ -70.625342621711397, -33.447794709751797 ] } },
{ "type": "Feature", "properties": { "AÑO": 2020.0, "COD_INST": 85.0, "TIPO_INST": "Universidades (* Carrera en Convenio)", "NOMBRE_INS": "UNIVERSIDAD TECNOLÓGICA METROPOLITANA", "NOMBRE_INM": "IGNACIO VALDIVIESO", "COD_REGION": 13.0, "REGIÓN": "REGIÓN METROPOLITANA DE SANTIAGO", "COD_PROVIN": 131.0, "PROVINCIA": "SANTIAGO", "COD_COMUNA": 13129.0, "COMUNA": "SAN JOAQUÍN", "DIRECCION": "IGNACIO VALDIVIESO", "NUMERO_DI": 2409.0, "LUGAR_REFE": null, "LATITUD": -33.474654, "LONGITUD": -70.626927 }, "geometry": { "type": "Point", "coordinates": [ -70.626927, -33.474654 ] } },
{ "type": "Feature", "properties": { "AÑO": 2020.0, "COD_INST": 78.0, "TIPO_INST": "Universidades Estatales CRUCH", "NOMBRE_INS": "UNIVERSIDAD DE TALCA", "NOMBRE_INM": "CAMPUS SANTIAGO SANTA ELENA", "COD_REGION": 13.0, "REGIÓN": "REGIÓN METROPOLITANA DE SANTIAGO", "COD_PROVIN": 131.0, "PROVINCIA": "SANTIAGO", "COD_COMUNA": 13129.0, "COMUNA": "SAN JOAQUÍN", "DIRECCION": "SANTA ELENA", "NUMERO_DI": 2222.0, "LUGAR_REFE": null, "LATITUD": -33.472548, "LONGITUD": -70.626218 }, "geometry": { "type": "Point", "coordinates": [ -70.626218310341997, -33.472547581848801 ] } },
{ "type": "Feature", "properties": { "AÑO": 2020.0, "COD_INST": 10.0, "TIPO_INST": "Universidades Privadas", "NOMBRE_INS": "UNIVERSIDAD MAYOR", "NOMBRE_INM": "CAMPUS EL CLAUSTRO", "COD_REGION": 13.0, "REGIÓN": "REGIÓN METROPOLITANA DE SANTIAGO", "COD_PROVIN": 131.0, "PROVINCIA": "SANTIAGO", "COD_COMUNA": 13101.0, "COMUNA": "SANTIAGO", "DIRECCION": "AVENIDA PORTUGAL", "NUMERO_DI": 351.0, "LUGAR_REFE": "Y SANTA VICTORIA N° 329", "LATITUD": -33.446859, "LONGITUD": -70.636701 }, "geometry": { "type": "Point", "coordinates": [ -70.636701, -33.446859 ] } },
{ "type": "Feature", "properties": { "AÑO": 2020.0, "COD_INST": 129.0, "TIPO_INST": "Institutos Profesionales", "NOMBRE_INS": "IP ESCUELA MODERNA DE MÚSICA", "NOMBRE_INM": "CAMPUS BELLAVISTA", "COD_REGION": 13.0, "REGIÓN": "REGIÓN METROPOLITANA DE SANTIAGO", "COD_PROVIN": 131.0, "PROVINCIA": "SANTIAGO", "COD_COMUNA": 13123.0, "COMUNA": "PROVIDENCIA", "DIRECCION": "ANTONIA LOPEZ DE BELLO", "NUMERO_DI": 120.0, "LUGAR_REFE": "(CHUCRE MANZUR)", "LATITUD": -33.431293, "LONGITUD": -70.633912 }, "geometry": { "type": "Point", "coordinates": [ -70.633912, -33.431293 ] } },
{ "type": "Feature", "properties": { "AÑO": 2020.0, "COD_INST": 70.0, "TIPO_INST": "Universidades Estatales CRUCH", "NOMBRE_INS": "UNIVERSIDAD DE CHILE", "NOMBRE_INM": "FACULTAD DE DERECHO SANTA MARIA 0200", "COD_REGION": 13.0, "REGIÓN": "REGIÓN METROPOLITANA DE SANTIAGO", "COD_PROVIN": 131.0, "PROVINCIA": "SANTIAGO", "COD_COMUNA": 13123.0, "COMUNA": "PROVIDENCIA", "DIRECCION": "AVENIDA SANTA MARIA", "NUMERO_DI": 200.0, "LUGAR_REFE": null, "LATITUD": -33.434889, "LONGITUD": -70.632728 }, "geometry": { "type": "Point", "coordinates": [ -70.632728, -33.434889 ] } },
{ "type": "Feature", "properties": { "AÑO": 2020.0, "COD_INST": 20.0, "TIPO_INST": "Universidades Privadas", "NOMBRE_INS": "UNIVERSIDAD ANDRÉS BELLO", "NOMBRE_INM": "CAMPUS BELLAVISTA", "COD_REGION": 13.0, "REGIÓN": "REGIÓN METROPOLITANA DE SANTIAGO", "COD_PROVIN": 131.0, "PROVINCIA": "SANTIAGO", "COD_COMUNA": 13123.0, "COMUNA": "PROVIDENCIA", "DIRECCION": "BELLAVISTA", "NUMERO_DI": 121.0, "LUGAR_REFE": null, "LATITUD": -33.435038, "LONGITUD": -70.634433 }, "geometry": { "type": "Point", "coordinates": [ -70.634433, -33.435038 ] } },
{ "type": "Feature", "properties": { "AÑO": 2020.0, "COD_INST": 143.0, "TIPO_INST": "Institutos Profesionales", "NOMBRE_INS": "IP AIEP", "NOMBRE_INM": "SEDE BELLAVISTA", "COD_REGION": 13.0, "REGIÓN": "REGIÓN METROPOLITANA DE SANTIAGO", "COD_PROVIN": 131.0, "PROVINCIA": "SANTIAGO", "COD_COMUNA": 13123.0, "COMUNA": "PROVIDENCIA", "DIRECCION": "BELLAVISTA", "NUMERO_DI": 121.0, "LUGAR_REFE": null, "LATITUD": -33.435038, "LONGITUD": -70.634433 }, "geometry": { "type": "Point", "coordinates": [ -70.634433, -33.435038 ] } },
{ "type": "Feature", "properties": { "AÑO": 2020.0, "COD_INST": 70.0, "TIPO_INST": "Universidades Estatales CRUCH", "NOMBRE_INS": "UNIVERSIDAD DE CHILE", "NOMBRE_INM": "FACULTAD DE DERECHO", "COD_REGION": 13.0, "REGIÓN": "REGIÓN METROPOLITANA DE SANTIAGO", "COD_PROVIN": 131.0, "PROVINCIA": "SANTIAGO", "COD_COMUNA": 13123.0, "COMUNA": "PROVIDENCIA", "DIRECCION": "PIO NONO", "NUMERO_DI": 1.0, "LUGAR_REFE": "/ BELLAVISTA 053", "LATITUD": -33.435415, "LONGITUD": -70.634878 }, "geometry": { "type": "Point", "coordinates": [ -70.634878, -33.435415 ] } },
{ "type": "Feature", "properties": { "AÑO": 2020.0, "COD_INST": 70.0, "TIPO_INST": "Universidades Estatales CRUCH", "NOMBRE_INS": "UNIVERSIDAD DE CHILE", "NOMBRE_INM": "FACULTAD DE DERECHO SANTA MARIA 076", "COD_REGION": 13.0, "REGIÓN": "REGIÓN METROPOLITANA DE SANTIAGO", "COD_PROVIN": 131.0, "PROVINCIA": "SANTIAGO", "COD_COMUNA": 13123.0, "COMUNA": "PROVIDENCIA", "DIRECCION": "AVENIDA SANTA MARIA", "NUMERO_DI": 76.0, "LUGAR_REFE": null, "LATITUD": -33.435505, "LONGITUD": -70.63439 }, "geometry": { "type": "Point", "coordinates": [ -70.63439, -33.435505 ] } },
{ "type": "Feature", "properties": { "AÑO": 2020.0, "COD_INST": 78.0, "TIPO_INST": "Universidades Estatales CRUCH", "NOMBRE_INS": "UNIVERSIDAD DE TALCA", "NOMBRE_INM": "CENTRO DE EXTENSION Y ESCUELA DE POSTGRADO (QUEBEC)", "COD_REGION": 13.0, "REGIÓN": "REGIÓN METROPOLITANA DE SANTIAGO", "COD_PROVIN": 131.0, "PROVINCIA": "SANTIAGO", "COD_COMUNA": 13123.0, "COMUNA": "PROVIDENCIA", "DIRECCION": "QUEBEC", "NUMERO_DI": 415.0, "LUGAR_REFE": null, "LATITUD": -33.436736, "LONGITUD": -70.627801 }, "geometry": { "type": "Point", "coordinates": [ -70.627801, -33.436736 ] } },
{ "type": "Feature", "properties": { "AÑO": 2020.0, "COD_INST": 70.0, "TIPO_INST": "Universidades Estatales CRUCH", "NOMBRE_INS": "UNIVERSIDAD DE CHILE", "NOMBRE_INM": "INSTITUTO DE ESTUDIOS INTERNACIONALES", "COD_REGION": 13.0, "REGIÓN": "REGIÓN METROPOLITANA DE SANTIAGO", "COD_PROVIN": 131.0, "PROVINCIA": "SANTIAGO", "COD_COMUNA": 13123.0, "COMUNA": "PROVIDENCIA", "DIRECCION": "OBISPO SALAS", "NUMERO_DI": 364.0, "LUGAR_REFE": null, "LATITUD": -33.43732, "LONGITUD": -70.628141 }, "geometry": { "type": "Point", "coordinates": [ -70.628141, -33.43732 ] } },
{ "type": "Feature", "properties": { "AÑO": 2020.0, "COD_INST": 70.0, "TIPO_INST": "Universidades Estatales CRUCH", "NOMBRE_INS": "UNIVERSIDAD DE CHILE", "NOMBRE_INM": "INSTITUTO DE ESTUDIOS INTERNACIONALES", "COD_REGION": 13.0, "REGIÓN": "REGIÓN METROPOLITANA DE SANTIAGO", "COD_PROVIN": 131.0, "PROVINCIA": "SANTIAGO", "COD_COMUNA": 13123.0, "COMUNA": "PROVIDENCIA", "DIRECCION": "AVENIDA CONDELL", "NUMERO_DI": 249.0, "LUGAR_REFE": null, "LATITUD": -33.437373, "LONGITUD": -70.628057 }, "geometry": { "type": "Point", "coordinates": [ -70.628057, -33.437373 ] } },
{ "type": "Feature", "properties": { "AÑO": 2020.0, "COD_INST": 11.0, "TIPO_INST": "Universidades Privadas", "NOMBRE_INS": "UNIVERSIDAD ACADEMIA DE HUMANISMO CRISTIANO", "NOMBRE_INM": "CONDELL", "COD_REGION": 13.0, "REGIÓN": "REGIÓN METROPOLITANA DE SANTIAGO", "COD_PROVIN": 131.0, "PROVINCIA": "SANTIAGO", "COD_COMUNA": 13123.0, "COMUNA": "PROVIDENCIA", "DIRECCION": "CONDELL", "NUMERO_DI": 343.0, "LUGAR_REFE": null, "LATITUD": -33.437899, "LONGITUD": -70.627954 }, "geometry": { "type": "Point", "coordinates": [ -70.627954, -33.437899 ] } },
{ "type": "Feature", "properties": { "AÑO": 2020.0, "COD_INST": 693.0, "TIPO_INST": "Institutos Profesionales", "NOMBRE_INS": "IP PROJAZZ", "NOMBRE_INM": "CAMPUS RAMON CARNICER", "COD_REGION": 13.0, "REGIÓN": "REGIÓN METROPOLITANA DE SANTIAGO", "COD_PROVIN": 131.0, "PROVINCIA": "SANTIAGO", "COD_COMUNA": 13123.0, "COMUNA": "PROVIDENCIA", "DIRECCION": "RAMON CARNICER", "NUMERO_DI": 27.0, "LUGAR_REFE": null, "LATITUD": -33.438909, "LONGITUD": -70.633212 }, "geometry": { "type": "Point", "coordinates": [ -70.633212, -33.438909 ] } },
{ "type": "Feature", "properties": { "AÑO": 2020.0, "COD_INST": 137.0, "TIPO_INST": "Institutos Profesionales", "NOMBRE_INS": "IP EATRI INSTITUTO PROFESIONAL", "NOMBRE_INM": "INSTITUTO PROFESIONAL EATRI", "COD_REGION": 13.0, "REGIÓN": "REGIÓN METROPOLITANA DE SANTIAGO", "COD_PROVIN": 131.0, "PROVINCIA": "SANTIAGO", "COD_COMUNA": 13123.0, "COMUNA": "PROVIDENCIA", "DIRECCION": "AVENIDA CONDELL", "NUMERO_DI": 451.0, "LUGAR_REFE": null, "LATITUD": -33.439189, "LONGITUD": -70.627806 }, "geometry": { "type": "Point", "coordinates": [ -70.627806, -33.439189 ] } },
{ "type": "Feature", "properties": { "AÑO": 2020.0, "COD_INST": 11.0, "TIPO_INST": "Universidades Privadas", "NOMBRE_INS": "UNIVERSIDAD ACADEMIA DE HUMANISMO CRISTIANO", "NOMBRE_INM": "RECTORIA", "COD_REGION": 13.0, "REGIÓN": "REGIÓN METROPOLITANA DE SANTIAGO", "COD_PROVIN": 131.0, "PROVINCIA": "SANTIAGO", "COD_COMUNA": 13123.0, "COMUNA": "PROVIDENCIA", "DIRECCION": "RICARDO MATTE PEREZ", "NUMERO_DI": 251.0, "LUGAR_REFE": null, "LATITUD": -33.439825, "LONGITUD": -70.62942 }, "geometry": { "type": "Point", "coordinates": [ -70.62942, -33.439825 ] } },
{ "type": "Feature", "properties": { "AÑO": 2020.0, "COD_INST": 693.0, "TIPO_INST": "Institutos Profesionales", "NOMBRE_INS": "IP PROJAZZ", "NOMBRE_INM": "CAMPUS EULOGIA SANCHEZ", "COD_REGION": 13.0, "REGIÓN": "REGIÓN METROPOLITANA DE SANTIAGO", "COD_PROVIN": 131.0, "PROVINCIA": "SANTIAGO", "COD_COMUNA": 13123.0, "COMUNA": "PROVIDENCIA", "DIRECCION": "EULOGIA SANCHEZ", "NUMERO_DI": 39.0, "LUGAR_REFE": null, "LATITUD": -33.439904, "LONGITUD": -70.633802 }, "geometry": { "type": "Point", "coordinates": [ -70.633802, -33.439904 ] } },
{ "type": "Feature", "properties": { "AÑO": 2020.0, "COD_INST": 70.0, "TIPO_INST": "Universidades Estatales CRUCH", "NOMBRE_INS": "UNIVERSIDAD DE CHILE", "NOMBRE_INM": "CENTRO DE EXTENSION ARTISTICA Y CULTURAL", "COD_REGION": 13.0, "REGIÓN": "REGIÓN METROPOLITANA DE SANTIAGO", "COD_PROVIN": 131.0, "PROVINCIA": "SANTIAGO", "COD_COMUNA": 13123.0, "COMUNA": "PROVIDENCIA", "DIRECCION": "AVENIDA NUEVA PROVIDENCIA", "NUMERO_DI": 43.0, "LUGAR_REFE": null, "LATITUD": -33.437743, "LONGITUD": -70.634165 }, "geometry": { "type": "Point", "coordinates": [ -70.6341653115675, -33.437742989461803 ] } },
{ "type": "Feature", "properties": { "AÑO": 2020.0, "COD_INST": 20.0, "TIPO_INST": "Universidades Privadas", "NOMBRE_INS": "UNIVERSIDAD ANDRÉS BELLO", "NOMBRE_INM": "CAMPUS CREATIVO", "COD_REGION": 13.0, "REGIÓN": "REGIÓN METROPOLITANA DE SANTIAGO", "COD_PROVIN": 131.0, "PROVINCIA": "SANTIAGO", "COD_COMUNA": 13127.0, "COMUNA": "RECOLETA", "DIRECCION": "PURISIMA", "NUMERO_DI": 247.0, "LUGAR_REFE": "Y 249 CASAS 1 1A 2 Y 3 DEL PASAJE DE PURISIMA 245", "LATITUD": -33.431589, "LONGITUD": -70.638205 }, "geometry": { "type": "Point", "coordinates": [ -70.638205, -33.431589 ] } },
{ "type": "Feature", "properties": { "AÑO": 2020.0, "COD_INST": 693.0, "TIPO_INST": "Institutos Profesionales", "NOMBRE_INS": "IP PROJAZZ", "NOMBRE_INM": "CAMPUS BELLAVISTA", "COD_REGION": 13.0, "REGIÓN": "REGIÓN METROPOLITANA DE SANTIAGO", "COD_PROVIN": 131.0, "PROVINCIA": "SANTIAGO", "COD_COMUNA": 13127.0, "COMUNA": "RECOLETA", "DIRECCION": "PURISIMA", "NUMERO_DI": 178.0, "LUGAR_REFE": null, "LATITUD": -33.432471, "LONGITUD": -70.639016 }, "geometry": { "type": "Point", "coordinates": [ -70.639016, -33.432471 ] } },
{ "type": "Feature", "properties": { "AÑO": 2020.0, "COD_INST": 743.0, "TIPO_INST": "Institutos Profesionales", "NOMBRE_INS": "IP DE ARTES ESCÉNICAS KAREN CONNOLLY", "NOMBRE_INM": "CASA CENTRAL", "COD_REGION": 13.0, "REGIÓN": "REGIÓN METROPOLITANA DE SANTIAGO", "COD_PROVIN": 131.0, "PROVINCIA": "SANTIAGO", "COD_COMUNA": 13127.0, "COMUNA": "RECOLETA", "DIRECCION": "BOMBERO NUÑEZ", "NUMERO_DI": 127.0, "LUGAR_REFE": null, "LATITUD": -33.432567, "LONGITUD": -70.639613 }, "geometry": { "type": "Point", "coordinates": [ -70.639613, -33.432567 ] } },
{ "type": "Feature", "properties": { "AÑO": 2020.0, "COD_INST": 39.0, "TIPO_INST": "Universidades Privadas", "NOMBRE_INS": "UNIVERSIDAD SAN SEBASTIÁN", "NOMBRE_INM": "CAMPUS BELLAVISTA", "COD_REGION": 13.0, "REGIÓN": "REGIÓN METROPOLITANA DE SANTIAGO", "COD_PROVIN": 131.0, "PROVINCIA": "SANTIAGO", "COD_COMUNA": 13127.0, "COMUNA": "RECOLETA", "DIRECCION": "BELLAVISTA", "NUMERO_DI": 7.0, "LUGAR_REFE": null, "LATITUD": -33.434515, "LONGITUD": -70.636086 }, "geometry": { "type": "Point", "coordinates": [ -70.636086, -33.434515 ] } },
{ "type": "Feature", "properties": { "AÑO": 2020.0, "COD_INST": 39.0, "TIPO_INST": "Universidades Privadas", "NOMBRE_INS": "UNIVERSIDAD SAN SEBASTIÁN", "NOMBRE_INM": "UNIVERSIDAD SAN SEBASTIAN", "COD_REGION": 13.0, "REGIÓN": "REGIÓN METROPOLITANA DE SANTIAGO", "COD_PROVIN": 131.0, "PROVINCIA": "SANTIAGO", "COD_COMUNA": 13127.0, "COMUNA": "RECOLETA", "DIRECCION": "ERNESTO PINTO", "NUMERO_DI": 32.0, "LUGAR_REFE": null, "LATITUD": -33.434372, "LONGITUD": -70.637436 }, "geometry": { "type": "Point", "coordinates": [ -70.637436, -33.434372 ] } },
{ "type": "Feature", "properties": { "AÑO": 2020.0, "COD_INST": 70.0, "TIPO_INST": "Universidades Estatales CRUCH", "NOMBRE_INS": "UNIVERSIDAD DE CHILE", "NOMBRE_INM": "FACULTAD DE MEDICINA CAMPUS SUR", "COD_REGION": 13.0, "REGIÓN": "REGIÓN METROPOLITANA DE SANTIAGO", "COD_PROVIN": 131.0, "PROVINCIA": "SANTIAGO", "COD_COMUNA": 13130.0, "COMUNA": "SAN MIGUEL", "DIRECCION": "GRAN AVENIDA JOSE MIGUEL CARRERA", "NUMERO_DI": 3100.0, "LUGAR_REFE": null, "LATITUD": -33.483093, "LONGITUD": -70.64886 }, "geometry": { "type": "Point", "coordinates": [ -70.648860158794307, -33.483092572747502 ] } },
{ "type": "Feature", "properties": { "AÑO": 2020.0, "COD_INST": 81.0, "TIPO_INST": "Universidades Estatales CRUCH", "NOMBRE_INS": "UNIVERSIDAD ARTURO PRAT", "NOMBRE_INM": "CENTRO SANTIAGO", "COD_REGION": 13.0, "REGIÓN": "REGIÓN METROPOLITANA DE SANTIAGO", "COD_PROVIN": 131.0, "PROVINCIA": "SANTIAGO", "COD_COMUNA": 13101.0, "COMUNA": "SANTIAGO", "DIRECCION": "AVENIDA SAN PABLO", "NUMERO_DI": 1796.0, "LUGAR_REFE": null, "LATITUD": -33.434819, "LONGITUD": -70.662722 }, "geometry": { "type": "Point", "coordinates": [ -70.662722, -33.434819 ] } },
{ "type": "Feature", "properties": { "AÑO": 2020.0, "COD_INST": 10.0, "TIPO_INST": "Universidades Privadas", "NOMBRE_INS": "UNIVERSIDAD MAYOR", "NOMBRE_INM": "CAMPUS SANTO DOMINGO", "COD_REGION": 13.0, "REGIÓN": "REGIÓN METROPOLITANA DE SANTIAGO", "COD_PROVIN": 131.0, "PROVINCIA": "SANTIAGO", "COD_COMUNA": 13101.0, "COMUNA": "SANTIAGO", "DIRECCION": "SANTO DOMINGO", "NUMERO_DI": 711.0, "LUGAR_REFE": "Y N° 733 Y N°735", "LATITUD": -33.435356, "LONGITUD": -70.64768 }, "geometry": { "type": "Point", "coordinates": [ -70.64768, -33.435356 ] } },
{ "type": "Feature", "properties": { "AÑO": 2020.0, "COD_INST": 70.0, "TIPO_INST": "Universidades Estatales CRUCH", "NOMBRE_INS": "UNIVERSIDAD DE CHILE", "NOMBRE_INM": "FACULTAD DE FILOSOFIA Y HUMANIDADES CENTRO DE ESTUDIOS JUDAICOS", "COD_REGION": 13.0, "REGIÓN": "REGIÓN METROPOLITANA DE SANTIAGO", "COD_PROVIN": 131.0, "PROVINCIA": "SANTIAGO", "COD_COMUNA": 13101.0, "COMUNA": "SANTIAGO", "DIRECCION": "MIRAFLORES", "NUMERO_DI": 579.0, "LUGAR_REFE": null, "LATITUD": -33.435867, "LONGITUD": -70.645832 }, "geometry": { "type": "Point", "coordinates": [ -70.645832, -33.435867 ] } },
{ "type": "Feature", "properties": { "AÑO": 2020.0, "COD_INST": 229.0, "TIPO_INST": "Centros de Formación Técnica", "NOMBRE_INS": "CFT CENTRO DE ENSEÑANZA DE ALTA COSTURA PAULINA DIARD", "NOMBRE_INM": "CENTRAL", "COD_REGION": 13.0, "REGIÓN": "REGIÓN METROPOLITANA DE SANTIAGO", "COD_PROVIN": 131.0, "PROVINCIA": "SANTIAGO", "COD_COMUNA": 13101.0, "COMUNA": "SANTIAGO", "DIRECCION": "SANTO DOMINGO", "NUMERO_DI": 1083.0, "LUGAR_REFE": "PISO 2", "LATITUD": -33.436148, "LONGITUD": -70.65262 }, "geometry": { "type": "Point", "coordinates": [ -70.65262, -33.436148 ] } },
{ "type": "Feature", "properties": { "AÑO": 2020.0, "COD_INST": 701.0, "TIPO_INST": "Centros de Formación Técnica", "NOMBRE_INS": "CFT MANPOWER", "NOMBRE_INM": "SEDE CENTRAL  EDIFICIO PAULINO 2", "COD_REGION": 13.0, "REGIÓN": "REGIÓN METROPOLITANA DE SANTIAGO", "COD_PROVIN": 131.0, "PROVINCIA": "SANTIAGO", "COD_COMUNA": 13101.0, "COMUNA": "SANTIAGO", "DIRECCION": "PAULINO ALFONSO", "NUMERO_DI": 361.0, "LUGAR_REFE": null, "LATITUD": -33.43739, "LONGITUD": -70.63965 }, "geometry": { "type": "Point", "coordinates": [ -70.63965, -33.43739 ] } },
{ "type": "Feature", "properties": { "AÑO": 2020.0, "COD_INST": 701.0, "TIPO_INST": "Centros de Formación Técnica", "NOMBRE_INS": "CFT MANPOWER", "NOMBRE_INM": "SEDE CENTRAL  EDIFICIO PAULINO 1", "COD_REGION": 13.0, "REGIÓN": "REGIÓN METROPOLITANA DE SANTIAGO", "COD_PROVIN": 131.0, "PROVINCIA": "SANTIAGO", "COD_COMUNA": 13101.0, "COMUNA": "SANTIAGO", "DIRECCION": "PAULINO ALFONSO", "NUMERO_DI": 351.0, "LUGAR_REFE": null, "LATITUD": -33.437498, "LONGITUD": -70.639742 }, "geometry": { "type": "Point", "coordinates": [ -70.639742, -33.437498 ] } },
{ "type": "Feature", "properties": { "AÑO": 2020.0, "COD_INST": 701.0, "TIPO_INST": "Centros de Formación Técnica", "NOMBRE_INS": "CFT MANPOWER", "NOMBRE_INM": "SEDE CENTRAL  EDIFICIO ESTADOS UNIDOS", "COD_REGION": 13.0, "REGIÓN": "REGIÓN METROPOLITANA DE SANTIAGO", "COD_PROVIN": 131.0, "PROVINCIA": "SANTIAGO", "COD_COMUNA": 13101.0, "COMUNA": "SANTIAGO", "DIRECCION": "ESTADOS UNIDOS", "NUMERO_DI": 291.0, "LUGAR_REFE": null, "LATITUD": -33.43766, "LONGITUD": -70.638738 }, "geometry": { "type": "Point", "coordinates": [ -70.638738, -33.43766 ] } },
{ "type": "Feature", "properties": { "AÑO": 2020.0, "COD_INST": 11.0, "TIPO_INST": "Universidades Privadas", "NOMBRE_INS": "UNIVERSIDAD ACADEMIA DE HUMANISMO CRISTIANO", "NOMBRE_INM": "CATEDRAL", "COD_REGION": 13.0, "REGIÓN": "REGIÓN METROPOLITANA DE SANTIAGO", "COD_PROVIN": 131.0, "PROVINCIA": "SANTIAGO", "COD_COMUNA": 13101.0, "COMUNA": "SANTIAGO", "DIRECCION": "CATEDRAL", "NUMERO_DI": 1721.0, "LUGAR_REFE": null, "LATITUD": -33.43832, "LONGITUD": -70.661501 }, "geometry": { "type": "Point", "coordinates": [ -70.661501, -33.43832 ] } },
{ "type": "Feature", "properties": { "AÑO": 2020.0, "COD_INST": 17.0, "TIPO_INST": "Universidades Privadas", "NOMBRE_INS": "UNIVERSIDAD SEK", "NOMBRE_INM": "CATEDRAL", "COD_REGION": 13.0, "REGIÓN": "REGIÓN METROPOLITANA DE SANTIAGO", "COD_PROVIN": 131.0, "PROVINCIA": "SANTIAGO", "COD_COMUNA": 13101.0, "COMUNA": "SANTIAGO", "DIRECCION": "CATEDRAL", "NUMERO_DI": 1712.0, "LUGAR_REFE": null, "LATITUD": -33.438525, "LONGITUD": -70.661254 }, "geometry": { "type": "Point", "coordinates": [ -70.661254, -33.438525 ] } },
{ "type": "Feature", "properties": { "AÑO": 2020.0, "COD_INST": 68.0, "TIPO_INST": "Universidades Privadas", "NOMBRE_INS": "UNIVERSIDAD MIGUEL DE CERVANTES", "NOMBRE_INM": "CASA CENTRAL UNIVERSIDAD MIGUEL DE CERVANTES", "COD_REGION": 13.0, "REGIÓN": "REGIÓN METROPOLITANA DE SANTIAGO", "COD_PROVIN": 131.0, "PROVINCIA": "SANTIAGO", "COD_COMUNA": 13101.0, "COMUNA": "SANTIAGO", "DIRECCION": "ENRIQUE MAC-IVER", "NUMERO_DI": 370.0, "LUGAR_REFE": null, "LATITUD": -33.438563, "LONGITUD": -70.647234 }, "geometry": { "type": "Point", "coordinates": [ -70.647234, -33.438563 ] } },
{ "type": "Feature", "properties": { "AÑO": 2020.0, "COD_INST": 70.0, "TIPO_INST": "Universidades Estatales CRUCH", "NOMBRE_INS": "UNIVERSIDAD DE CHILE", "NOMBRE_INM": "FACULTAD DE ARTES SEDE COMPAÑIA 1264", "COD_REGION": 13.0, "REGIÓN": "REGIÓN METROPOLITANA DE SANTIAGO", "COD_PROVIN": 131.0, "PROVINCIA": "SANTIAGO", "COD_COMUNA": 13101.0, "COMUNA": "SANTIAGO", "DIRECCION": "COMPAÑIA", "NUMERO_DI": 1264.0, "LUGAR_REFE": null, "LATITUD": -33.439171, "LONGITUD": -70.654727 }, "geometry": { "type": "Point", "coordinates": [ -70.654727, -33.439171 ] } },
{ "type": "Feature", "properties": { "AÑO": 2020.0, "COD_INST": 108.0, "TIPO_INST": "Institutos Profesionales", "NOMBRE_INS": "IP CHILENO-BRITÁNICO DE CULTURA", "NOMBRE_INM": "IPCBC", "COD_REGION": 13.0, "REGIÓN": "REGIÓN METROPOLITANA DE SANTIAGO", "COD_PROVIN": 131.0, "PROVINCIA": "SANTIAGO", "COD_COMUNA": 13101.0, "COMUNA": "SANTIAGO", "DIRECCION": "HUÉRFANOS", "NUMERO_DI": 554.0, "LUGAR_REFE": null, "LATITUD": -33.439235, "LONGITUD": -70.644803 }, "geometry": { "type": "Point", "coordinates": [ -70.644803, -33.439235 ] } },
{ "type": "Feature", "properties": { "AÑO": 2020.0, "COD_INST": 651.0, "TIPO_INST": "Universidades Privadas", "NOMBRE_INS": "UNIVERSIDAD CHILENO BRITÁNICA DE CULTURA", "NOMBRE_INM": "UNIVERSIDAD CHILENO BRITANICA DE CULTURA", "COD_REGION": 13.0, "REGIÓN": "REGIÓN METROPOLITANA DE SANTIAGO", "COD_PROVIN": 131.0, "PROVINCIA": "SANTIAGO", "COD_COMUNA": 13101.0, "COMUNA": "SANTIAGO", "DIRECCION": "HUÉRFANOS", "NUMERO_DI": 554.0, "LUGAR_REFE": null, "LATITUD": -33.439235, "LONGITUD": -70.644803 }, "geometry": { "type": "Point", "coordinates": [ -70.644803, -33.439235 ] } },
{ "type": "Feature", "properties": { "AÑO": 2020.0, "COD_INST": 144.0, "TIPO_INST": "Institutos Profesionales", "NOMBRE_INS": "IP DE ARTE Y COMUNICACIÓN ARCOS", "NOMBRE_INM": "CASA VICTORIA SUBERCASEUX", "COD_REGION": 13.0, "REGIÓN": "REGIÓN METROPOLITANA DE SANTIAGO", "COD_PROVIN": 131.0, "PROVINCIA": "SANTIAGO", "COD_COMUNA": 13101.0, "COMUNA": "SANTIAGO", "DIRECCION": "VICTORIA SUBERCASEUX", "NUMERO_DI": 99.0, "LUGAR_REFE": null, "LATITUD": -33.439651, "LONGITUD": -70.642116 }, "geometry": { "type": "Point", "coordinates": [ -70.642116, -33.439651 ] } },
{ "type": "Feature", "properties": { "AÑO": 2020.0, "COD_INST": 70.0, "TIPO_INST": "Universidades Estatales CRUCH", "NOMBRE_INS": "UNIVERSIDAD DE CHILE", "NOMBRE_INM": "INSTITUTO DE ASUNTOS PUBLICOS", "COD_REGION": 13.0, "REGIÓN": "REGIÓN METROPOLITANA DE SANTIAGO", "COD_PROVIN": 131.0, "PROVINCIA": "SANTIAGO", "COD_COMUNA": 13101.0, "COMUNA": "SANTIAGO", "DIRECCION": "SANTA LUCIA", "NUMERO_DI": 240.0, "LUGAR_REFE": null, "LATITUD": -33.439701, "LONGITUD": -70.644646 }, "geometry": { "type": "Point", "coordinates": [ -70.644646, -33.439701 ] } },
{ "type": "Feature", "properties": { "AÑO": 2020.0, "COD_INST": 152.0, "TIPO_INST": "Institutos Profesionales", "NOMBRE_INS": "IP LATINOAMERICANO DE COMERCIO EXTERIOR", "NOMBRE_INM": "CENTRO DE EDUCACION A DISTANCIA", "COD_REGION": 13.0, "REGIÓN": "REGIÓN METROPOLITANA DE SANTIAGO", "COD_PROVIN": 131.0, "PROVINCIA": "SANTIAGO", "COD_COMUNA": 13101.0, "COMUNA": "SANTIAGO", "DIRECCION": "COMPAÑIA DE JESUS", "NUMERO_DI": 2015.0, "LUGAR_REFE": "PISO 4", "LATITUD": -33.439842, "LONGITUD": -70.665113 }, "geometry": { "type": "Point", "coordinates": [ -70.665113, -33.439842 ] } },
{ "type": "Feature", "properties": { "AÑO": 2020.0, "COD_INST": 152.0, "TIPO_INST": "Institutos Profesionales", "NOMBRE_INS": "IP LATINOAMERICANO DE COMERCIO EXTERIOR", "NOMBRE_INM": "SEDE SANTIAGO", "COD_REGION": 13.0, "REGIÓN": "REGIÓN METROPOLITANA DE SANTIAGO", "COD_PROVIN": 131.0, "PROVINCIA": "SANTIAGO", "COD_COMUNA": 13101.0, "COMUNA": "SANTIAGO", "DIRECCION": "COMPAÑIA DE JESUS", "NUMERO_DI": 2015.0, "LUGAR_REFE": "PISO 1 AL 3A", "LATITUD": -33.439842, "LONGITUD": -70.665113 }, "geometry": { "type": "Point", "coordinates": [ -70.665113, -33.439842 ] } },
{ "type": "Feature", "properties": { "AÑO": 2020.0, "COD_INST": 70.0, "TIPO_INST": "Universidades Estatales CRUCH", "NOMBRE_INS": "UNIVERSIDAD DE CHILE", "NOMBRE_INM": "INSTITUTO DE ASUNTOS PUBLICOS- ESCUELA DE POSTGRADO", "COD_REGION": 13.0, "REGIÓN": "REGIÓN METROPOLITANA DE SANTIAGO", "COD_PROVIN": 131.0, "PROVINCIA": "SANTIAGO", "COD_COMUNA": 13101.0, "COMUNA": "SANTIAGO", "DIRECCION": "SANTA LUCIA", "NUMERO_DI": 212.0, "LUGAR_REFE": null, "LATITUD": -33.439992, "LONGITUD": -70.644745 }, "geometry": { "type": "Point", "coordinates": [ -70.644745, -33.439992 ] } },
{ "type": "Feature", "properties": { "AÑO": 2020.0, "COD_INST": 7.0, "TIPO_INST": "Universidades Privadas", "NOMBRE_INS": "UNIVERSIDAD BOLIVARIANA", "NOMBRE_INM": "SEDE SANTIAGO - DERECHO", "COD_REGION": 13.0, "REGIÓN": "REGIÓN METROPOLITANA DE SANTIAGO", "COD_PROVIN": 131.0, "PROVINCIA": "SANTIAGO", "COD_COMUNA": 13101.0, "COMUNA": "SANTIAGO", "DIRECCION": "HUÉRFANOS", "NUMERO_DI": 1721.0, "LUGAR_REFE": null, "LATITUD": -33.440417, "LONGITUD": -70.661212 }, "geometry": { "type": "Point", "coordinates": [ -70.661212, -33.440417 ] } },
{ "type": "Feature", "properties": { "AÑO": 2020.0, "COD_INST": 11.0, "TIPO_INST": "Universidades Privadas", "NOMBRE_INS": "UNIVERSIDAD ACADEMIA DE HUMANISMO CRISTIANO", "NOMBRE_INM": "HUERFANOS", "COD_REGION": 13.0, "REGIÓN": "REGIÓN METROPOLITANA DE SANTIAGO", "COD_PROVIN": 131.0, "PROVINCIA": "SANTIAGO", "COD_COMUNA": 13101.0, "COMUNA": "SANTIAGO", "DIRECCION": "HUÉRFANOS", "NUMERO_DI": 1869.0, "LUGAR_REFE": null, "LATITUD": -33.440835, "LONGITUD": -70.663266 }, "geometry": { "type": "Point", "coordinates": [ -70.663266, -33.440835 ] } },
{ "type": "Feature", "properties": { "AÑO": 2020.0, "COD_INST": 11.0, "TIPO_INST": "Universidades Privadas", "NOMBRE_INS": "UNIVERSIDAD ACADEMIA DE HUMANISMO CRISTIANO", "NOMBRE_INM": "CIENFUEGOS", "COD_REGION": 13.0, "REGIÓN": "REGIÓN METROPOLITANA DE SANTIAGO", "COD_PROVIN": 131.0, "PROVINCIA": "SANTIAGO", "COD_COMUNA": 13101.0, "COMUNA": "SANTIAGO", "DIRECCION": "HUÉRFANOS", "NUMERO_DI": 1886.0, "LUGAR_REFE": null, "LATITUD": -33.440921, "LONGITUD": -70.663169 }, "geometry": { "type": "Point", "coordinates": [ -70.663169, -33.440921 ] } },
{ "type": "Feature", "properties": { "AÑO": 2020.0, "COD_INST": 70.0, "TIPO_INST": "Universidades Estatales CRUCH", "NOMBRE_INS": "UNIVERSIDAD DE CHILE", "NOMBRE_INM": "INSTITUTO DE ASUNTOS PUBLICOS - ESCUELA DE PREGRADO", "COD_REGION": 13.0, "REGIÓN": "REGIÓN METROPOLITANA DE SANTIAGO", "COD_PROVIN": 131.0, "PROVINCIA": "SANTIAGO", "COD_COMUNA": 13101.0, "COMUNA": "SANTIAGO", "DIRECCION": "HUÉRFANOS", "NUMERO_DI": 1724.0, "LUGAR_REFE": null, "LATITUD": -33.440928, "LONGITUD": -70.661224 }, "geometry": { "type": "Point", "coordinates": [ -70.661224, -33.440928 ] } },
{ "type": "Feature", "properties": { "AÑO": 2020.0, "COD_INST": 651.0, "TIPO_INST": "Universidades Privadas", "NOMBRE_INS": "UNIVERSIDAD CHILENO BRITÁNICA DE CULTURA", "NOMBRE_INM": "UNIVERSIDAD CHILENO BRITANICA DE CULTURA", "COD_REGION": 13.0, "REGIÓN": "REGIÓN METROPOLITANA DE SANTIAGO", "COD_PROVIN": 131.0, "PROVINCIA": "SANTIAGO", "COD_COMUNA": 13101.0, "COMUNA": "SANTIAGO", "DIRECCION": "SANTA LUCIA", "NUMERO_DI": 124.0, "LUGAR_REFE": null, "LATITUD": -33.440988, "LONGITUD": -70.645012 }, "geometry": { "type": "Point", "coordinates": [ -70.645012, -33.440988 ] } },
{ "type": "Feature", "properties": { "AÑO": 2020.0, "COD_INST": 103.0, "TIPO_INST": "Institutos Profesionales", "NOMBRE_INS": "IP INSTITUTO DE ESTUDIOS BANCARIOS GUILLERMO SUBERCASEAUX", "NOMBRE_INM": "SEDE HUERFANOS", "COD_REGION": 13.0, "REGIÓN": "REGIÓN METROPOLITANA DE SANTIAGO", "COD_PROVIN": 131.0, "PROVINCIA": "SANTIAGO", "COD_COMUNA": 13101.0, "COMUNA": "SANTIAGO", "DIRECCION": "HUÉRFANOS", "NUMERO_DI": 1840.0, "LUGAR_REFE": null, "LATITUD": -33.44115, "LONGITUD": -70.662737 }, "geometry": { "type": "Point", "coordinates": [ -70.662737, -33.44115 ] } },
{ "type": "Feature", "properties": { "AÑO": 2020.0, "COD_INST": 70.0, "TIPO_INST": "Universidades Estatales CRUCH", "NOMBRE_INS": "UNIVERSIDAD DE CHILE", "NOMBRE_INM": "CASA AMANDA LABARCA", "COD_REGION": 13.0, "REGIÓN": "REGIÓN METROPOLITANA DE SANTIAGO", "COD_PROVIN": 131.0, "PROVINCIA": "SANTIAGO", "COD_COMUNA": 13101.0, "COMUNA": "SANTIAGO", "DIRECCION": "PERIODISTA JOSE CARRASCO TAPIA", "NUMERO_DI": 71.0, "LUGAR_REFE": "LOTE 10", "LATITUD": -33.441238, "LONGITUD": -70.635325 }, "geometry": { "type": "Point", "coordinates": [ -70.635325, -33.441238 ] } },
{ "type": "Feature", "properties": { "AÑO": 2020.0, "COD_INST": 70.0, "TIPO_INST": "Universidades Estatales CRUCH", "NOMBRE_INS": "UNIVERSIDAD DE CHILE", "NOMBRE_INM": "CASA IRMA SALAS", "COD_REGION": 13.0, "REGIÓN": "REGIÓN METROPOLITANA DE SANTIAGO", "COD_PROVIN": 131.0, "PROVINCIA": "SANTIAGO", "COD_COMUNA": 13101.0, "COMUNA": "SANTIAGO", "DIRECCION": "PERIODISTA JOSE CARRASCO TAPIA", "NUMERO_DI": 75.0, "LUGAR_REFE": "LOTE 11", "LATITUD": -33.441238, "LONGITUD": -70.635325 }, "geometry": { "type": "Point", "coordinates": [ -70.635325, -33.441238 ] } },
{ "type": "Feature", "properties": { "AÑO": 2020.0, "COD_INST": 86.0, "TIPO_INST": "Universidades Privadas CRUCH", "NOMBRE_INS": "PONTIFICIA UNIVERSIDAD CATÓLICA DE CHILE", "NOMBRE_INM": "CAMPUS CASA CENTRAL", "COD_REGION": 13.0, "REGIÓN": "REGIÓN METROPOLITANA DE SANTIAGO", "COD_PROVIN": 131.0, "PROVINCIA": "SANTIAGO", "COD_COMUNA": 13101.0, "COMUNA": "SANTIAGO", "DIRECCION": "AVENIDA LIBERTADOR BERNARDO O'HIGGINS", "NUMERO_DI": 340.0, "LUGAR_REFE": null, "LATITUD": -33.441255, "LONGITUD": -70.641291 }, "geometry": { "type": "Point", "coordinates": [ -70.641291, -33.441255 ] } },
{ "type": "Feature", "properties": { "AÑO": 2020.0, "COD_INST": 312.0, "TIPO_INST": "Centros de Formación Técnica", "NOMBRE_INS": "CFT CENCO", "NOMBRE_INM": "CASA MATRIZ", "COD_REGION": 13.0, "REGIÓN": "REGIÓN METROPOLITANA DE SANTIAGO", "COD_PROVIN": 131.0, "PROVINCIA": "SANTIAGO", "COD_COMUNA": 13101.0, "COMUNA": "SANTIAGO", "DIRECCION": "ENRIQUE MAC-IVER", "NUMERO_DI": 125.0, "LUGAR_REFE": ", PISO 10", "LATITUD": -33.441298, "LONGITUD": -70.64631 }, "geometry": { "type": "Point", "coordinates": [ -70.64631, -33.441298 ] } },
{ "type": "Feature", "properties": { "AÑO": 2020.0, "COD_INST": 103.0, "TIPO_INST": "Institutos Profesionales", "NOMBRE_INS": "IP INSTITUTO DE ESTUDIOS BANCARIOS GUILLERMO SUBERCASEAUX", "NOMBRE_INM": "SEDE AGUSTINAS", "COD_REGION": 13.0, "REGIÓN": "REGIÓN METROPOLITANA DE SANTIAGO", "COD_PROVIN": 131.0, "PROVINCIA": "SANTIAGO", "COD_COMUNA": 13101.0, "COMUNA": "SANTIAGO", "DIRECCION": "AGUSTINAS", "NUMERO_DI": 1476.0, "LUGAR_REFE": null, "LATITUD": -33.441701, "LONGITUD": -70.657299 }, "geometry": { "type": "Point", "coordinates": [ -70.657299, -33.441701 ] } },
{ "type": "Feature", "properties": { "AÑO": 2020.0, "COD_INST": 70.0, "TIPO_INST": "Universidades Estatales CRUCH", "NOMBRE_INS": "UNIVERSIDAD DE CHILE", "NOMBRE_INM": "FACULTAD DE ECONOMIA Y NEGOCIOS", "COD_REGION": 13.0, "REGIÓN": "REGIÓN METROPOLITANA DE SANTIAGO", "COD_PROVIN": 131.0, "PROVINCIA": "SANTIAGO", "COD_COMUNA": 13101.0, "COMUNA": "SANTIAGO", "DIRECCION": "DIAGONAL PARAGUAY", "NUMERO_DI": 205.0, "LUGAR_REFE": null, "LATITUD": -33.442028, "LONGITUD": -70.635989 }, "geometry": { "type": "Point", "coordinates": [ -70.635989, -33.442028 ] } },
{ "type": "Feature", "properties": { "AÑO": 2020.0, "COD_INST": 70.0, "TIPO_INST": "Universidades Estatales CRUCH", "NOMBRE_INS": "UNIVERSIDAD DE CHILE", "NOMBRE_INM": "FACULTAD DE ARQUITECTURA", "COD_REGION": 13.0, "REGIÓN": "REGIÓN METROPOLITANA DE SANTIAGO", "COD_PROVIN": 131.0, "PROVINCIA": "SANTIAGO", "COD_COMUNA": 13101.0, "COMUNA": "SANTIAGO", "DIRECCION": "PORTUGAL", "NUMERO_DI": 84.0, "LUGAR_REFE": null, "LATITUD": -33.442279, "LONGITUD": -70.638176 }, "geometry": { "type": "Point", "coordinates": [ -70.638176, -33.442279 ] } },
{ "type": "Feature", "properties": { "AÑO": 2020.0, "COD_INST": 435.0, "TIPO_INST": "Centros de Formación Técnica", "NOMBRE_INS": "CFT DEL MEDIO AMBIENTE", "NOMBRE_INM": "CFT DEL MEDIO AMBIENTE", "COD_REGION": 13.0, "REGIÓN": "REGIÓN METROPOLITANA DE SANTIAGO", "COD_PROVIN": 131.0, "PROVINCIA": "SANTIAGO", "COD_COMUNA": 13101.0, "COMUNA": "SANTIAGO", "DIRECCION": "AGUSTINAS", "NUMERO_DI": 1954.0, "LUGAR_REFE": null, "LATITUD": -33.442369, "LONGITUD": -70.663997 }, "geometry": { "type": "Point", "coordinates": [ -70.663997, -33.442369 ] } },
{ "type": "Feature", "properties": { "AÑO": 2020.0, "COD_INST": 70.0, "TIPO_INST": "Universidades Estatales CRUCH", "NOMBRE_INS": "UNIVERSIDAD DE CHILE", "NOMBRE_INM": "FACULTAD DE ECONOMIA Y NEGOCIOS", "COD_REGION": 13.0, "REGIÓN": "REGIÓN METROPOLITANA DE SANTIAGO", "COD_PROVIN": 131.0, "PROVINCIA": "SANTIAGO", "COD_COMUNA": 13101.0, "COMUNA": "SANTIAGO", "DIRECCION": "DIAGONAL PARAGUAY", "NUMERO_DI": 257.0, "LUGAR_REFE": null, "LATITUD": -33.442496, "LONGITUD": -70.63705 }, "geometry": { "type": "Point", "coordinates": [ -70.63705, -33.442496 ] } },
{ "type": "Feature", "properties": { "AÑO": 2020.0, "COD_INST": 70.0, "TIPO_INST": "Universidades Estatales CRUCH", "NOMBRE_INS": "UNIVERSIDAD DE CHILE", "NOMBRE_INM": "FACULTAD DE ARQUITECTURA", "COD_REGION": 13.0, "REGIÓN": "REGIÓN METROPOLITANA DE SANTIAGO", "COD_PROVIN": 131.0, "PROVINCIA": "SANTIAGO", "COD_COMUNA": 13101.0, "COMUNA": "SANTIAGO", "DIRECCION": "DIAGONAL PARAGUAY", "NUMERO_DI": 253.0, "LUGAR_REFE": null, "LATITUD": -33.442696, "LONGITUD": -70.637282 }, "geometry": { "type": "Point", "coordinates": [ -70.637282, -33.442696 ] } },
{ "type": "Feature", "properties": { "AÑO": 2020.0, "COD_INST": 103.0, "TIPO_INST": "Institutos Profesionales", "NOMBRE_INS": "IP INSTITUTO DE ESTUDIOS BANCARIOS GUILLERMO SUBERCASEAUX", "NOMBRE_INM": "SEDE SAN MARTIN", "COD_REGION": 13.0, "REGIÓN": "REGIÓN METROPOLITANA DE SANTIAGO", "COD_PROVIN": 131.0, "PROVINCIA": "SANTIAGO", "COD_COMUNA": 13101.0, "COMUNA": "SANTIAGO", "DIRECCION": "SAN MARTIN", "NUMERO_DI": 76.0, "LUGAR_REFE": null, "LATITUD": -33.443283, "LONGITUD": -70.657871 }, "geometry": { "type": "Point", "coordinates": [ -70.657871, -33.443283 ] } },
{ "type": "Feature", "properties": { "AÑO": 2020.0, "COD_INST": 54.0, "TIPO_INST": "Universidades Privadas", "NOMBRE_INS": "UNIVERSIDAD TECNOLÓGICA DE CHILE INACAP", "NOMBRE_INM": "INACAP SANTIAGO CENTRO", "COD_REGION": 13.0, "REGIÓN": "REGIÓN METROPOLITANA DE SANTIAGO", "COD_PROVIN": 131.0, "PROVINCIA": "SANTIAGO", "COD_COMUNA": 13101.0, "COMUNA": "SANTIAGO", "DIRECCION": "ALMIRANTE BARROSO", "NUMERO_DI": 76.0, "LUGAR_REFE": null, "LATITUD": -33.443675, "LONGITUD": -70.662459 }, "geometry": { "type": "Point", "coordinates": [ -70.662459, -33.443675 ] } },
{ "type": "Feature", "properties": { "AÑO": 2020.0, "COD_INST": 100.0, "TIPO_INST": "Institutos Profesionales", "NOMBRE_INS": "IP INACAP", "NOMBRE_INM": "INACAP SANTIAGO CENTRO", "COD_REGION": 13.0, "REGIÓN": "REGIÓN METROPOLITANA DE SANTIAGO", "COD_PROVIN": 131.0, "PROVINCIA": "SANTIAGO", "COD_COMUNA": 13101.0, "COMUNA": "SANTIAGO", "DIRECCION": "ALMIRANTE BARROSO", "NUMERO_DI": 76.0, "LUGAR_REFE": null, "LATITUD": -33.443675, "LONGITUD": -70.662459 }, "geometry": { "type": "Point", "coordinates": [ -70.662459, -33.443675 ] } },
{ "type": "Feature", "properties": { "AÑO": 2020.0, "COD_INST": 430.0, "TIPO_INST": "Centros de Formación Técnica", "NOMBRE_INS": "CFT INACAP", "NOMBRE_INM": "INACAP SANTIAGO CENTRO", "COD_REGION": 13.0, "REGIÓN": "REGIÓN METROPOLITANA DE SANTIAGO", "COD_PROVIN": 131.0, "PROVINCIA": "SANTIAGO", "COD_COMUNA": 13101.0, "COMUNA": "SANTIAGO", "DIRECCION": "ALMIRANTE BARROSO", "NUMERO_DI": 76.0, "LUGAR_REFE": null, "LATITUD": -33.443675, "LONGITUD": -70.662459 }, "geometry": { "type": "Point", "coordinates": [ -70.662459, -33.443675 ] } },
{ "type": "Feature", "properties": { "AÑO": 2020.0, "COD_INST": 69.0, "TIPO_INST": "Universidades Privadas CRUCH", "NOMBRE_INS": "UNIVERSIDAD ALBERTO HURTADO", "NOMBRE_INM": "SALAS DE CLASES N", "COD_REGION": 13.0, "REGIÓN": "REGIÓN METROPOLITANA DE SANTIAGO", "COD_PROVIN": 131.0, "PROVINCIA": "SANTIAGO", "COD_COMUNA": 13101.0, "COMUNA": "SANTIAGO", "DIRECCION": "ALMIRANTE BARROSO", "NUMERO_DI": 70.0, "LUGAR_REFE": null, "LATITUD": -33.443917, "LONGITUD": -70.662204 }, "geometry": { "type": "Point", "coordinates": [ -70.662204, -33.443917 ] } },
{ "type": "Feature", "properties": { "AÑO": 2020.0, "COD_INST": 69.0, "TIPO_INST": "Universidades Privadas CRUCH", "NOMBRE_INS": "UNIVERSIDAD ALBERTO HURTADO", "NOMBRE_INM": "DEPARTAMENTO DE INGLES", "COD_REGION": 13.0, "REGIÓN": "REGIÓN METROPOLITANA DE SANTIAGO", "COD_PROVIN": 131.0, "PROVINCIA": "SANTIAGO", "COD_COMUNA": 13101.0, "COMUNA": "SANTIAGO", "DIRECCION": "ALMIRANTE BARROSO", "NUMERO_DI": 62.0, "LUGAR_REFE": "-64", "LATITUD": -33.444141, "LONGITUD": -70.661834 }, "geometry": { "type": "Point", "coordinates": [ -70.661834, -33.444141 ] } },
{ "type": "Feature", "properties": { "AÑO": 2020.0, "COD_INST": 69.0, "TIPO_INST": "Universidades Privadas CRUCH", "NOMBRE_INS": "UNIVERSIDAD ALBERTO HURTADO", "NOMBRE_INM": "FERNANDO VIVES SJ.", "COD_REGION": 13.0, "REGIÓN": "REGIÓN METROPOLITANA DE SANTIAGO", "COD_PROVIN": 131.0, "PROVINCIA": "SANTIAGO", "COD_COMUNA": 13101.0, "COMUNA": "SANTIAGO", "DIRECCION": "ERASMO ESCALA", "NUMERO_DI": 1835.0, "LUGAR_REFE": null, "LATITUD": -33.444493, "LONGITUD": -70.662333 }, "geometry": { "type": "Point", "coordinates": [ -70.662333, -33.444493 ] } },
{ "type": "Feature", "properties": { "AÑO": 2020.0, "COD_INST": 70.0, "TIPO_INST": "Universidades Estatales CRUCH", "NOMBRE_INS": "UNIVERSIDAD DE CHILE", "NOMBRE_INM": "RECTORIA", "COD_REGION": 13.0, "REGIÓN": "REGIÓN METROPOLITANA DE SANTIAGO", "COD_PROVIN": 131.0, "PROVINCIA": "SANTIAGO", "COD_COMUNA": 13101.0, "COMUNA": "SANTIAGO", "DIRECCION": "AVENIDA LIBERTADOR BERNARDO O'HIGGINS", "NUMERO_DI": 1058.0, "LUGAR_REFE": null, "LATITUD": -33.444501, "LONGITUD": -70.650879 }, "geometry": { "type": "Point", "coordinates": [ -70.650879, -33.444501 ] } },
{ "type": "Feature", "properties": { "AÑO": 2020.0, "COD_INST": 895.0, "TIPO_INST": "Universidades Estatales CRUCH", "NOMBRE_INS": "UNIVERSIDAD DE O'HIGGINS", "NOMBRE_INM": "CASA CENTRAL UCHILE", "COD_REGION": 13.0, "REGIÓN": "REGIÓN METROPOLITANA DE SANTIAGO", "COD_PROVIN": 131.0, "PROVINCIA": "SANTIAGO", "COD_COMUNA": 13101.0, "COMUNA": "SANTIAGO", "DIRECCION": "AVENIDA LIBERTADOR GENERAL BERNARDO O'HIGGINS", "NUMERO_DI": 1058.0, "LUGAR_REFE": ", OFICINA 245, SEGUNDO PISO", "LATITUD": -33.444501, "LONGITUD": -70.650879 }, "geometry": { "type": "Point", "coordinates": [ -70.650879, -33.444501 ] } },
{ "type": "Feature", "properties": { "AÑO": 2020.0, "COD_INST": 69.0, "TIPO_INST": "Universidades Privadas CRUCH", "NOMBRE_INS": "UNIVERSIDAD ALBERTO HURTADO", "NOMBRE_INM": "EDIFICIO CARDENAL RAUL SILVA HENRRIQUEZ", "COD_REGION": 13.0, "REGIÓN": "REGIÓN METROPOLITANA DE SANTIAGO", "COD_PROVIN": 131.0, "PROVINCIA": "SANTIAGO", "COD_COMUNA": 13101.0, "COMUNA": "SANTIAGO", "DIRECCION": "ERASMO ESCALA", "NUMERO_DI": 1875.0, "LUGAR_REFE": null, "LATITUD": -33.444516, "LONGITUD": -70.662568 }, "geometry": { "type": "Point", "coordinates": [ -70.662568, -33.444516 ] } },
{ "type": "Feature", "properties": { "AÑO": 2020.0, "COD_INST": 69.0, "TIPO_INST": "Universidades Privadas CRUCH", "NOMBRE_INS": "UNIVERSIDAD ALBERTO HURTADO", "NOMBRE_INM": "EDIFICIO MANUEL LARRAIN SJ.", "COD_REGION": 13.0, "REGIÓN": "REGIÓN METROPOLITANA DE SANTIAGO", "COD_PROVIN": 131.0, "PROVINCIA": "SANTIAGO", "COD_COMUNA": 13101.0, "COMUNA": "SANTIAGO", "DIRECCION": "ERASMO ESCALA", "NUMERO_DI": 1822.0, "LUGAR_REFE": null, "LATITUD": -33.444553, "LONGITUD": -70.662058 }, "geometry": { "type": "Point", "coordinates": [ -70.662058, -33.444553 ] } },
{ "type": "Feature", "properties": { "AÑO": 2020.0, "COD_INST": 69.0, "TIPO_INST": "Universidades Privadas CRUCH", "NOMBRE_INS": "UNIVERSIDAD ALBERTO HURTADO", "NOMBRE_INM": "HERNAN LARRAIN SJ.", "COD_REGION": 13.0, "REGIÓN": "REGIÓN METROPOLITANA DE SANTIAGO", "COD_PROVIN": 131.0, "PROVINCIA": "SANTIAGO", "COD_COMUNA": 13101.0, "COMUNA": "SANTIAGO", "DIRECCION": "ALMIRANTE BARROSO", "NUMERO_DI": 26.0, "LUGAR_REFE": null, "LATITUD": -33.444704, "LONGITUD": -70.661751 }, "geometry": { "type": "Point", "coordinates": [ -70.661751, -33.444704 ] } },
{ "type": "Feature", "properties": { "AÑO": 2020.0, "COD_INST": 69.0, "TIPO_INST": "Universidades Privadas CRUCH", "NOMBRE_INS": "UNIVERSIDAD ALBERTO HURTADO", "NOMBRE_INM": "PATIO DE ACTOS", "COD_REGION": 13.0, "REGIÓN": "REGIÓN METROPOLITANA DE SANTIAGO", "COD_PROVIN": 131.0, "PROVINCIA": "SANTIAGO", "COD_COMUNA": 13101.0, "COMUNA": "SANTIAGO", "DIRECCION": "CIENFUEGOS", "NUMERO_DI": 47.0, "LUGAR_REFE": null, "LATITUD": -33.444902, "LONGITUD": -70.662598 }, "geometry": { "type": "Point", "coordinates": [ -70.662598, -33.444902 ] } },
{ "type": "Feature", "properties": { "AÑO": 2020.0, "COD_INST": 69.0, "TIPO_INST": "Universidades Privadas CRUCH", "NOMBRE_INS": "UNIVERSIDAD ALBERTO HURTADO", "NOMBRE_INM": "MANUEL LACUNZA SJ.", "COD_REGION": 13.0, "REGIÓN": "REGIÓN METROPOLITANA DE SANTIAGO", "COD_PROVIN": 131.0, "PROVINCIA": "SANTIAGO", "COD_COMUNA": 13101.0, "COMUNA": "SANTIAGO", "DIRECCION": "ALMIRANTE BARROSO", "NUMERO_DI": 37.0, "LUGAR_REFE": null, "LATITUD": -33.444944, "LONGITUD": -70.661557 }, "geometry": { "type": "Point", "coordinates": [ -70.661557, -33.444944 ] } },
{ "type": "Feature", "properties": { "AÑO": 2020.0, "COD_INST": 69.0, "TIPO_INST": "Universidades Privadas CRUCH", "NOMBRE_INS": "UNIVERSIDAD ALBERTO HURTADO", "NOMBRE_INM": "CASA ESPERANZA", "COD_REGION": 13.0, "REGIÓN": "REGIÓN METROPOLITANA DE SANTIAGO", "COD_PROVIN": 131.0, "PROVINCIA": "SANTIAGO", "COD_COMUNA": 13101.0, "COMUNA": "SANTIAGO", "DIRECCION": "ALMIRANTE BARROSO", "NUMERO_DI": 38.0, "LUGAR_REFE": null, "LATITUD": -33.445018, "LONGITUD": -70.661508 }, "geometry": { "type": "Point", "coordinates": [ -70.661508, -33.445018 ] } },
{ "type": "Feature", "properties": { "AÑO": 2020.0, "COD_INST": 69.0, "TIPO_INST": "Universidades Privadas CRUCH", "NOMBRE_INS": "UNIVERSIDAD ALBERTO HURTADO", "NOMBRE_INM": "CASA CENTRAL", "COD_REGION": 13.0, "REGIÓN": "REGIÓN METROPOLITANA DE SANTIAGO", "COD_PROVIN": 131.0, "PROVINCIA": "SANTIAGO", "COD_COMUNA": 13101.0, "COMUNA": "SANTIAGO", "DIRECCION": "ALMIRANTE BARROSO", "NUMERO_DI": 10.0, "LUGAR_REFE": null, "LATITUD": -33.445076, "LONGITUD": -70.661754 }, "geometry": { "type": "Point", "coordinates": [ -70.661754, -33.445076 ] } },
{ "type": "Feature", "properties": { "AÑO": 2020.0, "COD_INST": 69.0, "TIPO_INST": "Universidades Privadas CRUCH", "NOMBRE_INS": "UNIVERSIDAD ALBERTO HURTADO", "NOMBRE_INM": "JORGE GONZALEZ FOSTER SJ.", "COD_REGION": 13.0, "REGIÓN": "REGIÓN METROPOLITANA DE SANTIAGO", "COD_PROVIN": 131.0, "PROVINCIA": "SANTIAGO", "COD_COMUNA": 13101.0, "COMUNA": "SANTIAGO", "DIRECCION": "CIENFUEGOS", "NUMERO_DI": 42.0, "LUGAR_REFE": "-44", "LATITUD": -33.445197, "LONGITUD": -70.663185 }, "geometry": { "type": "Point", "coordinates": [ -70.663185, -33.445197 ] } },
{ "type": "Feature", "properties": { "AÑO": 2020.0, "COD_INST": 69.0, "TIPO_INST": "Universidades Privadas CRUCH", "NOMBRE_INS": "UNIVERSIDAD ALBERTO HURTADO", "NOMBRE_INM": "SAN ALBERTO HURTADO", "COD_REGION": 13.0, "REGIÓN": "REGIÓN METROPOLITANA DE SANTIAGO", "COD_PROVIN": 131.0, "PROVINCIA": "SANTIAGO", "COD_COMUNA": 13101.0, "COMUNA": "SANTIAGO", "DIRECCION": "ALMIRANTE BARROSO", "NUMERO_DI": 6.0, "LUGAR_REFE": null, "LATITUD": -33.445528, "LONGITUD": -70.661913 }, "geometry": { "type": "Point", "coordinates": [ -70.661913, -33.445528 ] } },
{ "type": "Feature", "properties": { "AÑO": 2020.0, "COD_INST": 42.0, "TIPO_INST": "Universidades Privadas", "NOMBRE_INS": "UNIVERSIDAD CATÓLICA CARDENAL RAÚL SILVA HENRÍQUEZ", "NOMBRE_INM": "UNIVERSIDAD CATOLICA SILVA HENRIQUEZ", "COD_REGION": 13.0, "REGIÓN": "REGIÓN METROPOLITANA DE SANTIAGO", "COD_PROVIN": 131.0, "PROVINCIA": "SANTIAGO", "COD_COMUNA": 13101.0, "COMUNA": "SANTIAGO", "DIRECCION": "SAN ISIDRO", "NUMERO_DI": 182.0, "LUGAR_REFE": null, "LATITUD": -33.44555, "LONGITUD": -70.644003 }, "geometry": { "type": "Point", "coordinates": [ -70.644003, -33.44555 ] } },
{ "type": "Feature", "properties": { "AÑO": 2020.0, "COD_INST": 328.0, "TIPO_INST": "Centros de Formación Técnica", "NOMBRE_INS": "CFT INSTITUTO SUPERIOR DE ESTUDIOS JURÍDICOS CANON", "NOMBRE_INM": "OFICINA CENTRAL", "COD_REGION": 13.0, "REGIÓN": "REGIÓN METROPOLITANA DE SANTIAGO", "COD_PROVIN": 131.0, "PROVINCIA": "SANTIAGO", "COD_COMUNA": 13101.0, "COMUNA": "SANTIAGO", "DIRECCION": "PASEO BULNES", "NUMERO_DI": 79.0, "LUGAR_REFE": "OFICINA 37", "LATITUD": -33.445864, "LONGITUD": -70.653707 }, "geometry": { "type": "Point", "coordinates": [ -70.653707, -33.445864 ] } },
{ "type": "Feature", "properties": { "AÑO": 2020.0, "COD_INST": 10.0, "TIPO_INST": "Universidades Privadas", "NOMBRE_INS": "UNIVERSIDAD MAYOR", "NOMBRE_INM": "CAMPUS ALAMEDA", "COD_REGION": 13.0, "REGIÓN": "REGIÓN METROPOLITANA DE SANTIAGO", "COD_PROVIN": 131.0, "PROVINCIA": "SANTIAGO", "COD_COMUNA": 13101.0, "COMUNA": "SANTIAGO", "DIRECCION": "AVENIDA LIBERTADOR BERNARDO O'HIGGINS", "NUMERO_DI": 2027.0, "LUGAR_REFE": "EX 2015 Y JOSE TORIBIO MEDINA N°22 Y N°38", "LATITUD": -33.446286, "LONGITUD": -70.664002 }, "geometry": { "type": "Point", "coordinates": [ -70.664002, -33.446286 ] } },
{ "type": "Feature", "properties": { "AÑO": 2020.0, "COD_INST": 42.0, "TIPO_INST": "Universidades Privadas", "NOMBRE_INS": "UNIVERSIDAD CATÓLICA CARDENAL RAÚL SILVA HENRÍQUEZ", "NOMBRE_INM": "UNIVERSIDAD CATOLICA SILVA HENRIQUEZ", "COD_REGION": 13.0, "REGIÓN": "REGIÓN METROPOLITANA DE SANTIAGO", "COD_PROVIN": 131.0, "PROVINCIA": "SANTIAGO", "COD_COMUNA": 13101.0, "COMUNA": "SANTIAGO", "DIRECCION": "GENERAL JOFRE", "NUMERO_DI": 462.0, "LUGAR_REFE": null, "LATITUD": -33.446456, "LONGITUD": -70.641576 }, "geometry": { "type": "Point", "coordinates": [ -70.641576, -33.446456 ] } },
{ "type": "Feature", "properties": { "AÑO": 2020.0, "COD_INST": 143.0, "TIPO_INST": "Institutos Profesionales", "NOMBRE_INS": "IP AIEP", "NOMBRE_INM": "SEDE BARRIO UNIVERSITARIO EJERCITO 2", "COD_REGION": 13.0, "REGIÓN": "REGIÓN METROPOLITANA DE SANTIAGO", "COD_PROVIN": 131.0, "PROVINCIA": "SANTIAGO", "COD_COMUNA": 13101.0, "COMUNA": "SANTIAGO", "DIRECCION": "EJERCITO", "NUMERO_DI": 6.0, "LUGAR_REFE": null, "LATITUD": -33.446962, "LONGITUD": -70.661368 }, "geometry": { "type": "Point", "coordinates": [ -70.661368, -33.446962 ] } },
{ "type": "Feature", "properties": { "AÑO": 2020.0, "COD_INST": 85.0, "TIPO_INST": "Universidades (* Carrera en Convenio)", "NOMBRE_INS": "UNIVERSIDAD TECNOLÓGICA METROPOLITANA", "NOMBRE_INM": "SAN FRANCISCO", "COD_REGION": 13.0, "REGIÓN": "REGIÓN METROPOLITANA DE SANTIAGO", "COD_PROVIN": 131.0, "PROVINCIA": "SANTIAGO", "COD_COMUNA": 13101.0, "COMUNA": "SANTIAGO", "DIRECCION": "SAN FRANCISCO", "NUMERO_DI": 223.0, "LUGAR_REFE": null, "LATITUD": -33.44707, "LONGITUD": -70.646582 }, "geometry": { "type": "Point", "coordinates": [ -70.646582, -33.44707 ] } },
{ "type": "Feature", "properties": { "AÑO": 2020.0, "COD_INST": 42.0, "TIPO_INST": "Universidades Privadas", "NOMBRE_INS": "UNIVERSIDAD CATÓLICA CARDENAL RAÚL SILVA HENRÍQUEZ", "NOMBRE_INM": "UNIVERSIDAD CATOLICA SILVA HENRIQUEZ", "COD_REGION": 13.0, "REGIÓN": "REGIÓN METROPOLITANA DE SANTIAGO", "COD_PROVIN": 131.0, "PROVINCIA": "SANTIAGO", "COD_COMUNA": 13101.0, "COMUNA": "SANTIAGO", "DIRECCION": "MARIN", "NUMERO_DI": 489.0, "LUGAR_REFE": null, "LATITUD": -33.447225, "LONGITUD": -70.641146 }, "geometry": { "type": "Point", "coordinates": [ -70.641146, -33.447225 ] } },
{ "type": "Feature", "properties": { "AÑO": 2020.0, "COD_INST": 111.0, "TIPO_INST": "Institutos Profesionales", "NOMBRE_INS": "IP DUOC UC", "NOMBRE_INM": "PADRE ALONSO DE OVALLE I-II-III-IV-V", "COD_REGION": 13.0, "REGIÓN": "REGIÓN METROPOLITANA DE SANTIAGO", "COD_PROVIN": 131.0, "PROVINCIA": "SANTIAGO", "COD_COMUNA": 13101.0, "COMUNA": "SANTIAGO", "DIRECCION": "ALONSO DE OVALLE", "NUMERO_DI": 1586.0, "LUGAR_REFE": null, "LATITUD": -33.447257, "LONGITUD": -70.657323 }, "geometry": { "type": "Point", "coordinates": [ -70.657323, -33.447257 ] } },
{ "type": "Feature", "properties": { "AÑO": 2020.0, "COD_INST": 214.0, "TIPO_INST": "Centros de Formación Técnica", "NOMBRE_INS": "CFT INSTITUTO CENTRAL DE CAPACITACIÓN EDUCACIÓNAL ICCE", "NOMBRE_INM": "CASA CENTRAL", "COD_REGION": 13.0, "REGIÓN": "REGIÓN METROPOLITANA DE SANTIAGO", "COD_PROVIN": 131.0, "PROVINCIA": "SANTIAGO", "COD_COMUNA": 13101.0, "COMUNA": "SANTIAGO", "DIRECCION": "EJERCITO", "NUMERO_DI": 27.0, "LUGAR_REFE": null, "LATITUD": -33.447353, "LONGITUD": -70.661642 }, "geometry": { "type": "Point", "coordinates": [ -70.661642, -33.447353 ] } },
{ "type": "Feature", "properties": { "AÑO": 2020.0, "COD_INST": 767.0, "TIPO_INST": "Institutos Profesionales", "NOMBRE_INS": "IP VERTICAL", "NOMBRE_INM": "EJERCITO", "COD_REGION": 13.0, "REGIÓN": "REGIÓN METROPOLITANA DE SANTIAGO", "COD_PROVIN": 131.0, "PROVINCIA": "SANTIAGO", "COD_COMUNA": 13101.0, "COMUNA": "SANTIAGO", "DIRECCION": "EJERCITO", "NUMERO_DI": 27.0, "LUGAR_REFE": null, "LATITUD": -33.447353, "LONGITUD": -70.661642 }, "geometry": { "type": "Point", "coordinates": [ -70.661642, -33.447353 ] } },
{ "type": "Feature", "properties": { "AÑO": 2020.0, "COD_INST": 143.0, "TIPO_INST": "Institutos Profesionales", "NOMBRE_INS": "IP AIEP", "NOMBRE_INM": "SEDE BARRIO UNIVERSITARIO EJERCITO 1", "COD_REGION": 13.0, "REGIÓN": "REGIÓN METROPOLITANA DE SANTIAGO", "COD_PROVIN": 131.0, "PROVINCIA": "SANTIAGO", "COD_COMUNA": 13101.0, "COMUNA": "SANTIAGO", "DIRECCION": "EJERCITO", "NUMERO_DI": 49.0, "LUGAR_REFE": null, "LATITUD": -33.447514, "LONGITUD": -70.661697 }, "geometry": { "type": "Point", "coordinates": [ -70.661697, -33.447514 ] } },
{ "type": "Feature", "properties": { "AÑO": 2020.0, "COD_INST": 85.0, "TIPO_INST": "Universidades (* Carrera en Convenio)", "NOMBRE_INS": "UNIVERSIDAD TECNOLÓGICA METROPOLITANA", "NOMBRE_INM": "DIECIOCHO", "COD_REGION": 13.0, "REGIÓN": "REGIÓN METROPOLITANA DE SANTIAGO", "COD_PROVIN": 131.0, "PROVINCIA": "SANTIAGO", "COD_COMUNA": 13101.0, "COMUNA": "SANTIAGO", "DIRECCION": "DIECIOCHO", "NUMERO_DI": 109.0, "LUGAR_REFE": null, "LATITUD": -33.447632, "LONGITUD": -70.658796 }, "geometry": { "type": "Point", "coordinates": [ -70.658796, -33.447632 ] } },
{ "type": "Feature", "properties": { "AÑO": 2020.0, "COD_INST": 42.0, "TIPO_INST": "Universidades Privadas", "NOMBRE_INS": "UNIVERSIDAD CATÓLICA CARDENAL RAÚL SILVA HENRÍQUEZ", "NOMBRE_INM": "UNIVERSIDAD CATOLICA SILVA HENRIQUEZ", "COD_REGION": 13.0, "REGIÓN": "REGIÓN METROPOLITANA DE SANTIAGO", "COD_PROVIN": 131.0, "PROVINCIA": "SANTIAGO", "COD_COMUNA": 13101.0, "COMUNA": "SANTIAGO", "DIRECCION": "CARMEN", "NUMERO_DI": 340.0, "LUGAR_REFE": null, "LATITUD": -33.447808, "LONGITUD": -70.641884 }, "geometry": { "type": "Point", "coordinates": [ -70.641884, -33.447808 ] } },
{ "type": "Feature", "properties": { "AÑO": 2020.0, "COD_INST": 42.0, "TIPO_INST": "Universidades Privadas", "NOMBRE_INS": "UNIVERSIDAD CATÓLICA CARDENAL RAÚL SILVA HENRÍQUEZ", "NOMBRE_INM": "UNIVERSIDAD CATOLICA SILVA HENRIQUEZ", "COD_REGION": 13.0, "REGIÓN": "REGIÓN METROPOLITANA DE SANTIAGO", "COD_PROVIN": 131.0, "PROVINCIA": "SANTIAGO", "COD_COMUNA": 13101.0, "COMUNA": "SANTIAGO", "DIRECCION": "CARMEN", "NUMERO_DI": 350.0, "LUGAR_REFE": null, "LATITUD": -33.448003, "LONGITUD": -70.64171 }, "geometry": { "type": "Point", "coordinates": [ -70.64171, -33.448003 ] } },
{ "type": "Feature", "properties": { "AÑO": 2020.0, "COD_INST": 218.0, "TIPO_INST": "Centros de Formación Técnica", "NOMBRE_INS": "CFT DE ENAC", "NOMBRE_INM": "CFT ENAC 1", "COD_REGION": 13.0, "REGIÓN": "REGIÓN METROPOLITANA DE SANTIAGO", "COD_PROVIN": 131.0, "PROVINCIA": "SANTIAGO", "COD_COMUNA": 13101.0, "COMUNA": "SANTIAGO", "DIRECCION": "AVENIDA LIBERTADOR BERNARDO O'HIGGINS", "NUMERO_DI": 2182.0, "LUGAR_REFE": null, "LATITUD": -33.44804, "LONGITUD": -70.666172 }, "geometry": { "type": "Point", "coordinates": [ -70.666172, -33.44804 ] } },
{ "type": "Feature", "properties": { "AÑO": 2020.0, "COD_INST": 162.0, "TIPO_INST": "Institutos Profesionales", "NOMBRE_INS": "IP CIISA", "NOMBRE_INM": "INSTITUTO PROFESIONAL CIISA", "COD_REGION": 13.0, "REGIÓN": "REGIÓN METROPOLITANA DE SANTIAGO", "COD_PROVIN": 131.0, "PROVINCIA": "SANTIAGO", "COD_COMUNA": 13101.0, "COMUNA": "SANTIAGO", "DIRECCION": "AVENIDA LIBERTADOR BERNARDO O'HIGGINS", "NUMERO_DI": 2221.0, "LUGAR_REFE": null, "LATITUD": -33.448044, "LONGITUD": -70.666896 }, "geometry": { "type": "Point", "coordinates": [ -70.666896, -33.448044 ] } },
{ "type": "Feature", "properties": { "AÑO": 2020.0, "COD_INST": 10.0, "TIPO_INST": "Universidades Privadas", "NOMBRE_INS": "UNIVERSIDAD MAYOR", "NOMBRE_INM": "CAMPUS REPUBLICA", "COD_REGION": 13.0, "REGIÓN": "REGIÓN METROPOLITANA DE SANTIAGO", "COD_PROVIN": 131.0, "PROVINCIA": "SANTIAGO", "COD_COMUNA": 13101.0, "COMUNA": "SANTIAGO", "DIRECCION": "AVENIDA LIBERTADOR BERNARDO O'HIGGINS", "NUMERO_DI": 2240.0, "LUGAR_REFE": null, "LATITUD": -33.448188, "LONGITUD": -70.667267 }, "geometry": { "type": "Point", "coordinates": [ -70.667267, -33.448188 ] } },
{ "type": "Feature", "properties": { "AÑO": 2020.0, "COD_INST": 48.0, "TIPO_INST": "Universidades Privadas", "NOMBRE_INS": "UNIVERSIDAD LOS LEONES", "NOMBRE_INM": "UNIVERSIDAD LOS LEONES", "COD_REGION": 13.0, "REGIÓN": "REGIÓN METROPOLITANA DE SANTIAGO", "COD_PROVIN": 131.0, "PROVINCIA": "SANTIAGO", "COD_COMUNA": 13101.0, "COMUNA": "SANTIAGO", "DIRECCION": "ZENTENO", "NUMERO_DI": 234.0, "LUGAR_REFE": null, "LATITUD": -33.448217, "LONGITUD": -70.652039 }, "geometry": { "type": "Point", "coordinates": [ -70.652039, -33.448217 ] } },
{ "type": "Feature", "properties": { "AÑO": 2020.0, "COD_INST": 155.0, "TIPO_INST": "Institutos Profesionales", "NOMBRE_INS": "IP LOS LEONES", "NOMBRE_INM": "ZENTENO", "COD_REGION": 13.0, "REGIÓN": "REGIÓN METROPOLITANA DE SANTIAGO", "COD_PROVIN": 131.0, "PROVINCIA": "SANTIAGO", "COD_COMUNA": 13101.0, "COMUNA": "SANTIAGO", "DIRECCION": "ZENTENO", "NUMERO_DI": 234.0, "LUGAR_REFE": null, "LATITUD": -33.448217, "LONGITUD": -70.652039 }, "geometry": { "type": "Point", "coordinates": [ -70.652039, -33.448217 ] } },
{ "type": "Feature", "properties": { "AÑO": 2020.0, "COD_INST": 155.0, "TIPO_INST": "Institutos Profesionales", "NOMBRE_INS": "IP LOS LEONES", "NOMBRE_INM": "ARTURO PRAT", "COD_REGION": 13.0, "REGIÓN": "REGIÓN METROPOLITANA DE SANTIAGO", "COD_PROVIN": 131.0, "PROVINCIA": "SANTIAGO", "COD_COMUNA": 13101.0, "COMUNA": "SANTIAGO", "DIRECCION": "ARTURO PRAT", "NUMERO_DI": 254.0, "LUGAR_REFE": "-274", "LATITUD": -33.448273, "LONGITUD": -70.649175 }, "geometry": { "type": "Point", "coordinates": [ -70.649175, -33.448273 ] } },
{ "type": "Feature", "properties": { "AÑO": 2020.0, "COD_INST": 85.0, "TIPO_INST": "Universidades (* Carrera en Convenio)", "NOMBRE_INS": "UNIVERSIDAD TECNOLÓGICA METROPOLITANA", "NOMBRE_INM": "VIDAURRE", "COD_REGION": 13.0, "REGIÓN": "REGIÓN METROPOLITANA DE SANTIAGO", "COD_PROVIN": 131.0, "PROVINCIA": "SANTIAGO", "COD_COMUNA": 13101.0, "COMUNA": "SANTIAGO", "DIRECCION": "PADRE FELIPE GOMEZ DE VIDAURRE", "NUMERO_DI": 1550.0, "LUGAR_REFE": null, "LATITUD": -33.448328, "LONGITUD": -70.657304 }, "geometry": { "type": "Point", "coordinates": [ -70.657304, -33.448328 ] } },
{ "type": "Feature", "properties": { "AÑO": 2020.0, "COD_INST": 162.0, "TIPO_INST": "Institutos Profesionales", "NOMBRE_INS": "IP CIISA", "NOMBRE_INM": "INSTITUTO PROFESIONAL CIISA", "COD_REGION": 13.0, "REGIÓN": "REGIÓN METROPOLITANA DE SANTIAGO", "COD_PROVIN": 131.0, "PROVINCIA": "SANTIAGO", "COD_COMUNA": 13101.0, "COMUNA": "SANTIAGO", "DIRECCION": "REPUBLICA", "NUMERO_DI": 20.0, "LUGAR_REFE": null, "LATITUD": -33.448475, "LONGITUD": -70.668007 }, "geometry": { "type": "Point", "coordinates": [ -70.668007, -33.448475 ] } },
{ "type": "Feature", "properties": { "AÑO": 2020.0, "COD_INST": 155.0, "TIPO_INST": "Institutos Profesionales", "NOMBRE_INS": "IP LOS LEONES", "NOMBRE_INM": "ARTURO PRAT", "COD_REGION": 13.0, "REGIÓN": "REGIÓN METROPOLITANA DE SANTIAGO", "COD_PROVIN": 131.0, "PROVINCIA": "SANTIAGO", "COD_COMUNA": 13101.0, "COMUNA": "SANTIAGO", "DIRECCION": "ARTURO PRAT", "NUMERO_DI": 269.0, "LUGAR_REFE": null, "LATITUD": -33.448529, "LONGITUD": -70.649606 }, "geometry": { "type": "Point", "coordinates": [ -70.649606, -33.448529 ] } },
{ "type": "Feature", "properties": { "AÑO": 2020.0, "COD_INST": 132.0, "TIPO_INST": "Institutos Profesionales", "NOMBRE_INS": "IP ESUCOMEX", "NOMBRE_INM": "CASA CENTRAL (SANTIAGO)", "COD_REGION": 13.0, "REGIÓN": "REGIÓN METROPOLITANA DE SANTIAGO", "COD_PROVIN": 131.0, "PROVINCIA": "SANTIAGO", "COD_COMUNA": 13101.0, "COMUNA": "SANTIAGO", "DIRECCION": "EJERCITO LIBERTADOR", "NUMERO_DI": 119.0, "LUGAR_REFE": null, "LATITUD": -33.448535, "LONGITUD": -70.661575 }, "geometry": { "type": "Point", "coordinates": [ -70.661575, -33.448535 ] } },
{ "type": "Feature", "properties": { "AÑO": 2020.0, "COD_INST": 132.0, "TIPO_INST": "Institutos Profesionales", "NOMBRE_INS": "IP ESUCOMEX", "NOMBRE_INM": "CASA CENTRAL (SANTIAGO)", "COD_REGION": 13.0, "REGIÓN": "REGIÓN METROPOLITANA DE SANTIAGO", "COD_PROVIN": 131.0, "PROVINCIA": "SANTIAGO", "COD_COMUNA": 13101.0, "COMUNA": "SANTIAGO", "DIRECCION": "EJERCITO LIBERTADOR", "NUMERO_DI": 133.0, "LUGAR_REFE": null, "LATITUD": -33.448588, "LONGITUD": -70.661326 }, "geometry": { "type": "Point", "coordinates": [ -70.661326, -33.448588 ] } },
{ "type": "Feature", "properties": { "AÑO": 2020.0, "COD_INST": 498.0, "TIPO_INST": "Centros de Formación Técnica", "NOMBRE_INS": "CFT PROANDES", "NOMBRE_INM": "SEDE SANTIAGO", "COD_REGION": 13.0, "REGIÓN": "REGIÓN METROPOLITANA DE SANTIAGO", "COD_PROVIN": 131.0, "PROVINCIA": "SANTIAGO", "COD_COMUNA": 13101.0, "COMUNA": "SANTIAGO", "DIRECCION": "EJERCITO LIBERTADOR", "NUMERO_DI": 133.0, "LUGAR_REFE": null, "LATITUD": -33.448588, "LONGITUD": -70.661326 }, "geometry": { "type": "Point", "coordinates": [ -70.661326, -33.448588 ] } },
{ "type": "Feature", "properties": { "AÑO": 2020.0, "COD_INST": 85.0, "TIPO_INST": "Universidades (* Carrera en Convenio)", "NOMBRE_INS": "UNIVERSIDAD TECNOLÓGICA METROPOLITANA", "NOMBRE_INM": "SAN IGNACIO", "COD_REGION": 13.0, "REGIÓN": "REGIÓN METROPOLITANA DE SANTIAGO", "COD_PROVIN": 131.0, "PROVINCIA": "SANTIAGO", "COD_COMUNA": 13101.0, "COMUNA": "SANTIAGO", "DIRECCION": "SAN IGNACIO", "NUMERO_DI": 171.0, "LUGAR_REFE": "-173", "LATITUD": -33.448641, "LONGITUD": -70.65705 }, "geometry": { "type": "Point", "coordinates": [ -70.65705, -33.448641 ] } },
{ "type": "Feature", "properties": { "AÑO": 2020.0, "COD_INST": 155.0, "TIPO_INST": "Institutos Profesionales", "NOMBRE_INS": "IP LOS LEONES", "NOMBRE_INM": "ARTURO PRAT", "COD_REGION": 13.0, "REGIÓN": "REGIÓN METROPOLITANA DE SANTIAGO", "COD_PROVIN": 131.0, "PROVINCIA": "SANTIAGO", "COD_COMUNA": 13101.0, "COMUNA": "SANTIAGO", "DIRECCION": "ARTURO PRAT", "NUMERO_DI": 277.0, "LUGAR_REFE": null, "LATITUD": -33.448698, "LONGITUD": -70.649788 }, "geometry": { "type": "Point", "coordinates": [ -70.649788, -33.448698 ] } },
{ "type": "Feature", "properties": { "AÑO": 2020.0, "COD_INST": 155.0, "TIPO_INST": "Institutos Profesionales", "NOMBRE_INS": "IP LOS LEONES", "NOMBRE_INM": "SAN DIEGO", "COD_REGION": 13.0, "REGIÓN": "REGIÓN METROPOLITANA DE SANTIAGO", "COD_PROVIN": 131.0, "PROVINCIA": "SANTIAGO", "COD_COMUNA": 13101.0, "COMUNA": "SANTIAGO", "DIRECCION": "SAN DIEGO", "NUMERO_DI": 272.0, "LUGAR_REFE": "-280", "LATITUD": -33.44872, "LONGITUD": -70.650452 }, "geometry": { "type": "Point", "coordinates": [ -70.650452, -33.44872 ] } },
{ "type": "Feature", "properties": { "AÑO": 2020.0, "COD_INST": 155.0, "TIPO_INST": "Institutos Profesionales", "NOMBRE_INS": "IP LOS LEONES", "NOMBRE_INM": "ARTURO PRAT", "COD_REGION": 13.0, "REGIÓN": "REGIÓN METROPOLITANA DE SANTIAGO", "COD_PROVIN": 131.0, "PROVINCIA": "SANTIAGO", "COD_COMUNA": 13101.0, "COMUNA": "SANTIAGO", "DIRECCION": "ARTURO PRAT", "NUMERO_DI": 285.0, "LUGAR_REFE": null, "LATITUD": -33.448779, "LONGITUD": -70.649677 }, "geometry": { "type": "Point", "coordinates": [ -70.649677, -33.448779 ] } },
{ "type": "Feature", "properties": { "AÑO": 2020.0, "COD_INST": 13.0, "TIPO_INST": "Universidades Privadas", "NOMBRE_INS": "UNIVERSIDAD SANTO TOMÁS", "NOMBRE_INM": null, "COD_REGION": 13.0, "REGIÓN": "REGIÓN METROPOLITANA DE SANTIAGO", "COD_PROVIN": 131.0, "PROVINCIA": "SANTIAGO", "COD_COMUNA": 13101.0, "COMUNA": "SANTIAGO", "DIRECCION": "AVENIDA MANUEL RODRIGUEZ SUR", "NUMERO_DI": 159.0, "LUGAR_REFE": "173 EJERCITO 146 A", "LATITUD": -33.448815, "LONGITUD": -70.660592 }, "geometry": { "type": "Point", "coordinates": [ -70.660592, -33.448815 ] } },
{ "type": "Feature", "properties": { "AÑO": 2020.0, "COD_INST": 116.0, "TIPO_INST": "Institutos Profesionales", "NOMBRE_INS": "IP SANTO TOMÁS", "NOMBRE_INM": null, "COD_REGION": 13.0, "REGIÓN": "REGIÓN METROPOLITANA DE SANTIAGO", "COD_PROVIN": 131.0, "PROVINCIA": "SANTIAGO", "COD_COMUNA": 13101.0, "COMUNA": "SANTIAGO", "DIRECCION": "AVENIDA MANUEL RODRIGUEZ SUR", "NUMERO_DI": 159.0, "LUGAR_REFE": "173 EJERCITO 146 A", "LATITUD": -33.448815, "LONGITUD": -70.660592 }, "geometry": { "type": "Point", "coordinates": [ -70.660592, -33.448815 ] } },
{ "type": "Feature", "properties": { "AÑO": 2020.0, "COD_INST": 260.0, "TIPO_INST": "Centros de Formación Técnica", "NOMBRE_INS": "CFT SANTO TOMÁS", "NOMBRE_INM": null, "COD_REGION": 13.0, "REGIÓN": "REGIÓN METROPOLITANA DE SANTIAGO", "COD_PROVIN": 131.0, "PROVINCIA": "SANTIAGO", "COD_COMUNA": 13101.0, "COMUNA": "SANTIAGO", "DIRECCION": "AVENIDA MANUEL RODRIGUEZ SUR", "NUMERO_DI": 159.0, "LUGAR_REFE": "173 EJERCITO 146 A", "LATITUD": -33.448815, "LONGITUD": -70.660592 }, "geometry": { "type": "Point", "coordinates": [ -70.660592, -33.448815 ] } },
{ "type": "Feature", "properties": { "AÑO": 2020.0, "COD_INST": 3.0, "TIPO_INST": "Universidades Privadas CRUCH", "NOMBRE_INS": "UNIVERSIDAD DIEGO PORTALES", "NOMBRE_INM": "FACULTAD DE MEDICINA 1", "COD_REGION": 13.0, "REGIÓN": "REGIÓN METROPOLITANA DE SANTIAGO", "COD_PROVIN": 131.0, "PROVINCIA": "SANTIAGO", "COD_COMUNA": 13101.0, "COMUNA": "SANTIAGO", "DIRECCION": "EJERCITO", "NUMERO_DI": 141.0, "LUGAR_REFE": null, "LATITUD": -33.44887, "LONGITUD": -70.661497 }, "geometry": { "type": "Point", "coordinates": [ -70.661497, -33.44887 ] } },
{ "type": "Feature", "properties": { "AÑO": 2020.0, "COD_INST": 155.0, "TIPO_INST": "Institutos Profesionales", "NOMBRE_INS": "IP LOS LEONES", "NOMBRE_INM": "SAN DIEGO", "COD_REGION": 13.0, "REGIÓN": "REGIÓN METROPOLITANA DE SANTIAGO", "COD_PROVIN": 131.0, "PROVINCIA": "SANTIAGO", "COD_COMUNA": 13101.0, "COMUNA": "SANTIAGO", "DIRECCION": "SAN DIEGO", "NUMERO_DI": 284.0, "LUGAR_REFE": null, "LATITUD": -33.448871, "LONGITUD": -70.650366 }, "geometry": { "type": "Point", "coordinates": [ -70.650366, -33.448871 ] } },
{ "type": "Feature", "properties": { "AÑO": 2020.0, "COD_INST": 111.0, "TIPO_INST": "Institutos Profesionales", "NOMBRE_INS": "IP DUOC UC", "NOMBRE_INM": "ALAMEDA", "COD_REGION": 13.0, "REGIÓN": "REGIÓN METROPOLITANA DE SANTIAGO", "COD_PROVIN": 131.0, "PROVINCIA": "SANTIAGO", "COD_COMUNA": 13101.0, "COMUNA": "SANTIAGO", "DIRECCION": "AVENIDA ESPAÑA", "NUMERO_DI": 8.0, "LUGAR_REFE": null, "LATITUD": -33.448879, "LONGITUD": -70.669951 }, "geometry": { "type": "Point", "coordinates": [ -70.669951, -33.448879 ] } },
{ "type": "Feature", "properties": { "AÑO": 2020.0, "COD_INST": 155.0, "TIPO_INST": "Institutos Profesionales", "NOMBRE_INS": "IP LOS LEONES", "NOMBRE_INM": "SAN DIEGO", "COD_REGION": 13.0, "REGIÓN": "REGIÓN METROPOLITANA DE SANTIAGO", "COD_PROVIN": 131.0, "PROVINCIA": "SANTIAGO", "COD_COMUNA": 13101.0, "COMUNA": "SANTIAGO", "DIRECCION": "SAN DIEGO", "NUMERO_DI": 294.0, "LUGAR_REFE": null, "LATITUD": -33.449019, "LONGITUD": -70.650402 }, "geometry": { "type": "Point", "coordinates": [ -70.650402, -33.449019 ] } },
{ "type": "Feature", "properties": { "AÑO": 2020.0, "COD_INST": 7.0, "TIPO_INST": "Universidades Privadas", "NOMBRE_INS": "UNIVERSIDAD BOLIVARIANA", "NOMBRE_INM": "SEDE SANTIAGO", "COD_REGION": 13.0, "REGIÓN": "REGIÓN METROPOLITANA DE SANTIAGO", "COD_PROVIN": 131.0, "PROVINCIA": "SANTIAGO", "COD_COMUNA": 13101.0, "COMUNA": "SANTIAGO", "DIRECCION": "DIECIOCHO", "NUMERO_DI": 193.0, "LUGAR_REFE": null, "LATITUD": -33.449029, "LONGITUD": -70.657864 }, "geometry": { "type": "Point", "coordinates": [ -70.657864, -33.449029 ] } },
{ "type": "Feature", "properties": { "AÑO": 2020.0, "COD_INST": 176.0, "TIPO_INST": "Institutos Profesionales", "NOMBRE_INS": "IP VALLE CENTRAL", "NOMBRE_INM": "SEDE SANTIAGO", "COD_REGION": 13.0, "REGIÓN": "REGIÓN METROPOLITANA DE SANTIAGO", "COD_PROVIN": 131.0, "PROVINCIA": "SANTIAGO", "COD_COMUNA": 13101.0, "COMUNA": "SANTIAGO", "DIRECCION": "DIECIOCHO", "NUMERO_DI": 193.0, "LUGAR_REFE": null, "LATITUD": -33.449029, "LONGITUD": -70.657864 }, "geometry": { "type": "Point", "coordinates": [ -70.657864, -33.449029 ] } },
{ "type": "Feature", "properties": { "AÑO": 2020.0, "COD_INST": 9.0, "TIPO_INST": "Universidades Privadas", "NOMBRE_INS": "UNIVERSIDAD PEDRO DE VALDIVIA", "NOMBRE_INM": "CAMPUS EJERCITO", "COD_REGION": 13.0, "REGIÓN": "REGIÓN METROPOLITANA DE SANTIAGO", "COD_PROVIN": 131.0, "PROVINCIA": "SANTIAGO", "COD_COMUNA": 13101.0, "COMUNA": "SANTIAGO", "DIRECCION": "AVENIDA EJERCITO LIBERTADOR", "NUMERO_DI": 171.0, "LUGAR_REFE": null, "LATITUD": -33.449034, "LONGITUD": -70.661502 }, "geometry": { "type": "Point", "coordinates": [ -70.661502, -33.449034 ] } },
{ "type": "Feature", "properties": { "AÑO": 2020.0, "COD_INST": 155.0, "TIPO_INST": "Institutos Profesionales", "NOMBRE_INS": "IP LOS LEONES", "NOMBRE_INM": "E RAMIREZ", "COD_REGION": 13.0, "REGIÓN": "REGIÓN METROPOLITANA DE SANTIAGO", "COD_PROVIN": 131.0, "PROVINCIA": "SANTIAGO", "COD_COMUNA": 13101.0, "COMUNA": "SANTIAGO", "DIRECCION": "ELEUTERIO RAMIREZ", "NUMERO_DI": 1051.0, "LUGAR_REFE": null, "LATITUD": -33.44907, "LONGITUD": -70.650197 }, "geometry": { "type": "Point", "coordinates": [ -70.650197, -33.44907 ] } },
{ "type": "Feature", "properties": { "AÑO": 2020.0, "COD_INST": 19.0, "TIPO_INST": "Universidades Privadas", "NOMBRE_INS": "UNIVERSIDAD DE LAS AMÉRICAS", "NOMBRE_INM": "CAMPUS SANTIAGO CENTRO", "COD_REGION": 13.0, "REGIÓN": "REGIÓN METROPOLITANA DE SANTIAGO", "COD_PROVIN": 131.0, "PROVINCIA": "SANTIAGO", "COD_COMUNA": 13101.0, "COMUNA": "SANTIAGO", "DIRECCION": "REPUBLICA", "NUMERO_DI": 51.0, "LUGAR_REFE": null, "LATITUD": -33.449123, "LONGITUD": -70.66839 }, "geometry": { "type": "Point", "coordinates": [ -70.66839, -33.449123 ] } },
{ "type": "Feature", "properties": { "AÑO": 2020.0, "COD_INST": 9.0, "TIPO_INST": "Universidades Privadas", "NOMBRE_INS": "UNIVERSIDAD PEDRO DE VALDIVIA", "NOMBRE_INM": "CAMPUS EJERCITO", "COD_REGION": 13.0, "REGIÓN": "REGIÓN METROPOLITANA DE SANTIAGO", "COD_PROVIN": 131.0, "PROVINCIA": "SANTIAGO", "COD_COMUNA": 13101.0, "COMUNA": "SANTIAGO", "DIRECCION": "AVENIDA EJERCITO LIBERTADOR", "NUMERO_DI": 177.0, "LUGAR_REFE": null, "LATITUD": -33.449223, "LONGITUD": -70.661436 }, "geometry": { "type": "Point", "coordinates": [ -70.661436, -33.449223 ] } },
{ "type": "Feature", "properties": { "AÑO": 2020.0, "COD_INST": 155.0, "TIPO_INST": "Institutos Profesionales", "NOMBRE_INS": "IP LOS LEONES", "NOMBRE_INM": "REPUBLICA", "COD_REGION": 13.0, "REGIÓN": "REGIÓN METROPOLITANA DE SANTIAGO", "COD_PROVIN": 131.0, "PROVINCIA": "SANTIAGO", "COD_COMUNA": 13101.0, "COMUNA": "SANTIAGO", "DIRECCION": "REPUBLICA", "NUMERO_DI": 68.0, "LUGAR_REFE": null, "LATITUD": -33.449246, "LONGITUD": -70.667811 }, "geometry": { "type": "Point", "coordinates": [ -70.667811, -33.449246 ] } },
{ "type": "Feature", "properties": { "AÑO": 2020.0, "COD_INST": 7.0, "TIPO_INST": "Universidades Privadas", "NOMBRE_INS": "UNIVERSIDAD BOLIVARIANA", "NOMBRE_INM": "SEDE SANTIAGO", "COD_REGION": 13.0, "REGIÓN": "REGIÓN METROPOLITANA DE SANTIAGO", "COD_PROVIN": 131.0, "PROVINCIA": "SANTIAGO", "COD_COMUNA": 13101.0, "COMUNA": "SANTIAGO", "DIRECCION": "PADRE OLIVARES", "NUMERO_DI": 1625.0, "LUGAR_REFE": null, "LATITUD": -33.449306, "LONGITUD": -70.658374 }, "geometry": { "type": "Point", "coordinates": [ -70.658374, -33.449306 ] } },
{ "type": "Feature", "properties": { "AÑO": 2020.0, "COD_INST": 13.0, "TIPO_INST": "Universidades Privadas", "NOMBRE_INS": "UNIVERSIDAD SANTO TOMÁS", "NOMBRE_INM": null, "COD_REGION": 13.0, "REGIÓN": "REGIÓN METROPOLITANA DE SANTIAGO", "COD_PROVIN": 131.0, "PROVINCIA": "SANTIAGO", "COD_COMUNA": 13101.0, "COMUNA": "SANTIAGO", "DIRECCION": "VERGARA", "NUMERO_DI": 165.0, "LUGAR_REFE": "167", "LATITUD": -33.449353, "LONGITUD": -70.662219 }, "geometry": { "type": "Point", "coordinates": [ -70.662219, -33.449353 ] } },
{ "type": "Feature", "properties": { "AÑO": 2020.0, "COD_INST": 116.0, "TIPO_INST": "Institutos Profesionales", "NOMBRE_INS": "IP SANTO TOMÁS", "NOMBRE_INM": null, "COD_REGION": 13.0, "REGIÓN": "REGIÓN METROPOLITANA DE SANTIAGO", "COD_PROVIN": 131.0, "PROVINCIA": "SANTIAGO", "COD_COMUNA": 13101.0, "COMUNA": "SANTIAGO", "DIRECCION": "VERGARA", "NUMERO_DI": 165.0, "LUGAR_REFE": "167", "LATITUD": -33.449353, "LONGITUD": -70.662219 }, "geometry": { "type": "Point", "coordinates": [ -70.662219, -33.449353 ] } },
{ "type": "Feature", "properties": { "AÑO": 2020.0, "COD_INST": 260.0, "TIPO_INST": "Centros de Formación Técnica", "NOMBRE_INS": "CFT SANTO TOMÁS", "NOMBRE_INM": null, "COD_REGION": 13.0, "REGIÓN": "REGIÓN METROPOLITANA DE SANTIAGO", "COD_PROVIN": 131.0, "PROVINCIA": "SANTIAGO", "COD_COMUNA": 13101.0, "COMUNA": "SANTIAGO", "DIRECCION": "VERGARA", "NUMERO_DI": 165.0, "LUGAR_REFE": "167", "LATITUD": -33.449353, "LONGITUD": -70.662219 }, "geometry": { "type": "Point", "coordinates": [ -70.662219, -33.449353 ] } },
{ "type": "Feature", "properties": { "AÑO": 2020.0, "COD_INST": 116.0, "TIPO_INST": "Institutos Profesionales", "NOMBRE_INS": "IP SANTO TOMÁS", "NOMBRE_INM": null, "COD_REGION": 13.0, "REGIÓN": "REGIÓN METROPOLITANA DE SANTIAGO", "COD_PROVIN": 131.0, "PROVINCIA": "SANTIAGO", "COD_COMUNA": 13101.0, "COMUNA": "SANTIAGO", "DIRECCION": "JOSE MIGUEL CARRERA", "NUMERO_DI": 158.0, "LUGAR_REFE": null, "LATITUD": -33.449367, "LONGITUD": -70.663052 }, "geometry": { "type": "Point", "coordinates": [ -70.663052, -33.449367 ] } },
{ "type": "Feature", "properties": { "AÑO": 2020.0, "COD_INST": 260.0, "TIPO_INST": "Centros de Formación Técnica", "NOMBRE_INS": "CFT SANTO TOMÁS", "NOMBRE_INM": null, "COD_REGION": 13.0, "REGIÓN": "REGIÓN METROPOLITANA DE SANTIAGO", "COD_PROVIN": 131.0, "PROVINCIA": "SANTIAGO", "COD_COMUNA": 13101.0, "COMUNA": "SANTIAGO", "DIRECCION": "JOSE MIGUEL CARRERA", "NUMERO_DI": 158.0, "LUGAR_REFE": null, "LATITUD": -33.449367, "LONGITUD": -70.663052 }, "geometry": { "type": "Point", "coordinates": [ -70.663052, -33.449367 ] } },
{ "type": "Feature", "properties": { "AÑO": 2020.0, "COD_INST": 155.0, "TIPO_INST": "Institutos Profesionales", "NOMBRE_INS": "IP LOS LEONES", "NOMBRE_INM": "REPUBLICA", "COD_REGION": 13.0, "REGIÓN": "REGIÓN METROPOLITANA DE SANTIAGO", "COD_PROVIN": 131.0, "PROVINCIA": "SANTIAGO", "COD_COMUNA": 13101.0, "COMUNA": "SANTIAGO", "DIRECCION": "REPUBLICA", "NUMERO_DI": 78.0, "LUGAR_REFE": null, "LATITUD": -33.449581, "LONGITUD": -70.667895 }, "geometry": { "type": "Point", "coordinates": [ -70.667895, -33.449581 ] } },
{ "type": "Feature", "properties": { "AÑO": 2020.0, "COD_INST": 3.0, "TIPO_INST": "Universidades Privadas CRUCH", "NOMBRE_INS": "UNIVERSIDAD DIEGO PORTALES", "NOMBRE_INM": "FACULTAD DE ARQUITECTURA2", "COD_REGION": 13.0, "REGIÓN": "REGIÓN METROPOLITANA DE SANTIAGO", "COD_PROVIN": 131.0, "PROVINCIA": "SANTIAGO", "COD_COMUNA": 13101.0, "COMUNA": "SANTIAGO", "DIRECCION": "SALVADOR SAN FUENTES", "NUMERO_DI": 2221.0, "LUGAR_REFE": null, "LATITUD": -33.449599, "LONGITUD": -70.666815 }, "geometry": { "type": "Point", "coordinates": [ -70.666815, -33.449599 ] } },
{ "type": "Feature", "properties": { "AÑO": 2020.0, "COD_INST": 19.0, "TIPO_INST": "Universidades Privadas", "NOMBRE_INS": "UNIVERSIDAD DE LAS AMÉRICAS", "NOMBRE_INM": "CAMPUS SANTIAGO CENTRO", "COD_REGION": 13.0, "REGIÓN": "REGIÓN METROPOLITANA DE SANTIAGO", "COD_PROVIN": 131.0, "PROVINCIA": "SANTIAGO", "COD_COMUNA": 13101.0, "COMUNA": "SANTIAGO", "DIRECCION": "REPUBLICA", "NUMERO_DI": 71.0, "LUGAR_REFE": null, "LATITUD": -33.449652, "LONGITUD": -70.668281 }, "geometry": { "type": "Point", "coordinates": [ -70.668281, -33.449652 ] } },
{ "type": "Feature", "properties": { "AÑO": 2020.0, "COD_INST": 20.0, "TIPO_INST": "Universidades Privadas", "NOMBRE_INS": "UNIVERSIDAD ANDRÉS BELLO", "NOMBRE_INM": "CAMPUS REPUBLICA", "COD_REGION": 13.0, "REGIÓN": "REGIÓN METROPOLITANA DE SANTIAGO", "COD_PROVIN": 131.0, "PROVINCIA": "SANTIAGO", "COD_COMUNA": 13101.0, "COMUNA": "SANTIAGO", "DIRECCION": "ABDON CIFIUENTES", "NUMERO_DI": 115.0, "LUGAR_REFE": null, "LATITUD": -33.449823, "LONGITUD": -70.665834 }, "geometry": { "type": "Point", "coordinates": [ -70.665834, -33.449823 ] } },
{ "type": "Feature", "properties": { "AÑO": 2020.0, "COD_INST": 171.0, "TIPO_INST": "Institutos Profesionales", "NOMBRE_INS": "IP DEL COMERCIO", "NOMBRE_INM": "CAMPUS SAZIE", "COD_REGION": 13.0, "REGIÓN": "REGIÓN METROPOLITANA DE SANTIAGO", "COD_PROVIN": 131.0, "PROVINCIA": "SANTIAGO", "COD_COMUNA": 13101.0, "COMUNA": "SANTIAGO", "DIRECCION": "SAZIE", "NUMERO_DI": 1902.0, "LUGAR_REFE": null, "LATITUD": -33.44986, "LONGITUD": -70.662219 }, "geometry": { "type": "Point", "coordinates": [ -70.662219, -33.44986 ] } },
{ "type": "Feature", "properties": { "AÑO": 2020.0, "COD_INST": 426.0, "TIPO_INST": "Centros de Formación Técnica", "NOMBRE_INS": "CFT CÁMARA DE COMERCIO DE SANTIAGO", "NOMBRE_INM": "CAMPUS SAZIE", "COD_REGION": 13.0, "REGIÓN": "REGIÓN METROPOLITANA DE SANTIAGO", "COD_PROVIN": 131.0, "PROVINCIA": "SANTIAGO", "COD_COMUNA": 13101.0, "COMUNA": "SANTIAGO", "DIRECCION": "SAZIE", "NUMERO_DI": 1902.0, "LUGAR_REFE": null, "LATITUD": -33.44986, "LONGITUD": -70.662219 }, "geometry": { "type": "Point", "coordinates": [ -70.662219, -33.44986 ] } },
{ "type": "Feature", "properties": { "AÑO": 2020.0, "COD_INST": 3.0, "TIPO_INST": "Universidades Privadas CRUCH", "NOMBRE_INS": "UNIVERSIDAD DIEGO PORTALES", "NOMBRE_INM": "CLINICA ODONTOLOGICA", "COD_REGION": 13.0, "REGIÓN": "REGIÓN METROPOLITANA DE SANTIAGO", "COD_PROVIN": 131.0, "PROVINCIA": "SANTIAGO", "COD_COMUNA": 13101.0, "COMUNA": "SANTIAGO", "DIRECCION": "EJERCITO", "NUMERO_DI": 219.0, "LUGAR_REFE": null, "LATITUD": -33.449879, "LONGITUD": -70.66123 }, "geometry": { "type": "Point", "coordinates": [ -70.66123, -33.449879 ] } },
{ "type": "Feature", "properties": { "AÑO": 2020.0, "COD_INST": 3.0, "TIPO_INST": "Universidades Privadas CRUCH", "NOMBRE_INS": "UNIVERSIDAD DIEGO PORTALES", "NOMBRE_INM": "FACULTAD DE EDUCACION 1", "COD_REGION": 13.0, "REGIÓN": "REGIÓN METROPOLITANA DE SANTIAGO", "COD_PROVIN": 131.0, "PROVINCIA": "SANTIAGO", "COD_COMUNA": 13101.0, "COMUNA": "SANTIAGO", "DIRECCION": "VERGARA", "NUMERO_DI": 210.0, "LUGAR_REFE": null, "LATITUD": -33.449904, "LONGITUD": -70.661937 }, "geometry": { "type": "Point", "coordinates": [ -70.661937, -33.449904 ] } },
{ "type": "Feature", "properties": { "AÑO": 2020.0, "COD_INST": 3.0, "TIPO_INST": "Universidades Privadas CRUCH", "NOMBRE_INS": "UNIVERSIDAD DIEGO PORTALES", "NOMBRE_INM": "FACULTAD DE MEDICINA 2", "COD_REGION": 13.0, "REGIÓN": "REGIÓN METROPOLITANA DE SANTIAGO", "COD_PROVIN": 131.0, "PROVINCIA": "SANTIAGO", "COD_COMUNA": 13101.0, "COMUNA": "SANTIAGO", "DIRECCION": "EJERCITO", "NUMERO_DI": 233.0, "LUGAR_REFE": null, "LATITUD": -33.449914, "LONGITUD": -70.66099 }, "geometry": { "type": "Point", "coordinates": [ -70.66099, -33.449914 ] } },
{ "type": "Feature", "properties": { "AÑO": 2020.0, "COD_INST": 3.0, "TIPO_INST": "Universidades Privadas CRUCH", "NOMBRE_INS": "UNIVERSIDAD DIEGO PORTALES", "NOMBRE_INM": "FACULTAD DE COMUNICACION Y LETRAS", "COD_REGION": 13.0, "REGIÓN": "REGIÓN METROPOLITANA DE SANTIAGO", "COD_PROVIN": 131.0, "PROVINCIA": "SANTIAGO", "COD_COMUNA": 13101.0, "COMUNA": "SANTIAGO", "DIRECCION": "VERGARA", "NUMERO_DI": 240.0, "LUGAR_REFE": null, "LATITUD": -33.450069, "LONGITUD": -70.661918 }, "geometry": { "type": "Point", "coordinates": [ -70.661918, -33.450069 ] } },
{ "type": "Feature", "properties": { "AÑO": 2020.0, "COD_INST": 20.0, "TIPO_INST": "Universidades Privadas", "NOMBRE_INS": "UNIVERSIDAD ANDRÉS BELLO", "NOMBRE_INM": "CAMPUS REPUBLICA", "COD_REGION": 13.0, "REGIÓN": "REGIÓN METROPOLITANA DE SANTIAGO", "COD_PROVIN": 131.0, "PROVINCIA": "SANTIAGO", "COD_COMUNA": 13101.0, "COMUNA": "SANTIAGO", "DIRECCION": "SALVADOR SANFUENTES", "NUMERO_DI": 2357.0, "LUGAR_REFE": null, "LATITUD": -33.450122, "LONGITUD": -70.668986 }, "geometry": { "type": "Point", "coordinates": [ -70.668986, -33.450122 ] } },
{ "type": "Feature", "properties": { "AÑO": 2020.0, "COD_INST": 20.0, "TIPO_INST": "Universidades Privadas", "NOMBRE_INS": "UNIVERSIDAD ANDRÉS BELLO", "NOMBRE_INM": "CAMPUS REPUBLICA", "COD_REGION": 13.0, "REGIÓN": "REGIÓN METROPOLITANA DE SANTIAGO", "COD_PROVIN": 131.0, "PROVINCIA": "SANTIAGO", "COD_COMUNA": 13101.0, "COMUNA": "SANTIAGO", "DIRECCION": "SALVADOR SANFUENTES", "NUMERO_DI": 2355.0, "LUGAR_REFE": null, "LATITUD": -33.450129, "LONGITUD": -70.668898 }, "geometry": { "type": "Point", "coordinates": [ -70.668898, -33.450129 ] } },
{ "type": "Feature", "properties": { "AÑO": 2020.0, "COD_INST": 3.0, "TIPO_INST": "Universidades Privadas CRUCH", "NOMBRE_INS": "UNIVERSIDAD DIEGO PORTALES", "NOMBRE_INM": "FACULTAD DE SALUD Y ODONTOLOGIA", "COD_REGION": 13.0, "REGIÓN": "REGIÓN METROPOLITANA DE SANTIAGO", "COD_PROVIN": 131.0, "PROVINCIA": "SANTIAGO", "COD_COMUNA": 13101.0, "COMUNA": "SANTIAGO", "DIRECCION": "AVENIDA MANUEL RODRIGUEZ SUR", "NUMERO_DI": 253.0, "LUGAR_REFE": null, "LATITUD": -33.450136, "LONGITUD": -70.660018 }, "geometry": { "type": "Point", "coordinates": [ -70.660018, -33.450136 ] } },
{ "type": "Feature", "properties": { "AÑO": 2020.0, "COD_INST": 3.0, "TIPO_INST": "Universidades Privadas CRUCH", "NOMBRE_INS": "UNIVERSIDAD DIEGO PORTALES", "NOMBRE_INM": "CASONA POSTGRADO", "COD_REGION": 13.0, "REGIÓN": "REGIÓN METROPOLITANA DE SANTIAGO", "COD_PROVIN": 131.0, "PROVINCIA": "SANTIAGO", "COD_COMUNA": 13101.0, "COMUNA": "SANTIAGO", "DIRECCION": "EJERCITO", "NUMERO_DI": 260.0, "LUGAR_REFE": null, "LATITUD": -33.450151, "LONGITUD": -70.660792 }, "geometry": { "type": "Point", "coordinates": [ -70.660792, -33.450151 ] } },
{ "type": "Feature", "properties": { "AÑO": 2020.0, "COD_INST": 19.0, "TIPO_INST": "Universidades Privadas", "NOMBRE_INS": "UNIVERSIDAD DE LAS AMÉRICAS", "NOMBRE_INM": "CAMPUS SANTIAGO CENTRO", "COD_REGION": 13.0, "REGIÓN": "REGIÓN METROPOLITANA DE SANTIAGO", "COD_PROVIN": 131.0, "PROVINCIA": "SANTIAGO", "COD_COMUNA": 13101.0, "COMUNA": "SANTIAGO", "DIRECCION": "ECHAURREN", "NUMERO_DI": 140.0, "LUGAR_REFE": null, "LATITUD": -33.450165, "LONGITUD": -70.666199 }, "geometry": { "type": "Point", "coordinates": [ -70.666199, -33.450165 ] } },
{ "type": "Feature", "properties": { "AÑO": 2020.0, "COD_INST": 20.0, "TIPO_INST": "Universidades Privadas", "NOMBRE_INS": "UNIVERSIDAD ANDRÉS BELLO", "NOMBRE_INM": "CAMPUS REPUBLICA", "COD_REGION": 13.0, "REGIÓN": "REGIÓN METROPOLITANA DE SANTIAGO", "COD_PROVIN": 131.0, "PROVINCIA": "SANTIAGO", "COD_COMUNA": 13101.0, "COMUNA": "SANTIAGO", "DIRECCION": "SAZIE", "NUMERO_DI": 2119.0, "LUGAR_REFE": null, "LATITUD": -33.450188, "LONGITUD": -70.665037 }, "geometry": { "type": "Point", "coordinates": [ -70.665037, -33.450188 ] } },
{ "type": "Feature", "properties": { "AÑO": 2020.0, "COD_INST": 3.0, "TIPO_INST": "Universidades Privadas CRUCH", "NOMBRE_INS": "UNIVERSIDAD DIEGO PORTALES", "NOMBRE_INM": "DECANATO DE DERECHO", "COD_REGION": 13.0, "REGIÓN": "REGIÓN METROPOLITANA DE SANTIAGO", "COD_PROVIN": 131.0, "PROVINCIA": "SANTIAGO", "COD_COMUNA": 13101.0, "COMUNA": "SANTIAGO", "DIRECCION": "REPUBLICA", "NUMERO_DI": 112.0, "LUGAR_REFE": null, "LATITUD": -33.450228, "LONGITUD": -70.668151 }, "geometry": { "type": "Point", "coordinates": [ -70.668151, -33.450228 ] } },
{ "type": "Feature", "properties": { "AÑO": 2020.0, "COD_INST": 3.0, "TIPO_INST": "Universidades Privadas CRUCH", "NOMBRE_INS": "UNIVERSIDAD DIEGO PORTALES", "NOMBRE_INM": "ECONOMIA E INFRAESTRUCTURA", "COD_REGION": 13.0, "REGIÓN": "REGIÓN METROPOLITANA DE SANTIAGO", "COD_PROVIN": 131.0, "PROVINCIA": "SANTIAGO", "COD_COMUNA": 13101.0, "COMUNA": "SANTIAGO", "DIRECCION": "EJERCITO", "NUMERO_DI": 278.0, "LUGAR_REFE": null, "LATITUD": -33.450245, "LONGITUD": -70.660714 }, "geometry": { "type": "Point", "coordinates": [ -70.660714, -33.450245 ] } },
{ "type": "Feature", "properties": { "AÑO": 2020.0, "COD_INST": 3.0, "TIPO_INST": "Universidades Privadas CRUCH", "NOMBRE_INS": "UNIVERSIDAD DIEGO PORTALES", "NOMBRE_INM": "FACULTAD DE EDUCACION 2", "COD_REGION": 13.0, "REGIÓN": "REGIÓN METROPOLITANA DE SANTIAGO", "COD_PROVIN": 131.0, "PROVINCIA": "SANTIAGO", "COD_COMUNA": 13101.0, "COMUNA": "SANTIAGO", "DIRECCION": "VERGARA", "NUMERO_DI": 249.0, "LUGAR_REFE": null, "LATITUD": -33.450333, "LONGITUD": -70.662061 }, "geometry": { "type": "Point", "coordinates": [ -70.662061, -33.450333 ] } },
{ "type": "Feature", "properties": { "AÑO": 2020.0, "COD_INST": 3.0, "TIPO_INST": "Universidades Privadas CRUCH", "NOMBRE_INS": "UNIVERSIDAD DIEGO PORTALES", "NOMBRE_INM": "FACULTAD DE DERECHO", "COD_REGION": 13.0, "REGIÓN": "REGIÓN METROPOLITANA DE SANTIAGO", "COD_PROVIN": 131.0, "PROVINCIA": "SANTIAGO", "COD_COMUNA": 13101.0, "COMUNA": "SANTIAGO", "DIRECCION": "REPUBLICA", "NUMERO_DI": 105.0, "LUGAR_REFE": null, "LATITUD": -33.450427, "LONGITUD": -70.668091 }, "geometry": { "type": "Point", "coordinates": [ -70.668091, -33.450427 ] } },
{ "type": "Feature", "properties": { "AÑO": 2020.0, "COD_INST": 3.0, "TIPO_INST": "Universidades Privadas CRUCH", "NOMBRE_INS": "UNIVERSIDAD DIEGO PORTALES", "NOMBRE_INM": "CLINICA PSICOLOGICA", "COD_REGION": 13.0, "REGIÓN": "REGIÓN METROPOLITANA DE SANTIAGO", "COD_PROVIN": 131.0, "PROVINCIA": "SANTIAGO", "COD_COMUNA": 13101.0, "COMUNA": "SANTIAGO", "DIRECCION": "GRAJALES", "NUMERO_DI": 1775.0, "LUGAR_REFE": null, "LATITUD": -33.450445, "LONGITUD": -70.660419 }, "geometry": { "type": "Point", "coordinates": [ -70.660419, -33.450445 ] } },
{ "type": "Feature", "properties": { "AÑO": 2020.0, "COD_INST": 20.0, "TIPO_INST": "Universidades Privadas", "NOMBRE_INS": "UNIVERSIDAD ANDRÉS BELLO", "NOMBRE_INM": "CAMPUS REPUBLICA", "COD_REGION": 13.0, "REGIÓN": "REGIÓN METROPOLITANA DE SANTIAGO", "COD_PROVIN": 131.0, "PROVINCIA": "SANTIAGO", "COD_COMUNA": 13101.0, "COMUNA": "SANTIAGO", "DIRECCION": "ECHAURREN", "NUMERO_DI": 183.0, "LUGAR_REFE": null, "LATITUD": -33.450591, "LONGITUD": -70.666563 }, "geometry": { "type": "Point", "coordinates": [ -70.666563, -33.450591 ] } },
{ "type": "Feature", "properties": { "AÑO": 2020.0, "COD_INST": 3.0, "TIPO_INST": "Universidades Privadas CRUCH", "NOMBRE_INS": "UNIVERSIDAD DIEGO PORTALES", "NOMBRE_INM": "FACULTAD DE PSICOLOGIA", "COD_REGION": 13.0, "REGIÓN": "REGIÓN METROPOLITANA DE SANTIAGO", "COD_PROVIN": 131.0, "PROVINCIA": "SANTIAGO", "COD_COMUNA": 13101.0, "COMUNA": "SANTIAGO", "DIRECCION": "VERGARA", "NUMERO_DI": 275.0, "LUGAR_REFE": null, "LATITUD": -33.450654, "LONGITUD": -70.662012 }, "geometry": { "type": "Point", "coordinates": [ -70.662012, -33.450654 ] } },
{ "type": "Feature", "properties": { "AÑO": 2020.0, "COD_INST": 3.0, "TIPO_INST": "Universidades Privadas CRUCH", "NOMBRE_INS": "UNIVERSIDAD DIEGO PORTALES", "NOMBRE_INM": "FACULTAD DE ARQUITECTURA", "COD_REGION": 13.0, "REGIÓN": "REGIÓN METROPOLITANA DE SANTIAGO", "COD_PROVIN": 131.0, "PROVINCIA": "SANTIAGO", "COD_COMUNA": 13101.0, "COMUNA": "SANTIAGO", "DIRECCION": "REPUBLICA", "NUMERO_DI": 180.0, "LUGAR_REFE": null, "LATITUD": -33.450698, "LONGITUD": -70.667505 }, "geometry": { "type": "Point", "coordinates": [ -70.667505, -33.450698 ] } },
{ "type": "Feature", "properties": { "AÑO": 2020.0, "COD_INST": 171.0, "TIPO_INST": "Institutos Profesionales", "NOMBRE_INS": "IP DEL COMERCIO", "NOMBRE_INM": "CAMPUS EJERCITO", "COD_REGION": 13.0, "REGIÓN": "REGIÓN METROPOLITANA DE SANTIAGO", "COD_PROVIN": 131.0, "PROVINCIA": "SANTIAGO", "COD_COMUNA": 13101.0, "COMUNA": "SANTIAGO", "DIRECCION": "AVENIDA EJERCITO LIBERTADOR", "NUMERO_DI": 306.0, "LUGAR_REFE": null, "LATITUD": -33.450795, "LONGITUD": -70.660547 }, "geometry": { "type": "Point", "coordinates": [ -70.660547, -33.450795 ] } },
{ "type": "Feature", "properties": { "AÑO": 2020.0, "COD_INST": 426.0, "TIPO_INST": "Centros de Formación Técnica", "NOMBRE_INS": "CFT CÁMARA DE COMERCIO DE SANTIAGO", "NOMBRE_INM": "CAMPUS EJERCITO", "COD_REGION": 13.0, "REGIÓN": "REGIÓN METROPOLITANA DE SANTIAGO", "COD_PROVIN": 131.0, "PROVINCIA": "SANTIAGO", "COD_COMUNA": 13101.0, "COMUNA": "SANTIAGO", "DIRECCION": "AVENIDA EJERCITO LIBERTADOR", "NUMERO_DI": 306.0, "LUGAR_REFE": null, "LATITUD": -33.450795, "LONGITUD": -70.660547 }, "geometry": { "type": "Point", "coordinates": [ -70.660547, -33.450795 ] } },
{ "type": "Feature", "properties": { "AÑO": 2020.0, "COD_INST": 171.0, "TIPO_INST": "Institutos Profesionales", "NOMBRE_INS": "IP DEL COMERCIO", "NOMBRE_INM": "CAMPUS REPUBLICA", "COD_REGION": 13.0, "REGIÓN": "REGIÓN METROPOLITANA DE SANTIAGO", "COD_PROVIN": 131.0, "PROVINCIA": "SANTIAGO", "COD_COMUNA": 13101.0, "COMUNA": "SANTIAGO", "DIRECCION": "AVENIDA REPUBLICA", "NUMERO_DI": 190.0, "LUGAR_REFE": null, "LATITUD": -33.450862, "LONGITUD": -70.667409 }, "geometry": { "type": "Point", "coordinates": [ -70.667409, -33.450862 ] } },
{ "type": "Feature", "properties": { "AÑO": 2020.0, "COD_INST": 426.0, "TIPO_INST": "Centros de Formación Técnica", "NOMBRE_INS": "CFT CÁMARA DE COMERCIO DE SANTIAGO", "NOMBRE_INM": "CAMPUS REPUBLICA", "COD_REGION": 13.0, "REGIÓN": "REGIÓN METROPOLITANA DE SANTIAGO", "COD_PROVIN": 131.0, "PROVINCIA": "SANTIAGO", "COD_COMUNA": 13101.0, "COMUNA": "SANTIAGO", "DIRECCION": "AVENIDA REPUBLICA", "NUMERO_DI": 190.0, "LUGAR_REFE": null, "LATITUD": -33.450862, "LONGITUD": -70.667409 }, "geometry": { "type": "Point", "coordinates": [ -70.667409, -33.450862 ] } },
{ "type": "Feature", "properties": { "AÑO": 2020.0, "COD_INST": 3.0, "TIPO_INST": "Universidades Privadas CRUCH", "NOMBRE_INS": "UNIVERSIDAD DIEGO PORTALES", "NOMBRE_INM": "AULARIO", "COD_REGION": 13.0, "REGIÓN": "REGIÓN METROPOLITANA DE SANTIAGO", "COD_PROVIN": 131.0, "PROVINCIA": "SANTIAGO", "COD_COMUNA": 13101.0, "COMUNA": "SANTIAGO", "DIRECCION": "EJERCITO", "NUMERO_DI": 326.0, "LUGAR_REFE": null, "LATITUD": -33.45102, "LONGITUD": -70.660618 }, "geometry": { "type": "Point", "coordinates": [ -70.660618, -33.45102 ] } },
{ "type": "Feature", "properties": { "AÑO": 2020.0, "COD_INST": 3.0, "TIPO_INST": "Universidades Privadas CRUCH", "NOMBRE_INS": "UNIVERSIDAD DIEGO PORTALES", "NOMBRE_INM": "FACULTAD DE CIENCIAS SOCIALES", "COD_REGION": 13.0, "REGIÓN": "REGIÓN METROPOLITANA DE SANTIAGO", "COD_PROVIN": 131.0, "PROVINCIA": "SANTIAGO", "COD_COMUNA": 13101.0, "COMUNA": "SANTIAGO", "DIRECCION": "EJERCITO", "NUMERO_DI": 333.0, "LUGAR_REFE": null, "LATITUD": -33.451121, "LONGITUD": -70.660819 }, "geometry": { "type": "Point", "coordinates": [ -70.660819, -33.451121 ] } },
{ "type": "Feature", "properties": { "AÑO": 2020.0, "COD_INST": 20.0, "TIPO_INST": "Universidades Privadas", "NOMBRE_INS": "UNIVERSIDAD ANDRÉS BELLO", "NOMBRE_INM": "CAMPUS REPUBLICA", "COD_REGION": 13.0, "REGIÓN": "REGIÓN METROPOLITANA DE SANTIAGO", "COD_PROVIN": 131.0, "PROVINCIA": "SANTIAGO", "COD_COMUNA": 13101.0, "COMUNA": "SANTIAGO", "DIRECCION": "REPUBLICA", "NUMERO_DI": 206.0, "LUGAR_REFE": "Y 210", "LATITUD": -33.451187, "LONGITUD": -70.667314 }, "geometry": { "type": "Point", "coordinates": [ -70.667314, -33.451187 ] } },
{ "type": "Feature", "properties": { "AÑO": 2020.0, "COD_INST": 123.0, "TIPO_INST": "Institutos Profesionales", "NOMBRE_INS": "IP DE CHILE", "NOMBRE_INM": "GIMNASIO ESPAÑA", "COD_REGION": 13.0, "REGIÓN": "REGIÓN METROPOLITANA DE SANTIAGO", "COD_PROVIN": 131.0, "PROVINCIA": "SANTIAGO", "COD_COMUNA": 13101.0, "COMUNA": "SANTIAGO", "DIRECCION": "AVENIDA ESPAÑA", "NUMERO_DI": 167.0, "LUGAR_REFE": "-175", "LATITUD": -33.451209, "LONGITUD": -70.669914 }, "geometry": { "type": "Point", "coordinates": [ -70.669914, -33.451209 ] } },
{ "type": "Feature", "properties": { "AÑO": 2020.0, "COD_INST": 20.0, "TIPO_INST": "Universidades Privadas", "NOMBRE_INS": "UNIVERSIDAD ANDRÉS BELLO", "NOMBRE_INM": "CAMPUS REPUBLICA", "COD_REGION": 13.0, "REGIÓN": "REGIÓN METROPOLITANA DE SANTIAGO", "COD_PROVIN": 131.0, "PROVINCIA": "SANTIAGO", "COD_COMUNA": 13101.0, "COMUNA": "SANTIAGO", "DIRECCION": "ECHAURREN", "NUMERO_DI": 237.0, "LUGAR_REFE": "Y 253", "LATITUD": -33.451284, "LONGITUD": -70.666467 }, "geometry": { "type": "Point", "coordinates": [ -70.666467, -33.451284 ] } },
{ "type": "Feature", "properties": { "AÑO": 2020.0, "COD_INST": 4.0, "TIPO_INST": "Universidades Privadas", "NOMBRE_INS": "UNIVERSIDAD CENTRAL DE CHILE", "NOMBRE_INM": "CENTRO DE SIMULACION", "COD_REGION": 13.0, "REGIÓN": "REGIÓN METROPOLITANA DE SANTIAGO", "COD_PROVIN": 131.0, "PROVINCIA": "SANTIAGO", "COD_COMUNA": 13101.0, "COMUNA": "SANTIAGO", "DIRECCION": "LORD COCHRANE", "NUMERO_DI": 416.0, "LUGAR_REFE": null, "LATITUD": -33.451301, "LONGITUD": -70.654288 }, "geometry": { "type": "Point", "coordinates": [ -70.654288, -33.451301 ] } },
{ "type": "Feature", "properties": { "AÑO": 2020.0, "COD_INST": 4.0, "TIPO_INST": "Universidades Privadas", "NOMBRE_INS": "UNIVERSIDAD CENTRAL DE CHILE", "NOMBRE_INM": "CAMPUS GONZALO HERNANDEZ", "COD_REGION": 13.0, "REGIÓN": "REGIÓN METROPOLITANA DE SANTIAGO", "COD_PROVIN": 131.0, "PROVINCIA": "SANTIAGO", "COD_COMUNA": 13101.0, "COMUNA": "SANTIAGO", "DIRECCION": "LORD COCHRANE", "NUMERO_DI": 417.0, "LUGAR_REFE": null, "LATITUD": -33.451388, "LONGITUD": -70.655361 }, "geometry": { "type": "Point", "coordinates": [ -70.655361, -33.451388 ] } },
{ "type": "Feature", "properties": { "AÑO": 2020.0, "COD_INST": 20.0, "TIPO_INST": "Universidades Privadas", "NOMBRE_INS": "UNIVERSIDAD ANDRÉS BELLO", "NOMBRE_INM": "CAMPUS REPUBLICA", "COD_REGION": 13.0, "REGIÓN": "REGIÓN METROPOLITANA DE SANTIAGO", "COD_PROVIN": 131.0, "PROVINCIA": "SANTIAGO", "COD_COMUNA": 13101.0, "COMUNA": "SANTIAGO", "DIRECCION": "REPUBLICA", "NUMERO_DI": 237.0, "LUGAR_REFE": "Y 239", "LATITUD": -33.451512, "LONGITUD": -70.667852 }, "geometry": { "type": "Point", "coordinates": [ -70.667852, -33.451512 ] } },
{ "type": "Feature", "properties": { "AÑO": 2020.0, "COD_INST": 85.0, "TIPO_INST": "Universidades (* Carrera en Convenio)", "NOMBRE_INS": "UNIVERSIDAD TECNOLÓGICA METROPOLITANA", "NOMBRE_INM": "DIECIOCHO 414", "COD_REGION": 13.0, "REGIÓN": "REGIÓN METROPOLITANA DE SANTIAGO", "COD_PROVIN": 131.0, "PROVINCIA": "SANTIAGO", "COD_COMUNA": 13101.0, "COMUNA": "SANTIAGO", "DIRECCION": "DIECIOCHO", "NUMERO_DI": 414.0, "LUGAR_REFE": null, "LATITUD": -33.451538, "LONGITUD": -70.656898 }, "geometry": { "type": "Point", "coordinates": [ -70.656898, -33.451538 ] } },
{ "type": "Feature", "properties": { "AÑO": 2020.0, "COD_INST": 20.0, "TIPO_INST": "Universidades Privadas", "NOMBRE_INS": "UNIVERSIDAD ANDRÉS BELLO", "NOMBRE_INM": "CAMPUS REPUBLICA", "COD_REGION": 13.0, "REGIÓN": "REGIÓN METROPOLITANA DE SANTIAGO", "COD_PROVIN": 131.0, "PROVINCIA": "SANTIAGO", "COD_COMUNA": 13101.0, "COMUNA": "SANTIAGO", "DIRECCION": "REPUBLICA", "NUMERO_DI": 252.0, "LUGAR_REFE": "Y 276", "LATITUD": -33.451643, "LONGITUD": -70.667267 }, "geometry": { "type": "Point", "coordinates": [ -70.667267, -33.451643 ] } },
{ "type": "Feature", "properties": { "AÑO": 2020.0, "COD_INST": 492.0, "TIPO_INST": "CENTROS DE FORMACIÓN TÉCNICA", "NOMBRE_INS": "CFT CEITEC", "NOMBRE_INM": "CENTRO DE FORMACION TECNICA CEITEC", "COD_REGION": 13.0, "REGIÓN": "REGIÓN METROPOLITANA DE SANTIAGO", "COD_PROVIN": 131.0, "PROVINCIA": "SANTIAGO", "COD_COMUNA": 13101.0, "COMUNA": "SANTIAGO", "DIRECCION": "GORBEA", "NUMERO_DI": 1777.0, "LUGAR_REFE": null, "LATITUD": -33.451652, "LONGITUD": -70.660164 }, "geometry": { "type": "Point", "coordinates": [ -70.660164, -33.451652 ] } },
{ "type": "Feature", "properties": { "AÑO": 2020.0, "COD_INST": 20.0, "TIPO_INST": "Universidades Privadas", "NOMBRE_INS": "UNIVERSIDAD ANDRÉS BELLO", "NOMBRE_INM": "CAMPUS REPUBLICA", "COD_REGION": 13.0, "REGIÓN": "REGIÓN METROPOLITANA DE SANTIAGO", "COD_PROVIN": 131.0, "PROVINCIA": "SANTIAGO", "COD_COMUNA": 13101.0, "COMUNA": "SANTIAGO", "DIRECCION": "ECHAURREN", "NUMERO_DI": 277.0, "LUGAR_REFE": "Y 279", "LATITUD": -33.451662, "LONGITUD": -70.666448 }, "geometry": { "type": "Point", "coordinates": [ -70.666448, -33.451662 ] } },
{ "type": "Feature", "properties": { "AÑO": 2020.0, "COD_INST": 20.0, "TIPO_INST": "Universidades Privadas", "NOMBRE_INS": "UNIVERSIDAD ANDRÉS BELLO", "NOMBRE_INM": "CAMPUS REPUBLICA", "COD_REGION": 13.0, "REGIÓN": "REGIÓN METROPOLITANA DE SANTIAGO", "COD_PROVIN": 131.0, "PROVINCIA": "SANTIAGO", "COD_COMUNA": 13101.0, "COMUNA": "SANTIAGO", "DIRECCION": "GRAJALES", "NUMERO_DI": 2245.0, "LUGAR_REFE": null, "LATITUD": -33.451935, "LONGITUD": -70.666871 }, "geometry": { "type": "Point", "coordinates": [ -70.666871, -33.451935 ] } },
{ "type": "Feature", "properties": { "AÑO": 2020.0, "COD_INST": 123.0, "TIPO_INST": "Institutos Profesionales", "NOMBRE_INS": "IP DE CHILE", "NOMBRE_INM": "EDIFICIO C", "COD_REGION": 13.0, "REGIÓN": "REGIÓN METROPOLITANA DE SANTIAGO", "COD_PROVIN": 131.0, "PROVINCIA": "SANTIAGO", "COD_COMUNA": 13101.0, "COMUNA": "SANTIAGO", "DIRECCION": "AVENIDA REPUBLICA", "NUMERO_DI": 290.0, "LUGAR_REFE": null, "LATITUD": -33.452015, "LONGITUD": -70.667395 }, "geometry": { "type": "Point", "coordinates": [ -70.667395, -33.452015 ] } },
{ "type": "Feature", "properties": { "AÑO": 2020.0, "COD_INST": 123.0, "TIPO_INST": "Institutos Profesionales", "NOMBRE_INS": "IP DE CHILE", "NOMBRE_INM": "EDIFICIO R", "COD_REGION": 13.0, "REGIÓN": "REGIÓN METROPOLITANA DE SANTIAGO", "COD_PROVIN": 131.0, "PROVINCIA": "SANTIAGO", "COD_COMUNA": 13101.0, "COMUNA": "SANTIAGO", "DIRECCION": "AVENIDA REPUBLICA", "NUMERO_DI": 285.0, "LUGAR_REFE": "-289", "LATITUD": -33.45206, "LONGITUD": -70.667727 }, "geometry": { "type": "Point", "coordinates": [ -70.667727, -33.45206 ] } },
{ "type": "Feature", "properties": { "AÑO": 2020.0, "COD_INST": 3.0, "TIPO_INST": "Universidades Privadas CRUCH", "NOMBRE_INS": "UNIVERSIDAD DIEGO PORTALES", "NOMBRE_INM": "CASA CENTRAL", "COD_REGION": 13.0, "REGIÓN": "REGIÓN METROPOLITANA DE SANTIAGO", "COD_PROVIN": 131.0, "PROVINCIA": "SANTIAGO", "COD_COMUNA": 13101.0, "COMUNA": "SANTIAGO", "DIRECCION": "EJERCITO", "NUMERO_DI": 412.0, "LUGAR_REFE": null, "LATITUD": -33.452073, "LONGITUD": -70.660169 }, "geometry": { "type": "Point", "coordinates": [ -70.660169, -33.452073 ] } },
{ "type": "Feature", "properties": { "AÑO": 2020.0, "COD_INST": 20.0, "TIPO_INST": "Universidades Privadas", "NOMBRE_INS": "UNIVERSIDAD ANDRÉS BELLO", "NOMBRE_INM": "CAMPUS REPUBLICA", "COD_REGION": 13.0, "REGIÓN": "REGIÓN METROPOLITANA DE SANTIAGO", "COD_PROVIN": 131.0, "PROVINCIA": "SANTIAGO", "COD_COMUNA": 13101.0, "COMUNA": "SANTIAGO", "DIRECCION": "REPUBLICA", "NUMERO_DI": 302.0, "LUGAR_REFE": "Y 330", "LATITUD": -33.452284, "LONGITUD": -70.667321 }, "geometry": { "type": "Point", "coordinates": [ -70.667321, -33.452284 ] } },
{ "type": "Feature", "properties": { "AÑO": 2020.0, "COD_INST": 20.0, "TIPO_INST": "Universidades Privadas", "NOMBRE_INS": "UNIVERSIDAD ANDRÉS BELLO", "NOMBRE_INM": "CAMPUS REPUBLICA", "COD_REGION": 13.0, "REGIÓN": "REGIÓN METROPOLITANA DE SANTIAGO", "COD_PROVIN": 131.0, "PROVINCIA": "SANTIAGO", "COD_COMUNA": 13101.0, "COMUNA": "SANTIAGO", "DIRECCION": "GRAJALES", "NUMERO_DI": 2264.0, "LUGAR_REFE": null, "LATITUD": -33.452314, "LONGITUD": -70.666943 }, "geometry": { "type": "Point", "coordinates": [ -70.666943, -33.452314 ] } },
{ "type": "Feature", "properties": { "AÑO": 2020.0, "COD_INST": 4.0, "TIPO_INST": "Universidades Privadas", "NOMBRE_INS": "UNIVERSIDAD CENTRAL DE CHILE", "NOMBRE_INM": "EDIFICIO POLIDEPORTIVO", "COD_REGION": 13.0, "REGIÓN": "REGIÓN METROPOLITANA DE SANTIAGO", "COD_PROVIN": 131.0, "PROVINCIA": "SANTIAGO", "COD_COMUNA": 13101.0, "COMUNA": "SANTIAGO", "DIRECCION": "AVENIDA SANTA ISABEL", "NUMERO_DI": 1148.0, "LUGAR_REFE": null, "LATITUD": -33.452359, "LONGITUD": -70.650579 }, "geometry": { "type": "Point", "coordinates": [ -70.650579, -33.452359 ] } },
{ "type": "Feature", "properties": { "AÑO": 2020.0, "COD_INST": 4.0, "TIPO_INST": "Universidades Privadas", "NOMBRE_INS": "UNIVERSIDAD CENTRAL DE CHILE", "NOMBRE_INM": "CAMPUS VICENTE KOVACEVIC II", "COD_REGION": 13.0, "REGIÓN": "REGIÓN METROPOLITANA DE SANTIAGO", "COD_PROVIN": 131.0, "PROVINCIA": "SANTIAGO", "COD_COMUNA": 13101.0, "COMUNA": "SANTIAGO", "DIRECCION": "AVENIDA SANTA ISABEL", "NUMERO_DI": 1278.0, "LUGAR_REFE": null, "LATITUD": -33.452372, "LONGITUD": -70.652291 }, "geometry": { "type": "Point", "coordinates": [ -70.652291, -33.452372 ] } },
{ "type": "Feature", "properties": { "AÑO": 2020.0, "COD_INST": 3.0, "TIPO_INST": "Universidades Privadas CRUCH", "NOMBRE_INS": "UNIVERSIDAD DIEGO PORTALES", "NOMBRE_INM": "FACULTAD DE INGENIERIA", "COD_REGION": 13.0, "REGIÓN": "REGIÓN METROPOLITANA DE SANTIAGO", "COD_PROVIN": 131.0, "PROVINCIA": "SANTIAGO", "COD_COMUNA": 13101.0, "COMUNA": "SANTIAGO", "DIRECCION": "EJERCITO", "NUMERO_DI": 441.0, "LUGAR_REFE": null, "LATITUD": -33.452612, "LONGITUD": -70.660961 }, "geometry": { "type": "Point", "coordinates": [ -70.660961, -33.452612 ] } },
{ "type": "Feature", "properties": { "AÑO": 2020.0, "COD_INST": 4.0, "TIPO_INST": "Universidades Privadas", "NOMBRE_INS": "UNIVERSIDAD CENTRAL DE CHILE", "NOMBRE_INM": "CAMPUS VICENTE KOVACEVIC I", "COD_REGION": 13.0, "REGIÓN": "REGIÓN METROPOLITANA DE SANTIAGO", "COD_PROVIN": 131.0, "PROVINCIA": "SANTIAGO", "COD_COMUNA": 13101.0, "COMUNA": "SANTIAGO", "DIRECCION": "AVENIDA SANTA ISABEL", "NUMERO_DI": 1186.0, "LUGAR_REFE": null, "LATITUD": -33.452709, "LONGITUD": -70.652327 }, "geometry": { "type": "Point", "coordinates": [ -70.652327, -33.452709 ] } },
{ "type": "Feature", "properties": { "AÑO": 2020.0, "COD_INST": 3.0, "TIPO_INST": "Universidades Privadas CRUCH", "NOMBRE_INS": "UNIVERSIDAD DIEGO PORTALES", "NOMBRE_INM": "FACULTAD DE INGENIERIA CASONA", "COD_REGION": 13.0, "REGIÓN": "REGIÓN METROPOLITANA DE SANTIAGO", "COD_PROVIN": 131.0, "PROVINCIA": "SANTIAGO", "COD_COMUNA": 13101.0, "COMUNA": "SANTIAGO", "DIRECCION": "VERGARA", "NUMERO_DI": 460.0, "LUGAR_REFE": null, "LATITUD": -33.452812, "LONGITUD": -70.66142 }, "geometry": { "type": "Point", "coordinates": [ -70.66142, -33.452812 ] } },
{ "type": "Feature", "properties": { "AÑO": 2020.0, "COD_INST": 123.0, "TIPO_INST": "Institutos Profesionales", "NOMBRE_INS": "IP DE CHILE", "NOMBRE_INM": "EDIFICIO E", "COD_REGION": 13.0, "REGIÓN": "REGIÓN METROPOLITANA DE SANTIAGO", "COD_PROVIN": 131.0, "PROVINCIA": "SANTIAGO", "COD_COMUNA": 13101.0, "COMUNA": "SANTIAGO", "DIRECCION": "GRAJALES", "NUMERO_DI": 2374.0, "LUGAR_REFE": null, "LATITUD": -33.452846, "LONGITUD": -70.669099 }, "geometry": { "type": "Point", "coordinates": [ -70.669099, -33.452846 ] } },
{ "type": "Feature", "properties": { "AÑO": 2020.0, "COD_INST": 4.0, "TIPO_INST": "Universidades Privadas", "NOMBRE_INS": "UNIVERSIDAD CENTRAL DE CHILE", "NOMBRE_INM": "CASA CENTRAL", "COD_REGION": 13.0, "REGIÓN": "REGIÓN METROPOLITANA DE SANTIAGO", "COD_PROVIN": 131.0, "PROVINCIA": "SANTIAGO", "COD_COMUNA": 13101.0, "COMUNA": "SANTIAGO", "DIRECCION": "TOESCA", "NUMERO_DI": 1783.0, "LUGAR_REFE": null, "LATITUD": -33.452917, "LONGITUD": -70.660018 }, "geometry": { "type": "Point", "coordinates": [ -70.660018, -33.452917 ] } },
{ "type": "Feature", "properties": { "AÑO": 2020.0, "COD_INST": 85.0, "TIPO_INST": "Universidades (* Carrera en Convenio)", "NOMBRE_INS": "UNIVERSIDAD TECNOLÓGICA METROPOLITANA", "NOMBRE_INM": "ALMIRANTE LATORRE 425", "COD_REGION": 13.0, "REGIÓN": "REGIÓN METROPOLITANA DE SANTIAGO", "COD_PROVIN": 131.0, "PROVINCIA": "SANTIAGO", "COD_COMUNA": 13101.0, "COMUNA": "SANTIAGO", "DIRECCION": "ALMIRANTE LATORRE", "NUMERO_DI": 425.0, "LUGAR_REFE": null, "LATITUD": -33.453092, "LONGITUD": -70.664636 }, "geometry": { "type": "Point", "coordinates": [ -70.664636, -33.453092 ] } },
{ "type": "Feature", "properties": { "AÑO": 2020.0, "COD_INST": 123.0, "TIPO_INST": "Institutos Profesionales", "NOMBRE_INS": "IP DE CHILE", "NOMBRE_INM": "EDIFICIO I", "COD_REGION": 13.0, "REGIÓN": "REGIÓN METROPOLITANA DE SANTIAGO", "COD_PROVIN": 131.0, "PROVINCIA": "SANTIAGO", "COD_COMUNA": 13101.0, "COMUNA": "SANTIAGO", "DIRECCION": "AVENIDA ESPAÑA", "NUMERO_DI": 340.0, "LUGAR_REFE": null, "LATITUD": -33.453123, "LONGITUD": -70.669119 }, "geometry": { "type": "Point", "coordinates": [ -70.669119, -33.453123 ] } },
{ "type": "Feature", "properties": { "AÑO": 2020.0, "COD_INST": 20.0, "TIPO_INST": "Universidades Privadas", "NOMBRE_INS": "UNIVERSIDAD ANDRÉS BELLO", "NOMBRE_INM": "CAMPUS REPUBLICA", "COD_REGION": 13.0, "REGIÓN": "REGIÓN METROPOLITANA DE SANTIAGO", "COD_PROVIN": 131.0, "PROVINCIA": "SANTIAGO", "COD_COMUNA": 13101.0, "COMUNA": "SANTIAGO", "DIRECCION": "REPUBLICA", "NUMERO_DI": 399.0, "LUGAR_REFE": null, "LATITUD": -33.453228, "LONGITUD": -70.667664 }, "geometry": { "type": "Point", "coordinates": [ -70.667664, -33.453228 ] } },
{ "type": "Feature", "properties": { "AÑO": 2020.0, "COD_INST": 42.0, "TIPO_INST": "Universidades Privadas", "NOMBRE_INS": "UNIVERSIDAD CATÓLICA CARDENAL RAÚL SILVA HENRÍQUEZ", "NOMBRE_INM": "UNIVERSIDAD CATOLICA SILVA HENRIQUEZ", "COD_REGION": 13.0, "REGIÓN": "REGIÓN METROPOLITANA DE SANTIAGO", "COD_PROVIN": 131.0, "PROVINCIA": "SANTIAGO", "COD_COMUNA": 13101.0, "COMUNA": "SANTIAGO", "DIRECCION": "SAN ISIDRO", "NUMERO_DI": 560.0, "LUGAR_REFE": null, "LATITUD": -33.453546, "LONGITUD": -70.655647 }, "geometry": { "type": "Point", "coordinates": [ -70.655647, -33.453546 ] } },
{ "type": "Feature", "properties": { "AÑO": 2020.0, "COD_INST": 382.0, "TIPO_INST": "Centros de Formación Técnica", "NOMBRE_INS": "CFT ALPES", "NOMBRE_INM": "CASA CENTRAL", "COD_REGION": 13.0, "REGIÓN": "REGIÓN METROPOLITANA DE SANTIAGO", "COD_PROVIN": 131.0, "PROVINCIA": "SANTIAGO", "COD_COMUNA": 13101.0, "COMUNA": "SANTIAGO", "DIRECCION": "REPUBLICA", "NUMERO_DI": 430.0, "LUGAR_REFE": null, "LATITUD": -33.453639, "LONGITUD": -70.666987 }, "geometry": { "type": "Point", "coordinates": [ -70.666987, -33.453639 ] } },
{ "type": "Feature", "properties": { "AÑO": 2020.0, "COD_INST": 84.0, "TIPO_INST": "Universidades Estatales CRUCH", "NOMBRE_INS": "UNIVERSIDAD DE LOS LAGOS", "NOMBRE_INM": "CAMPUS SANTIAGO", "COD_REGION": 13.0, "REGIÓN": "REGIÓN METROPOLITANA DE SANTIAGO", "COD_PROVIN": 131.0, "PROVINCIA": "SANTIAGO", "COD_COMUNA": 13101.0, "COMUNA": "SANTIAGO", "DIRECCION": "AVENIDA REPUBLICA", "NUMERO_DI": 517.0, "LUGAR_REFE": ", BARRIO UNIVERSITARIO", "LATITUD": -33.454822, "LONGITUD": -70.667175 }, "geometry": { "type": "Point", "coordinates": [ -70.667175, -33.454822 ] } },
{ "type": "Feature", "properties": { "AÑO": 2020.0, "COD_INST": 123.0, "TIPO_INST": "Institutos Profesionales", "NOMBRE_INS": "IP DE CHILE", "NOMBRE_INM": "GIMNASIO TOESCA", "COD_REGION": 13.0, "REGIÓN": "REGIÓN METROPOLITANA DE SANTIAGO", "COD_PROVIN": 131.0, "PROVINCIA": "SANTIAGO", "COD_COMUNA": 13101.0, "COMUNA": "SANTIAGO", "DIRECCION": "TOESCA", "NUMERO_DI": 2486.0, "LUGAR_REFE": "- GAY 2483 -2485 -2487", "LATITUD": -33.455222, "LONGITUD": -70.670094 }, "geometry": { "type": "Point", "coordinates": [ -70.670094, -33.455222 ] } },
{ "type": "Feature", "properties": { "AÑO": 2020.0, "COD_INST": 123.0, "TIPO_INST": "Institutos Profesionales", "NOMBRE_INS": "IP DE CHILE", "NOMBRE_INM": "GIMNASIO 2 TOESCA", "COD_REGION": 13.0, "REGIÓN": "REGIÓN METROPOLITANA DE SANTIAGO", "COD_PROVIN": 131.0, "PROVINCIA": "SANTIAGO", "COD_COMUNA": 13101.0, "COMUNA": "SANTIAGO", "DIRECCION": "CLAUDIO GAY", "NUMERO_DI": 2503.0, "LUGAR_REFE": "-2509", "LATITUD": -33.456177, "LONGITUD": -70.670117 }, "geometry": { "type": "Point", "coordinates": [ -70.670117, -33.456177 ] } },
{ "type": "Feature", "properties": { "AÑO": 2020.0, "COD_INST": 70.0, "TIPO_INST": "Universidades Estatales CRUCH", "NOMBRE_INS": "UNIVERSIDAD DE CHILE", "NOMBRE_INM": "FACULTAD DE CIENCIAS FISICAS Y MATEMATICAS RECINTO DE GIMNASIO", "COD_REGION": 13.0, "REGIÓN": "REGIÓN METROPOLITANA DE SANTIAGO", "COD_PROVIN": 131.0, "PROVINCIA": "SANTIAGO", "COD_COMUNA": 13101.0, "COMUNA": "SANTIAGO", "DIRECCION": "DOMEYKO", "NUMERO_DI": 2092.0, "LUGAR_REFE": null, "LATITUD": -33.456341, "LONGITUD": -70.663941 }, "geometry": { "type": "Point", "coordinates": [ -70.663941, -33.456341 ] } },
{ "type": "Feature", "properties": { "AÑO": 2020.0, "COD_INST": 70.0, "TIPO_INST": "Universidades Estatales CRUCH", "NOMBRE_INS": "UNIVERSIDAD DE CHILE", "NOMBRE_INM": "FACULTAD DE CIENCIAS FISICAS Y MATEMATICAS CASA ROJA NICLABS", "COD_REGION": 13.0, "REGIÓN": "REGIÓN METROPOLITANA DE SANTIAGO", "COD_PROVIN": 131.0, "PROVINCIA": "SANTIAGO", "COD_COMUNA": 13101.0, "COMUNA": "SANTIAGO", "DIRECCION": "AVENIDA BLANCO ENCALADA", "NUMERO_DI": 1975.0, "LUGAR_REFE": null, "LATITUD": -33.456598, "LONGITUD": -70.662187 }, "geometry": { "type": "Point", "coordinates": [ -70.662187, -33.456598 ] } },
{ "type": "Feature", "properties": { "AÑO": 2020.0, "COD_INST": 70.0, "TIPO_INST": "Universidades Estatales CRUCH", "NOMBRE_INS": "UNIVERSIDAD DE CHILE", "NOMBRE_INM": "FACULTAD DE CIENCIAS FISICAS Y MATEMATICAS DEPARTAMENTO DE INGENIERIA INDUSTRIAL", "COD_REGION": 13.0, "REGIÓN": "REGIÓN METROPOLITANA DE SANTIAGO", "COD_PROVIN": 131.0, "PROVINCIA": "SANTIAGO", "COD_COMUNA": 13101.0, "COMUNA": "SANTIAGO", "DIRECCION": "DOMEYKO", "NUMERO_DI": 2313.0, "LUGAR_REFE": null, "LATITUD": -33.456626, "LONGITUD": -70.666856 }, "geometry": { "type": "Point", "coordinates": [ -70.666856, -33.456626 ] } },
{ "type": "Feature", "properties": { "AÑO": 2020.0, "COD_INST": 70.0, "TIPO_INST": "Universidades Estatales CRUCH", "NOMBRE_INS": "UNIVERSIDAD DE CHILE", "NOMBRE_INM": "FACULTAD DE CIENCIAS FISICAS Y MATEMATICAS DEPARTAMENTO DE INGENIERIA INDUSTRIAL", "COD_REGION": 13.0, "REGIÓN": "REGIÓN METROPOLITANA DE SANTIAGO", "COD_PROVIN": 131.0, "PROVINCIA": "SANTIAGO", "COD_COMUNA": 13101.0, "COMUNA": "SANTIAGO", "DIRECCION": "DOMEYKO", "NUMERO_DI": 2359.0, "LUGAR_REFE": "-2367", "LATITUD": -33.456731, "LONGITUD": -70.667481 }, "geometry": { "type": "Point", "coordinates": [ -70.667481, -33.456731 ] } },
{ "type": "Feature", "properties": { "AÑO": 2020.0, "COD_INST": 70.0, "TIPO_INST": "Universidades Estatales CRUCH", "NOMBRE_INS": "UNIVERSIDAD DE CHILE", "NOMBRE_INM": "FACULTAD DE CIENCIAS FISICAS Y MATEMATICAS DEPARTAMENTO DE INGENIERIA INDUSTRIAL", "COD_REGION": 13.0, "REGIÓN": "REGIÓN METROPOLITANA DE SANTIAGO", "COD_PROVIN": 131.0, "PROVINCIA": "SANTIAGO", "COD_COMUNA": 13101.0, "COMUNA": "SANTIAGO", "DIRECCION": "DOMEYKO", "NUMERO_DI": 2361.0, "LUGAR_REFE": "-2365", "LATITUD": -33.456766, "LONGITUD": -70.667532 }, "geometry": { "type": "Point", "coordinates": [ -70.667532, -33.456766 ] } },
{ "type": "Feature", "properties": { "AÑO": 2020.0, "COD_INST": 70.0, "TIPO_INST": "Universidades Estatales CRUCH", "NOMBRE_INS": "UNIVERSIDAD DE CHILE", "NOMBRE_INM": "FACULTAD DE CIENCIAS FISICAS Y MATEMATICAS CASA ALESSANDRI", "COD_REGION": 13.0, "REGIÓN": "REGIÓN METROPOLITANA DE SANTIAGO", "COD_PROVIN": 131.0, "PROVINCIA": "SANTIAGO", "COD_COMUNA": 13101.0, "COMUNA": "SANTIAGO", "DIRECCION": "REPUBLICA", "NUMERO_DI": 701.0, "LUGAR_REFE": null, "LATITUD": -33.456872, "LONGITUD": -70.666847 }, "geometry": { "type": "Point", "coordinates": [ -70.666847, -33.456872 ] } },
{ "type": "Feature", "properties": { "AÑO": 2020.0, "COD_INST": 70.0, "TIPO_INST": "Universidades Estatales CRUCH", "NOMBRE_INS": "UNIVERSIDAD DE CHILE", "NOMBRE_INM": "FACULTAD DE CIENCIAS FISICAS Y MATEMATICAS EDIFICIO CIVIL GEOFISICA", "COD_REGION": 13.0, "REGIÓN": "REGIÓN METROPOLITANA DE SANTIAGO", "COD_PROVIN": 131.0, "PROVINCIA": "SANTIAGO", "COD_COMUNA": 13101.0, "COMUNA": "SANTIAGO", "DIRECCION": "AVENIDA BLANCO ENCALADA", "NUMERO_DI": 2008.0, "LUGAR_REFE": null, "LATITUD": -33.457147, "LONGITUD": -70.662719 }, "geometry": { "type": "Point", "coordinates": [ -70.662719, -33.457147 ] } },
{ "type": "Feature", "properties": { "AÑO": 2020.0, "COD_INST": 70.0, "TIPO_INST": "Universidades Estatales CRUCH", "NOMBRE_INS": "UNIVERSIDAD DE CHILE", "NOMBRE_INM": "FACULTAD DE CIENCIAS FISICAS Y MATEMATICAS REPUBLICA 779", "COD_REGION": 13.0, "REGIÓN": "REGIÓN METROPOLITANA DE SANTIAGO", "COD_PROVIN": 131.0, "PROVINCIA": "SANTIAGO", "COD_COMUNA": 13101.0, "COMUNA": "SANTIAGO", "DIRECCION": "REPUBLICA", "NUMERO_DI": 779.0, "LUGAR_REFE": null, "LATITUD": -33.457161, "LONGITUD": -70.666727 }, "geometry": { "type": "Point", "coordinates": [ -70.666727, -33.457161 ] } },
{ "type": "Feature", "properties": { "AÑO": 2020.0, "COD_INST": 70.0, "TIPO_INST": "Universidades Estatales CRUCH", "NOMBRE_INS": "UNIVERSIDAD DE CHILE", "NOMBRE_INM": "FACULTAD DE CIENCIAS FISICAS Y MATEMATICAS EDIFICIO FISICA", "COD_REGION": 13.0, "REGIÓN": "REGIÓN METROPOLITANA DE SANTIAGO", "COD_PROVIN": 131.0, "PROVINCIA": "SANTIAGO", "COD_COMUNA": 13101.0, "COMUNA": "SANTIAGO", "DIRECCION": "AVENIDA BLANCO ENCALADA", "NUMERO_DI": 2002.0, "LUGAR_REFE": null, "LATITUD": -33.457288, "LONGITUD": -70.662039 }, "geometry": { "type": "Point", "coordinates": [ -70.662039, -33.457288 ] } },
{ "type": "Feature", "properties": { "AÑO": 2020.0, "COD_INST": 70.0, "TIPO_INST": "Universidades Estatales CRUCH", "NOMBRE_INS": "UNIVERSIDAD DE CHILE", "NOMBRE_INM": "FACULTAD DE CIENCIAS FISICAS Y MATEMATICAS EDIFICIO ERCILLA 847", "COD_REGION": 13.0, "REGIÓN": "REGIÓN METROPOLITANA DE SANTIAGO", "COD_PROVIN": 131.0, "PROVINCIA": "SANTIAGO", "COD_COMUNA": 13101.0, "COMUNA": "SANTIAGO", "DIRECCION": "PLAZA ERCILLA", "NUMERO_DI": 847.0, "LUGAR_REFE": null, "LATITUD": -33.457581, "LONGITUD": -70.661087 }, "geometry": { "type": "Point", "coordinates": [ -70.661087, -33.457581 ] } },
{ "type": "Feature", "properties": { "AÑO": 2020.0, "COD_INST": 70.0, "TIPO_INST": "Universidades Estatales CRUCH", "NOMBRE_INS": "UNIVERSIDAD DE CHILE", "NOMBRE_INM": "FACULTAD DE CIENCIAS FISICAS Y MATEMATICAS EDIFICIO ESCUELA Y TORRE CENTRAL", "COD_REGION": 13.0, "REGIÓN": "REGIÓN METROPOLITANA DE SANTIAGO", "COD_PROVIN": 131.0, "PROVINCIA": "SANTIAGO", "COD_COMUNA": 13101.0, "COMUNA": "SANTIAGO", "DIRECCION": "AVENIDA BEAUCHEF", "NUMERO_DI": 850.0, "LUGAR_REFE": null, "LATITUD": -33.457786, "LONGITUD": -70.663598 }, "geometry": { "type": "Point", "coordinates": [ -70.663598, -33.457786 ] } },
{ "type": "Feature", "properties": { "AÑO": 2020.0, "COD_INST": 70.0, "TIPO_INST": "Universidades Estatales CRUCH", "NOMBRE_INS": "UNIVERSIDAD DE CHILE", "NOMBRE_INM": "FACULTAD DE CIENCIAS FISICAS Y MATEMATICAS EDIFICIO DEPARTAMENTO INGENIERIA ELECTRICA", "COD_REGION": 13.0, "REGIÓN": "REGIÓN METROPOLITANA DE SANTIAGO", "COD_PROVIN": 131.0, "PROVINCIA": "SANTIAGO", "COD_COMUNA": 13101.0, "COMUNA": "SANTIAGO", "DIRECCION": "TUPPER", "NUMERO_DI": 2007.0, "LUGAR_REFE": null, "LATITUD": -33.458017, "LONGITUD": -70.661989 }, "geometry": { "type": "Point", "coordinates": [ -70.661989, -33.458017 ] } },
{ "type": "Feature", "properties": { "AÑO": 2020.0, "COD_INST": 70.0, "TIPO_INST": "Universidades Estatales CRUCH", "NOMBRE_INS": "UNIVERSIDAD DE CHILE", "NOMBRE_INM": "FACULTAD DE CIENCIAS FISICAS Y MATEMATICAS EDIFICIO GEOLOGIA", "COD_REGION": 13.0, "REGIÓN": "REGIÓN METROPOLITANA DE SANTIAGO", "COD_PROVIN": 131.0, "PROVINCIA": "SANTIAGO", "COD_COMUNA": 13101.0, "COMUNA": "SANTIAGO", "DIRECCION": "PLAZA ERCILLA", "NUMERO_DI": 803.0, "LUGAR_REFE": null, "LATITUD": -33.458068, "LONGITUD": -70.661217 }, "geometry": { "type": "Point", "coordinates": [ -70.661217, -33.458068 ] } },
{ "type": "Feature", "properties": { "AÑO": 2020.0, "COD_INST": 70.0, "TIPO_INST": "Universidades Estatales CRUCH", "NOMBRE_INS": "UNIVERSIDAD DE CHILE", "NOMBRE_INM": "FACULTAD DE CIENCIAS FISICAS Y MATEMATICAS EDIFICIO MINAS", "COD_REGION": 13.0, "REGIÓN": "REGIÓN METROPOLITANA DE SANTIAGO", "COD_PROVIN": 131.0, "PROVINCIA": "SANTIAGO", "COD_COMUNA": 13101.0, "COMUNA": "SANTIAGO", "DIRECCION": "TUPPER", "NUMERO_DI": 2069.0, "LUGAR_REFE": null, "LATITUD": -33.458154, "LONGITUD": -70.662592 }, "geometry": { "type": "Point", "coordinates": [ -70.662592, -33.458154 ] } },
{ "type": "Feature", "properties": { "AÑO": 2020.0, "COD_INST": 70.0, "TIPO_INST": "Universidades Estatales CRUCH", "NOMBRE_INS": "UNIVERSIDAD DE CHILE", "NOMBRE_INM": "FACULTAD DE MEDICINA CAMPUS CENTRO", "COD_REGION": 13.0, "REGIÓN": "REGIÓN METROPOLITANA DE SANTIAGO", "COD_PROVIN": 131.0, "PROVINCIA": "SANTIAGO", "COD_COMUNA": 13101.0, "COMUNA": "SANTIAGO", "DIRECCION": "AVENIDA SANTA ROSA", "NUMERO_DI": 1234.0, "LUGAR_REFE": null, "LATITUD": -33.460873, "LONGITUD": -70.641939 }, "geometry": { "type": "Point", "coordinates": [ -70.641939, -33.460873 ] } },
{ "type": "Feature", "properties": { "AÑO": 2020.0, "COD_INST": 50.0, "TIPO_INST": "Universidades Privadas", "NOMBRE_INS": "UNIVERSIDAD BERNARDO O'HIGGINS", "NOMBRE_INM": "CASA CENTRAL", "COD_REGION": 13.0, "REGIÓN": "REGIÓN METROPOLITANA DE SANTIAGO", "COD_PROVIN": 131.0, "PROVINCIA": "SANTIAGO", "COD_COMUNA": 13101.0, "COMUNA": "SANTIAGO", "DIRECCION": "AVENIDA VIEL", "NUMERO_DI": 1497.0, "LUGAR_REFE": null, "LATITUD": -33.467109, "LONGITUD": -70.6575 }, "geometry": { "type": "Point", "coordinates": [ -70.6575, -33.467109 ] } },
{ "type": "Feature", "properties": { "AÑO": 2020.0, "COD_INST": 50.0, "TIPO_INST": "Universidades Privadas", "NOMBRE_INS": "UNIVERSIDAD BERNARDO O'HIGGINS", "NOMBRE_INM": "CENTRO DE EXTENSION CULTURAL", "COD_REGION": 13.0, "REGIÓN": "REGIÓN METROPOLITANA DE SANTIAGO", "COD_PROVIN": 131.0, "PROVINCIA": "SANTIAGO", "COD_COMUNA": 13101.0, "COMUNA": "SANTIAGO", "DIRECCION": "FABRICA", "NUMERO_DI": 1861.0, "LUGAR_REFE": null, "LATITUD": -33.470985, "LONGITUD": -70.657306 }, "geometry": { "type": "Point", "coordinates": [ -70.657306, -33.470985 ] } },
{ "type": "Feature", "properties": { "AÑO": 2020.0, "COD_INST": 50.0, "TIPO_INST": "Universidades Privadas", "NOMBRE_INS": "UNIVERSIDAD BERNARDO O'HIGGINS", "NOMBRE_INM": "CENTRO DE EXTENSION CULTURAL", "COD_REGION": 13.0, "REGIÓN": "REGIÓN METROPOLITANA DE SANTIAGO", "COD_PROVIN": 131.0, "PROVINCIA": "SANTIAGO", "COD_COMUNA": 13101.0, "COMUNA": "SANTIAGO", "DIRECCION": "FABRICA", "NUMERO_DI": 1865.0, "LUGAR_REFE": "-1867", "LATITUD": -33.471121, "LONGITUD": -70.657306 }, "geometry": { "type": "Point", "coordinates": [ -70.657306, -33.471121 ] } },
{ "type": "Feature", "properties": { "AÑO": 2020.0, "COD_INST": 50.0, "TIPO_INST": "Universidades Privadas", "NOMBRE_INS": "UNIVERSIDAD BERNARDO O'HIGGINS", "NOMBRE_INM": "CLINICA JURIDICA", "COD_REGION": 13.0, "REGIÓN": "REGIÓN METROPOLITANA DE SANTIAGO", "COD_PROVIN": 131.0, "PROVINCIA": "SANTIAGO", "COD_COMUNA": 13101.0, "COMUNA": "SANTIAGO", "DIRECCION": "FABRICA", "NUMERO_DI": 1890.0, "LUGAR_REFE": null, "LATITUD": -33.471316, "LONGITUD": -70.656998 }, "geometry": { "type": "Point", "coordinates": [ -70.656998, -33.471316 ] } },
{ "type": "Feature", "properties": { "AÑO": 2020.0, "COD_INST": 50.0, "TIPO_INST": "Universidades Privadas", "NOMBRE_INS": "UNIVERSIDAD BERNARDO O'HIGGINS", "NOMBRE_INM": "CAMPUS RONDIZZONI EDIFICIO UNO", "COD_REGION": 13.0, "REGIÓN": "REGIÓN METROPOLITANA DE SANTIAGO", "COD_PROVIN": 131.0, "PROVINCIA": "SANTIAGO", "COD_COMUNA": 13101.0, "COMUNA": "SANTIAGO", "DIRECCION": "GENERAL GANA", "NUMERO_DI": 1702.0, "LUGAR_REFE": null, "LATITUD": -33.471796, "LONGITUD": -70.657401 }, "geometry": { "type": "Point", "coordinates": [ -70.657401, -33.471796 ] } },
{ "type": "Feature", "properties": { "AÑO": 2020.0, "COD_INST": 50.0, "TIPO_INST": "Universidades Privadas", "NOMBRE_INS": "UNIVERSIDAD BERNARDO O'HIGGINS", "NOMBRE_INM": "CAMPUS BOULEVARD", "COD_REGION": 13.0, "REGIÓN": "REGIÓN METROPOLITANA DE SANTIAGO", "COD_PROVIN": 131.0, "PROVINCIA": "SANTIAGO", "COD_COMUNA": 13101.0, "COMUNA": "SANTIAGO", "DIRECCION": "AVENIDA VIEL PONIENTE", "NUMERO_DI": 1965.0, "LUGAR_REFE": null, "LATITUD": -33.472625, "LONGITUD": -70.656161 }, "geometry": { "type": "Point", "coordinates": [ -70.656161, -33.472625 ] } },
{ "type": "Feature", "properties": { "AÑO": 2020.0, "COD_INST": 42.0, "TIPO_INST": "Universidades Privadas", "NOMBRE_INS": "UNIVERSIDAD CATÓLICA CARDENAL RAÚL SILVA HENRÍQUEZ", "NOMBRE_INM": "UNIVERSIDAD CATOLICA SILVA HENRIQUEZ", "COD_REGION": 13.0, "REGIÓN": "REGIÓN METROPOLITANA DE SANTIAGO", "COD_PROVIN": 131.0, "PROVINCIA": "SANTIAGO", "COD_COMUNA": 13101.0, "COMUNA": "SANTIAGO", "DIRECCION": "ROOT", "NUMERO_DI": 528.0, "LUGAR_REFE": null, "LATITUD": -33.44719, "LONGITUD": -70.642771 }, "geometry": { "type": "Point", "coordinates": [ -70.642771, -33.44719 ] } },
{ "type": "Feature", "properties": { "AÑO": 2020.0, "COD_INST": 218.0, "TIPO_INST": "Centros de Formación Técnica", "NOMBRE_INS": "CFT DE ENAC", "NOMBRE_INM": "CFT ENAC 4", "COD_REGION": 13.0, "REGIÓN": "REGIÓN METROPOLITANA DE SANTIAGO", "COD_PROVIN": 131.0, "PROVINCIA": "SANTIAGO", "COD_COMUNA": 13101.0, "COMUNA": "SANTIAGO", "DIRECCION": "AVENIDA LIBERTADOR BERNARDO O'HIGGINS", "NUMERO_DI": 1958.0, "LUGAR_REFE": null, "LATITUD": -33.44746, "LONGITUD": -70.663215 }, "geometry": { "type": "Point", "coordinates": [ -70.663215, -33.44746 ] } },
{ "type": "Feature", "properties": { "AÑO": 2020.0, "COD_INST": 70.0, "TIPO_INST": "Universidades Estatales CRUCH", "NOMBRE_INS": "UNIVERSIDAD DE CHILE", "NOMBRE_INM": "FACULTAD DE ARTES SEDE MORANDE", "COD_REGION": 13.0, "REGIÓN": "REGIÓN METROPOLITANA DE SANTIAGO", "COD_PROVIN": 131.0, "PROVINCIA": "SANTIAGO", "COD_COMUNA": 13101.0, "COMUNA": "SANTIAGO", "DIRECCION": "MORANDE", "NUMERO_DI": 750.0, "LUGAR_REFE": null, "LATITUD": -33.435009, "LONGITUD": -70.654833 }, "geometry": { "type": "Point", "coordinates": [ -70.654833, -33.435009 ] } },
{ "type": "Feature", "properties": { "AÑO": 2020.0, "COD_INST": 74.0, "TIPO_INST": "Universidades Estatales CRUCH", "NOMBRE_INS": "UNIVERSIDAD DE LA SERENA", "NOMBRE_INM": "OFICINA SANTIAGO ULS", "COD_REGION": 13.0, "REGIÓN": "REGIÓN METROPOLITANA DE SANTIAGO", "COD_PROVIN": 131.0, "PROVINCIA": "SANTIAGO", "COD_COMUNA": 13101.0, "COMUNA": "SANTIAGO", "DIRECCION": "MONJITAS", "NUMERO_DI": 557.0, "LUGAR_REFE": "OFICINA 716", "LATITUD": -33.436357, "LONGITUD": -70.645361 }, "geometry": { "type": "Point", "coordinates": [ -70.645361, -33.436357 ] } },
{ "type": "Feature", "properties": { "AÑO": 2020.0, "COD_INST": 74.0, "TIPO_INST": "Universidades Estatales CRUCH", "NOMBRE_INS": "UNIVERSIDAD DE LA SERENA", "NOMBRE_INM": "BODEGA 3 Y ALMACENAJE", "COD_REGION": 13.0, "REGIÓN": "REGIÓN METROPOLITANA DE SANTIAGO", "COD_PROVIN": 131.0, "PROVINCIA": "SANTIAGO", "COD_COMUNA": 13101.0, "COMUNA": "SANTIAGO", "DIRECCION": "JOSE MIGUEL DE LA BARRA", "NUMERO_DI": 450.0, "LUGAR_REFE": null, "LATITUD": -33.437156, "LONGITUD": -70.64381 }, "geometry": { "type": "Point", "coordinates": [ -70.64381, -33.437156 ] } },
{ "type": "Feature", "properties": { "AÑO": 2020.0, "COD_INST": 70.0, "TIPO_INST": "Universidades Estatales CRUCH", "NOMBRE_INS": "UNIVERSIDAD DE CHILE", "NOMBRE_INM": "FACULTAD DE CIENCIAS FISICAS Y MATEMATICAS NIC", "COD_REGION": 13.0, "REGIÓN": "REGIÓN METROPOLITANA DE SANTIAGO", "COD_PROVIN": 131.0, "PROVINCIA": "SANTIAGO", "COD_COMUNA": 13101.0, "COMUNA": "SANTIAGO", "DIRECCION": "MIRAFLORES", "NUMERO_DI": 222.0, "LUGAR_REFE": "PISO 14", "LATITUD": -33.439863, "LONGITUD": -70.645724 }, "geometry": { "type": "Point", "coordinates": [ -70.645724, -33.439863 ] } },
{ "type": "Feature", "properties": { "AÑO": 2020.0, "COD_INST": 11.0, "TIPO_INST": "Universidades Privadas", "NOMBRE_INS": "UNIVERSIDAD ACADEMIA DE HUMANISMO CRISTIANO", "NOMBRE_INM": "BARROSO", "COD_REGION": 13.0, "REGIÓN": "REGIÓN METROPOLITANA DE SANTIAGO", "COD_PROVIN": 131.0, "PROVINCIA": "SANTIAGO", "COD_COMUNA": 13101.0, "COMUNA": "SANTIAGO", "DIRECCION": "ALMIRANTE BARROSO", "NUMERO_DI": 352.0, "LUGAR_REFE": null, "LATITUD": -33.440097, "LONGITUD": -70.662383 }, "geometry": { "type": "Point", "coordinates": [ -70.662383, -33.440097 ] } },
{ "type": "Feature", "properties": { "AÑO": 2020.0, "COD_INST": 74.0, "TIPO_INST": "Universidades Estatales CRUCH", "NOMBRE_INS": "UNIVERSIDAD DE LA SERENA", "NOMBRE_INM": "CASA DE HUESPEDES  FACULTAD INGENIERIA", "COD_REGION": 13.0, "REGIÓN": "REGIÓN METROPOLITANA DE SANTIAGO", "COD_PROVIN": 131.0, "PROVINCIA": "SANTIAGO", "COD_COMUNA": 13101.0, "COMUNA": "SANTIAGO", "DIRECCION": "SAN MARTIN", "NUMERO_DI": 237.0, "LUGAR_REFE": "DEPTO 1303", "LATITUD": -33.441062, "LONGITUD": -70.657657 }, "geometry": { "type": "Point", "coordinates": [ -70.657657, -33.441062 ] } },
{ "type": "Feature", "properties": { "AÑO": 2020.0, "COD_INST": 76.0, "TIPO_INST": "Universidades Estatales CRUCH", "NOMBRE_INS": "UNIVERSIDAD DE LA FRONTERA", "NOMBRE_INM": "OFICINA SANTIAGO", "COD_REGION": 13.0, "REGIÓN": "REGIÓN METROPOLITANA DE SANTIAGO", "COD_PROVIN": 131.0, "PROVINCIA": "SANTIAGO", "COD_COMUNA": 13101.0, "COMUNA": "SANTIAGO", "DIRECCION": "MONEDA", "NUMERO_DI": 673.0, "LUGAR_REFE": ", PISO 8", "LATITUD": -33.441219, "LONGITUD": -70.645802 }, "geometry": { "type": "Point", "coordinates": [ -70.645802, -33.441219 ] } },
{ "type": "Feature", "properties": { "AÑO": 2020.0, "COD_INST": 77.0, "TIPO_INST": "Universidades Estatales CRUCH", "NOMBRE_INS": "UNIVERSIDAD DE MAGALLANES", "NOMBRE_INM": "OFICINA Y ESTACIONAMIENTOS SANTIAGO", "COD_REGION": 13.0, "REGIÓN": "REGIÓN METROPOLITANA DE SANTIAGO", "COD_PROVIN": 131.0, "PROVINCIA": "SANTIAGO", "COD_COMUNA": 13101.0, "COMUNA": "SANTIAGO", "DIRECCION": "MONEDA", "NUMERO_DI": 625.0, "LUGAR_REFE": "675", "LATITUD": -33.441219, "LONGITUD": -70.645802 }, "geometry": { "type": "Point", "coordinates": [ -70.645802, -33.441219 ] } },
{ "type": "Feature", "properties": { "AÑO": 2020.0, "COD_INST": 69.0, "TIPO_INST": "Universidades Privadas CRUCH", "NOMBRE_INS": "UNIVERSIDAD ALBERTO HURTADO", "NOMBRE_INM": "CASA DIRECCION DE COMUNICACIONES", "COD_REGION": 13.0, "REGIÓN": "REGIÓN METROPOLITANA DE SANTIAGO", "COD_PROVIN": 131.0, "PROVINCIA": "SANTIAGO", "COD_COMUNA": 13101.0, "COMUNA": "SANTIAGO", "DIRECCION": "ALMIRANTE BARROSO", "NUMERO_DI": 60.0, "LUGAR_REFE": null, "LATITUD": -33.444305, "LONGITUD": -70.661943 }, "geometry": { "type": "Point", "coordinates": [ -70.661943, -33.444305 ] } },
{ "type": "Feature", "properties": { "AÑO": 2020.0, "COD_INST": 69.0, "TIPO_INST": "Universidades Privadas CRUCH", "NOMBRE_INS": "UNIVERSIDAD ALBERTO HURTADO", "NOMBRE_INM": "EDIFICIO CARDENAL RAUL SILVA HENRRIQUEZ", "COD_REGION": 13.0, "REGIÓN": "REGIÓN METROPOLITANA DE SANTIAGO", "COD_PROVIN": 131.0, "PROVINCIA": "SANTIAGO", "COD_COMUNA": 13101.0, "COMUNA": "SANTIAGO", "DIRECCION": "ERASMO ESCALA", "NUMERO_DI": 1872.0, "LUGAR_REFE": "-1884", "LATITUD": -33.444736, "LONGITUD": -70.6626 }, "geometry": { "type": "Point", "coordinates": [ -70.6626, -33.444736 ] } },
{ "type": "Feature", "properties": { "AÑO": 2020.0, "COD_INST": 69.0, "TIPO_INST": "Universidades Privadas CRUCH", "NOMBRE_INS": "UNIVERSIDAD ALBERTO HURTADO", "NOMBRE_INM": "ABATE MOLINA SJ.", "COD_REGION": 13.0, "REGIÓN": "REGIÓN METROPOLITANA DE SANTIAGO", "COD_PROVIN": 131.0, "PROVINCIA": "SANTIAGO", "COD_COMUNA": 13101.0, "COMUNA": "SANTIAGO", "DIRECCION": "ALMIRANTE BARROSO", "NUMERO_DI": 40.0, "LUGAR_REFE": null, "LATITUD": -33.444792, "LONGITUD": -70.66204 }, "geometry": { "type": "Point", "coordinates": [ -70.66204, -33.444792 ] } },
{ "type": "Feature", "properties": { "AÑO": 2020.0, "COD_INST": 69.0, "TIPO_INST": "Universidades Privadas CRUCH", "NOMBRE_INS": "UNIVERSIDAD ALBERTO HURTADO", "NOMBRE_INM": "PIERE BIGGO SJ.", "COD_REGION": 13.0, "REGIÓN": "REGIÓN METROPOLITANA DE SANTIAGO", "COD_PROVIN": 131.0, "PROVINCIA": "SANTIAGO", "COD_COMUNA": 13101.0, "COMUNA": "SANTIAGO", "DIRECCION": "CIENFUEGOS", "NUMERO_DI": 46.0, "LUGAR_REFE": null, "LATITUD": -33.445092, "LONGITUD": -70.663201 }, "geometry": { "type": "Point", "coordinates": [ -70.663201, -33.445092 ] } },
{ "type": "Feature", "properties": { "AÑO": 2020.0, "COD_INST": 69.0, "TIPO_INST": "Universidades Privadas CRUCH", "NOMBRE_INS": "UNIVERSIDAD ALBERTO HURTADO", "NOMBRE_INM": "CASA BERNARDO HAVERSTAT", "COD_REGION": 13.0, "REGIÓN": "REGIÓN METROPOLITANA DE SANTIAGO", "COD_PROVIN": 131.0, "PROVINCIA": "SANTIAGO", "COD_COMUNA": 13101.0, "COMUNA": "SANTIAGO", "DIRECCION": "ALMIRANTE BARROSO", "NUMERO_DI": 31.0, "LUGAR_REFE": null, "LATITUD": -33.445142, "LONGITUD": -70.661402 }, "geometry": { "type": "Point", "coordinates": [ -70.661402, -33.445142 ] } },
{ "type": "Feature", "properties": { "AÑO": 2020.0, "COD_INST": 69.0, "TIPO_INST": "Universidades Privadas CRUCH", "NOMBRE_INS": "UNIVERSIDAD ALBERTO HURTADO", "NOMBRE_INM": "CEDEP", "COD_REGION": 13.0, "REGIÓN": "REGIÓN METROPOLITANA DE SANTIAGO", "COD_PROVIN": 131.0, "PROVINCIA": "SANTIAGO", "COD_COMUNA": 13101.0, "COMUNA": "SANTIAGO", "DIRECCION": "CIENFUEGOS", "NUMERO_DI": 29.0, "LUGAR_REFE": null, "LATITUD": -33.445193, "LONGITUD": -70.662317 }, "geometry": { "type": "Point", "coordinates": [ -70.662317, -33.445193 ] } },
{ "type": "Feature", "properties": { "AÑO": 2020.0, "COD_INST": 69.0, "TIPO_INST": "Universidades Privadas CRUCH", "NOMBRE_INS": "UNIVERSIDAD ALBERTO HURTADO", "NOMBRE_INM": "CLINICA JURIDICA", "COD_REGION": 13.0, "REGIÓN": "REGIÓN METROPOLITANA DE SANTIAGO", "COD_PROVIN": 131.0, "PROVINCIA": "SANTIAGO", "COD_COMUNA": 13101.0, "COMUNA": "SANTIAGO", "DIRECCION": "CIENFUEGOS", "NUMERO_DI": 39.0, "LUGAR_REFE": null, "LATITUD": -33.445223, "LONGITUD": -70.6627 }, "geometry": { "type": "Point", "coordinates": [ -70.6627, -33.445223 ] } },
{ "type": "Feature", "properties": { "AÑO": 2020.0, "COD_INST": 69.0, "TIPO_INST": "Universidades Privadas CRUCH", "NOMBRE_INS": "UNIVERSIDAD ALBERTO HURTADO", "NOMBRE_INM": "JORGE GONZALEZ FOSTER SJ.", "COD_REGION": 13.0, "REGIÓN": "REGIÓN METROPOLITANA DE SANTIAGO", "COD_PROVIN": 131.0, "PROVINCIA": "SANTIAGO", "COD_COMUNA": 13101.0, "COMUNA": "SANTIAGO", "DIRECCION": "CIENFUEGOS", "NUMERO_DI": 38.0, "LUGAR_REFE": "-40", "LATITUD": -33.445296, "LONGITUD": -70.663164 }, "geometry": { "type": "Point", "coordinates": [ -70.663164, -33.445296 ] } },
{ "type": "Feature", "properties": { "AÑO": 2020.0, "COD_INST": 70.0, "TIPO_INST": "Universidades Estatales CRUCH", "NOMBRE_INS": "UNIVERSIDAD DE CHILE", "NOMBRE_INM": "FACULTAD DE ARTES ISUCH AVENIDA LIBERTADOR BERNARDO OÂ´HIGGINS 1633", "COD_REGION": 13.0, "REGIÓN": "REGIÓN METROPOLITANA DE SANTIAGO", "COD_PROVIN": 131.0, "PROVINCIA": "SANTIAGO", "COD_COMUNA": 13101.0, "COMUNA": "SANTIAGO", "DIRECCION": "AVENIDA LIBERTADOR BERNARDO O'HIGGINS", "NUMERO_DI": 1633.0, "LUGAR_REFE": null, "LATITUD": -33.445312, "LONGITUD": -70.659244 }, "geometry": { "type": "Point", "coordinates": [ -70.659244, -33.445312 ] } },
{ "type": "Feature", "properties": { "AÑO": 2020.0, "COD_INST": 69.0, "TIPO_INST": "Universidades Privadas CRUCH", "NOMBRE_INS": "UNIVERSIDAD ALBERTO HURTADO", "NOMBRE_INM": "CASA DAE", "COD_REGION": 13.0, "REGIÓN": "REGIÓN METROPOLITANA DE SANTIAGO", "COD_PROVIN": 131.0, "PROVINCIA": "SANTIAGO", "COD_COMUNA": 13101.0, "COMUNA": "SANTIAGO", "DIRECCION": "CIENFUEGOS", "NUMERO_DI": 27.0, "LUGAR_REFE": null, "LATITUD": -33.445374, "LONGITUD": -70.662275 }, "geometry": { "type": "Point", "coordinates": [ -70.662275, -33.445374 ] } },
{ "type": "Feature", "properties": { "AÑO": 2020.0, "COD_INST": 69.0, "TIPO_INST": "Universidades Privadas CRUCH", "NOMBRE_INS": "UNIVERSIDAD ALBERTO HURTADO", "NOMBRE_INM": "CASA SAIEH", "COD_REGION": 13.0, "REGIÓN": "REGIÓN METROPOLITANA DE SANTIAGO", "COD_PROVIN": 131.0, "PROVINCIA": "SANTIAGO", "COD_COMUNA": 13101.0, "COMUNA": "SANTIAGO", "DIRECCION": "CIENFUEGOS", "NUMERO_DI": 25.0, "LUGAR_REFE": null, "LATITUD": -33.445404, "LONGITUD": -70.662381 }, "geometry": { "type": "Point", "coordinates": [ -70.662381, -33.445404 ] } },
{ "type": "Feature", "properties": { "AÑO": 2020.0, "COD_INST": 42.0, "TIPO_INST": "Universidades Privadas", "NOMBRE_INS": "UNIVERSIDAD CATÓLICA CARDENAL RAÚL SILVA HENRÍQUEZ", "NOMBRE_INM": "UNIVERSIDAD CATOLICA SILVA HENRIQUEZ", "COD_REGION": 13.0, "REGIÓN": "REGIÓN METROPOLITANA DE SANTIAGO", "COD_PROVIN": 131.0, "PROVINCIA": "SANTIAGO", "COD_COMUNA": 13101.0, "COMUNA": "SANTIAGO", "DIRECCION": "GENERAL JOFRE", "NUMERO_DI": 476.0, "LUGAR_REFE": "DEPARTAMENTO 36", "LATITUD": -33.446498, "LONGITUD": -70.642147 }, "geometry": { "type": "Point", "coordinates": [ -70.642147, -33.446498 ] } },
{ "type": "Feature", "properties": { "AÑO": 2020.0, "COD_INST": 42.0, "TIPO_INST": "Universidades Privadas", "NOMBRE_INS": "UNIVERSIDAD CATÓLICA CARDENAL RAÚL SILVA HENRÍQUEZ", "NOMBRE_INM": "UNIVERSIDAD CATOLICA SILVA HENRIQUEZ", "COD_REGION": 13.0, "REGIÓN": "REGIÓN METROPOLITANA DE SANTIAGO", "COD_PROVIN": 131.0, "PROVINCIA": "SANTIAGO", "COD_COMUNA": 13101.0, "COMUNA": "SANTIAGO", "DIRECCION": "TOCORNAL", "NUMERO_DI": 257.0, "LUGAR_REFE": null, "LATITUD": -33.446719, "LONGITUD": -70.641432 }, "geometry": { "type": "Point", "coordinates": [ -70.641432, -33.446719 ] } },
{ "type": "Feature", "properties": { "AÑO": 2020.0, "COD_INST": 85.0, "TIPO_INST": "Universidades (* Carrera en Convenio)", "NOMBRE_INS": "UNIVERSIDAD TECNOLÓGICA METROPOLITANA", "NOMBRE_INM": "PALACIO ARIZTIA", "COD_REGION": 13.0, "REGIÓN": "REGIÓN METROPOLITANA DE SANTIAGO", "COD_PROVIN": 131.0, "PROVINCIA": "SANTIAGO", "COD_COMUNA": 13101.0, "COMUNA": "SANTIAGO", "DIRECCION": "AVENIDA LIBERTADOR BERNARDO O'HIGGINS", "NUMERO_DI": 1642.0, "LUGAR_REFE": null, "LATITUD": -33.446781, "LONGITUD": -70.659246 }, "geometry": { "type": "Point", "coordinates": [ -70.659246, -33.446781 ] } },
{ "type": "Feature", "properties": { "AÑO": 2020.0, "COD_INST": 42.0, "TIPO_INST": "Universidades Privadas", "NOMBRE_INS": "UNIVERSIDAD CATÓLICA CARDENAL RAÚL SILVA HENRÍQUEZ", "NOMBRE_INM": "UNIVERSIDAD CATOLICA SILVA HENRIQUEZ", "COD_REGION": 13.0, "REGIÓN": "REGIÓN METROPOLITANA DE SANTIAGO", "COD_PROVIN": 131.0, "PROVINCIA": "SANTIAGO", "COD_COMUNA": 13101.0, "COMUNA": "SANTIAGO", "DIRECCION": "TOCORNAL", "NUMERO_DI": 301.0, "LUGAR_REFE": null, "LATITUD": -33.447053, "LONGITUD": -70.641328 }, "geometry": { "type": "Point", "coordinates": [ -70.641328, -33.447053 ] } },
{ "type": "Feature", "properties": { "AÑO": 2020.0, "COD_INST": 42.0, "TIPO_INST": "Universidades Privadas", "NOMBRE_INS": "UNIVERSIDAD CATÓLICA CARDENAL RAÚL SILVA HENRÍQUEZ", "NOMBRE_INM": "UNIVERSIDAD CATOLICA SILVA HENRIQUEZ", "COD_REGION": 13.0, "REGIÓN": "REGIÓN METROPOLITANA DE SANTIAGO", "COD_PROVIN": 131.0, "PROVINCIA": "SANTIAGO", "COD_COMUNA": 13101.0, "COMUNA": "SANTIAGO", "DIRECCION": "TOCORNAL", "NUMERO_DI": 303.0, "LUGAR_REFE": "AL 309", "LATITUD": -33.447124, "LONGITUD": -70.641495 }, "geometry": { "type": "Point", "coordinates": [ -70.641495, -33.447124 ] } },
{ "type": "Feature", "properties": { "AÑO": 2020.0, "COD_INST": 42.0, "TIPO_INST": "Universidades Privadas", "NOMBRE_INS": "UNIVERSIDAD CATÓLICA CARDENAL RAÚL SILVA HENRÍQUEZ", "NOMBRE_INM": "UNIVERSIDAD CATOLICA SILVA HENRIQUEZ", "COD_REGION": 13.0, "REGIÓN": "REGIÓN METROPOLITANA DE SANTIAGO", "COD_PROVIN": 131.0, "PROVINCIA": "SANTIAGO", "COD_COMUNA": 13101.0, "COMUNA": "SANTIAGO", "DIRECCION": "ROOT", "NUMERO_DI": 536.0, "LUGAR_REFE": null, "LATITUD": -33.447221, "LONGITUD": -70.642886 }, "geometry": { "type": "Point", "coordinates": [ -70.642886, -33.447221 ] } },
{ "type": "Feature", "properties": { "AÑO": 2020.0, "COD_INST": 85.0, "TIPO_INST": "Universidades (* Carrera en Convenio)", "NOMBRE_INS": "UNIVERSIDAD TECNOLÓGICA METROPOLITANA", "NOMBRE_INM": "DIECIOCHO", "COD_REGION": 13.0, "REGIÓN": "REGIÓN METROPOLITANA DE SANTIAGO", "COD_PROVIN": 131.0, "PROVINCIA": "SANTIAGO", "COD_COMUNA": 13101.0, "COMUNA": "SANTIAGO", "DIRECCION": "DIECIOCHO", "NUMERO_DI": 146.0, "LUGAR_REFE": null, "LATITUD": -33.448139, "LONGITUD": -70.657686 }, "geometry": { "type": "Point", "coordinates": [ -70.657686, -33.448139 ] } },
{ "type": "Feature", "properties": { "AÑO": 2020.0, "COD_INST": 85.0, "TIPO_INST": "Universidades (* Carrera en Convenio)", "NOMBRE_INS": "UNIVERSIDAD TECNOLÓGICA METROPOLITANA", "NOMBRE_INM": "VIDAURRE", "COD_REGION": 13.0, "REGIÓN": "REGIÓN METROPOLITANA DE SANTIAGO", "COD_PROVIN": 131.0, "PROVINCIA": "SANTIAGO", "COD_COMUNA": 13101.0, "COMUNA": "SANTIAGO", "DIRECCION": "VIDAURRE", "NUMERO_DI": 1639.0, "LUGAR_REFE": null, "LATITUD": -33.448191, "LONGITUD": -70.658938 }, "geometry": { "type": "Point", "coordinates": [ -70.658938, -33.448191 ] } },
{ "type": "Feature", "properties": { "AÑO": 2020.0, "COD_INST": 498.0, "TIPO_INST": "Centros de Formación Técnica", "NOMBRE_INS": "CFT PROANDES", "NOMBRE_INM": "SEDE SANTIAGO", "COD_REGION": 13.0, "REGIÓN": "REGIÓN METROPOLITANA DE SANTIAGO", "COD_PROVIN": 131.0, "PROVINCIA": "SANTIAGO", "COD_COMUNA": 13101.0, "COMUNA": "SANTIAGO", "DIRECCION": "EJERCITO LIBERTADOR", "NUMERO_DI": 119.0, "LUGAR_REFE": null, "LATITUD": -33.448535, "LONGITUD": -70.661575 }, "geometry": { "type": "Point", "coordinates": [ -70.661575, -33.448535 ] } },
{ "type": "Feature", "properties": { "AÑO": 2020.0, "COD_INST": 132.0, "TIPO_INST": "Institutos Profesionales", "NOMBRE_INS": "IP ESUCOMEX", "NOMBRE_INM": "CASA CENTRAL (SANTIAGO)", "COD_REGION": 13.0, "REGIÓN": "REGIÓN METROPOLITANA DE SANTIAGO", "COD_PROVIN": 131.0, "PROVINCIA": "SANTIAGO", "COD_COMUNA": 13101.0, "COMUNA": "SANTIAGO", "DIRECCION": "VERGARA", "NUMERO_DI": 110.0, "LUGAR_REFE": null, "LATITUD": -33.448664, "LONGITUD": -70.661973 }, "geometry": { "type": "Point", "coordinates": [ -70.661973, -33.448664 ] } },
{ "type": "Feature", "properties": { "AÑO": 2020.0, "COD_INST": 498.0, "TIPO_INST": "Centros de Formación Técnica", "NOMBRE_INS": "CFT PROANDES", "NOMBRE_INM": "SEDE SANTIAGO", "COD_REGION": 13.0, "REGIÓN": "REGIÓN METROPOLITANA DE SANTIAGO", "COD_PROVIN": 131.0, "PROVINCIA": "SANTIAGO", "COD_COMUNA": 13101.0, "COMUNA": "SANTIAGO", "DIRECCION": "VERGARA", "NUMERO_DI": 110.0, "LUGAR_REFE": null, "LATITUD": -33.448664, "LONGITUD": -70.661973 }, "geometry": { "type": "Point", "coordinates": [ -70.661973, -33.448664 ] } },
{ "type": "Feature", "properties": { "AÑO": 2020.0, "COD_INST": 132.0, "TIPO_INST": "Institutos Profesionales", "NOMBRE_INS": "IP ESUCOMEX", "NOMBRE_INM": "CEC (CENTRO ENTREN DE LA CONST)", "COD_REGION": 13.0, "REGIÓN": "REGIÓN METROPOLITANA DE SANTIAGO", "COD_PROVIN": 131.0, "PROVINCIA": "SANTIAGO", "COD_COMUNA": 13101.0, "COMUNA": "SANTIAGO", "DIRECCION": "ARTURO PRAT", "NUMERO_DI": 331.0, "LUGAR_REFE": null, "LATITUD": -33.449507, "LONGITUD": -70.64968 }, "geometry": { "type": "Point", "coordinates": [ -70.64968, -33.449507 ] } },
{ "type": "Feature", "properties": { "AÑO": 2020.0, "COD_INST": 498.0, "TIPO_INST": "Centros de Formación Técnica", "NOMBRE_INS": "CFT PROANDES", "NOMBRE_INM": "CEC (CENTRO ENTREN DE LA CONST)", "COD_REGION": 13.0, "REGIÓN": "REGIÓN METROPOLITANA DE SANTIAGO", "COD_PROVIN": 131.0, "PROVINCIA": "SANTIAGO", "COD_COMUNA": 13101.0, "COMUNA": "SANTIAGO", "DIRECCION": "ARTURO PRAT", "NUMERO_DI": 331.0, "LUGAR_REFE": null, "LATITUD": -33.449507, "LONGITUD": -70.64968 }, "geometry": { "type": "Point", "coordinates": [ -70.64968, -33.449507 ] } },
{ "type": "Feature", "properties": { "AÑO": 2020.0, "COD_INST": 85.0, "TIPO_INST": "Universidades (* Carrera en Convenio)", "NOMBRE_INS": "UNIVERSIDAD TECNOLÓGICA METROPOLITANA", "NOMBRE_INM": "DIECIOCHO", "COD_REGION": 13.0, "REGIÓN": "REGIÓN METROPOLITANA DE SANTIAGO", "COD_PROVIN": 131.0, "PROVINCIA": "SANTIAGO", "COD_COMUNA": 13101.0, "COMUNA": "SANTIAGO", "DIRECCION": "DIECIOCHO", "NUMERO_DI": 232.0, "LUGAR_REFE": null, "LATITUD": -33.449701, "LONGITUD": -70.657288 }, "geometry": { "type": "Point", "coordinates": [ -70.657288, -33.449701 ] } },
{ "type": "Feature", "properties": { "AÑO": 2020.0, "COD_INST": 85.0, "TIPO_INST": "Universidades (* Carrera en Convenio)", "NOMBRE_INS": "UNIVERSIDAD TECNOLÓGICA METROPOLITANA", "NOMBRE_INM": "MANUEL RODRIGUEZ", "COD_REGION": 13.0, "REGIÓN": "REGIÓN METROPOLITANA DE SANTIAGO", "COD_PROVIN": 131.0, "PROVINCIA": "SANTIAGO", "COD_COMUNA": 13101.0, "COMUNA": "SANTIAGO", "DIRECCION": "MANUEL RODRIGUEZ", "NUMERO_DI": 220.0, "LUGAR_REFE": null, "LATITUD": -33.449718, "LONGITUD": -70.658957 }, "geometry": { "type": "Point", "coordinates": [ -70.658957, -33.449718 ] } },
{ "type": "Feature", "properties": { "AÑO": 2020.0, "COD_INST": 534.0, "TIPO_INST": "Centros de Formación Técnica", "NOMBRE_INS": "CFT ACCIOMA", "NOMBRE_INM": "SEDE CENTRAL", "COD_REGION": 13.0, "REGIÓN": "REGIÓN METROPOLITANA DE SANTIAGO", "COD_PROVIN": 131.0, "PROVINCIA": "SANTIAGO", "COD_COMUNA": 13101.0, "COMUNA": "SANTIAGO", "DIRECCION": "PADRE DIEGO DE ROSALES", "NUMERO_DI": 1637.0, "LUGAR_REFE": null, "LATITUD": -33.450532, "LONGITUD": -70.658206 }, "geometry": { "type": "Point", "coordinates": [ -70.658206, -33.450532 ] } },
{ "type": "Feature", "properties": { "AÑO": 2020.0, "COD_INST": 3.0, "TIPO_INST": "Universidades Privadas CRUCH", "NOMBRE_INS": "UNIVERSIDAD DIEGO PORTALES", "NOMBRE_INM": "DECANATO PSICOLOGIA", "COD_REGION": 13.0, "REGIÓN": "REGIÓN METROPOLITANA DE SANTIAGO", "COD_PROVIN": 131.0, "PROVINCIA": "SANTIAGO", "COD_COMUNA": 13101.0, "COMUNA": "SANTIAGO", "DIRECCION": "GRAJALES", "NUMERO_DI": 1898.0, "LUGAR_REFE": null, "LATITUD": -33.451023, "LONGITUD": -70.661634 }, "geometry": { "type": "Point", "coordinates": [ -70.661634, -33.451023 ] } },
{ "type": "Feature", "properties": { "AÑO": 2020.0, "COD_INST": 85.0, "TIPO_INST": "Universidades (* Carrera en Convenio)", "NOMBRE_INS": "UNIVERSIDAD TECNOLÓGICA METROPOLITANA", "NOMBRE_INM": "DIECIOCHO SAN IGNACIO", "COD_REGION": 13.0, "REGIÓN": "REGIÓN METROPOLITANA DE SANTIAGO", "COD_PROVIN": 131.0, "PROVINCIA": "SANTIAGO", "COD_COMUNA": 13101.0, "COMUNA": "SANTIAGO", "DIRECCION": "DIECIOCHO", "NUMERO_DI": 390.0, "LUGAR_REFE": "SAN IGNACIO N 405", "LATITUD": -33.451244, "LONGITUD": -70.656751 }, "geometry": { "type": "Point", "coordinates": [ -70.656751, -33.451244 ] } },
{ "type": "Feature", "properties": { "AÑO": 2020.0, "COD_INST": 3.0, "TIPO_INST": "Universidades Privadas CRUCH", "NOMBRE_INS": "UNIVERSIDAD DIEGO PORTALES", "NOMBRE_INM": "BIBLIOTECA NICANOR PARRA", "COD_REGION": 13.0, "REGIÓN": "REGIÓN METROPOLITANA DE SANTIAGO", "COD_PROVIN": 131.0, "PROVINCIA": "SANTIAGO", "COD_COMUNA": 13101.0, "COMUNA": "SANTIAGO", "DIRECCION": "VERGARA", "NUMERO_DI": 324.0, "LUGAR_REFE": null, "LATITUD": -33.451246, "LONGITUD": -70.661467 }, "geometry": { "type": "Point", "coordinates": [ -70.661467, -33.451246 ] } },
{ "type": "Feature", "properties": { "AÑO": 2020.0, "COD_INST": 85.0, "TIPO_INST": "Universidades (* Carrera en Convenio)", "NOMBRE_INS": "UNIVERSIDAD TECNOLÓGICA METROPOLITANA", "NOMBRE_INM": "SAN IGNACIO", "COD_REGION": 13.0, "REGIÓN": "REGIÓN METROPOLITANA DE SANTIAGO", "COD_PROVIN": 131.0, "PROVINCIA": "SANTIAGO", "COD_COMUNA": 13101.0, "COMUNA": "SANTIAGO", "DIRECCION": "SAN IGNACIO", "NUMERO_DI": 409.0, "LUGAR_REFE": null, "LATITUD": -33.451449, "LONGITUD": -70.656513 }, "geometry": { "type": "Point", "coordinates": [ -70.656513, -33.451449 ] } },
{ "type": "Feature", "properties": { "AÑO": 2020.0, "COD_INST": 214.0, "TIPO_INST": "Centros de Formación Técnica", "NOMBRE_INS": "CFT INSTITUTO CENTRAL DE CAPACITACIÓN EDUCACIÓNAL ICCE", "NOMBRE_INM": "SEDE SANTIAGO", "COD_REGION": 13.0, "REGIÓN": "REGIÓN METROPOLITANA DE SANTIAGO", "COD_PROVIN": 131.0, "PROVINCIA": "SANTIAGO", "COD_COMUNA": 13101.0, "COMUNA": "SANTIAGO", "DIRECCION": "ALMIRANTE HURTADO", "NUMERO_DI": 2040.0, "LUGAR_REFE": null, "LATITUD": -33.454516, "LONGITUD": -70.663444 }, "geometry": { "type": "Point", "coordinates": [ -70.663444, -33.454516 ] } },
{ "type": "Feature", "properties": { "AÑO": 2020.0, "COD_INST": 70.0, "TIPO_INST": "Universidades Estatales CRUCH", "NOMBRE_INS": "UNIVERSIDAD DE CHILE", "NOMBRE_INM": "FACULTAD DE ARTES MAC PARQUE FORESTAL ISMAEL VALDES VERGARA 503 - 509", "COD_REGION": 13.0, "REGIÓN": "REGIÓN METROPOLITANA DE SANTIAGO", "COD_PROVIN": 131.0, "PROVINCIA": "SANTIAGO", "COD_COMUNA": 13101.0, "COMUNA": "SANTIAGO", "DIRECCION": "ISMAEL VALDES VERGARA", "NUMERO_DI": 503.0, "LUGAR_REFE": "-509", "LATITUD": -33.435121, "LONGITUD": -70.644347 }, "geometry": { "type": "Point", "coordinates": [ -70.644347277161401, -33.435120755915797 ] } },
{ "type": "Feature", "properties": { "AÑO": 2020.0, "COD_INST": 152.0, "TIPO_INST": "Institutos Profesionales", "NOMBRE_INS": "IP LATINOAMERICANO DE COMERCIO EXTERIOR", "NOMBRE_INM": "OFICINAS DIRECCION DE DESARROLLO ACADEMICO", "COD_REGION": 13.0, "REGIÓN": "REGIÓN METROPOLITANA DE SANTIAGO", "COD_PROVIN": 131.0, "PROVINCIA": "SANTIAGO", "COD_COMUNA": 13101.0, "COMUNA": "SANTIAGO", "DIRECCION": "CATEDRAL", "NUMERO_DI": 1858.0, "LUGAR_REFE": null, "LATITUD": -33.43863, "LONGITUD": -70.662766 }, "geometry": { "type": "Point", "coordinates": [ -70.662765656345996, -33.438629539501697 ] } },
{ "type": "Feature", "properties": { "AÑO": 2020.0, "COD_INST": 152.0, "TIPO_INST": "Institutos Profesionales", "NOMBRE_INS": "IP LATINOAMERICANO DE COMERCIO EXTERIOR", "NOMBRE_INM": "OFICINA FINANZAS Y RECURSOS HUMANOS", "COD_REGION": 13.0, "REGIÓN": "REGIÓN METROPOLITANA DE SANTIAGO", "COD_PROVIN": 131.0, "PROVINCIA": "SANTIAGO", "COD_COMUNA": 13101.0, "COMUNA": "SANTIAGO", "DIRECCION": "COMPAÑIA DE JESUS", "NUMERO_DI": 1909.0, "LUGAR_REFE": null, "LATITUD": -33.439691, "LONGITUD": -70.663665 }, "geometry": { "type": "Point", "coordinates": [ -70.663665425061197, -33.4396906344111 ] } },
{ "type": "Feature", "properties": { "AÑO": 2020.0, "COD_INST": 11.0, "TIPO_INST": "Universidades Privadas", "NOMBRE_INS": "UNIVERSIDAD ACADEMIA DE HUMANISMO CRISTIANO", "NOMBRE_INM": "ARRAU", "COD_REGION": 13.0, "REGIÓN": "REGIÓN METROPOLITANA DE SANTIAGO", "COD_PROVIN": 131.0, "PROVINCIA": "SANTIAGO", "COD_COMUNA": 13101.0, "COMUNA": "SANTIAGO", "DIRECCION": "HUÉRFANOS", "NUMERO_DI": 2186.0, "LUGAR_REFE": null, "LATITUD": -33.441327, "LONGITUD": -70.666512 }, "geometry": { "type": "Point", "coordinates": [ -70.6665120042083, -33.441326789922996 ] } },
{ "type": "Feature", "properties": { "AÑO": 2020.0, "COD_INST": 11.0, "TIPO_INST": "Universidades Privadas", "NOMBRE_INS": "UNIVERSIDAD ACADEMIA DE HUMANISMO CRISTIANO", "NOMBRE_INM": "AGUSTINAS", "COD_REGION": 13.0, "REGIÓN": "REGIÓN METROPOLITANA DE SANTIAGO", "COD_PROVIN": 131.0, "PROVINCIA": "SANTIAGO", "COD_COMUNA": 13101.0, "COMUNA": "SANTIAGO", "DIRECCION": "AGUSTINAS", "NUMERO_DI": 2071.0, "LUGAR_REFE": null, "LATITUD": -33.442128, "LONGITUD": -70.665458 }, "geometry": { "type": "Point", "coordinates": [ -70.665458334875495, -33.442128409104598 ] } },
{ "type": "Feature", "properties": { "AÑO": 2020.0, "COD_INST": 70.0, "TIPO_INST": "Universidades Estatales CRUCH", "NOMBRE_INS": "UNIVERSIDAD DE CHILE", "NOMBRE_INM": "FACULTAD DE ARTES TEATRO NACIONAL CHILENO MORANDE 25", "COD_REGION": 13.0, "REGIÓN": "REGIÓN METROPOLITANA DE SANTIAGO", "COD_PROVIN": 131.0, "PROVINCIA": "SANTIAGO", "COD_COMUNA": 13101.0, "COMUNA": "SANTIAGO", "DIRECCION": "MORANDE", "NUMERO_DI": 25.0, "LUGAR_REFE": null, "LATITUD": -33.443652, "LONGITUD": -70.652604 }, "geometry": { "type": "Point", "coordinates": [ -70.6526042005232, -33.443651690222197 ] } },
{ "type": "Feature", "properties": { "AÑO": 2020.0, "COD_INST": 10.0, "TIPO_INST": "Universidades Privadas", "NOMBRE_INS": "UNIVERSIDAD MAYOR", "NOMBRE_INM": "CAMPUS ALAMEDA", "COD_REGION": 13.0, "REGIÓN": "REGIÓN METROPOLITANA DE SANTIAGO", "COD_PROVIN": 131.0, "PROVINCIA": "SANTIAGO", "COD_COMUNA": 13101.0, "COMUNA": "SANTIAGO", "DIRECCION": "JOSE TORIBIO MEDINA", "NUMERO_DI": 29.0, "LUGAR_REFE": null, "LATITUD": -33.44563, "LONGITUD": -70.663436 }, "geometry": { "type": "Point", "coordinates": [ -70.663436309719302, -33.445630019590098 ] } },
{ "type": "Feature", "properties": { "AÑO": 2020.0, "COD_INST": 71.0, "TIPO_INST": "Universidades (* Carrera en Convenio)", "NOMBRE_INS": "UNIVERSIDAD DE SANTIAGO DE CHILE", "NOMBRE_INM": "CONCHA Y TORO", "COD_REGION": 13.0, "REGIÓN": "REGIÓN METROPOLITANA DE SANTIAGO", "COD_PROVIN": 131.0, "PROVINCIA": "SANTIAGO", "COD_COMUNA": 13101.0, "COMUNA": "SANTIAGO", "DIRECCION": "CONCHA Y TORO", "NUMERO_DI": 32.0, "LUGAR_REFE": "B Y C", "LATITUD": -33.445936, "LONGITUD": -70.666035 }, "geometry": { "type": "Point", "coordinates": [ -70.666034722514596, -33.445935781233302 ] } },
{ "type": "Feature", "properties": { "AÑO": 2020.0, "COD_INST": 71.0, "TIPO_INST": "Universidades (* Carrera en Convenio)", "NOMBRE_INS": "UNIVERSIDAD DE SANTIAGO DE CHILE", "NOMBRE_INM": "OXFORD", "COD_REGION": 13.0, "REGIÓN": "REGIÓN METROPOLITANA DE SANTIAGO", "COD_PROVIN": 131.0, "PROVINCIA": "SANTIAGO", "COD_COMUNA": 13101.0, "COMUNA": "SANTIAGO", "DIRECCION": "CONCHA Y TORO", "NUMERO_DI": 32.0, "LUGAR_REFE": "-B 32- C 432-0004", "LATITUD": -33.445936, "LONGITUD": -70.666035 }, "geometry": { "type": "Point", "coordinates": [ -70.666034722514596, -33.445935781233302 ] } },
{ "type": "Feature", "properties": { "AÑO": 2020.0, "COD_INST": 69.0, "TIPO_INST": "Universidades Privadas CRUCH", "NOMBRE_INS": "UNIVERSIDAD ALBERTO HURTADO", "NOMBRE_INM": "EDIFICIO PEDRO ARRUPE S.J", "COD_REGION": 13.0, "REGIÓN": "REGIÓN METROPOLITANA DE SANTIAGO", "COD_PROVIN": 131.0, "PROVINCIA": "SANTIAGO", "COD_COMUNA": 13101.0, "COMUNA": "SANTIAGO", "DIRECCION": "AVENIDA LIBERTADOR BERNARDO O'HIGGINS", "NUMERO_DI": 1869.0, "LUGAR_REFE": null, "LATITUD": -33.445992, "LONGITUD": -70.662085 }, "geometry": { "type": "Point", "coordinates": [ -70.6620850876307, -33.445991833925 ] } },
{ "type": "Feature", "properties": { "AÑO": 2020.0, "COD_INST": 20.0, "TIPO_INST": "Universidades Privadas", "NOMBRE_INS": "UNIVERSIDAD ANDRÉS BELLO", "NOMBRE_INM": "CAMPUS REPUBLICA", "COD_REGION": 13.0, "REGIÓN": "REGIÓN METROPOLITANA DE SANTIAGO", "COD_PROVIN": 131.0, "PROVINCIA": "SANTIAGO", "COD_COMUNA": 13101.0, "COMUNA": "SANTIAGO", "DIRECCION": "ECHAURREN", "NUMERO_DI": 174.0, "LUGAR_REFE": null, "LATITUD": -33.450544, "LONGITUD": -70.666167 }, "geometry": { "type": "Point", "coordinates": [ -70.666166822027094, -33.450544034404402 ] } },
{ "type": "Feature", "properties": { "AÑO": 2020.0, "COD_INST": 20.0, "TIPO_INST": "Universidades Privadas", "NOMBRE_INS": "UNIVERSIDAD ANDRÉS BELLO", "NOMBRE_INM": "CAMPUS REPUBLICA", "COD_REGION": 13.0, "REGIÓN": "REGIÓN METROPOLITANA DE SANTIAGO", "COD_PROVIN": 131.0, "PROVINCIA": "SANTIAGO", "COD_COMUNA": 13101.0, "COMUNA": "SANTIAGO", "DIRECCION": "ECHAURREN", "NUMERO_DI": 211.0, "LUGAR_REFE": "Y SAZIE 2212", "LATITUD": -33.451026, "LONGITUD": -70.666575 }, "geometry": { "type": "Point", "coordinates": [ -70.666574743766304, -33.451026312725901 ] } },
{ "type": "Feature", "properties": { "AÑO": 2020.0, "COD_INST": 143.0, "TIPO_INST": "Institutos Profesionales", "NOMBRE_INS": "IP AIEP", "NOMBRE_INM": "SEDE BARRIO UNIVERSITARIO GRAJALES", "COD_REGION": 13.0, "REGIÓN": "REGIÓN METROPOLITANA DE SANTIAGO", "COD_PROVIN": 131.0, "PROVINCIA": "SANTIAGO", "COD_COMUNA": 13101.0, "COMUNA": "SANTIAGO", "DIRECCION": "GRAJALES", "NUMERO_DI": 2538.0, "LUGAR_REFE": null, "LATITUD": -33.452646, "LONGITUD": -70.669017 }, "geometry": { "type": "Point", "coordinates": [ -70.669016647758994, -33.452645635309302 ] } },
{ "type": "Feature", "properties": { "AÑO": 2020.0, "COD_INST": 20.0, "TIPO_INST": "Universidades Privadas", "NOMBRE_INS": "UNIVERSIDAD ANDRÉS BELLO", "NOMBRE_INM": "CAMPUS REPUBLICA", "COD_REGION": 13.0, "REGIÓN": "REGIÓN METROPOLITANA DE SANTIAGO", "COD_PROVIN": 131.0, "PROVINCIA": "SANTIAGO", "COD_COMUNA": 13101.0, "COMUNA": "SANTIAGO", "DIRECCION": "REPUBLICA", "NUMERO_DI": 440.0, "LUGAR_REFE": "Y 460", "LATITUD": -33.453843, "LONGITUD": -70.666821 }, "geometry": { "type": "Point", "coordinates": [ -70.666820500522903, -33.453842815838897 ] } },
{ "type": "Feature", "properties": { "AÑO": 2020.0, "COD_INST": 70.0, "TIPO_INST": "Universidades Estatales CRUCH", "NOMBRE_INS": "UNIVERSIDAD DE CHILE", "NOMBRE_INM": "FACULTAD DE CIENCIAS FISICAS Y MATEMATICAS DEPARTAMENTO DE INGENIERIA INDUSTRIAL", "COD_REGION": 13.0, "REGIÓN": "REGIÓN METROPOLITANA DE SANTIAGO", "COD_PROVIN": 131.0, "PROVINCIA": "SANTIAGO", "COD_COMUNA": 13101.0, "COMUNA": "SANTIAGO", "DIRECCION": "DOMEYKO", "NUMERO_DI": 2363.0, "LUGAR_REFE": null, "LATITUD": -33.456758, "LONGITUD": -70.667525 }, "geometry": { "type": "Point", "coordinates": [ -70.667525493169506, -33.456757805221997 ] } },
{ "type": "Feature", "properties": { "AÑO": 2020.0, "COD_INST": 70.0, "TIPO_INST": "Universidades Estatales CRUCH", "NOMBRE_INS": "UNIVERSIDAD DE CHILE", "NOMBRE_INM": "FACULTAD DE CIENCIAS FISICAS Y MATEMATICAS IDIEM", "COD_REGION": 13.0, "REGIÓN": "REGIÓN METROPOLITANA DE SANTIAGO", "COD_PROVIN": 131.0, "PROVINCIA": "SANTIAGO", "COD_COMUNA": 13101.0, "COMUNA": "SANTIAGO", "DIRECCION": "PLAZA ERCILLA", "NUMERO_DI": 883.0, "LUGAR_REFE": null, "LATITUD": -33.457484, "LONGITUD": -70.661233 }, "geometry": { "type": "Point", "coordinates": [ -70.661233456219506, -33.457483687955097 ] } },
{ "type": "Feature", "properties": { "AÑO": 2020.0, "COD_INST": 70.0, "TIPO_INST": "Universidades Estatales CRUCH", "NOMBRE_INS": "UNIVERSIDAD DE CHILE", "NOMBRE_INM": "FACULTAD DE CIENCIAS FISICAS Y MATEMATICAS CASA BEAUCHEF 1225", "COD_REGION": 13.0, "REGIÓN": "REGIÓN METROPOLITANA DE SANTIAGO", "COD_PROVIN": 131.0, "PROVINCIA": "SANTIAGO", "COD_COMUNA": 13101.0, "COMUNA": "SANTIAGO", "DIRECCION": "AVENIDA BEAUCHEF", "NUMERO_DI": 1225.0, "LUGAR_REFE": null, "LATITUD": -33.463087, "LONGITUD": -70.66362 }, "geometry": { "type": "Point", "coordinates": [ -70.663619775940404, -33.463086926872101 ] } },
{ "type": "Feature", "properties": { "AÑO": 2020.0, "COD_INST": 50.0, "TIPO_INST": "Universidades Privadas", "NOMBRE_INS": "UNIVERSIDAD BERNARDO O'HIGGINS", "NOMBRE_INM": "CAMPUS RONDIZZONI EDIFICIO DOS", "COD_REGION": 13.0, "REGIÓN": "REGIÓN METROPOLITANA DE SANTIAGO", "COD_PROVIN": 131.0, "PROVINCIA": "SANTIAGO", "COD_COMUNA": 13101.0, "COMUNA": "SANTIAGO", "DIRECCION": "GENERAL GANA", "NUMERO_DI": 1670.0, "LUGAR_REFE": null, "LATITUD": -33.471715, "LONGITUD": -70.656705 }, "geometry": { "type": "Point", "coordinates": [ -70.656704896864696, -33.471714899491602 ] } },
{ "type": "Feature", "properties": { "AÑO": 2020.0, "COD_INST": 70.0, "TIPO_INST": "Universidades Estatales CRUCH", "NOMBRE_INS": "UNIVERSIDAD DE CHILE", "NOMBRE_INM": "FACULTAD DE ARTES MUSEO DE ARTE POPULAR AMERICANO COMPAÑIA 2691", "COD_REGION": 13.0, "REGIÓN": "REGIÓN METROPOLITANA DE SANTIAGO", "COD_PROVIN": 131.0, "PROVINCIA": "SANTIAGO", "COD_COMUNA": 13101.0, "COMUNA": "SANTIAGO", "DIRECCION": "COMPAÑIA", "NUMERO_DI": 2691.0, "LUGAR_REFE": null, "LATITUD": -33.438799, "LONGITUD": -70.658953 }, "geometry": { "type": "Point", "coordinates": [ -70.6589526967729, -33.438798817541603 ] } },
{ "type": "Feature", "properties": { "AÑO": 2020.0, "COD_INST": 152.0, "TIPO_INST": "Institutos Profesionales", "NOMBRE_INS": "IP LATINOAMERICANO DE COMERCIO EXTERIOR", "NOMBRE_INM": "OFICINAS DIRECCION DE ADMISION Y MARKETING", "COD_REGION": 13.0, "REGIÓN": "REGIÓN METROPOLITANA DE SANTIAGO", "COD_PROVIN": 131.0, "PROVINCIA": "SANTIAGO", "COD_COMUNA": 13101.0, "COMUNA": "SANTIAGO", "DIRECCION": "HUÉRFANOS", "NUMERO_DI": 669.0, "LUGAR_REFE": "OFICINA 507 508", "LATITUD": -33.439011, "LONGITUD": -70.646302 }, "geometry": { "type": "Point", "coordinates": [ -70.646302463394804, -33.4390110469649 ] } },
{ "type": "Feature", "properties": { "AÑO": 2020.0, "COD_INST": 71.0, "TIPO_INST": "Universidades (* Carrera en Convenio)", "NOMBRE_INS": "UNIVERSIDAD DE SANTIAGO DE CHILE", "NOMBRE_INM": "CUMMING 92 ROL 405-17", "COD_REGION": 13.0, "REGIÓN": "REGIÓN METROPOLITANA DE SANTIAGO", "COD_PROVIN": 131.0, "PROVINCIA": "SANTIAGO", "COD_COMUNA": 13101.0, "COMUNA": "SANTIAGO", "DIRECCION": "RICARDO CUMMING", "NUMERO_DI": 92.0, "LUGAR_REFE": "ROL 405-17", "LATITUD": -33.444184, "LONGITUD": -70.668012 }, "geometry": { "type": "Point", "coordinates": [ -70.668011541529495, -33.444183640283903 ] } },
{ "type": "Feature", "properties": { "AÑO": 2020.0, "COD_INST": 69.0, "TIPO_INST": "Universidades Privadas CRUCH", "NOMBRE_INS": "UNIVERSIDAD ALBERTO HURTADO", "NOMBRE_INM": "SALAS DE CLASES L", "COD_REGION": 13.0, "REGIÓN": "REGIÓN METROPOLITANA DE SANTIAGO", "COD_PROVIN": 131.0, "PROVINCIA": "SANTIAGO", "COD_COMUNA": 13101.0, "COMUNA": "SANTIAGO", "DIRECCION": "JOSE TORIBIO MEDINA", "NUMERO_DI": 49.0, "LUGAR_REFE": null, "LATITUD": -33.44508, "LONGITUD": -70.66372 }, "geometry": { "type": "Point", "coordinates": [ -70.663720277505206, -33.445080027465501 ] } },
{ "type": "Feature", "properties": { "AÑO": 2020.0, "COD_INST": 155.0, "TIPO_INST": "Institutos Profesionales", "NOMBRE_INS": "IP LOS LEONES", "NOMBRE_INM": "ARTURO PRAT 215", "COD_REGION": 13.0, "REGIÓN": "REGIÓN METROPOLITANA DE SANTIAGO", "COD_PROVIN": 131.0, "PROVINCIA": "SANTIAGO", "COD_COMUNA": 13101.0, "COMUNA": "SANTIAGO", "DIRECCION": "ARTURO PRAT", "NUMERO_DI": 215.0, "LUGAR_REFE": null, "LATITUD": -33.447456, "LONGITUD": -70.649722 }, "geometry": { "type": "Point", "coordinates": [ -70.649721687334406, -33.447456357636902 ] } },
{ "type": "Feature", "properties": { "AÑO": 2020.0, "COD_INST": 4.0, "TIPO_INST": "Universidades Privadas", "NOMBRE_INS": "UNIVERSIDAD CENTRAL DE CHILE", "NOMBRE_INM": "CENTRO DE EXTENSION", "COD_REGION": 13.0, "REGIÓN": "REGIÓN METROPOLITANA DE SANTIAGO", "COD_PROVIN": 131.0, "PROVINCIA": "SANTIAGO", "COD_COMUNA": 13101.0, "COMUNA": "SANTIAGO", "DIRECCION": "LORD COCHRANE", "NUMERO_DI": 418.0, "LUGAR_REFE": null, "LATITUD": -33.451355, "LONGITUD": -70.654256 }, "geometry": { "type": "Point", "coordinates": [ -70.654256113700399, -33.451355333597498 ] } },
{ "type": "Feature", "properties": { "AÑO": 2020.0, "COD_INST": 20.0, "TIPO_INST": "Universidades Privadas", "NOMBRE_INS": "UNIVERSIDAD ANDRÉS BELLO", "NOMBRE_INM": "CAMPUS REPUBLICA", "COD_REGION": 13.0, "REGIÓN": "REGIÓN METROPOLITANA DE SANTIAGO", "COD_PROVIN": 131.0, "PROVINCIA": "SANTIAGO", "COD_COMUNA": 13101.0, "COMUNA": "SANTIAGO", "DIRECCION": "REPUBLICA", "NUMERO_DI": 470.0, "LUGAR_REFE": null, "LATITUD": -33.45412, "LONGITUD": -70.666726 }, "geometry": { "type": "Point", "coordinates": [ -70.666725838221694, -33.454120344735998 ] } },
{ "type": "Feature", "properties": { "AÑO": 2020.0, "COD_INST": 70.0, "TIPO_INST": "Universidades Estatales CRUCH", "NOMBRE_INS": "UNIVERSIDAD DE CHILE", "NOMBRE_INM": "FACULTAD DE CIENCIAS FISICAS Y MATEMATICAS EDIFICIO BEAUCHEF 851", "COD_REGION": 13.0, "REGIÓN": "REGIÓN METROPOLITANA DE SANTIAGO", "COD_PROVIN": 131.0, "PROVINCIA": "SANTIAGO", "COD_COMUNA": 13101.0, "COMUNA": "SANTIAGO", "DIRECCION": "AVENIDA BEAUCHEF", "NUMERO_DI": 851.0, "LUGAR_REFE": null, "LATITUD": -33.457738, "LONGITUD": -70.663787 }, "geometry": { "type": "Point", "coordinates": [ -70.663787342497301, -33.4577380483708 ] } },
{ "type": "Feature", "properties": { "AÑO": 2020.0, "COD_INST": 70.0, "TIPO_INST": "Universidades Estatales CRUCH", "NOMBRE_INS": "UNIVERSIDAD DE CHILE", "NOMBRE_INM": "FACULTAD DE CIENCIAS FISICAS Y MATEMATICAS FUNDACION", "COD_REGION": 13.0, "REGIÓN": "REGIÓN METROPOLITANA DE SANTIAGO", "COD_PROVIN": 131.0, "PROVINCIA": "SANTIAGO", "COD_COMUNA": 13101.0, "COMUNA": "SANTIAGO", "DIRECCION": "AVENIDA BEAUCHEF", "NUMERO_DI": 993.0, "LUGAR_REFE": null, "LATITUD": -33.459836, "LONGITUD": -70.664169 }, "geometry": { "type": "Point", "coordinates": [ -70.664168863394096, -33.459836464802798 ] } }
]
}
