{
"type": "FeatureCollection",
"name": "ocio_filtrado",
"crs": { "type": "name", "properties": { "name": "urn:ogc:def:crs:OGC:1.3:CRS84" } },
"features": [
{ "type": "Feature", "properties": { "access": null, "area": null, "barrier": null, "boundary": null, "building": null, "description": null, "ele": null, "golf": null, "landuse": null, "leisure": "park", "lit": null, "location": null, "name": "Plaza Yungay", "name_en": null, "name_es": null, "opening_hours": null, "operator": null, "phone": null, "protect_class": null, "source_transform": null, "sport": null, "surface": null, "type": null, "website": null, "wheelchair": null, "zoo": null, "objectid": 16013704, "osm_id2": "23393708" }, "geometry": { "type": "Polygon", "coordinates": [ [ [ -70.6743921, -33.4380103 ], [ -70.6744642, -33.4370717 ], [ -70.6736657, -33.4370146 ], [ -70.6736324, -33.4375093 ], [ -70.6736079, -33.4378641 ], [ -70.6736006, -33.4379707 ], [ -70.6739258, -33.4379868 ], [ -70.67414, -33.4379976 ], [ -70.6743921, -33.4380103 ] ] ] } },
{ "type": "Feature", "properties": { "access": null, "area": null, "barrier": null, "boundary": null, "building": null, "description": null, "ele": null, "golf": null, "landuse": null, "leisure": "park", "lit": null, "location": null, "name": "Parque Portales", "name_en": null, "name_es": null, "opening_hours": null, "operator": null, "phone": null, "protect_class": null, "source_transform": "Reconocimiento cortográfico de campo 2016 por KG", "sport": null, "surface": null, "type": null, "website": null, "wheelchair": null, "zoo": null, "objectid": 16014951, "osm_id2": "173295539" }, "geometry": { "type": "Polygon", "coordinates": [ [ [ -70.679473, -33.4439581 ], [ -70.6794925, -33.4439394 ], [ -70.6795134, -33.4437216 ], [ -70.6795014, -33.4437017 ], [ -70.6794693, -33.4436963 ], [ -70.6783998, -33.4435709 ], [ -70.6775039, -33.4434596 ], [ -70.6773154, -33.4434357 ], [ -70.6764429, -33.4433392 ], [ -70.6763105, -33.4433223 ], [ -70.6753259, -33.4432168 ], [ -70.6739103, -33.4430498 ], [ -70.6730263, -33.4429503 ], [ -70.6722908, -33.4428679 ], [ -70.6721601, -33.4428535 ], [ -70.6721681, -33.4427694 ], [ -70.6720045, -33.4427516 ], [ -70.671998, -33.4427759 ], [ -70.6718172, -33.4427597 ], [ -70.6718221, -33.4427296 ], [ -70.6707642, -33.442604 ], [ -70.6707099, -33.4429625 ], [ -70.6711021, -33.4430065 ], [ -70.6714536, -33.4430491 ], [ -70.6720793, -33.4431197 ], [ -70.6722839, -33.4431411 ], [ -70.6730178, -33.4432236 ], [ -70.6739115, -33.4433252 ], [ -70.6741101, -33.4433476 ], [ -70.6752736, -33.4434812 ], [ -70.676302, -33.443602 ], [ -70.6763411, -33.4436063 ], [ -70.676413, -33.4436141 ], [ -70.6768103, -33.4436575 ], [ -70.6773025, -33.4437112 ], [ -70.6783907, -33.4438491 ], [ -70.6785461, -33.4438684 ], [ -70.6794292, -33.4439679 ], [ -70.679473, -33.4439581 ] ] ] } },
{ "type": "Feature", "properties": { "access": null, "area": null, "barrier": null, "boundary": null, "building": null, "description": null, "ele": null, "golf": null, "landuse": null, "leisure": "pitch", "lit": null, "location": null, "name": "Internado Nacional Barros Arana", "name_en": null, "name_es": null, "opening_hours": null, "operator": null, "phone": null, "protect_class": null, "source_transform": null, "sport": "soccer", "surface": "artificial_turf", "type": null, "website": null, "wheelchair": null, "zoo": null, "objectid": 16015058, "osm_id2": "379034685" }, "geometry": { "type": "Polygon", "coordinates": [ [ [ -70.6842155, -33.4378004 ], [ -70.6834628, -33.4377385 ], [ -70.6834256, -33.4380534 ], [ -70.6841784, -33.4381152 ], [ -70.6842155, -33.4378004 ] ] ] } },
{ "type": "Feature", "properties": { "access": null, "area": null, "barrier": null, "boundary": null, "building": null, "description": null, "ele": null, "golf": null, "landuse": null, "leisure": "pitch", "lit": null, "location": null, "name": "Cancha Quinta normal", "name_en": null, "name_es": null, "opening_hours": null, "operator": null, "phone": null, "protect_class": null, "source_transform": null, "sport": null, "surface": null, "type": null, "website": null, "wheelchair": null, "zoo": null, "objectid": 16015246, "osm_id2": "223893139" }, "geometry": { "type": "Polygon", "coordinates": [ [ [ -70.686601400403305, -33.440541699274704 ], [ -70.685829000176, -33.439938499319602 ], [ -70.685304100182407, -33.440406599838298 ], [ -70.686076500409797, -33.441009699840301 ], [ -70.686601400403305, -33.440541699274704 ] ] ] } },
{ "type": "Feature", "properties": { "access": "yes", "area": null, "barrier": null, "boundary": null, "building": null, "description": null, "ele": null, "golf": null, "landuse": null, "leisure": "park", "lit": null, "location": null, "name": "Parque Quinta Normal", "name_en": null, "name_es": null, "opening_hours": "Tu-Su 08:00-20:00", "operator": "Municipalidad de Santiago", "phone": null, "protect_class": null, "source_transform": "https://www.mnhn.gob.cl/sites/www.mnhn.gob.cl/files/images/articles-53794_archivo_01.pdf", "sport": null, "surface": null, "type": null, "website": "https://www.santiagoturismo.cl/parque-quinta-normal/", "wheelchair": null, "zoo": null, "objectid": 16015275, "osm_id2": "23394922" }, "geometry": { "type": "Polygon", "coordinates": [ [ [ -70.6877811, -33.4440344 ], [ -70.6877337, -33.4434728 ], [ -70.6877033, -33.4428583 ], [ -70.6876608, -33.4422611 ], [ -70.6876037, -33.4415362 ], [ -70.6875085, -33.4405512 ], [ -70.6874688, -33.4394887 ], [ -70.6868055, -33.4394493 ], [ -70.6868321, -33.4389847 ], [ -70.6865478, -33.4389785 ], [ -70.6864061, -33.4389668 ], [ -70.686386, -33.439089 ], [ -70.6863602, -33.4390854 ], [ -70.6863144, -33.439426 ], [ -70.6860422, -33.4394054 ], [ -70.6849496, -33.4393229 ], [ -70.6849932, -33.4388708 ], [ -70.6847852, -33.4388579 ], [ -70.6847112, -33.4393038 ], [ -70.6841315, -33.4392661 ], [ -70.6837492, -33.4392416 ], [ -70.6837712, -33.4387936 ], [ -70.6805271, -33.4385827 ], [ -70.6804795, -33.4385838 ], [ -70.680404, -33.4386862 ], [ -70.6803301, -33.439427 ], [ -70.6806437, -33.4394357 ], [ -70.6806257, -33.4396466 ], [ -70.6806013, -33.4399028 ], [ -70.680235, -33.4398786 ], [ -70.6802027, -33.4402006 ], [ -70.6805064, -33.4402308 ], [ -70.6804947, -33.4403163 ], [ -70.6804815, -33.4404135 ], [ -70.6804769, -33.4404471 ], [ -70.6804723, -33.4404809 ], [ -70.6804714, -33.4404873 ], [ -70.680461, -33.4405636 ], [ -70.6801885, -33.4405349 ], [ -70.6800542, -33.4419956 ], [ -70.6799742, -33.4429668 ], [ -70.679927, -33.4434665 ], [ -70.6799649, -33.443515 ], [ -70.6804604, -33.4435425 ], [ -70.6804541, -33.4436746 ], [ -70.6808379, -33.4436982 ], [ -70.680835, -33.4438325 ], [ -70.6829302, -33.4439482 ], [ -70.682896, -33.4437869 ], [ -70.682939, -33.4434133 ], [ -70.6829775, -33.4430625 ], [ -70.6831201, -33.4415925 ], [ -70.6831639, -33.4415494 ], [ -70.6839593, -33.4416155 ], [ -70.6838112, -33.4431262 ], [ -70.6837727, -33.4434769 ], [ -70.6837302, -33.4438337 ], [ -70.6844529, -33.443878 ], [ -70.6849458, -33.4438948 ], [ -70.6857396, -33.4439357 ], [ -70.6877811, -33.4440344 ] ] ] } },
{ "type": "Feature", "properties": { "access": null, "area": null, "barrier": null, "boundary": null, "building": null, "description": null, "ele": null, "golf": null, "landuse": null, "leisure": "swimming_pool", "lit": null, "location": null, "name": "Piscina Municipal Quinta Normal", "name_en": null, "name_es": null, "opening_hours": null, "operator": null, "phone": null, "protect_class": null, "source_transform": null, "sport": null, "surface": null, "type": null, "website": null, "wheelchair": null, "zoo": null, "objectid": 16015280, "osm_id2": "504651567" }, "geometry": { "type": "Polygon", "coordinates": [ [ [ -70.685686600135398, -33.441941399721202 ], [ -70.685685499699204, -33.4419299998887 ], [ -70.685680000213097, -33.441919699709999 ], [ -70.685670600241906, -33.4419113994486 ], [ -70.685658400222096, -33.441906399651998 ], [ -70.685644900339994, -33.441904999409097 ], [ -70.685632599708796, -33.441907099773502 ], [ -70.685621699551106, -33.441912399407897 ], [ -70.685613300303203, -33.441920199689498 ], [ -70.685608199669005, -33.441929899442997 ], [ -70.685607000418102, -33.441940299316599 ], [ -70.685609799568596, -33.441950599492898 ], [ -70.685616299777905, -33.441959599871502 ], [ -70.685625800360398, -33.441966499886398 ], [ -70.685637400305694, -33.441970599416898 ], [ -70.685650999900702, -33.441971299537798 ], [ -70.685664100032497, -33.441968199965899 ], [ -70.685675199616199, -33.441961599789003 ], [ -70.685682999687799, -33.441952299572797 ], [ -70.685686600135398, -33.441941399721202 ] ] ] } },
{ "type": "Feature", "properties": { "access": null, "area": null, "barrier": null, "boundary": null, "building": null, "description": null, "ele": null, "golf": null, "landuse": null, "leisure": "swimming_pool", "lit": null, "location": null, "name": "Piscina Municipal Quinta Normal", "name_en": null, "name_es": null, "opening_hours": null, "operator": null, "phone": null, "protect_class": null, "source_transform": null, "sport": null, "surface": null, "type": null, "website": null, "wheelchair": null, "zoo": null, "objectid": 16015281, "osm_id2": "477208884" }, "geometry": { "type": "Polygon", "coordinates": [ [ [ -70.686746199843995, -33.442099899814998 ], [ -70.686744299907204, -33.442084299283302 ], [ -70.686738500383697, -33.4420654994844 ], [ -70.686730899738095, -33.442051499328599 ], [ -70.686720199904698, -33.442041399305701 ], [ -70.686707399810302, -33.442030199627801 ], [ -70.686691600241005, -33.442020499885601 ], [ -70.686669599601402, -33.442014099854099 ], [ -70.686645199561696, -33.442010999534197 ], [ -70.686620900133207, -33.442011899796299 ], [ -70.686253199924494, -33.442052399590303 ], [ -70.686230900145901, -33.4419725993341 ], [ -70.686220399738502, -33.441942399680102 ], [ -70.686210399692797, -33.441927499241402 ], [ -70.686195599948505, -33.441914499772103 ], [ -70.686173699920204, -33.441900099308199 ], [ -70.686146199794393, -33.441891299814799 ], [ -70.686127399852097, -33.441889599733699 ], [ -70.686108599909801, -33.441890899531202 ], [ -70.685753699795598, -33.441933299603697 ], [ -70.685762799729403, -33.441981299872801 ], [ -70.685768200400901, -33.441999399569198 ], [ -70.685781100208402, -33.442016599749302 ], [ -70.685798099926799, -33.442031999402097 ], [ -70.685816599831796, -33.442042999687899 ], [ -70.685836299886006, -33.4420481996181 ], [ -70.685860199564104, -33.442049799250597 ], [ -70.685882699667005, -33.442046999518901 ], [ -70.685905899557596, -33.442039899369 ], [ -70.685931700070796, -33.442025499675502 ], [ -70.6860102999633, -33.441951299613997 ], [ -70.686318099610503, -33.442155599807101 ], [ -70.686347799710404, -33.442164999697297 ], [ -70.686376800022799, -33.442166699772997 ], [ -70.686402199887397, -33.442163199925702 ], [ -70.686432800099197, -33.442151099253302 ], [ -70.686529699572304, -33.442068299965101 ], [ -70.686682500307199, -33.442184099311497 ], [ -70.686737900309097, -33.442131799490497 ], [ -70.686744599944504, -33.442115399898498 ], [ -70.686746199843995, -33.442099899814998 ] ] ] } },
{ "type": "Feature", "properties": { "access": null, "area": null, "barrier": null, "boundary": null, "building": null, "description": null, "ele": null, "golf": null, "landuse": null, "leisure": "sports_centre", "lit": null, "location": null, "name": "Canchas de Tennis Municipales", "name_en": null, "name_es": null, "opening_hours": null, "operator": null, "phone": null, "protect_class": null, "source_transform": null, "sport": null, "surface": null, "type": null, "website": null, "wheelchair": null, "zoo": null, "objectid": 16015351, "osm_id2": "173296193" }, "geometry": { "type": "Polygon", "coordinates": [ [ [ -70.687781100373797, -33.444034399478099 ], [ -70.687733699869497, -33.443472799336902 ], [ -70.687703299982005, -33.442858299506597 ], [ -70.687322199604196, -33.442916999604499 ], [ -70.685844499707898, -33.443127699721998 ], [ -70.685769299938798, -33.443539099766703 ], [ -70.685739599838897, -33.443935699709002 ], [ -70.687781100373797, -33.444034399478099 ] ] ] } },
{ "type": "Feature", "properties": { "access": null, "area": null, "barrier": null, "boundary": null, "building": null, "description": null, "ele": null, "golf": null, "landuse": null, "leisure": "stadium", "lit": null, "location": null, "name": "Estadio Marista", "name_en": null, "name_es": null, "opening_hours": null, "operator": null, "phone": null, "protect_class": null, "source_transform": null, "sport": null, "surface": null, "type": null, "website": null, "wheelchair": null, "zoo": null, "objectid": 16015392, "osm_id2": "414521196" }, "geometry": { "type": "Polygon", "coordinates": [ [ [ -70.6873508, -33.4443818 ], [ -70.6868479, -33.4443684 ], [ -70.6858635, -33.4443236 ], [ -70.6858367, -33.44475 ], [ -70.6858072, -33.4454483 ], [ -70.6857844, -33.4463469 ], [ -70.686416, -33.4463301 ], [ -70.6870531, -33.446311 ], [ -70.6877209, -33.4462786 ], [ -70.6877169, -33.4461902 ], [ -70.6876914, -33.4461902 ], [ -70.6876579, -33.445737 ], [ -70.6876351, -33.4451372 ], [ -70.6876177, -33.4446269 ], [ -70.687497, -33.4445161 ], [ -70.6873508, -33.4443818 ] ] ] } },
{ "type": "Feature", "properties": { "access": null, "area": null, "barrier": null, "boundary": null, "building": null, "description": null, "ele": null, "golf": null, "landuse": null, "leisure": "park", "lit": null, "location": null, "name": "Plaza el Nogal", "name_en": null, "name_es": null, "opening_hours": null, "operator": null, "phone": null, "protect_class": null, "source_transform": null, "sport": null, "surface": null, "type": null, "website": null, "wheelchair": null, "zoo": null, "objectid": 16015424, "osm_id2": "222916044" }, "geometry": { "type": "Polygon", "coordinates": [ [ [ -70.691352200072203, -33.445781499628303 ], [ -70.691346800299101, -33.445678599801901 ], [ -70.690687000299306, -33.445732299914503 ], [ -70.690670899794398, -33.445575599412102 ], [ -70.690563599626998, -33.445580099788202 ], [ -70.690574300358705, -33.445929299484398 ], [ -70.690271899586307, -33.445952699243797 ], [ -70.690287600340795, -33.446137599695902 ], [ -70.690906899796005, -33.445996399315597 ], [ -70.690971300018703, -33.445951599639599 ], [ -70.690996600170394, -33.445818099945797 ], [ -70.691076799962303, -33.4457691993277 ], [ -70.691352200072203, -33.445781499628303 ] ] ] } },
{ "type": "Feature", "properties": { "access": null, "area": null, "barrier": null, "boundary": null, "building": null, "description": null, "ele": null, "golf": null, "landuse": null, "leisure": "sports_centre", "lit": null, "location": null, "name": "Centro Deportivo México", "name_en": null, "name_es": null, "opening_hours": null, "operator": null, "phone": null, "protect_class": null, "source_transform": null, "sport": null, "surface": null, "type": null, "website": null, "wheelchair": null, "zoo": null, "objectid": 16015445, "osm_id2": "193732320" }, "geometry": { "type": "Polygon", "coordinates": [ [ [ -70.6963874, -33.4440966 ], [ -70.6960179, -33.4440701 ], [ -70.6960532, -33.4439107 ], [ -70.6950304, -33.443798 ], [ -70.6949995, -33.4438166 ], [ -70.6950997, -33.444907 ], [ -70.6951274, -33.4449547 ], [ -70.6958882, -33.4451053 ], [ -70.695956, -33.444823 ], [ -70.6964644, -33.4449153 ], [ -70.6963874, -33.4440966 ] ] ] } },
{ "type": "Feature", "properties": { "access": null, "area": null, "barrier": null, "boundary": null, "building": null, "description": null, "ele": null, "golf": null, "landuse": null, "leisure": "park", "lit": null, "location": null, "name": "Plaza México", "name_en": null, "name_es": null, "opening_hours": null, "operator": null, "phone": null, "protect_class": null, "source_transform": null, "sport": null, "surface": null, "type": null, "website": null, "wheelchair": null, "zoo": null, "objectid": 16015448, "osm_id2": "193732317" }, "geometry": { "type": "Polygon", "coordinates": [ [ [ -70.696464400064698, -33.444915299350598 ], [ -70.695956000326305, -33.444822999658903 ], [ -70.695888199980303, -33.445105299819801 ], [ -70.696399200341403, -33.445197899787097 ], [ -70.696464400064698, -33.444915299350598 ] ] ] } },
{ "type": "Feature", "properties": { "access": null, "area": null, "barrier": null, "boundary": null, "building": null, "description": null, "ele": null, "golf": null, "landuse": null, "leisure": "park", "lit": null, "location": null, "name": "Plaza Lautaro", "name_en": null, "name_es": null, "opening_hours": null, "operator": null, "phone": null, "protect_class": null, "source_transform": null, "sport": null, "surface": null, "type": null, "website": null, "wheelchair": null, "zoo": null, "objectid": 16015623, "osm_id2": "193730454" }, "geometry": { "type": "Polygon", "coordinates": [ [ [ -70.7104013, -33.4435744 ], [ -70.7100649, -33.4435506 ], [ -70.710049, -33.4440786 ], [ -70.7100718, -33.4443807 ], [ -70.7103869, -33.4443617 ], [ -70.7103615, -33.444083 ], [ -70.7104013, -33.4435744 ] ] ] } },
{ "type": "Feature", "properties": { "access": null, "area": null, "barrier": null, "boundary": null, "building": "yes", "description": null, "ele": null, "golf": null, "landuse": null, "leisure": "fitness_centre", "lit": null, "location": null, "name": "Gimnasio The Biggest", "name_en": null, "name_es": null, "opening_hours": null, "operator": null, "phone": null, "protect_class": null, "source_transform": null, "sport": null, "surface": null, "type": null, "website": null, "wheelchair": null, "zoo": null, "objectid": 16015629, "osm_id2": "607202732" }, "geometry": { "type": "Polygon", "coordinates": [ [ [ -70.7104015002881, -33.444682799314897 ], [ -70.710370900076299, -33.444394899966497 ], [ -70.710107699986196, -33.444414399361698 ], [ -70.710138399911102, -33.444702299394997 ], [ -70.7104015002881, -33.444682799314897 ] ] ] } },
{ "type": "Feature", "properties": { "access": null, "area": null, "barrier": null, "boundary": null, "building": null, "description": null, "ele": null, "golf": null, "landuse": null, "leisure": "park", "lit": null, "location": null, "name": "Parque Central Alameda Bernardo O'Higgins", "name_en": null, "name_es": null, "opening_hours": null, "operator": null, "phone": null, "protect_class": null, "source_transform": null, "sport": null, "surface": null, "type": null, "website": null, "wheelchair": null, "zoo": null, "objectid": 16016558, "osm_id2": "24446064" }, "geometry": { "type": "Polygon", "coordinates": [ [ [ -70.672769100335998, -33.449184399624698 ], [ -70.6704517002279, -33.448551299265098 ], [ -70.670342700447904, -33.448535499766997 ], [ -70.668553799882702, -33.448045599970399 ], [ -70.668508300213503, -33.448152199720198 ], [ -70.6685487001468, -33.448163099540899 ], [ -70.668577299810494, -33.448164199866603 ], [ -70.669797200288301, -33.448484099473099 ], [ -70.670336200238495, -33.448644099427597 ], [ -70.670540000128696, -33.448696299381702 ], [ -70.672458199704394, -33.449211399255802 ], [ -70.672683499872505, -33.449270599488997 ], [ -70.672769100335998, -33.449184399624698 ] ] ] } },
{ "type": "Feature", "properties": { "access": null, "area": null, "barrier": null, "boundary": null, "building": null, "description": null, "ele": null, "golf": null, "landuse": null, "leisure": "park", "lit": null, "location": null, "name": "Parque Central Alameda Bernardo O'Higgins", "name_en": null, "name_es": null, "opening_hours": null, "operator": null, "phone": null, "protect_class": null, "source_transform": null, "sport": null, "surface": null, "type": null, "website": null, "wheelchair": null, "zoo": null, "objectid": 16016570, "osm_id2": "24446067" }, "geometry": { "type": "Polygon", "coordinates": [ [ [ -70.674178699848895, -33.4495684993541 ], [ -70.672971600363994, -33.449233799753998 ], [ -70.672960400169003, -33.4492336993167 ], [ -70.672943899913903, -33.449236599253702 ], [ -70.672923599785094, -33.4492528993108 ], [ -70.672914599564194, -33.449263099680699 ], [ -70.672908299679094, -33.449274199486702 ], [ -70.672908199966102, -33.449295199844997 ], [ -70.672914300425205, -33.449313199826797 ], [ -70.672929299595495, -33.449327299247798 ], [ -70.674140799927102, -33.449666099902601 ], [ -70.674178699848895, -33.4495684993541 ] ] ] } },
{ "type": "Feature", "properties": { "access": null, "area": null, "barrier": null, "boundary": null, "building": null, "description": null, "ele": null, "golf": null, "landuse": null, "leisure": "park", "lit": null, "location": null, "name": "Parque Central Alameda Bernardo O'Higgins", "name_en": null, "name_es": null, "opening_hours": null, "operator": null, "phone": null, "protect_class": null, "source_transform": null, "sport": null, "surface": null, "type": null, "website": null, "wheelchair": null, "zoo": null, "objectid": 16016623, "osm_id2": "24446073" }, "geometry": { "type": "Polygon", "coordinates": [ [ [ -70.6754826, -33.4499158 ], [ -70.674385, -33.4495992 ], [ -70.6743447, -33.4496893 ], [ -70.6754467, -33.4500204 ], [ -70.6754826, -33.4499158 ] ] ] } },
{ "type": "Feature", "properties": { "access": null, "area": null, "barrier": null, "boundary": null, "building": "yes", "description": null, "ele": null, "golf": null, "landuse": null, "leisure": "sports_centre", "lit": null, "location": null, "name": "Estadio Víctor Jara", "name_en": null, "name_es": null, "opening_hours": null, "operator": null, "phone": null, "protect_class": null, "source_transform": null, "sport": null, "surface": null, "type": null, "website": null, "wheelchair": null, "zoo": null, "objectid": 16016905, "osm_id2": "301671887" }, "geometry": { "type": "Polygon", "coordinates": [ [ [ -70.6749415, -33.450507 ], [ -70.6745002, -33.4503862 ], [ -70.6742854, -33.451074 ], [ -70.6747197, -33.4511519 ], [ -70.6749415, -33.450507 ] ] ] } },
{ "type": "Feature", "properties": { "access": null, "area": null, "barrier": null, "boundary": null, "building": null, "description": null, "ele": null, "golf": null, "landuse": null, "leisure": "park", "lit": null, "location": null, "name": "Parque Central Alameda Bernardo O'Higgins", "name_en": null, "name_es": null, "opening_hours": null, "operator": null, "phone": null, "protect_class": null, "source_transform": null, "sport": null, "surface": null, "type": null, "website": null, "wheelchair": null, "zoo": null, "objectid": 16016913, "osm_id2": "33101548" }, "geometry": { "type": "Polygon", "coordinates": [ [ [ -70.677773400086494, -33.450551399228303 ], [ -70.675698699615296, -33.449974499255099 ], [ -70.675663400316196, -33.449973799948303 ], [ -70.675631899992396, -33.449990699486797 ], [ -70.675622700345599, -33.450005999536202 ], [ -70.675615800385899, -33.450029299258603 ], [ -70.675627899794506, -33.450058899475799 ], [ -70.675655699957602, -33.4500743996362 ], [ -70.677584799690905, -33.450593299635202 ], [ -70.677734900090002, -33.450631099401697 ], [ -70.677773400086494, -33.450551399228303 ] ] ] } },
{ "type": "Feature", "properties": { "access": null, "area": null, "barrier": null, "boundary": null, "building": "yes", "description": null, "ele": null, "golf": null, "landuse": null, "leisure": "sports_centre", "lit": null, "location": null, "name": "Gimnasio Piscina Temperada", "name_en": null, "name_es": null, "opening_hours": null, "operator": null, "phone": null, "protect_class": null, "source_transform": "Reconocimiento cartográfico 2016 por KG.", "sport": null, "surface": null, "type": null, "website": null, "wheelchair": null, "zoo": null, "objectid": 16017926, "osm_id2": "448551971" }, "geometry": { "type": "Polygon", "coordinates": [ [ [ -70.672592699960305, -33.4585912992749 ], [ -70.672443099922702, -33.458578599834901 ], [ -70.672416499908906, -33.458824299380197 ], [ -70.672562099748404, -33.458834999255899 ], [ -70.672592699960305, -33.4585912992749 ] ] ] } },
{ "type": "Feature", "properties": { "access": null, "area": null, "barrier": null, "boundary": null, "building": null, "description": null, "ele": null, "golf": null, "landuse": null, "leisure": "park", "lit": null, "location": null, "name": "Plaza Perpetuo Socorro", "name_en": null, "name_es": null, "opening_hours": null, "operator": null, "phone": null, "protect_class": null, "source_transform": null, "sport": null, "surface": null, "type": null, "website": null, "wheelchair": null, "zoo": null, "objectid": 16017948, "osm_id2": "176841076" }, "geometry": { "type": "Polygon", "coordinates": [ [ [ -70.678350500282903, -33.458806499227002 ], [ -70.678337499864099, -33.4586621995131 ], [ -70.678313099824294, -33.4582360994726 ], [ -70.678302300278006, -33.458213599374098 ], [ -70.678280100212405, -33.458197399929098 ], [ -70.678257900146704, -33.4581869997564 ], [ -70.678229499908994, -33.458183499806097 ], [ -70.678190499550993, -33.458187799423797 ], [ -70.676702200432601, -33.458492799687001 ], [ -70.676333399787694, -33.458520799935002 ], [ -70.676030099801693, -33.4585154998165 ], [ -70.677320800100205, -33.458614999894799 ], [ -70.677295400235593, -33.458824299380197 ], [ -70.678253800235794, -33.458908699231799 ], [ -70.678287000172006, -33.458895899412298 ], [ -70.678309900025297, -33.458881399842902 ], [ -70.678331500016299, -33.458859199691098 ], [ -70.678345500259994, -33.458840299354897 ], [ -70.678350500282903, -33.458806499227002 ] ] ] } },
{ "type": "Feature", "properties": { "access": null, "area": null, "barrier": null, "boundary": null, "building": null, "description": null, "ele": null, "golf": null, "landuse": null, "leisure": "park", "lit": null, "location": null, "name": "Plaza el Durazno", "name_en": null, "name_es": null, "opening_hours": null, "operator": null, "phone": null, "protect_class": null, "source_transform": null, "sport": null, "surface": null, "type": null, "website": null, "wheelchair": null, "zoo": null, "objectid": 16018029, "osm_id2": "162122055" }, "geometry": { "type": "Polygon", "coordinates": [ [ [ -70.688615999988798, -33.447435999341799 ], [ -70.688592899811198, -33.4471756992914 ], [ -70.688338300191703, -33.447184499747799 ], [ -70.688362700231494, -33.447465999952499 ], [ -70.688568300345494, -33.447455499552497 ], [ -70.688615999988798, -33.447435999341799 ] ] ] } },
{ "type": "Feature", "properties": { "access": null, "area": null, "barrier": null, "boundary": null, "building": null, "description": null, "ele": null, "golf": null, "landuse": null, "leisure": "park", "lit": null, "location": null, "name": "Plaza el Peumo", "name_en": null, "name_es": null, "opening_hours": null, "operator": null, "phone": null, "protect_class": null, "source_transform": null, "sport": null, "surface": null, "type": null, "website": null, "wheelchair": null, "zoo": null, "objectid": 16018032, "osm_id2": "162121069" }, "geometry": { "type": "Polygon", "coordinates": [ [ [ -70.690136999580105, -33.447435399704197 ], [ -70.690112499827293, -33.447046499403001 ], [ -70.689457000062802, -33.447081499646998 ], [ -70.689433800172296, -33.447087999744298 ], [ -70.689407999658997, -33.447116199307501 ], [ -70.6894312004478, -33.447435599833298 ], [ -70.689470799982203, -33.447470799299701 ], [ -70.690136999580105, -33.447435399704197 ] ] ] } },
{ "type": "Feature", "properties": { "access": null, "area": null, "barrier": null, "boundary": null, "building": "yes", "description": null, "ele": null, "golf": null, "landuse": null, "leisure": "fitness_centre", "lit": null, "location": null, "name": "Gimnasio Usach", "name_en": null, "name_es": null, "opening_hours": null, "operator": null, "phone": null, "protect_class": null, "source_transform": null, "sport": null, "surface": null, "type": null, "website": null, "wheelchair": null, "zoo": null, "objectid": 16018077, "osm_id2": "60777314" }, "geometry": { "type": "Polygon", "coordinates": [ [ [ -70.685614900202694, -33.449869299610803 ], [ -70.685602499858504, -33.4495660993638 ], [ -70.6853479999521, -33.449576499820999 ], [ -70.685350400250499, -33.449881999576803 ], [ -70.685614900202694, -33.449869299610803 ] ] ] } },
{ "type": "Feature", "properties": { "access": null, "area": null, "barrier": null, "boundary": null, "building": null, "description": null, "ele": null, "golf": null, "landuse": null, "leisure": "pitch", "lit": null, "location": null, "name": "Cancha Fútbol Usach", "name_en": null, "name_es": null, "opening_hours": null, "operator": null, "phone": null, "protect_class": null, "source_transform": null, "sport": "soccer", "surface": null, "type": null, "website": null, "wheelchair": null, "zoo": null, "objectid": 16018103, "osm_id2": "60777310" }, "geometry": { "type": "Polygon", "coordinates": [ [ [ -70.689912400097796, -33.449858899938299 ], [ -70.689910800198305, -33.4495144995564 ], [ -70.689154499577398, -33.4495168995482 ], [ -70.6891561003752, -33.449861299920499 ], [ -70.689912400097796, -33.449858899938299 ] ] ] } },
{ "type": "Feature", "properties": { "access": null, "area": null, "barrier": null, "boundary": null, "building": null, "description": null, "ele": null, "golf": null, "landuse": null, "leisure": "pitch", "lit": null, "location": null, "name": "Canchas Tenis Usach", "name_en": null, "name_es": null, "opening_hours": null, "operator": null, "phone": null, "protect_class": null, "source_transform": null, "sport": "tennis", "surface": null, "type": null, "website": null, "wheelchair": null, "zoo": null, "objectid": 16018106, "osm_id2": "60777311" }, "geometry": { "type": "Polygon", "coordinates": [ [ [ -70.6905247, -33.4506373 ], [ -70.6905012, -33.4495381 ], [ -70.6901131, -33.4495469 ], [ -70.6901324, -33.4506328 ], [ -70.6905247, -33.4506373 ] ] ] } },
{ "type": "Feature", "properties": { "access": null, "area": null, "barrier": null, "boundary": null, "building": null, "description": null, "ele": null, "golf": null, "landuse": null, "leisure": "pitch", "lit": null, "location": null, "name": "Estadio Quinta Normal", "name_en": null, "name_es": null, "opening_hours": null, "operator": null, "phone": null, "protect_class": null, "source_transform": null, "sport": "soccer", "surface": null, "type": null, "website": null, "wheelchair": null, "zoo": null, "objectid": 16018110, "osm_id2": "343228185" }, "geometry": { "type": "Polygon", "coordinates": [ [ [ -70.6990906, -33.4471684 ], [ -70.6990562, -33.4462311 ], [ -70.6983588, -33.4462489 ], [ -70.6983932, -33.4471862 ], [ -70.6990906, -33.4471684 ] ] ] } },
{ "type": "Feature", "properties": { "access": null, "area": null, "barrier": null, "boundary": null, "building": null, "description": null, "ele": null, "golf": null, "landuse": null, "leisure": "stadium", "lit": null, "location": null, "name": "Estadio Municipal Bernardo O'Higgins", "name_en": null, "name_es": null, "opening_hours": null, "operator": "Ilustre Municipalidad de Quinta Normal", "phone": null, "protect_class": null, "source_transform": null, "sport": "soccer;athletics", "surface": null, "type": null, "website": null, "wheelchair": null, "zoo": null, "objectid": 16018111, "osm_id2": "193730452" }, "geometry": { "type": "Polygon", "coordinates": [ [ [ -70.699904299917605, -33.447661799311099 ], [ -70.699774699971599, -33.445957099909002 ], [ -70.699434799925896, -33.4457151994133 ], [ -70.699280899653104, -33.445679699409602 ], [ -70.698196599867501, -33.445738299405797 ], [ -70.698136700204401, -33.445716799727698 ], [ -70.698273400434402, -33.447462699698399 ], [ -70.699904299917605, -33.447661799311099 ] ] ] } },
{ "type": "Feature", "properties": { "access": null, "area": null, "barrier": null, "boundary": null, "building": null, "description": null, "ele": null, "golf": null, "landuse": null, "leisure": "pitch", "lit": null, "location": null, "name": "Cancha Fútbol Usach", "name_en": null, "name_es": null, "opening_hours": null, "operator": null, "phone": null, "protect_class": null, "source_transform": null, "sport": "soccer", "surface": null, "type": null, "website": null, "wheelchair": null, "zoo": null, "objectid": 16018146, "osm_id2": "60777309" }, "geometry": { "type": "Polygon", "coordinates": [ [ [ -70.6899043, -33.4507886 ], [ -70.6899072, -33.449916 ], [ -70.6893536, -33.4499079 ], [ -70.6893196, -33.4507805 ], [ -70.6899043, -33.4507886 ] ] ] } },
{ "type": "Feature", "properties": { "access": null, "area": null, "barrier": null, "boundary": null, "building": null, "description": null, "ele": null, "golf": null, "landuse": null, "leisure": "sports_centre", "lit": null, "location": null, "name": "Estadio Usach", "name_en": null, "name_es": null, "opening_hours": null, "operator": null, "phone": null, "protect_class": null, "source_transform": null, "sport": null, "surface": null, "type": null, "website": null, "wheelchair": "no", "zoo": null, "objectid": 16018148, "osm_id2": "-10006937" }, "geometry": { "type": "Polygon", "coordinates": [ [ [ -70.691520099690393, -33.450756599575101 ], [ -70.691515999779497, -33.449830699767801 ], [ -70.691478000144599, -33.449731799724603 ], [ -70.6913929000428, -33.4496425999588 ], [ -70.691245599692394, -33.4495781997514 ], [ -70.691116100357704, -33.449548199871302 ], [ -70.690993299759995, -33.449541799645701 ], [ -70.690862799702103, -33.449573899706799 ], [ -70.690744199626707, -33.449620299253397 ], [ -70.690669099570599, -33.4496716996236 ], [ -70.690609299620505, -33.449747399630503 ], [ -70.690570699911007, -33.449836999535599 ], [ -70.690606000108403, -33.450792899485101 ], [ -70.690620400102404, -33.450861199278698 ], [ -70.690682700064002, -33.450935199842597 ], [ -70.690748400149005, -33.450987799408999 ], [ -70.690844299797106, -33.451028399944398 ], [ -70.690976699791904, -33.451059399915898 ], [ -70.691103300263194, -33.451064099378698 ], [ -70.691225299563598, -33.451043899931499 ], [ -70.691343799926003, -33.451001999742402 ], [ -70.691433999763703, -33.450935399963598 ], [ -70.6914921001013, -33.450865299887901 ], [ -70.691520099690393, -33.450756599575101 ] ], [ [ -70.691446600432201, -33.450779899845301 ], [ -70.691431799789598, -33.450826099375 ], [ -70.691388200057204, -33.450892199309898 ], [ -70.691319000136005, -33.450943399554802 ], [ -70.691235799970997, -33.450975399411497 ], [ -70.691162599851694, -33.450989499311802 ], [ -70.691060800068797, -33.451001699936 ], [ -70.690933100059596, -33.450986399312598 ], [ -70.690823599918005, -33.450956999532799 ], [ -70.690750200372804, -33.450914899930197 ], [ -70.690704099730695, -33.450869199626297 ], [ -70.690673300092897, -33.450791599821002 ], [ -70.690645700254095, -33.4498295994633 ], [ -70.690699900106793, -33.449742499223198 ], [ -70.690766699729593, -33.449685299800997 ], [ -70.690871400172597, -33.449645299758103 ], [ -70.690977100440506, -33.449620399690197 ], [ -70.6911015997524, -33.449620399690197 ], [ -70.6912194003271, -33.449642799333198 ], [ -70.691324999983706, -33.449690699396903 ], [ -70.6913913998563, -33.449753499280703 ], [ -70.691426400016397, -33.449825099307603 ], [ -70.691446600432201, -33.450779899845301 ] ] ] } },
{ "type": "Feature", "properties": { "access": null, "area": null, "barrier": null, "boundary": null, "building": null, "description": null, "ele": null, "golf": null, "landuse": null, "leisure": "pitch", "lit": null, "location": null, "name": "Estadio de la Universidad de Santiago de Chile", "name_en": null, "name_es": null, "opening_hours": null, "operator": null, "phone": null, "protect_class": null, "source_transform": null, "sport": "soccer", "surface": null, "type": null, "website": null, "wheelchair": null, "zoo": null, "objectid": 16018149, "osm_id2": "60777303" }, "geometry": { "type": "Polygon", "coordinates": [ [ [ -70.6914506, -33.4507743 ], [ -70.6914278, -33.4497971 ], [ -70.6906827, -33.4498029 ], [ -70.6906983, -33.4507846 ], [ -70.6914506, -33.4507743 ] ] ] } },
{ "type": "Feature", "properties": { "access": null, "area": null, "barrier": null, "boundary": null, "building": null, "description": null, "ele": null, "golf": null, "landuse": null, "leisure": "park", "lit": null, "location": null, "name": "Paseo Peatonal Avenida Padre Hurtado", "name_en": null, "name_es": null, "opening_hours": null, "operator": null, "phone": null, "protect_class": null, "source_transform": null, "sport": null, "surface": null, "type": null, "website": null, "wheelchair": null, "zoo": null, "objectid": 16018174, "osm_id2": "208636807" }, "geometry": { "type": "Polygon", "coordinates": [ [ [ -70.691705099638298, -33.451745399615902 ], [ -70.691695399629893, -33.451686199572997 ], [ -70.691660200043799, -33.451634999766597 ], [ -70.691590000297595, -33.451605799576598 ], [ -70.691494000038105, -33.451606099380903 ], [ -70.691434500125297, -33.451640199871299 ], [ -70.691379400160699, -33.451718799513003 ], [ -70.691155000104402, -33.452368399574802 ], [ -70.690700699607405, -33.453631799796703 ], [ -70.691126100403395, -33.453726199936099 ], [ -70.691476700282394, -33.4526307998851 ], [ -70.691523700138106, -33.452382199446902 ], [ -70.691701800126296, -33.451823999911802 ], [ -70.691705099638298, -33.451745399615902 ] ] ] } },
{ "type": "Feature", "properties": { "access": null, "area": null, "barrier": null, "boundary": null, "building": null, "description": null, "ele": null, "golf": null, "landuse": null, "leisure": "park", "lit": null, "location": null, "name": "Parque Central Alameda Bernardo O'Higgins", "name_en": null, "name_es": null, "opening_hours": null, "operator": null, "phone": null, "protect_class": null, "source_transform": null, "sport": null, "surface": null, "type": null, "website": null, "wheelchair": null, "zoo": null, "objectid": 16018176, "osm_id2": "34920751" }, "geometry": { "type": "Polygon", "coordinates": [ [ [ -70.690554199655907, -33.453742599581403 ], [ -70.685164699616607, -33.452479799826897 ], [ -70.685111900237501, -33.452604899339399 ], [ -70.689325899930196, -33.453566599843597 ], [ -70.690514200371197, -33.453860799703001 ], [ -70.690554199655907, -33.453742599581403 ] ] ] } },
{ "type": "Feature", "properties": { "access": null, "area": null, "barrier": null, "boundary": null, "building": null, "description": null, "ele": null, "golf": null, "landuse": null, "leisure": "pitch", "lit": "no", "location": null, "name": "Cancha Villa Ecuador", "name_en": null, "name_es": null, "opening_hours": null, "operator": null, "phone": null, "protect_class": null, "source_transform": null, "sport": "soccer", "surface": "ground", "type": null, "website": null, "wheelchair": null, "zoo": null, "objectid": 16018224, "osm_id2": "122544982" }, "geometry": { "type": "Polygon", "coordinates": [ [ [ -70.7110239, -33.4465426 ], [ -70.7102556, -33.4464419 ], [ -70.7100689, -33.4472361 ], [ -70.7108586, -33.4473573 ], [ -70.7110239, -33.4465426 ] ] ] } },
{ "type": "Feature", "properties": { "access": null, "area": null, "barrier": null, "boundary": null, "building": "yes", "description": null, "ele": null, "golf": null, "landuse": null, "leisure": "pitch", "lit": null, "location": null, "name": "Gimnasio Villa Ecuador", "name_en": null, "name_es": null, "opening_hours": null, "operator": null, "phone": null, "protect_class": null, "source_transform": null, "sport": "multi;soccer", "surface": "paved", "type": null, "website": null, "wheelchair": null, "zoo": null, "objectid": 16018231, "osm_id2": "640417475" }, "geometry": { "type": "Polygon", "coordinates": [ [ [ -70.7101037, -33.4472777 ], [ -70.7100664, -33.4474439 ], [ -70.7100491, -33.4475209 ], [ -70.7102294, -33.4475495 ], [ -70.7104745, -33.447587 ], [ -70.7105098, -33.4474278 ], [ -70.7105286, -33.4473441 ], [ -70.7101037, -33.4472777 ] ] ] } },
{ "type": "Feature", "properties": { "access": null, "area": null, "barrier": null, "boundary": null, "building": null, "description": null, "ele": null, "golf": null, "landuse": null, "leisure": "park", "lit": null, "location": null, "name": "Plaza Bernal del Mercado", "name_en": null, "name_es": null, "opening_hours": null, "operator": null, "phone": null, "protect_class": null, "source_transform": null, "sport": null, "surface": null, "type": null, "website": null, "wheelchair": null, "zoo": null, "objectid": 16018363, "osm_id2": "606515947" }, "geometry": { "type": "Polygon", "coordinates": [ [ [ -70.6846562, -33.4571841 ], [ -70.6840939, -33.4571746 ], [ -70.6841158, -33.4579426 ], [ -70.684635, -33.4579535 ], [ -70.6846562, -33.4571841 ] ] ] } },
{ "type": "Feature", "properties": { "access": null, "area": null, "barrier": null, "boundary": null, "building": null, "description": null, "ele": null, "golf": null, "landuse": null, "leisure": "park", "lit": null, "location": null, "name": "Parque Central Alameda Bernardo O'Higgins", "name_en": null, "name_es": null, "opening_hours": null, "operator": null, "phone": null, "protect_class": null, "source_transform": null, "sport": null, "surface": null, "type": null, "website": null, "wheelchair": null, "zoo": null, "objectid": 16018388, "osm_id2": "34920752" }, "geometry": { "type": "Polygon", "coordinates": [ [ [ -70.701045000428294, -33.456246599638199 ], [ -70.701045000428294, -33.456236499769297 ], [ -70.701039200006505, -33.456226499578896 ], [ -70.701025600411398, -33.4562141992607 ], [ -70.701005300282603, -33.456204099388103 ], [ -70.700622500292297, -33.456115299752099 ], [ -70.700416799566995, -33.456043399883299 ], [ -70.697504100293102, -33.455349799245496 ], [ -70.697119200041598, -33.455267799509599 ], [ -70.697036399626995, -33.455251199292199 ], [ -70.695843300385704, -33.454965499527397 ], [ -70.694753299891303, -33.4546888998089 ], [ -70.692863000191807, -33.454243899889697 ], [ -70.691180399969099, -33.453868899456303 ], [ -70.691143100121906, -33.453981499963398 ], [ -70.692073399921696, -33.454186899802401 ], [ -70.692812099851196, -33.454360899399198 ], [ -70.695898400350302, -33.455119699286499 ], [ -70.697204399856403, -33.455424199947799 ], [ -70.700957400315104, -33.456288199753601 ], [ -70.700973700245896, -33.456288999438499 ], [ -70.700991800400601, -33.456287199960002 ], [ -70.701009199869304, -33.456283599503998 ], [ -70.701020000313903, -33.456279099683201 ], [ -70.701033500196104, -33.456270099291501 ], [ -70.701041499693702, -33.456260399642701 ], [ -70.701045000428294, -33.456246599638199 ] ] ] } },
{ "type": "Feature", "properties": { "access": null, "area": null, "barrier": null, "boundary": null, "building": null, "description": null, "ele": null, "golf": null, "landuse": null, "leisure": "park", "lit": null, "location": null, "name": "Plaza Chorrillos", "name_en": null, "name_es": null, "opening_hours": null, "operator": null, "phone": null, "protect_class": null, "source_transform": null, "sport": null, "surface": null, "type": null, "website": null, "wheelchair": null, "zoo": null, "objectid": 16018478, "osm_id2": "386965848" }, "geometry": { "type": "Polygon", "coordinates": [ [ [ -70.687912699969701, -33.461627899677602 ], [ -70.687910599708502, -33.461410099475202 ], [ -70.686815200339296, -33.461380199615 ], [ -70.686830399833894, -33.461599799260703 ], [ -70.687912699969701, -33.461627899677602 ] ] ] } },
{ "type": "Feature", "properties": { "access": null, "area": null, "barrier": null, "boundary": null, "building": null, "description": null, "ele": null, "golf": null, "landuse": null, "leisure": "park", "lit": null, "location": null, "name": "Plaza Angelmo", "name_en": null, "name_es": null, "opening_hours": null, "operator": null, "phone": null, "protect_class": null, "source_transform": null, "sport": null, "surface": null, "type": null, "website": null, "wheelchair": null, "zoo": null, "objectid": 16018530, "osm_id2": "376180321" }, "geometry": { "type": "Polygon", "coordinates": [ [ [ -70.699177499970702, -33.461336399377501 ], [ -70.698607400345296, -33.461269299424103 ], [ -70.6984719999774, -33.461640299650597 ], [ -70.698898500311401, -33.4618502992872 ], [ -70.699177499970702, -33.461336399377501 ] ] ] } },
{ "type": "Feature", "properties": { "access": null, "area": null, "barrier": null, "boundary": null, "building": null, "description": null, "ele": null, "golf": null, "landuse": null, "leisure": "park", "lit": null, "location": null, "name": "Plaza Titán", "name_en": null, "name_es": null, "opening_hours": null, "operator": null, "phone": null, "protect_class": null, "source_transform": null, "sport": null, "surface": null, "type": null, "website": null, "wheelchair": null, "zoo": null, "objectid": 16018588, "osm_id2": "185099930" }, "geometry": { "type": "Polygon", "coordinates": [ [ [ -70.704005700281101, -33.4590455992495 ], [ -70.701663300058598, -33.458280799870799 ], [ -70.701242900183701, -33.458700399715802 ], [ -70.701052200425295, -33.459092799382901 ], [ -70.701032699797096, -33.459130499515403 ], [ -70.700647900156994, -33.459891799761202 ], [ -70.700895800141097, -33.459980099401001 ], [ -70.701353499863203, -33.459172399524199 ], [ -70.701707899615798, -33.459314699621103 ], [ -70.701766200277802, -33.459210899280102 ], [ -70.701447300148502, -33.4589970995493 ], [ -70.701514999883301, -33.458896199940902 ], [ -70.701820100093101, -33.458541899229999 ], [ -70.703637600321997, -33.459211699687501 ], [ -70.703965199736501, -33.459185299728503 ], [ -70.703995000447705, -33.459148499704099 ], [ -70.704005700281101, -33.4590455992495 ] ] ] } },
{ "type": "Feature", "properties": { "access": null, "area": null, "barrier": null, "boundary": null, "building": null, "description": null, "ele": null, "golf": null, "landuse": null, "leisure": "park", "lit": null, "location": null, "name": "Parque del Cristo", "name_en": null, "name_es": null, "opening_hours": null, "operator": null, "phone": null, "protect_class": null, "source_transform": null, "sport": null, "surface": null, "type": null, "website": null, "wheelchair": null, "zoo": null, "objectid": 16018609, "osm_id2": "373831220" }, "geometry": { "type": "Polygon", "coordinates": [ [ [ -70.7094895, -33.4585361 ], [ -70.7091719, -33.4594563 ], [ -70.7116999, -33.4596297 ], [ -70.7117035, -33.4596053 ], [ -70.7100037, -33.4592175 ], [ -70.7099064, -33.4591873 ], [ -70.7098381, -33.4591432 ], [ -70.7097563, -33.4591159 ], [ -70.7099008, -33.4586284 ], [ -70.7094895, -33.4585361 ] ] ] } },
{ "type": "Feature", "properties": { "access": null, "area": null, "barrier": null, "boundary": null, "building": null, "description": null, "ele": null, "golf": null, "landuse": null, "leisure": "park", "lit": null, "location": null, "name": "Plaza Fernado Guarda", "name_en": null, "name_es": null, "opening_hours": null, "operator": null, "phone": null, "protect_class": null, "source_transform": null, "sport": null, "surface": null, "type": null, "website": null, "wheelchair": null, "zoo": null, "objectid": 16018621, "osm_id2": "340928141" }, "geometry": { "type": "Polygon", "coordinates": [ [ [ -70.704731200365799, -33.460280299967003 ], [ -70.704307500080503, -33.460271099891202 ], [ -70.704272499920407, -33.460321899645898 ], [ -70.704287299664699, -33.460532899222997 ], [ -70.704382200386306, -33.461348599295299 ], [ -70.7046395003416, -33.461364899324103 ], [ -70.704731200365799, -33.460280299967003 ] ] ] } },
{ "type": "Feature", "properties": { "access": null, "area": null, "barrier": null, "boundary": null, "building": null, "description": null, "ele": null, "golf": null, "landuse": null, "leisure": "park", "lit": null, "location": null, "name": "Parque Santiago Bueras", "name_en": null, "name_es": null, "opening_hours": null, "operator": null, "phone": null, "protect_class": null, "source_transform": null, "sport": null, "surface": null, "type": null, "website": null, "wheelchair": null, "zoo": null, "objectid": 16018627, "osm_id2": "468764290" }, "geometry": { "type": "Polygon", "coordinates": [ [ [ -70.7127104, -33.4583939 ], [ -70.7128105, -33.4583892 ], [ -70.7128563, -33.4583776 ], [ -70.7128813, -33.458366 ], [ -70.7129255, -33.4583331 ], [ -70.7129444, -33.4583059 ], [ -70.7129706, -33.458238 ], [ -70.7129946, -33.4581629 ], [ -70.7130158, -33.4580979 ], [ -70.713037, -33.4580534 ], [ -70.7130976, -33.4579575 ], [ -70.7131635, -33.4578809 ], [ -70.7132353, -33.457794 ], [ -70.7132294, -33.4577806 ], [ -70.7132014, -33.4577661 ], [ -70.7131584, -33.4577512 ], [ -70.7131019, -33.4577399 ], [ -70.7130303, -33.4577354 ], [ -70.7129609, -33.4577341 ], [ -70.7129059, -33.4577385 ], [ -70.7127242, -33.4577739 ], [ -70.7126106, -33.4577904 ], [ -70.712405, -33.4578121 ], [ -70.712194, -33.457819 ], [ -70.7119904, -33.4578195 ], [ -70.7117436, -33.457805 ], [ -70.7114601, -33.457784 ], [ -70.7111764, -33.4577601 ], [ -70.7110211, -33.4577429 ], [ -70.7109297, -33.4577269 ], [ -70.7107937, -33.4577012 ], [ -70.7098971, -33.4575149 ], [ -70.7094048, -33.4574106 ], [ -70.7092477, -33.4573804 ], [ -70.7091953, -33.4573763 ], [ -70.7090979, -33.4573986 ], [ -70.7089799, -33.4576111 ], [ -70.7089169, -33.4576965 ], [ -70.7088949, -33.4577771 ], [ -70.7090607, -33.4578549 ], [ -70.7095448, -33.4580302 ], [ -70.7104433, -33.458225 ], [ -70.7111177, -33.4583055 ], [ -70.7116374, -33.4583663 ], [ -70.7123103, -33.4584012 ], [ -70.7127104, -33.4583939 ] ] ] } },
{ "type": "Feature", "properties": { "access": null, "area": null, "barrier": null, "boundary": null, "building": null, "description": null, "ele": null, "golf": null, "landuse": null, "leisure": "track", "lit": null, "location": null, "name": "Escuela de Investigaciones Policiales", "name_en": null, "name_es": null, "opening_hours": null, "operator": null, "phone": null, "protect_class": null, "source_transform": null, "sport": "athletics", "surface": null, "type": null, "website": null, "wheelchair": null, "zoo": null, "objectid": 16018633, "osm_id2": "41079388" }, "geometry": { "type": "Polygon", "coordinates": [ [ [ -70.7171899000069, -33.458497799276898 ], [ -70.717132399743903, -33.458369599537299 ], [ -70.717031800110206, -33.458268899302702 ], [ -70.716898599716501, -33.458205499277199 ], [ -70.716761300310097, -33.458176799686697 ], [ -70.716617400083095, -33.458194599969197 ], [ -70.716448700065996, -33.458261799731197 ], [ -70.716373299972602, -33.458345899599799 ], [ -70.716314899597705, -33.458477599312999 ], [ -70.716198300070403, -33.459316599462298 ], [ -70.716225699584896, -33.459430699276098 ], [ -70.716285699859398, -33.459529599499596 ], [ -70.7164380002326, -33.459628099408498 ], [ -70.716540100052896, -33.459665799308297 ], [ -70.716570199903103, -33.459676899281597 ], [ -70.716732500322095, -33.459682299754199 ], [ -70.716877800124394, -33.459643299580797 ], [ -70.717007000320095, -33.459552499458802 ], [ -70.717070300106599, -33.459422799394297 ], [ -70.7171899000069, -33.458497799276898 ] ] ] } },
{ "type": "Feature", "properties": { "access": null, "area": null, "barrier": null, "boundary": null, "building": null, "description": null, "ele": null, "golf": null, "landuse": null, "leisure": "pitch", "lit": null, "location": null, "name": "Cancha Fútbol Villa Kennedy", "name_en": null, "name_es": null, "opening_hours": null, "operator": null, "phone": null, "protect_class": null, "source_transform": null, "sport": "soccer", "surface": null, "type": null, "website": null, "wheelchair": null, "zoo": null, "objectid": 16021679, "osm_id2": "40223433" }, "geometry": { "type": "Polygon", "coordinates": [ [ [ -70.7295082, -33.4502445 ], [ -70.729445, -33.4493332 ], [ -70.7287184, -33.4493683 ], [ -70.7287817, -33.4502796 ], [ -70.7295082, -33.4502445 ] ] ] } },
{ "type": "Feature", "properties": { "access": null, "area": null, "barrier": null, "boundary": null, "building": null, "description": null, "ele": null, "golf": null, "landuse": null, "leisure": "pitch", "lit": null, "location": null, "name": "Club Deportivo Villa Teniente Cruz", "name_en": null, "name_es": null, "opening_hours": null, "operator": null, "phone": null, "protect_class": null, "source_transform": null, "sport": null, "surface": null, "type": null, "website": null, "wheelchair": null, "zoo": null, "objectid": 16021717, "osm_id2": "301583931" }, "geometry": { "type": "Polygon", "coordinates": [ [ [ -70.738156499686497, -33.4486235996022 ], [ -70.737951799684396, -33.448602499392898 ], [ -70.737939700275902, -33.448683799368297 ], [ -70.738144499990995, -33.448704799869503 ], [ -70.738156499686497, -33.4486235996022 ] ] ] } },
{ "type": "Feature", "properties": { "access": null, "area": null, "barrier": null, "boundary": null, "building": null, "description": null, "ele": null, "golf": null, "landuse": null, "leisure": "park", "lit": null, "location": null, "name": "Parque Neptuno", "name_en": null, "name_es": null, "opening_hours": null, "operator": null, "phone": null, "protect_class": null, "source_transform": "Reconocimiento cartográfico 2016 por KG.", "sport": null, "surface": null, "type": null, "website": null, "wheelchair": null, "zoo": null, "objectid": 16021792, "osm_id2": "-7606735" }, "geometry": { "type": "Polygon", "coordinates": [ [ [ -70.722859400428703, -33.451847899502297 ], [ -70.722455000447297, -33.451827399684603 ], [ -70.722317499818402, -33.453908499571398 ], [ -70.722165999843995, -33.454459499615297 ], [ -70.721968300412897, -33.455107499241699 ], [ -70.721871199717199, -33.4555919996413 ], [ -70.722435100068793, -33.455629399257198 ], [ -70.722483500397999, -33.455563999946399 ], [ -70.722515500185096, -33.455486299415298 ], [ -70.722615099993902, -33.455293699259997 ], [ -70.722646099955995, -33.4547899999286 ], [ -70.722859400428703, -33.451847899502297 ] ] ] } },
{ "type": "Feature", "properties": { "access": null, "area": null, "barrier": null, "boundary": null, "building": null, "description": null, "ele": null, "golf": null, "landuse": null, "leisure": "park", "lit": null, "location": null, "name": "Parque Neptuno", "name_en": null, "name_es": null, "opening_hours": null, "operator": null, "phone": null, "protect_class": null, "source_transform": null, "sport": null, "surface": null, "type": null, "website": null, "wheelchair": null, "zoo": null, "objectid": 16022052, "osm_id2": "827721225" }, "geometry": { "type": "Polygon", "coordinates": [ [ [ -70.721911, -33.4547895 ], [ -70.721895, -33.454785 ], [ -70.7217756, -33.4549953 ], [ -70.7216306, -33.4552371 ], [ -70.7214214, -33.4554699 ], [ -70.7212015, -33.4556623 ], [ -70.7214124, -33.4556203 ], [ -70.7216898, -33.4555794 ], [ -70.7217179, -33.4554597 ], [ -70.721785, -33.4552448 ], [ -70.721911, -33.4547895 ] ] ] } },
{ "type": "Feature", "properties": { "access": null, "area": null, "barrier": null, "boundary": null, "building": null, "description": null, "ele": null, "golf": null, "landuse": null, "leisure": "park", "lit": null, "location": null, "name": "Parque Neptuno", "name_en": null, "name_es": null, "opening_hours": null, "operator": null, "phone": null, "protect_class": null, "source_transform": null, "sport": null, "surface": null, "type": null, "website": null, "wheelchair": null, "zoo": null, "objectid": 16022056, "osm_id2": "827721823" }, "geometry": { "type": "Polygon", "coordinates": [ [ [ -70.722243, -33.4557086 ], [ -70.7219694, -33.4556851 ], [ -70.7219124, -33.4556885 ], [ -70.7218708, -33.4556997 ], [ -70.7218494, -33.4557165 ], [ -70.7218393, -33.4557394 ], [ -70.7218393, -33.4557556 ], [ -70.7218467, -33.4557679 ], [ -70.7218681, -33.4557836 ], [ -70.7218956, -33.4557948 ], [ -70.7219392, -33.4558049 ], [ -70.7219996, -33.4558138 ], [ -70.7221035, -33.4558177 ], [ -70.7221679, -33.4558194 ], [ -70.7222175, -33.4558194 ], [ -70.7222477, -33.4558144 ], [ -70.7222832, -33.4557987 ], [ -70.7222973, -33.455773 ], [ -70.722298, -33.4557528 ], [ -70.7222892, -33.45574 ], [ -70.7222711, -33.4557215 ], [ -70.722243, -33.4557086 ] ] ] } },
{ "type": "Feature", "properties": { "access": null, "area": null, "barrier": null, "boundary": null, "building": null, "description": null, "ele": null, "golf": null, "landuse": null, "leisure": "park", "lit": null, "location": null, "name": "Parque Neptuno", "name_en": null, "name_es": null, "opening_hours": null, "operator": null, "phone": null, "protect_class": null, "source_transform": null, "sport": null, "surface": null, "type": null, "website": null, "wheelchair": null, "zoo": null, "objectid": 16022069, "osm_id2": "527697259" }, "geometry": { "type": "Polygon", "coordinates": [ [ [ -70.7203259, -33.4561758 ], [ -70.7208797, -33.4560258 ], [ -70.7213438, -33.4558815 ], [ -70.7214765, -33.4558328 ], [ -70.7215711, -33.4558133 ], [ -70.7216991, -33.4558015 ], [ -70.7216978, -33.4557534 ], [ -70.7216951, -33.4556829 ], [ -70.7214712, -33.4557148 ], [ -70.7213679, -33.4557383 ], [ -70.7212573, -33.4557713 ], [ -70.7210668, -33.4558431 ], [ -70.7203259, -33.4561758 ] ] ] } },
{ "type": "Feature", "properties": { "access": null, "area": null, "barrier": null, "boundary": null, "building": null, "description": null, "ele": null, "golf": null, "landuse": null, "leisure": "park", "lit": null, "location": null, "name": "Plaza Pérgola de Estación Central", "name_en": null, "name_es": null, "opening_hours": null, "operator": null, "phone": null, "protect_class": null, "source_transform": null, "sport": null, "surface": null, "type": null, "website": null, "wheelchair": null, "zoo": null, "objectid": 16022135, "osm_id2": "24468085" }, "geometry": { "type": "Polygon", "coordinates": [ [ [ -70.724142299757304, -33.4591264997228 ], [ -70.723331800182095, -33.4590703999325 ], [ -70.723258300025506, -33.459364599854197 ], [ -70.723284500289097, -33.459375499764597 ], [ -70.723378500000393, -33.459414799835798 ], [ -70.724108000283096, -33.459436199439999 ], [ -70.724134399972698, -33.459176899944303 ], [ -70.724142299757304, -33.4591264997228 ] ] ] } },
{ "type": "Feature", "properties": { "access": null, "area": null, "barrier": null, "boundary": null, "building": null, "description": null, "ele": null, "golf": null, "landuse": null, "leisure": "park", "lit": null, "location": null, "name": "Plaza Villa Pajaritos", "name_en": null, "name_es": null, "opening_hours": null, "operator": null, "phone": null, "protect_class": null, "source_transform": null, "sport": null, "surface": null, "type": null, "website": null, "wheelchair": null, "zoo": null, "objectid": 16022189, "osm_id2": "206159562" }, "geometry": { "type": "Polygon", "coordinates": [ [ [ -70.738173299978996, -33.458296099956598 ], [ -70.737741699909193, -33.4583124994871 ], [ -70.737830699597595, -33.459259699387999 ], [ -70.738063799837406, -33.4592726992555 ], [ -70.738173299978996, -33.458296099956598 ] ] ] } },
{ "type": "Feature", "properties": { "access": null, "area": null, "barrier": null, "boundary": null, "building": null, "description": null, "ele": null, "golf": null, "landuse": null, "leisure": "park", "lit": null, "location": null, "name": "Plaza Avenida Las Torres", "name_en": null, "name_es": null, "opening_hours": null, "operator": null, "phone": null, "protect_class": null, "source_transform": null, "sport": null, "surface": null, "type": null, "website": null, "wheelchair": null, "zoo": null, "objectid": 16022190, "osm_id2": "125115755" }, "geometry": { "type": "Polygon", "coordinates": [ [ [ -70.7313137, -33.4593937 ], [ -70.7312334, -33.4593818 ], [ -70.7312345, -33.4598779 ], [ -70.7311353, -33.4598766 ], [ -70.7311274, -33.4609289 ], [ -70.731324, -33.4609807 ], [ -70.7313137, -33.4593937 ] ] ] } },
{ "type": "Feature", "properties": { "access": null, "area": null, "barrier": null, "boundary": null, "building": null, "description": null, "ele": null, "golf": null, "landuse": null, "leisure": "pitch", "lit": "yes", "location": null, "name": "Multicancha Marta Brunet", "name_en": null, "name_es": null, "opening_hours": null, "operator": null, "phone": null, "protect_class": null, "source_transform": null, "sport": "multi", "surface": "asphalt", "type": null, "website": null, "wheelchair": null, "zoo": null, "objectid": 16022198, "osm_id2": "386974381" }, "geometry": { "type": "Polygon", "coordinates": [ [ [ -70.735633900113001, -33.461153899523602 ], [ -70.735365700000102, -33.461076799798001 ], [ -70.735316500170299, -33.461196099824598 ], [ -70.735584599671895, -33.461273199444101 ], [ -70.735633900113001, -33.461153899523602 ] ] ] } },
{ "type": "Feature", "properties": { "access": null, "area": null, "barrier": null, "boundary": null, "building": null, "description": null, "ele": null, "golf": null, "landuse": null, "leisure": "park", "lit": null, "location": null, "name": "Parque Centenario", "name_en": null, "name_es": null, "opening_hours": null, "operator": null, "phone": null, "protect_class": null, "source_transform": null, "sport": null, "surface": null, "type": null, "website": null, "wheelchair": null, "zoo": null, "objectid": 16022201, "osm_id2": "37523953" }, "geometry": { "type": "Polygon", "coordinates": [ [ [ -70.7432075, -33.4529163 ], [ -70.737916, -33.4539948 ], [ -70.7379573, -33.4543819 ], [ -70.7432244, -33.4533554 ], [ -70.7432075, -33.4529163 ] ] ] } },
{ "type": "Feature", "properties": { "access": null, "area": null, "barrier": null, "boundary": null, "building": null, "description": null, "ele": null, "golf": null, "landuse": null, "leisure": "stadium", "lit": null, "location": null, "name": "Club Hípico de Santiago", "name_en": null, "name_es": null, "opening_hours": null, "operator": null, "phone": null, "protect_class": null, "source_transform": null, "sport": "horse_racing;equestrian", "surface": null, "type": null, "website": null, "wheelchair": null, "zoo": null, "objectid": 16026320, "osm_id2": "15239307" }, "geometry": { "type": "Polygon", "coordinates": [ [ [ -70.6719142, -33.4585402 ], [ -70.665591, -33.4574139 ], [ -70.665599, -33.4579052 ], [ -70.6654673, -33.4582865 ], [ -70.6651041, -33.4582799 ], [ -70.665095, -33.4586284 ], [ -70.6650942, -33.458902 ], [ -70.6654369, -33.4589093 ], [ -70.6656038, -33.4590303 ], [ -70.6656058, -33.4601655 ], [ -70.6657319, -33.4601741 ], [ -70.6657527, -33.460619 ], [ -70.6658003, -33.4606203 ], [ -70.6657264, -33.4643807 ], [ -70.6650585, -33.4643777 ], [ -70.6650434, -33.4645167 ], [ -70.6654379, -33.4645169 ], [ -70.6654336, -33.4647674 ], [ -70.6656048, -33.4647678 ], [ -70.6655886, -33.4673472 ], [ -70.6651998, -33.4676873 ], [ -70.6651985, -33.4677674 ], [ -70.6651635, -33.4677676 ], [ -70.6651644, -33.4680526 ], [ -70.6651966, -33.4680572 ], [ -70.6656542, -33.4689502 ], [ -70.665656, -33.4704796 ], [ -70.6676529, -33.4704872 ], [ -70.6715107, -33.4663352 ], [ -70.6714541, -33.4634587 ], [ -70.6715446, -33.4624803 ], [ -70.6720159, -33.4587035 ], [ -70.6719142, -33.4585402 ] ] ] } },
{ "type": "Feature", "properties": { "access": null, "area": null, "barrier": null, "boundary": null, "building": null, "description": null, "ele": null, "golf": null, "landuse": null, "leisure": "park", "lit": null, "location": null, "name": "Plaza Central", "name_en": null, "name_es": null, "opening_hours": null, "operator": null, "phone": null, "protect_class": null, "source_transform": null, "sport": null, "surface": null, "type": null, "website": null, "wheelchair": null, "zoo": null, "objectid": 16026447, "osm_id2": "655503753" }, "geometry": { "type": "Polygon", "coordinates": [ [ [ -70.6738019, -33.4676504 ], [ -70.6734663, -33.4676415 ], [ -70.6734579, -33.4678607 ], [ -70.6737935, -33.4678696 ], [ -70.6738019, -33.4676504 ] ] ] } },
{ "type": "Feature", "properties": { "access": null, "area": null, "barrier": null, "boundary": null, "building": null, "description": null, "ele": null, "golf": null, "landuse": null, "leisure": "park", "lit": null, "location": null, "name": "Plaza Arauco", "name_en": null, "name_es": null, "opening_hours": null, "operator": null, "phone": null, "protect_class": null, "source_transform": null, "sport": null, "surface": null, "type": null, "website": null, "wheelchair": null, "zoo": null, "objectid": 16026450, "osm_id2": "315394578" }, "geometry": { "type": "Polygon", "coordinates": [ [ [ -70.6700336, -33.4686479 ], [ -70.6694072, -33.4693062 ], [ -70.6694454, -33.4693252 ], [ -70.6694878, -33.4693407 ], [ -70.6702439, -33.4693585 ], [ -70.6702571, -33.468415 ], [ -70.6700336, -33.4686479 ] ] ] } },
{ "type": "Feature", "properties": { "access": null, "area": null, "barrier": null, "boundary": null, "building": null, "description": null, "ele": null, "golf": null, "landuse": null, "leisure": "park", "lit": null, "location": null, "name": "Los Suspiros", "name_en": null, "name_es": null, "opening_hours": null, "operator": null, "phone": null, "protect_class": null, "source_transform": null, "sport": null, "surface": null, "type": null, "website": null, "wheelchair": null, "zoo": null, "objectid": 16026469, "osm_id2": "719518757" }, "geometry": { "type": "Polygon", "coordinates": [ [ [ -70.6766227, -33.4665447 ], [ -70.6766249, -33.4664741 ], [ -70.6760335, -33.4664517 ], [ -70.6760161, -33.466521 ], [ -70.6766227, -33.4665447 ] ] ] } },
{ "type": "Feature", "properties": { "access": null, "area": null, "barrier": null, "boundary": null, "building": null, "description": null, "ele": null, "golf": null, "landuse": null, "leisure": "park", "lit": null, "location": null, "name": "Plaza San Cristobal", "name_en": null, "name_es": null, "opening_hours": "24/7", "operator": null, "phone": null, "protect_class": null, "source_transform": null, "sport": null, "surface": null, "type": null, "website": null, "wheelchair": null, "zoo": null, "objectid": 16026515, "osm_id2": "719518753" }, "geometry": { "type": "Polygon", "coordinates": [ [ [ -70.6788173, -33.4687814 ], [ -70.6789809, -33.4689761 ], [ -70.6789474, -33.4684861 ], [ -70.678871, -33.4684861 ], [ -70.6788814, -33.4687399 ], [ -70.6788173, -33.4687814 ] ] ] } },
{ "type": "Feature", "properties": { "access": null, "area": null, "barrier": null, "boundary": null, "building": null, "description": null, "ele": null, "golf": null, "landuse": null, "leisure": "park", "lit": null, "location": null, "name": "Plaza Avenida Pedro Montt", "name_en": null, "name_es": null, "opening_hours": null, "operator": null, "phone": null, "protect_class": null, "source_transform": null, "sport": null, "surface": null, "type": null, "website": null, "wheelchair": null, "zoo": null, "objectid": 16026702, "osm_id2": "385356555" }, "geometry": { "type": "Polygon", "coordinates": [ [ [ -70.6645848, -33.4735257 ], [ -70.6633617, -33.4734616 ], [ -70.6633544, -33.4736056 ], [ -70.6645723, -33.4736753 ], [ -70.6645848, -33.4735257 ] ] ] } },
{ "type": "Feature", "properties": { "access": null, "area": null, "barrier": null, "boundary": null, "building": null, "description": null, "ele": null, "golf": null, "landuse": null, "leisure": "park", "lit": null, "location": null, "name": "Parque Inundable Víctor Jara", "name_en": null, "name_es": null, "opening_hours": null, "operator": null, "phone": null, "protect_class": null, "source_transform": null, "sport": null, "surface": null, "type": null, "website": null, "wheelchair": null, "zoo": null, "objectid": 16026717, "osm_id2": "835597155" }, "geometry": { "type": "Polygon", "coordinates": [ [ [ -70.6552416, -33.4763645 ], [ -70.6553895, -33.4764596 ], [ -70.6555203, -33.4765043 ], [ -70.6566609, -33.4763839 ], [ -70.6572481, -33.4765464 ], [ -70.6607941, -33.4763096 ], [ -70.6609785, -33.4761911 ], [ -70.6614866, -33.4761858 ], [ -70.6617087, -33.4761302 ], [ -70.6619125, -33.4760868 ], [ -70.6622443, -33.4760519 ], [ -70.6643182, -33.4760792 ], [ -70.6645196, -33.4758654 ], [ -70.6644647, -33.4758216 ], [ -70.6618707, -33.4757654 ], [ -70.6614152, -33.475793 ], [ -70.6552416, -33.4763645 ] ] ] } },
{ "type": "Feature", "properties": { "access": null, "area": null, "barrier": null, "boundary": null, "building": null, "description": null, "ele": null, "golf": null, "landuse": null, "leisure": "park", "lit": null, "location": null, "name": "Plazoleta El Trébol", "name_en": null, "name_es": null, "opening_hours": null, "operator": null, "phone": null, "protect_class": null, "source_transform": null, "sport": null, "surface": null, "type": null, "website": null, "wheelchair": null, "zoo": null, "objectid": 16026729, "osm_id2": "719519949" }, "geometry": { "type": "Polygon", "coordinates": [ [ [ -70.6692882, -33.469358 ], [ -70.6689096, -33.469755 ], [ -70.6694061, -33.469765 ], [ -70.669404, -33.469414 ], [ -70.6692882, -33.469358 ] ] ] } },
{ "type": "Feature", "properties": { "access": null, "area": null, "barrier": null, "boundary": null, "building": null, "description": null, "ele": null, "golf": null, "landuse": null, "leisure": "swimming_pool", "lit": null, "location": null, "name": "Piscina Barrio Arauco", "name_en": null, "name_es": null, "opening_hours": null, "operator": null, "phone": null, "protect_class": null, "source_transform": null, "sport": null, "surface": null, "type": null, "website": null, "wheelchair": null, "zoo": null, "objectid": 16026730, "osm_id2": "719519948" }, "geometry": { "type": "Polygon", "coordinates": [ [ [ -70.669252799666495, -33.469640399838703 ], [ -70.669124099832402, -33.469554299656501 ], [ -70.669022099725098, -33.469659499396599 ], [ -70.669156299943793, -33.469742199654704 ], [ -70.669252799666495, -33.469640399838703 ] ] ] } },
{ "type": "Feature", "properties": { "access": null, "area": null, "barrier": null, "boundary": null, "building": null, "description": null, "ele": null, "golf": null, "landuse": null, "leisure": "park", "lit": null, "location": null, "name": "Plaza Melipilla", "name_en": null, "name_es": null, "opening_hours": null, "operator": null, "phone": null, "protect_class": null, "source_transform": null, "sport": null, "surface": null, "type": null, "website": null, "wheelchair": null, "zoo": null, "objectid": 16026757, "osm_id2": "399502981" }, "geometry": { "type": "Polygon", "coordinates": [ [ [ -70.6791781, -33.4696227 ], [ -70.6791265, -33.4696233 ], [ -70.6791928, -33.4706228 ], [ -70.6797474, -33.4706167 ], [ -70.6797896, -33.4706033 ], [ -70.6798151, -33.4705803 ], [ -70.6798211, -33.4705563 ], [ -70.6798124, -33.4705294 ], [ -70.6797923, -33.4705104 ], [ -70.6797226, -33.4704433 ], [ -70.6796508, -33.4703544 ], [ -70.6791781, -33.4696227 ] ] ] } },
{ "type": "Feature", "properties": { "access": null, "area": null, "barrier": null, "boundary": null, "building": null, "description": null, "ele": null, "golf": null, "landuse": null, "leisure": "stadium", "lit": null, "location": null, "name": "Estadio Ferrocarriles", "name_en": null, "name_es": null, "opening_hours": null, "operator": null, "phone": null, "protect_class": null, "source_transform": null, "sport": null, "surface": null, "type": null, "website": null, "wheelchair": null, "zoo": null, "objectid": 16026767, "osm_id2": "179550387" }, "geometry": { "type": "Polygon", "coordinates": [ [ [ -70.675006100327806, -33.4722968997565 ], [ -70.674730100143293, -33.472116599793701 ], [ -70.674753399746805, -33.471878099325103 ], [ -70.674304499921305, -33.4716506996376 ], [ -70.674251299893498, -33.471384399628398 ], [ -70.674361000359397, -33.4711513995627 ], [ -70.674376599604301, -33.470729699622702 ], [ -70.674006400282494, -33.470726999730502 ], [ -70.673973800420796, -33.472637199234399 ], [ -70.674095300257903, -33.472559099626501 ], [ -70.674254099942303, -33.472490199477399 ], [ -70.674464799792105, -33.472429899344498 ], [ -70.674798799702998, -33.472351699888698 ], [ -70.675006100327806, -33.4722968997565 ] ] ] } },
{ "type": "Feature", "properties": { "access": null, "area": null, "barrier": null, "boundary": null, "building": null, "description": null, "ele": null, "golf": null, "landuse": null, "leisure": "park", "lit": null, "location": null, "name": "Plaza Yarur", "name_en": null, "name_es": null, "opening_hours": null, "operator": null, "phone": null, "protect_class": null, "source_transform": null, "sport": null, "surface": null, "type": null, "website": null, "wheelchair": null, "zoo": null, "objectid": 16026795, "osm_id2": "555470316" }, "geometry": { "type": "Polygon", "coordinates": [ [ [ -70.668217999747995, -33.473668199477899 ], [ -70.668202999679394, -33.473610599967003 ], [ -70.668164900331604, -33.4735580995482 ], [ -70.668095800123297, -33.473517299753098 ], [ -70.668015799757399, -33.473493999598901 ], [ -70.667846099915394, -33.473486799366697 ], [ -70.667453899953898, -33.473476199460798 ], [ -70.667384799745605, -33.473484799426899 ], [ -70.667322000320695, -33.473521699768703 ], [ -70.667301199830305, -33.473573999391498 ], [ -70.667299699643806, -33.4737736999462 ], [ -70.6673155001113, -33.4738174998933 ], [ -70.6673591995566, -33.473858299547103 ], [ -70.6674309003876, -33.473878199946 ], [ -70.667900800129601, -33.473880399944697 ], [ -70.668048200192999, -33.473878799400701 ], [ -70.668099999747199, -33.473860599954897 ], [ -70.668160399772006, -33.473822599757497 ], [ -70.668197899943607, -33.473773399469202 ], [ -70.668213800124093, -33.473730499432598 ], [ -70.668217999747995, -33.473668199477899 ] ] ] } },
{ "type": "Feature", "properties": { "access": null, "area": null, "barrier": null, "boundary": null, "building": null, "description": null, "ele": null, "golf": null, "landuse": null, "leisure": "park", "lit": null, "location": null, "name": "Parque Centenario", "name_en": null, "name_es": null, "opening_hours": null, "operator": null, "phone": null, "protect_class": null, "source_transform": null, "sport": null, "surface": null, "type": null, "website": null, "wheelchair": null, "zoo": null, "objectid": 16026802, "osm_id2": "147783105" }, "geometry": { "type": "Polygon", "coordinates": [ [ [ -70.671561999952701, -33.475870199414103 ], [ -70.668120299875994, -33.475823799678999 ], [ -70.664910499889999, -33.475760499412502 ], [ -70.664905499867103, -33.475992399850703 ], [ -70.664913399651695, -33.476105299815103 ], [ -70.665512900237999, -33.476277199345702 ], [ -70.665556199932993, -33.476077199596098 ], [ -70.666386899924007, -33.476191299825999 ], [ -70.6671258001778, -33.476274099501502 ], [ -70.667801200320795, -33.476328299928497 ], [ -70.669222800427605, -33.4763953994632 ], [ -70.669893799723994, -33.4763993999576 ], [ -70.670489300112393, -33.476350199633799 ], [ -70.670976900258694, -33.476234299799501 ], [ -70.671555199706006, -33.476113099269 ], [ -70.671561999952701, -33.475870199414103 ] ] ] } },
{ "type": "Feature", "properties": { "access": null, "area": null, "barrier": null, "boundary": null, "building": null, "description": null, "ele": null, "golf": null, "landuse": null, "leisure": "park", "lit": null, "location": null, "name": "Parque Avenida Isabel Riquelme", "name_en": null, "name_es": null, "opening_hours": null, "operator": null, "phone": null, "protect_class": null, "source_transform": null, "sport": null, "surface": null, "type": null, "website": null, "wheelchair": null, "zoo": null, "objectid": 16026806, "osm_id2": "555326429" }, "geometry": { "type": "Polygon", "coordinates": [ [ [ -70.671541999861205, -33.4763433997636 ], [ -70.671252100044299, -33.476360899593899 ], [ -70.670978500158199, -33.476425799918701 ], [ -70.670557299884507, -33.4765240992975 ], [ -70.6700726003982, -33.476594399668201 ], [ -70.6697597001167, -33.476615299747202 ], [ -70.669294399749006, -33.4766184992354 ], [ -70.668642300107905, -33.476600299615797 ], [ -70.667767899773196, -33.476546599888103 ], [ -70.667252900112402, -33.476492899377902 ], [ -70.665678399557706, -33.4762713997821 ], [ -70.665643599721903, -33.476333999831802 ], [ -70.665938600173106, -33.476416799370902 ], [ -70.666991399634895, -33.4765809992779 ], [ -70.667621699859097, -33.4766755999648 ], [ -70.667867900230704, -33.476705099670703 ], [ -70.668682499716795, -33.476739099624098 ], [ -70.669604100231396, -33.476755799878397 ], [ -70.669890200174706, -33.4767582995213 ], [ -70.670318400121204, -33.4767577997426 ], [ -70.670438200345799, -33.476725199477201 ], [ -70.670742899906998, -33.476703899301803 ], [ -70.671037900358101, -33.476693299789503 ], [ -70.671308000407805, -33.476690599333899 ], [ -70.671535900300498, -33.476677699486899 ], [ -70.671541999861205, -33.4763433997636 ] ] ] } },
{ "type": "Feature", "properties": { "access": null, "area": null, "barrier": null, "boundary": null, "building": null, "description": null, "ele": null, "golf": null, "landuse": null, "leisure": "park", "lit": null, "location": null, "name": "Plaza Jorge Montt", "name_en": null, "name_es": null, "opening_hours": null, "operator": null, "phone": null, "protect_class": null, "source_transform": null, "sport": null, "surface": null, "type": null, "website": null, "wheelchair": null, "zoo": null, "objectid": 16026808, "osm_id2": "369006345" }, "geometry": { "type": "Polygon", "coordinates": [ [ [ -70.6727781, -33.4748924 ], [ -70.6717021, -33.474866 ], [ -70.671682, -33.4748738 ], [ -70.6716753, -33.474885 ], [ -70.6716733, -33.4748973 ], [ -70.6716679, -33.4758057 ], [ -70.6716833, -33.4758394 ], [ -70.6717447, -33.4758482 ], [ -70.671807, -33.4758358 ], [ -70.671942, -33.4757863 ], [ -70.6720773, -33.4757366 ], [ -70.6723503, -33.475639 ], [ -70.6724437, -33.4755955 ], [ -70.6725113, -33.4755508 ], [ -70.6725514, -33.4755129 ], [ -70.6725765, -33.4754773 ], [ -70.6726118, -33.4754371 ], [ -70.6726471, -33.4753832 ], [ -70.6726932, -33.4753055 ], [ -70.6727673, -33.4751622 ], [ -70.6728068, -33.4750653 ], [ -70.6728209, -33.4749709 ], [ -70.6728223, -33.474928 ], [ -70.6728171, -33.4749166 ], [ -70.6728069, -33.4749048 ], [ -70.6727983, -33.474899 ], [ -70.6727781, -33.4748924 ] ] ] } },
{ "type": "Feature", "properties": { "access": null, "area": null, "barrier": null, "boundary": null, "building": null, "description": null, "ele": null, "golf": null, "landuse": null, "leisure": "sports_centre", "lit": null, "location": null, "name": "Canchas Cordesan", "name_en": null, "name_es": null, "opening_hours": null, "operator": null, "phone": null, "protect_class": null, "source_transform": null, "sport": null, "surface": null, "type": null, "website": null, "wheelchair": null, "zoo": null, "objectid": 16026811, "osm_id2": "344618279" }, "geometry": { "type": "Polygon", "coordinates": [ [ [ -70.670401699999104, -33.476093699915197 ], [ -70.668769799792798, -33.476072699304197 ], [ -70.668771099655004, -33.476357899409201 ], [ -70.669196399839706, -33.476371699958399 ], [ -70.669646799851805, -33.476376299891299 ], [ -70.670012500410706, -33.476371499896203 ], [ -70.6703967996893, -33.476329299490899 ], [ -70.670401699999104, -33.476093699915197 ] ] ] } },
{ "type": "Feature", "properties": { "access": null, "area": null, "barrier": null, "boundary": null, "building": null, "description": null, "ele": null, "golf": null, "landuse": null, "leisure": "park", "lit": null, "location": null, "name": "Plaza Dos Norte", "name_en": null, "name_es": null, "opening_hours": null, "operator": null, "phone": null, "protect_class": null, "source_transform": null, "sport": null, "surface": null, "type": null, "website": null, "wheelchair": null, "zoo": null, "objectid": 16026857, "osm_id2": "664461701" }, "geometry": { "type": "Polygon", "coordinates": [ [ [ -70.6915391, -33.4624254 ], [ -70.6905964, -33.4623815 ], [ -70.6906571, -33.4624473 ], [ -70.6915351, -33.4624845 ], [ -70.6915391, -33.4624254 ] ] ] } },
{ "type": "Feature", "properties": { "access": null, "area": null, "barrier": null, "boundary": null, "building": null, "description": null, "ele": null, "golf": null, "landuse": null, "leisure": "pitch", "lit": "yes", "location": null, "name": "Sede Social La Palma", "name_en": null, "name_es": null, "opening_hours": null, "operator": null, "phone": null, "protect_class": null, "source_transform": null, "sport": "soccer", "surface": null, "type": null, "website": null, "wheelchair": null, "zoo": null, "objectid": 16026868, "osm_id2": "539073922" }, "geometry": { "type": "Polygon", "coordinates": [ [ [ -70.692538599678102, -33.463291299826501 ], [ -70.692254599995906, -33.4632776995348 ], [ -70.692226499795495, -33.463684999917703 ], [ -70.692510500376002, -33.463698599396103 ], [ -70.692538599678102, -33.463291299826501 ] ] ] } },
{ "type": "Feature", "properties": { "access": null, "area": null, "barrier": null, "boundary": null, "building": null, "description": null, "ele": null, "golf": null, "landuse": null, "leisure": "park", "lit": null, "location": null, "name": "Plaza Teniente Cruz", "name_en": null, "name_es": null, "opening_hours": null, "operator": null, "phone": null, "protect_class": null, "source_transform": null, "sport": null, "surface": null, "type": null, "website": null, "wheelchair": null, "zoo": null, "objectid": 16026877, "osm_id2": "609633496" }, "geometry": { "type": "Polygon", "coordinates": [ [ [ -70.698811099624194, -33.463099599815997 ], [ -70.698789699957501, -33.462721799649799 ], [ -70.6986024003224, -33.462729199371303 ], [ -70.698596599900597, -33.462627899422003 ], [ -70.698407200004397, -33.462635299900903 ], [ -70.698434300379901, -33.463114499615102 ], [ -70.698811099624194, -33.463099599815997 ] ] ] } },
{ "type": "Feature", "properties": { "access": "permissive", "area": null, "barrier": null, "boundary": null, "building": null, "description": null, "ele": null, "golf": null, "landuse": null, "leisure": "pitch", "lit": "yes", "location": null, "name": "Estadio Arturo Rojas Parredes", "name_en": null, "name_es": null, "opening_hours": null, "operator": null, "phone": null, "protect_class": null, "source_transform": null, "sport": "soccer", "surface": "artificial_turf", "type": null, "website": null, "wheelchair": null, "zoo": null, "objectid": 16026899, "osm_id2": "226407356" }, "geometry": { "type": "Polygon", "coordinates": [ [ [ -70.692668600272697, -33.468594899440802 ], [ -70.691601399918596, -33.468583099954003 ], [ -70.691591999947406, -33.469178999759201 ], [ -70.692659200301605, -33.469190699500203 ], [ -70.692668600272697, -33.468594899440802 ] ] ] } },
{ "type": "Feature", "properties": { "access": "yes", "area": null, "barrier": null, "boundary": null, "building": null, "description": null, "ele": null, "golf": null, "landuse": null, "leisure": "park", "lit": null, "location": null, "name": "Parque Bernardo Leighton", "name_en": null, "name_es": null, "opening_hours": "Tu-Su 06:00-20:30", "operator": "Parquemet", "phone": null, "protect_class": null, "source_transform": null, "sport": null, "surface": null, "type": null, "website": null, "wheelchair": null, "zoo": null, "objectid": 16026900, "osm_id2": "191917402" }, "geometry": { "type": "Polygon", "coordinates": [ [ [ -70.6963458, -33.4644649 ], [ -70.6949995, -33.4643733 ], [ -70.6947475, -33.464468 ], [ -70.6933023, -33.464397 ], [ -70.6932569, -33.4656721 ], [ -70.6932361, -33.4661208 ], [ -70.6938527, -33.4661569 ], [ -70.6938168, -33.4665624 ], [ -70.694043, -33.4667436 ], [ -70.6940248, -33.4669739 ], [ -70.6956268, -33.4670729 ], [ -70.696378, -33.467132 ], [ -70.6964168, -33.4666807 ], [ -70.6963458, -33.4644649 ] ] ] } },
{ "type": "Feature", "properties": { "access": null, "area": null, "barrier": null, "boundary": null, "building": null, "description": null, "ele": null, "golf": null, "landuse": null, "leisure": "pitch", "lit": null, "location": null, "name": "Parque Leighton", "name_en": null, "name_es": null, "opening_hours": null, "operator": null, "phone": null, "protect_class": null, "source_transform": null, "sport": "soccer", "surface": null, "type": null, "website": null, "wheelchair": null, "zoo": null, "objectid": 16026901, "osm_id2": "374955867" }, "geometry": { "type": "Polygon", "coordinates": [ [ [ -70.695451599887505, -33.465793399440301 ], [ -70.694870600104494, -33.465676299952399 ], [ -70.694634000028401, -33.4664924994253 ], [ -70.695215299848698, -33.466609599309201 ], [ -70.695451599887505, -33.465793399440301 ] ] ] } },
{ "type": "Feature", "properties": { "access": null, "area": null, "barrier": null, "boundary": null, "building": null, "description": null, "ele": null, "golf": null, "landuse": null, "leisure": "park", "lit": null, "location": null, "name": "Rodrigo Rojas Denegri", "name_en": null, "name_es": null, "opening_hours": null, "operator": null, "phone": null, "protect_class": null, "source_transform": null, "sport": null, "surface": null, "type": null, "website": null, "wheelchair": null, "zoo": null, "objectid": 16026913, "osm_id2": "548874700" }, "geometry": { "type": "Polygon", "coordinates": [ [ [ -70.693055100423706, -33.468558699904897 ], [ -70.692734000320399, -33.468557599838 ], [ -70.692668600272697, -33.468594899440802 ], [ -70.692659200301605, -33.469190699500203 ], [ -70.692694000137394, -33.469189399362499 ], [ -70.692691500126003, -33.469289299336403 ], [ -70.693030800097006, -33.469298599618398 ], [ -70.693055100423706, -33.468558699904897 ] ] ] } },
{ "type": "Feature", "properties": { "access": null, "area": null, "barrier": null, "boundary": null, "building": null, "description": "Plaza Pública desarrollada el año 2009, con Fondo Social Presidente de la República.", "ele": null, "golf": null, "landuse": null, "leisure": "park", "lit": null, "location": null, "name": "Plaza Rosita Lemus", "name_en": null, "name_es": null, "opening_hours": "24/7", "operator": "I. Municipalidad de Estación Central", "phone": null, "protect_class": null, "source_transform": null, "sport": null, "surface": null, "type": null, "website": null, "wheelchair": null, "zoo": null, "objectid": 16026936, "osm_id2": "772602883" }, "geometry": { "type": "Polygon", "coordinates": [ [ [ -70.703934799848895, -33.461850999247702 ], [ -70.703710099755398, -33.4617978996611 ], [ -70.703448200425797, -33.461774299584597 ], [ -70.703304900273395, -33.461777199851497 ], [ -70.703326099615794, -33.461917499962802 ], [ -70.703483600336199, -33.461910099422603 ], [ -70.7036534996043, -33.461915999620402 ], [ -70.703733100219907, -33.461929299607696 ], [ -70.703895900102196, -33.461972099817601 ], [ -70.703934799848895, -33.461850999247702 ] ] ] } },
{ "type": "Feature", "properties": { "access": null, "area": null, "barrier": null, "boundary": null, "building": null, "description": null, "ele": null, "golf": null, "landuse": null, "leisure": "park", "lit": null, "location": null, "name": "Plaza Las Camelias", "name_en": null, "name_es": null, "opening_hours": null, "operator": null, "phone": null, "protect_class": null, "source_transform": null, "sport": null, "surface": null, "type": null, "website": null, "wheelchair": null, "zoo": null, "objectid": 16026939, "osm_id2": "340928164" }, "geometry": { "type": "Polygon", "coordinates": [ [ [ -70.704165499790307, -33.461941199673397 ], [ -70.704165499790307, -33.461927299401303 ], [ -70.704160199730197, -33.461914899469299 ], [ -70.704149499896801, -33.461904299646903 ], [ -70.704138100275799, -33.461898699966397 ], [ -70.704012000166202, -33.461862399459598 ], [ -70.704000599646903, -33.461862399459598 ], [ -70.703990499888107, -33.461866799317399 ], [ -70.703984500040406, -33.461875799877603 ], [ -70.703625800052507, -33.463160699317697 ], [ -70.703624399578899, -33.4631774996122 ], [ -70.703630400324997, -33.463190399970003 ], [ -70.703641199871399, -33.463196499424001 ], [ -70.703767900055695, -33.463235099312598 ], [ -70.703782000012396, -33.463237899859102 ], [ -70.703793399633298, -33.463237399253003 ], [ -70.703803500290405, -33.463232299515397 ], [ -70.7038088003506, -33.463221699854103 ], [ -70.704165499790307, -33.461941199673397 ] ] ] } },
{ "type": "Feature", "properties": { "access": null, "area": null, "barrier": null, "boundary": null, "building": null, "description": null, "ele": null, "golf": null, "landuse": null, "leisure": "park", "lit": null, "location": null, "name": "Plaza Las Catalpas", "name_en": null, "name_es": null, "opening_hours": null, "operator": null, "phone": null, "protect_class": null, "source_transform": null, "sport": null, "surface": null, "type": null, "website": null, "wheelchair": null, "zoo": null, "objectid": 16026999, "osm_id2": "606515973" }, "geometry": { "type": "Polygon", "coordinates": [ [ [ -70.7101114001469, -33.463195199945801 ], [ -70.709879400343297, -33.463182299588702 ], [ -70.7098141000087, -33.463353899510601 ], [ -70.7097392002769, -33.464296799722398 ], [ -70.709827500177795, -33.464301699307299 ], [ -70.709844499896207, -33.464087399539601 ], [ -70.710039700214196, -33.464098199935002 ], [ -70.7101114001469, -33.463195199945801 ] ] ] } },
{ "type": "Feature", "properties": { "access": null, "area": null, "barrier": null, "boundary": null, "building": null, "description": null, "ele": null, "golf": null, "landuse": null, "leisure": "sports_centre", "lit": null, "location": null, "name": "Gimnasio Municipal de Estación Central", "name_en": null, "name_es": null, "opening_hours": null, "operator": "Municipalidad de Estación Central", "phone": null, "protect_class": null, "source_transform": null, "sport": "gymnastics;multi;basketball", "surface": null, "type": null, "website": null, "wheelchair": null, "zoo": null, "objectid": 16027008, "osm_id2": "373815014" }, "geometry": { "type": "Polygon", "coordinates": [ [ [ -70.708844, -33.464318 ], [ -70.7084117, -33.4642932 ], [ -70.7083281, -33.465076 ], [ -70.7085423, -33.4651869 ], [ -70.7086031, -33.4652149 ], [ -70.7087471, -33.4652206 ], [ -70.7087548, -33.4651491 ], [ -70.7087757, -33.4649545 ], [ -70.708844, -33.464318 ] ] ] } },
{ "type": "Feature", "properties": { "access": "permissive", "area": null, "barrier": null, "boundary": null, "building": null, "description": null, "ele": null, "golf": null, "landuse": null, "leisure": "pitch", "lit": "yes", "location": null, "name": "Estadio Las Rejas", "name_en": null, "name_es": null, "opening_hours": null, "operator": null, "phone": null, "protect_class": null, "source_transform": null, "sport": "soccer", "surface": "artificial_turf", "type": null, "website": null, "wheelchair": null, "zoo": null, "objectid": 16027011, "osm_id2": "372619771" }, "geometry": { "type": "Polygon", "coordinates": [ [ [ -70.7095133, -33.4643735 ], [ -70.7095003, -33.4645206 ], [ -70.7094968, -33.4645593 ], [ -70.7094477, -33.4651007 ], [ -70.7094455, -33.4651429 ], [ -70.7094358, -33.4652448 ], [ -70.7100382, -33.4652781 ], [ -70.7101131, -33.4644102 ], [ -70.7095133, -33.4643735 ] ] ] } },
{ "type": "Feature", "properties": { "access": "permissive", "area": null, "barrier": null, "boundary": null, "building": null, "description": null, "ele": null, "golf": null, "landuse": null, "leisure": "pitch", "lit": "yes", "location": null, "name": "Estadio Robert Kennedy", "name_en": null, "name_es": null, "opening_hours": null, "operator": null, "phone": null, "protect_class": null, "source_transform": null, "sport": "soccer", "surface": "artificial_turf", "type": null, "website": null, "wheelchair": null, "zoo": null, "objectid": 16027019, "osm_id2": "191917394" }, "geometry": { "type": "Polygon", "coordinates": [ [ [ -70.702714600232198, -33.465876999654903 ], [ -70.7025600001718, -33.465171799887301 ], [ -70.701460499993303, -33.465339599449898 ], [ -70.701642799605494, -33.466044799351202 ], [ -70.702714600232198, -33.465876999654903 ] ] ] } },
{ "type": "Feature", "properties": { "access": null, "area": null, "barrier": null, "boundary": null, "building": null, "description": null, "ele": null, "golf": null, "landuse": null, "leisure": "park", "lit": null, "location": null, "name": "Plaza Palena", "name_en": null, "name_es": null, "opening_hours": null, "operator": null, "phone": null, "protect_class": null, "source_transform": null, "sport": null, "surface": null, "type": null, "website": null, "wheelchair": null, "zoo": null, "objectid": 16027038, "osm_id2": "371546681" }, "geometry": { "type": "Polygon", "coordinates": [ [ [ -70.705925900404793, -33.466439599769501 ], [ -70.705588099721993, -33.465012399968799 ], [ -70.705274199615701, -33.464903799824498 ], [ -70.705223099849107, -33.4649380996701 ], [ -70.705195400297299, -33.465276199349702 ], [ -70.705434099736195, -33.465292599807903 ], [ -70.7054073002964, -33.465566199611303 ], [ -70.705516300076297, -33.465573299333997 ], [ -70.705502200119597, -33.465827299510103 ], [ -70.7056665001884, -33.465841699747997 ], [ -70.7056418998244, -33.466146799729501 ], [ -70.705793300085801, -33.466162999937197 ], [ -70.7057648001351, -33.466428999751002 ], [ -70.705925900404793, -33.466439599769501 ] ] ] } },
{ "type": "Feature", "properties": { "access": null, "area": null, "barrier": null, "boundary": null, "building": null, "description": null, "ele": null, "golf": null, "landuse": null, "leisure": "park", "lit": null, "location": null, "name": "Plaza Río Quetro", "name_en": null, "name_es": null, "opening_hours": null, "operator": null, "phone": null, "protect_class": null, "source_transform": null, "sport": null, "surface": null, "type": null, "website": null, "wheelchair": null, "zoo": null, "objectid": 16027075, "osm_id2": "340928151" }, "geometry": { "type": "Polygon", "coordinates": [ [ [ -70.706283799993798, -33.468546099342497 ], [ -70.706281500306702, -33.468457999516197 ], [ -70.704921399762597, -33.468365499323198 ], [ -70.704895600147594, -33.468716199661301 ], [ -70.706283799993798, -33.468546099342497 ] ] ] } },
{ "type": "Feature", "properties": { "access": null, "area": null, "barrier": null, "boundary": null, "building": null, "description": null, "ele": null, "golf": null, "landuse": null, "leisure": "pitch", "lit": null, "location": null, "name": "Cancha Futbol", "name_en": null, "name_es": null, "opening_hours": null, "operator": null, "phone": null, "protect_class": null, "source_transform": null, "sport": null, "surface": null, "type": null, "website": null, "wheelchair": null, "zoo": null, "objectid": 16027128, "osm_id2": "220384379" }, "geometry": { "type": "Polygon", "coordinates": [ [ [ -70.691713199747298, -33.4695471995106 ], [ -70.691577800277699, -33.469543499940997 ], [ -70.691571500392598, -33.469703399588703 ], [ -70.691706899862197, -33.469707099900901 ], [ -70.691713199747298, -33.4695471995106 ] ] ] } },
{ "type": "Feature", "properties": { "access": null, "area": null, "barrier": null, "boundary": null, "building": null, "description": null, "ele": null, "golf": null, "landuse": null, "leisure": "pitch", "lit": null, "location": null, "name": "Cancha Futbol", "name_en": null, "name_es": null, "opening_hours": null, "operator": null, "phone": null, "protect_class": null, "source_transform": null, "sport": "soccer", "surface": null, "type": null, "website": null, "wheelchair": null, "zoo": null, "objectid": 16027140, "osm_id2": "372595044" }, "geometry": { "type": "Polygon", "coordinates": [ [ [ -70.699395200391606, -33.469349599406598 ], [ -70.699371200102107, -33.469213299411798 ], [ -70.699096100029493, -33.469246999564 ], [ -70.699119999707705, -33.4693832995059 ], [ -70.699395200391606, -33.469349599406598 ] ] ] } },
{ "type": "Feature", "properties": { "access": null, "area": null, "barrier": null, "boundary": null, "building": null, "description": null, "ele": null, "golf": null, "landuse": null, "leisure": "park", "lit": null, "location": null, "name": "Plaza Villa Moderna", "name_en": null, "name_es": null, "opening_hours": null, "operator": null, "phone": null, "protect_class": null, "source_transform": null, "sport": null, "surface": null, "type": null, "website": null, "wheelchair": null, "zoo": null, "objectid": 16027149, "osm_id2": "33196053" }, "geometry": { "type": "Polygon", "coordinates": [ [ [ -70.701545, -33.4718915 ], [ -70.7011502, -33.4719631 ], [ -70.7007125, -33.4719201 ], [ -70.7008297, -33.4724146 ], [ -70.7016652, -33.4722996 ], [ -70.701545, -33.4718915 ] ] ] } },
{ "type": "Feature", "properties": { "access": null, "area": null, "barrier": null, "boundary": null, "building": null, "description": null, "ele": null, "golf": null, "landuse": null, "leisure": "pitch", "lit": null, "location": null, "name": "Campo deportivo C.D. Villa Corhabit", "name_en": null, "name_es": null, "opening_hours": null, "operator": null, "phone": null, "protect_class": null, "source_transform": null, "sport": "soccer", "surface": null, "type": null, "website": null, "wheelchair": null, "zoo": null, "objectid": 16027257, "osm_id2": "340928162" }, "geometry": { "type": "Polygon", "coordinates": [ [ [ -70.703242, -33.4708956 ], [ -70.7022205, -33.4710075 ], [ -70.702301, -33.4715191 ], [ -70.7033225, -33.4714073 ], [ -70.703242, -33.4708956 ] ] ] } },
{ "type": "Feature", "properties": { "access": null, "area": null, "barrier": null, "boundary": null, "building": null, "description": null, "ele": null, "golf": null, "landuse": null, "leisure": "park", "lit": null, "location": null, "name": "Plaza Profeta Jeremías", "name_en": null, "name_es": null, "opening_hours": null, "operator": null, "phone": null, "protect_class": null, "source_transform": null, "sport": null, "surface": null, "type": null, "website": null, "wheelchair": null, "zoo": null, "objectid": 16027259, "osm_id2": "33196097" }, "geometry": { "type": "Polygon", "coordinates": [ [ [ -70.704384200036102, -33.470436099534602 ], [ -70.704012300203402, -33.470402599920703 ], [ -70.703973299845401, -33.470702799611097 ], [ -70.704345300289404, -33.470736399521201 ], [ -70.704384200036102, -33.470436099534602 ] ] ] } },
{ "type": "Feature", "properties": { "access": null, "area": null, "barrier": null, "boundary": null, "building": null, "description": null, "ele": null, "golf": null, "landuse": null, "leisure": "park", "lit": null, "location": null, "name": "Plaza Taitao", "name_en": null, "name_es": null, "opening_hours": null, "operator": null, "phone": null, "protect_class": null, "source_transform": null, "sport": null, "surface": null, "type": null, "website": null, "wheelchair": null, "zoo": null, "objectid": 16027294, "osm_id2": "452958313" }, "geometry": { "type": "Polygon", "coordinates": [ [ [ -70.710588100135595, -33.469976799629301 ], [ -70.710527000323196, -33.4697003999228 ], [ -70.709734200254005, -33.469822399241501 ], [ -70.709795399779395, -33.470098799308197 ], [ -70.710588100135595, -33.469976799629301 ] ] ] } },
{ "type": "Feature", "properties": { "access": "permissive", "area": null, "barrier": null, "boundary": null, "building": null, "description": null, "ele": null, "golf": null, "landuse": null, "leisure": "pitch", "lit": "yes", "location": null, "name": "Estadio Real Aeropuerto", "name_en": null, "name_es": null, "opening_hours": null, "operator": null, "phone": null, "protect_class": null, "source_transform": "ANFA", "sport": "soccer", "surface": "artificial_turf", "type": null, "website": null, "wheelchair": null, "zoo": null, "objectid": 16027300, "osm_id2": "89781272" }, "geometry": { "type": "Polygon", "coordinates": [ [ [ -70.710765399724906, -33.471070199334598 ], [ -70.710545099579505, -33.470168199676699 ], [ -70.709861600225906, -33.470284299458299 ], [ -70.710081799760005, -33.471186299406597 ], [ -70.710765399724906, -33.471070199334598 ] ] ] } },
{ "type": "Feature", "properties": { "access": null, "area": null, "barrier": null, "boundary": null, "building": null, "description": null, "ele": null, "golf": null, "landuse": null, "leisure": "sports_centre", "lit": null, "location": null, "name": "Campo deportivo C.D. Villa Corhabit", "name_en": null, "name_es": null, "opening_hours": null, "operator": null, "phone": null, "protect_class": null, "source_transform": null, "sport": null, "surface": null, "type": null, "website": null, "wheelchair": null, "zoo": null, "objectid": 16027302, "osm_id2": "375841925" }, "geometry": { "type": "Polygon", "coordinates": [ [ [ -70.703614500144496, -33.471972699901201 ], [ -70.703332800149497, -33.470861199929701 ], [ -70.702278699927106, -33.470951399971298 ], [ -70.702097799890197, -33.471020799656998 ], [ -70.702415599583205, -33.472156399888398 ], [ -70.703614500144496, -33.471972699901201 ] ] ] } },
{ "type": "Feature", "properties": { "access": null, "area": null, "barrier": null, "boundary": null, "building": null, "description": null, "ele": null, "golf": null, "landuse": null, "leisure": "pitch", "lit": null, "location": null, "name": "Campo deportivo C.D. Villa Corhabit", "name_en": null, "name_es": null, "opening_hours": null, "operator": null, "phone": null, "protect_class": null, "source_transform": null, "sport": "soccer", "surface": null, "type": null, "website": null, "wheelchair": null, "zoo": null, "objectid": 16027303, "osm_id2": "340928145" }, "geometry": { "type": "Polygon", "coordinates": [ [ [ -70.7034072, -33.4714157 ], [ -70.7023789, -33.47153 ], [ -70.7024615, -33.472047 ], [ -70.7034898, -33.4719327 ], [ -70.7034072, -33.4714157 ] ] ] } },
{ "type": "Feature", "properties": { "access": null, "area": null, "barrier": null, "boundary": null, "building": null, "description": null, "ele": null, "golf": null, "landuse": null, "leisure": "park", "lit": null, "location": null, "name": "Plaza Mercedes Valenzuela", "name_en": null, "name_es": null, "opening_hours": null, "operator": null, "phone": null, "protect_class": null, "source_transform": null, "sport": null, "surface": null, "type": null, "website": null, "wheelchair": null, "zoo": null, "objectid": 16027337, "osm_id2": "371278521" }, "geometry": { "type": "Polygon", "coordinates": [ [ [ -70.704049399726401, -33.472230999726698 ], [ -70.703488900396394, -33.472313999511599 ], [ -70.703689300163305, -33.4733836993788 ], [ -70.704049399726401, -33.472230999726698 ] ] ] } },
{ "type": "Feature", "properties": { "access": null, "area": null, "barrier": null, "boundary": null, "building": null, "description": null, "ele": null, "golf": null, "landuse": null, "leisure": "pitch", "lit": null, "location": null, "name": "Multicancha", "name_en": null, "name_es": null, "opening_hours": null, "operator": null, "phone": null, "protect_class": null, "source_transform": null, "sport": "soccer", "surface": null, "type": null, "website": null, "wheelchair": null, "zoo": null, "objectid": 16027372, "osm_id2": "369446292" }, "geometry": { "type": "Polygon", "coordinates": [ [ [ -70.707008700003897, -33.472163499820503 ], [ -70.7069424995574, -33.471878699542998 ], [ -70.706741199678603, -33.471908599528497 ], [ -70.706806199975901, -33.472194599389802 ], [ -70.707008700003897, -33.472163499820503 ] ] ] } },
{ "type": "Feature", "properties": { "access": null, "area": null, "barrier": null, "boundary": null, "building": null, "description": null, "ele": null, "golf": null, "landuse": null, "leisure": "park", "lit": null, "location": null, "name": "Plaza El Faro", "name_en": null, "name_es": null, "opening_hours": null, "operator": null, "phone": null, "protect_class": null, "source_transform": null, "sport": null, "surface": null, "type": null, "website": null, "wheelchair": null, "zoo": null, "objectid": 16027409, "osm_id2": "89781270" }, "geometry": { "type": "Polygon", "coordinates": [ [ [ -70.7138943001314, -33.473017099253198 ], [ -70.713787099677006, -33.472578599432502 ], [ -70.7132076997935, -33.472676999839301 ], [ -70.7133149999609, -33.473124499303403 ], [ -70.7138943001314, -33.473017099253198 ] ] ] } },
{ "type": "Feature", "properties": { "access": null, "area": null, "barrier": null, "boundary": null, "building": null, "description": null, "ele": null, "golf": null, "landuse": null, "leisure": "park", "lit": null, "location": null, "name": "Plaza Alborada", "name_en": null, "name_es": null, "opening_hours": null, "operator": null, "phone": null, "protect_class": null, "source_transform": null, "sport": null, "surface": null, "type": null, "website": null, "wheelchair": null, "zoo": null, "objectid": 16027454, "osm_id2": "187353231" }, "geometry": { "type": "Polygon", "coordinates": [ [ [ -70.705217, -33.4755316 ], [ -70.7050569, -33.4754871 ], [ -70.7050025, -33.4755055 ], [ -70.7049559, -33.4755239 ], [ -70.7047089, -33.4762496 ], [ -70.705048, -33.4763074 ], [ -70.7052197, -33.4757083 ], [ -70.705217, -33.4755316 ] ] ] } },
{ "type": "Feature", "properties": { "access": "permissive", "area": null, "barrier": null, "boundary": null, "building": null, "description": "Capacidad: 220 espectadores. Utilizado por Deportivo Estación Central en Tercera División B.", "ele": null, "golf": null, "landuse": null, "leisure": "pitch", "lit": "yes", "location": null, "name": "Estadio Triángulo de Villa Francia", "name_en": null, "name_es": null, "opening_hours": null, "operator": null, "phone": null, "protect_class": null, "source_transform": null, "sport": "soccer", "surface": "artificial_turf", "type": null, "website": null, "wheelchair": null, "zoo": null, "objectid": 16027471, "osm_id2": "606519601" }, "geometry": { "type": "Polygon", "coordinates": [ [ [ -70.716134199885005, -33.4744331995363 ], [ -70.715402199590898, -33.4738962997288 ], [ -70.715004400430303, -33.4742735993499 ], [ -70.715736399826099, -33.474810499816698 ], [ -70.716134199885005, -33.4744331995363 ] ] ] } },
{ "type": "Feature", "properties": { "access": null, "area": null, "barrier": null, "boundary": null, "building": null, "description": null, "ele": null, "golf": null, "landuse": null, "leisure": "park", "lit": null, "location": null, "name": "Plaza El Volcán", "name_en": null, "name_es": null, "opening_hours": null, "operator": null, "phone": null, "protect_class": null, "source_transform": null, "sport": null, "surface": null, "type": null, "website": null, "wheelchair": null, "zoo": null, "objectid": 16027476, "osm_id2": "89781269" }, "geometry": { "type": "Polygon", "coordinates": [ [ [ -70.7144255, -33.4750083 ], [ -70.7138139, -33.4751157 ], [ -70.7139105, -33.4756079 ], [ -70.7145509, -33.4754893 ], [ -70.7144255, -33.4750083 ] ] ] } },
{ "type": "Feature", "properties": { "access": null, "area": null, "barrier": null, "boundary": null, "building": null, "description": null, "ele": null, "golf": null, "landuse": null, "leisure": "park", "lit": null, "location": null, "name": "Plaza Chaiten", "name_en": null, "name_es": null, "opening_hours": null, "operator": null, "phone": null, "protect_class": null, "source_transform": null, "sport": null, "surface": null, "type": null, "website": null, "wheelchair": null, "zoo": null, "objectid": 16027478, "osm_id2": "450396398" }, "geometry": { "type": "Polygon", "coordinates": [ [ [ -70.7135995, -33.4767494 ], [ -70.7128365, -33.4768807 ], [ -70.7128955, -33.4771335 ], [ -70.7136591, -33.4770219 ], [ -70.7135995, -33.4767494 ] ] ] } },
{ "type": "Feature", "properties": { "access": null, "area": null, "barrier": null, "boundary": null, "building": null, "description": null, "ele": null, "golf": null, "landuse": null, "leisure": "pitch", "lit": null, "location": null, "name": "Multicancha Plaza Chaiten", "name_en": null, "name_es": null, "opening_hours": null, "operator": null, "phone": null, "protect_class": null, "source_transform": null, "sport": null, "surface": null, "type": null, "website": null, "wheelchair": null, "zoo": null, "objectid": 16027479, "osm_id2": "450396400" }, "geometry": { "type": "Polygon", "coordinates": [ [ [ -70.713449899967102, -33.477010499337901 ], [ -70.713409100283499, -33.476828599702102 ], [ -70.713017800434002, -33.476889699266103 ], [ -70.713058699830498, -33.477071599523001 ], [ -70.713449899967102, -33.477010499337901 ] ] ] } },
{ "type": "Feature", "properties": { "access": null, "area": null, "barrier": null, "boundary": null, "building": null, "description": null, "ele": null, "golf": null, "landuse": null, "leisure": "park", "lit": null, "location": null, "name": "Plaza Bucalemu", "name_en": null, "name_es": null, "opening_hours": null, "operator": null, "phone": null, "protect_class": null, "source_transform": null, "sport": null, "surface": null, "type": null, "website": null, "wheelchair": "yes", "zoo": null, "objectid": 16027928, "osm_id2": "320064880" }, "geometry": { "type": "Polygon", "coordinates": [ [ [ -70.673567799641603, -33.478756399317703 ], [ -70.673519799960999, -33.478648499736998 ], [ -70.6733366999499, -33.478652799838102 ], [ -70.673330000314607, -33.478661799404399 ], [ -70.6733279997664, -33.478681999909398 ], [ -70.6733838004169, -33.478805899483902 ], [ -70.673567799641603, -33.478756399317703 ] ] ] } },
{ "type": "Feature", "properties": { "access": null, "area": null, "barrier": null, "boundary": null, "building": null, "description": null, "ele": null, "golf": null, "landuse": null, "leisure": "park", "lit": null, "location": null, "name": "Plaza Paz y Progreso", "name_en": null, "name_es": null, "opening_hours": null, "operator": null, "phone": null, "protect_class": null, "source_transform": null, "sport": null, "surface": null, "type": null, "website": null, "wheelchair": null, "zoo": null, "objectid": 16027947, "osm_id2": "319553107" }, "geometry": { "type": "Polygon", "coordinates": [ [ [ -70.666396299895197, -33.479888699550798 ], [ -70.665656099779099, -33.479883699696202 ], [ -70.665653100304397, -33.480185399533099 ], [ -70.666042800254402, -33.480188099879904 ], [ -70.6662720000093, -33.4801889997456 ], [ -70.666393300420395, -33.480189799959298 ], [ -70.666396299895197, -33.479888699550798 ] ] ] } },
{ "type": "Feature", "properties": { "access": "yes", "area": null, "barrier": null, "boundary": null, "building": null, "description": null, "ele": null, "golf": null, "landuse": null, "leisure": "pitch", "lit": "yes", "location": null, "name": "Multicancha Villa Los Aromos", "name_en": null, "name_es": null, "opening_hours": null, "operator": null, "phone": null, "protect_class": null, "source_transform": null, "sport": null, "surface": null, "type": null, "website": null, "wheelchair": null, "zoo": null, "objectid": 16027959, "osm_id2": "319785166" }, "geometry": { "type": "Polygon", "coordinates": [ [ [ -70.6684232, -33.4803993 ], [ -70.6685665, -33.4803555 ], [ -70.6684729, -33.4801426 ], [ -70.6683297, -33.4801864 ], [ -70.6684232, -33.4803993 ] ] ] } },
{ "type": "Feature", "properties": { "access": null, "area": null, "barrier": null, "boundary": null, "building": null, "description": null, "ele": null, "golf": null, "landuse": null, "leisure": "park", "lit": null, "location": null, "name": "Plaza Brasilia", "name_en": null, "name_es": null, "opening_hours": null, "operator": null, "phone": null, "protect_class": null, "source_transform": null, "sport": null, "surface": null, "type": null, "website": null, "wheelchair": null, "zoo": null, "objectid": 16027962, "osm_id2": "319785167" }, "geometry": { "type": "Polygon", "coordinates": [ [ [ -70.669010799817201, -33.481090699534299 ], [ -70.668508300213503, -33.480002899658203 ], [ -70.668234400290203, -33.480091899602101 ], [ -70.6687152999028, -33.4811818996724 ], [ -70.669010799817201, -33.481090699534299 ] ] ] } },
{ "type": "Feature", "properties": { "access": null, "area": null, "barrier": null, "boundary": null, "building": null, "description": null, "ele": null, "golf": null, "landuse": null, "leisure": "park", "lit": null, "location": null, "name": "Plaza Numancia", "name_en": null, "name_es": null, "opening_hours": null, "operator": null, "phone": null, "protect_class": null, "source_transform": null, "sport": null, "surface": null, "type": null, "website": null, "wheelchair": "yes", "zoo": null, "objectid": 16027972, "osm_id2": "320015231" }, "geometry": { "type": "Polygon", "coordinates": [ [ [ -70.6727373, -33.4797107 ], [ -70.6724305, -33.4798079 ], [ -70.6725557, -33.4800754 ], [ -70.672598, -33.4800877 ], [ -70.6728736, -33.4799982 ], [ -70.6727373, -33.4797107 ] ] ] } },
{ "type": "Feature", "properties": { "access": null, "area": null, "barrier": null, "boundary": null, "building": null, "description": null, "ele": null, "golf": null, "landuse": null, "leisure": "sports_centre", "lit": null, "location": null, "name": "Club Chileno de Rodeo", "name_en": null, "name_es": null, "opening_hours": null, "operator": null, "phone": null, "protect_class": null, "source_transform": null, "sport": null, "surface": null, "type": null, "website": null, "wheelchair": null, "zoo": null, "objectid": 16027980, "osm_id2": "340001760" }, "geometry": { "type": "Polygon", "coordinates": [ [ [ -70.673587, -33.4768537 ], [ -70.6732088, -33.4768605 ], [ -70.6732043, -33.4783643 ], [ -70.6756004, -33.4783326 ], [ -70.6755957, -33.4780049 ], [ -70.6755944, -33.4779131 ], [ -70.6755941, -33.4778888 ], [ -70.6755928, -33.4777969 ], [ -70.6755918, -33.4777314 ], [ -70.6755902, -33.4776182 ], [ -70.6755826, -33.4770801 ], [ -70.6751856, -33.4770327 ], [ -70.6739464, -33.4768895 ], [ -70.673587, -33.4768537 ] ] ] } },
{ "type": "Feature", "properties": { "access": null, "area": null, "barrier": null, "boundary": null, "building": null, "description": null, "ele": null, "golf": null, "landuse": null, "leisure": "pitch", "lit": "yes", "location": null, "name": "Club Deportivo Rubén Martínez", "name_en": null, "name_es": null, "opening_hours": null, "operator": null, "phone": null, "protect_class": null, "source_transform": null, "sport": "soccer", "surface": null, "type": null, "website": null, "wheelchair": null, "zoo": null, "objectid": 16027994, "osm_id2": "583555339" }, "geometry": { "type": "Polygon", "coordinates": [ [ [ -70.677784600281399, -33.4788818992374 ], [ -70.677781500195394, -33.478619099597402 ], [ -70.677289299776504, -33.478623099239698 ], [ -70.677292399862495, -33.478885999270503 ], [ -70.677784600281399, -33.4788818992374 ] ] ] } },
{ "type": "Feature", "properties": { "access": null, "area": null, "barrier": null, "boundary": null, "building": null, "description": null, "ele": null, "golf": null, "landuse": null, "leisure": "pitch", "lit": null, "location": null, "name": "Canchas San Joaquín Poniente", "name_en": null, "name_es": null, "opening_hours": null, "operator": null, "phone": null, "protect_class": null, "source_transform": null, "sport": "soccer", "surface": "unpaved", "type": null, "website": null, "wheelchair": null, "zoo": null, "objectid": 16028031, "osm_id2": "33196599" }, "geometry": { "type": "Polygon", "coordinates": [ [ [ -70.678177299706206, -33.479864899850597 ], [ -70.677953700048803, -33.4790208993929 ], [ -70.677373100016098, -33.4791279997849 ], [ -70.677596699673401, -33.479971899546896 ], [ -70.678177299706206, -33.479864899850597 ] ] ] } },
{ "type": "Feature", "properties": { "access": null, "area": null, "barrier": null, "boundary": null, "building": null, "description": null, "ele": null, "golf": null, "landuse": null, "leisure": "playground", "lit": null, "location": null, "name": "Plaza Quiapo", "name_en": null, "name_es": null, "opening_hours": null, "operator": null, "phone": null, "protect_class": null, "source_transform": null, "sport": null, "surface": null, "type": null, "website": null, "wheelchair": "yes", "zoo": null, "objectid": 16028047, "osm_id2": "320064876" }, "geometry": { "type": "Polygon", "coordinates": [ [ [ -70.676490599572503, -33.480584699275099 ], [ -70.676478399552593, -33.4803219999569 ], [ -70.676272699725601, -33.480323199526403 ], [ -70.676287999831601, -33.480604799680101 ], [ -70.676490599572503, -33.480584699275099 ] ] ] } },
{ "type": "Feature", "properties": { "access": null, "area": null, "barrier": null, "boundary": null, "building": null, "description": null, "ele": null, "golf": null, "landuse": null, "leisure": "pitch", "lit": null, "location": null, "name": "Canchas San Joaquín Poniente", "name_en": null, "name_es": null, "opening_hours": null, "operator": null, "phone": null, "protect_class": null, "source_transform": null, "sport": "soccer", "surface": "unpaved", "type": null, "website": null, "wheelchair": null, "zoo": null, "objectid": 16028050, "osm_id2": "33196601" }, "geometry": { "type": "Polygon", "coordinates": [ [ [ -70.678323099870099, -33.480893299581901 ], [ -70.678204100044397, -33.480006999638299 ], [ -70.677603599633102, -33.480063099364301 ], [ -70.6777226003571, -33.480949399483201 ], [ -70.678323099870099, -33.480893299581901 ] ] ] } },
{ "type": "Feature", "properties": { "access": null, "area": null, "barrier": null, "boundary": null, "building": null, "description": null, "ele": null, "golf": null, "landuse": null, "leisure": "sports_centre", "lit": null, "location": null, "name": "Parque La Feria MINVU", "name_en": null, "name_es": null, "opening_hours": null, "operator": null, "phone": null, "protect_class": null, "source_transform": null, "sport": null, "surface": null, "type": null, "website": null, "wheelchair": null, "zoo": null, "objectid": 16028072, "osm_id2": "425664914" }, "geometry": { "type": "Polygon", "coordinates": [ [ [ -70.6727385, -33.4813792 ], [ -70.671967, -33.4816494 ], [ -70.6717706, -33.4817182 ], [ -70.6715465, -33.4817934 ], [ -70.6707253, -33.4820692 ], [ -70.671084, -33.482798 ], [ -70.6715867, -33.4838195 ], [ -70.6731543, -33.4832996 ], [ -70.6732542, -33.4832664 ], [ -70.6736074, -33.4831451 ], [ -70.6727385, -33.4813792 ] ] ] } },
{ "type": "Feature", "properties": { "access": null, "area": null, "barrier": null, "boundary": null, "building": null, "description": null, "ele": null, "golf": null, "landuse": null, "leisure": "stadium", "lit": null, "location": null, "name": "Estadio Corvi", "name_en": null, "name_es": null, "opening_hours": null, "operator": null, "phone": null, "protect_class": null, "source_transform": null, "sport": null, "surface": null, "type": null, "website": null, "wheelchair": null, "zoo": null, "objectid": 16028073, "osm_id2": "194678732" }, "geometry": { "type": "Polygon", "coordinates": [ [ [ -70.6727385, -33.4813792 ], [ -70.671967, -33.4816494 ], [ -70.6717706, -33.4817182 ], [ -70.6715465, -33.4817934 ], [ -70.6707253, -33.4820692 ], [ -70.671084, -33.482798 ], [ -70.6715867, -33.4838195 ], [ -70.6731543, -33.4832996 ], [ -70.6732542, -33.4832664 ], [ -70.6736074, -33.4831451 ], [ -70.6727385, -33.4813792 ] ] ] } },
{ "type": "Feature", "properties": { "access": null, "area": null, "barrier": null, "boundary": null, "building": null, "description": null, "ele": null, "golf": null, "landuse": null, "leisure": "park", "lit": null, "location": null, "name": "Plaza Victor Díaz López", "name_en": null, "name_es": null, "opening_hours": null, "operator": null, "phone": null, "protect_class": null, "source_transform": null, "sport": null, "surface": null, "type": null, "website": null, "wheelchair": "yes", "zoo": null, "objectid": 16028076, "osm_id2": "320081065" }, "geometry": { "type": "Polygon", "coordinates": [ [ [ -70.6742475, -33.4823031 ], [ -70.6738414, -33.4824406 ], [ -70.6737633, -33.4822803 ], [ -70.6734009, -33.4824031 ], [ -70.6735584, -33.4827265 ], [ -70.6743269, -33.4824662 ], [ -70.6742475, -33.4823031 ] ] ] } },
{ "type": "Feature", "properties": { "access": null, "area": null, "barrier": null, "boundary": null, "building": null, "description": null, "ele": null, "golf": null, "landuse": null, "leisure": "pitch", "lit": null, "location": null, "name": "Parque La Feria MINVU", "name_en": null, "name_es": null, "opening_hours": null, "operator": null, "phone": null, "protect_class": null, "source_transform": null, "sport": "soccer", "surface": null, "type": null, "website": null, "wheelchair": null, "zoo": null, "objectid": 16028082, "osm_id2": "90955673" }, "geometry": { "type": "Polygon", "coordinates": [ [ [ -70.672233199573498, -33.483362399616297 ], [ -70.671850899944701, -33.4825452996078 ], [ -70.671181799686806, -33.482763099891997 ], [ -70.671564199926905, -33.483580199344402 ], [ -70.672233199573498, -33.483362399616297 ] ] ] } },
{ "type": "Feature", "properties": { "access": null, "area": null, "barrier": null, "boundary": null, "building": null, "description": null, "ele": null, "golf": null, "landuse": null, "leisure": "park", "lit": null, "location": null, "name": "Plaza Juana de Ibarbourou", "name_en": null, "name_es": null, "opening_hours": null, "operator": null, "phone": null, "protect_class": null, "source_transform": null, "sport": null, "surface": null, "type": null, "website": null, "wheelchair": "yes", "zoo": null, "objectid": 16028122, "osm_id2": "320070504" }, "geometry": { "type": "Polygon", "coordinates": [ [ [ -70.674985, -33.4817782 ], [ -70.6747204, -33.4812442 ], [ -70.6744837, -33.4813258 ], [ -70.6747484, -33.4818598 ], [ -70.674985, -33.4817782 ] ] ] } },
{ "type": "Feature", "properties": { "access": null, "area": null, "barrier": null, "boundary": null, "building": null, "description": null, "ele": null, "golf": null, "landuse": null, "leisure": "park", "lit": null, "location": null, "name": "Plaza Pedro Aguirre Cerda", "name_en": null, "name_es": null, "opening_hours": null, "operator": null, "phone": null, "protect_class": null, "source_transform": null, "sport": null, "surface": null, "type": null, "website": null, "wheelchair": null, "zoo": null, "objectid": 16028131, "osm_id2": "327883699" }, "geometry": { "type": "Polygon", "coordinates": [ [ [ -70.678653999694902, -33.481317099667599 ], [ -70.6785951995696, -33.480436299894201 ], [ -70.678389300316596, -33.480446499592198 ], [ -70.678453399603697, -33.481326499807999 ], [ -70.678653999694902, -33.481317099667599 ] ] ] } },
{ "type": "Feature", "properties": { "access": null, "area": null, "barrier": null, "boundary": null, "building": null, "description": null, "ele": null, "golf": null, "landuse": null, "leisure": "park", "lit": null, "location": null, "name": "Plaza Presidente Eduardo Frei Montalva", "name_en": null, "name_es": null, "opening_hours": null, "operator": null, "phone": null, "protect_class": null, "source_transform": null, "sport": null, "surface": null, "type": null, "website": null, "wheelchair": "yes", "zoo": null, "objectid": 16028135, "osm_id2": "320074802" }, "geometry": { "type": "Polygon", "coordinates": [ [ [ -70.677979900312394, -33.4818239992439 ], [ -70.677947899627, -33.481439799665701 ], [ -70.677495899715396, -33.481460899375499 ], [ -70.6775741995705, -33.481574499507403 ], [ -70.677702199617002, -33.4816958999401 ], [ -70.677831699850103, -33.481781499546798 ], [ -70.677979900312394, -33.4818239992439 ] ] ] } },
{ "type": "Feature", "properties": { "access": null, "area": null, "barrier": null, "boundary": null, "building": null, "description": null, "ele": null, "golf": null, "landuse": null, "leisure": "park", "lit": null, "location": null, "name": "Plaza Padre Hurtado", "name_en": null, "name_es": null, "opening_hours": null, "operator": null, "phone": null, "protect_class": null, "source_transform": null, "sport": null, "surface": null, "type": null, "website": null, "wheelchair": null, "zoo": null, "objectid": 16028168, "osm_id2": "324497086" }, "geometry": { "type": "Polygon", "coordinates": [ [ [ -70.6795095, -33.4815777 ], [ -70.6794257, -33.4815807 ], [ -70.6794217, -33.4815034 ], [ -70.6793575, -33.4815057 ], [ -70.679372, -33.4817827 ], [ -70.6795198, -33.4817773 ], [ -70.6795095, -33.4815777 ] ] ] } },
{ "type": "Feature", "properties": { "access": null, "area": null, "barrier": null, "boundary": null, "building": null, "description": null, "ele": null, "golf": null, "landuse": null, "leisure": "park", "lit": null, "location": null, "name": "Plaza Padre Hurtado", "name_en": null, "name_es": null, "opening_hours": null, "operator": null, "phone": null, "protect_class": null, "source_transform": null, "sport": null, "surface": null, "type": null, "website": null, "wheelchair": null, "zoo": null, "objectid": 16028171, "osm_id2": "324497087" }, "geometry": { "type": "Polygon", "coordinates": [ [ [ -70.679582800206504, -33.4820321997313 ], [ -70.6795709999369, -33.481842899813003 ], [ -70.679378700279003, -33.481851299648298 ], [ -70.679390499650196, -33.482040599548299 ], [ -70.679582800206504, -33.4820321997313 ] ] ] } },
{ "type": "Feature", "properties": { "access": null, "area": null, "barrier": null, "boundary": null, "building": null, "description": null, "ele": null, "golf": null, "landuse": null, "leisure": "park", "lit": null, "location": null, "name": "Plaza San Joaquín", "name_en": null, "name_es": null, "opening_hours": null, "operator": null, "phone": null, "protect_class": null, "source_transform": null, "sport": null, "surface": null, "type": null, "website": null, "wheelchair": null, "zoo": null, "objectid": 16028188, "osm_id2": "327887503" }, "geometry": { "type": "Polygon", "coordinates": [ [ [ -70.677047900001696, -33.483355399501001 ], [ -70.677018400226103, -33.483019399298001 ], [ -70.6763490996439, -33.483052499934203 ], [ -70.676293299891697, -33.483087999620203 ], [ -70.676206899927706, -33.4831639993632 ], [ -70.676175999678605, -33.483203499932799 ], [ -70.676580599984206, -33.483174399535798 ], [ -70.676595999803098, -33.483376099401298 ], [ -70.677047900001696, -33.483355399501001 ] ] ] } },
{ "type": "Feature", "properties": { "access": null, "area": null, "barrier": null, "boundary": null, "building": null, "description": null, "ele": null, "golf": null, "landuse": null, "leisure": "park", "lit": null, "location": null, "name": "Plaza Venezuela", "name_en": null, "name_es": null, "opening_hours": null, "operator": null, "phone": null, "protect_class": null, "source_transform": null, "sport": null, "surface": null, "type": null, "website": null, "wheelchair": "yes", "zoo": null, "objectid": 16028192, "osm_id2": "320074800" }, "geometry": { "type": "Polygon", "coordinates": [ [ [ -70.678054400293902, -33.483445599272898 ], [ -70.678029100142197, -33.482948899598398 ], [ -70.677539699771998, -33.482966199545899 ], [ -70.677561400374401, -33.483392099339 ], [ -70.677616300014606, -33.483428499467102 ], [ -70.677635499707193, -33.483595699505102 ], [ -70.677883800339899, -33.483451599900697 ], [ -70.678054400293902, -33.483445599272898 ] ] ] } },
{ "type": "Feature", "properties": { "access": null, "area": null, "barrier": null, "boundary": null, "building": null, "description": null, "ele": null, "golf": null, "landuse": null, "leisure": "park", "lit": null, "location": null, "name": "Plaza Pablo Neruda", "name_en": null, "name_es": null, "opening_hours": null, "operator": null, "phone": null, "protect_class": null, "source_transform": null, "sport": null, "surface": null, "type": null, "website": null, "wheelchair": "yes", "zoo": null, "objectid": 16028215, "osm_id2": "320080336" }, "geometry": { "type": "Polygon", "coordinates": [ [ [ -70.680600499795204, -33.4830172999295 ], [ -70.680583700401101, -33.482820499264797 ], [ -70.680145999872195, -33.4828463997734 ], [ -70.680162800164595, -33.483043299278798 ], [ -70.680600499795204, -33.4830172999295 ] ] ] } },
{ "type": "Feature", "properties": { "access": null, "area": null, "barrier": null, "boundary": null, "building": null, "description": null, "ele": null, "golf": null, "landuse": null, "leisure": "park", "lit": null, "location": null, "name": "Parque André Jarlán", "name_en": null, "name_es": null, "opening_hours": "Tu-Su 06:00-20:30", "operator": "Parquemet", "phone": null, "protect_class": null, "source_transform": null, "sport": null, "surface": null, "type": null, "website": null, "wheelchair": "yes", "zoo": null, "objectid": 16028400, "osm_id2": "90955392" }, "geometry": { "type": "Polygon", "coordinates": [ [ [ -70.6708037, -33.4862181 ], [ -70.6708924, -33.486145 ], [ -70.6709757, -33.48608 ], [ -70.6710643, -33.4860211 ], [ -70.6711596, -33.4859679 ], [ -70.6713174, -33.4858851 ], [ -70.6714564, -33.4858226 ], [ -70.6718379, -33.4856751 ], [ -70.6718975, -33.4856398 ], [ -70.6719226, -33.4856177 ], [ -70.6719359, -33.4855936 ], [ -70.6719463, -33.485556 ], [ -70.6719512, -33.4855138 ], [ -70.6718696, -33.4853408 ], [ -70.6718538, -33.4853073 ], [ -70.6718417, -33.4852817 ], [ -70.6718162, -33.4852293 ], [ -70.6718792, -33.4852082 ], [ -70.6708473, -33.483061 ], [ -70.6693764, -33.4839448 ], [ -70.6691355, -33.4840914 ], [ -70.6680799, -33.4847339 ], [ -70.6679422, -33.4848177 ], [ -70.6678226, -33.4848905 ], [ -70.6677789, -33.4849171 ], [ -70.6675586, -33.485037 ], [ -70.6677921, -33.4854319 ], [ -70.6678081, -33.4854596 ], [ -70.6678736, -33.4855731 ], [ -70.6677917, -33.4856037 ], [ -70.6678928, -33.4857645 ], [ -70.6677649, -33.4858145 ], [ -70.6686123, -33.4872003 ], [ -70.6687009, -33.4873513 ], [ -70.669112, -33.4872233 ], [ -70.6692755, -33.4871724 ], [ -70.6695898, -33.4870642 ], [ -70.6698123, -33.4869734 ], [ -70.6698892, -33.4869407 ], [ -70.6700102, -33.4868841 ], [ -70.6701111, -33.4868241 ], [ -70.6702121, -33.4867527 ], [ -70.6702955, -33.4866884 ], [ -70.670398, -33.486614 ], [ -70.6705662, -33.4864556 ], [ -70.6708037, -33.4862181 ] ] ] } },
{ "type": "Feature", "properties": { "access": null, "area": null, "barrier": null, "boundary": null, "building": null, "description": null, "ele": null, "golf": null, "landuse": null, "leisure": "park", "lit": null, "location": null, "name": "Plaza Salvador Allende", "name_en": null, "name_es": null, "opening_hours": null, "operator": null, "phone": null, "protect_class": null, "source_transform": null, "sport": null, "surface": null, "type": null, "website": null, "wheelchair": null, "zoo": null, "objectid": 16028444, "osm_id2": "327883698" }, "geometry": { "type": "Polygon", "coordinates": [ [ [ -70.6801913, -33.4848069 ], [ -70.6799887, -33.484814 ], [ -70.680192, -33.4853164 ], [ -70.6802174, -33.4853097 ], [ -70.6801913, -33.4848069 ] ] ] } },
{ "type": "Feature", "properties": { "access": null, "area": null, "barrier": null, "boundary": null, "building": null, "description": null, "ele": null, "golf": null, "landuse": null, "leisure": "park", "lit": null, "location": null, "name": "Plaza Pierre Dubois", "name_en": null, "name_es": null, "opening_hours": null, "operator": null, "phone": null, "protect_class": null, "source_transform": null, "sport": null, "surface": null, "type": null, "website": null, "wheelchair": null, "zoo": null, "objectid": 16028481, "osm_id2": "327883697" }, "geometry": { "type": "Polygon", "coordinates": [ [ [ -70.6815787, -33.4898368 ], [ -70.6814439, -33.4879742 ], [ -70.6814281, -33.4877282 ], [ -70.6812716, -33.4859321 ], [ -70.6811214, -33.4859388 ], [ -70.6810952, -33.4859769 ], [ -70.6810892, -33.4860289 ], [ -70.6812005, -33.4873168 ], [ -70.6812315, -33.4877351 ], [ -70.6812379, -33.4879851 ], [ -70.681397, -33.4899843 ], [ -70.6815787, -33.4898368 ] ] ] } },
{ "type": "Feature", "properties": { "access": null, "area": null, "barrier": null, "boundary": null, "building": null, "description": null, "ele": null, "golf": null, "landuse": null, "leisure": "park", "lit": null, "location": null, "name": "Plaza Buzeta", "name_en": null, "name_es": null, "opening_hours": null, "operator": null, "phone": null, "protect_class": null, "source_transform": null, "sport": null, "surface": null, "type": null, "website": null, "wheelchair": null, "zoo": null, "objectid": 16028534, "osm_id2": "25404318" }, "geometry": { "type": "Polygon", "coordinates": [ [ [ -70.6902142, -33.4806131 ], [ -70.6902028, -33.4806071 ], [ -70.6895706, -33.4802734 ], [ -70.6892544, -33.4801066 ], [ -70.6892479, -33.4801153 ], [ -70.6892128, -33.4801625 ], [ -70.688651, -33.4809176 ], [ -70.6896097, -33.4814099 ], [ -70.6902142, -33.4806131 ] ] ] } },
{ "type": "Feature", "properties": { "access": null, "area": null, "barrier": null, "boundary": null, "building": null, "description": null, "ele": null, "golf": null, "landuse": null, "leisure": "park", "lit": null, "location": null, "name": "Plaza Pedro Aguirre Cerda", "name_en": null, "name_es": null, "opening_hours": null, "operator": null, "phone": null, "protect_class": null, "source_transform": null, "sport": null, "surface": null, "type": null, "website": null, "wheelchair": null, "zoo": null, "objectid": 16028595, "osm_id2": "33196761" }, "geometry": { "type": "Polygon", "coordinates": [ [ [ -70.6948336, -33.4828905 ], [ -70.6948423, -33.4828859 ], [ -70.6948459, -33.4828732 ], [ -70.6948327, -33.4828149 ], [ -70.6948071, -33.4827629 ], [ -70.694784, -33.4827307 ], [ -70.694571, -33.4824951 ], [ -70.6944878, -33.4824089 ], [ -70.6938506, -33.4817421 ], [ -70.6937111, -33.4818292 ], [ -70.6936324, -33.4818929 ], [ -70.6935276, -33.4820024 ], [ -70.6934771, -33.4820684 ], [ -70.6934474, -33.4821325 ], [ -70.6944151, -33.4826385 ], [ -70.6948336, -33.4828905 ] ] ] } },
{ "type": "Feature", "properties": { "access": null, "area": null, "barrier": null, "boundary": null, "building": null, "description": null, "ele": null, "golf": null, "landuse": null, "leisure": "park", "lit": null, "location": null, "name": "Parque Lo Errázuriz", "name_en": null, "name_es": null, "opening_hours": "Tu-Su 08:00-20:00", "operator": "Gobierno Regional Metropolitano", "phone": null, "protect_class": null, "source_transform": null, "sport": null, "surface": null, "type": null, "website": null, "wheelchair": null, "zoo": null, "objectid": 16028657, "osm_id2": "-10603041" }, "geometry": { "type": "MultiPolygon", "coordinates": [ [ [ [ -70.705349599709095, -33.476887999871103 ], [ -70.705304799827502, -33.476782099325703 ], [ -70.705212799766002, -33.476722499771903 ], [ -70.704976600338398, -33.476393199528403 ], [ -70.7045319001368, -33.476298199907099 ], [ -70.703821199796394, -33.476146299952902 ], [ -70.703250599809394, -33.476024299796499 ], [ -70.703172599991603, -33.476332699801297 ], [ -70.703120500400104, -33.4765910997736 ], [ -70.703062300349501, -33.476903799447498 ], [ -70.703022999954101, -33.477635999429801 ], [ -70.702946399711493, -33.478115899953004 ], [ -70.702890200208998, -33.478283399467301 ], [ -70.702773899820798, -33.478435799939398 ], [ -70.702725800427203, -33.478491599472903 ], [ -70.703609200084301, -33.479291899340602 ], [ -70.703667300421998, -33.479241599229702 ], [ -70.703769700279494, -33.479077299466802 ], [ -70.704171499638093, -33.478538799506701 ], [ -70.704753200107106, -33.477614199704497 ], [ -70.705349599709095, -33.476887999871103 ] ] ], [ [ [ -70.702906500139804, -33.475980199746203 ], [ -70.701114300062599, -33.475602799656599 ], [ -70.701033200158705, -33.475600699359099 ], [ -70.700966099600294, -33.475606099588902 ], [ -70.700920899968395, -33.475611299754398 ], [ -70.700615499721295, -33.476527299538397 ], [ -70.702411699996503, -33.478182299773302 ], [ -70.702484300041107, -33.478062199666198 ], [ -70.7025200997018, -33.477964199497897 ], [ -70.702552999600798, -33.477852099943199 ], [ -70.702572899979302, -33.477717699272503 ], [ -70.702587900047902, -33.477519299578503 ], [ -70.702606900314507, -33.477179799284897 ], [ -70.702673000149701, -33.476769499958998 ], [ -70.702686700356097, -33.476671699888598 ], [ -70.702688399968693, -33.476593799483098 ], [ -70.702769400159497, -33.476327099554403 ], [ -70.702906500139804, -33.475980199746203 ] ] ] ] } },
{ "type": "Feature", "properties": { "access": "permissive", "area": null, "barrier": null, "boundary": null, "building": null, "description": null, "ele": null, "golf": null, "landuse": null, "leisure": "pitch", "lit": null, "location": null, "name": "Cancha Estrella San Jospe FC", "name_en": null, "name_es": null, "opening_hours": null, "operator": null, "phone": null, "protect_class": null, "source_transform": "Municipalidad de Estación Central", "sport": "soccer", "surface": "artificial_turf", "type": null, "website": null, "wheelchair": null, "zoo": null, "objectid": 16028671, "osm_id2": "142984615" }, "geometry": { "type": "Polygon", "coordinates": [ [ [ -70.714187999822002, -33.479345499961397 ], [ -70.713636400101606, -33.478518099949099 ], [ -70.713011799687905, -33.478807699244101 ], [ -70.713563500019603, -33.479635199889699 ], [ -70.714187999822002, -33.479345499961397 ] ] ] } },
{ "type": "Feature", "properties": { "access": null, "area": null, "barrier": null, "boundary": null, "building": null, "description": null, "ele": null, "golf": null, "landuse": null, "leisure": "park", "lit": null, "location": null, "name": "Parque Nuestra Santa Familia", "name_en": null, "name_es": null, "opening_hours": "Mo-Su 08:00-20:00", "operator": "Ilustre Municipalidad de Cerrillos", "phone": null, "protect_class": null, "source_transform": "local knowledge;aerial imagery", "sport": null, "surface": null, "type": null, "website": null, "wheelchair": null, "zoo": null, "objectid": 16028672, "osm_id2": "764468588" }, "geometry": { "type": "Polygon", "coordinates": [ [ [ -70.715454600118093, -33.480862999596098 ], [ -70.715221299554003, -33.4795113996556 ], [ -70.715189999554497, -33.479330499553399 ], [ -70.715067100142207, -33.479361099783603 ], [ -70.714638000083795, -33.479651899585797 ], [ -70.714986700025904, -33.480837599748199 ], [ -70.715018900137295, -33.480994199807 ], [ -70.715454600118093, -33.480862999596098 ] ] ] } },
{ "type": "Feature", "properties": { "access": null, "area": null, "barrier": null, "boundary": null, "building": null, "description": null, "ele": null, "golf": null, "landuse": null, "leisure": "park", "lit": null, "location": null, "name": "Parque Bremen", "name_en": null, "name_es": null, "opening_hours": null, "operator": null, "phone": null, "protect_class": null, "source_transform": null, "sport": null, "surface": null, "type": null, "website": null, "wheelchair": null, "zoo": null, "objectid": 16028680, "osm_id2": "173708252" }, "geometry": { "type": "Polygon", "coordinates": [ [ [ -70.7035431, -33.4818282 ], [ -70.7029076, -33.4816481 ], [ -70.702772, -33.4818472 ], [ -70.7025224, -33.4819328 ], [ -70.7021464, -33.4820637 ], [ -70.7020532, -33.4820105 ], [ -70.7019023, -33.4821531 ], [ -70.7014577, -33.4822969 ], [ -70.7013244, -33.4824043 ], [ -70.701315, -33.4825105 ], [ -70.701085, -33.482741 ], [ -70.7007431, -33.4828472 ], [ -70.7002564, -33.4829577 ], [ -70.7002998, -33.4830284 ], [ -70.7003644, -33.4831363 ], [ -70.7003761, -33.4831688 ], [ -70.7003793, -33.4831841 ], [ -70.7015692, -33.4827588 ], [ -70.7015306, -33.4825914 ], [ -70.7027353, -33.4821614 ], [ -70.7027197, -33.4821058 ], [ -70.703543, -33.4818465 ], [ -70.7035431, -33.4818282 ] ] ] } },
{ "type": "Feature", "properties": { "access": null, "area": null, "barrier": null, "boundary": null, "building": null, "description": null, "ele": null, "golf": null, "landuse": null, "leisure": "park", "lit": null, "location": null, "name": "Plaza Nueva Independencia", "name_en": null, "name_es": null, "opening_hours": null, "operator": null, "phone": null, "protect_class": null, "source_transform": null, "sport": null, "surface": null, "type": null, "website": null, "wheelchair": null, "zoo": null, "objectid": 16028709, "osm_id2": "327883696" }, "geometry": { "type": "Polygon", "coordinates": [ [ [ -70.684873100187204, -33.4861508999359 ], [ -70.684859199656501, -33.485962899914099 ], [ -70.6848092003261, -33.485931399962197 ], [ -70.684794999758097, -33.4857519997108 ], [ -70.684839999963899, -33.485713899838899 ], [ -70.684827400193797, -33.485546499353497 ], [ -70.684665699849305, -33.485553999768896 ], [ -70.6847025002333, -33.486159199708297 ], [ -70.684873100187204, -33.4861508999359 ] ] ] } },
{ "type": "Feature", "properties": { "access": null, "area": null, "barrier": null, "boundary": null, "building": null, "description": null, "ele": null, "golf": null, "landuse": null, "leisure": "park", "lit": null, "location": null, "name": "Plaza El Esfuerzo", "name_en": null, "name_es": null, "opening_hours": null, "operator": null, "phone": null, "protect_class": null, "source_transform": null, "sport": null, "surface": null, "type": null, "website": null, "wheelchair": "yes", "zoo": null, "objectid": 16028784, "osm_id2": "319754925" }, "geometry": { "type": "Polygon", "coordinates": [ [ [ -70.6869612, -33.4877951 ], [ -70.6873266, -33.4875657 ], [ -70.6868026, -33.4876033 ], [ -70.6869612, -33.4877951 ] ] ] } },
{ "type": "Feature", "properties": { "access": null, "area": null, "barrier": null, "boundary": null, "building": null, "description": null, "ele": null, "golf": null, "landuse": null, "leisure": "park", "lit": null, "location": null, "name": "Plaza Algarrobo", "name_en": null, "name_es": null, "opening_hours": null, "operator": null, "phone": null, "protect_class": null, "source_transform": null, "sport": null, "surface": null, "type": null, "website": null, "wheelchair": null, "zoo": null, "objectid": 16029041, "osm_id2": "206159558" }, "geometry": { "type": "Polygon", "coordinates": [ [ [ -70.7328331, -33.462613 ], [ -70.7324119, -33.4624954 ], [ -70.7323169, -33.4628823 ], [ -70.7327537, -33.4629913 ], [ -70.7328331, -33.462613 ] ] ] } },
{ "type": "Feature", "properties": { "access": null, "area": null, "barrier": null, "boundary": null, "building": null, "description": null, "ele": null, "golf": null, "landuse": null, "leisure": "park", "lit": null, "location": null, "name": "Plaza Colegio San Felipe", "name_en": null, "name_es": null, "opening_hours": null, "operator": null, "phone": null, "protect_class": null, "source_transform": null, "sport": null, "surface": null, "type": null, "website": null, "wheelchair": null, "zoo": null, "objectid": 16029044, "osm_id2": "386974380" }, "geometry": { "type": "Polygon", "coordinates": [ [ [ -70.737807600318405, -33.462009899869898 ], [ -70.737522699625998, -33.461940499713698 ], [ -70.737422600353895, -33.4621921993256 ], [ -70.737747500330897, -33.462279499895601 ], [ -70.737807600318405, -33.462009899869898 ] ] ] } },
{ "type": "Feature", "properties": { "access": null, "area": null, "barrier": null, "boundary": null, "building": null, "description": null, "ele": null, "golf": null, "landuse": null, "leisure": "park", "lit": null, "location": null, "name": "Plaza Avenida Las Torres", "name_en": null, "name_es": null, "opening_hours": null, "operator": null, "phone": null, "protect_class": null, "source_transform": "Reconocimiento cortográfico de campo 2016 por KG", "sport": null, "surface": null, "type": null, "website": null, "wheelchair": null, "zoo": null, "objectid": 16029049, "osm_id2": "125115750" }, "geometry": { "type": "Polygon", "coordinates": [ [ [ -70.7310174, -33.463171 ], [ -70.7310464, -33.4663931 ], [ -70.7311745, -33.4664414 ], [ -70.7313269, -33.4663983 ], [ -70.7313644, -33.4662819 ], [ -70.7313237, -33.4633586 ], [ -70.7313001, -33.461202 ], [ -70.7309941, -33.4611035 ], [ -70.7309546, -33.4611358 ], [ -70.7310174, -33.463171 ] ] ] } },
{ "type": "Feature", "properties": { "access": null, "area": null, "barrier": null, "boundary": null, "building": null, "description": null, "ele": null, "golf": null, "landuse": null, "leisure": "park", "lit": null, "location": null, "name": "Plaza Avenida Las Torres", "name_en": null, "name_es": null, "opening_hours": null, "operator": null, "phone": null, "protect_class": null, "source_transform": null, "sport": null, "surface": null, "type": null, "website": null, "wheelchair": null, "zoo": null, "objectid": 16029091, "osm_id2": "125115741" }, "geometry": { "type": "Polygon", "coordinates": [ [ [ -70.731359099746896, -33.467687099360198 ], [ -70.731347899551906, -33.466647499255103 ], [ -70.731245799731695, -33.4665529992782 ], [ -70.731070000328899, -33.466572399269197 ], [ -70.731032400444306, -33.466633099900399 ], [ -70.731043800065294, -33.467508199378003 ], [ -70.731359099746896, -33.467687099360198 ] ] ] } },
{ "type": "Feature", "properties": { "access": null, "area": null, "barrier": null, "boundary": null, "building": null, "description": null, "ele": null, "golf": null, "landuse": null, "leisure": "park", "lit": null, "location": null, "name": "Plaza Los Libertadores", "name_en": null, "name_es": null, "opening_hours": null, "operator": null, "phone": null, "protect_class": null, "source_transform": null, "sport": null, "surface": null, "type": null, "website": null, "wheelchair": null, "zoo": null, "objectid": 16029092, "osm_id2": "125115752" }, "geometry": { "type": "Polygon", "coordinates": [ [ [ -70.7325541, -33.4667252 ], [ -70.7325366, -33.4666972 ], [ -70.7322402, -33.4666552 ], [ -70.7322127, -33.4666714 ], [ -70.7321433, -33.4669951 ], [ -70.7321443, -33.4670054 ], [ -70.732149, -33.4670121 ], [ -70.7321745, -33.4670188 ], [ -70.7324428, -33.4670586 ], [ -70.7324703, -33.4670558 ], [ -70.7324863, -33.4670435 ], [ -70.7325541, -33.4667252 ] ] ] } },
{ "type": "Feature", "properties": { "access": null, "area": null, "barrier": null, "boundary": null, "building": null, "description": null, "ele": null, "golf": null, "landuse": "village_green", "leisure": "park", "lit": null, "location": null, "name": "Plaza Lleu Lleu", "name_en": null, "name_es": null, "opening_hours": null, "operator": null, "phone": null, "protect_class": null, "source_transform": null, "sport": null, "surface": null, "type": null, "website": null, "wheelchair": null, "zoo": null, "objectid": 16029097, "osm_id2": "206159559" }, "geometry": { "type": "Polygon", "coordinates": [ [ [ -70.7360553, -33.4656329 ], [ -70.7356711, -33.4655773 ], [ -70.7356076, -33.4658736 ], [ -70.7360311, -33.4659367 ], [ -70.7360553, -33.4656329 ] ] ] } },
{ "type": "Feature", "properties": { "access": null, "area": null, "barrier": null, "boundary": null, "building": null, "description": null, "ele": null, "golf": null, "landuse": null, "leisure": "park", "lit": null, "location": null, "name": "Plaza Laguna del Maule", "name_en": null, "name_es": null, "opening_hours": null, "operator": null, "phone": null, "protect_class": null, "source_transform": null, "sport": null, "surface": null, "type": null, "website": null, "wheelchair": null, "zoo": null, "objectid": 16029101, "osm_id2": "206159560" }, "geometry": { "type": "Polygon", "coordinates": [ [ [ -70.7359754, -33.4664047 ], [ -70.7355189, -33.4663291 ], [ -70.7354554, -33.4666254 ], [ -70.7359362, -33.466696 ], [ -70.7359754, -33.4664047 ] ] ] } },
{ "type": "Feature", "properties": { "access": null, "area": null, "barrier": null, "boundary": null, "building": null, "description": null, "ele": null, "golf": null, "landuse": null, "leisure": "park", "lit": null, "location": null, "name": "Plaza Avenida Las Torres", "name_en": null, "name_es": null, "opening_hours": null, "operator": null, "phone": null, "protect_class": null, "source_transform": null, "sport": null, "surface": null, "type": null, "website": null, "wheelchair": null, "zoo": null, "objectid": 16029115, "osm_id2": "125115749" }, "geometry": { "type": "Polygon", "coordinates": [ [ [ -70.731365999706597, -33.469944099396798 ], [ -70.731357899597697, -33.468428199504501 ], [ -70.731061799608696, -33.468279399373202 ], [ -70.731068500142399, -33.470028899816 ], [ -70.731365999706597, -33.469944099396798 ] ] ] } },
{ "type": "Feature", "properties": { "access": null, "area": null, "barrier": null, "boundary": null, "building": null, "description": null, "ele": null, "golf": null, "landuse": null, "leisure": "pitch", "lit": null, "location": null, "name": "Cancha Tennis", "name_en": null, "name_es": null, "opening_hours": null, "operator": null, "phone": null, "protect_class": null, "source_transform": null, "sport": "tennis", "surface": null, "type": null, "website": null, "wheelchair": null, "zoo": null, "objectid": 16029119, "osm_id2": "607858330" }, "geometry": { "type": "Polygon", "coordinates": [ [ [ -70.736783299908893, -33.468766899297897 ], [ -70.736674099804702, -33.468640599394298 ], [ -70.736407900239897, -33.468800699288998 ], [ -70.736517100344201, -33.468926899294203 ], [ -70.736783299908893, -33.468766899297897 ] ] ] } },
{ "type": "Feature", "properties": { "access": null, "area": null, "barrier": null, "boundary": null, "building": null, "description": null, "ele": null, "golf": null, "landuse": null, "leisure": "pitch", "lit": null, "location": null, "name": "Cancha Tennis", "name_en": null, "name_es": null, "opening_hours": null, "operator": null, "phone": null, "protect_class": null, "source_transform": null, "sport": "tennis", "surface": null, "type": null, "website": null, "wheelchair": null, "zoo": null, "objectid": 16029120, "osm_id2": "206173761" }, "geometry": { "type": "Polygon", "coordinates": [ [ [ -70.737070699714394, -33.468540799836902 ], [ -70.736884099866998, -33.468538299956897 ], [ -70.736878700093797, -33.468811999670997 ], [ -70.737065299941193, -33.4688144995431 ], [ -70.737070699714394, -33.468540799836902 ] ] ] } },
{ "type": "Feature", "properties": { "access": null, "area": null, "barrier": null, "boundary": null, "building": null, "description": null, "ele": null, "golf": null, "landuse": null, "leisure": "park", "lit": null, "location": null, "name": "Las Cuatro Plazas", "name_en": null, "name_es": null, "opening_hours": null, "operator": null, "phone": null, "protect_class": null, "source_transform": null, "sport": null, "surface": null, "type": null, "website": null, "wheelchair": null, "zoo": null, "objectid": 16029187, "osm_id2": "591105482" }, "geometry": { "type": "Polygon", "coordinates": [ [ [ -70.744893600212706, -33.469104299876797 ], [ -70.744869800247599, -33.468587899631103 ], [ -70.744134300117096, -33.468611599766099 ], [ -70.744158199795294, -33.469127899456403 ], [ -70.744893600212706, -33.469104299876797 ] ] ] } },
{ "type": "Feature", "properties": { "access": null, "area": null, "barrier": null, "boundary": null, "building": null, "description": null, "ele": null, "golf": null, "landuse": null, "leisure": "track", "lit": null, "location": null, "name": "Pista Colegio Piamarta", "name_en": null, "name_es": null, "opening_hours": null, "operator": null, "phone": null, "protect_class": null, "source_transform": null, "sport": null, "surface": null, "type": null, "website": null, "wheelchair": null, "zoo": null, "objectid": 16029213, "osm_id2": "187354238" }, "geometry": { "type": "Polygon", "coordinates": [ [ [ -70.724429200099493, -33.470997799318198 ], [ -70.724113000306005, -33.470785899773198 ], [ -70.723667099955094, -33.471249099457502 ], [ -70.723983299748596, -33.4714608997064 ], [ -70.724429200099493, -33.470997799318198 ] ] ] } },
{ "type": "Feature", "properties": { "access": null, "area": null, "barrier": null, "boundary": null, "building": null, "description": null, "ele": null, "golf": null, "landuse": null, "leisure": "park", "lit": null, "location": null, "name": "Parque Ortuzano", "name_en": null, "name_es": null, "opening_hours": null, "operator": null, "phone": null, "protect_class": null, "source_transform": null, "sport": null, "surface": null, "type": null, "website": null, "wheelchair": null, "zoo": null, "objectid": 16029222, "osm_id2": "823666025" }, "geometry": { "type": "Polygon", "coordinates": [ [ [ -70.730950200104303, -33.470137399869898 ], [ -70.729230900109002, -33.470600499610498 ], [ -70.727978300056606, -33.4710099993749 ], [ -70.727162900171507, -33.4713365999716 ], [ -70.727428499661698, -33.471529099292901 ], [ -70.730947499768504, -33.470499899758799 ], [ -70.730950200104303, -33.470137399869898 ] ] ] } },
{ "type": "Feature", "properties": { "access": null, "area": null, "barrier": null, "boundary": null, "building": null, "description": null, "ele": null, "golf": null, "landuse": null, "leisure": "park", "lit": null, "location": null, "name": "Parque Avenida 5 de Abril", "name_en": null, "name_es": null, "opening_hours": null, "operator": null, "phone": null, "protect_class": null, "source_transform": null, "sport": null, "surface": null, "type": null, "website": null, "wheelchair": null, "zoo": null, "objectid": 16029229, "osm_id2": "554297902" }, "geometry": { "type": "Polygon", "coordinates": [ [ [ -70.7221109, -33.4733239 ], [ -70.7219034, -33.4730534 ], [ -70.7217332, -33.4729308 ], [ -70.7211085, -33.4725414 ], [ -70.7202983, -33.4720109 ], [ -70.7202527, -33.4720214 ], [ -70.7201542, -33.4721201 ], [ -70.7201789, -33.4721792 ], [ -70.721044, -33.4727217 ], [ -70.7212701, -33.4728073 ], [ -70.7214005, -33.4728629 ], [ -70.7216232, -33.4729945 ], [ -70.7218601, -33.4731721 ], [ -70.7219188, -33.4732235 ], [ -70.7220626, -33.4733713 ], [ -70.7221109, -33.4733239 ] ] ] } },
{ "type": "Feature", "properties": { "access": null, "area": null, "barrier": null, "boundary": null, "building": null, "description": null, "ele": null, "golf": null, "landuse": null, "leisure": "park", "lit": null, "location": null, "name": "Parque Ortuzano", "name_en": null, "name_es": null, "opening_hours": "24/7", "operator": null, "phone": null, "protect_class": null, "source_transform": null, "sport": null, "surface": null, "type": null, "website": null, "wheelchair": null, "zoo": null, "objectid": 16029233, "osm_id2": "606519625" }, "geometry": { "type": "Polygon", "coordinates": [ [ [ -70.7226166, -33.4732419 ], [ -70.7227973, -33.472954 ], [ -70.7253615, -33.4721643 ], [ -70.7271098, -33.4716244 ], [ -70.726937, -33.4714184 ], [ -70.7225917, -33.4727682 ], [ -70.7220014, -33.4730217 ], [ -70.7221782, -33.473217 ], [ -70.7222554, -33.4732668 ], [ -70.7223924, -33.4732668 ], [ -70.722507, -33.4732627 ], [ -70.7226166, -33.4732419 ] ] ] } },
{ "type": "Feature", "properties": { "access": null, "area": null, "barrier": null, "boundary": null, "building": null, "description": null, "ele": null, "golf": null, "landuse": null, "leisure": "park", "lit": null, "location": null, "name": "Parque Ortuzano", "name_en": null, "name_es": null, "opening_hours": null, "operator": null, "phone": null, "protect_class": null, "source_transform": null, "sport": null, "surface": null, "type": null, "website": null, "wheelchair": null, "zoo": null, "objectid": 16029245, "osm_id2": "823666023" }, "geometry": { "type": "Polygon", "coordinates": [ [ [ -70.7335493, -33.4697033 ], [ -70.733216, -33.4695048 ], [ -70.7315698, -33.4699797 ], [ -70.731541, -33.4703058 ], [ -70.7335493, -33.4697033 ] ] ] } },
{ "type": "Feature", "properties": { "access": null, "area": null, "barrier": null, "boundary": null, "building": null, "description": null, "ele": null, "golf": null, "landuse": null, "leisure": "park", "lit": null, "location": null, "name": "Plaza Avenida Las Torres", "name_en": null, "name_es": null, "opening_hours": null, "operator": null, "phone": null, "protect_class": null, "source_transform": null, "sport": null, "surface": null, "type": null, "website": null, "wheelchair": null, "zoo": null, "objectid": 16029269, "osm_id2": "125115751" }, "geometry": { "type": "Polygon", "coordinates": [ [ [ -70.7314061, -33.4704506 ], [ -70.7310562, -33.4705529 ], [ -70.7310676, -33.472191 ], [ -70.7314074, -33.4721745 ], [ -70.7314061, -33.4704506 ] ] ] } },
{ "type": "Feature", "properties": { "access": null, "area": null, "barrier": null, "boundary": null, "building": null, "description": null, "ele": null, "golf": null, "landuse": null, "leisure": "sports_centre", "lit": null, "location": null, "name": "Polideportivo Jean André Emamuel Beausejour Coliqueo", "name_en": null, "name_es": null, "opening_hours": null, "operator": null, "phone": null, "protect_class": null, "source_transform": null, "sport": null, "surface": null, "type": null, "website": null, "wheelchair": null, "zoo": null, "objectid": 16029287, "osm_id2": "647441751" }, "geometry": { "type": "Polygon", "coordinates": [ [ [ -70.721738799722402, -33.473172599951901 ], [ -70.721560900058506, -33.473050599354998 ], [ -70.721285400235601, -33.4729183995019 ], [ -70.721124500290102, -33.472851199861999 ], [ -70.721012200099807, -33.472810499394697 ], [ -70.720490400192304, -33.473530499799097 ], [ -70.720080799863794, -33.474230099359403 ], [ -70.720327099948406, -33.474325799609403 ], [ -70.720680700200404, -33.474057299584601 ], [ -70.721265799894397, -33.473573199866003 ], [ -70.721738799722402, -33.473172599951901 ] ] ] } },
{ "type": "Feature", "properties": { "access": "yes", "area": null, "barrier": null, "boundary": null, "building": null, "description": null, "ele": null, "golf": null, "landuse": null, "leisure": "park", "lit": null, "location": null, "name": "Plaza Gente Feliz", "name_en": null, "name_es": null, "opening_hours": "24/7", "operator": "I. Municipalidad de Maipú", "phone": null, "protect_class": null, "source_transform": null, "sport": null, "surface": null, "type": null, "website": null, "wheelchair": null, "zoo": null, "objectid": 16029292, "osm_id2": "487534345" }, "geometry": { "type": "Polygon", "coordinates": [ [ [ -70.7223048, -33.4734377 ], [ -70.7223782, -33.4736067 ], [ -70.7224183, -33.4737007 ], [ -70.7224898, -33.4740311 ], [ -70.7225377, -33.4740229 ], [ -70.7227124, -33.473992 ], [ -70.7228592, -33.4739682 ], [ -70.7229152, -33.4739458 ], [ -70.7229516, -33.4738953 ], [ -70.7229631, -33.4738568 ], [ -70.7229456, -33.4738173 ], [ -70.7225672, -33.4734791 ], [ -70.7224782, -33.4733995 ], [ -70.7224153, -33.4733685 ], [ -70.7223326, -33.47336 ], [ -70.7222956, -33.4733757 ], [ -70.7222863, -33.4734078 ], [ -70.7223048, -33.4734377 ] ] ] } },
{ "type": "Feature", "properties": { "access": null, "area": null, "barrier": null, "boundary": null, "building": null, "description": null, "ele": null, "golf": null, "landuse": null, "leisure": "park", "lit": null, "location": null, "name": "Plaza B", "name_en": null, "name_es": null, "opening_hours": null, "operator": null, "phone": null, "protect_class": null, "source_transform": null, "sport": null, "surface": null, "type": null, "website": null, "wheelchair": null, "zoo": null, "objectid": 16029298, "osm_id2": "434825308" }, "geometry": { "type": "Polygon", "coordinates": [ [ [ -70.7259907, -33.4748761 ], [ -70.7256903, -33.4746512 ], [ -70.7255454, -33.4748034 ], [ -70.7258271, -33.4750181 ], [ -70.7259907, -33.4748761 ] ] ] } },
{ "type": "Feature", "properties": { "access": null, "area": null, "barrier": null, "boundary": null, "building": null, "description": null, "ele": null, "golf": null, "landuse": null, "leisure": "park", "lit": null, "location": null, "name": "Plaza Francia", "name_en": null, "name_es": null, "opening_hours": null, "operator": null, "phone": null, "protect_class": null, "source_transform": null, "sport": null, "surface": null, "type": null, "website": null, "wheelchair": null, "zoo": null, "objectid": 16029325, "osm_id2": "606519630" }, "geometry": { "type": "Polygon", "coordinates": [ [ [ -70.7306302, -33.4768848 ], [ -70.7306238, -33.4764431 ], [ -70.730455, -33.4764448 ], [ -70.7304614, -33.4768865 ], [ -70.7306302, -33.4768848 ] ] ] } },
{ "type": "Feature", "properties": { "access": null, "area": null, "barrier": null, "boundary": null, "building": null, "description": null, "ele": null, "golf": null, "landuse": null, "leisure": "park", "lit": null, "location": null, "name": "Parque Las Parcelas", "name_en": null, "name_es": null, "opening_hours": null, "operator": null, "phone": null, "protect_class": null, "source_transform": null, "sport": null, "surface": null, "type": null, "website": null, "wheelchair": null, "zoo": null, "objectid": 16029331, "osm_id2": "550738296" }, "geometry": { "type": "Polygon", "coordinates": [ [ [ -70.7386646, -33.4773884 ], [ -70.7387171, -33.4773822 ], [ -70.7388727, -33.4773708 ], [ -70.7389817, -33.477389 ], [ -70.7394312, -33.4774876 ], [ -70.7394889, -33.4775081 ], [ -70.7397119, -33.4775991 ], [ -70.7397809, -33.4776277 ], [ -70.7398434, -33.4776519 ], [ -70.7400937, -33.4776697 ], [ -70.7409947, -33.4777582 ], [ -70.7409804, -33.4777002 ], [ -70.7409804, -33.4776561 ], [ -70.7409831, -33.4776408 ], [ -70.7409387, -33.4776589 ], [ -70.7408796, -33.477673 ], [ -70.740818, -33.4776805 ], [ -70.7407446, -33.4776851 ], [ -70.7406578, -33.4776842 ], [ -70.7405947, -33.4776791 ], [ -70.7398104, -33.4775239 ], [ -70.7397188, -33.4775014 ], [ -70.7390251, -33.4773546 ], [ -70.7386616, -33.477287 ], [ -70.7380193, -33.4771578 ], [ -70.7371831, -33.4769902 ], [ -70.7362148, -33.4767901 ], [ -70.7349975, -33.4765385 ], [ -70.7348783, -33.4764945 ], [ -70.7347667, -33.4764399 ], [ -70.7345899, -33.4763371 ], [ -70.7341422, -33.4760412 ], [ -70.73395, -33.4759171 ], [ -70.7338611, -33.4760049 ], [ -70.7345713, -33.4764795 ], [ -70.7346907, -33.4765587 ], [ -70.7347794, -33.4766083 ], [ -70.734885, -33.4766459 ], [ -70.7349962, -33.4766749 ], [ -70.7354697, -33.4767704 ], [ -70.7361707, -33.476916 ], [ -70.736293, -33.4769412 ], [ -70.7364215, -33.476968 ], [ -70.7367852, -33.4770421 ], [ -70.7372823, -33.477142 ], [ -70.7382358, -33.4773311 ], [ -70.7385581, -33.477392 ], [ -70.7386646, -33.4773884 ] ] ] } },
{ "type": "Feature", "properties": { "access": null, "area": null, "barrier": null, "boundary": null, "building": null, "description": null, "ele": null, "golf": null, "landuse": null, "leisure": "park", "lit": null, "location": null, "name": "Plaza Meulín", "name_en": null, "name_es": null, "opening_hours": "24/7", "operator": "Municipalidad de Maipú", "phone": null, "protect_class": null, "source_transform": null, "sport": null, "surface": null, "type": null, "website": null, "wheelchair": null, "zoo": null, "objectid": 16029332, "osm_id2": "590651473" }, "geometry": { "type": "Polygon", "coordinates": [ [ [ -70.739535, -33.469662 ], [ -70.7398573, -33.4699493 ], [ -70.7403493, -33.4695136 ], [ -70.739535, -33.469662 ] ] ] } },
{ "type": "Feature", "properties": { "access": null, "area": null, "barrier": null, "boundary": null, "building": null, "description": null, "ele": null, "golf": null, "landuse": null, "leisure": "park", "lit": null, "location": null, "name": "Plaza Versalles", "name_en": null, "name_es": null, "opening_hours": "24/7", "operator": "I. Municipalidad de Maipú", "phone": null, "protect_class": null, "source_transform": null, "sport": null, "surface": null, "type": null, "website": null, "wheelchair": null, "zoo": null, "objectid": 16029352, "osm_id2": "621223365" }, "geometry": { "type": "Polygon", "coordinates": [ [ [ -70.7433482, -33.4720274 ], [ -70.7425825, -33.4720559 ], [ -70.7424392, -33.4721308 ], [ -70.7424249, -33.4721614 ], [ -70.7430153, -33.4729389 ], [ -70.7432326, -33.4732125 ], [ -70.7432388, -33.4732157 ], [ -70.7432838, -33.4732163 ], [ -70.743397, -33.4720572 ], [ -70.7433703, -33.4720409 ], [ -70.7433482, -33.4720274 ] ] ] } },
{ "type": "Feature", "properties": { "access": null, "area": null, "barrier": null, "boundary": null, "building": null, "description": null, "ele": null, "golf": null, "landuse": null, "leisure": "park", "lit": null, "location": null, "name": "Plaza Los Claveles", "name_en": null, "name_es": null, "opening_hours": null, "operator": null, "phone": null, "protect_class": null, "source_transform": null, "sport": null, "surface": null, "type": null, "website": null, "wheelchair": null, "zoo": null, "objectid": 16029354, "osm_id2": "301367868" }, "geometry": { "type": "Polygon", "coordinates": [ [ [ -70.7461743, -33.4718383 ], [ -70.7469139, -33.4717829 ], [ -70.7469428, -33.4717628 ], [ -70.7469005, -33.471331 ], [ -70.7468677, -33.4713114 ], [ -70.7461944, -33.4713601 ], [ -70.7461689, -33.4713769 ], [ -70.7461347, -33.471821 ], [ -70.7461743, -33.4718383 ] ] ] } },
{ "type": "Feature", "properties": { "access": null, "area": null, "barrier": null, "boundary": null, "building": null, "description": null, "ele": null, "golf": null, "landuse": null, "leisure": "park", "lit": null, "location": null, "name": "Plaza Villa La Arboleda", "name_en": null, "name_es": null, "opening_hours": null, "operator": null, "phone": null, "protect_class": null, "source_transform": null, "sport": null, "surface": null, "type": null, "website": null, "wheelchair": null, "zoo": null, "objectid": 16029545, "osm_id2": "373819955" }, "geometry": { "type": "Polygon", "coordinates": [ [ [ -70.7256259, -33.4774282 ], [ -70.7255696, -33.477431 ], [ -70.7252464, -33.4776894 ], [ -70.7252397, -33.4777353 ], [ -70.7256675, -33.4781117 ], [ -70.7257312, -33.4781095 ], [ -70.7260463, -33.4778455 ], [ -70.7260524, -33.4777929 ], [ -70.7256259, -33.4774282 ] ] ] } },
{ "type": "Feature", "properties": { "access": null, "area": null, "barrier": null, "boundary": null, "building": null, "description": null, "ele": null, "golf": null, "landuse": null, "leisure": "park", "lit": null, "location": null, "name": "Plaza Bellatrix", "name_en": null, "name_es": null, "opening_hours": null, "operator": null, "phone": null, "protect_class": null, "source_transform": null, "sport": null, "surface": null, "type": null, "website": null, "wheelchair": null, "zoo": null, "objectid": 16029578, "osm_id2": "637361064" }, "geometry": { "type": "Polygon", "coordinates": [ [ [ -70.7251593, -33.4815935 ], [ -70.7241525, -33.480658 ], [ -70.7238824, -33.4808657 ], [ -70.7238079, -33.4807695 ], [ -70.7237256, -33.480834 ], [ -70.7234652, -33.4816995 ], [ -70.7237201, -33.4817455 ], [ -70.7244837, -33.4817702 ], [ -70.724823, -33.4817049 ], [ -70.7251593, -33.4815935 ] ] ] } },
{ "type": "Feature", "properties": { "access": null, "area": null, "barrier": null, "boundary": null, "building": null, "description": null, "ele": null, "golf": null, "landuse": null, "leisure": "park", "lit": null, "location": null, "name": "Parque Autopista Central", "name_en": null, "name_es": null, "opening_hours": null, "operator": null, "phone": null, "protect_class": null, "source_transform": null, "sport": null, "surface": null, "type": null, "website": null, "wheelchair": null, "zoo": null, "objectid": 16032505, "osm_id2": "319762776" }, "geometry": { "type": "Polygon", "coordinates": [ [ [ -70.6921399, -33.4971182 ], [ -70.6924939, -33.4978725 ], [ -70.6928158, -33.4977562 ], [ -70.6916302, -33.4953193 ], [ -70.6916624, -33.495298 ], [ -70.6911528, -33.4942299 ], [ -70.6906955, -33.4932525 ], [ -70.6905828, -33.4929852 ], [ -70.6904689, -33.4925937 ], [ -70.6896508, -33.4904441 ], [ -70.6892967, -33.4895672 ], [ -70.6888784, -33.4884434 ], [ -70.6888324, -33.4883583 ], [ -70.6887812, -33.4882752 ], [ -70.6887249, -33.4881945 ], [ -70.6886656, -33.4881185 ], [ -70.6886019, -33.4880452 ], [ -70.6885339, -33.4879745 ], [ -70.688285, -33.487725 ], [ -70.6881888, -33.4876174 ], [ -70.6880438, -33.4873922 ], [ -70.6900327, -33.4925436 ], [ -70.6900433, -33.4925715 ], [ -70.6901349, -33.4929988 ], [ -70.6901539, -33.4930746 ], [ -70.6908606, -33.4945248 ], [ -70.691473, -33.4957667 ], [ -70.6921399, -33.4971182 ] ] ] } },
{ "type": "Feature", "properties": { "access": "yes", "area": null, "barrier": null, "boundary": null, "building": null, "description": null, "ele": null, "golf": null, "landuse": null, "leisure": "park", "lit": null, "location": null, "name": "Parque Bicentenario Cerrillos", "name_en": null, "name_es": null, "opening_hours": "Tu-Su 06:00-19:00", "operator": "Parquemet", "phone": null, "protect_class": null, "source_transform": null, "sport": null, "surface": null, "type": null, "website": "https://parquemet.cl/parques_urbanos/parque-cerrillos/", "wheelchair": null, "zoo": null, "objectid": 16032519, "osm_id2": "126118090" }, "geometry": { "type": "Polygon", "coordinates": [ [ [ -70.6915587, -33.4847438 ], [ -70.6914351, -33.484716 ], [ -70.691117, -33.484638 ], [ -70.690916, -33.4845874 ], [ -70.6906866, -33.4845304 ], [ -70.690558, -33.4845017 ], [ -70.6904184, -33.484473 ], [ -70.6902594, -33.4844619 ], [ -70.6900745, -33.4844542 ], [ -70.6897787, -33.4844699 ], [ -70.6897536, -33.4845177 ], [ -70.6899828, -33.4847869 ], [ -70.6899995, -33.4847806 ], [ -70.6902392, -33.4850606 ], [ -70.6900786, -33.4851458 ], [ -70.6915417, -33.486853 ], [ -70.6917713, -33.4871142 ], [ -70.6919221, -33.4872859 ], [ -70.6919571, -33.4873256 ], [ -70.6920447, -33.4874253 ], [ -70.6922914, -33.4877061 ], [ -70.6924056, -33.4878336 ], [ -70.6933215, -33.4888882 ], [ -70.6936731, -33.4892919 ], [ -70.6948127, -33.4906186 ], [ -70.6950609, -33.4909017 ], [ -70.6958525, -33.4918047 ], [ -70.6962908, -33.4923112 ], [ -70.6972987, -33.4934659 ], [ -70.6974856, -33.4936869 ], [ -70.69891, -33.4953386 ], [ -70.6994726, -33.4959898 ], [ -70.6994896, -33.4960086 ], [ -70.6995418, -33.4960746 ], [ -70.6996098, -33.4961544 ], [ -70.70056, -33.4972556 ], [ -70.7006935, -33.4974098 ], [ -70.700792, -33.4975235 ], [ -70.7012983, -33.4981029 ], [ -70.7013278, -33.4981351 ], [ -70.7016023, -33.4984558 ], [ -70.7027263, -33.4997538 ], [ -70.7028222, -33.4998543 ], [ -70.7032835, -33.5003938 ], [ -70.7055707, -33.5030343 ], [ -70.705738, -33.502966 ], [ -70.7060943, -33.502822 ], [ -70.7062489, -33.502829 ], [ -70.7062591, -33.5027741 ], [ -70.7065108, -33.5026797 ], [ -70.7064821, -33.502636 ], [ -70.7065947, -33.5025697 ], [ -70.7067094, -33.5024986 ], [ -70.7066726, -33.5024016 ], [ -70.7061948, -33.5013243 ], [ -70.70614, -33.5011707 ], [ -70.7059375, -33.5007268 ], [ -70.7058918, -33.5006268 ], [ -70.70572, -33.5002128 ], [ -70.7058059, -33.5001708 ], [ -70.7058368, -33.500146 ], [ -70.7059777, -33.5000942 ], [ -70.7056944, -33.4994102 ], [ -70.7054476, -33.4988544 ], [ -70.7054111, -33.4987662 ], [ -70.7051325, -33.4980928 ], [ -70.7049219, -33.4976589 ], [ -70.7047865, -33.4974218 ], [ -70.7046846, -33.4972775 ], [ -70.7044257, -33.4969777 ], [ -70.7042243, -33.4967444 ], [ -70.7034615, -33.4958824 ], [ -70.7027879, -33.4950869 ], [ -70.7023101, -33.4944964 ], [ -70.7022254, -33.4943916 ], [ -70.7021978, -33.4943594 ], [ -70.7005185, -33.4924242 ], [ -70.7001679, -33.4920246 ], [ -70.6999485, -33.4917959 ], [ -70.6997496, -33.491529 ], [ -70.6995001, -33.4912391 ], [ -70.6986151, -33.4902153 ], [ -70.6980137, -33.4895612 ], [ -70.6975622, -33.4892468 ], [ -70.6973038, -33.489425 ], [ -70.6969799, -33.48915 ], [ -70.6966245, -33.4889017 ], [ -70.6965695, -33.4889565 ], [ -70.6963991, -33.4888659 ], [ -70.6956869, -33.4884329 ], [ -70.695598, -33.4883768 ], [ -70.6953184, -33.4882001 ], [ -70.695214, -33.4881342 ], [ -70.6950419, -33.4880336 ], [ -70.6949933, -33.4880074 ], [ -70.6948343, -33.4879231 ], [ -70.69476, -33.4878846 ], [ -70.6946382, -33.4878089 ], [ -70.6945109, -33.487738 ], [ -70.6943355, -33.4876304 ], [ -70.6943154, -33.4876176 ], [ -70.6942595, -33.4875858 ], [ -70.6942328, -33.4875701 ], [ -70.6940807, -33.4874781 ], [ -70.6939278, -33.4873869 ], [ -70.6934579, -33.4870974 ], [ -70.6933493, -33.4870479 ], [ -70.6933301, -33.4870051 ], [ -70.6932927, -33.4869752 ], [ -70.6930183, -33.4867562 ], [ -70.6926468, -33.4863577 ], [ -70.692529, -33.4862391 ], [ -70.6924207, -33.4861187 ], [ -70.6923653, -33.4860582 ], [ -70.6920608, -33.4857221 ], [ -70.691936, -33.485587 ], [ -70.6918501, -33.4854918 ], [ -70.6918135, -33.4854513 ], [ -70.691776, -33.4853957 ], [ -70.6917114, -33.4853 ], [ -70.691649, -33.4851937 ], [ -70.691617, -33.4851111 ], [ -70.6916003, -33.4850292 ], [ -70.6915758, -33.4848972 ], [ -70.6915643, -33.4848039 ], [ -70.6915587, -33.4847438 ] ] ] } },
{ "type": "Feature", "properties": { "access": null, "area": null, "barrier": null, "boundary": null, "building": null, "description": null, "ele": null, "golf": null, "landuse": null, "leisure": "garden", "lit": null, "location": null, "name": "Patio de las Rosas", "name_en": null, "name_es": null, "opening_hours": null, "operator": null, "phone": null, "protect_class": null, "source_transform": null, "sport": null, "surface": null, "type": null, "website": null, "wheelchair": null, "zoo": null, "objectid": 17266639, "osm_id2": "954788083" }, "geometry": { "type": "Polygon", "coordinates": [ [ [ -70.6829236, -33.4486185 ], [ -70.6824033, -33.4486433 ], [ -70.6824106, -33.4488216 ], [ -70.6829311, -33.4487957 ], [ -70.6829236, -33.4486185 ] ] ] } },
{ "type": "Feature", "properties": { "access": null, "area": null, "barrier": null, "boundary": null, "building": null, "description": null, "ele": null, "golf": null, "landuse": null, "leisure": "park", "lit": null, "location": null, "name": "Parque Neptuno", "name_en": null, "name_es": null, "opening_hours": null, "operator": null, "phone": null, "protect_class": null, "source_transform": "Reconocimiento cartográfico 2016 por KG.", "sport": null, "surface": null, "type": null, "website": null, "wheelchair": null, "zoo": null, "objectid": 21432989, "osm_id2": "40224208" }, "geometry": { "type": "Polygon", "coordinates": [ [ [ -70.7218712, -33.455592 ], [ -70.7224351, -33.4556294 ], [ -70.7224835, -33.455564 ], [ -70.7225155, -33.4554863 ], [ -70.7226151, -33.4552937 ], [ -70.7226461, -33.45479 ], [ -70.7228594, -33.4518479 ], [ -70.722455, -33.4518274 ], [ -70.7223175, -33.4539085 ], [ -70.722166, -33.4544595 ], [ -70.7219683, -33.4551075 ], [ -70.7218712, -33.455592 ] ] ] } },
{ "type": "Feature", "properties": { "access": "permit", "area": null, "barrier": null, "boundary": null, "building": null, "description": null, "ele": null, "golf": null, "landuse": null, "leisure": "pitch", "lit": "yes", "location": null, "name": "Handball USACH", "name_en": null, "name_es": null, "opening_hours": null, "operator": null, "phone": null, "protect_class": null, "source_transform": null, "sport": "basketball;volleyball;multi;handball", "surface": "concrete", "type": null, "website": null, "wheelchair": null, "zoo": null, "objectid": 21745051, "osm_id2": "1149554742" }, "geometry": { "type": "Polygon", "coordinates": [ [ [ -70.6904018, -33.450673 ], [ -70.6902053, -33.4506758 ], [ -70.6902121, -33.4510025 ], [ -70.6904085, -33.4509997 ], [ -70.6904018, -33.450673 ] ] ] } },
{ "type": "Feature", "properties": { "access": null, "area": null, "barrier": null, "boundary": null, "building": null, "description": null, "ele": null, "golf": null, "landuse": null, "leisure": "stadium", "lit": null, "location": null, "name": "Estadio Las Rejas", "name_en": null, "name_es": null, "opening_hours": null, "operator": "Municipalidad de Estación Central", "phone": null, "protect_class": null, "source_transform": null, "sport": "soccer", "surface": null, "type": null, "website": null, "wheelchair": null, "zoo": null, "objectid": 21749492, "osm_id2": "1149794301" }, "geometry": { "type": "Polygon", "coordinates": [ [ [ -70.7095676, -33.4653996 ], [ -70.709834, -33.4654216 ], [ -70.7098911, -33.4654502 ], [ -70.7100693, -33.46557 ], [ -70.7101104, -33.4655676 ], [ -70.7101163, -33.4655216 ], [ -70.7101275, -33.465435 ], [ -70.7101419, -33.4653237 ], [ -70.7101517, -33.4652253 ], [ -70.7101573, -33.4651651 ], [ -70.7102043, -33.4646972 ], [ -70.7102499, -33.4644086 ], [ -70.7101333, -33.4644011 ], [ -70.7094976, -33.4643601 ], [ -70.708844, -33.464318 ], [ -70.7087757, -33.4649545 ], [ -70.7087548, -33.4651491 ], [ -70.7087471, -33.4652206 ], [ -70.7087211, -33.4652678 ], [ -70.7089876, -33.4654115 ], [ -70.7090655, -33.4654536 ], [ -70.7092106, -33.4655318 ], [ -70.7094642, -33.4656726 ], [ -70.7095441, -33.4655726 ], [ -70.7095543, -33.4655296 ], [ -70.7095676, -33.4653996 ] ] ] } },
{ "type": "Feature", "properties": { "access": null, "area": null, "barrier": null, "boundary": null, "building": null, "description": null, "ele": null, "golf": null, "landuse": null, "leisure": "sports_centre", "lit": null, "location": null, "name": "Medialuna Las Condes", "name_en": null, "name_es": null, "opening_hours": null, "operator": null, "phone": null, "protect_class": null, "source_transform": null, "sport": null, "surface": null, "type": null, "website": null, "wheelchair": null, "zoo": null, "objectid": 15910093, "osm_id2": "220258825" }, "geometry": { "type": "Polygon", "coordinates": [ [ [ -70.5231662, -33.4271167 ], [ -70.5262897, -33.4270783 ], [ -70.5262455, -33.425302 ], [ -70.5260226, -33.425305 ], [ -70.5247879, -33.4253004 ], [ -70.5245568, -33.4252996 ], [ -70.5239636, -33.4261545 ], [ -70.5233944, -33.4268704 ], [ -70.5231662, -33.4271167 ] ] ] } },
{ "type": "Feature", "properties": { "access": null, "area": null, "barrier": null, "boundary": null, "building": null, "description": "Multicancha para Tenis, Futból y Basketball.", "ele": null, "golf": null, "landuse": null, "leisure": "pitch", "lit": "yes", "location": null, "name": "Multicancha Santa Zita", "name_en": null, "name_es": null, "opening_hours": null, "operator": null, "phone": null, "protect_class": null, "source_transform": null, "sport": null, "surface": "asphalt", "type": null, "website": null, "wheelchair": null, "zoo": null, "objectid": 15910144, "osm_id2": "584489916" }, "geometry": { "type": "Polygon", "coordinates": [ [ [ -70.5333891, -33.4257146 ], [ -70.5333819, -33.4253768 ], [ -70.5331517, -33.425377 ], [ -70.533157, -33.425714 ], [ -70.5333891, -33.4257146 ] ] ] } },
{ "type": "Feature", "properties": { "access": null, "area": null, "barrier": null, "boundary": null, "building": null, "description": null, "ele": null, "golf": null, "landuse": null, "leisure": "sports_centre", "lit": null, "location": null, "name": "Club Oriente de Fútbol", "name_en": null, "name_es": null, "opening_hours": null, "operator": null, "phone": null, "protect_class": null, "source_transform": null, "sport": null, "surface": null, "type": null, "website": null, "wheelchair": null, "zoo": null, "objectid": 15910191, "osm_id2": "220258824" }, "geometry": { "type": "Polygon", "coordinates": [ [ [ -70.5303921, -33.4272064 ], [ -70.5303736, -33.4302822 ], [ -70.5303706, -33.430788 ], [ -70.5310465, -33.4307701 ], [ -70.5315508, -33.4309492 ], [ -70.5319048, -33.4312447 ], [ -70.5322052, -33.4314327 ], [ -70.5327792, -33.4315737 ], [ -70.5336429, -33.4318446 ], [ -70.5364306, -33.4324077 ], [ -70.5372958, -33.431061 ], [ -70.5370524, -33.428907 ], [ -70.5364085, -33.4289267 ], [ -70.5346037, -33.428982 ], [ -70.5344683, -33.4289306 ], [ -70.5343391, -33.4288382 ], [ -70.5343302, -33.428731 ], [ -70.5343945, -33.4272275 ], [ -70.5322515, -33.4272199 ], [ -70.5303921, -33.4272064 ] ] ] } },
{ "type": "Feature", "properties": { "access": null, "area": null, "barrier": null, "boundary": null, "building": null, "description": null, "ele": null, "golf": null, "landuse": null, "leisure": "park", "lit": null, "location": null, "name": "Plaza Pica", "name_en": null, "name_es": null, "opening_hours": null, "operator": null, "phone": null, "protect_class": null, "source_transform": null, "sport": null, "surface": null, "type": null, "website": null, "wheelchair": null, "zoo": null, "objectid": 15910324, "osm_id2": "30574094" }, "geometry": { "type": "Polygon", "coordinates": [ [ [ -70.5425652995755, -33.423267899448398 ], [ -70.542555899604395, -33.423068699623201 ], [ -70.542062899684893, -33.423014399923503 ], [ -70.542071999618699, -33.423211799708803 ], [ -70.5425652995755, -33.423267899448398 ] ] ] } },
{ "type": "Feature", "properties": { "access": null, "area": null, "barrier": null, "boundary": null, "building": null, "description": null, "ele": null, "golf": null, "landuse": null, "leisure": "park", "lit": null, "location": null, "name": "Bandejon Central Manquehue", "name_en": null, "name_es": null, "opening_hours": null, "operator": null, "phone": null, "protect_class": null, "source_transform": null, "sport": null, "surface": null, "type": null, "website": null, "wheelchair": null, "zoo": null, "objectid": 15911013, "osm_id2": "176263424" }, "geometry": { "type": "Polygon", "coordinates": [ [ [ -70.5661331, -33.4124333 ], [ -70.5660642, -33.4124162 ], [ -70.5659864, -33.4126782 ], [ -70.5659239, -33.4128655 ], [ -70.5658261, -33.4131026 ], [ -70.5653749, -33.4146156 ], [ -70.5649351, -33.4161091 ], [ -70.5647503, -33.4166875 ], [ -70.5647419, -33.416707 ], [ -70.5645323, -33.4171914 ], [ -70.564448, -33.4173717 ], [ -70.5643175, -33.417709 ], [ -70.5642682, -33.4179393 ], [ -70.5642698, -33.4182571 ], [ -70.5642803, -33.4188038 ], [ -70.5642815, -33.4190438 ], [ -70.5642822, -33.4191791 ], [ -70.5642914, -33.4196609 ], [ -70.5643007, -33.4199018 ], [ -70.5643105, -33.4201565 ], [ -70.5643221, -33.420897 ], [ -70.5642833, -33.4219436 ], [ -70.5642805, -33.4220203 ], [ -70.5642454, -33.4229325 ], [ -70.5642201, -33.4236369 ], [ -70.56418, -33.4238903 ], [ -70.564133, -33.4240754 ], [ -70.5641265, -33.424087 ], [ -70.5639215, -33.4244507 ], [ -70.5638246, -33.4245938 ], [ -70.5637164, -33.4248633 ], [ -70.5636713, -33.4249692 ], [ -70.5636758, -33.4251078 ], [ -70.5636715, -33.4251579 ], [ -70.5636658, -33.4252231 ], [ -70.5636613, -33.425275 ], [ -70.5636589, -33.425303 ], [ -70.5636818, -33.4254374 ], [ -70.5637763, -33.4257892 ], [ -70.5639026, -33.4263208 ], [ -70.5641021, -33.4271277 ], [ -70.5641068, -33.427147 ], [ -70.5641931, -33.4273376 ], [ -70.5643554, -33.4279919 ], [ -70.5643688, -33.4281362 ], [ -70.564637, -33.4291861 ], [ -70.5646956, -33.429488 ], [ -70.5648405, -33.4300809 ], [ -70.5650275, -33.4308229 ], [ -70.5650734, -33.4308233 ], [ -70.5648728, -33.4300369 ], [ -70.5646624, -33.429113 ], [ -70.5644263, -33.4281978 ], [ -70.5642186, -33.4273304 ], [ -70.5641652, -33.4271535 ], [ -70.5641559, -33.4271165 ], [ -70.5639874, -33.4264814 ], [ -70.5638954, -33.4260927 ], [ -70.5638879, -33.4258683 ], [ -70.5639199, -33.4256735 ], [ -70.5639765, -33.4255112 ], [ -70.564063, -33.425323 ], [ -70.5640689, -33.4253107 ], [ -70.5642107, -33.4250165 ], [ -70.5642649, -33.4248622 ], [ -70.5642921, -33.4246631 ], [ -70.5643129, -33.4241373 ], [ -70.5643146, -33.4240941 ], [ -70.5643539, -33.4230891 ], [ -70.5644014, -33.4220109 ], [ -70.5644037, -33.4219465 ], [ -70.5644465, -33.4207271 ], [ -70.5644238, -33.4198986 ], [ -70.5644222, -33.4198415 ], [ -70.5644078, -33.4190404 ], [ -70.564392, -33.4181575 ], [ -70.5644107, -33.41785 ], [ -70.5644521, -33.4176662 ], [ -70.5645278, -33.4174641 ], [ -70.5648396, -33.4167426 ], [ -70.5648408, -33.4167392 ], [ -70.5648834, -33.4166158 ], [ -70.5654064, -33.4148907 ], [ -70.5657252, -33.4138354 ], [ -70.5659298, -33.4131874 ], [ -70.5661331, -33.4124333 ] ] ] } },
{ "type": "Feature", "properties": { "access": null, "area": null, "barrier": null, "boundary": null, "building": null, "description": null, "ele": null, "golf": null, "landuse": null, "leisure": "park", "lit": null, "location": null, "name": "Plaza Parinacota", "name_en": null, "name_es": null, "opening_hours": null, "operator": null, "phone": null, "protect_class": null, "source_transform": null, "sport": null, "surface": null, "type": null, "website": null, "wheelchair": null, "zoo": null, "objectid": 15911268, "osm_id2": "30574135" }, "geometry": { "type": "Polygon", "coordinates": [ [ [ -70.544404399795496, -33.423316299915101 ], [ -70.543898200031194, -33.423250199963498 ], [ -70.543900900366907, -33.423432099543398 ], [ -70.544387799827305, -33.423479099378298 ], [ -70.544404399795496, -33.423316299915101 ] ] ] } },
{ "type": "Feature", "properties": { "access": null, "area": null, "barrier": null, "boundary": null, "building": null, "description": null, "ele": null, "golf": null, "landuse": null, "leisure": "park", "lit": null, "location": null, "name": "Plaza Via Láctea", "name_en": null, "name_es": null, "opening_hours": null, "operator": null, "phone": null, "protect_class": null, "source_transform": null, "sport": null, "surface": null, "type": null, "website": null, "wheelchair": null, "zoo": null, "objectid": 15911270, "osm_id2": "36878582" }, "geometry": { "type": "Polygon", "coordinates": [ [ [ -70.5368039, -33.4255891 ], [ -70.5347374, -33.425643 ], [ -70.5347324, -33.425781 ], [ -70.5382623, -33.4257209 ], [ -70.5382502, -33.4255598 ], [ -70.5368039, -33.4255891 ] ] ] } },
{ "type": "Feature", "properties": { "access": null, "area": null, "barrier": null, "boundary": null, "building": null, "description": null, "ele": null, "golf": null, "landuse": null, "leisure": "park", "lit": null, "location": null, "name": "Plaza Aucanquilcha", "name_en": null, "name_es": null, "opening_hours": null, "operator": null, "phone": null, "protect_class": null, "source_transform": null, "sport": null, "surface": null, "type": null, "website": null, "wheelchair": null, "zoo": null, "objectid": 15911292, "osm_id2": "24563186" }, "geometry": { "type": "Polygon", "coordinates": [ [ [ -70.546832, -33.4236895 ], [ -70.5472842, -33.4232444 ], [ -70.5470078, -33.4230377 ], [ -70.5468756, -33.4229497 ], [ -70.546784, -33.4229239 ], [ -70.5466364, -33.4229176 ], [ -70.546386, -33.4229296 ], [ -70.546365, -33.4241428 ], [ -70.546832, -33.4236895 ] ] ] } },
{ "type": "Feature", "properties": { "access": null, "area": null, "barrier": null, "boundary": null, "building": null, "description": null, "ele": null, "golf": null, "landuse": null, "leisure": "park", "lit": null, "location": null, "name": "Plaza María Luisa Bombal", "name_en": null, "name_es": null, "opening_hours": null, "operator": null, "phone": null, "protect_class": null, "source_transform": null, "sport": null, "surface": null, "type": null, "website": null, "wheelchair": null, "zoo": null, "objectid": 15911298, "osm_id2": "712691510" }, "geometry": { "type": "Polygon", "coordinates": [ [ [ -70.5471045, -33.4237989 ], [ -70.5464478, -33.4244313 ], [ -70.5464293, -33.424512 ], [ -70.5465005, -33.4245538 ], [ -70.5475244, -33.4246725 ], [ -70.5476055, -33.4241465 ], [ -70.5471045, -33.4237989 ] ] ] } },
{ "type": "Feature", "properties": { "access": null, "area": null, "barrier": null, "boundary": null, "building": null, "description": null, "ele": null, "golf": null, "landuse": null, "leisure": "pitch", "lit": "yes", "location": null, "name": "Skatepark Las Condes 2", "name_en": null, "name_es": null, "opening_hours": null, "operator": null, "phone": null, "protect_class": null, "source_transform": "Reconocimiento cartográfico de campo 2016 por KG.;local knowledge", "sport": "skateboard", "surface": "concrete", "type": null, "website": null, "wheelchair": null, "zoo": null, "objectid": 15911337, "osm_id2": "452133014" }, "geometry": { "type": "Polygon", "coordinates": [ [ [ -70.5389140000852, -33.428445999583502 ], [ -70.538642399848897, -33.427162699294598 ], [ -70.538329900216098, -33.427173099438697 ], [ -70.538640599625097, -33.428479999720103 ], [ -70.5389140000852, -33.428445999583502 ] ] ] } },
{ "type": "Feature", "properties": { "access": null, "area": null, "barrier": null, "boundary": null, "building": null, "description": null, "ele": null, "golf": null, "landuse": null, "leisure": "sports_centre", "lit": null, "location": null, "name": "Ciudad Deportiva Universidad San Sebastián", "name_en": null, "name_es": null, "opening_hours": null, "operator": null, "phone": null, "protect_class": null, "source_transform": null, "sport": null, "surface": null, "type": null, "website": null, "wheelchair": null, "zoo": null, "objectid": 15911428, "osm_id2": "24589021" }, "geometry": { "type": "Polygon", "coordinates": [ [ [ -70.5384774, -33.4272041 ], [ -70.5364616, -33.4272113 ], [ -70.534452, -33.4272184 ], [ -70.5343945, -33.4272275 ], [ -70.5343302, -33.428731 ], [ -70.5343391, -33.4288382 ], [ -70.5344683, -33.4289306 ], [ -70.5346037, -33.428982 ], [ -70.5364085, -33.4289267 ], [ -70.5370524, -33.428907 ], [ -70.5372958, -33.431061 ], [ -70.5364306, -33.4324077 ], [ -70.5379882, -33.4329274 ], [ -70.5385289, -33.4318386 ], [ -70.538795, -33.4309289 ], [ -70.5389409, -33.430055 ], [ -70.5389997, -33.429618 ], [ -70.5389667, -33.4292313 ], [ -70.5389152, -33.4288086 ], [ -70.5384774, -33.4272041 ] ] ] } },
{ "type": "Feature", "properties": { "access": null, "area": null, "barrier": null, "boundary": null, "building": null, "description": null, "ele": null, "golf": null, "landuse": null, "leisure": "park", "lit": null, "location": null, "name": "Plaza Hermanos Neut Latour", "name_en": null, "name_es": null, "opening_hours": null, "operator": null, "phone": null, "protect_class": null, "source_transform": null, "sport": null, "surface": null, "type": null, "website": null, "wheelchair": null, "zoo": null, "objectid": 15911524, "osm_id2": "24563123" }, "geometry": { "type": "Polygon", "coordinates": [ [ [ -70.551699099889902, -33.428112799639401 ], [ -70.550694500432897, -33.427986699923899 ], [ -70.550624800150004, -33.428372899732103 ], [ -70.551629500218297, -33.428499099347803 ], [ -70.551699099889902, -33.428112799639401 ] ] ] } },
{ "type": "Feature", "properties": { "access": null, "area": null, "barrier": null, "boundary": null, "building": null, "description": null, "ele": null, "golf": null, "landuse": null, "leisure": "park", "lit": null, "location": null, "name": "Plaza Neut Latour 1", "name_en": null, "name_es": null, "opening_hours": null, "operator": null, "phone": null, "protect_class": null, "source_transform": null, "sport": null, "surface": null, "type": null, "website": null, "wheelchair": null, "zoo": null, "objectid": 15911525, "osm_id2": "23365949" }, "geometry": { "type": "Polygon", "coordinates": [ [ [ -70.554223199649897, -33.429192499353 ], [ -70.554211499991695, -33.428799699764198 ], [ -70.553526000089903, -33.428771499495497 ], [ -70.552994100423703, -33.428724299354997 ], [ -70.552938899847803, -33.429046499517902 ], [ -70.553586400114696, -33.429148799813703 ], [ -70.554223199649897, -33.429192499353 ] ] ] } },
{ "type": "Feature", "properties": { "access": null, "area": null, "barrier": null, "boundary": null, "building": null, "description": null, "ele": null, "golf": null, "landuse": null, "leisure": "park", "lit": null, "location": null, "name": "Plazoleta Isabel La Católica", "name_en": null, "name_es": null, "opening_hours": null, "operator": null, "phone": null, "protect_class": null, "source_transform": null, "sport": null, "surface": null, "type": null, "website": null, "wheelchair": null, "zoo": null, "objectid": 15911582, "osm_id2": "23365578" }, "geometry": { "type": "Polygon", "coordinates": [ [ [ -70.5590914, -33.4245878 ], [ -70.5590864, -33.4246329 ], [ -70.5590454, -33.425006 ], [ -70.559053, -33.4250536 ], [ -70.5590601, -33.4250926 ], [ -70.5598496, -33.4249921 ], [ -70.5599461, -33.4249798 ], [ -70.5605883, -33.4248981 ], [ -70.5606311, -33.4248861 ], [ -70.560643, -33.4248599 ], [ -70.5606328, -33.4248353 ], [ -70.560597, -33.4248102 ], [ -70.5598806, -33.4247044 ], [ -70.5590914, -33.4245878 ] ] ] } },
{ "type": "Feature", "properties": { "access": null, "area": null, "barrier": null, "boundary": null, "building": "yes", "description": null, "ele": null, "golf": null, "landuse": null, "leisure": "sports_centre", "lit": null, "location": null, "name": "Gimnasio Formas", "name_en": null, "name_es": null, "opening_hours": null, "operator": null, "phone": null, "protect_class": null, "source_transform": "Reconocimiento cartográfico de campo 2016 por KG.", "sport": null, "surface": null, "type": null, "website": null, "wheelchair": null, "zoo": null, "objectid": 15911655, "osm_id2": "450624514" }, "geometry": { "type": "Polygon", "coordinates": [ [ [ -70.554632499941107, -33.426756499672699 ], [ -70.554620699671602, -33.426670899711802 ], [ -70.554541300278601, -33.426678499687199 ], [ -70.554543900002997, -33.426697199357598 ], [ -70.554342699837207, -33.426716499554402 ], [ -70.554359200092406, -33.426835799611098 ], [ -70.554494700173194, -33.4268226996669 ], [ -70.554487500176194, -33.426770499297497 ], [ -70.554632499941107, -33.426756499672699 ] ] ] } },
{ "type": "Feature", "properties": { "access": null, "area": null, "barrier": null, "boundary": null, "building": null, "description": null, "ele": null, "golf": null, "landuse": null, "leisure": "park", "lit": null, "location": null, "name": "Plaza Caracas", "name_en": null, "name_es": null, "opening_hours": null, "operator": null, "phone": null, "protect_class": null, "source_transform": null, "sport": null, "surface": null, "type": null, "website": null, "wheelchair": null, "zoo": null, "objectid": 15911954, "osm_id2": "23364363" }, "geometry": { "type": "Polygon", "coordinates": [ [ [ -70.564503800035794, -33.426224099908602 ], [ -70.564316300076399, -33.425386499555898 ], [ -70.564165299565403, -33.425380299227299 ], [ -70.564109899563505, -33.425498999831703 ], [ -70.564044399802796, -33.425692299665997 ], [ -70.564021499949604, -33.425917199564701 ], [ -70.564023999961094, -33.426045399286302 ], [ -70.564073899578503, -33.426393499778797 ], [ -70.564450200257696, -33.426313299761098 ], [ -70.564503499998494, -33.4262784995639 ], [ -70.564503800035794, -33.426224099908602 ] ] ] } },
{ "type": "Feature", "properties": { "access": null, "area": null, "barrier": null, "boundary": null, "building": null, "description": null, "ele": null, "golf": null, "landuse": null, "leisure": "park", "lit": null, "location": null, "name": "Plaza La Concordia", "name_en": null, "name_es": null, "opening_hours": null, "operator": null, "phone": null, "protect_class": null, "source_transform": null, "sport": null, "surface": null, "type": null, "website": null, "wheelchair": null, "zoo": null, "objectid": 15912189, "osm_id2": "239019284" }, "geometry": { "type": "Polygon", "coordinates": [ [ [ -70.570530599971903, -33.428121299894897 ], [ -70.570528000247407, -33.428029199755102 ], [ -70.570494500273895, -33.427942599429599 ], [ -70.570437900122798, -33.427844999932198 ], [ -70.570356699607601, -33.427749999593999 ], [ -70.570286000398099, -33.427689499659799 ], [ -70.570185099828805, -33.427621299328997 ], [ -70.570073600037404, -33.427569799677002 ], [ -70.569973899617295, -33.427537299371302 ], [ -70.569859299739804, -33.427512699593102 ], [ -70.569770999838994, -33.427506599878697 ], [ -70.569653099551203, -33.427527499795701 ], [ -70.569532799863296, -33.427581599496598 ], [ -70.569464800091197, -33.427657999522502 ], [ -70.569428100318603, -33.427765499242 ], [ -70.569436999928101, -33.427915999525197 ], [ -70.569486400082198, -33.428029299467198 ], [ -70.569550999731007, -33.428128499396202 ], [ -70.569666400007307, -33.428235599685699 ], [ -70.569751599822098, -33.428293499237 ], [ -70.569843899920897, -33.428343899382199 ], [ -70.569979499714705, -33.428404099725398 ], [ -70.570122499829907, -33.428429799826802 ], [ -70.570241000192297, -33.428427899309099 ], [ -70.570335800302502, -33.4283995999577 ], [ -70.570419100180501, -33.428347599959899 ], [ -70.570476100081905, -33.428289899868197 ], [ -70.570519699814199, -33.428203199341198 ], [ -70.570530599971903, -33.428121299894897 ] ] ] } },
{ "type": "Feature", "properties": { "access": null, "area": null, "barrier": null, "boundary": null, "building": null, "description": null, "ele": null, "golf": null, "landuse": null, "leisure": "park", "lit": null, "location": null, "name": "Plaza Juan Pablo II", "name_en": null, "name_es": null, "opening_hours": null, "operator": null, "phone": null, "protect_class": null, "source_transform": null, "sport": null, "surface": null, "type": null, "website": null, "wheelchair": null, "zoo": null, "objectid": 15917562, "osm_id2": "23361892" }, "geometry": { "type": "Polygon", "coordinates": [ [ [ -70.579399799722694, -33.426637899751697 ], [ -70.579370500271295, -33.426604099820302 ], [ -70.578738099786094, -33.426472899762601 ], [ -70.578688699631897, -33.426482699457203 ], [ -70.578643599713104, -33.426592199404404 ], [ -70.578584399837595, -33.426703599768999 ], [ -70.578492999850695, -33.426826499273197 ], [ -70.578382199846899, -33.426925999716701 ], [ -70.578367000352301, -33.426962599741202 ], [ -70.578377599574296, -33.426999099287201 ], [ -70.578576400339998, -33.427181699499201 ], [ -70.578803899584003, -33.427374599734101 ], [ -70.578888999685802, -33.427377799540103 ], [ -70.579120899776399, -33.427162299692803 ], [ -70.579262600029296, -33.426967299759497 ], [ -70.579345200119704, -33.4268054994739 ], [ -70.579398300434406, -33.4266700997538 ], [ -70.579399799722694, -33.426637899751697 ] ] ] } },
{ "type": "Feature", "properties": { "access": null, "area": null, "barrier": null, "boundary": null, "building": "yes", "description": null, "ele": null, "golf": null, "landuse": null, "leisure": "sports_centre", "lit": null, "location": null, "name": "El Muro", "name_en": null, "name_es": null, "opening_hours": null, "operator": null, "phone": "+5624752851", "protect_class": null, "source_transform": "Reconocimiento cartográfico 2016 por KG", "sport": "climbing", "surface": null, "type": null, "website": "https://gimnasioelmuro.cl/", "wheelchair": null, "zoo": null, "objectid": 15918204, "osm_id2": "379436274" }, "geometry": { "type": "Polygon", "coordinates": [ [ [ -70.576288299683199, -33.427131399891799 ], [ -70.576246999638002, -33.427092999854302 ], [ -70.5761270997004, -33.427182999517001 ], [ -70.576168399745498, -33.427221299801602 ], [ -70.576288299683199, -33.427131399891799 ] ] ] } },
{ "type": "Feature", "properties": { "access": null, "area": null, "barrier": null, "boundary": null, "building": null, "description": null, "ele": null, "golf": null, "landuse": null, "leisure": "park", "lit": null, "location": null, "name": "Plaza Tarragona", "name_en": null, "name_es": null, "opening_hours": null, "operator": null, "phone": null, "protect_class": null, "source_transform": null, "sport": null, "surface": null, "type": null, "website": null, "wheelchair": null, "zoo": null, "objectid": 15918836, "osm_id2": "83861245" }, "geometry": { "type": "Polygon", "coordinates": [ [ [ -70.5852133, -33.4281208 ], [ -70.5852243, -33.4281258 ], [ -70.5852327, -33.4281273 ], [ -70.5852421, -33.4281271 ], [ -70.5852506, -33.428125 ], [ -70.58526, -33.4281202 ], [ -70.5854368, -33.4279806 ], [ -70.5854448, -33.4279722 ], [ -70.5854498, -33.4279636 ], [ -70.5854528, -33.4279524 ], [ -70.585452, -33.4279392 ], [ -70.5854488, -33.4279305 ], [ -70.5854437, -33.4279224 ], [ -70.5854357, -33.4279145 ], [ -70.5854244, -33.4279077 ], [ -70.5854027, -33.427899 ], [ -70.5853812, -33.4278931 ], [ -70.5848324, -33.4277655 ], [ -70.5848257, -33.4277649 ], [ -70.5848156, -33.4277669 ], [ -70.5848106, -33.4277711 ], [ -70.5848076, -33.4277758 ], [ -70.5848079, -33.4277845 ], [ -70.5848126, -33.4277926 ], [ -70.5852133, -33.4281208 ] ] ] } },
{ "type": "Feature", "properties": { "access": null, "area": null, "barrier": null, "boundary": null, "building": null, "description": null, "ele": null, "golf": null, "landuse": null, "leisure": "pitch", "lit": null, "location": null, "name": "Cancha Hogar Español", "name_en": null, "name_es": null, "opening_hours": null, "operator": null, "phone": null, "protect_class": null, "source_transform": null, "sport": "soccer", "surface": null, "type": null, "website": null, "wheelchair": null, "zoo": null, "objectid": 15918857, "osm_id2": "139762856" }, "geometry": { "type": "Polygon", "coordinates": [ [ [ -70.583314499627306, -33.428188199830103 ], [ -70.583081100248606, -33.427996099849501 ], [ -70.582779700199396, -33.428251099246999 ], [ -70.583013200189498, -33.428443299874203 ], [ -70.583314499627306, -33.428188199830103 ] ] ] } },
{ "type": "Feature", "properties": { "access": null, "area": null, "barrier": null, "boundary": null, "building": null, "description": null, "ele": null, "golf": null, "landuse": null, "leisure": "park", "lit": null, "location": null, "name": "Parque Canal San Carlos", "name_en": null, "name_es": null, "opening_hours": null, "operator": null, "phone": null, "protect_class": null, "source_transform": null, "sport": null, "surface": null, "type": null, "website": null, "wheelchair": null, "zoo": null, "objectid": 15918975, "osm_id2": "84461658" }, "geometry": { "type": "Polygon", "coordinates": [ [ [ -70.5882903, -33.4281445 ], [ -70.5890339, -33.4275344 ], [ -70.5898015, -33.4269065 ], [ -70.5906675, -33.4262224 ], [ -70.5906087, -33.4262092 ], [ -70.5893932, -33.4271409 ], [ -70.588673, -33.4277219 ], [ -70.5881648, -33.4281517 ], [ -70.5872707, -33.4288733 ], [ -70.5867401, -33.4293167 ], [ -70.5862476, -33.4297555 ], [ -70.5860325, -33.4299617 ], [ -70.5857804, -33.4301983 ], [ -70.5855344, -33.4303776 ], [ -70.5856162, -33.430425 ], [ -70.5863142, -33.4298368 ], [ -70.5868766, -33.4293587 ], [ -70.5875535, -33.4287661 ], [ -70.5879367, -33.4284428 ], [ -70.5882903, -33.4281445 ] ] ] } },
{ "type": "Feature", "properties": { "access": null, "area": null, "barrier": null, "boundary": null, "building": null, "description": null, "ele": null, "golf": null, "landuse": null, "leisure": "park", "lit": null, "location": null, "name": "Parque Canal San Carlos", "name_en": null, "name_es": null, "opening_hours": null, "operator": null, "phone": null, "protect_class": null, "source_transform": null, "sport": null, "surface": null, "type": null, "website": null, "wheelchair": null, "zoo": null, "objectid": 15918976, "osm_id2": "24043988" }, "geometry": { "type": "Polygon", "coordinates": [ [ [ -70.590846999947104, -33.426392199749202 ], [ -70.590758700046294, -33.426292299837698 ], [ -70.590258200092507, -33.426664899651797 ], [ -70.589673899899097, -33.427133099512297 ], [ -70.588856500364201, -33.427827099706803 ], [ -70.588618799851801, -33.4280061992581 ], [ -70.586507800256598, -33.429767999892398 ], [ -70.585679699990095, -33.4304995993852 ], [ -70.585852299593796, -33.430626999914402 ], [ -70.586323100345993, -33.430192499744798 ], [ -70.586812300391898, -33.429769099701602 ], [ -70.587468799981295, -33.429198799869702 ], [ -70.587767399981701, -33.428931899412802 ], [ -70.588449400047097, -33.4283309998387 ], [ -70.589125899728003, -33.427785599898598 ], [ -70.590846999947104, -33.426392199749202 ] ] ] } },
{ "type": "Feature", "properties": { "access": null, "area": null, "barrier": null, "boundary": null, "building": null, "description": null, "ele": null, "golf": null, "landuse": null, "leisure": "park", "lit": null, "location": null, "name": "Plaza Augusto Errázuriz", "name_en": null, "name_es": null, "opening_hours": null, "operator": null, "phone": null, "protect_class": null, "source_transform": null, "sport": null, "surface": null, "type": null, "website": null, "wheelchair": null, "zoo": null, "objectid": 15919310, "osm_id2": "13899903" }, "geometry": { "type": "Polygon", "coordinates": [ [ [ -70.587780599826502, -33.430933799640997 ], [ -70.587676300032101, -33.430880199823598 ], [ -70.587681200342004, -33.430925599536799 ], [ -70.587491500408504, -33.430834099875902 ], [ -70.587237199927998, -33.430657699802701 ], [ -70.586813600254104, -33.430317799330197 ], [ -70.586813000179504, -33.430253799358802 ], [ -70.586701800425402, -33.430165899780299 ], [ -70.586615999637601, -33.430165599901798 ], [ -70.585987199599998, -33.430720299802601 ], [ -70.586191199814493, -33.430855799660897 ], [ -70.586334100216604, -33.430950699889898 ], [ -70.586512899992499, -33.431068599706798 ], [ -70.586664199642499, -33.431133199577303 ], [ -70.586805400432198, -33.431167299869102 ], [ -70.586983300096094, -33.431182399323397 ], [ -70.587146700052998, -33.431179899865697 ], [ -70.587323699604994, -33.431160399745202 ], [ -70.587518899922998, -33.431135199744297 ], [ -70.587675499633207, -33.431126099284 ], [ -70.587713999629599, -33.431067399455699 ], [ -70.587780599826502, -33.430933799640997 ] ] ] } },
{ "type": "Feature", "properties": { "access": null, "area": null, "barrier": null, "boundary": null, "building": null, "description": null, "ele": null, "golf": null, "landuse": null, "leisure": "park", "lit": null, "location": null, "name": "Plaza Loreto Cousiño", "name_en": null, "name_es": null, "opening_hours": null, "operator": null, "phone": null, "protect_class": null, "source_transform": null, "sport": null, "surface": null, "type": null, "website": null, "wheelchair": null, "zoo": null, "objectid": 15920039, "osm_id2": "13916878" }, "geometry": { "type": "Polygon", "coordinates": [ [ [ -70.5948891, -33.4281737 ], [ -70.5952263, -33.4273167 ], [ -70.5955587, -33.4264791 ], [ -70.5955386, -33.4264269 ], [ -70.5947853, -33.4262119 ], [ -70.5947146, -33.4262353 ], [ -70.5945586, -33.4265989 ], [ -70.5944063, -33.4270388 ], [ -70.5942512, -33.4274569 ], [ -70.5940601, -33.4279792 ], [ -70.5941074, -33.4279909 ], [ -70.5948387, -33.4281685 ], [ -70.5948891, -33.4281737 ] ] ] } },
{ "type": "Feature", "properties": { "access": null, "area": null, "barrier": null, "boundary": null, "building": null, "description": null, "ele": null, "golf": null, "landuse": null, "leisure": "park", "lit": null, "location": null, "name": "Plaza Pérez Zujovic", "name_en": null, "name_es": null, "opening_hours": null, "operator": null, "phone": null, "protect_class": null, "source_transform": null, "sport": null, "surface": null, "type": null, "website": null, "wheelchair": null, "zoo": null, "objectid": 15920064, "osm_id2": "37021077" }, "geometry": { "type": "Polygon", "coordinates": [ [ [ -70.593282000305706, -33.4287414999175 ], [ -70.593275999559594, -33.428722799937802 ], [ -70.5930273997879, -33.428639799658797 ], [ -70.592796699846502, -33.428530599929601 ], [ -70.5927687999705, -33.428563699631297 ], [ -70.592788500024596, -33.428640599598701 ], [ -70.592795000234005, -33.428716999442202 ], [ -70.592779499803797, -33.4288086992578 ], [ -70.592799400182301, -33.428826499569702 ], [ -70.592895899905002, -33.428793399218499 ], [ -70.593052300189299, -33.4287650992366 ], [ -70.593262099927202, -33.4287538993445 ], [ -70.593282000305706, -33.4287414999175 ] ] ] } },
{ "type": "Feature", "properties": { "access": null, "area": null, "barrier": null, "boundary": null, "building": null, "description": null, "ele": null, "golf": null, "landuse": null, "leisure": "park", "lit": null, "location": null, "name": "Plaza Las Lilas", "name_en": null, "name_es": null, "opening_hours": null, "operator": null, "phone": null, "protect_class": null, "source_transform": null, "sport": null, "surface": null, "type": null, "website": null, "wheelchair": null, "zoo": null, "objectid": 15920072, "osm_id2": "-8128295" }, "geometry": { "type": "Polygon", "coordinates": [ [ [ -70.594848099815906, -33.428390299787402 ], [ -70.594840100318294, -33.428357799788898 ], [ -70.594821300375997, -33.428334299321101 ], [ -70.594790400126897, -33.4283236998928 ], [ -70.594021300309805, -33.428149699798603 ], [ -70.594005899592602, -33.428153599808397 ], [ -70.593991099848296, -33.4281636999483 ], [ -70.593981099802605, -33.428173699625503 ], [ -70.593792600018304, -33.428663999522499 ], [ -70.593797999791505, -33.428706499771899 ], [ -70.593809400310704, -33.428730599905798 ], [ -70.593842300209701, -33.428748499944902 ], [ -70.594214400366695, -33.428838599851296 ], [ -70.594536999758205, -33.4289241999236 ], [ -70.594587300024301, -33.428933099693303 ], [ -70.594617399874494, -33.428923099353902 ], [ -70.594640200014695, -33.428905199350801 ], [ -70.594728100165298, -33.428694699355503 ], [ -70.594848099815906, -33.428390299787402 ] ] ] } },
{ "type": "Feature", "properties": { "access": null, "area": null, "barrier": null, "boundary": null, "building": null, "description": null, "ele": null, "golf": null, "landuse": null, "leisure": "sports_centre", "lit": null, "location": null, "name": "GoKarts", "name_en": null, "name_es": null, "opening_hours": null, "operator": null, "phone": null, "protect_class": null, "source_transform": null, "sport": null, "surface": null, "type": null, "website": null, "wheelchair": null, "zoo": null, "objectid": 15922255, "osm_id2": "116018638" }, "geometry": { "type": "Polygon", "coordinates": [ [ [ -70.530542200202206, -33.431069699499503 ], [ -70.530375899585195, -33.431092099434302 ], [ -70.530182800426701, -33.431096499353799 ], [ -70.530000400203207, -33.431056199860699 ], [ -70.529807300146302, -33.430989099720001 ], [ -70.529694699918707, -33.4309129995032 ], [ -70.529587399751307, -33.430854799574199 ], [ -70.5294424996994, -33.430774199595099 ], [ -70.529281599753901, -33.430720499220499 ], [ -70.529152899919794, -33.430680199552803 ], [ -70.528965099923099, -33.430630899812897 ], [ -70.528782699699605, -33.430586199408701 ], [ -70.528713000314994, -33.4305816997542 ], [ -70.528562800202906, -33.431530799330197 ], [ -70.530247199751102, -33.431709899485803 ], [ -70.530172099694994, -33.432435099864001 ], [ -70.530445699581094, -33.432466499310401 ], [ -70.530542200202206, -33.431069699499503 ] ] ] } },
{ "type": "Feature", "properties": { "access": null, "area": null, "barrier": null, "boundary": null, "building": null, "description": null, "ele": null, "golf": null, "landuse": null, "leisure": "sports_centre", "lit": null, "location": null, "name": "Club de Bicicross La Reina", "name_en": null, "name_es": null, "opening_hours": null, "operator": null, "phone": null, "protect_class": null, "source_transform": null, "sport": null, "surface": null, "type": null, "website": null, "wheelchair": null, "zoo": null, "objectid": 15922269, "osm_id2": "220259106" }, "geometry": { "type": "Polygon", "coordinates": [ [ [ -70.532130100027601, -33.431687599418296 ], [ -70.531593699801803, -33.431472799231599 ], [ -70.531459600194495, -33.431374299582799 ], [ -70.531293299577499, -33.432571999687603 ], [ -70.532044300138196, -33.4326525994965 ], [ -70.532130100027601, -33.431687599418296 ] ] ] } },
{ "type": "Feature", "properties": { "access": null, "area": null, "barrier": null, "boundary": null, "building": null, "description": null, "ele": null, "golf": null, "landuse": null, "leisure": "park", "lit": null, "location": null, "name": "Plaza La Reina", "name_en": null, "name_es": null, "opening_hours": null, "operator": null, "phone": null, "protect_class": null, "source_transform": null, "sport": null, "surface": null, "type": null, "website": null, "wheelchair": null, "zoo": null, "objectid": 15922384, "osm_id2": "39662177" }, "geometry": { "type": "Polygon", "coordinates": [ [ [ -70.5334855, -33.4405156 ], [ -70.5331507, -33.4400079 ], [ -70.5326365, -33.4397999 ], [ -70.5325496, -33.4399052 ], [ -70.5325641, -33.4403829 ], [ -70.53265, -33.4407934 ], [ -70.5334107, -33.4405578 ], [ -70.5334855, -33.4405156 ] ] ] } },
{ "type": "Feature", "properties": { "access": null, "area": null, "barrier": null, "boundary": null, "building": null, "description": null, "ele": null, "golf": null, "landuse": null, "leisure": "park", "lit": null, "location": null, "name": "Paseo Las Perdices", "name_en": null, "name_es": null, "opening_hours": null, "operator": null, "phone": null, "protect_class": null, "source_transform": null, "sport": null, "surface": null, "type": null, "website": null, "wheelchair": null, "zoo": null, "objectid": 15922441, "osm_id2": "461789131" }, "geometry": { "type": "Polygon", "coordinates": [ [ [ -70.534407899703098, -33.441892999895899 ], [ -70.534074100116598, -33.441344599834203 ], [ -70.534003499721706, -33.441559799857799 ], [ -70.533907600073604, -33.441712399826201 ], [ -70.533807299578797, -33.441843199799699 ], [ -70.533665300186996, -33.4420103998591 ], [ -70.533528999707201, -33.442120199541797 ], [ -70.533468199932102, -33.442173299934403 ], [ -70.533323599917495, -33.442258399619199 ], [ -70.533305499762804, -33.442296599552002 ], [ -70.533203499655599, -33.442359999964303 ], [ -70.533076399720997, -33.442450599957702 ], [ -70.532692800229995, -33.442819999376603 ], [ -70.532478599645501, -33.443070599380299 ], [ -70.532291600047699, -33.443316899804501 ], [ -70.532069300252601, -33.443636799298098 ], [ -70.531951700002097, -33.443848599546897 ], [ -70.531863400101201, -33.444060299584997 ], [ -70.531752600097505, -33.444245799233002 ], [ -70.531615400404107, -33.444435399397499 ], [ -70.531537200261994, -33.444545599280602 ], [ -70.531474900300395, -33.4447036995928 ], [ -70.531442300438798, -33.444824099277398 ], [ -70.531320199628695, -33.444998299803999 ], [ -70.531239600086494, -33.445146099495403 ], [ -70.531212799748303, -33.445316199253497 ], [ -70.531231499977594, -33.4454705998129 ], [ -70.531295699875997, -33.445454699312201 ], [ -70.531533200064104, -33.445186999593702 ], [ -70.531765499905006, -33.444906199585901 ], [ -70.532028499670702, -33.4443827996053 ], [ -70.532583999876096, -33.443274599353202 ], [ -70.533064099988096, -33.442711599310499 ], [ -70.533783799651005, -33.442063799406696 ], [ -70.534407899703098, -33.441892999895899 ] ] ] } },
{ "type": "Feature", "properties": { "access": null, "area": null, "barrier": null, "boundary": null, "building": null, "description": null, "ele": null, "golf": null, "landuse": null, "leisure": "pitch", "lit": null, "location": null, "name": "Medialuna Parque Padre Hurtado", "name_en": null, "name_es": null, "opening_hours": null, "operator": null, "phone": null, "protect_class": null, "source_transform": null, "sport": "rodeo", "surface": null, "type": null, "website": null, "wheelchair": null, "zoo": null, "objectid": 15922501, "osm_id2": "123675911" }, "geometry": { "type": "Polygon", "coordinates": [ [ [ -70.542417100011505, -33.431383799599502 ], [ -70.542413900212495, -33.431332299930702 ], [ -70.542390800034994, -33.4312844999342 ], [ -70.542350400101697, -33.431245599443997 ], [ -70.542296900036604, -33.431219599551802 ], [ -70.542236199974596, -33.4312095994758 ], [ -70.542174800124897, -33.431216499595898 ], [ -70.542119600447293, -33.431239799866603 ], [ -70.542076299854003, -33.431276699446101 ], [ -70.5420499001644, -33.431323399657302 ], [ -70.5420430002047, -33.4313747996232 ], [ -70.542056599799807, -33.431425199478497 ], [ -70.542089000235507, -33.431469199244901 ], [ -70.542136699878796, -33.431501899743502 ], [ -70.542194500179093, -33.431519999376803 ], [ -70.542256200066106, -33.4315213997874 ], [ -70.5423150999043, -33.431506099476501 ], [ -70.542364899808703, -33.431475599304498 ], [ -70.542400200006099, -33.431433299827297 ], [ -70.542417100011505, -33.431383799599502 ] ] ] } },
{ "type": "Feature", "properties": { "access": null, "area": null, "barrier": null, "boundary": null, "building": null, "description": null, "ele": null, "golf": null, "landuse": null, "leisure": "pitch", "lit": null, "location": null, "name": "Medialuna Parque Padre Hurtado", "name_en": null, "name_es": null, "opening_hours": null, "operator": null, "phone": null, "protect_class": null, "source_transform": null, "sport": "rodeo", "surface": null, "type": null, "website": null, "wheelchair": null, "zoo": null, "objectid": 15922503, "osm_id2": "123675907" }, "geometry": { "type": "Polygon", "coordinates": [ [ [ -70.543076399649706, -33.431450199229197 ], [ -70.543029200368096, -33.431354699797701 ], [ -70.542962600171194, -33.431300699907702 ], [ -70.542902100433395, -33.431275099615 ], [ -70.542810599835207, -33.431262099299403 ], [ -70.542714799900097, -33.431277499361599 ], [ -70.542635500220101, -33.431317799501699 ], [ -70.542562200387806, -33.431406499327302 ], [ -70.5425450003451, -33.431490999328801 ], [ -70.542584100416093, -33.431601499783199 ], [ -70.542673700179193, -33.431675999572597 ], [ -70.542781499809905, -33.431706899255097 ], [ -70.542874199658996, -33.431702299950899 ], [ -70.5429536996634, -33.431674599914302 ], [ -70.543041999564196, -33.431599499626998 ], [ -70.543075000074495, -33.431526999929901 ], [ -70.543075699862101, -33.431486099389502 ], [ -70.543076399649706, -33.431450199229197 ] ] ] } },
{ "type": "Feature", "properties": { "access": "private", "area": null, "barrier": null, "boundary": null, "building": null, "description": null, "ele": null, "golf": null, "landuse": null, "leisure": "sports_centre", "lit": null, "location": null, "name": "Piscina Temperada AquaFitness", "name_en": null, "name_es": null, "opening_hours": null, "operator": null, "phone": null, "protect_class": null, "source_transform": null, "sport": "swimming", "surface": null, "type": null, "website": null, "wheelchair": null, "zoo": null, "objectid": 15922518, "osm_id2": "388044597" }, "geometry": { "type": "Polygon", "coordinates": [ [ [ -70.5405697, -33.4343001 ], [ -70.5404234, -33.433794 ], [ -70.5398991, -33.433727 ], [ -70.5397945, -33.4341792 ], [ -70.5398535, -33.4343896 ], [ -70.5405697, -33.4343001 ] ] ] } },
{ "type": "Feature", "properties": { "access": null, "area": null, "barrier": null, "boundary": null, "building": null, "description": null, "ele": null, "golf": null, "landuse": null, "leisure": "sports_centre", "lit": null, "location": null, "name": "X Gym", "name_en": null, "name_es": null, "opening_hours": null, "operator": null, "phone": null, "protect_class": null, "source_transform": null, "sport": "fitness", "surface": null, "type": null, "website": null, "wheelchair": null, "zoo": null, "objectid": 15922524, "osm_id2": "388044603" }, "geometry": { "type": "Polygon", "coordinates": [ [ [ -70.5410659, -33.4349895 ], [ -70.5415889, -33.434891 ], [ -70.5414011, -33.433926 ], [ -70.5406112, -33.4338186 ], [ -70.5406823, -33.4343157 ], [ -70.5409264, -33.4342867 ], [ -70.5410659, -33.4349895 ] ] ] } },
{ "type": "Feature", "properties": { "access": "yes", "area": null, "barrier": "fence", "boundary": null, "building": null, "description": null, "ele": null, "golf": null, "landuse": null, "leisure": "park", "lit": null, "location": null, "name": "Parque Intercomunal Padre Hurtado", "name_en": null, "name_es": null, "opening_hours": null, "operator": "Junta de Alcaldes de Providencia, Las Condes y La Reina", "phone": null, "protect_class": null, "source_transform": null, "sport": null, "surface": null, "type": null, "website": null, "wheelchair": null, "zoo": null, "objectid": 15922531, "osm_id2": "220750456" }, "geometry": { "type": "Polygon", "coordinates": [ [ [ -70.5393567, -33.4290903 ], [ -70.5393586, -33.4292685 ], [ -70.5393562, -33.4295785 ], [ -70.5393413, -33.4299127 ], [ -70.5393066, -33.4303804 ], [ -70.5391745, -33.4310589 ], [ -70.539165, -33.4311048 ], [ -70.539129, -33.4312787 ], [ -70.5408663, -33.431654 ], [ -70.5419418, -33.4318531 ], [ -70.5423899, -33.4320347 ], [ -70.5429557, -33.432153 ], [ -70.5431352, -33.43212 ], [ -70.5437216, -33.4321724 ], [ -70.5456675, -33.4323841 ], [ -70.5457399, -33.4324558 ], [ -70.5455335, -33.4337978 ], [ -70.5467413, -33.4340704 ], [ -70.5499949, -33.4344942 ], [ -70.5499528, -33.4340677 ], [ -70.5500598, -33.4338 ], [ -70.5502202, -33.4335013 ], [ -70.5504139, -33.433243 ], [ -70.5506457, -33.4330049 ], [ -70.5506868, -33.4329627 ], [ -70.5509401, -33.432703 ], [ -70.55114, -33.432418 ], [ -70.5513403, -33.4321055 ], [ -70.5514202, -33.4319254 ], [ -70.5514881, -33.4316589 ], [ -70.5514071, -33.4304144 ], [ -70.550567, -33.4303201 ], [ -70.5482095, -33.4300518 ], [ -70.5474407, -33.4300649 ], [ -70.5426855, -33.429424 ], [ -70.5413878, -33.429275 ], [ -70.5400174, -33.4291474 ], [ -70.5398664, -33.4291309 ], [ -70.5394517, -33.4290857 ], [ -70.5393567, -33.4290903 ] ] ] } },
{ "type": "Feature", "properties": { "access": null, "area": null, "barrier": null, "boundary": null, "building": null, "description": null, "ele": null, "golf": null, "landuse": null, "leisure": "pitch", "lit": null, "location": null, "name": "Medialuna Parque La Quintrala", "name_en": null, "name_es": null, "opening_hours": null, "operator": null, "phone": null, "protect_class": null, "source_transform": null, "sport": "rodeo", "surface": null, "type": null, "website": null, "wheelchair": null, "zoo": null, "objectid": 15922743, "osm_id2": "220749441" }, "geometry": { "type": "Polygon", "coordinates": [ [ [ -70.553572300157995, -33.437473799465998 ], [ -70.553568800321699, -33.437421699956303 ], [ -70.553554599753696, -33.437370799829502 ], [ -70.553530100000899, -33.4373226995571 ], [ -70.553495999952702, -33.4372788999124 ], [ -70.553453400045299, -33.437240599568199 ], [ -70.553396300430904, -33.437205199546298 ], [ -70.553331999921198, -33.437179899350298 ], [ -70.553263000324193, -33.437165499599899 ], [ -70.553192000179095, -33.437162699710598 ], [ -70.553121600108597, -33.4371714996836 ], [ -70.553054699874394, -33.437191499959603 ], [ -70.552993800386403, -33.437222099323499 ], [ -70.552941200433196, -33.4372620998477 ], [ -70.552899000276099, -33.437309799848897 ], [ -70.552868700101598, -33.437363499894303 ], [ -70.552851599771898, -33.4374210994999 ], [ -70.552848300259797, -33.437480399234701 ], [ -70.552859000093207, -33.437538999521998 ], [ -70.552883199808605, -33.437594799894399 ], [ -70.552919899581198, -33.437645599439101 ], [ -70.552967900160098, -33.437689399648399 ], [ -70.553025100385796, -33.437724599321299 ], [ -70.553081500212599, -33.437747299639497 ], [ -70.553141799626104, -33.437761599592498 ], [ -70.553203999874697, -33.437766999930602 ], [ -70.553266500160603, -33.437763299754501 ], [ -70.553327299935603, -33.437750799664897 ], [ -70.553384599874306, -33.437729699809402 ], [ -70.553436599752899, -33.437700599886597 ], [ -70.553481999709007, -33.437664599597603 ], [ -70.553519100130302, -33.437622499540602 ], [ -70.553547099719296, -33.437575799720598 ], [ -70.553565000448003, -33.437525699542199 ], [ -70.553572300157995, -33.437473799465998 ] ] ] } },
{ "type": "Feature", "properties": { "access": null, "area": null, "barrier": null, "boundary": null, "building": null, "description": null, "ele": null, "golf": null, "landuse": null, "leisure": "pitch", "lit": null, "location": null, "name": "Cancha Hockey PWCC", "name_en": null, "name_es": null, "opening_hours": null, "operator": null, "phone": null, "protect_class": null, "source_transform": null, "sport": "hockey", "surface": null, "type": null, "website": null, "wheelchair": null, "zoo": null, "objectid": 15922919, "osm_id2": "95586961" }, "geometry": { "type": "Polygon", "coordinates": [ [ [ -70.571494699782605, -33.432528899341499 ], [ -70.571348899618698, -33.431598499548798 ], [ -70.570663200290994, -33.431673299963698 ], [ -70.570808899843499, -33.432603599247699 ], [ -70.571494699782605, -33.432528899341499 ] ] ] } },
{ "type": "Feature", "properties": { "access": null, "area": null, "barrier": null, "boundary": null, "building": null, "description": null, "ele": null, "golf": null, "landuse": null, "leisure": "sports_centre", "lit": null, "location": null, "name": "Prince of Wales Country Club", "name_en": null, "name_es": null, "opening_hours": null, "operator": null, "phone": null, "protect_class": null, "source_transform": null, "sport": "golf", "surface": null, "type": null, "website": null, "wheelchair": null, "zoo": null, "objectid": 15922934, "osm_id2": "177400882" }, "geometry": { "type": "Polygon", "coordinates": [ [ [ -70.5720165, -33.4344377 ], [ -70.5652772, -33.4314781 ], [ -70.5601513, -33.430877 ], [ -70.5604732, -33.4326239 ], [ -70.5608262, -33.434335 ], [ -70.5610666, -33.4354747 ], [ -70.5610617, -33.4358015 ], [ -70.5610614, -33.435807 ], [ -70.5611729, -33.4364516 ], [ -70.5613539, -33.4366189 ], [ -70.5620868, -33.4365649 ], [ -70.5655769, -33.4360593 ], [ -70.5656468, -33.4360542 ], [ -70.565753, -33.4360381 ], [ -70.5668901, -33.4358655 ], [ -70.5694913, -33.4355295 ], [ -70.569574, -33.4359838 ], [ -70.5713264, -33.4357498 ], [ -70.5714545, -33.4363638 ], [ -70.5722801, -33.4362642 ], [ -70.5720165, -33.4344377 ] ] ] } },
{ "type": "Feature", "properties": { "access": null, "area": null, "barrier": null, "boundary": null, "building": null, "description": null, "ele": null, "golf": null, "landuse": null, "leisure": "pitch", "lit": null, "location": null, "name": "Cancha Rugby PWCC", "name_en": null, "name_es": null, "opening_hours": null, "operator": null, "phone": null, "protect_class": null, "source_transform": null, "sport": "rugby_league", "surface": null, "type": null, "website": null, "wheelchair": null, "zoo": null, "objectid": 15922959, "osm_id2": "95586960" }, "geometry": { "type": "Polygon", "coordinates": [ [ [ -70.5704208, -33.433969 ], [ -70.5711693, -33.4338857 ], [ -70.5710197, -33.4329506 ], [ -70.5702714, -33.4330339 ], [ -70.5704208, -33.433969 ] ] ] } },
{ "type": "Feature", "properties": { "access": null, "area": null, "barrier": null, "boundary": null, "building": null, "description": null, "ele": null, "golf": null, "landuse": null, "leisure": "park", "lit": null, "location": null, "name": "Plaza Nueva Delhi", "name_en": null, "name_es": null, "opening_hours": null, "operator": null, "phone": null, "protect_class": null, "source_transform": null, "sport": null, "surface": null, "type": null, "website": null, "wheelchair": null, "zoo": null, "objectid": 15922968, "osm_id2": "23365817" }, "geometry": { "type": "Polygon", "coordinates": [ [ [ -70.558158499720705, -33.436251799851497 ], [ -70.557826900108296, -33.434524699844197 ], [ -70.557750800227396, -33.4345008996833 ], [ -70.557617999583996, -33.434513199332599 ], [ -70.557563900342601, -33.434559999755798 ], [ -70.557729900023901, -33.436265099277001 ], [ -70.557747899567303, -33.436300899242198 ], [ -70.557786599888104, -33.4363172999333 ], [ -70.5581048002297, -33.436322299302297 ], [ -70.558153499697895, -33.436300999694403 ], [ -70.558158499720705, -33.436251799851497 ] ] ] } },
{ "type": "Feature", "properties": { "access": null, "area": null, "barrier": null, "boundary": null, "building": null, "description": null, "ele": null, "golf": null, "landuse": null, "leisure": "park", "lit": null, "location": null, "name": "Plaza Chile-Perú", "name_en": null, "name_es": null, "opening_hours": null, "operator": null, "phone": null, "protect_class": null, "source_transform": null, "sport": null, "surface": null, "type": null, "website": null, "wheelchair": null, "zoo": null, "objectid": 15922994, "osm_id2": "198764947" }, "geometry": { "type": "Polygon", "coordinates": [ [ [ -70.5560658, -33.4379135 ], [ -70.5561672, -33.4390073 ], [ -70.5561747, -33.4390418 ], [ -70.5562066, -33.4390655 ], [ -70.5563648, -33.4389709 ], [ -70.5564952, -33.4388996 ], [ -70.556504, -33.4388703 ], [ -70.5564044, -33.4378695 ], [ -70.5563859, -33.4375774 ], [ -70.5563703, -33.4374186 ], [ -70.5562519, -33.4363956 ], [ -70.556202, -33.4363513 ], [ -70.5559519, -33.4363468 ], [ -70.5559195, -33.436394 ], [ -70.5560122, -33.437426 ], [ -70.556027, -33.4375902 ], [ -70.5560658, -33.4379135 ] ] ] } },
{ "type": "Feature", "properties": { "access": null, "area": null, "barrier": null, "boundary": null, "building": null, "description": null, "ele": null, "golf": null, "landuse": null, "leisure": "pitch", "lit": null, "location": null, "name": "Canchas Tennis PPWCC", "name_en": null, "name_es": null, "opening_hours": null, "operator": null, "phone": null, "protect_class": null, "source_transform": null, "sport": "tennis", "surface": null, "type": null, "website": null, "wheelchair": null, "zoo": null, "objectid": 15923051, "osm_id2": "240305932" }, "geometry": { "type": "Polygon", "coordinates": [ [ [ -70.5711819, -33.4353951 ], [ -70.5695179, -33.4356273 ], [ -70.5695866, -33.4359651 ], [ -70.5712621, -33.4357496 ], [ -70.5711819, -33.4353951 ] ] ] } },
{ "type": "Feature", "properties": { "access": "private", "area": null, "barrier": null, "boundary": null, "building": null, "description": null, "ele": null, "golf": null, "landuse": null, "leisure": "swimming_pool", "lit": null, "location": null, "name": "Prince of Wales Country Club", "name_en": null, "name_es": null, "opening_hours": null, "operator": null, "phone": null, "protect_class": null, "source_transform": null, "sport": "swimming", "surface": null, "type": null, "website": null, "wheelchair": null, "zoo": null, "objectid": 15923052, "osm_id2": "240305931" }, "geometry": { "type": "Polygon", "coordinates": [ [ [ -70.5707329, -33.434707 ], [ -70.570567, -33.4347554 ], [ -70.5706, -33.4348341 ], [ -70.5704709, -33.4348718 ], [ -70.5705038, -33.4349504 ], [ -70.570686, -33.4348972 ], [ -70.5707138, -33.4349634 ], [ -70.5705934, -33.4349985 ], [ -70.570679, -33.4352025 ], [ -70.5708193, -33.4351616 ], [ -70.5707992, -33.4351137 ], [ -70.5708854, -33.4350886 ], [ -70.5708389, -33.4349777 ], [ -70.5707575, -33.4350015 ], [ -70.5707012, -33.434867 ], [ -70.5707892, -33.4348413 ], [ -70.5707329, -33.434707 ] ] ] } },
{ "type": "Feature", "properties": { "access": "private", "area": null, "barrier": null, "boundary": null, "building": null, "description": null, "ele": null, "golf": null, "landuse": null, "leisure": "swimming_pool", "lit": null, "location": null, "name": "Club de campo Banco Central de Chile", "name_en": null, "name_es": null, "opening_hours": null, "operator": null, "phone": null, "protect_class": null, "source_transform": null, "sport": null, "surface": null, "type": null, "website": null, "wheelchair": null, "zoo": null, "objectid": 15923057, "osm_id2": "247070213" }, "geometry": { "type": "Polygon", "coordinates": [ [ [ -70.5705715, -33.4363014 ], [ -70.5702279, -33.4363451 ], [ -70.5702495, -33.4364636 ], [ -70.5705932, -33.4364199 ], [ -70.5705715, -33.4363014 ] ] ] } },
{ "type": "Feature", "properties": { "access": null, "area": null, "barrier": null, "boundary": null, "building": null, "description": null, "ele": null, "golf": null, "landuse": null, "leisure": "pitch", "lit": null, "location": null, "name": "Club de campo Banco Central de Chile", "name_en": null, "name_es": null, "opening_hours": null, "operator": null, "phone": null, "protect_class": null, "source_transform": null, "sport": "tennis", "surface": null, "type": null, "website": null, "wheelchair": null, "zoo": null, "objectid": 15923060, "osm_id2": "240305930" }, "geometry": { "type": "Polygon", "coordinates": [ [ [ -70.5702595, -33.4362412 ], [ -70.5711822, -33.4361182 ], [ -70.5712321, -33.4363791 ], [ -70.5714364, -33.4363519 ], [ -70.5713228, -33.4357582 ], [ -70.5701958, -33.4359083 ], [ -70.5702595, -33.4362412 ] ] ] } },
{ "type": "Feature", "properties": { "access": null, "area": null, "barrier": null, "boundary": null, "building": null, "description": null, "ele": null, "golf": null, "landuse": null, "leisure": "park", "lit": null, "location": null, "name": "Plaza Ossandón", "name_en": null, "name_es": null, "opening_hours": "24/7", "operator": null, "phone": null, "protect_class": null, "source_transform": null, "sport": null, "surface": null, "type": null, "website": null, "wheelchair": null, "zoo": null, "objectid": 15923136, "osm_id2": "220750687" }, "geometry": { "type": "Polygon", "coordinates": [ [ [ -70.5443985, -33.4419053 ], [ -70.5443531, -33.4418622 ], [ -70.5443493, -33.4418607 ], [ -70.5442843, -33.4418358 ], [ -70.543529, -33.4419124 ], [ -70.54308, -33.4419579 ], [ -70.5424511, -33.4420068 ], [ -70.5422187, -33.442025 ], [ -70.5421306, -33.4420726 ], [ -70.5421026, -33.4421403 ], [ -70.5421166, -33.442246 ], [ -70.542146, -33.4422749 ], [ -70.5421423, -33.4424392 ], [ -70.5421732, -33.4426713 ], [ -70.5422278, -33.4427288 ], [ -70.5423024, -33.4427421 ], [ -70.5432818, -33.4426447 ], [ -70.5443714, -33.4425221 ], [ -70.5444807, -33.4424374 ], [ -70.5443985, -33.4419053 ] ] ] } },
{ "type": "Feature", "properties": { "access": null, "area": null, "barrier": null, "boundary": null, "building": null, "description": null, "ele": null, "golf": null, "landuse": null, "leisure": "park", "lit": null, "location": null, "name": "Plaza Las Leyendas", "name_en": null, "name_es": null, "opening_hours": null, "operator": null, "phone": null, "protect_class": null, "source_transform": null, "sport": null, "surface": null, "type": null, "website": null, "wheelchair": null, "zoo": null, "objectid": 15923259, "osm_id2": "388046549" }, "geometry": { "type": "Polygon", "coordinates": [ [ [ -70.5379693, -33.4452199 ], [ -70.5382674, -33.4455819 ], [ -70.5380913, -33.4457082 ], [ -70.5373242, -33.4459231 ], [ -70.5374852, -33.4461513 ], [ -70.5383703, -33.4459051 ], [ -70.5387432, -33.4457384 ], [ -70.5384065, -33.4455952 ], [ -70.5382786, -33.4454833 ], [ -70.538057, -33.445182 ], [ -70.5379693, -33.4452199 ] ] ] } },
{ "type": "Feature", "properties": { "access": null, "area": null, "barrier": null, "boundary": null, "building": null, "description": null, "ele": null, "golf": null, "landuse": null, "leisure": "sports_centre", "lit": null, "location": null, "name": "Complejo Deportivo La Cañada", "name_en": null, "name_es": null, "opening_hours": null, "operator": null, "phone": null, "protect_class": null, "source_transform": null, "sport": null, "surface": null, "type": null, "website": null, "wheelchair": null, "zoo": null, "objectid": 15923505, "osm_id2": "238972744" }, "geometry": { "type": "Polygon", "coordinates": [ [ [ -70.5576968, -33.4414767 ], [ -70.558653, -33.4414946 ], [ -70.5588917, -33.4415014 ], [ -70.559056, -33.4411673 ], [ -70.5586068, -33.4408512 ], [ -70.5585182, -33.4407807 ], [ -70.5583888, -33.440737 ], [ -70.5584036, -33.4407124 ], [ -70.5583043, -33.4406397 ], [ -70.5582467, -33.4407303 ], [ -70.5582064, -33.4407963 ], [ -70.5580173, -33.4407292 ], [ -70.5579208, -33.4408881 ], [ -70.5579704, -33.4409183 ], [ -70.5576968, -33.4414767 ] ] ] } },
{ "type": "Feature", "properties": { "access": null, "area": null, "barrier": null, "boundary": null, "building": null, "description": null, "ele": null, "golf": null, "landuse": null, "leisure": "park", "lit": null, "location": null, "name": "Plaza Coronel Santiago Bueras", "name_en": null, "name_es": null, "opening_hours": "24/7", "operator": null, "phone": null, "protect_class": null, "source_transform": null, "sport": null, "surface": null, "type": null, "website": null, "wheelchair": null, "zoo": null, "objectid": 15923759, "osm_id2": "370651918" }, "geometry": { "type": "Polygon", "coordinates": [ [ [ -70.5652706, -33.4442434 ], [ -70.5649392, -33.4445924 ], [ -70.5658078, -33.4446918 ], [ -70.5658568, -33.4446333 ], [ -70.5652706, -33.4442434 ] ] ] } },
{ "type": "Feature", "properties": { "access": null, "area": null, "barrier": null, "boundary": null, "building": null, "description": null, "ele": null, "golf": null, "landuse": null, "leisure": "park", "lit": null, "location": null, "name": "Parque Tobalaba - Canal San Carlos", "name_en": null, "name_es": null, "opening_hours": null, "operator": null, "phone": null, "protect_class": null, "source_transform": null, "sport": null, "surface": null, "type": null, "website": null, "wheelchair": null, "zoo": null, "objectid": 15923776, "osm_id2": "237051933" }, "geometry": { "type": "Polygon", "coordinates": [ [ [ -70.5709389, -33.4402748 ], [ -70.5707364, -33.4405143 ], [ -70.5705701, -33.440718 ], [ -70.5703568, -33.4409564 ], [ -70.5700336, -33.4413324 ], [ -70.5697949, -33.4416077 ], [ -70.5695026, -33.4419535 ], [ -70.5689351, -33.4425568 ], [ -70.5687994, -33.4427568 ], [ -70.568759, -33.4427765 ], [ -70.5685416, -33.4429618 ], [ -70.5681733, -33.4432778 ], [ -70.5679424, -33.4435003 ], [ -70.5676924, -33.4437359 ], [ -70.5672464, -33.4441027 ], [ -70.566999, -33.4443182 ], [ -70.5667528, -33.4445391 ], [ -70.566644, -33.4446351 ], [ -70.5665059, -33.4447901 ], [ -70.5664294, -33.4448761 ], [ -70.5662082, -33.4451082 ], [ -70.5659859, -33.4453429 ], [ -70.5655212, -33.4458054 ], [ -70.5652788, -33.4460393 ], [ -70.5651008, -33.4462002 ], [ -70.5648732, -33.4463857 ], [ -70.5646677, -33.4465501 ], [ -70.5644675, -33.4467136 ], [ -70.5642958, -33.4468464 ], [ -70.5640763, -33.4470233 ], [ -70.5636891, -33.4473249 ], [ -70.5627525, -33.4480009 ], [ -70.5618656, -33.4486861 ], [ -70.561004, -33.4495748 ], [ -70.5600501, -33.4505926 ], [ -70.5595147, -33.4511887 ], [ -70.5588093, -33.4520192 ], [ -70.5589551, -33.4520353 ], [ -70.5591148, -33.4518552 ], [ -70.5606846, -33.4502005 ], [ -70.5615911, -33.4492608 ], [ -70.5618162, -33.4490077 ], [ -70.5621023, -33.4487321 ], [ -70.5622842, -33.4485751 ], [ -70.5625923, -33.4483427 ], [ -70.563481, -33.4476759 ], [ -70.5642587, -33.4470615 ], [ -70.5650006, -33.4464938 ], [ -70.565765, -33.4458456 ], [ -70.5665007, -33.4450839 ], [ -70.5667679, -33.4447891 ], [ -70.5683388, -33.4433362 ], [ -70.568579, -33.4430574 ], [ -70.5688125, -33.4428457 ], [ -70.5697151, -33.4419726 ], [ -70.5700243, -33.4416293 ], [ -70.5713478, -33.4401201 ], [ -70.5711213, -33.44007 ], [ -70.5709389, -33.4402748 ] ] ] } },
{ "type": "Feature", "properties": { "access": null, "area": null, "barrier": null, "boundary": null, "building": null, "description": null, "ele": null, "golf": null, "landuse": null, "leisure": "park", "lit": null, "location": null, "name": "Bandejón Central Las Perdices", "name_en": null, "name_es": null, "opening_hours": null, "operator": null, "phone": null, "protect_class": null, "source_transform": null, "sport": null, "surface": null, "type": null, "website": null, "wheelchair": null, "zoo": null, "objectid": 15923941, "osm_id2": "174857921" }, "geometry": { "type": "Polygon", "coordinates": [ [ [ -70.531240200161093, -33.445059899279897 ], [ -70.531070600032095, -33.445285999264399 ], [ -70.530920999994606, -33.445460199613002 ], [ -70.530679399895504, -33.445755999551601 ], [ -70.530452700152097, -33.445901899315999 ], [ -70.530293100068803, -33.445979999704598 ], [ -70.530151099778607, -33.446088499875302 ], [ -70.529987500395706, -33.4462741998152 ], [ -70.529499099850497, -33.446656899523703 ], [ -70.529358100283503, -33.446719199403503 ], [ -70.529191799666506, -33.446748799251402 ], [ -70.529036400105497, -33.446772999311897 ], [ -70.528937400371305, -33.446821699233702 ], [ -70.5288637996034, -33.446902199607699 ], [ -70.528821900381999, -33.447026699280102 ], [ -70.528754900434805, -33.447203499316402 ], [ -70.528546500272, -33.447885999917403 ], [ -70.528435599657001, -33.448217399246602 ], [ -70.528315200256102, -33.448617099619902 ], [ -70.528277900408796, -33.4488301993945 ], [ -70.528240400237294, -33.449119499888702 ], [ -70.528245899723501, -33.449369299933601 ], [ -70.528275200073097, -33.449579399746497 ], [ -70.528294099728399, -33.449886599416502 ], [ -70.5283246999402, -33.450028499515902 ], [ -70.528323600402302, -33.450129399699399 ], [ -70.528044500131699, -33.4508324995058 ], [ -70.528023200177998, -33.450974099750098 ], [ -70.528106700380306, -33.451336399459201 ], [ -70.528266899639902, -33.451753399882001 ], [ -70.528323300365003, -33.451986599742803 ], [ -70.528345000068995, -33.452115499964698 ], [ -70.528345600143595, -33.452156699577202 ], [ -70.528377899967893, -33.452599799725803 ], [ -70.528504000077604, -33.452594299877703 ], [ -70.528492799882699, -33.452226499556303 ], [ -70.528475500126902, -33.452077199425197 ], [ -70.528421300274204, -33.451907199868998 ], [ -70.528232900202994, -33.4512945998462 ], [ -70.528164799819606, -33.451022399320003 ], [ -70.528186799560899, -33.450849599747698 ], [ -70.528294300052707, -33.450600099277104 ], [ -70.528479099676304, -33.450063499306097 ], [ -70.5284975995812, -33.4499788997162 ], [ -70.528502899641396, -33.449915499625703 ], [ -70.528396799623195, -33.449450499502703 ], [ -70.528368700321096, -33.44896999953 ], [ -70.528392699712299, -33.448841299255903 ], [ -70.528414500027594, -33.448742499271802 ], [ -70.528496599756295, -33.448344399742297 ], [ -70.5285300000169, -33.448204799475299 ], [ -70.528776900176098, -33.447447899897597 ], [ -70.528859200229206, -33.447279799617199 ], [ -70.528969400158303, -33.447159899542697 ], [ -70.529221499766393, -33.446974399380501 ], [ -70.529542800194093, -33.446826999317402 ], [ -70.529735199564996, -33.446648599715502 ], [ -70.529982699798794, -33.446482499947997 ], [ -70.530126500312903, -33.446384799873897 ], [ -70.530224699648201, -33.446271599602099 ], [ -70.530340900323395, -33.446149899944203 ], [ -70.5304258001009, -33.446088099611003 ], [ -70.530550300311106, -33.446029999807003 ], [ -70.530729700161601, -33.445971899964199 ], [ -70.530874600213494, -33.445897099882103 ], [ -70.531109100028502, -33.445629199896601 ], [ -70.531153299835495, -33.445470999330503 ], [ -70.531143999577296, -33.445321699563202 ], [ -70.531173900001505, -33.445197099250301 ], [ -70.5311951002423, -33.445138099369402 ], [ -70.531240200161093, -33.445059899279897 ] ] ] } },
{ "type": "Feature", "properties": { "access": null, "area": null, "barrier": null, "boundary": null, "building": null, "description": null, "ele": null, "golf": null, "landuse": null, "leisure": "pitch", "lit": null, "location": null, "name": "Colegio Santo Domingo_Padres Dominicos", "name_en": null, "name_es": null, "opening_hours": null, "operator": null, "phone": null, "protect_class": null, "source_transform": null, "sport": null, "surface": null, "type": null, "website": null, "wheelchair": null, "zoo": null, "objectid": 15923950, "osm_id2": "124327775" }, "geometry": { "type": "Polygon", "coordinates": [ [ [ -70.5231567001955, -33.450959899412098 ], [ -70.523064799847006, -33.450667799607302 ], [ -70.522545799988194, -33.4507931992922 ], [ -70.522637700336702, -33.451084699811901 ], [ -70.5231567001955, -33.450959899412098 ] ] ] } },
{ "type": "Feature", "properties": { "access": null, "area": null, "barrier": null, "boundary": null, "building": null, "description": null, "ele": null, "golf": null, "landuse": null, "leisure": "sports_centre", "lit": null, "location": null, "name": "Club Deportivo Nacional", "name_en": null, "name_es": null, "opening_hours": null, "operator": null, "phone": null, "protect_class": null, "source_transform": null, "sport": null, "surface": null, "type": null, "website": null, "wheelchair": null, "zoo": null, "objectid": 15923953, "osm_id2": "238968683" }, "geometry": { "type": "Polygon", "coordinates": [ [ [ -70.5184866, -33.4542463 ], [ -70.5208705, -33.4538859 ], [ -70.5203458, -33.4534266 ], [ -70.5183592, -33.4537308 ], [ -70.5184866, -33.4542463 ] ] ] } },
{ "type": "Feature", "properties": { "access": null, "area": null, "barrier": null, "boundary": null, "building": null, "description": null, "ele": null, "golf": null, "landuse": null, "leisure": "sports_centre", "lit": null, "location": null, "name": "Centro de Entrenamiento Olímpico Juvenil", "name_en": null, "name_es": null, "opening_hours": null, "operator": "COCh", "phone": null, "protect_class": null, "source_transform": null, "sport": null, "surface": null, "type": null, "website": "https://coch.cl/ceo-la-reina/", "wheelchair": null, "zoo": null, "objectid": 15923983, "osm_id2": "112004642" }, "geometry": { "type": "Polygon", "coordinates": [ [ [ -70.5337403, -33.452026 ], [ -70.5335943, -33.4511366 ], [ -70.5334218, -33.4511289 ], [ -70.5330473, -33.451257 ], [ -70.5331762, -33.4520738 ], [ -70.5337403, -33.452026 ] ] ] } },
{ "type": "Feature", "properties": { "access": "yes", "area": null, "barrier": null, "boundary": null, "building": null, "description": null, "ele": null, "golf": null, "landuse": null, "leisure": "park", "lit": null, "location": null, "name": "Parque Mahuida", "name_en": null, "name_es": null, "opening_hours": "Mo-Su 08:00-19:00", "operator": "Municipalidad de La Reina", "phone": "+56222735625", "protect_class": null, "source_transform": null, "sport": null, "surface": null, "type": null, "website": "https://www.parquemahuida.cl/", "wheelchair": null, "zoo": null, "objectid": 15924006, "osm_id2": "238968684" }, "geometry": { "type": "Polygon", "coordinates": [ [ [ -70.5155701, -33.4600428 ], [ -70.5161045, -33.460002 ], [ -70.5205107, -33.4597181 ], [ -70.5207122, -33.4596868 ], [ -70.5210309, -33.459587 ], [ -70.521519, -33.4595601 ], [ -70.5214439, -33.4594483 ], [ -70.5211266, -33.4584874 ], [ -70.5210322, -33.4584603 ], [ -70.5206196, -33.4569919 ], [ -70.5202791, -33.4565047 ], [ -70.5198829, -33.4551786 ], [ -70.5196144, -33.4541376 ], [ -70.517883, -33.4543974 ], [ -70.5174956, -33.4544433 ], [ -70.5173991, -33.4545268 ], [ -70.5171922, -33.45457 ], [ -70.5166137, -33.4546514 ], [ -70.5160613, -33.4546335 ], [ -70.5154365, -33.4547239 ], [ -70.5147306, -33.4543992 ], [ -70.5143232, -33.4547699 ], [ -70.5144512, -33.4556351 ], [ -70.5145648, -33.4560782 ], [ -70.5146385, -33.4561008 ], [ -70.5148831, -33.4565139 ], [ -70.5150067, -33.4564221 ], [ -70.5152504, -33.456281 ], [ -70.5153018, -33.4562585 ], [ -70.5155756, -33.4562697 ], [ -70.5162101, -33.455947 ], [ -70.5165454, -33.456386 ], [ -70.5165764, -33.4564859 ], [ -70.5167481, -33.4566692 ], [ -70.5167696, -33.4567362 ], [ -70.5167106, -33.4568408 ], [ -70.5166288, -33.4569334 ], [ -70.5163444, -33.4571166 ], [ -70.5163271, -33.4573649 ], [ -70.5161953, -33.4576403 ], [ -70.5161542, -33.457727 ], [ -70.5160702, -33.4577578 ], [ -70.5160197, -33.4577528 ], [ -70.5159317, -33.4576045 ], [ -70.515816, -33.4576057 ], [ -70.5157593, -33.4576493 ], [ -70.5156291, -33.4577881 ], [ -70.5152837, -33.4579284 ], [ -70.5150047, -33.458292 ], [ -70.514974, -33.4584387 ], [ -70.5147338, -33.4586478 ], [ -70.5146517, -33.4587718 ], [ -70.5143925, -33.4589082 ], [ -70.5139938, -33.4589864 ], [ -70.5135917, -33.4589127 ], [ -70.5133117, -33.4588076 ], [ -70.5133401, -33.4589396 ], [ -70.5134045, -33.4592865 ], [ -70.5135363, -33.4601715 ], [ -70.5155701, -33.4600428 ] ] ] } },
{ "type": "Feature", "properties": { "access": null, "area": null, "barrier": null, "boundary": null, "building": "yes", "description": null, "ele": null, "golf": null, "landuse": null, "leisure": "fitness_centre", "lit": null, "location": null, "name": "Gimnasio Cepaso", "name_en": null, "name_es": null, "opening_hours": null, "operator": null, "phone": null, "protect_class": null, "source_transform": null, "sport": null, "surface": null, "type": null, "website": null, "wheelchair": null, "zoo": null, "objectid": 15924055, "osm_id2": "712562663" }, "geometry": { "type": "Polygon", "coordinates": [ [ [ -70.533266699729097, -33.456897199294602 ], [ -70.532836899883094, -33.456831099440102 ], [ -70.532797300348705, -33.457010199830499 ], [ -70.533227199907699, -33.457076199869803 ], [ -70.533266699729097, -33.456897199294602 ] ] ] } },
{ "type": "Feature", "properties": { "access": "private", "area": null, "barrier": null, "boundary": null, "building": null, "description": null, "ele": null, "golf": null, "landuse": null, "leisure": "pitch", "lit": null, "location": null, "name": "cancha talinay 1", "name_en": null, "name_es": null, "opening_hours": null, "operator": null, "phone": null, "protect_class": null, "source_transform": null, "sport": "soccer", "surface": null, "type": null, "website": null, "wheelchair": null, "zoo": null, "objectid": 15924120, "osm_id2": "859888008" }, "geometry": { "type": "Polygon", "coordinates": [ [ [ -70.5357304, -33.4596696 ], [ -70.5350555, -33.4597815 ], [ -70.5352628, -33.460643 ], [ -70.5359702, -33.4605243 ], [ -70.5357304, -33.4596696 ] ] ] } },
{ "type": "Feature", "properties": { "access": null, "area": null, "barrier": null, "boundary": null, "building": null, "description": null, "ele": null, "golf": null, "landuse": null, "leisure": "park", "lit": null, "location": null, "name": "Plaza Villa Municipal", "name_en": null, "name_es": null, "opening_hours": null, "operator": null, "phone": null, "protect_class": null, "source_transform": null, "sport": null, "surface": null, "type": null, "website": null, "wheelchair": null, "zoo": null, "objectid": 15924136, "osm_id2": "388046548" }, "geometry": { "type": "Polygon", "coordinates": [ [ [ -70.540703799864005, -33.446285599826403 ], [ -70.539652399977399, -33.446755599944296 ], [ -70.539829400427706, -33.4469704994669 ], [ -70.5404517002559, -33.446670599864397 ], [ -70.540639399641293, -33.446697399397699 ], [ -70.540703799864005, -33.446285599826403 ] ] ] } },
{ "type": "Feature", "properties": { "access": null, "area": null, "barrier": null, "boundary": null, "building": null, "description": null, "ele": null, "golf": null, "landuse": null, "leisure": "sports_centre", "lit": null, "location": null, "name": "Club Tobalaba", "name_en": null, "name_es": null, "opening_hours": null, "operator": null, "phone": null, "protect_class": null, "source_transform": "Reconocimiento cartográfico 2016 por KG.", "sport": null, "surface": null, "type": null, "website": null, "wheelchair": null, "zoo": null, "objectid": 15924145, "osm_id2": "229914461" }, "geometry": { "type": "Polygon", "coordinates": [ [ [ -70.543574599916397, -33.447025199429604 ], [ -70.543512800316407, -33.446193599916697 ], [ -70.542903899758997, -33.4462042998518 ], [ -70.542944100266197, -33.447041299772401 ], [ -70.543574599916397, -33.447025199429604 ] ] ] } },
{ "type": "Feature", "properties": { "access": null, "area": null, "barrier": null, "boundary": null, "building": null, "description": null, "ele": null, "golf": null, "landuse": null, "leisure": "sports_centre", "lit": null, "location": null, "name": "Los Cancheros", "name_en": null, "name_es": null, "opening_hours": null, "operator": null, "phone": null, "protect_class": null, "source_transform": "Reconocimiento cartográfico 2016 por KG.", "sport": null, "surface": null, "type": null, "website": null, "wheelchair": null, "zoo": null, "objectid": 15924190, "osm_id2": "387912271" }, "geometry": { "type": "Polygon", "coordinates": [ [ [ -70.544871000025395, -33.4499965997462 ], [ -70.544851699721505, -33.449585199597102 ], [ -70.544367300272597, -33.449604699324603 ], [ -70.543943800311695, -33.449626599786001 ], [ -70.543983000095693, -33.450029699504697 ], [ -70.544871000025395, -33.4499965997462 ] ] ] } },
{ "type": "Feature", "properties": { "access": null, "area": null, "barrier": null, "boundary": null, "building": null, "description": null, "ele": null, "golf": null, "landuse": null, "leisure": "pitch", "lit": null, "location": null, "name": "Canchas Públicas Larrain", "name_en": null, "name_es": null, "opening_hours": null, "operator": null, "phone": null, "protect_class": null, "source_transform": null, "sport": "soccer", "surface": null, "type": null, "website": null, "wheelchair": null, "zoo": null, "objectid": 15924225, "osm_id2": "192382509" }, "geometry": { "type": "Polygon", "coordinates": [ [ [ -70.538953, -33.4518104 ], [ -70.5386115, -33.451856 ], [ -70.5386402, -33.4520056 ], [ -70.5389817, -33.45196 ], [ -70.538953, -33.4518104 ] ] ] } },
{ "type": "Feature", "properties": { "access": null, "area": null, "barrier": null, "boundary": null, "building": null, "description": null, "ele": null, "golf": null, "landuse": null, "leisure": "pitch", "lit": "yes", "location": null, "name": "Canchas Públicas Larrain", "name_en": null, "name_es": null, "opening_hours": null, "operator": null, "phone": null, "protect_class": null, "source_transform": null, "sport": "soccer", "surface": null, "type": null, "website": null, "wheelchair": null, "zoo": null, "objectid": 15924226, "osm_id2": "192382510" }, "geometry": { "type": "Polygon", "coordinates": [ [ [ -70.539441400090197, -33.4518902999544 ], [ -70.539412000027596, -33.451739799279402 ], [ -70.539058300062507, -33.451787799368702 ], [ -70.539087700125194, -33.451938299960403 ], [ -70.539441400090197, -33.4518902999544 ] ] ] } },
{ "type": "Feature", "properties": { "access": null, "area": null, "barrier": null, "boundary": null, "building": null, "description": null, "ele": null, "golf": null, "landuse": null, "leisure": "park", "lit": null, "location": null, "name": "Plaza Jorge Alessandri", "name_en": null, "name_es": null, "opening_hours": null, "operator": null, "phone": null, "protect_class": null, "source_transform": null, "sport": null, "surface": null, "type": null, "website": null, "wheelchair": null, "zoo": null, "objectid": 15924281, "osm_id2": "175355291" }, "geometry": { "type": "Polygon", "coordinates": [ [ [ -70.5437881, -33.4516502 ], [ -70.5443008, -33.4515702 ], [ -70.5441901, -33.4512102 ], [ -70.5441043, -33.4512185 ], [ -70.5437465, -33.4512529 ], [ -70.5437445, -33.4512662 ], [ -70.5437344, -33.4513325 ], [ -70.5437881, -33.4516502 ] ] ] } },
{ "type": "Feature", "properties": { "access": null, "area": null, "barrier": null, "boundary": null, "building": null, "description": null, "ele": null, "golf": null, "landuse": null, "leisure": "park", "lit": null, "location": null, "name": "Plazoleta Aeródromo Eulogio Sánchez Errázuriz", "name_en": null, "name_es": null, "opening_hours": "24/7", "operator": "Club Aéreo de Santiago", "phone": null, "protect_class": null, "source_transform": null, "sport": null, "surface": null, "type": null, "website": null, "wheelchair": null, "zoo": null, "objectid": 15924298, "osm_id2": "645130940" }, "geometry": { "type": "Polygon", "coordinates": [ [ [ -70.5470233, -33.4510753 ], [ -70.5470118, -33.4510767 ], [ -70.5470648, -33.4512849 ], [ -70.5474885, -33.4513224 ], [ -70.5474925, -33.4513081 ], [ -70.5475255, -33.4509993 ], [ -70.5475041, -33.4509626 ], [ -70.5470142, -33.450947 ], [ -70.5470169, -33.4509851 ], [ -70.5470233, -33.4510753 ] ] ] } },
{ "type": "Feature", "properties": { "access": null, "area": null, "barrier": null, "boundary": null, "building": null, "description": null, "ele": null, "golf": null, "landuse": null, "leisure": "park", "lit": null, "location": null, "name": "Plaza Bombero Soto", "name_en": null, "name_es": null, "opening_hours": null, "operator": null, "phone": null, "protect_class": null, "source_transform": null, "sport": null, "surface": null, "type": null, "website": null, "wheelchair": null, "zoo": null, "objectid": 15924505, "osm_id2": "24400932" }, "geometry": { "type": "Polygon", "coordinates": [ [ [ -70.568797500057102, -33.449074999390199 ], [ -70.568508200314895, -33.449042499643298 ], [ -70.568416200253395, -33.449555899779099 ], [ -70.568704999634093, -33.449591899630803 ], [ -70.568797500057102, -33.449074999390199 ] ] ] } },
{ "type": "Feature", "properties": { "access": null, "area": null, "barrier": null, "boundary": null, "building": "yes", "description": null, "ele": null, "golf": null, "landuse": null, "leisure": "sports_centre", "lit": null, "location": null, "name": "Pacific Fitness", "name_en": null, "name_es": null, "opening_hours": null, "operator": null, "phone": null, "protect_class": null, "source_transform": null, "sport": "fitness", "surface": null, "type": null, "website": null, "wheelchair": null, "zoo": null, "objectid": 15924516, "osm_id2": "450924305" }, "geometry": { "type": "Polygon", "coordinates": [ [ [ -70.556947499750805, -33.451549799852003 ], [ -70.556871200443894, -33.451538799272797 ], [ -70.556834199735604, -33.4517178993516 ], [ -70.556910599653904, -33.451728899908098 ], [ -70.556947499750805, -33.451549799852003 ] ] ] } },
{ "type": "Feature", "properties": { "access": null, "area": null, "barrier": null, "boundary": null, "building": null, "description": null, "ele": null, "golf": null, "landuse": null, "leisure": "park", "lit": null, "location": null, "name": "Plaza Clorinda Henríquez", "name_en": null, "name_es": null, "opening_hours": null, "operator": null, "phone": null, "protect_class": null, "source_transform": null, "sport": null, "surface": null, "type": null, "website": null, "wheelchair": null, "zoo": null, "objectid": 15924517, "osm_id2": "25298449" }, "geometry": { "type": "Polygon", "coordinates": [ [ [ -70.5581316, -33.4515937 ], [ -70.5580921, -33.4515289 ], [ -70.5578972, -33.4516599 ], [ -70.5578056, -33.4517711 ], [ -70.5577322, -33.4519267 ], [ -70.5583883, -33.4520063 ], [ -70.5584185, -33.4519914 ], [ -70.5583778, -33.4519385 ], [ -70.558341, -33.4519614 ], [ -70.5581064, -33.451618 ], [ -70.5581316, -33.4515937 ] ] ] } },
{ "type": "Feature", "properties": { "access": null, "area": null, "barrier": null, "boundary": null, "building": "yes", "description": null, "ele": null, "golf": null, "landuse": null, "leisure": "fitness_centre", "lit": null, "location": null, "name": "Elmuro Escalada", "name_en": null, "name_es": null, "opening_hours": null, "operator": null, "phone": null, "protect_class": null, "source_transform": null, "sport": "climbing;Escalada", "surface": null, "type": null, "website": null, "wheelchair": null, "zoo": null, "objectid": 15924646, "osm_id2": "636015860" }, "geometry": { "type": "Polygon", "coordinates": [ [ [ -70.566037199971305, -33.4527233993132 ], [ -70.565892899993898, -33.452707799942601 ], [ -70.565876300025806, -33.452814199841399 ], [ -70.5660206000031, -33.4528297999424 ], [ -70.566037199971305, -33.4527233993132 ] ] ] } },
{ "type": "Feature", "properties": { "access": "yes", "area": null, "barrier": null, "boundary": null, "building": null, "description": null, "ele": null, "golf": null, "landuse": null, "leisure": "park", "lit": null, "location": null, "name": "Plaza Egaña", "name_en": null, "name_es": null, "opening_hours": "24/7", "operator": "I. Municipalidad de Ñuñoa", "phone": null, "protect_class": null, "source_transform": null, "sport": null, "surface": null, "type": null, "website": null, "wheelchair": null, "zoo": null, "objectid": 15924684, "osm_id2": "301276875" }, "geometry": { "type": "Polygon", "coordinates": [ [ [ -70.5716817, -33.452565 ], [ -70.5711052, -33.4524665 ], [ -70.5710646, -33.4524758 ], [ -70.5709952, -33.4529835 ], [ -70.571013, -33.4531554 ], [ -70.5710215, -33.4533116 ], [ -70.5715451, -33.4533398 ], [ -70.5715917, -33.4531113 ], [ -70.5716325, -33.4528672 ], [ -70.5716817, -33.452565 ] ] ] } },
{ "type": "Feature", "properties": { "access": "private", "area": null, "barrier": null, "boundary": null, "building": null, "description": null, "ele": null, "golf": null, "landuse": null, "leisure": "pitch", "lit": null, "location": null, "name": "cancha talinay 2", "name_en": null, "name_es": null, "opening_hours": null, "operator": null, "phone": null, "protect_class": null, "source_transform": null, "sport": "soccer", "surface": null, "type": null, "website": null, "wheelchair": null, "zoo": null, "objectid": 15924813, "osm_id2": "859888009" }, "geometry": { "type": "Polygon", "coordinates": [ [ [ -70.5365028, -33.4595475 ], [ -70.5358198, -33.4596561 ], [ -70.5360353, -33.4605142 ], [ -70.5367183, -33.4603954 ], [ -70.5365028, -33.4595475 ] ] ] } },
{ "type": "Feature", "properties": { "access": null, "area": null, "barrier": null, "boundary": null, "building": null, "description": null, "ele": null, "golf": null, "landuse": null, "leisure": "sports_centre", "lit": null, "location": null, "name": "Club de Campo Carabineros de Chile", "name_en": null, "name_es": null, "opening_hours": null, "operator": null, "phone": null, "protect_class": null, "source_transform": null, "sport": null, "surface": null, "type": null, "website": null, "wheelchair": null, "zoo": null, "objectid": 15924818, "osm_id2": "237051953" }, "geometry": { "type": "Polygon", "coordinates": [ [ [ -70.5379263, -33.4588309 ], [ -70.5383744, -33.460713 ], [ -70.5386174, -33.4617244 ], [ -70.5397691, -33.4614402 ], [ -70.539929, -33.4619222 ], [ -70.5413033, -33.4618072 ], [ -70.5408638, -33.4585711 ], [ -70.5385313, -33.4587892 ], [ -70.5379263, -33.4588309 ] ] ] } },
{ "type": "Feature", "properties": { "access": "private", "area": null, "barrier": null, "boundary": null, "building": null, "description": null, "ele": null, "golf": null, "landuse": null, "leisure": "pitch", "lit": null, "location": null, "name": "ovalo patinaje", "name_en": null, "name_es": null, "opening_hours": null, "operator": null, "phone": null, "protect_class": null, "source_transform": null, "sport": "skateboard;roller_skating", "surface": null, "type": null, "website": null, "wheelchair": null, "zoo": null, "objectid": 15924822, "osm_id2": "883797863" }, "geometry": { "type": "Polygon", "coordinates": [ [ [ -70.5378489, -33.4605815 ], [ -70.5379091, -33.4608156 ], [ -70.5381202, -33.4607664 ], [ -70.5380527, -33.4605367 ], [ -70.5380259, -33.460539 ], [ -70.5378489, -33.4605815 ] ] ] } },
{ "type": "Feature", "properties": { "access": null, "area": null, "barrier": null, "boundary": null, "building": null, "description": null, "ele": null, "golf": null, "landuse": null, "leisure": "park", "lit": null, "location": null, "name": "Parque Tobalaba - Canal San Carlos", "name_en": null, "name_es": null, "opening_hours": null, "operator": null, "phone": null, "protect_class": null, "source_transform": null, "sport": null, "surface": null, "type": null, "website": null, "wheelchair": null, "zoo": null, "objectid": 15924926, "osm_id2": "237051947" }, "geometry": { "type": "Polygon", "coordinates": [ [ [ -70.5586812, -33.452311 ], [ -70.558595, -33.4522963 ], [ -70.5584495, -33.4524868 ], [ -70.5583314, -33.4526473 ], [ -70.5582163, -33.4528036 ], [ -70.5579825, -33.4531364 ], [ -70.5575084, -33.4538297 ], [ -70.5572464, -33.454213 ], [ -70.5571358, -33.4543631 ], [ -70.557025, -33.4545168 ], [ -70.5568689, -33.4547372 ], [ -70.556709, -33.4549719 ], [ -70.5563891, -33.4554414 ], [ -70.5562881, -33.4555902 ], [ -70.5561881, -33.4557245 ], [ -70.5560006, -33.4559976 ], [ -70.555867, -33.4561945 ], [ -70.5556703, -33.4564842 ], [ -70.5552958, -33.4570365 ], [ -70.5548635, -33.4576757 ], [ -70.5547131, -33.4578907 ], [ -70.554519, -33.4581765 ], [ -70.5543225, -33.4584703 ], [ -70.5541808, -33.4586986 ], [ -70.5540081, -33.4589212 ], [ -70.5536754, -33.4593666 ], [ -70.55349, -33.4596259 ], [ -70.5533988, -33.4597701 ], [ -70.5531669, -33.4600932 ], [ -70.5529539, -33.4604084 ], [ -70.5527924, -33.4606474 ], [ -70.5526326, -33.4608838 ], [ -70.5525285, -33.4610355 ], [ -70.5524391, -33.4611658 ], [ -70.5522587, -33.4613948 ], [ -70.5520972, -33.4616281 ], [ -70.5520247, -33.4617153 ], [ -70.5518937, -33.4618894 ], [ -70.5517514, -33.4620606 ], [ -70.5516635, -33.4621799 ], [ -70.5515445, -33.46235 ], [ -70.5514064, -33.4625608 ], [ -70.5515618, -33.4625547 ], [ -70.5516268, -33.4625375 ], [ -70.5516969, -33.4624831 ], [ -70.5522447, -33.4616674 ], [ -70.5535568, -33.459839 ], [ -70.5537553, -33.4595626 ], [ -70.5546727, -33.4583095 ], [ -70.5550075, -33.4578157 ], [ -70.5558814, -33.4564688 ], [ -70.5561399, -33.4561179 ], [ -70.5566667, -33.4553548 ], [ -70.5569175, -33.4549943 ], [ -70.557437, -33.4542158 ], [ -70.558311, -33.4528828 ], [ -70.5586812, -33.452311 ] ] ] } },
{ "type": "Feature", "properties": { "access": null, "area": null, "barrier": null, "boundary": null, "building": null, "description": null, "ele": null, "golf": null, "landuse": null, "leisure": "sports_centre", "lit": null, "location": null, "name": "Centro Deportivo Dragones de La Reina", "name_en": null, "name_es": null, "opening_hours": null, "operator": null, "phone": null, "protect_class": null, "source_transform": null, "sport": "soccer", "surface": null, "type": null, "website": null, "wheelchair": null, "zoo": null, "objectid": 15925167, "osm_id2": "188006144" }, "geometry": { "type": "Polygon", "coordinates": [ [ [ -70.5609797, -33.4598961 ], [ -70.5611805, -33.4607745 ], [ -70.5624227, -33.460617 ], [ -70.5622467, -33.4599505 ], [ -70.5621903, -33.4597396 ], [ -70.561827, -33.4597842 ], [ -70.5609797, -33.4598961 ] ] ] } },
{ "type": "Feature", "properties": { "access": null, "area": null, "barrier": null, "boundary": null, "building": null, "description": null, "ele": null, "golf": null, "landuse": null, "leisure": "pitch", "lit": null, "location": null, "name": "Estadio Arrieta", "name_en": null, "name_es": null, "opening_hours": null, "operator": null, "phone": null, "protect_class": null, "source_transform": null, "sport": "soccer", "surface": null, "type": null, "website": null, "wheelchair": null, "zoo": null, "objectid": 15925240, "osm_id2": "156897026" }, "geometry": { "type": "Polygon", "coordinates": [ [ [ -70.571419100263199, -33.459010599337198 ], [ -70.571059100413095, -33.458171399869698 ], [ -70.570385600206905, -33.458372499918198 ], [ -70.570745699770001, -33.459211699687501 ], [ -70.571419100263199, -33.459010599337198 ] ] ] } },
{ "type": "Feature", "properties": { "access": null, "area": null, "barrier": null, "boundary": null, "building": null, "description": null, "ele": null, "golf": null, "landuse": null, "leisure": "park", "lit": null, "location": null, "name": "Parque Canal San Carlos", "name_en": null, "name_es": null, "opening_hours": null, "operator": null, "phone": null, "protect_class": null, "source_transform": null, "sport": null, "surface": null, "type": null, "website": null, "wheelchair": null, "zoo": null, "objectid": 15925772, "osm_id2": "84465359" }, "geometry": { "type": "Polygon", "coordinates": [ [ [ -70.5854329, -33.4305783 ], [ -70.5852756, -33.4305083 ], [ -70.5848747, -33.4309521 ], [ -70.5846059, -33.4312352 ], [ -70.5843382, -33.4315431 ], [ -70.5843792, -33.4316012 ], [ -70.5844679, -33.4316148 ], [ -70.5845251, -33.4315691 ], [ -70.5849544, -33.4310417 ], [ -70.5851215, -33.4308525 ], [ -70.5854329, -33.4305783 ] ] ] } },
{ "type": "Feature", "properties": { "access": null, "area": null, "barrier": null, "boundary": null, "building": null, "description": null, "ele": null, "golf": null, "landuse": null, "leisure": "park", "lit": null, "location": null, "name": "Parque Canal San Carlos", "name_en": null, "name_es": null, "opening_hours": null, "operator": null, "phone": null, "protect_class": null, "source_transform": null, "sport": null, "surface": null, "type": null, "website": null, "wheelchair": null, "zoo": null, "objectid": 15925773, "osm_id2": "24044005" }, "geometry": { "type": "Polygon", "coordinates": [ [ [ -70.585620599827493, -33.430686599670601 ], [ -70.585550100044003, -33.430635399464897 ], [ -70.585249300069407, -33.430877899774799 ], [ -70.584972500384296, -33.4311796996992 ], [ -70.584598200253197, -33.431628299473303 ], [ -70.584664399801397, -33.431650399390499 ], [ -70.585069200431406, -33.4311759992422 ], [ -70.585620599827493, -33.430686599670601 ] ] ] } },
{ "type": "Feature", "properties": { "access": null, "area": null, "barrier": null, "boundary": null, "building": null, "description": null, "ele": null, "golf": null, "landuse": null, "leisure": "park", "lit": null, "location": null, "name": "Parque Canal San Carlos", "name_en": null, "name_es": null, "opening_hours": null, "operator": null, "phone": null, "protect_class": null, "source_transform": null, "sport": null, "surface": null, "type": null, "website": null, "wheelchair": null, "zoo": null, "objectid": 15925824, "osm_id2": "84465355" }, "geometry": { "type": "Polygon", "coordinates": [ [ [ -70.5822532, -33.43347 ], [ -70.5822323, -33.4335387 ], [ -70.5823204, -33.4336459 ], [ -70.5828403, -33.4333067 ], [ -70.5830033, -33.433205 ], [ -70.5832959, -33.4329621 ], [ -70.5835139, -33.4327427 ], [ -70.5839913, -33.4322269 ], [ -70.584064, -33.4320527 ], [ -70.5841838, -33.4319326 ], [ -70.5839678, -33.4318838 ], [ -70.5838553, -33.4319836 ], [ -70.5836918, -33.43215 ], [ -70.5830005, -33.4328707 ], [ -70.5827818, -33.4331108 ], [ -70.5826533, -33.4332055 ], [ -70.5822532, -33.43347 ] ] ] } },
{ "type": "Feature", "properties": { "access": null, "area": null, "barrier": null, "boundary": null, "building": null, "description": null, "ele": null, "golf": null, "landuse": null, "leisure": "park", "lit": null, "location": null, "name": "Parque Canal San Carlos", "name_en": null, "name_es": null, "opening_hours": null, "operator": null, "phone": null, "protect_class": null, "source_transform": null, "sport": null, "surface": null, "type": null, "website": null, "wheelchair": null, "zoo": null, "objectid": 15926002, "osm_id2": "24044017" }, "geometry": { "type": "Polygon", "coordinates": [ [ [ -70.584379, -33.432131 ], [ -70.5845419, -33.4318744 ], [ -70.5845047, -33.4318578 ], [ -70.5841801, -33.4322412 ], [ -70.5839121, -33.4325691 ], [ -70.5837201, -33.432763 ], [ -70.583422, -33.4330342 ], [ -70.5830117, -33.43336 ], [ -70.5823791, -33.4337668 ], [ -70.582425, -33.4338177 ], [ -70.5824799, -33.4338278 ], [ -70.5826057, -33.43376 ], [ -70.5830953, -33.4334329 ], [ -70.5834787, -33.4331182 ], [ -70.5837505, -33.432895 ], [ -70.5840258, -33.4326352 ], [ -70.5841753, -33.4324403 ], [ -70.584379, -33.432131 ] ] ] } },
{ "type": "Feature", "properties": { "access": null, "area": null, "barrier": null, "boundary": null, "building": "yes", "description": null, "ele": null, "golf": null, "landuse": null, "leisure": "sports_centre", "lit": null, "location": null, "name": "DePortus", "name_en": null, "name_es": null, "opening_hours": null, "operator": null, "phone": null, "protect_class": null, "source_transform": null, "sport": "karate", "surface": null, "type": null, "website": null, "wheelchair": null, "zoo": null, "objectid": 15926210, "osm_id2": "450624205" }, "geometry": { "type": "Polygon", "coordinates": [ [ [ -70.5876146, -33.4346234 ], [ -70.5874937, -33.4347057 ], [ -70.587592, -33.4348062 ], [ -70.5877129, -33.4347239 ], [ -70.5876146, -33.4346234 ] ] ] } },
{ "type": "Feature", "properties": { "access": null, "area": null, "barrier": null, "boundary": null, "building": null, "description": null, "ele": null, "golf": null, "landuse": null, "leisure": "park", "lit": null, "location": null, "name": "Parque Canal San Carlos", "name_en": null, "name_es": null, "opening_hours": null, "operator": null, "phone": null, "protect_class": null, "source_transform": null, "sport": null, "surface": null, "type": null, "website": null, "wheelchair": null, "zoo": null, "objectid": 15926300, "osm_id2": "237685708" }, "geometry": { "type": "Polygon", "coordinates": [ [ [ -70.5820077, -33.4336266 ], [ -70.5808172, -33.4343574 ], [ -70.5804303, -33.4345785 ], [ -70.5785266, -33.4355676 ], [ -70.5779861, -33.4358226 ], [ -70.5777485, -33.4359009 ], [ -70.5774783, -33.4359978 ], [ -70.5770575, -33.436099 ], [ -70.5766699, -33.4362017 ], [ -70.5764589, -33.4362589 ], [ -70.5762546, -33.4363407 ], [ -70.5744177, -33.4372208 ], [ -70.5743605, -33.437277 ], [ -70.57431, -33.4373225 ], [ -70.5742537, -33.4373542 ], [ -70.574223, -33.4373317 ], [ -70.5741451, -33.4373754 ], [ -70.5740696, -33.4374019 ], [ -70.5740144, -33.4374104 ], [ -70.5739329, -33.4373951 ], [ -70.5738664, -33.4376257 ], [ -70.5738948, -33.4376331 ], [ -70.5756108, -33.4367852 ], [ -70.5765884, -33.4363875 ], [ -70.5774636, -33.4361924 ], [ -70.5782601, -33.4358709 ], [ -70.5789416, -33.4355396 ], [ -70.5798485, -33.4350523 ], [ -70.5808765, -33.43451 ], [ -70.5821284, -33.4337524 ], [ -70.5821124, -33.4337041 ], [ -70.5820727, -33.4336481 ], [ -70.5820077, -33.4336266 ] ] ] } },
{ "type": "Feature", "properties": { "access": null, "area": null, "barrier": null, "boundary": null, "building": null, "description": null, "ele": null, "golf": null, "landuse": null, "leisure": "park", "lit": null, "location": null, "name": "Parque Canal San Carlos", "name_en": null, "name_es": null, "opening_hours": null, "operator": null, "phone": null, "protect_class": null, "source_transform": null, "sport": null, "surface": null, "type": null, "website": null, "wheelchair": null, "zoo": null, "objectid": 15926311, "osm_id2": "24044028" }, "geometry": { "type": "Polygon", "coordinates": [ [ [ -70.5822087, -33.4340244 ], [ -70.5822372, -33.4339812 ], [ -70.5822408, -33.4339351 ], [ -70.5822005, -33.4338612 ], [ -70.5808322, -33.4346801 ], [ -70.5789576, -33.4357178 ], [ -70.5783421, -33.4360149 ], [ -70.5781622, -33.4361032 ], [ -70.5778731, -33.4362065 ], [ -70.5775565, -33.4362773 ], [ -70.5766867, -33.4364634 ], [ -70.5764574, -33.4365641 ], [ -70.5760017, -33.4367489 ], [ -70.5752123, -33.4370889 ], [ -70.5742595, -33.4375779 ], [ -70.5740068, -33.4377105 ], [ -70.5742919, -33.4376165 ], [ -70.5755104, -33.4370292 ], [ -70.5759019, -33.4368827 ], [ -70.5763145, -33.4367566 ], [ -70.5770697, -33.4365173 ], [ -70.5776608, -33.4363684 ], [ -70.5779784, -33.4362742 ], [ -70.5780043, -33.436266 ], [ -70.5782446, -33.4361903 ], [ -70.5795384, -33.4355764 ], [ -70.5806365, -33.4349856 ], [ -70.5814617, -33.4344883 ], [ -70.5822087, -33.4340244 ] ] ] } },
{ "type": "Feature", "properties": { "access": null, "area": null, "barrier": null, "boundary": null, "building": null, "description": null, "ele": null, "golf": null, "landuse": null, "leisure": "park", "lit": null, "location": null, "name": "Plaza Agusto D'Halmar", "name_en": null, "name_es": null, "opening_hours": null, "operator": null, "phone": null, "protect_class": null, "source_transform": null, "sport": null, "surface": null, "type": null, "website": null, "wheelchair": null, "zoo": null, "objectid": 15926439, "osm_id2": "24400239" }, "geometry": { "type": "Polygon", "coordinates": [ [ [ -70.578056300045006, -33.437716199707303 ], [ -70.5780231998217, -33.4377003997351 ], [ -70.577089299574197, -33.437722799457603 ], [ -70.577040399781694, -33.437758599571097 ], [ -70.576961599564996, -33.438259999758799 ], [ -70.577983600287297, -33.438188699781598 ], [ -70.578012599701395, -33.438137299353698 ], [ -70.578056300045006, -33.437716199707303 ] ] ] } },
{ "type": "Feature", "properties": { "access": null, "area": null, "barrier": null, "boundary": null, "building": null, "description": null, "ele": null, "golf": null, "landuse": null, "leisure": "sports_centre", "lit": null, "location": null, "name": "Club Providencia", "name_en": null, "name_es": null, "opening_hours": null, "operator": null, "phone": null, "protect_class": null, "source_transform": null, "sport": null, "surface": null, "type": null, "website": null, "wheelchair": null, "zoo": null, "objectid": 15927178, "osm_id2": "141352475" }, "geometry": { "type": "Polygon", "coordinates": [ [ [ -70.593252199594502, -33.430575099460697 ], [ -70.592786099726197, -33.430440499546499 ], [ -70.592610499749398, -33.430389799241702 ], [ -70.591903000106399, -33.4301754996388 ], [ -70.591530200161799, -33.430878399817999 ], [ -70.591188199854997, -33.431620399308201 ], [ -70.591223100302102, -33.431666299422503 ], [ -70.591762199965302, -33.4318117993109 ], [ -70.591845400130296, -33.431834199803802 ], [ -70.592072699948403, -33.431884499684699 ], [ -70.592165200371497, -33.431908599685897 ], [ -70.592576900062795, -33.432018299699898 ], [ -70.5927619000107, -33.431622999960403 ], [ -70.593252199594502, -33.430575099460697 ] ] ] } },
{ "type": "Feature", "properties": { "access": null, "area": null, "barrier": null, "boundary": null, "building": null, "description": null, "ele": null, "golf": null, "landuse": null, "leisure": "swimming_pool", "lit": null, "location": null, "name": "Club Providencia", "name_en": null, "name_es": null, "opening_hours": null, "operator": null, "phone": null, "protect_class": null, "source_transform": null, "sport": null, "surface": null, "type": null, "website": null, "wheelchair": null, "zoo": null, "objectid": 15927179, "osm_id2": "184793038" }, "geometry": { "type": "Polygon", "coordinates": [ [ [ -70.591598899721404, -33.431214699597199 ], [ -70.591510800144903, -33.431207099269301 ], [ -70.591470899674903, -33.431261999591101 ], [ -70.591587899850794, -33.431279599233598 ], [ -70.591598899721404, -33.431214699597199 ] ] ] } },
{ "type": "Feature", "properties": { "access": null, "area": null, "barrier": null, "boundary": null, "building": "yes", "description": null, "ele": null, "golf": null, "landuse": null, "leisure": "swimming_pool", "lit": null, "location": null, "name": "Spa Providencia", "name_en": null, "name_es": null, "opening_hours": null, "operator": null, "phone": null, "protect_class": null, "source_transform": null, "sport": null, "surface": null, "type": null, "website": null, "wheelchair": null, "zoo": null, "objectid": 15927185, "osm_id2": "138966450" }, "geometry": { "type": "Polygon", "coordinates": [ [ [ -70.5928283995963, -33.431254499725299 ], [ -70.592524999897293, -33.431162799494999 ], [ -70.592386699767701, -33.431481399615798 ], [ -70.592690200077996, -33.4315730995095 ], [ -70.5928283995963, -33.431254499725299 ] ] ] } },
{ "type": "Feature", "properties": { "access": null, "area": null, "barrier": null, "boundary": null, "building": null, "description": null, "ele": null, "golf": null, "landuse": null, "leisure": "swimming_pool", "lit": null, "location": null, "name": "Club Providencia", "name_en": null, "name_es": null, "opening_hours": null, "operator": null, "phone": null, "protect_class": null, "source_transform": null, "sport": null, "surface": null, "type": null, "website": null, "wheelchair": null, "zoo": null, "objectid": 15927187, "osm_id2": "184793036" }, "geometry": { "type": "Polygon", "coordinates": [ [ [ -70.591808500033395, -33.431410599356802 ], [ -70.591629400220299, -33.431336099339603 ], [ -70.591418200008803, -33.431268399666003 ], [ -70.591335099556801, -33.431497899426397 ], [ -70.5913377998925, -33.431511299288502 ], [ -70.591353199711406, -33.431520799290098 ], [ -70.591728399954505, -33.431615399668303 ], [ -70.591739799575393, -33.431607299336399 ], [ -70.591808500033395, -33.431410599356802 ] ] ] } },
{ "type": "Feature", "properties": { "access": null, "area": null, "barrier": null, "boundary": null, "building": null, "description": null, "ele": null, "golf": null, "landuse": null, "leisure": "park", "lit": null, "location": null, "name": "Plaza Río de Janeiro", "name_en": null, "name_es": null, "opening_hours": null, "operator": null, "phone": null, "protect_class": null, "source_transform": null, "sport": null, "surface": null, "type": null, "website": null, "wheelchair": null, "zoo": null, "objectid": 15927229, "osm_id2": "13916846" }, "geometry": { "type": "Polygon", "coordinates": [ [ [ -70.5953892, -33.431997 ], [ -70.5941521, -33.4316629 ], [ -70.5939006, -33.4324285 ], [ -70.5951244, -33.4327435 ], [ -70.5953892, -33.431997 ] ] ] } },
{ "type": "Feature", "properties": { "access": null, "area": null, "barrier": null, "boundary": null, "building": null, "description": null, "ele": null, "golf": null, "landuse": null, "leisure": "park", "lit": null, "location": null, "name": "Parque Central Avenida Pocuro", "name_en": null, "name_es": null, "opening_hours": null, "operator": null, "phone": null, "protect_class": null, "source_transform": null, "sport": null, "surface": null, "type": null, "website": null, "wheelchair": null, "zoo": null, "objectid": 15927232, "osm_id2": "33104207" }, "geometry": { "type": "Polygon", "coordinates": [ [ [ -70.601443700413498, -33.4344739996763 ], [ -70.601356599763506, -33.434465099725202 ], [ -70.600556800021707, -33.434256799225302 ], [ -70.599460799679505, -33.433972299486797 ], [ -70.598596100251598, -33.433747999950299 ], [ -70.597694600439794, -33.433512999834498 ], [ -70.596247000393802, -33.433122999577698 ], [ -70.591902700068999, -33.432029799792403 ], [ -70.590140599842002, -33.431576099744802 ], [ -70.588136100015305, -33.431068299831402 ], [ -70.587937999935605, -33.431000199614999 ], [ -70.587903400424196, -33.4310626996593 ], [ -70.587891999904897, -33.431133899785699 ], [ -70.588119899797505, -33.431165199244703 ], [ -70.5884468003227, -33.431243899903997 ], [ -70.590038800059105, -33.431657699806301 ], [ -70.592544699951503, -33.432309999750899 ], [ -70.593543799922202, -33.432557299302402 ], [ -70.5961635999045, -33.433236599337498 ], [ -70.597709299572799, -33.433593499813398 ], [ -70.599601800144796, -33.434077799532901 ], [ -70.601335400421107, -33.434534799242698 ], [ -70.601404000267806, -33.434539199737401 ], [ -70.601436000054903, -33.4345194994631 ], [ -70.601443700413498, -33.4344739996763 ] ] ] } },
{ "type": "Feature", "properties": { "access": null, "area": null, "barrier": null, "boundary": null, "building": null, "description": null, "ele": null, "golf": null, "landuse": null, "leisure": "park", "lit": null, "location": null, "name": "Plazuela Las Dalias", "name_en": null, "name_es": null, "opening_hours": null, "operator": null, "phone": null, "protect_class": null, "source_transform": null, "sport": null, "surface": null, "type": null, "website": null, "wheelchair": null, "zoo": null, "objectid": 15927255, "osm_id2": "37777235" }, "geometry": { "type": "Polygon", "coordinates": [ [ [ -70.599599399846397, -33.430987299716598 ], [ -70.599598799771798, -33.430931099259404 ], [ -70.599578199605702, -33.430877999483599 ], [ -70.599516700042997, -33.430814899553901 ], [ -70.599442400385897, -33.430782999466203 ], [ -70.599366100180603, -33.430775699726503 ], [ -70.599317099776798, -33.430782799298697 ], [ -70.599235200372306, -33.430819699822202 ], [ -70.599189600091805, -33.430864499814902 ], [ -70.599164099615905, -33.430915099384002 ], [ -70.599161499891395, -33.4309969999426 ], [ -70.599194500401694, -33.431063599285402 ], [ -70.599245000093703, -33.431108399901902 ], [ -70.599310700178705, -33.431137099452997 ], [ -70.599382100074095, -33.431146199912099 ], [ -70.599450999958094, -33.431136299536199 ], [ -70.599487299980396, -33.431122899616298 ], [ -70.599542000194702, -33.431087199472501 ], [ -70.599581400302995, -33.431038099380999 ], [ -70.599599399846397, -33.430987299716598 ] ] ] } },
{ "type": "Feature", "properties": { "access": null, "area": null, "barrier": null, "boundary": null, "building": null, "description": null, "ele": null, "golf": null, "landuse": null, "leisure": "pitch", "lit": "no", "location": null, "name": "Colegio San Ignacio El Bosque", "name_en": null, "name_es": null, "opening_hours": null, "operator": null, "phone": null, "protect_class": null, "source_transform": null, "sport": "soccer", "surface": "grass", "type": null, "website": null, "wheelchair": null, "zoo": null, "objectid": 15927793, "osm_id2": "37021110" }, "geometry": { "type": "Polygon", "coordinates": [ [ [ -70.5948709, -33.4347894 ], [ -70.5938155, -33.4346498 ], [ -70.5937065, -33.4352237 ], [ -70.5947619, -33.4353633 ], [ -70.5948709, -33.4347894 ] ] ] } },
{ "type": "Feature", "properties": { "access": null, "area": null, "barrier": null, "boundary": null, "building": null, "description": null, "ele": null, "golf": null, "landuse": null, "leisure": "track", "lit": null, "location": null, "name": "Colegio San Ignacio El Bosque", "name_en": null, "name_es": null, "opening_hours": null, "operator": null, "phone": null, "protect_class": null, "source_transform": null, "sport": null, "surface": null, "type": null, "website": null, "wheelchair": null, "zoo": null, "objectid": 15927794, "osm_id2": "-8806183" }, "geometry": { "type": "Polygon", "coordinates": [ [ [ -70.595194899821195, -33.435091799642301 ], [ -70.595181300226102, -33.434976599549501 ], [ -70.595136699770606, -33.4348830995811 ], [ -70.595052499780707, -33.434783199696803 ], [ -70.594958100319005, -33.4347330994053 ], [ -70.593821400006306, -33.434595599516101 ], [ -70.593738700202906, -33.434599199373203 ], [ -70.593662099960298, -33.434625599319702 ], [ -70.593575099921694, -33.4346775993045 ], [ -70.593516200083499, -33.4347330994053 ], [ -70.593462499694098, -33.434816299262998 ], [ -70.593422500409403, -33.434923599704099 ], [ -70.593412200326398, -33.434954699887498 ], [ -70.593409499990699, -33.435041999390599 ], [ -70.593443900076096, -33.435132899390403 ], [ -70.593481899710994, -33.435200899658803 ], [ -70.593524799655697, -33.435250099347797 ], [ -70.593575799709299, -33.435285899731802 ], [ -70.593626700049896, -33.435308299328 ], [ -70.593685399563896, -33.435325799945602 ], [ -70.594817199566705, -33.435498199393599 ], [ -70.594901200130593, -33.435485899884 ], [ -70.595004299775795, -33.435433299913399 ], [ -70.595092299639305, -33.4353469993396 ], [ -70.595143299693007, -33.435247499553903 ], [ -70.595158700410195, -33.435194399420503 ], [ -70.595194899821195, -33.435091799642301 ] ], [ [ -70.595132599859596, -33.435086899906302 ], [ -70.595099300210407, -33.4351810998308 ], [ -70.595084799605004, -33.435231299567498 ], [ -70.595039500260199, -33.435319699280903 ], [ -70.594963899842497, -33.435393799313097 ], [ -70.594879099777998, -33.435437099892297 ], [ -70.594817499604005, -33.435446099447397 ], [ -70.593701400355698, -33.435276099531798 ], [ -70.593651499840007, -33.435261299900901 ], [ -70.593610300406098, -33.435243099844797 ], [ -70.593570099898798, -33.435214899420799 ], [ -70.593535099738702, -33.435174799748403 ], [ -70.593501299727805, -33.435114299742096 ], [ -70.593471199877598, -33.435034799713101 ], [ -70.593473499564794, -33.434962299887196 ], [ -70.593481499960703, -33.434937999826502 ], [ -70.593519399882496, -33.434836299332197 ], [ -70.593566999812793, -33.434762699594501 ], [ -70.593616499679896, -33.4347159997346 ], [ -70.593692100097599, -33.434670799913803 ], [ -70.593752400409301, -33.434649999922001 ], [ -70.593818599957601, -33.434647099497397 ], [ -70.594936300003695, -33.434782299359597 ], [ -70.595009299798704, -33.43482109931 ], [ -70.595082299593599, -33.434907699519201 ], [ -70.5951209999144, -33.434988899881098 ], [ -70.595132599859596, -33.435086899906302 ] ] ] } },
{ "type": "Feature", "properties": { "access": null, "area": null, "barrier": null, "boundary": null, "building": null, "description": null, "ele": null, "golf": null, "landuse": null, "leisure": "park", "lit": null, "location": null, "name": "Plaza Uruguay", "name_en": null, "name_es": null, "opening_hours": null, "operator": null, "phone": null, "protect_class": null, "source_transform": null, "sport": null, "surface": null, "type": null, "website": null, "wheelchair": null, "zoo": null, "objectid": 15927978, "osm_id2": "23395423" }, "geometry": { "type": "Polygon", "coordinates": [ [ [ -70.5932368, -33.4368146 ], [ -70.5932168, -33.4367938 ], [ -70.5924845, -33.4365674 ], [ -70.5924552, -33.4365691 ], [ -70.5924301, -33.4365783 ], [ -70.5924242, -33.4365804 ], [ -70.5922777, -33.4368084 ], [ -70.5920264, -33.4371747 ], [ -70.5920194, -33.4372031 ], [ -70.5920368, -33.4372262 ], [ -70.5927115, -33.437565 ], [ -70.5927487, -33.4375671 ], [ -70.5927721, -33.4375536 ], [ -70.5927802, -33.4375489 ], [ -70.5928326, -33.4374801 ], [ -70.5932413, -33.436842 ], [ -70.5932368, -33.4368146 ] ] ] } },
{ "type": "Feature", "properties": { "access": null, "area": null, "barrier": null, "boundary": null, "building": null, "description": null, "ele": null, "golf": null, "landuse": null, "leisure": "park", "lit": null, "location": null, "name": "Plaza Alcaldesa Alicia Cañas", "name_en": null, "name_es": null, "opening_hours": "24/7", "operator": "Municipalidad de Providencia", "phone": null, "protect_class": null, "source_transform": null, "sport": null, "surface": null, "type": null, "website": null, "wheelchair": null, "zoo": null, "objectid": 15928330, "osm_id2": "23364864" }, "geometry": { "type": "Polygon", "coordinates": [ [ [ -70.6009846, -33.4358019 ], [ -70.600114, -33.4355998 ], [ -70.6000212, -33.4356178 ], [ -70.5997681, -33.4365351 ], [ -70.5997929, -33.4366092 ], [ -70.6007078, -33.4368129 ], [ -70.6007959, -33.4367577 ], [ -70.6010272, -33.4358438 ], [ -70.6009846, -33.4358019 ] ] ] } },
{ "type": "Feature", "properties": { "access": null, "area": null, "barrier": null, "boundary": null, "building": null, "description": null, "ele": null, "golf": null, "landuse": null, "leisure": "park", "lit": null, "location": null, "name": "Patio Pileta", "name_en": null, "name_es": null, "opening_hours": null, "operator": null, "phone": null, "protect_class": null, "source_transform": null, "sport": null, "surface": null, "type": null, "website": null, "wheelchair": null, "zoo": null, "objectid": 15928578, "osm_id2": "543922589" }, "geometry": { "type": "Polygon", "coordinates": [ [ [ -70.608431200036904, -33.4368356997578 ], [ -70.608131999961898, -33.436776399582399 ], [ -70.608077700396194, -33.436967199748302 ], [ -70.608376899572903, -33.437026499793397 ], [ -70.608431200036904, -33.4368356997578 ] ] ] } },
{ "type": "Feature", "properties": { "access": "private", "area": null, "barrier": null, "boundary": null, "building": null, "description": null, "ele": null, "golf": null, "landuse": null, "leisure": "swimming_pool", "lit": null, "location": "outdoor", "name": "Piscina Amapolas 5565", "name_en": null, "name_es": null, "opening_hours": null, "operator": null, "phone": null, "protect_class": null, "source_transform": null, "sport": null, "surface": null, "type": null, "website": null, "wheelchair": null, "zoo": null, "objectid": 15928699, "osm_id2": "732484409" }, "geometry": { "type": "Polygon", "coordinates": [ [ [ -70.5740933, -33.4404911 ], [ -70.5741079, -33.4403748 ], [ -70.5740595, -33.4403705 ], [ -70.5740448, -33.4404868 ], [ -70.5740933, -33.4404911 ] ] ] } },
{ "type": "Feature", "properties": { "access": null, "area": null, "barrier": null, "boundary": null, "building": null, "description": null, "ele": null, "golf": null, "landuse": null, "leisure": "park", "lit": null, "location": null, "name": "Plaza Dinamarca", "name_en": null, "name_es": null, "opening_hours": null, "operator": null, "phone": null, "protect_class": null, "source_transform": null, "sport": null, "surface": null, "type": null, "website": null, "wheelchair": null, "zoo": null, "objectid": 15929227, "osm_id2": "37020596" }, "geometry": { "type": "Polygon", "coordinates": [ [ [ -70.5893862, -33.4393207 ], [ -70.5893956, -33.4392975 ], [ -70.5893914, -33.4392742 ], [ -70.5888224, -33.4384405 ], [ -70.5887996, -33.438407 ], [ -70.5887806, -33.4383951 ], [ -70.5887547, -33.4383964 ], [ -70.588563, -33.4384859 ], [ -70.5885455, -33.4385051 ], [ -70.5885462, -33.4385261 ], [ -70.5885612, -33.4385559 ], [ -70.5891301, -33.4393823 ], [ -70.5891435, -33.439402 ], [ -70.5891685, -33.4394145 ], [ -70.5891912, -33.4394156 ], [ -70.5893862, -33.4393207 ] ] ] } },
{ "type": "Feature", "properties": { "access": null, "area": null, "barrier": null, "boundary": null, "building": null, "description": null, "ele": null, "golf": null, "landuse": null, "leisure": "park", "lit": null, "location": null, "name": "Plaza El Bosque", "name_en": null, "name_es": null, "opening_hours": null, "operator": null, "phone": null, "protect_class": null, "source_transform": null, "sport": null, "surface": null, "type": null, "website": null, "wheelchair": null, "zoo": null, "objectid": 15929232, "osm_id2": "37020604" }, "geometry": { "type": "Polygon", "coordinates": [ [ [ -70.591672099840693, -33.4383231992228 ], [ -70.591483999806698, -33.438186599327103 ], [ -70.591306799930393, -33.438347799684898 ], [ -70.591189799754503, -33.438444799665596 ], [ -70.591053999636401, -33.438535099400298 ], [ -70.590811699749693, -33.438686999293999 ], [ -70.590550800245197, -33.4388246995956 ], [ -70.590539399725898, -33.438865699375299 ], [ -70.590629599563599, -33.439011499784399 ], [ -70.590686499751996, -33.439016099450903 ], [ -70.5908134002606, -33.438961499384803 ], [ -70.591076900387904, -33.438806199688599 ], [ -70.591280400240805, -33.438675299934403 ], [ -70.591532700173204, -33.4384784997835 ], [ -70.591672099840693, -33.4383231992228 ] ] ] } },
{ "type": "Feature", "properties": { "access": null, "area": null, "barrier": null, "boundary": null, "building": null, "description": null, "ele": null, "golf": null, "landuse": null, "leisure": "park", "lit": null, "location": null, "name": "Plaza Fanor Blanco", "name_en": null, "name_es": null, "opening_hours": null, "operator": null, "phone": null, "protect_class": null, "source_transform": null, "sport": null, "surface": null, "type": null, "website": null, "wheelchair": null, "zoo": null, "objectid": 15929787, "osm_id2": "24400498" }, "geometry": { "type": "Polygon", "coordinates": [ [ [ -70.577448599636696, -33.442653099963202 ], [ -70.577446699699905, -33.4426341998428 ], [ -70.577424699958598, -33.442632999751702 ], [ -70.576858199882594, -33.442590499576298 ], [ -70.576817899662302, -33.442888099312299 ], [ -70.577440200388807, -33.442707799650002 ], [ -70.577447599811805, -33.442693899292998 ], [ -70.577448599636696, -33.442653099963202 ] ] ] } },
{ "type": "Feature", "properties": { "access": null, "area": null, "barrier": null, "boundary": null, "building": null, "description": null, "ele": null, "golf": null, "landuse": null, "leisure": "park", "lit": null, "location": null, "name": "Plaza Pedro de Valdivia", "name_en": null, "name_es": null, "opening_hours": null, "operator": null, "phone": null, "protect_class": null, "source_transform": null, "sport": null, "surface": null, "type": null, "website": null, "wheelchair": null, "zoo": null, "objectid": 15931859, "osm_id2": "180565682" }, "geometry": { "type": "Polygon", "coordinates": [ [ [ -70.6074819, -33.4385256 ], [ -70.6074696, -33.4385409 ], [ -70.6074602, -33.4385559 ], [ -70.6072967, -33.4385287 ], [ -70.6073012, -33.4385059 ], [ -70.6072978, -33.4384822 ], [ -70.6072807, -33.4384592 ], [ -70.6072476, -33.4384415 ], [ -70.6071995, -33.4384284 ], [ -70.6069487, -33.4383781 ], [ -70.6067313, -33.438337 ], [ -70.6067146, -33.4383381 ], [ -70.6067017, -33.438342 ], [ -70.6066912, -33.438351 ], [ -70.606661, -33.4384707 ], [ -70.6066337, -33.4385859 ], [ -70.6065758, -33.4388051 ], [ -70.6064969, -33.4390874 ], [ -70.6065003, -33.4391145 ], [ -70.6065147, -33.4391325 ], [ -70.6065582, -33.4391562 ], [ -70.6070674, -33.4393469 ], [ -70.6073095, -33.4393847 ], [ -70.6077996, -33.439468 ], [ -70.6078438, -33.4394655 ], [ -70.6079126, -33.4394505 ], [ -70.6079456, -33.4394267 ], [ -70.6079747, -33.4393802 ], [ -70.6080967, -33.4387588 ], [ -70.6081238, -33.438742 ], [ -70.6081551, -33.4386017 ], [ -70.608156, -33.4385787 ], [ -70.608151, -33.4385637 ], [ -70.6081313, -33.4385522 ], [ -70.607802, -33.4385397 ], [ -70.6075859, -33.4385048 ], [ -70.6075397, -33.4385033 ], [ -70.6075188, -33.4385057 ], [ -70.6074991, -33.4385132 ], [ -70.6074819, -33.4385256 ] ] ] } },
{ "type": "Feature", "properties": { "access": null, "area": null, "barrier": null, "boundary": null, "building": null, "description": null, "ele": null, "golf": null, "landuse": null, "leisure": "park", "lit": null, "location": null, "name": "Plaza Ambrosio del Río", "name_en": null, "name_es": null, "opening_hours": null, "operator": null, "phone": null, "protect_class": null, "source_transform": null, "sport": null, "surface": null, "type": null, "website": null, "wheelchair": null, "zoo": null, "objectid": 15933288, "osm_id2": "30471017" }, "geometry": { "type": "Polygon", "coordinates": [ [ [ -70.6134218, -33.4342145 ], [ -70.6133956, -33.4341687 ], [ -70.6128261, -33.4340585 ], [ -70.612787, -33.4340807 ], [ -70.6125833, -33.4348579 ], [ -70.6131996, -33.4349412 ], [ -70.6134218, -33.4342145 ] ] ] } },
{ "type": "Feature", "properties": { "access": null, "area": null, "barrier": null, "boundary": null, "building": null, "description": null, "ele": null, "golf": null, "landuse": null, "leisure": "park", "lit": null, "location": null, "name": "Plaza Patricio Aylwin Azócar", "name_en": null, "name_es": null, "opening_hours": null, "operator": "I. Municipalidad de Providencia", "phone": null, "protect_class": null, "source_transform": null, "sport": null, "surface": null, "type": null, "website": null, "wheelchair": null, "zoo": null, "objectid": 15933708, "osm_id2": "13910379" }, "geometry": { "type": "Polygon", "coordinates": [ [ [ -70.6128303, -33.4376875 ], [ -70.611605, -33.4371834 ], [ -70.6112129, -33.4383706 ], [ -70.6113084, -33.4383916 ], [ -70.6124826, -33.4386501 ], [ -70.6125019, -33.4386343 ], [ -70.6128303, -33.4376875 ] ] ] } },
{ "type": "Feature", "properties": { "access": null, "area": null, "barrier": null, "boundary": null, "building": "yes", "description": null, "ele": null, "golf": null, "landuse": null, "leisure": "sports_centre", "lit": null, "location": null, "name": "Crossfit", "name_en": null, "name_es": null, "opening_hours": null, "operator": null, "phone": null, "protect_class": null, "source_transform": null, "sport": "fitness", "surface": null, "type": null, "website": null, "wheelchair": null, "zoo": null, "objectid": 15933773, "osm_id2": "448395741" }, "geometry": { "type": "Polygon", "coordinates": [ [ [ -70.614515399624693, -33.438336499830001 ], [ -70.614206799578497, -33.438272799625501 ], [ -70.614191099722305, -33.438325799674203 ], [ -70.614499699768501, -33.438389499839801 ], [ -70.614515399624693, -33.438336499830001 ] ] ] } },
{ "type": "Feature", "properties": { "access": null, "area": null, "barrier": null, "boundary": null, "building": null, "description": null, "ele": null, "golf": null, "landuse": null, "leisure": "park", "lit": null, "location": null, "name": "Parque Inés de Suárez", "name_en": null, "name_es": null, "opening_hours": null, "operator": null, "phone": null, "protect_class": null, "source_transform": null, "sport": null, "surface": null, "type": null, "website": null, "wheelchair": null, "zoo": null, "objectid": 15934916, "osm_id2": "-8234770" }, "geometry": { "type": "Polygon", "coordinates": [ [ [ -70.612501700151199, -33.4406387994987 ], [ -70.611767899633307, -33.4400796998153 ], [ -70.6117783003277, -33.440060199445703 ], [ -70.612041300093395, -33.439566599659599 ], [ -70.612137600390199, -33.4392475996912 ], [ -70.6120669002824, -33.438916099377799 ], [ -70.611197899720906, -33.438720799767097 ], [ -70.610893100446702, -33.439753699595698 ], [ -70.610295600408506, -33.441826899849197 ], [ -70.6108412002812, -33.441932299644598 ], [ -70.610883200113904, -33.441937399885298 ], [ -70.610929100431704, -33.441936399926298 ], [ -70.6109934000431, -33.441926999261803 ], [ -70.611049700156897, -33.4419129998332 ], [ -70.611255199659595, -33.441828999465898 ], [ -70.611450099940299, -33.441781699235001 ], [ -70.611621099644495, -33.441775899612097 ], [ -70.612077399791403, -33.4414954993427 ], [ -70.612272500396401, -33.4407020999259 ], [ -70.612301700134694, -33.440650999330003 ], [ -70.612319599965005, -33.440619599846698 ], [ -70.612501700151199, -33.4406387994987 ] ] ] } },
{ "type": "Feature", "properties": { "access": null, "area": null, "barrier": null, "boundary": null, "building": null, "description": null, "ele": null, "golf": null, "landuse": null, "leisure": "park", "lit": null, "location": null, "name": "Plaza Alférez Real", "name_en": null, "name_es": null, "opening_hours": null, "operator": null, "phone": null, "protect_class": null, "source_transform": null, "sport": null, "surface": null, "type": null, "website": null, "wheelchair": null, "zoo": null, "objectid": 15935234, "osm_id2": "180566529" }, "geometry": { "type": "Polygon", "coordinates": [ [ [ -70.621485199742096, -33.439006099523702 ], [ -70.621106799700001, -33.438911299557297 ], [ -70.621033000404495, -33.439128399902998 ], [ -70.621261500371801, -33.439119799527099 ], [ -70.621456600078403, -33.439097099568002 ], [ -70.621485199742096, -33.439006099523702 ] ] ] } },
{ "type": "Feature", "properties": { "access": null, "area": null, "barrier": null, "boundary": null, "building": null, "description": null, "ele": null, "golf": null, "landuse": null, "leisure": "park", "lit": null, "location": null, "name": "Plazoleta 19 de Junio", "name_en": null, "name_es": null, "opening_hours": null, "operator": null, "phone": null, "protect_class": null, "source_transform": null, "sport": null, "surface": null, "type": null, "website": null, "wheelchair": null, "zoo": null, "objectid": 15935239, "osm_id2": "190600695" }, "geometry": { "type": "Polygon", "coordinates": [ [ [ -70.6213435, -33.4392965 ], [ -70.6211734, -33.4393097 ], [ -70.6209646, -33.4393188 ], [ -70.62095, -33.4393276 ], [ -70.6212871, -33.4394039 ], [ -70.6213524, -33.4393884 ], [ -70.6213694, -33.4393226 ], [ -70.6213435, -33.4392965 ] ] ] } },
{ "type": "Feature", "properties": { "access": null, "area": null, "barrier": null, "boundary": null, "building": null, "description": null, "ele": null, "golf": null, "landuse": null, "leisure": "park", "lit": null, "location": null, "name": "Plazuela Doctor Sótero del Río", "name_en": null, "name_es": null, "opening_hours": null, "operator": null, "phone": null, "protect_class": null, "source_transform": null, "sport": null, "surface": null, "type": null, "website": null, "wheelchair": null, "zoo": null, "objectid": 15935241, "osm_id2": "180566534" }, "geometry": { "type": "Polygon", "coordinates": [ [ [ -70.6219858, -33.4394651 ], [ -70.6220286, -33.4393145 ], [ -70.6219832, -33.4393088 ], [ -70.6218585, -33.4393288 ], [ -70.6217035, -33.439375 ], [ -70.6216851, -33.4394112 ], [ -70.6219355, -33.439464 ], [ -70.6219858, -33.4394651 ] ] ] } },
{ "type": "Feature", "properties": { "access": null, "area": null, "barrier": null, "boundary": null, "building": "yes", "description": null, "ele": null, "golf": null, "landuse": null, "leisure": "fitness_centre", "lit": null, "location": null, "name": "Colegio Manquecura", "name_en": null, "name_es": null, "opening_hours": null, "operator": null, "phone": null, "protect_class": null, "source_transform": null, "sport": null, "surface": null, "type": null, "website": null, "wheelchair": null, "zoo": null, "objectid": 15938058, "osm_id2": "645492911" }, "geometry": { "type": "Polygon", "coordinates": [ [ [ -70.5751372, -33.4522212 ], [ -70.5751369, -33.4522148 ], [ -70.5751945, -33.4522131 ], [ -70.5751872, -33.4520917 ], [ -70.5751198, -33.4520967 ], [ -70.5751178, -33.4520816 ], [ -70.5747899, -33.4521158 ], [ -70.5747885, -33.4521874 ], [ -70.574816, -33.4522528 ], [ -70.5751372, -33.4522212 ] ] ] } },
{ "type": "Feature", "properties": { "access": null, "area": null, "barrier": null, "boundary": null, "building": null, "description": null, "ele": null, "golf": null, "landuse": null, "leisure": "park", "lit": null, "location": null, "name": "Plaza Los Guindos", "name_en": null, "name_es": null, "opening_hours": null, "operator": null, "phone": null, "protect_class": null, "source_transform": null, "sport": null, "surface": null, "type": null, "website": null, "wheelchair": null, "zoo": null, "objectid": 15938087, "osm_id2": "493040916" }, "geometry": { "type": "Polygon", "coordinates": [ [ [ -70.5760373, -33.4537649 ], [ -70.575774, -33.4537652 ], [ -70.5756331, -33.4538 ], [ -70.5758758, -33.4540199 ], [ -70.5759231, -33.4540131 ], [ -70.5759818, -33.4539544 ], [ -70.5760168, -33.4539198 ], [ -70.5760373, -33.4537649 ] ] ] } },
{ "type": "Feature", "properties": { "access": null, "area": null, "barrier": null, "boundary": null, "building": null, "description": null, "ele": null, "golf": null, "landuse": null, "leisure": "park", "lit": null, "location": null, "name": "Plaza Pedro Montt", "name_en": null, "name_es": null, "opening_hours": null, "operator": null, "phone": null, "protect_class": null, "source_transform": null, "sport": null, "surface": null, "type": null, "website": null, "wheelchair": null, "zoo": null, "objectid": 15938105, "osm_id2": "319625014" }, "geometry": { "type": "Polygon", "coordinates": [ [ [ -70.5779648, -33.4521334 ], [ -70.577932, -33.4521715 ], [ -70.5778415, -33.4529606 ], [ -70.5778606, -33.453001 ], [ -70.5778992, -33.4530133 ], [ -70.5785949, -33.4529666 ], [ -70.5786435, -33.4529565 ], [ -70.5786835, -33.4529296 ], [ -70.5787057, -33.4528892 ], [ -70.5787658, -33.4523067 ], [ -70.5787734, -33.4522258 ], [ -70.5787512, -33.4521913 ], [ -70.5787199, -33.4521795 ], [ -70.5785015, -33.4521645 ], [ -70.5780011, -33.4521263 ], [ -70.5779648, -33.4521334 ] ] ] } },
{ "type": "Feature", "properties": { "access": null, "area": null, "barrier": null, "boundary": null, "building": null, "description": "Plaza las Dichas. Contiene bancos, juegos, elementos para hacer ejercicios, y suelen realizar clases de ejercicio. Parte del Convento  nSto. Tomás donada por los Agustinos", "ele": null, "golf": null, "landuse": null, "leisure": "park", "lit": null, "location": null, "name": "Plaza Las Dichas", "name_en": null, "name_es": null, "opening_hours": null, "operator": null, "phone": null, "protect_class": null, "source_transform": null, "sport": null, "surface": null, "type": null, "website": null, "wheelchair": null, "zoo": null, "objectid": 15939444, "osm_id2": "557020037" }, "geometry": { "type": "Polygon", "coordinates": [ [ [ -70.5795861, -33.4606372 ], [ -70.5791313, -33.4606842 ], [ -70.5792204, -33.4610528 ], [ -70.5796448, -33.4609604 ], [ -70.5795861, -33.4606372 ] ] ] } },
{ "type": "Feature", "properties": { "access": null, "area": null, "barrier": null, "boundary": null, "building": null, "description": null, "ele": null, "golf": null, "landuse": null, "leisure": "park", "lit": null, "location": null, "name": "Plaza Quebrada de Vitor", "name_en": null, "name_es": null, "opening_hours": null, "operator": null, "phone": null, "protect_class": null, "source_transform": null, "sport": null, "surface": null, "type": null, "website": null, "wheelchair": null, "zoo": null, "objectid": 15942231, "osm_id2": "555748764" }, "geometry": { "type": "Polygon", "coordinates": [ [ [ -70.5333614, -33.4670783 ], [ -70.5329414, -33.4672094 ], [ -70.5330576, -33.4674601 ], [ -70.5334906, -33.4673329 ], [ -70.5333614, -33.4670783 ] ] ] } },
{ "type": "Feature", "properties": { "access": null, "area": null, "barrier": null, "boundary": null, "building": null, "description": null, "ele": null, "golf": null, "landuse": null, "leisure": "park", "lit": null, "location": null, "name": "Villa Grimaldi", "name_en": null, "name_es": null, "opening_hours": null, "operator": null, "phone": null, "protect_class": null, "source_transform": null, "sport": null, "surface": null, "type": null, "website": null, "wheelchair": null, "zoo": null, "objectid": 15942334, "osm_id2": "111293916" }, "geometry": { "type": "Polygon", "coordinates": [ [ [ -70.542046, -33.4630009 ], [ -70.5420745, -33.4631609 ], [ -70.5421488, -33.4643621 ], [ -70.5430737, -33.4641966 ], [ -70.5430308, -33.4633195 ], [ -70.5422125, -33.4630042 ], [ -70.542046, -33.4630009 ] ] ] } },
{ "type": "Feature", "properties": { "access": "yes", "area": null, "barrier": null, "boundary": null, "building": null, "description": null, "ele": null, "golf": null, "landuse": null, "leisure": "park", "lit": null, "location": null, "name": "Parque Deportivo de Peñalolén", "name_en": null, "name_es": null, "opening_hours": "Tu-Su 09:00-18:00", "operator": null, "phone": null, "protect_class": null, "source_transform": null, "sport": null, "surface": null, "type": null, "website": null, "wheelchair": null, "zoo": null, "objectid": 15942378, "osm_id2": "237055874" }, "geometry": { "type": "Polygon", "coordinates": [ [ [ -70.5492078, -33.4658481 ], [ -70.5491538, -33.4658046 ], [ -70.5479608, -33.4643413 ], [ -70.5477755, -33.4640574 ], [ -70.5477612, -33.46402 ], [ -70.5477413, -33.4639746 ], [ -70.5475046, -33.4640191 ], [ -70.5472674, -33.4640637 ], [ -70.5471806, -33.46408 ], [ -70.5470275, -33.4640331 ], [ -70.5466279, -33.4640309 ], [ -70.5464455, -33.4640936 ], [ -70.5463033, -33.4641808 ], [ -70.546011, -33.4645567 ], [ -70.5460003, -33.4646395 ], [ -70.5460995, -33.4649237 ], [ -70.5460217, -33.465002 ], [ -70.5443949, -33.4652648 ], [ -70.5445214, -33.4657658 ], [ -70.5441072, -33.4658455 ], [ -70.5437259, -33.4659188 ], [ -70.5438275, -33.4663311 ], [ -70.5438351, -33.4663621 ], [ -70.5438827, -33.4665551 ], [ -70.5438936, -33.4665995 ], [ -70.5440449, -33.4665451 ], [ -70.544078, -33.4664558 ], [ -70.5441345, -33.4664425 ], [ -70.5445, -33.4663721 ], [ -70.5446063, -33.4667086 ], [ -70.5446243, -33.4667746 ], [ -70.5462476, -33.4664644 ], [ -70.5464059, -33.4664317 ], [ -70.5465638, -33.4664015 ], [ -70.5492078, -33.4658481 ] ] ] } },
{ "type": "Feature", "properties": { "access": null, "area": null, "barrier": null, "boundary": null, "building": null, "description": null, "ele": null, "golf": null, "landuse": null, "leisure": "park", "lit": null, "location": null, "name": "Parque Centro Ceremonial de Pueblos Originarios", "name_en": null, "name_es": null, "opening_hours": null, "operator": "Oficina de Pueblos Originarios Municipalidad de Peñalolen", "phone": null, "protect_class": null, "source_transform": null, "sport": null, "surface": null, "type": null, "website": null, "wheelchair": null, "zoo": null, "objectid": 15942380, "osm_id2": "729764785" }, "geometry": { "type": "Polygon", "coordinates": [ [ [ -70.5499868, -33.4644032 ], [ -70.5504307, -33.4635993 ], [ -70.5507543, -33.4628478 ], [ -70.5490469, -33.4631269 ], [ -70.547902, -33.463309 ], [ -70.547795, -33.4633316 ], [ -70.5478796, -33.4635693 ], [ -70.5481809, -33.464148 ], [ -70.5482984, -33.4640849 ], [ -70.548647, -33.4645503 ], [ -70.5485746, -33.464604 ], [ -70.54956, -33.4657967 ], [ -70.5496224, -33.4653705 ], [ -70.5498387, -33.4647965 ], [ -70.5499868, -33.4644032 ] ] ] } },
{ "type": "Feature", "properties": { "access": null, "area": null, "barrier": null, "boundary": null, "building": null, "description": null, "ele": null, "golf": null, "landuse": null, "leisure": "park", "lit": null, "location": null, "name": "Plaza Buen Día", "name_en": null, "name_es": null, "opening_hours": null, "operator": null, "phone": null, "protect_class": null, "source_transform": null, "sport": null, "surface": null, "type": null, "website": null, "wheelchair": null, "zoo": null, "objectid": 15942414, "osm_id2": "555744999" }, "geometry": { "type": "Polygon", "coordinates": [ [ [ -70.5386221, -33.4655673 ], [ -70.5377517, -33.4658015 ], [ -70.5377772, -33.4658653 ], [ -70.5386902, -33.4657114 ], [ -70.5386221, -33.4655673 ] ] ] } },
{ "type": "Feature", "properties": { "access": null, "area": null, "barrier": null, "boundary": null, "building": null, "description": "canchas de voliebol playa interior del parque de peñalolen", "ele": null, "golf": null, "landuse": null, "leisure": "pitch", "lit": null, "location": null, "name": "Cancha Volleyball", "name_en": null, "name_es": null, "opening_hours": null, "operator": null, "phone": null, "protect_class": null, "source_transform": null, "sport": "beachvolleyball", "surface": "sand", "type": null, "website": null, "wheelchair": null, "zoo": null, "objectid": 15942417, "osm_id2": "555747919" }, "geometry": { "type": "Polygon", "coordinates": [ [ [ -70.544436800231097, -33.465701799417303 ], [ -70.544356600439201, -33.465387899261202 ], [ -70.543702299925599, -33.465504299957097 ], [ -70.543782499717494, -33.465818099273598 ], [ -70.544436800231097, -33.465701799417303 ] ] ] } },
{ "type": "Feature", "properties": { "access": null, "area": null, "barrier": null, "boundary": null, "building": null, "description": null, "ele": null, "golf": null, "landuse": null, "leisure": "park", "lit": null, "location": null, "name": "Plaza Volcán Antuco", "name_en": null, "name_es": null, "opening_hours": null, "operator": null, "phone": null, "protect_class": null, "source_transform": null, "sport": null, "surface": null, "type": null, "website": null, "wheelchair": null, "zoo": null, "objectid": 15942426, "osm_id2": "555748361" }, "geometry": { "type": "Polygon", "coordinates": [ [ [ -70.5395446, -33.4674885 ], [ -70.5386091, -33.4676602 ], [ -70.5386401, -33.4677776 ], [ -70.5395756, -33.4676059 ], [ -70.5395446, -33.4674885 ] ] ] } },
{ "type": "Feature", "properties": { "access": null, "area": null, "barrier": null, "boundary": null, "building": null, "description": null, "ele": null, "golf": null, "landuse": null, "leisure": "pitch", "lit": null, "location": null, "name": "Centro de Tiro con Arco Parque Peñalolén", "name_en": null, "name_es": null, "opening_hours": null, "operator": null, "phone": null, "protect_class": null, "source_transform": null, "sport": "archery", "surface": "grass", "type": null, "website": null, "wheelchair": null, "zoo": null, "objectid": 15942435, "osm_id2": "182965771" }, "geometry": { "type": "Polygon", "coordinates": [ [ [ -70.5471442, -33.4652368 ], [ -70.5463864, -33.4653835 ], [ -70.5466272, -33.4662246 ], [ -70.5474282, -33.4660609 ], [ -70.5471442, -33.4652368 ] ] ] } },
{ "type": "Feature", "properties": { "access": null, "area": null, "barrier": null, "boundary": null, "building": "yes", "description": null, "ele": null, "golf": null, "landuse": null, "leisure": "stadium", "lit": null, "location": null, "name": "Velódromo Peñalolén​", "name_en": null, "name_es": null, "opening_hours": null, "operator": null, "phone": null, "protect_class": null, "source_transform": null, "sport": "cycling", "surface": null, "type": null, "website": null, "wheelchair": null, "zoo": null, "objectid": 15942436, "osm_id2": "262878207" }, "geometry": { "type": "Polygon", "coordinates": [ [ [ -70.546034600389305, -33.466020899926903 ], [ -70.545956700284506, -33.4659524996665 ], [ -70.545970099555305, -33.465903299406399 ], [ -70.5459753996155, -33.4658570996667 ], [ -70.545974699827894, -33.465813999371598 ], [ -70.545969999842299, -33.46576929986 ], [ -70.545961299658799, -33.4657294998296 ], [ -70.545947300313401, -33.465689299607099 ], [ -70.545928500371105, -33.465648999697102 ], [ -70.545904299757396, -33.465612599593101 ], [ -70.545874799981803, -33.465577399247401 ], [ -70.545838599672393, -33.465542699480203 ], [ -70.545804399911205, -33.465514199408403 ], [ -70.545768799676594, -33.4654899993321 ], [ -70.545728500354599, -33.465469499742198 ], [ -70.5456861995862, -33.465451599785702 ], [ -70.5456353001439, -33.465435999707402 ], [ -70.545587000425996, -33.4654269995169 ], [ -70.545542099933101, -33.465423699946399 ], [ -70.545493100427606, -33.465423099683797 ], [ -70.5454375001014, -33.465427599779403 ], [ -70.545391200033393, -33.465433199231903 ], [ -70.545340199979805, -33.465448299466701 ], [ -70.545293999624704, -33.465464499805002 ], [ -70.544837700376107, -33.4657807992252 ], [ -70.544812400224501, -33.465805299724899 ], [ -70.544787700147396, -33.465833599614498 ], [ -70.544764599969895, -33.4658656996396 ], [ -70.5447430996919, -33.465902999651398 ], [ -70.544726099973502, -33.465940199229401 ], [ -70.544713800240601, -33.465978799395103 ], [ -70.544706099881907, -33.466019899496303 ], [ -70.544702999795902, -33.466063599947098 ], [ -70.544706099881907, -33.466109899244998 ], [ -70.544713800240601, -33.466153599650497 ], [ -70.544733800332097, -33.466202399597201 ], [ -70.544752300236993, -33.466242299827897 ], [ -70.544783099874905, -33.4662884993623 ], [ -70.544815500310506, -33.4663257999416 ], [ -70.544852400407393, -33.466359199964501 ], [ -70.544897399714998, -33.466385599237597 ], [ -70.544941100058594, -33.466406799283902 ], [ -70.544991899787902, -33.466427999324999 ], [ -70.5450325997585, -33.466439899522598 ], [ -70.545077999714593, -33.466450199786699 ], [ -70.545143999836895, -33.466456899266703 ], [ -70.545201100349601, -33.466456399428502 ], [ -70.545245399869501, -33.466453499318199 ], [ -70.545297999822694, -33.4664465997527 ], [ -70.5453458000773, -33.4664318998623 ], [ -70.545386700372106, -33.4664153999517 ], [ -70.545427500055695, -33.466398699952599 ], [ -70.545484100206806, -33.466451499965501 ], [ -70.545981400361597, -33.466062499848597 ], [ -70.546034600389305, -33.466020899926903 ] ] ] } },
{ "type": "Feature", "properties": { "access": null, "area": null, "barrier": null, "boundary": null, "building": null, "description": null, "ele": null, "golf": null, "landuse": null, "leisure": "park", "lit": null, "location": null, "name": "Parque Tobalaba - Canal San Carlos", "name_en": null, "name_es": null, "opening_hours": null, "operator": null, "phone": null, "protect_class": null, "source_transform": null, "sport": null, "surface": null, "type": null, "website": null, "wheelchair": null, "zoo": null, "objectid": 15942493, "osm_id2": "237051950" }, "geometry": { "type": "Polygon", "coordinates": [ [ [ -70.554983999932006, -33.473320399577602 ], [ -70.554962300227999, -33.473220999553902 ], [ -70.554912900073901, -33.473088199751302 ], [ -70.554658899630695, -33.472562499335503 ], [ -70.554472100357302, -33.472245099916996 ], [ -70.553896200310106, -33.471508699294702 ], [ -70.552311299959399, -33.469547699330903 ], [ -70.551627799707504, -33.468699899516203 ], [ -70.551274900141394, -33.4682510995329 ], [ -70.550513400071694, -33.467336799520403 ], [ -70.550283000167596, -33.4670683992398 ], [ -70.550150600172799, -33.4667927995878 ], [ -70.5500814002515, -33.4665761993828 ], [ -70.550189700243905, -33.465798499776596 ], [ -70.550321200126703, -33.465349699757198 ], [ -70.550474600037901, -33.464884299790398 ], [ -70.550681500014207, -33.4645013994961 ], [ -70.550987999799204, -33.463911599908101 ], [ -70.5513230004333, -33.4632825999267 ], [ -70.5514971002235, -33.4629156992739 ], [ -70.551529499760903, -33.462819999913201 ], [ -70.551508700168796, -33.462770799373899 ], [ -70.5514571997536, -33.462731699418804 ], [ -70.551396199654206, -33.462713099692799 ], [ -70.551353199996498, -33.462730999465499 ], [ -70.551055500108006, -33.463299699961503 ], [ -70.551002500404493, -33.463401099546502 ], [ -70.550396799646094, -33.464703699634903 ], [ -70.550025599601, -33.465832399844501 ], [ -70.549914699884198, -33.466233699892399 ], [ -70.549898799703698, -33.466439599769501 ], [ -70.549881700272294, -33.466660999350403 ], [ -70.549893399930497, -33.466732699321902 ], [ -70.549928499803599, -33.466841999343004 ], [ -70.550008399558294, -33.467006699243498 ], [ -70.551065599866703, -33.468308999355301 ], [ -70.551382800383394, -33.468674899260002 ], [ -70.551749899619196, -33.469197199438902 ], [ -70.552028799565505, -33.469562699934002 ], [ -70.552473499767103, -33.470112099538603 ], [ -70.552662100162706, -33.4703538997544 ], [ -70.552970199847294, -33.470751099430998 ], [ -70.553319300438005, -33.471142599290602 ], [ -70.553627199798299, -33.471465399488501 ], [ -70.553800100337597, -33.471679199939601 ], [ -70.554161400050006, -33.472129699642402 ], [ -70.554470099809095, -33.472578999574502 ], [ -70.554688700341998, -33.4730347998252 ], [ -70.554829999946307, -33.473355399706598 ], [ -70.554983999932006, -33.473320399577602 ] ] ] } },
{ "type": "Feature", "properties": { "access": null, "area": null, "barrier": null, "boundary": null, "building": null, "description": "Parque 2", "ele": null, "golf": null, "landuse": null, "leisure": "park", "lit": null, "location": null, "name": "Parque 2", "name_en": null, "name_es": null, "opening_hours": null, "operator": null, "phone": null, "protect_class": null, "source_transform": null, "sport": null, "surface": null, "type": null, "website": null, "wheelchair": null, "zoo": null, "objectid": 15942613, "osm_id2": "555788532" }, "geometry": { "type": "Polygon", "coordinates": [ [ [ -70.5581556, -33.467763 ], [ -70.5580157, -33.4677946 ], [ -70.5589253, -33.4700702 ], [ -70.559068, -33.4700486 ], [ -70.5581556, -33.467763 ] ] ] } },
{ "type": "Feature", "properties": { "access": "customers", "area": null, "barrier": null, "boundary": null, "building": null, "description": null, "ele": null, "golf": null, "landuse": null, "leisure": "pitch", "lit": "no", "location": null, "name": "Arena de Equitación", "name_en": null, "name_es": null, "opening_hours": null, "operator": null, "phone": null, "protect_class": null, "source_transform": null, "sport": "equestrian", "surface": "grass", "type": null, "website": null, "wheelchair": null, "zoo": null, "objectid": 16975879, "osm_id2": "942763225" }, "geometry": { "type": "Polygon", "coordinates": [ [ [ -70.5209008, -33.4590118 ], [ -70.5206647, -33.4584524 ], [ -70.5201175, -33.4586113 ], [ -70.5200505, -33.458703 ], [ -70.5202758, -33.4592222 ], [ -70.5208471, -33.4590745 ], [ -70.5209008, -33.4590118 ] ] ] } },
{ "type": "Feature", "properties": { "access": null, "area": null, "barrier": null, "boundary": null, "building": null, "description": null, "ele": null, "golf": null, "landuse": null, "leisure": "park", "lit": null, "location": null, "name": "Parque de Peñalolén", "name_en": null, "name_es": null, "opening_hours": "24/7", "operator": null, "phone": null, "protect_class": null, "source_transform": null, "sport": null, "surface": null, "type": null, "website": null, "wheelchair": null, "zoo": null, "objectid": 17877731, "osm_id2": "985183745" }, "geometry": { "type": "Polygon", "coordinates": [ [ [ -70.5434566, -33.4669903 ], [ -70.5434094, -33.466816 ], [ -70.5434011, -33.4667856 ], [ -70.5418716, -33.466897 ], [ -70.5417032, -33.4670009 ], [ -70.5411465, -33.4671084 ], [ -70.5409848, -33.4670185 ], [ -70.5406564, -33.467132 ], [ -70.5403028, -33.4664213 ], [ -70.5402581, -33.4664288 ], [ -70.5405282, -33.4676136 ], [ -70.5434566, -33.4669903 ] ] ] } },
{ "type": "Feature", "properties": { "access": null, "area": null, "barrier": null, "boundary": null, "building": null, "description": null, "ele": null, "golf": null, "landuse": null, "leisure": "stadium", "lit": null, "location": null, "name": "Estadio Comando de Telecomunicaciones del Ejército de Chile", "name_en": null, "name_es": null, "opening_hours": null, "operator": null, "phone": null, "protect_class": null, "source_transform": null, "sport": null, "surface": null, "type": null, "website": null, "wheelchair": null, "zoo": null, "objectid": 17951031, "osm_id2": "988343119" }, "geometry": { "type": "Polygon", "coordinates": [ [ [ -70.5299287, -33.4611684 ], [ -70.5298569, -33.4611113 ], [ -70.5290207, -33.4610321 ], [ -70.5288794, -33.4610837 ], [ -70.5291908, -33.4624419 ], [ -70.5301871, -33.4622908 ], [ -70.5299287, -33.4611684 ] ] ] } },
{ "type": "Feature", "properties": { "access": null, "area": null, "barrier": null, "boundary": null, "building": "yes", "description": null, "ele": null, "golf": null, "landuse": null, "leisure": "fitness_centre", "lit": null, "location": null, "name": "Gimnasio Pacific", "name_en": null, "name_es": null, "opening_hours": null, "operator": null, "phone": null, "protect_class": null, "source_transform": null, "sport": null, "surface": null, "type": null, "website": null, "wheelchair": null, "zoo": null, "objectid": 20737588, "osm_id2": "1098702032" }, "geometry": { "type": "Polygon", "coordinates": [ [ [ -70.5787047, -33.4542808 ], [ -70.5787163, -33.4541703 ], [ -70.5786729, -33.4541671 ], [ -70.5786812, -33.4540888 ], [ -70.5786178, -33.4540842 ], [ -70.5785979, -33.454273 ], [ -70.5787047, -33.4542808 ] ] ] } },
{ "type": "Feature", "properties": { "access": null, "area": null, "barrier": null, "boundary": null, "building": null, "description": null, "ele": null, "golf": null, "landuse": null, "leisure": "park", "lit": null, "location": null, "name": "Plaza Las Lilas", "name_en": null, "name_es": null, "opening_hours": null, "operator": null, "phone": null, "protect_class": null, "source_transform": null, "sport": null, "surface": null, "type": null, "website": null, "wheelchair": null, "zoo": null, "objectid": 21433190, "osm_id2": "13916885" }, "geometry": { "type": "Polygon", "coordinates": [ [ [ -70.5940213, -33.4281497 ], [ -70.5940059, -33.4281536 ], [ -70.5939911, -33.4281637 ], [ -70.5939811, -33.4281737 ], [ -70.5937926, -33.428664 ], [ -70.593798, -33.4287065 ], [ -70.5938094, -33.4287306 ], [ -70.5938423, -33.4287485 ], [ -70.5942144, -33.4288386 ], [ -70.594537, -33.4289242 ], [ -70.5945873, -33.4289331 ], [ -70.5946174, -33.4289231 ], [ -70.5946402, -33.4289052 ], [ -70.5947281, -33.4286947 ], [ -70.5948481, -33.4283903 ], [ -70.5948401, -33.4283578 ], [ -70.5948213, -33.4283343 ], [ -70.5947904, -33.4283237 ], [ -70.5940213, -33.4281497 ] ] ] } },
{ "type": "Feature", "properties": { "access": null, "area": null, "barrier": null, "boundary": null, "building": null, "description": null, "ele": null, "golf": null, "landuse": null, "leisure": "park", "lit": null, "location": null, "name": "Parque Inés de Suárez", "name_en": null, "name_es": null, "opening_hours": null, "operator": null, "phone": null, "protect_class": null, "source_transform": null, "sport": null, "surface": null, "type": null, "website": null, "wheelchair": null, "zoo": null, "objectid": 21434381, "osm_id2": "582417570" }, "geometry": { "type": "Polygon", "coordinates": [ [ [ -70.6108931, -33.4397537 ], [ -70.6107533, -33.4402387 ], [ -70.6102956, -33.4418269 ], [ -70.6108412, -33.4419323 ], [ -70.6108832, -33.4419374 ], [ -70.6109291, -33.4419364 ], [ -70.6109934, -33.441927 ], [ -70.6110497, -33.441913 ], [ -70.6111795, -33.4418402 ], [ -70.6111958, -33.4418156 ], [ -70.6113259, -33.4417647 ], [ -70.6116312, -33.4417286 ], [ -70.611652, -33.4417674 ], [ -70.6117876, -33.4417983 ], [ -70.6122226, -33.4418939 ], [ -70.6120774, -33.4414955 ], [ -70.6122725, -33.4407021 ], [ -70.6123017, -33.440651 ], [ -70.6123196, -33.4406196 ], [ -70.6125017, -33.4406388 ], [ -70.6117679, -33.4400797 ], [ -70.6117783, -33.4400602 ], [ -70.6120413, -33.4395666 ], [ -70.6121376, -33.4392476 ], [ -70.6120669, -33.4389161 ], [ -70.6111979, -33.4387208 ], [ -70.6108931, -33.4397537 ] ] ] } },
{ "type": "Feature", "properties": { "access": null, "area": null, "barrier": null, "boundary": null, "building": null, "description": null, "ele": null, "golf": null, "landuse": null, "leisure": "pitch", "lit": null, "location": null, "name": "cancha palín", "name_en": null, "name_es": null, "opening_hours": null, "operator": null, "phone": null, "protect_class": null, "source_transform": null, "sport": null, "surface": null, "type": null, "website": null, "wheelchair": null, "zoo": null, "objectid": 21440204, "osm_id2": "1124228663" }, "geometry": { "type": "Polygon", "coordinates": [ [ [ -70.5498966, -33.4640693 ], [ -70.5488344, -33.4642533 ], [ -70.5488559, -33.4643398 ], [ -70.5499181, -33.4641556 ], [ -70.5498966, -33.4640693 ] ] ] } },
{ "type": "Feature", "properties": { "access": "yes", "area": null, "barrier": null, "boundary": null, "building": null, "description": null, "ele": null, "golf": null, "landuse": null, "leisure": "garden", "lit": null, "location": null, "name": "Ecoparque Peñalolén", "name_en": null, "name_es": null, "opening_hours": null, "operator": "Universidad Adolfo Ibañez y Municipalidad de Peñalolén", "phone": null, "protect_class": null, "source_transform": null, "sport": null, "surface": null, "type": null, "website": null, "wheelchair": null, "zoo": null, "objectid": 21604394, "osm_id2": "1136607423" }, "geometry": { "type": "Polygon", "coordinates": [ [ [ -70.5471806, -33.46408 ], [ -70.5470036, -33.4634334 ], [ -70.5446218, -33.463722 ], [ -70.5460217, -33.465002 ], [ -70.5460995, -33.4649237 ], [ -70.5460003, -33.4646395 ], [ -70.546011, -33.4645567 ], [ -70.5463033, -33.4641808 ], [ -70.5464455, -33.4640936 ], [ -70.5466279, -33.4640309 ], [ -70.5470275, -33.4640331 ], [ -70.5471806, -33.46408 ] ] ] } },
{ "type": "Feature", "properties": { "access": null, "area": null, "barrier": null, "boundary": null, "building": "yes", "description": null, "ele": null, "golf": null, "landuse": null, "leisure": "fitness_centre", "lit": null, "location": null, "name": "Gimnasio Bardi", "name_en": null, "name_es": null, "opening_hours": null, "operator": null, "phone": null, "protect_class": null, "source_transform": null, "sport": null, "surface": null, "type": null, "website": null, "wheelchair": null, "zoo": null, "objectid": 21683398, "osm_id2": "1146794795" }, "geometry": { "type": "Polygon", "coordinates": [ [ [ -70.5638162, -33.4437123 ], [ -70.5636744, -33.4436997 ], [ -70.5636174, -33.4441472 ], [ -70.5637592, -33.4441597 ], [ -70.5638162, -33.4437123 ] ] ] } },
{ "type": "Feature", "properties": { "access": null, "area": null, "barrier": null, "boundary": null, "building": null, "description": null, "ele": null, "golf": null, "landuse": null, "leisure": "park", "lit": null, "location": null, "name": "Parque Piscinas Anakena", "name_en": null, "name_es": null, "opening_hours": null, "operator": "Municipalidad de Las Condes", "phone": null, "protect_class": null, "source_transform": null, "sport": null, "surface": null, "type": null, "website": null, "wheelchair": null, "zoo": null, "objectid": 23416014, "osm_id2": "1228127639" }, "geometry": { "type": "Polygon", "coordinates": [ [ [ -70.5334805, -33.4274563 ], [ -70.5308535, -33.4274411 ], [ -70.5308279, -33.4275496 ], [ -70.5314842, -33.4281778 ], [ -70.5317256, -33.4283725 ], [ -70.5319946, -33.4285136 ], [ -70.5334805, -33.4274563 ] ] ] } },
{ "type": "Feature", "properties": { "access": null, "area": null, "barrier": null, "boundary": null, "building": null, "description": null, "ele": null, "golf": null, "landuse": null, "leisure": "sports_centre", "lit": null, "location": null, "name": "Complejo Deportivo Villa Lo Arrieta", "name_en": null, "name_es": null, "opening_hours": null, "operator": null, "phone": null, "protect_class": null, "source_transform": null, "sport": null, "surface": null, "type": null, "website": null, "wheelchair": null, "zoo": null, "objectid": 24070920, "osm_id2": "1306044809" }, "geometry": { "type": "Polygon", "coordinates": [ [ [ -70.5583275, -33.4668422 ], [ -70.5592533, -33.4665842 ], [ -70.5586529, -33.4650854 ], [ -70.5577274, -33.4653433 ], [ -70.5581085, -33.4662952 ], [ -70.5583275, -33.4668422 ] ] ] } },
{ "type": "Feature", "properties": { "access": "yes", "area": null, "barrier": null, "boundary": null, "building": null, "description": null, "ele": null, "golf": null, "landuse": null, "leisure": "garden", "lit": null, "location": null, "name": "Herbarium", "name_en": null, "name_es": null, "opening_hours": null, "operator": null, "phone": null, "protect_class": null, "source_transform": null, "sport": null, "surface": null, "type": null, "website": null, "wheelchair": null, "zoo": null, "objectid": 24806089, "osm_id2": "1329478644" }, "geometry": { "type": "Polygon", "coordinates": [ [ [ -70.5257897, -33.4669214 ], [ -70.5255117, -33.4662281 ], [ -70.5247949, -33.4664936 ], [ -70.5244612, -33.4668132 ], [ -70.5246454, -33.4672611 ], [ -70.5257897, -33.4669214 ] ] ] } },
{ "type": "Feature", "properties": { "access": null, "area": null, "barrier": null, "boundary": null, "building": null, "description": null, "ele": null, "golf": null, "landuse": null, "leisure": "park", "lit": null, "location": null, "name": "Centro Cívico La Reina", "name_en": null, "name_es": null, "opening_hours": null, "operator": null, "phone": null, "protect_class": null, "source_transform": null, "sport": null, "surface": null, "type": null, "website": null, "wheelchair": null, "zoo": null, "objectid": 25130323, "osm_id2": "1339751137" }, "geometry": { "type": "Polygon", "coordinates": [ [ [ -70.5428546, -33.4509223 ], [ -70.5432416, -33.4508687 ], [ -70.54326, -33.451022 ], [ -70.5435194, -33.4509991 ], [ -70.5435734, -33.4508304 ], [ -70.5437663, -33.4501885 ], [ -70.5435573, -33.4501885 ], [ -70.5435194, -33.4502872 ], [ -70.5435137, -33.4506388 ], [ -70.5432358, -33.4507441 ], [ -70.54285, -33.4507441 ], [ -70.5428546, -33.4509223 ] ] ] } },
{ "type": "Feature", "properties": { "access": null, "area": null, "barrier": null, "boundary": null, "building": null, "description": null, "ele": null, "golf": null, "landuse": null, "leisure": "park", "lit": null, "location": null, "name": "Plaza General Bonilla", "name_en": null, "name_es": null, "opening_hours": null, "operator": null, "phone": null, "protect_class": null, "source_transform": null, "sport": null, "surface": null, "type": null, "website": null, "wheelchair": null, "zoo": null, "objectid": 15930637, "osm_id2": "225863650" }, "geometry": { "type": "Polygon", "coordinates": [ [ [ -70.5909842, -33.443891 ], [ -70.5907292, -33.4439259 ], [ -70.5905466, -33.4439783 ], [ -70.5902649, -33.4440885 ], [ -70.5903634, -33.4442493 ], [ -70.5904283, -33.4443319 ], [ -70.5904492, -33.4443495 ], [ -70.5909705, -33.4440791 ], [ -70.5909952, -33.4440479 ], [ -70.59099, -33.4439439 ], [ -70.5909842, -33.443891 ] ] ] } },
{ "type": "Feature", "properties": { "access": "yes", "area": null, "barrier": null, "boundary": null, "building": null, "description": null, "ele": null, "golf": null, "landuse": null, "leisure": "park", "lit": null, "location": null, "name": "Parque Botánico de Ñuñoa", "name_en": null, "name_es": null, "opening_hours": "Mo-Su 06:00-21:00", "operator": null, "phone": null, "protect_class": null, "source_transform": null, "sport": null, "surface": null, "type": null, "website": null, "wheelchair": null, "zoo": null, "objectid": 15930785, "osm_id2": "50775206" }, "geometry": { "type": "Polygon", "coordinates": [ [ [ -70.5863282, -33.4446368 ], [ -70.5862339, -33.4445898 ], [ -70.5859022, -33.4446996 ], [ -70.5858718, -33.4447906 ], [ -70.5859565, -33.4453491 ], [ -70.5860724, -33.44584 ], [ -70.586196, -33.4463774 ], [ -70.5863401, -33.4463422 ], [ -70.5865773, -33.446256 ], [ -70.5870231, -33.4460663 ], [ -70.5871428, -33.4460031 ], [ -70.5869229, -33.4455786 ], [ -70.5866172, -33.4451063 ], [ -70.5863282, -33.4446368 ] ] ] } },
{ "type": "Feature", "properties": { "access": null, "area": null, "barrier": null, "boundary": null, "building": null, "description": null, "ele": null, "golf": null, "landuse": null, "leisure": "park", "lit": null, "location": null, "name": "Plaza El Aguilucho", "name_en": null, "name_es": null, "opening_hours": null, "operator": null, "phone": null, "protect_class": null, "source_transform": null, "sport": null, "surface": null, "type": null, "website": null, "wheelchair": null, "zoo": null, "objectid": 15932209, "osm_id2": "180564681" }, "geometry": { "type": "Polygon", "coordinates": [ [ [ -70.594089699832196, -33.442778899521699 ], [ -70.593794400242103, -33.442764499950897 ], [ -70.593692899598196, -33.442787699674597 ], [ -70.593601300185298, -33.442834299243202 ], [ -70.593852900330006, -33.4431564994902 ], [ -70.594060899844195, -33.443078699391698 ], [ -70.594089699832196, -33.442778899521699 ] ] ] } },
{ "type": "Feature", "properties": { "access": null, "area": null, "barrier": null, "boundary": null, "building": null, "description": null, "ele": null, "golf": null, "landuse": null, "leisure": "sports_centre", "lit": null, "location": null, "name": "Pasco Club", "name_en": null, "name_es": null, "opening_hours": null, "operator": null, "phone": null, "protect_class": null, "source_transform": null, "sport": "paddle_tennis;futsal;volleyball", "surface": null, "type": null, "website": null, "wheelchair": null, "zoo": null, "objectid": 15932352, "osm_id2": "618568229" }, "geometry": { "type": "Polygon", "coordinates": [ [ [ -70.597178900093098, -33.442102899686297 ], [ -70.597145700156801, -33.442099699673697 ], [ -70.596872199983693, -33.442073899427001 ], [ -70.596771300312696, -33.442064399830997 ], [ -70.596683299550804, -33.442712799400397 ], [ -70.596665600044801, -33.442842899250898 ], [ -70.596824500340503, -33.442857899227398 ], [ -70.596972900228806, -33.4428719996978 ], [ -70.596990800059103, -33.442739999686601 ], [ -70.597033700003806, -33.442423999253002 ], [ -70.597133999600302, -33.442433499559101 ], [ -70.597178900093098, -33.442102899686297 ] ] ] } },
{ "type": "Feature", "properties": { "access": null, "area": null, "barrier": null, "boundary": null, "building": "civic", "description": null, "ele": null, "golf": null, "landuse": null, "leisure": "sports_centre", "lit": null, "location": null, "name": "Centro Deportivo El Aguilucho", "name_en": null, "name_es": null, "opening_hours": null, "operator": null, "phone": "+5626543900", "protect_class": null, "source_transform": null, "sport": null, "surface": null, "type": null, "website": null, "wheelchair": null, "zoo": null, "objectid": 15932401, "osm_id2": "184743751" }, "geometry": { "type": "Polygon", "coordinates": [ [ [ -70.5989154, -33.4426552 ], [ -70.5986122, -33.4426319 ], [ -70.5986001, -33.4427413 ], [ -70.598613, -33.4427423 ], [ -70.5986109, -33.4427617 ], [ -70.5985641, -33.4427581 ], [ -70.5985617, -33.4427794 ], [ -70.5985912, -33.4427816 ], [ -70.5985718, -33.4429581 ], [ -70.5985849, -33.4429591 ], [ -70.5985801, -33.4430021 ], [ -70.5988679, -33.4430242 ], [ -70.5988729, -33.4429787 ], [ -70.5989328, -33.4429833 ], [ -70.5989466, -33.4428667 ], [ -70.5989259, -33.4428652 ], [ -70.5989322, -33.4428075 ], [ -70.5988989, -33.4428049 ], [ -70.5989154, -33.4426552 ] ] ] } },
{ "type": "Feature", "properties": { "access": null, "area": null, "barrier": null, "boundary": null, "building": null, "description": null, "ele": null, "golf": null, "landuse": null, "leisure": "park", "lit": null, "location": null, "name": "Plaza 18 de Septiembre", "name_en": null, "name_es": null, "opening_hours": null, "operator": null, "phone": null, "protect_class": null, "source_transform": null, "sport": null, "surface": null, "type": null, "website": null, "wheelchair": null, "zoo": null, "objectid": 15932638, "osm_id2": "19855050" }, "geometry": { "type": "Polygon", "coordinates": [ [ [ -70.5983337, -33.4443931 ], [ -70.5982428, -33.4445243 ], [ -70.5982368, -33.4445423 ], [ -70.5982464, -33.4445438 ], [ -70.598302, -33.4445127 ], [ -70.5983107, -33.4445196 ], [ -70.5982936, -33.4446772 ], [ -70.5982299, -33.4447131 ], [ -70.5982271, -33.4447363 ], [ -70.5982329, -33.4447614 ], [ -70.5982454, -33.4447829 ], [ -70.5982775, -33.444797 ], [ -70.5990398, -33.4448735 ], [ -70.5990673, -33.4448513 ], [ -70.5991255, -33.4444344 ], [ -70.5991074, -33.4444077 ], [ -70.5984912, -33.4443477 ], [ -70.5984097, -33.4443497 ], [ -70.5983337, -33.4443931 ] ] ] } },
{ "type": "Feature", "properties": { "access": null, "area": null, "barrier": null, "boundary": null, "building": null, "description": null, "ele": null, "golf": null, "landuse": null, "leisure": "park", "lit": null, "location": null, "name": "Plaza Pedro Lautaro Ferrer", "name_en": null, "name_es": null, "opening_hours": null, "operator": null, "phone": null, "protect_class": null, "source_transform": null, "sport": null, "surface": null, "type": null, "website": null, "wheelchair": null, "zoo": null, "objectid": 15932646, "osm_id2": "191507281" }, "geometry": { "type": "Polygon", "coordinates": [ [ [ -70.599608199742903, -33.444785599880099 ], [ -70.599276500417503, -33.444758499928099 ], [ -70.599239399996307, -33.445011299560697 ], [ -70.599570400432398, -33.445041299510898 ], [ -70.599608199742903, -33.444785599880099 ] ] ] } },
{ "type": "Feature", "properties": { "access": null, "area": null, "barrier": null, "boundary": null, "building": null, "description": null, "ele": null, "golf": null, "landuse": null, "leisure": "pitch", "lit": null, "location": null, "name": "Parque Inés de Suárez", "name_en": null, "name_es": null, "opening_hours": null, "operator": null, "phone": null, "protect_class": null, "source_transform": null, "sport": null, "surface": null, "type": null, "website": null, "wheelchair": null, "zoo": null, "objectid": 15935042, "osm_id2": "190428379" }, "geometry": { "type": "Polygon", "coordinates": [ [ [ -70.611948099882696, -33.440511699267702 ], [ -70.611768199670607, -33.440473199455901 ], [ -70.611700100185601, -33.440695299508 ], [ -70.611880000397605, -33.440733699523797 ], [ -70.611948099882696, -33.440511699267702 ] ] ] } },
{ "type": "Feature", "properties": { "access": null, "area": null, "barrier": null, "boundary": null, "building": null, "description": null, "ele": null, "golf": null, "landuse": null, "leisure": "pitch", "lit": null, "location": null, "name": "Parque Inés de Suárez", "name_en": null, "name_es": null, "opening_hours": null, "operator": null, "phone": null, "protect_class": null, "source_transform": null, "sport": "basketball;soccer", "surface": null, "type": null, "website": null, "wheelchair": null, "zoo": null, "objectid": 15935043, "osm_id2": "190428381" }, "geometry": { "type": "Polygon", "coordinates": [ [ [ -70.611874100262796, -33.440756699646201 ], [ -70.611693699689098, -33.440719599455598 ], [ -70.611625699917099, -33.440949599692701 ], [ -70.611805999879493, -33.440986699785 ], [ -70.611874100262796, -33.440756699646201 ] ] ] } },
{ "type": "Feature", "properties": { "access": null, "area": null, "barrier": null, "boundary": null, "building": null, "description": null, "ele": null, "golf": null, "landuse": null, "leisure": "park", "lit": null, "location": null, "name": "Plaza Teresa Salas", "name_en": null, "name_es": null, "opening_hours": null, "operator": null, "phone": null, "protect_class": null, "source_transform": null, "sport": null, "surface": null, "type": null, "website": null, "wheelchair": null, "zoo": null, "objectid": 15935957, "osm_id2": "570566323" }, "geometry": { "type": "Polygon", "coordinates": [ [ [ -70.6218957, -33.4429868 ], [ -70.6217635, -33.442933 ], [ -70.6217204, -33.4430149 ], [ -70.6216805, -33.4430728 ], [ -70.6212038, -33.4433318 ], [ -70.6211964, -33.4433462 ], [ -70.6214175, -33.4433956 ], [ -70.6216789, -33.4432497 ], [ -70.621823, -33.4432745 ], [ -70.6218957, -33.4429868 ] ] ] } },
{ "type": "Feature", "properties": { "access": "customers", "area": null, "barrier": null, "boundary": null, "building": "house", "description": null, "ele": null, "golf": null, "landuse": null, "leisure": "sports_centre", "lit": null, "location": null, "name": "Casa Boulder Escalada", "name_en": "Casa Boulder Climbing", "name_es": null, "opening_hours": null, "operator": null, "phone": null, "protect_class": null, "source_transform": null, "sport": "climbing", "surface": null, "type": null, "website": null, "wheelchair": null, "zoo": null, "objectid": 15936055, "osm_id2": "921469365" }, "geometry": { "type": "Polygon", "coordinates": [ [ [ -70.626267, -33.4428542 ], [ -70.626232, -33.4429692 ], [ -70.6263512, -33.4429945 ], [ -70.6263393, -33.4430414 ], [ -70.6264753, -33.4430721 ], [ -70.6265257, -33.4429071 ], [ -70.626267, -33.4428542 ] ] ] } },
{ "type": "Feature", "properties": { "access": null, "area": null, "barrier": null, "boundary": null, "building": "yes", "description": null, "ele": null, "golf": null, "landuse": null, "leisure": "fitness_centre", "lit": null, "location": null, "name": "Gimnasio Santa Isabel", "name_en": null, "name_es": null, "opening_hours": null, "operator": null, "phone": null, "protect_class": null, "source_transform": null, "sport": null, "surface": null, "type": null, "website": null, "wheelchair": null, "zoo": null, "objectid": 15936100, "osm_id2": "171402469" }, "geometry": { "type": "Polygon", "coordinates": [ [ [ -70.6206307, -33.444228 ], [ -70.6205764, -33.4444032 ], [ -70.620887, -33.4444662 ], [ -70.6209353, -33.4442895 ], [ -70.6206307, -33.444228 ] ] ] } },
{ "type": "Feature", "properties": { "access": null, "area": null, "barrier": null, "boundary": null, "building": "yes", "description": null, "ele": null, "golf": null, "landuse": null, "leisure": "sports_centre", "lit": null, "location": null, "name": "Centro Deportivo Providencia", "name_en": null, "name_es": null, "opening_hours": null, "operator": null, "phone": null, "protect_class": null, "source_transform": null, "sport": null, "surface": null, "type": null, "website": null, "wheelchair": null, "zoo": null, "objectid": 15936101, "osm_id2": "171402468" }, "geometry": { "type": "Polygon", "coordinates": [ [ [ -70.6208136, -33.4447178 ], [ -70.620887, -33.4444662 ], [ -70.6205764, -33.4444032 ], [ -70.6205031, -33.4446548 ], [ -70.6208136, -33.4447178 ] ] ] } },
{ "type": "Feature", "properties": { "access": null, "area": null, "barrier": null, "boundary": null, "building": null, "description": null, "ele": null, "golf": null, "landuse": null, "leisure": "park", "lit": null, "location": null, "name": "Parque Bustamante", "name_en": null, "name_es": null, "opening_hours": null, "operator": null, "phone": null, "protect_class": null, "source_transform": null, "sport": null, "surface": null, "type": null, "website": null, "wheelchair": null, "zoo": null, "objectid": 15936285, "osm_id2": "41989182" }, "geometry": { "type": "Polygon", "coordinates": [ [ [ -70.6333399, -33.4379032 ], [ -70.6334464, -33.4377068 ], [ -70.6334762, -33.4376981 ], [ -70.6334864, -33.4376878 ], [ -70.6334916, -33.4376752 ], [ -70.6334913, -33.4376621 ], [ -70.6334856, -33.43765 ], [ -70.6334752, -33.4376403 ], [ -70.6334614, -33.4376341 ], [ -70.6333711, -33.4376006 ], [ -70.6330362, -33.4374817 ], [ -70.6330122, -33.437474 ], [ -70.6329931, -33.437472 ], [ -70.632971, -33.437476 ], [ -70.6329536, -33.4374841 ], [ -70.6329396, -33.4374959 ], [ -70.63293, -33.4375105 ], [ -70.6327691, -33.4378211 ], [ -70.6325431, -33.4382605 ], [ -70.6323231, -33.4386832 ], [ -70.6322429, -33.4388405 ], [ -70.6318392, -33.4396178 ], [ -70.63174, -33.4398256 ], [ -70.6316603, -33.4400425 ], [ -70.6316185, -33.440223 ], [ -70.6315907, -33.4403429 ], [ -70.6315106, -33.4406996 ], [ -70.631425, -33.441068 ], [ -70.6313591, -33.4412893 ], [ -70.6313218, -33.4414812 ], [ -70.6312335, -33.4418906 ], [ -70.6310471, -33.4426697 ], [ -70.631038, -33.4427091 ], [ -70.630987, -33.4428772 ], [ -70.6307734, -33.4438519 ], [ -70.6307675, -33.4439017 ], [ -70.6307687, -33.4439544 ], [ -70.6307767, -33.4439945 ], [ -70.6307863, -33.4440462 ], [ -70.6308035, -33.4440953 ], [ -70.6308254, -33.4441424 ], [ -70.6308489, -33.4441746 ], [ -70.6308832, -33.4442093 ], [ -70.630936, -33.4442429 ], [ -70.6309782, -33.4442639 ], [ -70.6310357, -33.4442823 ], [ -70.6311396, -33.4443069 ], [ -70.6312645, -33.4443069 ], [ -70.6313833, -33.4442947 ], [ -70.6314493, -33.4442826 ], [ -70.6315057, -33.4442654 ], [ -70.6315938, -33.44422 ], [ -70.6316731, -33.4441514 ], [ -70.6317248, -33.444052 ], [ -70.6319908, -33.4428534 ], [ -70.6320788, -33.4427297 ], [ -70.632269, -33.4417761 ], [ -70.632347, -33.4415176 ], [ -70.632447, -33.4411811 ], [ -70.6326026, -33.4404919 ], [ -70.6327141, -33.4399827 ], [ -70.63283, -33.4394666 ], [ -70.6329165, -33.439071 ], [ -70.6329867, -33.4387634 ], [ -70.6330134, -33.4386342 ], [ -70.6330351, -33.4385732 ], [ -70.6330733, -33.4384824 ], [ -70.6332117, -33.4382124 ], [ -70.6333565, -33.4379344 ], [ -70.6333399, -33.4379032 ] ] ] } },
{ "type": "Feature", "properties": { "access": null, "area": null, "barrier": null, "boundary": null, "building": null, "description": null, "ele": null, "golf": null, "landuse": null, "leisure": "park", "lit": null, "location": null, "name": "Parque San Esteban De Hungría", "name_en": null, "name_es": null, "opening_hours": null, "operator": null, "phone": null, "protect_class": null, "source_transform": null, "sport": null, "surface": null, "type": null, "website": null, "wheelchair": null, "zoo": null, "objectid": 15936652, "osm_id2": "24445117" }, "geometry": { "type": "Polygon", "coordinates": [ [ [ -70.6312089, -33.4444811 ], [ -70.6312065, -33.4444558 ], [ -70.6311654, -33.4444456 ], [ -70.6311129, -33.4444426 ], [ -70.6310992, -33.4444564 ], [ -70.6309379, -33.445027 ], [ -70.6310572, -33.4450464 ], [ -70.6312089, -33.4444811 ] ] ] } },
{ "type": "Feature", "properties": { "access": null, "area": null, "barrier": null, "boundary": null, "building": null, "description": null, "ele": null, "golf": null, "landuse": null, "leisure": "park", "lit": null, "location": null, "name": "Parque San Esteban De Hungría", "name_en": null, "name_es": null, "opening_hours": null, "operator": null, "phone": null, "protect_class": null, "source_transform": null, "sport": null, "surface": null, "type": null, "website": null, "wheelchair": null, "zoo": null, "objectid": 15936672, "osm_id2": "24445120" }, "geometry": { "type": "Polygon", "coordinates": [ [ [ -70.6310251, -33.4451713 ], [ -70.6308969, -33.4451488 ], [ -70.6303975, -33.4469843 ], [ -70.6305015, -33.4470076 ], [ -70.6310251, -33.4451713 ] ] ] } },
{ "type": "Feature", "properties": { "access": null, "area": null, "barrier": null, "boundary": null, "building": null, "description": null, "ele": null, "golf": null, "landuse": null, "leisure": "pitch", "lit": null, "location": null, "name": "Cancha", "name_en": null, "name_es": null, "opening_hours": null, "operator": null, "phone": null, "protect_class": null, "source_transform": null, "sport": "soccer", "surface": null, "type": null, "website": null, "wheelchair": null, "zoo": null, "objectid": 15937686, "osm_id2": "37020603" }, "geometry": { "type": "Polygon", "coordinates": [ [ [ -70.587064, -33.4467007 ], [ -70.5866624, -33.4467548 ], [ -70.5867411, -33.447159 ], [ -70.5871599, -33.4470948 ], [ -70.587064, -33.4467007 ] ] ] } },
{ "type": "Feature", "properties": { "access": null, "area": null, "barrier": null, "boundary": null, "building": "yes", "description": null, "ele": null, "golf": null, "landuse": null, "leisure": "sports_centre", "lit": null, "location": null, "name": "Club Sportlife Ñuñoa", "name_en": null, "name_es": null, "opening_hours": "Mo-Th 06:00-23:00; Fr 06:00-22:00; Sa 08:00-19:00; Su 09:00-14:00", "operator": null, "phone": "+56229647140", "protect_class": null, "source_transform": null, "sport": "gymnastics", "surface": null, "type": null, "website": "http://www.sportlife.cl", "wheelchair": null, "zoo": null, "objectid": 15937853, "osm_id2": "187025925" }, "geometry": { "type": "Polygon", "coordinates": [ [ [ -70.5833519, -33.448534 ], [ -70.5825001, -33.4485885 ], [ -70.5825225, -33.4488327 ], [ -70.583066, -33.448798 ], [ -70.5830538, -33.4486652 ], [ -70.5833621, -33.4486454 ], [ -70.5833519, -33.448534 ] ] ] } },
{ "type": "Feature", "properties": { "access": null, "area": null, "barrier": null, "boundary": null, "building": null, "description": null, "ele": null, "golf": null, "landuse": null, "leisure": "park", "lit": null, "location": null, "name": "Parque Gorostiaga", "name_en": null, "name_es": null, "opening_hours": null, "operator": null, "phone": null, "protect_class": null, "source_transform": null, "sport": null, "surface": null, "type": null, "website": null, "wheelchair": null, "zoo": null, "objectid": 15937855, "osm_id2": "187025924" }, "geometry": { "type": "Polygon", "coordinates": [ [ [ -70.5834596, -33.4489678 ], [ -70.5829762, -33.4489875 ], [ -70.5829671, -33.4488133 ], [ -70.5824504, -33.4488462 ], [ -70.5824752, -33.4491718 ], [ -70.5834803, -33.4491616 ], [ -70.5834596, -33.4489678 ] ] ] } },
{ "type": "Feature", "properties": { "access": null, "area": null, "barrier": null, "boundary": null, "building": null, "description": null, "ele": null, "golf": null, "landuse": null, "leisure": "pitch", "lit": null, "location": null, "name": "Cancha Calasanz", "name_en": null, "name_es": null, "opening_hours": null, "operator": null, "phone": null, "protect_class": null, "source_transform": null, "sport": "soccer", "surface": null, "type": null, "website": null, "wheelchair": null, "zoo": null, "objectid": 15937882, "osm_id2": "111876383" }, "geometry": { "type": "Polygon", "coordinates": [ [ [ -70.5843392, -33.4494633 ], [ -70.5837679, -33.4495103 ], [ -70.5838537, -33.4503405 ], [ -70.5844572, -33.4503092 ], [ -70.5843392, -33.4494633 ] ] ] } },
{ "type": "Feature", "properties": { "access": "yes", "area": null, "barrier": null, "boundary": null, "building": null, "description": null, "ele": null, "golf": null, "landuse": null, "leisure": "park", "lit": null, "location": null, "name": "Poeta Ángel Cruchaga", "name_en": null, "name_es": null, "opening_hours": "24/7", "operator": "I. Municipalidad de Ñuñoa", "phone": null, "protect_class": null, "source_transform": null, "sport": null, "surface": null, "type": null, "website": null, "wheelchair": null, "zoo": null, "objectid": 15938136, "osm_id2": "313908476" }, "geometry": { "type": "Polygon", "coordinates": [ [ [ -70.5864019, -33.4509806 ], [ -70.5861324, -33.4511073 ], [ -70.5861174, -33.4511304 ], [ -70.5861181, -33.4511633 ], [ -70.5861264, -33.4511768 ], [ -70.5861532, -33.4511938 ], [ -70.5864984, -33.4512024 ], [ -70.5865117, -33.4511896 ], [ -70.5865199, -33.4511675 ], [ -70.5864604, -33.4509789 ], [ -70.5864346, -33.4509667 ], [ -70.5864019, -33.4509806 ] ] ] } },
{ "type": "Feature", "properties": { "access": "private", "area": null, "barrier": null, "boundary": null, "building": null, "description": null, "ele": null, "golf": null, "landuse": null, "leisure": "swimming_pool", "lit": null, "location": null, "name": "Piscina edificio Alto Parque Irarrázaval", "name_en": null, "name_es": null, "opening_hours": null, "operator": null, "phone": null, "protect_class": null, "source_transform": null, "sport": null, "surface": null, "type": null, "website": null, "wheelchair": null, "zoo": null, "objectid": 15938167, "osm_id2": "556522908" }, "geometry": { "type": "Polygon", "coordinates": [ [ [ -70.582305200184805, -33.453974399291397 ], [ -70.582298499651102, -33.453878299576097 ], [ -70.582233200214802, -33.453881499903702 ], [ -70.582239899850194, -33.453977599615499 ], [ -70.582305200184805, -33.453974399291397 ] ] ] } },
{ "type": "Feature", "properties": { "access": null, "area": null, "barrier": null, "boundary": null, "building": "house", "description": null, "ele": null, "golf": null, "landuse": null, "leisure": "fitness_centre", "lit": null, "location": null, "name": "Go Gym fitness center", "name_en": null, "name_es": null, "opening_hours": "Mo-Fr 06:00-22:00; Sa-Su 08:00-15:00", "operator": null, "phone": null, "protect_class": null, "source_transform": null, "sport": null, "surface": null, "type": null, "website": "https://www.gogymmyclub.cl/", "wheelchair": null, "zoo": null, "objectid": 15938356, "osm_id2": "579245616" }, "geometry": { "type": "Polygon", "coordinates": [ [ [ -70.5973829, -33.4471675 ], [ -70.5973921, -33.4470843 ], [ -70.5971706, -33.4470673 ], [ -70.5971614, -33.4471506 ], [ -70.5973829, -33.4471675 ] ] ] } },
{ "type": "Feature", "properties": { "access": null, "area": null, "barrier": null, "boundary": null, "building": null, "description": null, "ele": null, "golf": null, "landuse": null, "leisure": "park", "lit": null, "location": null, "name": "Plaza Melvin Jones", "name_en": null, "name_es": null, "opening_hours": null, "operator": null, "phone": null, "protect_class": null, "source_transform": null, "sport": null, "surface": null, "type": null, "website": null, "wheelchair": null, "zoo": null, "objectid": 15938694, "osm_id2": "225735295" }, "geometry": { "type": "Polygon", "coordinates": [ [ [ -70.5939288, -33.4518942 ], [ -70.5932777, -33.4518965 ], [ -70.5932106, -33.4519043 ], [ -70.5931778, -33.4519239 ], [ -70.593157, -33.4519619 ], [ -70.5931637, -33.4519972 ], [ -70.5932093, -33.4520139 ], [ -70.5939368, -33.4520123 ], [ -70.5939804, -33.4519871 ], [ -70.5939884, -33.4519608 ], [ -70.5939878, -33.45193 ], [ -70.5939643, -33.4519093 ], [ -70.5939288, -33.4518942 ] ] ] } },
{ "type": "Feature", "properties": { "access": null, "area": null, "barrier": null, "boundary": null, "building": "yes", "description": null, "ele": null, "golf": null, "landuse": null, "leisure": "sports_centre", "lit": null, "location": null, "name": "Gimnasio Club Ñuñoa Plaza", "name_en": null, "name_es": null, "opening_hours": null, "operator": null, "phone": null, "protect_class": null, "source_transform": "Bing 2012", "sport": null, "surface": null, "type": null, "website": null, "wheelchair": null, "zoo": null, "objectid": 15938784, "osm_id2": "263966365" }, "geometry": { "type": "Polygon", "coordinates": [ [ [ -70.5926247, -33.4537087 ], [ -70.592621, -33.4535792 ], [ -70.5921583, -33.4535891 ], [ -70.5921653, -33.453718 ], [ -70.5926247, -33.4537087 ] ] ] } },
{ "type": "Feature", "properties": { "access": null, "area": null, "barrier": null, "boundary": null, "building": null, "description": null, "ele": null, "golf": null, "landuse": null, "leisure": "park", "lit": null, "location": null, "name": "Parque Alcalde Ramón Cruz", "name_en": null, "name_es": null, "opening_hours": null, "operator": null, "phone": null, "protect_class": null, "source_transform": null, "sport": null, "surface": null, "type": null, "website": null, "wheelchair": null, "zoo": null, "objectid": 15939089, "osm_id2": "24400652" }, "geometry": { "type": "Polygon", "coordinates": [ [ [ -70.5816551, -33.4550687 ], [ -70.5816126, -33.4548764 ], [ -70.5805366, -33.4547573 ], [ -70.5804999, -33.4547578 ], [ -70.5804623, -33.4547706 ], [ -70.5804355, -33.454788 ], [ -70.5804255, -33.454793 ], [ -70.58041, -33.4547941 ], [ -70.5803946, -33.4547919 ], [ -70.5803772, -33.4547869 ], [ -70.5803597, -33.4547829 ], [ -70.580341, -33.4547813 ], [ -70.5803222, -33.4547824 ], [ -70.5803041, -33.4547824 ], [ -70.580286, -33.4547802 ], [ -70.5802699, -33.4547796 ], [ -70.5802545, -33.4547818 ], [ -70.5802391, -33.4547863 ], [ -70.580225, -33.4547953 ], [ -70.5802136, -33.4548053 ], [ -70.5802049, -33.454816 ], [ -70.5802008, -33.4548225 ], [ -70.5801764, -33.454934 ], [ -70.580167, -33.4549486 ], [ -70.5801547, -33.4549593 ], [ -70.58014, -33.4549663 ], [ -70.5801264, -33.4549676 ], [ -70.5800674, -33.4549637 ], [ -70.5800656, -33.4550097 ], [ -70.5800608, -33.4553194 ], [ -70.5800677, -33.4553623 ], [ -70.5801304, -33.4557596 ], [ -70.5801814, -33.4561121 ], [ -70.5805709, -33.4560491 ], [ -70.5805858, -33.4560467 ], [ -70.5806138, -33.4561602 ], [ -70.580777, -33.4561326 ], [ -70.5808919, -33.4561131 ], [ -70.5817322, -33.455956 ], [ -70.5817949, -33.4552755 ], [ -70.581832, -33.4550417 ], [ -70.5816551, -33.4550687 ] ] ] } },
{ "type": "Feature", "properties": { "access": null, "area": null, "barrier": "fence", "boundary": null, "building": null, "description": null, "ele": null, "golf": null, "landuse": null, "leisure": "park", "lit": null, "location": null, "name": "Parque Casa de la Cultura", "name_en": null, "name_es": null, "opening_hours": null, "operator": null, "phone": null, "protect_class": null, "source_transform": null, "sport": null, "surface": null, "type": null, "website": null, "wheelchair": null, "zoo": null, "objectid": 15939277, "osm_id2": "56044933" }, "geometry": { "type": "Polygon", "coordinates": [ [ [ -70.5877296, -33.4557976 ], [ -70.5876931, -33.4557953 ], [ -70.5870078, -33.4557596 ], [ -70.5869201, -33.4557545 ], [ -70.5869392, -33.4559008 ], [ -70.587038, -33.4566599 ], [ -70.5872245, -33.4575064 ], [ -70.5875894, -33.4572719 ], [ -70.587699, -33.4572028 ], [ -70.5880318, -33.4570808 ], [ -70.5878144, -33.4563181 ], [ -70.5877296, -33.4557976 ] ] ] } },
{ "type": "Feature", "properties": { "access": "private", "area": null, "barrier": null, "boundary": null, "building": null, "description": null, "ele": null, "golf": null, "landuse": null, "leisure": "pitch", "lit": "yes", "location": null, "name": "Cancha techada", "name_en": null, "name_es": null, "opening_hours": null, "operator": null, "phone": null, "protect_class": null, "source_transform": null, "sport": null, "surface": null, "type": null, "website": null, "wheelchair": null, "zoo": null, "objectid": 15939434, "osm_id2": "574843462" }, "geometry": { "type": "Polygon", "coordinates": [ [ [ -70.5815402, -33.459744 ], [ -70.5813012, -33.4597864 ], [ -70.5813781, -33.4600876 ], [ -70.5814386, -33.4600769 ], [ -70.5815115, -33.4600639 ], [ -70.5816171, -33.4600452 ], [ -70.5815402, -33.459744 ] ] ] } },
{ "type": "Feature", "properties": { "access": null, "area": null, "barrier": "fence", "boundary": null, "building": null, "description": null, "ele": null, "golf": null, "landuse": null, "leisure": "park", "lit": null, "location": null, "name": "Parque Juan XXIII", "name_en": null, "name_es": null, "opening_hours": null, "operator": null, "phone": null, "protect_class": null, "source_transform": null, "sport": null, "surface": null, "type": null, "website": null, "wheelchair": null, "zoo": null, "objectid": 15939473, "osm_id2": "93167012" }, "geometry": { "type": "Polygon", "coordinates": [ [ [ -70.5881133, -33.457287 ], [ -70.5878594, -33.4573316 ], [ -70.5874067, -33.4576509 ], [ -70.5878628, -33.4594243 ], [ -70.588129, -33.4594198 ], [ -70.5882478, -33.4594178 ], [ -70.5878773, -33.4579805 ], [ -70.5879041, -33.457891 ], [ -70.5879416, -33.4578328 ], [ -70.5879899, -33.4577749 ], [ -70.5880597, -33.4577391 ], [ -70.5881455, -33.4577167 ], [ -70.5882367, -33.4576943 ], [ -70.5881133, -33.457287 ] ] ] } },
{ "type": "Feature", "properties": { "access": "yes", "area": null, "barrier": null, "boundary": null, "building": null, "description": null, "ele": null, "golf": null, "landuse": null, "leisure": "playground", "lit": null, "location": null, "name": "Juegos de niños", "name_en": null, "name_es": null, "opening_hours": null, "operator": null, "phone": null, "protect_class": null, "source_transform": null, "sport": null, "surface": null, "type": null, "website": null, "wheelchair": null, "zoo": null, "objectid": 15939482, "osm_id2": "559752835" }, "geometry": { "type": "Polygon", "coordinates": [ [ [ -70.5879596, -33.4587758 ], [ -70.5878165, -33.4587983 ], [ -70.5878975, -33.4591384 ], [ -70.5880406, -33.4591407 ], [ -70.5879515, -33.4589875 ], [ -70.5879596, -33.4587758 ] ] ] } },
{ "type": "Feature", "properties": { "access": null, "area": null, "barrier": "fence", "boundary": null, "building": null, "description": null, "ele": null, "golf": null, "landuse": null, "leisure": "park", "lit": null, "location": null, "name": "Parque Juan XXIII", "name_en": null, "name_es": null, "opening_hours": null, "operator": null, "phone": null, "protect_class": null, "source_transform": null, "sport": null, "surface": null, "type": null, "website": null, "wheelchair": null, "zoo": null, "objectid": 15939497, "osm_id2": "93167011" }, "geometry": { "type": "Polygon", "coordinates": [ [ [ -70.5883288, -33.4595892 ], [ -70.5881396, -33.4595907 ], [ -70.5879127, -33.4595925 ], [ -70.5886134, -33.4623097 ], [ -70.588762, -33.4623187 ], [ -70.589039, -33.4623354 ], [ -70.5883288, -33.4595892 ] ] ] } },
{ "type": "Feature", "properties": { "access": null, "area": null, "barrier": null, "boundary": null, "building": null, "description": null, "ele": null, "golf": null, "landuse": null, "leisure": "park", "lit": null, "location": null, "name": "Plaza Ñuñoa", "name_en": null, "name_es": null, "opening_hours": null, "operator": null, "phone": null, "protect_class": null, "source_transform": null, "sport": null, "surface": null, "type": null, "website": null, "wheelchair": null, "zoo": null, "objectid": 15939530, "osm_id2": "158130619" }, "geometry": { "type": "Polygon", "coordinates": [ [ [ -70.5932308, -33.4542898 ], [ -70.59326, -33.4551493 ], [ -70.5932618, -33.4551655 ], [ -70.5932683, -33.4551808 ], [ -70.5932854, -33.4551942 ], [ -70.5933095, -33.4551983 ], [ -70.5940366, -33.4551849 ], [ -70.5940535, -33.4551801 ], [ -70.5940689, -33.4551704 ], [ -70.5940768, -33.4551563 ], [ -70.5940519, -33.4542902 ], [ -70.5932308, -33.4542898 ] ] ] } },
{ "type": "Feature", "properties": { "access": null, "area": null, "barrier": null, "boundary": null, "building": null, "description": null, "ele": null, "golf": null, "landuse": null, "leisure": "park", "lit": null, "location": null, "name": "Plaza Armenia", "name_en": null, "name_es": null, "opening_hours": null, "operator": null, "phone": null, "protect_class": null, "source_transform": "survey", "sport": null, "surface": null, "type": null, "website": null, "wheelchair": null, "zoo": null, "objectid": 15939605, "osm_id2": "23669489" }, "geometry": { "type": "Polygon", "coordinates": [ [ [ -70.598802000402998, -33.454660199803797 ], [ -70.598721900323994, -33.4541648993116 ], [ -70.597939299726605, -33.454246199319101 ], [ -70.598031100362107, -33.454753999236701 ], [ -70.598802000402998, -33.454660199803797 ] ] ] } },
{ "type": "Feature", "properties": { "access": null, "area": null, "barrier": null, "boundary": null, "building": null, "description": null, "ele": null, "golf": null, "landuse": null, "leisure": "park", "lit": null, "location": null, "name": "Plazoleta Cuerpo de Bomberos de Ñuñoa", "name_en": null, "name_es": null, "opening_hours": null, "operator": null, "phone": null, "protect_class": null, "source_transform": "survey", "sport": null, "surface": null, "type": null, "website": null, "wheelchair": null, "zoo": null, "objectid": 15939620, "osm_id2": "250597384" }, "geometry": { "type": "Polygon", "coordinates": [ [ [ -70.598206100264306, -33.454986699368597 ], [ -70.597931300229007, -33.4550134993301 ], [ -70.597829900196302, -33.4552424993351 ], [ -70.597817700176506, -33.455483299257402 ], [ -70.597841699567596, -33.4557647995072 ], [ -70.597898299718693, -33.455526499872398 ], [ -70.597981400170696, -33.455335799734797 ], [ -70.598206100264306, -33.454986699368597 ] ] ] } },
{ "type": "Feature", "properties": { "access": null, "area": null, "barrier": null, "boundary": null, "building": null, "description": null, "ele": null, "golf": null, "landuse": null, "leisure": "park", "lit": null, "location": null, "name": "Plaza Ñuñoa", "name_en": null, "name_es": null, "opening_hours": "24/7", "operator": "I. Municipalidad de Ñuñoa", "phone": null, "protect_class": null, "source_transform": null, "sport": null, "surface": null, "type": null, "website": null, "wheelchair": null, "zoo": null, "objectid": 15939659, "osm_id2": "23591946" }, "geometry": { "type": "Polygon", "coordinates": [ [ [ -70.5940765, -33.4554015 ], [ -70.5940658, -33.4553839 ], [ -70.5940509, -33.4553717 ], [ -70.5940325, -33.4553642 ], [ -70.5940106, -33.4553616 ], [ -70.5933318, -33.4553684 ], [ -70.5933033, -33.4553787 ], [ -70.5932815, -33.455401 ], [ -70.593273, -33.4554248 ], [ -70.5932782, -33.4555248 ], [ -70.5933048, -33.4560274 ], [ -70.5933119, -33.4561633 ], [ -70.593342, -33.4567317 ], [ -70.5933437, -33.4567644 ], [ -70.5933501, -33.456779 ], [ -70.5933554, -33.4567908 ], [ -70.5933832, -33.4568101 ], [ -70.5934188, -33.4568171 ], [ -70.5940982, -33.4567861 ], [ -70.594132, -33.4567732 ], [ -70.594154, -33.4567471 ], [ -70.594153, -33.4567303 ], [ -70.594145, -33.4565903 ], [ -70.5941433, -33.4565617 ], [ -70.5941415, -33.4565308 ], [ -70.5941399, -33.4565016 ], [ -70.594138, -33.4564698 ], [ -70.5941364, -33.4564416 ], [ -70.5941353, -33.4564217 ], [ -70.5941336, -33.4563932 ], [ -70.5941265, -33.4562698 ], [ -70.5941249, -33.4562418 ], [ -70.5941194, -33.4561456 ], [ -70.5941177, -33.4561171 ], [ -70.5941133, -33.456041 ], [ -70.5941117, -33.456013 ], [ -70.5941101, -33.4559849 ], [ -70.5941085, -33.4559568 ], [ -70.5941069, -33.4559286 ], [ -70.5941052, -33.4559002 ], [ -70.5941031, -33.4558632 ], [ -70.5941015, -33.455835 ], [ -70.5940993, -33.4557976 ], [ -70.5940977, -33.4557694 ], [ -70.5940945, -33.4557137 ], [ -70.5940929, -33.4556856 ], [ -70.5940914, -33.4556604 ], [ -70.5940905, -33.4556437 ], [ -70.5940878, -33.4555964 ], [ -70.5940868, -33.4555797 ], [ -70.5940847, -33.4555432 ], [ -70.5940837, -33.4555264 ], [ -70.5940765, -33.4554015 ] ] ] } },
{ "type": "Feature", "properties": { "access": null, "area": null, "barrier": null, "boundary": null, "building": "yes", "description": null, "ele": null, "golf": null, "landuse": null, "leisure": "sports_centre", "lit": null, "location": null, "name": "Colossus", "name_en": null, "name_es": null, "opening_hours": null, "operator": null, "phone": null, "protect_class": null, "source_transform": null, "sport": null, "surface": null, "type": null, "website": null, "wheelchair": null, "zoo": null, "objectid": 15939903, "osm_id2": "447312814" }, "geometry": { "type": "Polygon", "coordinates": [ [ [ -70.6083866, -33.4539583 ], [ -70.6082712, -33.4539711 ], [ -70.6083178, -33.454265 ], [ -70.6084332, -33.4542522 ], [ -70.6084159, -33.4541433 ], [ -70.6083866, -33.4539583 ] ] ] } },
{ "type": "Feature", "properties": { "access": null, "area": null, "barrier": null, "boundary": null, "building": null, "description": null, "ele": null, "golf": null, "landuse": null, "leisure": "pitch", "lit": null, "location": null, "name": "Club Suizo", "name_en": null, "name_es": null, "opening_hours": null, "operator": null, "phone": null, "protect_class": null, "source_transform": null, "sport": "tennis", "surface": null, "type": null, "website": null, "wheelchair": null, "zoo": null, "objectid": 15939934, "osm_id2": "312845866" }, "geometry": { "type": "Polygon", "coordinates": [ [ [ -70.6082840002978, -33.455752799662903 ], [ -70.608229699833899, -33.4553990999296 ], [ -70.607678400150704, -33.455457999895202 ], [ -70.607732800327696, -33.455811799817901 ], [ -70.6082840002978, -33.455752799662903 ] ] ] } },
{ "type": "Feature", "properties": { "access": null, "area": null, "barrier": null, "boundary": null, "building": "yes", "description": null, "ele": null, "golf": null, "landuse": null, "leisure": "fitness_centre", "lit": null, "location": null, "name": "Olympic Gym", "name_en": null, "name_es": null, "opening_hours": null, "operator": null, "phone": "+56 41 323 6694", "protect_class": null, "source_transform": null, "sport": null, "surface": null, "type": null, "website": null, "wheelchair": null, "zoo": null, "objectid": 15939937, "osm_id2": "447583864" }, "geometry": { "type": "Polygon", "coordinates": [ [ [ -70.6012804, -33.4561861 ], [ -70.6011082, -33.4562165 ], [ -70.601141, -33.4563463 ], [ -70.6013133, -33.456316 ], [ -70.6012804, -33.4561861 ] ] ] } },
{ "type": "Feature", "properties": { "access": null, "area": null, "barrier": null, "boundary": null, "building": "yes", "description": null, "ele": null, "golf": null, "landuse": null, "leisure": "sports_centre", "lit": null, "location": null, "name": "Pacific Fitness", "name_en": null, "name_es": null, "opening_hours": null, "operator": null, "phone": null, "protect_class": null, "source_transform": null, "sport": "fitness", "surface": null, "type": null, "website": null, "wheelchair": null, "zoo": null, "objectid": 15939988, "osm_id2": "448346518" }, "geometry": { "type": "Polygon", "coordinates": [ [ [ -70.609194800367803, -33.456621199316402 ], [ -70.609178900187302, -33.456507599448102 ], [ -70.6091038998442, -33.456514899271198 ], [ -70.609110600377903, -33.456562499499299 ], [ -70.609065699884994, -33.456565999515099 ], [ -70.609071699732795, -33.4566292995612 ], [ -70.609194800367803, -33.456621199316402 ] ] ] } },
{ "type": "Feature", "properties": { "access": null, "area": null, "barrier": null, "boundary": null, "building": null, "description": null, "ele": null, "golf": null, "landuse": null, "leisure": "park", "lit": null, "location": null, "name": "Plaza Lillo", "name_en": null, "name_es": null, "opening_hours": null, "operator": null, "phone": null, "protect_class": null, "source_transform": null, "sport": null, "surface": null, "type": null, "website": null, "wheelchair": null, "zoo": null, "objectid": 15939997, "osm_id2": "116870418" }, "geometry": { "type": "Polygon", "coordinates": [ [ [ -70.607509199771997, -33.457977599804302 ], [ -70.607362099745899, -33.457076599333902 ], [ -70.606804299853394, -33.457131899238199 ], [ -70.6069516002038, -33.458030499377898 ], [ -70.607509199771997, -33.457977599804302 ] ] ] } },
{ "type": "Feature", "properties": { "access": null, "area": null, "barrier": null, "boundary": null, "building": null, "description": null, "ele": null, "golf": null, "landuse": null, "leisure": "park", "lit": null, "location": null, "name": "Plaza Los Talaveras", "name_en": null, "name_es": null, "opening_hours": "24/7", "operator": null, "phone": null, "protect_class": null, "source_transform": null, "sport": null, "surface": null, "type": null, "website": null, "wheelchair": null, "zoo": null, "objectid": 15940045, "osm_id2": "187577953" }, "geometry": { "type": "Polygon", "coordinates": [ [ [ -70.591829, -33.4593872 ], [ -70.5911645, -33.4594275 ], [ -70.5911891, -33.4596994 ], [ -70.5918536, -33.4596558 ], [ -70.591829, -33.4593872 ] ] ] } },
{ "type": "Feature", "properties": { "access": null, "area": null, "barrier": null, "boundary": null, "building": "yes", "description": null, "ele": null, "golf": null, "landuse": null, "leisure": "sports_centre", "lit": null, "location": null, "name": "Pacific Fitness", "name_en": null, "name_es": null, "opening_hours": null, "operator": null, "phone": null, "protect_class": null, "source_transform": "Reconocimiento cortográfico de campo 2016 por KG", "sport": "fitness", "surface": null, "type": null, "website": null, "wheelchair": null, "zoo": null, "objectid": 15940182, "osm_id2": "447099069" }, "geometry": { "type": "Polygon", "coordinates": [ [ [ -70.600481900289907, -33.460678299737403 ], [ -70.600480000353102, -33.460621899679197 ], [ -70.600262699682503, -33.460627099244903 ], [ -70.600264599619294, -33.460683399625204 ], [ -70.600336499876306, -33.460681699912499 ], [ -70.600336799913606, -33.460691199717601 ], [ -70.600416500242304, -33.460689299906598 ], [ -70.600416200205004, -33.460679899775698 ], [ -70.600481900289907, -33.460678299737403 ] ] ] } },
{ "type": "Feature", "properties": { "access": null, "area": null, "barrier": null, "boundary": null, "building": "roof", "description": null, "ele": null, "golf": null, "landuse": null, "leisure": "sports_centre", "lit": null, "location": null, "name": "El gallinero", "name_en": null, "name_es": null, "opening_hours": null, "operator": null, "phone": null, "protect_class": null, "source_transform": "Reconocimiento cortográfico de campo 2016 por KG", "sport": "basketball", "surface": null, "type": null, "website": null, "wheelchair": null, "zoo": null, "objectid": 15940265, "osm_id2": "281471057" }, "geometry": { "type": "Polygon", "coordinates": [ [ [ -70.6033625, -33.4609019 ], [ -70.6033264, -33.4606556 ], [ -70.6031022, -33.4606784 ], [ -70.6031382, -33.4609248 ], [ -70.6033625, -33.4609019 ] ] ] } },
{ "type": "Feature", "properties": { "access": null, "area": null, "barrier": null, "boundary": null, "building": null, "description": null, "ele": null, "golf": null, "landuse": null, "leisure": "park", "lit": null, "location": null, "name": "Plazuela Santa Isabel", "name_en": null, "name_es": null, "opening_hours": null, "operator": null, "phone": null, "protect_class": null, "source_transform": null, "sport": null, "surface": null, "type": null, "website": null, "wheelchair": null, "zoo": null, "objectid": 15940386, "osm_id2": "180566535" }, "geometry": { "type": "Polygon", "coordinates": [ [ [ -70.615271100171, -33.446458199365999 ], [ -70.615163899716507, -33.446305299677903 ], [ -70.615023099575495, -33.446331599369898 ], [ -70.614827900155902, -33.446443999787697 ], [ -70.614945900156698, -33.446623099893699 ], [ -70.615271100171, -33.446458199365999 ] ] ] } },
{ "type": "Feature", "properties": { "access": "private", "area": null, "barrier": null, "boundary": null, "building": null, "description": null, "ele": null, "golf": null, "landuse": null, "leisure": "swimming_pool", "lit": null, "location": null, "name": "piscina jardines infante", "name_en": null, "name_es": null, "opening_hours": null, "operator": null, "phone": null, "protect_class": null, "source_transform": null, "sport": null, "surface": null, "type": null, "website": null, "wheelchair": null, "zoo": null, "objectid": 15940522, "osm_id2": "554593214" }, "geometry": { "type": "Polygon", "coordinates": [ [ [ -70.618844099806196, -33.447925499327603 ], [ -70.618772799623798, -33.447911499367898 ], [ -70.618732200264503, -33.448055199350001 ], [ -70.618803500446901, -33.4480691992865 ], [ -70.618844099806196, -33.447925499327603 ] ] ] } },
{ "type": "Feature", "properties": { "access": null, "area": null, "barrier": null, "boundary": null, "building": null, "description": null, "ele": null, "golf": null, "landuse": null, "leisure": "park", "lit": null, "location": null, "name": "Plaza Sucre", "name_en": null, "name_es": null, "opening_hours": "24/7", "operator": "I. Municipalidad de Ñuñoa", "phone": null, "protect_class": null, "source_transform": null, "sport": null, "surface": null, "type": null, "website": null, "wheelchair": null, "zoo": null, "objectid": 15940524, "osm_id2": "241299116" }, "geometry": { "type": "Polygon", "coordinates": [ [ [ -70.609878, -33.4482167 ], [ -70.6098401, -33.4482244 ], [ -70.609811, -33.4482641 ], [ -70.6097457, -33.4485454 ], [ -70.6097761, -33.4485813 ], [ -70.6101326, -33.4485031 ], [ -70.6103054, -33.4484652 ], [ -70.610291, -33.4484072 ], [ -70.609878, -33.4482167 ] ] ] } },
{ "type": "Feature", "properties": { "access": null, "area": null, "barrier": null, "boundary": null, "building": null, "description": null, "ele": null, "golf": null, "landuse": null, "leisure": "park", "lit": null, "location": null, "name": "Plaza Guillermo Franke", "name_en": null, "name_es": null, "opening_hours": null, "operator": null, "phone": null, "protect_class": null, "source_transform": null, "sport": null, "surface": null, "type": null, "website": null, "wheelchair": null, "zoo": null, "objectid": 15940596, "osm_id2": "24445153" }, "geometry": { "type": "Polygon", "coordinates": [ [ [ -70.616995199864903, -33.448261399492502 ], [ -70.616961300141, -33.4482093994039 ], [ -70.6165897003456, -33.448139899755702 ], [ -70.616521599962198, -33.448172699657 ], [ -70.616290299946201, -33.449240099565102 ], [ -70.616343100223702, -33.449280799856801 ], [ -70.616713300443905, -33.449331699741798 ], [ -70.616782999828402, -33.449296899780997 ], [ -70.616995199864903, -33.448261399492502 ] ] ] } },
{ "type": "Feature", "properties": { "access": null, "area": null, "barrier": null, "boundary": null, "building": "yes", "description": null, "ele": null, "golf": null, "landuse": null, "leisure": "sports_centre", "lit": null, "location": null, "name": "Gimnasio Pacific", "name_en": null, "name_es": null, "opening_hours": null, "operator": null, "phone": null, "protect_class": null, "source_transform": null, "sport": "fitness", "surface": null, "type": null, "website": null, "wheelchair": null, "zoo": null, "objectid": 15940936, "osm_id2": "446939672" }, "geometry": { "type": "Polygon", "coordinates": [ [ [ -70.6228769, -33.4537052 ], [ -70.6228403, -33.4536595 ], [ -70.6227777, -33.4536442 ], [ -70.6227021, -33.4536704 ], [ -70.6226708, -33.4537248 ], [ -70.6226655, -33.453764 ], [ -70.6227125, -33.453814 ], [ -70.6227699, -33.4538293 ], [ -70.6228299, -33.4538118 ], [ -70.6228742, -33.4537683 ], [ -70.6228769, -33.4537052 ] ] ] } },
{ "type": "Feature", "properties": { "access": null, "area": null, "barrier": null, "boundary": null, "building": "yes", "description": null, "ele": null, "golf": null, "landuse": null, "leisure": "sports_centre", "lit": null, "location": null, "name": "Gimnasio Pacific", "name_en": null, "name_es": null, "opening_hours": null, "operator": null, "phone": null, "protect_class": null, "source_transform": "KG Ground Survey 2016", "sport": null, "surface": null, "type": null, "website": null, "wheelchair": null, "zoo": null, "objectid": 15941034, "osm_id2": "448392288" }, "geometry": { "type": "Polygon", "coordinates": [ [ [ -70.635545299989104, -33.447020199927799 ], [ -70.635542299616105, -33.4470054997416 ], [ -70.635533600330902, -33.446992599224501 ], [ -70.635520200161807, -33.446982799597201 ], [ -70.635504399694298, -33.446977499523001 ], [ -70.635487499688793, -33.4469765993124 ], [ -70.635471100044995, -33.446980299845102 ], [ -70.635184600351394, -33.446920499906703 ], [ -70.635194700110205, -33.446886999450598 ], [ -70.634900100307703, -33.446825499463401 ], [ -70.634871600357002, -33.446920399466798 ], [ -70.635446199643596, -33.447040399562503 ], [ -70.635456400013695, -33.447051699782797 ], [ -70.635470299646101, -33.447059799422398 ], [ -70.635486599576893, -33.447063699331899 ], [ -70.635503600193701, -33.447063099691803 ], [ -70.635520100448801, -33.447057599492602 ], [ -70.635533600330902, -33.447047799872799 ], [ -70.635542299616105, -33.447034799671599 ], [ -70.635545299989104, -33.447020199927799 ] ] ] } },
{ "type": "Feature", "properties": { "access": null, "area": null, "barrier": null, "boundary": null, "building": null, "description": null, "ele": null, "golf": null, "landuse": null, "leisure": "park", "lit": null, "location": null, "name": "Parque San Esteban De Hungría", "name_en": null, "name_es": null, "opening_hours": null, "operator": null, "phone": null, "protect_class": null, "source_transform": null, "sport": null, "surface": null, "type": null, "website": null, "wheelchair": null, "zoo": null, "objectid": 15941086, "osm_id2": "24445122" }, "geometry": { "type": "Polygon", "coordinates": [ [ [ -70.6304488, -33.4472209 ], [ -70.6303267, -33.447218 ], [ -70.6299793, -33.4484792 ], [ -70.6297262, -33.4493947 ], [ -70.6297368, -33.4494272 ], [ -70.629829, -33.4494442 ], [ -70.6298614, -33.4494153 ], [ -70.6300432, -33.44875 ], [ -70.6304488, -33.4472209 ] ] ] } },
{ "type": "Feature", "properties": { "access": null, "area": null, "barrier": null, "boundary": null, "building": null, "description": null, "ele": null, "golf": null, "landuse": null, "leisure": "park", "lit": null, "location": null, "name": "Parque Central Avenida General Bustamante", "name_en": null, "name_es": null, "opening_hours": null, "operator": null, "phone": null, "protect_class": null, "source_transform": null, "sport": null, "surface": null, "type": null, "website": null, "wheelchair": null, "zoo": null, "objectid": 15941128, "osm_id2": "24445124" }, "geometry": { "type": "Polygon", "coordinates": [ [ [ -70.629824999838107, -33.449574799890499 ], [ -70.629821299677403, -33.449552399480403 ], [ -70.629705499650797, -33.449530599437203 ], [ -70.629683599622496, -33.449546799751801 ], [ -70.629399299903, -33.450597899437099 ], [ -70.629425899916896, -33.45063089928 ], [ -70.629479399982003, -33.450643999377697 ], [ -70.629534199909301, -33.450630699907897 ], [ -70.629824999838107, -33.449574799890499 ] ] ] } },
{ "type": "Feature", "properties": { "access": null, "area": null, "barrier": null, "boundary": null, "building": null, "description": null, "ele": null, "golf": null, "landuse": null, "leisure": "pitch", "lit": null, "location": null, "name": "Pilotalekua", "name_en": null, "name_es": null, "opening_hours": null, "operator": null, "phone": null, "protect_class": null, "source_transform": null, "sport": "pelota", "surface": null, "type": null, "website": null, "wheelchair": null, "zoo": null, "objectid": 15941163, "osm_id2": "832441080" }, "geometry": { "type": "Polygon", "coordinates": [ [ [ -70.633405000044306, -33.4483517999413 ], [ -70.633108200267699, -33.448280599701803 ], [ -70.633064700248397, -33.448406599470999 ], [ -70.633361599737995, -33.448477799606998 ], [ -70.633405000044306, -33.4483517999413 ] ] ] } },
{ "type": "Feature", "properties": { "access": null, "area": null, "barrier": null, "boundary": null, "building": "yes", "description": null, "ele": null, "golf": null, "landuse": null, "leisure": "fitness_centre", "lit": null, "location": null, "name": "Smart Fit", "name_en": null, "name_es": null, "opening_hours": null, "operator": null, "phone": null, "protect_class": null, "source_transform": "Reconocimiento cartográfico 2016 por KG", "sport": null, "surface": null, "type": null, "website": null, "wheelchair": null, "zoo": null, "objectid": 15941184, "osm_id2": "448396048" }, "geometry": { "type": "Polygon", "coordinates": [ [ [ -70.6347948, -33.4497736 ], [ -70.6346422, -33.4497435 ], [ -70.6346101, -33.4497365 ], [ -70.6345869, -33.4498153 ], [ -70.6347713, -33.449853 ], [ -70.6347948, -33.4497736 ] ] ] } },
{ "type": "Feature", "properties": { "access": null, "area": null, "barrier": null, "boundary": null, "building": null, "description": null, "ele": null, "golf": null, "landuse": null, "leisure": "park", "lit": null, "location": null, "name": "Plaza de los Artesanos", "name_en": null, "name_es": null, "opening_hours": null, "operator": null, "phone": null, "protect_class": null, "source_transform": null, "sport": null, "surface": null, "type": null, "website": null, "wheelchair": null, "zoo": null, "objectid": 15941202, "osm_id2": "649332284" }, "geometry": { "type": "Polygon", "coordinates": [ [ [ -70.638306599900005, -33.4470608997621 ], [ -70.638097799986895, -33.447012999745098 ], [ -70.638071100260007, -33.447093799761603 ], [ -70.637745699921396, -33.447018999897402 ], [ -70.637677499825003, -33.447225599764103 ], [ -70.638211700076695, -33.447348299308402 ], [ -70.638306599900005, -33.4470608997621 ] ] ] } },
{ "type": "Feature", "properties": { "access": null, "area": null, "barrier": null, "boundary": null, "building": null, "description": null, "ele": null, "golf": null, "landuse": null, "leisure": "park", "lit": null, "location": null, "name": "Plaza Periodista Raquel Correa", "name_en": null, "name_es": null, "opening_hours": null, "operator": null, "phone": null, "protect_class": null, "source_transform": null, "sport": null, "surface": null, "type": null, "website": null, "wheelchair": null, "zoo": null, "objectid": 15941212, "osm_id2": "557096080" }, "geometry": { "type": "Polygon", "coordinates": [ [ [ -70.639671500142697, -33.447061199582201 ], [ -70.639545600357295, -33.447034299721501 ], [ -70.639493300441401, -33.4472044999643 ], [ -70.639619200226804, -33.4472313997721 ], [ -70.639671500142697, -33.447061199582201 ] ] ] } },
{ "type": "Feature", "properties": { "access": "yes", "area": null, "barrier": null, "boundary": null, "building": null, "description": null, "ele": null, "golf": null, "landuse": null, "leisure": "park", "lit": null, "location": null, "name": "Plazoleta Lira", "name_en": null, "name_es": null, "opening_hours": "24/7", "operator": "I. Municipalidad de Santiaago", "phone": null, "protect_class": null, "source_transform": null, "sport": null, "surface": null, "type": null, "website": null, "wheelchair": null, "zoo": null, "objectid": 15941287, "osm_id2": "606515919" }, "geometry": { "type": "Polygon", "coordinates": [ [ [ -70.6391066, -33.4488574 ], [ -70.639028, -33.4488441 ], [ -70.6389353, -33.4488475 ], [ -70.6388293, -33.4488688 ], [ -70.6387436, -33.4489017 ], [ -70.6386793, -33.4489412 ], [ -70.6385939, -33.4490229 ], [ -70.6386525, -33.4490368 ], [ -70.638941, -33.4491053 ], [ -70.6390174, -33.4491235 ], [ -70.6391066, -33.4488574 ] ] ] } },
{ "type": "Feature", "properties": { "access": null, "area": null, "barrier": null, "boundary": null, "building": "yes", "description": null, "ele": null, "golf": null, "landuse": null, "leisure": "sports_centre", "lit": null, "location": null, "name": "Pacific Fitness", "name_en": null, "name_es": null, "opening_hours": null, "operator": null, "phone": null, "protect_class": null, "source_transform": "Reconocimiento cortográfico de campo 2016 por KG", "sport": null, "surface": null, "type": null, "website": null, "wheelchair": null, "zoo": null, "objectid": 15941356, "osm_id2": "446611575" }, "geometry": { "type": "Polygon", "coordinates": [ [ [ -70.632092600041801, -33.450825599446802 ], [ -70.631522799555398, -33.4506932997391 ], [ -70.631448499898198, -33.450916099906699 ], [ -70.632018199773299, -33.451048399274498 ], [ -70.632092600041801, -33.450825599446802 ] ] ] } },
{ "type": "Feature", "properties": { "access": null, "area": null, "barrier": null, "boundary": null, "building": null, "description": null, "ele": null, "golf": null, "landuse": null, "leisure": "park", "lit": null, "location": null, "name": "Parque Central Avenida General Bustamante", "name_en": null, "name_es": null, "opening_hours": null, "operator": null, "phone": null, "protect_class": null, "source_transform": null, "sport": null, "surface": null, "type": null, "website": null, "wheelchair": null, "zoo": null, "objectid": 15941358, "osm_id2": "449627064" }, "geometry": { "type": "Polygon", "coordinates": [ [ [ -70.629501600047604, -33.450749299267201 ], [ -70.629493700262998, -33.450721599315003 ], [ -70.629458799815893, -33.450710399258803 ], [ -70.629393099730905, -33.450706099270299 ], [ -70.629360599582299, -33.450728299261002 ], [ -70.629165499875597, -33.451440599722901 ], [ -70.629184200104902, -33.451486599530497 ], [ -70.6292555002873, -33.451498199725798 ], [ -70.629286200212206, -33.451476099617302 ], [ -70.629347699774797, -33.451206399291301 ], [ -70.629424300017405, -33.451071799901399 ], [ -70.629501600047604, -33.450749299267201 ] ] ] } },
{ "type": "Feature", "properties": { "access": null, "area": null, "barrier": null, "boundary": null, "building": null, "description": null, "ele": null, "golf": null, "landuse": null, "leisure": "park", "lit": null, "location": null, "name": "Parque Central Avenida General Bustamante", "name_en": null, "name_es": null, "opening_hours": null, "operator": null, "phone": null, "protect_class": null, "source_transform": null, "sport": null, "surface": null, "type": null, "website": null, "wheelchair": null, "zoo": null, "objectid": 15941361, "osm_id2": "24445126" }, "geometry": { "type": "Polygon", "coordinates": [ [ [ -70.629304000329498, -33.451596399959897 ], [ -70.629202300259607, -33.451574699365999 ], [ -70.629164500050706, -33.451587899755602 ], [ -70.629075800399605, -33.451860199690401 ], [ -70.628973999718298, -33.4520401992635 ], [ -70.628895999900493, -33.4523670999343 ], [ -70.629124400154794, -33.4523054996518 ], [ -70.629304000329498, -33.451596399959897 ] ] ] } },
{ "type": "Feature", "properties": { "access": null, "area": null, "barrier": null, "boundary": null, "building": "yes", "description": null, "ele": null, "golf": null, "landuse": null, "leisure": "sports_centre", "lit": null, "location": null, "name": "Team Pardo", "name_en": null, "name_es": null, "opening_hours": null, "operator": null, "phone": null, "protect_class": null, "source_transform": null, "sport": null, "surface": null, "type": null, "website": null, "wheelchair": null, "zoo": null, "objectid": 15941408, "osm_id2": "447747704" }, "geometry": { "type": "Polygon", "coordinates": [ [ [ -70.631401700366894, -33.4521820995868 ], [ -70.631345299641794, -33.452009699564101 ], [ -70.631206899799196, -33.452043499343397 ], [ -70.631262699551399, -33.452204499317702 ], [ -70.631282999680195, -33.452262899284797 ], [ -70.631366100132198, -33.4522834994332 ], [ -70.631401700366894, -33.4521820995868 ] ] ] } },
{ "type": "Feature", "properties": { "access": null, "area": null, "barrier": null, "boundary": null, "building": null, "description": null, "ele": null, "golf": null, "landuse": null, "leisure": "park", "lit": null, "location": null, "name": "Plaza San Esteban", "name_en": null, "name_es": null, "opening_hours": null, "operator": null, "phone": null, "protect_class": null, "source_transform": null, "sport": null, "surface": null, "type": null, "website": null, "wheelchair": null, "zoo": null, "objectid": 15941422, "osm_id2": "23394799" }, "geometry": { "type": "Polygon", "coordinates": [ [ [ -70.6283409, -33.4550277 ], [ -70.6283777, -33.4548848 ], [ -70.629054, -33.4525135 ], [ -70.6288443, -33.4525527 ], [ -70.6287186, -33.452573 ], [ -70.6282847, -33.4525665 ], [ -70.6282651, -33.4525829 ], [ -70.6282559, -33.4526343 ], [ -70.6281497, -33.4529795 ], [ -70.6280777, -33.4533463 ], [ -70.6277965, -33.4544162 ], [ -70.627762, -33.4545476 ], [ -70.6276864, -33.4548353 ], [ -70.6276426, -33.4550028 ], [ -70.6279828, -33.4550077 ], [ -70.6283409, -33.4550277 ] ] ] } },
{ "type": "Feature", "properties": { "access": null, "area": null, "barrier": null, "boundary": null, "building": "yes", "description": null, "ele": null, "golf": null, "landuse": null, "leisure": "sports_centre", "lit": null, "location": null, "name": "Bennu Crossfit", "name_en": null, "name_es": null, "opening_hours": null, "operator": null, "phone": null, "protect_class": null, "source_transform": "Reconocimiento cortográfico de campo 2016 por KG", "sport": null, "surface": null, "type": null, "website": null, "wheelchair": null, "zoo": null, "objectid": 15941449, "osm_id2": "448682430" }, "geometry": { "type": "Polygon", "coordinates": [ [ [ -70.6339757, -33.4530592 ], [ -70.6334409, -33.4529813 ], [ -70.6334275, -33.4530454 ], [ -70.6337907, -33.4530976 ], [ -70.633962, -33.4531235 ], [ -70.6339757, -33.4530592 ] ] ] } },
{ "type": "Feature", "properties": { "access": null, "area": null, "barrier": null, "boundary": null, "building": null, "description": null, "ele": null, "golf": null, "landuse": null, "leisure": "park", "lit": null, "location": null, "name": "Plaza Enrique Bunster", "name_en": null, "name_es": null, "opening_hours": null, "operator": null, "phone": null, "protect_class": null, "source_transform": null, "sport": null, "surface": null, "type": null, "website": null, "wheelchair": null, "zoo": null, "objectid": 15941684, "osm_id2": "249925364" }, "geometry": { "type": "Polygon", "coordinates": [ [ [ -70.6173604, -33.4553222 ], [ -70.6173621, -33.4553089 ], [ -70.6173613, -33.455293 ], [ -70.6173584, -33.4552798 ], [ -70.6173523, -33.4552647 ], [ -70.6173456, -33.4552536 ], [ -70.6173308, -33.4552365 ], [ -70.6173082, -33.4552222 ], [ -70.6171245, -33.4551265 ], [ -70.6171024, -33.4551167 ], [ -70.6170829, -33.4551109 ], [ -70.6170605, -33.4551071 ], [ -70.6170405, -33.4551057 ], [ -70.6170186, -33.4551055 ], [ -70.6169949, -33.4551075 ], [ -70.6169747, -33.4551127 ], [ -70.6169562, -33.4551207 ], [ -70.6169428, -33.455129 ], [ -70.616928, -33.4551418 ], [ -70.6169183, -33.4551537 ], [ -70.6169092, -33.4551701 ], [ -70.6169041, -33.4551869 ], [ -70.6169026, -33.4552032 ], [ -70.6169044, -33.4552194 ], [ -70.6169102, -33.4552367 ], [ -70.6169197, -33.4552529 ], [ -70.6169318, -33.4552665 ], [ -70.6169459, -33.4552778 ], [ -70.6171406, -33.4553783 ], [ -70.6171681, -33.4553906 ], [ -70.6171859, -33.4553974 ], [ -70.6172058, -33.4554037 ], [ -70.6172281, -33.4554071 ], [ -70.6172466, -33.4554074 ], [ -70.6172646, -33.4554053 ], [ -70.6172835, -33.4554006 ], [ -70.6173041, -33.4553921 ], [ -70.6173207, -33.4553818 ], [ -70.6173343, -33.45537 ], [ -70.6173468, -33.4553546 ], [ -70.6173545, -33.4553405 ], [ -70.6173604, -33.4553222 ] ] ] } },
{ "type": "Feature", "properties": { "access": null, "area": null, "barrier": null, "boundary": null, "building": null, "description": null, "ele": null, "golf": null, "landuse": null, "leisure": "park", "lit": null, "location": null, "name": "Plazoleta Ricardo Poheler", "name_en": null, "name_es": null, "opening_hours": null, "operator": null, "phone": null, "protect_class": null, "source_transform": null, "sport": null, "surface": null, "type": null, "website": null, "wheelchair": null, "zoo": null, "objectid": 15941784, "osm_id2": "178880382" }, "geometry": { "type": "Polygon", "coordinates": [ [ [ -70.6281705, -33.4556161 ], [ -70.6281977, -33.4556031 ], [ -70.6282619, -33.4553541 ], [ -70.6282524, -33.4553438 ], [ -70.6282374, -33.4553344 ], [ -70.6282175, -33.4553277 ], [ -70.6281902, -33.4553232 ], [ -70.6281118, -33.4553256 ], [ -70.6280572, -33.4553335 ], [ -70.6277452, -33.4553781 ], [ -70.6276713, -33.4553994 ], [ -70.6276022, -33.4554342 ], [ -70.6275537, -33.4554709 ], [ -70.6275106, -33.4555158 ], [ -70.6278222, -33.455581 ], [ -70.6278256, -33.4555647 ], [ -70.6278432, -33.4555449 ], [ -70.6278615, -33.4555321 ], [ -70.6278782, -33.4555279 ], [ -70.6278984, -33.4555289 ], [ -70.6279221, -33.4555404 ], [ -70.6279395, -33.4555573 ], [ -70.6279501, -33.4555681 ], [ -70.6279549, -33.4555801 ], [ -70.6281705, -33.4556161 ] ] ] } },
{ "type": "Feature", "properties": { "access": null, "area": null, "barrier": null, "boundary": null, "building": null, "description": null, "ele": null, "golf": null, "landuse": null, "leisure": "park", "lit": null, "location": null, "name": "Plaza Lo Encalada", "name_en": null, "name_es": null, "opening_hours": null, "operator": null, "phone": null, "protect_class": null, "source_transform": "Reconocimiento cortográfico de campo 2016 por KG", "sport": null, "surface": null, "type": null, "website": null, "wheelchair": null, "zoo": null, "objectid": 15941863, "osm_id2": "447342404" }, "geometry": { "type": "Polygon", "coordinates": [ [ [ -70.624211800428498, -33.4582749998523 ], [ -70.624186500276807, -33.4582700999268 ], [ -70.623692000170806, -33.458833799388998 ], [ -70.623893099725194, -33.458962599498904 ], [ -70.623947299577907, -33.458717999787801 ], [ -70.624090500017303, -33.458737099504198 ], [ -70.624211800428498, -33.4582749998523 ] ] ] } },
{ "type": "Feature", "properties": { "access": "yes", "area": null, "barrier": null, "boundary": null, "building": null, "description": null, "ele": null, "golf": null, "landuse": null, "leisure": "park", "lit": null, "location": null, "name": "Paseo Escultor Samuel Román Rojas", "name_en": null, "name_es": null, "opening_hours": "24/7", "operator": "Municipalidad de Santiago", "phone": null, "protect_class": null, "source_transform": null, "sport": null, "surface": null, "type": null, "website": null, "wheelchair": null, "zoo": null, "objectid": 15942114, "osm_id2": "193600009" }, "geometry": { "type": "Polygon", "coordinates": [ [ [ -70.6558107, -33.4603457 ], [ -70.6553725, -33.4603015 ], [ -70.6551457, -33.4602715 ], [ -70.6550309, -33.4602465 ], [ -70.6542872, -33.4601522 ], [ -70.653277, -33.4600365 ], [ -70.6526146, -33.4599618 ], [ -70.6516317, -33.4598441 ], [ -70.6506469, -33.4597302 ], [ -70.6492648, -33.4595686 ], [ -70.6489814, -33.4594817 ], [ -70.6474037, -33.4591363 ], [ -70.6464144, -33.4589232 ], [ -70.6454701, -33.4587337 ], [ -70.6451953, -33.4586799 ], [ -70.6434751, -33.4583337 ], [ -70.6432177, -33.4582707 ], [ -70.6420452, -33.458035 ], [ -70.6410516, -33.4578283 ], [ -70.6408432, -33.4577815 ], [ -70.6394721, -33.4574915 ], [ -70.6370688, -33.4569938 ], [ -70.6368193, -33.4569326 ], [ -70.6360178, -33.4567673 ], [ -70.6357571, -33.4567136 ], [ -70.6342785, -33.4563901 ], [ -70.6322945, -33.4559658 ], [ -70.632037, -33.4559162 ], [ -70.6314271, -33.4557886 ], [ -70.631239, -33.4557434 ], [ -70.6307165, -33.4556341 ], [ -70.6303643, -33.455594 ], [ -70.6300058, -33.4555341 ], [ -70.6299974, -33.4555694 ], [ -70.631207, -33.4558396 ], [ -70.6314257, -33.455881 ], [ -70.6320785, -33.4560068 ], [ -70.6323201, -33.4560584 ], [ -70.6331562, -33.4562417 ], [ -70.6334205, -33.4562964 ], [ -70.6342316, -33.4564722 ], [ -70.6344641, -33.4565241 ], [ -70.6357399, -33.4567986 ], [ -70.6359446, -33.4568456 ], [ -70.6368408, -33.4570274 ], [ -70.6370839, -33.4570743 ], [ -70.6394521, -33.4575837 ], [ -70.6408231, -33.4578801 ], [ -70.6410404, -33.4579272 ], [ -70.6422068, -33.4581716 ], [ -70.6431905, -33.4583778 ], [ -70.643429, -33.4584358 ], [ -70.6454093, -33.4588345 ], [ -70.6463825, -33.4590416 ], [ -70.6471747, -33.459206 ], [ -70.647382, -33.4592445 ], [ -70.6489763, -33.4595734 ], [ -70.6492968, -33.4596237 ], [ -70.6508288, -33.4598073 ], [ -70.6518345, -33.4599252 ], [ -70.6526282, -33.4600154 ], [ -70.6534613, -33.4601127 ], [ -70.6543255, -33.4602185 ], [ -70.6544336, -33.4602316 ], [ -70.6553582, -33.4603443 ], [ -70.6555149, -33.4603697 ], [ -70.6564284, -33.4604803 ], [ -70.656437, -33.4604233 ], [ -70.6558107, -33.4603457 ] ] ] } },
{ "type": "Feature", "properties": { "access": null, "area": null, "barrier": null, "boundary": null, "building": null, "description": null, "ele": null, "golf": null, "landuse": null, "leisure": "park", "lit": null, "location": null, "name": "Plaza Víctor Jara", "name_en": null, "name_es": null, "opening_hours": null, "operator": null, "phone": null, "protect_class": null, "source_transform": null, "sport": null, "surface": null, "type": null, "website": null, "wheelchair": null, "zoo": null, "objectid": 15942896, "osm_id2": "451458892" }, "geometry": { "type": "Polygon", "coordinates": [ [ [ -70.5699787, -33.4731063 ], [ -70.5695505, -33.4735927 ], [ -70.570448, -33.4740841 ], [ -70.5699787, -33.4731063 ] ] ] } },
{ "type": "Feature", "properties": { "access": null, "area": null, "barrier": null, "boundary": null, "building": null, "description": null, "ele": null, "golf": null, "landuse": null, "leisure": "park", "lit": null, "location": null, "name": "Plaza de la Niñez Salvador Allende", "name_en": null, "name_es": null, "opening_hours": null, "operator": null, "phone": null, "protect_class": null, "source_transform": null, "sport": null, "surface": null, "type": null, "website": null, "wheelchair": null, "zoo": null, "objectid": 15942897, "osm_id2": "557375123" }, "geometry": { "type": "Polygon", "coordinates": [ [ [ -70.5728154, -33.4744417 ], [ -70.5724918, -33.4733661 ], [ -70.5722629, -33.4726662 ], [ -70.5719442, -33.4727344 ], [ -70.5727231, -33.4744615 ], [ -70.5728154, -33.4744417 ] ] ] } },
{ "type": "Feature", "properties": { "access": null, "area": null, "barrier": "fence", "boundary": null, "building": null, "description": null, "ele": null, "golf": null, "landuse": null, "leisure": "park", "lit": null, "location": null, "name": "Parque Juan XXIII", "name_en": null, "name_es": null, "opening_hours": null, "operator": null, "phone": null, "protect_class": null, "source_transform": null, "sport": null, "surface": null, "type": null, "website": null, "wheelchair": null, "zoo": null, "objectid": 15944480, "osm_id2": "93167013" }, "geometry": { "type": "Polygon", "coordinates": [ [ [ -70.5890253, -33.4624648 ], [ -70.5887601, -33.4624499 ], [ -70.588568, -33.4624393 ], [ -70.5885639, -33.4624783 ], [ -70.5885478, -33.462523 ], [ -70.5885049, -33.4625633 ], [ -70.5884352, -33.4626036 ], [ -70.588403, -33.4626573 ], [ -70.5883708, -33.4627244 ], [ -70.5883493, -33.4628094 ], [ -70.5883386, -33.4629124 ], [ -70.5883332, -33.4630242 ], [ -70.5883493, -33.4631361 ], [ -70.5883815, -33.4632793 ], [ -70.5884244, -33.4634136 ], [ -70.5884942, -33.4635657 ], [ -70.5885586, -33.4636776 ], [ -70.588639, -33.4637582 ], [ -70.5887246, -33.4637819 ], [ -70.5887517, -33.4637895 ], [ -70.5887946, -33.4638298 ], [ -70.5888268, -33.4639014 ], [ -70.5891535, -33.4639499 ], [ -70.589113, -33.4638852 ], [ -70.5890984, -33.4638618 ], [ -70.5890508, -33.4637334 ], [ -70.5890309, -33.463574 ], [ -70.5889915, -33.4634906 ], [ -70.5889603, -33.4634376 ], [ -70.5889168, -33.4633647 ], [ -70.588894, -33.4633162 ], [ -70.588859, -33.4632032 ], [ -70.5888321, -33.4630779 ], [ -70.5888227, -33.4629971 ], [ -70.588816, -33.4629392 ], [ -70.5888429, -33.4628094 ], [ -70.5889126, -33.462711 ], [ -70.5890145, -33.4626215 ], [ -70.5890306, -33.462523 ], [ -70.5890253, -33.4624648 ] ] ] } },
{ "type": "Feature", "properties": { "access": null, "area": null, "barrier": null, "boundary": null, "building": "yes", "description": null, "ele": null, "golf": null, "landuse": null, "leisure": "sports_centre", "lit": null, "location": null, "name": "Comité Olímpico de Chile - Santo Tomás", "name_en": null, "name_es": null, "opening_hours": null, "operator": null, "phone": null, "protect_class": null, "source_transform": "Reconocimiento cortográfico de campo 2016 por KG", "sport": null, "surface": null, "type": null, "website": null, "wheelchair": null, "zoo": null, "objectid": 15944654, "osm_id2": "123660722" }, "geometry": { "type": "Polygon", "coordinates": [ [ [ -70.581536200080805, -33.466991299528999 ], [ -70.581472099895393, -33.466624299918998 ], [ -70.581088999867703, -33.466672599763697 ], [ -70.580823800127902, -33.465223399370302 ], [ -70.580393400207299, -33.465278099809602 ], [ -70.580663200219703, -33.466739099777399 ], [ -70.580601999796002, -33.466746999741801 ], [ -70.580667699881005, -33.467101799726002 ], [ -70.581536200080805, -33.466991299528999 ] ] ] } },
{ "type": "Feature", "properties": { "access": null, "area": null, "barrier": null, "boundary": null, "building": null, "description": null, "ele": null, "golf": null, "landuse": null, "leisure": "park", "lit": null, "location": null, "name": "Parque MinistroBenjamín Teplinzky Lijavetzky", "name_en": null, "name_es": null, "opening_hours": null, "operator": null, "phone": null, "protect_class": null, "source_transform": null, "sport": null, "surface": null, "type": null, "website": null, "wheelchair": null, "zoo": null, "objectid": 15944796, "osm_id2": "840664126" }, "geometry": { "type": "Polygon", "coordinates": [ [ [ -70.5818594, -33.4675226 ], [ -70.5829006, -33.4673621 ], [ -70.5828887, -33.4672918 ], [ -70.5830468, -33.4672706 ], [ -70.5830259, -33.4671312 ], [ -70.5838804, -33.4669933 ], [ -70.5840393, -33.4669737 ], [ -70.5840713, -33.4671065 ], [ -70.5851478, -33.4669733 ], [ -70.5851298, -33.4668709 ], [ -70.5840878, -33.466988 ], [ -70.5840429, -33.4667234 ], [ -70.585122, -33.4665739 ], [ -70.5851049, -33.4664453 ], [ -70.5846903, -33.4665074 ], [ -70.5845682, -33.4664888 ], [ -70.5843753, -33.4665546 ], [ -70.5831008, -33.4670095 ], [ -70.583048, -33.4670781 ], [ -70.5826617, -33.4671981 ], [ -70.5826194, -33.4671926 ], [ -70.5818527, -33.4674558 ], [ -70.5818594, -33.4675226 ] ] ] } },
{ "type": "Feature", "properties": { "access": null, "area": null, "barrier": null, "boundary": null, "building": null, "description": null, "ele": null, "golf": null, "landuse": null, "leisure": "sports_centre", "lit": null, "location": null, "name": "Polideportivo de Ñuñoa", "name_en": null, "name_es": null, "opening_hours": null, "operator": null, "phone": null, "protect_class": null, "source_transform": null, "sport": null, "surface": null, "type": null, "website": null, "wheelchair": null, "zoo": null, "objectid": 15944823, "osm_id2": "157587145" }, "geometry": { "type": "Polygon", "coordinates": [ [ [ -70.5886267, -33.4674585 ], [ -70.5884439, -33.4666551 ], [ -70.5883111, -33.4666721 ], [ -70.5882877, -33.4666085 ], [ -70.5874994, -33.4667063 ], [ -70.5876943, -33.4675999 ], [ -70.5886267, -33.4674585 ] ] ] } },
{ "type": "Feature", "properties": { "access": "yes", "area": null, "barrier": null, "boundary": null, "building": "yes", "description": "Aquí se desarrollan competencias de natación, clavados con tablones y plataformas, polo acuático y natación artística. Fue remodelado con dos edificios unidos por un puente para que circulen los deportistas.", "ele": null, "golf": null, "landuse": null, "leisure": "swimming_pool", "lit": "yes", "location": "indoor", "name": "Edificio Oriente Centro Acuático", "name_en": null, "name_es": null, "opening_hours": null, "operator": "IND", "phone": null, "protect_class": null, "source_transform": null, "sport": "swimming", "surface": null, "type": null, "website": null, "wheelchair": null, "zoo": null, "objectid": 15945048, "osm_id2": "259792506" }, "geometry": { "type": "Polygon", "coordinates": [ [ [ -70.6083488, -33.4637374 ], [ -70.6082499, -33.4631127 ], [ -70.608196, -33.4628132 ], [ -70.608154, -33.4628171 ], [ -70.6081451, -33.462744 ], [ -70.6080741, -33.4627496 ], [ -70.6080857, -33.4628234 ], [ -70.6075925, -33.4628747 ], [ -70.6077392, -33.463803 ], [ -70.6083488, -33.4637374 ] ] ] } },
{ "type": "Feature", "properties": { "access": null, "area": null, "barrier": null, "boundary": null, "building": null, "description": null, "ele": null, "golf": null, "landuse": null, "leisure": "swimming_pool", "lit": null, "location": null, "name": "Piscina Estadio Nacional", "name_en": null, "name_es": null, "opening_hours": null, "operator": null, "phone": null, "protect_class": null, "source_transform": null, "sport": "swimming", "surface": null, "type": null, "website": null, "wheelchair": null, "zoo": null, "objectid": 15945049, "osm_id2": "339603492" }, "geometry": { "type": "Polygon", "coordinates": [ [ [ -70.6090972999218, -33.463219199820699 ], [ -70.608836699556207, -33.463164699673598 ], [ -70.608707500258703, -33.463594999899399 ], [ -70.608968200337401, -33.463649499775897 ], [ -70.6090972999218, -33.463219199820699 ] ] ] } },
{ "type": "Feature", "properties": { "access": null, "area": null, "barrier": null, "boundary": null, "building": null, "description": null, "ele": null, "golf": null, "landuse": null, "leisure": "park", "lit": null, "location": null, "name": "Parque Interior Villa Real", "name_en": null, "name_es": null, "opening_hours": null, "operator": null, "phone": null, "protect_class": null, "source_transform": null, "sport": null, "surface": null, "type": null, "website": null, "wheelchair": null, "zoo": null, "objectid": 15945065, "osm_id2": "369609615" }, "geometry": { "type": "Polygon", "coordinates": [ [ [ -70.604022900138105, -33.4642880999235 ], [ -70.603869999690204, -33.4638552993761 ], [ -70.603692600387902, -33.463898899748699 ], [ -70.603651499768702, -33.463782399474198 ], [ -70.603384000341705, -33.463848099841897 ], [ -70.6034576002113, -33.464056499400002 ], [ -70.603577299824593, -33.464026999884602 ], [ -70.603697799836795, -33.464368099970898 ], [ -70.604022900138105, -33.4642880999235 ] ] ] } },
{ "type": "Feature", "properties": { "access": null, "area": null, "barrier": null, "boundary": null, "building": null, "description": null, "ele": null, "golf": null, "landuse": null, "leisure": "park", "lit": null, "location": null, "name": "Plaza Calama", "name_en": null, "name_es": null, "opening_hours": null, "operator": null, "phone": null, "protect_class": null, "source_transform": null, "sport": null, "surface": null, "type": null, "website": null, "wheelchair": null, "zoo": null, "objectid": 15945143, "osm_id2": "606928226" }, "geometry": { "type": "Polygon", "coordinates": [ [ [ -70.595748200052498, -33.466438499675803 ], [ -70.595735399958002, -33.4659997994547 ], [ -70.595689600251504, -33.465866099812501 ], [ -70.595614800232795, -33.465695599721499 ], [ -70.595536999841002, -33.465700599645402 ], [ -70.595487299649605, -33.465882599827701 ], [ -70.595458399948498, -33.465941899588501 ], [ -70.595425100299295, -33.4660644999596 ], [ -70.595431199860101, -33.466452599309697 ], [ -70.595748200052498, -33.466438499675803 ] ] ] } },
{ "type": "Feature", "properties": { "access": null, "area": null, "barrier": null, "boundary": null, "building": null, "description": null, "ele": null, "golf": null, "landuse": null, "leisure": "park", "lit": null, "location": null, "name": "Plaza Quillagua", "name_en": null, "name_es": null, "opening_hours": null, "operator": null, "phone": null, "protect_class": null, "source_transform": null, "sport": null, "surface": null, "type": null, "website": null, "wheelchair": null, "zoo": null, "objectid": 15945218, "osm_id2": "638887839" }, "geometry": { "type": "Polygon", "coordinates": [ [ [ -70.591994899556596, -33.467804499626602 ], [ -70.591838399559293, -33.467113799498101 ], [ -70.591252500364703, -33.467206199861202 ], [ -70.5913452999268, -33.467615599511298 ], [ -70.591631600194404, -33.467570399598401 ], [ -70.591695400342502, -33.467851799902803 ], [ -70.591994899556596, -33.467804499626602 ] ] ] } },
{ "type": "Feature", "properties": { "access": null, "area": null, "barrier": null, "boundary": null, "building": null, "description": null, "ele": null, "golf": null, "landuse": null, "leisure": "park", "lit": null, "location": null, "name": "Parque Juan Moya", "name_en": null, "name_es": null, "opening_hours": null, "operator": null, "phone": null, "protect_class": null, "source_transform": "Reconocimiento cortográfico de campo 2016 por KG", "sport": null, "surface": null, "type": null, "website": null, "wheelchair": null, "zoo": null, "objectid": 15945225, "osm_id2": "109651875" }, "geometry": { "type": "Polygon", "coordinates": [ [ [ -70.5904583, -33.4711631 ], [ -70.591144, -33.4703744 ], [ -70.5902729, -33.4699101 ], [ -70.5893698, -33.4662339 ], [ -70.5896578, -33.466185 ], [ -70.5913991, -33.4658893 ], [ -70.5915041, -33.4658714 ], [ -70.5915223, -33.4659483 ], [ -70.5916898, -33.4666529 ], [ -70.5920035, -33.4665876 ], [ -70.5921054, -33.4664877 ], [ -70.5928181, -33.4663635 ], [ -70.5927074, -33.4657943 ], [ -70.5941507, -33.4655524 ], [ -70.5941233, -33.4650135 ], [ -70.5940045, -33.4649155 ], [ -70.592351, -33.465124 ], [ -70.5910221, -33.4652911 ], [ -70.5907908, -33.4653276 ], [ -70.5905662, -33.4653765 ], [ -70.5903253, -33.4654258 ], [ -70.5900103, -33.4654687 ], [ -70.5889059, -33.4656067 ], [ -70.5888036, -33.4656283 ], [ -70.588718, -33.4656497 ], [ -70.5886581, -33.4656739 ], [ -70.5885976, -33.4657209 ], [ -70.5885687, -33.4657574 ], [ -70.5885598, -33.4657733 ], [ -70.5885485, -33.4657998 ], [ -70.5885417, -33.4658331 ], [ -70.5885418, -33.4658777 ], [ -70.58856, -33.4659383 ], [ -70.588584, -33.4660092 ], [ -70.5885877, -33.4660449 ], [ -70.5885867, -33.466075 ], [ -70.5885676, -33.4661152 ], [ -70.5885398, -33.466141 ], [ -70.5885019, -33.4661713 ], [ -70.5885216, -33.466316 ], [ -70.5885427, -33.4664036 ], [ -70.5886744, -33.4669253 ], [ -70.5889372, -33.4680056 ], [ -70.5889783, -33.4681803 ], [ -70.5891988, -33.4690676 ], [ -70.5894933, -33.4703062 ], [ -70.589517, -33.4703913 ], [ -70.589543, -33.4704603 ], [ -70.5895689, -33.4705101 ], [ -70.5896308, -33.4706151 ], [ -70.5897032, -33.4706918 ], [ -70.5898177, -33.4707913 ], [ -70.5904583, -33.4711631 ] ] ] } },
{ "type": "Feature", "properties": { "access": "permit", "area": null, "barrier": null, "boundary": null, "building": null, "description": null, "ele": null, "golf": null, "landuse": null, "leisure": "pitch", "lit": null, "location": null, "name": "Campo Deportivo Juan Gómez Millas", "name_en": null, "name_es": null, "opening_hours": null, "operator": null, "phone": null, "protect_class": null, "source_transform": null, "sport": "soccer", "surface": "artificial_turf", "type": null, "website": null, "wheelchair": null, "zoo": null, "objectid": 15945246, "osm_id2": "156395999" }, "geometry": { "type": "Polygon", "coordinates": [ [ [ -70.5946301, -33.4694636 ], [ -70.5945836, -33.4683686 ], [ -70.5938135, -33.4683914 ], [ -70.59386, -33.4694863 ], [ -70.5946301, -33.4694636 ] ] ] } },
{ "type": "Feature", "properties": { "access": null, "area": null, "barrier": null, "boundary": null, "building": "yes", "description": "Cuenta con una superficie de 7.500 mts2 y puede recibir a 5 mil espectadores. Ha sido sede de campeonatos nacionales, sudamericanos, panamericanos y mundiales en diferentes disciplinas. Fue inaugurado el año 2014 para los Juegos Suramericanos de Santiago.", "ele": null, "golf": null, "landuse": null, "leisure": "fitness_centre", "lit": null, "location": null, "name": "Polideportivo 1", "name_en": null, "name_es": null, "opening_hours": null, "operator": "IND", "phone": null, "protect_class": null, "source_transform": null, "sport": "basketball;multi;volleyball;fitness;table_tennis", "surface": null, "type": null, "website": "https://ind.cl/", "wheelchair": "yes", "zoo": null, "objectid": 15945418, "osm_id2": "266475926" }, "geometry": { "type": "Polygon", "coordinates": [ [ [ -70.607103, -33.4673392 ], [ -70.6071441, -33.4674437 ], [ -70.607169, -33.4674445 ], [ -70.6071631, -33.4675665 ], [ -70.6071113, -33.4675647 ], [ -70.6070948, -33.4679005 ], [ -70.6070927, -33.4679437 ], [ -70.6071417, -33.4679454 ], [ -70.6071366, -33.4680504 ], [ -70.6074266, -33.4680603 ], [ -70.6075747, -33.4680653 ], [ -70.6077392, -33.4680709 ], [ -70.6079453, -33.4680779 ], [ -70.6079466, -33.4680519 ], [ -70.6079501, -33.4679782 ], [ -70.6080262, -33.4679808 ], [ -70.6080293, -33.4679178 ], [ -70.608046, -33.4675734 ], [ -70.6079713, -33.4676141 ], [ -70.6079812, -33.4674726 ], [ -70.6080068, -33.4674739 ], [ -70.6080668, -33.4673679 ], [ -70.6079024, -33.4673629 ], [ -70.6078997, -33.4674242 ], [ -70.6078755, -33.4674235 ], [ -70.6078781, -33.4673627 ], [ -70.607602, -33.4673543 ], [ -70.607103, -33.4673392 ] ] ] } },
{ "type": "Feature", "properties": { "access": null, "area": null, "barrier": null, "boundary": null, "building": null, "description": null, "ele": null, "golf": null, "landuse": null, "leisure": "track", "lit": null, "location": null, "name": "Pista Velodromo", "name_en": null, "name_es": null, "opening_hours": null, "operator": null, "phone": null, "protect_class": null, "source_transform": null, "sport": null, "surface": null, "type": null, "website": null, "wheelchair": null, "zoo": null, "objectid": 15945438, "osm_id2": "-8647175" }, "geometry": { "type": "Polygon", "coordinates": [ [ [ -70.607964100343693, -33.469348999920697 ], [ -70.6078869000265, -33.468807799495998 ], [ -70.607861699587801, -33.468761399725999 ], [ -70.607823999990302, -33.468702999631397 ], [ -70.607792699990895, -33.468667099885998 ], [ -70.607725499719393, -33.468610399285097 ], [ -70.607664999981594, -33.468574899661803 ], [ -70.607580299630101, -33.468544399783902 ], [ -70.607492899841205, -33.468532299795001 ], [ -70.607408500425294, -33.4685315998885 ], [ -70.607286999689805, -33.468555799864902 ], [ -70.607193600053094, -33.468596499333003 ], [ -70.607112800186599, -33.468666099485802 ], [ -70.607063400032501, -33.4687287994496 ], [ -70.607031599671402, -33.468787599686401 ], [ -70.607002600257402, -33.468883499282299 ], [ -70.607072599679299, -33.469436199613099 ], [ -70.607088700184093, -33.469516699225501 ], [ -70.6071350002522, -33.469600899829302 ], [ -70.607172900174007, -33.469656599393403 ], [ -70.6072333001988, -33.469707799797902 ], [ -70.607311200303599, -33.469753499913999 ], [ -70.607381000299497, -33.469776299756198 ], [ -70.607474699973494, -33.4697791997555 ], [ -70.6075736997077, -33.469777099316801 ], [ -70.607649900200002, -33.469763199551799 ], [ -70.607714199811397, -33.469746399784398 ], [ -70.607795700363894, -33.469705199538097 ], [ -70.607854199553501, -33.469655599753999 ], [ -70.607899199759302, -33.469597699332503 ], [ -70.607937699755794, -33.4695154995064 ], [ -70.607957000059699, -33.4694447992308 ], [ -70.607964100343693, -33.469348999920697 ] ], [ [ -70.607866699610696, -33.469330299701902 ], [ -70.607852100190698, -33.469423499513802 ], [ -70.607839900170802, -33.469487899968499 ], [ -70.607809999746607, -33.469563199754198 ], [ -70.607759700378907, -33.469614099722499 ], [ -70.607709100075596, -33.469656999548903 ], [ -70.607654200435306, -33.469686199654397 ], [ -70.607576300330507, -33.469703099847003 ], [ -70.607498799976, -33.469711299282999 ], [ -70.607418699896996, -33.469709499333703 ], [ -70.6073478003632, -33.469690499450898 ], [ -70.607279000192193, -33.469649699333601 ], [ -70.607233499624797, -33.469598199902002 ], [ -70.607194999628305, -33.469536799950198 ], [ -70.607170799912893, -33.469472899352603 ], [ -70.607151499609003, -33.469390199586897 ], [ -70.6070941996703, -33.468884599345003 ], [ -70.607117200134894, -33.468793599830697 ], [ -70.607151300183006, -33.468742799795102 ], [ -70.607207399972495, -33.468687899963598 ], [ -70.607275600068903, -33.468649199840399 ], [ -70.607351300199596, -33.468618599573901 ], [ -70.607436500014401, -33.468606499595303 ], [ -70.607529199863507, -33.468608599313001 ], [ -70.607614099640998, -33.468631999696797 ], [ -70.607655299973203, -33.468657599456201 ], [ -70.607694300331303, -33.468682599717297 ], [ -70.607726300118301, -33.468709799351799 ], [ -70.607761600315698, -33.468764399424401 ], [ -70.607793699815801, -33.468830499921999 ], [ -70.607866699610696, -33.469330299701902 ] ] ] } },
{ "type": "Feature", "properties": { "access": null, "area": null, "barrier": null, "boundary": null, "building": "yes", "description": null, "ele": null, "golf": null, "landuse": null, "leisure": "stadium", "lit": null, "location": null, "name": "Velódromo Estadio Nacional", "name_en": null, "name_es": null, "opening_hours": null, "operator": null, "phone": null, "protect_class": null, "source_transform": "Bing", "sport": null, "surface": null, "type": null, "website": null, "wheelchair": null, "zoo": null, "objectid": 15945439, "osm_id2": "-8647179" }, "geometry": { "type": "Polygon", "coordinates": [ [ [ -70.608262500019805, -33.469152599838203 ], [ -70.608240900028804, -33.469037199941603 ], [ -70.608211299641894, -33.468912699648399 ], [ -70.608151700016094, -33.468771699714303 ], [ -70.608071500224099, -33.468651899797301 ], [ -70.607994399619898, -33.468568199596199 ], [ -70.607913100290006, -33.468497999872902 ], [ -70.607835899972898, -33.468451599936998 ], [ -70.607738899888503, -33.468409399421503 ], [ -70.607643600314901, -33.468378399658199 ], [ -70.607534499923702, -33.468377599335497 ], [ -70.607452499907893, -33.468378599738898 ], [ -70.607356600259706, -33.468403999492502 ], [ -70.607230200112795, -33.4684619996276 ], [ -70.607067400230505, -33.468583399699597 ], [ -70.606988999763999, -33.4687115993219 ], [ -70.606958899913806, -33.4688468997077 ], [ -70.606993500323597, -33.4690787999143 ], [ -70.607061500095696, -33.469535499817702 ], [ -70.607131999879201, -33.469706399254498 ], [ -70.607231100224695, -33.469793299595302 ], [ -70.607329299560007, -33.469838999666202 ], [ -70.607474000185903, -33.469863199277498 ], [ -70.607573900032094, -33.4698646994824 ], [ -70.607664099869694, -33.4698525996778 ], [ -70.607745100060598, -33.4698348999544 ], [ -70.607819999792298, -33.469895099231699 ], [ -70.607889199713597, -33.469868899606098 ], [ -70.607950599563296, -33.469832499775599 ], [ -70.608007100001402, -33.469787799339201 ], [ -70.608051899882895, -33.4697427998873 ], [ -70.608089499767502, -33.469702899769302 ], [ -70.608138899921599, -33.469639799605297 ], [ -70.608176000342795, -33.469578299269401 ], [ -70.608207600379501, -33.4695046997861 ], [ -70.608232100132298, -33.469435299635599 ], [ -70.608247400238199, -33.469348199606799 ], [ -70.608260999833306, -33.469254599556599 ], [ -70.608262500019805, -33.469152599838203 ] ], [ [ -70.607978900088, -33.469348599763698 ], [ -70.607971700090999, -33.469446599934898 ], [ -70.607951900323798, -33.469519099412999 ], [ -70.607912399604103, -33.469603299265003 ], [ -70.607865800397093, -33.469663399788402 ], [ -70.607804900010706, -33.4697148999307 ], [ -70.607720300270501, -33.469757699293801 ], [ -70.607653700073698, -33.469775099291397 ], [ -70.607575499931599, -33.4697893999587 ], [ -70.607473300398297, -33.469791599311797 ], [ -70.607379400400006, -33.469787999416603 ], [ -70.607301399683806, -33.469766899861398 ], [ -70.607202099912399, -33.469705199538097 ], [ -70.607136600151705, -33.469642199789298 ], [ -70.607106200264198, -33.469580399713003 ], [ -70.607074300190106, -33.469519999389597 ], [ -70.606987600188802, -33.468882699713497 ], [ -70.607017600326003, -33.468783499924797 ], [ -70.607050399613698, -33.468722799300899 ], [ -70.607101200241303, -33.468658399776402 ], [ -70.607184599832294, -33.468586499818997 ], [ -70.607281800240997, -33.468544199703601 ], [ -70.6074067999145, -33.468519299817402 ], [ -70.607494199703396, -33.468519999724002 ], [ -70.607584500152399, -33.468532499875302 ], [ -70.6076722996916, -33.468564099824199 ], [ -70.607735100014807, -33.468600999263799 ], [ -70.607803999898806, -33.468659099681901 ], [ -70.607836500047497, -33.468696399240898 ], [ -70.607874900330899, -33.4687558994044 ], [ -70.607901300020501, -33.468804399639701 ], [ -70.607978900088, -33.469348599763698 ] ] ] } },
{ "type": "Feature", "properties": { "access": null, "area": null, "barrier": null, "boundary": null, "building": null, "description": null, "ele": null, "golf": null, "landuse": null, "leisure": "park", "lit": null, "location": null, "name": "Rotonda Grecia", "name_en": null, "name_es": null, "opening_hours": null, "operator": null, "phone": null, "protect_class": null, "source_transform": null, "sport": null, "surface": null, "type": null, "website": null, "wheelchair": null, "zoo": null, "objectid": 15945450, "osm_id2": "614290789" }, "geometry": { "type": "Polygon", "coordinates": [ [ [ -70.5773802, -33.4693106 ], [ -70.5773319, -33.4692077 ], [ -70.5772796, -33.4691372 ], [ -70.5771898, -33.4690343 ], [ -70.5770744, -33.4689615 ], [ -70.5769269, -33.4689011 ], [ -70.5768116, -33.4688776 ], [ -70.5767217, -33.4688732 ], [ -70.5766292, -33.468862 ], [ -70.5764763, -33.4688597 ], [ -70.5763757, -33.4688597 ], [ -70.5762711, -33.4688978 ], [ -70.5761839, -33.4689515 ], [ -70.5760847, -33.4690164 ], [ -70.5759667, -33.4691059 ], [ -70.5758715, -33.4692121 ], [ -70.5758111, -33.4693173 ], [ -70.5757856, -33.469437 ], [ -70.5757843, -33.4695824 ], [ -70.5758098, -33.4696675 ], [ -70.5758299, -33.4697525 ], [ -70.5758996, -33.4698789 ], [ -70.5759761, -33.4699796 ], [ -70.5760874, -33.4700512 ], [ -70.5762161, -33.4701094 ], [ -70.5763234, -33.470134 ], [ -70.5764817, -33.4701698 ], [ -70.5766748, -33.4701608 ], [ -70.5768438, -33.4701328 ], [ -70.5769765, -33.4700758 ], [ -70.5771281, -33.4700165 ], [ -70.5772273, -33.4699606 ], [ -70.5773051, -33.4698655 ], [ -70.5773681, -33.4697614 ], [ -70.5774124, -33.4696182 ], [ -70.5774191, -33.4695019 ], [ -70.5774164, -33.469409 ], [ -70.5773802, -33.4693106 ] ] ] } },
{ "type": "Feature", "properties": { "access": null, "area": null, "barrier": null, "boundary": null, "building": null, "description": "Plaza René Schneider", "ele": null, "golf": null, "landuse": null, "leisure": "park", "lit": null, "location": null, "name": "René Schneider", "name_en": null, "name_es": null, "opening_hours": null, "operator": null, "phone": null, "protect_class": null, "source_transform": null, "sport": null, "surface": null, "type": null, "website": null, "wheelchair": null, "zoo": null, "objectid": 15945451, "osm_id2": "550762451" }, "geometry": { "type": "Polygon", "coordinates": [ [ [ -70.5737524, -33.4707567 ], [ -70.5730093, -33.4709115 ], [ -70.5731051, -33.471257 ], [ -70.5738556, -33.4711049 ], [ -70.5737524, -33.4707567 ] ] ] } },
{ "type": "Feature", "properties": { "access": "yes", "area": null, "barrier": null, "boundary": null, "building": null, "description": null, "ele": null, "golf": null, "landuse": null, "leisure": "pitch", "lit": "yes", "location": null, "name": "Cancha Jaime Eyzaguirre", "name_en": null, "name_es": null, "opening_hours": null, "operator": null, "phone": null, "protect_class": null, "source_transform": null, "sport": "soccer", "surface": "grass", "type": null, "website": null, "wheelchair": null, "zoo": null, "objectid": 15945468, "osm_id2": "573341284" }, "geometry": { "type": "Polygon", "coordinates": [ [ [ -70.5799269, -33.4690362 ], [ -70.5793278, -33.469138 ], [ -70.5795282, -33.4699586 ], [ -70.5801272, -33.4698568 ], [ -70.5799269, -33.4690362 ] ] ] } },
{ "type": "Feature", "properties": { "access": null, "area": null, "barrier": null, "boundary": null, "building": null, "description": null, "ele": null, "golf": null, "landuse": null, "leisure": "pitch", "lit": null, "location": null, "name": "Complejo Deportivo Honorino Landa", "name_en": null, "name_es": null, "opening_hours": null, "operator": null, "phone": null, "protect_class": null, "source_transform": null, "sport": "soccer", "surface": null, "type": null, "website": null, "wheelchair": null, "zoo": null, "objectid": 15945502, "osm_id2": "573340124" }, "geometry": { "type": "Polygon", "coordinates": [ [ [ -70.576851299922893, -33.472955299335503 ], [ -70.576603300225699, -33.472174899425397 ], [ -70.576124299651596, -33.472280799607198 ], [ -70.576372300247101, -33.473061199312902 ], [ -70.576851299922893, -33.472955299335503 ] ] ] } },
{ "type": "Feature", "properties": { "access": null, "area": null, "barrier": null, "boundary": null, "building": null, "description": null, "ele": null, "golf": null, "landuse": null, "leisure": "pitch", "lit": null, "location": null, "name": "Complejo Deportivo Honorino Landa", "name_en": null, "name_es": null, "opening_hours": null, "operator": null, "phone": null, "protect_class": null, "source_transform": null, "sport": "soccer", "surface": null, "type": null, "website": null, "wheelchair": null, "zoo": null, "objectid": 15945503, "osm_id2": "37269401" }, "geometry": { "type": "Polygon", "coordinates": [ [ [ -70.576309499923894, -33.473076199307798 ], [ -70.5760615002267, -33.472295799737097 ], [ -70.575582499652597, -33.472401699771197 ], [ -70.575830500248102, -33.473182099886699 ], [ -70.576309499923894, -33.473076199307798 ] ] ] } },
{ "type": "Feature", "properties": { "access": null, "area": null, "barrier": null, "boundary": null, "building": null, "description": null, "ele": null, "golf": null, "landuse": null, "leisure": "sports_centre", "lit": null, "location": null, "name": "Complejo Deportivo Honorino Landa", "name_en": null, "name_es": null, "opening_hours": null, "operator": null, "phone": null, "protect_class": null, "source_transform": null, "sport": null, "surface": null, "type": null, "website": null, "wheelchair": null, "zoo": null, "objectid": 15945504, "osm_id2": "614290445" }, "geometry": { "type": "Polygon", "coordinates": [ [ [ -70.576998600273299, -33.473497799409003 ], [ -70.576671099673504, -33.4719213996745 ], [ -70.575404900026001, -33.472152299536802 ], [ -70.575504199797507, -33.4724506992683 ], [ -70.575899199807694, -33.473597999389803 ], [ -70.575930899557505, -33.473746499652997 ], [ -70.576998600273299, -33.473497799409003 ] ] ] } },
{ "type": "Feature", "properties": { "access": null, "area": null, "barrier": null, "boundary": null, "building": null, "description": null, "ele": null, "golf": null, "landuse": null, "leisure": "pitch", "lit": "yes", "location": null, "name": "Estadio Los Jardines", "name_en": null, "name_es": null, "opening_hours": null, "operator": null, "phone": null, "protect_class": null, "source_transform": null, "sport": "soccer", "surface": "grass", "type": null, "website": null, "wheelchair": null, "zoo": null, "objectid": 15945594, "osm_id2": "406319480" }, "geometry": { "type": "Polygon", "coordinates": [ [ [ -70.5851099, -33.472168 ], [ -70.5844317, -33.4722773 ], [ -70.584633, -33.4731458 ], [ -70.5853111, -33.4730365 ], [ -70.5851099, -33.472168 ] ] ] } },
{ "type": "Feature", "properties": { "access": null, "area": null, "barrier": null, "boundary": null, "building": null, "description": null, "ele": null, "golf": null, "landuse": null, "leisure": "pitch", "lit": null, "location": null, "name": "Complejo Deportivo Honorino Landa", "name_en": null, "name_es": null, "opening_hours": null, "operator": null, "phone": null, "protect_class": null, "source_transform": null, "sport": "soccer", "surface": null, "type": null, "website": null, "wheelchair": null, "zoo": null, "objectid": 15945626, "osm_id2": "37269402" }, "geometry": { "type": "Polygon", "coordinates": [ [ [ -70.576931700039097, -33.4734868997758 ], [ -70.5767911999354, -33.473043699565402 ], [ -70.575829099774495, -33.4732557996536 ], [ -70.575969599878206, -33.473698999528402 ], [ -70.576931700039097, -33.4734868997758 ] ] ] } },
{ "type": "Feature", "properties": { "access": null, "area": null, "barrier": null, "boundary": null, "building": null, "description": null, "ele": null, "golf": null, "landuse": null, "leisure": "park", "lit": null, "location": null, "name": "Rotonda Amador Neghme Rodríguez", "name_en": null, "name_es": null, "opening_hours": null, "operator": null, "phone": null, "protect_class": null, "source_transform": null, "sport": null, "surface": null, "type": null, "website": null, "wheelchair": null, "zoo": null, "objectid": 15945684, "osm_id2": "590599833" }, "geometry": { "type": "Polygon", "coordinates": [ [ [ -70.588601899846395, -33.473768099533899 ], [ -70.588600500271099, -33.473680899704398 ], [ -70.588577300380607, -33.473571199928301 ], [ -70.588565899861393, -33.473543499774301 ], [ -70.588545500019606, -33.4734935994612 ], [ -70.588524500103205, -33.473459099935098 ], [ -70.588472200187297, -33.473402799610398 ], [ -70.5884149999616, -33.4733690995755 ], [ -70.588307600081194, -33.473319999439099 ], [ -70.588198499689895, -33.473289299663101 ], [ -70.588004099770899, -33.473256399861903 ], [ -70.587818000284997, -33.4732451997194 ], [ -70.587665999949095, -33.473249499339403 ], [ -70.587549599847804, -33.473260399751801 ], [ -70.587463100170794, -33.473274299705203 ], [ -70.587406299695402, -33.4733033996812 ], [ -70.587291999855296, -33.473328299691502 ], [ -70.587217899624093, -33.473360499597902 ], [ -70.587128200148001, -33.473423799369797 ], [ -70.587065000074503, -33.473483399693897 ], [ -70.587018099931896, -33.4735580995482 ], [ -70.586981700196503, -33.473644699295697 ], [ -70.586969399565405, -33.47370269967 ], [ -70.586971199789204, -33.473777199266998 ], [ -70.586988600156204, -33.473856999479402 ], [ -70.587015299883106, -33.4739447993352 ], [ -70.587051899942793, -33.4739942992531 ], [ -70.587080999968094, -33.474033699848803 ], [ -70.587136300256901, -33.474089399561002 ], [ -70.587232700266696, -33.474163399781197 ], [ -70.587327399765698, -33.474218599616698 ], [ -70.587456399637105, -33.474290099263101 ], [ -70.587487099561898, -33.474303499258397 ], [ -70.587556600418793, -33.474326999261898 ], [ -70.587664199725197, -33.474342699646499 ], [ -70.587789699760293, -33.474348599747302 ], [ -70.588037800068804, -33.474327899937897 ], [ -70.588130700242203, -33.474308599843198 ], [ -70.588245600156895, -33.474261499411597 ], [ -70.588292600012593, -33.474232799891801 ], [ -70.588350500025896, -33.474197599300602 ], [ -70.588419300196904, -33.474140099800699 ], [ -70.588490499768, -33.474060299849 ], [ -70.588533200286705, -33.473994799797097 ], [ -70.588565899861393, -33.473925999699603 ], [ -70.588591599763305, -33.473841099688002 ], [ -70.588601899846395, -33.473768099533899 ] ] ] } },
{ "type": "Feature", "properties": { "access": null, "area": null, "barrier": null, "boundary": null, "building": null, "description": null, "ele": null, "golf": null, "landuse": null, "leisure": "pitch", "lit": null, "location": null, "name": "Cancha Los Alerces", "name_en": null, "name_es": null, "opening_hours": null, "operator": null, "phone": null, "protect_class": null, "source_transform": null, "sport": "soccer", "surface": "grass", "type": null, "website": null, "wheelchair": null, "zoo": null, "objectid": 15945725, "osm_id2": "406319486" }, "geometry": { "type": "Polygon", "coordinates": [ [ [ -70.5928606, -33.4706704 ], [ -70.5925576, -33.4710366 ], [ -70.5932786, -33.4714517 ], [ -70.5935816, -33.4710855 ], [ -70.5928606, -33.4706704 ] ] ] } },
{ "type": "Feature", "properties": { "access": null, "area": null, "barrier": null, "boundary": null, "building": null, "description": null, "ele": null, "golf": null, "landuse": null, "leisure": "park", "lit": null, "location": null, "name": "Plaza Zañartu", "name_en": null, "name_es": null, "opening_hours": null, "operator": null, "phone": null, "protect_class": null, "source_transform": null, "sport": null, "surface": null, "type": null, "website": null, "wheelchair": null, "zoo": null, "objectid": 15946065, "osm_id2": "24742595" }, "geometry": { "type": "Polygon", "coordinates": [ [ [ -70.6063373, -33.4721088 ], [ -70.6061142, -33.4721208 ], [ -70.6058815, -33.4721767 ], [ -70.6056927, -33.4723127 ], [ -70.6056105, -33.4724452 ], [ -70.6055675, -33.4726096 ], [ -70.6055635, -33.4727148 ], [ -70.6056011, -33.4728714 ], [ -70.6056976, -33.4730101 ], [ -70.6059072, -33.4731719 ], [ -70.6062849, -33.4732721 ], [ -70.6063373, -33.4721088 ] ] ] } },
{ "type": "Feature", "properties": { "access": null, "area": null, "barrier": null, "boundary": null, "building": null, "description": null, "ele": null, "golf": null, "landuse": null, "leisure": "pitch", "lit": null, "location": null, "name": "Cancha Santa julia", "name_en": null, "name_es": null, "opening_hours": null, "operator": null, "phone": null, "protect_class": null, "source_transform": null, "sport": "soccer", "surface": null, "type": null, "website": null, "wheelchair": null, "zoo": null, "objectid": 15946119, "osm_id2": "140520184" }, "geometry": { "type": "Polygon", "coordinates": [ [ [ -70.5965039, -33.4752339 ], [ -70.5958843, -33.475256 ], [ -70.5959282, -33.4761117 ], [ -70.5965479, -33.4760895 ], [ -70.5965039, -33.4752339 ] ] ] } },
{ "type": "Feature", "properties": { "access": "yes", "area": null, "barrier": null, "boundary": null, "building": null, "description": null, "ele": null, "golf": null, "landuse": null, "leisure": "pitch", "lit": "yes", "location": null, "name": "Cancha 8", "name_en": null, "name_es": null, "opening_hours": null, "operator": null, "phone": null, "protect_class": null, "source_transform": null, "sport": "tennis", "surface": "clay", "type": null, "website": null, "wheelchair": null, "zoo": null, "objectid": 15946324, "osm_id2": "366967798" }, "geometry": { "type": "Polygon", "coordinates": [ [ [ -70.612451, -33.4624231 ], [ -70.6124334, -33.4622103 ], [ -70.6123089, -33.4622175 ], [ -70.6123264, -33.4624303 ], [ -70.612451, -33.4624231 ] ] ] } },
{ "type": "Feature", "properties": { "access": "yes", "area": null, "barrier": null, "boundary": null, "building": null, "description": null, "ele": null, "golf": null, "landuse": null, "leisure": "pitch", "lit": "yes", "location": null, "name": "Cancha 7", "name_en": null, "name_es": null, "opening_hours": null, "operator": null, "phone": null, "protect_class": null, "source_transform": null, "sport": "tennis", "surface": "clay", "type": null, "website": null, "wheelchair": null, "zoo": null, "objectid": 15946325, "osm_id2": "366967795" }, "geometry": { "type": "Polygon", "coordinates": [ [ [ -70.6126602, -33.4624119 ], [ -70.6126426, -33.4621985 ], [ -70.6125173, -33.4622057 ], [ -70.612535, -33.4624191 ], [ -70.6126602, -33.4624119 ] ] ] } },
{ "type": "Feature", "properties": { "access": "yes", "area": null, "barrier": null, "boundary": null, "building": null, "description": null, "ele": null, "golf": null, "landuse": null, "leisure": "pitch", "lit": "yes", "location": null, "name": "Cancha 6", "name_en": null, "name_es": null, "opening_hours": null, "operator": null, "phone": null, "protect_class": null, "source_transform": null, "sport": "tennis", "surface": "clay", "type": null, "website": null, "wheelchair": null, "zoo": null, "objectid": 15946326, "osm_id2": "366967796" }, "geometry": { "type": "Polygon", "coordinates": [ [ [ -70.6128486, -33.4623996 ], [ -70.612831, -33.4621861 ], [ -70.6127055, -33.4621933 ], [ -70.6127232, -33.4624069 ], [ -70.6128486, -33.4623996 ] ] ] } },
{ "type": "Feature", "properties": { "access": "yes", "area": null, "barrier": null, "boundary": null, "building": null, "description": null, "ele": null, "golf": null, "landuse": null, "leisure": "pitch", "lit": "yes", "location": null, "name": "Cancha 10", "name_en": null, "name_es": null, "opening_hours": null, "operator": null, "phone": null, "protect_class": null, "source_transform": null, "sport": "tennis", "surface": "clay", "type": null, "website": null, "wheelchair": null, "zoo": null, "objectid": 15946327, "osm_id2": "366967794" }, "geometry": { "type": "Polygon", "coordinates": [ [ [ -70.6120619, -33.4624478 ], [ -70.6120443, -33.4622352 ], [ -70.61192, -33.4622423 ], [ -70.6119376, -33.4624549 ], [ -70.6120619, -33.4624478 ] ] ] } },
{ "type": "Feature", "properties": { "access": "yes", "area": null, "barrier": null, "boundary": null, "building": null, "description": null, "ele": null, "golf": null, "landuse": null, "leisure": "pitch", "lit": "yes", "location": null, "name": "Cancha 9", "name_en": null, "name_es": null, "opening_hours": null, "operator": null, "phone": null, "protect_class": null, "source_transform": null, "sport": "tennis", "surface": "clay", "type": null, "website": null, "wheelchair": null, "zoo": null, "objectid": 15946328, "osm_id2": "366967797" }, "geometry": { "type": "Polygon", "coordinates": [ [ [ -70.6122695, -33.4624373 ], [ -70.6122517, -33.4622228 ], [ -70.6121251, -33.4622301 ], [ -70.6121429, -33.4624446 ], [ -70.6122695, -33.4624373 ] ] ] } },
{ "type": "Feature", "properties": { "access": null, "area": null, "barrier": null, "boundary": null, "building": "yes", "description": null, "ele": null, "golf": null, "landuse": null, "leisure": "stadium", "lit": null, "location": null, "name": "Court Central Anita Lizana", "name_en": null, "name_es": null, "opening_hours": null, "operator": null, "phone": null, "protect_class": null, "source_transform": null, "sport": "tennis", "surface": null, "type": null, "website": null, "wheelchair": null, "zoo": null, "objectid": 15946341, "osm_id2": "-3187106" }, "geometry": { "type": "Polygon", "coordinates": [ [ [ -70.612682300150894, -33.4630112996064 ], [ -70.6125900997651, -33.462985599257003 ], [ -70.612596200224203, -33.462881699892101 ], [ -70.612574600233202, -33.462770399935998 ], [ -70.612653599875898, -33.462740899233502 ], [ -70.612603799971495, -33.4626606998387 ], [ -70.612529699740307, -33.462583999393097 ], [ -70.612452299997102, -33.462629999284502 ], [ -70.612385900124593, -33.462601799520201 ], [ -70.612282200404806, -33.462586099256797 ], [ -70.612195699829499, -33.462598299748102 ], [ -70.6121183997993, -33.462627199467804 ], [ -70.612077200365405, -33.462599899750998 ], [ -70.612010099806895, -33.4626500993581 ], [ -70.611961599764797, -33.462714899787301 ], [ -70.611941299636001, -33.462768199655301 ], [ -70.611938000123899, -33.462816899587601 ], [ -70.611933300138404, -33.462895099403198 ], [ -70.6119436999344, -33.462962399690198 ], [ -70.611978300344205, -33.463061899910699 ], [ -70.612013899680605, -33.463112299343102 ], [ -70.612049499915301, -33.463150699925897 ], [ -70.612092900221597, -33.463186999893303 ], [ -70.612146800036996, -33.463207799787298 ], [ -70.612177799999102, -33.463166499758799 ], [ -70.612241000072601, -33.463184699951597 ], [ -70.612320800114304, -33.463183399723803 ], [ -70.612400300118594, -33.463170199600597 ], [ -70.612454499971193, -33.463135599290901 ], [ -70.612548000219306, -33.463203599340702 ], [ -70.612631799560603, -33.463122299488703 ], [ -70.612682300150894, -33.4630112996064 ] ], [ [ -70.612396899995204, -33.462943099312596 ], [ -70.612382400288297, -33.463008899238801 ], [ -70.612359699861003, -33.4630360999044 ], [ -70.612319299927705, -33.463054599889297 ], [ -70.612222999631001, -33.463060099823402 ], [ -70.612179000148402, -33.463048099490003 ], [ -70.612145699600802, -33.463010299890399 ], [ -70.612130500106204, -33.462954599802103 ], [ -70.612117099937095, -33.462815999541398 ], [ -70.612122399997304, -33.462742799749002 ], [ -70.612147000361304, -33.462710499972502 ], [ -70.612188499832499, -33.462687999536399 ], [ -70.612304899933704, -33.462681799625003 ], [ -70.612342400105305, -33.462696799917502 ], [ -70.612368900406196, -33.462723099884499 ], [ -70.612386200161893, -33.462804099595701 ], [ -70.612396899995204, -33.462943099312596 ] ] ] } },
{ "type": "Feature", "properties": { "access": null, "area": null, "barrier": null, "boundary": null, "building": "stadium", "description": null, "ele": null, "golf": null, "landuse": null, "leisure": "stadium", "lit": null, "location": null, "name": "Estadio Nacional Julio Martínez Prádanos", "name_en": null, "name_es": null, "opening_hours": null, "operator": null, "phone": null, "protect_class": null, "source_transform": "Bing", "sport": "soccer;athletics", "surface": null, "type": null, "website": null, "wheelchair": "limited", "zoo": null, "objectid": 15946405, "osm_id2": "-8647176" }, "geometry": { "type": "Polygon", "coordinates": [ [ [ -70.611730400360102, -33.464884299790398 ], [ -70.611695899663303, -33.464830099699398 ], [ -70.611691400002002, -33.464783499959097 ], [ -70.611725700374507, -33.464779799436698 ], [ -70.611692500438295, -33.4645636992962 ], [ -70.611603899601803, -33.4639881995083 ], [ -70.611576200049996, -33.463991199372003 ], [ -70.611561100268403, -33.4639370998921 ], [ -70.611584600196196, -33.463851899325498 ], [ -70.611553000159503, -33.463732399864902 ], [ -70.611493999709893, -33.463631699864003 ], [ -70.611406399596703, -33.463534099296901 ], [ -70.611308500298705, -33.463448699741001 ], [ -70.611217400349105, -33.463385099664201 ], [ -70.611129100448196, -33.463324699519902 ], [ -70.611016099571998, -33.4632825999267 ], [ -70.610906300291504, -33.463245899814197 ], [ -70.610758699903798, -33.463221699854103 ], [ -70.610621500210399, -33.463207899458901 ], [ -70.610476999908798, -33.463208799500997 ], [ -70.610328800344803, -33.463232999464701 ], [ -70.610183900292796, -33.463267399643101 ], [ -70.610062899919001, -33.463315799531003 ], [ -70.609963399823201, -33.463370299583097 ], [ -70.609869499824896, -33.463425799312198 ], [ -70.609807299576303, -33.463485799951499 ], [ -70.609746100050899, -33.463546699838503 ], [ -70.609679300428098, -33.4636343992278 ], [ -70.609624900251106, -33.4637408996281 ], [ -70.609592600426694, -33.4638392995777 ], [ -70.6095605997414, -33.463933299662799 ], [ -70.609546700108993, -33.464022799477704 ], [ -70.609534200051797, -33.464109199670297 ], [ -70.609542799623995, -33.464200499367301 ], [ -70.6096513996536, -33.464884299790398 ], [ -70.609675600267394, -33.465002399291897 ], [ -70.609713399577899, -33.465103599794404 ], [ -70.609764399631501, -33.465228399321397 ], [ -70.609837899788104, -33.4653362998761 ], [ -70.609917399792394, -33.465422199664701 ], [ -70.610021599873804, -33.465514799670302 ], [ -70.610144999647801, -33.465586899265503 ], [ -70.610268899783307, -33.465645999890903 ], [ -70.610399799591605, -33.465691899238003 ], [ -70.610536199784306, -33.465730099340597 ], [ -70.610699100277898, -33.4657416998785 ], [ -70.610851200326906, -33.465736799625702 ], [ -70.610980200198298, -33.465716699518403 ], [ -70.611120499977702, -33.465677299637697 ], [ -70.611246699800404, -33.465623599885603 ], [ -70.611360299852905, -33.465551099397103 ], [ -70.611447800253202, -33.465483999708603 ], [ -70.6115459995885, -33.465403899523203 ], [ -70.611625300166807, -33.465291499699603 ], [ -70.611680799881697, -33.465179699245098 ], [ -70.611727900348697, -33.465025699480996 ], [ -70.611730400360102, -33.464884299790398 ] ], [ [ -70.611240499628295, -33.4648804996026 ], [ -70.611231800343106, -33.464950299830498 ], [ -70.611212100288895, -33.4650095994796 ], [ -70.611143999905494, -33.465004699934802 ], [ -70.611092099740006, -33.465095299503602 ], [ -70.611008899574998, -33.465166499425997 ], [ -70.610923300009901, -33.465211799512403 ], [ -70.610822700376204, -33.4652402996837 ], [ -70.610704400338093, -33.465259099704802 ], [ -70.610589799562405, -33.465260899746397 ], [ -70.610479799957503, -33.465239999926503 ], [ -70.610370899890597, -33.465193899502601 ], [ -70.610286900225006, -33.465135799759302 ], [ -70.610217700303707, -33.465067999814799 ], [ -70.610180599882497, -33.465017399932101 ], [ -70.610146300408303, -33.464949099298799 ], [ -70.610127099817404, -33.464875099453799 ], [ -70.610091399869702, -33.4646007997789 ], [ -70.609934899872499, -33.464615799739299 ], [ -70.609912300056607, -33.464459799574698 ], [ -70.610071000027901, -33.464444299737501 ], [ -70.610030500381598, -33.464133099621598 ], [ -70.610028899583796, -33.464046699452901 ], [ -70.610044600338298, -33.4639616998343 ], [ -70.610085400021902, -33.463874699970901 ], [ -70.610136700112903, -33.463799099227899 ], [ -70.6102219996407, -33.463735099225502 ], [ -70.6103217997738, -33.4636823994772 ], [ -70.610433000426198, -33.463649699867602 ], [ -70.610532099873396, -33.463638299890697 ], [ -70.610635999917406, -33.4636412997665 ], [ -70.610746899634194, -33.463670399229997 ], [ -70.610845099867802, -33.463717099239702 ], [ -70.610916400050201, -33.463765199863602 ], [ -70.610990999744701, -33.463751899408699 ], [ -70.611035600200196, -33.463815499965698 ], [ -70.611077999783305, -33.463887599475498 ], [ -70.611114299805607, -33.463994299655504 ], [ -70.611239000340106, -33.464795499302902 ], [ -70.611240499628295, -33.4648804996026 ] ] ] } },
{ "type": "Feature", "properties": { "access": null, "area": null, "barrier": null, "boundary": null, "building": null, "description": null, "ele": null, "golf": null, "landuse": null, "leisure": "park", "lit": null, "location": null, "name": "Plaza Arturo Godoy", "name_en": null, "name_es": null, "opening_hours": null, "operator": null, "phone": null, "protect_class": null, "source_transform": null, "sport": null, "surface": null, "type": null, "website": null, "wheelchair": null, "zoo": null, "objectid": 15946471, "osm_id2": "338492175" }, "geometry": { "type": "Polygon", "coordinates": [ [ [ -70.6191477, -33.4631797 ], [ -70.6191033, -33.4630725 ], [ -70.6186044, -33.4630686 ], [ -70.618621, -33.4633467 ], [ -70.6186395, -33.4636572 ], [ -70.6203276, -33.4638202 ], [ -70.6203745, -33.4635373 ], [ -70.620895, -33.4636011 ], [ -70.6209299, -33.4634429 ], [ -70.6205964, -33.4633949 ], [ -70.6203138, -33.4633557 ], [ -70.6197717, -33.4633891 ], [ -70.6194676, -33.4634106 ], [ -70.6192254, -33.4633765 ], [ -70.6191703, -33.4633803 ], [ -70.6191477, -33.4631797 ] ] ] } },
{ "type": "Feature", "properties": { "access": null, "area": null, "barrier": null, "boundary": null, "building": null, "description": null, "ele": null, "golf": null, "landuse": null, "leisure": "park", "lit": null, "location": null, "name": "Plazoleta Abel Aravena", "name_en": null, "name_es": null, "opening_hours": null, "operator": null, "phone": null, "protect_class": null, "source_transform": "Reconocimiento cortográfico de campo 2016 por KG", "sport": null, "surface": null, "type": null, "website": null, "wheelchair": null, "zoo": null, "objectid": 15946486, "osm_id2": "447320641" }, "geometry": { "type": "Polygon", "coordinates": [ [ [ -70.627682700243497, -33.4623982999044 ], [ -70.627227699958794, -33.4623022994557 ], [ -70.627182600040001, -33.462450699917099 ], [ -70.627637600324604, -33.462546699451899 ], [ -70.627682700243497, -33.4623982999044 ] ] ] } },
{ "type": "Feature", "properties": { "access": null, "area": null, "barrier": null, "boundary": null, "building": null, "description": null, "ele": null, "golf": null, "landuse": null, "leisure": "park", "lit": null, "location": null, "name": "Parque Germán Picó Cañas", "name_en": null, "name_es": null, "opening_hours": null, "operator": null, "phone": null, "protect_class": null, "source_transform": null, "sport": null, "surface": null, "type": null, "website": null, "wheelchair": null, "zoo": null, "objectid": 15946540, "osm_id2": "37248898" }, "geometry": { "type": "Polygon", "coordinates": [ [ [ -70.624707400072396, -33.462236599415299 ], [ -70.624237500330395, -33.462133799301199 ], [ -70.623703099754394, -33.464127299245199 ], [ -70.622981400441702, -33.464018599820101 ], [ -70.622881900345902, -33.464398799909503 ], [ -70.623590600138101, -33.464517999441199 ], [ -70.623020999976006, -33.466617199532998 ], [ -70.623485899695098, -33.466715299462798 ], [ -70.624707400072396, -33.462236599415299 ] ] ] } },
{ "type": "Feature", "properties": { "access": null, "area": null, "barrier": "wall", "boundary": null, "building": null, "description": null, "ele": null, "golf": null, "landuse": null, "leisure": "sports_centre", "lit": null, "location": null, "name": "Estadio Nacional", "name_en": null, "name_es": null, "opening_hours": null, "operator": null, "phone": null, "protect_class": null, "source_transform": "Reconocimiento cortográfico de campo 2016 por KG", "sport": "multi", "surface": null, "type": null, "website": null, "wheelchair": null, "zoo": null, "objectid": 15946554, "osm_id2": "15089896" }, "geometry": { "type": "Polygon", "coordinates": [ [ [ -70.611054, -33.4703451 ], [ -70.6111104, -33.4702756 ], [ -70.6111634, -33.47027 ], [ -70.6111678, -33.4702534 ], [ -70.6112606, -33.4701982 ], [ -70.6115787, -33.470165 ], [ -70.6116074, -33.4702221 ], [ -70.6116759, -33.470224 ], [ -70.6119174, -33.4703873 ], [ -70.6122759, -33.4704098 ], [ -70.6122796, -33.4698644 ], [ -70.6137167, -33.469941 ], [ -70.6137702, -33.4693231 ], [ -70.6138217, -33.4676372 ], [ -70.6146861, -33.4656601 ], [ -70.6146909, -33.4655504 ], [ -70.614785, -33.4644085 ], [ -70.6147978, -33.4640471 ], [ -70.6148748, -33.4626328 ], [ -70.61484, -33.4620901 ], [ -70.6148138, -33.4618729 ], [ -70.6132964, -33.4619732 ], [ -70.6118812, -33.4620608 ], [ -70.6118226, -33.4620829 ], [ -70.6117988, -33.4621213 ], [ -70.6118099, -33.4622976 ], [ -70.6115962, -33.462321 ], [ -70.6114235, -33.4623284 ], [ -70.6112098, -33.46234 ], [ -70.6105094, -33.4623894 ], [ -70.6100724, -33.4624261 ], [ -70.6094497, -33.4624641 ], [ -70.6092836, -33.4624774 ], [ -70.6087654, -33.4625124 ], [ -70.6087567, -33.4623385 ], [ -70.6087491, -33.4623253 ], [ -70.6087258, -33.4623052 ], [ -70.6086963, -33.462292 ], [ -70.6086777, -33.4622864 ], [ -70.6080703, -33.4623352 ], [ -70.6064556, -33.4624651 ], [ -70.6064379, -33.4624721 ], [ -70.6064007, -33.4624934 ], [ -70.6063731, -33.4625349 ], [ -70.6066151, -33.4640445 ], [ -70.6067252, -33.4647278 ], [ -70.6071933, -33.4646727 ], [ -70.6072248, -33.464845 ], [ -70.6072388, -33.4649212 ], [ -70.6072627, -33.465049 ], [ -70.6067852, -33.4651035 ], [ -70.6068491, -33.465504 ], [ -70.6069112, -33.4658543 ], [ -70.6068493, -33.4669984 ], [ -70.6066809, -33.4701106 ], [ -70.6086186, -33.4702282 ], [ -70.6109506, -33.4703446 ], [ -70.611054, -33.4703451 ] ] ] } },
{ "type": "Feature", "properties": { "access": "permissive", "area": null, "barrier": null, "boundary": null, "building": null, "description": null, "ele": null, "golf": null, "landuse": null, "leisure": "sports_centre", "lit": null, "location": null, "name": "Patinódromo CAR", "name_en": null, "name_es": null, "opening_hours": null, "operator": "IND", "phone": null, "protect_class": null, "source_transform": null, "sport": "roller_skating", "surface": null, "type": null, "website": null, "wheelchair": "yes", "zoo": null, "objectid": 15946558, "osm_id2": "634733626" }, "geometry": { "type": "Polygon", "coordinates": [ [ [ -70.6122936, -33.4658238 ], [ -70.6121978, -33.4657342 ], [ -70.6120507, -33.4657011 ], [ -70.6116024, -33.4657517 ], [ -70.6115113, -33.4658219 ], [ -70.6114646, -33.4659173 ], [ -70.6115324, -33.4665621 ], [ -70.6116094, -33.4666517 ], [ -70.6117378, -33.466712 ], [ -70.6122329, -33.4666731 ], [ -70.6123263, -33.4665991 ], [ -70.6123706, -33.4664939 ], [ -70.6123411, -33.4659857 ], [ -70.6122936, -33.4658238 ] ] ] } },
{ "type": "Feature", "properties": { "access": null, "area": null, "barrier": null, "boundary": null, "building": "yes", "description": null, "ele": null, "golf": null, "landuse": null, "leisure": "sports_centre", "lit": null, "location": null, "name": "Pacific Fitness", "name_en": null, "name_es": null, "opening_hours": null, "operator": null, "phone": null, "protect_class": null, "source_transform": null, "sport": "fitness", "surface": null, "type": null, "website": null, "wheelchair": null, "zoo": null, "objectid": 15946632, "osm_id2": "447334949" }, "geometry": { "type": "Polygon", "coordinates": [ [ [ -70.6275397, -33.4660125 ], [ -70.6270815, -33.4659224 ], [ -70.627043, -33.4660162 ], [ -70.6275102, -33.4661122 ], [ -70.6275397, -33.4660125 ] ] ] } },
{ "type": "Feature", "properties": { "access": null, "area": null, "barrier": null, "boundary": null, "building": null, "description": null, "ele": null, "golf": null, "landuse": null, "leisure": "park", "lit": null, "location": null, "name": "Plaza Bogotá", "name_en": null, "name_es": null, "opening_hours": null, "operator": null, "phone": null, "protect_class": null, "source_transform": null, "sport": null, "surface": null, "type": null, "website": null, "wheelchair": null, "zoo": null, "objectid": 15946776, "osm_id2": "24444516" }, "geometry": { "type": "Polygon", "coordinates": [ [ [ -70.634313999890495, -33.467013499846402 ], [ -70.633668800208994, -33.466929399393798 ], [ -70.633362899600201, -33.468097899556199 ], [ -70.634017800188502, -33.468178199581203 ], [ -70.634313999890495, -33.467013499846402 ] ] ] } },
{ "type": "Feature", "properties": { "access": null, "area": null, "barrier": null, "boundary": null, "building": null, "description": null, "ele": null, "golf": null, "landuse": null, "leisure": "sports_centre", "lit": null, "location": null, "name": "Terra Soccer", "name_en": null, "name_es": null, "opening_hours": null, "operator": null, "phone": null, "protect_class": null, "source_transform": null, "sport": null, "surface": null, "type": null, "website": null, "wheelchair": null, "zoo": null, "objectid": 15947011, "osm_id2": "907877750" }, "geometry": { "type": "Polygon", "coordinates": [ [ [ -70.6199508996947, -33.471909299407699 ], [ -70.619500300256703, -33.4718981995021 ], [ -70.619513700425699, -33.471555799724001 ], [ -70.618982600260097, -33.471535699467601 ], [ -70.618932999781705, -33.472364699291397 ], [ -70.619481500314393, -33.472394899591002 ], [ -70.619548599974493, -33.472456399426697 ], [ -70.619548599974493, -33.472499999968598 ], [ -70.619913299810193, -33.472529099455201 ], [ -70.6199508996947, -33.471909299407699 ] ] ] } },
{ "type": "Feature", "properties": { "access": null, "area": null, "barrier": null, "boundary": null, "building": null, "description": null, "ele": null, "golf": null, "landuse": null, "leisure": "park", "lit": null, "location": null, "name": "Plaza Ignacio Valdivieso Solar", "name_en": null, "name_es": null, "opening_hours": null, "operator": null, "phone": null, "protect_class": null, "source_transform": null, "sport": null, "surface": null, "type": null, "website": null, "wheelchair": null, "zoo": null, "objectid": 15947273, "osm_id2": "24488301" }, "geometry": { "type": "Polygon", "coordinates": [ [ [ -70.626422, -33.4753141 ], [ -70.6266351, -33.4746035 ], [ -70.6269175, -33.4736088 ], [ -70.6261816, -33.4735259 ], [ -70.6257345, -33.4751385 ], [ -70.6257971, -33.4751977 ], [ -70.626422, -33.4753141 ] ] ] } },
{ "type": "Feature", "properties": { "access": null, "area": null, "barrier": null, "boundary": null, "building": null, "description": null, "ele": null, "golf": null, "landuse": null, "leisure": "park", "lit": null, "location": null, "name": "Plaza Los Presidentes", "name_en": null, "name_es": null, "opening_hours": null, "operator": null, "phone": null, "protect_class": null, "source_transform": null, "sport": null, "surface": null, "type": null, "website": null, "wheelchair": null, "zoo": null, "objectid": 15947442, "osm_id2": "112074438" }, "geometry": { "type": "Polygon", "coordinates": [ [ [ -70.578366800027993, -33.480001799736598 ], [ -70.578328500355795, -33.479682599355201 ], [ -70.578259799897907, -33.479548099623599 ], [ -70.5782143999417, -33.479152599910798 ], [ -70.578079100185207, -33.4785412998475 ], [ -70.577941799880506, -33.477866099563997 ], [ -70.577876200406905, -33.477510699263497 ], [ -70.577789200368301, -33.477144299425703 ], [ -70.577616800190498, -33.476274499626399 ], [ -70.577530599652505, -33.475837099780001 ], [ -70.577444400012794, -33.475445499742499 ], [ -70.577405900016302, -33.475430599815397 ], [ -70.576971000434497, -33.4755224997676 ], [ -70.577975699604394, -33.4801310996192 ], [ -70.578366800027993, -33.480001799736598 ] ] ] } },
{ "type": "Feature", "properties": { "access": null, "area": null, "barrier": null, "boundary": null, "building": null, "description": null, "ele": null, "golf": null, "landuse": null, "leisure": "pitch", "lit": null, "location": null, "name": "Cancha Santa julia", "name_en": null, "name_es": null, "opening_hours": null, "operator": null, "phone": null, "protect_class": null, "source_transform": "Bing", "sport": "soccer", "surface": null, "type": null, "website": null, "wheelchair": null, "zoo": null, "objectid": 15947838, "osm_id2": "36127007" }, "geometry": { "type": "Polygon", "coordinates": [ [ [ -70.596693499920903, -33.4782863995854 ], [ -70.5966677003059, -33.477486699599702 ], [ -70.5960406995938, -33.477500799684002 ], [ -70.596066500107099, -33.4783004995396 ], [ -70.596693499920903, -33.4782863995854 ] ] ] } },
{ "type": "Feature", "properties": { "access": null, "area": null, "barrier": null, "boundary": null, "building": null, "description": null, "ele": null, "golf": null, "landuse": null, "leisure": "sports_centre", "lit": null, "location": null, "name": "Mas Soccer", "name_en": null, "name_es": null, "opening_hours": null, "operator": null, "phone": null, "protect_class": null, "source_transform": null, "sport": null, "surface": null, "type": null, "website": null, "wheelchair": null, "zoo": null, "objectid": 15950124, "osm_id2": "97319000" }, "geometry": { "type": "Polygon", "coordinates": [ [ [ -70.610603000305503, -33.477142699691299 ], [ -70.610365100367105, -33.477130399343899 ], [ -70.610127499567696, -33.477236499523798 ], [ -70.610071500389495, -33.477989999556002 ], [ -70.610538200332499, -33.478014099484298 ], [ -70.610603000305503, -33.477142699691299 ] ] ] } },
{ "type": "Feature", "properties": { "access": null, "area": null, "barrier": null, "boundary": null, "building": null, "description": null, "ele": null, "golf": null, "landuse": null, "leisure": "park", "lit": null, "location": null, "name": "Paque Central Avenida Marathon", "name_en": null, "name_es": null, "opening_hours": null, "operator": null, "phone": null, "protect_class": null, "source_transform": null, "sport": null, "surface": null, "type": null, "website": null, "wheelchair": null, "zoo": null, "objectid": 15950310, "osm_id2": "590295630" }, "geometry": { "type": "Polygon", "coordinates": [ [ [ -70.6129657, -33.4853634 ], [ -70.6130531, -33.4843012 ], [ -70.6131155, -33.4833224 ], [ -70.6132979, -33.4808614 ], [ -70.613318, -33.4806511 ], [ -70.6134776, -33.4784343 ], [ -70.6137419, -33.4747246 ], [ -70.6137719, -33.4744052 ], [ -70.6138982, -33.4728089 ], [ -70.6139361, -33.4722716 ], [ -70.613959, -33.4721642 ], [ -70.6135883, -33.4721489 ], [ -70.6136031, -33.472251 ], [ -70.6136059, -33.4723629 ], [ -70.6136104, -33.4724618 ], [ -70.6135939, -33.4728044 ], [ -70.6135552, -33.4733342 ], [ -70.6135287, -33.4737005 ], [ -70.6135483, -33.4739273 ], [ -70.6135132, -33.4744035 ], [ -70.6134883, -33.4747013 ], [ -70.6133132, -33.4771665 ], [ -70.6132367, -33.4784577 ], [ -70.6131693, -33.4793392 ], [ -70.6129595, -33.4821643 ], [ -70.6129441, -33.4824179 ], [ -70.6128752, -33.4832891 ], [ -70.6127941, -33.4842663 ], [ -70.6127272, -33.4853397 ], [ -70.612718, -33.485448 ], [ -70.6126971, -33.4855955 ], [ -70.6126796, -33.4857072 ], [ -70.6126448, -33.4858055 ], [ -70.6125825, -33.4859051 ], [ -70.6125064, -33.4860109 ], [ -70.6126056, -33.4860226 ], [ -70.6127111, -33.4859096 ], [ -70.6127791, -33.4858278 ], [ -70.6128531, -33.4857216 ], [ -70.6129043, -33.4856093 ], [ -70.6129392, -33.4855111 ], [ -70.6129657, -33.4853634 ] ] ] } },
{ "type": "Feature", "properties": { "access": null, "area": null, "barrier": null, "boundary": null, "building": null, "description": null, "ele": null, "golf": null, "landuse": null, "leisure": "park", "lit": null, "location": null, "name": "Plaza Mozart", "name_en": null, "name_es": null, "opening_hours": null, "operator": null, "phone": null, "protect_class": null, "source_transform": null, "sport": null, "surface": null, "type": null, "website": null, "wheelchair": null, "zoo": null, "objectid": 15950710, "osm_id2": "152137325" }, "geometry": { "type": "Polygon", "coordinates": [ [ [ -70.625605700085202, -33.481313699552899 ], [ -70.625605000297597, -33.481300199492502 ], [ -70.625596300113997, -33.481282899961499 ], [ -70.625582899944902, -33.481261099655299 ], [ -70.625567400413004, -33.481246599331797 ], [ -70.625547299710206, -33.481237599284803 ], [ -70.625519200408107, -33.48122919939 ], [ -70.625098099847307, -33.481154799857499 ], [ -70.625080599767301, -33.4811564999181 ], [ -70.625067199598206, -33.4811609999458 ], [ -70.625052499566905, -33.481171599660797 ], [ -70.6250430995958, -33.481184499587897 ], [ -70.625037699822599, -33.481196799359701 ], [ -70.625014199894807, -33.481296899777099 ], [ -70.625019599667894, -33.481315899362698 ], [ -70.625028299851493, -33.481331599230103 ], [ -70.625049800129503, -33.481346699691599 ], [ -70.625067900284094, -33.481352799366199 ], [ -70.625093399861797, -33.481358399288297 ], [ -70.6254789001879, -33.481434999951198 ], [ -70.625499699779994, -33.481436699256903 ], [ -70.625525200255893, -33.481432799395101 ], [ -70.625544000198204, -33.481426099574399 ], [ -70.625564799790297, -33.481413799835103 ], [ -70.625576200309595, -33.481400899942201 ], [ -70.625586200355301, -33.481384699586101 ], [ -70.625605700085202, -33.481313699552899 ] ] ] } },
{ "type": "Feature", "properties": { "access": null, "area": null, "barrier": null, "boundary": null, "building": null, "description": null, "ele": null, "golf": null, "landuse": null, "leisure": "park", "lit": null, "location": null, "name": "Plaza Las Flores", "name_en": null, "name_es": null, "opening_hours": null, "operator": null, "phone": null, "protect_class": null, "source_transform": null, "sport": null, "surface": null, "type": null, "website": null, "wheelchair": null, "zoo": null, "objectid": 15950748, "osm_id2": "563941629" }, "geometry": { "type": "Polygon", "coordinates": [ [ [ -70.625532599678905, -33.4815440993601 ], [ -70.625525200255893, -33.481528999682197 ], [ -70.625513099949103, -33.481517299359403 ], [ -70.625496400267906, -33.481507199437999 ], [ -70.625034299699195, -33.481413799835103 ], [ -70.6250162004429, -33.481413799835103 ], [ -70.624998100288195, -33.481415499890602 ], [ -70.624979400059004, -33.481423299615599 ], [ -70.624968000438002, -33.481433899298501 ], [ -70.624778899680805, -33.482127399857298 ], [ -70.625347500017995, -33.482239299825203 ], [ -70.6255318998913, -33.481567599647498 ], [ -70.625532599678905, -33.4815440993601 ] ] ] } },
{ "type": "Feature", "properties": { "access": null, "area": null, "barrier": null, "boundary": null, "building": null, "description": null, "ele": null, "golf": null, "landuse": null, "leisure": "park", "lit": null, "location": null, "name": "Plazoleta Enrique Soro", "name_en": null, "name_es": null, "opening_hours": null, "operator": null, "phone": null, "protect_class": null, "source_transform": null, "sport": null, "surface": null, "type": null, "website": null, "wheelchair": null, "zoo": null, "objectid": 15950763, "osm_id2": "563941630" }, "geometry": { "type": "Polygon", "coordinates": [ [ [ -70.6277653, -33.4817864 ], [ -70.6269751, -33.4816376 ], [ -70.6269494, -33.4816388 ], [ -70.6269248, -33.4816664 ], [ -70.6269157, -33.4817058 ], [ -70.6269483, -33.4817387 ], [ -70.627696, -33.4818869 ], [ -70.6277348, -33.4818928 ], [ -70.627798, -33.4818529 ], [ -70.6277926, -33.4818104 ], [ -70.6277653, -33.4817864 ] ] ] } },
{ "type": "Feature", "properties": { "access": "private", "area": null, "barrier": null, "boundary": null, "building": null, "description": null, "ele": null, "golf": null, "landuse": null, "leisure": "pitch", "lit": "yes", "location": null, "name": "Cancha central", "name_en": null, "name_es": null, "opening_hours": null, "operator": null, "phone": null, "protect_class": null, "source_transform": null, "sport": "basketball;soccer", "surface": null, "type": null, "website": null, "wheelchair": null, "zoo": null, "objectid": 17724430, "osm_id2": "974176179" }, "geometry": { "type": "Polygon", "coordinates": [ [ [ -70.5809571, -33.4601615 ], [ -70.5811243, -33.4601334 ], [ -70.5810622, -33.4598764 ], [ -70.5808949, -33.4599045 ], [ -70.5809571, -33.4601615 ] ] ] } },
{ "type": "Feature", "properties": { "access": "permit", "area": null, "barrier": null, "boundary": null, "building": null, "description": null, "ele": null, "golf": null, "landuse": null, "leisure": "pitch", "lit": "yes", "location": null, "name": "Cancha de Gólbol", "name_en": "Goalball Field", "name_es": null, "opening_hours": null, "operator": null, "phone": null, "protect_class": null, "source_transform": null, "sport": "golbol", "surface": "artificial_turf", "type": null, "website": null, "wheelchair": null, "zoo": null, "objectid": 17805299, "osm_id2": "979910859" }, "geometry": { "type": "Polygon", "coordinates": [ [ [ -70.6140553, -33.4647286 ], [ -70.6140119, -33.465451 ], [ -70.6146238, -33.4654765 ], [ -70.6146671, -33.4647541 ], [ -70.6140553, -33.4647286 ] ] ] } },
{ "type": "Feature", "properties": { "access": "yes", "area": null, "barrier": null, "boundary": null, "building": null, "description": "Abarca una superficie de 7 mil metros cuadrados con un aforo permanente de 4.300 espectadores. Aquí se desarrollan las competencias de carrera, lanzamientos, saltos y los deportes adaptados. Posee una segunda pista bajo techo junto a modernos espacios.", "ele": null, "golf": null, "landuse": null, "leisure": "sports_centre", "lit": null, "location": null, "name": "Centro de Entrenamiento de Atletismo Mario Recordón", "name_en": null, "name_es": null, "opening_hours": null, "operator": "IND", "phone": null, "protect_class": null, "source_transform": null, "sport": "athletics", "surface": null, "type": null, "website": null, "wheelchair": "yes", "zoo": null, "objectid": 19527984, "osm_id2": "1057768404" }, "geometry": { "type": "Polygon", "coordinates": [ [ [ -70.6082235, -33.4669347 ], [ -70.608241, -33.4670319 ], [ -70.6083532, -33.4670158 ], [ -70.6083891, -33.4670129 ], [ -70.6086781, -33.4669758 ], [ -70.6091433, -33.4669208 ], [ -70.6093559, -33.4666548 ], [ -70.6096169, -33.46646 ], [ -70.6096102, -33.466408 ], [ -70.6095832, -33.4662574 ], [ -70.6096436, -33.4662498 ], [ -70.6094994, -33.4654444 ], [ -70.6094348, -33.4654525 ], [ -70.6094, -33.4652589 ], [ -70.6092733, -33.4652747 ], [ -70.6091843, -33.4648361 ], [ -70.6090795, -33.4648475 ], [ -70.6089352, -33.4648624 ], [ -70.6087053, -33.464888 ], [ -70.6087138, -33.4649408 ], [ -70.6088103, -33.4651298 ], [ -70.607899, -33.4650281 ], [ -70.6079191, -33.465156 ], [ -70.6079458, -33.4653258 ], [ -70.6081271, -33.4663642 ], [ -70.6081782, -33.4666569 ], [ -70.6081901, -33.4667367 ], [ -70.6082235, -33.4669347 ] ] ] } },
{ "type": "Feature", "properties": { "access": null, "area": null, "barrier": null, "boundary": null, "building": null, "description": null, "ele": null, "golf": null, "landuse": null, "leisure": "stadium", "lit": null, "location": null, "name": "Velódromo Sergio Tormen Méndez", "name_en": null, "name_es": null, "opening_hours": null, "operator": null, "phone": null, "protect_class": null, "source_transform": null, "sport": "cycling", "surface": null, "type": null, "website": null, "wheelchair": null, "zoo": null, "objectid": 19527985, "osm_id2": "236844639" }, "geometry": { "type": "Polygon", "coordinates": [ [ [ -70.6080715, -33.4686519 ], [ -70.6079944, -33.4685682 ], [ -70.6079131, -33.468498 ], [ -70.6078359, -33.4684516 ], [ -70.6077389, -33.4684094 ], [ -70.6076436, -33.4683784 ], [ -70.6075345, -33.4683776 ], [ -70.6074525, -33.4683786 ], [ -70.6073566, -33.468404 ], [ -70.6072302, -33.468462 ], [ -70.6070674, -33.4685834 ], [ -70.606989, -33.4687116 ], [ -70.6069589, -33.4688469 ], [ -70.6069935, -33.4690788 ], [ -70.6070615, -33.4695355 ], [ -70.607132, -33.4697064 ], [ -70.6072311, -33.4697933 ], [ -70.6073293, -33.469839 ], [ -70.607474, -33.4698632 ], [ -70.6075739, -33.4698647 ], [ -70.6076641, -33.4698526 ], [ -70.6077451, -33.4698349 ], [ -70.60782, -33.4698951 ], [ -70.6078892, -33.4698689 ], [ -70.6079506, -33.4698325 ], [ -70.6080071, -33.4697878 ], [ -70.6080519, -33.4697428 ], [ -70.6080895, -33.4697029 ], [ -70.6081389, -33.4696398 ], [ -70.608176, -33.4695783 ], [ -70.6082076, -33.4695047 ], [ -70.6082321, -33.4694353 ], [ -70.6082474, -33.4693482 ], [ -70.608261, -33.4692546 ], [ -70.6082625, -33.4691526 ], [ -70.6082409, -33.4690372 ], [ -70.6082113, -33.4689127 ], [ -70.6081517, -33.4687717 ], [ -70.6080715, -33.4686519 ] ] ] } },
{ "type": "Feature", "properties": { "access": null, "area": null, "barrier": null, "boundary": null, "building": null, "description": null, "ele": null, "golf": null, "landuse": null, "leisure": "stadium", "lit": null, "location": null, "name": "Court Central Anita Lizana", "name_en": null, "name_es": null, "opening_hours": null, "operator": null, "phone": null, "protect_class": null, "source_transform": null, "sport": "tennis", "surface": null, "type": null, "website": null, "wheelchair": null, "zoo": null, "objectid": 19527986, "osm_id2": "28092614" }, "geometry": { "type": "Polygon", "coordinates": [ [ [ -70.6124523, -33.46263 ], [ -70.6123859, -33.4626018 ], [ -70.6122822, -33.4625861 ], [ -70.6121957, -33.4625983 ], [ -70.6121184, -33.4626272 ], [ -70.6120772, -33.4625999 ], [ -70.6120101, -33.4626501 ], [ -70.6119616, -33.4627149 ], [ -70.6119413, -33.4627682 ], [ -70.611938, -33.4628169 ], [ -70.6119333, -33.4628951 ], [ -70.6119437, -33.4629624 ], [ -70.6119783, -33.4630619 ], [ -70.6120139, -33.4631123 ], [ -70.6120495, -33.4631507 ], [ -70.6120929, -33.463187 ], [ -70.6121468, -33.4632078 ], [ -70.6121778, -33.4631665 ], [ -70.612241, -33.4631847 ], [ -70.6123208, -33.4631834 ], [ -70.6124003, -33.4631702 ], [ -70.6124545, -33.4631356 ], [ -70.612548, -33.4632036 ], [ -70.6126318, -33.4631223 ], [ -70.6126823, -33.4630113 ], [ -70.6125901, -33.4629856 ], [ -70.6125962, -33.4628817 ], [ -70.6125746, -33.4627704 ], [ -70.6126536, -33.4627409 ], [ -70.6126038, -33.4626607 ], [ -70.6125297, -33.462584 ], [ -70.6124523, -33.46263 ] ] ] } },
{ "type": "Feature", "properties": { "access": null, "area": null, "barrier": null, "boundary": null, "building": null, "description": null, "ele": null, "golf": null, "landuse": null, "leisure": "stadium", "lit": null, "location": null, "name": "Estadio Nacional Julio Martínez Prádanos", "name_en": null, "name_es": null, "opening_hours": null, "operator": null, "phone": null, "protect_class": null, "source_transform": null, "sport": "soccer;athletics", "surface": null, "type": null, "website": null, "wheelchair": "limited", "zoo": null, "objectid": 19527987, "osm_id2": "28092600" }, "geometry": { "type": "Polygon", "coordinates": [ [ [ -70.6114064, -33.4635341 ], [ -70.6113085, -33.4634487 ], [ -70.6112174, -33.4633851 ], [ -70.6111291, -33.4633247 ], [ -70.6110161, -33.4632826 ], [ -70.6109063, -33.4632459 ], [ -70.6107587, -33.4632217 ], [ -70.6106215, -33.4632079 ], [ -70.610477, -33.4632088 ], [ -70.6103288, -33.463233 ], [ -70.6101839, -33.4632674 ], [ -70.6100629, -33.4633158 ], [ -70.6099634, -33.4633703 ], [ -70.6098695, -33.4634258 ], [ -70.6098073, -33.4634858 ], [ -70.6097461, -33.4635467 ], [ -70.6096793, -33.4636344 ], [ -70.6096249, -33.4637409 ], [ -70.6095926, -33.4638393 ], [ -70.6095606, -33.4639333 ], [ -70.6095467, -33.4640228 ], [ -70.6095342, -33.4641092 ], [ -70.6095428, -33.4642005 ], [ -70.6096514, -33.4648843 ], [ -70.6096756, -33.4650024 ], [ -70.6097134, -33.4651036 ], [ -70.6097644, -33.4652284 ], [ -70.6098379, -33.4653363 ], [ -70.6099174, -33.4654222 ], [ -70.6100216, -33.4655148 ], [ -70.610145, -33.4655869 ], [ -70.6102689, -33.465646 ], [ -70.6103998, -33.4656919 ], [ -70.6105362, -33.4657301 ], [ -70.6106991, -33.4657417 ], [ -70.6108512, -33.4657368 ], [ -70.6109802, -33.4657167 ], [ -70.6111205, -33.4656773 ], [ -70.6112467, -33.4656236 ], [ -70.6113603, -33.4655511 ], [ -70.6114478, -33.465484 ], [ -70.611546, -33.4654039 ], [ -70.6116253, -33.4652915 ], [ -70.6116808, -33.4651797 ], [ -70.6117279, -33.4650257 ], [ -70.6117304, -33.4648843 ], [ -70.6116959, -33.4648301 ], [ -70.6116914, -33.4647835 ], [ -70.6117257, -33.4647798 ], [ -70.6116938, -33.4645636 ], [ -70.6116039, -33.4639882 ], [ -70.6115762, -33.4639912 ], [ -70.6115611, -33.4639371 ], [ -70.6115846, -33.4638519 ], [ -70.611553, -33.4637324 ], [ -70.611494, -33.4636317 ], [ -70.6114064, -33.4635341 ] ] ] } },
{ "type": "Feature", "properties": { "access": null, "area": null, "barrier": null, "boundary": null, "building": null, "description": null, "ele": null, "golf": null, "landuse": null, "leisure": "park", "lit": null, "location": null, "name": "Plaza Superintendente Claudio Herrera Prieto", "name_en": null, "name_es": null, "opening_hours": null, "operator": null, "phone": null, "protect_class": null, "source_transform": null, "sport": null, "surface": null, "type": null, "website": null, "wheelchair": null, "zoo": null, "objectid": 22361804, "osm_id2": "1168352248" }, "geometry": { "type": "Polygon", "coordinates": [ [ [ -70.6187349, -33.4556094 ], [ -70.6186518, -33.4555713 ], [ -70.6182669, -33.4557347 ], [ -70.6187027, -33.4556933 ], [ -70.6187349, -33.4556094 ] ] ] } },
{ "type": "Feature", "properties": { "access": null, "area": null, "barrier": null, "boundary": null, "building": null, "description": null, "ele": null, "golf": null, "landuse": null, "leisure": "dog_park", "lit": null, "location": null, "name": "Zona Recreativa Canina", "name_en": null, "name_es": null, "opening_hours": null, "operator": null, "phone": null, "protect_class": null, "source_transform": null, "sport": null, "surface": null, "type": null, "website": null, "wheelchair": null, "zoo": null, "objectid": 22814523, "osm_id2": "1179893104" }, "geometry": { "type": "Polygon", "coordinates": [ [ [ -70.6366156, -33.4486556 ], [ -70.6364265, -33.4486098 ], [ -70.6363501, -33.4488559 ], [ -70.6365392, -33.4488962 ], [ -70.6366156, -33.4486556 ] ] ] } },
{ "type": "Feature", "properties": { "access": null, "area": null, "barrier": null, "boundary": null, "building": null, "description": null, "ele": null, "golf": null, "landuse": null, "leisure": "park", "lit": null, "location": null, "name": "Plaza Freire", "name_en": null, "name_es": null, "opening_hours": null, "operator": null, "phone": null, "protect_class": null, "source_transform": null, "sport": null, "surface": null, "type": null, "website": null, "wheelchair": null, "zoo": null, "objectid": 22814533, "osm_id2": "1179893094" }, "geometry": { "type": "Polygon", "coordinates": [ [ [ -70.6366183, -33.4494524 ], [ -70.636224, -33.4493875 ], [ -70.6361717, -33.4497086 ], [ -70.6365164, -33.4497802 ], [ -70.6366183, -33.4494524 ] ] ] } },
{ "type": "Feature", "properties": { "access": "yes", "area": null, "barrier": null, "boundary": null, "building": null, "description": null, "ele": null, "golf": null, "landuse": null, "leisure": "dog_park", "lit": null, "location": null, "name": "Canil Regina Pacis", "name_en": null, "name_es": null, "opening_hours": "24/7", "operator": "Municipalida de Ñuñoa", "phone": null, "protect_class": null, "source_transform": null, "sport": null, "surface": "artificial_turf", "type": null, "website": null, "wheelchair": null, "zoo": null, "objectid": 23051360, "osm_id2": "1274410461" }, "geometry": { "type": "Polygon", "coordinates": [ [ [ -70.5956204, -33.44865 ], [ -70.5955334, -33.4487926 ], [ -70.5956695, -33.4488169 ], [ -70.5956896, -33.448802 ], [ -70.5957105, -33.4487865 ], [ -70.5956297, -33.448664 ], [ -70.5956204, -33.44865 ] ] ] } },
{ "type": "Feature", "properties": { "access": "private", "area": null, "barrier": null, "boundary": null, "building": "yes", "description": null, "ele": null, "golf": null, "landuse": null, "leisure": "fitness_centre", "lit": null, "location": null, "name": "Gimnasio Liceo Augusto D'Halmar", "name_en": null, "name_es": null, "opening_hours": null, "operator": null, "phone": null, "protect_class": null, "source_transform": null, "sport": null, "surface": null, "type": null, "website": null, "wheelchair": null, "zoo": null, "objectid": 23078581, "osm_id2": "1275485559" }, "geometry": { "type": "Polygon", "coordinates": [ [ [ -70.5811923, -33.4597865 ], [ -70.5810748, -33.459807 ], [ -70.5810862, -33.4598601 ], [ -70.5810898, -33.4598732 ], [ -70.5812092, -33.4598516 ], [ -70.5811923, -33.4597865 ] ] ] } },
{ "type": "Feature", "properties": { "access": null, "area": null, "barrier": null, "boundary": null, "building": "yes", "description": null, "ele": null, "golf": null, "landuse": null, "leisure": "sports_centre", "lit": null, "location": null, "name": "Acción Crossfit", "name_en": null, "name_es": null, "opening_hours": null, "operator": null, "phone": null, "protect_class": null, "source_transform": "Reconocimiento cortográfico de campo 2016 por KG", "sport": "crossfit", "surface": null, "type": null, "website": null, "wheelchair": null, "zoo": null, "objectid": 23304514, "osm_id2": "1284160434" }, "geometry": { "type": "Polygon", "coordinates": [ [ [ -70.6260861, -33.4457115 ], [ -70.6257636, -33.445654 ], [ -70.6257355, -33.445764 ], [ -70.626058, -33.4458215 ], [ -70.6260861, -33.4457115 ] ] ] } },
{ "type": "Feature", "properties": { "access": null, "area": null, "barrier": null, "boundary": null, "building": null, "description": null, "ele": null, "golf": null, "landuse": null, "leisure": "park", "lit": null, "location": null, "name": "Plaza Santa Isabel", "name_en": null, "name_es": null, "opening_hours": null, "operator": null, "phone": null, "protect_class": null, "source_transform": null, "sport": null, "surface": null, "type": null, "website": null, "wheelchair": null, "zoo": null, "objectid": 23504551, "osm_id2": "1288639808" }, "geometry": { "type": "Polygon", "coordinates": [ [ [ -70.6179754, -33.4446956 ], [ -70.6179, -33.4449729 ], [ -70.6182902, -33.4448134 ], [ -70.6184507, -33.4447585 ], [ -70.6179754, -33.4446956 ] ] ] } },
{ "type": "Feature", "properties": { "access": null, "area": null, "barrier": null, "boundary": null, "building": null, "description": null, "ele": null, "golf": null, "landuse": null, "leisure": "dog_park", "lit": null, "location": null, "name": "Zona Canina", "name_en": null, "name_es": null, "opening_hours": null, "operator": null, "phone": null, "protect_class": null, "source_transform": null, "sport": null, "surface": null, "type": null, "website": null, "wheelchair": null, "zoo": null, "objectid": 23551897, "osm_id2": "1290130547" }, "geometry": { "type": "Polygon", "coordinates": [ [ [ -70.6113227, -33.4417596 ], [ -70.611639, -33.4417221 ], [ -70.6116633, -33.4417645 ], [ -70.6118594, -33.441808 ], [ -70.6119389, -33.4415931 ], [ -70.6118449, -33.4415733 ], [ -70.6118973, -33.4413964 ], [ -70.6116275, -33.4414271 ], [ -70.6114844, -33.4416347 ], [ -70.6113379, -33.4416879 ], [ -70.6113118, -33.4417215 ], [ -70.6113227, -33.4417596 ] ] ] } },
{ "type": "Feature", "properties": { "access": "yes", "area": null, "barrier": null, "boundary": null, "building": null, "description": null, "ele": null, "golf": null, "landuse": null, "leisure": "pitch", "lit": "yes", "location": null, "name": "Cancha 2", "name_en": null, "name_es": null, "opening_hours": null, "operator": null, "phone": null, "protect_class": null, "source_transform": null, "sport": "tennis", "surface": "clay", "type": null, "website": null, "wheelchair": null, "zoo": null, "objectid": 24199229, "osm_id2": "1311315530" }, "geometry": { "type": "Polygon", "coordinates": [ [ [ -70.6138291, -33.4623436 ], [ -70.6138115, -33.4621301 ], [ -70.613686, -33.4621373 ], [ -70.6137037, -33.4623509 ], [ -70.6138291, -33.4623436 ] ] ] } },
{ "type": "Feature", "properties": { "access": "yes", "area": null, "barrier": null, "boundary": null, "building": null, "description": null, "ele": null, "golf": null, "landuse": null, "leisure": "pitch", "lit": "yes", "location": null, "name": "Cancha 4", "name_en": null, "name_es": null, "opening_hours": null, "operator": null, "phone": null, "protect_class": null, "source_transform": null, "sport": "tennis", "surface": "clay", "type": null, "website": null, "wheelchair": null, "zoo": null, "objectid": 24199230, "osm_id2": "1311315529" }, "geometry": { "type": "Polygon", "coordinates": [ [ [ -70.613423, -33.46237 ], [ -70.6134054, -33.4621565 ], [ -70.6132799, -33.4621637 ], [ -70.6132976, -33.4623773 ], [ -70.613423, -33.46237 ] ] ] } },
{ "type": "Feature", "properties": { "access": "yes", "area": null, "barrier": null, "boundary": null, "building": null, "description": null, "ele": null, "golf": null, "landuse": null, "leisure": "pitch", "lit": "yes", "location": null, "name": "Cancha 11", "name_en": null, "name_es": null, "opening_hours": null, "operator": null, "phone": null, "protect_class": null, "source_transform": null, "sport": "tennis", "surface": "clay", "type": null, "website": null, "wheelchair": null, "zoo": null, "objectid": 24199232, "osm_id2": "1311315528" }, "geometry": { "type": "Polygon", "coordinates": [ [ [ -70.6134639, -33.4628828 ], [ -70.6134463, -33.4626693 ], [ -70.6133208, -33.4626765 ], [ -70.6133385, -33.4628901 ], [ -70.6134639, -33.4628828 ] ] ] } },
{ "type": "Feature", "properties": { "access": "yes", "area": null, "barrier": null, "boundary": null, "building": null, "description": null, "ele": null, "golf": null, "landuse": null, "leisure": "pitch", "lit": "yes", "location": null, "name": "Cancha 13", "name_en": null, "name_es": null, "opening_hours": null, "operator": null, "phone": null, "protect_class": null, "source_transform": null, "sport": "tennis", "surface": "tartan", "type": null, "website": null, "wheelchair": null, "zoo": null, "objectid": 24199233, "osm_id2": "1311315527" }, "geometry": { "type": "Polygon", "coordinates": [ [ [ -70.6130237, -33.4629121 ], [ -70.6130061, -33.4626986 ], [ -70.6128806, -33.4627058 ], [ -70.6128983, -33.4629194 ], [ -70.6130237, -33.4629121 ] ] ] } },
{ "type": "Feature", "properties": { "access": "permit", "area": null, "barrier": null, "boundary": null, "building": null, "description": null, "ele": null, "golf": null, "landuse": null, "leisure": "pitch", "lit": "yes", "location": null, "name": "cancha goalball", "name_en": null, "name_es": null, "opening_hours": null, "operator": null, "phone": null, "protect_class": null, "source_transform": null, "sport": "soccer", "surface": "artificial_turf", "type": null, "website": null, "wheelchair": null, "zoo": null, "objectid": 25203232, "osm_id2": "1219544120" }, "geometry": { "type": "Polygon", "coordinates": [ [ [ -70.6145889, -33.4645407 ], [ -70.6146002, -33.4643637 ], [ -70.6140468, -33.4643391 ], [ -70.6140355, -33.4645161 ], [ -70.6145889, -33.4645407 ] ] ] } },
{ "type": "Feature", "properties": { "access": "yes", "area": null, "barrier": null, "boundary": null, "building": "yes", "description": "Recinto de 12164 metros cuadrados con aforo para 3086 personas, posee certificación \"Edificio Sustentable de Uso Público\". Cuenta con un recinto para competencias y un área de entrenamientos, el que también se puede utilizar para diferentes torneos.", "ele": null, "golf": null, "landuse": null, "leisure": "sports_centre", "lit": null, "location": null, "name": "Centro de Entrenamiento y Competencias de los Deportes Colectivos", "name_en": null, "name_es": null, "opening_hours": null, "operator": "IND", "phone": null, "protect_class": null, "source_transform": "https://mindep.cl/actividades/noticias/2231", "sport": "gymnastics;wheelchair_rugby;handball;volleyball;basketball", "surface": null, "type": null, "website": null, "wheelchair": "yes", "zoo": null, "objectid": 25203236, "osm_id2": "1213381068" }, "geometry": { "type": "Polygon", "coordinates": [ [ [ -70.6115548, -33.4679034 ], [ -70.6115777, -33.4681982 ], [ -70.6116006, -33.4684559 ], [ -70.6125136, -33.4683993 ], [ -70.6125041, -33.468293 ], [ -70.6125691, -33.468289 ], [ -70.6126256, -33.4682855 ], [ -70.6132851, -33.4682445 ], [ -70.6132496, -33.4678467 ], [ -70.6132449, -33.4677942 ], [ -70.6124603, -33.467843 ], [ -70.6115548, -33.4679034 ] ] ] } },
{ "type": "Feature", "properties": { "access": "yes", "area": null, "barrier": null, "boundary": null, "building": "no", "description": "Posee una superficie de unos 10.110m² distribuidos en 3 pistas deportivas dirigidas a la práctica del Skate y BMX en sus formatos Skate Park, Skate Street y BMX Freestyle.", "ele": null, "golf": null, "landuse": null, "leisure": "sports_centre", "lit": null, "location": null, "name": "Explanada de Deportes Urbanos", "name_en": null, "name_es": null, "opening_hours": null, "operator": "IND", "phone": null, "protect_class": null, "source_transform": "https://mindep.cl/actividades/noticias/2231", "sport": "skateboard;bmx_freestyle", "surface": null, "type": null, "website": null, "wheelchair": "yes", "zoo": null, "objectid": 25203237, "osm_id2": "1213141179" }, "geometry": { "type": "Polygon", "coordinates": [ [ [ -70.6117975, -33.468555 ], [ -70.6116664, -33.4686652 ], [ -70.6121208, -33.4691161 ], [ -70.6133248, -33.4691558 ], [ -70.6133693, -33.4684757 ], [ -70.6133066, -33.4684791 ], [ -70.6118376, -33.4685528 ], [ -70.6117975, -33.468555 ] ] ] } },
{ "type": "Feature", "properties": { "access": "yes", "area": null, "barrier": null, "boundary": null, "building": null, "description": null, "ele": null, "golf": null, "landuse": null, "leisure": "pitch", "lit": "yes", "location": null, "name": "Cancha 5", "name_en": null, "name_es": null, "opening_hours": null, "operator": null, "phone": null, "protect_class": null, "source_transform": null, "sport": "tennis", "surface": "clay", "type": null, "website": null, "wheelchair": null, "zoo": null, "objectid": 25209858, "osm_id2": "1204232754" }, "geometry": { "type": "Polygon", "coordinates": [ [ [ -70.6132359, -33.4623819 ], [ -70.6132183, -33.4621684 ], [ -70.6130928, -33.4621756 ], [ -70.6131105, -33.4623892 ], [ -70.6132359, -33.4623819 ] ] ] } },
{ "type": "Feature", "properties": { "access": "yes", "area": null, "barrier": null, "boundary": null, "building": "yes", "description": "Este moderno centro considera un edificio cerrado con tribunas, oficinas y salas de musculación que cuentan con la tecnología más avanzada a nivel mundial para estándares olímpicos. El recinto es de 8670 metros cuadrados y un aforo de 1250 espectadores.", "ele": null, "golf": null, "landuse": null, "leisure": "swimming_pool", "lit": "yes", "location": "indoor", "name": "Edificio Poniente Centro Acuático", "name_en": null, "name_es": null, "opening_hours": null, "operator": "IND", "phone": null, "protect_class": null, "source_transform": null, "sport": "swimming", "surface": null, "type": null, "website": null, "wheelchair": null, "zoo": null, "objectid": 25209859, "osm_id2": "1204232734" }, "geometry": { "type": "Polygon", "coordinates": [ [ [ -70.6090636, -33.4637635 ], [ -70.6092818, -33.4630918 ], [ -70.6093094, -33.4630067 ], [ -70.6089859, -33.4629336 ], [ -70.6087212, -33.4628737 ], [ -70.6086124, -33.4628492 ], [ -70.6085928, -33.4628447 ], [ -70.608531, -33.4630349 ], [ -70.6085178, -33.4630757 ], [ -70.6085092, -33.4631022 ], [ -70.6083473, -33.4636006 ], [ -70.6083916, -33.4636107 ], [ -70.6083258, -33.4638131 ], [ -70.6083497, -33.4638185 ], [ -70.6084339, -33.4638375 ], [ -70.6084994, -33.4636359 ], [ -70.6090636, -33.4637635 ] ] ] } },
{ "type": "Feature", "properties": { "access": "yes", "area": null, "barrier": null, "boundary": null, "building": null, "description": null, "ele": null, "golf": null, "landuse": null, "leisure": "pitch", "lit": "yes", "location": null, "name": "Cancha 3", "name_en": null, "name_es": null, "opening_hours": null, "operator": null, "phone": null, "protect_class": null, "source_transform": null, "sport": "tennis", "surface": "clay", "type": null, "website": null, "wheelchair": null, "zoo": null, "objectid": 25209860, "osm_id2": "1204232755" }, "geometry": { "type": "Polygon", "coordinates": [ [ [ -70.613628, -33.4623545 ], [ -70.6136104, -33.462141 ], [ -70.6134849, -33.4621482 ], [ -70.6135026, -33.4623618 ], [ -70.613628, -33.4623545 ] ] ] } },
{ "type": "Feature", "properties": { "access": "yes", "area": null, "barrier": null, "boundary": null, "building": null, "description": null, "ele": null, "golf": null, "landuse": null, "leisure": "pitch", "lit": "yes", "location": null, "name": "Cancha 1", "name_en": null, "name_es": null, "opening_hours": null, "operator": null, "phone": null, "protect_class": null, "source_transform": null, "sport": "tennis", "surface": "clay", "type": null, "website": null, "wheelchair": null, "zoo": null, "objectid": 25209862, "osm_id2": "1204232753" }, "geometry": { "type": "Polygon", "coordinates": [ [ [ -70.6140169, -33.4623312 ], [ -70.6139993, -33.4621177 ], [ -70.6138738, -33.4621249 ], [ -70.6138915, -33.4623385 ], [ -70.6140169, -33.4623312 ] ] ] } },
{ "type": "Feature", "properties": { "access": null, "area": "yes", "barrier": null, "boundary": null, "building": null, "description": "Posee certificación de la Unión Ciclista Internacional al cumplir con la guía de parques para BMX de la institución.", "ele": null, "golf": null, "landuse": null, "leisure": "track", "lit": "yes", "location": null, "name": "Pista BMX Freestyle", "name_en": null, "name_es": null, "opening_hours": null, "operator": null, "phone": null, "protect_class": null, "source_transform": null, "sport": "bmx", "surface": "concrete", "type": null, "website": null, "wheelchair": null, "zoo": null, "objectid": 25211950, "osm_id2": "1343181100" }, "geometry": { "type": "Polygon", "coordinates": [ [ [ -70.6124459, -33.4688902 ], [ -70.6121734, -33.4686197 ], [ -70.6119545, -33.4687732 ], [ -70.6122269, -33.4690436 ], [ -70.6124459, -33.4688902 ] ] ] } },
{ "type": "Feature", "properties": { "access": "yes", "area": null, "barrier": null, "boundary": null, "building": null, "description": null, "ele": null, "golf": null, "landuse": null, "leisure": "pitch", "lit": "yes", "location": null, "name": "streetpark", "name_en": null, "name_es": null, "opening_hours": null, "operator": null, "phone": null, "protect_class": null, "source_transform": null, "sport": "skateboard", "surface": "concrete", "type": null, "website": null, "wheelchair": null, "zoo": null, "objectid": 25211951, "osm_id2": "1343181099" }, "geometry": { "type": "Polygon", "coordinates": [ [ [ -70.6127465, -33.4685994 ], [ -70.6125085, -33.4686151 ], [ -70.6125493, -33.4690457 ], [ -70.6127873, -33.46903 ], [ -70.6127465, -33.4685994 ] ] ] } },
{ "type": "Feature", "properties": { "access": "yes", "area": null, "barrier": null, "boundary": null, "building": null, "description": null, "ele": null, "golf": null, "landuse": null, "leisure": "pitch", "lit": "yes", "location": null, "name": "bowlpark", "name_en": null, "name_es": null, "opening_hours": null, "operator": null, "phone": null, "protect_class": null, "source_transform": null, "sport": "skateboard", "surface": "concrete", "type": null, "website": null, "wheelchair": null, "zoo": null, "objectid": 25211952, "osm_id2": "1343181098" }, "geometry": { "type": "Polygon", "coordinates": [ [ [ -70.6132402, -33.4685997 ], [ -70.6129079, -33.4685832 ], [ -70.612882, -33.468946 ], [ -70.6132144, -33.4689625 ], [ -70.6132402, -33.4685997 ] ] ] } },
{ "type": "Feature", "properties": { "access": "yes", "area": null, "barrier": null, "boundary": null, "building": null, "description": null, "ele": null, "golf": null, "landuse": null, "leisure": "park", "lit": null, "location": null, "name": "Parque Metropolitano de Santiago", "name_en": "Santiago Metropolitan Park", "name_es": null, "opening_hours": "Mo-Su 06:00-20:30", "operator": "MINVU", "phone": "+56 2 2730 1300", "protect_class": null, "source_transform": null, "sport": null, "surface": null, "type": null, "website": "https://www.parquemet.cl", "wheelchair": null, "zoo": null, "objectid": 15914805, "osm_id2": "168227059" }, "geometry": { "type": "Polygon", "coordinates": [ [ [ -70.6013004, -33.3908035 ], [ -70.6012696, -33.3908581 ], [ -70.6013337, -33.3910081 ], [ -70.6014565, -33.3911495 ], [ -70.6016558, -33.3913425 ], [ -70.6019298, -33.3916512 ], [ -70.6021773, -33.3920008 ], [ -70.6023963, -33.3923331 ], [ -70.602554, -33.3925851 ], [ -70.602695, -33.3928427 ], [ -70.6029977, -33.3933076 ], [ -70.603329, -33.3938629 ], [ -70.6036269, -33.3943947 ], [ -70.6043898, -33.3956757 ], [ -70.604509, -33.395955 ], [ -70.6047933, -33.3958834 ], [ -70.6051394, -33.3966134 ], [ -70.60467, -33.3967052 ], [ -70.604705, -33.3973194 ], [ -70.6046929, -33.3978053 ], [ -70.6046676, -33.3983287 ], [ -70.6047123, -33.3991143 ], [ -70.6046945, -33.3995513 ], [ -70.6047486, -33.4002952 ], [ -70.6047374, -33.4013693 ], [ -70.6048436, -33.401419 ], [ -70.6048795, -33.4015541 ], [ -70.6047564, -33.4016419 ], [ -70.6045085, -33.4016367 ], [ -70.6044196, -33.4021436 ], [ -70.604335, -33.4026483 ], [ -70.6043009, -33.4029097 ], [ -70.6042697, -33.4031577 ], [ -70.6042595, -33.4033902 ], [ -70.604284, -33.403625 ], [ -70.6043661, -33.4039652 ], [ -70.604498, -33.4043398 ], [ -70.60516, -33.406439 ], [ -70.6053492, -33.4069716 ], [ -70.6054805, -33.4072393 ], [ -70.6055635, -33.4074093 ], [ -70.6055995, -33.4074832 ], [ -70.6058315, -33.4079683 ], [ -70.6059593, -33.4081897 ], [ -70.6061601, -33.4085795 ], [ -70.6062657, -33.4087898 ], [ -70.6063251, -33.4088642 ], [ -70.6063915, -33.4089473 ], [ -70.6065245, -33.4091472 ], [ -70.6066544, -33.409283 ], [ -70.6068346, -33.4094134 ], [ -70.6069817, -33.4095054 ], [ -70.6071469, -33.4096101 ], [ -70.607285, -33.4096961 ], [ -70.6074252, -33.4098108 ], [ -70.6075496, -33.4099366 ], [ -70.6076368, -33.4100814 ], [ -70.6076837, -33.4101909 ], [ -70.6077238, -33.4103642 ], [ -70.607727, -33.4105499 ], [ -70.6077104, -33.4107531 ], [ -70.6077126, -33.4109456 ], [ -70.6077342, -33.4111302 ], [ -70.607744, -33.4113484 ], [ -70.607862, -33.4116036 ], [ -70.6079881, -33.4117693 ], [ -70.6082349, -33.411926 ], [ -70.6083502, -33.4119977 ], [ -70.6086077, -33.4121387 ], [ -70.6088625, -33.4122081 ], [ -70.6090073, -33.4123402 ], [ -70.6094124, -33.412385 ], [ -70.6097718, -33.4124051 ], [ -70.6100185, -33.412441 ], [ -70.6101902, -33.4124678 ], [ -70.6104504, -33.4125507 ], [ -70.6108053, -33.4126841 ], [ -70.610909, -33.4127208 ], [ -70.6110887, -33.4128126 ], [ -70.6112416, -33.4128843 ], [ -70.6114079, -33.4129828 ], [ -70.6114937, -33.4130119 ], [ -70.6115876, -33.4131641 ], [ -70.6117566, -33.4134306 ], [ -70.6120436, -33.4138559 ], [ -70.6122984, -33.4141895 ], [ -70.6123628, -33.4142589 ], [ -70.6125599, -33.4142925 ], [ -70.6126967, -33.4143362 ], [ -70.6128295, -33.4144157 ], [ -70.6129302, -33.4145182 ], [ -70.613043, -33.414471 ], [ -70.6131452, -33.4144284 ], [ -70.6132265, -33.414374 ], [ -70.6133178, -33.4144016 ], [ -70.613556, -33.4141021 ], [ -70.6137025, -33.4141648 ], [ -70.6138367, -33.4142399 ], [ -70.6139587, -33.4143048 ], [ -70.6141451, -33.4144481 ], [ -70.6142242, -33.4146362 ], [ -70.6140277, -33.4147073 ], [ -70.613519, -33.4150679 ], [ -70.6130393, -33.4153377 ], [ -70.6129477, -33.4153972 ], [ -70.6128625, -33.4154525 ], [ -70.612877, -33.4154769 ], [ -70.6128879, -33.4154951 ], [ -70.6128948, -33.4155067 ], [ -70.6129325, -33.4155672 ], [ -70.6133791, -33.4155042 ], [ -70.6137757, -33.4154699 ], [ -70.6142036, -33.4154411 ], [ -70.6146647, -33.4154279 ], [ -70.6152838, -33.4154209 ], [ -70.6170952, -33.4154119 ], [ -70.617268, -33.4154192 ], [ -70.6174655, -33.4154621 ], [ -70.6175218, -33.4154858 ], [ -70.6175743, -33.4155136 ], [ -70.6180465, -33.4159014 ], [ -70.6186775, -33.4164676 ], [ -70.6201262, -33.4177351 ], [ -70.6206486, -33.4181923 ], [ -70.6207652, -33.4183425 ], [ -70.6208338, -33.4184268 ], [ -70.6209535, -33.418574 ], [ -70.6211053, -33.4187774 ], [ -70.6212526, -33.4189749 ], [ -70.621326, -33.4192098 ], [ -70.6213589, -33.4193149 ], [ -70.621393, -33.419424 ], [ -70.6215658, -33.4197695 ], [ -70.6216459, -33.4199443 ], [ -70.6216918, -33.4200972 ], [ -70.621753, -33.4203779 ], [ -70.6218063, -33.4206182 ], [ -70.6218538, -33.4207591 ], [ -70.6219451, -33.4209667 ], [ -70.6221664, -33.4213536 ], [ -70.6223402, -33.4216075 ], [ -70.622543, -33.4218506 ], [ -70.6229361, -33.4226422 ], [ -70.623105, -33.4234391 ], [ -70.6231995, -33.4235146 ], [ -70.6233399, -33.4241353 ], [ -70.6234383, -33.4248675 ], [ -70.6234723, -33.4252152 ], [ -70.6235053, -33.4254511 ], [ -70.6235652, -33.4256467 ], [ -70.6236473, -33.4257022 ], [ -70.6237221, -33.4257231 ], [ -70.6238314, -33.4257684 ], [ -70.6239688, -33.4258059 ], [ -70.6241097, -33.4258121 ], [ -70.6243531, -33.4257809 ], [ -70.6249797, -33.4256018 ], [ -70.6253141, -33.4255241 ], [ -70.6254858, -33.4255312 ], [ -70.625494, -33.4256707 ], [ -70.6257442, -33.4257063 ], [ -70.626123, -33.4258265 ], [ -70.6267063, -33.4261507 ], [ -70.6275529, -33.4267423 ], [ -70.6279922, -33.4270651 ], [ -70.6280686, -33.4271345 ], [ -70.6283754, -33.4273575 ], [ -70.6283489, -33.4275019 ], [ -70.6287957, -33.4277117 ], [ -70.628671, -33.4279319 ], [ -70.6290125, -33.4280782 ], [ -70.6294875, -33.4287135 ], [ -70.63007, -33.4291235 ], [ -70.6308905, -33.4297256 ], [ -70.631512, -33.4301178 ], [ -70.6317698, -33.4302344 ], [ -70.6320243, -33.4303152 ], [ -70.6322233, -33.4303446 ], [ -70.632366, -33.4303544 ], [ -70.63391, -33.4310346 ], [ -70.6340794, -33.4310804 ], [ -70.6342106, -33.4310773 ], [ -70.6343489, -33.4310424 ], [ -70.6344583, -33.4310062 ], [ -70.6345728, -33.4309563 ], [ -70.6346285, -33.4309305 ], [ -70.6347219, -33.4308736 ], [ -70.6347773, -33.4308105 ], [ -70.6348699, -33.43071 ], [ -70.6349507, -33.4306454 ], [ -70.6350376, -33.4305643 ], [ -70.6351859, -33.4304605 ], [ -70.6352196, -33.4304935 ], [ -70.6353224, -33.430439 ], [ -70.635445, -33.4305981 ], [ -70.6355135, -33.430696 ], [ -70.6355557, -33.4306755 ], [ -70.6356019, -33.4306733 ], [ -70.6357599, -33.4306822 ], [ -70.6359201, -33.4306913 ], [ -70.636165, -33.430543 ], [ -70.6361476, -33.4305021 ], [ -70.6362026, -33.4304719 ], [ -70.6361155, -33.4299259 ], [ -70.6363701, -33.4298191 ], [ -70.6365026, -33.429758 ], [ -70.6364173, -33.4296133 ], [ -70.6366485, -33.4294529 ], [ -70.6377648, -33.4286518 ], [ -70.6378868, -33.428588 ], [ -70.6389514, -33.4281282 ], [ -70.6390182, -33.4280717 ], [ -70.6391231, -33.4278722 ], [ -70.6387812, -33.4269721 ], [ -70.6387447, -33.426876 ], [ -70.6386495, -33.4264448 ], [ -70.6386438, -33.4264191 ], [ -70.6386515, -33.4258994 ], [ -70.6386532, -33.4257865 ], [ -70.6386749, -33.4254302 ], [ -70.6385569, -33.4251078 ], [ -70.6385139, -33.4247138 ], [ -70.638353, -33.424284 ], [ -70.6383599, -33.4241006 ], [ -70.6384241, -33.4236124 ], [ -70.6373435, -33.4238565 ], [ -70.6372205, -33.4235213 ], [ -70.6372154, -33.4233651 ], [ -70.6374844, -33.4233191 ], [ -70.6377166, -33.4232588 ], [ -70.6376537, -33.4230049 ], [ -70.6378581, -33.4229071 ], [ -70.637936, -33.4229212 ], [ -70.6380058, -33.4229108 ], [ -70.6380624, -33.4229481 ], [ -70.6380956, -33.4232025 ], [ -70.638382, -33.4231359 ], [ -70.6384503, -33.4227064 ], [ -70.6385274, -33.4223655 ], [ -70.6386642, -33.42237 ], [ -70.6387285, -33.4220722 ], [ -70.6392971, -33.4220096 ], [ -70.6396119, -33.4215986 ], [ -70.6397561, -33.4214103 ], [ -70.6399302, -33.4211858 ], [ -70.6400782, -33.4209647 ], [ -70.6404256, -33.4210385 ], [ -70.6404296, -33.421026 ], [ -70.6405726, -33.4205747 ], [ -70.6406276, -33.4202828 ], [ -70.6406237, -33.4200399 ], [ -70.6405508, -33.4198337 ], [ -70.6403767, -33.4195738 ], [ -70.6398812, -33.4188338 ], [ -70.6396415, -33.4184757 ], [ -70.6395705, -33.4185061 ], [ -70.6392359, -33.4186494 ], [ -70.6390911, -33.4187067 ], [ -70.6392801, -33.4189875 ], [ -70.6389751, -33.4191814 ], [ -70.638445, -33.4195161 ], [ -70.6383334, -33.4195848 ], [ -70.6382182, -33.4194759 ], [ -70.6380547, -33.4193032 ], [ -70.6379322, -33.4191917 ], [ -70.6378053, -33.4190605 ], [ -70.6375835, -33.4188738 ], [ -70.6373976, -33.4186665 ], [ -70.6371508, -33.4184337 ], [ -70.6369129, -33.418135 ], [ -70.6366949, -33.4178158 ], [ -70.6365428, -33.4176201 ], [ -70.6363998, -33.4174307 ], [ -70.6361834, -33.4173246 ], [ -70.6355182, -33.4170381 ], [ -70.6353036, -33.4169709 ], [ -70.6350855, -33.4169292 ], [ -70.6348557, -33.4169283 ], [ -70.6346518, -33.4169261 ], [ -70.6344458, -33.416913 ], [ -70.6343532, -33.4168922 ], [ -70.6341612, -33.416779 ], [ -70.6340422, -33.4167153 ], [ -70.633912, -33.4167275 ], [ -70.6338199, -33.4167401 ], [ -70.6337179, -33.416785 ], [ -70.6335967, -33.4167992 ], [ -70.633389, -33.4167647 ], [ -70.6332348, -33.4167031 ], [ -70.6330934, -33.4165466 ], [ -70.633013, -33.4163306 ], [ -70.6329525, -33.4161863 ], [ -70.6324771, -33.4155903 ], [ -70.6323392, -33.4154167 ], [ -70.6320779, -33.415215 ], [ -70.6309995, -33.4145829 ], [ -70.6308646, -33.4145212 ], [ -70.6306641, -33.4144559 ], [ -70.6302788, -33.4143846 ], [ -70.6299901, -33.4143468 ], [ -70.6297904, -33.4144119 ], [ -70.6296182, -33.4145913 ], [ -70.6294748, -33.4147275 ], [ -70.6293541, -33.4147507 ], [ -70.6291249, -33.4147494 ], [ -70.6289672, -33.4147932 ], [ -70.6288181, -33.4149162 ], [ -70.6286552, -33.4152819 ], [ -70.6284107, -33.4153964 ], [ -70.6282484, -33.4154429 ], [ -70.6281069, -33.4154135 ], [ -70.6279332, -33.4153326 ], [ -70.6277875, -33.415241 ], [ -70.6276498, -33.4150396 ], [ -70.6274798, -33.4147903 ], [ -70.6274296, -33.4147494 ], [ -70.6273618, -33.4147332 ], [ -70.6272963, -33.4147391 ], [ -70.6271629, -33.4147947 ], [ -70.6269545, -33.4149018 ], [ -70.62672, -33.4150176 ], [ -70.6266215, -33.4150688 ], [ -70.6259383, -33.4151603 ], [ -70.6257063, -33.4151673 ], [ -70.6256003, -33.4151087 ], [ -70.6253589, -33.4148855 ], [ -70.6252971, -33.4147965 ], [ -70.6251039, -33.4145402 ], [ -70.6244976, -33.4139411 ], [ -70.6237996, -33.4133883 ], [ -70.6234878, -33.4130146 ], [ -70.6231689, -33.4126919 ], [ -70.6230255, -33.4124038 ], [ -70.6230225, -33.4121003 ], [ -70.6230356, -33.4116714 ], [ -70.6231972, -33.4114166 ], [ -70.6234608, -33.411341 ], [ -70.6240608, -33.4111734 ], [ -70.6247519, -33.4109803 ], [ -70.6246004, -33.4100494 ], [ -70.6244361, -33.4090398 ], [ -70.6243023, -33.4082181 ], [ -70.6240027, -33.4082736 ], [ -70.6238578, -33.4079288 ], [ -70.6237865, -33.4077689 ], [ -70.6237006, -33.4076435 ], [ -70.6230403, -33.4068579 ], [ -70.6225489, -33.4062808 ], [ -70.6223817, -33.4061558 ], [ -70.6221932, -33.4060585 ], [ -70.6219588, -33.406039 ], [ -70.621599, -33.4060847 ], [ -70.620902, -33.4063794 ], [ -70.6207304, -33.4064841 ], [ -70.6205381, -33.4066047 ], [ -70.6203863, -33.4067124 ], [ -70.6201065, -33.4067726 ], [ -70.6198785, -33.4067232 ], [ -70.6196518, -33.4066453 ], [ -70.6195144, -33.406695 ], [ -70.6196068, -33.406841 ], [ -70.6198092, -33.4071609 ], [ -70.6199467, -33.4076104 ], [ -70.6197656, -33.4076183 ], [ -70.6192801, -33.4076745 ], [ -70.6191406, -33.4076615 ], [ -70.6187488, -33.4075818 ], [ -70.6185983, -33.4075342 ], [ -70.6184098, -33.4074211 ], [ -70.6182208, -33.4072577 ], [ -70.6181388, -33.4071338 ], [ -70.6180155, -33.4069055 ], [ -70.6174307, -33.4059897 ], [ -70.6173539, -33.4057709 ], [ -70.6172805, -33.405562 ], [ -70.6172913, -33.4053515 ], [ -70.6174146, -33.4051948 ], [ -70.6175461, -33.4051164 ], [ -70.6177607, -33.4051075 ], [ -70.6184822, -33.4051858 ], [ -70.618682, -33.4050996 ], [ -70.6188054, -33.4050056 ], [ -70.6189234, -33.404813 ], [ -70.6189502, -33.40471 ], [ -70.6188684, -33.4041043 ], [ -70.6188282, -33.4039275 ], [ -70.6187155, -33.403811 ], [ -70.6185036, -33.4037371 ], [ -70.618085, -33.4037169 ], [ -70.6179672, -33.4036364 ], [ -70.6179015, -33.4035542 ], [ -70.6178799, -33.4034615 ], [ -70.6178586, -33.4033703 ], [ -70.6179015, -33.4031236 ], [ -70.6179015, -33.4028511 ], [ -70.6176212, -33.4024254 ], [ -70.6175441, -33.4022733 ], [ -70.6175207, -33.4020854 ], [ -70.6174992, -33.4016554 ], [ -70.6175741, -33.401393 ], [ -70.6177782, -33.4011095 ], [ -70.6180567, -33.4008604 ], [ -70.6187599, -33.4003612 ], [ -70.6191317, -33.4001596 ], [ -70.6196198, -33.4000252 ], [ -70.6198772, -33.4000872 ], [ -70.6198407, -33.4000129 ], [ -70.6198038, -33.3999743 ], [ -70.6197576, -33.3999559 ], [ -70.6196972, -33.3999481 ], [ -70.6196759, -33.3998988 ], [ -70.6196633, -33.3998757 ], [ -70.6198125, -33.3998249 ], [ -70.6199484, -33.3998089 ], [ -70.6200395, -33.3998356 ], [ -70.6200651, -33.399843 ], [ -70.6200831, -33.399797 ], [ -70.6202225, -33.3998373 ], [ -70.6205191, -33.3994239 ], [ -70.6205667, -33.3994 ], [ -70.6208879, -33.398832 ], [ -70.6224929, -33.3971869 ], [ -70.6226627, -33.3970089 ], [ -70.6224759, -33.3968777 ], [ -70.622433, -33.3967091 ], [ -70.6224059, -33.3965411 ], [ -70.6227063, -33.3961111 ], [ -70.6225048, -33.39598 ], [ -70.6224238, -33.3960383 ], [ -70.6221665, -33.3957157 ], [ -70.6215767, -33.3960369 ], [ -70.6208548, -33.3965188 ], [ -70.6200081, -33.3970992 ], [ -70.6196173, -33.397359 ], [ -70.6192185, -33.3976503 ], [ -70.6188497, -33.3979006 ], [ -70.6180013, -33.3984705 ], [ -70.6172278, -33.3989423 ], [ -70.6167047, -33.3992561 ], [ -70.6159626, -33.3997296 ], [ -70.6156277, -33.3999272 ], [ -70.6153718, -33.4000988 ], [ -70.6151298, -33.4000659 ], [ -70.6149576, -33.3999904 ], [ -70.6147652, -33.3997569 ], [ -70.6143834, -33.3993233 ], [ -70.614112, -33.3990774 ], [ -70.6138836, -33.398939 ], [ -70.6132452, -33.3982492 ], [ -70.6129738, -33.3981615 ], [ -70.6122774, -33.3979062 ], [ -70.6120092, -33.3977611 ], [ -70.6120124, -33.3972076 ], [ -70.6118258, -33.3968645 ], [ -70.6114631, -33.3966128 ], [ -70.6111026, -33.3964193 ], [ -70.6108022, -33.3961685 ], [ -70.6103302, -33.3957339 ], [ -70.6098839, -33.3953612 ], [ -70.609532, -33.3951104 ], [ -70.6092916, -33.3949001 ], [ -70.6091114, -33.3946303 ], [ -70.6089484, -33.3942362 ], [ -70.6087767, -33.3938205 ], [ -70.6085535, -33.3935912 ], [ -70.6082617, -33.3934407 ], [ -70.6078755, -33.3933046 ], [ -70.6075236, -33.3931684 ], [ -70.6072403, -33.3929749 ], [ -70.6070687, -33.3926883 ], [ -70.6069348, -33.3922186 ], [ -70.6068356, -33.3917808 ], [ -70.6066578, -33.3915045 ], [ -70.60645, -33.3913307 ], [ -70.6061695, -33.3912092 ], [ -70.605717, -33.3911118 ], [ -70.6052202, -33.3910239 ], [ -70.6047388, -33.3909536 ], [ -70.604535, -33.3908246 ], [ -70.6042809, -33.3907715 ], [ -70.6036629, -33.3903326 ], [ -70.603372, -33.3900487 ], [ -70.6028165, -33.3896658 ], [ -70.6025169, -33.3894881 ], [ -70.6022731, -33.3894263 ], [ -70.6021082, -33.3894186 ], [ -70.6021442, -33.389191 ], [ -70.6025405, -33.3892329 ], [ -70.6029472, -33.3893904 ], [ -70.6029109, -33.3893101 ], [ -70.6026696, -33.3888806 ], [ -70.6022888, -33.3885805 ], [ -70.6019658, -33.3885939 ], [ -70.6017441, -33.3878146 ], [ -70.6016707, -33.3868004 ], [ -70.6015259, -33.3867863 ], [ -70.6014508, -33.3867507 ], [ -70.6012894, -33.3866604 ], [ -70.6011664, -33.3868424 ], [ -70.6011016, -33.3871148 ], [ -70.6010147, -33.3874668 ], [ -70.6008665, -33.3877507 ], [ -70.6006672, -33.3879576 ], [ -70.600538, -33.3880507 ], [ -70.6003078, -33.3882167 ], [ -70.6002229, -33.3883123 ], [ -70.60028, -33.3883631 ], [ -70.6002151, -33.388489 ], [ -70.6002143, -33.3886379 ], [ -70.6002487, -33.388724 ], [ -70.6001945, -33.3887524 ], [ -70.6002455, -33.3889025 ], [ -70.6003903, -33.3890548 ], [ -70.6007042, -33.3891734 ], [ -70.6009348, -33.3891779 ], [ -70.6011279, -33.3891018 ], [ -70.601246, -33.3890032 ], [ -70.601364, -33.3888465 ], [ -70.6014981, -33.3887323 ], [ -70.601659, -33.3886651 ], [ -70.6017744, -33.3884949 ], [ -70.6018012, -33.3884747 ], [ -70.6019346, -33.3888772 ], [ -70.6019083, -33.3894864 ], [ -70.6016394, -33.3896279 ], [ -70.6014885, -33.3897649 ], [ -70.6013948, -33.389943 ], [ -70.6013561, -33.3901393 ], [ -70.6013214, -33.3903775 ], [ -70.6012985, -33.3905982 ], [ -70.6013004, -33.3908035 ] ] ] } },
{ "type": "Feature", "properties": { "access": null, "area": null, "barrier": null, "boundary": null, "building": "yes", "description": null, "ele": null, "golf": null, "landuse": null, "leisure": "sports_centre", "lit": null, "location": null, "name": "Kayra Crossfit", "name_en": null, "name_es": null, "opening_hours": null, "operator": null, "phone": null, "protect_class": null, "source_transform": "Reconocimiento cortográfico de campo 2016 por KG", "sport": null, "surface": null, "type": null, "website": null, "wheelchair": null, "zoo": null, "objectid": 15922192, "osm_id2": "447306763" }, "geometry": { "type": "Polygon", "coordinates": [ [ [ -70.640355000394607, -33.430647199617503 ], [ -70.640327299944502, -33.430393799609902 ], [ -70.640249799589995, -33.430399699702697 ], [ -70.640277500040099, -33.430653099693203 ], [ -70.640355000394607, -33.430647199617503 ] ] ] } },
{ "type": "Feature", "properties": { "access": null, "area": null, "barrier": null, "boundary": null, "building": null, "description": null, "ele": null, "golf": null, "landuse": null, "leisure": "park", "lit": null, "location": null, "name": "Plaza León XIII", "name_en": null, "name_es": null, "opening_hours": null, "operator": null, "phone": null, "protect_class": null, "source_transform": null, "sport": null, "surface": null, "type": null, "website": null, "wheelchair": null, "zoo": null, "objectid": 15934170, "osm_id2": "185121649" }, "geometry": { "type": "Polygon", "coordinates": [ [ [ -70.63149859984, -33.432233899942602 ], [ -70.631219200430394, -33.432167499413097 ], [ -70.631208399985795, -33.432197699470599 ], [ -70.631307699757301, -33.432240199488902 ], [ -70.631259400039397, -33.432349899833497 ], [ -70.631398900318104, -33.432385699914597 ], [ -70.63149859984, -33.432233899942602 ] ] ] } },
{ "type": "Feature", "properties": { "access": null, "area": null, "barrier": null, "boundary": null, "building": null, "description": null, "ele": null, "golf": null, "landuse": null, "leisure": "park", "lit": null, "location": null, "name": "Plazuela Camilo Mori", "name_en": null, "name_es": null, "opening_hours": null, "operator": null, "phone": null, "protect_class": null, "source_transform": null, "sport": null, "surface": null, "type": null, "website": null, "wheelchair": null, "zoo": null, "objectid": 15934211, "osm_id2": "125020891" }, "geometry": { "type": "Polygon", "coordinates": [ [ [ -70.6345926, -33.4320005 ], [ -70.6348913, -33.432442 ], [ -70.6349528, -33.4321086 ], [ -70.6349533, -33.432089 ], [ -70.634946, -33.4320707 ], [ -70.6349201, -33.4320567 ], [ -70.6348979, -33.4320488 ], [ -70.6345926, -33.4320005 ] ] ] } },
{ "type": "Feature", "properties": { "access": null, "area": null, "barrier": null, "boundary": null, "building": null, "description": null, "ele": null, "golf": null, "landuse": null, "leisure": "park", "lit": null, "location": null, "name": "Parque Balmaceda", "name_en": null, "name_es": null, "opening_hours": null, "operator": null, "phone": null, "protect_class": null, "source_transform": null, "sport": null, "surface": null, "type": null, "website": null, "wheelchair": null, "zoo": null, "objectid": 15934262, "osm_id2": "-12184678" }, "geometry": { "type": "Polygon", "coordinates": [ [ [ -70.634574300218802, -33.436498299547402 ], [ -70.634255100052201, -33.436511899541301 ], [ -70.634060700133205, -33.436518199526702 ], [ -70.633949399767801, -33.436504299677303 ], [ -70.633851600182794, -33.436494399912597 ], [ -70.633686300289099, -33.436459999608402 ], [ -70.633609300296101, -33.436440999935797 ], [ -70.633426900072607, -33.436381199479001 ], [ -70.633459599647296, -33.436316399611997 ], [ -70.633262500290797, -33.436256599819103 ], [ -70.633159399747399, -33.436226999389902 ], [ -70.6329251002566, -33.436126099527399 ], [ -70.631812700270601, -33.4356067996329 ], [ -70.629768500298297, -33.434654099798202 ], [ -70.628883599556303, -33.434222999262303 ], [ -70.6279823997818, -33.4337442996029 ], [ -70.627532299807001, -33.433399099819603 ], [ -70.626743100185493, -33.432722099557097 ], [ -70.625899900137298, -33.432034399829 ], [ -70.625855199968797, -33.432036699847202 ], [ -70.625832000078304, -33.432049899461603 ], [ -70.625663900135805, -33.432213099366699 ], [ -70.625565600189205, -33.432328299379598 ], [ -70.625476799926702, -33.432408899414803 ], [ -70.625477199676993, -33.432437099251302 ], [ -70.626562399574595, -33.433434599600702 ], [ -70.626954100072695, -33.433810399809801 ], [ -70.627300399716404, -33.434107999675298 ], [ -70.627627399954605, -33.434363599585502 ], [ -70.627772699756804, -33.4344616992719 ], [ -70.627996199701201, -33.434589699708503 ], [ -70.628511999760903, -33.434837899847302 ], [ -70.629039999840501, -33.435071699928002 ], [ -70.630320600380301, -33.435648899918199 ], [ -70.631075699953698, -33.435971199565202 ], [ -70.6320388996524, -33.436330099336899 ], [ -70.632354299945305, -33.436442199362801 ], [ -70.632656500393395, -33.436546299824897 ], [ -70.632890300420797, -33.436614499889401 ], [ -70.633092500411493, -33.436635299410298 ], [ -70.633532000265902, -33.436624099784197 ], [ -70.633826800392796, -33.436635699718202 ], [ -70.634107799701795, -33.436591299264499 ], [ -70.634245700081095, -33.436577999889003 ], [ -70.634314599965094, -33.436571399301997 ], [ -70.634390200382697, -33.436571399301997 ], [ -70.634564300172997, -33.4365855997466 ], [ -70.634574300218802, -33.436498299547402 ] ], [ [ -70.632802199945999, -33.4362276995572 ], [ -70.632700799913295, -33.436395499657202 ], [ -70.632661200379005, -33.436378899575999 ], [ -70.632762499800293, -33.436211099443803 ], [ -70.632802199945999, -33.4362276995572 ] ], [ [ -70.632738399797901, -33.436243099487797 ], [ -70.632675100011397, -33.436346399570297 ], [ -70.632604600227907, -33.4363162999095 ], [ -70.632627599794105, -33.4362789999144 ], [ -70.632447599868996, -33.436202099968099 ], [ -70.632465799736707, -33.436172499520303 ], [ -70.632642699575698, -33.4362480996108 ], [ -70.632665099965607, -33.4362117996113 ], [ -70.632738399797901, -33.436243099487797 ] ], [ [ -70.629598300094699, -33.434903799812901 ], [ -70.629564100333496, -33.434959399473101 ], [ -70.629305399904695, -33.434848499229702 ], [ -70.629339599665897, -33.4347929999524 ], [ -70.629598300094699, -33.434903799812901 ] ] ] } },
{ "type": "Feature", "properties": { "access": null, "area": null, "barrier": null, "boundary": null, "building": null, "description": null, "ele": null, "golf": null, "landuse": null, "leisure": "sports_centre", "lit": null, "location": null, "name": "Complejo Deportivo Bellavista de Recoleta", "name_en": null, "name_es": null, "opening_hours": null, "operator": null, "phone": null, "protect_class": null, "source_transform": null, "sport": "tennis", "surface": null, "type": null, "website": null, "wheelchair": null, "zoo": null, "objectid": 15934375, "osm_id2": "23389772" }, "geometry": { "type": "Polygon", "coordinates": [ [ [ -70.6423881, -33.4340188 ], [ -70.6423856, -33.4339526 ], [ -70.6423549, -33.4338551 ], [ -70.6423188, -33.4337667 ], [ -70.6422925, -33.4336972 ], [ -70.6422686, -33.4336664 ], [ -70.6421922, -33.4336401 ], [ -70.6412507, -33.4339482 ], [ -70.6407372, -33.4341234 ], [ -70.6402427, -33.4343073 ], [ -70.6403231, -33.4345141 ], [ -70.6408496, -33.4343899 ], [ -70.6421339, -33.4340825 ], [ -70.6423881, -33.4340188 ] ] ] } },
{ "type": "Feature", "properties": { "access": null, "area": null, "barrier": null, "boundary": null, "building": null, "description": null, "ele": null, "golf": null, "landuse": null, "leisure": "park", "lit": null, "location": null, "name": "Parque Forestal", "name_en": null, "name_es": null, "opening_hours": null, "operator": null, "phone": null, "protect_class": null, "source_transform": null, "sport": null, "surface": null, "type": null, "website": null, "wheelchair": null, "zoo": null, "objectid": 15934407, "osm_id2": "332070819" }, "geometry": { "type": "Polygon", "coordinates": [ [ [ -70.6433648, -33.435908 ], [ -70.6433915, -33.4359172 ], [ -70.6460119, -33.4347512 ], [ -70.6463448, -33.4345618 ], [ -70.6464146, -33.4345221 ], [ -70.6465354, -33.4344652 ], [ -70.6468079, -33.4343324 ], [ -70.6470146, -33.4342609 ], [ -70.6476947, -33.4340752 ], [ -70.6477513, -33.433957 ], [ -70.6478848, -33.4336302 ], [ -70.6479149, -33.4333065 ], [ -70.6478834, -33.433314 ], [ -70.6455616, -33.4338697 ], [ -70.6453615, -33.4339161 ], [ -70.6430724, -33.4344466 ], [ -70.6429824, -33.4344681 ], [ -70.6430332, -33.4347183 ], [ -70.6429514, -33.4347388 ], [ -70.6429561, -33.4347772 ], [ -70.6429616, -33.434822 ], [ -70.6430541, -33.4351082 ], [ -70.6431835, -33.4355083 ], [ -70.6432261, -33.4356157 ], [ -70.6432713, -33.4357111 ], [ -70.6433648, -33.435908 ] ] ] } },
{ "type": "Feature", "properties": { "access": null, "area": null, "barrier": null, "boundary": null, "building": null, "description": null, "ele": null, "golf": null, "landuse": null, "leisure": "park", "lit": null, "location": null, "name": "Plaza Jose M. Barros", "name_en": null, "name_es": null, "opening_hours": null, "operator": null, "phone": null, "protect_class": null, "source_transform": null, "sport": null, "surface": null, "type": null, "website": null, "wheelchair": null, "zoo": null, "objectid": 15934459, "osm_id2": "14055873" }, "geometry": { "type": "Polygon", "coordinates": [ [ [ -70.630167, -33.4363158 ], [ -70.6300864, -33.4362429 ], [ -70.6300404, -33.4364362 ], [ -70.63005, -33.4364378 ], [ -70.6300304, -33.4365201 ], [ -70.6301138, -33.4365339 ], [ -70.6300879, -33.4366427 ], [ -70.6304488, -33.4366983 ], [ -70.6304685, -33.4366847 ], [ -70.6304037, -33.436588 ], [ -70.6304006, -33.4365834 ], [ -70.6303253, -33.4364857 ], [ -70.6302428, -33.4363922 ], [ -70.630167, -33.4363158 ] ] ] } },
{ "type": "Feature", "properties": { "access": null, "area": null, "barrier": null, "boundary": null, "building": null, "description": null, "ele": null, "golf": null, "landuse": null, "leisure": "park", "lit": null, "location": null, "name": "Parque Gómez Rojas", "name_en": null, "name_es": null, "opening_hours": null, "operator": null, "phone": null, "protect_class": null, "source_transform": null, "sport": null, "surface": null, "type": null, "website": null, "wheelchair": null, "zoo": null, "objectid": 15934478, "osm_id2": "23389775" }, "geometry": { "type": "Polygon", "coordinates": [ [ [ -70.6385583, -33.4347623 ], [ -70.637201, -33.4349276 ], [ -70.6368819, -33.4349298 ], [ -70.6356167, -33.4349016 ], [ -70.6355957, -33.4349112 ], [ -70.6354782, -33.4355907 ], [ -70.6355082, -33.4356116 ], [ -70.6356082, -33.4356171 ], [ -70.6373046, -33.4352317 ], [ -70.6385784, -33.4349203 ], [ -70.638632, -33.4348823 ], [ -70.6386488, -33.434826 ], [ -70.6386397, -33.4347935 ], [ -70.6386083, -33.4347689 ], [ -70.6385583, -33.4347623 ] ] ] } },
{ "type": "Feature", "properties": { "access": null, "area": null, "barrier": null, "boundary": null, "building": null, "description": null, "ele": null, "golf": null, "landuse": null, "leisure": "park", "lit": null, "location": null, "name": "Plaza Italia", "name_en": null, "name_es": null, "opening_hours": null, "operator": null, "phone": null, "protect_class": null, "source_transform": null, "sport": null, "surface": null, "type": null, "website": null, "wheelchair": null, "zoo": null, "objectid": 15934487, "osm_id2": "231835352" }, "geometry": { "type": "Polygon", "coordinates": [ [ [ -70.635297199680707, -33.436505099544597 ], [ -70.635037600038302, -33.4364809993207 ], [ -70.634574300218802, -33.436498299547402 ], [ -70.634564300172997, -33.4365855997466 ], [ -70.634775500384507, -33.436648299670601 ], [ -70.634939699842107, -33.4366885995655 ], [ -70.635094599939706, -33.436731099633398 ], [ -70.635162400285793, -33.436741799236302 ], [ -70.635240799853904, -33.436745099898197 ], [ -70.635297199680707, -33.436505099544597 ] ] ] } },
{ "type": "Feature", "properties": { "access": null, "area": null, "barrier": null, "boundary": null, "building": null, "description": null, "ele": null, "golf": null, "landuse": null, "leisure": "park", "lit": null, "location": null, "name": "Plaza Baquedano", "name_en": null, "name_es": null, "opening_hours": null, "operator": null, "phone": null, "protect_class": null, "source_transform": null, "sport": null, "surface": null, "type": null, "website": null, "wheelchair": null, "zoo": null, "objectid": 15934583, "osm_id2": "26103793" }, "geometry": { "type": "Polygon", "coordinates": [ [ [ -70.6347663, -33.4370512 ], [ -70.6347817, -33.4370158 ], [ -70.6347882, -33.4369816 ], [ -70.6347903, -33.4369397 ], [ -70.6347857, -33.4369097 ], [ -70.634773, -33.4368739 ], [ -70.6347574, -33.4368467 ], [ -70.6347283, -33.4368217 ], [ -70.6347, -33.4368022 ], [ -70.6346365, -33.4367649 ], [ -70.634567, -33.4367386 ], [ -70.6345008, -33.4367221 ], [ -70.6344384, -33.4367133 ], [ -70.6343763, -33.4367109 ], [ -70.6342953, -33.4367129 ], [ -70.6342436, -33.4367194 ], [ -70.6342125, -33.4367326 ], [ -70.6341829, -33.4367507 ], [ -70.634156, -33.4367771 ], [ -70.6341233, -33.4368139 ], [ -70.6341036, -33.4368517 ], [ -70.634095, -33.4368787 ], [ -70.6340877, -33.4369136 ], [ -70.634086, -33.4369488 ], [ -70.6340888, -33.4369806 ], [ -70.6340962, -33.4370206 ], [ -70.6341118, -33.4370577 ], [ -70.634133, -33.4370839 ], [ -70.6341636, -33.4371083 ], [ -70.6342114, -33.4371333 ], [ -70.6342805, -33.437153 ], [ -70.6343848, -33.4371752 ], [ -70.6344506, -33.4371853 ], [ -70.6344923, -33.4371891 ], [ -70.6345561, -33.4371894 ], [ -70.6345883, -33.4371881 ], [ -70.6346195, -33.437185 ], [ -70.6346505, -33.4371783 ], [ -70.6346812, -33.4371624 ], [ -70.6347096, -33.4371362 ], [ -70.6347373, -33.4371037 ], [ -70.6347522, -33.4370792 ], [ -70.6347663, -33.4370512 ] ] ] } },
{ "type": "Feature", "properties": { "access": null, "area": null, "barrier": null, "boundary": null, "building": null, "description": null, "ele": null, "golf": null, "landuse": null, "leisure": "park", "lit": null, "location": null, "name": "Parque Bustamante", "name_en": null, "name_es": null, "opening_hours": null, "operator": null, "phone": null, "protect_class": null, "source_transform": null, "sport": null, "surface": null, "type": null, "website": null, "wheelchair": null, "zoo": null, "objectid": 15934591, "osm_id2": "160136631" }, "geometry": { "type": "Polygon", "coordinates": [ [ [ -70.6336134, -33.4374479 ], [ -70.6336248, -33.4374225 ], [ -70.6336696, -33.4373541 ], [ -70.6337271, -33.4372762 ], [ -70.6336344, -33.4372491 ], [ -70.6335035, -33.4371991 ], [ -70.6332847, -33.4371167 ], [ -70.6331924, -33.43708 ], [ -70.6331307, -33.4370474 ], [ -70.6331088, -33.4370902 ], [ -70.6330918, -33.4371369 ], [ -70.6330855, -33.4371708 ], [ -70.6330832, -33.4371985 ], [ -70.6330817, -33.4372269 ], [ -70.6330672, -33.4372621 ], [ -70.6330366, -33.4373186 ], [ -70.6329881, -33.4374077 ], [ -70.6329885, -33.4374196 ], [ -70.6330019, -33.4374301 ], [ -70.6330303, -33.4374304 ], [ -70.6330611, -33.4374344 ], [ -70.6330719, -33.4374168 ], [ -70.6333414, -33.4375156 ], [ -70.6334668, -33.4375607 ], [ -70.6334696, -33.4375745 ], [ -70.6334743, -33.4375893 ], [ -70.6334856, -33.4376004 ], [ -70.6335015, -33.4376097 ], [ -70.6335149, -33.4376127 ], [ -70.6335233, -33.4376097 ], [ -70.6335313, -33.4376013 ], [ -70.6336134, -33.4374479 ] ] ] } },
{ "type": "Feature", "properties": { "access": null, "area": null, "barrier": null, "boundary": null, "building": null, "description": null, "ele": null, "golf": null, "landuse": null, "leisure": "park", "lit": null, "location": null, "name": "Parque Forestal", "name_en": null, "name_es": null, "opening_hours": null, "operator": null, "phone": null, "protect_class": null, "source_transform": null, "sport": null, "surface": null, "type": null, "website": null, "wheelchair": null, "zoo": null, "objectid": 15934637, "osm_id2": "-7779620" }, "geometry": { "type": "Polygon", "coordinates": [ [ [ -70.643096600251198, -33.436018099654603 ], [ -70.642768300150806, -33.434955899335101 ], [ -70.642655699923196, -33.434498299867002 ], [ -70.639093899584594, -33.435335899250802 ], [ -70.638828300094502, -33.435396299399002 ], [ -70.637562299872997, -33.435647199714701 ], [ -70.637083499623202, -33.435731199320202 ], [ -70.636578800045399, -33.435843599228903 ], [ -70.635515399564895, -33.436158699318199 ], [ -70.635517300400096, -33.436280999962698 ], [ -70.635519200336901, -33.4367905992438 ], [ -70.635874899951702, -33.436794599316897 ], [ -70.636430100119796, -33.4368085995714 ], [ -70.637973299776704, -33.436801899300001 ], [ -70.639335499683696, -33.436804499796999 ], [ -70.639782900220993, -33.436803799634397 ], [ -70.640566199707806, -33.436794499614997 ], [ -70.640552099751105, -33.436676299474897 ], [ -70.640592900332905, -33.436613499868997 ], [ -70.640655699757801, -33.436564499607798 ], [ -70.641324400265404, -33.436420699629899 ], [ -70.642466999814701, -33.436169299288899 ], [ -70.643096600251198, -33.436018099654603 ] ] ] } },
{ "type": "Feature", "properties": { "access": null, "area": null, "barrier": null, "boundary": null, "building": null, "description": null, "ele": null, "golf": null, "landuse": null, "leisure": "pitch", "lit": null, "location": null, "name": "Skatepark Parque Bustamante", "name_en": null, "name_es": null, "opening_hours": null, "operator": null, "phone": null, "protect_class": null, "source_transform": null, "sport": "skateboard", "surface": null, "type": null, "website": null, "wheelchair": null, "zoo": null, "objectid": 15936308, "osm_id2": "110163434" }, "geometry": { "type": "Polygon", "coordinates": [ [ [ -70.6317238, -33.4421383 ], [ -70.6317434, -33.4421178 ], [ -70.6317637, -33.4420909 ], [ -70.6317904, -33.4420634 ], [ -70.6318198, -33.4420353 ], [ -70.6318291, -33.4420186 ], [ -70.6318353, -33.4420008 ], [ -70.6318381, -33.4419692 ], [ -70.6318318, -33.441944 ], [ -70.6318238, -33.4419233 ], [ -70.6318191, -33.4419019 ], [ -70.6318177, -33.4418791 ], [ -70.6318244, -33.4418483 ], [ -70.6318268, -33.4418171 ], [ -70.631824, -33.4417784 ], [ -70.6318075, -33.4417428 ], [ -70.6317841, -33.44171 ], [ -70.6317647, -33.44169 ], [ -70.6317427, -33.4416719 ], [ -70.6317186, -33.4416585 ], [ -70.631691, -33.4416511 ], [ -70.631662, -33.4416503 ], [ -70.6316387, -33.4416546 ], [ -70.6316172, -33.4416632 ], [ -70.6316029, -33.4416722 ], [ -70.6315912, -33.4416836 ], [ -70.631583, -33.4416963 ], [ -70.6315779, -33.44171 ], [ -70.6315765, -33.4417334 ], [ -70.6315779, -33.441755 ], [ -70.6315835, -33.4417825 ], [ -70.6315842, -33.4418153 ], [ -70.6315793, -33.4418428 ], [ -70.6315751, -33.4418615 ], [ -70.6315597, -33.441889 ], [ -70.6315414, -33.4419294 ], [ -70.6315337, -33.4419745 ], [ -70.6315294, -33.4420025 ], [ -70.6315288, -33.4420307 ], [ -70.6315358, -33.4420763 ], [ -70.6315453, -33.4421135 ], [ -70.6315482, -33.4421309 ], [ -70.6315474, -33.4421486 ], [ -70.6315386, -33.4421755 ], [ -70.6315144, -33.4422027 ], [ -70.631498, -33.4422186 ], [ -70.6314853, -33.4422366 ], [ -70.6314741, -33.4422671 ], [ -70.6314741, -33.4422792 ], [ -70.6314776, -33.4422911 ], [ -70.6314895, -33.4423069 ], [ -70.6315078, -33.4423156 ], [ -70.6315449, -33.4423197 ], [ -70.6315702, -33.4423186 ], [ -70.631601, -33.44232 ], [ -70.6316147, -33.4423235 ], [ -70.6316252, -33.4423294 ], [ -70.6316498, -33.4423502 ], [ -70.6316813, -33.4423841 ], [ -70.6317031, -33.4424139 ], [ -70.6317065, -33.4424192 ], [ -70.6317122, -33.442423 ], [ -70.6317238, -33.4424245 ], [ -70.6317355, -33.442424 ], [ -70.6317462, -33.4424198 ], [ -70.631756, -33.4424098 ], [ -70.6317764, -33.4423765 ], [ -70.6317813, -33.4423525 ], [ -70.6317784, -33.4423341 ], [ -70.6317686, -33.4423174 ], [ -70.6317497, -33.4423022 ], [ -70.6317287, -33.4422823 ], [ -70.6316915, -33.4422115 ], [ -70.6316889, -33.4421933 ], [ -70.6316922, -33.4421752 ], [ -70.6317042, -33.4421545 ], [ -70.6317238, -33.4421383 ] ] ] } },
{ "type": "Feature", "properties": { "access": null, "area": null, "barrier": null, "boundary": null, "building": null, "description": null, "ele": null, "golf": null, "landuse": null, "leisure": "park", "lit": null, "location": null, "name": "Plaza Mártires de Carabineros", "name_en": null, "name_es": null, "opening_hours": null, "operator": null, "phone": null, "protect_class": null, "source_transform": null, "sport": null, "surface": "concrete", "type": null, "website": null, "wheelchair": null, "zoo": null, "objectid": 15936356, "osm_id2": "80076333" }, "geometry": { "type": "Polygon", "coordinates": [ [ [ -70.6380718, -33.4387617 ], [ -70.6379708, -33.4386957 ], [ -70.6376972, -33.438517 ], [ -70.6376435, -33.4384819 ], [ -70.6375726, -33.4386252 ], [ -70.6375538, -33.4386188 ], [ -70.6371857, -33.439037 ], [ -70.6371707, -33.4390534 ], [ -70.6372133, -33.4390802 ], [ -70.6372586, -33.4391038 ], [ -70.6373131, -33.4391264 ], [ -70.6373701, -33.4391443 ], [ -70.6374063, -33.4391495 ], [ -70.6374419, -33.4391574 ], [ -70.6374774, -33.4391683 ], [ -70.6375115, -33.4391818 ], [ -70.6375997, -33.4392536 ], [ -70.6376351, -33.4392934 ], [ -70.6376738, -33.439331 ], [ -70.6377125, -33.4393635 ], [ -70.6377537, -33.4393938 ], [ -70.63793, -33.439124 ], [ -70.6379583, -33.4390897 ], [ -70.6379923, -33.4390593 ], [ -70.6379981, -33.4390555 ], [ -70.6380718, -33.4387617 ] ] ] } },
{ "type": "Feature", "properties": { "access": null, "area": null, "barrier": null, "boundary": null, "building": null, "description": null, "ele": null, "golf": null, "landuse": null, "leisure": "park", "lit": null, "location": null, "name": "Plaza Veracruz", "name_en": null, "name_es": null, "opening_hours": null, "operator": null, "phone": null, "protect_class": null, "source_transform": "Reconocimiento cortográfico de campo 2016 por KG", "sport": null, "surface": null, "type": null, "website": null, "wheelchair": null, "zoo": null, "objectid": 15936363, "osm_id2": "448673051" }, "geometry": { "type": "Polygon", "coordinates": [ [ [ -70.6408508, -33.4387214 ], [ -70.6408717, -33.4389182 ], [ -70.6408983, -33.4389168 ], [ -70.6410674, -33.4389081 ], [ -70.6410936, -33.4389066 ], [ -70.6410753, -33.438707 ], [ -70.6408508, -33.4387214 ] ] ] } },
{ "type": "Feature", "properties": { "access": null, "area": null, "barrier": "fence", "boundary": null, "building": null, "description": null, "ele": null, "golf": null, "landuse": null, "leisure": "park", "lit": null, "location": null, "name": "Parque San Borja", "name_en": null, "name_es": null, "opening_hours": null, "operator": null, "phone": null, "protect_class": null, "source_transform": null, "sport": null, "surface": null, "type": null, "website": null, "wheelchair": null, "zoo": null, "objectid": 15936402, "osm_id2": "23321903" }, "geometry": { "type": "Polygon", "coordinates": [ [ [ -70.6375014, -33.4395059 ], [ -70.6372899, -33.4399052 ], [ -70.6368349, -33.4397124 ], [ -70.6365883, -33.4403292 ], [ -70.636434, -33.4406914 ], [ -70.6365969, -33.4407615 ], [ -70.6366644, -33.4408388 ], [ -70.6365439, -33.4409271 ], [ -70.6371044, -33.4411064 ], [ -70.6374862, -33.4412286 ], [ -70.6381011, -33.4415171 ], [ -70.6381532, -33.4414646 ], [ -70.6381766, -33.4413825 ], [ -70.6381796, -33.4413684 ], [ -70.6383471, -33.4405775 ], [ -70.6383887, -33.4403812 ], [ -70.6383971, -33.4403294 ], [ -70.6383985, -33.4402771 ], [ -70.6383926, -33.4402249 ], [ -70.638377, -33.4401659 ], [ -70.6383523, -33.4401091 ], [ -70.6383188, -33.4400555 ], [ -70.6382771, -33.4400061 ], [ -70.638228, -33.4399617 ], [ -70.637715, -33.4395813 ], [ -70.6376136, -33.4395364 ], [ -70.6376069, -33.439547 ], [ -70.637571, -33.439533 ], [ -70.6375014, -33.4395059 ] ] ] } },
{ "type": "Feature", "properties": { "access": null, "area": null, "barrier": null, "boundary": null, "building": null, "description": null, "ele": null, "golf": null, "landuse": null, "leisure": "park", "lit": null, "location": null, "name": "Plaza Vicuña Mackenna", "name_en": null, "name_es": null, "opening_hours": null, "operator": null, "phone": null, "protect_class": null, "source_transform": null, "sport": null, "surface": null, "type": null, "website": null, "wheelchair": null, "zoo": null, "objectid": 15936529, "osm_id2": "52774467" }, "geometry": { "type": "Polygon", "coordinates": [ [ [ -70.6450461, -33.4416014 ], [ -70.6450478, -33.4415833 ], [ -70.6450433, -33.4415654 ], [ -70.6450333, -33.4415492 ], [ -70.6450139, -33.4415332 ], [ -70.6449892, -33.4415237 ], [ -70.6447153, -33.4414995 ], [ -70.6446879, -33.4414996 ], [ -70.6446611, -33.4415044 ], [ -70.6446361, -33.4415137 ], [ -70.6446089, -33.4415312 ], [ -70.6445881, -33.4415541 ], [ -70.6445014, -33.4416968 ], [ -70.6443922, -33.4418767 ], [ -70.6443822, -33.4418932 ], [ -70.6443722, -33.4419096 ], [ -70.6442625, -33.4420904 ], [ -70.6442399, -33.4421276 ], [ -70.6442339, -33.4421377 ], [ -70.6447582, -33.4423043 ], [ -70.6447932, -33.4423122 ], [ -70.6448295, -33.4423118 ], [ -70.6448643, -33.4423031 ], [ -70.644895, -33.4422868 ], [ -70.6449138, -33.4422703 ], [ -70.6449281, -33.4422508 ], [ -70.6449373, -33.4422293 ], [ -70.6450461, -33.4416014 ] ] ] } },
{ "type": "Feature", "properties": { "access": null, "area": null, "barrier": null, "boundary": null, "building": "yes", "description": null, "ele": null, "golf": null, "landuse": null, "leisure": "fitness_centre", "lit": null, "location": null, "name": "Smart Fit", "name_en": null, "name_es": null, "opening_hours": null, "operator": null, "phone": null, "protect_class": null, "source_transform": null, "sport": null, "surface": null, "type": null, "website": null, "wheelchair": null, "zoo": null, "objectid": 15936574, "osm_id2": "191325786" }, "geometry": { "type": "Polygon", "coordinates": [ [ [ -70.6304438, -33.4425342 ], [ -70.6309088, -33.4426008 ], [ -70.63094, -33.4424469 ], [ -70.6303738, -33.4423578 ], [ -70.6303857, -33.4423956 ], [ -70.6304438, -33.4425342 ] ] ] } },
{ "type": "Feature", "properties": { "access": null, "area": null, "barrier": null, "boundary": null, "building": null, "description": null, "ele": null, "golf": null, "landuse": null, "leisure": "park", "lit": null, "location": null, "name": "Plazoleta Leonardo Da Vinci", "name_en": null, "name_es": null, "opening_hours": null, "operator": null, "phone": null, "protect_class": null, "source_transform": null, "sport": null, "surface": null, "type": null, "website": null, "wheelchair": null, "zoo": null, "objectid": 15936622, "osm_id2": "544677497" }, "geometry": { "type": "Polygon", "coordinates": [ [ [ -70.6362837, -33.4428354 ], [ -70.6361594, -33.4428141 ], [ -70.6359564, -33.4431815 ], [ -70.6361055, -33.4432123 ], [ -70.6362837, -33.4428354 ] ] ] } },
{ "type": "Feature", "properties": { "access": null, "area": null, "barrier": null, "boundary": null, "building": "yes", "description": null, "ele": null, "golf": null, "landuse": null, "leisure": "fitness_centre", "lit": null, "location": null, "name": "Gimnasio Enel", "name_en": null, "name_es": null, "opening_hours": null, "operator": null, "phone": null, "protect_class": null, "source_transform": null, "sport": null, "surface": null, "type": null, "website": null, "wheelchair": null, "zoo": null, "objectid": 15936803, "osm_id2": "614245306" }, "geometry": { "type": "Polygon", "coordinates": [ [ [ -70.6444537, -33.4440053 ], [ -70.6440341, -33.4439127 ], [ -70.6439842, -33.4440704 ], [ -70.6444038, -33.4441629 ], [ -70.6444537, -33.4440053 ] ] ] } },
{ "type": "Feature", "properties": { "access": null, "area": null, "barrier": null, "boundary": null, "building": null, "description": null, "ele": null, "golf": null, "landuse": null, "leisure": "park", "lit": null, "location": null, "name": "Plazoleta Curicó", "name_en": null, "name_es": null, "opening_hours": null, "operator": null, "phone": null, "protect_class": null, "source_transform": null, "sport": null, "surface": null, "type": null, "website": null, "wheelchair": null, "zoo": null, "objectid": 15936917, "osm_id2": "557095269" }, "geometry": { "type": "Polygon", "coordinates": [ [ [ -70.6445611, -33.4459308 ], [ -70.6445219, -33.4459226 ], [ -70.6444398, -33.4459055 ], [ -70.6443582, -33.4458885 ], [ -70.6442036, -33.4458563 ], [ -70.6441958, -33.4458546 ], [ -70.6441366, -33.4460903 ], [ -70.6441366, -33.4461018 ], [ -70.6441414, -33.4461125 ], [ -70.6441504, -33.4461211 ], [ -70.6441637, -33.4461268 ], [ -70.6441786, -33.4461278 ], [ -70.6441929, -33.4461239 ], [ -70.6442699, -33.4461001 ], [ -70.6443492, -33.4460819 ], [ -70.6444271, -33.44607 ], [ -70.644506, -33.4460637 ], [ -70.644516, -33.4460301 ], [ -70.6445306, -33.4460331 ], [ -70.6445395, -33.4460033 ], [ -70.6445611, -33.4459308 ] ] ] } },
{ "type": "Feature", "properties": { "access": null, "area": null, "barrier": null, "boundary": null, "building": null, "description": null, "ele": null, "golf": null, "landuse": null, "leisure": "park", "lit": null, "location": null, "name": "Plaza San Isidro", "name_en": null, "name_es": null, "opening_hours": null, "operator": null, "phone": null, "protect_class": null, "source_transform": null, "sport": null, "surface": null, "type": null, "website": null, "wheelchair": null, "zoo": null, "objectid": 15941325, "osm_id2": "105567633" }, "geometry": { "type": "Polygon", "coordinates": [ [ [ -70.643573699990199, -33.448195799744603 ], [ -70.643261500394601, -33.448137399287397 ], [ -70.643052200119996, -33.448901699746102 ], [ -70.643378199634896, -33.448958899685103 ], [ -70.643573699990199, -33.448195799744603 ] ] ] } },
{ "type": "Feature", "properties": { "access": null, "area": null, "barrier": null, "boundary": null, "building": null, "description": null, "ele": null, "golf": null, "landuse": null, "leisure": "park", "lit": null, "location": null, "name": "Plaza Stuttgart", "name_en": null, "name_es": null, "opening_hours": null, "operator": null, "phone": null, "protect_class": null, "source_transform": null, "sport": null, "surface": null, "type": null, "website": null, "wheelchair": null, "zoo": null, "objectid": 15941502, "osm_id2": "105964047" }, "geometry": { "type": "Polygon", "coordinates": [ [ [ -70.6431593, -33.4499546 ], [ -70.643075, -33.4502359 ], [ -70.6433422, -33.4502917 ], [ -70.6434266, -33.4500104 ], [ -70.6431593, -33.4499546 ] ] ] } },
{ "type": "Feature", "properties": { "access": null, "area": null, "barrier": null, "boundary": null, "building": null, "description": null, "ele": null, "golf": null, "landuse": null, "leisure": "park", "lit": null, "location": null, "name": "Plazoleta Marruecos", "name_en": null, "name_es": null, "opening_hours": null, "operator": null, "phone": null, "protect_class": null, "source_transform": null, "sport": null, "surface": null, "type": null, "website": null, "wheelchair": null, "zoo": null, "objectid": 15941530, "osm_id2": "824729066" }, "geometry": { "type": "Polygon", "coordinates": [ [ [ -70.6445099, -33.4518098 ], [ -70.6443, -33.4517811 ], [ -70.6442828, -33.4517904 ], [ -70.6442514, -33.4519487 ], [ -70.6443017, -33.4519569 ], [ -70.6444814, -33.4519812 ], [ -70.6445066, -33.4518263 ], [ -70.6445099, -33.4518098 ] ] ] } },
{ "type": "Feature", "properties": { "access": null, "area": null, "barrier": null, "boundary": null, "building": null, "description": null, "ele": null, "golf": null, "landuse": null, "leisure": "park", "lit": null, "location": null, "name": "Plaza de los murales", "name_en": null, "name_es": null, "opening_hours": "24/7", "operator": null, "phone": null, "protect_class": null, "source_transform": null, "sport": null, "surface": null, "type": null, "website": null, "wheelchair": null, "zoo": null, "objectid": 15941531, "osm_id2": "811476939" }, "geometry": { "type": "Polygon", "coordinates": [ [ [ -70.6454364, -33.451928 ], [ -70.6448882, -33.4518524 ], [ -70.6448453, -33.4520767 ], [ -70.6454113, -33.452171 ], [ -70.6454364, -33.451928 ] ] ] } },
{ "type": "Feature", "properties": { "access": null, "area": null, "barrier": null, "boundary": null, "building": "yes", "description": null, "ele": null, "golf": null, "landuse": null, "leisure": "sports_centre", "lit": null, "location": null, "name": "Gimnasio Pacific", "name_en": null, "name_es": null, "opening_hours": null, "operator": null, "phone": null, "protect_class": null, "source_transform": "Reconocimiento cortográfico de campo 2016 por KG", "sport": null, "surface": null, "type": null, "website": null, "wheelchair": null, "zoo": null, "objectid": 15942139, "osm_id2": "447265170" }, "geometry": { "type": "Polygon", "coordinates": [ [ [ -70.6390662000329, -33.460542599892698 ], [ -70.638886200107805, -33.460505599596097 ], [ -70.6388539999964, -33.460614499777797 ], [ -70.639033999921494, -33.460651499278498 ], [ -70.6390662000329, -33.460542599892698 ] ] ] } },
{ "type": "Feature", "properties": { "access": null, "area": null, "barrier": null, "boundary": null, "building": null, "description": null, "ele": null, "golf": null, "landuse": null, "leisure": "park", "lit": null, "location": null, "name": "Plaza Gazitúa", "name_en": null, "name_es": null, "opening_hours": null, "operator": null, "phone": null, "protect_class": null, "source_transform": null, "sport": null, "surface": null, "type": null, "website": null, "wheelchair": null, "zoo": null, "objectid": 15946702, "osm_id2": "649332266" }, "geometry": { "type": "Polygon", "coordinates": [ [ [ -70.638304900287494, -33.461852599264397 ], [ -70.637255400337693, -33.461656599624597 ], [ -70.6371800002443, -33.461937999643297 ], [ -70.638229399582798, -33.462133899723497 ], [ -70.638304900287494, -33.461852599264397 ] ] ] } },
{ "type": "Feature", "properties": { "access": null, "area": null, "barrier": null, "boundary": null, "building": null, "description": null, "ele": null, "golf": null, "landuse": null, "leisure": "park", "lit": null, "location": null, "name": "Plaza Tierra Santa", "name_en": null, "name_es": null, "opening_hours": null, "operator": null, "phone": null, "protect_class": null, "source_transform": null, "sport": null, "surface": null, "type": null, "website": null, "wheelchair": null, "zoo": null, "objectid": 15946733, "osm_id2": "695632783" }, "geometry": { "type": "Polygon", "coordinates": [ [ [ -70.645799300361105, -33.463525499842099 ], [ -70.645386299909205, -33.463489699871701 ], [ -70.6453678997173, -33.463637599944697 ], [ -70.6457809001691, -33.463673399854002 ], [ -70.645799300361105, -33.463525499842099 ] ] ] } },
{ "type": "Feature", "properties": { "access": null, "area": null, "barrier": null, "boundary": null, "building": null, "description": null, "ele": null, "golf": null, "landuse": null, "leisure": "park", "lit": null, "location": null, "name": "Plazoleta Nueve de Marzo", "name_en": null, "name_es": null, "opening_hours": null, "operator": null, "phone": null, "protect_class": null, "source_transform": null, "sport": null, "surface": null, "type": null, "website": null, "wheelchair": null, "zoo": null, "objectid": 15947328, "osm_id2": "824729586" }, "geometry": { "type": "Polygon", "coordinates": [ [ [ -70.6438206, -33.4711281 ], [ -70.6434906, -33.4711179 ], [ -70.643384, -33.4710562 ], [ -70.6433725, -33.4712842 ], [ -70.6434874, -33.4712151 ], [ -70.6438179, -33.4712243 ], [ -70.6438206, -33.4711281 ] ] ] } },
{ "type": "Feature", "properties": { "access": null, "area": null, "barrier": null, "boundary": null, "building": null, "description": null, "ele": null, "golf": null, "landuse": null, "leisure": "park", "lit": null, "location": null, "name": "Plaza Cicarelli", "name_en": null, "name_es": null, "opening_hours": null, "operator": null, "phone": null, "protect_class": null, "source_transform": null, "sport": null, "surface": null, "type": null, "website": null, "wheelchair": null, "zoo": null, "objectid": 15947386, "osm_id2": "637672905" }, "geometry": { "type": "Polygon", "coordinates": [ [ [ -70.6316721, -33.4767386 ], [ -70.6317681, -33.4763902 ], [ -70.6317325, -33.4763532 ], [ -70.6314006, -33.4763063 ], [ -70.6312946, -33.4766883 ], [ -70.6316721, -33.4767386 ] ] ] } },
{ "type": "Feature", "properties": { "access": null, "area": null, "barrier": null, "boundary": null, "building": "yes", "description": null, "ele": null, "golf": null, "landuse": null, "leisure": "sports_centre", "lit": null, "location": null, "name": "Club Deportivo Union Lira", "name_en": null, "name_es": null, "opening_hours": null, "operator": null, "phone": null, "protect_class": null, "source_transform": null, "sport": null, "surface": null, "type": null, "website": null, "wheelchair": null, "zoo": null, "objectid": 15950868, "osm_id2": "448226770" }, "geometry": { "type": "Polygon", "coordinates": [ [ [ -70.6317959, -33.4772529 ], [ -70.6317578, -33.4773884 ], [ -70.6319745, -33.4774196 ], [ -70.6319899, -33.4773549 ], [ -70.6319277, -33.4773444 ], [ -70.6319459, -33.4772764 ], [ -70.6317959, -33.4772529 ] ] ] } },
{ "type": "Feature", "properties": { "access": null, "area": null, "barrier": null, "boundary": null, "building": null, "description": null, "ele": null, "golf": null, "landuse": null, "leisure": "park", "lit": null, "location": null, "name": "Plaza Casablanca", "name_en": null, "name_es": null, "opening_hours": null, "operator": null, "phone": null, "protect_class": null, "source_transform": null, "sport": null, "surface": null, "type": null, "website": null, "wheelchair": null, "zoo": null, "objectid": 15950877, "osm_id2": "47273674" }, "geometry": { "type": "Polygon", "coordinates": [ [ [ -70.635897100017303, -33.476889699266103 ], [ -70.635562100281604, -33.476845799717402 ], [ -70.635310999600094, -33.478138599439198 ], [ -70.635220700049402, -33.4784529996356 ], [ -70.635550999799605, -33.478497199579799 ], [ -70.635897100017303, -33.476889699266103 ] ] ] } },
{ "type": "Feature", "properties": { "access": null, "area": null, "barrier": null, "boundary": null, "building": null, "description": null, "ele": null, "golf": null, "landuse": null, "leisure": "park", "lit": null, "location": null, "name": "Parque Víctor Jara", "name_en": null, "name_es": null, "opening_hours": null, "operator": null, "phone": null, "protect_class": null, "source_transform": null, "sport": null, "surface": null, "type": null, "website": null, "wheelchair": null, "zoo": null, "objectid": 15950886, "osm_id2": "908847273" }, "geometry": { "type": "Polygon", "coordinates": [ [ [ -70.6340004, -33.4798196 ], [ -70.633934, -33.479669 ], [ -70.6338234, -33.4794149 ], [ -70.6337829, -33.4794665 ], [ -70.6337067, -33.4795637 ], [ -70.6336301, -33.4796213 ], [ -70.6335865, -33.479654 ], [ -70.6335163, -33.4797068 ], [ -70.6335426, -33.4797827 ], [ -70.6336046, -33.4799438 ], [ -70.6340004, -33.4798196 ] ] ] } },
{ "type": "Feature", "properties": { "access": "yes", "area": null, "barrier": null, "boundary": null, "building": null, "description": null, "ele": null, "golf": null, "landuse": null, "leisure": "park", "lit": null, "location": null, "name": "Parque Intercomunal Victor Jara", "name_en": null, "name_es": null, "opening_hours": "Tu-Su 09:00-20:00", "operator": "Minvu", "phone": null, "protect_class": null, "source_transform": null, "sport": null, "surface": null, "type": null, "website": null, "wheelchair": null, "zoo": null, "objectid": 15950887, "osm_id2": "438666675" }, "geometry": { "type": "Polygon", "coordinates": [ [ [ -70.6386169, -33.4785288 ], [ -70.6380674, -33.4786638 ], [ -70.6374076, -33.4787594 ], [ -70.6369342, -33.4788207 ], [ -70.6369024, -33.4788375 ], [ -70.6366631, -33.4788467 ], [ -70.6366642, -33.4789203 ], [ -70.636476, -33.4789251 ], [ -70.636415, -33.4789013 ], [ -70.6358253, -33.4789026 ], [ -70.6356942, -33.4789093 ], [ -70.6351833, -33.4789636 ], [ -70.6346258, -33.4790325 ], [ -70.6345372, -33.4790669 ], [ -70.6345018, -33.4791131 ], [ -70.6344291, -33.4791382 ], [ -70.6343325, -33.4791053 ], [ -70.6342625, -33.479117 ], [ -70.6339388, -33.4793008 ], [ -70.6340683, -33.4795613 ], [ -70.6340254, -33.479598 ], [ -70.6340419, -33.4796373 ], [ -70.634057, -33.4796715 ], [ -70.6341319, -33.4798672 ], [ -70.6343159, -33.4798196 ], [ -70.6342895, -33.4797467 ], [ -70.6353629, -33.4794645 ], [ -70.6361423, -33.4794401 ], [ -70.636151, -33.4794554 ], [ -70.6362118, -33.4794378 ], [ -70.6364504, -33.4794263 ], [ -70.6367274, -33.4794341 ], [ -70.6368484, -33.4794376 ], [ -70.6374617, -33.479458 ], [ -70.6378961, -33.4793739 ], [ -70.6381764, -33.4792822 ], [ -70.6383269, -33.4792191 ], [ -70.6385667, -33.4790898 ], [ -70.6388566, -33.4788763 ], [ -70.6394802, -33.4783388 ], [ -70.6394563, -33.4782831 ], [ -70.6393443, -33.4783207 ], [ -70.6393574, -33.4783546 ], [ -70.6392315, -33.4783976 ], [ -70.6391572, -33.478423 ], [ -70.6391378, -33.4783807 ], [ -70.6386169, -33.4785288 ] ] ] } },
{ "type": "Feature", "properties": { "access": "yes", "area": null, "barrier": null, "boundary": null, "building": null, "description": null, "ele": null, "golf": null, "landuse": null, "leisure": "pitch", "lit": "yes", "location": null, "name": "Cancha Estrellas de California", "name_en": null, "name_es": null, "opening_hours": null, "operator": null, "phone": null, "protect_class": null, "source_transform": null, "sport": "soccer", "surface": "artificial_turf", "type": null, "website": null, "wheelchair": null, "zoo": null, "objectid": 15950891, "osm_id2": "47273672" }, "geometry": { "type": "Polygon", "coordinates": [ [ [ -70.6388621, -33.4773565 ], [ -70.6380843, -33.4773532 ], [ -70.638079, -33.4782219 ], [ -70.6388568, -33.4782252 ], [ -70.6388621, -33.4773565 ] ] ] } },
{ "type": "Feature", "properties": { "access": "yes", "area": null, "barrier": null, "boundary": null, "building": null, "description": null, "ele": null, "golf": null, "landuse": null, "leisure": "park", "lit": null, "location": null, "name": "Parque Intercomunal Victor Jara", "name_en": null, "name_es": null, "opening_hours": "Tu-Su 09:00-20:00", "operator": "Minvu", "phone": null, "protect_class": null, "source_transform": null, "sport": null, "surface": null, "type": null, "website": null, "wheelchair": null, "zoo": null, "objectid": 15950895, "osm_id2": "453782199" }, "geometry": { "type": "Polygon", "coordinates": [ [ [ -70.6390136, -33.4782892 ], [ -70.6407212, -33.4776874 ], [ -70.6416603, -33.4776082 ], [ -70.6416568, -33.4775614 ], [ -70.6416546, -33.4775311 ], [ -70.6416455, -33.4774092 ], [ -70.6416417, -33.4773323 ], [ -70.6416378, -33.4772734 ], [ -70.6416283, -33.4772113 ], [ -70.6407375, -33.4771758 ], [ -70.6398763, -33.4771479 ], [ -70.6390893, -33.4771363 ], [ -70.6390877, -33.4771791 ], [ -70.6390517, -33.4781611 ], [ -70.6390495, -33.478221 ], [ -70.6382902, -33.4782398 ], [ -70.6383962, -33.4784645 ], [ -70.6385665, -33.4784281 ], [ -70.6387615, -33.4783769 ], [ -70.6390136, -33.4782892 ] ] ] } },
{ "type": "Feature", "properties": { "access": null, "area": null, "barrier": null, "boundary": null, "building": null, "description": null, "ele": null, "golf": null, "landuse": null, "leisure": "park", "lit": null, "location": null, "name": "Parque Intercomunal Victor Jara", "name_en": null, "name_es": null, "opening_hours": null, "operator": "Minvu", "phone": null, "protect_class": null, "source_transform": null, "sport": null, "surface": null, "type": null, "website": null, "wheelchair": null, "zoo": null, "objectid": 15950919, "osm_id2": "438666669" }, "geometry": { "type": "Polygon", "coordinates": [ [ [ -70.6480144, -33.4775714 ], [ -70.6480153, -33.4775084 ], [ -70.6480155, -33.4774984 ], [ -70.6480125, -33.4770121 ], [ -70.6480124, -33.4769836 ], [ -70.6429245, -33.4770268 ], [ -70.6426627, -33.4772172 ], [ -70.642659, -33.4773219 ], [ -70.6426563, -33.4773969 ], [ -70.6426567, -33.4774892 ], [ -70.6426567, -33.4774983 ], [ -70.6426571, -33.4775834 ], [ -70.6437111, -33.4775934 ], [ -70.6478152, -33.4775724 ], [ -70.6480144, -33.4775714 ] ] ] } },
{ "type": "Feature", "properties": { "access": "permissive", "area": null, "barrier": null, "boundary": null, "building": null, "description": null, "ele": null, "golf": null, "landuse": null, "leisure": "pitch", "lit": "yes", "location": null, "name": "Skatepark San Joaquín", "name_en": null, "name_es": null, "opening_hours": null, "operator": null, "phone": null, "protect_class": null, "source_transform": null, "sport": "skateboard", "surface": "concrete", "type": null, "website": null, "wheelchair": null, "zoo": null, "objectid": 15950921, "osm_id2": "908847275" }, "geometry": { "type": "Polygon", "coordinates": [ [ [ -70.638054299967607, -33.478843699687097 ], [ -70.638051599631794, -33.478787799228101 ], [ -70.637973899851303, -33.478778799674899 ], [ -70.6375447000799, -33.478832499517601 ], [ -70.636922400251706, -33.478910799521501 ], [ -70.636930500360606, -33.479060699313401 ], [ -70.637367699629607, -33.479013699619998 ], [ -70.637625199909195, -33.478971199293397 ], [ -70.637788800190407, -33.4789331998387 ], [ -70.638054299967607, -33.478843699687097 ] ] ] } },
{ "type": "Feature", "properties": { "access": null, "area": null, "barrier": null, "boundary": null, "building": null, "description": null, "ele": null, "golf": null, "landuse": null, "leisure": "park", "lit": null, "location": null, "name": "Plaza Hermanos Carrera", "name_en": null, "name_es": null, "opening_hours": null, "operator": null, "phone": null, "protect_class": null, "source_transform": null, "sport": null, "surface": null, "type": null, "website": null, "wheelchair": null, "zoo": null, "objectid": 15950942, "osm_id2": "238680126" }, "geometry": { "type": "Polygon", "coordinates": [ [ [ -70.6450513, -33.4788256 ], [ -70.6450635, -33.4794701 ], [ -70.645397, -33.4794624 ], [ -70.6454097, -33.478831 ], [ -70.6450513, -33.4788256 ] ] ] } },
{ "type": "Feature", "properties": { "access": null, "area": null, "barrier": null, "boundary": null, "building": null, "description": null, "ele": null, "golf": null, "landuse": null, "leisure": "park", "lit": null, "location": null, "name": "Plaza Salomón Sack", "name_en": null, "name_es": null, "opening_hours": null, "operator": null, "phone": null, "protect_class": null, "source_transform": null, "sport": null, "surface": null, "type": null, "website": null, "wheelchair": null, "zoo": null, "objectid": 16009112, "osm_id2": "607848600" }, "geometry": { "type": "Polygon", "coordinates": [ [ [ -70.678016800409296, -33.414172399661702 ], [ -70.677388000371707, -33.414283999671497 ], [ -70.677421399733902, -33.414451399792299 ], [ -70.677494500140199, -33.414540299810398 ], [ -70.677636600143401, -33.414611799923399 ], [ -70.678016800409296, -33.414172399661702 ] ] ] } },
{ "type": "Feature", "properties": { "access": null, "area": null, "barrier": null, "boundary": null, "building": null, "description": null, "ele": null, "golf": null, "landuse": null, "leisure": "park", "lit": null, "location": null, "name": "Plaza El Ciruelo", "name_en": null, "name_es": null, "opening_hours": null, "operator": null, "phone": null, "protect_class": null, "source_transform": null, "sport": null, "surface": null, "type": null, "website": null, "wheelchair": null, "zoo": null, "objectid": 16009116, "osm_id2": "607848599" }, "geometry": { "type": "Polygon", "coordinates": [ [ [ -70.676503599991307, -33.415071699720201 ], [ -70.676412200004407, -33.414944499811199 ], [ -70.6758785998273, -33.415038999780897 ], [ -70.675996200077805, -33.415278899776702 ], [ -70.676179200375898, -33.415413399478197 ], [ -70.676503599991307, -33.415071699720201 ] ] ] } },
{ "type": "Feature", "properties": { "access": null, "area": null, "barrier": null, "boundary": null, "building": null, "description": null, "ele": null, "golf": null, "landuse": null, "leisure": "park", "lit": null, "location": null, "name": "Plaza Las Leyes", "name_en": null, "name_es": null, "opening_hours": null, "operator": null, "phone": null, "protect_class": null, "source_transform": null, "sport": null, "surface": null, "type": null, "website": null, "wheelchair": null, "zoo": null, "objectid": 16009752, "osm_id2": "607853418" }, "geometry": { "type": "Polygon", "coordinates": [ [ [ -70.678060599567601, -33.415342999267402 ], [ -70.677611299991796, -33.415866499415003 ], [ -70.677637699681298, -33.416022899651203 ], [ -70.677981399600597, -33.416002899745997 ], [ -70.678060599567601, -33.415342999267402 ] ] ] } },
{ "type": "Feature", "properties": { "access": "yes", "area": null, "barrier": null, "boundary": null, "building": null, "description": null, "ele": null, "golf": null, "landuse": null, "leisure": "park", "lit": null, "location": null, "name": "Parque de la Sustentabilidad Juan Antonio Ríos", "name_en": null, "name_es": null, "opening_hours": null, "operator": "Symbiotica", "phone": null, "protect_class": null, "source_transform": null, "sport": null, "surface": null, "type": null, "website": null, "wheelchair": null, "zoo": null, "objectid": 16009983, "osm_id2": "163970272" }, "geometry": { "type": "Polygon", "coordinates": [ [ [ -70.673168, -33.4222382 ], [ -70.6715619, -33.4229595 ], [ -70.6714159, -33.4229501 ], [ -70.6714237, -33.4230722 ], [ -70.6721594, -33.4231665 ], [ -70.6721178, -33.4232267 ], [ -70.6727049, -33.4232882 ], [ -70.6729228, -33.4230129 ], [ -70.6730344, -33.4230749 ], [ -70.6734864, -33.4225898 ], [ -70.673168, -33.4222382 ] ] ] } },
{ "type": "Feature", "properties": { "access": null, "area": null, "barrier": null, "boundary": null, "building": null, "description": null, "ele": null, "golf": null, "landuse": null, "leisure": "park", "lit": null, "location": null, "name": "Plaza Arturo Prat Chacón", "name_en": null, "name_es": null, "opening_hours": null, "operator": null, "phone": null, "protect_class": null, "source_transform": null, "sport": null, "surface": null, "type": null, "website": null, "wheelchair": null, "zoo": null, "objectid": 16009996, "osm_id2": "163970752" }, "geometry": { "type": "Polygon", "coordinates": [ [ [ -70.674283500004904, -33.420889399571202 ], [ -70.674146300311506, -33.420731299356902 ], [ -70.673830500268394, -33.420922199277001 ], [ -70.673967699961693, -33.421080299893497 ], [ -70.674283500004904, -33.420889399571202 ] ] ] } },
{ "type": "Feature", "properties": { "access": "yes", "area": null, "barrier": null, "boundary": null, "building": null, "description": null, "ele": null, "golf": null, "landuse": null, "leisure": "pitch", "lit": null, "location": null, "name": "Estadio Villa Ríos", "name_en": null, "name_es": null, "opening_hours": null, "operator": null, "phone": null, "protect_class": null, "source_transform": null, "sport": "soccer", "surface": "artificial_turf", "type": null, "website": null, "wheelchair": null, "zoo": null, "objectid": 16010263, "osm_id2": "157634728" }, "geometry": { "type": "Polygon", "coordinates": [ [ [ -70.6642488, -33.4268344 ], [ -70.6633252, -33.4265708 ], [ -70.6631669, -33.4269571 ], [ -70.6640905, -33.4272207 ], [ -70.6642488, -33.4268344 ] ] ] } },
{ "type": "Feature", "properties": { "access": null, "area": null, "barrier": null, "boundary": null, "building": null, "description": null, "ele": null, "golf": null, "landuse": null, "leisure": "park", "lit": null, "location": null, "name": "Plaza Pablo Neruda", "name_en": null, "name_es": null, "opening_hours": null, "operator": "Municipalidad", "phone": null, "protect_class": null, "source_transform": null, "sport": null, "surface": null, "type": null, "website": null, "wheelchair": null, "zoo": null, "objectid": 16010376, "osm_id2": "915544338" }, "geometry": { "type": "Polygon", "coordinates": [ [ [ -70.6553365, -33.4305006 ], [ -70.654628, -33.4306186 ], [ -70.6533055, -33.4308547 ], [ -70.6532418, -33.4311046 ], [ -70.6555696, -33.4305399 ], [ -70.6555608, -33.4305182 ], [ -70.6554359, -33.4305179 ], [ -70.6553365, -33.4305006 ] ] ] } },
{ "type": "Feature", "properties": { "access": null, "area": null, "barrier": null, "boundary": null, "building": null, "description": null, "ele": null, "golf": null, "landuse": null, "leisure": "park", "lit": null, "location": null, "name": "Plaza Alcalde Fernández", "name_en": null, "name_es": null, "opening_hours": null, "operator": null, "phone": null, "protect_class": null, "source_transform": null, "sport": null, "surface": null, "type": null, "website": null, "wheelchair": null, "zoo": null, "objectid": 16010419, "osm_id2": "323631581" }, "geometry": { "type": "Polygon", "coordinates": [ [ [ -70.662572499615706, -33.4284003998998 ], [ -70.662430399612504, -33.428430599768603 ], [ -70.662353899981198, -33.4284462994679 ], [ -70.662257400258497, -33.4284585992255 ], [ -70.662187600262598, -33.428464199565603 ], [ -70.662119199841896, -33.428465299391497 ], [ -70.662052199894703, -33.428455199286603 ], [ -70.661932800318795, -33.428431699594803 ], [ -70.661419200233198, -33.428336599437401 ], [ -70.661176399984896, -33.428379099847 ], [ -70.660766000155803, -33.428278399280103 ], [ -70.660508899626507, -33.4281636999483 ], [ -70.660407999955495, -33.428119899429497 ], [ -70.6602201999588, -33.4280468997651 ], [ -70.659812699891404, -33.427944599670099 ], [ -70.659260800133694, -33.427827899654098 ], [ -70.658817300081296, -33.429201999608502 ], [ -70.658947200064603, -33.429188999732098 ], [ -70.659120900104597, -33.4291855998218 ], [ -70.659243099729395, -33.429194799446499 ], [ -70.659346900060399, -33.429209499651598 ], [ -70.659493300298905, -33.429223899222698 ], [ -70.659632699966394, -33.429237299435897 ], [ -70.659778400417295, -33.429243799370703 ], [ -70.660037199660707, -33.429238399251901 ], [ -70.660185400122998, -33.429206499334498 ], [ -70.660551099783603, -33.429078299783299 ], [ -70.661342399666296, -33.428741199284403 ], [ -70.661589500149802, -33.428663399755301 ], [ -70.661759800066406, -33.428609699574103 ], [ -70.661989200145499, -33.4285402996804 ], [ -70.662151399953302, -33.428504499512599 ], [ -70.662264099893903, -33.428484299310803 ], [ -70.662357999892194, -33.428461899452799 ], [ -70.662572499615706, -33.4284003998998 ] ] ] } },
{ "type": "Feature", "properties": { "access": null, "area": null, "barrier": null, "boundary": null, "building": null, "description": null, "ele": null, "golf": null, "landuse": null, "leisure": "park", "lit": null, "location": null, "name": "Parque de los Reyes", "name_en": null, "name_es": null, "opening_hours": null, "operator": null, "phone": null, "protect_class": null, "source_transform": null, "sport": null, "surface": null, "type": null, "website": null, "wheelchair": null, "zoo": null, "objectid": 16010434, "osm_id2": "23389859" }, "geometry": { "type": "Polygon", "coordinates": [ [ [ -70.664082299910405, -33.430741099236897 ], [ -70.663666500308096, -33.430731999484998 ], [ -70.663141300277204, -33.430644899562502 ], [ -70.662894700155306, -33.430608299591299 ], [ -70.662610100398595, -33.430579899742298 ], [ -70.662351499682799, -33.430583099430102 ], [ -70.662097100387598, -33.430587999420403 ], [ -70.662147500366601, -33.430712099678303 ], [ -70.662233000218706, -33.430795399351297 ], [ -70.662205200055595, -33.430820299574599 ], [ -70.6622840999853, -33.430896799457301 ], [ -70.662351700007093, -33.430942999830101 ], [ -70.662422700152206, -33.430983399834098 ], [ -70.662526999946607, -33.431019499604702 ], [ -70.662668100124904, -33.431038399256401 ], [ -70.662783300076896, -33.431037699796903 ], [ -70.662912999735994, -33.431015699432301 ], [ -70.663581400206297, -33.430864099480402 ], [ -70.664018000298995, -33.430763099671097 ], [ -70.664082299910405, -33.430741099236897 ] ] ] } },
{ "type": "Feature", "properties": { "access": null, "area": null, "barrier": null, "boundary": null, "building": null, "description": null, "ele": null, "golf": null, "landuse": null, "leisure": "sports_centre", "lit": null, "location": null, "name": "Estadio Enersis", "name_en": null, "name_es": null, "opening_hours": null, "operator": null, "phone": null, "protect_class": null, "source_transform": null, "sport": null, "surface": null, "type": null, "website": null, "wheelchair": null, "zoo": null, "objectid": 16010495, "osm_id2": "39258807" }, "geometry": { "type": "Polygon", "coordinates": [ [ [ -70.6725872, -33.423782 ], [ -70.6719529, -33.423465 ], [ -70.6721178, -33.4232267 ], [ -70.6721594, -33.4231665 ], [ -70.6713426, -33.4230618 ], [ -70.669605, -33.4228392 ], [ -70.6695987, -33.4230028 ], [ -70.6691306, -33.4241147 ], [ -70.6687525, -33.4253173 ], [ -70.670064, -33.4257282 ], [ -70.6705755, -33.4255581 ], [ -70.6707477, -33.4254968 ], [ -70.6708677, -33.425454 ], [ -70.671126, -33.425331 ], [ -70.6712634, -33.4252569 ], [ -70.6713808, -33.425178 ], [ -70.6715757, -33.4250184 ], [ -70.6716473, -33.4249598 ], [ -70.6718859, -33.4246566 ], [ -70.6719742, -33.4245443 ], [ -70.6725872, -33.423782 ] ] ] } },
{ "type": "Feature", "properties": { "access": null, "area": null, "barrier": null, "boundary": null, "building": null, "description": null, "ele": null, "golf": null, "landuse": null, "leisure": "park", "lit": null, "location": null, "name": "Parque de la Familia", "name_en": null, "name_es": null, "opening_hours": null, "operator": null, "phone": null, "protect_class": null, "source_transform": null, "sport": null, "surface": null, "type": null, "website": null, "wheelchair": null, "zoo": null, "objectid": 16010526, "osm_id2": "177734992" }, "geometry": { "type": "Polygon", "coordinates": [ [ [ -70.6769096, -33.4244981 ], [ -70.6769478, -33.4245372 ], [ -70.6769974, -33.4245778 ], [ -70.677078, -33.4246364 ], [ -70.6771002, -33.4246691 ], [ -70.6772046, -33.4248118 ], [ -70.6769032, -33.4257548 ], [ -70.6767075, -33.4258298 ], [ -70.676413, -33.4265794 ], [ -70.6765904, -33.4264943 ], [ -70.6773929, -33.4260305 ], [ -70.6773985, -33.4259479 ], [ -70.6776303, -33.4258377 ], [ -70.6784478, -33.4254917 ], [ -70.6787677, -33.4253653 ], [ -70.6790824, -33.4252738 ], [ -70.6792779, -33.4252213 ], [ -70.6797743, -33.4251397 ], [ -70.6802388, -33.4251046 ], [ -70.6806161, -33.4250378 ], [ -70.6810053, -33.4249346 ], [ -70.6810783, -33.4249152 ], [ -70.6812162, -33.4248773 ], [ -70.6812706, -33.4248691 ], [ -70.6813176, -33.424862 ], [ -70.6814336, -33.4248428 ], [ -70.6818252, -33.4246889 ], [ -70.6821939, -33.4244484 ], [ -70.6824108, -33.4242989 ], [ -70.6828742, -33.4237465 ], [ -70.6829582, -33.4236067 ], [ -70.6832468, -33.4228683 ], [ -70.6834631, -33.4224308 ], [ -70.6837353, -33.422108 ], [ -70.6840077, -33.4218662 ], [ -70.6842976, -33.4216605 ], [ -70.6841448, -33.4215021 ], [ -70.6837293, -33.4217264 ], [ -70.6835345, -33.4218361 ], [ -70.6833365, -33.4219417 ], [ -70.6831283, -33.4220412 ], [ -70.6829346, -33.4221274 ], [ -70.6826742, -33.4222406 ], [ -70.6824826, -33.4223083 ], [ -70.681668, -33.4225967 ], [ -70.6810969, -33.4227875 ], [ -70.6806398, -33.4229609 ], [ -70.6799175, -33.4232223 ], [ -70.6795315, -33.4233726 ], [ -70.6785423, -33.4237316 ], [ -70.678288, -33.4238219 ], [ -70.6780478, -33.4239046 ], [ -70.6777834, -33.4240186 ], [ -70.6776516, -33.4240762 ], [ -70.6775221, -33.4241374 ], [ -70.6773624, -33.4242196 ], [ -70.6772069, -33.4243072 ], [ -70.6770559, -33.4244001 ], [ -70.6770225, -33.4244225 ], [ -70.6769096, -33.4244981 ] ] ] } },
{ "type": "Feature", "properties": { "access": null, "area": null, "barrier": null, "boundary": null, "building": null, "description": null, "ele": null, "golf": null, "landuse": null, "leisure": "park", "lit": null, "location": null, "name": "Plazuela Polidoro Fuentes M.", "name_en": null, "name_es": null, "opening_hours": null, "operator": null, "phone": null, "protect_class": null, "source_transform": null, "sport": null, "surface": null, "type": null, "website": null, "wheelchair": null, "zoo": null, "objectid": 16010533, "osm_id2": "182967670" }, "geometry": { "type": "Polygon", "coordinates": [ [ [ -70.6820778, -33.4264369 ], [ -70.6820771, -33.4264161 ], [ -70.6820269, -33.4263855 ], [ -70.6819874, -33.4263705 ], [ -70.6819393, -33.4263599 ], [ -70.6813457, -33.4263961 ], [ -70.6813239, -33.4264023 ], [ -70.6813096, -33.4264156 ], [ -70.681298, -33.426437 ], [ -70.6812815, -33.4266661 ], [ -70.6813096, -33.4267028 ], [ -70.6813462, -33.4267217 ], [ -70.6813906, -33.4267276 ], [ -70.6815329, -33.4266847 ], [ -70.6815505, -33.42664 ], [ -70.6817818, -33.4265631 ], [ -70.6818268, -33.4265799 ], [ -70.6820778, -33.4264369 ] ] ] } },
{ "type": "Feature", "properties": { "access": null, "area": null, "barrier": null, "boundary": null, "building": null, "description": null, "ele": null, "golf": null, "landuse": null, "leisure": "park", "lit": null, "location": null, "name": "Parque de los Reyes", "name_en": null, "name_es": null, "opening_hours": null, "operator": null, "phone": null, "protect_class": null, "source_transform": null, "sport": null, "surface": null, "type": null, "website": null, "wheelchair": null, "zoo": null, "objectid": 16010534, "osm_id2": "171797864" }, "geometry": { "type": "Polygon", "coordinates": [ [ [ -70.6750971, -33.4254321 ], [ -70.6746809, -33.425594 ], [ -70.674334, -33.425722 ], [ -70.67387, -33.4258775 ], [ -70.6734355, -33.4260589 ], [ -70.6731458, -33.4261775 ], [ -70.6728387, -33.4262771 ], [ -70.6721601, -33.4265077 ], [ -70.6708592, -33.4270226 ], [ -70.6679705, -33.4281477 ], [ -70.6642843, -33.4293121 ], [ -70.6622424, -33.4299453 ], [ -70.6622006, -33.4300928 ], [ -70.6611232, -33.4303627 ], [ -70.6611882, -33.4305903 ], [ -70.6612129, -33.4306412 ], [ -70.6614744, -33.4305636 ], [ -70.6617963, -33.4304964 ], [ -70.662225, -33.430477 ], [ -70.6626772, -33.4304843 ], [ -70.6631508, -33.4305511 ], [ -70.6635694, -33.4306301 ], [ -70.6637622, -33.4306503 ], [ -70.6641144, -33.4306575 ], [ -70.664478, -33.4306155 ], [ -70.6646564, -33.4305966 ], [ -70.6648193, -33.4305685 ], [ -70.6650577, -33.430499 ], [ -70.6651364, -33.4304715 ], [ -70.666529, -33.4300079 ], [ -70.6672071, -33.4297859 ], [ -70.6678976, -33.4295691 ], [ -70.669379, -33.4290837 ], [ -70.6695073, -33.4290409 ], [ -70.6703828, -33.4287472 ], [ -70.6707221, -33.4286357 ], [ -70.671799, -33.4282816 ], [ -70.6718219, -33.4282739 ], [ -70.672906, -33.4279092 ], [ -70.6736257, -33.4276732 ], [ -70.6745025, -33.4273906 ], [ -70.675385, -33.4270901 ], [ -70.6754942, -33.4270549 ], [ -70.675999, -33.4268615 ], [ -70.6763665, -33.4267013 ], [ -70.676413, -33.4265794 ], [ -70.6767075, -33.4258298 ], [ -70.6769032, -33.4257548 ], [ -70.6772046, -33.4248118 ], [ -70.6771002, -33.4246691 ], [ -70.677078, -33.4246364 ], [ -70.6769974, -33.4245778 ], [ -70.6769478, -33.4245372 ], [ -70.6769096, -33.4244981 ], [ -70.6762303, -33.4248803 ], [ -70.6757315, -33.4251433 ], [ -70.6750971, -33.4254321 ] ] ] } },
{ "type": "Feature", "properties": { "access": null, "area": null, "barrier": null, "boundary": null, "building": null, "description": null, "ele": null, "golf": null, "landuse": null, "leisure": "pitch", "lit": null, "location": null, "name": "Cancha Parque de los Reyes", "name_en": null, "name_es": null, "opening_hours": null, "operator": null, "phone": null, "protect_class": null, "source_transform": null, "sport": null, "surface": null, "type": null, "website": null, "wheelchair": null, "zoo": null, "objectid": 16010535, "osm_id2": "321238212" }, "geometry": { "type": "Polygon", "coordinates": [ [ [ -70.6692796000047, -33.428180799410598 ], [ -70.669206199561202, -33.428035599318697 ], [ -70.668806900213994, -33.4281760994579 ], [ -70.668880299759195, -33.428321299314803 ], [ -70.6692796000047, -33.428180799410598 ] ] ] } },
{ "type": "Feature", "properties": { "access": "yes", "area": null, "barrier": null, "boundary": null, "building": null, "description": "primer skate park de Chile", "ele": null, "golf": null, "landuse": null, "leisure": "pitch", "lit": null, "location": null, "name": "Skatepark Parque de los Reyes", "name_en": null, "name_es": null, "opening_hours": null, "operator": null, "phone": null, "protect_class": null, "source_transform": null, "sport": "skateboard", "surface": "paved", "type": null, "website": null, "wheelchair": null, "zoo": null, "objectid": 16010537, "osm_id2": "118792722" }, "geometry": { "type": "Polygon", "coordinates": [ [ [ -70.6690299, -33.4285126 ], [ -70.6690175, -33.4285164 ], [ -70.6690051, -33.4285252 ], [ -70.6688523, -33.4286097 ], [ -70.6688281, -33.4286069 ], [ -70.6687289, -33.4286601 ], [ -70.6687038, -33.4286659 ], [ -70.6686745, -33.4286764 ], [ -70.6686527, -33.4286879 ], [ -70.6686514, -33.4287189 ], [ -70.6686357, -33.4287355 ], [ -70.6686002, -33.4287424 ], [ -70.6685876, -33.4287449 ], [ -70.6685806, -33.4287499 ], [ -70.6685801, -33.4287596 ], [ -70.6685807, -33.4287724 ], [ -70.6685833, -33.42879 ], [ -70.6685889, -33.4288056 ], [ -70.6686031, -33.4288244 ], [ -70.6686219, -33.4288361 ], [ -70.6686444, -33.4288382 ], [ -70.6686688, -33.428844 ], [ -70.6687, -33.4288441 ], [ -70.6687205, -33.4288429 ], [ -70.6687372, -33.4288464 ], [ -70.6687458, -33.4288531 ], [ -70.6687598, -33.4288612 ], [ -70.6687687, -33.4288713 ], [ -70.6687813, -33.4288784 ], [ -70.6688007, -33.4288808 ], [ -70.6688215, -33.4288821 ], [ -70.6688438, -33.42888 ], [ -70.6688667, -33.4288733 ], [ -70.668884, -33.4288766 ], [ -70.668897, -33.4288832 ], [ -70.6689143, -33.4288853 ], [ -70.6689474, -33.4288864 ], [ -70.6689791, -33.4288843 ], [ -70.6690063, -33.4288821 ], [ -70.6690296, -33.4288735 ], [ -70.669039, -33.428857 ], [ -70.6690671, -33.4288553 ], [ -70.6690901, -33.4288519 ], [ -70.6691116, -33.4288432 ], [ -70.6691419, -33.4288345 ], [ -70.6691558, -33.4288175 ], [ -70.6691747, -33.428786 ], [ -70.6691603, -33.4287783 ], [ -70.6691705, -33.4287735 ], [ -70.6691765, -33.4287679 ], [ -70.669183, -33.4287635 ], [ -70.6692196, -33.4287453 ], [ -70.6692313, -33.4287122 ], [ -70.6692304, -33.4286874 ], [ -70.6692298, -33.4286589 ], [ -70.6692524, -33.4286241 ], [ -70.66922, -33.4286151 ], [ -70.6692183, -33.4285974 ], [ -70.6692156, -33.4285867 ], [ -70.6692043, -33.4285571 ], [ -70.6691864, -33.4285339 ], [ -70.6691749, -33.4285279 ], [ -70.669166, -33.4285283 ], [ -70.669159, -33.4285344 ], [ -70.6691506, -33.4285307 ], [ -70.669144, -33.4285271 ], [ -70.6691374, -33.4285228 ], [ -70.6691323, -33.428517 ], [ -70.6691248, -33.4285094 ], [ -70.669114, -33.4285015 ], [ -70.6691069, -33.4284978 ], [ -70.6690919, -33.4284994 ], [ -70.6690719, -33.4284965 ], [ -70.6690582, -33.4284954 ], [ -70.6690432, -33.4285045 ], [ -70.6690299, -33.4285126 ] ] ] } },
{ "type": "Feature", "properties": { "access": null, "area": null, "barrier": null, "boundary": null, "building": null, "description": null, "ele": null, "golf": null, "landuse": null, "leisure": "pitch", "lit": null, "location": null, "name": "Cancha Parque de los Reyes", "name_en": null, "name_es": null, "opening_hours": null, "operator": null, "phone": null, "protect_class": null, "source_transform": null, "sport": null, "surface": null, "type": null, "website": null, "wheelchair": null, "zoo": null, "objectid": 16010541, "osm_id2": "321238215" }, "geometry": { "type": "Polygon", "coordinates": [ [ [ -70.669693600281505, -33.428031499879502 ], [ -70.6696205995882, -33.427891199680303 ], [ -70.669254200140003, -33.428023999734599 ], [ -70.669327100222006, -33.4281642997191 ], [ -70.669693600281505, -33.428031499879502 ] ] ] } },
{ "type": "Feature", "properties": { "access": null, "area": null, "barrier": null, "boundary": null, "building": null, "description": null, "ele": null, "golf": null, "landuse": null, "leisure": "pitch", "lit": null, "location": null, "name": "Cancha Parque de los Reyes", "name_en": null, "name_es": null, "opening_hours": null, "operator": null, "phone": null, "protect_class": null, "source_transform": null, "sport": null, "surface": null, "type": null, "website": null, "wheelchair": null, "zoo": null, "objectid": 16010542, "osm_id2": "321238209" }, "geometry": { "type": "Polygon", "coordinates": [ [ [ -70.669917199938894, -33.428604299415902 ], [ -70.669751500294794, -33.428260199259 ], [ -70.669533700160898, -33.428333299955 ], [ -70.669699399804998, -33.428677399822099 ], [ -70.669917199938894, -33.428604299415902 ] ] ] } },
{ "type": "Feature", "properties": { "access": null, "area": null, "barrier": null, "boundary": null, "building": null, "description": null, "ele": null, "golf": null, "landuse": null, "leisure": "pitch", "lit": null, "location": null, "name": "Cancha Parque de los Reyes", "name_en": null, "name_es": null, "opening_hours": null, "operator": null, "phone": null, "protect_class": null, "source_transform": null, "sport": null, "surface": null, "type": null, "website": null, "wheelchair": null, "zoo": null, "objectid": 16010543, "osm_id2": "712717535" }, "geometry": { "type": "Polygon", "coordinates": [ [ [ -70.670157599888697, -33.428524599248398 ], [ -70.669991900244597, -33.428180499525297 ], [ -70.6697741001107, -33.428253599538699 ], [ -70.6699397997548, -33.428597599260698 ], [ -70.670157599888697, -33.428524599248398 ] ] ] } },
{ "type": "Feature", "properties": { "access": "yes", "area": null, "barrier": null, "boundary": null, "building": null, "description": null, "ele": null, "golf": null, "landuse": null, "leisure": "park", "lit": null, "location": null, "name": "Plaza Balmaceda", "name_en": null, "name_es": null, "opening_hours": "24/7", "operator": "I. Municipalidad de Santiago", "phone": null, "protect_class": null, "source_transform": null, "sport": null, "surface": null, "type": null, "website": null, "wheelchair": null, "zoo": null, "objectid": 16010596, "osm_id2": "298436000" }, "geometry": { "type": "Polygon", "coordinates": [ [ [ -70.6785274, -33.4272153 ], [ -70.6782485, -33.4270913 ], [ -70.6782156, -33.4270771 ], [ -70.678193, -33.4270772 ], [ -70.6781843, -33.4270875 ], [ -70.6781818, -33.4271187 ], [ -70.6781652, -33.4273261 ], [ -70.6781605, -33.4273838 ], [ -70.6781388, -33.4276544 ], [ -70.6781377, -33.4276682 ], [ -70.6781445, -33.4276827 ], [ -70.6781633, -33.4277044 ], [ -70.6781695, -33.4277053 ], [ -70.678199, -33.4277095 ], [ -70.6782452, -33.4277012 ], [ -70.6785327, -33.4276119 ], [ -70.678683, -33.4275679 ], [ -70.6789454, -33.427489 ], [ -70.6790462, -33.4274594 ], [ -70.6790471, -33.4274486 ], [ -70.6789597, -33.4274076 ], [ -70.6785274, -33.4272153 ] ] ] } },
{ "type": "Feature", "properties": { "access": null, "area": null, "barrier": null, "boundary": null, "building": null, "description": null, "ele": null, "golf": null, "landuse": null, "leisure": "park", "lit": null, "location": null, "name": "Plaza Estación Yungay", "name_en": null, "name_es": null, "opening_hours": null, "operator": null, "phone": null, "protect_class": null, "source_transform": null, "sport": null, "surface": null, "type": null, "website": null, "wheelchair": null, "zoo": null, "objectid": 16010598, "osm_id2": "323636967" }, "geometry": { "type": "Polygon", "coordinates": [ [ [ -70.683289099948396, -33.428292499870501 ], [ -70.683284300249795, -33.4282386997481 ], [ -70.683274799667402, -33.428192799320598 ], [ -70.683256200049399, -33.4281419994904 ], [ -70.683234399734104, -33.428104099959199 ], [ -70.683215299754593, -33.428077099756997 ], [ -70.683179800131199, -33.4280310995319 ], [ -70.683143899859104, -33.427996499447602 ], [ -70.683106900049196, -33.427968999901601 ], [ -70.683063400029894, -33.4279417994833 ], [ -70.683036100228406, -33.427928299358001 ], [ -70.683015400349305, -33.427927199525399 ], [ -70.683003300042401, -33.427934699678701 ], [ -70.682579599757204, -33.4286415997109 ], [ -70.682579899794504, -33.428656799315903 ], [ -70.682593099639305, -33.428667499914297 ], [ -70.682621700201295, -33.428677799417002 ], [ -70.682686200136999, -33.428695999350602 ], [ -70.682743299751493, -33.428704099954103 ], [ -70.682804899925401, -33.428706199888403 ], [ -70.682873600383402, -33.428700899447399 ], [ -70.682932800258897, -33.428689199491203 ], [ -70.682993600033996, -33.4286696995607 ], [ -70.683051599760304, -33.428642399650698 ], [ -70.683083499834396, -33.428623799361098 ], [ -70.683114499796503, -33.4286038998207 ], [ -70.683141900209307, -33.428583099874203 ], [ -70.683184299792401, -33.428545399958601 ], [ -70.683219200239506, -33.428499499693203 ], [ -70.683251899814195, -33.428443599758602 ], [ -70.683271800192699, -33.428394099325097 ], [ -70.683287700373199, -33.428327199548498 ], [ -70.683289099948396, -33.428292499870501 ] ] ] } },
{ "type": "Feature", "properties": { "access": null, "area": null, "barrier": null, "boundary": null, "building": null, "description": null, "ele": null, "golf": null, "landuse": null, "leisure": "park", "lit": null, "location": null, "name": "Plaza Tirso de Molina", "name_en": null, "name_es": null, "opening_hours": null, "operator": null, "phone": null, "protect_class": null, "source_transform": null, "sport": null, "surface": null, "type": null, "website": null, "wheelchair": null, "zoo": null, "objectid": 16012990, "osm_id2": "28967865" }, "geometry": { "type": "Polygon", "coordinates": [ [ [ -70.6482988, -33.431995 ], [ -70.6483783, -33.4321028 ], [ -70.6484499, -33.4322144 ], [ -70.6485089, -33.4323202 ], [ -70.6485609, -33.4324284 ], [ -70.6486058, -33.4325389 ], [ -70.6496228, -33.4323065 ], [ -70.649646, -33.4323014 ], [ -70.6496663, -33.4322907 ], [ -70.6496818, -33.4322756 ], [ -70.6496908, -33.4322585 ], [ -70.6496937, -33.43224 ], [ -70.6496903, -33.4322216 ], [ -70.6495743, -33.4318004 ], [ -70.6495717, -33.4317872 ], [ -70.6495639, -33.4317756 ], [ -70.6495517, -33.4317669 ], [ -70.6495373, -33.4317624 ], [ -70.649522, -33.4317621 ], [ -70.6495074, -33.4317661 ], [ -70.6493427, -33.4318057 ], [ -70.6488117, -33.4318894 ], [ -70.6487265, -33.4319062 ], [ -70.648644, -33.4319309 ], [ -70.6485757, -33.4319585 ], [ -70.648511, -33.4319916 ], [ -70.648488, -33.4319622 ], [ -70.648465, -33.4319328 ], [ -70.6485349, -33.4318972 ], [ -70.6486104, -33.4318662 ], [ -70.648693, -33.4318404 ], [ -70.6487781, -33.4318217 ], [ -70.6486885, -33.4318331 ], [ -70.6486002, -33.4318507 ], [ -70.6485221, -33.4318716 ], [ -70.6484462, -33.4318973 ], [ -70.6483403, -33.431941 ], [ -70.6483292, -33.4319469 ], [ -70.6483049, -33.4319599 ], [ -70.6482957, -33.431966 ], [ -70.6482908, -33.4319749 ], [ -70.6482916, -33.4319859 ], [ -70.6482988, -33.431995 ] ] ] } },
{ "type": "Feature", "properties": { "access": null, "area": null, "barrier": null, "boundary": null, "building": null, "description": null, "ele": null, "golf": null, "landuse": null, "leisure": "park", "lit": null, "location": null, "name": "Plaza Prat", "name_en": null, "name_es": null, "opening_hours": null, "operator": null, "phone": null, "protect_class": null, "source_transform": null, "sport": null, "surface": null, "type": null, "website": null, "wheelchair": null, "zoo": null, "objectid": 16013012, "osm_id2": "26103575" }, "geometry": { "type": "Polygon", "coordinates": [ [ [ -70.6514442, -33.4330444 ], [ -70.6514699, -33.433022 ], [ -70.6514892, -33.4329955 ], [ -70.6515, -33.4329703 ], [ -70.6515051, -33.4329439 ], [ -70.6515041, -33.4329172 ], [ -70.6515015, -33.4328882 ], [ -70.651492, -33.4328603 ], [ -70.651476, -33.4328344 ], [ -70.6514542, -33.4328118 ], [ -70.6514229, -33.4327909 ], [ -70.6513867, -33.4327766 ], [ -70.6513475, -33.4327696 ], [ -70.6513074, -33.4327703 ], [ -70.6505269, -33.4329491 ], [ -70.6500112, -33.4330661 ], [ -70.6496752, -33.433144 ], [ -70.6494346, -33.4332256 ], [ -70.6492895, -33.4332659 ], [ -70.6491998, -33.4333032 ], [ -70.6491346, -33.4333424 ], [ -70.6491083, -33.4333729 ], [ -70.6491064, -33.4333772 ], [ -70.6490941, -33.4334051 ], [ -70.6490868, -33.4334455 ], [ -70.6490953, -33.4334944 ], [ -70.6491134, -33.4335307 ], [ -70.6491284, -33.4335516 ], [ -70.6491551, -33.4335763 ], [ -70.6492056, -33.4336036 ], [ -70.6492603, -33.4336164 ], [ -70.6492914, -33.4336168 ], [ -70.6493589, -33.4336163 ], [ -70.6500986, -33.4334472 ], [ -70.6501145, -33.4334787 ], [ -70.650127, -33.4335033 ], [ -70.6501305, -33.4335102 ], [ -70.6501885, -33.4334847 ], [ -70.6502775, -33.433438 ], [ -70.6503939, -33.4333674 ], [ -70.6505111, -33.4332997 ], [ -70.650617, -33.4332511 ], [ -70.6508451, -33.4331739 ], [ -70.6510731, -33.433114 ], [ -70.651223, -33.4330849 ], [ -70.6514045, -33.4330569 ], [ -70.6514261, -33.4330509 ], [ -70.6514442, -33.4330444 ] ] ] } },
{ "type": "Feature", "properties": { "access": null, "area": null, "barrier": null, "boundary": null, "building": null, "description": null, "ele": null, "golf": null, "landuse": null, "leisure": "park", "lit": null, "location": null, "name": "Parque de los Reyes", "name_en": null, "name_es": null, "opening_hours": null, "operator": null, "phone": null, "protect_class": null, "source_transform": null, "sport": null, "surface": null, "type": null, "website": null, "wheelchair": null, "zoo": null, "objectid": 16013089, "osm_id2": "23389866" }, "geometry": { "type": "Polygon", "coordinates": [ [ [ -70.658471, -33.4313605 ], [ -70.6567566, -33.4317659 ], [ -70.6567403, -33.4317174 ], [ -70.6562648, -33.4318332 ], [ -70.6563381, -33.4320775 ], [ -70.6569038, -33.4319534 ], [ -70.6573515, -33.4318622 ], [ -70.6582255, -33.43165 ], [ -70.658479, -33.4315714 ], [ -70.6586805, -33.431506 ], [ -70.6594807, -33.4312174 ], [ -70.6602101, -33.4309579 ], [ -70.6604869, -33.430879 ], [ -70.6603957, -33.4306469 ], [ -70.6604329, -33.4306323 ], [ -70.6605334, -33.4305927 ], [ -70.6604962, -33.4304756 ], [ -70.6604785, -33.4304096 ], [ -70.6588073, -33.4307774 ], [ -70.6536073, -33.4318535 ], [ -70.6536514, -33.4319868 ], [ -70.6536592, -33.4320106 ], [ -70.6536785, -33.4320689 ], [ -70.6552522, -33.4317012 ], [ -70.6552936, -33.431821 ], [ -70.6561941, -33.4315972 ], [ -70.6562422, -33.4317576 ], [ -70.6567142, -33.4316426 ], [ -70.6566568, -33.4314719 ], [ -70.6583714, -33.4310668 ], [ -70.658471, -33.4313605 ] ] ] } },
{ "type": "Feature", "properties": { "access": null, "area": null, "barrier": null, "boundary": null, "building": null, "description": null, "ele": null, "golf": null, "landuse": null, "leisure": "park", "lit": null, "location": null, "name": "Plaza Jerusalén", "name_en": null, "name_es": null, "opening_hours": null, "operator": null, "phone": null, "protect_class": null, "source_transform": null, "sport": null, "surface": null, "type": null, "website": null, "wheelchair": null, "zoo": null, "objectid": 16013091, "osm_id2": "562111713" }, "geometry": { "type": "Polygon", "coordinates": [ [ [ -70.660623900152601, -33.431066399371502 ], [ -70.660436199868897, -33.431092099434302 ], [ -70.659686800106101, -33.431298799452797 ], [ -70.659113600394605, -33.4314743998087 ], [ -70.658839299822603, -33.431563799679203 ], [ -70.658494000003799, -33.431708499827998 ], [ -70.6575875001691, -33.431965599419399 ], [ -70.6575741, -33.4320305997011 ], [ -70.658956099674199, -33.431979499246097 ], [ -70.659371200387199, -33.431961699580803 ], [ -70.659521999675604, -33.431972799351399 ], [ -70.659536800318193, -33.431932499515597 ], [ -70.659536800318193, -33.431851899787603 ], [ -70.659534099982494, -33.431664999471899 ], [ -70.659572999729207, -33.431551999651298 ], [ -70.659670899925501, -33.431495999725499 ], [ -70.659948299685297, -33.431415899632299 ], [ -70.660189700358302, -33.431350899639902 ], [ -70.660306800247199, -33.431352499469597 ], [ -70.660421300411599, -33.4313980998514 ], [ -70.660521999758302, -33.431480099662302 ], [ -70.660551500432206, -33.431351799262998 ], [ -70.660623900152601, -33.431066399371502 ] ] ] } },
{ "type": "Feature", "properties": { "access": null, "area": null, "barrier": null, "boundary": null, "building": null, "description": null, "ele": null, "golf": null, "landuse": null, "leisure": "park", "lit": null, "location": null, "name": "Plaza Ecuador", "name_en": null, "name_es": null, "opening_hours": null, "operator": null, "phone": null, "protect_class": null, "source_transform": null, "sport": null, "surface": null, "type": null, "website": null, "wheelchair": null, "zoo": null, "objectid": 16013139, "osm_id2": "697908072" }, "geometry": { "type": "Polygon", "coordinates": [ [ [ -70.6572479, -33.4344031 ], [ -70.657257, -33.4342362 ], [ -70.6560488, -33.4341904 ], [ -70.6560398, -33.4343573 ], [ -70.6572479, -33.4344031 ] ] ] } },
{ "type": "Feature", "properties": { "access": null, "area": null, "barrier": null, "boundary": null, "building": "yes", "description": null, "ele": null, "golf": null, "landuse": null, "leisure": "sports_centre", "lit": null, "location": null, "name": "Club México", "name_en": null, "name_es": null, "opening_hours": null, "operator": null, "phone": null, "protect_class": null, "source_transform": null, "sport": "boxing", "surface": null, "type": null, "website": null, "wheelchair": null, "zoo": null, "objectid": 16013146, "osm_id2": "448180868" }, "geometry": { "type": "Polygon", "coordinates": [ [ [ -70.6598546, -33.4341761 ], [ -70.6599626, -33.4341809 ], [ -70.6599654, -33.434137 ], [ -70.6600495, -33.4341408 ], [ -70.6600639, -33.4339175 ], [ -70.6600326, -33.4339161 ], [ -70.6599396, -33.433912 ], [ -70.6596161, -33.4338974 ], [ -70.6596133, -33.4339172 ], [ -70.6595783, -33.4341649 ], [ -70.6595702, -33.4342227 ], [ -70.6595641, -33.4343207 ], [ -70.6595577, -33.4344242 ], [ -70.6595573, -33.4344309 ], [ -70.6596943, -33.4344361 ], [ -70.6597063, -33.43425 ], [ -70.6597277, -33.4342734 ], [ -70.6597437, -33.4342632 ], [ -70.6597577, -33.4342784 ], [ -70.6598281, -33.4342333 ], [ -70.6598124, -33.4342163 ], [ -70.6598282, -33.4342062 ], [ -70.6598209, -33.4341982 ], [ -70.6598549, -33.4341764 ], [ -70.6598546, -33.4341761 ] ] ] } },
{ "type": "Feature", "properties": { "access": null, "area": null, "barrier": null, "boundary": null, "building": null, "description": null, "ele": null, "golf": null, "landuse": null, "leisure": "park", "lit": null, "location": null, "name": "Plazoleta Irlanda", "name_en": null, "name_es": null, "opening_hours": null, "operator": null, "phone": null, "protect_class": null, "source_transform": null, "sport": null, "surface": null, "type": null, "website": null, "wheelchair": null, "zoo": null, "objectid": 16013156, "osm_id2": "522657322" }, "geometry": { "type": "Polygon", "coordinates": [ [ [ -70.6632662002377, -33.434320299220197 ], [ -70.662970400286, -33.434307399815197 ], [ -70.6629532999562, -33.434555499557597 ], [ -70.663241800197994, -33.434567899653302 ], [ -70.6632662002377, -33.434320299220197 ] ] ] } },
{ "type": "Feature", "properties": { "access": null, "area": null, "barrier": null, "boundary": null, "building": null, "description": null, "ele": null, "golf": null, "landuse": null, "leisure": "park", "lit": null, "location": null, "name": "Plazoleta de La Merced", "name_en": null, "name_es": null, "opening_hours": null, "operator": null, "phone": null, "protect_class": null, "source_transform": null, "sport": null, "surface": null, "type": null, "website": null, "wheelchair": null, "zoo": null, "objectid": 16013317, "osm_id2": "917148724" }, "geometry": { "type": "Polygon", "coordinates": [ [ [ -70.6472609, -33.4381724 ], [ -70.6471004, -33.4381515 ], [ -70.64707, -33.4383526 ], [ -70.6472305, -33.4383695 ], [ -70.6472609, -33.4381724 ] ] ] } },
{ "type": "Feature", "properties": { "access": null, "area": null, "barrier": null, "boundary": null, "building": null, "description": null, "ele": null, "golf": null, "landuse": null, "leisure": "park", "lit": null, "location": null, "name": "Plaza de Bolsillo Santo Domingo", "name_en": null, "name_es": null, "opening_hours": null, "operator": null, "phone": null, "protect_class": null, "source_transform": null, "sport": null, "surface": null, "type": null, "website": null, "wheelchair": null, "zoo": null, "objectid": 16013366, "osm_id2": "574580568" }, "geometry": { "type": "Polygon", "coordinates": [ [ [ -70.6555517, -33.4367459 ], [ -70.6555127, -33.4367176 ], [ -70.6549081, -33.4366443 ], [ -70.6548962, -33.4367195 ], [ -70.6548804, -33.4368201 ], [ -70.6548287, -33.437148 ], [ -70.6551719, -33.4371569 ], [ -70.6553389, -33.4371612 ], [ -70.6554857, -33.437165 ], [ -70.6554956, -33.4371653 ], [ -70.6555517, -33.4367459 ] ] ] } },
{ "type": "Feature", "properties": { "access": null, "area": null, "barrier": null, "boundary": null, "building": null, "description": null, "ele": null, "golf": null, "landuse": null, "leisure": "park", "lit": null, "location": null, "name": "Jardines Congreso Nacional", "name_en": null, "name_es": null, "opening_hours": null, "operator": null, "phone": null, "protect_class": null, "source_transform": null, "sport": null, "surface": null, "type": null, "website": null, "wheelchair": null, "zoo": null, "objectid": 16013387, "osm_id2": "33103689" }, "geometry": { "type": "Polygon", "coordinates": [ [ [ -70.6529696, -33.4386078 ], [ -70.652983, -33.4385145 ], [ -70.6529932, -33.4385155 ], [ -70.6530148, -33.4383646 ], [ -70.652938, -33.4383569 ], [ -70.6529517, -33.4382612 ], [ -70.6529654, -33.4381654 ], [ -70.6530323, -33.438172 ], [ -70.6530533, -33.4380251 ], [ -70.6530502, -33.4380248 ], [ -70.6530665, -33.437911 ], [ -70.653199, -33.4379242 ], [ -70.6531975, -33.4379349 ], [ -70.6533691, -33.437952 ], [ -70.6533775, -33.4378939 ], [ -70.6534868, -33.4379048 ], [ -70.6535961, -33.4379157 ], [ -70.6535878, -33.4379738 ], [ -70.653759, -33.4379909 ], [ -70.6537604, -33.4379811 ], [ -70.6538826, -33.4379933 ], [ -70.6538838, -33.4379842 ], [ -70.6539158, -33.4377561 ], [ -70.6538927, -33.4377343 ], [ -70.6538695, -33.4377125 ], [ -70.6535197, -33.4376746 ], [ -70.653108, -33.43763 ], [ -70.6527396, -33.43759 ], [ -70.6527217, -33.4376013 ], [ -70.6527038, -33.4376125 ], [ -70.6526629, -33.437899 ], [ -70.652576, -33.4385088 ], [ -70.6526073, -33.4385426 ], [ -70.6526386, -33.4385763 ], [ -70.6529613, -33.438607 ], [ -70.6529696, -33.4386078 ] ] ] } },
{ "type": "Feature", "properties": { "access": null, "area": null, "barrier": null, "boundary": null, "building": null, "description": null, "ele": null, "golf": null, "landuse": null, "leisure": "park", "lit": null, "location": null, "name": "Plaza Santa Ana", "name_en": null, "name_es": null, "opening_hours": null, "operator": null, "phone": null, "protect_class": null, "source_transform": null, "sport": null, "surface": null, "type": null, "website": null, "wheelchair": null, "zoo": null, "objectid": 16013479, "osm_id2": "79429168" }, "geometry": { "type": "Polygon", "coordinates": [ [ [ -70.658307, -33.4381427 ], [ -70.6582418, -33.4386557 ], [ -70.6588829, -33.4387125 ], [ -70.6589482, -33.4381996 ], [ -70.658307, -33.4381427 ] ] ] } },
{ "type": "Feature", "properties": { "access": null, "area": null, "barrier": null, "boundary": null, "building": null, "description": null, "ele": null, "golf": null, "landuse": null, "leisure": "park", "lit": null, "location": null, "name": "Plaza Panamá", "name_en": null, "name_es": null, "opening_hours": null, "operator": null, "phone": null, "protect_class": null, "source_transform": null, "sport": null, "surface": null, "type": null, "website": null, "wheelchair": null, "zoo": null, "objectid": 16013540, "osm_id2": "23486863" }, "geometry": { "type": "Polygon", "coordinates": [ [ [ -70.668299, -33.4338515 ], [ -70.6682622, -33.4338493 ], [ -70.6682649, -33.4338152 ], [ -70.6677948, -33.4337777 ], [ -70.6677391, -33.4337782 ], [ -70.6676681, -33.4337939 ], [ -70.6676144, -33.4338213 ], [ -70.6675635, -33.4338789 ], [ -70.6675339, -33.433945 ], [ -70.6675125, -33.4341056 ], [ -70.6675876, -33.4341257 ], [ -70.6675883, -33.4341811 ], [ -70.6682481, -33.4341979 ], [ -70.668289, -33.4341364 ], [ -70.668299, -33.4338515 ] ] ] } },
{ "type": "Feature", "properties": { "access": null, "area": null, "barrier": null, "boundary": null, "building": null, "description": null, "ele": null, "golf": null, "landuse": null, "leisure": "park", "lit": null, "location": null, "name": "Plaza de la Constitución", "name_en": null, "name_es": null, "opening_hours": null, "operator": null, "phone": null, "protect_class": null, "source_transform": null, "sport": null, "surface": null, "type": null, "website": null, "wheelchair": null, "zoo": null, "objectid": 16013997, "osm_id2": "333850238" }, "geometry": { "type": "Polygon", "coordinates": [ [ [ -70.6547116, -33.441782 ], [ -70.6548387, -33.4412766 ], [ -70.6548411, -33.441261 ], [ -70.6548445, -33.4412395 ], [ -70.6548377, -33.4412258 ], [ -70.6548235, -33.4412205 ], [ -70.6544511, -33.4411833 ], [ -70.6537847, -33.4411166 ], [ -70.653571, -33.4410952 ], [ -70.6535611, -33.4410951 ], [ -70.6535522, -33.4410987 ], [ -70.6535462, -33.441105 ], [ -70.6535408, -33.4411272 ], [ -70.6535377, -33.44114 ], [ -70.6535278, -33.4412009 ], [ -70.6535217, -33.4412387 ], [ -70.6533838, -33.442088 ], [ -70.6533786, -33.4421266 ], [ -70.6533714, -33.4421753 ], [ -70.6533576, -33.4422683 ], [ -70.6533852, -33.4422714 ], [ -70.6533863, -33.4422649 ], [ -70.6534203, -33.4422687 ], [ -70.6534193, -33.4422751 ], [ -70.6534556, -33.4422792 ], [ -70.6534566, -33.4422728 ], [ -70.6534804, -33.4422754 ], [ -70.6534794, -33.4422819 ], [ -70.6535246, -33.4422869 ], [ -70.6535256, -33.4422805 ], [ -70.6535494, -33.4422831 ], [ -70.6535484, -33.4422895 ], [ -70.6535935, -33.4422946 ], [ -70.6535946, -33.4422882 ], [ -70.6536184, -33.4422908 ], [ -70.6536174, -33.4422972 ], [ -70.6536625, -33.4423023 ], [ -70.6536635, -33.4422959 ], [ -70.6536874, -33.4422985 ], [ -70.6536863, -33.4423049 ], [ -70.6537315, -33.44231 ], [ -70.6537325, -33.4423035 ], [ -70.6537563, -33.4423062 ], [ -70.6537553, -33.4423126 ], [ -70.6538051, -33.4423182 ], [ -70.6538068, -33.4423079 ], [ -70.6539393, -33.4423227 ], [ -70.6540719, -33.4423375 ], [ -70.6540702, -33.4423477 ], [ -70.6541156, -33.4423528 ], [ -70.6541166, -33.4423464 ], [ -70.6541405, -33.442349 ], [ -70.6541394, -33.4423554 ], [ -70.6541846, -33.4423605 ], [ -70.6541856, -33.4423541 ], [ -70.6542094, -33.4423567 ], [ -70.6542084, -33.4423631 ], [ -70.6542535, -33.4423682 ], [ -70.6542546, -33.4423618 ], [ -70.6542784, -33.4423644 ], [ -70.6542774, -33.4423708 ], [ -70.6543225, -33.4423759 ], [ -70.6543235, -33.4423694 ], [ -70.6543474, -33.4423721 ], [ -70.6543463, -33.4423785 ], [ -70.6543915, -33.4423835 ], [ -70.6543925, -33.4423771 ], [ -70.6544163, -33.4423798 ], [ -70.6544153, -33.4423862 ], [ -70.6544516, -33.4423902 ], [ -70.6544527, -33.4423838 ], [ -70.6544867, -33.4423876 ], [ -70.6544857, -33.442394 ], [ -70.6545389, -33.4424 ], [ -70.6545542, -33.4423076 ], [ -70.6545629, -33.4422577 ], [ -70.6545739, -33.4421699 ], [ -70.6545841, -33.4420875 ], [ -70.6545785, -33.4420869 ], [ -70.6546553, -33.4417757 ], [ -70.6546775, -33.4417782 ], [ -70.6546997, -33.4417807 ], [ -70.6547116, -33.441782 ] ] ] } },
{ "type": "Feature", "properties": { "access": null, "area": null, "barrier": null, "boundary": null, "building": "yes", "description": null, "ele": null, "golf": null, "landuse": null, "leisure": "sports_centre", "lit": null, "location": null, "name": "Pacific Fitness", "name_en": null, "name_es": null, "opening_hours": "24/7", "operator": null, "phone": "225209011", "protect_class": null, "source_transform": null, "sport": null, "surface": null, "type": null, "website": "https://www.pacificclub.cl/", "wheelchair": null, "zoo": null, "objectid": 16014098, "osm_id2": "299548466" }, "geometry": { "type": "Polygon", "coordinates": [ [ [ -70.659503, -33.4413385 ], [ -70.6594464, -33.4410455 ], [ -70.6594362, -33.4410344 ], [ -70.6594198, -33.4410308 ], [ -70.6594076, -33.4410333 ], [ -70.6593994, -33.4410381 ], [ -70.6593951, -33.4410462 ], [ -70.6593945, -33.4410541 ], [ -70.659384, -33.4410764 ], [ -70.6593932, -33.4410799 ], [ -70.6593858, -33.4410897 ], [ -70.659377, -33.4410988 ], [ -70.65937, -33.4411122 ], [ -70.659371, -33.4411242 ], [ -70.6593762, -33.4411321 ], [ -70.659365, -33.4411431 ], [ -70.6593543, -33.4411613 ], [ -70.6593473, -33.4411798 ], [ -70.659344, -33.4411994 ], [ -70.6593375, -33.441221 ], [ -70.6593268, -33.441241 ], [ -70.6593066, -33.4412688 ], [ -70.6592925, -33.4412928 ], [ -70.6592827, -33.4413402 ], [ -70.6592891, -33.4413519 ], [ -70.6592802, -33.4413555 ], [ -70.6592753, -33.4413723 ], [ -70.6592817, -33.441379 ], [ -70.6592724, -33.4413811 ], [ -70.6592743, -33.4413911 ], [ -70.65927, -33.4413912 ], [ -70.6592706, -33.4414239 ], [ -70.6592755, -33.4414237 ], [ -70.65927, -33.4414292 ], [ -70.6592695, -33.4414424 ], [ -70.6592743, -33.4414472 ], [ -70.659267, -33.4414526 ], [ -70.6592788, -33.441476 ], [ -70.6592995, -33.4414862 ], [ -70.6594387, -33.4414907 ], [ -70.6594467, -33.4414853 ], [ -70.6594504, -33.44149 ], [ -70.6594612, -33.4414903 ], [ -70.6594715, -33.441484 ], [ -70.6594458, -33.4413516 ], [ -70.6594945, -33.4413462 ], [ -70.659503, -33.4413385 ] ] ] } },
{ "type": "Feature", "properties": { "access": null, "area": null, "barrier": null, "boundary": null, "building": null, "description": null, "ele": null, "golf": null, "landuse": null, "leisure": "park", "lit": null, "location": null, "name": "Plazuela Virgen del Carmen", "name_en": null, "name_es": null, "opening_hours": null, "operator": null, "phone": null, "protect_class": null, "source_transform": null, "sport": null, "surface": null, "type": null, "website": null, "wheelchair": null, "zoo": null, "objectid": 16014141, "osm_id2": "223879768" }, "geometry": { "type": "Polygon", "coordinates": [ [ [ -70.662116699830506, -33.440596499240797 ], [ -70.661694000268497, -33.440553599277102 ], [ -70.661677899763603, -33.440664599422597 ], [ -70.662100600223894, -33.440707499331403 ], [ -70.662116699830506, -33.440596499240797 ] ] ] } },
{ "type": "Feature", "properties": { "access": null, "area": null, "barrier": null, "boundary": null, "building": null, "description": null, "ele": null, "golf": null, "landuse": null, "leisure": "park", "lit": null, "location": null, "name": "Plazuela Griselda Hinojosa Flores", "name_en": null, "name_es": null, "opening_hours": "24/7", "operator": "I. Municipalidad de Santiago", "phone": null, "protect_class": null, "source_transform": null, "sport": null, "surface": null, "type": null, "website": null, "wheelchair": null, "zoo": null, "objectid": 16014158, "osm_id2": "223879767" }, "geometry": { "type": "Polygon", "coordinates": [ [ [ -70.6607501, -33.4413371 ], [ -70.6604218, -33.4413037 ], [ -70.6604922, -33.4416447 ], [ -70.6606977, -33.441678 ], [ -70.6607501, -33.4413371 ] ] ] } },
{ "type": "Feature", "properties": { "access": null, "area": null, "barrier": null, "boundary": null, "building": null, "description": null, "ele": null, "golf": null, "landuse": null, "leisure": "park", "lit": null, "location": null, "name": "Plaza de la Ciudadanía", "name_en": null, "name_es": null, "opening_hours": null, "operator": null, "phone": null, "protect_class": null, "source_transform": null, "sport": null, "surface": null, "type": null, "website": null, "wheelchair": null, "zoo": null, "objectid": 16014302, "osm_id2": "333850236" }, "geometry": { "type": "Polygon", "coordinates": [ [ [ -70.6532474, -33.4432528 ], [ -70.6532471, -33.4432546 ], [ -70.6532309, -33.4432528 ], [ -70.6532312, -33.4432511 ], [ -70.6532027, -33.443248 ], [ -70.6531849, -33.4433201 ], [ -70.6531246, -33.4436546 ], [ -70.6531217, -33.4436866 ], [ -70.6531245, -33.4436983 ], [ -70.6531315, -33.4437108 ], [ -70.6531454, -33.4437306 ], [ -70.6531564, -33.4437486 ], [ -70.653166, -33.4437626 ], [ -70.6531706, -33.4437763 ], [ -70.653112, -33.4440929 ], [ -70.6530806, -33.444085 ], [ -70.6530501, -33.4440773 ], [ -70.6530456, -33.4441056 ], [ -70.6530434, -33.4441195 ], [ -70.6530475, -33.4441288 ], [ -70.6530584, -33.4441346 ], [ -70.6536074, -33.4442586 ], [ -70.6541836, -33.4443889 ], [ -70.6542001, -33.4443876 ], [ -70.6542111, -33.4443784 ], [ -70.6542132, -33.4443673 ], [ -70.6542177, -33.444343 ], [ -70.6541863, -33.444336 ], [ -70.6541549, -33.444329 ], [ -70.6542151, -33.4439883 ], [ -70.65424, -33.4439643 ], [ -70.6542624, -33.4439386 ], [ -70.6542865, -33.4439043 ], [ -70.654306, -33.443868 ], [ -70.6543859, -33.4433799 ], [ -70.6543266, -33.4433732 ], [ -70.6543264, -33.4433749 ], [ -70.6543102, -33.4433731 ], [ -70.6543105, -33.4433714 ], [ -70.6541942, -33.4433584 ], [ -70.6541935, -33.4433625 ], [ -70.6538349, -33.4433226 ], [ -70.6538337, -33.4433303 ], [ -70.6537804, -33.4433244 ], [ -70.653727, -33.4433184 ], [ -70.6537283, -33.4433107 ], [ -70.6533672, -33.4432704 ], [ -70.6533679, -33.4432663 ], [ -70.6532474, -33.4432528 ] ] ] } },
{ "type": "Feature", "properties": { "access": null, "area": null, "barrier": null, "boundary": null, "building": null, "description": null, "ele": null, "golf": null, "landuse": null, "leisure": "park", "lit": null, "location": null, "name": "Plaza Londres", "name_en": null, "name_es": null, "opening_hours": null, "operator": null, "phone": null, "protect_class": null, "source_transform": null, "sport": null, "surface": null, "type": null, "website": null, "wheelchair": null, "zoo": null, "objectid": 16014366, "osm_id2": "652135926" }, "geometry": { "type": "Polygon", "coordinates": [ [ [ -70.6484886, -33.4450363 ], [ -70.6484654, -33.4449968 ], [ -70.6483899, -33.4449617 ], [ -70.6483371, -33.4450239 ], [ -70.6482757, -33.445081 ], [ -70.6483217, -33.4451318 ], [ -70.6483179, -33.4451342 ], [ -70.6483256, -33.4451363 ], [ -70.6483271, -33.4451324 ], [ -70.6483907, -33.4451496 ], [ -70.6483892, -33.4451535 ], [ -70.6484411, -33.4451675 ], [ -70.6485267, -33.4450833 ], [ -70.648497, -33.4450328 ], [ -70.6484886, -33.4450363 ] ] ] } },
{ "type": "Feature", "properties": { "access": null, "area": null, "barrier": null, "boundary": null, "building": null, "description": null, "ele": null, "golf": null, "landuse": null, "leisure": "park", "lit": null, "location": null, "name": "Óvalo Central Plaza de la Ciudadanía", "name_en": null, "name_es": null, "opening_hours": null, "operator": null, "phone": null, "protect_class": null, "source_transform": null, "sport": null, "surface": null, "type": null, "website": null, "wheelchair": null, "zoo": null, "objectid": 16014443, "osm_id2": "333850237" }, "geometry": { "type": "Polygon", "coordinates": [ [ [ -70.6540462, -33.4445535 ], [ -70.6540299, -33.4445484 ], [ -70.6535635, -33.4444428 ], [ -70.653108, -33.4443396 ], [ -70.6530923, -33.4443378 ], [ -70.653077, -33.4443397 ], [ -70.6530723, -33.4443415 ], [ -70.6530625, -33.4443452 ], [ -70.65305, -33.4443576 ], [ -70.6530386, -33.4443761 ], [ -70.6530146, -33.4444878 ], [ -70.6530153, -33.4445078 ], [ -70.6530175, -33.4445141 ], [ -70.6530207, -33.4445234 ], [ -70.6530356, -33.4445419 ], [ -70.6530537, -33.4445528 ], [ -70.6535172, -33.4446705 ], [ -70.6539781, -33.4447875 ], [ -70.6539962, -33.4447888 ], [ -70.6540127, -33.4447845 ], [ -70.6540279, -33.4447752 ], [ -70.6540419, -33.4447627 ], [ -70.6540532, -33.4447432 ], [ -70.6540837, -33.4446171 ], [ -70.6540821, -33.4445991 ], [ -70.6540748, -33.4445811 ], [ -70.6540634, -33.4445656 ], [ -70.6540462, -33.4445535 ] ] ] } },
{ "type": "Feature", "properties": { "access": null, "area": null, "barrier": null, "boundary": null, "building": null, "description": null, "ele": null, "golf": null, "landuse": null, "leisure": "park", "lit": null, "location": null, "name": "Plaza de la Ciudadanía", "name_en": null, "name_es": null, "opening_hours": null, "operator": null, "phone": null, "protect_class": null, "source_transform": null, "sport": null, "surface": null, "type": null, "website": null, "wheelchair": null, "zoo": null, "objectid": 16014450, "osm_id2": "33100505" }, "geometry": { "type": "Polygon", "coordinates": [ [ [ -70.6531127, -33.4457951 ], [ -70.6530987, -33.4458741 ], [ -70.6534682, -33.4459256 ], [ -70.6534836, -33.4458468 ], [ -70.653559, -33.445857 ], [ -70.6535693, -33.4458039 ], [ -70.6538483, -33.4458417 ], [ -70.6539984, -33.4454256 ], [ -70.6540053, -33.4453896 ], [ -70.654081, -33.4449962 ], [ -70.6534824, -33.4448554 ], [ -70.6529241, -33.4447086 ], [ -70.6529176, -33.4447409 ], [ -70.652835, -33.4451533 ], [ -70.6528028, -33.4453143 ], [ -70.6527837, -33.4455787 ], [ -70.6527768, -33.4456738 ], [ -70.6527751, -33.4456975 ], [ -70.6530474, -33.4457335 ], [ -70.653038, -33.4457859 ], [ -70.6531127, -33.4457951 ] ] ] } },
{ "type": "Feature", "properties": { "access": null, "area": null, "barrier": null, "boundary": null, "building": null, "description": null, "ele": null, "golf": null, "landuse": null, "leisure": "park", "lit": null, "location": null, "name": "Bandejón Central Alameda Bernardo O'Higgins", "name_en": null, "name_es": null, "opening_hours": null, "operator": null, "phone": null, "protect_class": null, "source_transform": null, "sport": null, "surface": null, "type": null, "website": null, "wheelchair": null, "zoo": null, "objectid": 16014569, "osm_id2": "194569058" }, "geometry": { "type": "Polygon", "coordinates": [ [ [ -70.6543158, -33.4446197 ], [ -70.6542562, -33.4449001 ], [ -70.6554499, -33.445213 ], [ -70.6555116, -33.4452388 ], [ -70.6556695, -33.4452925 ], [ -70.6572071, -33.44566 ], [ -70.6583573, -33.4459269 ], [ -70.6591244, -33.4460957 ], [ -70.6600813, -33.4463039 ], [ -70.6600878, -33.4462444 ], [ -70.6600462, -33.4462353 ], [ -70.6600568, -33.446156 ], [ -70.6600746, -33.4460223 ], [ -70.6601299, -33.4458965 ], [ -70.6587798, -33.445588 ], [ -70.657474, -33.4452852 ], [ -70.6563447, -33.4450304 ], [ -70.6557634, -33.4449559 ], [ -70.6555118, -33.4449051 ], [ -70.6543158, -33.4446197 ] ] ] } },
{ "type": "Feature", "properties": { "access": null, "area": null, "barrier": null, "boundary": null, "building": null, "description": null, "ele": null, "golf": null, "landuse": null, "leisure": "pitch", "lit": null, "location": null, "name": "Cancha fútbol", "name_en": null, "name_es": null, "opening_hours": null, "operator": null, "phone": null, "protect_class": null, "source_transform": null, "sport": "soccer", "surface": null, "type": null, "website": null, "wheelchair": null, "zoo": null, "objectid": 16014605, "osm_id2": "180191373" }, "geometry": { "type": "Polygon", "coordinates": [ [ [ -70.663452500047896, -33.445187899822898 ], [ -70.663157499596693, -33.445142399634001 ], [ -70.663121600223107, -33.445304699422699 ], [ -70.663416500062795, -33.445350199526501 ], [ -70.663452500047896, -33.445187899822898 ] ] ] } },
{ "type": "Feature", "properties": { "access": null, "area": null, "barrier": null, "boundary": null, "building": null, "description": null, "ele": null, "golf": null, "landuse": null, "leisure": "park", "lit": null, "location": null, "name": "Plaza Brasil", "name_en": null, "name_es": null, "opening_hours": "24/7", "operator": "I. Municipalidad de Santiago", "phone": null, "protect_class": null, "source_transform": null, "sport": null, "surface": null, "type": null, "website": null, "wheelchair": null, "zoo": null, "objectid": 16014717, "osm_id2": "23389924" }, "geometry": { "type": "Polygon", "coordinates": [ [ [ -70.6651703, -33.4408674 ], [ -70.6652078, -33.4410201 ], [ -70.6666222, -33.4412207 ], [ -70.666773, -33.4401574 ], [ -70.6650879, -33.4399485 ], [ -70.6650209, -33.4400057 ], [ -70.6649772, -33.4400222 ], [ -70.6650764, -33.4401887 ], [ -70.6651041, -33.4403774 ], [ -70.6651703, -33.4408674 ] ] ] } },
{ "type": "Feature", "properties": { "access": null, "area": null, "barrier": null, "boundary": null, "building": null, "description": null, "ele": null, "golf": null, "landuse": null, "leisure": "park", "lit": null, "location": null, "name": "Plazoleta Tropezón", "name_en": null, "name_es": null, "opening_hours": null, "operator": null, "phone": null, "protect_class": null, "source_transform": null, "sport": null, "surface": null, "type": null, "website": null, "wheelchair": null, "zoo": null, "objectid": 16015031, "osm_id2": "828215666" }, "geometry": { "type": "Polygon", "coordinates": [ [ [ -70.692632300250395, -33.4317146997046 ], [ -70.692596099941099, -33.431493299361399 ], [ -70.692307100236107, -33.431609099326899 ], [ -70.692291700417201, -33.431634099774399 ], [ -70.692283600308301, -33.431656499563502 ], [ -70.692291700417201, -33.4316855992641 ], [ -70.692307800023698, -33.431707999789502 ], [ -70.692382900079707, -33.431723699645701 ], [ -70.692632300250395, -33.4317146997046 ] ] ] } },
{ "type": "Feature", "properties": { "access": null, "area": null, "barrier": null, "boundary": null, "building": null, "description": null, "ele": null, "golf": null, "landuse": null, "leisure": "park", "lit": null, "location": null, "name": "Plaza Simón Bolívar", "name_en": null, "name_es": null, "opening_hours": null, "operator": "Municipalidad", "phone": null, "protect_class": null, "source_transform": null, "sport": null, "surface": null, "type": null, "website": null, "wheelchair": null, "zoo": null, "objectid": 16015321, "osm_id2": "193730455" }, "geometry": { "type": "Polygon", "coordinates": [ [ [ -70.7001651, -33.4387631 ], [ -70.6995606, -33.438615 ], [ -70.6993063, -33.4392869 ], [ -70.6999006, -33.4394531 ], [ -70.7001651, -33.4387631 ] ] ] } },
{ "type": "Feature", "properties": { "access": null, "area": null, "barrier": null, "boundary": null, "building": null, "description": null, "ele": null, "golf": null, "landuse": null, "leisure": "park", "lit": null, "location": null, "name": "Paseo Bulnes", "name_en": null, "name_es": null, "opening_hours": "24/7", "operator": null, "phone": null, "protect_class": null, "source_transform": null, "sport": null, "surface": null, "type": null, "website": null, "wheelchair": null, "zoo": null, "objectid": 16015798, "osm_id2": "574762090" }, "geometry": { "type": "Polygon", "coordinates": [ [ [ -70.6534682, -33.4459256 ], [ -70.6530987, -33.4458741 ], [ -70.6530575, -33.4461051 ], [ -70.653026, -33.446229 ], [ -70.6529786, -33.4464155 ], [ -70.6529234, -33.4467039 ], [ -70.6528547, -33.4470623 ], [ -70.6528228, -33.4472285 ], [ -70.6527945, -33.4473761 ], [ -70.6527484, -33.4475916 ], [ -70.6527315, -33.4477198 ], [ -70.6526504, -33.4481477 ], [ -70.6526265, -33.4482739 ], [ -70.6525959, -33.4484352 ], [ -70.6525696, -33.4485738 ], [ -70.6525438, -33.4486884 ], [ -70.6524948, -33.4489654 ], [ -70.6524874, -33.4489644 ], [ -70.6524539, -33.4491361 ], [ -70.6524237, -33.4492909 ], [ -70.6524296, -33.4492924 ], [ -70.6523698, -33.4495976 ], [ -70.6523373, -33.4497822 ], [ -70.6523816, -33.4497887 ], [ -70.6523258, -33.4501612 ], [ -70.6522729, -33.4505074 ], [ -70.6522441, -33.4506829 ], [ -70.6521573, -33.4506706 ], [ -70.6521313, -33.4508039 ], [ -70.6520641, -33.451155 ], [ -70.6520218, -33.4513784 ], [ -70.6523145, -33.4514135 ], [ -70.6523135, -33.4514245 ], [ -70.6524291, -33.4514351 ], [ -70.6524331, -33.4514128 ], [ -70.6524361, -33.4514132 ], [ -70.65245, -33.4513297 ], [ -70.6524737, -33.451187 ], [ -70.6524984, -33.4510265 ], [ -70.6525341, -33.4508645 ], [ -70.6525478, -33.4507395 ], [ -70.6527151, -33.4498717 ], [ -70.6527373, -33.4497472 ], [ -70.6528456, -33.449195 ], [ -70.6528784, -33.4490448 ], [ -70.6529349, -33.4487865 ], [ -70.6529521, -33.4486571 ], [ -70.6529801, -33.4485091 ], [ -70.6530061, -33.4483718 ], [ -70.6530079, -33.4483623 ], [ -70.6529928, -33.4483603 ], [ -70.6530164, -33.4482357 ], [ -70.6530315, -33.4482376 ], [ -70.6530347, -33.4482206 ], [ -70.6530605, -33.4480869 ], [ -70.6530844, -33.4479635 ], [ -70.6531227, -33.4477692 ], [ -70.653146, -33.4476393 ], [ -70.6531883, -33.4474222 ], [ -70.6532598, -33.4470477 ], [ -70.6532951, -33.4468628 ], [ -70.6533146, -33.446761 ], [ -70.653372, -33.4464758 ], [ -70.6534023, -33.4462857 ], [ -70.6534233, -33.4461564 ], [ -70.6534682, -33.4459256 ] ] ] } },
{ "type": "Feature", "properties": { "access": null, "area": null, "barrier": null, "boundary": null, "building": null, "description": null, "ele": null, "golf": null, "landuse": null, "leisure": "park", "lit": null, "location": null, "name": "Parque Palacio Errázuriz", "name_en": null, "name_es": null, "opening_hours": null, "operator": null, "phone": null, "protect_class": null, "source_transform": null, "sport": null, "surface": null, "type": null, "website": null, "wheelchair": null, "zoo": null, "objectid": 16015859, "osm_id2": "300570203" }, "geometry": { "type": "Polygon", "coordinates": [ [ [ -70.6601113, -33.4465602 ], [ -70.6600037, -33.4468865 ], [ -70.6597611, -33.4468309 ], [ -70.6597436, -33.4468402 ], [ -70.6597195, -33.4468346 ], [ -70.6597136, -33.44682 ], [ -70.6595776, -33.4467888 ], [ -70.6595487, -33.4467822 ], [ -70.6594267, -33.4471397 ], [ -70.6596153, -33.4471846 ], [ -70.6596304, -33.4471907 ], [ -70.6596418, -33.4472009 ], [ -70.659648, -33.4472138 ], [ -70.6596482, -33.4472277 ], [ -70.6597164, -33.4472439 ], [ -70.6597329, -33.4471955 ], [ -70.6598378, -33.4472204 ], [ -70.6598823, -33.4472309 ], [ -70.659835, -33.4473766 ], [ -70.6599937, -33.4473969 ], [ -70.6600273, -33.4472891 ], [ -70.6600464, -33.4472378 ], [ -70.6600528, -33.4472387 ], [ -70.6600729, -33.4471959 ], [ -70.6601207, -33.4470349 ], [ -70.6602506, -33.4465926 ], [ -70.6601113, -33.4465602 ] ] ] } },
{ "type": "Feature", "properties": { "access": null, "area": null, "barrier": null, "boundary": null, "building": null, "description": null, "ele": null, "golf": null, "landuse": null, "leisure": "park", "lit": null, "location": null, "name": "Bandejón central Alameda Bernardo O'Higgins", "name_en": null, "name_es": null, "opening_hours": null, "operator": null, "phone": null, "protect_class": null, "source_transform": null, "sport": null, "surface": null, "type": null, "website": null, "wheelchair": null, "zoo": null, "objectid": 16015892, "osm_id2": "23393682" }, "geometry": { "type": "Polygon", "coordinates": [ [ [ -70.661656100346605, -33.446316699684999 ], [ -70.661647000412799, -33.446291499588298 ], [ -70.661622199724405, -33.4462714999109 ], [ -70.661581199716593, -33.446256999729698 ], [ -70.660811899575194, -33.446072699928699 ], [ -70.660756200434307, -33.446474999898598 ], [ -70.661416799934699, -33.446634499859101 ], [ -70.661471999612303, -33.446649499929499 ], [ -70.661503100185797, -33.446649199358497 ], [ -70.661532099599796, -33.446641499942302 ], [ -70.661559700336895, -33.446621199774398 ], [ -70.661568899983706, -33.4466043992701 ], [ -70.661583399690699, -33.446570499929003 ], [ -70.661629500332793, -33.446412999665597 ], [ -70.661656100346605, -33.446316699684999 ] ] ] } },
{ "type": "Feature", "properties": { "access": null, "area": null, "barrier": null, "boundary": null, "building": null, "description": null, "ele": null, "golf": null, "landuse": null, "leisure": "park", "lit": null, "location": null, "name": "Parque Central Alameda Bernardo O'Higgins", "name_en": null, "name_es": null, "opening_hours": null, "operator": null, "phone": null, "protect_class": null, "source_transform": null, "sport": null, "surface": null, "type": null, "website": null, "wheelchair": null, "zoo": null, "objectid": 16015894, "osm_id2": "24446057" }, "geometry": { "type": "Polygon", "coordinates": [ [ [ -70.662161, -33.4464099 ], [ -70.661967, -33.44636 ], [ -70.6618404, -33.4463275 ], [ -70.6618042, -33.4463421 ], [ -70.6617047, -33.4466605 ], [ -70.661716, -33.4467117 ], [ -70.6618533, -33.4467437 ], [ -70.6624031, -33.4468717 ], [ -70.6624493, -33.4468824 ], [ -70.6625462, -33.4465019 ], [ -70.6625077, -33.4464927 ], [ -70.662161, -33.4464099 ] ] ] } },
{ "type": "Feature", "properties": { "access": null, "area": null, "barrier": null, "boundary": null, "building": null, "description": null, "ele": null, "golf": null, "landuse": null, "leisure": "park", "lit": null, "location": null, "name": "Parque Central Alameda Bernardo O'Higgins", "name_en": null, "name_es": null, "opening_hours": null, "operator": null, "phone": null, "protect_class": null, "source_transform": null, "sport": null, "surface": null, "type": null, "website": null, "wheelchair": null, "zoo": null, "objectid": 16015908, "osm_id2": "24446055" }, "geometry": { "type": "Polygon", "coordinates": [ [ [ -70.664623899585095, -33.447330799616701 ], [ -70.664501999997597, -33.446944599479501 ], [ -70.662743200180998, -33.446544499381702 ], [ -70.662695199602098, -33.446908899848701 ], [ -70.664623899585095, -33.447330799616701 ] ] ] } },
{ "type": "Feature", "properties": { "access": null, "area": null, "barrier": null, "boundary": null, "building": null, "description": null, "ele": null, "golf": null, "landuse": null, "leisure": "park", "lit": null, "location": null, "name": "Plaza Sacramentinos", "name_en": null, "name_es": null, "opening_hours": null, "operator": null, "phone": null, "protect_class": null, "source_transform": null, "sport": null, "surface": null, "type": null, "website": null, "wheelchair": null, "zoo": null, "objectid": 16016069, "osm_id2": "41691119" }, "geometry": { "type": "Polygon", "coordinates": [ [ [ -70.648932400391601, -33.450912199420898 ], [ -70.648874099729696, -33.450904599319301 ], [ -70.648282100076003, -33.450828999258697 ], [ -70.648209599744305, -33.4512191994963 ], [ -70.648224999563197, -33.451247599335602 ], [ -70.648812300129705, -33.451431299773503 ], [ -70.648832900295801, -33.451418999524599 ], [ -70.648932400391601, -33.450912199420898 ] ] ] } },
{ "type": "Feature", "properties": { "access": null, "area": null, "barrier": null, "boundary": null, "building": null, "description": null, "ele": null, "golf": null, "landuse": null, "leisure": "pitch", "lit": null, "location": null, "name": "Cancha INE", "name_en": null, "name_es": null, "opening_hours": null, "operator": null, "phone": null, "protect_class": null, "source_transform": null, "sport": null, "surface": null, "type": null, "website": null, "wheelchair": null, "zoo": null, "objectid": 16016104, "osm_id2": "484616407" }, "geometry": { "type": "Polygon", "coordinates": [ [ [ -70.6516602, -33.4508082 ], [ -70.6514859, -33.4507965 ], [ -70.6514621, -33.4510451 ], [ -70.6516363, -33.4510567 ], [ -70.6516602, -33.4508082 ] ] ] } },
{ "type": "Feature", "properties": { "access": null, "area": null, "barrier": null, "boundary": null, "building": null, "description": null, "ele": null, "golf": null, "landuse": null, "leisure": "park", "lit": null, "location": null, "name": "Parque Almagro", "name_en": null, "name_es": null, "opening_hours": null, "operator": null, "phone": null, "protect_class": null, "source_transform": null, "sport": null, "surface": null, "type": null, "website": null, "wheelchair": null, "zoo": null, "objectid": 16016118, "osm_id2": "32841246" }, "geometry": { "type": "Polygon", "coordinates": [ [ [ -70.6503724, -33.451192 ], [ -70.6503896, -33.4510892 ], [ -70.6501146, -33.4510604 ], [ -70.6500733, -33.4512432 ], [ -70.6501333, -33.4512531 ], [ -70.6500449, -33.4517382 ], [ -70.6505496, -33.4518619 ], [ -70.6528096, -33.4524057 ], [ -70.652897, -33.4524229 ], [ -70.6535519, -33.4525832 ], [ -70.6542428, -33.452743 ], [ -70.6543572, -33.4527645 ], [ -70.6547127, -33.452837 ], [ -70.6547206, -33.4527994 ], [ -70.6547406, -33.4526923 ], [ -70.6549715, -33.4527261 ], [ -70.6551938, -33.4527526 ], [ -70.6552386, -33.4525894 ], [ -70.6559601, -33.4527372 ], [ -70.6561637, -33.4519047 ], [ -70.6530825, -33.4515251 ], [ -70.6524308, -33.4514448 ], [ -70.6520181, -33.451398 ], [ -70.6517406, -33.4513697 ], [ -70.6503724, -33.451192 ] ] ] } },
{ "type": "Feature", "properties": { "access": null, "area": null, "barrier": null, "boundary": null, "building": "yes", "description": null, "ele": null, "golf": null, "landuse": null, "leisure": "sports_centre", "lit": null, "location": null, "name": "Crossfighter", "name_en": null, "name_es": null, "opening_hours": null, "operator": null, "phone": null, "protect_class": null, "source_transform": null, "sport": null, "surface": null, "type": null, "website": null, "wheelchair": null, "zoo": null, "objectid": 16016125, "osm_id2": "449725298" }, "geometry": { "type": "Polygon", "coordinates": [ [ [ -70.646654599817793, -33.452083499779299 ], [ -70.646402099561101, -33.452052699542698 ], [ -70.646371899997902, -33.452247599633402 ], [ -70.646506100216499, -33.452321799881602 ], [ -70.646619599657697, -33.452335999247197 ], [ -70.646654599817793, -33.452083499779299 ] ] ] } },
{ "type": "Feature", "properties": { "access": null, "area": null, "barrier": null, "boundary": null, "building": "yes", "description": null, "ele": null, "golf": null, "landuse": null, "leisure": "sports_centre", "lit": null, "location": null, "name": "Gimnasio Piscina", "name_en": null, "name_es": null, "opening_hours": null, "operator": null, "phone": null, "protect_class": null, "source_transform": null, "sport": null, "surface": null, "type": null, "website": null, "wheelchair": null, "zoo": null, "objectid": 16016138, "osm_id2": "41691146" }, "geometry": { "type": "Polygon", "coordinates": [ [ [ -70.6508539, -33.4521846 ], [ -70.6505592, -33.4521306 ], [ -70.6504752, -33.4524495 ], [ -70.6507699, -33.4525036 ], [ -70.6508539, -33.4521846 ] ] ] } },
{ "type": "Feature", "properties": { "access": null, "area": null, "barrier": null, "boundary": null, "building": "yes", "description": null, "ele": null, "golf": null, "landuse": null, "leisure": "sports_centre", "lit": null, "location": null, "name": "Gimnasio Pacific", "name_en": null, "name_es": null, "opening_hours": null, "operator": null, "phone": null, "protect_class": null, "source_transform": "Reconocimiento cortográfico de campo 2016 por KG", "sport": null, "surface": null, "type": null, "website": null, "wheelchair": null, "zoo": null, "objectid": 16016177, "osm_id2": "450499924" }, "geometry": { "type": "Polygon", "coordinates": [ [ [ -70.654147499705005, -33.453115699364702 ], [ -70.653898200145605, -33.453093099753303 ], [ -70.653888699563197, -33.453166299448498 ], [ -70.654137900307802, -33.453188899790398 ], [ -70.654147499705005, -33.453115699364702 ] ] ] } },
{ "type": "Feature", "properties": { "access": null, "area": null, "barrier": null, "boundary": null, "building": "yes", "description": null, "ele": null, "golf": null, "landuse": null, "leisure": "sports_centre", "lit": null, "location": null, "name": "Gimnasio", "name_en": null, "name_es": null, "opening_hours": null, "operator": null, "phone": null, "protect_class": null, "source_transform": "Reconocimiento cartográfico 2016 por KG", "sport": null, "surface": null, "type": null, "website": null, "wheelchair": "no", "zoo": null, "objectid": 16016277, "osm_id2": "448572870" }, "geometry": { "type": "Polygon", "coordinates": [ [ [ -70.6608072, -33.4512774 ], [ -70.6607842, -33.4513793 ], [ -70.6610214, -33.4514114 ], [ -70.6610415, -33.4513079 ], [ -70.6608072, -33.4512774 ] ] ] } },
{ "type": "Feature", "properties": { "access": null, "area": null, "barrier": null, "boundary": null, "building": null, "description": null, "ele": null, "golf": null, "landuse": null, "leisure": "garden", "lit": null, "location": null, "name": "Jardines Palacio Cousiño", "name_en": null, "name_es": null, "opening_hours": null, "operator": null, "phone": null, "protect_class": null, "source_transform": null, "sport": null, "surface": null, "type": null, "website": null, "wheelchair": null, "zoo": null, "objectid": 16016310, "osm_id2": "32841254" }, "geometry": { "type": "Polygon", "coordinates": [ [ [ -70.6569176, -33.4526364 ], [ -70.6570872, -33.4518503 ], [ -70.6569951, -33.451839 ], [ -70.6567864, -33.4518135 ], [ -70.6567072, -33.4518039 ], [ -70.6562721, -33.4517507 ], [ -70.656256, -33.451828 ], [ -70.656233, -33.4519384 ], [ -70.6562276, -33.4519646 ], [ -70.6562098, -33.4520499 ], [ -70.6561061, -33.452548 ], [ -70.6569176, -33.4526364 ] ] ] } },
{ "type": "Feature", "properties": { "access": null, "area": null, "barrier": null, "boundary": null, "building": null, "description": null, "ele": null, "golf": null, "landuse": null, "leisure": "park", "lit": null, "location": null, "name": "Plaza Las Heras", "name_en": null, "name_es": null, "opening_hours": "24/7", "operator": "I. Municipalidad de Santiago", "phone": null, "protect_class": null, "source_transform": null, "sport": null, "surface": null, "type": null, "website": null, "wheelchair": null, "zoo": null, "objectid": 16016314, "osm_id2": "32841287" }, "geometry": { "type": "Polygon", "coordinates": [ [ [ -70.6581834, -33.4527711 ], [ -70.6581745, -33.4527462 ], [ -70.6581656, -33.4527277 ], [ -70.658148, -33.4526952 ], [ -70.6581304, -33.4526763 ], [ -70.6580862, -33.4526464 ], [ -70.6580575, -33.4526343 ], [ -70.6580114, -33.4526213 ], [ -70.6579617, -33.4526175 ], [ -70.6579012, -33.4526287 ], [ -70.6578682, -33.4526431 ], [ -70.6578446, -33.4526619 ], [ -70.6576493, -33.4528364 ], [ -70.6575085, -33.4529578 ], [ -70.6574844, -33.452988 ], [ -70.657471, -33.4530126 ], [ -70.6574591, -33.4530483 ], [ -70.6574598, -33.4530745 ], [ -70.6574651, -33.4531069 ], [ -70.6574839, -33.4531371 ], [ -70.6575107, -33.4531629 ], [ -70.6575536, -33.4531886 ], [ -70.6575997, -33.4532043 ], [ -70.6579759, -33.4532338 ], [ -70.6580042, -33.4532298 ], [ -70.6580297, -33.4532247 ], [ -70.6580564, -33.4532155 ], [ -70.6580917, -33.4531994 ], [ -70.6581147, -33.4531693 ], [ -70.6581308, -33.4531413 ], [ -70.6581415, -33.4531066 ], [ -70.6581994, -33.4528585 ], [ -70.6581985, -33.4528223 ], [ -70.6581927, -33.4528007 ], [ -70.6581834, -33.4527711 ] ] ] } },
{ "type": "Feature", "properties": { "access": null, "area": null, "barrier": null, "boundary": null, "building": null, "description": null, "ele": null, "golf": null, "landuse": null, "leisure": "park", "lit": null, "location": null, "name": "Parque Davis", "name_en": null, "name_es": null, "opening_hours": null, "operator": null, "phone": null, "protect_class": null, "source_transform": null, "sport": null, "surface": null, "type": null, "website": null, "wheelchair": null, "zoo": null, "objectid": 16016315, "osm_id2": "300039816" }, "geometry": { "type": "Polygon", "coordinates": [ [ [ -70.6584222, -33.4519961 ], [ -70.6583387, -33.4519794 ], [ -70.6583146, -33.4520617 ], [ -70.6580209, -33.4520167 ], [ -70.6579841, -33.4522533 ], [ -70.657992, -33.4522714 ], [ -70.6580081, -33.4522883 ], [ -70.6580299, -33.4522999 ], [ -70.6582836, -33.4523161 ], [ -70.6583109, -33.4523039 ], [ -70.6583316, -33.4522851 ], [ -70.6583439, -33.4522616 ], [ -70.6584079, -33.4520447 ], [ -70.6584222, -33.4519961 ] ] ] } },
{ "type": "Feature", "properties": { "access": null, "area": null, "barrier": null, "boundary": null, "building": null, "description": null, "ele": null, "golf": null, "landuse": null, "leisure": "park", "lit": null, "location": null, "name": "Plaza Toesca", "name_en": null, "name_es": null, "opening_hours": null, "operator": "I. Municipalidad de Santiago", "phone": null, "protect_class": null, "source_transform": null, "sport": null, "surface": null, "type": null, "website": null, "wheelchair": null, "zoo": null, "objectid": 16016320, "osm_id2": "180833841" }, "geometry": { "type": "Polygon", "coordinates": [ [ [ -70.658863, -33.4534764 ], [ -70.6589448, -33.453487 ], [ -70.6590307, -33.4534915 ], [ -70.6591178, -33.4534904 ], [ -70.6592077, -33.4534803 ], [ -70.6592613, -33.4534691 ], [ -70.6593204, -33.453449 ], [ -70.6593847, -33.4534199 ], [ -70.6594191, -33.453457 ], [ -70.6596337, -33.4534832 ], [ -70.6597095, -33.453115 ], [ -70.6597918, -33.4529683 ], [ -70.6598887, -33.452484 ], [ -70.6596583, -33.4523877 ], [ -70.6597656, -33.4520867 ], [ -70.6598548, -33.4518639 ], [ -70.659387, -33.4517767 ], [ -70.6591448, -33.4525324 ], [ -70.6589718, -33.453067 ], [ -70.658863, -33.4534764 ] ] ] } },
{ "type": "Feature", "properties": { "access": null, "area": null, "barrier": null, "boundary": null, "building": null, "description": null, "ele": null, "golf": null, "landuse": null, "leisure": "park", "lit": null, "location": null, "name": "Parque Central Alameda Bernardo O'Higgins", "name_en": null, "name_es": null, "opening_hours": null, "operator": null, "phone": null, "protect_class": null, "source_transform": null, "sport": null, "surface": null, "type": null, "website": null, "wheelchair": null, "zoo": null, "objectid": 16016514, "osm_id2": "23393664" }, "geometry": { "type": "Polygon", "coordinates": [ [ [ -70.6672686996816, -33.447694899960702 ], [ -70.666673599941902, -33.447507299964201 ], [ -70.666129599968798, -33.447342899566699 ], [ -70.664820699802604, -33.447039299222602 ], [ -70.664798000273606, -33.447085599685401 ], [ -70.664860099910896, -33.447329599590603 ], [ -70.664927600219698, -33.447390799401497 ], [ -70.665532199643593, -33.447495899364 ], [ -70.666442699676196, -33.447671399482701 ], [ -70.666555099579497, -33.447693799629 ], [ -70.667220600288104, -33.4478188992992 ], [ -70.667227599960796, -33.447768599660797 ], [ -70.667248899914497, -33.447723799400997 ], [ -70.6672686996816, -33.447694899960702 ] ] ] } },
{ "type": "Feature", "properties": { "access": null, "area": null, "barrier": null, "boundary": null, "building": null, "description": null, "ele": null, "golf": null, "landuse": null, "leisure": "park", "lit": null, "location": null, "name": "Plaza Manuel Rodríguez", "name_en": null, "name_es": null, "opening_hours": null, "operator": "Municipalidad", "phone": null, "protect_class": null, "source_transform": null, "sport": null, "surface": null, "type": null, "website": null, "wheelchair": null, "zoo": null, "objectid": 16016718, "osm_id2": "24358556" }, "geometry": { "type": "Polygon", "coordinates": [ [ [ -70.6656156, -33.4517242 ], [ -70.6656318, -33.4516908 ], [ -70.6656424, -33.4513237 ], [ -70.6656147, -33.451243 ], [ -70.6655519, -33.4511777 ], [ -70.6654451, -33.451068 ], [ -70.6647297, -33.4510387 ], [ -70.6647131, -33.451236 ], [ -70.6647274, -33.4513302 ], [ -70.6647604, -33.4514129 ], [ -70.6647994, -33.4514981 ], [ -70.6648631, -33.4515863 ], [ -70.6655561, -33.4517359 ], [ -70.665585, -33.4517353 ], [ -70.6656156, -33.4517242 ] ] ] } },
{ "type": "Feature", "properties": { "access": null, "area": null, "barrier": null, "boundary": null, "building": null, "description": null, "ele": null, "golf": null, "landuse": null, "leisure": "sports_centre", "lit": null, "location": null, "name": "Ludus Magnus Arena", "name_en": null, "name_es": null, "opening_hours": null, "operator": null, "phone": null, "protect_class": null, "source_transform": null, "sport": null, "surface": null, "type": null, "website": null, "wheelchair": null, "zoo": null, "objectid": 16016779, "osm_id2": "897353481" }, "geometry": { "type": "Polygon", "coordinates": [ [ [ -70.665682399755696, -33.452155699735997 ], [ -70.665120599665201, -33.452186999856401 ], [ -70.665133099722397, -33.452311399753697 ], [ -70.665269299590804, -33.4523025998175 ], [ -70.665281000147402, -33.452399099265598 ], [ -70.6656773997328, -33.452378399460599 ], [ -70.665682399755696, -33.452155699735997 ] ] ] } },
{ "type": "Feature", "properties": { "access": null, "area": null, "barrier": null, "boundary": null, "building": null, "description": null, "ele": null, "golf": null, "landuse": null, "leisure": "park", "lit": null, "location": null, "name": "Plaza Copiapó", "name_en": null, "name_es": null, "opening_hours": null, "operator": null, "phone": null, "protect_class": null, "source_transform": null, "sport": null, "surface": null, "type": null, "website": null, "wheelchair": null, "zoo": null, "objectid": 16017104, "osm_id2": "83638613" }, "geometry": { "type": "Polygon", "coordinates": [ [ [ -70.653027, -33.4558859 ], [ -70.6524048, -33.4558167 ], [ -70.652368, -33.4558203 ], [ -70.6523353, -33.4558383 ], [ -70.6522953, -33.4560676 ], [ -70.6523246, -33.456071 ], [ -70.6527756, -33.456124 ], [ -70.653029, -33.4561537 ], [ -70.6530608, -33.4559308 ], [ -70.6530506, -33.4559061 ], [ -70.653027, -33.4558859 ] ] ] } },
{ "type": "Feature", "properties": { "access": null, "area": null, "barrier": null, "boundary": null, "building": null, "description": null, "ele": null, "golf": null, "landuse": null, "leisure": "park", "lit": null, "location": null, "name": "Plaza Arsenales de Guerra", "name_en": null, "name_es": null, "opening_hours": null, "operator": null, "phone": null, "protect_class": null, "source_transform": null, "sport": null, "surface": null, "type": null, "website": null, "wheelchair": null, "zoo": null, "objectid": 16017141, "osm_id2": "32841204" }, "geometry": { "type": "Polygon", "coordinates": [ [ [ -70.658122599634396, -33.455167199850202 ], [ -70.658113499700605, -33.455159499691199 ], [ -70.658097100056807, -33.455154599589598 ], [ -70.658082499738498, -33.455161199512197 ], [ -70.657601999876107, -33.455680799813102 ], [ -70.657515899949402, -33.455773899631502 ], [ -70.657429899735703, -33.455866999349801 ], [ -70.657415099991397, -33.455885699475203 ], [ -70.657409700218196, -33.455902899899598 ], [ -70.657401300071996, -33.455941799827201 ], [ -70.657321599743398, -33.4560570994907 ], [ -70.6572075002275, -33.456251599357699 ], [ -70.657171299918204, -33.456288299433098 ], [ -70.657122899588998, -33.456394899543902 ], [ -70.657101599635297, -33.456457599390298 ], [ -70.657220700072301, -33.456469999353402 ], [ -70.657659500139204, -33.456514799591901 ], [ -70.657760200384203, -33.456360499636403 ], [ -70.658122599634396, -33.455167199850202 ] ] ] } },
{ "type": "Feature", "properties": { "access": null, "area": null, "barrier": null, "boundary": null, "building": null, "description": null, "ele": null, "golf": null, "landuse": null, "leisure": "park", "lit": null, "location": null, "name": "Plaza Ercilla", "name_en": null, "name_es": null, "opening_hours": null, "operator": null, "phone": null, "protect_class": null, "source_transform": "Reconocimiento cartográfico 2016 por KG.", "sport": null, "surface": null, "type": null, "website": null, "wheelchair": null, "zoo": null, "objectid": 16017489, "osm_id2": "23402310" }, "geometry": { "type": "Polygon", "coordinates": [ [ [ -70.6608801, -33.4582882 ], [ -70.6608908, -33.4581657 ], [ -70.6609197, -33.4578358 ], [ -70.6609455, -33.4578369 ], [ -70.6609612, -33.4575517 ], [ -70.6609662, -33.4574605 ], [ -70.6609768, -33.4572686 ], [ -70.6610034, -33.4569847 ], [ -70.6609852, -33.4567512 ], [ -70.6603411, -33.4566815 ], [ -70.6597543, -33.4566345 ], [ -70.659452, -33.4581253 ], [ -70.6594448, -33.458175 ], [ -70.6599625, -33.4582216 ], [ -70.660568, -33.458267 ], [ -70.6606801, -33.4582753 ], [ -70.6608801, -33.4582882 ] ] ] } },
{ "type": "Feature", "properties": { "access": null, "area": null, "barrier": null, "boundary": null, "building": null, "description": null, "ele": null, "golf": null, "landuse": null, "leisure": "pitch", "lit": null, "location": null, "name": "Cancha Baby Fútbol FCFM", "name_en": null, "name_es": null, "opening_hours": null, "operator": null, "phone": null, "protect_class": null, "source_transform": null, "sport": "soccer", "surface": null, "type": null, "website": null, "wheelchair": null, "zoo": null, "objectid": 16017497, "osm_id2": "169672363" }, "geometry": { "type": "Polygon", "coordinates": [ [ [ -70.6629578, -33.457902 ], [ -70.6629939, -33.4575983 ], [ -70.6628175, -33.4575837 ], [ -70.6627814, -33.4578874 ], [ -70.6629578, -33.457902 ] ] ] } },
{ "type": "Feature", "properties": { "access": null, "area": null, "barrier": null, "boundary": null, "building": null, "description": null, "ele": null, "golf": null, "landuse": null, "leisure": "sports_centre", "lit": null, "location": null, "name": "Santiago Lawn Tennis Club", "name_en": null, "name_es": null, "opening_hours": null, "operator": null, "phone": null, "protect_class": null, "source_transform": null, "sport": "tennis", "surface": null, "type": null, "website": null, "wheelchair": null, "zoo": null, "objectid": 16017575, "osm_id2": "339635767" }, "geometry": { "type": "Polygon", "coordinates": [ [ [ -70.6578113, -33.4592307 ], [ -70.6578077, -33.4594131 ], [ -70.657828, -33.4598482 ], [ -70.6579522, -33.4598304 ], [ -70.6580595, -33.4597946 ], [ -70.6581115, -33.4598072 ], [ -70.658448, -33.4596078 ], [ -70.6590531, -33.4591648 ], [ -70.6591112, -33.4590943 ], [ -70.6591377, -33.4590279 ], [ -70.6591644, -33.4589524 ], [ -70.6591704, -33.4588589 ], [ -70.6592011, -33.4583768 ], [ -70.6578473, -33.458284 ], [ -70.657771, -33.4583462 ], [ -70.6578028, -33.4589574 ], [ -70.6578095, -33.4590749 ], [ -70.6578113, -33.4592307 ] ] ] } },
{ "type": "Feature", "properties": { "access": null, "area": null, "barrier": null, "boundary": null, "building": null, "description": null, "ele": null, "golf": null, "landuse": "recreation_ground", "leisure": "park", "lit": null, "location": null, "name": "Plaza Juvenal Hernández Jaque", "name_en": null, "name_es": null, "opening_hours": null, "operator": null, "phone": null, "protect_class": null, "source_transform": null, "sport": null, "surface": null, "type": null, "website": null, "wheelchair": "limited", "zoo": null, "objectid": 16017583, "osm_id2": "627166309" }, "geometry": { "type": "Polygon", "coordinates": [ [ [ -70.6636934, -33.4584579 ], [ -70.6637637, -33.4584616 ], [ -70.6638366, -33.4584641 ], [ -70.663858, -33.4584595 ], [ -70.6638739, -33.4584516 ], [ -70.6638821, -33.4584459 ], [ -70.6638902, -33.4584377 ], [ -70.6638941, -33.4584299 ], [ -70.6639, -33.4584158 ], [ -70.6639039, -33.4583973 ], [ -70.6639063, -33.458371 ], [ -70.6639743, -33.4572337 ], [ -70.6639735, -33.4572283 ], [ -70.6639705, -33.4572244 ], [ -70.6639644, -33.4572222 ], [ -70.6637591, -33.4572094 ], [ -70.6636985, -33.4583698 ], [ -70.6636934, -33.4584579 ] ] ] } },
{ "type": "Feature", "properties": { "access": null, "area": null, "barrier": null, "boundary": null, "building": null, "description": null, "ele": null, "golf": null, "landuse": "recreation_ground", "leisure": "park", "lit": null, "location": null, "name": "Acceso Parque O'Higgins", "name_en": null, "name_es": null, "opening_hours": null, "operator": null, "phone": null, "protect_class": null, "source_transform": null, "sport": null, "surface": null, "type": null, "website": null, "wheelchair": null, "zoo": null, "objectid": 16017599, "osm_id2": "627166308" }, "geometry": { "type": "Polygon", "coordinates": [ [ [ -70.6578267, -33.4600058 ], [ -70.6577993, -33.4600054 ], [ -70.6577935, -33.4600443 ], [ -70.6577747, -33.4601231 ], [ -70.6577553, -33.4601816 ], [ -70.6577195, -33.4602542 ], [ -70.6576895, -33.4602978 ], [ -70.6576542, -33.4603452 ], [ -70.6575976, -33.4604023 ], [ -70.6574712, -33.4605018 ], [ -70.6574525, -33.4605175 ], [ -70.6574398, -33.4605302 ], [ -70.6574305, -33.4605535 ], [ -70.6574191, -33.4606867 ], [ -70.6573938, -33.4609228 ], [ -70.6574233, -33.4609245 ], [ -70.6575409, -33.4609216 ], [ -70.6575724, -33.4609145 ], [ -70.6576181, -33.4609033 ], [ -70.6576541, -33.4608952 ], [ -70.6577089, -33.460885 ], [ -70.6578886, -33.460859 ], [ -70.6579254, -33.4608537 ], [ -70.6579441, -33.4608515 ], [ -70.6579567, -33.4608512 ], [ -70.6579717, -33.4608514 ], [ -70.6579843, -33.4608527 ], [ -70.657996, -33.4608551 ], [ -70.658009, -33.4608601 ], [ -70.6580223, -33.4608667 ], [ -70.6580659, -33.4608932 ], [ -70.658129, -33.4609301 ], [ -70.6581508, -33.4609329 ], [ -70.6581768, -33.4609328 ], [ -70.65822, -33.4609289 ], [ -70.6582643, -33.4609229 ], [ -70.6583053, -33.4609112 ], [ -70.6583387, -33.460898 ], [ -70.6583819, -33.4608695 ], [ -70.6584171, -33.4608429 ], [ -70.6584429, -33.4608142 ], [ -70.6584735, -33.4607816 ], [ -70.6584876, -33.4607604 ], [ -70.658509, -33.4607161 ], [ -70.658517, -33.4606752 ], [ -70.65852, -33.4606161 ], [ -70.6585028, -33.4605359 ], [ -70.6584767, -33.460502 ], [ -70.658444, -33.4604742 ], [ -70.6584145, -33.4604502 ], [ -70.6583275, -33.4603787 ], [ -70.6583091, -33.4603604 ], [ -70.6582831, -33.4603366 ], [ -70.6582544, -33.4603121 ], [ -70.6582246, -33.4602977 ], [ -70.6581922, -33.4602885 ], [ -70.6581339, -33.46028 ], [ -70.6580983, -33.4602727 ], [ -70.6580841, -33.4602686 ], [ -70.6580672, -33.4602608 ], [ -70.6580514, -33.4602506 ], [ -70.6580372, -33.4602407 ], [ -70.6580276, -33.4602333 ], [ -70.6580136, -33.4602211 ], [ -70.6579987, -33.4602036 ], [ -70.657983, -33.4601759 ], [ -70.657972, -33.4601529 ], [ -70.6579594, -33.460122 ], [ -70.6579451, -33.4600921 ], [ -70.6579189, -33.4600668 ], [ -70.6578594, -33.4600205 ], [ -70.6578267, -33.4600058 ] ] ] } },
{ "type": "Feature", "properties": { "access": null, "area": null, "barrier": null, "boundary": null, "building": null, "description": null, "ele": null, "golf": null, "landuse": null, "leisure": "sports_centre", "lit": null, "location": null, "name": "Centro Toesca", "name_en": null, "name_es": null, "opening_hours": null, "operator": null, "phone": null, "protect_class": null, "source_transform": null, "sport": "martial_arts", "surface": null, "type": null, "website": null, "wheelchair": null, "zoo": null, "objectid": 16017622, "osm_id2": "604792875" }, "geometry": { "type": "Polygon", "coordinates": [ [ [ -70.665623100167196, -33.454288799461303 ], [ -70.665539599964902, -33.4542718992614 ], [ -70.665498099595396, -33.454437099717403 ], [ -70.665622500092596, -33.454461299881203 ], [ -70.665623100167196, -33.454288799461303 ] ] ] } },
{ "type": "Feature", "properties": { "access": "permissive", "area": null, "barrier": null, "boundary": null, "building": null, "description": null, "ele": null, "golf": null, "landuse": null, "leisure": "garden", "lit": null, "location": null, "name": "Plaza Nataniel Cox", "name_en": null, "name_es": null, "opening_hours": null, "operator": null, "phone": null, "protect_class": null, "source_transform": null, "sport": null, "surface": null, "type": null, "website": null, "wheelchair": null, "zoo": null, "objectid": 16026188, "osm_id2": "524166732" }, "geometry": { "type": "Polygon", "coordinates": [ [ [ -70.6518264003345, -33.462593899927398 ], [ -70.651333500128004, -33.462573299230797 ], [ -70.651322699683305, -33.4626902994913 ], [ -70.651408999934404, -33.462696699495901 ], [ -70.651418199581201, -33.462628599376202 ], [ -70.651821800061896, -33.462640199579702 ], [ -70.6518264003345, -33.462593899927398 ] ] ] } },
{ "type": "Feature", "properties": { "access": null, "area": null, "barrier": null, "boundary": null, "building": "leisure", "description": null, "ele": null, "golf": null, "landuse": null, "leisure": "sports_centre", "lit": null, "location": null, "name": "Gimnasio Santiago", "name_en": null, "name_es": null, "opening_hours": null, "operator": null, "phone": null, "protect_class": null, "source_transform": null, "sport": "futsal;basketball;volleyball;handball;zumba;multi", "surface": "paved", "type": null, "website": null, "wheelchair": null, "zoo": null, "objectid": 16026191, "osm_id2": "522150249" }, "geometry": { "type": "Polygon", "coordinates": [ [ [ -70.652584299956601, -33.462685399815399 ], [ -70.652239199563795, -33.462674599243897 ], [ -70.652228900379001, -33.462903699669901 ], [ -70.652426500097107, -33.462909899565403 ], [ -70.652573999873496, -33.462914499463402 ], [ -70.652584299956601, -33.462685399815399 ] ] ] } },
{ "type": "Feature", "properties": { "access": null, "area": null, "barrier": null, "boundary": null, "building": "public", "description": null, "ele": null, "golf": null, "landuse": null, "leisure": "sports_centre", "lit": null, "location": null, "name": "Piscina Olímpica", "name_en": null, "name_es": null, "opening_hours": null, "operator": null, "phone": null, "protect_class": null, "source_transform": null, "sport": "swimming", "surface": null, "type": null, "website": null, "wheelchair": null, "zoo": null, "objectid": 16026229, "osm_id2": "261322851" }, "geometry": { "type": "Polygon", "coordinates": [ [ [ -70.6588696, -33.4646829 ], [ -70.6588448, -33.4646105 ], [ -70.6588072, -33.4645413 ], [ -70.6587604, -33.4644786 ], [ -70.6587035, -33.4644184 ], [ -70.6586366, -33.4643653 ], [ -70.658561, -33.4643147 ], [ -70.6585414, -33.4643058 ], [ -70.6585586, -33.46429 ], [ -70.6585277, -33.4642671 ], [ -70.6584913, -33.4642451 ], [ -70.6584453, -33.4642195 ], [ -70.6584561, -33.4641967 ], [ -70.6584289, -33.4641746 ], [ -70.6583948, -33.4641529 ], [ -70.6583616, -33.4641362 ], [ -70.6583252, -33.4641225 ], [ -70.6583392, -33.4640921 ], [ -70.6582943, -33.4640781 ], [ -70.6582975, -33.463995 ], [ -70.6582465, -33.4639937 ], [ -70.6582431, -33.464086 ], [ -70.658237, -33.4642501 ], [ -70.6582569, -33.4642506 ], [ -70.6582365, -33.4643176 ], [ -70.658255, -33.4643355 ], [ -70.658195, -33.4643949 ], [ -70.6581789, -33.4644183 ], [ -70.6581967, -33.4644909 ], [ -70.6582347, -33.4645601 ], [ -70.6582855, -33.4646272 ], [ -70.6583468, -33.4646916 ], [ -70.6584136, -33.4647421 ], [ -70.6584901, -33.4647875 ], [ -70.6585702, -33.4648226 ], [ -70.6586687, -33.46485 ], [ -70.658733, -33.4648207 ], [ -70.658787, -33.4647836 ], [ -70.6588342, -33.4647363 ], [ -70.6588696, -33.4646829 ] ] ] } },
{ "type": "Feature", "properties": { "access": "yes", "area": null, "barrier": "fence", "boundary": null, "building": null, "description": null, "ele": null, "golf": null, "landuse": null, "leisure": "park", "lit": null, "location": null, "name": "Parque O'Higgins", "name_en": "O'Higgins Park", "name_es": null, "opening_hours": "Tu-Su 09:00-21:00", "operator": "Municipalidad de Santiago", "phone": null, "protect_class": null, "source_transform": null, "sport": null, "surface": null, "type": null, "website": "https://www.santiagoturismo.cl/parque-ohiggins/", "wheelchair": null, "zoo": null, "objectid": 16026231, "osm_id2": "14817188" }, "geometry": { "type": "Polygon", "coordinates": [ [ [ -70.6578028, -33.4589574 ], [ -70.6578095, -33.4590749 ], [ -70.6578113, -33.4592307 ], [ -70.6578077, -33.4594131 ], [ -70.657828, -33.4598482 ], [ -70.6578267, -33.4600058 ], [ -70.6578594, -33.4600205 ], [ -70.6579189, -33.4600668 ], [ -70.6579451, -33.4600921 ], [ -70.6579594, -33.460122 ], [ -70.657972, -33.4601529 ], [ -70.657983, -33.4601759 ], [ -70.6579987, -33.4602036 ], [ -70.6580136, -33.4602211 ], [ -70.6580276, -33.4602333 ], [ -70.6580372, -33.4602407 ], [ -70.6580514, -33.4602506 ], [ -70.6580672, -33.4602608 ], [ -70.6580841, -33.4602686 ], [ -70.6580983, -33.4602727 ], [ -70.6581339, -33.46028 ], [ -70.6581922, -33.4602885 ], [ -70.6582246, -33.4602977 ], [ -70.6582544, -33.4603121 ], [ -70.6582831, -33.4603366 ], [ -70.6583091, -33.4603604 ], [ -70.6583275, -33.4603787 ], [ -70.6584145, -33.4604502 ], [ -70.658444, -33.4604742 ], [ -70.6584767, -33.460502 ], [ -70.6585028, -33.4605359 ], [ -70.65852, -33.4606161 ], [ -70.658517, -33.4606752 ], [ -70.658509, -33.4607161 ], [ -70.6584876, -33.4607604 ], [ -70.6584735, -33.4607816 ], [ -70.6584429, -33.4608142 ], [ -70.6584171, -33.4608429 ], [ -70.6583819, -33.4608695 ], [ -70.6583387, -33.460898 ], [ -70.6583053, -33.4609112 ], [ -70.6582643, -33.4609229 ], [ -70.65822, -33.4609289 ], [ -70.6581768, -33.4609328 ], [ -70.6581508, -33.4609329 ], [ -70.658129, -33.4609301 ], [ -70.6580659, -33.4608932 ], [ -70.6580223, -33.4608667 ], [ -70.658009, -33.4608601 ], [ -70.657996, -33.4608551 ], [ -70.6579843, -33.4608527 ], [ -70.6579717, -33.4608514 ], [ -70.6579567, -33.4608512 ], [ -70.6579441, -33.4608515 ], [ -70.6579254, -33.4608537 ], [ -70.6578886, -33.460859 ], [ -70.6577089, -33.460885 ], [ -70.6576541, -33.4608952 ], [ -70.6576181, -33.4609033 ], [ -70.6575724, -33.4609145 ], [ -70.6575409, -33.4609216 ], [ -70.6574233, -33.4609245 ], [ -70.6573994, -33.461045 ], [ -70.6573923, -33.4611677 ], [ -70.6573724, -33.4615127 ], [ -70.6573564, -33.4617798 ], [ -70.657348, -33.4619216 ], [ -70.6573462, -33.4619513 ], [ -70.6572738, -33.4626064 ], [ -70.6572476, -33.4628439 ], [ -70.6572326, -33.46298 ], [ -70.6572133, -33.463154 ], [ -70.6571601, -33.463698 ], [ -70.6571133, -33.4643139 ], [ -70.6571085, -33.4643878 ], [ -70.6570622, -33.4643873 ], [ -70.6570114, -33.4643867 ], [ -70.6569861, -33.4647124 ], [ -70.6569556, -33.4651041 ], [ -70.6569645, -33.4651361 ], [ -70.6569806, -33.4651659 ], [ -70.6569975, -33.4651836 ], [ -70.6570292, -33.4652056 ], [ -70.6570627, -33.46522 ], [ -70.6570942, -33.4652256 ], [ -70.6571286, -33.4652227 ], [ -70.6571532, -33.4652117 ], [ -70.6571793, -33.4651886 ], [ -70.6572161, -33.4652098 ], [ -70.6572514, -33.465232 ], [ -70.6571971, -33.4653005 ], [ -70.6571612, -33.4653414 ], [ -70.6571016, -33.4653859 ], [ -70.6569792, -33.4654492 ], [ -70.656896, -33.4655763 ], [ -70.6568771, -33.4663132 ], [ -70.6569355, -33.4664122 ], [ -70.6581222, -33.4664282 ], [ -70.6581704, -33.4664289 ], [ -70.6582017, -33.4664508 ], [ -70.6582543, -33.4664964 ], [ -70.6582498, -33.4665925 ], [ -70.6582404, -33.4669234 ], [ -70.6582139, -33.4677089 ], [ -70.6582109, -33.4677933 ], [ -70.6582105, -33.4678049 ], [ -70.6568581, -33.4677599 ], [ -70.6568544, -33.4678418 ], [ -70.6568633, -33.467883 ], [ -70.6569354, -33.4680571 ], [ -70.6571134, -33.468305 ], [ -70.6572254, -33.468464 ], [ -70.6572514, -33.4685229 ], [ -70.6572768, -33.4685917 ], [ -70.6572888, -33.4687188 ], [ -70.6573099, -33.4698964 ], [ -70.6574008, -33.4699663 ], [ -70.6592117, -33.470063 ], [ -70.6593678, -33.4698479 ], [ -70.6593963, -33.4698086 ], [ -70.6594173, -33.4698096 ], [ -70.6594744, -33.4698123 ], [ -70.6596518, -33.4698211 ], [ -70.6597214, -33.4698239 ], [ -70.6598679, -33.4698297 ], [ -70.6599468, -33.4698328 ], [ -70.6599623, -33.4698334 ], [ -70.6599922, -33.469888 ], [ -70.6601139, -33.4701076 ], [ -70.6630516, -33.4702741 ], [ -70.6632508, -33.4701047 ], [ -70.6634097, -33.4670595 ], [ -70.6634109, -33.4670402 ], [ -70.6634114, -33.4670238 ], [ -70.6635062, -33.464241 ], [ -70.6635527, -33.46322 ], [ -70.6635955, -33.4623967 ], [ -70.6635979, -33.4623499 ], [ -70.6636003, -33.4623043 ], [ -70.6636022, -33.4622681 ], [ -70.6636077, -33.4621621 ], [ -70.6637349, -33.4589261 ], [ -70.6636042, -33.4589219 ], [ -70.6635239, -33.4588312 ], [ -70.6634519, -33.4587499 ], [ -70.6634465, -33.4587002 ], [ -70.6634023, -33.4586552 ], [ -70.6609348, -33.4584949 ], [ -70.6608058, -33.4584876 ], [ -70.6607301, -33.4585361 ], [ -70.6606978, -33.4585497 ], [ -70.66066, -33.4585665 ], [ -70.6606235, -33.4585826 ], [ -70.6605395, -33.4586118 ], [ -70.6604911, -33.4586267 ], [ -70.6604328, -33.4586361 ], [ -70.6603504, -33.4586454 ], [ -70.6603448, -33.4586624 ], [ -70.6603329, -33.4586769 ], [ -70.660316, -33.4586874 ], [ -70.6602958, -33.4586927 ], [ -70.6602748, -33.4586923 ], [ -70.660255, -33.4586861 ], [ -70.6602387, -33.4586749 ], [ -70.6602277, -33.4586599 ], [ -70.6602231, -33.4586389 ], [ -70.6601524, -33.4586185 ], [ -70.6600583, -33.458595 ], [ -70.659899, -33.4584838 ], [ -70.6597848, -33.4584286 ], [ -70.6592011, -33.4583768 ], [ -70.6578473, -33.458284 ], [ -70.657771, -33.4583462 ], [ -70.6578028, -33.4589574 ] ] ] } },
{ "type": "Feature", "properties": { "access": null, "area": null, "barrier": null, "boundary": null, "building": null, "description": null, "ele": null, "golf": null, "landuse": null, "leisure": "track", "lit": null, "location": null, "name": "Patinódromo", "name_en": null, "name_es": null, "opening_hours": null, "operator": null, "phone": null, "protect_class": null, "source_transform": null, "sport": null, "surface": null, "type": null, "website": null, "wheelchair": null, "zoo": null, "objectid": 16026235, "osm_id2": "261322914" }, "geometry": { "type": "Polygon", "coordinates": [ [ [ -70.661271999595797, -33.4642282999298 ], [ -70.661262000448303, -33.464191799558698 ], [ -70.661235200110099, -33.4641501994886 ], [ -70.661198800374805, -33.464124399806302 ], [ -70.661150400045699, -33.464107199514103 ], [ -70.661097299730898, -33.464100199341999 ], [ -70.661048300225403, -33.464108199966901 ], [ -70.661012799703698, -33.464121699708301 ], [ -70.660977200367299, -33.464149199785801 ], [ -70.660957900063394, -33.464175799822399 ], [ -70.660944799931599, -33.464216399428601 ], [ -70.660905000073001, -33.464766099708797 ], [ -70.660905000073001, -33.464781099640497 ], [ -70.660906699685498, -33.464797599862301 ], [ -70.660913199894907, -33.464815899382401 ], [ -70.660922400440001, -33.464834199648003 ], [ -70.660937899971898, -33.464852699249199 ], [ -70.660952699716205, -33.464866699471401 ], [ -70.660967200321593, -33.464879099730602 ], [ -70.660993099649502, -33.464894199312504 ], [ -70.661012600277701, -33.464903299227998 ], [ -70.661042100053294, -33.464909699818598 ], [ -70.661075699739897, -33.464911899295501 ], [ -70.661107100350605, -33.464908599705403 ], [ -70.661140900361502, -33.464903299227998 ], [ -70.661167000013805, -33.4648909993914 ], [ -70.661192799628694, -33.464871499354402 ], [ -70.661211100107707, -33.464851299376797 ], [ -70.661230100374297, -33.464822299230001 ], [ -70.661237100047003, -33.464802299329897 ], [ -70.6612405998833, -33.464784999502498 ], [ -70.661271999595797, -33.4642282999298 ] ] ] } },
{ "type": "Feature", "properties": { "access": null, "area": null, "barrier": null, "boundary": null, "building": null, "description": null, "ele": null, "golf": null, "landuse": null, "leisure": "track", "lit": null, "location": null, "name": "Roller skating", "name_en": null, "name_es": null, "opening_hours": null, "operator": null, "phone": null, "protect_class": null, "source_transform": null, "sport": null, "surface": null, "type": null, "website": null, "wheelchair": null, "zoo": null, "objectid": 16026237, "osm_id2": "123419748" }, "geometry": { "type": "Polygon", "coordinates": [ [ [ -70.660960199750505, -33.465061999412598 ], [ -70.660954700264398, -33.465022199806803 ], [ -70.660938800083798, -33.464985099504403 ], [ -70.660917899880403, -33.464956399910001 ], [ -70.660881899895401, -33.464921599475197 ], [ -70.660862400165598, -33.4649005999037 ], [ -70.660846499984999, -33.464876899503402 ], [ -70.660834999752794, -33.4648545997185 ], [ -70.660829399655299, -33.464828999585201 ], [ -70.660827400005502, -33.464800399608897 ], [ -70.660828099793093, -33.4647791999191 ], [ -70.660848900283497, -33.464370699641499 ], [ -70.660848699959203, -33.464352999547899 ], [ -70.660840400424206, -33.4643360998109 ], [ -70.660821400157701, -33.4643132992869 ], [ -70.660803099678702, -33.464293399689097 ], [ -70.6607766999891, -33.464274899968501 ], [ -70.660741500403006, -33.464261599591801 ], [ -70.660713100165296, -33.464254899942098 ], [ -70.660677599643606, -33.4642520994284 ], [ -70.660642499770503, -33.464254899942098 ], [ -70.660607399897401, -33.464263799834498 ], [ -70.6605773997602, -33.464278299253102 ], [ -70.660552800294496, -33.464296499961897 ], [ -70.660535000177106, -33.464314199317599 ], [ -70.660521699721002, -33.464331699329001 ], [ -70.660512899824496, -33.464353799907897 ], [ -70.660457600433901, -33.465056199847702 ], [ -70.660458199610204, -33.465075499754903 ], [ -70.660461700344896, -33.465106499949997 ], [ -70.660473600327407, -33.465137399715303 ], [ -70.660490200295598, -33.4651672997784 ], [ -70.660510200386994, -33.465190299416399 ], [ -70.660532800203001, -33.465208299845699 ], [ -70.660556600168107, -33.465222399679703 ], [ -70.660596499739796, -33.465240999616803 ], [ -70.660627600313205, -33.4652501999145 ], [ -70.660675900031094, -33.465258299353202 ], [ -70.660726699760403, -33.4652601998135 ], [ -70.660782500410903, -33.465253599910298 ], [ -70.660827199681194, -33.4652393996626 ], [ -70.660868199689006, -33.465214299488402 ], [ -70.6608987001879, -33.465185599969899 ], [ -70.660928199963493, -33.4651496995169 ], [ -70.660943599782399, -33.465123899382597 ], [ -70.660953999578396, -33.465098099240699 ], [ -70.660960199750505, -33.465061999412598 ] ] ] } },
{ "type": "Feature", "properties": { "access": null, "area": null, "barrier": null, "boundary": null, "building": null, "description": null, "ele": null, "golf": null, "landuse": null, "leisure": "garden", "lit": null, "location": null, "name": "Jardín del Tíbet", "name_en": null, "name_es": null, "opening_hours": null, "operator": null, "phone": null, "protect_class": null, "source_transform": null, "sport": null, "surface": null, "type": null, "website": null, "wheelchair": null, "zoo": null, "objectid": 16026270, "osm_id2": "524156902" }, "geometry": { "type": "Polygon", "coordinates": [ [ [ -70.6593907, -33.4671096 ], [ -70.6593797, -33.4669407 ], [ -70.6594331, -33.4668347 ], [ -70.6594927, -33.4667868 ], [ -70.659726, -33.4667727 ], [ -70.6598108, -33.4667841 ], [ -70.6599118, -33.4667952 ], [ -70.6600066, -33.4667952 ], [ -70.6601022, -33.4667677 ], [ -70.6601527, -33.4667408 ], [ -70.6602016, -33.4667031 ], [ -70.6602638, -33.4666456 ], [ -70.6603375, -33.4665737 ], [ -70.6603596, -33.4665558 ], [ -70.660386, -33.4665502 ], [ -70.6604132, -33.4665746 ], [ -70.6604227, -33.4666044 ], [ -70.6604549, -33.4666189 ], [ -70.6604925, -33.4666111 ], [ -70.6605341, -33.4665999 ], [ -70.6605716, -33.4666066 ], [ -70.6605877, -33.4666245 ], [ -70.6606034, -33.4666438 ], [ -70.6606294, -33.4667528 ], [ -70.660643, -33.4668775 ], [ -70.6606302, -33.4670474 ], [ -70.6606001, -33.4671497 ], [ -70.6605649, -33.4672259 ], [ -70.6605076, -33.4672942 ], [ -70.6604457, -33.4673409 ], [ -70.6604093, -33.4673638 ], [ -70.6603788, -33.4673868 ], [ -70.6604699, -33.4674026 ], [ -70.6605343, -33.4673534 ], [ -70.6606738, -33.4673042 ], [ -70.6607435, -33.4670715 ], [ -70.6607757, -33.4668746 ], [ -70.6607703, -33.4667224 ], [ -70.6607543, -33.4665882 ], [ -70.6607006, -33.4664271 ], [ -70.6606362, -33.4663018 ], [ -70.6605593, -33.4661868 ], [ -70.6605201, -33.4661229 ], [ -70.6604109, -33.4659527 ], [ -70.6603197, -33.4658095 ], [ -70.6602285, -33.4656663 ], [ -70.6601803, -33.4656171 ], [ -70.6601052, -33.4655902 ], [ -70.6595955, -33.4655678 ], [ -70.6595312, -33.4656036 ], [ -70.6594775, -33.4656663 ], [ -70.6593166, -33.4659259 ], [ -70.6592039, -33.4661362 ], [ -70.6591599, -33.466219 ], [ -70.6590966, -33.4663342 ], [ -70.6590605, -33.4664051 ], [ -70.6589875, -33.466563 ], [ -70.6588941, -33.4667962 ], [ -70.65884, -33.4670588 ], [ -70.6593907, -33.4671096 ] ] ] } },
{ "type": "Feature", "properties": { "access": "yes", "area": null, "barrier": null, "boundary": null, "building": null, "description": null, "ele": null, "golf": null, "landuse": null, "leisure": "swimming_pool", "lit": "yes", "location": "outdoor", "name": "Piscina Municipal de Santiago", "name_en": null, "name_es": null, "opening_hours": null, "operator": null, "phone": null, "protect_class": null, "source_transform": null, "sport": null, "surface": null, "type": null, "website": null, "wheelchair": null, "zoo": null, "objectid": 16026296, "osm_id2": "123419606" }, "geometry": { "type": "Polygon", "coordinates": [ [ [ -70.6593755, -33.4681687 ], [ -70.6593665, -33.4681397 ], [ -70.6593511, -33.4681231 ], [ -70.6593296, -33.4681116 ], [ -70.6590101, -33.4680845 ], [ -70.658991, -33.4680839 ], [ -70.6589708, -33.4680892 ], [ -70.6589511, -33.4680977 ], [ -70.6589403, -33.4681071 ], [ -70.6589269, -33.4681288 ], [ -70.6589249, -33.4681544 ], [ -70.6589349, -33.4681793 ], [ -70.6589954, -33.4682818 ], [ -70.6590015, -33.4683019 ], [ -70.6590016, -33.4683244 ], [ -70.6589642, -33.4684739 ], [ -70.6589561, -33.4684996 ], [ -70.6589548, -33.4685083 ], [ -70.6589606, -33.4685143 ], [ -70.6591436, -33.4686215 ], [ -70.6591586, -33.4686269 ], [ -70.6591737, -33.4686251 ], [ -70.6591894, -33.4686187 ], [ -70.6591969, -33.4686075 ], [ -70.6592355, -33.4684667 ], [ -70.6592166, -33.4684609 ], [ -70.6592015, -33.4684534 ], [ -70.6591847, -33.4684376 ], [ -70.6591821, -33.4684294 ], [ -70.6591853, -33.468415 ], [ -70.6593911, -33.4682559 ], [ -70.6593966, -33.4682515 ], [ -70.6593978, -33.4682459 ], [ -70.6593755, -33.4681687 ] ] ] } },
{ "type": "Feature", "properties": { "access": null, "area": null, "barrier": null, "boundary": null, "building": null, "description": null, "ele": null, "golf": null, "landuse": null, "leisure": "garden", "lit": null, "location": null, "name": "Jardín Chino", "name_en": null, "name_es": null, "opening_hours": null, "operator": null, "phone": null, "protect_class": null, "source_transform": null, "sport": null, "surface": null, "type": null, "website": null, "wheelchair": null, "zoo": null, "objectid": 16026563, "osm_id2": "266080542" }, "geometry": { "type": "Polygon", "coordinates": [ [ [ -70.6617799, -33.4694079 ], [ -70.6617104, -33.4693685 ], [ -70.6616558, -33.4693448 ], [ -70.6615876, -33.4693223 ], [ -70.6615137, -33.4693088 ], [ -70.6614338, -33.4692982 ], [ -70.6613729, -33.4693026 ], [ -70.6613327, -33.4693151 ], [ -70.6612778, -33.4693245 ], [ -70.6612302, -33.4693252 ], [ -70.6611631, -33.4693178 ], [ -70.6610677, -33.4693247 ], [ -70.6609072, -33.4693447 ], [ -70.6608456, -33.4693598 ], [ -70.6607797, -33.4693767 ], [ -70.6607362, -33.4693941 ], [ -70.6607034, -33.4694289 ], [ -70.6606829, -33.4694647 ], [ -70.6606723, -33.4695152 ], [ -70.6606775, -33.4695498 ], [ -70.6606956, -33.4695901 ], [ -70.6607419, -33.4696303 ], [ -70.6607868, -33.4696543 ], [ -70.6608711, -33.4696892 ], [ -70.6609701, -33.4697184 ], [ -70.661091, -33.4697476 ], [ -70.661214, -33.4697597 ], [ -70.6613244, -33.4697619 ], [ -70.6613652, -33.4697627 ], [ -70.6614115, -33.4697609 ], [ -70.6614695, -33.4697544 ], [ -70.6615465, -33.4697422 ], [ -70.6616741, -33.4697123 ], [ -70.6617273, -33.4696992 ], [ -70.6617584, -33.469684 ], [ -70.6617877, -33.4696567 ], [ -70.6618062, -33.4696303 ], [ -70.6618174, -33.4696079 ], [ -70.6618309, -33.469563 ], [ -70.6618371, -33.4695171 ], [ -70.66183, -33.469476 ], [ -70.6618074, -33.4694343 ], [ -70.6617799, -33.4694079 ] ] ] } },
{ "type": "Feature", "properties": { "access": null, "area": null, "barrier": null, "boundary": null, "building": null, "description": null, "ele": null, "golf": null, "landuse": null, "leisure": "stadium", "lit": null, "location": null, "name": "Estadio Militar", "name_en": null, "name_es": null, "opening_hours": null, "operator": null, "phone": null, "protect_class": null, "source_transform": null, "sport": null, "surface": null, "type": null, "website": null, "wheelchair": null, "zoo": null, "objectid": 16026593, "osm_id2": "-5733847" }, "geometry": { "type": "Polygon", "coordinates": [ [ [ -70.663320899553696, -33.472070799763699 ], [ -70.660920000141601, -33.471944499429803 ], [ -70.660937299897299, -33.471732999348198 ], [ -70.660750300299597, -33.471721499274103 ], [ -70.660841299637895, -33.470682899232202 ], [ -70.660607099860101, -33.470667999235502 ], [ -70.6606167001556, -33.470517599346401 ], [ -70.659889900208597, -33.470471299405702 ], [ -70.659692899666794, -33.473111899404898 ], [ -70.663247599721402, -33.473314599816099 ], [ -70.663320899553696, -33.472070799763699 ] ] ] } },
{ "type": "Feature", "properties": { "access": null, "area": null, "barrier": null, "boundary": null, "building": null, "description": null, "ele": null, "golf": null, "landuse": null, "leisure": "park", "lit": null, "location": null, "name": "Plaza Pedro Montt", "name_en": null, "name_es": null, "opening_hours": null, "operator": null, "phone": null, "protect_class": null, "source_transform": null, "sport": null, "surface": null, "type": null, "website": null, "wheelchair": null, "zoo": null, "objectid": 16026640, "osm_id2": "125120833" }, "geometry": { "type": "Polygon", "coordinates": [ [ [ -70.654760200136096, -33.472985899569402 ], [ -70.653993000255895, -33.472932199849701 ], [ -70.653834300284501, -33.473142699653202 ], [ -70.653934899918298, -33.473312199733797 ], [ -70.654200299982406, -33.473327399754403 ], [ -70.6543668000254, -33.473339099684701 ], [ -70.654336400137893, -33.473567599440798 ], [ -70.654384900180006, -33.473554099672 ], [ -70.654431099636795, -33.473530199321303 ], [ -70.654483899914197, -33.4734959995384 ], [ -70.654581800110506, -33.473327099275899 ], [ -70.654728900136604, -33.473045799925004 ], [ -70.654760200136096, -33.472985899569402 ] ] ] } },
{ "type": "Feature", "properties": { "access": null, "area": null, "barrier": null, "boundary": null, "building": null, "description": null, "ele": null, "golf": null, "landuse": null, "leisure": "park", "lit": null, "location": null, "name": "Plaza Huemul", "name_en": null, "name_es": null, "opening_hours": null, "operator": null, "phone": null, "protect_class": null, "source_transform": null, "sport": null, "surface": null, "type": null, "website": null, "wheelchair": null, "zoo": null, "objectid": 16026646, "osm_id2": "448833738" }, "geometry": { "type": "Polygon", "coordinates": [ [ [ -70.6515634, -33.4744213 ], [ -70.6512107, -33.4744029 ], [ -70.6511685, -33.4748285 ], [ -70.6515279, -33.4748487 ], [ -70.6515634, -33.4744213 ] ] ] } },
{ "type": "Feature", "properties": { "access": "yes", "area": null, "barrier": null, "boundary": null, "building": null, "description": null, "ele": null, "golf": null, "landuse": null, "leisure": "park", "lit": null, "location": null, "name": "Plaza Claudio Matte Pérez", "name_en": null, "name_es": null, "opening_hours": "24/7", "operator": null, "phone": null, "protect_class": null, "source_transform": null, "sport": null, "surface": null, "type": null, "website": null, "wheelchair": null, "zoo": null, "objectid": 16026655, "osm_id2": "24636570" }, "geometry": { "type": "Polygon", "coordinates": [ [ [ -70.6493886, -33.4745809 ], [ -70.6493531, -33.4745526 ], [ -70.6485325, -33.4745233 ], [ -70.6484772, -33.4745544 ], [ -70.6484311, -33.4755702 ], [ -70.6484655, -33.4756068 ], [ -70.6491862, -33.4756074 ], [ -70.6492261, -33.4755629 ], [ -70.6493886, -33.4745809 ] ] ] } },
{ "type": "Feature", "properties": { "access": null, "area": null, "barrier": null, "boundary": null, "building": null, "description": null, "ele": null, "golf": null, "landuse": null, "leisure": "park", "lit": null, "location": null, "name": "Parque Centenario", "name_en": null, "name_es": null, "opening_hours": null, "operator": null, "phone": null, "protect_class": null, "source_transform": null, "sport": null, "surface": null, "type": null, "website": null, "wheelchair": null, "zoo": null, "objectid": 16026675, "osm_id2": "-9347366" }, "geometry": { "type": "Polygon", "coordinates": [ [ [ -70.653846600017403, -33.476684399674902 ], [ -70.653837299759303, -33.476621199693298 ], [ -70.652726699997103, -33.476639099590798 ], [ -70.650113599650297, -33.476705099670703 ], [ -70.649398399648604, -33.4767652994204 ], [ -70.649398999723203, -33.476785799335602 ], [ -70.649407099832104, -33.477077399782303 ], [ -70.649412900253907, -33.4770864999171 ], [ -70.649429200184798, -33.477112199831701 ], [ -70.649510900163193, -33.477078699801602 ], [ -70.649827799744301, -33.476970599569199 ], [ -70.6508977004342, -33.476939099344399 ], [ -70.650927299922799, -33.476881699821 ], [ -70.651021199921203, -33.476873499564903 ], [ -70.651050900021104, -33.476933199419904 ], [ -70.651386000368205, -33.476921199508801 ], [ -70.652083599678406, -33.476893099554502 ], [ -70.652679899567403, -33.476876799448803 ], [ -70.652727999859295, -33.4768219999306 ], [ -70.652799500366001, -33.476821899525298 ], [ -70.652823900405807, -33.476872099886599 ], [ -70.653276300067702, -33.476856099494 ], [ -70.653553600114407, -33.476866299613498 ], [ -70.653843100181106, -33.476881299698903 ], [ -70.653844700080597, -33.476793799538697 ], [ -70.653846600017403, -33.476684399674902 ] ] ] } },
{ "type": "Feature", "properties": { "access": null, "area": null, "barrier": null, "boundary": null, "building": null, "description": null, "ele": null, "golf": null, "landuse": null, "leisure": "park", "lit": null, "location": null, "name": "Plaza Milán", "name_en": null, "name_es": null, "opening_hours": null, "operator": null, "phone": null, "protect_class": null, "source_transform": null, "sport": null, "surface": null, "type": null, "website": null, "wheelchair": null, "zoo": null, "objectid": 16027509, "osm_id2": "643850734" }, "geometry": { "type": "Polygon", "coordinates": [ [ [ -70.6549584, -33.4772437 ], [ -70.6547036, -33.4772084 ], [ -70.6544334, -33.4771435 ], [ -70.6540659, -33.4770216 ], [ -70.6540411, -33.4772319 ], [ -70.6542262, -33.4772302 ], [ -70.6549725, -33.4772604 ], [ -70.6549584, -33.4772437 ] ] ] } },
{ "type": "Feature", "properties": { "access": null, "area": null, "barrier": null, "boundary": null, "building": null, "description": null, "ele": null, "golf": null, "landuse": null, "leisure": "park", "lit": null, "location": null, "name": "Plaza Milán", "name_en": null, "name_es": null, "opening_hours": null, "operator": null, "phone": null, "protect_class": null, "source_transform": null, "sport": null, "surface": null, "type": null, "website": null, "wheelchair": null, "zoo": null, "objectid": 16027510, "osm_id2": "537823437" }, "geometry": { "type": "Polygon", "coordinates": [ [ [ -70.6547757, -33.4773768 ], [ -70.6540652, -33.4773296 ], [ -70.6540489, -33.4777834 ], [ -70.6545182, -33.4777854 ], [ -70.6546934, -33.4778302 ], [ -70.6546639, -33.4777876 ], [ -70.6546421, -33.4777419 ], [ -70.6546285, -33.4776941 ], [ -70.6546234, -33.4776451 ], [ -70.6546269, -33.477596 ], [ -70.6546397, -33.4775455 ], [ -70.6546616, -33.4774973 ], [ -70.6546921, -33.4774524 ], [ -70.6547304, -33.4774119 ], [ -70.6547757, -33.4773768 ] ] ] } },
{ "type": "Feature", "properties": { "access": null, "area": null, "barrier": null, "boundary": null, "building": null, "description": null, "ele": null, "golf": null, "landuse": null, "leisure": "sports_centre", "lit": null, "location": null, "name": "Fitnessport", "name_en": null, "name_es": null, "opening_hours": null, "operator": null, "phone": null, "protect_class": null, "source_transform": "Reconocimiento cartográfico de campo 2016 por KG", "sport": null, "surface": null, "type": null, "website": null, "wheelchair": null, "zoo": null, "objectid": 16027525, "osm_id2": "448176379" }, "geometry": { "type": "Polygon", "coordinates": [ [ [ -70.648200300384502, -33.480075099589399 ], [ -70.647643500316903, -33.480144299406803 ], [ -70.647626199662795, -33.480268699645499 ], [ -70.648171999859798, -33.480321599850697 ], [ -70.648200300384502, -33.480075099589399 ] ] ] } },
{ "type": "Feature", "properties": { "access": null, "area": null, "barrier": null, "boundary": null, "building": null, "description": null, "ele": null, "golf": null, "landuse": null, "leisure": "playground", "lit": null, "location": null, "name": "Plaza El Carmelo Oriente", "name_en": null, "name_es": null, "opening_hours": null, "operator": null, "phone": null, "protect_class": null, "source_transform": null, "sport": null, "surface": null, "type": null, "website": null, "wheelchair": "yes", "zoo": null, "objectid": 16027548, "osm_id2": "320870102" }, "geometry": { "type": "Polygon", "coordinates": [ [ [ -70.658293699949994, -33.477676099700602 ], [ -70.658090500134406, -33.477673299620697 ], [ -70.658113300274593, -33.477805899829903 ], [ -70.658136800202399, -33.477825399953701 ], [ -70.658293000162402, -33.477825399953701 ], [ -70.658293699949994, -33.477676099700602 ] ] ] } },
{ "type": "Feature", "properties": { "access": null, "area": null, "barrier": null, "boundary": null, "building": null, "description": null, "ele": null, "golf": null, "landuse": null, "leisure": "park", "lit": null, "location": null, "name": "Plaza Juan de Bastidas", "name_en": null, "name_es": null, "opening_hours": null, "operator": null, "phone": null, "protect_class": null, "source_transform": null, "sport": null, "surface": null, "type": null, "website": null, "wheelchair": null, "zoo": null, "objectid": 16027554, "osm_id2": "854784165" }, "geometry": { "type": "Polygon", "coordinates": [ [ [ -70.660543, -33.4768235 ], [ -70.6603054, -33.4770132 ], [ -70.6603067, -33.477049 ], [ -70.6603566, -33.4770606 ], [ -70.6604203, -33.4770813 ], [ -70.6604739, -33.4771093 ], [ -70.6605256, -33.4771619 ], [ -70.660543, -33.4768235 ] ] ] } },
{ "type": "Feature", "properties": { "access": null, "area": null, "barrier": null, "boundary": null, "building": null, "description": null, "ele": null, "golf": null, "landuse": null, "leisure": "park", "lit": null, "location": null, "name": "Plaza Enzo Pinza", "name_en": null, "name_es": null, "opening_hours": null, "operator": null, "phone": null, "protect_class": null, "source_transform": null, "sport": null, "surface": null, "type": null, "website": null, "wheelchair": "yes", "zoo": null, "objectid": 16027598, "osm_id2": "320429367" }, "geometry": { "type": "Polygon", "coordinates": [ [ [ -70.6573066, -33.4802758 ], [ -70.6571155, -33.4803431 ], [ -70.6573202, -33.480757 ], [ -70.6575224, -33.4806825 ], [ -70.6573066, -33.4802758 ] ] ] } },
{ "type": "Feature", "properties": { "access": null, "area": null, "barrier": null, "boundary": null, "building": "yes", "description": null, "ele": null, "golf": null, "landuse": null, "leisure": "sports_centre", "lit": null, "location": null, "name": "Gimnasio Pacific", "name_en": null, "name_es": null, "opening_hours": null, "operator": null, "phone": null, "protect_class": null, "source_transform": "Reconocimiento cartográfico 2016 por KG", "sport": null, "surface": null, "type": null, "website": null, "wheelchair": null, "zoo": null, "objectid": 16027724, "osm_id2": "448176385" }, "geometry": { "type": "Polygon", "coordinates": [ [ [ -70.648774, -33.48174 ], [ -70.6483524, -33.4817947 ], [ -70.6483706, -33.4818922 ], [ -70.6486006, -33.4818625 ], [ -70.6487521, -33.4818425 ], [ -70.6487922, -33.4818374 ], [ -70.648774, -33.48174 ] ] ] } },
{ "type": "Feature", "properties": { "access": null, "area": null, "barrier": null, "boundary": null, "building": null, "description": null, "ele": null, "golf": null, "landuse": null, "leisure": "park", "lit": null, "location": null, "name": "Plaza El Llano", "name_en": null, "name_es": null, "opening_hours": null, "operator": null, "phone": null, "protect_class": null, "source_transform": null, "sport": null, "surface": null, "type": null, "website": null, "wheelchair": null, "zoo": null, "objectid": 16027744, "osm_id2": "346335147" }, "geometry": { "type": "Polygon", "coordinates": [ [ [ -70.6518947, -33.4817947 ], [ -70.651837, -33.4818137 ], [ -70.6517887, -33.4818304 ], [ -70.6517431, -33.4818584 ], [ -70.6517056, -33.4818841 ], [ -70.6516761, -33.4819278 ], [ -70.6516506, -33.4819636 ], [ -70.6516358, -33.4820262 ], [ -70.6516331, -33.4820888 ], [ -70.6516479, -33.4821448 ], [ -70.651668, -33.4822085 ], [ -70.6517203, -33.482279 ], [ -70.6517605, -33.482326 ], [ -70.6518048, -33.4823495 ], [ -70.6518571, -33.4823696 ], [ -70.6519349, -33.4823797 ], [ -70.6520073, -33.4823819 ], [ -70.6521012, -33.4823752 ], [ -70.6521857, -33.4823562 ], [ -70.6522474, -33.4823427 ], [ -70.652305, -33.4823092 ], [ -70.6523345, -33.4822768 ], [ -70.652374, -33.4822182 ], [ -70.6523868, -33.4821593 ], [ -70.652393, -33.4821257 ], [ -70.6523868, -33.4820777 ], [ -70.6523817, -33.4820324 ], [ -70.6523563, -33.4819658 ], [ -70.6523118, -33.4819059 ], [ -70.6522713, -33.4818692 ], [ -70.652234, -33.4818428 ], [ -70.6521864, -33.4818133 ], [ -70.6521307, -33.4817958 ], [ -70.6520636, -33.4817846 ], [ -70.6519577, -33.4817835 ], [ -70.6518947, -33.4817947 ] ] ] } },
{ "type": "Feature", "properties": { "access": null, "area": null, "barrier": null, "boundary": null, "building": null, "description": null, "ele": null, "golf": null, "landuse": null, "leisure": "pitch", "lit": null, "location": null, "name": "Estadio El Llano", "name_en": null, "name_es": null, "opening_hours": null, "operator": null, "phone": null, "protect_class": null, "source_transform": null, "sport": "tennis", "surface": null, "type": null, "website": null, "wheelchair": null, "zoo": null, "objectid": 16027768, "osm_id2": "256850929" }, "geometry": { "type": "Polygon", "coordinates": [ [ [ -70.652833499802895, -33.4832711995262 ], [ -70.652737200404403, -33.482979499299702 ], [ -70.652483400285504, -33.483037799863702 ], [ -70.6525798002953, -33.483329499893799 ], [ -70.652833499802895, -33.4832711995262 ] ] ] } },
{ "type": "Feature", "properties": { "access": null, "area": null, "barrier": null, "boundary": null, "building": null, "description": null, "ele": null, "golf": null, "landuse": null, "leisure": "pitch", "lit": null, "location": null, "name": "Estadio El Llano", "name_en": null, "name_es": null, "opening_hours": null, "operator": null, "phone": null, "protect_class": null, "source_transform": null, "sport": "tennis", "surface": null, "type": null, "website": null, "wheelchair": null, "zoo": null, "objectid": 16027771, "osm_id2": "256850927" }, "geometry": { "type": "Polygon", "coordinates": [ [ [ -70.653102299990394, -33.483430399528899 ], [ -70.653011700402402, -33.483138299745399 ], [ -70.652848300445498, -33.483173599349598 ], [ -70.652938800320499, -33.4834656997634 ], [ -70.653102299990394, -33.483430399528899 ] ] ] } },
{ "type": "Feature", "properties": { "access": null, "area": null, "barrier": null, "boundary": null, "building": null, "description": null, "ele": null, "golf": null, "landuse": null, "leisure": "pitch", "lit": null, "location": null, "name": "Estadio El Llano", "name_en": null, "name_es": null, "opening_hours": null, "operator": null, "phone": null, "protect_class": null, "source_transform": null, "sport": "tennis", "surface": null, "type": null, "website": null, "wheelchair": null, "zoo": null, "objectid": 16027773, "osm_id2": "256850928" }, "geometry": { "type": "Polygon", "coordinates": [ [ [ -70.652884400143506, -33.483574099826598 ], [ -70.652804399777594, -33.483292399936801 ], [ -70.652649900328498, -33.483322899868298 ], [ -70.652730000407402, -33.483604599658896 ], [ -70.652884400143506, -33.483574099826598 ] ] ] } },
{ "type": "Feature", "properties": { "access": null, "area": null, "barrier": null, "boundary": null, "building": null, "description": null, "ele": null, "golf": null, "landuse": null, "leisure": "stadium", "lit": null, "location": null, "name": "Estadio El Llano", "name_en": null, "name_es": null, "opening_hours": null, "operator": null, "phone": null, "protect_class": null, "source_transform": null, "sport": "multi", "surface": null, "type": null, "website": null, "wheelchair": null, "zoo": null, "objectid": 16027774, "osm_id2": "39611842" }, "geometry": { "type": "Polygon", "coordinates": [ [ [ -70.654629700078104, -33.483298999964703 ], [ -70.654140500032298, -33.4817481998736 ], [ -70.652509599650799, -33.482053999843401 ], [ -70.652501200402895, -33.482257699807398 ], [ -70.652450300062299, -33.482348699417699 ], [ -70.652360400261898, -33.4824343995272 ], [ -70.652208199601603, -33.482505499789802 ], [ -70.652633000322993, -33.483694899568597 ], [ -70.654629700078104, -33.483298999964703 ] ] ] } },
{ "type": "Feature", "properties": { "access": null, "area": null, "barrier": null, "boundary": null, "building": null, "description": null, "ele": null, "golf": null, "landuse": null, "leisure": "pitch", "lit": null, "location": null, "name": "Estadio El Llano", "name_en": null, "name_es": null, "opening_hours": null, "operator": null, "phone": null, "protect_class": null, "source_transform": null, "sport": "soccer", "surface": null, "type": null, "website": null, "wheelchair": null, "zoo": null, "objectid": 16027775, "osm_id2": "256850925" }, "geometry": { "type": "Polygon", "coordinates": [ [ [ -70.6542607, -33.4826484 ], [ -70.6532571, -33.4822464 ], [ -70.6528971, -33.4828475 ], [ -70.6539315, -33.4832447 ], [ -70.6542607, -33.4826484 ] ] ] } },
{ "type": "Feature", "properties": { "access": null, "area": null, "barrier": null, "boundary": null, "building": null, "description": null, "ele": null, "golf": null, "landuse": null, "leisure": "pitch", "lit": null, "location": null, "name": "Canchas Joaquín Vallejos", "name_en": null, "name_es": null, "opening_hours": null, "operator": null, "phone": null, "protect_class": null, "source_transform": null, "sport": "soccer", "surface": null, "type": null, "website": null, "wheelchair": null, "zoo": null, "objectid": 16027794, "osm_id2": "90955676" }, "geometry": { "type": "Polygon", "coordinates": [ [ [ -70.659263900219798, -33.481442099872197 ], [ -70.659221700062702, -33.480944899444403 ], [ -70.658257499640598, -33.480980299593597 ], [ -70.658284900053403, -33.481492899955398 ], [ -70.659263900219798, -33.481442099872197 ] ] ] } },
{ "type": "Feature", "properties": { "access": null, "area": null, "barrier": null, "boundary": null, "building": null, "description": null, "ele": null, "golf": null, "landuse": null, "leisure": "pitch", "lit": null, "location": null, "name": "Canchas Joaquín Vallejos", "name_en": null, "name_es": null, "opening_hours": null, "operator": null, "phone": null, "protect_class": null, "source_transform": null, "sport": "soccer", "surface": null, "type": null, "website": null, "wheelchair": null, "zoo": null, "objectid": 16027795, "osm_id2": "90955677" }, "geometry": { "type": "Polygon", "coordinates": [ [ [ -70.660314199670196, -33.4813789992658 ], [ -70.660301599899995, -33.481199899777103 ], [ -70.660279500445696, -33.480908499771097 ], [ -70.659268300167994, -33.480957299650697 ], [ -70.659321399584499, -33.481472799756403 ], [ -70.660314199670196, -33.4813789992658 ] ] ] } },
{ "type": "Feature", "properties": { "access": null, "area": null, "barrier": null, "boundary": null, "building": null, "description": null, "ele": null, "golf": null, "landuse": null, "leisure": "park", "lit": null, "location": null, "name": "Plaza Ramón Vinay", "name_en": null, "name_es": null, "opening_hours": null, "operator": null, "phone": null, "protect_class": null, "source_transform": null, "sport": null, "surface": null, "type": null, "website": null, "wheelchair": "yes", "zoo": null, "objectid": 16027796, "osm_id2": "320429368" }, "geometry": { "type": "Polygon", "coordinates": [ [ [ -70.6585155999948, -33.481855199491299 ], [ -70.6584082998274, -33.481650499829101 ], [ -70.658362700445295, -33.481616999306098 ], [ -70.658321100362798, -33.481586799973201 ], [ -70.658266100111206, -33.481560999487698 ], [ -70.658196399828299, -33.481540899304498 ], [ -70.658148100110395, -33.481500599273701 ], [ -70.658083799600703, -33.481528599581601 ], [ -70.658287600389201, -33.481933499760203 ], [ -70.6585155999948, -33.481855199491299 ] ] ] } },
{ "type": "Feature", "properties": { "access": null, "area": null, "barrier": null, "boundary": null, "building": null, "description": null, "ele": null, "golf": null, "landuse": null, "leisure": "park", "lit": null, "location": null, "name": "Plaza Balmaceda", "name_en": null, "name_es": null, "opening_hours": null, "operator": null, "phone": null, "protect_class": null, "source_transform": null, "sport": null, "surface": null, "type": null, "website": null, "wheelchair": null, "zoo": null, "objectid": 16027809, "osm_id2": "320429369" }, "geometry": { "type": "Polygon", "coordinates": [ [ [ -70.661201899562599, -33.481096199822296 ], [ -70.661198099688903, -33.480844599317599 ], [ -70.660755900397007, -33.4808730995926 ], [ -70.660788500258704, -33.481218999784097 ], [ -70.661201899562599, -33.481096199822296 ] ] ] } },
{ "type": "Feature", "properties": { "access": null, "area": null, "barrier": null, "boundary": null, "building": null, "description": null, "ele": null, "golf": null, "landuse": null, "leisure": "park", "lit": null, "location": null, "name": "Plaza El Parque", "name_en": null, "name_es": null, "opening_hours": null, "operator": null, "phone": null, "protect_class": null, "source_transform": null, "sport": null, "surface": null, "type": null, "website": null, "wheelchair": "yes", "zoo": null, "objectid": 16027841, "osm_id2": "90955795" }, "geometry": { "type": "Polygon", "coordinates": [ [ [ -70.663037700270493, -33.4817020992406 ], [ -70.662674700047305, -33.4818371995229 ], [ -70.662631200028002, -33.483101499401897 ], [ -70.662983300093501, -33.482998999757498 ], [ -70.663037700270493, -33.4817020992406 ] ] ] } },
{ "type": "Feature", "properties": { "access": null, "area": null, "barrier": null, "boundary": null, "building": null, "description": null, "ele": null, "golf": null, "landuse": null, "leisure": "park", "lit": null, "location": null, "name": "Plaza Manuela Errázuriz", "name_en": null, "name_es": null, "opening_hours": null, "operator": null, "phone": null, "protect_class": null, "source_transform": null, "sport": null, "surface": null, "type": null, "website": null, "wheelchair": null, "zoo": null, "objectid": 16027846, "osm_id2": "90955796" }, "geometry": { "type": "Polygon", "coordinates": [ [ [ -70.659245899778099, -33.482886099785802 ], [ -70.658806399923606, -33.482560199809797 ], [ -70.658615499840906, -33.4826186999546 ], [ -70.658677199727904, -33.482761899607098 ], [ -70.658556500289706, -33.482806699742703 ], [ -70.658656199811503, -33.482882299638099 ], [ -70.659004500003405, -33.483135499842 ], [ -70.659245899778099, -33.482886099785802 ] ] ] } },
{ "type": "Feature", "properties": { "access": null, "area": null, "barrier": null, "boundary": null, "building": null, "description": null, "ele": null, "golf": null, "landuse": null, "leisure": "playground", "lit": null, "location": null, "name": "Plaza Magallanes", "name_en": null, "name_es": null, "opening_hours": null, "operator": null, "phone": null, "protect_class": null, "source_transform": null, "sport": null, "surface": null, "type": null, "website": null, "wheelchair": "yes", "zoo": null, "objectid": 16028078, "osm_id2": "41391279" }, "geometry": { "type": "Polygon", "coordinates": [ [ [ -70.6659185, -33.4848591 ], [ -70.6661304, -33.4848379 ], [ -70.666361, -33.484811 ], [ -70.6659602, -33.4841257 ], [ -70.665924, -33.4841358 ], [ -70.6659185, -33.4848591 ] ] ] } },
{ "type": "Feature", "properties": { "access": null, "area": null, "barrier": null, "boundary": null, "building": null, "description": null, "ele": null, "golf": null, "landuse": null, "leisure": "park", "lit": null, "location": null, "name": "Parque El Llano Subercaseaux", "name_en": null, "name_es": null, "opening_hours": null, "operator": null, "phone": null, "protect_class": null, "source_transform": "Reconocimiento cartográfico 2016 por KG.", "sport": null, "surface": null, "type": null, "website": null, "wheelchair": null, "zoo": null, "objectid": 16028225, "osm_id2": "39611845" }, "geometry": { "type": "Polygon", "coordinates": [ [ [ -70.6523192, -33.4920698 ], [ -70.6521021, -33.4912555 ], [ -70.651887, -33.4904442 ], [ -70.6517502, -33.4899256 ], [ -70.6516982, -33.4897214 ], [ -70.6515683, -33.4892795 ], [ -70.651401, -33.488719 ], [ -70.6511693, -33.4878033 ], [ -70.6511243, -33.4876386 ], [ -70.6507071, -33.486183 ], [ -70.6506434, -33.4859301 ], [ -70.6503832, -33.4850541 ], [ -70.6500936, -33.484138 ], [ -70.6496724, -33.4826425 ], [ -70.6495987, -33.4823931 ], [ -70.6491736, -33.4809194 ], [ -70.6489563, -33.4801985 ], [ -70.6488501, -33.4796337 ], [ -70.6488278, -33.4794778 ], [ -70.6487804, -33.4787621 ], [ -70.6487847, -33.478628 ], [ -70.6487901, -33.4782335 ], [ -70.6489724, -33.4776034 ], [ -70.6489482, -33.4775715 ], [ -70.6488297, -33.477549 ], [ -70.6486838, -33.4775818 ], [ -70.6485301, -33.4776199 ], [ -70.6483765, -33.4776577 ], [ -70.6483625, -33.4776904 ], [ -70.6483549, -33.4778273 ], [ -70.6483662, -33.4786298 ], [ -70.6483722, -33.4788108 ], [ -70.6483901, -33.4795519 ], [ -70.6483982, -33.4796689 ], [ -70.6487823, -33.4808354 ], [ -70.6488378, -33.4809883 ], [ -70.6489913, -33.4815114 ], [ -70.6491793, -33.4821711 ], [ -70.6493291, -33.4826932 ], [ -70.6496694, -33.4838882 ], [ -70.6497443, -33.4842387 ], [ -70.650041, -33.4852427 ], [ -70.6502591, -33.4860393 ], [ -70.6505662, -33.4871907 ], [ -70.6506877, -33.4876915 ], [ -70.6509958, -33.488747 ], [ -70.6512987, -33.4898548 ], [ -70.6518716, -33.492183 ], [ -70.651927, -33.4922004 ], [ -70.6521121, -33.4921623 ], [ -70.6522956, -33.4921138 ], [ -70.6523192, -33.4920698 ] ] ] } },
{ "type": "Feature", "properties": { "access": null, "area": null, "barrier": null, "boundary": null, "building": null, "description": null, "ele": null, "golf": null, "landuse": null, "leisure": "park", "lit": null, "location": null, "name": "Jardín Juana Jugan", "name_en": null, "name_es": null, "opening_hours": null, "operator": null, "phone": null, "protect_class": null, "source_transform": null, "sport": null, "surface": null, "type": null, "website": null, "wheelchair": null, "zoo": null, "objectid": 17694705, "osm_id2": "972414729" }, "geometry": { "type": "Polygon", "coordinates": [ [ [ -70.6389653, -33.4593905 ], [ -70.6387936, -33.4593479 ], [ -70.6387662, -33.4594505 ], [ -70.6385539, -33.4594031 ], [ -70.63833, -33.4601027 ], [ -70.6385465, -33.4601509 ], [ -70.6385213, -33.4602296 ], [ -70.6380076, -33.4601171 ], [ -70.637968, -33.4602184 ], [ -70.6386984, -33.4603616 ], [ -70.638803, -33.4599688 ], [ -70.6387049, -33.4599496 ], [ -70.6386786, -33.4600491 ], [ -70.6386329, -33.4600399 ], [ -70.6387535, -33.4596291 ], [ -70.6388898, -33.4596537 ], [ -70.6389653, -33.4593905 ] ] ] } },
{ "type": "Feature", "properties": { "access": null, "area": null, "barrier": null, "boundary": null, "building": null, "description": null, "ele": null, "golf": null, "landuse": null, "leisure": "park", "lit": null, "location": null, "name": "Plaza Zenteno", "name_en": null, "name_es": null, "opening_hours": "24/7", "operator": null, "phone": null, "protect_class": null, "source_transform": null, "sport": null, "surface": null, "type": null, "website": null, "wheelchair": null, "zoo": null, "objectid": 20085067, "osm_id2": "1076219440" }, "geometry": { "type": "Polygon", "coordinates": [ [ [ -70.6518835, -33.4553255 ], [ -70.651823, -33.45532 ], [ -70.6518109, -33.4553189 ], [ -70.6514071, -33.4552824 ], [ -70.6513638, -33.4555835 ], [ -70.6513646, -33.4555962 ], [ -70.6513681, -33.4556068 ], [ -70.6513784, -33.4556148 ], [ -70.6513892, -33.455617 ], [ -70.6518323, -33.4556674 ], [ -70.6518338, -33.455648 ], [ -70.6518574, -33.4555068 ], [ -70.6518835, -33.4553255 ] ] ] } },
{ "type": "Feature", "properties": { "access": null, "area": null, "barrier": null, "boundary": null, "building": null, "description": null, "ele": null, "golf": null, "landuse": null, "leisure": "park", "lit": null, "location": null, "name": "Artesana Alicia Cáceres", "name_en": null, "name_es": null, "opening_hours": null, "operator": "Fundción Palabra", "phone": null, "protect_class": null, "source_transform": null, "sport": null, "surface": null, "type": null, "website": "https://fpalabra.cl/", "wheelchair": null, "zoo": null, "objectid": 20202066, "osm_id2": "1080662446" }, "geometry": { "type": "Polygon", "coordinates": [ [ [ -70.6380836, -33.4590183 ], [ -70.6379419, -33.4589881 ], [ -70.6379633, -33.4589183 ], [ -70.6375914, -33.458836 ], [ -70.63755, -33.4588557 ], [ -70.6372433, -33.4599471 ], [ -70.6372102, -33.4600648 ], [ -70.6373968, -33.4601073 ], [ -70.6374313, -33.4599891 ], [ -70.6377493, -33.4600538 ], [ -70.6380836, -33.4590183 ] ] ] } },
{ "type": "Feature", "properties": { "access": null, "area": null, "barrier": null, "boundary": null, "building": null, "description": null, "ele": null, "golf": null, "landuse": null, "leisure": "park", "lit": null, "location": null, "name": "Plaza El Pedregal", "name_en": null, "name_es": null, "opening_hours": null, "operator": null, "phone": null, "protect_class": null, "source_transform": null, "sport": null, "surface": null, "type": null, "website": null, "wheelchair": null, "zoo": null, "objectid": 20625248, "osm_id2": "1095455719" }, "geometry": { "type": "Polygon", "coordinates": [ [ [ -70.6391334, -33.4411141 ], [ -70.6389074, -33.4409622 ], [ -70.63875, -33.441126 ], [ -70.638734, -33.4411426 ], [ -70.6386493, -33.4412307 ], [ -70.6388555, -33.4413635 ], [ -70.6388735, -33.4413749 ], [ -70.6391334, -33.4411141 ] ] ] } },
{ "type": "Feature", "properties": { "access": "yes", "area": null, "barrier": null, "boundary": null, "building": null, "description": null, "ele": null, "golf": null, "landuse": null, "leisure": "park", "lit": null, "location": null, "name": "Cerro Santa Lucía", "name_en": null, "name_es": null, "opening_hours": "sunrise-sunset", "operator": "Municipalidad de Santiago", "phone": null, "protect_class": null, "source_transform": null, "sport": null, "surface": null, "type": null, "website": "https://www.cerrosisla.cl/santalucia", "wheelchair": null, "zoo": null, "objectid": 21709706, "osm_id2": "23321628" }, "geometry": { "type": "Polygon", "coordinates": [ [ [ -70.6419222, -33.4409586 ], [ -70.6419159, -33.440985 ], [ -70.6422559, -33.4412186 ], [ -70.6425328, -33.4414079 ], [ -70.642733, -33.4415459 ], [ -70.6430358, -33.4417126 ], [ -70.6434883, -33.4419098 ], [ -70.6437792, -33.4420208 ], [ -70.6440947, -33.4421324 ], [ -70.644122, -33.4420872 ], [ -70.6442438, -33.441874 ], [ -70.6443834, -33.4416293 ], [ -70.6445326, -33.4414006 ], [ -70.6446884, -33.4410173 ], [ -70.6447317, -33.4407591 ], [ -70.644652, -33.440495 ], [ -70.6444923, -33.4402281 ], [ -70.6442464, -33.4396267 ], [ -70.6436444, -33.4384343 ], [ -70.6435113, -33.4382118 ], [ -70.643445, -33.4380795 ], [ -70.6434241, -33.4380401 ], [ -70.6433799, -33.4379724 ], [ -70.6433504, -33.437946 ], [ -70.6433061, -33.4379277 ], [ -70.6432542, -33.4379262 ], [ -70.6431785, -33.4379526 ], [ -70.6429531, -33.4381615 ], [ -70.6427753, -33.4383434 ], [ -70.6428588, -33.4384399 ], [ -70.6428171, -33.4385206 ], [ -70.6425406, -33.43956 ], [ -70.6424641, -33.4404174 ], [ -70.6421654, -33.4407083 ], [ -70.6419222, -33.4409586 ] ] ] } },
{ "type": "Feature", "properties": { "access": null, "area": null, "barrier": null, "boundary": null, "building": null, "description": null, "ele": null, "golf": null, "landuse": null, "leisure": "park", "lit": null, "location": null, "name": "Plaza Las Heras", "name_en": null, "name_es": null, "opening_hours": null, "operator": null, "phone": null, "protect_class": null, "source_transform": null, "sport": null, "surface": null, "type": null, "website": null, "wheelchair": null, "zoo": null, "objectid": 22724207, "osm_id2": "1176134458" }, "geometry": { "type": "Polygon", "coordinates": [ [ [ -70.6569176, -33.4526364 ], [ -70.6561061, -33.452548 ], [ -70.656023, -33.4529348 ], [ -70.6560565, -33.4530635 ], [ -70.6567364, -33.4531138 ], [ -70.6568608, -33.4529964 ], [ -70.6569176, -33.4526364 ] ] ] } },
{ "type": "Feature", "properties": { "access": null, "area": null, "barrier": null, "boundary": null, "building": null, "description": null, "ele": null, "golf": null, "landuse": null, "leisure": "park", "lit": null, "location": null, "name": "Plaza Francisco de Miranda", "name_en": null, "name_es": null, "opening_hours": null, "operator": null, "phone": null, "protect_class": null, "source_transform": null, "sport": null, "surface": null, "type": null, "website": null, "wheelchair": null, "zoo": null, "objectid": 23772824, "osm_id2": "1298686945" }, "geometry": { "type": "Polygon", "coordinates": [ [ [ -70.6612577, -33.4596363 ], [ -70.6612568, -33.4595898 ], [ -70.6611639, -33.4591294 ], [ -70.6611283, -33.4590626 ], [ -70.6610755, -33.4589954 ], [ -70.6610007, -33.4589411 ], [ -70.6608937, -33.4588915 ], [ -70.6608082, -33.4588704 ], [ -70.660713, -33.4588623 ], [ -70.6598004, -33.4588318 ], [ -70.659712, -33.458838 ], [ -70.6596011, -33.458862 ], [ -70.6595112, -33.4588987 ], [ -70.6594223, -33.4589624 ], [ -70.6593876, -33.4590106 ], [ -70.6592724, -33.4594144 ], [ -70.6592486, -33.4594996 ], [ -70.6592504, -33.4595803 ], [ -70.6592782, -33.4596438 ], [ -70.6593419, -33.4596915 ], [ -70.6594131, -33.4597243 ], [ -70.6595026, -33.4597461 ], [ -70.65958, -33.4597416 ], [ -70.6601166, -33.4597152 ], [ -70.660261, -33.4597189 ], [ -70.6604291, -33.4597315 ], [ -70.6607076, -33.4597646 ], [ -70.6608583, -33.4597871 ], [ -70.6610046, -33.459806 ], [ -70.661103, -33.4598176 ], [ -70.6611682, -33.459796 ], [ -70.6612172, -33.4597493 ], [ -70.6612559, -33.4596859 ], [ -70.6612577, -33.4596363 ] ] ] } },
{ "type": "Feature", "properties": { "access": null, "area": null, "barrier": null, "boundary": null, "building": null, "description": null, "ele": null, "golf": null, "landuse": null, "leisure": "pitch", "lit": null, "location": null, "name": "Skatepark Parque O'Higgins", "name_en": null, "name_es": null, "opening_hours": null, "operator": null, "phone": null, "protect_class": null, "source_transform": null, "sport": "skateboard", "surface": null, "type": null, "website": null, "wheelchair": null, "zoo": null, "objectid": 24347275, "osm_id2": "1314762861" }, "geometry": { "type": "Polygon", "coordinates": [ [ [ -70.6573255, -33.4631983 ], [ -70.6572945, -33.4631949 ], [ -70.657267, -33.4632043 ], [ -70.657243, -33.4632346 ], [ -70.6572239, -33.463312 ], [ -70.6572082, -33.4637393 ], [ -70.6572363, -33.4639171 ], [ -70.6572685, -33.4639573 ], [ -70.6573168, -33.4639931 ], [ -70.6573764, -33.4640205 ], [ -70.657424, -33.4640345 ], [ -70.657477, -33.4640253 ], [ -70.6575258, -33.4639969 ], [ -70.6575491, -33.4639622 ], [ -70.6575617, -33.4639204 ], [ -70.6575587, -33.4638921 ], [ -70.6574395, -33.4635042 ], [ -70.6573825, -33.4632459 ], [ -70.6573255, -33.4631983 ] ] ] } },
{ "type": "Feature", "properties": { "access": null, "area": null, "barrier": null, "boundary": null, "building": null, "description": null, "ele": null, "golf": null, "landuse": null, "leisure": "pitch", "lit": null, "location": null, "name": "Skatepark Parque O'Higgins", "name_en": null, "name_es": null, "opening_hours": null, "operator": null, "phone": null, "protect_class": null, "source_transform": null, "sport": "skateboard", "surface": null, "type": null, "website": null, "wheelchair": null, "zoo": null, "objectid": 24347336, "osm_id2": "1314762861" }, "geometry": { "type": "Polygon", "coordinates": [ [ [ -70.6573255, -33.4631983 ], [ -70.6573052, -33.4631971 ], [ -70.6572757, -33.4631953 ], [ -70.657243, -33.4632346 ], [ -70.6572226, -33.4633137 ], [ -70.6572082, -33.4637393 ], [ -70.6572363, -33.4639171 ], [ -70.6572685, -33.4639573 ], [ -70.6573168, -33.4639931 ], [ -70.6573764, -33.4640205 ], [ -70.657424, -33.4640345 ], [ -70.6574871, -33.4640323 ], [ -70.6575367, -33.4640149 ], [ -70.6575589, -33.4639378 ], [ -70.6575508, -33.4638779 ], [ -70.6574395, -33.4635042 ], [ -70.6573832, -33.4632481 ], [ -70.6573255, -33.4631983 ] ] ] } }
]
}
