fecha_extraccion;comuna;tipo_propiedad;titulo;precio;moneda;dormitorios;banos;metros_utiles;caracteristicas_raw;ubicacion;url
2025-11-29 17:50:59;Santiago;departamento;Edificio San Francisco 1204 - Norte Verde;3372;CLF;1 dormitorio;1 baño;29 m² útiles;1 dormitorio | 1 baño | 29 m² útiles;San Francisco 1204, Santiago, Parque O'Higgins, Santiago;
2025-11-29 17:50:59;Santiago;departamento;Edificio Vergara Domeyko - Norte Verde;3601;CLF;1 dormitorio;1 baño;29 - 30 m² útiles;1 dormitorio | 1 baño | 29 - 30 m² útiles;Vergara 701, Santiago, Ejército - Toesca, Santiago;
2025-11-29 17:50:59;Santiago;departamento;Edificio Parque Quinta - Norte Verde;3213;CLF;1 dormitorio;1 baño;30 - 40 m² útiles;1 dormitorio | 1 baño | 30 - 40 m² útiles;Santo Domingo 3902, Santiago, Santiago;
2025-11-29 17:50:59;Santiago;departamento;Santa Elvira - Norte Verde;4177;CLF;1 dormitorio;1 baño;34 m² útiles;1 dormitorio | 1 baño | 34 m² útiles;Sta. Elvira 97, Santiago, Bogotá - Sierra Bella, Santiago;
2025-11-29 17:50:59;Santiago;departamento;Edificio Lira 622 - Norte Verde;3213;CLF;Estudio a 1 dormitorios;1 baño;23 - 31 m² útiles;Estudio a 1 dormitorios | 1 baño | 23 - 31 m² útiles;Lira 622, Santiago, Santa Isabel, Santiago;
2025-11-29 17:50:59;Santiago;departamento;Carmen Root - Brick;2531;CLF;Estudio a 2 dormitorios;1 a 2 baños;28 - 52 m² útiles;Estudio a 2 dormitorios | 1 a 2 baños | 28 - 52 m² útiles;Root 555, Santiago, Santa Isabel, Santiago;
2025-11-29 17:50:59;Santiago;departamento;Miraflores 476 - Brick;3140;CLF;Estudio a 2 dormitorios;1 a 2 baños;26 - 52 m² útiles;Estudio a 2 dormitorios | 1 a 2 baños | 26 - 52 m² útiles;Miraflores 476, Santiago, Centro Histórico De Santiago, Santiago;
2025-11-29 17:50:59;Santiago;departamento;Edificio Origen Atacama - Norte Verde;3313;CLF;1 dormitorio;1 baño;29 - 34 m² útiles;1 dormitorio | 1 baño | 29 - 34 m² útiles;Maipú 1196, Santiago, Parque Los Reyes, Santiago;
2025-11-29 17:50:59;Santiago;departamento;Tarapacá 1140 - Brick;2444;CLF;Estudio a 1 dormitorios;1 baño;24 - 38 m² útiles;Estudio a 1 dormitorios | 1 baño | 24 - 38 m² útiles;Tarapacá 1140, Santiago, Bulnes, Santiago;
2025-11-29 17:50:59;Santiago;departamento;Diagonal Vicuña - Euro;3074;CLF;1 a 2 dormitorios;1 a 2 baños;28 - 56 m² útiles;1 a 2 dormitorios | 1 a 2 baños | 28 - 56 m² útiles;Sta. Elena 2000, Santiago, Bogotá - Sierra Bella, Santiago;
2025-11-29 17:50:59;Santiago;departamento;Santa Elena 1670 - Euro;2920;CLF;1 a 2 dormitorios;1 a 2 baños;29 - 50 m² útiles;1 a 2 dormitorios | 1 a 2 baños | 29 - 50 m² útiles;Sta. Elena 1670, Santiago, Bogotá - Sierra Bella, Santiago;
2025-11-29 17:50:59;Santiago;departamento;Rosas 1444 - Euro;3046;CLF;1 a 2 dormitorios;1 a 2 baños;28 - 55 m² útiles;1 a 2 dormitorios | 1 a 2 baños | 28 - 55 m² útiles;Rosas 1438, Santiago, Centro Histórico De Santiago, Santiago;
2025-11-29 17:50:59;Santiago;departamento;Carmen 339 - Brick;2327;CLF;Estudio a 2 dormitorios;1 a 2 baños;19 - 47 m² útiles;Estudio a 2 dormitorios | 1 a 2 baños | 19 - 47 m² útiles;Carmen 339, Santiago, Santa Isabel, Santiago;
2025-11-29 17:50:59;Santiago;departamento;Eleuterio Ramírez 645 - Stitchkin;3152;CLF;Estudio a 2 dormitorios;1 a 2 baños;25 - 53 m² útiles;Estudio a 2 dormitorios | 1 a 2 baños | 25 - 53 m² útiles;Eleuterio Ramírez 645, Santiago, Santa Isabel, Santiago;
2025-11-29 17:50:59;Santiago;departamento;Edificio San Francisco 1204;2967;CLF;1 dormitorio;1 baño;29 m² útiles;1 dormitorio | 1 baño | 29 m² útiles;San Francisco 1204, Santiago, Parque O'Higgins, Santiago;
2025-11-29 17:50:59;Santiago;departamento;Santa Elvira;3342;CLF;1 dormitorio;1 baño;34 m² útiles;1 dormitorio | 1 baño | 34 m² útiles;Sta. Elvira 97, Santiago, Bogotá - Sierra Bella, Santiago;
2025-11-29 17:50:59;Santiago;departamento;Edificio Vergara Domeyko;3299;CLF;1 dormitorio;1 baño;29 - 32 m² útiles;1 dormitorio | 1 baño | 29 - 32 m² útiles;Vergara 701, Santiago, Ejército - Toesca, Santiago;
2025-11-29 17:50:59;Santiago;departamento;Edificio Lira 622;3070;CLF;1 dormitorio;1 baño;28 - 38 m² útiles;1 dormitorio | 1 baño | 28 - 38 m² útiles;Lira 622, Santiago, Santa Isabel, Santiago;
2025-11-29 17:50:59;Santiago;departamento;Chiloé-prat;2540;CLF;1 a 2 dormitorios;1 a 2 baños;30 - 50 m² útiles;1 a 2 dormitorios | 1 a 2 baños | 30 - 50 m² útiles;Arturo Prat 1464, Parque O'Higgins, Santiago;
2025-11-29 17:50:59;Santiago;departamento;Carmen 339;2314;CLF;1 a 2 dormitorios;1 a 2 baños;19 - 47 m² útiles;1 a 2 dormitorios | 1 a 2 baños | 19 - 47 m² útiles;Carmen 339, Santa Isabel, Santiago;
2025-11-29 17:50:59;Santiago;departamento;Almagro Carrera Iv;2840;CLF;1 a 3 dormitorios;1 a 2 baños;37 - 86 m² útiles;1 a 3 dormitorios | 1 a 2 baños | 37 - 86 m² útiles;José Miguel Carrera 699, Ejército - Toesca, Santiago;
2025-11-29 17:50:59;Santiago;departamento;Edificio Parque;1920;CLF;Estudio a 2 dormitorios;1 a 2 baños;25 - 62 m² útiles;Estudio a 2 dormitorios | 1 a 2 baños | 25 - 62 m² útiles;Capitán Wood 1850, Santiago Centro, Santiago, Chile, Parque O'Higgins, Santiago;
2025-11-29 17:50:59;Santiago;departamento;Sinergía Vicuña Edificio C;2345;CLF;1 a 2 dormitorios;1 a 2 baños;35 - 57 m² útiles;1 a 2 dormitorios | 1 a 2 baños | 35 - 57 m² útiles;Franklin 200, Bogotá - Sierra Bella, Santiago;
2025-11-29 17:50:59;Santiago;departamento;San Ignacio;2245;CLF;1 a 2 dormitorios;1 a 2 baños;21 - 52 m² útiles;1 a 2 dormitorios | 1 a 2 baños | 21 - 52 m² útiles;San Ignacio 270, Dieciocho, Santiago;
2025-11-29 17:50:59;Santiago;departamento;276santiago ;1977;CLF;Estudio a 2 dormitorios;1 baño;24 - 44 m² útiles;Estudio a 2 dormitorios | 1 baño | 24 - 44 m² útiles;Av. Libertador Bernardo O´higgins 2488, Barrio República, Santiago;
2025-11-29 17:50:59;Santiago;departamento;Eco España;2190;CLF;Estudio a 2 dormitorios;1 a 2 baños;28 - 58 m² útiles;Estudio a 2 dormitorios | 1 a 2 baños | 28 - 58 m² útiles;Domeyko 2505, Barrio República, Santiago;
2025-11-29 17:50:59;Santiago;departamento;Domeyko;2434;CLF;1 a 2 dormitorios;1 a 2 baños;23 - 52 m² útiles;1 a 2 dormitorios | 1 a 2 baños | 23 - 52 m² útiles;Domeyko 2055, Santiago, Chile, Ejército - Toesca, Santiago;
2025-11-29 17:50:59;Santiago;departamento;Jofre;2727;CLF;1 a 2 dormitorios;1 a 2 baños;21 - 47 m² útiles;1 a 2 dormitorios | 1 a 2 baños | 21 - 47 m² útiles;Gral. Jofré 135, Santiago, Santa Isabel, Santiago;
2025-11-29 17:50:59;Santiago;departamento;Edificio Ciudadano Prat;2816;CLF;1 a 2 dormitorios;1 a 2 baños;24 - 53 m² útiles;1 a 2 dormitorios | 1 a 2 baños | 24 - 53 m² útiles;Arturo Prat 264, Bulnes, Santiago;
2025-11-29 17:50:59;Santiago;departamento;Carmen Root;2345;CLF;1 a 2 dormitorios;1 a 2 baños;28 - 52 m² útiles;1 a 2 dormitorios | 1 a 2 baños | 28 - 52 m² útiles;Root 555, Santa Isabel, Santiago;
2025-11-29 17:50:59;Santiago;departamento;Rosas 1444;2505;CLF;1 a 2 dormitorios;1 a 2 baños;29 - 55 m² útiles;1 a 2 dormitorios | 1 a 2 baños | 29 - 55 m² útiles;Rosas 1438, Santiago, Centro Histórico De Santiago, Santiago;
2025-11-29 17:50:59;Santiago;departamento;Diagonal Vicuña;3012;CLF;1 a 2 dormitorios;1 a 2 baños;28 - 56 m² útiles;1 a 2 dormitorios | 1 a 2 baños | 28 - 56 m² útiles;Sta. Elena 2000, Santiago, Bogotá - Sierra Bella, Santiago;
2025-11-29 17:50:59;Santiago;departamento;Edificio M-now - Santiago;2268;CLF;1 a 2 dormitorios;1 a 2 baños;23 - 48 m² útiles;1 a 2 dormitorios | 1 a 2 baños | 23 - 48 m² útiles;Mapocho Esquina Herrera, Parque Los Reyes, Santiago;
2025-11-29 17:50:59;Santiago;departamento;Zenteno;2576;CLF;1 a 2 dormitorios;1 a 2 baños;33 - 47 m² útiles;1 a 2 dormitorios | 1 a 2 baños | 33 - 47 m² útiles;Zenteno 860, San Diego, Santiago;
2025-11-29 17:50:59;Santiago;departamento;Edificio Pedro De La Barra - Rvc;2918;CLF;1 a 2 dormitorios;1 a 2 baños;31 - 61 m² útiles;1 a 2 dormitorios | 1 a 2 baños | 31 - 61 m² útiles;Pedro De La Barra 1732, Santiago, Parque Los Reyes, Santiago;
2025-11-29 17:50:59;Santiago;departamento;Balmaceda 2500 - Boetsch;2609;CLF;Estudio a 3 dormitorios;1 a 2 baños;25 - 66 m² útiles;Estudio a 3 dormitorios | 1 a 2 baños | 25 - 66 m² útiles;Av. Pdte. Balmaceda 2500, Santiago, Parque Los Reyes, Santiago;
2025-11-29 17:50:59;Santiago;departamento;Edificio Bordevivo - Norte Verde;4430;CLF;2 dormitorios;2 baños;44 m² útiles;2 dormitorios | 2 baños | 44 m² útiles;San Isidro 513, Santiago, Santa Isabel, Santiago;
2025-11-29 17:50:59;Santiago;departamento;Edificio Atelier Prat;2299;CLF;1 dormitorio;1 baño;30 m² útiles;1 dormitorio | 1 baño | 30 m² útiles;Arturo Prat 1756, Santiago, Parque O'Higgins, Santiago;
2025-11-29 17:50:59;Santiago;departamento;Corte Suprema 196;3855;CLF;2 dormitorios;2 baños;47 m² útiles;2 dormitorios | 2 baños | 47 m² útiles;Corte Suprema 196, Santiago, Bulnes, Santiago;
2025-11-29 17:50:59;Santiago;departamento;Edificio Pedro De La Barra;2626;CLF;1 a 2 dormitorios;1 a 2 baños;31 - 61 m² útiles;1 a 2 dormitorios | 1 a 2 baños | 31 - 61 m² útiles;Pedro De La Barra 1732, Parque Los Reyes, Santiago;
2025-11-29 17:50:59;Santiago;departamento;Mirador San Pablo;2120;CLF;Estudio a 2 dormitorios;1 a 2 baños;23 - 48 m² útiles;Estudio a 2 dormitorios | 1 a 2 baños | 23 - 48 m² útiles;Juan Martínez De Rozas 2938, Santiago, Parque Los Reyes, Santiago;
2025-11-29 17:50:59;Santiago;departamento;Vista Bulnes;2780;CLF;1 dormitorio;1 baño;26 - 31 m² útiles;1 dormitorio | 1 baño | 26 - 31 m² útiles;Cóndor 1152, Santiago, Parque Almagro, Santiago;
2025-11-29 17:50:59;Santiago;departamento;Santa Elena 1670 Mbi;3022;CLF;1 a 2 dormitorios;1 a 2 baños;30 - 50 m² útiles;1 a 2 dormitorios | 1 a 2 baños | 30 - 50 m² útiles;Sta. Elena 1670, Santiago, Bogotá - Sierra Bella, Santiago;
2025-11-29 17:50:59;Santiago;departamento;Mapocho 2880;2260;CLF;1 a 2 dormitorios;1 a 2 baños;32 - 48 m² útiles;1 a 2 dormitorios | 1 a 2 baños | 32 - 48 m² útiles;Av. Mapocho 2880, Santiago, Parque Los Reyes, Santiago;
2025-11-29 17:50:59;Santiago;departamento;Santa Rosa 1350;2307;CLF;1 a 2 dormitorios;1 a 2 baños;19 - 66 m² útiles;1 a 2 dormitorios | 1 a 2 baños | 19 - 66 m² útiles;Santa Rosa 1350, Santiago;
2025-11-29 17:50:59;Santiago;departamento;Vicuña Mackenna 2189;2800;CLF;1 a 2 dormitorios;1 a 2 baños;33 - 53 m² útiles;1 a 2 dormitorios | 1 a 2 baños | 33 - 53 m² útiles;Av. Vicuña Mackenna 2189, Santiago, San Joaquín, Santiago;
2025-11-29 17:50:59;Santiago;departamento;Edificio Victoria;2990;CLF;1 a 2 dormitorios;1 a 2 baños;28 - 57 m² útiles;1 a 2 dormitorios | 1 a 2 baños | 28 - 57 m² útiles;Huérfanos 801, Santiago, Centro Histórico De Santiago, Santiago;
2025-11-29 17:50:59;Santiago;departamento;131wood;1697;CLF;Estudio a 2 dormitorios;1 a 2 baños;23 - 62 m² útiles;Estudio a 2 dormitorios | 1 a 2 baños | 23 - 62 m² útiles;Capitán Wood 2041, Parque O'Higgins, Santiago;
2025-11-29 17:51:22;Santiago;departamento;Do Apartments;2437;CLF;Estudio a 3 dormitorios;1 a 3 baños;27 - 74 m² útiles;Estudio a 3 dormitorios | 1 a 3 baños | 27 - 74 m² útiles;Diez De Julio 1500, Parque Almagro, Santiago;
2025-11-29 17:51:22;Santiago;departamento; Curicó 77;2578;CLF;1 a 2 dormitorios;1 a 2 baños;21 - 48 m² útiles;1 a 2 dormitorios | 1 a 2 baños | 21 - 48 m² útiles;Curicó 77, Santiago, Santa Isabel, Santiago;
2025-11-29 17:51:22;Santiago;departamento;Edificio Ñuble;2450;CLF;1 a 2 dormitorios;1 a 2 baños;28 - 65 m² útiles;1 a 2 dormitorios | 1 a 2 baños | 28 - 65 m² útiles;Av. Vicuña Mackenna 1885, Santiago, Bogotá - Sierra Bella, Santiago;
2025-11-29 17:51:22;Santiago;departamento;Miraflores 476;2685;CLF;1 a 2 dormitorios;1 a 2 baños;26 - 52 m² útiles;1 a 2 dormitorios | 1 a 2 baños | 26 - 52 m² útiles;Miraflores 476, Centro Histórico De Santiago, Santiago;
2025-11-29 17:51:22;Santiago;departamento;Edificio Marín 443;2458;CLF;1 a 2 dormitorios;1 a 2 baños;32 - 56 m² útiles;1 a 2 dormitorios | 1 a 2 baños | 32 - 56 m² útiles;Marín 443, Santa Isabel, Santiago;
2025-11-29 17:51:22;Santiago;departamento;Balmaceda 2500;2154;CLF;Estudio a 3 dormitorios;1 a 2 baños;25 - 66 m² útiles;Estudio a 3 dormitorios | 1 a 2 baños | 25 - 66 m² útiles;Presidente Balmaceda 2500, Parque Los Reyes, Santiago;
2025-11-29 17:51:22;Santiago;departamento;Edificio Toesca 2145;2331;CLF;Estudio a 2 dormitorios;1 a 2 baños;24 - 44 m² útiles;Estudio a 2 dormitorios | 1 a 2 baños | 24 - 44 m² útiles;Toesca 2145, Barrio República, Santiago;
2025-11-29 17:51:22;Santiago;departamento;Live Plus +;3489;CLF;Estudio a 1 dormitorios;1 baño;23 - 35 m² útiles;Estudio a 1 dormitorios | 1 baño | 23 - 35 m² útiles;José Miguel Carrera 86, Ejército - Toesca, Santiago;
2025-11-29 17:51:22;Santiago;departamento;Vive Domeyko;2285;CLF;1 a 2 dormitorios;1 a 2 baños;23 - 55 m² útiles;1 a 2 dormitorios | 1 a 2 baños | 23 - 55 m² útiles;Avenida España 702, Santiago, Chile, Barrio República, Santiago;
2025-11-29 17:51:22;Santiago;departamento;Vive Barroso;2540;CLF;1 a 2 dormitorios;1 a 2 baños;22 - 51 m² útiles;1 a 2 dormitorios | 1 a 2 baños | 22 - 51 m² útiles;Almi, Barrio Brasil, Santiago;
2025-11-29 17:51:22;Santiago;departamento;Edificio Quintavista - Norte Verde;2828;CLF;Estudio a 1 dormitorios;1 baño;27 - 34 m² útiles;Estudio a 1 dormitorios | 1 baño | 27 - 34 m² útiles;Santo Domingo 3810, Santiago, Santiago;
2025-11-29 17:51:22;Santiago;departamento;Edificio Parque Panamá - Norte Verde;2863;CLF;Estudio a 1 dormitorios;1 baño;22 - 33 m² útiles;Estudio a 1 dormitorios | 1 baño | 22 - 33 m² útiles;Juan Martínez De Rozas 2262, Santiago, Parque Los Reyes, Santiago;
2025-11-29 17:51:22;Santiago;departamento;Angamos;2789;CLF;1 dormitorio;1 baño;31 m² útiles;1 dormitorio | 1 baño | 31 m² útiles;General Jofré 376, Santiago, Chile, Santa Isabel, Santiago;
2025-11-29 17:51:22;Santiago;departamento;Edificio Quintavista;2412;CLF;Estudio a 1 dormitorios;1 baño;27 - 34 m² útiles;Estudio a 1 dormitorios | 1 baño | 27 - 34 m² útiles;Santo Domingo 3810, Santiago, Santiago;
2025-11-29 17:51:22;Santiago;departamento;Edificio Origen Atacama;2531;CLF;Estudio a 2 dormitorios;1 a 2 baños;22 - 48 m² útiles;Estudio a 2 dormitorios | 1 a 2 baños | 22 - 48 m² útiles;Maipú 1196, Santiago, Parque Los Reyes, Santiago;
2025-11-29 17:51:22;Santiago;departamento;Neo Art;4428;CLF;2 dormitorios;2 baños;56 - 57 m² útiles;2 dormitorios | 2 baños | 56 - 57 m² útiles;Eleuterio Ramirez 1427, Parque Almagro, Santiago;
2025-11-29 17:51:22;Santiago;departamento;Edificio Bordevivo;2886;CLF;1 a 2 dormitorios;1 a 2 baños;30 - 44 m² útiles;1 a 2 dormitorios | 1 a 2 baños | 30 - 44 m² útiles;San Isidro 513, Santiago, Santa Isabel, Santiago;
2025-11-29 17:51:22;Santiago;departamento;Edificio Padre Orellana;2862;CLF;1 a 2 dormitorios;1 a 2 baños;38 - 53 m² útiles;1 a 2 dormitorios | 1 a 2 baños | 38 - 53 m² útiles;Padre Orellana 1308, Santiago, Bogotá - Sierra Bella, Santiago;
2025-11-29 17:51:22;Santiago;departamento;Concepto Best Site - Imagina;2700;CLF;1 dormitorio;1 baño;32 - 49 m² útiles;1 dormitorio | 1 baño | 32 - 49 m² útiles;Av. Rosas 1220, Centro Histórico De Santiago, Santiago;
2025-11-29 17:51:22;Santiago;departamento;Edificio Parque Panamá;2513;CLF;Estudio a 2 dormitorios;1 a 2 baños;22 - 50 m² útiles;Estudio a 2 dormitorios | 1 a 2 baños | 22 - 50 m² útiles;Juan Martínez De Rozas 2262, Santiago, Parque Los Reyes, Santiago;
2025-11-29 17:51:22;Santiago;departamento;Edificio San Pablo;2845;CLF;1 a 2 dormitorios;1 baño;33 - 45 m² útiles;1 a 2 dormitorios | 1 baño | 33 - 45 m² útiles;Av. San Pablo & Avenida Manuel Rodríguez, Santiago, Chile, Barrio Brasil, Santiago;
2025-11-29 17:51:22;Santiago;departamento;Barrio Zenteno;2504;CLF;1 a 3 dormitorios;1 a 2 baños;31 - 59 m² útiles;1 a 3 dormitorios | 1 a 2 baños | 31 - 59 m² útiles;Zenteno 1276, Parque O'Higgins, Santiago;
2025-11-29 17:51:22;Santiago;departamento;Edificio Link Sm;2680;CLF;1 a 2 dormitorios;1 a 2 baños;27 - 58 m² útiles;1 a 2 dormitorios | 1 a 2 baños | 27 - 58 m² útiles;San Martín 970, Santiago, Centro Histórico De Santiago, Santiago;
2025-11-29 17:51:22;Santiago;departamento;Edificio Arquitecto Toesca;2720;CLF;Estudio a 2 dormitorios;1 a 2 baños;33 - 60 m² útiles;Estudio a 2 dormitorios | 1 a 2 baños | 33 - 60 m² útiles;Toesca 2576, Santiago, Barrio República, Santiago;
2025-11-29 17:51:22;Santiago;departamento;Edificio Amunátegui;3014;CLF;2 dormitorios;2 baños;60 - 66 m² útiles;2 dormitorios | 2 baños | 60 - 66 m² útiles;Amunátegui 866, Centro Histórico De Santiago, Santiago;
2025-11-29 17:51:22;Santiago;departamento;Edificio Living Town;3112;CLF;1 a 2 dormitorios;1 a 2 baños;29 - 48 m² útiles;1 a 2 dormitorios | 1 a 2 baños | 29 - 48 m² útiles;Eyzaguirre 590, Santiago, Barrio Diez De Julio, Santiago;
2025-11-29 17:51:22;Santiago;departamento;Parque Del Sur;1880;CLF;1 dormitorio;1 baño;18 - 32 m² útiles;1 dormitorio | 1 baño | 18 - 32 m² útiles;General González Balcarce 2020, Parque O'Higgins, Santiago;
2025-11-29 17:51:22;Santiago;departamento;Edificio Rondizzoni;3023;CLF;1 a 2 dormitorios;1 a 2 baños;31 - 46 m² útiles;1 a 2 dormitorios | 1 a 2 baños | 31 - 46 m² útiles;San Ignacio De Loyola 1801, Santiago, Parque O'Higgins, Santiago;
2025-11-29 17:51:22;Santiago;departamento;Edificio Yungay;1957;CLF;1 a 3 dormitorios;1 a 2 baños;27 - 62 m² útiles;1 a 3 dormitorios | 1 a 2 baños | 27 - 62 m² útiles;Calle Yungay 2570, Parque Los Reyes, Santiago;
2025-11-29 17:51:22;Santiago;departamento;Edificio Tocornal;2150;CLF;Estudio a 3 dormitorios;1 a 2 baños;28 - 67 m² útiles;Estudio a 3 dormitorios | 1 a 2 baños | 28 - 67 m² útiles;Tocornal 636, Santa Isabel, Santiago;
2025-11-29 17:51:22;Santiago;departamento;Compañia;2153;CLF;Estudio a 2 dormitorios;1 a 2 baños;23 - 50 m² útiles;Estudio a 2 dormitorios | 1 a 2 baños | 23 - 50 m² útiles;Compañía De Jesús 1735, Barrio Brasil, Santiago;
2025-11-29 17:51:22;Santiago;departamento;Eco Arauco;2249;CLF;1 a 2 dormitorios;1 a 2 baños;34 - 51 m² útiles;1 a 2 dormitorios | 1 a 2 baños | 34 - 51 m² útiles;San Diego 2044, Santiago, Franklin - Biobío, Santiago;
2025-11-29 17:51:22;Santiago;departamento;Edificio Punto Arq Barrio Hípico;1782;CLF;1 a 2 dormitorios;1 a 2 baños;20 - 43 m² útiles;1 a 2 dormitorios | 1 a 2 baños | 20 - 43 m² útiles;Abate Molina 590, Santiago, Barrio República, Santiago;
2025-11-29 17:51:22;Santiago;departamento;Eco Espacios;2624;CLF;Estudio a 2 dormitorios;1 a 2 baños;28 - 50 m² útiles;Estudio a 2 dormitorios | 1 a 2 baños | 28 - 50 m² útiles;Maimónides 551, Santiago, Chile, Santa Isabel, Santiago;
2025-11-29 17:51:22;Santiago;departamento;Tarapacá 1140;2133;CLF;Estudio a 2 dormitorios;1 a 2 baños;24 - 49 m² útiles;Estudio a 2 dormitorios | 1 a 2 baños | 24 - 49 m² útiles;Tarapacá 1140, Bulnes, Santiago;
2025-11-29 17:51:22;Santiago;departamento;Santa Victoria 155;3047;CLF;1 a 3 dormitorios;1 a 3 baños;31 - 98 m² útiles;1 a 3 dormitorios | 1 a 3 baños | 31 - 98 m² útiles;Sta Victoria 155, Santa Isabel, Santiago;
2025-11-29 17:51:22;Santiago;departamento;Centro Oriente;2240;CLF;Estudio a 2 dormitorios;1 a 2 baños;22 - 52 m² útiles;Estudio a 2 dormitorios | 1 a 2 baños | 22 - 52 m² útiles;Pasaje Vicuña Mackenna 669, Barrio Diez De Julio, Santiago;
2025-11-29 17:51:22;Santiago;departamento;Distrito Bustamante;2788;CLF;Estudio a 2 dormitorios;1 a 2 baños;22 - 58 m² útiles;Estudio a 2 dormitorios | 1 a 2 baños | 22 - 58 m² útiles;General Jofré 56, Santiago, Chile, Santa Isabel, Santiago;
2025-11-29 17:51:22;Santiago;departamento;Edificio Claudio Gay 2534;1990;CLF;1 a 2 dormitorios;1 a 2 baños;20 - 51 m² útiles;1 a 2 dormitorios | 1 a 2 baños | 20 - 51 m² útiles;Claudio Gay, Santiago, Barrio República, Santiago;
2025-11-29 17:51:22;Santiago;departamento;Edificio Lira 157;2475;CLF;1 a 2 dormitorios;1 a 2 baños;32 - 49 m² útiles;1 a 2 dormitorios | 1 a 2 baños | 32 - 49 m² útiles;Lira 157, Santa Isabel, Santiago;
2025-11-29 17:51:22;Santiago;departamento;Mosaic Art;2950;CLF;1 a 2 dormitorios;1 a 2 baños;33 - 50 m² útiles;1 a 2 dormitorios | 1 a 2 baños | 33 - 50 m² útiles;Arturo Prat 565, San Diego, Santiago;
2025-11-29 17:51:22;Santiago;departamento;Eleuterio Ramírez 645;2616;CLF;Estudio a 2 dormitorios;1 a 2 baños;28 - 53 m² útiles;Estudio a 2 dormitorios | 1 a 2 baños | 28 - 53 m² útiles;Eleuterio Ramírez 645, Santa Isabel, Santiago;
2025-11-29 17:51:22;Santiago;departamento;Move;3289;CLF;1 a 2 dormitorios;1 a 2 baños;36 - 51 m² útiles;1 a 2 dormitorios | 1 a 2 baños | 36 - 51 m² útiles;Franklin 318, Santiago, Bogotá - Sierra Bella, Santiago;
2025-11-29 17:51:22;Santiago;departamento;Edificio Plaza Lira;2832;CLF;1 a 2 dormitorios;1 a 2 baños;33 - 48 m² útiles;1 a 2 dormitorios | 1 a 2 baños | 33 - 48 m² útiles;Sta Victoria 382, Santiago, Santa Isabel, Santiago;
2025-11-29 17:51:22;Santiago;departamento;Distrito Barroso;2993;CLF;1 a 2 dormitorios;1 a 2 baños;33 - 57 m² útiles;1 a 2 dormitorios | 1 a 2 baños | 33 - 57 m² útiles;Rosas 1777, Barrio Brasil, Santiago;
2025-11-29 17:51:22;Santiago;departamento;Bello Departamento Con Vista Privilegiada Al Parque Forestal;15600;CLF;4 dormitorios;3 baños;243 m² útiles;4 dormitorios | 3 baños | 243 m² útiles;Ismael Valdés Vergara 296, Santiago, Barrio Lastarria, Santiago;
2025-11-29 17:51:22;Santiago;departamento;Depto. 1d/1b Y Bodega, Santa Isabel, Metro Almagro, Santiago;2230;CLF;1 dormitorio;1 baño;31 m² útiles;1 dormitorio | 1 baño | 31 m² útiles;Santa Isabel, Metro Almagro, Santiago, San Diego, Santiago;
2025-11-29 17:51:22;Santiago;departamento;Oportunidad Departamento 1d+1b Parque Bustamante;1690;CLF;1 dormitorio;1 baño;37 m² útiles;1 dormitorio | 1 baño | 37 m² útiles;Argomedo 65, Santiago, Santa Isabel, Santiago;
2025-11-29 17:51:31;Santiago;departamento;Depto En Venta De 3 Dorm. En Santiago / Estacionamiento Y Bd;3200;CLF;3 dormitorios;2 baños;64 m² útiles;3 dormitorios | 2 baños | 64 m² útiles;LORD COCHRANE / ELEUTERIO RAMIREZ / ESTAC. Y BODEGA, Parque Almagro, Santiago;
2025-11-29 17:51:31;Santiago;departamento;Departamento En Venta En Santiago;97500000;CLP;2 dormitorios;2 baños;60 m² útiles;2 dormitorios | 2 baños | 60 m² útiles;San Martín 83, Santiago, Santiago;
2025-11-29 17:51:31;Santiago;departamento;Invierte O Vive En Un Sector Privilegiado;2200;CLF;1 dormitorio;1 baño;36 m² útiles;1 dormitorio | 1 baño | 36 m² útiles;SANTO DOMINGO, 600 - 900, Centro Histórico De Santiago, Santiago;
2025-11-29 17:51:31;Santiago;departamento;Vista Panorámica En En Centro De Santiago;2690;CLF;2 dormitorios;1 baño;52 m² útiles;2 dormitorios | 1 baño | 52 m² útiles;Santa Rosa, 1 - 300, San Diego, Santiago;
2025-11-29 17:51:31;Santiago;departamento;Vista Panorámica Depto 2 D + 2 B Con Estac. Y Bod.;2690;CLF;2 dormitorios;2 baños;55 m² útiles;2 dormitorios | 2 baños | 55 m² útiles;San Ignacio De Loyola, 0, Parque O'Higgins, Santiago;
2025-11-29 17:51:31;Santiago;departamento;Oportunidad! Lindo Dpto 2 Dorm A Pasos Del Metro;1790;CLF;2 dormitorios;1 baño;59 m² útiles;2 dormitorios | 1 baño | 59 m² útiles;Paseo Bulnes / Tarapacá, 0, Santiago;
2025-11-29 17:51:31;Santiago;departamento;Fray Camilo Con Jofre - Metro Bustamante;2690;CLF;2 dormitorios;1 baño;51 m² útiles;2 dormitorios | 1 baño | 51 m² útiles;Fray Camilo Henríquez 180, Santiago, Santa Isabel, Santiago;
2025-11-29 17:51:31;Santiago;departamento;Departamentos  Oficina, Comercio O Vivienda.precio Conversab;3500;CLF;3 dormitorios;3 baños;95 m² útiles;3 dormitorios | 3 baños | 95 m² útiles;Bombero Adolfo Ossa 1010, Santiago, Centro Histórico De Santiago, Santiago;
2025-11-29 17:51:31;Santiago;departamento;Departamento En Venta De 1 Dorm. En Santiago;1590;CLF;1 dormitorio;1 baño;36 m² útiles;1 dormitorio | 1 baño | 36 m² útiles;Departamento, Barrio Diez De Julio, Santiago;
2025-11-29 17:51:31;Santiago;departamento;Estupendo Departamento Barrio República Dos Estacionamientos;180000000;CLP;3 dormitorios;2 baños;72 m² útiles;3 dormitorios | 2 baños | 72 m² útiles;Av. España 613, Santiago, Barrio República, Santiago;
2025-11-29 17:51:31;Santiago;departamento;Excelente Ubicación Y Conectividad / A Pasos Metro;1758;CLF;1 dormitorio;1 baño;32 m² útiles;1 dormitorio | 1 baño | 32 m² útiles;Av. Sta. Isabel 747, Santiago, San Diego, Santiago;
2025-11-29 17:51:31;Santiago;departamento;Departamento En Santiago. Santa Isabel / San Ignacio.;2800;CLF;;2 baños;62 m² útiles;2 baños | 62 m² útiles;San Ignacio, Parque Almagro, Santiago;
2025-11-29 17:51:31;Santiago;departamento;Departamento Amoblado Metro Moneda En Venta;1480;CLF;1 dormitorio;1 baño;28 m² útiles;1 dormitorio | 1 baño | 28 m² útiles;Lord Cochrane 181, Bulnes, Santiago;
2025-11-29 17:51:31;Santiago;departamento;Excelente Departamento En Santiago!!;1800;CLF;1 dormitorio;1 baño;38 m² útiles;1 dormitorio | 1 baño | 38 m² útiles;Moneda 1500 - 1800, Santiago, Centro Histórico De Santiago, Santiago;
2025-11-29 17:51:31;Santiago;departamento;Remodelado En Barrio Lastarria;4950;CLF;3 dormitorios;2 baños;89 m² útiles;3 dormitorios | 2 baños | 89 m² útiles;Merced 380, Santiago, Barrio Lastarria, Santiago;
2025-11-29 17:51:31;Santiago;departamento;En Carmen 319, 2 Dormitorios, Sin Comisión;3090;CLF;2 dormitorios;2 baños;58 m² útiles;2 dormitorios | 2 baños | 58 m² útiles;Carmen 319, Santiago, Chile, Santa Isabel, Santiago;
2025-11-29 17:51:31;Santiago;departamento;Domeyko 2010, 2 Dormitorios Estilo Mariposa, Sin Comisión;3390;CLF;2 dormitorios;2 baños;52 m² útiles;2 dormitorios | 2 baños | 52 m² útiles;Domeyko 2010, Santiago, Chile, Ejército - Toesca, Santiago;
2025-11-29 17:51:31;Santiago;departamento;Venta Sin Comisión | Lord Cochrane 209, Stgo. Centro;2790;CLF;2 dormitorios;2 baños;54 m² útiles;2 dormitorios | 2 baños | 54 m² útiles;Lord Cochrane 209, Santiago, Bulnes, Santiago;
2025-11-29 17:51:31;Santiago;departamento;Ejército Libertador 688, 1 Dormitorio , Sin Comisión;1490;CLF;1 dormitorio;1 baño;37 m² útiles;1 dormitorio | 1 baño | 37 m² útiles;Av. Ejército Libertador 688, Santiago, Chile, Ejército - Toesca, Santiago;
2025-11-29 17:51:31;Santiago;departamento;Sin Comisión! Manuel Antonio Matta 99, 2 Dorm Estac. Y Bod.;2690;CLF;2 dormitorios;2 baños;46 m² útiles;2 dormitorios | 2 baños | 46 m² útiles;Av. Manuel Antonio Matta 99, Santiago, Barrio Diez De Julio, Santiago;
2025-11-29 17:51:31;Santiago;departamento;Martinez De Rozas 2375, 1 Dorm, Sin Comisión;1890;CLF;1 dormitorio;1 baño;33 m² útiles;1 dormitorio | 1 baño | 33 m² útiles;Juan Martínez De Rozas 2375, Santiago, Chile, Parque Los Reyes, Santiago;
2025-11-29 17:51:31;Santiago;departamento;Vicuña Mackenna 2004, 1 Dormitorio Y Estac. ¡sin Comisión!;2290;CLF;1 dormitorio;1 baño;30 m² útiles;1 dormitorio | 1 baño | 30 m² útiles;Av. Vicuña Mackenna 2004, Santiago, Bogotá - Sierra Bella, Santiago;
2025-11-29 17:51:31;Santiago;departamento;Blanco Encalada 1727 1 Dormitorio Sin Comisión;1400;CLF;1 dormitorio;1 baño;22 m² útiles;1 dormitorio | 1 baño | 22 m² útiles;Av. Almte. Blanco Encalada 1727, Santiago, Ejército - Toesca, Santiago;
2025-11-29 17:51:31;Santiago;departamento;Edificio Almagro, Domeyko 2010, 1  Dormitorio, Sin Comision!;2390;CLF;1 dormitorio;1 baño;35 m² útiles;1 dormitorio | 1 baño | 35 m² útiles;Domeyko 2010, Santiago, Ejército - Toesca, Santiago;
2025-11-29 17:51:31;Santiago;departamento;Fray Camilo Henriquez 463, 2 Dormitorios, Sin Comisión;2390;CLF;2 dormitorios;1 baño;50 m² útiles;2 dormitorios | 1 baño | 50 m² útiles;Fray Camilo Henríquez 463, Santiago, Santa Isabel, Santiago;
2025-11-29 17:51:31;Santiago;departamento;San Francisco 350 -  3 Dormitorios Y 2 Baños, Sin Comisión;2390;CLF;3 dormitorios;2 baños;60 m² útiles;3 dormitorios | 2 baños | 60 m² útiles;San Francisco 350, Edificio San Francisco Club, Santiago, San Diego, Santiago;
2025-11-29 17:51:31;Santiago;departamento;Santa Victoria 492, 2 Dorm, Sin Comisión;2790;CLF;2 dormitorios;2 baños;56 m² útiles;2 dormitorios | 2 baños | 56 m² útiles;Sta Victoria 492, Santa Isabel, Santiago;
2025-11-29 17:51:31;Santiago;departamento;Metro Toesca Av Ejercito 688, 1 Dormitorio,  Sin Comisión;1590;CLF;1 dormitorio;1 baño;37 m² útiles;1 dormitorio | 1 baño | 37 m² útiles;Av. Ejército Libertador 688, Santiago, Chile, Ejército - Toesca, Santiago;
2025-11-29 17:51:31;Santiago;departamento;San Isidro 520 2 Dormitorios, Sin Comisión;2490;CLF;2 dormitorios;1 baño;48 m² útiles;2 dormitorios | 1 baño | 48 m² útiles;San Isidro 520, Santiago, Santa Isabel, Santiago;
2025-11-29 17:51:31;Santiago;departamento;Departamento En Venta 1 Dormitorio Metro La Moneda ;1650;CLF;1 dormitorio;1 baño;29 m² útiles;1 dormitorio | 1 baño | 29 m² útiles;Metro La Moneda. Calle Tarapaca Con Nataniel Cox. Oportunida De Inversión !!!, Bulnes, Santiago;
2025-11-29 17:51:31;Santiago;departamento;Departamento En Venta De 2 Dorm. En Santiago;2400;CLF;2 dormitorios;2 baños;40 m² útiles;2 dormitorios | 2 baños | 40 m² útiles;Departamento Cercano A Parque O Higgins Y Metro Rondizzoni, Parque O'Higgins, Santiago;
2025-11-29 17:51:31;Santiago;departamento;Departamento En Venta De 1 Dorm. En Santiago;2400;CLF;1 dormitorio;1 baño;34 m² útiles;1 dormitorio | 1 baño | 34 m² útiles;Santa Elena 898, Barrio Diez De Julio, Santiago;
2025-11-29 17:51:31;Santiago;departamento;Depto En Venta 2 Dorm. 2 Baños 1 Bod. En Santiago De Invers.;2800;CLF;2 dormitorios;2 baños;53 m² útiles;2 dormitorios | 2 baños | 53 m² útiles;Oportunidad De Inversion!!! Lira Con Santa Isabel, Santa Isabel, Santiago;
2025-11-29 17:51:31;Santiago;departamento;Venta Depto. Eleuterio Ramírez 2d+2b+1e+1bg;95000000;CLP;2 dormitorios;2 baños;48 m² útiles;2 dormitorios | 2 baños | 48 m² útiles;Eleuterio Ramírez, 1 - 300, Bulnes, Santiago;
2025-11-29 17:51:31;Santiago;departamento;Departamento General Mackenna Id: 156068;3400;CLF;2 dormitorios;2 baños;53 m² útiles;2 dormitorios | 2 baños | 53 m² útiles;General Mackenna, Centro Histórico De Santiago, Santiago;
2025-11-29 17:51:31;Santiago;departamento;Departamento Domeyko Id: 143205;3600;CLF;3 dormitorios;2 baños;69 m² útiles;3 dormitorios | 2 baños | 69 m² útiles;Domeyko, Barrio República, Santiago;
2025-11-29 17:51:31;Santiago;departamento;Departamento Monjitas Id: 160337;80000000;CLP;1 dormitorio;1 baño;35 m² útiles;1 dormitorio | 1 baño | 35 m² útiles;Monjitas, Barrio Lastarria, Santiago;
2025-11-29 17:51:31;Santiago;departamento;2 Dormitorios Argomedo/ Raulí;2990;CLF;2 dormitorios;2 baños;60 m² útiles;2 dormitorios | 2 baños | 60 m² útiles;Santa Isabel, Santiago;
2025-11-29 17:51:31;Santiago;departamento;Departamento En Venta En Ejército - Toesca;3500;CLF;2 dormitorios;2 baños;44 m² útiles;2 dormitorios | 2 baños | 44 m² útiles;Ejército - Toesca, Santiago;
2025-11-29 17:51:31;Santiago;departamento;Departamento Los Sacramentinos 2 Dormitorios;3590;CLF;2 dormitorios;2 baños;65 m² útiles;2 dormitorios | 2 baños | 65 m² útiles;San Diego, Santiago;
2025-11-29 17:51:31;Santiago;departamento;Barrio Lastarria Impresionante Remodelación Forestal;13500;CLF;3 dormitorios;2 baños;189 m² útiles;3 dormitorios | 2 baños | 189 m² útiles;Miraflores  Depto, Centro Histórico De Santiago, Santiago;
2025-11-29 17:51:31;Santiago;departamento;Amplio Y Luminoso Departamento Centro Cívico;3445;CLF;2 dormitorios;2 baños;54 m² útiles;2 dormitorios | 2 baños | 54 m² útiles;Morandé, Centro Histórico De Santiago, Santiago;
2025-11-29 17:51:31;Santiago;departamento;Maravilloso Departamento Duplex Frente A Parque Forestal;17000;CLF;7 dormitorios;4 baños;255 m² útiles;7 dormitorios | 4 baños | 255 m² útiles;Ismael Valdés Vergara , Departamento, Barrio Lastarria, Santiago;
2025-11-29 17:51:31;Santiago;departamento;Espectacular Vista 2d/2b En Stgo Centro;2870;CLF;2 dormitorios;2 baños;60 m² útiles;2 dormitorios | 2 baños | 60 m² útiles;Morandé , Dpto, Centro Histórico De Santiago, Santiago;
2025-11-29 17:51:31;Santiago;departamento;Departamento Bulnes/tarapaca;147990000;CLP;5 dormitorios;2 baños;120 m² útiles;5 dormitorios | 2 baños | 120 m² útiles;Bulnes/Tarapaca, Bulnes, Santiago;
2025-11-29 17:51:31;Santiago;departamento;Departamento En Venta De 2 Dorm. En Santiago;3000;CLF;2 dormitorios;2 baños;100 m² útiles;2 dormitorios | 2 baños | 100 m² útiles;Sector Plaza De Armas, Santiago, Centro Histórico De Santiago, Santiago;
2025-11-29 17:51:31;Santiago;departamento;Depto Nuevos A Estrenar Inmediato Metro Franklin Santiago;2400;CLF;1 dormitorio;1 baño;36 m² útiles;1 dormitorio | 1 baño | 36 m² útiles;Metro Franklin, Franklin - Biobío, Santiago;
2025-11-29 17:51:31;Santiago;departamento;En Venta 2 Dormitorios Con 2 Baños Arturo Prat ;3350;CLF;2 dormitorios;2 baños;42 m² útiles;2 dormitorios | 2 baños | 42 m² útiles;Arturo Prat - Metro U De Chile., San Diego, Santiago;
2025-11-29 17:52:23;Santiago;departamento;Departamento En Santiago / Condiciones Esp Financiamiento;1579;CLF;1 dormitorio;1 baño;27 m² útiles;1 dormitorio | 1 baño | 27 m² útiles;Maturana 750, Departamento 204B, Barrio Brasil, Santiago;
2025-11-29 17:52:23;Santiago;departamento;Triplex En Santiago, Condiciones Especiales ;14528;CLF;6 dormitorios;7 baños;354 m² útiles;6 dormitorios | 7 baños | 354 m² útiles;Calle Merced Nº106, Departamento Nº701, Barrio Lastarria, Santiago;
2025-11-29 17:52:23;Santiago;departamento;Departamento En Venta De 1 Dorm. Remodelado En Santiago;1799;CLF;1 dormitorio;1 baño;45 m² útiles;1 dormitorio | 1 baño | 45 m² útiles;Metro Universidad De Chile/serrano, Barrio República, Santiago;
2025-11-29 17:52:23;Santiago;departamento;Departamento En Venta Metro Ñuble;90000000;CLP;2 dormitorios;1 baño;48 m² útiles;2 dormitorios | 1 baño | 48 m² útiles;Metro Nuble, Bogotá - Sierra Bella, Santiago;
2025-11-29 17:52:23;Santiago;departamento;Departamento En Venta En Barrio Yungay;60000000;CLP;2 dormitorios;1 baño;40 m² útiles;2 dormitorios | 1 baño | 40 m² útiles;Esperanza 762, Santiago, Barrio Yungay, Santiago;
2025-11-29 17:52:23;Santiago;departamento;Increíble Depto. 100% Remodelado- Estacionamiento Y Bodega;159000000;CLP;1 dormitorio;2 baños;67 m² útiles;1 dormitorio | 2 baños | 67 m² útiles;Ramón Corvalán Melgarejo 37, Santiago, Barrio San Borja, Santiago;
2025-11-29 17:52:23;Santiago;departamento;Moderno Depto. Cercano A Metro Santa Ana;1589;CLF;1 dormitorio;1 baño;36 m² útiles;1 dormitorio | 1 baño | 36 m² útiles;San Martín 733, Santiago, Centro Histórico De Santiago, Santiago;
2025-11-29 17:52:23;Santiago;departamento;Departamento 2d+2b+1e+1b;4400;CLF;2 dormitorios;2 baños;56 m² útiles;2 dormitorios | 2 baños | 56 m² útiles;José Miguel Carrera 359, Santiago, Chile, Ejército - Toesca, Santiago;
2025-11-29 17:52:23;Santiago;departamento;Venta Depto 1d+1b+bod En Catedral/ Plaza De Armas;2020;CLF;1 dormitorio;1 baño;43 m² útiles;1 dormitorio | 1 baño | 43 m² útiles;CATEDRAL 1300, Centro Histórico De Santiago, Santiago;
2025-11-29 17:52:23;Santiago;departamento;Departamento En Venta En Centro Histórico De Santiago;3000;CLF;1 dormitorio;1 baño;47 m² útiles;1 dormitorio | 1 baño | 47 m² útiles;Merced 562, Santiago, Centro Histórico De Santiago, Santiago;
2025-11-29 17:52:23;Santiago;departamento;Departamento En Venta En Centro Histórico De Santiago;2900;CLF;2 dormitorios;2 baños;52 m² útiles;2 dormitorios | 2 baños | 52 m² útiles;Tucapel Jiménez, Santiago, Centro Histórico De Santiago, Santiago;
2025-11-29 17:52:23;Santiago;departamento;Oferta Departamento 1 Dormitorio Metro Santa Lucía;61990000;CLP;1 dormitorio;1 baño;2 m² útiles;1 dormitorio | 1 baño | 2 m² útiles;Av. Sta. Rosa 146, Santiago, Santa Isabel, Santiago;
2025-11-29 17:52:23;Santiago;departamento;Venta Departamento En Mosqueto, Metro Bellas Artes, Santiago;1590;CLF;1 dormitorio;1 baño;28 m² útiles;1 dormitorio | 1 baño | 28 m² útiles;Mosqueto 419, Santiago, Centro Histórico De Santiago, Santiago;
2025-11-29 17:52:23;Santiago;departamento;Departamento 2 Dormitorios 1 Baño, C/ Est,  Ñuble;2350;CLF;2 dormitorios;1 baño;44 m² útiles;2 dormitorios | 1 baño | 44 m² útiles;Av. Vicuña Mackenna 2004, Ñuñoa, Santiago, Bogotá - Sierra Bella, Santiago;
2025-11-29 17:52:23;Santiago;departamento;Céntrico, Cerca De Metro U De Chile.;70000000;CLP;1 dormitorio;1 baño;30 m² útiles;1 dormitorio | 1 baño | 30 m² útiles;San Francisco 335, Santiago, San Diego, Santiago;
2025-11-29 17:52:23;Santiago;departamento;Departamento Nuevo 2d 2b Mariposa, Santa Isabel;3590;CLF;2 dormitorios;2 baños;38 m² útiles;2 dormitorios | 2 baños | 38 m² útiles;Santa Isabel 920, San Diego, Santiago;
2025-11-29 17:52:23;Santiago;departamento;Departamento/oficina En El Corazón Del Barrio De Gobierno;4000;CLF;5 dormitorios;2 baños;120 m² útiles;5 dormitorios | 2 baños | 120 m² útiles;Valentín Letelier 1373, Depto 506 C, Santiago, Centro Histórico De Santiago, Santiago;
2025-11-29 17:52:23;Santiago;departamento;Departamento 3 Dormitorios 1 Baño Copiapo, Santiago.;95000000;CLP;3 dormitorios;1 baño;70 m² útiles;3 dormitorios | 1 baño | 70 m² útiles;Copiapó 430, Santiago, Barrio Diez De Julio, Santiago;
2025-11-29 17:52:23;Santiago;departamento;Depto. En Venta 2d-2b-bod.;141000000;CLP;2 dormitorios;2 baños;68 m² útiles;2 dormitorios | 2 baños | 68 m² útiles;Echaurren 424, Santiago, Barrio República, Santiago;
2025-11-29 17:52:23;Santiago;departamento;Depto 2d-2b-1est. Tipo Mariposa Domeyko/carrera-metro Toesca;3290;CLF;2 dormitorios;2 baños;56 m² útiles;2 dormitorios | 2 baños | 56 m² útiles;Domeyko 1800 - 2100, Santiago, Ejército - Toesca, Santiago;
2025-11-29 17:52:23;Santiago;departamento;Vista Despejada A La Cordillera Metro Ñuble 2 D + 1 B;2000;CLF;2 dormitorios;1 baño;41 m² útiles;2 dormitorios | 1 baño | 41 m² útiles;Av. Vicuña Mackenna 1725, Santiago, Bogotá - Sierra Bella, Santiago;
2025-11-29 17:52:23;Santiago;departamento;Estudio Calle Lord Cochrane A Cuadras Del Metro La Moneda;1450;CLF;1 dormitorio;1 baño;25 m² útiles;1 dormitorio | 1 baño | 25 m² útiles;Lord Cochrane 98, Bulnes, Santiago;
2025-11-29 17:52:23;Santiago;departamento;Maravilloso Depto Mariposa Remodelado;2290;CLF;2 dormitorios;2 baños;52 m² útiles;2 dormitorios | 2 baños | 52 m² útiles;Av. Manuel Antonio Matta 747, Santiago, San Diego, Santiago;
2025-11-29 17:52:23;Santiago;departamento;Departamento 1d 1b Mirador Parque Los Reyes;1890;CLF;1 dormitorio;1 baño;40 m² útiles;1 dormitorio | 1 baño | 40 m² útiles;Av. Pdte. Balmaceda 2170, Parque Los Reyes, Santiago;
2025-11-29 17:52:23;Santiago;departamento;Estudio Con Bodega En Jofré 180, ¡solo 1.670 Uf!;1670;CLF;1 dormitorio;1 baño;24 m² útiles;1 dormitorio | 1 baño | 24 m² útiles;Gral. Jofré 180, Santiago, Santa Isabel, Santiago;
2025-11-29 17:52:23;Santiago;departamento;Rebajado! Departamento 1d+1b, Estacionamiento Y Bodega.;1690;CLF;1 dormitorio;1 baño;31 m² útiles;1 dormitorio | 1 baño | 31 m² útiles;Lord Cochrane 252, Santiago, Bulnes, Santiago;
2025-11-29 17:52:23;Santiago;departamento;Depto Antiguo Remodelado - Metro Santa Lucia;2250;CLF;1 dormitorio;1 baño;43 m² útiles;1 dormitorio | 1 baño | 43 m² útiles;Guayaquil 527, Santiago, Santa Isabel, Santiago;
2025-11-29 17:52:23;Santiago;departamento;Venta Departamento 2 Dorm 2 Baño C/est Y Bod Piso 13;4100;CLF;2 dormitorios;2 baños;64 m² útiles;2 dormitorios | 2 baños | 64 m² útiles;Av. Vicuña Mackenna 2004, Santiago, Bogotá - Sierra Bella, Santiago;
2025-11-29 17:52:23;Santiago;departamento;Vendo/arriendo Depto 1 Dorm.+1 Baño + 1 Est.;2200;CLF;1 dormitorio;1 baño;35 m² útiles;1 dormitorio | 1 baño | 35 m² útiles;Avenida Vicuña Mackenna  2004, Bogotá - Sierra Bella, Santiago;
2025-11-29 17:52:23;Santiago;departamento;Departamento 01 Dormitorio 01 Baño;2600;CLF;1 dormitorio;1 baño;34 m² útiles;1 dormitorio | 1 baño | 34 m² útiles;Dieciocho 747, Santiago, Parque Almagro, Santiago;
2025-11-29 17:52:23;Santiago;departamento;Departamento En Carrera, Metro Toesca;2100;CLF;1 dormitorio;1 baño;35 m² útiles;1 dormitorio | 1 baño | 35 m² útiles;José Miguel Carrera SN, Ejército - Toesca, Santiago;
2025-11-29 17:52:23;Santiago;departamento;Depto. Estudio Amoblado Cercano Al Metro L5 Sin Comisión;2500;CLF;;1 baño;22 m² útiles;1 baño | 22 m² útiles;Sta. Elvira 97, Santiago, Bogotá - Sierra Bella, Santiago;
2025-11-29 17:52:23;Santiago;departamento;Depto 2d/2b/1e Full Equipado. Marín/lira;3990;CLF;2 dormitorios;2 baños;60 m² útiles;2 dormitorios | 2 baños | 60 m² útiles;Marín 382, Santiago, Santa Isabel, Santiago;
2025-11-29 17:52:23;Santiago;departamento;Metro Moneda, Calle Lord Cochrane;1990;CLF;1 dormitorio;1 baño;28 m² útiles;1 dormitorio | 1 baño | 28 m² útiles;Lord Cochrane 181, Santiago, Bulnes, Santiago;
2025-11-29 17:52:23;Santiago;departamento;Dpto. Familiar Amplio, Con Est. Y Bodega;2800;CLF;3 dormitorios;2 baños;80 m² útiles;3 dormitorios | 2 baños | 80 m² útiles;Argomedo 379, Santiago, Santa Isabel, Santiago;
2025-11-29 17:52:23;Santiago;departamento;Hermosa Vista Departamento  Metro Bellas Artes;1900;CLF;1 dormitorio;1 baño;30 m² útiles;1 dormitorio | 1 baño | 30 m² útiles;Merced 691, Santiago, Centro Histórico De Santiago, Santiago;
2025-11-29 17:52:23;Santiago;departamento;Pie 0,comisión 0, Trato Directo Departamento 1d 1b 1est 1bod;2350;CLF;1 dormitorio;1 baño;33 m² útiles;1 dormitorio | 1 baño | 33 m² útiles;Lord Cochrane 302, Santiago, Parque Almagro, Santiago;
2025-11-29 17:52:23;Santiago;departamento;Recien Remodelado Con Vista Al Oriente ;2080;CLF;2 dormitorios;2 baños;40 m² útiles;2 dormitorios | 2 baños | 40 m² útiles;Tarapaca  752, Bulnes, Santiago;
2025-11-29 17:52:23;Santiago;departamento;Venta Departamento 2b 2d Central, Areas Verdes, Remodelado;3400;CLF;2 dormitorios;2 baños;60 m² útiles;2 dormitorios | 2 baños | 60 m² útiles;Manuel Antonio Tocornal 455, Santiago, Santa Isabel, Santiago;
2025-11-29 17:52:23;Santiago;departamento;Oportunidad Venta Departamento En Edif. Astor;2450;CLF;1 dormitorio;1 baño;47 m² útiles;1 dormitorio | 1 baño | 47 m² útiles;VENDO HERMOSO DEPARTAMENTO EN EDIF. ASTOR, Barrio Brasil, Santiago;
2025-11-29 17:52:23;Santiago;departamento;Lindo Depto De 1 Dormitorio Para  Inversionista ;52000000;CLP;1 dormitorio;1 baño;33 m² útiles;1 dormitorio | 1 baño | 33 m² útiles;Ricardo Cumming  1350, Parque Los Reyes, Santiago;
2025-11-29 17:52:23;Santiago;departamento;Departamento 3d/2b + 2 Estacionamientos + Bodega  Rebajado!;3980;CLF;3 dormitorios;2 baños;85 m² útiles;3 dormitorios | 2 baños | 85 m² útiles;Blanco Encalada  2501, Barrio República, Santiago;
2025-11-29 17:52:23;Santiago;departamento;Moderno Departamento Central, Arquitectura Y Terminaciones;2890;CLF;2 dormitorios;2 baños;50 m² útiles;2 dormitorios | 2 baños | 50 m² útiles;Morandé 707, Santiago, Centro Histórico De Santiago, Santiago;
2025-11-29 17:52:23;Santiago;departamento;Cómodo Departamento En Santiago;75000000;CLP;1 dormitorio;1 baño;31 m² útiles;1 dormitorio | 1 baño | 31 m² útiles;Padre Alonso De Ovalle 884, Santiago, Bulnes, Santiago;
2025-11-29 17:52:23;Santiago;departamento;Depto. De 1 Dorm, Cercano A Metro Santa Lucia Y U. Católica;1650;CLF;1 dormitorio;1 baño;28 m² útiles;1 dormitorio | 1 baño | 28 m² útiles;Sta Victoria 492, Santiago, Santa Isabel, Santiago;
2025-11-29 17:52:23;Santiago;departamento;Depto Estilo Mariposa , 2 Piezas Con Baño En Suite Al Norte;3100;CLF;2 dormitorios;2 baños;58 m² útiles;2 dormitorios | 2 baños | 58 m² útiles;Av. Pdte. Balmaceda 2610, Santiago, Parque Los Reyes, Santiago;
2025-11-29 17:52:23;Santiago;departamento;¡oportunidad Única! Departamento 2d + 1b + Estacionamiento;85000000;CLP;2 dormitorios;1 baño;45 m² útiles;2 dormitorios | 1 baño | 45 m² útiles;Arturo Prat 324, San Diego, Santiago;
2025-11-29 17:52:23;Santiago;departamento;Departamento Studio, A Pasos Del Metro Santa Lucía;1732;CLF;1 dormitorio;1 baño;24 m² útiles;1 dormitorio | 1 baño | 24 m² útiles;San Isidro 45, Santiago, Santa Isabel, Santiago;
2025-11-29 17:53:11;Santiago;departamento;Depto. En Venta 2d-2b-e-bod, Carmen / Santa Isabel;2350;CLF;2 dormitorios;2 baños;44 m² útiles;2 dormitorios | 2 baños | 44 m² útiles;Carmen 300 - 600, Santiago, Santa Isabel, Santiago;
2025-11-29 17:53:11;Santiago;departamento;¡inversionistas Oportunidad ! 1d1b, Estacionamiento Y Bodega;1786;CLF;1 dormitorio;1 baño;31 m² útiles;1 dormitorio | 1 baño | 31 m² útiles;Eyzaguirre 819, Santiago, San Diego, Santiago;
2025-11-29 17:53:11;Santiago;departamento;Hermoso Departamento En Calle Argomedo Con Vicuña Mackenna;98000000;CLP;2 dormitorios;1 baño;40 m² útiles;2 dormitorios | 1 baño | 40 m² útiles;Argomedo 140, Santiago, Santa Isabel, Santiago;
2025-11-29 17:53:11;Santiago;departamento;Departamento En Venta Remodelado Santa Isabel Con Lira;3790;CLF;3 dormitorios;2 baños;65 m² útiles;3 dormitorios | 2 baños | 65 m² útiles;Avenida Santa Isabel, 431, Santa Isabel, Santiago;
2025-11-29 17:53:11;Santiago;departamento;Departamento Santiago Centro Vende Directamente Su Dueña;1640;CLF;1 dormitorio;1 baño;32 m² útiles;1 dormitorio | 1 baño | 32 m² útiles;Santo Domingo 1220, Santiago, Centro Histórico De Santiago, Santiago;
2025-11-29 17:53:11;Santiago;departamento;Excelente Oportunida (127176);1010;CLF;;1 baño;30 m² útiles;1 baño | 30 m² útiles;Gorbea 300 - 600, Barrio República, Santiago;
2025-11-29 17:53:11;Santiago;departamento;Depto Céntrico Vende Dueño;41500000;CLP;1 dormitorio;1 baño;25 m² útiles;1 dormitorio | 1 baño | 25 m² útiles;San Pablo 1391, Plaza San Pablo, Santiago, Centro Histórico De Santiago, Santiago;
2025-11-29 17:53:11;Santiago;departamento;Departamento En Venta De 2 Dorm. En Santiago;3600;CLF;2 dormitorios;1 baño;43 m² útiles;2 dormitorios | 1 baño | 43 m² útiles;Rondizzoni, Parque O'Higgins, Santiago;
2025-11-29 17:53:11;Santiago;departamento;Carmen 297 Esquina Marin, Santiago Centro, Depto 74 M²;130000000;CLP;3 dormitorios;2 baños;70 m² útiles;3 dormitorios | 2 baños | 70 m² útiles;Carmen 297, Santiago, Santa Isabel, Santiago;
2025-11-29 17:53:11;Santiago;departamento;Departamento En Santiago/argomedo;2805;CLF;2 dormitorios;2 baños;54 m² útiles;2 dormitorios | 2 baños | 54 m² útiles;Argomedo N° 320 Dpto. 1503 Bod. 21, Santa Isabel, Santiago;
2025-11-29 17:53:11;Santiago;departamento;Departamento En Santiago / Condiciones Especiales;3373;CLF;3 dormitorios;2 baños;63 m² útiles;3 dormitorios | 2 baños | 63 m² útiles;Avda Vicuña Mackenna 1433, Condominio Seduction., Bogotá - Sierra Bella, Santiago;
2025-11-29 17:53:11;Santiago;departamento;Precioso Departamento A Pasos De Parque Almagro ;1800;CLF;1 dormitorio;1 baño;38 m² útiles;1 dormitorio | 1 baño | 38 m² útiles;San Ignacio De Loyola 425, Santiago, Parque Almagro, Santiago;
2025-11-29 17:53:11;Santiago;departamento;Venta Departamento 1d1b Santiago Sector Metro Parque Almagro;2122;CLF;1 dormitorio;1 baño;29 m² útiles;1 dormitorio | 1 baño | 29 m² útiles;VENTA DEPARTAMENTO 1D1B SANTIAGO SECTOR METRO PARQUE ALMAGRO, San Diego, Santiago;
2025-11-29 17:53:11;Santiago;departamento;Vendo Promesa Con Descuento De 6 Millones;850;CLF;2 dormitorios;2 baños;60 m² útiles;2 dormitorios | 2 baños | 60 m² útiles;Avenida Vicuña Mackenna 1881, Bogotá - Sierra Bella, Santiago;
2025-11-29 17:53:11;Santiago;departamento;Rebajado A Uf 2.300  Venta 3d/2b En Santiago Centro;2300;CLF;3 dormitorios;2 baños;66 m² útiles;3 dormitorios | 2 baños | 66 m² útiles;Dr. Sótero Del Río 326, Centro Histórico De Santiago, Santiago;
2025-11-29 17:53:11;Santiago;departamento;Venta Depto Metro Irarrazabal / Sta Elena 1d + 1b +est +bod.;83000000;CLP;1 dormitorio;1 baño;35 m² útiles;1 dormitorio | 1 baño | 35 m² útiles;Sta. Elena 895, Santiago, Barrio Diez De Julio, Santiago;
2025-11-29 17:53:11;Santiago;departamento;Excelente Departamento Mario Kreutzberger 1558 - Santiago;2280;CLF;2 dormitorios;1 baño;44 m² útiles;2 dormitorios | 1 baño | 44 m² útiles;Mario Kreutzberger 1558, Santiago, Centro Histórico De Santiago, Santiago;
2025-11-29 17:53:11;Santiago;departamento;Dpto. En Venta, 2 Dormitorios 1 Baño, Estacionamiento + Bod;2400;CLF;2 dormitorios;1 baño;47 m² útiles;2 dormitorios | 1 baño | 47 m² útiles;Gral. Mackenna 1260, Santiago, Centro Histórico De Santiago, Santiago;
2025-11-29 17:53:11;Santiago;departamento;Departamento Con 3d, 2b, 1e, 1bod, Excelente Ubicación ;3650;CLF;3 dormitorios;2 baños;64 m² útiles;3 dormitorios | 2 baños | 64 m² útiles;Cueto 727, Santiago, Barrio Yungay, Santiago;
2025-11-29 17:53:11;Santiago;departamento;Lindo  Y Amplio Departamento Con Patio Exclusivo En Venta;5950;CLF;3 dormitorios;2 baños;133 m² útiles;3 dormitorios | 2 baños | 133 m² útiles;Moneda 1953, Santiago, Barrio Brasil, Santiago;
2025-11-29 17:53:11;Santiago;departamento;Excelente Oportunidad, Se Vende Departamento Cerca Del Metro;1650;CLF;1 dormitorio;1 baño;33 m² útiles;1 dormitorio | 1 baño | 33 m² útiles;Edificio Conecta - Arturo Prat 399, Santiago, San Diego, Santiago;
2025-11-29 17:53:11;Santiago;departamento;Increíble Vista Y Conectividad;2500;CLF;2 dormitorios;1 baño;43 m² útiles;2 dormitorios | 1 baño | 43 m² útiles;ENTRE SANTA ELVIRA Y AV. MATTA., Bogotá - Sierra Bella, Santiago;
2025-11-29 17:53:11;Santiago;departamento;Espectacular Depto En Venta A 1 Cuadra Del Metro Ñuble;124000000;CLP;2 dormitorios;2 baños;60 m² útiles;2 dormitorios | 2 baños | 60 m² útiles;Sta. Elena 1760, Santiago, Bogotá - Sierra Bella, Santiago;
2025-11-29 17:53:11;Santiago;departamento;Parque Forestal 2 Dormitorios 1 Baño// Renta Activa;5200;CLF;2 dormitorios;1 baño;70 m² útiles;2 dormitorios | 1 baño | 70 m² útiles;Ismael Valdés Vergara 296, Santiago, Barrio Lastarria, Santiago;
2025-11-29 17:53:11;Santiago;departamento; Diagonal Paraguay Lira;80000000;CLP;1 dormitorio;1 baño;35 m² útiles;1 dormitorio | 1 baño | 35 m² útiles;Diag. Paraguay 322, Santiago, Santiago;
2025-11-29 17:53:11;Santiago;departamento;"En Venta Dpto. Para Inversión 1d&#43;1b Santiago";2160;CLF;1 dormitorio;1 baño;38 m² útiles;1 dormitorio | 1 baño | 38 m² útiles;NATANIEL COX 683, Parque Almagro, Santiago;
2025-11-29 17:53:11;Santiago;departamento;Departamento En Venta De 2 Dorm. En Santiago;1200;CLF;2 dormitorios;1 baño;41 m² útiles;2 dormitorios | 1 baño | 41 m² útiles;Zenteno / Victoria, Parque O'Higgins, Santiago;
2025-11-29 17:53:11;Santiago;departamento;Departamento En Venta De 1 Dorm. En Santiago;2200;CLF;1 dormitorio;1 baño;36 m² útiles;1 dormitorio | 1 baño | 36 m² útiles;Republica - Toesca, Barrio República, Santiago;
2025-11-29 17:53:11;Santiago;departamento;Departamento En Venta De 2 Dorm. En Santiago;3700;CLF;2 dormitorios;2 baños;58 m² útiles;2 dormitorios | 2 baños | 58 m² útiles;Entre San Pablo Y Mario Kreutzberger, Centro Histórico De Santiago, Santiago;
2025-11-29 17:53:11;Santiago;departamento;Precioso Amplio Dpto., Cerca Metro Bellas Artes;2700;CLF;2 dormitorios;1 baño;43 m² útiles;2 dormitorios | 1 baño | 43 m² útiles;Merced 562, Santiago, Centro Histórico De Santiago, Santiago;
2025-11-29 17:53:11;Santiago;departamento;¡dpto. En Santiago, Calle Compañia Por 3300 U.f.!;3295;CLF;2 dormitorios;2 baños;59 m² útiles;2 dormitorios | 2 baños | 59 m² útiles;COMPAÑIA, Centro Histórico De Santiago, Santiago;
2025-11-29 17:53:11;Santiago;departamento;Barrio Universitario: 1d 1b En Segundo Piso;63450000;CLP;1 dormitorio;1 baño;30 m² útiles;1 dormitorio | 1 baño | 30 m² útiles;A 4 CUADRAS METRO REPUBLICA, Barrio República, Santiago;
2025-11-29 17:53:11;Santiago;departamento;Rosas / Barrio Yungay / Remodelado;1930;CLF;3 dormitorios;1 baño;48 m² útiles;3 dormitorios | 1 baño | 48 m² útiles;ROSAS / BARRIO YUNGAY, Barrio Yungay, Santiago;
2025-11-29 17:53:11;Santiago;departamento;Venta Departamento Santiago, Metro Santa Ana 1 Dormitorio;60000000;CLP;1 dormitorio;1 baño;32 m² útiles;1 dormitorio | 1 baño | 32 m² útiles;Av. Manuel Rodriguez / Rosas, Santiago;
2025-11-29 17:53:11;Santiago;departamento;Venta Departamento Santiago 2 Dorm Estacionamiento Bodega;2900;CLF;2 dormitorios;2 baños;53 m² útiles;2 dormitorios | 2 baños | 53 m² útiles;Lira / Marín, Santa Isabel, Santiago;
2025-11-29 17:53:11;Santiago;departamento;Venta,depto,santiago,1dormitorio,1baño,metro Plaza De Armas ;59000000;CLP;1 dormitorio;1 baño;34 m² útiles;1 dormitorio | 1 baño | 34 m² útiles;Estado /Huerfanos, Santiago;
2025-11-29 17:53:11;Santiago;departamento;Venta Departamento Santiago 4 Dormitorios ;118000000;CLP;4 dormitorios;3 baños;106 m² útiles;4 dormitorios | 3 baños | 106 m² útiles;Huérfanos/ Estado, Centro Histórico De Santiago, Santiago;
2025-11-29 17:53:11;Santiago;departamento;Venta Departamento Santiago 3 Dorm 2 Baños Estacionamiento;130000000;CLP;3 dormitorios;2 baños;66 m² útiles;3 dormitorios | 2 baños | 66 m² útiles;Abdon Cifuentes, Barrio República, Santiago;
2025-11-29 17:53:11;Santiago;departamento;Venta Departamento Santiago 5d 3b 200 Mt2 Metro República;8000;CLF;4 dormitorios;3 baños;200 m² útiles;4 dormitorios | 3 baños | 200 m² útiles;Av. Brasil / Erasmo Escala, Santiago;
2025-11-29 17:53:11;Santiago;departamento;San Francisco/ Eleuterio Ramírez, Depto. De 29 Mtrs2, 1 Dorm;1600;CLF;1 dormitorio;1 baño;29 m² útiles;1 dormitorio | 1 baño | 29 m² útiles;San Francisco / Eleuterio Ramirez, Bulnes, Santiago;
2025-11-29 17:53:11;Santiago;departamento;Venta, Departamento Santiago 1dormitorio,1baño,metro B Artes;83000000;CLP;1 dormitorio;1 baño;30 m² útiles;1 dormitorio | 1 baño | 30 m² útiles;San Antonio / Merced, Centro Histórico De Santiago, Santiago;
2025-11-29 17:53:11;Santiago;departamento;Departamento En Venta De 1 Dorm. En Santiago;1500;CLF;1 dormitorio;1 baño;28 m² útiles;1 dormitorio | 1 baño | 28 m² útiles;Lord Cochrane / Padre Miguel De Olivares, Bulnes, Santiago;
2025-11-29 17:53:11;Santiago;departamento;Venta Departamento Santiago 2 Dorm Estacionamiento Y Bodega;1640;CLF;2 dormitorios;1 baño;36 m² útiles;2 dormitorios | 1 baño | 36 m² útiles;San Diego/Santiago, Parque O'Higgins, Santiago;
2025-11-29 17:53:11;Santiago;departamento;Venta Departamento Santiago P. O Higgins, 2 Dormitorios, 2 B;2150;CLF;2 dormitorios;2 baños;51 m² útiles;2 dormitorios | 2 baños | 51 m² útiles;Av. Matta / Lord Cochrane, Parque Almagro, Santiago;
2025-11-29 17:53:11;Santiago;departamento;Venta Departamento Santiago Metro Ula 1 Dormitorio ;1800;CLF;1 dormitorio;1 baño;36 m² útiles;1 dormitorio | 1 baño | 36 m² útiles;Abate Molina/Sazie, Barrio República, Santiago;
2025-11-29 17:53:11;Santiago;departamento;Departamento Frente A Inacap 1 Dormitorio, 1 Baño;2000;CLF;1 dormitorio;1 baño;31 m² útiles;1 dormitorio | 1 baño | 31 m² útiles;Almte. Barroso 1 - 300, Santiago, Barrio Brasil, Santiago;
2025-11-29 17:53:11;Santiago;departamento;Venta De Departamento En Santiago 1 Dormitorio;65000000;CLP;1 dormitorio;1 baño;29 m² útiles;1 dormitorio | 1 baño | 29 m² útiles;Portugal / Santa Isabel, Santa Isabel, Santiago;
2025-11-29 17:53:11;Santiago;departamento;Departamento Remodelado;2400;CLF;3 dormitorios;1 baño;45 m² útiles;3 dormitorios | 1 baño | 45 m² útiles;Av. Vicuña Mackenna 881, Ñuñoa, Santiago, Barrio Diez De Julio, Santiago;
2025-11-29 17:53:24;Santiago;departamento;Oportunidad! Estupendo Departamento Metro Rondizzoni;1639;CLF;1 dormitorio;1 baño;43 m² útiles;1 dormitorio | 1 baño | 43 m² útiles;Pérez Freire 1841, Santiago, Santiago;
2025-11-29 17:53:24;Santiago;departamento;Depto De 1d + 1b En Santa Rosa, Santiago Centro;1900;CLF;1 dormitorio;1 baño;43 m² útiles;1 dormitorio | 1 baño | 43 m² útiles;Av. Sta. Rosa 238, Santiago, Santa Isabel, Santiago;
2025-11-29 17:53:24;Santiago;departamento;Dpto En Venta 3 Dormitorios  (105181);3300;CLF;3 dormitorios;2 baños;70 m² útiles;3 dormitorios | 2 baños | 70 m² útiles;San Francisco 900 - 1200, San Diego, Santiago;
2025-11-29 17:53:24;Santiago;departamento;Dpto. Con Potencial Comercial En Stgo. Centro (126963);3911;CLF;2 dormitorios;1 baño;92 m² útiles;2 dormitorios | 1 baño | 92 m² útiles;Eduardo Matte, Bogotá - Sierra Bella, Santiago;
2025-11-29 17:53:24;Santiago;departamento;¡depto Vista Despejada Santiago! 2d,2b Y 1e;99900000;CLP;2 dormitorios;2 baños;52 m² útiles;2 dormitorios | 2 baños | 52 m² útiles;Manuel Antonio Tocornal 532, Santiago, Santa Isabel, Santiago;
2025-11-29 17:53:24;Santiago;departamento;¡oportunidad! Bono Pie 10% Departamento En Venta 2 Dorm;2690;CLF;2 dormitorios;2 baños;59 m² útiles;2 dormitorios | 2 baños | 59 m² útiles;Lord Cochrane 635, Santiago, Parque Almagro, Santiago;
2025-11-29 17:53:24;Santiago;departamento;Departamento En Venta En Diez De Julio Santiago;1600;CLF;1 dormitorio;1 baño;2 m² útiles;1 dormitorio | 1 baño | 2 m² útiles;Av. Vicuña Mackenna 881, 8331024 Santiago, Región Metropolitana, Chile, Barrio Diez De Julio, Santiago;
2025-11-29 17:53:24;Santiago;departamento;Oportunidad Única! Depto 2d2b En Santiago Centro Con Est+bod;3650;CLF;2 dormitorios;2 baños;54 m² útiles;2 dormitorios | 2 baños | 54 m² útiles;Eleuterio Ramírez 600 - 900, Santiago, San Diego, Santiago;
2025-11-29 17:53:24;Santiago;departamento;Se Vende Departamento Comuna Santiago;63000000;CLP;1 dormitorio;1 baño;50 m² útiles;1 dormitorio | 1 baño | 50 m² útiles;Sta Victoria 411, Santiago, Santa Isabel, Santiago;
2025-11-29 17:53:24;Santiago;departamento;Departamento Remodelado Con Vista Despejada;75000000;CLP;1 dormitorio;1 baño;39 m² útiles;1 dormitorio | 1 baño | 39 m² útiles;Compañía De Jesús 1291, Santiago, Centro Histórico De Santiago, Santiago;
2025-11-29 17:53:24;Santiago;departamento;Departamento Centro Histórico;4000;CLF;3 dormitorios;2 baños;67 m² útiles;3 dormitorios | 2 baños | 67 m² útiles;Huérfanos  1400, Centro Histórico De Santiago, Santiago;
2025-11-29 17:53:24;Santiago;departamento;Precio De Oportunidad!!! - Impecable - Excelente Ubicación!;2000;CLF;1 dormitorio;1 baño;37 m² útiles;1 dormitorio | 1 baño | 37 m² útiles;Portugal 941, Santiago, Barrio Diez De Julio, Santiago;
2025-11-29 17:53:24;Santiago;departamento;Se Vende Departamento 1 Dormitorio (su Dueño).;1900;CLF;1 dormitorio;1 baño;32 m² útiles;1 dormitorio | 1 baño | 32 m² útiles;Serrano 611, Santiago, San Diego, Santiago;
2025-11-29 17:53:24;Santiago;departamento;Departamento Seminuevo Con Piscina Cercano Metro Los Héroes;4850;CLF;2 dormitorios;2 baños;69 m² útiles;2 dormitorios | 2 baños | 69 m² útiles;José Miguel Carrera 298, Santiago, Ejército - Toesca, Santiago;
2025-11-29 17:53:24;Santiago;departamento;Vendo Hermoso Dep 1d1b Con Bodega Sector Privilegiado ;2150;CLF;1 dormitorio;1 baño;31 m² útiles;1 dormitorio | 1 baño | 31 m² útiles;Av. Sta. Rosa 365, Santiago, San Diego, Santiago;
2025-11-29 17:53:24;Santiago;departamento;Hermoso Departamento Frente Al Cerro Santa Lucia;3480;CLF;1 dormitorio;2 baños;73 m² útiles;1 dormitorio | 2 baños | 73 m² útiles;Miraflores 113, Santiago, Centro Histórico De Santiago, Santiago;
2025-11-29 17:53:24;Santiago;departamento;Departamento En Venta En Santiago;2200;CLF;2 dormitorios;2 baños;52 m² útiles;2 dormitorios | 2 baños | 52 m² útiles;Av. Vicuña Mackenna 563, 8330317 Santiago, Región Metropolitana, Chile, Santa Isabel, Santiago;
2025-11-29 17:53:24;Santiago;departamento;Departamento 3 Habitaciones 2 Baños, Santiago Centro;100000000;CLP;3 dormitorios;2 baños;60 m² útiles;3 dormitorios | 2 baños | 60 m² útiles;Gral. Bulnes 749, Santiago, Barrio Yungay, Santiago;
2025-11-29 17:53:24;Santiago;departamento;Se Vende Departamento 1 Dormitorio (su Dueño). Vista;2000;CLF;1 dormitorio;1 baño;32 m² útiles;1 dormitorio | 1 baño | 32 m² útiles;Serrano 611, Santiago, San Diego, Santiago;
2025-11-29 17:53:24;Santiago;departamento;Venta 2 Dormitorios 2 Baños Estacionamiento Bodega San Pablo;95000000;CLP;2 dormitorios;2 baños;50 m² útiles;2 dormitorios | 2 baños | 50 m² útiles;San Pablo 1295, Santiago, Centro Histórico De Santiago, Santiago;
2025-11-29 17:53:24;Santiago;departamento;Depto 2d/2b Metro Santa Ana/plaza De Armas Con Estac+bodega;2950;CLF;2 dormitorios;2 baños;52 m² útiles;2 dormitorios | 2 baños | 52 m² útiles;Rosas 1339, Santiago, Centro Histórico De Santiago, Santiago;
2025-11-29 17:53:24;Santiago;departamento;Departamento 1 Dorm Recién Remodelado;2100;CLF;1 dormitorio;1 baño;34 m² útiles;1 dormitorio | 1 baño | 34 m² útiles;Monjitas 451, Departamento 1 - 300, Santiago, Centro Histórico De Santiago, Santiago;
2025-11-29 17:53:24;Santiago;departamento;Departamento En Metro Santa Lucia 1d + 1b Vista Despejada;58000000;CLP;1 dormitorio;1 baño;32 m² útiles;1 dormitorio | 1 baño | 32 m² útiles;Av. Sta. Rosa 249, Santiago, Bulnes, Santiago;
2025-11-29 17:53:24;Santiago;departamento;Venta Parque O Higgins 3 Dormitorios 1 Baño Estacionamiento;65000000;CLP;3 dormitorios;1 baño;54 m² útiles;3 dormitorios | 1 baño | 54 m² útiles;San Ignacio De Loyola 902, Santiago, Parque Almagro, Santiago;
2025-11-29 17:53:24;Santiago;departamento;Departamento 2do Piso, Esquina Av. Brasil / Moneda;2500;CLF;2 dormitorios;1 baño;70 m² útiles;2 dormitorios | 1 baño | 70 m² útiles;Moneda 2057, Santiago, Barrio Brasil, Santiago;
2025-11-29 17:53:24;Santiago;departamento;Bello Departamento 2dorm. 2baños, Metro Santa Isabel.;103000000;CLP;2 dormitorios;2 baños;42 m² útiles;2 dormitorios | 2 baños | 42 m² útiles;Av. Sta. Isabel 95, Santa Isabel, Santiago;
2025-11-29 17:53:24;Santiago;departamento;Departamento En Venta De 4 Dorm. En Santiago;9100;CLF;4 dormitorios;3 baños;128 m² útiles;4 dormitorios | 3 baños | 128 m² útiles;Lastarria, Barrio Lastarria, Santiago;
2025-11-29 17:53:24;Santiago;departamento;Departamento A Pasos De Metro U.chile Y Parque Almagro;63000000;CLP;1 dormitorio;1 baño;32 m² útiles;1 dormitorio | 1 baño | 32 m² útiles;Arturo Prat 300 - 600, Santiago, San Diego, Santiago;
2025-11-29 17:53:24;Santiago;departamento;Departamento A Pasos Estación De Metro Bustamante;2800;CLF;2 dormitorios;1 baño;41 m² útiles;2 dormitorios | 1 baño | 41 m² útiles;Gral. Jofré 110, Santiago, Santa Isabel, Santiago;
2025-11-29 17:53:24;Santiago;departamento;Excelente!!! Muy Luminoso, Cocina Remodelada,  2d-2b- Estac.;2650;CLF;2 dormitorios;2 baños;50 m² útiles;2 dormitorios | 2 baños | 50 m² útiles;Lord Cochrane 635, Santiago, Parque Almagro, Santiago;
2025-11-29 17:53:24;Santiago;departamento;Lord Cochrane, Remodelado, Excelente Estado 2d-2b-e;2650;CLF;2 dormitorios;2 baños;50 m² útiles;2 dormitorios | 2 baños | 50 m² útiles;Lord Cochrane 635, Santiago, Parque Almagro, Santiago;
2025-11-29 17:53:24;Santiago;departamento;Departamento Carmen/ Sta Isabel Excelente Vista Y Ubicación;72000000;CLP;1 dormitorio;1 baño;29 m² útiles;1 dormitorio | 1 baño | 29 m² útiles;Carmen 566, Santiago, Santa Isabel, Santiago;
2025-11-29 17:53:24;Santiago;departamento;Excelente Oportunidad En El Centro De Santiago;145000000;CLP;2 dormitorios;2 baños;62 m² útiles;2 dormitorios | 2 baños | 62 m² útiles;San Isidro 19, Santiago, Chile, Santa Isabel, Santiago;
2025-11-29 17:53:24;Santiago;departamento;Departamento 2 Dormitorios 2 Baños 1 Bodega ¡conversable!;2590;CLF;2 dormitorios;2 baños;42 m² útiles;2 dormitorios | 2 baños | 42 m² útiles;Sta Victoria 300 - 600, Santiago, Santa Isabel, Santiago;
2025-11-29 17:53:24;Santiago;departamento;Como Nuevo Cerca De Metro Santa Ana;3500;CLF;2 dormitorios;2 baños;49 m² útiles;2 dormitorios | 2 baños | 49 m² útiles;Gral. Mackenna 1555, Santiago, Centro Histórico De Santiago, Santiago;
2025-11-29 17:53:24;Santiago;departamento;!!precio Rebajado!! Remodelado Hermoso  Depto Parque Almagro;2710;CLF;2 dormitorios;1 baño;60 m² útiles;2 dormitorios | 1 baño | 60 m² útiles;Eyzaguirre 1140, Santiago, Chile, Parque Almagro, Santiago;
2025-11-29 17:53:24;Santiago;departamento;Departamento En Venta En Barrio Brasil, Santiago;4999;CLF;3 dormitorios;2 baños;78 m² útiles;3 dormitorios | 2 baños | 78 m² útiles;Huérfanos, Santiago, Chile, Barrio Brasil, Santiago;
2025-11-29 17:53:24;Santiago;departamento; Departamento Estilo Mariposa, Con Estacionamiento Y Bodega ;3600;CLF;2 dormitorios;2 baños;56 m² útiles;2 dormitorios | 2 baños | 56 m² útiles;Manuel Antonio Tocornal 588, Santiago, Santa Isabel, Santiago;
2025-11-29 17:53:24;Santiago;departamento;Departamento En Venta En Centro Histórico De Santiago;2944;CLF;1 dormitorio;1 baño;30 m² útiles;1 dormitorio | 1 baño | 30 m² útiles;San Martín 970, Santiago, Centro Histórico De Santiago, Santiago;
2025-11-29 17:53:24;Santiago;departamento;Oportunidad Inversión 6% Rentab Home Studio 31 Mts2;48000000;CLP;1 dormitorio;1 baño;31 m² útiles;1 dormitorio | 1 baño | 31 m² útiles;San Pablo 1301, 1200 - 1500, Santiago, Región Metropolitana, Chile, Centro Histórico De Santiago, Santiago;
2025-11-29 17:53:24;Santiago;departamento;Oportunidad Inversión 6% Rentab Rebajado Home Studio 31 Mts2;48000000;CLP;1 dormitorio;1 baño;31 m² útiles;1 dormitorio | 1 baño | 31 m² útiles;San Pablo 1301, Santiago, Región Metropolitana, Chile, Centro Histórico De Santiago, Santiago;
2025-11-29 17:53:24;Santiago;departamento;Depto Remodelado A Pasos Metro Toesca;3350;CLF;2 dormitorios;2 baños;58 m² útiles;2 dormitorios | 2 baños | 58 m² útiles;Av. Ejército Libertador 601, Santiago, Ejército - Toesca, Santiago;
2025-11-29 17:53:24;Santiago;departamento;Moderno Depto. Estilo Mariposa Con Estacionamiento Y Bodega;3500;CLF;2 dormitorios;2 baños;56 m² útiles;2 dormitorios | 2 baños | 56 m² útiles;Manuel Antonio Tocornal 588, Santiago, Santa Isabel, Santiago;
2025-11-29 17:53:24;Santiago;departamento;Gran Oportunidad Departamento A Pasos De Metro Ñuble;1890;CLF;2 dormitorios;1 baño;37 m² útiles;2 dormitorios | 1 baño | 37 m² útiles;Sta. Elena 1722, Santiago, Bogotá - Sierra Bella, Santiago;
2025-11-29 17:53:24;Santiago;departamento;Luminoso Departamento ;75000000;CLP;1 dormitorio;1 baño;44 m² útiles;1 dormitorio | 1 baño | 44 m² útiles;Huérfanos 714, Santiago, Centro Histórico De Santiago, Santiago;
2025-11-29 17:53:24;Santiago;departamento;A Pasos Barrio Lastarria;2200;CLF;1 dormitorio;1 baño;42 m² útiles;1 dormitorio | 1 baño | 42 m² útiles;Av. Libertador Bernardo O'Higgins 1 - 300, Barrio Lastarria, Santiago;
2025-11-29 17:53:24;Santiago;departamento;"Venta Depto. 1d/1b &#43; Bodega, Metro República";1900;CLF;1 dormitorio;1 baño;32 m² útiles;1 dormitorio | 1 baño | 32 m² útiles;Av. España, Barrio República, Barrio República, Santiago;
2025-11-29 17:53:24;Santiago;departamento;Departamento En Venta De 2 Dorm. En Santiago;2550;CLF;2 dormitorios;1 baño;38 m² útiles;2 dormitorios | 1 baño | 38 m² útiles;"Av. Matta &amp; Carmen, Bogotá - Sierra Bella, Santiago";
2025-11-29 17:53:51;Santiago;departamento;Venta Departamento 1 Dorm. Barrio Universitario, Stgo. ;2235;CLF;1 dormitorio;1 baño;18 m² útiles;1 dormitorio | 1 baño | 18 m² útiles;Domeyko 1950, Santiago, Ejército - Toesca, Santiago;
2025-11-29 17:53:51;Santiago;departamento;Venta Departamento 1 Dorm. A Pasos Metro Toesca, Santiago;1750;CLF;1 dormitorio;1 baño;32 m² útiles;1 dormitorio | 1 baño | 32 m² útiles;San Ignacio, Metro Toesca, Santiago, Parque Almagro, Santiago;
2025-11-29 17:53:51;Santiago;departamento;Departamento En Venta De 2 Dorm. En Santiago;2690;CLF;2 dormitorios;1 baño;44 m² útiles;2 dormitorios | 1 baño | 44 m² útiles;Portugal, Coquimbo, Barrio Diez De Julio, Santiago;
2025-11-29 17:53:51;Santiago;departamento;Lindo Departamento 2d 2b, Excelente Ubicacion,metro Cumming;2550;CLF;2 dormitorios;2 baños;44 m² útiles;2 dormitorios | 2 baños | 44 m² útiles;Compañía De Jesús 2633, Santiago, Región Metropolitana, Chile, Barrio Yungay, Santiago;
2025-11-29 17:53:51;Santiago;departamento;Full Remodelado, Como Nuevo, Depto. De 1 D En Santiago;2500;CLF;1 dormitorio;1 baño;37 m² útiles;1 dormitorio | 1 baño | 37 m² útiles;"Miraflores &amp; Agustinas, Centro Histórico De Santiago, Santiago";
2025-11-29 17:53:51;Santiago;departamento;Departamento En Venta En Centro Histórico De Santiago;50000000;CLP;1 dormitorio;1 baño;21 m² útiles;1 dormitorio | 1 baño | 21 m² útiles;HUERFANOS CON AMUNATEGUI, Centro Histórico De Santiago, Santiago;
2025-11-29 17:53:51;Santiago;departamento;Departamento Moderno, Gran Sala De Estar-comedor Y Terraza;3500;CLF;2 dormitorios;2 baños;58 m² útiles;2 dormitorios | 2 baños | 58 m² útiles;San Francisco 242, Santiago, Chile, Bulnes, Santiago;
2025-11-29 17:53:51;Santiago;departamento;Departamento Con Vista Despejada, Estacionamiento Y Bodega;3500;CLF;2 dormitorios;2 baños;59 m² útiles;2 dormitorios | 2 baños | 59 m² útiles;Sta Victoria 330, Santiago, Santa Isabel, Santiago;
2025-11-29 17:53:51;Santiago;departamento;Hermoso Departamento En Pleno Centro;1440;CLF;1 dormitorio;1 baño;28 m² útiles;1 dormitorio | 1 baño | 28 m² útiles;García Reyes 71, Santiago, Barrio Yungay, Santiago;
2025-11-29 17:53:51;Santiago;departamento;Departamento Ubicado En Casco Historico;1490;CLF;1 dormitorio;1 baño;32 m² útiles;1 dormitorio | 1 baño | 32 m² útiles;García Reyes 71, Santiago, Barrio Yungay, Santiago;
2025-11-29 17:53:51;Santiago;departamento;Departamento Cercano A Metro Santa Ana;2665;CLF;2 dormitorios;2 baños;48 m² útiles;2 dormitorios | 2 baños | 48 m² útiles;Fray Camilo Henríquez 435, 8.3301e+06 - 8.3304e+06 Santiago, Región Metropolitana, Chile, Santa Isabel, Santiago;
2025-11-29 17:53:51;Santiago;departamento;Departamento Ideal Para Inversionistas;1750;CLF;1 dormitorio;1 baño;28 m² útiles;1 dormitorio | 1 baño | 28 m² útiles;Lord Cochrane 1200 - 1500, Santiago, Parque O'Higgins, Santiago;
2025-11-29 17:53:51;Santiago;departamento;Departamento Para Inversión En La Mejor Ubicación;1750;CLF;1 dormitorio;1 baño;28 m² útiles;1 dormitorio | 1 baño | 28 m² útiles;Lord Cochrane 1200 - 1500, Santiago, Parque O'Higgins, Santiago;
2025-11-29 17:53:51;Santiago;departamento;Depto Remodelado Listo Para Habitar. Venta Directa Sin Comis;1540;CLF;1 dormitorio;1 baño;33 m² útiles;1 dormitorio | 1 baño | 33 m² útiles;Tarapacá 1324, Santiago, Bulnes, Santiago;
2025-11-29 17:53:51;Santiago;departamento;Departamento A 10 Minutos Caminando Parque Ohiggins;92000000;CLP;2 dormitorios;2 baños;55 m² útiles;2 dormitorios | 2 baños | 55 m² útiles;San Ignacio De Loyola 1680, Santiago, Parque O'Higgins, Santiago;
2025-11-29 17:53:51;Santiago;departamento;"Clásico Depto., Amplio De 2d&#43;1b, Stgo. Centro";1980;CLF;2 dormitorios;1 baño;47 m² útiles;2 dormitorios | 1 baño | 47 m² útiles;Esmeralda / Mac Iver, Centro Histórico De Santiago, Santiago;
2025-11-29 17:53:51;Santiago;departamento;Departamento Al Lado Del Metro Santa Ana;1400;CLF;1 dormitorio;1 baño;25 m² útiles;1 dormitorio | 1 baño | 25 m² útiles;Catedral 1500 - 1800, Santiago, Centro Histórico De Santiago, Santiago;
2025-11-29 17:53:51;Santiago;departamento;Moderno Home Studio En  Santiago Centro;45000000;CLP;1 dormitorio;1 baño;20 m² útiles;1 dormitorio | 1 baño | 20 m² útiles;Eyzaguirre 766, Santiago, San Diego, Santiago;
2025-11-29 17:53:51;Santiago;departamento;2 Dormitorios, 2 Baños, Cerca Universidades;3800;CLF;2 dormitorios;2 baños;45 m² útiles;2 dormitorios | 2 baños | 45 m² útiles;Nuevo Recién Entregado, 2 Dormitorios 2 Baños, Santa Isabel, Santiago;
2025-11-29 17:53:51;Santiago;departamento;Cómodo Bien Mantenido. 3 Dormitorios, Estacionamiento ;3200;CLF;3 dormitorios;2 baños;64 m² útiles;3 dormitorios | 2 baños | 64 m² útiles;Amplio 3 Dormitorios, Parque O'Higgins, Santiago;
2025-11-29 17:53:51;Santiago;departamento;Departamento En Venta 2d Ideal Para Inversión-  Santiago;90000000;CLP;2 dormitorios;1 baño;40 m² útiles;2 dormitorios | 1 baño | 40 m² útiles;Av. Almte. Blanco Encalada 2030, Santiago, Parque O'Higgins, Santiago;
2025-11-29 17:53:51;Santiago;departamento;Atención Inversionistas!!! Studio Con Descuento Y Bono Pie!!;1790;CLF;1 dormitorio;1 baño;20 m² útiles;1 dormitorio | 1 baño | 20 m² útiles;Av. Rondizonni Con Beaucheff, Parque O'Higgins, Santiago;
2025-11-29 17:53:51;Santiago;departamento;Departamento  En Venta Full Remodelado - Aldunate Santiago;3700;CLF;3 dormitorios;2 baños;52 m² útiles;3 dormitorios | 2 baños | 52 m² útiles;Aldunate, Santiago, Parque O'Higgins, Santiago;
2025-11-29 17:53:51;Santiago;departamento;Atención Inversionistas!!1 Dormitorio Estacionamiento, Metro;2820;CLF;1 dormitorio;1 baño;34 m² útiles;1 dormitorio | 1 baño | 34 m² útiles;AV. RONDIZZONI Y AV BEAUCHEF, Parque O'Higgins, Santiago;
2025-11-29 17:53:51;Santiago;departamento;Departamento En Venta 3d Excelente Conectividad - Santiago;125000000;CLP;3 dormitorios;2 baños;85 m² útiles;3 dormitorios | 2 baños | 85 m² útiles;Portugal 500, Santiago, Santa Isabel, Santiago;
2025-11-29 17:53:51;Santiago;departamento;Venta De Departamento En Santiago- Sazie;4500;CLF;3 dormitorios;2 baños;73 m² útiles;3 dormitorios | 2 baños | 73 m² útiles;SAZIE A PASOS DE ALMIRANTE LATORRE, Ejército - Toesca, Santiago;
2025-11-29 17:53:51;Santiago;departamento;Excelente Departamento Eyzaguirre-san Diego;3600;CLF;3 dormitorios;2 baños;70 m² útiles;3 dormitorios | 2 baños | 70 m² útiles;Eyzaguirre 900 - 1200, Santiago, San Diego, Santiago;
2025-11-29 17:53:51;Santiago;departamento;Depto 1d1b A Pasos De República Ideal Inversión;2600;CLF;1 dormitorio;1 baño;39 m² útiles;1 dormitorio | 1 baño | 39 m² útiles;Claudio Gay 1800 - 2100, Ejército - Toesca, Santiago;
2025-11-29 17:53:51;Santiago;departamento;Departamento En Venta Marcoleta-lira;2200;CLF;1 dormitorio;1 baño;30 m² útiles;1 dormitorio | 1 baño | 30 m² útiles;Marcoleta 462, Santiago, Santiago;
2025-11-29 17:53:51;Santiago;departamento;Departamento A Pasos  Metro Quinta Normal 1 D, 1 B, Cocina;1955;CLF;1 dormitorio;1 baño;35 m² útiles;1 dormitorio | 1 baño | 35 m² útiles;Catedral 3033, Santiago, Barrio Yungay, Santiago;
2025-11-29 17:53:51;Santiago;departamento;Departamento En Venta En Santa Lucia;3790;CLF;2 dormitorios;2 baños;59 m² útiles;2 dormitorios | 2 baños | 59 m² útiles;San Isidro 1 - 300, Santiago, Santa Isabel, Santiago;
2025-11-29 17:53:51;Santiago;departamento;Departamento En Venta En Lord Cochrane 2d+2b+1e+1b;2750;CLF;2 dormitorios;2 baños;50 m² útiles;2 dormitorios | 2 baños | 50 m² útiles;Lord Cochrane 100, Santiago, Bulnes, Santiago;
2025-11-29 17:53:51;Santiago;departamento;Polka Propiedades Oportunidad Depto En Venta 1 D/1 B.;2600;CLF;1 dormitorio;1 baño;38 m² útiles;1 dormitorio | 1 baño | 38 m² útiles;Argomedo 321, Santiago, Santa Isabel, Santiago;
2025-11-29 17:53:51;Santiago;departamento;Solo Pago Contado / Apuro / Espectacular Oficina ;7500;CLF;8 dormitorios;2 baños;200 m² útiles;8 dormitorios | 2 baños | 200 m² útiles;José Miguel De La Barra 508, Santiago, Chile, Centro Histórico De Santiago, Santiago;
2025-11-29 17:53:51;Santiago;departamento;Departamento Nuevo En Venta De 1 Dorm En Serrano , Santiago;2150;CLF;1 dormitorio;1 baño;18 m² útiles;1 dormitorio | 1 baño | 18 m² útiles;Serrano / Alonso De Ovalle, Santiago;
2025-11-29 17:53:51;Santiago;departamento;Departamento Nuevo En Venta 1 Dormitorio En Santiago;3516;CLF;1 dormitorio;1 baño;3.644 m² útiles;1 dormitorio | 1 baño | 3.644 m² útiles;Serrano / Alonso De Ovalle, Bulnes, Santiago;
2025-11-29 17:53:51;Santiago;departamento;Departamento Venta Nataniel Cox / Tarapacá Santiago Centro;120000000;CLP;2 dormitorios;2 baños;60 m² útiles;2 dormitorios | 2 baños | 60 m² útiles;Nataniel Cox 135, Santiago, Bulnes, Santiago;
2025-11-29 17:53:51;Santiago;departamento;Rebajado Venta Depto 2d,2b,1e Santiago Centro;3100;CLF;2 dormitorios;2 baños;48 m² útiles;2 dormitorios | 2 baños | 48 m² útiles;Padre Miguel De Olivares 1444, Santiago, Bulnes, Santiago;
2025-11-29 17:53:51;Santiago;departamento;Departamento 1 Dormitorio Con Excelente Conectividad;2380;CLF;1 dormitorio;1 baño;25 m² útiles;1 dormitorio | 1 baño | 25 m² útiles;San Pablo 1200 - 1500, Santiago, Centro Histórico De Santiago, Santiago;
2025-11-29 17:53:51;Santiago;departamento;Departamento 2 Dormitorios Excelente Conectividad;3299;CLF;2 dormitorios;2 baños;40 m² útiles;2 dormitorios | 2 baños | 40 m² útiles;San Pablo 1200 - 1500, Santiago, Centro Histórico De Santiago, Santiago;
2025-11-29 17:53:51;Santiago;departamento;Depto Con Vista Despejada Al Oriente Y Estacionamiento;2290;CLF;1 dormitorio;1 baño;40 m² útiles;1 dormitorio | 1 baño | 40 m² útiles;Santo Domingo 755, Santiago, Centro Histórico De Santiago, Santiago;
2025-11-29 17:53:51;Santiago;departamento;Departamento 2 Dormitorios Casi Nuevo Centro De Santiago;3550;CLF;2 dormitorios;2 baños;55 m² útiles;2 dormitorios | 2 baños | 55 m² útiles;San Pablo 1200 - 1500, Santiago, Centro Histórico De Santiago, Santiago;
2025-11-29 17:53:51;Santiago;departamento;Depto. En Venta De 1d En Santiago Centro, Metro Santa Ana;1700;CLF;1 dormitorio;1 baño;28 m² útiles;1 dormitorio | 1 baño | 28 m² útiles;Rosas Con San Martín, Centro Histórico De Santiago, Santiago;
2025-11-29 17:53:51;Santiago;departamento;Espectacular Departamento Con Vista Al Cerro Santa Lucia;6500;CLF;5 dormitorios;2 baños;140 m² útiles;5 dormitorios | 2 baños | 140 m² útiles;Centro Histórico De Santiago, Santiago;
2025-11-29 17:53:51;Santiago;departamento;Impecable Departamento Con Excelente Vista Y Conectividad;7500;CLF;6 dormitorios;2 baños;166 m² útiles;6 dormitorios | 2 baños | 166 m² útiles;Centro Histórico De Santiago, Santiago;
2025-11-29 17:53:51;Santiago;departamento;Cómodo Departamento Con Gran Conectividad 3d/2b;3780;CLF;3 dormitorios;2 baños;63 m² útiles;3 dormitorios | 2 baños | 63 m² útiles;Dieciocho, Santiago;
2025-11-29 17:53:51;Santiago;departamento;A Pasos De Metro Santa Lucia;5180;CLF;2 dormitorios;2 baños;59 m² útiles;2 dormitorios | 2 baños | 59 m² útiles;Carmen 121, Santiago, Santa Isabel, Santiago;
2025-11-29 17:53:51;Santiago;departamento;Vista Despejada;2300;CLF;2 dormitorios;1 baño;40 m² útiles;2 dormitorios | 1 baño | 40 m² útiles;Carmen 557, Santiago, Santa Isabel, Santiago;
2025-11-29 17:53:58;Santiago;departamento;Iluminado Departamento Con Excelente Vista Y Conectividad;7770;CLF;5 dormitorios;2 baños;185 m² útiles;5 dormitorios | 2 baños | 185 m² útiles;Centro Histórico De Santiago, Santiago;
2025-11-29 17:53:58;Santiago;departamento;Dpto. De 1 Dorm. En Santiago Centro, Metra Sta. Ana;1700;CLF;1 dormitorio;1 baño;27 m² útiles;1 dormitorio | 1 baño | 27 m² útiles;Rosas Con San Martín, Centro Histórico De Santiago, Santiago;
2025-11-29 17:53:58;Santiago;departamento;Depto. En Venta De 1 D, Santiago Centro, Metro Santa Ana;1700;CLF;1 dormitorio;1 baño;28 m² útiles;1 dormitorio | 1 baño | 28 m² útiles;Rosas Con San Martín, Centro Histórico De Santiago, Santiago;
2025-11-29 17:53:58;Santiago;departamento;Departamento Para Inversión 2d 1b 1bx En Barrio República;2390;CLF;2 dormitorios;1 baño;41 m² útiles;2 dormitorios | 1 baño | 41 m² útiles;Barrio República, Barrio República, Santiago;
2025-11-29 17:53:58;Santiago;departamento;Departamento Venta 1d1b Living Cocina Americana 1bodega Stgo;1800;CLF;1 dormitorio;1 baño;30 m² útiles;1 dormitorio | 1 baño | 30 m² útiles;Av. Vicuña Mackenna Con Santa Elvira, Bogotá - Sierra Bella, Santiago;
2025-11-29 17:53:58;Santiago;departamento;Venta Departamento 3d 2b- Ñuñoa- Ideal Para Inversión;4700;CLF;3 dormitorios;2 baños;68 m² útiles;3 dormitorios | 2 baños | 68 m² útiles;Bogotá - Sierra Bella, Santiago;
2025-11-29 17:53:58;Santiago;departamento;Venta Departamento En Santiago Centro;2400;CLF;1 dormitorio;1 baño;35 m² útiles;1 dormitorio | 1 baño | 35 m² útiles;Tucapel Jiménez 136, Santiago, Centro Histórico De Santiago, Santiago;
2025-11-29 17:53:58;Santiago;departamento;"Departamento Venta 2d1b&#43;pieza Y Baño Servic. 1estac Sant";4260;CLF;2 dormitorios;2 baños;93 m² útiles;2 dormitorios | 2 baños | 93 m² útiles;Catedral Con Almirante Barroso, Barrio Brasil, Santiago;
2025-11-29 17:53:58;Santiago;departamento;Dpto En Venta De 2d, 2b, Tocornal, Santiago Centro;2490;CLF;2 dormitorios;2 baños;58 m² útiles;2 dormitorios | 2 baños | 58 m² útiles;Sta. Isabel Con Carmen, Santa Isabel, Santiago;
2025-11-29 17:53:58;Santiago;departamento;Dpto 3dorm 2bañ 1est 1 Bod Barrio Universitario, Metro Repúb;4290;CLF;3 dormitorios;2 baños;75 m² útiles;3 dormitorios | 2 baños | 75 m² útiles;Almte. Latorre 402, Santiago, Ejército - Toesca, Santiago;
2025-11-29 17:53:58;Santiago;departamento;Oportunidad Depto 2d + 2b, Santiago;2690;CLF;2 dormitorios;2 baños;48 m² útiles;2 dormitorios | 2 baños | 48 m² útiles;Serrano 611, Santiago, Chile, San Diego, Santiago;
2025-11-29 17:53:58;Santiago;departamento;Oportunidad Depto 1d + 1b A Pasos De Metro Santa Lucía;1650;CLF;1 dormitorio;1 baño;30 m² útiles;1 dormitorio | 1 baño | 30 m² útiles;San Francisco 265, Santiago, Bulnes, Santiago;
2025-11-29 17:53:58;Santiago;departamento;Hermoso Departamento En  San Ignacio Remodelado;105000000;CLP;2 dormitorios;1 baño;46 m² útiles;2 dormitorios | 1 baño | 46 m² útiles;San Ignacio De Loyola 1680, Santiago, Parque O'Higgins, Santiago;
2025-11-29 17:53:58;Santiago;departamento;Oportunidad! Departamento A Pasos De Metro Toesca, 1d + 1b;1650;CLF;1 dormitorio;1 baño;31 m² útiles;1 dormitorio | 1 baño | 31 m² útiles;Dieciocho 798, Santiago, Parque Almagro, Santiago;
2025-11-29 17:53:58;Santiago;departamento;Departamento En Mirador De Portugal , Centro De Santiago;110000000;CLP;2 dormitorios;2 baños;55 m² útiles;2 dormitorios | 2 baños | 55 m² útiles;Portugal 811, Santiago, Barrio Diez De Julio, Santiago;
2025-11-29 17:53:58;Santiago;departamento;Excelentes Departamentos En Venta, La Mejor Inversión!!;2100;CLF;1 dormitorio;1 baño;29 m² útiles;1 dormitorio | 1 baño | 29 m² útiles;Chiloé 1221, Santiago, Parque O'Higgins, Santiago;
2025-11-29 17:53:58;Santiago;departamento;Oportunidad Depto En Stgo, Living + 1 Dorm + 1 Baño;1490;CLF;1 dormitorio;1 baño;30 m² útiles;1 dormitorio | 1 baño | 30 m² útiles;Portugal 564, Santiago, Santa Isabel, Santiago;
2025-11-29 17:53:58;Santiago;departamento;Oportunidad!! Depto.  2 D + 1 B A Pasos De Metro Ñuble;1950;CLF;2 dormitorios;1 baño;44 m² útiles;2 dormitorios | 1 baño | 44 m² útiles;Av. Vicuña Mackenna 1751, Ñuñoa, Santiago, Bogotá - Sierra Bella, Santiago;
2025-11-29 17:53:58;Santiago;departamento;Oportunidad 2d + 1b + Est, Carmen Con Argomedo;2290;CLF;2 dormitorios;1 baño;46 m² útiles;2 dormitorios | 1 baño | 46 m² útiles;Carmen 616, Santiago, Barrio Diez De Julio, Santiago;
2025-11-29 17:53:58;Santiago;departamento;Tremenda Oportunidad;2200;CLF;3 dormitorios;2 baños;70 m² útiles;3 dormitorios | 2 baños | 70 m² útiles;Dr. Sótero Del Río 326, Santiago, Centro Histórico De Santiago, Santiago;
2025-11-29 17:53:58;Santiago;departamento;Tremenda Oportunidad!! Se Venden 2 Dptos Para Inversión;1680;CLF;1 dormitorio;1 baño;38 m² útiles;1 dormitorio | 1 baño | 38 m² útiles;Eleuterio Ramírez 825, Santiago, Bulnes, Santiago;
2025-11-29 17:53:58;Santiago;departamento;Oportunidad Santiago / Cercano A Metro Santa Lucía / 2d + 1b;2050;CLF;2 dormitorios;1 baño;46 m² útiles;2 dormitorios | 1 baño | 46 m² útiles;San Francisco 265, Santiago, Bulnes, Santiago;
2025-11-29 17:53:58;Santiago;departamento;Precioso Depto 1d+1b+bodega Metro Parque Bustamante;1700;CLF;1 dormitorio;1 baño;30 m² útiles;1 dormitorio | 1 baño | 30 m² útiles;Gral. Jofré 100, Santiago, Santa Isabel, Santiago;
2025-11-29 17:53:58;Santiago;departamento;Departamento En Venta De 1 Dorm. En Santiago 1 Bodega;2200;CLF;1 dormitorio;1 baño;38 m² útiles;1 dormitorio | 1 baño | 38 m² útiles;TOCORNAL / SANTA ISABEL, Santa Isabel, Santiago;
2025-11-29 17:53:58;Santiago;departamento;Departamento En Venta En Santiago;3150;CLF;3 dormitorios;2 baños;55 m² útiles;3 dormitorios | 2 baños | 55 m² útiles;Vicuña Mackenna/Santa Elena, Santiago;
2025-11-29 17:53:58;Santiago;departamento;Departamento En Venta De 2 Dorm. En Santiago 1 Estacionamien;3200;CLF;2 dormitorios;2 baños;42 m² útiles;2 dormitorios | 2 baños | 42 m² útiles;SARGENTO ALDEA- SAN DIEGO, Santiago;
2025-11-29 17:53:58;Santiago;departamento;Departamento En Venta De 3 Dorm. En Santiago 1 Estacionamien;3400;CLF;3 dormitorios;2 baños;57 m² útiles;3 dormitorios | 2 baños | 57 m² útiles;SARGENTO ALDEA - SAN DIEGO, Parque O'Higgins, Santiago;
2025-11-29 17:53:58;Santiago;departamento;Departamento En Venta De 1 Dorm. En Santiago;1850;CLF;1 dormitorio;1 baño;34 m² útiles;1 dormitorio | 1 baño | 34 m² útiles;Moneda, Centro Histórico De Santiago, Santiago;
2025-11-29 17:53:58;Santiago;departamento;Cod36058 Departamento En Venta En Santiago;2990;CLF;2 dormitorios;1 baño;56 m² útiles;2 dormitorios | 1 baño | 56 m² útiles;COD36058 Metro Santa Isabel Portugal, - Muy Cerca De Universidad Católica, Santa Isabel, Santiago;
2025-11-29 17:53:58;Santiago;departamento;Departamento En Venta De 2 Dorm. En Santiago;2200;CLF;2 dormitorios;2 baños;46 m² útiles;2 dormitorios | 2 baños | 46 m² útiles;SAN IGNACIO CON PEDRO LAGOS, Parque O'Higgins, Santiago;
2025-11-29 17:53:58;Santiago;departamento;Departamento En Venta De 2 Dorm. En Santiago;3500;CLF;2 dormitorios;2 baños;73 m² útiles;2 dormitorios | 2 baños | 73 m² útiles;Carmen/Curico, Santa Isabel, Santiago;
2025-11-29 17:53:58;Santiago;departamento;Comodo Depto. Echaurren / Grajales;4900;CLF;3 dormitorios;2 baños;70 m² útiles;3 dormitorios | 2 baños | 70 m² útiles;Edif. Mirador - Echaurren 274, Santiago, Barrio República, Santiago;
2025-11-29 17:53:58;Santiago;departamento;Departamento En Venta De 2 Dorm. En Santiago-centro;3600;CLF;2 dormitorios;2 baños;62 m² útiles;2 dormitorios | 2 baños | 62 m² útiles;Calle Carmen Y Santa Rosa, Barrio Diez De Julio, Santiago;
2025-11-29 17:53:58;Santiago;departamento;Departamento En Venta De 2d 2b. En Santiago Centro;3570;CLF;2 dormitorios;2 baños;56 m² útiles;2 dormitorios | 2 baños | 56 m² útiles;Tarapaca Y Calle Serrano, Bulnes, Santiago;
2025-11-29 17:53:58;Santiago;departamento;Metro Matta Acogedor Depto 2d 2b 1e 1b;3000;CLF;2 dormitorios;2 baños;55 m² útiles;2 dormitorios | 2 baños | 55 m² útiles;Santiago Concha 1148, Santiago, Bogotá - Sierra Bella, Santiago;
2025-11-29 17:53:58;Santiago;departamento;Comodo Depto. En Venta Marcoleta / Carmen ;2380;CLF;1 dormitorio;1 baño;30 m² útiles;1 dormitorio | 1 baño | 30 m² útiles;Marcoleta 300 - 600, Santiago, Santiago;
2025-11-29 17:53:58;Santiago;departamento;Departamento En Venta En Metro Ñuble Con Terraza;2500;CLF;2 dormitorios;1 baño;44 m² útiles;2 dormitorios | 1 baño | 44 m² útiles;Santa Elena 1700, Santiago, Chile, Bogotá - Sierra Bella, Santiago;
2025-11-29 17:53:58;Santiago;departamento;Departamento En Venta De 1 Ambiente En Barrio Yungay;2600;CLF;1 dormitorio;1 baño;28 m² útiles;1 dormitorio | 1 baño | 28 m² útiles;Barrio Yungay, Parque Los Reyes, Santiago;
2025-11-29 17:53:58;Santiago;departamento; Departamento En Inmejorable Estado, Metro Moneda, + Bodega;2100;CLF;1 dormitorio;1 baño;30 m² útiles;1 dormitorio | 1 baño | 30 m² útiles;Zenteno 138, Santiago, Chile, Bulnes, Santiago;
2025-11-29 17:53:58;Santiago;departamento;Metro Los Héroes, Departamento Mariposa 2d 2b 1e 1b;110000000;CLP;2 dormitorios;2 baños;65 m² útiles;2 dormitorios | 2 baños | 65 m² útiles;Avenida Manuel Rodríguez 53, Santiago, Chile, Centro Histórico De Santiago, Santiago;
2025-11-29 17:53:58;Santiago;departamento;Metro P. Almagro Espectacular Depto 4d 2b 1e 1b;6800;CLF;4 dormitorios;2 baños;107 m² útiles;4 dormitorios | 2 baños | 107 m² útiles;San Diego 516, Santiago, San Diego, Santiago;
2025-11-29 17:53:58;Santiago;departamento;Depto De 2d, 1b A Pasos Del Parque Forestal;4000;CLF;2 dormitorios;1 baño;69 m² útiles;2 dormitorios | 1 baño | 69 m² útiles;Metro Bellas Artes, Barrio Lastarria, Santiago;
2025-11-29 17:53:58;Santiago;departamento;Ideal Inversión O Primera Vivienda En Santiago Centro;1710;CLF;2 dormitorios;1 baño;36 m² útiles;2 dormitorios | 1 baño | 36 m² útiles;San Diego 1473, Santiago, Parque O'Higgins, Santiago;
2025-11-29 17:53:58;Santiago;departamento;Metro Bellas Artes ;2900;CLF;2 dormitorios;2 baños;46 m² útiles;2 dormitorios | 2 baños | 46 m² útiles;San Antonio 600 - 900, Santiago, Centro Histórico De Santiago, Santiago;
2025-11-29 17:53:58;Santiago;departamento;Departamento Calido Y Acogedor Centro Santiago;1440;CLF;1 dormitorio;1 baño;35 m² útiles;1 dormitorio | 1 baño | 35 m² útiles;Catedral 2642, Santiago, Barrio Yungay, Santiago;
2025-11-29 17:53:58;Santiago;departamento;Oportunidad Impecable Departamento 1d 1b;55000000;CLP;1 dormitorio;1 baño;35 m² útiles;1 dormitorio | 1 baño | 35 m² útiles;Manuel Antonio Tocornal 532, Santiago, Santa Isabel, Santiago;
2025-11-29 17:53:58;Santiago;departamento;Oportunidad, Remodelado!! 2d, 1b;125000000;CLP;2 dormitorios;1 baño;54 m² útiles;2 dormitorios | 1 baño | 54 m² útiles;Grajales, 1 - 300, Ejército - Toesca, Santiago;
2025-11-29 17:53:58;Santiago;departamento;Departamento De 3 Dormitorios, Parque O'higgins;2800;CLF;3 dormitorios;2 baños;60 m² útiles;3 dormitorios | 2 baños | 60 m² útiles;Zenteno, 900 - 1200, Santiago;
2025-11-29 17:54:57;Santiago;departamento;Inversión Asegurada 1d1b, Barrio Universitario, Nuevo.;2990;CLF;1 dormitorio;1 baño;28 m² útiles;1 dormitorio | 1 baño | 28 m² útiles;Domeyko 1954, Ejército - Toesca, Santiago;
2025-11-29 17:54:57;Santiago;departamento;Seminuevo Mariposa 2d+2b+est. Condominio, Piscina, Quinchos;3250;CLF;2 dormitorios;2 baños;46 m² útiles;2 dormitorios | 2 baños | 46 m² útiles;Av. Matucana 1161, Santiago, Parque Los Reyes, Santiago;
2025-11-29 17:54:57;Santiago;departamento;Dpto Venta! V. Mackenna Cerca Metro Ñuble;1890;CLF;2 dormitorios;1 baño;40 m² útiles;2 dormitorios | 1 baño | 40 m² útiles;Av. Vicuña Mackenna, 1500 - 1800, Bogotá - Sierra Bella, Santiago;
2025-11-29 17:54:57;Santiago;departamento;Oportunidad De Inversión En Lira, Santiago Centro;2350;CLF;1 dormitorio;1 baño;32 m² útiles;1 dormitorio | 1 baño | 32 m² útiles;Lira, 526, Santa Isabel, Santiago;
2025-11-29 17:54:57;Santiago;departamento;Estudios, Edificio Equipado. Barrio Universitario, Metro;2202;CLF;1 dormitorio;1 baño;19 m² útiles;1 dormitorio | 1 baño | 19 m² útiles;Domeyko 1954, Ejército - Toesca, Santiago;
2025-11-29 17:54:57;Santiago;departamento;Depto. Estudiantes 1d-1b, Santa Victoria;1800;CLF;1 dormitorio;1 baño;35 m² útiles;1 dormitorio | 1 baño | 35 m² útiles;Santa Victoria, 1 - 300, Santa Isabel, Santiago;
2025-11-29 17:54:57;Santiago;departamento;2 Dormitorios, Estacionamiento Y Bodega En A Matta;3000;CLF;2 dormitorios;1 baño;42 m² útiles;2 dormitorios | 1 baño | 42 m² útiles;Av. Manuel Antonio Matta, 524, Bogotá - Sierra Bella, Santiago;
2025-11-29 17:54:57;Santiago;departamento;Nuevos, Condominio Barrio Matucana 1, 2 Y 3d. Compra Sin Pie;2594;CLF;1 dormitorio;1 baño;36 m² útiles;1 dormitorio | 1 baño | 36 m² útiles;Av. Matucana 900 - 1200, Santiago, Parque Los Reyes, Santiago;
2025-11-29 17:54:57;Santiago;departamento;Matucana, 2d Mariposa, Condominio Equipado. 0% Pie;3125;CLF;2 dormitorios;2 baños;46 m² útiles;2 dormitorios | 2 baños | 46 m² útiles;Av. Matucana 900 - 1200, Santiago, Parque Los Reyes, Santiago;
2025-11-29 17:54:57;Santiago;departamento;Deptos Nuevos 1d1b, Condominio Equipado En Matucana.  0% Pie;2594;CLF;1 dormitorio;1 baño;35 m² útiles;1 dormitorio | 1 baño | 35 m² útiles;Av. Matucana 900 - 1200, Santiago, Parque Los Reyes, Santiago;
2025-11-29 17:54:57;Santiago;departamento;Nuevo 3d2b, Est Y Bod. Condominio. Piscina, Quincho. Sin Pie;3956;CLF;2 dormitorios;2 baños;58 m² útiles;2 dormitorios | 2 baños | 58 m² útiles;Av. Matucana 900 - 1200, Santiago, Parque Los Reyes, Santiago;
2025-11-29 17:54:57;Santiago;departamento;Departamento En Venta De 1 Dorm. En Santiago;2003;CLF;1 dormitorio;1 baño;40 m² útiles;1 dormitorio | 1 baño | 40 m² útiles;Parque De Los Reyes, Parque Los Reyes, Santiago;
2025-11-29 17:54:57;Santiago;departamento;2 Suites, Est + Bod. Condominio. Piscina, Quincho. Sin Pie;3545;CLF;2 dormitorios;2 baños;45 m² útiles;2 dormitorios | 2 baños | 45 m² útiles;Av. Matucana 900 - 1200, Santiago, Parque Los Reyes, Santiago;
2025-11-29 17:54:57;Santiago;departamento;Matucana, Útimo 3d2b. Condominio. Piscina, Quincho. Sin Pie;3536;CLF;2 dormitorios;2 baños;58 m² útiles;2 dormitorios | 2 baños | 58 m² útiles;Av. Matucana 900 - 1200, Santiago, Parque Los Reyes, Santiago;
2025-11-29 17:54:57;Santiago;departamento;Excelente Departamento Para Inversion;1600;CLF;1 dormitorio;1 baño;32 m² útiles;1 dormitorio | 1 baño | 32 m² útiles;San Isidro, 1 - 300, Santa Isabel, Santiago;
2025-11-29 17:54:57;Santiago;departamento;Ideal Inversionistas, Arriendo Garantizado;2190;CLF;1 dormitorio;1 baño;28 m² útiles;1 dormitorio | 1 baño | 28 m² útiles;Carmen, 1153, Bogotá - Sierra Bella, Santiago;
2025-11-29 17:54:57;Santiago;departamento;Departamento En Venta En Santiago;3800;CLF;3 dormitorios;2 baños;68 m² útiles;3 dormitorios | 2 baños | 68 m² útiles;Santa Isabel Entre Santa Rosa Y San Francisco, San Diego, Santiago;
2025-11-29 17:54:57;Santiago;departamento;Santiago Centro - Cercano Metro Cal Y Canto Y Sta. Ana;1350;CLF;1 dormitorio;1 baño;25 m² útiles;1 dormitorio | 1 baño | 25 m² útiles;Av. Mapocho 1500 - 1800, Centro Histórico De Santiago, Santiago;
2025-11-29 17:54:57;Santiago;departamento;Departamento 2d + 2b - Piso 8;2900;CLF;2 dormitorios;2 baños;44 m² útiles;2 dormitorios | 2 baños | 44 m² útiles;Av. Vicuña Mackenna 601, Providencia, Santiago, Santa Isabel, Santiago;
2025-11-29 17:54:57;Santiago;departamento;Cercano Metro Cal Y Canto Y Sta. Ana -edificio Mirador Norte;1980;CLF;1 dormitorio;1 baño;28 m² útiles;1 dormitorio | 1 baño | 28 m² útiles;Av. Mapocho 1500 - 1800, Centro Histórico De Santiago, Santiago;
2025-11-29 17:54:57;Santiago;departamento;Invierte  1 Hab 1 Baño A Pasos De Metro;1750;CLF;1 dormitorio;1 baño;28 m² útiles;1 dormitorio | 1 baño | 28 m² útiles;Chiloe 1295, 1 - 300, Parque O'Higgins, Santiago;
2025-11-29 17:54:57;Santiago;departamento;Venta Dpto Ideal En Vm Cerca Del Metro Ñuble;2200;CLF;3 dormitorios;2 baños;50 m² útiles;3 dormitorios | 2 baños | 50 m² útiles;Av. Vicuña Mackenna, 1500 - 1800, Bogotá - Sierra Bella, Santiago;
2025-11-29 17:54:57;Santiago;departamento;Lindo Depto 2d1b En Estupendo Condominio. Metro Irarrazaval;3105;CLF;2 dormitorios;1 baño;48 m² útiles;2 dormitorios | 1 baño | 48 m² útiles;Sta. Elena 1200 - 1500, Santiago, Bogotá - Sierra Bella, Santiago;
2025-11-29 17:54:57;Santiago;departamento;Departamento En Venta 2 Dorm. En Excelente Ubicación En Stgo;3200;CLF;2 dormitorios;1 baño;45 m² útiles;2 dormitorios | 1 baño | 45 m² útiles;Rosas Con Manuel Rodriguez, Frente Al Teatro Teletón, Centro Histórico De Santiago, Santiago;
2025-11-29 17:54:57;Santiago;departamento;Departamento En Santiago / Lira G. Jofre;2990;CLF;2 dormitorios;2 baños;50 m² útiles;2 dormitorios | 2 baños | 50 m² útiles;Santiago, Santa Isabel;
2025-11-29 17:54:57;Santiago;departamento;Depto En Venta De 2 Dorm. En Santiago 110 M2 Paseo Bulnes;4100;CLF;2 dormitorios;1 baño;111 m² útiles;2 dormitorios | 1 baño | 111 m² útiles;Paseo Bulnes Cercano Al Palacio De La Moneda, Bulnes, Santiago;
2025-11-29 17:54:57;Santiago;departamento;En Excelente Estado Lira, Santiago Centro;2350;CLF;1 dormitorio;1 baño;32 m² útiles;1 dormitorio | 1 baño | 32 m² útiles;Lira, 526, Santa Isabel, Santiago;
2025-11-29 17:54:57;Santiago;departamento;Nuevo, Moderno, Equipado 2d1b. Barrio Universitario, Toesca;3870;CLF;2 dormitorios;1 baño;37 m² útiles;2 dormitorios | 1 baño | 37 m² útiles;Domeyko 1954, Ejército - Toesca, Santiago;
2025-11-29 17:54:57;Santiago;departamento;Condominio, Nuevos 2d1b, Piscina, Quinchos. Matucana. S/pie ;2918;CLF;2 dormitorios;1 baño;44 m² útiles;2 dormitorios | 1 baño | 44 m² útiles;Av. Matucana 900 - 1200, Santiago, Parque Los Reyes, Santiago;
2025-11-29 17:54:57;Santiago;departamento;Venta Dpto Ideal En Vm Cerca Del Metro Ñuble;2190;CLF;3 dormitorios;2 baños;50 m² útiles;3 dormitorios | 2 baños | 50 m² útiles;Av. Vicuña Mackenna, 1500 - 1800, Bogotá - Sierra Bella, Santiago;
2025-11-29 17:54:57;Santiago;departamento;Excelente Departamento Barrio Ejercito 2d/2b;102000000;CLP;3 dormitorios;2 baños;47 m² útiles;3 dormitorios | 2 baños | 47 m² útiles;Ejercito, 1 - 300, Ejército - Toesca, Santiago;
2025-11-29 17:54:57;Santiago;departamento;Gran Departamento, Uso Oficina, Hospedaje, Comercio, Salud, ;400000000;CLP;5 dormitorios;3 baños;338 m² útiles;5 dormitorios | 3 baños | 338 m² útiles;Av. Alameda Libertador Bernardo O'Higgins 300 - 600, Santiago, Barrio San Borja, Santiago;
2025-11-29 17:54:57;Santiago;departamento;Oportunidad Inversión Vendo Departamento Club Hipico;3200;CLF;2 dormitorios;2 baños;63 m² útiles;2 dormitorios | 2 baños | 63 m² útiles;Club Hípico 1240, Santiago, Chile, Parque O'Higgins, Santiago;
2025-11-29 17:54:57;Santiago;departamento;Departamento En Venta Calle Tarapacá-santiago Centro;2850;CLF;2 dormitorios;2 baños;50 m² útiles;2 dormitorios | 2 baños | 50 m² útiles;Tarapacá 600 - 900, Santiago, Bulnes, Santiago;
2025-11-29 17:54:57;Santiago;departamento;Moderno Depto. Casi Nuevo 2d+2b+1b+1e, Metro Cumming. ;3200;CLF;2 dormitorios;2 baños;53 m² útiles;2 dormitorios | 2 baños | 53 m² útiles;Juan Martínez De Rozas 2327, 8.3499e+06 - 8.3502e+06 Santiago, Región Metropolitana, Chile, Parque Los Reyes, Santiago;
2025-11-29 17:54:57;Santiago;departamento;Departamento  Imagina 2d 1b E Y B / Tocornal / Argomedo;2600;CLF;2 dormitorios;1 baño;41 m² útiles;2 dormitorios | 1 baño | 41 m² útiles;Manuel Antonio Tocornal 624, Santiago, Santa Isabel, Santiago;
2025-11-29 17:54:57;Santiago;departamento;Práctico Departamento, Como Nuevo, Pleno Corazón De Santiago;64000000;CLP;1 dormitorio;1 baño;33 m² útiles;1 dormitorio | 1 baño | 33 m² útiles;Morandé 600 - 900, Santiago, Centro Histórico De Santiago, Santiago;
2025-11-29 17:54:57;Santiago;departamento;Departamento Eleuterio Ramirez | 2d + 1b | 1 Est. + 1 Bod.;2890;CLF;2 dormitorios;1 baño;38 m² útiles;2 dormitorios | 1 baño | 38 m² útiles;Eleuterio Ramírez 1491, Parque Almagro, Santiago;
2025-11-29 17:54:57;Santiago;departamento;Venta Departamento Santiago Centro;125000000;CLP;;;51 m² útiles;51 m² útiles;Eleuterio Ramirez, 721, San Diego, Santiago;
2025-11-29 17:54:57;Santiago;departamento;Departamento 2d 2b Orientación Poniente;2490;CLF;2 dormitorios;2 baños;48 m² útiles;2 dormitorios | 2 baños | 48 m² útiles;Lord Cochrane  298, Bulnes, Santiago;
2025-11-29 17:54:57;Santiago;departamento;Inversion Venta De Departamento  ;3200;CLF;3 dormitorios;2 baños;65 m² útiles;3 dormitorios | 2 baños | 65 m² útiles;Diag. Paraguay 160, Santiago, Santa Isabel, Santiago;
2025-11-29 17:54:57;Santiago;departamento;Venta Dpto. Amoblado Av.matta Con Roberto Espinoza 1 Dorm.;1550;CLF;1 dormitorio;1 baño;31 m² útiles;1 dormitorio | 1 baño | 31 m² útiles;Roberto Espinoza 1039, Santiago, Parque Almagro, Santiago;
2025-11-29 17:54:57;Santiago;departamento;Departamento En Venta En Tucapel Jiménez Con Terraza;2200;CLF;1 dormitorio;1 baño;25 m² útiles;1 dormitorio | 1 baño | 25 m² útiles;Tucapel Jiménez 136, Santiago, Centro Histórico De Santiago, Santiago;
2025-11-29 17:54:57;Santiago;departamento;Venta Departamento Mirador Central 1d 1b;61000000;CLP;1 dormitorio;1 baño;28 m² útiles;1 dormitorio | 1 baño | 28 m² útiles;San Diego 1344, Parque O'Higgins, Santiago;
2025-11-29 17:54:57;Santiago;departamento;Invierte : Venta En Verde Dpto Studio En Santiago Centro;2084;CLF;1 dormitorio;1 baño;17 m² útiles;1 dormitorio | 1 baño | 17 m² útiles;Metro Parque Almagro / Nataniel Cox Eyzaguirre, Parque Almagro, Santiago;
2025-11-29 17:54:57;Santiago;departamento;Departamento En Venta En Santiago;2800;CLF;2 dormitorios;2 baños;50 m² útiles;2 dormitorios | 2 baños | 50 m² útiles;LIRA/SANTA ISABEL, Santa Isabel, Santiago;
2025-11-29 17:54:57;Santiago;departamento;Departamento En Venta En Santiago, Plaza Brasil;1800;CLF;1 dormitorio;1 baño;25 m² útiles;1 dormitorio | 1 baño | 25 m² útiles;Plaza Brasil, Barrio Brasil, Santiago;
2025-11-29 17:54:57;Santiago;departamento;Departamento En Venta En Santiago, Plaza Brasil;1980;CLF;1 dormitorio;1 baño;28 m² útiles;1 dormitorio | 1 baño | 28 m² útiles;Plaza Brasil, Barrio Brasil, Santiago;
2025-11-29 17:55:32;Santiago;departamento;Se Vende Céntrico Y Práctico Departamento En Calle Huerfanos;1750;CLF;1 dormitorio;1 baño;40 m² útiles;1 dormitorio | 1 baño | 40 m² útiles;Huérfanos 1200 - 1500, Santiago, Centro Histórico De Santiago, Santiago;
2025-11-29 17:55:32;Santiago;departamento;Oportunidad | Metro Sta Lucia;3800;CLF;3 dormitorios;2 baños;134 m² útiles;3 dormitorios | 2 baños | 134 m² útiles;Sta. Lucía 256, Santiago, Centro Histórico De Santiago, Santiago;
2025-11-29 17:55:32;Santiago;departamento;Depto En Venta 2 Dorm Santiago/barrio Brasil/metro Santa Ana;2550;CLF;2 dormitorios;2 baños;50 m² útiles;2 dormitorios | 2 baños | 50 m² útiles;COMPAÑIA / BARRIO BRASIL / METRO SANTA ANA, Barrio Brasil, Santiago;
2025-11-29 17:55:32;Santiago;departamento;Departamento Venta De 2 Dorm. En Santiago / Estacionamiento;4100;CLF;2 dormitorios;2 baños;55 m² útiles;2 dormitorios | 2 baños | 55 m² útiles;Dieciocho / Estacionamiento / Metro Toesca, Parque Almagro, Santiago;
2025-11-29 17:55:32;Santiago;departamento;Oportunidad Se Acepta Subsidio ;2050;CLF;1 dormitorio;1 baño;29 m² útiles;1 dormitorio | 1 baño | 29 m² útiles;Santiago, Bulnes;
2025-11-29 17:55:32;Santiago;departamento;Departamento En Venta En Santiago;2750;CLF;1 dormitorio;1 baño;33 m² útiles;1 dormitorio | 1 baño | 33 m² útiles;ELEUTERIO RAMIREZ / METRO STA. LUCIA, San Diego, Santiago;
2025-11-29 17:55:32;Santiago;departamento;Departamento En Venta En Santiago;3150;CLF;2 dormitorios;2 baños;51 m² útiles;2 dormitorios | 2 baños | 51 m² útiles;SAN FRANCISCO / EYZAGUIRRE, Bulnes, Santiago;
2025-11-29 17:55:32;Santiago;departamento;Departamento Arturo Prat - Piso 4 - Metro Parque Almagro;3150;CLF;2 dormitorios;1 baño;45 m² útiles;2 dormitorios | 1 baño | 45 m² útiles;Arturo Prat 636, Santiago, Chile, San Diego, Santiago;
2025-11-29 17:55:32;Santiago;departamento;Departamento Arturo Prat - Metro Parque Almagro;3150;CLF;2 dormitorios;1 baño;45 m² útiles;2 dormitorios | 1 baño | 45 m² útiles;Arturo Prat 636, Santiago, Chile, San Diego, Santiago;
2025-11-29 17:55:32;Santiago;departamento;Lira, Santiago Centro, 1d 1b, 34/36m2;3000;CLF;1 dormitorio;1 baño;34 m² útiles;1 dormitorio | 1 baño | 34 m² útiles;Santa Isabel, Santiago;
2025-11-29 17:55:32;Santiago;departamento;Departamento En Venta En Santiago / Tocornal / Sta. Isabel;2750;CLF;1 dormitorio;1 baño;33 m² útiles;1 dormitorio | 1 baño | 33 m² útiles;TOCORNAL / SANTA ISABEL, Santa Isabel, Santiago;
2025-11-29 17:55:32;Santiago;departamento;Departamento En Venta En Santiago Centro;3000;CLF;1 dormitorio;1 baño;34 m² útiles;1 dormitorio | 1 baño | 34 m² útiles;Santa Isabel, Santiago;
2025-11-29 17:55:32;Santiago;departamento;Departamento En Venta En Santiago / Estacionamiento;3000;CLF;1 dormitorio;1 baño;33 m² útiles;1 dormitorio | 1 baño | 33 m² útiles;TOCORNAL / SANTA ISABEL, Santa Isabel, Santiago;
2025-11-29 17:55:32;Santiago;departamento;Departamento En Venta En Santiago;2950;CLF;1 dormitorio;1 baño;33 m² útiles;1 dormitorio | 1 baño | 33 m² útiles;ELEUTERIO RAMIREZ / METRO STA. LUCIA, San Diego, Santiago;
2025-11-29 17:55:32;Santiago;departamento;Venta Departamento Santiago Centro 1d 1b;60750000;CLP;1 dormitorio;1 baño;29 m² útiles;1 dormitorio | 1 baño | 29 m² útiles;Santo Domingo 1391, Santiago, Chile, Centro Histórico De Santiago, Santiago;
2025-11-29 17:55:32;Santiago;departamento;Amplio Departamento Estudio, Metro Toesca, Republica;1600;CLF;1 dormitorio;1 baño;30 m² útiles;1 dormitorio | 1 baño | 30 m² útiles;Toesca 1800 - 2100, Santiago, Ejército - Toesca, Santiago;
2025-11-29 17:55:32;Santiago;departamento;Departamento En Venta En San Francisco Con Terraza;2500;CLF;2 dormitorios;2 baños;44 m² útiles;2 dormitorios | 2 baños | 44 m² útiles;San Francisco 265, Santiago, Chile, Bulnes, Santiago;
2025-11-29 17:55:32;Santiago;departamento;Nuevo Y Moderno Departamento Sector Republica Con Moneda;1890;CLF;1 dormitorio;1 baño;32 m² útiles;1 dormitorio | 1 baño | 32 m² útiles;García Reyes, Yungay 1 - 300, Santiago, Barrio Yungay, Santiago;
2025-11-29 17:55:32;Santiago;departamento;Hermoso Departamento Estudio, Finas Terminaciones;62000000;CLP;1 dormitorio;1 baño;30 m² útiles;1 dormitorio | 1 baño | 30 m² útiles;Toesca 1800 - 2100, Santiago, Ejército - Toesca, Santiago;
2025-11-29 17:55:32;Santiago;departamento;Departamento Venta Parque Almagro Con Balcón;3200;CLF;2 dormitorios;2 baños;55 m² útiles;2 dormitorios | 2 baños | 55 m² útiles;Arturo Prat, Parque O'Higgins, Santiago;
2025-11-29 17:55:32;Santiago;departamento;Bello Y Clásico Dpto. De Los Años 80, En Pleno Barrio Yungay;120000000;CLP;3 dormitorios;1 baño;70 m² útiles;3 dormitorios | 1 baño | 70 m² útiles;Cueto 332, 8350463 Santiago, Región Metropolitana, Chile, Barrio Yungay, Santiago;
2025-11-29 17:55:32;Santiago;departamento;Clásico Departamento Cercano A Metro Santa Lucía Y Almagro. ;150000000;CLP;3 dormitorios;2 baños;89 m² útiles;3 dormitorios | 2 baños | 89 m² útiles;Tocornal 383, Santiago, Santa Isabel, Santiago;
2025-11-29 17:55:32;Santiago;departamento;Departamento 1d 1b E Y B Tocornal / Argomedo;2300;CLF;1 dormitorio;1 baño;33 m² útiles;1 dormitorio | 1 baño | 33 m² útiles;Manuel Antonio Tocornal  624, Santa Isabel, Santiago;
2025-11-29 17:55:32;Santiago;departamento;Luminoso Y Cuidado Departamento En San Martin Con Agustinas;1590;CLF;1 dormitorio;1 baño;36 m² útiles;1 dormitorio | 1 baño | 36 m² útiles;San Martín 237, Santiago, Centro Histórico De Santiago, Santiago;
2025-11-29 17:55:32;Santiago;departamento;Departamento En Venta De 2 Dorm. En Santiago / Santo Domingo;1900;CLF;2 dormitorios;1 baño;44 m² útiles;2 dormitorios | 1 baño | 44 m² útiles;SANTO DOMINGO / METRO SANTA ANA, Centro Histórico De Santiago, Santiago;
2025-11-29 17:55:32;Santiago;departamento;Práctico Dpto. En Pleno Barrio Brasil. Posee Estacionamiento;98000000;CLP;1 dormitorio;2 baños;46 m² útiles;1 dormitorio | 2 baños | 46 m² útiles;Catedral 2025, Santiago, Región Metropolitana, Chile, Barrio Brasil, Santiago;
2025-11-29 17:55:32;Santiago;departamento;Hermoso Departamento, 30 Mts, Finas Terminaciones;62000000;CLP;1 dormitorio;1 baño;30 m² útiles;1 dormitorio | 1 baño | 30 m² útiles;Toesca 1800 - 2100, Santiago, Ejército - Toesca, Santiago;
2025-11-29 17:55:32;Santiago;departamento;Estupendo Departamento Studio 30 Mts Metro Toesca;1600;CLF;1 dormitorio;1 baño;30 m² útiles;1 dormitorio | 1 baño | 30 m² útiles;Toesca 1800 - 2100, Santiago, Ejército - Toesca, Santiago;
2025-11-29 17:55:32;Santiago;departamento;Amplio Depto. Metro Los Héroes (3d/2b/1e);3500;CLF;3 dormitorios;2 baños;75 m² útiles;3 dormitorios | 2 baños | 75 m² útiles;Avenida Manuel Rodríguez 53, Santiago, Chile, Centro Histórico De Santiago, Santiago;
2025-11-29 17:55:32;Santiago;departamento;Dpto. En Segundo Piso, Condominio Familiar, Rebajado!;74000000;CLP;2 dormitorios;2 baños;42 m² útiles;2 dormitorios | 2 baños | 42 m² útiles;Romero 2400 - 2700, Santiago, Barrio Yungay, Santiago;
2025-11-29 17:55:32;Santiago;departamento;Imperdible !!! Venta Home Studio Primer Piso;40000000;CLP;1 dormitorio;1 baño;28 m² útiles;1 dormitorio | 1 baño | 28 m² útiles;San Pablo 2002, Santiago, Barrio Brasil, Santiago;
2025-11-29 17:55:32;Santiago;departamento;Departamento Calle Lastarria, Barrio Lastarria;3100;CLF;1 dormitorio;1 baño;38 m² útiles;1 dormitorio | 1 baño | 38 m² útiles;José Victorino Lastarria, Santiago, Barrio Lastarria, Santiago;
2025-11-29 17:55:32;Santiago;departamento;Gran Departamento Vista Cerro Santa Lucía Para Remodelar!!;200000000;CLP;3 dormitorios;3 baños;161 m² útiles;3 dormitorios | 3 baños | 161 m² útiles;Av. Alameda Libertador Bernardo O'Higgins 300 - 600, Santiago, Barrio San Borja, Santiago;
2025-11-29 17:55:32;Santiago;departamento;Departamento En Venta En San Diego Santiago Sur;1300;CLF;1 dormitorio;1 baño;25 m² útiles;1 dormitorio | 1 baño | 25 m² útiles;San Diego, Santiago, San Diego, Santiago;
2025-11-29 17:55:32;Santiago;departamento;Venta Departamento Metro Bellas Artes;5700;CLF;3 dormitorios;2 baños;79 m² útiles;3 dormitorios | 2 baños | 79 m² útiles;Monjitas 626, Santiago, Centro Histórico De Santiago, Santiago;
2025-11-29 17:55:32;Santiago;departamento;Departamento En Venta 1 Dorm. En Portugal Con Santa Isabe;85000000;CLP;1 dormitorio;1 baño;31 m² útiles;1 dormitorio | 1 baño | 31 m² útiles;PORTUGAL/SANTA ISABEL, Santa Isabel, Santiago;
2025-11-29 17:55:32;Santiago;departamento;"Atardeceres Únicos: Dpto 1d&#43;1b Con Terraza Poniente";1900;CLF;1 dormitorio;1 baño;30 m² útiles;1 dormitorio | 1 baño | 30 m² útiles;Avenida España Con La Alameda, Barrio República, Santiago;
2025-11-29 17:55:32;Santiago;departamento;Departamento En Venta De 1 Dorm.en M. Santa Lucía , Piscina;1950;CLF;1 dormitorio;1 baño;32 m² útiles;1 dormitorio | 1 baño | 32 m² útiles;Eleuterio Ramírez / Metro Santa Lucía, Bulnes, Santiago;
2025-11-29 17:55:32;Santiago;departamento;Parque Forestal;21000;CLF;3 dormitorios;2 baños;280 m² útiles;3 dormitorios | 2 baños | 280 m² útiles;PARQUE FORESTAL, Barrio Lastarria, Santiago;
2025-11-29 17:55:32;Santiago;departamento;Venta Departamento 3 Dormitorios - Gorbea;3400;CLF;3 dormitorios;2 baños;66 m² útiles;3 dormitorios | 2 baños | 66 m² útiles;Gorbea 2551, Santiago, Barrio República, Santiago;
2025-11-29 17:55:32;Santiago;departamento;Departamento En Venta  Santa Lucia Centro Histórico Santiago;15000;CLF;4 dormitorios;4 baños;320 m² útiles;4 dormitorios | 4 baños | 320 m² útiles;Sta. Lucía, Santiago, Barrio Lastarria, Santiago;
2025-11-29 17:55:32;Santiago;departamento;Departamento En Venta  Santa Lucia  Santiago.;13500;CLF;5 dormitorios;6 baños;258 m² útiles;5 dormitorios | 6 baños | 258 m² útiles;Sta. Lucía, Santiago, Centro Histórico De Santiago, Santiago;
2025-11-29 17:55:32;Santiago;departamento;Venta Departamento Para Inversion - San Isidro;1890;CLF;1 dormitorio;1 baño;33 m² útiles;1 dormitorio | 1 baño | 33 m² útiles;San Isidro 337, Santiago, Santa Isabel, Santiago;
2025-11-29 17:55:32;Santiago;departamento;Departamento En Venta En Chiloé Barrio Matta Sur;1450;CLF;1 dormitorio;1 baño;30 m² útiles;1 dormitorio | 1 baño | 30 m² útiles;Chiloé, Santiago, Parque O'Higgins, Santiago;
2025-11-29 17:55:32;Santiago;departamento;Oportunidad 2 Dormitorios 1est 1bod - Parque De Los Reyes;2990;CLF;2 dormitorios;2 baños;59 m² útiles;2 dormitorios | 2 baños | 59 m² útiles;Av. Pdte. Balmaceda 2610, Santiago, Parque Los Reyes, Santiago;
2025-11-29 17:55:32;Santiago;departamento;Parque Forestal;23500;CLF;4 dormitorios;3 baños;325 m² útiles;4 dormitorios | 3 baños | 325 m² útiles;PARQUE FORESTAL, Barrio Lastarria, Santiago;
2025-11-29 17:55:32;Santiago;departamento;Departamento En Venta De 1 Dorm. En Santiago Centro;1991;CLF;1 dormitorio;1 baño;34 m² útiles;1 dormitorio | 1 baño | 34 m² útiles;Santo Domingo Con Mac Iver, Centro Histórico De Santiago, Santiago;
2025-11-29 17:55:32;Santiago;departamento;Departamento En Venta En Carmen Santiago Centro;3500;CLF;2 dormitorios;2 baños;60 m² útiles;2 dormitorios | 2 baños | 60 m² útiles;Carmen, Santiago, Bogotá - Sierra Bella, Santiago;
2025-11-29 17:56:28;Santiago;departamento;"Tu Espacio Ideal: Depto 1d&#43;1b Con Terraza Y Vista Orient";1900;CLF;1 dormitorio;1 baño;30 m² útiles;1 dormitorio | 1 baño | 30 m² útiles;Av. España Con Salvador Sanfuentes, Barrio República, Santiago;
2025-11-29 17:56:28;Santiago;departamento;Departamento En Venta De 1 Dorm. En Santiago;2606;CLF;1 dormitorio;1 baño;32 m² útiles;1 dormitorio | 1 baño | 32 m² útiles;CALLE CARMEN PROXIMO UNIV CATOLICA, Barrio San Borja, Santiago;
2025-11-29 17:56:28;Santiago;departamento;Departamento En Venta De 2 Dorm. En Santiago;3400;CLF;2 dormitorios;1 baño;49 m² útiles;2 dormitorios | 1 baño | 49 m² útiles;Carmen Con Curicó, Santa Isabel, Santiago;
2025-11-29 17:56:28;Santiago;departamento;Departamento En Venta De 1 Dorm. En Ñuñoa;3900;CLF;1 dormitorio;1 baño;42 m² útiles;1 dormitorio | 1 baño | 42 m² útiles;Metro Irarrázabal/Vicuña Mackenna, Santa Isabel, Santiago;
2025-11-29 17:56:28;Santiago;departamento;Departamento En Venta De 2 Dorm. En Santiago;3490;CLF;2 dormitorios;1 baño;50 m² útiles;2 dormitorios | 1 baño | 50 m² útiles;Coquimbo 779, San Diego, Santiago;
2025-11-29 17:56:28;Santiago;departamento;Departamento En Venta En Ñuñoa;2900;CLF;1 dormitorio;1 baño;27 m² útiles;1 dormitorio | 1 baño | 27 m² útiles;Av. Vicuña Mackenna 743, Santiago, Ñuñoa, Barrio Diez De Julio, Santiago;
2025-11-29 17:56:28;Santiago;departamento;Departamento Ideal Inversion - Bellas Artes - Lastarrias ;16500;CLF;3 dormitorios;3 baños;270 m² útiles;3 dormitorios | 3 baños | 270 m² útiles;Departamento 3D - 2D - Barrio Lastarrias - Bellas Artes - Forestal, Barrio Lastarria, Santiago;
2025-11-29 17:56:28;Santiago;departamento;2d2b Estacionemiento Y Bodega;2600;CLF;2 dormitorios;2 baños;45 m² útiles;2 dormitorios | 2 baños | 45 m² útiles;Avenida España / Metro República, Barrio República, Santiago;
2025-11-29 17:56:28;Santiago;departamento;2d /2 B/ Estacionamiento/ A Pasos Metro Ñuble;4739;CLF;2 dormitorios;2 baños;60 m² útiles;2 dormitorios | 2 baños | 60 m² útiles;Metro Ñuble / Santa Elena, Santiago;
2025-11-29 17:56:28;Santiago;departamento;A Pasos Metro Ñuble;2890;CLF;1 dormitorio;1 baño;31 m² útiles;1 dormitorio | 1 baño | 31 m² útiles;Metro Ñuble / Santa Elena, Santiago;
2025-11-29 17:56:28;Santiago;departamento;Depto. 1 Ambiente Norponiente. Equipado, Full Instalaciones.;79800000;CLP;1 dormitorio;1 baño;32 m² útiles;1 dormitorio | 1 baño | 32 m² útiles;Marín Vicuña Mackenna, Santa Isabel, Santiago;
2025-11-29 17:56:28;Santiago;departamento;2d/ 2 B/ Estacionamiento/ Vista Despejada/ Ideal Inversión;1990;CLF;2 dormitorios;2 baños;45 m² útiles;2 dormitorios | 2 baños | 45 m² útiles;Depto Ideal Para Invertir, Santiago;
2025-11-29 17:56:28;Santiago;departamento;2d/2b/ Estacionamiento/ Pasos Metro Ñuble;4120;CLF;2 dormitorios;2 baños;50 m² útiles;2 dormitorios | 2 baños | 50 m² útiles;Metro Ñuble / Santa Elena, Bogotá - Sierra Bella, Santiago;
2025-11-29 17:56:28;Santiago;departamento;Zona Metro P Ohiggins Y Hosp.sn Borja/1d/1b/estacionamiento;2280;CLF;1 dormitorio;1 baño;37 m² útiles;1 dormitorio | 1 baño | 37 m² útiles;Zona Metro P OHiggins Y Hosp.Sn Borja/1D/1B/Estacionamiento, Parque O'Higgins, Santiago;
2025-11-29 17:56:28;Santiago;departamento;Depto 1 Dor 40 M2 Marin/lira 10 Min Caminando M Santa Lucia ;2700;CLF;1 dormitorio;1 baño;38 m² útiles;1 dormitorio | 1 baño | 38 m² útiles;Marin / Lira - 10 Minutos Caminando De Metro Santa Lucia, Santiago;
2025-11-29 17:56:28;Santiago;departamento;¡excelente Oportunidad!;3150;CLF;2 dormitorios;2 baños;60 m² útiles;2 dormitorios | 2 baños | 60 m² útiles;Morandé, 600 - 900, Centro Histórico De Santiago, Santiago;
2025-11-29 17:56:28;Santiago;departamento;Barrio Universitario/ 2d /2 B/ Estacionamiento;3200;CLF;2 dormitorios;2 baños;53 m² útiles;2 dormitorios | 2 baños | 53 m² útiles;Barrio Universitario UTEM Barrio Universitario/ 2D /2 B/ Estacionamiento, Dieciocho, Santiago;
2025-11-29 17:56:28;Santiago;departamento;Rebajado! Precioso Depto. Remodelado En Sta. Victoria- Lira ;2999;CLF;3 dormitorios;2 baños;65 m² útiles;3 dormitorios | 2 baños | 65 m² útiles;Sta Victoria 411, Santiago, Santa Isabel, Santiago;
2025-11-29 17:56:28;Santiago;departamento;¡tu Nuevo Hogar Te Espera!;2620;CLF;2 dormitorios;1 baño;42 m² útiles;2 dormitorios | 1 baño | 42 m² útiles;Lord Cochrane, 1 - 300, Bulnes, Santiago;
2025-11-29 17:56:28;Santiago;departamento;En Venta Cómodo Departamento, Marcoleta - Santiago;4100;CLF;3 dormitorios;1 baño;60 m² útiles;3 dormitorios | 1 baño | 60 m² útiles;Marcoleta 330, Santiago, Barrio San Borja, Santiago;
2025-11-29 17:56:28;Santiago;departamento;Excelente Nethaus Vende Depto Carmen - Sta Victoria Santiago;2550;CLF;2 dormitorios;1 baño;47 m² útiles;2 dormitorios | 1 baño | 47 m² útiles;Santa Victoria 492, Santiago, Chile, Santa Isabel, Santiago;
2025-11-29 17:56:28;Santiago;departamento;Metro República Con Estacionamiento;2400;CLF;1 dormitorio;1 baño;36 m² útiles;1 dormitorio | 1 baño | 36 m² útiles;García Reyes 71, Santiago, Barrio Yungay, Santiago;
2025-11-29 17:56:28;Santiago;departamento;Inversion A 52 Uf/m2 32 M2 Con 1d 1b Gym / Metro;1500;CLF;1 dormitorio;1 baño;32 m² útiles;1 dormitorio | 1 baño | 32 m² útiles;Lord Cochrane / Metro La Moneda / Parque Almagro, Bulnes, Santiago;
2025-11-29 17:56:28;Santiago;departamento;1d/ 1b En Sector Metro Rondizzoni/ Estacionamiento Y Bodega;1755;CLF;1 dormitorio;1 baño;31 m² útiles;1 dormitorio | 1 baño | 31 m² útiles;General Gana / Sector Metro Rondizzoni, Franklin - Biobío, Santiago;
2025-11-29 17:56:28;Santiago;departamento;Departamento Vende/ñuble;1750;CLF;1 dormitorio;1 baño;30 m² útiles;1 dormitorio | 1 baño | 30 m² útiles;Vende/Ñuble, Bogotá - Sierra Bella, Santiago;
2025-11-29 17:56:28;Santiago;departamento;2 D/1 B/ Metro Toesca;3909;CLF;2 dormitorios;1 baño;48 m² útiles;2 dormitorios | 1 baño | 48 m² útiles;Metro Toesca / Parque OHiggins, Ejército - Toesca, Santiago;
2025-11-29 17:56:28;Santiago;departamento;Fantásticos Deptos  2d - 2b En Eleuterio Ramírez;3070;CLF;2 dormitorios;2 baños;40 m² útiles;2 dormitorios | 2 baños | 40 m² útiles;Eleuterio Ramírez, 600 - 900, Santa Isabel, Santiago;
2025-11-29 17:56:28;Santiago;departamento;Departamento Vende/eleuterio Ramírez;1480;CLF;1 dormitorio;1 baño;29 m² útiles;1 dormitorio | 1 baño | 29 m² útiles;Vende/Eleuterio Ramírez, Bulnes, Santiago;
2025-11-29 17:56:28;Santiago;departamento;Venta Sin Comision Nuevo 3 D/ 2 B /entrega Inmediata;3700;CLF;3 dormitorios;2 baños;61 m² útiles;3 dormitorios | 2 baños | 61 m² útiles;Zenteno / Metro Parque OHiggins, Parque O'Higgins, Santiago;
2025-11-29 17:56:28;Santiago;departamento;Departamento 1 Dormitorio A Pasos Del Metro Ñuble;2000;CLF;1 dormitorio;1 baño;29 m² útiles;1 dormitorio | 1 baño | 29 m² útiles;Av. Vicuña Mackenna / Maule, Bogotá - Sierra Bella, Santiago;
2025-11-29 17:56:28;Santiago;departamento;Fantásticos Dptos. 1d-1b , Metro Santa Lucía;3100;CLF;1 dormitorio;1 baño;33 m² útiles;1 dormitorio | 1 baño | 33 m² útiles;Eleuterio Ramírez, 600 - 900, Santa Isabel, Santiago;
2025-11-29 17:56:28;Santiago;departamento;2d 2b Con Piscina Y Estacionamiento;2583;CLF;2 dormitorios;2 baños;43 m² útiles;2 dormitorios | 2 baños | 43 m² útiles;Metro Franklin / San Diego, Franklin - Biobío, Santiago;
2025-11-29 17:56:28;Santiago;departamento;Fantásticos Estudios En Eleuterio Ramírez;2553;CLF;1 dormitorio;1 baño;28 m² útiles;1 dormitorio | 1 baño | 28 m² útiles;Eleuterio Ramírez, 600 - 900, Santa Isabel, Santiago;
2025-11-29 17:56:28;Santiago;departamento;Departamento 1 Dormitorio Cercano A Metro Ñuble;2100;CLF;1 dormitorio;1 baño;34 m² útiles;1 dormitorio | 1 baño | 34 m² útiles;Vicuña Mackenna / Metro Ñuble, Bogotá - Sierra Bella, Santiago;
2025-11-29 17:56:28;Santiago;departamento;Cerca Del Metro Toesca Y Parque Ohiggins;3016;CLF;1 dormitorio;1 baño;36 m² útiles;1 dormitorio | 1 baño | 36 m² útiles;Metro Toesca / Parque O Higgins, Ejército - Toesca, Santiago;
2025-11-29 17:56:28;Santiago;departamento;2d/1b/ Estacionamiento Y Bodega;3849;CLF;2 dormitorios;1 baño;49 m² útiles;2 dormitorios | 1 baño | 49 m² útiles;Depto 2D1/1B Con Estacionamiento Y Bodega, Santa Isabel, Santiago;
2025-11-29 17:56:28;Santiago;departamento;2d/1b Con Terraza Entrega Inmediata / Venta Sin Comision;2907;CLF;2 dormitorios;1 baño;44 m² útiles;2 dormitorios | 1 baño | 44 m² útiles;Zenteno / Metro Parque OHiggins, Parque O'Higgins, Santiago;
2025-11-29 17:56:28;Santiago;departamento;Departamento 2d 2b Con Terraza / Venta Sin Comisión;3162;CLF;2 dormitorios;2 baños;47 m² útiles;2 dormitorios | 2 baños | 47 m² útiles;Zenteno / Metro Parque OHiggins, Parque O'Higgins, Santiago;
2025-11-29 17:56:28;Santiago;departamento;2d 2b Con Piscina, Gimnasio Y Areas Comunes;2448;CLF;2 dormitorios;2 baños;43 m² útiles;2 dormitorios | 2 baños | 43 m² útiles;Metro Franklin / San Diego, Franklin - Biobío, Santiago;
2025-11-29 17:56:28;Santiago;departamento;Departamento 1d 1b A Pasos Del Metro Parque Almagro;2820;CLF;1 dormitorio;1 baño;36 m² útiles;1 dormitorio | 1 baño | 36 m² útiles;Parque Almagro / Santa Isabel, San Diego, Santiago;
2025-11-29 17:56:28;Santiago;departamento;Oportunidad De Inversión 1d/1b Estacionamiento Y Bodega;2871;CLF;1 dormitorio;1 baño;29 m² útiles;1 dormitorio | 1 baño | 29 m² útiles;Parque Almagro / Santa Isabel, San Diego, Santiago;
2025-11-29 17:56:28;Santiago;departamento;Studio A Pasos Del Metro Parque Almagro;1832;CLF;1 dormitorio;1 baño;25 m² útiles;1 dormitorio | 1 baño | 25 m² útiles;Parque Almagro / Santa Isabel, San Diego, Santiago;
2025-11-29 17:56:28;Santiago;departamento;Depto 3 Dormitorios 2 Baños;3600;CLF;3 dormitorios;2 baños;;3 dormitorios | 2 baños;Tarapaca 0, Bulnes, Santiago;
2025-11-29 17:56:28;Santiago;departamento;Departamento Rooftop En Barrio República;4600;CLF;1 dormitorio;1 baño;87 m² útiles;1 dormitorio | 1 baño | 87 m² útiles;Domeyko 1999, Ejército - Toesca, Santiago;
2025-11-29 17:56:28;Santiago;departamento;Imperdible Departamento Vista Despejada!;1850;CLF;1 dormitorio;1 baño;33 m² útiles;1 dormitorio | 1 baño | 33 m² útiles;Coquimbo, 1331, Parque Almagro, Santiago;
2025-11-29 17:56:28;Santiago;departamento;Rosas Con Teatinos;121500000;CLP;2 dormitorios;2 baños;54 m² útiles;2 dormitorios | 2 baños | 54 m² útiles;Rosas 1339, Santiago, Centro Histórico De Santiago, Santiago;
2025-11-29 17:56:28;Santiago;departamento;Rosas Con Teatinos, Amplios Espacios.;121500000;CLP;2 dormitorios;2 baños;50 m² útiles;2 dormitorios | 2 baños | 50 m² útiles;Rosas 1339, Santiago, Centro Histórico De Santiago, Santiago;
2025-11-29 17:56:28;Santiago;departamento;Impecable Departamento Barrio Santa Isabel;1980;CLF;1 dormitorio;1 baño;34 m² útiles;1 dormitorio | 1 baño | 34 m² útiles;San Isidro 488, Santiago, Chile, Santa Isabel, Santiago;
2025-11-29 17:57:13;Santiago;departamento;Alonso Ovalle Con San Francisco;3150;CLF;2 dormitorios;2 baños;44 m² útiles;2 dormitorios | 2 baños | 44 m² útiles;Padre Alonso De Ovalle 840, Santiago, Bulnes, Santiago;
2025-11-29 17:57:13;Santiago;departamento;Oportunidad Depto Seminuevo-contruc Almagro, Av Portugal;2500;CLF;1 dormitorio;1 baño;3 m² útiles;1 dormitorio | 1 baño | 3 m² útiles;Avenida Portugal 810, Depto 511, Santiago, Chile, Barrio Diez De Julio, Santiago;
2025-11-29 17:57:13;Santiago;departamento;Impecable Dpto Cercano A Metro Toesca Y Parque Almagro;1700;CLF;1 dormitorio;1 baño;30 m² útiles;1 dormitorio | 1 baño | 30 m² útiles;Lord Cochrane 635, Santiago, Parque Almagro, Santiago;
2025-11-29 17:57:13;Santiago;departamento;Departamento Impecable En Santa Isabel Con Carmen, Santiago;3100;CLF;3 dormitorios;2 baños;65 m² útiles;3 dormitorios | 2 baños | 65 m² útiles;Av. Sta. Isabel 502, Santiago, Santa Isabel, Santiago;
2025-11-29 17:57:13;Santiago;departamento;Rebajado/ Studio/ Lord Cochrane/ E. Ramírez/ Stgo. Centro;1600;CLF;1 dormitorio;1 baño;28 m² útiles;1 dormitorio | 1 baño | 28 m² útiles;Lord Cochrane 298, Santiago, Chile, Bulnes, Santiago;
2025-11-29 17:57:13;Santiago;departamento; San Diego/ Victoria/ Santiago Centro;1750;CLF;1 dormitorio;1 baño;29 m² útiles;1 dormitorio | 1 baño | 29 m² útiles;San Diego 1344, Santiago, Chile, Parque O'Higgins, Santiago;
2025-11-29 17:57:13;Santiago;departamento;¡cómodo Departamento, Concepto Abierto!;2190;CLF;2 dormitorios;1 baño;43 m² útiles;2 dormitorios | 1 baño | 43 m² útiles;Coquimbo, 1331, Parque Almagro, Santiago;
2025-11-29 17:57:13;Santiago;departamento;Moderno Departamento, Con Lindas Terminaciones. ;2390;CLF;2 dormitorios;1 baño;46 m² útiles;2 dormitorios | 1 baño | 46 m² útiles;San Pablo, 1503, Centro Histórico De Santiago, Santiago;
2025-11-29 17:57:13;Santiago;departamento;¡excelente Departamento, Ideal Para Familias!;2390;CLF;2 dormitorios;2 baños;45 m² útiles;2 dormitorios | 2 baños | 45 m² útiles;General Las Heras, 1610, Parque Almagro, Santiago;
2025-11-29 17:57:13;Santiago;departamento;Excelente Loft  A Pasos De Metro Cal Y Canto;2143;CLF;1 dormitorio;1 baño;37 m² útiles;1 dormitorio | 1 baño | 37 m² útiles;Gral. Mackenna 1490, Centro Histórico De Santiago, Santiago;
2025-11-29 17:57:13;Santiago;departamento;Sector Metro Rondizzoni/ 2 D / 2 B/ Estacionamiento ;1750;CLF;2 dormitorios;2 baños;45 m² útiles;2 dormitorios | 2 baños | 45 m² útiles;Metro Rondizzoni /General Gana, Franklin - Biobío, Santiago;
2025-11-29 17:57:13;Santiago;departamento;Fantásticos Deptosde 2d-1b En Eleuterio Ramírez;3339;CLF;2 dormitorios;1 baño;38 m² útiles;2 dormitorios | 1 baño | 38 m² útiles;Eleuterio Ramírez, 600 - 900, Santa Isabel, Santiago;
2025-11-29 17:57:13;Santiago;departamento;Tipo Mariposa/ Metro Toesca;4403;CLF;2 dormitorios;2 baños;54 m² útiles;2 dormitorios | 2 baños | 54 m² útiles;Metro Toesca / Parque O, Ejército - Toesca, Santiago;
2025-11-29 17:57:13;Santiago;departamento;A Pasos Metro Ñuble;3090;CLF;1 dormitorio;1 baño;32 m² útiles;1 dormitorio | 1 baño | 32 m² útiles;Metro Ñuble / Santa Elena, Bogotá - Sierra Bella, Santiago;
2025-11-29 17:57:13;Santiago;departamento;Departamento 1d 1b Con Entrega Inmediata;2692;CLF;1 dormitorio;1 baño;33 m² útiles;1 dormitorio | 1 baño | 33 m² útiles;Zenteno / Metro Parque OHiggins, Parque O'Higgins, Santiago;
2025-11-29 17:57:13;Santiago;departamento;Venta Departamento 1d + Terraza  Argomedo 390, Santiago;2100;CLF;1 dormitorio;1 baño;33 m² útiles;1 dormitorio | 1 baño | 33 m² útiles;Argomedo 390, Santiago, Santa Isabel, Santiago;
2025-11-29 17:57:13;Santiago;departamento;Central Departamento, Tipo Mariposa En Venta.;2750;CLF;2 dormitorios;2 baños;53 m² útiles;2 dormitorios | 2 baños | 53 m² útiles;Cóndor 1043, Santiago, San Diego, Santiago;
2025-11-29 17:57:13;Santiago;departamento;Departamento 2d 2b Cercano Metro Toesca;2600;CLF;2 dormitorios;2 baños;45 m² útiles;2 dormitorios | 2 baños | 45 m² útiles;José Miguel Carrera / Almirante Latorre, Ejército - Toesca, Santiago;
2025-11-29 17:57:13;Santiago;departamento;Departamento Se Vende Departamento/calle Toesca;3000;CLF;3 dormitorios;2 baños;69 m² útiles;3 dormitorios | 2 baños | 69 m² útiles;SE VENDE DEPARTAMENTO/Calle Toesca, Meiggs, Santiago;
2025-11-29 17:57:13;Santiago;departamento;Nethaus Vende Excelente Departamento - Mejor Sector Santiago;3600;CLF;1 dormitorio;2 baños;45 m² útiles;1 dormitorio | 2 baños | 45 m² útiles;Agustinas 681, Santiago, Centro Histórico De Santiago, Santiago;
2025-11-29 17:57:13;Santiago;departamento;Departamento Con Vista Despejada 2 Dormitorios 1 Baño;2000;CLF;2 dormitorios;1 baño;43 m² útiles;2 dormitorios | 1 baño | 43 m² útiles;ARTURO PRAT, Parque O'Higgins, Santiago;
2025-11-29 17:57:13;Santiago;departamento;Oportunidad Inversionista, A Pasos Del Metro Toesca;2190;CLF;1 dormitorio;1 baño;34 m² útiles;1 dormitorio | 1 baño | 34 m² útiles;José Miguel Carrera 439, Santiago, Chile, Ejército - Toesca, Santiago;
2025-11-29 17:57:13;Santiago;departamento;Super Rebaja/ Eleuterio Ramirez/ Nataniel Cox/ Santiago ;58000000;CLP;1 dormitorio;1 baño;33 m² útiles;1 dormitorio | 1 baño | 33 m² útiles;Eleuterio Ramírez 1291, Santiago, Bulnes, Santiago;
2025-11-29 17:57:13;Santiago;departamento;Nethaus Vende Cómodo Depto. Santiago Centro - Santiago;3490;CLF;3 dormitorios;2 baños;68 m² útiles;3 dormitorios | 2 baños | 68 m² útiles;Vergara 749, Santiago, Ejército - Toesca, Santiago;
2025-11-29 17:57:13;Santiago;departamento;Oportunidad En Santiago: 2d/2b, Bod Y Est.;3250;CLF;2 dormitorios;2 baños;56 m² útiles;2 dormitorios | 2 baños | 56 m² útiles;Carmen, 237, Santa Isabel, Santiago;
2025-11-29 17:57:13;Santiago;departamento;Departamento En Venta En San Diego, Santiago;95000000;CLP;2 dormitorios;1 baño;47 m² útiles;2 dormitorios | 1 baño | 47 m² útiles;Arturo Prat 300 - 600, Santiago, San Diego, Santiago;
2025-11-29 17:57:13;Santiago;departamento;Departamento En Venta En Metro Ñuble;92990000;CLP;3 dormitorios;2 baños;55 m² útiles;3 dormitorios | 2 baños | 55 m² útiles;Sta. Elena 1722, Santiago, Bogotá - Sierra Bella, Santiago;
2025-11-29 17:57:13;Santiago;departamento;Departamento  Venta  Maturana 750, Piso 5, Santiago Centro;65000000;CLP;2 dormitorios;1 baño;47 m² útiles;2 dormitorios | 1 baño | 47 m² útiles;Maturana 750, Santiago, Barrio Brasil, Santiago;
2025-11-29 17:57:13;Santiago;departamento;Departamento Venta Nataniel Cox, Subsidio Ds1;60000000;CLP;1 dormitorio;1 baño;30 m² útiles;1 dormitorio | 1 baño | 30 m² útiles;Nataniel Cox 599, Santiago, Parque Almagro, Santiago;
2025-11-29 17:57:13;Santiago;departamento;Vendo Departamento G. Mackenna A Pasos De Metro Cal Y Canto;1550;CLF;1 dormitorio;1 baño;38 m² útiles;1 dormitorio | 1 baño | 38 m² útiles;Gral. Mackenna 1138, Centro Histórico De Santiago, Santiago;
2025-11-29 17:57:13;Santiago;departamento;Departamento En Venta De 1 Dorm. En Santiago;2100;CLF;1 dormitorio;1 baño;33 m² útiles;1 dormitorio | 1 baño | 33 m² útiles;Gorbea / José Miguel Carrera, Ejército - Toesca, Santiago;
2025-11-29 17:57:13;Santiago;departamento;Departamento En Venta De 2 Dorm. En Santiago;1675;CLF;2 dormitorios;1 baño;39 m² útiles;2 dormitorios | 1 baño | 39 m² útiles;General Gana, Franklin - Biobío, Santiago;
2025-11-29 17:57:13;Santiago;departamento;Departamento En Venta Metro Plaza De Armas. Santiago;1500;CLF;1 dormitorio;1 baño;37 m² útiles;1 dormitorio | 1 baño | 37 m² útiles;Santo Domingo/Teatinos, Centro Histórico De Santiago, Santiago;
2025-11-29 17:57:13;Santiago;departamento;Departamento En Venta De 1 Dorm. En Santiago Centro;1900;CLF;1 dormitorio;1 baño;36 m² útiles;1 dormitorio | 1 baño | 36 m² útiles;Santa Isabel / Carmen, Santa Isabel, Santiago;
2025-11-29 17:57:13;Santiago;departamento;Atractivo Dpto. Venta 1 Dorm. Metro Santa Lucia , Santiago;1950;CLF;1 dormitorio;1 baño;32 m² útiles;1 dormitorio | 1 baño | 32 m² útiles;Santa Rosa 293, Bulnes, Santiago;
2025-11-29 17:57:13;Santiago;departamento;Departamento En Venta De 1 Dorm. Metro Santa Lucia;2690;CLF;1 dormitorio;1 baño;33 m² útiles;1 dormitorio | 1 baño | 33 m² útiles;Santa Victoria, Santa Isabel, Santiago;
2025-11-29 17:57:13;Santiago;departamento;Departamento Venta De 1 Dorm. Metro Irarrazabal;2690;CLF;1 dormitorio;1 baño;36 m² útiles;1 dormitorio | 1 baño | 36 m² útiles;Dpto En Venta 1 Dorm.Metro Irarrazabal Oportunidad, Barrio Diez De Julio, Santiago;
2025-11-29 17:57:13;Santiago;departamento;Departamento En Venta En Santiago;1450;CLF;1 dormitorio;1 baño;35 m² útiles;1 dormitorio | 1 baño | 35 m² útiles;TEATINOS - LETELIER, Centro Histórico De Santiago, Santiago;
2025-11-29 17:57:13;Santiago;departamento;Departamento En Venta Sector Parque Almagro;1640;CLF;1 dormitorio;1 baño;28 m² útiles;1 dormitorio | 1 baño | 28 m² útiles;Eleuterio Ramirez / Nataniel Cox, Bulnes, Santiago;
2025-11-29 17:57:13;Santiago;departamento;Departamento En Venta En Centro Santiago;72000000;CLP;1 dormitorio;1 baño;29 m² útiles;1 dormitorio | 1 baño | 29 m² útiles;Edificio La Merced, Santiago;
2025-11-29 17:57:13;Santiago;departamento;Departamento En Venta En Santa Isabel Con Terraza;2500;CLF;1 dormitorio;1 baño;34 m² útiles;1 dormitorio | 1 baño | 34 m² útiles;Argomedo, Santiago, Santa Isabel, Santiago;
2025-11-29 17:57:13;Santiago;departamento;Departamento E 1 Dorm. Metro Toesca Santiago;1900;CLF;1 dormitorio;1 baño;36 m² útiles;1 dormitorio | 1 baño | 36 m² útiles;Vergara /Toesca, Ejército - Toesca, Santiago;
2025-11-29 17:57:13;Santiago;departamento;Regio Motel Puertas Cerradas ,club Hípico;14073;CLF;13 dormitorios;13 baños;351 m² útiles;13 dormitorios | 13 baños | 351 m² útiles;Barrio República, Santiago;
2025-11-29 17:57:13;Santiago;departamento;Departamento En Venta De 2 Dorm. En Santiago;90000000;CLP;2 dormitorios;1 baño;65 m² útiles;2 dormitorios | 1 baño | 65 m² útiles;Santa Rosa, San Diego, Santiago;
2025-11-29 17:57:13;Santiago;departamento;Departamento En Venta De 2 Dorm. En Santiago;1780;CLF;2 dormitorios;2 baños;44 m² útiles;2 dormitorios | 2 baños | 44 m² útiles;General Gana, Bogotá - Sierra Bella, Santiago;
2025-11-29 17:57:13;Santiago;departamento; 2d+2b. ¡con Estacionamiento Y Bodega!. Oriente;2700;CLF;2 dormitorios;2 baños;50 m² útiles;2 dormitorios | 2 baños | 50 m² útiles;Avenida Manuel Antonio Matta 600 - 900, Santiago, Chile, San Diego, Santiago;
2025-11-29 17:57:13;Santiago;departamento;Venta Departamento Metro Bellas Artes / 1 Dormitorio;1750;CLF;1 dormitorio;1 baño;30 m² útiles;1 dormitorio | 1 baño | 30 m² útiles;Merced 691, Santiago, Chile, Centro Histórico De Santiago, Santiago;
2025-11-29 17:57:13;Santiago;departamento;Venta Departamento Metro Moneda / 2 Dormitorios;1990;CLF;2 dormitorios;1 baño;35 m² útiles;2 dormitorios | 1 baño | 35 m² útiles;Nataniel Cox 107, 8330238 Santiago, Región Metropolitana, Chile, Bulnes, Santiago;
2025-11-29 17:57:42;Santiago;departamento;Venta Departamento Barrio Universitario / Metro Los Héroes;1980;CLF;1 dormitorio;1 baño;35 m² útiles;1 dormitorio | 1 baño | 35 m² útiles;Vergara 1 - 300, Santiago, Ejército - Toesca, Santiago;
2025-11-29 17:57:42;Santiago;departamento;Venta Departamento 1 Dormitorio Beuchef Santiago Carrera Iii;3200;CLF;1 dormitorio;1 baño;40 m² útiles;1 dormitorio | 1 baño | 40 m² útiles;Edificio Carrera III - Constructora Almagro, Ejército - Toesca, Santiago;
2025-11-29 17:57:42;Santiago;departamento;Estupendo Depto Toesca Uf 2000;2000;CLF;1 dormitorio;1 baño;38 m² útiles;1 dormitorio | 1 baño | 38 m² útiles;Toesca 1800 - 2100, Santiago, Ejército - Toesca, Santiago;
2025-11-29 17:57:42;Santiago;departamento;Impecable Departamento / San Isidro - Curicó ;1900;CLF;1 dormitorio;1 baño;35 m² útiles;1 dormitorio | 1 baño | 35 m² útiles;IMPECABLE DEPARTAMENTO / SAN ISIDRO - CURICÓ, Santa Isabel, Santiago;
2025-11-29 17:57:42;Santiago;departamento;Sin Comision! 2/d 2/b En Excelente Ubicacion;2221;CLF;2 dormitorios;2 baños;48 m² útiles;2 dormitorios | 2 baños | 48 m² útiles;Av. España 397, Santiago, Barrio República, Santiago;
2025-11-29 17:57:42;Santiago;departamento;Espectacular Depto A Pasos Alameda;2200;CLF;1 dormitorio;1 baño;30 m² útiles;1 dormitorio | 1 baño | 30 m² útiles;Nataniel Cox 135, Santiago, Bulnes, Santiago;
2025-11-29 17:57:42;Santiago;departamento;Excelente Estado Y Ubicación  2290 Uf  963937095 ;2290;CLF;1 dormitorio;1 baño;36 m² útiles;1 dormitorio | 1 baño | 36 m² útiles;Granados 535, Santa Isabel, Santiago;
2025-11-29 17:57:42;Santiago;departamento;Hermoso Depto Toesca Uf 1600;1600;CLF;;1 baño;30 m² útiles;1 baño | 30 m² útiles;Toesca 1800 - 2100, Santiago, Ejército - Toesca, Santiago;
2025-11-29 17:57:42;Santiago;departamento;Departamento Flow Vicuña Mackenna Uf 3100;3100;CLF;2 dormitorios;2 baños;55 m² útiles;2 dormitorios | 2 baños | 55 m² útiles;Av. Vicuña Mackenna 1385, Santiago, Bogotá - Sierra Bella, Santiago;
2025-11-29 17:57:42;Santiago;departamento;Oportunidad De Precio!! Vicuña Mackenna - Victoria / Oriente;1821;CLF;1 dormitorio;1 baño;32 m² útiles;1 dormitorio | 1 baño | 32 m² útiles;OPORTUNIDAD DE PRECIO!! VICUÑA MACKENNA - VICTORIA / ORIENTE, Bogotá - Sierra Bella, Santiago;
2025-11-29 17:57:42;Santiago;departamento;Oportunidad Inversion - Venta Depto Amoblado Carmen 1d1b;2200;CLF;1 dormitorio;1 baño;34 m² útiles;1 dormitorio | 1 baño | 34 m² útiles;CARMEN - MARCOLETA - METRO SANTA LUCÍA, Santa Isabel, Santiago;
2025-11-29 17:57:42;Santiago;departamento;Depto Lastarria Uf 3100;3100;CLF;1 dormitorio;1 baño;38 m² útiles;1 dormitorio | 1 baño | 38 m² útiles;José Victorino Lastarria, Santiago, Barrio Lastarria, Santiago;
2025-11-29 17:57:42;Santiago;departamento;Departamento En Venta De 3 Dorm. En Santiago;4200;CLF;3 dormitorios;2 baños;73 m² útiles;3 dormitorios | 2 baños | 73 m² útiles;Republica / Toesca, Santiago;
2025-11-29 17:57:42;Santiago;departamento;Departamento En Venta De 1 Dorm. En Santiago;2330;CLF;1 dormitorio;1 baño;36 m² útiles;1 dormitorio | 1 baño | 36 m² útiles;ENTRE SANTA ISABEL Y ARGOMEDO, Santa Isabel, Santiago;
2025-11-29 17:57:42;Santiago;departamento;Portugal/ Metro Uc/ Parque San Borja;3050;CLF;3 dormitorios;1 baño;70 m² útiles;3 dormitorios | 1 baño | 70 m² útiles;Avenida Portugal 38, Santiago, Chile, Barrio San Borja, Santiago;
2025-11-29 17:57:42;Santiago;departamento;Cumbrespro Vende, Luminoso Dpto. 3d/2b, Con 1e/1b;4990;CLF;3 dormitorios;2 baños;72 m² útiles;3 dormitorios | 2 baños | 72 m² útiles;Sta. Elena 1200 - 1500, Bogotá - Sierra Bella, Santiago;
2025-11-29 17:57:42;Santiago;departamento;Atención Inversionistas Cumbrespro Vende Dpto 1d/1b, 1e/1b;1950;CLF;1 dormitorio;1 baño;30 m² útiles;1 dormitorio | 1 baño | 30 m² útiles;Av. Vicuña Mackenna 1200 - 1500, Ñuñoa, Santiago, Bogotá - Sierra Bella, Santiago;
2025-11-29 17:57:42;Santiago;departamento;Venta Manuel Rodríguez/ Metro Toesca;89000000;CLP;1 dormitorio;1 baño;37 m² útiles;1 dormitorio | 1 baño | 37 m² útiles;Av. Manuel Rodríguez 77, 8370179 Santiago, Región Metropolitana, Chile, Ejército - Toesca, Santiago;
2025-11-29 17:57:42;Santiago;departamento;Oportunidad En El Corazón De Santiago;122000000;CLP;1 dormitorio;1 baño;45 m² útiles;1 dormitorio | 1 baño | 45 m² útiles;Root 300 - 600, Santiago, Santa Isabel, Santiago;
2025-11-29 17:57:42;Santiago;departamento;Departamento 2d+1b En Venta En Santa Isabel;2400;CLF;2 dormitorios;1 baño;45 m² útiles;2 dormitorios | 1 baño | 45 m² útiles;Argomedo, Santiago, Santa Isabel, Santiago;
2025-11-29 17:57:42;Santiago;departamento;Departamento En Venta En Sierra Bella, Santiago;1950;CLF;1 dormitorio;1 baño;33 m² útiles;1 dormitorio | 1 baño | 33 m² útiles;Avenida Vicuña Mackenna 1200 - 1500, Ñuñoa, Santiago, Chile, Bogotá - Sierra Bella, Santiago;
2025-11-29 17:57:42;Santiago;departamento;Departamento En Venta En Santiago;2150;CLF;2 dormitorios;1 baño;40 m² útiles;2 dormitorios | 1 baño | 40 m² útiles;2550 UF GORBEA / AV ESPAÑA, Barrio República, Santiago;
2025-11-29 17:57:42;Santiago;departamento;Departamento En Venta En Santiago;1450;CLF;1 dormitorio;1 baño;30 m² útiles;1 dormitorio | 1 baño | 30 m² útiles;Depto Cercano A Metro Matta (L3) / Carmen / Matta, Bogotá - Sierra Bella, Santiago;
2025-11-29 17:57:42;Santiago;departamento;Departamento En Venta En Agustinas Con Terraza;3400;CLF;2 dormitorios;1 baño;53 m² útiles;2 dormitorios | 1 baño | 53 m² útiles;Agustinas 1850, Santiago, Barrio Brasil, Santiago;
2025-11-29 17:57:42;Santiago;departamento;Departamento En Venta De 1 Dorm. En Santiago;2099;CLF;1 dormitorio;1 baño;33 m² útiles;1 dormitorio | 1 baño | 33 m² útiles;METRO BELLAS ARTES//MERCED//MIRAFLORES, Centro Histórico De Santiago, Santiago;
2025-11-29 17:57:42;Santiago;departamento;Departamento En Venta En Santa Isabel Con Terraza;73000000;CLP;1 dormitorio;1 baño;27 m² útiles;1 dormitorio | 1 baño | 27 m² útiles;Argomedo 345, Santiago, Santa Isabel, Santiago;
2025-11-29 17:57:42;Santiago;departamento;Departamento En Venta De 3 Dorm. En Santiago;100000000;CLP;3 dormitorios;2 baños;64 m² útiles;3 dormitorios | 2 baños | 64 m² útiles;General Bulnes / Mapocho (depto 3D / 2D / 1E), Parque Los Reyes, Santiago;
2025-11-29 17:57:42;Santiago;departamento;Departamento En Venta En Santiago;2350;CLF;1 dormitorio;1 baño;45 m² útiles;1 dormitorio | 1 baño | 45 m² útiles;San Pablo / Amunategui, Centro Histórico De Santiago, Santiago;
2025-11-29 17:57:42;Santiago;departamento;Biblioteca Nacional - Mac Iver;3680;CLF;3 dormitorios;2 baños;91 m² útiles;3 dormitorios | 2 baños | 91 m² útiles;Av. Sta. Rosa 37, Santiago, Bulnes, Santiago;
2025-11-29 17:57:42;Santiago;departamento;Departamento En Venta 2d 2b 1 E San Francisco 526;3800;CLF;2 dormitorios;2 baños;57 m² útiles;2 dormitorios | 2 baños | 57 m² útiles;San Francisco 526, Santiago, San Diego, Santiago;
2025-11-29 17:57:42;Santiago;departamento;Encantador Departamento, Amplio Y Antiguo.;2790;CLF;2 dormitorios;1 baño;60 m² útiles;2 dormitorios | 1 baño | 60 m² útiles;Eyzaguirre 1075, Santiago, San Diego, Santiago;
2025-11-29 17:57:42;Santiago;departamento;Alameda/ Metro U. Católica/ Lastarria;3450;CLF;3 dormitorios;2 baños;74 m² útiles;3 dormitorios | 2 baños | 74 m² útiles;Av Libertador Bernardo O'Higgins 280, Santiago, Región Metropolitana, Chile, Barrio San Borja, Santiago;
2025-11-29 17:57:42;Santiago;departamento;Departamento A 5 Min/ Metro Universidad De Chile Ggcc$55.000;85000000;CLP;2 dormitorios;1 baño;46 m² útiles;2 dormitorios | 1 baño | 46 m² útiles;Arturo Prat 324, Santiago, San Diego, Santiago;
2025-11-29 17:57:42;Santiago;departamento;Departamento En Venta En Teatinos 630 Con Ascensor;136000000;CLP;3 dormitorios;2 baños;96 m² útiles;3 dormitorios | 2 baños | 96 m² útiles;Teatinos 630, Santiago, Centro Histórico De Santiago, Santiago;
2025-11-29 17:57:42;Santiago;departamento;Vendo Luminoso Departamento Amplios Ambientes Terraza ;1790;CLF;1 dormitorio;1 baño;36 m² útiles;1 dormitorio | 1 baño | 36 m² útiles;Argomedo 190, Santiago, Santa Isabel, Santiago;
2025-11-29 17:57:42;Santiago;departamento;Vendo Hermoso Depto Dos Amplios Ambiente Metro Sta Isabel;1890;CLF;1 dormitorio;1 baño;34 m² útiles;1 dormitorio | 1 baño | 34 m² útiles;Argomedo 190, Santiago, Santa Isabel, Santiago;
2025-11-29 17:57:42;Santiago;departamento;Cumbrespro Vende, Amplio Dpto. 1d/1b Muy Bien Ubicado;2350;CLF;1 dormitorio;1 baño;33 m² útiles;1 dormitorio | 1 baño | 33 m² útiles;Eleuterio Ramírez 1200 - 1500, Parque Almagro, Santiago;
2025-11-29 17:57:42;Santiago;departamento;Céntrico Departamento Precio Sn Francisco/ Eleuterio Ramirez;77000000;CLP;2 dormitorios;1 baño;40 m² útiles;2 dormitorios | 1 baño | 40 m² útiles;San Francisco 294, Santiago, Bulnes, Santiago;
2025-11-29 17:57:42;Santiago;departamento;Departamento Amplio Y Luminoso En Tranquilo Condominio;100000000;CLP;2 dormitorios;1 baño;70 m² útiles;2 dormitorios | 1 baño | 70 m² útiles;Carmen 1 - 300, Santiago, Santa Isabel, Santiago;
2025-11-29 17:57:42;Santiago;departamento;¡¡¡¡oferta De Ocasión!!!;1950;CLF;2 dormitorios;2 baños;55 m² útiles;2 dormitorios | 2 baños | 55 m² útiles;San Martín 255, Santiago, Chile, Centro Histórico De Santiago, Santiago;
2025-11-29 17:57:42;Santiago;departamento;Se Vende Cómodo 2d+estacio.+bodega. Santiago Centro Metro L3;2300;CLF;2 dormitorios;1 baño;41 m² útiles;2 dormitorios | 1 baño | 41 m² útiles;Carmen 900 - 1200, Santiago, Bogotá - Sierra Bella, Santiago;
2025-11-29 17:57:42;Santiago;departamento;Se Vende Departamento Estudio En Barrio Universitario;1500;CLF;1 dormitorio;1 baño;27 m² útiles;1 dormitorio | 1 baño | 27 m² útiles;Av. España 1 - 300, Santiago, Barrio República, Santiago;
2025-11-29 17:57:42;Santiago;departamento;Departamento En Venta Ricardo Cumming 2 D 2 B , Santiago;2000;CLF;2 dormitorios;2 baños;50 m² útiles;2 dormitorios | 2 baños | 50 m² útiles;Estación Metro Ricardo Cumming, Santiago;
2025-11-29 17:57:42;Santiago;departamento;Departamento En Venta Calle Herrera/ Calle Mapocho, Santiago;2000;CLF;3 dormitorios;1 baño;50 m² útiles;3 dormitorios | 1 baño | 50 m² útiles;Herrera/Av Mapocho, Parque Los Reyes, Santiago;
2025-11-29 17:57:42;Santiago;departamento;Departamento Loft En Venta Barrio República;4300;CLF;1 dormitorio;1 baño;60 m² útiles;1 dormitorio | 1 baño | 60 m² útiles;Barrio República, Ejército - Toesca, Santiago;
2025-11-29 17:57:42;Santiago;departamento;Depto En Venta 2 Dorm 1 Baño, Santo Domingo, Santiago;2500;CLF;2 dormitorios;1 baño;44 m² útiles;2 dormitorios | 1 baño | 44 m² útiles;Santo Domingo/Santa Ana, Centro Histórico De Santiago, Santiago;
2025-11-29 17:57:42;Santiago;departamento;Departamento Estudio En Venta, Corte Suprema, Santiago;2190;CLF;1 dormitorio;1 baño;30 m² útiles;1 dormitorio | 1 baño | 30 m² útiles;Corte Suprema/Lord Cochrane, Santiago;
2025-11-29 17:57:42;Santiago;departamento;Departamento En Venta Calle Lira, Santiago;4000;CLF;3 dormitorios;2 baños;82 m² útiles;3 dormitorios | 2 baños | 82 m² útiles;Lira/General Jofre, Santiago;
2025-11-29 17:58:09;Santiago;departamento;Departamento En Venta De 1 Dorm. En Santiago;1950;CLF;1 dormitorio;1 baño;33 m² útiles;1 dormitorio | 1 baño | 33 m² útiles;Carmen 297, Santa Isabel, Santiago;
2025-11-29 17:58:09;Santiago;departamento;Depto Venta 3 Dormitorios En Santo Domingo Santiago;6650;CLF;3 dormitorios;3 baños;107 m² útiles;3 dormitorios | 3 baños | 107 m² útiles;Santo Domingo/Teatinos, Centro Histórico De Santiago, Santiago;
2025-11-29 17:58:09;Santiago;departamento;Centrico Y Confortable Posibilidad De Inversion;1815;CLF;2 dormitorios;1 baño;38 m² útiles;2 dormitorios | 1 baño | 38 m² útiles;San Francisco, 1 - 300, Bulnes, Santiago;
2025-11-29 17:58:09;Santiago;departamento;En Venta Cómodo Departamento En Portugal ;1900;CLF;1 dormitorio;1 baño;30 m² útiles;1 dormitorio | 1 baño | 30 m² útiles;Portugal/Santa Isabel, Santa Isabel, Santiago;
2025-11-29 17:58:09;Santiago;departamento;Departamento Estudio En Venta, Calle Merced, Santiago;1520;CLF;1 dormitorio;1 baño;29 m² útiles;1 dormitorio | 1 baño | 29 m² útiles;Bellas Artes, Centro Histórico De Santiago, Santiago;
2025-11-29 17:58:09;Santiago;departamento;Departamento Estudio En Venta, Santiago;1410;CLF;1 dormitorio;1 baño;26 m² útiles;1 dormitorio | 1 baño | 26 m² útiles;Sargento Aldea/San Diego, Santiago;
2025-11-29 17:58:09;Santiago;departamento;Deptos En Venta Cercano A Metros Santa Ana  Y Calicanto;1750;CLF;1 dormitorio;1 baño;30 m² útiles;1 dormitorio | 1 baño | 30 m² útiles;San Martín 841, Santiago, Centro Histórico De Santiago, Santiago;
2025-11-29 17:58:09;Santiago;departamento;Departamento En Venta, Barrio Republica, Santiago;65000000;CLP;1 dormitorio;1 baño;;1 dormitorio | 1 baño;Alameda/Rafael Sotomayor, Barrio Yungay, Santiago;
2025-11-29 17:58:09;Santiago;departamento;Se Vende Amplio Departamento Clásico, Santiago. Piso Parqué;3600;CLF;3 dormitorios;2 baños;114 m² útiles;3 dormitorios | 2 baños | 114 m² útiles;Av. Sta. Rosa 37, Santiago, Bulnes, Santiago;
2025-11-29 17:58:09;Santiago;departamento;Departamento En Venta En Santiago;6500;CLF;4 dormitorios;2 baños;140 m² útiles;4 dormitorios | 2 baños | 140 m² útiles;Metro Bellas Artes/ Ismael Valdés Vergara, Centro Histórico De Santiago, Santiago;
2025-11-29 17:58:09;Santiago;departamento;Vista Despejada, Piso 4, Arturo Prat / Porvenir, Metro Matta;97000000;CLP;3 dormitorios;1 baño;93 m² útiles;3 dormitorios | 1 baño | 93 m² útiles;Arturo Prat 1057, Santiago, San Diego, Santiago;
2025-11-29 17:58:09;Santiago;departamento;Departamento En Venta En Santiago;3560;CLF;2 dormitorios;2 baños;57 m² útiles;2 dormitorios | 2 baños | 57 m² útiles;Gorbea/Almirante Latorre, Ejército - Toesca, Santiago;
2025-11-29 17:58:09;Santiago;departamento;Departamento En Venta De 2 Dorm. En Santiago;3550;CLF;2 dormitorios;2 baños;67 m² útiles;2 dormitorios | 2 baños | 67 m² útiles;Compañia/Almirante Barroso, Barrio Brasil, Santiago;
2025-11-29 17:58:09;Santiago;departamento;¡oportunidad! Se Vende Departamento Santiago Centro;1650;CLF;1 dormitorio;1 baño;29 m² útiles;1 dormitorio | 1 baño | 29 m² útiles;Agustinas 1500 - 1800, Santiago, Centro Histórico De Santiago, Santiago;
2025-11-29 17:58:09;Santiago;departamento;Departamento En Venta De 1 Dorm. En Santiago;1975;CLF;1 dormitorio;1 baño;34 m² útiles;1 dormitorio | 1 baño | 34 m² útiles;Presidente Balmaceda, Parque Los Reyes, Santiago;
2025-11-29 17:58:09;Santiago;departamento;Departamento Nuevo En Venta De 2 Dorm. Equipado En Santiago;170000000;CLP;2 dormitorios;2 baños;59 m² útiles;2 dormitorios | 2 baños | 59 m² útiles;ALMIRANTE LATORRE CON BLANCO ENCALADA, Ejército - Toesca, Santiago;
2025-11-29 17:58:09;Santiago;departamento;Departamento En Venta De 2 Dorm. En Santiago;90000000;CLP;2 dormitorios;1 baño;50 m² útiles;2 dormitorios | 1 baño | 50 m² útiles;Entre Las Calles Copiapo Y Coquimbo, San Diego, Santiago;
2025-11-29 17:58:09;Santiago;departamento;Se Vende Departamento 2dormitorios+2baños, Santiago;2300;CLF;2 dormitorios;2 baños;61 m² útiles;2 dormitorios | 2 baños | 61 m² útiles;Porvenir 900 - 1200, Santiago, Chile, San Diego, Santiago;
2025-11-29 17:58:09;Santiago;departamento;Venta Depto 2 Dorm.1 Baño, Bodega, Estacionamien Stgocentro;2350;CLF;2 dormitorios;1 baño;40 m² útiles;2 dormitorios | 1 baño | 40 m² útiles;Nataniel Cox - Av Matta - Santiago Sur, Parque O'Higgins, Santiago;
2025-11-29 17:58:09;Santiago;departamento;Excelente Departamento En Venta De 2 Dorm. En Santiago;3200;CLF;2 dormitorios;2 baños;53 m² útiles;2 dormitorios | 2 baños | 53 m² útiles;Carmen Con Curicó, Santa Isabel, Santiago;
2025-11-29 17:58:09;Santiago;departamento;Departamento En Venta De 1 Dorm. En Santiago;2180;CLF;1 dormitorio;1 baño;34 m² útiles;1 dormitorio | 1 baño | 34 m² útiles;Morandé 580, Centro Histórico De Santiago, Santiago;
2025-11-29 17:58:09;Santiago;departamento;Mario Kreutzberger/metro Santa Ana 1 Dormitorio 1 Baño ;1480;CLF;1 dormitorio;1 baño;28 m² útiles;1 dormitorio | 1 baño | 28 m² útiles;Mario Kreutzberger /Metro Santa Ana, Centro Histórico De Santiago, Santiago;
2025-11-29 17:58:09;Santiago;departamento;Se Vende Departamento Nuevo En Stgo Entrega Inmediata;4113;CLF;2 dormitorios;2 baños;56 m² útiles;2 dormitorios | 2 baños | 56 m² útiles;Arturo Prat 1756, Santiago, Parque O'Higgins, Santiago;
2025-11-29 17:58:09;Santiago;departamento;Departamento Edificio Patrimonial En El Corazón De Santiago;3911;CLF;2 dormitorios;1 baño;92 m² útiles;2 dormitorios | 1 baño | 92 m² útiles;Centro Histórico De Santiago, Centro Histórico De Santiago, Santiago;
2025-11-29 17:58:09;Santiago;departamento;Depto A Pasos Del Metro Plaza De Armas - Para Airbnb ;95000000;CLP;1 dormitorio;1 baño;35 m² útiles;1 dormitorio | 1 baño | 35 m² útiles;Morandé 707, Santiago, Centro Histórico De Santiago, Santiago;
2025-11-29 17:58:09;Santiago;departamento;Se Vende Departamento En Santiago 1d/1b A Pasos Del Metro;1700;CLF;1 dormitorio;1 baño;32 m² útiles;1 dormitorio | 1 baño | 32 m² útiles;Barrio Dieciocho, Santiago;
2025-11-29 17:58:09;Santiago;departamento;Venta 1 Dormitorio, Estacionamiento ;2050;CLF;1 dormitorio;1 baño;36 m² útiles;1 dormitorio | 1 baño | 36 m² útiles;Gorbea 2551, Santiago, Barrio República, Santiago;
2025-11-29 17:58:09;Santiago;departamento;Oportunidad En Santiago Centro -88m2 - Con Estacionamiento;4000;CLF;2 dormitorios;2 baños;83 m² útiles;2 dormitorios | 2 baños | 83 m² útiles;Catedral 1350, Santiago, Santiago;
2025-11-29 17:58:09;Santiago;departamento;Arturo Prat - Metro Universidad De Chile;2250;CLF;3 dormitorios;1 baño;75 m² útiles;3 dormitorios | 1 baño | 75 m² útiles;Arturo Prat 60, Santiago, Chile, Bulnes, Santiago;
2025-11-29 17:58:09;Santiago;departamento;Se Vende Departamento De 2d,2b,1e En Santiago Centro ;3332;CLF;2 dormitorios;2 baños;67 m² útiles;2 dormitorios | 2 baños | 67 m² útiles;Amunátegui 725, 8340223 Santiago, Región Metropolitana, Chile, Centro Histórico De Santiago, Santiago;
2025-11-29 17:58:09;Santiago;departamento;Oportunidad Inversión! 1 Dormitorio + Bodega, Stgo Centro.;1650;CLF;1 dormitorio;1 baño;34 m² útiles;1 dormitorio | 1 baño | 34 m² útiles;Santo Domingo 1200 - 1500, Santiago, Chile, Centro Histórico De Santiago, Santiago;
2025-11-29 17:58:09;Santiago;departamento;Se Vende Moderno 2d+2b Mariposa + Bodega Y 2 Estac. Santiago;2900;CLF;2 dormitorios;2 baños;52 m² útiles;2 dormitorios | 2 baños | 52 m² útiles;Morandé 600 - 900, Santiago, Centro Histórico De Santiago, Santiago;
2025-11-29 17:58:09;Santiago;departamento;Invierte Hoy Rentabilidad Garantizada;1950;CLF;1 dormitorio;1 baño;21 m² útiles;1 dormitorio | 1 baño | 21 m² útiles;Huérfanos, 1 - 300, Barrio Yungay, Santiago;
2025-11-29 17:58:09;Santiago;departamento;Departamento En Venta En Santiago;1390;CLF;1 dormitorio;1 baño;26 m² útiles;1 dormitorio | 1 baño | 26 m² útiles;San Diego / General Gana, Franklin - Biobío, Santiago;
2025-11-29 17:58:09;Santiago;departamento;Depto Para Aribnb En Santiago Downtown - Metro Moneda;2160;CLF;1 dormitorio;1 baño;36 m² útiles;1 dormitorio | 1 baño | 36 m² útiles;Nueva San Martín 1 - 300, Santiago, Centro Histórico De Santiago, Santiago;
2025-11-29 17:58:09;Santiago;departamento;Se Vende Espacioso 2 Dormitorios+ Estacionamiento Y Bodega;2350;CLF;2 dormitorios;2 baños;47 m² útiles;2 dormitorios | 2 baños | 47 m² útiles;Lord Cochrane 300 - 600, Santiago, Parque Almagro, Santiago;
2025-11-29 17:58:09;Santiago;departamento;Nataniel Cox - Eleuterio Ramirez;65000000;CLP;1 dormitorio;1 baño;31 m² útiles;1 dormitorio | 1 baño | 31 m² útiles;Nataniel Cox 331, Santiago, Parque Almagro, Santiago;
2025-11-29 17:58:09;Santiago;departamento;¡oportunidad! Se Vende Departamento 2d+2b Santiago.;1894;CLF;2 dormitorios;2 baños;41 m² útiles;2 dormitorios | 2 baños | 41 m² útiles;Av. Vicuña Mackenna 1200 - 1500, Ñuñoa, Santiago, Bogotá - Sierra Bella, Santiago;
2025-11-29 17:58:09;Santiago;departamento;Central Departamento En Venta De 1 Dorm A Pasos De La Moneda;1500;CLF;1 dormitorio;1 baño;30 m² útiles;1 dormitorio | 1 baño | 30 m² útiles;Santiago, Bulnes;
2025-11-29 17:58:09;Santiago;departamento;Encanto Antiguo, Renovado Y Luminoso;4925;CLF;2 dormitorios;2 baños;100 m² útiles;2 dormitorios | 2 baños | 100 m² útiles;Santa Isabel, 1500 - 1800, Parque Almagro, Santiago;
2025-11-29 17:58:09;Santiago;departamento;Departamento En Venta En Santa Isabel;145000000;CLP;3 dormitorios;2 baños;56 m² útiles;3 dormitorios | 2 baños | 56 m² útiles;Argomedo 350, Santiago, Chile, Santa Isabel, Santiago;
2025-11-29 17:58:09;Santiago;departamento;Departamento En Venta En Santiago;2190;CLF;2 dormitorios;1 baño;43 m² útiles;2 dormitorios | 1 baño | 43 m² útiles;San Martín 760, Santiago, Región Metropolitana, Chile, Centro Histórico De Santiago, Santiago;
2025-11-29 17:58:09;Santiago;departamento;Departamento En Venta De 1 Dorm Cocina Americana En Santiago;1450;CLF;1 dormitorio;1 baño;33 m² útiles;1 dormitorio | 1 baño | 33 m² útiles;Brasil / Barrio Yungay, Barrio Yungay, Santiago;
2025-11-29 17:58:09;Santiago;departamento;Inversionistas - Departamento Buena Rentabilidad;2570;CLF;2 dormitorios;2 baños;53 m² útiles;2 dormitorios | 2 baños | 53 m² útiles;Carmen, 1 - 300, Santa Isabel, Santiago;
2025-11-29 17:58:09;Santiago;departamento;Departamento En Venta En Santiago;3373;CLF;3 dormitorios;2 baños;61 m² útiles;3 dormitorios | 2 baños | 61 m² útiles;Avenida Vicuña Mackenna 1433, Santiago;
2025-11-29 17:58:09;Santiago;departamento;Departamento En Venta En Santiago;3950;CLF;2 dormitorios;2 baños;77 m² útiles;2 dormitorios | 2 baños | 77 m² útiles;Almte. Latorre 602, Santiago, Ejército - Toesca, Santiago;
2025-11-29 17:58:09;Santiago;departamento;Departamento De 1 Dorm 1 Baño En Santiago 19% Descto;1530;CLF;1 dormitorio;1 baño;31 m² útiles;1 dormitorio | 1 baño | 31 m² útiles;Avenida Manuel Antonio Matta 747, San Diego, Santiago;
2025-11-29 17:58:09;Santiago;departamento;Departamento En Venta En Santiago 3 Dorm. 2 Baños;83000000;CLP;3 dormitorios;2 baños;68 m² útiles;3 dormitorios | 2 baños | 68 m² útiles;Nataniel Cox, Entre Coquimbo Y Aconcagua, Parque Almagro, Santiago;
2025-11-29 17:58:36;Santiago;departamento;Estupendo Y Cómodo Departamento, Con Buena Luz, Bien Ubicado;2690;CLF;1 dormitorio;1 baño;35 m² útiles;1 dormitorio | 1 baño | 35 m² útiles;Fray Camilo Henríquez, Santiago, Santa Isabel, Santiago;
2025-11-29 17:58:36;Santiago;departamento;Departamento En Venta En Santiago Centro;2500;CLF;1 dormitorio;1 baño;32 m² útiles;1 dormitorio | 1 baño | 32 m² útiles;Eleuterio Ramírez 780, Santiago, Santiago;
2025-11-29 17:58:36;Santiago;departamento;Oportunidad! Cerca Metro!  Menor A Valor Comercial;2290;CLF;2 dormitorios;1 baño;44 m² útiles;2 dormitorios | 1 baño | 44 m² útiles;Tarapaca, Cerca Metro U De Chile, 0, Bulnes, Santiago;
2025-11-29 17:58:36;Santiago;departamento;Depto En Primer Piso Con Jardin Y Zocalo;17000;CLF;2 dormitorios;3 baños;132 m² útiles;2 dormitorios | 3 baños | 132 m² útiles;PORTAL LA DEHESA, Barrio República, Santiago;
2025-11-29 17:58:36;Santiago;departamento;Cerca Del Metro, Acogedor En Piso 7;106650000;CLP;2 dormitorios;2 baños;58 m² útiles;2 dormitorios | 2 baños | 58 m² útiles;Argomedo, 300 - 600, Santa Isabel, Santiago;
2025-11-29 17:58:36;Santiago;departamento;Departamento En Venta En Metro Santa Ana Con Terraza;75000000;CLP;1 dormitorio;1 baño;43 m² útiles;1 dormitorio | 1 baño | 43 m² útiles;San Martín 300 - 600, Santiago, Centro Histórico De Santiago, Santiago;
2025-11-29 17:58:36;Santiago;departamento;Cómodo Y Acogedor En Piso 7;3190;CLF;2 dormitorios;2 baños;58 m² útiles;2 dormitorios | 2 baños | 58 m² útiles;Argomedo, 300 - 600, Santa Isabel, Santiago;
2025-11-29 17:58:36;Santiago;departamento;Amplio Depto Alameda 2d 3b 1e 1b Lado Metro Ula;4400;CLF;2 dormitorios;3 baños;88 m² útiles;2 dormitorios | 3 baños | 88 m² útiles;Alameda, 1 - 300, Barrio Yungay, Santiago;
2025-11-29 17:58:36;Santiago;departamento;Oferta Venta Depto Santiago Tarapaca 2d 1d 1estac;2390;CLF;2 dormitorios;1 baño;39 m² útiles;2 dormitorios | 1 baño | 39 m² útiles;Tarapaca, Bulnes, Santiago;
2025-11-29 17:58:36;Santiago;departamento;Para Inversion O Vivir En Un Excelente Barrio;2450;CLF;1 dormitorio;1 baño;40 m² útiles;1 dormitorio | 1 baño | 40 m² útiles;SANTO DOMINGO, 600 - 900, Centro Histórico De Santiago, Santiago;
2025-11-29 17:58:36;Santiago;departamento;Moderno Departamento En El Corazón De Santiago;2910;CLF;2 dormitorios;1 baño;53 m² útiles;2 dormitorios | 1 baño | 53 m² útiles;Moneda, 1 - 300, Centro Histórico De Santiago, Santiago;
2025-11-29 17:58:36;Santiago;departamento;Departamento En Venta De 1 Dorm. En Santiago;1850;CLF;1 dormitorio;1 baño;30 m² útiles;1 dormitorio | 1 baño | 30 m² útiles;San Isidro, Santiago, Barrio Diez De Julio, Santiago;
2025-11-29 17:58:36;Santiago;departamento;Departamento En Venta En Bulnes, Santiago Con Piscina;2650;CLF;1 dormitorio;1 baño;41 m² útiles;1 dormitorio | 1 baño | 41 m² útiles;Metro La Moneda, Bulnes, Santiago;
2025-11-29 17:58:36;Santiago;departamento;Para Inversionistas En Santiago Centro;2100;CLF;1 dormitorio;1 baño;36 m² útiles;1 dormitorio | 1 baño | 36 m² útiles;Carmen, 644, Barrio Diez De Julio, Santiago;
2025-11-29 17:58:36;Santiago;departamento;Departamento Oportunidad Para Inversión;68000000;CLP;1 dormitorio;1 baño;30 m² útiles;1 dormitorio | 1 baño | 30 m² útiles;Bulnes, Santiago;
2025-11-29 17:58:36;Santiago;departamento;Departamento En Venta En Santiago;2800;CLF;1 dormitorio;1 baño;40 m² útiles;1 dormitorio | 1 baño | 40 m² útiles;Av Portugal 810, Barrio Diez De Julio, Santiago;
2025-11-29 17:58:36;Santiago;departamento;Barrio Yungay  Departamento 1d+1b, Pasos Metro;1990;CLF;1 dormitorio;1 baño;35 m² útiles;1 dormitorio | 1 baño | 35 m² útiles;Juan Martinez De Rozas / General Bulnes, 0, Parque Los Reyes, Santiago;
2025-11-29 17:58:36;Santiago;departamento;Se Vende Departamento Amoblado En Parque Almagro;2100;CLF;1 dormitorio;1 baño;33 m² útiles;1 dormitorio | 1 baño | 33 m² útiles;Lord Cochrane 355, Santiago, Parque Almagro, Santiago;
2025-11-29 17:58:36;Santiago;departamento;Dptos. De 1 Y 2 Dorms. Con 1 Y 2 Baños, Desde Uf 2.390;2390;CLF;1 dormitorio;1 baño;31 m² útiles;1 dormitorio | 1 baño | 31 m² útiles;Av. Vicuña Mackenna 1881, Ñuñoa, Bogotá - Sierra Bella, Santiago;
2025-11-29 17:58:36;Santiago;departamento;Barrio Yungay  Departamento 1d+1b, Pasos Metro;1990;CLF;1 dormitorio;1 baño;35 m² útiles;1 dormitorio | 1 baño | 35 m² útiles;Juan Martinez De Rozas / General Bulnes, 0, Santiago;
2025-11-29 17:58:36;Santiago;departamento;Departamento En Venta De 1 Dorm. Santiago, Parque Ohiggins;3055;CLF;1 dormitorio;1 baño;40 m² útiles;1 dormitorio | 1 baño | 40 m² útiles;Club Hípico, Metro Rondizzoni, Parque O'Higgins, Santiago;
2025-11-29 17:58:36;Santiago;departamento;Departamento En Venta En Santiago Con Terraza Y Patio;3078;CLF;1 dormitorio;1 baño;32 m² útiles;1 dormitorio | 1 baño | 32 m² útiles;Metro Rondizzoni, Parque O'higgins, Parque O'Higgins, Santiago;
2025-11-29 17:58:36;Santiago;departamento;Excelente! 1 Dorm.  Año 2019 Constructora Almagro;1940;CLF;1 dormitorio;1 baño;26 m² útiles;1 dormitorio | 1 baño | 26 m² útiles;General Mackenna, 1 - 300, Centro Histórico De Santiago, Santiago;
2025-11-29 17:58:36;Santiago;departamento;Venta Departamento Cercano Metro Parque Almagro;2250;CLF;1 dormitorio;1 baño;30 m² útiles;1 dormitorio | 1 baño | 30 m² útiles;Santa Isabel, Santiago;
2025-11-29 17:58:36;Santiago;departamento;Jose Miguel Carrera A Pasos De Estación Toesca.;2100;CLF;1 dormitorio;1 baño;40 m² útiles;1 dormitorio | 1 baño | 40 m² útiles;José Miguel Carrera 359, Santiago, Ejército - Toesca, Santiago;
2025-11-29 17:58:36;Santiago;departamento;Acogedor Departamento, Se Vende En Pesos;75000000;CLP;1 dormitorio;1 baño;39 m² útiles;1 dormitorio | 1 baño | 39 m² útiles;San Diego, 300 - 600, San Diego, Santiago;
2025-11-29 17:58:36;Santiago;departamento;Oportunidad Única,excelente Departamento Y Ubicación.;82000000;CLP;1 dormitorio;1 baño;38 m² útiles;1 dormitorio | 1 baño | 38 m² útiles;ENTRE AV. MANUEL RODRÍGUEZ Y AV. EJÉRCITO., Ejército - Toesca, Santiago;
2025-11-29 17:58:36;Santiago;departamento;Departamento En Venta En Manuel Rodriguez;120000000;CLP;2 dormitorios;2 baños;60 m² útiles;2 dormitorios | 2 baños | 60 m² útiles;Av. Manuel Rodríguez 53, Santiago, Centro Histórico De Santiago, Santiago;
2025-11-29 17:58:36;Santiago;departamento;Excelente Depto. En Venta Edificio San Francisco, Santiago;128000000;CLP;3 dormitorios;2 baños;72 m² útiles;3 dormitorios | 2 baños | 72 m² útiles;San Francisco 632, Santiago, Chile, San Diego, Santiago;
2025-11-29 17:58:36;Santiago;departamento; Apartamento 1d En Stgo: Inversión Ideal!;2000;CLF;1 dormitorio;1 baño;30 m² útiles;1 dormitorio | 1 baño | 30 m² útiles;Carmen, 418, Santa Isabel, Santiago;
2025-11-29 17:58:36;Santiago;departamento; Apartamento 1d En Stgo: Inversión Ideal!;2106;CLF;1 dormitorio;1 baño;30 m² útiles;1 dormitorio | 1 baño | 30 m² útiles;Carmen, 418, Santa Isabel, Santiago;
2025-11-29 17:58:36;Santiago;departamento; ¡oportunidad Única En Corazón De Santiago! ;3000;CLF;2 dormitorios;2 baños;50 m² útiles;2 dormitorios | 2 baños | 50 m² útiles;Arturo Prat, 324, San Diego, Santiago;
2025-11-29 17:58:36;Santiago;departamento;Departamento En Venta En Carmen 602 Santiago Con Piscina;3000;CLF;2 dormitorios;1 baño;50 m² útiles;2 dormitorios | 1 baño | 50 m² útiles;Carmen 602, Santiago, Santa Isabel, Santiago;
2025-11-29 17:58:36;Santiago;departamento; ¡oportunidad Única En Corazón De Santiago! ;3500;CLF;2 dormitorios;2 baños;50 m² útiles;2 dormitorios | 2 baños | 50 m² útiles;Arturo Prat, 324, San Diego, Santiago;
2025-11-29 17:58:36;Santiago;departamento;Departamento En Venta De 3 Dorm. Y Bodega En Santiago;3950;CLF;3 dormitorios;2 baños;65 m² útiles;3 dormitorios | 2 baños | 65 m² útiles;Carmen 297, Santa Isabel, Santiago;
2025-11-29 17:58:36;Santiago;departamento;Departamento En Venta De 2 Dorm. En Santiago ;3100;CLF;2 dormitorios;1 baño;49 m² útiles;2 dormitorios | 1 baño | 49 m² útiles;General Mackenna 1490, Centro Histórico De Santiago, Santiago;
2025-11-29 17:58:36;Santiago;departamento;Departamentos De 1 Y 2 Dorm. Con 1 Y 2 Baños Desde Uf 2.890;2890;CLF;1 dormitorio;1 baño;37 m² útiles;1 dormitorio | 1 baño | 37 m² útiles;Pedro De La Barra 1732, Santiago, Parque Los Reyes, Santiago;
2025-11-29 17:58:36;Santiago;departamento;Departamento En Venta En Miraflores;120000000;CLP;2 dormitorios;1 baño;57 m² útiles;2 dormitorios | 1 baño | 57 m² útiles;Miraflores 323, Santiago, Centro Histórico De Santiago, Santiago;
2025-11-29 17:58:36;Santiago;departamento;Departamento En Venta De 2 Dorm. 2 Baños En Santiago Centro;3184;CLF;2 dormitorios;2 baños;63 m² útiles;2 dormitorios | 2 baños | 63 m² útiles;Rosas 1339, Centro Histórico De Santiago, Santiago;
2025-11-29 17:58:36;Santiago;departamento;Santo Domingo/ Teatinos;1750;CLF;1 dormitorio;1 baño;32 m² útiles;1 dormitorio | 1 baño | 32 m² útiles;SANTO DOMINGO/ TEATINOS, Centro Histórico De Santiago, Santiago;
2025-11-29 17:58:36;Santiago;departamento;Departamento En Venta En Barrio Diez De Julio;2000;CLF;1 dormitorio;1 baño;35 m² útiles;1 dormitorio | 1 baño | 35 m² útiles;Fray Andresito 50, 8331024 Santiago, Región Metropolitana, Chile, Barrio Diez De Julio, Santiago;
2025-11-29 17:58:36;Santiago;departamento;Dptos. Tipo Estudio, 1, 2 Y 3 Dormitorios Desde Uf 2.429;2429;CLF;1 dormitorio;1 baño;34 m² útiles;1 dormitorio | 1 baño | 34 m² útiles;Zenteno 1276, Santiago, Parque O'Higgins, Santiago;
2025-11-29 17:58:36;Santiago;departamento;Metro Toesca;1800;CLF;1 dormitorio;1 baño;31 m² útiles;1 dormitorio | 1 baño | 31 m² útiles;METRO TOESCA, Parque Almagro, Santiago;
2025-11-29 17:58:36;Santiago;departamento;Santo Domingo/ Teatinos;1990;CLF;1 dormitorio;1 baño;33 m² útiles;1 dormitorio | 1 baño | 33 m² útiles;SANTO DOMINGO/ TEATINOS, Centro Histórico De Santiago, Santiago;
2025-11-29 17:58:36;Santiago;departamento;Portugal / 10 De Julio;3700;CLF;2 dormitorios;2 baños;57 m² útiles;2 dormitorios | 2 baños | 57 m² útiles;PORTUGAL / 10 DE JULIO, Barrio Diez De Julio, Santiago;
2025-11-29 17:58:36;Santiago;departamento;Venta Departamento Ñuñoa Metro Ñuble ;2700;CLF;1 dormitorio;1 baño;41 m² útiles;1 dormitorio | 1 baño | 41 m² útiles;Ñuble, Bogotá - Sierra Bella, Santiago;
2025-11-29 17:58:36;Santiago;departamento;Depto. En Venta San Pablo 2966/ Esquina Maipú;1500;CLF;1 dormitorio;1 baño;25 m² útiles;1 dormitorio | 1 baño | 25 m² útiles;San Pablo 2966, Santiago, Barrio Yungay, Santiago;
2025-11-29 17:58:36;Santiago;departamento;En Barrio Santa Isabel;2500;CLF;2 dormitorios;2 baños;40 m² útiles;2 dormitorios | 2 baños | 40 m² útiles;EN BARRIO SANTA ISABEL, Santa Isabel, Santiago;
2025-11-29 17:58:50;Santiago;departamento;Venta Depto. Nuevo Santiago Centro 1d-1b;2200;CLF;1 dormitorio;1 baño;32 m² útiles;1 dormitorio | 1 baño | 32 m² útiles;Av. Mapocho 1836, 8340105 Santiago, Región Metropolitana, Chile, Parque Los Reyes, Santiago;
2025-11-29 17:58:50;Santiago;departamento;Venta De Departamento Al Lado De Parque O Higgins Santiago;68000000;CLP;1 dormitorio;1 baño;42 m² útiles;1 dormitorio | 1 baño | 42 m² útiles;Lord Cochrane 1035, 8330985 Santiago, Región Metropolitana, Chile, Parque Almagro, Santiago;
2025-11-29 17:58:50;Santiago;departamento;Departamento En Venta En Centro De Santiago;188000000;CLP;1 dormitorio;2 baños;169 m² útiles;1 dormitorio | 2 baños | 169 m² útiles;Paseo Estado 337, Santiago, Chile, Centro Histórico De Santiago, Santiago;
2025-11-29 17:58:50;Santiago;departamento;Barrio Arturo Prat-universidad De Chile;2300;CLF;2 dormitorios;1 baño;40 m² útiles;2 dormitorios | 1 baño | 40 m² útiles;BARRIO ARTURO PRAT-UNIVERSIDAD DE CHILE, San Diego, Santiago;
2025-11-29 17:58:50;Santiago;departamento;Departamento En Venta En San Isidro;1650;CLF;1 dormitorio;1 baño;30 m² útiles;1 dormitorio | 1 baño | 30 m² útiles;San Isidro 337, Santiago, Santa Isabel, Santiago;
2025-11-29 17:58:50;Santiago;departamento;Excelente Departamento En Pleno Centro De Santiago ;1900;CLF;1 dormitorio;1 baño;26 m² útiles;1 dormitorio | 1 baño | 26 m² útiles;Santo Domingo 1391, Santiago, Chile, Centro Histórico De Santiago, Santiago;
2025-11-29 17:58:50;Santiago;departamento;Oportunidad 1d/1b + Estacionamiento - Santo Domingo 1220;74850000;CLP;1 dormitorio;1 baño;37 m² útiles;1 dormitorio | 1 baño | 37 m² útiles;Santo Domingo 1220, Centro Histórico De Santiago, Santiago;
2025-11-29 17:58:50;Santiago;departamento;Dpto 1d/1b - José Miguel Carrera - Alameda - Sazié;2090;CLF;1 dormitorio;1 baño;33 m² útiles;1 dormitorio | 1 baño | 33 m² útiles;José Miguel Carrera 120, Santiago, Ejército - Toesca, Santiago;
2025-11-29 17:58:50;Santiago;departamento;Dpto. 2d/2b + Estacionamiento - Vergara 548 - Metro Toesca;4150;CLF;2 dormitorios;2 baños;50 m² útiles;2 dormitorios | 2 baños | 50 m² útiles;Vergara 548, Santiago, Chile, Ejército - Toesca, Santiago;
2025-11-29 17:58:50;Santiago;departamento;Venta Dpto. Tipo Mariposa 2d/2b + 1e/1b - Amunátegui - Rosas;3900;CLF;2 dormitorios;2 baños;51 m² útiles;2 dormitorios | 2 baños | 51 m² útiles;Amunátegui 600 - 900, Centro Histórico De Santiago, Santiago;
2025-11-29 17:58:50;Santiago;departamento;Impecable Dpto. 2d/1b + Bodega - Curicó - Metro Santa Lucía;2500;CLF;2 dormitorios;1 baño;40 m² útiles;2 dormitorios | 1 baño | 40 m² útiles;Curicó 234, Santiago, Chile, Santa Isabel, Santiago;
2025-11-29 17:58:50;Santiago;departamento;Oportunidad Dpto. 2d/1b + 1b - Carmen 390 - Santa Victoria;2500;CLF;2 dormitorios;1 baño;44 m² útiles;2 dormitorios | 1 baño | 44 m² útiles;Carmen 390, Santiago, Chile, Santa Isabel, Santiago;
2025-11-29 17:58:50;Santiago;departamento;Amplio 2d 2b Estacionamiento Bodega Metro Republica;180000000;CLP;2 dormitorios;2 baños;61 m² útiles;2 dormitorios | 2 baños | 61 m² útiles;Grajales 2045, Santiago, Ejército - Toesca, Santiago;
2025-11-29 17:58:50;Santiago;departamento;Dpto. 2d/1b + 1e - San Pablo - Teatinos - Metro Cal Y Canto;2900;CLF;2 dormitorios;11 baños;52 m² útiles;2 dormitorios | 11 baños | 52 m² útiles;San Pablo 1315, Plaza San Pablo, Santiago, Centro Histórico De Santiago, Santiago;
2025-11-29 17:58:50;Santiago;departamento;Oportunidad 1d/1b +1b - José Miguel Carrera 359;2990;CLF;1 dormitorio;1 baño;35 m² útiles;1 dormitorio | 1 baño | 35 m² útiles;José Miguel Carrera 359, Santiago, Chile, Ejército - Toesca, Santiago;
2025-11-29 17:58:50;Santiago;departamento;Dpto 1d/1b - Santa Victoria 538 - Carmen - Metro Santa Lucia;2450;CLF;1 dormitorio;1 baño;32 m² útiles;1 dormitorio | 1 baño | 32 m² útiles;Santa Victoria 538, Santiago, Chile, Santa Isabel, Santiago;
2025-11-29 17:58:50;Santiago;departamento;Rebajado Y Remodelado Dpto 3d/2b + 1e/1b - San Francisco 350;145000000;CLP;3 dormitorios;2 baños;61 m² útiles;3 dormitorios | 2 baños | 61 m² útiles;San Francisco 350, Santiago, Chile, San Diego, Santiago;
2025-11-29 17:58:50;Santiago;departamento;Excelente Ubicación, Ideal Para Remodelar;1537;CLF;1 dormitorio;1 baño;28 m² útiles;1 dormitorio | 1 baño | 28 m² útiles;ESQUINA ENRIQUE MAC IVER, Centro Histórico De Santiago, Santiago;
2025-11-29 17:58:50;Santiago;departamento;Santiago Down Town;3500;CLF;1 dormitorio;1 baño;50 m² útiles;1 dormitorio | 1 baño | 50 m² útiles;SANTIAGO DOWN TOWN, Centro Histórico De Santiago, Santiago;
2025-11-29 17:58:50;Santiago;departamento;Venta De Maravilloso Departamento En Santiago Centro;148000000;CLP;2 dormitorios;2 baños;55 m² útiles;2 dormitorios | 2 baños | 55 m² útiles;Marín 574, Santiago, Santa Isabel, Santiago;
2025-11-29 17:58:50;Santiago;departamento;Dpto 1d/1b + 1b - Orientación Norte - Pdte Balmaceda - Cueto;1800;CLF;1 dormitorio;1 baño;33 m² útiles;1 dormitorio | 1 baño | 33 m² útiles;Av. Pdte. Balmaceda 2610, Santiago, Chile, Parque Los Reyes, Santiago;
2025-11-29 17:58:50;Santiago;departamento;Buen Tamaño 1d 1b Bodega Jofre Con Vicuña Mackenna;2300;CLF;1 dormitorio;1 baño;32 m² útiles;1 dormitorio | 1 baño | 32 m² útiles;Gral. Jofré 110, Santiago, Santa Isabel, Santiago;
2025-11-29 17:58:50;Santiago;departamento;Bonito Amplio En Su Tipo 1d 1b Balcon Garcia Reyes;2350;CLF;1 dormitorio;1 baño;40 m² útiles;1 dormitorio | 1 baño | 40 m² útiles;García Reyes 71, Santiago, Barrio Yungay, Santiago;
2025-11-29 17:58:50;Santiago;departamento;Luminoso Depto A Pasos Futuro Metro  Matucana 1251 Sgto.;1590;CLF;1 dormitorio;1 baño;33 m² útiles;1 dormitorio | 1 baño | 33 m² útiles;Av. Matucana 1251, Santiago, Parque Los Reyes, Santiago;
2025-11-29 17:58:50;Santiago;departamento;Dpto 1d/1b + 1b - Orientación Norte - Pdte Balmaceda - Cueto;1750;CLF;1 dormitorio;1 baño;33 m² útiles;1 dormitorio | 1 baño | 33 m² útiles;Av. Pdte. Balmaceda 2610, Santiago, Chile, Parque Los Reyes, Santiago;
2025-11-29 17:58:50;Santiago;departamento;Apartamento En El Corazón De Santiago Renovado;2000;CLF;1 dormitorio;1 baño;32 m² útiles;1 dormitorio | 1 baño | 32 m² útiles;General Jofré, 618, Santa Isabel, Santiago;
2025-11-29 17:58:50;Santiago;departamento;Apartamento En El Corazón De Santiago Renovado;2100;CLF;1 dormitorio;1 baño;32 m² útiles;1 dormitorio | 1 baño | 32 m² útiles;General Jofré, 618, Santa Isabel, Santiago;
2025-11-29 17:58:50;Santiago;departamento;Venta De Departamento En La Region Metropolitana;2200;CLF;2 dormitorios;2 baños;42 m² útiles;2 dormitorios | 2 baños | 42 m² útiles;Av. Manuel Rodríguez 881, Santiago, Centro Histórico De Santiago, Santiago;
2025-11-29 17:58:50;Santiago;departamento;Oportunidad Dpto. 2d/2b + Estac - Vergara 548 - Metro Toesca;3000;CLF;2 dormitorios;2 baños;42 m² útiles;2 dormitorios | 2 baños | 42 m² útiles;Vergara 548, Santiago, Chile, Ejército - Toesca, Santiago;
2025-11-29 17:58:50;Santiago;departamento;Dpto. 1d/1b + 1 Bodega - Santa Victoria 538 - Carmen;2550;CLF;1 dormitorio;1 baño;33 m² útiles;1 dormitorio | 1 baño | 33 m² útiles;Santa Victoria 538, Santiago, Chile, Santa Isabel, Santiago;
2025-11-29 17:58:50;Santiago;departamento;Dpto. Studio - Catedral 3058 - Herrera - Metro Quinta Normal;1500;CLF;1 dormitorio;1 baño;20 m² útiles;1 dormitorio | 1 baño | 20 m² útiles;Catedral 3058, Santiago, Barrio Yungay, Santiago;
2025-11-29 17:58:50;Santiago;departamento;Dpto En Venta 3d/2b + 1e/1b - Arturo Prat 407 - Cóndor;4200;CLF;3 dormitorios;2 baños;70 m² útiles;3 dormitorios | 2 baños | 70 m² útiles;Arturo Prat 407, Santiago, San Diego, Santiago;
2025-11-29 17:58:50;Santiago;departamento;Dpto 1d/1b + 1b - San Isidro - 10 De Julio - Parque Almagro;1890;CLF;1 dormitorio;1 baño;30 m² útiles;1 dormitorio | 1 baño | 30 m² útiles;San Isidro 635, Santiago, Barrio Diez De Julio, Santiago;
2025-11-29 17:58:50;Santiago;departamento;Dpto. 1d/1b + 1e/1b - Eleuterio Ramírez - San Francisco;2350;CLF;1 dormitorio;1 baño;33 m² útiles;1 dormitorio | 1 baño | 33 m² útiles;Eleuterio Ramírez 825, Santiago, Chile, Bulnes, Santiago;
2025-11-29 17:58:50;Santiago;departamento;Departamento En Venta En Santiago;2200;CLF;;1 baño;35 m² útiles;1 baño | 35 m² útiles;Chiloe/Santiaguillo, Parque O'Higgins, Santiago;
2025-11-29 17:58:50;Santiago;departamento;Oportunidad Para Inversionistas! Cerca Metro;1650;CLF;1 dormitorio;1 baño;31 m² útiles;1 dormitorio | 1 baño | 31 m² útiles;Depto. Santiago Centro, Cerca De Todo, 0, Centro Histórico De Santiago, Santiago;
2025-11-29 17:58:50;Santiago;departamento;Luminoso 3 Dorm + 1 Baño, Metro República;111000000;CLP;3 dormitorios;1 baño;67 m² útiles;3 dormitorios | 1 baño | 67 m² útiles;Avenida España, 1 - 300, Barrio República, Santiago;
2025-11-29 17:58:50;Santiago;departamento;Departamento 2d 1b Estacionamiento Y Bodega Santiago Centro;2500;CLF;2 dormitorios;1 baño;43 m² útiles;2 dormitorios | 1 baño | 43 m² útiles;Tarapacá 600 - 900, Santiago, Bulnes, Santiago;
2025-11-29 17:58:50;Santiago;departamento;Nuevo Precio Oferta Depto 2d 2b 1est 1bod;3999;CLF;2 dormitorios;2 baños;60 m² útiles;2 dormitorios | 2 baños | 60 m² útiles;Zenteno 864, San Diego, Santiago;
2025-11-29 17:58:50;Santiago;departamento;Excelente Y Renovado Depto 2 Dorm! Pasos Metro;2650;CLF;2 dormitorios;2 baños;56 m² útiles;2 dormitorios | 2 baños | 56 m² útiles;Santo Domingo / Teatinos / Metro Plaza De Armas, 0, Centro Histórico De Santiago, Santiago;
2025-11-29 17:58:50;Santiago;departamento; Charming 2-bedroom In Centro Histórico ;2650;CLF;2 dormitorios;2 baños;45 m² útiles;2 dormitorios | 2 baños | 45 m² útiles;Lira, 300 - 600, Santa Isabel, Santiago;
2025-11-29 17:58:50;Santiago;departamento;Santa Isabel / Vicuña Mackena;2950;CLF;1 dormitorio;1 baño;32 m² útiles;1 dormitorio | 1 baño | 32 m² útiles;SANTA ISABEL / VICUÑA MACKENA, Santa Isabel, Santiago;
2025-11-29 17:58:50;Santiago;departamento;Detos. Studio, 1, 2, 3 Dorms. - 1 Y 2 Baños Desde Uf 2.790;2790;CLF;1 dormitorio;1 baño;25 m² útiles;1 dormitorio | 1 baño | 25 m² útiles;José Miguel Carrera 699, Santiago, Ejército - Toesca, Santiago;
2025-11-29 17:58:50;Santiago;departamento;Venta Depto. 1d Y 1b En Edificio Carmen Victoria, Santiago ;60000000;CLP;1 dormitorio;1 baño;28 m² útiles;1 dormitorio | 1 baño | 28 m² útiles;Santa Victoria 492, Santiago, Chile, Santa Isabel, Santiago;
2025-11-29 17:58:50;Santiago;departamento;Departamento En Venta En Ejército - Toesca;1900;CLF;1 dormitorio;1 baño;39 m² útiles;1 dormitorio | 1 baño | 39 m² útiles;Av. Ejército Libertador 688, Santiago, Ejército - Toesca, Santiago;
2025-11-29 17:58:50;Santiago;departamento;Departamento En Venta En Metro Parque O Higgins;2200;CLF;2 dormitorios;2 baños;55 m² útiles;2 dormitorios | 2 baños | 55 m² útiles;PARQUE O HIGGINS, San Diego, Santiago;
2025-11-29 17:58:50;Santiago;departamento;Venta Departamento Santiago Centro, Vista Despejada.;2100;CLF;2 dormitorios;1 baño;49 m² útiles;2 dormitorios | 1 baño | 49 m² útiles;San Francisco 668, 8330591 Santiago, Región Metropolitana, Chile, San Diego, Santiago;
2025-11-29 17:58:50;Santiago;departamento;Dpto. 1d/1b - Santa Victoria - Raulí - Av. Portugal;1800;CLF;1 dormitorio;1 baño;30 m² útiles;1 dormitorio | 1 baño | 30 m² útiles;Santa Victoria 340, Santiago, Chile, Santa Isabel, Santiago;
2025-11-29 17:59:36;Santiago;departamento;Oferta Venta De 1 Dorm. En Santiago;44000000;CLP;1 dormitorio;1 baño;28 m² útiles;1 dormitorio | 1 baño | 28 m² útiles;Lord Cochrane 796, Parque Almagro, Santiago;
2025-11-29 17:59:36;Santiago;departamento;Oportunidad Inversión Dpto. 1d/1b - Curicó 234 - San Isidro;2000;CLF;1 dormitorio;1 baño;31 m² útiles;1 dormitorio | 1 baño | 31 m² útiles;Curicó 234, Santiago, Chile, Santa Isabel, Santiago;
2025-11-29 17:59:36;Santiago;departamento;Dpto 1d/1b - Marcoleta 462 - Carmen - Metro Santa Lucía / Uc;2250;CLF;1 dormitorio;1 baño;33 m² útiles;1 dormitorio | 1 baño | 33 m² útiles;Marcoleta 462, Santiago, Santa Isabel, Santiago;
2025-11-29 17:59:36;Santiago;departamento;Acogedor Depto. En Excelente Ubicación;1900;CLF;1 dormitorio;1 baño;31 m² útiles;1 dormitorio | 1 baño | 31 m² útiles;Fray Camilo Henríquez, 1 - 300, Santa Isabel, Santiago;
2025-11-29 17:59:36;Santiago;departamento;Loft 3 Pisos 1d/1b - 1e/1b - José Miguel Carrera / Alameda;4800;CLF;1 dormitorio;1 baño;60 m² útiles;1 dormitorio | 1 baño | 60 m² útiles;José Miguel Carrera 120, Santiago, Chile, Ejército - Toesca, Santiago;
2025-11-29 17:59:36;Santiago;departamento;Dpto. Remodelado 1d/1b Ismael Valdés Vergara - Bellas Artes;195000000;CLP;1 dormitorio;1 baño;68 m² útiles;1 dormitorio | 1 baño | 68 m² útiles;Ismael Valdés Vergara 640, Santiago, Chile, Centro Histórico De Santiago, Santiago;
2025-11-29 17:59:36;Santiago;departamento;Fantástico Dpto 2d/2b - Santo Domingo 1890 - Metro Santa Ana;2500;CLF;2 dormitorios;2 baños;36 m² útiles;2 dormitorios | 2 baños | 36 m² útiles;Santo Domingo 1890, Barrio Brasil, Santiago;
2025-11-29 17:59:36;Santiago;departamento;Venta Dpto. 2d/1b + 1b - Serrano 266 - Eleuterio Ramírez;2190;CLF;2 dormitorios;1 baño;46 m² útiles;2 dormitorios | 1 baño | 46 m² útiles;Serrano 266, Santiago, Bulnes, Santiago;
2025-11-29 17:59:36;Santiago;departamento;Se Vende A Pasos Parque Bustamante, 3 Dormitorios, Santiago;2400;CLF;3 dormitorios;2 baños;61 m² útiles;3 dormitorios | 2 baños | 61 m² útiles;Av. Sta. Isabel 300 - 600, Santiago, Santa Isabel, Santiago;
2025-11-29 17:59:36;Santiago;departamento;Oferta Oportunidad Venta Depto 1d 1b Santiago Santa Isabel;44000000;CLP;1 dormitorio;1 baño;28 m² útiles;1 dormitorio | 1 baño | 28 m² útiles;Lord Cochrane 796, Parque Almagro, Santiago;
2025-11-29 17:59:36;Santiago;departamento;Vendo Dpto. Tipo Studio - Alameda 351 - Lastarria - Metro Uc;2050;CLF;1 dormitorio;1 baño;22 m² útiles;1 dormitorio | 1 baño | 22 m² útiles;Av. Libertador Bernardo O'Higgins 351, Barrio Lastarria, Santiago;
2025-11-29 17:59:36;Santiago;departamento;Departamento 2d Y 2b, 1 Estacionamiento;90000000;CLP;2 dormitorios;2 baños;45 m² útiles;2 dormitorios | 2 baños | 45 m² útiles;Ejército, 1 - 300, Ejército - Toesca, Santiago;
2025-11-29 17:59:36;Santiago;departamento;Dpto.  Venta 1 Dorm, 1 Baño, 1 Est, 1 Bod -en Barrio Yungay;1600;CLF;1 dormitorio;1 baño;39 m² útiles;1 dormitorio | 1 baño | 39 m² útiles;Libertad 486, Santiago, Barrio Yungay, Santiago;
2025-11-29 17:59:36;Santiago;departamento;Oportunidad Loft 1d/1b - 1e/1b José Miguel Carrera - Sazié;2800;CLF;1 dormitorio;1 baño;53 m² útiles;1 dormitorio | 1 baño | 53 m² útiles;José Miguel Carrera 120, Santiago, Chile, Ejército - Toesca, Santiago;
2025-11-29 17:59:36;Santiago;departamento;Como Nuevo, Oportunidad Inversionistas!;1550;CLF;1 dormitorio;1 baño;31 m² útiles;1 dormitorio | 1 baño | 31 m² útiles;San Martin / General Mackenna, 600 - 900, Centro Histórico De Santiago, Santiago;
2025-11-29 17:59:36;Santiago;departamento;Precioso Departamento, En Excelente Ubicación;122000000;CLP;2 dormitorios;2 baños;54 m² útiles;2 dormitorios | 2 baños | 54 m² útiles;ENTRE MANUEL TOCORNAL Y LIRA, Santa Isabel, Santiago;
2025-11-29 17:59:36;Santiago;departamento;Liquidación Bancaria! Triplex 6d 7b Merced 106, B. Lastarria;14528;CLF;6 dormitorios;7 baños;354 m² útiles;6 dormitorios | 7 baños | 354 m² útiles;Merced 106, Santiago, Barrio Lastarria, Santiago;
2025-11-29 17:59:36;Santiago;departamento;Amplio Y Cómodo Depto De 3 Dormitorios Con Estacionamiento;2800;CLF;3 dormitorios;2 baños;61 m² útiles;3 dormitorios | 2 baños | 61 m² útiles;San Francisco 350, Santiago, San Diego, Santiago;
2025-11-29 17:59:36;Santiago;departamento;Luminoso, Vista Oriente, 2 D, 1 B, 1 Estac;2300;CLF;2 dormitorios;1 baño;39 m² útiles;2 dormitorios | 1 baño | 39 m² útiles;Manuel Antonio Tocornal 600 - 900, Santiago, Barrio Diez De Julio, Santiago;
2025-11-29 17:59:36;Santiago;departamento;Departamento En Venta En Av. España Con Terraza;2250;CLF;1 dormitorio;1 baño;37 m² útiles;1 dormitorio | 1 baño | 37 m² útiles;Av. España 471, Barrio República, Santiago;
2025-11-29 17:59:36;Santiago;departamento;Hermoso Y Remodelado 3 Dormitorios 2 Baños Y Estacionamiento;3154;CLF;3 dormitorios;2 baños;67 m² útiles;3 dormitorios | 2 baños | 67 m² útiles;Libertad 1439, Santiago, Parque Los Reyes, Santiago;
2025-11-29 17:59:36;Santiago;departamento;Departamento En Venta En Av. Portugal Con Balcón;2090;CLF;2 dormitorios;2 baños;44 m² útiles;2 dormitorios | 2 baños | 44 m² útiles;Portugal 551, Santiago, Santa Isabel, Santiago;
2025-11-29 17:59:36;Santiago;departamento;L I Q U I D A C I O N  Depto 1 D Y 1 B  Santiago Centro. ;1464;CLF;1 dormitorio;1 baño;30 m² útiles;1 dormitorio | 1 baño | 30 m² útiles;Nataniel Cox 820, Santiago, Parque Almagro, Santiago;
2025-11-29 17:59:36;Santiago;departamento;Recuperado Remate Depto 2d 2b ,san Francisco 242, Stgo;2213;CLF;2 dormitorios;2 baños;48 m² útiles;2 dormitorios | 2 baños | 48 m² útiles;San Francisco 242, Santiago, Chile, Bulnes, Santiago;
2025-11-29 17:59:36;Santiago;departamento;Departamento En Venta En San Dionisio;60000000;CLP;2 dormitorios;1 baño;50 m² útiles;2 dormitorios | 1 baño | 50 m² útiles;San Dionisio 2880, Santiago, Club Hípico, Santiago;
2025-11-29 17:59:36;Santiago;departamento;Espectacular Depto. Frente Hospital U. Católica;3300;CLF;2 dormitorios;2 baños;58 m² útiles;2 dormitorios | 2 baños | 58 m² útiles;Carmen 110, Santiago, Santa Isabel, Santiago;
2025-11-29 17:59:36;Santiago;departamento;Departamento En Venta En Bellas Artes;280000000;CLP;4 dormitorios;3 baños;174 m² útiles;4 dormitorios | 3 baños | 174 m² útiles;Ismael Valdés Vergara 498, Santiago, Chile, Centro Histórico De Santiago, Santiago;
2025-11-29 17:59:36;Santiago;departamento;Morandé, Moderno Departamento A Pasos De Estaciones Metro;68000000;CLP;1 dormitorio;1 baño;33 m² útiles;1 dormitorio | 1 baño | 33 m² útiles;Morandé 707, Santiago, Chile, Centro Histórico De Santiago, Santiago;
2025-11-29 17:59:36;Santiago;departamento;Departamento Venta, Frente Teatro Municipal, Con Terraza;4500;CLF;4 dormitorios;2 baños;100 m² útiles;4 dormitorios | 2 baños | 100 m² útiles;Agustinas, Santiago, Barrio Brasil, Santiago;
2025-11-29 17:59:36;Santiago;departamento;Broker Santiago 1d-1b- Metro;1970;CLF;1 dormitorio;1 baño;31 m² útiles;1 dormitorio | 1 baño | 31 m² útiles;Padre Orellana 1500 - 1800, Santiago, Bogotá - Sierra Bella, Santiago;
2025-11-29 17:59:36;Santiago;departamento;Amplio Departamento En Pleno Centro;2170;CLF;1 dormitorio;1 baño;50 m² útiles;1 dormitorio | 1 baño | 50 m² útiles;San Isidro 345, Santiago, Santa Isabel, Santiago;
2025-11-29 17:59:36;Santiago;departamento;Departamento Venta San Francisco Con Piscina;92000000;CLP;2 dormitorios;1 baño;49 m² útiles;2 dormitorios | 1 baño | 49 m² útiles;San Francisco 294, Santiago, Chile, Bulnes, Santiago;
2025-11-29 17:59:36;Santiago;departamento;Como Nuevo, 2d,2b, Estac Y Bodega, San Martin;2900;CLF;2 dormitorios;2 baños;47 m² útiles;2 dormitorios | 2 baños | 47 m² útiles;San Martín 841, Santiago, Centro Histórico De Santiago, Santiago;
2025-11-29 17:59:36;Santiago;departamento;Dieciecho, Barrio Cívico 170 M2 Con Estacionamiento;5900;CLF;4 dormitorios;2 baños;170 m² útiles;4 dormitorios | 2 baños | 170 m² útiles;Dieciocho 45, Santiago, Dieciocho, Santiago;
2025-11-29 17:59:36;Santiago;departamento;Recuperado Banco, Depto 2d 1b San Martín 714, Santiago;2241;CLF;2 dormitorios;1 baño;46 m² útiles;2 dormitorios | 1 baño | 46 m² útiles;San Martín 714, Santiago, Centro Histórico De Santiago, Santiago;
2025-11-29 17:59:36;Santiago;departamento;Departamento En Venta En Parque Los Reyes, Santiago;74000000;CLP;2 dormitorios;1 baño;48 m² útiles;2 dormitorios | 1 baño | 48 m² útiles;Chacabuco 1250, Parque Los Reyes, Santiago;
2025-11-29 17:59:36;Santiago;departamento;Dpto. 1d, 1b 1est. Y 1bod, Terraza Y Vista Despejada;2790;CLF;1 dormitorio;1 baño;38 m² útiles;1 dormitorio | 1 baño | 38 m² útiles;Padre Alonso De Ovalle 600 - 900, Santiago, Bulnes, Santiago;
2025-11-29 17:59:36;Santiago;departamento;Dpto. 1d Y 1b, U. De Chile Y Vista Despejada;2490;CLF;1 dormitorio;1 baño;38 m² útiles;1 dormitorio | 1 baño | 38 m² útiles;Serrano 155, 8.3301e+06 - 8.3304e+06 Santiago, Región Metropolitana, Chile, Bulnes, Santiago;
2025-11-29 17:59:36;Santiago;departamento;Inversionista!, Dpto 1d, 1b, 2est. Y 1bod. Metro U. De Chile;3040;CLF;1 dormitorio;1 baño;38 m² útiles;1 dormitorio | 1 baño | 38 m² útiles;Padre Alonso De Ovalle 884, Santiago, Bulnes, Santiago;
2025-11-29 17:59:36;Santiago;departamento;Excelente Ubicación A Pasos Estaciones De Metro;68000000;CLP;1 dormitorio;1 baño;37 m² útiles;1 dormitorio | 1 baño | 37 m² útiles;Santo Domingo 1200 - 1500, Santiago, Centro Histórico De Santiago, Santiago;
2025-11-29 17:59:36;Santiago;departamento;Recuperado Banco, Depto 2d1b, Matucana 1161, Santiago-centro;3005;CLF;2 dormitorios;1 baño;50 m² útiles;2 dormitorios | 1 baño | 50 m² útiles;Av. Matucana 1161, Santiago, Parque Los Reyes, Santiago;
2025-11-29 17:59:36;Santiago;departamento;Hermoso Y Luminoso Departamento Conectividad Metro U. Chile;2860;CLF;2 dormitorios;2 baños;48 m² útiles;2 dormitorios | 2 baños | 48 m² útiles;Eleuterio Ramírez 820, Santiago, San Diego, Santiago;
2025-11-29 17:59:36;Santiago;departamento;Departamento En Venta En Carmen;1990;CLF;1 dormitorio;1 baño;36 m² útiles;1 dormitorio | 1 baño | 36 m² útiles;Carmen 297, Santiago, Chile, Santa Isabel, Santiago;
2025-11-29 17:59:36;Santiago;departamento;Departamento En Venta En Barrio Brasil;2250;CLF;1 dormitorio;1 baño;32 m² útiles;1 dormitorio | 1 baño | 32 m² útiles;Santo Domingo 1890, Barrio Brasil, Santiago;
2025-11-29 17:59:36;Santiago;departamento;Departamento En Venta En Parque O'higgins Con Gimnasio;2400;CLF;1 dormitorio;1 baño;26 m² útiles;1 dormitorio | 1 baño | 26 m² útiles;Gral. González Balcarce 2041, Santiago, Parque O'Higgins, Santiago;
2025-11-29 17:59:36;Santiago;departamento;Oportunidades De Remate, Estudio 1 Y 2 Dormitorios Nuevos;2500;CLF;1 dormitorio;1 baño;22 m² útiles;1 dormitorio | 1 baño | 22 m² útiles;Curicó 202, Santiago, Chile, Santa Isabel, Santiago;
2025-11-29 17:59:36;Santiago;departamento;Carmen /argomedo, Cerca Metro;1865;CLF;1 dormitorio;1 baño;30 m² útiles;1 dormitorio | 1 baño | 30 m² útiles;Carmen 557, Santiago, Santa Isabel, Santiago;
2025-11-29 17:59:36;Santiago;departamento;Oportunidad Departamento A Pasos Metro Rondizzoni.;1750;CLF;1 dormitorio;1 baño;42 m² útiles;1 dormitorio | 1 baño | 42 m² útiles;Pérez Freire 1800 - 2100, Parque O'Higgins, Santiago;
2025-11-29 17:59:47;Santiago;departamento;Vende Departamento 2d/2b Cercano Calles Paris -londres;2200;CLF;2 dormitorios;2 baños;45 m² útiles;2 dormitorios | 2 baños | 45 m² útiles;San Francisco 228, Santiago, Bulnes, Santiago;
2025-11-29 17:59:47;Santiago;departamento;Oportunidad !! Morandé, A Pocas Cuadra De Metro, Impecable;68000000;CLP;1 dormitorio;1 baño;33 m² útiles;1 dormitorio | 1 baño | 33 m² útiles;Morandé 707, Santiago, Chile, Centro Histórico De Santiago, Santiago;
2025-11-29 17:59:47;Santiago;departamento;Acogedor Depto En Piso 16, Cercano A Todo;62000000;CLP;1 dormitorio;1 baño;31 m² útiles;1 dormitorio | 1 baño | 31 m² útiles;San Pablo 2002, Santiago, Barrio Brasil, Santiago;
2025-11-29 17:59:47;Santiago;departamento;Bellas Artes, Gran Departamento Con Estacionamiento;280000000;CLP;4 dormitorios;3 baños;170 m² útiles;4 dormitorios | 3 baños | 170 m² útiles;Ismael Valdés Vergara 498, Santiago, Chile, Centro Histórico De Santiago, Santiago;
2025-11-29 17:59:47;Santiago;departamento;Departamento En Venta En Parque Almagro Con Terraza;90000000;CLP;2 dormitorios;2 baños;51 m² útiles;2 dormitorios | 2 baños | 51 m² útiles;Lord Cochrane 1030, Santiago, Parque Almagro, Santiago;
2025-11-29 17:59:47;Santiago;departamento;Rebajado Depto Excelente Ubicación Cuenta Con 3 D Y 1 B. ;1925;CLF;3 dormitorios;1 baño;47 m² útiles;3 dormitorios | 1 baño | 47 m² útiles;Placer 1156, Santiago, Franklin - Biobío, Santiago;
2025-11-29 17:59:47;Santiago;departamento;Excelente Ubicación, A Pasos Parque Forestal;53500000;CLP;1 dormitorio;1 baño;22 m² útiles;1 dormitorio | 1 baño | 22 m² útiles;Santo Domingo 664, Santiago, Centro Histórico De Santiago, Santiago;
2025-11-29 17:59:47;Santiago;departamento;Luminoso Departamento En Santiago Centro (1d / 1b);1850;CLF;1 dormitorio;1 baño;32 m² útiles;1 dormitorio | 1 baño | 32 m² útiles;Rafael Sotomayor 556, Santiago, Chile, Barrio Yungay, Santiago;
2025-11-29 17:59:47;Santiago;departamento;Lindo Y Luminoso Departamento En Santiago (2d / 1b).;2390;CLF;2 dormitorios;1 baño;50 m² útiles;2 dormitorios | 1 baño | 50 m² útiles;San Isidro 1 - 300, Santiago, Chile, Santa Isabel, Santiago;
2025-11-29 17:59:47;Santiago;departamento;Liquidación Departamento 3 Dormitorios Y 2 Baños, Bod Y Box.;2850;CLF;3 dormitorios;2 baños;67 m² útiles;3 dormitorios | 2 baños | 67 m² útiles;Moneda 3030, Santiago, Barrio Yungay, Santiago;
2025-11-29 17:59:47;Santiago;departamento; Moderno Depto. Con Buena Conectividad ;3550;CLF;2 dormitorios;2 baños;52 m² útiles;2 dormitorios | 2 baños | 52 m² útiles;General Mackenna, 1500 - 1800, Centro Histórico De Santiago, Santiago;
2025-11-29 17:59:47;Santiago;departamento;¡oportunidad! Acogedor Departamento;1950;CLF;1 dormitorio;1 baño;37 m² útiles;1 dormitorio | 1 baño | 37 m² útiles;Departamento Santa Rosa, 1 - 300, San Diego, Santiago;
2025-11-29 17:59:47;Santiago;departamento;Casco Histórico, Metro Santa Ana;3000;CLF;2 dormitorios;2 baños;84 m² útiles;2 dormitorios | 2 baños | 84 m² útiles;San Martin, Compañia, 1 - 300, Santiago;
2025-11-29 17:59:47;Santiago;departamento;Céntrico Departamento Con Bodega.;1500;CLF;1 dormitorio;1 baño;33 m² útiles;1 dormitorio | 1 baño | 33 m² útiles;Santa Isabel, 600 - 900, San Diego, Santiago;
2025-11-29 17:59:47;Santiago;departamento;¡gran Depto En Santiago: 3d/2b E Y B;3300;CLF;3 dormitorios;2 baños;66 m² útiles;3 dormitorios | 2 baños | 66 m² útiles;Amunategui, 600 - 900, Centro Histórico De Santiago, Santiago;
2025-11-29 17:59:47;Santiago;departamento;Departamento En Venta De 2 Dorm. En Santiago;4100;CLF;2 dormitorios;2 baños;117 m² útiles;2 dormitorios | 2 baños | 117 m² útiles;Catedral | Dpto En Venta | Plaza De Armas | 3D2B | One Propiedades, Centro Histórico De Santiago, Santiago;
2025-11-29 17:59:47;Santiago;departamento;Inversión Ideal En Santiago: Dpto. 1d/1b, Balcón;1850;CLF;1 dormitorio;1 baño;46 m² útiles;1 dormitorio | 1 baño | 46 m² útiles;Av. Santa Rosa, 1 - 300, Santa Isabel, Santiago;
2025-11-29 17:59:47;Santiago;departamento;Depto. Tipo Mariposa - San Francisco / Metro Santa Lucía;3500;CLF;2 dormitorios;2 baños;60 m² útiles;2 dormitorios | 2 baños | 60 m² útiles;San Francisco 242, Santiago, Bulnes, Santiago;
2025-11-29 17:59:47;Santiago;departamento;¡oportunidad De Inversión!;2000;CLF;1 dormitorio;1 baño;34 m² útiles;1 dormitorio | 1 baño | 34 m² útiles;Arturo Prat, 600 - 900, San Diego, Santiago;
2025-11-29 17:59:47;Santiago;departamento;Departamento En Venta De 2 Dorm. En Santiago;3800;CLF;2 dormitorios;2 baños;50 m² útiles;2 dormitorios | 2 baños | 50 m² útiles;Lira | Departamento En Venta (2D 2B) | Santiago | One Propiedades, Santa Isabel, Santiago;
2025-11-29 17:59:47;Santiago;departamento; Oportunidad En Santiago, Metro Matta ;1550;CLF;1 dormitorio;1 baño;35 m² útiles;1 dormitorio | 1 baño | 35 m² útiles;Porvenir, 900 - 1200, San Diego, Santiago;
2025-11-29 17:59:47;Santiago;departamento;¡oportunidad De Inversión!;2000;CLF;1 dormitorio;1 baño;37 m² útiles;1 dormitorio | 1 baño | 37 m² útiles;Arturo Prat, 600 - 900, San Diego, Santiago;
2025-11-29 17:59:47;Santiago;departamento; Depto. Moderno En Santiago: ¡invierte Ya! ;1800;CLF;2 dormitorios;1 baño;41 m² útiles;2 dormitorios | 1 baño | 41 m² útiles;San Diego, 1200 - 1500, Parque O'Higgins, Santiago;
2025-11-29 17:59:47;Santiago;departamento;¡tu Nuevo Departamento En Santiago Centro!;1680;CLF;1 dormitorio;1 baño;30 m² útiles;1 dormitorio | 1 baño | 30 m² útiles;Prat, 318, San Diego, Santiago;
2025-11-29 17:59:47;Santiago;departamento;Dpto Venta 1d1b Y Bodega Metro U Catolica Oriente Stgo Orien;2490;CLF;1 dormitorio;1 baño;34 m² útiles;1 dormitorio | 1 baño | 34 m² útiles;Metro U Catolica | Departamento Venta 1D1B Y Bod | Santiago Centro | One Propiedades, Santa Isabel, Santiago;
2025-11-29 17:59:47;Santiago;departamento;Gran Oportunidad De Inversión  Santiago Centro;1590;CLF;1 dormitorio;1 baño;28 m² útiles;1 dormitorio | 1 baño | 28 m² útiles;Carmen, 300 - 600, Santa Isabel, Santiago;
2025-11-29 17:59:47;Santiago;departamento;Oportunidad En Stgo Centro Ofertas Desde Uf 1700;1700;CLF;1 dormitorio;1 baño;28 m² útiles;1 dormitorio | 1 baño | 28 m² útiles;San Martin, 870, Centro Histórico De Santiago, Santiago;
2025-11-29 17:59:47;Santiago;departamento;Precio De Oportunidad Dpto. Limite Ñuñoa;2500;CLF;1 dormitorio;1 baño;31 m² útiles;1 dormitorio | 1 baño | 31 m² útiles;Miguel Leon Prado, 1 - 300, Bogotá - Sierra Bella, Santiago;
2025-11-29 17:59:47;Santiago;departamento;Depto. 2d-2b Espacios Comunes Y Gran Conectividad!;2750;CLF;2 dormitorios;2 baños;51 m² útiles;2 dormitorios | 2 baños | 51 m² útiles;Avenida Manuel Antonio Matta, 600 - 900, San Diego, Santiago;
2025-11-29 17:59:47;Santiago;departamento;Moderno Estudio En Irarrazaval/vicuña Mackenna;2790;CLF;1 dormitorio;1 baño;29 m² útiles;1 dormitorio | 1 baño | 29 m² útiles;Santa Elena, 900 - 1200, Barrio Diez De Julio, Santiago;
2025-11-29 17:59:47;Santiago;departamento; Hogar Tranquilo En El Corazón De Santiago ;2850;CLF;2 dormitorios;1 baño;50 m² útiles;2 dormitorios | 1 baño | 50 m² útiles;San Ignacio, 999, Parque Almagro, Santiago;
2025-11-29 17:59:47;Santiago;departamento; Vive En El Corazón De Santiago: Depto. 1d/1b ;1800;CLF;1 dormitorio;1 baño;30 m² útiles;1 dormitorio | 1 baño | 30 m² útiles;Serrano, 1 - 300, Bulnes, Santiago;
2025-11-29 17:59:47;Santiago;departamento;Depto 3d/1b - Quincho, Gym, Metro;2700;CLF;3 dormitorios;1 baño;49 m² útiles;3 dormitorios | 1 baño | 49 m² útiles;Vicuña Mackenna, 1200 - 1500, Bogotá - Sierra Bella, Santiago;
2025-11-29 17:59:47;Santiago;departamento;¡tu Nuevo Departamento En Santiago Centro!;1680;CLF;1 dormitorio;1 baño;30 m² útiles;1 dormitorio | 1 baño | 30 m² útiles;Prat, 300 - 600, San Diego, Santiago;
2025-11-29 17:59:47;Santiago;departamento;Oferta-oportunidad-dpto-santiago Centro;2700;CLF;2 dormitorios;1 baño;48 m² útiles;2 dormitorios | 1 baño | 48 m² útiles;Lord Cochrane, 1 - 300, Bulnes, Santiago;
2025-11-29 17:59:47;Santiago;departamento;Precio De Oportunidad Dpto. Limite Ñuñoa;2500;CLF;1 dormitorio;1 baño;31 m² útiles;1 dormitorio | 1 baño | 31 m² útiles;Migue Leon Prado, 1 - 300, Bogotá - Sierra Bella, Santiago;
2025-11-29 17:59:47;Santiago;departamento;Dpto.  2d + 2b A Una Cuadra Del Metro Linea 1;2850;CLF;2 dormitorios;2 baños;47 m² útiles;2 dormitorios | 2 baños | 47 m² útiles;Lord Cochrane, 1 - 300, Bulnes, Santiago;
2025-11-29 17:59:47;Santiago;departamento; Encantador Depto. En Condor 1 - Ideal Para Ti;2570;CLF;1 dormitorio;1 baño;30 m² útiles;1 dormitorio | 1 baño | 30 m² útiles;Condor, 900 - 1200, San Diego, Santiago;
2025-11-29 17:59:47;Santiago;departamento;Departamento En Venta De 1 Dorm. En Santiago;1700;CLF;1 dormitorio;1 baño;33 m² útiles;1 dormitorio | 1 baño | 33 m² útiles;Parque Almagro | Depto En Venta Y Arriendo (1D1B) | Santiago | One Propiedades, Bulnes, Santiago;
2025-11-29 17:59:47;Santiago;departamento;Moderno Depto. Remodelado Blas Cañas;3550;CLF;2 dormitorios;1 baño;65 m² útiles;2 dormitorios | 1 baño | 65 m² útiles;Blas Cañas, 300 - 600, Santa Isabel, Santiago;
2025-11-29 17:59:47;Santiago;departamento;Moderno Depto. En Santiago Con 2d/2b Y Piscina;2900;CLF;2 dormitorios;2 baños;48 m² útiles;2 dormitorios | 2 baños | 48 m² útiles;Lord Cochrane, 302, Franklin - Biobío, Santiago;
2025-11-29 17:59:47;Santiago;departamento;Santo Domingo Venta Departamento 1d1b Oportunidad Santiago;69000000;CLP;1 dormitorio;1 baño;38 m² útiles;1 dormitorio | 1 baño | 38 m² útiles;Santo Domingo Venta Departamento Excelente Ubicacion 1D1B Precio Oportunidad Santiago Centro One Propiedades, Centro Histórico De Santiago, Santiago;
2025-11-29 17:59:47;Santiago;departamento;Excelente Oportunidad Inversión, Metro Sta. Isabel;3890;CLF;3 dormitorios;2 baños;76 m² útiles;3 dormitorios | 2 baños | 76 m² útiles;Argomedo, 11, Santa Isabel, Santiago;
2025-11-29 17:59:47;Santiago;departamento;Departamento En Venta De 2 Dorm. En Santiago;2350;CLF;2 dormitorios;1 baño;50 m² útiles;2 dormitorios | 1 baño | 50 m² útiles;Los Héroes | Depto En Venta | 2D 1B | Santiago | One Propiedades, Santiago;
2025-11-29 17:59:47;Santiago;departamento;Metro Santa Lucia 2d, 2 B, Amplia Cocina -piso 3 Sin Ascenso;4300;CLF;2 dormitorios;2 baños;90 m² útiles;2 dormitorios | 2 baños | 90 m² útiles;Carmen 1 - 300, Santiago, Santa Isabel, Santiago;
2025-11-29 17:59:47;Santiago;departamento;Departamento En Venta Con Excelente Ubicación;3799;CLF;3 dormitorios;2 baños;56 m² útiles;3 dormitorios | 2 baños | 56 m² útiles;Av. Vicuña Mackenna 1500 - 1800, Ñuñoa, Santiago, Región Metropolitana, Chile, Santiago;
2025-11-29 17:59:47;Santiago;departamento;Departamento Luminoso En Venta;2850;CLF;2 dormitorios;1 baño;65 m² útiles;2 dormitorios | 1 baño | 65 m² útiles;Eyzaguirre 1140, Santiago, Parque Almagro, Santiago;
2025-11-29 17:59:47;Santiago;departamento;Root / Metro Santa Lucia;1520;CLF;1 dormitorio;1 baño;40 m² útiles;1 dormitorio | 1 baño | 40 m² útiles;Root, 300 - 600, Santa Isabel, Santiago;
2025-11-29 18:00:16;Santiago;departamento;Metro Santa Isabel, Santiago;2400;CLF;2 dormitorios;2 baños;58 m² útiles;2 dormitorios | 2 baños | 58 m² útiles;Av. Sta. Isabel 157, Santiago, Santa Isabel, Santiago;
2025-11-29 18:00:16;Santiago;departamento;Departamento En Venta De 2 Dorm. En Santiago;4455;CLF;2 dormitorios;2 baños;45 m² útiles;2 dormitorios | 2 baños | 45 m² útiles;Condor | Depto En Venta 2D-2B | Santiago | One Propiedades, San Diego, Santiago;
2025-11-29 18:00:16;Santiago;departamento;Soleado Y Acogedor Departamento En El Centro De Santiago;60000000;CLP;1 dormitorio;1 baño;23 m² útiles;1 dormitorio | 1 baño | 23 m² útiles;San Ignacio De Loyola 874, Santiago, Parque Almagro, Santiago;
2025-11-29 18:00:16;Santiago;departamento;Monoambiente ;1850;CLF;1 dormitorio;1 baño;20 m² útiles;1 dormitorio | 1 baño | 20 m² útiles;Arturo Prat, Parque O'Higgins, Santiago;
2025-11-29 18:00:16;Santiago;departamento;Metro Plaza De Armas, Excelente Ubicación, Teatinos, Stgo;1990;CLF;1 dormitorio;1 baño;45 m² útiles;1 dormitorio | 1 baño | 45 m² útiles;Teatinos 535, Santiago, Centro Histórico De Santiago, Santiago;
2025-11-29 18:00:16;Santiago;departamento;Centro De Santiago;2590;CLF;1 dormitorio;1 baño;35 m² útiles;1 dormitorio | 1 baño | 35 m² útiles;Padre Alonso De Ovalle 600, Santiago, Chile, Santa Isabel, Santiago;
2025-11-29 18:00:16;Santiago;departamento;Departamento En Venta De 1 Dorm. En Santiago;3109;CLF;1 dormitorio;1 baño;30 m² útiles;1 dormitorio | 1 baño | 30 m² útiles;Equipado- Eyzaguirre | Depto En Venta 1D-1B | Santiago | One Propiedades, Santa Isabel, Santiago;
2025-11-29 18:00:16;Santiago;departamento;Departamento En Venta De 2 Dorm. En Santiago;4208;CLF;2 dormitorios;2 baños;40 m² útiles;2 dormitorios | 2 baños | 40 m² útiles;Equipado- Eyzaguirre | Depto En Venta 2D-2B | Santiago | One Propiedades, Santa Isabel, Santiago;
2025-11-29 18:00:16;Santiago;departamento;Oportunidad De Inversión;1450;CLF;1 dormitorio;1 baño;27 m² útiles;1 dormitorio | 1 baño | 27 m² útiles;Lord Cochrane 220, Santiago, Bulnes, Santiago;
2025-11-29 18:00:16;Santiago;departamento;Venta Departamento Barrio Universitario Una Cuadra Del Metro;2025;CLF;1 dormitorio;1 baño;45 m² útiles;1 dormitorio | 1 baño | 45 m² útiles;Av. España 77, Santiago, Barrio República, Santiago;
2025-11-29 18:00:16;Santiago;departamento;Excelente Departamento En El Centro De Santiago.;150000000;CLP;3 dormitorios;2 baños;96 m² útiles;3 dormitorios | 2 baños | 96 m² útiles;Bombero Patricio Canto Feliux, Santiago, Santa Isabel, Santiago;
2025-11-29 18:00:16;Santiago;departamento;Venta Departamento En Excelente Ubicación En Santiago Centro;95000000;CLP;2 dormitorios;1 baño;41 m² útiles;2 dormitorios | 1 baño | 41 m² útiles;Argomedo 190, Santiago, Santa Isabel, Santiago;
2025-11-29 18:00:16;Santiago;departamento;Metro Parque Almagro, 2 Dormitorios, 1 Baño;1650;CLF;2 dormitorios;1 baño;34 m² útiles;2 dormitorios | 1 baño | 34 m² útiles;Eyzaguirre, 600 - 900, San Diego, Santiago;
2025-11-29 18:00:16;Santiago;departamento;Acogedor Departamento En Santiago: Tu Nuevo Hogar;1342;CLF;1 dormitorio;1 baño;33 m² útiles;1 dormitorio | 1 baño | 33 m² útiles;Aldunate, 900 - 1200, Parque Almagro, Santiago;
2025-11-29 18:00:16;Santiago;departamento;Oportunidad Dpto. Zona Universitaria Stiago.centro;2590;CLF;2 dormitorios;2 baños;53 m² útiles;2 dormitorios | 2 baños | 53 m² útiles;Sazie, 1800 - 2100, Ejército - Toesca, Santiago;
2025-11-29 18:00:16;Santiago;departamento;"Amplio; Confort Y Ubicación Clave!";2300;CLF;2 dormitorios;1 baño;45 m² útiles;2 dormitorios | 1 baño | 45 m² útiles;San Isidro, 1 - 300, Santa Isabel, Santiago;
2025-11-29 18:00:16;Santiago;departamento;Moderno Depto 2d/2b En Santiago;3300;CLF;2 dormitorios;2 baños;43 m² útiles;2 dormitorios | 2 baños | 43 m² útiles;Vergara, 548, Ejército - Toesca, Santiago;
2025-11-29 18:00:16;Santiago;departamento;Tú Nueva Compra 1 Dormitorio 1 Baño Moderno .;3200;CLF;1 dormitorio;1 baño;31 m² útiles;1 dormitorio | 1 baño | 31 m² útiles;SANTA ELVIRA, 1 - 300, Bogotá - Sierra Bella, Santiago;
2025-11-29 18:00:16;Santiago;departamento;Metro Santa Ana | Ubicacion Estrategica ;2490;CLF;1 dormitorio;1 baño;47 m² útiles;1 dormitorio | 1 baño | 47 m² útiles;Santo Domingo 1200 - 1500, Santiago, Centro Histórico De Santiago, Santiago;
2025-11-29 18:00:16;Santiago;departamento;Metro Plaza De Armas, Excelente Ubicación, Teatinos, Stgo;1740;CLF;1 dormitorio;1 baño;45 m² útiles;1 dormitorio | 1 baño | 45 m² útiles;Teatinos 535, Santiago, Centro Histórico De Santiago, Santiago;
2025-11-29 18:00:16;Santiago;departamento;Santiago, Santa Ana, Venta Departamento Inversion 1295 Lrx;1200;CLF;1 dormitorio;1 baño;25 m² útiles;1 dormitorio | 1 baño | 25 m² útiles;Mario Kreutzberguer 1295, Centro Histórico De Santiago, Santiago;
2025-11-29 18:00:16;Santiago;departamento; Hogar En Santiago: Comodidad Y Conexión Ideal ;1320;CLF;1 dormitorio;1 baño;31 m² útiles;1 dormitorio | 1 baño | 31 m² útiles;Mario Kreutzberger, 1500 - 1800, Centro Histórico De Santiago, Santiago;
2025-11-29 18:00:16;Santiago;departamento;Departamento En Venta De 2 Dorm. En Santiago;3200;CLF;2 dormitorios;2 baños;51 m² útiles;2 dormitorios | 2 baños | 51 m² útiles;Santo Domingo|dpto|Santa Lucia|2D2B°ONE PROPIEDADES, Centro Histórico De Santiago, Santiago;
2025-11-29 18:00:16;Santiago;departamento;Metro Parque Bustamante, General Jofre, Santiago;2400;CLF;2 dormitorios;2 baños;55 m² útiles;2 dormitorios | 2 baños | 55 m² útiles;Gral. Jofré 107, Santiago, Santa Isabel, Santiago;
2025-11-29 18:00:16;Santiago;departamento;Entre Estación Los Héroes Y Santa Ana.;1790;CLF;1 dormitorio;1 baño;44 m² útiles;1 dormitorio | 1 baño | 44 m² útiles;Av. Manuel Rodríguez 75, Santiago, Centro Histórico De Santiago, Santiago;
2025-11-29 18:00:16;Santiago;departamento;¡acogedor Depa En El Corazón De Santiago!;1139;CLF;1 dormitorio;1 baño;26 m² útiles;1 dormitorio | 1 baño | 26 m² útiles;Rafael Sotomayor, 300 - 600, Barrio Yungay, Santiago;
2025-11-29 18:00:16;Santiago;departamento;Se Vende Departamento Remodelado, En Barrio Lastarria.;3300;CLF;1 dormitorio;1 baño;36 m² útiles;1 dormitorio | 1 baño | 36 m² útiles;Merced 533, Santiago, Centro Histórico De Santiago, Santiago;
2025-11-29 18:00:16;Santiago;departamento; Departamento Almagro !! Ideal Inversión;2800;CLF;2 dormitorios;2 baños;59 m² útiles;2 dormitorios | 2 baños | 59 m² útiles;Avenida Portugal, 600 - 900, Barrio Diez De Julio, Santiago;
2025-11-29 18:00:16;Santiago;departamento;Departamento En Venta En Parque O'higgins Santiago;2290;CLF;2 dormitorios;2 baños;46 m² útiles;2 dormitorios | 2 baños | 46 m² útiles;Sargento Aldea 1000 - 1200, Parque O'Higgins, Santiago;
2025-11-29 18:00:16;Santiago;departamento;Nuevo Precio! Remodelar  Universidad Catolica - Alameda ;5500;CLF;4 dormitorios;3 baños;161 m² útiles;4 dormitorios | 3 baños | 161 m² útiles;NUEVO PRECIO!  REMODELAR CATOLICA - ALAMEDA, Barrio San Borja, Santiago;
2025-11-29 18:00:16;Santiago;departamento;Depto Venta 3d-2b Santiago Centro;158000000;CLP;3 dormitorios;2 baños;76 m² útiles;3 dormitorios | 2 baños | 76 m² útiles;Avenida Santa Rosa 249, Santiago, Chile, Bulnes, Santiago;
2025-11-29 18:00:16;Santiago;departamento;Luminoso Dto. En Venta Metro Santa Isabel - 2d-vista Oriente;3400;CLF;2 dormitorios;2 baños;55 m² útiles;2 dormitorios | 2 baños | 55 m² útiles;Lira, Santa Isabel, Santiago;
2025-11-29 18:00:16;Santiago;departamento;Santiago Centro Ideal Para Air Bb- Metro Plaza Armas;1800;CLF;1 dormitorio;1 baño;35 m² útiles;1 dormitorio | 1 baño | 35 m² útiles;SANTIAGO CENTRO IDEAL PARA AIR BB, Centro Histórico De Santiago, Santiago;
2025-11-29 18:00:16;Santiago;departamento;A Pasos De La Moneda,  Departamento 1d 1b Ideal Air Bb;1950;CLF;1 dormitorio;1 baño;38 m² útiles;1 dormitorio | 1 baño | 38 m² útiles;A, Bulnes, Santiago;
2025-11-29 18:00:16;Santiago;departamento;Metro Plaza Armas,  Inversion  Departamento 1d 1b;1800;CLF;1 dormitorio;1 baño;35 m² útiles;1 dormitorio | 1 baño | 35 m² útiles;METRO PLAZA ARMAS OPORTUNIDAD! OFERTA DEPARTAMENTO, Centro Histórico De Santiago, Santiago;
2025-11-29 18:00:16;Santiago;departamento; Teatro Teleton - Mariposa;3100;CLF;2 dormitorios;2 baños;40 m² útiles;2 dormitorios | 2 baños | 40 m² útiles;TEATRO TELETON - MARIPOSA, Centro Histórico De Santiago, Santiago;
2025-11-29 18:00:16;Santiago;departamento;Inmejorable Oportunidad 2d +2b Barrio Brasil;1990;CLF;2 dormitorios;2 baños;43 m² útiles;2 dormitorios | 2 baños | 43 m² útiles;San Pablo 2000 - 2200, Barrio Brasil, Santiago;
2025-11-29 18:00:16;Santiago;departamento;Santiago Centro,   1dormitorio 1 Baño ;1950;CLF;1 dormitorio;1 baño;30 m² útiles;1 dormitorio | 1 baño | 30 m² útiles;METRO SANTA ANA 1DORMITORIO 1 BAÑO, Centro Histórico De Santiago, Santiago;
2025-11-29 18:00:16;Santiago;departamento;La Moneda Teatinos Departamento 1d 1b Seguro, Tranquilo;1650;CLF;1 dormitorio;1 baño;36 m² útiles;1 dormitorio | 1 baño | 36 m² útiles;TEATINOS LA MONEDA, Centro Histórico De Santiago, Santiago;
2025-11-29 18:00:16;Santiago;departamento;Metro Moneda - Santiago Centro  1 Dormitorio - 1b;1989;CLF;1 dormitorio;1 baño;38 m² útiles;1 dormitorio | 1 baño | 38 m² útiles;METRO MONEDA 1 DORMITORIO -, Bulnes, Santiago;
2025-11-29 18:00:16;Santiago;departamento;Oportunidad!! Barrio Yungay  Vista Despejada  2d 2 B;2250;CLF;2 dormitorios;2 baños;56 m² útiles;2 dormitorios | 2 baños | 56 m² útiles;BARRIO YUNGAY, Barrio Yungay, Santiago;
2025-11-29 18:00:16;Santiago;departamento;Departamento En Venta En Estado Con Bodega;110000000;CLP;3 dormitorios;1 baño;77 m² útiles;3 dormitorios | 1 baño | 77 m² útiles;Estado 0 - 200, Centro Histórico De Santiago, Santiago;
2025-11-29 18:00:16;Santiago;departamento;  1d1b;1985;CLF;1 dormitorio;1 baño;38 m² útiles;1 dormitorio | 1 baño | 38 m² útiles;METRO MONEDA   BARRIO UNIVERSITARIO, Bulnes, Santiago;
2025-11-29 18:00:16;Santiago;departamento;Santiago Centro Departamento 3 Dormitorios 2 Baños;3150;CLF;3 dormitorios;2 baños;64 m² útiles;3 dormitorios | 2 baños | 64 m² útiles;SAN FRANCISCO CON EYZAGUIRRE, San Diego, Santiago;
2025-11-29 18:00:16;Santiago;departamento;Inversion !!  Oferta  4 Departamentos  ;9000;CLF;1 dormitorio;1 baño;30 m² útiles;1 dormitorio | 1 baño | 30 m² útiles;OFERTA   4 DEPARTAMENTOS, Centro Histórico De Santiago, Santiago;
2025-11-29 18:00:16;Santiago;departamento;Metro Puente Cal Y Canto 1 Dormitorio 1 Baño;1800;CLF;1 dormitorio;1 baño;37 m² útiles;1 dormitorio | 1 baño | 37 m² útiles;METRO PUENTE CAL Y CANTO 1 DORMITORIO 1 BAÑO, Centro Histórico De Santiago, Santiago;
2025-11-29 18:00:16;Santiago;departamento;Barrio Universitario 1 Dormitorio 1 Baño;1985;CLF;1 dormitorio;1 baño;38 m² útiles;1 dormitorio | 1 baño | 38 m² útiles;BARRIO UNIVERSITARIO 1 DORMITORIO 1 BAÑO, Bulnes, Santiago;
2025-11-29 18:00:28;Santiago;departamento;2d+2b+estacionamiento+bodega Parque O'higgins;2990;CLF;2 dormitorios;2 baños;74 m² útiles;2 dormitorios | 2 baños | 74 m² útiles;Club Hipico 1200 - 1400, Parque O'Higgins, Santiago;
2025-11-29 18:00:28;Santiago;departamento;Se Vende Departamento 1d, 1b, Santiago Centro;1930;CLF;1 dormitorio;1 baño;30 m² totales;1 dormitorio | 1 baño | 30 m² totales;Santiago Concha Con Av. Matta, Bogotá - Sierra Bella, Santiago;
2025-11-29 18:00:28;Santiago;departamento;Gran Oportunidad Departamento Luminoso A Pasos Santa Isabel;2250;CLF;2 dormitorios;2 baños;45 m² útiles;2 dormitorios | 2 baños | 45 m² útiles;EXCELENTE DEPARTAMENTO METRO PARQUE ALMAGRO, Santa Isabel, Santiago;
2025-11-29 18:00:28;Santiago;departamento;Santiago Centro Metro Santa Ana - Mariposa;3100;CLF;2 dormitorios;2 baños;40 m² útiles;2 dormitorios | 2 baños | 40 m² útiles;METRO SANTA ANA - MARIPOSA, Centro Histórico De Santiago, Santiago;
2025-11-29 18:00:28;Santiago;departamento;Parque Almagro, Rebajado, 1 Dormitorio, Amplia Terraza;1900;CLF;1 dormitorio;1 baño;27 m² útiles;1 dormitorio | 1 baño | 27 m² útiles;Serrano 600 - 800, San Diego, Santiago;
2025-11-29 18:00:28;Santiago;departamento;"Vende Dpto 2d&#43;2b &#43;bod. Santiago Centro, Amunategui ";2751;CLF;2 dormitorios;2 baños;50 m² útiles;2 dormitorios | 2 baños | 50 m² útiles;Amunategui Con San Pablo, Centro Histórico De Santiago, Santiago;
2025-11-29 18:00:28;Santiago;departamento;Santiago, Universidad De Chile. Cercano A Metro ;1700;CLF;1 dormitorio;1 baño;34 m² útiles;1 dormitorio | 1 baño | 34 m² útiles;METRO UNIVERSIDAD DE CHILE, Bulnes, Santiago;
2025-11-29 18:00:28;Santiago;departamento;Metro Santa Ana  Vista Despejada;1830;CLF;1 dormitorio;1 baño;30 m² útiles;1 dormitorio | 1 baño | 30 m² útiles;METRO SANTA ANA  VISTA DESPEJADA, Centro Histórico De Santiago, Santiago;
2025-11-29 18:00:28;Santiago;departamento;Metro Ñuble, Departamento En Oportunidad Moderno, Amplio ;4700;CLF;2 dormitorios;2 baños;73 m² útiles;2 dormitorios | 2 baños | 73 m² útiles;METRO ÑUBLE, Franklin - Biobío, Santiago;
2025-11-29 18:00:28;Santiago;departamento;Rebajado-metro República, Los Héroes, 1 D.;2850;CLF;1 dormitorio;1 baño;41 m² útiles;1 dormitorio | 1 baño | 41 m² útiles;Pasaje Sazié  2000 - 2200, Ejército - Toesca, Santiago;
2025-11-29 18:00:28;Santiago;departamento;Excelente Ubicación, 2 D+estacionamiento;3300;CLF;2 dormitorios;2 baños;50 m² útiles;2 dormitorios | 2 baños | 50 m² útiles;Hermanos Amunátegui  600 - 800, Centro Histórico De Santiago, Santiago;
2025-11-29 18:00:28;Santiago;departamento;Barrio Republica 1 Dormitorio 1 Baño;1450;CLF;1 dormitorio;1 baño;29 m² útiles;1 dormitorio | 1 baño | 29 m² útiles;BARRIO REPUBLICA, 1 DORMITORIO 1 BAÑO, Barrio Yungay, Santiago;
2025-11-29 18:00:28;Santiago;departamento;Desde Estudio A 1 Y 2 Dormitorios;2290;CLF;1 dormitorio;1 baño;25 m² útiles;1 dormitorio | 1 baño | 25 m² útiles;San Diego 2200 - 2400, Franklin - Biobío, Santiago;
2025-11-29 18:00:28;Santiago;departamento;Santiago, Franklin Mariposa Nuevo ;3300;CLF;2 dormitorios;2 baños;50 m² útiles;2 dormitorios | 2 baños | 50 m² útiles;METRO FRANKLIN, Franklin - Biobío, Santiago;
2025-11-29 18:00:28;Santiago;departamento;Excelente Departamento De Inversión;1900;CLF;1 dormitorio;1 baño;28 m² útiles;1 dormitorio | 1 baño | 28 m² útiles;Avenida Portugal 400 - 600, Santa Isabel, Santiago;
2025-11-29 18:00:28;Santiago;departamento;Rebajado, Barrio 10 De Julio, 2 D, 2 B, 1 Estacionamiento;3450;CLF;2 dormitorios;2 baños;57 m² útiles;2 dormitorios | 2 baños | 57 m² útiles;Fray Camilo Henriquez 600 - 800, Barrio Diez De Julio, Santiago;
2025-11-29 18:00:28;Santiago;departamento;Excelente Ubicación, 1 D, Centro Histórico;2500;CLF;1 dormitorio;1 baño;32 m² útiles;1 dormitorio | 1 baño | 32 m² útiles;Moneda 1600 - 1800, Centro Histórico De Santiago, Santiago;
2025-11-29 18:00:28;Santiago;departamento;Luminoso Y Central. Arriendo Con Opción De Compra;1800;CLF;1 dormitorio;1 baño;32 m² útiles;1 dormitorio | 1 baño | 32 m² útiles;Merced 600 - 800, Centro Histórico De Santiago, Santiago;
2025-11-29 18:00:28;Santiago;departamento;Rebajado, 1 D, Terraza, Bulnes;2290;CLF;1 dormitorio;1 baño;36 m² útiles;1 dormitorio | 1 baño | 36 m² útiles;Alonso De Ovalle 800 - 1000, Bulnes, Santiago;
2025-11-29 18:00:28;Santiago;departamento;Remodelado, Amplia Terraza, 2 D;4000;CLF;2 dormitorios;2 baños;45 m² útiles;2 dormitorios | 2 baños | 45 m² útiles;Morande 400 - 600, Centro Histórico De Santiago, Santiago;
2025-11-29 18:00:28;Santiago;departamento;Inversión! Nuevo, 1d, 1b-parque Los Reyes;2200;CLF;1 dormitorio;1 baño;35 m² útiles;1 dormitorio | 1 baño | 35 m² útiles;Chacabuco 1000 - 1200, Parque Los Reyes, Santiago;
2025-11-29 18:00:28;Santiago;departamento;Inmejorable Oportunidad 2d +2b Barrio Brasil;1990;CLF;2 dormitorios;2 baños;43 m² útiles;2 dormitorios | 2 baños | 43 m² útiles;San Pablo 2000 - 2200, Barrio Brasil, Santiago;
2025-11-29 18:00:28;Santiago;departamento;Departamento En Venta En Paseo Bulnes;5420;CLF;3 dormitorios;2 baños;96 m² útiles;3 dormitorios | 2 baños | 96 m² útiles;Paseo Bulnes, Bulnes, Santiago;
2025-11-29 18:00:28;Santiago;departamento;Depto 1d/1b Con Terraza Junto A Parque Los Reyes;2200;CLF;1 dormitorio;1 baño;30 m² útiles;1 dormitorio | 1 baño | 30 m² útiles;Av. Pdte. Balmaceda 2700 - 3000, Santiago, Parque Los Reyes, Santiago;
2025-11-29 18:00:28;Santiago;departamento;Venta Departamento Santiago 2dormitorios+2baños+estac;2600;CLF;2 dormitorios;2 baños;55 m² útiles;2 dormitorios | 2 baños | 55 m² útiles;Cóndor 1107, Parque Almagro, Santiago;
2025-11-29 18:00:28;Santiago;departamento;Tu Primera Inversión O El Hogar Ideal En Ñuñoa;1790;CLF;1 dormitorio;1 baño;31 m² útiles;1 dormitorio | 1 baño | 31 m² útiles;VICUÑA MACKENNA A PASOS DE METRO IRARRAZAVAL, Bogotá - Sierra Bella, Santiago;
2025-11-29 18:00:28;Santiago;departamento;"Venta Dpto 3d,2b&#43; Est Y Bdg.,santa Isabel - Metro P. Alm";3350;CLF;3 dormitorios;2 baños;65 m² útiles;3 dormitorios | 2 baños | 65 m² útiles;Santa Isabel Con Av. Sta. Rosa, San Diego, Santiago;
2025-11-29 18:00:28;Santiago;departamento;"Se Vende Depto 2d, 2b&#43;estac Y Bdg, Santiago";3244;CLF;2 dormitorios;2 baños;56 m² totales;2 dormitorios | 2 baños | 56 m² totales;Chiloé Con Av. Matta, Parque O'Higgins, Santiago;
2025-11-29 18:00:28;Santiago;departamento;Vende Dpto 1d, 1b Santiago - Metro Toesca;1700;CLF;1 dormitorio;1 baño;30 m² útiles;1 dormitorio | 1 baño | 30 m² útiles;Lord Cochrane Con Diez De Julio Cercano Metro Toesca, Parque Almagro, Santiago;
2025-11-29 18:00:28;Santiago;departamento;Depto En Venta 1d, 1b, Tocornal, Santiago;1890;CLF;1 dormitorio;1 baño;29 m² útiles;1 dormitorio | 1 baño | 29 m² útiles;Manuel Antonio Tocornal 455, Santiago, Santa Isabel, Santiago;
2025-11-29 18:00:28;Santiago;departamento;"Se Vende Depto 1d &#43;1b &#43; Estac. Y Bodega - Metro Irar";2200;CLF;1 dormitorio;1 baño;30 m² útiles;1 dormitorio | 1 baño | 30 m² útiles;Vicuña Mackenna Con Av. Grecia, Bogotá - Sierra Bella, Santiago;
2025-11-29 18:00:28;Santiago;departamento;Departamento En Venta De 1 Dorm 1 Baño Bodega En Santiago;1950;CLF;1 dormitorio;1 baño;29 m² totales;1 dormitorio | 1 baño | 29 m² totales;Avenida Matta Con Porvenir, San Diego, Santiago;
2025-11-29 18:00:28;Santiago;departamento;Oportunidad - Recién Remodelado;2550;CLF;2 dormitorios;2 baños;44 m² útiles;2 dormitorios | 2 baños | 44 m² útiles;Av. Portugal 800 - 1000, Barrio Diez De Julio, Santiago;
2025-11-29 18:00:28;Santiago;departamento;Santa Isabel 517, Santiago;1900;CLF;2 dormitorios;1 baño;45 m² útiles;2 dormitorios | 1 baño | 45 m² útiles;Av. Sta. Isabel 517, Santiago, Santa Isabel, Santiago;
2025-11-29 18:00:28;Santiago;departamento;Departamento En Venta En San Diego Con Piscina;66000000;CLP;1 dormitorio;1 baño;32 m² útiles;1 dormitorio | 1 baño | 32 m² útiles;San Francisco 300 - 600, Santiago, San Diego, Santiago;
2025-11-29 18:00:28;Santiago;departamento;Santa Isabel 517, Santiago;1769;CLF;2 dormitorios;1 baño;45 m² útiles;2 dormitorios | 1 baño | 45 m² útiles;Av. Sta. Isabel 300 - 600, Santiago, Santa Isabel, Santiago;
2025-11-29 18:00:28;Santiago;departamento;Manuel Antonio Tocornal Altura 588, Santiago;2298;CLF;1 dormitorio;1 baño;38 m² útiles;1 dormitorio | 1 baño | 38 m² útiles;Manuel Antonio Tocornal 300 - 600, Santa Isabel, Santiago;
2025-11-29 18:00:28;Santiago;departamento;Gran Departamento Santa Lucia  Vista Increible Duplex;8550;CLF;5 dormitorios;2 baños;285 m² útiles;5 dormitorios | 2 baños | 285 m² útiles;GRAN DEPARTAMENTO SANTA LUCIA   PARA  INVERSION AIRBB, Barrio San Borja, Santiago;
2025-11-29 18:00:28;Santiago;departamento;Amunategui Santo Domingo 1d 1b Terraza;1700;CLF;1 dormitorio;1 baño;28 m² útiles;1 dormitorio | 1 baño | 28 m² útiles;Amunátegui 620, Santiago, Santiago;
2025-11-29 18:00:28;Santiago;departamento;Barrio Republica ¡oportunidad!  Nuevo Precio Departamento;2200;CLF;1 dormitorio;1 baño;33 m² útiles;1 dormitorio | 1 baño | 33 m² útiles;BARRIO REPUBLICA ¡OPORTUNIDAD!  NUEVO PRECIO DEPARTAMENTO, Barrio República, Santiago;
2025-11-29 18:00:28;Santiago;departamento;Parque Almagro, 2d, 2b Amplia Terraza;3100;CLF;2 dormitorios;2 baños;65 m² útiles;2 dormitorios | 2 baños | 65 m² útiles;Nataniel Cox 331, Santiago, Parque Almagro, Santiago;
2025-11-29 18:00:28;Santiago;departamento;Hermosa Vista Despejada, 2d, 1b, Parque O'higgins ;1800;CLF;2 dormitorios;1 baño;49 m² útiles;2 dormitorios | 1 baño | 49 m² útiles;Zenteno 800 - 1000, San Diego, Santiago;
2025-11-29 18:00:28;Santiago;departamento;Oportunidad 3 D + 2 B + Bodega + Estacionamiento San Diego;140000000;CLP;3 dormitorios;2 baños;80 m² útiles;3 dormitorios | 2 baños | 80 m² útiles;San Francisco 200 - 400, San Diego, Santiago;
2025-11-29 18:00:28;Santiago;departamento;Departamento En Venta En Parque Los Reyes;72000000;CLP;2 dormitorios;1 baño;56 m² útiles;2 dormitorios | 1 baño | 56 m² útiles;Cueto 1221, 8350083 Santiago, Región Metropolitana, Chile, Parque Los Reyes, Santiago;
2025-11-29 18:00:28;Santiago;departamento;Tipo Estudio, Amoblado, 1d+1b+bodega, Centro Histórico;1890;CLF;1 dormitorio;1 baño;37 m² útiles;1 dormitorio | 1 baño | 37 m² útiles;Santo Domingo 1400 - 1600, Centro Histórico De Santiago, Santiago;
2025-11-29 18:00:28;Santiago;departamento;Inigualable Ubicación, Studio, Barrio Yungay;1530;CLF;1 dormitorio;1 baño;27 m² útiles;1 dormitorio | 1 baño | 27 m² útiles;Garcia Reyes 0 - 200, Barrio Yungay, Santiago;
2025-11-29 18:00:28;Santiago;departamento;Hermosa Vista De Santiago;60000000;CLP;1 dormitorio;1 baño;23 m² útiles;1 dormitorio | 1 baño | 23 m² útiles;Santo Domingo 755 600 - 800, Centro Histórico De Santiago, Santiago;
2025-11-29 18:00:28;Santiago;departamento;Céntrico, Metro Santa Lucía 1d 1b;2050;CLF;1 dormitorio;1 baño;31 m² útiles;1 dormitorio | 1 baño | 31 m² útiles;San Isidro 0 - 200, Santa Isabel, Santiago;
2025-11-29 18:00:45;Santiago;departamento;Departamento En Venta En Santa Isabel Con Balcón;89000000;CLP;2 dormitorios;1 baño;37 m² útiles;2 dormitorios | 1 baño | 37 m² útiles;Lira 360, Santiago, Santa Isabel, Santiago;
2025-11-29 18:00:45;Santiago;departamento;Departamento En Venta De 2 Dorm. Portugal;2500;CLF;2 dormitorios;1 baño;41 m² útiles;2 dormitorios | 1 baño | 41 m² útiles;Portugal Con Av. Matta, Barrio Diez De Julio, Santiago;
2025-11-29 18:00:45;Santiago;departamento;Departamento En Venta En Portugal;118000000;CLP;3 dormitorios;2 baños;53 m² útiles;3 dormitorios | 2 baños | 53 m² útiles;Portugal 968, Santiago, Barrio Diez De Julio, Santiago;
2025-11-29 18:00:45;Santiago;departamento;Oportunidad, Metro Cercano, 1 Dormitorio, Edificio Full;1900;CLF;1 dormitorio;1 baño;30 m² útiles;1 dormitorio | 1 baño | 30 m² útiles;Fray Camilo Henríquez 1 - 300, Santiago, Santa Isabel, Santiago;
2025-11-29 18:00:45;Santiago;departamento;Depto 1d, 1b, Santa Isabel, Santiago;2147;CLF;1 dormitorio;1 baño;38 m² útiles;1 dormitorio | 1 baño | 38 m² útiles;Av. Sta. Isabel 364, 8330374 Santiago, Región Metropolitana, Chile, Santa Isabel, Santiago;
2025-11-29 18:00:45;Santiago;departamento;Vende Dpto 1d 1b. Santiago - Metro Toesca;2100;CLF;1 dormitorio;1 baño;31 m² útiles;1 dormitorio | 1 baño | 31 m² útiles;General Las Heras Con Av. Manuel Rodríguez A Pasos Metro Toesca, Parque Almagro, Santiago;
2025-11-29 18:00:45;Santiago;departamento;Venta Departamento 2d+2b+estac+bod San Diego Santiago Centro;3300;CLF;2 dormitorios;2 baños;60 m² útiles;2 dormitorios | 2 baños | 60 m² útiles;San Diego 161, Santiago, Bulnes, Santiago;
2025-11-29 18:00:45;Santiago;departamento;Venta De Espectacular Departamento Parque Forestal, Stgo;5900;CLF;2 dormitorios;2 baños;114 m² totales;2 dormitorios | 2 baños | 114 m² totales;Frente A Parque Forestal Y A Pasos De Metro Bellas Artes, Centro Histórico De Santiago, Santiago;
2025-11-29 18:00:45;Santiago;departamento;Oportunidad, 1 Dorm, Cercano Metro Bustamante E Irarrazaval;1700;CLF;1 dormitorio;1 baño;30 m² útiles;1 dormitorio | 1 baño | 30 m² útiles;Raulí 300 - 600, Santiago, Santa Isabel, Santiago;
2025-11-29 18:00:45;Santiago;departamento;Santa Isabel 517, Santiago;73980000;CLP;3 dormitorios;1 baño;46 m² útiles;3 dormitorios | 1 baño | 46 m² útiles;Av. Sta. Isabel 300 - 600, Santiago, Santa Isabel, Santiago;
2025-11-29 18:00:45;Santiago;departamento;Santa Isabel 517, Santiago;1400;CLF;1 dormitorio;1 baño;30 m² útiles;1 dormitorio | 1 baño | 30 m² útiles;Av. Sta. Isabel 517, Santiago, Santa Isabel, Santiago;
2025-11-29 18:00:45;Santiago;departamento;Av. Sta. Isabel 517, Santiago;95500000;CLP;3 dormitorios;1 baño;46 m² útiles;3 dormitorios | 1 baño | 46 m² útiles;Av. Sta. Isabel 300 - 600, Santiago, Santa Isabel, Santiago;
2025-11-29 18:00:45;Santiago;departamento;Sta. Elena 895, Santiago;78000000;CLP;1 dormitorio;1 baño;34 m² útiles;1 dormitorio | 1 baño | 34 m² útiles;Sta. Elena 895, Santiago, Barrio Diez De Julio, Santiago;
2025-11-29 18:00:45;Santiago;departamento;Inversión, Centro Histórico, 1d, C/estacionamiento;62000000;CLP;1 dormitorio;1 baño;27 m² útiles;1 dormitorio | 1 baño | 27 m² útiles;Mac Iver  400 - 600, Centro Histórico De Santiago, Santiago;
2025-11-29 18:00:45;Santiago;departamento;Departamento Estudio En Barrio Bellavista ;58000000;CLP;1 dormitorio;1 baño;22 m² útiles;1 dormitorio | 1 baño | 22 m² útiles;CERCANO A METRO BAQUEDANO, Barrio San Borja, Santiago;
2025-11-29 18:00:45;Santiago;departamento;Departamento En Venta En Metro Bustamante;1650;CLF;1 dormitorio;1 baño;31 m² útiles;1 dormitorio | 1 baño | 31 m² útiles;Marin 145, Santa Isabel, Santiago;
2025-11-29 18:00:45;Santiago;departamento;Oportunidad Departamento En Venta En Santiago (39452);50000000;CLP;1 dormitorio;1 baño;22 m² útiles;1 dormitorio | 1 baño | 22 m² útiles;HUERFANOS CON AMUNATEGUI, Centro Histórico De Santiago, Santiago;
2025-11-29 18:00:45;Santiago;departamento;Ocasion Buen Departamento En Nataniel Cox Con Santiguillo;1700;CLF;2 dormitorios;1 baño;60 m² útiles;2 dormitorios | 1 baño | 60 m² útiles;Nataniel Cox 1200, Santiago, Parque O'Higgins, Santiago;
2025-11-29 18:00:45;Santiago;departamento;Departamento En Venta En Bellas Artes;60000000;CLP;1 dormitorio;1 baño;27 m² útiles;1 dormitorio | 1 baño | 27 m² útiles;Mosqueto 562, Santiago, Santiago;
2025-11-29 18:00:45;Santiago;departamento;Vende!!! Sta Victoria/ Lira/ 3d/2b/estac./bodega;4100;CLF;3 dormitorios;2 baños;67 m² útiles;3 dormitorios | 2 baños | 67 m² útiles;Santa Victoria Con Rauli, Santa Isabel, Santiago;
2025-11-29 18:00:45;Santiago;departamento;Departamento En Venta En Santa Isabel Con Piscina;3200;CLF;2 dormitorios;2 baños;61 m² útiles;2 dormitorios | 2 baños | 61 m² útiles;Curicó 424, Santiago, Santa Isabel, Santiago;
2025-11-29 18:00:45;Santiago;departamento;Vende!!! Sta Victoria/ Lira/ 2d/2b/estac./bodega;3200;CLF;2 dormitorios;2 baños;45 m² útiles;2 dormitorios | 2 baños | 45 m² útiles;METRO BUSTAMANTE / SANTA VICTORIA, Santa Isabel, Santiago;
2025-11-29 18:00:45;Santiago;departamento;Histórico Y Exclusivo Depto.frente Al Parque Forestal;17500;CLF;5 dormitorios;4 baños;273 m² útiles;5 dormitorios | 4 baños | 273 m² útiles;Parque Forestal, Centro Histórico De Santiago, Santiago;
2025-11-29 18:00:45;Santiago;departamento;1d 1b Bodega Conexión A Lavadora;2490;CLF;1 dormitorio;;32 m² útiles;1 dormitorio | 32 m² útiles;Angamos 31 - 3000 Piso 15 A 100 M De Sta Isabel, 0, Santa Isabel, Santiago;
2025-11-29 18:00:45;Santiago;departamento;Dpto Recién Remodelado 2dorm 2bañ 1bod;3900;CLF;2 dormitorios;2 baños;56 m² útiles;2 dormitorios | 2 baños | 56 m² útiles;Catedral, Centro Histórico De Santiago, Santiago;
2025-11-29 18:00:45;Santiago;departamento;1d 1b Insuperable Ubicación V. Oriente;1650;CLF;1 dormitorio;1 baño;32 m² útiles;1 dormitorio | 1 baño | 32 m² útiles;Marín 382 A Metros De Lira, 0, Santa Isabel, Santiago;
2025-11-29 18:00:45;Santiago;departamento;Departamento En Venta De 2 Dorm. En Santiago;125000000;CLP;2 dormitorios;2 baños;55 m² útiles;2 dormitorios | 2 baños | 55 m² útiles;Metro Plaza De Armas, Centro Histórico De Santiago, Santiago;
2025-11-29 18:00:45;Santiago;departamento;Luminoso 1d 1b 1e Conex A Lavadora.;2200;CLF;1 dormitorio;1 baño;36 m² útiles;1 dormitorio | 1 baño | 36 m² útiles;Matucana Con Av Mapocho A Metros De Costanera Sur, 0, Parque Los Reyes, Santiago;
2025-11-29 18:00:45;Santiago;departamento;Departamento En Venta En Santa Lucia;2776;CLF;2 dormitorios;2 baños;45 m² útiles;2 dormitorios | 2 baños | 45 m² útiles;Insuperable Oportunidad !! Lira/ Metro Santa Lucia., Santa Isabel, Santiago;
2025-11-29 18:00:45;Santiago;departamento;Departamento 2 Dormitorios 2 Baños En Amunátegui 573;2600;CLF;2 dormitorios;2 baños;61 m² útiles;2 dormitorios | 2 baños | 61 m² útiles;Amunátegui  573, Centro Histórico De Santiago, Santiago;
2025-11-29 18:00:45;Santiago;departamento;Departamento En Venta En Matta Santiago;1450;CLF;1 dormitorio;1 baño;39 m² útiles;1 dormitorio | 1 baño | 39 m² útiles;Avenida Matta, Arturo Prat, San Diego, Santiago;
2025-11-29 18:00:45;Santiago;departamento;Departamento Ideal Inversionista 1d Metro Santa Isabel;3000;CLF;1 dormitorio;1 baño;37 m² útiles;1 dormitorio | 1 baño | 37 m² útiles;Metro Santa Isabel, Santa Isabel, Santiago;
2025-11-29 18:00:45;Santiago;departamento;Departamento En Venta De 1 Dorm. En Santiago;1850;CLF;1 dormitorio;1 baño;27 m² útiles;1 dormitorio | 1 baño | 27 m² útiles;San Diego, Franklin - Biobío, Santiago;
2025-11-29 18:00:45;Santiago;departamento;Departamento 1 Dormitorio En Suite Remodelado;1600;CLF;1 dormitorio;1 baño;34 m² útiles;1 dormitorio | 1 baño | 34 m² útiles;Teatinos 690, Centro Histórico De Santiago, Santiago;
2025-11-29 18:00:45;Santiago;departamento;Departamento En Venta De 2 Dorm. En Santiago;2200;CLF;2 dormitorios;1 baño;58 m² útiles;2 dormitorios | 1 baño | 58 m² útiles;Santo Domingo, Esquina Calle 21 De Mayo, Centro Histórico De Santiago, Santiago;
2025-11-29 18:00:45;Santiago;departamento;Oportunidad Dpto Calle Vergara!! (barrio Universitario);70000000;CLP;1 dormitorio;1 baño;36 m² útiles;1 dormitorio | 1 baño | 36 m² útiles;Vergara 583, Ejército - Toesca, Santiago;
2025-11-29 18:00:45;Santiago;departamento;Metro Irarrázaval/ 2 Dorm./1 Baño/ Balcón/oriente/estac.;2018;CLF;2 dormitorios;1 baño;44 m² útiles;2 dormitorios | 1 baño | 44 m² útiles;METRO IRARRÁZAVAL / EXCELENTE CONECTIVIDAD!!, Bogotá - Sierra Bella, Santiago;
2025-11-29 18:00:45;Santiago;departamento;Oportunidad Metro Santa Isabel - Estilo Mariposa;3390;CLF;2 dormitorios;2 baños;52 m² útiles;2 dormitorios | 2 baños | 52 m² útiles;Av. Sta. Isabel 176, Providencia, Santiago, Santa Isabel, Santiago;
2025-11-29 18:00:45;Santiago;departamento;Maravilloso Depto A Pasos De Metro Ñuble;2200;CLF;1 dormitorio;1 baño;33 m² útiles;1 dormitorio | 1 baño | 33 m² útiles;Diag. Vicuña Mackenna 2004, Ñuñoa, Santiago, Bogotá - Sierra Bella, Santiago;
2025-11-29 18:00:45;Santiago;departamento;Oportunidad Depto En Venta De 2 Dorm. En Santiago;1900;CLF;2 dormitorios;1 baño;50 m² útiles;2 dormitorios | 1 baño | 50 m² útiles;Metro Parque Ohiggins, Parque O'Higgins, Santiago;
2025-11-29 18:00:45;Santiago;departamento;Oportunidad Metro Irarrazaval;2590;CLF;2 dormitorios;1 baño;40 m² útiles;2 dormitorios | 1 baño | 40 m² útiles;Coquimbo 14, Santiago, Barrio Diez De Julio, Santiago;
2025-11-29 18:00:45;Santiago;departamento;Excelente Departamento Moderno, Almirante Latorre;4800;CLF;2 dormitorios;2 baños;60 m² útiles;2 dormitorios | 2 baños | 60 m² útiles;Almirante Latorre, Ejército - Toesca, Santiago;
2025-11-29 18:00:45;Santiago;departamento;Cómodo Departamento En Edificio Bello Centro, Catedral;75000000;CLP;1 dormitorio;1 baño;1 m² totales;1 dormitorio | 1 baño | 1 m² totales;Catedral, Barrio Brasil, Santiago;
2025-11-29 18:00:45;Santiago;departamento;Dpto 2d 1b En Edificio Sol Mundo A Pasos De Metro Ñuble;2500;CLF;2 dormitorios;1 baño;40 m² útiles;2 dormitorios | 1 baño | 40 m² útiles;Av. Vicuña Mackenna 1725, Ñuñoa, Santiago, Bogotá - Sierra Bella, Santiago;
2025-11-29 18:00:45;Santiago;departamento;Santa Isabel - Lira;119650000;CLP;2 dormitorios;2 baños;46 m² útiles;2 dormitorios | 2 baños | 46 m² útiles;Av. Sta. Isabel 361, Santa Isabel, Santiago;
2025-11-29 18:00:45;Santiago;departamento;Departamento Barrio Universitario, Santiago;2200;CLF;1 dormitorio;1 baño;42 m² útiles;1 dormitorio | 1 baño | 42 m² útiles;José Miguel Carrera 359, Santiago, Ejército - Toesca, Santiago;
2025-11-29 18:00:45;Santiago;departamento;Oportunidad De Inversion, Metro Santa Lucia ;2090;CLF;1 dormitorio;1 baño;30 m² útiles;1 dormitorio | 1 baño | 30 m² útiles;Metro Santa Lucia / San Isidro, Santa Isabel, Santiago;
2025-11-29 18:00:45;Santiago;departamento;Moderno Departamento A Pasos Del Metro Santa Ana;3500;CLF;2 dormitorios;2 baños;40 m² útiles;2 dormitorios | 2 baños | 40 m² útiles;San Pablo, 1 - 300, Centro Histórico De Santiago, Santiago;
2025-11-29 18:01:34;Santiago;departamento;Departamento Cercano Al Parque Bustamante Y Barrio Italia;3500;CLF;2 dormitorios;2 baños;60 m² útiles;2 dormitorios | 2 baños | 60 m² útiles;Lira, Santa Isabel, Santiago;
2025-11-29 18:01:34;Santiago;departamento;Oferta Inversion - Sata Isabel Con Carmen;2100;CLF;2 dormitorios;1 baño;40 m² útiles;2 dormitorios | 1 baño | 40 m² útiles;Av. Sta. Isabel 517, Santiago, Santa Isabel, Santiago;
2025-11-29 18:01:34;Santiago;departamento;Departamento Cercano A Metro Santa Ana;2150;CLF;1 dormitorio;1 baño;31 m² útiles;1 dormitorio | 1 baño | 31 m² útiles;SAN PABLO 1539, Centro Histórico De Santiago, Santiago;
2025-11-29 18:01:34;Santiago;departamento;Dpto Con Amplia Terraza Y Cercano A Parque Almagro ;1700;CLF;1 dormitorio;1 baño;34 m² útiles;1 dormitorio | 1 baño | 34 m² útiles;Metro Parque Almagro, San Diego, Santiago;
2025-11-29 18:01:34;Santiago;departamento;Vende Depto Stgo/ Pablo/metro Sta Ana/un Ambiente/1d/1b/bod.;1450;CLF;1 dormitorio;1 baño;24 m² útiles;1 dormitorio | 1 baño | 24 m² útiles;Amunateguí, Metro Santa Ana, Centro Histórico De Santiago, Santiago;
2025-11-29 18:01:34;Santiago;departamento;Se Vende Departamento;2900;CLF;2 dormitorios;1 baño;58 m² útiles;2 dormitorios | 1 baño | 58 m² útiles;Av. Manuel Rodríguez Sur 677, Santiago, Ejército - Toesca, Santiago;
2025-11-29 18:01:34;Santiago;departamento;Departamento En Venta  Parque Almagro;3600;CLF;2 dormitorios;2 baños;44 m² útiles;2 dormitorios | 2 baños | 44 m² útiles;Arturo Prat, 0, San Diego, Santiago;
2025-11-29 18:01:34;Santiago;departamento;Departamento En Venta De 1 Dorm. En Santiago;2400;CLF;1 dormitorio;1 baño;37 m² útiles;1 dormitorio | 1 baño | 37 m² útiles;Vicuña Mackena, Bogotá - Sierra Bella, Santiago;
2025-11-29 18:01:34;Santiago;departamento;Departamento Nuevo A Estrenar En Venta De 2d En Santiago.;4560;CLF;2 dormitorios;2 baños;50 m² útiles;2 dormitorios | 2 baños | 50 m² útiles;Metro Bellas Artes / Santo Domingo, Centro Histórico De Santiago, Santiago;
2025-11-29 18:01:34;Santiago;departamento;Hermoso Departamemto;112000000;CLP;2 dormitorios;2 baños;50 m² útiles;2 dormitorios | 2 baños | 50 m² útiles;Av. Vicuña Mackenna 2004, Ñuñoa, Santiago, Bogotá - Sierra Bella, Santiago;
2025-11-29 18:01:34;Santiago;departamento;Departamento En Venta De 2 Dorm. En Santiago;2300;CLF;2 dormitorios;1 baño;30 m² útiles;2 dormitorios | 1 baño | 30 m² útiles;Eleuterio Ramirez, Parque Almagro, Santiago;
2025-11-29 18:01:34;Santiago;departamento;Impecable Depto 1 Dormitorio Barrio San Borja;2200;CLF;1 dormitorio;1 baño;30 m² útiles;1 dormitorio | 1 baño | 30 m² útiles;Diag. Paraguay 160, Santiago, Santa Isabel, Santiago;
2025-11-29 18:01:34;Santiago;departamento;Super Oportunidad Venta Dpto Metro Moneda 1 Dormitorio;1800;CLF;1 dormitorio;1 baño;32 m² útiles;1 dormitorio | 1 baño | 32 m² útiles;Metro Moneda, Bulnes, Santiago;
2025-11-29 18:01:34;Santiago;departamento;Departamento Cercano A Metro Santa Lucía. 2d 1b Y Bodega;2350;CLF;2 dormitorios;1 baño;49 m² totales;2 dormitorios | 1 baño | 49 m² totales;Santa Rosa, San Diego, Santiago;
2025-11-29 18:01:34;Santiago;departamento;Departamento En Venta De 1 Dorm. En Santiago;2950;CLF;1 dormitorio;1 baño;42 m² útiles;1 dormitorio | 1 baño | 42 m² útiles;Metro Republica, Ejército - Toesca, Santiago;
2025-11-29 18:01:34;Santiago;departamento;Departamento En Venta De 1 Dorm. En Santiago;1500;CLF;1 dormitorio;1 baño;38 m² útiles;1 dormitorio | 1 baño | 38 m² útiles;Nataniel Cox, Parque O'Higgins, Santiago;
2025-11-29 18:01:34;Santiago;departamento;Excelente Oportunidad ;68000000;CLP;2 dormitorios;1 baño;50 m² útiles;2 dormitorios | 1 baño | 50 m² útiles;San Ignacio De Loyola 1915, Franklin - Biobío, Santiago;
2025-11-29 18:01:34;Santiago;departamento;!! Oportunidad Con Estacionamiento Y Bodega ¡¡;2100;CLF;1 dormitorio;1 baño;34 m² útiles;1 dormitorio | 1 baño | 34 m² útiles;Avenida España 455, Santiago, Chile, Barrio República, Santiago;
2025-11-29 18:01:34;Santiago;departamento;Excelente Departamento Metro Santa Ana, Precio Rebajado;1850;CLF;1 dormitorio;1 baño;33 m² totales;1 dormitorio | 1 baño | 33 m² totales;Manuel Rodríguez Norte, Centro Histórico De Santiago, Santiago;
2025-11-29 18:01:34;Santiago;departamento;Lira Metro Santa Isabel, Piso 6, 2 Dorm, 1 Baño Bodega;2400;CLF;2 dormitorios;1 baño;40 m² útiles;2 dormitorios | 1 baño | 40 m² útiles;Lira 499, Santiago, Santa Isabel, Santiago;
2025-11-29 18:01:34;Santiago;departamento;Departamento Primer Piso;62000000;CLP;2 dormitorios;1 baño;48 m² útiles;2 dormitorios | 1 baño | 48 m² útiles;Maturana 750, Santiago, Barrio Brasil, Santiago;
2025-11-29 18:01:34;Santiago;departamento;Oportunidad Unica Departamento A Pasos De Metro Moneda;1650;CLF;1 dormitorio;1 baño;32 m² útiles;1 dormitorio | 1 baño | 32 m² útiles;Metro Moneda, Bulnes, Santiago;
2025-11-29 18:01:34;Santiago;departamento;Amplio Departamento Con Estacionamiento Y Bodega;3500;CLF;1 dormitorio;1 baño;35 m² útiles;1 dormitorio | 1 baño | 35 m² útiles;Domeyko 2010, Santiago, Ejército - Toesca, Santiago;
2025-11-29 18:01:34;Santiago;departamento;Departamento En Venta De 1 Dorm. En Santiago;1650;CLF;1 dormitorio;1 baño;43 m² útiles;1 dormitorio | 1 baño | 43 m² útiles;Moneda /Mac Iver, Centro Histórico De Santiago, Santiago;
2025-11-29 18:01:34;Santiago;departamento;Estudio, Nva San Martin/1d/1b/termoelectr /cocina Americana;1950;CLF;1 dormitorio;1 baño;33 m² útiles;1 dormitorio | 1 baño | 33 m² útiles;Pasaje Nueva San Martin, Avenida San Martin, Metro, Centro Histórico De Santiago, Santiago;
2025-11-29 18:01:34;Santiago;departamento;Acogedor Departamento En Santiago En Venta;2100;CLF;2 dormitorios;1 baño;35 m² útiles;2 dormitorios | 1 baño | 35 m² útiles;Lord Cochrane, 1 - 300, Parque O'Higgins, Santiago;
2025-11-29 18:01:34;Santiago;departamento;Departamento En Venta De 2 Dorm. En Santiago;2800;CLF;2 dormitorios;2 baños;50 m² útiles;2 dormitorios | 2 baños | 50 m² útiles;Metro Toesca, Ejército - Toesca, Santiago;
2025-11-29 18:01:34;Santiago;departamento;Departamento En Venta De 1 Dorm. En Santiago;78500000;CLP;1 dormitorio;1 baño;30 m² útiles;1 dormitorio | 1 baño | 30 m² útiles;Barrio Brasil, Parque Los Reyes, Santiago;
2025-11-29 18:01:34;Santiago;departamento;2 Dormitorios, 2 Baños, Hacia Interior;165000000;CLP;2 dormitorios;2 baños;55 m² útiles;2 dormitorios | 2 baños | 55 m² útiles;Curicó 380, Santiago, Santa Isabel, Santiago;
2025-11-29 18:01:34;Santiago;departamento;Departamento 2 Dorm, Estac Y Bodega;3400;CLF;2 dormitorios;2 baños;64 m² útiles;2 dormitorios | 2 baños | 64 m² útiles;Lira 1 - 300, Santiago, Santa Isabel, Santiago;
2025-11-29 18:01:34;Santiago;departamento;Lindo Departamento, Excelente Inversión;55000000;CLP;1 dormitorio;1 baño;27 m² útiles;1 dormitorio | 1 baño | 27 m² útiles;Serrano 96, Santiago, Bulnes, Santiago;
2025-11-29 18:01:34;Santiago;departamento;Departamento 3 Dorm. Metro Toesca;3690;CLF;3 dormitorios;2 baños;66 m² útiles;3 dormitorios | 2 baños | 66 m² útiles;Vergara 559, Ejército - Toesca, Santiago;
2025-11-29 18:01:34;Santiago;departamento;Departamento En Venta En San Diego Con Terraza;1200;CLF;1 dormitorio;1 baño;25 m² útiles;1 dormitorio | 1 baño | 25 m² útiles;San Diego, Av. Matta, Parque O'Higgins, Santiago;
2025-11-29 18:01:34;Santiago;departamento;Departamento Para Inversion En Venta De 2 Dorm. En Santiago;3200;CLF;2 dormitorios;2 baños;43 m² útiles;2 dormitorios | 2 baños | 43 m² útiles;Metro Santa Isabel, Santa Isabel, Santiago;
2025-11-29 18:01:34;Santiago;departamento;Departamento Metro Parque O'higgins, Precio Rebajado;1300;CLF;1 dormitorio;1 baño;30 m² totales;1 dormitorio | 1 baño | 30 m² totales;San Diego, Parque O'Higgins, Santiago;
2025-11-29 18:01:34;Santiago;departamento;San Diego Altura 1470, Santiago;47980000;CLP;2 dormitorios;1 baño;40 m² útiles;2 dormitorios | 1 baño | 40 m² útiles;San Diego 1473, Santiago, Parque O'Higgins, Santiago;
2025-11-29 18:01:34;Santiago;departamento;Excelente Departamento Studio. Oportunidad De Inversión.;45000000;CLP;1 dormitorio;1 baño;21 m² útiles;1 dormitorio | 1 baño | 21 m² útiles;Serrano 96, Santiago, Santiago;
2025-11-29 18:01:34;Santiago;departamento;Loft En Huérfanos Con Vista Cerro Santa Lucía;3300;CLF;1 dormitorio;1 baño;52 m² útiles;1 dormitorio | 1 baño | 52 m² útiles;Huerfanos 550 Estación Bellas Artes, 0, Centro Histórico De Santiago, Santiago;
2025-11-29 18:01:34;Santiago;departamento;Venta Departamento Estilo Mariposa, Parque Bustamante;3090;CLF;2 dormitorios;2 baños;48 m² útiles;2 dormitorios | 2 baños | 48 m² útiles;IDEAL INVERSIONISTAS! ESTILO MARIPOSA, METRO PARQUE BUSTAMANTE, Santa Isabel, Santiago;
2025-11-29 18:01:34;Santiago;departamento;Oportunidad Depto En Venta De 2 Dorm. En Santiago;1700;CLF;2 dormitorios;1 baño;50 m² útiles;2 dormitorios | 1 baño | 50 m² útiles;Metro Parque Ohiggins, Parque O'Higgins, Santiago;
2025-11-29 18:01:34;Santiago;departamento;Espectacular Departamento Amoblado;180000000;CLP;3 dormitorios;2 baños;1 m² útiles;3 dormitorios | 2 baños | 1 m² útiles;AV ESPAÑA 613, Parque O'Higgins, Santiago;
2025-11-29 18:01:34;Santiago;departamento;3 Dormitorios 2 Baños 1 Estac 1 Bod, Calle Lira. Santiago;3650;CLF;3 dormitorios;2 baños;70 m² útiles;3 dormitorios | 2 baños | 70 m² útiles;Lira 297, Santiago, Región Metropolitana De Santiago 8320000, Chile, Santa Isabel, Santiago;
2025-11-29 18:01:34;Santiago;departamento;Metro Ñuble. 2 Dormitorios + 1 Baño, 1 Estac Y 1 Bod.;2850;CLF;2 dormitorios;1 baño;48 m² útiles;2 dormitorios | 1 baño | 48 m² útiles;Padre Orellana 1656, Santiago, Región Metropolitana De Santiago 8320000, Chile, Bogotá - Sierra Bella, Santiago;
2025-11-29 18:01:34;Santiago;departamento;2 Dormitorios 1 Baños 1 Estac 1 Bod. Santiago;2800;CLF;2 dormitorios;1 baño;43 m² útiles;2 dormitorios | 1 baño | 43 m² útiles;Santa Victoria 280, Santiago, Región Metropolitana De Santiago 8320000, Chile, Santa Isabel, Santiago;
2025-11-29 18:01:34;Santiago;departamento;San Ignacio 3 Dormitorios 2 Baños 1 Estac. Santiago;3490;CLF;3 dormitorios;2 baños;72 m² útiles;3 dormitorios | 2 baños | 72 m² útiles;San Ignacio De Loyola 999, Santiago, Región Metropolitana De Santiago 8320000, Chile, Parque Almagro, Santiago;
2025-11-29 18:01:34;Santiago;departamento;Home/studio Al Lado Del Metro U De Chile, Stgo Centro ;1559;CLF;1 dormitorio;1 baño;30 m² útiles;1 dormitorio | 1 baño | 30 m² útiles;SERRANO CON ELEUTERIO RAMIREZ, San Diego, Santiago;
2025-11-29 18:01:34;Santiago;departamento;Departamento En Venta De 1 Dorm. En Santiago;60000000;CLP;1 dormitorio;1 baño;37 m² útiles;1 dormitorio | 1 baño | 37 m² útiles;Gral. Mackenna, Centro Histórico De Santiago, Santiago;
2025-11-29 18:01:34;Santiago;departamento;Venta Depto 2 Dormitorios  2 Baños, Centro De Santiago;2350;CLF;2 dormitorios;2 baños;46 m² útiles;2 dormitorios | 2 baños | 46 m² útiles;San Antonio 630, Santiago, Centro Histórico De Santiago, Santiago;
2025-11-29 18:01:51;Santiago;departamento;Venta Depto., Torres San Borja Metro Uc, 3d+1b;125000000;CLP;3 dormitorios;1 baño;82 m² útiles;3 dormitorios | 1 baño | 82 m² útiles;Avenida Portugal 28, Santiago, Región Metropolitana De Santiago 8320000, Chile, Barrio San Borja, Santiago;
2025-11-29 18:01:51;Santiago;departamento;Depto 2d 1b Con Estacionamiento Y Bod, Pasos Del Metro;1800;CLF;2 dormitorios;1 baño;40 m² útiles;2 dormitorios | 1 baño | 40 m² útiles;Chiloé 1221, Santiago, Región Metropolitana De Santiago 8320000, Chile, Parque O'Higgins, Santiago;
2025-11-29 18:01:51;Santiago;departamento;Departamento En Tocornal  Ideal Para Inversionistas;2100;CLF;2 dormitorios;1 baño;3 m² útiles;2 dormitorios | 1 baño | 3 m² útiles;Manuel Antonio Tocornal 300 - 600, Santiago, Santa Isabel, Santiago;
2025-11-29 18:01:51;Santiago;departamento;Departamento En Vicuña Mackenna Comuna De Ñuñoa;2550;CLF;1 dormitorio;1 baño;48 m² útiles;1 dormitorio | 1 baño | 48 m² útiles;Av. Vicuña Mackenna 1947, Ñuñoa, Santiago, Bogotá - Sierra Bella, Santiago;
2025-11-29 18:01:51;Santiago;departamento;Excelente Dpto 3d/2b Estac/bod;3990;CLF;3 dormitorios;2 baños;75 m² útiles;3 dormitorios | 2 baños | 75 m² útiles;Santo Domingo 1243, Santiago, Región Metropolitana De Santiago 8320000, Chile, Centro Histórico De Santiago, Santiago;
2025-11-29 18:01:51;Santiago;departamento;Se Vende Home Estudio Con Estacionamiento;72000000;CLP;1 dormitorio;1 baño;29 m² útiles;1 dormitorio | 1 baño | 29 m² útiles;Enrique Mac Iver 549, Santiago, Región Metropolitana De Santiago 8320000, Chile, Centro Histórico De Santiago, Santiago;
2025-11-29 18:01:51;Santiago;departamento;Homeoffice A Una Cuadra De Metro Parque Almagro Piso 7;1700;CLF;1 dormitorio;1 baño;30 m² útiles;1 dormitorio | 1 baño | 30 m² útiles;Arturo Prat Con Calle Prat, San Diego, Santiago;
2025-11-29 18:01:51;Santiago;departamento;Moderno Depto 2d 2b Con Doble Est Y Bod En Pleno Centro;105000000;CLP;2 dormitorios;2 baños;47 m² útiles;2 dormitorios | 2 baños | 47 m² útiles;Huérfanos, Santiago, Santiago Metropolitan Region 8320000, Chile, Centro Histórico De Santiago, Santiago;
2025-11-29 18:01:51;Santiago;departamento;Amplio Luminoso 1d+1b;65000000;CLP;1 dormitorio;1 baño;40 m² útiles;1 dormitorio | 1 baño | 40 m² útiles;Hermanos Amunátegui 491, Santiago, Región Metropolitana De Santiago 8320000, Chile, Centro Histórico De Santiago, Santiago;
2025-11-29 18:01:51;Santiago;departamento;Moderno Departamento En Ñuñoa Vicuña Mackenna;5800;CLF;3 dormitorios;2 baños;98 m² útiles;3 dormitorios | 2 baños | 98 m² útiles;Av. Vicuña Mackenna 1947, Ñuñoa, Santiago, Bogotá - Sierra Bella, Santiago;
2025-11-29 18:01:51;Santiago;departamento;Amplio En Metro Sta Ana, 1d-1b - Bdga;2200;CLF;1 dormitorio;1 baño;42 m² útiles;1 dormitorio | 1 baño | 42 m² útiles;Santo Domingo 1450, Santiago, Región Metropolitana De Santiago 8320000, Chile, Centro Histórico De Santiago, Santiago;
2025-11-29 18:01:51;Santiago;departamento;Excelente Dpto 2d/2b Estac Y Bodega;2990;CLF;2 dormitorios;2 baños;64 m² totales;2 dormitorios | 2 baños | 64 m² totales;Santa Isabel 747, San Diego, Santiago;
2025-11-29 18:01:51;Santiago;departamento;Dp Luminoso 3d 2b Más Estac Y Bod - Carmen 644, Santiago;3350;CLF;3 dormitorios;2 baños;69 m² útiles;3 dormitorios | 2 baños | 69 m² útiles;Carmen 644, Santiago, Región Metropolitana De Santiago 8320000, Chile, Barrio Diez De Julio, Santiago;
2025-11-29 18:01:51;Santiago;departamento;Departamento En Venta;120000000;CLP;2 dormitorios;1 baño;47 m² útiles;2 dormitorios | 1 baño | 47 m² útiles;Echaurren 496, Santiago, Región Metropolitana De Santiago 8320000, Chile, Barrio República, Santiago;
2025-11-29 18:01:51;Santiago;departamento;Maravilloso Y Luminoso Dpto Al Lado Del Metro, En El Centro ;130000000;CLP;3 dormitorios;2 baños;70 m² útiles;3 dormitorios | 2 baños | 70 m² útiles;MANUEL RODRIGUEZ CON GENERAL MACKENNA, Centro Histórico De Santiago, Santiago;
2025-11-29 18:01:51;Santiago;departamento;Departamento En Diagonal Vicuña 2004 - Savagnac Propiedades;2500;CLF;1 dormitorio;1 baño;34 m² útiles;1 dormitorio | 1 baño | 34 m² útiles;Diagonal Vicuña Mackenna 2004, Santiago, Región Metropolitana De Santiago 8320000, Chile, Bogotá - Sierra Bella, Santiago;
2025-11-29 18:01:51;Santiago;departamento;Depto 1d, 2 Ambientes Con Estac. Y Bod, Metro Irarrázaval;2390;CLF;1 dormitorio;1 baño;36 m² útiles;1 dormitorio | 1 baño | 36 m² útiles;Avenida Portugal 941, Santiago, Región Metropolitana De Santiago 8320000, Chile, Barrio Diez De Julio, Santiago;
2025-11-29 18:01:51;Santiago;departamento;Céntrico Departamento A Pasos Del Metro Los Héroes - Viva Fa;1940;CLF;1 dormitorio;1 baño;39 m² útiles;1 dormitorio | 1 baño | 39 m² útiles;Manuel Rodríguez Con Moneda, Centro Histórico De Santiago, Santiago;
2025-11-29 18:01:51;Santiago;departamento;Homeoffice A Una Cuadra De Metro Parque Almagro 5 Piso;1780;CLF;1 dormitorio;1 baño;24 m² útiles;1 dormitorio | 1 baño | 24 m² útiles;Arturo Prat, San Diego, Santiago;
2025-11-29 18:01:51;Santiago;departamento;Home Studio, Argomedo 350, Santiago Centro - Melmich;1890;CLF;1 dormitorio;1 baño;25 m² útiles;1 dormitorio | 1 baño | 25 m² útiles;Argomedo 350, Santa Isabel, Santiago;
2025-11-29 18:01:51;Santiago;departamento;Excelente Departamento Plaza Baquedano;2800;CLF;2 dormitorios;1 baño;48 m² útiles;2 dormitorios | 1 baño | 48 m² útiles;Ramón Corvalán Melgarejo, Santiago, Chile, Barrio San Borja, Santiago;
2025-11-29 18:01:51;Santiago;departamento;Studio / Santa Isabel - Hb Hunter;69000000;CLP;1 dormitorio;1 baño;25 m² útiles;1 dormitorio | 1 baño | 25 m² útiles;Santa Isabel, Santa Isabel, Santiago;
2025-11-29 18:01:51;Santiago;departamento;Santa Victoria / Lira, 38m2, 1 Dorm, Amoblado;1820;CLF;1 dormitorio;1 baño;38 m² útiles;1 dormitorio | 1 baño | 38 m² útiles;Santa Victoria 387, Santiago, Región Metropolitana De Santiago 8320000, Chile, Santa Isabel, Santiago;
2025-11-29 18:01:51;Santiago;departamento;Cómodo Y Funcional Departamento En El Centro De Santiago;1750;CLF;1 dormitorio;1 baño;31 m² útiles;1 dormitorio | 1 baño | 31 m² útiles;San Martín, Santiago, Santiago Metropolitan Region 8320000, Chile, Centro Histórico De Santiago, Santiago;
2025-11-29 18:01:51;Santiago;departamento;Departamento En Venta En Santa Isabel, Santiago;2900;CLF;1 dormitorio;1 baño;32 m² útiles;1 dormitorio | 1 baño | 32 m² útiles;Av. Sta. Isabel 326, Santiago, Santa Isabel, Santiago;
2025-11-29 18:01:51;Santiago;departamento;Departamento En Venta En Santa Isabel;2450;CLF;1 dormitorio;1 baño;32 m² útiles;1 dormitorio | 1 baño | 32 m² útiles;Av. Sta. Isabel 326, Santiago, Santa Isabel, Santiago;
2025-11-29 18:01:51;Santiago;departamento;1 Dorm 1 Baño Metro Parque Almagro Av Santa Isabel;2400;CLF;1 dormitorio;1 baño;29 m² útiles;1 dormitorio | 1 baño | 29 m² útiles;San Francisco 526, Santiago, Chile, San Diego, Santiago;
2025-11-29 18:01:51;Santiago;departamento;Amplio Departamento 1d/1b Metro Parque Almagro;71000000;CLP;1 dormitorio;1 baño;32 m² útiles;1 dormitorio | 1 baño | 32 m² útiles;Eyzaguirre 700-800, Santiago, Santiago Metropolitan Region 8320000, Chile, San Diego, Santiago;
2025-11-29 18:01:51;Santiago;departamento;Arayabroker Vende Departamento Muy Bien Ubicado En Santiago;136000000;CLP;2 dormitorios;1 baño;50 m² útiles;2 dormitorios | 1 baño | 50 m² útiles;Garcia Reyes 66, Barrio Yungay, Santiago;
2025-11-29 18:01:51;Santiago;departamento;Club Hipico-santiago- Barrio Republica;2700;CLF;1 dormitorio;1 baño;33 m² útiles;1 dormitorio | 1 baño | 33 m² útiles;Club Hípico 650, Santiago, Región Metropolitana De Santiago 8320000, Chile, Barrio República, Santiago;
2025-11-29 18:01:51;Santiago;departamento;Cómodo Y Luminoso Departamento En Pleno Santiago Centro;1800;CLF;1 dormitorio;1 baño;31 m² útiles;1 dormitorio | 1 baño | 31 m² útiles;San Martín 733, Santiago, Santiago Metropolitan Region 8320000, Chile, Centro Histórico De Santiago, Santiago;
2025-11-29 18:01:51;Santiago;departamento;Se Vende Departamento 1 Dormitorio Metro Santa Isabel;2080;CLF;1 dormitorio;1 baño;32 m² útiles;1 dormitorio | 1 baño | 32 m² útiles;Av Portugal 551, Santa Isabel, Santiago;
2025-11-29 18:01:51;Santiago;departamento;Venta Departamento 2 Dormitorios +1 Baño +bodega - Demaria P;2700;CLF;2 dormitorios;1 baño;40 m² útiles;2 dormitorios | 1 baño | 40 m² útiles;Argomedo 350, Santa Isabel, Santiago;
2025-11-29 18:01:51;Santiago;departamento;Departamento Estudio San Diego 1247. Venta Sin Comisión;1500;CLF;1 dormitorio;1 baño;28 m² útiles;1 dormitorio | 1 baño | 28 m² útiles;SAN DIEGO 1247, Parque O'Higgins, Santiago;
2025-11-29 18:01:51;Santiago;departamento;Depto Estudio Metro Santa Lucia - Himalaya Propiedades;1570;CLF;;1 baño;30 m² útiles;1 baño | 30 m² útiles;Eleuterio Ramirez Con Santa Rosa, San Diego, Santiago;
2025-11-29 18:01:51;Santiago;departamento;En Venta Departamento En Sector Bellas Artes 1 Habitación;2410;CLF;1 dormitorio;1 baño;32 m² útiles;1 dormitorio | 1 baño | 32 m² útiles;Huérfanos 547, Santiago, Centro Histórico De Santiago, Santiago;
2025-11-29 18:01:51;Santiago;departamento;Departamento En Venta Sector Bellas Artes 1 Habitacion;2410;CLF;1 dormitorio;1 baño;32 m² útiles;1 dormitorio | 1 baño | 32 m² útiles;Huérfanos 547, Santiago, Centro Histórico De Santiago, Santiago;
2025-11-29 18:01:51;Santiago;departamento;1 Dorm 1 Baño Barrio Matucana / San Pablo Santiago Centro;1780;CLF;1 dormitorio;1 baño;31 m² útiles;1 dormitorio | 1 baño | 31 m² útiles;Herrera 1127, Santiago, Chile, Parque Los Reyes, Santiago;
2025-11-29 18:01:51;Santiago;departamento;Oportunidad Looff Prop Dpto 1d 1b Mas Living;1300;CLF;1 dormitorio;1 baño;27 m² útiles;1 dormitorio | 1 baño | 27 m² útiles;Nataniel Cox 599, Santiago, Región Metropolitana De Santiago 8320000, Chile, Parque Almagro, Santiago;
2025-11-29 18:01:51;Santiago;departamento;San Diego 255, Excelente Conectividad, Metro U. De Chile.fhp;1550;CLF;1 dormitorio;1 baño;29 m² totales;1 dormitorio | 1 baño | 29 m² totales;San Diego 255 Santiago, Chile, Bulnes, Santiago;
2025-11-29 18:01:51;Santiago;departamento;Dptos Studio 1d -1b Metro Sta Rosa - Ideal Para Inversionist;2050;CLF;1 dormitorio;1 baño;33 m² útiles;1 dormitorio | 1 baño | 33 m² útiles;Santa Rosa 991, San Diego, Santiago;
2025-11-29 18:01:51;Santiago;departamento;Venta Depto 1 Dorm + Bodega En Santiago, Calle Argomedo;2650;CLF;1 dormitorio;1 baño;29 m² útiles;1 dormitorio | 1 baño | 29 m² útiles;Metro Santa Isabel, Av. 10 De Julio, Irarrazaval, Iglesia De Los Sacramentinos, Santa Isabel, Santiago;
2025-11-29 18:01:51;Santiago;departamento;Venta Depto Huérfanos, Amoblado, Arrendado, P.diet.;1950;CLF;1 dormitorio;1 baño;32 m² útiles;1 dormitorio | 1 baño | 32 m² útiles;Huérfanos 1490, Centro Histórico De Santiago, Santiago;
2025-11-29 18:01:51;Santiago;departamento;Mb Propiedades Vende Excelente Depto.  Santo Domingo 1325, 1;125000000;CLP;1 dormitorio;1 baño;50 m² útiles;1 dormitorio | 1 baño | 50 m² útiles;Santo Domingo 1325, Santiago, Región Metropolitana De Santiago 8320000, Chile, Centro Histórico De Santiago, Santiago;
2025-11-29 18:01:51;Santiago;departamento;Invierte En Santiago Centro;2100;CLF;1 dormitorio;1 baño;27 m² útiles;1 dormitorio | 1 baño | 27 m² útiles;Avenida Beaucheff, Santiago, Región Metropolitana De Santiago 8320000, Chile, Parque O'Higgins, Santiago;
2025-11-29 18:01:51;Santiago;departamento;Vende Depto 2d,2b 1 Estacionamiento 60m2;3200;CLF;2 dormitorios;2 baños;60 m² útiles;2 dormitorios | 2 baños | 60 m² útiles;Calle San Martín 873, Centro Histórico De Santiago, Santiago;
2025-11-29 18:01:51;Santiago;departamento;Estudio En Venta En Santiago;2650;CLF;1 dormitorio;1 baño;29 m² útiles;1 dormitorio | 1 baño | 29 m² útiles;Metro Santa Isabel, Av. 10 De Julio, Irarrazaval, Iglesia De Los Sacramentinos, Santa Isabel, Santiago;
2025-11-29 18:01:51;Santiago;departamento;Venta Oportunidad 2d,2b,1est. 50m2;2150;CLF;2 dormitorios;2 baños;50 m² útiles;2 dormitorios | 2 baños | 50 m² útiles;Avenida Presidente Balmaceda 2914, Santiago, Región Metropolitana De Santiago 8320000, Chile, Parque Los Reyes, Santiago;
2025-11-29 18:02:45;Santiago;departamento;Departamento En Venta De 3 Dorm. En Santiago;151500000;CLP;3 dormitorios;2 baños;75 m² útiles;3 dormitorios | 2 baños | 75 m² útiles;Balmaceda Con Av Brasil, Parque Los Reyes, Santiago;
2025-11-29 18:02:45;Santiago;departamento;En Venta Departamento De 1 Habitacion Metro Republica Stgo.;2000;CLF;1 dormitorio;1 baño;39 m² útiles;1 dormitorio | 1 baño | 39 m² útiles;José Miguel Carrera 298, Santiago, Ejército - Toesca, Santiago;
2025-11-29 18:02:45;Santiago;departamento;En Venta Departamento De 1 Habitación Barrio Yungay;4500;CLF;1 dormitorio;1 baño;30 m² útiles;1 dormitorio | 1 baño | 30 m² útiles;Gral. Bulnes 259, Santiago, Barrio Yungay, Santiago;
2025-11-29 18:02:45;Santiago;departamento;Metro Cal Y Canto;3980;CLF;2 dormitorios;2 baños;55 m² útiles;2 dormitorios | 2 baños | 55 m² útiles;General Mackenna, Santiago, Región Metropolitana De Santiago 8320000, Chile, Centro Histórico De Santiago, Santiago;
2025-11-29 18:02:45;Santiago;departamento;Departamento En Venta De 3 Dorm. En Santiago;2290;CLF;3 dormitorios;1 baño;50 m² útiles;3 dormitorios | 1 baño | 50 m² útiles;Pedro Lagos, Parque O'Higgins, Santiago;
2025-11-29 18:02:45;Santiago;departamento;Departamento Estudio En Venta Para Inversion Airbnb Santiago;2500;CLF;1 dormitorio;1 baño;24 m² útiles;1 dormitorio | 1 baño | 24 m² útiles;Gral. Bulnes 259, Santiago, Barrio Yungay, Santiago;
2025-11-29 18:02:45;Santiago;departamento;Vendo Depto Remodelado 2d+1b Stgo Centro Con Estacionamiento;2290;CLF;2 dormitorios;1 baño;43 m² útiles;2 dormitorios | 1 baño | 43 m² útiles;Eleuterio Ramírez 1024, Santiago, Región Metropolitana De Santiago 8320000, Chile, San Diego, Santiago;
2025-11-29 18:02:45;Santiago;departamento;2 Dorm 2 Baños Estacionamiento Y Bodega Eje. Santa Isabel ;2990;CLF;2 dormitorios;2 baños;57 m² útiles;2 dormitorios | 2 baños | 57 m² útiles;Eyzaguirre 782, Santiago, San Diego, Santiago;
2025-11-29 18:02:45;Santiago;departamento;Valor Insuperable!! Hermoso Dpto Metro Ñuble;1819;CLF;2 dormitorios;1 baño;40 m² útiles;2 dormitorios | 1 baño | 40 m² útiles;Avenida Vicuña Mackenna 1725, Santiago, Región Metropolitana De Santiago 8320000, Chile, Bogotá - Sierra Bella, Santiago;
2025-11-29 18:02:45;Santiago;departamento;Amplio Departamento En Santiago Centro;3694;CLF;2 dormitorios;2 baños;80 m² útiles;2 dormitorios | 2 baños | 80 m² útiles;San Pablo 1315, Santiago, Región Metropolitana De Santiago 8320000, Chile, Centro Histórico De Santiago, Santiago;
2025-11-29 18:02:45;Santiago;departamento;Departamento En Venta;2990;CLF;2 dormitorios;2 baños;42 m² útiles;2 dormitorios | 2 baños | 42 m² útiles;San Pablo 1433, Santiago, Región Metropolitana De Santiago 8320000, Chile, Centro Histórico De Santiago, Santiago;
2025-11-29 18:02:45;Santiago;departamento;Departamento En Venta En Bulnes, Santiago;4950;CLF;3 dormitorios;2 baños;90 m² útiles;3 dormitorios | 2 baños | 90 m² útiles;Tarapacá 1163, Santiago, Bulnes, Santiago;
2025-11-29 18:02:45;Santiago;departamento;Excelente Depto Cercano A Metro Cal Y Canto Y Santa Ana.;3990;CLF;2 dormitorios;2 baños;55 m² útiles;2 dormitorios | 2 baños | 55 m² útiles;Gral. Mackenna 1555, Santiago, Centro Histórico De Santiago, Santiago;
2025-11-29 18:02:45;Santiago;departamento;Departamento 3 Dormitorios Y Dos Baños En Venta;122000000;CLP;3 dormitorios;1 baño;59 m² útiles;3 dormitorios | 1 baño | 59 m² útiles;Marín 395, Santiago, Región Metropolitana De Santiago 8320000, Chile, Santa Isabel, Santiago;
2025-11-29 18:02:45;Santiago;departamento;Portugal/porvenir A Pasos Metro Lineas 3 Y 5;76000000;CLP;1 dormitorio;1 baño;28 m² útiles;1 dormitorio | 1 baño | 28 m² útiles;Portugal 968, Santiago, Barrio Diez De Julio, Santiago;
2025-11-29 18:02:45;Santiago;departamento;Venta Depto Av Matta 1d+1b -antu;2200;CLF;1 dormitorio;1 baño;38 m² útiles;1 dormitorio | 1 baño | 38 m² útiles;Avenida Manuel Antonio Matta 727, Santiago, Santiago Metropolitan Region 8320000, Chile, San Diego, Santiago;
2025-11-29 18:02:45;Santiago;departamento;Mb Propiedades, Vende Excelente Depto. San Martin 733, 2d+2b;110000000;CLP;2 dormitorios;2 baños;55 m² útiles;2 dormitorios | 2 baños | 55 m² útiles;San Martin 733, Centro Histórico De Santiago, Santiago;
2025-11-29 18:02:45;Santiago;departamento;Departamento En Venta De 1 Dorm. En Santiago;1617;CLF;1 dormitorio;1 baño;34 m² útiles;1 dormitorio | 1 baño | 34 m² útiles;Dpto En Venta 1D-1B, Centro Histórico De Santiago, Santiago;
2025-11-29 18:02:45;Santiago;departamento;Departamento/ Oportunidad;1990;CLF;1 dormitorio;1 baño;35 m² útiles;1 dormitorio | 1 baño | 35 m² útiles;Enrique Mac Iver 524, Santiago, Región Metropolitana De Santiago 8320000, Chile, Centro Histórico De Santiago, Santiago;
2025-11-29 18:02:45;Santiago;departamento;Vendo Amplio Depto 3d+2b Santiago Centro;160000000;CLP;3 dormitorios;2 baños;100 m² útiles;3 dormitorios | 2 baños | 100 m² útiles;Avenida Libertador Bernardo O'higgins 776, Santiago, Región Metropolitana De Santiago 8320000, Chile, Bulnes, Santiago;
2025-11-29 18:02:45;Santiago;departamento;Uf 2.100 Venta Departamento 1 Dormitorio.cerca Universidades;2100;CLF;1 dormitorio;1 baño;38 m² útiles;1 dormitorio | 1 baño | 38 m² útiles;Gral. Las Heras 1630, Santiago, Parque Almagro, Santiago;
2025-11-29 18:02:45;Santiago;departamento;Se Vende Hermoso Departamento En Santiago;1599;CLF;1 dormitorio;1 baño;35 m² útiles;1 dormitorio | 1 baño | 35 m² útiles;Maipú 1116, Santiago, Santiago Metropolitan Region 8320000, Chile, Parque Los Reyes, Santiago;
2025-11-29 18:02:45;Santiago;departamento;Venta Depto Arturo Prat 2d+2b -antu;90000000;CLP;2 dormitorios;1 baño;46 m² útiles;2 dormitorios | 1 baño | 46 m² útiles;Arturo Prat 324, Santiago, Región Metropolitana De Santiago 8320000, Chile, San Diego, Santiago;
2025-11-29 18:02:45;Santiago;departamento;Depto Cercano A Metro Sta Lucia (ideal Inversionistas);3150;CLF;2 dormitorios;2 baños;51 m² útiles;2 dormitorios | 2 baños | 51 m² útiles;Av. Sta. Rosa 325, Santiago, San Diego, Santiago;
2025-11-29 18:02:45;Santiago;departamento;Departamento En Venta En Santa Isabel Con Serrano 2d/1b/1b;2500;CLF;2 dormitorios;1 baño;44 m² útiles;2 dormitorios | 1 baño | 44 m² útiles;Avenida Santa Isabel 951, Santiago, Región Metropolitana De Santiago 8320000, Chile, San Diego, Santiago;
2025-11-29 18:02:45;Santiago;departamento;Excelente Depto. Santo Domingo 1325, 1d+1b+1e+1b Stgo Centro;3400;CLF;1 dormitorio;1 baño;50 m² útiles;1 dormitorio | 1 baño | 50 m² útiles;Santo Domingo 1325, Santiago, Región Metropolitana De Santiago 8320000, Chile, Centro Histórico De Santiago, Santiago;
2025-11-29 18:02:45;Santiago;departamento;Espectacular Depto En Venta 1 Dorm. Santiago Centro ;2550;CLF;1 dormitorio;1 baño;35 m² útiles;1 dormitorio | 1 baño | 35 m² útiles;Manuel Rodríguez, 540 Santiago, Parque Almagro, Santiago;
2025-11-29 18:02:45;Santiago;departamento;Vendo Depto 1d+1b En Arturo Prat Stgo Centro;2000;CLF;1 dormitorio;1 baño;28 m² útiles;1 dormitorio | 1 baño | 28 m² útiles;Arturo Prat 324, Santiago, Región Metropolitana De Santiago 8320000, Chile, San Diego, Santiago;
2025-11-29 18:02:45;Santiago;departamento;Vendo Depto Tipo Estudio Stgo Centro;2100;CLF;1 dormitorio;1 baño;24 m² útiles;1 dormitorio | 1 baño | 24 m² útiles;Catedral 1757, Santiago, Región Metropolitana De Santiago 8320000, Chile, Barrio Brasil, Santiago;
2025-11-29 18:02:45;Santiago;departamento;Departamento En Venta En Parque Los Reyes Santiago;3300;CLF;2 dormitorios;2 baños;50 m² útiles;2 dormitorios | 2 baños | 50 m² útiles;Av. Pdte. Balmaceda 2720, Santiago, Parque Los Reyes, Santiago;
2025-11-29 18:02:45;Santiago;departamento;Se Vende Departamento 2 Dormitorios Curico / Lira Santiago -;2800;CLF;2 dormitorios;2 baños;55 m² totales;2 dormitorios | 2 baños | 55 m² totales;Curico / Lira, Santa Isabel, Santiago;
2025-11-29 18:02:45;Santiago;departamento;Vendemos Departamento Cercano A Metro Ñuble,vicuña Mackenna;2800;CLF;1 dormitorio;1 baño;2 m² útiles;1 dormitorio | 1 baño | 2 m² útiles;Vicuña Mackenna 2004, Bogotá - Sierra Bella, Santiago;
2025-11-29 18:02:45;Santiago;departamento;Lindo Depto Sector Lider Matucana.;2250;CLF;1 dormitorio;1 baño;33 m² útiles;1 dormitorio | 1 baño | 33 m² útiles;Chacabuco 1120, Santiago, Parque Los Reyes, Santiago;
2025-11-29 18:02:45;Santiago;departamento;Estupendo Iluminado, Depto Norte, 2d Y 2b, Metro, Condominio;2350;CLF;2 dormitorios;2 baños;52 m² útiles;2 dormitorios | 2 baños | 52 m² útiles;Club Hípico 1528, Santiago, Chile, Parque O'Higgins, Santiago;
2025-11-29 18:02:45;Santiago;departamento;Lindo Depto 2d, 2b, Terraza, Coc. Americana, P.flotante, Bga;2699;CLF;2 dormitorios;2 baños;49 m² útiles;2 dormitorios | 2 baños | 49 m² útiles;Padre Alonso De Ovalle 868, Santiago, Bulnes, Santiago;
2025-11-29 18:02:45;Santiago;departamento;Hermoso Y Acogedor Depto 2 D, 2b, Terraza Y Loggia ;109000000;CLP;2 dormitorios;2 baños;3 m² útiles;2 dormitorios | 2 baños | 3 m² útiles;Argomedo 320, Santiago, Santa Isabel, Santiago;
2025-11-29 18:02:45;Santiago;departamento;Vendo Departamento Barrio Lastarria;80000000;CLP;1 dormitorio;1 baño;37 m² útiles;1 dormitorio | 1 baño | 37 m² útiles;Santo Domingo 652, Santiago, Santiago Metropolitan Region 8320000, Chile, Centro Histórico De Santiago, Santiago;
2025-11-29 18:02:45;Santiago;departamento;Lindo Departamento En Venta;60000000;CLP;1 dormitorio;1 baño;40 m² totales;1 dormitorio | 1 baño | 40 m² totales;Catedral 1289, Centro Histórico De Santiago, Santiago;
2025-11-29 18:02:45;Santiago;departamento;Departamento En Venta En Quinta Normal Con Terraza;122000000;CLP;2 dormitorios;2 baños;66 m² útiles;2 dormitorios | 2 baños | 66 m² útiles;Moneda 3030, Santiago, Barrio Yungay, Santiago;
2025-11-29 18:02:45;Santiago;departamento;Departamento En Venta En Santa Victoria, Santiago;3000;CLF;2 dormitorios;2 baños;54 m² útiles;2 dormitorios | 2 baños | 54 m² útiles;Av. Sta. Isabel 360, Santiago, Santa Isabel, Santiago;
2025-11-29 18:02:45;Santiago;departamento;Departamento En Venta En San Francisco Con Terraza;79000000;CLP;1 dormitorio;1 baño;30 m² útiles;1 dormitorio | 1 baño | 30 m² útiles;San Francisco 526, Santiago, San Diego, Santiago;
2025-11-29 18:02:45;Santiago;departamento;Departamento En Venta En Parque Los Reyes;1850;CLF;2 dormitorios;1 baño;37 m² útiles;2 dormitorios | 1 baño | 37 m² útiles;Maipú 1136, Santiago, Chile, Parque Los Reyes, Santiago;
2025-11-29 18:02:45;Santiago;departamento;Departamento En Venta En Bulnes;4890;CLF;3 dormitorios;2 baños;95 m² útiles;3 dormitorios | 2 baños | 95 m² útiles;Tarapacá 1129, Santiago, Chile, Bulnes, Santiago;
2025-11-29 18:02:45;Santiago;departamento;Departamento En Venta De 4 Dorm. En Santiago;140000000;CLP;4 dormitorios;4 baños;150 m² útiles;4 dormitorios | 4 baños | 150 m² útiles;Monjitas 879, Centro Histórico De Santiago, Santiago;
2025-11-29 18:02:45;Santiago;departamento;Vendo Dpto 3 Dormitorios. Metro Parque O'higgins;2342;CLF;3 dormitorios;1 baño;60 m² útiles;3 dormitorios | 1 baño | 60 m² útiles;San Ignacio De Loyola 1124, Santiago, Parque O'Higgins, Santiago;
2025-11-29 18:02:45;Santiago;departamento;Arayabroker Vende Precioso Departamento En Ñuñoa;72000000;CLP;1 dormitorio;1 baño;32 m² útiles;1 dormitorio | 1 baño | 32 m² útiles;Avenida Vicuña Mackenna 2004, Santiago, Región Metropolitana De Santiago 8940000, Chile, Bogotá - Sierra Bella, Santiago;
2025-11-29 18:02:45;Santiago;departamento;Hermoso Departamento En Sector Toesca, Santiago Centro En Ve;2550;CLF;2 dormitorios;2 baños;51 m² útiles;2 dormitorios | 2 baños | 51 m² útiles;Almirante Latorre 402, Santiago, Región Metropolitana De Santiago 8320000, Chile, Barrio República, Santiago;
2025-11-29 18:02:45;Santiago;departamento;Arayabroker Vende Precioso Departamento Con Excelente Ubicac;140000000;CLP;3 dormitorios;2 baños;80 m² útiles;3 dormitorios | 2 baños | 80 m² útiles;Dieciocho 715, Santiago;
2025-11-29 18:03:45;Santiago;departamento;Arayabroker Vende Precioso Departamento En Calle Portugal -;85000000;CLP;3 dormitorios;2 baños;49 m² útiles;3 dormitorios | 2 baños | 49 m² útiles;Portugal 811, Barrio Diez De Julio, Santiago;
2025-11-29 18:03:45;Santiago;departamento;Santiago Centro, 2 Hab/2 Baños, Con Estacionamiento Y Bodega;2500;CLF;2 dormitorios;2 baños;59 m² útiles;2 dormitorios | 2 baños | 59 m² útiles;Avenida Mapocho 1432, Santiago, Región Metropolitana De Santiago 8320000, Chile, Centro Histórico De Santiago, Santiago;
2025-11-29 18:03:45;Santiago;departamento;Se Vende Dpto De 1 Dormitorio Santiago Centro;2200;CLF;1 dormitorio;1 baño;40 m² útiles;1 dormitorio | 1 baño | 40 m² útiles;Bombero Patricio Canto Feliú 32, Santiago, Región Metropolitana De Santiago 8320000, Chile, Santa Isabel, Santiago;
2025-11-29 18:03:45;Santiago;departamento;Arayabroker Vende Excelente Departamento En Barrio Brasil;98000000;CLP;2 dormitorios;2 baños;47 m² útiles;2 dormitorios | 2 baños | 47 m² útiles;Brasil 453, Barrio Brasil, Santiago;
2025-11-29 18:03:45;Santiago;departamento;Ideal Para Inversión Departamento 1d 1b - Metro Irarrazaval;80000000;CLP;1 dormitorio;1 baño;47 m² totales;1 dormitorio | 1 baño | 47 m² totales;Av. Vicuña Mackenna 955, Barrio Diez De Julio, Santiago;
2025-11-29 18:03:45;Santiago;departamento;Depto  Cercano Metro Irarrazabal, 1d-1b - Ventahome;1800;CLF;1 dormitorio;1 baño;32 m² útiles;1 dormitorio | 1 baño | 32 m² útiles;Av. Vicuña Mackenna 1433, Bogotá - Sierra Bella, Santiago;
2025-11-29 18:03:45;Santiago;departamento;Departamento Sacramentinos;70000000;CLP;2 dormitorios;1 baño;45 m² útiles;2 dormitorios | 1 baño | 45 m² útiles;Avenida Santa Isabel 900, Santiago, Región Metropolitana De Santiago 8320000, Chile, Santa Isabel, Santiago;
2025-11-29 18:03:45;Santiago;departamento;Venta Departamento, A Una Cuadra Del Teatro Municipal, Jmv;200000000;CLP;4 dormitorios;3 baños;150 m² útiles;4 dormitorios | 3 baños | 150 m² útiles;Agustinas, Santiago, Región Metropolitana De Santiago 8320000, Chile, Centro Histórico De Santiago, Santiago;
2025-11-29 18:03:45;Santiago;departamento;¡tu Nuevo Hogar En Santiago Centro! Departamento 2d/2b;3680;CLF;2 dormitorios;2 baños;65 m² útiles;2 dormitorios | 2 baños | 65 m² útiles;Padre Miguel De Olivares 1444, Santiago, Región Metropolitana De Santiago 8320000, Chile, Bulnes, Santiago;
2025-11-29 18:03:45;Santiago;departamento;Venta Departamento;2650;CLF;2 dormitorios;2 baños;53 m² útiles;2 dormitorios | 2 baños | 53 m² útiles;Marín 145, Santiago, Región Metropolitana De Santiago 8320000, Chile, Santa Isabel, Santiago;
2025-11-29 18:03:45;Santiago;departamento;Excelente Oportunidad Inversionistas;1900;CLF;1 dormitorio;1 baño;30 m² útiles;1 dormitorio | 1 baño | 30 m² útiles;Carmen 237, Santiago, Santa Isabel, Santiago;
2025-11-29 18:03:45;Santiago;departamento;Venta De Departamento En Santiago;2018;CLF;2 dormitorios;1 baño;47 m² útiles;2 dormitorios | 1 baño | 47 m² útiles;San Martín 870, Santiago, Región Metropolitana De Santiago 8320000, Chile, Centro Histórico De Santiago, Santiago;
2025-11-29 18:03:45;Santiago;departamento;Departamento Venta;1750;CLF;1 dormitorio;1 baño;33 m² útiles;1 dormitorio | 1 baño | 33 m² útiles;Avenida Santa Rosa 991, Santiago, Región Metropolitana De Santiago 8320000, Chile, San Diego, Santiago;
2025-11-29 18:03:45;Santiago;departamento;Iluminado Depto Norte, Terraza, 2d, 2b, Bga, Conex Lavadora;2749;CLF;2 dormitorios;2 baños;5 m² útiles;2 dormitorios | 2 baños | 5 m² útiles;Tarapacá 890, Santiago, Bulnes, Santiago;
2025-11-29 18:03:45;Santiago;departamento;Vendo Departamento Metro Rondizzoni;97000000;CLP;2 dormitorios;2 baños;80 m² útiles;2 dormitorios | 2 baños | 80 m² útiles;Fábrica 1997, Santiago, Santiago Metropolitan Region 8320000, Chile, Parque O'Higgins, Santiago;
2025-11-29 18:03:45;Santiago;departamento;Depto Impecable!! Barrio Universitario A 2 Cuadras Del Metro;2770;CLF;2 dormitorios;2 baños;50 m² útiles;2 dormitorios | 2 baños | 50 m² útiles;Echaurren 129, Santiago, Santiago;
2025-11-29 18:03:45;Santiago;departamento;Dpto Estilo Mariposa 2 Cuadras Metro Irarrazabal, Imagina;2800;CLF;2 dormitorios;2 baños;50 m² útiles;2 dormitorios | 2 baños | 50 m² útiles;Av. Manuel Antonio Matta 45, Santiago, Ñuñoa, Región Metropolitana, Chile, Barrio Diez De Julio, Santiago;
2025-11-29 18:03:45;Santiago;departamento;Dueño Vende Depto 2 D + 2 B + 1 E + 1 B;3900;CLF;2 dormitorios;2 baños;51 m² útiles;2 dormitorios | 2 baños | 51 m² útiles;San Martín 841, Santiago, Centro Histórico De Santiago, Santiago;
2025-11-29 18:03:45;Santiago;departamento;Vendo Depto 1 Dormitorio. Metro Toesca;2590;CLF;1 dormitorio;1 baño;43 m² útiles;1 dormitorio | 1 baño | 43 m² útiles;Almte. Latorre 602, Ejército - Toesca, Santiago;
2025-11-29 18:03:45;Santiago;departamento;Mb Propiedades, Vende Excelente Depto 2d+1b+1e, San Pablo 12;85000000;CLP;2 dormitorios;1 baño;50 m² útiles;2 dormitorios | 1 baño | 50 m² útiles;San Pablo 1295, Centro Histórico De Santiago, Santiago;
2025-11-29 18:03:45;Santiago;departamento;Oferta Se Vende Dpto Impecable 1d1b Barrio Parque Forestal;1790;CLF;1 dormitorio;1 baño;45 m² útiles;1 dormitorio | 1 baño | 45 m² útiles;Esmeralda 772, Santiago, Centro Histórico De Santiago, Santiago;
2025-11-29 18:03:45;Santiago;departamento;Departamento 1d1b Sector Angamos/marín/lira;84000000;CLP;1 dormitorio;1 baño;36 m² útiles;1 dormitorio | 1 baño | 36 m² útiles;Angamos 339, Santiago, Santa Isabel, Santiago;
2025-11-29 18:03:45;Santiago;departamento;Nataniel Cox;1450;CLF;2 dormitorios;1 baño;32 m² útiles;2 dormitorios | 1 baño | 32 m² útiles;Nataniel Cox 1200, Santiago, Región Metropolitana De Santiago 8320000, Chile, Parque O'Higgins, Santiago;
2025-11-29 18:03:45;Santiago;departamento;Depto Norte Estilo Mariposa 2 D, 2b, Terraza, Bga, Conex Lav;3340;CLF;2 dormitorios;2 baños;57 m² útiles;2 dormitorios | 2 baños | 57 m² útiles;Gral. Jofré 202, Santa Isabel, Santiago;
2025-11-29 18:03:45;Santiago;departamento;Hogares, Vende Cómodo Depto.2d2b + Bodega - Metro Parque O´h;1700;CLF;2 dormitorios;2 baños;45 m² totales;2 dormitorios | 2 baños | 45 m² totales;Coquimbo 1331, Santiago, Región Metropolitana De Santiago 8320000, Chile, Parque Almagro, Santiago;
2025-11-29 18:03:45;Santiago;departamento;Rico Depto 3 D, 2 Baños, Estac, Amplia Cocina Americana.;95000000;CLP;3 dormitorios;2 baños;61 m² útiles;3 dormitorios | 2 baños | 61 m² útiles;Cueto, Barrio Yungay, Santiago;
2025-11-29 18:03:45;Santiago;departamento;Entre Metro República Y Ula, Con Estacionamiento Y Bodega.;2600;CLF;2 dormitorios;2 baños;44 m² útiles;2 dormitorios | 2 baños | 44 m² útiles;Av. España 1 - 300, Santiago, Barrio República, Santiago;
2025-11-29 18:03:45;Santiago;departamento;Departamento En Venta En Parque O'higgins;65000000;CLP;2 dormitorios;1 baño;37 m² útiles;2 dormitorios | 1 baño | 37 m² útiles;San Diego 1473, Depto 1908, Santiago, Parque O'Higgins, Santiago;
2025-11-29 18:03:45;Santiago;departamento;Departamento ¡se Aceptan Ofertas!/portugal;1700;CLF;1 dormitorio;1 baño;22 m² útiles;1 dormitorio | 1 baño | 22 m² útiles;¡SE ACEPTAN OFERTAS!/Portugal, Santiago;
2025-11-29 18:03:45;Santiago;departamento;San Martín 255-huerfanos.antiguo. Muy Amplio.;1500;CLF;1 dormitorio;2 baños;45 m² útiles;1 dormitorio | 2 baños | 45 m² útiles;San Martín 255, Santiago, Centro Histórico De Santiago, Santiago;
2025-11-29 18:03:45;Santiago;departamento;En Venta Depto 2d1b | Eyzaguirre | Metro Parque Almagro ;2500;CLF;2 dormitorios;1 baño;40 m² útiles;2 dormitorios | 1 baño | 40 m² útiles;CALLE EYZAGUIRRE 782 - METRO PARQUE ALMAGRO, San Diego, Santiago;
2025-11-29 18:03:45;Santiago;departamento;Departamento En Venta En Ejército - Toesca Con Terraza;1780;CLF;1 dormitorio;1 baño;37 m² útiles;1 dormitorio | 1 baño | 37 m² útiles;Avenida Ejército Libertador 502, Ejército - Toesca, Santiago;
2025-11-29 18:03:45;Santiago;departamento;Hermoso Departamento En Venta De 3 Dorm 2 Baños. En Santiago;8000;CLF;3 dormitorios;2 baños;103 m² útiles;3 dormitorios | 2 baños | 103 m² útiles;Almirante La Torre /Claudio Gay, Ejército - Toesca, Santiago;
2025-11-29 18:03:45;Santiago;departamento;Departamento Venta Ñuble Con Balcón;2100;CLF;1 dormitorio;1 baño;33 m² útiles;1 dormitorio | 1 baño | 33 m² útiles;Franklin, Santiago, Santiago, RM, Chile, Franklin - Biobío, Santiago;
2025-11-29 18:03:45;Santiago;departamento;Departamento ¡se Aceptan Ofertas!/plaza De Armas;2790;CLF;3 dormitorios;2 baños;80 m² útiles;3 dormitorios | 2 baños | 80 m² útiles;¡SE ACEPTAN OFERTAS!/Plaza De Armas, Centro Histórico De Santiago, Santiago;
2025-11-29 18:03:45;Santiago;departamento;Departamento ¡precio Rebajado!/serrano;2900;CLF;2 dormitorios;2 baños;54 m² útiles;2 dormitorios | 2 baños | 54 m² útiles;¡PRECIO REBAJADO!/Serrano, Bulnes, Santiago;
2025-11-29 18:03:45;Santiago;departamento;Departamento Oportunidad Unica! Abate Molina/av. Blanco Enca;2190;CLF;1 dormitorio;1 baño;31 m² útiles;1 dormitorio | 1 baño | 31 m² útiles;OPORTUNIDAD UNICA! Abate Molina/Av. Blanco Encalada, Meiggs, Santiago;
2025-11-29 18:03:45;Santiago;departamento;Departamento ¡se Aceptan Ofertas!/metro Ñuble;2490;CLF;1 dormitorio;1 baño;35 m² útiles;1 dormitorio | 1 baño | 35 m² útiles;¡SE ACEPTAN OFERTAS!/Metro Ñuble, Bogotá - Sierra Bella, Santiago;
2025-11-29 18:03:45;Santiago;departamento;Cercano A Estación De Metro Parque De Almagro. Con Bodega.;2200;CLF;1 dormitorio;1 baño;32 m² útiles;1 dormitorio | 1 baño | 32 m² útiles;Carmen 566, Santiago, Chile, Santa Isabel, Santiago;
2025-11-29 18:03:45;Santiago;departamento;Departamento ¡oportunidad!/metro Santa Ana;2100;CLF;1 dormitorio;1 baño;34 m² útiles;1 dormitorio | 1 baño | 34 m² útiles;¡OPORTUNIDAD!/Metro Santa Ana, Barrio Brasil, Santiago;
2025-11-29 18:03:45;Santiago;departamento;Se Vende Lindo Depto Sector Lira-santa Isabel;1750;CLF;1 dormitorio;1 baño;32 m² útiles;1 dormitorio | 1 baño | 32 m² útiles;SE VENDE LINDO DEPTO SECTOR LIRA-SANTA ISABEL, Santa Isabel, Santiago;
2025-11-29 18:03:45;Santiago;departamento;Departamento ¡oferta!/metro Ñuble;3990;CLF;2 dormitorios;2 baños;58 m² útiles;2 dormitorios | 2 baños | 58 m² útiles;¡OFERTA!/Metro Ñuble, Santiago;
2025-11-29 18:03:45;Santiago;departamento;Departamento Santa Victoria/san Isidro;2900;CLF;2 dormitorios;2 baños;54 m² útiles;2 dormitorios | 2 baños | 54 m² útiles;Santa Victoria/San Isidro, Santa Isabel, Santiago;
2025-11-29 18:03:45;Santiago;departamento;Marcoleta 545. Metro Sta Lucia. Edificio 4 Pisos. Amplio.  ;3400;CLF;2 dormitorios;1 baño;63 m² útiles;2 dormitorios | 1 baño | 63 m² útiles;Marcoleta 545, Santiago, Santa Isabel, Santiago;
2025-11-29 18:03:45;Santiago;departamento;Lord Cochrane 298 - Metro Los Heroes - Luminoso - Amplio;3290;CLF;3 dormitorios;2 baños;68 m² útiles;3 dormitorios | 2 baños | 68 m² útiles;Lord Cochrane 298, Santiago, Bulnes, Santiago;
2025-11-29 18:03:45;Santiago;departamento;Departamento Metro Rondizzoni ;82000000;CLP;2 dormitorios;1 baño;52 m² útiles;2 dormitorios | 1 baño | 52 m² útiles;Club Hípico 1535, Santiago, Club Hípico, Santiago;
2025-11-29 18:03:45;Santiago;departamento;Dpto. Remodelado 4d 2b    Santiago;3715;CLF;4 dormitorios;2 baños;86 m² útiles;4 dormitorios | 2 baños | 86 m² útiles;Arauco, 900 - 1200, Franklin - Biobío, Santiago;
2025-11-29 18:03:45;Santiago;departamento;¡una Joyita De Departamento Con 2 Dormitorios Y Un Baño!;2370;CLF;2 dormitorios;1 baño;43 m² útiles;2 dormitorios | 1 baño | 43 m² útiles;Lord Cochrane 252, Santiago, Bulnes, Santiago;
2025-11-29 18:04:05;Santiago;departamento;Venta Departamento  Vicuña Mackenna -metro Ñuble;2323;CLF;2 dormitorios;1 baño;37 m² útiles;2 dormitorios | 1 baño | 37 m² útiles;Av. Vicuña Mackenna 1725, Santiago, Chile, Bogotá - Sierra Bella, Santiago;
2025-11-29 18:04:05;Santiago;departamento;Se Vende Depto 1d|1b - Metro Santa Lucia ;1950;CLF;1 dormitorio;1 baño;35 m² útiles;1 dormitorio | 1 baño | 35 m² útiles;DEPARTAMENTO CURICO 424 METRO SANTA LUCIA, Santa Isabel, Santiago;
2025-11-29 18:04:05;Santiago;departamento;Departamento En Venta -el Mejor Precio- Metro Moneda;2900;CLF;2 dormitorios;2 baños;56 m² útiles;2 dormitorios | 2 baños | 56 m² útiles;Lord Cochrane 298, Santiago, Chile, Bulnes, Santiago;
2025-11-29 18:04:05;Santiago;departamento;Remodelado 2d 2b Con Terraza  Santiago Centro;2592;CLF;2 dormitorios;2 baños;57 m² útiles;2 dormitorios | 2 baños | 57 m² útiles;Arauco, 900 - 1200, Franklin - Biobío, Santiago;
2025-11-29 18:04:05;Santiago;departamento;En Venta Departamento 1d1b | Metro Parque Santa Lucia;1650;CLF;1 dormitorio;1 baño;29 m² útiles;1 dormitorio | 1 baño | 29 m² útiles;SAN FRANCISCO/ELEUTERIO RAMIREZ, Bulnes, Santiago;
2025-11-29 18:04:05;Santiago;departamento;Calle  En Santa Isabel 489 Con Carmen Santiago;1900;CLF;1 dormitorio;1 baño;30 m² útiles;1 dormitorio | 1 baño | 30 m² útiles;CALLE  EN SANTA ISABEL 489 CON CARMEN SANTIAGO, Santa Isabel, Santiago;
2025-11-29 18:04:05;Santiago;departamento;Venta Departamento-metro Parque Almagro -sta Isabel-sn Fco.;1890;CLF;1 dormitorio;1 baño;32 m² útiles;1 dormitorio | 1 baño | 32 m² útiles;Avenida Santa Isabel 765, Santiago, Chile, San Diego, Santiago;
2025-11-29 18:04:05;Santiago;departamento;Departamento En Venta En Barrio Republica;3100;CLF;2 dormitorios;2 baños;45 m² útiles;2 dormitorios | 2 baños | 45 m² útiles;Sazié 2054, Ejército - Toesca, Santiago;
2025-11-29 18:04:05;Santiago;departamento;Departamento 1d+1b + Bod |metro Matta ;1980;CLF;1 dormitorio;1 baño;33 m² útiles;1 dormitorio | 1 baño | 33 m² útiles;AVENIDA MATTA 747 - METRO MATTA LINEA 3, San Diego, Santiago;
2025-11-29 18:04:05;Santiago;departamento;Departamento En Venta En Santiago Centro;1900;CLF;1 dormitorio;1 baño;29 m² útiles;1 dormitorio | 1 baño | 29 m² útiles;DEPARTAMENTO EN VENTA EN SANTIAGO CENTRO, Centro Histórico De Santiago, Santiago;
2025-11-29 18:04:05;Santiago;departamento;General Mackenna 1555- 2d+2b+e+bodg;3500;CLF;2 dormitorios;2 baños;52 m² útiles;2 dormitorios | 2 baños | 52 m² útiles;GENERAL MACKENNA 1555- 2D+2B+E+BODG, Centro Histórico De Santiago, Santiago;
2025-11-29 18:04:05;Santiago;departamento;Depto 2d/1b En San Pablo 1825 A Pasos Del Centro;2000;CLF;2 dormitorios;1 baño;45 m² útiles;2 dormitorios | 1 baño | 45 m² útiles;San Pablo 1825, Depto L-404, Santiago, Chile, Parque Los Reyes, Santiago;
2025-11-29 18:04:05;Santiago;departamento;Una Gran Inversión En El Centro De Santiago;2980;CLF;2 dormitorios;1 baño;50 m² útiles;2 dormitorios | 1 baño | 50 m² útiles;San Isidro 250, Santiago, Chile, Santa Isabel, Santiago;
2025-11-29 18:04:05;Santiago;departamento;Departamento ¡se Aceptan Ofertas!/metro Parque Almagro;2600;CLF;2 dormitorios;1 baño;47 m² útiles;2 dormitorios | 1 baño | 47 m² útiles;¡SE ACEPTAN OFERTAS!/Metro Parque Almagro, Parque Almagro, Santiago;
2025-11-29 18:04:05;Santiago;departamento;Metro Parque Ohiggins;2150;CLF;1 dormitorio;1 baño;42 m² útiles;1 dormitorio | 1 baño | 42 m² útiles;METRO PARQUE OHIGGINS, Parque Almagro, Santiago;
2025-11-29 18:04:05;Santiago;departamento;Calle San Martin 870 Metro Santa Ana ;2100;CLF;2 dormitorios;1 baño;48 m² útiles;2 dormitorios | 1 baño | 48 m² útiles;CALLE SAN MARTIN 870 METRO SANTA ANA, Centro Histórico De Santiago, Santiago;
2025-11-29 18:04:05;Santiago;departamento;Departamento En Venta | Centro Historico | Santiago Centro;2080;CLF;1 dormitorio;1 baño;38 m² útiles;1 dormitorio | 1 baño | 38 m² útiles;CALLE MORANDE 857 - SANTIAGO CENTRO, Centro Histórico De Santiago, Santiago;
2025-11-29 18:04:05;Santiago;departamento;Hermoso Y Nuevo Departamento En Venta De 2 Dorm. En Santiago;4637;CLF;2 dormitorios;2 baños;58 m² útiles;2 dormitorios | 2 baños | 58 m² útiles;San Martín, Centro Histórico De Santiago, Santiago;
2025-11-29 18:04:05;Santiago;departamento;Departamento Santa Elena  1722 Metro Ñuble ;2150;CLF;2 dormitorios;1 baño;38 m² útiles;2 dormitorios | 1 baño | 38 m² útiles;DEPARTAMENTO SANTA ELENA  1722 METRO ÑUBLE, Bogotá - Sierra Bella, Santiago;
2025-11-29 18:04:05;Santiago;departamento;Dpto. Remodelado 3d 2b Con Balcón   Santiago;3931;CLF;3 dormitorios;2 baños;89 m² útiles;3 dormitorios | 2 baños | 89 m² útiles;Arauco, 900 - 1200, Franklin - Biobío, Santiago;
2025-11-29 18:04:05;Santiago;departamento;Venta Departamento A Pasos Metro Rondizzoni-franklin;2150;CLF;1 dormitorio;1 baño;30 m² útiles;1 dormitorio | 1 baño | 30 m² útiles;General Gana 1063, Santiago, Chile, Franklin - Biobío, Santiago;
2025-11-29 18:04:05;Santiago;departamento;Departamento En Venta En Portugal Con Terraza;3200;CLF;2 dormitorios;2 baños;70 m² útiles;2 dormitorios | 2 baños | 70 m² útiles;Portugal 553, Santiago, Santa Isabel, Santiago;
2025-11-29 18:04:05;Santiago;departamento;Metro Matta/ Calle Santa Rosa;1950;CLF;1 dormitorio;1 baño;30 m² útiles;1 dormitorio | 1 baño | 30 m² útiles;METRO MATTA/ CALLE SANTA ROSA, San Diego, Santiago;
2025-11-29 18:04:05;Santiago;departamento;Carmen 1153 - Metro Matta;1700;CLF;1 dormitorio;1 baño;28 m² útiles;1 dormitorio | 1 baño | 28 m² útiles;CARMEN 1153 - METRO MATTA, Bogotá - Sierra Bella, Santiago;
2025-11-29 18:04:05;Santiago;departamento;Carmen/argomedo 1 Dormitorio + Bodega;1900;CLF;1 dormitorio;1 baño;32 m² útiles;1 dormitorio | 1 baño | 32 m² útiles;CARMEN/ARGOMEDO 1 DORMITORIO + BODEGA, Santa Isabel, Santiago;
2025-11-29 18:04:05;Santiago;departamento;Atención ! Departamento Metro Matta Bajo Precio De Tasación;100000000;CLP;2 dormitorios;2 baños;54 m² útiles;2 dormitorios | 2 baños | 54 m² útiles;Av. Sta. Rosa 991, Santiago, San Diego, Santiago;
2025-11-29 18:04:05;Santiago;departamento;Departamento En Venta En Parque Los Reyes Piscina;2600;CLF;2 dormitorios;2 baños;57 m² útiles;2 dormitorios | 2 baños | 57 m² útiles;Av. Pdte. Balmaceda, Santiago, Parque Los Reyes, Santiago;
2025-11-29 18:04:05;Santiago;departamento;Departamento En Venta | Metro P Ohiggins | 1d1b + Est;2200;CLF;1 dormitorio;1 baño;34 m² útiles;1 dormitorio | 1 baño | 34 m² útiles;EN VENTA DEPTO + ESTACIONAMIENTO NATANIEL COX, Parque O'Higgins, Santiago;
2025-11-29 18:04:05;Santiago;departamento;Hermoso Depto. Excelente Ubicación;69990000;CLP;1 dormitorio;1 baño;35 m² útiles;1 dormitorio | 1 baño | 35 m² útiles;Eleuterio Ramírez 875, Santiago, Bulnes, Santiago;
2025-11-29 18:04:05;Santiago;departamento;Deptos Nuevos Metro Irarrazaval, A Pasos De Barrio Italia;5084;CLF;2 dormitorios;1 baño;53 m² útiles;2 dormitorios | 1 baño | 53 m² útiles;Vicuña Mackenna/Irarrazaval, Barrio Diez De Julio, Santiago;
2025-11-29 18:04:05;Santiago;departamento;Deptos Nuevos Metro Irarrazaval, A Pasos De Barrio Italia;4075;CLF;2 dormitorios;1 baño;43 m² útiles;2 dormitorios | 1 baño | 43 m² útiles;Vicuña Mackenna/Irarrazaval, Barrio Diez De Julio, Santiago;
2025-11-29 18:04:05;Santiago;departamento;Departamento ¡oferta!/metro Parque O'higgins;85000000;CLP;2 dormitorios;1 baño;72 m² útiles;2 dormitorios | 1 baño | 72 m² útiles;¡OFERTA!/Metro Parque O'higgins, Parque O'Higgins, Santiago;
2025-11-29 18:04:05;Santiago;departamento;Dpto.en Venta De 1 Dorm. Cocina Americana Full Conectividad;3000;CLF;1 dormitorio;1 baño;39 m² útiles;1 dormitorio | 1 baño | 39 m² útiles;Vicuña Mackenna Diagonal Paraguay, Barrio San Borja, Santiago;
2025-11-29 18:04:05;Santiago;departamento;Departamento En Venta En Irarrazaval Con Piscina;2900;CLF;2 dormitorios;2 baños;44 m² útiles;2 dormitorios | 2 baños | 44 m² útiles;Av. Vicuña Mackenna 601, Providencia, Santiago, Santa Isabel, Santiago;
2025-11-29 18:04:05;Santiago;departamento;Depto 2d/1b A Pasos De Metro Moneda En Lord Cochrane 209;2153;CLF;2 dormitorios;1 baño;42 m² útiles;2 dormitorios | 1 baño | 42 m² útiles;Lord Cochrane 209, Dieciocho, Santiago;
2025-11-29 18:04:05;Santiago;departamento;Depto 3d/2b En Excelente Boulevard Aulen, Metro Moneda;4350;CLF;3 dormitorios;2 baños;75 m² útiles;3 dormitorios | 2 baños | 75 m² útiles;Nueva San Martin 1490, Centro Histórico De Santiago, Santiago;
2025-11-29 18:04:05;Santiago;departamento;Dpto Remodelado 3d 2b Con Balcón  Santiago;3953;CLF;3 dormitorios;2 baños;89 m² útiles;3 dormitorios | 2 baños | 89 m² útiles;Arauco, 900 - 1200, Franklin - Biobío, Santiago;
2025-11-29 18:04:05;Santiago;departamento;En Venta Depto 1d+1b | Metro Irarrazabal | Santiago;1950;CLF;1 dormitorio;1 baño;32 m² útiles;1 dormitorio | 1 baño | 32 m² útiles;DEPARTAMENTO EN SANTA ELENA 840- METRO IRARRAZAVAL, Barrio Diez De Julio, Santiago;
2025-11-29 18:04:05;Santiago;departamento;Vichuquen 443 (marin 440)-primer Piso-amplio Studio;63000000;CLP;1 dormitorio;1 baño;38 m² útiles;1 dormitorio | 1 baño | 38 m² útiles;Marín 440, Santiago, Santa Isabel, Santiago;
2025-11-29 18:04:05;Santiago;departamento;Venta Depto 2d2b | Santa Isabel | Metro Parque Almagro ;2220;CLF;2 dormitorios;2 baños;51 m² útiles;2 dormitorios | 2 baños | 51 m² útiles;CALLE SANTA ISABEL 765 METROS LINEA 1 Y  LINEA 3, San Diego, Santiago;
2025-11-29 18:04:05;Santiago;departamento;Vichuquen 443-primer Piso-acceso Independiente;68000000;CLP;1 dormitorio;1 baño;42 m² útiles;1 dormitorio | 1 baño | 42 m² útiles;Marín 440, Santiago, Santa Isabel, Santiago;
2025-11-29 18:04:05;Santiago;departamento;Metro A La Puerta, Espectacular Vista, Confortable Y Seguro;2500;CLF;2 dormitorios;2 baños;54 m² útiles;2 dormitorios | 2 baños | 54 m² útiles;Bandera 898, Santiago, Centro Histórico De Santiago, Santiago;
2025-11-29 18:04:05;Santiago;departamento;Dpto. Remodelado 4d 2b Con Balcón   Santiago;3910;CLF;4 dormitorios;2 baños;89 m² útiles;4 dormitorios | 2 baños | 89 m² útiles;Arauco, 900 - 1200, Franklin - Biobío, Santiago;
2025-11-29 18:04:05;Santiago;departamento;En Venta Depto 2d1b | Metro Parque Almagro | Lord Cochrane;2250;CLF;2 dormitorios;1 baño;44 m² útiles;2 dormitorios | 1 baño | 44 m² útiles;CALLE LORD COCHRANE 277- METRO MONEDA, Bulnes, Santiago;
2025-11-29 18:04:05;Santiago;departamento;Excelente Estudio En Bellas Artes;1750;CLF;1 dormitorio;1 baño;25 m² útiles;1 dormitorio | 1 baño | 25 m² útiles;Santo Domingo 300 - 600, Santiago, Centro Histórico De Santiago, Santiago;
2025-11-29 18:04:05;Santiago;departamento;En Venta 1d+1b Amplio Dpto. Av.portugal/sta. Isabel;1600;CLF;1 dormitorio;1 baño;32 m² útiles;1 dormitorio | 1 baño | 32 m² útiles;PORTUGAL CON SANTA ISABEL COMUNA DE SANTIAGO, Santa Isabel, Santiago;
2025-11-29 18:04:05;Santiago;departamento;Departamento Avda España - Santiago Centro;2750;CLF;2 dormitorios;2 baños;44 m² útiles;2 dormitorios | 2 baños | 44 m² útiles;Avenida España, 300 - 600, Barrio República, Santiago;
2025-11-29 18:04:05;Santiago;departamento;Departamento En Venta De 2 Dorm. En Santiago;3400;CLF;2 dormitorios;2 baños;50 m² útiles;2 dormitorios | 2 baños | 50 m² útiles;Portugal / Argomedo, Santiago;
2025-11-29 18:04:42;Santiago;departamento; Tu Nuevo Hogar En Club Hípico, Santiago ;2290;CLF;3 dormitorios;2 baños;61 m² útiles;3 dormitorios | 2 baños | 61 m² útiles;Avenida Club Hipíco, 1240, Santiago;
2025-11-29 18:04:42;Santiago;departamento;Departamento En Venta En Santiago;2050;CLF;1 dormitorio;1 baño;30 m² útiles;1 dormitorio | 1 baño | 30 m² útiles;Mario Kreutzberger/Metro Santa Ana SEMINUEVO, Centro Histórico De Santiago, Santiago;
2025-11-29 18:04:42;Santiago;departamento;Departamento En Venta En Merced Parque Forestal Terraza;14528;CLF;6 dormitorios;7 baños;304 m² útiles;6 dormitorios | 7 baños | 304 m² útiles;Merced 106, Santiago, Chile, Barrio Lastarria, Santiago;
2025-11-29 18:04:42;Santiago;departamento;Departamento En Venta De 5 Dorm. En Santiago;7218;CLF;5 dormitorios;3 baños;160 m² útiles;5 dormitorios | 3 baños | 160 m² útiles;Metro Santa Lucia / Biblioteca Nacional, Centro Histórico De Santiago, Santiago;
2025-11-29 18:04:42;Santiago;departamento;¡moderno Dpto. En Santiago: 2d/2b, Piscina Y Más!;2690;CLF;2 dormitorios;2 baños;55 m² útiles;2 dormitorios | 2 baños | 55 m² útiles;Av Vicuña Mackena, 625, Santa Isabel, Santiago;
2025-11-29 18:04:42;Santiago;departamento; Tu Refugio Moderno En Santiago: 2 D Y 2 B ;3699;CLF;2 dormitorios;2 baños;64 m² útiles;2 dormitorios | 2 baños | 64 m² útiles;Agustinas, 1612, Centro Histórico De Santiago, Santiago;
2025-11-29 18:04:42;Santiago;departamento;Venta Depto Santiago Centro, Estilo Mariposa, 2 Estac.;2250;CLF;2 dormitorios;1 baño;46 m² útiles;2 dormitorios | 1 baño | 46 m² útiles;Venta Dpto Estilo Mariposa SANTIAGO CENTRO, Parque O'Higgins, Santiago;
2025-11-29 18:04:42;Santiago;departamento;Sazie, Av. España;1950;CLF;1 dormitorio;1 baño;26 m² útiles;1 dormitorio | 1 baño | 26 m² útiles;SAZIE, AV. ESPAÑA, Barrio República, Santiago;
2025-11-29 18:04:42;Santiago;departamento;Parque Forestal, Metro, Monjitas;2200;CLF;1 dormitorio;1 baño;34 m² útiles;1 dormitorio | 1 baño | 34 m² útiles;PARQUE FORESTAL, METRO, MONJITAS, Centro Histórico De Santiago, Santiago;
2025-11-29 18:04:42;Santiago;departamento;Depto En Venta San Isidro Metro Sta Lucia;2390;CLF;2 dormitorios;2 baños;52 m² útiles;2 dormitorios | 2 baños | 52 m² útiles;San Isidro, 292, Santa Isabel, Santiago;
2025-11-29 18:04:42;Santiago;departamento;Oportunidad 1d+1est  Stgo Centro;2490;CLF;1 dormitorio;1 baño;46 m² útiles;1 dormitorio | 1 baño | 46 m² útiles;San Pablo, 1200 - 1500, Centro Histórico De Santiago, Santiago;
2025-11-29 18:04:42;Santiago;departamento;Sazie, Av. España;1900;CLF;1 dormitorio;1 baño;26 m² útiles;1 dormitorio | 1 baño | 26 m² útiles;SAZIE, AV. ESPAÑA, Barrio República, Santiago;
2025-11-29 18:04:42;Santiago;departamento;¡¡¡¡oportunidad Santiago 2d+bd!!!!;1990;CLF;2 dormitorios;1 baño;45 m² útiles;2 dormitorios | 1 baño | 45 m² útiles;Coquimbo, 600 - 900, San Diego, Santiago;
2025-11-29 18:04:42;Santiago;departamento;Oportunidad Depto. Studio En Vta. Tocornal /financia 90%;1901;CLF;1 dormitorio;1 baño;30 m² útiles;1 dormitorio | 1 baño | 30 m² útiles;Manuel Antonio Tocornal 588, Santiago, Santa Isabel, Santiago;
2025-11-29 18:04:42;Santiago;departamento;Departamento En Santiago;1929;CLF;2 dormitorios;1 baño;38 m² útiles;2 dormitorios | 1 baño | 38 m² útiles;Zenteno / Victoria, Parque O'Higgins, Santiago;
2025-11-29 18:04:42;Santiago;departamento;Oportunidad Dpto. En Venta M. Kreutzberger/ Metro Santa Ana;1715;CLF;1 dormitorio;1 baño;28 m² útiles;1 dormitorio | 1 baño | 28 m² útiles;Mario Kreutzberger 1520, Santiago, Centro Histórico De Santiago, Santiago;
2025-11-29 18:04:42;Santiago;departamento;Departamento En Venta - No Paga Contribuciones- En Santiago;1929;CLF;2 dormitorios;1 baño;38 m² útiles;2 dormitorios | 1 baño | 38 m² útiles;Zenteno / Victoria, Parque O'Higgins, Santiago;
2025-11-29 18:04:42;Santiago;departamento;Departamento En Venta En Santiago;1929;CLF;2 dormitorios;1 baño;38 m² útiles;2 dormitorios | 1 baño | 38 m² útiles;Zenteno / Victoria, Parque O'Higgins, Santiago;
2025-11-29 18:04:42;Santiago;departamento;Departamento En Venta De 2 Dorm. En Santiago;1929;CLF;2 dormitorios;1 baño;38 m² útiles;2 dormitorios | 1 baño | 38 m² útiles;Zenteno / Victoria, Parque O'Higgins, Santiago;
2025-11-29 18:04:42;Santiago;departamento;Departamento En Venta En Santiago;2450;CLF;1 dormitorio;1 baño;38 m² útiles;1 dormitorio | 1 baño | 38 m² útiles;Santa Isabel / Santa Rosa, Santiago;
2025-11-29 18:04:42;Santiago;departamento;Departamento En Venta De 1 Dorm. En Santiago;1680;CLF;1 dormitorio;1 baño;27 m² útiles;1 dormitorio | 1 baño | 27 m² útiles;Dpto Venta Manuel Rodriguez / General Mackenna, Centro Histórico De Santiago, Santiago;
2025-11-29 18:04:42;Santiago;departamento;Lord Cocharne, Victoria, 1d 1b 1e 1b;1500;CLF;1 dormitorio;1 baño;25 m² útiles;1 dormitorio | 1 baño | 25 m² útiles;LORD COCHARNE, VICTORIA, 1D 1B 1E 1B, Parque O'Higgins, Santiago;
2025-11-29 18:04:42;Santiago;departamento;Se Vende Iluminado Y Amplio Departamento;5800;CLF;3 dormitorios;3 baños;107 m² útiles;3 dormitorios | 3 baños | 107 m² útiles;Santo Domingo 1355, Centro Histórico De Santiago, Santiago;
2025-11-29 18:04:42;Santiago;departamento;Av. España, Toesca, Metro, Barrio Universitario;1950;CLF;1 dormitorio;1 baño;38 m² útiles;1 dormitorio | 1 baño | 38 m² útiles;AV. ESPAÑA, TOESCA, METRO, BARRIO UNIVERSITARIO, Barrio República, Santiago;
2025-11-29 18:04:42;Santiago;departamento;Lindo Depto A Pasos De Metro Santa Ana Y Cal Y Canto;3450;CLF;3 dormitorios;2 baños;60 m² útiles;3 dormitorios | 2 baños | 60 m² útiles;San Martín 841, Santiago, Centro Histórico De Santiago, Santiago;
2025-11-29 18:04:42;Santiago;departamento;Departamento En Venta En Parque Los Reyes, Santiago;1985;CLF;2 dormitorios;1 baño;46 m² útiles;2 dormitorios | 1 baño | 46 m² útiles;San Pablo 1825, Parque Los Reyes, Santiago;
2025-11-29 18:04:42;Santiago;departamento;Casi Nuevo !!! Rosas / Teatinos;2650;CLF;1 dormitorio;1 baño;36 m² útiles;1 dormitorio | 1 baño | 36 m² útiles;Rosas 1220, Santiago, Centro Histórico De Santiago, Santiago;
2025-11-29 18:04:42;Santiago;departamento;Santiago Centro, Sanzie, Metro Republica;1980;CLF;1 dormitorio;1 baño;35 m² útiles;1 dormitorio | 1 baño | 35 m² útiles;SANTIGO CENTRO, SAZIE, METRO REPUBLICA, Barrio República, Santiago;
2025-11-29 18:04:42;Santiago;departamento;Urban Oasis In Santiago: 2br, Pool & Balconies;2300;CLF;2 dormitorios;2 baños;44 m² útiles;2 dormitorios | 2 baños | 44 m² útiles;Avenida España, 300 - 600, Barrio República, Santiago;
2025-11-29 18:04:42;Santiago;departamento;San Isidro, Santa Isabel, 2d 2b 1e 1b;2900;CLF;2 dormitorios;2 baños;45 m² útiles;2 dormitorios | 2 baños | 45 m² útiles;SAN ISIDRO, SANTA ISABEL, 2D 2B 1E 1B, Santa Isabel, Santiago;
2025-11-29 18:04:42;Santiago;departamento;Vicuña Mackenna, Metro Ñuble;2310;CLF;1 dormitorio;1 baño;37 m² útiles;1 dormitorio | 1 baño | 37 m² útiles;VICUÑA MACKENNA, METRO ÑUBLE, Bogotá - Sierra Bella, Santiago;
2025-11-29 18:04:42;Santiago;departamento;Santo Domingo/ Metro Santa Ana;3300;CLF;1 dormitorio;2 baños;50 m² útiles;1 dormitorio | 2 baños | 50 m² útiles;SANTO DOMINGO / METRO SANTA ANA, Centro Histórico De Santiago, Santiago;
2025-11-29 18:04:42;Santiago;departamento;Departamento En Venta En Diez De Julio;1400;CLF;1 dormitorio;1 baño;29 m² útiles;1 dormitorio | 1 baño | 29 m² útiles;San Isidro / 10 De Julio, Barrio Diez De Julio, Santiago;
2025-11-29 18:04:42;Santiago;departamento;"Sazie / 2 Dorm &#43; 2 Baños";3030;CLF;2 dormitorios;2 baños;57 m² útiles;2 dormitorios | 2 baños | 57 m² útiles;"Sazie / 2Dorm &#43;2Baños, Ejército - Toesca, Santiago";
2025-11-29 18:04:42;Santiago;departamento;Departamento En Venta En Ejército - Toesca;2195;CLF;1 dormitorio;1 baño;40 m² útiles;1 dormitorio | 1 baño | 40 m² útiles;"Sazie / 1D &#43;1B / Piso 8, Ejército - Toesca, Santiago";
2025-11-29 18:04:42;Santiago;departamento;Parque O'higgins;3800;CLF;3 dormitorios;2 baños;78 m² útiles;3 dormitorios | 2 baños | 78 m² útiles;Beaucheff 1325, Parque O'Higgins, Santiago;
2025-11-29 18:04:42;Santiago;departamento;Departamento En Arriendo De 1 Dorm. En Santiago;1980;CLF;1 dormitorio;1 baño;29 m² útiles;1 dormitorio | 1 baño | 29 m² útiles;José Victorino Lastarrias, Barrio Lastarria, Santiago;
2025-11-29 18:04:42;Santiago;departamento;¡nuevo! 1d/1b  A Pasos Del Metro Santa Ana;2590;CLF;1 dormitorio;1 baño;33 m² útiles;1 dormitorio | 1 baño | 33 m² útiles;Compañía De Jesús 1703, 0, Barrio Brasil, Santiago;
2025-11-29 18:04:42;Santiago;departamento;Parque Forestal, Metro, Monjitas;2195;CLF;1 dormitorio;1 baño;34 m² útiles;1 dormitorio | 1 baño | 34 m² útiles;PARQUE FORESTAL, METRO, MONJITAS, Centro Histórico De Santiago, Santiago;
2025-11-29 18:04:42;Santiago;departamento;2 Balcones Y Cocina Indep. Santa Lucía;3199;CLF;2 dormitorios;2 baños;59 m² útiles;2 dormitorios | 2 baños | 59 m² útiles;Santa Rosa 146, 1 - 300, Santa Isabel, Santiago;
2025-11-29 18:04:42;Santiago;departamento;¡dpto En Santiago Centro 1d+1b+1bd!;1690;CLF;1 dormitorio;1 baño;32 m² útiles;1 dormitorio | 1 baño | 32 m² útiles;Santa Victoria/Lira, 1 - 300, Santa Isabel, Santiago;
2025-11-29 18:04:42;Santiago;departamento;Metro Matta 2dorm 1b 1estac 1 Bod Piscina;1990;CLF;2 dormitorios;1 baño;40 m² útiles;2 dormitorios | 1 baño | 40 m² útiles;Matta/Carmen, 300 - 600, Bogotá - Sierra Bella, Santiago;
2025-11-29 18:04:42;Santiago;departamento;¡oportunidad Única 2d+bd Stgo!;2390;CLF;2 dormitorios;1 baño;41 m² útiles;2 dormitorios | 1 baño | 41 m² útiles;Avenida Blanco Encalada, 1800 - 2100, Ejército - Toesca, Santiago;
2025-11-29 18:04:42;Santiago;departamento;Maravilloso Dpto 2d+2b+estac+bd Santiago;2790;CLF;2 dormitorios;2 baños;59 m² útiles;2 dormitorios | 2 baños | 59 m² útiles;Dieciocho, 1 - 300, Parque Almagro, Santiago;
2025-11-29 18:04:42;Santiago;departamento;Se Vende Esplendido Departamento Santo Domingo 1355.;5800;CLF;3 dormitorios;3 baños;107 m² útiles;3 dormitorios | 3 baños | 107 m² útiles;Santo Domingo 1355, Centro Histórico De Santiago, Santiago;
2025-11-29 18:04:42;Santiago;departamento;Sto Domingo Piso 22/ Oportunidad / 1 D- 2 B / 1 Est- 1 Bod;2150;CLF;1 dormitorio;2 baños;50 m² útiles;1 dormitorio | 2 baños | 50 m² útiles;STO DOMINGO PISO 22 / OPORTUNIDAD / 1 D- 2 B / 1 Est- 1 Bod, Centro Histórico De Santiago, Santiago;
2025-11-29 18:04:42;Santiago;departamento;Se Vende Amplio, Cogedor Y Hermoso Departamento;5800;CLF;3 dormitorios;3 baños;107 m² útiles;3 dormitorios | 3 baños | 107 m² útiles;Santo Domingo 1355, Centro Histórico De Santiago, Santiago;
2025-11-29 18:04:42;Santiago;departamento;Oportunidad Única Excelente Conectividad Plusvalía;3590;CLF;2 dormitorios;2 baños;68 m² útiles;2 dormitorios | 2 baños | 68 m² útiles;Santo Domingo, 1200 - 1500, Centro Histórico De Santiago, Santiago;
2025-11-29 18:05:43;Santiago;departamento;Lindo Depto En Venta En Argomedo Con Portugal Todo Incluido;2000;CLF;1 dormitorio;1 baño;35 m² útiles;1 dormitorio | 1 baño | 35 m² útiles;Argomedo 321, Santiago, Chile, Santa Isabel, Santiago;
2025-11-29 18:05:43;Santiago;departamento;Inversión En Santiago Centro Arriendo Asegurado;1050;CLF;1 dormitorio;1 baño;20 m² útiles;1 dormitorio | 1 baño | 20 m² útiles;Eleuterio Ramirez, 600 - 900, San Diego, Santiago;
2025-11-29 18:05:43;Santiago;departamento;Departamento Con Acceso Directo A La Autopista;1450;CLF;1 dormitorio;1 baño;32 m² útiles;1 dormitorio | 1 baño | 32 m² útiles;San Martin/Gral Mackenna, 1 - 300, Centro Histórico De Santiago, Santiago;
2025-11-29 18:05:43;Santiago;departamento;Barrio Universitario Republica, Metro, 1d 1b 1b;1950;CLF;1 dormitorio;1 baño;35 m² útiles;1 dormitorio | 1 baño | 35 m² útiles;BARRIO UNIVERSITARIO REPUBLICA, METRO, 1D 1B 1B, Ejército - Toesca, Santiago;
2025-11-29 18:05:43;Santiago;departamento;Departamento 2d+1b+bodega Céntrico Y Tranquilo;1990;CLF;2 dormitorios;1 baño;45 m² útiles;2 dormitorios | 1 baño | 45 m² útiles;General Mackenna, 1200 - 1500, Centro Histórico De Santiago, Santiago;
2025-11-29 18:05:43;Santiago;departamento;Santa Isabel Metro / Oportunidad / Piso 20 /1d-1b-1est-1bo;1950;CLF;1 dormitorio;1 baño;38 m² útiles;1 dormitorio | 1 baño | 38 m² útiles;SANTA ISABEL METRO / OPORTUNIDAD / PISO 20 /1D-1B-1Est-1Bod, Santa Isabel, Santiago;
2025-11-29 18:05:43;Santiago;departamento;Oportunidad Depto 1d+bd Stgo Centro;1490;CLF;1 dormitorio;1 baño;32 m² útiles;1 dormitorio | 1 baño | 32 m² útiles;Huerfanos, 1200 - 1500, Centro Histórico De Santiago, Santiago;
2025-11-29 18:05:43;Santiago;departamento;¡vive Con Estilo En Santiago!;68000000;CLP;3 dormitorios;1 baño;43 m² útiles;3 dormitorios | 1 baño | 43 m² útiles;San Ignacio De Loyola, 1500 - 1800, Parque O'Higgins, Santiago;
2025-11-29 18:05:43;Santiago;departamento;Depto.  A 2 Cuadras Del Metro U. De Chile;2199;CLF;2 dormitorios;2 baños;55 m² útiles;2 dormitorios | 2 baños | 55 m² útiles;Serrano / Alonso De Ovalle, 1 - 300, Bulnes, Santiago;
2025-11-29 18:05:43;Santiago;departamento;Depto A 3 Cuadras Del Metro Santa Lucía;2499;CLF;2 dormitorios;2 baños;58 m² útiles;2 dormitorios | 2 baños | 58 m² útiles;Metro Santa Lucia, 1 - 300, Santa Isabel, Santiago;
2025-11-29 18:05:43;Santiago;departamento;Oportunidad 1d+bd En Centro De Stgo;1490;CLF;1 dormitorio;1 baño;33 m² útiles;1 dormitorio | 1 baño | 33 m² útiles;Carmen, 1 - 300, Santa Isabel, Santiago;
2025-11-29 18:05:43;Santiago;departamento;Parque Forestal, Bellas Artes, Merced;2100;CLF;1 dormitorio;1 baño;42 m² útiles;1 dormitorio | 1 baño | 42 m² útiles;PARQUE FORESTAL, BELLAS ARTES, MERCED, Centro Histórico De Santiago, Santiago;
2025-11-29 18:05:43;Santiago;departamento;Depto Venta 2dormitorios 1 Baño 1estacio Metro Santa Ana;89000000;CLP;2 dormitorios;1 baño;48 m² totales;2 dormitorios | 1 baño | 48 m² totales;San Pablo Con San Martín, Santiago;
2025-11-29 18:05:43;Santiago;departamento;Cerca Metro Avenida Matta / 1d 1b. En Santiago;1900;CLF;1 dormitorio;1 baño;30 m² útiles;1 dormitorio | 1 baño | 30 m² útiles;Avenida Manuel Antonio Matta / Carmen, Santiago;
2025-11-29 18:05:43;Santiago;departamento;Depto Venta 2dormitorios 1 Baño 1estacion Metro Santa Ana;89000000;CLP;2 dormitorios;1 baño;48 m² totales;2 dormitorios | 1 baño | 48 m² totales;San Pablo Con San Martín, Centro Histórico De Santiago, Santiago;
2025-11-29 18:05:43;Santiago;departamento;Venta Depto De Un Ambiente1d/1b En Santiago Barrio República;1625;CLF;1 dormitorio;1 baño;28 m² útiles;1 dormitorio | 1 baño | 28 m² útiles;Metro Los Heroes, Ejército - Toesca, Santiago;
2025-11-29 18:05:43;Santiago;departamento;Departamento En Venta De 2 Dorm. En Santiago;2000;CLF;2 dormitorios;2 baños;58 m² útiles;2 dormitorios | 2 baños | 58 m² útiles;Parque Los Reyes, Parque Los Reyes, Santiago;
2025-11-29 18:05:43;Santiago;departamento;Departamento En Venta De 1 Dorm. En Santiago;1750;CLF;1 dormitorio;1 baño;34 m² útiles;1 dormitorio | 1 baño | 34 m² útiles;Santo Domingo Con Teatinos, Santiago;
2025-11-29 18:05:43;Santiago;departamento;Departamento En Venta De 2 Dorm. En Santiago;2100;CLF;2 dormitorios;1 baño;46 m² útiles;2 dormitorios | 1 baño | 46 m² útiles;Av. Presidente Balmaceda - Parque De Los Reyes, Parque Los Reyes, Santiago;
2025-11-29 18:05:43;Santiago;departamento;Departamento En Venta De 2 Dorm. En Santiago;2100;CLF;2 dormitorios;1 baño;40 m² útiles;2 dormitorios | 1 baño | 40 m² útiles;Avenida Matta Con Carmen, Bogotá - Sierra Bella, Santiago;
2025-11-29 18:05:43;Santiago;departamento;Departamento En Venta De 2 Dorm. En Santiago;2990;CLF;2 dormitorios;2 baños;60 m² útiles;2 dormitorios | 2 baños | 60 m² útiles;"Metro Parque O&quot;Higgins, Santiago";
2025-11-29 18:05:43;Santiago;departamento;Departamento En Venta De 3 Dorm. En Santiago;2740;CLF;3 dormitorios;2 baños;60 m² útiles;3 dormitorios | 2 baños | 60 m² útiles;Santa Rosa Con Copiapo, Santiago;
2025-11-29 18:05:43;Santiago;departamento;¡inversionistas ! Venta Uf3100 Dpto.1 D En Suite.stgo.centro;3100;CLF;1 dormitorio;1 baño;44 m² útiles;1 dormitorio | 1 baño | 44 m² útiles;Santo Domingo/San Martín, Centro Histórico De Santiago, Santiago;
2025-11-29 18:05:43;Santiago;departamento;Departamento En Venta De 2 Dorm. Mas Estar O Escritorio.;5290;CLF;2 dormitorios;2 baños;81 m² útiles;2 dormitorios | 2 baños | 81 m² útiles;Santo Domingo / Teatinos, Centro Histórico De Santiago, Santiago;
2025-11-29 18:05:43;Santiago;departamento;Departamento En Venta De 1 Dorm. En Santiago;2350;CLF;1 dormitorio;1 baño;34 m² útiles;1 dormitorio | 1 baño | 34 m² útiles;Amunategui Con Rosas, Centro Histórico De Santiago, Santiago;
2025-11-29 18:05:43;Santiago;departamento;Departamento En Venta De 2 Dorm. En Santiago.;1990;CLF;20 dormitorios;1 baño;38 m² útiles;20 dormitorios | 1 baño | 38 m² útiles;"Metro Parque O&quot;Higgins, Parque O'Higgins, Santiago";
2025-11-29 18:05:43;Santiago;departamento;~ Miraflores / Monjitas ~ ;2590;CLF;2 dormitorios;1 baño;42 m² útiles;2 dormitorios | 1 baño | 42 m² útiles;Miraflores 490, Santiago, Centro Histórico De Santiago, Santiago;
2025-11-29 18:05:43;Santiago;departamento;Departamento Para Inversión Con Metro A La Puerta;2500;CLF;2 dormitorios;2 baños;47 m² totales;2 dormitorios | 2 baños | 47 m² totales;Centro Histórico De Santiago, Santiago;
2025-11-29 18:05:43;Santiago;departamento;Departamento En Venta En Santiago;4900;CLF;3 dormitorios;2 baños;80 m² útiles;3 dormitorios | 2 baños | 80 m² útiles;Avenida España / Univ. Andrés Bello, Barrio República, Santiago;
2025-11-29 18:05:43;Santiago;departamento;Departamento En Venta De 2 Dorm. En Santiago;2370;CLF;2 dormitorios;2 baños;57 m² útiles;2 dormitorios | 2 baños | 57 m² útiles;Morandé / Santo Domingo, Centro Histórico De Santiago, Santiago;
2025-11-29 18:05:43;Santiago;departamento;Departamento En Venta De 6 Dorm. En Santiago;235000000;CLP;6 dormitorios;4 baños;209 m² útiles;6 dormitorios | 4 baños | 209 m² útiles;Paseo Bulnes / Eleuterio Ramirez, Parque Almagro, Santiago;
2025-11-29 18:05:43;Santiago;departamento;Blanco Encalada Depto 1d + 1b A Pasos Del Parque Ohiggins;1850;CLF;1 dormitorio;1 baño;32 m² totales;1 dormitorio | 1 baño | 32 m² totales;Blanco Encalada Con José Miguel Carrera, Ejército - Toesca, Santiago;
2025-11-29 18:05:43;Santiago;departamento;Estilo Mariposa Estacionamiento Y Bodega / Metro Irarrazaval;4100;CLF;2 dormitorios;2 baños;51 m² útiles;2 dormitorios | 2 baños | 51 m² útiles;Estilo Mariposa Con Estacionamiento Y Bodega / Metro Irarrazaval, Barrio Diez De Julio, Santiago;
2025-11-29 18:05:43;Santiago;departamento;Departamento En Venta En Santiago;3100;CLF;3 dormitorios;2 baños;69 m² útiles;3 dormitorios | 2 baños | 69 m² útiles;San Francisco / Parque Almagro, San Diego, Santiago;
2025-11-29 18:05:43;Santiago;departamento;Departamento En Venta De 3d,2b. En Santiago;102500000;CLP;3 dormitorios;2 baños;64 m² útiles;3 dormitorios | 2 baños | 64 m² útiles;San Ignacio 999, Parque Almagro, Santiago;
2025-11-29 18:05:43;Santiago;departamento;Departamento En Venta De 1 Dorm. En Santiago;1750;CLF;1 dormitorio;1 baño;30 m² útiles;1 dormitorio | 1 baño | 30 m² útiles;A Tres Cuadras Parque Bustamante Y Metro Santa Isabel, Santa Isabel, Santiago;
2025-11-29 18:05:43;Santiago;departamento;Santo Domingo / 1d 1b;1800;CLF;1 dormitorio;1 baño;34 m² útiles;1 dormitorio | 1 baño | 34 m² útiles;Santo Domingo / Bandera / Morande, Centro Histórico De Santiago, Santiago;
2025-11-29 18:05:43;Santiago;departamento;Departamento En Venta De 1d/1b, Metro Santa Lucía, Santiago;2105;CLF;1 dormitorio;1 baño;36 m² útiles;1 dormitorio | 1 baño | 36 m² útiles;Venta Departamento Metro Santa Lucia/San Isidro, 1D/1B, Santiago Centro, Santa Isabel, Santiago;
2025-11-29 18:05:43;Santiago;departamento;Venta Para Inversionista Departamento Remodelado Santiago;87000000;CLP;2 dormitorios;2 baños;62 m² útiles;2 dormitorios | 2 baños | 62 m² útiles;Parque Los Reyes, Santiago;
2025-11-29 18:05:43;Santiago;departamento;Para Inversionistas;2000;CLF;1 dormitorio;1 baño;32 m² útiles;1 dormitorio | 1 baño | 32 m² útiles;Gorbea Metro Toesca, Ejército - Toesca, Santiago;
2025-11-29 18:05:43;Santiago;departamento;Depto Centro Histórico De Santiago;1900;CLF;1 dormitorio;1 baño;34 m² útiles;1 dormitorio | 1 baño | 34 m² útiles;Barrio República, Santiago;
2025-11-29 18:05:43;Santiago;departamento;Departamento Venta De 1 Dorm. En Santiago, Estacionamiento;1950;CLF;1 dormitorio;1 baño;34 m² útiles;1 dormitorio | 1 baño | 34 m² útiles;Vicuña Mackenna / Metro Ñuble, Bogotá - Sierra Bella, Santiago;
2025-11-29 18:05:43;Santiago;departamento;Departamento En Venta En Santiago;4000;CLF;2 dormitorios;2 baños;53 m² útiles;2 dormitorios | 2 baños | 53 m² útiles;Argomedo / Metro Santa Isabel, Santa Isabel, Santiago;
2025-11-29 18:05:43;Santiago;departamento;Departamento En Venta En Santiago;1990;CLF;1 dormitorio;1 baño;29 m² útiles;1 dormitorio | 1 baño | 29 m² útiles;San Francisco Con Eleuterio Ramírez, Bulnes, Santiago;
2025-11-29 18:05:43;Santiago;departamento;Departamento En Venta De 2 Dorm. En Santiago;2450;CLF;2 dormitorios;2 baños;48 m² útiles;2 dormitorios | 2 baños | 48 m² útiles;San Francisco / Tarapacá, Bulnes, Santiago;
2025-11-29 18:05:43;Santiago;departamento;Departamento En Venta En Santiago;3300;CLF;2 dormitorios;2 baños;62 m² útiles;2 dormitorios | 2 baños | 62 m² útiles;Almirante Latorre Metro Republica, Barrio República, Santiago;
2025-11-29 18:05:43;Santiago;departamento;Departamento En Venta De 1 Dorm. Metro U De Chile;2090;CLF;1 dormitorio;1 baño;43 m² útiles;1 dormitorio | 1 baño | 43 m² útiles;Alameda, Estado, Metro U De Chile, Centro Histórico De Santiago, Santiago;
2025-11-29 18:05:43;Santiago;departamento;Venta Céntrico Depto. A Pasos De Línea 2 Estación Toesca;1990;CLF;1 dormitorio;1 baño;33 m² útiles;1 dormitorio | 1 baño | 33 m² útiles;Dieciocho 620, Santiago, Chile, Parque Almagro, Santiago;
2025-11-29 18:06:43;Santiago;departamento;Con Estacionamiento Y Bodega ;2450;CLF;2 dormitorios;2 baños;44 m² útiles;2 dormitorios | 2 baños | 44 m² útiles;Vicuña Mackenna Metro Irarrázaval, Bogotá - Sierra Bella, Santiago;
2025-11-29 18:06:43;Santiago;departamento;Departamento En Venta En Santiago;2090;CLF;1 dormitorio;1 baño;19 m² útiles;1 dormitorio | 1 baño | 19 m² útiles;Dpto En Venta Metro Santa Ana / Santo Domingo, Barrio Brasil, Santiago;
2025-11-29 18:06:43;Santiago;departamento;Exclusivo Con Patio Privado / Excelente Estado / Yungay;5400;CLF;2 dormitorios;1 baño;106 m² útiles;2 dormitorios | 1 baño | 106 m² útiles;LOFT: Compañía / Maipú, Barrio Yungay, Santiago;
2025-11-29 18:06:43;Santiago;departamento;Venta Departamento Santiago Santa Isabel;70000000;CLP;1 dormitorio;1 baño;29 m² útiles;1 dormitorio | 1 baño | 29 m² útiles;Santa Isabel, Santiago;
2025-11-29 18:06:43;Santiago;departamento;Departamento En Venta De 1 Dorm. A Pasos Metro Santa Ana;1650;CLF;1 dormitorio;1 baño;27 m² útiles;1 dormitorio | 1 baño | 27 m² útiles;Calle Rosas, Cerca Teatro Teletón, Centro Histórico De Santiago, Santiago;
2025-11-29 18:06:43;Santiago;departamento;Departamento En Venta De 2 Dorm. En Santiago;2500;CLF;2 dormitorios;1 baño;50 m² útiles;2 dormitorios | 1 baño | 50 m² útiles;Carmen / Argomedo / Santiago Centro, Santa Isabel, Santiago;
2025-11-29 18:06:43;Santiago;departamento;Departamento En Venta De 1 Dorm. En Santiago;2340;CLF;1 dormitorio;1 baño;33 m² útiles;1 dormitorio | 1 baño | 33 m² útiles;Manuel Rodríguez, Centro Histórico De Santiago, Santiago;
2025-11-29 18:06:43;Santiago;departamento;Departamento En Venta Santiago;2398;CLF;2 dormitorios;1 baño;45 m² útiles;2 dormitorios | 1 baño | 45 m² útiles;Centro Histórico De Santiago, Santiago;
2025-11-29 18:06:43;Santiago;departamento;Venta Departamento Para Inversión Santiago;2398;CLF;2 dormitorios;1 baño;47 m² útiles;2 dormitorios | 1 baño | 47 m² útiles;Centro Histórico De Santiago, Santiago;
2025-11-29 18:06:43;Santiago;departamento;Departamento En Venta De 1 Dorm. En Santiago;2960;CLF;1 dormitorio;1 baño;37 m² útiles;1 dormitorio | 1 baño | 37 m² útiles;San Francisco, Barrio París Y Londres, San Diego, Santiago;
2025-11-29 18:06:43;Santiago;departamento;Departamento En Venta De 2 Dorm. En Santiago;2150;CLF;2 dormitorios;2 baños;43 m² útiles;2 dormitorios | 2 baños | 43 m² útiles;Santa Rosa / Tarapacá, Santa Isabel, Santiago;
2025-11-29 18:06:43;Santiago;departamento;Oportunidad Inversionistas Moderno Studio Año 2022;1650;CLF;1 dormitorio;1 baño;25 m² útiles;1 dormitorio | 1 baño | 25 m² útiles;San Diego, Santiago;
2025-11-29 18:06:43;Santiago;departamento;Metro Santa Lucia / San Isidro;2100;CLF;1 dormitorio;1 baño;34 m² útiles;1 dormitorio | 1 baño | 34 m² útiles;Metro Santa Lucia / San Isidro, Santa Isabel, Santiago;
2025-11-29 18:06:43;Santiago;departamento;Departamento En Venta De 1 Dorm. En Santiago;2600;CLF;1 dormitorio;1 baño;40 m² útiles;1 dormitorio | 1 baño | 40 m² útiles;7 Cuadras Estacion U. De Chile. Linea 1, San Diego, Santiago;
2025-11-29 18:06:43;Santiago;departamento;Departamento En Venta En Santiago;2500;CLF;2 dormitorios;1 baño;41 m² útiles;2 dormitorios | 1 baño | 41 m² útiles;Porvenir / Sta. Rosa, San Diego, Santiago;
2025-11-29 18:06:43;Santiago;departamento;Departamento En Venta En Santiago;1490;CLF;1 dormitorio;1 baño;27 m² útiles;1 dormitorio | 1 baño | 27 m² útiles;Mario Kreutzberger / San Martín / Santiago Centro, Centro Histórico De Santiago, Santiago;
2025-11-29 18:06:43;Santiago;departamento;Departamento En Venta En Santiago 1 Dormitorio;1650;CLF;1 dormitorio;1 baño;28 m² útiles;1 dormitorio | 1 baño | 28 m² útiles;San Isidro Metro Santa Lucia, Santa Isabel, Santiago;
2025-11-29 18:06:43;Santiago;departamento;Departamento 2d/1b, Vista Despejada, Metro Av. Matta, Stgo;1640;CLF;2 dormitorios;1 baño;33 m² útiles;2 dormitorios | 1 baño | 33 m² útiles;Venta De Departamento 2D/1B, Metro Av. Matta, Santiago Sur, Bogotá - Sierra Bella, Santiago;
2025-11-29 18:06:43;Santiago;departamento;Departamento En Venta De 2 Dorm. En Santiago;2950;CLF;2 dormitorios;2 baños;40 m² útiles;2 dormitorios | 2 baños | 40 m² útiles;Av,Vicuña Mackena. , Av Manuel Antonio Matta ,Av Grecia, Bogotá - Sierra Bella, Santiago;
2025-11-29 18:06:43;Santiago;departamento;Departamento En Venta De 2 Dorm. En Santiago;2786;CLF;2 dormitorios;2 baños;54 m² útiles;2 dormitorios | 2 baños | 54 m² útiles;Sazié / Almte Latorre, Ejército - Toesca, Santiago;
2025-11-29 18:06:43;Santiago;departamento;Departamento 1d (50m Del Metro L3) , Con Bodega!;1850;CLF;1 dormitorio;1 baño;34 m² útiles;1 dormitorio | 1 baño | 34 m² útiles;Matta / Santa Rosa, San Diego, Santiago;
2025-11-29 18:06:43;Santiago;departamento;Departamento En Venta De 1 Dorm. En Santiago;1990;CLF;1 dormitorio;1 baño;30 m² útiles;1 dormitorio | 1 baño | 30 m² útiles;Parque Almagro, Iglesia Los Sacarmentinos, San Diego, San Diego, Santiago;
2025-11-29 18:06:43;Santiago;departamento;Dpto 1d Plaza Brasil;2700;CLF;1 dormitorio;1 baño;33 m² útiles;1 dormitorio | 1 baño | 33 m² útiles;Barrio Brasil, Santiago;
2025-11-29 18:06:43;Santiago;departamento;Metro Matta / Departamento 1d En Venta En Santiago;1900;CLF;1 dormitorio;1 baño;30 m² útiles;1 dormitorio | 1 baño | 30 m² útiles;Avenida Manuel Antonio Matta / Carmen / Metro Matta, Bogotá - Sierra Bella, Santiago;
2025-11-29 18:06:43;Santiago;departamento;"Estudio En Venta De 1 Dorm &#43; 1 Baño. En Santiago";2160;CLF;1 dormitorio;1 baño;21 m² útiles;1 dormitorio | 1 baño | 21 m² útiles;Av. Rondizzoni Y Av. Beauchef, Parque O'Higgins, Santiago;
2025-11-29 18:06:43;Santiago;departamento;San Francisco / Eleuterio Rámirez / 1d 1b ;1600;CLF;1 dormitorio;1 baño;31 m² útiles;1 dormitorio | 1 baño | 31 m² útiles;San Francisco / Eleuterio Rámirez / 1D 1B, Bulnes, Santiago;
2025-11-29 18:06:43;Santiago;departamento;Departamento En Venta De 2 Dorm. En Santiago;1890;CLF;2 dormitorios;1 baño;37 m² útiles;2 dormitorios | 1 baño | 37 m² útiles;Sgto. Aldea / San Diego, Parque O'Higgins, Santiago;
2025-11-29 18:06:43;Santiago;departamento;Departamento En Venta De 2 Dorm. Buena Ubicación, Inversión;3400;CLF;2 dormitorios;2 baños;50 m² útiles;2 dormitorios | 2 baños | 50 m² útiles;Lira, Santa Isabel, Santiago;
2025-11-29 18:06:43;Santiago;departamento;Venta A Pasos Estación Ñuble, Una Año De Uso Impecable¡¡¡¡¡;4290;CLF;2 dormitorios;2 baños;51 m² útiles;2 dormitorios | 2 baños | 51 m² útiles;Av. Vicuña Mackenna 1865, Santiago, Ñuñoa, Chile, Bogotá - Sierra Bella, Santiago;
2025-11-29 18:06:43;Santiago;departamento;Departamento En Venta De 1 Dorm. En Santiago;1500;CLF;1 dormitorio;1 baño;36 m² útiles;1 dormitorio | 1 baño | 36 m² útiles;Av. Presidente Balmaceda / Gral. Baquedano, Parque Los Reyes, Santiago;
2025-11-29 18:06:43;Santiago;departamento;En Venta Departamento En Santiago Ideal Inversión;2362;CLF;2 dormitorios;1 baño;43 m² útiles;2 dormitorios | 1 baño | 43 m² útiles;Centro Histórico De Santiago, Santiago;
2025-11-29 18:06:43;Santiago;departamento;Excelente Oportunidad Departamento 2 Dormitorios 1 Baño;2169;CLF;2 dormitorios;1 baño;43 m² útiles;2 dormitorios | 1 baño | 43 m² útiles;CHILOE 1295, Parque O'Higgins, Santiago;
2025-11-29 18:06:43;Santiago;departamento;Departamento En Venta En Santiago;2290;CLF;2 dormitorios;1 baño;41 m² útiles;2 dormitorios | 1 baño | 41 m² útiles;Sgto. Aldea / San Diego / Santiago Centro, Parque O'Higgins, Santiago;
2025-11-29 18:06:43;Santiago;departamento;Departamento En Venta De 1 Dorm. En Santiago;3770;CLF;1 dormitorio;1 baño;50 m² útiles;1 dormitorio | 1 baño | 50 m² útiles;Cercano A Teatro Teleton, Centro Histórico De Santiago, Santiago;
2025-11-29 18:06:43;Santiago;departamento;Depto. En Venta Amoblado Tipo Studio Con Terraza En Stgo;2211;CLF;1 dormitorio;1 baño;;1 dormitorio | 1 baño;Carmen Con Marin, Santa Isabel, Santiago;
2025-11-29 18:06:43;Santiago;departamento;Departamento En Venta De 1 Dorm. A Pasos Del Metro Santa Ana;1750;CLF;1 dormitorio;1 baño;31 m² útiles;1 dormitorio | 1 baño | 31 m² útiles;Calle Rosas, Cerca Teatro Teletón, Centro Histórico De Santiago, Santiago;
2025-11-29 18:06:43;Santiago;departamento;Impecable Estacionamiento Bodega Cercano A Metro Sta. Isabel;2150;CLF;1 dormitorio;1 baño;35 m² útiles;1 dormitorio | 1 baño | 35 m² útiles;Manuel Antonio Tocornal 378, 8330291 Santiago, Región Metropolitana, Chile, Santa Isabel, Santiago;
2025-11-29 18:06:43;Santiago;departamento;Departamento En Venta De 1 Dorm. En Santiago;1950;CLF;1 dormitorio;1 baño;34 m² útiles;1 dormitorio | 1 baño | 34 m² útiles;Instituto Traumatológico Teodoro Gebauer, Centro Histórico De Santiago, Santiago;
2025-11-29 18:06:43;Santiago;departamento;Departamento En Venta En Santiago;3600;CLF;3 dormitorios;2 baños;68 m² útiles;3 dormitorios | 2 baños | 68 m² útiles;San Martin / Metro Santa Ana, Centro Histórico De Santiago, Santiago;
2025-11-29 18:06:43;Santiago;departamento;Metro Av Matta / Departamento En Venta En Santiago;1900;CLF;1 dormitorio;1 baño;30 m² útiles;1 dormitorio | 1 baño | 30 m² útiles;Avenida Manuel Antonio Matta / Carmen, Bogotá - Sierra Bella, Santiago;
2025-11-29 18:06:43;Santiago;departamento;Departamento En Venta En Santiago;1890;CLF;2 dormitorios;1 baño;37 m² útiles;2 dormitorios | 1 baño | 37 m² útiles;Sgto. Aldea / San Diego / Santiago Centro, Parque O'Higgins, Santiago;
2025-11-29 18:06:43;Santiago;departamento;Cercano A Metro Irarrázaval;2150;CLF;2 dormitorios;2 baños;44 m² útiles;2 dormitorios | 2 baños | 44 m² útiles;Vicuña Mackenna Metro Irarrázaval, Bogotá - Sierra Bella, Santiago;
2025-11-29 18:06:43;Santiago;departamento;Departamento En Venta Para Inversión Santiago;1959;CLF;1 dormitorio;1 baño;30 m² útiles;1 dormitorio | 1 baño | 30 m² útiles;Centro Histórico De Santiago, Santiago;
2025-11-29 18:06:43;Santiago;departamento;Tercer Piso Vista Norte;1700;CLF;1 dormitorio;1 baño;28 m² útiles;1 dormitorio | 1 baño | 28 m² útiles;Calle Catedral Metro Santa Ana, Barrio Brasil, Santiago;
2025-11-29 18:06:43;Santiago;departamento;Departamento En Venta De 1 Dorm. En Santiago;1750;CLF;1 dormitorio;1 baño;30 m² útiles;1 dormitorio | 1 baño | 30 m² útiles;Cerca Parque Bustamante, Santa Isabel, Santiago;
2025-11-29 18:06:43;Santiago;departamento;Se Vende Depto 2 Dor 2baños 1bodega Metro Plaza De Armas;112000000;CLP;2 dormitorios;2 baños;50 m² totales;2 dormitorios | 2 baños | 50 m² totales;Morande Con Rosas, Centro Histórico De Santiago, Santiago;
2025-11-29 18:06:43;Santiago;departamento;Departamento En Venta En Santiago;1900;CLF;1 dormitorio;1 baño;32 m² útiles;1 dormitorio | 1 baño | 32 m² útiles;MONEDA - TUCAPEL JIMENEZ, Centro Histórico De Santiago, Santiago;
2025-11-29 18:06:43;Santiago;departamento;Vende Depto Seminuevo 1dorm1bañ 1box Sector Matta Sur Oferta;2280;CLF;1 dormitorio;1 baño;38 m² útiles;1 dormitorio | 1 baño | 38 m² útiles;Metro Matta, Parque O'Higgins, Santiago;
2025-11-29 18:07:07;Santiago;departamento;Atención Inversionistas / Gran Oportunidad / Est. Matta;1800;CLF;2 dormitorios;1 baño;41 m² útiles;2 dormitorios | 1 baño | 41 m² útiles;Estación Matta, Parque O'Higgins, Santiago;
2025-11-29 18:07:07;Santiago;departamento;Departamento En Venta En Santiago;3100;CLF;2 dormitorios;1 baño;45 m² útiles;2 dormitorios | 1 baño | 45 m² útiles;Arturo Prat / Parque Almagro, San Diego, Santiago;
2025-11-29 18:07:07;Santiago;departamento;Amplio /con Estacionamiento / Sector Parque Forestal ;2900;CLF;2 dormitorios;2 baños;87 m² útiles;2 dormitorios | 2 baños | 87 m² útiles;Entre Bandera Y Puente, Centro Histórico De Santiago, Santiago;
2025-11-29 18:07:07;Santiago;departamento;Departamento En Venta De 1 Dorm. En Santiago;1950;CLF;1 dormitorio;1 baño;32 m² útiles;1 dormitorio | 1 baño | 32 m² útiles;Teatro Teletón, Centro Histórico De Santiago, Santiago;
2025-11-29 18:07:07;Santiago;departamento;Sargento Aldea / Estacionamiento Y Bodega / 2d Y1b;2200;CLF;2 dormitorios;1 baño;36 m² útiles;2 dormitorios | 1 baño | 36 m² útiles;Sargento Aldea / Estacionamiento Y Bodega / 2D Y1B, Parque O'Higgins, Santiago;
2025-11-29 18:07:07;Santiago;departamento;En Venta Depto Ubicado En Planta Baja, Lord Cochrane;1780;CLF;1 dormitorio;1 baño;35 m² útiles;1 dormitorio | 1 baño | 35 m² útiles;Parque Almagro, Bulnes, Santiago;
2025-11-29 18:07:07;Santiago;departamento;Ubicación Privilegiada / Alonso De Ovalle / San Francisco;1750;CLF;1 dormitorio;1 baño;37 m² útiles;1 dormitorio | 1 baño | 37 m² útiles;Ubicación Privilegiada / Alonso De Ovalle / San Francisco, Bulnes, Santiago;
2025-11-29 18:07:07;Santiago;departamento;Departamento En Venta De 2 Dorm. En Santiago;4663;CLF;2 dormitorios;2 baños;46 m² útiles;2 dormitorios | 2 baños | 46 m² útiles;Arcomedo Con Lira, Santa Isabel, Santiago;
2025-11-29 18:07:07;Santiago;departamento;Santa Isabel Esquina San Isidro / 3d 2b E Y Bod;3800;CLF;3 dormitorios;2 baños;65 m² útiles;3 dormitorios | 2 baños | 65 m² útiles;Santa Isabel Esquina San Isidro / Metro Santa Isabel, Santa Isabel, Santiago;
2025-11-29 18:07:07;Santiago;departamento;Departamento En Venta De 1 Dorm. En Santiago;2750;CLF;1 dormitorio;1 baño;50 m² útiles;1 dormitorio | 1 baño | 50 m² útiles;A Pasos De Metro Plaza De Armas, Centro Histórico De Santiago, Santiago;
2025-11-29 18:07:07;Santiago;departamento;Departamento En Venta De 2 Dorm. En Santiago;3200;CLF;2 dormitorios;2 baños;55 m² útiles;2 dormitorios | 2 baños | 55 m² útiles;Eyzaguirre, San Diego, Santiago;
2025-11-29 18:07:07;Santiago;departamento;Venta Depto.1d/1b, Estacionamiento Santo Domingo/teatinos;2280;CLF;1 dormitorio;1 baño;33 m² útiles;1 dormitorio | 1 baño | 33 m² útiles;Santo Domingo/Teatinos, Centro Histórico De Santiago, Santiago;
2025-11-29 18:07:07;Santiago;departamento;Departamento En Venta De 1 Dorm. En Santiago;1800;CLF;1 dormitorio;1 baño;30 m² útiles;1 dormitorio | 1 baño | 30 m² útiles;Las Lopez Granola, Santa Isabel, Santiago;
2025-11-29 18:07:07;Santiago;departamento;Amplio / Sector Parque Forestal / Para Modernizar;2700;CLF;2 dormitorios;2 baños;87 m² útiles;2 dormitorios | 2 baños | 87 m² útiles;Entre Bandera Y Puente, Centro Histórico De Santiago, Santiago;
2025-11-29 18:07:07;Santiago;departamento;Departamento En Venta En Santiago;1639;CLF;1 dormitorio;1 baño;30 m² útiles;1 dormitorio | 1 baño | 30 m² útiles;Amunategui / San Pablo, Centro Histórico De Santiago, Santiago;
2025-11-29 18:07:07;Santiago;departamento;Depto 1d 1b Avda. Brasil Año 2020;2600;CLF;1 dormitorio;1 baño;32 m² útiles;1 dormitorio | 1 baño | 32 m² útiles;Barrio Brasil, Santiago;
2025-11-29 18:07:07;Santiago;departamento;Departamento En Venta De 1 Dorm. En Santiago;2090;CLF;1 dormitorio;1 baño;19 m² útiles;1 dormitorio | 1 baño | 19 m² útiles;Dpto En Venta 1D Metro Santa Ana / Santo Domingo, Barrio Brasil, Santiago;
2025-11-29 18:07:07;Santiago;departamento;Departamento En Venta De 1 Dorm. En Santiago;1755;CLF;1 dormitorio;1 baño;30 m² útiles;1 dormitorio | 1 baño | 30 m² útiles;General Gana / Lira, Bogotá - Sierra Bella, Santiago;
2025-11-29 18:07:07;Santiago;departamento;Departamento En Venta De 1 Dorm. En Santiago;2050;CLF;1 dormitorio;1 baño;28 m² útiles;1 dormitorio | 1 baño | 28 m² útiles;Av Matta, Bogotá - Sierra Bella, Santiago;
2025-11-29 18:07:07;Santiago;departamento;Departamento Venta Santiago;1990;CLF;1 dormitorio;1 baño;32 m² útiles;1 dormitorio | 1 baño | 32 m² útiles;Bogotá - Sierra Bella, Santiago;
2025-11-29 18:07:07;Santiago;departamento;Venta Depto 1d 1baño 1bod 1est Centro Stgo / Acepto Oferta;1755;CLF;1 dormitorio;1 baño;31 m² útiles;1 dormitorio | 1 baño | 31 m² útiles;Torre Mayor, Franklin - Biobío, Santiago;
2025-11-29 18:07:07;Santiago;departamento;Departamento En Venta De 2 Dorm. En Santiago;3100;CLF;2 dormitorios;1 baño;45 m² útiles;2 dormitorios | 1 baño | 45 m² útiles;Arturo Prat / Parque Almagro, San Diego, Santiago;
2025-11-29 18:07:07;Santiago;departamento;Departamento En Venta 1 Dorm 1 Baño. En Stgo Acepto Ofertas;1578;CLF;1 dormitorio;1 baño;30 m² útiles;1 dormitorio | 1 baño | 30 m² útiles;Cercano A Metro Rondizzoni, Parque O'Higgins, Santiago;
2025-11-29 18:07:07;Santiago;departamento;Departamento En Venta De 1 Dorm. En Santiago;1955;CLF;1 dormitorio;1 baño;40 m² útiles;1 dormitorio | 1 baño | 40 m² útiles;Vergara / Toesca, Ejército - Toesca, Santiago;
2025-11-29 18:07:07;Santiago;departamento;Venta Departamento A Pasos De Metro Irarrazaval;1990;CLF;1 dormitorio;1 baño;32 m² útiles;1 dormitorio | 1 baño | 32 m² útiles;Barrio República, Santiago;
2025-11-29 18:07:07;Santiago;departamento;Departamento En Venta De 1 Dorm. En Santiago;1499;CLF;1 dormitorio;1 baño;21 m² útiles;1 dormitorio | 1 baño | 21 m² útiles;Metro Rondizzoni, Franklin - Biobío, Santiago;
2025-11-29 18:07:07;Santiago;departamento;Depto Duplex En Venta De 1 Dorm.1baño En Stgo Acepto Ofertas;2125;CLF;1 dormitorio;1 baño;29 m² útiles;1 dormitorio | 1 baño | 29 m² útiles;Metro Parque Almagro, Parque Almagro, Santiago;
2025-11-29 18:07:07;Santiago;departamento;Departamento Venta De 1 Dorm. 1baño. Santiago Acepto Ofertas;1522;CLF;1 dormitorio;1 baño;28 m² útiles;1 dormitorio | 1 baño | 28 m² útiles;Metro Rondizzoni, Franklin - Biobío, Santiago;
2025-11-29 18:07:07;Santiago;departamento;Depto En Venta 1baño 1dormitorio 7mo Piso ¡acepto Ofertas!;2867;CLF;1 dormitorio;1 baño;32 m² útiles;1 dormitorio | 1 baño | 32 m² útiles;Metro Parque Almagro, Parque Almagro, Santiago;
2025-11-29 18:07:07;Santiago;departamento;Depto En Venta De 1 Dorm.1 Baño En Santiago ¡acepto Ofertas!;2572;CLF;1 dormitorio;1 baño;28 m² útiles;1 dormitorio | 1 baño | 28 m² útiles;Metro Parque Almagro, Parque Almagro, Santiago;
2025-11-29 18:07:07;Santiago;departamento;Departamento En Venta De 1 Dorm. 1 Baño. Se Aceptan Ofertas;2109;CLF;1 dormitorio;1 baño;29 m² útiles;1 dormitorio | 1 baño | 29 m² útiles;Metro Parque Almagro, San Diego, Santiago;
2025-11-29 18:07:07;Santiago;departamento;Depto En Venta De 1 Ambiente 1 Baño Se Aceptan Ofertas;1853;CLF;1 dormitorio;1 baño;25 m² útiles;1 dormitorio | 1 baño | 25 m² útiles;Metro Parque Almagro, San Diego, Santiago;
2025-11-29 18:07:07;Santiago;departamento;Departamento En Venta 1 Ambiente 1 Baño ¡acepto Ofertas!;1862;CLF;1 dormitorio;1 baño;25 m² útiles;1 dormitorio | 1 baño | 25 m² útiles;Metro Parque Almagro, San Diego, Santiago;
2025-11-29 18:07:07;Santiago;departamento;Departamento En Venta De 1 Dorm. 1 Baño Se Aceptan Ofertas;2871;CLF;1 dormitorio;1 baño;29 m² útiles;1 dormitorio | 1 baño | 29 m² útiles;Metro Parque Almagro, San Diego, Santiago;
2025-11-29 18:07:07;Santiago;departamento;Departamento Venta 1 Ambiente 1 Baño Stgo ¡acepto Ofertas!;1861;CLF;1 dormitorio;1 baño;25 m² útiles;1 dormitorio | 1 baño | 25 m² útiles;Metro Parque Almagro, San Diego, Santiago;
2025-11-29 18:07:07;Santiago;departamento;Departamento Metro Paque Almagro 1d 1b Se Aceptan Ofertas;2219;CLF;1 dormitorio;1 baño;31 m² útiles;1 dormitorio | 1 baño | 31 m² útiles;Metro Parque Almagro, Parque Almagro, Santiago;
2025-11-29 18:07:07;Santiago;departamento;Depto. En Venta De 1baño Y 1dorm. En Santiago Acepto Ofertas;2137;CLF;1 dormitorio;1 baño;28 m² útiles;1 dormitorio | 1 baño | 28 m² útiles;Metro Parque Almagro, Santiago;
2025-11-29 18:07:07;Santiago;departamento;Departamento En Venta 1 Ambiente 1 Baño ¡acepto Ofertas!;1832;CLF;1 dormitorio;1 baño;25 m² útiles;1 dormitorio | 1 baño | 25 m² útiles;Metro Parque Almagro, San Diego, Santiago;
2025-11-29 18:07:07;Santiago;departamento;Depto. Stgo. En Venta De 2 Dorm. 2 Baños Se Aceptan Ofertas;3590;CLF;2 dormitorios;2 baños;45 m² útiles;2 dormitorios | 2 baños | 45 m² útiles;Metro Parque Almagro, San Diego, Santiago;
2025-11-29 18:07:07;Santiago;departamento;Departamento En Venta 1 Dorm 1 Baño Stgo. Se Aceptan Ofertas;2820;CLF;1 dormitorio;1 baño;36 m² útiles;1 dormitorio | 1 baño | 36 m² útiles;Metro Parque Almagro, San Diego, Santiago;
2025-11-29 18:07:07;Santiago;departamento;Departamento En Venta 2 Dorm. 2 Baños ¡se Aceptan Ofertas!;3590;CLF;2 dormitorios;2 baños;45 m² útiles;2 dormitorios | 2 baños | 45 m² útiles;Metro Parque Almagro, San Diego, Santiago;
2025-11-29 18:07:07;Santiago;departamento;Departamento En Venta De 1 Dorm. 1 Baño Se Aceptan Ofertas;2839;CLF;1 dormitorio;1 baño;41 m² útiles;1 dormitorio | 1 baño | 41 m² útiles;Metro Parque Almagro, San Diego, Santiago;
2025-11-29 18:07:07;Santiago;departamento;Departamento En Venta En Santiago;2200;CLF;1 dormitorio;1 baño;32 m² útiles;1 dormitorio | 1 baño | 32 m² útiles;Av. Manuel Rodriguez / Metro Santa Ana, Barrio Brasil, Santiago;
2025-11-29 18:07:07;Santiago;departamento;Departamento En Venta De 1 Dorm. En Santiago;1990;CLF;1 dormitorio;1 baño;36 m² útiles;1 dormitorio | 1 baño | 36 m² útiles;Parque Almagro , Metro Universidad De Chile, Iglesia Los Sacramentinos, San Diego, Santiago;
2025-11-29 18:07:07;Santiago;departamento;Departamento En Venta 1 Dorm. En Santiago;1360;CLF;1 dormitorio;1 baño;24 m² útiles;1 dormitorio | 1 baño | 24 m² útiles;Eleuterio Ramirez / Serrano, San Diego, Santiago;
2025-11-29 18:07:07;Santiago;departamento;Catedral / Metro Santa Ana / Venta 1 D 2 B Y B En Santiago;86000000;CLP;1 dormitorio;2 baños;49 m² útiles;1 dormitorio | 2 baños | 49 m² útiles;Catedral / Metro Santa Ana, Centro Histórico De Santiago, Santiago;
2025-11-29 18:07:07;Santiago;departamento;Departamento En Venta De 3 Dorm. En Santiago;4700;CLF;3 dormitorios;2 baños;70 m² útiles;3 dormitorios | 2 baños | 70 m² útiles;Maturana - Moneda - Santiago, Barrio Brasil, Santiago;
2025-11-29 18:07:07;Santiago;departamento;Liquidación Bancaria Venta Depto Calle Argomedo, Santiago;2805;CLF;2 dormitorios;2 baños;54 m² útiles;2 dormitorios | 2 baños | 54 m² útiles;Argomedo, Santa Isabel, Santiago;
2025-11-29 18:07:51;Santiago;departamento;Excelente Inversión 1 Dormitorio Con Estacionamiento;74850000;CLP;1 dormitorio;1 baño;37 m² útiles;1 dormitorio | 1 baño | 37 m² útiles;Santo Domingo 1200 - 1500, Santiago, Chile, Centro Histórico De Santiago, Santiago;
2025-11-29 18:07:51;Santiago;departamento;Hermoso Y Acogedor Con Estacionamiento Y Bodega;3000;CLF;2 dormitorios;1 baño;43 m² útiles;2 dormitorios | 1 baño | 43 m² útiles;Av. Sta. Rosa 365, Santiago, San Diego, Santiago;
2025-11-29 18:07:51;Santiago;departamento;Liquidación Bancaria Depto San Francisco, Santiago (1704);2213;CLF;2 dormitorios;2 baños;46 m² útiles;2 dormitorios | 2 baños | 46 m² útiles;San Francisco, Bulnes, Santiago;
2025-11-29 18:07:51;Santiago;departamento;Venta Depto. 2 Dorm. 2 Baños. Lira-santiago;2950;CLF;2 dormitorios;2 baños;52 m² útiles;2 dormitorios | 2 baños | 52 m² útiles;Lira- Santiago, Santa Isabel, Santiago;
2025-11-29 18:07:51;Santiago;departamento;Inversionistas / Cercano A Universidades 1 D En Santiago;75000000;CLP;1 dormitorio;1 baño;35 m² útiles;1 dormitorio | 1 baño | 35 m² útiles;Amoblado / Gorbea / Metro Unión Latino Americana, Barrio República, Santiago;
2025-11-29 18:07:51;Santiago;departamento;Luminoso Departamento En Santiago Centro;115000000;CLP;3 dormitorios;1 baño;56 m² útiles;3 dormitorios | 1 baño | 56 m² útiles;Eleuterio Ramírez 710, Santiago, Chile, San Diego, Santiago;
2025-11-29 18:07:51;Santiago;departamento;Departamento En Venta De 1 Dorm. En Santiago;3770;CLF;1 dormitorio;1 baño;46 m² útiles;1 dormitorio | 1 baño | 46 m² útiles;Se Vende Departamento Espectacular Departamento Céntrico En Santiago, Centro Histórico De Santiago, Santiago;
2025-11-29 18:07:51;Santiago;departamento;Venta Inversión Departamento 1209, Av. Santa Isabel Santiago;2871;CLF;1 dormitorio;1 baño;31 m² útiles;1 dormitorio | 1 baño | 31 m² útiles;Av. Santa Isabel, San Diego, Santiago;
2025-11-29 18:07:51;Santiago;departamento;Monodepartamento Un Solo Espacio Wall Bed Santiago;1300;CLF;1 dormitorio;1 baño;20 m² útiles;1 dormitorio | 1 baño | 20 m² útiles;Manuel Antonio Tocornal, Barrio Diez De Julio, Santiago;
2025-11-29 18:07:51;Santiago;departamento;Liquidación Bancaria Departamento Calle Eyzaguirre, Santiago;2346;CLF;1 dormitorio;1 baño;34 m² útiles;1 dormitorio | 1 baño | 34 m² útiles;Eyzaguirre, San Diego, Santiago;
2025-11-29 18:07:51;Santiago;departamento;Metro Ñuble/ 44 M2/ Terraza /piso 21;2200;CLF;2 dormitorios;1 baño;38 m² útiles;2 dormitorios | 1 baño | 38 m² útiles;Santa Elena 1722, Santiago, Chile, Bogotá - Sierra Bella, Santiago;
2025-11-29 18:07:51;Santiago;departamento;Oportunidad De Inversión Metro Moneda 1 D 1b;1900;CLF;1 dormitorio;1 baño;30 m² útiles;1 dormitorio | 1 baño | 30 m² útiles;Lord Cochrane Con Nataniel Cox, Bulnes, Santiago;
2025-11-29 18:07:51;Santiago;departamento;Venta Departamento Inversión 1203, Av. Santa Isabel Santiago;3590;CLF;2 dormitorios;2 baños;45 m² útiles;2 dormitorios | 2 baños | 45 m² útiles;Av. Santa Isabel, San Diego, Santiago;
2025-11-29 18:07:51;Santiago;departamento;Departamento En Venta De 1 Dorm. En Santiago;2000;CLF;1 dormitorio;1 baño;35 m² útiles;1 dormitorio | 1 baño | 35 m² útiles;San Ignacio / Santa Isabel, Parque Almagro, Santiago;
2025-11-29 18:07:51;Santiago;departamento;Liquidación Bancaria Venta Departamento Zenteno, Santiago;1735;CLF;2 dormitorios;1 baño;39 m² útiles;2 dormitorios | 1 baño | 39 m² útiles;Zenteno, Parque O'Higgins, Santiago;
2025-11-29 18:07:51;Santiago;departamento;Venta Centrico Oportunidad¡¡¡¡¡;77000000;CLP;2 dormitorios;1 baño;44 m² útiles;2 dormitorios | 1 baño | 44 m² útiles;San Francisco 294, Santiago, Bulnes, Santiago;
2025-11-29 18:07:51;Santiago;departamento;Departamento En Venta De 1 Dorm. En Santiago;2690;CLF;1 dormitorio;1 baño;32 m² útiles;1 dormitorio | 1 baño | 32 m² útiles;Santa Rosa / Metro Santa Lucia, Santa Isabel, Santiago;
2025-11-29 18:07:51;Santiago;departamento;Venta Inversión Departamento 408 Av. Santa Isabel, Santiago;2820;CLF;1 dormitorio;1 baño;36 m² útiles;1 dormitorio | 1 baño | 36 m² útiles;Santa Isabel, San Diego, Santiago;
2025-11-29 18:07:51;Santiago;departamento;Departamento En Venta De 2 Dorm. En Santiago;2500;CLF;2 dormitorios;1 baño;44 m² útiles;2 dormitorios | 1 baño | 44 m² útiles;Tocornal, Santiago, Santa Isabel, Santiago;
2025-11-29 18:07:51;Santiago;departamento;Parque Los Reyes, Incluye Estacionamiento. ;2750;CLF;2 dormitorios;1 baño;58 m² útiles;2 dormitorios | 1 baño | 58 m² útiles;Yungay 2570, Santiago, Chile, Parque Los Reyes, Santiago;
2025-11-29 18:07:51;Santiago;departamento;Departamento En Venta De 1 Dorm. En Santiago;2679;CLF;1 dormitorio;1 baño;35 m² útiles;1 dormitorio | 1 baño | 35 m² útiles;Av Vicuña Mackena 1374, Bogotá - Sierra Bella, Santiago;
2025-11-29 18:07:51;Santiago;departamento;Departamento En Venta De 36 Dorm. En Santiago;37900;CLF;36 dormitorios;12 baños;791 m² útiles;36 dormitorios | 12 baños | 791 m² útiles;Quito 36, Barrio San Borja, Santiago;
2025-11-29 18:07:51;Santiago;departamento;Departamento En Venta De 1 Dorm. En Santiago;1800;CLF;1 dormitorio;1 baño;35 m² útiles;1 dormitorio | 1 baño | 35 m² útiles;San Ignacio / Metro Toesca, Parque Almagro, Santiago;
2025-11-29 18:07:51;Santiago;departamento;Departamento En Venta En Santiago;63000000;CLP;1 dormitorio;1 baño;25 m² útiles;1 dormitorio | 1 baño | 25 m² útiles;Blanco Encalada / José Miguel Carrera, Ejército - Toesca, Santiago;
2025-11-29 18:07:51;Santiago;departamento;Liquidación Bancaria Venta Departamento Av. Carmen, Santiago;2270;CLF;1 dormitorio;1 baño;32 m² útiles;1 dormitorio | 1 baño | 32 m² útiles;Carmen, Barrio Diez De Julio, Santiago;
2025-11-29 18:07:51;Santiago;departamento;Liquidación Bancaria Departamento Nataniel Cox, Santiago;2170;CLF;2 dormitorios;1 baño;40 m² útiles;2 dormitorios | 1 baño | 40 m² útiles;Nataniel Cox, Parque O'Higgins, Santiago;
2025-11-29 18:07:51;Santiago;departamento;Liquidación Bancaria Depto Av. Vicuña Mackenna, Santiago;2220;CLF;1 dormitorio;1 baño;33 m² útiles;1 dormitorio | 1 baño | 33 m² útiles;Av. Vicuña Mackenna, Bogotá - Sierra Bella, Santiago;
2025-11-29 18:07:51;Santiago;departamento;Venta Departamento Estudio 602, Av. Santa Isabel, Santiago;1832;CLF;1 dormitorio;1 baño;25 m² útiles;1 dormitorio | 1 baño | 25 m² útiles;Santa Isabel, San Diego, Santiago;
2025-11-29 18:07:51;Santiago;departamento;Venta Departamento Av. General Gana, Santiago;1745;CLF;1 dormitorio;1 baño;30 m² totales;1 dormitorio | 1 baño | 30 m² totales;General Gana, Bogotá - Sierra Bella, Santiago;
2025-11-29 18:07:51;Santiago;departamento;Departamento En Venta En Santiago;2200;CLF;1 dormitorio;1 baño;33 m² útiles;1 dormitorio | 1 baño | 33 m² útiles;Diagonal Vicuña Mackenna / Santa Elena, Bogotá - Sierra Bella, Santiago;
2025-11-29 18:07:51;Santiago;departamento;Venta Hermoso Departamento Calle Chiloé, Santiago;2270;CLF;1 dormitorio;1 baño;34 m² útiles;1 dormitorio | 1 baño | 34 m² útiles;Chiloé, Parque O'Higgins, Santiago;
2025-11-29 18:07:51;Santiago;departamento;Liquidación Bancaria Departamento Av. San Martín, Santiago;2241;CLF;2 dormitorios;1 baño;45 m² útiles;2 dormitorios | 1 baño | 45 m² útiles;San Martín, Centro Histórico De Santiago, Santiago;
2025-11-29 18:07:51;Santiago;departamento;Departamento En Venta De 2 Dorm. En Santiago;3500;CLF;2 dormitorios;2 baños;47 m² útiles;2 dormitorios | 2 baños | 47 m² útiles;Sazie - Almirante Latorre- Metro República, Ejército - Toesca, Santiago;
2025-11-29 18:07:51;Santiago;departamento;Aldunate / Metro Rondizzoni;2200;CLF;3 dormitorios;1 baño;50 m² útiles;3 dormitorios | 1 baño | 50 m² útiles;Aldunate 1525, Santiago, Parque O'Higgins, Santiago;
2025-11-29 18:07:51;Santiago;departamento;Venta Inversión Departamento 901, Av. Santa Isabel, Santiago;2839;CLF;1 dormitorio;1 baño;41 m² útiles;1 dormitorio | 1 baño | 41 m² útiles;Santa Isabel, San Diego, Santiago;
2025-11-29 18:07:51;Santiago;departamento;Departamento En Venta En Santiago;3950;CLF;2 dormitorios;2 baños;45 m² útiles;2 dormitorios | 2 baños | 45 m² útiles;Santo Domingo Con Teatinos, Centro Histórico De Santiago, Santiago;
2025-11-29 18:07:51;Santiago;departamento;Departamento En Venta En Ñuble Con Piscina;130000000;CLP;2 dormitorios;2 baños;50 m² útiles;2 dormitorios | 2 baños | 50 m² útiles;Av. Vicuña Mackenna 2004, Santiago, Bogotá - Sierra Bella, Santiago;
2025-11-29 18:07:51;Santiago;departamento;Departamento En Venta De 1 Dorm. En Santiago;2050;CLF;1 dormitorio;1 baño;28 m² útiles;1 dormitorio | 1 baño | 28 m² útiles;Manuel Antonio Matta Con Carmen, Bogotá - Sierra Bella, Santiago;
2025-11-29 18:07:51;Santiago;departamento;Departamento En Venta 2 Dorm.2 Baños,17p Luminoso Con Vista;3600;CLF;2 dormitorios;2 baños;49 m² útiles;2 dormitorios | 2 baños | 49 m² útiles;San Francisco, Bulnes, Santiago;
2025-11-29 18:07:51;Santiago;departamento;~ Domeyko / Almte. Latorre ~;3690;CLF;1 dormitorio;1 baño;35 m² útiles;1 dormitorio | 1 baño | 35 m² útiles;Domeyko 2010, Santiago, Ejército - Toesca, Santiago;
2025-11-29 18:07:51;Santiago;departamento;Venta Dos Dormitorios Estacionamiento¡¡¡¡¡;3490;CLF;2 dormitorios;2 baños;54 m² útiles;2 dormitorios | 2 baños | 54 m² útiles;Gral. Mackenna 1555, Santiago, Centro Histórico De Santiago, Santiago;
2025-11-29 18:07:51;Santiago;departamento;Departamento En Venta En Santa Isabel;115000000;CLP;2 dormitorios;2 baños;55 m² útiles;2 dormitorios | 2 baños | 55 m² útiles;Carmen 566, Santiago, Chile, Santa Isabel, Santiago;
2025-11-29 18:07:51;Santiago;departamento;Departamento En Venta De 1 Dorm. En Santiago;2100;CLF;1 dormitorio;1 baño;35 m² útiles;1 dormitorio | 1 baño | 35 m² útiles;Tucapel Jimenez, Centro Histórico De Santiago, Santiago;
2025-11-29 18:07:51;Santiago;departamento;Liquidación Bancaria Departamento San Pablo, Santiago;1701;CLF;1 dormitorio;1 baño;28 m² útiles;1 dormitorio | 1 baño | 28 m² útiles;San Pablo, Bogotá - Sierra Bella, Santiago;
2025-11-29 18:07:51;Santiago;departamento;Depto. Estudio Luminoso  Semi Amoblado Con Bodega;1900;CLF;1 dormitorio;1 baño;23 m² útiles;1 dormitorio | 1 baño | 23 m² útiles;Manuel Antonio Tocornal 383, Santiago, Santa Isabel, Santiago;
2025-11-29 18:07:51;Santiago;departamento;Departamento En Venta De 2 Dorm. En Santiago;3000;CLF;2 dormitorios;2 baños;50 m² útiles;2 dormitorios | 2 baños | 50 m² útiles;Santa Isabel, San Diego, Santiago;
2025-11-29 18:07:51;Santiago;departamento;Departamento En Venta De 2 Dorm. En Santiago;3000;CLF;2 dormitorios;1 baño;53 m² útiles;2 dormitorios | 1 baño | 53 m² útiles;Manuel Rodriguez / Metro Los Heroes, Santiago;
2025-11-29 18:07:51;Santiago;departamento;Departamento En Venta De 1 Dorm. En Santiago;2400;CLF;1 dormitorio;1 baño;34 m² útiles;1 dormitorio | 1 baño | 34 m² útiles;Santo Domingo Con Teatinos, Centro Histórico De Santiago, Santiago;
2025-11-29 18:08:23;Santiago;departamento;Departamento En Venta De 1 Dorm. En Santiago;2100;CLF;1 dormitorio;1 baño;35 m² útiles;1 dormitorio | 1 baño | 35 m² útiles;Moneda, Centro Histórico De Santiago, Santiago;
2025-11-29 18:08:23;Santiago;departamento;Oportunidad Departamento En Venta En Santiago Con Bodega;77000000;CLP;1 dormitorio;1 baño;40 m² útiles;1 dormitorio | 1 baño | 40 m² útiles;Metro Moneda, Parque Almagro, Santiago;
2025-11-29 18:08:23;Santiago;departamento;Departamento En Venta De 1 Dorm. En Santiago;1800;CLF;1 dormitorio;1 baño;30 m² útiles;1 dormitorio | 1 baño | 30 m² útiles;San Martín 860, Centro Histórico De Santiago, Santiago;
2025-11-29 18:08:23;Santiago;departamento;~ St. Domingo / Mosquetto ~ (bellas Artes);2590;CLF;1 dormitorio;1 baño;36 m² útiles;1 dormitorio | 1 baño | 36 m² útiles;Santo Domingo 498, Santiago, Centro Histórico De Santiago, Santiago;
2025-11-29 18:08:23;Santiago;departamento;Departamento Remodelado En Santiago Cerca De Av. Matta;2250;CLF;2 dormitorios;1 baño;55 m² útiles;2 dormitorios | 1 baño | 55 m² útiles;Arturo Prat 1353, Parque O'Higgins, Santiago;
2025-11-29 18:08:23;Santiago;departamento;Depto. Moderno Metros: Moneda/ Los Héroes/ Santa Ana;2400;CLF;1 dormitorio;1 baño;34 m² útiles;1 dormitorio | 1 baño | 34 m² útiles;Tucapel Jiménez 136, Santiago, Centro Histórico De Santiago, Santiago;
2025-11-29 18:08:23;Santiago;departamento;Departamento En Venta De 1 Dorm. En Santiago;70000000;CLP;1 dormitorio;1 baño;36 m² útiles;1 dormitorio | 1 baño | 36 m² útiles;San Antonio /, Centro Histórico De Santiago, Santiago;
2025-11-29 18:08:23;Santiago;departamento;Liquidación Bancaria Departamento Av. Matucana, Santiago;3005;CLF;2 dormitorios;1 baño;46 m² útiles;2 dormitorios | 1 baño | 46 m² útiles;Matucana, Parque Los Reyes, Santiago;
2025-11-29 18:08:23;Santiago;departamento;Departamento En Venta De 1 Dorm. En Santiago;2402;CLF;1 dormitorio;1 baño;45 m² útiles;1 dormitorio | 1 baño | 45 m² útiles;Cercano A Hospital San Borja Arriarán, Bogotá - Sierra Bella, Santiago;
2025-11-29 18:08:23;Santiago;departamento;Departamento En Venta De 1 Dorm. En Santiago;2280;CLF;1 dormitorio;1 baño;36 m² útiles;1 dormitorio | 1 baño | 36 m² útiles;Cerca Hospital San Borja Arriarán, Parque O'Higgins, Santiago;
2025-11-29 18:08:23;Santiago;departamento;Departamento En Venta De 2 Dorm. En Santiago;2790;CLF;2 dormitorios;1 baño;40 m² útiles;2 dormitorios | 1 baño | 40 m² útiles;Serrano - Eyzaguirre, San Diego, Santiago;
2025-11-29 18:08:23;Santiago;departamento;Departamento En Venta En Centro Histórico De Santiago;1330;CLF;1 dormitorio;1 baño;30 m² útiles;1 dormitorio | 1 baño | 30 m² útiles;San Martín 870, Santiago, Centro Histórico De Santiago, Santiago;
2025-11-29 18:08:23;Santiago;departamento;Liquidación Bancaria Departamento Calle Maipú, Santiago;2508;CLF;3 dormitorios;1 baño;51 m² útiles;3 dormitorios | 1 baño | 51 m² útiles;Maipú, Parque Los Reyes, Santiago;
2025-11-29 18:08:23;Santiago;departamento;Toesca 2597con Abate Molina Santiago Centro/ Ideal Inversión;2400;CLF;;1 baño;30 m² útiles;1 baño | 30 m² útiles;Toesca 2597, Santiago, Barrio República, Santiago;
2025-11-29 18:08:23;Santiago;departamento;*** U Catolica - Remodelado De Lujo***;290000000;CLP;4 dormitorios;3 baños;180 m² útiles;4 dormitorios | 3 baños | 180 m² útiles;Guayaquil 1 - 300, Santiago, Barrio San Borja, Santiago;
2025-11-29 18:08:23;Santiago;departamento;Estacionamiento Y Bodega / Gorbea;3000;CLF;3 dormitorios;2 baños;61 m² útiles;3 dormitorios | 2 baños | 61 m² útiles;Estacionamiento Y Bodega / Gorbea, Barrio República, Santiago;
2025-11-29 18:08:23;Santiago;departamento;Dpto En Venta 3d Y 2b En Santiago Centro;119800000;CLP;3 dormitorios;2 baños;78 m² útiles;3 dormitorios | 2 baños | 78 m² útiles;San Francisco Entre Eleuterio Ramírez Y Condor, San Diego, Santiago;
2025-11-29 18:08:23;Santiago;departamento;Bien Conectado, Cómodo, 3d2b +1e1b;3998;CLF;3 dormitorios;2 baños;72 m² útiles;3 dormitorios | 2 baños | 72 m² útiles;Padre Miguel De Olivares 1444, Santiago, Bulnes, Santiago;
2025-11-29 18:08:23;Santiago;departamento;Venta Oportunidad Inversionistas: 2d 1b Estac. 2 Bodega;1800;CLF;2 dormitorios;1 baño;37 m² útiles;2 dormitorios | 1 baño | 37 m² útiles;San Diego Con Matta, Parque O'Higgins, Santiago;
2025-11-29 18:08:23;Santiago;departamento;Departamento En Venta De 2 Dorm. En Santiago;2649;CLF;2 dormitorios;2 baños;55 m² útiles;2 dormitorios | 2 baños | 55 m² útiles;San Ignacio 1372, Parque O'Higgins, Santiago;
2025-11-29 18:08:23;Santiago;departamento;Depto En Venta De 1d 1b A Pasos De Metro Santa Ana;1950;CLF;1 dormitorio;1 baño;35 m² útiles;1 dormitorio | 1 baño | 35 m² útiles;Metro Santa Ana, Centro Histórico De Santiago, Santiago;
2025-11-29 18:08:23;Santiago;departamento;¡excelente Oportunidad Inversionistas! Rentabilidad 4%;1100;CLF;1 dormitorio;1 baño;18 m² útiles;1 dormitorio | 1 baño | 18 m² útiles;San Diego, Santiago;
2025-11-29 18:08:23;Santiago;departamento;Departamento En Venta De 2 Dorm. En Santiago;3400;CLF;2 dormitorios;2 baños;68 m² útiles;2 dormitorios | 2 baños | 68 m² útiles;Santa Isabel Con Lira, Santa Isabel, Santiago;
2025-11-29 18:08:23;Santiago;departamento;2d En Suite / Lord Cochrane / Av Matta / Excelente Conexión ;82000000;CLP;2 dormitorios;2 baños;43 m² útiles;2 dormitorios | 2 baños | 43 m² útiles;Lord Cochrane / Avenida Matta / Metro Parque O´Higgins, Parque Almagro, Santiago;
2025-11-29 18:08:23;Santiago;departamento;Venta Depto 3dorm 1baño Metro Plaza De Armas Santiago;70000000;CLP;3 dormitorios;1 baño;41 m² útiles;3 dormitorios | 1 baño | 41 m² útiles;Metro Santa Ana Y Plaza De Armas, Centro Histórico De Santiago, Santiago;
2025-11-29 18:08:23;Santiago;departamento;Departamento En Venta De 3 Dorm. En Santiago;126000000;CLP;3 dormitorios;2 baños;67 m² útiles;3 dormitorios | 2 baños | 67 m² útiles;Museo Militar, Parque Almagro, Santiago;
2025-11-29 18:08:23;Santiago;departamento;Metro Irarrázaval. Depto Con Bodega;2450;CLF;2 dormitorios;1 baño;41 m² útiles;2 dormitorios | 1 baño | 41 m² útiles;Av Portugal Metro Irarrázaval, Barrio Diez De Julio, Santiago;
2025-11-29 18:08:23;Santiago;departamento;Rentabilidad / Metro Toesca / 2d 2b E Y B En Santiago;3090;CLF;2 dormitorios;2 baños;49 m² útiles;2 dormitorios | 2 baños | 49 m² útiles;Barrio Universitario / Metro Toesca / 2D 2B E Y B En Santiago, Santiago;
2025-11-29 18:08:23;Santiago;departamento;Departamento En Venta De 2 Dorm. En Santiago;2105;CLF;2 dormitorios;1 baño;43 m² útiles;2 dormitorios | 1 baño | 43 m² útiles;Serrano / Tarapacá, Bulnes, Santiago;
2025-11-29 18:08:23;Santiago;departamento;Departamento En Venta En Santiago / Parque Ohiggins ;1150;CLF;1 dormitorio;1 baño;20 m² útiles;1 dormitorio | 1 baño | 20 m² útiles;Lord Cochrane / Victoria, Parque O'Higgins, Santiago;
2025-11-29 18:08:23;Santiago;departamento;*** Barrio Lastarria - Excelente Inversion Asegurada***;3400;CLF;1 dormitorio;1 baño;35 m² útiles;1 dormitorio | 1 baño | 35 m² útiles;José Victorino Lastarria 1 - 300, Santiago, Barrio Lastarria, Santiago;
2025-11-29 18:08:23;Santiago;departamento;Depto Venta1 Dorm 1baño 1est Sector Toesca Blanco Encalada;2234;CLF;1 dormitorio;1 baño;33 m² útiles;1 dormitorio | 1 baño | 33 m² útiles;TOESCA, Ejército - Toesca, Santiago;
2025-11-29 18:08:23;Santiago;departamento;Departamento En Venta En Santiago;69000000;CLP;1 dormitorio;1 baño;30 m² útiles;1 dormitorio | 1 baño | 30 m² útiles;Av. Matta / Sta. Elena / Comuna De Santiago, Barrio Diez De Julio, Santiago;
2025-11-29 18:08:23;Santiago;departamento;Departamento En Venta De 2 Dorm. En Santiago;2200;CLF;2 dormitorios;2 baños;41 m² útiles;2 dormitorios | 2 baños | 41 m² útiles;San Diego / Eleuterio Ramírez, Bulnes, Santiago;
2025-11-29 18:08:23;Santiago;departamento;Departamento En Venta De 3 Dorm. En Santiago;2935;CLF;3 dormitorios;2 baños;70 m² útiles;3 dormitorios | 2 baños | 70 m² útiles;Av. Santa Isabel / Carmen, Santa Isabel, Santiago;
2025-11-29 18:08:23;Santiago;departamento;Oferta Rebajado ¡¡ Lindo Departamento Santiago;1890;CLF;1 dormitorio;1 baño;33 m² útiles;1 dormitorio | 1 baño | 33 m² útiles;Bogotá - Sierra Bella, Santiago;
2025-11-29 18:08:23;Santiago;departamento;Departamento En Venta De 2 Dorm. En Santiago;3393;CLF;2 dormitorios;2 baños;47 m² útiles;2 dormitorios | 2 baños | 47 m² útiles;2554, 8350140 Santiago, Región Metropolitana, Parque Los Reyes, Santiago;
2025-11-29 18:08:23;Santiago;departamento;Departamento Venta 2 Dorm. 2baños En Santiago Acepto Ofertas;1750;CLF;2 dormitorios;2 baños;45 m² útiles;2 dormitorios | 2 baños | 45 m² útiles;Metro Rondizzoni, Franklin - Biobío, Santiago;
2025-11-29 18:08:23;Santiago;departamento;¡sector Paris - Londres / Amplio De 1 D Con Estacionamiento!;70000000;CLP;1 dormitorio;1 baño;35 m² útiles;1 dormitorio | 1 baño | 35 m² útiles;Padre Alonso De Ovalle 866, Santiago, Bulnes, Santiago;
2025-11-29 18:08:23;Santiago;departamento;¡de Oportunidad!!! Departamento De 1 Dormitorio En Venta;1650;CLF;1 dormitorio;1 baño;34 m² útiles;1 dormitorio | 1 baño | 34 m² útiles;Plaza De Armas, Centro Histórico De Santiago, Santiago;
2025-11-29 18:08:23;Santiago;departamento;En Venta Moderno Depto.1d/1b Balcon C/vista Zona Sta Isabel;2100;CLF;1 dormitorio;1 baño;34 m² útiles;1 dormitorio | 1 baño | 34 m² útiles;Lira, Santa Isabel, Santiago;
2025-11-29 18:08:23;Santiago;departamento;Departamento En Venta En Metro Ñuble Con Balcón;130000000;CLP;2 dormitorios;2 baños;50 m² útiles;2 dormitorios | 2 baños | 50 m² útiles;Av. Vicuña Mackenna 1800 - 2100, Santiago, Bogotá - Sierra Bella, Santiago;
2025-11-29 18:08:23;Santiago;departamento;Departamento En Venta De 1 Dorm. En Santiago;2875;CLF;1 dormitorio;1 baño;21 m² útiles;1 dormitorio | 1 baño | 21 m² útiles;Santa Elena, Bogotá - Sierra Bella, Santiago;
2025-11-29 18:08:23;Santiago;departamento;Departamento En Venta De 1 Dorm. En Santiago;2026;CLF;1 dormitorio;1 baño;33 m² útiles;1 dormitorio | 1 baño | 33 m² útiles;San Diego / Santa Isabel / Parque Almagro, Bulnes, Santiago;
2025-11-29 18:08:23;Santiago;departamento;Muy Iluminado Y Soleado En Condominio 2 Dormitorios 1 Baño;1580;CLF;2 dormitorios;1 baño;48 m² útiles;2 dormitorios | 1 baño | 48 m² útiles;Esperanza 2910, 8.3499e+06 - 8.3502e+06 Santiago, Región Metropolitana, Chile, Parque Los Reyes, Santiago;
2025-11-29 18:08:23;Santiago;departamento;Departamento En Venta De 2 Dorm. En Santiago;2217;CLF;2 dormitorios;2 baños;72 m² útiles;2 dormitorios | 2 baños | 72 m² útiles;San Antonio / Santo Domino, Centro Histórico De Santiago, Santiago;
2025-11-29 18:08:23;Santiago;departamento;Departamento En Venta De 1 Dorm. En Santiago;2080;CLF;1 dormitorio;1 baño;39 m² útiles;1 dormitorio | 1 baño | 39 m² útiles;San Martin / Moneda, Centro Histórico De Santiago, Santiago;
2025-11-29 18:08:23;Santiago;departamento;Departamento Venta De 2d Y 1b, Santiago Centro;1900;CLF;2 dormitorios;1 baño;48 m² útiles;2 dormitorios | 1 baño | 48 m² útiles;San Martín Con General Makenna, Centro Histórico De Santiago, Santiago;
2025-11-29 18:09:06;Santiago;departamento;Departamento En Venta En Santiago;2300;CLF;2 dormitorios;1 baño;54 m² útiles;2 dormitorios | 1 baño | 54 m² útiles;Mac Iver / Monjitas /Metro Bellas Artes, Centro Histórico De Santiago, Santiago;
2025-11-29 18:09:06;Santiago;departamento;Departamento En Venta En Santiago;1480;CLF;1 dormitorio;1 baño;32 m² útiles;1 dormitorio | 1 baño | 32 m² útiles;Santa Rosa / Eleuterio Ramírez, Santa Isabel, Santiago;
2025-11-29 18:09:06;Santiago;departamento;Estación Metro Toesca / Ejercito;2480;CLF;2 dormitorios;2 baños;44 m² útiles;2 dormitorios | 2 baños | 44 m² útiles;Estación Metro Toesca / Ejercito, Ejército - Toesca, Santiago;
2025-11-29 18:09:06;Santiago;departamento;Cómodo Departamento Bajo Precio De Tasación;1700;CLF;2 dormitorios;1 baño;40 m² útiles;2 dormitorios | 1 baño | 40 m² útiles;Libertad, Barrio Yungay, Santiago;
2025-11-29 18:09:06;Santiago;departamento;Departamento En Venta De 3 Dorm. En Santiago;2614;CLF;3 dormitorios;2 baños;64 m² útiles;3 dormitorios | 2 baños | 64 m² útiles;Cueto / Rosas, Barrio Yungay, Santiago;
2025-11-29 18:09:06;Santiago;departamento;Venta De Departamento En Santiago Centro;2200;CLF;2 dormitorios;2 baños;45 m² útiles;2 dormitorios | 2 baños | 45 m² útiles;Barrio Yungay, Santiago;
2025-11-29 18:09:06;Santiago;departamento;Departamento En Venta De 2 Dorm. En Santiago;72000000;CLP;2 dormitorios;1 baño;45 m² útiles;2 dormitorios | 1 baño | 45 m² útiles;Cantro, Santa Isabel, Santiago;
2025-11-29 18:09:06;Santiago;departamento;Departamento En Venta De 1 Dorm. En Santiago;1330;CLF;1 dormitorio;1 baño;31 m² útiles;1 dormitorio | 1 baño | 31 m² útiles;Barrio Yungay / General Bulnes, Barrio Yungay, Santiago;
2025-11-29 18:09:06;Santiago;departamento;Depto Cercano A Centros Comerciales, Colectivos A 1 Cuadra;42000000;CLP;1 dormitorio;1 baño;29 m² útiles;1 dormitorio | 1 baño | 29 m² útiles;Maipú 1425, Santiago, Parque Los Reyes, Santiago;
2025-11-29 18:09:06;Santiago;departamento;*** Oportunidad !! Parque Almagro - Serrano**;1100;CLF;1 dormitorio;1 baño;20 m² útiles;1 dormitorio | 1 baño | 20 m² útiles;Serrano 300 - 600, Santiago, San Diego, Santiago;
2025-11-29 18:09:06;Santiago;departamento;Depto En Venta Plaza Italia De 1d - 1b ;2150;CLF;1 dormitorio;1 baño;32 m² útiles;1 dormitorio | 1 baño | 32 m² útiles;Alameda Con Ramón Corvalán, Barrio San Borja, Santiago;
2025-11-29 18:09:06;Santiago;departamento;Departamento En Venta De 1 Dorm. En Santiago;1590;CLF;1 dormitorio;1 baño;33 m² útiles;1 dormitorio | 1 baño | 33 m² útiles;Alonso Ovalle, Bulnes, Santiago;
2025-11-29 18:09:06;Santiago;departamento;Departamento En Venta De 1 Dorm. En Santiago;2100;CLF;1 dormitorio;1 baño;30 m² útiles;1 dormitorio | 1 baño | 30 m² útiles;Monjitas / Jose Miguel De La Barra, Barrio Lastarria, Santiago;
2025-11-29 18:09:06;Santiago;departamento;Departamento En Venta De 2 Dorm. En Santiago;1850;CLF;2 dormitorios;2 baños;58 m² útiles;2 dormitorios | 2 baños | 58 m² útiles;Catedral / Morandé / Metro Plaza De Armas, Centro Histórico De Santiago, Santiago;
2025-11-29 18:09:06;Santiago;departamento;Depto Con Piscina, Salon Multiuso, Etc..;41000000;CLP;1 dormitorio;1 baño;25 m² útiles;1 dormitorio | 1 baño | 25 m² útiles;San Pablo 2966, Santiago, Barrio Yungay, Santiago;
2025-11-29 18:09:06;Santiago;departamento;Departamento En El Corazón De Santiago / 1d Y 1b;60000000;CLP;1 dormitorio;1 baño;35 m² útiles;1 dormitorio | 1 baño | 35 m² útiles;Galería Pasaje Plaza De Armas / Metro Plaza De Armas, Centro Histórico De Santiago, Santiago;
2025-11-29 18:09:06;Santiago;departamento;Departamento En Venta De 3 Dorm. En El Corazón De Santiago ;2500;CLF;3 dormitorios;2 baños;78 m² útiles;3 dormitorios | 2 baños | 78 m² útiles;Huérfanos/ Barrio Cívico /Santiago Centro, Centro Histórico De Santiago, Santiago;
2025-11-29 18:09:06;Santiago;departamento;Departamento En Venta De 3 Dorm. En Santiago;4200;CLF;3 dormitorios;2 baños;82 m² útiles;3 dormitorios | 2 baños | 82 m² útiles;A Cuadras Del Metro Santa Isabel, Santa Isabel, Santiago;
2025-11-29 18:09:06;Santiago;departamento;Oportunidad! Amplio Dpto A Pasos De Metro , Santo Domingo;2800;CLF;1 dormitorio;1 baño;53 m² útiles;1 dormitorio | 1 baño | 53 m² útiles;Santo Domingo 1200 - 1500, Santiago, Chile, Centro Histórico De Santiago, Santiago;
2025-11-29 18:09:06;Santiago;departamento;Casa-departamento En Venta De 6 Dorm. En Santiago. Vistas. ;16000;CLF;6 dormitorios;3 baños;295 m² útiles;6 dormitorios | 3 baños | 295 m² útiles;Ismael Valdés Vergara, Centro Histórico De Santiago, Santiago;
2025-11-29 18:09:06;Santiago;departamento;"Departamento En Venta Para Inversión 2d&#43;2b Santiago Cent";2190;CLF;2 dormitorios;2 baños;52 m² útiles;2 dormitorios | 2 baños | 52 m² útiles;Santiago 1320, Parque O'Higgins, Santiago;
2025-11-29 18:09:06;Santiago;departamento;"Departamento En Venta De 1d&#43;1b Metro P Almagro Toesca Mo";2690;CLF;1 dormitorio;1 baño;33 m² útiles;1 dormitorio | 1 baño | 33 m² útiles;Lord Cochrane 347, Santiago;
2025-11-29 18:09:06;Santiago;departamento;Venta Depto 2 Dorm 2 Baños Santa Victoria Santiago;2499;CLF;2 dormitorios;2 baños;43 m² útiles;2 dormitorios | 2 baños | 43 m² útiles;Santa Victoria, Santa Isabel, Santiago;
2025-11-29 18:09:06;Santiago;departamento;Homestudio En Venta;1290;CLF;1 dormitorio;1 baño;25 m² útiles;1 dormitorio | 1 baño | 25 m² útiles;SAN IGNACIO 633, Parque Almagro, Santiago;
2025-11-29 18:09:06;Santiago;departamento;Venta Depto. De 1 Dorm. 1 Baño En Santiago;1869;CLF;1 dormitorio;1 baño;35 m² útiles;1 dormitorio | 1 baño | 35 m² útiles;Marcoleta, Santiago;
2025-11-29 18:09:06;Santiago;departamento;Departamento En Venta En Lord Cochrane;2100;CLF;1 dormitorio;1 baño;32 m² útiles;1 dormitorio | 1 baño | 32 m² útiles;Lord Cochrane 277, Santiago, Bulnes, Santiago;
2025-11-29 18:09:06;Santiago;departamento;Departamento En Venta En Parque Almagro;1850;CLF;1 dormitorio;1 baño;30 m² útiles;1 dormitorio | 1 baño | 30 m² útiles;Cóndor 1358, Santiago, Parque Almagro, Santiago;
2025-11-29 18:09:06;Santiago;departamento;Departamento Ideal Inveriosnita Condor Piso 10;1850;CLF;1 dormitorio;1 baño;30 m² útiles;1 dormitorio | 1 baño | 30 m² útiles;Cóndor 1358, Santiago, Santiago;
2025-11-29 18:09:06;Santiago;departamento;Departamento En Venta En Santiago Centro;1850;CLF;1 dormitorio;1 baño;25 m² útiles;1 dormitorio | 1 baño | 25 m² útiles;Eleuterio Ramírez 1070, Santiago, Chile, San Diego, Santiago;
2025-11-29 18:09:06;Santiago;departamento;Departamento En Venta En Metro Los Héroes, Inacap 2d+1b+ Co;78000000;CLP;2 dormitorios;1 baño;59 m² útiles;2 dormitorios | 1 baño | 59 m² útiles;Almte. Barroso, Santiago, Barrio Brasil, Santiago;
2025-11-29 18:09:06;Santiago;departamento;Vendo Departamento De 3 Dorm. Los Héroes;4500;CLF;3 dormitorios;2 baños;125 m² útiles;3 dormitorios | 2 baños | 125 m² útiles;Fanor Velasco, Centro Histórico De Santiago, Santiago;
2025-11-29 18:09:06;Santiago;departamento;Departamento En Venta De 3 Dorm. 2 Baños ,1 Bodega En Ñuñoa;3300;CLF;3 dormitorios;2 baños;58 m² útiles;3 dormitorios | 2 baños | 58 m² útiles;Metro Ñuble, Bogotá - Sierra Bella, Santiago;
2025-11-29 18:09:06;Santiago;departamento;Depto. En Venta De 3 Dorm. 2 Baños En Santiago. Tarapacá.;3950;CLF;3 dormitorios;2 baños;56 m² útiles;3 dormitorios | 2 baños | 56 m² útiles;Tarapacá, Bulnes, Santiago;
2025-11-29 18:09:06;Santiago;departamento;Linea Dos Y Cinco Metro Santa Ana, Santiago Centro;85000000;CLP;1 dormitorio;1 baño;32 m² útiles;1 dormitorio | 1 baño | 32 m² útiles;Amunátegui 573, Santiago, Centro Histórico De Santiago, Santiago;
2025-11-29 18:09:06;Santiago;departamento;Venta Depto. 2d 2b Santiago Centro;94990000;CLP;2 dormitorios;2 baños;54 m² útiles;2 dormitorios | 2 baños | 54 m² útiles;San Martin, Centro Histórico De Santiago, Santiago;
2025-11-29 18:09:06;Santiago;departamento;Metro Matta, Oportunidad Con Bodega;1449;CLF;1 dormitorio;1 baño;29 m² útiles;1 dormitorio | 1 baño | 29 m² útiles;Matta Con Carmen, Bogotá - Sierra Bella, Santiago;
2025-11-29 18:09:06;Santiago;departamento;Dpto Parque Almagro | 2 H / 2 B, Seminuevo ;2550;CLF;2 dormitorios;2 baños;48 m² útiles;2 dormitorios | 2 baños | 48 m² útiles;Lord Cochrane Santiago, Región Metropolitana, Chile, Parque Almagro, Santiago;
2025-11-29 18:09:06;Santiago;departamento;2 H / 2 B, Cerca De Todo - Seminuevo - Dp Lord Cochrane;2550;CLF;2 dormitorios;2 baños;48 m² útiles;2 dormitorios | 2 baños | 48 m² útiles;Lord Cochrane  Santiago, Región Metropolitana, Chile, Parque Almagro, Santiago;
2025-11-29 18:09:06;Santiago;departamento;Departamento En Venta De 1 Dorm. En Santiago;2350;CLF;1 dormitorio;1 baño;35 m² útiles;1 dormitorio | 1 baño | 35 m² útiles;Moneda Con Tucapel Jiménez, Centro Histórico De Santiago, Santiago;
2025-11-29 18:09:06;Santiago;departamento;Dpto San Isidro;3400;CLF;2 dormitorios;1 baño;54 m² útiles;2 dormitorios | 1 baño | 54 m² útiles;Eyzaguirre 600 - 900, Santiago, Región Metropolitana, Chile, San Diego, Santiago;
2025-11-29 18:09:06;Santiago;departamento;Solo Inversión, San Martin / G Mackenna/ Cercano A Metro.;3200;CLF;3 dormitorios;2 baños;51 m² útiles;3 dormitorios | 2 baños | 51 m² útiles;San Martín 898, Santiago, Chile, Centro Histórico De Santiago, Santiago;
2025-11-29 18:09:06;Santiago;departamento;Departamento En Venta De 2 Dorm. En El Centro De Santiago;2600;CLF;2 dormitorios;1 baño;41 m² totales;2 dormitorios | 1 baño | 41 m² totales;Santiago Centro, Parque Almagro, Santiago;
2025-11-29 18:09:06;Santiago;departamento;Venta Depto (2d-2b-1e-1b) Centro De Stgo Metro Moneda;2850;CLF;2 dormitorios;2 baños;50 m² útiles;2 dormitorios | 2 baños | 50 m² útiles;LORD COCHRANE, Bulnes, Santiago;
2025-11-29 18:09:06;Santiago;departamento;Departamento En Venta De 17 Dorm. En Santiago;20000;CLF;17 dormitorios;10 baños;590 m² útiles;17 dormitorios | 10 baños | 590 m² útiles;Lord Cochrane Con Calle Vidaurre, Bulnes, Santiago;
2025-11-29 18:09:06;Santiago;departamento;Departamento En Venta En Santiago Centro;2150;CLF;1 dormitorio;1 baño;34 m² útiles;1 dormitorio | 1 baño | 34 m² útiles;Eleuterio Ramírez 1070, Santiago, Chile, San Diego, Santiago;
2025-11-29 18:09:06;Santiago;departamento;Amunategui Con Rosas, Metro Moneda Y Santa Ana.;2350;CLF;2 dormitorios;2 baños;53 m² útiles;2 dormitorios | 2 baños | 53 m² útiles;Amunategui Con Rosas, Centro Histórico De Santiago, Santiago;
2025-11-29 18:09:06;Santiago;departamento;Departamento En Venta En Alameda Santiago;2150;CLF;1 dormitorio;1 baño;34 m² útiles;1 dormitorio | 1 baño | 34 m² útiles;Eleuterio Ramírez 1070, Santiago, Chile, San Diego, Santiago;
2025-11-29 18:09:06;Santiago;departamento;Departamento En Venta De 2 Dormitorios En Santiago, Aldunate;2600;CLF;2 dormitorios;2 baños;54 m² útiles;2 dormitorios | 2 baños | 54 m² útiles;Aldunate Con Pedro Lagos, Parque O'Higgins, Santiago;
2025-11-29 18:09:33;Santiago;departamento;Departamento En Venta En Santiago Centro;2150;CLF;1 dormitorio;1 baño;34 m² útiles;1 dormitorio | 1 baño | 34 m² útiles;Eleuterio Ramírez 1070, Santiago, Chile, San Diego, Santiago;
2025-11-29 18:09:33;Santiago;departamento;Venta Hermoso Departamento 2d 2b, Stgo Centro;2900;CLF;2 dormitorios;2 baños;;2 dormitorios | 2 baños;Monjitas 738, Santiago;
2025-11-29 18:09:33;Santiago;departamento;Departamento En Venta De 1 Dorm. En Santiago;63000000;CLP;1 dormitorio;1 baño;35 m² útiles;1 dormitorio | 1 baño | 35 m² útiles;Balmaceda Con General Baquedano, Parque Los Reyes, Santiago;
2025-11-29 18:09:33;Santiago;departamento;Departamento En Venta De 1 Dorm. En Santiago;1750;CLF;1 dormitorio;1 baño;27 m² útiles;1 dormitorio | 1 baño | 27 m² útiles;Metro Toesca, Ejército - Toesca, Santiago;
2025-11-29 18:09:33;Santiago;departamento;Venta Departamento Santiago Centro 1 Dormitorio Impecable;2690;CLF;1 dormitorio;1 baño;58 m² útiles;1 dormitorio | 1 baño | 58 m² útiles;Santo Domingo 1470, Centro Histórico De Santiago, Santiago;
2025-11-29 18:09:33;Santiago;departamento;Venta Depto 1d 1b Santiago Eleuterio Ramírez;2990;CLF;1 dormitorio;1 baño;30 m² útiles;1 dormitorio | 1 baño | 30 m² útiles;Eleuterio Ramírez, San Diego, Santiago;
2025-11-29 18:09:33;Santiago;departamento;Luminoso Depto Cercano A Metro San Ana;2150;CLF;;2 baños;41 m² útiles;2 baños | 41 m² útiles;San Martin 733, Santiago Centro., Centro Histórico De Santiago, Santiago;
2025-11-29 18:09:33;Santiago;departamento;Departamento En Venta De 1 Dorm. En Santiago;1800;CLF;1 dormitorio;1 baño;25 m² útiles;1 dormitorio | 1 baño | 25 m² útiles;Lira, Santa Isabel, Santiago;
2025-11-29 18:09:33;Santiago;departamento;Departamento En Venta Metro Santa Ana, Stgo Centro;2700;CLF;2 dormitorios;2 baños;53 m² útiles;2 dormitorios | 2 baños | 53 m² útiles;Mario Kreutzberger, Centro Histórico De Santiago, Santiago;
2025-11-29 18:09:33;Santiago;departamento;Departamento En Venta De 2 Dorm. En Santiago;2930;CLF;2 dormitorios;1 baño;67 m² útiles;2 dormitorios | 1 baño | 67 m² útiles;San Ignacio De Loyola, Parque Almagro, Santiago;
2025-11-29 18:09:33;Santiago;departamento;Venta Hermoso Departamento 2d 2b Santiago, Gran Ubicación!;2900;CLF;2 dormitorios;2 baños;;2 dormitorios | 2 baños;Merced 717, Centro Histórico De Santiago, Santiago;
2025-11-29 18:09:33;Santiago;departamento;Venta Departamento 2d,1b, Est Y Bod. Metro Ñuble;2670;CLF;2 dormitorios;1 baño;38 m² útiles;2 dormitorios | 1 baño | 38 m² útiles;Metro Ñuble, Bogotá - Sierra Bella, Santiago;
2025-11-29 18:09:33;Santiago;departamento;Departamento En Venta De 2 Dorm. En Santiago;2935;CLF;2 dormitorios;1 baño;67 m² útiles;2 dormitorios | 1 baño | 67 m² útiles;San Ignacio De Loyola, Parque Almagro, Santiago;
2025-11-29 18:09:33;Santiago;departamento;Departamento En Venta De 2 Dorm Y Estacionamieto En Santiago;3400;CLF;2 dormitorios;2 baños;46 m² útiles;2 dormitorios | 2 baños | 46 m² útiles;Metro Irrarazaval, Barrio Diez De Julio, Santiago;
2025-11-29 18:09:33;Santiago;departamento;Departamento En Venta De 2 Dorm. En Santiago;2400;CLF;2 dormitorios;2 baños;58 m² útiles;2 dormitorios | 2 baños | 58 m² útiles;Santa Isabel, Santa Isabel, Santiago;
2025-11-29 18:09:33;Santiago;departamento;Departamento En Santiago Cercano Al Metro Santa Lucía;1972;CLF;2 dormitorios;1 baño;37 m² útiles;2 dormitorios | 1 baño | 37 m² útiles;Santa Isabel, Santiago;
2025-11-29 18:09:33;Santiago;departamento;Venta Departamento 2 Dormitorios 1 Baño En Santiago Centro;2300;CLF;2 dormitorios;1 baño;44 m² útiles;2 dormitorios | 1 baño | 44 m² útiles;Metro Santa Ana, Centro Histórico De Santiago, Santiago;
2025-11-29 18:09:33;Santiago;departamento;Departamento En Venta En Santiago;3100;CLF;2 dormitorios;2 baños;48 m² útiles;2 dormitorios | 2 baños | 48 m² útiles;Av. Almte. Blanco Encalada 1771, Santiago, Ejército - Toesca, Santiago;
2025-11-29 18:09:33;Santiago;departamento;Departamento En Venta De 1 Dorm. En Pleno Centro De Santiago;2800;CLF;1 dormitorio;1 baño;37 m² útiles;1 dormitorio | 1 baño | 37 m² útiles;Alonso Ovalle 884, Departamento 807, Santiago Centro, Bulnes, Santiago;
2025-11-29 18:09:33;Santiago;departamento;Departamento En Venta De 1 Dorm. En Pleno Centro De Santiago;3050;CLF;1 dormitorio;1 baño;37 m² útiles;1 dormitorio | 1 baño | 37 m² útiles;Alonso Ovalle 884, Departamento 807, Santiago Centro, Bulnes, Santiago;
2025-11-29 18:09:33;Santiago;departamento;Departamento En Venta En Metro Santa Ana;2290;CLF;2 dormitorios;2 baños;51 m² útiles;2 dormitorios | 2 baños | 51 m² útiles;GENERAL MACKENNA/AUTOPISTA CENTRAL, Santiago;
2025-11-29 18:09:33;Santiago;departamento;"Departamento En Venta 1d&#43;1b Metro Toesca Santiago";2290;CLF;1 dormitorio;1 baño;41 m² útiles;1 dormitorio | 1 baño | 41 m² útiles;Dieciocho 747, Parque Almagro, Santiago;
2025-11-29 18:09:33;Santiago;departamento;Departamento En Venta De 2 Dorms. Y 2 Baños En Santiago;2500;CLF;2 dormitorios;2 baños;46 m² útiles;2 dormitorios | 2 baños | 46 m² útiles;Santiago / Nataniel Cox, Santiago;
2025-11-29 18:09:33;Santiago;departamento;Departamento En Venta De 1 Dorm. En Pleno Centro De Santiago;2500;CLF;1 dormitorio;1 baño;37 m² útiles;1 dormitorio | 1 baño | 37 m² útiles;Alonso Ovalle 884, Departamento 807, Santiago Centro, Bulnes, Santiago;
2025-11-29 18:09:33;Santiago;departamento;Venta Departamento 2 Dormitorios 2 Baños En Santiago Centro ;3700;CLF;2 dormitorios;2 baños;63 m² útiles;2 dormitorios | 2 baños | 63 m² útiles;Departamento Remodelado De 2 Dormitorios Y 2 Baños En Agustinas Con Manuel Rodríguez, Centro Histórico De Santiago, Santiago;
2025-11-29 18:09:33;Santiago;departamento;Departamento En Venta Para Inversión Metro Santa Ana;1290;CLF;;1 baño;23 m² útiles;1 baño | 23 m² útiles;Amunategui 630, Centro Histórico De Santiago, Santiago;
2025-11-29 18:09:33;Santiago;departamento;Venta Departamento En Santiago Centro ;2490;CLF;2 dormitorios;2 baños;50 m² útiles;2 dormitorios | 2 baños | 50 m² útiles;Departamento 2D/2B Ubicado En Eleuterio Ramírez, Metro Parque Almagro Y/o Moneda, Parque Almagro, Santiago;
2025-11-29 18:09:33;Santiago;departamento;Departamento En Venta De 1 Dorm. En Santiago;2100;CLF;1 dormitorio;1 baño;35 m² útiles;1 dormitorio | 1 baño | 35 m² útiles;BARRIO SANTA ISABEL, Santa Isabel, Santiago;
2025-11-29 18:09:33;Santiago;departamento;Departamento En Venta En Santa Ana;2960;CLF;1 dormitorio;1 baño;29 m² útiles;1 dormitorio | 1 baño | 29 m² útiles;SANTA ANA, Santiago;
2025-11-29 18:09:33;Santiago;departamento;Departamento En Venta De 2 Dorm. En Santiago Centro;2680;CLF;2 dormitorios;2 baños;;2 dormitorios | 2 baños;Santiago Esquina Nataniel Cox, Parque O'Higgins, Santiago;
2025-11-29 18:09:33;Santiago;departamento;Departamento En Venta De 1 Dorm. Estudio En Santiago;1190;CLF;1 dormitorio;1 baño;25 m² útiles;1 dormitorio | 1 baño | 25 m² útiles;San Diego Con Pedro Lagos (Metro Rondizzoni), Parque O'Higgins, Santiago;
2025-11-29 18:09:33;Santiago;departamento;Departamento En Venta Santiago;1900;CLF;;1 baño;36 m² útiles;1 baño | 36 m² útiles;Argomedo 390, Santa Isabel, Santiago;
2025-11-29 18:09:33;Santiago;departamento;Departamento En Venta En Carmen;3450;CLF;3 dormitorios;2 baños;60 m² útiles;3 dormitorios | 2 baños | 60 m² útiles;CARMEN / CURICO, Santiago;
2025-11-29 18:09:33;Santiago;departamento;1b 1b Cocina Americana Terraza Y Bodega;1985;CLF;1 dormitorio;1 baño;31 m² útiles;1 dormitorio | 1 baño | 31 m² útiles;San Isidro 488, Santiago, Santa Isabel, Santiago;
2025-11-29 18:09:33;Santiago;departamento;Impecable Departamento Seminuevo Con Buenas Terminaciones;2280;CLF;1 dormitorio;1 baño;35 m² útiles;1 dormitorio | 1 baño | 35 m² útiles;Almte. Latorre 673, 8370373 Santiago, Región Metropolitana, Chile, Barrio República, Santiago;
2025-11-29 18:09:33;Santiago;departamento;Departamento En Venta En San Isidro;3400;CLF;2 dormitorios;2 baños;47 m² útiles;2 dormitorios | 2 baños | 47 m² útiles;SAN ISIDRO / SARA DEL CARMEN, Santiago;
2025-11-29 18:09:33;Santiago;departamento;1d 1b C/bodega S/estacionamiento San Isidro / Santa Isabel;1985;CLF;1 dormitorio;1 baño;31 m² útiles;1 dormitorio | 1 baño | 31 m² útiles;San Isidro 488, Santiago, Santa Isabel, Santiago;
2025-11-29 18:09:33;Santiago;departamento;Departamento En Venta En Santiago Metro San Ana;2350;CLF;2 dormitorios;1 baño;34 m² útiles;2 dormitorios | 1 baño | 34 m² útiles;San Martín 714, Santiago, Chile, Centro Histórico De Santiago, Santiago;
2025-11-29 18:09:33;Santiago;departamento;Departamento En Venta De 1 Dorm. En Santiago;2100;CLF;1 dormitorio;1 baño;31 m² útiles;1 dormitorio | 1 baño | 31 m² útiles;Frente Al Club Hípico, Barrio República, Santiago;
2025-11-29 18:09:33;Santiago;departamento;Departamento En Venta 2 Dorm. 1 Baño En Santiago Centro.;2280;CLF;2 dormitorios;1 baño;38 m² útiles;2 dormitorios | 1 baño | 38 m² útiles;A Pasos De Av. Santa Rosa Y Cercano A Metros Parque Almagro Y Santa Lucía., San Diego, Santiago;
2025-11-29 18:09:33;Santiago;departamento;Departamento En Venta En Pdte Balmaceda;2100;CLF;2 dormitorios;2 baños;46 m² útiles;2 dormitorios | 2 baños | 46 m² útiles;PDTE BALMACEDA / PARQUE DE LA FAMILIA, Parque Los Reyes, Santiago;
2025-11-29 18:09:33;Santiago;departamento;Departamento En Venta De 1d En Plaza De Armas ;79000000;CLP;1 dormitorio;1 baño;43 m² útiles;1 dormitorio | 1 baño | 43 m² útiles;"Departamento En Edificio &quot;Galería Caja Agraria&quot;, 1D/1B, Centro Histórico De Santiago, Santiago";
2025-11-29 18:09:33;Santiago;departamento;Departamento En Venta En San Pablo;1490;CLF;1 dormitorio;1 baño;35 m² útiles;1 dormitorio | 1 baño | 35 m² útiles;SAN PABLO / TEATINOS, Centro Histórico De Santiago, Santiago;
2025-11-29 18:09:33;Santiago;departamento;Departamento En Venta En Santiago;2000;CLF;1 dormitorio;1 baño;30 m² útiles;1 dormitorio | 1 baño | 30 m² útiles;San Francisco - Tarapaca, Bulnes, Santiago;
2025-11-29 18:09:33;Santiago;departamento;Departamento En Venta En Ñuble;3623;CLF;2 dormitorios;1 baño;47 m² útiles;2 dormitorios | 1 baño | 47 m² útiles;ÑUBLE, Santiago;
2025-11-29 18:09:33;Santiago;departamento;"Departamento En Venta De 1d&#43;1b Metro Moneda Héroes Santa";1990;CLF;1 dormitorio;1 baño;36 m² útiles;1 dormitorio | 1 baño | 36 m² útiles;Tucapel Jimenez 136, Centro Histórico De Santiago, Santiago;
2025-11-29 18:09:33;Santiago;departamento;"Departamento En Venta 1d&#43;1b&#43;1b Metro Santa Ana Y Los";1890;CLF;1 dormitorio;1 baño;33 m² útiles;1 dormitorio | 1 baño | 33 m² útiles;Agustinas 1612, Centro Histórico De Santiago, Santiago;
2025-11-29 18:10:15;Santiago;departamento;Departamento 1 Dorm./ Santiago / Estacionamiento Y Bodegega;1800;CLF;1 dormitorio;1 baño;30 m² útiles;1 dormitorio | 1 baño | 30 m² útiles;Nataniel Cox, Ercano A Metro Parque O´Higgins., Parque O'Higgins, Santiago;
2025-11-29 18:10:15;Santiago;departamento;Departamento En Venta En Santiago;1900;CLF;1 dormitorio;1 baño;30 m² útiles;1 dormitorio | 1 baño | 30 m² útiles;San Francisco - Tarapaca, Bulnes, Santiago;
2025-11-29 18:10:15;Santiago;departamento;Departamento En Venta En Santiago Centro;1790;CLF;1 dormitorio;1 baño;31 m² útiles;1 dormitorio | 1 baño | 31 m² útiles;Portugal 300 - 600, Santiago, Santa Isabel, Santiago;
2025-11-29 18:10:15;Santiago;departamento;Departamento En Venta En Santiago;2250;CLF;1 dormitorio;1 baño;30 m² útiles;1 dormitorio | 1 baño | 30 m² útiles;San Francisco - Tarapaca, Bulnes, Santiago;
2025-11-29 18:10:15;Santiago;departamento;Departamento En Venta En Santiago Centro;2400;CLF;2 dormitorios;1 baño;41 m² útiles;2 dormitorios | 1 baño | 41 m² útiles;Nataniel Cox 599, Santiago, Chile, Parque Almagro, Santiago;
2025-11-29 18:10:15;Santiago;departamento;Venta Metro Cumming / Martinez De Rozas / Gral Bulnes;2200;CLF;1 dormitorio;1 baño;36 m² útiles;1 dormitorio | 1 baño | 36 m² útiles;Metro Cumming, Parque Los Reyes, Santiago;
2025-11-29 18:10:15;Santiago;departamento;Venta Metro Santa Lucia / Carmen / Santa Victoria;3050;CLF;2 dormitorios;2 baños;58 m² útiles;2 dormitorios | 2 baños | 58 m² útiles;Santa Lucia, Santa Isabel, Santiago;
2025-11-29 18:10:15;Santiago;departamento;Un Dormitorio , Full Amoblado ;1890;CLF;1 dormitorio;1 baño;32 m² útiles;1 dormitorio | 1 baño | 32 m² útiles;Lord Cochrane 181, Santiago, Bulnes, Santiago;
2025-11-29 18:10:15;Santiago;departamento;Departamento En Venta En Bulnes, Santiago;1890;CLF;1 dormitorio;1 baño;32 m² útiles;1 dormitorio | 1 baño | 32 m² útiles;Lord Cochrane 1 - 300, Santiago, Bulnes, Santiago;
2025-11-29 18:10:15;Santiago;departamento;Venta Departamento 2 Dormitorios 2 Baños En Santiago Centro;2600;CLF;2 dormitorios;2 baños;47 m² útiles;2 dormitorios | 2 baños | 47 m² útiles;Metro Santa Lucía, Santiago;
2025-11-29 18:10:15;Santiago;departamento;Departamento En Venta En Huerfanos Amunátegui;2290;CLF;1 dormitorio;1 baño;40 m² útiles;1 dormitorio | 1 baño | 40 m² útiles;SANTIAGO CENTRO/HUERFANOS, Santiago;
2025-11-29 18:10:15;Santiago;departamento;Departamento En Venta En Santa Elena;3090;CLF;2 dormitorios;2 baños;50 m² útiles;2 dormitorios | 2 baños | 50 m² útiles;SANTA ELENA / VICUÑA MACKENNA, Barrio Diez De Julio, Santiago;
2025-11-29 18:10:15;Santiago;departamento;Departamento En Venta En Abate Molina Con Patio Interior;3800;CLF;2 dormitorios;2 baños;85 m² útiles;2 dormitorios | 2 baños | 85 m² útiles;Abate Molina 591, Santiago, Meiggs, Santiago;
2025-11-29 18:10:15;Santiago;departamento;Depto Estudio Para Inversion Centrico;2400;CLF;1 dormitorio;1 baño;30 m² útiles;1 dormitorio | 1 baño | 30 m² útiles;Santa Victoria 366, Santiago, Chile, Santa Isabel, Santiago;
2025-11-29 18:10:15;Santiago;departamento;Departamento En Venta En Eleuterio Ramírez;4930;CLF;3 dormitorios;2 baños;72 m² útiles;3 dormitorios | 2 baños | 72 m² útiles;ELEUTERIO RAMÍREZ, Bulnes, Santiago;
2025-11-29 18:10:15;Santiago;departamento;Departamento En Venta En Huerfanos Amunátegui;2290;CLF;1 dormitorio;1 baño;40 m² útiles;1 dormitorio | 1 baño | 40 m² útiles;HUERFANOS/ AMUNÁTEGUI, Centro Histórico De Santiago, Santiago;
2025-11-29 18:10:15;Santiago;departamento;Departamento En Venta En Santiago;2700;CLF;2 dormitorios;2 baños;53 m² útiles;2 dormitorios | 2 baños | 53 m² útiles;MARIN 145, Santiago;
2025-11-29 18:10:15;Santiago;departamento;Departamento En Venta De 3 Dorm. En Santiago;4600;CLF;3 dormitorios;2 baños;80 m² útiles;3 dormitorios | 2 baños | 80 m² útiles;Sazie - Carrera, Ejército - Toesca, Santiago;
2025-11-29 18:10:15;Santiago;departamento;Venta Depto Tipo Estudio Calle Merced Centro De Santiago;1630;CLF;1 dormitorio;1 baño;25 m² útiles;1 dormitorio | 1 baño | 25 m² útiles;Calle Merced, Centro Histórico De Santiago, Santiago;
2025-11-29 18:10:15;Santiago;departamento;Venta Depto 1d 1b Santiago.;1660;CLF;1 dormitorio;1 baño;27 m² útiles;1 dormitorio | 1 baño | 27 m² útiles;San Francisco, Bulnes, Santiago;
2025-11-29 18:10:15;Santiago;departamento;Piso Parque Almagro | 2 H / 2 B | Seminuevo;2550;CLF;2 dormitorios;2 baños;48 m² útiles;2 dormitorios | 2 baños | 48 m² útiles;Lord Cochrane 401-497, 8.3304e+06 - 8.3307e+06 Santiago, Región Metropolitana, Chile, Parque Almagro, Santiago;
2025-11-29 18:10:15;Santiago;departamento;Venta Depto. Home Studio Gral. Mackenna Santiago Centro;1490;CLF;1 dormitorio;1 baño;27 m² útiles;1 dormitorio | 1 baño | 27 m² útiles;General Mackenna, Centro Histórico De Santiago, Santiago;
2025-11-29 18:10:15;Santiago;departamento;Piso San Isidro;3400;CLF;2 dormitorios;1 baño;54 m² útiles;2 dormitorios | 1 baño | 54 m² útiles;San Isidro 600 - 900, Santiago, Barrio Diez De Julio, Santiago;
2025-11-29 18:10:15;Santiago;departamento;Venta Depto 1d/1b Estacionamiento Y Bodega Barrio Republica;85000000;CLP;1 dormitorio;1 baño;32 m² útiles;1 dormitorio | 1 baño | 32 m² útiles;José Miguel Carrera 277, Santiago, Ejército - Toesca, Santiago;
2025-11-29 18:10:15;Santiago;departamento;Depto 30 M² En San Isidro, Ideal Inversión En Santiago;1500;CLF;1 dormitorio;1 baño;29 m² útiles;1 dormitorio | 1 baño | 29 m² útiles;San Isidro 337, Santa Isabel, Santiago;
2025-11-29 18:10:15;Santiago;departamento;Departamento En Venta 1 Dorm Santiago Centro Metro Moneda;2200;CLF;1 dormitorio;1 baño;1 m² totales;1 dormitorio | 1 baño | 1 m² totales;Eleuterio Ramírez Con Nataniel Cox, Parque Almagro, Santiago;
2025-11-29 18:10:15;Santiago;departamento;Venta Depto. Home Studio En Santiago Gral. Mackenna;63000000;CLP;1 dormitorio;1 baño;27 m² útiles;1 dormitorio | 1 baño | 27 m² útiles;General Mackenna, Centro Histórico De Santiago, Santiago;
2025-11-29 18:10:15;Santiago;departamento;Venta Dpto 1 Dorm / 1e1b / Metro Sta Lucía;68000000;CLP;1 dormitorio;1 baño;26 m² útiles;1 dormitorio | 1 baño | 26 m² útiles;San Isidro 1 - 300, Santiago, Santa Isabel, Santiago;
2025-11-29 18:10:15;Santiago;departamento;Excelente Departamento En Venta;2500;CLF;2 dormitorios;2 baños;50 m² útiles;2 dormitorios | 2 baños | 50 m² útiles;Santa Isabel 951, San Diego, Santiago;
2025-11-29 18:10:15;Santiago;departamento;Departamento 1d-1b En Venta Cercano Metro Toesca;1980;CLF;1 dormitorio;1 baño;36 m² útiles;1 dormitorio | 1 baño | 36 m² útiles;Vergara Esquina Gorbea, Ejército - Toesca, Santiago;
2025-11-29 18:10:15;Santiago;departamento;Depto. Estudio Centrico, Sotomayor Con Catedral;42000000;CLP;1 dormitorio;1 baño;23 m² útiles;1 dormitorio | 1 baño | 23 m² útiles;Rafael Sotomayor 490, Santiago, Chile, Barrio Yungay, Santiago;
2025-11-29 18:10:15;Santiago;departamento;Santa Isabel / Carmen  Inversionistas - Arrendado;79000000;CLP;2 dormitorios;1 baño;55 m² útiles;2 dormitorios | 1 baño | 55 m² útiles;Santa Isabel 517, Santiago, Chile, Santa Isabel, Santiago;
2025-11-29 18:10:15;Santiago;departamento;Inversionistas -  Depto. 2d/ 2b Arrendado;3000;CLF;2 dormitorios;2 baños;52 m² útiles;2 dormitorios | 2 baños | 52 m² útiles;Lord Cochrane 277, Santiago, Bulnes, Santiago;
2025-11-29 18:10:15;Santiago;departamento;2 H / 2 B, Cerca De Todo - Seminuevo - Piso Lord Cochrane;2550;CLF;2 dormitorios;2 baños;48 m² útiles;2 dormitorios | 2 baños | 48 m² útiles;Padre Alonso De Ovalle 1200 - 1500, Santiago, Región Metropolitana, Chile, Bulnes, Santiago;
2025-11-29 18:10:15;Santiago;departamento;Lord Cochrane / Parque Almagro;1400;CLF;1 dormitorio;1 baño;27 m² útiles;1 dormitorio | 1 baño | 27 m² útiles;COPIAPO / LORD COCHRANE, Santiago;
2025-11-29 18:10:15;Santiago;departamento;Departamento En Venta De 3 Dorm. En Santiago;140000000;CLP;3 dormitorios;2 baños;70 m² útiles;3 dormitorios | 2 baños | 70 m² útiles;A Pasos De Metro Santa Ana, Centro Histórico De Santiago, Santiago;
2025-11-29 18:10:15;Santiago;departamento;"Se Vende Depto 2d&#43;1b&#43;estac, Metro Sta Isabel, Santia";2700;CLF;2 dormitorios;1 baño;47 m² útiles;2 dormitorios | 1 baño | 47 m² útiles;PORTUGAL 551, Santa Isabel, Santiago;
2025-11-29 18:10:15;Santiago;departamento;Departamento En Venta De 2 Dorm. En Santiago;2350;CLF;2 dormitorios;2 baños;53 m² útiles;2 dormitorios | 2 baños | 53 m² útiles;METRO MONEDA, Bulnes, Santiago;
2025-11-29 18:10:15;Santiago;departamento;"Dpto Apto Para Oficina Con 4 D &#43;2b&#43;hall&#43;cocina E";3756;CLF;4 dormitorios;2 baños;87 m² útiles;4 dormitorios | 2 baños | 87 m² útiles;Alameda Esquina Portugal, Barrio San Borja, Santiago;
2025-11-29 18:10:15;Santiago;departamento;Departamento En Venta De 4 Dorm. En Paseo Bulnes, Santiago;169000000;CLP;4 dormitorios;2 baños;157 m² totales;4 dormitorios | 2 baños | 157 m² totales;Paseo Bulnes, Bulnes, Santiago;
2025-11-29 18:10:15;Santiago;departamento;Departamento En Venta De 2 Dorm 1 Baño Cerca U. Católica;2279;CLF;2 dormitorios;1 baño;54 m² útiles;2 dormitorios | 1 baño | 54 m² útiles;Curicó 385, Santa Isabel, Santiago;
2025-11-29 18:10:15;Santiago;departamento;Curico/portugal 2 Dormitorios Pasos Al Metro Y Posta Central;108000000;CLP;2 dormitorios;1 baño;65 m² útiles;2 dormitorios | 1 baño | 65 m² útiles;Curicó 237, Santiago, Chile, Santa Isabel, Santiago;
2025-11-29 18:10:15;Santiago;departamento;Departamento Tipo Estudio En Venta En Santiago Centro;1174;CLF;;1 baño;23 m² totales;1 baño | 23 m² totales;A Una Cuadra De La Av. Santa Isabel, Santa Isabel, Santiago;
2025-11-29 18:10:15;Santiago;departamento;Inversionistas, Vendo Departamento 1 Dorm. Santiago Centro;45000000;CLP;1 dormitorio;1 baño;;1 dormitorio | 1 baño;Parque Los Reyes Con Cumming, Parque Los Reyes, Santiago;
2025-11-29 18:10:15;Santiago;departamento;¡tu Nuevo Hogar En El Corazón De Santiago!;2900;CLF;2 dormitorios;1 baño;51 m² útiles;2 dormitorios | 1 baño | 51 m² útiles;Padre Alonso De Ovalle, 1 - 300, Santiago;
2025-11-29 18:10:15;Santiago;departamento;Departamento Central En Santiago;1750;CLF;2 dormitorios;1 baño;38 m² útiles;2 dormitorios | 1 baño | 38 m² útiles;San Diego 1473, 1200 - 1500, Parque O'Higgins, Santiago;
2025-11-29 18:10:15;Santiago;departamento; Acogedor Dpto. En Santiago: Inversión Perfecta ;1750;CLF;2 dormitorios;1 baño;39 m² útiles;2 dormitorios | 1 baño | 39 m² útiles;San Diego 1200 - 1500, 1473, Parque O'Higgins, Santiago;
2025-11-29 18:10:15;Santiago;departamento; Departamento Céntrico 1d 1b En Santiago ;1150;CLF;1 dormitorio;1 baño;33 m² útiles;1 dormitorio | 1 baño | 33 m² útiles;General Gana 11 - 30063, 0, Franklin - Biobío, Santiago;
2025-11-29 18:10:40;Santiago;departamento;Moderno Y Compacto Departamento Ideal Para Inversi...;2200;CLF;1 dormitorio;1 baño;37 m² útiles;1 dormitorio | 1 baño | 37 m² útiles;Santiago, Santa Isabel;
2025-11-29 18:10:40;Santiago;departamento;Departamento En Venta En Santiago;3000;CLF;2 dormitorios;2 baños;40 m² útiles;2 dormitorios | 2 baños | 40 m² útiles;Calle San Pablo 1433, Comuna De Santiago, Región Metropolitana., Centro Histórico De Santiago, Santiago;
2025-11-29 18:11:07;Santiago;departamento;Departamento Renovado En Eyzaguirre, Santiago Cent...;3088;CLF;3 dormitorios;1 baño;47 m² útiles;3 dormitorios | 1 baño | 47 m² útiles;Santiago, San Diego;
2025-11-29 18:11:07;Santiago;departamento;Oportunidad Departamento 1 Ambiente;1600;CLF;1 dormitorio;1 baño;26 m² útiles;1 dormitorio | 1 baño | 26 m² útiles;Santiago, Centro Histórico De Santiago;
2025-11-29 18:11:07;Santiago;departamento;Increíble Oficina En Santiago Centro ;6806;CLF;7 dormitorios;3 baños;166 m² útiles;7 dormitorios | 3 baños | 166 m² útiles;Santiago, Centro Histórico De Santiago;
2025-11-29 18:11:07;Santiago;departamento;Departamento En Venta;2518;CLF;3 dormitorios;1 baño;62 m² útiles;3 dormitorios | 1 baño | 62 m² útiles;Santiago, Barrio Diez De Julio;
2025-11-29 18:11:07;Santiago;departamento;Av. Santa Isabel/ San Francisco /2d/2b/;2650;CLF;2 dormitorios;2 baños;50 m² útiles;2 dormitorios | 2 baños | 50 m² útiles;Av. Sta. Isabel 765, Santiago, San Diego, Santiago;
2025-11-29 18:11:07;Santiago;departamento;Oficina En Calle Huérfanos Con Mac Iver;2475;CLF;1 dormitorio;1 baño;29 m² útiles;1 dormitorio | 1 baño | 29 m² útiles;Santiago, Centro Histórico De Santiago;
2025-11-29 18:11:07;Santiago;departamento;Oferta! Cómodo Departamento En Calle Serrano, Sant...;2200;CLF;1 dormitorio;1 baño;35 m² útiles;1 dormitorio | 1 baño | 35 m² útiles;Santiago;
2025-11-29 18:11:07;Santiago;departamento;Oferta!! Departamento En Arturo Prat En Liquidació...;2862;CLF;2 dormitorios;1 baño;43 m² útiles;2 dormitorios | 1 baño | 43 m² útiles;Santiago, San Diego;
2025-11-29 18:11:07;Santiago;departamento;Departamento En Eyzaguirre;3700;CLF;2 dormitorios;2 baños;61 m² útiles;2 dormitorios | 2 baños | 61 m² útiles;Santiago, San Diego;
2025-11-29 18:11:07;Santiago;departamento;Venta Dpto. 1 Dor + 1baño Metro Matta Santiago;1800;CLF;1 dormitorio;1 baño;28 m² útiles;1 dormitorio | 1 baño | 28 m² útiles;Parque O'Higgins, Santiago;
2025-11-29 18:11:07;Santiago;departamento;Amplio Departamento En Amunátegui;6000;CLF;3 dormitorios;2 baños;112 m² útiles;3 dormitorios | 2 baños | 112 m² útiles;Santiago, Centro Histórico De Santiago;
2025-11-29 18:11:07;Santiago;departamento;Comodo Departamento En San Ignacio, Santiago.;2095;CLF;1 dormitorio;1 baño;34 m² útiles;1 dormitorio | 1 baño | 34 m² útiles;Santiago, Parque Almagro;
2025-11-29 18:11:07;Santiago;departamento;Oferta!! Departamento En Calle Chiloé, Santiago;2280;CLF;1 dormitorio;1 baño;33 m² útiles;1 dormitorio | 1 baño | 33 m² útiles;Santiago, Parque O'Higgins;
2025-11-29 18:11:07;Santiago;departamento;Departamento En Venta A Pasos De Plaza San Isidro;2155;CLF;1 dormitorio;1 baño;31 m² útiles;1 dormitorio | 1 baño | 31 m² útiles;Santiago, Santa Isabel;
2025-11-29 18:11:07;Santiago;departamento;San Diego // Pedro Lagos;2350;CLF;2 dormitorios;1 baño;38 m² útiles;2 dormitorios | 1 baño | 38 m² útiles;San Diego 1200 - 1500, Santiago, Chile, Parque O'Higgins, Santiago;
2025-11-29 18:11:07;Santiago;departamento;Oferta!! Departamento En General Gana, Santiago;1755;CLF;1 dormitorio;1 baño;31 m² útiles;1 dormitorio | 1 baño | 31 m² útiles;Santiago, Franklin - Biobío;
2025-11-29 18:11:07;Santiago;departamento;Venta Depto. En Santiago Bajó De Precio;1920;CLF;2 dormitorios;2 baños;43 m² útiles;2 dormitorios | 2 baños | 43 m² útiles;Franklin - Biobío, Santiago;
2025-11-29 18:11:07;Santiago;departamento;En Venta Lindo Depto. Con Vista Oriente 3d+2b+1e+1bodega;4251;CLF;3 dormitorios;2 baños;66 m² útiles;3 dormitorios | 2 baños | 66 m² útiles;Abdón Cifuentes 241, Santiago, Barrio República, Santiago;
2025-11-29 18:11:07;Santiago;departamento;Fray Camilo Henriquez // Metro Irarrazaval;60000000;CLP;1 dormitorio;1 baño;21 m² útiles;1 dormitorio | 1 baño | 21 m² útiles;Fray Camilo Henríquez 686, Santiago, Barrio Diez De Julio, Santiago;
2025-11-29 18:11:07;Santiago;departamento;Departamento En Venta De 2 Dorm. En Santiago;3400;CLF;2 dormitorios;2 baños;65 m² útiles;2 dormitorios | 2 baños | 65 m² útiles;Compañía De Jesús, Centro Histórico De Santiago, Santiago;
2025-11-29 18:11:07;Santiago;departamento;Rebajada/metro U De Chile;4690;CLF;3 dormitorios;2 baños;90 m² útiles;3 dormitorios | 2 baños | 90 m² útiles;METRO U DE CHILE, Bulnes, Santiago;
2025-11-29 18:11:07;Santiago;departamento;Departamento En Venta De 2 Dorm. En Santiago;3000;CLF;2 dormitorios;2 baños;40 m² útiles;2 dormitorios | 2 baños | 40 m² útiles;Arriendo Depto Amoblado 2D 2B Metro Santa Ana, San Pablo 1433, Centro Histórico De Santiago, Santiago;
2025-11-29 18:11:07;Santiago;departamento;Barrio Dieciocho/ Metro Toesca/ Parque Ohiggins;3950;CLF;2 dormitorios;2 baños;55 m² útiles;2 dormitorios | 2 baños | 55 m² útiles;METRO TOESCA, Parque Almagro, Santiago;
2025-11-29 18:11:07;Santiago;departamento;Espectacular Departamento En Una Ubicación Inmejorable;1900;CLF;1 dormitorio;1 baño;36 m² útiles;1 dormitorio | 1 baño | 36 m² útiles;Tarapacá 600 - 900, Santiago, Bulnes, Santiago;
2025-11-29 18:11:07;Santiago;departamento;Venta 1d/1b.san Ignacio 691, Metro Toesca ;2950;CLF;1 dormitorio;1 baño;29 m² útiles;1 dormitorio | 1 baño | 29 m² útiles;Departamento En Venta De 1 Dormitorio Y 1 Baño. Calle San Ignacio 691. Comuna De Santiago. Metro Toesca. UF 2.950, Parque Almagro, Santiago;
2025-11-29 18:11:07;Santiago;departamento;Departamento En Venta En Estacion Metro Santa Ana Piscina;1699;CLF;1 dormitorio;1 baño;28 m² útiles;1 dormitorio | 1 baño | 28 m² útiles;San Pablo 1903, Santiago, Parque Los Reyes, Santiago;
2025-11-29 18:11:07;Santiago;departamento;Cómodo Y Céntrico Depto En Venta. Santiago. Oportunidad.;2300;CLF;2 dormitorios;2 baños;62 m² útiles;2 dormitorios | 2 baños | 62 m² útiles;Fray Camilo Henríquez 463, Santiago, Santa Isabel, Santiago;
2025-11-29 18:11:07;Santiago;departamento;Departamento Impecable En Venta De 3 Dorm. En Santiago;3590;CLF;3 dormitorios;2 baños;66 m² útiles;3 dormitorios | 2 baños | 66 m² útiles;Tocornal Y Lira, Santa Isabel, Santiago;
2025-11-29 18:11:07;Santiago;departamento;Cómodo Y Luminoso Depto En Santiago.;2052;CLF;1 dormitorio;1 baño;27 m² útiles;1 dormitorio | 1 baño | 27 m² útiles;Argomedo 65, Santiago, Chile, Santa Isabel, Santiago;
2025-11-29 18:11:07;Santiago;departamento;Eleuterio Ramirez // San Francisco;108000000;CLP;1 dormitorio;1 baño;30 m² útiles;1 dormitorio | 1 baño | 30 m² útiles;Eleuterio Ramírez 600 - 900, Santiago, San Diego, Santiago;
2025-11-29 18:11:07;Santiago;departamento;Departamento En Venta De 2 Dorm. En Santiago;3300;CLF;2 dormitorios;2 baños;50 m² útiles;2 dormitorios | 2 baños | 50 m² útiles;San Pablo 1433. Comuna De Santiago., Centro Histórico De Santiago, Santiago;
2025-11-29 18:11:07;Santiago;departamento;Departamento En Esquina De Avenida Ejército Libert...;1700;CLF;1 dormitorio;1 baño;28 m² útiles;1 dormitorio | 1 baño | 28 m² útiles;Santiago, Ejército - Toesca;
2025-11-29 18:11:07;Santiago;departamento;Se Vende Departamento Santiago Centro;3200;CLF;2 dormitorios;2 baños;45 m² útiles;2 dormitorios | 2 baños | 45 m² útiles;Lord Cochrane 209, Santiago, Bulnes, Santiago;
2025-11-29 18:11:07;Santiago;departamento;Departamento En Esquina De San Diego;3200;CLF;3 dormitorios;2 baños;62 m² útiles;3 dormitorios | 2 baños | 62 m² útiles;Santiago, Parque Almagro;
2025-11-29 18:11:07;Santiago;departamento;Rebajado/ Metro Plaza De Armas/ Pte Cal Y Canto/ Autopistas;2880;CLF;2 dormitorios;2 baños;51 m² útiles;2 dormitorios | 2 baños | 51 m² útiles;METRO PLAZA DE ARMAS Y PUENTE CAL Y CANTO / AUTOPISTAS, Centro Histórico De Santiago, Santiago;
2025-11-29 18:11:07;Santiago;departamento;Nataniel Cox / Santiago;2300;CLF;3 dormitorios;2 baños;56 m² útiles;3 dormitorios | 2 baños | 56 m² útiles;NATANIEL COX / SANTIAGO, Parque O'Higgins, Santiago;
2025-11-29 18:11:07;Santiago;departamento;"En Venta - 2d&#43;1b Frente Parque O'higgins";2970;CLF;2 dormitorios;1 baño;46 m² útiles;2 dormitorios | 1 baño | 46 m² útiles;Venta 2D-1B Sin Uso Frente Parque O'Higgins, Parque O'Higgins, Santiago;
2025-11-29 18:11:07;Santiago;departamento;"Venta 1d&#43;1b Frente Al Parque O'higgins ";2430;CLF;1 dormitorio;1 baño;31 m² útiles;1 dormitorio | 1 baño | 31 m² útiles;Rondizonni 2030, Frente Al Parque O'Higgins, Parque O'Higgins, Santiago;
2025-11-29 18:11:07;Santiago;departamento;Practico Departamento En Coquimbo Con Vicuña Mackenna;2150;CLF;1 dormitorio;1 baño;37 m² útiles;1 dormitorio | 1 baño | 37 m² útiles;Coquimbo 51, Santiago, Chile, Barrio Diez De Julio, Santiago;
2025-11-29 18:11:07;Santiago;departamento;Departamento En Venta De 2 Dorm. En Santiago;3280;CLF;2 dormitorios;2 baños;50 m² útiles;2 dormitorios | 2 baños | 50 m² útiles;San Pablo 1433. Comuna De Santiago., Centro Histórico De Santiago, Santiago;
2025-11-29 18:11:07;Santiago;departamento;Portugal /santa Isabel;80000000;CLP;1 dormitorio;1 baño;33 m² útiles;1 dormitorio | 1 baño | 33 m² útiles;PORTUGAL /SANTA ISABEL, Santa Isabel, Santiago;
2025-11-29 18:11:07;Santiago;departamento;Amplio Departamento Con Cocina Independiente;2200;CLF;1 dormitorio;1 baño;53 m² útiles;1 dormitorio | 1 baño | 53 m² útiles;Santiago, Centro Histórico De Santiago;
2025-11-29 18:11:07;Santiago;departamento;Metro Universidad De Chile;1600;CLF;1 dormitorio;1 baño;32 m² útiles;1 dormitorio | 1 baño | 32 m² útiles;Eleuterio Ramírez 1024, Santiago, Chile, San Diego, Santiago;
2025-11-29 18:11:07;Santiago;departamento;Departamento En Venta 1dormitorio En Santiago;2900;CLF;1 dormitorio;1 baño;28 m² útiles;1 dormitorio | 1 baño | 28 m² útiles;Santa Elvira 97, Comuna De Santiago. Región Metropolitana., Bogotá - Sierra Bella, Santiago;
2025-11-29 18:11:07;Santiago;departamento;Luminoso Departamento En Placer Con San Diego - Ba...;2260;CLF;2 dormitorios;1 baño;47 m² útiles;2 dormitorios | 1 baño | 47 m² útiles;Santiago, Franklin - Biobío;
2025-11-29 18:11:07;Santiago;departamento;Departamento En José Miguel Carrera Con Grajales;2250;CLF;1 dormitorio;1 baño;33 m² útiles;1 dormitorio | 1 baño | 33 m² útiles;Santiago;
2025-11-29 18:11:07;Santiago;departamento;Departamento En Venta 1 Dorm. Santiago. Metro Irarrázaval.;3131;CLF;1 dormitorio;1 baño;28 m² útiles;1 dormitorio | 1 baño | 28 m² útiles;Calle Santa Elvira 97. Comuna De Santiago. Región Metropolitana., Bogotá - Sierra Bella, Santiago;
2025-11-29 18:11:07;Santiago;departamento;Curico / Carmen;3550;CLF;2 dormitorios;2 baños;62 m² útiles;2 dormitorios | 2 baños | 62 m² útiles;CURICO / CARMEN, Santa Isabel, Santiago;
2025-11-29 18:12:08;Santiago;departamento;Metro Santa Lucía / Eleuterio Ramirez;1800;CLF;1 dormitorio;1 baño;36 m² útiles;1 dormitorio | 1 baño | 36 m² útiles;ELEUTERIO RAMIREZ / SANTA ROSA / METRO, Bulnes, Santiago;
2025-11-29 18:12:08;Santiago;departamento;Departamento En Venta Calle Roberto Espinoza, Santiago.;2990;CLF;2 dormitorios;2 baños;67 m² útiles;2 dormitorios | 2 baños | 67 m² útiles;Roberto Espinoza 1039, Santiago, Parque Almagro, Santiago;
2025-11-29 18:12:08;Santiago;departamento;Hermoso Departamento En Venta - San Francisco, San...;2422;CLF;1 dormitorio;1 baño;33 m² útiles;1 dormitorio | 1 baño | 33 m² útiles;Santiago, San Diego;
2025-11-29 18:12:08;Santiago;departamento;Se Vende Hermoso Depto Ubicado En José Miguel Carrera;2600;CLF;1 dormitorio;1 baño;42 m² útiles;1 dormitorio | 1 baño | 42 m² útiles;José Miguel Carrera  298, Ejército - Toesca, Santiago;
2025-11-29 18:12:08;Santiago;departamento;Venta Estudio Sin Uso , Frente Al Parque O'higgins ;1980;CLF;1 dormitorio;1 baño;22 m² útiles;1 dormitorio | 1 baño | 22 m² útiles;Departamento Tipo Estudio Nuevo En Venta. Rondizzoni 2030. Comuna De Santiago., Parque O'Higgins, Santiago;
2025-11-29 18:12:08;Santiago;departamento;Edificio Albora Depto En Venta Piso 6 Vista Norte.;2750;CLF;1 dormitorio;1 baño;31 m² útiles;1 dormitorio | 1 baño | 31 m² útiles;Avenida Rondizzoni 2030. Comuna De Santiago. Región Metropolitana., Parque O'Higgins, Santiago;
2025-11-29 18:12:08;Santiago;departamento;¡oportunidad En El Corazón De Santiago! Departamen...;2328;CLF;2 dormitorios;1 baño;38 m² útiles;2 dormitorios | 1 baño | 38 m² útiles;Santiago, Bulnes;
2025-11-29 18:12:08;Santiago;departamento;En Venta Sensacional Depto En San Francisco, Santiago;2800;CLF;2 dormitorios;2 baños;52 m² útiles;2 dormitorios | 2 baños | 52 m² útiles;San Francisco  265, Bulnes, Santiago;
2025-11-29 18:12:08;Santiago;departamento;San Diego / Santa Isabel/metro Parque Almagro;2000;CLF;1 dormitorio;1 baño;37 m² útiles;1 dormitorio | 1 baño | 37 m² útiles;SAN DIEGO / SANTA ISABEL, San Diego, Santiago;
2025-11-29 18:12:08;Santiago;departamento;En Venta Cómodo Departamento 2d + 1 Baño - Barrio Cueto;69500000;CLP;2 dormitorios;1 baño;47 m² útiles;2 dormitorios | 1 baño | 47 m² útiles;Cueto 1322, Parque Los Reyes, Santiago;
2025-11-29 18:12:08;Santiago;departamento;Lord Cochrane // Victoria;1495;CLF;1 dormitorio;1 baño;22 m² útiles;1 dormitorio | 1 baño | 22 m² útiles;Lord Cochrane 1200 - 1500, Santiago, Chile, Parque O'Higgins, Santiago;
2025-11-29 18:12:08;Santiago;departamento;Departamento En Venta En Huérfanos / San Antonio;1850;CLF;2 dormitorios;1 baño;40 m² útiles;2 dormitorios | 1 baño | 40 m² útiles;HUÉRFANOS / SAN ANTONIO, Centro Histórico De Santiago, Santiago;
2025-11-29 18:12:08;Santiago;departamento;Carmen // Argomedo;1800;CLF;1 dormitorio;1 baño;37 m² útiles;1 dormitorio | 1 baño | 37 m² útiles;Carmen 600 - 900, Santiago, Chile, Santa Isabel, Santiago;
2025-11-29 18:12:08;Santiago;departamento;Eyzaguirre // San Francisco;2250;CLF;2 dormitorios;1 baño;44 m² útiles;2 dormitorios | 1 baño | 44 m² útiles;Eyzaguirre 766, Santiago, San Diego, Santiago;
2025-11-29 18:12:08;Santiago;departamento;Departamento En Venta De 2 Dorm. En Santiago;3100;CLF;2 dormitorios;2 baños;40 m² útiles;2 dormitorios | 2 baños | 40 m² útiles;San Pablo 1433. Comuna De Santiago. Metro San Ana, Centro Histórico De Santiago, Santiago;
2025-11-29 18:12:08;Santiago;departamento;Depto En Venta De 2 Dorm. En Santiago, Excelente Condiciones;2590;CLF;2 dormitorios;2 baños;40 m² útiles;2 dormitorios | 2 baños | 40 m² útiles;Santa Isabel Con Lira, Santa Isabel, Santiago;
2025-11-29 18:12:08;Santiago;departamento;Se Vende Departamento En Santiago;65000000;CLP;1 dormitorio;1 baño;32 m² útiles;1 dormitorio | 1 baño | 32 m² útiles;Gorbea 2400 - 2700, Santiago, Meiggs, Santiago;
2025-11-29 18:12:08;Santiago;departamento;Remodelado Santa Rosa / Curico;110000000;CLP;2 dormitorios;2 baños;56 m² útiles;2 dormitorios | 2 baños | 56 m² útiles;SANTA ROSA / CURICO, Santa Isabel, Santiago;
2025-11-29 18:12:08;Santiago;departamento;Departamento En Casco Histórico De Santiago - Sect...;3200;CLF;3 dormitorios;2 baños;64 m² útiles;3 dormitorios | 2 baños | 64 m² útiles;Santiago, Parque O'Higgins;
2025-11-29 18:12:08;Santiago;departamento;Departamento En Venta De 2 Dorm. En Santiago;3100;CLF;2 dormitorios;2 baños;40 m² útiles;2 dormitorios | 2 baños | 40 m² útiles;San Pablo 1433. Comuna De Santiago Centro, Centro Histórico De Santiago, Santiago;
2025-11-29 18:12:08;Santiago;departamento;Oportunidad De Inversión 2 Dorm Y Bod. Metro Rondizzoni;2170;CLF;2 dormitorios;1 baño;39 m² útiles;2 dormitorios | 1 baño | 39 m² útiles;METRO RONDIZZONI, Parque O'Higgins, Santiago;
2025-11-29 18:12:08;Santiago;departamento;Espacioso Departamento En Calle Tocornal;3600;CLF;2 dormitorios;2 baños;58 m² útiles;2 dormitorios | 2 baños | 58 m² útiles;Santiago, Santa Isabel;
2025-11-29 18:12:08;Santiago;departamento;Amplio Departamento En Venta De 1 Dorm. En Santiago;99000000;CLP;1 dormitorio;1 baño;48 m² útiles;1 dormitorio | 1 baño | 48 m² útiles;Metro Ula, Barrio Yungay, Santiago;
2025-11-29 18:12:08;Santiago;departamento;Oportunidad De Inversión 2 Dorm Est. Y Bod. Metro Rondizzoni;2480;CLF;2 dormitorios;1 baño;39 m² útiles;2 dormitorios | 1 baño | 39 m² útiles;METRO RONDIZZONI, Parque O'Higgins, Santiago;
2025-11-29 18:12:08;Santiago;departamento;Oportunidad Precio Rebajado;2400;CLF;2 dormitorios;2 baños;40 m² útiles;2 dormitorios | 2 baños | 40 m² útiles;Santiago, Santa Isabel;
2025-11-29 18:12:08;Santiago;departamento;Venta Departamento Gorbea Santiago.;68000000;CLP;1 dormitorio;1 baño;32 m² útiles;1 dormitorio | 1 baño | 32 m² útiles;Gorbea 2572, 8370286 Santiago, Región Metropolitana, Chile, Barrio República, Santiago;
2025-11-29 18:12:08;Santiago;departamento;Oportunidad Espacioso Departamento De 1 Dormitorio;2210;CLF;1 dormitorio;1 baño;55 m² útiles;1 dormitorio | 1 baño | 55 m² útiles;METRO REPUBLICA, Barrio Yungay, Santiago;
2025-11-29 18:12:08;Santiago;departamento;Departamento En Venta En Centro Histórico De Santiago;105000000;CLP;2 dormitorios;2 baños;54 m² útiles;2 dormitorios | 2 baños | 54 m² útiles;Santo Domingo 1243, Santiago, Centro Histórico De Santiago, Santiago;
2025-11-29 18:12:08;Santiago;departamento;Departamento En Venta En Santiago Edificio Prat Piso 6.;2850;CLF;1 dormitorio;1 baño;29 m² útiles;1 dormitorio | 1 baño | 29 m² útiles;Arturo Prat 631.Comuna De Santiago. Metro Parque Almagro., San Diego, Santiago;
2025-11-29 18:12:08;Santiago;departamento;Carmen/ Cómodo Excelente Estado. 3 Dorm + Estacionam.+ Bod.;3900;CLF;3 dormitorios;2 baños;70 m² útiles;3 dormitorios | 2 baños | 70 m² útiles;Carmen 300 - 600, Santiago, Santa Isabel, Santiago;
2025-11-29 18:12:08;Santiago;departamento;Depto. De 1 Dormitorio, 1 Baño En Pleno Corazón De Santiago;2450;CLF;1 dormitorio;1 baño;30 m² útiles;1 dormitorio | 1 baño | 30 m² útiles;Santa Victoria 492, Santa Isabel, Santiago;
2025-11-29 18:12:08;Santiago;departamento;Excelente Dpto 1 Dormitorios, 1 Baños A Pasos Del Metro;60000000;CLP;1 dormitorio;1 baño;31 m² útiles;1 dormitorio | 1 baño | 31 m² útiles;Eleuterio Ramírez 1200 - 1500, Santiago, Parque Almagro, Santiago;
2025-11-29 18:12:08;Santiago;departamento;Departamento - Venta En Bellas Artes Impecable Con Terraza;2870;CLF;1 dormitorio;1 baño;55 m² útiles;1 dormitorio | 1 baño | 55 m² útiles;Santo Domingo 1161, Santiago, Centro Histórico De Santiago, Santiago;
2025-11-29 18:12:08;Santiago;departamento;Excelente Dpto 2 Dormitorios, 2 Baños Con Estacionamiento;3000;CLF;2 dormitorios;2 baños;45 m² útiles;2 dormitorios | 2 baños | 45 m² útiles;Eleuterio Ramírez 1200 - 1500, Santiago, Parque Almagro, Santiago;
2025-11-29 18:12:08;Santiago;departamento;Amplio Departamento En El Corazón De Santiago Centro;4590;CLF;3 dormitorios;1 baño;100 m² útiles;3 dormitorios | 1 baño | 100 m² útiles;Cóndor 900 - 1200, Santiago, San Diego, Santiago;
2025-11-29 18:12:08;Santiago;departamento;Vicuña Mackenna // Metro Irarrazaval;1500;CLF;1 dormitorio;1 baño;22 m² útiles;1 dormitorio | 1 baño | 22 m² útiles;Avenida Vicuña Mackenna 1200 - 1500, Ñuñoa, Santiago, Chile, Bogotá - Sierra Bella, Santiago;
2025-11-29 18:12:08;Santiago;departamento;Depto Venta En General Bulnes-rosas-impecable Oportunidad !!;1590;CLF;1 dormitorio;1 baño;50 m² útiles;1 dormitorio | 1 baño | 50 m² útiles;Gral. Bulnes 749, Santiago, Barrio Yungay, Santiago;
2025-11-29 18:12:08;Santiago;departamento;Zenteno // Pedro Lagos;2350;CLF;2 dormitorios;1 baño;40 m² útiles;2 dormitorios | 1 baño | 40 m² útiles;Zenteno 1200 - 1500, Santiago, Chile, Parque O'Higgins, Santiago;
2025-11-29 18:12:08;Santiago;departamento;Departamento En Venta De 1 Dormitorio. En Santiago;1500;CLF;1 dormitorio;1 baño;28 m² útiles;1 dormitorio | 1 baño | 28 m² útiles;METRO CAL Y CANTO, Centro Histórico De Santiago, Santiago;
2025-11-29 18:12:08;Santiago;departamento;Excelente Oportunidad;2159;CLF;1 dormitorio;1 baño;34 m² útiles;1 dormitorio | 1 baño | 34 m² útiles;Santiago, Bogotá - Sierra Bella;
2025-11-29 18:12:08;Santiago;departamento;Inmejorable Ubicación!;4025;CLF;2 dormitorios;2 baños;72 m² útiles;2 dormitorios | 2 baños | 72 m² útiles;Nueva San Martín 1490, Santiago, Centro Histórico De Santiago, Santiago;
2025-11-29 18:12:08;Santiago;departamento;Departamento Ubicado En Merced Con Autorización Pa...;2049;CLF;1 dormitorio;1 baño;39 m² útiles;1 dormitorio | 1 baño | 39 m² útiles;Santiago, Centro Histórico De Santiago;
2025-11-29 18:12:08;Santiago;departamento;Excelente Ubicación!;2250;CLF;1 dormitorio;1 baño;30 m² útiles;1 dormitorio | 1 baño | 30 m² útiles;Manuel Antonio Tocornal 842, Santiago, Barrio Diez De Julio, Santiago;
2025-11-29 18:12:08;Santiago;departamento;Oportunidad De Inversión, Depto Con Renta En Venta;1315;CLF;1 dormitorio;1 baño;25 m² útiles;1 dormitorio | 1 baño | 25 m² útiles;SANTO DOMINGO / AMUNATEGUI, Centro Histórico De Santiago, Santiago;
2025-11-29 18:12:08;Santiago;departamento;Venta Depto Monoambiente En Stgo Centro. ;77000000;CLP;1 dormitorio;1 baño;23 m² útiles;1 dormitorio | 1 baño | 23 m² útiles;Chacabuco 1355, Santiago, Parque Los Reyes, Santiago;
2025-11-29 18:12:08;Santiago;departamento;Libertad // Av. Mapocho;1972;CLF;2 dormitorios;1 baño;60 m² útiles;2 dormitorios | 1 baño | 60 m² útiles;Libertad 1270, Santiago, Parque Los Reyes, Santiago;
2025-11-29 18:12:08;Santiago;departamento;Departamento En Venta De 1 Dormitorio En Santiago Centro ;1490;CLF;1 dormitorio;1 baño;38 m² útiles;1 dormitorio | 1 baño | 38 m² útiles;METRO CAL Y CANTO, Centro Histórico De Santiago, Santiago;
2025-11-29 18:12:08;Santiago;departamento;Argomedo // Portugal;3800;CLF;3 dormitorios;2 baños;70 m² útiles;3 dormitorios | 2 baños | 70 m² útiles;Argomedo 300 - 600, Santiago, Chile, Santa Isabel, Santiago;
2025-11-29 18:12:27;Santiago;departamento;Santo Domingo // Metro Santa Ana;58000000;CLP;1 dormitorio;1 baño;32 m² útiles;1 dormitorio | 1 baño | 32 m² útiles;Santo Domingo 1200 - 1500, Santiago, Centro Histórico De Santiago, Santiago;
2025-11-29 18:12:27;Santiago;departamento;Depto 2d/1b Con Estacionamiento;2600;CLF;2 dormitorios;2 baños;44 m² útiles;2 dormitorios | 2 baños | 44 m² útiles;Lira, 300 - 600, Santa Isabel, Santiago;
2025-11-29 18:12:27;Santiago;departamento; Moderno Departamento En Arauco 1052, Santiago ;3265;CLF;2 dormitorios;1 baño;53 m² útiles;2 dormitorios | 1 baño | 53 m² útiles;Arauco, 900 - 1200, Franklin - Biobío, Santiago;
2025-11-29 18:12:27;Santiago;departamento;San Diego // Eleuterio Ramirez;1150;CLF;1 dormitorio;1 baño;22 m² útiles;1 dormitorio | 1 baño | 22 m² útiles;San Diego 300 - 600, Santiago, Parque Almagro, Santiago;
2025-11-29 18:12:27;Santiago;departamento;Oferta! Departamento 3d2b En San Ignacio, Santiago;3399;CLF;3 dormitorios;2 baños;76 m² útiles;3 dormitorios | 2 baños | 76 m² útiles;Santiago, Parque Almagro;
2025-11-29 18:12:27;Santiago;departamento;Acogedor Depto. En Santiago Centro Sc413a;1150;CLF;1 dormitorio;1 baño;27 m² útiles;1 dormitorio | 1 baño | 27 m² útiles;General Gana 11 - 30063, 0, Franklin - Biobío, Santiago;
2025-11-29 18:12:27;Santiago;departamento;Gran Departamento Remodelado!! Metro Los Heroes;4000;CLF;1 dormitorio;1 baño;42 m² útiles;1 dormitorio | 1 baño | 42 m² útiles;Santiago, Dieciocho;
2025-11-29 18:12:27;Santiago;departamento;Carmen // Av. Santa Isabel;2100;CLF;1 dormitorio;1 baño;73 m² útiles;1 dormitorio | 1 baño | 73 m² útiles;Carmen 300 - 600, Santiago, Santa Isabel, Santiago;
2025-11-29 18:12:27;Santiago;departamento;Venta Depto 1 Dorm, Estac. Y Bod. Santa Elvira 97 Santiago;3200;CLF;1 dormitorio;1 baño;28 m² útiles;1 dormitorio | 1 baño | 28 m² útiles;Entre Santa Elvira Y Santa Elena, Bogotá - Sierra Bella, Santiago;
2025-11-29 18:12:27;Santiago;departamento;Santiago | Uf 2.200 | Departamento | Centro;2200;CLF;2 dormitorios;2 baños;42 m² útiles;2 dormitorios | 2 baños | 42 m² útiles;Fray Camilo Henríquez 686, Santiago, Barrio Diez De Julio, Santiago;
2025-11-29 18:12:27;Santiago;departamento;Departamento En Venta 1 Dormitorio Prat 631, Santiago Centro;2550;CLF;1 dormitorio;1 baño;29 m² útiles;1 dormitorio | 1 baño | 29 m² útiles;Calle Arturo Prat 631. Comuna De Santiago Centro, San Diego, Santiago;
2025-11-29 18:12:27;Santiago;departamento;Depto Sta Isabel / San Francisco Parque Diego De Almagro;2200;CLF;2 dormitorios;1 baño;40 m² útiles;2 dormitorios | 1 baño | 40 m² útiles;Avenida Santa Isabel 765, Santiago, Chile, San Diego, Santiago;
2025-11-29 18:12:27;Santiago;departamento;Oportunidad, En Venta Amplio Departamento, Calle Gay 1728;4500;CLF;2 dormitorios;2 baños;57 m² útiles;2 dormitorios | 2 baños | 57 m² útiles;Gay 1728, Ejército - Toesca, Santiago;
2025-11-29 18:12:27;Santiago;departamento;¡pack Inversionista! - Departamentos Con Vista A C...;22950;CLF;37 dormitorios;15 baños;626 m² útiles;37 dormitorios | 15 baños | 626 m² útiles;Santiago, Barrio San Borja;
2025-11-29 18:12:27;Santiago;departamento;Impecable Depto Barrio Lastarria - 2d/1b;2450;CLF;2 dormitorios;1 baño;41 m² útiles;2 dormitorios | 1 baño | 41 m² útiles;Merced, 1 - 300, Santiago;
2025-11-29 18:12:27;Santiago;departamento;Remate Departamento De 3 Dorms!;2050;CLF;3 dormitorios;2 baños;66 m² útiles;3 dormitorios | 2 baños | 66 m² útiles;LIBERTAD, 1200 - 1500, Parque Los Reyes, Santiago;
2025-11-29 18:12:27;Santiago;departamento;Oportunidad Única En El Corazón De Santiago Centro;2209;CLF;2 dormitorios;2 baños;46 m² útiles;2 dormitorios | 2 baños | 46 m² útiles;PORTUGAL, 1 - 300, Barrio Diez De Julio, Santiago;
2025-11-29 18:12:27;Santiago;departamento;San Diego // Eleuterio Ramirez;1400;CLF;1 dormitorio;1 baño;28 m² útiles;1 dormitorio | 1 baño | 28 m² útiles;San Diego 300 - 600, Santiago, Parque Almagro, Santiago;
2025-11-29 18:12:27;Santiago;departamento;Santa Elena/porvenir,2d,1b,estacionamiento;3700;CLF;2 dormitorios;1 baño;58 m² útiles;2 dormitorios | 1 baño | 58 m² útiles;Santa Elena 962, Santiago, Chile, Barrio Diez De Julio, Santiago;
2025-11-29 18:12:27;Santiago;departamento;Zenteno // Victoria;55000000;CLP;2 dormitorios;1 baño;40 m² útiles;2 dormitorios | 1 baño | 40 m² útiles;Zenteno 1200 - 1500, Santiago, Parque O'Higgins, Santiago;
2025-11-29 18:12:27;Santiago;departamento;Oportunidad Hospital Uc/ Metro Uc;2790;CLF;2 dormitorios;1 baño;63 m² útiles;2 dormitorios | 1 baño | 63 m² útiles;MARCOLETA/ HOSPITAL UC, Barrio San Borja, Santiago;
2025-11-29 18:12:27;Santiago;departamento;Rebajado! 1d + 1b Metro Santa Isabel;60000000;CLP;1 dormitorio;1 baño;29 m² útiles;1 dormitorio | 1 baño | 29 m² útiles;Vicuña Mackenna, 600 - 900, Santa Isabel, Santiago;
2025-11-29 18:12:27;Santiago;departamento;Amplio Departamento En Venta San Martin Con Genera...;2945;CLF;3 dormitorios;2 baños;51 m² útiles;3 dormitorios | 2 baños | 51 m² útiles;Santiago, Centro Histórico De Santiago;
2025-11-29 18:12:27;Santiago;departamento;Con Balcón + Estacionamiento + Bodega / Dpto Oriente En Lira;2500;CLF;1 dormitorio;1 baño;37 m² útiles;1 dormitorio | 1 baño | 37 m² útiles;Lira 211, Santiago, Santa Isabel, Santiago;
2025-11-29 18:12:27;Santiago;departamento;Departamento Barato En Santiago;1250;CLF;1 dormitorio;1 baño;29 m² útiles;1 dormitorio | 1 baño | 29 m² útiles;LORD COCHRANE, 1431, Parque O'Higgins, Santiago;
2025-11-29 18:12:27;Santiago;departamento;Dpto Antiguo Para Remodelar - Parque Forestal;120000000;CLP;2 dormitorios;2 baños;73 m² útiles;2 dormitorios | 2 baños | 73 m² útiles;Dpto Para Remodelar, 1 - 300, Centro Histórico De Santiago, Santiago;
2025-11-29 18:12:27;Santiago;departamento;Departamento Metro Santa Ana, Oportunidad Inversió...;1187;CLF;1 dormitorio;1 baño;29 m² útiles;1 dormitorio | 1 baño | 29 m² útiles;Santiago, Centro Histórico De Santiago;
2025-11-29 18:12:27;Santiago;departamento;Av. Presidente Balmaceda // Parque Los Reyes;89000000;CLP;2 dormitorios;1 baño;50 m² útiles;2 dormitorios | 1 baño | 50 m² útiles;Av. Pdte. Balmaceda 2100 - 2400, Santiago, Parque Los Reyes, Santiago;
2025-11-29 18:12:27;Santiago;departamento;Dpto 2 Dormitorios, 2 Baños, Vende Directo Su Dueño;2900;CLF;2 dormitorios;2 baños;47 m² útiles;2 dormitorios | 2 baños | 47 m² útiles;Eleuterio Ramírez 1200 - 1500, Santiago, Chile, Parque Almagro, Santiago;
2025-11-29 18:12:27;Santiago;departamento;El Mejor Precio Con Estacionamiento Y Bodegas;1400;CLF;1 dormitorio;1 baño;29 m² útiles;1 dormitorio | 1 baño | 29 m² útiles;LORD COCHRANE, 1431, Parque O'Higgins, Santiago;
2025-11-29 18:12:27;Santiago;departamento;Inversionista Depto Amoblado Para Airbnb Casco Historico De;150000000;CLP;4 dormitorios;2 baños;110 m² útiles;4 dormitorios | 2 baños | 110 m² útiles;San Antonio 418, Centro Histórico De Santiago, Santiago;
2025-11-29 18:12:27;Santiago;departamento;Departamento En Venta En Santiago Centro;3100;CLF;2 dormitorios;2 baños;68 m² útiles;2 dormitorios | 2 baños | 68 m² útiles;DEPARTAMENTO 2 DORM-2 BAÑOS EN VENTA / SANTIAGO CENTRO, Santa Isabel, Santiago;
2025-11-29 18:12:27;Santiago;departamento;Departamento En Venta En Santa Isabel, Santiago;95000000;CLP;2 dormitorios;1 baño;41 m² útiles;2 dormitorios | 1 baño | 41 m² útiles;VENTA DEPTO 2 DORM- 1 BAÑO, SANTIAGO CENTRO, Santa Isabel, Santiago;
2025-11-29 18:12:27;Santiago;departamento;Departamento En Venta En Santa Isabel, Santiago;2490;CLF;2 dormitorios;1 baño;50 m² útiles;2 dormitorios | 1 baño | 50 m² útiles;PORTUGAL, Santa Isabel, Santiago;
2025-11-29 18:12:27;Santiago;departamento;Departamento En Venta En Santiago Centro;2200;CLF;1 dormitorio;1 baño;34 m² útiles;1 dormitorio | 1 baño | 34 m² útiles;Moneda 1617 - Departamento 2315, Centro Histórico De Santiago, Santiago;
2025-11-29 18:12:27;Santiago;departamento;Dpto En Venta Centro De Santiago Cod. 2215;2200;CLF;1 dormitorio;1 baño;34 m² útiles;1 dormitorio | 1 baño | 34 m² útiles;Moneda 1617 - Departamento 2315, Centro Histórico De Santiago, Santiago;
2025-11-29 18:12:27;Santiago;departamento;Como Nuevo, Metro Parque Almagro. Ideal Para Estudiantes. ;54000000;CLP;1 dormitorio;1 baño;35 m² útiles;1 dormitorio | 1 baño | 35 m² útiles;Cóndor 1394, 8.3304e+06 - 8.3307e+06 Santiago, Región Metropolitana, Chile, Parque Almagro, Santiago;
2025-11-29 18:12:27;Santiago;departamento;Remodelado Departamento  En Excelente Estado En Segundo Piso;2320;CLF;2 dormitorios;1 baño;47 m² útiles;2 dormitorios | 1 baño | 47 m² útiles;San Pablo 1820, Santiago, Chile, Barrio Brasil, Santiago;
2025-11-29 18:12:27;Santiago;departamento;Departamento Hermoso  A Pasos Del Metro Santa Ana Y Comercio;85000000;CLP;2 dormitorios;1 baño;45 m² útiles;2 dormitorios | 1 baño | 45 m² útiles;Av. Manuel Rodríguez 695, Santiago, Centro Histórico De Santiago, Santiago;
2025-11-29 18:12:27;Santiago;departamento;Depto A Pasos Del Metro Parque O'higgins Y Del Comercio;56500000;CLP;1 dormitorio;1 baño;31 m² útiles;1 dormitorio | 1 baño | 31 m² útiles;Aldunate 1022, 8330983 Santiago, Región Metropolitana, Chile, Parque Almagro, Santiago;
2025-11-29 18:12:27;Santiago;departamento;Departamento En Venta En Barrio Brasil.;3400;CLF;3 dormitorios;2 baños;70 m² útiles;3 dormitorios | 2 baños | 70 m² útiles;Huerfanos 1795, Santiago, Chile, Barrio Brasil, Santiago;
2025-11-29 18:12:27;Santiago;departamento;Departamento En Venta De 2 Dorm. En Santiago Centro;100000000;CLP;2 dormitorios;2 baños;49 m² útiles;2 dormitorios | 2 baños | 49 m² útiles;Santo Domingo 755, Centro Histórico De Santiago, Santiago;
2025-11-29 18:12:27;Santiago;departamento;Increíble Dpto. 3/2 Estacionamiento Y Bodega. Cod. 41;10000;CLF;3 dormitorios;2 baños;140 m² útiles;3 dormitorios | 2 baños | 140 m² útiles;Merced 178, Santiago, Chile, Barrio Lastarria, Santiago;
2025-11-29 18:12:27;Santiago;departamento;Venta Duplex 1 Dormitorio Cod. 2404;3900;CLF;1 dormitorio;1 baño;45 m² útiles;1 dormitorio | 1 baño | 45 m² útiles;Tucapel Jiménez 76, Santiago, Centro Histórico De Santiago, Santiago;
2025-11-29 18:12:27;Santiago;departamento;Vendo Depto Oferta 1d/1b/1b/0e Edificio Euro Plaza,santiago;69000000;CLP;1 dormitorio;1 baño;29 m² útiles;1 dormitorio | 1 baño | 29 m² útiles;Av. Vicuña Mackenna 625, Depto 1610, Santiago, Santa Isabel, Santiago;
2025-11-29 18:12:27;Santiago;departamento;Venta Depto. Santiago Centro Santa Elena 898 Cod. 1808;2355;CLF;1 dormitorio;1 baño;33 m² útiles;1 dormitorio | 1 baño | 33 m² útiles;Sta. Elena 898, Santiago, Barrio Diez De Julio, Santiago;
2025-11-29 18:12:27;Santiago;departamento;Dto En Venta En Portugal Con Terraza Cod. 902;4000;CLF;3 dormitorios;2 baños;3 m² útiles;3 dormitorios | 2 baños | 3 m² útiles;Fray Camilo Henríquez 255, Santiago, Chile, Santa Isabel, Santiago;
2025-11-29 18:12:27;Santiago;departamento;Tucapel Jimenez N°136 Dpto. 2214;2200;CLF;1 dormitorio;1 baño;34 m² útiles;1 dormitorio | 1 baño | 34 m² útiles;Tucapel Jiménez 136, Santiago, Chile, Centro Histórico De Santiago, Santiago;
2025-11-29 18:12:48;Santiago;departamento;Excelente Ubicación - Metro Parque Almagro;1800;CLF;2 dormitorios;1 baño;50 m² totales;2 dormitorios | 1 baño | 50 m² totales;Lord Cochrane 252, Bulnes, Santiago;
2025-11-29 18:12:48;Santiago;departamento;Tranquilo Depto. En Santiago Con Terraza Y Piscina;3000;CLF;2 dormitorios;2 baños;62 m² útiles;2 dormitorios | 2 baños | 62 m² útiles;MARIN, 300 - 600, Santa Isabel, Santiago;
2025-11-29 18:12:48;Santiago;departamento;Moderno Departamento Cercano A Metro Parque Almagro ;3350;CLF;2 dormitorios;2 baños;73 m² útiles;2 dormitorios | 2 baños | 73 m² útiles;CARMEN 602, Santa Isabel, Santiago;
2025-11-29 18:12:48;Santiago;departamento;Excelente Dto En Venta 2/1 + Est +bod Cod 1307;3450;CLF;2 dormitorios;1 baño;58 m² útiles;2 dormitorios | 1 baño | 58 m² útiles;Lira 570, Santiago, Chile, Santa Isabel, Santiago;
2025-11-29 18:12:48;Santiago;departamento;Departamento Venta Moneda Con Terraza;2750;CLF;2 dormitorios;1 baño;51 m² útiles;2 dormitorios | 1 baño | 51 m² útiles;Tucapel Jiménez 136, Centro Histórico De Santiago, Santiago;
2025-11-29 18:12:48;Santiago;departamento;Dpto En Venta Metro Santa Ana Con Piscina Cod. 2408;1700;CLF;1 dormitorio;1 baño;34 m² útiles;1 dormitorio | 1 baño | 34 m² útiles;Tucapel Jiménez 136, Santiago, Chile, Centro Histórico De Santiago, Santiago;
2025-11-29 18:12:48;Santiago;departamento;Renovado Metro Parque Almagro;2290;CLF;2 dormitorios;1 baño;40 m² útiles;2 dormitorios | 1 baño | 40 m² útiles;ELEUTERIO RAMÍREZ 1024, San Diego, Santiago;
2025-11-29 18:12:48;Santiago;departamento;Moderno Amoblado;2900;CLF;1 dormitorio;1 baño;34 m² útiles;1 dormitorio | 1 baño | 34 m² útiles;ARTURO PRAT 1760, Parque O'Higgins, Santiago;
2025-11-29 18:12:48;Santiago;departamento;Departamento En Venta En Moneda Con Terraza;2450;CLF;2 dormitorios;1 baño;51 m² útiles;2 dormitorios | 1 baño | 51 m² útiles;Tucapel Jiménez 136, Centro Histórico De Santiago, Santiago;
2025-11-29 18:12:48;Santiago;departamento;Departamento En Venta En Centro Histórico De Santiago;1990;CLF;1 dormitorio;1 baño;34 m² útiles;1 dormitorio | 1 baño | 34 m² útiles;Moneda 1617, Santiago, Chile, Centro Histórico De Santiago, Santiago;
2025-11-29 18:12:48;Santiago;departamento;Dpto En Venta Centro De Santiago Cod. 515;2300;CLF;1 dormitorio;1 baño;34 m² útiles;1 dormitorio | 1 baño | 34 m² útiles;Moneda 1617, Santiago, Chile, Centro Histórico De Santiago, Santiago;
2025-11-29 18:12:48;Santiago;departamento;Dto Venta Centro Histórico De Santiago Terraza Cod. 1901;5900;CLF;3 dormitorios;3 baños;102 m² útiles;3 dormitorios | 3 baños | 102 m² útiles;Santo Domingo 1325, Santiago, Chile, Centro Histórico De Santiago, Santiago;
2025-11-29 18:12:48;Santiago;departamento;Hermoso Y Céntrico Departamento Metro Parque Almagro;2100;CLF;1 dormitorio;1 baño;30 m² útiles;1 dormitorio | 1 baño | 30 m² útiles;ARTURO PRAT 655, San Diego, Santiago;
2025-11-29 18:12:48;Santiago;departamento;Dto En Venta En Moneda Con Terraza Cod 2812;2850;CLF;2 dormitorios;1 baño;48 m² útiles;2 dormitorios | 1 baño | 48 m² útiles;Tucapel Jiménez 136, Santiago, Chile, Centro Histórico De Santiago, Santiago;
2025-11-29 18:12:48;Santiago;departamento;Departamento En Venta En Santiago Centro;1900;CLF;1 dormitorio;1 baño;36 m² útiles;1 dormitorio | 1 baño | 36 m² útiles;Tarapacá 850, Santiago, Chile, Bulnes, Santiago;
2025-11-29 18:12:48;Santiago;departamento;A Pasos De Metro Santa Ana Y Los Héroes. Cod. 1710;3200;CLF;2 dormitorios;2 baños;54 m² útiles;2 dormitorios | 2 baños | 54 m² útiles;Moneda 1617, Departamento 1500 - 1800, Santiago, Centro Histórico De Santiago, Santiago;
2025-11-29 18:12:48;Santiago;departamento;Departamento En Venta En Santiago Centro;1995;CLF;1 dormitorio;1 baño;39 m² útiles;1 dormitorio | 1 baño | 39 m² útiles;Lira 526, Santiago, Chile, Santa Isabel, Santiago;
2025-11-29 18:12:48;Santiago;departamento;Departamento En Venta En Santa Ana Con Terraza;2900;CLF;2 dormitorios;2 baños;46 m² útiles;2 dormitorios | 2 baños | 46 m² útiles;Compañía De Jesús 1789, Santiago, Chile, Barrio Brasil, Santiago;
2025-11-29 18:12:48;Santiago;departamento;Departamento En Venta En Av. Matta Con Piscina;3250;CLF;2 dormitorios;1 baño;48 m² útiles;2 dormitorios | 1 baño | 48 m² útiles;Avenida Santa Rosa 991, Santiago, Chile, San Diego, Santiago;
2025-11-29 18:12:48;Santiago;departamento;Departamento En Venta En Metro Santa Ana Terraza;3500;CLF;2 dormitorios;2 baños;52 m² útiles;2 dormitorios | 2 baños | 52 m² útiles;General Mackenna 1555, Centro Histórico De Santiago, Santiago;
2025-11-29 18:12:48;Santiago;departamento;Dpto En Venta Centro Histórico De Santiago Cod. 2001;2200;CLF;1 dormitorio;1 baño;3 m² útiles;1 dormitorio | 1 baño | 3 m² útiles;Moneda 1617, Santiago, Chile, Centro Histórico De Santiago, Santiago;
2025-11-29 18:12:48;Santiago;departamento;Departamento En Venta En Centro Histórico De Santiago;3200;CLF;2 dormitorios;2 baños;50 m² útiles;2 dormitorios | 2 baños | 50 m² útiles;Agustinas 1612 909, Centro Histórico De Santiago, Santiago;
2025-11-29 18:12:48;Santiago;departamento;Para Inversión, A Pasos Metro Santa Ana. Cod. 2214;2000;CLF;1 dormitorio;1 baño;34 m² útiles;1 dormitorio | 1 baño | 34 m² útiles;Tucapel Jiménez 136, Santiago, Chile, Centro Histórico De Santiago, Santiago;
2025-11-29 18:12:48;Santiago;departamento;Departamento En Venta Metro Santa Ana Y Los Héroes;3060;CLF;2 dormitorios;2 baños;47 m² útiles;2 dormitorios | 2 baños | 47 m² útiles;Agustinas 1612, Santiago, Chile, Centro Histórico De Santiago, Santiago;
2025-11-29 18:12:48;Santiago;departamento;Dpto En Venta Centro De Santiago Cod. 502;1995;CLF;1 dormitorio;1 baño;36 m² útiles;1 dormitorio | 1 baño | 36 m² útiles;Tucapel Jiménez 136, Santiago, Chile, Centro Histórico De Santiago, Santiago;
2025-11-29 18:12:48;Santiago;departamento;Tipo Estudio Con Estacionamiento - Metro P. O`higgins;1800;CLF;1 dormitorio;1 baño;24 m² útiles;1 dormitorio | 1 baño | 24 m² útiles;SANTIAGO 1355, Parque O'Higgins, Santiago;
2025-11-29 18:12:48;Santiago;departamento;Dto Venta Metro Moneda Con Terraza Cod. 405;4200;CLF;3 dormitorios;2 baños;60 m² útiles;3 dormitorios | 2 baños | 60 m² útiles;Lord Cochrane 181, Santiago, Chile, Bulnes, Santiago;
2025-11-29 18:12:48;Santiago;departamento;Departamento En Venta En Centro Histórico De Santiago;2300;CLF;1 dormitorio;1 baño;34 m² útiles;1 dormitorio | 1 baño | 34 m² útiles;Tucapel Jiménez 136, Santiago, Chile, Centro Histórico De Santiago, Santiago;
2025-11-29 18:12:48;Santiago;departamento;Venta Dpto 2 Dormitorios Barrio Republica Cod. 203;3500;CLF;2 dormitorios;2 baños;56 m² útiles;2 dormitorios | 2 baños | 56 m² útiles;Av. España 199, Santiago, Barrio República, Santiago;
2025-11-29 18:12:48;Santiago;departamento;Departamento En Venta En Moneda Con Tucapel Jiménez;3200;CLF;2 dormitorios;2 baños;54 m² útiles;2 dormitorios | 2 baños | 54 m² útiles;Moneda 1617 - Departamento 1510, Centro Histórico De Santiago, Santiago;
2025-11-29 18:12:48;Santiago;departamento;Departamento En Venta En Santa Elena Con Terraza;3050;CLF;1 dormitorio;1 baño;28 m² útiles;1 dormitorio | 1 baño | 28 m² útiles;Sta. Elena 600 - 900, Santiago, Barrio Diez De Julio, Santiago;
2025-11-29 18:12:48;Santiago;departamento;Dpto En Venta En Centro De Santiago Cod. 2607;2250;CLF;1 dormitorio;1 baño;34 m² útiles;1 dormitorio | 1 baño | 34 m² útiles;Tucapel Jiménez 136, Santiago, Chile, Centro Histórico De Santiago, Santiago;
2025-11-29 18:12:48;Santiago;departamento;Departamento En Venta En Moneda Con Terraza;3200;CLF;2 dormitorios;2 baños;54 m² útiles;2 dormitorios | 2 baños | 54 m² útiles;Moneda 1617 - Departamento 1510, Centro Histórico De Santiago, Santiago;
2025-11-29 18:12:48;Santiago;departamento;Departamento Venta Metro Los Héroes Y Santa Ana Terraza;3050;CLF;2 dormitorios;2 baños;50 m² útiles;2 dormitorios | 2 baños | 50 m² útiles;Moneda 1617 - Departamento 2912, Centro Histórico De Santiago, Santiago;
2025-11-29 18:12:48;Santiago;departamento;Dpto En Venta  Agustinas Cod. 2202;1995;CLF;1 dormitorio;1 baño;37 m² útiles;1 dormitorio | 1 baño | 37 m² útiles;Agustinas 1500 - 1800, Centro Histórico De Santiago, Santiago;
2025-11-29 18:12:48;Santiago;departamento;Departamento En Venta En Santa Isabel Con Terraza;2500;CLF;2 dormitorios;1 baño;47 m² útiles;2 dormitorios | 1 baño | 47 m² útiles;San Isidro 292, Santiago, Chile, Santa Isabel, Santiago;
2025-11-29 18:12:48;Santiago;departamento;Dpto En Venta Centro De Santiago Cod. 2615;2090;CLF;1 dormitorio;1 baño;34 m² útiles;1 dormitorio | 1 baño | 34 m² útiles;Moneda 1617 - Departamento 2615, Centro Histórico De Santiago, Santiago;
2025-11-29 18:12:48;Santiago;departamento;Departamento En Venta En Moneda Con Terraza;2450;CLF;2 dormitorios;1 baño;47 m² útiles;2 dormitorios | 1 baño | 47 m² útiles;Tucapel Jiménez 1 - 300, Santiago, Chile, Centro Histórico De Santiago, Santiago;
2025-11-29 18:12:48;Santiago;departamento;Departamento En Venta En Centro Histórico Santiago;2300;CLF;1 dormitorio;1 baño;34 m² útiles;1 dormitorio | 1 baño | 34 m² útiles;Tucapel Jiménez 136, Santiago, Chile, Centro Histórico De Santiago, Santiago;
2025-11-29 18:12:48;Santiago;departamento;Dpto En Venta En Santiago Cod. 2215;2200;CLF;1 dormitorio;1 baño;34 m² útiles;1 dormitorio | 1 baño | 34 m² útiles;Moneda 1617 - Departamento 2315, Centro Histórico De Santiago, Santiago;
2025-11-29 18:12:48;Santiago;departamento;Dpto En Venta En Santa Ana Cod. 2115;2200;CLF;1 dormitorio;1 baño;34 m² útiles;1 dormitorio | 1 baño | 34 m² útiles;Moneda 1617 - Departamento 2315, Centro Histórico De Santiago, Santiago;
2025-11-29 18:12:48;Santiago;departamento;Departamento En Venta En Centro Histórico De Santiago;3700;CLF;2 dormitorios;2 baños;3 m² útiles;2 dormitorios | 2 baños | 3 m² útiles;Agustinas 1612, Santiago, Chile, Centro Histórico De Santiago, Santiago;
2025-11-29 18:12:48;Santiago;departamento;Departamento En Venta En Santa Isabel, Santiago;2398;CLF;1 dormitorio;1 baño;37 m² útiles;1 dormitorio | 1 baño | 37 m² útiles;SANTIAGO, Santa Isabel, Santiago;
2025-11-29 18:12:48;Santiago;departamento;Departamento En Venta En Santa Isabel Con Terraza;3400;CLF;2 dormitorios;2 baños;48 m² útiles;2 dormitorios | 2 baños | 48 m² útiles;Santa Victoria 562, Santiago, Chile, Santa Isabel, Santiago;
2025-11-29 18:12:48;Santiago;departamento;Departamento En Venta En San Diego, Santiago;1850;CLF;1 dormitorio;1 baño;32 m² útiles;1 dormitorio | 1 baño | 32 m² útiles;Arturo Prat 600 - 900, Santiago, Chile, San Diego, Santiago;
2025-11-29 18:12:48;Santiago;departamento;Dpto En Venta En Santa Isabel  Cod. 801;2100;CLF;1 dormitorio;1 baño;30 m² útiles;1 dormitorio | 1 baño | 30 m² útiles;Lira 195, Santiago, Chile, Santa Isabel, Santiago;
2025-11-29 18:12:48;Santiago;departamento;Dpto De 1 Ambiente Con Terraza Vista Oriente Metro Cummnings;1350;CLF;1 dormitorio;1 baño;32 m² útiles;1 dormitorio | 1 baño | 32 m² útiles;Santo Domingo 2246, Santiago, Barrio Brasil, Santiago;
2025-11-29 18:12:48;Santiago;departamento;¡gran Oportunidad De Inversión En El Corazón De Santiago!;1900;CLF;2 dormitorios;1 baño;52 m² útiles;2 dormitorios | 1 baño | 52 m² útiles;SAN FRANCISCO 28, Bulnes, Santiago;
2025-11-29 18:13:09;Santiago;departamento;Venta Depto Piso 12 Remodelado En El Centro Santiago 3d/2b. ;3500;CLF;3 dormitorios;2 baños;69 m² útiles;3 dormitorios | 2 baños | 69 m² útiles;San Antonio 360, Santiago, Centro Histórico De Santiago, Santiago;
2025-11-29 18:13:09;Santiago;departamento;Departamento En Venta 2d Y 1b Ubicado En Eleuterio Ramirez;2950;CLF;2 dormitorios;1 baño;40 m² útiles;2 dormitorios | 1 baño | 40 m² útiles;Eleuterio Ramirez  700, Bulnes, Santiago;
2025-11-29 18:13:09;Santiago;departamento;Club Hipico - Oportunidad Unica;3900;CLF;3 dormitorios;2 baños;68 m² útiles;3 dormitorios | 2 baños | 68 m² útiles;CLUB HÍPICO 1320, Parque O'Higgins, Santiago;
2025-11-29 18:13:09;Santiago;departamento;Oportunidad Directo Al Corazón!;122000000;CLP;2 dormitorios;1 baño;38 m² útiles;2 dormitorios | 1 baño | 38 m² útiles;Sta Victoria 360, Santiago, Santa Isabel, Santiago;
2025-11-29 18:13:09;Santiago;departamento;Venta Amplo Departamento De Un Dormitorio;2050;CLF;1 dormitorio;1 baño;34 m² útiles;1 dormitorio | 1 baño | 34 m² útiles;Argomedo 373, Santiago, Santa Isabel, Santiago;
2025-11-29 18:13:09;Santiago;departamento;Departamento En Venta En Santiago;1750;CLF;1 dormitorio;1 baño;37 m² útiles;1 dormitorio | 1 baño | 37 m² útiles;Santo Domingo 1240, Santiago, Centro Histórico De Santiago, Santiago;
2025-11-29 18:13:09;Santiago;departamento;Venta Departamento/ 1 Dormitorio / Metro Av. Matta;2050;CLF;1 dormitorio;1 baño;32 m² útiles;1 dormitorio | 1 baño | 32 m² útiles;METRO MATTA / SANTA ROSA, AVENIDA MATTA, San Diego, Santiago;
2025-11-29 18:13:09;Santiago;departamento;Departamento En Venta En Avenida Portugal;2380;CLF;2 dormitorios;2 baños;362 m² útiles;2 dormitorios | 2 baños | 362 m² útiles;Portugal 811, Barrio Diez De Julio, Santiago;
2025-11-29 18:13:09;Santiago;departamento;Departamento En Venta En Santiago;1600;CLF;1 dormitorio;1 baño;36 m² útiles;1 dormitorio | 1 baño | 36 m² útiles;Zenteno 1482, Piso 18, Santiago, Parque O'Higgins, Santiago;
2025-11-29 18:13:09;Santiago;departamento;Parque Almagro  Con Estacionamiento Y Bodega;2900;CLF;2 dormitorios;1 baño;51 m² útiles;2 dormitorios | 1 baño | 51 m² útiles;Mencía De Los Nidos 1111, Santiago, Parque Almagro, Santiago;
2025-11-29 18:13:09;Santiago;departamento;Oportunidad !!! 1d 1b, Central Cercano Metro Conectividad;1600;CLF;1 dormitorio;1 baño;30 m² útiles;1 dormitorio | 1 baño | 30 m² útiles;San Martín 870, Santiago, Centro Histórico De Santiago, Santiago;
2025-11-29 18:13:09;Santiago;departamento;Departamento En Venta En Santiago;1500;CLF;1 dormitorio;1 baño;30 m² útiles;1 dormitorio | 1 baño | 30 m² útiles;ORIENTACIÓN AL ORIENTE//VISTA DESPEJADA*cercano A Linea 2 Metro*, Parque O'Higgins, Santiago;
2025-11-29 18:13:09;Santiago;departamento;Departamento En Venta En Club Hípico;3900;CLF;3 dormitorios;2 baños;68 m² útiles;3 dormitorios | 2 baños | 68 m² útiles;Club Hípico 1320, Santiago, Parque O'Higgins, Santiago;
2025-11-29 18:13:09;Santiago;departamento;Departamento, Estacionamiento Y Bodega;66500000;CLP;1 dormitorio;1 baño;31 m² útiles;1 dormitorio | 1 baño | 31 m² útiles;Santa Isabel, 300 - 600, Santa Isabel, Santiago;
2025-11-29 18:13:09;Santiago;departamento;Departamento En Venta En Barrio Brasil, Santiago;2599;CLF;3 dormitorios;2 baños;72 m² útiles;3 dormitorios | 2 baños | 72 m² útiles;METRO SANTA ANA, Barrio Brasil, Santiago;
2025-11-29 18:13:09;Santiago;departamento;Venta Dpto 1d/1b A Pasos De Metro Santa Ana Cod. 1908;1700;CLF;1 dormitorio;1 baño;34 m² útiles;1 dormitorio | 1 baño | 34 m² útiles;Tucapel Jiménez 136, Santiago, Chile, Centro Histórico De Santiago, Santiago;
2025-11-29 18:13:09;Santiago;departamento;Oportunidad  !! Departamento Santiago Centro;1742;CLF;1 dormitorio;1 baño;34 m² útiles;1 dormitorio | 1 baño | 34 m² útiles;Eyzaguirre 819, 1 - 300, San Diego, Santiago;
2025-11-29 18:13:09;Santiago;departamento;Departamento En Venta En Santiago Centro;2300;CLF;2 dormitorios;1 baño;56 m² útiles;2 dormitorios | 1 baño | 56 m² útiles;Nueva Compañía 1500, Santiago, Región Metropolitana, Chile, Centro Histórico De Santiago, Santiago;
2025-11-29 18:13:09;Santiago;departamento;Oportunidad - Metro Franklin;1600;CLF;2 dormitorios;1 baño;38 m² totales;2 dormitorios | 1 baño | 38 m² totales;General Gana 1063, Franklin - Biobío, Santiago;
2025-11-29 18:13:09;Santiago;departamento;Dto En Venta En Santa Isabel Con Terraza Cod. 1701;3700;CLF;3 dormitorios;2 baños;62 m² útiles;3 dormitorios | 2 baños | 62 m² útiles;Avenida Santa Rosa 170, Santiago, Chile, Santa Isabel, Santiago;
2025-11-29 18:13:09;Santiago;departamento;Departamento En Venta En Moneda Con Terraza;3600;CLF;2 dormitorios;1 baño;47 m² útiles;2 dormitorios | 1 baño | 47 m² útiles;Tucapel Jiménez 136, Santiago, Chile, Centro Histórico De Santiago, Santiago;
2025-11-29 18:13:09;Santiago;departamento;Hermoso Departamento A Pasos Del Metro;2000;CLF;1 dormitorio;1 baño;35 m² útiles;1 dormitorio | 1 baño | 35 m² útiles;García Reyes 30, Santiago, Barrio Yungay, Santiago;
2025-11-29 18:13:09;Santiago;departamento;Departamento En Venta En San Ignacio Con Piscina;2200;CLF;2 dormitorios;1 baño;46 m² útiles;2 dormitorios | 1 baño | 46 m² útiles;San Ignacio De Loyola 812, 8330898 Santiago, Región Metropolitana, Chile, Parque Almagro, Santiago;
2025-11-29 18:13:09;Santiago;departamento;Departamentos Nuevos , Excelente Ubicación;1977;CLF;1 dormitorio;1 baño;28 m² útiles;1 dormitorio | 1 baño | 28 m² útiles;Domeyko 1900, 8370390 Santiago, Región Metropolitana, Chile, Ejército - Toesca, Santiago;
2025-11-29 18:13:09;Santiago;departamento;General Gana / San Diego;980;CLF;1 dormitorio;1 baño;19 m² útiles;1 dormitorio | 1 baño | 19 m² útiles;General Gana 900 - 1200, Santiago, Chile, Franklin - Biobío, Santiago;
2025-11-29 18:13:09;Santiago;departamento;En Venta Cómodo Estudio Con Estacionamiento Y Bodega;2290;CLF;1 dormitorio;1 baño;31 m² útiles;1 dormitorio | 1 baño | 31 m² útiles;Portugal 941, Santiago, Barrio Diez De Julio, Santiago;
2025-11-29 18:13:09;Santiago;departamento;Dto En Venta Diag. Paraguay Cod. 1201;4300;CLF;3 dormitorios;2 baños;60 m² útiles;3 dormitorios | 2 baños | 60 m² útiles;Diagonal Paraguay 194, Santiago, Chile, Santa Isabel, Santiago;
2025-11-29 18:13:09;Santiago;departamento;En Venta Departamento Luminoso Remodelado París;2290;CLF;1 dormitorio;1 baño;42 m² útiles;1 dormitorio | 1 baño | 42 m² útiles;París 764, Santiago, Bulnes, Santiago;
2025-11-29 18:13:09;Santiago;departamento;Departamento En Venta En Metro Moneda Con Terraza;95000000;CLP;2 dormitorios;2 baños;50 m² útiles;2 dormitorios | 2 baños | 50 m² útiles;Lord Cochrane 181, Santiago, Chile, Bulnes, Santiago;
2025-11-29 18:13:09;Santiago;departamento;Ubicación Privilegiada, Cocina Remodelada. Pleno Centro De S;72000000;CLP;1 dormitorio;1 baño;33 m² útiles;1 dormitorio | 1 baño | 33 m² útiles;RAMÓN CORVALÁN 32, Barrio San Borja, Santiago;
2025-11-29 18:13:09;Santiago;departamento;Excelente Ubicación Metro Plaza De Armas;1515;CLF;1 dormitorio;1 baño;28 m² útiles;1 dormitorio | 1 baño | 28 m² útiles;MORANDÉ 580, Centro Histórico De Santiago, Santiago;
2025-11-29 18:13:09;Santiago;departamento;En Venta Luminoso Departamento En Barrio Brasil;2370;CLF;2 dormitorios;2 baños;51 m² útiles;2 dormitorios | 2 baños | 51 m² útiles;San Pablo 2002, Santiago, Barrio Brasil, Santiago;
2025-11-29 18:13:09;Santiago;departamento;Depto 2d/1b En Venta  San Isidro Metro Santa Lucía Santiago;83000000;CLP;2 dormitorios;1 baño;70 m² útiles;2 dormitorios | 1 baño | 70 m² útiles;San Isidro 204, Santiago, Santa Isabel, Santiago;
2025-11-29 18:13:09;Santiago;departamento;Departamento En Venta En Serrano Esquina Eyzaguirre;1800;CLF;1 dormitorio;1 baño;27 m² útiles;1 dormitorio | 1 baño | 27 m² útiles;Serrano 611, Santiago, Chile, San Diego, Santiago;
2025-11-29 18:13:09;Santiago;departamento;Departamento En Venta En Centro Histórico De Santiago;1550;CLF;1 dormitorio;1 baño;29 m² útiles;1 dormitorio | 1 baño | 29 m² útiles;Mario Kreutzberger 1520, Santiago, Chile, Centro Histórico De Santiago, Santiago;
2025-11-29 18:13:09;Santiago;departamento;Departamento En Venta En Parque O'higgins;2099;CLF;2 dormitorios;1 baño;32 m² útiles;2 dormitorios | 1 baño | 32 m² útiles;Zenteno 1482, Parque O'Higgins, Santiago;
2025-11-29 18:13:09;Santiago;departamento;Departamento En Venta En Bulnes, Santiago;1650;CLF;1 dormitorio;1 baño;34 m² útiles;1 dormitorio | 1 baño | 34 m² útiles;Tarapacá 850, Santiago, Chile, Bulnes, Santiago;
2025-11-29 18:13:09;Santiago;departamento;Departamento En Venta En Parque Almagro;2500;CLF;1 dormitorio;1 baño;2 m² útiles;1 dormitorio | 1 baño | 2 m² útiles;Nataniel Cox 683, Santiago, Chile, Parque Almagro, Santiago;
2025-11-29 18:13:09;Santiago;departamento;Departamento En Venta En Santa Isabel;2300;CLF;1 dormitorio;1 baño;30 m² útiles;1 dormitorio | 1 baño | 30 m² útiles;Carmen 418, Santiago, Chile, Santa Isabel, Santiago;
2025-11-29 18:13:09;Santiago;departamento;Se Vende Departamento Santiago Metro Toesca;2900;CLF;2 dormitorios;2 baños;59 m² útiles;2 dormitorios | 2 baños | 59 m² útiles;Parque Almagro, Santiago;
2025-11-29 18:13:09;Santiago;departamento;Departamento En Venta En Santa Isabel;3490;CLF;3 dormitorios;2 baños;68 m² útiles;3 dormitorios | 2 baños | 68 m² útiles;Av. Sta. Isabel 765, San Diego, Santiago;
2025-11-29 18:13:09;Santiago;departamento;Departamento En Venta En Centro Histórico De Santiago;2050;CLF;1 dormitorio;1 baño;30 m² útiles;1 dormitorio | 1 baño | 30 m² útiles;Santo Domingo 755, Santiago, Chile, Centro Histórico De Santiago, Santiago;
2025-11-29 18:13:09;Santiago;departamento;Departamento En Venta En Bulnes Santiago;69000000;CLP;1 dormitorio;1 baño;33 m² útiles;1 dormitorio | 1 baño | 33 m² útiles;Lord Cochrane 220, Santiago, Chile, Bulnes, Santiago;
2025-11-29 18:13:09;Santiago;departamento;Departamento En Venta En Barrio Diez De Julio;1700;CLF;1 dormitorio;1 baño;28 m² útiles;1 dormitorio | 1 baño | 28 m² útiles;Portugal 968, Santiago, Barrio Diez De Julio, Santiago;
2025-11-29 18:13:09;Santiago;departamento;Departamento En Venta En Huerfanos;2490;CLF;2 dormitorios;2 baños;45 m² útiles;2 dormitorios | 2 baños | 45 m² útiles;Huérfanos 1400, Centro Histórico De Santiago, Santiago;
2025-11-29 18:13:09;Santiago;departamento;Departamento En Venta En Franklin - Biobío;2300;CLF;1 dormitorio;1 baño;32 m² útiles;1 dormitorio | 1 baño | 32 m² útiles;Chiloé 1951, Santiago, Franklin - Biobío, Santiago;
2025-11-29 18:13:09;Santiago;departamento;Departamento En Venta En Bulnes, Santiago;2100;CLF;1 dormitorio;1 baño;34 m² útiles;1 dormitorio | 1 baño | 34 m² útiles;Tarapacá 850, Santiago, Chile, Bulnes, Santiago;
2025-11-29 18:13:09;Santiago;departamento;Departamento En Venta En Matta;1700;CLF;1 dormitorio;1 baño;23 m² útiles;1 dormitorio | 1 baño | 23 m² útiles;Avenida Manuel Antonio Matta 52, Santiago, Chile, Bogotá - Sierra Bella, Santiago;
