fecha_extraccion;comuna;tipo_propiedad;titulo;precio;moneda;dormitorios;banos;metros_utiles;caracteristicas_raw;ubicacion;url
2025-11-29 18:15:00;Santiago;casa;Increíble 14 Dormitorios Totalmente Remodelada Nueva, Metro;8500;CLF;14 dormitorios;6 baños;154 m² útiles;14 dormitorios | 6 baños | 154 m² útiles;Moneda 3067, 8350570 Santiago, Región Metropolitana, Chile, Barrio Yungay, Santiago;
2025-11-29 18:15:00;Santiago;casa;Propiedad Patrimonial 2270 M2 Sn Pablo Entre Bulnes Cumming;28443;CLF;10 dormitorios;10 baños;1.232 m² útiles;10 dormitorios | 10 baños | 1.232 m² útiles;San Pablo 2312, Santiago, Barrio Yungay, Santiago;
2025-11-29 18:15:00;Santiago;casa;Vendo Casa Pleno Centro Santiago;175000000;CLP;2 dormitorios;1 baño;88 m² útiles;2 dormitorios | 1 baño | 88 m² útiles;Gorbea 2020, Santiago, Ejército - Toesca, Santiago;
2025-11-29 18:15:00;Santiago;casa;Negocio Con Espacios Habitables.2d.2b.;115000000;CLP;2 dormitorios;2 baños;105 m² útiles;2 dormitorios | 2 baños | 105 m² útiles;San Isidro 958, Santiago, Barrio Diez De Julio, Santiago;
2025-11-29 18:15:00;Santiago;casa;Casa En Venta De 8 Dorm. En Santiago;4800;CLF;8 dormitorios;1 baño;290 m² útiles;8 dormitorios | 1 baño | 290 m² útiles;Av. Mapocho / Esperanza, Parque Los Reyes, Santiago;
2025-11-29 18:15:00;Santiago;casa;Casa Con Gran Terreno En Santiago, Zona Comercial;16650;CLF;3 dormitorios;3 baños;613 m² útiles;3 dormitorios | 3 baños | 613 m² útiles;SANTA HELENA / VICUÑA MACKENA, Santiago;
2025-11-29 18:15:00;Santiago;casa;Venta Casa Santiago 5 Dormitorios 3 Baños 263 Mt2;6790;CLF;5 dormitorios;3 baños;263 m² útiles;5 dormitorios | 3 baños | 263 m² útiles;Pedro León Ugalde / Santa Elvira, Bogotá - Sierra Bella, Santiago;
2025-11-29 18:15:00;Santiago;casa;¡oportunidad Única En Barrio República!;4500;CLF;2 dormitorios;2 baños;72 m² útiles;2 dormitorios | 2 baños | 72 m² útiles;Echaurren 546, Santiago, Barrio República, Santiago;
2025-11-29 18:15:00;Santiago;casa;Casa Remodelada Regularizada - Residencial/oficina/comercial;129999990;CLP;5 dormitorios;2 baños;110 m² útiles;5 dormitorios | 2 baños | 110 m² útiles;Lima 1040, Santiago, Barrio Diez De Julio, Santiago;
2025-11-29 18:15:00;Santiago;casa;Casa En Venta En Barrio Yungay, Santiago;4950;CLF;3 dormitorios;2 baños;56 m² útiles;3 dormitorios | 2 baños | 56 m² útiles;Gral. Bulnes 520, Santiago, Barrio Yungay, Santiago;
2025-11-29 18:15:00;Santiago;casa;Casa En Venta En Barrio Yungay;4850;CLF;4 dormitorios;2 baños;60 m² útiles;4 dormitorios | 2 baños | 60 m² útiles;Catedral 2453, 8350355 Santiago, Región Metropolitana, Chile, Barrio Yungay, Santiago;
2025-11-29 18:15:00;Santiago;casa;Casa En Venta Excelente Ubicaccion, Metro Toesca;102000000;CLP;4 dormitorios;1 baño;83 m² útiles;4 dormitorios | 1 baño | 83 m² útiles;Toesca 2031, Depto B, Santiago, Ejército - Toesca, Santiago;
2025-11-29 18:15:00;Santiago;casa;Propiedad Habitacional Y/o Oficina, Excelente Ubicacion;320000000;CLP;6 dormitorios;4 baños;347 m² útiles;6 dormitorios | 4 baños | 347 m² útiles;Toesca 2037, Santiago, Ejército - Toesca, Santiago;
2025-11-29 18:15:00;Santiago;casa;Casa En Venta En San Isidro;390000000;CLP;3 dormitorios;1 baño;92 m² útiles;3 dormitorios | 1 baño | 92 m² útiles;665 TERRENO COMERCIAL CON CASA SAN ISIDRO - MAULE, Bogotá - Sierra Bella, Santiago;
2025-11-29 18:15:00;Santiago;casa;Oportunidad Ii Casa En Altura Ii Parque Almagro;160000000;CLP;7 dormitorios;3 baños;180 m² útiles;7 dormitorios | 3 baños | 180 m² útiles;Cóndor 600 - 900, Santiago, San Diego, Santiago;
2025-11-29 18:15:00;Santiago;casa;Casa Venta 7 Dorm. En Santiago Casona Antigua Patrimonial ;5900;CLF;7 dormitorios;4 baños;193 m² útiles;7 dormitorios | 4 baños | 193 m² útiles;Marín Con Av Vicuña Mackenna, Santa Isabel, Santiago;
2025-11-29 18:15:00;Santiago;casa;Casa En Venta De 8 Dorm. En Santiago Barrio Dieciocho;21973;CLF;8 dormitorios;4 baños;460 m² útiles;8 dormitorios | 4 baños | 460 m² útiles;Barrio Dieciocho, Dieciocho, Santiago;
2025-11-29 18:15:00;Santiago;casa;Venta De Casa ;3550;CLF;4 dormitorios;1 baño;100 m² útiles;4 dormitorios | 1 baño | 100 m² útiles;Atacama 3220, Santiago, Santiago;
2025-11-29 18:15:00;Santiago;casa;Estupenda Casa Comercial En El Corazón De Republica;850000000;CLP;15 dormitorios;12 baños;540 m² útiles;15 dormitorios | 12 baños | 540 m² útiles;Sazié 1500 - 1800, Santiago, Ejército - Toesca, Santiago;
2025-11-29 18:15:00;Santiago;casa;Casa Esquina, Davila Larrain, Santiago;4800;CLF;4 dormitorios;4 baños;170 m² útiles;4 dormitorios | 4 baños | 170 m² útiles;Dávila Larraín 1895, Santiago, Bogotá - Sierra Bella, Santiago;
2025-11-29 18:15:00;Santiago;casa;Casa Alejandro - Santiago Centro - 3d + 1b;125000000;CLP;3 dormitorios;1 baño;60 m² útiles;3 dormitorios | 1 baño | 60 m² útiles;Alejandro 900 - 1200, Santiago, Parque Los Reyes, Santiago;
2025-11-29 18:15:00;Santiago;casa;Excelente Casa Comercial, En Ubicación Principal, Republica;870000000;CLP;15 dormitorios;8 baños;451 m² útiles;15 dormitorios | 8 baños | 451 m² útiles;Ejército Libertador, Santiago, Ejército - Toesca, Santiago;
2025-11-29 18:15:00;Santiago;casa;Casa Con 445 Mts De Terreno Santiago Centro;13821;CLF;12 dormitorios;5 baños;245 m² útiles;12 dormitorios | 5 baños | 245 m² útiles;Aconcagua 1200 - 1500, Santiago, Parque Almagro, Santiago;
2025-11-29 18:15:00;Santiago;casa;Vendemos Propiedad Comercial, Corazón Barrio Brasil Santiago;30500;CLF;4 dormitorios;6 baños;720 m² útiles;4 dormitorios | 6 baños | 720 m² útiles;Erasmo Escala 1955, Santiago, Barrio Brasil, Santiago;
2025-11-29 18:15:00;Santiago;casa;Para Local Comercial Y/o Para Vivir Ñuble/ San Francisco;220000000;CLP;5 dormitorios;2 baños;167 m² útiles;5 dormitorios | 2 baños | 167 m² útiles;Ñuble/ San Francisco, Franklin - Biobío, Santiago;
2025-11-29 18:15:00;Santiago;casa;Casa Historica En Barrio Yungay;6000;CLF;7 dormitorios;4 baños;256 m² útiles;7 dormitorios | 4 baños | 256 m² útiles;BARRIO YUNGAY,PASAJE CERRADO, Barrio Yungay, Santiago;
2025-11-29 18:15:00;Santiago;casa;Casa Esquina Sector D Larrain Con Carmen Uf 4610;4610;CLF;4 dormitorios;4 baños;169 m² útiles;4 dormitorios | 4 baños | 169 m² útiles;Dávila Larraín 1895, Santiago, Bogotá - Sierra Bella, Santiago;
2025-11-29 18:15:00;Santiago;casa;Casa En Venta En Santiago;5924;CLF;4 dormitorios;3 baños;261 m² útiles;4 dormitorios | 3 baños | 261 m² útiles;VICTORIA//LORD COCHRANE, Parque O'Higgins, Santiago;
2025-11-29 18:15:00;Santiago;casa;Casa En Venta En Santiago;230000000;CLP;7 dormitorios;2 baños;285 m² útiles;7 dormitorios | 2 baños | 285 m² útiles;Casi Esquina Antofagasta, Club Hípico, Santiago;
2025-11-29 18:15:00;Santiago;casa;Casa En Venta De 8 Dorm. En Santiago;135000000;CLP;8 dormitorios;2 baños;180 m² útiles;8 dormitorios | 2 baños | 180 m² útiles;METRO ÑUBLE//PORTUGAL//FRANKLIN, Bogotá - Sierra Bella, Santiago;
2025-11-29 18:15:00;Santiago;casa;Casa En Venta En Santiago;9500;CLF;;;600 m² útiles;600 m² útiles;PORTUGAL//GENERAL GANA//ARAUCO, Bogotá - Sierra Bella, Santiago;
2025-11-29 18:15:00;Santiago;casa;Casa En Venta En Santiago;2100;CLF;4 dormitorios;1 baño;115 m² útiles;4 dormitorios | 1 baño | 115 m² útiles;Francisco Bardessi // Gral Baquedano, Parque Los Reyes, Santiago;
2025-11-29 18:15:00;Santiago;casa;Casa En Venta De 3 Dorm. En Santiago;3175;CLF;3 dormitorios;2 baños;93 m² útiles;3 dormitorios | 2 baños | 93 m² útiles;Museo Militar, Parque Almagro, Santiago;
2025-11-29 18:15:00;Santiago;casa;Casa En Venta En Santiago;120000;CLF;12 dormitorios;;1.526 m² útiles;12 dormitorios | 1.526 m² útiles;Santo Domingo/ Morandé, Centro Histórico De Santiago, Santiago;
2025-11-29 18:15:00;Santiago;casa;Vive Y Rentabiliza! 2 Casas, Pasos Metro Cumming;10500;CLF;7 dormitorios;4 baños;365 m² útiles;7 dormitorios | 4 baños | 365 m² útiles;Capuchinos / Sto Domingo, 1 - 300, Barrio Yungay, Santiago;
2025-11-29 18:15:00;Santiago;casa;Casa En Venta De 5 Dorm. En Santiago;270000000;CLP;5 dormitorios;3 baños;200 m² útiles;5 dormitorios | 3 baños | 200 m² útiles;Casa En Santiago Centro, Barrio Brasil, Santiago;
2025-11-29 18:15:00;Santiago;casa;Inversionistas Se Vende Casa 250 M2 Sector Franklin / Metro;188000000;CLP;5 dormitorios;2 baños;170 m² útiles;5 dormitorios | 2 baños | 170 m² útiles;Ing. Obrecht 1800 - 2100, Santiago, Franklin - Biobío, Santiago;
2025-11-29 18:15:00;Santiago;casa;Casa En Venta En Sierra Bella Santiago Con Patio;290000000;CLP;4 dormitorios;2 baños;270 m² útiles;4 dormitorios | 2 baños | 270 m² útiles;Sierra Bella 1594, Bogotá - Sierra Bella, Santiago;
2025-11-29 18:15:00;Santiago;casa;Amplia Casa, Santiago Sur. 10 Minutos Caminando Metro Matta;4800;CLF;3 dormitorios;2 baños;100 m² útiles;3 dormitorios | 2 baños | 100 m² útiles;Av. Manuel Antonio Matta 558, 8360058 Santiago, Región Metropolitana, Chile, Barrio Diez De Julio, Santiago;
2025-11-29 18:15:00;Santiago;casa; Gran Propiedad Centenaria Renovada;9000;CLF;10 dormitorios;3 baños;340 m² útiles;10 dormitorios | 3 baños | 340 m² útiles;LIBERTAD, 300 - 600, Barrio Yungay, Santiago;
2025-11-29 18:15:00;Santiago;casa;Terreno Comercial, 2 Casas, Gran  Galpón;17990;CLF;6 dormitorios;3 baños;200 m² útiles;6 dormitorios | 3 baños | 200 m² útiles;Calle Camino A Melipilla 1600 - 1800, Club Hípico, Santiago;
2025-11-29 18:15:00;Santiago;casa;Rp-casa En Venta Sector Metro Republica;9900;CLF;16 dormitorios;6 baños;266 m² útiles;16 dormitorios | 6 baños | 266 m² útiles;Erasmo Escala 2100 - 2400, Santiago, Barrio Yungay, Santiago;
2025-11-29 18:15:00;Santiago;casa;Amplia Casa Para Diversos Usos Con Excelente Ubicación;3000;CLF;4 dormitorios;2 baños;173 m² útiles;4 dormitorios | 2 baños | 173 m² útiles;Santiago/ Matta Sur, Parque O'Higgins, Santiago;
2025-11-29 18:15:00;Santiago;casa;Ideal Bodega;4500;CLF;5 dormitorios;1 baño;173 m² útiles;5 dormitorios | 1 baño | 173 m² útiles;Pedro León Ugalde 1200 - 1500, Santiago, Bogotá - Sierra Bella, Santiago;
2025-11-29 18:15:00;Santiago;casa;Propiedad Ultra Rebajada De 270mm A 220mm Compra Sin Pie.;220000000;CLP;5 dormitorios;3 baños;170 m² útiles;5 dormitorios | 3 baños | 170 m² útiles;Ñuble Con San Francisco, Parque O'Higgins, Santiago;
2025-11-29 18:15:00;Santiago;casa;Se Vende Exclusiva Casa Rafael Sotomayor, Stgo;180000000;CLP;4 dormitorios;2 baños;131 m² útiles;4 dormitorios | 2 baños | 131 m² útiles;Rafael Sotomayor 385, Santiago, Santiago Metropolitan Region 8320000, Chile, Barrio Yungay, Santiago;
2025-11-29 18:15:00;Santiago;casa;Vende Casa Comercial & Habitacional 3d,2b 264m2/335m2;320000000;CLP;3 dormitorios;2 baños;335 m² útiles;3 dormitorios | 2 baños | 335 m² útiles;Avenida Ricardo Cumming 582, Barrio Yungay, Santiago;
2025-11-29 18:15:00;Santiago;casa;Se Vende Amplia Casa En Santiago  Excelente Ubicación;6426;CLF;4 dormitorios;2 baños;172 m² útiles;4 dormitorios | 2 baños | 172 m² útiles;Maturana 984, 8340142 Santiago, Región Metropolitana, Chile, Parque Los Reyes, Santiago;
2025-11-29 18:15:31;Santiago;casa;Vendo Casa Stgo 2d+1b -antu;90000000;CLP;2 dormitorios;1 baño;30 m² útiles;2 dormitorios | 1 baño | 30 m² útiles;Pedro Lagos 612, Santiago, Santiago Metropolitan Region 8320000, Chile, Bogotá - Sierra Bella, Santiago;
2025-11-29 18:15:31;Santiago;casa;Casa Remodelada 3d, 2b, Calle Maipú, Comuna De Santiago;4190;CLF;3 dormitorios;2 baños;98 m² útiles;3 dormitorios | 2 baños | 98 m² útiles;Maipú , Santiago, Santiago Metropolitan Region 8320000, Chile, Parque Los Reyes, Santiago;
2025-11-29 18:15:31;Santiago;casa;Casa-terreno Stgo Centro Barrio Antiguo . Inversionistas !!;10100;CLF;4 dormitorios;2 baños;300 m² útiles;4 dormitorios | 2 baños | 300 m² útiles;Maturana 78, Barrio Brasil, Santiago;
2025-11-29 18:15:31;Santiago;casa;Propiedad Con Renta  Arrendada A Universidad (7,2%);29900;CLF;;;820 m² totales;820 m² totales;REPUBLICA 498, Barrio República, Santiago;
2025-11-29 18:15:31;Santiago;casa;Excelente Terreno Comercial Con Alto Tránsito - Inm. Escocia;27000;CLF;;;1.350 m² totales;1.350 m² totales;Avenida Matta 1420, Parque O'Higgins, Santiago;
2025-11-29 18:15:31;Santiago;casa;Activo Con Flujo Asegurado En Santiago Centro (7,2%);29900;CLF;8 dormitorios;4 baños;755 m² útiles;8 dormitorios | 4 baños | 755 m² útiles;República 498, Santiago, Santiago Metropolitan Region 8320000, Chile, Barrio República, Santiago;
2025-11-29 18:15:31;Santiago;casa;Maravillosa Casa Estilo Town House;5700;CLF;3 dormitorios;3 baños;121 m² útiles;3 dormitorios | 3 baños | 121 m² útiles;Maipú 425, Santiago, Región Metropolitana De Santiago 8320000, Chile, Barrio Yungay, Santiago;
2025-11-29 18:15:31;Santiago;casa;Oportunidad De Excelente Casa Sector Club Hipico;5600;CLF;4 dormitorios;2 baños;165 m² útiles;4 dormitorios | 2 baños | 165 m² útiles;San Alfonso 1025, 8370570 Santiago, Región Metropolitana, Chile, Club Hípico, Santiago;
2025-11-29 18:15:31;Santiago;casa;Casa Para Remodelacion Total 100/80m2;80000000;CLP;3 dormitorios;1 baño;80 m² útiles;3 dormitorios | 1 baño | 80 m² útiles;Maturana 778, Santiago, Región Metropolitana De Santiago 8320000, Chile, Barrio Brasil, Santiago;
2025-11-29 18:15:31;Santiago;casa;Casa ¡se Aceptan Ofertas!/metro Santa Ana;8690;CLF;6 dormitorios;5 baños;180 m² útiles;6 dormitorios | 5 baños | 180 m² útiles;¡SE ACEPTAN OFERTAS!/Metro Santa Ana, Barrio Brasil, Santiago;
2025-11-29 18:15:31;Santiago;casa;Sitio Con Casa En Venta En Santiago: Inversión!!;17530;CLF;20 dormitorios;5 baños;600 m² útiles;20 dormitorios | 5 baños | 600 m² útiles;Moneda Esq. Brasil, Barrio Brasil, Santiago;
2025-11-29 18:15:31;Santiago;casa;Propiedad Para Destino Comercial O Habitacional;4200;CLF;5 dormitorios;;229 m² útiles;5 dormitorios | 229 m² útiles;German Riesco, 1800 - 2100, Franklin - Biobío, Santiago;
2025-11-29 18:15:31;Santiago;casa;Edificio Para Proyecto;10990;CLF;23 dormitorios;25 baños;500 m² útiles;23 dormitorios | 25 baños | 500 m² útiles;Victoria Subercaseaux 1 - 300, Santiago, Chile, Barrio Lastarria, Santiago;
2025-11-29 18:15:31;Santiago;casa; Santiago House 8d4b  Prime Location ;15000;CLF;8 dormitorios;6 baños;1.084 m² útiles;8 dormitorios | 6 baños | 1.084 m² útiles;Victor Manuel, 1 - 300, Bogotá - Sierra Bella, Santiago;
2025-11-29 18:15:31;Santiago;casa;Casa En Venta En Barrio Yungay, Santiago;9900;CLF;12 dormitorios;4 baños;380 m² útiles;12 dormitorios | 4 baños | 380 m² útiles;Capuchinos 600 - 900, Santiago, Barrio Yungay, Santiago;
2025-11-29 18:15:31;Santiago;casa;Casa En Venta En Esmeralda, Costanera Norte, Metro;9890;CLF;11 dormitorios;4 baños;635 m² útiles;11 dormitorios | 4 baños | 635 m² útiles;Esmeralda 757, Santiago, Chile, Centro Histórico De Santiago, Santiago;
2025-11-29 18:15:31;Santiago;casa;Espacio, Historia Y Plusvalía En Santiago;5871;CLF;4 dormitorios;2 baños;214 m² útiles;4 dormitorios | 2 baños | 214 m² útiles;Garcia Reyes, 629, Barrio Yungay, Santiago;
2025-11-29 18:15:31;Santiago;casa;Casa En Venta De 7 Dorm. En Santiago;10900;CLF;7 dormitorios;2 baños;278 m² útiles;7 dormitorios | 2 baños | 278 m² útiles;Sargento Aldea / Metro Ñuble, Santiago;
2025-11-29 18:15:31;Santiago;casa;Casa En Venta De 2 Dorm. En Santiago;2762;CLF;2 dormitorios;2 baños;100 m² útiles;2 dormitorios | 2 baños | 100 m² útiles;Libertad / Mapocho, Parque Los Reyes, Santiago;
2025-11-29 18:15:31;Santiago;casa;Casa En Venta De 12 Dorm. En Santiago;15990;CLF;12 dormitorios;3 baños;493 m² útiles;12 dormitorios | 3 baños | 493 m² útiles;Metro Universidad Catolica, Santiago;
2025-11-29 18:15:31;Santiago;casa;Casa En Venta (sitio) Santiago;700000000;CLP;4 dormitorios;1 baño;248 m² útiles;4 dormitorios | 1 baño | 248 m² útiles;Nueva Valdes-Matta-Santiago Centro, San Diego, Santiago;
2025-11-29 18:15:31;Santiago;casa;Casona Barrio Concha Y Toro En Obra Gruesa Hotel O Deptos.;18900;CLF;16 dormitorios;16 baños;1.117 m² útiles;16 dormitorios | 16 baños | 1.117 m² útiles;Concha Y Toro 1 - 300, Santiago, Chile, Barrio Brasil, Santiago;
2025-11-29 18:15:31;Santiago;casa;Se Vende Casa 4d 1b Remodelada Metro Toesca Negociable;100000000;CLP;4 dormitorios;1 baño;110 m² útiles;4 dormitorios | 1 baño | 110 m² útiles;Metro Toesca, Parque Almagro, Santiago;
2025-11-29 18:15:31;Santiago;casa;Casa Grande Y Remodelada En Santiago Centro;450000000;CLP;5 dormitorios;4 baños;293 m² útiles;5 dormitorios | 4 baños | 293 m² útiles;Barrio República, Santiago;
2025-11-29 18:15:31;Santiago;casa;Edificio 3 Pisos, 6 Deptos Y Local Com. Sto Dgo/miraflores;22800;CLF;6 dormitorios;6 baños;500 m² útiles;6 dormitorios | 6 baños | 500 m² útiles;Edificio Completo De 3 Pisos. 6 Departamentos Y Local Comercial. Santo Domingo/Miraflores. Metro Bellas Artes, Centro Histórico De Santiago, Santiago;
2025-11-29 18:15:31;Santiago;casa;Casa En Venta En Santiago;14200;CLF;13 dormitorios;6 baños;374 m² útiles;13 dormitorios | 6 baños | 374 m² útiles;Compañía De Jesús / Cercano A Casa Presidencial, Barrio Yungay, Santiago;
2025-11-29 18:15:31;Santiago;casa;Casa En Venta De 6 Dorm. En Santiago;5863;CLF;6 dormitorios;3 baños;263 m² útiles;6 dormitorios | 3 baños | 263 m² útiles;Artemio Gutierrez / Victoria, Bogotá - Sierra Bella, Santiago;
2025-11-29 18:15:31;Santiago;casa;Venta Casa 5d 2b 1box 201m2 Santiago Artemio Gutierrez;5863;CLF;5 dormitorios;2 baños;263 m² útiles;5 dormitorios | 2 baños | 263 m² útiles;Con Miguel Leon Prado / Victoria, Bogotá - Sierra Bella, Santiago;
2025-11-29 18:15:31;Santiago;casa;Casa En Venta De 8 Dorm. En Santiago;400000000;CLP;8 dormitorios;4 baños;317 m² útiles;8 dormitorios | 4 baños | 317 m² útiles;Yungay, Barrio Yungay, Santiago;
2025-11-29 18:15:31;Santiago;casa;Casa En Venta De 4 Dorm. En Santiago;5600;CLF;4 dormitorios;2 baños;165 m² útiles;4 dormitorios | 2 baños | 165 m² útiles;Club Hípico, Club Hípico, Santiago;
2025-11-29 18:15:31;Santiago;casa;Casa En Venta De 5 Dorm. En Santiago;10850;CLF;5 dormitorios;1 baño;445 m² útiles;5 dormitorios | 1 baño | 445 m² útiles;Club Hípico, Club Hípico, Santiago;
2025-11-29 18:15:31;Santiago;casa;Casa En Venta De 2 Dorm. En Santiago;12900;CLF;2 dormitorios;3 baños;666 m² útiles;2 dormitorios | 3 baños | 666 m² útiles;Oportunidad Inversionistas: Propiedad Industrial Con Uso Mixto (Residencial/Bodegaje). Padre Orellana, Maule Con Portugal, Bogotá - Sierra Bella, Santiago;
2025-11-29 18:15:31;Santiago;casa;Casa En Venta De 4 Dorm. En Providencia;21500;CLF;4 dormitorios;3 baños;286 m² útiles;4 dormitorios | 3 baños | 286 m² útiles;Colegio San Ignacio, Bulnes, Santiago;
2025-11-29 18:15:31;Santiago;casa;Casa En Venta De 3 Dorm. En Santiago;4700;CLF;3 dormitorios;2 baños;143 m² útiles;3 dormitorios | 2 baños | 143 m² útiles;Con Esquina Nor-oeste De Calle Victoria, Bogotá - Sierra Bella, Santiago;
2025-11-29 18:15:31;Santiago;casa;Tradicional, Patio Interior, 3d2b, Regularizada Total;4250;CLF;3 dormitorios;2 baños;98 m² útiles;3 dormitorios | 2 baños | 98 m² útiles;Cuevas 1500 - 1800, Santiago, Bogotá - Sierra Bella, Santiago;
2025-11-29 18:15:31;Santiago;casa;Casa En Venta En Barrio Universitario (negociable);149900000;CLP;2 dormitorios;1 baño;96 m² útiles;2 dormitorios | 1 baño | 96 m² útiles;Gorbea 2020, Ejército - Toesca, Santiago;
2025-11-29 18:15:31;Santiago;casa;Casa En Venta De 3 Dorm. En Comuna De Santiago;98000000;CLP;3 dormitorios;1 baño;87 m² útiles;3 dormitorios | 1 baño | 87 m² útiles;Antofagasta Con San Vicente, Club Hípico, Santiago;
2025-11-29 18:15:31;Santiago;casa;Casa En Venta De 6 Dorm. En Santiago;16000;CLF;6 dormitorios;3 baños;295 m² útiles;6 dormitorios | 3 baños | 295 m² útiles;Ismael Valdés Vergara, Centro Histórico De Santiago, Santiago;
2025-11-29 18:15:31;Santiago;casa;Gran Casa/oficina Excelente Ubicación ;6100;CLF;4 dormitorios;5 baños;170 m² útiles;4 dormitorios | 5 baños | 170 m² útiles;Serrano 625, San Diego, Santiago;
2025-11-29 18:15:31;Santiago;casa;Hermosa Casa Patrimonial Barrio Yungay;8350;CLF;4 dormitorios;2 baños;211 m² útiles;4 dormitorios | 2 baños | 211 m² útiles;Adriana Cousiño 367, Santiago, Barrio Yungay, Santiago;
2025-11-29 18:15:31;Santiago;casa;Casona Para Uso Comercial. ¡¡se Escuchan Ofertas!!;17000;CLF;15 dormitorios;8 baños;897 m² útiles;15 dormitorios | 8 baños | 897 m² útiles;Vergara 130, Ejército - Toesca, Santiago;
2025-11-29 18:15:31;Santiago;casa;Casa Histórica En Venta ,17 Departamentos En Santiago;20000;CLF;17 dormitorios;10 baños;590 m² útiles;17 dormitorios | 10 baños | 590 m² útiles;Lord Cochrane Con Calle Vidaurre, Bulnes, Santiago;
2025-11-29 18:15:31;Santiago;casa;Venta Hermosa Casa En Príncipe De Gales En La Reina 386 Mts2;14959;CLF;4 dormitorios;4 baños;175 m² útiles;4 dormitorios | 4 baños | 175 m² útiles;Príncipe De Gales, Santiago, Centro Histórico De Santiago, Santiago;
2025-11-29 18:15:31;Santiago;casa;Oportunidad, Amplia, Buenos Accesos, Uso Comercial;4900;CLF;4 dormitorios;2 baños;185 m² útiles;4 dormitorios | 2 baños | 185 m² útiles;Madrid 1416, Santiago, Bogotá - Sierra Bella, Santiago;
2025-11-29 18:15:31;Santiago;casa;Casa En Venta En Lord Cochrane;5400;CLF;3 dormitorios;2 baños;150 m² útiles;3 dormitorios | 2 baños | 150 m² útiles;LORD COCHRANE / PASAJE CERRADO, Parque O'Higgins, Santiago;
2025-11-29 18:15:31;Santiago;casa;Terreno Con Casa En Centro De Concepción ;15160;CLF;3 dormitorios;1 baño;431 m² útiles;3 dormitorios | 1 baño | 431 m² útiles;Serrano 21, Santiago, Chile, Bulnes, Santiago;
2025-11-29 18:15:31;Santiago;casa;Casona Remodelada Con Giro Comercial En Barrio República.;10270;CLF;10 dormitorios;7 baños;316 m² útiles;10 dormitorios | 7 baños | 316 m² útiles;Pasaje República 1 - 300, Santiago, Chile, Barrio República, Santiago;
2025-11-29 18:15:31;Santiago;casa;Casa En Venta En Barrio Yungay, Santiago;2800;CLF;11 dormitorios;2 baños;200 m² útiles;11 dormitorios | 2 baños | 200 m² útiles;Maipú 656, Santiago, Barrio Yungay, Santiago;
2025-11-29 18:15:38;Santiago;casa;Casa En Venta En La Reina;14959;CLF;4 dormitorios;3 baños;175 m² útiles;4 dormitorios | 3 baños | 175 m² útiles;Príncipe De Gales 8780, Santiago, Chile, Centro Histórico De Santiago, Santiago;
2025-11-29 18:15:38;Santiago;casa;Se Vende Casa En Santiago Parque O;130000000;CLP;3 dormitorios;1 baño;82 m² útiles;3 dormitorios | 1 baño | 82 m² útiles;El Trebol 1745, Club Hípico, Santiago;
2025-11-29 18:15:38;Santiago;casa;Casa En Venta De 4 Dorm. En Cité Calle San Pablo;1500;CLF;4 dormitorios;1 baño;92 m² útiles;4 dormitorios | 1 baño | 92 m² útiles;San Pablo - Amunátegui, Centro Histórico De Santiago, Santiago;
2025-11-29 18:15:38;Santiago;casa;Oportunidad Vendo Casa 2 Pisos, Santiago Centro 3d, 1b;2787;CLF;3 dormitorios;1 baño;90 m² útiles;3 dormitorios | 1 baño | 90 m² útiles;Coquimbo 1018, San Diego, Santiago;
2025-11-29 18:15:38;Santiago;casa;Oportunidad De Inversión En El Corazón De Santiago;12300;CLF;;;684 m² útiles;684 m² útiles;Victor Manuel, 1 - 300, Bogotá - Sierra Bella, Santiago;
2025-11-29 18:15:38;Santiago;casa;Vendo Hotel;56740;CLF;14 dormitorios;14 baños;1.082 m² útiles;14 dormitorios | 14 baños | 1.082 m² útiles;Bogotá - Sierra Bella, Santiago;
2025-11-29 18:15:38;Santiago;casa;Venta De Casa Muy Cerca Del Metro;12978;CLF;5 dormitorios;2 baños;147 m² útiles;5 dormitorios | 2 baños | 147 m² útiles;Santiago, Franklin - Biobío;
2025-11-29 18:15:38;Santiago;casa;Casa Con Local;5863;CLF;5 dormitorios;3 baños;202 m² útiles;5 dormitorios | 3 baños | 202 m² útiles;Artemio Gutierrez, 0, Bogotá - Sierra Bella, Santiago;
2025-11-29 18:15:38;Santiago;casa;Casa En Venta En Barrio Brasil, Santiago;400000000;CLP;4 dormitorios;3 baños;220 m² útiles;4 dormitorios | 3 baños | 220 m² útiles;VENTA CASA BARRIO BRASIL, Barrio Yungay, Santiago;
2025-11-29 18:15:38;Santiago;casa;Casa Remodelada En Rogelio Ugarte, Santiago;7500;CLF;3 dormitorios;2 baños;110 m² útiles;3 dormitorios | 2 baños | 110 m² útiles;Santiago, Bogotá - Sierra Bella;
2025-11-29 18:15:38;Santiago;casa;Casa Remodelada En Ñuble A Pasos De Metro Rondizzo...;3500;CLF;3 dormitorios;2 baños;96 m² útiles;3 dormitorios | 2 baños | 96 m² útiles;Santiago, Franklin - Biobío;
2025-11-29 18:15:38;Santiago;casa;Metro Rondizzoni. Gran Propiedad.;480000000;CLP;6 dormitorios;4 baños;320 m² útiles;6 dormitorios | 4 baños | 320 m² útiles;Metro Rondizzoni, Parque O'Higgins, Santiago;
2025-11-29 18:15:38;Santiago;casa;500m2 Calle Portugal A 4 Cuadras Alameda Acepta Ofertas ;14500;CLF;13 dormitorios;3 baños;545 m² útiles;13 dormitorios | 3 baños | 545 m² útiles;PORTUGAL CON MARIN, Santa Isabel, Santiago;
2025-11-29 18:15:38;Santiago;casa;Casa Esquina En Tocornal;6450;CLF;5 dormitorios;2 baños;252 m² útiles;5 dormitorios | 2 baños | 252 m² útiles;Santiago, Bogotá - Sierra Bella;
2025-11-29 18:15:38;Santiago;casa;Antigua Casa Remodelada En Almirante Hurtado;7190;CLF;4 dormitorios;2 baños;204 m² útiles;4 dormitorios | 2 baños | 204 m² útiles;Santiago, Ejército - Toesca;
2025-11-29 18:15:38;Santiago;casa;Gran Casona Erasmo Escala // Barrio Brasil;500000000;CLP;9 dormitorios;4 baños;170 m² útiles;9 dormitorios | 4 baños | 170 m² útiles;Erasmo Escala 2100 - 2400, Santiago, Chile, Barrio Brasil, Santiago;
2025-11-29 18:15:38;Santiago;casa;Propiedad Con 2 Casas Independientes;170000000;CLP;7 dormitorios;2 baños;248 m² útiles;7 dormitorios | 2 baños | 248 m² útiles;Condor, 600 - 900, San Diego, Santiago;
2025-11-29 18:15:38;Santiago;casa;General Gana // Carmen;190000000;CLP;4 dormitorios;2 baños;120 m² útiles;4 dormitorios | 2 baños | 120 m² útiles;General Gana 300 - 600, Santiago, Chile, Franklin - Biobío, Santiago;
2025-11-29 18:15:38;Santiago;casa;Casa Venta De 4 Dorm. En Santiago, Cerca A Metro Sta Isabel;4430;CLF;4 dormitorios;2 baños;70 m² útiles;4 dormitorios | 2 baños | 70 m² útiles;Portugal / Marin, Santa Isabel, Santiago;
2025-11-29 18:15:38;Santiago;casa;Casa En Venta En Santiago Centro;190000000;CLP;4 dormitorios;2 baños;78 m² útiles;4 dormitorios | 2 baños | 78 m² útiles;Gral. Bulnes 520, Santiago, Barrio Yungay, Santiago;
2025-11-29 18:15:38;Santiago;casa;Amplia Casa En Venta A Pasos De Metro Irarrázaval;215000000;CLP;4 dormitorios;2 baños;72 m² útiles;4 dormitorios | 2 baños | 72 m² útiles;Victoria 148, Santiago, Bogotá - Sierra Bella, Santiago;
2025-11-29 18:15:38;Santiago;casa;Gran Casona De 3 Pisos / Vidaurre / Metro Los Heroes Línea 1;29000;CLF;18 dormitorios;5 baños;600 m² útiles;18 dormitorios | 5 baños | 600 m² útiles;Padre Felipe Vidaurre 1625, Santiago, Chile, Dieciocho, Santiago;
2025-11-29 18:15:38;Santiago;casa;Casas En Venta En Barrio Universitario;6500;CLF;4 dormitorios;3 baños;89 m² útiles;4 dormitorios | 3 baños | 89 m² útiles;Grajales 2474, Santiago, Chile, Barrio República, Santiago;
2025-11-29 18:15:38;Santiago;casa;Oportunidad Para Invertir Y Remodelar ....proyecto Comercial;13657;CLF;12 dormitorios;4 baños;;12 dormitorios | 4 baños;Entre Blanco Encalada Y Grajales, Barrio República, Santiago;
2025-11-29 18:15:38;Santiago;casa;Venta O Arriendo Amplia Casa ,oficinas O Local Comercial;10200;CLF;3 dormitorios;3 baños;315 m² útiles;3 dormitorios | 3 baños | 315 m² útiles;Parque Ohiggins, Parque O'Higgins, Santiago;
2025-11-29 18:15:38;Santiago;casa;Venta Local- Casa Gaspar De La Barrera / Santiago;6850;CLF;5 dormitorios;2 baños;347 m² útiles;5 dormitorios | 2 baños | 347 m² útiles;GASPAR DE LA BARRERA /SANTIAGO, Club Hípico, Santiago;
2025-11-29 18:15:38;Santiago;casa;Casa En Venta En Jose Miguel Carrera 596 Con Cocina;5756;CLF;2 dormitorios;2 baños;70 m² útiles;2 dormitorios | 2 baños | 70 m² útiles;José Miguel Carrera 596, Santiago, Chile, Ejército - Toesca, Santiago;
2025-11-29 18:15:38;Santiago;casa;Amplia Casa Mediterranea Gran Vista Los Litres.;22500;CLF;4 dormitorios;4 baños;226 m² útiles;4 dormitorios | 4 baños | 226 m² útiles;Los Litres, 1200 - 1500, Barrio República, Santiago;
2025-11-29 18:15:38;Santiago;casa;Casa En Venta En Santiago Con Piscina;5863;CLF;5 dormitorios;3 baños;201 m² útiles;5 dormitorios | 3 baños | 201 m² útiles;Artemio Gutiérrez 1436, 8360468 Santiago, Región Metropolitana, Chile, Bogotá - Sierra Bella, Santiago;
2025-11-29 18:15:38;Santiago;casa;Roberto Espinoza 1408-taller-oficina-bodega;350000000;CLP;4 dormitorios;3 baños;197 m² útiles;4 dormitorios | 3 baños | 197 m² útiles;Roberto Espinoza 1408, Santiago, Parque O'Higgins, Santiago;
2025-11-29 18:15:38;Santiago;casa;Casa En Venta En Barrio Balmaceda;115000000;CLP;5 dormitorios;1 baño;100 m² útiles;5 dormitorios | 1 baño | 100 m² útiles;Juan Martínez De Rozas 3081, Parque Los Reyes, Santiago;
2025-11-29 18:15:38;Santiago;casa;Casa En Venta En Balmaceda Santiago Centro;155000000;CLP;7 dormitorios;4 baños;120 m² útiles;7 dormitorios | 4 baños | 120 m² útiles;Chacabuco 903, Parque Los Reyes, Santiago;
2025-11-29 18:15:38;Santiago;casa;Exclusiva Casa En La Dehesa;33000;CLF;6 dormitorios;6 baños;400 m² útiles;6 dormitorios | 6 baños | 400 m² útiles;Camino El Atajo, 10200 - 10500, Barrio República, Santiago;
2025-11-29 18:15:38;Santiago;casa;Imponente Casa Patrimonio Cultural Barrio Republica Año 1910;40000;CLF;14 dormitorios;6 baños;680 m² útiles;14 dormitorios | 6 baños | 680 m² útiles;República 350, Santiago, Chile, Barrio República, Santiago;
2025-11-29 18:15:38;Santiago;casa;Casa En Venta En Pedro León Ugalde, Santiago Sur  ;11000;CLF;7 dormitorios;4 baños;620 m² útiles;7 dormitorios | 4 baños | 620 m² útiles;Pedro León Ugalde 1126, Santiago, Bogotá - Sierra Bella, Santiago;
2025-11-29 18:15:38;Santiago;casa;Propiedad En Venta Comercial ;8250;CLF;7 dormitorios;2 baños;480 m² útiles;7 dormitorios | 2 baños | 480 m² útiles;Victoria Y L Cocrhane, Parque O'Higgins, Santiago;
2025-11-29 18:15:38;Santiago;casa;Casa Siniestrada En Venta Bio Bio, Franklin En Santiago;98000000;CLP;3 dormitorios;1 baño;68 m² útiles;3 dormitorios | 1 baño | 68 m² útiles;Metro Bio Bio, Franklin - Biobío, Santiago;
2025-11-29 18:15:38;Santiago;casa;Vende Casa Con Destino Comercial;6800;CLF;7 dormitorios;2 baños;196 m² útiles;7 dormitorios | 2 baños | 196 m² útiles;Portugal 1200 - 1500, Santiago, Bogotá - Sierra Bella, Santiago;
2025-11-29 18:15:38;Santiago;casa;Casa De 2 Pisos Calle Vichuquén 3d-2b, Servicios Completos;170000000;CLP;3 dormitorios;2 baños;90 m² útiles;3 dormitorios | 2 baños | 90 m² útiles;Vichuquén 1 - 300, Santiago, Chile, Santa Isabel, Santiago;
2025-11-29 18:15:38;Santiago;casa;Casa 2 Pisos Destino Comercial/ Habitacional/ A Pasos Metro ;4500;CLF;14 dormitorios;5 baños;120 m² útiles;14 dormitorios | 5 baños | 120 m² útiles;San Ignacio De Loyola 1200 - 1500, Santiago, Parque O'Higgins, Santiago;
2025-11-29 18:15:38;Santiago;casa;Recién Rebajada!! Oportunidad!! Venta Amplia Casa 4d+2b;125000000;CLP;4 dormitorios;2 baños;151 m² útiles;4 dormitorios | 2 baños | 151 m² útiles;Rogelio Ugarte 1522, 8.3604e+06 - 8.3607e+06 Santiago, Región Metropolitana, Chile, Bogotá - Sierra Bella, Santiago;
2025-11-29 18:15:38;Santiago;casa;Casa En Venta En Santiago;63000000;CLP;3 dormitorios;1 baño;53 m² útiles;3 dormitorios | 1 baño | 53 m² útiles;ALDUNATE/PEDRO LAGOS, Santiago;
2025-11-29 18:15:38;Santiago;casa;Casa En Venta De 12 Dorm. En Santiago;15000;CLF;12 dormitorios;6 baños;713 m² útiles;12 dormitorios | 6 baños | 713 m² útiles;Barrio Concha Y Toro, Santiago;
2025-11-29 18:15:38;Santiago;casa;Casa Claudio Gay Id: 148900;405000000;CLP;5 dormitorios;2 baños;293 m² útiles;5 dormitorios | 2 baños | 293 m² útiles;Claudio Gay, Barrio República, Santiago;
2025-11-29 18:15:38;Santiago;casa;Casa Maipú Id: 157465;6000;CLF;3 dormitorios;3 baños;120 m² útiles;3 dormitorios | 3 baños | 120 m² útiles;Maipú, Barrio Yungay, Santiago;
2025-11-29 18:15:38;Santiago;casa;Acogedora Casa 120/175m2, Rogelio Ugarte / Victoria, Stgo.;178000000;CLP;3 dormitorios;1 baño;120 m² útiles;3 dormitorios | 1 baño | 120 m² útiles;Rogelio Ugarte 1435, Santiago, Bogotá - Sierra Bella, Santiago;
2025-11-29 18:15:38;Santiago;casa;Santiago  Huerfanos / Autopista Central;40000;CLF;10 dormitorios;6 baños;1.314 m² útiles;10 dormitorios | 6 baños | 1.314 m² útiles;Huérfanos 1500 - 1800, Santiago, Barrio Brasil, Santiago;
2025-11-29 18:15:38;Santiago;casa;Casa Huérfanos;188000000;CLP;5 dormitorios;2 baños;180 m² útiles;5 dormitorios | 2 baños | 180 m² útiles;Barrio Yungay, Santiago;
2025-11-29 18:15:50;Santiago;casa;Santiago  Maule/pedro Leon U.;4485;CLF;4 dormitorios;2 baños;184 m² útiles;4 dormitorios | 2 baños | 184 m² útiles;Maule 318, 8360630 Santiago, Región Metropolitana, Chile, Bogotá - Sierra Bella, Santiago;
2025-11-29 18:15:50;Santiago;casa;Casa Coquimbo Id: 135454;5320;CLF;8 dormitorios;2 baños;166 m² útiles;8 dormitorios | 2 baños | 166 m² útiles;Coquimbo, Barrio Diez De Julio, Santiago;
2025-11-29 18:15:50;Santiago;casa;Casa Carmen Id: 160364;250000000;CLP;5 dormitorios;2 baños;150 m² útiles;5 dormitorios | 2 baños | 150 m² útiles;Carmen, Bogotá - Sierra Bella, Santiago;
2025-11-29 18:15:50;Santiago;casa;Gran Casona Patrimonial En Venta Oportunidad!!!;15000;CLF;;6 baños;713 m² útiles;6 baños | 713 m² útiles;Moneda, Barrio Brasil, Santiago;
2025-11-29 18:15:50;Santiago;casa;Casa Guardia Marina Ernesto Riquelme Id: 126185;8900;CLF;6 dormitorios;5 baños;170 m² útiles;6 dormitorios | 5 baños | 170 m² útiles;Guardia Marina Ernesto Riquelme, Barrio Brasil, Santiago;
2025-11-29 18:15:50;Santiago;casa;Casa San Vicente Id: 160407;4440;CLF;4 dormitorios;1 baño;140 m² útiles;4 dormitorios | 1 baño | 140 m² útiles;San Vicente, Club Hípico, Santiago;
2025-11-29 18:15:50;Santiago;casa;Casa Grajales Id: 43937;8000;CLF;3 dormitorios;3 baños;106 m² útiles;3 dormitorios | 3 baños | 106 m² útiles;Grajales, Barrio República, Santiago;
2025-11-29 18:15:50;Santiago;casa;Casa Fray Camilo Henríquez Id: 135317;2450;CLF;3 dormitorios;1 baño;90 m² útiles;3 dormitorios | 1 baño | 90 m² útiles;Fray Camilo Henríquez, Barrio Diez De Julio, Santiago;
2025-11-29 18:15:50;Santiago;casa;Casa En Venta En Santiago;6900;CLF;6 dormitorios;5 baños;240 m² útiles;6 dormitorios | 5 baños | 240 m² útiles;Almirante Latorre, Ejército - Toesca, Santiago;
2025-11-29 18:15:50;Santiago;casa;Casa En Venta De 6 Dorm. En Santiago;200000000;CLP;6 dormitorios;3 baños;499 m² útiles;6 dormitorios | 3 baños | 499 m² útiles;En Venta / Arriendo Propiedad Comercial A Pasos De Estación Metro Cumming, Barrio Yungay, Santiago;
2025-11-29 18:15:50;Santiago;casa;Casa En Venta De 4 Dorm. En Santiago;220000000;CLP;4 dormitorios;2 baños;529 m² útiles;4 dormitorios | 2 baños | 529 m² útiles;Propiedad De 380 En Ñuble Con Av. Vicuña Mackenna, Bogotá - Sierra Bella, Santiago;
2025-11-29 18:15:50;Santiago;casa;Casa Fray Camilo Henríquez Id: 111742;79000000;CLP;4 dormitorios;1 baño;70 m² útiles;4 dormitorios | 1 baño | 70 m² útiles;Fray Camilo Henríquez, Barrio Diez De Julio, Santiago;
2025-11-29 18:15:50;Santiago;casa;Casa En Venta De 3 Dorm. En Santiago;75000000;CLP;3 dormitorios;2 baños;64 m² útiles;3 dormitorios | 2 baños | 64 m² útiles;En Venta Casa 1 Piso Cercana A Estación Metro Quinta Normal, Barrio Yungay, Santiago;
2025-11-29 18:15:50;Santiago;casa;Casa En Venta En Parque O'higgins Con Piscina;19900;CLF;4 dormitorios;3 baños;315 m² útiles;4 dormitorios | 3 baños | 315 m² útiles;VIEL, Parque O'Higgins, Santiago;
2025-11-29 18:15:50;Santiago;casa;Casa En Venta En Portugal Con Maule;4988;CLF;6 dormitorios;2 baños;150 m² útiles;6 dormitorios | 2 baños | 150 m² útiles;Rogelio Ugarte, Bogotá - Sierra Bella, Santiago;
2025-11-29 18:15:50;Santiago;casa;Oportunidad Única / Inversionista/  Metro Matta/ 5d+1b+patio;4550;CLF;5 dormitorios;1 baño;187 m² útiles;5 dormitorios | 1 baño | 187 m² útiles;Madrid 1357, Santiago, Bogotá - Sierra Bella, Santiago;
2025-11-29 18:15:50;Santiago;casa;Casa Sólida En Metro Ñuble, Santiago Centro;230000000;CLP;6 dormitorios;2 baños;215 m² útiles;6 dormitorios | 2 baños | 215 m² útiles;Artemio Gutiérrez, Santiago, Bogotá - Sierra Bella, Santiago;
2025-11-29 18:15:50;Santiago;casa;Casa En Venta En Santiago;5450;CLF;5 dormitorios;1 baño;152 m² útiles;5 dormitorios | 1 baño | 152 m² útiles;Roberto Espinoza 916, Santiago, Parque Almagro, Santiago;
2025-11-29 18:15:50;Santiago;casa;Amplia Casa Sector Consolidado;350000000;CLP;3 dormitorios;2 baños;108 m² útiles;3 dormitorios | 2 baños | 108 m² útiles;Roberto Espinoza 1408, Parque O'Higgins, Santiago;
2025-11-29 18:15:50;Santiago;casa;Oportunidad - 750 Mts Terreno - Opción Comercial;15000;CLF;7 dormitorios;3 baños;345 m² útiles;7 dormitorios | 3 baños | 345 m² útiles;Sta. Elena 900 - 1200, Santiago, Bogotá - Sierra Bella, Santiago;
2025-11-29 18:15:50;Santiago;casa;Casa Fachada Continua Full Remodelada.;5950;CLF;4 dormitorios;1 baño;172 m² útiles;4 dormitorios | 1 baño | 172 m² útiles;Cuevas, Barrio Diez De Julio, Santiago;
2025-11-29 18:15:50;Santiago;casa;Tradicional Casa En Barrio Matta 3d/2b Metro Irarrázaval;5650;CLF;3 dormitorios;2 baños;158 m² útiles;3 dormitorios | 2 baños | 158 m² útiles;Madrid, Barrio Diez De Julio, Santiago;
2025-11-29 18:15:50;Santiago;casa;Se Vende Casa U Oficina En Santiago;169000000;CLP;5 dormitorios;2 baños;180 m² útiles;5 dormitorios | 2 baños | 180 m² útiles;Casa Con Uso Mixto En Huérfanos – 5 Habitaciones, 2 Baños Y Salones, Barrio Yungay, Santiago;
2025-11-29 18:15:50;Santiago;casa;Casas C/ Local Comercial En Santiago Centro;7000;CLF;5 dormitorios;3 baños;392 m² útiles;5 dormitorios | 3 baños | 392 m² útiles;Herrera, 1 - 300, Barrio Yungay, Santiago;
2025-11-29 18:15:50;Santiago;casa;Venta Casa Para Inversion - Metro Ñuble;198000000;CLP;4 dormitorios;2 baños;190 m² útiles;4 dormitorios | 2 baños | 190 m² útiles;Bogotá - Sierra Bella, Santiago;
2025-11-29 18:15:50;Santiago;casa;Hotel De 34 Habitaciones Con Baño Privado En Santiago Centro;26200;CLF;34 dormitorios;36 baños;900 m² útiles;34 dormitorios | 36 baños | 900 m² útiles;Hotel De 34 Habitaciones En Venta En Santiago Centro, Barrio Yungay, Santiago;
2025-11-29 18:15:50;Santiago;casa;Venta De Casa En Santiago;130000000;CLP;2 dormitorios;1 baño;70 m² útiles;2 dormitorios | 1 baño | 70 m² útiles;Casa Familiar 2D 1B En Excelente Ubicación, Cerca De Parque Los Reyes, Parque Los Reyes, Santiago;
2025-11-29 18:15:50;Santiago;casa;¡imperdible Venta! Casa De 4 Dormitorios En Santiago.;6400;CLF;4 dormitorios;2 baños;151 m² útiles;4 dormitorios | 2 baños | 151 m² útiles;¡Imperdible Venta! Casa De 3 Dormitorios En Santiago., Franklin - Biobío, Santiago;
2025-11-29 18:15:50;Santiago;casa;3 Locales Industrial 7 Oficinas 4 Baños Venta Santiago;6840;CLF;7 dormitorios;4 baños;320 m² útiles;7 dormitorios | 4 baños | 320 m² útiles;Barrio San Vicente - Autopistas - Excelente Ubicación, Club Hípico, Santiago;
2025-11-29 18:15:50;Santiago;casa;Amplia Casa,  Santiago Concha / Ñuble / Gana / Santiago Sur;4360;CLF;2 dormitorios;1 baño;116 m² útiles;2 dormitorios | 1 baño | 116 m² útiles;Santiago Concha 1893, Santiago, Franklin - Biobío, Santiago;
2025-11-29 18:15:50;Santiago;casa;Casa ¡oportunidad!/metro Matta;340000000;CLP;11 dormitorios;4 baños;399 m² útiles;11 dormitorios | 4 baños | 399 m² útiles;¡OPORTUNIDAD!/Metro Matta, Barrio Diez De Julio, Santiago;
2025-11-29 18:15:50;Santiago;casa;Vendo Casa Barrio Matta, Santiago;3000;CLF;5 dormitorios;2 baños;150 m² útiles;5 dormitorios | 2 baños | 150 m² útiles;Casa De Venta En Barrio Matta, Bogotá - Sierra Bella, Santiago;
2025-11-29 18:15:50;Santiago;casa;Barrio Yungay;87000000;CLP;2 dormitorios;1 baño;40 m² útiles;2 dormitorios | 1 baño | 40 m² útiles;Maipú 1 - 300, Santiago, Barrio Yungay, Santiago;
2025-11-29 18:15:50;Santiago;casa;Amplia Casa En Venta Ideal Para Remodelar;4200;CLF;3 dormitorios;2 baños;85 m² útiles;3 dormitorios | 2 baños | 85 m² útiles;ELISA COLE, 1 - 300, Santa Isabel, Santiago;
2025-11-29 18:15:50;Santiago;casa;Casa, Uso Comercial;3200;CLF;6 dormitorios;3 baños;225 m² útiles;6 dormitorios | 3 baños | 225 m² útiles;San Ignacio, 1200 - 1500, Parque O'Higgins, Santiago;
2025-11-29 18:15:50;Santiago;casa;Excelente Ubicacion Propiedad Comercial Santiago;20000;CLF;;2 baños;514 m² útiles;2 baños | 514 m² útiles;Santo Domingo 2222, 2222, Barrio Brasil, Santiago;
2025-11-29 18:15:50;Santiago;casa;Venta Amplia Casa 6d 2b, Santiago;160000000;CLP;6 dormitorios;2 baños;175 m² útiles;6 dormitorios | 2 baños | 175 m² útiles;Venta Amplia Casa 6D 2B, Santiago, Franklin - Biobío, Santiago;
2025-11-29 18:15:50;Santiago;casa;Casa En Venta De 3 Dorm. En Santiago;180000000;CLP;3 dormitorios;3 baños;190 m² útiles;3 dormitorios | 3 baños | 190 m² útiles;Sector Machasa, Club Hípico, Santiago;
2025-11-29 18:15:50;Santiago;casa;Casa En Venta En Franklin - Biobío, Santiago;185000000;CLP;5 dormitorios;2 baños;166 m² útiles;5 dormitorios | 2 baños | 166 m² útiles;Santiago Concha 2037, 8.3613e+06 - 8.3616e+06 Santiago, Región Metropolitana, Chile, Franklin - Biobío, Santiago;
2025-11-29 18:15:50;Santiago;casa;Ideal Para Inversión, Metro Santa Ana;1890;CLF;1 dormitorio;1 baño;30 m² útiles;1 dormitorio | 1 baño | 30 m² útiles;Santo Domingo 1736, Santiago, Barrio Brasil, Santiago;
2025-11-29 18:15:50;Santiago;casa;Casa En Venta Calle Cuevas Santiago Sur ;169000000;CLP;4 dormitorios;1 baño;93 m² útiles;4 dormitorios | 1 baño | 93 m² útiles;Cuevas 1452, Santiago, Bogotá - Sierra Bella, Santiago;
2025-11-29 18:15:50;Santiago;casa;Gran Terreno En Venta Ideal Inversionistas;19800;CLF;8 dormitorios;4 baños;268 m² útiles;8 dormitorios | 4 baños | 268 m² útiles;Santa Rosa, 0, Bogotá - Sierra Bella, Santiago;
2025-11-29 18:15:50;Santiago;casa;Casa En Venta En Barrio Yungay Santiago;339900000;CLP;19 dormitorios;6 baños;220 m² útiles;19 dormitorios | 6 baños | 220 m² útiles;Libertad 351, Santiago, Barrio Yungay, Santiago;
2025-11-29 18:15:50;Santiago;casa;Cóndor / Santa Rosa;400000000;CLP;3 dormitorios;1 baño;125 m² útiles;3 dormitorios | 1 baño | 125 m² útiles;CÓNDOR / SANTA ROSA, Santa Isabel, Santiago;
2025-11-29 18:15:50;Santiago;casa;Vende Casa Nataniel Cox Con Avenida Matta. 4d1b;137000000;CLP;4 dormitorios;2 baños;106 m² útiles;4 dormitorios | 2 baños | 106 m² útiles;Vende Casa Nataniel Cox Con Avenida Matta. 4D1B, Parque Almagro, Santiago;
2025-11-29 18:15:50;Santiago;casa;Linda Casa Para Remodelar Dos Pisos Orientación Norte;3300;CLF;2 dormitorios;1 baño;108 m² útiles;2 dormitorios | 1 baño | 108 m² útiles;Lord Cochrane 1364, Santiago, Chile, Parque O'Higgins, Santiago;
2025-11-29 18:15:50;Santiago;casa;Oportunidad Venta Casa Tocornal Santiago Centro;170000000;CLP;11 dormitorios;2 baños;175 m² útiles;11 dormitorios | 2 baños | 175 m² útiles;Manuel Antonio Tocornal, 1 - 300, Bogotá - Sierra Bella, Santiago;
2025-11-29 18:15:50;Santiago;casa;Amplia Casa Con Patio Para Remodelación;3029;CLF;4 dormitorios;2 baños;105 m² útiles;4 dormitorios | 2 baños | 105 m² útiles;Cuevas, 1500 - 1800, Bogotá - Sierra Bella, Santiago;
2025-11-29 18:16:16;Santiago;casa;Casa En Venta Barrio Yungay De 14 Dorm. En Santiago;8500;CLF;14 dormitorios;6 baños;282 m² útiles;14 dormitorios | 6 baños | 282 m² útiles;Barrio Yungay, Barrio Yungay, Santiago;
2025-11-29 18:16:16;Santiago;casa;2 Casa En Venta De 10 Dorm. Un Rol En Santiago Centro ;7800;CLF;10 dormitorios;3 baños;272 m² útiles;10 dormitorios | 3 baños | 272 m² útiles;2 Casas Habitacionales En Av. Santa Rosa Norte – Entre Eleuterio Ramirez Y Tarapacá Santiago Centro, Santa Isabel, Santiago;
2025-11-29 18:16:16;Santiago;casa;Casa Dos Pisos Conjunto Las Terrazas Maipú;180000000;CLP;4 dormitorios;3 baños;110 m² útiles;4 dormitorios | 3 baños | 110 m² útiles;Maipú, Santiago, Barrio Yungay, Santiago;
2025-11-29 18:16:16;Santiago;casa;Se Vende Linda Casa Sector Av. Matta 3dorm +1baño.;75000000;CLP;3 dormitorios;1 baño;111 m² útiles;3 dormitorios | 1 baño | 111 m² útiles;Miguel Leon Prado, 628, Bogotá - Sierra Bella, Santiago;
2025-11-29 18:16:16;Santiago;casa;Casa En Venta En Santiago;137000000;CLP;6 dormitorios;6 baños;214 m² útiles;6 dormitorios | 6 baños | 214 m² útiles;Santo Domingo / Av Brasil, Barrio Brasil, Santiago;
2025-11-29 18:16:16;Santiago;casa;Se Vende Casa Antigua, Fray Camilo Henríquez 654, Santiago;85000000;CLP;3 dormitorios;1 baño;60 m² útiles;3 dormitorios | 1 baño | 60 m² útiles;Se Vende Casa Antigua, Fray Camilo Henríquez 654, Santiago, Barrio Diez De Julio, Santiago;
2025-11-29 18:16:16;Santiago;casa;Venta Al Contado, Precio Super Rebajado;2503;CLF;2 dormitorios;1 baño;75 m² útiles;2 dormitorios | 1 baño | 75 m² útiles;Longavi, 1500 - 1800, Club Hípico, Santiago;
2025-11-29 18:16:16;Santiago;casa;Casa En Venta Santiago 3d/ 2b /87 M2construidos;3039;CLF;3 dormitorios;2 baños;87 m² útiles;3 dormitorios | 2 baños | 87 m² útiles;El Rosedal / Av. Pedro Montt, Club Hípico, Santiago;
2025-11-29 18:16:16;Santiago;casa;Casa En Venta De 5 D+1b Especial Para Inversión En Santiago;2680;CLF;5 dormitorios;1 baño;87 m² útiles;5 dormitorios | 1 baño | 87 m² útiles;Aldunate Con Coquimbo, Parque Almagro, Santiago;
2025-11-29 18:16:16;Santiago;casa;Casa En Venta De 11 Dorm. En Santiago;290000000;CLP;11 dormitorios;4 baños;;11 dormitorios | 4 baños;LORD COCHRANE CON CARLOS CONTRERAS MALUJE, Parque Almagro, Santiago;
2025-11-29 18:16:16;Santiago;casa;Oportunidad!!! Casa En Venta De 3 Dorm. En Santiago;3890;CLF;3 dormitorios;2 baños;85 m² útiles;3 dormitorios | 2 baños | 85 m² útiles;Toesca / Abate Molina, Meiggs, Santiago;
2025-11-29 18:16:16;Santiago;casa;Casa En Venta, Para Remodelar, De 5 Dorm. En Santiago;150000000;CLP;5 dormitorios;2 baños;170 m² útiles;5 dormitorios | 2 baños | 170 m² útiles;Davila Larrain/Sargento Aldea, Bogotá - Sierra Bella, Santiago;
2025-11-29 18:16:16;Santiago;casa;Casa En Venta De 7 Dorm Arrendada Excelente Rentabilidad;5250;CLF;7 dormitorios;5 baños;400 m² útiles;7 dormitorios | 5 baños | 400 m² útiles;Manuel Antonio Tocornal / Av. Ñuble, Bogotá - Sierra Bella, Santiago;
2025-11-29 18:16:16;Santiago;casa;Casa En Venta En Barrio República Santiago;405000000;CLP;5 dormitorios;2 baños;293 m² útiles;5 dormitorios | 2 baños | 293 m² útiles;CLAUDIO GAY, Barrio República, Santiago;
2025-11-29 18:16:16;Santiago;casa;Casa En Venta En Santiago;200000000;CLP;;2 baños;160 m² útiles;2 baños | 160 m² útiles;Portugal /Maule, Bogotá - Sierra Bella, Santiago;
2025-11-29 18:16:16;Santiago;casa;Se Vende Taller 170m2, Santiago;124000000;CLP;;1 baño;170 m² útiles;1 baño | 170 m² útiles;Cerca De Vicuña Mackenna, Bogotá - Sierra Bella, Santiago;
2025-11-29 18:16:16;Santiago;casa;Casa En Venta De 6 Dorm. En Santiago;4600;CLF;6 dormitorios;1 baño;174 m² útiles;6 dormitorios | 1 baño | 174 m² útiles;Padre Orellana Victoria, Bogotá - Sierra Bella, Santiago;
2025-11-29 18:16:16;Santiago;casa;Oportunidad / Inversionistas/ Metro Matta/ 5d+1b;4550;CLF;5 dormitorios;1 baño;187 m² útiles;5 dormitorios | 1 baño | 187 m² útiles;Madrid 1357, Barrio República, Santiago;
2025-11-29 18:16:16;Santiago;casa;"Hermosa Casa En Venta 3d;2b Santa Filomena De Nos, San Berna";4650;CLF;3 dormitorios;2 baños;105 m² útiles;3 dormitorios | 2 baños | 105 m² útiles;La Encina Norte 860, Santiago;
2025-11-29 18:16:16;Santiago;casa;Se Vende Amplia  Casa 3d 2baños  $120.000.000.-;120000000;CLP;3 dormitorios;2 baños;79 m² útiles;3 dormitorios | 2 baños | 79 m² útiles;Osorno 0864, Santiago;
2025-11-29 18:16:16;Santiago;casa;Casa En Cité En Martínez De Rozas 2454. Santiago;42000000;CLP;2 dormitorios;1 baño;30 m² útiles;2 dormitorios | 1 baño | 30 m² útiles;Juan Martínez De Rozas 2454, Santiago, Chile, Santiago;
2025-11-29 18:16:16;Santiago;casa;¡oportunidad! Departamento En Venta En Avenida Matta, Santia;98000000;CLP;2 dormitorios;1 baño;47 m² totales;2 dormitorios | 1 baño | 47 m² totales;Avenida Manuel Antonio Matta 40, Santiago;
2025-11-29 18:16:16;Santiago;casa;Casa Esquina Con Uso Comercial Y Habitacional ;390000000;CLP;11 dormitorios;3 baños;273 m² útiles;11 dormitorios | 3 baños | 273 m² útiles;José Miguel Carrera 555, Santiago, Chile, Santiago;
2025-11-29 18:16:16;Santiago;casa;Casa Patrimonial De Conservación Histórica  De Tres Pisos Y;12200;CLF;6 dormitorios;6 baños;535 m² útiles;6 dormitorios | 6 baños | 535 m² útiles;Metro Cumming, Barrio Brasil, Santiago;
2025-11-29 18:16:16;Santiago;casa;Se Vende Espectacular Casa En Barrio Concha Y Toro;17800;CLF;5 dormitorios;3 baños;525 m² totales;5 dormitorios | 3 baños | 525 m² totales;Concha Y Toro 32, Barrio Brasil, Santiago;
2025-11-29 18:16:16;Santiago;casa;Gran Casa En 800 M2 Terreno - Moneda Esq. Brasil;16446;CLF;20 dormitorios;5 baños;600 m² útiles;20 dormitorios | 5 baños | 600 m² útiles;Moneda 1944, Barrio Brasil, Santiago;
2025-11-29 18:16:16;Santiago;casa;Venta Casa Madrid 973 Santiago;230000000;CLP;5 dormitorios;2 baños;170 m² útiles;5 dormitorios | 2 baños | 170 m² útiles;Madrid 973, Santiago, Chile, Barrio Diez De Julio, Santiago;
2025-11-29 18:16:16;Santiago;casa;Casa En Venta En Barrio Brasil;8900;CLF;6 dormitorios;5 baños;180 m² útiles;6 dormitorios | 5 baños | 180 m² útiles;Guardia Marina Ernesto Riquelme 562, Santiago, Barrio Brasil, Santiago;
2025-11-29 18:16:16;Santiago;casa;Casa En El Corazón De Santiago.;159500000;CLP;4 dormitorios;1 baño;138 m² útiles;4 dormitorios | 1 baño | 138 m² útiles;Victor Manuel, 2100 - 2400, Franklin - Biobío, Santiago;
2025-11-29 18:16:16;Santiago;casa;Se Vende Amplia Propiedad Artemio Gutierrez, Stgo Centro;5470;CLF;5 dormitorios;3 baños;293 m² útiles;5 dormitorios | 3 baños | 293 m² útiles;Artemio Gutierrez 1436, Bogotá - Sierra Bella, Santiago;
2025-11-29 18:16:16;Santiago;casa;Se Vende Casa 3d- 3b- Terraza - Santiago ;5900;CLF;3 dormitorios;3 baños;120 m² útiles;3 dormitorios | 3 baños | 120 m² útiles;SE VENDE CASA 3D- 3B- TERRAZA - SANTIAGO, Barrio Yungay, Santiago;
2025-11-29 18:16:16;Santiago;casa;Hermosa Casa De Dos Pisos En Calle San Diego;5200;CLF;3 dormitorios;2 baños;123 m² útiles;3 dormitorios | 2 baños | 123 m² útiles;San Diego 1476, Santiago, Chile, Santiago;
2025-11-29 18:16:16;Santiago;casa;Bellas Artes Exclusivo Departamento En Venta;140000000;CLP;2 dormitorios;1 baño;52 m² útiles;2 dormitorios | 1 baño | 52 m² útiles;Santo Domingo 498, Santiago, Chile, Centro Histórico De Santiago, Santiago;
2025-11-29 18:16:16;Santiago;casa;Catedral, Metro Cumming, Barrio Brasil;12950;CLF;16 dormitorios;5 baños;577 m² útiles;16 dormitorios | 5 baños | 577 m² útiles;Catedral, 2100 - 2400, Barrio Brasil, Santiago;
2025-11-29 18:16:16;Santiago;casa;Oportunidad / Inversionista/  Metro P. O´higgins/ 5d+1b;5450;CLF;5 dormitorios;1 baño;152 m² útiles;5 dormitorios | 1 baño | 152 m² útiles;Roberto Espinoza, Parque Almagro, Santiago;
2025-11-29 18:16:16;Santiago;casa;Vende Casa Grande Con Rol Comercial;130000000;CLP;5 dormitorios;2 baños;125 m² útiles;5 dormitorios | 2 baños | 125 m² útiles;Miguel Leon Prado 800, Santiago, Bogotá - Sierra Bella, Santiago;
2025-11-29 18:16:16;Santiago;casa;Excelente Propiedad Con Uso Habitacional Y Comercial;12144;CLF;4 dormitorios;4 baños;528 m² totales;4 dormitorios | 4 baños | 528 m² totales;Aldunate, Franklin - Biobío, Santiago;
2025-11-29 18:16:16;Santiago;casa;Casa En Venta De 14 Dorm. San Pablo/rafael Sotomayor;290000000;CLP;14 dormitorios;6 baños;300 m² útiles;14 dormitorios | 6 baños | 300 m² útiles;Casa Amplia De 320 M2 Rafael Sotomayor/Metro Cumming, Santiago;
2025-11-29 18:16:16;Santiago;casa;Casa En Venta De 9 Dorm. En Santiago;16900;CLF;9 dormitorios;6 baños;444 m² útiles;9 dormitorios | 6 baños | 444 m² útiles;Metro República, Santiago;
2025-11-29 18:16:16;Santiago;casa;Casa Uso Comercial En Venta En Santiago - Se Aceptan Ofertas;7300;CLF;10 dormitorios;1 baño;297 m² útiles;10 dormitorios | 1 baño | 297 m² útiles;Padre Orellana, Bogotá - Sierra Bella, Santiago;
2025-11-29 18:16:16;Santiago;casa;Venta De Gran Propiedad En Santiago Centro;21000;CLF;4 dormitorios;2 baños;;4 dormitorios | 2 baños;Porvenir, Barrio Diez De Julio, Santiago;
2025-11-29 18:16:16;Santiago;casa;Casa En Venta De 2 Dorm. En Santiago;105000000;CLP;2 dormitorios;1 baño;;2 dormitorios | 1 baño;Coquimbo/Santa Elena, Barrio Diez De Julio, Santiago;
2025-11-29 18:16:16;Santiago;casa;Venta Casa Carmen Con Franklin, Santiago;20000;CLF;;;1.010 m² totales;1.010 m² totales;Carmen 2055 Santiago, Bogotá - Sierra Bella, Santiago;
2025-11-29 18:16:16;Santiago;casa;Eje Centro-alameda - Parque Almagro, Santiago;400000000;CLP;7 dormitorios;5 baños;354 m² útiles;7 dormitorios | 5 baños | 354 m² útiles;Eje Centro - Alameda, Parque Almagro, Bulnes, Santiago;
2025-11-29 18:16:16;Santiago;casa;Casa En Venta De 8 Dorm. En Santiago;5280;CLF;8 dormitorios;2 baños;193 m² útiles;8 dormitorios | 2 baños | 193 m² útiles;República / Toesca, Barrio República, Santiago;
2025-11-29 18:16:16;Santiago;casa;Casa En Venta De 4 Dorm. Remodelar En Quinta Normal;350000000;CLP;4 dormitorios;2 baños;213 m² útiles;4 dormitorios | 2 baños | 213 m² útiles;Estación Metro Gruta Lourdes, Santiago;
2025-11-29 18:16:16;Santiago;casa;Venta Casa 3d,1b, Sector Diez De Julio, Santiago.;62000000;CLP;3 dormitorios;1 baño;80 m² útiles;3 dormitorios | 1 baño | 80 m² útiles;San Isidro/ Diez De Julio, Barrio Diez De Julio, Santiago;
2025-11-29 18:16:16;Santiago;casa;Excelente Propiedad Con Giro Comercial;6200;CLF;4 dormitorios;1 baño;213 m² útiles;4 dormitorios | 1 baño | 213 m² útiles;EXCELENTE PROPIEDAD CON GIRO COMERCIAL, Barrio Diez De Julio, Santiago;
2025-11-29 18:17:17;Santiago;casa;Casa En Venta En Sector Mixto Para Adaptarla A Tu Necesidad;198000000;CLP;5 dormitorios;2 baños;193 m² útiles;5 dormitorios | 2 baños | 193 m² útiles;Manuel Antonio Tocornal 1800 - 2100, Bogotá - Sierra Bella, Santiago;
2025-11-29 18:17:17;Santiago;casa;Venta Casa Remodelada En Comuna De Santiago;169000000;CLP;4 dormitorios;2 baños;102 m² útiles;4 dormitorios | 2 baños | 102 m² útiles;VENTA CASA REMODELADA EN COMUNA DE SANTIAGO, Bogotá - Sierra Bella, Santiago;
2025-11-29 18:17:17;Santiago;casa;Parque San Eugenio;145000000;CLP;4 dormitorios;2 baños;102 m² útiles;4 dormitorios | 2 baños | 102 m² útiles;PARQUE SAN EUGENIO, Bogotá - Sierra Bella, Santiago;
2025-11-29 18:17:17;Santiago;casa;Casa En Venta En Santiago;260000000;CLP;4 dormitorios;2 baños;192 m² útiles;4 dormitorios | 2 baños | 192 m² útiles;EDUARDO MATTE, SANTIAGO, Santiago;
2025-11-29 18:17:17;Santiago;casa;Casa En Venta En Santiago;530000000;CLP;5 dormitorios;4 baños;337 m² útiles;5 dormitorios | 4 baños | 337 m² útiles;Santa Elena, Bogotá - Sierra Bella, Santiago;
2025-11-29 18:17:17;Santiago;casa;Casa En Venta En Quilicura;70900000;CLP;3 dormitorios;1 baño;;3 dormitorios | 1 baño;LAS CLARISAS SAN IGNACIO DE LOYOLA, QUILICURA, Franklin - Biobío, Santiago;
2025-11-29 18:17:17;Santiago;casa;Casa En Venta De 11 Dorm. En Santiago;10990;CLF;11 dormitorios;4 baños;303 m² útiles;11 dormitorios | 4 baños | 303 m² útiles;Esmeralda / Metro Bellas Artes, Centro Histórico De Santiago, Santiago;
2025-11-29 18:17:17;Santiago;casa;Precio Rebajado! Hermosa Casa En Venta En Santiago;10000;CLF;14 dormitorios;7 baños;540 m² útiles;14 dormitorios | 7 baños | 540 m² útiles;Barrio Brasil - Catredral - Metro Santa Ana, Barrio Brasil, Santiago;
2025-11-29 18:17:17;Santiago;casa;Casa En Venta De 11 Dorm. En Santiago / Barrio Yungay;15490;CLF;11 dormitorios;7 baños;397 m² útiles;11 dormitorios | 7 baños | 397 m² útiles;Barrio Yungay, Barrio Yungay, Santiago;
2025-11-29 18:17:17;Santiago;casa;Casa Venta De 4 Dorm. Santiago / Artemio Gutierrez ;5863;CLF;4 dormitorios;;185 m² útiles;4 dormitorios | 185 m² útiles;Artemio Gutierrez / Miguel León Prado, Bogotá - Sierra Bella, Santiago;
2025-11-29 18:17:17;Santiago;casa;2 Casas En Venta 4 Dorm.2 Baños En Barrio Universitario Stgo;400000000;CLP;4 dormitorios;2 baños;293 m² útiles;4 dormitorios | 2 baños | 293 m² útiles;Republica/Domeyco / Se Vende Propiedad Con 2 Casas Independientes Total 4 Habitaciones 2 Baños Patio Interior, Barrio República, Santiago;
2025-11-29 18:17:17;Santiago;casa;"Casa En Venta De 2d&#43;1b, Santiago";65000000;CLP;2 dormitorios;1 baño;66 m² útiles;2 dormitorios | 1 baño | 66 m² útiles;CASA A LA VENTA EN CITE, PARA COMENZAR TU VIDA EN FAMILIA, Parque Los Reyes, Santiago;
2025-11-29 18:17:17;Santiago;casa;Casa En Venta En Santiago;97000000;CLP;3 dormitorios;1 baño;78 m² útiles;3 dormitorios | 1 baño | 78 m² útiles;Calle Andes Con Av. Brasil, Parque Los Reyes, Santiago;
2025-11-29 18:17:17;Santiago;casa;Oportunidad Casa 2d 1b Franklin Santiago;3800;CLF;2 dormitorios;1 baño;105 m² útiles;2 dormitorios | 1 baño | 105 m² útiles;OPORTUNIDAD EN FRANKLIN: VIVE CERCA DE TODO, Franklin - Biobío, Santiago;
2025-11-29 18:17:17;Santiago;casa;Propiedad Comercial En Avenida Matta;560000000;CLP;1 dormitorio;1 baño;355 m² útiles;1 dormitorio | 1 baño | 355 m² útiles;Avenida Manuel Antonio Matta, Barrio Diez De Julio, Santiago;
2025-11-29 18:17:17;Santiago;casa;Casa En Venta De 3 Dorm. En Santiago;385000000;CLP;3 dormitorios;2 baños;288 m² útiles;3 dormitorios | 2 baños | 288 m² útiles;Leon Prado / Lira, Bogotá - Sierra Bella, Santiago;
2025-11-29 18:17:17;Santiago;casa;Casa En Venta En San Joaquín;120900000;CLP;4 dormitorios;1 baño;90 m² útiles;4 dormitorios | 1 baño | 90 m² útiles;Carlos Silva Vildosola, Santiago;
2025-11-29 18:17:17;Santiago;casa;Casa En Venta Santiago / San Martín / Subercaseaux /16 Dorm;439000000;CLP;16 dormitorios;3 baños;362 m² útiles;16 dormitorios | 3 baños | 362 m² útiles;San Martin / Vicuña Subercaseaux, Centro Histórico De Santiago, Santiago;
2025-11-29 18:17:17;Santiago;casa;Casa En Venta En Santiago;299000000;CLP;7 dormitorios;2 baños;321 m² útiles;7 dormitorios | 2 baños | 321 m² útiles;Huérfanos Esquina García Reyes, Barrio Yungay, Santiago;
2025-11-29 18:17:17;Santiago;casa;Casa En Venta En Santiago;242000000;CLP;6 dormitorios;2 baños;181 m² útiles;6 dormitorios | 2 baños | 181 m² útiles;Rogelio Ugarte / Av. Matta, Bogotá - Sierra Bella, Santiago;
2025-11-29 18:17:17;Santiago;casa;Se Vende Amplia Casona - Santiago Centro;2550;CLF;10 dormitorios;3 baños;94 m² útiles;10 dormitorios | 3 baños | 94 m² útiles;Rosas/Maipú/Herrera/Esperanza, Barrio Yungay, Santiago;
2025-11-29 18:17:17;Santiago;casa;Casa En Venta De 3 Dorm. En Santiago;130000000;CLP;3 dormitorios;1 baño;;3 dormitorios | 1 baño;Conferencia Con Manuel De Amat, Club Hípico, Santiago;
2025-11-29 18:17:17;Santiago;casa;Venta De 2 Casonas Con 21 Hab / 6 Baños En Barrio Yungay;5500;CLF;21 dormitorios;6 baños;188 m² útiles;21 dormitorios | 6 baños | 188 m² útiles;Rosas/Maipú/Herrera/Esperanza, Barrio Yungay, Santiago;
2025-11-29 18:17:17;Santiago;casa;Gran Propiedad En Venta En Santiago 4 Casas;18000;CLF;35 dormitorios;9 baños;970 m² útiles;35 dormitorios | 9 baños | 970 m² útiles;Guardiamarina Ernesto Riquelme, Parque Los Reyes, Santiago;
2025-11-29 18:17:17;Santiago;casa;Casa En Venta De 6 Dorm. En Santiago;178000000;CLP;6 dormitorios;3 baños;;6 dormitorios | 3 baños;SAN FRANCISCO, Franklin - Biobío, Santiago;
2025-11-29 18:17:17;Santiago;casa;Casa En Venta De 4 Dorm. En Santiago;180000000;CLP;4 dormitorios;2 baños;307 m² útiles;4 dormitorios | 2 baños | 307 m² útiles;Cuevas/Metro Ñuble, Bogotá - Sierra Bella, Santiago;
2025-11-29 18:17:17;Santiago;casa;Excelente Casa En Venta De 3 Dorm. En Santiago;186000000;CLP;3 dormitorios;2 baños;98 m² útiles;3 dormitorios | 2 baños | 98 m² útiles;Av.Matta Con Santiago Concha, Bogotá - Sierra Bella, Santiago;
2025-11-29 18:17:17;Santiago;casa;Oportunidad Casa Comercial Barrio Matta 5d/2b;3300;CLF;5 dormitorios;2 baños;122 m² útiles;5 dormitorios | 2 baños | 122 m² útiles;BARRIO MATTA, Bogotá - Sierra Bella, Santiago;
2025-11-29 18:17:17;Santiago;casa; Vendo Casa 3d Y 1b  Santiago Sur / Excelente Oportunidad ;117000000;CLP;3 dormitorios;1 baño;153 m² útiles;3 dormitorios | 1 baño | 153 m² útiles;SANTIAGO CENTRO SUR, Bogotá - Sierra Bella, Santiago;
2025-11-29 18:17:17;Santiago;casa;Amplia Casa 5d 6b 10 Bodegas Para Arrendar;10624;CLF;5 dormitorios;6 baños;408 m² útiles;5 dormitorios | 6 baños | 408 m² útiles;ESPERANZA ENTRE CATEDRAL Y COMPAÑIA DE JESUS SANTIAGO CENTR, Barrio Yungay, Santiago;
2025-11-29 18:17:17;Santiago;casa;Casona En Madrid Con 6d+2b De 187m2;230000000;CLP;6 dormitorios;2 baños;147 m² útiles;6 dormitorios | 2 baños | 147 m² útiles;MADRID CON SIERRA BELLA, Bogotá - Sierra Bella, Santiago;
2025-11-29 18:17:17;Santiago;casa;En Venta Amplia Casa / Uso Comercial O Habitacional.;260000000;CLP;4 dormitorios;2 baños;203 m² útiles;4 dormitorios | 2 baños | 203 m² útiles;ESQUINA BIO BIO, Franklin - Biobío, Santiago;
2025-11-29 18:17:17;Santiago;casa;Oportunidad De Inversión.- Cumming.;6426;CLF;4 dormitorios;2 baños;172 m² útiles;4 dormitorios | 2 baños | 172 m² útiles;Av. Ricardo Cumming., Parque Los Reyes, Santiago;
2025-11-29 18:17:17;Santiago;casa;Amplia Casa En Venta Recién Remodelada En Lira, Santiago.;6119;CLF;5 dormitorios;2 baños;160 m² útiles;5 dormitorios | 2 baños | 160 m² útiles;AMPLIA CASA EN VENTA RECIÉN REMODELADA EN LIRA, SANTIAGO., Bogotá - Sierra Bella, Santiago;
2025-11-29 18:17:17;Santiago;casa;Venta, Casa Comercial, Santiago, Sector San Borja Arriarán.;15500;CLF;14 dormitorios;11 baños;192 m² útiles;14 dormitorios | 11 baños | 192 m² útiles;San Francisco/Av. Matta, Parque O'Higgins, Santiago;
2025-11-29 18:17:17;Santiago;casa;Casa Amplia En Venta A Pasos De Metro Irarrázaval;215000000;CLP;4 dormitorios;2 baños;72 m² útiles;4 dormitorios | 2 baños | 72 m² útiles;CASA AMPLIA EN VENTA A PASOS DE METRO IRARRÁZAVAL, Bogotá - Sierra Bella, Santiago;
2025-11-29 18:17:17;Santiago;casa;Casa En Venta De 11 Dorm. En Santiago;490000000;CLP;11 dormitorios;3 baños;452 m² útiles;11 dormitorios | 3 baños | 452 m² útiles;CASA EN VENTA DE 11 DORM. EN SANTIAGO, Santa Isabel, Santiago;
2025-11-29 18:17:17;Santiago;casa;Aproveche Solo 1% Honorarios Corretaje;12000;CLF;6 dormitorios;3 baños;200 m² útiles;6 dormitorios | 3 baños | 200 m² útiles;Serrano, Santiago, San Diego, Santiago;
2025-11-29 18:17:17;Santiago;casa;Maravillosa Casa Barrio Republica, Zona Universitaria;38500;CLF;10 dormitorios;4 baños;566 m² útiles;10 dormitorios | 4 baños | 566 m² útiles;REPUBLICA / GORBEA, Barrio República, Santiago;
2025-11-29 18:17:17;Santiago;casa;Casa En Venta De 4 Dorm. En Santiago, Con Depto Interior;10350;CLF;4 dormitorios;2 baños;206 m² útiles;4 dormitorios | 2 baños | 206 m² útiles;CASA EN VENTA DE 4 DORM. EN SANTIAGO, CON DEPTO INTERIOR, Parque O'Higgins, Santiago;
2025-11-29 18:17:17;Santiago;casa;Miguel León Prado Con Madrid ;319999990;CLP;7 dormitorios;2 baños;219 m² útiles;7 dormitorios | 2 baños | 219 m² útiles;MIGUEL LEÓN PRADO CON MADRID, Santiago;
2025-11-29 18:17:17;Santiago;casa;Casa En Venta De 3 Dorm. En Santiago;100000000;CLP;3 dormitorios;1 baño;118 m² útiles;3 dormitorios | 1 baño | 118 m² útiles;Conferencia /Tucapel, Club Hípico, Santiago;
2025-11-29 18:17:17;Santiago;casa;3 Dorm. 1 Baño - Llegar Y Habitar ;130000000;CLP;3 dormitorios;1 baño;128 m² útiles;3 dormitorios | 1 baño | 128 m² útiles;4 DORM. 1 BAÑO - LLEGAR Y HABITAR, Bogotá - Sierra Bella, Santiago;
2025-11-29 18:17:17;Santiago;casa;Vendo Amplia Casa  Antigua Bien Conservada En Santiago Sur.;139000000;CLP;5 dormitorios;1 baño;120 m² útiles;5 dormitorios | 1 baño | 120 m² útiles;CALLE ROGELIO UGARTE/ CALLE PEDRO LAGOS, Santiago;
2025-11-29 18:17:17;Santiago;casa;Casa En Santiago: 107m², 2 Baños, ¡orientación Norte!;99000000;CLP;;2 baños;107 m² útiles;2 baños | 107 m² útiles;PORVENIR CON CARMEN, Barrio Diez De Julio, Santiago;
2025-11-29 18:17:17;Santiago;casa;Casa En Venta En Santiago Con Jardín;4200;CLF;6 dormitorios;2 baños;117 m² útiles;6 dormitorios | 2 baños | 117 m² útiles;Pedro León Ugalde, Santiago, Bogotá - Sierra Bella, Santiago;
2025-11-29 18:17:17;Santiago;casa;Oportunidad !! Casa Antigua Buen Estado Sector Maule;110000000;CLP;3 dormitorios;1 baño;106 m² útiles;3 dormitorios | 1 baño | 106 m² útiles;Pedro León Ugalde 1687, Santiago, Bogotá - Sierra Bella, Santiago;
2025-11-29 18:17:17;Santiago;casa;Linda Y Moderna Casa 2 Pisos Con 4d Y 2b A Pasos Del Metro;179000000;CLP;4 dormitorios;2 baños;68 m² útiles;4 dormitorios | 2 baños | 68 m² útiles;GORBEA CON JM CARRERA METRO TOESCA Y LOS HEROES, Ejército - Toesca, Santiago;
2025-11-29 18:17:46;Santiago;casa;Linda Y Moderna Casa 2 Pisos Con 4d Y 2b A Pasos Del Metro;179000000;CLP;4 dormitorios;2 baños;68 m² útiles;4 dormitorios | 2 baños | 68 m² útiles;GORBEA CON JM CARRERA METRO TOESCA Y LOS HEROES, Ejército - Toesca, Santiago;
2025-11-29 18:17:46;Santiago;casa;San Francisco Y Santa Rosa;12500;CLF;6 dormitorios;6 baños;192 m² útiles;6 dormitorios | 6 baños | 192 m² útiles;SAN FRANCISCO Y SANTA ROSA, Parque O'Higgins, Santiago;
2025-11-29 18:17:46;Santiago;casa;Maule / Sierra Bella;15000;CLF;3 dormitorios;2 baños;221 m² útiles;3 dormitorios | 2 baños | 221 m² útiles;MAULE / SIERRA BELLA, Bogotá - Sierra Bella, Santiago;
2025-11-29 18:17:46;Santiago;casa;Casa Sector Matta Sur, Barrio Típico ;4920;CLF;3 dormitorios;2 baños;;3 dormitorios | 2 baños;Entre Calle Carmen Y Manuel Antonio Tocornal, Bogotá - Sierra Bella, Santiago;
2025-11-29 18:17:46;Santiago;casa;Se Vende Casa En Barrio Residencial;4505;CLF;3 dormitorios;;140 m² útiles;3 dormitorios | 140 m² útiles;CASA EN BARRIO RESIDENCIAL SAN ISIDRO, Franklin - Biobío, Santiago;
2025-11-29 18:17:46;Santiago;casa;Gran Propiedad Comercial En Mapocho, Santiago;65000;CLF;25 dormitorios;8 baños;1.150 m² útiles;25 dormitorios | 8 baños | 1.150 m² útiles;GRAN PROPIEDAD COMERCIAL EN MAPOCHO, SANTIAGO, Centro Histórico De Santiago, Santiago;
2025-11-29 18:17:46;Santiago;casa;Se Vende Casa Excelente Conectividad;1920;CLF;3 dormitorios;1 baño;67 m² útiles;3 dormitorios | 1 baño | 67 m² útiles;CASA EN PLENO CENTRO DE SANTIAGO, Santa Isabel, Santiago;
2025-11-29 18:17:46;Santiago;casa;Clásica Y Linda Casa Cercana A Metro Ñuble;125000000;CLP;3 dormitorios;1 baño;106 m² útiles;3 dormitorios | 1 baño | 106 m² útiles;Pedro León Ugalde 1687, Santiago, Chile, Bogotá - Sierra Bella, Santiago;
2025-11-29 18:17:46;Santiago;casa;Vendo Casa Excelnte Ubicacion Para Remodelar;113000000;CLP;7 dormitorios;2 baños;177 m² útiles;7 dormitorios | 2 baños | 177 m² útiles;ARTEMIO GUTIERREZ Y GENERAL GANA, Bogotá - Sierra Bella, Santiago;
2025-11-29 18:17:46;Santiago;casa;Metro Ñuble;145000000;CLP;4 dormitorios;2 baños;107 m² útiles;4 dormitorios | 2 baños | 107 m² útiles;METRO ÑUBLE, Bogotá - Sierra Bella, Santiago;
2025-11-29 18:17:46;Santiago;casa;Venta Casa Santiago 4 Dormitorios 2 Baños Patio Techado;210000000;CLP;4 dormitorios;2 baños;120 m² útiles;4 dormitorios | 2 baños | 120 m² útiles;Andes / Almiranbte Barroso, Santiago;
2025-11-29 18:17:46;Santiago;casa;La Minga - Bella Casona 4d/4b + Depto Interior Barrio Brasil;380000000;CLP;4 dormitorios;4 baños;207 m² útiles;4 dormitorios | 4 baños | 207 m² útiles;La Fetra, Santiago, Chile, Barrio Brasil, Santiago;
2025-11-29 18:17:46;Santiago;casa;"Venta Casa Santiago Centro; Metro Cumming";11450;CLF;5 dormitorios;5 baños;213 m² útiles;5 dormitorios | 5 baños | 213 m² útiles;Metro Cumming, Barrio Yungay, Santiago;
2025-11-29 18:17:46;Santiago;casa;Excelente!! Departamento De 2d1b En Calle Portugal / Santa I;3300;CLF;2 dormitorios;1 baño;45 m² útiles;2 dormitorios | 1 baño | 45 m² útiles;Portugal 564, Santa Isabel, Santiago;
2025-11-29 18:17:46;Santiago;casa;Propiedad Comercial Hostal. Metro República;10105;CLF;12 dormitorios;7 baños;548 m² útiles;12 dormitorios | 7 baños | 548 m² útiles;Salvador Sanfuentes, 2100 - 2400, Barrio República, Santiago;
2025-11-29 18:17:46;Santiago;casa;Casa En Venta De 2 Dorm. En Santiago;10000;CLF;2 dormitorios;2 baños;155 m² útiles;2 dormitorios | 2 baños | 155 m² útiles;Barrio Yungay / Rafael Sotomayor, Barrio Yungay, Santiago;
2025-11-29 18:17:46;Santiago;casa;Matta - Santa Rosa Casa Con Local;300000000;CLP;7 dormitorios;3 baños;200 m² útiles;7 dormitorios | 3 baños | 200 m² útiles;Av. Manuel Antonio Matta 600 - 900, Santiago, Bogotá - Sierra Bella, Santiago;
2025-11-29 18:17:46;Santiago;casa;Casa En Venta De 5 Dorm. En Santiago;6490;CLF;5 dormitorios;2 baños;292 m² útiles;5 dormitorios | 2 baños | 292 m² útiles;LIRA, Bogotá - Sierra Bella, Santiago;
2025-11-29 18:17:46;Santiago;casa;Venta Casa 292 M2 De 9 Dorm. Y 2 Baños En Santiago;6740;CLF;5 dormitorios;2 baños;292 m² útiles;5 dormitorios | 2 baños | 292 m² útiles;LIRA, Bogotá - Sierra Bella, Santiago;
2025-11-29 18:17:46;Santiago;casa;Casa Para Remodelar Almirante Barroso;8490;CLF;8 dormitorios;3 baños;310 m² útiles;8 dormitorios | 3 baños | 310 m² útiles;Almirante Barroso, 300 - 600, Barrio Brasil, Santiago;
2025-11-29 18:17:46;Santiago;casa;Venta Casa Santiago Mapocho Esquina Gral Baquedano ;4900;CLF;10 dormitorios;3 baños;309 m² útiles;10 dormitorios | 3 baños | 309 m² útiles;Mapocho / General Baquedano, Parque Los Reyes, Santiago;
2025-11-29 18:17:46;Santiago;casa;Casa En Venta De 4 Dorm. En Santiago;11450;CLF;4 dormitorios;4 baños;213 m² útiles;4 dormitorios | 4 baños | 213 m² útiles;Ramon Jara / Compañia Jesus, Barrio Yungay, Santiago;
2025-11-29 18:17:46;Santiago;casa;Casa Portugal;179999999;CLP;5 dormitorios;2 baños;143 m² útiles;5 dormitorios | 2 baños | 143 m² útiles;CASA PORTUGAL, Bogotá - Sierra Bella, Santiago;
2025-11-29 18:17:46;Santiago;casa;Venta Casa Santiago Barrio Yungay ;16000;CLF;9 dormitorios;9 baños;416 m² útiles;9 dormitorios | 9 baños | 416 m² útiles;Compañía De Jesús/Hurtado Rodríguez, Barrio Yungay, Santiago;
2025-11-29 18:17:46;Santiago;casa;Casa Ejercito ;700000000;CLP;9 dormitorios;4 baños;319 m² útiles;9 dormitorios | 4 baños | 319 m² útiles;CASA EJERCITO, Ejército - Toesca, Santiago;
2025-11-29 18:17:46;Santiago;casa;Venta Casa Adosada M. Cumming;12000;CLF;5 dormitorios;3 baños;251 m² útiles;5 dormitorios | 3 baños | 251 m² útiles;Avenida Rosas, 2100 - 2400, Barrio Yungay, Santiago;
2025-11-29 18:17:46;Santiago;casa;San Francisco/paris Comercial;15000;CLF;10 dormitorios;11 baños;600 m² útiles;10 dormitorios | 11 baños | 600 m² útiles;SAN FRANCISCO/PARIS COMERCIAL, Bulnes, Santiago;
2025-11-29 18:17:46;Santiago;casa;San Francisco/paris Comercial;15000;CLF;10 dormitorios;11 baños;600 m² útiles;10 dormitorios | 11 baños | 600 m² útiles;SAN FRANCISCO/PARIS COMERCIAL, Santiago;
2025-11-29 18:17:46;Santiago;casa;Venta Casa 6 Dormitorios Barrio Yungay;5990;CLF;6 dormitorios;2 baños;173 m² útiles;6 dormitorios | 2 baños | 173 m² útiles;Santo Domingo 3021, Barrio Yungay, Santiago;
2025-11-29 18:17:46;Santiago;casa;Casa En Venta De 4 Dorm. En Santiago;4494;CLF;4 dormitorios;2 baños;100 m² útiles;4 dormitorios | 2 baños | 100 m² útiles;Victoria, Bogotá - Sierra Bella, Santiago;
2025-11-29 18:17:46;Santiago;casa;Casa Agustinas;295000000;CLP;10 dormitorios;2 baños;251 m² útiles;10 dormitorios | 2 baños | 251 m² útiles;CASA AGUSTINAS, Barrio Yungay, Santiago;
2025-11-29 18:17:46;Santiago;casa;¡venta! Casa De 3 Dormitorios - Stgo.;2246;CLF;3 dormitorios;1 baño;79 m² útiles;3 dormitorios | 1 baño | 79 m² útiles;Servicentros- Inacap-Hipodromo-Terminal-Ruta 5-Mtero, Parque Los Reyes, Santiago;
2025-11-29 18:17:46;Santiago;casa;Marcoleta Metro Uc;4890;CLF;3 dormitorios;2 baños;110 m² útiles;3 dormitorios | 2 baños | 110 m² útiles;MARCOLETA METRO UC, Barrio San Borja, Santiago;
2025-11-29 18:17:46;Santiago;casa;Casa Con Gran Terreno 495 M2 Santiago A Pasos Del Metro Parq;6262;CLF;3 dormitorios;1 baño;300 m² útiles;3 dormitorios | 1 baño | 300 m² útiles;Roberto Espinoza #1228 Santiago, Parque O'Higgins, Santiago;
2025-11-29 18:17:46;Santiago;casa;La Minga - Casa 3d/2b + Escritorio Estilo Townhouse  Yungay;4300;CLF;4 dormitorios;2 baños;80 m² útiles;4 dormitorios | 2 baños | 80 m² útiles;Avenida Portales 2700 - 3000, Santiago, Chile, Barrio Yungay, Santiago;
2025-11-29 18:17:46;Santiago;casa;Venta Casa Parque Ohiggins 4d-1b;74999990;CLP;4 dormitorios;1 baño;80 m² útiles;4 dormitorios | 1 baño | 80 m² útiles;Adriana Urgarte, 3000 - 3300, Club Hípico, Santiago;
2025-11-29 18:17:46;Santiago;casa;Gran Oportunidad , Casa Remodelada , 3 Dormitorios , 2 Baños;75000000;CLP;3 dormitorios;2 baños;94 m² útiles;3 dormitorios | 2 baños | 94 m² útiles;Roberto Espinoza 1424, Santiago, Chile, Parque O'Higgins, Santiago;
2025-11-29 18:17:46;Santiago;casa;Se Vende Casa En Sector Tranquilo (79392);120000000;CLP;2 dormitorios;1 baño;65 m² útiles;2 dormitorios | 1 baño | 65 m² útiles;Pasaje La Montaña 1800 - 2100, Independencia, Chile, Santiago;
2025-11-29 18:17:46;Santiago;casa;Oportunidad   Unica Ideal Para Of  Clinica O Inst Educativa;7300;CLF;5 dormitorios;3 baños;204 m² útiles;5 dormitorios | 3 baños | 204 m² útiles;Almirante Hurtado, 2050, Ejército - Toesca, Santiago;
2025-11-29 18:17:46;Santiago;casa;Excelente Casa Interior Metro Matta Con Un Estacionamiento ;2550;CLF;4 dormitorios;2 baños;115 m² útiles;4 dormitorios | 2 baños | 115 m² útiles;Serrano 900 - 1200, Santiago, San Diego, Santiago;
2025-11-29 18:17:46;Santiago;casa;Casona Patrimonial A Un Excelente Precio Y A Pasos Del Metro;7500;CLF;8 dormitorios;3 baños;360 m² útiles;8 dormitorios | 3 baños | 360 m² útiles;Cienfuegos, 37, Barrio Brasil, Santiago;
2025-11-29 18:17:46;Santiago;casa;Oportunidad Unica Casa En El Corazon De Santiago Centro;135000000;CLP;2 dormitorios;1 baño;73 m² útiles;2 dormitorios | 1 baño | 73 m² útiles;Eyzaguirre, 1048, San Diego, Santiago;
2025-11-29 18:17:46;Santiago;casa;Casa Excelente Ubicación Cerca Ametro Toesca (65227);6238;CLF;4 dormitorios;1 baño;120 m² útiles;4 dormitorios | 1 baño | 120 m² útiles;Toesca 2100 - 2400, Santiago, Chile, Barrio República, Santiago;
2025-11-29 18:17:46;Santiago;casa;Casa 3dorm 2baños Patio+2dorm Y 1taller (126651);3000;CLF;6 dormitorios;2 baños;171 m² útiles;6 dormitorios | 2 baños | 171 m² útiles;Dávila Larraín 1 - 300, Bogotá - Sierra Bella, Santiago;
2025-11-29 18:17:46;Santiago;casa;Parroquia Sta. Sofía / Clásica Casa Fachada Continua / 3d-1b;88700000;CLP;3 dormitorios;1 baño;84 m² útiles;3 dormitorios | 1 baño | 84 m² útiles;Pedro Lagos 1200 - 1500, Santiago, Parque O'Higgins, Santiago;
2025-11-29 18:17:46;Santiago;casa;Clásica Casa Fachada Continua / 3d - 1b / Gran Potencial;88700000;CLP;3 dormitorios;1 baño;84 m² útiles;3 dormitorios | 1 baño | 84 m² útiles;Pedro Lagos 1461, 8.3604e+06 - 8.3607e+06 Santiago, Región Metropolitana, Chile, Parque O'Higgins, Santiago;
2025-11-29 18:17:46;Santiago;casa;Venta Casa Santiago 4dormitorios 1 Baño (70895);87000000;CLP;4 dormitorios;1 baño;51 m² útiles;4 dormitorios | 1 baño | 51 m² útiles;García Reyes , Santiago, Chile, Parque Los Reyes, Santiago;
2025-11-29 18:17:46;Santiago;casa;Casa Para Remodelar, Con Patio (108438);3400;CLF;4 dormitorios;2 baños;150 m² útiles;4 dormitorios | 2 baños | 150 m² útiles;Rogelio Ugarte 1 - 300, Santiago;
2025-11-29 18:18:19;Santiago;casa;Barrio Patrimonial, 4d, 2b, Estacionamiento;185000000;CLP;4 dormitorios;2 baños;140 m² útiles;4 dormitorios | 2 baños | 140 m² útiles;Victoria, 200, Bogotá - Sierra Bella, Santiago;
2025-11-29 18:18:19;Santiago;casa;Casona En Barrio Universitario (131798);272400000;CLP;6 dormitorios;3 baños;106 m² útiles;6 dormitorios | 3 baños | 106 m² útiles;República & Salvador Sanfuentes, Santiago, Chile, Barrio República, Santiago;
2025-11-29 18:18:19;Santiago;casa;Toesca / Avda. España, 94 M2, 2 Dorm, 1 Baño;82000000;CLP;2 dormitorios;1 baño;44 m² útiles;2 dormitorios | 1 baño | 44 m² útiles;Toesca 2400 - 2700, Santiago, Barrio República, Santiago;
2025-11-29 18:18:19;Santiago;casa;Amplia Casa, Barrio Clásico De Santiago;14489;CLF;7 dormitorios;3 baños;406 m² útiles;7 dormitorios | 3 baños | 406 m² útiles;Sta. Elena 900 - 1200, Santiago, Bogotá - Sierra Bella, Santiago;
2025-11-29 18:18:19;Santiago;casa;Casa-patio En Buen Estado, 1937;5350;CLF;5 dormitorios;1 baño;150 m² útiles;5 dormitorios | 1 baño | 150 m² útiles;Madrid 973, Santiago, Barrio Diez De Julio, Santiago;
2025-11-29 18:18:19;Santiago;casa;Vende Sin Comision / Oportunidad (125866);5500;CLF;3 dormitorios;2 baños;134 m² útiles;3 dormitorios | 2 baños | 134 m² útiles;Cautín 1200 - 1500, Santiago, Chile, Parque Los Reyes, Santiago;
2025-11-29 18:18:19;Santiago;casa;Bajo Precio Tasacion Macul  (98966);260000000;CLP;4 dormitorios;2 baños;114 m² útiles;4 dormitorios | 2 baños | 114 m² útiles;Ignacio Verdugo 2100 - 2400, Santiago;
2025-11-29 18:18:19;Santiago;casa;Casa 2 Habitaciones, Calle Chiloé, Santiago (98161);1531;CLF;2 dormitorios;1 baño;51 m² útiles;2 dormitorios | 1 baño | 51 m² útiles;Chiloé 1 - 300, Parque O'Higgins, Santiago;
2025-11-29 18:18:19;Santiago;casa;Casa Comercial 4 Dor 3 Baños A Pasos De La Alameda;360000000;CLP;4 dormitorios;3 baños;190 m² útiles;4 dormitorios | 3 baños | 190 m² útiles;Republica, 28, Santiago;
2025-11-29 18:18:19;Santiago;casa;Vende Casa Amplio Terreno Villa Brasilia Rancagua;260000000;CLP;4 dormitorios;3 baños;140 m² útiles;4 dormitorios | 3 baños | 140 m² útiles;Botafogo, 1, San Diego, Santiago;
2025-11-29 18:18:19;Santiago;casa;Los Duraznos Los Aromos (63218);3490;CLF;2 dormitorios;2 baños;120 m² útiles;2 dormitorios | 2 baños | 120 m² útiles;Los Duraznos 300 - 600, Santiago;
2025-11-29 18:18:19;Santiago;casa;Se Vende Casa En Santiago (120347);8300;CLF;11 dormitorios;3 baños;370 m² útiles;11 dormitorios | 3 baños | 370 m² útiles;Porvenir 300 - 600, Barrio Diez De Julio, Santiago;
2025-11-29 18:18:19;Santiago;casa;Casa En Venta En Barrio Vega Poniente;137000000;CLP;4 dormitorios;2 baños;200 m² útiles;4 dormitorios | 2 baños | 200 m² útiles;Maquinista Escobar 3000, Santiago, Chile, Club Hípico, Santiago;
2025-11-29 18:18:19;Santiago;casa;Venta Casa , Santiago Sur;5620;CLF;6 dormitorios;3 baños;261 m² útiles;6 dormitorios | 3 baños | 261 m² útiles;ROBERTO ESPINOZA, Parque O'Higgins, Santiago;
2025-11-29 18:18:19;Santiago;casa;Casa 35 Dorm Metro Santa Ana ;13500;CLF;35 dormitorios;9 baños;970 m² útiles;35 dormitorios | 9 baños | 970 m² útiles;METRO SANTA ANA, Santiago;
2025-11-29 18:18:19;Santiago;casa;Oportunidad De Inversion Para Vivienda Habitacional;2550;CLF;3 dormitorios;1 baño;100 m² útiles;3 dormitorios | 1 baño | 100 m² útiles;Santiago Concha, 1880, Franklin - Biobío, Santiago;
2025-11-29 18:18:19;Santiago;casa;Oportunidad Inigualable Para Negocio! (132260);10900;CLF;9 dormitorios;3 baños;379 m² útiles;9 dormitorios | 3 baños | 379 m² útiles;Sazié 1800 - 2100, Santiago, Chile, Ejército - Toesca, Santiago;
2025-11-29 18:18:19;Santiago;casa;Venta Casa Calle Lord Cochrane;4600;CLF;6 dormitorios;2 baños;296 m² útiles;6 dormitorios | 2 baños | 296 m² útiles;LORD COCHRANE, Parque O'Higgins, Santiago;
2025-11-29 18:18:19;Santiago;casa;Casa En Venta De 2 Dorm. En Santiago;16105;CLF;2 dormitorios;;684 m² totales;2 dormitorios | 684 m² totales;Sector Av Matta Sur, Bogotá - Sierra Bella, Santiago;
2025-11-29 18:18:19;Santiago;casa;Vendo Casa 2d 1b Pedro Lagos 672 Santiago Sur (88762);55000000;CLP;2 dormitorios;1 baño;41 m² útiles;2 dormitorios | 1 baño | 41 m² útiles;Pedro Lagos 1 - 300, Bogotá - Sierra Bella, Santiago;
2025-11-29 18:18:19;Santiago;casa;Casa En Venta, Metro Las Parcelas, Santiago.;105000000;CLP;4 dormitorios;1 baño;90 m² útiles;4 dormitorios | 1 baño | 90 m² útiles;Maipú, Santiago, Barrio Yungay, Santiago;
2025-11-29 18:18:19;Santiago;casa;Casa En Venta En Matta Santa Elena;15000;CLF;7 dormitorios;3 baños;346 m² útiles;7 dormitorios | 3 baños | 346 m² útiles;Sta. Elena 1130, Santiago, Bogotá - Sierra Bella, Santiago;
2025-11-29 18:18:19;Santiago;casa;Se Aceptan Ofertas (62904);185000000;CLP;;;125 m² útiles;125 m² útiles;Manuel Antonio Tocornal 5400 - 5700, Santiago, Chile, Barrio Diez De Julio, Santiago;
2025-11-29 18:18:19;Santiago;casa;Casa Cerca Metro Republica - 16 Habitaciones;9900;CLF;16 dormitorios;6 baños;266 m² útiles;16 dormitorios | 6 baños | 266 m² útiles;Erasmo Escala 2382, Santiago, Barrio Yungay, Santiago;
2025-11-29 18:18:19;Santiago;casa;Casa  En Venta Santiago Centro;5650;CLF;3 dormitorios;2 baños;168 m² útiles;3 dormitorios | 2 baños | 168 m² útiles;Barrio Diez De Julio, Santiago;
2025-11-29 18:18:19;Santiago;casa;Se Vende Townhouse 3d3b2e1b - Barrio Yungay;5300;CLF;3 dormitorios;3 baños;94 m² útiles;3 dormitorios | 3 baños | 94 m² útiles;HUERFANO 2820 - BARRIO YUNGAY, Barrio Yungay, Santiago;
2025-11-29 18:18:19;Santiago;casa;Casona Patrimonial, Año 1900;12950;CLF;16 dormitorios;5 baños;577 m² útiles;16 dormitorios | 5 baños | 577 m² útiles;Catedral 2100 - 2400, Santiago, Barrio Brasil, Santiago;
2025-11-29 18:18:19;Santiago;casa;Casa Clentaru, Para Remodelar, ;65000000;CLP;3 dormitorios;1 baño;68 m² útiles;3 dormitorios | 1 baño | 68 m² útiles;Clentaru 2148, 8340059 Santiago, Región Metropolitana, Chile, Parque Los Reyes, Santiago;
2025-11-29 18:18:19;Santiago;casa;Casa En Venta, Santiago. (58). ;4350;CLF;3 dormitorios;1 baño;81 m² útiles;3 dormitorios | 1 baño | 81 m² útiles;Rogelio Ugarte 1804, Santiago, Chile, Bogotá - Sierra Bella, Santiago;
2025-11-29 18:18:19;Santiago;casa;Casa A La Venta En Santiago Concha, Comuna De Santiago.;4750;CLF;4 dormitorios;2 baños;98 m² útiles;4 dormitorios | 2 baños | 98 m² útiles;Santiago Concha 1200 - 1500, Santiago, Bogotá - Sierra Bella, Santiago;
2025-11-29 18:18:19;Santiago;casa;Amplia Casa De Adobe Con Patio Central, Año 1910;7950;CLF;8 dormitorios;2 baños;280 m² útiles;8 dormitorios | 2 baños | 280 m² útiles;Esperanza 432, Santiago, Chile, Barrio Yungay, Santiago;
2025-11-29 18:18:19;Santiago;casa;(031) Hermosa Casa Estilo Frances, Stgo. Centro;35000;CLF;15 dormitorios;5 baños;688 m² útiles;15 dormitorios | 5 baños | 688 m² útiles;República 350, Santiago, Barrio República, Santiago;
2025-11-29 18:18:19;Santiago;casa;Vendo Acogedora Casa En Cueto Con Compañía (67848);6800;CLF;3 dormitorios;3 baños;80 m² útiles;3 dormitorios | 3 baños | 80 m² útiles;Cueto 300 - 600, Santiago, Chile, Barrio Yungay, Santiago;
2025-11-29 18:18:19;Santiago;casa;Joya Arquitectónica Art Decó, Año 1935;18700;CLF;11 dormitorios;3 baños;275 m² útiles;11 dormitorios | 3 baños | 275 m² útiles;Huérfanos 3062, Santiago, Barrio Yungay, Santiago;
2025-11-29 18:18:19;Santiago;casa;Gran Inversión Inmobiliaria (82059);32000;CLF;31 dormitorios;20 baños;908 m² útiles;31 dormitorios | 20 baños | 908 m² útiles;Francisco Pizarro 1855, Club Hípico, Santiago;
2025-11-29 18:18:19;Santiago;casa;Oportunidad Terreno;4200;CLF;5 dormitorios;2 baños;229 m² útiles;5 dormitorios | 2 baños | 229 m² útiles;GARCIA REYES, 344, Barrio Yungay, Santiago;
2025-11-29 18:18:19;Santiago;casa;Casa Patrimonial En Venta Stgo (116263);6900;CLF;6 dormitorios;3 baños;196 m² útiles;6 dormitorios | 3 baños | 196 m² útiles;Pasaje República 1 - 300, Barrio República, Santiago;
2025-11-29 18:18:19;Santiago;casa;Propiedad Comercial En Chiloe 1330, Santiago Chile;7706;CLF;5 dormitorios;3 baños;360 m² útiles;5 dormitorios | 3 baños | 360 m² útiles;Chiloé 1330, Santiago, Parque O'Higgins, Santiago;
2025-11-29 18:18:19;Santiago;casa;Vendo Casa Para Uso Comercial O Habitacional, Santiago.-;15000;CLF;7 dormitorios;3 baños;346 m² útiles;7 dormitorios | 3 baños | 346 m² útiles;Sta. Elena 1130, Santiago, Bogotá - Sierra Bella, Santiago;
2025-11-29 18:18:19;Santiago;casa;General Bulnes/agustinas (67665);9300;CLF;4 dormitorios;3 baños;220 m² útiles;4 dormitorios | 3 baños | 220 m² útiles;General Bulnes 1 - 300, Santiago, Chile, Barrio Yungay, Santiago;
2025-11-29 18:18:19;Santiago;casa;Casa 2d + 2b Con Potencial Comercial (75629);90000000;CLP;2 dormitorios;2 baños;81 m² útiles;2 dormitorios | 2 baños | 81 m² útiles;Eduardo Matte 1200 - 1500, Santiago, Chile, Bogotá - Sierra Bella, Santiago;
2025-11-29 18:18:19;Santiago;casa;Hotel En Venta Barrio Brasil (94042);8500;CLF;6 dormitorios;5 baños;250 m² útiles;6 dormitorios | 5 baños | 250 m² útiles;Guardia Marina Ernesto Riquelme 300 - 600, Santiago, Chile, Barrio Brasil, Santiago;
2025-11-29 18:18:19;Santiago;casa;Casa Barrio Yungay (81094);15950;CLF;10 dormitorios;5 baños;414 m² útiles;10 dormitorios | 5 baños | 414 m² útiles;Huérfanos 2700 - 3000, Barrio Yungay, Santiago;
2025-11-29 18:18:19;Santiago;casa;Oportunidad Casa En Sector De Meiggs, 170 Mts 2 De Terreno;525000000;CLP;2 dormitorios;1 baño;132 m² útiles;2 dormitorios | 1 baño | 132 m² útiles;San Vicente 300 - 600, Santiago, Meiggs, Santiago;
2025-11-29 18:18:19;Santiago;casa;Casa En Venta De 6 Dorm. En Santiago ;5863;CLF;6 dormitorios;3 baños;2.012 m² útiles;6 dormitorios | 3 baños | 2.012 m² útiles;Artemio Gutierrez, Bogotá - Sierra Bella, Santiago;
2025-11-29 18:18:19;Santiago;casa;Casa De Estilo En Zona De Conservacion Historica;400000000;CLP;6 dormitorios;4 baños;290 m² útiles;6 dormitorios | 4 baños | 290 m² útiles;Moneda 2368, Santiago, Barrio Yungay, Santiago;
2025-11-29 18:18:19;Santiago;casa;Casa En Venta De 6 Dorm. En Santiago;410000000;CLP;6 dormitorios;3 baños;320 m² útiles;6 dormitorios | 3 baños | 320 m² útiles;Guacolda, Club Hípico, Club Hípico, Santiago;
2025-11-29 18:18:19;Santiago;casa;Oportunidad De Inversión!  (102793);7400;CLF;10 dormitorios;4 baños;187 m² útiles;10 dormitorios | 4 baños | 187 m² útiles;Libertad 600 - 900, Santiago, Chile, Santiago;
2025-11-29 18:18:38;Santiago;casa;Espectacular Casa Esquina , Con 4 Casa Independientes Solida;420000000;CLP;12 dormitorios;5 baños;300 m² útiles;12 dormitorios | 5 baños | 300 m² útiles;Nataniel Cox, Parque O'Higgins, Santiago;
2025-11-29 18:18:38;Santiago;casa;Gran Casa Esquina , Con 4 Casas Independientes Sólida;420000000;CLP;12 dormitorios;5 baños;300 m² útiles;12 dormitorios | 5 baños | 300 m² útiles;Nataniel Cox, Parque O'Higgins, Santiago;
2025-11-29 18:18:38;Santiago;casa;Venta Hermosa Casa De 176 Mts2 En Santiago (90529);4750;CLF;3 dormitorios;2 baños;97 m² útiles;3 dormitorios | 2 baños | 97 m² útiles;Dávila Larraín 1500 - 1800, Bogotá - Sierra Bella, Santiago;
2025-11-29 18:18:38;Santiago;casa;Casa En Venta De 5 Dorm. En Santiago;185000000;CLP;5 dormitorios;1 baño;110 m² útiles;5 dormitorios | 1 baño | 110 m² útiles;Mapocho Con Cueto, Barrio Balmaceda / Santiago, Parque Los Reyes, Santiago;
2025-11-29 18:18:38;Santiago;casa;Hermosa Casa Tradicional Joaquín Vicuña, Santiago / Av Matta;6100;CLF;4 dormitorios;2 baños;210 m² útiles;4 dormitorios | 2 baños | 210 m² útiles;Joaquín Vicuña, Santiago, Barrio Diez De Julio, Santiago;
2025-11-29 18:18:38;Santiago;casa;Casa Apta Empresas;400000000;CLP;7 dormitorios;3 baños;290 m² útiles;7 dormitorios | 3 baños | 290 m² útiles;Moneda 2349, 8008000 Santiago, Región Metropolitana, Chile, Barrio Yungay, Santiago;
2025-11-29 18:18:38;Santiago;casa;Vendo Propiedad Apta Para Comercio A Pasos De Av. Matta.;14500;CLF;13 dormitorios;6 baños;450 m² útiles;13 dormitorios | 6 baños | 450 m² útiles;Madrid 967, Santiago, Barrio Diez De Julio, Santiago;
2025-11-29 18:18:38;Santiago;casa;A Pasos Del Mall Franklin!! (122703);245000000;CLP;5 dormitorios;3 baños;108 m² útiles;5 dormitorios | 3 baños | 108 m² útiles;Placer 1 - 300, Franklin - Biobío, Santiago;
2025-11-29 18:18:38;Santiago;casa;Comercial O Habitacional;8081;CLF;5 dormitorios;4 baños;500 m² útiles;5 dormitorios | 4 baños | 500 m² útiles;Sierra Bella 1196, Santiago, Bogotá - Sierra Bella, Santiago;
2025-11-29 18:18:38;Santiago;casa;Vendo Linda Casona De 1117 Mts2;18900;CLF;16 dormitorios;16 baños;1.117 m² útiles;16 dormitorios | 16 baños | 1.117 m² útiles;Concha Y Toro 38, Santiago, Barrio Brasil, Santiago;
2025-11-29 18:18:38;Santiago;casa;Casona Patrimonial Barrio Yungay;8090;CLF;3 dormitorios;2 baños;203 m² útiles;3 dormitorios | 2 baños | 203 m² útiles;Compañía De Jesús 2410, Santiago, Chile, Barrio Yungay, Santiago;
2025-11-29 18:18:38;Santiago;casa;Venta De Casa Arquitectónica De Alto Valor Patrimonial;570000000;CLP;5 dormitorios;2 baños;288 m² útiles;5 dormitorios | 2 baños | 288 m² útiles;Beaucheff, 1263, Parque O'Higgins, Santiago;
2025-11-29 18:18:38;Santiago;casa;Se Vende Casa En Santiago  (89412);2300;CLF;3 dormitorios;1 baño;61 m² útiles;3 dormitorios | 1 baño | 61 m² útiles;Fray Camilo Henríquez 1 - 300, Barrio Diez De Julio, Santiago;
2025-11-29 18:18:38;Santiago;casa;Pje Santa Graciela Casa Antigua 125 Mts 2 2 Pisos ;150000000;CLP;3 dormitorios;3 baños;125 m² útiles;3 dormitorios | 3 baños | 125 m² útiles;Sta. Graciela 126, Santiago, Bogotá - Sierra Bella, Santiago;
2025-11-29 18:18:38;Santiago;casa;Entre Metros Parque Almagro Y Matta;365000000;CLP;14 dormitorios;6 baños;300 m² útiles;14 dormitorios | 6 baños | 300 m² útiles;Arturo Prat 788, Santiago, San Diego, Santiago;
2025-11-29 18:18:38;Santiago;casa;Con Excelente Ubicacion , Venta De Casa 2 Pisos, Santiago ;150000000;CLP;2 dormitorios;1 baño;73 m² útiles;2 dormitorios | 1 baño | 73 m² útiles;PARQUE ALMAGRO, San Diego, Santiago;
2025-11-29 18:18:38;Santiago;casa;Casa 2 Pisos, 264 /211 M2.  D-10  B-5;600000000;CLP;10 dormitorios;5 baños;180 m² útiles;10 dormitorios | 5 baños | 180 m² útiles;Almte. Latorre 475, Barrio República, Santiago;
2025-11-29 18:18:38;Santiago;casa;Casa En Venta En Franklin - Biobío;158500000;CLP;4 dormitorios;1 baño;90 m² útiles;4 dormitorios | 1 baño | 90 m² útiles;Hugo Donoso 2346, Santiago, Franklin - Biobío, Santiago;
2025-11-29 18:18:38;Santiago;casa;Casa De 2 Pisos En Club Hípico  Ubicación Privilegiada;117000000;CLP;2 dormitorios;1 baño;95 m² útiles;2 dormitorios | 1 baño | 95 m² útiles;Club Hípico 1818, Santiago, Parque O'Higgins, Santiago;
2025-11-29 18:18:38;Santiago;casa;Casa En Cité A Pasos De Todo;60000000;CLP;3 dormitorios;1 baño;53 m² útiles;3 dormitorios | 1 baño | 53 m² útiles;GARCIA REYES, Barrio Yungay, Santiago;
2025-11-29 18:18:38;Santiago;casa;Casa Barrio Yungay  (68135);119000000;CLP;6 dormitorios;2 baños;95 m² útiles;6 dormitorios | 2 baños | 95 m² útiles;Libertad 600 - 900, Santiago, Chile, Barrio Yungay, Santiago;
2025-11-29 18:18:38;Santiago;casa;Casa En Venta En Santiago;850000000;CLP;9 dormitorios;5 baños;533 m² útiles;9 dormitorios | 5 baños | 533 m² útiles;Av. Sta. Rosa 1124, 8360072 Santiago, Región Metropolitana, Chile, Santiago;
2025-11-29 18:18:38;Santiago;casa;Rafael Sotomayor / Yungay;240000000;CLP;4 dormitorios;2 baños;170 m² útiles;4 dormitorios | 2 baños | 170 m² útiles;Rafael Sotomayor 1221, 8.3499e+06 - 8.3502e+06 Santiago, Región Metropolitana, Chile, Parque Los Reyes, Santiago;
2025-11-29 18:18:38;Santiago;casa;Casa, Taller Mecánico Y Almacén En Terreno 525 M²  Santiago;750000000;CLP;4 dormitorios;3 baños;460 m² útiles;4 dormitorios | 3 baños | 460 m² útiles;Ñuble 440, Santiago, Bogotá - Sierra Bella, Santiago;
2025-11-29 18:18:38;Santiago;casa;Amunátegui, San Pablo;7600;CLF;5 dormitorios;3 baños;211 m² útiles;5 dormitorios | 3 baños | 211 m² útiles;Amunátegui, San Pablo, Centro Histórico De Santiago, Santiago;
2025-11-29 18:18:38;Santiago;casa;¡casa En Santiago: Espaciosa, Luminosa Y Sólida!;195000000;CLP;5 dormitorios;2 baños;133 m² útiles;5 dormitorios | 2 baños | 133 m² útiles;SE VENDE CASA CON GRAN ILUMINACIÓN Y CONSTRUCCIÓN SOLIDA, Bogotá - Sierra Bella, Santiago;
2025-11-29 18:18:38;Santiago;casa;Casa Santiago Sur;6000;CLF;5 dormitorios;2 baños;172 m² útiles;5 dormitorios | 2 baños | 172 m² útiles;Madrid 973, Santiago, Barrio Diez De Julio, Santiago;
2025-11-29 18:18:38;Santiago;casa;Gran Casa Ubicada En Ciudad Satélite, Maipu;120000000;CLP;2 dormitorios;1 baño;160 m² útiles;2 dormitorios | 1 baño | 160 m² útiles;Maipú, Santiago, Barrio Yungay, Santiago;
2025-11-29 18:18:38;Santiago;casa;Casona Conservación Histórica Matta/portugal;6306;CLF;4 dormitorios;1 baño;600 m² totales;4 dormitorios | 1 baño | 600 m² totales;Av Matta Con Portugal, Bogotá - Sierra Bella, Santiago;
2025-11-29 18:18:38;Santiago;casa;Lira, Argomedo;3800;CLF;2 dormitorios;2 baños;62 m² totales;2 dormitorios | 2 baños | 62 m² totales;Lira, Argomedo, Santa Isabel, Santiago;
2025-11-29 18:18:38;Santiago;casa;Se Vende Casa Comercial Abate Molina 801 (123376);8000;CLF;20 dormitorios;4 baños;300 m² útiles;20 dormitorios | 4 baños | 300 m² útiles;Abate Molina 600 - 900, Club Hípico, Santiago;
2025-11-29 18:18:38;Santiago;casa;Casa Esquina Con Local Comercial En Venta;5000;CLF;2 dormitorios;1 baño;100 m² útiles;2 dormitorios | 1 baño | 100 m² útiles;San Ignacio De Loyola, Santiago, Parque O'Higgins, Santiago;
2025-11-29 18:18:38;Santiago;casa;Gran Terreno Casa Principal Y 2da Casa Uso Mixto Industrial ;9600;CLF;6 dormitorios;3 baños;262 m² útiles;6 dormitorios | 3 baños | 262 m² útiles;CASA PRINCIPAL Y SEGUNDA VIVIENDA INDEPENDIENTE 3 DORMS, TERRENO USO MIXTO, Barrio Diez De Julio, Santiago;
2025-11-29 18:18:38;Santiago;casa;Atención Inversionistas Y Comerciantes (127849);76000000;CLP;2 dormitorios;1 baño;70 m² útiles;2 dormitorios | 1 baño | 70 m² útiles;Santa Ana 1 - 300, Franklin - Biobío, Santiago;
2025-11-29 18:18:38;Santiago;casa;Se Vende Casa 140 M2 San Isidro Suelo Uso Mixto;150000000;CLP;2 dormitorios;1 baño;140 m² útiles;2 dormitorios | 1 baño | 140 m² útiles;San Isidro 2100 - 2400, Santiago, Franklin - Biobío, Santiago;
2025-11-29 18:18:38;Santiago;casa;Oferta Casona Stgo Centro - Comercial (91303);6990;CLF;8 dormitorios;5 baños;368 m² útiles;8 dormitorios | 5 baños | 368 m² útiles;Maipú 300 - 600, Barrio Yungay, Santiago;
2025-11-29 18:18:38;Santiago;casa;Oportunidad, Casa Barrio Universitario Metro Ula Y República;680000000;CLP;18 dormitorios;16 baños;471 m² útiles;18 dormitorios | 16 baños | 471 m² útiles;Grajales 2455, Santiago, Barrio República, Santiago;
2025-11-29 18:18:38;Santiago;casa; Oportunidad Casa Con 3 Dormitorios, 2 Bodegas, 2 Baños;175000000;CLP;5 dormitorios;2 baños;135 m² útiles;5 dormitorios | 2 baños | 135 m² útiles;Artemio Gutiérrez 1530, Santiago, Bogotá - Sierra Bella, Santiago;
2025-11-29 18:18:38;Santiago;casa;Precio De Oferta (66352);200000000;CLP;4 dormitorios;2 baños;198 m² útiles;4 dormitorios | 2 baños | 198 m² útiles;Uno De Mayo 900 - 1200, Santiago, Chile, Club Hípico, Santiago;
2025-11-29 18:18:38;Santiago;casa;Amplia Casa Esquina A Pasos Del Metro Ñuble (124935);4600;CLF;6 dormitorios;4 baños;165 m² útiles;6 dormitorios | 4 baños | 165 m² útiles;Dávila Larraín 1895, Bogotá - Sierra Bella, Santiago;
2025-11-29 18:18:38;Santiago;casa;Casa Con 11  Habitaciones Mas 2 Depto.  Independiente;400000000;CLP;11 dormitorios;11 baños;500 m² útiles;11 dormitorios | 11 baños | 500 m² útiles;Padre Orellana 1558, Santiago, Bogotá - Sierra Bella, Santiago;
2025-11-29 18:18:38;Santiago;casa;Local Con 2 Casas;320000000;CLP;3 dormitorios;1 baño;250 m² útiles;3 dormitorios | 1 baño | 250 m² útiles;Andes  2547, Parque Los Reyes, Santiago;
2025-11-29 18:18:38;Santiago;casa;Hotel En Venta En Plaza Yungay;16630;CLF;11 dormitorios;12 baños;110 m² útiles;11 dormitorios | 12 baños | 110 m² útiles;Santo Domingo 2814, Santiago, Barrio Yungay, Santiago;
2025-11-29 18:18:38;Santiago;casa;Fray Luis De La Peña - Inversión (87749);195000000;CLP;3 dormitorios;3 baños;138 m² útiles;3 dormitorios | 3 baños | 138 m² útiles;Fray Luis De La Peña 2700 - 3000, Club Hípico, Santiago;
2025-11-29 18:18:38;Santiago;casa;Oportunidad Casa 3 Dormitorios Mas 1 Baño, Sector Comercial;4350;CLF;3 dormitorios;1 baño;115 m² útiles;3 dormitorios | 1 baño | 115 m² útiles;Rogelio Ugarte, Bogotá - Sierra Bella, Santiago;
2025-11-29 18:18:38;Santiago;casa;Antigua Casa Con Locales Comercial Y Un Depto Av Brasil;270000000;CLP;6 dormitorios;6 baños;304 m² útiles;6 dormitorios | 6 baños | 304 m² útiles;Almirante Barroso, 1949, Parque Los Reyes, Santiago;
2025-11-29 18:18:38;Santiago;casa;Fabrica, Local, Oficina, Bodega, 3 Viviendas 845 M2 Terreno;19900;CLF;9 dormitorios;6 baños;593 m² útiles;9 dormitorios | 6 baños | 593 m² útiles;FABRICA, LOCAL, OFICINA, BODEGA, 3 VIVIENDAS 845 M2 TERRENO, Bogotá - Sierra Bella, Santiago;
2025-11-29 18:18:38;Santiago;casa;Venta Casa 6dormitorios, 3 Baños Portugal (99826);220000000;CLP;6 dormitorios;3 baños;171 m² útiles;6 dormitorios | 3 baños | 171 m² útiles;Portugal 1 - 300, Bogotá - Sierra Bella, Santiago;
2025-11-29 18:18:51;Santiago;casa;Casa De 8 Dormitorios, Dos Baños, Cocina (70255);160000000;CLP;8 dormitorios;2 baños;115 m² útiles;8 dormitorios | 2 baños | 115 m² útiles;Eduardo Matte 1800 - 2100, Sector Flanklin Santiago, Chile, Franklin - Biobío, Santiago;
2025-11-29 18:18:51;Santiago;casa;Casa Con Espacios Para Rentar (66351);295000000;CLP;12 dormitorios;5 baños;410 m² útiles;12 dormitorios | 5 baños | 410 m² útiles;San Alfonso 1200 - 1500, Santiago, Chile, Club Hípico, Santiago;
2025-11-29 18:18:51;Santiago;casa;Gran Casa En Manuel Antonio Tocornal 1770 Centro;180000000;CLP;3 dormitorios;2 baños;109 m² útiles;3 dormitorios | 2 baños | 109 m² útiles;Santiago, Centro Histórico De Santiago;
2025-11-29 18:18:51;Santiago;casa;Venta Casa 5hab 4ba Santiago;4100;CLF;5 dormitorios;4 baños;224 m² útiles;5 dormitorios | 4 baños | 224 m² útiles;Calle Los Flamencos, 406, Santiago;
2025-11-29 18:18:51;Santiago;casa;Gran Casa Esquina De Uso Comercial Y/o Habitacional En Venta;5000;CLF;2 dormitorios;1 baño;100 m² útiles;2 dormitorios | 1 baño | 100 m² útiles;San Ignacio De Loyola, Santiago, Parque O'Higgins, Santiago;
2025-11-29 18:18:51;Santiago;casa;Casa Para Remodelar, Santiago Concha, Arauco (127075);165000000;CLP;8 dormitorios;2 baños;150 m² útiles;8 dormitorios | 2 baños | 150 m² útiles;Santiago Concha 1800 - 2100, Santiago, Chile, Franklin - Biobío, Santiago;
2025-11-29 18:18:51;Santiago;casa;Venta De Casa Con Local Comercial;240000000;CLP;4 dormitorios;2 baños;192 m² útiles;4 dormitorios | 2 baños | 192 m² útiles;Eduardo Matte, 444, Santiago;
2025-11-29 18:18:51;Santiago;casa;Santiago Matta Sur 258 M2 2 Pisos, Estacionamiento;180000000;CLP;10 dormitorios;3 baños;304 m² útiles;10 dormitorios | 3 baños | 304 m² útiles;Rogelio Ugarte 1200 - 1500, Santiago, Chile, Bogotá - Sierra Bella, Santiago;
2025-11-29 18:18:51;Santiago;casa;Casa En Venta En Santiago Centro  3 Dormitorios, Excelente;4560;CLF;3 dormitorios;1 baño;78 m² útiles;3 dormitorios | 1 baño | 78 m² útiles;Victoria 575, Santiago, Bogotá - Sierra Bella, Santiago;
2025-11-29 18:18:51;Santiago;casa;Casa Con Diseño 4d3b+gimnasio (127361);11500;CLF;4 dormitorios;3 baños;214 m² útiles;4 dormitorios | 3 baños | 214 m² útiles;General Bulnes 1 - 300, Barrio Yungay, Santiago;
2025-11-29 18:18:51;Santiago;casa;Casa En Venta En Parque O'higgins Santiago;7150;CLF;5 dormitorios;2 baños;320 m² útiles;5 dormitorios | 2 baños | 320 m² útiles;Lord Cochrane (J) 1500 - 1800, Parque O'Higgins, Santiago;
2025-11-29 18:18:51;Santiago;casa;Oportunidad Inversionistas;4600;CLF;6 dormitorios;6 baños;105 m² útiles;6 dormitorios | 6 baños | 105 m² útiles;Placer 1385, Santiago, Franklin - Biobío, Santiago;
2025-11-29 18:18:51;Santiago;casa;Casa Esquina Potencial Comercial (124935);4610;CLF;6 dormitorios;4 baños;165 m² útiles;6 dormitorios | 4 baños | 165 m² útiles;Dávila Larraín 1800 - 2100, Bogotá - Sierra Bella, Santiago;
2025-11-29 18:18:51;Santiago;casa;Dos Casas En Una (121467);4400;CLF;6 dormitorios;2 baños;145 m² útiles;6 dormitorios | 2 baños | 145 m² útiles;Padre Orellana 1 - 300, Bogotá - Sierra Bella, Santiago;
2025-11-29 18:18:51;Santiago;casa;Venta Casa 3hab 1ba Santiago;4100;CLF;3 dormitorios;1 baño;91 m² útiles;3 dormitorios | 1 baño | 91 m² útiles;German Riesco, 1946, Franklin - Biobío, Santiago;
2025-11-29 18:18:51;Santiago;casa;Casa Barrio Consolidado En Villa Santa Maria De Maipu;140000000;CLP;2 dormitorios;2 baños;132 m² útiles;2 dormitorios | 2 baños | 132 m² útiles;MAER DEL NORTE, 36, San Diego, Santiago;
2025-11-29 18:18:51;Santiago;casa;Maule / Portugal;280000000;CLP;8 dormitorios;4 baños;240 m² útiles;8 dormitorios | 4 baños | 240 m² útiles;Maule 285, Santiago, Bogotá - Sierra Bella, Santiago;
2025-11-29 18:18:51;Santiago;casa;Maule / Portugal / Santigo Sur;280000000;CLP;8 dormitorios;4 baños;240 m² útiles;8 dormitorios | 4 baños | 240 m² útiles;Maule 285, Santiago, Bogotá - Sierra Bella, Santiago;
2025-11-29 18:18:51;Santiago;casa;Casa En Venta De 5 Dorm. En Santiago;5863;CLF;5 dormitorios;3 baños;260 m² útiles;5 dormitorios | 3 baños | 260 m² útiles;Metro Av. Matta / Artemio Gutierrez, Bogotá - Sierra Bella, Santiago;
2025-11-29 18:18:51;Santiago;casa;¡amplia Casa En Yungay, Santiago: 4d+2b!;300000000;CLP;4 dormitorios;2 baños;125 m² útiles;4 dormitorios | 2 baños | 125 m² útiles;YUNGAY, Parque Los Reyes, Santiago;
2025-11-29 18:18:51;Santiago;casa;Uso Mixto Industrial, Fabrica, Local Comercial Y Vivienda;10900;CLF;2 dormitorios;3 baños;331 m² útiles;2 dormitorios | 3 baños | 331 m² útiles;USO MIXTO INDUSTRIAL, FABRICA, LOCAL COMERCIAL Y VIVIENDA. SAN ISIDRO ÑUBLE, Bogotá - Sierra Bella, Santiago;
2025-11-29 18:18:51;Santiago;casa;Se Vende Taller 170 M2, Santiago (73522);124000000;CLP;;1 baño;176 m² útiles;1 baño | 176 m² útiles;Victoria, 1 - 300, Bogotá - Sierra Bella, Santiago;
2025-11-29 18:18:51;Santiago;casa;Santiago, Garcia Reyes 250 M2 Edificados, 3 Pisos, Patio;7000;CLF;8 dormitorios;4 baños;245 m² útiles;8 dormitorios | 4 baños | 245 m² útiles;García Reyes 1 - 300, Santiago, Chile, Barrio Yungay, Santiago;
2025-11-29 18:18:51;Santiago;casa;Excelente Propiedad Comercial Barrio Desarrollo Inmobiliario;7448;CLF;5 dormitorios;3 baños;211 m² útiles;5 dormitorios | 3 baños | 211 m² útiles;Gral. González Balcarce 2024, Santiago, Parque O'Higgins, Santiago;
2025-11-29 18:18:51;Santiago;casa;Gran Casona Apta Para Comercio;10000;CLF;14 dormitorios;6 baños;326 m² útiles;14 dormitorios | 6 baños | 326 m² útiles;La Fetra 164, Santiago, Chile, Barrio Brasil, Santiago;
2025-11-29 18:18:51;Santiago;casa;Casa Comercial Habitaciones Cercano Metro República;4530;CLF;8 dormitorios;7 baños;176 m² útiles;8 dormitorios | 7 baños | 176 m² útiles;Sta Mónica 2156, Santiago, Barrio Brasil, Santiago;
2025-11-29 18:18:51;Santiago;casa;Propiedad Destino Comercial Esquina Maule Con Sierra Bella, ;12900;CLF;3 dormitorios;1 baño;221 m² útiles;3 dormitorios | 1 baño | 221 m² útiles;Maule & Sierra Bella, Santiago, Chile, Bogotá - Sierra Bella, Santiago;
2025-11-29 18:18:51;Santiago;casa;Gran Casa Para Inversionista Con 6 Dptos, Metro Matta;194000000;CLP;6 dormitorios;6 baños;186 m² útiles;6 dormitorios | 6 baños | 186 m² útiles;Carmen, Santiago, Bogotá - Sierra Bella, Santiago;
2025-11-29 18:18:51;Santiago;casa;Casa Sector Metro Ñuble, Residencial Y/o Comercial;145000000;CLP;4 dormitorios;1 baño;94 m² útiles;4 dormitorios | 1 baño | 94 m² útiles;Santa Elena 1436, Santiago, Chile, Bogotá - Sierra Bella, Santiago;
2025-11-29 18:18:51;Santiago;casa;Buena Propiedad A Pasos De Av. Vicuña Mackenna Y Metro Ñuble;150000000;CLP;5 dormitorios;1 baño;250 m² útiles;5 dormitorios | 1 baño | 250 m² útiles;Cuevas 1490, Santiago, Bogotá - Sierra Bella, Santiago;
2025-11-29 18:18:51;Santiago;casa;Benavides 2025;5000;CLF;2 dormitorios;1 baño;139 m² útiles;2 dormitorios | 1 baño | 139 m² útiles;Benavides 2025, Santiago, Ejército - Toesca, Santiago;
2025-11-29 18:18:51;Santiago;casa;Se Vende Casa De 2 Pisos De 80m2 (101879);65000000;CLP;3 dormitorios;2 baños;80 m² útiles;3 dormitorios | 2 baños | 80 m² útiles;Chacabuco 1 - 300, Barrio Yungay, Santiago;
2025-11-29 18:18:51;Santiago;casa;Hermosa Casa De Años 30 En Barrio Universitario;27000;CLF;15 dormitorios;5 baños;504 m² útiles;15 dormitorios | 5 baños | 504 m² útiles;Padre Felipe Gómez De Vidaurre 1625, Dieciocho, Santiago;
2025-11-29 18:18:51;Santiago;casa;Oportunidad , Impecable Y Remodelada Oficina O Casa ;185000000;CLP;2 dormitorios;2 baños;170 m² útiles;2 dormitorios | 2 baños | 170 m² útiles;Lira 1486, Santiago, Chile, Bogotá - Sierra Bella, Santiago;
2025-11-29 18:18:51;Santiago;casa;Casa En Venta De 30 Dorm. En Santiago;30800;CLF;30 dormitorios;34 baños;960 m² útiles;30 dormitorios | 34 baños | 960 m² útiles;Moneda /avda Brasil, Barrio Brasil, Santiago;
2025-11-29 18:18:51;Santiago;casa;Casa 3 Pisos  Maipu / Compañia;189900000;CLP;3 dormitorios;3 baños;130 m² útiles;3 dormitorios | 3 baños | 130 m² útiles;Maipú 425, Santiago, Barrio Yungay, Santiago;
2025-11-29 18:18:51;Santiago;casa;Entre Metros Parque Almagro Y Matta;350000000;CLP;10 dormitorios;6 baños;300 m² útiles;10 dormitorios | 6 baños | 300 m² útiles;Arturo Prat 786, Santiago, San Diego, Santiago;
2025-11-29 18:18:51;Santiago;casa;Venta Prop. Uso Industrial, 7 Deptos. Con Baño (3);8900;CLF;7 dormitorios;5 baños;482 m² útiles;7 dormitorios | 5 baños | 482 m² útiles;Libertad 574, Santiago, Chile, Barrio Yungay, Santiago;
2025-11-29 18:18:51;Santiago;casa;Mapocho | Especial Inversionistas, Se Vende Paño De 507 M2;17200;CLF;;;628 m² útiles;628 m² útiles;Herrera 1050, 8.3499e+06 - 8.3502e+06 Santiago, Región Metropolitana, Chile, Parque Los Reyes, Santiago;
2025-11-29 18:18:51;Santiago;casa;Remodelar - Casa Calle Mapocho Frente Estac. Cumming Línea 7;10100;CLF;4 dormitorios;1 baño;260 m² útiles;4 dormitorios | 1 baño | 260 m² útiles;Avenida Mapocho 2100 - 2400, Santiago, Chile, Parque Los Reyes, Santiago;
2025-11-29 18:18:51;Santiago;casa;Casa En Venta En Santa Elvira Ventura La Valle;168500000;CLP;7 dormitorios;2 baños;300 m² útiles;7 dormitorios | 2 baños | 300 m² útiles;SANTA ELVIRA POR EL SUR- VENTURA LA VALLE, Bogotá - Sierra Bella, Santiago;
2025-11-29 18:18:51;Santiago;casa;Venta Prop. Uso Industrial, 7 Deptos Con Baño;350000000;CLP;7 dormitorios;7 baños;810 m² útiles;7 dormitorios | 7 baños | 810 m² útiles;Libertad 574, Santiago, Chile, Barrio Yungay, Santiago;
2025-11-29 18:18:51;Santiago;casa;Oportunidad!!! Casa Esquina Con Local Comercial (remodelar);5150;CLF;6 dormitorios;2 baños;285 m² útiles;6 dormitorios | 2 baños | 285 m² útiles;Maipú 1581, Santiago, Parque Los Reyes, Santiago;
2025-11-29 18:18:51;Santiago;casa;Casa En Venta En Libertad 574, Barrio Yungay;350000000;CLP;7 dormitorios;7 baños;810 m² útiles;7 dormitorios | 7 baños | 810 m² útiles;Libertad 574, Santiago, Chile, Barrio Yungay, Santiago;
2025-11-29 18:18:51;Santiago;casa;Hermosa Casa Ideal Para Oficinas Metro Toesca;650000000;CLP;5 dormitorios;3 baños;200 m² útiles;5 dormitorios | 3 baños | 200 m² útiles;Grajales 1970, 8370137 Santiago, Región Metropolitana, Chile, Ejército - Toesca, Santiago;
2025-11-29 18:18:51;Santiago;casa;Cómoda Casa De 2 Pisos En Setor Residencial Consolidado;185000000;CLP;4 dormitorios;2 baños;185 m² útiles;4 dormitorios | 2 baños | 185 m² útiles;Rogelio Ugarte 1275, Santiago, Bogotá - Sierra Bella, Santiago;
2025-11-29 18:18:51;Santiago;casa;Casa En Venta En Parque Los Reyes, Santiago;68000000;CLP;2 dormitorios;1 baño;70 m² útiles;2 dormitorios | 1 baño | 70 m² útiles;Av. Ricardo Cumming 1246, Parque Los Reyes, Santiago;
2025-11-29 18:18:51;Santiago;casa;Casa En Venta De 8 Dorm. En Santiago;280000000;CLP;8 dormitorios;3 baños;286 m² útiles;8 dormitorios | 3 baños | 286 m² útiles;Yungay, Metro República, Barrio Yungay, Santiago;
2025-11-29 18:19:21;Santiago;casa;Venta Casa En Cité 2d 1b Santa Elena (79342);60000000;CLP;2 dormitorios;1 baño;50 m² útiles;2 dormitorios | 1 baño | 50 m² útiles;Santa Elena 900 - 1200, Santiago, Chile, Bogotá - Sierra Bella, Santiago;
2025-11-29 18:19:21;Santiago;casa;Townhouse 4 Plantas, 3d-3b-1e Azotea En Barrio Yungay;5190;CLF;3 dormitorios;3 baños;110 m² útiles;3 dormitorios | 3 baños | 110 m² útiles;Maipú 425, Barrio Yungay, Santiago;
2025-11-29 18:19:21;Santiago;casa;Casa Tres Niveles Barrio Histórico Doble Altura Cerca Museos;223000000;CLP;1 dormitorio;1 baño;124 m² útiles;1 dormitorio | 1 baño | 124 m² útiles;Huérfanos 3067, Santiago, Chile, Barrio Yungay, Santiago;
2025-11-29 18:19:21;Santiago;casa;Venta De Casa En Centro Histórico;305000000;CLP;10 dormitorios;4 baños;237 m² útiles;10 dormitorios | 4 baños | 237 m² útiles;General Bulnes, 1 - 300, Barrio Yungay, Santiago;
2025-11-29 18:19:21;Santiago;casa;Casa En Calle Serrano Ideal Para Remodelar;8500;CLF;19 dormitorios;8 baños;310 m² útiles;19 dormitorios | 8 baños | 310 m² útiles;Serrano 600 - 900, Santiago, Chile, San Diego, Santiago;
2025-11-29 18:19:21;Santiago;casa;Town House En Venta De 3 Dorm. En Santiago Centro;5600;CLF;3 dormitorios;3 baños;93 m² útiles;3 dormitorios | 3 baños | 93 m² útiles;MAIPU 400, Barrio Yungay, Santiago;
2025-11-29 18:19:21;Santiago;casa;Casa En Barrio Tradicional, Plaza, Remodelada 85/82 M2;3039;CLF;4 dormitorios;2 baños;82 m² útiles;4 dormitorios | 2 baños | 82 m² útiles;El Rosedal 1948, Santiago, Club Hípico, Santiago;
2025-11-29 18:19:21;Santiago;casa;Venta Casa, Comuna De Santiago;4500;CLF;3 dormitorios;2 baños;140 m² totales;3 dormitorios | 2 baños | 140 m² totales;San Isidro 2300 - 2400, Santiago, Chile, Franklin - Biobío, Santiago, RM (Metropolitana), Franklin - Biobío, Santiago;
2025-11-29 18:19:21;Santiago;casa;Sin Comision - Casa Patrimonial Excelente Estado;8100;CLF;5 dormitorios;3 baños;266 m² útiles;5 dormitorios | 3 baños | 266 m² útiles;Maipú 353, Santiago, Barrio Yungay, Santiago;
2025-11-29 18:19:21;Santiago;casa;¡increíble Oportunidad Venta Casa Santiago Centro! ;140000000;CLP;3 dormitorios;2 baños;120 m² útiles;3 dormitorios | 2 baños | 120 m² útiles;Chacabuco, Parque Los Reyes, Santiago;
2025-11-29 18:19:21;Santiago;casa;Gran Casona Libertad  (68138);340000000;CLP;19 dormitorios;4 baños;386 m² útiles;19 dormitorios | 4 baños | 386 m² útiles;Libertad 300 - 600, Barrio Yungay, Santiago;
2025-11-29 18:19:21;Santiago;casa;Céntrica Casa En Venta De 5 Dorm. En Puerto Montt;110000000;CLP;5 dormitorios;2 baños;160 m² útiles;5 dormitorios | 2 baños | 160 m² útiles;Cercana A Institutito Profesional Inacap, Segunda Comisaría Y Centro Cívico., Barrio Brasil, Santiago;
2025-11-29 18:19:21;Santiago;casa;Padre Orellana / Ñuble Casa 5 Dormitorios 3 Baños, Patio;6190;CLF;5 dormitorios;2 baños;144 m² útiles;5 dormitorios | 2 baños | 144 m² útiles;Padre Orellana 1500 - 1800, Santiago, Chile, Bogotá - Sierra Bella, Santiago;
2025-11-29 18:19:21;Santiago;casa;Casa Esquina Barrio Huemul, 270 M2 Const, 12 Dorm 5 Baños;420000000;CLP;12 dormitorios;5 baños;350 m² útiles;12 dormitorios | 5 baños | 350 m² útiles;Bío Bío 1381, Franklin - Biobío, Santiago;
2025-11-29 18:19:21;Santiago;casa;Casa En Venta De 12 Dorm. En Santiago;69000;CLF;12 dormitorios;11 baños;844 m² útiles;12 dormitorios | 11 baños | 844 m² útiles;Bellas Artes, Centro Histórico De Santiago, Santiago;
2025-11-29 18:19:21;Santiago;casa;Se Vende Casa // Santiago (74588);5650;CLF;3 dormitorios;2 baños;168 m² útiles;3 dormitorios | 2 baños | 168 m² útiles;Madrid 900 - 1200, Santiago, Chile, Barrio Diez De Julio, Santiago;
2025-11-29 18:19:21;Santiago;casa;Hermoso Town House En Barrio Yungay (128034);4950;CLF;3 dormitorios;3 baños;86 m² útiles;3 dormitorios | 3 baños | 86 m² útiles;Av Portales 3000 - 3300, Barrio Yungay, Santiago, Chile, Barrio Yungay, Santiago;
2025-11-29 18:19:21;Santiago;casa;Ciudad Ddl Sol, Barrio Portugal, Modelo Praga (128956);155000000;CLP;4 dormitorios;3 baños;110 m² útiles;4 dormitorios | 3 baños | 110 m² útiles;Barrio Portugal, Santiago, Chile, Barrio República, Santiago;
2025-11-29 18:19:21;Santiago;casa;Casa Ideal Para Empresas, Taller Ofician Y Bodegaje;5900;CLF;3 dormitorios;3 baños;110 m² útiles;3 dormitorios | 3 baños | 110 m² útiles;Ventura Lavalle 300 - 600, Santiago, Bogotá - Sierra Bella, Santiago;
2025-11-29 18:19:21;Santiago;casa;Derechos De Llaves Venta Hotel Y Propiedad Stgo Funcionando;24250;CLF;30 dormitorios;20 baños;960 m² útiles;30 dormitorios | 20 baños | 960 m² útiles;Av Brasil Con Erasmo Escala, Barrio Brasil, Santiago;
2025-11-29 18:19:21;Santiago;casa;Remodelada - Vivienda U Oficinas - Matta Sur (130806);164000000;CLP;5 dormitorios;2 baños;165 m² útiles;5 dormitorios | 2 baños | 165 m² útiles;Padre Orellana 1200 - 1500, Bogotá - Sierra Bella, Santiago;
2025-11-29 18:19:21;Santiago;casa;Propiedad Con 12 Dormitorios Y 5 Baños En Santiago;7890;CLF;12 dormitorios;5 baños;205 m² útiles;12 dormitorios | 5 baños | 205 m² útiles;BASCUÑAN CON SUBERCASEAUX, Club Hípico, Santiago;
2025-11-29 18:19:21;Santiago;casa;Venta Casa Esquina, Aceptan Oferta Al Contado (118433);125000000;CLP;4 dormitorios;1 baño;185 m² útiles;4 dormitorios | 1 baño | 185 m² útiles;San Vicente 1200 - 1500, Club Hípico, Santiago;
2025-11-29 18:19:21;Santiago;casa;Barrio Yungay, Huérfanos, Gran Oportunidad De Inversión;225000000;CLP;7 dormitorios;2 baños;321 m² útiles;7 dormitorios | 2 baños | 321 m² útiles;Santiago Centro, Centro Histórico De Santiago, Santiago;
2025-11-29 18:19:21;Santiago;casa;Venta Santiago (107563);3400;CLF;4 dormitorios;2 baños;11.168 m² útiles;4 dormitorios | 2 baños | 11.168 m² útiles;Manuel Antonio Tocornal 1 - 300, Bogotá - Sierra Bella, Santiago;
2025-11-29 18:19:21;Santiago;casa;Excelente Propiedad Calle Exposición - Comercial;350000000;CLP;3 dormitorios;1 baño;120 m² útiles;3 dormitorios | 1 baño | 120 m² útiles;Exposición 454, Meiggs, Santiago;
2025-11-29 18:19:21;Santiago;casa;A Pasos De Vicuña Makenna  (97493);169000000;CLP;3 dormitorios;2 baños;140 m² útiles;3 dormitorios | 2 baños | 140 m² útiles;Portugal 1800 - 2100, Santiago, Chile, Bogotá - Sierra Bella, Santiago;
2025-11-29 18:19:21;Santiago;casa;Casa En Venta En Tradicional Barrio De Santiago;230000000;CLP;4 dormitorios;1 baño;182 m² útiles;4 dormitorios | 1 baño | 182 m² útiles;Calle San Ignacio De Loyola 1241, Santiago, Chile, Parque O'Higgins, Santiago;
2025-11-29 18:19:21;Santiago;casa;Casa En Barrio Comercial En Calle Copiapó, Stgo.;3798;CLF;3 dormitorios;2 baños;120 m² útiles;3 dormitorios | 2 baños | 120 m² útiles;Copiapó 484, Barrio Diez De Julio, Santiago;
2025-11-29 18:19:21;Santiago;casa;Victoria 381 Con Lira;180000000;CLP;4 dormitorios;1 baño;186 m² útiles;4 dormitorios | 1 baño | 186 m² útiles;Victoria 381, Santiago, Bogotá - Sierra Bella, Santiago;
2025-11-29 18:19:21;Santiago;casa;San Vicente/ Fray Luis De La Peña;4430;CLF;4 dormitorios;1 baño;140 m² útiles;4 dormitorios | 1 baño | 140 m² útiles;San Vicente 1123, Santiago, Club Hípico, Santiago;
2025-11-29 18:19:21;Santiago;casa;Venta Tradicional Casa Con Giro Comercial En San Ignacio;230000000;CLP;5 dormitorios;2 baños;140 m² útiles;5 dormitorios | 2 baños | 140 m² útiles;San Ignacio De Loyola 1323, Santiago, Parque O'Higgins, Santiago;
2025-11-29 18:19:21;Santiago;casa;D9426876- Venta Casa En Santiago Centro Sur - 4d1b1e1bo;3900;CLF;4 dormitorios;1 baño;138 m² útiles;4 dormitorios | 1 baño | 138 m² útiles;Santiago, Bogotá - Sierra Bella;
2025-11-29 18:19:21;Santiago;casa;Casa En Venta En Bogotá;115000000;CLP;7 dormitorios;2 baños;210 m² útiles;7 dormitorios | 2 baños | 210 m² útiles;Carmen & Avenida Manuel Antonio Matta, Bogotá - Sierra Bella, Santiago;
2025-11-29 18:19:21;Santiago;casa;Venta Casa En Santiago Centro;13000;CLF;14 dormitorios;11 baños;226 m² útiles;14 dormitorios | 11 baños | 226 m² útiles;Metro Santa Ana, Barrio Brasil, Santiago;
2025-11-29 18:19:21;Santiago;casa;Casa Antigua En Barrio Franklin ;7194;CLF;6 dormitorios;2 baños;165 m² útiles;6 dormitorios | 2 baños | 165 m² útiles;Santiago Concha 2247, Santiago, Chile, Franklin - Biobío, Santiago;
2025-11-29 18:19:21;Santiago;casa;Venta Casa Santiago Centro A Pasos De Alameda;100000000;CLP;3 dormitorios;1 baño;129 m² útiles;3 dormitorios | 1 baño | 129 m² útiles;Maipú, Santiago, Barrio Yungay, Santiago;
2025-11-29 18:19:21;Santiago;casa;Oportunidad Triplex 3 Dormitorios 2 Baños + Estacionamiento;130000000;CLP;3 dormitorios;2 baños;85 m² útiles;3 dormitorios | 2 baños | 85 m² útiles;Abate Molina, Santiago, Meiggs, Santiago;
2025-11-29 18:19:21;Santiago;casa;Se Vende Hermosa Casa En  Santiago Centro;4254;CLF;3 dormitorios;2 baños;90 m² útiles;3 dormitorios | 2 baños | 90 m² útiles;Santiago, Región Metropolitana, Parque O'Higgins, Santiago;
2025-11-29 18:19:21;Santiago;casa;Casona De 6 Habitaciones, Gran Patio, Metro Toesca.;6900;CLF;6 dormitorios;2 baños;209 m² útiles;6 dormitorios | 2 baños | 209 m² útiles;Almte. Hurtado 2050, Santiago, Ejército - Toesca, Santiago;
2025-11-29 18:19:21;Santiago;casa;Portugal // Maule;145000000;CLP;4 dormitorios;2 baños;125 m² útiles;4 dormitorios | 2 baños | 125 m² útiles;Maule 285, Santiago, Chile, Bogotá - Sierra Bella, Santiago;
2025-11-29 18:19:21;Santiago;casa;Metro Rondizzoni;3000;CLF;3 dormitorios;2 baños;96 m² útiles;3 dormitorios | 2 baños | 96 m² útiles;METRO RONDIZZONI, Franklin - Biobío, Santiago;
2025-11-29 18:19:21;Santiago;casa;Oportunidad  Casa En Venta En Santiago Centro;4250;CLF;3 dormitorios;2 baños;98 m² útiles;3 dormitorios | 2 baños | 98 m² útiles;Cuevas 1500 - 1800, Santiago, Bogotá - Sierra Bella, Santiago;
2025-11-29 18:19:21;Santiago;casa;Casa En Esquina En Santiago Centro - Excelente Ubicación ;140000000;CLP;4 dormitorios;2 baños;10 m² útiles;4 dormitorios | 2 baños | 10 m² útiles;Chacabuco, Parque Los Reyes, Santiago;
2025-11-29 18:19:21;Santiago;casa; Casa Con Galpón, Destino Comercial, Excelente Ubicación;7980;CLF;3 dormitorios;7 baños;600 m² útiles;3 dormitorios | 7 baños | 600 m² útiles;Avenida Viel 1270, Santiago, Chile, Parque O'Higgins, Santiago;
2025-11-29 18:19:21;Santiago;casa;Vende Casa De 2 Pisos Más Subterraneo Arrendada En 560 Mil;135000000;CLP;5 dormitorios;2 baños;107 m² útiles;5 dormitorios | 2 baños | 107 m² útiles;UBICADA ENTRE ROSAS Y SAN PABLO, Barrio Brasil, Santiago;
2025-11-29 18:19:21;Santiago;casa;Maule / Avda. Portugal;145000000;CLP;4 dormitorios;2 baños;125 m² útiles;4 dormitorios | 2 baños | 125 m² útiles;Maule 285, Santiago, Chile, Bogotá - Sierra Bella, Santiago;
2025-11-29 18:19:21;Santiago;casa; Se Vende Casa Grande/santiago (72582);230000000;CLP;6 dormitorios;4 baños;214 m² útiles;6 dormitorios | 4 baños | 214 m² útiles;San Agustín, Santiago, Chile, Club Hípico, Santiago;
2025-11-29 18:19:46;Santiago;casa;Santiago Libertad Casa 1 Piso Uso Habitacional;3672;CLF;4 dormitorios;1 baño;120 m² útiles;4 dormitorios | 1 baño | 120 m² útiles;Libertad 79, Santiago, Barrio Yungay, Santiago;
2025-11-29 18:19:46;Santiago;casa;Espectacular Casona Patrimonial. Sector Mixto Comercial.;8500;CLF;10 dormitorios;5 baños;314 m² útiles;10 dormitorios | 5 baños | 314 m² útiles;Erasmo Escala 2008, Santiago, Chile, Barrio Brasil, Santiago;
2025-11-29 18:19:46;Santiago;casa; Casa Giro Comercial 334m2,4d,2b,2e,bod (70820);5760;CLF;4 dormitorios;2 baños;261 m² útiles;4 dormitorios | 2 baños | 261 m² útiles;Roberto Espinoza, Santiago, Chile, Parque O'Higgins, Santiago;
2025-11-29 18:19:46;Santiago;casa;Club Hipico Casa 2 Pisos. 2 Dormitorios Y Patio Interior;105000000;CLP;2 dormitorios;1 baño;102 m² útiles;2 dormitorios | 1 baño | 102 m² útiles;Club Hípico 1422, Santiago, Parque O'Higgins, Santiago;
2025-11-29 18:19:46;Santiago;casa;Excelente Casa Santiago Centro Sur;120000000;CLP;3 dormitorios;1 baño;120 m² útiles;3 dormitorios | 1 baño | 120 m² útiles;EXCELENTE CASA SANTIAGO CENTRO SUR, Bogotá - Sierra Bella, Santiago;
2025-11-29 18:19:46;Santiago;casa;Venta Casa En Condominio 2d/2b, Barrio Yungay, Av Portales;4200;CLF;2 dormitorios;2 baños;70 m² útiles;2 dormitorios | 2 baños | 70 m² útiles;Avenida Portales Con Calle Maipú, Barrio Yungay, Barrio Yungay, Santiago;
2025-11-29 18:19:46;Santiago;casa;Se Vende Atractiva Esquina Meiggs - San Vicente Con Gorbea ;14050;CLF;3 dormitorios;3 baños;178 m² útiles;3 dormitorios | 3 baños | 178 m² útiles;San Vicente 300 - 600, Santiago, Meiggs, Santiago;
2025-11-29 18:19:46;Santiago;casa;Casa Patrimonial De Tres Pisos Con Gran Jardín, 1932;9150;CLF;6 dormitorios;2 baños;223 m² útiles;6 dormitorios | 2 baños | 223 m² útiles;Esperanza 570, Santiago, Barrio Yungay, Santiago;
2025-11-29 18:19:46;Santiago;casa;Venta De Casa En Santiago - Calle Santo Domingo;130000000;CLP;4 dormitorios;2 baños;65 m² útiles;4 dormitorios | 2 baños | 65 m² útiles;Santo Domingo 1800 - 2100, Santiago, Chile, Barrio Brasil, Santiago;
2025-11-29 18:19:46;Santiago;casa;Oportunidad Pedro León Ugalde  Cercano Av Matta;150000000;CLP;7 dormitorios;2 baños;196 m² útiles;7 dormitorios | 2 baños | 196 m² útiles;Pedro León Ugalde, 1260, Bogotá - Sierra Bella, Santiago;
2025-11-29 18:19:46;Santiago;casa;Oportunidad De Inversion  Estilo Y Conectividad;120000000;CLP;3 dormitorios;2 baños;121 m² útiles;3 dormitorios | 2 baños | 121 m² útiles;Juan Nepomuceno, 2100 - 2400, Club Hípico, Santiago;
2025-11-29 18:19:46;Santiago;casa; Casa En Condominio, 3d, 1b. Pedro Lagos, Santiago. Sin Est;1773;CLF;3 dormitorios;1 baño;60 m² útiles;3 dormitorios | 1 baño | 60 m² útiles;CASA EN CONDOMINIO, 3D, 1B. PEDRO LAGOS, SANTIAGO. SIN EST, Parque O'Higgins, Santiago;
2025-11-29 18:19:46;Santiago;casa;Estilosa Casa En Calle Cerrada, 1930;350000000;CLP;3 dormitorios;2 baños;198 m² útiles;3 dormitorios | 2 baños | 198 m² útiles;Onofre Jarpa 2383, Santiago, Barrio República, Santiago;
2025-11-29 18:19:46;Santiago;casa;Vendo Casona Dos Pisos Barrio Univers. Republica ;250000000;CLP;11 dormitorios;4 baños;161 m² útiles;11 dormitorios | 4 baños | 161 m² útiles;Toesca 2321, Santiago, Barrio República, Santiago;
2025-11-29 18:19:46;Santiago;casa;Casa Con Local Comercial;2800;CLF;4 dormitorios;2 baños;135 m² útiles;4 dormitorios | 2 baños | 135 m² útiles;Placer 300 - 600, Santiago, Franklin - Biobío, Santiago;
2025-11-29 18:19:46;Santiago;casa;Oportunidad Y Precio Increible Casa En Venta  (127411);109000000;CLP;4 dormitorios;1 baño;115 m² útiles;4 dormitorios | 1 baño | 115 m² útiles;Cuevas, Santiago, Chile, Bogotá - Sierra Bella, Santiago;
2025-11-29 18:19:46;Santiago;casa;Sector Manuel Antonio Matta ;3200;CLF;3 dormitorios;2 baños;144 m² útiles;3 dormitorios | 2 baños | 144 m² útiles;Sector Manuel Antonio Matta, Barrio Diez De Julio, Santiago;
2025-11-29 18:19:46;Santiago;casa;Propiedad 3 Niveles 75mt2, 4d 2b Lord Cochrane Santiago;2076;CLF;4 dormitorios;2 baños;75 m² útiles;4 dormitorios | 2 baños | 75 m² útiles;Lord Cochrane 1538, Santiago, Parque O'Higgins, Santiago;
2025-11-29 18:19:46;Santiago;casa;Opotunidad Única!!;2270;CLF;2 dormitorios;1 baño;90 m² útiles;2 dormitorios | 1 baño | 90 m² útiles;Blanco Cuartín 1754, Santiago, Club Hípico, Santiago;
2025-11-29 18:19:46;Santiago;casa;Venta Casa Terreno Sector Av. Matta, Santiago;100000000;CLP;3 dormitorios;1 baño;250 m² útiles;3 dormitorios | 1 baño | 250 m² útiles;Sierra Bella 1910, Santiago, Bogotá - Sierra Bella, Santiago;
2025-11-29 18:19:46;Santiago;casa;Casa Excelente Ubicación Cercana A Metro Toesca ;84900000;CLP;4 dormitorios;2 baños;82 m² útiles;4 dormitorios | 2 baños | 82 m² útiles;Toesca 2031, Santiago, Ejército - Toesca, Santiago;
2025-11-29 18:19:46;Santiago;casa;Céntrica Casa Antigua (cité) Barrio Cívico De Santiago;70000000;CLP;2 dormitorios;1 baño;64 m² útiles;2 dormitorios | 1 baño | 64 m² útiles;San Ignacio De Loyola 390, Parque Almagro, Santiago;
2025-11-29 18:19:46;Santiago;casa;Vende Casa 2 Pisos, Pleno Centro, En Catedral, Santiago;62000000;CLP;5 dormitorios;1 baño;90 m² útiles;5 dormitorios | 1 baño | 90 m² útiles;Catedral, Santiago, Barrio Brasil, Santiago;
2025-11-29 18:19:46;Santiago;casa;22328 - Esperanza / Barrio Yungay, Santiago;11000;CLF;7 dormitorios;2 baños;280 m² útiles;7 dormitorios | 2 baños | 280 m² útiles;Barrio Yungay, Santiago;
2025-11-29 18:19:46;Santiago;casa;Casa En Venta En Santiago;175000000;CLP;4 dormitorios;1 baño;108 m² útiles;4 dormitorios | 1 baño | 108 m² útiles;Victor Manuel Con Placer, Franklin - Biobío, Santiago;
2025-11-29 18:19:46;Santiago;casa;Casa En Venta En Santiago;319999000;CLP;4 dormitorios;2 baños;160 m² útiles;4 dormitorios | 2 baños | 160 m² útiles;Entre Mapocho Y Balmaceda, Parque Los Reyes, Santiago;
2025-11-29 18:19:46;Santiago;casa;Casa Metro U Catolica  - Cerro Santa Lucia/edificio Completo;39990;CLF;15 dormitorios;11 baños;800 m² útiles;15 dormitorios | 11 baños | 800 m² útiles;METRO U CATOLICA  - CERRO SANTA LUCIA/EDIFICIO COMPLETO CON ASCENSOR CARMEN  ---METRO, Barrio San Borja, Santiago;
2025-11-29 18:19:46;Santiago;casa;Casa En Venta De 30 Dorm. En Santiago;175000000;CLP;30 dormitorios;4 baños;307 m² útiles;30 dormitorios | 4 baños | 307 m² útiles;Portugal Con Santa Elvira, Bogotá - Sierra Bella, Santiago;
2025-11-29 18:19:46;Santiago;casa;Casa En Venta En Barrio Yungay;350000000;CLP;6 dormitorios;2 baños;280 m² útiles;6 dormitorios | 2 baños | 280 m² útiles;Esperanza 630, Yungay, Santiago, Chile, Barrio Yungay, Santiago;
2025-11-29 18:19:46;Santiago;casa;Casa En Venta En Santiago;3800;CLF;4 dormitorios;1 baño;160 m² útiles;4 dormitorios | 1 baño | 160 m² útiles;Carmen Con Maule, Bogotá - Sierra Bella, Santiago;
2025-11-29 18:19:46;Santiago;casa;Casa En Venta De 7 Dorm. En Santiago;12650;CLF;7 dormitorios;3 baños;346 m² útiles;7 dormitorios | 3 baños | 346 m² útiles;Santa Elena/ Av. Matta, Bogotá - Sierra Bella, Santiago;
2025-11-29 18:19:46;Santiago;casa;Casa En Venta En Pasaje Londres Matta;166000000;CLP;4 dormitorios;1 baño;173 m² útiles;4 dormitorios | 1 baño | 173 m² útiles;Londres 1061, Barrio Diez De Julio, Santiago;
2025-11-29 18:19:46;Santiago;casa;¡tu Hogar En Yungay Te Espera!;399000000;CLP;4 dormitorios;2 baños;126 m² útiles;4 dormitorios | 2 baños | 126 m² útiles;General Bulnes, 1 - 300, Barrio Yungay, Santiago;
2025-11-29 18:19:46;Santiago;casa;Venta Casa Antigua-oportunidad Para Inversionistas;8780;CLF;5 dormitorios;2 baños;338 m² útiles;5 dormitorios | 2 baños | 338 m² útiles;ALMIRANTE BARROSO, 975-985, Parque Los Reyes, Santiago;
2025-11-29 18:19:46;Santiago;casa;Casa Comercial/oficina En Venta;9950;CLF;9 dormitorios;7 baños;316 m² útiles;9 dormitorios | 7 baños | 316 m² útiles;Pasaje Republica, 0, Barrio República, Santiago;
2025-11-29 18:19:46;Santiago;casa;Casa En Venta De 3 Dorm. En Santiago;2100;CLF;3 dormitorios;1 baño;100 m² útiles;3 dormitorios | 1 baño | 100 m² útiles;ARAUCO CON SANTA ROSA, Franklin - Biobío, Santiago;
2025-11-29 18:19:46;Santiago;casa;Casa Con Encanto;9850;CLF;7 dormitorios;4 baños;305 m² útiles;7 dormitorios | 4 baños | 305 m² útiles;Domeyko, 1 - 300, Barrio República, Santiago;
2025-11-29 18:19:46;Santiago;casa;Casa Para Remodelar . En Santiago;93000000;CLP;2 dormitorios;1 baño;178 m² útiles;2 dormitorios | 1 baño | 178 m² útiles;General Gana Con Nataniel Cox, Franklin - Biobío, Santiago;
2025-11-29 18:19:46;Santiago;casa;Casa En Venta De 5 Dorm. En Santiago;180000000;CLP;5 dormitorios;2 baños;131 m² útiles;5 dormitorios | 2 baños | 131 m² útiles;Miguel Leon Prado, Bogotá - Sierra Bella, Santiago;
2025-11-29 18:19:46;Santiago;casa;Dpto En Santiago/condiciones Especiales De Financiamiento;2461;CLF;2 dormitorios;2 baños;46 m² útiles;2 dormitorios | 2 baños | 46 m² útiles;Carmen 418 Dpto 2001 BOD 19, Santa Isabel, Santiago;
2025-11-29 18:19:46;Santiago;casa;Casa En Venta En Concha Y Toro;18900;CLF;16 dormitorios;16 baños;1.117 m² útiles;16 dormitorios | 16 baños | 1.117 m² útiles;Concha Y Toro 38, Santiago, Chile, Barrio Brasil, Santiago;
2025-11-29 18:19:46;Santiago;casa;Casa En Venta En Barrio Yungay;17750;CLF;15 dormitorios;6 baños;503 m² útiles;15 dormitorios | 6 baños | 503 m² útiles;Huerfanos 2871, Santiago, Chile, Barrio Yungay, Santiago;
2025-11-29 18:19:46;Santiago;casa;Casa De Fachada Continua Y Casa Comercial;11340;CLF;4 dormitorios;3 baños;251 m² útiles;4 dormitorios | 3 baños | 251 m² útiles;La Fetra 117, Santiago, Chile, Barrio Brasil, Santiago;
2025-11-29 18:19:46;Santiago;casa;Amplia Casa 4 D, 1b, Ideal Para Destinar Al Rubro Comercial;200000000;CLP;4 dormitorios;1 baño;175 m² útiles;4 dormitorios | 1 baño | 175 m² útiles;Esperanza 1280, Santiago, Parque Los Reyes, Santiago;
2025-11-29 18:19:46;Santiago;casa;Uso Comercial Metro Av. Matta;5700;CLF;5 dormitorios;3 baños;263 m² útiles;5 dormitorios | 3 baños | 263 m² útiles;Chiloé 1200 - 1500, Santiago, Chile, Parque O'Higgins, Santiago;
2025-11-29 18:19:46;Santiago;casa;Oportunidad Casa En Venta De 87m2 3d/1b Santiago Sur;135000000;CLP;3 dormitorios;1 baño;87 m² útiles;3 dormitorios | 1 baño | 87 m² útiles;Pedro Lagos, Santiago Sur, Santiago, Bogotá - Sierra Bella, Santiago;
2025-11-29 18:19:46;Santiago;casa;Casa En Venta Con Rol Comercial 4d/3b San Ignacio, Santiago;8820;CLF;4 dormitorios;3 baños;404 m² útiles;4 dormitorios | 3 baños | 404 m² útiles;San Ignacio, Santiago Sur (entre Pedro Lagos/Emilia Barros), Parque O'Higgins, Santiago;
2025-11-29 18:19:46;Santiago;casa;Estupenda Casona De 6 Dorm. 295 Mts, Metro Rondizzoni ;240000000;CLP;6 dormitorios;2 baños;214 m² útiles;6 dormitorios | 2 baños | 214 m² útiles;Metro Rondizoni, Club Hípico, Santiago;
2025-11-29 18:20:07;Santiago;casa;Casa En Venta De 5 Dorm. En Santiago;16537;CLF;5 dormitorios;3 baños;382 m² útiles;5 dormitorios | 3 baños | 382 m² útiles;Huérfanos/ Ricardo Cumming, Barrio Yungay, Santiago;
2025-11-29 18:20:07;Santiago;casa;Casa De 2 Pisos En Santiago;230000000;CLP;5 dormitorios;2 baños;167 m² útiles;5 dormitorios | 2 baños | 167 m² útiles;Ñuble 859, Santiago, Parque O'Higgins, Santiago;
2025-11-29 18:20:07;Santiago;casa;Casona Para Remodelar En Barrio Yungay Con Patente Comercial;7000;CLF;5 dormitorios;4 baños;240 m² útiles;5 dormitorios | 4 baños | 240 m² útiles;García Reyes 243, Yungay, Santiago, Chile, Barrio Yungay, Santiago;
2025-11-29 18:20:07;Santiago;casa;Casa Comercial - Davila Larrain - General Gana ;5100;CLF;6 dormitorios;4 baños;165 m² útiles;6 dormitorios | 4 baños | 165 m² útiles;CARMEN - ÑUBLE, Bogotá - Sierra Bella, Santiago;
2025-11-29 18:20:07;Santiago;casa;Casa Para Remodelar En Artemio Gutiérrez/ñuble;100000000;CLP;4 dormitorios;1 baño;154 m² útiles;4 dormitorios | 1 baño | 154 m² útiles;Artemio Gutiérrez 1873, Santiago, Bogotá - Sierra Bella, Santiago;
2025-11-29 18:20:07;Santiago;casa;Casa Arzobispo González/catedral;10500;CLF;5 dormitorios;3 baños;267 m² útiles;5 dormitorios | 3 baños | 267 m² útiles;Arzobispo González/Catedral, Barrio Yungay, Santiago;
2025-11-29 18:20:07;Santiago;casa;Casa General Bulnes/santo Domingo;400000000;CLP;4 dormitorios;3 baños;214 m² útiles;4 dormitorios | 3 baños | 214 m² útiles;General Bulnes/Santo Domingo, Barrio Yungay, Santiago;
2025-11-29 18:20:07;Santiago;casa;Casa Lira/sierra Bella;7000;CLF;4 dormitorios;2 baños;180 m² útiles;4 dormitorios | 2 baños | 180 m² útiles;Lira/Sierra Bella, Bogotá - Sierra Bella, Santiago;
2025-11-29 18:20:07;Santiago;casa;Casa Matucana/moneda;10960;CLF;5 dormitorios;3 baños;420 m² útiles;5 dormitorios | 3 baños | 420 m² útiles;Matucana/Moneda, Barrio Yungay, Santiago;
2025-11-29 18:20:07;Santiago;casa;Casa Sierra Bella/pedro Lagos;16900;CLF;17 dormitorios;15 baños;293 m² útiles;17 dormitorios | 15 baños | 293 m² útiles;Sierra Bella/Pedro Lagos, Bogotá - Sierra Bella, Santiago;
2025-11-29 18:20:07;Santiago;casa;Casa Atacama/maipu;226000000;CLP;4 dormitorios;4 baños;250 m² totales;4 dormitorios | 4 baños | 250 m² totales;Atacama/Maipu, Parque Los Reyes, Santiago;
2025-11-29 18:20:07;Santiago;casa;Se Vende Casa Con Local Comercial En Barrio Yungay;135000000;CLP;5 dormitorios;1 baño;77 m² útiles;5 dormitorios | 1 baño | 77 m² útiles;Yungay 2369, Santiago, Parque Los Reyes, Santiago;
2025-11-29 18:20:07;Santiago;casa;Casa Alameda Bernardo O´higgins/salvador Sanfuentes;11650;CLF;3 dormitorios;3 baños;195 m² útiles;3 dormitorios | 3 baños | 195 m² útiles;Alameda Bernardo O´Higgins/Salvador Sanfuentes, Barrio República, Santiago;
2025-11-29 18:20:07;Santiago;casa;Casa En Venta En Lira;219000000;CLP;4 dormitorios;3 baños;178 m² útiles;4 dormitorios | 3 baños | 178 m² útiles;LIRA / AV MATTA, Santiago;
2025-11-29 18:20:07;Santiago;casa;Excelente Casa Ubicada En Barrio Patrimonial;380000000;CLP;8 dormitorios;4 baños;317 m² útiles;8 dormitorios | 4 baños | 317 m² útiles;Moneda 2356, Santiago, Barrio Yungay, Santiago;
2025-11-29 18:20:07;Santiago;casa;Propiedad Espectacular Para Inversión!;10000;CLF;15 dormitorios;8 baños;326 m² útiles;15 dormitorios | 8 baños | 326 m² útiles;La Fetra 164, Barrio Brasil, Santiago;
2025-11-29 18:20:07;Santiago;casa;Arauco / Santiago Concha;140000000;CLP;8 dormitorios;2 baños;250 m² útiles;8 dormitorios | 2 baños | 250 m² útiles;ARAUCO / SANTIAGO CONCHA, Franklin - Biobío, Santiago;
2025-11-29 18:20:07;Santiago;casa;Inversión!!! Amplia Y Segura A Casa En Franklin;250000000;CLP;7 dormitorios;2 baños;208 m² útiles;7 dormitorios | 2 baños | 208 m² útiles;Gral. Gana 1500 - 1800, Franklin - Biobío, Santiago;
2025-11-29 18:20:07;Santiago;casa;Martinez De Rozas Con Garcia Reyes;130000000;CLP;3 dormitorios;1 baño;90 m² útiles;3 dormitorios | 1 baño | 90 m² útiles;Juan Martínez De Rozas 2475, Santiago, Parque Los Reyes, Santiago;
2025-11-29 18:20:07;Santiago;casa;En Venta Casa. Un Piso, 4d, 2b, Comuna De Santiago;125000000;CLP;4 dormitorios;2 baños;170 m² útiles;4 dormitorios | 2 baños | 170 m² útiles;Rogelio Ugarte 1550, Santiago, Bogotá - Sierra Bella, Santiago;
2025-11-29 18:20:07;Santiago;casa;Casa De Arquitecto L. Kulczewki ;45000;CLF;35 dormitorios;14 baños;1.500 m² útiles;35 dormitorios | 14 baños | 1.500 m² útiles;Av. Libertador Bernardo O'Higgins 147, 8320136 Santiago, Región Metropolitana, Chile, Barrio Lastarria, Santiago;
2025-11-29 18:20:07;Santiago;casa;Casa Fachada Continua, Barrio Consolidado.;1178;CLF;2 dormitorios;1 baño;62 m² útiles;2 dormitorios | 1 baño | 62 m² útiles;Pl. Gral. Alejandro Gacitúa, Santiago, Bogotá - Sierra Bella, Santiago;
2025-11-29 18:20:07;Santiago;casa;Venta Casa 4d/1b - Santiago;3800;CLF;4 dormitorios;1 baño;112 m² útiles;4 dormitorios | 1 baño | 112 m² útiles;Guillermo Marconi 1992, Bogotá - Sierra Bella, Santiago;
2025-11-29 18:20:07;Santiago;casa;Sierra Bella/pedro Lagos/maule;127000000;CLP;2 dormitorios;1 baño;90 m² útiles;2 dormitorios | 1 baño | 90 m² útiles;Artemio Gutiérrez 1500 - 1800, Santiago, Bogotá - Sierra Bella, Santiago;
2025-11-29 18:20:07;Santiago;casa;Venta De Casa Excelente Ubicación;2762;CLF;2 dormitorios;2 baños;100 m² útiles;2 dormitorios | 2 baños | 100 m² útiles;Calle Libertad  SN, Parque Los Reyes, Santiago;
2025-11-29 18:20:07;Santiago;casa;Amplia Casa Tradicional Barrio Concha Y Toro;14050;CLF;10 dormitorios;8 baños;289 m² útiles;10 dormitorios | 8 baños | 289 m² útiles;Concha Y Toro, Santiago, Barrio Brasil, Santiago;
2025-11-29 18:20:07;Santiago;casa;¡¡gran Oportunidad Inversión!! Propiedad Solida Centro Stgo.;6499;CLF;5 dormitorios;3 baños;170 m² útiles;5 dormitorios | 3 baños | 170 m² útiles;Pedro León Ugalde 1572, Santiago, Bogotá - Sierra Bella, Santiago;
2025-11-29 18:20:07;Santiago;casa;Casa 2 Pisos Comercial Excelente Renovada Ideal 2 Locales;680000000;CLP;3 dormitorios;3 baños;190 m² útiles;3 dormitorios | 3 baños | 190 m² útiles;Copiapo Con Carmen  SN, Barrio Diez De Julio, Santiago;
2025-11-29 18:20:07;Santiago;casa;Casa Para Remodelar Condor Calles Condor Con San Francisco;4672;CLF;3 dormitorios;2 baños;160 m² útiles;3 dormitorios | 2 baños | 160 m² útiles;Cóndor 829, Santiago, San Diego, Santiago;
2025-11-29 18:20:07;Santiago;casa;Amplia Casa Con Futuro Comercial Plusvalia;230000000;CLP;3 dormitorios;2 baños;330 m² útiles;3 dormitorios | 2 baños | 330 m² útiles;Av. Sta. Rosa 1627, Santiago, Parque O'Higgins, Santiago;
2025-11-29 18:20:07;Santiago;casa;Casa Habitacional /comercial .sector R. Ugarte. Metro Ñuble ;5020;CLF;3 dormitorios;2 baños;110 m² útiles;3 dormitorios | 2 baños | 110 m² útiles;Rogelio Ugarte 1798, Bogotá - Sierra Bella, Santiago;
2025-11-29 18:20:07;Santiago;casa;Casa En Venta En Arturo Prat Santiago Centro;9500;CLF;14 dormitorios;6 baños;280 m² útiles;14 dormitorios | 6 baños | 280 m² útiles;Arturo Prat 788, Santiago, Chile, San Diego, Santiago;
2025-11-29 18:20:07;Santiago;casa;Casa Solida, 6 Dormitorios Amplios, Cercana Metro Av. Matta;4927;CLF;6 dormitorios;1 baño;214 m² útiles;6 dormitorios | 1 baño | 214 m² útiles;Santiago Concha 1100, Santiago, Bogotá - Sierra Bella, Santiago;
2025-11-29 18:20:07;Santiago;casa;Casa En Venta En Toesca Con Patio;130000000;CLP;4 dormitorios;1 baño;97 m² útiles;4 dormitorios | 1 baño | 97 m² útiles;Toesca 2031, Santiago, Chile, Ejército - Toesca, Santiago;
2025-11-29 18:20:07;Santiago;casa;Venta Townhouse Cerca Metro!;5400;CLF;3 dormitorios;3 baños;94 m² útiles;3 dormitorios | 3 baños | 94 m² útiles;Av Portales 3025, Santiago, Barrio Yungay, Santiago;
2025-11-29 18:20:07;Santiago;casa;Venta De Casa/ Futura Línea 7 Estación Matucana.;3990;CLF;4 dormitorios;1 baño;140 m² útiles;4 dormitorios | 1 baño | 140 m² útiles;Rafael Sotomayor 1267, Santiago, Parque Los Reyes, Santiago;
2025-11-29 18:20:07;Santiago;casa;Casa Mediterránea De 101  Mts 4d 3b  Alberto Sartori Uno Nor;5371;CLF;4 dormitorios;3 baños;101 m² útiles;4 dormitorios | 3 baños | 101 m² útiles;Santiago, Ejército - Toesca;
2025-11-29 18:20:07;Santiago;casa;Casa Barrio Yungay ;183000000;CLP;4 dormitorios;2 baños;131 m² útiles;4 dormitorios | 2 baños | 131 m² útiles;Rafael Sotomayor, Santiago, Barrio Yungay, Santiago;
2025-11-29 18:20:07;Santiago;casa;Casa A La Venta Estilo Colonial,  Piscina, Quincho, Sauna.;8990;CLF;4 dormitorios;3 baños;133 m² útiles;4 dormitorios | 3 baños | 133 m² útiles;21 De Mayo, Santiago, Centro Histórico De Santiago, Santiago;
2025-11-29 18:20:07;Santiago;casa;Venta De Hermosa Casa , Santiago;400000000;CLP;8 dormitorios;6 baños;1.084 m² útiles;8 dormitorios | 6 baños | 1.084 m² útiles;Víctor Manuel 900 - 1200, Santiago, Bogotá - Sierra Bella, Santiago;
2025-11-29 18:20:07;Santiago;casa;Rebajada - Oportunidad..!!! Hermosa Casa Cercana Al Metro;185000000;CLP;3 dormitorios;2 baños;144 m² útiles;3 dormitorios | 2 baños | 144 m² útiles;Santiago Concha, Santiago, Chile, Bogotá - Sierra Bella, Santiago;
2025-11-29 18:20:07;Santiago;casa;Vendo Departamento 2d+2b Santiago Centro;99000000;CLP;2 dormitorios;2 baños;50 m² útiles;2 dormitorios | 2 baños | 50 m² útiles;Argomedo 1 - 300, Santiago, Santa Isabel, Santiago;
2025-11-29 18:20:07;Santiago;casa;Esperanza / Santo Domingo/ 5 Dormitorios, 2 Estacionamientos;6850;CLF;5 dormitorios;2 baños;247 m² útiles;5 dormitorios | 2 baños | 247 m² útiles;Esperanza 591, Santiago, Chile, Barrio Yungay, Santiago;
2025-11-29 18:20:07;Santiago;casa;Se Vende Amplia Casa;6333;CLF;3 dormitorios;1 baño;178 m² útiles;3 dormitorios | 1 baño | 178 m² útiles;Porvenir, Santiago, Barrio Diez De Julio, Santiago;
2025-11-29 18:20:07;Santiago;casa;Vendo Gran Propiedad 450 Mts Excelente Ubicacion;9450;CLF;14 dormitorios;2 baños;415 m² útiles;14 dormitorios | 2 baños | 415 m² útiles;Huerfanos 2400, Santiago, Chile, Barrio Yungay, Santiago;
2025-11-29 18:20:07;Santiago;casa;Casa  , Calle Carmen Precio Rebajado;4540;CLF;4 dormitorios;2 baños;217 m² útiles;4 dormitorios | 2 baños | 217 m² útiles;CARMEN, Bogotá - Sierra Bella, Santiago;
2025-11-29 18:20:07;Santiago;casa;Casa  , Calle Carmen Precio Rebajado;4540;CLF;4 dormitorios;2 baños;217 m² útiles;4 dormitorios | 2 baños | 217 m² útiles;CARMEN, Santiago;
2025-11-29 18:20:07;Santiago;casa;Venta Casa , Santiago Sur;5620;CLF;6 dormitorios;3 baños;261 m² útiles;6 dormitorios | 3 baños | 261 m² útiles;ROBERTO ESPINOZA, Parque O'Higgins, Santiago;
2025-11-29 18:20:18;Santiago;casa;Venta Casa Calle Lord Cochrane;4600;CLF;6 dormitorios;2 baños;296 m² útiles;6 dormitorios | 2 baños | 296 m² útiles;LORD COCHRANE, Santiago;
2025-11-29 18:20:18;Santiago;casa;Casa Centro Santiago, Metro Ñuble, 215 M2, 6 Dormitorios;195000000;CLP;6 dormitorios;2 baños;160 m² útiles;6 dormitorios | 2 baños | 160 m² útiles;Artemio Gutiérrez 1564, Santiago, Bogotá - Sierra Bella, Santiago;
2025-11-29 18:20:18;Santiago;casa;Propiedad De Alta Renta Por Arriendo (7,5% Anual);20000;CLF;5 dormitorios;5 baños;600 m² útiles;5 dormitorios | 5 baños | 600 m² útiles;Av. Vicuña Mackenna 1895, Ñuñoa, Santiago, Bogotá - Sierra Bella, Santiago;
2025-11-29 18:20:18;Santiago;casa;Vendo Casa Sector Parque De Los Reyes/barrio Yungay;125000000;CLP;5 dormitorios;1 baño;70 m² útiles;5 dormitorios | 1 baño | 70 m² útiles;Yungay 2369, Santiago, Parque Los Reyes, Santiago;
2025-11-29 18:20:18;Santiago;casa;Oportunidad De Inversión  Casa En Lord Cohrane 1722.;13500;CLF;4 dormitorios;2 baños;246 m² útiles;4 dormitorios | 2 baños | 246 m² útiles;Lord Cochrane 1722, Parque O'Higgins, Santiago;
2025-11-29 18:20:18;Santiago;casa;Amplia Casa Cercano A Club Hipico;7000;CLF;3 dormitorios;1 baño;100 m² útiles;3 dormitorios | 1 baño | 100 m² útiles;Los Canelos 1555, Santiago, Club Hípico, Santiago;
2025-11-29 18:20:18;Santiago;casa;Casas En Venta Sector Privilegiado De Santiago Centro;8500;CLF;5 dormitorios;3 baños;370 m² útiles;5 dormitorios | 3 baños | 370 m² útiles;Arauco 528, Santiago, Franklin - Biobío, Santiago;
2025-11-29 18:20:18;Santiago;casa;Se Vende Casa Cerca Metro Ñuble En Avenida Portugal ;163000000;CLP;4 dormitorios;2 baños;130 m² útiles;4 dormitorios | 2 baños | 130 m² útiles;Avenida Portugal  1909, Bogotá - Sierra Bella, Santiago;
2025-11-29 18:20:18;Santiago;casa;Casa En Barrio Universitario A Pasos Del Metro;7400;CLF;4 dormitorios;1 baño;149 m² útiles;4 dormitorios | 1 baño | 149 m² útiles;Abdón Cifuentes, Santiago, Chile, Barrio República, Santiago;
2025-11-29 18:20:18;Santiago;casa;Casona Comercial En Compañía;12000;CLF;14 dormitorios;3 baños;700 m² útiles;14 dormitorios | 3 baños | 700 m² útiles;Compañía De Jesús 2691, Santiago, Barrio Yungay, Santiago;
2025-11-29 18:20:18;Santiago;casa;Oportunidad Única En Santiago Centro;400000000;CLP;4 dormitorios;1 baño;585 m² útiles;4 dormitorios | 1 baño | 585 m² útiles;Sta. Margarita 1751, Santiago, Estación Central, Club Hípico, Santiago;
2025-11-29 18:20:18;Santiago;casa;Gran Casa En Sector Del Barrio Madrid;8300;CLF;8 dormitorios;2 baños;341 m² útiles;8 dormitorios | 2 baños | 341 m² útiles;Lira 1000, 8330855 Santiago, Región Metropolitana, Chile, Barrio Diez De Julio, Santiago;
2025-11-29 18:20:18;Santiago;casa;Casa Avenida España 380 Mts2;650000000;CLP;10 dormitorios;1 baño;380 m² útiles;10 dormitorios | 1 baño | 380 m² útiles;Avenida España 491, Barrio República, Santiago;
2025-11-29 18:20:18;Santiago;casa;Casa Con Living Comedor 3 Dormitorios Y 1 Baño ;280000000;CLP;3 dormitorios;1 baño;100 m² útiles;3 dormitorios | 1 baño | 100 m² útiles;Los Canelos  1555, Club Hípico, Santiago;
2025-11-29 18:20:18;Santiago;casa;Propiedad Central Apta Vivienda, Comercio, Hospedaje,taller;8190;CLF;4 dormitorios;2 baños;280 m² útiles;4 dormitorios | 2 baños | 280 m² útiles;Lord Cochrane 843, 8330880 Santiago, Región Metropolitana, Chile, Parque Almagro, Santiago;
2025-11-29 18:20:18;Santiago;casa;Casa Grande Excelente Plusvalia;11300;CLF;6 dormitorios;3 baños;300 m² útiles;6 dormitorios | 3 baños | 300 m² útiles;Almirante Latorre  180, Ejército - Toesca, Santiago;
2025-11-29 18:20:18;Santiago;casa;Casa Remodelada Blanco Encalada Grande Metro Pque. O Higgins;125000000;CLP;4 dormitorios;1 baño;94 m² útiles;4 dormitorios | 1 baño | 94 m² útiles;Av. Almte. Blanco Encalada 1955, Santiago, Ejército - Toesca, Santiago;
2025-11-29 18:20:18;Santiago;casa;Casa En Venta, Local, 7 Habitaciones, 4 Baños;125000000;CLP;7 dormitorios;4 baños;186 m² útiles;7 dormitorios | 4 baños | 186 m² útiles;Av. Pdte. Balmaceda 2386, Santiago, Chile, Parque Los Reyes, Santiago;
2025-11-29 18:20:18;Santiago;casa;Casa Stgo;159500000;CLP;4 dormitorios;1 baño;140 m² totales;4 dormitorios | 1 baño | 140 m² totales;Victor Manuel SN, Franklin - Biobío, Santiago;
2025-11-29 18:20:18;Santiago;casa;Casa 5 Dormitorios Y 3 Baños ;200000000;CLP;5 dormitorios;3 baños;2.500.000 m² útiles;5 dormitorios | 3 baños | 2.500.000 m² útiles;Avenida Viel 1842, Franklin - Biobío, Santiago;
2025-11-29 18:20:18;Santiago;casa;Casa Remodelada En Barrio Patrimonial;7500;CLF;3 dormitorios;2 baños;110 m² útiles;3 dormitorios | 2 baños | 110 m² útiles;Rogelio Ugarte 1360, Santiago, Bogotá - Sierra Bella, Santiago;
2025-11-29 18:20:18;Santiago;casa;Venta Directa Por Dueño  Departamento 2 Dormitorios, 2 Baño;90000000;CLP;2 dormitorios;2 baños;47 m² útiles;2 dormitorios | 2 baños | 47 m² útiles;Lord Cochrane, Santiago, Parque O'Higgins, Santiago;
2025-11-29 18:20:18;Santiago;casa;Linda Casa. Se Vende Excelente Propiedad Excelente Ubicación;180000000;CLP;3 dormitorios;1 baño;52 m² útiles;3 dormitorios | 1 baño | 52 m² útiles;Santiago, Barrio República;
2025-11-29 18:20:18;Santiago;casa;Casa En Venta De 8 Dorm. En Santiago;8800;CLF;8 dormitorios;2 baños;376 m² útiles;8 dormitorios | 2 baños | 376 m² útiles;Santa Marta/ Compañia De Jesus, Santiago;
2025-11-29 18:20:18;Santiago;casa;Casa En Venta De 2 Dorm. En Santiago;12900;CLF;2 dormitorios;;312 m² útiles;2 dormitorios | 312 m² útiles;Compañia/ Libertad, Santiago;
2025-11-29 18:20:18;Santiago;casa;Casa En Venta De 5 Dorm. En Santiago;15400;CLF;5 dormitorios;;440 m² útiles;5 dormitorios | 440 m² útiles;Hurtado Rodriguez/ Huerfanos, Santiago;
2025-11-29 18:20:18;Santiago;casa;Casa En Venta De 8 Dorm. En Santiago;13150;CLF;8 dormitorios;;247 m² útiles;8 dormitorios | 247 m² útiles;Maipú / Huérfanos, Barrio Yungay, Santiago;
