fecha_extraccion;comuna;tipo_propiedad;titulo;precio;moneda;dormitorios;banos;metros_utiles;caracteristicas_raw;ubicacion;url
2025-11-29 17:49:50;Ñuñoa;departamento;Guillermo Mann 1401 - Euro;4280;CLF;2 dormitorios;1 a 2 baños;46 - 57 m² útiles;2 dormitorios | 1 a 2 baños | 46 - 57 m² útiles;Guillermo Mann 1401, Ñuñoa, Estadio Nacional, Ñuñoa;
2025-11-29 17:49:50;Ñuñoa;departamento;Vicuña Mackenna 1194 - Stitchkin;5801;CLF;2 dormitorios;2 baños;60 - 62 m² útiles;2 dormitorios | 2 baños | 60 - 62 m² útiles;Av. Vicuña Mackenna 1194, Providencia, Ñuñoa, Parque San Eugenio - Metro Ñuble, Ñuñoa;
2025-11-29 17:49:50;Ñuñoa;departamento;Vicuña Mackenna 1432 - Euro;3484;CLF;1 a 2 dormitorios;1 a 2 baños;29 - 54 m² útiles;1 a 2 dormitorios | 1 a 2 baños | 29 - 54 m² útiles;Av. Vicuña Mackenna 1432, Ñuñoa, Parque San Eugenio - Metro Ñuble, Ñuñoa;
2025-11-29 17:49:50;Ñuñoa;departamento;Edificio Lux;6334;CLF;2 a 3 dormitorios;2 baños;60 - 93 m² útiles;2 a 3 dormitorios | 2 baños | 60 - 93 m² útiles;José Domingo Cañas 2681, Metro Ñuñoa, Ñuñoa;
2025-11-29 17:49:50;Ñuñoa;departamento;Edificio Step;2550;CLF;1 a 2 dormitorios;1 a 2 baños;21 - 60 m² útiles;1 a 2 dormitorios | 1 a 2 baños | 21 - 60 m² útiles;Marchant Pereira 3350, Metro Ñuñoa, Ñuñoa;
2025-11-29 17:49:50;Ñuñoa;departamento; Almagro San Eugenio ;2590;CLF;Estudio a 2 dormitorios;1 a 2 baños;25 - 68 m² útiles;Estudio a 2 dormitorios | 1 a 2 baños | 25 - 68 m² útiles;San Eugenio 509, Parque San Eugenio - Metro Ñuble, Ñuñoa;
2025-11-29 17:49:50;Ñuñoa;departamento;Nueva Ñuñoa;2405;CLF;1 a 2 dormitorios;1 a 2 baños;27 - 51 m² útiles;1 a 2 dormitorios | 1 a 2 baños | 27 - 51 m² útiles;Gaspar Villarroel 1840, Estadio Nacional, Ñuñoa;
2025-11-29 17:49:50;Ñuñoa;departamento;Almagro Plus;3190;CLF;1 a 3 dormitorios;1 a 2 baños;35 - 91 m² útiles;1 a 3 dormitorios | 1 a 2 baños | 35 - 91 m² útiles;Av. José Pedro Alessandri 1427, Ñuñoa, Estadio Nacional, Ñuñoa;
2025-11-29 17:49:50;Ñuñoa;departamento;Edificio Doménica;5200;CLF;2 a 3 dormitorios;2 a 3 baños;58 - 106 m² útiles;2 a 3 dormitorios | 2 a 3 baños | 58 - 106 m² útiles;Fernández Concha 115, Metro Irarrázaval, Ñuñoa;
2025-11-29 17:49:50;Ñuñoa;departamento;Boheme;2574;CLF;1 a 2 dormitorios;1 a 2 baños;31 - 48 m² útiles;1 a 2 dormitorios | 1 a 2 baños | 31 - 48 m² útiles;Los Alerces 2375, Ñuñoa, Chile, Estadio Nacional, Ñuñoa;
2025-11-29 17:49:50;Ñuñoa;departamento;Campvs 80;3318;CLF;1 a 3 dormitorios;1 a 2 baños;30 - 93 m² útiles;1 a 3 dormitorios | 1 a 2 baños | 30 - 93 m² útiles;Campo De Deportes 80, Metro Ñuñoa, Ñuñoa;
2025-11-29 17:49:50;Ñuñoa;departamento;Nueva Gales;4990;CLF;1 a 3 dormitorios;1 a 2 baños;43 - 92 m² útiles;1 a 3 dormitorios | 1 a 2 baños | 43 - 92 m² útiles;Beethoven 5396, Diego De Almagro, Ñuñoa;
2025-11-29 17:49:50;Ñuñoa;departamento;Edificio Quartz;3591;CLF;1 a 2 dormitorios;1 a 2 baños;31 - 47 m² útiles;1 a 2 dormitorios | 1 a 2 baños | 31 - 47 m² útiles;Juan Sabaj 15, Esq. Irarrázaval, Plaza Egaña, Ñuñoa;
2025-11-29 17:49:50;Ñuñoa;departamento;Vicuña Mackena 1432;2695;CLF;1 a 2 dormitorios;1 a 2 baños;29 - 54 m² útiles;1 a 2 dormitorios | 1 a 2 baños | 29 - 54 m² útiles;Av. Vicuña Mackenna 1432, Parque San Eugenio - Metro Ñuble, Ñuñoa;
2025-11-29 17:49:50;Ñuñoa;departamento;Irarrázaval Aldunate;3450;CLF;1 a 2 dormitorios;1 a 2 baños;26 - 56 m² útiles;1 a 2 dormitorios | 1 a 2 baños | 26 - 56 m² útiles;Av. Irarrázaval & Alcalde Carlos Aldunate, Metro Ñuñoa, Ñuñoa;
2025-11-29 17:49:50;Ñuñoa;departamento;Parque Jardín;4442;CLF;2 a 3 dormitorios;1 a 3 baños;46 - 91 m² útiles;2 a 3 dormitorios | 1 a 3 baños | 46 - 91 m² útiles;Coventry 47, Ñuñoa;
2025-11-29 17:49:50;Ñuñoa;departamento;Guillermo Mann 1401;2996;CLF;1 a 2 dormitorios;1 a 2 baños;31 - 55 m² útiles;1 a 2 dormitorios | 1 a 2 baños | 31 - 55 m² útiles;Guillermo Mann 1401, Estadio Nacional, Ñuñoa;
2025-11-29 17:49:50;Ñuñoa;departamento;Edificio Marathón;2459;CLF;1 a 2 dormitorios;1 a 2 baños;25 - 63 m² útiles;1 a 2 dormitorios | 1 a 2 baños | 25 - 63 m² útiles;Av. Marathón 1989, Ñuñoa, Estadio Nacional, Ñuñoa;
2025-11-29 17:49:50;Ñuñoa;departamento;Edificio Exequiel 877;4900;CLF;2 a 3 dormitorios;2 a 3 baños;65 - 84 m² útiles;2 a 3 dormitorios | 2 a 3 baños | 65 - 84 m² útiles;Exequiel Figueroa 877, Diagonal Oriente, Ñuñoa;
2025-11-29 17:49:50;Ñuñoa;departamento;Parque De Araya;2730;CLF;Estudio a 2 dormitorios;1 a 2 baños;28 - 58 m² útiles;Estudio a 2 dormitorios | 1 a 2 baños | 28 - 58 m² útiles;Rodrigo De Araya 1600, Estadio Nacional, Ñuñoa;
2025-11-29 17:49:50;Ñuñoa;departamento;Socovesa Avellanos;3870;CLF;2 dormitorios;2 baños;49 - 54 m² útiles;2 dormitorios | 2 baños | 49 - 54 m² útiles;Nelson 2040, Estadio Nacional, Ñuñoa;
2025-11-29 17:49:50;Ñuñoa;departamento;Vicuña Mackenna 1194;4355;CLF;2 dormitorios;2 baños;60 - 62 m² útiles;2 dormitorios | 2 baños | 60 - 62 m² útiles;Vicuña Mackenna 1194, Parque San Eugenio - Metro Ñuble, Ñuñoa;
2025-11-29 17:49:50;Ñuñoa;departamento;Socovesa Marathon;2990;CLF;1 a 3 dormitorios;1 a 2 baños;35 - 74 m² útiles;1 a 3 dormitorios | 1 a 2 baños | 35 - 74 m² útiles;Av. Marathón 1943, Ñuñoa, Estadio Nacional, Ñuñoa;
2025-11-29 17:49:50;Ñuñoa;departamento;Copper;3089;CLF;1 a 2 dormitorios;1 a 2 baños;32 - 50 m² útiles;1 a 2 dormitorios | 1 a 2 baños | 32 - 50 m² útiles;Zañartu 1287, Estadio Nacional, Ñuñoa;
2025-11-29 17:49:50;Ñuñoa;departamento;Edificio Los Leones Ñuñoa;4367;CLF;1 a 2 dormitorios;1 a 2 baños;42 - 120 m² útiles;1 a 2 dormitorios | 1 a 2 baños | 42 - 120 m² útiles;Gral. José Artigas 3082, Ñuñoa, Plaza Ñuñoa, Ñuñoa;
2025-11-29 17:49:50;Ñuñoa;departamento;Pedro Rico 5525;4000;CLF;1 a 2 dormitorios;1 a 2 baños;37 - 58 m² útiles;1 a 2 dormitorios | 1 a 2 baños | 37 - 58 m² útiles;Pedro Rico 5525, Ñuñoa, Chile, Diagonal Oriente, Ñuñoa;
2025-11-29 17:49:50;Ñuñoa;departamento;Edificio Guillermo Mann;3120;CLF;1 a 2 dormitorios;1 a 2 baños;30 - 50 m² útiles;1 a 2 dormitorios | 1 a 2 baños | 30 - 50 m² útiles;Guillermo Mann 1751, Estadio Nacional, Ñuñoa;
2025-11-29 17:49:50;Ñuñoa;departamento;252marathon;2856;CLF;1 a 3 dormitorios;1 a 2 baños;36 - 78 m² útiles;1 a 3 dormitorios | 1 a 2 baños | 36 - 78 m² útiles;Zañartu 1905, Estadio Nacional, Ñuñoa;
2025-11-29 17:49:50;Ñuñoa;departamento; Igrow Zañartu;3074;CLF;2 a 3 dormitorios;1 a 2 baños;45 - 67 m² útiles;2 a 3 dormitorios | 1 a 2 baños | 45 - 67 m² útiles;Zañartu 2801, Ñuñoa, Estadio Nacional, Ñuñoa;
2025-11-29 17:49:50;Ñuñoa;departamento;Isacorp Castillo Velasco;4400;CLF;1 a 3 dormitorios;1 a 3 baños;38 - 76 m² útiles;1 a 3 dormitorios | 1 a 3 baños | 38 - 76 m² útiles;Eduardo Castillo Velasco 2530, Metro Ñuñoa, Ñuñoa;
2025-11-29 17:49:50;Ñuñoa;departamento;Isacorp Dublé Almeyda;3082;CLF;Estudio a 3 dormitorios;1 a 2 baños;25 - 70 m² útiles;Estudio a 3 dormitorios | 1 a 2 baños | 25 - 70 m² útiles;Campo De Deportes 100, Metro Ñuñoa, Ñuñoa;
2025-11-29 17:49:50;Ñuñoa;departamento;Edificio Ñuñoa Zañartu;2778;CLF;1 a 2 dormitorios;1 a 2 baños;31 - 54 m² útiles;1 a 2 dormitorios | 1 a 2 baños | 31 - 54 m² útiles;Zañartu 1680, Estadio Nacional, Ñuñoa;
2025-11-29 17:49:50;Ñuñoa;departamento;Hernán Cortés;4190;CLF;1 a 3 dormitorios;1 a 3 baños;32 - 90 m² útiles;1 a 3 dormitorios | 1 a 3 baños | 32 - 90 m² útiles;Hernán Cortés 2558, Metro Ñuñoa, Ñuñoa;
2025-11-29 17:49:50;Ñuñoa;departamento;Edificio Green;4343;CLF;1 a 3 dormitorios;1 a 2 baños;41 - 97 m² útiles;1 a 3 dormitorios | 1 a 2 baños | 41 - 97 m² útiles;Diag. Ote. 5273, Diagonal Oriente, Ñuñoa;
2025-11-29 17:49:50;Ñuñoa;departamento;Andes Ñuñoa;3847;CLF;1 a 2 dormitorios;1 a 2 baños;32 - 45 m² útiles;1 a 2 dormitorios | 1 a 2 baños | 32 - 45 m² útiles;Capitán Orella 2575, Metro Ñuñoa, Ñuñoa;
2025-11-29 17:49:50;Ñuñoa;departamento;Moller Zañartu 1179;2454;CLF;Estudio a 2 dormitorios;1 a 2 baños;24 - 57 m² útiles;Estudio a 2 dormitorios | 1 a 2 baños | 24 - 57 m² útiles;Zañartu 1179, Estadio Nacional, Ñuñoa;
2025-11-29 17:49:50;Ñuñoa;departamento;Ñuñoa View;2900;CLF;1 a 2 dormitorios;1 a 2 baños;34 - 48 m² útiles;1 a 2 dormitorios | 1 a 2 baños | 34 - 48 m² útiles;San Eugenio 510, Parque San Eugenio - Metro Ñuble, Ñuñoa;
2025-11-29 17:49:50;Ñuñoa;departamento;Casa Bustamante;2691;CLF;Estudio a 2 dormitorios;1 a 2 baños;28 - 52 m² útiles;Estudio a 2 dormitorios | 1 a 2 baños | 28 - 52 m² útiles;Gral. Bustamante 1007, Metro Irarrázaval, Ñuñoa;
2025-11-29 17:49:50;Ñuñoa;departamento;Manuel De Salas 587;4299;CLF;Estudio a 2 dormitorios;1 a 2 baños;31 - 76 m² útiles;Estudio a 2 dormitorios | 1 a 2 baños | 31 - 76 m² útiles;Manuel De Salas 587, Plaza Ñuñoa, Ñuñoa;
2025-11-29 17:49:50;Ñuñoa;departamento;Edificio Terra;3484;CLF;1 a 3 dormitorios;1 a 2 baños;34 - 65 m² útiles;1 a 3 dormitorios | 1 a 2 baños | 34 - 65 m² útiles;José Pedro Alessandri 1363, Estadio Nacional, Ñuñoa;
2025-11-29 17:49:50;Ñuñoa;departamento;Seminario 775;3456;CLF;1 a 2 dormitorios;1 a 2 baños;35 - 50 m² útiles;1 a 2 dormitorios | 1 a 2 baños | 35 - 50 m² útiles;Seminario 775, Metro Irarrázaval, Ñuñoa;
2025-11-29 17:49:50;Ñuñoa;departamento;Edificio Simón Bolívar 5520;5828;CLF;1 dormitorio;1 baño;39 - 51 m² útiles;1 dormitorio | 1 baño | 39 - 51 m² útiles;Av. Simón Bolívar 5520, Ñuñoa, Chile, Metro Simón Bolivar, Ñuñoa;
2025-11-29 17:49:50;Ñuñoa;departamento;Edificio Vintage;2575;CLF;1 a 2 dormitorios;1 a 2 baños;32 - 51 m² útiles;1 a 2 dormitorios | 1 a 2 baños | 32 - 51 m² útiles;Nelson 1825, Entre Zañartu Y Los Alerces, Estadio Nacional, Ñuñoa;
2025-11-29 17:49:50;Ñuñoa;departamento;Los Alerces 2222;3102;CLF;1 a 3 dormitorios;1 a 2 baños;39 - 79 m² útiles;1 a 3 dormitorios | 1 a 2 baños | 39 - 79 m² útiles;Los Alerces 2222, Estadio Nacional, Ñuñoa;
2025-11-29 17:49:50;Ñuñoa;departamento;Byte;2533;CLF;Estudio a 2 dormitorios;1 a 2 baños;25 - 54 m² útiles;Estudio a 2 dormitorios | 1 a 2 baños | 25 - 54 m² útiles;Diag. Vicuña Mackenna 2632, Ñuñoa, Santiago, Ñuñoa;
2025-11-29 17:49:50;Ñuñoa;departamento;Edificio Orange Cauquenes;5458;CLF;2 a 3 dormitorios;2 baños;57 - 87 m² útiles;2 a 3 dormitorios | 2 baños | 57 - 87 m² útiles;Cauquenes 108, Plaza Egaña, Ñuñoa;
2025-11-29 17:49:50;Ñuñoa;departamento;Edificio Bremen;5000;CLF;1 a 2 dormitorios;1 a 2 baños;40 - 71 m² útiles;1 a 2 dormitorios | 1 a 2 baños | 40 - 71 m² útiles;Bremen 1730, Diego De Almagro, Ñuñoa;
2025-11-29 17:49:50;Ñuñoa;departamento;New Egaña;4246;CLF;1 a 2 dormitorios;1 a 2 baños;39 - 62 m² útiles;1 a 2 dormitorios | 1 a 2 baños | 39 - 62 m² útiles;Av. Américo Vespucio 291, Plaza Egaña, Ñuñoa;
2025-11-29 17:50:38;Ñuñoa;departamento;Guillermo Mann 1305;2790;CLF;1 a 3 dormitorios;1 a 2 baños;34 - 72 m² útiles;1 a 3 dormitorios | 1 a 2 baños | 34 - 72 m² útiles;Guillermo Mann 1305, Estadio Nacional, Ñuñoa;
2025-11-29 17:50:38;Ñuñoa;departamento;Mind;4203;CLF;1 dormitorio;1 baño;35 - 43 m² útiles;1 dormitorio | 1 baño | 35 - 43 m² útiles;Irarrázaval 2366, Metro Ñuñoa, Ñuñoa;
2025-11-29 17:50:38;Ñuñoa;departamento;Parque Meneses B;2681;CLF;1 a 2 dormitorios;1 a 2 baños;36 - 52 m² útiles;1 a 2 dormitorios | 1 a 2 baños | 36 - 52 m² útiles;Francisco Meneses 1580, Ñuñoa, Estadio Nacional, Ñuñoa;
2025-11-29 17:50:38;Ñuñoa;departamento;Zañartu 2680;4100;CLF;2 a 3 dormitorios;2 baños;56 - 96 m² útiles;2 a 3 dormitorios | 2 baños | 56 - 96 m² útiles;Zañartu 2680, Estadio Nacional, Ñuñoa;
2025-11-29 17:50:38;Ñuñoa;departamento;Irarrázaval 1970;3000;CLF;;1 baño;19 m² útiles;1 baño | 19 m² útiles;Av. Irarrázaval 1970, Ñuñoa, Metro Monseñor Eyzaguirre, Ñuñoa;
2025-11-29 17:50:38;Ñuñoa;departamento;Ñuñoa 2024;3085;CLF;1 a 2 dormitorios;1 a 2 baños;33 - 43 m² útiles;1 a 2 dormitorios | 1 a 2 baños | 33 - 43 m² útiles;Francisco De Paula 2024 Esq. Rodrigo De Araya, Estadio Nacional, Ñuñoa;
2025-11-29 17:50:38;Ñuñoa;departamento;Edificio Own ;5072;CLF;2 dormitorios;2 baños;40 - 46 m² útiles;2 dormitorios | 2 baños | 40 - 46 m² útiles;San Eugenio 567, Ñuñoa, Chile, Parque San Eugenio - Metro Ñuble, Ñuñoa;
2025-11-29 17:50:38;Ñuñoa;departamento;Edificio Matta;3290;CLF;1 dormitorio;1 baño;31 - 33 m² útiles;1 dormitorio | 1 baño | 31 - 33 m² útiles;Av. Manuel Antonio Matta 1 - 300, Ñuñoa, Región Metropolitana, Chile, Metro Irarrázaval, Ñuñoa;
2025-11-29 17:50:38;Ñuñoa;departamento;Edificio Santo Toribio;3030;CLF;1 a 2 dormitorios;1 a 2 baños;28 - 53 m² útiles;1 a 2 dormitorios | 1 a 2 baños | 28 - 53 m² útiles;Seminario 677, Metro Irarrázaval, Ñuñoa;
2025-11-29 17:50:38;Ñuñoa;departamento;Paseo Walker;3375;CLF;1 a 3 dormitorios;1 a 2 baños;38 - 78 m² útiles;1 a 3 dormitorios | 1 a 2 baños | 38 - 78 m² útiles;Brígida Walker 1987, Estadio Nacional, Ñuñoa;
2025-11-29 17:50:38;Ñuñoa;departamento;Edificio Faustino;2970;CLF;1 a 2 dormitorios;1 a 2 baños;27 - 73 m² útiles;1 a 2 dormitorios | 1 a 2 baños | 27 - 73 m² útiles;Domingo Faustino Sarmiento 55, Ñuñoa;
2025-11-29 17:50:38;Ñuñoa;departamento;Eco Egaña;3590;CLF;Estudio a 2 dormitorios;1 a 2 baños;29 - 58 m² útiles;Estudio a 2 dormitorios | 1 a 2 baños | 29 - 58 m² útiles;Av. Américo Vespucio 71, Ñuñoa, Chile, Plaza Egaña, Ñuñoa;
2025-11-29 17:50:38;Ñuñoa;departamento;Urban Ñuñoa;3127;CLF;1 a 2 dormitorios;1 a 2 baños;28 - 66 m² útiles;1 a 2 dormitorios | 1 a 2 baños | 28 - 66 m² útiles;Av. Irarrázaval 1593, Ñuñoa, Chile, Metro Monseñor Eyzaguirre, Ñuñoa;
2025-11-29 17:50:38;Ñuñoa;departamento;Ga2944;4158;CLF;1 a 3 dormitorios;1 a 3 baños;31 - 78 m² útiles;1 a 3 dormitorios | 1 a 3 baños | 31 - 78 m² útiles;Gral. José Artigas 2944, Ñuñoa, Plaza Ñuñoa, Ñuñoa;
2025-11-29 17:50:38;Ñuñoa;departamento;Edificio Nelson 1816;3624;CLF;2 dormitorios;2 baños;51 - 58 m² útiles;2 dormitorios | 2 baños | 51 - 58 m² útiles;Nelson 1816, Estadio Nacional, Ñuñoa;
2025-11-29 17:50:38;Ñuñoa;departamento;Residential Park Ñuñoa;3300;CLF;1 a 3 dormitorios;1 a 2 baños;33 - 82 m² útiles;1 a 3 dormitorios | 1 a 2 baños | 33 - 82 m² útiles;Avenida Marathon 2040, Estadio Nacional, Ñuñoa;
2025-11-29 17:50:38;Ñuñoa;departamento;Distrito Ñuñoa;3030;CLF;Estudio a 2 dormitorios;1 a 2 baños;24 - 52 m² útiles;Estudio a 2 dormitorios | 1 a 2 baños | 24 - 52 m² útiles;San Eugenio 1485, Parque San Eugenio - Metro Ñuble, Ñuñoa;
2025-11-29 17:50:38;Ñuñoa;departamento;Edificio Optimus;3081;CLF;1 a 3 dormitorios;1 a 2 baños;33 - 70 m² útiles;1 a 3 dormitorios | 1 a 2 baños | 33 - 70 m² útiles;Rodrigo De Araya 2528 Al 2570, Estadio Nacional, Ñuñoa;
2025-11-29 17:50:38;Ñuñoa;departamento;Lo Encalada;3680;CLF;1 a 3 dormitorios;1 a 2 baños;35 - 68 m² útiles;1 a 3 dormitorios | 1 a 2 baños | 35 - 68 m² útiles;Lo Encalada 151, Metro Irarrázaval, Ñuñoa;
2025-11-29 17:50:38;Ñuñoa;departamento;Edificio Pedro De Valdivia;3073;CLF;1 a 2 dormitorios;1 a 2 baños;36 - 61 m² útiles;1 a 2 dormitorios | 1 a 2 baños | 36 - 61 m² útiles;Av. Pedro De Valdivia Esq. Rodrigo De Araya, Estadio Nacional, Ñuñoa;
2025-11-29 17:50:38;Ñuñoa;departamento;Edificio Pedro Torres;7084;CLF;2 a 3 dormitorios;2 baños;66 - 103 m² útiles;2 a 3 dormitorios | 2 baños | 66 - 103 m² útiles;Pedro Torres 1545, Parque Botánico, Ñuñoa;
2025-11-29 17:50:38;Ñuñoa;departamento;Concepto All Ñuñoa Ii;3365;CLF;1 a 3 dormitorios;1 a 2 baños;32 - 79 m² útiles;1 a 3 dormitorios | 1 a 2 baños | 32 - 79 m² útiles;Seminario 1499, Ñuñoa, Chile, Parque San Eugenio - Metro Ñuble, Ñuñoa;
2025-11-29 17:50:38;Ñuñoa;departamento;Capitán Orella;4340;CLF;1 a 2 dormitorios;1 a 2 baños;42 - 53 m² útiles;1 a 2 dormitorios | 1 a 2 baños | 42 - 53 m² útiles;Capitán Orella 2413, Metro Ñuñoa, Ñuñoa;
2025-11-29 17:50:38;Ñuñoa;departamento;Concepto Best Ñuñoa - Imagina;3913;CLF;1 a 3 dormitorios;1 a 2 baños;36 - 79 m² útiles;1 a 3 dormitorios | 1 a 2 baños | 36 - 79 m² útiles;Av. José Pedro Alessandri 1295, Estadio Nacional, Ñuñoa;
2025-11-29 17:50:38;Ñuñoa;departamento;Seminario 2;3537;CLF;1 a 2 dormitorios;1 a 2 baños;32 - 48 m² útiles;1 a 2 dormitorios | 1 a 2 baños | 32 - 48 m² útiles;Av. Irarrázaval 401, Metro Irarrázaval, Ñuñoa;
2025-11-29 17:50:38;Ñuñoa;departamento;Concepto Smart Too - Imagina;3528;CLF;1 a 2 dormitorios;1 a 2 baños;36 - 66 m² útiles;1 a 2 dormitorios | 1 a 2 baños | 36 - 66 m² útiles;Pedro De Oña 55, Metro Irarrázaval, Ñuñoa;
2025-11-29 17:50:38;Ñuñoa;departamento;Edificio Pucará;8468;CLF;2 a 3 dormitorios;2 baños;63 - 100 m² útiles;2 a 3 dormitorios | 2 baños | 63 - 100 m² útiles;Pucará 5535, Metro Simón Bolivar, Ñuñoa;
2025-11-29 17:50:38;Ñuñoa;departamento;Metropolitan Park Ñuñoa;2992;CLF;Estudio a 2 dormitorios;1 a 2 baños;33 - 53 m² útiles;Estudio a 2 dormitorios | 1 a 2 baños | 33 - 53 m² útiles;Av. Vicuña Mackenna 1500, Parque San Eugenio - Metro Ñuble, Ñuñoa;
2025-11-29 17:50:38;Ñuñoa;departamento;Edificio Boonen 2428;4580;CLF;1 a 3 dormitorios;1 a 2 baños;44 - 75 m² útiles;1 a 3 dormitorios | 1 a 2 baños | 44 - 75 m² útiles;General Boonen Rivera 2428, Ñuñoa, Chile, Metro Ñuñoa, Ñuñoa;
2025-11-29 17:50:38;Ñuñoa;departamento;Edificio Vista Antonio;5933;CLF;2 dormitorios;2 baños;58 - 72 m² útiles;2 dormitorios | 2 baños | 58 - 72 m² útiles;Los Tres Antonios 277, Metro Ñuñoa, Ñuñoa;
2025-11-29 17:50:38;Ñuñoa;departamento;Vive Zañartu;3115;CLF;1 a 2 dormitorios;1 a 2 baños;33 - 55 m² útiles;1 a 2 dormitorios | 1 a 2 baños | 33 - 55 m² útiles;Avenida Zañartu 2460, Estadio Nacional, Ñuñoa;
2025-11-29 17:50:38;Ñuñoa;departamento;The Place;2544;CLF;1 a 2 dormitorios;1 a 2 baños;22 - 49 m² útiles;1 a 2 dormitorios | 1 a 2 baños | 22 - 49 m² útiles;Av. Vicuña Mackenna 1290, Ñuñoa, Parque San Eugenio - Metro Ñuble, Ñuñoa;
2025-11-29 17:50:38;Ñuñoa;departamento;Live;4019;CLF;1 a 2 dormitorios;1 a 2 baños;31 - 53 m² útiles;1 a 2 dormitorios | 1 a 2 baños | 31 - 53 m² útiles;Rodrigo De Araya 2836, Estadio Nacional, Ñuñoa;
2025-11-29 17:50:38;Ñuñoa;departamento;Hermoso Y Acogedor Departamento 3d En Ñuñoa;5200;CLF;3 dormitorios;2 baños;81 m² útiles;3 dormitorios | 2 baños | 81 m² útiles;"Av. Macul &amp; Psje Las Encinas, Juan Gómez Millas, Ñuñoa";
2025-11-29 17:50:38;Ñuñoa;departamento;Valor Insuperable, Metro Simón Bolivar ;4200;CLF;2 dormitorios;2 baños;43 m² útiles;2 dormitorios | 2 baños | 43 m² útiles;Pucará 4880, Ñuñoa, Metro Simón Bolivar, Ñuñoa;
2025-11-29 17:50:38;Ñuñoa;departamento;Moderno Departamento En Corazon De Ñuñoa 2d2b;5600;CLF;2 dormitorios;2 baños;59 m² útiles;2 dormitorios | 2 baños | 59 m² útiles;Santa Julia, 1 - 300, Parque Juan XXIII, Ñuñoa;
2025-11-29 17:50:38;Ñuñoa;departamento;Seminuevo | 2 Dorm | Linda Vista;7850;CLF;2 dormitorios;2 baños;70 m² útiles;2 dormitorios | 2 baños | 70 m² útiles;Jaime Guzmán Errázuriz 3290, 7.5111e+06 - 7.5114e+06 Santiago, Providencia, Región Metropolitana, Chile, Plaza Ñuñoa, Ñuñoa;
2025-11-29 17:50:38;Ñuñoa;departamento;Metro M. Eyzaguirre /comodidad Y Seguridad En Primer Piso;4990;CLF;2 dormitorios;2 baños;70 m² útiles;2 dormitorios | 2 baños | 70 m² útiles;METRO M. EYZAGUIRRE / COMODIDAD Y SEGURIDAD EN PRIMER PISO, Metro Monseñor Eyzaguirre, Ñuñoa;
2025-11-29 17:50:38;Ñuñoa;departamento;Departamento En Venta En Av. J. P. Alessandri Ñuñoa;5500;CLF;2 dormitorios;2 baños;65 m² útiles;2 dormitorios | 2 baños | 65 m² útiles;Av. José Pedro Alessandri, Ñuñoa, Estadio Nacional, Ñuñoa;
2025-11-29 17:50:38;Ñuñoa;departamento;Departamento En Venta En Diego De Almagro Ñuñoa;7820;CLF;3 dormitorios;2 baños;89 m² útiles;3 dormitorios | 2 baños | 89 m² útiles;Diego De Almagro, Ñuñoa, Diego De Almagro, Ñuñoa;
2025-11-29 17:50:38;Ñuñoa;departamento;Departamento En Venta En Santa Julia Ñuñoa;7000;CLF;2 dormitorios;2 baños;93 m² útiles;2 dormitorios | 2 baños | 93 m² útiles;Sta. Julia, Ñuñoa, Parque Juan XXIII, Ñuñoa;
2025-11-29 17:50:38;Ñuñoa;departamento;Ideal Para Remodelar, 2 Dormitorios, 2 Baños;4900;CLF;2 dormitorios;2 baños;63 m² útiles;2 dormitorios | 2 baños | 63 m² útiles;Holanda 3730, Ñuñoa, Plaza Ñuñoa, Ñuñoa;
2025-11-29 17:50:38;Ñuñoa;departamento;Como Nuevo!!!  Exequiel Fernández - Los Alerces;5700;CLF;3 dormitorios;2 baños;80 m² útiles;3 dormitorios | 2 baños | 80 m² útiles;COMO NUEVO!!!  EXEQUIEL FERNÁNDEZ - LOS ALERCES, Ñuñoa;
2025-11-29 17:50:38;Ñuñoa;departamento;Metro Ñuñoa / Dublé Almeyda - Pedro De Valdivia;7200;CLF;3 dormitorios;2 baños;94 m² útiles;3 dormitorios | 2 baños | 94 m² útiles;METRO ÑUÑOA / DUBLÉ ALMEYDA - PEDRO DE VALDIVIA, Ñuñoa;
2025-11-29 17:50:38;Ñuñoa;departamento;Simon Bolivar - Pedro Torres;4500;CLF;1 dormitorio;1 baño;45 m² útiles;1 dormitorio | 1 baño | 45 m² útiles;SIMON BOLIVAR - PEDRO TORRES, Ñuñoa;
2025-11-29 17:50:38;Ñuñoa;departamento;Jose Manuel Infante - Cirujano Videla ;9900;CLF;3 dormitorios;3 baños;110 m² útiles;3 dormitorios | 3 baños | 110 m² útiles;JOSE MANUEL INFANTE - CIRUJANO VIDELA, Plaza Ñuñoa, Ñuñoa;
2025-11-29 17:50:38;Ñuñoa;departamento;Alonso De Ercilla -  Chile España;6200;CLF;3 dormitorios;2 baños;74 m² útiles;3 dormitorios | 2 baños | 74 m² útiles;ALONSO DE ERCILLA -  CHILE ESPAÑA, Plaza Ñuñoa, Ñuñoa;
2025-11-29 17:50:38;Ñuñoa;departamento;Vista Despejada /  Holanda - Hernán Cortés ;6303;CLF;2 dormitorios;2 baños;69 m² útiles;2 dormitorios | 2 baños | 69 m² útiles;VISTA DESPEJADA / HOLANDA - HERNÁN CORTÉS, Plaza Ñuñoa, Ñuñoa;
2025-11-29 17:50:55;Ñuñoa;departamento;Exclusivo Departamento / Av. Echeñique - Ortuzar;7600;CLF;2 dormitorios;2 baños;87 m² útiles;2 dormitorios | 2 baños | 87 m² útiles;EXCLUSIVO DEPARTAMENTO / AV. ECHEÑIQUE - ORTUZAR, Parque Botánico, Ñuñoa;
2025-11-29 17:50:55;Ñuñoa;departamento;Metro Monseñor Eyzaguirre / Dublé Almeyda;5800;CLF;3 dormitorios;2 baños;79 m² útiles;3 dormitorios | 2 baños | 79 m² útiles;METRO MONSEÑOR EYZAGUIRRE / DUBLÉ ALMEYDA, Metro Monseñor Eyzaguirre, Ñuñoa;
2025-11-29 17:50:55;Ñuñoa;departamento;Eliecer Parada - Av. Echeñique -  ;6000;CLF;2 dormitorios;2 baños;64 m² útiles;2 dormitorios | 2 baños | 64 m² útiles;ELIECER PARADA  - AV. ECHEÑIQUE -, Parque Botánico, Ñuñoa;
2025-11-29 17:50:55;Ñuñoa;departamento;Metro Monseñor Eyzaguirre/ 3d/2b/bod/estacionamiento;5890;CLF;3 dormitorios;2 baños;80 m² útiles;3 dormitorios | 2 baños | 80 m² útiles;Monseñor Eyzaguirre 245, Ñuñoa, Metro Monseñor Eyzaguirre, Ñuñoa;
2025-11-29 17:50:55;Ñuñoa;departamento;Depto Ñuñoa 2d+2b+1ho+1est 96m2 Lyon Sucre;5990;CLF;2 dormitorios;2 baños;93 m² útiles;2 dormitorios | 2 baños | 93 m² útiles;Av. Ricardo Lyon, 1 - 300, Metro Ñuñoa, Ñuñoa;
2025-11-29 17:50:55;Ñuñoa;departamento;Luminoso  Dpto  2d | 2b Con Estacionamiento;4990;CLF;2 dormitorios;2 baños;60 m² útiles;2 dormitorios | 2 baños | 60 m² útiles;Diagonal Oriente | Cauquenes, 1 - 300, Diagonal Oriente, Ñuñoa;
2025-11-29 17:50:55;Ñuñoa;departamento;Vista Libre, Amplio Luminoso, Impecable, Edif Equipadisimo;3400;CLF;1 dormitorio;1 baño;45 m² útiles;1 dormitorio | 1 baño | 45 m² útiles;Todo ACCESIBLE Caminado, Máxima COENCTIVIDAD, Parque San Eugenio - Metro Ñuble, Ñuñoa;
2025-11-29 17:50:55;Ñuñoa;departamento;Bello Departamento En Ñuñoa, Excelente Ubicación;3200;CLF;1 dormitorio;1 baño;40 m² útiles;1 dormitorio | 1 baño | 40 m² útiles;Irarrazaval, 1 - 300, Metro Monseñor Eyzaguirre, Ñuñoa;
2025-11-29 17:50:55;Ñuñoa;departamento;Cómodo Depto Edificio José Luis Araneda;6990;CLF;3 dormitorios;2 baños;85 m² útiles;3 dormitorios | 2 baños | 85 m² útiles;José Luis Araneda, 1 - 300, Ñuñoa;
2025-11-29 17:50:55;Ñuñoa;departamento;Imperdible!almagro, 2d 2b + Est-bod, Metro;4500;CLF;2 dormitorios;2 baños;57 m² útiles;2 dormitorios | 2 baños | 57 m² útiles;Seminario, Pasos Metro Irarrázaval, 0, Metro Irarrázaval, Ñuñoa;
2025-11-29 17:50:55;Ñuñoa;departamento;Tranquila Calle, Edificio Equipado, Vista Despejada;248000000;CLP;3 dormitorios;2 baños;79 m² útiles;3 dormitorios | 2 baños | 79 m² útiles;Oriente SOL Despejado SIN Vecinos Directos, Metro Monseñor Eyzaguirre, Ñuñoa;
2025-11-29 17:50:55;Ñuñoa;departamento;Espectacular Departamento Con Diseño De Vanguardia En Ñuñoa;3900;CLF;2 dormitorios;2 baños;61 m² útiles;2 dormitorios | 2 baños | 61 m² útiles;Zañartu 1905, Ñuñoa, Chile, Estadio Nacional, Ñuñoa;
2025-11-29 17:50:55;Ñuñoa;departamento;García Valenzuela 55 Metro Irarrázaval Estacionamiento Y Bod;3590;CLF;2 dormitorios;2 baños;47 m² útiles;2 dormitorios | 2 baños | 47 m² útiles;García Valenzuela 55, Ñuñoa, Metro Irarrázaval, Ñuñoa;
2025-11-29 17:50:55;Ñuñoa;departamento;3d/2b/oriente;5400;CLF;3 dormitorios;2 baños;75 m² útiles;3 dormitorios | 2 baños | 75 m² útiles;Jose Domingo Cañas, 900 - 1200, Metro Monseñor Eyzaguirre, Ñuñoa;
2025-11-29 17:50:55;Ñuñoa;departamento;Pedro Torres / Julio Zegers;6990;CLF;3 dormitorios;2 baños;80 m² útiles;3 dormitorios | 2 baños | 80 m² útiles;Pedro Torres, 1 - 300, Parque Juan XXIII, Ñuñoa;
2025-11-29 17:50:55;Ñuñoa;departamento;Amplio Dpto 4 Dorm-3 Baños-gran Estacionamiento;6560;CLF;4 dormitorios;2 baños;93 m² útiles;4 dormitorios | 2 baños | 93 m² útiles;Los Cerezos, 1 - 300, Parque Juan XXIII, Ñuñoa;
2025-11-29 17:50:55;Ñuñoa;departamento; Tu Hogar Ideal En Ñuñoa: Moderno Y Espacioso ;10400;CLF;3 dormitorios;2 baños;108 m² útiles;3 dormitorios | 2 baños | 108 m² útiles;Clorinda Wilshaw, 1 - 300, Plaza Egaña, Ñuñoa;
2025-11-29 17:50:55;Ñuñoa;departamento;Refugio Urbano Moderno En Ñuñoa De 67m²;5850;CLF;1 dormitorio;1 baño;67 m² útiles;1 dormitorio | 1 baño | 67 m² útiles;Condell, 1500 - 1800, Metro Irarrázaval, Ñuñoa;
2025-11-29 17:50:55;Ñuñoa;departamento;3 Dorm. Alonso De Ercilla/chile España, Piso 18;5990;CLF;3 dormitorios;2 baños;74 m² útiles;3 dormitorios | 2 baños | 74 m² útiles;Alonso De Ercilla, 3000 - 3300, Plaza Ñuñoa, Ñuñoa;
2025-11-29 17:50:55;Ñuñoa;departamento; Condominio Con Jardines Y Gran Ubicación ;5300;CLF;2 dormitorios;2 baños;60 m² útiles;2 dormitorios | 2 baños | 60 m² útiles;Pedro Torres, 1 - 300, Parque Juan XXIII, Ñuñoa;
2025-11-29 17:50:55;Ñuñoa;departamento;Depto Con Excepcional Vista En Barrio Italia;4950;CLF;2 dormitorios;2 baños;58 m² útiles;2 dormitorios | 2 baños | 58 m² útiles;Tegualda, 1800 - 2100, Metro Irarrázaval, Ñuñoa;
2025-11-29 17:50:55;Ñuñoa;departamento;Departamento Como Nuevo (3d-2b) - Eliecer Parada, Ñuñoa;6490;CLF;3 dormitorios;2 baños;86 m² útiles;3 dormitorios | 2 baños | 86 m² útiles;Av. Eliecer Parada 1255, Ñuñoa, Parque Botánico, Ñuñoa;
2025-11-29 17:50:55;Ñuñoa;departamento;Depto.venta 2d/2b/e/b En Ñuñoa;5200;CLF;2 dormitorios;2 baños;60 m² útiles;2 dormitorios | 2 baños | 60 m² útiles;José Manuel Infante, Barrio Italia, Ñuñoa, RM, Metro Monseñor Eyzaguirre, Ñuñoa;
2025-11-29 17:50:55;Ñuñoa;departamento;Encanto Y Comodidad En Ñuñoa: 2d+2b Full Equipado;4198;CLF;2 dormitorios;2 baños;61 m² útiles;2 dormitorios | 2 baños | 61 m² útiles;Nelson 2040, 0, Estadio Nacional, Ñuñoa;
2025-11-29 17:50:55;Ñuñoa;departamento;¡oportunidad Dpto De 3d+2b+1e+1b Ñuñoa!;5990;CLF;3 dormitorios;2 baños;84 m² útiles;3 dormitorios | 2 baños | 84 m² útiles;Irarrazaval, 3900 - 4200, Parque Juan XXIII, Ñuñoa;
2025-11-29 17:50:55;Ñuñoa;departamento;Excelente Departamento En Ñuñoa;5490;CLF;2 dormitorios;2 baños;58 m² útiles;2 dormitorios | 2 baños | 58 m² útiles;General Jose Artigas, 2700 - 3000, Plaza Ñuñoa, Ñuñoa;
2025-11-29 17:50:55;Ñuñoa;departamento;Oportunidad ¡¡¡ Departamento Con Patio Privado En El Mejo...;8250;CLF;2 dormitorios;2 baños;72 m² útiles;2 dormitorios | 2 baños | 72 m² útiles;LUIS PEREIRA 1200 - 102, Parque Botánico, Ñuñoa;
2025-11-29 17:50:55;Ñuñoa;departamento;Lindo Departamento Remodelado En Nuñoa;5300;CLF;2 dormitorios;2 baños;70 m² útiles;2 dormitorios | 2 baños | 70 m² útiles;Villa Frei, Ñuñoa;
2025-11-29 17:50:55;Ñuñoa;departamento;Metro Irarrazaval;2670;CLF;1 dormitorio;1 baño;31 m² útiles;1 dormitorio | 1 baño | 31 m² útiles;Mujica, Ñuñoa, Metro Irarrázaval, Ñuñoa;
2025-11-29 17:50:55;Ñuñoa;departamento;Venta Departamento Ñuñoa 2d 2b;5000;CLF;2 dormitorios;2 baños;75 m² útiles;2 dormitorios | 2 baños | 75 m² útiles;Metro Ñuñoa, Ñuñoa;
2025-11-29 17:50:55;Ñuñoa;departamento;Departamento En Venta En Ñuñoa Con Terraza;4600;CLF;1 dormitorio;1 baño;46 m² útiles;1 dormitorio | 1 baño | 46 m² útiles;Estrella Solitaria 5193, Ñuñoa, Región Metropolitana, Chile, Plaza Egaña, Ñuñoa;
2025-11-29 17:50:55;Ñuñoa;departamento;Venta Dp. 3d 3b 2 Estac. Y 2 Bodegas. Metro Ñuñoa;9400;CLF;3 dormitorios;3 baños;110 m² útiles;3 dormitorios | 3 baños | 110 m² útiles;Simon Bolivar, Metro Ñuñoa, Ñuñoa;
2025-11-29 17:50:55;Ñuñoa;departamento;Oportunidad En Ñuñoa: Remodelado Con Excelente Ubicacion;4600;CLF;2 dormitorios;1 baño;54 m² útiles;2 dormitorios | 1 baño | 54 m² útiles;Enrique Bravo ,, Plaza Ñuñoa, Ñuñoa;
2025-11-29 17:50:55;Ñuñoa;departamento;Oportunidad:moderno, Luminoso,seminuevo Con Patio Y 2 Suites;8990;CLF;2 dormitorios;3 baños;95 m² útiles;2 dormitorios | 3 baños | 95 m² útiles;Av. Echeñique, Metro Simón Bolivar, Ñuñoa;
2025-11-29 17:50:55;Ñuñoa;departamento;Barrio Italia Seminuevo Edificio Full Equipado;5000;CLF;2 dormitorios;2 baños;64 m² útiles;2 dormitorios | 2 baños | 64 m² útiles;Av. Italia, Metro Irarrázaval, Ñuñoa;
2025-11-29 17:50:55;Ñuñoa;departamento;Excelente Departamento De 2 Dormitorios En Ñuñoa!!;6590;CLF;2 dormitorios;2 baños;70 m² útiles;2 dormitorios | 2 baños | 70 m² útiles;Heriberto Covarrubias 597, Ñuñoa, Plaza Egaña, Ñuñoa;
2025-11-29 17:50:55;Ñuñoa;departamento;Oportunidad De Inversion - Barrio Italia;4300;CLF;1 dormitorio;1 baño;42 m² totales;1 dormitorio | 1 baño | 42 m² totales;Av.Italia 2025, Metro Irarrázaval, Ñuñoa;
2025-11-29 17:50:55;Ñuñoa;departamento;Excelente Departamento De 1 Dormitorio!!!;3700;CLF;1 dormitorio;1 baño;36 m² útiles;1 dormitorio | 1 baño | 36 m² útiles;Av. Irarrázaval 2100 - 2400, Ñuñoa, Metro Ñuñoa, Ñuñoa;
2025-11-29 17:50:55;Ñuñoa;departamento;Vista Asegurada Con Estacionamiento;3350;CLF;1 dormitorio;1 baño;36 m² útiles;1 dormitorio | 1 baño | 36 m² útiles;Irarrazaval 200, Metro Irarrázaval, Ñuñoa;
2025-11-29 17:50:55;Ñuñoa;departamento;Duplex Con Azotea Panorámica;4600;CLF;1 dormitorio;1 baño;35 m² útiles;1 dormitorio | 1 baño | 35 m² útiles;PUCARÁ 4880, Metro Simón Bolivar, Ñuñoa;
2025-11-29 17:50:55;Ñuñoa;departamento;Recién Renovado En Suárez Mujica 2977, 3 Dorm, Sin Comisión;6390;CLF;3 dormitorios;3 baños;82 m² útiles;3 dormitorios | 3 baños | 82 m² útiles;Suárez Mujica 2977, Ñuñoa, Estadio Nacional, Ñuñoa;
2025-11-29 17:50:55;Ñuñoa;departamento;Av. Irarrazaval 1745, 3 Dorm 2 Baños,  ¡sin Comisión!;6600;CLF;3 dormitorios;3 baños;99 m² útiles;3 dormitorios | 3 baños | 99 m² útiles;Av. Irarrázaval 1745, Ñuñoa, Metro Monseñor Eyzaguirre, Ñuñoa;
2025-11-29 17:50:55;Ñuñoa;departamento;Sin Comisión Heriberto Covarrubias 597 2 Dormitorios 2 Baños;6500;CLF;2 dormitorios;2 baños;71 m² útiles;2 dormitorios | 2 baños | 71 m² útiles;Heriberto Covarrubias 597, Ñuñoa, Plaza Egaña, Ñuñoa;
2025-11-29 17:50:55;Ñuñoa;departamento;Luis Pereira 786 2 Dorm 2 Baños - Venta Sin Comisión;7190;CLF;2 dormitorios;2 baños;81 m² útiles;2 dormitorios | 2 baños | 81 m² útiles;Luis Pereira 786, Ñuñoa, Parque Botánico, Ñuñoa;
2025-11-29 17:50:55;Ñuñoa;departamento;Av Holanda 3330, 1 Dormitorio ¡venta Sin Comisión!;5500;CLF;1 dormitorio;1 baño;59 m² útiles;1 dormitorio | 1 baño | 59 m² útiles;Holanda 3330, Ñuñoa, Plaza Ñuñoa, Ñuñoa;
2025-11-29 17:50:55;Ñuñoa;departamento;Zañartu 1100,  Metro Rodrigo De Araya, Sin Comisión;2490;CLF;1 dormitorio;1 baño;29 m² útiles;1 dormitorio | 1 baño | 29 m² útiles;Zañartu 1100, Ñuñoa, Chile, Estadio Nacional, Ñuñoa;
2025-11-29 17:50:55;Ñuñoa;departamento;Departamento En Venta En Tucapel 233, Sin Comisión!!;3890;CLF;2 dormitorios;2 baños;49 m² útiles;2 dormitorios | 2 baños | 49 m² útiles;Tucapel 233, Ñuñoa, Chile, Metro Irarrázaval, Ñuñoa;
2025-11-29 17:50:55;Ñuñoa;departamento;Se Vende Departamento, Ñuñoa, Calle Bremen;3650;CLF;3 dormitorios;1 baño;68 m² útiles;3 dormitorios | 1 baño | 68 m² útiles;Metro Simón Bolivar, Ñuñoa;
2025-11-29 17:51:13;Ñuñoa;departamento;Av Sucre 2455, 1 Dormitorio, Sin Comisión;3890;CLF;1 dormitorio;1 baño;41 m² útiles;1 dormitorio | 1 baño | 41 m² útiles;Av. Sucre 2455, Ñuñoa, Chile, Metro Ñuñoa, Ñuñoa;
2025-11-29 17:51:13;Ñuñoa;departamento;El Mas Barato Del Sector!;4999;CLF;3 dormitorios;2 baños;72 m² útiles;3 dormitorios | 2 baños | 72 m² útiles;Exequiel Fernández, 1 - 300, Plaza Ñuñoa, Ñuñoa;
2025-11-29 17:51:13;Ñuñoa;departamento;Departamento En Venta De 2 Dorm. En Ñuñoa;5400;CLF;2 dormitorios;2 baños;61 m² útiles;2 dormitorios | 2 baños | 61 m² útiles;Pascual Baburizza, Hamburgo, Metro Simón Bolivar, Plaza Egaña, Ñuñoa;
2025-11-29 17:51:13;Ñuñoa;departamento;Departamento En Venta De 2 Dorm. En Ñuñoa;4300;CLF;2 dormitorios;2 baños;57 m² útiles;2 dormitorios | 2 baños | 57 m² útiles;Zañartu/Estadio Nacional/Metro Rodrigo De Araya, Estadio Nacional, Ñuñoa;
2025-11-29 17:51:13;Ñuñoa;departamento;Barrio Italia ;6200;CLF;2 dormitorios;2 baños;62 m² útiles;2 dormitorios | 2 baños | 62 m² útiles;Barrio Italia, Metro Monseñor Eyzaguirre, Ñuñoa;
2025-11-29 17:51:13;Ñuñoa;departamento;Moderno Depto 2d 2b Estilo Mariposa;4700;CLF;2 dormitorios;2 baños;53 m² útiles;2 dormitorios | 2 baños | 53 m² útiles;Irarrazaval Con Brown Sur, Plaza Ñuñoa, Ñuñoa;
2025-11-29 17:51:13;Ñuñoa;departamento;Venta Depto 2 D, 2 B, 1 Est. En Ñuñoa, Plaza Ñuñoa, Dr Johow;3980;CLF;2 dormitorios;2 baños;62 m² útiles;2 dormitorios | 2 baños | 62 m² útiles;OPORTUNIDAD VENTA DEPTO EN ÑUÑOA!! EXCELENTE UBICACION DR. JOHOW, Juan Gómez Millas, Ñuñoa;
2025-11-29 17:51:13;Ñuñoa;departamento;Departamento En Venta En Ñuñoa;3960;CLF;2 dormitorios;1 baño;48 m² útiles;2 dormitorios | 1 baño | 48 m² útiles;ESTUPENDA OPORTUNIDAD VENTA DEPARTAMENTO BARRIO ITALIA, Metro Irarrázaval, Ñuñoa;
2025-11-29 17:51:13;Ñuñoa;departamento;Departamento Hamburgo Id: 150980;6700;CLF;2 dormitorios;2 baños;65 m² útiles;2 dormitorios | 2 baños | 65 m² útiles;Hamburgo, Amapolas, Ñuñoa;
2025-11-29 17:51:13;Ñuñoa;departamento;Departamento Holanda Id: 116514;11500;CLF;3 dormitorios;3 baños;125 m² útiles;3 dormitorios | 3 baños | 125 m² útiles;Holanda, Plaza Ñuñoa, Ñuñoa;
2025-11-29 17:51:13;Ñuñoa;departamento;Departamento Avenida Rodrigo De Araya Id: 153317;5550;CLF;3 dormitorios;2 baños;75 m² útiles;3 dormitorios | 2 baños | 75 m² útiles;Avenida Rodrigo De Araya, Estadio Nacional, Ñuñoa;
2025-11-29 17:51:13;Ñuñoa;departamento;Departamento Exequiel Fernández Id: 114910;6100;CLF;3 dormitorios;2 baños;84 m² útiles;3 dormitorios | 2 baños | 84 m² útiles;Exequiel Fernández, Estadio Nacional, Ñuñoa;
2025-11-29 17:51:13;Ñuñoa;departamento;Departamento Dublé Almeyda Id: 159477;6500;CLF;2 dormitorios;2 baños;67 m² útiles;2 dormitorios | 2 baños | 67 m² útiles;Dublé Almeyda, Plaza Ñuñoa, Ñuñoa;
2025-11-29 17:51:13;Ñuñoa;departamento;Departamento Avenida Irarrázaval Id: 135641;6400;CLF;2 dormitorios;2 baños;85 m² útiles;2 dormitorios | 2 baños | 85 m² útiles;Avenida Irarrázaval, Plaza Ñuñoa, Ñuñoa;
2025-11-29 17:51:13;Ñuñoa;departamento;Departamento Avenida Ossa Id: 159931;6500;CLF;3 dormitorios;2 baños;80 m² útiles;3 dormitorios | 2 baños | 80 m² útiles;Avenida Ossa, Metro Simón Bolivar, Ñuñoa;
2025-11-29 17:51:13;Ñuñoa;departamento;Departamento 3d+2+2estc+1bdga En Ñuñoa;3920;CLF;3 dormitorios;2 baños;72 m² útiles;3 dormitorios | 2 baños | 72 m² útiles;Los Alerces, 2400 - 2700, Estadio Nacional, Ñuñoa;
2025-11-29 17:51:13;Ñuñoa;departamento;Depto. Con Vista Despejada Oriente / Metro Villa Frei;5200;CLF;2 dormitorios;2 baños;63 m² útiles;2 dormitorios | 2 baños | 63 m² útiles;Villa Frei, Ñuñoa;
2025-11-29 17:51:13;Ñuñoa;departamento;Vende Departamento 3d / Metro Monseñor Eyzaguirre;6850;CLF;3 dormitorios;2 baños;81 m² útiles;3 dormitorios | 2 baños | 81 m² útiles;Metro Monseñor Eyzaguirre, Ñuñoa;
2025-11-29 17:51:13;Ñuñoa;departamento;Oportunidad!!! Amplio Departamento 4d Gran Ubicación;6990;CLF;4 dormitorios;3 baños;105 m² útiles;4 dormitorios | 3 baños | 105 m² útiles;Ángel Cruchaga Santa María  Dpto., Parque Juan XXIII, Ñuñoa;
2025-11-29 17:51:13;Ñuñoa;departamento;Estudio Remodelado | Metro Irarrázabal;1325;CLF;1 dormitorio;1 baño;21 m² útiles;1 dormitorio | 1 baño | 21 m² útiles;Metro Irarrázaval, Ñuñoa;
2025-11-29 17:51:13;Ñuñoa;departamento;Impecable Y Luminoso Departamento 2d;5850;CLF;2 dormitorios;2 baños;77 m² útiles;2 dormitorios | 2 baños | 77 m² útiles;Metro Ñuñoa, Ñuñoa;
2025-11-29 17:51:13;Ñuñoa;departamento;Depto. 4 Dormitorios - Cauquenes/plaza Egaña;6300;CLF;4 dormitorios;2 baños;94 m² útiles;4 dormitorios | 2 baños | 94 m² útiles;Cauquenes  Depto., Plaza Egaña, Ñuñoa;
2025-11-29 17:51:13;Ñuñoa;departamento;Departamento Campus Oriente/chile España;6000;CLF;3 dormitorios;2 baños;77 m² útiles;3 dormitorios | 2 baños | 77 m² útiles;Campus Oriente/Chile España, Plaza Ñuñoa, Ñuñoa;
2025-11-29 17:51:13;Ñuñoa;departamento;Departamento Metro Irarrázaval/josé Domingo Cañas;5950;CLF;3 dormitorios;2 baños;78 m² útiles;3 dormitorios | 2 baños | 78 m² útiles;Metro Irarrázaval/José Domingo Cañas, Parque San Eugenio - Metro Ñuble, Ñuñoa;
2025-11-29 17:51:13;Ñuñoa;departamento;Se Vende Departamento 1d + 1b + 1e+1box, Ñuñoa;3600;CLF;1 dormitorio;1 baño;46 m² útiles;1 dormitorio | 1 baño | 46 m² útiles;Exequiel Fernández, 881, Ñuñoa;
2025-11-29 17:51:13;Ñuñoa;departamento;Departamento En Venta 3d+3+1e+1box, Ñuñoa;9800;CLF;3 dormitorios;2 baños;113 m² útiles;3 dormitorios | 2 baños | 113 m² útiles;Simon Bolivar, 2580, Metro Ñuñoa, Ñuñoa;
2025-11-29 17:51:13;Ñuñoa;departamento;Departamento En Venta De 1 Dorm. En Ñuñoa;4331;CLF;1 dormitorio;1 baño;35 m² útiles;1 dormitorio | 1 baño | 35 m² útiles;1D 1B Campus Oriente UC, Plaza Ñuñoa, Ñuñoa;
2025-11-29 17:51:13;Ñuñoa;departamento;Venta Amplio Dpto 3dorm 3bañ 1est 1bdg Metro Ñuñoa 130 Mts ;9500;CLF;3 dormitorios;3 baños;107 m² útiles;3 dormitorios | 3 baños | 107 m² útiles;Simón Bolívar 2543, Metro Ñuñoa, Ñuñoa;
2025-11-29 17:51:13;Ñuñoa;departamento;Metro Chile España / Simón B /espronceda Campoamor /oportuno;4193;CLF;1 dormitorio;1 baño;37 m² útiles;1 dormitorio | 1 baño | 37 m² útiles;Espronceda 440, Ñuñoa, Plaza Ñuñoa, Ñuñoa;
2025-11-29 17:51:13;Ñuñoa;departamento;Departamento En Venta De 4 Dorm. En Ñuñoa;4500;CLF;4 dormitorios;2 baños;97 m² útiles;4 dormitorios | 2 baños | 97 m² útiles;El Cobre, Villa Frei, Ñuñoa;
2025-11-29 17:51:13;Ñuñoa;departamento;Departamento En Venta De 2 Dorm. En Ñuñoa;4990;CLF;2 dormitorios;2 baños;52 m² útiles;2 dormitorios | 2 baños | 52 m² útiles;Duble Almeyda, Parque Juan XXIII, Ñuñoa;
2025-11-29 17:51:13;Ñuñoa;departamento;Departamento En Venta De 3d - 2b En Plaza Ñuñoa;5600;CLF;3 dormitorios;2 baños;75 m² útiles;3 dormitorios | 2 baños | 75 m² útiles;Plaza Ñuñoa, Ñuñoa;
2025-11-29 17:51:13;Ñuñoa;departamento;Departamento En Venta De 1 Dorm. En Ñuñoa;3750;CLF;1 dormitorio;1 baño;50 m² útiles;1 dormitorio | 1 baño | 50 m² útiles;Chile España, Ñuñoa;
2025-11-29 17:51:13;Ñuñoa;departamento;Departamento En Venta De 3 Dorm. En Ñuñoa;5450;CLF;3 dormitorios;2 baños;68 m² útiles;3 dormitorios | 2 baños | 68 m² útiles;Pedro De Valdivia / Diagonal Oriente, Metro Ñuñoa, Ñuñoa;
2025-11-29 17:51:13;Ñuñoa;departamento;Depto. Dúplex Sin Deuda- Metro Estadio Nacional;145000000;CLP;3 dormitorios;1 baño;82 m² útiles;3 dormitorios | 1 baño | 82 m² útiles;Corfu 1000, Ñuñoa, Estadio Nacional, Ñuñoa;
2025-11-29 17:51:13;Ñuñoa;departamento;Amplio Depto. En Brown Norte Cerca P. Ñuñoa- Vista Despejada;5100;CLF;2 dormitorios;2 baños;64 m² útiles;2 dormitorios | 2 baños | 64 m² útiles;Brown Nte. 1 - 300, Ñuñoa, Plaza Ñuñoa, Ñuñoa;
2025-11-29 17:51:13;Ñuñoa;departamento;Mejor Precio Gran Ubicación Y Conectividad;4200;CLF;2 dormitorios;2 baños;60 m² útiles;2 dormitorios | 2 baños | 60 m² útiles;San Jorge, 1 - 300, Diagonal Oriente, Ñuñoa;
2025-11-29 17:51:13;Ñuñoa;departamento;Departamento En Venta En Parque San Eugenio;2650;CLF;2 dormitorios;1 baño;37 m² útiles;2 dormitorios | 1 baño | 37 m² útiles;A PASOS METRO ÑUBLE, Parque San Eugenio - Metro Ñuble, Ñuñoa;
2025-11-29 17:51:13;Ñuñoa;departamento;Departamento En Venta De 2 Dorm. Metro Los Orientales, Ñuñoa;4000;CLF;2 dormitorios;2 baños;52 m² útiles;2 dormitorios | 2 baños | 52 m² útiles;Pedro Rico / Metro Los Orientales, Diagonal Oriente, Ñuñoa;
2025-11-29 17:51:13;Ñuñoa;departamento;Departamento En Venta De 2 Dorm. En Ñuñoa;5300;CLF;2 dormitorios;2 baños;60 m² útiles;2 dormitorios | 2 baños | 60 m² útiles;Pucara / Hamburgo, Metro Simón Bolivar, Ñuñoa;
2025-11-29 17:51:13;Ñuñoa;departamento;Depto 2d+2b ,est Y Bod, Ñuñoa , Nuevo;5800;CLF;2 dormitorios;2 baños;62 m² útiles;2 dormitorios | 2 baños | 62 m² útiles;Gerona, 3410, Plaza Ñuñoa, Ñuñoa;
2025-11-29 17:51:13;Ñuñoa;departamento;Frente A Plaza Ñuñoa 1 Dormitorio 1 Baño Orientación Nor-sur;2760;CLF;1 dormitorio;1 baño;39 m² útiles;1 dormitorio | 1 baño | 39 m² útiles;Departamento A Pasos De Plaza Ñuñoa, Ñuñoa;
2025-11-29 17:51:13;Ñuñoa;departamento;Seminuevo Inversión Cercano A Metro - Vic. Mackenna/zañartu;77000000;CLP;1 dormitorio;1 baño;29 m² útiles;1 dormitorio | 1 baño | 29 m² útiles;Zañartu 1100, Ñuñoa, Ñuñoa;
2025-11-29 17:51:13;Ñuñoa;departamento;Vendo Departamento Cercano Metro Ñuble;3500;CLF;2 dormitorios;2 baños;59 m² útiles;2 dormitorios | 2 baños | 59 m² útiles;VENDO DEPARTAMENTO CERCANO METRO ÑUBLE, Ñuñoa;
2025-11-29 17:51:13;Ñuñoa;departamento;Depto. Vista Despejada Cerca Metro;4990;CLF;2 dormitorios;2 baños;67 m² útiles;2 dormitorios | 2 baños | 67 m² útiles;José Manuel Infante 2270, Ñuñoa, Metro Monseñor Eyzaguirre, Ñuñoa;
2025-11-29 17:51:13;Ñuñoa;departamento;Venta Hermoso Departamento En Barrio Italia Ideal Inversión;3750;CLF;1 dormitorio;1 baño;43 m² útiles;1 dormitorio | 1 baño | 43 m² útiles;Emilio Vaisse 177, Metro Irarrázaval, Ñuñoa;
2025-11-29 17:51:13;Ñuñoa;departamento;En Venta Exclusivo Departamento De 2d/3b Con Estacionamiento;6900;CLF;2 dormitorios;3 baños;73 m² útiles;2 dormitorios | 3 baños | 73 m² útiles;Av. Irarrázaval 2220, Ñuñoa, Metro Ñuñoa, Ñuñoa;
2025-11-29 17:51:13;Ñuñoa;departamento;Dpto. En Ñuñoa, 2d/2b,  Barrio Italia;4490;CLF;2 dormitorios;2 baños;59 m² útiles;2 dormitorios | 2 baños | 59 m² útiles;Irarrazaval, 600 - 900, Metro Irarrázaval, Ñuñoa;
2025-11-29 17:51:24;Ñuñoa;departamento;Ideal Inversión: Conectividad Insuperable (130684);4900;CLF;2 dormitorios;2 baños;66 m² útiles;2 dormitorios | 2 baños | 66 m² útiles;Quirihue, Metro Monseñor Eyzaguirre, Ñuñoa;
2025-11-29 17:51:24;Ñuñoa;departamento;Dpto Iluminado/amplio/ A Pasos De Plaza Gmo Franke 3d/3b/2e ;9150;CLF;3 dormitorios;3 baños;111 m² útiles;3 dormitorios | 3 baños | 111 m² útiles;Luis Beltrán 1660, Ñuñoa, Metro Monseñor Eyzaguirre, Ñuñoa;
2025-11-29 17:51:24;Ñuñoa;departamento;Moderno Depto Con Patio Privado Y Cerca Metro Simon Bolivar;7190;CLF;2 dormitorios;2 baños;73 m² útiles;2 dormitorios | 2 baños | 73 m² útiles;Nueva Hannover 600 - 900, Santiago, Ñuñoa, Plaza Egaña, Ñuñoa;
2025-11-29 17:51:24;Ñuñoa;departamento;Sin Comisión, Cerca Metro Orientales Y Mall Plaza Egaña;3200;CLF;1 dormitorio;1 baño;35 m² útiles;1 dormitorio | 1 baño | 35 m² útiles;Dublé Almeyda 5595, Ñuñoa, Diagonal Oriente, Ñuñoa;
2025-11-29 17:51:24;Ñuñoa;departamento;Se Vende Depto 2d +2b+ Est+ Estar. Ñuñoa, Metro Plaza Egaña;5490;CLF;2 dormitorios;2 baños;72 m² útiles;2 dormitorios | 2 baños | 72 m² útiles;Diagonal Oriente 5670, Diagonal Oriente, Ñuñoa;
2025-11-29 17:51:24;Ñuñoa;departamento;Cercano Metro 4 Dormitorios, 3 Baños, Estacionmiento, Bodega;6990;CLF;4 dormitorios;3 baños;103 m² útiles;4 dormitorios | 3 baños | 103 m² útiles;José Domingo Cañas 2001, Ñuñoa, Metro Monseñor Eyzaguirre, Ñuñoa;
2025-11-29 17:51:24;Ñuñoa;departamento;Depto.2d-1b Italia/irarrazaval/metro Irarrázaval (c/est.);4495;CLF;2 dormitorios;1 baño;53 m² útiles;2 dormitorios | 1 baño | 53 m² útiles;Av. Italia 2025, Ñuñoa, Metro Irarrázaval, Ñuñoa;
2025-11-29 17:51:24;Ñuñoa;departamento;Hermoso Depto. 2 Dorm., 1 Baño, Estac. Y Bodega, Metro Ñuñoa;4800;CLF;2 dormitorios;1 baño;52 m² útiles;2 dormitorios | 1 baño | 52 m² útiles;Capitán Orella 2445, Ñuñoa, Metro Ñuñoa, Ñuñoa;
2025-11-29 17:51:24;Ñuñoa;departamento;Depto Ñuñoa 3d+2b Con Vista, Energía Y Silencio $168mm;168000000;CLP;3 dormitorios;2 baños;68 m² útiles;3 dormitorios | 2 baños | 68 m² útiles;San Eugenio 1065, Ñuñoa, Parque San Eugenio - Metro Ñuble, Ñuñoa;
2025-11-29 17:51:24;Ñuñoa;departamento;Departamento 2 Dormitorios 2 Baños, Plaza Egaña, Ñuñoa;5700;CLF;2 dormitorios;2 baños;74 m² útiles;2 dormitorios | 2 baños | 74 m² útiles;Francisco De Villagra 327, Ñuñoa, Diagonal Oriente, Ñuñoa;
2025-11-29 17:51:24;Ñuñoa;departamento;Hermoso Departamento Amplio, 2d/2b Con Est. Y Bod. Metro;5100;CLF;2 dormitorios;2 baños;70 m² útiles;2 dormitorios | 2 baños | 70 m² útiles;Quirihue 250, Ñuñoa, Metro Monseñor Eyzaguirre, Ñuñoa;
2025-11-29 17:51:24;Ñuñoa;departamento;Depto 3d-2b-2estacion. J.d.cañas/campo Deportes-metro Ñuñoa;5990;CLF;3 dormitorios;2 baños;85 m² útiles;3 dormitorios | 2 baños | 85 m² útiles;José Domingo Cañas 1800 - 2100, Ñuñoa, Metro Monseñor Eyzaguirre, Ñuñoa;
2025-11-29 17:51:24;Ñuñoa;departamento;Oportunidad De Inversion!! Airbnb Funcionando;3100;CLF;1 dormitorio;1 baño;23 m² útiles;1 dormitorio | 1 baño | 23 m² útiles;Av. Irarrázaval 1989, Santiago, Ñuñoa, Metro Monseñor Eyzaguirre, Ñuñoa;
2025-11-29 17:51:24;Ñuñoa;departamento;Departamento Para Inversión - 2 Bod Y 2 Est. Opcional - ;4420;CLF;2 dormitorios;2 baños;70 m² útiles;2 dormitorios | 2 baños | 70 m² útiles;Av. Irarrázaval 1989, Ñuñoa, Metro Monseñor Eyzaguirre, Ñuñoa;
2025-11-29 17:51:24;Ñuñoa;departamento;Precioso Departamento 3d+2b+ Sala De Estar O Home Office.;6750;CLF;3 dormitorios;2 baños;76 m² útiles;3 dormitorios | 2 baños | 76 m² útiles;Suárez Mujica 2909, Ñuñoa, Estadio Nacional, Ñuñoa;
2025-11-29 17:51:24;Ñuñoa;departamento;Departamento 3 Dormitorios 2 Baños, Metro Plaza Egaña Ñuñoa;6500;CLF;3 dormitorios;2 baños;84 m² útiles;3 dormitorios | 2 baños | 84 m² útiles;Francisco De Villagra 327, Ñuñoa, Diagonal Oriente, Ñuñoa;
2025-11-29 17:51:24;Ñuñoa;departamento;Oportunidad: Departamento 4d, 3b, 1e, 1b;6450;CLF;4 dormitorios;3 baños;93 m² útiles;4 dormitorios | 3 baños | 93 m² útiles;Los Cerezos 33, Parque Juan XXIII, Ñuñoa;
2025-11-29 17:51:24;Ñuñoa;departamento;Departamento Moderno Ñuñoa Barrio Italia Irarrazaval;4800;CLF;2 dormitorios;1 baño;43 m² útiles;2 dormitorios | 1 baño | 43 m² útiles;Seminario 763, Ñuñoa, Metro Irarrázaval, Ñuñoa;
2025-11-29 17:51:24;Ñuñoa;departamento;Depto 2do Piso, 2d Y 2b. Vende Su Dueño, Ahorre M$ 4,1.;4450;CLF;2 dormitorios;2 baños;58 m² útiles;2 dormitorios | 2 baños | 58 m² útiles;Av. Irarrázaval 5000, Ñuñoa, Plaza Egaña, Ñuñoa;
2025-11-29 17:51:24;Ñuñoa;departamento;Venta Directa Depto. Sin Comision, 1 Dorm En Suite,;3995;CLF;1 dormitorio;1 baño;45 m² útiles;1 dormitorio | 1 baño | 45 m² útiles;Chile España 105, Santiago De Chile, Ñuñoa, Plaza Ñuñoa, Ñuñoa;
2025-11-29 17:51:24;Ñuñoa;departamento;Uf 3.550 Dpto 1 D+1b +1 Bod+1 Est Condell / Irarrázaval;3550;CLF;1 dormitorio;1 baño;37 m² útiles;1 dormitorio | 1 baño | 37 m² útiles;Condell 1872, Metro Irarrázaval, Ñuñoa;
2025-11-29 17:51:24;Ñuñoa;departamento;Amplio Departamento 3 Dormitorios 2 Baños En Ñuñoa;4690;CLF;3 dormitorios;2 baños;72 m² útiles;3 dormitorios | 2 baños | 72 m² útiles;San Eugenio 1085, Ñuñoa, Parque San Eugenio - Metro Ñuble, Ñuñoa;
2025-11-29 17:51:24;Ñuñoa;departamento;Departamento Moderno En Venta Ñuñoa 2d+2b+2e+1bod+1terraza;5300;CLF;2 dormitorios;2 baños;60 m² útiles;2 dormitorios | 2 baños | 60 m² útiles;Av. Rodrigo De Araya 3280, Ñuñoa, Juan Gómez Millas, Ñuñoa;
2025-11-29 17:51:24;Ñuñoa;departamento;Se Vende Hermoso Departamento Tipo Estudio Totalmente Nuevo ;94000000;CLP;;1 baño;23 m² útiles;1 baño | 23 m² útiles;Manuel Montt 2630, Ñuñoa, Metro Monseñor Eyzaguirre, Ñuñoa;
2025-11-29 17:51:24;Ñuñoa;departamento;Departamento Único Dueño;4495;CLF;2 dormitorios;2 baños;60 m² útiles;2 dormitorios | 2 baños | 60 m² útiles;Sta. Julia 45, Ñuñoa, Parque Juan XXIII, Ñuñoa;
2025-11-29 17:51:24;Ñuñoa;departamento;Metro Villa Frei;4000;CLF;3 dormitorios;2 baños;89 m² útiles;3 dormitorios | 2 baños | 89 m² útiles;Bucalemu 49, Ñuñoa, Santiago, Región Metropolitana, Chile, Villa Frei, Ñuñoa;
2025-11-29 17:51:24;Ñuñoa;departamento;Depto. 2d Dublé Almeyda/pedro Valdivia-metro Ñuñoa(luminoso);2990;CLF;2 dormitorios;1 baño;48 m² útiles;2 dormitorios | 1 baño | 48 m² útiles;Dublé Almeyda 2100 - 2400, Ñuñoa, Metro Ñuñoa, Ñuñoa;
2025-11-29 17:51:24;Ñuñoa;departamento;Departamento En Venta En Ñuñoa;6800;CLF;3 dormitorios;2 baños;92 m² útiles;3 dormitorios | 2 baños | 92 m² útiles;Plaza Ñuñoa / 3D+2B, Ñuñoa;
2025-11-29 17:51:24;Ñuñoa;departamento;Departamento En Venta De 2 Dorm. En Ñuñoa;4990;CLF;2 dormitorios;2 baños;62 m² útiles;2 dormitorios | 2 baños | 62 m² útiles;"Duble Almeyda / 2D &#43; 2B, Metro Monseñor Eyzaguirre, Ñuñoa";
2025-11-29 17:51:24;Ñuñoa;departamento;Oportunidad! Depto Amplio Antiguo En Venta 3d 2b En Ñuñoa;4400;CLF;3 dormitorios;2 baños;80 m² útiles;3 dormitorios | 2 baños | 80 m² útiles;Nueva Seminario, Metro Irarrázaval, Ñuñoa;
2025-11-29 17:51:24;Ñuñoa;departamento;Departamento Espectacular Ubicación, Campus Oriente;4997;CLF;2 dormitorios;2 baños;62 m² útiles;2 dormitorios | 2 baños | 62 m² útiles;Bayona 3100, Ñuñoa, Plaza Ñuñoa, Ñuñoa;
2025-11-29 17:51:24;Ñuñoa;departamento;Depart Estilo Mariposa 2 Dorm 2 Bañ 1 E 1 B. En Plaza Ñuñoa;6200;CLF;2 dormitorios;2 baños;63 m² útiles;2 dormitorios | 2 baños | 63 m² útiles;Holanda / Gerona / Metro Chile España, Plaza Ñuñoa, Ñuñoa;
2025-11-29 17:51:24;Ñuñoa;departamento;Departamento En Ñuñoa/ Condiciones Especiales Financiamiento;3882;CLF;1 dormitorio;1 baño;44 m² útiles;1 dormitorio | 1 baño | 44 m² útiles;Vicuña Mackenna 692, Ñuñoa., Metro Irarrázaval, Ñuñoa;
2025-11-29 17:51:24;Ñuñoa;departamento;Brown Norte / Simon Bolivar;5200;CLF;4 dormitorios;3 baños;90 m² útiles;4 dormitorios | 3 baños | 90 m² útiles;BROWN NORTE / SIMON BOLIVAR, Plaza Ñuñoa, Ñuñoa;
2025-11-29 17:51:24;Ñuñoa;departamento;Departamento Nuevo 2d-2b Ñuñoa Cercano Metro Chile Esp;6871;CLF;2 dormitorios;2 baños;67 m² útiles;2 dormitorios | 2 baños | 67 m² útiles;DEPARTAMENTO NUEVO 2D-2B ÑUÑOA CERCANO METRO CHILE ESP, Plaza Ñuñoa, Ñuñoa;
2025-11-29 17:51:24;Ñuñoa;departamento;Inmejorable Ubicación En Ñuñoa Depto 1d/1b. Metro Ñuñoa.;4050;CLF;1 dormitorio;1 baño;40 m² útiles;1 dormitorio | 1 baño | 40 m² útiles;Alcalde Eduardo Castillo Velasco 2958, Ñuñoa, Plaza Ñuñoa, Ñuñoa;
2025-11-29 17:51:24;Ñuñoa;departamento;Depto Semi Nuevo 2d 2b Impecable!!!;3300;CLF;2 dormitorios;2 baños;50 m² útiles;2 dormitorios | 2 baños | 50 m² útiles;Zañartu 2400 - 2700, Ñuñoa, Región Metropolitana, Chile, Estadio Nacional, Ñuñoa;
2025-11-29 17:51:24;Ñuñoa;departamento;De Oportunidad! Último Precio!! Plaza Ñuñoa;8500;CLF;3 dormitorios;3 baños;112 m² útiles;3 dormitorios | 3 baños | 112 m² útiles;Los Talaveras 1 - 300, Ñuñoa, Parque Juan XXIII, Ñuñoa;
2025-11-29 17:51:24;Ñuñoa;departamento;Encantador Departamento Remodelado A Pasos De Barrio Italia;5000;CLF;3 dormitorios;2 baños;70 m² útiles;3 dormitorios | 2 baños | 70 m² útiles;Matta Ote. 720, Ñuñoa, Metro Irarrázaval, Ñuñoa;
2025-11-29 17:51:24;Ñuñoa;departamento;Precioso Lyon 3d/2b/1e/1b Metro Ñuñoa;6189;CLF;3 dormitorios;2 baños;77 m² útiles;3 dormitorios | 2 baños | 77 m² útiles;Av. Ricardo Lyon 3300 - 3600, Ñuñoa, Metro Ñuñoa, Ñuñoa;
2025-11-29 17:51:24;Ñuñoa;departamento;Departamento En Venta 2 Dormitorio 2 Baños, Est.plaza Ñuñoa ;5200;CLF;2 dormitorios;2 baños;59 m² útiles;2 dormitorios | 2 baños | 59 m² útiles;"Manuel De Salas &amp; Irarrazaval, Plaza Ñuñoa, Ñuñoa";
2025-11-29 17:51:24;Ñuñoa;departamento;Venta Amplio Y Cómodo Departamento Ñuñoa 3d-2b Est. Y Bod. ;6890;CLF;3 dormitorios;2 baños;95 m² útiles;3 dormitorios | 2 baños | 95 m² útiles;Santa Julia Con Irarrázaval, Parque Juan XXIII, Ñuñoa;
2025-11-29 17:51:24;Ñuñoa;departamento;Ñuñoa Espacio Y Vista Espectacular;7120;CLF;3 dormitorios;2 baños;95 m² útiles;3 dormitorios | 2 baños | 95 m² útiles;Chile España 120, Ñuñoa, Plaza Ñuñoa, Ñuñoa;
2025-11-29 17:51:24;Ñuñoa;departamento;Depto Nuevo En Venta De 1 Dorm. En Ñuñoa;5012;CLF;1 dormitorio;1 baño;37 m² útiles;1 dormitorio | 1 baño | 37 m² útiles;Américo Vespucio / Eduardo Castillo Velasco, Diagonal Oriente, Ñuñoa;
2025-11-29 17:51:24;Ñuñoa;departamento;Departamento En Venta En Ñuñoa;5750;CLF;3 dormitorios;2 baños;82 m² útiles;3 dormitorios | 2 baños | 82 m² útiles;Dublé Almeyda / Metro Mons. Eyzaguirre, Metro Monseñor Eyzaguirre, Ñuñoa;
2025-11-29 17:51:24;Ñuñoa;departamento;Departamento En Venta De 1 Dorm. En Ñuñoa;3500;CLF;1 dormitorio;1 baño;33 m² útiles;1 dormitorio | 1 baño | 33 m² útiles;Pedro De Valdivia / Irarrazaval, Metro Ñuñoa, Ñuñoa;
2025-11-29 17:51:24;Ñuñoa;departamento;"Depto En Venta De 1d &#43; 1b. En Ñuñoa En Metro Villa Frei ";3450;CLF;1 dormitorio;1 baño;29 m² útiles;1 dormitorio | 1 baño | 29 m² útiles;Metro Villa Frei / Ñuñoa, Ñuñoa;
2025-11-29 17:51:24;Ñuñoa;departamento;Departamento / Los Cerezos / Ñuñoa;4950;CLF;2 dormitorios;2 baños;60 m² útiles;2 dormitorios | 2 baños | 60 m² útiles;LOS CEREZOS / ÑUÑOA, Villa Frei, Ñuñoa;
2025-11-29 17:52:21;Ñuñoa;departamento;Venta Departamento Ñuñoa 3d 2b 2 Estacionamientos 76 Mt2;4800;CLF;3 dormitorios;2 baños;76 m² útiles;3 dormitorios | 2 baños | 76 m² útiles;Alcalde Jorge Monckeberg / Av. Grecia, Ñuñoa;
2025-11-29 17:52:21;Ñuñoa;departamento;Amplio Dpto 3d/2b+estacionamiento+bodega Metro Chile España;6350;CLF;3 dormitorios;2 baños;90 m² útiles;3 dormitorios | 2 baños | 90 m² útiles;Regina Pacis 760, Ñuñoa, Plaza Ñuñoa, Ñuñoa;
2025-11-29 17:52:21;Ñuñoa;departamento;Lindo Departamento, Excelente Ubicación, Comisión Rebajada¡;4950;CLF;2 dormitorios;2 baños;67 m² útiles;2 dormitorios | 2 baños | 67 m² útiles;Román Díaz, Ñuñoa, Metro Monseñor Eyzaguirre, Ñuñoa;
2025-11-29 17:52:21;Ñuñoa;departamento;Impecable 48m2 1d 1b Est Bodega San Jorge, Ñuñoa;142000000;CLP;1 dormitorio;1 baño;40 m² útiles;1 dormitorio | 1 baño | 40 m² útiles;San Jorge 60, Ñuñoa, Diagonal Oriente, Ñuñoa;
2025-11-29 17:52:21;Ñuñoa;departamento;Excelente Ubicacion Con Vista Despejada;4890;CLF;2 dormitorios;2 baños;68 m² útiles;2 dormitorios | 2 baños | 68 m² útiles;Av. Sucre 2970, Ñuñoa, Plaza Ñuñoa, Ñuñoa;
2025-11-29 17:52:21;Ñuñoa;departamento;Cómodo Departamento De 2 Dormitorios En Excelente Ubicación;4290;CLF;2 dormitorios;1 baño;59 m² útiles;2 dormitorios | 1 baño | 59 m² útiles;Antonio Varas 2353, Ñuñoa, Metro Monseñor Eyzaguirre, Ñuñoa;
2025-11-29 17:52:21;Ñuñoa;departamento;Departamento De 3 Dormitorios Y 2 Baños ;8700;CLF;3 dormitorios;2 baños;104 m² útiles;3 dormitorios | 2 baños | 104 m² útiles;Antonio Varas  2255, Metro Monseñor Eyzaguirre, Ñuñoa;
2025-11-29 17:52:21;Ñuñoa;departamento;Edificio Simon Bolivar 2543 Dpto 41, Ñuñoa;9110;CLF;3 dormitorios;3 baños;105 m² útiles;3 dormitorios | 3 baños | 105 m² útiles;Av. Simón Bolívar 2543, Ñuñoa, Santiago, Metro Ñuñoa, Ñuñoa;
2025-11-29 17:52:21;Ñuñoa;departamento;Amplio,luminoso Y Confortable Departamento;10300;CLF;3 dormitorios;3 baños;100 m² útiles;3 dormitorios | 3 baños | 100 m² útiles;Bremen 1644, Santiago, Ñuñoa, Amapolas, Ñuñoa;
2025-11-29 17:52:21;Ñuñoa;departamento;Hamburgo 1155;5100;CLF;2 dormitorios;2 baños;60 m² útiles;2 dormitorios | 2 baños | 60 m² útiles;Hamburgo 1155, Ñuñoa, Metro Simón Bolivar, Ñuñoa;
2025-11-29 17:52:21;Ñuñoa;departamento;Vende Dueña-para Inversión A Pasos De Metro Mons.eyzaguirre ;3250;CLF;1 dormitorio;1 baño;38 m² útiles;1 dormitorio | 1 baño | 38 m² útiles;Avenida Irarrázaval 1401, Ñuñoa, Chile, Metro Monseñor Eyzaguirre, Ñuñoa;
2025-11-29 17:52:21;Ñuñoa;departamento;Edificio Moderno, 2 Dormitorios (uno Pequeño), Metro;3360;CLF;1 dormitorio;2 baños;45 m² útiles;1 dormitorio | 2 baños | 45 m² útiles;Zañartu 980, Ñuñoa, Estadio Nacional, Ñuñoa;
2025-11-29 17:52:21;Ñuñoa;departamento;Venta Sin Comisión, Acogedor Depto 3 Dormitorios, Ñuñoa;6520;CLF;3 dormitorios;2 baños;81 m² útiles;3 dormitorios | 2 baños | 81 m² útiles;Av. Ricardo Lyon 3300, Ñuñoa, Ñuñoa;
2025-11-29 17:52:21;Ñuñoa;departamento;La Calidad De Vida Que Buscas, Empieza Aquí !;5300;CLF;2 dormitorios;2 baños;68 m² útiles;2 dormitorios | 2 baños | 68 m² útiles;Augusto Villanueva, Ñuñoa, Parque Juan XXIII, Ñuñoa;
2025-11-29 17:52:21;Ñuñoa;departamento;Impecable 2d 2b. Ideal Vivienda O Inversión. ;4700;CLF;2 dormitorios;2 baños;61 m² útiles;2 dormitorios | 2 baños | 61 m² útiles;Mujica 1 - 300, Providencia, Ñuñoa, Metro Irarrázaval, Ñuñoa;
2025-11-29 17:52:21;Ñuñoa;departamento;Exclusivo Depto 3d/2b A Pasos De Metro Y Plaza Ñuñoa!;5990;CLF;3 dormitorios;2 baños;95 m² útiles;3 dormitorios | 2 baños | 95 m² útiles;José Luis Araneda 92, Ñuñoa, Ñuñoa;
2025-11-29 17:52:21;Ñuñoa;departamento;Depto Ñuñoa- 2d2b - Metro L3 Y L4 -1er Piso;5990;CLF;2 dormitorios;2 baños;82 m² útiles;2 dormitorios | 2 baños | 82 m² útiles;Av. Simón Bolívar 4949, La Reina, Ñuñoa, Plaza Egaña, Ñuñoa;
2025-11-29 17:52:21;Ñuñoa;departamento;Hermoso Departamento Remodelado En Excelente Sector De Ñuñoa;5290;CLF;2 dormitorios;1 baño;72 m² útiles;2 dormitorios | 1 baño | 72 m² útiles;Villaseca 943, Ñuñoa, Chile, Metro Ñuñoa, Ñuñoa;
2025-11-29 17:52:21;Ñuñoa;departamento;Ñuñoa 3d+3b, 147m2 - Elegancia, Amplitud Y Vistas Despejadas;12350;CLF;3 dormitorios;3 baños;112 m² útiles;3 dormitorios | 3 baños | 112 m² útiles;Prof. Rodolfo Lenz 500, Ñuñoa, Plaza Ñuñoa, Ñuñoa;
2025-11-29 17:52:21;Ñuñoa;departamento;Maravilloso, Full Remodelado!;5800;CLF;2 dormitorios;3 baños;85 m² útiles;2 dormitorios | 3 baños | 85 m² útiles;Alcalde Jorge Monckeberg 776, Ñuñoa, Santiago, Villa Frei, Ñuñoa;
2025-11-29 17:52:21;Ñuñoa;departamento;Depto 2d-2b 90mts2 S.bolívar/bremen-metro Simón Bolívar(c/e);6090;CLF;2 dormitorios;2 baños;82 m² útiles;2 dormitorios | 2 baños | 82 m² útiles;Av. Simón Bolívar 4800 - 5100, Ñuñoa, Metro Simón Bolivar, Ñuñoa;
2025-11-29 17:52:21;Ñuñoa;departamento;"Estrella Solitaria 4801 - Coventry;  Ñuñoa, Metro Villa Frei";3490;CLF;2 dormitorios;1 baño;39 m² útiles;2 dormitorios | 1 baño | 39 m² útiles;Estrella Solitaria 4820, 7790564 Ñuñoa, Región Metropolitana, Chile, Ñuñoa;
2025-11-29 17:52:21;Ñuñoa;departamento;Depto 3 Dormitorios A Pasos De Metro Grecia;104900000;CLP;3 dormitorios;1 baño;66 m² útiles;3 dormitorios | 1 baño | 66 m² útiles;Av. Grecia 5055, Ñuñoa, Villa Los Jardínes - Villa Los Presidentes, Ñuñoa;
2025-11-29 17:52:21;Ñuñoa;departamento;Depto Luminoso 3d/1b;140000000;CLP;3 dormitorios;1 baño;77 m² útiles;3 dormitorios | 1 baño | 77 m² útiles;Los Alerces 2085, Ñuñoa, Estadio Nacional, Ñuñoa;
2025-11-29 17:52:21;Ñuñoa;departamento;Departamento 2 Dormitorios, Terraza, Ñuñoa Cercano A Metro;4406;CLF;2 dormitorios;2 baños;65 m² útiles;2 dormitorios | 2 baños | 65 m² útiles;San Eugenio 1331, Ñuñoa, Parque San Eugenio - Metro Ñuble, Ñuñoa;
2025-11-29 17:52:21;Ñuñoa;departamento;Espectacular Vista Panorámica;3850;CLF;2 dormitorios;1 baño;50 m² útiles;2 dormitorios | 1 baño | 50 m² útiles;Av. José Pedro Alessandri 900 - 1200, Ñuñoa, Estadio Nacional, Ñuñoa;
2025-11-29 17:52:21;Ñuñoa;departamento;Departamento 1 Dormitorio 1 Baño En Suite + Estacionamiento;3050;CLF;1 dormitorio;1 baño;35 m² útiles;1 dormitorio | 1 baño | 35 m² útiles;Av. Irarrázaval 1989, Ñuñoa, Metro Monseñor Eyzaguirre, Ñuñoa;
2025-11-29 17:52:21;Ñuñoa;departamento;Edificio Full Equipado;3900;CLF;1 dormitorio;1 baño;40 m² útiles;1 dormitorio | 1 baño | 40 m² útiles;Av. Irarrázaval 5353, Ñuñoa, Plaza Egaña, Ñuñoa;
2025-11-29 17:52:21;Ñuñoa;departamento;Departamento En Ñuñoa Con Patio Privado  88m/2250 Uf;2250;CLF;2 dormitorios;1 baño;65 m² útiles;2 dormitorios | 1 baño | 65 m² útiles;Fidias, Ñuñoa, Estadio Nacional, Ñuñoa;
2025-11-29 17:52:21;Ñuñoa;departamento;Departamento 2d/2b Zañartu Ñuñoa;4250;CLF;2 dormitorios;2 baños;62 m² útiles;2 dormitorios | 2 baños | 62 m² útiles;Zañartu 2132, Ñuñoa, Chile, Estadio Nacional, Ñuñoa;
2025-11-29 17:52:21;Ñuñoa;departamento;Departamento En Venta En Ñuñoa;5400;CLF;2 dormitorios;2 baños;50 m² útiles;2 dormitorios | 2 baños | 50 m² útiles;Pucará 4800 - 5100, Santiago, Ñuñoa, Metro Simón Bolivar, Ñuñoa;
2025-11-29 17:52:21;Ñuñoa;departamento;Amplio Y Precioso Depto Con Próxima Conexión Metro Linea 8;5200;CLF;3 dormitorios;2 baños;81 m² útiles;3 dormitorios | 2 baños | 81 m² útiles;Av. José Pedro Alessandri 1620, Ñuñoa, Juan Gómez Millas, Ñuñoa;
2025-11-29 17:52:21;Ñuñoa;departamento;Hermoso Departamento En Ñuñoa;3990;CLF;2 dormitorios;2 baños;47 m² útiles;2 dormitorios | 2 baños | 47 m² útiles;Av. José Pedro Alessandri 1620, Ñuñoa, Juan Gómez Millas, Ñuñoa;
2025-11-29 17:52:21;Ñuñoa;departamento;Departamento En Venta En Diego De Almagro, Ñuñoa;5500;CLF;2 dormitorios;2 baños;63 m² útiles;2 dormitorios | 2 baños | 63 m² útiles;Coventry 1934, Ñuñoa, Diego De Almagro, Ñuñoa;
2025-11-29 17:52:21;Ñuñoa;departamento;J. Pedro Alessandri 1620, Amplio Y Gran Vista  Despejada;5200;CLF;2 dormitorios;2 baños;81 m² útiles;2 dormitorios | 2 baños | 81 m² útiles;Av. José Pedro Alessandri 1620, Ñuñoa, Juan Gómez Millas, Ñuñoa;
2025-11-29 17:52:21;Ñuñoa;departamento;Departamento En Venta En Ñuñoa;2998;CLF;1 dormitorio;1 baño;25 m² útiles;1 dormitorio | 1 baño | 25 m² útiles;Av. Vicuña Mackenna 1290, Ñuñoa, Parque San Eugenio - Metro Ñuble, Ñuñoa;
2025-11-29 17:52:21;Ñuñoa;departamento;Semi-nuevo 2d-2b-1e-1b, Vista 100% Despejada, Muy Luminoso;5900;CLF;2 dormitorios;2 baños;68 m² útiles;2 dormitorios | 2 baños | 68 m² útiles;Las Dalias 1870, Ñuñoa, Estadio Nacional, Ñuñoa;
2025-11-29 17:52:21;Ñuñoa;departamento;Se Vende Excelente Dpto. En Privilegiada Ubicación De Ñuñoa;4850;CLF;2 dormitorios;2 baños;70 m² útiles;2 dormitorios | 2 baños | 70 m² útiles;Exequiel Fernández 600 - 900, Ñuñoa, Estadio Nacional, Ñuñoa;
2025-11-29 17:52:21;Ñuñoa;departamento;Oportunidad! Depto 3d 2b Excelente Estado;4550;CLF;3 dormitorios;2 baños;72 m² útiles;3 dormitorios | 2 baños | 72 m² útiles;Los Alerces 3330, Ñuñoa, Juan Gómez Millas, Ñuñoa;
2025-11-29 17:52:21;Ñuñoa;departamento;Amplio E Iluminado Dpto En Villa Frei, Excelente Conexion;140000000;CLP;3 dormitorios;1 baño;70 m² útiles;3 dormitorios | 1 baño | 70 m² útiles;Av. Grecia 5098, Ñuñoa, Villa Frei, Ñuñoa;
2025-11-29 17:52:21;Ñuñoa;departamento;Departamento En Ñuñoa Ideal Para Niños;6600;CLF;4 dormitorios;2 baños;82 m² útiles;4 dormitorios | 2 baños | 82 m² útiles;Av. Simón Bolívar 4150, Parque Juan XXIII, Ñuñoa;
2025-11-29 17:52:21;Ñuñoa;departamento;En Venta Exquisito Depto. 3d, Metro Simón Bolivar, Ñuñoa;7600;CLF;3 dormitorios;2 baños;74 m² útiles;3 dormitorios | 2 baños | 74 m² útiles;Pucará 5100 - 5400, Ñuñoa, Metro Simón Bolivar, Ñuñoa;
2025-11-29 17:52:21;Ñuñoa;departamento;Amplio Y Acogedor Departamento En Venta De 1d. En Ñuñoa;3390;CLF;1 dormitorio;1 baño;40 m² útiles;1 dormitorio | 1 baño | 40 m² útiles;"Juan Gomez Millas &amp; Exequiel Fernandez, Estadio Nacional, Ñuñoa";
2025-11-29 17:52:21;Ñuñoa;departamento;Departamento En Venta En Ñuñoa;3400;CLF;1 dormitorio;1 baño;35 m² útiles;1 dormitorio | 1 baño | 35 m² útiles;METRO CHILE ESPAÑA 1D 1B ESCUCHAMOS TU OFERTA, Ñuñoa;
2025-11-29 17:52:21;Ñuñoa;departamento;Departamento En Venta En Diagonal Oriente Ñuñoa;4490;CLF;1 dormitorio;1 baño;38 m² útiles;1 dormitorio | 1 baño | 38 m² útiles;SE VENDE DPTO 1D 1B 1E 1B DIAGONAL ORIENTE ÑUÑOA, Diagonal Oriente, Ñuñoa;
2025-11-29 17:52:21;Ñuñoa;departamento;Depto 3d 2b En Macul, 100 M2, Con Vista A La Cordillera;5200;CLF;3 dormitorios;2 baños;100 m² útiles;3 dormitorios | 2 baños | 100 m² útiles;Av. José Pedro Alessandri 1620, Ñuñoa, Juan Gómez Millas, Ñuñoa;
2025-11-29 17:52:21;Ñuñoa;departamento;Departamento De 3 Dormitorios Y 2 Baños Cercano Al Metro;160000000;CLP;3 dormitorios;2 baños;65 m² útiles;3 dormitorios | 2 baños | 65 m² útiles;San Eugenio 1065, Ñuñoa, Parque San Eugenio - Metro Ñuble, Ñuñoa;
2025-11-29 17:52:21;Ñuñoa;departamento;Departamento De 3 Dormitorios A Menos De 5 Minutos Del Metro;5200;CLF;3 dormitorios;2 baños;66 m² útiles;3 dormitorios | 2 baños | 66 m² útiles;Matta Ote. 401, 7750104 Santiago, Ñuñoa, Región Metropolitana, Chile, Metro Irarrázaval, Ñuñoa;
2025-11-29 17:52:58;Ñuñoa;departamento;Venta En Ñuñoa De 1d 1b  Vivir O Invertir;3190;CLF;1 dormitorio;1 baño;35 m² útiles;1 dormitorio | 1 baño | 35 m² útiles;Zañartu 2560, Ñuñoa, Estadio Nacional, Ñuñoa;
2025-11-29 17:52:58;Ñuñoa;departamento;Venta Casi Nuevo, Impecable, 3d3b/2e1b Espacioso Y Luminoso;9800;CLF;3 dormitorios;3 baños;119 m² útiles;3 dormitorios | 3 baños | 119 m² útiles;Pascual Baburizza 595, Ñuñoa, Plaza Egaña, Ñuñoa;
2025-11-29 17:52:58;Ñuñoa;departamento;Venta Depto 2d2b, Metro Ñuñoa, Impecable;7300;CLF;2 dormitorios;2 baños;75 m² útiles;2 dormitorios | 2 baños | 75 m² útiles;Av. Simón Bolívar 2543, Ñuñoa, Santiago, Metro Ñuñoa, Ñuñoa;
2025-11-29 17:52:58;Ñuñoa;departamento;Venta De Departamento En Nuñoa;3750;CLF;2 dormitorios;2 baños;52 m² útiles;2 dormitorios | 2 baños | 52 m² útiles;ZAÑARTU, Estadio Nacional, Ñuñoa;
2025-11-29 17:52:58;Ñuñoa;departamento;Departamento En Venta Full Remodelado - Ñuñoa;5800;CLF;2 dormitorios;2 baños;71 m² útiles;2 dormitorios | 2 baños | 71 m² útiles;Fernández Concha, Ñuñoa, Metro Irarrázaval, Ñuñoa;
2025-11-29 17:52:58;Ñuñoa;departamento;Venta De Departamento En Ñuñoa;6900;CLF;2 dormitorios;3 baños;73 m² útiles;2 dormitorios | 3 baños | 73 m² útiles;IRARRAZAVAL CERCANO A METRO ÑUÑOA, Metro Ñuñoa, Ñuñoa;
2025-11-29 17:52:58;Ñuñoa;departamento;"Norte, Estacionamiento! 2d &#43; 2b Mariposa";5190;CLF;2 dormitorios;2 baños;42 m² útiles;2 dormitorios | 2 baños | 42 m² útiles;Nuevo Recién Entregado! 2 Dormitorios 2 Baños, Parque San Eugenio - Metro Ñuble, Ñuñoa;
2025-11-29 17:52:58;Ñuñoa;departamento;Venta De Departamento En Ñuñoa;4550;CLF;1 dormitorio;2 baños;45 m² útiles;1 dormitorio | 2 baños | 45 m² útiles;DUBLE ALMEYDA, Plaza Ñuñoa, Ñuñoa;
2025-11-29 17:52:58;Ñuñoa;departamento;Venta De Departamento En Nuñoa;4300;CLF;1 dormitorio;1 baño;40 m² útiles;1 dormitorio | 1 baño | 40 m² útiles;HERIBERTO COVARRUBIAS, Metro Simón Bolivar, Ñuñoa;
2025-11-29 17:52:58;Ñuñoa;departamento;Impecable Depto Vista Despejada, 4 Dorm. 2 Estacionamientos;8990;CLF;4 dormitorios;3 baños;114 m² útiles;4 dormitorios | 3 baños | 114 m² útiles;Chile España Con Simón Bolivar, Vista Despejada, Plaza Ñuñoa, Ñuñoa;
2025-11-29 17:52:58;Ñuñoa;departamento;2 Años De Uso, Impecable. Como Nuevo!! ;6700;CLF;2 dormitorios;2 baños;67 m² útiles;2 dormitorios | 2 baños | 67 m² útiles;1 Año De Uso, Impecable!, Plaza Ñuñoa, Ñuñoa;
2025-11-29 17:52:58;Ñuñoa;departamento;Seminuevo 3 Dormitorios, Calle Luis Pereira Con Echeñique;7490;CLF;3 dormitorios;2 baños;89 m² útiles;3 dormitorios | 2 baños | 89 m² útiles;Seminuevo, 3 Dormitorios, Impecable!, Parque Botánico, Ñuñoa;
2025-11-29 17:52:58;Ñuñoa;departamento;Venta De Departamento En Ñuñoa;5690;CLF;3 dormitorios;2 baños;85 m² totales;3 dormitorios | 2 baños | 85 m² totales;FRANCISCO DE VILLAGRA, Plaza Egaña, Ñuñoa;
2025-11-29 17:52:58;Ñuñoa;departamento;Venta De Departamento En Ñuñoa;4790;CLF;2 dormitorios;2 baños;52 m² útiles;2 dormitorios | 2 baños | 52 m² útiles;IRARRAZAVAL CERCANO A METRO PLAZA EGAÑA, Plaza Egaña, Ñuñoa;
2025-11-29 17:52:58;Ñuñoa;departamento;Venta De Departamento En Ñuñoa;2750;CLF;1 dormitorio;1 baño;33 m² útiles;1 dormitorio | 1 baño | 33 m² útiles;GENERAL BUSTAMENTE A PASOS DE IRARRAZAVAL, Ñuñoa;
2025-11-29 17:52:58;Ñuñoa;departamento;Oportunidad Depto 1 Dormitorio, Como Nuevo!!;2500;CLF;1 dormitorio;1 baño;32 m² útiles;1 dormitorio | 1 baño | 32 m² útiles;Zañartu, Cerca Metro Ñuble, Estadio Nacional, Ñuñoa;
2025-11-29 17:52:58;Ñuñoa;departamento;Venta De Departamento En Nuñoa;3815;CLF;2 dormitorios;2 baños;52 m² útiles;2 dormitorios | 2 baños | 52 m² útiles;AVENIDA GRECIAS CON DOCTOR JOHOW, Juan Gómez Millas, Ñuñoa;
2025-11-29 17:52:58;Ñuñoa;departamento;Amplio, 1 Dormitorio 55m Totales, Impecable!;3990;CLF;1 dormitorio;1 baño;45 m² útiles;1 dormitorio | 1 baño | 45 m² útiles;Amplio De 1 Dormitorios 55m Totales, Metro Ñuñoa, Ñuñoa;
2025-11-29 17:52:58;Ñuñoa;departamento;Amplio, 1 Dormitorio 55m Totales, Impecable!;4000;CLF;1 dormitorio;1 baño;45 m² útiles;1 dormitorio | 1 baño | 45 m² útiles;Amplio De 1 Dormitorios 55m Totales, Metro Ñuñoa, Ñuñoa;
2025-11-29 17:52:58;Ñuñoa;departamento;Impecable! 3 Dormitorios, Calle Luis Pereira Con Echeñique;7490;CLF;3 dormitorios;2 baños;89 m² útiles;3 dormitorios | 2 baños | 89 m² útiles;Seminuevo, 3 Dormitorios, Impecable!, Parque Botánico, Ñuñoa;
2025-11-29 17:52:58;Ñuñoa;departamento;Departamento Venta Alonso De Ercilla - Chile España;4500;CLF;2 dormitorios;1 baño;53 m² útiles;2 dormitorios | 1 baño | 53 m² útiles;Alonso De Ercilla 3055, Ñuñoa, Plaza Ñuñoa, Ñuñoa;
2025-11-29 17:52:58;Ñuñoa;departamento;Venta Departamento Nuñoa (1d 1b Y E);4200;CLF;1 dormitorio;1 baño;50 m² útiles;1 dormitorio | 1 baño | 50 m² útiles;Holanda 3640, Ñuñoa, Plaza Ñuñoa, Ñuñoa;
2025-11-29 17:52:58;Ñuñoa;departamento;Departamento En Venta En Ñuñoa Con Piscina Y Terraza;3600;CLF;1 dormitorio;1 baño;45 m² útiles;1 dormitorio | 1 baño | 45 m² útiles;Virginio Arias / Macul, Estadio Nacional, Ñuñoa;
2025-11-29 17:52:58;Ñuñoa;departamento;Departamento En Excelente Estad En Venta De 3 Dorm. En Ñuñoa;9500;CLF;3 dormitorios;2 baños;86 m² útiles;3 dormitorios | 2 baños | 86 m² útiles;Bremen / Estrella Solitaria, Plaza Egaña, Ñuñoa;
2025-11-29 17:52:58;Ñuñoa;departamento;Venta Depto.2d,2b,e,b En Calle Mujica Providencia-ñuñoa;4500;CLF;2 dormitorios;2 baños;64 m² útiles;2 dormitorios | 2 baños | 64 m² útiles;Mujica 99, Providencia, Ñuñoa, Metro Irarrázaval, Ñuñoa;
2025-11-29 17:52:58;Ñuñoa;departamento;A Pasos Del Metro Irarrazaval;3290;CLF;2 dormitorios;2 baños;53 m² útiles;2 dormitorios | 2 baños | 53 m² útiles;Av. Manuel Antonio Matta 40, Santiago, Metro Irarrázaval, Ñuñoa;
2025-11-29 17:52:58;Ñuñoa;departamento;Dpto 2d2b Con Estacionamiento En Ñuñoa, Metro Rodrigo De Ara;3400;CLF;2 dormitorios;2 baños;41 m² útiles;2 dormitorios | 2 baños | 41 m² útiles;Zañartu 1100, Ñuñoa, Estadio Nacional, Ñuñoa;
2025-11-29 17:52:58;Ñuñoa;departamento;Venta Departamento 2b 2d Ñuñoa- A Pasos De Barrio Italia;5000;CLF;2 dormitorios;2 baños;67 m² útiles;2 dormitorios | 2 baños | 67 m² útiles;Metro Irarrázaval, Ñuñoa;
2025-11-29 17:52:58;Ñuñoa;departamento;Venta Departamento 3d-2b, Sector Plaza Egaña, Ñuñoa;6500;CLF;3 dormitorios;2 baños;85 m² útiles;3 dormitorios | 2 baños | 85 m² útiles;Plaza Egaña, Ñuñoa;
2025-11-29 17:52:58;Ñuñoa;departamento;Venta Departamento 3d 2b, Frente A Plaza Ñuñoa;5600;CLF;3 dormitorios;2 baños;76 m² útiles;3 dormitorios | 2 baños | 76 m² útiles;Plaza Ñuñoa, Ñuñoa;
2025-11-29 17:52:58;Ñuñoa;departamento;Oportundad 2d2b 1estaci Y Bodg En Ñuñoa, Metro Irarrázaval;4100;CLF;2 dormitorios;2 baños;48 m² útiles;2 dormitorios | 2 baños | 48 m² útiles;Tucapel 233, Ñuñoa, Metro Irarrázaval, Ñuñoa;
2025-11-29 17:52:58;Ñuñoa;departamento;Dpto 2dor 3bañ 2estacio Y 1bod En Ñuñoa,metro Chile España;7800;CLF;2 dormitorios;3 baños;100 m² útiles;2 dormitorios | 3 baños | 100 m² útiles;Av. José Pedro Alessandri 605, Ñuñoa, Estadio Nacional, Ñuñoa;
2025-11-29 17:52:58;Ñuñoa;departamento;Oportunidad 1dorm1baño Con Estacio, Ñuñoa, Metro Irarrázaval;3125;CLF;1 dormitorio;1 baño;34 m² útiles;1 dormitorio | 1 baño | 34 m² útiles;Tucapel 233, Ñuñoa, Metro Irarrázaval, Ñuñoa;
2025-11-29 17:52:58;Ñuñoa;departamento;Se Vende Precioso Departamento Con Vista Despejada;5500;CLF;2 dormitorios;2 baños;60 m² útiles;2 dormitorios | 2 baños | 60 m² útiles;Av. Vicuña Mackenna 660, Ñuñoa, Metro Irarrázaval, Ñuñoa;
2025-11-29 17:52:58;Ñuñoa;departamento;Departamento En Venta De 3 Dorm, Terraza Amplia, En Ñuñoa;7100;CLF;3 dormitorios;2 baños;81 m² útiles;3 dormitorios | 2 baños | 81 m² útiles;Licenciado De Las Peñas/ Metro Villa Frei, Plaza Egaña, Ñuñoa;
2025-11-29 17:52:58;Ñuñoa;departamento;Cod39243 ¡¡¡rebajado!!! A Pasos Metro Monseñor Eyzaguirre;5990;CLF;3 dormitorios;2 baños;89 m² útiles;3 dormitorios | 2 baños | 89 m² útiles;COD39243 ¡¡¡REBAJADO!!! A Dos Cuadras Metro Monseñor Eyzaguirre - Av. Irarrazaval, Metro Monseñor Eyzaguirre, Ñuñoa;
2025-11-29 17:52:58;Ñuñoa;departamento;Gran Departamento 4d 2b 1e Metro Ñuñoa;5400;CLF;4 dormitorios;2 baños;115 m² útiles;4 dormitorios | 2 baños | 115 m² útiles;Avenida Pedro De Valdivia 3412, Ñuñoa, Chile, Metro Ñuñoa, Ñuñoa;
2025-11-29 17:52:58;Ñuñoa;departamento;Depto 2d, 2b, Piscina Y Lindas Vistas, Plaza Ñuñoa;5400;CLF;2 dormitorios;2 baños;75 m² útiles;2 dormitorios | 2 baños | 75 m² útiles;Jorge Washington Con Enrique Richard, Plaza Ñuñoa, Ñuñoa;
2025-11-29 17:52:58;Ñuñoa;departamento;Departamento En Venta De 3d 2b /lyon Pasos De Irarrazaval;6500;CLF;3 dormitorios;2 baños;74 m² útiles;3 dormitorios | 2 baños | 74 m² útiles;LYON / PASOS DE IRARRAZAVAL, Metro Ñuñoa, Ñuñoa;
2025-11-29 17:52:58;Ñuñoa;departamento;Departamento En Venta En Ñuñoa;4050;CLF;1 dormitorio;1 baño;33 m² útiles;1 dormitorio | 1 baño | 33 m² útiles;Metro Plaza Egaña, Ñuñoa;
2025-11-29 17:52:58;Ñuñoa;departamento;Depto Remodelado Y Amoblado En Venta De 2d, Barrio Coventry;5000;CLF;2 dormitorios;1 baño;75 m² útiles;2 dormitorios | 1 baño | 75 m² útiles;Simón Bolívar Con Coventry, Parque Botánico, Ñuñoa;
2025-11-29 17:52:58;Ñuñoa;departamento;Lindo Y Comodo Depto. Infante / Irarrazabal;5550;CLF;3 dormitorios;2 baños;88 m² útiles;3 dormitorios | 2 baños | 88 m² útiles;José Manuel Infante 2320, Ñuñoa, Metro Monseñor Eyzaguirre, Ñuñoa;
2025-11-29 17:52:58;Ñuñoa;departamento;Impecable Departamento A Pasos Metro Monseñor Eyzaguirre;4518;CLF;2 dormitorios;2 baños;61 m² útiles;2 dormitorios | 2 baños | 61 m² útiles;Av. Irarrázaval 1745, Ñuñoa, Metro Monseñor Eyzaguirre, Ñuñoa;
2025-11-29 17:52:58;Ñuñoa;departamento;Moderno Depto 2d/2b, Piscina, Salones Y Gimnasio;4700;CLF;2 dormitorios;2 baños;54 m² útiles;2 dormitorios | 2 baños | 54 m² útiles;Dublé Almeyda, 1 - 300, Metro Ñuñoa, Ñuñoa;
2025-11-29 17:52:58;Ñuñoa;departamento;Departamento En Ñuñoa/ Pedro De Valdivia;5990;CLF;3 dormitorios;2 baños;70 m² útiles;3 dormitorios | 2 baños | 70 m² útiles;Ñuñoa, Metro Ñuñoa;
2025-11-29 17:52:58;Ñuñoa;departamento;Venta Dpto En Barrio Italia 3 Dorm 3 Baños;8200;CLF;3 dormitorios;3 baños;93 m² útiles;3 dormitorios | 3 baños | 93 m² útiles;Cirujano Videla, 1200 - 1500, Metro Monseñor Eyzaguirre, Ñuñoa;
2025-11-29 17:52:58;Ñuñoa;departamento;Estupendo Depto 2d2b+e+b, Lindo Condominio, Metro R. Araya;3700;CLF;2 dormitorios;2 baños;50 m² útiles;2 dormitorios | 2 baños | 50 m² útiles;Zañartu 900 - 1200, Ñuñoa, Estadio Nacional, Ñuñoa;
2025-11-29 17:52:58;Ñuñoa;departamento;Departamento En Venta En Metro Ñuñoa;7390;CLF;2 dormitorios;2 baños;73 m² útiles;2 dormitorios | 2 baños | 73 m² útiles;Av. Simón Bolívar 2580, Metro Ñuñoa, Ñuñoa;
2025-11-29 17:53:45;Ñuñoa;departamento;Oferta Dos Departamentos 2d-2b-1e-1bo Por Uf 7100 - Ñuñoa;7100;CLF;2 dormitorios;2 baños;50 m² útiles;2 dormitorios | 2 baños | 50 m² útiles;Zañartu 980, Ñuñoa, Estadio Nacional, Ñuñoa;
2025-11-29 17:53:45;Ñuñoa;departamento;Departamento Ñuñoa / Marchant Pereira ;5800;CLF;2 dormitorios;2 baños;54 m² útiles;2 dormitorios | 2 baños | 54 m² útiles;Ñuñoa, Metro Ñuñoa;
2025-11-29 17:53:45;Ñuñoa;departamento;Seminuevo En Estupendo Condominio. 2d/2b+e+b. Metro R. Araya;3699;CLF;2 dormitorios;2 baños;50 m² útiles;2 dormitorios | 2 baños | 50 m² útiles;Zañartu 980, Ñuñoa, Estadio Nacional, Ñuñoa;
2025-11-29 17:53:45;Ñuñoa;departamento;Oportunidad: 2 Estupendos Deptos 2d2b-e+b. Metro R. De Araya;3550;CLF;2 dormitorios;2 baños;50 m² útiles;2 dormitorios | 2 baños | 50 m² útiles;Zañartu 900 - 1200, Ñuñoa, Estadio Nacional, Ñuñoa;
2025-11-29 17:53:45;Ñuñoa;departamento;Departamento En Arriendo De 1 Dorm. En Ñuñoa;3800;CLF;1 dormitorio;1 baño;50 m² útiles;1 dormitorio | 1 baño | 50 m² útiles;Seminario / Irarrazaval, Metro Irarrázaval, Ñuñoa;
2025-11-29 17:54:43;Ñuñoa;departamento;Loft Duplex En Edificio Premiado Bienal Arquitectura, Ñuñoa;4550;CLF;1 dormitorio;;45 m² útiles;1 dormitorio | 45 m² útiles;Plaza Ñuñoa, Plaza Ñuñoa, Ñuñoa;
2025-11-29 17:54:43;Ñuñoa;departamento;Departamento En Venta De 2 Dorm. En Ñuñoa;5100;CLF;2 dormitorios;2 baños;58 m² útiles;2 dormitorios | 2 baños | 58 m² útiles;Cercano Al Mall Plaza Egaña, Plaza Egaña, Ñuñoa;
2025-11-29 17:54:43;Ñuñoa;departamento;Departamento Mariposa Plaza Ñuñoa 2d/2b;6750;CLF;2 dormitorios;2 baños;70 m² útiles;2 dormitorios | 2 baños | 70 m² útiles;Dublé Almeyda Metro Chile España, Plaza Ñuñoa, Ñuñoa;
2025-11-29 17:54:43;Ñuñoa;departamento;Departamento En Venta De 1 Dorm. En Ñuñoa;3400;CLF;1 dormitorio;1 baño;37 m² útiles;1 dormitorio | 1 baño | 37 m² útiles;Av. Irarrázaval 3500-4500, Villa Frei, Ñuñoa;
2025-11-29 17:54:43;Ñuñoa;departamento;Departamento En Venta En Ñuñoa;4080;CLF;1 dormitorio;1 baño;37 m² útiles;1 dormitorio | 1 baño | 37 m² útiles;Irarrazaval/Capitán Orella, Metro Ñuñoa, Ñuñoa;
2025-11-29 17:54:43;Ñuñoa;departamento;Departamento En Venta De 1 Dorm. En Ñuñoa;4674;CLF;1 dormitorio;1 baño;40 m² útiles;1 dormitorio | 1 baño | 40 m² útiles;Diagonal Oriente/Metro Villa Frei, Diagonal Oriente, Ñuñoa;
2025-11-29 17:54:43;Ñuñoa;departamento;Departamento Nuevo En Venta De 1 Dorm. En Ñuñoa;4100;CLF;1 dormitorio;1 baño;35 m² útiles;1 dormitorio | 1 baño | 35 m² útiles;Diagonal Oriente/Irarrázaval, Plaza Egaña, Ñuñoa;
2025-11-29 17:54:43;Ñuñoa;departamento;Departamento En Venta De 1 Dorm. En Ñuñoa;3400;CLF;1 dormitorio;1 baño;37 m² útiles;1 dormitorio | 1 baño | 37 m² útiles;Jorge Monckeberg - Av. Irarrázaval, Villa Frei, Ñuñoa;
2025-11-29 17:54:43;Ñuñoa;departamento;Departamento En Venta En Ñuñoa;3550;CLF;2 dormitorios;2 baños;52 m² útiles;2 dormitorios | 2 baños | 52 m² útiles;Los Alerces 135, Juan Gómez Millas, Ñuñoa;
2025-11-29 17:54:43;Ñuñoa;departamento;Depto 1 Cuadra Plaza Ñuñoa - 2 Dor 2 Baños Estc. Bod 52 M2 ;4300;CLF;2 dormitorios;2 baños;46 m² útiles;2 dormitorios | 2 baños | 46 m² útiles;Juan Enrique Concha / Irarrazaval - 1 Cuadra Municipalidad De Ñuñoa, Ñuñoa;
2025-11-29 17:54:43;Ñuñoa;departamento;Depto. Metro Villa Frei 2 Dor - 2 Baños - Estc Bodega - 65m2;4290;CLF;2 dormitorios;2 baños;62 m² útiles;2 dormitorios | 2 baños | 62 m² útiles;Santa Julia / Irarrazaval 10 Minutos Caminando Metro Villa Frei, Ñuñoa;
2025-11-29 17:54:43;Ñuñoa;departamento;Metro Chile - España, Campus Oriente Uc Venta Sin Comisión;6762;CLF;2 dormitorios;2 baños;56 m² útiles;2 dormitorios | 2 baños | 56 m² útiles;CAMPUS ORIENTE UC /Hernán Cortés / General Jose Artigas / VENTA SIN COMISIÓN, Ñuñoa;
2025-11-29 17:54:43;Ñuñoa;departamento;Excelente Opción Para Vivir O Invertir;3250;CLF;1 dormitorio;1 baño;33 m² útiles;1 dormitorio | 1 baño | 33 m² útiles;Irarrazaval, 1 - 300, Ñuñoa;
2025-11-29 17:54:43;Ñuñoa;departamento;2d / 2b A Pasos Metro Ñuble ;3446;CLF;2 dormitorios;2 baños;47 m² útiles;2 dormitorios | 2 baños | 47 m² útiles;Metro Ñuble / Guillermo Mann, Ñuñoa;
2025-11-29 17:54:43;Ñuñoa;departamento;Nuevo 2d/1b Sin Comisión A Pasos Metro Ñuble;2678;CLF;1 dormitorio;1 baño;36 m² útiles;1 dormitorio | 1 baño | 36 m² útiles;Metro Ñuble / Guillermo Mann, Ñuñoa;
2025-11-29 17:54:43;Ñuñoa;departamento;2d/2b A Pasos Del Metro Estadio Nacional;4210;CLF;2 dormitorios;2 baños;52 m² útiles;2 dormitorios | 2 baños | 52 m² útiles;Pedro De Valdivia / Zañartu / Estadio Nacional, Estadio Nacional, Ñuñoa;
2025-11-29 17:54:43;Ñuñoa;departamento;1d/ 1b/ Estacionamiento Y Bodega/ Cercano Metro Irarrazaval;3400;CLF;1 dormitorio;1 baño;34 m² útiles;1 dormitorio | 1 baño | 34 m² útiles;Mujica/Seminario, Ñuñoa;
2025-11-29 17:54:43;Ñuñoa;departamento;1d / 1b A Pasos Metro Ñuble;2870;CLF;1 dormitorio;1 baño;36 m² útiles;1 dormitorio | 1 baño | 36 m² útiles;Metro Ñuble / Guillermo Mann, Estadio Nacional, Ñuñoa;
2025-11-29 17:54:43;Ñuñoa;departamento;Tipo Mariposa/ Metro Irarrázaval/ Venta Sin Comision;5250;CLF;2 dormitorios;2 baños;53 m² útiles;2 dormitorios | 2 baños | 53 m² útiles;San Eugenio / Metro Irarrázaval, Ñuñoa;
2025-11-29 17:54:43;Ñuñoa;departamento;Nuevo 2d/1b Sin Comisión A Pasos Metro Ñuble;3292;CLF;2 dormitorios;1 baño;44 m² útiles;2 dormitorios | 1 baño | 44 m² útiles;Metro Ñuble / Guillermo Mann, Estadio Nacional, Ñuñoa;
2025-11-29 17:54:43;Ñuñoa;departamento;2d / 1b A Pasos Metro Ñuble;3292;CLF;2 dormitorios;1 baño;44 m² útiles;2 dormitorios | 1 baño | 44 m² útiles;Metro Ñuble / Guillermo Mann, Estadio Nacional, Ñuñoa;
2025-11-29 17:54:43;Ñuñoa;departamento;Depto. Venta 3d 2b Ñuñoa Poniente Metro Monseñor Eyzaguirre;6450;CLF;3 dormitorios;2 baños;85 m² útiles;3 dormitorios | 2 baños | 85 m² útiles;Dublé Almeyda Monseñor Eyzaguirre, Metro Monseñor Eyzaguirre, Ñuñoa;
2025-11-29 17:54:43;Ñuñoa;departamento;Depto. Mariposa Barrio Italia 2 Dor 2 Baños Estc. Bod 70 M2 ;4790;CLF;2 dormitorios;2 baños;53 m² útiles;2 dormitorios | 2 baños | 53 m² útiles;Condell / Sucre - 5 Cuadras Metro Irarrazaval, Metro Irarrázaval, Ñuñoa;
2025-11-29 17:54:43;Ñuñoa;departamento;Nethaus Vende Precioso Departamento En Ñuñoa;7990;CLF;3 dormitorios;2 baños;86 m² útiles;3 dormitorios | 2 baños | 86 m² útiles;Av. Presidente José Batlle Y Ordóñez 3900 - 4200, Ñuñoa, Parque Juan XXIII, Ñuñoa;
2025-11-29 17:54:43;Ñuñoa;departamento;Departamento Vende/av. Irarrázaval;6900;CLF;4 dormitorios;3 baños;83 m² útiles;4 dormitorios | 3 baños | 83 m² útiles;Vende/AV. IRARRÁZAVAL, Villa Frei, Ñuñoa;
2025-11-29 17:54:43;Ñuñoa;departamento;Departamento Ideal Para Vivir Y Como Inversión;7000;CLF;3 dormitorios;2 baños;92 m² útiles;3 dormitorios | 2 baños | 92 m² útiles;Juan Enrique Concha 210, Ñuñoa, Plaza Ñuñoa, Ñuñoa;
2025-11-29 17:54:43;Ñuñoa;departamento;Nethaus Vende Exquisito Y Cómodo Departamento En Ñuñoa;5650;CLF;2 dormitorios;2 baños;66 m² útiles;2 dormitorios | 2 baños | 66 m² útiles;Av. Ricardo Lyon 2700 - 3000, Ñuñoa, Metro Ñuñoa, Ñuñoa;
2025-11-29 17:54:43;Ñuñoa;departamento;Venta Sin Comisión Al Comprador/ Metro Irarrázaval;2612;CLF;1 dormitorio;1 baño;25 m² útiles;1 dormitorio | 1 baño | 25 m² útiles;San Eugenio / Metro Irarrázaval, Parque San Eugenio - Metro Ñuble, Ñuñoa;
2025-11-29 17:54:43;Ñuñoa;departamento;Moderno Departamento Con Patio Privado;12150;CLF;2 dormitorios;3 baños;85 m² útiles;2 dormitorios | 3 baños | 85 m² útiles;Bremen 1644, Santiago, Ñuñoa, Amapolas, Ñuñoa;
2025-11-29 17:54:43;Ñuñoa;departamento;Cercano Parque Bustamante/ Metro Bustamante/ Santa Isabel;4850;CLF;2 dormitorios;1 baño;66 m² útiles;2 dormitorios | 1 baño | 66 m² útiles;Barrio Italia / Mujica / Metro Irarrazaval, Metro Irarrázaval, Ñuñoa;
2025-11-29 17:54:43;Ñuñoa;departamento;Excelente Depto. En Venta 3d-2b-1e-1b En Ñuñoa;4790;CLF;3 dormitorios;2 baños;70 m² útiles;3 dormitorios | 2 baños | 70 m² útiles;Exequiel Fernández 1555, Ñuñoa, Chile, Estadio Nacional, Ñuñoa;
2025-11-29 17:54:43;Ñuñoa;departamento;Excelente Depto. Sector Sucre - A. Varas, Ñuñoa.;7600;CLF;3 dormitorios;2 baños;91 m² útiles;3 dormitorios | 2 baños | 91 m² útiles;Av. Sucre 1800 - 2100, Metro Monseñor Eyzaguirre, Ñuñoa;
2025-11-29 17:54:43;Ñuñoa;departamento;Venta Hermoso Departamento Semi Nuevo J. Artigas/sucre Ñuñoa;5600;CLF;2 dormitorios;2 baños;48 m² útiles;2 dormitorios | 2 baños | 48 m² útiles;Gral. José Artigas 3121, Ñuñoa, Plaza Ñuñoa, Ñuñoa;
2025-11-29 17:54:43;Ñuñoa;departamento;Depto. 3 Cuadras M. Villa Frei 3 Dor 2 Baños Estc. Bod 90m2 ;5590;CLF;3 dormitorios;2 baños;75 m² útiles;3 dormitorios | 2 baños | 75 m² útiles;Irarrazaval / Montenegro - 3 Cuadras Metro Villa Frei, Parque Juan XXIII, Ñuñoa;
2025-11-29 17:54:43;Ñuñoa;departamento;Increíbles Departamentos En Rodrigo De Araya 2d-2b;4226;CLF;2 dormitorios;2 baños;63 m² útiles;2 dormitorios | 2 baños | 63 m² útiles;Rodrigo De Araya, 1 - 300, Estadio Nacional, Ñuñoa;
2025-11-29 17:54:43;Ñuñoa;departamento;En Venta Hermoso Depto. Semi Amoblado En El Corazón De Ñuñoa;9750;CLF;2 dormitorios;2 baños;84 m² útiles;2 dormitorios | 2 baños | 84 m² útiles;Av. Pedro De Valdivia 2700 - 3000, Ñuñoa, Metro Ñuñoa, Ñuñoa;
2025-11-29 17:54:43;Ñuñoa;departamento;Nethaus Vende Iluminado Y Exquisito Departamento En Ñuñoa;5650;CLF;2 dormitorios;2 baños;66 m² útiles;2 dormitorios | 2 baños | 66 m² útiles;Av. Ricardo Lyon 2700 - 3000, Ñuñoa, Metro Ñuñoa, Ñuñoa;
2025-11-29 17:54:43;Ñuñoa;departamento;3d / 2b / Venta Sin Comision Al Comprador;10681;CLF;3 dormitorios;2 baños;104 m² útiles;3 dormitorios | 2 baños | 104 m² útiles;Montenegro / Emilia Téllez, Parque Botánico, Ñuñoa;
2025-11-29 17:54:43;Ñuñoa;departamento;Imperdible Depto. Mariposa Con Estacionamiento Y Bod - Ñuñoa;6950;CLF;2 dormitorios;2 baños;76 m² útiles;2 dormitorios | 2 baños | 76 m² útiles;Av. Sucre 2362, Metro Ñuñoa, Ñuñoa;
2025-11-29 17:54:43;Ñuñoa;departamento;Nethaus Vende Lindo Depto. Sector Residencial En Ñuñoa;4700;CLF;2 dormitorios;2 baños;56 m² útiles;2 dormitorios | 2 baños | 56 m² útiles;Eliodoro Flores, Ñuñoa, Metro Ñuñoa, Ñuñoa;
2025-11-29 17:54:43;Ñuñoa;departamento;Ideal Airbnb A Pasos Del Metro Irarrázaval;3990;CLF;1 dormitorio;1 baño;41 m² útiles;1 dormitorio | 1 baño | 41 m² útiles;Dpto Lujo Especial Para Renta Corta En Ñuñoa, Ñuñoa;
2025-11-29 17:54:43;Ñuñoa;departamento;Sólo Uf 88.2/m2 Cerca Metro S Bolivar: 2d,2b,piscina,cowork;6970;CLF;2 dormitorios;2 baños;73 m² útiles;2 dormitorios | 2 baños | 73 m² útiles;Av. Ossa / Metro Simón Bolivar, Metro Simón Bolivar, Ñuñoa;
2025-11-29 17:54:43;Ñuñoa;departamento;"Departamento 3d/2b &#43; Terraza/ Cerca Metro Villa Frei";8194;CLF;3 dormitorios;2 baños;83 m² útiles;3 dormitorios | 2 baños | 83 m² útiles;Irarrázaval / Cauquenes / Metro Villa Frei / Plaza Egaña, Plaza Egaña, Ñuñoa;
2025-11-29 17:54:43;Ñuñoa;departamento;Cerca Metro Irarrázaval / Venta Sin Comision;4826;CLF;2 dormitorios;2 baños;53 m² útiles;2 dormitorios | 2 baños | 53 m² útiles;San Eugenio / José Domingo Cañas / Sta Emma, Parque San Eugenio - Metro Ñuble, Ñuñoa;
2025-11-29 17:54:43;Ñuñoa;departamento;Cercano Metro Irarrazaval;4490;CLF;1 dormitorio;1 baño;38 m² útiles;1 dormitorio | 1 baño | 38 m² útiles;San Eugenio / Metro Irarrázaval, Parque San Eugenio - Metro Ñuble, Ñuñoa;
2025-11-29 17:54:43;Ñuñoa;departamento;"A Pasos Campus Oriente Puc, 2d&#43;2b, Entrega Inmediata";6971;CLF;2 dormitorios;2 baños;71 m² útiles;2 dormitorios | 2 baños | 71 m² útiles;Av. Simon Bolívar / Av. Echeñique/ Campus Oriente PUC, Parque Botánico, Ñuñoa;
2025-11-29 17:54:43;Ñuñoa;departamento;2d /2b / Estacionamiento / A Pasos De Metro;5500;CLF;2 dormitorios;2 baños;65 m² útiles;2 dormitorios | 2 baños | 65 m² útiles;Av. Simón Bolívar / Chile - España, Plaza Ñuñoa, Ñuñoa;
2025-11-29 17:54:43;Ñuñoa;departamento;Depto   2 D 2 B;180000000;CLP;2 dormitorios;2 baños;53 m² útiles;2 dormitorios | 2 baños | 53 m² útiles;Irarrazabal  200, Metro Irarrázaval, Ñuñoa;
2025-11-29 17:54:53;Ñuñoa;departamento;Departamento En Venta En Barrio Italia 2d2b Estacionamiento;4300;CLF;2 dormitorios;2 baños;49 m² útiles;2 dormitorios | 2 baños | 49 m² útiles;Av. Italia 2016, 7770478 Ñuñoa, Región Metropolitana, Chile, Metro Irarrázaval, Ñuñoa;
2025-11-29 17:54:53;Ñuñoa;departamento;El Mejor Sector De Ñuñoa/ Providencia, Dpto Frente Campus Uc;7250;CLF;2 dormitorios;2 baños;66 m² útiles;2 dormitorios | 2 baños | 66 m² útiles;Jaime Guzmán Errázuriz 3311, Providencia, Ñuñoa, Plaza Ñuñoa, Ñuñoa;
2025-11-29 17:54:53;Ñuñoa;departamento;Cerca Campus Oriente/con Piscina, Gimnasio Y Estacionamiento;6500;CLF;2 dormitorios;2 baños;72 m² útiles;2 dormitorios | 2 baños | 72 m² útiles;Avenida Eliecer Parada / Av. Echeñique, Parque Botánico, Ñuñoa;
2025-11-29 17:54:53;Ñuñoa;departamento;2d/2b/ Tipo Mariposa / Metro Irarrázaval / Mujica;3950;CLF;2 dormitorios;2 baños;45 m² útiles;2 dormitorios | 2 baños | 45 m² útiles;Metro Irarrázaval / Mujica, Ñuñoa;
2025-11-29 17:54:53;Ñuñoa;departamento;Depto. Ñuñoa - 3 Cuadras M. Ñuñoa - 2 Dor 2 Baños Estac Bod;4800;CLF;2 dormitorios;2 baños;70 m² útiles;2 dormitorios | 2 baños | 70 m² útiles;Av. Irarrazaval / Campo De Deportes, Metro Monseñor Eyzaguirre, Ñuñoa;
2025-11-29 17:54:53;Ñuñoa;departamento;Nethaus Vende Precioso Depto. Con Amplio Patio - Ñuñoa;9700;CLF;3 dormitorios;3 baños;92 m² útiles;3 dormitorios | 3 baños | 92 m² útiles;Hamburgo 1800 - 2100, Ñuñoa, Chile, Diego De Almagro, Ñuñoa;
2025-11-29 17:54:53;Ñuñoa;departamento;2d-2b En Ñuñoa A Pasos Del Metro Irarrazabal;4350;CLF;2 dormitorios;2 baños;49 m² útiles;2 dormitorios | 2 baños | 49 m² útiles;Avenida Vicuña Mackenna, 1 - 300, Parque San Eugenio - Metro Ñuble, Ñuñoa;
2025-11-29 17:54:53;Ñuñoa;departamento;Irarrázaval / Diagonal Oriente / Metro Villa Frei / 3d 2b;6074;CLF;3 dormitorios;2 baños;61 m² útiles;3 dormitorios | 2 baños | 61 m² útiles;Diagonal Oriente / Metro Villa Frei, Diagonal Oriente, Ñuñoa;
2025-11-29 17:54:53;Ñuñoa;departamento;Jardin Privado/ 3d / Cercano Metro Villa Frei ;11330;CLF;3 dormitorios;2 baños;87 m² útiles;3 dormitorios | 2 baños | 87 m² útiles;Irarrázaval / Cauquenes / Metro Villa Frei / Plaza Egaña, Plaza Egaña, Ñuñoa;
2025-11-29 17:54:53;Ñuñoa;departamento;2d /2b / Venta Sin Comision Al Comprador;7018;CLF;2 dormitorios;2 baños;66 m² útiles;2 dormitorios | 2 baños | 66 m² útiles;Montenegro / Emilia Téllez, Parque Botánico, Ñuñoa;
2025-11-29 17:54:53;Ñuñoa;departamento;1d/1b /terraza, Estacionamiento, Full Equipado, Cerca Metro;5400;CLF;1 dormitorio;1 baño;55 m² útiles;1 dormitorio | 1 baño | 55 m² útiles;Diego De Almagro / Montenegro, Diego De Almagro, Ñuñoa;
2025-11-29 17:54:53;Ñuñoa;departamento;Increíbles Departamentos En Rodrigo De Araya 1d-1b;2685;CLF;1 dormitorio;1 baño;33 m² útiles;1 dormitorio | 1 baño | 33 m² útiles;Rodrigo De Araya, 0, Estadio Nacional, Ñuñoa;
2025-11-29 17:54:53;Ñuñoa;departamento;1 D/1 B / Venta Sin Comisión;3591;CLF;1 dormitorio;1 baño;34 m² útiles;1 dormitorio | 1 baño | 34 m² útiles;San Eugenio / José Domingo Cañas / Sta Emma, Parque San Eugenio - Metro Ñuble, Ñuñoa;
2025-11-29 17:54:53;Ñuñoa;departamento;Seminuevo Con Jardin Propio/ 2d/2b /2 Estacionamientos;8000;CLF;2 dormitorios;2 baños;70 m² útiles;2 dormitorios | 2 baños | 70 m² útiles;Parque Botánico/ Pedro Torres / Avenida Echeñique, Parque Botánico, Ñuñoa;
2025-11-29 17:54:53;Ñuñoa;departamento;Depto. 3 Cuadras M. Villa Frei 2 Dor 2 Baños Estc. Bod 70m2 ;4990;CLF;2 dormitorios;2 baños;62 m² útiles;2 dormitorios | 2 baños | 62 m² útiles;Irarrazaval / Montenegro - 3 Cuadras Metro Villa Frei, Parque Juan XXIII, Ñuñoa;
2025-11-29 17:54:53;Ñuñoa;departamento;Cercano Al Metro Irarrázaval;6061;CLF;2 dormitorios;2 baños;71 m² útiles;2 dormitorios | 2 baños | 71 m² útiles;San Eugenio / José Domingo Cañas / Sta Emma, Parque San Eugenio - Metro Ñuble, Ñuñoa;
2025-11-29 17:54:53;Ñuñoa;departamento;Con Jardín Propio/ 2d/2b/ Cercano Metro/ Venta Sin Comisión;6797;CLF;2 dormitorios;2 baños;57 m² útiles;2 dormitorios | 2 baños | 57 m² útiles;Irarrázaval / Cauquenes / Metro Villa Frei / Plaza Egaña, Plaza Egaña, Ñuñoa;
2025-11-29 17:54:53;Ñuñoa;departamento;2 Dormitorios / Jardin Privado/ Cercano A Metro Villa Frei;5734;CLF;2 dormitorios;1 baño;48 m² útiles;2 dormitorios | 1 baño | 48 m² útiles;Diagonal Oriente / Metro Villa Frei, Diagonal Oriente, Ñuñoa;
2025-11-29 17:54:53;Ñuñoa;departamento;2d/2b/ Cercano Metro Villa Frei / Venta Sin Comisión;5779;CLF;2 dormitorios;2 baños;57 m² útiles;2 dormitorios | 2 baños | 57 m² útiles;Irarrázaval / Cauquenes / Metro Villa Frei / Plaza Egaña, Plaza Egaña, Ñuñoa;
2025-11-29 17:54:53;Ñuñoa;departamento;Rebajado/ricardo Lyon/ Irarrazaval/ Metro Ñuñoa/comuna Ñuñoa;6300;CLF;3 dormitorios;2 baños;75 m² útiles;3 dormitorios | 2 baños | 75 m² útiles;Av. Ricardo Lyon 3530, Ñuñoa, Metro Ñuñoa, Ñuñoa;
2025-11-29 17:54:53;Ñuñoa;departamento;Nuevo 2d/2b Sin Comisión A Pasos Metro Ñuble;3446;CLF;2 dormitorios;2 baños;47 m² útiles;2 dormitorios | 2 baños | 47 m² útiles;Metro Ñuble / Guillermo Mann, Estadio Nacional, Ñuñoa;
2025-11-29 17:54:53;Ñuñoa;departamento;Rebajado!! Depto. 2 Dormitorios P. De Valdivia;4200;CLF;2 dormitorios;2 baños;65 m² útiles;2 dormitorios | 2 baños | 65 m² útiles;Av. Pedro De Valdivia 4041, Estadio Nacional, Ñuñoa;
2025-11-29 17:54:53;Ñuñoa;departamento;Excelente Departamento Seminuevo Cerca Metro Chile España;4290;CLF;2 dormitorios;2 baños;72 m² útiles;2 dormitorios | 2 baños | 72 m² útiles;Avenida José Pedro Alessandri 927, Ñuñoa, Chile, Estadio Nacional, Ñuñoa;
2025-11-29 17:54:53;Ñuñoa;departamento;Solo Inversionistas Vende Excelente Depto. En Ñuñoa 2d/2b/1e;3970;CLF;2 dormitorios;2 baños;46 m² útiles;2 dormitorios | 2 baños | 46 m² útiles;Julio Prado 2100 - 2400, Ñuñoa, Metro Monseñor Eyzaguirre, Ñuñoa;
2025-11-29 17:54:53;Ñuñoa;departamento;Depto 3 Cuadras M Plaza Egaña 1 Dor - 1 Baño - Estc Bod 46m2;3350;CLF;1 dormitorio;1 baño;40 m² útiles;1 dormitorio | 1 baño | 40 m² útiles;Heriberto Covarrubias - 3 Cuadras Metro Plaza Egaña, Plaza Egaña, Ñuñoa;
2025-11-29 17:54:53;Ñuñoa;departamento;Lindo Departamento En Venta, Cercano Al Metro.;3590;CLF;1 dormitorio;1 baño;36 m² útiles;1 dormitorio | 1 baño | 36 m² útiles;Holanda 3607, Providencia, Plaza Ñuñoa, Ñuñoa;
2025-11-29 17:54:53;Ñuñoa;departamento;Venta Departamento En Ñuñoa, Cond. Parque Irarrázaval;195000000;CLP;3 dormitorios;2 baños;79 m² útiles;3 dormitorios | 2 baños | 79 m² útiles;Lo Encalada 140, Ñuñoa, Metro Irarrázaval, Ñuñoa;
2025-11-29 17:54:53;Ñuñoa;departamento;Excelente Ubicación En Ñuñoa, Venta Depto. 2 Hab. 2 Baños;5800;CLF;2 dormitorios;2 baños;70 m² útiles;2 dormitorios | 2 baños | 70 m² útiles;Carrera Pinto 1860, Ñuñoa, Metro Monseñor Eyzaguirre, Ñuñoa;
2025-11-29 17:54:53;Ñuñoa;departamento;Venta Departamento Duplex Remodelado En Ñuñoa.;199000000;CLP;4 dormitorios;2 baños;97 m² útiles;4 dormitorios | 2 baños | 97 m² útiles;San Eugenio 82, Ñuñoa, Metro Irarrázaval, Ñuñoa;
2025-11-29 17:54:53;Ñuñoa;departamento;Excelente Ubicación En Ñuñoa, Venta Departamento Uf5.300;5300;CLF;2 dormitorios;2 baños;65 m² útiles;2 dormitorios | 2 baños | 65 m² útiles;Los Talaveras 45, Ñuñoa, Plaza Ñuñoa, Ñuñoa;
2025-11-29 17:54:53;Ñuñoa;departamento;Departamento En Venta De 1 Dorm. En Ñuñoa;4800;CLF;1 dormitorio;1 baño;34 m² útiles;1 dormitorio | 1 baño | 34 m² útiles;Pedro De Valdivia, Metro Ñuñoa, Ñuñoa;
2025-11-29 17:54:53;Ñuñoa;departamento;Departamento En Venta De 3 Dorm. En Ñuñoa;173000000;CLP;3 dormitorios;1 baño;70 m² útiles;3 dormitorios | 1 baño | 70 m² útiles;Dublé Almeyda, Metro Ñuñoa, Ñuñoa;
2025-11-29 17:54:53;Ñuñoa;departamento;Depto, 2 Dorm Con Increible Vista Y Amplia Terraza;6500;CLF;2 dormitorios;2 baños;60 m² útiles;2 dormitorios | 2 baños | 60 m² útiles;Antonio Varas/ Diagonal Oriente, Metro Ñuñoa, Ñuñoa;
2025-11-29 17:54:53;Ñuñoa;departamento;Departamento En Venta De 2 Dorm. En Ñuñoa, Metro Ñuñoa;8100;CLF;2 dormitorios;2 baños;79 m² útiles;2 dormitorios | 2 baños | 79 m² útiles;Simón Bolívar Con Marchant Pereira, Metro Ñuñoa, Ñuñoa;
2025-11-29 17:54:53;Ñuñoa;departamento;Depto 2 Dormitorios En Ñuñoa;3850;CLF;2 dormitorios;1 baño;55 m² útiles;2 dormitorios | 1 baño | 55 m² útiles;Amapolas, Hamburgo, Amapolas, Ñuñoa;
2025-11-29 17:54:53;Ñuñoa;departamento;Departamento En Venta En Plaza Ñuñoa Con Terraza;6500;CLF;2 dormitorios;2 baños;85 m² útiles;2 dormitorios | 2 baños | 85 m² útiles;Juan Enrique Concha 210, Plaza Ñuñoa, Ñuñoa;
2025-11-29 17:54:53;Ñuñoa;departamento;Departamento Studio Casi Nuevo En Venta Funcional En Ñuñoa;3150;CLF;1 dormitorio;1 baño;30 m² útiles;1 dormitorio | 1 baño | 30 m² útiles;Irarrazaval, Hamburgo, Plaza Egaña, Ñuñoa;
2025-11-29 17:54:53;Ñuñoa;departamento;Departamento En Venta Tipo Mariposa En Ñuñoa;5200;CLF;2 dormitorios;2 baños;51 m² útiles;2 dormitorios | 2 baños | 51 m² útiles;Exequiel Fernández, Estadio Nacional, Ñuñoa;
2025-11-29 17:54:53;Ñuñoa;departamento;Amplio Departamento Duplex De 4 Dorm. En Ñuñoa;6950;CLF;4 dormitorios;3 baños;96 m² útiles;4 dormitorios | 3 baños | 96 m² útiles;Metro Simón Bolívar, Metro Simón Bolivar, Ñuñoa;
2025-11-29 17:54:53;Ñuñoa;departamento;Departamento En Venta De 2 Dorm. En Ñuñoa;5600;CLF;2 dormitorios;2 baños;80 m² útiles;2 dormitorios | 2 baños | 80 m² útiles;Holanda, Enrique Richard, Plaza Ñuñoa, Ñuñoa;
2025-11-29 17:54:53;Ñuñoa;departamento;Departamento En Venta De 3 Dorm. En Ñuñoa;2800;CLF;3 dormitorios;1 baño;68 m² útiles;3 dormitorios | 1 baño | 68 m² útiles;Américo Vespucio, Villa Los Jardínes - Villa Los Presidentes, Ñuñoa;
2025-11-29 17:54:53;Ñuñoa;departamento;Como Nuevo! Jardín Propio+2d+2b+estac+bod- Metro Villa Frei;7500;CLF;2 dormitorios;2 baños;76 m² útiles;2 dormitorios | 2 baños | 76 m² útiles;Ottawa 4277, Ñuñoa, Parque Juan XXIII, Ñuñoa;
2025-11-29 17:54:53;Ñuñoa;departamento;Departamento En Venta De 2 Dorm. En Ñuñoa, Edif Tempo ;6525;CLF;2 dormitorios;2 baños;80 m² útiles;2 dormitorios | 2 baños | 80 m² útiles;Edificio Tempo, Diagonal Oriente, Ñuñoa;
2025-11-29 17:54:53;Ñuñoa;departamento;Departamento En Venta En Ñuñoa;2932;CLF;2 dormitorios;1 baño;43 m² útiles;2 dormitorios | 1 baño | 43 m² útiles;Avenida Vicuña Mackena Entre Guillermo Mann Y Rodrigo De Araya, Estadio Nacional, Ñuñoa;
2025-11-29 17:54:53;Ñuñoa;departamento;Oportunidad De Precio / Zañartu - W. Rebolledo;3000;CLF;2 dormitorios;1 baño;42 m² útiles;2 dormitorios | 1 baño | 42 m² útiles;OPORTUNIDAD DE PRECIO / ZAÑARTU - W. REBOLLEDO, Estadio Nacional, Ñuñoa;
2025-11-29 17:54:53;Ñuñoa;departamento;Vendo Departamento Como Nuevo En Manuel Montt;6450;CLF;2 dormitorios;2 baños;60 m² útiles;2 dormitorios | 2 baños | 60 m² útiles;Manuel Montt 2321, 7770195 Ñuñoa, Región Metropolitana, Chile, Metro Monseñor Eyzaguirre, Ñuñoa;
2025-11-29 17:54:53;Ñuñoa;departamento;Nuevo! Mariposa +jardín 2d+2b - Metro P. De Gales - Sin Com.;8047;CLF;2 dormitorios;2 baños;72 m² útiles;2 dormitorios | 2 baños | 72 m² útiles;Bremen 1658, 7790146 Ñuñoa, Región Metropolitana, Chile, Amapolas, Ñuñoa;
2025-11-29 17:54:53;Ñuñoa;departamento;Metro Plaza Egaña - Francisco De Villagra;5150;CLF;2 dormitorios;2 baños;60 m² útiles;2 dormitorios | 2 baños | 60 m² útiles;METRO PLAZA EGAÑA - FRANCISCO DE VILLAGRA, Diagonal Oriente, Ñuñoa;
2025-11-29 17:55:46;Ñuñoa;departamento;Departamento Venta  Ñuñoa Jardin Propio;9900;CLF;3 dormitorios;2 baños;105 m² útiles;3 dormitorios | 2 baños | 105 m² útiles;Hamburgo 1800 - 2100, Santiago, Ñuñoa, Diego De Almagro, Ñuñoa;
2025-11-29 17:55:46;Ñuñoa;departamento;Suárez Mujica - Lo Encalada / Oportunidad De Precio!;6500;CLF;3 dormitorios;2 baños;85 m² útiles;3 dormitorios | 2 baños | 85 m² útiles;SUÁREZ MUJICA - LO ENCALADA / OPORTUNIDAD DE PRECIO!, Parque San Eugenio - Metro Ñuble, Ñuñoa;
2025-11-29 17:55:46;Ñuñoa;departamento; Amplio! 2d+2b+estac+bodega - Metro Monseñor Eyzaguirre;4247;CLF;2 dormitorios;2 baños;55 m² útiles;2 dormitorios | 2 baños | 55 m² útiles;Fernández Concha 136, Ñuñoa, Metro Irarrázaval, Ñuñoa;
2025-11-29 17:55:46;Ñuñoa;departamento;Departamento En Venta En Príncipe De Gales Con Terraza;6233;CLF;1 dormitorio;1 baño;53 m² útiles;1 dormitorio | 1 baño | 53 m² útiles;Bremen 1500 - 1800, Diego De Almagro, Ñuñoa;
2025-11-29 17:55:46;Ñuñoa;departamento;Frente A Campus Oriente Uc - Jaime Guzmán Errázuriz ;7100;CLF;2 dormitorios;2 baños;71 m² útiles;2 dormitorios | 2 baños | 71 m² útiles;FRENTE A CAMPUS ORIENTE UC - JAIME GUZMÁN ERRÁZURIZ, Ñuñoa;
2025-11-29 17:55:46;Ñuñoa;departamento;Av Ossa - Tobalaba - Metro Principe De Gales;10300;CLF;3 dormitorios;3 baños;103 m² útiles;3 dormitorios | 3 baños | 103 m² útiles;AV OSSA - TOBALABA - METRO PRINCIPE DE GALES, Amapolas, Ñuñoa;
2025-11-29 17:55:46;Ñuñoa;departamento;Pucará - Juan Francisco Gonzalez ;5400;CLF;2 dormitorios;2 baños;50 m² útiles;2 dormitorios | 2 baños | 50 m² útiles;PUCARÁ - JUAN FRANCISCO GONZALEZ, Metro Simón Bolivar, Ñuñoa;
2025-11-29 17:55:46;Ñuñoa;departamento;Vista Despejada - Estilo Mariposa / Metro Villa Frei;4200;CLF;2 dormitorios;2 baños;53 m² útiles;2 dormitorios | 2 baños | 53 m² útiles;VISTA DESPEJADA - ESTILO MARIPOSA / METRO VILLA FREI, Villa Frei, Ñuñoa;
2025-11-29 17:55:46;Ñuñoa;departamento;Vista Despejada!! - Irarrazaval  / Metro Plaza Egaña;4300;CLF;1 dormitorio;1 baño;41 m² útiles;1 dormitorio | 1 baño | 41 m² útiles;VISTA DESPEJADA!! - IRARRAZAVAL  / METRO PLAZA EGAÑA, Plaza Egaña, Ñuñoa;
2025-11-29 17:55:46;Ñuñoa;departamento;Metro Ñuñoa / Marchant Pereira - Irarrazaval;3560;CLF;1 dormitorio;1 baño;30 m² útiles;1 dormitorio | 1 baño | 30 m² útiles;METRO ÑUÑOA / MARCHANT PEREIRA - IRARRAZAVAL, Metro Ñuñoa, Ñuñoa;
2025-11-29 17:55:46;Ñuñoa;departamento;Duplex Amoblado / Ricardo Lyon - Luis Uribe;6600;CLF;1 dormitorio;1 baño;82 m² útiles;1 dormitorio | 1 baño | 82 m² útiles;DUPLEX AMOBLADO / RICARDO LYON - LUIS URIBE, Metro Ñuñoa, Ñuñoa;
2025-11-29 17:55:46;Ñuñoa;departamento;Zañartu - Til Til / Oportunidad De Precio;3000;CLF;1 dormitorio;1 baño;32 m² útiles;1 dormitorio | 1 baño | 32 m² útiles;ZAÑARTU - TIL TIL / OPORTUNIDAD DE PRECIO, Estadio Nacional, Ñuñoa;
2025-11-29 17:55:46;Ñuñoa;departamento;Nuevo! 1d+1b - Metro Príncipe De Gales - Sin Comisión;5345;CLF;1 dormitorio;1 baño;41 m² útiles;1 dormitorio | 1 baño | 41 m² útiles;La Verbena 5062, 7790095 Ñuñoa, Santiago, Región Metropolitana, Chile, Diego De Almagro, Ñuñoa;
2025-11-29 17:55:46;Ñuñoa;departamento;Departamento En Venta De 2 Dorm. En Ñuñoa;3012;CLF;2 dormitorios;2 baños;44 m² útiles;2 dormitorios | 2 baños | 44 m² útiles;Vicuña Mackena Entre Guillermo Mann Y Rodrigo De Araya, Estadio Nacional, Ñuñoa;
2025-11-29 17:55:46;Ñuñoa;departamento;Teniente Montt - Antonio Varas / Vista Despejada ;6380;CLF;3 dormitorios;2 baños;80 m² útiles;3 dormitorios | 2 baños | 80 m² útiles;TENIENTE MONTT - ANTONIO VARAS / VISTA DESPEJADA, Metro Monseñor Eyzaguirre, Ñuñoa;
2025-11-29 17:55:46;Ñuñoa;departamento;Departamento En Venta En Ñuñoa;163000000;CLP;3 dormitorios;2 baños;78 m² útiles;3 dormitorios | 2 baños | 78 m² útiles;Av. Simón Bolívar 4608, Ñuñoa, Ñuñoa;
2025-11-29 17:55:46;Ñuñoa;departamento;Vista Despejada / Irarrazaval  - Metro Ñuñoa ;5390;CLF;2 dormitorios;2 baños;54 m² útiles;2 dormitorios | 2 baños | 54 m² útiles;VISTA DESPEJADA / IRARRAZAVAL  - METRO ÑUÑOA, Metro Monseñor Eyzaguirre, Ñuñoa;
2025-11-29 17:55:46;Ñuñoa;departamento;Nuevo! Precioso 2d+1b - Sin Comisión - Mall Plaza Egaña;4900;CLF;2 dormitorios;1 baño;54 m² útiles;2 dormitorios | 1 baño | 54 m² útiles;Coventry 47, Ñuñoa, Ñuñoa;
2025-11-29 17:55:46;Ñuñoa;departamento;Vendo Departamento Casi Nuevo En Nuñoa;3800;CLF;1 dormitorio;1 baño;40 m² útiles;1 dormitorio | 1 baño | 40 m² útiles;Bretaña, Ñuñoa, Metro Monseñor Eyzaguirre, Ñuñoa;
2025-11-29 17:55:46;Ñuñoa;departamento;Vendo Departamento Studio En Ñuñoa;2150;CLF;1 dormitorio;1 baño;32 m² útiles;1 dormitorio | 1 baño | 32 m² útiles;Av. Irarrázaval 1800 - 2100, Ñuñoa, Metro Monseñor Eyzaguirre, Ñuñoa;
2025-11-29 17:55:46;Ñuñoa;departamento;Oportunidad Inversion - Venta Depto 1d1b1e1b | Metro Ñuble;2450;CLF;1 dormitorio;1 baño;30 m² útiles;1 dormitorio | 1 baño | 30 m² útiles;SAN EUGENIO - METRO ÑUBLE, Parque San Eugenio - Metro Ñuble, Ñuñoa;
2025-11-29 17:55:46;Ñuñoa;departamento;Metro Ñuñoa / Irarrazaval - Antonio Varas ;4100;CLF;2 dormitorios;2 baños;54 m² útiles;2 dormitorios | 2 baños | 54 m² útiles;METRO ÑUÑOA / IRARRAZAVAL - ANTONIO VARAS, Metro Monseñor Eyzaguirre, Ñuñoa;
2025-11-29 17:55:46;Ñuñoa;departamento;Departamento En Venta De 2 Dorm. 2 B,en Ñuñoa. Como Nuevo.;3350;CLF;2 dormitorios;2 baños;48 m² útiles;2 dormitorios | 2 baños | 48 m² útiles;Zañartu /Castillo Urizar, Ñuñoa;
2025-11-29 17:55:46;Ñuñoa;departamento;Departamento En Venta De 1 Dorm. En Providencia;4500;CLF;1 dormitorio;1 baño;34 m² útiles;1 dormitorio | 1 baño | 34 m² útiles;M Montt Y Sucre, Metro Monseñor Eyzaguirre, Ñuñoa;
2025-11-29 17:55:46;Ñuñoa;departamento;Departamento En Venta De 1 Dorm. En Santiago;2370;CLF;1 dormitorio;1 baño;37 m² útiles;1 dormitorio | 1 baño | 37 m² útiles;Metro Irarrázaval, Metro Irarrázaval, Ñuñoa;
2025-11-29 17:55:46;Ñuñoa;departamento;Gran Terraza Privada, Privilegiada Ubicación.;8280;CLF;2 dormitorios;2 baños;119 m² útiles;2 dormitorios | 2 baños | 119 m² útiles;Holanda 3857, Ñuñoa, Plaza Ñuñoa, Ñuñoa;
2025-11-29 17:55:46;Ñuñoa;departamento;Lo Encalada/ Metro Ñuble;150000000;CLP;3 dormitorios;1 baño;55 m² útiles;3 dormitorios | 1 baño | 55 m² útiles;Lo Encalada 1961, Ñuñoa, Parque San Eugenio - Metro Ñuble, Ñuñoa;
2025-11-29 17:55:46;Ñuñoa;departamento;Cumbrespro Vende Amplio Dpto. 2d/2b Con 1e/1b;6650;CLF;2 dormitorios;2 baños;66 m² útiles;2 dormitorios | 2 baños | 66 m² útiles;Av. Simón Bolívar 2400 - 2700, Ñuñoa, Metro Ñuñoa, Ñuñoa;
2025-11-29 17:55:46;Ñuñoa;departamento;Departamento En Venta De 3 Dorm.2 Baños En Ñuñoa;5900;CLF;3 dormitorios;2 baños;70 m² útiles;3 dormitorios | 2 baños | 70 m² útiles;Pedro De Valdivia Diagonal Oriente, Metro Ñuñoa, Ñuñoa;
2025-11-29 17:55:46;Ñuñoa;departamento;Exequiel Fernández/ Metro Estadio Nacional;5290;CLF;2 dormitorios;2 baños;60 m² útiles;2 dormitorios | 2 baños | 60 m² útiles;Exequiel Fernández 881, Ñuñoa, Santiago, Chile, Estadio Nacional, Ñuñoa;
2025-11-29 17:55:46;Ñuñoa;departamento;Simón Bolívar/ Villaseca;6950;CLF;2 dormitorios;2 baños;72 m² útiles;2 dormitorios | 2 baños | 72 m² útiles;Simón Bolívar 2580, Ñuñoa, Chile, Metro Ñuñoa, Ñuñoa;
2025-11-29 17:55:46;Ñuñoa;departamento;Departamento En Venta De 2 Dorm. En Ñuñoa;4800;CLF;2 dormitorios;2 baños;51 m² útiles;2 dormitorios | 2 baños | 51 m² útiles;Entre Suecia Y Ricardo Lyon, Metro Ñuñoa, Ñuñoa;
2025-11-29 17:55:46;Ñuñoa;departamento;Departamento En Venta De 2 Dorm. En Ñuñoa;5450;CLF;2 dormitorios;2 baños;60 m² útiles;2 dormitorios | 2 baños | 60 m² útiles;Juan Moya Irarrazaval, Parque Juan XXIII, Ñuñoa;
2025-11-29 17:55:46;Ñuñoa;departamento;Increíble Duplex Con Rooftop En Ñuñoa ;7800;CLF;2 dormitorios;2 baños;81 m² útiles;2 dormitorios | 2 baños | 81 m² útiles;Clorinda Willshaw 250 - 300, Plaza Egaña, Ñuñoa;
2025-11-29 17:55:46;Ñuñoa;departamento;Departamento Venta Ñuñoa Con Piscina;3100;CLF;1 dormitorio;1 baño;39 m² útiles;1 dormitorio | 1 baño | 39 m² útiles;San Eugenio, Parque San Eugenio - Metro Ñuble, Ñuñoa;
2025-11-29 17:55:46;Ñuñoa;departamento;Penthouse Con Rooftop Privado En Ñuñoa;8990;CLF;3 dormitorios;2 baños;83 m² útiles;3 dormitorios | 2 baños | 83 m² útiles;Hamburgo 1500 - 1800, Ñuñoa, Amapolas, Ñuñoa;
2025-11-29 17:55:46;Ñuñoa;departamento;Departamento En Venta De 1 Dorm. En Ñuñoa;4100;CLF;1 dormitorio;1 baño;39 m² útiles;1 dormitorio | 1 baño | 39 m² útiles;PLAZA EGAÑA / AMERICO VESPUCIO, Plaza Egaña, Ñuñoa;
2025-11-29 17:55:46;Ñuñoa;departamento;Departamento En Venta De 3 Dorm. En Ñuñoa;7200;CLF;3 dormitorios;2 baños;95 m² útiles;3 dormitorios | 2 baños | 95 m² útiles;IRARRAZAVAL /JULIO PRADO / LUIS BELTRAN, Metro Monseñor Eyzaguirre, Ñuñoa;
2025-11-29 17:55:46;Ñuñoa;departamento;Departamento En Venta En Plaza Ñuñoa;4200;CLF;2 dormitorios;2 baños;57 m² útiles;2 dormitorios | 2 baños | 57 m² útiles;Dublé Almeyda 3755, Ñuñoa, Plaza Ñuñoa, Ñuñoa;
2025-11-29 17:55:46;Ñuñoa;departamento;Departamento En Venta De 2 Dorm. 2 Baños En Ñuñoa Luminoso;4690;CLF;2 dormitorios;2 baños;55 m² útiles;2 dormitorios | 2 baños | 55 m² útiles;Los Jardines Irarrazaval, Parque Juan XXIII, Ñuñoa;
2025-11-29 17:55:46;Ñuñoa;departamento;Avenida Ossa/ Metro Simón Bolívar;5800;CLF;2 dormitorios;2 baños;56 m² útiles;2 dormitorios | 2 baños | 56 m² útiles;Avenida Ossa 528, Ñuñoa, Chile, Plaza Egaña, Ñuñoa;
2025-11-29 17:55:46;Ñuñoa;departamento;Departamento En Venta De 2 Dorm. En Ñuñoa;7500;CLF;2 dormitorios;2 baños;87 m² útiles;2 dormitorios | 2 baños | 87 m² útiles;ECHEÑIQUE ORTUZAR, Parque Botánico, Ñuñoa;
2025-11-29 17:55:46;Ñuñoa;departamento;Departamento En Venta En Juan Gómez Millas Ñuñoa;5100;CLF;3 dormitorios;2 baños;76 m² útiles;3 dormitorios | 2 baños | 76 m² útiles;Av. Grecia 3348, Ñuñoa, Juan Gómez Millas, Ñuñoa;
2025-11-29 17:55:46;Ñuñoa;departamento;Departamento En Venta De 3d 2b, Gran Terraza Propia En Ñuñoa;8150;CLF;3 dormitorios;2 baños;89 m² útiles;3 dormitorios | 2 baños | 89 m² útiles;Pedro Rico / Los Aliaga, Diagonal Oriente, Ñuñoa;
2025-11-29 17:55:46;Ñuñoa;departamento;Departamento En Venta En Ñuñoa;5150;CLF;2 dormitorios;2 baños;64 m² útiles;2 dormitorios | 2 baños | 64 m² útiles;Metro Villa Frei, Ñuñoa;
2025-11-29 17:55:46;Ñuñoa;departamento;Muy Acogedor Y Luminoso  2d+1b+logia - Lyon /;3609;CLF;2 dormitorios;1 baño;55 m² útiles;2 dormitorios | 1 baño | 55 m² útiles;Villaseca 816, 7.77e+06 - 7.7703e+06 Santiago, Ñuñoa, Región Metropolitana, Chile, Metro Ñuñoa, Ñuñoa;
2025-11-29 17:55:46;Ñuñoa;departamento;Departamento En Venta Brown Norte, Plaza Ñuñoa;6500;CLF;3 dormitorios;2 baños;91 m² útiles;3 dormitorios | 2 baños | 91 m² útiles;Avenida Irarrazaval/Brown Norte, Plaza Ñuñoa, Ñuñoa;
2025-11-29 17:55:46;Ñuñoa;departamento;Se Vende Espacioso Departamento - 2d+2b+est.+bodega;4950;CLF;2 dormitorios;2 baños;67 m² útiles;2 dormitorios | 2 baños | 67 m² útiles;Román Díaz 2100 - 2400, Ñuñoa, Metro Monseñor Eyzaguirre, Ñuñoa;
2025-11-29 17:56:00;Ñuñoa;departamento;Departamento En Venta 4 D 3 B 1 E Brown Sur/av Grecia Ñuñoa;250000000;CLP;3 dormitorios;3 baños;100 m² útiles;3 dormitorios | 3 baños | 100 m² útiles;Brown Sur/Avenida Grecia, Parque Juan XXIII, Ñuñoa;
2025-11-29 17:56:00;Ñuñoa;departamento;Departamento Estilo Mariposa En Venta, Ñuñoa;4450;CLF;2 dormitorios;2 baños;53 m² útiles;2 dormitorios | 2 baños | 53 m² útiles;Metro Estación Villa Frei, Ñuñoa;
2025-11-29 17:56:00;Ñuñoa;departamento;Departamento Estudio En Venta Para Inversionistas, Ñuñoa;2700;CLF;1 dormitorio;1 baño;25 m² útiles;1 dormitorio | 1 baño | 25 m² útiles;Estación Metro Monseñor Eyzaguirre, Metro Monseñor Eyzaguirre, Ñuñoa;
2025-11-29 17:56:00;Ñuñoa;departamento;Departamento En Venta, San Eugenio, Ñuñoa;2894;CLF;1 dormitorio;1 baño;38 m² útiles;1 dormitorio | 1 baño | 38 m² útiles;Vicuña Mackenna, Ñuñoa;
2025-11-29 17:56:00;Ñuñoa;departamento;Se Vende Departamento Duplex, Príncipe De Gales, Ñuñoa;8750;CLF;2 dormitorios;2 baños;80 m² útiles;2 dormitorios | 2 baños | 80 m² útiles;Hamburgo 1800 - 2100, Santiago, Ñuñoa, Diego De Almagro, Ñuñoa;
2025-11-29 17:56:00;Ñuñoa;departamento;Se Vende 3 Dormitorios, Estacionamiento. Metro Irarrazaval;4800;CLF;3 dormitorios;2 baños;65 m² útiles;3 dormitorios | 2 baños | 65 m² útiles;Av. Manuel Antonio Matta 1 - 300, Ñuñoa, Metro Irarrázaval, Ñuñoa;
2025-11-29 17:56:00;Ñuñoa;departamento;Departamento En Venta En Último Piso De 2 Dorm. En Ñuñoa;6990;CLF;2 dormitorios;2 baños;75 m² útiles;2 dormitorios | 2 baños | 75 m² útiles;Nueva Hannover Esquina Simón Bolivar, Metro Simon Bolivar, Plaza Egaña, Ñuñoa;
2025-11-29 17:56:00;Ñuñoa;departamento;Cauquenes 60 - Metro Egaña Y Villa Frei;5500;CLF;2 dormitorios;2 baños;58 m² útiles;2 dormitorios | 2 baños | 58 m² útiles;Cauquenes 60, Ñuñoa, Chile, Plaza Egaña, Ñuñoa;
2025-11-29 17:56:00;Ñuñoa;departamento;Se Vende Moderno 3d+2b+estac+bod. Ñuñoa, Metro Villa Frei;5690;CLF;3 dormitorios;2 baños;76 m² útiles;3 dormitorios | 2 baños | 76 m² útiles;Av. Irarrázaval 3900 - 4200, Ñuñoa, Parque Juan XXIII, Ñuñoa;
2025-11-29 17:56:00;Ñuñoa;departamento;Exclusivo Departamento De 2d., 2b Y 2e En Venta En Ñuñoa;7950;CLF;2 dormitorios;2 baños;70 m² útiles;2 dormitorios | 2 baños | 70 m² útiles;Exclusivo Departamento De 2d Y 2 Est., Cercano A Metro Ñuñoa, Metro Ñuñoa, Ñuñoa;
2025-11-29 17:56:00;Ñuñoa;departamento;Departamento En Venta De 3 Dorm. En Ñuñoa;5800;CLF;3 dormitorios;2 baños;79 m² útiles;3 dormitorios | 2 baños | 79 m² útiles;Pedro De Valdivia/Irarrazaval, Estadio Nacional, Ñuñoa;
2025-11-29 17:56:00;Ñuñoa;departamento;Se Vende Departamento 1 Dormitorio + Estacionamiento, Ñuñoa;3180;CLF;1 dormitorio;1 baño;41 m² útiles;1 dormitorio | 1 baño | 41 m² útiles;San Eugenio 1200 - 1500, Ñuñoa, Santiago, Chile, Parque San Eugenio - Metro Ñuble, Ñuñoa;
2025-11-29 17:56:00;Ñuñoa;departamento;Departamento En Venta De 3 Dorm. En Ñuñoa;7789;CLF;3 dormitorios;;78 m² útiles;3 dormitorios | 78 m² útiles;Jorge Washington, Plaza Ñuñoa, Ñuñoa;
2025-11-29 17:56:00;Ñuñoa;departamento;Exclusivo Departamento De 2 Dor. Y 2 Estacionamientos, Ñuñoa;7950;CLF;2 dormitorios;2 baños;70 m² útiles;2 dormitorios | 2 baños | 70 m² útiles;Se Vende Exclusivo Departamento Con 2 Est., Cercano Al Metro, Metro Ñuñoa, Ñuñoa;
2025-11-29 17:56:00;Ñuñoa;departamento;Departamento En Venta De 2 Dorm. En Ñuñoa;5300;CLF;2 dormitorios;2 baños;49 m² útiles;2 dormitorios | 2 baños | 49 m² útiles;José Artigas / Sucre / Los Leones, Plaza Ñuñoa, Ñuñoa;
2025-11-29 17:56:00;Ñuñoa;departamento;Departamento En Venta En Ñuñoa;7950;CLF;2 dormitorios;2 baños;70 m² útiles;2 dormitorios | 2 baños | 70 m² útiles;Se Vende Exclusivo Departamento Con 2 Est., Cercano Al Metro, Metro Ñuñoa, Ñuñoa;
2025-11-29 17:56:00;Ñuñoa;departamento;Sin Comisión! Ñuñoa 5.200 Uf Depto Nuevo, 2d+2b;5200;CLF;2 dormitorios;2 baños;41 m² útiles;2 dormitorios | 2 baños | 41 m² útiles;San Eugenio, 0, Parque San Eugenio - Metro Ñuble, Ñuñoa;
2025-11-29 17:56:00;Ñuñoa;departamento;Departamento Nuevo, Venta Sin Comisión En Ñuñoa;4876;CLF;2 dormitorios;2 baños;60 m² útiles;2 dormitorios | 2 baños | 60 m² útiles;Las Dalias / Zañartu / Metro Rodrigo De Araya, Estadio Nacional, Ñuñoa;
2025-11-29 17:56:00;Ñuñoa;departamento;Departamento Nuevo, Venta Sin Comisión En Ñuñoa;4288;CLF;2 dormitorios;2 baños;47 m² útiles;2 dormitorios | 2 baños | 47 m² útiles;Las Dalias / Zañartu / Metro Rodrigo De Araya, Estadio Nacional, Ñuñoa;
2025-11-29 17:56:00;Ñuñoa;departamento;Oportunidad! Cesión De Promesa En Ñuñoa;5834;CLF;2 dormitorios;1 baño;51 m² útiles;2 dormitorios | 1 baño | 51 m² útiles;Diag. Ote. 5249, 7.7598e+06 - 7.7601e+06 Ñuñoa, Región Metropolitana, Chile, Diagonal Oriente, Ñuñoa;
2025-11-29 17:56:00;Ñuñoa;departamento;Duplex - San Eugenio - Irarrázaval - 1% De Comisión Más Iva;199000000;CLP;4 dormitorios;2 baños;95 m² útiles;4 dormitorios | 2 baños | 95 m² útiles;San Eugenio 82, 7750036 Ñuñoa, Región Metropolitana, Chile, Metro Irarrázaval, Ñuñoa;
2025-11-29 17:56:00;Ñuñoa;departamento;Terraza Con Quincho Exclusivo Para Ti;8150;CLF;3 dormitorios;2 baños;83 m² útiles;3 dormitorios | 2 baños | 83 m² útiles;Santa Julia, 0, Parque Juan XXIII, Ñuñoa;
2025-11-29 17:56:00;Ñuñoa;departamento;Depto 2 Dormitorios 2 Baños, Sector Plaza Ñuñoa;5050;CLF;2 dormitorios;2 baños;57 m² útiles;2 dormitorios | 2 baños | 57 m² útiles;Los Jardines, 1 - 300, Parque Juan XXIII, Ñuñoa;
2025-11-29 17:56:00;Ñuñoa;departamento;Lo Encalada - Irarrazaval - 1% De Comisión;195000000;CLP;3 dormitorios;2 baños;79 m² útiles;3 dormitorios | 2 baños | 79 m² útiles;Lo Encalada 140, Ñuñoa, Metro Irarrázaval, Ñuñoa;
2025-11-29 17:56:00;Ñuñoa;departamento;Se Vende Espacioso 3 Dorm+ 2b+ Est+bod Metro Ñuñoa;6990;CLF;3 dormitorios;2 baños;85 m² útiles;3 dormitorios | 2 baños | 85 m² útiles;Dublé Almeyda 2400 - 2700, Metro Ñuñoa, Ñuñoa;
2025-11-29 17:56:00;Ñuñoa;departamento;Atencion..incluye Estacionamiento;3490;CLF;2 dormitorios;2 baños;60 m² útiles;2 dormitorios | 2 baños | 60 m² útiles;Zañartu, 1 - 300, Estadio Nacional, Ñuñoa;
2025-11-29 17:56:00;Ñuñoa;departamento;Amplio Departamento Con Excelente Conectividad;3990;CLF;3 dormitorios;2 baños;70 m² útiles;3 dormitorios | 2 baños | 70 m² útiles;Campo De Deportes, 1 - 300, Metro Monseñor Eyzaguirre, Ñuñoa;
2025-11-29 17:56:00;Ñuñoa;departamento;Departamento En Venta En Ñuñoa;10900;CLF;3 dormitorios;3 baños;127 m² útiles;3 dormitorios | 3 baños | 127 m² útiles;Holanda 3053, Ñuñoa, Chile, Plaza Ñuñoa, Ñuñoa;
2025-11-29 17:56:00;Ñuñoa;departamento;Departamento En Venta En Ñuñoa;4990;CLF;2 dormitorios;2 baños;60 m² útiles;2 dormitorios | 2 baños | 60 m² útiles;Av. Sucre 2605, Ñuñoa, Chile, Metro Ñuñoa, Ñuñoa;
2025-11-29 17:56:00;Ñuñoa;departamento;Departamento En Venta En Ñuñoa;5900;CLF;3 dormitorios;2 baños;76 m² útiles;3 dormitorios | 2 baños | 76 m² útiles;José Domingo Cañas 1055, Ñuñoa, Ñuñoa;
2025-11-29 17:56:00;Ñuñoa;departamento;Vende Depto. Barrio Italia - Metro Irarrazaval.;3800;CLF;1 dormitorio;1 baño;36 m² útiles;1 dormitorio | 1 baño | 36 m² útiles;Condell 1701, 7770331 Ñuñoa, Región Metropolitana, Chile, Metro Irarrázaval, Ñuñoa;
2025-11-29 17:56:00;Ñuñoa;departamento;Venta Depto. 3d-3b-3e-1b Vista Norte;9400;CLF;3 dormitorios;3 baños;127 m² útiles;3 dormitorios | 3 baños | 127 m² útiles;Holanda 3000 - 3300, Ñuñoa, Chile, Plaza Ñuñoa, Ñuñoa;
2025-11-29 17:56:00;Ñuñoa;departamento;Nuevo Precio ! Almagro, 2d 2b + Est Y Bod, Metro.;4490;CLF;2 dormitorios;2 baños;50 m² útiles;2 dormitorios | 2 baños | 50 m² útiles;General Bustamante, 600 - 900, Metro Irarrázaval, Ñuñoa;
2025-11-29 17:56:00;Ñuñoa;departamento;Departamento Dúplex, Nuevo, Sin Comisión En Ñuñoa;7994;CLF;2 dormitorios;2 baños;78 m² útiles;2 dormitorios | 2 baños | 78 m² útiles;Manuel Montt, Metro Monseñor Eyzaguirre, Metro Monseñor Eyzaguirre, Ñuñoa;
2025-11-29 17:56:00;Ñuñoa;departamento;Venta Oportunidad Depto 2d 2b Ñuñoa Como Nuevo 2 Esta/bodega;6990;CLF;2 dormitorios;2 baños;62 m² útiles;2 dormitorios | 2 baños | 62 m² útiles;Irarrazabal 3785, Parque Juan XXIII, Ñuñoa;
2025-11-29 17:56:00;Ñuñoa;departamento;Departamento Mariposa, Nuevo, Sin Comisión En Ñuñoa;6151;CLF;2 dormitorios;2 baños;54 m² útiles;2 dormitorios | 2 baños | 54 m² útiles;Ñuñoa, Metro Monseñor Eyzaguirre, Metro Monseñor Eyzaguirre, Ñuñoa;
2025-11-29 17:56:00;Ñuñoa;departamento;Oportunidad! Depto 2d + Est + Bod, Pasos Metro;4400;CLF;2 dormitorios;1 baño;47 m² útiles;2 dormitorios | 1 baño | 47 m² útiles;MUJICA, 1 - 300, Metro Irarrázaval, Ñuñoa;
2025-11-29 17:56:00;Ñuñoa;departamento;Departamento Nuevo Sin Comisión,1d, 1b. Ñuñoa;3002;CLF;1 dormitorio;1 baño;34 m² útiles;1 dormitorio | 1 baño | 34 m² útiles;Los Alerces, Ñuñoa, Estadio Nacional, Ñuñoa;
2025-11-29 17:56:00;Ñuñoa;departamento;Departamento Nuevo Sin Comisión, 2d, 2b. Ñuñoa;4470;CLF;2 dormitorios;2 baños;49 m² útiles;2 dormitorios | 2 baños | 49 m² útiles;Los Alerces Estadio Nacional, Ñuñóa, Estadio Nacional, Ñuñoa;
2025-11-29 17:56:00;Ñuñoa;departamento;Departamento En Venta En Plaza Ñuñoa Con Terraza;6670;CLF;2 dormitorios;2 baños;58 m² útiles;2 dormitorios | 2 baños | 58 m² útiles;Plaza Ñuñoa, Plaza Ñuñoa, Ñuñoa;
2025-11-29 17:56:00;Ñuñoa;departamento;De Dimensiones Ideales;6900;CLF;2 dormitorios;2 baños;71 m² útiles;2 dormitorios | 2 baños | 71 m² útiles;METRO MONSEÑOR EYZAGUIRRE, Metro Monseñor Eyzaguirre, Ñuñoa;
2025-11-29 17:56:00;Ñuñoa;departamento;Dptos. De 1 Y 2 Dorm. Con 1 Y 2 Baños, Desde Uf 2.677;2677;CLF;1 dormitorio;1 baño;28 m² útiles;1 dormitorio | 1 baño | 28 m² útiles;San Eugenio 509, Ñuñoa, Parque San Eugenio - Metro Ñuble, Ñuñoa;
2025-11-29 17:56:00;Ñuñoa;departamento;Av. Ossa / Clorinda Wilshaw;4751;CLF;1 dormitorio;1 baño;39 m² útiles;1 dormitorio | 1 baño | 39 m² útiles;AV. OSSA / CLORINDA WILSHAW, Plaza Egaña, Ñuñoa;
2025-11-29 17:56:00;Ñuñoa;departamento;Departamentos De 1 Y 2 Dorm. Con 1 Y 2 Baños Desde Uf 2.793;2793;CLF;1 dormitorio;1 baño;44 m² útiles;1 dormitorio | 1 baño | 44 m² útiles;Nelson, Ñuñoa, Estadio Nacional, Ñuñoa;
2025-11-29 17:56:00;Ñuñoa;departamento;Venta Departamento De 3 Dorm.2 Baños Mas Servicios En Ñuñoa;6190;CLF;4 dormitorios;3 baños;94 m² útiles;4 dormitorios | 3 baños | 94 m² útiles;Brown Norte 464, Plaza Ñuñoa, Ñuñoa;
2025-11-29 17:56:00;Ñuñoa;departamento;Avda Ossa / Clorinda Wilshaw;4750;CLF;1 dormitorio;1 baño;39 m² útiles;1 dormitorio | 1 baño | 39 m² útiles;AVDA OSSA / CLORINDA WILSHAW, Plaza Egaña, Ñuñoa;
2025-11-29 17:56:00;Ñuñoa;departamento;Deptos. Nuevos En Ñuñoa Precios Desde Uf 2.870;2870;CLF;1 dormitorio;1 baño;35 m² útiles;1 dormitorio | 1 baño | 35 m² útiles;Guillermo Mann 1305, Ñuñoa, Estadio Nacional, Ñuñoa;
2025-11-29 17:56:00;Ñuñoa;departamento;Comodo Y Funcional;4900;CLF;2 dormitorios;2 baños;63 m² útiles;2 dormitorios | 2 baños | 63 m² útiles;METRO PLAZA EGAÑA, Diagonal Oriente, Ñuñoa;
2025-11-29 17:56:39;Ñuñoa;departamento;Departamento En Venta En Pedro De Valdivia Ñuñoa;4699;CLF;2 dormitorios;1 baño;76 m² útiles;2 dormitorios | 1 baño | 76 m² útiles;PEDRO DE VALDIVIA 3420, Metro Ñuñoa, Ñuñoa;
2025-11-29 17:56:39;Ñuñoa;departamento;Deptos 1, 2, 3 Dorms / 1 Y 2 Baños Precios Desde Uf 3.190;3190;CLF;1 dormitorio;1 baño;35 m² útiles;1 dormitorio | 1 baño | 35 m² útiles;Av. José Pedro Alessandri 1427, Ñuñoa, Estadio Nacional, Ñuñoa;
2025-11-29 17:56:39;Ñuñoa;departamento;Departamento En Venta De 3 Dorm. En Ñuñoa;7400;CLF;3 dormitorios;2 baños;88 m² útiles;3 dormitorios | 2 baños | 88 m² útiles;IRARRAZABAL CON DIAGONAL ORIENTE, Parque Juan XXIII, Ñuñoa;
2025-11-29 17:56:39;Ñuñoa;departamento;Campus Oriente;6952;CLF;2 dormitorios;2 baños;69 m² útiles;2 dormitorios | 2 baños | 69 m² útiles;CAMPUS ORIENTE, Parque Botánico, Ñuñoa;
2025-11-29 17:56:39;Ñuñoa;departamento;Sin Comisión Dptos Nuevos - San Eugenio 567 - Ñuñoa;5252;CLF;2 dormitorios;2 baños;42 m² útiles;2 dormitorios | 2 baños | 42 m² útiles;San Eugenio 567, Ñuñoa, Parque San Eugenio - Metro Ñuble, Ñuñoa;
2025-11-29 17:56:39;Ñuñoa;departamento;Dpto 3d/2b + 2e/1b - Seminario 763 - Metro Irarrázaval;8490;CLF;3 dormitorios;2 baños;82 m² útiles;3 dormitorios | 2 baños | 82 m² útiles;Seminario 763, Ñuñoa, Metro Irarrázaval, Ñuñoa;
2025-11-29 17:56:39;Ñuñoa;departamento;Dpto Nuevo 2d/2b + 1e/1b - San Eugenio - Metro Irarrázaval;5200;CLF;2 dormitorios;2 baños;46 m² útiles;2 dormitorios | 2 baños | 46 m² útiles;San Eugenio 567, Ñuñoa, Parque San Eugenio - Metro Ñuble, Ñuñoa;
2025-11-29 17:56:39;Ñuñoa;departamento;Departamento En Venta En Ñuñoa Con Piscina;5400;CLF;2 dormitorios;2 baños;57 m² útiles;2 dormitorios | 2 baños | 57 m² útiles;Mujica 0133, Ñuñoa, Metro Irarrázaval, Ñuñoa;
2025-11-29 17:56:39;Ñuñoa;departamento;Departamento En Venta En Ñuñoa;5400;CLF;2 dormitorios;2 baños;57 m² útiles;2 dormitorios | 2 baños | 57 m² útiles;Mujica, Ñuñoa, Metro Irarrázaval, Ñuñoa;
2025-11-29 17:56:39;Ñuñoa;departamento;Maravilloso Dpto Ñuñoa, 2 Dorm + Est + Bod;7700;CLF;2 dormitorios;2 baños;71 m² útiles;2 dormitorios | 2 baños | 71 m² útiles;Av Echeñique / Elicier Parada, 0, Parque Botánico, Ñuñoa;
2025-11-29 17:56:39;Ñuñoa;departamento;Excelente! 2dorm +est+bod, Pasos Metro;4990;CLF;2 dormitorios;2 baños;55 m² útiles;2 dormitorios | 2 baños | 55 m² útiles;MARCHANT PEREIRA / SUCRE, 1 - 300, Metro Ñuñoa, Ñuñoa;
2025-11-29 17:56:39;Ñuñoa;departamento;Departamento En Venta De 3 Dorm. Más Estar En Ñuñoa;7900;CLF;3 dormitorios;2 baños;89 m² útiles;3 dormitorios | 2 baños | 89 m² útiles;Avenida Ossa / Simón Bolivar, Plaza Egaña, Ñuñoa;
2025-11-29 17:56:39;Ñuñoa;departamento;Excelente Depto Ñuñoa 3d 2b 1e 1b;7000;CLF;3 dormitorios;2 baños;90 m² útiles;3 dormitorios | 2 baños | 90 m² útiles;EXCELENTE DEPTO ÑUÑOA 3D 2B 1E 1B, Plaza Ñuñoa, Ñuñoa;
2025-11-29 17:56:39;Ñuñoa;departamento;Oportunidad! Excelente 2d+2b+ Est + Bod, Terraza;4990;CLF;2 dormitorios;2 baños;52 m² útiles;2 dormitorios | 2 baños | 52 m² útiles;Santa Julia, 1 - 300, Parque Juan XXIII, Ñuñoa;
2025-11-29 17:56:39;Ñuñoa;departamento;Dpto. 2 D  Con Estac Y Bodega;5900;CLF;2 dormitorios;1 baño;53 m² útiles;2 dormitorios | 1 baño | 53 m² útiles;Alonso De Ercilla & Chile España, 1 - 300, Plaza Ñuñoa, Ñuñoa;
2025-11-29 17:56:39;Ñuñoa;departamento;Departamentos Nuevos En Nuñoa Con Entrega Inmediata;3600;CLF;1 dormitorio;1 baño;39 m² útiles;1 dormitorio | 1 baño | 39 m² útiles;Avenida Irarrázaval 2366, Ñuñoa, Chile, Metro Ñuñoa, Ñuñoa;
2025-11-29 17:56:39;Ñuñoa;departamento;Departamento En Venta De 1d 1b En Ñuñoa. Metro Chile España;3275;CLF;1 dormitorio;1 baño;35 m² útiles;1 dormitorio | 1 baño | 35 m² útiles;Chile España 235, Plaza Ñuñoa, Ñuñoa;
2025-11-29 17:56:39;Ñuñoa;departamento;Un Pequeño Gigante De Ñuñoa;137000000;CLP;1 dormitorio;1 baño;33 m² útiles;1 dormitorio | 1 baño | 33 m² útiles;METRO ÑUÑOA, Metro Ñuñoa, Ñuñoa;
2025-11-29 17:56:39;Ñuñoa;departamento;Venta Depto. 3d-2b En Ñuñoa.;6300;CLF;3 dormitorios;2 baños;85 m² útiles;3 dormitorios | 2 baños | 85 m² útiles;José Domingo Cañas 705, Ñuñoa, Chile, Metro Irarrázaval, Ñuñoa;
2025-11-29 17:56:39;Ñuñoa;departamento;Venta Depto. 2d-2b-1e-1b Ñuñoa, Metro Simon Bolívar.;5000;CLF;2 dormitorios;2 baños;60 m² útiles;2 dormitorios | 2 baños | 60 m² útiles;Av. Ossa 300 - 600, Ñuñoa, Plaza Egaña, Ñuñoa;
2025-11-29 17:56:39;Ñuñoa;departamento;Maravilloso! 2dorm + Est +bod, Metro Plaza Egaña;4290;CLF;2 dormitorios;1 baño;47 m² útiles;2 dormitorios | 1 baño | 47 m² útiles;Oportunidad! Francisco De Villagra, Cerca Metro, 0, Diagonal Oriente, Ñuñoa;
2025-11-29 17:56:39;Ñuñoa;departamento;Con Hermosa Vistas;5450;CLF;2 dormitorios;2 baños;60 m² útiles;2 dormitorios | 2 baños | 60 m² útiles;HOSPITAL CARABINEROS, Metro Ñuñoa, Ñuñoa;
2025-11-29 17:56:39;Ñuñoa;departamento;En Un Primer Piso Con Jardin;7150;CLF;2 dormitorios;2 baños;65 m² útiles;2 dormitorios | 2 baños | 65 m² útiles;LOS JARDINES, Parque Juan XXIII, Ñuñoa;
2025-11-29 17:56:39;Ñuñoa;departamento;Departamentos De 1 Y 2 Dorm. Con 1 Y 2 Baños Desde Uf 2690;2690;CLF;1 dormitorio;1 baño;30 m² útiles;1 dormitorio | 1 baño | 30 m² útiles;Guillermo Mann 1751, Santiago, Ñuñoa, Estadio Nacional, Ñuñoa;
2025-11-29 17:56:39;Ñuñoa;departamento;Dpto 2d/2b + 1e/1b - Holanda - Gerona - Metro Chile España;4900;CLF;2 dormitorios;2 baños;68 m² útiles;2 dormitorios | 2 baños | 68 m² útiles;Holanda 3730, Ñuñoa, Plaza Ñuñoa, Ñuñoa;
2025-11-29 17:56:39;Ñuñoa;departamento;Dpto Nuevo 2d/2b - Pucará - Av. Ossa - Metro Simón Bolívar;7010;CLF;2 dormitorios;2 baños;71 m² útiles;2 dormitorios | 2 baños | 71 m² útiles;Pucará 5535, Santiago, Ñuñoa, Chile, Metro Simón Bolivar, Ñuñoa;
2025-11-29 17:56:39;Ñuñoa;departamento;Departamento En Venta En Metro Ñuñoa Con Terraza;7000;CLF;4 dormitorios;2 baños;100 m² útiles;4 dormitorios | 2 baños | 100 m² útiles;Av. Ricardo Lyon 3037, Ñuñoa, Metro Ñuñoa, Ñuñoa;
2025-11-29 17:56:39;Ñuñoa;departamento;Impecable Dpto. 2d/1b - San Eugenio 1209 - Metro Ñuble ;3050;CLF;2 dormitorios;1 baño;47 m² útiles;2 dormitorios | 1 baño | 47 m² útiles;San Eugenio 1209, Parque San Eugenio - Metro Ñuble, Ñuñoa;
2025-11-29 17:56:39;Ñuñoa;departamento;Departamento En Venta En Metro Monseñor Eyzaguirre;5090;CLF;2 dormitorios;2 baños;67 m² útiles;2 dormitorios | 2 baños | 67 m² útiles;José Manuel Infante 1805, Ñuñoa, Metro Monseñor Eyzaguirre, Ñuñoa;
2025-11-29 17:56:39;Ñuñoa;departamento;Departamento En Venta En Ñuñoa 3d-2b;6990;CLF;3 dormitorios;2 baños;84 m² útiles;3 dormitorios | 2 baños | 84 m² útiles;Baden 4870, Ñuñoa, Ñuñoa;
2025-11-29 17:56:39;Ñuñoa;departamento;Dpto Primer Piso Jardín Exclusivo 2d/2b - Pedro Rico - Ñuñoa;187990000;CLP;2 dormitorios;2 baños;53 m² útiles;2 dormitorios | 2 baños | 53 m² útiles;Pedro Rico 5479, Diagonal Oriente, Ñuñoa;
2025-11-29 17:56:39;Ñuñoa;departamento;Un Espacio En Ñuñoa;3450;CLF;1 dormitorio;1 baño;36 m² útiles;1 dormitorio | 1 baño | 36 m² útiles;MUNICIPALIDAD DE ÑUÑOA, Plaza Ñuñoa, Ñuñoa;
2025-11-29 17:56:39;Ñuñoa;departamento;Soló A Pasos De Metro Irarrázaval!;2230;CLF;1 dormitorio;1 baño;35 m² útiles;1 dormitorio | 1 baño | 35 m² útiles;General Bustamante, 900 - 1200, Metro Irarrázaval, Ñuñoa;
2025-11-29 17:56:39;Ñuñoa;departamento;L I Q U I D A C I O N Amplio Departamento Rematado De Banco ;9081;CLF;3 dormitorios;3 baños;105 m² útiles;3 dormitorios | 3 baños | 105 m² útiles;Av. Simón Bolívar 2543, Ñuñoa, Santiago, Metro Ñuñoa, Ñuñoa;
2025-11-29 17:56:39;Ñuñoa;departamento;Recuperado Banco, Depto 2d 2b Simón Bolivar 2580 En Ñuñoa;5457;CLF;2 dormitorios;2 baños;62 m² útiles;2 dormitorios | 2 baños | 62 m² útiles;Av. Simón Bolívar 2580, Ñuñoa, Metro Ñuñoa, Ñuñoa;
2025-11-29 17:56:39;Ñuñoa;departamento;Departamento En Venta De 4 Dorm. En Ñuñoa;5500;CLF;4 dormitorios;3 baños;93 m² útiles;4 dormitorios | 3 baños | 93 m² útiles;Villa Frei Irarrázaval, Villa Frei, Ñuñoa;
2025-11-29 17:56:39;Ñuñoa;departamento;Departamento En Venta En Ñuñoa Con Piscina Y Terraza;6000;CLF;3 dormitorios;2 baños;78 m² útiles;3 dormitorios | 2 baños | 78 m² útiles;Monseñor Eyzaguirre 245, Ñuñoa, Metro Monseñor Eyzaguirre, Ñuñoa;
2025-11-29 17:56:39;Ñuñoa;departamento;Oportunidad Depto 3d2b Battle Y Ordóñez /pedro Torres Ñuñoa;7990;CLF;3 dormitorios;2 baños;95 m² útiles;3 dormitorios | 2 baños | 95 m² útiles;Padre Battle Y Ordóñez  3988, Parque Juan XXIII, Ñuñoa;
2025-11-29 17:56:39;Ñuñoa;departamento;Departamento Almagro En Venta De 2 Dorm. En Ñuñoa Poco Uso;4980;CLF;2 dormitorios;2 baños;51 m² útiles;2 dormitorios | 2 baños | 51 m² útiles;Irarrázaval / Santa Julia /, Parque Juan XXIII, Ñuñoa;
2025-11-29 17:56:39;Ñuñoa;departamento;Departamento 2d2d Excelente Ubicación Plaza Ñuñoa Con E Y B;5850;CLF;2 dormitorios;2 baños;60 m² útiles;2 dormitorios | 2 baños | 60 m² útiles;Manuel De Salas 214, Ñuñoa, Plaza Ñuñoa, Ñuñoa;
2025-11-29 17:56:39;Ñuñoa;departamento;Departamento Impecable En Ñuñoa, 2 Dormitorios.;4600;CLF;2 dormitorios;2 baños;54 m² útiles;2 dormitorios | 2 baños | 54 m² útiles;Emilio Vaisse 710, Ñuñoa, Chile, Metro Irarrázaval, Ñuñoa;
2025-11-29 17:56:39;Ñuñoa;departamento;Lindo Y Amplio Departamento Sucre Antonio Varas;7500;CLF;3 dormitorios;2 baños;97 m² útiles;3 dormitorios | 2 baños | 97 m² útiles;Av. Sucre 1911, Ñuñoa, Metro Monseñor Eyzaguirre, Ñuñoa;
2025-11-29 17:56:39;Ñuñoa;departamento;Acogedor Depto Semi Nuevo, Tipo Mariposa 2 Dorm En Suite;5850;CLF;2 dormitorios;2 baños;56 m² útiles;2 dormitorios | 2 baños | 56 m² útiles;Chile España 451, Ñuñoa, Plaza Ñuñoa, Ñuñoa;
2025-11-29 17:56:39;Ñuñoa;departamento;Dpto. De 3d Y 2b  Con Terraza  Y Vista Despejada;5100;CLF;3 dormitorios;2 baños;64 m² útiles;3 dormitorios | 2 baños | 64 m² útiles;Av. Rodrigo De Araya 3036, 7.7802e+06 - 7.7805e+06 Ñuñoa, Región Metropolitana, Chile, Estadio Nacional, Ñuñoa;
2025-11-29 17:56:39;Ñuñoa;departamento;Excelente Ubicacion, Amplio Dpto 3d, 2b, Est. Y Bodega;5100;CLF;2 dormitorios;2 baños;70 m² útiles;2 dormitorios | 2 baños | 70 m² útiles;Av. Rodrigo De Araya 3000 - 3300, Macul, Ñuñoa, Estadio Nacional, Ñuñoa;
2025-11-29 17:56:39;Ñuñoa;departamento;Departamento En Venta En Ñuñoa Con Terraza Y Piscina;6990;CLF;3 dormitorios;2 baños;82 m² útiles;3 dormitorios | 2 baños | 82 m² útiles;Gral. José Artigas 3000 - 3300, Ñuñoa, Plaza Ñuñoa, Ñuñoa;
2025-11-29 17:56:39;Ñuñoa;departamento;Bello Y Moderno Departamento En Excelente Sector (1d / 39m2);4300;CLF;1 dormitorio;1 baño;39 m² útiles;1 dormitorio | 1 baño | 39 m² útiles;Manuel Montt 2471, Santiago, Ñuñoa, Metro Monseñor Eyzaguirre, Ñuñoa;
2025-11-29 17:56:39;Ñuñoa;departamento;Se Vende Depto. 1 D, Bx Y Bd, Edificio Full;4899;CLF;1 dormitorio;1 baño;47 m² útiles;1 dormitorio | 1 baño | 47 m² útiles;Ñuñoa, Metro Ñuñoa;
2025-11-29 17:56:59;Ñuñoa;departamento;Departamento Venta Metro Irarrázaval Terraza;3350;CLF;1 dormitorio;1 baño;33 m² útiles;1 dormitorio | 1 baño | 33 m² útiles;Av. Vicuña Mackenna 900 - 1200, Ñuñoa, Metro Irarrázaval, Ñuñoa;
2025-11-29 17:56:59;Ñuñoa;departamento;Departamento En Venta En Metro Monseñor Eyzaguirre;6700;CLF;3 dormitorios;2 baños;87 m² útiles;3 dormitorios | 2 baños | 87 m² útiles;José Manuel Infante 2520, Ñuñoa, Metro Monseñor Eyzaguirre, Ñuñoa;
2025-11-29 17:56:59;Ñuñoa;departamento;Hermoso Y Moderno Departamento En Excelente Estado (3d / 2b);5490;CLF;3 dormitorios;2 baños;75 m² útiles;3 dormitorios | 2 baños | 75 m² útiles;Exequiel Fernández 601, Santiago, Ñuñoa, Estadio Nacional, Ñuñoa;
2025-11-29 17:56:59;Ñuñoa;departamento;Bello Departamento Con Hermosa Vista (2d / 2b);5990;CLF;2 dormitorios;2 baños;62 m² útiles;2 dormitorios | 2 baños | 62 m² útiles;Antonio Varas 2700 - 3000, Ñuñoa, Metro Monseñor Eyzaguirre, Ñuñoa;
2025-11-29 17:56:59;Ñuñoa;departamento;Precioso Depto Con Opción A Terrazas En Azotea Privada;5000;CLF;3 dormitorios;2 baños;90 m² útiles;3 dormitorios | 2 baños | 90 m² útiles;Zañartu 1905, Ñuñoa, Chile, Estadio Nacional, Ñuñoa;
2025-11-29 17:56:59;Ñuñoa;departamento;Vende Departamento 74m2 2d/2b/1e/1b Alcalde Jorge Monckeberg;4500;CLF;2 dormitorios;2 baños;74 m² útiles;2 dormitorios | 2 baños | 74 m² útiles;Alcalde Jorge Monckeberg 35, Ñuñoa, Villa Frei, Ñuñoa;
2025-11-29 17:56:59;Ñuñoa;departamento;Hermoso Departamento Con Vista Despejada (1d / 47 M2);3990;CLF;1 dormitorio;1 baño;47 m² útiles;1 dormitorio | 1 baño | 47 m² útiles;Holanda 3520, Ñuñoa, Plaza Ñuñoa, Ñuñoa;
2025-11-29 17:56:59;Ñuñoa;departamento;1d1b + Homeoffice + Estac. Y Bodega En Metro Irarrázaval ;2950;CLF;1 dormitorio;1 baño;42 m² útiles;1 dormitorio | 1 baño | 42 m² útiles;Av. Vicuña Mackenna 692, Ñuñoa, Metro Irarrázaval, Ñuñoa;
2025-11-29 17:56:59;Ñuñoa;departamento;Departamento En Venta De 2 Dorm. En Ñuñoa;5400;CLF;2 dormitorios;2 baños;60 m² útiles;2 dormitorios | 2 baños | 60 m² útiles;Brown Norte | Departamento En Venta 2D 2B | Ñuñoa | One Propiedades, Parque Botánico, Ñuñoa;
2025-11-29 17:56:59;Ñuñoa;departamento;Departamento En Venta De 1 Dorm. En Ñuñoa;5850;CLF;1 dormitorio;1 baño;67 m² útiles;1 dormitorio | 1 baño | 67 m² útiles;Barrio Italia | Depto En Venta 1D1B | Novación | Ñuñoa | One Propiedades, Ñuñoa;
2025-11-29 17:56:59;Ñuñoa;departamento;Comodidad, Conectividad Y Vida De Barrio.;6990;CLF;4 dormitorios;3 baños;96 m² útiles;4 dormitorios | 3 baños | 96 m² útiles;José Domingo Cañas, 1800 - 2100, Ñuñoa;
2025-11-29 17:56:59;Ñuñoa;departamento;Departamento En Venta De 2d/2b. En Ñuñoa;6500;CLF;2 dormitorios;2 baños;73 m² útiles;2 dormitorios | 2 baños | 73 m² útiles;Av Irarrazaval-Metro Chile-España Y Villa Frei | Dpto En Venta 2D2B | Ñuñoa | One Propiedades, Parque Juan XXIII, Ñuñoa;
2025-11-29 17:56:59;Ñuñoa;departamento;Dpto. Dos Dorm Dos Baños. Buen Estado. Luminoso. Acogedor;5500;CLF;2 dormitorios;2 baños;60 m² útiles;2 dormitorios | 2 baños | 60 m² útiles;Duble Almeyda|Pedro De Valdivia|DPTO|2B2D|Nuñoa|Vende Con ONE Propiedades, Metro Monseñor Eyzaguirre, Ñuñoa;
2025-11-29 17:56:59;Ñuñoa;departamento; Tu Oasis Urbano: Moderno Depto En Ñuñoa ;4450;CLF;2 dormitorios;2 baños;57 m² útiles;2 dormitorios | 2 baños | 57 m² útiles;Rodrigo De Araya, 3280, Juan Gómez Millas, Ñuñoa;
2025-11-29 17:56:59;Ñuñoa;departamento;Tu Nuevo Hogar En Ñuñoa: Comodidad Y Modernidad;5290;CLF;2 dormitorios;2 baños;62 m² útiles;2 dormitorios | 2 baños | 62 m² útiles;Emilio Vaisse, 600 - 900, Metro Irarrázaval, Ñuñoa;
2025-11-29 17:56:59;Ñuñoa;departamento;Av. Sucre / Av. Pedro De Valdivia;6600;CLF;2 dormitorios;2 baños;65 m² útiles;2 dormitorios | 2 baños | 65 m² útiles;Av. Sucre 2400 - 2700, Ñuñoa, Metro Ñuñoa, Ñuñoa;
2025-11-29 17:56:59;Ñuñoa;departamento;3d+2b+e+b Exequiel Con Las Encinas, Año 2020;5600;CLF;3 dormitorios;2 baños;85 m² útiles;3 dormitorios | 2 baños | 85 m² útiles;Exequiel Fernández, 1500 - 1800, Estadio Nacional, Ñuñoa;
2025-11-29 17:56:59;Ñuñoa;departamento;Se Vende Depto.julio Prado / Sucre / Ñuñoa;7100;CLF;2 dormitorios;2 baños;81 m² útiles;2 dormitorios | 2 baños | 81 m² útiles;Julio Prado 1500 - 1800, Metro Monseñor Eyzaguirre, Ñuñoa;
2025-11-29 17:56:59;Ñuñoa;departamento;Celerino Pereira / Metro Principe De Gales;6100;CLF;2 dormitorios;2 baños;58 m² útiles;2 dormitorios | 2 baños | 58 m² útiles;Celerino Pereira, 1800 - 2100, Diego De Almagro, Ñuñoa;
2025-11-29 17:56:59;Ñuñoa;departamento;Campus Oriente 2d 2b, Rebajado;7100;CLF;2 dormitorios;2 baños;71 m² útiles;2 dormitorios | 2 baños | 71 m² útiles;Jaime Guzmán Errazuriz, 3300 - 3600, Plaza Ñuñoa, Ñuñoa;
2025-11-29 17:56:59;Ñuñoa;departamento;Ñuñoa, Departamento Sector Residencial;4950;CLF;1 dormitorio;1 baño;44 m² útiles;1 dormitorio | 1 baño | 44 m² útiles;Echeñique / Hamburgo, 1 - 300, Metro Simón Bolivar, Ñuñoa;
2025-11-29 17:56:59;Ñuñoa;departamento;Av. Zañartu / Metro Rodrigo De Araya;4000;CLF;2 dormitorios;2 baños;50 m² útiles;2 dormitorios | 2 baños | 50 m² útiles;Av. Zañartu, 900 - 1200, Estadio Nacional, Ñuñoa;
2025-11-29 17:56:59;Ñuñoa;departamento;Simon Bolivar / Bremen;6550;CLF;2 dormitorios;2 baños;75 m² útiles;2 dormitorios | 2 baños | 75 m² útiles;Simón Bolívar, 4800 - 5100, Plaza Egaña, Ñuñoa;
2025-11-29 17:56:59;Ñuñoa;departamento;Depto 1d/1b Con Piscina Y Gym En Ñuñoa, 33m²;2800;CLF;1 dormitorio;1 baño;33 m² útiles;1 dormitorio | 1 baño | 33 m² útiles;Zañartu, 1200 - 1500, Ñuñoa;
2025-11-29 17:56:59;Ñuñoa;departamento;Depto. 2d+2b De 74 Mts2 A Pasos Metro M. Eyzagui.;5190;CLF;2 dormitorios;2 baños;70 m² útiles;2 dormitorios | 2 baños | 70 m² útiles;José Domingo Cañas, 1500 - 1800, Metro Monseñor Eyzaguirre, Ñuñoa;
2025-11-29 17:56:59;Ñuñoa;departamento;Departamento En Venta De 2 Dorm. En Ñuñoa;4200;CLF;2 dormitorios;1 baño;50 m² útiles;2 dormitorios | 1 baño | 50 m² útiles;Mujica/Seminario, Metro Irarrázaval, Ñuñoa;
2025-11-29 17:56:59;Ñuñoa;departamento;Acogedor  Departamento En Excelente Barrio Residencial ;7000;CLF;3 dormitorios;2 baños;90 m² útiles;3 dormitorios | 2 baños | 90 m² útiles;Rengo 10000, Ñuñoa, Chile, Metro Monseñor Eyzaguirre, Ñuñoa;
2025-11-29 17:56:59;Ñuñoa;departamento;Cómodo Departamento - A Pasos De Campus Oriente Uc;5700;CLF;2 dormitorios;2 baños;64 m² útiles;2 dormitorios | 2 baños | 64 m² útiles;Cómodo Departamento - A Pasos De Campus Oriente UC, 0, Parque Juan XXIII, Ñuñoa;
2025-11-29 17:56:59;Ñuñoa;departamento;Departamento En Venta 2d/2b. Cercano A Metro. Ñuñoa;6000;CLF;;2 baños;54 m² útiles;2 baños | 54 m² útiles;Cercano Plaza Ñuñoa, Plaza Ñuñoa, Ñuñoa;
2025-11-29 17:56:59;Ñuñoa;departamento;Departamento Mariposa En Venta De 2 Dorm. En Ñuñoa;5430;CLF;2 dormitorios;2 baños;41 m² útiles;2 dormitorios | 2 baños | 41 m² útiles;Metro Irarrazabal | Dpto En Venta 2D2B | Ñuñoa | One Propiedades, Parque San Eugenio - Metro Ñuble, Ñuñoa;
2025-11-29 17:56:59;Ñuñoa;departamento;Departamento En Venta De 1 Dorm. En Ñuñoa;3820;CLF;1 dormitorio;1 baño;32 m² útiles;1 dormitorio | 1 baño | 32 m² útiles;Metro Irarrazabal | Dpto En Venta 1D1B | Ñuñoa | One Propiedades, Parque San Eugenio - Metro Ñuble, Ñuñoa;
2025-11-29 17:56:59;Ñuñoa;departamento;Departamento En Venta De 2 Dorm. En Ñuñoa;5899;CLF;2 dormitorios;2 baños;46 m² útiles;2 dormitorios | 2 baños | 46 m² útiles;Metro Irarrazabal | Dpto En Venta 2D2B | Ñuñoa | One Propiedades, Parque San Eugenio - Metro Ñuble, Ñuñoa;
2025-11-29 17:56:59;Ñuñoa;departamento;Lindo Departamento Con Hermosa Vista (3d / 2b);5990;CLF;3 dormitorios;2 baños;90 m² útiles;3 dormitorios | 2 baños | 90 m² útiles;Dublé Almeyda 1694, Ñuñoa, Metro Monseñor Eyzaguirre, Ñuñoa;
2025-11-29 17:56:59;Ñuñoa;departamento;¡hogar Ideal En Ñuñoa! 3d/3b Con Terraza;9250;CLF;3 dormitorios;3 baños;123 m² útiles;3 dormitorios | 3 baños | 123 m² útiles;Montenegro, 2100 - 2400, Diego De Almagro, Ñuñoa;
2025-11-29 17:56:59;Ñuñoa;departamento;Excelente Ubicación 5 Min Del Metro Chile España;5400;CLF;2 dormitorios;2 baños;60 m² útiles;2 dormitorios | 2 baños | 60 m² útiles;Chile España, 300 - 600, Plaza Ñuñoa, Ñuñoa;
2025-11-29 17:56:59;Ñuñoa;departamento;Vista Despejada  / Excelente Conectividad;3700;CLF;1 dormitorio;1 baño;35 m² útiles;1 dormitorio | 1 baño | 35 m² útiles;Av. Irarrázaval, 1200 - 1500, Metro Monseñor Eyzaguirre, Ñuñoa;
2025-11-29 17:56:59;Ñuñoa;departamento;Miguel Claro / Metro Monseñor Eyzaguirre;5300;CLF;2 dormitorios;2 baños;67 m² útiles;2 dormitorios | 2 baños | 67 m² útiles;Miguel Claro, 2400 - 2700, Metro Monseñor Eyzaguirre, Ñuñoa;
2025-11-29 17:56:59;Ñuñoa;departamento;Departamento En Venta De 3 Dorm. En Ñuñoa;8600;CLF;3 dormitorios;2 baños;88 m² útiles;3 dormitorios | 2 baños | 88 m² útiles;Hannover | Departamento En Venta (3D 2B) | Ñuñoa | One Propiedades, Plaza Egaña, Ñuñoa;
2025-11-29 17:56:59;Ñuñoa;departamento;Departamento En Venta De 2 Dorm. En Ñuñoa;5543;CLF;2 dormitorios;1 baño;64 m² útiles;2 dormitorios | 1 baño | 64 m² útiles;Depto Venta Hamburgo Ñuñoa 2 D Con Azotea, Diagonal Oriente, Ñuñoa;
2025-11-29 17:56:59;Ñuñoa;departamento;Duplex Marchant Pereira- Sucre 106m2 3d, 2b 1e, 1b;8000;CLF;3 dormitorios;2 baños;107 m² útiles;3 dormitorios | 2 baños | 107 m² útiles;Marchant Pereira 2100 - 2400, Ñuñoa, Región Metropolitana, Chile, Metro Ñuñoa, Ñuñoa;
2025-11-29 17:56:59;Ñuñoa;departamento;Acogedor Departamento De Un Ambiente;2370;CLF;1 dormitorio;1 baño;27 m² útiles;1 dormitorio | 1 baño | 27 m² útiles;Avenida Irarrázaval & Avenida Vicuña Mackenna, Metro Irarrázaval, Ñuñoa;
2025-11-29 17:56:59;Ñuñoa;departamento;Cómodo Y Acogedor Departamento En Ñuñoa;97000000;CLP;3 dormitorios;1 baño;56 m² útiles;3 dormitorios | 1 baño | 56 m² útiles;Capitan Ignacio Carrera Pinto, 1 - 300, Villa Los Jardínes - Villa Los Presidentes, Ñuñoa;
2025-11-29 17:56:59;Ñuñoa;departamento;Venta De Departamento De 2d 2b En Ñuñoa;5500;CLF;2 dormitorios;2 baños;51 m² útiles;2 dormitorios | 2 baños | 51 m² útiles;Emilio Vaisse | Depto En Venta (2D 2B) | Nuñoa | One Propiedades, Metro Irarrázaval, Ñuñoa;
2025-11-29 17:56:59;Ñuñoa;departamento;Departamento En Venta En Estadio Nacional Ñuñoa;115000000;CLP;2 dormitorios;1 baño;57 m² útiles;2 dormitorios | 1 baño | 57 m² útiles;Los Jazmines 1692, Ñuñoa, Santiago, Estadio Nacional, Ñuñoa;
2025-11-29 17:56:59;Ñuñoa;departamento;"Dúplex En Venta - Ideal Para Familias - 4d&#43;2b";7200;CLF;4 dormitorios;2 baños;98 m² útiles;4 dormitorios | 2 baños | 98 m² útiles;Duplex 100m2 Ricardo Lyon Simon Bolivar, Metro Ñuñoa, Ñuñoa;
2025-11-29 17:56:59;Ñuñoa;departamento;Hermoso Depto: Tranquilidad Y Conectividad;4405;CLF;3 dormitorios;2 baños;70 m² útiles;3 dormitorios | 2 baños | 70 m² útiles;Duble Almeyda, 1800 - 2100, Metro Monseñor Eyzaguirre, Ñuñoa;
2025-11-29 17:56:59;Ñuñoa;departamento;¡dpto. 3d/2b En Ñuñoa;5750;CLF;3 dormitorios;2 baños;82 m² útiles;3 dormitorios | 2 baños | 82 m² útiles;Duble Almeyda, 1500 - 1800, Metro Monseñor Eyzaguirre, Ñuñoa;
2025-11-29 17:56:59;Ñuñoa;departamento;Departamento Restaurado, Dúplex, A Pasos Metro Simón Bolívar;6950;CLF;4 dormitorios;3 baños;96 m² útiles;4 dormitorios | 3 baños | 96 m² útiles;Av. Echeñique 5420, Ñuñoa, Metro Simón Bolivar, Ñuñoa;
2025-11-29 17:57:36;Ñuñoa;departamento;Oferta! Depto. 2d+2b+e+b Piso 1;4390;CLF;2 dormitorios;2 baños;70 m² útiles;2 dormitorios | 2 baños | 70 m² útiles;Valencia, 2100 - 2400, Metro Ñuñoa, Ñuñoa;
2025-11-29 17:57:36;Ñuñoa;departamento;Departamento En Venta De 2 Dorm. En Ñuñoa;5300;CLF;2 dormitorios;2 baños;71 m² totales;2 dormitorios | 2 baños | 71 m² totales;Bremen Con Simon Bolivar, Plaza Egaña, Ñuñoa;
2025-11-29 17:57:36;Ñuñoa;departamento;Vende Dpto 2d, 1b, Est. Y Bodega - Barrio Italia, Ñuñoa;4387;CLF;2 dormitorios;1 baño;49 m² útiles;2 dormitorios | 1 baño | 49 m² útiles;Condell Con Av. Irarrázaval, Metro Irarrázaval, Ñuñoa;
2025-11-29 17:57:36;Ñuñoa;departamento;Departamento En Venta De 2 Dorm. En Ñuñoa;7500;CLF;2 dormitorios;2 baños;89 m² útiles;2 dormitorios | 2 baños | 89 m² útiles;Ottawa Con Av. Irarrázaval, Parque Juan XXIII, Ñuñoa;
2025-11-29 17:57:36;Ñuñoa;departamento;Hermoso Dpto Ñuñoa , En Tranquilo Edificio;4600;CLF;2 dormitorios;2 baños;50 m² útiles;2 dormitorios | 2 baños | 50 m² útiles;Exequiel Fernandez 1800 - 2000, Estadio Nacional, Ñuñoa;
2025-11-29 17:57:36;Ñuñoa;departamento;Sin Comision  Ñuñoa   Departamento Nuevo;6800;CLF;2 dormitorios;2 baños;52 m² útiles;2 dormitorios | 2 baños | 52 m² útiles;LOS LEONES JOSE ARTIGAS, Plaza Ñuñoa, Ñuñoa;
2025-11-29 17:57:36;Ñuñoa;departamento;Invierte Inteligente;4497;CLF;2 dormitorios;2 baños;46 m² útiles;2 dormitorios | 2 baños | 46 m² útiles;Vicuña Mackenna 1400 - 1600, Parque San Eugenio - Metro Ñuble, Ñuñoa;
2025-11-29 17:57:36;Ñuñoa;departamento;Oportunidad En Ñuñoa;4529;CLF;2 dormitorios;2 baños;47 m² útiles;2 dormitorios | 2 baños | 47 m² útiles;Los Alerces 3200 - 3400, Juan Gómez Millas, Ñuñoa;
2025-11-29 17:57:36;Ñuñoa;departamento;Ñuñoa  Metro Chile  España  Departamento Nuevo 1d 1 B;4800;CLF;1 dormitorio;1 baño;50 m² útiles;1 dormitorio | 1 baño | 50 m² útiles;LOS LEONES SUCRE, Plaza Ñuñoa, Ñuñoa;
2025-11-29 17:57:36;Ñuñoa;departamento;Oportunidad, 3 Dormitorios, Home-office, Logia.;5690;CLF;3 dormitorios;2 baños;77 m² útiles;3 dormitorios | 2 baños | 77 m² útiles;Francisco De Villagra 1 - 300, La Reina, Ñuñoa, Plaza Egaña, Ñuñoa;
2025-11-29 17:57:36;Ñuñoa;departamento;Espectacular Vista, 2 Dor, 2 Baños, Full Equipado;5985;CLF;2 dormitorios;2 baños;77 m² útiles;2 dormitorios | 2 baños | 77 m² útiles;Francisco De Villagra 77, La Reina, Ñuñoa, Plaza Egaña, Ñuñoa;
2025-11-29 17:57:36;Ñuñoa;departamento;Se Vende Depto 2d, 2b, Excelente Conectividad, Ñuñoa;4980;CLF;2 dormitorios;2 baños;60 m² útiles;2 dormitorios | 2 baños | 60 m² útiles;Cerca De La Calle Irarrazabal Y Metro Irene Frei, Villa Frei, Ñuñoa;
2025-11-29 17:57:36;Ñuñoa;departamento;Departamento En Venta En Metro Simón Bolivar, Ñuñoa;6500;CLF;1 dormitorio;2 baños;71 m² útiles;1 dormitorio | 2 baños | 71 m² útiles;Av. Echeñique 5100, Ñuñoa, Metro Simón Bolivar, Ñuñoa;
2025-11-29 17:57:36;Ñuñoa;departamento;Ñuñoa - Plaza Zañartu Departamento ;2724;CLF;1 dormitorio;1 baño;30 m² útiles;1 dormitorio | 1 baño | 30 m² útiles;AV. PEDRO DE VALDIVIA. PLAZA ZAÑARTU, Estadio Nacional, Ñuñoa;
2025-11-29 17:57:36;Ñuñoa;departamento;Rp-departamento En Venta En Parque Juan Xxiii Ñuñoa;6400;CLF;3 dormitorios;2 baños;80 m² útiles;3 dormitorios | 2 baños | 80 m² útiles;Sta. Julia 290, 7.7601e+06 - 7.7604e+06 Ñuñoa, Región Metropolitana, Chile, Parque Juan XXIII, Ñuñoa;
2025-11-29 17:57:36;Ñuñoa;departamento;Departamento En Venta En Ñuñoa;6930;CLF;2 dormitorios;2 baños;78 m² útiles;2 dormitorios | 2 baños | 78 m² útiles;Alcalde Eduardo Castillo Velasco 2700 - 3000, Ñuñoa, Plaza Ñuñoa, Ñuñoa;
2025-11-29 17:57:36;Ñuñoa;departamento;Francisco De Villagra Altura 100, Plaza Egaña, Ñuñoa;5498;CLF;2 dormitorios;2 baños;61 m² útiles;2 dormitorios | 2 baños | 61 m² útiles;Francisco De Villagra 1 - 300, Ñuñoa, Plaza Egaña, Ñuñoa;
2025-11-29 17:57:36;Ñuñoa;departamento;Vendo Dpto 2d, 2b Con Estac. Y Bod. - Ñuñoa, Sta Julia;6100;CLF;2 dormitorios;2 baños;76 m² útiles;2 dormitorios | 2 baños | 76 m² útiles;Santa Julia Con Alcalde Eduardo Castillo Velasco, Parque Juan XXIII, Ñuñoa;
2025-11-29 17:57:36;Ñuñoa;departamento;Departamento En Venta En Los Tres Antonios Con Terraza;4900;CLF;3 dormitorios;2 baños;73 m² útiles;3 dormitorios | 2 baños | 73 m² útiles;Los Alerces 2830, 7.7799e+06 - 7.7802e+06 Ñuñoa, Región Metropolitana, Chile, Estadio Nacional, Ñuñoa;
2025-11-29 17:57:36;Ñuñoa;departamento;Departamento En Venta En Plaza Egaña Ñuñoa;4400;CLF;2 dormitorios;2 baños;65 m² útiles;2 dormitorios | 2 baños | 65 m² útiles;Carlos Montt, Ñuñoa, Plaza Egaña, Ñuñoa;
2025-11-29 17:57:36;Ñuñoa;departamento;Impecable Departamento En Simón Bolívar / Ñuñoa;8600;CLF;3 dormitorios;2 baños;83 m² útiles;3 dormitorios | 2 baños | 83 m² útiles;Simón Bolívar 2600 - 2800, Metro Ñuñoa, Ñuñoa;
2025-11-29 17:57:36;Ñuñoa;departamento;Battle Y Ordoñez / Pedro Torres;7500;CLF;3 dormitorios;3 baños;92 m² útiles;3 dormitorios | 3 baños | 92 m² útiles;Carlos Aguirre Luco 537, 7.7904e+06 - 7.7907e+06 Ñuñoa, Región Metropolitana, Chile, Parque Juan XXIII, Ñuñoa;
2025-11-29 17:57:36;Ñuñoa;departamento;Departamento En Barrio Residencial / Ñuñoa;4500;CLF;2 dormitorios;2 baños;58 m² útiles;2 dormitorios | 2 baños | 58 m² útiles;José Miguel Claro 2400 - 2600, Metro Monseñor Eyzaguirre, Ñuñoa;
2025-11-29 17:57:36;Ñuñoa;departamento;Departamento Nororiente, Vista Despejada, Metro, 3 Dormit.;5500;CLF;3 dormitorios;2 baños;77 m² útiles;3 dormitorios | 2 baños | 77 m² útiles;Carlos Montt 5476, 7.7598e+06 - 7.7601e+06 Ñuñoa, Región Metropolitana, Chile, Plaza Egaña, Ñuñoa;
2025-11-29 17:57:36;Ñuñoa;departamento;Departamento En Venta De 2d 2b. En Ñuñoa;5500;CLF;2 dormitorios;2 baños;68 m² útiles;2 dormitorios | 2 baños | 68 m² útiles;Emilia Téllez Con Hamburgo, Metro Simón Bolivar, Ñuñoa;
2025-11-29 17:57:36;Ñuñoa;departamento;Impecable, Vista Despejada. ;4500;CLF;2 dormitorios;2 baños;58 m² útiles;2 dormitorios | 2 baños | 58 m² útiles;Condell 1800 - 2000, Metro Irarrázaval, Ñuñoa;
2025-11-29 17:57:36;Ñuñoa;departamento;Se Vende Dpto Duplex 3d,2b, Matta - Metro Irarrazaval;5250;CLF;3 dormitorios;2 baños;100 m² útiles;3 dormitorios | 2 baños | 100 m² útiles;San Eugenio Con Av. Irarrázaval, Metro Irarrázaval, Ñuñoa;
2025-11-29 17:57:36;Ñuñoa;departamento;Departamento En Metro Monseñor Eyzaguirre, 2 Dormitorios;4200;CLF;2 dormitorios;2 baños;49 m² útiles;2 dormitorios | 2 baños | 49 m² útiles;Dublé Almeyda 1960, 7.7499e+06 - 7.7502e+06 Ñuñoa, Región Metropolitana, Chile, Metro Monseñor Eyzaguirre, Ñuñoa;
2025-11-29 17:57:36;Ñuñoa;departamento;Departamento En Venta De 2 Dorm. En Ñuñoa;4700;CLF;2 dormitorios;2 baños;57 m² útiles;2 dormitorios | 2 baños | 57 m² útiles;Metro Ñuñoa, Ñuñoa;
2025-11-29 17:57:36;Ñuñoa;departamento;Metro Chile-españa, Manuel De Salas, 3d/2b/estac./bodega;6680;CLF;3 dormitorios;2 baños;78 m² útiles;3 dormitorios | 2 baños | 78 m² útiles;Manuel De Salas, Irarrázaval, Metro Chile España, Ñuñoa;
2025-11-29 17:57:36;Ñuñoa;departamento;Departamento Con Vista Despejada Muy Bien Ubicado En Ñuñoa;3600;CLF;1 dormitorio;1 baño;37 m² útiles;1 dormitorio | 1 baño | 37 m² útiles;Irarrazabal, Ñuñoa;
2025-11-29 17:57:36;Ñuñoa;departamento;Hermoso Departamento;5900;CLF;2 dormitorios;2 baños;65 m² útiles;2 dormitorios | 2 baños | 65 m² útiles;Av. Irarrázaval 5418, 7790757 Ñuñoa, Región Metropolitana, Chile, Plaza Egaña, Ñuñoa;
2025-11-29 17:57:36;Ñuñoa;departamento;Oportunidad Departamento Ñuñoa;3450;CLF;2 dormitorios;1 baño;60 m² útiles;2 dormitorios | 1 baño | 60 m² útiles;Av. Grecia 2541, Ñuñoa, Estadio Nacional, Ñuñoa;
2025-11-29 17:57:36;Ñuñoa;departamento;Oportunidad Dpto 3d/3b Ñuñoa ;5200;CLF;3 dormitorios;3 baños;100 m² útiles;3 dormitorios | 3 baños | 100 m² útiles;Ortuzar, Parque Botánico, Ñuñoa;
2025-11-29 17:57:36;Ñuñoa;departamento;"Venta De Departamento En Increíble Proyecto ; Ñuñoa ";2250;CLF;1 dormitorio;1 baño;30 m² útiles;1 dormitorio | 1 baño | 30 m² útiles;Zañartu 1100, Ñuñoa, Chile, Estadio Nacional, Ñuñoa;
2025-11-29 17:57:36;Ñuñoa;departamento;Impecable Dpto De 2d / 1b Residencia;5900;CLF;2 dormitorios;1 baño;45 m² útiles;2 dormitorios | 1 baño | 45 m² útiles;Estrella Solitaria, Plaza Egaña, Ñuñoa;
2025-11-29 17:57:36;Ñuñoa;departamento;Pedro Torres, Metro Chile España, Amplio 3d/2b/2estac./bod.;8200;CLF;3 dormitorios;2 baños;90 m² útiles;3 dormitorios | 2 baños | 90 m² útiles;Pedro Torres, Irarrázaval, Metro Chile España, Parque Juan XXIII, Ñuñoa;
2025-11-29 17:57:36;Ñuñoa;departamento;Nuevo / Residencial / Metro Plaza De Egaña!!;5400;CLF;2 dormitorios;2 baños;50 m² útiles;2 dormitorios | 2 baños | 50 m² útiles;Nuevo / Residencial / Metro Plaza De Egaña!!, Diagonal Oriente, Ñuñoa;
2025-11-29 17:57:36;Ñuñoa;departamento;Depto Con Excelentes Espacios;6500;CLF;2 dormitorios;2 baños;80 m² útiles;2 dormitorios | 2 baños | 80 m² útiles;Av. Simón Bolívar 4949, La Reina, Ñuñoa, Plaza Egaña, Ñuñoa;
2025-11-29 17:57:36;Ñuñoa;departamento;Departamento En Venta En Plaza Ñuñoa;10500;CLF;4 dormitorios;3 baños;125 m² útiles;4 dormitorios | 3 baños | 125 m² útiles;Jorge Washington / Amplia Terraza/ 2 ESTACIONAMIENTOS, Plaza Ñuñoa, Ñuñoa;
2025-11-29 17:57:36;Ñuñoa;departamento;Departamento En Venta De 2 Dorm. En Ñuñoa;6100;CLF;2 dormitorios;1 baño;45 m² útiles;2 dormitorios | 1 baño | 45 m² útiles;Metro Principe De Gales, Amapolas, Ñuñoa;
2025-11-29 17:57:36;Ñuñoa;departamento;Departamento En Venta En Ñuñoa;3100;CLF;1 dormitorio;1 baño;36 m² útiles;1 dormitorio | 1 baño | 36 m² útiles;Vicuña Mackena, Estadio Nacional, Ñuñoa;
2025-11-29 17:57:36;Ñuñoa;departamento;Departamento En Ñuñoa;5870;CLF;3 dormitorios;2 baños;82 m² útiles;3 dormitorios | 2 baños | 82 m² útiles;BADEN 4891, Ñuñoa;
2025-11-29 17:57:36;Ñuñoa;departamento;Hermoso Departamento;3100;CLF;3 dormitorios;1 baño;67 m² útiles;3 dormitorios | 1 baño | 67 m² útiles;C. Nueva 1870, Santiago, Ñuñoa, Villa Los Jardínes - Villa Los Presidentes, Ñuñoa;
2025-11-29 17:57:36;Ñuñoa;departamento;Departamento En Venta De1 Dorm Ideal Para Inversión En Ñuñoa;3500;CLF;1 dormitorio;1 baño;37 m² útiles;1 dormitorio | 1 baño | 37 m² útiles;AV. IRARRRAZAVAL / ALCALDE MONCKEBERG, Villa Frei, Ñuñoa;
2025-11-29 17:57:36;Ñuñoa;departamento;Venta Depto Plaza Egaña 2 Dorm. Estac. Y Bod., Ñuñoa;4700;CLF;2 dormitorios;1 baño;43 m² útiles;2 dormitorios | 1 baño | 43 m² útiles;FRANCISCO DE VILLAGRA CON IRARRÁZAVAL, Plaza Egaña, Ñuñoa;
2025-11-29 17:57:36;Ñuñoa;departamento;Se Vende Precioso Departamento ;7820;CLF;3 dormitorios;2 baños;85 m² útiles;3 dormitorios | 2 baños | 85 m² útiles;Diego De Almagro 4775, Ñuñoa, Diego De Almagro, Ñuñoa;
2025-11-29 17:57:36;Ñuñoa;departamento;Departamento En Venta De 3 Dorm. En Ñuñoa;6500;CLF;3 dormitorios;2 baños;95 m² útiles;3 dormitorios | 2 baños | 95 m² útiles;Plaza Sucre, Metro Monseñor Eyzaguirre, Ñuñoa;
2025-11-29 17:57:54;Ñuñoa;departamento;Departamento En Venta En Ñuñoa;3500;CLF;1 dormitorio;1 baño;37 m² útiles;1 dormitorio | 1 baño | 37 m² útiles;AV. IRARRRAZAVAL / ALCALDE MONCKEBERG, Villa Frei, Ñuñoa;
2025-11-29 17:57:54;Ñuñoa;departamento;Oportunidad Emprendedores;5200;CLF;2 dormitorios;2 baños;70 m² útiles;2 dormitorios | 2 baños | 70 m² útiles;Monseñor Eyzaquirre, 1 - 300, Metro Monseñor Eyzaguirre, Ñuñoa;
2025-11-29 17:57:54;Ñuñoa;departamento;Departamento En Venta De 3 Dorm. En Ñuñoa;5500;CLF;3 dormitorios;2 baños;75 m² útiles;3 dormitorios | 2 baños | 75 m² útiles;Dr. Johow / Juan Gomez Millas, Juan Gómez Millas, Ñuñoa;
2025-11-29 17:57:54;Ñuñoa;departamento;Acogedor Departamento Ubicado En Sector Parque Bustamante ;3950;CLF;2 dormitorios;2 baños;45 m² útiles;2 dormitorios | 2 baños | 45 m² útiles;Parque Bustamante, Metro Irarrázaval, Ñuñoa;
2025-11-29 17:57:54;Ñuñoa;departamento;Departamento Sucre / Suecia - Ñuñoa;4900;CLF;2 dormitorios;2 baños;67 m² útiles;2 dormitorios | 2 baños | 67 m² útiles;Av. Sucre 2821, Ñuñoa, Ñuñoa;
2025-11-29 17:57:54;Ñuñoa;departamento;Av. Ossa, 2 Dormitorios + 2 Baño2, 1 Estac Y 1 Bod. Ñuñoa;5700;CLF;2 dormitorios;2 baños;65 m² útiles;2 dormitorios | 2 baños | 65 m² útiles;Avenida Ossa 1400, Ñuñoa, Región Metropolitana De Santiago 7750000, Chile, Amapolas, Ñuñoa;
2025-11-29 17:57:54;Ñuñoa;departamento;Lindo Depto 2d2b Amplia Terraza, Las Dalias;4400;CLF;2 dormitorios;2 baños;51 m² útiles;2 dormitorios | 2 baños | 51 m² útiles;Las Dalias 2000, Ñuñoa, Región Metropolitana De Santiago 7750000, Chile, Estadio Nacional, Ñuñoa;
2025-11-29 17:57:54;Ñuñoa;departamento;Departamento En Venta En Parque San Eugenio;4400;CLF;2 dormitorios;2 baños;60 m² útiles;2 dormitorios | 2 baños | 60 m² útiles;San Eugenio 1331, Ñuñoa, Parque San Eugenio - Metro Ñuble, Ñuñoa;
2025-11-29 17:57:54;Ñuñoa;departamento;Departamento En Venta En Ñuñoa;4211;CLF;1 dormitorio;1 baño;44 m² útiles;1 dormitorio | 1 baño | 44 m² útiles;Dublé Almeyda 1798, Ñuñoa, Metro Monseñor Eyzaguirre, Ñuñoa;
2025-11-29 17:57:54;Ñuñoa;departamento;Como Nuevo Depto 2d/2b + 2 Estac. Y Bod, Pasos Del Metro;6400;CLF;2 dormitorios;2 baños;85 m² útiles;2 dormitorios | 2 baños | 85 m² útiles;Avenida Irarrázaval 3360, Ñuñoa, Región Metropolitana De Santiago 7750000, Chile, Plaza Ñuñoa, Ñuñoa;
2025-11-29 17:57:54;Ñuñoa;departamento;Vista Despejada/ Azotea / 2 Estacionamiento;9700;CLF;3 dormitorios;3 baños;107 m² útiles;3 dormitorios | 3 baños | 107 m² útiles;Hamburgo 1620, Ñuñoa, Región Metropolitana De Santiago 7750000, Chile, Amapolas, Ñuñoa;
2025-11-29 17:57:54;Ñuñoa;departamento;Venta Depto 2dormitorios, 2 Baños, A Pasos Del Metro. ;4900;CLF;2 dormitorios;2 baños;63 m² útiles;2 dormitorios | 2 baños | 63 m² útiles;Estrella Solitaria 4500 - 4800, Ñuñoa, Parque Botánico, Ñuñoa;
2025-11-29 17:57:54;Ñuñoa;departamento;Hermoso Departamento En Ricardo Lyon Ñuñoa;7600;CLF;3 dormitorios;3 baños;100 m² útiles;3 dormitorios | 3 baños | 100 m² útiles;Av. Ricardo Lyon 3443, Ñuñoa, Metro Ñuñoa, Ñuñoa;
2025-11-29 17:57:54;Ñuñoa;departamento;Lindo Y Amplio Dpto 3d2b + Estac. Y Bod, Plaza Egaña;5950;CLF;3 dormitorios;2 baños;69 m² útiles;3 dormitorios | 2 baños | 69 m² útiles;Nuncio Laghi 5610, Ñuñoa, Región Metropolitana De Santiago 7750000, Chile, Diagonal Oriente, Ñuñoa;
2025-11-29 17:57:54;Ñuñoa;departamento;Vendo Departamento Tipo Mariposa. Metro Irarrázaval ;3950;CLF;2 dormitorios;2 baños;50 m² útiles;2 dormitorios | 2 baños | 50 m² útiles;Mujica 1 - 300, Providencia, Ñuñoa, Metro Irarrázaval, Ñuñoa;
2025-11-29 17:57:54;Ñuñoa;departamento;Se Vende Departamento De 2 Dormitorios Av. Irarrazaval;5850;CLF;2 dormitorios;2 baños;69 m² útiles;2 dormitorios | 2 baños | 69 m² útiles;Los Talaveras 45, Ñuñoa, Región Metropolitana De Santiago 7750000, Chile, Plaza Ñuñoa, Ñuñoa;
2025-11-29 17:57:54;Ñuñoa;departamento;Lindo Depto 3d2b + Estac. Y Bod, Metro Chile España;6100;CLF;3 dormitorios;2 baños;84 m² útiles;3 dormitorios | 2 baños | 84 m² útiles;Exequiel Fernández 700, Ñuñoa, Metro Chile España, Estadio Nacional, Ñuñoa;
2025-11-29 17:57:54;Ñuñoa;departamento;Antonio Varas / Av. Sucre, 104mt, 3 Dorm, 2 B, Estac, Bod;8700;CLF;3 dormitorios;2 baños;104 m² útiles;3 dormitorios | 2 baños | 104 m² útiles;Avenida Antonio Varas 2255, Ñuñoa, Región Metropolitana De Santiago 7750000, Chile, Metro Monseñor Eyzaguirre, Ñuñoa;
2025-11-29 17:57:54;Ñuñoa;departamento;Vendo Departamento Ñuñoa - Massespacios;210000000;CLP;3 dormitorios;2 baños;1 m² totales;3 dormitorios | 2 baños | 1 m² totales;José Domingo Cañas, José Manuel Infante, Metro Monseñor Eyzaguirre, Ñuñoa;
2025-11-29 17:57:54;Ñuñoa;departamento;Depto Como Nuevo Amplio 3d2b + 2 Estacionamientos Y Bod.;5950;CLF;3 dormitorios;2 baños;67 m² útiles;3 dormitorios | 2 baños | 67 m² útiles;Francisco Meneses 1600, Ñuñoa, Región Metropolitana De Santiago 7750000, Chile, Estadio Nacional, Ñuñoa;
2025-11-29 17:57:54;Ñuñoa;departamento;Venta Seminuevo- Estadio Nacional- Ñuñoa;4550;CLF;2 dormitorios;2 baños;52 m² útiles;2 dormitorios | 2 baños | 52 m² útiles;Castillo Urízar, Estadio Nacional, Ñuñoa;
2025-11-29 17:57:54;Ñuñoa;departamento;Venta Home-studio - Con Bodega  | Metro Ñuble;1990;CLF;1 dormitorio;1 baño;25 m² útiles;1 dormitorio | 1 baño | 25 m² útiles;San Eugenio 1209, Ñuñoa, Parque San Eugenio - Metro Ñuble, Ñuñoa;
2025-11-29 17:57:54;Ñuñoa;departamento;En Venta Departamento De 60 Mt2 Con  2 Habitaciones Ñuñoa;4200;CLF;2 dormitorios;2 baños;56 m² útiles;2 dormitorios | 2 baños | 56 m² útiles;Dr. Johow 995, Ñuñoa, Juan Gómez Millas, Ñuñoa;
2025-11-29 17:57:54;Ñuñoa;departamento;Departamento En Venta De 2 Dorm. En Ñuñoa;4950;CLF;2 dormitorios;2 baños;59 m² útiles;2 dormitorios | 2 baños | 59 m² útiles;Depto 2 Dorm Y 2 Baños, En Zañartu, Ñuñoa, Estadio Nacional, Ñuñoa;
2025-11-29 17:57:54;Ñuñoa;departamento;Departamento En Venta De 3 Dorm. 2 Baños En Ñuñoa;8390;CLF;3 dormitorios;2 baños;92 m² útiles;3 dormitorios | 2 baños | 92 m² útiles;Departamento Prácticamente NUEVO En Excelente Ubicación, En Sector Residencial De La Comuna De Ñuñoa, Cercano Al Metro, Supermercado, Plazas, Colegios Y Atractivos Restoranes De La Zona., Parque Juan XXIII, Ñuñoa;
2025-11-29 17:57:54;Ñuñoa;departamento;Departamento En Venta En Juan Gómez Millas, Ñuñoa;4500;CLF;2 dormitorios;2 baños;56 m² útiles;2 dormitorios | 2 baños | 56 m² útiles;Virginio Arias, Ñuñoa, Juan Gómez Millas, Ñuñoa;
2025-11-29 17:57:54;Ñuñoa;departamento;Departamento En Venta En Metro Ñuñoa;6800;CLF;3 dormitorios;2 baños;89 m² útiles;3 dormitorios | 2 baños | 89 m² útiles;Dublé Almeyda 2650, Ñuñoa, Metro Ñuñoa, Ñuñoa;
2025-11-29 17:57:54;Ñuñoa;departamento;Excelente Depto En Venta Ñuñoa 2 Dorm. 2 Baños;7190;CLF;2 dormitorios;2 baños;74 m² útiles;2 dormitorios | 2 baños | 74 m² útiles;Departamento Prácticamente NUEVO En Excelente Ubicación, En Sector Residencial De La Comuna De Ñuñoa, Cercano Al Metro, Supermercado, Plazas, Colegios Y Atractivos Restoranes De La Zona., Parque Juan XXIII, Ñuñoa;
2025-11-29 17:57:54;Ñuñoa;departamento;Departamento En Venta De 2 Dorm.2 Baños En Ñuñoa;8490;CLF;2 dormitorios;2 baños;93 m² útiles;2 dormitorios | 2 baños | 93 m² útiles;Departamento Prácticamente NUEVO En Excelente Ubicación, En Sector Residencial De La Comuna De Ñuñoa, Cercano Al Metro, Supermercado, Plazas, Colegios Y Atractivos Restoranes De La Zona., Parque Juan XXIII, Ñuñoa;
2025-11-29 17:57:54;Ñuñoa;departamento;Departamento En Ñuñoa;4100;CLF;2 dormitorios;2 baños;58 m² útiles;2 dormitorios | 2 baños | 58 m² útiles;Los Alerces 3225, Ñuñoa, Región Metropolitana De Santiago 7750000, Chile, Juan Gómez Millas, Ñuñoa;
2025-11-29 17:57:54;Ñuñoa;departamento;Uf 4550 Venta 2d+2b+1e Barrio Consolidado;4550;CLF;2 dormitorios;2 baños;52 m² útiles;2 dormitorios | 2 baños | 52 m² útiles;Holanda 3776, Ñuñoa, Santiago, Plaza Ñuñoa, Ñuñoa;
2025-11-29 17:57:54;Ñuñoa;departamento;Lindo Depto 1d1b+ Estac. Y Bod, Metro Villa Frei Y Pza Egaña;3750;CLF;1 dormitorio;1 baño;41 m² útiles;1 dormitorio | 1 baño | 41 m² útiles;San Jorge 60, Ñuñoa, Región Metropolitana De Santiago 7750000, Chile, Diagonal Oriente, Ñuñoa;
2025-11-29 17:57:54;Ñuñoa;departamento;Hermoso Depto. En Calle Ortuzar - Las Casitas De Paty;5000;CLF;2 dormitorios;2 baños;62 m² útiles;2 dormitorios | 2 baños | 62 m² útiles;Ortuzar 140, Parque Juan XXIII, Ñuñoa;
2025-11-29 17:57:54;Ñuñoa;departamento;Vendo Departamento Tipo Mariposa. Metro Irarrázaval ;3950;CLF;2 dormitorios;2 baños;50 m² útiles;2 dormitorios | 2 baños | 50 m² útiles;Mujica 99, Ñuñoa, Metro Irarrázaval, Ñuñoa;
2025-11-29 17:57:54;Ñuñoa;departamento;Amplio Depto 1d1b + Estac. Y Bod, Monseñor Eyzaguirre;3600;CLF;1 dormitorio;1 baño;42 m² útiles;1 dormitorio | 1 baño | 42 m² útiles;Monseñor Eyzaguirre 300, Ñuñoa, Región Metropolitana De Santiago 7750000, Chile, Metro Monseñor Eyzaguirre, Ñuñoa;
2025-11-29 17:57:54;Ñuñoa;departamento;Venta Departamento 2 Dormitorios, 2 Baños, A Pasos Metro ;4930;CLF;2 dormitorios;2 baños;63 m² útiles;2 dormitorios | 2 baños | 63 m² útiles;Estrella Solitaria 4500 - 4800, Ñuñoa, Parque Botánico, Ñuñoa;
2025-11-29 17:57:54;Ñuñoa;departamento;Espectacular Dpto. 2d/2b A Pasos Del Metro En Ñuñoa;6950;CLF;2 dormitorios;2 baños;7.317 m² útiles;2 dormitorios | 2 baños | 7.317 m² útiles;Espectacular Departamento 2D/2B A Pasos Del Metro Chile España, Plaza Ñuñoa, Ñuñoa;
2025-11-29 17:57:54;Ñuñoa;departamento;Excelente Departamento;4700;CLF;2 dormitorios;2 baños;65 m² útiles;2 dormitorios | 2 baños | 65 m² útiles;Julio Prado , Ñuñoa, Región Metropolitana De Santiago 7750000, Chile, Metro Monseñor Eyzaguirre, Ñuñoa;
2025-11-29 17:57:54;Ñuñoa;departamento;Lindo Depto Gran Vista Cordillera 1d1b + E, Metro Villa Frei;3450;CLF;1 dormitorio;1 baño;33 m² útiles;1 dormitorio | 1 baño | 33 m² útiles;Avenida Alcalde Jorge Monckeberg 35, Ñuñoa, Región Metropolitana De Santiago 7750000, Chile, Villa Frei, Ñuñoa;
2025-11-29 17:57:54;Ñuñoa;departamento;Venta Departamento Con Excelente Ubicación En Ñuñoa - Demari;5250;CLF;2 dormitorios;2 baños;70 m² útiles;2 dormitorios | 2 baños | 70 m² útiles;Av. José Domingo Canas 2662, Metro Ñuñoa, Ñuñoa;
2025-11-29 17:57:54;Ñuñoa;departamento;Departamento En Venta En Plaza Ñuñoa Con Terraza;4100;CLF;1 dormitorio;1 baño;40 m² útiles;1 dormitorio | 1 baño | 40 m² útiles;Ángel Pino 43, 7790823 Santiago, Ñuñoa, Región Metropolitana, Chile, Plaza Ñuñoa, Ñuñoa;
2025-11-29 17:57:54;Ñuñoa;departamento;Depto Con Patio Interior;130000000;CLP;2 dormitorios;1 baño;61 m² útiles;2 dormitorios | 1 baño | 61 m² útiles;Azapa 130, Ñuñoa, Santiago Metropolitan Region 7750000, Chile, Villa Los Jardínes - Villa Los Presidentes, Ñuñoa;
2025-11-29 17:57:54;Ñuñoa;departamento;Vendo Depto En Primer Piso Con Patio. Crescente Errázuriz;4816;CLF;2 dormitorios;1 baño;55 m² útiles;2 dormitorios | 1 baño | 55 m² útiles;Crescente Errázuriz 1015, Ñuñoa, Estadio Nacional, Ñuñoa;
2025-11-29 17:57:54;Ñuñoa;departamento;Vendo Departamento Mall Plaza Egaña;6380;CLF;3 dormitorios;3 baños;94 m² útiles;3 dormitorios | 3 baños | 94 m² útiles;Clorinda Willshaw, Ñuñoa, Región Metropolitana De Santiago 7750000, Chile, Plaza Egaña, Ñuñoa;
2025-11-29 17:57:54;Ñuñoa;departamento;Departamento Av. Irarrazaval/los Talaveras  -  Santa Julia;6430;CLF;2 dormitorios;2 baños;66 m² útiles;2 dormitorios | 2 baños | 66 m² útiles;Av. Irarrazaval/Los Talaveras  -  Santa Julia, Parque Juan XXIII, Ñuñoa;
2025-11-29 17:57:54;Ñuñoa;departamento;Departamento En Venta En Estadio Nacional;2990;CLF;1 dormitorio;1 baño;37 m² útiles;1 dormitorio | 1 baño | 37 m² útiles;Francisco Meneses 1500 - 1800, Ñuñoa, Estadio Nacional, Ñuñoa;
2025-11-29 17:57:54;Ñuñoa;departamento;Departamento En Venta De 3 Dorm. En Ñuñoa;5690;CLF;3 dormitorios;2 baños;74 m² útiles;3 dormitorios | 2 baños | 74 m² útiles;Dublé Almeyda Con José Manuel Infante, Metro Monseñor Eyzaguirre, Ñuñoa;
2025-11-29 17:57:54;Ñuñoa;departamento;Venta Depto Ñuñoa-donde Cada Metro Cuenta Y La Vista Es Todo;3690;CLF;2 dormitorios;1 baño;47 m² útiles;2 dormitorios | 1 baño | 47 m² útiles;San Eugenio 1200 - 1500, Ñuñoa, Parque San Eugenio - Metro Ñuble, Ñuñoa;
2025-11-29 17:58:27;Ñuñoa;departamento;Departamento Cerca Metro En Venta De 2 Dorm. En Providencia;4950;CLF;2 dormitorios;2 baños;67 m² útiles;2 dormitorios | 2 baños | 67 m² útiles;Cercano Metro Irarrázabal, Metro Monseñor Eyzaguirre, Ñuñoa;
2025-11-29 17:58:27;Ñuñoa;departamento;Departamento En Venta De 3 Dorm. En Providencia;8350;CLF;3 dormitorios;2 baños;95 m² útiles;3 dormitorios | 2 baños | 95 m² útiles;Recién Remodelado En Antonio Varas, Metro Monseñor Eyzaguirre, Ñuñoa;
2025-11-29 17:58:27;Ñuñoa;departamento;Depto Nuevo 1d 1b Excelente Inversión, Ñuñoa;5100;CLF;1 dormitorio;1 baño;37 m² útiles;1 dormitorio | 1 baño | 37 m² útiles;Campo De Deporte, Ñuñoa;
2025-11-29 17:58:27;Ñuñoa;departamento;Único Departamento 1d 1b 2 Ambientes Ñuñoa;5076;CLF;1 dormitorio;1 baño;41 m² útiles;1 dormitorio | 1 baño | 41 m² útiles;Avenida Campos De Deporte, Metro Ñuñoa, Ñuñoa;
2025-11-29 17:58:27;Ñuñoa;departamento;Depto. Venta 1d/1b Cercano A Metro Chile España, Ñuñoa Rm;3650;CLF;1 dormitorio;1 baño;30 m² útiles;1 dormitorio | 1 baño | 30 m² útiles;Av. Irarrazabal - Marchant Pereira - Metro Chile España, Ñuñoa RM, Ñuñoa;
2025-11-29 17:58:27;Ñuñoa;departamento;Departamento En Venta De 2 Dorm. En Ñuñoa;4990;CLF;2 dormitorios;2 baños;55 m² útiles;2 dormitorios | 2 baños | 55 m² útiles;Irarrázabal Con Montenegro, Parque Juan XXIII, Ñuñoa;
2025-11-29 17:58:27;Ñuñoa;departamento;Departamento En Venta De 3 Dorm. En Ñuñoa;6446;CLF;3 dormitorios;2 baños;84 m² útiles;3 dormitorios | 2 baños | 84 m² útiles;Exequiel Fernandez Con Eduardo Castillo, Estadio Nacional, Ñuñoa;
2025-11-29 17:58:27;Ñuñoa;departamento;Depto En Venta 2d/2b/escritorio/estc/bod Plaza Ñuñoa Rm;5500;CLF;2 dormitorios;2 baños;65 m² útiles;2 dormitorios | 2 baños | 65 m² útiles;Plaza Ñuñoa, Holanda, Ñuñoa RM, Plaza Ñuñoa, Ñuñoa;
2025-11-29 17:58:27;Ñuñoa;departamento;Excelente Departamento En Venta De 2 Dorm.y 2 Baños En Ñuñoa;4400;CLF;2 dormitorios;2 baños;69 m² útiles;2 dormitorios | 2 baños | 69 m² útiles;Mujica / Bustamante, Metro Irarrázaval, Ñuñoa;
2025-11-29 17:58:27;Ñuñoa;departamento;Depto Nuevo 1d 1b Frente Al Parque Ramón Cruz, Ñuñoa;5100;CLF;1 dormitorio;1 baño;39 m² útiles;1 dormitorio | 1 baño | 39 m² útiles;Parque Coventry, Ñuñoa;
2025-11-29 17:58:27;Ñuñoa;departamento;Hermoso Departamento Nuevo En Venta De 2 Dorm. En Ñuñoa;4397;CLF;2 dormitorios;2 baños;424 m² útiles;2 dormitorios | 2 baños | 424 m² útiles;Av. Vicuña Mackenna /Metro Irarrazabal, Parque San Eugenio - Metro Ñuble, Ñuñoa;
2025-11-29 17:58:27;Ñuñoa;departamento;Departamento En Venta De 2 Dorm. En Ñuñoa;7800;CLF;2 dormitorios;2 baños;68 m² útiles;2 dormitorios | 2 baños | 68 m² útiles;Hernán Cortés, Metro Ñuñoa, Ñuñoa;
2025-11-29 17:58:27;Ñuñoa;departamento;Venta Departamento 2d1b Con Est| Calle Los Alerces | Ñuñoa;3880;CLF;2 dormitorios;1 baño;44 m² útiles;2 dormitorios | 1 baño | 44 m² útiles;CALLE LOS ALERCES 2660, Estadio Nacional, Ñuñoa;
2025-11-29 17:58:27;Ñuñoa;departamento;Deptos Nuevos Vespucio/blest Gana, Lindo Proyecto 13 Pisos;8200;CLF;3 dormitorios;3 baños;102 m² útiles;3 dormitorios | 3 baños | 102 m² útiles;Americo Vespucio/Blest Gana, Diagonal Oriente, Ñuñoa;
2025-11-29 17:58:27;Ñuñoa;departamento;Deptos Nuevos Metro Ñuñoa, Excelente Proyecto 9 Pisos;6905;CLF;3 dormitorios;2 baños;70 m² útiles;3 dormitorios | 2 baños | 70 m² útiles;Av Campos De Deportes/Duble Almeyda, Metro Monseñor Eyzaguirre, Ñuñoa;
2025-11-29 17:58:27;Ñuñoa;departamento;Deptos Nuevos En Ñuñoa, A Pasos De Vicuña Mackenna;3470;CLF;2 dormitorios;1 baño;40 m² útiles;2 dormitorios | 1 baño | 40 m² útiles;Guillermo Mann 1350-1450, Estadio Nacional, Ñuñoa;
2025-11-29 17:58:27;Ñuñoa;departamento;Deptos Nuevos Metro Ñuñoa, Excelente Proyecto 9 Pisos;5836;CLF;2 dormitorios;2 baños;61 m² útiles;2 dormitorios | 2 baños | 61 m² útiles;Av Campos De Deportes/Duble Almeyda, Metro Monseñor Eyzaguirre, Ñuñoa;
2025-11-29 17:58:27;Ñuñoa;departamento;Deptos Nuevos En Ñuñoa, A Pasos De Vicuña Mackenna;3191;CLF;1 dormitorio;1 baño;31 m² útiles;1 dormitorio | 1 baño | 31 m² útiles;Guillermo Mann 1350-1450, Estadio Nacional, Ñuñoa;
2025-11-29 17:58:27;Ñuñoa;departamento;Departamento ¡se Aceptan Ofertas!/metro Plaza Egaña;5000;CLF;2 dormitorios;2 baños;53 m² útiles;2 dormitorios | 2 baños | 53 m² útiles;¡SE ACEPTAN OFERTAS!/Metro Plaza Egaña, Plaza Egaña, Ñuñoa;
2025-11-29 17:58:27;Ñuñoa;departamento;"Excelente Dpto. En Venta De 2 Dorm.2 Baños 1bo &#43; 1e En Ñ";5800;CLF;2 dormitorios;2 baños;73 m² útiles;2 dormitorios | 2 baños | 73 m² útiles;Simon Bolivar, Metro Monseñor Eyzaguirre, Ñuñoa;
2025-11-29 17:58:27;Ñuñoa;departamento;Venta Departamento Ñuñoa | Los Alerces ;3000;CLF;1 dormitorio;1 baño;33 m² útiles;1 dormitorio | 1 baño | 33 m² útiles;CALLE LOS ALERCES CON PEDRO DE VALVIDIA COMUNA ÑUÑOA, Estadio Nacional, Ñuñoa;
2025-11-29 17:58:27;Ñuñoa;departamento;Venta Departamento 2d2b | Ñuñoa | Calle Los Alerces ;3790;CLF;2 dormitorios;2 baños;49 m² útiles;2 dormitorios | 2 baños | 49 m² útiles;CALLE LOS ALERCES 2660 ÑUÑOA-ESTADIO NACIONAL, Estadio Nacional, Ñuñoa;
2025-11-29 17:58:27;Ñuñoa;departamento;Luminoso Departamento En El Corazón De Ñuñoa;4150;CLF;2 dormitorios;2 baños;48 m² útiles;2 dormitorios | 2 baños | 48 m² útiles;Holanda 3235, Ñuñoa, Plaza Ñuñoa, Ñuñoa;
2025-11-29 17:58:27;Ñuñoa;departamento;Departamento En Venta De 1 Dorm. En Ñuñoa;4500;CLF;1 dormitorio;1 baño;45 m² útiles;1 dormitorio | 1 baño | 45 m² útiles;Metros Principe De Gales, Amapolas, Ñuñoa;
2025-11-29 17:58:27;Ñuñoa;departamento;Nuevo 1d 1b, 10% Bono Pie;3500;CLF;1 dormitorio;1 baño;35 m² útiles;1 dormitorio | 1 baño | 35 m² útiles;Los Alerces, 3000 - 3300, Juan Gómez Millas, Ñuñoa;
2025-11-29 17:58:27;Ñuñoa;departamento;Departamento En Venta En Av Macul Con Terraza;145000000;CLP;3 dormitorios;2 baños;88 m² útiles;3 dormitorios | 2 baños | 88 m² útiles;Av. Macul 2231, Ñuñoa, Estadio Nacional, Ñuñoa;
2025-11-29 17:58:27;Ñuñoa;departamento;Salvador, Sucre, Dpto. 2d 2b 1e 1b;4800;CLF;2 dormitorios;2 baños;65 m² útiles;2 dormitorios | 2 baños | 65 m² útiles;SALVADOR, SUCRE, DPTO. 2D 2B 1E 1B, Metro Irarrázaval, Ñuñoa;
2025-11-29 17:58:27;Ñuñoa;departamento;Elegante Departamento En Ñuñoa;7000;CLF;2 dormitorios;2 baños;80 m² útiles;2 dormitorios | 2 baños | 80 m² útiles;Antonio Varas, 1 - 300, Metro Monseñor Eyzaguirre, Ñuñoa;
2025-11-29 17:58:27;Ñuñoa;departamento;¡oportunidad En Ñuñoa Dpto. En 1er Piso!;4400;CLF;1 dormitorio;1 baño;45 m² útiles;1 dormitorio | 1 baño | 45 m² útiles;Antonio Varas, 2100 - 2400, Metro Monseñor Eyzaguirre, Ñuñoa;
2025-11-29 17:58:27;Ñuñoa;departamento;Departamento En Venta En Ñuñoa;6700;CLF;3 dormitorios;2 baños;86 m² útiles;3 dormitorios | 2 baños | 86 m² útiles;José Domingo Cañas / Pedro De Valdivia, Metro Ñuñoa, Ñuñoa;
2025-11-29 17:58:27;Ñuñoa;departamento;Departamento Venta 2 Dormitorios Condominioñuñoa Cerca Metro;4400;CLF;2 dormitorios;2 baños;66 m² útiles;2 dormitorios | 2 baños | 66 m² útiles;Diagonal Oriente / Francisco De Villagra, Diagonal Oriente, Ñuñoa;
2025-11-29 17:58:27;Ñuñoa;departamento;Rebajado!!!, Amplio Dp. De 2d Y 2b, Excelente Estado.;4800;CLF;2 dormitorios;2 baños;69 m² útiles;2 dormitorios | 2 baños | 69 m² útiles;Exequiel Fernández - Suárez Mujica, Estadio Nacional, Ñuñoa;
2025-11-29 17:58:27;Ñuñoa;departamento;Departamento En Venta De 2 Dorm. En Ñuñoa;5300;CLF;2 dormitorios;2 baños;58 m² útiles;2 dormitorios | 2 baños | 58 m² útiles;Simon Bolivar Con Ricardo Lyon, Metro Ñuñoa, Ñuñoa;
2025-11-29 17:58:27;Ñuñoa;departamento;Se Vente Esplendido Y Moderno Departamento;8200;CLF;3 dormitorios;2 baños;99 m² útiles;3 dormitorios | 2 baños | 99 m² útiles;Bremen, Ñuñoa, Chile, Metro Simón Bolivar, Ñuñoa;
2025-11-29 17:58:27;Ñuñoa;departamento;Departamento En Venta En Grecia Macul Con Piscina;3990;CLF;2 dormitorios;2 baños;53 m² útiles;2 dormitorios | 2 baños | 53 m² útiles;DR. JOHOW, GRECIA, MACUL, 2D 2B, Juan Gómez Millas, Ñuñoa;
2025-11-29 17:58:27;Ñuñoa;departamento;Diego De Almagro, Tobalaba, Ossa;11900;CLF;3 dormitorios;2 baños;100 m² útiles;3 dormitorios | 2 baños | 100 m² útiles;DIEGO DE ALMAGRO, TOBALABA, OSSA, Diego De Almagro, Ñuñoa;
2025-11-29 17:58:27;Ñuñoa;departamento;Zañartu / Metro Ñuble ;3950;CLF;2 dormitorios;2 baños;47 m² útiles;2 dormitorios | 2 baños | 47 m² útiles;Balmaceda 1950, 7780282 Isla De Maipo, Ñuñoa, Región Metropolitana, Chile, Estadio Nacional, Ñuñoa;
2025-11-29 17:58:27;Ñuñoa;departamento;Excelente Depto A Pasos De Estadio Nacional Y Metro ;4600;CLF;3 dormitorios;2 baños;71 m² útiles;3 dormitorios | 2 baños | 71 m² útiles;Zañartu 2416, Ñuñoa, Estadio Nacional, Ñuñoa;
2025-11-29 17:58:27;Ñuñoa;departamento;Zañartu, Marathon, 1d 1b;2900;CLF;1 dormitorio;1 baño;38 m² útiles;1 dormitorio | 1 baño | 38 m² útiles;ZAÑARTU, MARATHON, 1D 1B, Estadio Nacional, Ñuñoa;
2025-11-29 17:58:27;Ñuñoa;departamento;Dpto 1 Dorm. 1 Estc. 1 B Cercano A Metro Monseñor Eyzaguirre;5500;CLF;1 dormitorio;1 baño;35 m² útiles;1 dormitorio | 1 baño | 35 m² útiles;Manuel Montt 2515, Ñuñoa, Metro Monseñor Eyzaguirre, Ñuñoa;
2025-11-29 17:58:27;Ñuñoa;departamento;Nuevo Sin Comision / Las Dalias / Piso 6;5880;CLF;3 dormitorios;2 baños;75 m² útiles;3 dormitorios | 2 baños | 75 m² útiles;NUEVO SIN COMISION / LAS DALIAS / PISO 6, Estadio Nacional, Ñuñoa;
2025-11-29 17:58:27;Ñuñoa;departamento;Nuevo Sin Comision / Las Dalias / Piso 7;4960;CLF;2 dormitorios;2 baños;58 m² útiles;2 dormitorios | 2 baños | 58 m² útiles;NUEVO SIN COMISION / LAS DALIAS / PISO 7, Estadio Nacional, Ñuñoa;
2025-11-29 17:58:27;Ñuñoa;departamento;Nuevo Sin Comision / Las Dalias / Piso 4;5140;CLF;2 dormitorios;2 baños;60 m² útiles;2 dormitorios | 2 baños | 60 m² útiles;NUEVO SIN COMISION / LAS DALIAS / PISO 4, Estadio Nacional, Ñuñoa;
2025-11-29 17:58:27;Ñuñoa;departamento;Nuevo Sin Comision / Las Dalias / Piso 5;4550;CLF;2 dormitorios;2 baños;48 m² útiles;2 dormitorios | 2 baños | 48 m² útiles;NUEVO SIN COMISION / LAS DALIAS / PISO 5, Estadio Nacional, Ñuñoa;
2025-11-29 17:58:27;Ñuñoa;departamento;¡¡maravilloso Dpto Ñuñoa 2d+est+bd!!;4990;CLF;2 dormitorios;2 baños;50 m² útiles;2 dormitorios | 2 baños | 50 m² útiles;Lincoyan, 900 - 1200, Metro Monseñor Eyzaguirre, Ñuñoa;
2025-11-29 17:58:27;Ñuñoa;departamento;Departamento Moderno En Venta De 2 Dorm. En Ñuñoa;6390;CLF;2 dormitorios;2 baños;67 m² útiles;2 dormitorios | 2 baños | 67 m² útiles;Antonio Varas, 1 - 300, Metro Monseñor Eyzaguirre, Ñuñoa;
2025-11-29 17:58:27;Ñuñoa;departamento;Moderno Dpto 2d/1b En Ñuñoa, Terraza Y Vistas.;4490;CLF;2 dormitorios;1 baño;46 m² útiles;2 dormitorios | 1 baño | 46 m² útiles;Seminaeio, 600 - 900, Metro Irarrázaval, Ñuñoa;
2025-11-29 17:58:27;Ñuñoa;departamento;Depto En Barrio Residencial De Ñuñoa Y Metro Irarrázabal;3550;CLF;2 dormitorios;2 baños;50 m² útiles;2 dormitorios | 2 baños | 50 m² útiles;García Valenzuela 55, Metro Irarrázaval, Ñuñoa;
2025-11-29 17:59:15;Ñuñoa;departamento;Luis Pereira, Simon Bolivar, Echeñique;6990;CLF;2 dormitorios;2 baños;72 m² útiles;2 dormitorios | 2 baños | 72 m² útiles;LUIS PEREIRA, SIMON BOLIVAR, ECHEÑIQUE, Parque Botánico, Ñuñoa;
2025-11-29 17:59:15;Ñuñoa;departamento;Se Vende Esplendido Departamento ;8200;CLF;3 dormitorios;2 baños;99 m² útiles;3 dormitorios | 2 baños | 99 m² útiles;Bremen, Ñuñoa, Chile, Metro Simón Bolivar, Ñuñoa;
2025-11-29 17:59:15;Ñuñoa;departamento;Jose Pedro Alessandri, Las Encinas, Ñuñoa, 2d 2b;3990;CLF;2 dormitorios;2 baños;52 m² útiles;2 dormitorios | 2 baños | 52 m² útiles;JOSE PEDRO ALESSANDRI, LAS ENCINAS, ÑUÑOA, 2D 2B, Juan Gómez Millas, Ñuñoa;
2025-11-29 17:59:15;Ñuñoa;departamento;Santa Julia/duble Almeyda Con Patio 2d+2b+e+bod;7000;CLF;2 dormitorios;2 baños;52 m² útiles;2 dormitorios | 2 baños | 52 m² útiles;Santa Julia, 1 - 300, Parque Juan XXIII, Ñuñoa;
2025-11-29 17:59:15;Ñuñoa;departamento;Oportunidad Metro Irarrazaval  2d+2b+bod;2990;CLF;2 dormitorios;2 baños;53 m² útiles;2 dormitorios | 2 baños | 53 m² útiles;Avenida Matta, 1 - 300, Metro Irarrázaval, Ñuñoa;
2025-11-29 17:59:15;Ñuñoa;departamento;Departamento Con Linda Vista , Exento De Contribuciones.;3150;CLF;2 dormitorios;1 baño;47 m² útiles;2 dormitorios | 1 baño | 47 m² útiles;San Eugenio 1551, Ñuñoa, Parque San Eugenio - Metro Ñuble, Ñuñoa;
2025-11-29 17:59:15;Ñuñoa;departamento;Depto 3d Con Gran Terraza Arriendo Opción A Compra;7990;CLF;3 dormitorios;2 baños;90 m² útiles;3 dormitorios | 2 baños | 90 m² útiles;Bretaña, 1800 - 2100, Metro Monseñor Eyzaguirre, Ñuñoa;
2025-11-29 17:59:15;Ñuñoa;departamento;Coventry, Pucara, 2d 2b 1e 1b, Duplex. Con Patio;6900;CLF;2 dormitorios;2 baños;77 m² útiles;2 dormitorios | 2 baños | 77 m² útiles;COVENTRY, PUCARA, 2D 2B 1E 1B, DUPLEX CON PATIO, Metro Simón Bolivar, Ñuñoa;
2025-11-29 17:59:15;Ñuñoa;departamento;Imperdible Depto 2d2b Con Estacionamiento En Ñuñoa;2950;CLF;2 dormitorios;2 baños;49 m² útiles;2 dormitorios | 2 baños | 49 m² útiles;Exequiel Fernandez, 1 - 300, Estadio Nacional, Ñuñoa;
2025-11-29 17:59:15;Ñuñoa;departamento;Departamento En Venta De 2 Dorm. En Ñuñoa;4150;CLF;2 dormitorios;2 baños;60 m² útiles;2 dormitorios | 2 baños | 60 m² útiles;Portal Ñuñoa, Ñuñoa;
2025-11-29 17:59:15;Ñuñoa;departamento;Dos Estacionamiento Y Bodega. ;7600;CLF;2 dormitorios;2 baños;77 m² útiles;2 dormitorios | 2 baños | 77 m² útiles;Av Simón Bolívar Con Av Pedro De Valdivia, Metro Ñuñoa, Ñuñoa;
2025-11-29 17:59:15;Ñuñoa;departamento;Departamento En Venta En Ñuñoa;2648;CLF;3 dormitorios;1 baño;68 m² útiles;3 dormitorios | 1 baño | 68 m² útiles;Pje. 1 - 300, Ñuñoa, Macul, Villa Los Jardínes - Villa Los Presidentes, Ñuñoa;
2025-11-29 17:59:15;Ñuñoa;departamento;Venta Departamento En Ñuñoa. Metro Irarrázaval. Ideal Airbnb;2100;CLF;;1 baño;27 m² útiles;1 baño | 27 m² útiles;Av. Vicuña Mackenna 692, Ñuñoa, Metro Irarrázaval, Ñuñoa;
2025-11-29 17:59:15;Ñuñoa;departamento;Departamento En Venta De 1 Dorm. En Ñuñoa;3620;CLF;1 dormitorio;1 baño;27 m² útiles;1 dormitorio | 1 baño | 27 m² útiles;Mallplaza Egaña, Ñuñoa;
2025-11-29 17:59:15;Ñuñoa;departamento;Venta Dpto. 2d 2b Colegio Calasanz;4980;CLF;2 dormitorios;2 baños;58 m² útiles;2 dormitorios | 2 baños | 58 m² útiles;Plaza Egaña, Ñuñoa;
2025-11-29 17:59:15;Ñuñoa;departamento;Departamento En Venta De 2 Dorm. En Ñuñoa;5000;CLF;2 dormitorios;1 baño;75 m² útiles;2 dormitorios | 1 baño | 75 m² útiles;Simón Bolívar / Coventry, Parque Botánico, Ñuñoa;
2025-11-29 17:59:15;Ñuñoa;departamento;Depto. En Venta De 2d-2b-bod. Ñuñoa;4690;CLF;2 dormitorios;2 baños;69 m² útiles;2 dormitorios | 2 baños | 69 m² útiles;Miguel Claro / Metro Monseñor Eyzaguirre, Metro Monseñor Eyzaguirre, Ñuñoa;
2025-11-29 17:59:15;Ñuñoa;departamento;Depto 2d/2b/1e/1b Cerca A Plaza Ñuñoa;4495;CLF;2 dormitorios;2 baños;60 m² útiles;2 dormitorios | 2 baños | 60 m² útiles;Parque Juan XXIII, Ñuñoa;
2025-11-29 17:59:15;Ñuñoa;departamento;Departamento En Venta En Ñuñoa;3400;CLF;1 dormitorio;1 baño;34 m² útiles;1 dormitorio | 1 baño | 34 m² útiles;Irarrázaval / Villa Frei, Villa Frei, Ñuñoa;
2025-11-29 17:59:15;Ñuñoa;departamento;Se Vende Depto 4dor 3baños 1est 1bode M Monseñor Eyzaguirre;6985;CLF;4 dormitorios;3 baños;99 m² útiles;4 dormitorios | 3 baños | 99 m² útiles;Cerca Del Metro Monseñor Eyzaguirre, Metro Monseñor Eyzaguirre, Ñuñoa;
2025-11-29 17:59:15;Ñuñoa;departamento;Departamento En Venta De 2 Dorm. En Ñuñoa;7000;CLF;2 dormitorios;2 baños;6.384 m² útiles;2 dormitorios | 2 baños | 6.384 m² útiles;A Pasos De Metro Simon Bolivar, Metro Simón Bolivar, Ñuñoa;
2025-11-29 17:59:15;Ñuñoa;departamento;Venta Dpto 3d 2b Privilegiada Vista;6100;CLF;3 dormitorios;2 baños;77 m² útiles;3 dormitorios | 2 baños | 77 m² útiles;Juan Gómez Millas, Ñuñoa;
2025-11-29 17:59:15;Ñuñoa;departamento;Departamento En Venta Con Excelente Ubicación De 2 Dorm.;4978;CLF;2 dormitorios;2 baños;58 m² útiles;2 dormitorios | 2 baños | 58 m² útiles;Metro Villa Frei/Diagonal Oriente, Diagonal Oriente, Ñuñoa;
2025-11-29 17:59:15;Ñuñoa;departamento;Departamento En Venta De 1 Dorm. En Ñuñoa;4507;CLF;1 dormitorio;1 baño;;1 dormitorio | 1 baño;General Jose Artigas, Plaza Ñuñoa, Ñuñoa;
2025-11-29 17:59:15;Ñuñoa;departamento;Departamento En Venta En Villa Los Jardínes Con Jardín;5567;CLF;3 dormitorios;2 baños;81 m² útiles;3 dormitorios | 2 baños | 81 m² útiles;Av. Grecia 4401, Ñuñoa, Villa Los Jardínes - Villa Los Presidentes, Ñuñoa;
2025-11-29 17:59:15;Ñuñoa;departamento;Venta Dpto. 1d 2b 1e Año 2021;3700;CLF;1 dormitorio;2 baños;50 m² útiles;1 dormitorio | 2 baños | 50 m² útiles;Estadio Nacional, Ñuñoa;
2025-11-29 17:59:15;Ñuñoa;departamento;Venta Depto 1 O 2d/2b/est/bod- Metro Monseñor Eyzaguirre ;6100;CLF;1 dormitorio;2 baños;77 m² útiles;1 dormitorio | 2 baños | 77 m² útiles;Monseñor Eyzaguirre Con Con Crescente Errazuriz, Estadio Nacional, Ñuñoa;
2025-11-29 17:59:15;Ñuñoa;departamento;Departamento En Venta En Ñuñoa;4340;CLF;2 dormitorios;2 baños;55 m² útiles;2 dormitorios | 2 baños | 55 m² útiles;Ñuble, Parque San Eugenio - Metro Ñuble, Ñuñoa;
2025-11-29 17:59:15;Ñuñoa;departamento;Departamento En Venta De 2 Dorm. En Ñuñoa;6797;CLF;2 dormitorios;2 baños;698 m² útiles;2 dormitorios | 2 baños | 698 m² útiles;A Pasos Del Campus Oriente UC, Parque Botánico, Ñuñoa;
2025-11-29 17:59:15;Ñuñoa;departamento;Venta Depto Nuevo 1d 1b Con Vista Despejada;2400;CLF;1 dormitorio;1 baño;30 m² útiles;1 dormitorio | 1 baño | 30 m² útiles;Estadio Nacional, Ñuñoa;
2025-11-29 17:59:15;Ñuñoa;departamento;Departamento Semi Nuevo En Venta En Ñuñoa;2200;CLF;1 dormitorio;1 baño;30 m² útiles;1 dormitorio | 1 baño | 30 m² útiles;Zañartu Con Vicuña Mackena, Estadio Nacional, Ñuñoa;
2025-11-29 17:59:15;Ñuñoa;departamento;Departamento Cerca De Teresiano, De La Salle Y Calasanz;6500;CLF;3 dormitorios;2 baños;80 m² útiles;3 dormitorios | 2 baños | 80 m² útiles;Coventry - Pucará, Parque Botánico, Ñuñoa;
2025-11-29 17:59:15;Ñuñoa;departamento;Acogedor Depto Cercano A Metro Monseñor Eyzaguirre 1d 1b;3900;CLF;1 dormitorio;1 baño;48 m² útiles;1 dormitorio | 1 baño | 48 m² útiles;Metro Monseñor Eyzaguirre, Ñuñoa;
2025-11-29 17:59:15;Ñuñoa;departamento;Venta Departamento Ñuñoa 3 Dormitorios 3 Baños ;9800;CLF;3 dormitorios;3 baños;111 m² útiles;3 dormitorios | 3 baños | 111 m² útiles;Dublé Almeyda / Rafael Prado, Metro Ñuñoa, Ñuñoa;
2025-11-29 17:59:15;Ñuñoa;departamento;Impecable Departamento En Venta De 3 Dorm. En Ñuñoa;9500;CLF;3 dormitorios;2 baños;95 m² útiles;3 dormitorios | 2 baños | 95 m² útiles;CAPITAN ORELLA, Metro Ñuñoa, Ñuñoa;
2025-11-29 17:59:15;Ñuñoa;departamento;Impecable Depto 2d/2b/est/bod - Sector Simón Bolívar Ñuñoa;5500;CLF;2 dormitorios;2 baños;63 m² útiles;2 dormitorios | 2 baños | 63 m² útiles;Ricardo Lyon Con Luis Uribe, Metro Ñuñoa, Ñuñoa;
2025-11-29 17:59:15;Ñuñoa;departamento;Departamento 3 Dorm - Metro Chile España;249000000;CLP;3 dormitorios;2 baños;73 m² útiles;3 dormitorios | 2 baños | 73 m² útiles;Metro Chile España, Plaza Ñuñoa, Ñuñoa;
2025-11-29 17:59:15;Ñuñoa;departamento;Vende Depto 1dormitorio 1b Semi Nuevo Metro Rodrigo De Araya;2772;CLF;1 dormitorio;1 baño;32 m² útiles;1 dormitorio | 1 baño | 32 m² útiles;Metro Rodrigo De Araya, Estadio Nacional, Ñuñoa;
2025-11-29 17:59:15;Ñuñoa;departamento;Departamento En Venta De 2 Dorm. En Ñuñoa;7600;CLF;2 dormitorios;2 baños;77 m² útiles;2 dormitorios | 2 baños | 77 m² útiles;Simon Bolivar/Villaseca, Metro Ñuñoa, Ñuñoa;
2025-11-29 17:59:15;Ñuñoa;departamento;Depto Nuevo Entrega Inmediata / 3d-2b;10680;CLF;3 dormitorios;2 baños;106 m² útiles;3 dormitorios | 2 baños | 106 m² útiles;Pedro Torres Con Emilia Tellez, Parque Botánico, Ñuñoa;
2025-11-29 17:59:15;Ñuñoa;departamento;Nuevo, Los Leones 2d2b+1e1b;6471;CLF;2 dormitorios;2 baños;56 m² útiles;2 dormitorios | 2 baños | 56 m² útiles;Av. Los Leones 2922, 7.77e+06 - 7.7703e+06 Ñuñoa, Región Metropolitana, Chile, Plaza Ñuñoa, Ñuñoa;
2025-11-29 17:59:15;Ñuñoa;departamento;Ricardo Lyon / 3 Dorm. En Ñuñoa;275000000;CLP;3 dormitorios;2 baños;94 m² totales;3 dormitorios | 2 baños | 94 m² totales;Ricardo Lyon / Hernán Cortes, Metro Ñuñoa, Ñuñoa;
2025-11-29 17:59:15;Ñuñoa;departamento;Departamento En Venta De 2 Dorm. En Ñuñoa;6541;CLF;2 dormitorios;1 baño;;2 dormitorios | 1 baño;GENERAL JOSE ARTIGAS, Plaza Ñuñoa, Ñuñoa;
2025-11-29 17:59:15;Ñuñoa;departamento;Sector Gómez Millas / Est. Y Bodega;3900;CLF;1 dormitorio;1 baño;33 m² útiles;1 dormitorio | 1 baño | 33 m² útiles;SECTOR GÓMEZ MILLAS / Est. Y Bodega, Juan Gómez Millas, Ñuñoa;
2025-11-29 17:59:15;Ñuñoa;departamento;Departamento En Venta De 3 Dorm. En Ñuñoa;4650;CLF;3 dormitorios;2 baños;66 m² útiles;3 dormitorios | 2 baños | 66 m² útiles;RODRIGO DE ARAYA, Estadio Nacional, Ñuñoa;
2025-11-29 17:59:15;Ñuñoa;departamento;Zañartu / Estac. Y Bodega;4830;CLF;2 dormitorios;2 baños;52 m² útiles;2 dormitorios | 2 baños | 52 m² útiles;Zañartu / Estac. Y Bodega, Estadio Nacional, Ñuñoa;
2025-11-29 17:59:15;Ñuñoa;departamento;Departamento En Venta De 2 Dorm. En Ñuñoa;4745;CLF;2 dormitorios;2 baños;53 m² útiles;2 dormitorios | 2 baños | 53 m² útiles;José Pedro Alesandri, Juan Gómez Millas, Ñuñoa;
2025-11-29 17:59:15;Ñuñoa;departamento;Departamento Estilo Mariposa - Diagonal Oriente;6800;CLF;2 dormitorios;2 baños;74 m² útiles;2 dormitorios | 2 baños | 74 m² útiles;DIAGONAL ORIENTE - VESPUCIO, Diagonal Oriente, Ñuñoa;
2025-11-29 17:59:39;Ñuñoa;departamento;Departamento En Venta De 3 Dorm. En Ñuñoa;10681;CLF;3 dormitorios;2 baños;10.372 m² útiles;3 dormitorios | 2 baños | 10.372 m² útiles;A Pasos De Campus Oriente UC, Parque Botánico, Ñuñoa;
2025-11-29 17:59:39;Ñuñoa;departamento;Se Vende Depto Nuevo De 2d/2b/1e/1b En Ñuñoa Para Inversi...;5600;CLF;2 dormitorios;2 baños;60 m² útiles;2 dormitorios | 2 baños | 60 m² útiles;Plaza Ñuñoa, Ñuñoa;
2025-11-29 17:59:39;Ñuñoa;departamento;Departamento En Venta De 3 Dorm. En Ñuñoa;8272;CLF;3 dormitorios;2 baños;90 m² útiles;3 dormitorios | 2 baños | 90 m² útiles;A Pasos De Metro Simon Bolivar, Metro Simón Bolivar, Ñuñoa;
2025-11-29 17:59:39;Ñuñoa;departamento;Luminoso Depto De 2d Y 1b En Ñuñoa;4200;CLF;2 dormitorios;1 baño;49 m² útiles;2 dormitorios | 1 baño | 49 m² útiles;Estadio Nacional, Ñuñoa;
2025-11-29 17:59:39;Ñuñoa;departamento;Departamento En Venta De 1 Dorm. En Ñuñoa;4080;CLF;1 dormitorio;1 baño;37 m² útiles;1 dormitorio | 1 baño | 37 m² útiles;Metro Ñuñoa/ Irarrazaval, Metro Ñuñoa, Ñuñoa;
2025-11-29 17:59:39;Ñuñoa;departamento;Depto 2d/1b Cercano A Metro Rodrigo De Araya Y Metro Ñuble ;3200;CLF;2 dormitorios;1 baño;42 m² útiles;2 dormitorios | 1 baño | 42 m² útiles;Zañartu 1100, Estadio Nacional, Ñuñoa;
2025-11-29 17:59:39;Ñuñoa;departamento;Departamento En Venta De 2 Dorm. En Ñuñoa;7490;CLF;2 dormitorios;2 baños;71 m² útiles;2 dormitorios | 2 baños | 71 m² útiles;Pedro De Valdivia Con Sucre, Metro Ñuñoa, Ñuñoa;
2025-11-29 17:59:39;Ñuñoa;departamento;Departamento En Venta En Rodrigo De Araya;105000000;CLP;3 dormitorios;1 baño;68 m² útiles;3 dormitorios | 1 baño | 68 m² útiles;Pje. 34, Ñuñoa, Macul, Villa Los Jardínes - Villa Los Presidentes, Ñuñoa;
2025-11-29 17:59:39;Ñuñoa;departamento;Departamento En Venta De 2 Dorm. En Ñuñoa;4340;CLF;2 dormitorios;1 baño;43 m² útiles;2 dormitorios | 1 baño | 43 m² útiles;Ñuble, Parque San Eugenio - Metro Ñuble, Ñuñoa;
2025-11-29 17:59:39;Ñuñoa;departamento;Departamento En Venta En Ñuñoa;4400;CLF;2 dormitorios;1 baño;45 m² útiles;2 dormitorios | 1 baño | 45 m² útiles;Mujica / Barrio Italia, Metro Irarrázaval, Ñuñoa;
2025-11-29 17:59:39;Ñuñoa;departamento;Departamento En Venta De 1d 1b En Ñuñoa;5260;CLF;1 dormitorio;1 baño;41 m² útiles;1 dormitorio | 1 baño | 41 m² útiles;Castillo Velasco Con Pedro De Valdivia, Metro Ñuñoa, Ñuñoa;
2025-11-29 17:59:39;Ñuñoa;departamento;Departamento En Venta De 1 Dorm. En Ñuñoa;3548;CLF;1 dormitorio;1 baño;38 m² útiles;1 dormitorio | 1 baño | 38 m² útiles;Jose Pedro Alessandro, Juan Gómez Millas, Ñuñoa;
2025-11-29 17:59:39;Ñuñoa;departamento;Departamento En Venta De 3 Dorm. En Ñuñoa;7500;CLF;3 dormitorios;3 baños;87 m² útiles;3 dormitorios | 3 baños | 87 m² útiles;Antonio Varas/ Manuel Montt, Metro Monseñor Eyzaguirre, Ñuñoa;
2025-11-29 17:59:39;Ñuñoa;departamento;Departamento En Venta En Ñuñoa;3158;CLF;1 dormitorio;1 baño;36 m² útiles;1 dormitorio | 1 baño | 36 m² útiles;Metro Ñuble, Parque San Eugenio - Metro Ñuble, Ñuñoa;
2025-11-29 17:59:39;Ñuñoa;departamento;Departamento En Venta De 1 Dorm. En Ñuñoa;2570;CLF;1 dormitorio;1 baño;23 m² útiles;1 dormitorio | 1 baño | 23 m² útiles;Metro Ñuble, Parque San Eugenio - Metro Ñuble, Ñuñoa;
2025-11-29 17:59:39;Ñuñoa;departamento;Departamento En Venta De 2 Dorm. En Ñuñoa;7018;CLF;2 dormitorios;2 baños;6.671 m² útiles;2 dormitorios | 2 baños | 6.671 m² útiles;A Pasos De Campus Oriente Uc, Parque Botánico, Ñuñoa;
2025-11-29 17:59:39;Ñuñoa;departamento;Departamento En Venta De 2 Dorm. En Ñuñoa;5543;CLF;2 dormitorios;1 baño;66 m² útiles;2 dormitorios | 1 baño | 66 m² útiles;Irarrazaval / Bremen, Plaza Egaña, Ñuñoa;
2025-11-29 17:59:39;Ñuñoa;departamento;Departamento En Venta De 1 Dorm. En Ñuñoa;3900;CLF;1 dormitorio;1 baño;42 m² útiles;1 dormitorio | 1 baño | 42 m² útiles;Metro Irarrázaval/Av. Vicuña Mackenna, Metro Irarrázaval, Ñuñoa;
2025-11-29 17:59:39;Ñuñoa;departamento;Departamento En Venta De 2 Dorm. En Ñuñoa;5550;CLF;2 dormitorios;2 baños;77 m² útiles;2 dormitorios | 2 baños | 77 m² útiles;Exequiel Fernandez/Metro Estadio Nacional, Estadio Nacional, Ñuñoa;
2025-11-29 17:59:39;Ñuñoa;departamento;Departamento En Venta De 1 Dorm. En Ñuñoa;4600;CLF;1 dormitorio;1 baño;45 m² útiles;1 dormitorio | 1 baño | 45 m² útiles;Metro Ñuñoa/Dublé Almeyda, Metro Monseñor Eyzaguirre, Ñuñoa;
2025-11-29 17:59:39;Ñuñoa;departamento;Departamento En Venta De 1 Dorm. En Ñuñoa;5481;CLF;1 dormitorio;1 baño;473 m² útiles;1 dormitorio | 1 baño | 473 m² útiles;Cercano A Campus Oriente UC, Parque Botánico, Ñuñoa;
2025-11-29 17:59:39;Ñuñoa;departamento;Departamento En Venta De 3 Dorm. En Ñuñoa;11120;CLF;3 dormitorios;3 baños;100 m² útiles;3 dormitorios | 3 baños | 100 m² útiles;Pucará, Metro Simón Bolivar, Ñuñoa;
2025-11-29 17:59:39;Ñuñoa;departamento;Venta Departamento En Ñuñoa;4400;CLF;2 dormitorios;2 baños;59 m² útiles;2 dormitorios | 2 baños | 59 m² útiles;Parque San Eugenio - Metro Ñuble, Ñuñoa;
2025-11-29 17:59:39;Ñuñoa;departamento;Departamento En Venta De 2 Dorm. En Ñuñoa;8468;CLF;2 dormitorios;2 baños;6.313 m² útiles;2 dormitorios | 2 baños | 6.313 m² útiles;Pucará, Metro Simón Bolivar, Ñuñoa;
2025-11-29 17:59:39;Ñuñoa;departamento;Departamento En Venta De 3 Dorm. En Ñuñoa;6936;CLF;3 dormitorios;2 baños;90 m² útiles;3 dormitorios | 2 baños | 90 m² útiles;Ricardo Lyon, Metro Ñuñoa, Ñuñoa;
2025-11-29 17:59:39;Ñuñoa;departamento;Lindo Depto Vista Despejada Cercano Estadio Nacional ;5100;CLF;3 dormitorios;2 baños;80 m² útiles;3 dormitorios | 2 baños | 80 m² útiles;Av. José Pedro Alessandri, Ñuñoa, Estadio Nacional, Ñuñoa;
2025-11-29 17:59:39;Ñuñoa;departamento;Departamento Remodelado En Venta;6500;CLF;3 dormitorios;2 baños;81 m² útiles;3 dormitorios | 2 baños | 81 m² útiles;Metro Simón Bolivar, Ñuñoa;
2025-11-29 17:59:39;Ñuñoa;departamento;Departamento Nuevo En Venta De 2 Dorm. En Ñuñoa;4170;CLF;2 dormitorios;2 baños;49 m² útiles;2 dormitorios | 2 baños | 49 m² útiles;Francisco Meneses / Guillermo Mann, Estadio Nacional, Ñuñoa;
2025-11-29 17:59:39;Ñuñoa;departamento;Departamento En Venta De 1 Dorm. En Ñuñoa;3731;CLF;1 dormitorio;1 baño;31 m² útiles;1 dormitorio | 1 baño | 31 m² útiles;Irarrázabal 1970, Metro Monseñor Eyzaguirre, Ñuñoa;
2025-11-29 17:59:39;Ñuñoa;departamento;Departamento En Venta En Metro Ñuñoa Con Patio;8690;CLF;2 dormitorios;2 baños;78 m² útiles;2 dormitorios | 2 baños | 78 m² útiles;Av. Sucre 2400 - 2700, Ñuñoa, Metro Ñuñoa, Ñuñoa;
2025-11-29 17:59:39;Ñuñoa;departamento;Depto Ñuñoa  Casi Nuevo 2 D 2b 1e 1b;4000;CLF;2 dormitorios;2 baños;58 m² útiles;2 dormitorios | 2 baños | 58 m² útiles;Estadio Nacional, Ñuñoa;
2025-11-29 17:59:39;Ñuñoa;departamento;Metro Irarrazaval / Moderno/ Ñuñoa;4300;CLF;2 dormitorios;1 baño;50 m² útiles;2 dormitorios | 1 baño | 50 m² útiles;García Valenzuela, Ñuñoa, Metro Irarrázaval, Ñuñoa;
2025-11-29 17:59:39;Ñuñoa;departamento;Departamento En Venta De 1 Dorm. En Providencia;6800;CLF;1 dormitorio;2 baños;51 m² útiles;1 dormitorio | 2 baños | 51 m² útiles;Luis Thayer Ojeda, Diego De Almagro, Ñuñoa;
2025-11-29 17:59:39;Ñuñoa;departamento;Venta Depto Barrio Italia Nuñoa;4200;CLF;2 dormitorios;2 baños;46 m² útiles;2 dormitorios | 2 baños | 46 m² útiles;Metro Irarrázaval, Ñuñoa;
2025-11-29 17:59:39;Ñuñoa;departamento;Departamento En Venta De 2 Dorm. En Ñuñoa;6500;CLF;2 dormitorios;2 baños;60 m² útiles;2 dormitorios | 2 baños | 60 m² útiles;Seminario - Irarrázaval, Metro Irarrázaval, Ñuñoa;
2025-11-29 17:59:39;Ñuñoa;departamento;Departamento En Venta De 1 Dorm. En Ñuñoa;4390;CLF;1 dormitorio;1 baño;;1 dormitorio | 1 baño;Pedro De Valdivia, Estadio Nacional, Ñuñoa;
2025-11-29 17:59:39;Ñuñoa;departamento;Departamento En Venta De 1 Dorm. En Ñuñoa;3600;CLF;1 dormitorio;1 baño;33 m² útiles;1 dormitorio | 1 baño | 33 m² útiles;Alcalde Monckeberg - Irarrázaval, Villa Frei, Ñuñoa;
2025-11-29 17:59:39;Ñuñoa;departamento;Departamento De Un Dormitorio En Venta En Ñuñoa;3500;CLF;1 dormitorio;1 baño;33 m² útiles;1 dormitorio | 1 baño | 33 m² útiles;Alcalde Monckeberg - Irarrázaval, Villa Frei, Ñuñoa;
2025-11-29 17:59:39;Ñuñoa;departamento;Depto De 3d/2d/1e/1b A Dos Cuadras De Metro Monseñor Eyza...;4750;CLF;3 dormitorios;2 baños;75 m² útiles;3 dormitorios | 2 baños | 75 m² útiles;Metro Monseñor Eyzaguirre, Ñuñoa;
2025-11-29 17:59:39;Ñuñoa;departamento;Departamento En Venta De 1 Dorm. En Ñuñoa;2400;CLF;1 dormitorio;1 baño;33 m² útiles;1 dormitorio | 1 baño | 33 m² útiles;Zañartu / Castillo Urizar, Estadio Nacional, Ñuñoa;
2025-11-29 17:59:39;Ñuñoa;departamento;Como Nuevo / Moderno / Haga Su Oferta / Metro Chile España ;4600;CLF;1 dormitorio;1 baño;45 m² útiles;1 dormitorio | 1 baño | 45 m² útiles;Chile España, Plaza Ñuñoa, Ñuñoa;
2025-11-29 17:59:39;Ñuñoa;departamento;Depto De 2d/2b/1e/1b A 2 Cuadras Del Metro Monseñor Eyzag...;4650;CLF;2 dormitorios;2 baños;55 m² útiles;2 dormitorios | 2 baños | 55 m² útiles;Metro Monseñor Eyzaguirre, Ñuñoa;
2025-11-29 17:59:39;Ñuñoa;departamento;¡ Oportunidad Inmejorable  En Ñuñoa- Excelente Conectividad!;4790;CLF;3 dormitorios;2 baños;72 m² útiles;3 dormitorios | 2 baños | 72 m² útiles;Exequiel Fernández 1555, Santiago, Ñuñoa, Estadio Nacional, Ñuñoa;
2025-11-29 17:59:39;Ñuñoa;departamento;Departamento En Venta En Ñuñoa;5500;CLF;3 dormitorios;2 baños;66 m² útiles;3 dormitorios | 2 baños | 66 m² útiles;Metro Los Orientales / Vespucio / Orientales, Diagonal Oriente, Ñuñoa;
2025-11-29 17:59:39;Ñuñoa;departamento;Depto Nuevo Entrega Inmediata 2d2b;7108;CLF;2 dormitorios;2 baños;100 m² útiles;2 dormitorios | 2 baños | 100 m² útiles;Pedro Torres Con Emilia Tellez, Parque Botánico, Ñuñoa;
2025-11-29 17:59:39;Ñuñoa;departamento;Departamento En Venta De 2 Dorm. En Ñuñoa;4978;CLF;2 dormitorios;2 baños;58 m² útiles;2 dormitorios | 2 baños | 58 m² útiles;Metro Villa Frei/Diagonal Oriente, Diagonal Oriente, Ñuñoa;
2025-11-29 17:59:39;Ñuñoa;departamento;Oportunidad Dpto 2 Dorm Ñuñoa;5500;CLF;2 dormitorios;2 baños;71 m² útiles;2 dormitorios | 2 baños | 71 m² útiles;Metro Irarrázaval, Ñuñoa;
2025-11-29 17:59:39;Ñuñoa;departamento;Venta Departamento Ñuñoa;3300;CLF;2 dormitorios;1 baño;49 m² útiles;2 dormitorios | 1 baño | 49 m² útiles;Parque San Eugenio - Metro Ñuble, Ñuñoa;
2025-11-29 18:00:23;Ñuñoa;departamento;Departamento Semi Nuevo Ñuñoa;2500;CLF;1 dormitorio;1 baño;30 m² útiles;1 dormitorio | 1 baño | 30 m² útiles;Zañartu Con Vicuña Mackena, Estadio Nacional, Ñuñoa;
2025-11-29 18:00:23;Ñuñoa;departamento;Departamento En Venta De 1 Dorm. En Ñuñoa;4674;CLF;1 dormitorio;1 baño;40 m² útiles;1 dormitorio | 1 baño | 40 m² útiles;Metro Villa Frei/Diagonal Oriente, Diagonal Oriente, Ñuñoa;
2025-11-29 18:00:23;Ñuñoa;departamento;Departamento En Venta De 2 Dorm. En Ñuñoa;6150;CLF;2 dormitorios;2 baños;63 m² útiles;2 dormitorios | 2 baños | 63 m² útiles;Santa Julia/Metro Chile-España, Parque Juan XXIII, Ñuñoa;
2025-11-29 18:00:23;Ñuñoa;departamento;Departamento Remodelado Contramaestre Ñuñoa;5400;CLF;2 dormitorios;2 baños;65 m² útiles;2 dormitorios | 2 baños | 65 m² útiles;Contramaestre Micalvi, Ñuñoa, Diagonal Oriente, Ñuñoa;
2025-11-29 18:00:23;Ñuñoa;departamento;Departamento En Venta En Amapolas Ñuñoa;115000000;CLP;2 dormitorios;1 baño;50 m² útiles;2 dormitorios | 1 baño | 50 m² útiles;Amapolas 4800 - 5100, Ñuñoa, Amapolas, Ñuñoa;
2025-11-29 18:00:23;Ñuñoa;departamento;En Venta Depto En Barrio Tranquilo Y Seguro, Ñuñoa;3800;CLF;1 dormitorio;1 baño;39 m² útiles;1 dormitorio | 1 baño | 39 m² útiles;Entre Antonio Varas Y Manuel Montt, Metro Monseñor Eyzaguirre, Ñuñoa;
2025-11-29 18:00:23;Ñuñoa;departamento;Oportunidad Inversionistas 1d Remodelado;3400;CLF;1 dormitorio;1 baño;36 m² útiles;1 dormitorio | 1 baño | 36 m² útiles;Metro Simón Bolivar, Ñuñoa;
2025-11-29 18:00:23;Ñuñoa;departamento;Tipo Mariposa Con Estacionamiento;4200;CLF;2 dormitorios;2 baños;49 m² útiles;2 dormitorios | 2 baños | 49 m² útiles;Av Grecia Metro Irarrázaval, Parque San Eugenio - Metro Ñuble, Ñuñoa;
2025-11-29 18:00:23;Ñuñoa;departamento;Gran Oportunidad Dpto En Venta En Metro Irarrazabal;3300;CLF;1 dormitorio;1 baño;34 m² útiles;1 dormitorio | 1 baño | 34 m² útiles;GENERAL BUSTAMANTE, Metro Irarrázaval, Ñuñoa;
2025-11-29 18:00:23;Ñuñoa;departamento;Departamento En Venta En Ñuñoa;5900;CLF;2 dormitorios;2 baños;69 m² útiles;2 dormitorios | 2 baños | 69 m² útiles;Miguel Claro / Metro Monseñor Eyzaguirre, Metro Monseñor Eyzaguirre, Ñuñoa;
2025-11-29 18:00:23;Ñuñoa;departamento;Brown Sur / Metro Chile España / Plaza Ñuñoa;7000;CLF;3 dormitorios;2 baños;100 m² útiles;3 dormitorios | 2 baños | 100 m² útiles;Brown Sur 77, Ñuñoa, Plaza Ñuñoa, Ñuñoa;
2025-11-29 18:00:23;Ñuñoa;departamento;Mujica / Metro Irarrazaval;3200;CLF;1 dormitorio;1 baño;40 m² útiles;1 dormitorio | 1 baño | 40 m² útiles;Mujica 55, Santiago, Ñuñoa, Metro Irarrázaval, Ñuñoa;
2025-11-29 18:00:23;Ñuñoa;departamento;Oportunidad Inversionistas Venta Dpto.1d 1b Año 2017;3790;CLF;1 dormitorio;1 baño;32 m² útiles;1 dormitorio | 1 baño | 32 m² útiles;Diagonal Oriente, Ñuñoa;
2025-11-29 18:00:23;Ñuñoa;departamento;Departamento En Venta De 2 Dorm. En Ñuñoa;4495;CLF;2 dormitorios;2 baños;60 m² útiles;2 dormitorios | 2 baños | 60 m² útiles;Dublé Almeyda/ Los Talaveras, Parque Juan XXIII, Ñuñoa;
2025-11-29 18:00:23;Ñuñoa;departamento;Barrio Tradicional / Ideal Para Modernizar;3890;CLF;2 dormitorios;2 baños;57 m² útiles;2 dormitorios | 2 baños | 57 m² útiles;Crescente Errázuriz / Suárez Mujica, Estadio Nacional, Ñuñoa;
2025-11-29 18:00:23;Ñuñoa;departamento;Inversión! Vendo Dpto 1d1b 1e 1b Piscina Quincho Metro Nuñoa;4700;CLF;1 dormitorio;1 baño;45 m² útiles;1 dormitorio | 1 baño | 45 m² útiles;Coventry 1934, Ñuñoa, Diego De Almagro, Ñuñoa;
2025-11-29 18:00:23;Ñuñoa;departamento;Departamento En Venta En Ñuñoa;105000000;CLP;2 dormitorios;1 baño;60 m² útiles;2 dormitorios | 1 baño | 60 m² útiles;Villa Los Presidentes, Villa Los Jardínes - Villa Los Presidentes, Ñuñoa;
2025-11-29 18:00:23;Ñuñoa;departamento;Hermoso Departamento Duplex, Ubicado En Villa Frei En La ...;175000000;CLP;4 dormitorios;2 baños;90 m² útiles;4 dormitorios | 2 baños | 90 m² útiles;Villa Frei, Ñuñoa;
2025-11-29 18:00:23;Ñuñoa;departamento;Venta Depto 3dorm 2baños Bodega Plaza Sucre Metro Eyzaguirre;4950;CLF;3 dormitorios;2 baños;68 m² útiles;3 dormitorios | 2 baños | 68 m² útiles;Sucre Con Manuel Montt, Metro Monseñor Eyzaguirre, Ñuñoa;
2025-11-29 18:00:23;Ñuñoa;departamento;De Oportunidad En Venta Irarrazabal, Ñuñoa Piso 21;4690;CLF;2 dormitorios;2 baños;67 m² útiles;2 dormitorios | 2 baños | 67 m² útiles;Monseñor Eizaguirre, Metro Monseñor Eyzaguirre, Ñuñoa;
2025-11-29 18:00:23;Ñuñoa;departamento;Depto. Metro Eyzaguirre Muy Amplio 3 Dorm. 2 Baños Rebajado;3950;CLF;3 dormitorios;2 baños;70 m² útiles;3 dormitorios | 2 baños | 70 m² útiles;Dublé Almeyda 1727, 7.7499e+06 - 7.7502e+06 Ñuñoa, Región Metropolitana, Chile, Metro Monseñor Eyzaguirre, Ñuñoa;
2025-11-29 18:00:23;Ñuñoa;departamento;Departamento En Venta De 1 Dorm. En Ñuñoa;3340;CLF;1 dormitorio;1 baño;34 m² útiles;1 dormitorio | 1 baño | 34 m² útiles;Condell 1872, Metro Irarrázaval, Ñuñoa;
2025-11-29 18:00:23;Ñuñoa;departamento;Depto Venta 3dorm 2baños 1bode Plaza Sucre Metro Eyzaguirre;4450;CLF;3 dormitorios;2 baños;67 m² útiles;3 dormitorios | 2 baños | 67 m² útiles;Entre Sucre Y Manuel Montt, Metro Monseñor Eyzaguirre, Ñuñoa;
2025-11-29 18:00:23;Ñuñoa;departamento;Amplio Duplex Metro  Villa Frei, Ñuñoa Con Terraza;4305;CLF;4 dormitorios;2 baños;83 m² útiles;4 dormitorios | 2 baños | 83 m² útiles;Quintay 4564, Ñuñoa, Villa Frei, Ñuñoa;
2025-11-29 18:00:23;Ñuñoa;departamento;Los Alerces/ Los Tres Antonios/ P. Valdivia/ E. Fernandez/;3550;CLF;2 dormitorios;2 baños;61 m² útiles;2 dormitorios | 2 baños | 61 m² útiles;Los Alerces 2400 - 2700, Ñuñoa, Estadio Nacional, Ñuñoa;
2025-11-29 18:00:23;Ñuñoa;departamento;Departamento En Venta Home Studio Metro Chile España Ñuñoa;3190;CLF;;1 baño;31 m² útiles;1 baño | 31 m² útiles;BROWN SUR 48, Ñuñoa;
2025-11-29 18:00:23;Ñuñoa;departamento;Departamento En Venta De 2 Dorm 1 Bod. En Ñuñoa;4299;CLF;2 dormitorios;2 baños;62 m² útiles;2 dormitorios | 2 baños | 62 m² útiles;Matta Oriente Con Dublé Almeida, Metro Irarrázaval, Ñuñoa;
2025-11-29 18:00:23;Ñuñoa;departamento;Se Vende Depto 2d/2b Estac/bodega Ñuñoa Metro Rodrigo De A.;3490;CLF;2 dormitorios;2 baños;42 m² útiles;2 dormitorios | 2 baños | 42 m² útiles;Vicuña Mackenna, Estadio Nacional, Ñuñoa;
2025-11-29 18:00:23;Ñuñoa;departamento;Departamento En Venta De 3 Dorm. En Ñuñoa;4600;CLF;3 dormitorios;2 baños;68 m² útiles;3 dormitorios | 2 baños | 68 m² útiles;San Eugenio Con Ñuble, Parque San Eugenio - Metro Ñuble, Ñuñoa;
2025-11-29 18:00:23;Ñuñoa;departamento;Amplios Espacios, Luminoso;4500;CLF;4 dormitorios;2 baños;70 m² útiles;4 dormitorios | 2 baños | 70 m² útiles;José Domingo Cañas 440, Ñuñoa, Metro Irarrázaval, Ñuñoa;
2025-11-29 18:00:23;Ñuñoa;departamento;Departamento En Venta En Duble Almeyda;5290;CLF;3 dormitorios;2 baños;70 m² útiles;3 dormitorios | 2 baños | 70 m² útiles;DUBLE ALMEYDA/ CAMPO DE DEPORTES, Metro Monseñor Eyzaguirre, Ñuñoa;
2025-11-29 18:00:23;Ñuñoa;departamento;Departamento En Venta De 3 Dorm. En Ñuñoa;7200;CLF;3 dormitorios;2 baños;82 m² útiles;3 dormitorios | 2 baños | 82 m² útiles;Dublé Almeyda Entre Pedro De Valdivia Y Los Tres Antonios, Metro Ñuñoa, Ñuñoa;
2025-11-29 18:00:23;Ñuñoa;departamento;Departamento En Jose Pedro Alessandri, Ñuñoa Con 4d 4b 177m2;10700;CLF;4 dormitorios;4 baños;177 m² útiles;4 dormitorios | 4 baños | 177 m² útiles;Avenida José Pedro Alessandri 605, Ñuñoa, Chile, Estadio Nacional, Ñuñoa;
2025-11-29 18:00:23;Ñuñoa;departamento;Amplio Departamento En Venta De 3 Dorm.y 2 Baños En Ñuñoa;7100;CLF;3 dormitorios;2 baños;85 m² útiles;3 dormitorios | 2 baños | 85 m² útiles;Suarez Mujica Ñuñoa, Parque San Eugenio - Metro Ñuble, Ñuñoa;
2025-11-29 18:00:23;Ñuñoa;departamento;Departamento En Venta De 2d-2b Nuevo En Ñuñoa;7900;CLF;2 dormitorios;2 baños;72 m² útiles;2 dormitorios | 2 baños | 72 m² útiles;Eduardo Castillo Velasco | Jose Domingo Cañas | Ñuñoa, Plaza Ñuñoa, Ñuñoa;
2025-11-29 18:00:23;Ñuñoa;departamento;Vendo Departamento Mariposa 2d 2b E Y B;4700;CLF;2 dormitorios;2 baños;59 m² útiles;2 dormitorios | 2 baños | 59 m² útiles;Exequiel Fernandez 1381, Estadio Nacional, Ñuñoa;
2025-11-29 18:00:23;Ñuñoa;departamento;Cesión De Promesa A Valor 2021. Ahorra 500uf;6139;CLF;2 dormitorios;2 baños;38 m² útiles;2 dormitorios | 2 baños | 38 m² útiles;Av. A. Vespucio Con Irarrazaval, Plaza Egaña, Ñuñoa;
2025-11-29 18:00:23;Ñuñoa;departamento;Departamento En Venta De 3 Dorm.2 Baños Salida Metr En Ñuñoa;3900;CLF;3 dormitorios;2 baños;62 m² útiles;3 dormitorios | 2 baños | 62 m² útiles;Metro Irrabazabal, Metro Irarrázaval, Ñuñoa;
2025-11-29 18:00:23;Ñuñoa;departamento;Departamento En Venta De 2d- 1b. En Ñuñoa;5486;CLF;2 dormitorios;1 baño;43 m² útiles;2 dormitorios | 1 baño | 43 m² útiles;Seminario | Metro Irarrazabal | Ñuñoa, Parque San Eugenio - Metro Ñuble, Ñuñoa;
2025-11-29 18:00:23;Ñuñoa;departamento;Metro Irarrazavai 2d+2b+t+e+b+p+q;4150;CLF;2 dormitorios;2 baños;50 m² útiles;2 dormitorios | 2 baños | 50 m² útiles;Mujica 55, Ñuñoa, Metro Irarrázaval, Ñuñoa;
2025-11-29 18:00:23;Ñuñoa;departamento;Excelente Departamento En Venta De 3 Dormitorios En Ñuñoa;5100;CLF;3 dormitorios;2 baños;64 m² útiles;3 dormitorios | 2 baños | 64 m² útiles;Rodrigo De Araya 3010, Departamento 1302, Ñuñoa, Estadio Nacional, Ñuñoa;
2025-11-29 18:00:23;Ñuñoa;departamento;Departamento En Venta De 2 Dorm. En Ñuñoa;6300;CLF;2 dormitorios;2 baños;70 m² útiles;2 dormitorios | 2 baños | 70 m² útiles;DEPARTAMENTO 2 DORMITORIOS ÑUÑOA, Metro Ñuñoa, Ñuñoa;
2025-11-29 18:00:23;Ñuñoa;departamento;"Departamento En Venta 2d&#43;2b Ñuñoa. Estadio Nacional";4090;CLF;2 dormitorios;2 baños;52 m² útiles;2 dormitorios | 2 baños | 52 m² útiles;Zañartu 2558, Estadio Nacional, Ñuñoa;
2025-11-29 18:00:23;Ñuñoa;departamento;Excelente Departamento En Venta De 2 Dormitorios En Ñuñoa;3800;CLF;2 dormitorios;2 baños;49 m² útiles;2 dormitorios | 2 baños | 49 m² útiles;García Valenzuela 055, Departamento 408, Ñuñoa, Metro Irarrázaval, Ñuñoa;
2025-11-29 18:00:23;Ñuñoa;departamento;Departamento En Venta En Ñuñoa;6800;CLF;2 dormitorios;2 baños;82 m² útiles;2 dormitorios | 2 baños | 82 m² útiles;ATENCION INVERSIONISTAS!!!!!, Ñuñoa;
2025-11-29 18:00:23;Ñuñoa;departamento;Nuevo Sin Comisión Depto En Venta De 2 Dorm. Campus Oriente;6547;CLF;2 dormitorios;2 baños;70 m² útiles;2 dormitorios | 2 baños | 70 m² útiles;Campus Oriente UC, Parque Botánico, Ñuñoa;
2025-11-29 18:00:23;Ñuñoa;departamento;Departamento En Venta De 2 Dorm. En Ñuñoa;5470;CLF;2 dormitorios;2 baños;50 m² útiles;2 dormitorios | 2 baños | 50 m² útiles;Plaza Egaña / Irarrazaval, Plaza Egaña, Ñuñoa;
2025-11-29 18:00:23;Ñuñoa;departamento;Espectacular Penthouse Tulum ;200000;USD;2 dormitorios;2 baños;164 m² totales;2 dormitorios | 2 baños | 164 m² totales;Zama Tulum Mexico, Ñuñoa;
2025-11-29 18:02:38;Ñuñoa;departamento; Lindo Departamento , Barrio Consolidado;8690;CLF;3 dormitorios;2 baños;100 m² útiles;3 dormitorios | 2 baños | 100 m² útiles;Heriberto Covarrubias 600 - 900, Ñuñoa, Chile, Plaza Egaña, Ñuñoa;
2025-11-29 18:02:38;Ñuñoa;departamento;Depto 2d2b Ñuñoa, Terraza Vista Natural E Isla De Mármol;7100;CLF;2 dormitorios;2 baños;;2 dormitorios | 2 baños;A Metros De La Estación Nuñoa, Metro Ñuñoa, Ñuñoa;
2025-11-29 18:02:38;Ñuñoa;departamento;Departamento En Venta En Ñuñoa;5200;CLF;2 dormitorios;2 baños;57 m² útiles;2 dormitorios | 2 baños | 57 m² útiles;ALONSO DE ERCILLA / CHILE ESPAÑA, Plaza Ñuñoa, Ñuñoa;
2025-11-29 18:02:38;Ñuñoa;departamento;Venta Avenida Sucre / Avenida Pedro De Valdivia;4450;CLF;1 dormitorio;1 baño;44 m² útiles;1 dormitorio | 1 baño | 44 m² útiles;Hospital De Carabineros, Metro Ñuñoa, Ñuñoa;
2025-11-29 18:02:38;Ñuñoa;departamento;Venta Metro Rodrigo De Araya / Zañartu / Ñuñoa;2800;CLF;1 dormitorio;1 baño;32 m² útiles;1 dormitorio | 1 baño | 32 m² útiles;Metro Rodrigo De Araya (Ñuñoa), Estadio Nacional, Ñuñoa;
2025-11-29 18:02:38;Ñuñoa;departamento;2d 2b Living  Comedor Cocina Cerrada Logia Terraza Bod Y Box;5300;CLF;2 dormitorios;2 baños;72 m² útiles;2 dormitorios | 2 baños | 72 m² útiles;Av. Salvador 2940, Ñuñoa, Estadio Nacional, Ñuñoa;
2025-11-29 18:02:38;Ñuñoa;departamento;Venta Metro Irarrazaval / Seminario / Tucapel;4390;CLF;2 dormitorios;2 baños;55 m² útiles;2 dormitorios | 2 baños | 55 m² útiles;Metro Irarrázaval, Ñuñoa;
2025-11-29 18:02:38;Ñuñoa;departamento;Departamento En Venta En Calle Holanda;3990;CLF;1 dormitorio;1 baño;35 m² útiles;1 dormitorio | 1 baño | 35 m² útiles;Holanda 3600 - 3900, Ñuñoa, Plaza Ñuñoa, Ñuñoa;
2025-11-29 18:02:38;Ñuñoa;departamento;Departamento En Venta En Metro Ñuñoa;3400;CLF;1 dormitorio;1 baño;40 m² útiles;1 dormitorio | 1 baño | 40 m² útiles;Av. Irarrázaval 2100 - 2400, Ñuñoa, Metro Ñuñoa, Ñuñoa;
2025-11-29 18:02:38;Ñuñoa;departamento;Departamento En Venta En Avda Irarrázaval;3400;CLF;1 dormitorio;1 baño;40 m² útiles;1 dormitorio | 1 baño | 40 m² útiles;Av. Irarrázaval 2100 - 2400, Ñuñoa, Metro Ñuñoa, Ñuñoa;
2025-11-29 18:02:38;Ñuñoa;departamento;"Cesión Promesa Departamento Eco Egaña Poniente, E&#43;b Incl";689;CLF;1 dormitorio;1 baño;39 m² útiles;1 dormitorio | 1 baño | 39 m² útiles;Juan Sabaj, Plaza Egaña, Ñuñoa;
2025-11-29 18:02:38;Ñuñoa;departamento;Venta Depto 1d 1b Simón Bolívar Ñuñoa;4500;CLF;1 dormitorio;1 baño;49 m² útiles;1 dormitorio | 1 baño | 49 m² útiles;Simón Bolívar, Parque Juan XXIII, Ñuñoa;
2025-11-29 18:02:38;Ñuñoa;departamento;Black Friday 3d2b1e1b Oportunidad Inversionistas! ;3990;CLF;3 dormitorios;2 baños;63 m² útiles;3 dormitorios | 2 baños | 63 m² útiles;Exequiel Fernández Y Juan Gómez Millas, Estadio Nacional, Ñuñoa;
2025-11-29 18:02:38;Ñuñoa;departamento;Departamento En Venta De 3d- 2b En Ñuñoa;8700;CLF;3 dormitorios;2 baños;99 m² útiles;3 dormitorios | 2 baños | 99 m² útiles;Venta Depto | Ñuñoa | Metro Ñuñoa, Metro Ñuñoa, Ñuñoa;
2025-11-29 18:02:38;Ñuñoa;departamento;Venta Depto.luminoso, Estilo Mariposa Seminario 855  Ñuñoa;4420;CLF;2 dormitorios;2 baños;60 m² útiles;2 dormitorios | 2 baños | 60 m² útiles;Seminario 855, Ñuñoa, Metro Irarrázaval, Ñuñoa;
2025-11-29 18:02:38;Ñuñoa;departamento;Cesión De Promesa A Valor 2021. Ahorra 500uf;4806;CLF;1 dormitorio;1 baño;38 m² útiles;1 dormitorio | 1 baño | 38 m² útiles;Av. A. Vespucio Con Irarrazaval, Plaza Egaña, Ñuñoa;
2025-11-29 18:02:38;Ñuñoa;departamento;Departamento En Venta De 2 Dorm. + 2 Baños En Ñuñoa;6350;CLF;2 dormitorios;2 baños;70 m² útiles;2 dormitorios | 2 baños | 70 m² útiles;A Pasos De Metro Ñuñoa / José Domingo Cañas., Metro Ñuñoa, Ñuñoa;
2025-11-29 18:02:38;Ñuñoa;departamento;Ricardo Lyon 2801, Esquina Hernán Cortés.;6937;CLF;3 dormitorios;2 baños;86 m² útiles;3 dormitorios | 2 baños | 86 m² útiles;Av. Ricardo Lyon 2801, Ñuñoa, Metro Ñuñoa, Ñuñoa;
2025-11-29 18:02:38;Ñuñoa;departamento;Venta Departamento 2 Dormitorios Y 2 Baños En Ñuñoa;4000;CLF;2 dormitorios;2 baños;44 m² útiles;2 dormitorios | 2 baños | 44 m² útiles;Metro Santa Isabel, Metro Irarrázaval, Ñuñoa;
2025-11-29 18:02:38;Ñuñoa;departamento;Departamento En Venta De 1 Dorm. En Ñuñoa;3900;CLF;1 dormitorio;1 baño;41 m² útiles;1 dormitorio | 1 baño | 41 m² útiles;A Pasos De Metro Villa Frei., Diagonal Oriente, Ñuñoa;
2025-11-29 18:02:38;Ñuñoa;departamento;Departamento En Venta De 1 Dorm. En Ñuñoa;3800;CLF;1 dormitorio;1 baño;36 m² útiles;1 dormitorio | 1 baño | 36 m² útiles;Entre Av. Sucre / Av. Salvador, Metro Monseñor Eyzaguirre, Ñuñoa;
2025-11-29 18:02:38;Ñuñoa;departamento;Dpto. Renovado En Condominio Con Jardines;2660;CLF;2 dormitorios;1 baño;57 m² útiles;2 dormitorios | 1 baño | 57 m² útiles;Diez Nte. 1500 - 1800, Ñuñoa, Región Metropolitana, Chile, Estadio Nacional, Ñuñoa;
2025-11-29 18:02:38;Ñuñoa;departamento;Venta Depto Ñuñoa 1d 1b 1bo 1est Con Patio;3700;CLF;1 dormitorio;1 baño;37 m² útiles;1 dormitorio | 1 baño | 37 m² útiles;Seminario, Metro Irarrázaval, Ñuñoa;
2025-11-29 18:02:38;Ñuñoa;departamento;Departamento En Venta En Condell 1777 Con Piscina;4700;CLF;2 dormitorios;2 baños;54 m² útiles;2 dormitorios | 2 baños | 54 m² útiles;Condell 1777, Ñuñoa, Metro Irarrázaval, Ñuñoa;
2025-11-29 18:02:38;Ñuñoa;departamento;Departamento En Venta De 1 Dorm. En Ñuñoa;3700;CLF;1 dormitorio;1 baño;48 m² útiles;1 dormitorio | 1 baño | 48 m² útiles;Irarrazaval / Plaza Egaña, Plaza Egaña, Ñuñoa;
2025-11-29 18:02:38;Ñuñoa;departamento;Luminoso Y Amplio Depto. J.pedro Alessandri 605,ñuñoa 3d 3b ;9000;CLF;3 dormitorios;3 baños;133 m² útiles;3 dormitorios | 3 baños | 133 m² útiles;Avenida José Pedro Alessandri 605, Ñuñoa, Chile, Estadio Nacional, Ñuñoa;
2025-11-29 18:02:38;Ñuñoa;departamento;Nuevo Sin Comisión. Depto. En Venta 2 Dorm Metro S. Bolívar;6555;CLF;2 dormitorios;2 baños;71 m² útiles;2 dormitorios | 2 baños | 71 m² útiles;Pucará / Plaza Ñuñoa, Metro Simón Bolivar, Ñuñoa;
2025-11-29 18:02:38;Ñuñoa;departamento;Oportunidad A Pasos Del Metro Monseñor Eyzaguirre;4500;CLF;2 dormitorios;2 baños;63 m² útiles;2 dormitorios | 2 baños | 63 m² útiles;José Domingo Cañas 1550, Of. 603, 7750099 Ñuñoa, Región Metropolitana, Chile, Metro Monseñor Eyzaguirre, Ñuñoa;
2025-11-29 18:02:38;Ñuñoa;departamento;Luminoso Y Moderno Departamento Con Espectaculares Vistas ;5500;CLF;2 dormitorios;2 baños;66 m² útiles;2 dormitorios | 2 baños | 66 m² útiles;Dublé Almeyda 3260, 7760048 Ñuñoa, Región Metropolitana, Chile, Plaza Ñuñoa, Ñuñoa;
2025-11-29 18:02:38;Ñuñoa;departamento;Departamento En Venta De 2 Dorm. En Ñuñoa;5300;CLF;2 dormitorios;2 baños;51 m² útiles;2 dormitorios | 2 baños | 51 m² útiles;Rodrigo De Araya 3280, Juan Gómez Millas, Ñuñoa;
2025-11-29 18:02:38;Ñuñoa;departamento;Dpto. Duplex / Irarrazabal/ Excelente  Estado/ Metro A Pasos;5290;CLF;4 dormitorios;2 baños;98 m² útiles;4 dormitorios | 2 baños | 98 m² útiles;Av. Irarrázaval 4500 - 4800, Ñuñoa, Villa Frei, Ñuñoa;
2025-11-29 18:02:38;Ñuñoa;departamento;Departamento En Venta De 2 Dorm. En Ñuñoa;3000;CLF;2 dormitorios;1 baño;50 m² totales;2 dormitorios | 1 baño | 50 m² totales;Metro Ñuble, Parque San Eugenio - Metro Ñuble, Ñuñoa;
2025-11-29 18:02:38;Ñuñoa;departamento;Departamento En Venta De 2 Dorm. En Ñuñoa;2600;CLF;2 dormitorios;1 baño;45 m² útiles;2 dormitorios | 1 baño | 45 m² útiles;Metro Rodrigo De Araya - Zañartu, Estadio Nacional, Ñuñoa;
2025-11-29 18:02:38;Ñuñoa;departamento;Precioso Departamento En Venta En Ñuñoa;8000;CLF;3 dormitorios;2 baños;84 m² útiles;3 dormitorios | 2 baños | 84 m² útiles;Ñuñoa, Plaza Egaña;
2025-11-29 18:02:38;Ñuñoa;departamento;Venta En Ñuñoa. Moderno De 3 Dormitorios.;6900;CLF;3 dormitorios;2 baños;88 m² útiles;3 dormitorios | 2 baños | 88 m² útiles;Ñuñoa;
2025-11-29 18:02:38;Ñuñoa;departamento;Departamento A Pasos Del Metro, Alta Plusvalía ;5400;CLF;2 dormitorios;2 baños;54 m² útiles;2 dormitorios | 2 baños | 54 m² útiles;Duble Almeyda / Pedro De Valdivia, Ñuñoa;
2025-11-29 18:02:38;Ñuñoa;departamento;Moderno Departamento Con Ubicación Estratégica En ...;6053;CLF;2 dormitorios;2 baños;69 m² útiles;2 dormitorios | 2 baños | 69 m² útiles;Ñuñoa, Metro Ñuñoa;
2025-11-29 18:02:38;Ñuñoa;departamento;Departamento Con Vista Norte En Barrio Consolidado...;3790;CLF;1 dormitorio;1 baño;35 m² útiles;1 dormitorio | 1 baño | 35 m² útiles;Ñuñoa, Diagonal Oriente;
2025-11-29 18:02:38;Ñuñoa;departamento;San Jorge/ Irarrázaval/ 2d/2b/estacionamiento;5500;CLF;2 dormitorios;2 baños;67 m² útiles;2 dormitorios | 2 baños | 67 m² útiles;San Jorge 60, Ñuñoa, Ñuñoa;
2025-11-29 18:02:38;Ñuñoa;departamento;Venta Amplio Departamento Familiar Con Vistas Desp...;8000;CLF;4 dormitorios;2 baños;104 m² útiles;4 dormitorios | 2 baños | 104 m² útiles;Ñuñoa, Plaza Ñuñoa;
2025-11-29 18:02:38;Ñuñoa;departamento;En Venta En Ñuñoa. Oriente, De 3 Dormitorios 3 Bañ...;7700;CLF;3 dormitorios;3 baños;88 m² útiles;3 dormitorios | 3 baños | 88 m² útiles;Ñuñoa, Parque Juan XXIII;
2025-11-29 18:02:38;Ñuñoa;departamento;Venta Departamento Seminuevo 3d2b . Plaza Ñuñoa;7350;CLF;3 dormitorios;2 baños;89 m² útiles;3 dormitorios | 2 baños | 89 m² útiles;Parque Juan XXIII, Ñuñoa;
2025-11-29 18:02:38;Ñuñoa;departamento; Departamento Impecable Con Salida A Jardín En Bar...;7855;CLF;3 dormitorios;2 baños;96 m² útiles;3 dormitorios | 2 baños | 96 m² útiles;Ñuñoa, Diego De Almagro;
2025-11-29 18:02:38;Ñuñoa;departamento;Frente A Plaza Ñuñoa / Humberto Trucco;4900;CLF;3 dormitorios;2 baños;70 m² útiles;3 dormitorios | 2 baños | 70 m² útiles;PLAZA ÑUÑOA, Plaza Ñuñoa, Ñuñoa;
2025-11-29 18:02:38;Ñuñoa;departamento;Departamento Cercano A Plaza Ñuñoa;6500;CLF;3 dormitorios;2 baños;85 m² útiles;3 dormitorios | 2 baños | 85 m² útiles;Depto En Venta, 1 - 300, Plaza Ñuñoa, Ñuñoa;
2025-11-29 18:02:38;Ñuñoa;departamento;Venta De Moderno Departamento Con Excelente Conect...;6750;CLF;3 dormitorios;2 baños;92 m² útiles;3 dormitorios | 2 baños | 92 m² útiles;Ñuñoa, Parque San Eugenio - Metro Ñuble;
2025-11-29 18:02:38;Ñuñoa;departamento;Depto En Venta Ñuñoa ;7450;CLF;3 dormitorios;2 baños;80 m² útiles;3 dormitorios | 2 baños | 80 m² útiles;Ñuñoa, Plaza Ñuñoa;
2025-11-29 18:02:38;Ñuñoa;departamento;Venta De Moderno Departamento Con Excelente Conect...;4850;CLF;2 dormitorios;2 baños;60 m² útiles;2 dormitorios | 2 baños | 60 m² útiles;Ñuñoa, Parque Juan XXIII;
2025-11-29 18:03:36;Ñuñoa;departamento;Venta Departamento Vista Despejada. Zañartu, Ñuñoa...;3795;CLF;2 dormitorios;2 baños;61 m² útiles;2 dormitorios | 2 baños | 61 m² útiles;Santiago, Estadio Nacional, Ñuñoa;
2025-11-29 18:03:36;Ñuñoa;departamento;Oferta Cyber! Dúplex Contemporáneo En Ñuñoa: Comod...;5984;CLF;1 dormitorio;2 baños;72 m² útiles;1 dormitorio | 2 baños | 72 m² útiles;Ñuñoa, Plaza Egaña;
2025-11-29 18:03:36;Ñuñoa;departamento;Venta Departamento Moderno Y Con Amplios Espacios ...;9785;CLF;3 dormitorios;2 baños;90 m² útiles;3 dormitorios | 2 baños | 90 m² útiles;Ñuñoa, Amapolas;
2025-11-29 18:03:36;Ñuñoa;departamento;Venta Amplio Departamento En Ñuñoa Para Remodelaci...;3800;CLF;3 dormitorios;1 baño;82 m² útiles;3 dormitorios | 1 baño | 82 m² útiles;Ñuñoa, Estadio Nacional;
2025-11-29 18:03:36;Ñuñoa;departamento;Ñuñoa, Departamento En Venta Con Patio. Parque Puc...;8000;CLF;2 dormitorios;2 baños;72 m² útiles;2 dormitorios | 2 baños | 72 m² útiles;Ñuñoa, Parque Botánico;
2025-11-29 18:03:36;Ñuñoa;departamento;Departamento Pedro De Valdivia, Venta En Ñuñoa;6850;CLF;2 dormitorios;2 baños;69 m² útiles;2 dormitorios | 2 baños | 69 m² útiles;Ñuñoa, Metro Ñuñoa;
2025-11-29 18:03:36;Ñuñoa;departamento;Exclusivo Penthouse Con Azotea Propia En Venta Ñuñ...;8500;CLF;3 dormitorios;2 baños;83 m² útiles;3 dormitorios | 2 baños | 83 m² útiles;Ñuñoa, Amapolas;
2025-11-29 18:03:36;Ñuñoa;departamento;Moderno Departamento Con Ubicación Privilegiada Ju...;5890;CLF;2 dormitorios;2 baños;64 m² útiles;2 dormitorios | 2 baños | 64 m² útiles;Ñuñoa, Metro Ñuñoa;
2025-11-29 18:03:36;Ñuñoa;departamento;Moderno Depto Con  Destacada Arquitectura En Venta...;8450;CLF;2 dormitorios;3 baños;96 m² útiles;2 dormitorios | 3 baños | 96 m² útiles;Ñuñoa, Metro Simón Bolivar;
2025-11-29 18:03:36;Ñuñoa;departamento;Venta Moderno Departamento Luminoso Y Funcional En...;5200;CLF;3 dormitorios;2 baños;72 m² útiles;3 dormitorios | 2 baños | 72 m² útiles;Ñuñoa, Parque San Eugenio - Metro Ñuble;
2025-11-29 18:03:36;Ñuñoa;departamento;Comodidades Únicas, Compra Nuevo, 0% Comisión 086;6402;CLF;2 dormitorios;2 baños;50 m² útiles;2 dormitorios | 2 baños | 50 m² útiles;Comodidades Únicas, Compra Nuevo, 0% Comisión 086, 860400 - 860700, Parque San Eugenio - Metro Ñuble, Ñuñoa;
2025-11-29 18:03:36;Ñuñoa;departamento;Moderno Departamento En Ñuñoa;4250;CLF;1 dormitorio;1 baño;41 m² útiles;1 dormitorio | 1 baño | 41 m² útiles;Irarrazaval, 5400 - 5700, Plaza Egaña, Ñuñoa;
2025-11-29 18:03:36;Ñuñoa;departamento;Venta Duplex Con Vista Panorámica, Azotea Privada.;8500;CLF;2 dormitorios;2 baños;61 m² útiles;2 dormitorios | 2 baños | 61 m² útiles;Ñuñoa, Metro Monseñor Eyzaguirre;
2025-11-29 18:03:36;Ñuñoa;departamento;Oportunidad En Ñuñoa, Moderno Departamento Con Luz...;5600;CLF;2 dormitorios;2 baños;67 m² útiles;2 dormitorios | 2 baños | 67 m² útiles;Ñuñoa, Metro Monseñor Eyzaguirre;
2025-11-29 18:03:36;Ñuñoa;departamento;Moderno Departamento Con 2 Suites En Ñuñoa;6200;CLF;2 dormitorios;2 baños;61 m² útiles;2 dormitorios | 2 baños | 61 m² útiles;Ñuñoa, Metro Monseñor Eyzaguirre;
2025-11-29 18:03:36;Ñuñoa;departamento;Moderno Departamento Con Vista Despejada En El Cor...;3800;CLF;1 dormitorio;1 baño;36 m² útiles;1 dormitorio | 1 baño | 36 m² útiles;Santiago, Metro Ñuñoa, Ñuñoa;
2025-11-29 18:03:36;Ñuñoa;departamento;Venta Depto. Seminuevo 1d 1b Con Gran Vista Ñuñoa;4750;CLF;1 dormitorio;1 baño;41 m² útiles;1 dormitorio | 1 baño | 41 m² útiles;Metro Ñuñoa, Ñuñoa;
2025-11-29 18:03:36;Ñuñoa;departamento;Duplex En Venta En Ñuñoa! Espectacular 7900uf!!!;7900;CLF;4 dormitorios;3 baños;109 m² útiles;4 dormitorios | 3 baños | 109 m² útiles;Ñuñoa, Parque Juan XXIII;
2025-11-29 18:03:36;Ñuñoa;departamento;Maravilloso Depto A Pasos De Plaza Egaña;5172;CLF;2 dormitorios;1 baño;51 m² útiles;2 dormitorios | 1 baño | 51 m² útiles;Ñuñoa, Plaza Egaña;
2025-11-29 18:03:36;Ñuñoa;departamento;Eduardo Castillo Velasco/ñuñoa/1d/1b/estacionamiento;5900;CLF;1 dormitorio;1 baño;38 m² útiles;1 dormitorio | 1 baño | 38 m² útiles;Alcalde Eduardo Castillo Velasco 1622, Ñuñoa, Metro Monseñor Eyzaguirre, Ñuñoa;
2025-11-29 18:03:36;Ñuñoa;departamento;Excelente Oportunidad De Inversión!! Departamento ...;3356;CLF;1 dormitorio;1 baño;33 m² útiles;1 dormitorio | 1 baño | 33 m² útiles;Ñuñoa, Metro Irarrázaval;
2025-11-29 18:03:36;Ñuñoa;departamento;Venta De Amplio Y Luminoso Departamento De 2d En Ñ...;7550;CLF;2 dormitorios;2 baños;73 m² útiles;2 dormitorios | 2 baños | 73 m² útiles;Ñuñoa, Diagonal Oriente;
2025-11-29 18:03:36;Ñuñoa;departamento;Departamento A Pasos Del Mall Plaza Egaña;5950;CLF;2 dormitorios;2 baños;63 m² útiles;2 dormitorios | 2 baños | 63 m² útiles;Clorinda Willshaw, 1 - 300, Plaza Egaña, Ñuñoa;
2025-11-29 18:03:36;Ñuñoa;departamento;Moderno Departamento Duplex Con Diseño Único En Ñu...;8200;CLF;1 dormitorio;2 baños;69 m² útiles;1 dormitorio | 2 baños | 69 m² útiles;Ñuñoa, Estadio Nacional;
2025-11-29 18:03:36;Ñuñoa;departamento;Venta: Departamento Con Azotea. Plaza Bremen.;9800;CLF;3 dormitorios;2 baños;88 m² útiles;3 dormitorios | 2 baños | 88 m² útiles;Ñuñoa, Plaza Egaña;
2025-11-29 18:03:36;Ñuñoa;departamento;Venta Departamento Para Inversionistas, Ñuñoa;3135;CLF;1 dormitorio;1 baño;33 m² útiles;1 dormitorio | 1 baño | 33 m² útiles;Ñuñoa, Parque San Eugenio - Metro Ñuble;
2025-11-29 18:03:36;Ñuñoa;departamento;Departamento En Venta En Ñuñoa! Amplias Áreas Verd...;6900;CLF;3 dormitorios;2 baños;80 m² útiles;3 dormitorios | 2 baños | 80 m² útiles;Ñuñoa, Metro Ñuñoa;
2025-11-29 18:03:36;Ñuñoa;departamento;Venta De Moderno Departamento En Ñuñoa Con Excelen...;5490;CLF;2 dormitorios;2 baños;68 m² útiles;2 dormitorios | 2 baños | 68 m² útiles;Ñuñoa, Diagonal Oriente;
2025-11-29 18:03:36;Ñuñoa;departamento;Ñuñoa. Venta Nuevo Departamento Moderno. Suarez Mu...;7300;CLF;3 dormitorios;2 baños;80 m² útiles;3 dormitorios | 2 baños | 80 m² útiles;Ñuñoa, Parque San Eugenio - Metro Ñuble;
2025-11-29 18:03:36;Ñuñoa;departamento; Venta Precioso Departamento 3d/2b ;6800;CLF;3 dormitorios;2 baños;83 m² útiles;3 dormitorios | 2 baños | 83 m² útiles;Ñuñoa, Metro Monseñor Eyzaguirre;
2025-11-29 18:03:36;Ñuñoa;departamento;Metro Rodrigo De Araya/venta Dpto 2d+2b Est. Ñuñoa;4000;CLF;2 dormitorios;2 baños;59 m² útiles;2 dormitorios | 2 baños | 59 m² útiles;Estadio Nacional, Ñuñoa;
2025-11-29 18:03:36;Ñuñoa;departamento;Ñuñoa. Venta Nuevo Departamento Moderno. Suarez Mu...;7600;CLF;3 dormitorios;2 baños;80 m² útiles;3 dormitorios | 2 baños | 80 m² útiles;Ñuñoa, Parque San Eugenio - Metro Ñuble;
2025-11-29 18:03:36;Ñuñoa;departamento;¡inverte Pagando Menos! Compra Departamento Exclus...;5800;CLF;2 dormitorios;2 baños;72 m² útiles;2 dormitorios | 2 baños | 72 m² útiles;Ñuñoa, Parque San Eugenio - Metro Ñuble;
2025-11-29 18:03:36;Ñuñoa;departamento;¡vive En El Corazon De Ñuñoa, Increíble Departamen...;6175;CLF;3 dormitorios;2 baños;84 m² útiles;3 dormitorios | 2 baños | 84 m² útiles;Ñuñoa, Parque Juan XXIII;
2025-11-29 18:03:36;Ñuñoa;departamento;¡inverte Pagando Menos! Compra Departamento Exclus...;6100;CLF;2 dormitorios;2 baños;62 m² útiles;2 dormitorios | 2 baños | 62 m² útiles;Ñuñoa, Parque San Eugenio - Metro Ñuble;
2025-11-29 18:03:36;Ñuñoa;departamento;Departamento En Venta De 2 Dorm. En Ñuñoa;6850;CLF;2 dormitorios;2 baños;68 m² útiles;2 dormitorios | 2 baños | 68 m² útiles;Sucre, Metro Ñuñoa, Ñuñoa;
2025-11-29 18:03:36;Ñuñoa;departamento;Ñuñoa. Venta Nuevo Departamento Moderno. Suarez Mu...;7500;CLF;3 dormitorios;2 baños;80 m² útiles;3 dormitorios | 2 baños | 80 m² útiles;Ñuñoa, Parque San Eugenio - Metro Ñuble;
2025-11-29 18:03:36;Ñuñoa;departamento;¿buscas Invertir En Ñuñoa?  Compra Sin Comision;6100;CLF;2 dormitorios;2 baños;72 m² útiles;2 dormitorios | 2 baños | 72 m² útiles;Ñuñoa, Parque San Eugenio - Metro Ñuble;
2025-11-29 18:03:36;Ñuñoa;departamento;Departamento Amplio En Venta. Zona Estratégica De ...;6050;CLF;3 dormitorios;2 baños;81 m² útiles;3 dormitorios | 2 baños | 81 m² útiles;Ñuñoa, Diagonal Oriente;
2025-11-29 18:03:36;Ñuñoa;departamento;Amplio Y Excelente Ubicación! Departamento En Vent...;5900;CLF;3 dormitorios;2 baños;84 m² útiles;3 dormitorios | 2 baños | 84 m² útiles;Ñuñoa, Villa Frei;
2025-11-29 18:03:36;Ñuñoa;departamento;Moderno Departamento Amoblado En Venta Con Vista I...;4940;CLF;2 dormitorios;2 baños;61 m² útiles;2 dormitorios | 2 baños | 61 m² útiles;Ñuñoa, Parque Juan XXIII;
2025-11-29 18:03:36;Ñuñoa;departamento;Departamento En Venta En Estratégica Ubicación!!;7500;CLF;2 dormitorios;2 baños;67 m² útiles;2 dormitorios | 2 baños | 67 m² útiles;Ñuñoa, Diego De Almagro;
2025-11-29 18:03:36;Ñuñoa;departamento;San Eugenio // Metro Ñuble;110000000;CLP;1 dormitorio;1 baño;38 m² útiles;1 dormitorio | 1 baño | 38 m² útiles;San Eugenio 1331, Ñuñoa, Parque San Eugenio - Metro Ñuble, Ñuñoa;
2025-11-29 18:03:36;Ñuñoa;departamento;Moderno Departamento Con Espacios Luminosos En Ñuñ...;4300;CLF;2 dormitorios;2 baños;60 m² útiles;2 dormitorios | 2 baños | 60 m² útiles;Ñuñoa, Estadio Nacional;
2025-11-29 18:03:36;Ñuñoa;departamento;Venta Amplio Departamento Cercano A Metro Ñuñoa!;6000;CLF;2 dormitorios;2 baños;70 m² útiles;2 dormitorios | 2 baños | 70 m² útiles;Ñuñoa;
2025-11-29 18:03:36;Ñuñoa;departamento;Ubicación Privilegiada Y Comodidad Total En Ñuñoa;6350;CLF;3 dormitorios;2 baños;84 m² útiles;3 dormitorios | 2 baños | 84 m² útiles;Santiago, Parque Juan XXIII, Ñuñoa;
2025-11-29 18:03:36;Ñuñoa;departamento;Hermoso Departamento Con Vista Despejada En Ñuñoa.;5828;CLF;2 dormitorios;2 baños;54 m² útiles;2 dormitorios | 2 baños | 54 m² útiles;Ñuñoa, Metro Ñuñoa;
2025-11-29 18:03:36;Ñuñoa;departamento;Departamento Excelente Ubicación En Venta, Ñuñoa;4400;CLF;2 dormitorios;1 baño;65 m² útiles;2 dormitorios | 1 baño | 65 m² útiles;Ñuñoa;
2025-11-29 18:04:09;Ñuñoa;departamento;¡oportunidad Ñuñoa! Increíble Depto En Venta Con P...;5200;CLF;2 dormitorios;2 baños;62 m² útiles;2 dormitorios | 2 baños | 62 m² útiles;Ñuñoa, Metro Monseñor Eyzaguirre;
2025-11-29 18:04:09;Ñuñoa;departamento;Moderno Y Amplio Departamento A Pasos De Metro Prí...;6600;CLF;2 dormitorios;2 baños;60 m² útiles;2 dormitorios | 2 baños | 60 m² útiles;Ñuñoa, Diego De Almagro;
2025-11-29 18:04:09;Ñuñoa;departamento;Venta Departamento En Ñuñoa Amplio Espacio, Bien I...;8300;CLF;4 dormitorios;2 baños;90 m² útiles;4 dormitorios | 2 baños | 90 m² útiles;Ñuñoa, Plaza Ñuñoa;
2025-11-29 18:04:09;Ñuñoa;departamento;Oportunidad De Inversion En Ñuñoa 1d 1b 1e+1bod;4200;CLF;1 dormitorio;1 baño;37 m² útiles;1 dormitorio | 1 baño | 37 m² útiles;Ñuñoa, Estadio Nacional;
2025-11-29 18:04:09;Ñuñoa;departamento;Amplio Departamento Familiar Con Terraza Y Vista A...;8600;CLF;4 dormitorios;3 baños;100 m² útiles;4 dormitorios | 3 baños | 100 m² útiles;Ñuñoa, Diego De Almagro;
2025-11-29 18:04:09;Ñuñoa;departamento; Departamento En Venta Sector De Alta Conectividad...;7400;CLF;3 dormitorios;2 baños;82 m² útiles;3 dormitorios | 2 baños | 82 m² útiles;Ñuñoa, Diagonal Oriente;
2025-11-29 18:04:09;Ñuñoa;departamento;Se Vende Increíble Departamento Nuevo En Ñuñoa;4322;CLF;1 dormitorio;1 baño;38 m² útiles;1 dormitorio | 1 baño | 38 m² útiles;Ñuñoa, Metro Ñuñoa;
2025-11-29 18:04:09;Ñuñoa;departamento;Barrio Italia. Departamento En Venta En Ñuñoa! Opo...;3150;CLF;1 dormitorio;1 baño;36 m² útiles;1 dormitorio | 1 baño | 36 m² útiles;Ñuñoa, Metro Irarrázaval;
2025-11-29 18:04:09;Ñuñoa;departamento;Venta Departamento Ideal Para Inversión, Ñuñoa;4350;CLF;2 dormitorios;2 baños;45 m² útiles;2 dormitorios | 2 baños | 45 m² útiles;Ñuñoa, Metro Ñuñoa;
2025-11-29 18:04:09;Ñuñoa;departamento;Tu Refugio En El Corazón De Ñuñoa. ¡departamento C...;5880;CLF;2 dormitorios;2 baños;62 m² útiles;2 dormitorios | 2 baños | 62 m² útiles;Ñuñoa, Plaza Ñuñoa;
2025-11-29 18:04:09;Ñuñoa;departamento;Venta Departamento Con Vista Panorámica, Ñuñoa;4655;CLF;2 dormitorios;2 baños;64 m² útiles;2 dormitorios | 2 baños | 64 m² útiles;Ñuñoa, Diagonal Oriente;
2025-11-29 18:04:09;Ñuñoa;departamento;Venta Departamento Con Terraza Norte, Ñuñoa;5800;CLF;2 dormitorios;2 baños;66 m² útiles;2 dormitorios | 2 baños | 66 m² útiles;Ñuñoa, Plaza Ñuñoa;
2025-11-29 18:04:09;Ñuñoa;departamento;Depto A Pasos De Plaza Ñuñoa 3d 2b En Venta;6700;CLF;3 dormitorios;2 baños;94 m² útiles;3 dormitorios | 2 baños | 94 m² útiles;Ñuñoa, Plaza Ñuñoa;
2025-11-29 18:04:09;Ñuñoa;departamento;Venta Departamento: Ideal Para Renta O Airbnb, Ñuñ...;4740;CLF;2 dormitorios;2 baños;49 m² útiles;2 dormitorios | 2 baños | 49 m² útiles;Ñuñoa, Plaza Egaña;
2025-11-29 18:04:09;Ñuñoa;departamento;Venta De Maravilloso Departamento Con Azotea Priva...;9727;CLF;3 dormitorios;2 baños;81 m² útiles;3 dormitorios | 2 baños | 81 m² útiles;Ñuñoa, Diagonal Oriente;
2025-11-29 18:04:09;Ñuñoa;departamento;Acogedor Departamento En Venta Ñuñoa. Imperdible;6600;CLF;2 dormitorios;2 baños;63 m² útiles;2 dormitorios | 2 baños | 63 m² útiles;Ñuñoa, Metro Ñuñoa;
2025-11-29 18:04:09;Ñuñoa;departamento;Oportunidad Única, Venta Departamento En Ñuñoa.;3654;CLF;2 dormitorios;2 baños;59 m² útiles;2 dormitorios | 2 baños | 59 m² útiles;Santiago, Estadio Nacional, Ñuñoa;
2025-11-29 18:04:09;Ñuñoa;departamento;Hermoso Departamento Con Vista Despejada En Ñuñoa.;3496;CLF;2 dormitorios;2 baños;59 m² útiles;2 dormitorios | 2 baños | 59 m² útiles;Santiago, Estadio Nacional, Ñuñoa;
2025-11-29 18:04:09;Ñuñoa;departamento;Sin Comisión. Nuevo En Ñuñoa;3790;CLF;1 dormitorio;1 baño;28 m² útiles;1 dormitorio | 1 baño | 28 m² útiles;Ñuñoa, Metro Ñuñoa;
2025-11-29 18:04:09;Ñuñoa;departamento;Moderno Departamento Con Patio, Con Excelente Cone...;6479;CLF;2 dormitorios;2 baños;87 m² útiles;2 dormitorios | 2 baños | 87 m² útiles;Ñuñoa, Plaza Egaña;
2025-11-29 18:04:09;Ñuñoa;departamento;Venta Departamento Con Vista Despejada En Zañartu,...;3762;CLF;2 dormitorios;2 baños;59 m² útiles;2 dormitorios | 2 baños | 59 m² útiles;Santiago, Estadio Nacional, Ñuñoa;
2025-11-29 18:04:09;Ñuñoa;departamento;Venta De Departamento Moderno Y Espacioso A Pasos ...;9025;CLF;3 dormitorios;2 baños;86 m² útiles;3 dormitorios | 2 baños | 86 m² útiles;Ñuñoa;
2025-11-29 18:04:09;Ñuñoa;departamento;Venta Departamento Para Inversionista, Ñuñoa;4085;CLF;2 dormitorios;2 baños;46 m² útiles;2 dormitorios | 2 baños | 46 m² útiles;Ñuñoa, Metro Irarrázaval;
2025-11-29 18:04:09;Ñuñoa;departamento;Venta Departamento Con Vista Despejada En Zañartu,...;3795;CLF;2 dormitorios;2 baños;59 m² útiles;2 dormitorios | 2 baños | 59 m² útiles;Santiago, Estadio Nacional, Ñuñoa;
2025-11-29 18:04:09;Ñuñoa;departamento;Venta De Departamento Con Vista Despejada En Ñuñoa...;3135;CLF;2 dormitorios;1 baño;45 m² útiles;2 dormitorios | 1 baño | 45 m² útiles;Ñuñoa, Estadio Nacional;
2025-11-29 18:04:09;Ñuñoa;departamento;Gran Oportunidad De Venta Departamento En Ñuñoa.;3135;CLF;2 dormitorios;1 baño;46 m² útiles;2 dormitorios | 1 baño | 46 m² útiles;Ñuñoa, Estadio Nacional;
2025-11-29 18:04:09;Ñuñoa;departamento;Venta Departamento Vista Despejada. Zañartu, Ñuñoa...;3828;CLF;2 dormitorios;2 baños;59 m² útiles;2 dormitorios | 2 baños | 59 m² útiles;Santiago, Estadio Nacional, Ñuñoa;
2025-11-29 18:04:09;Ñuñoa;departamento;Venta Departamento Con Terreza.;5541;CLF;2 dormitorios;1 baño;45 m² útiles;2 dormitorios | 1 baño | 45 m² útiles;Ñuñoa, Diagonal Oriente;
2025-11-29 18:04:09;Ñuñoa;departamento;Venta De Departamento Con Patio, Con Excelente Con...;11219;CLF;3 dormitorios;2 baños;97 m² útiles;3 dormitorios | 2 baños | 97 m² útiles;Ñuñoa, Diagonal Oriente;
2025-11-29 18:04:09;Ñuñoa;departamento;¡tu Nuevo Hogar En Eco Egaña Oriente!;6525;CLF;2 dormitorios;1 baño;53 m² útiles;2 dormitorios | 1 baño | 53 m² útiles;Americo Vespucio, 1 - 300, Plaza Egaña, Ñuñoa;
2025-11-29 18:04:09;Ñuñoa;departamento;Venta De Departamento Con Increíble Vista ;3072;CLF;2 dormitorios;1 baño;43 m² útiles;2 dormitorios | 1 baño | 43 m² útiles;Ñuñoa, Estadio Nacional;
2025-11-29 18:04:09;Ñuñoa;departamento;Venta De Maravilloso Departamento Con Azotea Priva...;10085;CLF;3 dormitorios;2 baños;76 m² útiles;3 dormitorios | 2 baños | 76 m² útiles;Ñuñoa, Diagonal Oriente;
2025-11-29 18:04:09;Ñuñoa;departamento;Venta Departamento Pasos Del Metro Y Con Balcón, Ñ...;7100;CLF;3 dormitorios;2 baños;77 m² útiles;3 dormitorios | 2 baños | 77 m² útiles;Plaza Ñuñoa, Plaza Ñuñoa, Ñuñoa;
2025-11-29 18:04:09;Ñuñoa;departamento;Venta De Departamento Con Patio En Ñuñoa;5734;CLF;2 dormitorios;1 baño;25 m² útiles;2 dormitorios | 1 baño | 25 m² útiles;Ñuñoa, Diagonal Oriente;
2025-11-29 18:04:09;Ñuñoa;departamento;Venta De Maravillo Departamento Con Patio En Ñuñoa;11811;CLF;3 dormitorios;2 baños;77 m² útiles;3 dormitorios | 2 baños | 77 m² útiles;Ñuñoa, Diagonal Oriente;
2025-11-29 18:04:09;Ñuñoa;departamento;Venta Exclusivo Departamento,  En Ñuñoa!;5345;CLF;1 dormitorio;1 baño;53 m² útiles;1 dormitorio | 1 baño | 53 m² útiles;Ñuñoa, Diego De Almagro;
2025-11-29 18:04:09;Ñuñoa;departamento;Venta Departamento Para Inversión ;4990;CLF;1 dormitorio;1 baño;3 m² útiles;1 dormitorio | 1 baño | 3 m² útiles;Ñuñoa, Diagonal Oriente;
2025-11-29 18:04:09;Ñuñoa;departamento;Venta Departamento Casi Nuevo En Ñuñoa;5200;CLF;2 dormitorios;2 baños;49 m² útiles;2 dormitorios | 2 baños | 49 m² útiles;Ñuñoa, Metro Simón Bolivar;
2025-11-29 18:04:09;Ñuñoa;departamento;José Pedro Alessandri/las Palmeras/2d/2b/e/b;5250;CLF;2 dormitorios;2 baños;64 m² útiles;2 dormitorios | 2 baños | 64 m² útiles;Av. José Pedro Alessandri 1295, Ñuñoa, Estadio Nacional, Ñuñoa;
2025-11-29 18:04:09;Ñuñoa;departamento;Jose Domingo Cañas // Estacion De Metro Irarrazaval;198000000;CLP;4 dormitorios;2 baños;97 m² útiles;4 dormitorios | 2 baños | 97 m² útiles;José Domingo Cañas 722, Ñuñoa, Metro Irarrázaval, Ñuñoa;
2025-11-29 18:04:09;Ñuñoa;departamento;Oportunidad A Pasos De Plaza Ñuñoa¡¡;4990;CLF;2 dormitorios;2 baños;45 m² útiles;2 dormitorios | 2 baños | 45 m² útiles;Manuel De Salas 211, Ñuñoa, Región Metropolitana, Chile, Plaza Ñuñoa, Ñuñoa;
2025-11-29 18:04:09;Ñuñoa;departamento;Oportunidad Departamento 2d2b Metro Irarrazaval;5100;CLF;2 dormitorios;2 baños;58 m² útiles;2 dormitorios | 2 baños | 58 m² útiles;METRO IRARRÁZAVAL / IRARRÁZAVAL 200, Metro Irarrázaval, Ñuñoa;
2025-11-29 18:04:09;Ñuñoa;departamento;Los Leones / Hernan Cortes;5850;CLF;2 dormitorios;2 baños;62 m² útiles;2 dormitorios | 2 baños | 62 m² útiles;LOS LEONES / HERNAN CORTES, Plaza Ñuñoa, Ñuñoa;
2025-11-29 18:04:09;Ñuñoa;departamento;Lindo Y Cómodo Depto En Venta En Ñuñoa. Gran Oportunidad.;6650;CLF;2 dormitorios;2 baños;66 m² útiles;2 dormitorios | 2 baños | 66 m² útiles;Av. Sucre 2100 - 2400, Ñuñoa, Metro Ñuñoa, Ñuñoa;
2025-11-29 18:04:09;Ñuñoa;departamento;Pedro De Valdivia // Avda. Sucre;4250;CLF;1 dormitorio;1 baño;38 m² útiles;1 dormitorio | 1 baño | 38 m² útiles;Av. Pedro De Valdivia 2700 - 3000, Metro Ñuñoa, Ñuñoa;
2025-11-29 18:04:09;Ñuñoa;departamento;Departamento En Venta En Ñuñoa;4950;CLF;2 dormitorios;2 baños;57 m² útiles;2 dormitorios | 2 baños | 57 m² útiles;Irarrázaval / Parque Bustamante, Metro Irarrázaval, Ñuñoa;
2025-11-29 18:04:09;Ñuñoa;departamento;San Eugenio // Metro Ñuble;4350;CLF;3 dormitorios;2 baños;68 m² útiles;3 dormitorios | 2 baños | 68 m² útiles;San Eugenio 900 - 1200, Ñuñoa, Parque San Eugenio - Metro Ñuble, Ñuñoa;
2025-11-29 18:04:09;Ñuñoa;departamento;Moderno Dos Dormitorios, Terraza Y Piscina!;6650;CLF;2 dormitorios;2 baños;41 m² útiles;2 dormitorios | 2 baños | 41 m² útiles;San Eugenio, 300 - 600, Metro Ñuñoa, Ñuñoa;
2025-11-29 18:04:41;Ñuñoa;departamento;Departamento 3 Dorm.2 Baños Est Y Bodega Ñuñoa;7800;CLF;3 dormitorios;2 baños;80 m² útiles;3 dormitorios | 2 baños | 80 m² útiles;Echeñique- Brown Norte- Eliecer Parada, Parque Botánico, Ñuñoa;
2025-11-29 18:04:41;Ñuñoa;departamento;Departamento En Venta De 1 Dorm. En Ñuñoa;4200;CLF;1 dormitorio;1 baño;23 m² útiles;1 dormitorio | 1 baño | 23 m² útiles;Venta De Dos (02) Departamentos Tipo Home Studio. Calle Zañartu 1100. Comuna De Ñuñoa., Estadio Nacional, Ñuñoa;
2025-11-29 18:04:41;Ñuñoa;departamento;Departamento En Venta De 3 Dorm. En Ñuñoa;8800;CLF;3 dormitorios;2 baños;81 m² útiles;3 dormitorios | 2 baños | 81 m² útiles;Sucre/Pedro De Valdivia, Metro Ñuñoa, Ñuñoa;
2025-11-29 18:04:41;Ñuñoa;departamento;Departamento En Venta Edificio Baburizza, Ñuñoa.;8250;CLF;3 dormitorios;3 baños;108 m² útiles;3 dormitorios | 3 baños | 108 m² útiles;Pascual Baburizza 595, Ñuñoa, Plaza Egaña, Ñuñoa;
2025-11-29 18:04:41;Ñuñoa;departamento;Luminoso, Acogedor 67,63 M2 2d 2b 1e, 2 Cuadras Metro Eyza;4990;CLF;2 dormitorios;2 baños;62 m² útiles;2 dormitorios | 2 baños | 62 m² útiles;SUCRE CON MANUEL MONTT, Metro Monseñor Eyzaguirre, Ñuñoa;
2025-11-29 18:04:41;Ñuñoa;departamento;Sector Tranquilo A Pasos De Plaza Nuñoa C/estacionam. Y Bod.;5200;CLF;3 dormitorios;2 baños;85 m² útiles;3 dormitorios | 2 baños | 85 m² útiles;Jorge Washington 300 - 600, Ñuñoa, Plaza Ñuñoa, Ñuñoa;
2025-11-29 18:04:41;Ñuñoa;departamento;Departamento En Venta De 2 Dorm. En Ñuñoa;6150;CLF;2 dormitorios;2 baños;51 m² útiles;2 dormitorios | 2 baños | 51 m² útiles;Pedro De Valdivia/Sucre, Metro Ñuñoa, Ñuñoa;
2025-11-29 18:04:41;Ñuñoa;departamento;Lujoso Edificio Boutique;5987;CLF;2 dormitorios;2 baños;41 m² útiles;2 dormitorios | 2 baños | 41 m² útiles;San Eugenio, 300 - 600, Parque San Eugenio - Metro Ñuble, Ñuñoa;
2025-11-29 18:04:41;Ñuñoa;departamento;Departamento Exequiel Fernández Excelente Ubicación;3480;CLF;1 dormitorio;1 baño;42 m² útiles;1 dormitorio | 1 baño | 42 m² útiles;Exequiel Fernández 1555, Santiago, Ñuñoa, Estadio Nacional, Ñuñoa;
2025-11-29 18:04:41;Ñuñoa;departamento;Departamentos En Plaza Egaña;4550;CLF;1 dormitorio;1 baño;37 m² útiles;1 dormitorio | 1 baño | 37 m² útiles;Américo Vespucio, 1 - 300, Plaza Egaña, Ñuñoa;
2025-11-29 18:04:41;Ñuñoa;departamento;Vista Despejada Al Poniente Con Gran Conectividad;7500;CLF;3 dormitorios;2 baños;83 m² útiles;3 dormitorios | 2 baños | 83 m² útiles;Luis Beltrán ,, Metro Monseñor Eyzaguirre, Ñuñoa;
2025-11-29 18:04:41;Ñuñoa;departamento;3d2b Espectacular Vista!! Excelente! Pasos Metro Plaza Egaña;7450;CLF;3 dormitorios;2 baños;130 m² útiles;3 dormitorios | 2 baños | 130 m² útiles;Francisco De Villagra 385, Ñuñoa, Diagonal Oriente, Ñuñoa;
2025-11-29 18:04:41;Ñuñoa;departamento;Oportunidad Tasa Mixta De 3,26% Posibilidad De Novación.;7300;CLF;2 dormitorios;2 baños;79 m² útiles;2 dormitorios | 2 baños | 79 m² útiles;Pascual Baburizza , Ñuñoa,, Ñuñoa;
2025-11-29 18:04:41;Ñuñoa;departamento;Departamento En Venta En Ñuñoa;3900;CLF;3 dormitorios;2 baños;671 m² útiles;3 dormitorios | 2 baños | 671 m² útiles;Alcalde Jorge Monckeberg 1351, Ñuñoa, Villa Los Jardínes - Villa Los Presidentes, Ñuñoa;
2025-11-29 18:04:41;Ñuñoa;departamento;Departamento En Venta De 2 Dorm. En Ñuñoa;4900;CLF;2 dormitorios;2 baños;47 m² útiles;2 dormitorios | 2 baños | 47 m² útiles;METRO MALL PLAZA EGAÑA / IRARRÁZAVAL, Plaza Egaña, Ñuñoa;
2025-11-29 18:04:41;Ñuñoa;departamento;Departamento En Venta 2 Dormitorios En Ñuñoa;4900;CLF;2 dormitorios;1 baño;40 m² útiles;2 dormitorios | 1 baño | 40 m² útiles;METRO MALL PLAZA EGAÑA / IRARRÁZAVAL 5350, Ñuñoa;
2025-11-29 18:04:41;Ñuñoa;departamento;Depto 1d/1b Bellísima Vista En Ñuñoa;3600;CLF;1 dormitorio;1 baño;36 m² útiles;1 dormitorio | 1 baño | 36 m² útiles;Jose Domingo Cañas, 600 - 900, Metro Irarrázaval, Ñuñoa;
2025-11-29 18:04:41;Ñuñoa;departamento;Venta Departamento Con Vista A La Cordillera, Ñuño...;7900;CLF;3 dormitorios;2 baños;75 m² útiles;3 dormitorios | 2 baños | 75 m² útiles;Ñuñoa, Metro Ñuñoa;
2025-11-29 18:04:41;Ñuñoa;departamento;Departamento Manuel De Salas , 2d 2b;4390;CLF;2 dormitorios;2 baños;44 m² útiles;2 dormitorios | 2 baños | 44 m² útiles;Manuel De Salas, 300 - 600, Plaza Ñuñoa, Ñuñoa;
2025-11-29 18:04:41;Ñuñoa;departamento;Moderno Departamento De 2 Dormitorios En Ñuñoa  ¡c...;3760;CLF;2 dormitorios;2 baños;65 m² útiles;2 dormitorios | 2 baños | 65 m² útiles;Ñuñoa, Estadio Nacional;
2025-11-29 18:04:41;Ñuñoa;departamento;Venta Departamento Con Patio, Ñuñoa;8075;CLF;3 dormitorios;2 baños;117 m² útiles;3 dormitorios | 2 baños | 117 m² útiles;Ñuñoa, Metro Simón Bolivar;
2025-11-29 18:04:41;Ñuñoa;departamento;Ñuñoa, Excelente Conectividad Y Orientación;5536;CLF;3 dormitorios;2 baños;80 m² útiles;3 dormitorios | 2 baños | 80 m² útiles;Jaime Guzmán Errázuriz 3000 - 3300, Providencia, Región Metropolitana, Chile, Plaza Ñuñoa, Ñuñoa;
2025-11-29 18:04:41;Ñuñoa;departamento;Plaza Bremen. Departamento De Tres Dormitorios.;7700;CLF;3 dormitorios;2 baños;88 m² útiles;3 dormitorios | 2 baños | 88 m² útiles;Ñuñoa, Plaza Egaña;
2025-11-29 18:04:41;Ñuñoa;departamento;Departamento Con Terraza Y Gran Ubicación En Ñuñoa;5390;CLF;2 dormitorios;2 baños;78 m² útiles;2 dormitorios | 2 baños | 78 m² útiles;Brown Norte / Plaza Ñuñoa, Plaza Ñuñoa, Ñuñoa;
2025-11-29 18:04:41;Ñuñoa;departamento;¡departamento En Venta Con Espectacular Azotea En ...;8000;CLF;3 dormitorios;2 baños;87 m² útiles;3 dormitorios | 2 baños | 87 m² útiles;Ñuñoa, Diagonal Oriente;
2025-11-29 18:04:41;Ñuñoa;departamento;Gran Depto 3d+2b En Ñuñoa!;6300;CLF;3 dormitorios;2 baños;86 m² útiles;3 dormitorios | 2 baños | 86 m² útiles;Ñuñoa, Villa Frei;
2025-11-29 18:04:41;Ñuñoa;departamento;Estupendo Departamento En Venta, Ñuñoa.;6600;CLF;3 dormitorios;2 baños;76 m² útiles;3 dormitorios | 2 baños | 76 m² útiles;Ñuñoa, Metro Ñuñoa;
2025-11-29 18:04:41;Ñuñoa;departamento;Increíble Departamento Con Amplia Terraza En Ñuñoa...;5700;CLF;2 dormitorios;2 baños;56 m² útiles;2 dormitorios | 2 baños | 56 m² útiles;Ñuñoa, Plaza Egaña;
2025-11-29 18:04:41;Ñuñoa;departamento;Última Unidad!!! Depto Nuevo Con Jardín Y Acceso I...;7500;CLF;2 dormitorios;2 baños;66 m² útiles;2 dormitorios | 2 baños | 66 m² útiles;Ñuñoa, Parque Botánico;
2025-11-29 18:04:41;Ñuñoa;departamento;Departamentos Nuevos En Ñuñoa;3375;CLF;1 dormitorio;1 baño;38 m² útiles;1 dormitorio | 1 baño | 38 m² útiles;Brígida Walker, 1800 - 2100, Estadio Nacional, Ñuñoa;
2025-11-29 18:04:41;Ñuñoa;departamento;Venta Departamento Con Vista A La Cordillera, Ñuño...;6300;CLF;2 dormitorios;2 baños;60 m² útiles;2 dormitorios | 2 baños | 60 m² útiles;Ñuñoa, Metro Ñuñoa;
2025-11-29 18:04:41;Ñuñoa;departamento;Venta Departamento Mariposa, En Ñuñoa;5225;CLF;2 dormitorios;2 baños;55 m² útiles;2 dormitorios | 2 baños | 55 m² útiles;Ñuñoa, Plaza Ñuñoa;
2025-11-29 18:04:41;Ñuñoa;departamento;Hermoso Y Acogedor Departamento En Venta, Ñuñoa.;4900;CLF;2 dormitorios;2 baños;63 m² útiles;2 dormitorios | 2 baños | 63 m² útiles;Ñuñoa, Plaza Egaña;
2025-11-29 18:04:41;Ñuñoa;departamento;Venta De Departamento Con Excelente Ubicación Y En...;3200;CLF;1 dormitorio;1 baño;35 m² útiles;1 dormitorio | 1 baño | 35 m² útiles;Ñuñoa, Estadio Nacional;
2025-11-29 18:04:41;Ñuñoa;departamento;Venta Departamento Con Cocina Independiente, Ñuñoa;4085;CLF;2 dormitorios;2 baños;57 m² útiles;2 dormitorios | 2 baños | 57 m² útiles;Ñuñoa, Metro Irarrázaval;
2025-11-29 18:04:41;Ñuñoa;departamento;¡vive Con Estilo Y Confort En Eco Egaña Norte!;6589;CLF;2 dormitorios;1 baño;51 m² útiles;2 dormitorios | 1 baño | 51 m² útiles;Irarrazaval, 5400 - 5700, Plaza Egaña, Ñuñoa;
2025-11-29 18:04:41;Ñuñoa;departamento;Moderno Departamento Con Ubicación Inmejorable En ...;3990;CLF;1 dormitorio;1 baño;38 m² útiles;1 dormitorio | 1 baño | 38 m² útiles;Santiago, Diagonal Oriente, Ñuñoa;
2025-11-29 18:04:41;Ñuñoa;departamento;Oportunidad De Inversión: Departamento Con Alta Re...;4900;CLF;1 dormitorio;1 baño;46 m² útiles;1 dormitorio | 1 baño | 46 m² útiles;Ñuñoa, Metro Ñuñoa;
2025-11-29 18:04:41;Ñuñoa;departamento;En Venta Moderno Departamento Estilo Mariposa, Sec...;4970;CLF;2 dormitorios;2 baños;56 m² útiles;2 dormitorios | 2 baños | 56 m² útiles;Ñuñoa, Villa Frei;
2025-11-29 18:04:41;Ñuñoa;departamento;Moderno Departamento Con Diseño Luminoso En Ñuñoa;6840;CLF;2 dormitorios;2 baños;74 m² útiles;2 dormitorios | 2 baños | 74 m² útiles;Ñuñoa, Metro Ñuñoa;
2025-11-29 18:04:41;Ñuñoa;departamento;Moderno Departamento En Tegualda Ñuñoa;3750;CLF;1 dormitorio;1 baño;38 m² útiles;1 dormitorio | 1 baño | 38 m² útiles;Calle Tegualda, 1800 - 2100, Metro Irarrázaval, Ñuñoa;
2025-11-29 18:04:41;Ñuñoa;departamento;Precioso Dpto Ñuñoa Sucre/salvador 1d/1b/1e/1b;3600;CLF;1 dormitorio;1 baño;45 m² útiles;1 dormitorio | 1 baño | 45 m² útiles;PD482-Avenida Salvador / Esq. Avenida Sucre, 7770230 Ñuñoa, Región Metropolitana, Chile, Metro Irarrázaval, Ñuñoa;
2025-11-29 18:04:41;Ñuñoa;departamento;Inversión En Ñuñoa. En Venta Moderno Departamento ...;7410;CLF;2 dormitorios;2 baños;81 m² útiles;2 dormitorios | 2 baños | 81 m² útiles;Ñuñoa, Plaza Egaña;
2025-11-29 18:04:41;Ñuñoa;departamento;Gran Oportunidad!!! Venta De Departamento Para Inv...;3400;CLF;1 dormitorio;1 baño;33 m² útiles;1 dormitorio | 1 baño | 33 m² útiles;Ñuñoa, Plaza Ñuñoa;
2025-11-29 18:04:41;Ñuñoa;departamento;Metro Rodrigo De Araya Venta Dpto 2d 2b Est Nuñoa;4000;CLF;2 dormitorios;2 baños;49 m² útiles;2 dormitorios | 2 baños | 49 m² útiles;Av. Zañartu, Estadio Nacional, Ñuñoa;
2025-11-29 18:04:41;Ñuñoa;departamento;Venta Departamento Conectado En Ñuñoa, Metro Franc...;5500;CLF;2 dormitorios;2 baños;60 m² útiles;2 dormitorios | 2 baños | 60 m² útiles;Ñuñoa, Diego De Almagro;
2025-11-29 18:04:41;Ñuñoa;departamento;Precioso Y Nuevo Dpto 2d/2b/1e/1b Con Terraza;4700;CLF;2 dormitorios;2 baños;55 m² útiles;2 dormitorios | 2 baños | 55 m² útiles;Los Alerces 3254, Ñuñoa, Juan Gómez Millas, Ñuñoa;
2025-11-29 18:04:41;Ñuñoa;departamento;Venta De Departamento: Vive Cerca De Plaza Ñuñoa;5990;CLF;3 dormitorios;2 baños;76 m² útiles;3 dormitorios | 2 baños | 76 m² útiles;Ñuñoa, Plaza Ñuñoa;
2025-11-29 18:05:33;Ñuñoa;departamento;Oportunidad Venta  2 En 1 / Metro Rodrigo De Araya;4200;CLF;2 dormitorios;2 baños;48 m² útiles;2 dormitorios | 2 baños | 48 m² útiles;Estadio Nacional, Ñuñoa;
2025-11-29 18:05:33;Ñuñoa;departamento;Departamento Venta Echeñique Ñuñoa;4950;CLF;1 dormitorio;1 baño;44 m² útiles;1 dormitorio | 1 baño | 44 m² útiles;Ñuñoa, Metro Simón Bolivar;
2025-11-29 18:05:33;Ñuñoa;departamento;Lindisimo Departamento Julio Prado/rengo-sector Residencial ;7000;CLF;3 dormitorios;3 baños;120 m² útiles;3 dormitorios | 3 baños | 120 m² útiles;Julio Prado 1810, Ñuñoa, Metro Monseñor Eyzaguirre, Ñuñoa;
2025-11-29 18:05:33;Ñuñoa;departamento;Departamento En Venta En Av Eliecer Parada;5990;CLF;2 dormitorios;2 baños;81 m² útiles;2 dormitorios | 2 baños | 81 m² útiles;Av. Eliecer Parada 1105, Ñuñoa, Parque Botánico, Ñuñoa;
2025-11-29 18:05:33;Ñuñoa;departamento;Lindo Dpto Ideal Inversion!;5099;CLF;2 dormitorios;2 baños;48 m² útiles;2 dormitorios | 2 baños | 48 m² útiles;Av. José Pedro Alessandri 433, Ñuñoa, Plaza Ñuñoa, Ñuñoa;
2025-11-29 18:05:33;Ñuñoa;departamento;Ñuñoa/ Metro Monseñor Eyzaguirre;3690;CLF;1 dormitorio;;36 m² útiles;1 dormitorio | 36 m² útiles;METRO MONSEÑOR EYZAGUIRRE / MIGUEL CLARO, Metro Monseñor Eyzaguirre, Ñuñoa;
2025-11-29 18:05:33;Ñuñoa;departamento;Av. Simón Bolívar 5228, Vende Amplio Departamento;5600;CLF;2 dormitorios;2 baños;60 m² útiles;2 dormitorios | 2 baños | 60 m² útiles;Avenida Simón Bolívar 5228, Ñuñoa, Chile, Metro Simón Bolivar, Ñuñoa;
2025-11-29 18:05:33;Ñuñoa;departamento;Av. Grecia 4401 Vende Dpto. Con Piscina;4250;CLF;3 dormitorios;2 baños;71 m² útiles;3 dormitorios | 2 baños | 71 m² útiles;Av. Grecia 4401, Ñuñoa, Chile, Villa Los Jardínes - Villa Los Presidentes, Ñuñoa;
2025-11-29 18:05:33;Ñuñoa;departamento;Vista Despejada, Cocina Integrada Juan Moya;3300;CLF;1 dormitorio;1 baño;37 m² útiles;1 dormitorio | 1 baño | 37 m² útiles;Juan Moya Morales ,, Parque Juan XXIII, Ñuñoa;
2025-11-29 18:05:33;Ñuñoa;departamento;Con Bono Pie En Ñuñoa;3890;CLF;1 dormitorio;1 baño;32 m² útiles;1 dormitorio | 1 baño | 32 m² útiles;Los Alerces, 3000 - 3300, Juan Gómez Millas, Ñuñoa;
2025-11-29 18:05:33;Ñuñoa;departamento;Av. Irarrazaval // Metro Monseñor Eyzaguirre;4690;CLF;2 dormitorios;2 baños;8 m² útiles;2 dormitorios | 2 baños | 8 m² útiles;Av. Irarrázaval 1989, Ñuñoa, Metro Monseñor Eyzaguirre, Ñuñoa;
2025-11-29 18:05:33;Ñuñoa;departamento;Venta Departamento Recién Remodelado!!;3673;CLF;3 dormitorios;2 baños;97 m² útiles;3 dormitorios | 2 baños | 97 m² útiles;Estadio Nacional, Estadio Nacional, Ñuñoa;
2025-11-29 18:05:33;Ñuñoa;departamento;Venta Departamento Cerca Del Teresiano Y La Salle,...;6800;CLF;3 dormitorios;2 baños;76 m² útiles;3 dormitorios | 2 baños | 76 m² útiles;Ñuñoa, Metro Simón Bolivar;
2025-11-29 18:05:33;Ñuñoa;departamento;¡amplio Y Acogedor! Oportunidad De Venta En Ñuñoa;4690;CLF;2 dormitorios;2 baños;65 m² útiles;2 dormitorios | 2 baños | 65 m² útiles;Ñuñoa, Metro Ñuñoa;
2025-11-29 18:05:33;Ñuñoa;departamento;¡venta Departamento En Ñuñoa Con Espectacular Vist...;4595;CLF;2 dormitorios;2 baños;57 m² útiles;2 dormitorios | 2 baños | 57 m² útiles;Ñuñoa, Parque Juan XXIII;
2025-11-29 18:05:33;Ñuñoa;departamento;Venta De Moderno Departamento Con Vista Despejada ...;5100;CLF;2 dormitorios;2 baños;57 m² útiles;2 dormitorios | 2 baños | 57 m² útiles;Ñuñoa, Plaza Ñuñoa;
2025-11-29 18:05:33;Ñuñoa;departamento;Hermoso Depto Primer Piso Con Patio Privado. Venta...;9500;CLF;3 dormitorios;2 baños;135 m² útiles;3 dormitorios | 2 baños | 135 m² útiles;Ñuñoa, Parque Juan XXIII;
2025-11-29 18:05:33;Ñuñoa;departamento;Depto En Venta En Ñuñoa. Hermoso Y Cómodo. ;6400;CLF;3 dormitorios;2 baños;85 m² útiles;3 dormitorios | 2 baños | 85 m² útiles;Ñuñoa, Metro Ñuñoa;
2025-11-29 18:05:33;Ñuñoa;departamento;Venta De Departamento Moderno Y Cómodo A Pasos De ...;6500;CLF;3 dormitorios;2 baños;76 m² útiles;3 dormitorios | 2 baños | 76 m² útiles;Ñuñoa, Parque Juan XXIII;
2025-11-29 18:05:33;Ñuñoa;departamento;Venta En Ñuñoa. Cómodo Departamento, Con Preciosa ...;5500;CLF;3 dormitorios;2 baños;76 m² útiles;3 dormitorios | 2 baños | 76 m² útiles;Ñuñoa;
2025-11-29 18:05:33;Ñuñoa;departamento;Acogedor Departamento En Venta En El Corazón De Ñu...;4180;CLF;2 dormitorios;2 baños;54 m² útiles;2 dormitorios | 2 baños | 54 m² útiles;Ñuñoa, Metro Monseñor Eyzaguirre;
2025-11-29 18:05:33;Ñuñoa;departamento;Venta De Amplio Departamento De 2d Con Patio Y 2 E...;7000;CLF;2 dormitorios;2 baños;66 m² útiles;2 dormitorios | 2 baños | 66 m² útiles;Ñuñoa, Parque Juan XXIII;
2025-11-29 18:05:33;Ñuñoa;departamento;Venta Departamento Mariposa, Ñuñoa;5700;CLF;2 dormitorios;2 baños;55 m² útiles;2 dormitorios | 2 baños | 55 m² útiles;Ñuñoa, Metro Monseñor Eyzaguirre;
2025-11-29 18:05:33;Ñuñoa;departamento;Moderno Departamento En Venta. Sector Campus Orien...;3750;CLF;1 dormitorio;1 baño;38 m² útiles;1 dormitorio | 1 baño | 38 m² útiles;Ñuñoa;
2025-11-29 18:05:33;Ñuñoa;departamento;Venta Departamento Tipo Mariposa.;7260;CLF;2 dormitorios;2 baños;71 m² útiles;2 dormitorios | 2 baños | 71 m² útiles;Ñuñoa, Diego De Almagro;
2025-11-29 18:05:33;Ñuñoa;departamento;Venta Departamento Cercano Al Campus Oriente, Ñuño...;5600;CLF;2 dormitorios;2 baños;60 m² útiles;2 dormitorios | 2 baños | 60 m² útiles;Ñuñoa;
2025-11-29 18:05:33;Ñuñoa;departamento;Departamento En Venta De 1 Dorm. En Ñuñoa, Ideal Inversión;3250;CLF;1 dormitorio;1 baño;30 m² útiles;1 dormitorio | 1 baño | 30 m² útiles;Irarrázaval Entre Diagonal Oriente Y Hamburgo, Cercano A Plaza Egaña, Plaza Egaña, Ñuñoa;
2025-11-29 18:05:33;Ñuñoa;departamento;Remodelado En Torre Interior, A 13 Min. Metro Inés De Suárez;6100;CLF;3 dormitorios;2 baños;68 m² útiles;3 dormitorios | 2 baños | 68 m² útiles;Av. Pedro De Valdivia ,, Metro Ñuñoa, Ñuñoa;
2025-11-29 18:05:33;Ñuñoa;departamento;Oportunidad Inversión Tasa Fija De 2,54%posibilidad Novación;5950;CLF;2 dormitorios;2 baños;64 m² útiles;2 dormitorios | 2 baños | 64 m² útiles;Pedro Torres, Parque Juan XXIII, Ñuñoa;
2025-11-29 18:05:33;Ñuñoa;departamento;Depto. Semi Nuevo Con Gran Patio En Ñuñoa;7500;CLF;2 dormitorios;2 baños;79 m² útiles;2 dormitorios | 2 baños | 79 m² útiles;La Verbena ,, Diego De Almagro, Ñuñoa;
2025-11-29 18:05:33;Ñuñoa;departamento;Departamento En Venta En Ñuñoa Con Terraza;3900;CLF;3 dormitorios;2 baños;61 m² útiles;3 dormitorios | 2 baños | 61 m² útiles;Alcalde Jorge Monckeberg, Ñuñoa, Villa Frei, Ñuñoa;
2025-11-29 18:05:33;Ñuñoa;departamento;En Venta Ñuñoa. Clásico Depto. En Barrio Pucará.;6500;CLF;3 dormitorios;2 baños;70 m² útiles;3 dormitorios | 2 baños | 70 m² útiles;Ñuñoa, Parque Botánico;
2025-11-29 18:05:33;Ñuñoa;departamento;Venta Departamento Mariposa, Ñuñoa;4700;CLF;2 dormitorios;2 baños;60 m² útiles;2 dormitorios | 2 baños | 60 m² útiles;Ñuñoa, Parque Juan XXIII;
2025-11-29 18:05:33;Ñuñoa;departamento;Venta: Departamento En Ñuñoa. Con Patio Y Dos Esta...;9700;CLF;3 dormitorios;2 baños;85 m² útiles;3 dormitorios | 2 baños | 85 m² útiles;Ñuñoa, Amapolas;
2025-11-29 18:05:33;Ñuñoa;departamento;Vive Con Estilo, Comodidad Y Gran Conectividad;4400;CLF;2 dormitorios;2 baños;61 m² útiles;2 dormitorios | 2 baños | 61 m² útiles;Mujica, 1 - 300, Metro Irarrázaval, Ñuñoa;
2025-11-29 18:05:33;Ñuñoa;departamento;Departamento En Venta En Ñuñoa. Oportunidad!;4100;CLF;2 dormitorios;2 baños;58 m² útiles;2 dormitorios | 2 baños | 58 m² útiles;Ñuñoa, Metro Monseñor Eyzaguirre;
2025-11-29 18:05:33;Ñuñoa;departamento;Departamento En Venta De 2 Dorm. En Ñuñoa;5500;CLF;2 dormitorios;2 baños;65 m² útiles;2 dormitorios | 2 baños | 65 m² útiles;Jose Manuel Infante, Metro Monseñor Eyzaguirre, Ñuñoa;
2025-11-29 18:05:33;Ñuñoa;departamento;Metro Monseñor Eyzaguirre/dublé Almeyda/3d/2b/e/b;5500;CLF;3 dormitorios;3 baños;82 m² útiles;3 dormitorios | 3 baños | 82 m² útiles;Dublé Almeyda 1617, Ñuñoa, Metro Monseñor Eyzaguirre, Ñuñoa;
2025-11-29 18:05:33;Ñuñoa;departamento;Encantador E Iluminado Departamento En Venta!;7590;CLF;3 dormitorios;2 baños;98 m² útiles;3 dormitorios | 2 baños | 98 m² útiles;Ñuñoa, Plaza Egaña;
2025-11-29 18:05:33;Ñuñoa;departamento;Venta Moderno Departamento Con Excelente Conectivi...;7200;CLF;3 dormitorios;2 baños;90 m² útiles;3 dormitorios | 2 baños | 90 m² útiles;Ñuñoa, Plaza Egaña;
2025-11-29 18:05:33;Ñuñoa;departamento;Departamento En Venta De 1 Dorm. En Ñuñoa;3390;CLF;1 dormitorio;1 baño;40 m² útiles;1 dormitorio | 1 baño | 40 m² útiles;Alcalde Eduardo Castillo Velasco / Juan Gómez Milla /Exequiel Fernández/José Pedro Alessandri, Estadio Nacional, Ñuñoa;
2025-11-29 18:05:33;Ñuñoa;departamento;Moderno Depto. Estilo Mariposa En Chile España;4900;CLF;2 dormitorios;2 baños;52 m² útiles;2 dormitorios | 2 baños | 52 m² útiles;Chile España ,, Plaza Ñuñoa, Ñuñoa;
2025-11-29 18:05:33;Ñuñoa;departamento;Excelente Departamento En Venta Jorge Monckeberg Ñ...;3200;CLF;1 dormitorio;1 baño;37 m² útiles;1 dormitorio | 1 baño | 37 m² útiles;Ñuñoa, Villa Frei;
2025-11-29 18:05:33;Ñuñoa;departamento;En Venta Maravilloso Departamento Familiar!;6650;CLF;3 dormitorios;2 baños;82 m² útiles;3 dormitorios | 2 baños | 82 m² útiles;Ñuñoa, Plaza Egaña;
2025-11-29 18:05:33;Ñuñoa;departamento;¡espacio, Comodidad Y Ubicación Privilegiada En Ñuñoa!;9990;CLF;3 dormitorios;3 baños;120 m² útiles;3 dormitorios | 3 baños | 120 m² útiles;Prof. Rodolfo Lenz 586, 7790609 Ñuñoa, Región Metropolitana, Chile, Plaza Ñuñoa, Ñuñoa;
2025-11-29 18:05:33;Ñuñoa;departamento;Lindo Dp. Mariposa (2 Suites) /estacionam/bodega/cerca Metro;4200;CLF;2 dormitorios;2 baños;58 m² útiles;2 dormitorios | 2 baños | 58 m² útiles;Los Cerezos 1 - 300, Ñuñoa, Villa Frei, Ñuñoa;
2025-11-29 18:05:33;Ñuñoa;departamento;Jorge Monckeberg 1351 Vende Departamento;3500;CLF;2 dormitorios;1 baño;53 m² útiles;2 dormitorios | 1 baño | 53 m² útiles;Alcalde Jorge Monckeberg 1351, Ñuñoa, Villa Los Jardínes - Villa Los Presidentes, Ñuñoa;
2025-11-29 18:05:48;Ñuñoa;departamento;Oportunidad Tasa Fija De 2,45% Posibilidad De Novación;6650;CLF;3 dormitorios;2 baños;85 m² útiles;3 dormitorios | 2 baños | 85 m² útiles;Coventry, Metro Simón Bolivar, Ñuñoa;
2025-11-29 18:05:48;Ñuñoa;departamento;Espectacular Departamento En Venta, Ñuñoa.;3200;CLF;1 dormitorio;1 baño;39 m² útiles;1 dormitorio | 1 baño | 39 m² útiles;Santiago, Metro Irarrázaval, Ñuñoa;
2025-11-29 18:05:48;Ñuñoa;departamento;Rebajado Depto, Excelente Ubicación, A Pasos De Plaza Ñuñoa ;4495;CLF;2 dormitorios;2 baños;60 m² útiles;2 dormitorios | 2 baños | 60 m² útiles;Sta. Julia 1 - 300, Ñuñoa, Parque Juan XXIII, Ñuñoa;
2025-11-29 18:05:48;Ñuñoa;departamento;Venta De Departamento En Ñuñoa Con Patio Privado, ...;4250;CLF;1 dormitorio;1 baño;40 m² útiles;1 dormitorio | 1 baño | 40 m² útiles;Ñuñoa, Diagonal Oriente;
2025-11-29 18:05:48;Ñuñoa;departamento;Moderno Depto. Semi Nuevo Muy Cerca De Plaza Ñuñoa;5700;CLF;2 dormitorios;2 baños;68 m² útiles;2 dormitorios | 2 baños | 68 m² útiles;Los Talaveras ,, Parque Juan XXIII, Ñuñoa;
2025-11-29 18:05:48;Ñuñoa;departamento;Moderno Y Seminuevo En Barrio Residencial;6300;CLF;2 dormitorios;2 baños;68 m² útiles;2 dormitorios | 2 baños | 68 m² útiles;Hamburgo, Amapolas, Ñuñoa;
2025-11-29 18:05:48;Ñuñoa;departamento;Departamento En Venta 1d/1b. Av.holanda 3545.ñuñoa.*uf2.900*;2800;CLF;1 dormitorio;1 baño;33 m² útiles;1 dormitorio | 1 baño | 33 m² útiles;Av. Holanda 3545. Comuna De Ñuñoa, Plaza Ñuñoa, Ñuñoa;
2025-11-29 18:05:48;Ñuñoa;departamento;Holanda // Simon Bolivar;208000000;CLP;2 dormitorios;2 baños;74 m² útiles;2 dormitorios | 2 baños | 74 m² útiles;Holanda 3000 - 3300, Ñuñoa, Plaza Ñuñoa, Ñuñoa;
2025-11-29 18:05:48;Ñuñoa;departamento;Oportunidad Tasa Fija De 3,2% Posibilidad De Novación.;6100;CLF;2 dormitorios;2 baños;72 m² útiles;2 dormitorios | 2 baños | 72 m² útiles;Hamburgo ,, Plaza Egaña, Ñuñoa;
2025-11-29 18:05:48;Ñuñoa;departamento;Oportunidad De Inversión;4050;CLF;2 dormitorios;2 baños;42 m² útiles;2 dormitorios | 2 baños | 42 m² útiles;Av. Sucre Con Pedro De Valdivia, 0, Metro Ñuñoa, Ñuñoa;
2025-11-29 18:05:48;Ñuñoa;departamento;Moderno Departamento Con Estacionamiento En Ñuñoa;2700;CLF;1 dormitorio;1 baño;34 m² útiles;1 dormitorio | 1 baño | 34 m² útiles;Ñuñoa, Estadio Nacional;
2025-11-29 18:05:48;Ñuñoa;departamento;Venta Departamento Con Vista Despejada, Ñuñoa;4900;CLF;2 dormitorios;2 baños;58 m² útiles;2 dormitorios | 2 baños | 58 m² útiles;Ñuñoa, Plaza Egaña;
2025-11-29 18:05:48;Ñuñoa;departamento;Amplio Duplex En Venta. Ñuñoa;4500;CLF;3 dormitorios;2 baños;98 m² útiles;3 dormitorios | 2 baños | 98 m² útiles;Ñuñoa, Metro Irarrázaval;
2025-11-29 18:05:48;Ñuñoa;departamento;Departamento Luminoso Con 2 Dormitorios En El Cora...;4680;CLF;2 dormitorios;2 baños;67 m² útiles;2 dormitorios | 2 baños | 67 m² útiles;Ñuñoa, Metro Monseñor Eyzaguirre;
2025-11-29 18:05:48;Ñuñoa;departamento;Departamento En Venta En Metro Ñuñoa;4700;CLF;2 dormitorios;2 baños;65 m² útiles;2 dormitorios | 2 baños | 65 m² útiles;METRO ÑUÑOA - IRARRÁZABAL CON MANUEL MONTT, Metro Monseñor Eyzaguirre, Ñuñoa;
2025-11-29 18:05:48;Ñuñoa;departamento;Departamento En Venta En Ñuñoa;3800;CLF;1 dormitorio;1 baño;33 m² útiles;1 dormitorio | 1 baño | 33 m² útiles;IRARRAZABAL METRO ÑUÑOA, Metro Ñuñoa, Ñuñoa;
2025-11-29 18:05:48;Ñuñoa;departamento;Departamento En Venta En Villa Frei Ñuñoa;3950;CLF;1 dormitorio;1 baño;39 m² útiles;1 dormitorio | 1 baño | 39 m² útiles;AV IRRARÁZAVAL, Villa Frei, Ñuñoa;
2025-11-29 18:05:48;Ñuñoa;departamento;Departamento En Venta En José Domingo Cañas;4889;CLF;3 dormitorios;2 baños;66 m² útiles;3 dormitorios | 2 baños | 66 m² útiles;José Domingo Cañas 300 - 600, Ñuñoa, Metro Irarrázaval, Ñuñoa;
2025-11-29 18:05:48;Ñuñoa;departamento;A Pasos Del Metro Ñuñoa Con 1 Estacionamiento Y 1 Bodega ;3600;CLF;1 dormitorio;1 baño;43 m² útiles;1 dormitorio | 1 baño | 43 m² útiles;Av. Irarrázaval 2220, Ñuñoa, Metro Ñuñoa, Ñuñoa;
2025-11-29 18:05:48;Ñuñoa;departamento;Departamento En Venta En Juan Gómez Millas;4240;CLF;2 dormitorios;1 baño;62 m² útiles;2 dormitorios | 1 baño | 62 m² útiles;Avenida José Pedro Alessandri 1500 - 1800, Ñuñoa, Chile, Juan Gómez Millas, Ñuñoa;
2025-11-29 18:05:48;Ñuñoa;departamento;Ideal Inversionistas. Departamento Estudio A Pasos Del Metro;2850;CLF;1 dormitorio;1 baño;33 m² útiles;1 dormitorio | 1 baño | 33 m² útiles;Augusto Villanueva 1 - 300, Ñuñoa, Parque Juan XXIII, Ñuñoa;
2025-11-29 18:05:48;Ñuñoa;departamento;Departamento En Venta En Ñuñoa;3500;CLF;3 dormitorios;1 baño;85 m² útiles;3 dormitorios | 1 baño | 85 m² útiles;Av. Carlos Dittborn 818, Ñuñoa, Parque San Eugenio - Metro Ñuble, Ñuñoa;
2025-11-29 18:05:48;Ñuñoa;departamento;Departamento En Venta De 1 Dorm. En Ñuñoa;3700;CLF;1 dormitorio;1 baño;33 m² útiles;1 dormitorio | 1 baño | 33 m² útiles;AMPLIO Y CON TERRAZA *FRENTE A ESTACIÓN METRO CHILE ESPAÑA*, Plaza Ñuñoa, Ñuñoa;
2025-11-29 18:05:48;Ñuñoa;departamento;Excelente Departamento En Venta En Ñuñoa Para Inversión!!;5500;CLF;2 dormitorios;2 baños;62 m² útiles;2 dormitorios | 2 baños | 62 m² útiles;Monseñor Eyzaguirre 1 - 300, Ñuñoa, Metro Monseñor Eyzaguirre, Ñuñoa;
2025-11-29 18:05:48;Ñuñoa;departamento;En Venta Depto 1d+1b!! Zañartu 1905, Ñuñoa;2800;CLF;1 dormitorio;1 baño;38 m² útiles;1 dormitorio | 1 baño | 38 m² útiles;ZAÑARTU 1905, Estadio Nacional, Ñuñoa;
2025-11-29 18:05:48;Ñuñoa;departamento;Departamento En Venta En Estadio Nacional Con Terraza;5000;CLF;2 dormitorios;2 baños;59 m² útiles;2 dormitorios | 2 baños | 59 m² útiles;Exequiel Fernández 600 - 900, Santiago, Ñuñoa, Estadio Nacional, Ñuñoa;
2025-11-29 18:05:48;Ñuñoa;departamento;Depto. Home Estudio + Est. + Bodedga - Dr. Joh.ow / Grecia;2650;CLF;1 dormitorio;1 baño;27 m² útiles;1 dormitorio | 1 baño | 27 m² útiles;DOCTOR JOHOW 995, Juan Gómez Millas, Ñuñoa;
2025-11-29 18:05:48;Ñuñoa;departamento;Vendo Acogedor Dpto 110,7m2 3d 2b 1e 1bx Metro Ñuñoa;9420;CLF;3 dormitorios;2 baños;100 m² útiles;3 dormitorios | 2 baños | 100 m² útiles;Capitan Orella Y Av Pedro De Valdivia Metro Ñuñoa, Metro Ñuñoa, Ñuñoa;
2025-11-29 18:05:48;Ñuñoa;departamento;Departamento En Venta En Plaza Ñuñoa;7100;CLF;3 dormitorios;2 baños;83 m² útiles;3 dormitorios | 2 baños | 83 m² útiles;Ángel Pino 3300 - 3600, Ñuñoa, Plaza Ñuñoa, Ñuñoa;
2025-11-29 18:05:48;Ñuñoa;departamento;Departamento En Venta Estadio Nacional Terraza;5150;CLF;2 dormitorios;2 baños;59 m² útiles;2 dormitorios | 2 baños | 59 m² útiles;Exequiel Fernández 881, Ñuñoa, Santiago, Chile, Estadio Nacional, Ñuñoa;
2025-11-29 18:05:48;Ñuñoa;departamento;Departamento En Venta Frente Colegio la salle Cod. 41199;5812;CLF;2 dormitorios;2 baños;61 m² útiles;2 dormitorios | 2 baños | 61 m² útiles;Av. Ossa 900 - 1200, Ñuñoa, Metro Simón Bolivar, Ñuñoa;
2025-11-29 18:05:48;Ñuñoa;departamento;Dpto En Venta En Metro Irarrázaval Cod. 1204;4350;CLF;1 dormitorio;1 baño;46 m² útiles;1 dormitorio | 1 baño | 46 m² útiles;General Bustamante 772 - Departamento 1204, Metro Irarrázaval, Ñuñoa;
2025-11-29 18:05:48;Ñuñoa;departamento;Departamento En Venta En Diagonal Oriente Ñuñoa;4500;CLF;1 dormitorio;1 baño;42 m² útiles;1 dormitorio | 1 baño | 42 m² útiles;San Jorge 60, Diagonal Oriente, Ñuñoa;
2025-11-29 18:05:48;Ñuñoa;departamento;Departamento 3 Dormitorios En Ñuñoa Para Inversión!!;8990;CLF;3 dormitorios;2 baños;104 m² útiles;3 dormitorios | 2 baños | 104 m² útiles;Heriberto Covarrubias 300 - 600, Ñuñoa, Plaza Egaña, Ñuñoa;
2025-11-29 18:05:48;Ñuñoa;departamento;Depto.  Ñuñoa  -1er Piso- Gran Patio Privado;9700;CLF;3 dormitorios;3 baños;93 m² útiles;3 dormitorios | 3 baños | 93 m² útiles;Hamburgo, 1800 - 2100, Diego De Almagro, Ñuñoa;
2025-11-29 18:05:48;Ñuñoa;departamento;Depto. En Venta De 3 Dorm. Simon Bolivar*con Estacionamiento;6700;CLF;3 dormitorios;2 baños;84 m² útiles;3 dormitorios | 2 baños | 84 m² útiles;SIMON BOLIVAR**Metro Chile España**3 Dormitorios Con Estacionamiento Y Bodega, Plaza Ñuñoa, Ñuñoa;
2025-11-29 18:05:48;Ñuñoa;departamento;Departamento En Venta En Ñuñoa;8000;CLF;3 dormitorios;2 baños;115 m² útiles;3 dormitorios | 2 baños | 115 m² útiles;Suecia 3440, Ñuñoa, Plaza Ñuñoa, Ñuñoa;
2025-11-29 18:05:48;Ñuñoa;departamento;Hamburgo Con Irarrázaval, Nororiente;5200;CLF;2 dormitorios;2 baños;62 m² útiles;2 dormitorios | 2 baños | 62 m² útiles;Av. Irarrázaval 5100 - 5400, La Reina, Ñuñoa, Plaza Egaña, Ñuñoa;
2025-11-29 18:05:48;Ñuñoa;departamento;Vendo Departamento José Pedro Alessandri 433, Ñuñoa.;145000000;CLP;1 dormitorio;1 baño;38 m² útiles;1 dormitorio | 1 baño | 38 m² útiles;Av. José Pedro Alessandri 433, Ñuñoa, Plaza Ñuñoa, Ñuñoa;
2025-11-29 18:05:48;Ñuñoa;departamento;Departamento En Venta San Eugenio Ñuñoa Piscina;4400;CLF;2 dormitorios;2 baños;59 m² útiles;2 dormitorios | 2 baños | 59 m² útiles;San Eugenio 1209, Ñuñoa, Chile, Parque San Eugenio - Metro Ñuble, Ñuñoa;
2025-11-29 18:05:48;Ñuñoa;departamento;Departamento En Venta San Eugenio Ñuñoa Piscina;3300;CLF;2 dormitorios;1 baño;49 m² útiles;2 dormitorios | 1 baño | 49 m² útiles;San Eugenio 1209, Ñuñoa, Chile, Parque San Eugenio - Metro Ñuble, Ñuñoa;
2025-11-29 18:05:48;Ñuñoa;departamento;Departamento Venta San Eugenio 1209 Ñuñoa Balcón;3100;CLF;1 dormitorio;1 baño;40 m² útiles;1 dormitorio | 1 baño | 40 m² útiles;San Eugenio 1209, Ñuñoa, Chile, Parque San Eugenio - Metro Ñuble, Ñuñoa;
2025-11-29 18:05:48;Ñuñoa;departamento;Rentabilidad 6% Real, Exento Impuesto, Metro Plaza Egaña;12780;CLF;3 dormitorios;3 baños;125 m² útiles;3 dormitorios | 3 baños | 125 m² útiles;Pl. Egaña, Ñuñoa, Plaza Egaña, Ñuñoa;
2025-11-29 18:05:48;Ñuñoa;departamento;Avenida Grecia / Estacion De Metro Irarrazaval;88000000;CLP;1 dormitorio;1 baño;33 m² útiles;1 dormitorio | 1 baño | 33 m² útiles;Av. Grecia 300 - 600, Ñuñoa, Parque San Eugenio - Metro Ñuble, Ñuñoa;
2025-11-29 18:05:48;Ñuñoa;departamento;En Venta Departamento Frente A Metro Ñuñoa, Sin Comisión.;3750;CLF;1 dormitorio;1 baño;35 m² útiles;1 dormitorio | 1 baño | 35 m² útiles;Av. Irarrázaval 2368, 7.7706e+06 - 7.7709e+06 Ñuñoa, Región Metropolitana, Chile, Metro Ñuñoa, Ñuñoa;
2025-11-29 18:05:48;Ñuñoa;departamento;Vista Despejada - Metro Plaza Egaña;7000;CLF;3 dormitorios;2 baños;111 m² totales;3 dormitorios | 2 baños | 111 m² totales;Francisco De Villagra 268, Plaza Egaña, Ñuñoa;
2025-11-29 18:05:48;Ñuñoa;departamento;Departamento Venta 3d 2b 1e 1bx Metro Mons Eyzaguirre Ñuñoa;6640;CLF;3 dormitorios;2 baños;85 m² útiles;3 dormitorios | 2 baños | 85 m² útiles;Dublé Almeyda Cercano A Metro Mon. Eyzaguirre, Metro Monseñor Eyzaguirre, Ñuñoa;
2025-11-29 18:05:48;Ñuñoa;departamento;Excelente Vista;4500;CLF;2 dormitorios;2 baños;55 m² totales;2 dormitorios | 2 baños | 55 m² totales;Los Alerces 2222, Estadio Nacional, Ñuñoa;
2025-11-29 18:06:23;Ñuñoa;departamento;Departamento En Venta En Irarrázaval - Montenegro Terraza;5999;CLF;3 dormitorios;2 baños;69 m² útiles;3 dormitorios | 2 baños | 69 m² útiles;Av. Irarrázaval 4200, Ñuñoa, Parque Juan XXIII, Ñuñoa;
2025-11-29 18:06:23;Ñuñoa;departamento;Departamento En Venta En Ñuñoa;5650;CLF;2 dormitorios;2 baños;61 m² útiles;2 dormitorios | 2 baños | 61 m² útiles;Dublé Almeyda 2621, Ñuñoa, Metro Ñuñoa, Ñuñoa;
2025-11-29 18:06:23;Ñuñoa;departamento;Amplio Luminoso Dpto Ñuñoa Cercano Metro;5590;CLF;3 dormitorios;2 baños;81 m² útiles;3 dormitorios | 2 baños | 81 m² útiles;Luis Uribe 2320, Ñuñoa, Chile, Metro Ñuñoa, Ñuñoa;
2025-11-29 18:06:23;Ñuñoa;departamento;Vive En Barrio Italia!;4500;CLF;1 dormitorio;1 baño;43 m² útiles;1 dormitorio | 1 baño | 43 m² útiles;AVENIDA ITALIA 2025, Metro Irarrázaval, Ñuñoa;
2025-11-29 18:06:23;Ñuñoa;departamento;Dpto. Ñuñoa, 3d,2b, Estac. Cerca Metro.;5690;CLF;3 dormitorios;2 baños;81 m² útiles;3 dormitorios | 2 baños | 81 m² útiles;Luis Uribe 2320, Ñuñoa, Chile, Metro Ñuñoa, Ñuñoa;
2025-11-29 18:06:23;Ñuñoa;departamento;Lindo Departamento Duplex En Ñuñoa!!;4890;CLF;3 dormitorios;2 baños;95 m² útiles;3 dormitorios | 2 baños | 95 m² útiles;Dublé Almeyda 4500 - 4800, Santiago, Ñuñoa, Chile, Villa Frei, Ñuñoa;
2025-11-29 18:06:23;Ñuñoa;departamento;Confortable, Moderno Y Bien Ubicado;3800;CLF;1 dormitorio;1 baño;45 m² útiles;1 dormitorio | 1 baño | 45 m² útiles;José Luis Araneda 1 - 300, Ñuñoa, Metro Ñuñoa, Ñuñoa;
2025-11-29 18:06:23;Ñuñoa;departamento;Impecable, Linda Vista De Altura Y Cerca De Todo ;3600;CLF;1 dormitorio;1 baño;43 m² útiles;1 dormitorio | 1 baño | 43 m² útiles;José Luis Araneda 21, 7770513 Santiago, Ñuñoa, Región Metropolitana, Chile, Ñuñoa;
2025-11-29 18:06:23;Ñuñoa;departamento;Oportunidad! 4d/3b, Último Piso Con Triple Orientación;6490;CLF;4 dormitorios;3 baños;99 m² útiles;4 dormitorios | 3 baños | 99 m² útiles;Miguel Claro ,, Metro Monseñor Eyzaguirre, Ñuñoa;
2025-11-29 18:06:23;Ñuñoa;departamento;Vista Despejada, Cómodos Espacios;6440;CLF;3 dormitorios;2 baños;70 m² útiles;3 dormitorios | 2 baños | 70 m² útiles;PUCARA 5310, Metro Simón Bolivar, Ñuñoa;
2025-11-29 18:06:23;Ñuñoa;departamento;Hermoso Depto. Al Lado De Plaza Zañartu - 1d1b Vida Familiar;2800;CLF;1 dormitorio;1 baño;34 m² útiles;1 dormitorio | 1 baño | 34 m² útiles;Zañartu 2560, Ñuñoa, Estadio Nacional, Ñuñoa;
2025-11-29 18:06:23;Ñuñoa;departamento;Moderno Departamento Venta 3 Dormitorios. Ñuñoa;7200;CLF;3 dormitorios;2 baños;84 m² útiles;3 dormitorios | 2 baños | 84 m² útiles;Simon Bolivar, Ñuñoa, Ñuñoa;
2025-11-29 18:06:23;Ñuñoa;departamento;Departamento En Venta En Estadio Nacional Ñuñoa;3640;CLF;2 dormitorios;2 baños;45 m² útiles;2 dormitorios | 2 baños | 45 m² útiles;Zañartu 1100, Ñuñoa, Estadio Nacional, Ñuñoa;
2025-11-29 18:06:23;Ñuñoa;departamento;Departamento En Venta En Plaza Ñuñoa, Ñuñoa;4550;CLF;2 dormitorios;1 baño;61 m² útiles;2 dormitorios | 1 baño | 61 m² útiles;Holanda 3776, Ñuñoa, Santiago, Plaza Ñuñoa, Ñuñoa;
2025-11-29 18:06:23;Ñuñoa;departamento;Departamento 3 Dormitorios A 5 Minutos Metro;5490;CLF;3 dormitorios;2 baños;69 m² útiles;3 dormitorios | 2 baños | 69 m² útiles;José Manuel Infante 2320, Ñuñoa, Metro Monseñor Eyzaguirre, Ñuñoa;
2025-11-29 18:06:23;Ñuñoa;departamento;Se Vende Departamento Ñuñoa, Metro Rodrigo De Araya;2390;CLF;1 dormitorio;1 baño;33 m² útiles;1 dormitorio | 1 baño | 33 m² útiles;Estadio Nacional, Ñuñoa;
2025-11-29 18:06:23;Ñuñoa;departamento;Dpto En Venta En Ñuñoa  2 Dorm Dr. Johow / Av. Grecia;4200;CLF;2 dormitorios;2 baños;55 m² útiles;2 dormitorios | 2 baños | 55 m² útiles;DR. JOHOW / AV. GRECIA, Juan Gómez Millas, Ñuñoa;
2025-11-29 18:06:23;Ñuñoa;departamento;Se Vende Departamento Ñuñoa, Hamburgo;3700;CLF;3 dormitorios;1 baño;70 m² útiles;3 dormitorios | 1 baño | 70 m² útiles;Hamburgo, Diego De Almagro, Ñuñoa;
2025-11-29 18:06:23;Ñuñoa;departamento;Departamento En Venta En Plaza Egaña Ñuñoa;4790;CLF;2 dormitorios;2 baños;53 m² útiles;2 dormitorios | 2 baños | 53 m² útiles;Avenida Irarrázaval 5353, Ñuñoa, Chile, Plaza Egaña, Ñuñoa;
2025-11-29 18:06:23;Ñuñoa;departamento;Departamento En Venta En Ñuñoa;6690;CLF;3 dormitorios;2 baños;99 m² útiles;3 dormitorios | 2 baños | 99 m² útiles;José Domingo Cañas 1727, Ñuñoa, Metro Monseñor Eyzaguirre, Ñuñoa;
2025-11-29 18:06:23;Ñuñoa;departamento;Venta Dpto 2 Dorm En Seminario/tucapel;3650;CLF;1 dormitorio;1 baño;32 m² útiles;1 dormitorio | 1 baño | 32 m² útiles;SEMINARIO  /TUCAPEL, Metro Irarrázaval, Ñuñoa;
2025-11-29 18:06:23;Ñuñoa;departamento;Hermoso Departamento En Venta  Nuñoa;3150;CLF;1 dormitorio;1 baño;37 m² útiles;1 dormitorio | 1 baño | 37 m² útiles;Emilio Vaisse 760, Ñuñoa, Metro Irarrázaval, Ñuñoa;
2025-11-29 18:06:23;Ñuñoa;departamento;Departamento Venta 2d 2b Quincho Jacuzzi Barrio Italia Ñuñoa;5350;CLF;2 dormitorios;2 baños;49 m² útiles;2 dormitorios | 2 baños | 49 m² útiles;Seminario Con Mujica, Metro Irarrázaval, Ñuñoa;
2025-11-29 18:06:23;Ñuñoa;departamento;Departamento En Venta De 2 Dorm. En Ñuñoa;6555;CLF;2 dormitorios;2 baños;72 m² útiles;2 dormitorios | 2 baños | 72 m² útiles;AV. OSSA- SAN VICENTE DE PAUL, Metro Simón Bolivar, Ñuñoa;
2025-11-29 18:06:23;Ñuñoa;departamento;Moderno E Iluminado Departamento Estilo Mariposa En Ñuñoa;5700;CLF;2 dormitorios;2 baños;67 m² útiles;2 dormitorios | 2 baños | 67 m² útiles;Santa Julia , Ñuñoa, Parque Juan XXIII, Ñuñoa;
2025-11-29 18:06:23;Ñuñoa;departamento;Departamento En Venta En Ñuñoa.sin Comision.;6816;CLF;2 dormitorios;2 baños;70 m² útiles;2 dormitorios | 2 baños | 70 m² útiles;Echeñique-Elecier Parada, Ñuñoa;
2025-11-29 18:06:23;Ñuñoa;departamento;Se Vende Departamento, Ñuñoa, Metro Rodrigo Araya;3400;CLF;2 dormitorios;2 baños;52 m² útiles;2 dormitorios | 2 baños | 52 m² útiles;Estadio Nacional, Ñuñoa;
2025-11-29 18:06:23;Ñuñoa;departamento;Departamento En Venta Estilo Mariposa, Ñuñoa;6300;CLF;2 dormitorios;2 baños;61 m² útiles;2 dormitorios | 2 baños | 61 m² útiles;Plaza Egaña, Ñuñoa;
2025-11-29 18:06:23;Ñuñoa;departamento;Encantador Dpto De 1 Dorm. En Tradicional Sector Ñuñoa;3700;CLF;1 dormitorio;1 baño;34 m² útiles;1 dormitorio | 1 baño | 34 m² útiles;Pucará 5100 - 5400, Ñuñoa, Metro Simón Bolivar, Ñuñoa;
2025-11-29 18:06:23;Ñuñoa;departamento;Departamento En Venta De 3 Dorm. En Ñuñoa;3990;CLF;3 dormitorios;2 baños;65 m² útiles;3 dormitorios | 2 baños | 65 m² útiles;Avenida Manuel Antonio Matta 040, Metro Irarrázaval, Ñuñoa;
2025-11-29 18:06:23;Ñuñoa;departamento;Tranquilidad Y Comodidad - ¡se Aceptan Ofertas!;5590;CLF;3 dormitorios;2 baños;68 m² útiles;3 dormitorios | 2 baños | 68 m² útiles;Irarrazaval, 3900 - 4200, Parque Juan XXIII, Ñuñoa;
2025-11-29 18:06:23;Ñuñoa;departamento;Departamento En Venta En Ñuñoa;4870;CLF;2 dormitorios;2 baños;60 m² útiles;2 dormitorios | 2 baños | 60 m² útiles;Las Dalias / José Pedro Alessandri, Estadio Nacional, Ñuñoa;
2025-11-29 18:06:23;Ñuñoa;departamento;Departamento En Venta En Ñuñoa;4700;CLF;2 dormitorios;2 baños;58 m² útiles;2 dormitorios | 2 baños | 58 m² útiles;Las Dalias / José Pedro Alessandri, Ñuñoa;
2025-11-29 18:06:23;Ñuñoa;departamento;Departamento En Venta De 1 Dorm. En Ñuñoa;2650;CLF;1 dormitorio;1 baño;32 m² útiles;1 dormitorio | 1 baño | 32 m² útiles;Zañartu / Metro Ñuble, Ñuñoa;
2025-11-29 18:06:23;Ñuñoa;departamento;Departamento En Venta En Ñuñoa;4800;CLF;2 dormitorios;2 baños;62 m² útiles;2 dormitorios | 2 baños | 62 m² útiles;IRARRÁZAVAL / MONTENEGRO, Ñuñoa;
2025-11-29 18:06:23;Ñuñoa;departamento;Precioso Depto Duplex En Venta Echeñique /hamburgo;13500;CLF;4 dormitorios;4 baños;140 m² útiles;4 dormitorios | 4 baños | 140 m² útiles;ECHEÑIQUE / HAMBURGO LINDO DEPTO, Metro Simón Bolivar, Ñuñoa;
2025-11-29 18:06:23;Ñuñoa;departamento;Amplio Departamento En Ñuñoa;5300;CLF;2 dormitorios;2 baños;60 m² útiles;2 dormitorios | 2 baños | 60 m² útiles;Jose Pedro Alessandri, 433, Plaza Ñuñoa, Ñuñoa;
2025-11-29 18:06:23;Ñuñoa;departamento;3d+3b+ 2terrazas + Novación Hipotecaria Tasa Mixta;7499;CLF;3 dormitorios;3 baños;86 m² útiles;3 dormitorios | 3 baños | 86 m² útiles;JULIO PRADO, 1 - 300, Metro Monseñor Eyzaguirre, Ñuñoa;
2025-11-29 18:06:23;Ñuñoa;departamento;Departamento 1d1b - Venta  - Ñuñoa - Santiago.;2050;CLF;1 dormitorio;1 baño;24 m² útiles;1 dormitorio | 1 baño | 24 m² útiles;San Eugenio, 1200 - 1500, Parque San Eugenio - Metro Ñuble, Ñuñoa;
2025-11-29 18:06:23;Ñuñoa;departamento;Duplex Tipo Penthouse Con Terraza Panorámica;8500;CLF;2 dormitorios;1 baño;60 m² útiles;2 dormitorios | 1 baño | 60 m² útiles;Jose Manuel Infante, 1800 - 2100, Metro Monseñor Eyzaguirre, Ñuñoa;
2025-11-29 18:06:23;Ñuñoa;departamento;¡moderno Depto Con Terraza Y Vista Oriente!;4190;CLF;2 dormitorios;2 baños;59 m² útiles;2 dormitorios | 2 baños | 59 m² útiles;Las Dalias, 1 - 300, Estadio Nacional, Ñuñoa;
2025-11-29 18:06:23;Ñuñoa;departamento;Venta Departamento Tipo Mariposa, 2d Y 2b Comuna Nuñoa;4100;CLF;2 dormitorios;2 baños;43 m² útiles;2 dormitorios | 2 baños | 43 m² útiles;Av Irarrazaval, Bustamante, Vicuña Mackenna, Metro Irarrázaval, Ñuñoa;
2025-11-29 18:06:23;Ñuñoa;departamento;1d+1b+1e+1b Vista Despejada A Pasos Del Metro;3590;CLF;1 dormitorio;1 baño;43 m² útiles;1 dormitorio | 1 baño | 43 m² útiles;EXEQUIEL FERNANDEZ, 1 - 300, Estadio Nacional, Ñuñoa;
2025-11-29 18:06:23;Ñuñoa;departamento;Oportunidad! 1 D, 1 B, Est+ Bod Metro P De Gales;4500;CLF;1 dormitorio;1 baño;41 m² útiles;1 dormitorio | 1 baño | 41 m² útiles;Romeo Salinas, 1500 - 1800, Amapolas, Ñuñoa;
2025-11-29 18:06:23;Ñuñoa;departamento;Venta,1dorm.1baño Estacionam.bodega.ñuñoa Metro Chile-españa;3290;CLF;1 dormitorio;1 baño;40 m² útiles;1 dormitorio | 1 baño | 40 m² útiles;P.de Valdivia/ José Pedro Alessandri, Estadio Nacional, Ñuñoa;
2025-11-29 18:06:23;Ñuñoa;departamento;Plaza Ñuñoa C_423602;215000000;CLP;3 dormitorios;2 baños;77 m² útiles;3 dormitorios | 2 baños | 77 m² útiles;Plaza Ñuñoa, Ñuñoa;
2025-11-29 18:06:23;Ñuñoa;departamento;Metro Chile España C_422291;5900;CLF;2 dormitorios;2 baños;75 m² útiles;2 dormitorios | 2 baños | 75 m² útiles;Plaza Ñuñoa, Ñuñoa;
2025-11-29 18:06:23;Ñuñoa;departamento;Cesión De Promesa Ñuñoa Edif. Quartz 2d-2b-1e-1b;5046;CLF;2 dormitorios;2 baños;44 m² útiles;2 dormitorios | 2 baños | 44 m² útiles;Juan Sabaj, 1 - 300, Plaza Egaña, Ñuñoa;
2025-11-29 18:06:57;Ñuñoa;departamento;J Domingo Cañas/ M Eyzaguirre C_756425;6900;CLF;3 dormitorios;2 baños;89 m² útiles;3 dormitorios | 2 baños | 89 m² útiles;Metro Monseñor Eyzaguirre, Ñuñoa;
2025-11-29 18:06:57;Ñuñoa;departamento;Casi Nuevo Moderno Y Con Terraza En Ñuñoa;4270;CLF;1 dormitorio;1 baño;38 m² útiles;1 dormitorio | 1 baño | 38 m² útiles;Sucre, 2400 - 2700, Metro Ñuñoa, Ñuñoa;
2025-11-29 18:06:57;Ñuñoa;departamento;Compra En El Mejor Sector!!!;6690;CLF;2 dormitorios;2 baños;69 m² útiles;2 dormitorios | 2 baños | 69 m² útiles;Hannover, 5400 - 5700, Plaza Egaña, Ñuñoa;
2025-11-29 18:06:57;Ñuñoa;departamento;Plaza Egaña Te Espera!!! Invierte Seguro;4700;CLF;2 dormitorios;1 baño;43 m² útiles;2 dormitorios | 1 baño | 43 m² útiles;Hannover, 5400 - 5700, Plaza Egaña, Ñuñoa;
2025-11-29 18:06:57;Ñuñoa;departamento;Hermoso Dpto Cerca Del Mall Plaza Egaña;5440;CLF;2 dormitorios;2 baños;62 m² útiles;2 dormitorios | 2 baños | 62 m² útiles;Francisco De Villagra, 1 - 300, Plaza Egaña, Ñuñoa;
2025-11-29 18:06:57;Ñuñoa;departamento;Venta Estudio,dormitorio,cocina,baño.m.irarrazaval. 30m2;2800;CLF;1 dormitorio;1 baño;24 m² útiles;1 dormitorio | 1 baño | 24 m² útiles;Irarrazaval / Seminario, Metro Irarrázaval, Ñuñoa;
2025-11-29 18:06:57;Ñuñoa;departamento;Tres Antonio/castillo Velasco C_422569;6800;CLF;3 dormitorios;2 baños;82 m² útiles;3 dormitorios | 2 baños | 82 m² útiles;Estadio Nacional, Ñuñoa;
2025-11-29 18:06:57;Ñuñoa;departamento;Departamento En Venta De 3 Dorm. En Ñuñoa;9300;CLF;3 dormitorios;2 baños;99 m² útiles;3 dormitorios | 2 baños | 99 m² útiles;Diego De Almagro / Metro Principe De Gales, Diego De Almagro, Ñuñoa;
2025-11-29 18:06:57;Ñuñoa;departamento;Excelente Oportunidad De Inversión Ñuñoa;3550;CLF;1 dormitorio;1 baño;41 m² útiles;1 dormitorio | 1 baño | 41 m² útiles;Plaza Egaña, 1 - 300, Plaza Egaña, Ñuñoa;
2025-11-29 18:06:57;Ñuñoa;departamento;Departamento En Venta De 2 Dorm. En Ñuñoa;5370;CLF;2 dormitorios;2 baños;50 m² útiles;2 dormitorios | 2 baños | 50 m² útiles;Pucará / Coventry ( Cerca Metro Simón Bolivar ), Metro Simón Bolivar, Ñuñoa;
2025-11-29 18:06:57;Ñuñoa;departamento;Condell/ Sucre C_756247;5000;CLF;2 dormitorios;2 baños;55 m² útiles;2 dormitorios | 2 baños | 55 m² útiles;Metro Irarrázaval, Ñuñoa;
2025-11-29 18:06:57;Ñuñoa;departamento;Hermoso Depto. Ñuñoa, Casi Nuevo  1d/1b;4270;CLF;1 dormitorio;1 baño;41 m² útiles;1 dormitorio | 1 baño | 41 m² útiles;Sucre, 2400 - 2700, Metro Ñuñoa, Ñuñoa;
2025-11-29 18:06:57;Ñuñoa;departamento;Cesión De Promesa Ñuñoa 2d - 2b  336uf;4250;CLF;2 dormitorios;2 baños;47 m² útiles;2 dormitorios | 2 baños | 47 m² útiles;Juan Sabaj, 1 - 300, Plaza Egaña, Ñuñoa;
2025-11-29 18:06:57;Ñuñoa;departamento;Departamento En Venta De 3 Dorm. En Ñuñoa;6710;CLF;3 dormitorios;2 baños;86 m² útiles;3 dormitorios | 2 baños | 86 m² útiles;Los Cerezos / Irarrázaval / Metro Villa Frei, Parque Juan XXIII, Ñuñoa;
2025-11-29 18:06:57;Ñuñoa;departamento;Departamento En Venta De 2 Dorm. En Ñuñoa;5390;CLF;2 dormitorios;2 baños;60 m² útiles;2 dormitorios | 2 baños | 60 m² útiles;Juan Moya / Irarrázaval / Metro Villa Frei, Parque Juan XXIII, Ñuñoa;
2025-11-29 18:06:57;Ñuñoa;departamento;Depto.venta3dorm 2baños Livingcomedorcocina, Valdivia,ñuñoa;8790;CLF;3 dormitorios;2 baños;81 m² útiles;3 dormitorios | 2 baños | 81 m² útiles;Metro Ñuñoa, Metro Ñuñoa, Ñuñoa;
2025-11-29 18:06:57;Ñuñoa;departamento;Departamento En Venta De 2 Dorm. En Ñuñoa;4980;CLF;2 dormitorios;2 baños;57 m² útiles;2 dormitorios | 2 baños | 57 m² útiles;Las Dalias / José Pedro Alessandri, Estadio Nacional, Ñuñoa;
2025-11-29 18:06:57;Ñuñoa;departamento;Antonio Varas / S Bolivar C_422517;6390;CLF;2 dormitorios;2 baños;58 m² útiles;2 dormitorios | 2 baños | 58 m² útiles;Metro Monseñor Eyzaguirre, Ñuñoa;
2025-11-29 18:06:57;Ñuñoa;departamento;Moderno Y Espaciosos 1 Dormitorio Estacionamiento Bodega;4490;CLF;1 dormitorio;1 baño;40 m² útiles;1 dormitorio | 1 baño | 40 m² útiles;Estrella Solitaria 5100 - 5400, Ñuñoa, Región Metropolitana, Chile, Plaza Egaña, Ñuñoa;
2025-11-29 18:06:57;Ñuñoa;departamento;Departamento En Venta De 4 Dorm. En Ñuñoa;9040;CLF;4 dormitorios;3 baños;129 m² útiles;4 dormitorios | 3 baños | 129 m² útiles;Irarrázaval / Manuel Montt / Metro Monseñor Eyzaguirre, Metro Monseñor Eyzaguirre, Ñuñoa;
2025-11-29 18:06:57;Ñuñoa;departamento;Vanguardista 2 Dorm 2 Baños, Pieza De Vestir Estacion Bodega;6500;CLF;2 dormitorios;2 baños;62 m² útiles;2 dormitorios | 2 baños | 62 m² útiles;Manuel Montt 2515, Ñuñoa, Metro Monseñor Eyzaguirre, Ñuñoa;
2025-11-29 18:06:57;Ñuñoa;departamento;Pedro De Valdivia / Rodrigo De Quiroga;3980;CLF;2 dormitorios;2 baños;45 m² útiles;2 dormitorios | 2 baños | 45 m² útiles;Pedro De Valdivia / Rodrigo De Araya, Estadio Nacional, Ñuñoa;
2025-11-29 18:06:57;Ñuñoa;departamento;Departamento En Venta - Eliécer Parada, Ñuñoa;6390;CLF;3 dormitorios;2 baños;75 m² útiles;3 dormitorios | 2 baños | 75 m² útiles;ELIECER PARADA, 600 - 900, Plaza Ñuñoa, Ñuñoa;
2025-11-29 18:06:57;Ñuñoa;departamento;M.eyzaguirre De 4 Dorm.2 Baños.livingcomedor. Barrio Italia.;139900000;CLP;4 dormitorios;2 baños;85 m² útiles;4 dormitorios | 2 baños | 85 m² útiles;Metro Monseñor Eyzaguirre, Metro Monseñor Eyzaguirre, Ñuñoa;
2025-11-29 18:06:57;Ñuñoa;departamento;Metro Villa Frei/ Nuñoa C_423489;5800;CLF;3 dormitorios;2 baños;84 m² útiles;3 dormitorios | 2 baños | 84 m² útiles;Parque Juan XXIII, Ñuñoa;
2025-11-29 18:06:57;Ñuñoa;departamento;Departamento Ñuñoa - 2d - 1b - Se Aceptan Ofertas;3960;CLF;2 dormitorios;1 baño;47 m² útiles;2 dormitorios | 1 baño | 47 m² útiles;Irarrazaval, 1 - 300, Parque Juan XXIII, Ñuñoa;
2025-11-29 18:06:57;Ñuñoa;departamento;1 Dorm 1 Baño Estacionamiento Bodega Increible Areas Comunes;3000;CLF;1 dormitorio;1 baño;33 m² útiles;1 dormitorio | 1 baño | 33 m² útiles;San Eugenio 1401, Ñuñoa, Chile, Parque San Eugenio - Metro Ñuble, Ñuñoa;
2025-11-29 18:06:57;Ñuñoa;departamento;Espectacular Vista - Ñuñoa - Se Aceptan Ofertas;5100;CLF;2 dormitorios;2 baños;60 m² útiles;2 dormitorios | 2 baños | 60 m² útiles;Brown Norte, 1 - 300, Plaza Ñuñoa, Ñuñoa;
2025-11-29 18:06:57;Ñuñoa;departamento;Moderno Departamento En Ñuñoa, Ideal Y Acogedor;137000000;CLP;1 dormitorio;1 baño;32 m² útiles;1 dormitorio | 1 baño | 32 m² útiles;Marchant Pereira, 3300 - 3600, Metro Ñuñoa, Ñuñoa;
2025-11-29 18:06:57;Ñuñoa;departamento;Departamento En Venta De 2 Dorm En Ñuñoa Excelente Ubicación;4800;CLF;2 dormitorios;2 baños;62 m² útiles;2 dormitorios | 2 baños | 62 m² útiles;Miguel Claro, Sector Barrio Italia., Metro Monseñor Eyzaguirre, Ñuñoa;
2025-11-29 18:06:57;Ñuñoa;departamento;Mujica / Vicuña Mackena C_755903;3100;CLF;1 dormitorio;1 baño;35 m² útiles;1 dormitorio | 1 baño | 35 m² útiles;Metro Irarrázaval, Ñuñoa;
2025-11-29 18:06:57;Ñuñoa;departamento;Ortuzar/irarrazaval/montenegro C_422971;3600;CLF;1 dormitorio;1 baño;34 m² útiles;1 dormitorio | 1 baño | 34 m² útiles;Parque Juan XXIII, Ñuñoa;
2025-11-29 18:06:57;Ñuñoa;departamento;Departamento En Venta En Barrio Italia;5500;CLF;3 dormitorios;2 baños;80 m² útiles;3 dormitorios | 2 baños | 80 m² útiles;Av. Italia 1883, Ñuñoa, Metro Irarrázaval, Ñuñoa;
2025-11-29 18:06:57;Ñuñoa;departamento;Amplio Depto Familiar En Ñuñoa 3d 2 Est + Bod;7500;CLF;3 dormitorios;2 baños;92 m² útiles;3 dormitorios | 2 baños | 92 m² útiles;Duble Almeyda, 1200 - 1500, Metro Monseñor Eyzaguirre, Ñuñoa;
2025-11-29 18:06:57;Ñuñoa;departamento;Casi Nuevo Dpto Mariposa 2d/2b Est- Bod;3750;CLF;2 dormitorios;2 baños;53 m² útiles;2 dormitorios | 2 baños | 53 m² útiles;Avenida Zañartu, 900 - 1200, Estadio Nacional, Ñuñoa;
2025-11-29 18:06:57;Ñuñoa;departamento; Dpto Cálido Y Luminoso En Ñuñoa ;3500;CLF;3 dormitorios;1 baño;79 m² útiles;3 dormitorios | 1 baño | 79 m² útiles;Américo Vespucio, 900 - 1200, Ñuñoa;
2025-11-29 18:06:57;Ñuñoa;departamento;Departamento En Venta De 1 Dorm. En Ñuñoa;3130;CLF;1 dormitorio;1 baño;33 m² útiles;1 dormitorio | 1 baño | 33 m² útiles;Cerca De Av. Grecia, Estadio Nacional, Ñuñoa;
2025-11-29 18:06:57;Ñuñoa;departamento;Duble Almeyda, Nuñoa. Departamento De 50 M2 Totales. ;3900;CLF;1 dormitorio;1 baño;48 m² útiles;1 dormitorio | 1 baño | 48 m² útiles;Duble Almeyda, Plaza Ñuñoa, Ñuñoa;
2025-11-29 18:06:57;Ñuñoa;departamento;Amlpio Departamento En Ñuñoa;7400;CLF;2 dormitorios;2 baños;71 m² útiles;2 dormitorios | 2 baños | 71 m² útiles;HAMBURGO, 600 - 900, Metro Simón Bolivar, Ñuñoa;
2025-11-29 18:06:57;Ñuñoa;departamento;Metro Ñuñoa / Irarrazaval C_756068;4500;CLF;2 dormitorios;2 baños;46 m² útiles;2 dormitorios | 2 baños | 46 m² útiles;Metro Ñuñoa, Ñuñoa;
2025-11-29 18:06:57;Ñuñoa;departamento;Pascual Baburizza / Estrella C_423446;5500;CLF;2 dormitorios;2 baños;81 m² útiles;2 dormitorios | 2 baños | 81 m² útiles;Plaza Egaña, Ñuñoa;
2025-11-29 18:06:57;Ñuñoa;departamento;Impecable Departamento Exequiel Fernandez - Ñuñoa;3290;CLF;2 dormitorios;1 baño;48 m² útiles;2 dormitorios | 1 baño | 48 m² útiles;Exequiel Fernández 1555, Ñuñoa, Estadio Nacional, Ñuñoa;
2025-11-29 18:06:57;Ñuñoa;departamento;Exclusivo Depto Ñuñoa 2d 2b Con Estacionamiento Y Bodega;4500;CLF;2 dormitorios;2 baños;48 m² útiles;2 dormitorios | 2 baños | 48 m² útiles;Metro Ñuñoa, Metro Ñuñoa, Ñuñoa;
2025-11-29 18:06:57;Ñuñoa;departamento;¿quieres Vivir En El Corazon De Ñuñoa? ¡aquí Es!;5200;CLF;3 dormitorios;2 baños;81 m² útiles;3 dormitorios | 2 baños | 81 m² útiles;Suecia, 3111, Plaza Ñuñoa, Ñuñoa;
2025-11-29 18:06:57;Ñuñoa;departamento;Departamento En Venta De 3 Dorm. En Ñuñoa Piscina Y Quincho;3999;CLF;3 dormitorios;2 baños;65 m² útiles;3 dormitorios | 2 baños | 65 m² útiles;San Eugenio 1401, Ñuñoa;
2025-11-29 18:06:57;Ñuñoa;departamento;Depto Con Jardín, 2d+2b+ 2 Estacionamientos + 2 Bodegas;8250;CLF;2 dormitorios;2 baños;70 m² útiles;2 dormitorios | 2 baños | 70 m² útiles;Luis Pereira, Ñuñoa, Parque Botánico, Ñuñoa;
2025-11-29 18:06:57;Ñuñoa;departamento;Lindo Depto Estudio Con Estac Y Bg A Pasos De Plaza Egaña;3900;CLF;1 dormitorio;1 baño;37 m² útiles;1 dormitorio | 1 baño | 37 m² útiles;Av. Irarrázaval 5485, Ñuñoa, Plaza Egaña, Ñuñoa;
2025-11-29 18:06:57;Ñuñoa;departamento;Departamento En Venta De 2 Dormitorios 2 Baños Ñuñoa;2800;CLF;2 dormitorios;2 baños;41 m² útiles;2 dormitorios | 2 baños | 41 m² útiles;Oportunidad De Inversión!!. Metro Estadio Nacional, Calle Zañartu Con Castillo Urizar, Ñuñoa;
2025-11-29 18:07:11;Ñuñoa;departamento;Impecable Departamento Venta/3d+2b+2e/ Augusto Villanueva;9200;CLF;3 dormitorios;2 baños;92 m² útiles;3 dormitorios | 2 baños | 92 m² útiles;Augusto Villanueva 1 - 300, Parque Juan XXIII, Ñuñoa;
2025-11-29 18:07:11;Ñuñoa;departamento;"Depto 3 Dormitorios &#43; Terraza Privada De 35 Mts Ñuñoa";8500;CLF;3 dormitorios;2 baños;83 m² útiles;3 dormitorios | 2 baños | 83 m² útiles;Hamburgo, Diego De Almagro, Ñuñoa;
2025-11-29 18:07:11;Ñuñoa;departamento;Departamento En Venta. 1er Piso. Ñuñoa. Augusto Villanueva;5650;CLF;3 dormitorios;2 baños;89 m² útiles;3 dormitorios | 2 baños | 89 m² útiles;Augusto Villanueva 269, Ñuñoa, Parque Juan XXIII, Ñuñoa;
2025-11-29 18:07:11;Ñuñoa;departamento;Depa En Ñuñoa Con Mega Vista Y Hermoso A La Venta.;5990;CLF;3 dormitorios;2 baños;74 m² útiles;3 dormitorios | 2 baños | 74 m² útiles;Alonso De Ercilla, Plaza Ñuñoa, Ñuñoa;
2025-11-29 18:07:11;Ñuñoa;departamento;Departamento En Venta De 2 Dorm. En Ñuñoa;5799;CLF;2 dormitorios;2 baños;62 m² útiles;2 dormitorios | 2 baños | 62 m² útiles;Espectacular Departamento Semi Nuevo, A Pasos Del Metro Chile España, Plaza Ñuñoa, Ñuñoa;
2025-11-29 18:07:11;Ñuñoa;departamento;Departamento En Venta De 2 Dorm. En Ñuñoa;4500;CLF;2 dormitorios;2 baños;60 m² útiles;2 dormitorios | 2 baños | 60 m² útiles;Pedro De Valdivia, Estadio Nacional, Ñuñoa;
2025-11-29 18:07:11;Ñuñoa;departamento;Departamento En Venta En Ñuñoa;4590;CLF;2 dormitorios;2 baños;61 m² útiles;2 dormitorios | 2 baños | 61 m² útiles;Los Alerces, Estadio Nacional, Ñuñoa;
2025-11-29 18:07:11;Ñuñoa;departamento;Rebajado! Venta Depto Casi Nuevo!!! 2d/2b/1e/1b, Ñuñoa;4100;CLF;2 dormitorios;2 baños;47 m² útiles;2 dormitorios | 2 baños | 47 m² útiles;Rodrigo De Araya 3280, Juan Gómez Millas, Ñuñoa;
2025-11-29 18:07:11;Ñuñoa;departamento;Departamento Con Patio Privado De 100 Mt2 De 2 Dorm En Ñuñoa;10490;CLF;2 dormitorios;2 baños;77 m² útiles;2 dormitorios | 2 baños | 77 m² útiles;Departamento Con Patio Privado De 100mt2, Ñuñoa, Plaza Egaña, Ñuñoa;
2025-11-29 18:07:11;Ñuñoa;departamento;Dpto En Venta De 2 Dorm. Metro Chile España, En Plaza Ñuñoa;4999;CLF;2 dormitorios;2 baños;53 m² útiles;2 dormitorios | 2 baños | 53 m² útiles;A Pasos Del Metro Chile-España Y Plaza Ñuñoa, En El Mejor Sector Residencial, Plaza Ñuñoa, Ñuñoa;
2025-11-29 18:07:11;Ñuñoa;departamento;Iluminado / Plaza Zañartu / Oportunidad;4590;CLF;2 dormitorios;2 baños;54 m² útiles;2 dormitorios | 2 baños | 54 m² útiles;Plaza Zañartu, Estadio Nacional, Ñuñoa;
2025-11-29 18:07:11;Ñuñoa;departamento;Departamento En Venta En Ñuñoa;3750;CLF;2 dormitorios;2 baños;50 m² útiles;2 dormitorios | 2 baños | 50 m² útiles;San Eugenio 1401, Parque San Eugenio - Metro Ñuble, Ñuñoa;
2025-11-29 18:07:11;Ñuñoa;departamento;Venta Ñuñoa, Campus Oriente, 2 Dorm.,70 M2, Calidad Superior;5500;CLF;1 dormitorio;1 baño;60 m² útiles;1 dormitorio | 1 baño | 60 m² útiles;Avenida Holanda, Campus Oriente UC, Plaza Ñuñoa, Plaza Ñuñoa, Ñuñoa;
2025-11-29 18:07:11;Ñuñoa;departamento;Departamento En Venta De 2 Dorm. En Ñuñoa 2 Estacionamientos;6300;CLF;2 dormitorios;2 baños;56 m² útiles;2 dormitorios | 2 baños | 56 m² útiles;2 Estacionamientos, Plaza Ñuñoa, Ñuñoa;
2025-11-29 18:07:11;Ñuñoa;departamento;Departamento En Venta En Estadio Nacional Ñuñoa;3590;CLF;2 dormitorios;2 baños;50 m² útiles;2 dormitorios | 2 baños | 50 m² útiles;Zañartu 1400, Estadio Nacional, Ñuñoa;
2025-11-29 18:07:11;Ñuñoa;departamento;Departamento En Venta En Ñuñoa;4590;CLF;2 dormitorios;2 baños;61 m² útiles;2 dormitorios | 2 baños | 61 m² útiles;Excequiel Fernández, Estadio Nacional, Ñuñoa;
2025-11-29 18:07:11;Ñuñoa;departamento;Moderno/ Barrio Tranquilo/ M. Simón Bolivar/ Estr. Solitaria;6100;CLF;2 dormitorios;2 baños;58 m² útiles;2 dormitorios | 2 baños | 58 m² útiles;Bremen, Plaza Egaña, Ñuñoa;
2025-11-29 18:07:11;Ñuñoa;departamento;Depto En Venta. Villa Los Presidentes. Ñuñoa, 3d1b;2675;CLF;3 dormitorios;1 baño;58 m² útiles;3 dormitorios | 1 baño | 58 m² útiles;Villa Los Presidentes, Rotando Rodrigo De Araya. Av Capitan Ignacio Carrera Pinto, Villa Los Jardínes - Villa Los Presidentes, Ñuñoa;
2025-11-29 18:07:11;Ñuñoa;departamento;Nuñoa, Campus Uc Oriente, 2dorm/ 2baños/ Piscina/ Vista!;7190;CLF;2 dormitorios;2 baños;81 m² útiles;2 dormitorios | 2 baños | 81 m² útiles;Luis Pereira, Simón Bolivar, Campus Oriente UC, Parque Botánico, Ñuñoa;
2025-11-29 18:07:11;Ñuñoa;departamento;Departamento En Venta De 2 Dorm. En Ñuñoa. Novación Tasa 3%;4300;CLF;2 dormitorios;2 baños;57 m² útiles;2 dormitorios | 2 baños | 57 m² útiles;Zañartu, Metro Rodrigo De Araya. Por Viaje Vendo. Novación Hipotecaria Tasa 3%, Estadio Nacional, Ñuñoa;
2025-11-29 18:07:11;Ñuñoa;departamento;Venta , Novacion 2.5 Tasa ;5500;CLF;2 dormitorios;2 baños;70 m² útiles;2 dormitorios | 2 baños | 70 m² útiles;HAMBURGO, Plaza Egaña, Ñuñoa;
2025-11-29 18:07:11;Ñuñoa;departamento;Venta Departamento Metro Ñuñoa, Buen Entorno Residencial;6900;CLF;3 dormitorios;2 baños;81 m² útiles;3 dormitorios | 2 baños | 81 m² útiles;Dublé Almeyda 1200 - 1500, Ñuñoa, Metro Monseñor Eyzaguirre, Ñuñoa;
2025-11-29 18:07:11;Ñuñoa;departamento;Vendemos Excelente Departamento De 3 Dorm Y Dos En Ñuñoa;6000;CLF;3 dormitorios;2 baños;85 m² útiles;3 dormitorios | 2 baños | 85 m² útiles;General Gorostiaga/Simón Bolívar, Parque Botánico, Ñuñoa;
2025-11-29 18:07:11;Ñuñoa;departamento;Departamento En Venta De 1 Dorm. En Ñuñoa;5000;CLF;1 dormitorio;1 baño;65 m² útiles;1 dormitorio | 1 baño | 65 m² útiles;Metro Plaza Egaña, Plaza Egaña, Ñuñoa;
2025-11-29 18:07:11;Ñuñoa;departamento;Depto En Venta De 2 Dorm. 3 Estacionamientos Metro Ñuñoa;7300;CLF;2 dormitorios;2 baños;70 m² útiles;2 dormitorios | 2 baños | 70 m² útiles;Capitán Orella 2445, Metro Ñuñoa, Ñuñoa;
2025-11-29 18:07:11;Ñuñoa;departamento;Departamento En Venta De 1 Dorm. En Ñuñoa;2550;CLF;1 dormitorio;1 baño;34 m² útiles;1 dormitorio | 1 baño | 34 m² útiles;Zañartu 980, Estadio Nacional, Ñuñoa;
2025-11-29 18:07:11;Ñuñoa;departamento;Departamento En Venta De 3 Dorm. En Ñuñoa;4240;CLF;3 dormitorios;2 baños;69 m² útiles;3 dormitorios | 2 baños | 69 m² útiles;Ñuñoa - 3 Dormitorios En Venta, Diagonal Oriente, Ñuñoa;
2025-11-29 18:07:11;Ñuñoa;departamento;Lindo Depto 1 Dormi + Esta Y Bg A Pasos Del Metro Eyzaguirre;3900;CLF;1 dormitorio;1 baño;35 m² útiles;1 dormitorio | 1 baño | 35 m² útiles;Av. Irarrázaval 1401, Ñuñoa, Metro Monseñor Eyzaguirre, Ñuñoa;
2025-11-29 18:07:11;Ñuñoa;departamento;Depto. En Ñuñoa De 2d 2b 1e 1b Con Excelentes Áreas Comunes.;5990;CLF;2 dormitorios;2 baños;52 m² útiles;2 dormitorios | 2 baños | 52 m² útiles;Av. Irarrázaval - Heriberto Covarrubias, Plaza Egaña, Ñuñoa;
2025-11-29 18:07:11;Ñuñoa;departamento;Departamento Seminuevo Venta De 2d 2b 1e 1b. En Ñuñoa;5490;CLF;2 dormitorios;2 baños;53 m² útiles;2 dormitorios | 2 baños | 53 m² útiles;San Eugenio - Sta. Emma, Parque San Eugenio - Metro Ñuble, Ñuñoa;
2025-11-29 18:07:11;Ñuñoa;departamento;Departamento A Estrenar En Venta De 2 Dorm Y 2 Baño En Ñuñoa;4900;CLF;2 dormitorios;2 baños;47 m² útiles;2 dormitorios | 2 baños | 47 m² útiles;Avda Irarrazaval / Campo De Deportes, Metro Ñuñoa, Ñuñoa;
2025-11-29 18:07:11;Ñuñoa;departamento;Departamento En Venta De 2 Dorm. En Ñuñoa;5990;CLF;2 dormitorios;2 baños;55 m² útiles;2 dormitorios | 2 baños | 55 m² útiles;Sucre, Plaza Ñuñoa, Ñuñoa;
2025-11-29 18:07:11;Ñuñoa;departamento;Departamento Nuevo 2024 En Venta De 2 Dorm. En Providencia;7430;CLF;2 dormitorios;2 baños;61 m² útiles;2 dormitorios | 2 baños | 61 m² útiles;Sucre, Metro Monseñor Eyzaguirre, Ñuñoa;
2025-11-29 18:07:11;Ñuñoa;departamento;José Domingo Cañas / Mons. Eyzaguirre / 2 D. / 2 B. / Estac;5880;CLF;2 dormitorios;2 baños;80 m² útiles;2 dormitorios | 2 baños | 80 m² útiles;José Domingo Cañas / Mons. Eyzaguirre / 2 D. / 2 B. / Estac. Y Bod., Metro Monseñor Eyzaguirre, Ñuñoa;
2025-11-29 18:07:11;Ñuñoa;departamento;Venta Departamento 2d 2b | 68m2;4900;CLF;2 dormitorios;2 baños;64 m² útiles;2 dormitorios | 2 baños | 64 m² útiles;Dublé Almeyda 5400 - 5700, Ñuñoa, Diagonal Oriente, Ñuñoa;
2025-11-29 18:07:11;Ñuñoa;departamento;Departamento En Venta De 2 Dorm Ñuñoa - Año 2019 - 65 Mt2;4190;CLF;2 dormitorios;2 baños;65 m² útiles;2 dormitorios | 2 baños | 65 m² útiles;Exequiel Fernandez, Estadio Nacional, Ñuñoa;
2025-11-29 18:07:11;Ñuñoa;departamento;Av Simon Bolivar Con Pedro De Valdivia. Depto En Venta 2d2b;6700;CLF;2 dormitorios;2 baños;75 m² útiles;2 dormitorios | 2 baños | 75 m² útiles;Av. Simon Bolivar 2543, Ñuñoa, Metro Ñuñoa, Ñuñoa;
2025-11-29 18:07:11;Ñuñoa;departamento;Departamento En Venta De 2 Dorm. En Plaza Ñuñoa ;4490;CLF;2 dormitorios;2 baños;56 m² útiles;2 dormitorios | 2 baños | 56 m² útiles;Departamento En Exclusivo Sector, Cercano A Plaza Ñuñoa, Metro Monseñor Eyzaguirre, Ñuñoa;
2025-11-29 18:07:11;Ñuñoa;departamento;Departamento En Venta De 2 Dorm. En Ñuñoa;4500;CLF;2 dormitorios;2 baños;54 m² útiles;2 dormitorios | 2 baños | 54 m² útiles;Manuel De Salas 572, Plaza Ñuñoa, Ñuñoa;
2025-11-29 18:07:11;Ñuñoa;departamento;Estupendos Departamentos Mariposa 2d 2b En Venta En Ñuñoa;3500;CLF;2 dormitorios;2 baños;62 m² útiles;2 dormitorios | 2 baños | 62 m² útiles;Zañartu Con Vicuña Mackenna, Estadio Nacional, Ñuñoa;
2025-11-29 18:07:11;Ñuñoa;departamento;Departamento Venta De 2 Dormitorios, Estacionamiento, Ñuñoa;5050;CLF;2 dormitorios;2 baños;71 m² útiles;2 dormitorios | 2 baños | 71 m² útiles;Lincoyan/ Irarrázaval, Metro Monseñor Eyzaguirre, Ñuñoa;
2025-11-29 18:07:11;Ñuñoa;departamento;"Vendo Dpto Ñuñoa - Amapolas/coventry 3 Dormitorios &#43; Est";4450;CLF;3 dormitorios;1 baño;62 m² útiles;3 dormitorios | 1 baño | 62 m² útiles;AMAPOLAS CON COVENTRY, Amapolas, Ñuñoa;
2025-11-29 18:07:11;Ñuñoa;departamento;Departamento En Venta De 2 Dorm En Ñuñoa Precio Bajo Mercado;3350;CLF;2 dormitorios;1 baño;48 m² útiles;2 dormitorios | 1 baño | 48 m² útiles;Exequiel Fernandez, Estadio Nacional, Ñuñoa;
2025-11-29 18:07:11;Ñuñoa;departamento;Departamento En Venta Estilo Mariposa En Ed. Zañartu- Ñuñoa;4890;CLF;2 dormitorios;2 baños;51 m² útiles;2 dormitorios | 2 baños | 51 m² útiles;Zañartu N° 2460, Estadio Nacional, Ñuñoa;
2025-11-29 18:07:11;Ñuñoa;departamento;San Eugenio / Metro Ñuble L5;3400;CLF;2 dormitorios;1 baño;55 m² útiles;2 dormitorios | 1 baño | 55 m² útiles;San Eugenio / Metro Ñuble L5, Parque San Eugenio - Metro Ñuble, Ñuñoa;
2025-11-29 18:07:11;Ñuñoa;departamento;Departamento En Venta De 1 Dorm. En Ñuñoa;2500;CLF;1 dormitorio;1 baño;27 m² útiles;1 dormitorio | 1 baño | 27 m² útiles;Vicuña Mackenna 692, Metro Irarrázaval, Ñuñoa;
2025-11-29 18:07:11;Ñuñoa;departamento;Lindo Y Remodelado Estudio, Con Muebles Y Menaje ;3400;CLF;1 dormitorio;1 baño;40 m² útiles;1 dormitorio | 1 baño | 40 m² útiles;Jorge Washington 300 - 600, Ñuñoa, Plaza Ñuñoa, Ñuñoa;
2025-11-29 18:07:11;Ñuñoa;departamento;Augusto Villanueva 269, Ñuñoa. Venta Depto. En 1er Piso. 3d;5650;CLF;3 dormitorios;2 baños;88 m² útiles;3 dormitorios | 2 baños | 88 m² útiles;Augusto Villanueva 269, Ñuñoa. A Minutos De Plaza Ñuñoa., Parque Juan XXIII, Ñuñoa;
2025-11-29 18:07:45;Ñuñoa;departamento;Departamento En Venta 2d2b Metro Vista Despejada En Ñuñoa;4190;CLF;2 dormitorios;2 baños;60 m² útiles;2 dormitorios | 2 baños | 60 m² útiles;Avenida Grecia 451, Parque San Eugenio - Metro Ñuble, Ñuñoa;
2025-11-29 18:07:45;Ñuñoa;departamento;"Oportunidad! Venta Depto 1d/1b/1e/1b, Amplia Terraza; Nuñoa";3300;CLF;1 dormitorio;1 baño;37 m² útiles;1 dormitorio | 1 baño | 37 m² útiles;Exequiel Fernandez 881, Estadio Nacional, Ñuñoa;
2025-11-29 18:07:45;Ñuñoa;departamento;Departamento En Venta De 2 Dorm. En Ñuñoa;5200;CLF;2 dormitorios;2 baños;66 m² útiles;2 dormitorios | 2 baños | 66 m² útiles;IRARRAZAVAL 4200, Parque Juan XXIII, Ñuñoa;
2025-11-29 18:07:45;Ñuñoa;departamento;Atención Inversionistas.  Oportunidad !!! ;4300;CLF;1 dormitorio;1 baño;39 m² útiles;1 dormitorio | 1 baño | 39 m² útiles;Sta. Julia 278, Ñuñoa, Parque Juan XXIII, Ñuñoa;
2025-11-29 18:07:45;Ñuñoa;departamento;Depto En Venta De 2 Dorm. Plaza Egaña Simón Bolívar ;4990;CLF;2 dormitorios;2 baños;64 m² útiles;2 dormitorios | 2 baños | 64 m² útiles;Av Ossa 528, Plaza Egaña, Ñuñoa;
2025-11-29 18:07:45;Ñuñoa;departamento;Departamento En Venta De 3 Dorm. En Ñuñoa ;4460;CLF;3 dormitorios;2 baños;66 m² útiles;3 dormitorios | 2 baños | 66 m² útiles;Juan Gomez Millas / Exequiel Fernández, Estadio Nacional, Ñuñoa;
2025-11-29 18:07:45;Ñuñoa;departamento;Departamento Avenida Vicuña Mackenna Id: 48709;76900000;CLP;2 dormitorios;1 baño;37 m² útiles;2 dormitorios | 1 baño | 37 m² útiles;Avenida Vicuña Mackenna, Ñuñoa;
2025-11-29 18:07:45;Ñuñoa;departamento;Departamentos En Ñuñoa ¡inversión Ideal!;3500;CLF;2 dormitorios;2 baños;60 m² útiles;2 dormitorios | 2 baños | 60 m² útiles;Estadio Nacional, Ñuñoa;
2025-11-29 18:07:45;Ñuñoa;departamento;Departamento Diagonal Vicuña Mackenna Id: 41741;3990;CLF;2 dormitorios;2 baños;50 m² útiles;2 dormitorios | 2 baños | 50 m² útiles;Diagonal Vicuña Mackenna, Ñuñoa;
2025-11-29 18:07:45;Ñuñoa;departamento;Remodelado Cercano A Portal Ñuñoa Y Colegios;6900;CLF;3 dormitorios;2 baños;79 m² útiles;3 dormitorios | 2 baños | 79 m² útiles;Ñuñoa;
2025-11-29 18:07:45;Ñuñoa;departamento;Departamento Muy Cerca Del Metro En Ñuñoa;2950;CLF;1 dormitorio;1 baño;30 m² útiles;1 dormitorio | 1 baño | 30 m² útiles;Plaza Egaña, Ñuñoa;
2025-11-29 18:07:45;Ñuñoa;departamento;Departamentos 3d 2b Con Terraza Panorámica;11151;CLF;3 dormitorios;2 baños;104 m² útiles;3 dormitorios | 2 baños | 104 m² útiles;Parque Botánico, Ñuñoa;
2025-11-29 18:07:45;Ñuñoa;departamento;Acogedor Departamento En Ñuñoa;5200;CLF;2 dormitorios;2 baños;75 m² útiles;2 dormitorios | 2 baños | 75 m² útiles;Ñuñoa;
2025-11-29 18:07:45;Ñuñoa;departamento;Imperdible Departamento  Metro Simón Bolívar;10648;CLF;3 dormitorios;2 baños;100 m² útiles;3 dormitorios | 2 baños | 100 m² útiles;Ñuñoa;
2025-11-29 18:07:45;Ñuñoa;departamento;Departamento General Bustamante Id: 15746;3890;CLF;2 dormitorios;2 baños;54 m² útiles;2 dormitorios | 2 baños | 54 m² útiles;General Bustamante, Metro Irarrázaval, Ñuñoa;
2025-11-29 18:07:45;Ñuñoa;departamento;Dpto Dúplex Con Terraza Privada Y Vista A La Cordillera;8500;CLF;2 dormitorios;2 baños;62 m² útiles;2 dormitorios | 2 baños | 62 m² útiles;Metro Monseñor Eyzaguirre, Ñuñoa;
2025-11-29 18:07:45;Ñuñoa;departamento;Oportunidad Departamento Ñuñoa;6970;CLF;2 dormitorios;2 baños;74 m² útiles;2 dormitorios | 2 baños | 74 m² útiles;Metro Simón Bolivar, Ñuñoa;
2025-11-29 18:07:45;Ñuñoa;departamento;Venta Departamento 2h 2b Cerca Metro;8468;CLF;2 dormitorios;2 baños;63 m² útiles;2 dormitorios | 2 baños | 63 m² útiles;Metro Simón Bolivar, Ñuñoa;
2025-11-29 18:07:45;Ñuñoa;departamento;Oportunidad Departamento Limite Providencia;7030;CLF;2 dormitorios;2 baños;64 m² útiles;2 dormitorios | 2 baños | 64 m² útiles;Metro Simón Bolivar, Ñuñoa;
2025-11-29 18:07:45;Ñuñoa;departamento;Departamento 2d Y 2b Más Terraza;7544;CLF;2 dormitorios;2 baños;66 m² útiles;2 dormitorios | 2 baños | 66 m² útiles;Parque Botánico, Ñuñoa;
2025-11-29 18:07:45;Ñuñoa;departamento;Departamento Ideal Para Inversionistas Airbnb;3400;CLF;1 dormitorio;1 baño;40 m² útiles;1 dormitorio | 1 baño | 40 m² útiles;Plaza Ñuñoa, Ñuñoa;
2025-11-29 18:07:45;Ñuñoa;departamento;Departamento Nuncio Laghi Id: 143853;5950;CLF;3 dormitorios;2 baños;69 m² útiles;3 dormitorios | 2 baños | 69 m² útiles;Nuncio Laghi, Ñuñoa;
2025-11-29 18:07:45;Ñuñoa;departamento;Sin Comisión!! En La Mejor Ubicación Y Cercano A Metro;5295;CLF;2 dormitorios;2 baños;60 m² útiles;2 dormitorios | 2 baños | 60 m² útiles;Metro Irarrázaval, Ñuñoa;
2025-11-29 18:07:45;Ñuñoa;departamento;Sin Comisión!! En La Mejor Ubicación De Ñuñoa Con Patio;7681;CLF;2 dormitorios;2 baños;56 m² útiles;2 dormitorios | 2 baños | 56 m² útiles;Plaza Ñuñoa, Ñuñoa;
2025-11-29 18:07:45;Ñuñoa;departamento;Sin Comisión! Departamento 2 Dormitorios Metro Irarrázaval;7409;CLF;2 dormitorios;2 baños;62 m² útiles;2 dormitorios | 2 baños | 62 m² útiles;Ñuñoa;
2025-11-29 18:07:45;Ñuñoa;departamento;Sin Comisión!! En La Mejor Ubicación De Ñuñoa;6879;CLF;2 dormitorios;2 baños;58 m² útiles;2 dormitorios | 2 baños | 58 m² útiles;Ñuñoa;
2025-11-29 18:07:45;Ñuñoa;departamento;Sin Comisión!! En La Mejor Ubicación Y Cercano A Metro;5295;CLF;2 dormitorios;2 baños;55 m² útiles;2 dormitorios | 2 baños | 55 m² útiles;Metro Irarrázaval, Ñuñoa;
2025-11-29 18:07:45;Ñuñoa;departamento;Sin Comisión! Departamento 2 Dormitorios Metro Irarrázaval;5627;CLF;2 dormitorios;2 baños;46 m² útiles;2 dormitorios | 2 baños | 46 m² útiles;Parque San Eugenio - Metro Ñuble, Ñuñoa;
2025-11-29 18:07:45;Ñuñoa;departamento;Sin Comisión¡¡ 3 Dormitorios Cerca Metro Ñuñoa;7060;CLF;3 dormitorios;2 baños;70 m² útiles;3 dormitorios | 2 baños | 70 m² útiles;Metro Ñuñoa, Ñuñoa;
2025-11-29 18:07:45;Ñuñoa;departamento;Barrio Italia Depto Patio Y Quincho Privado;5900;CLF;1 dormitorio;1 baño;57 m² útiles;1 dormitorio | 1 baño | 57 m² útiles;Ñuñoa;
2025-11-29 18:07:45;Ñuñoa;departamento;Sin Comisión! Departamento 2 Dormitorios Metro Irarrázaval;5542;CLF;2 dormitorios;1 baño;43 m² útiles;2 dormitorios | 1 baño | 43 m² útiles;Parque San Eugenio - Metro Ñuble, Ñuñoa;
2025-11-29 18:07:45;Ñuñoa;departamento;Sin Comisión!! En La Mejor Ubicación De Ñuñoa Con Patio;5208;CLF;1 dormitorio;1 baño;35 m² útiles;1 dormitorio | 1 baño | 35 m² útiles;Plaza Ñuñoa, Ñuñoa;
2025-11-29 18:07:45;Ñuñoa;departamento;Sin Comisión! Departamento 3 Dormitorios Cerca Metro Ñuñoa;9436;CLF;3 dormitorios;3 baños;73 m² útiles;3 dormitorios | 3 baños | 73 m² útiles;Ñuñoa;
2025-11-29 18:07:45;Ñuñoa;departamento;Departamento Remodelado, Cercano A Metro Ñuble;150000000;CLP;3 dormitorios;2 baños;87 m² útiles;3 dormitorios | 2 baños | 87 m² útiles;Estadio Nacional, Ñuñoa;
2025-11-29 18:07:45;Ñuñoa;departamento;Venta Departamento En Barrio Italia;4800;CLF;2 dormitorios;2 baños;68 m² útiles;2 dormitorios | 2 baños | 68 m² útiles;Metro Irarrázaval, Ñuñoa;
2025-11-29 18:07:45;Ñuñoa;departamento;Sin Comisión! Departamento 1 Dormitorio Cerca Metro Ñuñoa;5575;CLF;1 dormitorio;1 baño;35 m² útiles;1 dormitorio | 1 baño | 35 m² útiles;Metro Ñuñoa, Ñuñoa;
2025-11-29 18:07:45;Ñuñoa;departamento;Sin Comisión!! En La Mejor Ubicación De Ñuñoa;4737;CLF;1 dormitorio;1 baño;35 m² útiles;1 dormitorio | 1 baño | 35 m² útiles;Plaza Ñuñoa, Ñuñoa;
2025-11-29 18:07:45;Ñuñoa;departamento;Sin Comisión! Departamento 2 Dormitorios Cerca Metro Ñuñoa;5568;CLF;2 dormitorios;2 baños;61 m² útiles;2 dormitorios | 2 baños | 61 m² útiles;Metro Ñuñoa, Ñuñoa;
2025-11-29 18:07:45;Ñuñoa;departamento;Departamento Con Hermosa Y Despejada Vista;8990;CLF;3 dormitorios;2 baños;88 m² útiles;3 dormitorios | 2 baños | 88 m² útiles;Metro Monseñor Eyzaguirre, Ñuñoa;
2025-11-29 18:07:45;Ñuñoa;departamento;Departamento En Venta De 2 Dorm. En Ñuñoa;5372;CLF;2 dormitorios;2 baños;47 m² útiles;2 dormitorios | 2 baños | 47 m² útiles;Antonio Varas, Metro Monseñor Eyzaguirre, Ñuñoa;
2025-11-29 18:07:45;Ñuñoa;departamento;Departamento En Venta: Corazón De Ñuñoa;4000;CLF;2 dormitorios;2 baños;53 m² útiles;2 dormitorios | 2 baños | 53 m² útiles;Jose Manuel Infante, 2400 - 2700, Metro Monseñor Eyzaguirre, Ñuñoa;
2025-11-29 18:07:45;Ñuñoa;departamento;Sin Comisión! 3 Dormitorios Con Excelente Conectividad;9450;CLF;3 dormitorios;2 baños;81 m² útiles;3 dormitorios | 2 baños | 81 m² útiles;Estadio Nacional, Ñuñoa;
2025-11-29 18:07:45;Ñuñoa;departamento;Sin Comisión! Departamento 1 Dormitorio Metro Irarrázaval;3739;CLF;1 dormitorio;1 baño;31 m² útiles;1 dormitorio | 1 baño | 31 m² útiles;Parque San Eugenio - Metro Ñuble, Ñuñoa;
2025-11-29 18:07:45;Ñuñoa;departamento;Departamento En Venta De 3 Dorm. En Ñuñoa;4540;CLF;3 dormitorios;2 baños;66 m² útiles;3 dormitorios | 2 baños | 66 m² útiles;Ines De Suarez, Metro Ñuñoa, Ñuñoa;
2025-11-29 18:07:45;Ñuñoa;departamento;Sin Comisión! Departamento Studio Cerca Metro Ñuñoa;3199;CLF;1 dormitorio;1 baño;25 m² útiles;1 dormitorio | 1 baño | 25 m² útiles;Metro Ñuñoa, Ñuñoa;
2025-11-29 18:07:45;Ñuñoa;departamento;Lindo Y Cómodo Departamento En El Corazón De Ñuñoa;3038;CLF;1 dormitorio;1 baño;38 m² útiles;1 dormitorio | 1 baño | 38 m² útiles;Ñuñoa;
2025-11-29 18:07:45;Ñuñoa;departamento;Departamento A Pasos Del Metro Príncipe De Gales;6500;CLF;2 dormitorios;2 baños;50 m² útiles;2 dormitorios | 2 baños | 50 m² útiles;Amapolas, Ñuñoa;
2025-11-29 18:07:45;Ñuñoa;departamento;Cómodo Departamento En Ñuñoa Con Excelente Conectividad;5595;CLF;3 dormitorios;2 baños;75 m² útiles;3 dormitorios | 2 baños | 75 m² útiles;Metro Ñuñoa, Ñuñoa;
2025-11-29 18:08:16;Ñuñoa;departamento;Vendo Depto En Domingo Faustino Sarmiento 219, Ñuñoa;8990;CLF;3 dormitorios;2 baños;93 m² útiles;3 dormitorios | 2 baños | 93 m² útiles;Domingo Faustino Sarmiento 219, Ñuñoa, Metro Monseñor Eyzaguirre, Ñuñoa;
2025-11-29 18:08:16;Ñuñoa;departamento;Departamento Pedro Torres Id: 54913;8500;CLF;3 dormitorios;2 baños;90 m² útiles;3 dormitorios | 2 baños | 90 m² útiles;Pedro Torres, Parque Juan XXIII, Ñuñoa;
2025-11-29 18:08:16;Ñuñoa;departamento;Departamento Cerca De Plaza Egaña 3d+2b+1e+1bg;6200;CLF;3 dormitorios;2 baños;75 m² útiles;3 dormitorios | 2 baños | 75 m² útiles;Nuncio Laghi, 1 - 300, Plaza Egaña, Ñuñoa;
2025-11-29 18:08:16;Ñuñoa;departamento;Departamento 3d+2b Azotea Privada;12944;CLF;3 dormitorios;2 baños;104 m² útiles;3 dormitorios | 2 baños | 104 m² útiles;Parque Botánico, Ñuñoa;
2025-11-29 18:08:16;Ñuñoa;departamento;Departamento Ñuñoa 3d - 2b - 1e - B Metro Plaza Egaña;5500;CLF;3 dormitorios;2 baños;80 m² útiles;3 dormitorios | 2 baños | 80 m² útiles;Francisco De Villagra 77, Plaza Egaña, Ñuñoa;
2025-11-29 18:08:16;Ñuñoa;departamento;Venta Departamento 1d+2b Con Amplias Terrazas;6500;CLF;1 dormitorio;2 baños;60 m² útiles;1 dormitorio | 2 baños | 60 m² útiles;Eduardo Castillo Velasco, 1500 - 1800, Metro Monseñor Eyzaguirre, Ñuñoa;
2025-11-29 18:08:16;Ñuñoa;departamento;Departamento Tegualda Id: 72440;7500;CLF;3 dormitorios;2 baños;69 m² útiles;3 dormitorios | 2 baños | 69 m² útiles;Tegualda, Metro Irarrázaval, Ñuñoa;
2025-11-29 18:08:16;Ñuñoa;departamento;Moderno Departamento En Ubicación Céntrica Estratégica;3783;CLF;3 dormitorios;2 baños;97 m² útiles;3 dormitorios | 2 baños | 97 m² útiles;Estadio Nacional, Ñuñoa;
2025-11-29 18:08:16;Ñuñoa;departamento;Departamento San Eugenio Id: 131948;5450;CLF;4 dormitorios;2 baños;98 m² útiles;4 dormitorios | 2 baños | 98 m² útiles;San Eugenio, Metro Irarrázaval, Ñuñoa;
2025-11-29 18:08:16;Ñuñoa;departamento;Departamento Lincoyán Id: 18010;4100;CLF;2 dormitorios;1 baño;41 m² útiles;2 dormitorios | 1 baño | 41 m² útiles;Lincoyán, Metro Monseñor Eyzaguirre, Ñuñoa;
2025-11-29 18:08:16;Ñuñoa;departamento;Departamento 1d+1b+1estc En Ñuñoa;3800;CLF;1 dormitorio;1 baño;38 m² útiles;1 dormitorio | 1 baño | 38 m² útiles;Los 3 Antonios, 1 - 300, Estadio Nacional, Ñuñoa;
2025-11-29 18:08:16;Ñuñoa;departamento;Departamento Bremen Id: 75438;5250;CLF;2 dormitorios;2 baños;58 m² útiles;2 dormitorios | 2 baños | 58 m² útiles;Bremen, Plaza Egaña, Ñuñoa;
2025-11-29 18:08:16;Ñuñoa;departamento;Departamento Los Alerces Id: 112380;4500;CLF;2 dormitorios;2 baños;64 m² útiles;2 dormitorios | 2 baños | 64 m² útiles;Los Alerces, Estadio Nacional, Ñuñoa;
2025-11-29 18:08:16;Ñuñoa;departamento;Venta Departamento -marchant Pereira / 1d-1b-1 Bodega;3600;CLF;1 dormitorio;1 baño;28 m² útiles;1 dormitorio | 1 baño | 28 m² útiles;Marchant Pereira 3300, Metro Ñuñoa, Ñuñoa;
2025-11-29 18:08:16;Ñuñoa;departamento;Departamento 1d+1b En Ñuñoa;2650;CLF;1 dormitorio;1 baño;33 m² útiles;1 dormitorio | 1 baño | 33 m² útiles;Zañartu, 1200 - 1500, Estadio Nacional, Ñuñoa;
2025-11-29 18:08:16;Ñuñoa;departamento;¡venta Dept. 2d+2b+1e+b Con Terraza Amplia !;6585;CLF;2 dormitorios;2 baños;90 m² útiles;2 dormitorios | 2 baños | 90 m² útiles;Av Sucre, 2400 - 2700, Metro Ñuñoa, Ñuñoa;
2025-11-29 18:08:16;Ñuñoa;departamento;Departamento 2d+2b+1estc+1bdga En Ñuñoa;5000;CLF;2 dormitorios;2 baños;68 m² útiles;2 dormitorios | 2 baños | 68 m² útiles;Los Jardines, 1 - 300, Parque Juan XXIII, Ñuñoa;
2025-11-29 18:08:16;Ñuñoa;departamento;Departamento En Venta De 2 Dorm. En Ñuñoa;4500;CLF;2 dormitorios;1 baño;55 m² útiles;2 dormitorios | 1 baño | 55 m² útiles;IRARRAZAVAL / SALVADOR, Metro Irarrázaval, Ñuñoa;
2025-11-29 18:08:16;Ñuñoa;departamento;Departamento General José Artigas Id: 155213;5500;CLF;2 dormitorios;2 baños;60 m² útiles;2 dormitorios | 2 baños | 60 m² útiles;General José Artigas, Plaza Ñuñoa, Ñuñoa;
2025-11-29 18:08:16;Ñuñoa;departamento;Departamento Emilio Vaisse Id: 126998;3200;CLF;1 dormitorio;1 baño;33 m² útiles;1 dormitorio | 1 baño | 33 m² útiles;Emilio Vaisse, Metro Irarrázaval, Ñuñoa;
2025-11-29 18:08:16;Ñuñoa;departamento;Departamento Los Alerces Id: 113962;3800;CLF;2 dormitorios;1 baño;44 m² útiles;2 dormitorios | 1 baño | 44 m² útiles;Los Alerces, Estadio Nacional, Ñuñoa;
2025-11-29 18:08:16;Ñuñoa;departamento;Depto 2d2b Luminoso En Moderno Edificio!;4390;CLF;2 dormitorios;2 baños;64 m² útiles;2 dormitorios | 2 baños | 64 m² útiles;Estadio Nacional, Ñuñoa;
2025-11-29 18:08:16;Ñuñoa;departamento;Venta Departamento Ñuñoa 1d+1b+1e+1b;3100;CLF;1 dormitorio;1 baño;41 m² útiles;1 dormitorio | 1 baño | 41 m² útiles;San Eugenio, 1209, Parque San Eugenio - Metro Ñuble, Ñuñoa;
2025-11-29 18:08:16;Ñuñoa;departamento;Departamento Avenida Ricardo Lyon Id: 150914;8400;CLF;3 dormitorios;2 baños;85 m² útiles;3 dormitorios | 2 baños | 85 m² útiles;Avenida Ricardo Lyon, Metro Ñuñoa, Ñuñoa;
2025-11-29 18:08:16;Ñuñoa;departamento;Departamento Acogedor - Metro Estadio Nacional;3240;CLF;2 dormitorios;1 baño;63 m² útiles;2 dormitorios | 1 baño | 63 m² útiles;Estadio Nacional, Ñuñoa;
2025-11-29 18:08:16;Ñuñoa;departamento;Departamento Exequiel Fernández Id: 87587;3300;CLF;1 dormitorio;1 baño;37 m² útiles;1 dormitorio | 1 baño | 37 m² útiles;Exequiel Fernández, Estadio Nacional, Ñuñoa;
2025-11-29 18:08:16;Ñuñoa;departamento;Venta Departamento Plaza Ñuñoa;6000;CLF;2 dormitorios;2 baños;70 m² útiles;2 dormitorios | 2 baños | 70 m² útiles;Duble Almeyda, 1 - 300, Plaza Ñuñoa, Ñuñoa;
2025-11-29 18:08:16;Ñuñoa;departamento;Departamento Avenida José Pedro Alessandri Id: 122892;6200;CLF;3 dormitorios;2 baños;86 m² útiles;3 dormitorios | 2 baños | 86 m² útiles;Avenida José Pedro Alessandri, Juan Gómez Millas, Ñuñoa;
2025-11-29 18:08:16;Ñuñoa;departamento;Departamento Avenida Vicuña Mackenna Id: 150647;3400;CLF;1 dormitorio;1 baño;36 m² útiles;1 dormitorio | 1 baño | 36 m² útiles;Avenida Vicuña Mackenna, Metro Irarrázaval, Ñuñoa;
2025-11-29 18:08:16;Ñuñoa;departamento;Departamento Amplio En Ñuñoa;12500;CLF;3 dormitorios;3 baños;107 m² útiles;3 dormitorios | 3 baños | 107 m² útiles;Metro Ñuñoa, Ñuñoa;
2025-11-29 18:08:16;Ñuñoa;departamento;Departamento Emilio Vaisse Id: 107645;5100;CLF;2 dormitorios;2 baños;54 m² útiles;2 dormitorios | 2 baños | 54 m² útiles;Emilio Vaisse, Metro Irarrázaval, Ñuñoa;
2025-11-29 18:08:16;Ñuñoa;departamento;Depto. Barrio Italia, Se Aceptan Ofertas!!!;10800;CLF;3 dormitorios;3 baños;116 m² útiles;3 dormitorios | 3 baños | 116 m² útiles;Metro Monseñor Eyzaguirre, Ñuñoa;
2025-11-29 18:08:16;Ñuñoa;departamento;Departamento Venta Ñuñoa;9700;CLF;3 dormitorios;3 baños;130 m² útiles;3 dormitorios | 3 baños | 130 m² útiles;Estadio Nacional, Ñuñoa;
2025-11-29 18:08:16;Ñuñoa;departamento;Departamento Sucre Id: 100769;3995;CLF;1 dormitorio;1 baño;40 m² útiles;1 dormitorio | 1 baño | 40 m² útiles;Sucre, Metro Ñuñoa, Ñuñoa;
2025-11-29 18:08:16;Ñuñoa;departamento;Departamento Av. Irarrázaval Id: 137681;6000;CLF;2 dormitorios;2 baños;75 m² útiles;2 dormitorios | 2 baños | 75 m² útiles;Av. Irarrázaval, Metro Ñuñoa, Ñuñoa;
2025-11-29 18:08:16;Ñuñoa;departamento;Departamento Zañartu Id: 115788;3399;CLF;1 dormitorio;1 baño;34 m² útiles;1 dormitorio | 1 baño | 34 m² útiles;Zañartu, Estadio Nacional, Ñuñoa;
2025-11-29 18:08:16;Ñuñoa;departamento;Departamento Zañartu Id: 126344;5100;CLF;3 dormitorios;2 baños;70 m² útiles;3 dormitorios | 2 baños | 70 m² útiles;Zañartu, Estadio Nacional, Ñuñoa;
2025-11-29 18:08:16;Ñuñoa;departamento;Mall Plaza Egaña, Oportunidad De Inversión, Plusvalía;4120;CLF;1 dormitorio;1 baño;39 m² útiles;1 dormitorio | 1 baño | 39 m² útiles;Plaza Egaña, Ñuñoa;
2025-11-29 18:08:16;Ñuñoa;departamento;Venta Departamento 75 M Con Vista Oriente;5630;CLF;2 dormitorios;2 baños;72 m² útiles;2 dormitorios | 2 baños | 72 m² útiles;Plaza Egaña, Ñuñoa;
2025-11-29 18:08:16;Ñuñoa;departamento;Departamento Irarrázaval Id: 13424;5000;CLF;2 dormitorios;1 baño;50 m² útiles;2 dormitorios | 1 baño | 50 m² útiles;Irarrázaval, Plaza Ñuñoa, Ñuñoa;
2025-11-29 18:08:16;Ñuñoa;departamento;Departamento Mujica Id: 157350;3000;CLF;1 dormitorio;1 baño;30 m² útiles;1 dormitorio | 1 baño | 30 m² útiles;Mujica, Metro Irarrázaval, Ñuñoa;
2025-11-29 18:08:16;Ñuñoa;departamento;Departamento En Venta En Estadio Nacional, Ñuñoa;7850;CLF;3 dormitorios;2 baños;81 m² útiles;3 dormitorios | 2 baños | 81 m² útiles;Av. José Pedro Alessandri 1300, Estadio Nacional, Ñuñoa;
2025-11-29 18:08:16;Ñuñoa;departamento;Departamento Avenida Manuel Montt Id: 24708;7000;CLF;3 dormitorios;2 baños;68 m² útiles;3 dormitorios | 2 baños | 68 m² útiles;Avenida Manuel Montt, Metro Monseñor Eyzaguirre, Ñuñoa;
2025-11-29 18:08:16;Ñuñoa;departamento;Vista Despejada, Metro Monseñor Eyzaguirre;6500;CLF;2 dormitorios;2 baños;60 m² útiles;2 dormitorios | 2 baños | 60 m² útiles;Metro Monseñor Eyzaguirre, Ñuñoa;
2025-11-29 18:08:16;Ñuñoa;departamento;Excelente Depto 2d 2b En Nuncio Laghi;5400;CLF;2 dormitorios;2 baños;53 m² útiles;2 dormitorios | 2 baños | 53 m² útiles;Nuncio Laghi 561 - 3000, 0, Diagonal Oriente, Ñuñoa;
2025-11-29 18:08:16;Ñuñoa;departamento;Departamento Ortúzar Id: 102076;5000;CLF;2 dormitorios;2 baños;58 m² útiles;2 dormitorios | 2 baños | 58 m² útiles;Ortúzar, Villa Frei, Ñuñoa;
2025-11-29 18:08:16;Ñuñoa;departamento;Departamento A Estrenar 2d 2b Con Azotea Privada;9296;CLF;2 dormitorios;2 baños;71 m² útiles;2 dormitorios | 2 baños | 71 m² útiles;Amapolas, Ñuñoa;
2025-11-29 18:08:16;Ñuñoa;departamento;Departamento En Venta 3d 2b Metro Simón Bolívar;8272;CLF;3 dormitorios;2 baños;89 m² útiles;3 dormitorios | 2 baños | 89 m² útiles;Metro Simón Bolivar, Ñuñoa;
2025-11-29 18:08:54;Ñuñoa;departamento;Departamento Ottawa Id: 138119;9200;CLF;2 dormitorios;2 baños;100 m² útiles;2 dormitorios | 2 baños | 100 m² útiles;Ottawa, Parque Juan XXIII, Ñuñoa;
2025-11-29 18:08:54;Ñuñoa;departamento;Moderno Depto 2d/2b, Cerca Metro;5400;CLF;2 dormitorios;2 baños;55 m² útiles;2 dormitorios | 2 baños | 55 m² útiles;Metro Irarrázaval, Ñuñoa;
2025-11-29 18:08:54;Ñuñoa;departamento;Departamento Bretaña Id: 124359;3800;CLF;1 dormitorio;1 baño;38 m² útiles;1 dormitorio | 1 baño | 38 m² útiles;Bretaña, Metro Monseñor Eyzaguirre, Ñuñoa;
2025-11-29 18:08:54;Ñuñoa;departamento;Conectividad, Entorno Y Personalidad.;6200;CLF;3 dormitorios;2 baños;75 m² útiles;3 dormitorios | 2 baños | 75 m² útiles;Estadio Nacional, Ñuñoa;
2025-11-29 18:08:54;Ñuñoa;departamento;Departamento Zañartu Id: 24399;2680;CLF;1 dormitorio;1 baño;35 m² útiles;1 dormitorio | 1 baño | 35 m² útiles;Zañartu, Estadio Nacional, Ñuñoa;
2025-11-29 18:08:54;Ñuñoa;departamento;Venta / Departamento Simón Bolívar;7990;CLF;2 dormitorios;2 baños;84 m² útiles;2 dormitorios | 2 baños | 84 m² útiles;Metro Ñuñoa, Ñuñoa;
2025-11-29 18:08:54;Ñuñoa;departamento;Departamento San Jorge Id: 141226;3750;CLF;1 dormitorio;1 baño;45 m² útiles;1 dormitorio | 1 baño | 45 m² útiles;San Jorge, Diagonal Oriente, Ñuñoa;
2025-11-29 18:08:54;Ñuñoa;departamento;Conectividad, Entorno Y Personalidad.;4400;CLF;2 dormitorios;2 baños;48 m² útiles;2 dormitorios | 2 baños | 48 m² útiles;Estadio Nacional, Ñuñoa;
2025-11-29 18:08:54;Ñuñoa;departamento;Departamento En Ñuñoa: Confort Y Ubicación Perfecta;7000;CLF;2 dormitorios;2 baños;80 m² útiles;2 dormitorios | 2 baños | 80 m² útiles;Plaza Ñuñoa, Ñuñoa;
2025-11-29 18:08:54;Ñuñoa;departamento;Departamento Teniente Montt Id: 111602;4450;CLF;1 dormitorio;1 baño;43 m² útiles;1 dormitorio | 1 baño | 43 m² útiles;Teniente Montt, Metro Monseñor Eyzaguirre, Ñuñoa;
2025-11-29 18:08:54;Ñuñoa;departamento;Conectividad, Entorno Y Personalidad.;5060;CLF;2 dormitorios;2 baños;60 m² útiles;2 dormitorios | 2 baños | 60 m² útiles;Estadio Nacional, Ñuñoa;
2025-11-29 18:08:54;Ñuñoa;departamento;Departamento A Estrenar 2d 2b Ñuñoa;6930;CLF;2 dormitorios;2 baños;70 m² útiles;2 dormitorios | 2 baños | 70 m² útiles;Parque Botánico, Ñuñoa;
2025-11-29 18:08:54;Ñuñoa;departamento;Departamento En Venta En Metro Irarrázaval;5000;CLF;1 dormitorio;1 baño;42 m² útiles;1 dormitorio | 1 baño | 42 m² útiles;Av Italia Con Av. Irarrázaval / Metro Irarrázaval, Ñuñoa, Metro Irarrázaval, Ñuñoa;
2025-11-29 18:08:54;Ñuñoa;departamento;Venta Departamento 3d+3b+2e+1bog.;9990;CLF;3 dormitorios;3 baños;120 m² útiles;3 dormitorios | 3 baños | 120 m² útiles;Cirujano Videla, 1 - 300, Metro Monseñor Eyzaguirre, Ñuñoa;
2025-11-29 18:08:54;Ñuñoa;departamento;Propuesta Para Inversionistas Proyecto Eco Egaña ;3781;CLF;1 dormitorio;1 baño;33 m² útiles;1 dormitorio | 1 baño | 33 m² útiles;Irarrázaval 5651, Plaza Egaña, Ñuñoa;
2025-11-29 18:08:54;Ñuñoa;departamento;Sin Comisión Departamento 2 Dormitorio Buena Conectividad;3790;CLF;2 dormitorios;2 baños;43 m² útiles;2 dormitorios | 2 baños | 43 m² útiles;Estadio Nacional, Ñuñoa;
2025-11-29 18:08:54;Ñuñoa;departamento;Departamento Con Excelente Ubicación Ñuñoa;5390;CLF;2 dormitorios;2 baños;72 m² útiles;2 dormitorios | 2 baños | 72 m² útiles;Metro Monseñor Eyzaguirre, Ñuñoa;
2025-11-29 18:08:54;Ñuñoa;departamento;Departamento Los Tres Antonios Id: 88459;3600;CLF;1 dormitorio;1 baño;35 m² útiles;1 dormitorio | 1 baño | 35 m² útiles;Los Tres Antonios, Metro Ñuñoa, Ñuñoa;
2025-11-29 18:08:54;Ñuñoa;departamento;Departamento En Ñuñoa Excelente Ubicación;5600;CLF;2 dormitorios;2 baños;68 m² útiles;2 dormitorios | 2 baños | 68 m² útiles;Diagonal Oriente, Ñuñoa;
2025-11-29 18:08:54;Ñuñoa;departamento;Sin Comisión! 3 Dormitorios En Ñuñoa;5320;CLF;3 dormitorios;2 baños;69 m² útiles;3 dormitorios | 2 baños | 69 m² útiles;Estadio Nacional, Ñuñoa;
2025-11-29 18:08:54;Ñuñoa;departamento;Sin Comisión 2 Dormitorios En Ñuñoa;4249;CLF;2 dormitorios;2 baños;50 m² útiles;2 dormitorios | 2 baños | 50 m² útiles;Estadio Nacional, Ñuñoa;
2025-11-29 18:08:54;Ñuñoa;departamento;Sin Comisión¡ Departamento 1 Dormitorio Buena Conectividad;3150;CLF;1 dormitorio;1 baño;35 m² útiles;1 dormitorio | 1 baño | 35 m² útiles;Estadio Nacional, Ñuñoa;
2025-11-29 18:08:54;Ñuñoa;departamento;Sin Comisión¡ Departamento 1 Dormitorio En Ñuñoa;3203;CLF;1 dormitorio;1 baño;33 m² útiles;1 dormitorio | 1 baño | 33 m² útiles;Estadio Nacional, Ñuñoa;
2025-11-29 18:08:54;Ñuñoa;departamento;Sin Comisión! 2 Dormitorios Mariposa Gran Conectividad;3792;CLF;2 dormitorios;2 baños;52 m² útiles;2 dormitorios | 2 baños | 52 m² útiles;Estadio Nacional, Ñuñoa;
2025-11-29 18:08:54;Ñuñoa;departamento;Conectividad, Entorno Y Personalidad.;4850;CLF;2 dormitorios;2 baños;58 m² útiles;2 dormitorios | 2 baños | 58 m² útiles;Estadio Nacional, Ñuñoa;
2025-11-29 18:08:54;Ñuñoa;departamento;Departamento Pedro Torres Id: 161016;3700;CLF;2 dormitorios;1 baño;50 m² útiles;2 dormitorios | 1 baño | 50 m² útiles;Pedro Torres, Parque Juan XXIII, Ñuñoa;
2025-11-29 18:08:54;Ñuñoa;departamento;Metro Chile España;4745;CLF;2 dormitorios;2 baños;60 m² útiles;2 dormitorios | 2 baños | 60 m² útiles;Sta. Julia 45, Ñuñoa, Parque Juan XXIII, Ñuñoa;
2025-11-29 18:08:54;Ñuñoa;departamento;Departamento Los Cerezos Id: 156356;4550;CLF;2 dormitorios;2 baños;65 m² útiles;2 dormitorios | 2 baños | 65 m² útiles;Los Cerezos, Parque Juan XXIII, Ñuñoa;
2025-11-29 18:08:54;Ñuñoa;departamento;Metro Irarrazabal A Un Minuto;4750;CLF;3 dormitorios;2 baños;693 m² útiles;3 dormitorios | 2 baños | 693 m² útiles;Av. Gral. Bustamante 1015, Ñuñoa, Metro Irarrázaval, Ñuñoa;
2025-11-29 18:08:54;Ñuñoa;departamento;Nuevo, 3 Dormitorios, Estar, Piscina;10863;CLF;3 dormitorios;2 baños;103 m² útiles;3 dormitorios | 2 baños | 103 m² útiles;Pedro Torres, Parque Botánico, Ñuñoa;
2025-11-29 18:08:54;Ñuñoa;departamento;Departamento Til Til Id: 133613;3700;CLF;2 dormitorios;1 baño;45 m² útiles;2 dormitorios | 1 baño | 45 m² útiles;Til Til, Estadio Nacional, Ñuñoa;
2025-11-29 18:08:54;Ñuñoa;departamento;Departamento Julio Prado Id: 119432;8200;CLF;2 dormitorios;2 baños;84 m² útiles;2 dormitorios | 2 baños | 84 m² útiles;Julio Prado, Metro Monseñor Eyzaguirre, Ñuñoa;
2025-11-29 18:08:54;Ñuñoa;departamento;Departamento Zañartu Id: 154163;3570;CLF;2 dormitorios;2 baños;49 m² útiles;2 dormitorios | 2 baños | 49 m² útiles;Zañartu, Estadio Nacional, Ñuñoa;
2025-11-29 18:08:54;Ñuñoa;departamento;Departamento Avenida Simón Bolívar Id: 152448;4900;CLF;1 dormitorio;1 baño;46 m² útiles;1 dormitorio | 1 baño | 46 m² útiles;Avenida Simón Bolívar, Metro Ñuñoa, Ñuñoa;
2025-11-29 18:08:54;Ñuñoa;departamento;Departamento Avenida Irarrázaval Id: 108533;4750;CLF;2 dormitorios;1 baño;51 m² útiles;2 dormitorios | 1 baño | 51 m² útiles;Avenida Irarrázaval, Plaza Egaña, Ñuñoa;
2025-11-29 18:08:54;Ñuñoa;departamento;Seminuevo Ñuñoa Simón Bolivar;7990;CLF;2 dormitorios;2 baños;90 m² útiles;2 dormitorios | 2 baños | 90 m² útiles;ÑUÑOA SEMINUEVO, Metro Ñuñoa, Ñuñoa;
2025-11-29 18:08:54;Ñuñoa;departamento;Departamento Zañartu Id: 139196;138000000;CLP;2 dormitorios;2 baños;48 m² útiles;2 dormitorios | 2 baños | 48 m² útiles;Zañartu, Estadio Nacional, Ñuñoa;
2025-11-29 18:08:54;Ñuñoa;departamento;Metro Chile España;6000;CLF;2 dormitorios;2 baños;60 m² útiles;2 dormitorios | 2 baños | 60 m² útiles;Enrique Richard 3393, Ñuñoa, Plaza Ñuñoa, Ñuñoa;
2025-11-29 18:08:54;Ñuñoa;departamento;Departamento Zañartu Id: 108545;3690;CLF;2 dormitorios;2 baños;52 m² útiles;2 dormitorios | 2 baños | 52 m² útiles;Zañartu, Estadio Nacional, Ñuñoa;
2025-11-29 18:08:54;Ñuñoa;departamento;Departamento En Venta De 3 Dorm. En Ñuñoa;9300;CLF;3 dormitorios;2 baños;109 m² útiles;3 dormitorios | 2 baños | 109 m² útiles;Cercano A Monseñor Eyzaguirre, Metro Monseñor Eyzaguirre, Ñuñoa;
2025-11-29 18:08:54;Ñuñoa;departamento;Departamento Avenida José Pedro Alessandri Id: 158490;3400;CLF;1 dormitorio;1 baño;38 m² útiles;1 dormitorio | 1 baño | 38 m² útiles;Avenida José Pedro Alessandri, Estadio Nacional, Ñuñoa;
2025-11-29 18:08:54;Ñuñoa;departamento;Departamento Zañartu Id: 114002;4000;CLF;2 dormitorios;2 baños;52 m² útiles;2 dormitorios | 2 baños | 52 m² útiles;Zañartu, Estadio Nacional, Ñuñoa;
2025-11-29 18:08:54;Ñuñoa;departamento;Departamento San Eugenio Id: 144846;3700;CLF;1 dormitorio;1 baño;38 m² útiles;1 dormitorio | 1 baño | 38 m² útiles;San Eugenio, Parque San Eugenio - Metro Ñuble, Ñuñoa;
2025-11-29 18:08:54;Ñuñoa;departamento;Vive Ñuñoa: Departamento En Venta De 2 Dormitorios;6800;CLF;2 dormitorios;2 baños;76 m² útiles;2 dormitorios | 2 baños | 76 m² útiles;Eduardo Castillo Velasco 2958, Estadio Nacional, Ñuñoa;
2025-11-29 18:08:54;Ñuñoa;departamento;Departamento San Eugenio Id: 157476;220000000;CLP;3 dormitorios;2 baños;75 m² útiles;3 dormitorios | 2 baños | 75 m² útiles;San Eugenio, Parque San Eugenio - Metro Ñuble, Ñuñoa;
2025-11-29 18:08:54;Ñuñoa;departamento;Departamento Mujica Id: 41201;4400;CLF;2 dormitorios;1 baño;45 m² útiles;2 dormitorios | 1 baño | 45 m² útiles;Mujica, Metro Irarrázaval, Ñuñoa;
2025-11-29 18:08:54;Ñuñoa;departamento;Departamento En Venta De 2 Dorm. En Ñuñoa;7000;CLF;2 dormitorios;2 baños;83 m² útiles;2 dormitorios | 2 baños | 83 m² útiles;Italia Con Irarrázaval, Plaza Ñuñoa, Ñuñoa;
2025-11-29 18:08:54;Ñuñoa;departamento;Sin Comisión!! En La Mejor Ubicación Y Cercano A Metro;6450;CLF;2 dormitorios;2 baños;73 m² útiles;2 dormitorios | 2 baños | 73 m² útiles;Metro Irarrázaval, Ñuñoa;
2025-11-29 18:09:44;Ñuñoa;departamento;El Lugar Para Disfrutar Adentro Y Afuera De Tu Departamento;4052;CLF;1 dormitorio;1 baño;36 m² útiles;1 dormitorio | 1 baño | 36 m² útiles;Ñuñoa;
2025-11-29 18:09:44;Ñuñoa;departamento;Departamento En Venta  Excelente Ubicación Y Conectividad;4500;CLF;2 dormitorios;2 baños;62 m² útiles;2 dormitorios | 2 baños | 62 m² útiles;Metro Monseñor Eyzaguirre, Ñuñoa;
2025-11-29 18:09:44;Ñuñoa;departamento;Departamento Francisco Meneses Id: 141136;5950;CLF;3 dormitorios;2 baños;67 m² útiles;3 dormitorios | 2 baños | 67 m² útiles;Francisco Meneses, Estadio Nacional, Ñuñoa;
2025-11-29 18:09:44;Ñuñoa;departamento;Departamento Avenida Pedro De Valdivia Id: 142624;4100;CLF;1 dormitorio;1 baño;40 m² útiles;1 dormitorio | 1 baño | 40 m² útiles;Avenida Pedro De Valdivia, Metro Ñuñoa, Ñuñoa;
2025-11-29 18:09:44;Ñuñoa;departamento;Departamento En Venta De 2 Dorm. En Ñuñoa;5905;CLF;2 dormitorios;2 baños;71 m² útiles;2 dormitorios | 2 baños | 71 m² útiles;Plaza Ñuñoa, Gerona Y Jorge Washington, Ñuñoa / Metro Chile España, Plaza Ñuñoa, Ñuñoa;
2025-11-29 18:09:44;Ñuñoa;departamento;Departamento Tucapel Id: 116037;3390;CLF;1 dormitorio;1 baño;34 m² útiles;1 dormitorio | 1 baño | 34 m² útiles;Tucapel, Metro Irarrázaval, Ñuñoa;
2025-11-29 18:09:44;Ñuñoa;departamento;Nuevo En Metro Monseñor Eyzaguirre. Sin Comisión!;7092;CLF;2 dormitorios;1 baño;51 m² útiles;2 dormitorios | 1 baño | 51 m² útiles;Metro Monseñor Eyzaguirre, Ñuñoa;
2025-11-29 18:09:44;Ñuñoa;departamento;Sin Comisión! Departamento 3 Dormitorios En Ñuñoa;5943;CLF;3 dormitorios;2 baños;70 m² útiles;3 dormitorios | 2 baños | 70 m² útiles;Estadio Nacional, Ñuñoa;
2025-11-29 18:09:44;Ñuñoa;departamento;Sin Comisión! Departamento 1 Dormitorio En Ñuñoa;3372;CLF;1 dormitorio;1 baño;35 m² útiles;1 dormitorio | 1 baño | 35 m² útiles;Estadio Nacional, Ñuñoa;
2025-11-29 18:09:44;Ñuñoa;departamento;Sin Comisión! Departamento 3 Dormitorios. Metro Irarrázaval;8840;CLF;3 dormitorios;2 baños;79 m² útiles;3 dormitorios | 2 baños | 79 m² útiles;Parque San Eugenio - Metro Ñuble, Ñuñoa;
2025-11-29 18:09:44;Ñuñoa;departamento;Sin Comisión! Cocina Cerrada Cercano Al Metro Irarrázaval;7417;CLF;3 dormitorios;2 baños;81 m² útiles;3 dormitorios | 2 baños | 81 m² útiles;Parque San Eugenio - Metro Ñuble, Ñuñoa;
2025-11-29 18:09:44;Ñuñoa;departamento;Departamento En Venta De 2 Dorm. En Ñuñoa;5100;CLF;2 dormitorios;2 baños;60 m² útiles;2 dormitorios | 2 baños | 60 m² útiles;Avenida Irarrázaval, Plaza Ñuñoa, Ñuñoa;
2025-11-29 18:09:44;Ñuñoa;departamento;Departamento En Venta De 3 Dorm. En Ñuñoa;7000;CLF;3 dormitorios;2 baños;83 m² útiles;3 dormitorios | 2 baños | 83 m² útiles;Av Italia Con Irarrázaval, Metro Irarrázaval, Ñuñoa;
2025-11-29 18:09:44;Ñuñoa;departamento;Departamento Zañartu Id: 144394;4100;CLF;2 dormitorios;2 baños;57 m² útiles;2 dormitorios | 2 baños | 57 m² útiles;Zañartu, Estadio Nacional, Ñuñoa;
2025-11-29 18:09:44;Ñuñoa;departamento;Departamento Monseñor Eyzaguirre Id: 158943;6800;CLF;2 dormitorios;2 baños;70 m² útiles;2 dormitorios | 2 baños | 70 m² útiles;Monseñor Eyzaguirre, Estadio Nacional, Ñuñoa;
2025-11-29 18:09:44;Ñuñoa;departamento;Dptos. De 3d2b. Entrega Inmediata. Compra Sin Comisión!!;8985;CLF;3 dormitorios;2 baños;97 m² útiles;3 dormitorios | 2 baños | 97 m² útiles;Plaza Ñuñoa, Ñuñoa;
2025-11-29 18:09:44;Ñuñoa;departamento;Metro Ñuñoa;4000;CLF;1 dormitorio;1 baño;38 m² útiles;1 dormitorio | 1 baño | 38 m² útiles;Av. Irarrázaval 2220, Ñuñoa, Metro Ñuñoa, Ñuñoa;
2025-11-29 18:09:44;Ñuñoa;departamento;Sin Comisión¡ Excelente Departamento De 3 Dormitorios;8267;CLF;3 dormitorios;2 baños;82 m² útiles;3 dormitorios | 2 baños | 82 m² útiles;Estadio Nacional, Ñuñoa;
2025-11-29 18:09:44;Ñuñoa;departamento;Departamento Avenida Irarrázaval Id: 133648;5392;CLF;2 dormitorios;2 baños;57 m² útiles;2 dormitorios | 2 baños | 57 m² útiles;Avenida Irarrázaval, Plaza Egaña, Ñuñoa;
2025-11-29 18:09:44;Ñuñoa;departamento;Sin Comisión¡ Excelentes Departamento De 2 Dormitorios;4847;CLF;2 dormitorios;1 baño;43 m² útiles;2 dormitorios | 1 baño | 43 m² útiles;Estadio Nacional, Ñuñoa;
2025-11-29 18:09:44;Ñuñoa;departamento;Excelentes Departamentos De 1 Dormitorio;3851;CLF;1 dormitorio;1 baño;34 m² útiles;1 dormitorio | 1 baño | 34 m² útiles;Estadio Nacional, Ñuñoa;
2025-11-29 18:09:44;Ñuñoa;departamento;Sin Comisión! Cercano Metro Irarrázaval;6234;CLF;2 dormitorios;2 baños;66 m² útiles;2 dormitorios | 2 baños | 66 m² útiles;Parque San Eugenio - Metro Ñuble, Ñuñoa;
2025-11-29 18:09:44;Ñuñoa;departamento;Cercano A Metro Ñuñoa Y Monseñor Eyzaguirre;5990;CLF;2 dormitorios;2 baños;68 m² útiles;2 dormitorios | 2 baños | 68 m² útiles;Metro Ñuñoa, Ñuñoa;
2025-11-29 18:09:44;Ñuñoa;departamento;Departamento En Venta De 2 Dorm. En Ñuñoa;8000;CLF;2 dormitorios;2 baños;70 m² útiles;2 dormitorios | 2 baños | 70 m² útiles;Pedro De Valdivia Y Av Sucre, Metro Ñuñoa, Ñuñoa;
2025-11-29 18:09:44;Ñuñoa;departamento;Vista Panorámica - Barrio Italia - Metro  Irarrázaval;3790;CLF;1 dormitorio;1 baño;36 m² útiles;1 dormitorio | 1 baño | 36 m² útiles;Metro Irarrázaval, Ñuñoa;
2025-11-29 18:09:44;Ñuñoa;departamento;Excelente Departamento A Pasos De Metro;5900;CLF;3 dormitorios;2 baños;85 m² útiles;3 dormitorios | 2 baños | 85 m² útiles;Diagonal Oriente, Ñuñoa;
2025-11-29 18:09:44;Ñuñoa;departamento;Dptos De 2d2b Entrega Inmediata! Sin Comisión!!;7928;CLF;2 dormitorios;2 baños;65 m² útiles;2 dormitorios | 2 baños | 65 m² útiles;Plaza Ñuñoa, Ñuñoa;
2025-11-29 18:09:44;Ñuñoa;departamento;Ñuñoa  Nuevos  Metro Ñuble / Zañartu;2503;CLF;1 dormitorio;1 baño;35 m² útiles;1 dormitorio | 1 baño | 35 m² útiles;Zañartu 980, Ñuñoa, Estadio Nacional, Ñuñoa;
2025-11-29 18:09:44;Ñuñoa;departamento;Hermoso Y Remodelado: Metro Monseñor Eyzaguirre;7500;CLF;3 dormitorios;2 baños;98 m² útiles;3 dormitorios | 2 baños | 98 m² útiles;Metro Monseñor Eyzaguirre, Ñuñoa;
2025-11-29 18:09:44;Ñuñoa;departamento;Departamento En Venta En Metro Ñuñoa, Ñuñoa;7500;CLF;2 dormitorios;2 baños;74 m² útiles;2 dormitorios | 2 baños | 74 m² útiles;Dublé Almeyda 2776, Metro Ñuñoa, Ñuñoa;
2025-11-29 18:09:44;Ñuñoa;departamento;Departamento En Venta En Ñuñoa;5800;CLF;1 dormitorio;1 baño;57 m² útiles;1 dormitorio | 1 baño | 57 m² útiles;Jose Artigas , Nuñoa, Plaza Ñuñoa, Ñuñoa;
2025-11-29 18:09:44;Ñuñoa;departamento;Sin Comisión! Departamento 3 Dormitorios Cerca Metro Ñuñoa;7198;CLF;3 dormitorios;2 baños;76 m² útiles;3 dormitorios | 2 baños | 76 m² útiles;Metro Ñuñoa, Ñuñoa;
2025-11-29 18:09:44;Ñuñoa;departamento;Excelente Departamento De 2 Dormitorios Y 2 Baños;5245;CLF;2 dormitorios;2 baños;52 m² útiles;2 dormitorios | 2 baños | 52 m² útiles;Estadio Nacional, Ñuñoa;
2025-11-29 18:09:44;Ñuñoa;departamento;Sin Comisión! Departamento 2 Dormitorios En Ñuñoa;4535;CLF;2 dormitorios;2 baños;53 m² útiles;2 dormitorios | 2 baños | 53 m² útiles;Estadio Nacional, Ñuñoa;
2025-11-29 18:09:44;Ñuñoa;departamento;Departamento Las Dalias Id: 161875;4400;CLF;2 dormitorios;2 baños;51 m² útiles;2 dormitorios | 2 baños | 51 m² útiles;Las Dalias, Estadio Nacional, Ñuñoa;
2025-11-29 18:09:44;Ñuñoa;departamento;Departamentos 1 Dormitorio. Metro Monseñor Eyzaguirre;4140;CLF;1 dormitorio;1 baño;34 m² útiles;1 dormitorio | 1 baño | 34 m² útiles;Metro Monseñor Eyzaguirre, Ñuñoa;
2025-11-29 18:09:44;Ñuñoa;departamento;Departamento Mujica Id: 144861;4600;CLF;2 dormitorios;2 baños;62 m² útiles;2 dormitorios | 2 baños | 62 m² útiles;Mujica, Metro Irarrázaval, Ñuñoa;
2025-11-29 18:09:44;Ñuñoa;departamento;Departamento Avenida Vicuña Mackenna Id: 140392;2800;CLF;1 dormitorio;1 baño;20 m² útiles;1 dormitorio | 1 baño | 20 m² útiles;Avenida Vicuña Mackenna, Metro Irarrázaval, Ñuñoa;
2025-11-29 18:09:44;Ñuñoa;departamento;Dptos De 3d3b. Entrega Inmediata!! Sin Comisión!!;9579;CLF;3 dormitorios;3 baños;104 m² útiles;3 dormitorios | 3 baños | 104 m² útiles;Ñuñoa;
2025-11-29 18:09:44;Ñuñoa;departamento;Departamento En Venta En Ñuñoa;5299;CLF;2 dormitorios;2 baños;47 m² útiles;2 dormitorios | 2 baños | 47 m² útiles;Antonio Varas, Metro Monseñor Eyzaguirre, Ñuñoa;
2025-11-29 18:09:44;Ñuñoa;departamento;Metro Estadio Nacional;3100;CLF;1 dormitorio;1 baño;35 m² útiles;1 dormitorio | 1 baño | 35 m² útiles;Zañartu 2560, Ñuñoa, Estadio Nacional, Ñuñoa;
2025-11-29 18:09:44;Ñuñoa;departamento;Sin Comisión! Departamento 2 Dormitorios A Pasos Metro;5380;CLF;2 dormitorios;2 baños;52 m² útiles;2 dormitorios | 2 baños | 52 m² útiles;Metro Irarrázaval, Ñuñoa;
2025-11-29 18:09:44;Ñuñoa;departamento;Sin Comisión! Departamento Studio A Pasos Metro Irarrázaval;3610;CLF;1 dormitorio;1 baño;33 m² útiles;1 dormitorio | 1 baño | 33 m² útiles;Metro Irarrázaval, Ñuñoa;
2025-11-29 18:09:44;Ñuñoa;departamento;Metro Ñuñoa;3490;CLF;1 dormitorio;1 baño;33 m² útiles;1 dormitorio | 1 baño | 33 m² útiles;Marchant Pereira 3350, Ñuñoa, Metro Ñuñoa, Ñuñoa;
2025-11-29 18:09:44;Ñuñoa;departamento;Sin Comisión! Nuevo 1 Dormitorio Metro Monseñor Eyzaguirre;4865;CLF;1 dormitorio;1 baño;32 m² útiles;1 dormitorio | 1 baño | 32 m² útiles;Metro Monseñor Eyzaguirre, Ñuñoa;
2025-11-29 18:09:44;Ñuñoa;departamento;Nuevo, 2 Dormitorios, 2 Baños, Piscina;7018;CLF;2 dormitorios;2 baños;66 m² útiles;2 dormitorios | 2 baños | 66 m² útiles;Pedro Torres, Parque Botánico, Ñuñoa;
2025-11-29 18:09:44;Ñuñoa;departamento;Departamento En Venta En Ñuñoa;3850;CLF;1 dormitorio;1 baño;41 m² útiles;1 dormitorio | 1 baño | 41 m² útiles;Seminario/ Mujica, Metro Irarrázaval, Ñuñoa;
2025-11-29 18:09:44;Ñuñoa;departamento;Sin Comisión! 2 Dormitorios Con Excelente Conectividad;7179;CLF;2 dormitorios;2 baños;64 m² útiles;2 dormitorios | 2 baños | 64 m² útiles;Estadio Nacional, Ñuñoa;
2025-11-29 18:10:05;Ñuñoa;departamento;Sin Comisión Departamento De 2 Dormitorios - Metro Ñuñoa;5807;CLF;2 dormitorios;2 baños;53 m² útiles;2 dormitorios | 2 baños | 53 m² útiles;Metro Ñuñoa, Ñuñoa;
2025-11-29 18:10:05;Ñuñoa;departamento;Nuevo, 1 Dormitorio, 1 Baño, Piscina;6406;CLF;1 dormitorio;1 baño;50 m² útiles;1 dormitorio | 1 baño | 50 m² útiles;Pedro Torres, Parque Botánico, Ñuñoa;
2025-11-29 18:10:05;Ñuñoa;departamento;Sin Comisión! Departamento Mariposa A Pasos Metro;5030;CLF;2 dormitorios;2 baños;48 m² útiles;2 dormitorios | 2 baños | 48 m² útiles;Metro Irarrázaval, Ñuñoa;
2025-11-29 18:10:05;Ñuñoa;departamento;Departamento 2 Dormitorios - Sin Comisión - Metro Ñuñoar;8512;CLF;2 dormitorios;3 baños;53 m² útiles;2 dormitorios | 3 baños | 53 m² útiles;Metro Ñuñoa, Ñuñoa;
2025-11-29 18:10:05;Ñuñoa;departamento;¡encantador Dpto. En Ñuñoa Con Amplia Terraza!;4500;CLF;1 dormitorio;1 baño;34 m² útiles;1 dormitorio | 1 baño | 34 m² útiles;San Juan De La Luz, 4800 - 5100, Diego De Almagro, Ñuñoa;
2025-11-29 18:10:05;Ñuñoa;departamento;Sin Comisión¡ Departamento 2 Dormitorios. Full Conectividad;4971;CLF;2 dormitorios;1 baño;42 m² útiles;2 dormitorios | 1 baño | 42 m² útiles;Metro Monseñor Eyzaguirre, Ñuñoa;
2025-11-29 18:10:05;Ñuñoa;departamento;Gran Oportunidad Depto. Para Inversión O Primera Vivienda;3200;CLF;1 dormitorio;1 baño;26 m² útiles;1 dormitorio | 1 baño | 26 m² útiles;Metro Monseñor Eyzaguirre, Ñuñoa;
2025-11-29 18:10:05;Ñuñoa;departamento;Sin Comisión¡¡ 1 Dormitorio Cerca Metro Ñuñoa;4316;CLF;1 dormitorio;1 baño;41 m² útiles;1 dormitorio | 1 baño | 41 m² útiles;Metro Ñuñoa, Ñuñoa;
2025-11-29 18:10:05;Ñuñoa;departamento;Metro Villa Frei A Cuatro Min Y Metro Chile España;3990;CLF;1 dormitorio;1 baño;42 m² útiles;1 dormitorio | 1 baño | 42 m² útiles;Diag. Ote. 5175, Ñuñoa, Diagonal Oriente, Ñuñoa;
2025-11-29 18:10:05;Ñuñoa;departamento;Sin Comisión¡ Departamento 2 Dormitorios. Full Conectividad;6210;CLF;2 dormitorios;2 baños;53 m² útiles;2 dormitorios | 2 baños | 53 m² útiles;Metro Monseñor Eyzaguirre, Ñuñoa;
2025-11-29 18:10:05;Ñuñoa;departamento;Nuevo En Metro Monseñor Eyzaguirre. Sin Comisión!;6021;CLF;2 dormitorios;2 baños;53 m² útiles;2 dormitorios | 2 baños | 53 m² útiles;Metro Monseñor Eyzaguirre, Ñuñoa;
2025-11-29 18:10:05;Ñuñoa;departamento;Departamento En Venta De 2 Dorm. En Ñuñoa;3500;CLF;2 dormitorios;2 baños;59 m² útiles;2 dormitorios | 2 baños | 59 m² útiles;Av. Vicuña Mackenna, Estadio Nacional, Ñuñoa;
2025-11-29 18:10:05;Ñuñoa;departamento;Metro Estadio Nacional;4200;CLF;2 dormitorios;2 baños;46 m² útiles;2 dormitorios | 2 baños | 46 m² útiles;Zañartu 1111, Ñuñoa, Estadio Nacional, Ñuñoa;
2025-11-29 18:10:05;Ñuñoa;departamento;Cercano Metro Simón Bolivar, 3 Dormitorios, Piscina;10855;CLF;3 dormitorios;2 baños;100 m² útiles;3 dormitorios | 2 baños | 100 m² útiles;Metro Simón Bolivar, Metro Simón Bolivar, Ñuñoa;
2025-11-29 18:10:05;Ñuñoa;departamento;Metro Simón Bolivar, 2 Dormitorios, Piscina;6970;CLF;2 dormitorios;2 baños;73 m² útiles;2 dormitorios | 2 baños | 73 m² útiles;Metro Simón Bolivar, Metro Simón Bolivar, Ñuñoa;
2025-11-29 18:10:05;Ñuñoa;departamento;Amplio Depto. 1d/1b/est., 40m2, San Eugenio, Metro Ñuble;3150;CLF;1 dormitorio;1 baño;37 m² útiles;1 dormitorio | 1 baño | 37 m² útiles;San Eugenio 1209, Ñuñoa, Parque San Eugenio - Metro Ñuble, Ñuñoa;
2025-11-29 18:10:05;Ñuñoa;departamento;Departamento Banco De Chile Id: 154340;5600;CLF;3 dormitorios;2 baños;70 m² útiles;3 dormitorios | 2 baños | 70 m² útiles;Banco De Chile, Parque Juan XXIII, Ñuñoa;
2025-11-29 18:10:05;Ñuñoa;departamento;Sin Comisión! 2 Dormitorios A Pasos Metro Los Orientales;4918;CLF;2 dormitorios;2 baños;46 m² útiles;2 dormitorios | 2 baños | 46 m² útiles;Diagonal Oriente, Ñuñoa;
2025-11-29 18:10:05;Ñuñoa;departamento;Sin Comisión! Departamento Mariposa Metro Los Orientales;5954;CLF;2 dormitorios;2 baños;58 m² útiles;2 dormitorios | 2 baños | 58 m² útiles;Diagonal Oriente, Ñuñoa;
2025-11-29 18:10:05;Ñuñoa;departamento;Sin Comisión! 1 Dormitorio A Pasos Metro Los Orientales;4389;CLF;1 dormitorio;1 baño;37 m² útiles;1 dormitorio | 1 baño | 37 m² útiles;Diagonal Oriente, Ñuñoa;
2025-11-29 18:10:05;Ñuñoa;departamento;Metro Plaza Egaña Y Metro Villa Frei;3990;CLF;1 dormitorio;1 baño;42 m² útiles;1 dormitorio | 1 baño | 42 m² útiles;Diag. Ote. 5175, Ñuñoa, Diagonal Oriente, Ñuñoa;
2025-11-29 18:10:05;Ñuñoa;departamento;Departamento En Venta De 1 Dorm. En La Cisterna;2000;CLF;1 dormitorio;1 baño;31 m² útiles;1 dormitorio | 1 baño | 31 m² útiles;VENTA DEPARTAMENTO EN LA CISTERNA / CERCANO A LA INTERMODAL DE LA CISTERNA, Metro Irarrázaval, Ñuñoa;
2025-11-29 18:10:05;Ñuñoa;departamento;Departamento Irarrázaval Id: 66114;2800;CLF;1 dormitorio;1 baño;24 m² útiles;1 dormitorio | 1 baño | 24 m² útiles;Irarrázaval, Metro Irarrázaval, Ñuñoa;
2025-11-29 18:10:05;Ñuñoa;departamento;En Condiminio Cercano Metro Villa Frei;150000000;CLP;2 dormitorios;2 baños;60 m² útiles;2 dormitorios | 2 baños | 60 m² útiles;Diagonal Oriente, Ñuñoa;
2025-11-29 18:10:05;Ñuñoa;departamento;Departamento Julio Prado Id: 105749;5700;CLF;3 dormitorios;2 baños;69 m² útiles;3 dormitorios | 2 baños | 69 m² útiles;Julio Prado, Metro Monseñor Eyzaguirre, Ñuñoa;
2025-11-29 18:10:05;Ñuñoa;departamento;Departamento Mujica Id: 18519;3550;CLF;1 dormitorio;1 baño;36 m² útiles;1 dormitorio | 1 baño | 36 m² útiles;Mujica, Metro Irarrázaval, Ñuñoa;
2025-11-29 18:10:05;Ñuñoa;departamento;Departamento Zañartu Id: 115934;3399;CLF;1 dormitorio;1 baño;341 m² útiles;1 dormitorio | 1 baño | 341 m² útiles;Zañartu, Estadio Nacional, Ñuñoa;
2025-11-29 18:10:05;Ñuñoa;departamento;Departamento Plaza Egaña Id: 40882;4100;CLF;1 dormitorio;1 baño;40 m² útiles;1 dormitorio | 1 baño | 40 m² útiles;Plaza Egaña, Plaza Egaña, Ñuñoa;
2025-11-29 18:10:05;Ñuñoa;departamento;Departamento Avenida Vicuña Mackenna Id: 148926;3500;CLF;1 dormitorio;1 baño;36 m² útiles;1 dormitorio | 1 baño | 36 m² útiles;Avenida Vicuña Mackenna, Metro Irarrázaval, Ñuñoa;
2025-11-29 18:10:05;Ñuñoa;departamento;Departamento En Venta En Ñuñoa;3550;CLF;1 dormitorio;1 baño;33 m² útiles;1 dormitorio | 1 baño | 33 m² útiles;Metro Irarrazaval, Metro Irarrázaval, Ñuñoa;
2025-11-29 18:10:05;Ñuñoa;departamento;Departamento En Venta De 1d - 1e - B. Ñuñoa;3700;CLF;1 dormitorio;1 baño;35 m² útiles;1 dormitorio | 1 baño | 35 m² útiles;Avenida Sucre, Ñuñoa;
2025-11-29 18:10:05;Ñuñoa;departamento;Departamento En Venta En Sucre Ricardo Lyon;3280;CLF;1 dormitorio;1 baño;35 m² útiles;1 dormitorio | 1 baño | 35 m² útiles;Av. Sucre 2700 - 3000, Ñuñoa, Metro Ñuñoa, Ñuñoa;
2025-11-29 18:10:05;Ñuñoa;departamento;Departamento Vicuña Mackenna Id: 18480;2500;CLF;1 dormitorio;1 baño;27 m² útiles;1 dormitorio | 1 baño | 27 m² útiles;Vicuña Mackenna, Metro Irarrázaval, Ñuñoa;
2025-11-29 18:10:05;Ñuñoa;departamento;Departamento A Pasos Irarrázaval Metro Chile España.;6200;CLF;3 dormitorios;2 baños;82 m² útiles;3 dormitorios | 2 baños | 82 m² útiles;Holanda 3663, 7.7907e+06 - 7.791e+06 Ñuñoa, Región Metropolitana, Chile, Plaza Ñuñoa, Ñuñoa;
2025-11-29 18:10:05;Ñuñoa;departamento;Metro Grecia;120000000;CLP;3 dormitorios;1 baño;68 m² útiles;3 dormitorios | 1 baño | 68 m² útiles;Peatones 36, Ñuñoa, Villa Los Jardínes - Villa Los Presidentes, Ñuñoa;
2025-11-29 18:10:05;Ñuñoa;departamento;Departamento Francisco De Villagra Id: 156375;5000;CLF;2 dormitorios;2 baños;54 m² útiles;2 dormitorios | 2 baños | 54 m² útiles;Francisco De Villagra, Plaza Egaña, Ñuñoa;
2025-11-29 18:10:05;Ñuñoa;departamento;Departamento Avenida Italia Id: 156871;4750;CLF;2 dormitorios;1 baño;52 m² útiles;2 dormitorios | 1 baño | 52 m² útiles;Avenida Italia, Metro Irarrázaval, Ñuñoa;
2025-11-29 18:10:05;Ñuñoa;departamento;Departamento En Venta De 2 Dorm. En Ñuñoa;3500;CLF;2 dormitorios;2 baños;59 m² útiles;2 dormitorios | 2 baños | 59 m² útiles;Av Presidente Vicuña, Estadio Nacional, Ñuñoa;
2025-11-29 18:10:05;Ñuñoa;departamento;Departamento En Venta De 2 Dorm. En Ñuñoa;3500;CLF;2 dormitorios;2 baños;59 m² útiles;2 dormitorios | 2 baños | 59 m² útiles;Av Vicuña Mackenna, Estadio Nacional, Ñuñoa;
2025-11-29 18:10:05;Ñuñoa;departamento;Metro Monseñor Eysaguirre A Pasos;4556;CLF;3 dormitorios;2 baños;75 m² útiles;3 dormitorios | 2 baños | 75 m² útiles;Dublé Almeyda 1821, Ñuñoa, Metro Monseñor Eyzaguirre, Ñuñoa;
2025-11-29 18:10:05;Ñuñoa;departamento;Departamento Monseñor Eyzaguirre Id: 95474;3600;CLF;1 dormitorio;1 baño;42 m² útiles;1 dormitorio | 1 baño | 42 m² útiles;Monseñor Eyzaguirre, Metro Monseñor Eyzaguirre, Ñuñoa;
2025-11-29 18:10:05;Ñuñoa;departamento;Departamento Mujica Id: 102493;3750;CLF;2 dormitorios;2 baños;50 m² útiles;2 dormitorios | 2 baños | 50 m² útiles;Mujica, Metro Irarrázaval, Ñuñoa;
2025-11-29 18:10:05;Ñuñoa;departamento;Departamento En Venta De 2 Dorm. En Ñuñoa;135000000;CLP;2 dormitorios;2 baños;57 m² útiles;2 dormitorios | 2 baños | 57 m² útiles;En Venta Departamento Con Estacionamiento Y Bodega A Pasos De Estación Metro Irarrázaval, Metro Irarrázaval, Ñuñoa;
2025-11-29 18:10:05;Ñuñoa;departamento;Vendo Depto En Francisco Villagras 127, Ñuñoa;4900;CLF;2 dormitorios;2 baños;56 m² útiles;2 dormitorios | 2 baños | 56 m² útiles;Francisco De Villagra 127, Ñuñoa, Plaza Egaña, Ñuñoa;
2025-11-29 18:10:05;Ñuñoa;departamento;Departamento Francisco De Villagra Id: 117017;3790;CLF;1 dormitorio;1 baño;38 m² útiles;1 dormitorio | 1 baño | 38 m² útiles;Francisco De Villagra, Plaza Egaña, Ñuñoa;
2025-11-29 18:10:05;Ñuñoa;departamento;Departamento Avenida Grecia Id: 90181;3600;CLF;2 dormitorios;2 baños;55 m² útiles;2 dormitorios | 2 baños | 55 m² útiles;Avenida Grecia, Estadio Nacional, Ñuñoa;
2025-11-29 18:10:05;Ñuñoa;departamento;Departamento 3d+2b+1estc+1bdga En Ñuñoa;6050;CLF;3 dormitorios;2 baños;86 m² útiles;3 dormitorios | 2 baños | 86 m² útiles;Los Jardines, 1 - 300, Parque Juan XXIII, Ñuñoa;
2025-11-29 18:10:05;Ñuñoa;departamento;Departamento Avenida Américo Vespucio Id: 146096;2900;CLF;3 dormitorios;1 baño;70 m² útiles;3 dormitorios | 1 baño | 70 m² útiles;Avenida Américo Vespucio, Ñuñoa;
2025-11-29 18:10:38;Ñuñoa;departamento;Amplio Y Renovado Departamento;4900;CLF;2 dormitorios;2 baños;63 m² útiles;2 dormitorios | 2 baños | 63 m² útiles;Estrella Solitaria 4666, Ñuñoa, Parque Botánico, Ñuñoa;
2025-11-29 18:10:38;Ñuñoa;departamento;Propiedad En Ñuñoa: A Pasos De Campus Oriente Uc;5750;CLF;2 dormitorios;2 baños;79 m² útiles;2 dormitorios | 2 baños | 79 m² útiles;Parque Juan XXIII, Ñuñoa;
2025-11-29 18:10:38;Ñuñoa;departamento;Departamento Emilia Téllez Id: 151530;5650;CLF;2 dormitorios;2 baños;68 m² útiles;2 dormitorios | 2 baños | 68 m² útiles;Emilia Téllez, Metro Simón Bolivar, Ñuñoa;
2025-11-29 18:10:38;Ñuñoa;departamento;Departamento Alcalde Jorge Monckeberg Id: 84639;3450;CLF;1 dormitorio;1 baño;33 m² útiles;1 dormitorio | 1 baño | 33 m² útiles;Alcalde Jorge Monckeberg, Villa Frei, Ñuñoa;
2025-11-29 18:10:38;Ñuñoa;departamento;Metro Ñuñoa Cerca;3800;CLF;1 dormitorio;1 baño;40 m² útiles;1 dormitorio | 1 baño | 40 m² útiles;Av. Ricardo Lyon 2830, Ñuñoa, Metro Ñuñoa, Ñuñoa;
2025-11-29 18:10:38;Ñuñoa;departamento;Departamento En Venta De 2 Dorm. En Ñuñoa;3500;CLF;2 dormitorios;2 baños;59 m² útiles;2 dormitorios | 2 baños | 59 m² útiles;Vicuña Mackenna, Estadio Nacional, Ñuñoa;
2025-11-29 18:10:38;Ñuñoa;departamento;Oportunidad Nuevo Zañartu 3d+2b+ Estc.+ Bodega Cercano Metro;4490;CLF;3 dormitorios;2 baños;77 m² útiles;3 dormitorios | 2 baños | 77 m² útiles;Zañartu 2400 - 2700, Ñuñoa, Estadio Nacional, Ñuñoa;
2025-11-29 18:10:38;Ñuñoa;departamento;Departamento En Venta En Garcia Valenzuela Ñuñoa;5400;CLF;3 dormitorios;2 baños;70 m² útiles;3 dormitorios | 2 baños | 70 m² útiles;García Valenzuela 55, Ñuñoa, Metro Irarrázaval, Ñuñoa;
2025-11-29 18:10:38;Ñuñoa;departamento;Ubicación Y Diseño: Dpto Contemporáneo En El Corazón D Ñuñoa;4790;CLF;2 dormitorios;2 baños;46 m² útiles;2 dormitorios | 2 baños | 46 m² útiles;San Eugenio 300 - 600, Ñuñoa, Parque San Eugenio - Metro Ñuble, Ñuñoa;
2025-11-29 18:10:38;Ñuñoa;departamento;Luminoso Departamento Con Patio / Manuel Montt;6200;CLF;2 dormitorios;2 baños;64 m² útiles;2 dormitorios | 2 baños | 64 m² útiles;Metro Monseñor Eyzaguirre, Ñuñoa;
2025-11-29 18:10:38;Ñuñoa;departamento;Dpto. A Estrenar 3d/2b Cercano A Metro;6106;CLF;3 dormitorios;2 baños;60 m² útiles;3 dormitorios | 2 baños | 60 m² útiles;Ñuñoa;
2025-11-29 18:10:38;Ñuñoa;departamento;Departamento 1d 1b / Zañartu - Ñuñoa;3130;CLF;1 dormitorio;1 baño;33 m² útiles;1 dormitorio | 1 baño | 33 m² útiles;Ñuñoa;
2025-11-29 18:10:38;Ñuñoa;departamento;Depto. 1 Dormitorio - Irarrazaval Pza. Egaña;4300;CLF;1 dormitorio;1 baño;41 m² útiles;1 dormitorio | 1 baño | 41 m² útiles;Plaza Egaña, Ñuñoa;
2025-11-29 18:10:38;Ñuñoa;departamento;Depto. 3 Dormitorios - Villa Frei;4900;CLF;3 dormitorios;2 baños;72 m² útiles;3 dormitorios | 2 baños | 72 m² útiles;Ñuñoa;
2025-11-29 18:10:38;Ñuñoa;departamento;Departamento En Venta En Chile España;2950;CLF;1 dormitorio;1 baño;24 m² útiles;1 dormitorio | 1 baño | 24 m² útiles;Ñuñoa;
2025-11-29 18:10:38;Ñuñoa;departamento;Amplio Con Jardín En Villa Frei;4500;CLF;3 dormitorios;1 baño;91 m² útiles;3 dormitorios | 1 baño | 91 m² útiles;Alcalde Jorge Monckeberg  Depto, Villa Frei, Ñuñoa;
2025-11-29 18:10:38;Ñuñoa;departamento;Departamento En Venta En Metro Simón Bolivar;8450;CLF;2 dormitorios;3 baños;92 m² útiles;2 dormitorios | 3 baños | 92 m² útiles;Metro Simón Bolivar, Ñuñoa;
2025-11-29 18:10:38;Ñuñoa;departamento;Departamento En Venta En Plaza Ñuñoa;4595;CLF;2 dormitorios;2 baños;60 m² útiles;2 dormitorios | 2 baños | 60 m² útiles;Villa Frei, Ñuñoa;
2025-11-29 18:10:38;Ñuñoa;departamento;Departamento En Venta En Plaza Ñuñoa, Ñuñoa;8900;CLF;3 dormitorios;2 baños;109 m² útiles;3 dormitorios | 2 baños | 109 m² útiles;Plaza Ñuñoa, Ñuñoa;
2025-11-29 18:10:38;Ñuñoa;departamento;Espectacular Departamento Con Azotea 4d/4b.;13500;CLF;4 dormitorios;4 baños;140 m² útiles;4 dormitorios | 4 baños | 140 m² útiles;Avenida Echeñique, Metro Simón Bolivar, Ñuñoa;
2025-11-29 18:10:38;Ñuñoa;departamento;Vende- Departamento Muy Luminoso, Sin Ascensor;6400;CLF;3 dormitorios;2 baños;85 m² útiles;3 dormitorios | 2 baños | 85 m² útiles;Augusto Villanueva  Dpto, Parque Juan XXIII, Ñuñoa;
2025-11-29 18:10:38;Ñuñoa;departamento;Amplio Departamento 3d Cercano A Plaza Ñuñoa;7500;CLF;3 dormitorios;2 baños;120 m² útiles;3 dormitorios | 2 baños | 120 m² útiles;Manuel De Salas  Departamento, Plaza Ñuñoa, Ñuñoa;
2025-11-29 18:10:38;Ñuñoa;departamento;Moderno Depto. Con Patio, 1d Metro Villa Frei;5500;CLF;1 dormitorio;1 baño;50 m² útiles;1 dormitorio | 1 baño | 50 m² útiles;Ottawa, Parque Juan XXIII, Ñuñoa;
2025-11-29 18:10:38;Ñuñoa;departamento;Departamento En Venta En Parque Juan Xxiii Ñuñoa;3190;CLF;1 dormitorio;1 baño;33 m² útiles;1 dormitorio | 1 baño | 33 m² útiles;Dr. Johow , Dpto ,  Ñuñoa, Región Metropolitana, Chile, Parque Juan XXIII, Ñuñoa;
2025-11-29 18:10:38;Ñuñoa;departamento;Depto 2/d Irarrázaval A Pasos Del Metro Villa Frei;4800;CLF;2 dormitorios;2 baños;60 m² útiles;2 dormitorios | 2 baños | 60 m² útiles;Irarrazaval  Depto  B, Plaza Egaña, Ñuñoa;
2025-11-29 18:10:38;Ñuñoa;departamento;Departamento En Venta En Plaza Ñuñoa, Ñuñoa;5350;CLF;2 dormitorios;2 baños;55 m² útiles;2 dormitorios | 2 baños | 55 m² útiles;Av. General José Artigas , Depto., Plaza Ñuñoa, Ñuñoa;
2025-11-29 18:10:38;Ñuñoa;departamento;Departamento En Venta En Metro Irarrázaval Terraza;7000;CLF;3 dormitorios;2 baños;100 m² útiles;3 dormitorios | 2 baños | 100 m² útiles;Irarrazaval  Dpto, Metro Irarrázaval, Ñuñoa;
2025-11-29 18:10:38;Ñuñoa;departamento;Vende- Departamento Muy Luminoso Y Cálido/ Nororiente;6900;CLF;3 dormitorios;2 baños;77 m² útiles;3 dormitorios | 2 baños | 77 m² útiles;Estadio Nacional, Ñuñoa;
2025-11-29 18:10:38;Ñuñoa;departamento;Departamento 3d, 2b Suecia/hernán Cortes;6140;CLF;3 dormitorios;2 baños;79 m² útiles;3 dormitorios | 2 baños | 79 m² útiles;Suecia  Departamento  B, Plaza Ñuñoa, Ñuñoa;
2025-11-29 18:10:38;Ñuñoa;departamento;Departamento En Venta En Zañartu;3490;CLF;2 dormitorios;1 baño;43 m² útiles;2 dormitorios | 1 baño | 43 m² útiles;Estadio Nacional, Ñuñoa;
2025-11-29 18:10:38;Ñuñoa;departamento;Ñuñoa Depto Con Patio!;6870;CLF;2 dormitorios;2 baños;57 m² útiles;2 dormitorios | 2 baños | 57 m² útiles;Av. Irarrázaval 2700 - 3000, Ñuñoa, Ñuñoa;
2025-11-29 18:10:38;Ñuñoa;departamento;Vende Sin Comisión!!! Dpto. 3d+ Estar Y 2 Terrazas!;9874;CLF;3 dormitorios;2 baños;90 m² útiles;3 dormitorios | 2 baños | 90 m² útiles;Manuel De Salas N° Dpto, Plaza Ñuñoa, Ñuñoa;
2025-11-29 18:10:38;Ñuñoa;departamento;Departamento En Venta En Parque San Eugenio Piscina;5100;CLF;3 dormitorios;2 baños;63 m² útiles;3 dormitorios | 2 baños | 63 m² útiles;San Eugenio  Dept , Ñuñoa, Parque San Eugenio - Metro Ñuble, Ñuñoa;
2025-11-29 18:10:38;Ñuñoa;departamento;Departamento En Venta En Plaza Egaña, Ñuñoa;6500;CLF;3 dormitorios;2 baños;74 m² útiles;3 dormitorios | 2 baños | 74 m² útiles;Irarrázaval  Departamento  Torre B, Plaza Egaña, Ñuñoa;
2025-11-29 18:10:38;Ñuñoa;departamento;Departamento En Venta En Ñuñoa Oriente;8500;CLF;3 dormitorios;3 baños;96 m² útiles;3 dormitorios | 3 baños | 96 m² útiles;Coventry  Departamento, Ñuñoa;
2025-11-29 18:10:38;Ñuñoa;departamento;Depto. Pza. Egaña 2 Dormitorios;4700;CLF;2 dormitorios;1 baño;47 m² útiles;2 dormitorios | 1 baño | 47 m² útiles;Francisco De Villagra  Depto., Plaza Egaña, Ñuñoa;
2025-11-29 18:10:38;Ñuñoa;departamento;Dpto.1d Vista Despejada / Plaza Zañartu;2990;CLF;1 dormitorio;1 baño;36 m² útiles;1 dormitorio | 1 baño | 36 m² útiles;Estadio Nacional, Ñuñoa;
2025-11-29 18:10:38;Ñuñoa;departamento;Depto. Estilo Mariposa 2d En Suite P.valdivia/simón Bolívar;7250;CLF;2 dormitorios;2 baños;84 m² útiles;2 dormitorios | 2 baños | 84 m² útiles;Simón Bolívar  Departamento, Metro Ñuñoa, Ñuñoa;
2025-11-29 18:10:38;Ñuñoa;departamento;Departamento En Venta En Ñuñoa Con Terraza;8200;CLF;2 dormitorios;2 baños;83 m² útiles;2 dormitorios | 2 baños | 83 m² útiles;Julio Prado  Dpto, Metro Monseñor Eyzaguirre, Ñuñoa;
2025-11-29 18:10:38;Ñuñoa;departamento;Cómodo Dpto. 1d/azotea-metro Simón Bolívar;6940;CLF;1 dormitorio;1 baño;51 m² útiles;1 dormitorio | 1 baño | 51 m² útiles;Avda. Simón Bolívar N° Dpto., Metro Simón Bolivar, Ñuñoa;
2025-11-29 18:10:38;Ñuñoa;departamento;Departamento En Venta En Plaza Ñuñoa, Ñuñoa;4474;CLF;1 dormitorio;1 baño;32 m² útiles;1 dormitorio | 1 baño | 32 m² útiles;Manuel De Salas, Plaza Ñuñoa, Ñuñoa;
2025-11-29 18:10:38;Ñuñoa;departamento;Dpto. A Cuadras De Est. Metro Monseñor Eyzaguirre;3990;CLF;1 dormitorio;1 baño;32 m² útiles;1 dormitorio | 1 baño | 32 m² útiles;Avda.Manuel Montt  Dpto., Metro Monseñor Eyzaguirre, Ñuñoa;
2025-11-29 18:10:38;Ñuñoa;departamento;Departamento En Venta En Plaza Ñuñoa;8590;CLF;2 dormitorios;2 baños;80 m² útiles;2 dormitorios | 2 baños | 80 m² útiles;Manuel De Salas, Plaza Ñuñoa, Ñuñoa;
2025-11-29 18:10:38;Ñuñoa;departamento;Departamento En Venta En Plaza Ñuñoa, Ñuñoa;8178;CLF;2 dormitorios;2 baños;80 m² útiles;2 dormitorios | 2 baños | 80 m² útiles;Manuel De Salas, Plaza Ñuñoa, Ñuñoa;
2025-11-29 18:10:38;Ñuñoa;departamento;Depto 1d 1b/ Cercano A Metro Irarrázaval;3900;CLF;1 dormitorio;1 baño;42 m² útiles;1 dormitorio | 1 baño | 42 m² útiles;Av. Vicuña Mackenna ,  Ñuñoa, Región Metropolitana, Chile, Metro Irarrázaval, Ñuñoa;
2025-11-29 18:10:38;Ñuñoa;departamento;Vende Sin Comisión!!! Dpto.2d/2 Baños. Entrega Inmediata;8831;CLF;2 dormitorios;2 baños;80 m² útiles;2 dormitorios | 2 baños | 80 m² útiles;Manuel De Salas, Plaza Ñuñoa, Ñuñoa;
2025-11-29 18:10:38;Ñuñoa;departamento;Amplio Departamento 3d/2b/2estac - Barrio Italia;9100;CLF;3 dormitorios;2 baños;85 m² útiles;3 dormitorios | 2 baños | 85 m² útiles;Metro Monseñor Eyzaguirre, Ñuñoa;
2025-11-29 18:10:38;Ñuñoa;departamento;Excelente Dpto. Con Azotea-metro Simón Bolívar;6137;CLF;1 dormitorio;1 baño;41 m² útiles;1 dormitorio | 1 baño | 41 m² útiles;Avda. Simón Bolívar N° Dpto., Metro Simón Bolivar, Ñuñoa;
2025-11-29 18:11:13;Ñuñoa;departamento;Departamento En Venta En Plaza Ñuñoa, Ñuñoa;8538;CLF;2 dormitorios;2 baños;79 m² útiles;2 dormitorios | 2 baños | 79 m² útiles;Manuel De Salas, Plaza Ñuñoa, Ñuñoa;
2025-11-29 18:11:13;Ñuñoa;departamento;Maravilloso Depto. 1d/patio Y Cowork.;6236;CLF;1 dormitorio;1 baño;46 m² útiles;1 dormitorio | 1 baño | 46 m² útiles;Avenida Simón Bolívar, Metro Simón Bolivar, Ñuñoa;
2025-11-29 18:11:13;Ñuñoa;departamento;Departamento En Venta En Plaza Ñuñoa, Ñuñoa;4899;CLF;1 dormitorio;1 baño;32 m² útiles;1 dormitorio | 1 baño | 32 m² útiles;Manuel De Salas, Plaza Ñuñoa, Ñuñoa;
2025-11-29 18:11:13;Ñuñoa;departamento;Excelente Dpto. Con Azotea-metro Simón Bolívar;6208;CLF;1 dormitorio;1 baño;39 m² útiles;1 dormitorio | 1 baño | 39 m² útiles;Avda. Simón Bolívar N° Dpto., Metro Simón Bolivar, Ñuñoa;
2025-11-29 18:11:13;Ñuñoa;departamento;Departamento En Venta En Estadio Nacional Ñuñoa;6700;CLF;3 dormitorios;2 baños;80 m² útiles;3 dormitorios | 2 baños | 80 m² útiles;Exequiel Fernández 700, Ñuñoa, Estadio Nacional, Ñuñoa;
2025-11-29 18:11:13;Ñuñoa;departamento;Dpto. Vende Sin Comisión 3d/2b;7557;CLF;3 dormitorios;2 baños;77 m² útiles;3 dormitorios | 2 baños | 77 m² útiles;Diagonal Oriente, Ñuñoa;
2025-11-29 18:11:13;Ñuñoa;departamento;Dpto. Con Patio 2d/1 Baño. Entrega  Inmediata;8656;CLF;2 dormitorios;1 baño;74 m² útiles;2 dormitorios | 1 baño | 74 m² útiles;Avenida Simón Bolívar, Metro Simón Bolivar, Ñuñoa;
2025-11-29 18:11:13;Ñuñoa;departamento;Departamento En Venta En Avda. Simón Bolívar;7807;CLF;2 dormitorios;1 baño;74 m² útiles;2 dormitorios | 1 baño | 74 m² útiles;Avenida Simón Bolívar, Metro Simón Bolivar, Ñuñoa;
2025-11-29 18:11:13;Ñuñoa;departamento;Departamento En Venta En Ñuñoa;6559;CLF;1 dormitorio;1 baño;51 m² útiles;1 dormitorio | 1 baño | 51 m² útiles;Avenida Simón Bolívar, Metro Simón Bolivar, Ñuñoa;
2025-11-29 18:11:13;Ñuñoa;departamento;Vende Sin Comisión Dpto 3d/2b;7660;CLF;3 dormitorios;2 baños;77 m² útiles;3 dormitorios | 2 baños | 77 m² útiles;Diagonal Oriente, Ñuñoa;
2025-11-29 18:11:13;Ñuñoa;departamento;Impecable Depto - Heriberto Covarrubias / Simón Bolívar;7990;CLF;3 dormitorios;2 baños;98 m² útiles;3 dormitorios | 2 baños | 98 m² útiles;Plaza Egaña, Ñuñoa;
2025-11-29 18:11:13;Ñuñoa;departamento;Amplio Y Luminoso Departamento 3d / Barrio Italia / Ñuñoa;8300;CLF;3 dormitorios;2 baños;95 m² útiles;3 dormitorios | 2 baños | 95 m² útiles;Metro Monseñor Eyzaguirre, Ñuñoa;
2025-11-29 18:11:13;Ñuñoa;departamento;Vendo Primer Piso Con Patio / Macul Con Dublé Almeyda;4000;CLF;1 dormitorio;1 baño;29 m² útiles;1 dormitorio | 1 baño | 29 m² útiles;Av. José Pedro Alessandri 233, Ñuñoa, Plaza Ñuñoa, Ñuñoa;
2025-11-29 18:11:13;Ñuñoa;departamento;Depto Nuevo Tipo Mariposa 2d Y 2b, Excelente Inversión.;4200;CLF;2 dormitorios;2 baños;51 m² útiles;2 dormitorios | 2 baños | 51 m² útiles;Estadio Nacional, Ñuñoa;
2025-11-29 18:11:13;Ñuñoa;departamento;Departamento 2d Con Estacionamiento / Portal Ñuñoa;4200;CLF;2 dormitorios;2 baños;53 m² útiles;2 dormitorios | 2 baños | 53 m² útiles;Juan Gómez Millas, Ñuñoa;
2025-11-29 18:11:13;Ñuñoa;departamento;Moderno Depto. 3 Dormitorios- Gran Terraza - 2 Est.;7990;CLF;3 dormitorios;2 baños;105 m² útiles;3 dormitorios | 2 baños | 105 m² útiles;Amapolas, Ñuñoa;
2025-11-29 18:11:13;Ñuñoa;departamento;Oportunidad ,departamento Estilo Mariposa / Simón Bolívar;5000;CLF;2 dormitorios;2 baños;60 m² útiles;2 dormitorios | 2 baños | 60 m² útiles;Ñuñoa;
2025-11-29 18:11:13;Ñuñoa;departamento;Dpto. Con Azotea 1d Expandible A 2 D;8200;CLF;1 dormitorio;2 baños;77 m² útiles;1 dormitorio | 2 baños | 77 m² útiles;Metro Monseñor Eyzaguirre, Ñuñoa;
2025-11-29 18:11:13;Ñuñoa;departamento;Moderno 2d2b Mariposa Con Bodega Y Estacionamiento;4197;CLF;2 dormitorios;2 baños;60 m² útiles;2 dormitorios | 2 baños | 60 m² útiles;Av. José Pedro Alessandri 1366, 7780125 Santiago, Ñuñoa, Región Metropolitana, Chile, Juan Gómez Millas, Ñuñoa;
2025-11-29 18:11:13;Ñuñoa;departamento;Departamento 3d/1b En Av. Italia Con Caupolicán;3800;CLF;3 dormitorios;1 baño;49 m² útiles;3 dormitorios | 1 baño | 49 m² útiles;Metro Irarrázaval, Ñuñoa;
2025-11-29 18:11:13;Ñuñoa;departamento;Clásico Departamento 2d 1b, En Condominio;3490;CLF;2 dormitorios;1 baño;52 m² útiles;2 dormitorios | 1 baño | 52 m² útiles;Ñuñoa;
2025-11-29 18:11:13;Ñuñoa;departamento;Oportunidad! Luminoso 2d Irarrázaval/plaza Egaña;4600;CLF;2 dormitorios;1 baño;52 m² útiles;2 dormitorios | 1 baño | 52 m² útiles;Plaza Egaña, Ñuñoa;
2025-11-29 18:11:13;Ñuñoa;departamento;Dpto. A Estrenar 3d/2b Cercano A Metro;6465;CLF;3 dormitorios;2 baños;64 m² útiles;3 dormitorios | 2 baños | 64 m² útiles;Ñuñoa;
2025-11-29 18:11:13;Ñuñoa;departamento;Departamento En Venta En Ñuñoa;4990;CLF;2 dormitorios;2 baños;61 m² útiles;2 dormitorios | 2 baños | 61 m² útiles;Plaza Egaña, Ñuñoa;
2025-11-29 18:11:13;Ñuñoa;departamento;Vende Sin Comisión! 3d/2b A Estrenar;7740;CLF;3 dormitorios;2 baños;77 m² útiles;3 dormitorios | 2 baños | 77 m² útiles;Diagonal Oriente, Ñuñoa;
2025-11-29 18:11:13;Ñuñoa;departamento;Departamento Ñuñoa 1d;2540;CLF;1 dormitorio;1 baño;33 m² útiles;1 dormitorio | 1 baño | 33 m² útiles;Ñuñoa;
2025-11-29 18:11:13;Ñuñoa;departamento;Departamento Augusto Villanueva Con Irarrazaval;6500;CLF;2 dormitorios;2 baños;71 m² útiles;2 dormitorios | 2 baños | 71 m² útiles;Augusto Villanueva 269, Ñuñoa, Parque Juan XXIII, Ñuñoa;
2025-11-29 18:11:13;Ñuñoa;departamento;Departamento En Venta En Suecia / Metro Chile España;5990;CLF;3 dormitorios;2 baños;68 m² útiles;3 dormitorios | 2 baños | 68 m² útiles;Suecia 3300 - 3600, Ñuñoa, Plaza Ñuñoa, Ñuñoa;
2025-11-29 18:11:13;Ñuñoa;departamento;Dpto.3d/2b Entrega Marzo 2026;6532;CLF;3 dormitorios;2 baños;64 m² útiles;3 dormitorios | 2 baños | 64 m² útiles;Diagonal Oriente, Ñuñoa;
2025-11-29 18:11:13;Ñuñoa;departamento;1 Dormitorio - Como Nuevo;2561;CLF;1 dormitorio;1 baño;33 m² útiles;1 dormitorio | 1 baño | 33 m² útiles;Ñuñoa;
2025-11-29 18:11:13;Ñuñoa;departamento;Depto. Nuevo 1d / Inmobiliaria Almagro.;3990;CLF;1 dormitorio;1 baño;40 m² útiles;1 dormitorio | 1 baño | 40 m² útiles;Parque San Eugenio - Metro Ñuble, Ñuñoa;
2025-11-29 18:11:13;Ñuñoa;departamento;Metro Linea 3 / Chile-españa / Duble Almeyda;3990;CLF;1 dormitorio;1 baño;46 m² útiles;1 dormitorio | 1 baño | 46 m² útiles;METRO LINEA 3 / CHILE-ESPAÑA / DUBLE ALMEYDA, Parque Juan XXIII, Ñuñoa;
2025-11-29 18:11:13;Ñuñoa;departamento;Departamento En Venta En Metro Irarrázaval;3500;CLF;1 dormitorio;1 baño;34 m² útiles;1 dormitorio | 1 baño | 34 m² útiles;Av. Gral. Bustamante 743, Ñuñoa, Metro Irarrázaval, Ñuñoa;
2025-11-29 18:11:13;Ñuñoa;departamento;Excelente Departamento En Nuñoa!!!;5300;CLF;2 dormitorios;2 baños;60 m² útiles;2 dormitorios | 2 baños | 60 m² útiles;Av. Irarrázaval 1200 - 1500, Ñuñoa, Metro Monseñor Eyzaguirre, Ñuñoa;
2025-11-29 18:11:13;Ñuñoa;departamento;Depto. 2 Dormitorios - Irarrázaval Plaza Egaña;4750;CLF;2 dormitorios;1 baño;52 m² útiles;2 dormitorios | 1 baño | 52 m² útiles;Plaza Egaña, Ñuñoa;
2025-11-29 18:11:13;Ñuñoa;departamento;3 Dormitorios 2b + Estacionamiento / Grecia;5100;CLF;3 dormitorios;2 baños;69 m² útiles;3 dormitorios | 2 baños | 69 m² útiles;Ñuñoa;
2025-11-29 18:11:13;Ñuñoa;departamento;Depto. 3 Dormitorios - Villa Frei;4700;CLF;3 dormitorios;2 baños;72 m² útiles;3 dormitorios | 2 baños | 72 m² útiles;Ñuñoa;
2025-11-29 18:11:13;Ñuñoa;departamento;Duplex 90m2 Remodelado (de Verdad) 3d2b;4480;CLF;3 dormitorios;2 baños;88 m² útiles;3 dormitorios | 2 baños | 88 m² útiles;Lo Encalada 964, Ñuñoa, Región Metropolitana, Chile, Ñuñoa;
2025-11-29 18:11:13;Ñuñoa;departamento;Departamento Duplex Villa Frei;4900;CLF;4 dormitorios;2 baños;85 m² útiles;4 dormitorios | 2 baños | 85 m² útiles;Alcalde Jorge Monckeberg  Dp., Villa Frei, Ñuñoa;
2025-11-29 18:11:13;Ñuñoa;departamento;Oportunidad Departamento 3d Los Alerces/ Los Tres Antonios;4600;CLF;3 dormitorios;2 baños;72 m² útiles;3 dormitorios | 2 baños | 72 m² útiles;Los Alerces , Departamento  A, Estadio Nacional, Ñuñoa;
2025-11-29 18:11:13;Ñuñoa;departamento;Amplio Depto. Duble Almeyda;6800;CLF;3 dormitorios;2 baños;82 m² útiles;3 dormitorios | 2 baños | 82 m² útiles;Duble Almeyda  Dpto., Metro Monseñor Eyzaguirre, Ñuñoa;
2025-11-29 18:11:13;Ñuñoa;departamento;Departamento - 2 Estacionamientos - Hamburgo;7990;CLF;3 dormitorios;2 baños;94 m² útiles;3 dormitorios | 2 baños | 94 m² útiles;Hamburgo, Plaza Egaña, Ñuñoa;
2025-11-29 18:11:13;Ñuñoa;departamento;Depto. 2d/2b Con Estacionamiento / Exequiel Fernández;5100;CLF;2 dormitorios;2 baños;61 m² útiles;2 dormitorios | 2 baños | 61 m² útiles;Ñuñoa;
2025-11-29 18:11:13;Ñuñoa;departamento;Ñuñoa 2d+estacionamiento;5500;CLF;2 dormitorios;2 baños;80 m² útiles;2 dormitorios | 2 baños | 80 m² útiles;Los Aliaga 5500, Ñuñoa, Diagonal Oriente, Ñuñoa;
2025-11-29 18:11:13;Ñuñoa;departamento;Excelente Dpto. Estilo Mariposa, Buena Ubicación;4600;CLF;2 dormitorios;2 baños;59 m² útiles;2 dormitorios | 2 baños | 59 m² útiles;Condell  Dpto., Metro Irarrázaval, Ñuñoa;
2025-11-29 18:11:13;Ñuñoa;departamento;Real Oportunidad Departamento En Venta Barrio Italia;4800;CLF;2 dormitorios;2 baños;68 m² útiles;2 dormitorios | 2 baños | 68 m² útiles;Av. Salvador 1921, Ñuñoa, Metro Irarrázaval, Ñuñoa;
2025-11-29 18:11:13;Ñuñoa;departamento;Ñuñoa Tu Primer Depto;3860;CLF;2 dormitorios;1 baño;49 m² útiles;2 dormitorios | 1 baño | 49 m² útiles;Zañartu 2400 - 2700, Ñuñoa, Estadio Nacional, Ñuñoa;
2025-11-29 18:11:13;Ñuñoa;departamento;Vende Sin Comisión!!! Dpto. Mariposa;7157;CLF;2 dormitorios;2 baños;64 m² útiles;2 dormitorios | 2 baños | 64 m² útiles;Manuel De Salas  Dpto., Plaza Ñuñoa, Ñuñoa;
2025-11-29 18:12:10;Ñuñoa;departamento;Dpto. A Estrenar 3d/2b Cercano A Metro.;6074;CLF;3 dormitorios;2 baños;60 m² útiles;3 dormitorios | 2 baños | 60 m² útiles;Ñuñoa;
2025-11-29 18:12:10;Ñuñoa;departamento;Exclusivo Dpto 1d Con Patio -entrega Marzo 2025;5828;CLF;1 dormitorio;1 baño;39 m² útiles;1 dormitorio | 1 baño | 39 m² útiles;Simón Bolívar  Dpto, Metro Simón Bolivar, Ñuñoa;
2025-11-29 18:12:10;Ñuñoa;departamento;Excelente Dpto. 1d Y Azotea;5685;CLF;1 dormitorio;1 baño;38 m² útiles;1 dormitorio | 1 baño | 38 m² útiles;Avenida Simón Bolívar, Metro Simón Bolivar, Ñuñoa;
2025-11-29 18:12:10;Ñuñoa;departamento;Oportunidad En Ñuñoa: Depto Moderno I Sector De Alta Demanda;3190;CLF;1 dormitorio;1 baño;40 m² útiles;1 dormitorio | 1 baño | 40 m² útiles;San Eugenio 1200 - 1500, Ñuñoa, Parque San Eugenio - Metro Ñuble, Ñuñoa;
2025-11-29 18:12:10;Ñuñoa;departamento;Depto. 2d 2b Con Patio - Parque Botánico;7933;CLF;2 dormitorios;2 baños;77 m² útiles;2 dormitorios | 2 baños | 77 m² útiles;Parque Botánico, Ñuñoa;
2025-11-29 18:12:10;Ñuñoa;departamento;Moderno Departamento 2d Cauquenes/ñuñoa;4990;CLF;2 dormitorios;2 baños;61 m² útiles;2 dormitorios | 2 baños | 61 m² útiles;Plaza Egaña, Ñuñoa;
2025-11-29 18:12:10;Ñuñoa;departamento;Departamento Nuevo Con Patio 2d / Pedro Torres;7500;CLF;2 dormitorios;2 baños;70 m² útiles;2 dormitorios | 2 baños | 70 m² útiles;Ñuñoa;
2025-11-29 18:12:10;Ñuñoa;departamento;En Venta Dpto De 1d/1b/1e En Barrio Italia Con Terraza;3400;CLF;1 dormitorio;1 baño;37 m² útiles;1 dormitorio | 1 baño | 37 m² útiles;Emilio Vaisse 770, Ñuñoa, Metro Irarrázaval, Ñuñoa;
2025-11-29 18:12:10;Ñuñoa;departamento;Vende Sin Comisión! Dpto. Con Patio, Nuevo, 2d;5734;CLF;2 dormitorios;1 baño;47 m² útiles;2 dormitorios | 1 baño | 47 m² útiles;Diagonal Oriente, Ñuñoa;
2025-11-29 18:12:10;Ñuñoa;departamento;Amplio Depto.  Primer Piso  2d/2 Estacionamientos;5350;CLF;2 dormitorios;2 baños;65 m² útiles;2 dormitorios | 2 baños | 65 m² útiles;Juan Gómez Millas, Ñuñoa;
2025-11-29 18:12:10;Ñuñoa;departamento;Depto. Primer Piso Con Patio, Cercano A Metro.;7990;CLF;3 dormitorios;2 baños;119 m² útiles;3 dormitorios | 2 baños | 119 m² útiles;Heriberto Covarrubias N° Dpto., Plaza Egaña, Ñuñoa;
2025-11-29 18:12:10;Ñuñoa;departamento;Duplex Restaurado Metro Simón Bolívar/ 2 Estacionamientos;6950;CLF;4 dormitorios;3 baños;96 m² útiles;4 dormitorios | 3 baños | 96 m² útiles;Echeñique  Dpto., Metro Simón Bolivar, Ñuñoa;
2025-11-29 18:12:10;Ñuñoa;departamento;Depto. 3 Dorm. Metro Monseñor Eyzaguirre;5990;CLF;3 dormitorios;2 baños;82 m² útiles;3 dormitorios | 2 baños | 82 m² útiles;Monseñor Eyzaguirre  Depto., Metro Monseñor Eyzaguirre, Ñuñoa;
2025-11-29 18:12:10;Ñuñoa;departamento;Amplio Depto. Hamburgo 3d 2e;8490;CLF;3 dormitorios;3 baños;115 m² útiles;3 dormitorios | 3 baños | 115 m² útiles;Plaza Egaña, Ñuñoa;
2025-11-29 18:12:10;Ñuñoa;departamento;Moderno Depto. 2 Dorm. Estrella Solitaria;5800;CLF;2 dormitorios;2 baños;66 m² útiles;2 dormitorios | 2 baños | 66 m² útiles;Estrella Solitaria  Depto., Plaza Egaña, Ñuñoa;
2025-11-29 18:12:10;Ñuñoa;departamento;Depto En Venta 2 Dorm.1estac. Y Bodega, Metro Villa Frei;4500;CLF;2 dormitorios;2 baños;60 m² útiles;2 dormitorios | 2 baños | 60 m² útiles;Plaza Egaña / Calle Hamburgo, Plaza Egaña, Ñuñoa;
2025-11-29 18:12:10;Ñuñoa;departamento;Amplio Depto 3d Con Gran Terraza / Plaza Ñuñoa;6700;CLF;3 dormitorios;2 baños;100 m² útiles;3 dormitorios | 2 baños | 100 m² útiles;Plaza Ñuñoa, Ñuñoa;
2025-11-29 18:12:10;Ñuñoa;departamento;Amplio 2d Y 2b, Cercano A Metro Chile España;5950;CLF;2 dormitorios;2 baños;67 m² útiles;2 dormitorios | 2 baños | 67 m² útiles;Plaza Ñuñoa, Ñuñoa;
2025-11-29 18:12:10;Ñuñoa;departamento;Único En Ñuñoa - 2 Deptos Unidos + 140 Mts De Terrazas;560000000;CLP;3 dormitorios;4 baños;140 m² útiles;3 dormitorios | 4 baños | 140 m² útiles;Av. Irarrázaval 3579, 7790751 Irarrazaval, Nunoa, Región Metropolitana, Chile, Plaza Ñuñoa, Ñuñoa;
2025-11-29 18:12:10;Ñuñoa;departamento;Amplio Departamento 3d / Pascual Baburizza.;8200;CLF;3 dormitorios;2 baños;90 m² útiles;3 dormitorios | 2 baños | 90 m² útiles;Metro Simón Bolivar, Ñuñoa;
2025-11-29 18:12:10;Ñuñoa;departamento;Un Departamento Amplio, Bien Distribuido Gran Ubicacion;210000000;CLP;4 dormitorios;2 baños;118 m² útiles;4 dormitorios | 2 baños | 118 m² útiles;Matta Ote. 408, Ñuñoa, Metro Irarrázaval, Ñuñoa;
2025-11-29 18:12:10;Ñuñoa;departamento;Amplio Dúplex Metro Irarrázaval;4550;CLF;3 dormitorios;2 baños;94 m² útiles;3 dormitorios | 2 baños | 94 m² útiles;Metro Irarrázaval, Ñuñoa;
2025-11-29 18:12:10;Ñuñoa;departamento;Metro Estadio Nacional;100000000;CLP;2 dormitorios;1 baño;60 m² útiles;2 dormitorios | 1 baño | 60 m² útiles;Los Tres Antonios 1300, Ñuñoa, Estadio Nacional, Ñuñoa;
2025-11-29 18:12:10;Ñuñoa;departamento;Departamento Amapolas Id: 6793;3590;CLF;1 dormitorio;1 baño;46 m² útiles;1 dormitorio | 1 baño | 46 m² útiles;Amapolas, Amapolas, Ñuñoa;
2025-11-29 18:12:10;Ñuñoa;departamento;Depto. Pza. Egaña 3d - 2b Vista Oriente;6800;CLF;3 dormitorios;2 baños;77 m² útiles;3 dormitorios | 2 baños | 77 m² útiles;Francisco De Villagra  Depto., Plaza Egaña, Ñuñoa;
2025-11-29 18:12:10;Ñuñoa;departamento;Triplex Con Patio 2 Estacionamientos;8500;CLF;3 dormitorios;3 baños;99 m² útiles;3 dormitorios | 3 baños | 99 m² útiles;Vasco De Gama  Depto., Diagonal Oriente, Ñuñoa;
2025-11-29 18:12:10;Ñuñoa;departamento;Departamento En Venta En Villaseca Con Azotea;2800;CLF;1 dormitorio;1 baño;34 m² útiles;1 dormitorio | 1 baño | 34 m² útiles;Villaseca 600, Ñuñoa, Metro Ñuñoa, Ñuñoa;
2025-11-29 18:12:10;Ñuñoa;departamento;Excelente 2d/2b Metro Irarrázaval;4700;CLF;2 dormitorios;2 baños;50 m² útiles;2 dormitorios | 2 baños | 50 m² útiles;Mujica  Dpto -A, Metro Irarrázaval, Ñuñoa;
2025-11-29 18:12:10;Ñuñoa;departamento;Oportunidad Inversionistas 1d/ 1b;1899;CLF;1 dormitorio;1 baño;31 m² útiles;1 dormitorio | 1 baño | 31 m² útiles;Vicuña Mackenna  Depto  A, Parque San Eugenio - Metro Ñuble, Ñuñoa;
2025-11-29 18:12:10;Ñuñoa;departamento;Depto. Inversionistas - Pza. Egaña;4700;CLF;2 dormitorios;2 baños;49 m² útiles;2 dormitorios | 2 baños | 49 m² útiles;Plaza Egaña, Ñuñoa;
2025-11-29 18:12:10;Ñuñoa;departamento;2d 2b / Metro Villa Frei;5000;CLF;2 dormitorios;2 baños;53 m² útiles;2 dormitorios | 2 baños | 53 m² útiles;Villa Frei, Ñuñoa;
2025-11-29 18:12:10;Ñuñoa;departamento;Depto. 2 Dormitorios - Pza. Egaña;4600;CLF;2 dormitorios;2 baños;64 m² útiles;2 dormitorios | 2 baños | 64 m² útiles;Plaza Egaña, Ñuñoa;
2025-11-29 18:12:10;Ñuñoa;departamento;Departamento 2d Con Patio / Metro Monseñor Eyzaguirre;5300;CLF;2 dormitorios;2 baños;52 m² útiles;2 dormitorios | 2 baños | 52 m² útiles;Metro Monseñor Eyzaguirre, Ñuñoa;
2025-11-29 18:12:10;Ñuñoa;departamento;Amplio Dpto. 2 Terrazas. 3d/2b/est Y Bodega;6200;CLF;3 dormitorios;2 baños;79 m² útiles;3 dormitorios | 2 baños | 79 m² útiles;Metro Simón Bolivar, Ñuñoa;
2025-11-29 18:12:10;Ñuñoa;departamento;Depto En Barrio Italia 3d 2b Bd Y Est;5890;CLF;3 dormitorios;2 baños;87 m² útiles;3 dormitorios | 2 baños | 87 m² útiles;Mujica 350, Ñuñoa, Metro Irarrázaval, Ñuñoa;
2025-11-29 18:12:10;Ñuñoa;departamento;Moderno Depto 1d,  Cercano A Barrio Italia;2990;CLF;1 dormitorio;1 baño;33 m² útiles;1 dormitorio | 1 baño | 33 m² útiles;Metro Irarrázaval, Ñuñoa;
2025-11-29 18:12:10;Ñuñoa;departamento;Vista Despejada Oriente, 3d/2b, Parque San Eugenio;4690;CLF;3 dormitorios;2 baños;72 m² útiles;3 dormitorios | 2 baños | 72 m² útiles;San Eugenio  Departamento  A., Parque San Eugenio - Metro Ñuble, Ñuñoa;
2025-11-29 18:12:10;Ñuñoa;departamento;Depto. Mariposa Como Nuevo / Metro Chile España;5900;CLF;2 dormitorios;2 baños;55 m² útiles;2 dormitorios | 2 baños | 55 m² útiles;Plaza Ñuñoa, Ñuñoa;
2025-11-29 18:12:10;Ñuñoa;departamento;Departamento 1d Vista Despejada;3900;CLF;1 dormitorio;1 baño;38 m² útiles;1 dormitorio | 1 baño | 38 m² útiles;Av. Sucre , Depto.   Ñuñoa, Región Metropolitana, Chile, Plaza Ñuñoa, Ñuñoa;
2025-11-29 18:12:10;Ñuñoa;departamento;Depto. 3d/2b Av. Ossa - Metro Simón Bolívar;5920;CLF;3 dormitorios;2 baños;81 m² útiles;3 dormitorios | 2 baños | 81 m² útiles;Metro Simón Bolivar, Ñuñoa;
2025-11-29 18:12:10;Ñuñoa;departamento;Oportunidad - Bajo Valor De Tasación - Metro - 3 Dorm.;5300;CLF;3 dormitorios;2 baños;68 m² útiles;3 dormitorios | 2 baños | 68 m² útiles;Suecia 3300 - 3600, Ñuñoa, Plaza Ñuñoa, Ñuñoa;
2025-11-29 18:12:10;Ñuñoa;departamento;Depto. 3 Dorm. Av. Grecia - Juan Moya;4800;CLF;3 dormitorios;2 baños;80 m² útiles;3 dormitorios | 2 baños | 80 m² útiles;Villa Los Jardínes - Villa Los Presidentes, Ñuñoa;
2025-11-29 18:12:10;Ñuñoa;departamento;Departamento 2d Vista Despejada/plaza Ñuñoa;5750;CLF;2 dormitorios;2 baños;82 m² útiles;2 dormitorios | 2 baños | 82 m² útiles;Plaza Ñuñoa, Ñuñoa;
2025-11-29 18:12:10;Ñuñoa;departamento;Ñuñoa * Buen Barrio;5820;CLF;3 dormitorios;2 baños;80 m² útiles;3 dormitorios | 2 baños | 80 m² útiles;Villaseca 1080, Metro Ñuñoa, Ñuñoa;
2025-11-29 18:12:10;Ñuñoa;departamento;Departamento En Venta En Ñuñoa;4500;CLF;2 dormitorios;2 baños;69 m² útiles;2 dormitorios | 2 baños | 69 m² útiles;Miguel Claro 2555, Santiago, Ñuñoa, Metro Monseñor Eyzaguirre, Ñuñoa;
2025-11-29 18:12:10;Ñuñoa;departamento;2 Dormitorios 2 Baños Estacionamiento Y Bodega;4290;CLF;2 dormitorios;2 baños;62 m² útiles;2 dormitorios | 2 baños | 62 m² útiles;Amplio Departamento, Iluminado, Silencioso 1 E 1 B, Plaza Egaña, Ñuñoa;
2025-11-29 18:12:10;Ñuñoa;departamento;Ubicación Privilegiada Ñuñoa: Venta Departamento 2d-2b;4997;CLF;2 dormitorios;2 baños;62 m² útiles;2 dormitorios | 2 baños | 62 m² útiles;Ubicación Privilegiada Ñuñoa: Venta Departamento 2D-2B Barrio Residencial, Plaza Ñuñoa, Ñuñoa;
2025-11-29 18:12:10;Ñuñoa;departamento;Dpto. 3d-2b-e-b, Ed. 5 Pisos- Duble Almeyda-barrio Ñuñoa;173298000;CLP;3 dormitorios;2 baños;75 m² útiles;3 dormitorios | 2 baños | 75 m² útiles;Dublé Almeyda 1821, Ñuñoa, Metro Monseñor Eyzaguirre, Ñuñoa;
2025-11-29 18:13:05;Ñuñoa;departamento;Departamento Metro Plaza Egaña/nuncio Laghi;7200;CLF;3 dormitorios;2 baños;92 m² útiles;3 dormitorios | 2 baños | 92 m² útiles;Metro Plaza Egaña/Nuncio Laghi, Diagonal Oriente, Ñuñoa;
2025-11-29 18:13:05;Ñuñoa;departamento;Departamento 2 Dormitorios 2 Baños Con Est;4690;CLF;2 dormitorios;2 baños;52 m² útiles;2 dormitorios | 2 baños | 52 m² útiles;ESTACIONAMIENTO-CÓMODO 2do DORMITORIO, Metro Irarrázaval, Ñuñoa;
2025-11-29 18:13:05;Ñuñoa;departamento;Venta De Amplio Departamento Con Excelente Conectividad;215000000;CLP;3 dormitorios;2 baños;79 m² útiles;3 dormitorios | 2 baños | 79 m² útiles;Departamento Con Excelente Conexión, Estadio Nacional, Ñuñoa;
2025-11-29 18:13:05;Ñuñoa;departamento;Departamento Metro Ñuble/carlos Dittborn;2230;CLF;1 dormitorio;1 baño;29 m² útiles;1 dormitorio | 1 baño | 29 m² útiles;Metro Ñuble/Carlos Dittborn, Parque San Eugenio - Metro Ñuble, Ñuñoa;
2025-11-29 18:13:05;Ñuñoa;departamento;Venta Nuevo Depto Ñuñoa, Metro Principe De Gales;5000;CLF;1 dormitorio;1 baño;37 m² útiles;1 dormitorio | 1 baño | 37 m² útiles;Diego De Almagro, Ñuñoa;
2025-11-29 18:13:05;Ñuñoa;departamento;Nuevo Depto En Ñuñoa En Venta;2553;CLF;1 dormitorio;1 baño;33 m² útiles;1 dormitorio | 1 baño | 33 m² útiles;Nuevo Depto En Venta, Estadio Nacional, Ñuñoa;
2025-11-29 18:13:05;Ñuñoa;departamento;2 Dorm 2 Baños + Estac. Y Bodeg Metro Pza.egaña Y Villa Frei;5300;CLF;2 dormitorios;2 baños;54 m² útiles;2 dormitorios | 2 baños | 54 m² útiles;Los Aliaga 5500, Ñuñoa, Chile, Diagonal Oriente, Ñuñoa;
2025-11-29 18:13:05;Ñuñoa;departamento;Venta Departamento Ñuñoa - Metro Irarrazaval;5800;CLF;2 dormitorios;2 baños;49 m² útiles;2 dormitorios | 2 baños | 49 m² útiles;Metro Irarrázaval, Ñuñoa;
2025-11-29 18:13:05;Ñuñoa;departamento;A Cuadras Del Metro Chile España 3 Dormit. 2 B. Bod Y Est.;6490;CLF;3 dormitorios;2 baños;86 m² útiles;3 dormitorios | 2 baños | 86 m² útiles;DPTO. CERCANO METRO CHILE ESPAÑA - 3 DORMIT. 2 BAÑOS - BOD Y EST., Estadio Nacional, Ñuñoa;
2025-11-29 18:13:05;Ñuñoa;departamento;Venta Departamento - Ñuñoa;3750;CLF;1 dormitorio;1 baño;34 m² útiles;1 dormitorio | 1 baño | 34 m² útiles;Metro Ñuñoa, Ñuñoa;
2025-11-29 18:13:05;Ñuñoa;departamento;Departamento Metro Ñuble/vicuña Mackenna;2990;CLF;1 dormitorio;1 baño;30 m² útiles;1 dormitorio | 1 baño | 30 m² útiles;Metro Ñuble/Vicuña Mackenna, Parque San Eugenio - Metro Ñuble, Ñuñoa;
2025-11-29 18:13:05;Ñuñoa;departamento;Venta Nuevo Depto Ñuñoa, Metro Principe De Gales;7683;CLF;1 dormitorio;1 baño;37 m² útiles;1 dormitorio | 1 baño | 37 m² útiles;Diego De Almagro, Ñuñoa;
2025-11-29 18:13:05;Ñuñoa;departamento;Venta Departamento Nuevo Plaza Egaña;5008;CLF;2 dormitorios;1 baño;56 m² útiles;2 dormitorios | 1 baño | 56 m² útiles;Plaza Egaña, Ñuñoa;
2025-11-29 18:13:05;Ñuñoa;departamento;Departamento Metro Plaza Egaña/metro Villa Frei;8680;CLF;3 dormitorios;2 baños;82 m² útiles;3 dormitorios | 2 baños | 82 m² útiles;Metro Plaza Egaña/Metro Villa Frei, Plaza Egaña, Ñuñoa;
2025-11-29 18:13:05;Ñuñoa;departamento;Departamento Amapolas/montenegro;5480;CLF;1 dormitorio;1 baño;55 m² útiles;1 dormitorio | 1 baño | 55 m² útiles;Amapolas/Montenegro, Diego De Almagro, Ñuñoa;
2025-11-29 18:13:05;Ñuñoa;departamento;Venta Departamento Duplex;9980;CLF;2 dormitorios;2 baños;120 m² útiles;2 dormitorios | 2 baños | 120 m² útiles;Diego De Almagro, Ñuñoa;
2025-11-29 18:13:05;Ñuñoa;departamento;Departamento Venta Tipo Mariposa / 2d/2b/metro Chile España;6300;CLF;2 dormitorios;2 baños;51 m² útiles;2 dormitorios | 2 baños | 51 m² útiles;Metro Chile España, Plaza Ñuñoa, Ñuñoa;
2025-11-29 18:13:05;Ñuñoa;departamento;Departamento En Venta En Ñuñoa;7500;CLF;3 dormitorios;2 baños;94 m² útiles;3 dormitorios | 2 baños | 94 m² útiles;Enrique Richard, Ñuñoa, Plaza Ñuñoa, Ñuñoa;
2025-11-29 18:13:05;Ñuñoa;departamento;Cercano Al Metro, Excelente Para Inversión/arrendatarios ;4000;CLF;2 dormitorios;1 baño;60 m² útiles;2 dormitorios | 1 baño | 60 m² útiles;San Eugenio 1085, Ñuñoa, Parque San Eugenio - Metro Ñuble, Ñuñoa;
2025-11-29 18:13:05;Ñuñoa;departamento;Departamento Mariposa 2d/2b/grecia/alessandri;4400;CLF;2 dormitorios;2 baños;60 m² útiles;2 dormitorios | 2 baños | 60 m² útiles;Grecia/José Pedro Alessandri/Metro Estadio Nacional, Juan Gómez Millas, Ñuñoa;
2025-11-29 18:13:05;Ñuñoa;departamento;Departamento Venta 4d / 3b / Metro Eyzaguirre/ Ñuñoa;9300;CLF;4 dormitorios;3 baños;109 m² útiles;4 dormitorios | 3 baños | 109 m² útiles;José M. Infante / Metro Monseñor Eyzaguirre, Metro Monseñor Eyzaguirre, Ñuñoa;
2025-11-29 18:13:05;Ñuñoa;departamento;Departamento Venta 2dor/2b/piscina/grecia/centro Comercial;4100;CLF;2 dormitorios;2 baños;56 m² útiles;2 dormitorios | 2 baños | 56 m² útiles;Av. Grecia/ José Pedro Alessandri/ Metro Estadio Nacional, Juan Gómez Millas, Ñuñoa;
2025-11-29 18:13:05;Ñuñoa;departamento;Departamento Venta 2d/2b/ Preciosa Vista / Metro Eyzaguirre;5800;CLF;2 dormitorios;2 baños;70 m² útiles;2 dormitorios | 2 baños | 70 m² útiles;Metro Monseñor Eyzaguirre / Carrera Pinto, Metro Monseñor Eyzaguirre, Ñuñoa;
2025-11-29 18:13:05;Ñuñoa;departamento;Departamento ¡oportunidad!/metro Chile - España;4300;CLF;1 dormitorio;1 baño;40 m² útiles;1 dormitorio | 1 baño | 40 m² útiles;¡OPORTUNIDAD!/Metro Chile - España, Plaza Ñuñoa, Ñuñoa;
2025-11-29 18:13:05;Ñuñoa;departamento;Depto. Ñuñoa Crédito Tasa De Interes 3.33%;3500;CLF;1 dormitorio;1 baño;31 m² útiles;1 dormitorio | 1 baño | 31 m² útiles;Zañartu 1100, 0, Estadio Nacional, Ñuñoa;
2025-11-29 18:13:05;Ñuñoa;departamento;Departamento De Estreno En Ñuñoa;6291;CLF;2 dormitorios;2 baños;47 m² útiles;2 dormitorios | 2 baños | 47 m² útiles;San Eugenio, 0, Parque San Eugenio - Metro Ñuble, Ñuñoa;
2025-11-29 18:13:05;Ñuñoa;departamento;Tu Nuevo Hogar En Ñuñoa: Estilo Y Comodidad;6541;CLF;2 dormitorios;2 baños;55 m² útiles;2 dormitorios | 2 baños | 55 m² útiles;San Eugenio, 567, Parque San Eugenio - Metro Ñuble, Ñuñoa;
2025-11-29 18:13:05;Ñuñoa;departamento;Departamento Moderno En Ñuñoa;3700;CLF;1 dormitorio;1 baño;38 m² útiles;1 dormitorio | 1 baño | 38 m² útiles;Av. Vicuña Mackenna, 1290, Parque San Eugenio - Metro Ñuble, Ñuñoa;
2025-11-29 18:13:05;Ñuñoa;departamento;Departamento En Venta En Plaza Ñuñoa;7500;CLF;3 dormitorios;2 baños;98 m² útiles;3 dormitorios | 2 baños | 98 m² útiles;Enrique Richard, Ñuñoa, Plaza Ñuñoa, Ñuñoa;
2025-11-29 18:13:05;Ñuñoa;departamento;Departamento Conventry/pucará;5950;CLF;3 dormitorios;2 baños;74 m² útiles;3 dormitorios | 2 baños | 74 m² útiles;Conventry/Pucará, Parque Botánico, Ñuñoa;
2025-11-29 18:13:05;Ñuñoa;departamento;Departamento 2d / 2b / Estac. / Bodega. Ñuñoa.;4200;CLF;2 dormitorios;2 baños;48 m² útiles;2 dormitorios | 2 baños | 48 m² útiles;Mujica 55, Ñuñoa, Metro Irarrázaval, Ñuñoa;
2025-11-29 18:13:05;Ñuñoa;departamento;Departamento En Venta De 1 Dorm. En Ñuñoa;4800;CLF;1 dormitorio;1 baño;55 m² totales;1 dormitorio | 1 baño | 55 m² totales;Nunoa, Metro Monseñor Eyzaguirre, Ñuñoa;
2025-11-29 18:13:05;Ñuñoa;departamento;Excelente Ubicación, Cercano A Hospital De Carabineros;6800;CLF;2 dormitorios;2 baños;60 m² útiles;2 dormitorios | 2 baños | 60 m² útiles;Nicaragua 2142, 7770395 Ñuñoa, Región Metropolitana, Chile, Metro Ñuñoa, Ñuñoa;
2025-11-29 18:13:05;Ñuñoa;departamento;Venta Dpto. Ñuñoa  Con Parque Interior;6500;CLF;3 dormitorios;1 baño;90 m² útiles;3 dormitorios | 1 baño | 90 m² útiles;Parque Botánico, Ñuñoa;
2025-11-29 18:13:05;Ñuñoa;departamento;Venta Departamento Irarrazaval - Plaza Ñuñoa;4980;CLF;2 dormitorios;2 baños;52 m² útiles;2 dormitorios | 2 baños | 52 m² útiles;Av Irarrazaval, Parque Juan XXIII, Ñuñoa;
2025-11-29 18:13:05;Ñuñoa;departamento;Departamento En Venta, Ñuñoa.;2990;CLF;1 dormitorio;1 baño;37 m² útiles;1 dormitorio | 1 baño | 37 m² útiles;Emilio Vaisse, 1 - 300, Metro Irarrázaval, Ñuñoa;
2025-11-29 18:13:05;Ñuñoa;departamento;Cómodo Departamento Con Patio Exclusivo, Semi-nuevo En Ñuñoa;8800;CLF;3 dormitorios;2 baños;78 m² útiles;3 dormitorios | 2 baños | 78 m² útiles;Dr. Johow 348, 7760114 Santiago, Ñuñoa, Región Metropolitana, Chile, Plaza Ñuñoa, Ñuñoa;
2025-11-29 18:13:05;Ñuñoa;departamento;Venta De Dpto Con Excelente Conectividad En Ñuñoa;115000000;CLP;2 dormitorios;1 baño;70 m² útiles;2 dormitorios | 1 baño | 70 m² útiles;Av. Jorge Monckeberg, 0, Ñuñoa;
2025-11-29 18:13:05;Ñuñoa;departamento;Venta Departamento Ñuñoa;3490;CLF;1 dormitorio;1 baño;37 m² útiles;1 dormitorio | 1 baño | 37 m² útiles;Emilio Vaisse, 1 - 300, Metro Irarrázaval, Ñuñoa;
2025-11-29 18:13:05;Ñuñoa;departamento;Departamento En Venta En Ñuñoa Rebajado, Oferta.;3250;CLF;1 dormitorio;1 baño;38 m² útiles;1 dormitorio | 1 baño | 38 m² útiles;Condell 1777, Ñuñoa, Chile, Metro Irarrázaval, Ñuñoa;
2025-11-29 18:13:05;Ñuñoa;departamento;Depto 3d- 2b- 1e, Metro Chile  España Ñuñoa;4688;CLF;3 dormitorios;2 baños;75 m² útiles;3 dormitorios | 2 baños | 75 m² útiles;Av. José Pedro Alessandri, 1 - 300, Juan Gómez Millas, Ñuñoa;
2025-11-29 18:13:05;Ñuñoa;departamento;Departamento  Venta Zañartu 2 D  2 B, Terr Y Estacionamiento;135000000;CLP;2 dormitorios;2 baños;64 m² útiles;2 dormitorios | 2 baños | 64 m² útiles;Zañartu 2203, Ñuñoa, Estadio Nacional, Ñuñoa;
2025-11-29 18:13:05;Ñuñoa;departamento;Metro Chile España / J P Alessandri / Estacionamiento;173000000;CLP;2 dormitorios;1 baño;48 m² útiles;2 dormitorios | 1 baño | 48 m² útiles;Av. José Pedro Alessandri 557, Ñuñoa, Estadio Nacional, Ñuñoa;
2025-11-29 18:13:05;Ñuñoa;departamento;Departamento ¡oportunidad!/metro Ñuñoa;165000000;CLP;3 dormitorios;2 baños;75 m² útiles;3 dormitorios | 2 baños | 75 m² útiles;¡OPORTUNIDAD!/Metro Ñuñoa, Metro Ñuñoa, Ñuñoa;
2025-11-29 18:13:05;Ñuñoa;departamento;Depto En Venta 4 Dorm. Ñuñoa / Metro Monseñor Eyzaguirre;8490;CLF;4 dormitorios;3 baños;111 m² útiles;4 dormitorios | 3 baños | 111 m² útiles;Dpto 4D Venta O Arriendo Metro Monseñor Eyzaguirre, Metro Monseñor Eyzaguirre, Ñuñoa;
2025-11-29 18:13:05;Ñuñoa;departamento;Metros  Nuñoa / Irarrazaval 2931 / Estacionamiento;3990;CLF;2 dormitorios;2 baños;55 m² útiles;2 dormitorios | 2 baños | 55 m² útiles;Av. Irarrázaval 2931, Ñuñoa, Plaza Ñuñoa, Ñuñoa;
2025-11-29 18:13:05;Ñuñoa;departamento;Tu Próximo Hogar En Ñuñoa;3100;CLF;1 dormitorio;1 baño;33 m² útiles;1 dormitorio | 1 baño | 33 m² útiles;Irarrazaval 21 - 3000, 0, Metro Irarrázaval, Ñuñoa;
2025-11-29 18:13:05;Ñuñoa;departamento;Departamento Campus Oriente/av, Echeñique;6000;CLF;2 dormitorios;2 baños;76 m² útiles;2 dormitorios | 2 baños | 76 m² útiles;Campus Oriente/Av, Echeñique, Parque Botánico, Ñuñoa;
2025-11-29 18:13:30;Ñuñoa;departamento;Departamento En Venta En Ñuñoa Penthouse;9800;CLF;3 dormitorios;2 baños;94 m² útiles;3 dormitorios | 2 baños | 94 m² útiles;Bremen / Estrella Solitaria, Plaza Egaña, Ñuñoa;
2025-11-29 18:13:30;Ñuñoa;departamento;Oportunidad En Ñuñoa: Departamento 2d-1b En Barrio Amapolas,;2900;CLF;2 dormitorios;1 baño;60 m² útiles;2 dormitorios | 1 baño | 60 m² útiles;Oportunidad En Ñuñoa: Departamento 2D-1B En Barrio Amapolas, Cerca Del Metro, Amapolas, Ñuñoa;
2025-11-29 18:13:30;Ñuñoa;departamento;Depto. Como Nuevo! 1d Con Gran Terraza;3600;CLF;1 dormitorio;1 baño;32 m² útiles;1 dormitorio | 1 baño | 32 m² útiles;Metro Monseñor Eyzaguirre, Ñuñoa;
2025-11-29 18:13:30;Ñuñoa;departamento;Vendo Departamento Remodelado En Ñuñoa;3950;CLF;2 dormitorios;2 baños;52 m² útiles;2 dormitorios | 2 baños | 52 m² útiles;Avenida Pedro De Valdivia, 3712, Metro Ñuñoa, Ñuñoa;
2025-11-29 18:13:30;Ñuñoa;departamento;Reajustado! Depto. Ñuñoa, Cerca Metro Líneas 3 Y 6;5990;CLF;3 dormitorios;2 baños;75 m² útiles;3 dormitorios | 2 baños | 75 m² útiles;José Luis Araneda, 0, Ñuñoa;
2025-11-29 18:13:30;Ñuñoa;departamento;Venta Luminoso Departamento 3d2b.  Ñuñoa;8750;CLF;3 dormitorios;2 baños;110 m² útiles;3 dormitorios | 2 baños | 110 m² útiles;ESTRELLA SOLITARIA, 0, Plaza Egaña, Ñuñoa;
2025-11-29 18:13:30;Ñuñoa;departamento;Departamento En Venta En Av. Sucre Y Artigas;6200;CLF;3 dormitorios;2 baños;90 m² útiles;3 dormitorios | 2 baños | 90 m² útiles;Gral. José Artigas 3124, Ñuñoa, Plaza Ñuñoa, Ñuñoa;
2025-11-29 18:13:30;Ñuñoa;departamento;Venta Nuevo Precio | Departamento  | Ñuñoa;8800;CLF;3 dormitorios;2 baños;91 m² útiles;3 dormitorios | 2 baños | 91 m² útiles;ESTRELLA SOLITARIA, 5100 - 5400, Plaza Egaña, Ñuñoa;
2025-11-29 18:13:30;Ñuñoa;departamento;Departamento Con Patio / Exequiel Fdez 94m2;4850;CLF;2 dormitorios;2 baños;49 m² útiles;2 dormitorios | 2 baños | 49 m² útiles;Exequiel Fernandez, 1 - 300, Estadio Nacional, Ñuñoa;
2025-11-29 18:13:30;Ñuñoa;departamento;Venta Departamento En Ñuñoa 2 Dormitorios 2 Baños, Terraza;4750;CLF;2 dormitorios;2 baños;61 m² útiles;2 dormitorios | 2 baños | 61 m² útiles;Sucre Entre Av Ricardo Lyon Y Av Suecia, Ñuñoa;
2025-11-29 18:13:30;Ñuñoa;departamento;Departamento En Venta De 1 Dorm. En Ñuñoa;137500000;CLP;1 dormitorio;1 baño;35 m² útiles;1 dormitorio | 1 baño | 35 m² útiles;Marchat Pereira, Metro Ñuñoa, Ñuñoa;
2025-11-29 18:13:30;Ñuñoa;departamento;Departamento En Venta En Alcalde Jorge Monckeberg;3400;CLF;2 dormitorios;1 baño;52 m² útiles;2 dormitorios | 1 baño | 52 m² útiles;Alcalde Jorge Monckeberg 1351, Ñuñoa, Ñuñoa;
2025-11-29 18:13:30;Ñuñoa;departamento;Departamento En Venta De 2 Dorm. En Ñuñoa;5500;CLF;2 dormitorios;2 baños;70 m² útiles;2 dormitorios | 2 baños | 70 m² útiles;José Domingo Cañas, Plaza Ñuñoa, Ñuñoa;
2025-11-29 18:13:30;Ñuñoa;departamento;Departamento En Venta De 2 Dorm. En Ñuñoa;5190;CLF;2 dormitorios;2 baños;75 m² útiles;2 dormitorios | 2 baños | 75 m² útiles;Jose Manuel Infante, Metro Monseñor Eyzaguirre, Ñuñoa;
2025-11-29 18:13:30;Ñuñoa;departamento;Venta Luminoso Y Moderno Departamento Ñuñoa;8500;CLF;3 dormitorios;3 baños;99 m² útiles;3 dormitorios | 3 baños | 99 m² útiles;Coventry, Villa Frei, Ñuñoa;
2025-11-29 18:13:30;Ñuñoa;departamento;Venta Duplex Con Vista Panorámica.;8300;CLF;2 dormitorios;2 baños;60 m² útiles;2 dormitorios | 2 baños | 60 m² útiles;Diego De Almagro, 4500 - 4800, Plaza Ñuñoa, Ñuñoa;
2025-11-29 18:13:30;Ñuñoa;departamento;Venta Departamento Hermosa Vista / 2 Estac. Y Bod.;165000000;CLP;3 dormitorios;2 baños;66 m² útiles;3 dormitorios | 2 baños | 66 m² útiles;SAN EUGENIO, 0, Parque San Eugenio - Metro Ñuble, Ñuñoa;
2025-11-29 18:13:30;Ñuñoa;departamento;Venta Luminoso Depto 3d2b.  Metro M. Eyzaguirre;8550;CLF;3 dormitorios;2 baños;110 m² útiles;3 dormitorios | 2 baños | 110 m² útiles;METRO MONSEÑOR EYZAGUIRRE, 0, Metro Monseñor Eyzaguirre, Ñuñoa;
2025-11-29 18:13:30;Ñuñoa;departamento;¡vive En Ñuñoa! Se Vende Depto 2d/1b;3390;CLF;2 dormitorios;1 baño;47 m² útiles;2 dormitorios | 1 baño | 47 m² útiles;SAN EUGENIO, 1200 - 1500, Parque San Eugenio - Metro Ñuble, Ñuñoa;
2025-11-29 18:13:30;Ñuñoa;departamento;En Venta Miguel Claro Ñuñoa 4 Dormitorios ;6980;CLF;4 dormitorios;3 baños;100 m² útiles;4 dormitorios | 3 baños | 100 m² útiles;Calle Miguel Claro 2550, Metro Monseñor Eyzaguirre, Ñuñoa;
2025-11-29 18:13:30;Ñuñoa;departamento;Venta 1d Y 1b (2 Ambientes)  37 M2;2500;CLF;1 dormitorio;1 baño;33 m² útiles;1 dormitorio | 1 baño | 33 m² útiles;ZAÑARTU, 1 - 300, Estadio Nacional, Ñuñoa;
2025-11-29 18:13:30;Ñuñoa;departamento;Departamento En Venta De 3 Dorm. En Ñuñoa;8300;CLF;3 dormitorios;3 baños;100 m² útiles;3 dormitorios | 3 baños | 100 m² útiles;Avenida Pedro De Valdivia Con Diagonal Oriente, Ñuñoa;
2025-11-29 18:13:30;Ñuñoa;departamento;Venta Dpto 3dorm- 2bañ- 1est- 1 Bdg, Gran Conectividad Ñuñoa;6750;CLF;3 dormitorios;2 baños;89 m² útiles;3 dormitorios | 2 baños | 89 m² útiles;Los Cerezos, Ñuñoa, Parque Juan XXIII, Ñuñoa;
2025-11-29 18:13:30;Ñuñoa;departamento;Venta Comodo Depto En Ñuñoa;5800;CLF;2 dormitorios;2 baños;65 m² útiles;2 dormitorios | 2 baños | 65 m² útiles;Regina Pacis, 600 - 900, Plaza Ñuñoa, Ñuñoa;
2025-11-29 18:13:30;Ñuñoa;departamento;Venta Departamento 1d + Estacio Metro Irarrázaval Ñuñoa, ;3600;CLF;1 dormitorio;1 baño;38 m² útiles;1 dormitorio | 1 baño | 38 m² útiles;Emilio Vaisse 770, Metro Irarrázaval, Ñuñoa;
2025-11-29 18:13:30;Ñuñoa;departamento;Departamento En Venta De 3 Dorm. En Ñuñoa;7100;CLF;3 dormitorios;2 baños;81 m² útiles;3 dormitorios | 2 baños | 81 m² útiles;Metro Plaza Egaña, Plaza Egaña, Ñuñoa;
2025-11-29 18:13:30;Ñuñoa;departamento;Nuevo, Piso 1  M. Monseñor Eyzaguirre!;4470;CLF;1 dormitorio;1 baño;42 m² útiles;1 dormitorio | 1 baño | 42 m² útiles;DOMINGO FAUSTINO SARMIENTO, 0, Metro Monseñor Eyzaguirre, Ñuñoa;
2025-11-29 18:13:30;Ñuñoa;departamento;1 Dormitorio (2 Ambientes)  Plaza Zañartu;2800;CLF;1 dormitorio;1 baño;36 m² útiles;1 dormitorio | 1 baño | 36 m² útiles;ZAÑARTU, 1 - 300, Estadio Nacional, Ñuñoa;
2025-11-29 18:13:30;Ñuñoa;departamento;Como Nuevo, Estacionamiento Y Bodega;3200;CLF;1 dormitorio;1 baño;31 m² útiles;1 dormitorio | 1 baño | 31 m² útiles;ZAÑARTU, 0, Estadio Nacional, Ñuñoa;
2025-11-29 18:13:30;Ñuñoa;departamento;Oportunidad Departamento Venta De 3 Dorm En Condominio Ñuñoa;5900;CLF;3 dormitorios;2 baños;80 m² útiles;3 dormitorios | 2 baños | 80 m² útiles;José Domingo Cañas / El Salvador, Estadio Nacional, Ñuñoa;
2025-11-29 18:13:30;Ñuñoa;departamento;Plaza Zañartu, Ñuñoa - 1 Dormitorio (2 Ambientes);2800;CLF;1 dormitorio;1 baño;33 m² útiles;1 dormitorio | 1 baño | 33 m² útiles;ZAÑARTU, 1 - 300, Estadio Nacional, Ñuñoa;
2025-11-29 18:13:30;Ñuñoa;departamento;Departamento En Venta En Irarrázaval Ñuñoa;5400;CLF;2 dormitorios;2 baños;70 m² útiles;2 dormitorios | 2 baños | 70 m² útiles;República De Israel 977, 7.7499e+06 - 7.7502e+06 Ñuñoa, Región Metropolitana, Chile, Metro Irarrázaval, Ñuñoa;
2025-11-29 18:13:30;Ñuñoa;departamento;Venta Departamento 2d2b Estac Y Bodega Ñuñoa;7000;CLF;2 dormitorios;2 baños;71 m² útiles;2 dormitorios | 2 baños | 71 m² útiles;DOMINGO FAUSTINO SARMIENTO, Metro Monseñor Eyzaguirre, Ñuñoa;
2025-11-29 18:13:30;Ñuñoa;departamento;Venta, Metro Ñuble 1d/1b Remodelado;2150;CLF;1 dormitorio;1 baño;27 m² útiles;1 dormitorio | 1 baño | 27 m² útiles;San Eugenio, 1500 - 1800, Parque San Eugenio - Metro Ñuble, Ñuñoa;
2025-11-29 18:13:30;Ñuñoa;departamento;Departamento Calle Zañartu Ñuñoa, Estacionamiento 2d 2b;3418;CLF;2 dormitorios;2 baños;57 m² útiles;2 dormitorios | 2 baños | 57 m² útiles;Zañartu 2203, Ñuñoa, Estadio Nacional, Ñuñoa;
2025-11-29 18:13:30;Ñuñoa;departamento;Venta Depto Bremen 1701 / Metro Príncipe De Gales;7900;CLF;3 dormitorios;2 baños;83 m² útiles;3 dormitorios | 2 baños | 83 m² útiles;Bremen 1701, Santiago, Ñuñoa, Diego De Almagro, Ñuñoa;
2025-11-29 18:13:30;Ñuñoa;departamento;Ñuñoa, Moderno Depto De 1d/1b;2390;CLF;1 dormitorio;1 baño;29 m² útiles;1 dormitorio | 1 baño | 29 m² útiles;San Eugenio, 1500 - 1800, Parque San Eugenio - Metro Ñuble, Ñuñoa;
2025-11-29 18:13:30;Ñuñoa;departamento;Metro Irarrázaval / Seminario;3290;CLF;1 dormitorio;1 baño;38 m² útiles;1 dormitorio | 1 baño | 38 m² útiles;METRO IRARRÁZAVAL / SEMINARIO, Metro Irarrázaval, Ñuñoa;
2025-11-29 18:13:30;Ñuñoa;departamento;Departamento En Venta De 2 Dorm. En Ñuñoa;7700;CLF;2 dormitorios;2 baños;80 m² útiles;2 dormitorios | 2 baños | 80 m² útiles;Hamburgo/Av.Echeñique, Metro Simón Bolivar, Ñuñoa;
2025-11-29 18:13:30;Ñuñoa;departamento;Oportunidad - Bajo Precio De Tasación;6500;CLF;3 dormitorios;2 baños;78 m² útiles;3 dormitorios | 2 baños | 78 m² útiles;Rengo, 900 - 1200, Metro Monseñor Eyzaguirre, Ñuñoa;
2025-11-29 18:13:30;Ñuñoa;departamento;Departamento En Venta De 2 Dorm. En Ñuñoa;4800;CLF;2 dormitorios;1 baño;48 m² útiles;2 dormitorios | 1 baño | 48 m² útiles;Exequiel Fernández / Av Irarrazabal, Plaza Ñuñoa, Ñuñoa;
2025-11-29 18:13:30;Ñuñoa;departamento;Topísimo Y Hermoso Departamento 2d+1b+1estac+1bodega;4300;CLF;2 dormitorios;1 baño;50 m² útiles;2 dormitorios | 1 baño | 50 m² útiles;Crescente Errázuriz 379, 7.7799e+06 - 7.7802e+06 Ñuñoa, Región Metropolitana, Chile, Parque San Eugenio - Metro Ñuble, Ñuñoa;
2025-11-29 18:13:30;Ñuñoa;departamento;Departamento En Venta De 3 Dorm. En Ñuñoa;6990;CLF;3 dormitorios;3 baños;109 m² útiles;3 dormitorios | 3 baños | 109 m² útiles;Ñuñoa, Metro Monseñor Eyzaguirre;
2025-11-29 18:13:30;Ñuñoa;departamento;Espectacular Depto 2d+2b+1e Cercano Al Metro Irarrázaval;7200;CLF;2 dormitorios;2 baños;70 m² útiles;2 dormitorios | 2 baños | 70 m² útiles;Av. Irarrázaval 2220, Metro Ñuñoa, Ñuñoa;
2025-11-29 18:13:30;Ñuñoa;departamento;Departamento Seminuevo 1d+1b Frente Al Portal Ñuñoa;3600;CLF;1 dormitorio;1 baño;38 m² útiles;1 dormitorio | 1 baño | 38 m² útiles;Av. José Pedro Alessandri 1295, Ñuñoa, Estadio Nacional, Ñuñoa;
2025-11-29 18:13:30;Ñuñoa;departamento;Departamento En Venta De 3 Dorm. En Ñuñoa;6250;CLF;3 dormitorios;2 baños;68 m² útiles;3 dormitorios | 2 baños | 68 m² útiles;Av. Irarrázaval / Montenegro, Parque Juan XXIII, Ñuñoa;
2025-11-29 18:13:30;Ñuñoa;departamento;1d 1e 1b Espectacular En Ñuñoa - Para Ejecutivos ;4250;CLF;1 dormitorio;1 baño;40 m² útiles;1 dormitorio | 1 baño | 40 m² útiles;Avda Pedro Alessandri, 433, Plaza Ñuñoa, Ñuñoa;
2025-11-29 18:13:30;Ñuñoa;departamento;Departamento En Venta En Ñuñoa;300000000;CLP;3 dormitorios;2 baños;90 m² útiles;3 dormitorios | 2 baños | 90 m² útiles;Metro Chile España, Plaza Ñuñoa, Ñuñoa;
2025-11-29 18:14:02;Ñuñoa;departamento;2 Dormitorios, Con Estac. Y Bicicletero;3300;CLF;2 dormitorios;1 baño;43 m² útiles;2 dormitorios | 1 baño | 43 m² útiles;ZAÑARTU, 1 - 300, Estadio Nacional, Ñuñoa;
2025-11-29 18:14:02;Ñuñoa;departamento;1d 1e 1b Espectacular En Ñuñoa - Ideal;4150;CLF;1 dormitorio;1 baño;40 m² útiles;1 dormitorio | 1 baño | 40 m² útiles;Avda Pedro Alessandri, 433, Plaza Ñuñoa, Ñuñoa;
2025-11-29 18:14:02;Ñuñoa;departamento;Departamento En Venta De 3 Dorm. En Ñuñoa;6100;CLF;3 dormitorios;2 baños;75 m² útiles;3 dormitorios | 2 baños | 75 m² útiles;Plaza Ñuñoa, Plaza Ñuñoa, Ñuñoa;
2025-11-29 18:14:02;Ñuñoa;departamento;Amplio Y Acogedor Departamento En Piso Bajo;6400;CLF;3 dormitorios;2 baños;73 m² útiles;3 dormitorios | 2 baños | 73 m² útiles;Seminario, 1500 - 1800, Parque San Eugenio - Metro Ñuble, Ñuñoa;
2025-11-29 18:14:02;Ñuñoa;departamento;Departamento En Venta De 3 Dorm. En Ñuñoa;179000000;CLP;3 dormitorios;2 baños;75 m² útiles;3 dormitorios | 2 baños | 75 m² útiles;Ñuñoa, Metro Monseñor Eyzaguirre, Ñuñoa;
2025-11-29 18:14:02;Ñuñoa;departamento;Se Vende Departamento Con Excelente Ubicación En Ñuñoa;6300;CLF;3 dormitorios;2 baños;67 m² útiles;3 dormitorios | 2 baños | 67 m² útiles;Suárez Mujica 411, Parque San Eugenio - Metro Ñuble, Ñuñoa;
2025-11-29 18:14:02;Ñuñoa;departamento;Departamento En Venta En Ñuñoa;4690;CLF;1 dormitorio;1 baño;40 m² útiles;1 dormitorio | 1 baño | 40 m² útiles;Profesor Rodolfo Lenz / Holanda, Plaza Ñuñoa, Ñuñoa;
2025-11-29 18:14:02;Ñuñoa;departamento;Departamento En Venta De 2 Dorm. En Ñuñoa;210000000;CLP;2 dormitorios;2 baños;62 m² útiles;2 dormitorios | 2 baños | 62 m² útiles;Pucará/Coventry, Metro Simón Bolivar, Ñuñoa;
2025-11-29 18:14:02;Ñuñoa;departamento;Oportunidad En Ñuñoa: Departamento 2d+1b Con Estacionamiento;4390;CLF;2 dormitorios;1 baño;50 m² útiles;2 dormitorios | 1 baño | 50 m² útiles;Crescente Errázuriz 401, 7.7799e+06 - 7.7802e+06 Ñuñoa, Región Metropolitana, Chile, Parque San Eugenio - Metro Ñuble, Ñuñoa;
2025-11-29 18:14:02;Ñuñoa;departamento;Departamento En Venta De 3 Dorm. En Ñuñoa;6250;CLF;3 dormitorios;2 baños;64 m² útiles;3 dormitorios | 2 baños | 64 m² útiles;Sector Plaza Egaña, Diagonal Oriente, Ñuñoa;
2025-11-29 18:14:02;Ñuñoa;departamento;Primer Piso, Gran Patio, A Pasos Del Parque Botánico Ñuñoa ;7933;CLF;2 dormitorios;2 baños;77 m² útiles;2 dormitorios | 2 baños | 77 m² útiles;Pedro Torres 900 - 1200, Ñuñoa, Parque Botánico, Ñuñoa;
2025-11-29 18:14:02;Ñuñoa;departamento;Departamento En Venta De 3 Dorm. En Ñuñoa;7700;CLF;3 dormitorios;2 baños;90 m² útiles;3 dormitorios | 2 baños | 90 m² útiles;Metro Chile España, Metro Ñuñoa, Ñuñoa;
2025-11-29 18:14:02;Ñuñoa;departamento;Casi Nuevo Ubicación Privilegiada Muy Luminoso;4300;CLF;2 dormitorios;1 baño;47 m² útiles;2 dormitorios | 1 baño | 47 m² útiles;Av. José Pedro Alessandri / Av. Grecia, Estadio Nacional, Ñuñoa;
2025-11-29 18:14:02;Ñuñoa;departamento;Vende Depto Brown Norte Primer Piso Duplex ;6300;CLF;3 dormitorios;2 baños;83 m² útiles;3 dormitorios | 2 baños | 83 m² útiles;Brown Nte. 495, Ñuñoa, Plaza Ñuñoa, Ñuñoa;
2025-11-29 18:14:02;Ñuñoa;departamento;Departamento En Venta De 3 Dorm. En Ñuñoa;5052;CLF;3 dormitorios;2 baños;83 m² útiles;3 dormitorios | 2 baños | 83 m² útiles;Plaza Ñuñoa, Plaza Ñuñoa, Ñuñoa;
2025-11-29 18:14:02;Ñuñoa;departamento;A Pasos Metro Irarrazaval;3900;CLF;1 dormitorio;1 baño;38 m² útiles;1 dormitorio | 1 baño | 38 m² útiles;Seminario / Av. Irarrazaval, Metro Irarrázaval, Ñuñoa;
2025-11-29 18:14:02;Ñuñoa;departamento;Como Nuevo Plaza Egaña;3950;CLF;1 dormitorio;1 baño;41 m² útiles;1 dormitorio | 1 baño | 41 m² útiles;Av. Irarrázaval / Plaza Egaña, Plaza Egaña, Ñuñoa;
2025-11-29 18:14:02;Ñuñoa;departamento;Departamento En Venta De 3 Dorm. En Ñuñoa;6800;CLF;3 dormitorios;2 baños;80 m² útiles;3 dormitorios | 2 baños | 80 m² útiles;Mall Plaza Egaña, Ñuñoa;
2025-11-29 18:14:02;Ñuñoa;departamento;Departamento En Venta De 3 Dorm. En Ñuñoa;6100;CLF;3 dormitorios;2 baños;79 m² útiles;3 dormitorios | 2 baños | 79 m² útiles;Ñuñoa, Estadio Nacional, Ñuñoa;
2025-11-29 18:14:02;Ñuñoa;departamento;Departamento En Venta De 2 Dorm. En Ñuñoa;5500;CLF;2 dormitorios;2 baños;54 m² útiles;2 dormitorios | 2 baños | 54 m² útiles;Metro Irarrazabal/ Av. General Bustamante Con Av Irarrazabal, Metro Irarrázaval, Ñuñoa;
2025-11-29 18:14:02;Ñuñoa;departamento;Departamento En Venta En Ñuñoa;8500;CLF;2 dormitorios;2 baños;70 m² útiles;2 dormitorios | 2 baños | 70 m² útiles;Sector Jose Manuel Infante, Barrio Italia, Ñuñoa, Metro Monseñor Eyzaguirre, Ñuñoa;
2025-11-29 18:14:02;Ñuñoa;departamento;Cómodo Departamento Muy Bien Ubicado 3d,2b, 1 E, 1 B;3400;CLF;3 dormitorios;2 baños;4 m² útiles;3 dormitorios | 2 baños | 4 m² útiles;Exequiel Fernández 1555, Santiago, Ñuñoa, Estadio Nacional, Ñuñoa;
2025-11-29 18:14:02;Ñuñoa;departamento;Venta De Departamento En Ñuñoa;6190;CLF;3 dormitorios;2 baños;91 m² útiles;3 dormitorios | 2 baños | 91 m² útiles;Suárez Mujica 411, Ñuñoa, Parque San Eugenio - Metro Ñuble, Ñuñoa;
2025-11-29 18:14:02;Ñuñoa;departamento;Departamento En Venta Estilo Mariposa En Ñuñoa;4730;CLF;2 dormitorios;2 baños;58 m² útiles;2 dormitorios | 2 baños | 58 m² útiles;Ñuñoa, Metro Irarrázaval;
2025-11-29 18:14:02;Ñuñoa;departamento;Departamento En Venta En Ñuñoa;3050;CLF;;1 baño;36 m² útiles;1 baño | 36 m² útiles;Metro Ñuñoa, Metro Monseñor Eyzaguirre, Ñuñoa;
2025-11-29 18:14:02;Ñuñoa;departamento;Amplio Y Luminoso Dúplex En  Villa Olímpica;2990;CLF;3 dormitorios;1 baño;82 m² útiles;3 dormitorios | 1 baño | 82 m² útiles;FIDIAS, 900 - 1200, Ñuñoa;
2025-11-29 18:14:02;Ñuñoa;departamento;Venta 3d-2b-1e-1b Ñuñoa, Vista Privilegiada Norte Sur Y Poni;6300;CLF;3 dormitorios;2 baños;89 m² útiles;3 dormitorios | 2 baños | 89 m² útiles;Los Cerezos, ÑUÑOA, Villa Frei, Ñuñoa;
2025-11-29 18:14:02;Ñuñoa;departamento;Departamento Con Vista Y Comodidad Frente A La Uc;5300;CLF;3 dormitorios;2 baños;79 m² útiles;3 dormitorios | 2 baños | 79 m² útiles;Senador Jaime Guzmán, 3000 - 3300, Plaza Ñuñoa, Ñuñoa;
2025-11-29 18:14:02;Ñuñoa;departamento;Venta Depto. 2d 2b + 1e 1bod, Av. Irarrázaval, Ñuñoa;4700;CLF;2 dormitorios;2 baños;69 m² útiles;2 dormitorios | 2 baños | 69 m² útiles;Venta Depto. 2D 2B + 1E 1Bod, Av. Irarrázaval, Ñuñoa, Metro Monseñor Eyzaguirre, Ñuñoa;
2025-11-29 18:14:02;Ñuñoa;departamento;Depto 95/103m2 Santa Julia 3d 2b Est Bod Terraza Nororiente;6890;CLF;3 dormitorios;2 baños;95 m² útiles;3 dormitorios | 2 baños | 95 m² útiles;KLG - Depto Santa Julia 77 Amplio 3D 2B Estacionamiento Y Bodega, Parque Juan XXIII, Ñuñoa;
2025-11-29 18:14:02;Ñuñoa;departamento;Departamento Venta Vicuña Mackenna Piscina;3000;CLF;2 dormitorios;2 baños;56 m² útiles;2 dormitorios | 2 baños | 56 m² útiles;Av. Manuel Antonio Matta 040, Ñuñoa, Metro Irarrázaval, Ñuñoa;
2025-11-29 18:14:02;Ñuñoa;departamento;Departamento 3d 2b Piscina Ñuñoa;5600;CLF;3 dormitorios;2 baños;65 m² útiles;3 dormitorios | 2 baños | 65 m² útiles;Francisco De Villagra 408, 7.7598e+06 - 7.7601e+06 Ñuñoa, Región Metropolitana, Chile, Ñuñoa;
2025-11-29 18:14:02;Ñuñoa;departamento;Metro Chilespaña, Vista Despejada;3600;CLF;1 dormitorio;1 baño;45 m² útiles;1 dormitorio | 1 baño | 45 m² útiles;Exequiel Fernandez Esquina Castillo Velasco, 1 - 300, Estadio Nacional, Ñuñoa;
2025-11-29 18:14:02;Ñuñoa;departamento;"Venta De Dpto. 2d&#43;2b Esta&#43;bod En Ñuñoa";3850;CLF;2 dormitorios;2 baños;52 m² útiles;2 dormitorios | 2 baños | 52 m² útiles;OPORTUNIDAD DEPARTAMENTO NUEVO Zañartu 980, Ñuñoa, Estadio Nacional, Ñuñoa;
2025-11-29 18:14:02;Ñuñoa;departamento;Venta Departamento En Ñuñoa 2 Dormitorios 2 Baños. Metro L3 ;5100;CLF;2 dormitorios;2 baños;57 m² útiles;2 dormitorios | 2 baños | 57 m² útiles;Brown Norte-Simón Bolívar, Plaza Ñuñoa, Ñuñoa;
2025-11-29 18:14:02;Ñuñoa;departamento;Departamento En Venta En Plaza Egaña, Ñuñoa;5550;CLF;2 dormitorios;2 baños;58 m² útiles;2 dormitorios | 2 baños | 58 m² útiles;Hannover 5501, 7.7907e+06 - 7.791e+06 Ñuñoa, Región Metropolitana, Chile, Plaza Egaña, Ñuñoa;
2025-11-29 18:14:02;Ñuñoa;departamento;Comodo Y Amplio Depto 3d, 3b, 2e. Hamburgo, Ñuñoa;10200;CLF;3 dormitorios;3 baños;92 m² útiles;3 dormitorios | 3 baños | 92 m² útiles;Hamburgo 1882, Depto 110, Ñuñoa, Chile, Diego De Almagro, Ñuñoa;
2025-11-29 18:14:02;Ñuñoa;departamento;Venta Departamento Cerca Metro Irrarazabal;3700;CLF;1 dormitorio;1 baño;37 m² útiles;1 dormitorio | 1 baño | 37 m² útiles;SEMINARIO, 600 - 900, Metro Irarrázaval, Ñuñoa;
2025-11-29 18:14:02;Ñuñoa;departamento;Hermoso Depto. En Barrio Residencial;7200;CLF;3 dormitorios;2 baños;84 m² útiles;3 dormitorios | 2 baños | 84 m² útiles;Baden / Coventry, Ñuñoa;
2025-11-29 18:14:02;Ñuñoa;departamento;Departamento En Venta De 2 Dorm. En Ñuñoa;3240;CLF;2 dormitorios;1 baño;63 m² útiles;2 dormitorios | 1 baño | 63 m² útiles;Profesor Juan Gomez Millas, Estadio Nacional, Ñuñoa;
2025-11-29 18:14:02;Ñuñoa;departamento;Luminoso, Norte, Vista Despejada;4350;CLF;2 dormitorios;1 baño;49 m² útiles;2 dormitorios | 1 baño | 49 m² útiles;Pucará 5050, Ñuñoa, Metro Simón Bolivar, Ñuñoa;
2025-11-29 18:14:02;Ñuñoa;departamento;Departamento 2d 2b Ñuñoa Excelente Oportunidad Inversión    ;3700;CLF;2 dormitorios;2 baños;57 m² útiles;2 dormitorios | 2 baños | 57 m² útiles;Zañartu 2203, Ñuñoa, Estadio Nacional, Ñuñoa;
2025-11-29 18:14:02;Ñuñoa;departamento;Metro Irarrázaval / Seminario;4350;CLF;2 dormitorios;2 baños;50 m² útiles;2 dormitorios | 2 baños | 50 m² útiles;METRO IRARRÁZAVAL / SEMINARIO, Metro Irarrázaval, Ñuñoa;
2025-11-29 18:14:02;Ñuñoa;departamento;Oportunidad  Bajo En Gastos Comunes;5500;CLF;3 dormitorios;2 baños;72 m² útiles;3 dormitorios | 2 baños | 72 m² útiles;Suarez Mujica, 300 - 600, Parque San Eugenio - Metro Ñuble, Ñuñoa;
2025-11-29 18:14:02;Ñuñoa;departamento;Metro Irarrázaval / Con Estacionamiento;3450;CLF;1 dormitorio;1 baño;33 m² útiles;1 dormitorio | 1 baño | 33 m² útiles;METRO IRARRÁZAVAL / CON ESTACIONAMIENTO, Metro Irarrázaval, Ñuñoa;
2025-11-29 18:14:02;Ñuñoa;departamento;Departamento En Venta De 2 Dorm. En Ñuñoa;6000;CLF;2 dormitorios;2 baños;60 m² útiles;2 dormitorios | 2 baños | 60 m² útiles;Av. Ossa / Av Simón Bolívar, Plaza Egaña, Ñuñoa;
2025-11-29 18:14:02;Ñuñoa;departamento;"Venta Departamento Ñuñoa, M Chile España L3; M Ñuñoa L6 Y L3";5900;CLF;2 dormitorios;2 baños;68 m² útiles;2 dormitorios | 2 baños | 68 m² útiles;Entre Exequiel Fernández Y Los Tres Antonio, Estadio Nacional, Ñuñoa;
2025-11-29 18:14:02;Ñuñoa;departamento;Venta Departamento En Ñuñoa 2 Dormitorios 2 Baños, Terraza;4750;CLF;2 dormitorios;2 baños;61 m² útiles;2 dormitorios | 2 baños | 61 m² útiles;Sucre Entre Av Ricardo Lyon Y Av Suecia, Ñuñoa;
2025-11-29 18:14:23;Ñuñoa;departamento;Departamento En Venta De 3 Dorm. En Ñuñoa;116000000;CLP;3 dormitorios;1 baño;80 m² útiles;3 dormitorios | 1 baño | 80 m² útiles;Lo Encalada / Fidias, Estadio Nacional, Ñuñoa;
2025-11-29 18:14:23;Ñuñoa;departamento;Departamento En Venta De 1 Dorm. Con Estac Y Bod En Ñuñoa;2990;CLF;1 dormitorio;1 baño;33 m² útiles;1 dormitorio | 1 baño | 33 m² útiles;García Valenzuela, Ñuñoa;
2025-11-29 18:14:23;Ñuñoa;departamento;Norte, 2 Est, 3d Y 2b;8000;CLF;3 dormitorios;2 baños;90 m² útiles;3 dormitorios | 2 baños | 90 m² útiles;Hamburgo 550, Ñuñoa, Chile, Plaza Egaña, Ñuñoa;
2025-11-29 18:14:23;Ñuñoa;departamento;Departamento En Venta De 2 Dorm. En Ñuñoa;4650;CLF;2 dormitorios;2 baños;60 m² útiles;2 dormitorios | 2 baños | 60 m² útiles;Ñuñoa, Metro Monseñor Eyzaguirre, Ñuñoa;
2025-11-29 18:14:23;Ñuñoa;departamento;Departamento En Ñuñoa, Condiciones Especiales;4483;CLF;2 dormitorios;2 baños;44 m² útiles;2 dormitorios | 2 baños | 44 m² útiles;Calle Plaza Egaña 100 , DPTO N° 213, BOD 232, Plaza Egaña, Ñuñoa;
2025-11-29 18:14:23;Ñuñoa;departamento;Manuel De Salas - Plaza Ñuñoa 2d 2b;4390;CLF;2 dormitorios;2 baños;50 m² útiles;2 dormitorios | 2 baños | 50 m² útiles;Manuel De Salas - Plaza Ñuñoa, Plaza Ñuñoa, Ñuñoa;
2025-11-29 18:14:23;Ñuñoa;departamento;Venta Depto. 3d 2b 2e, Irarrázaval 1989, Ñuñoa;4990;CLF;3 dormitorios;2 baños;73 m² útiles;3 dormitorios | 2 baños | 73 m² útiles;Venta Depto. 3D 2B 2E, Irarrázaval 1989, Ñuñoa, Metro Monseñor Eyzaguirre, Ñuñoa;
2025-11-29 18:14:23;Ñuñoa;departamento;Departamento En Venta De 1 Dorm. En Ñuñoa;2850;CLF;1 dormitorio;1 baño;42 m² útiles;1 dormitorio | 1 baño | 42 m² útiles;A PASOS DEL METRO IRARRAZAVAL, Metro Irarrázaval, Ñuñoa;
2025-11-29 18:14:23;Ñuñoa;departamento;"Venta Depto Ñuñoa 3 Dormitorios; M Chile España Y M Ñuñoa ";230000000;CLP;3 dormitorios;2 baños;79 m² útiles;3 dormitorios | 2 baños | 79 m² útiles;Av. Suecia Entre Av. Sucre Y Hernán Cortes, Plaza Ñuñoa, Ñuñoa;
2025-11-29 18:14:23;Ñuñoa;departamento;Estilo Mariposa Con Estac. - Plaza Zañartu;3500;CLF;2 dormitorios;2 baños;53 m² útiles;2 dormitorios | 2 baños | 53 m² útiles;ZAÑARTU, 1 - 300, Estadio Nacional, Ñuñoa;
2025-11-29 18:14:23;Ñuñoa;departamento;Departamento En Venta En Ñuñoa;2650;CLF;;1 baño;27 m² útiles;1 baño | 27 m² útiles;Doctor Johow/ Avda. Grecia, Juan Gómez Millas, Ñuñoa;
2025-11-29 18:14:23;Ñuñoa;departamento;Ñuñoa: Moderno Depto De 1d/1b;2080;CLF;1 dormitorio;1 baño;29 m² útiles;1 dormitorio | 1 baño | 29 m² útiles;San Eugenio, 1500 - 1800, Parque San Eugenio - Metro Ñuble, Ñuñoa;
2025-11-29 18:14:23;Ñuñoa;departamento;Venta Departamento En Ñuñoa, 2 Dormitorios En Suite, Piscina;5500;CLF;2 dormitorios;2 baños;53 m² útiles;2 dormitorios | 2 baños | 53 m² útiles;Av Los Leones Y Av Sucre, Plaza Ñuñoa, Ñuñoa;
2025-11-29 18:14:23;Ñuñoa;departamento;2 Estac. Terrazas Cerradas Con Vidrio Cierre Plegable;11790;CLF;4 dormitorios;3 baños;111 m² útiles;4 dormitorios | 3 baños | 111 m² útiles;Prof. Rodolfo Lenz 500, Ñuñoa, Plaza Ñuñoa, Ñuñoa;
2025-11-29 18:14:23;Ñuñoa;departamento;Venta Departamento 2d+2b Ñuñoa;4950;CLF;2 dormitorios;2 baños;60 m² útiles;2 dormitorios | 2 baños | 60 m² útiles;Irarrazabal, 5100 - 5400, Plaza Egaña, Ñuñoa;
2025-11-29 18:14:23;Ñuñoa;departamento;Departamento En Venta En Avenida Matta;135000000;CLP;2 dormitorios;2 baños;57 m² útiles;2 dormitorios | 2 baños | 57 m² útiles;Av. Manuel Antonio Matta 040, Depto 262, Ñuñoa, Metro Irarrázaval, Ñuñoa;
2025-11-29 18:14:23;Ñuñoa;departamento;Rebajado. Hermoso Depto Casi Nuevo;3590;CLF;2 dormitorios;1 baño;50 m² útiles;2 dormitorios | 1 baño | 50 m² útiles;Virginio Arias 1371, Ñuñoa, Juan Gómez Millas, Ñuñoa;
2025-11-29 18:14:23;Ñuñoa;departamento;Departamento 3 Dormitorios En Amapolas, Ñuñoa ;152000000;CLP;3 dormitorios;1 baño;62 m² útiles;3 dormitorios | 1 baño | 62 m² útiles;Amapolas 4899, 7.7907e+06 - 7.791e+06 Ñuñoa, Región Metropolitana, Chile, Amapolas, Ñuñoa;
2025-11-29 18:14:23;Ñuñoa;departamento;Venta De Departamento En Ñuñoa 3 Dormitorios 3 Baños Piscina;7950;CLF;3 dormitorios;3 baños;95 m² útiles;3 dormitorios | 3 baños | 95 m² útiles;San Juan De Luz Y Diego De Almagro, Diego De Almagro, Ñuñoa;
2025-11-29 18:14:23;Ñuñoa;departamento;Excelente Departamento, Funcional Y Moderno;4900;CLF;2 dormitorios;2 baños;61 m² útiles;2 dormitorios | 2 baños | 61 m² útiles;Hernán Cortes, 3000 - 3300, Plaza Ñuñoa, Ñuñoa;
2025-11-29 18:14:23;Ñuñoa;departamento;Departamento En Venta De 3 Dorm. En Ñuñoa;6499;CLF;3 dormitorios;2 baños;87 m² útiles;3 dormitorios | 2 baños | 87 m² útiles;Ñuñoa, Metro Monseñor Eyzaguirre, Ñuñoa;
2025-11-29 18:14:23;Ñuñoa;departamento;Venta 2d, 2b, 1e, 1b Campus Oriente;5300;CLF;2 dormitorios;2 baños;54 m² útiles;2 dormitorios | 2 baños | 54 m² útiles;Jaime Guzmán Errazuriz 3311, 1 - 300, Plaza Ñuñoa, Ñuñoa;
2025-11-29 18:14:23;Ñuñoa;departamento;Excelente Ubicación Departamento Primer Piso Con Jardín;4816;CLF;2 dormitorios;1 baño;60 m² útiles;2 dormitorios | 1 baño | 60 m² útiles;Crescente Errázuriz 1015, Ñuñoa, Estadio Nacional, Ñuñoa;
2025-11-29 18:14:23;Ñuñoa;departamento;Depto. 3d 2b Est Y Bod. Antonio Varas;5900;CLF;3 dormitorios;2 baños;82 m² útiles;3 dormitorios | 2 baños | 82 m² útiles;Antonio Varas, 2400 - 2700, Metro Monseñor Eyzaguirre, Ñuñoa;
2025-11-29 18:14:23;Ñuñoa;departamento;3d, 2b, 1e Y 1b Piso 19 Vista Totalmente Despejada;5950;CLF;3 dormitorios;2 baños;84 m² útiles;3 dormitorios | 2 baños | 84 m² útiles;Ángel Cruchaga Santa Maria, 1 - 300, Parque Juan XXIII, Ñuñoa;
2025-11-29 18:14:23;Ñuñoa;departamento;Bajó De Precio! Dúplex Venta 3 Dorm. En Villa Olímpica Ñuñoa;3400;CLF;3 dormitorios;1 baño;82 m² útiles;3 dormitorios | 1 baño | 82 m² útiles;Villa Olímpica, Estadio Nacional, Ñuñoa;
2025-11-29 18:14:23;Ñuñoa;departamento;Departamento Para Remodelar, Ñuñoa 2d 1b 1e;97000000;CLP;2 dormitorios;1 baño;63 m² útiles;2 dormitorios | 1 baño | 63 m² útiles;Los Tres Antonios, Estadio Nacion, 600 - 900, Estadio Nacional, Ñuñoa;
2025-11-29 18:14:23;Ñuñoa;departamento;Se Vende Amplio Depto Ñuñoa, 3d Y 2b.;5690;CLF;3 dormitorios;2 baños;79 m² útiles;3 dormitorios | 2 baños | 79 m² útiles;Emilia Tellez, 0, Metro Simón Bolivar, Ñuñoa;
2025-11-29 18:14:23;Ñuñoa;departamento;Ideal Para Vivir O Invertir En El Corazón De Ñuñoa;4456;CLF;2 dormitorios;1 baño;50 m² útiles;2 dormitorios | 1 baño | 50 m² útiles;Av Irarrazaval, 1 - 300, Metro Ñuñoa, Ñuñoa;
2025-11-29 18:14:23;Ñuñoa;departamento;Moderno Departamento En Venta 1d+1b;3800;CLF;1 dormitorio;1 baño;48 m² útiles;1 dormitorio | 1 baño | 48 m² útiles;José Luis Araneda, 1 - 300, Metro Ñuñoa, Ñuñoa;
2025-11-29 18:14:23;Ñuñoa;departamento;Plaza Ñuñoa, 2 Dormitorios, Segundo Piso.;4450;CLF;2 dormitorios;2 baños;57 m² útiles;2 dormitorios | 2 baños | 57 m² útiles;Jorge Washington 1, 7790787 Ñuñoa, Región Metropolitana, Chile, Plaza Ñuñoa, Ñuñoa;
2025-11-29 18:14:23;Ñuñoa;departamento;Oportunidad Venta Departamento Monseñor Eyzaguirre;4890;CLF;2 dormitorios;2 baños;75 m² útiles;2 dormitorios | 2 baños | 75 m² útiles;QUIRIHUE, 1 - 300, Metro Monseñor Eyzaguirre, Ñuñoa;
2025-11-29 18:14:23;Ñuñoa;departamento;Departamento En Venta 1d+1b;3600;CLF;1 dormitorio;1 baño;44 m² útiles;1 dormitorio | 1 baño | 44 m² útiles;José Luis Araneda, 1 - 300, Metro Ñuñoa, Ñuñoa;
2025-11-29 18:14:23;Ñuñoa;departamento;Venta Departamento Ñuñoa 3 Dormitorios 2 Baños Piscina M L6;6400;CLF;3 dormitorios;2 baños;72 m² útiles;3 dormitorios | 2 baños | 72 m² útiles;Av Antonio Varas - Diagonal Oriente, Metro Ñuñoa, Ñuñoa;
2025-11-29 18:14:23;Ñuñoa;departamento;Tu Nuevo Hogar Te Espera En Este Hermoso Departamento;4800;CLF;3 dormitorios;2 baños;69 m² útiles;3 dormitorios | 2 baños | 69 m² útiles;Venta Hermoso Departamento Primer Piso  3D 2B, Villa Frei, Ñuñoa;
2025-11-29 18:14:23;Ñuñoa;departamento;Vende Depto En Ñuñoa, Metro Para Refaccionar, Primer Piso;168000000;CLP;3 dormitorios;2 baños;75 m² útiles;3 dormitorios | 2 baños | 75 m² útiles;Quintay 4516, Ñuñoa, Villa Frei, Ñuñoa;
2025-11-29 18:14:23;Ñuñoa;departamento;Departamento En Venta De 3 Dorm. En Ñuñoa, Metro Pza. Egaña;6590;CLF;3 dormitorios;2 baños;91 m² útiles;3 dormitorios | 2 baños | 91 m² útiles;"Metro Pza. Egaña; Av. Ossa; Diag. Oriente, Ñuñoa";
2025-11-29 18:14:23;Ñuñoa;departamento;Departamento En Venta De 3 Dorm. En Ñuñoa;9365;CLF;3 dormitorios;3 baños;124 m² útiles;3 dormitorios | 3 baños | 124 m² útiles;Liquidación Bancaria - Bremen Amapolas, Ñuñoa;
2025-11-29 18:14:23;Ñuñoa;departamento;Departamento En Venta De 3 Dorm. En Ñuñoa;6990;CLF;3 dormitorios;2 baños;108 m² útiles;3 dormitorios | 2 baños | 108 m² útiles;J.D. Cañas/C. Covarrubias, Ñuñoa;
2025-11-29 18:14:23;Ñuñoa;departamento;Departamento En Venta De 2 Dorm. En Ñuñoa;6999;CLF;2 dormitorios;2 baños;62 m² útiles;2 dormitorios | 2 baños | 62 m² útiles;Metro Chile España, Plaza Ñuñoa, Ñuñoa;
2025-11-29 18:14:23;Ñuñoa;departamento;Departamento En Venta De 3 Dorm. En Ñuñoa;172000000;CLP;3 dormitorios;2 baños;75 m² útiles;3 dormitorios | 2 baños | 75 m² útiles;Duble Almeyda/Quirihue, Ñuñoa;
2025-11-29 18:14:23;Ñuñoa;departamento;Departamento En Venta De 3 Dorm. En Ñuñoa;150000000;CLP;3 dormitorios;2 baños;82 m² útiles;3 dormitorios | 2 baños | 82 m² útiles;Lo Encalada/Av. Sur, Ñuñoa;
2025-11-29 18:14:23;Ñuñoa;departamento;Departamento En Venta De 2 Dorm. Plaza Ñuñoa;4750;CLF;2 dormitorios;2 baños;63 m² útiles;2 dormitorios | 2 baños | 63 m² útiles;Plaza Ñuñoa, Ñuñoa;
2025-11-29 18:14:23;Ñuñoa;departamento;Venta Departamento Exequiel Fernandez 1449;145000000;CLP;3 dormitorios;2 baños;64 m² útiles;3 dormitorios | 2 baños | 64 m² útiles;Exequiel Fernández 1449, Ñuñoa, Estadio Nacional, Ñuñoa;
2025-11-29 18:14:23;Ñuñoa;departamento;Departamento En Venta De 2 Dorm. En Ñuñoa;5490;CLF;2 dormitorios;2 baños;61 m² útiles;2 dormitorios | 2 baños | 61 m² útiles;Irarrazaval / Santa Julia, Ñuñoa;
2025-11-29 18:14:23;Ñuñoa;departamento;Excelente Departamento Cerca De Plaza Egaña Y A Pasos Metro;4200;CLF;2 dormitorios;2 baños;62 m² útiles;2 dormitorios | 2 baños | 62 m² útiles;Av. Irarrázaval / San Jorge, Diagonal Oriente, Ñuñoa;
2025-11-29 18:14:23;Ñuñoa;departamento;Departamento En Venta De 2 Dorm. En Ñuñoa;5380;CLF;2 dormitorios;2 baños;64 m² útiles;2 dormitorios | 2 baños | 64 m² útiles;Dr. Johow, Ñuñoa;
2025-11-29 18:14:23;Ñuñoa;departamento;Departamento En Venta De 3 Dorm/2b/est/bd En Plaza Ñuñoa;6090;CLF;3 dormitorios;2 baños;77 m² útiles;3 dormitorios | 2 baños | 77 m² útiles;Av. Manuel De Salas Con Plaza Ñuñoa. Metro Chile-España, Plaza Ñuñoa, Ñuñoa;
2025-11-29 18:14:31;Ñuñoa;departamento;"Departamento En Venta De 2 Dorm; Ñuñoa, Echeñique, Pucará";199000000;CLP;2 dormitorios;2 baños;62 m² útiles;2 dormitorios | 2 baños | 62 m² útiles;Coventry, Echeñique, Pucará, Metro Simón Bolivar, Ñuñoa;
2025-11-29 18:14:31;Ñuñoa;departamento;Inversión Departamento Arrendado;5300;CLF;2 dormitorios;2 baños;59 m² útiles;2 dormitorios | 2 baños | 59 m² útiles;Departamento Inversión Arrendado, Plaza Egaña, Ñuñoa;
2025-11-29 18:14:31;Ñuñoa;departamento;Departamento En Venta En Irarrázaval Hamburgo;4000;CLF;2 dormitorios;2 baños;49 m² útiles;2 dormitorios | 2 baños | 49 m² útiles;Avenida Irarrázaval 5100 - 5400, Ñuñoa, Chile, Plaza Egaña, Ñuñoa;
2025-11-29 18:14:31;Ñuñoa;departamento;Departamento En Venta De 1 Dorm. En Ñuñoa. Sector Zañartu;2400;CLF;1 dormitorio;1 baño;30 m² útiles;1 dormitorio | 1 baño | 30 m² útiles;Avenida Zañartu Con Vicuña Mackenna. Metro Rodrigo De Araya, Estadio Nacional, Ñuñoa;
2025-11-29 18:14:31;Ñuñoa;departamento;Departamento En Venta De 3 Dorm. En Ñuñoa;9350;CLF;3 dormitorios;3 baños;105 m² útiles;3 dormitorios | 3 baños | 105 m² útiles;Liquidacion Bancaria Simon Bolivar 2543 Depto 41, Metro Ñuñoa, Ñuñoa;
2025-11-29 18:14:31;Ñuñoa;departamento;Departamento En Venta En Ñuñoa Con Terraza;7500;CLF;3 dormitorios;2 baños;83 m² útiles;3 dormitorios | 2 baños | 83 m² útiles;Depto En Venta Eliecer Parada | 3D2B (91m2) | Walker And Partners, Parque Botánico, Ñuñoa;
2025-11-29 18:14:31;Ñuñoa;departamento;Amplio Departamento En Venta De 3 Dorm. En Ñuñoa;4370;CLF;3 dormitorios;2 baños;64 m² útiles;3 dormitorios | 2 baños | 64 m² útiles;Frente Al Parque San Eugenio, Parque San Eugenio - Metro Ñuble, Ñuñoa;
2025-11-29 18:14:31;Ñuñoa;departamento;Departamento En Venta De 3 Dorm. En Ñuñoa;6290;CLF;3 dormitorios;2 baños;94 m² útiles;3 dormitorios | 2 baños | 94 m² útiles;Jose Domingo Cañas / Duble Almeyda, Metro Monseñor Eyzaguirre, Ñuñoa;
2025-11-29 18:14:31;Ñuñoa;departamento;Departamento En Venta De 2 Dorm. En Ñuñoa;6800;CLF;2 dormitorios;2 baños;69 m² útiles;2 dormitorios | 2 baños | 69 m² útiles;Av. Pedro De Valdivia / Los Tres Antonios, Metro Ñuñoa, Ñuñoa;
2025-11-29 18:14:31;Ñuñoa;departamento;Departamento En Venta De 3 Dorm. En Ñuñoa;9100;CLF;3 dormitorios;2 baños;85 m² útiles;3 dormitorios | 2 baños | 85 m² útiles;Av José Artigas - Suecia, Plaza Ñuñoa, Ñuñoa;
2025-11-29 18:14:31;Ñuñoa;departamento;Departamento Semi-nuevo 2 Dorm. Metro Plaza Egaña;5100;CLF;2 dormitorios;1 baño;50 m² útiles;2 dormitorios | 1 baño | 50 m² útiles;Plaza Egaña, Plaza Egaña, Ñuñoa;
2025-11-29 18:14:31;Ñuñoa;departamento;Departamento En Venta De 1 Dorm. En Ñuñoa;3650;CLF;1 dormitorio;1 baño;39 m² útiles;1 dormitorio | 1 baño | 39 m² útiles;Francisco Villagra, Plaza Egaña, Ñuñoa;
2025-11-29 18:14:31;Ñuñoa;departamento;Departamento En Venta De 2 Dorm. En Ñuñoa;6900;CLF;2 dormitorios;2 baños;72 m² útiles;2 dormitorios | 2 baños | 72 m² útiles;Suecia Villaseca, Plaza Ñuñoa, Ñuñoa;
2025-11-29 18:14:31;Ñuñoa;departamento;Departamento En Venta De 2 Dorm. En Ñuñoa;5700;CLF;2 dormitorios;2 baños;74 m² útiles;2 dormitorios | 2 baños | 74 m² útiles;Av. Sucre /Av. Salvador, Metro Irarrázaval, Ñuñoa;
2025-11-29 18:14:31;Ñuñoa;departamento;Departamento En Venta 1d/1b/est. Metro Ñuñoa. Sucre Con Pv;3590;CLF;1 dormitorio;1 baño;35 m² útiles;1 dormitorio | 1 baño | 35 m² útiles;A 500 Metros De La Estacion De Metro Ñuñoa, Metro Ñuñoa, Ñuñoa;
2025-11-29 18:14:31;Ñuñoa;departamento;Estilo Mariposa Metro Ñuñoa Departamento;5600;CLF;2 dormitorios;2 baños;60 m² útiles;2 dormitorios | 2 baños | 60 m² útiles;Metro Ñuñoa, Metro Ñuñoa, Ñuñoa;
2025-11-29 18:14:31;Ñuñoa;departamento;Departamento En Venta De 3d En Ñuñoa;4500;CLF;3 dormitorios;2 baños;71 m² útiles;3 dormitorios | 2 baños | 71 m² útiles;Av Pedro Valdivia, Estadio Nacional, Ñuñoa;
2025-11-29 18:14:31;Ñuñoa;departamento;Departamento En Venta De 3 Dorm. En Ñuñoa;4700;CLF;3 dormitorios;2 baños;102 m² útiles;3 dormitorios | 2 baños | 102 m² útiles;Grecia Salvador, Estadio Nacional, Ñuñoa;
2025-11-29 18:14:31;Ñuñoa;departamento;Departamento En Venta De 1 Dorm. En Ñuñoa Metro Ñuble;3299;CLF;1 dormitorio;1 baño;33 m² útiles;1 dormitorio | 1 baño | 33 m² útiles;Estacion Metro Ñuble, Estadio Nacional, Ñuñoa;
2025-11-29 18:14:31;Ñuñoa;departamento;Cyber!! Departamento Amoblado, Estilo Boulevard Ñuñoa;4100;CLF;1 dormitorio;1 baño;31 m² útiles;1 dormitorio | 1 baño | 31 m² útiles;Irarrázaval 1970, Metro Monseñor Eyzaguirre, Ñuñoa;
2025-11-29 18:14:31;Ñuñoa;departamento;Se Vende Amplio Depto. Uf 7.500  Calle Las Verbenas Ñuñoa;7500;CLF;2 dormitorios;2 baños;86 m² útiles;2 dormitorios | 2 baños | 86 m² útiles;La Verbena, Ñuñoa, Diego De Almagro, Ñuñoa;
2025-11-29 18:14:31;Ñuñoa;departamento;Departamento En Venta De 1 Dorm. En Ñuñoa;4290;CLF;1 dormitorio;1 baño;40 m² útiles;1 dormitorio | 1 baño | 40 m² útiles;Moderno Departamento / Plaza Ñuñoa, Plaza Ñuñoa, Ñuñoa;
2025-11-29 18:14:31;Ñuñoa;departamento;Excelente Departamento ,recibos, 3 Dormitorios , Escritorio;7370;CLF;3 dormitorios;3 baños;87 m² útiles;3 dormitorios | 3 baños | 87 m² útiles;Av. Irarrázaval, Plaza Egaña, Ñuñoa;
2025-11-29 18:14:31;Ñuñoa;departamento;Departamento En Venta En Luis Beltrán Ñuñoa;4800;CLF;1 dormitorio;1 baño;42 m² útiles;1 dormitorio | 1 baño | 42 m² útiles;Luis Beltrán, Ñuñoa, Metro Monseñor Eyzaguirre, Ñuñoa;
2025-11-29 18:14:31;Ñuñoa;departamento;Departamento En Venta En Metro Simón Bolivar;6500;CLF;3 dormitorios;2 baños;80 m² útiles;3 dormitorios | 2 baños | 80 m² útiles;DEPTO EN VENTA EN PRIMER PISO, A PASOS DE METRO, Metro Simón Bolivar, Ñuñoa;
2025-11-29 18:14:31;Ñuñoa;departamento;Excelente 3 Dormitorios Ñuñoa;8390;CLF;3 dormitorios;2 baños;98 m² útiles;3 dormitorios | 2 baños | 98 m² útiles;CAPITAN ORELLA 2445, Metro Ñuñoa, Ñuñoa;
2025-11-29 18:14:31;Ñuñoa;departamento;Departamento En Venta En Villa Frei;4500;CLF;2 dormitorios;2 baños;65 m² útiles;2 dormitorios | 2 baños | 65 m² útiles;METRO VILLA FREI (PISO 4), Villa Frei, Ñuñoa;
2025-11-29 18:14:31;Ñuñoa;departamento;Departamento En Venta En Francisco De Villagra;3790;CLF;1 dormitorio;1 baño;38 m² útiles;1 dormitorio | 1 baño | 38 m² útiles;DEPTO AMOBLADO FRANCISCO DE VILLAGRA (PISO 7), Plaza Egaña, Ñuñoa;
2025-11-29 18:14:31;Ñuñoa;departamento;Depto Con Amplio Balcón;4900;CLF;1 dormitorio;1 baño;46 m² útiles;1 dormitorio | 1 baño | 46 m² útiles;DEPTO CON AMPLIO BALCÓN, Metro Ñuñoa, Ñuñoa;
2025-11-29 18:14:31;Ñuñoa;departamento;Departamento En Venta En Irarrazaval;6400;CLF;2 dormitorios;2 baños;85 m² útiles;2 dormitorios | 2 baños | 85 m² útiles;IRARRAZAVAL (PISO 9), Plaza Ñuñoa, Ñuñoa;
2025-11-29 18:14:31;Ñuñoa;departamento;Departamento En Venta En Diagonal Oriente Ñuñoa;5950;CLF;3 dormitorios;2 baños;69 m² útiles;3 dormitorios | 2 baños | 69 m² útiles;NUNCIO LAGHI (PISO 6), Diagonal Oriente, Ñuñoa;
2025-11-29 18:14:31;Ñuñoa;departamento;Departamento En Venta En Emilio Vaisse;3200;CLF;1 dormitorio;1 baño;33 m² útiles;1 dormitorio | 1 baño | 33 m² útiles;EMILIO VAISSE (PISO 25), Metro Irarrázaval, Ñuñoa;
2025-11-29 18:14:31;Ñuñoa;departamento;Departamento En Venta En Zañartu;3570;CLF;2 dormitorios;2 baños;49 m² útiles;2 dormitorios | 2 baños | 49 m² útiles;ZAÑARTU (PISO 11), Estadio Nacional, Ñuñoa;
2025-11-29 18:14:31;Ñuñoa;departamento;Departamento En Venta En Los Alerces;4500;CLF;2 dormitorios;2 baños;64 m² útiles;2 dormitorios | 2 baños | 64 m² útiles;LOS ALERCES (PISO 12), Estadio Nacional, Ñuñoa;
2025-11-29 18:14:31;Ñuñoa;departamento;Departamento En Venta En Ñuñoa;5300;CLF;2 dormitorios;2 baños;55 m² útiles;2 dormitorios | 2 baños | 55 m² útiles;LINDO DEPTO MARIPOSA EN EL CORAZÓN DE ÑUÑOA, Metro Simón Bolivar, Ñuñoa;
2025-11-29 18:14:31;Ñuñoa;departamento;Departamento En Venta En Ñuñoa;8200;CLF;2 dormitorios;2 baños;84 m² útiles;2 dormitorios | 2 baños | 84 m² útiles;INMOBILIARIA ALMAGRO, PISO 3, 2 ESTACIONAMIENTOS, Metro Monseñor Eyzaguirre, Ñuñoa;
2025-11-29 18:14:31;Ñuñoa;departamento;Departamento En Venta En Emilio Vaisse;5100;CLF;2 dormitorios;2 baños;54 m² útiles;2 dormitorios | 2 baños | 54 m² útiles;EMILIO VAISSE (PISO 24), Metro Irarrázaval, Ñuñoa;
2025-11-29 18:14:31;Ñuñoa;departamento;Departamento En Venta En Plaza Ñuñoa;11500;CLF;3 dormitorios;3 baños;125 m² útiles;3 dormitorios | 3 baños | 125 m² útiles;HOLANDA (3 ESTACIONAMIENTOS, PISO 4), Plaza Ñuñoa, Ñuñoa;
2025-11-29 18:14:31;Ñuñoa;departamento;Departamento En Venta En Metro Irarrázaval, Ñuñoa;3100;CLF;1 dormitorio;1 baño;30 m² útiles;1 dormitorio | 1 baño | 30 m² útiles;EXCELENTE OPORTUNIDAD DE INVERSIÓN!!, Metro Irarrázaval, Ñuñoa;
2025-11-29 18:14:31;Ñuñoa;departamento;Departamento En Venta En Irarrazaval;6000;CLF;2 dormitorios;2 baños;75 m² útiles;2 dormitorios | 2 baños | 75 m² útiles;IRARRAZAVAL (PISO 5, AÑO 2022), Metro Ñuñoa, Ñuñoa;
2025-11-29 18:14:31;Ñuñoa;departamento;Departamento En Venta En Ñuñoa;5700;CLF;3 dormitorios;2 baños;69 m² útiles;3 dormitorios | 2 baños | 69 m² útiles;DEPARTAMENTO EN VENTA 2 DORM. EN ÑUÑOA / VIDA DE BARRIO, Metro Monseñor Eyzaguirre, Ñuñoa;
2025-11-29 18:14:31;Ñuñoa;departamento;Departamento En Venta En Zañartu;5100;CLF;3 dormitorios;2 baños;70 m² útiles;3 dormitorios | 2 baños | 70 m² útiles;ZAÑARTU (PISO 5), Estadio Nacional, Ñuñoa;
2025-11-29 18:14:31;Ñuñoa;departamento;Departamento En Venta En San Eugenio;3200;CLF;1 dormitorio;1 baño;33 m² útiles;1 dormitorio | 1 baño | 33 m² útiles;SAN EUGENIO (ORIENTACIÓN NORTE), Parque San Eugenio - Metro Ñuble, Ñuñoa;
2025-11-29 18:14:31;Ñuñoa;departamento;Departamento En Venta En Avenida Italia;4750;CLF;2 dormitorios;1 baño;52 m² útiles;2 dormitorios | 1 baño | 52 m² útiles;AVENIDA ITALIA, Metro Irarrázaval, Ñuñoa;
2025-11-29 18:14:31;Ñuñoa;departamento;Departamento En Venta En Plaza Ñuñoa;4000;CLF;1 dormitorio;1 baño;49 m² útiles;1 dormitorio | 1 baño | 49 m² útiles;CHILE ESPAÑA, Plaza Ñuñoa, Ñuñoa;
2025-11-29 18:14:31;Ñuñoa;departamento;Departamento En Venta En Tucapel;3390;CLF;1 dormitorio;1 baño;34 m² útiles;1 dormitorio | 1 baño | 34 m² útiles;TUCAPEL (ORIENTACIÓN NORTE), Metro Irarrázaval, Ñuñoa;
2025-11-29 18:14:31;Ñuñoa;departamento;Departamento En Venta En Metro Monseñor Eyzaguirre;7000;CLF;3 dormitorios;2 baños;80 m² útiles;3 dormitorios | 2 baños | 80 m² útiles;METRO MONSEÑOR EYZAGUIRRE  (PISO 6), Metro Monseñor Eyzaguirre, Ñuñoa;
2025-11-29 18:14:31;Ñuñoa;departamento;Departamento En Venta En Metro Ñuñoa, Ñuñoa;8760;CLF;3 dormitorios;2 baños;101 m² útiles;3 dormitorios | 2 baños | 101 m² útiles;Pje. José Domingo Cañas 2465, Ñuñoa, Metro Ñuñoa, Ñuñoa;
