{
"type": "FeatureCollection",
"name": "puntos_de_interes_filtrados",
"crs": { "type": "name", "properties": { "name": "urn:ogc:def:crs:EPSG::32719" } },
"features": [
{ "type": "Feature", "properties": { "access": null, "addr_city": "Santiago", "addr_country": "CL", "addr_housenumber": "543", "addr_postcode": null, "addr_province": null, "addr_state": null, "addr_street": "Cueto", "addr_unit": null, "aerialway": null, "aeroway": null, "amenity": "clinic", "attraction": null, "barrier": null, "bicycle": null, "board_type": null, "boundary": null, "brand": null, "building": null, "capacity": null, "craft": null, "crossing": null, "cuisine": null, "denomination": null, "description": null, "ele": null, "emergency": null, "fee": null, "geological": null, "healthcare": "clinic", "healthcare_speciality": null, "highway": null, "historic": null, "information": null, "landuse": null, "leisure": null, "man_made": null, "military": null, "name": "Cesfam Ignacio Domeyko", "name_en": null, "name_es": null, "nat": null, "office": null, "opening_hours": null, "operator": null, "parking": null, "phone": null, "place": null, "power": null, "public_transport": null, "railway": null, "religion": null, "route": null, "shop": null, "source_transform": null, "sport": null, "surface": null, "telecom": null, "tourism": null, "tower_type": null, "water": null, "waterway": null, "website": null, "wheelchair": null, "zoo": null, "objectid": 6538445, "osm_id2": "3481174039", "centroide_x": 344540.44848259108, "centroide_y": 6298818.0721461009, "crs_original": "EPSG:4326", "fecha_normalizacion": "2025-10-10 01:59:25" }, "geometry": { "type": "Point", "coordinates": [ 344540.448482591076754, 6298818.072146100923419 ] } },
{ "type": "Feature", "properties": { "access": null, "addr_city": "Santiago", "addr_country": "CL", "addr_housenumber": "180", "addr_postcode": null, "addr_province": null, "addr_state": null, "addr_street": "Cueto", "addr_unit": null, "aerialway": null, "aeroway": null, "amenity": "school", "attraction": null, "barrier": null, "bicycle": null, "board_type": null, "boundary": null, "brand": null, "building": null, "capacity": null, "craft": null, "crossing": null, "cuisine": null, "denomination": null, "description": null, "ele": null, "emergency": null, "fee": null, "geological": null, "healthcare": null, "healthcare_speciality": null, "highway": null, "historic": null, "information": null, "landuse": null, "leisure": null, "man_made": null, "military": null, "name": "Escuela Especial San José Obrero", "name_en": null, "name_es": null, "nat": null, "office": null, "opening_hours": null, "operator": "3", "parking": null, "phone": null, "place": null, "power": null, "public_transport": null, "railway": null, "religion": null, "route": null, "shop": null, "source_transform": "Gobierno Regional Metropolitano de Santiago (http://www.gobiernosantiago.cl/)", "sport": null, "surface": null, "telecom": null, "tourism": null, "tower_type": null, "water": null, "waterway": null, "website": null, "wheelchair": null, "zoo": null, "objectid": 6539501, "osm_id2": "906409511", "centroide_x": 344557.26524925296, "centroide_y": 6298300.5343378969, "crs_original": "EPSG:4326", "fecha_normalizacion": "2025-10-10 01:59:25" }, "geometry": { "type": "Point", "coordinates": [ 344557.26524925295962, 6298300.534337896853685 ] } },
{ "type": "Feature", "properties": { "access": null, "addr_city": "Santiago", "addr_country": "CL", "addr_housenumber": null, "addr_postcode": null, "addr_province": null, "addr_state": null, "addr_street": "Santo Domingo", "addr_unit": null, "aerialway": null, "aeroway": null, "amenity": null, "attraction": null, "barrier": null, "bicycle": null, "board_type": null, "boundary": null, "brand": null, "building": null, "capacity": null, "craft": null, "crossing": null, "cuisine": null, "denomination": null, "description": null, "ele": null, "emergency": null, "fee": null, "geological": null, "healthcare": null, "healthcare_speciality": null, "highway": null, "historic": null, "information": null, "landuse": null, "leisure": null, "man_made": null, "military": null, "name": "Museo Infantil", "name_en": null, "name_es": null, "nat": null, "office": null, "opening_hours": null, "operator": "Corporación Privada para la Divulgación de la Ciencia y Tecnología (Corpdicyt)", "parking": null, "phone": null, "place": null, "power": null, "public_transport": null, "railway": null, "religion": null, "route": null, "shop": null, "source_transform": null, "sport": null, "surface": null, "telecom": null, "tourism": "museum", "tower_type": null, "water": null, "waterway": null, "website": "http://www.corpdicyt.cl/minfantil/", "wheelchair": null, "zoo": null, "objectid": 6540492, "osm_id2": "2463424205", "centroide_x": 343489.87344434159, "centroide_y": 6298685.5932837948, "crs_original": "EPSG:4326", "fecha_normalizacion": "2025-10-10 01:59:25" }, "geometry": { "type": "Point", "coordinates": [ 343489.873444341588765, 6298685.593283794820309 ] } },
{ "type": "Feature", "properties": { "access": null, "addr_city": "Santiago", "addr_country": "CL", "addr_housenumber": "2837", "addr_postcode": null, "addr_province": null, "addr_state": null, "addr_street": "Avenida Libertador Bernardo O'Higgins", "addr_unit": null, "aerialway": null, "aeroway": null, "amenity": "pharmacy", "attraction": null, "barrier": null, "bicycle": null, "board_type": null, "boundary": null, "brand": "SalcoBrand", "building": null, "capacity": null, "craft": null, "crossing": null, "cuisine": null, "denomination": null, "description": null, "ele": null, "emergency": null, "fee": null, "geological": null, "healthcare": "pharmacy", "healthcare_speciality": null, "highway": null, "historic": null, "information": null, "landuse": null, "leisure": null, "man_made": null, "military": null, "name": "SalcoBrand", "name_en": null, "name_es": null, "nat": null, "office": null, "opening_hours": null, "operator": null, "parking": null, "phone": "+5626814725", "place": null, "power": null, "public_transport": null, "railway": null, "religion": null, "route": null, "shop": null, "source_transform": null, "sport": null, "surface": null, "telecom": null, "tourism": null, "tower_type": null, "water": null, "waterway": null, "website": null, "wheelchair": null, "zoo": null, "objectid": 6543535, "osm_id2": "867953593", "centroide_x": 344420.28298188269, "centroide_y": 6297656.5830626804, "crs_original": "EPSG:4326", "fecha_normalizacion": "2025-10-10 01:59:25" }, "geometry": { "type": "Point", "coordinates": [ 344420.282981882686727, 6297656.583062680438161 ] } },
{ "type": "Feature", "properties": { "access": null, "addr_city": "Estación Central", "addr_country": "CL", "addr_housenumber": "3469", "addr_postcode": null, "addr_province": null, "addr_state": null, "addr_street": "El Belloto", "addr_unit": null, "aerialway": null, "aeroway": null, "amenity": "fast_food", "attraction": null, "barrier": null, "bicycle": null, "board_type": null, "boundary": null, "brand": null, "building": null, "capacity": null, "craft": null, "crossing": null, "cuisine": null, "denomination": null, "description": null, "ele": null, "emergency": null, "fee": null, "geological": null, "healthcare": null, "healthcare_speciality": null, "highway": null, "historic": null, "information": null, "landuse": null, "leisure": null, "man_made": null, "military": null, "name": null, "name_en": null, "name_es": null, "nat": null, "office": null, "opening_hours": null, "operator": "Lorena Cecilia Arce Muñoz", "parking": null, "phone": null, "place": null, "power": null, "public_transport": null, "railway": null, "religion": null, "route": null, "shop": null, "source_transform": null, "sport": null, "surface": null, "telecom": null, "tourism": null, "tower_type": null, "water": null, "waterway": null, "website": null, "wheelchair": null, "zoo": null, "objectid": 6543632, "osm_id2": "4015671241", "centroide_x": 343636.90031747316, "centroide_y": 6297889.2901359033, "crs_original": "EPSG:4326", "fecha_normalizacion": "2025-10-10 01:59:25" }, "geometry": { "type": "Point", "coordinates": [ 343636.900317473162431, 6297889.290135903283954 ] } },
{ "type": "Feature", "properties": { "access": null, "addr_city": "Estación Central", "addr_country": "CL", "addr_housenumber": "3250", "addr_postcode": null, "addr_province": null, "addr_state": null, "addr_street": "Avenida Libertador Bernardo O'Higgins", "addr_unit": null, "aerialway": null, "aeroway": null, "amenity": "pharmacy", "attraction": null, "barrier": null, "bicycle": null, "board_type": null, "boundary": null, "brand": "SalcoBrand", "building": null, "capacity": null, "craft": null, "crossing": null, "cuisine": null, "denomination": null, "description": null, "ele": null, "emergency": null, "fee": null, "geological": null, "healthcare": "pharmacy", "healthcare_speciality": null, "highway": null, "historic": null, "information": null, "landuse": null, "leisure": null, "man_made": null, "military": null, "name": "SalcoBrand", "name_en": null, "name_es": null, "nat": null, "office": null, "opening_hours": null, "operator": null, "parking": null, "phone": "+5624420028", "place": null, "power": null, "public_transport": null, "railway": null, "religion": null, "route": null, "shop": null, "source_transform": null, "sport": null, "surface": null, "telecom": null, "tourism": null, "tower_type": null, "water": null, "waterway": null, "website": null, "wheelchair": "yes", "zoo": null, "objectid": 6544175, "osm_id2": "867951533", "centroide_x": 343846.64434367552, "centroide_y": 6297386.3739283402, "crs_original": "EPSG:4326", "fecha_normalizacion": "2025-10-10 01:59:25" }, "geometry": { "type": "Point", "coordinates": [ 343846.644343675521668, 6297386.373928340151906 ] } },
{ "type": "Feature", "properties": { "access": null, "addr_city": "Estación Central", "addr_country": "CL", "addr_housenumber": "4236", "addr_postcode": null, "addr_province": null, "addr_state": null, "addr_street": "Calle Paraguay", "addr_unit": null, "aerialway": null, "aeroway": null, "amenity": "school", "attraction": null, "barrier": null, "bicycle": null, "board_type": null, "boundary": null, "brand": null, "building": null, "capacity": null, "craft": null, "crossing": null, "cuisine": null, "denomination": null, "description": null, "ele": null, "emergency": null, "fee": null, "geological": null, "healthcare": null, "healthcare_speciality": null, "highway": null, "historic": null, "information": null, "landuse": null, "leisure": null, "man_made": null, "military": null, "name": "Escuela Especial Las Espigas de Estación Central", "name_en": null, "name_es": null, "nat": null, "office": null, "opening_hours": null, "operator": "3", "parking": null, "phone": null, "place": null, "power": null, "public_transport": null, "railway": null, "religion": null, "route": null, "shop": null, "source_transform": "Gobierno Regional Metropolitano de Santiago (http://www.gobiernosantiago.cl/)", "sport": null, "surface": null, "telecom": null, "tourism": null, "tower_type": null, "water": null, "waterway": null, "website": null, "wheelchair": null, "zoo": null, "objectid": 6546655, "osm_id2": "906408141", "centroide_x": 342635.75070199906, "centroide_y": 6297636.3468339108, "crs_original": "EPSG:4326", "fecha_normalizacion": "2025-10-10 01:59:25" }, "geometry": { "type": "Point", "coordinates": [ 342635.750701999058947, 6297636.346833910793066 ] } },
{ "type": "Feature", "properties": { "access": null, "addr_city": "Estación Central", "addr_country": "CL", "addr_housenumber": "3750", "addr_postcode": null, "addr_province": null, "addr_state": null, "addr_street": "Avenida Libertador Bernardo O'Higgins", "addr_unit": null, "aerialway": null, "aeroway": null, "amenity": null, "attraction": null, "barrier": null, "bicycle": null, "board_type": null, "boundary": null, "brand": null, "building": null, "capacity": null, "craft": null, "crossing": null, "cuisine": null, "denomination": null, "description": null, "ele": null, "emergency": null, "fee": null, "geological": null, "healthcare": null, "healthcare_speciality": null, "highway": null, "historic": null, "information": null, "landuse": null, "leisure": null, "man_made": null, "military": null, "name": "La Galleta", "name_en": null, "name_es": null, "nat": null, "office": null, "opening_hours": null, "operator": "Inversiones Solari Y Cia. Limitada", "parking": null, "phone": null, "place": null, "power": null, "public_transport": null, "railway": null, "religion": null, "route": null, "shop": "convenience", "source_transform": null, "sport": null, "surface": null, "telecom": null, "tourism": null, "tower_type": null, "water": null, "waterway": null, "website": null, "wheelchair": null, "zoo": null, "objectid": 6546966, "osm_id2": "5821292191", "centroide_x": 343235.75857728778, "centroide_y": 6297163.9283139445, "crs_original": "EPSG:4326", "fecha_normalizacion": "2025-10-10 01:59:25" }, "geometry": { "type": "Point", "coordinates": [ 343235.75857728777919, 6297163.928313944488764 ] } },
{ "type": "Feature", "properties": { "access": null, "addr_city": "Estación Central", "addr_country": "CL", "addr_housenumber": "151", "addr_postcode": null, "addr_province": null, "addr_state": null, "addr_street": "Toro Mazotte", "addr_unit": null, "aerialway": null, "aeroway": null, "amenity": "school", "attraction": null, "barrier": null, "bicycle": null, "board_type": null, "boundary": null, "brand": null, "building": null, "capacity": null, "craft": null, "crossing": null, "cuisine": null, "denomination": null, "description": null, "ele": null, "emergency": null, "fee": null, "geological": null, "healthcare": null, "healthcare_speciality": null, "highway": null, "historic": null, "information": null, "landuse": null, "leisure": null, "man_made": null, "military": null, "name": "Escuela Especial Estación Acuarela", "name_en": null, "name_es": null, "nat": null, "office": null, "opening_hours": null, "operator": "3", "parking": null, "phone": null, "place": null, "power": null, "public_transport": null, "railway": null, "religion": null, "route": null, "shop": null, "source_transform": "Gobierno Regional Metropolitano de Santiago (http://www.gobiernosantiago.cl/)", "sport": null, "surface": null, "telecom": null, "tourism": null, "tower_type": null, "water": null, "waterway": null, "website": null, "wheelchair": null, "zoo": null, "objectid": 6549295, "osm_id2": "906408090", "centroide_x": 342777.87298911938, "centroide_y": 6296864.096947372, "crs_original": "EPSG:4326", "fecha_normalizacion": "2025-10-10 01:59:25" }, "geometry": { "type": "Point", "coordinates": [ 342777.872989119379781, 6296864.096947371959686 ] } },
{ "type": "Feature", "properties": { "access": null, "addr_city": "Santiago", "addr_country": "CL", "addr_housenumber": "2042", "addr_postcode": null, "addr_province": null, "addr_state": null, "addr_street": "Bascuñán Guerrero", "addr_unit": null, "aerialway": null, "aeroway": null, "amenity": "school", "attraction": null, "barrier": null, "bicycle": null, "board_type": null, "boundary": null, "brand": null, "building": null, "capacity": null, "craft": null, "crossing": null, "cuisine": null, "denomination": null, "description": null, "ele": null, "emergency": null, "fee": null, "geological": null, "healthcare": null, "healthcare_speciality": null, "highway": null, "historic": null, "information": null, "landuse": null, "leisure": null, "man_made": null, "military": null, "name": "Escuela de Lenguaje Mi Espacio", "name_en": null, "name_es": null, "nat": null, "office": null, "opening_hours": null, "operator": "3", "parking": null, "phone": null, "place": null, "power": null, "public_transport": null, "railway": null, "religion": null, "route": null, "shop": null, "source_transform": "Gobierno Regional Metropolitano de Santiago (http://www.gobiernosantiago.cl/)", "sport": null, "surface": null, "telecom": null, "tourism": null, "tower_type": null, "water": null, "waterway": null, "website": null, "wheelchair": null, "zoo": null, "objectid": 6568895, "osm_id2": "906407709", "centroide_x": 344696.03334743821, "centroide_y": 6294947.8352168743, "crs_original": "EPSG:4326", "fecha_normalizacion": "2025-10-10 01:59:25" }, "geometry": { "type": "Point", "coordinates": [ 344696.033347438205965, 6294947.83521687425673 ] } },
{ "type": "Feature", "properties": { "access": null, "addr_city": "Estación Central", "addr_country": "CL", "addr_housenumber": "1115", "addr_postcode": null, "addr_province": null, "addr_state": null, "addr_street": "Maquinista Gentoso", "addr_unit": null, "aerialway": null, "aeroway": null, "amenity": "school", "attraction": null, "barrier": null, "bicycle": null, "board_type": null, "boundary": null, "brand": null, "building": null, "capacity": null, "craft": null, "crossing": null, "cuisine": null, "denomination": null, "description": null, "ele": null, "emergency": null, "fee": null, "geological": null, "healthcare": null, "healthcare_speciality": null, "highway": null, "historic": null, "information": null, "landuse": null, "leisure": null, "man_made": null, "military": null, "name": "Escuela Especial de Lenguaje Traga Luz", "name_en": null, "name_es": null, "nat": null, "office": null, "opening_hours": null, "operator": "3", "parking": null, "phone": null, "place": null, "power": null, "public_transport": null, "railway": null, "religion": null, "route": null, "shop": null, "source_transform": "Gobierno Regional Metropolitano de Santiago (http://www.gobiernosantiago.cl/)", "sport": null, "surface": null, "telecom": null, "tourism": null, "tower_type": null, "water": null, "waterway": null, "website": null, "wheelchair": null, "zoo": null, "objectid": 6569152, "osm_id2": "906408005", "centroide_x": 343270.27007487306, "centroide_y": 6296095.8304004669, "crs_original": "EPSG:4326", "fecha_normalizacion": "2025-10-10 01:59:25" }, "geometry": { "type": "Point", "coordinates": [ 343270.270074873056728, 6296095.830400466918945 ] } },
{ "type": "Feature", "properties": { "access": null, "addr_city": "Estación Central", "addr_country": "CL", "addr_housenumber": "395", "addr_postcode": null, "addr_province": null, "addr_state": null, "addr_street": "Avenida Padre Jaime Larraín", "addr_unit": null, "aerialway": null, "aeroway": null, "amenity": "school", "attraction": null, "barrier": null, "bicycle": null, "board_type": null, "boundary": null, "brand": null, "building": null, "capacity": null, "craft": null, "crossing": null, "cuisine": null, "denomination": null, "description": null, "ele": null, "emergency": null, "fee": null, "geological": null, "healthcare": null, "healthcare_speciality": null, "highway": null, "historic": null, "information": null, "landuse": null, "leisure": null, "man_made": null, "military": null, "name": "Escuela Especial DAMASQUITO", "name_en": null, "name_es": null, "nat": null, "office": null, "opening_hours": null, "operator": null, "parking": null, "phone": null, "place": null, "power": null, "public_transport": null, "railway": null, "religion": null, "route": null, "shop": null, "source_transform": null, "sport": null, "surface": null, "telecom": null, "tourism": null, "tower_type": null, "water": null, "waterway": null, "website": null, "wheelchair": null, "zoo": null, "objectid": 10381029, "osm_id2": "10979170732", "centroide_x": 342176.57922823355, "centroide_y": 6295706.8049271284, "crs_original": "EPSG:4326", "fecha_normalizacion": "2025-10-10 01:59:25" }, "geometry": { "type": "Point", "coordinates": [ 342176.579228233546019, 6295706.804927128367126 ] } },
{ "type": "Feature", "properties": { "access": null, "addr_city": "ESTACIÓN CENTRAL", "addr_country": "CL", "addr_housenumber": "6955", "addr_postcode": null, "addr_province": null, "addr_state": null, "addr_street": "Avenida Gladys Marín", "addr_unit": null, "aerialway": null, "aeroway": null, "amenity": "school", "attraction": null, "barrier": null, "bicycle": null, "board_type": null, "boundary": null, "brand": null, "building": null, "capacity": null, "craft": null, "crossing": null, "cuisine": null, "denomination": null, "description": null, "ele": null, "emergency": null, "fee": null, "geological": null, "healthcare": null, "healthcare_speciality": null, "highway": null, "historic": null, "information": null, "landuse": null, "leisure": null, "man_made": null, "military": null, "name": "Escuela de Lenguaje HELLO CHILDREN", "name_en": null, "name_es": null, "nat": null, "office": null, "opening_hours": null, "operator": null, "parking": null, "phone": null, "place": null, "power": null, "public_transport": null, "railway": null, "religion": null, "route": null, "shop": null, "source_transform": null, "sport": null, "surface": null, "telecom": null, "tourism": null, "tower_type": null, "water": null, "waterway": null, "website": null, "wheelchair": null, "zoo": null, "objectid": 10381365, "osm_id2": "10979360163", "centroide_x": 339241.77394185041, "centroide_y": 6295632.3611501213, "crs_original": "EPSG:4326", "fecha_normalizacion": "2025-10-10 01:59:25" }, "geometry": { "type": "Point", "coordinates": [ 339241.773941850406118, 6295632.361150121316314 ] } },
{ "type": "Feature", "properties": { "access": null, "addr_city": "Santiago", "addr_country": "CL", "addr_housenumber": "2520", "addr_postcode": null, "addr_province": null, "addr_state": null, "addr_street": "Alameda", "addr_unit": null, "aerialway": null, "aeroway": null, "amenity": "university", "attraction": null, "barrier": null, "bicycle": null, "board_type": null, "boundary": null, "brand": null, "building": null, "capacity": null, "craft": null, "crossing": null, "cuisine": null, "denomination": null, "description": null, "ele": null, "emergency": null, "fee": null, "geological": null, "healthcare": null, "healthcare_speciality": null, "highway": null, "historic": null, "information": null, "landuse": null, "leisure": null, "man_made": null, "military": null, "name": "Centro de Formación Técnica ICEL", "name_en": null, "name_es": null, "nat": null, "office": null, "opening_hours": null, "operator": null, "parking": null, "phone": null, "place": null, "power": null, "public_transport": null, "railway": null, "religion": null, "route": null, "shop": null, "source_transform": null, "sport": null, "surface": null, "telecom": null, "tourism": null, "tower_type": null, "water": null, "waterway": null, "website": null, "wheelchair": null, "zoo": null, "objectid": 10393294, "osm_id2": "10985327318", "centroide_x": 344658.66433025955, "centroide_y": 6297603.3317450937, "crs_original": "EPSG:4326", "fecha_normalizacion": "2025-10-10 01:59:25" }, "geometry": { "type": "Point", "coordinates": [ 344658.664330259547569, 6297603.331745093688369 ] } },
{ "type": "Feature", "properties": { "access": null, "addr_city": "Estación Central", "addr_country": "CL", "addr_housenumber": "49", "addr_postcode": null, "addr_province": null, "addr_state": null, "addr_street": "Hermanos Arellano", "addr_unit": null, "aerialway": null, "aeroway": null, "amenity": "school", "attraction": null, "barrier": null, "bicycle": null, "board_type": null, "boundary": null, "brand": null, "building": null, "capacity": null, "craft": null, "crossing": null, "cuisine": null, "denomination": null, "description": null, "ele": null, "emergency": null, "fee": null, "geological": null, "healthcare": null, "healthcare_speciality": null, "highway": null, "historic": null, "information": null, "landuse": null, "leisure": null, "man_made": null, "military": null, "name": "Centro Vitamina Estación Central", "name_en": null, "name_es": null, "nat": null, "office": null, "opening_hours": null, "operator": null, "parking": null, "phone": null, "place": null, "power": null, "public_transport": null, "railway": null, "religion": null, "route": null, "shop": null, "source_transform": null, "sport": null, "surface": null, "telecom": null, "tourism": null, "tower_type": null, "water": null, "waterway": null, "website": null, "wheelchair": null, "zoo": null, "objectid": 10395046, "osm_id2": "10989959805", "centroide_x": 343536.79739644215, "centroide_y": 6297219.3882060228, "crs_original": "EPSG:4326", "fecha_normalizacion": "2025-10-10 01:59:25" }, "geometry": { "type": "Point", "coordinates": [ 343536.797396442154422, 6297219.388206022791564 ] } },
{ "type": "Feature", "properties": { "access": null, "addr_city": "Estación Central", "addr_country": "CL", "addr_housenumber": "5939", "addr_postcode": null, "addr_province": null, "addr_state": null, "addr_street": "Avenida 5 de Abril", "addr_unit": null, "aerialway": null, "aeroway": null, "amenity": "school", "attraction": null, "barrier": null, "bicycle": null, "board_type": null, "boundary": null, "brand": null, "building": null, "capacity": null, "craft": null, "crossing": null, "cuisine": null, "denomination": null, "description": null, "ele": null, "emergency": null, "fee": null, "geological": null, "healthcare": null, "healthcare_speciality": null, "highway": null, "historic": null, "information": null, "landuse": null, "leisure": null, "man_made": null, "military": null, "name": "Jardín Infantil Los Pirinchos", "name_en": null, "name_es": null, "nat": null, "office": null, "opening_hours": null, "operator": null, "parking": null, "phone": null, "place": null, "power": null, "public_transport": null, "railway": null, "religion": null, "route": null, "shop": null, "source_transform": null, "sport": null, "surface": null, "telecom": null, "tourism": null, "tower_type": null, "water": null, "waterway": null, "website": null, "wheelchair": null, "zoo": null, "objectid": 11024700, "osm_id2": "11398163907", "centroide_x": 341233.59454187372, "centroide_y": 6295713.1133295642, "crs_original": "EPSG:4326", "fecha_normalizacion": "2025-10-10 01:59:25" }, "geometry": { "type": "Point", "coordinates": [ 341233.594541873724665, 6295713.113329564221203 ] } },
{ "type": "Feature", "properties": { "access": null, "addr_city": "Santiago", "addr_country": "CL", "addr_housenumber": "302", "addr_postcode": null, "addr_province": null, "addr_state": null, "addr_street": "Bascuñán Guerrero", "addr_unit": null, "aerialway": null, "aeroway": null, "amenity": "school", "attraction": null, "barrier": null, "bicycle": null, "board_type": null, "boundary": null, "brand": null, "building": null, "capacity": null, "craft": null, "crossing": null, "cuisine": null, "denomination": null, "description": null, "ele": null, "emergency": null, "fee": null, "geological": null, "healthcare": null, "healthcare_speciality": null, "highway": null, "historic": null, "information": null, "landuse": null, "leisure": null, "man_made": null, "military": null, "name": "Escuela Básica Republica de Colombia", "name_en": null, "name_es": null, "nat": null, "office": null, "opening_hours": null, "operator": null, "parking": null, "phone": null, "place": null, "power": null, "public_transport": null, "railway": null, "religion": null, "route": null, "shop": null, "source_transform": null, "sport": null, "surface": null, "telecom": null, "tourism": null, "tower_type": null, "water": null, "waterway": null, "website": null, "wheelchair": null, "zoo": null, "objectid": 11026135, "osm_id2": "11400888149", "centroide_x": 344395.6659161729, "centroide_y": 6297113.897660749, "crs_original": "EPSG:4326", "fecha_normalizacion": "2025-10-10 01:59:25" }, "geometry": { "type": "Point", "coordinates": [ 344395.665916172903962, 6297113.897660749033093 ] } },
{ "type": "Feature", "properties": { "access": null, "addr_city": "Estación Central", "addr_country": "CL", "addr_housenumber": "4518", "addr_postcode": null, "addr_province": null, "addr_state": null, "addr_street": "Vecinal", "addr_unit": null, "aerialway": null, "aeroway": null, "amenity": "kindergarten", "attraction": null, "barrier": null, "bicycle": null, "board_type": null, "boundary": null, "brand": null, "building": null, "capacity": null, "craft": null, "crossing": null, "cuisine": null, "denomination": null, "description": null, "ele": null, "emergency": null, "fee": null, "geological": null, "healthcare": null, "healthcare_speciality": null, "highway": null, "historic": null, "information": null, "landuse": null, "leisure": null, "man_made": null, "military": null, "name": "Escuela de Párvulos Pin Pon", "name_en": null, "name_es": null, "nat": null, "office": null, "opening_hours": null, "operator": "3", "parking": null, "phone": null, "place": null, "power": null, "public_transport": null, "railway": null, "religion": null, "route": null, "shop": null, "source_transform": "Gobierno Regional Metropolitano de Santiago (http://www.gobiernosantiago.cl/)", "sport": null, "surface": null, "telecom": null, "tourism": null, "tower_type": null, "water": null, "waterway": null, "website": null, "wheelchair": null, "zoo": null, "objectid": 6570082, "osm_id2": "906407441", "centroide_x": 342265.68289308768, "centroide_y": 6295600.4609598648, "crs_original": "EPSG:4326", "fecha_normalizacion": "2025-10-10 01:59:25" }, "geometry": { "type": "Point", "coordinates": [ 342265.682893087679986, 6295600.460959864780307 ] } },
{ "type": "Feature", "properties": { "access": null, "addr_city": "Estación Central", "addr_country": "CL", "addr_housenumber": "1100", "addr_postcode": null, "addr_province": null, "addr_state": null, "addr_street": "Pasaje Huinay", "addr_unit": null, "aerialway": null, "aeroway": null, "amenity": "school", "attraction": null, "barrier": null, "bicycle": null, "board_type": null, "boundary": null, "brand": null, "building": null, "capacity": null, "craft": null, "crossing": null, "cuisine": null, "denomination": null, "description": null, "ele": null, "emergency": null, "fee": null, "geological": null, "healthcare": null, "healthcare_speciality": null, "highway": null, "historic": null, "information": null, "landuse": null, "leisure": null, "man_made": null, "military": null, "name": "Escuela Básica Japón", "name_en": null, "name_es": null, "nat": null, "office": null, "opening_hours": null, "operator": "2", "parking": null, "phone": null, "place": null, "power": null, "public_transport": null, "railway": null, "religion": null, "route": null, "shop": null, "source_transform": "Gobierno Regional Metropolitano de Santiago (http://www.gobiernosantiago.cl/)", "sport": null, "surface": null, "telecom": null, "tourism": null, "tower_type": null, "water": null, "waterway": null, "website": null, "wheelchair": null, "zoo": null, "objectid": 6572270, "osm_id2": "906407469", "centroide_x": 341907.34790936095, "centroide_y": 6294900.0659155184, "crs_original": "EPSG:4326", "fecha_normalizacion": "2025-10-10 01:59:25" }, "geometry": { "type": "Point", "coordinates": [ 341907.347909360949416, 6294900.065915518440306 ] } },
{ "type": "Feature", "properties": { "access": null, "addr_city": "Estación Central", "addr_country": "CL", "addr_housenumber": "6086", "addr_postcode": null, "addr_province": null, "addr_state": null, "addr_street": "Avenida 5 de Abril", "addr_unit": null, "aerialway": null, "aeroway": null, "amenity": "school", "attraction": null, "barrier": null, "bicycle": null, "board_type": null, "boundary": null, "brand": null, "building": null, "capacity": null, "craft": null, "crossing": null, "cuisine": null, "denomination": null, "description": null, "ele": null, "emergency": null, "fee": null, "geological": null, "healthcare": null, "healthcare_speciality": null, "highway": null, "historic": null, "information": null, "landuse": null, "leisure": null, "man_made": null, "military": null, "name": "Escuela Especial Cantos Nuevos", "name_en": null, "name_es": null, "nat": null, "office": null, "opening_hours": null, "operator": "3", "parking": null, "phone": null, "place": null, "power": null, "public_transport": null, "railway": null, "religion": null, "route": null, "shop": null, "source_transform": "Gobierno Regional Metropolitano de Santiago (http://www.gobiernosantiago.cl/)", "sport": null, "surface": null, "telecom": null, "tourism": null, "tower_type": null, "water": null, "waterway": null, "website": null, "wheelchair": null, "zoo": null, "objectid": 6581938, "osm_id2": "906405970", "centroide_x": 340169.95699586393, "centroide_y": 6295142.1753871487, "crs_original": "EPSG:4326", "fecha_normalizacion": "2025-10-10 01:59:25" }, "geometry": { "type": "Point", "coordinates": [ 340169.956995863933116, 6295142.175387148745358 ] } },
{ "type": "Feature", "properties": { "access": null, "addr_city": "Estación Central", "addr_country": "CL", "addr_housenumber": "3580", "addr_postcode": null, "addr_province": null, "addr_state": null, "addr_street": "El Belloto", "addr_unit": null, "aerialway": null, "aeroway": null, "amenity": null, "attraction": null, "barrier": null, "bicycle": null, "board_type": null, "boundary": null, "brand": null, "building": null, "capacity": null, "craft": null, "crossing": null, "cuisine": null, "denomination": null, "description": null, "ele": null, "emergency": null, "fee": null, "geological": null, "healthcare": null, "healthcare_speciality": null, "highway": null, "historic": null, "information": null, "landuse": null, "leisure": null, "man_made": null, "military": null, "name": "PAIEP", "name_en": null, "name_es": null, "nat": null, "office": "educational_institution", "opening_hours": null, "operator": null, "parking": null, "phone": null, "place": null, "power": null, "public_transport": null, "railway": null, "religion": null, "route": null, "shop": null, "source_transform": null, "sport": null, "surface": null, "telecom": null, "tourism": null, "tower_type": null, "water": null, "waterway": null, "website": null, "wheelchair": null, "zoo": null, "objectid": 10121219, "osm_id2": "10749891325", "centroide_x": 343377.61086884048, "centroide_y": 6297584.7614597837, "crs_original": "EPSG:4326", "fecha_normalizacion": "2025-10-10 01:59:25" }, "geometry": { "type": "Point", "coordinates": [ 343377.610868840478361, 6297584.761459783650935 ] } },
{ "type": "Feature", "properties": { "access": null, "addr_city": "Santiago", "addr_country": "CL", "addr_housenumber": "185", "addr_postcode": null, "addr_province": null, "addr_state": null, "addr_street": "Herrera", "addr_unit": null, "aerialway": null, "aeroway": null, "amenity": "school", "attraction": null, "barrier": null, "bicycle": null, "board_type": null, "boundary": null, "brand": null, "building": null, "capacity": null, "craft": null, "crossing": null, "cuisine": null, "denomination": null, "description": null, "ele": null, "emergency": null, "fee": null, "geological": null, "healthcare": null, "healthcare_speciality": null, "highway": null, "historic": null, "information": null, "landuse": null, "leisure": null, "man_made": null, "military": null, "name": "Escuela Básica Ejército de Salvación", "name_en": null, "name_es": null, "nat": null, "office": null, "opening_hours": null, "operator": null, "parking": null, "phone": null, "place": null, "power": null, "public_transport": null, "railway": null, "religion": null, "route": null, "shop": null, "source_transform": null, "sport": null, "surface": null, "telecom": null, "tourism": null, "tower_type": null, "water": null, "waterway": null, "website": null, "wheelchair": null, "zoo": null, "objectid": 11030971, "osm_id2": "11408307798", "centroide_x": 344097.78617692692, "centroide_y": 6298246.3682719069, "crs_original": "EPSG:4326", "fecha_normalizacion": "2025-10-10 01:59:25" }, "geometry": { "type": "Point", "coordinates": [ 344097.786176926922053, 6298246.368271906860173 ] } },
{ "type": "Feature", "properties": { "access": null, "addr_city": "Santiago", "addr_country": "CL", "addr_housenumber": "2855", "addr_postcode": null, "addr_province": null, "addr_state": null, "addr_street": "El Vergel", "addr_unit": null, "aerialway": null, "aeroway": null, "amenity": null, "attraction": null, "barrier": null, "bicycle": null, "board_type": null, "boundary": null, "brand": null, "building": null, "capacity": null, "craft": null, "crossing": null, "cuisine": null, "denomination": null, "description": null, "ele": null, "emergency": null, "fee": null, "geological": null, "healthcare": null, "healthcare_speciality": null, "highway": null, "historic": null, "information": null, "landuse": null, "leisure": null, "man_made": null, "military": null, "name": "Club de Tenis Providencia", "name_en": null, "name_es": null, "nat": null, "office": null, "opening_hours": null, "operator": null, "parking": null, "phone": null, "place": null, "power": null, "public_transport": null, "railway": null, "religion": null, "route": null, "shop": null, "source_transform": null, "sport": "tennis", "surface": null, "telecom": null, "tourism": null, "tower_type": null, "water": null, "waterway": null, "website": null, "wheelchair": null, "zoo": null, "objectid": 6368879, "osm_id2": "456514647", "centroide_x": 351932.83833717369, "centroide_y": 6299857.146265056, "crs_original": "EPSG:4326", "fecha_normalizacion": "2025-10-10 01:59:25" }, "geometry": { "type": "Point", "coordinates": [ 351932.838337173685431, 6299857.146265055984259 ] } },
{ "type": "Feature", "properties": { "access": null, "addr_city": "La Reina", "addr_country": "CL", "addr_housenumber": "6880", "addr_postcode": null, "addr_province": null, "addr_state": null, "addr_street": "Avenida Príncipe de Gales", "addr_unit": null, "aerialway": null, "aeroway": null, "amenity": "fast_food", "attraction": null, "barrier": null, "bicycle": null, "board_type": null, "boundary": null, "brand": "Sbarro", "building": null, "capacity": null, "craft": null, "crossing": null, "cuisine": "pizza", "denomination": null, "description": null, "ele": null, "emergency": null, "fee": null, "geological": null, "healthcare": null, "healthcare_speciality": null, "highway": null, "historic": null, "information": null, "landuse": null, "leisure": null, "man_made": null, "military": null, "name": "Sbarro", "name_en": null, "name_es": null, "nat": null, "office": null, "opening_hours": null, "operator": null, "parking": null, "phone": null, "place": null, "power": null, "public_transport": null, "railway": null, "religion": null, "route": null, "shop": null, "source_transform": null, "sport": null, "surface": null, "telecom": null, "tourism": null, "tower_type": null, "water": null, "waterway": null, "website": null, "wheelchair": null, "zoo": null, "objectid": 6374184, "osm_id2": "867951931", "centroide_x": 354904.93327878846, "centroide_y": 6299032.5462547699, "crs_original": "EPSG:4326", "fecha_normalizacion": "2025-10-10 01:59:25" }, "geometry": { "type": "Point", "coordinates": [ 354904.933278788463213, 6299032.546254769898951 ] } },
{ "type": "Feature", "properties": { "access": null, "addr_city": "La Reina", "addr_country": "CL", "addr_housenumber": "6880", "addr_postcode": null, "addr_province": null, "addr_state": null, "addr_street": "Avenida Príncipe de Gales", "addr_unit": null, "aerialway": null, "aeroway": null, "amenity": "atm", "attraction": null, "barrier": null, "bicycle": null, "board_type": null, "boundary": null, "brand": null, "building": null, "capacity": null, "craft": null, "crossing": null, "cuisine": null, "denomination": null, "description": null, "ele": null, "emergency": null, "fee": null, "geological": null, "healthcare": null, "healthcare_speciality": null, "highway": null, "historic": null, "information": null, "landuse": null, "leisure": null, "man_made": null, "military": null, "name": null, "name_en": null, "name_es": null, "nat": null, "office": null, "opening_hours": null, "operator": null, "parking": null, "phone": null, "place": null, "power": null, "public_transport": null, "railway": null, "religion": null, "route": null, "shop": null, "source_transform": null, "sport": null, "surface": null, "telecom": null, "tourism": null, "tower_type": null, "water": null, "waterway": null, "website": null, "wheelchair": null, "zoo": null, "objectid": 6374185, "osm_id2": "1657845962", "centroide_x": 354883.52431526093, "centroide_y": 6299038.979132846, "crs_original": "EPSG:4326", "fecha_normalizacion": "2025-10-10 01:59:25" }, "geometry": { "type": "Point", "coordinates": [ 354883.524315260932781, 6299038.97913284599781 ] } },
{ "type": "Feature", "properties": { "access": null, "addr_city": "La Reina", "addr_country": "CL", "addr_housenumber": "6880", "addr_postcode": null, "addr_province": null, "addr_state": null, "addr_street": "Avenida Príncipe de Gales", "addr_unit": null, "aerialway": null, "aeroway": null, "amenity": null, "attraction": null, "barrier": null, "bicycle": null, "board_type": null, "boundary": null, "brand": null, "building": null, "capacity": null, "craft": null, "crossing": null, "cuisine": null, "denomination": null, "description": null, "ele": null, "emergency": null, "fee": null, "geological": null, "healthcare": null, "healthcare_speciality": null, "highway": null, "historic": null, "information": null, "landuse": null, "leisure": null, "man_made": null, "military": null, "name": "Pronto Copec", "name_en": null, "name_es": null, "nat": null, "office": null, "opening_hours": "24/7", "operator": null, "parking": null, "phone": null, "place": null, "power": null, "public_transport": null, "railway": null, "religion": null, "route": null, "shop": "convenience", "source_transform": null, "sport": null, "surface": null, "telecom": null, "tourism": null, "tower_type": null, "water": null, "waterway": null, "website": null, "wheelchair": null, "zoo": null, "objectid": 6374186, "osm_id2": "1986340649", "centroide_x": 354894.20796256221, "centroide_y": 6299032.1966555361, "crs_original": "EPSG:4326", "fecha_normalizacion": "2025-10-10 01:59:25" }, "geometry": { "type": "Point", "coordinates": [ 354894.207962562213652, 6299032.196655536070466 ] } },
{ "type": "Feature", "properties": { "access": null, "addr_city": "La Reina", "addr_country": "CL", "addr_housenumber": null, "addr_postcode": null, "addr_province": null, "addr_state": null, "addr_street": null, "addr_unit": "7C", "aerialway": null, "aeroway": null, "amenity": "clinic", "attraction": null, "barrier": null, "bicycle": null, "board_type": null, "boundary": null, "brand": null, "building": null, "capacity": null, "craft": null, "crossing": null, "cuisine": null, "denomination": null, "description": null, "ele": null, "emergency": null, "fee": null, "geological": null, "healthcare": "clinic", "healthcare_speciality": null, "highway": null, "historic": null, "information": null, "landuse": null, "leisure": null, "man_made": null, "military": null, "name": "Clínica CELA La Reina", "name_en": null, "name_es": null, "nat": null, "office": null, "opening_hours": null, "operator": null, "parking": null, "phone": null, "place": null, "power": null, "public_transport": null, "railway": null, "religion": null, "route": null, "shop": null, "source_transform": null, "sport": null, "surface": null, "telecom": null, "tourism": null, "tower_type": null, "water": null, "waterway": null, "website": null, "wheelchair": null, "zoo": null, "objectid": 6374394, "osm_id2": "6644792888", "centroide_x": 357212.4414893412, "centroide_y": 6298904.272910051, "crs_original": "EPSG:4326", "fecha_normalizacion": "2025-10-10 01:59:25" }, "geometry": { "type": "Point", "coordinates": [ 357212.441489341203123, 6298904.272910051047802 ] } },
{ "type": "Feature", "properties": { "access": null, "addr_city": "La Reina", "addr_country": "CL", "addr_housenumber": null, "addr_postcode": null, "addr_province": null, "addr_state": null, "addr_street": null, "addr_unit": null, "aerialway": null, "aeroway": null, "amenity": "bank", "attraction": null, "barrier": null, "bicycle": null, "board_type": null, "boundary": null, "brand": "BBVA", "building": null, "capacity": null, "craft": null, "crossing": null, "cuisine": null, "denomination": null, "description": null, "ele": null, "emergency": null, "fee": null, "geological": null, "healthcare": null, "healthcare_speciality": null, "highway": null, "historic": null, "information": null, "landuse": null, "leisure": null, "man_made": null, "military": null, "name": "BBVA", "name_en": null, "name_es": null, "nat": null, "office": null, "opening_hours": null, "operator": "BBVA", "parking": null, "phone": null, "place": null, "power": null, "public_transport": null, "railway": null, "religion": null, "route": null, "shop": null, "source_transform": null, "sport": null, "surface": null, "telecom": null, "tourism": null, "tower_type": null, "water": null, "waterway": null, "website": null, "wheelchair": null, "zoo": null, "objectid": 6375439, "osm_id2": "651804693", "centroide_x": 355309.86686362163, "centroide_y": 6298870.5133523606, "crs_original": "EPSG:4326", "fecha_normalizacion": "2025-10-10 01:59:25" }, "geometry": { "type": "Point", "coordinates": [ 355309.866863621631637, 6298870.513352360576391 ] } },
{ "type": "Feature", "properties": { "access": null, "addr_city": "La Reina", "addr_country": "CL", "addr_housenumber": "8580", "addr_postcode": null, "addr_province": null, "addr_state": null, "addr_street": "Avenida Alcalde Fernando Castillo Velasco", "addr_unit": null, "aerialway": null, "aeroway": null, "amenity": "library", "attraction": null, "barrier": null, "bicycle": null, "board_type": null, "boundary": null, "brand": null, "building": null, "capacity": null, "craft": null, "crossing": null, "cuisine": null, "denomination": null, "description": null, "ele": null, "emergency": null, "fee": null, "geological": null, "healthcare": null, "healthcare_speciality": null, "highway": null, "historic": null, "information": null, "landuse": null, "leisure": null, "man_made": null, "military": null, "name": "Biblioteca Pública de La Reina", "name_en": null, "name_es": null, "nat": null, "office": null, "opening_hours": null, "operator": null, "parking": null, "phone": null, "place": null, "power": null, "public_transport": null, "railway": null, "religion": null, "route": null, "shop": null, "source_transform": null, "sport": null, "surface": null, "telecom": null, "tourism": null, "tower_type": null, "water": null, "waterway": null, "website": null, "wheelchair": null, "zoo": null, "objectid": 6377474, "osm_id2": "4109052192", "centroide_x": 356570.011900521, "centroide_y": 6297686.1226772694, "crs_original": "EPSG:4326", "fecha_normalizacion": "2025-10-10 01:59:25" }, "geometry": { "type": "Point", "coordinates": [ 356570.011900520999916, 6297686.122677269391716 ] } },
{ "type": "Feature", "properties": { "access": null, "addr_city": "La Reina", "addr_country": "CL", "addr_housenumber": "8580", "addr_postcode": null, "addr_province": null, "addr_state": null, "addr_street": "Avenida Alcalde Fernando Castillo Velasco", "addr_unit": null, "aerialway": null, "aeroway": null, "amenity": "arts_centre", "attraction": null, "barrier": null, "bicycle": null, "board_type": null, "boundary": null, "brand": null, "building": null, "capacity": null, "craft": null, "crossing": null, "cuisine": null, "denomination": null, "description": null, "ele": null, "emergency": null, "fee": null, "geological": null, "healthcare": null, "healthcare_speciality": null, "highway": null, "historic": null, "information": null, "landuse": null, "leisure": null, "man_made": null, "military": null, "name": "Centro Cultural Casona Nemesio Antúnez", "name_en": null, "name_es": null, "nat": null, "office": null, "opening_hours": null, "operator": "Corporación Cultural de La Reina", "parking": null, "phone": null, "place": null, "power": null, "public_transport": null, "railway": null, "religion": null, "route": null, "shop": null, "source_transform": null, "sport": null, "surface": null, "telecom": null, "tourism": null, "tower_type": null, "water": null, "waterway": null, "website": null, "wheelchair": null, "zoo": null, "objectid": 6377482, "osm_id2": "4109052191", "centroide_x": 356544.7982743883, "centroide_y": 6297697.9925157577, "crs_original": "EPSG:4326", "fecha_normalizacion": "2025-10-10 01:59:25" }, "geometry": { "type": "Point", "coordinates": [ 356544.79827438830398, 6297697.992515757679939 ] } },
{ "type": "Feature", "properties": { "access": null, "addr_city": "La Reina", "addr_country": "CL", "addr_housenumber": null, "addr_postcode": null, "addr_province": null, "addr_state": null, "addr_street": "Avenida Alcalde Fernando Castillo Velasco", "addr_unit": null, "aerialway": null, "aeroway": null, "amenity": null, "attraction": null, "barrier": null, "bicycle": null, "board_type": null, "boundary": null, "brand": null, "building": null, "capacity": null, "craft": null, "crossing": null, "cuisine": null, "denomination": null, "description": null, "ele": null, "emergency": null, "fee": null, "geological": null, "healthcare": null, "healthcare_speciality": null, "highway": null, "historic": null, "information": null, "landuse": null, "leisure": null, "man_made": null, "military": null, "name": "Registro Civil La Reina", "name_en": null, "name_es": null, "nat": null, "office": "government", "opening_hours": null, "operator": null, "parking": null, "phone": null, "place": null, "power": null, "public_transport": null, "railway": null, "religion": null, "route": null, "shop": null, "source_transform": null, "sport": null, "surface": null, "telecom": null, "tourism": null, "tower_type": null, "water": null, "waterway": null, "website": null, "wheelchair": null, "zoo": null, "objectid": 6377486, "osm_id2": "7059939263", "centroide_x": 356611.61362080462, "centroide_y": 6297707.0033603236, "crs_original": "EPSG:4326", "fecha_normalizacion": "2025-10-10 01:59:25" }, "geometry": { "type": "Point", "coordinates": [ 356611.613620804622769, 6297707.003360323607922 ] } },
{ "type": "Feature", "properties": { "access": null, "addr_city": "La Reina", "addr_country": "CL", "addr_housenumber": "8751", "addr_postcode": null, "addr_province": null, "addr_state": null, "addr_street": "Avenida Alcalde Fernando Castillo Velasco", "addr_unit": null, "aerialway": null, "aeroway": null, "amenity": "bank", "attraction": null, "barrier": null, "bicycle": null, "board_type": null, "boundary": null, "brand": "BCI", "building": null, "capacity": null, "craft": null, "crossing": null, "cuisine": null, "denomination": null, "description": null, "ele": null, "emergency": null, "fee": null, "geological": null, "healthcare": null, "healthcare_speciality": null, "highway": null, "historic": null, "information": null, "landuse": null, "leisure": null, "man_made": null, "military": null, "name": "BCI", "name_en": null, "name_es": null, "nat": null, "office": null, "opening_hours": "Mo-Fr 09:00-14:00", "operator": null, "parking": null, "phone": null, "place": null, "power": null, "public_transport": null, "railway": null, "religion": null, "route": null, "shop": null, "source_transform": null, "sport": null, "surface": null, "telecom": null, "tourism": null, "tower_type": null, "water": null, "waterway": null, "website": null, "wheelchair": null, "zoo": null, "objectid": 6377594, "osm_id2": "4479814227", "centroide_x": 356832.59692624456, "centroide_y": 6297542.7987946365, "crs_original": "EPSG:4326", "fecha_normalizacion": "2025-10-10 01:59:25" }, "geometry": { "type": "Point", "coordinates": [ 356832.596926244557835, 6297542.798794636502862 ] } },
{ "type": "Feature", "properties": { "access": null, "addr_city": "La Reina", "addr_country": "CL", "addr_housenumber": "345", "addr_postcode": null, "addr_province": null, "addr_state": null, "addr_street": "Avenida Ossa", "addr_unit": null, "aerialway": null, "aeroway": null, "amenity": "clinic", "attraction": null, "barrier": null, "bicycle": null, "board_type": null, "boundary": null, "brand": null, "building": null, "capacity": null, "craft": null, "crossing": null, "cuisine": null, "denomination": null, "description": null, "ele": null, "emergency": null, "fee": null, "geological": null, "healthcare": "clinic", "healthcare_speciality": null, "highway": null, "historic": null, "information": null, "landuse": null, "leisure": null, "man_made": null, "military": null, "name": "Centro Médico La Reina - Clínica Santa María", "name_en": null, "name_es": null, "nat": null, "office": null, "opening_hours": null, "operator": null, "parking": null, "phone": null, "place": null, "power": null, "public_transport": null, "railway": null, "religion": null, "route": null, "shop": null, "source_transform": null, "sport": null, "surface": null, "telecom": null, "tourism": null, "tower_type": null, "water": null, "waterway": null, "website": null, "wheelchair": null, "zoo": null, "objectid": 6378163, "osm_id2": "2838589219", "centroide_x": 354036.48581313121, "centroide_y": 6297712.7607640643, "crs_original": "EPSG:4326", "fecha_normalizacion": "2025-10-10 01:59:25" }, "geometry": { "type": "Point", "coordinates": [ 354036.485813131206669, 6297712.760764064267278 ] } },
{ "type": "Feature", "properties": { "access": null, "addr_city": "La Reina", "addr_country": "CL", "addr_housenumber": "5862", "addr_postcode": null, "addr_province": null, "addr_state": null, "addr_street": null, "addr_unit": null, "aerialway": null, "aeroway": null, "amenity": "clinic", "attraction": null, "barrier": null, "bicycle": null, "board_type": null, "boundary": null, "brand": null, "building": null, "capacity": null, "craft": null, "crossing": null, "cuisine": null, "denomination": null, "description": null, "ele": null, "emergency": null, "fee": null, "geological": null, "healthcare": "clinic", "healthcare_speciality": null, "highway": null, "historic": null, "information": null, "landuse": null, "leisure": null, "man_made": null, "military": null, "name": "Integramédica Plaza Egaña", "name_en": null, "name_es": null, "nat": null, "office": null, "opening_hours": null, "operator": "Bupa", "parking": null, "phone": null, "place": null, "power": null, "public_transport": null, "railway": null, "religion": null, "route": null, "shop": null, "source_transform": null, "sport": null, "surface": null, "telecom": null, "tourism": null, "tower_type": null, "water": null, "waterway": null, "website": null, "wheelchair": null, "zoo": null, "objectid": 6378373, "osm_id2": "4706012834", "centroide_x": 354096.43792031088, "centroide_y": 6297356.869379512, "crs_original": "EPSG:4326", "fecha_normalizacion": "2025-10-10 01:59:25" }, "geometry": { "type": "Point", "coordinates": [ 354096.437920310883783, 6297356.869379512034357 ] } },
{ "type": "Feature", "properties": { "access": null, "addr_city": "Santiago", "addr_country": "CL", "addr_housenumber": "680", "addr_postcode": null, "addr_province": null, "addr_state": null, "addr_street": "Jorge Alessandri", "addr_unit": null, "aerialway": null, "aeroway": null, "amenity": "recycling", "attraction": null, "barrier": null, "bicycle": null, "board_type": null, "boundary": null, "brand": null, "building": null, "capacity": null, "craft": null, "crossing": null, "cuisine": null, "denomination": null, "description": null, "ele": null, "emergency": null, "fee": null, "geological": null, "healthcare": null, "healthcare_speciality": null, "highway": null, "historic": null, "information": null, "landuse": null, "leisure": null, "man_made": null, "military": null, "name": "Cooperativa de reciclaje La Reina", "name_en": null, "name_es": null, "nat": null, "office": null, "opening_hours": "Mo-Fr 09:00-17:00", "operator": "Cooperativa de recicladores de La Reina", "parking": null, "phone": null, "place": null, "power": null, "public_transport": null, "railway": null, "religion": null, "route": null, "shop": null, "source_transform": null, "sport": null, "surface": null, "telecom": null, "tourism": null, "tower_type": null, "water": null, "waterway": null, "website": null, "wheelchair": null, "zoo": null, "objectid": 6378755, "osm_id2": "2287552493", "centroide_x": 356339.25350148312, "centroide_y": 6296919.4417090602, "crs_original": "EPSG:4326", "fecha_normalizacion": "2025-10-10 01:59:25" }, "geometry": { "type": "Point", "coordinates": [ 356339.253501483122818, 6296919.44170906022191 ] } },
{ "type": "Feature", "properties": { "access": null, "addr_city": "La Reina", "addr_country": "CL", "addr_housenumber": "8573", "addr_postcode": null, "addr_province": null, "addr_state": null, "addr_street": "Avenida Tobalaba", "addr_unit": null, "aerialway": null, "aeroway": null, "amenity": "kindergarten", "attraction": null, "barrier": null, "bicycle": null, "board_type": null, "boundary": null, "brand": null, "building": null, "capacity": null, "craft": null, "crossing": null, "cuisine": null, "denomination": null, "description": null, "ele": null, "emergency": null, "fee": null, "geological": null, "healthcare": null, "healthcare_speciality": null, "highway": null, "historic": null, "information": null, "landuse": null, "leisure": null, "man_made": null, "military": null, "name": "Escuela de Párvulos Antiñil", "name_en": null, "name_es": null, "nat": null, "office": null, "opening_hours": null, "operator": "3", "parking": null, "phone": null, "place": null, "power": null, "public_transport": null, "railway": null, "religion": null, "route": null, "shop": null, "source_transform": "Gobierno Regional Metropolitano de Santiago (http://www.gobiernosantiago.cl/)", "sport": null, "surface": null, "telecom": null, "tourism": null, "tower_type": null, "water": null, "waterway": null, "website": null, "wheelchair": null, "zoo": null, "objectid": 6378999, "osm_id2": "906435335", "centroide_x": 355588.4194452177, "centroide_y": 6296736.9201206509, "crs_original": "EPSG:4326", "fecha_normalizacion": "2025-10-10 01:59:25" }, "geometry": { "type": "Point", "coordinates": [ 355588.419445217703469, 6296736.92012065090239 ] } },
{ "type": "Feature", "properties": { "access": null, "addr_city": "La Reina", "addr_country": "CL", "addr_housenumber": "5655", "addr_postcode": null, "addr_province": null, "addr_state": null, "addr_street": "Avenida Francisco Bilbao", "addr_unit": null, "aerialway": null, "aeroway": null, "amenity": null, "attraction": null, "barrier": null, "bicycle": null, "board_type": null, "boundary": null, "brand": null, "building": null, "capacity": null, "craft": null, "crossing": null, "cuisine": null, "denomination": null, "description": null, "ele": null, "emergency": null, "fee": null, "geological": null, "healthcare": null, "healthcare_speciality": null, "highway": null, "historic": null, "information": null, "landuse": null, "leisure": null, "man_made": null, "military": null, "name": "Rosselot Mitsubishi Motors", "name_en": null, "name_es": null, "nat": null, "office": null, "opening_hours": null, "operator": null, "parking": null, "phone": null, "place": null, "power": null, "public_transport": null, "railway": null, "religion": null, "route": null, "shop": "car", "source_transform": null, "sport": null, "surface": null, "telecom": null, "tourism": null, "tower_type": null, "water": null, "waterway": null, "website": "http://www.automovilesvespucio.cl/", "wheelchair": null, "zoo": null, "objectid": 6379243, "osm_id2": "942582701", "centroide_x": 353586.53061436547, "centroide_y": 6299767.6787165031, "crs_original": "EPSG:4326", "fecha_normalizacion": "2025-10-10 01:59:25" }, "geometry": { "type": "Point", "coordinates": [ 353586.530614365474321, 6299767.678716503083706 ] } },
{ "type": "Feature", "properties": { "access": null, "addr_city": "La Reina", "addr_country": "CL", "addr_housenumber": "2391", "addr_postcode": null, "addr_province": null, "addr_state": null, "addr_street": "Las Carretas", "addr_unit": null, "aerialway": null, "aeroway": null, "amenity": null, "attraction": null, "barrier": null, "bicycle": null, "board_type": null, "boundary": null, "brand": null, "building": null, "capacity": null, "craft": null, "crossing": null, "cuisine": null, "denomination": null, "description": null, "ele": null, "emergency": null, "fee": null, "geological": null, "healthcare": null, "healthcare_speciality": null, "highway": null, "historic": null, "information": null, "landuse": null, "leisure": null, "man_made": null, "military": null, "name": "Thule", "name_en": null, "name_es": null, "nat": null, "office": null, "opening_hours": null, "operator": null, "parking": null, "phone": null, "place": null, "power": null, "public_transport": null, "railway": null, "religion": null, "route": null, "shop": "yes", "source_transform": "Reconocimiento cartográfico de campo 2016 por KG.", "sport": null, "surface": null, "telecom": null, "tourism": null, "tower_type": null, "water": null, "waterway": null, "website": null, "wheelchair": null, "zoo": null, "objectid": 6379315, "osm_id2": "958007070", "centroide_x": 353258.54489906621, "centroide_y": 6299750.2939776331, "crs_original": "EPSG:4326", "fecha_normalizacion": "2025-10-10 01:59:25" }, "geometry": { "type": "Point", "coordinates": [ 353258.544899066211656, 6299750.293977633118629 ] } },
{ "type": "Feature", "properties": { "access": null, "addr_city": "La Reina", "addr_country": "CL", "addr_housenumber": "3901", "addr_postcode": null, "addr_province": null, "addr_state": null, "addr_street": "Avenida Francisco Bilbao", "addr_unit": null, "aerialway": null, "aeroway": null, "amenity": null, "attraction": null, "barrier": null, "bicycle": null, "board_type": null, "boundary": null, "brand": null, "building": null, "capacity": null, "craft": null, "crossing": null, "cuisine": null, "denomination": null, "description": null, "ele": null, "emergency": null, "fee": null, "geological": null, "healthcare": null, "healthcare_speciality": null, "highway": null, "historic": null, "information": null, "landuse": null, "leisure": null, "man_made": null, "military": null, "name": "Gracia Center", "name_en": null, "name_es": null, "nat": null, "office": null, "opening_hours": null, "operator": null, "parking": null, "phone": null, "place": null, "power": null, "public_transport": null, "railway": null, "religion": null, "route": null, "shop": "car", "source_transform": null, "sport": null, "surface": null, "telecom": null, "tourism": null, "tower_type": null, "water": null, "waterway": null, "website": null, "wheelchair": null, "zoo": null, "objectid": 6379543, "osm_id2": "981575012", "centroide_x": 352932.94965296588, "centroide_y": 6299723.7399298418, "crs_original": "EPSG:4326", "fecha_normalizacion": "2025-10-10 01:59:25" }, "geometry": { "type": "Point", "coordinates": [ 352932.949652965879068, 6299723.739929841831326 ] } },
{ "type": "Feature", "properties": { "access": null, "addr_city": "Santiago", "addr_country": "CL", "addr_housenumber": "1164", "addr_postcode": null, "addr_province": null, "addr_state": null, "addr_street": "Avenida Manuel Montt", "addr_unit": null, "aerialway": null, "aeroway": null, "amenity": null, "attraction": null, "barrier": null, "bicycle": null, "board_type": null, "boundary": null, "brand": null, "building": null, "capacity": null, "craft": null, "crossing": null, "cuisine": null, "denomination": null, "description": null, "ele": null, "emergency": null, "fee": null, "geological": null, "healthcare": null, "healthcare_speciality": null, "highway": null, "historic": null, "information": null, "landuse": null, "leisure": null, "man_made": null, "military": null, "name": "CIREN", "name_en": null, "name_es": null, "nat": null, "office": "government", "opening_hours": null, "operator": null, "parking": null, "phone": null, "place": null, "power": null, "public_transport": null, "railway": null, "religion": null, "route": null, "shop": null, "source_transform": null, "sport": null, "surface": null, "telecom": null, "tourism": null, "tower_type": null, "water": null, "waterway": null, "website": null, "wheelchair": null, "zoo": null, "objectid": 6384715, "osm_id2": "3891146561", "centroide_x": 349846.36575764493, "centroide_y": 6298923.3545032647, "crs_original": "EPSG:4326", "fecha_normalizacion": "2025-10-10 01:59:25" }, "geometry": { "type": "Point", "coordinates": [ 349846.365757644933183, 6298923.354503264650702 ] } },
{ "type": "Feature", "properties": { "access": null, "addr_city": "La Reina", "addr_country": "CL", "addr_housenumber": "7232", "addr_postcode": null, "addr_province": null, "addr_state": null, "addr_street": "Avenida José Arrieta", "addr_unit": null, "aerialway": null, "aeroway": null, "amenity": "school", "attraction": null, "barrier": null, "bicycle": null, "board_type": null, "boundary": null, "brand": null, "building": null, "capacity": null, "craft": null, "crossing": null, "cuisine": null, "denomination": null, "description": null, "ele": null, "emergency": null, "fee": null, "geological": null, "healthcare": null, "healthcare_speciality": null, "highway": null, "historic": null, "information": null, "landuse": null, "leisure": null, "man_made": null, "military": null, "name": "Escuela Especial Puerta del Sol de la Reina", "name_en": null, "name_es": null, "nat": null, "office": null, "opening_hours": null, "operator": "3", "parking": null, "phone": null, "place": null, "power": null, "public_transport": null, "railway": null, "religion": null, "route": null, "shop": null, "source_transform": null, "sport": null, "surface": null, "telecom": null, "tourism": null, "tower_type": null, "water": null, "waterway": null, "website": null, "wheelchair": null, "zoo": null, "objectid": 6399218, "osm_id2": "906435337", "centroide_x": 355595.23433333501, "centroide_y": 6296362.0933680311, "crs_original": "EPSG:4326", "fecha_normalizacion": "2025-10-10 01:59:25" }, "geometry": { "type": "Point", "coordinates": [ 355595.234333335014526, 6296362.093368031084538 ] } },
{ "type": "Feature", "properties": { "access": null, "addr_city": "La Reina", "addr_country": "CL", "addr_housenumber": "9073", "addr_postcode": null, "addr_province": null, "addr_state": null, "addr_street": "Avenida Príncipe de Gales", "addr_unit": null, "aerialway": null, "aeroway": null, "amenity": "prep_school", "attraction": null, "barrier": null, "bicycle": null, "board_type": null, "boundary": null, "brand": null, "building": null, "capacity": null, "craft": null, "crossing": null, "cuisine": null, "denomination": null, "description": null, "ele": null, "emergency": null, "fee": null, "geological": null, "healthcare": null, "healthcare_speciality": null, "highway": null, "historic": null, "information": null, "landuse": null, "leisure": null, "man_made": null, "military": null, "name": "Preuniversitario Gauss", "name_en": null, "name_es": null, "nat": null, "office": null, "opening_hours": null, "operator": null, "parking": null, "phone": null, "place": null, "power": null, "public_transport": null, "railway": null, "religion": null, "route": null, "shop": null, "source_transform": null, "sport": null, "surface": null, "telecom": null, "tourism": null, "tower_type": null, "water": null, "waterway": null, "website": null, "wheelchair": null, "zoo": null, "objectid": 10081880, "osm_id2": "10719128136", "centroide_x": 357205.5263374286, "centroide_y": 6298802.1575923171, "crs_original": "EPSG:4326", "fecha_normalizacion": "2025-10-10 01:59:25" }, "geometry": { "type": "Point", "coordinates": [ 357205.526337428600527, 6298802.157592317089438 ] } },
{ "type": "Feature", "properties": { "access": null, "addr_city": "La Reina", "addr_country": "CL", "addr_housenumber": null, "addr_postcode": null, "addr_province": null, "addr_state": null, "addr_street": "Avenida Príncipe de Gales", "addr_unit": null, "aerialway": null, "aeroway": null, "amenity": null, "attraction": null, "barrier": null, "bicycle": null, "board_type": null, "boundary": null, "brand": null, "building": null, "capacity": null, "craft": null, "crossing": null, "cuisine": null, "denomination": null, "description": null, "ele": null, "emergency": null, "fee": null, "geological": null, "healthcare": null, "healthcare_speciality": null, "highway": null, "historic": null, "information": null, "landuse": null, "leisure": null, "man_made": null, "military": null, "name": "EmilioBustamante", "name_en": null, "name_es": null, "nat": null, "office": null, "opening_hours": null, "operator": null, "parking": null, "phone": null, "place": null, "power": null, "public_transport": null, "railway": null, "religion": null, "route": null, "shop": "hairdresser", "source_transform": null, "sport": null, "surface": null, "telecom": null, "tourism": null, "tower_type": null, "water": null, "waterway": null, "website": null, "wheelchair": null, "zoo": null, "objectid": 10081884, "osm_id2": "10719133876", "centroide_x": 357201.03868793172, "centroide_y": 6298770.4714106265, "crs_original": "EPSG:4326", "fecha_normalizacion": "2025-10-10 01:59:25" }, "geometry": { "type": "Point", "coordinates": [ 357201.038687931722961, 6298770.471410626545548 ] } },
{ "type": "Feature", "properties": { "access": null, "addr_city": "La Reina", "addr_country": "CL", "addr_housenumber": null, "addr_postcode": null, "addr_province": null, "addr_state": null, "addr_street": "Avenida Príncipe de Gales", "addr_unit": null, "aerialway": null, "aeroway": null, "amenity": "clinic", "attraction": null, "barrier": null, "bicycle": null, "board_type": null, "boundary": null, "brand": null, "building": null, "capacity": null, "craft": null, "crossing": null, "cuisine": null, "denomination": null, "description": null, "ele": null, "emergency": null, "fee": null, "geological": null, "healthcare": "clinic", "healthcare_speciality": null, "highway": null, "historic": null, "information": null, "landuse": null, "leisure": null, "man_made": null, "military": null, "name": "Clínica Alemana", "name_en": null, "name_es": null, "nat": null, "office": null, "opening_hours": null, "operator": null, "parking": null, "phone": null, "place": null, "power": null, "public_transport": null, "railway": null, "religion": null, "route": null, "shop": null, "source_transform": null, "sport": null, "surface": null, "telecom": null, "tourism": null, "tower_type": null, "water": null, "waterway": null, "website": null, "wheelchair": null, "zoo": null, "objectid": 10081886, "osm_id2": "10719134027", "centroide_x": 357203.35465303797, "centroide_y": 6298771.681263363, "crs_original": "EPSG:4326", "fecha_normalizacion": "2025-10-10 01:59:25" }, "geometry": { "type": "Point", "coordinates": [ 357203.354653037968092, 6298771.68126336298883 ] } },
{ "type": "Feature", "properties": { "access": null, "addr_city": "La Reina", "addr_country": "CL", "addr_housenumber": null, "addr_postcode": null, "addr_province": null, "addr_state": null, "addr_street": "Avenida Príncipe de Gales", "addr_unit": null, "aerialway": null, "aeroway": null, "amenity": "dentist", "attraction": null, "barrier": null, "bicycle": null, "board_type": null, "boundary": null, "brand": null, "building": null, "capacity": null, "craft": null, "crossing": null, "cuisine": null, "denomination": null, "description": null, "ele": null, "emergency": null, "fee": null, "geological": null, "healthcare": "dentist", "healthcare_speciality": null, "highway": null, "historic": null, "information": null, "landuse": null, "leisure": null, "man_made": null, "military": null, "name": "Clínica Odontológicas Everest", "name_en": null, "name_es": null, "nat": null, "office": null, "opening_hours": null, "operator": null, "parking": null, "phone": null, "place": null, "power": null, "public_transport": null, "railway": null, "religion": null, "route": null, "shop": null, "source_transform": null, "sport": null, "surface": null, "telecom": null, "tourism": null, "tower_type": null, "water": null, "waterway": null, "website": null, "wheelchair": null, "zoo": null, "objectid": 10081887, "osm_id2": "10719134028", "centroide_x": 357201.61121716152, "centroide_y": 6298780.8054031981, "crs_original": "EPSG:4326", "fecha_normalizacion": "2025-10-10 01:59:25" }, "geometry": { "type": "Point", "coordinates": [ 357201.61121716152411, 6298780.805403198115528 ] } },
{ "type": "Feature", "properties": { "access": null, "addr_city": "La Reina", "addr_country": "CL", "addr_housenumber": "9073", "addr_postcode": null, "addr_province": null, "addr_state": null, "addr_street": "Avenida Príncipe de Gales", "addr_unit": null, "aerialway": null, "aeroway": null, "amenity": "restaurant", "attraction": null, "barrier": null, "bicycle": null, "board_type": null, "boundary": null, "brand": null, "building": null, "capacity": null, "craft": null, "crossing": null, "cuisine": "american", "denomination": null, "description": null, "ele": null, "emergency": null, "fee": null, "geological": null, "healthcare": null, "healthcare_speciality": null, "highway": null, "historic": null, "information": null, "landuse": null, "leisure": null, "man_made": null, "military": null, "name": "Factory Nine", "name_en": null, "name_es": null, "nat": null, "office": null, "opening_hours": null, "operator": null, "parking": null, "phone": null, "place": null, "power": null, "public_transport": null, "railway": null, "religion": null, "route": null, "shop": null, "source_transform": null, "sport": null, "surface": null, "telecom": null, "tourism": null, "tower_type": null, "water": null, "waterway": null, "website": null, "wheelchair": null, "zoo": null, "objectid": 10081890, "osm_id2": "10719136632", "centroide_x": 357210.32642260974, "centroide_y": 6298807.0419356488, "crs_original": "EPSG:4326", "fecha_normalizacion": "2025-10-10 01:59:25" }, "geometry": { "type": "Point", "coordinates": [ 357210.326422609738074, 6298807.04193564876914 ] } },
{ "type": "Feature", "properties": { "access": null, "addr_city": "La Reina", "addr_country": "CL", "addr_housenumber": null, "addr_postcode": null, "addr_province": null, "addr_state": null, "addr_street": "Avenida Príncipe de Gales", "addr_unit": null, "aerialway": null, "aeroway": null, "amenity": null, "attraction": null, "barrier": null, "bicycle": null, "board_type": null, "boundary": null, "brand": null, "building": null, "capacity": null, "craft": null, "crossing": null, "cuisine": null, "denomination": null, "description": null, "ele": null, "emergency": null, "fee": null, "geological": null, "healthcare": null, "healthcare_speciality": null, "highway": null, "historic": null, "information": null, "landuse": null, "leisure": null, "man_made": null, "military": null, "name": "Kids Cuts", "name_en": null, "name_es": null, "nat": null, "office": null, "opening_hours": null, "operator": null, "parking": null, "phone": null, "place": null, "power": null, "public_transport": null, "railway": null, "religion": null, "route": null, "shop": "hairdresser", "source_transform": null, "sport": null, "surface": null, "telecom": null, "tourism": null, "tower_type": null, "water": null, "waterway": null, "website": null, "wheelchair": null, "zoo": null, "objectid": 10081892, "osm_id2": "10719136811", "centroide_x": 357209.52605159208, "centroide_y": 6298822.1912239082, "crs_original": "EPSG:4326", "fecha_normalizacion": "2025-10-10 01:59:25" }, "geometry": { "type": "Point", "coordinates": [ 357209.526051592081785, 6298822.191223908215761 ] } },
{ "type": "Feature", "properties": { "access": null, "addr_city": "La Reina", "addr_country": "CL", "addr_housenumber": "9073", "addr_postcode": null, "addr_province": null, "addr_state": null, "addr_street": "Avenida Príncipe de Gales", "addr_unit": null, "aerialway": null, "aeroway": null, "amenity": "fast_food", "attraction": null, "barrier": null, "bicycle": null, "board_type": null, "boundary": null, "brand": "Papa John's", "building": null, "capacity": null, "craft": null, "crossing": null, "cuisine": "pizza", "denomination": null, "description": null, "ele": null, "emergency": null, "fee": null, "geological": null, "healthcare": null, "healthcare_speciality": null, "highway": null, "historic": null, "information": null, "landuse": null, "leisure": null, "man_made": null, "military": null, "name": "Papa John's", "name_en": null, "name_es": null, "nat": null, "office": null, "opening_hours": null, "operator": null, "parking": null, "phone": null, "place": null, "power": null, "public_transport": null, "railway": null, "religion": null, "route": null, "shop": null, "source_transform": null, "sport": null, "surface": null, "telecom": null, "tourism": null, "tower_type": null, "water": null, "waterway": null, "website": null, "wheelchair": null, "zoo": null, "objectid": 10081897, "osm_id2": "10719139449", "centroide_x": 357221.06028880499, "centroide_y": 6298849.5784812178, "crs_original": "EPSG:4326", "fecha_normalizacion": "2025-10-10 01:59:25" }, "geometry": { "type": "Point", "coordinates": [ 357221.060288804990705, 6298849.578481217846274 ] } },
{ "type": "Feature", "properties": { "access": null, "addr_city": "La Reina", "addr_country": "CL", "addr_housenumber": "9073", "addr_postcode": null, "addr_province": null, "addr_state": null, "addr_street": "Avenida Príncipe de Gales", "addr_unit": null, "aerialway": null, "aeroway": null, "amenity": "restaurant", "attraction": null, "barrier": null, "bicycle": null, "board_type": null, "boundary": null, "brand": null, "building": null, "capacity": null, "craft": null, "crossing": null, "cuisine": "sushi", "denomination": null, "description": null, "ele": null, "emergency": null, "fee": null, "geological": null, "healthcare": null, "healthcare_speciality": null, "highway": null, "historic": null, "information": null, "landuse": null, "leisure": null, "man_made": null, "military": null, "name": "SushiBlues", "name_en": null, "name_es": null, "nat": null, "office": null, "opening_hours": null, "operator": null, "parking": null, "phone": null, "place": null, "power": null, "public_transport": null, "railway": null, "religion": null, "route": null, "shop": null, "source_transform": null, "sport": null, "surface": null, "telecom": null, "tourism": null, "tower_type": null, "water": null, "waterway": null, "website": null, "wheelchair": null, "zoo": null, "objectid": 10081901, "osm_id2": "10719141878", "centroide_x": 357212.59352438751, "centroide_y": 6298828.5472174482, "crs_original": "EPSG:4326", "fecha_normalizacion": "2025-10-10 01:59:25" }, "geometry": { "type": "Point", "coordinates": [ 357212.593524387513753, 6298828.547217448242009 ] } },
{ "type": "Feature", "properties": { "access": null, "addr_city": "La Reina", "addr_country": "CL", "addr_housenumber": "9073", "addr_postcode": null, "addr_province": null, "addr_state": null, "addr_street": "Avenida Príncipe de Gales", "addr_unit": null, "aerialway": null, "aeroway": null, "amenity": null, "attraction": null, "barrier": null, "bicycle": null, "board_type": null, "boundary": null, "brand": null, "building": null, "capacity": null, "craft": null, "crossing": null, "cuisine": null, "denomination": null, "description": null, "ele": null, "emergency": null, "fee": null, "geological": null, "healthcare": null, "healthcare_speciality": null, "highway": null, "historic": null, "information": null, "landuse": null, "leisure": null, "man_made": null, "military": null, "name": "Fork", "name_en": null, "name_es": null, "nat": null, "office": null, "opening_hours": null, "operator": null, "parking": null, "phone": null, "place": null, "power": null, "public_transport": null, "railway": null, "religion": null, "route": null, "shop": "health_food", "source_transform": null, "sport": null, "surface": null, "telecom": null, "tourism": null, "tower_type": null, "water": null, "waterway": null, "website": null, "wheelchair": null, "zoo": null, "objectid": 10081908, "osm_id2": "10719146644", "centroide_x": 357208.48282287875, "centroide_y": 6298800.2936684601, "crs_original": "EPSG:4326", "fecha_normalizacion": "2025-10-10 01:59:25" }, "geometry": { "type": "Point", "coordinates": [ 357208.482822878751904, 6298800.293668460100889 ] } },
{ "type": "Feature", "properties": { "access": null, "addr_city": "La Reina", "addr_country": "CL", "addr_housenumber": "9073", "addr_postcode": null, "addr_province": null, "addr_state": null, "addr_street": "Avenida Príncipe de Gales", "addr_unit": null, "aerialway": null, "aeroway": null, "amenity": "fast_food", "attraction": null, "barrier": null, "bicycle": null, "board_type": null, "boundary": null, "brand": null, "building": null, "capacity": null, "craft": null, "crossing": null, "cuisine": "chicken", "denomination": null, "description": null, "ele": null, "emergency": null, "fee": null, "geological": null, "healthcare": null, "healthcare_speciality": null, "highway": null, "historic": null, "information": null, "landuse": null, "leisure": null, "man_made": null, "military": null, "name": "Pollo Stop", "name_en": null, "name_es": null, "nat": null, "office": null, "opening_hours": null, "operator": null, "parking": null, "phone": null, "place": null, "power": null, "public_transport": null, "railway": null, "religion": null, "route": null, "shop": null, "source_transform": null, "sport": null, "surface": null, "telecom": null, "tourism": null, "tower_type": null, "water": null, "waterway": null, "website": null, "wheelchair": null, "zoo": null, "objectid": 10081909, "osm_id2": "10719146645", "centroide_x": 357213.64313032571, "centroide_y": 6298838.6886235047, "crs_original": "EPSG:4326", "fecha_normalizacion": "2025-10-10 01:59:25" }, "geometry": { "type": "Point", "coordinates": [ 357213.643130325712264, 6298838.688623504713178 ] } },
{ "type": "Feature", "properties": { "access": null, "addr_city": "La Reina", "addr_country": "CL", "addr_housenumber": null, "addr_postcode": null, "addr_province": null, "addr_state": null, "addr_street": "Avenida Príncipe de Gales", "addr_unit": null, "aerialway": null, "aeroway": null, "amenity": null, "attraction": null, "barrier": null, "bicycle": null, "board_type": null, "boundary": null, "brand": "Castaño", "building": null, "capacity": null, "craft": null, "crossing": null, "cuisine": null, "denomination": null, "description": null, "ele": null, "emergency": null, "fee": null, "geological": null, "healthcare": null, "healthcare_speciality": null, "highway": null, "historic": null, "information": null, "landuse": null, "leisure": null, "man_made": null, "military": null, "name": "Castaño", "name_en": null, "name_es": null, "nat": null, "office": null, "opening_hours": "Mo-Fr 07:00-20:00; Sa 08:00-14:30", "operator": null, "parking": null, "phone": null, "place": null, "power": null, "public_transport": null, "railway": null, "religion": null, "route": null, "shop": "bakery", "source_transform": null, "sport": null, "surface": null, "telecom": null, "tourism": null, "tower_type": null, "water": null, "waterway": null, "website": null, "wheelchair": null, "zoo": null, "objectid": 10081912, "osm_id2": "10719147200", "centroide_x": 357212.10349616501, "centroide_y": 6298818.2920817565, "crs_original": "EPSG:4326", "fecha_normalizacion": "2025-10-10 01:59:25" }, "geometry": { "type": "Point", "coordinates": [ 357212.103496165014803, 6298818.292081756517291 ] } },
{ "type": "Feature", "properties": { "access": null, "addr_city": "La Reina", "addr_country": "CL", "addr_housenumber": null, "addr_postcode": null, "addr_province": null, "addr_state": null, "addr_street": "Avenida Príncipe de Gales", "addr_unit": null, "aerialway": null, "aeroway": null, "amenity": null, "attraction": null, "barrier": null, "bicycle": null, "board_type": null, "boundary": null, "brand": null, "building": null, "capacity": null, "craft": null, "crossing": null, "cuisine": null, "denomination": null, "description": null, "ele": null, "emergency": null, "fee": null, "geological": null, "healthcare": null, "healthcare_speciality": null, "highway": null, "historic": null, "information": null, "landuse": null, "leisure": null, "man_made": null, "military": null, "name": "Permentin Pet Center", "name_en": null, "name_es": null, "nat": null, "office": null, "opening_hours": null, "operator": null, "parking": null, "phone": null, "place": null, "power": null, "public_transport": null, "railway": null, "religion": null, "route": null, "shop": "pet", "source_transform": null, "sport": null, "surface": null, "telecom": null, "tourism": null, "tower_type": null, "water": null, "waterway": null, "website": null, "wheelchair": null, "zoo": null, "objectid": 10081913, "osm_id2": "10719147201", "centroide_x": 357223.29271191958, "centroide_y": 6298880.3551479168, "crs_original": "EPSG:4326", "fecha_normalizacion": "2025-10-10 01:59:25" }, "geometry": { "type": "Point", "coordinates": [ 357223.292711919581052, 6298880.355147916823626 ] } },
{ "type": "Feature", "properties": { "access": null, "addr_city": "La Reina", "addr_country": "CL", "addr_housenumber": null, "addr_postcode": null, "addr_province": null, "addr_state": null, "addr_street": "Avenida Príncipe de Gales", "addr_unit": null, "aerialway": null, "aeroway": null, "amenity": "clinic", "attraction": null, "barrier": null, "bicycle": null, "board_type": null, "boundary": null, "brand": null, "building": null, "capacity": null, "craft": null, "crossing": null, "cuisine": null, "denomination": null, "description": null, "ele": null, "emergency": null, "fee": null, "geological": null, "healthcare": "clinic", "healthcare_speciality": null, "highway": null, "historic": null, "information": null, "landuse": null, "leisure": null, "man_made": null, "military": null, "name": "Clínica Meds", "name_en": null, "name_es": null, "nat": null, "office": null, "opening_hours": null, "operator": null, "parking": null, "phone": null, "place": null, "power": null, "public_transport": null, "railway": null, "religion": null, "route": null, "shop": null, "source_transform": null, "sport": null, "surface": null, "telecom": null, "tourism": null, "tower_type": null, "water": null, "waterway": null, "website": null, "wheelchair": null, "zoo": null, "objectid": 10095094, "osm_id2": "10726889611", "centroide_x": 357208.97796871793, "centroide_y": 6298865.5703113619, "crs_original": "EPSG:4326", "fecha_normalizacion": "2025-10-10 01:59:25" }, "geometry": { "type": "Point", "coordinates": [ 357208.977968717925251, 6298865.570311361923814 ] } },
{ "type": "Feature", "properties": { "access": null, "addr_city": "La Reina", "addr_country": "CL", "addr_housenumber": "9073", "addr_postcode": null, "addr_province": null, "addr_state": null, "addr_street": "Avenida Príncipe de Gales", "addr_unit": null, "aerialway": null, "aeroway": null, "amenity": null, "attraction": null, "barrier": null, "bicycle": null, "board_type": null, "boundary": null, "brand": null, "building": null, "capacity": null, "craft": null, "crossing": null, "cuisine": null, "denomination": null, "description": null, "ele": null, "emergency": null, "fee": null, "geological": null, "healthcare": null, "healthcare_speciality": null, "highway": null, "historic": null, "information": null, "landuse": null, "leisure": null, "man_made": null, "military": null, "name": "Coaniquem", "name_en": null, "name_es": null, "nat": null, "office": null, "opening_hours": null, "operator": null, "parking": null, "phone": null, "place": null, "power": null, "public_transport": null, "railway": null, "religion": null, "route": null, "shop": "clothes", "source_transform": null, "sport": null, "surface": null, "telecom": null, "tourism": null, "tower_type": null, "water": null, "waterway": null, "website": null, "wheelchair": null, "zoo": null, "objectid": 10095095, "osm_id2": "10726889821", "centroide_x": 357215.19161149632, "centroide_y": 6298870.4422674123, "crs_original": "EPSG:4326", "fecha_normalizacion": "2025-10-10 01:59:25" }, "geometry": { "type": "Point", "coordinates": [ 357215.191611496324185, 6298870.442267412319779 ] } },
{ "type": "Feature", "properties": { "access": null, "addr_city": "La Reina", "addr_country": "CL", "addr_housenumber": "9073", "addr_postcode": null, "addr_province": null, "addr_state": null, "addr_street": "Avenida Príncipe de Gales", "addr_unit": null, "aerialway": null, "aeroway": null, "amenity": "veterinary", "attraction": null, "barrier": null, "bicycle": null, "board_type": null, "boundary": null, "brand": null, "building": null, "capacity": null, "craft": null, "crossing": null, "cuisine": null, "denomination": null, "description": null, "ele": null, "emergency": null, "fee": null, "geological": null, "healthcare": null, "healthcare_speciality": null, "highway": null, "historic": null, "information": null, "landuse": null, "leisure": null, "man_made": null, "military": null, "name": "Oftamología Veterinaria", "name_en": null, "name_es": null, "nat": null, "office": null, "opening_hours": null, "operator": null, "parking": null, "phone": null, "place": null, "power": null, "public_transport": null, "railway": null, "religion": null, "route": null, "shop": null, "source_transform": null, "sport": null, "surface": null, "telecom": null, "tourism": null, "tower_type": null, "water": null, "waterway": null, "website": null, "wheelchair": null, "zoo": null, "objectid": 10095097, "osm_id2": "10726894483", "centroide_x": 357205.35709984216, "centroide_y": 6298806.0590510787, "crs_original": "EPSG:4326", "fecha_normalizacion": "2025-10-10 01:59:25" }, "geometry": { "type": "Point", "coordinates": [ 357205.357099842163734, 6298806.059051078744233 ] } },
{ "type": "Feature", "properties": { "access": null, "addr_city": "La Reina", "addr_country": "CL", "addr_housenumber": "7243", "addr_postcode": null, "addr_province": null, "addr_state": null, "addr_street": "Januario Espinoza", "addr_unit": null, "aerialway": null, "aeroway": null, "amenity": "school", "attraction": null, "barrier": null, "bicycle": null, "board_type": null, "boundary": null, "brand": null, "building": null, "capacity": null, "craft": null, "crossing": null, "cuisine": null, "denomination": null, "description": null, "ele": null, "emergency": null, "fee": null, "geological": null, "healthcare": null, "healthcare_speciality": null, "highway": null, "historic": null, "information": null, "landuse": null, "leisure": null, "man_made": null, "military": null, "name": "Escuela Especial Sol de la Reina", "name_en": null, "name_es": null, "nat": null, "office": null, "opening_hours": null, "operator": null, "parking": null, "phone": null, "place": null, "power": null, "public_transport": null, "railway": null, "religion": null, "route": null, "shop": null, "source_transform": null, "sport": null, "surface": null, "telecom": null, "tourism": null, "tower_type": null, "water": null, "waterway": null, "website": null, "wheelchair": null, "zoo": null, "objectid": 11022155, "osm_id2": "11396051889", "centroide_x": 355621.21851532464, "centroide_y": 6296412.9346195189, "crs_original": "EPSG:4326", "fecha_normalizacion": "2025-10-10 01:59:25" }, "geometry": { "type": "Point", "coordinates": [ 355621.218515324639156, 6296412.93461951892823 ] } },
{ "type": "Feature", "properties": { "access": null, "addr_city": "La Reina", "addr_country": "CL", "addr_housenumber": null, "addr_postcode": null, "addr_province": null, "addr_state": null, "addr_street": null, "addr_unit": null, "aerialway": null, "aeroway": null, "amenity": "doctors", "attraction": null, "barrier": null, "bicycle": null, "board_type": null, "boundary": null, "brand": null, "building": null, "capacity": null, "craft": null, "crossing": null, "cuisine": null, "denomination": null, "description": null, "ele": null, "emergency": null, "fee": null, "geological": null, "healthcare": "clinic", "healthcare_speciality": "psychiatry", "highway": null, "historic": null, "information": null, "landuse": null, "leisure": null, "man_made": null, "military": null, "name": "COSAM La Reina", "name_en": null, "name_es": null, "nat": null, "office": null, "opening_hours": null, "operator": null, "parking": null, "phone": null, "place": null, "power": null, "public_transport": null, "railway": null, "religion": null, "route": null, "shop": null, "source_transform": null, "sport": null, "surface": null, "telecom": null, "tourism": null, "tower_type": null, "water": null, "waterway": null, "website": null, "wheelchair": null, "zoo": null, "objectid": 10810806, "osm_id2": "11205691079", "centroide_x": 357469.74997260422, "centroide_y": 6296995.3644843083, "crs_original": "EPSG:4326", "fecha_normalizacion": "2025-10-10 01:59:25" }, "geometry": { "type": "Point", "coordinates": [ 357469.749972604215145, 6296995.364484308287501 ] } },
{ "type": "Feature", "properties": { "access": null, "addr_city": "Santiago", "addr_country": "CL", "addr_housenumber": null, "addr_postcode": null, "addr_province": null, "addr_state": null, "addr_street": "Avenida Portugal", "addr_unit": null, "aerialway": null, "aeroway": null, "amenity": "doctors", "attraction": null, "barrier": null, "bicycle": null, "board_type": null, "boundary": null, "brand": null, "building": null, "capacity": null, "craft": null, "crossing": null, "cuisine": null, "denomination": null, "description": null, "ele": null, "emergency": null, "fee": null, "geological": null, "healthcare": "doctor", "healthcare_speciality": null, "highway": null, "historic": null, "information": null, "landuse": null, "leisure": null, "man_made": null, "military": null, "name": "Instituto Nacional de Acupuntura y medicina china", "name_en": null, "name_es": null, "nat": null, "office": null, "opening_hours": null, "operator": null, "parking": null, "phone": "+56226341120", "place": null, "power": null, "public_transport": null, "railway": null, "religion": null, "route": null, "shop": null, "source_transform": null, "sport": null, "surface": null, "telecom": null, "tourism": null, "tower_type": null, "water": null, "waterway": null, "website": "http://www.acupunturainchile.cl", "wheelchair": null, "zoo": null, "objectid": 6395329, "osm_id2": "5865796985", "centroide_x": 348033.70609126484, "centroide_y": 6297759.2087201793, "crs_original": "EPSG:4326", "fecha_normalizacion": "2025-10-10 01:59:25" }, "geometry": { "type": "Point", "coordinates": [ 348033.706091264844872, 6297759.208720179274678 ] } },
{ "type": "Feature", "properties": { "access": null, "addr_city": "Santiago", "addr_country": "CL", "addr_housenumber": "56", "addr_postcode": null, "addr_province": null, "addr_state": null, "addr_street": "Porvenir", "addr_unit": null, "aerialway": null, "aeroway": null, "amenity": "school", "attraction": null, "barrier": null, "bicycle": null, "board_type": null, "boundary": null, "brand": null, "building": null, "capacity": null, "craft": null, "crossing": null, "cuisine": null, "denomination": null, "description": null, "ele": null, "emergency": null, "fee": null, "geological": null, "healthcare": null, "healthcare_speciality": null, "highway": null, "historic": null, "information": null, "landuse": null, "leisure": null, "man_made": null, "military": null, "name": "Colegio Adventista Porvenir", "name_en": null, "name_es": null, "nat": null, "office": null, "opening_hours": null, "operator": "3", "parking": null, "phone": null, "place": null, "power": null, "public_transport": null, "railway": null, "religion": null, "route": null, "shop": null, "source_transform": "Reconocimiento cortográfico de campo 2016 por KG", "sport": null, "surface": null, "telecom": null, "tourism": null, "tower_type": null, "water": null, "waterway": null, "website": null, "wheelchair": null, "zoo": null, "objectid": 6397397, "osm_id2": "906431470", "centroide_x": 348421.25475390512, "centroide_y": 6297102.9467513114, "crs_original": "EPSG:4326", "fecha_normalizacion": "2025-10-10 01:59:25" }, "geometry": { "type": "Point", "coordinates": [ 348421.254753905115649, 6297102.946751311421394 ] } },
{ "type": "Feature", "properties": { "access": null, "addr_city": "Santiago", "addr_country": "CL", "addr_housenumber": "1128", "addr_postcode": null, "addr_province": null, "addr_state": null, "addr_street": "Padre Orellana", "addr_unit": null, "aerialway": null, "aeroway": null, "amenity": "school", "attraction": null, "barrier": null, "bicycle": null, "board_type": null, "boundary": null, "brand": null, "building": null, "capacity": null, "craft": null, "crossing": null, "cuisine": null, "denomination": null, "description": null, "ele": null, "emergency": null, "fee": null, "geological": null, "healthcare": null, "healthcare_speciality": null, "highway": null, "historic": null, "information": null, "landuse": null, "leisure": null, "man_made": null, "military": null, "name": "Escuela Especial San Francisco Para Niños Sordos", "name_en": null, "name_es": null, "nat": null, "office": null, "opening_hours": null, "operator": "3", "parking": null, "phone": null, "place": null, "power": null, "public_transport": null, "railway": null, "religion": null, "route": null, "shop": null, "source_transform": null, "sport": null, "surface": null, "telecom": null, "tourism": null, "tower_type": null, "water": null, "waterway": null, "website": null, "wheelchair": null, "zoo": null, "objectid": 6397519, "osm_id2": "906430858", "centroide_x": 348295.20175833162, "centroide_y": 6296898.3396069948, "crs_original": "EPSG:4326", "fecha_normalizacion": "2025-10-10 01:59:25" }, "geometry": { "type": "Point", "coordinates": [ 348295.201758331619203, 6296898.339606994763017 ] } },
{ "type": "Feature", "properties": { "access": null, "addr_city": "Santiago", "addr_country": "CL", "addr_housenumber": "1191", "addr_postcode": null, "addr_province": null, "addr_state": null, "addr_street": "Sierra Bella", "addr_unit": null, "aerialway": null, "aeroway": null, "amenity": "school", "attraction": null, "barrier": null, "bicycle": null, "board_type": null, "boundary": null, "brand": null, "building": null, "capacity": null, "craft": null, "crossing": null, "cuisine": null, "denomination": null, "description": null, "ele": null, "emergency": null, "fee": null, "geological": null, "healthcare": null, "healthcare_speciality": null, "highway": null, "historic": null, "information": null, "landuse": null, "leisure": null, "man_made": null, "military": null, "name": "Centro de Educación de Adultos El Prado", "name_en": null, "name_es": null, "nat": null, "office": null, "opening_hours": null, "operator": "3", "parking": null, "phone": null, "place": null, "power": null, "public_transport": null, "railway": null, "religion": null, "route": null, "shop": null, "source_transform": "Gobierno Regional Metropolitano de Santiago (http://www.gobiernosantiago.cl/)", "sport": null, "surface": null, "telecom": null, "tourism": null, "tower_type": null, "water": null, "waterway": null, "website": null, "wheelchair": null, "zoo": null, "objectid": 6398009, "osm_id2": "906431853", "centroide_x": 347902.4623323679, "centroide_y": 6296745.9660518877, "crs_original": "EPSG:4326", "fecha_normalizacion": "2025-10-10 01:59:25" }, "geometry": { "type": "Point", "coordinates": [ 347902.462332367897034, 6296745.966051887720823 ] } },
{ "type": "Feature", "properties": { "access": null, "addr_city": "Santiago", "addr_country": "CL", "addr_housenumber": "1708", "addr_postcode": null, "addr_province": null, "addr_state": null, "addr_street": null, "addr_unit": null, "aerialway": null, "aeroway": null, "amenity": "clinic", "attraction": null, "barrier": null, "bicycle": null, "board_type": null, "boundary": null, "brand": null, "building": null, "capacity": null, "craft": null, "crossing": null, "cuisine": null, "denomination": null, "description": null, "ele": null, "emergency": null, "fee": null, "geological": null, "healthcare": "hospital", "healthcare_speciality": null, "highway": null, "historic": null, "information": null, "landuse": null, "leisure": null, "man_made": null, "military": null, "name": "CESFAM Padre Orellana", "name_en": null, "name_es": null, "nat": null, "office": null, "opening_hours": null, "operator": null, "parking": null, "phone": null, "place": null, "power": null, "public_transport": null, "railway": null, "religion": null, "route": null, "shop": null, "source_transform": null, "sport": null, "surface": null, "telecom": null, "tourism": null, "tower_type": null, "water": null, "waterway": null, "website": null, "wheelchair": null, "zoo": null, "objectid": 10741280, "osm_id2": "11172535584", "centroide_x": 348554.94383270422, "centroide_y": 6295821.8769553341, "crs_original": "EPSG:4326", "fecha_normalizacion": "2025-10-10 01:59:25" }, "geometry": { "type": "Point", "coordinates": [ 348554.943832704215311, 6295821.876955334097147 ] } },
{ "type": "Feature", "properties": { "access": null, "addr_city": "Santiago", "addr_country": "CL", "addr_housenumber": "924", "addr_postcode": null, "addr_province": null, "addr_state": null, "addr_street": "Morandé", "addr_unit": null, "aerialway": null, "aeroway": null, "amenity": null, "attraction": null, "barrier": null, "bicycle": null, "board_type": null, "boundary": null, "brand": null, "building": null, "capacity": null, "craft": null, "crossing": null, "cuisine": null, "denomination": null, "description": null, "ele": null, "emergency": null, "fee": null, "geological": null, "healthcare": null, "healthcare_speciality": null, "highway": null, "historic": null, "information": null, "landuse": null, "leisure": null, "man_made": null, "military": null, "name": "IMPULSA", "name_en": null, "name_es": null, "nat": null, "office": "advertising_agency", "opening_hours": "Mo-Fr 09:00-18:00", "operator": null, "parking": null, "phone": "+56 9 3711 0964", "place": null, "power": null, "public_transport": null, "railway": null, "religion": null, "route": null, "shop": null, "source_transform": null, "sport": null, "surface": null, "telecom": null, "tourism": null, "tower_type": null, "water": null, "waterway": null, "website": "https://www.linkedin.com/company/impulsa-mecc", "wheelchair": null, "zoo": null, "objectid": 6533571, "osm_id2": "7403410870", "centroide_x": 346165.15906138136, "centroide_y": 6299482.8308727331, "crs_original": "EPSG:4326", "fecha_normalizacion": "2025-10-10 01:59:25" }, "geometry": { "type": "Point", "coordinates": [ 346165.159061381360516, 6299482.830872733145952 ] } },
{ "type": "Feature", "properties": { "access": null, "addr_city": "Santiago", "addr_country": "CL", "addr_housenumber": "661", "addr_postcode": null, "addr_province": null, "addr_state": null, "addr_street": "Enrique Mac Iver", "addr_unit": null, "aerialway": null, "aeroway": null, "amenity": null, "attraction": null, "barrier": null, "bicycle": null, "board_type": null, "boundary": null, "brand": null, "building": null, "capacity": null, "craft": null, "crossing": null, "cuisine": null, "denomination": null, "description": null, "ele": null, "emergency": null, "fee": null, "geological": null, "healthcare": null, "healthcare_speciality": null, "highway": null, "historic": null, "information": null, "landuse": null, "leisure": null, "man_made": null, "military": null, "name": "Santiago Backpackers", "name_en": null, "name_es": null, "nat": null, "office": null, "opening_hours": null, "operator": null, "parking": null, "phone": "+56 2 26648451", "place": null, "power": null, "public_transport": null, "railway": null, "religion": null, "route": null, "shop": null, "source_transform": null, "sport": null, "surface": null, "telecom": null, "tourism": "hostel", "tower_type": null, "water": null, "waterway": null, "website": "https://www.santiagobackpackers.com/", "wheelchair": null, "zoo": null, "objectid": 6533872, "osm_id2": "1748379180", "centroide_x": 346866.51057592867, "centroide_y": 6299239.9985666126, "crs_original": "EPSG:4326", "fecha_normalizacion": "2025-10-10 01:59:25" }, "geometry": { "type": "Point", "coordinates": [ 346866.510575928667095, 6299239.99856661260128 ] } },
{ "type": "Feature", "properties": { "access": null, "addr_city": "Santiago", "addr_country": "CL", "addr_housenumber": "978", "addr_postcode": null, "addr_province": null, "addr_state": null, "addr_street": "Santo Domingo", "addr_unit": null, "aerialway": null, "aeroway": null, "amenity": "fire_station", "attraction": null, "barrier": null, "bicycle": null, "board_type": null, "boundary": null, "brand": null, "building": null, "capacity": null, "craft": null, "crossing": null, "cuisine": null, "denomination": null, "description": null, "ele": null, "emergency": null, "fee": null, "geological": null, "healthcare": null, "healthcare_speciality": null, "highway": null, "historic": null, "information": null, "landuse": null, "leisure": null, "man_made": null, "military": null, "name": "Museo de Bomberos de Santiago (MUBO)", "name_en": null, "name_es": null, "nat": null, "office": null, "opening_hours": "Tu-Sa 10:00-18:00", "operator": null, "parking": null, "phone": null, "place": null, "power": null, "public_transport": null, "railway": null, "religion": null, "route": null, "shop": null, "source_transform": null, "sport": null, "surface": null, "telecom": null, "tourism": "museum", "tower_type": null, "water": null, "waterway": null, "website": "https://mubo.cl/", "wheelchair": null, "zoo": null, "objectid": 6533967, "osm_id2": "5604506491", "centroide_x": 346528.05545128149, "centroide_y": 6299129.7601943631, "crs_original": "EPSG:4326", "fecha_normalizacion": "2025-10-10 01:59:25" }, "geometry": { "type": "Point", "coordinates": [ 346528.055451281485148, 6299129.760194363072515 ] } },
{ "type": "Feature", "properties": { "access": null, "addr_city": "Santiago", "addr_country": "CL", "addr_housenumber": "1190", "addr_postcode": null, "addr_province": null, "addr_state": null, "addr_street": "Rosas", "addr_unit": null, "aerialway": null, "aeroway": null, "amenity": "prison", "attraction": null, "barrier": null, "bicycle": null, "board_type": null, "boundary": null, "brand": null, "building": null, "capacity": null, "craft": null, "crossing": null, "cuisine": null, "denomination": null, "description": null, "ele": null, "emergency": null, "fee": null, "geological": null, "healthcare": null, "healthcare_speciality": null, "highway": null, "historic": null, "information": null, "landuse": null, "leisure": null, "man_made": null, "military": null, "name": "Adipgen", "name_en": null, "name_es": null, "nat": null, "office": null, "opening_hours": null, "operator": null, "parking": null, "phone": null, "place": null, "power": null, "public_transport": null, "railway": null, "religion": null, "route": null, "shop": null, "source_transform": null, "sport": null, "surface": null, "telecom": null, "tourism": null, "tower_type": null, "water": null, "waterway": null, "website": null, "wheelchair": null, "zoo": null, "objectid": 6534023, "osm_id2": "4653099834", "centroide_x": 346245.20244600915, "centroide_y": 6299193.3762970511, "crs_original": "EPSG:4326", "fecha_normalizacion": "2025-10-10 01:59:25" }, "geometry": { "type": "Point", "coordinates": [ 346245.202446009148844, 6299193.376297051087022 ] } },
{ "type": "Feature", "properties": { "access": null, "addr_city": "Santiago", "addr_country": "CL", "addr_housenumber": "1262", "addr_postcode": null, "addr_province": null, "addr_state": null, "addr_street": "Littré Quiroga Carvajal", "addr_unit": null, "aerialway": null, "aeroway": null, "amenity": null, "attraction": null, "barrier": null, "bicycle": null, "board_type": null, "boundary": null, "brand": null, "building": null, "capacity": null, "craft": null, "crossing": null, "cuisine": null, "denomination": null, "description": null, "ele": null, "emergency": null, "fee": null, "geological": null, "healthcare": null, "healthcare_speciality": null, "highway": null, "historic": null, "information": null, "landuse": null, "leisure": null, "man_made": null, "military": null, "name": "Dirección Nacional Subdirección Técnica de Gendarmería de Chile", "name_en": null, "name_es": null, "nat": null, "office": "government", "opening_hours": null, "operator": "Dirección Nacional Subdirección Técnica de Gendarmería de Chile", "parking": null, "phone": null, "place": null, "power": null, "public_transport": null, "railway": null, "religion": null, "route": null, "shop": null, "source_transform": null, "sport": null, "surface": null, "telecom": null, "tourism": null, "tower_type": null, "water": null, "waterway": null, "website": null, "wheelchair": null, "zoo": null, "objectid": 6534030, "osm_id2": "7066955591", "centroide_x": 346154.35822727141, "centroide_y": 6299181.0719728675, "crs_original": "EPSG:4326", "fecha_normalizacion": "2025-10-10 01:59:25" }, "geometry": { "type": "Point", "coordinates": [ 346154.358227271412034, 6299181.07197286747396 ] } },
{ "type": "Feature", "properties": { "access": null, "addr_city": "Santiago", "addr_country": "CL", "addr_housenumber": "N°683", "addr_postcode": null, "addr_province": null, "addr_state": null, "addr_street": "Teatinos", "addr_unit": null, "aerialway": null, "aeroway": null, "amenity": "courthouse", "attraction": null, "barrier": null, "bicycle": null, "board_type": null, "boundary": null, "brand": null, "building": null, "capacity": null, "craft": null, "crossing": null, "cuisine": null, "denomination": null, "description": null, "ele": null, "emergency": null, "fee": null, "geological": null, "healthcare": null, "healthcare_speciality": null, "highway": null, "historic": null, "information": null, "landuse": null, "leisure": null, "man_made": null, "military": null, "name": "Dirección Nacional Unidad de Fiscalía Of. 202, 301, 302, 401, 402.", "name_en": null, "name_es": null, "nat": null, "office": null, "opening_hours": null, "operator": "Dirección Nacional (Unidad de Fiscalía (DDNN 3)", "parking": null, "phone": null, "place": null, "power": null, "public_transport": null, "railway": null, "religion": null, "route": null, "shop": null, "source_transform": null, "sport": null, "surface": null, "telecom": null, "tourism": null, "tower_type": null, "water": null, "waterway": null, "website": null, "wheelchair": null, "zoo": null, "objectid": 6534074, "osm_id2": "5944772238", "centroide_x": 346177.56721420388, "centroide_y": 6299160.1680757776, "crs_original": "EPSG:4326", "fecha_normalizacion": "2025-10-10 01:59:25" }, "geometry": { "type": "Point", "coordinates": [ 346177.567214203882031, 6299160.168075777590275 ] } },
{ "type": "Feature", "properties": { "access": null, "addr_city": "Santiago", "addr_country": "CL", "addr_housenumber": "418", "addr_postcode": null, "addr_province": null, "addr_state": null, "addr_street": "San Antonio", "addr_unit": null, "aerialway": null, "aeroway": null, "amenity": "clinic", "attraction": null, "barrier": null, "bicycle": null, "board_type": null, "boundary": null, "brand": null, "building": null, "capacity": null, "craft": null, "crossing": null, "cuisine": null, "denomination": null, "description": null, "ele": null, "emergency": null, "fee": null, "geological": null, "healthcare": "clinic", "healthcare_speciality": null, "highway": null, "historic": null, "information": null, "landuse": null, "leisure": null, "man_made": null, "military": null, "name": "Laboratorios Médicos Santiago Centro", "name_en": null, "name_es": null, "nat": null, "office": null, "opening_hours": "Mo-Fr 08:00-18:30; Sa 08:00-12:30", "operator": null, "parking": null, "phone": "+56226392276", "place": null, "power": null, "public_transport": null, "railway": null, "religion": null, "route": null, "shop": null, "source_transform": null, "sport": null, "surface": null, "telecom": null, "tourism": null, "tower_type": null, "water": null, "waterway": null, "website": "https://laboratoriosmedicos.cl/", "wheelchair": null, "zoo": null, "objectid": 6534254, "osm_id2": "4102780390", "centroide_x": 346767.76300764922, "centroide_y": 6298960.1613256, "crs_original": "EPSG:4326", "fecha_normalizacion": "2025-10-10 01:59:25" }, "geometry": { "type": "Point", "coordinates": [ 346767.763007649220526, 6298960.161325599998236 ] } },
{ "type": "Feature", "properties": { "access": null, "addr_city": "Santiago", "addr_country": "CL", "addr_housenumber": "315", "addr_postcode": null, "addr_province": null, "addr_state": null, "addr_street": "Paseo Ahumada", "addr_unit": null, "aerialway": null, "aeroway": null, "amenity": "pharmacy", "attraction": null, "barrier": null, "bicycle": null, "board_type": null, "boundary": null, "brand": "SalcoBrand", "building": null, "capacity": null, "craft": null, "crossing": null, "cuisine": null, "denomination": null, "description": null, "ele": null, "emergency": null, "fee": null, "geological": null, "healthcare": "pharmacy", "healthcare_speciality": null, "highway": null, "historic": null, "information": null, "landuse": null, "leisure": null, "man_made": null, "military": null, "name": "SalcoBrand", "name_en": null, "name_es": null, "nat": null, "office": null, "opening_hours": null, "operator": null, "parking": null, "phone": "+5624202580", "place": null, "power": null, "public_transport": null, "railway": null, "religion": null, "route": null, "shop": null, "source_transform": null, "sport": null, "surface": null, "telecom": null, "tourism": null, "tower_type": null, "water": null, "waterway": null, "website": null, "wheelchair": null, "zoo": null, "objectid": 6534447, "osm_id2": "867952129", "centroide_x": 346536.94164097938, "centroide_y": 6298872.3698919173, "crs_original": "EPSG:4326", "fecha_normalizacion": "2025-10-10 01:59:25" }, "geometry": { "type": "Point", "coordinates": [ 346536.941640979377553, 6298872.369891917333007 ] } },
{ "type": "Feature", "properties": { "access": null, "addr_city": "Santiago", "addr_country": "CL", "addr_housenumber": null, "addr_postcode": null, "addr_province": null, "addr_state": null, "addr_street": "Morande 538", "addr_unit": null, "aerialway": null, "aeroway": null, "amenity": "restaurant", "attraction": null, "barrier": null, "bicycle": null, "board_type": null, "boundary": null, "brand": null, "building": null, "capacity": null, "craft": null, "crossing": null, "cuisine": null, "denomination": null, "description": null, "ele": null, "emergency": null, "fee": null, "geological": null, "healthcare": null, "healthcare_speciality": null, "highway": null, "historic": null, "information": null, "landuse": null, "leisure": null, "man_made": null, "military": null, "name": "La Casona del Centro", "name_en": null, "name_es": null, "nat": null, "office": null, "opening_hours": null, "operator": null, "parking": null, "phone": null, "place": null, "power": null, "public_transport": null, "railway": null, "religion": null, "route": null, "shop": null, "source_transform": null, "sport": null, "surface": null, "telecom": null, "tourism": null, "tower_type": null, "water": null, "waterway": null, "website": null, "wheelchair": null, "zoo": null, "objectid": 6534478, "osm_id2": "1288475717", "centroide_x": 346231.1238821483, "centroide_y": 6299009.2564851511, "crs_original": "EPSG:4326", "fecha_normalizacion": "2025-10-10 01:59:25" }, "geometry": { "type": "Point", "coordinates": [ 346231.123882148298435, 6299009.256485151126981 ] } },
{ "type": "Feature", "properties": { "access": null, "addr_city": "Santiago", "addr_country": "CL", "addr_housenumber": "3358", "addr_postcode": null, "addr_province": null, "addr_state": null, "addr_street": "San Pablo", "addr_unit": null, "aerialway": null, "aeroway": null, "amenity": "school", "attraction": null, "barrier": null, "bicycle": null, "board_type": null, "boundary": null, "brand": null, "building": null, "capacity": null, "craft": null, "crossing": null, "cuisine": null, "denomination": null, "description": null, "ele": null, "emergency": null, "fee": null, "geological": null, "healthcare": null, "healthcare_speciality": null, "highway": null, "historic": null, "information": null, "landuse": null, "leisure": null, "man_made": null, "military": null, "name": "Escuela Especial Santiago Apóstol", "name_en": null, "name_es": null, "nat": null, "office": null, "opening_hours": null, "operator": "2", "parking": null, "phone": null, "place": null, "power": null, "public_transport": null, "railway": null, "religion": null, "route": null, "shop": null, "source_transform": "Gobierno Regional Metropolitano de Santiago (http://www.gobiernosantiago.cl/)", "sport": null, "surface": null, "telecom": null, "tourism": null, "tower_type": null, "water": null, "waterway": null, "website": null, "wheelchair": null, "zoo": null, "objectid": 6535895, "osm_id2": "906413180", "centroide_x": 343737.50271037105, "centroide_y": 6299154.4050574321, "crs_original": "EPSG:4326", "fecha_normalizacion": "2025-10-10 01:59:25" }, "geometry": { "type": "Point", "coordinates": [ 343737.502710371045396, 6299154.405057432129979 ] } },
{ "type": "Feature", "properties": { "access": null, "addr_city": "Santiago", "addr_country": "CL", "addr_housenumber": "206", "addr_postcode": null, "addr_province": null, "addr_state": null, "addr_street": "San Antonio", "addr_unit": null, "aerialway": null, "aeroway": null, "amenity": "pharmacy", "attraction": null, "barrier": null, "bicycle": null, "board_type": null, "boundary": null, "brand": "SalcoBrand", "building": null, "capacity": null, "craft": null, "crossing": null, "cuisine": null, "denomination": null, "description": null, "ele": null, "emergency": null, "fee": null, "geological": null, "healthcare": "pharmacy", "healthcare_speciality": null, "highway": null, "historic": null, "information": null, "landuse": null, "leisure": null, "man_made": null, "military": null, "name": "SalcoBrand", "name_en": null, "name_es": null, "nat": null, "office": null, "opening_hours": null, "operator": null, "parking": null, "phone": "+5626641961", "place": null, "power": null, "public_transport": null, "railway": null, "religion": null, "route": null, "shop": null, "source_transform": null, "sport": null, "surface": null, "telecom": null, "tourism": null, "tower_type": null, "water": null, "waterway": null, "website": null, "wheelchair": null, "zoo": null, "objectid": 6536120, "osm_id2": "867953144", "centroide_x": 346803.0130265574, "centroide_y": 6298806.0729282182, "crs_original": "EPSG:4326", "fecha_normalizacion": "2025-10-10 01:59:25" }, "geometry": { "type": "Point", "coordinates": [ 346803.013026557397097, 6298806.072928218171 ] } },
{ "type": "Feature", "properties": { "access": null, "addr_city": "Santiago", "addr_country": "CL", "addr_housenumber": "345", "addr_postcode": null, "addr_province": null, "addr_state": null, "addr_street": "Morandé", "addr_unit": null, "aerialway": null, "aeroway": null, "amenity": "courthouse", "attraction": null, "barrier": null, "bicycle": null, "board_type": null, "boundary": null, "brand": null, "building": null, "capacity": null, "craft": null, "crossing": null, "cuisine": null, "denomination": null, "description": null, "ele": null, "emergency": null, "fee": null, "geological": null, "healthcare": null, "healthcare_speciality": null, "highway": null, "historic": null, "information": null, "landuse": null, "leisure": null, "man_made": null, "military": null, "name": "Destacamento de Tribunales", "name_en": null, "name_es": null, "nat": null, "office": null, "opening_hours": null, "operator": null, "parking": null, "phone": null, "place": null, "power": null, "public_transport": null, "railway": null, "religion": null, "route": null, "shop": null, "source_transform": null, "sport": null, "surface": null, "telecom": null, "tourism": null, "tower_type": null, "water": null, "waterway": null, "website": null, "wheelchair": null, "zoo": null, "objectid": 6536316, "osm_id2": "6103473202", "centroide_x": 346265.41130911309, "centroide_y": 6298761.3429454304, "crs_original": "EPSG:4326", "fecha_normalizacion": "2025-10-10 01:59:25" }, "geometry": { "type": "Point", "coordinates": [ 346265.411309113085736, 6298761.34294543042779 ] } },
{ "type": "Feature", "properties": { "access": null, "addr_city": "Santiago", "addr_country": "CL", "addr_housenumber": "900", "addr_postcode": null, "addr_province": null, "addr_state": null, "addr_street": "Huérfanos", "addr_unit": null, "aerialway": null, "aeroway": null, "amenity": "pharmacy", "attraction": null, "barrier": null, "bicycle": null, "board_type": null, "boundary": null, "brand": "SalcoBrand", "building": null, "capacity": null, "craft": null, "crossing": null, "cuisine": null, "denomination": null, "description": null, "ele": null, "emergency": null, "fee": null, "geological": null, "healthcare": "pharmacy", "healthcare_speciality": null, "highway": null, "historic": null, "information": null, "landuse": null, "leisure": null, "man_made": null, "military": null, "name": "SalcoBrand", "name_en": null, "name_es": null, "nat": null, "office": null, "opening_hours": null, "operator": null, "parking": null, "phone": "+5626389049", "place": null, "power": null, "public_transport": null, "railway": null, "religion": null, "route": null, "shop": null, "source_transform": null, "sport": null, "surface": null, "telecom": null, "tourism": null, "tower_type": null, "water": null, "waterway": null, "website": null, "wheelchair": null, "zoo": null, "objectid": 6536329, "osm_id2": "867951554", "centroide_x": 346530.15993911214, "centroide_y": 6298743.1581369359, "crs_original": "EPSG:4326", "fecha_normalizacion": "2025-10-10 01:59:25" }, "geometry": { "type": "Point", "coordinates": [ 346530.159939112141728, 6298743.158136935904622 ] } },
{ "type": "Feature", "properties": { "access": null, "addr_city": "Santiago", "addr_country": "CL", "addr_housenumber": "389", "addr_postcode": null, "addr_province": null, "addr_state": null, "addr_street": "Paseo Ahumada", "addr_unit": null, "aerialway": null, "aeroway": null, "amenity": "pharmacy", "attraction": null, "barrier": null, "bicycle": null, "board_type": null, "boundary": null, "brand": "SalcoBrand", "building": null, "capacity": null, "craft": null, "crossing": null, "cuisine": null, "denomination": null, "description": null, "ele": null, "emergency": null, "fee": null, "geological": null, "healthcare": "pharmacy", "healthcare_speciality": null, "highway": null, "historic": null, "information": null, "landuse": null, "leisure": null, "man_made": null, "military": null, "name": "SalcoBrand", "name_en": null, "name_es": null, "nat": null, "office": null, "opening_hours": null, "operator": null, "parking": null, "phone": "+5626991596", "place": null, "power": null, "public_transport": null, "railway": null, "religion": null, "route": null, "shop": null, "source_transform": null, "sport": null, "surface": null, "telecom": null, "tourism": null, "tower_type": null, "water": null, "waterway": null, "website": null, "wheelchair": null, "zoo": null, "objectid": 6536333, "osm_id2": "867951674", "centroide_x": 346530.76308479276, "centroide_y": 6298736.213400539, "crs_original": "EPSG:4326", "fecha_normalizacion": "2025-10-10 01:59:25" }, "geometry": { "type": "Point", "coordinates": [ 346530.763084792764857, 6298736.213400539010763 ] } },
{ "type": "Feature", "properties": { "access": null, "addr_city": "Santiago", "addr_country": "CL", "addr_housenumber": null, "addr_postcode": null, "addr_province": null, "addr_state": null, "addr_street": "Bandera", "addr_unit": null, "aerialway": null, "aeroway": null, "amenity": "bank", "attraction": null, "barrier": null, "bicycle": null, "board_type": null, "boundary": null, "brand": "BCI", "building": null, "capacity": null, "craft": null, "crossing": null, "cuisine": null, "denomination": null, "description": null, "ele": null, "emergency": null, "fee": null, "geological": null, "healthcare": null, "healthcare_speciality": null, "highway": null, "historic": null, "information": null, "landuse": null, "leisure": null, "man_made": null, "military": null, "name": "BCI", "name_en": null, "name_es": null, "nat": null, "office": null, "opening_hours": null, "operator": null, "parking": null, "phone": null, "place": null, "power": null, "public_transport": null, "railway": null, "religion": null, "route": null, "shop": null, "source_transform": "Reconocimiento cartográfico 2016 por KG.", "sport": null, "surface": null, "telecom": null, "tourism": null, "tower_type": null, "water": null, "waterway": null, "website": null, "wheelchair": null, "zoo": null, "objectid": 6536357, "osm_id2": "1157169749", "centroide_x": 346400.06016518426, "centroide_y": 6298708.038371508, "crs_original": "EPSG:4326", "fecha_normalizacion": "2025-10-10 01:59:25" }, "geometry": { "type": "Point", "coordinates": [ 346400.060165184258949, 6298708.038371508009732 ] } },
{ "type": "Feature", "properties": { "access": null, "addr_city": "Santiago", "addr_country": "CL", "addr_housenumber": "320", "addr_postcode": "4323315", "addr_province": null, "addr_state": null, "addr_street": "Teatinos", "addr_unit": null, "aerialway": null, "aeroway": null, "amenity": null, "attraction": null, "barrier": null, "bicycle": null, "board_type": null, "boundary": null, "brand": null, "building": null, "capacity": null, "craft": null, "crossing": null, "cuisine": null, "denomination": null, "description": null, "ele": null, "emergency": null, "fee": null, "geological": null, "healthcare": null, "healthcare_speciality": null, "highway": null, "historic": null, "information": null, "landuse": null, "leisure": null, "man_made": null, "military": null, "name": "Panamericano", "name_en": null, "name_es": null, "nat": null, "office": null, "opening_hours": null, "operator": null, "parking": null, "phone": null, "place": null, "power": null, "public_transport": null, "railway": null, "religion": null, "route": null, "shop": null, "source_transform": null, "sport": null, "surface": null, "telecom": null, "tourism": "hotel", "tower_type": null, "water": null, "waterway": null, "website": "http://www.hotelpanamericano.cl", "wheelchair": null, "zoo": null, "objectid": 6536388, "osm_id2": "5247229969", "centroide_x": 346107.69460900855, "centroide_y": 6298729.1294245441, "crs_original": "EPSG:4326", "fecha_normalizacion": "2025-10-10 01:59:25" }, "geometry": { "type": "Point", "coordinates": [ 346107.694609008554835, 6298729.12942454405129 ] } },
{ "type": "Feature", "properties": { "access": null, "addr_city": "Santiago", "addr_country": "CL", "addr_housenumber": null, "addr_postcode": null, "addr_province": null, "addr_state": null, "addr_street": null, "addr_unit": null, "aerialway": null, "aeroway": null, "amenity": null, "attraction": null, "barrier": null, "bicycle": null, "board_type": null, "boundary": null, "brand": null, "building": null, "capacity": null, "craft": null, "crossing": null, "cuisine": null, "denomination": null, "description": null, "ele": null, "emergency": null, "fee": null, "geological": null, "healthcare": null, "healthcare_speciality": null, "highway": null, "historic": null, "information": null, "landuse": null, "leisure": null, "man_made": null, "military": null, "name": "GMO", "name_en": null, "name_es": null, "nat": null, "office": null, "opening_hours": null, "operator": null, "parking": null, "phone": null, "place": null, "power": null, "public_transport": null, "railway": null, "religion": null, "route": null, "shop": "yes", "source_transform": null, "sport": null, "surface": null, "telecom": null, "tourism": null, "tower_type": null, "water": null, "waterway": null, "website": null, "wheelchair": null, "zoo": null, "objectid": 6536679, "osm_id2": "4446234429", "centroide_x": 346587.76283920422, "centroide_y": 6298491.5547168311, "crs_original": "EPSG:4326", "fecha_normalizacion": "2025-10-10 01:59:25" }, "geometry": { "type": "Point", "coordinates": [ 346587.762839204224292, 6298491.554716831073165 ] } },
{ "type": "Feature", "properties": { "access": null, "addr_city": "Santiago", "addr_country": "CL", "addr_housenumber": "1161", "addr_postcode": null, "addr_province": null, "addr_state": null, "addr_street": "Agustinas", "addr_unit": null, "aerialway": null, "aeroway": null, "amenity": "cafe", "attraction": null, "barrier": null, "bicycle": null, "board_type": null, "boundary": null, "brand": "Starbucks", "building": null, "capacity": null, "craft": null, "crossing": null, "cuisine": "coffee_shop", "denomination": null, "description": null, "ele": null, "emergency": null, "fee": null, "geological": null, "healthcare": null, "healthcare_speciality": null, "highway": null, "historic": null, "information": null, "landuse": null, "leisure": null, "man_made": null, "military": null, "name": "Starbucks", "name_en": null, "name_es": null, "nat": null, "office": null, "opening_hours": null, "operator": null, "parking": null, "phone": null, "place": null, "power": null, "public_transport": null, "railway": null, "religion": null, "route": null, "shop": null, "source_transform": null, "sport": null, "surface": null, "telecom": null, "tourism": null, "tower_type": null, "water": null, "waterway": null, "website": null, "wheelchair": null, "zoo": null, "objectid": 6536721, "osm_id2": "626243823", "centroide_x": 346347.53040159756, "centroide_y": 6298611.6061475668, "crs_original": "EPSG:4326", "fecha_normalizacion": "2025-10-10 01:59:25" }, "geometry": { "type": "Point", "coordinates": [ 346347.530401597556192, 6298611.60614756681025 ] } },
{ "type": "Feature", "properties": { "access": null, "addr_city": "Santiago", "addr_country": "CL", "addr_housenumber": "168", "addr_postcode": null, "addr_province": null, "addr_state": null, "addr_street": "Bandera", "addr_unit": null, "aerialway": null, "aeroway": null, "amenity": "clinic", "attraction": null, "barrier": null, "bicycle": null, "board_type": null, "boundary": null, "brand": null, "building": null, "capacity": null, "craft": null, "crossing": null, "cuisine": null, "denomination": null, "description": null, "ele": null, "emergency": null, "fee": null, "geological": null, "healthcare": "clinic", "healthcare_speciality": null, "highway": null, "historic": null, "information": null, "landuse": null, "leisure": null, "man_made": null, "military": null, "name": "IntegraMédica", "name_en": null, "name_es": null, "nat": null, "office": null, "opening_hours": null, "operator": null, "parking": null, "phone": null, "place": null, "power": null, "public_transport": null, "railway": null, "religion": null, "route": null, "shop": null, "source_transform": "Reconocimiento cartográfico 2016 por KG.", "sport": null, "surface": null, "telecom": null, "tourism": null, "tower_type": null, "water": null, "waterway": null, "website": null, "wheelchair": null, "zoo": null, "objectid": 6536734, "osm_id2": "4446260068", "centroide_x": 346426.94407531834, "centroide_y": 6298551.1893505156, "crs_original": "EPSG:4326", "fecha_normalizacion": "2025-10-10 01:59:25" }, "geometry": { "type": "Point", "coordinates": [ 346426.944075318344403, 6298551.189350515604019 ] } },
{ "type": "Feature", "properties": { "access": null, "addr_city": "Santiago", "addr_country": "CL", "addr_housenumber": null, "addr_postcode": null, "addr_province": null, "addr_state": null, "addr_street": "Moneda", "addr_unit": null, "aerialway": null, "aeroway": null, "amenity": "bank", "attraction": null, "barrier": null, "bicycle": null, "board_type": null, "boundary": null, "brand": "Banco Santander", "building": null, "capacity": null, "craft": null, "crossing": null, "cuisine": null, "denomination": null, "description": null, "ele": null, "emergency": null, "fee": null, "geological": null, "healthcare": null, "healthcare_speciality": null, "highway": null, "historic": null, "information": null, "landuse": null, "leisure": null, "man_made": null, "military": null, "name": "Banco Santander", "name_en": null, "name_es": null, "nat": null, "office": null, "opening_hours": null, "operator": null, "parking": null, "phone": null, "place": null, "power": null, "public_transport": null, "railway": null, "religion": null, "route": null, "shop": null, "source_transform": "Reconocimiento cartográfico 2016 por KG.", "sport": null, "surface": null, "telecom": null, "tourism": null, "tower_type": null, "water": null, "waterway": null, "website": null, "wheelchair": null, "zoo": null, "objectid": 6536776, "osm_id2": "4446914632", "centroide_x": 346522.38478637976, "centroide_y": 6298505.578503903, "crs_original": "EPSG:4326", "fecha_normalizacion": "2025-10-10 01:59:25" }, "geometry": { "type": "Point", "coordinates": [ 346522.384786379756406, 6298505.578503903001547 ] } },
{ "type": "Feature", "properties": { "access": null, "addr_city": "Santiago", "addr_country": "CL", "addr_housenumber": "1491", "addr_postcode": null, "addr_province": null, "addr_state": null, "addr_street": "Agustinas", "addr_unit": null, "aerialway": null, "aeroway": null, "amenity": null, "attraction": null, "barrier": null, "bicycle": null, "board_type": null, "boundary": null, "brand": null, "building": null, "capacity": null, "craft": null, "crossing": null, "cuisine": null, "denomination": null, "description": null, "ele": null, "emergency": null, "fee": null, "geological": null, "healthcare": null, "healthcare_speciality": null, "highway": null, "historic": null, "information": null, "landuse": null, "leisure": null, "man_made": null, "military": null, "name": "Direccion Nacional Tecnovigilancia y Radiocomunicaciones", "name_en": null, "name_es": null, "nat": null, "office": "government", "opening_hours": null, "operator": null, "parking": null, "phone": null, "place": null, "power": null, "public_transport": null, "railway": null, "religion": null, "route": null, "shop": null, "source_transform": null, "sport": null, "surface": null, "telecom": null, "tourism": null, "tower_type": null, "water": null, "waterway": null, "website": null, "wheelchair": null, "zoo": null, "objectid": 6537052, "osm_id2": "4638755947", "centroide_x": 345950.6732538917, "centroide_y": 6298611.9526564498, "crs_original": "EPSG:4326", "fecha_normalizacion": "2025-10-10 01:59:25" }, "geometry": { "type": "Point", "coordinates": [ 345950.67325389169855, 6298611.952656449750066 ] } },
{ "type": "Feature", "properties": { "access": null, "addr_city": "Santiago", "addr_country": "CL", "addr_housenumber": "779", "addr_postcode": null, "addr_province": null, "addr_state": null, "addr_street": "Avenida Libertador Bernardo O'Higgins", "addr_unit": null, "aerialway": null, "aeroway": null, "amenity": "pharmacy", "attraction": null, "barrier": null, "bicycle": null, "board_type": null, "boundary": null, "brand": "SalcoBrand", "building": null, "capacity": null, "craft": null, "crossing": null, "cuisine": null, "denomination": null, "description": null, "ele": null, "emergency": null, "fee": null, "geological": null, "healthcare": "pharmacy", "healthcare_speciality": null, "highway": null, "historic": null, "information": null, "landuse": null, "leisure": null, "man_made": null, "military": null, "name": "SalcoBrand", "name_en": null, "name_es": null, "nat": null, "office": null, "opening_hours": null, "operator": null, "parking": null, "phone": "+5626642881", "place": null, "power": null, "public_transport": null, "railway": null, "religion": null, "route": null, "shop": null, "source_transform": null, "sport": null, "surface": null, "telecom": null, "tourism": null, "tower_type": null, "water": null, "waterway": null, "website": null, "wheelchair": null, "zoo": null, "objectid": 6537222, "osm_id2": "867952197", "centroide_x": 346849.58547876927, "centroide_y": 6298410.4601506991, "crs_original": "EPSG:4326", "fecha_normalizacion": "2025-10-10 01:59:25" }, "geometry": { "type": "Point", "coordinates": [ 346849.585478769266047, 6298410.460150699131191 ] } },
{ "type": "Feature", "properties": { "access": null, "addr_city": "Santiago", "addr_country": "CL", "addr_housenumber": "833", "addr_postcode": null, "addr_province": null, "addr_state": null, "addr_street": "Avenida Libertador Bernardo O'Higgins", "addr_unit": null, "aerialway": null, "aeroway": null, "amenity": "pharmacy", "attraction": null, "barrier": null, "bicycle": null, "board_type": null, "boundary": null, "brand": "SalcoBrand", "building": null, "capacity": null, "craft": null, "crossing": null, "cuisine": null, "denomination": null, "description": null, "ele": null, "emergency": null, "fee": null, "geological": null, "healthcare": "pharmacy", "healthcare_speciality": null, "highway": null, "historic": null, "information": null, "landuse": null, "leisure": null, "man_made": null, "military": null, "name": "SalcoBrand", "name_en": null, "name_es": null, "nat": null, "office": null, "opening_hours": null, "operator": null, "parking": null, "phone": "+5624202595", "place": null, "power": null, "public_transport": null, "railway": null, "religion": null, "route": null, "shop": null, "source_transform": null, "sport": null, "surface": null, "telecom": null, "tourism": null, "tower_type": null, "water": null, "waterway": null, "website": null, "wheelchair": null, "zoo": null, "objectid": 6537245, "osm_id2": "867953601", "centroide_x": 346798.4203459007, "centroide_y": 6298385.5473134201, "crs_original": "EPSG:4326", "fecha_normalizacion": "2025-10-10 01:59:25" }, "geometry": { "type": "Point", "coordinates": [ 346798.420345900696702, 6298385.547313420102 ] } },
{ "type": "Feature", "properties": { "access": null, "addr_city": "Santiago", "addr_country": "CL", "addr_housenumber": "929", "addr_postcode": null, "addr_province": null, "addr_state": null, "addr_street": null, "addr_unit": null, "aerialway": null, "aeroway": null, "amenity": "clinic", "attraction": null, "barrier": null, "bicycle": null, "board_type": null, "boundary": null, "brand": null, "building": null, "capacity": null, "craft": null, "crossing": null, "cuisine": null, "denomination": null, "description": null, "ele": null, "emergency": null, "fee": null, "geological": null, "healthcare": "clinic", "healthcare_speciality": null, "highway": null, "historic": null, "information": null, "landuse": null, "leisure": null, "man_made": null, "military": null, "name": "Clínica CELA Santiago Centro", "name_en": null, "name_es": null, "nat": null, "office": null, "opening_hours": "Mo-Fr 09:00-20:00; Sa 09:30-16:00; Su,PH off", "operator": null, "parking": null, "phone": "+56223069251", "place": null, "power": null, "public_transport": null, "railway": null, "religion": null, "route": null, "shop": null, "source_transform": null, "sport": null, "surface": null, "telecom": null, "tourism": null, "tower_type": null, "water": null, "waterway": null, "website": null, "wheelchair": null, "zoo": null, "objectid": 6537273, "osm_id2": "5920962879", "centroide_x": 346675.45154848153, "centroide_y": 6298382.387548998, "crs_original": "EPSG:4326", "fecha_normalizacion": "2025-10-10 01:59:25" }, "geometry": { "type": "Point", "coordinates": [ 346675.451548481534701, 6298382.387548997998238 ] } },
{ "type": "Feature", "properties": { "access": null, "addr_city": "Santiago", "addr_country": "CL", "addr_housenumber": "56", "addr_postcode": null, "addr_province": null, "addr_state": null, "addr_street": "Paseo Estado", "addr_unit": null, "aerialway": null, "aeroway": null, "amenity": "pharmacy", "attraction": null, "barrier": null, "bicycle": null, "board_type": null, "boundary": null, "brand": "Farmacias Ahumada", "building": null, "capacity": null, "craft": null, "crossing": null, "cuisine": null, "denomination": null, "description": null, "ele": null, "emergency": null, "fee": null, "geological": null, "healthcare": "pharmacy", "healthcare_speciality": null, "highway": null, "historic": null, "information": null, "landuse": null, "leisure": null, "man_made": null, "military": null, "name": "Farmacias Ahumada", "name_en": null, "name_es": null, "nat": null, "office": null, "opening_hours": null, "operator": null, "parking": null, "phone": "+5626971531", "place": null, "power": null, "public_transport": null, "railway": null, "religion": null, "route": null, "shop": null, "source_transform": "Reconocimiento cartográfico 2016 por KG", "sport": null, "surface": null, "telecom": null, "tourism": null, "tower_type": null, "water": null, "waterway": null, "website": null, "wheelchair": null, "zoo": null, "objectid": 6537278, "osm_id2": "867952093", "centroide_x": 346690.57541696064, "centroide_y": 6298356.9066611482, "crs_original": "EPSG:4326", "fecha_normalizacion": "2025-10-10 01:59:25" }, "geometry": { "type": "Point", "coordinates": [ 346690.575416960637085, 6298356.906661148183048 ] } },
{ "type": "Feature", "properties": { "access": null, "addr_city": "Santiago", "addr_country": "CL", "addr_housenumber": "834", "addr_postcode": null, "addr_province": null, "addr_state": null, "addr_street": "Avenida Libertador Bernardo O'Higgins", "addr_unit": null, "aerialway": null, "aeroway": null, "amenity": null, "attraction": null, "barrier": null, "bicycle": null, "board_type": null, "boundary": null, "brand": null, "building": null, "capacity": null, "craft": null, "crossing": null, "cuisine": null, "denomination": null, "description": null, "ele": null, "emergency": null, "fee": null, "geological": null, "healthcare": null, "healthcare_speciality": null, "highway": null, "historic": null, "information": null, "landuse": null, "leisure": null, "man_made": null, "military": null, "name": "Museo de Arte Colonial de San Francisco", "name_en": null, "name_es": null, "nat": null, "office": null, "opening_hours": "Mo-Fr 09:30-13:30,15:00-18:00; Sa,Su 10:00-14:00", "operator": null, "parking": null, "phone": "+56 2 26398737", "place": null, "power": null, "public_transport": null, "railway": null, "religion": null, "route": null, "shop": null, "source_transform": "survey", "sport": null, "surface": null, "telecom": null, "tourism": "museum", "tower_type": null, "water": null, "waterway": null, "website": "http://www.museosanfrancisco.com", "wheelchair": null, "zoo": null, "objectid": 6537293, "osm_id2": "1297908112", "centroide_x": 346832.70557938854, "centroide_y": 6298318.5775676984, "crs_original": "EPSG:4326", "fecha_normalizacion": "2025-10-10 01:59:25" }, "geometry": { "type": "Point", "coordinates": [ 346832.705579388537444, 6298318.577567698433995 ] } },
{ "type": "Feature", "properties": { "access": null, "addr_city": "Santiago", "addr_country": "CL", "addr_housenumber": "965", "addr_postcode": null, "addr_province": null, "addr_state": null, "addr_street": "Avenida Libertador Bernardo O'Higgins", "addr_unit": null, "aerialway": null, "aeroway": null, "amenity": "pharmacy", "attraction": null, "barrier": null, "bicycle": null, "board_type": null, "boundary": null, "brand": "SalcoBrand", "building": null, "capacity": null, "craft": null, "crossing": null, "cuisine": null, "denomination": null, "description": null, "ele": null, "emergency": null, "fee": null, "geological": null, "healthcare": "pharmacy", "healthcare_speciality": null, "highway": null, "historic": null, "information": null, "landuse": null, "leisure": null, "man_made": null, "military": null, "name": "SalcoBrand", "name_en": null, "name_es": null, "nat": null, "office": null, "opening_hours": null, "operator": null, "parking": null, "phone": "+5626819474", "place": null, "power": null, "public_transport": null, "railway": null, "religion": null, "route": null, "shop": null, "source_transform": "Reconocimiento cortográfico de campo 2016 por KG", "sport": null, "surface": null, "telecom": null, "tourism": null, "tower_type": null, "water": null, "waterway": null, "website": null, "wheelchair": null, "zoo": null, "objectid": 6537321, "osm_id2": "867952683", "centroide_x": 346638.76469054224, "centroide_y": 6298333.4578133356, "crs_original": "EPSG:4326", "fecha_normalizacion": "2025-10-10 01:59:25" }, "geometry": { "type": "Point", "coordinates": [ 346638.764690542244352, 6298333.457813335582614 ] } },
{ "type": "Feature", "properties": { "access": null, "addr_city": "Santiago", "addr_country": "CL", "addr_housenumber": null, "addr_postcode": null, "addr_province": null, "addr_state": null, "addr_street": null, "addr_unit": null, "aerialway": null, "aeroway": null, "amenity": null, "attraction": null, "barrier": null, "bicycle": null, "board_type": null, "boundary": null, "brand": null, "building": null, "capacity": null, "craft": null, "crossing": null, "cuisine": null, "denomination": null, "description": null, "ele": null, "emergency": null, "fee": null, "geological": null, "healthcare": null, "healthcare_speciality": null, "highway": null, "historic": null, "information": null, "landuse": null, "leisure": null, "man_made": null, "military": null, "name": "CM Pro Chile", "name_en": null, "name_es": null, "nat": null, "office": "company", "opening_hours": null, "operator": null, "parking": null, "phone": null, "place": null, "power": null, "public_transport": null, "railway": null, "religion": null, "route": null, "shop": null, "source_transform": null, "sport": null, "surface": null, "telecom": null, "tourism": null, "tower_type": null, "water": null, "waterway": null, "website": null, "wheelchair": null, "zoo": null, "objectid": 6537736, "osm_id2": "5904037006", "centroide_x": 346309.64519026468, "centroide_y": 6298047.1261559576, "crs_original": "EPSG:4326", "fecha_normalizacion": "2025-10-10 01:59:25" }, "geometry": { "type": "Point", "coordinates": [ 346309.645190264680423, 6298047.126155957579613 ] } },
{ "type": "Feature", "properties": { "access": null, "addr_city": "Santiago", "addr_country": "CL", "addr_housenumber": "79", "addr_postcode": null, "addr_province": null, "addr_state": null, "addr_street": "Paseo Bulnes", "addr_unit": null, "aerialway": null, "aeroway": null, "amenity": "university", "attraction": null, "barrier": null, "bicycle": null, "board_type": null, "boundary": null, "brand": null, "building": null, "capacity": null, "craft": null, "crossing": null, "cuisine": null, "denomination": null, "description": null, "ele": null, "emergency": null, "fee": null, "geological": null, "healthcare": null, "healthcare_speciality": null, "highway": null, "historic": null, "information": null, "landuse": null, "leisure": null, "man_made": null, "military": null, "name": "Centro de Formación Técnica CANON", "name_en": null, "name_es": null, "nat": null, "office": null, "opening_hours": null, "operator": null, "parking": null, "phone": null, "place": null, "power": null, "public_transport": null, "railway": null, "religion": null, "route": null, "shop": null, "source_transform": null, "sport": null, "surface": null, "telecom": null, "tourism": null, "tower_type": null, "water": null, "waterway": null, "website": null, "wheelchair": null, "zoo": null, "objectid": 6537742, "osm_id2": "5904037007", "centroide_x": 346310.81640374474, "centroide_y": 6298030.7849175166, "crs_original": "EPSG:4326", "fecha_normalizacion": "2025-10-10 01:59:25" }, "geometry": { "type": "Point", "coordinates": [ 346310.816403744742274, 6298030.784917516633868 ] } },
{ "type": "Feature", "properties": { "access": null, "addr_city": "Santiago", "addr_country": "CL", "addr_housenumber": "8", "addr_postcode": null, "addr_province": null, "addr_state": null, "addr_street": "San Ignacio", "addr_unit": null, "aerialway": null, "aeroway": null, "amenity": "childcare", "attraction": null, "barrier": null, "bicycle": null, "board_type": null, "boundary": null, "brand": null, "building": null, "capacity": null, "craft": null, "crossing": null, "cuisine": null, "denomination": null, "description": null, "ele": null, "emergency": null, "fee": null, "geological": null, "healthcare": null, "healthcare_speciality": null, "highway": null, "historic": null, "information": null, "landuse": null, "leisure": null, "man_made": null, "military": null, "name": "Vitamina", "name_en": null, "name_es": null, "nat": null, "office": null, "opening_hours": null, "operator": null, "parking": null, "phone": null, "place": null, "power": null, "public_transport": null, "railway": null, "religion": null, "route": null, "shop": null, "source_transform": null, "sport": null, "surface": null, "telecom": null, "tourism": null, "tower_type": null, "water": null, "waterway": null, "website": null, "wheelchair": null, "zoo": null, "objectid": 6537931, "osm_id2": "906429866", "centroide_x": 345978.36038087041, "centroide_y": 6298044.1677833963, "crs_original": "EPSG:4326", "fecha_normalizacion": "2025-10-10 01:59:25" }, "geometry": { "type": "Point", "coordinates": [ 345978.360380870406516, 6298044.167783396318555 ] } },
{ "type": "Feature", "properties": { "access": null, "addr_city": "Santiago", "addr_country": "CL", "addr_housenumber": "30", "addr_postcode": null, "addr_province": null, "addr_state": null, "addr_street": "San Ignacio", "addr_unit": null, "aerialway": null, "aeroway": null, "amenity": null, "attraction": null, "barrier": null, "bicycle": null, "board_type": null, "boundary": null, "brand": null, "building": null, "capacity": null, "craft": null, "crossing": null, "cuisine": null, "denomination": null, "description": null, "ele": null, "emergency": null, "fee": null, "geological": null, "healthcare": null, "healthcare_speciality": null, "highway": null, "historic": null, "information": null, "landuse": null, "leisure": "dance", "man_made": null, "military": null, "name": "Academia Salsantiago", "name_en": null, "name_es": null, "nat": null, "office": null, "opening_hours": null, "operator": null, "parking": null, "phone": null, "place": null, "power": null, "public_transport": null, "railway": null, "religion": null, "route": null, "shop": null, "source_transform": null, "sport": null, "surface": null, "telecom": null, "tourism": null, "tower_type": null, "water": null, "waterway": null, "website": null, "wheelchair": null, "zoo": null, "objectid": 6537937, "osm_id2": "979570629", "centroide_x": 345976.25279578415, "centroide_y": 6298020.0657722214, "crs_original": "EPSG:4326", "fecha_normalizacion": "2025-10-10 01:59:25" }, "geometry": { "type": "Point", "coordinates": [ 345976.252795784152113, 6298020.065772221423686 ] } },
{ "type": "Feature", "properties": { "access": null, "addr_city": "Santiago", "addr_country": "CL", "addr_housenumber": null, "addr_postcode": null, "addr_province": null, "addr_state": null, "addr_street": "Avenida Libertador Bernardo O'Higgins", "addr_unit": null, "aerialway": null, "aeroway": null, "amenity": "restaurant", "attraction": null, "barrier": null, "bicycle": null, "board_type": null, "boundary": null, "brand": null, "building": null, "capacity": null, "craft": null, "crossing": null, "cuisine": null, "denomination": null, "description": null, "ele": null, "emergency": null, "fee": null, "geological": null, "healthcare": null, "healthcare_speciality": null, "highway": null, "historic": null, "information": null, "landuse": null, "leisure": null, "man_made": null, "military": null, "name": "Café Torres", "name_en": null, "name_es": null, "nat": null, "office": null, "opening_hours": null, "operator": null, "parking": null, "phone": null, "place": null, "power": null, "public_transport": null, "railway": null, "religion": null, "route": null, "shop": null, "source_transform": null, "sport": null, "surface": null, "telecom": null, "tourism": null, "tower_type": null, "water": null, "waterway": null, "website": null, "wheelchair": null, "zoo": null, "objectid": 6537961, "osm_id2": "979570317", "centroide_x": 345889.78835320775, "centroide_y": 6298024.7647862025, "crs_original": "EPSG:4326", "fecha_normalizacion": "2025-10-10 01:59:25" }, "geometry": { "type": "Point", "coordinates": [ 345889.788353207753971, 6298024.764786202460527 ] } },
{ "type": "Feature", "properties": { "access": null, "addr_city": "Santiago", "addr_country": "CL", "addr_housenumber": "1602", "addr_postcode": null, "addr_province": null, "addr_state": null, "addr_street": "Avenida Libertador Bernardo O'Higgins", "addr_unit": null, "aerialway": null, "aeroway": null, "amenity": "fast_food", "attraction": null, "barrier": null, "bicycle": null, "board_type": null, "boundary": null, "brand": null, "building": null, "capacity": null, "craft": null, "crossing": null, "cuisine": "sandwich", "denomination": null, "description": null, "ele": null, "emergency": null, "fee": null, "geological": null, "healthcare": null, "healthcare_speciality": null, "highway": null, "historic": null, "information": null, "landuse": null, "leisure": null, "man_made": null, "military": null, "name": "Donde Zacarias", "name_en": null, "name_es": null, "nat": null, "office": null, "opening_hours": null, "operator": null, "parking": null, "phone": null, "place": null, "power": null, "public_transport": null, "railway": null, "religion": null, "route": null, "shop": null, "source_transform": null, "sport": null, "surface": null, "telecom": null, "tourism": null, "tower_type": null, "water": null, "waterway": null, "website": null, "wheelchair": null, "zoo": null, "objectid": 6537966, "osm_id2": "979570125", "centroide_x": 345843.68251898151, "centroide_y": 6298009.9541098019, "crs_original": "EPSG:4326", "fecha_normalizacion": "2025-10-10 01:59:25" }, "geometry": { "type": "Point", "coordinates": [ 345843.682518981513567, 6298009.954109801910818 ] } },
{ "type": "Feature", "properties": { "access": null, "addr_city": "Santiago", "addr_country": "CL", "addr_housenumber": "1565", "addr_postcode": null, "addr_province": null, "addr_state": null, "addr_street": "Alonso de Ovalle", "addr_unit": null, "aerialway": null, "aeroway": null, "amenity": "restaurant", "attraction": null, "barrier": null, "bicycle": null, "board_type": null, "boundary": null, "brand": null, "building": null, "capacity": null, "craft": null, "crossing": null, "cuisine": null, "denomination": null, "description": null, "ele": null, "emergency": null, "fee": null, "geological": null, "healthcare": null, "healthcare_speciality": null, "highway": null, "historic": null, "information": null, "landuse": null, "leisure": null, "man_made": null, "military": null, "name": "La Bodeguita del 1/2", "name_en": null, "name_es": null, "nat": null, "office": null, "opening_hours": null, "operator": null, "parking": null, "phone": null, "place": null, "power": null, "public_transport": null, "railway": null, "religion": null, "route": null, "shop": null, "source_transform": null, "sport": null, "surface": null, "telecom": null, "tourism": null, "tower_type": null, "water": null, "waterway": null, "website": null, "wheelchair": null, "zoo": null, "objectid": 6542184, "osm_id2": "979589249", "centroide_x": 345919.15404447209, "centroide_y": 6297920.2969739437, "crs_original": "EPSG:4326", "fecha_normalizacion": "2025-10-10 01:59:25" }, "geometry": { "type": "Point", "coordinates": [ 345919.154044472088572, 6297920.296973943710327 ] } },
{ "type": "Feature", "properties": { "access": null, "addr_city": "Santiago", "addr_country": "CL", "addr_housenumber": "11", "addr_postcode": null, "addr_province": null, "addr_state": null, "addr_street": "Dieciocho", "addr_unit": null, "aerialway": null, "aeroway": null, "amenity": null, "attraction": null, "barrier": null, "bicycle": null, "board_type": null, "boundary": null, "brand": null, "building": null, "capacity": null, "craft": null, "crossing": null, "cuisine": null, "denomination": null, "description": null, "ele": null, "emergency": null, "fee": null, "geological": null, "healthcare": null, "healthcare_speciality": null, "highway": null, "historic": null, "information": null, "landuse": null, "leisure": null, "man_made": null, "military": null, "name": "Fotocopia flash", "name_en": null, "name_es": null, "nat": null, "office": null, "opening_hours": null, "operator": null, "parking": null, "phone": null, "place": null, "power": null, "public_transport": null, "railway": null, "religion": null, "route": null, "shop": "copyshop", "source_transform": null, "sport": null, "surface": null, "telecom": null, "tourism": null, "tower_type": null, "water": null, "waterway": null, "website": null, "wheelchair": null, "zoo": null, "objectid": 6542191, "osm_id2": "979570238", "centroide_x": 345844.28409906098, "centroide_y": 6298006.0483790785, "crs_original": "EPSG:4326", "fecha_normalizacion": "2025-10-10 01:59:25" }, "geometry": { "type": "Point", "coordinates": [ 345844.284099060983863, 6298006.048379078507423 ] } },
{ "type": "Feature", "properties": { "access": null, "addr_city": "Santiago", "addr_country": "CL", "addr_housenumber": "17", "addr_postcode": null, "addr_province": null, "addr_state": null, "addr_street": "Dieciocho", "addr_unit": null, "aerialway": null, "aeroway": null, "amenity": null, "attraction": null, "barrier": null, "bicycle": null, "board_type": null, "boundary": null, "brand": null, "building": null, "capacity": null, "craft": null, "crossing": null, "cuisine": null, "denomination": null, "description": null, "ele": null, "emergency": null, "fee": null, "geological": null, "healthcare": null, "healthcare_speciality": null, "highway": null, "historic": null, "information": null, "landuse": null, "leisure": null, "man_made": null, "military": null, "name": "Libro Foto flasch", "name_en": null, "name_es": null, "nat": null, "office": null, "opening_hours": null, "operator": null, "parking": null, "phone": null, "place": null, "power": null, "public_transport": null, "railway": null, "religion": null, "route": null, "shop": "books", "source_transform": null, "sport": null, "surface": null, "telecom": null, "tourism": null, "tower_type": null, "water": null, "waterway": null, "website": null, "wheelchair": null, "zoo": null, "objectid": 6542196, "osm_id2": "979570134", "centroide_x": 345845.31406012992, "centroide_y": 6298000.9405937474, "crs_original": "EPSG:4326", "fecha_normalizacion": "2025-10-10 01:59:25" }, "geometry": { "type": "Point", "coordinates": [ 345845.314060129923746, 6298000.940593747422099 ] } },
{ "type": "Feature", "properties": { "access": null, "addr_city": "Santiago", "addr_country": "CL", "addr_housenumber": "27", "addr_postcode": null, "addr_province": null, "addr_state": null, "addr_street": "Dieciocho", "addr_unit": null, "aerialway": null, "aeroway": null, "amenity": null, "attraction": null, "barrier": null, "bicycle": null, "board_type": null, "boundary": null, "brand": null, "building": null, "capacity": null, "craft": null, "crossing": null, "cuisine": null, "denomination": null, "description": null, "ele": null, "emergency": null, "fee": null, "geological": null, "healthcare": null, "healthcare_speciality": null, "highway": null, "historic": null, "information": null, "landuse": null, "leisure": null, "man_made": null, "military": null, "name": "Grabados", "name_en": null, "name_es": null, "nat": null, "office": null, "opening_hours": null, "operator": null, "parking": null, "phone": null, "place": null, "power": null, "public_transport": null, "railway": null, "religion": null, "route": null, "shop": "copyshop", "source_transform": null, "sport": null, "surface": null, "telecom": null, "tourism": null, "tower_type": null, "water": null, "waterway": null, "website": null, "wheelchair": null, "zoo": null, "objectid": 6542199, "osm_id2": "979570142", "centroide_x": 345846.67732170213, "centroide_y": 6297995.3389768424, "crs_original": "EPSG:4326", "fecha_normalizacion": "2025-10-10 01:59:25" }, "geometry": { "type": "Point", "coordinates": [ 345846.677321702125482, 6297995.338976842351258 ] } },
{ "type": "Feature", "properties": { "access": null, "addr_city": "Santiago", "addr_country": "CL", "addr_housenumber": "33", "addr_postcode": null, "addr_province": null, "addr_state": null, "addr_street": "Dieciocho", "addr_unit": null, "aerialway": null, "aeroway": null, "amenity": "cafe", "attraction": null, "barrier": null, "bicycle": null, "board_type": null, "boundary": null, "brand": null, "building": null, "capacity": null, "craft": null, "crossing": null, "cuisine": null, "denomination": null, "description": null, "ele": null, "emergency": null, "fee": null, "geological": null, "healthcare": null, "healthcare_speciality": null, "highway": null, "historic": null, "information": null, "landuse": null, "leisure": null, "man_made": null, "military": null, "name": "Cafe Zhaira", "name_en": null, "name_es": null, "nat": null, "office": null, "opening_hours": null, "operator": null, "parking": null, "phone": null, "place": null, "power": null, "public_transport": null, "railway": null, "religion": null, "route": null, "shop": null, "source_transform": null, "sport": null, "surface": null, "telecom": null, "tourism": null, "tower_type": null, "water": null, "waterway": null, "website": null, "wheelchair": null, "zoo": null, "objectid": 6542200, "osm_id2": "979570146", "centroide_x": 345847.81186071178, "centroide_y": 6297990.6653431393, "crs_original": "EPSG:4326", "fecha_normalizacion": "2025-10-10 01:59:25" }, "geometry": { "type": "Point", "coordinates": [ 345847.811860711779445, 6297990.665343139320612 ] } },
{ "type": "Feature", "properties": { "access": null, "addr_city": "Santiago", "addr_country": "CL", "addr_housenumber": "35", "addr_postcode": null, "addr_province": null, "addr_state": null, "addr_street": "Dieciocho", "addr_unit": null, "aerialway": null, "aeroway": null, "amenity": null, "attraction": null, "barrier": null, "bicycle": null, "board_type": null, "boundary": null, "brand": null, "building": null, "capacity": null, "craft": null, "crossing": null, "cuisine": null, "denomination": null, "description": null, "ele": null, "emergency": null, "fee": null, "geological": null, "healthcare": null, "healthcare_speciality": null, "highway": null, "historic": null, "information": null, "landuse": null, "leisure": null, "man_made": null, "military": null, "name": "Almacén Casycas", "name_en": null, "name_es": null, "nat": null, "office": null, "opening_hours": null, "operator": null, "parking": null, "phone": null, "place": null, "power": null, "public_transport": null, "railway": null, "religion": null, "route": null, "shop": "convenience", "source_transform": null, "sport": null, "surface": null, "telecom": null, "tourism": null, "tower_type": null, "water": null, "waterway": null, "website": null, "wheelchair": null, "zoo": null, "objectid": 6542201, "osm_id2": "979570216", "centroide_x": 345848.98629494873, "centroide_y": 6297985.8260749113, "crs_original": "EPSG:4326", "fecha_normalizacion": "2025-10-10 01:59:25" }, "geometry": { "type": "Point", "coordinates": [ 345848.986294948728755, 6297985.826074911281466 ] } },
{ "type": "Feature", "properties": { "access": null, "addr_city": "Santiago", "addr_country": "CL", "addr_housenumber": "37", "addr_postcode": null, "addr_province": null, "addr_state": null, "addr_street": "Dieciocho", "addr_unit": null, "aerialway": null, "aeroway": null, "amenity": "bar", "attraction": null, "barrier": null, "bicycle": null, "board_type": null, "boundary": null, "brand": null, "building": null, "capacity": null, "craft": null, "crossing": null, "cuisine": null, "denomination": null, "description": null, "ele": null, "emergency": null, "fee": null, "geological": null, "healthcare": null, "healthcare_speciality": null, "highway": null, "historic": null, "information": null, "landuse": null, "leisure": null, "man_made": null, "military": null, "name": "Taberna Rock", "name_en": null, "name_es": null, "nat": null, "office": null, "opening_hours": null, "operator": null, "parking": null, "phone": null, "place": null, "power": null, "public_transport": null, "railway": null, "religion": null, "route": null, "shop": null, "source_transform": null, "sport": null, "surface": null, "telecom": null, "tourism": null, "tower_type": null, "water": null, "waterway": null, "website": null, "wheelchair": null, "zoo": null, "objectid": 6542206, "osm_id2": "979570165", "centroide_x": 345850.17070684268, "centroide_y": 6297980.9424901353, "crs_original": "EPSG:4326", "fecha_normalizacion": "2025-10-10 01:59:25" }, "geometry": { "type": "Point", "coordinates": [ 345850.170706842676736, 6297980.942490135319531 ] } },
{ "type": "Feature", "properties": { "access": null, "addr_city": "Santiago", "addr_country": "CL", "addr_housenumber": "87", "addr_postcode": null, "addr_province": null, "addr_state": null, "addr_street": "Dieciocho", "addr_unit": null, "aerialway": null, "aeroway": null, "amenity": null, "attraction": null, "barrier": null, "bicycle": null, "board_type": null, "boundary": null, "brand": null, "building": null, "capacity": null, "craft": null, "crossing": null, "cuisine": null, "denomination": null, "description": null, "ele": null, "emergency": null, "fee": null, "geological": null, "healthcare": null, "healthcare_speciality": null, "highway": null, "historic": null, "information": null, "landuse": null, "leisure": null, "man_made": null, "military": null, "name": "Central de impresiones y fotocopiado", "name_en": null, "name_es": null, "nat": null, "office": null, "opening_hours": null, "operator": null, "parking": null, "phone": null, "place": null, "power": null, "public_transport": null, "railway": null, "religion": null, "route": null, "shop": "convenience", "source_transform": null, "sport": null, "surface": null, "telecom": null, "tourism": null, "tower_type": null, "water": null, "waterway": null, "website": null, "wheelchair": null, "zoo": null, "objectid": 6542211, "osm_id2": "979570197", "centroide_x": 345864.04621299577, "centroide_y": 6297920.1719864924, "crs_original": "EPSG:4326", "fecha_normalizacion": "2025-10-10 01:59:25" }, "geometry": { "type": "Point", "coordinates": [ 345864.046212995774113, 6297920.171986492350698 ] } },
{ "type": "Feature", "properties": { "access": null, "addr_city": "Santiago", "addr_country": "CL", "addr_housenumber": "91", "addr_postcode": null, "addr_province": null, "addr_state": null, "addr_street": "Dieciocho", "addr_unit": null, "aerialway": null, "aeroway": null, "amenity": null, "attraction": null, "barrier": null, "bicycle": null, "board_type": null, "boundary": null, "brand": null, "building": null, "capacity": null, "craft": null, "crossing": null, "cuisine": null, "denomination": null, "description": null, "ele": null, "emergency": null, "fee": null, "geological": null, "healthcare": null, "healthcare_speciality": null, "highway": null, "historic": null, "information": null, "landuse": null, "leisure": null, "man_made": null, "military": null, "name": "Fotocopias Internet Confeteria", "name_en": null, "name_es": null, "nat": null, "office": null, "opening_hours": null, "operator": null, "parking": null, "phone": null, "place": null, "power": null, "public_transport": null, "railway": null, "religion": null, "route": null, "shop": "convenience", "source_transform": null, "sport": null, "surface": null, "telecom": null, "tourism": null, "tower_type": null, "water": null, "waterway": null, "website": null, "wheelchair": null, "zoo": null, "objectid": 6542213, "osm_id2": "979570202", "centroide_x": 345865.17929608002, "centroide_y": 6297916.1749260724, "crs_original": "EPSG:4326", "fecha_normalizacion": "2025-10-10 01:59:25" }, "geometry": { "type": "Point", "coordinates": [ 345865.17929608002305, 6297916.174926072359085 ] } },
{ "type": "Feature", "properties": { "access": null, "addr_city": "Santiago", "addr_country": "CL", "addr_housenumber": "99", "addr_postcode": null, "addr_province": null, "addr_state": null, "addr_street": "Dieciocho", "addr_unit": null, "aerialway": null, "aeroway": null, "amenity": null, "attraction": null, "barrier": null, "bicycle": null, "board_type": null, "boundary": null, "brand": null, "building": null, "capacity": null, "craft": null, "crossing": null, "cuisine": null, "denomination": null, "description": null, "ele": null, "emergency": null, "fee": null, "geological": null, "healthcare": null, "healthcare_speciality": null, "highway": null, "historic": null, "information": null, "landuse": null, "leisure": null, "man_made": null, "military": null, "name": "Libreria Fotocopiador internet", "name_en": null, "name_es": null, "nat": null, "office": null, "opening_hours": null, "operator": null, "parking": null, "phone": null, "place": null, "power": null, "public_transport": null, "railway": null, "religion": null, "route": null, "shop": "copyshop", "source_transform": null, "sport": null, "surface": null, "telecom": null, "tourism": null, "tower_type": null, "water": null, "waterway": null, "website": null, "wheelchair": null, "zoo": null, "objectid": 6542216, "osm_id2": "979570281", "centroide_x": 345865.73191197874, "centroide_y": 6297908.9299575444, "crs_original": "EPSG:4326", "fecha_normalizacion": "2025-10-10 01:59:25" }, "geometry": { "type": "Point", "coordinates": [ 345865.731911978742573, 6297908.92995754443109 ] } },
{ "type": "Feature", "properties": { "access": null, "addr_city": "Santiago", "addr_country": "CL", "addr_housenumber": "141", "addr_postcode": null, "addr_province": null, "addr_state": null, "addr_street": "San Ignacio", "addr_unit": null, "aerialway": null, "aeroway": null, "amenity": "parking", "attraction": null, "barrier": null, "bicycle": null, "board_type": null, "boundary": null, "brand": null, "building": null, "capacity": null, "craft": null, "crossing": null, "cuisine": null, "denomination": null, "description": null, "ele": null, "emergency": null, "fee": null, "geological": null, "healthcare": null, "healthcare_speciality": null, "highway": null, "historic": null, "information": null, "landuse": null, "leisure": null, "man_made": null, "military": null, "name": null, "name_en": null, "name_es": null, "nat": null, "office": null, "opening_hours": null, "operator": null, "parking": null, "phone": null, "place": null, "power": null, "public_transport": null, "railway": null, "religion": null, "route": null, "shop": null, "source_transform": null, "sport": null, "surface": null, "telecom": null, "tourism": null, "tower_type": null, "water": null, "waterway": null, "website": null, "wheelchair": null, "zoo": null, "objectid": 6542227, "osm_id2": "979570468", "centroide_x": 345981.83181053272, "centroide_y": 6297842.7801109403, "crs_original": "EPSG:4326", "fecha_normalizacion": "2025-10-10 01:59:25" }, "geometry": { "type": "Point", "coordinates": [ 345981.831810532719828, 6297842.780110940337181 ] } },
{ "type": "Feature", "properties": { "access": null, "addr_city": "Santiago", "addr_country": "CL", "addr_housenumber": "135", "addr_postcode": null, "addr_province": null, "addr_state": null, "addr_street": "San Ignacio", "addr_unit": null, "aerialway": null, "aeroway": null, "amenity": "college", "attraction": null, "barrier": null, "bicycle": null, "board_type": null, "boundary": null, "brand": null, "building": null, "capacity": null, "craft": null, "crossing": null, "cuisine": null, "denomination": null, "description": null, "ele": null, "emergency": null, "fee": null, "geological": null, "healthcare": null, "healthcare_speciality": null, "highway": null, "historic": null, "information": null, "landuse": null, "leisure": null, "man_made": null, "military": null, "name": "INACAP", "name_en": null, "name_es": null, "nat": null, "office": null, "opening_hours": null, "operator": null, "parking": null, "phone": null, "place": null, "power": null, "public_transport": null, "railway": null, "religion": null, "route": null, "shop": null, "source_transform": null, "sport": null, "surface": null, "telecom": null, "tourism": null, "tower_type": null, "water": null, "waterway": null, "website": null, "wheelchair": null, "zoo": null, "objectid": 6542230, "osm_id2": "979570474", "centroide_x": 345982.74963686639, "centroide_y": 6297831.8695727503, "crs_original": "EPSG:4326", "fecha_normalizacion": "2025-10-10 01:59:25" }, "geometry": { "type": "Point", "coordinates": [ 345982.749636866385117, 6297831.869572750292718 ] } },
{ "type": "Feature", "properties": { "access": null, "addr_city": "Santiago", "addr_country": "CL", "addr_housenumber": "143", "addr_postcode": null, "addr_province": null, "addr_state": null, "addr_street": "San Ignacio", "addr_unit": null, "aerialway": null, "aeroway": null, "amenity": "restaurant", "attraction": null, "barrier": null, "bicycle": null, "board_type": null, "boundary": null, "brand": null, "building": null, "capacity": null, "craft": null, "crossing": null, "cuisine": null, "denomination": null, "description": null, "ele": null, "emergency": null, "fee": null, "geological": null, "healthcare": null, "healthcare_speciality": null, "highway": null, "historic": null, "information": null, "landuse": null, "leisure": null, "man_made": null, "military": null, "name": "Arramar", "name_en": null, "name_es": null, "nat": null, "office": null, "opening_hours": null, "operator": null, "parking": null, "phone": null, "place": null, "power": null, "public_transport": null, "railway": null, "religion": null, "route": null, "shop": null, "source_transform": null, "sport": null, "surface": null, "telecom": null, "tourism": null, "tower_type": null, "water": null, "waterway": null, "website": null, "wheelchair": null, "zoo": null, "objectid": 6542233, "osm_id2": "979570485", "centroide_x": 345984.90640618565, "centroide_y": 6297821.9771405142, "crs_original": "EPSG:4326", "fecha_normalizacion": "2025-10-10 01:59:25" }, "geometry": { "type": "Point", "coordinates": [ 345984.906406185647938, 6297821.977140514180064 ] } },
{ "type": "Feature", "properties": { "access": null, "addr_city": "Santiago", "addr_country": "CL", "addr_housenumber": "136", "addr_postcode": null, "addr_province": null, "addr_state": null, "addr_street": "Dieciocho", "addr_unit": null, "aerialway": null, "aeroway": null, "amenity": "college", "attraction": null, "barrier": null, "bicycle": null, "board_type": null, "boundary": null, "brand": null, "building": null, "capacity": null, "craft": null, "crossing": null, "cuisine": null, "denomination": null, "description": null, "ele": null, "emergency": null, "fee": null, "geological": null, "healthcare": null, "healthcare_speciality": null, "highway": null, "historic": null, "information": null, "landuse": null, "leisure": null, "man_made": null, "military": null, "name": "PACE UTEM", "name_en": null, "name_es": null, "nat": null, "office": null, "opening_hours": null, "operator": null, "parking": null, "phone": null, "place": null, "power": null, "public_transport": null, "railway": null, "religion": null, "route": null, "shop": null, "source_transform": null, "sport": null, "surface": null, "telecom": null, "tourism": null, "tower_type": null, "water": null, "waterway": null, "website": null, "wheelchair": null, "zoo": null, "objectid": 6542243, "osm_id2": "979570056", "centroide_x": 345916.38946451643, "centroide_y": 6297817.9007521849, "crs_original": "EPSG:4326", "fecha_normalizacion": "2025-10-10 01:59:25" }, "geometry": { "type": "Point", "coordinates": [ 345916.389464516425505, 6297817.900752184912562 ] } },
{ "type": "Feature", "properties": { "access": null, "addr_city": "Santiago", "addr_country": "CL", "addr_housenumber": "146", "addr_postcode": null, "addr_province": null, "addr_state": null, "addr_street": "Dieciocho", "addr_unit": null, "aerialway": null, "aeroway": null, "amenity": "college", "attraction": null, "barrier": null, "bicycle": null, "board_type": null, "boundary": null, "brand": null, "building": null, "capacity": null, "craft": null, "crossing": null, "cuisine": null, "denomination": null, "description": null, "ele": null, "emergency": null, "fee": null, "geological": null, "healthcare": null, "healthcare_speciality": null, "highway": null, "historic": null, "information": null, "landuse": null, "leisure": null, "man_made": null, "military": null, "name": "Universidad Tecnológica Metropolitana (HUB de Innovación)", "name_en": null, "name_es": null, "nat": null, "office": null, "opening_hours": null, "operator": null, "parking": null, "phone": null, "place": null, "power": null, "public_transport": null, "railway": null, "religion": null, "route": null, "shop": null, "source_transform": null, "sport": null, "surface": null, "telecom": null, "tourism": null, "tower_type": null, "water": null, "waterway": null, "website": "https://innova.utem.cl/hub-de-innovacion/", "wheelchair": null, "zoo": null, "objectid": 6542245, "osm_id2": "979570046", "centroide_x": 345920.85379620182, "centroide_y": 6297803.8303471152, "crs_original": "EPSG:4326", "fecha_normalizacion": "2025-10-10 01:59:25" }, "geometry": { "type": "Point", "coordinates": [ 345920.853796201816294, 6297803.830347115173936 ] } },
{ "type": "Feature", "properties": { "access": null, "addr_city": "Santiago", "addr_country": "CL", "addr_housenumber": "105", "addr_postcode": null, "addr_province": null, "addr_state": null, "addr_street": "Dieciocho", "addr_unit": null, "aerialway": null, "aeroway": null, "amenity": "bar", "attraction": null, "barrier": null, "bicycle": null, "board_type": null, "boundary": null, "brand": null, "building": null, "capacity": null, "craft": null, "crossing": null, "cuisine": null, "denomination": null, "description": null, "ele": null, "emergency": null, "fee": null, "geological": null, "healthcare": null, "healthcare_speciality": null, "highway": null, "historic": null, "information": null, "landuse": null, "leisure": null, "man_made": null, "military": null, "name": "El Rincon ciudadano", "name_en": null, "name_es": null, "nat": null, "office": null, "opening_hours": null, "operator": null, "parking": null, "phone": null, "place": null, "power": null, "public_transport": null, "railway": null, "religion": null, "route": null, "shop": null, "source_transform": null, "sport": null, "surface": null, "telecom": null, "tourism": null, "tower_type": null, "water": null, "waterway": null, "website": null, "wheelchair": null, "zoo": null, "objectid": 6542249, "osm_id2": "979570080", "centroide_x": 345870.50171582302, "centroide_y": 6297893.7885305025, "crs_original": "EPSG:4326", "fecha_normalizacion": "2025-10-10 01:59:25" }, "geometry": { "type": "Point", "coordinates": [ 345870.501715823018458, 6297893.788530502468348 ] } },
{ "type": "Feature", "properties": { "access": null, "addr_city": "Santiago", "addr_country": "CL", "addr_housenumber": "219", "addr_postcode": null, "addr_province": null, "addr_state": null, "addr_street": "Ejército Libertador", "addr_unit": null, "aerialway": null, "aeroway": null, "amenity": "clinic", "attraction": null, "barrier": null, "bicycle": null, "board_type": null, "boundary": null, "brand": null, "building": null, "capacity": null, "craft": null, "crossing": null, "cuisine": null, "denomination": null, "description": null, "ele": null, "emergency": null, "fee": null, "geological": null, "healthcare": "clinic", "healthcare_speciality": null, "highway": null, "historic": null, "information": null, "landuse": null, "leisure": null, "man_made": null, "military": null, "name": "Clínica odontologica UDP", "name_en": null, "name_es": null, "nat": null, "office": null, "opening_hours": null, "operator": null, "parking": null, "phone": null, "place": null, "power": null, "public_transport": null, "railway": null, "religion": null, "route": null, "shop": null, "source_transform": null, "sport": null, "surface": null, "telecom": null, "tourism": null, "tower_type": null, "water": null, "waterway": null, "website": "https://clinicaodontologica.udp.cl", "wheelchair": null, "zoo": null, "objectid": 6542473, "osm_id2": "3058138092", "centroide_x": 345606.04749145516, "centroide_y": 6297599.9331368599, "crs_original": "EPSG:4326", "fecha_normalizacion": "2025-10-10 01:59:25" }, "geometry": { "type": "Point", "coordinates": [ 345606.047491455159616, 6297599.9331368599087 ] } },
{ "type": "Feature", "properties": { "access": null, "addr_city": "Santiago", "addr_country": "CL", "addr_housenumber": null, "addr_postcode": null, "addr_province": null, "addr_state": null, "addr_street": null, "addr_unit": null, "aerialway": null, "aeroway": null, "amenity": "bank", "attraction": null, "barrier": null, "bicycle": null, "board_type": null, "boundary": null, "brand": "BBVA", "building": null, "capacity": null, "craft": null, "crossing": null, "cuisine": null, "denomination": null, "description": null, "ele": null, "emergency": null, "fee": null, "geological": null, "healthcare": null, "healthcare_speciality": null, "highway": null, "historic": null, "information": null, "landuse": null, "leisure": null, "man_made": null, "military": null, "name": "BBVA", "name_en": null, "name_es": null, "nat": null, "office": null, "opening_hours": null, "operator": "BBVA", "parking": null, "phone": null, "place": null, "power": null, "public_transport": null, "railway": null, "religion": null, "route": null, "shop": null, "source_transform": null, "sport": null, "surface": null, "telecom": null, "tourism": null, "tower_type": null, "water": null, "waterway": null, "website": null, "wheelchair": null, "zoo": null, "objectid": 6542797, "osm_id2": "596446711", "centroide_x": 346611.23996071692, "centroide_y": 6297283.1508610155, "crs_original": "EPSG:4326", "fecha_normalizacion": "2025-10-10 01:59:25" }, "geometry": { "type": "Point", "coordinates": [ 346611.239960716920905, 6297283.150861015543342 ] } },
{ "type": "Feature", "properties": { "access": null, "addr_city": "Santiago", "addr_country": "CL", "addr_housenumber": null, "addr_postcode": null, "addr_province": null, "addr_state": null, "addr_street": "San Diego", "addr_unit": null, "aerialway": null, "aeroway": null, "amenity": "clinic", "attraction": null, "barrier": null, "bicycle": null, "board_type": null, "boundary": null, "brand": null, "building": null, "capacity": null, "craft": null, "crossing": null, "cuisine": null, "denomination": null, "description": null, "ele": null, "emergency": null, "fee": null, "geological": null, "healthcare": "clinic", "healthcare_speciality": null, "highway": null, "historic": null, "information": null, "landuse": null, "leisure": null, "man_made": null, "military": null, "name": "Laboratorio metropolitana", "name_en": null, "name_es": "Laboratorio metropolitana", "nat": null, "office": null, "opening_hours": null, "operator": null, "parking": null, "phone": null, "place": null, "power": null, "public_transport": null, "railway": null, "religion": null, "route": null, "shop": null, "source_transform": null, "sport": null, "surface": null, "telecom": null, "tourism": null, "tower_type": null, "water": null, "waterway": null, "website": null, "wheelchair": null, "zoo": null, "objectid": 6542861, "osm_id2": "4488812889", "centroide_x": 346643.21504572476, "centroide_y": 6297234.4792608917, "crs_original": "EPSG:4326", "fecha_normalizacion": "2025-10-10 01:59:25" }, "geometry": { "type": "Point", "coordinates": [ 346643.215045724762604, 6297234.479260891675949 ] } },
{ "type": "Feature", "properties": { "access": null, "addr_city": "Santiago", "addr_country": "CL", "addr_housenumber": null, "addr_postcode": null, "addr_province": null, "addr_state": null, "addr_street": "Avenida 10 de Julio", "addr_unit": null, "aerialway": null, "aeroway": null, "amenity": null, "attraction": null, "barrier": null, "bicycle": null, "board_type": null, "boundary": null, "brand": null, "building": null, "capacity": null, "craft": null, "crossing": null, "cuisine": null, "denomination": null, "description": null, "ele": null, "emergency": null, "fee": null, "geological": null, "healthcare": null, "healthcare_speciality": null, "highway": null, "historic": null, "information": null, "landuse": null, "leisure": null, "man_made": null, "military": null, "name": "DK", "name_en": null, "name_es": null, "nat": null, "office": null, "opening_hours": null, "operator": null, "parking": null, "phone": null, "place": null, "power": null, "public_transport": null, "railway": null, "religion": null, "route": null, "shop": "car_parts", "source_transform": "Reconocimiento cartográfico 2016 por KG.", "sport": null, "surface": null, "telecom": null, "tourism": null, "tower_type": null, "water": null, "waterway": null, "website": null, "wheelchair": null, "zoo": null, "objectid": 6542867, "osm_id2": "4464057078", "centroide_x": 346714.2514307797, "centroide_y": 6297176.8003059793, "crs_original": "EPSG:4326", "fecha_normalizacion": "2025-10-10 01:59:25" }, "geometry": { "type": "Point", "coordinates": [ 346714.251430779695511, 6297176.800305979326367 ] } },
{ "type": "Feature", "properties": { "access": null, "addr_city": "Santiago", "addr_country": "CL", "addr_housenumber": "1777", "addr_postcode": null, "addr_province": null, "addr_state": null, "addr_street": "Gorbea", "addr_unit": null, "aerialway": null, "aeroway": null, "amenity": "college", "attraction": null, "barrier": null, "bicycle": null, "board_type": null, "boundary": null, "brand": null, "building": null, "capacity": null, "craft": null, "crossing": null, "cuisine": null, "denomination": null, "description": null, "ele": null, "emergency": null, "fee": null, "geological": null, "healthcare": null, "healthcare_speciality": null, "highway": null, "historic": null, "information": null, "landuse": null, "leisure": null, "man_made": null, "military": null, "name": "Centro de Formación Técnica CEITEC", "name_en": null, "name_es": null, "nat": null, "office": null, "opening_hours": null, "operator": "CEITEC", "parking": null, "phone": null, "place": null, "power": null, "public_transport": null, "railway": null, "religion": null, "route": null, "shop": null, "source_transform": null, "sport": null, "surface": null, "telecom": null, "tourism": null, "tower_type": null, "water": null, "waterway": null, "website": null, "wheelchair": null, "zoo": null, "objectid": 6542981, "osm_id2": "3058010230", "centroide_x": 345704.95288872789, "centroide_y": 6297394.7794923829, "crs_original": "EPSG:4326", "fecha_normalizacion": "2025-10-10 01:59:25" }, "geometry": { "type": "Point", "coordinates": [ 345704.952888727886602, 6297394.779492382891476 ] } },
{ "type": "Feature", "properties": { "access": null, "addr_city": "Santiago", "addr_country": "CL", "addr_housenumber": "389", "addr_postcode": null, "addr_province": null, "addr_state": null, "addr_street": "Ejército Libertador", "addr_unit": "A", "aerialway": null, "aeroway": null, "amenity": null, "attraction": null, "barrier": null, "bicycle": null, "board_type": null, "boundary": null, "brand": null, "building": null, "capacity": null, "craft": null, "crossing": null, "cuisine": null, "denomination": null, "description": null, "ele": null, "emergency": null, "fee": null, "geological": null, "healthcare": null, "healthcare_speciality": null, "highway": null, "historic": null, "information": null, "landuse": null, "leisure": null, "man_made": null, "military": null, "name": "Miga's", "name_en": null, "name_es": null, "nat": null, "office": null, "opening_hours": null, "operator": "Miguel Ángel Astorga Cortés", "parking": null, "phone": null, "place": null, "power": null, "public_transport": null, "railway": null, "religion": null, "route": null, "shop": "convenience", "source_transform": null, "sport": null, "surface": null, "telecom": null, "tourism": null, "tower_type": null, "water": null, "waterway": null, "website": null, "wheelchair": null, "zoo": null, "objectid": 6543047, "osm_id2": "3058015967", "centroide_x": 345654.86511956365, "centroide_y": 6297394.8775702743, "crs_original": "EPSG:4326", "fecha_normalizacion": "2025-10-10 01:59:25" }, "geometry": { "type": "Point", "coordinates": [ 345654.865119563648477, 6297394.877570274285972 ] } },
{ "type": "Feature", "properties": { "access": null, "addr_city": "Santiago", "addr_country": "CL", "addr_housenumber": "2182", "addr_postcode": null, "addr_province": null, "addr_state": null, "addr_street": "Avenida Libertador Bernardo O'Higgins", "addr_unit": null, "aerialway": null, "aeroway": null, "amenity": "college", "attraction": null, "barrier": null, "bicycle": null, "board_type": null, "boundary": null, "brand": null, "building": null, "capacity": null, "craft": null, "crossing": null, "cuisine": null, "denomination": null, "description": null, "ele": null, "emergency": null, "fee": null, "geological": null, "healthcare": null, "healthcare_speciality": null, "highway": null, "historic": null, "information": null, "landuse": null, "leisure": null, "man_made": null, "military": null, "name": "Centro de Formación Técnica ENAC", "name_en": null, "name_es": null, "nat": null, "office": null, "opening_hours": null, "operator": "ENAC", "parking": null, "phone": null, "place": null, "power": null, "public_transport": null, "railway": null, "religion": null, "route": null, "shop": null, "source_transform": null, "sport": null, "surface": null, "telecom": null, "tourism": null, "tower_type": null, "water": null, "waterway": null, "website": null, "wheelchair": null, "zoo": null, "objectid": 6543292, "osm_id2": "5904048861", "centroide_x": 345132.92651382124, "centroide_y": 6297819.2243587598, "crs_original": "EPSG:4326", "fecha_normalizacion": "2025-10-10 01:59:25" }, "geometry": { "type": "Point", "coordinates": [ 345132.926513821235858, 6297819.224358759820461 ] } },
{ "type": "Feature", "properties": { "access": null, "addr_city": "Santiago", "addr_country": "CL", "addr_housenumber": "8", "addr_postcode": null, "addr_province": null, "addr_state": null, "addr_street": "Avenida España", "addr_unit": null, "aerialway": null, "aeroway": null, "amenity": "college", "attraction": null, "barrier": null, "bicycle": null, "board_type": null, "boundary": null, "brand": null, "building": null, "capacity": null, "craft": null, "crossing": null, "cuisine": null, "denomination": null, "description": null, "ele": null, "emergency": null, "fee": null, "geological": null, "healthcare": null, "healthcare_speciality": null, "highway": null, "historic": null, "information": null, "landuse": null, "leisure": null, "man_made": null, "military": null, "name": "DuocUC SeDe Metropolitana", "name_en": null, "name_es": null, "nat": null, "office": null, "opening_hours": null, "operator": null, "parking": null, "phone": null, "place": null, "power": null, "public_transport": null, "railway": null, "religion": null, "route": null, "shop": null, "source_transform": null, "sport": null, "surface": null, "telecom": null, "tourism": null, "tower_type": null, "water": null, "waterway": null, "website": null, "wheelchair": null, "zoo": null, "objectid": 6543489, "osm_id2": "4423955642", "centroide_x": 344773.88387411839, "centroide_y": 6297694.138326413, "crs_original": "EPSG:4326", "fecha_normalizacion": "2025-10-10 01:59:25" }, "geometry": { "type": "Point", "coordinates": [ 344773.883874118386302, 6297694.13832641299814 ] } },
{ "type": "Feature", "properties": { "access": null, "addr_city": "Santiago", "addr_country": "CL", "addr_housenumber": null, "addr_postcode": null, "addr_province": null, "addr_state": null, "addr_street": "Avenida 10 de Julio", "addr_unit": null, "aerialway": null, "aeroway": null, "amenity": "bank", "attraction": null, "barrier": null, "bicycle": null, "board_type": null, "boundary": null, "brand": "BCI", "building": null, "capacity": null, "craft": null, "crossing": null, "cuisine": null, "denomination": null, "description": null, "ele": null, "emergency": null, "fee": null, "geological": null, "healthcare": null, "healthcare_speciality": null, "highway": null, "historic": null, "information": null, "landuse": null, "leisure": null, "man_made": null, "military": null, "name": "BCI", "name_en": null, "name_es": null, "nat": null, "office": null, "opening_hours": null, "operator": null, "parking": null, "phone": null, "place": null, "power": null, "public_transport": null, "railway": null, "religion": null, "route": null, "shop": null, "source_transform": null, "sport": null, "surface": null, "telecom": null, "tourism": null, "tower_type": null, "water": null, "waterway": null, "website": null, "wheelchair": null, "zoo": null, "objectid": 6544508, "osm_id2": "4465518731", "centroide_x": 346606.38492451923, "centroide_y": 6297128.736420691, "crs_original": "EPSG:4326", "fecha_normalizacion": "2025-10-10 01:59:25" }, "geometry": { "type": "Point", "coordinates": [ 346606.384924519225024, 6297128.736420691013336 ] } },
{ "type": "Feature", "properties": { "access": null, "addr_city": "santiago", "addr_country": "CL", "addr_housenumber": "1342", "addr_postcode": null, "addr_province": null, "addr_state": null, "addr_street": "Copiapo", "addr_unit": null, "aerialway": null, "aeroway": null, "amenity": "kindergarten", "attraction": null, "barrier": null, "bicycle": null, "board_type": null, "boundary": null, "brand": null, "building": null, "capacity": null, "craft": null, "crossing": null, "cuisine": null, "denomination": null, "description": null, "ele": null, "emergency": null, "fee": null, "geological": null, "healthcare": null, "healthcare_speciality": null, "highway": null, "historic": null, "information": null, "landuse": null, "leisure": null, "man_made": null, "military": null, "name": "Copiapo", "name_en": null, "name_es": null, "nat": null, "office": null, "opening_hours": null, "operator": null, "parking": null, "phone": null, "place": null, "power": null, "public_transport": null, "railway": null, "religion": null, "route": null, "shop": null, "source_transform": null, "sport": null, "surface": null, "telecom": null, "tourism": null, "tower_type": null, "water": null, "waterway": null, "website": null, "wheelchair": null, "zoo": null, "objectid": 6544799, "osm_id2": "3565420898", "centroide_x": 346325.58280522504, "centroide_y": 6296928.0973708779, "crs_original": "EPSG:4326", "fecha_normalizacion": "2025-10-10 01:59:25" }, "geometry": { "type": "Point", "coordinates": [ 346325.582805225043558, 6296928.097370877861977 ] } },
{ "type": "Feature", "properties": { "access": null, "addr_city": "Santiago", "addr_country": "CL", "addr_housenumber": "1217", "addr_postcode": null, "addr_province": null, "addr_state": null, "addr_street": "San Ignacio", "addr_unit": null, "aerialway": null, "aeroway": null, "amenity": "doctors", "attraction": null, "barrier": null, "bicycle": null, "board_type": null, "boundary": null, "brand": null, "building": null, "capacity": null, "craft": null, "crossing": null, "cuisine": null, "denomination": null, "description": null, "ele": null, "emergency": null, "fee": null, "geological": null, "healthcare": null, "healthcare_speciality": null, "highway": null, "historic": null, "information": null, "landuse": null, "leisure": null, "man_made": null, "military": null, "name": "Doctor Benjamín Cousiño", "name_en": null, "name_es": "Doctor Benjamín Cousiño", "nat": null, "office": null, "opening_hours": null, "operator": null, "parking": null, "phone": null, "place": null, "power": null, "public_transport": null, "railway": null, "religion": null, "route": null, "shop": null, "source_transform": null, "sport": null, "surface": null, "telecom": null, "tourism": null, "tower_type": null, "water": null, "waterway": null, "website": null, "wheelchair": null, "zoo": null, "objectid": 6566434, "osm_id2": "4406278889", "centroide_x": 346152.49233883043, "centroide_y": 6296297.1866676714, "crs_original": "EPSG:4326", "fecha_normalizacion": "2025-10-10 01:59:25" }, "geometry": { "type": "Point", "coordinates": [ 346152.492338830430526, 6296297.186667671427131 ] } },
{ "type": "Feature", "properties": { "access": null, "addr_city": "Santiago", "addr_country": "CL", "addr_housenumber": "1490", "addr_postcode": null, "addr_province": null, "addr_state": null, "addr_street": "Arturo Prat", "addr_unit": null, "aerialway": null, "aeroway": null, "amenity": null, "attraction": null, "barrier": null, "bicycle": null, "board_type": null, "boundary": null, "brand": null, "building": null, "capacity": null, "craft": null, "crossing": null, "cuisine": null, "denomination": null, "description": null, "ele": null, "emergency": null, "fee": null, "geological": null, "healthcare": null, "healthcare_speciality": null, "highway": null, "historic": null, "information": null, "landuse": null, "leisure": null, "man_made": null, "military": null, "name": "CRS Santiago Sur 1", "name_en": null, "name_es": null, "nat": null, "office": "government", "opening_hours": null, "operator": null, "parking": null, "phone": null, "place": null, "power": null, "public_transport": null, "railway": null, "religion": null, "route": null, "shop": null, "source_transform": null, "sport": null, "surface": null, "telecom": null, "tourism": null, "tower_type": null, "water": null, "waterway": null, "website": null, "wheelchair": null, "zoo": null, "objectid": 6566571, "osm_id2": "5178532812", "centroide_x": 346973.64080540661, "centroide_y": 6295913.1309840977, "crs_original": "EPSG:4326", "fecha_normalizacion": "2025-10-10 01:59:25" }, "geometry": { "type": "Point", "coordinates": [ 346973.640805406612344, 6295913.130984097719193 ] } },
{ "type": "Feature", "properties": { "access": null, "addr_city": "Santiago", "addr_country": "CL", "addr_housenumber": "1246", "addr_postcode": null, "addr_province": null, "addr_state": null, "addr_street": "Club Hipico", "addr_unit": null, "aerialway": null, "aeroway": null, "amenity": "school", "attraction": null, "barrier": null, "bicycle": null, "board_type": null, "boundary": null, "brand": null, "building": null, "capacity": null, "craft": null, "crossing": null, "cuisine": null, "denomination": null, "description": null, "ele": null, "emergency": null, "fee": null, "geological": null, "healthcare": null, "healthcare_speciality": null, "highway": null, "historic": null, "information": null, "landuse": null, "leisure": null, "man_made": null, "military": null, "name": "Colegio Mirasol", "name_en": null, "name_es": null, "nat": null, "office": null, "opening_hours": null, "operator": "4", "parking": null, "phone": null, "place": null, "power": null, "public_transport": null, "railway": null, "religion": null, "route": null, "shop": null, "source_transform": "Gobierno Regional Metropolitano de Santiago (http://www.gobiernosantiago.cl/)", "sport": null, "surface": null, "telecom": null, "tourism": null, "tower_type": null, "water": null, "waterway": null, "website": null, "wheelchair": null, "zoo": null, "objectid": 6566703, "osm_id2": "906408544", "centroide_x": 345301.62034188129, "centroide_y": 6296116.5512142945, "crs_original": "EPSG:4326", "fecha_normalizacion": "2025-10-10 01:59:25" }, "geometry": { "type": "Point", "coordinates": [ 345301.620341881294735, 6296116.5512142945081 ] } },
{ "type": "Feature", "properties": { "access": null, "addr_city": "Santiago", "addr_country": "CL", "addr_housenumber": "1606", "addr_postcode": null, "addr_province": null, "addr_state": null, "addr_street": "Avenida Pedro Montt", "addr_unit": null, "aerialway": null, "aeroway": null, "amenity": "courthouse", "attraction": null, "barrier": null, "bicycle": null, "board_type": null, "boundary": null, "brand": null, "building": null, "capacity": null, "craft": null, "crossing": null, "cuisine": null, "denomination": null, "description": null, "ele": null, "emergency": null, "fee": null, "geological": null, "healthcare": null, "healthcare_speciality": null, "highway": null, "historic": null, "information": null, "landuse": null, "leisure": null, "man_made": null, "military": null, "name": "Defensoría Regional Metropolitana Sur", "name_en": null, "name_es": null, "nat": null, "office": null, "opening_hours": null, "operator": null, "parking": null, "phone": null, "place": null, "power": null, "public_transport": null, "railway": null, "religion": null, "route": null, "shop": null, "source_transform": null, "sport": null, "surface": null, "telecom": null, "tourism": null, "tower_type": null, "water": null, "waterway": null, "website": null, "wheelchair": null, "zoo": null, "objectid": 6568399, "osm_id2": "6048864833", "centroide_x": 346001.97927019361, "centroide_y": 6294970.1181283779, "crs_original": "EPSG:4326", "fecha_normalizacion": "2025-10-10 01:59:25" }, "geometry": { "type": "Point", "coordinates": [ 346001.979270193609409, 6294970.118128377944231 ] } },
{ "type": "Feature", "properties": { "access": null, "addr_city": "Santiago", "addr_country": "CL", "addr_housenumber": "1606", "addr_postcode": null, "addr_province": null, "addr_state": null, "addr_street": "Avenida Pedro Montt", "addr_unit": null, "aerialway": null, "aeroway": null, "amenity": "courthouse", "attraction": null, "barrier": null, "bicycle": null, "board_type": null, "boundary": null, "brand": null, "building": null, "capacity": null, "craft": null, "crossing": null, "cuisine": null, "denomination": null, "description": null, "ele": null, "emergency": null, "fee": null, "geological": null, "healthcare": null, "healthcare_speciality": null, "highway": null, "historic": null, "information": null, "landuse": null, "leisure": null, "man_made": null, "military": null, "name": "1 al 7 TOP Santiago", "name_en": null, "name_es": null, "nat": null, "office": null, "opening_hours": null, "operator": null, "parking": null, "phone": null, "place": null, "power": null, "public_transport": null, "railway": null, "religion": null, "route": null, "shop": null, "source_transform": null, "sport": null, "surface": null, "telecom": null, "tourism": null, "tower_type": null, "water": null, "waterway": null, "website": null, "wheelchair": null, "zoo": null, "objectid": 6568403, "osm_id2": "3693681486", "centroide_x": 346122.73715586727, "centroide_y": 6294955.9174778238, "crs_original": "EPSG:4326", "fecha_normalizacion": "2025-10-10 01:59:25" }, "geometry": { "type": "Point", "coordinates": [ 346122.737155867274851, 6294955.917477823793888 ] } },
{ "type": "Feature", "properties": { "access": null, "addr_city": "Santiago", "addr_country": "CL", "addr_housenumber": "1606", "addr_postcode": null, "addr_province": null, "addr_state": null, "addr_street": "Avenida Pedro Montt", "addr_unit": null, "aerialway": null, "aeroway": null, "amenity": "courthouse", "attraction": null, "barrier": null, "bicycle": null, "board_type": null, "boundary": null, "brand": null, "building": null, "capacity": null, "craft": null, "crossing": null, "cuisine": null, "denomination": null, "description": null, "ele": null, "emergency": null, "fee": null, "geological": null, "healthcare": null, "healthcare_speciality": null, "highway": null, "historic": null, "information": null, "landuse": null, "leisure": null, "man_made": null, "military": null, "name": "Defensoría Penal Publica", "name_en": null, "name_es": null, "nat": null, "office": null, "opening_hours": null, "operator": null, "parking": null, "phone": null, "place": null, "power": null, "public_transport": null, "railway": null, "religion": null, "route": null, "shop": null, "source_transform": null, "sport": null, "surface": null, "telecom": null, "tourism": null, "tower_type": null, "water": null, "waterway": null, "website": null, "wheelchair": null, "zoo": null, "objectid": 6568404, "osm_id2": "5401218521", "centroide_x": 346001.65576968645, "centroide_y": 6294986.8944203313, "crs_original": "EPSG:4326", "fecha_normalizacion": "2025-10-10 01:59:25" }, "geometry": { "type": "Point", "coordinates": [ 346001.655769686447456, 6294986.894420331344008 ] } },
{ "type": "Feature", "properties": { "access": null, "addr_city": "Santiago", "addr_country": "CL", "addr_housenumber": "1606", "addr_postcode": null, "addr_province": null, "addr_state": null, "addr_street": "Avenida Pedro Montt", "addr_unit": null, "aerialway": null, "aeroway": null, "amenity": "courthouse", "attraction": null, "barrier": null, "bicycle": null, "board_type": null, "boundary": null, "brand": null, "building": null, "capacity": null, "craft": null, "crossing": null, "cuisine": null, "denomination": null, "description": null, "ele": null, "emergency": null, "fee": null, "geological": null, "healthcare": null, "healthcare_speciality": null, "highway": null, "historic": null, "information": null, "landuse": null, "leisure": null, "man_made": null, "military": null, "name": "Defensoria Local De Lo Prado Zona 2N", "name_en": null, "name_es": null, "nat": null, "office": null, "opening_hours": null, "operator": null, "parking": null, "phone": null, "place": null, "power": null, "public_transport": null, "railway": null, "religion": null, "route": null, "shop": null, "source_transform": null, "sport": null, "surface": null, "telecom": null, "tourism": null, "tower_type": null, "water": null, "waterway": null, "website": null, "wheelchair": null, "zoo": null, "objectid": 6568418, "osm_id2": "6048870209", "centroide_x": 345977.86541323084, "centroide_y": 6294983.0541753452, "crs_original": "EPSG:4326", "fecha_normalizacion": "2025-10-10 01:59:25" }, "geometry": { "type": "Point", "coordinates": [ 345977.865413230843842, 6294983.054175345227122 ] } },
{ "type": "Feature", "properties": { "access": null, "addr_city": "Santiago", "addr_country": "CL", "addr_housenumber": "1606", "addr_postcode": null, "addr_province": null, "addr_state": null, "addr_street": "Avenida Pedro Montt", "addr_unit": null, "aerialway": null, "aeroway": null, "amenity": "courthouse", "attraction": null, "barrier": null, "bicycle": null, "board_type": null, "boundary": null, "brand": null, "building": null, "capacity": null, "craft": null, "crossing": null, "cuisine": null, "denomination": null, "description": null, "ele": null, "emergency": null, "fee": null, "geological": null, "healthcare": null, "healthcare_speciality": null, "highway": null, "historic": null, "information": null, "landuse": null, "leisure": null, "man_made": null, "military": null, "name": "Defensoría Local de Maipu", "name_en": null, "name_es": null, "nat": null, "office": null, "opening_hours": null, "operator": null, "parking": null, "phone": null, "place": null, "power": null, "public_transport": null, "railway": null, "religion": null, "route": null, "shop": null, "source_transform": null, "sport": null, "surface": null, "telecom": null, "tourism": null, "tower_type": null, "water": null, "waterway": null, "website": null, "wheelchair": null, "zoo": null, "objectid": 6568422, "osm_id2": "6048864836", "centroide_x": 346103.57734601287, "centroide_y": 6294832.5073119327, "crs_original": "EPSG:4326", "fecha_normalizacion": "2025-10-10 01:59:25" }, "geometry": { "type": "Point", "coordinates": [ 346103.577346012869384, 6294832.507311932742596 ] } },
{ "type": "Feature", "properties": { "access": null, "addr_city": "Santiago", "addr_country": "CL", "addr_housenumber": "1606", "addr_postcode": null, "addr_province": null, "addr_state": null, "addr_street": "Avenida Pedro Montt", "addr_unit": null, "aerialway": null, "aeroway": null, "amenity": "courthouse", "attraction": null, "barrier": null, "bicycle": null, "board_type": null, "boundary": null, "brand": null, "building": null, "capacity": null, "craft": null, "crossing": null, "cuisine": null, "denomination": null, "description": null, "ele": null, "emergency": null, "fee": null, "geological": null, "healthcare": null, "healthcare_speciality": null, "highway": null, "historic": null, "information": null, "landuse": null, "leisure": null, "man_made": null, "military": null, "name": "Unidad de Responsabilidad Penal Adolescente Sur", "name_en": null, "name_es": null, "nat": null, "office": null, "opening_hours": null, "operator": null, "parking": null, "phone": null, "place": null, "power": null, "public_transport": null, "railway": null, "religion": null, "route": null, "shop": null, "source_transform": null, "sport": null, "surface": null, "telecom": null, "tourism": null, "tower_type": null, "water": null, "waterway": null, "website": null, "wheelchair": null, "zoo": null, "objectid": 6568423, "osm_id2": "6060391081", "centroide_x": 346011.01232059539, "centroide_y": 6294858.4043969698, "crs_original": "EPSG:4326", "fecha_normalizacion": "2025-10-10 01:59:25" }, "geometry": { "type": "Point", "coordinates": [ 346011.012320595385972, 6294858.404396969825029 ] } },
{ "type": "Feature", "properties": { "access": null, "addr_city": "Santiago", "addr_country": "CL", "addr_housenumber": "1606", "addr_postcode": null, "addr_province": null, "addr_state": null, "addr_street": "Avenida Pedro Montt", "addr_unit": null, "aerialway": null, "aeroway": null, "amenity": "courthouse", "attraction": null, "barrier": null, "bicycle": null, "board_type": null, "boundary": null, "brand": null, "building": null, "capacity": null, "craft": null, "crossing": null, "cuisine": null, "denomination": null, "description": null, "ele": null, "emergency": null, "fee": null, "geological": null, "healthcare": null, "healthcare_speciality": null, "highway": null, "historic": null, "information": null, "landuse": null, "leisure": null, "man_made": null, "military": null, "name": "Unidad de Responsabilidad Penal Adolescente Norte", "name_en": null, "name_es": null, "nat": null, "office": null, "opening_hours": null, "operator": null, "parking": null, "phone": null, "place": null, "power": null, "public_transport": null, "railway": null, "religion": null, "route": null, "shop": null, "source_transform": null, "sport": null, "surface": null, "telecom": null, "tourism": null, "tower_type": null, "water": null, "waterway": null, "website": null, "wheelchair": null, "zoo": null, "objectid": 6568424, "osm_id2": "6060391082", "centroide_x": 346017.12331037701, "centroide_y": 6294834.2669648174, "crs_original": "EPSG:4326", "fecha_normalizacion": "2025-10-10 01:59:25" }, "geometry": { "type": "Point", "coordinates": [ 346017.123310377006419, 6294834.266964817419648 ] } },
{ "type": "Feature", "properties": { "access": null, "addr_city": "Santiago", "addr_country": "CL", "addr_housenumber": "1785", "addr_postcode": null, "addr_province": null, "addr_state": null, "addr_street": "Avenida Pedro Montt", "addr_unit": null, "aerialway": null, "aeroway": null, "amenity": "prison", "attraction": null, "barrier": null, "bicycle": null, "board_type": null, "boundary": null, "brand": null, "building": null, "capacity": null, "craft": null, "crossing": null, "cuisine": null, "denomination": null, "description": null, "ele": null, "emergency": null, "fee": null, "geological": null, "healthcare": null, "healthcare_speciality": null, "highway": null, "historic": null, "information": null, "landuse": null, "leisure": null, "man_made": null, "military": null, "name": "Sub Depto SSEE", "name_en": null, "name_es": null, "nat": null, "office": null, "opening_hours": null, "operator": null, "parking": null, "phone": null, "place": null, "power": null, "public_transport": null, "railway": null, "religion": null, "route": null, "shop": null, "source_transform": null, "sport": null, "surface": null, "telecom": null, "tourism": null, "tower_type": null, "water": null, "waterway": null, "website": null, "wheelchair": null, "zoo": null, "objectid": 6568425, "osm_id2": "4652802523", "centroide_x": 345906.75226814329, "centroide_y": 6294923.9545968212, "crs_original": "EPSG:4326", "fecha_normalizacion": "2025-10-10 01:59:25" }, "geometry": { "type": "Point", "coordinates": [ 345906.752268143289257, 6294923.954596821218729 ] } },
{ "type": "Feature", "properties": { "access": null, "addr_city": "Santiago", "addr_country": "CL", "addr_housenumber": "1606", "addr_postcode": null, "addr_province": null, "addr_state": null, "addr_street": "Pedro Montt", "addr_unit": null, "aerialway": null, "aeroway": null, "amenity": "courthouse", "attraction": null, "barrier": null, "bicycle": null, "board_type": null, "boundary": null, "brand": null, "building": null, "capacity": null, "craft": null, "crossing": null, "cuisine": null, "denomination": null, "description": null, "ele": null, "emergency": null, "fee": null, "geological": null, "healthcare": null, "healthcare_speciality": null, "highway": null, "historic": null, "information": null, "landuse": null, "leisure": null, "man_made": null, "military": null, "name": "Defensoría Local de San Miguel", "name_en": null, "name_es": null, "nat": null, "office": null, "opening_hours": null, "operator": null, "parking": null, "phone": null, "place": null, "power": null, "public_transport": null, "railway": null, "religion": null, "route": null, "shop": null, "source_transform": null, "sport": null, "surface": null, "telecom": null, "tourism": null, "tower_type": null, "water": null, "waterway": null, "website": null, "wheelchair": null, "zoo": null, "objectid": 6568443, "osm_id2": "6048864834", "centroide_x": 346143.82260500814, "centroide_y": 6294821.5917533264, "crs_original": "EPSG:4326", "fecha_normalizacion": "2025-10-10 01:59:25" }, "geometry": { "type": "Point", "coordinates": [ 346143.822605008143, 6294821.591753326356411 ] } },
{ "type": "Feature", "properties": { "access": null, "addr_city": "Santiago", "addr_country": "CL", "addr_housenumber": "1606", "addr_postcode": null, "addr_province": null, "addr_state": null, "addr_street": "Avenida Pedro Montt", "addr_unit": null, "aerialway": null, "aeroway": null, "amenity": "courthouse", "attraction": null, "barrier": null, "bicycle": null, "board_type": null, "boundary": null, "brand": null, "building": null, "capacity": null, "craft": null, "crossing": null, "cuisine": null, "denomination": null, "description": null, "ele": null, "emergency": null, "fee": null, "geological": null, "healthcare": null, "healthcare_speciality": null, "highway": null, "historic": null, "information": null, "landuse": null, "leisure": null, "man_made": null, "military": null, "name": "Defensoría Local de La Florida", "name_en": null, "name_es": null, "nat": null, "office": null, "opening_hours": null, "operator": null, "parking": null, "phone": null, "place": null, "power": null, "public_transport": null, "railway": null, "religion": null, "route": null, "shop": null, "source_transform": null, "sport": null, "surface": null, "telecom": null, "tourism": null, "tower_type": null, "water": null, "waterway": null, "website": null, "wheelchair": null, "zoo": null, "objectid": 6568444, "osm_id2": "6048864835", "centroide_x": 346068.82253644266, "centroide_y": 6294820.2957685422, "crs_original": "EPSG:4326", "fecha_normalizacion": "2025-10-10 01:59:25" }, "geometry": { "type": "Point", "coordinates": [ 346068.822536442661658, 6294820.295768542215228 ] } },
{ "type": "Feature", "properties": { "access": null, "addr_city": "Santiago", "addr_country": "CL", "addr_housenumber": "20", "addr_postcode": null, "addr_province": null, "addr_state": null, "addr_street": "Avenida Libertador Bernardo O'Higgins", "addr_unit": null, "aerialway": null, "aeroway": null, "amenity": "pharmacy", "attraction": null, "barrier": null, "bicycle": null, "board_type": null, "boundary": null, "brand": "SalcoBrand", "building": null, "capacity": null, "craft": null, "crossing": null, "cuisine": null, "denomination": null, "description": null, "ele": null, "emergency": null, "fee": null, "geological": null, "healthcare": "pharmacy", "healthcare_speciality": null, "highway": null, "historic": null, "information": null, "landuse": null, "leisure": null, "man_made": null, "military": null, "name": "SalcoBrand", "name_en": null, "name_es": null, "nat": null, "office": null, "opening_hours": null, "operator": null, "parking": null, "phone": "+56226331817", "place": null, "power": null, "public_transport": null, "railway": null, "religion": null, "route": null, "shop": null, "source_transform": null, "sport": null, "surface": null, "telecom": null, "tourism": null, "tower_type": null, "water": null, "waterway": null, "website": null, "wheelchair": null, "zoo": null, "objectid": 6386083, "osm_id2": "867951613", "centroide_x": 347956.84859941207, "centroide_y": 6299010.1110735275, "crs_original": "EPSG:4326", "fecha_normalizacion": "2025-10-10 01:59:25" }, "geometry": { "type": "Point", "coordinates": [ 347956.848599412071053, 6299010.111073527485132 ] } },
{ "type": "Feature", "properties": { "access": null, "addr_city": "Santiago", "addr_country": "CL", "addr_housenumber": "506", "addr_postcode": null, "addr_province": null, "addr_state": null, "addr_street": "Ismael Valdés Vergara", "addr_unit": null, "aerialway": null, "aeroway": null, "amenity": null, "attraction": null, "barrier": null, "bicycle": null, "board_type": null, "boundary": null, "brand": null, "building": null, "capacity": null, "craft": null, "crossing": null, "cuisine": null, "denomination": null, "description": null, "ele": null, "emergency": null, "fee": "no", "geological": null, "healthcare": null, "healthcare_speciality": null, "highway": null, "historic": null, "information": null, "landuse": null, "leisure": null, "man_made": null, "military": null, "name": "Museo de Arte Contemporáneo", "name_en": "Museum of Contemporary Art", "name_es": null, "nat": null, "office": null, "opening_hours": null, "operator": null, "parking": null, "phone": null, "place": null, "power": null, "public_transport": null, "railway": null, "religion": null, "route": null, "shop": null, "source_transform": null, "sport": null, "surface": null, "telecom": null, "tourism": "gallery", "tower_type": null, "water": null, "waterway": null, "website": "https://www.mac.uchile.cl/", "wheelchair": "no", "zoo": null, "objectid": 6386221, "osm_id2": "8197637769", "centroide_x": 347129.27283503104, "centroide_y": 6299265.7647377159, "crs_original": "EPSG:4326", "fecha_normalizacion": "2025-10-10 01:59:25" }, "geometry": { "type": "Point", "coordinates": [ 347129.272835031035356, 6299265.764737715944648 ] } },
{ "type": "Feature", "properties": { "access": null, "addr_city": "Santiago", "addr_country": "CL", "addr_housenumber": "557", "addr_postcode": null, "addr_province": null, "addr_state": null, "addr_street": "Miraflores", "addr_unit": null, "aerialway": null, "aeroway": null, "amenity": "school", "attraction": null, "barrier": null, "bicycle": null, "board_type": null, "boundary": null, "brand": null, "building": null, "capacity": null, "craft": null, "crossing": null, "cuisine": null, "denomination": null, "description": null, "ele": null, "emergency": null, "fee": null, "geological": null, "healthcare": null, "healthcare_speciality": null, "highway": null, "historic": null, "information": null, "landuse": null, "leisure": null, "man_made": null, "military": null, "name": "Colegio De Adultos Instituto Andes", "name_en": null, "name_es": null, "nat": null, "office": null, "opening_hours": null, "operator": "4", "parking": null, "phone": null, "place": null, "power": null, "public_transport": null, "railway": null, "religion": null, "route": null, "shop": null, "source_transform": "Gobierno Regional Metropolitano de Santiago (http://www.gobiernosantiago.cl/)", "sport": null, "surface": null, "telecom": null, "tourism": null, "tower_type": null, "water": null, "waterway": null, "website": null, "wheelchair": null, "zoo": null, "objectid": 6386242, "osm_id2": "906435039", "centroide_x": 347010.17764080444, "centroide_y": 6299238.092643003, "crs_original": "EPSG:4326", "fecha_normalizacion": "2025-10-10 01:59:25" }, "geometry": { "type": "Point", "coordinates": [ 347010.177640804438852, 6299238.092643002979457 ] } },
{ "type": "Feature", "properties": { "access": null, "addr_city": "Santiago", "addr_country": "CL", "addr_housenumber": "291", "addr_postcode": null, "addr_province": null, "addr_state": null, "addr_street": "Merced", "addr_unit": null, "aerialway": null, "aeroway": null, "amenity": "cafe", "attraction": null, "barrier": null, "bicycle": null, "board_type": null, "boundary": null, "brand": null, "building": null, "capacity": null, "craft": null, "crossing": null, "cuisine": null, "denomination": null, "description": null, "ele": null, "emergency": null, "fee": null, "geological": null, "healthcare": null, "healthcare_speciality": null, "highway": null, "historic": null, "information": null, "landuse": null, "leisure": null, "man_made": null, "military": null, "name": "Emporio La Rosa", "name_en": null, "name_es": null, "nat": null, "office": null, "opening_hours": null, "operator": null, "parking": null, "phone": null, "place": null, "power": null, "public_transport": null, "railway": null, "religion": null, "route": null, "shop": null, "source_transform": null, "sport": null, "surface": null, "telecom": null, "tourism": null, "tower_type": null, "water": null, "waterway": null, "website": null, "wheelchair": null, "zoo": null, "objectid": 6386379, "osm_id2": "434285929", "centroide_x": 347484.51942097605, "centroide_y": 6299067.5187944304, "crs_original": "EPSG:4326", "fecha_normalizacion": "2025-10-10 01:59:25" }, "geometry": { "type": "Point", "coordinates": [ 347484.519420976052061, 6299067.518794430419803 ] } },
{ "type": "Feature", "properties": { "access": null, "addr_city": "Santiago", "addr_country": "CL", "addr_housenumber": "337", "addr_postcode": null, "addr_province": null, "addr_state": null, "addr_street": "Merced", "addr_unit": null, "aerialway": null, "aeroway": null, "amenity": "cafe", "attraction": null, "barrier": null, "bicycle": null, "board_type": null, "boundary": null, "brand": null, "building": null, "capacity": null, "craft": null, "crossing": null, "cuisine": null, "denomination": null, "description": null, "ele": null, "emergency": null, "fee": null, "geological": null, "healthcare": null, "healthcare_speciality": null, "highway": null, "historic": null, "information": null, "landuse": null, "leisure": null, "man_made": null, "military": null, "name": "Abarzúa", "name_en": null, "name_es": null, "nat": null, "office": null, "opening_hours": null, "operator": null, "parking": null, "phone": null, "place": null, "power": null, "public_transport": null, "railway": null, "religion": null, "route": null, "shop": null, "source_transform": null, "sport": null, "surface": null, "telecom": null, "tourism": null, "tower_type": null, "water": null, "waterway": null, "website": null, "wheelchair": null, "zoo": null, "objectid": 6386397, "osm_id2": "429509989", "centroide_x": 347404.48972049321, "centroide_y": 6299044.6604502071, "crs_original": "EPSG:4326", "fecha_normalizacion": "2025-10-10 01:59:25" }, "geometry": { "type": "Point", "coordinates": [ 347404.489720493205823, 6299044.660450207069516 ] } },
{ "type": "Feature", "properties": { "access": null, "addr_city": "Santiago", "addr_country": "CL", "addr_housenumber": "307", "addr_postcode": null, "addr_province": null, "addr_state": null, "addr_street": "José Victorino Lastarria", "addr_unit": null, "aerialway": null, "aeroway": null, "amenity": null, "attraction": null, "barrier": null, "bicycle": null, "board_type": null, "boundary": null, "brand": null, "building": null, "capacity": null, "craft": null, "crossing": null, "cuisine": null, "denomination": null, "description": null, "ele": null, "emergency": null, "fee": null, "geological": null, "healthcare": null, "healthcare_speciality": null, "highway": null, "historic": null, "information": null, "landuse": null, "leisure": null, "man_made": null, "military": null, "name": "Museo de Artes Visuales", "name_en": null, "name_es": null, "nat": null, "office": null, "opening_hours": null, "operator": "Fundación Cultural Plaza Mulato", "parking": null, "phone": null, "place": null, "power": null, "public_transport": null, "railway": null, "religion": null, "route": null, "shop": null, "source_transform": null, "sport": null, "surface": null, "telecom": null, "tourism": "gallery", "tower_type": null, "water": null, "waterway": null, "website": "https://www.mavi.cl/", "wheelchair": "yes", "zoo": null, "objectid": 6386405, "osm_id2": "1773356036", "centroide_x": 347492.88588351285, "centroide_y": 6298992.8618322136, "crs_original": "EPSG:4326", "fecha_normalizacion": "2025-10-10 01:59:25" }, "geometry": { "type": "Point", "coordinates": [ 347492.885883512848523, 6298992.861832213588059 ] } },
{ "type": "Feature", "properties": { "access": null, "addr_city": "Santiago", "addr_country": "CL", "addr_housenumber": "395", "addr_postcode": null, "addr_province": null, "addr_state": null, "addr_street": "José Victorino Lastarria", "addr_unit": null, "aerialway": null, "aeroway": null, "amenity": "restaurant", "attraction": null, "barrier": null, "bicycle": null, "board_type": null, "boundary": null, "brand": null, "building": null, "capacity": null, "craft": null, "crossing": null, "cuisine": null, "denomination": null, "description": null, "ele": null, "emergency": null, "fee": null, "geological": null, "healthcare": null, "healthcare_speciality": null, "highway": null, "historic": null, "information": null, "landuse": null, "leisure": null, "man_made": null, "military": null, "name": "LeFournil", "name_en": null, "name_es": null, "nat": null, "office": null, "opening_hours": null, "operator": null, "parking": null, "phone": null, "place": null, "power": null, "public_transport": null, "railway": null, "religion": null, "route": null, "shop": null, "source_transform": null, "sport": null, "surface": null, "telecom": null, "tourism": null, "tower_type": null, "water": null, "waterway": null, "website": null, "wheelchair": null, "zoo": null, "objectid": 6386484, "osm_id2": "1494489181", "centroide_x": 347459.93640849582, "centroide_y": 6298937.6835512631, "crs_original": "EPSG:4326", "fecha_normalizacion": "2025-10-10 01:59:25" }, "geometry": { "type": "Point", "coordinates": [ 347459.936408495821524, 6298937.683551263064146 ] } },
{ "type": "Feature", "properties": { "access": null, "addr_city": "Santiago", "addr_country": "CL", "addr_housenumber": "346", "addr_postcode": null, "addr_province": null, "addr_state": null, "addr_street": "Rosal", "addr_unit": null, "aerialway": null, "aeroway": null, "amenity": "pub", "attraction": null, "barrier": null, "bicycle": null, "board_type": null, "boundary": null, "brand": null, "building": null, "capacity": null, "craft": null, "crossing": null, "cuisine": null, "denomination": null, "description": null, "ele": null, "emergency": null, "fee": null, "geological": null, "healthcare": null, "healthcare_speciality": null, "highway": null, "historic": null, "information": null, "landuse": null, "leisure": null, "man_made": null, "military": null, "name": "Café Escondido", "name_en": null, "name_es": null, "nat": null, "office": null, "opening_hours": null, "operator": null, "parking": null, "phone": null, "place": null, "power": null, "public_transport": null, "railway": null, "religion": null, "route": null, "shop": null, "source_transform": null, "sport": null, "surface": null, "telecom": null, "tourism": null, "tower_type": null, "water": null, "waterway": null, "website": null, "wheelchair": null, "zoo": null, "objectid": 6386528, "osm_id2": "429509979", "centroide_x": 347402.53367363458, "centroide_y": 6298892.3563225828, "crs_original": "EPSG:4326", "fecha_normalizacion": "2025-10-10 01:59:25" }, "geometry": { "type": "Point", "coordinates": [ 347402.533673634578008, 6298892.356322582811117 ] } },
{ "type": "Feature", "properties": { "access": null, "addr_city": "Santiago", "addr_country": "CL", "addr_housenumber": "345", "addr_postcode": null, "addr_province": null, "addr_state": null, "addr_street": "Merced", "addr_unit": null, "aerialway": null, "aeroway": null, "amenity": "cafe", "attraction": null, "barrier": null, "bicycle": null, "board_type": null, "boundary": null, "brand": null, "building": null, "capacity": null, "craft": null, "crossing": null, "cuisine": "coffee_shop", "denomination": null, "description": null, "ele": null, "emergency": null, "fee": null, "geological": null, "healthcare": null, "healthcare_speciality": null, "highway": null, "historic": null, "information": null, "landuse": null, "leisure": null, "man_made": null, "military": null, "name": "Bombón Oriental", "name_en": null, "name_es": null, "nat": null, "office": null, "opening_hours": null, "operator": null, "parking": null, "phone": null, "place": null, "power": null, "public_transport": null, "railway": null, "religion": null, "route": null, "shop": null, "source_transform": null, "sport": null, "surface": null, "telecom": null, "tourism": null, "tower_type": null, "water": null, "waterway": null, "website": null, "wheelchair": null, "zoo": null, "objectid": 6386545, "osm_id2": "669579848", "centroide_x": 347339.32487737713, "centroide_y": 6299025.6299011391, "crs_original": "EPSG:4326", "fecha_normalizacion": "2025-10-10 01:59:25" }, "geometry": { "type": "Point", "coordinates": [ 347339.324877377133816, 6299025.629901139065623 ] } },
{ "type": "Feature", "properties": { "access": null, "addr_city": "Santiago", "addr_country": "CL", "addr_housenumber": "65", "addr_postcode": null, "addr_province": null, "addr_state": null, "addr_street": "Victoria Subercaseaux", "addr_unit": null, "aerialway": null, "aeroway": null, "amenity": null, "attraction": null, "barrier": null, "bicycle": null, "board_type": null, "boundary": null, "brand": null, "building": null, "capacity": null, "craft": null, "crossing": null, "cuisine": null, "denomination": null, "description": null, "ele": null, "emergency": null, "fee": null, "geological": null, "healthcare": null, "healthcare_speciality": null, "highway": null, "historic": null, "information": null, "landuse": null, "leisure": null, "man_made": null, "military": null, "name": "Hotel Windsor", "name_en": null, "name_es": null, "nat": null, "office": null, "opening_hours": null, "operator": null, "parking": null, "phone": "+5624693100", "place": null, "power": null, "public_transport": null, "railway": null, "religion": null, "route": null, "shop": null, "source_transform": null, "sport": null, "surface": null, "telecom": null, "tourism": "hotel", "tower_type": null, "water": null, "waterway": null, "website": "http://www.hotelwindsor.cl", "wheelchair": null, "zoo": null, "objectid": 6388559, "osm_id2": "1130734017", "centroide_x": 347369.68904527335, "centroide_y": 6298696.9734213818, "crs_original": "EPSG:4326", "fecha_normalizacion": "2025-10-10 01:59:25" }, "geometry": { "type": "Point", "coordinates": [ 347369.68904527334962, 6298696.973421381786466 ] } },
{ "type": "Feature", "properties": { "access": null, "addr_city": "Santiago", "addr_country": "CL", "addr_housenumber": "640", "addr_postcode": null, "addr_province": null, "addr_state": null, "addr_street": "Agustinas", "addr_unit": null, "aerialway": null, "aeroway": null, "amenity": "cafe", "attraction": null, "barrier": null, "bicycle": null, "board_type": null, "boundary": null, "brand": "Starbucks", "building": null, "capacity": null, "craft": null, "crossing": null, "cuisine": "coffee_shop", "denomination": null, "description": null, "ele": null, "emergency": null, "fee": null, "geological": null, "healthcare": null, "healthcare_speciality": null, "highway": null, "historic": null, "information": null, "landuse": null, "leisure": null, "man_made": null, "military": null, "name": "Starbucks", "name_en": null, "name_es": null, "nat": null, "office": null, "opening_hours": null, "operator": null, "parking": null, "phone": "+56 2 2437117", "place": null, "power": null, "public_transport": null, "railway": null, "religion": null, "route": null, "shop": null, "source_transform": null, "sport": null, "surface": null, "telecom": null, "tourism": null, "tower_type": null, "water": null, "waterway": null, "website": null, "wheelchair": null, "zoo": null, "objectid": 6388687, "osm_id2": "626243934", "centroide_x": 347015.01033168286, "centroide_y": 6298660.3303353181, "crs_original": "EPSG:4326", "fecha_normalizacion": "2025-10-10 01:59:25" }, "geometry": { "type": "Point", "coordinates": [ 347015.010331682860851, 6298660.330335318110883 ] } },
{ "type": "Feature", "properties": { "access": null, "addr_city": "Santiago", "addr_country": "CL", "addr_housenumber": "659", "addr_postcode": null, "addr_province": null, "addr_state": null, "addr_street": "Marcoleta", "addr_unit": null, "aerialway": null, "aeroway": null, "amenity": null, "attraction": null, "barrier": null, "bicycle": null, "board_type": null, "boundary": null, "brand": null, "building": null, "capacity": null, "craft": null, "crossing": null, "cuisine": null, "denomination": null, "description": null, "ele": null, "emergency": null, "fee": null, "geological": null, "healthcare": null, "healthcare_speciality": null, "highway": null, "historic": null, "information": null, "landuse": null, "leisure": null, "man_made": null, "military": null, "name": "Museo Masónico", "name_en": null, "name_es": null, "nat": null, "office": null, "opening_hours": null, "operator": null, "parking": null, "phone": null, "place": null, "power": null, "public_transport": null, "railway": null, "religion": null, "route": null, "shop": null, "source_transform": null, "sport": null, "surface": null, "telecom": null, "tourism": "museum", "tower_type": null, "water": null, "waterway": null, "website": null, "wheelchair": null, "zoo": null, "objectid": 6389375, "osm_id2": "1278934534", "centroide_x": 347080.92336514534, "centroide_y": 6298308.7897219667, "crs_original": "EPSG:4326", "fecha_normalizacion": "2025-10-10 01:59:25" }, "geometry": { "type": "Point", "coordinates": [ 347080.923365145339631, 6298308.789721966721117 ] } },
{ "type": "Feature", "properties": { "access": null, "addr_city": "Santiago", "addr_country": "CL", "addr_housenumber": "431", "addr_postcode": null, "addr_province": null, "addr_state": null, "addr_street": "Blas Cañas", "addr_unit": null, "aerialway": null, "aeroway": null, "amenity": "prison", "attraction": null, "barrier": null, "bicycle": null, "board_type": null, "boundary": null, "brand": null, "building": null, "capacity": null, "craft": null, "crossing": null, "cuisine": null, "denomination": null, "description": null, "ele": null, "emergency": null, "fee": null, "geological": null, "healthcare": null, "healthcare_speciality": null, "highway": null, "historic": null, "information": null, "landuse": null, "leisure": null, "man_made": null, "military": null, "name": "CRAMR", "name_en": null, "name_es": null, "nat": null, "office": null, "opening_hours": null, "operator": null, "parking": null, "phone": null, "place": null, "power": null, "public_transport": null, "railway": null, "religion": null, "route": null, "shop": null, "source_transform": null, "sport": null, "surface": null, "telecom": null, "tourism": null, "tower_type": null, "water": null, "waterway": null, "website": null, "wheelchair": null, "zoo": null, "objectid": 6389414, "osm_id2": "4453748867", "centroide_x": 347479.94603365968, "centroide_y": 6298222.7065200061, "crs_original": "EPSG:4326", "fecha_normalizacion": "2025-10-10 01:59:25" }, "geometry": { "type": "Point", "coordinates": [ 347479.946033659682143, 6298222.7065200060606 ] } },
{ "type": "Feature", "properties": { "access": null, "addr_city": "Santiago", "addr_country": "CL", "addr_housenumber": "1173", "addr_postcode": null, "addr_province": null, "addr_state": null, "addr_street": "Artemio Gutiérrez", "addr_unit": null, "aerialway": null, "aeroway": null, "amenity": "clinic", "attraction": null, "barrier": null, "bicycle": null, "board_type": null, "boundary": null, "brand": null, "building": null, "capacity": null, "craft": null, "crossing": null, "cuisine": null, "denomination": null, "description": null, "ele": null, "emergency": null, "fee": null, "geological": null, "healthcare": "clinic", "healthcare_speciality": null, "highway": null, "historic": null, "information": null, "landuse": null, "leisure": null, "man_made": null, "military": null, "name": "Policlínico Genchi", "name_en": null, "name_es": null, "nat": null, "office": null, "opening_hours": null, "operator": null, "parking": null, "phone": null, "place": null, "power": null, "public_transport": null, "railway": null, "religion": null, "route": null, "shop": null, "source_transform": null, "sport": null, "surface": null, "telecom": null, "tourism": null, "tower_type": null, "water": null, "waterway": null, "website": null, "wheelchair": null, "zoo": null, "objectid": 6398166, "osm_id2": "4653643475", "centroide_x": 347795.07529795635, "centroide_y": 6296699.9194545746, "crs_original": "EPSG:4326", "fecha_normalizacion": "2025-10-10 01:59:25" }, "geometry": { "type": "Point", "coordinates": [ 347795.075297956354916, 6296699.919454574584961 ] } },
{ "type": "Feature", "properties": { "access": null, "addr_city": "Santiago", "addr_country": "CL", "addr_housenumber": "1188", "addr_postcode": null, "addr_province": null, "addr_state": null, "addr_street": "Carmen", "addr_unit": null, "aerialway": null, "aeroway": null, "amenity": null, "attraction": null, "barrier": null, "bicycle": null, "board_type": null, "boundary": null, "brand": null, "building": null, "capacity": null, "craft": null, "crossing": null, "cuisine": null, "denomination": null, "description": null, "ele": null, "emergency": null, "fee": null, "geological": null, "healthcare": null, "healthcare_speciality": null, "highway": null, "historic": null, "information": null, "landuse": null, "leisure": null, "man_made": null, "military": null, "name": "DIAP", "name_en": null, "name_es": null, "nat": null, "office": "government", "opening_hours": null, "operator": null, "parking": null, "phone": null, "place": null, "power": null, "public_transport": null, "railway": null, "religion": null, "route": null, "shop": null, "source_transform": null, "sport": null, "surface": null, "telecom": null, "tourism": null, "tower_type": null, "water": null, "waterway": null, "website": null, "wheelchair": null, "zoo": null, "objectid": 6398171, "osm_id2": "6106467277", "centroide_x": 347635.58704826143, "centroide_y": 6296663.4976488976, "crs_original": "EPSG:4326", "fecha_normalizacion": "2025-10-10 01:59:25" }, "geometry": { "type": "Point", "coordinates": [ 347635.587048261426389, 6296663.497648897580802 ] } },
{ "type": "Feature", "properties": { "access": null, "addr_city": "Santiago", "addr_country": "CL", "addr_housenumber": "1945", "addr_postcode": null, "addr_province": null, "addr_state": null, "addr_street": "Carmen", "addr_unit": null, "aerialway": null, "aeroway": null, "amenity": "kindergarten", "attraction": null, "barrier": null, "bicycle": null, "board_type": null, "boundary": null, "brand": null, "building": null, "capacity": null, "craft": null, "crossing": null, "cuisine": null, "denomination": null, "description": null, "ele": null, "emergency": null, "fee": null, "geological": null, "healthcare": null, "healthcare_speciality": null, "highway": null, "historic": null, "information": null, "landuse": null, "leisure": null, "man_made": null, "military": null, "name": "Escuela de Párvulos My Little Garden", "name_en": null, "name_es": null, "nat": null, "office": null, "opening_hours": null, "operator": "4", "parking": null, "phone": null, "place": null, "power": null, "public_transport": null, "railway": null, "religion": null, "route": null, "shop": null, "source_transform": "Gobierno Regional Metropolitano de Santiago (http://www.gobiernosantiago.cl/)", "sport": null, "surface": null, "telecom": null, "tourism": null, "tower_type": null, "water": null, "waterway": null, "website": null, "wheelchair": null, "zoo": null, "objectid": 6409720, "osm_id2": "906426539", "centroide_x": 347946.41655793623, "centroide_y": 6295355.0012872554, "crs_original": "EPSG:4326", "fecha_normalizacion": "2025-10-10 01:59:25" }, "geometry": { "type": "Point", "coordinates": [ 347946.416557936230674, 6295355.001287255436182 ] } },
{ "type": "Feature", "properties": { "access": null, "addr_city": "Santiago", "addr_country": "CL", "addr_housenumber": "2042", "addr_postcode": null, "addr_province": null, "addr_state": null, "addr_street": "Eduardo Matte", "addr_unit": null, "aerialway": null, "aeroway": null, "amenity": "school", "attraction": null, "barrier": null, "bicycle": null, "board_type": null, "boundary": null, "brand": null, "building": null, "capacity": null, "craft": null, "crossing": null, "cuisine": null, "denomination": null, "description": null, "ele": null, "emergency": null, "fee": null, "geological": null, "healthcare": null, "healthcare_speciality": null, "highway": null, "historic": null, "information": null, "landuse": null, "leisure": null, "man_made": null, "military": null, "name": "Jardín Infantil Pelusita", "name_en": null, "name_es": null, "nat": null, "office": null, "opening_hours": null, "operator": "3", "parking": null, "phone": null, "place": null, "power": null, "public_transport": null, "railway": null, "religion": null, "route": null, "shop": null, "source_transform": "Gobierno Regional Metropolitano de Santiago (http://www.gobiernosantiago.cl/)", "sport": null, "surface": null, "telecom": null, "tourism": null, "tower_type": null, "water": null, "waterway": null, "website": null, "wheelchair": null, "zoo": null, "objectid": 6410102, "osm_id2": "906426652", "centroide_x": 347748.34996703663, "centroide_y": 6295192.2623115182, "crs_original": "EPSG:4326", "fecha_normalizacion": "2025-10-10 01:59:25" }, "geometry": { "type": "Point", "coordinates": [ 347748.349967036629096, 6295192.262311518192291 ] } },
{ "type": "Feature", "properties": { "access": null, "addr_city": "Santiago", "addr_country": "CL", "addr_housenumber": "1661", "addr_postcode": null, "addr_province": null, "addr_state": null, "addr_street": "Rosales", "addr_unit": null, "aerialway": null, "aeroway": null, "amenity": "university", "attraction": null, "barrier": null, "bicycle": null, "board_type": null, "boundary": null, "brand": null, "building": null, "capacity": null, "craft": null, "crossing": null, "cuisine": null, "denomination": null, "description": null, "ele": null, "emergency": null, "fee": null, "geological": null, "healthcare": null, "healthcare_speciality": null, "highway": null, "historic": null, "information": null, "landuse": null, "leisure": null, "man_made": null, "military": null, "name": "Centro de Formación Técnica Accioma", "name_en": null, "name_es": null, "nat": null, "office": null, "opening_hours": null, "operator": null, "parking": null, "phone": null, "place": null, "power": null, "public_transport": null, "railway": null, "religion": null, "route": null, "shop": null, "source_transform": null, "sport": null, "surface": null, "telecom": null, "tourism": null, "tower_type": null, "water": null, "waterway": null, "website": null, "wheelchair": null, "zoo": null, "objectid": 10393284, "osm_id2": "10985317509", "centroide_x": 345857.34846870886, "centroide_y": 6297562.0545254797, "crs_original": "EPSG:4326", "fecha_normalizacion": "2025-10-10 01:59:25" }, "geometry": { "type": "Point", "coordinates": [ 345857.348468708863948, 6297562.054525479674339 ] } },
{ "type": "Feature", "properties": { "access": null, "addr_city": "Santiago", "addr_country": "CL", "addr_housenumber": "2364", "addr_postcode": null, "addr_province": null, "addr_state": null, "addr_street": "Claudio Gay", "addr_unit": null, "aerialway": null, "aeroway": null, "amenity": "university", "attraction": null, "barrier": null, "bicycle": null, "board_type": null, "boundary": null, "brand": null, "building": null, "capacity": null, "craft": null, "crossing": null, "cuisine": null, "denomination": null, "description": null, "ele": null, "emergency": null, "fee": null, "geological": null, "healthcare": null, "healthcare_speciality": null, "highway": null, "historic": null, "information": null, "landuse": null, "leisure": null, "man_made": null, "military": null, "name": "Centro de Formación Técnica Alpes", "name_en": null, "name_es": null, "nat": null, "office": null, "opening_hours": null, "operator": null, "parking": null, "phone": null, "place": null, "power": null, "public_transport": null, "railway": null, "religion": null, "route": null, "shop": null, "source_transform": null, "sport": null, "surface": null, "telecom": null, "tourism": null, "tower_type": null, "water": null, "waterway": null, "website": null, "wheelchair": null, "zoo": null, "objectid": 10393286, "osm_id2": "10985298155", "centroide_x": 344991.45064790081, "centroide_y": 6296913.0285783373, "crs_original": "EPSG:4326", "fecha_normalizacion": "2025-10-10 01:59:25" }, "geometry": { "type": "Point", "coordinates": [ 344991.450647900812328, 6296913.028578337281942 ] } },
{ "type": "Feature", "properties": { "access": null, "addr_city": "Santiago", "addr_country": "CL", "addr_housenumber": "1083", "addr_postcode": null, "addr_province": null, "addr_state": null, "addr_street": "Santo Domingo", "addr_unit": null, "aerialway": null, "aeroway": null, "amenity": "university", "attraction": null, "barrier": null, "bicycle": null, "board_type": null, "boundary": null, "brand": null, "building": null, "capacity": null, "craft": null, "crossing": null, "cuisine": null, "denomination": null, "description": null, "ele": null, "emergency": null, "fee": null, "geological": null, "healthcare": null, "healthcare_speciality": null, "highway": null, "historic": null, "information": null, "landuse": null, "leisure": null, "man_made": null, "military": null, "name": "Centro de Formación Técnica Paulina Diard", "name_en": null, "name_es": null, "nat": null, "office": null, "opening_hours": null, "operator": null, "parking": null, "phone": null, "place": null, "power": null, "public_transport": null, "railway": null, "religion": null, "route": null, "shop": null, "source_transform": null, "sport": null, "surface": null, "telecom": null, "tourism": null, "tower_type": null, "water": null, "waterway": null, "website": null, "wheelchair": null, "zoo": null, "objectid": 10393343, "osm_id2": "10985333065", "centroide_x": 346395.11213273543, "centroide_y": 6299148.5885040574, "crs_original": "EPSG:4326", "fecha_normalizacion": "2025-10-10 01:59:25" }, "geometry": { "type": "Point", "coordinates": [ 346395.112132735433988, 6299148.588504057377577 ] } },
{ "type": "Feature", "properties": { "access": null, "addr_city": "Santiago", "addr_country": "CL", "addr_housenumber": "190", "addr_postcode": null, "addr_province": null, "addr_state": null, "addr_street": "República", "addr_unit": null, "aerialway": null, "aeroway": null, "amenity": "university", "attraction": null, "barrier": null, "bicycle": null, "board_type": null, "boundary": null, "brand": null, "building": null, "capacity": null, "craft": null, "crossing": null, "cuisine": null, "denomination": null, "description": null, "ele": null, "emergency": null, "fee": null, "geological": null, "healthcare": null, "healthcare_speciality": null, "highway": null, "historic": null, "information": null, "landuse": null, "leisure": null, "man_made": null, "military": null, "name": "Escuela de Comercio de Santiago Campus Republica", "name_en": null, "name_es": null, "nat": null, "office": null, "opening_hours": null, "operator": null, "parking": null, "phone": null, "place": null, "power": null, "public_transport": null, "railway": null, "religion": null, "route": null, "shop": null, "source_transform": null, "sport": null, "surface": null, "telecom": null, "tourism": null, "tower_type": null, "water": null, "waterway": null, "website": null, "wheelchair": null, "zoo": null, "objectid": 10394216, "osm_id2": "10989608708", "centroide_x": 345013.59262146789, "centroide_y": 6297481.0042190552, "crs_original": "EPSG:4326", "fecha_normalizacion": "2025-10-10 01:59:25" }, "geometry": { "type": "Point", "coordinates": [ 345013.592621467891149, 6297481.004219055175781 ] } },
{ "type": "Feature", "properties": { "access": null, "addr_city": "Santiago", "addr_country": "CL", "addr_housenumber": "1902", "addr_postcode": null, "addr_province": null, "addr_state": null, "addr_street": "Sazié", "addr_unit": null, "aerialway": null, "aeroway": null, "amenity": "university", "attraction": null, "barrier": null, "bicycle": null, "board_type": null, "boundary": null, "brand": null, "building": null, "capacity": null, "craft": null, "crossing": null, "cuisine": null, "denomination": null, "description": null, "ele": null, "emergency": null, "fee": null, "geological": null, "healthcare": null, "healthcare_speciality": null, "highway": null, "historic": null, "information": null, "landuse": null, "leisure": null, "man_made": null, "military": null, "name": "Escuela de Comercio de Santiago Campus Sazié", "name_en": null, "name_es": null, "nat": null, "office": null, "opening_hours": null, "operator": null, "parking": null, "phone": null, "place": null, "power": null, "public_transport": null, "railway": null, "religion": null, "route": null, "shop": null, "source_transform": null, "sport": null, "surface": null, "telecom": null, "tourism": null, "tower_type": null, "water": null, "waterway": null, "website": null, "wheelchair": null, "zoo": null, "objectid": 10394217, "osm_id2": "10989602588", "centroide_x": 345481.51270004694, "centroide_y": 6297576.1024329457, "crs_original": "EPSG:4326", "fecha_normalizacion": "2025-10-10 01:59:25" }, "geometry": { "type": "Point", "coordinates": [ 345481.512700046936516, 6297576.102432945743203 ] } },
{ "type": "Feature", "properties": { "access": null, "addr_city": "Santiago", "addr_country": "CL", "addr_housenumber": "1811", "addr_postcode": null, "addr_province": null, "addr_state": null, "addr_street": "Moneda", "addr_unit": null, "aerialway": null, "aeroway": null, "amenity": "university", "attraction": null, "barrier": null, "bicycle": null, "board_type": null, "boundary": null, "brand": null, "building": null, "capacity": null, "craft": null, "crossing": null, "cuisine": null, "denomination": null, "description": null, "ele": null, "emergency": null, "fee": null, "geological": null, "healthcare": null, "healthcare_speciality": null, "highway": null, "historic": null, "information": null, "landuse": null, "leisure": null, "man_made": null, "military": null, "name": "Instituto Chileno Británico de Cultura SeDe Moneda", "name_en": null, "name_es": null, "nat": null, "office": null, "opening_hours": null, "operator": null, "parking": null, "phone": null, "place": null, "power": null, "public_transport": null, "railway": null, "religion": null, "route": null, "shop": null, "source_transform": null, "sport": null, "surface": null, "telecom": null, "tourism": null, "tower_type": null, "water": null, "waterway": null, "website": null, "wheelchair": null, "zoo": null, "objectid": 10394279, "osm_id2": "10989706721", "centroide_x": 345486.9975043356, "centroide_y": 6298387.6435604226, "crs_original": "EPSG:4326", "fecha_normalizacion": "2025-10-10 01:59:25" }, "geometry": { "type": "Point", "coordinates": [ 345486.997504335595295, 6298387.643560422584414 ] } },
{ "type": "Feature", "properties": { "access": null, "addr_city": "Santiago", "addr_country": "CL", "addr_housenumber": "76", "addr_postcode": null, "addr_province": null, "addr_state": null, "addr_street": "San Francisco", "addr_unit": null, "aerialway": null, "aeroway": null, "amenity": "school", "attraction": null, "barrier": null, "bicycle": null, "board_type": null, "boundary": null, "brand": null, "building": null, "capacity": null, "craft": null, "crossing": null, "cuisine": null, "denomination": null, "description": null, "ele": null, "emergency": null, "fee": null, "geological": null, "healthcare": null, "healthcare_speciality": null, "highway": null, "historic": null, "information": null, "landuse": null, "leisure": null, "man_made": null, "military": null, "name": "Centro Vitamina San Francisco", "name_en": null, "name_es": null, "nat": null, "office": null, "opening_hours": null, "operator": null, "parking": null, "phone": null, "place": null, "power": null, "public_transport": null, "railway": null, "religion": null, "route": null, "shop": null, "source_transform": null, "sport": null, "surface": null, "telecom": null, "tourism": null, "tower_type": null, "water": null, "waterway": null, "website": null, "wheelchair": null, "zoo": null, "objectid": 10395044, "osm_id2": "10989944064", "centroide_x": 346913.07695866644, "centroide_y": 6298169.7959455885, "crs_original": "EPSG:4326", "fecha_normalizacion": "2025-10-10 01:59:25" }, "geometry": { "type": "Point", "coordinates": [ 346913.076958666439168, 6298169.795945588499308 ] } },
{ "type": "Feature", "properties": { "access": null, "addr_city": "Santiago", "addr_country": "CL", "addr_housenumber": "46", "addr_postcode": null, "addr_province": null, "addr_state": null, "addr_street": "Londres", "addr_unit": null, "aerialway": null, "aeroway": null, "amenity": "university", "attraction": null, "barrier": null, "bicycle": null, "board_type": null, "boundary": null, "brand": null, "building": null, "capacity": null, "craft": null, "crossing": null, "cuisine": null, "denomination": null, "description": null, "ele": null, "emergency": null, "fee": null, "geological": null, "healthcare": null, "healthcare_speciality": null, "highway": null, "historic": null, "information": null, "landuse": null, "leisure": null, "man_made": null, "military": null, "name": "Instituto Profesional Carlos Casanueva", "name_en": null, "name_es": null, "nat": null, "office": null, "opening_hours": null, "operator": null, "parking": null, "phone": null, "place": null, "power": null, "public_transport": null, "railway": null, "religion": null, "route": null, "shop": null, "source_transform": null, "sport": null, "surface": null, "telecom": null, "tourism": null, "tower_type": null, "water": null, "waterway": null, "website": null, "wheelchair": null, "zoo": null, "objectid": 10395310, "osm_id2": "10989932092", "centroide_x": 346806.49734015274, "centroide_y": 6298229.1978490893, "crs_original": "EPSG:4326", "fecha_normalizacion": "2025-10-10 01:59:25" }, "geometry": { "type": "Point", "coordinates": [ 346806.497340152738616, 6298229.197849089279771 ] } },
{ "type": "Feature", "properties": { "access": null, "addr_city": "Santiago", "addr_country": "CL", "addr_housenumber": "2221", "addr_postcode": null, "addr_province": null, "addr_state": null, "addr_street": "Avenida Libertador Bernardo O'Higgins", "addr_unit": null, "aerialway": null, "aeroway": null, "amenity": "university", "attraction": null, "barrier": null, "bicycle": null, "board_type": null, "boundary": null, "brand": null, "building": null, "capacity": null, "craft": null, "crossing": null, "cuisine": null, "denomination": null, "description": null, "ele": null, "emergency": null, "fee": null, "geological": null, "healthcare": null, "healthcare_speciality": null, "highway": null, "historic": null, "information": null, "landuse": null, "leisure": null, "man_made": null, "military": null, "name": "Instituto Profesional CIISA", "name_en": null, "name_es": null, "nat": null, "office": null, "opening_hours": null, "operator": null, "parking": null, "phone": null, "place": null, "power": null, "public_transport": null, "railway": null, "religion": null, "route": null, "shop": null, "source_transform": null, "sport": null, "surface": null, "telecom": null, "tourism": null, "tower_type": null, "water": null, "waterway": null, "website": null, "wheelchair": null, "zoo": null, "objectid": 10398485, "osm_id2": "10992205449", "centroide_x": 345116.44157779496, "centroide_y": 6297930.5295761116, "crs_original": "EPSG:4326", "fecha_normalizacion": "2025-10-10 01:59:25" }, "geometry": { "type": "Point", "coordinates": [ 345116.441577794961631, 6297930.529576111584902 ] } },
{ "type": "Feature", "properties": { "access": null, "addr_city": "Santiago", "addr_country": "CL", "addr_housenumber": "654", "addr_postcode": null, "addr_province": null, "addr_state": null, "addr_street": null, "addr_unit": null, "aerialway": null, "aeroway": null, "amenity": "clinic", "attraction": null, "barrier": null, "bicycle": null, "board_type": null, "boundary": null, "brand": null, "building": null, "capacity": null, "craft": null, "crossing": null, "cuisine": null, "denomination": null, "description": null, "ele": null, "emergency": null, "fee": null, "geological": null, "healthcare": "clinic", "healthcare_speciality": null, "highway": null, "historic": null, "information": null, "landuse": null, "leisure": null, "man_made": null, "military": null, "name": "IntegraMédica Alameda", "name_en": null, "name_es": null, "nat": null, "office": null, "opening_hours": "Mo-Sa 07:30-20:00", "operator": "Bupa", "parking": null, "phone": null, "place": null, "power": null, "public_transport": null, "railway": null, "religion": null, "route": null, "shop": null, "source_transform": null, "sport": null, "surface": null, "telecom": null, "tourism": null, "tower_type": null, "water": null, "waterway": null, "website": null, "wheelchair": null, "zoo": null, "objectid": 10400341, "osm_id2": "10992814872", "centroide_x": 347052.04082266224, "centroide_y": 6298374.0933464039, "crs_original": "EPSG:4326", "fecha_normalizacion": "2025-10-10 01:59:25" }, "geometry": { "type": "Point", "coordinates": [ 347052.040822662238497, 6298374.09334640391171 ] } },
{ "type": "Feature", "properties": { "access": null, "addr_city": "Santiago", "addr_country": "CL", "addr_housenumber": "1264", "addr_postcode": null, "addr_province": null, "addr_state": null, "addr_street": "Rosas", "addr_unit": null, "aerialway": null, "aeroway": null, "amenity": "prison", "attraction": null, "barrier": null, "bicycle": null, "board_type": null, "boundary": null, "brand": null, "building": null, "capacity": null, "craft": null, "crossing": null, "cuisine": null, "denomination": null, "description": null, "ele": null, "emergency": null, "fee": null, "geological": null, "healthcare": null, "healthcare_speciality": null, "highway": null, "historic": null, "information": null, "landuse": null, "leisure": null, "man_made": null, "military": null, "name": "Dirección Nacional Central Gendarmería", "name_en": null, "name_es": null, "nat": null, "office": null, "opening_hours": null, "operator": null, "parking": null, "phone": null, "place": null, "power": null, "public_transport": null, "railway": null, "religion": null, "route": null, "shop": null, "source_transform": null, "sport": null, "surface": null, "telecom": null, "tourism": null, "tower_type": null, "water": null, "waterway": null, "website": null, "wheelchair": null, "zoo": null, "objectid": 10362299, "osm_id2": "10961969467", "centroide_x": 346152.75311190297, "centroide_y": 6299112.501384262, "crs_original": "EPSG:4326", "fecha_normalizacion": "2025-10-10 01:59:25" }, "geometry": { "type": "Point", "coordinates": [ 346152.753111902973615, 6299112.501384261995554 ] } },
{ "type": "Feature", "properties": { "access": null, "addr_city": "Santiago", "addr_country": "CL", "addr_housenumber": "491", "addr_postcode": null, "addr_province": null, "addr_state": null, "addr_street": "Mosqueto", "addr_unit": null, "aerialway": null, "aeroway": null, "amenity": null, "attraction": null, "barrier": null, "bicycle": null, "board_type": null, "boundary": null, "brand": null, "building": null, "capacity": null, "craft": null, "crossing": null, "cuisine": null, "denomination": null, "description": null, "ele": null, "emergency": null, "fee": null, "geological": null, "healthcare": null, "healthcare_speciality": null, "highway": null, "historic": null, "information": null, "landuse": null, "leisure": null, "man_made": null, "military": null, "name": "ONG FIMA", "name_en": null, "name_es": null, "nat": null, "office": "ngo", "opening_hours": null, "operator": null, "parking": null, "phone": null, "place": null, "power": null, "public_transport": null, "railway": null, "religion": null, "route": null, "shop": null, "source_transform": null, "sport": null, "surface": null, "telecom": null, "tourism": null, "tower_type": null, "water": null, "waterway": null, "website": "https://fima.cl/", "wheelchair": null, "zoo": null, "objectid": 10367905, "osm_id2": "10966398934", "centroide_x": 347151.14680521726, "centroide_y": 6299076.9141537212, "crs_original": "EPSG:4326", "fecha_normalizacion": "2025-10-10 01:59:25" }, "geometry": { "type": "Point", "coordinates": [ 347151.14680521725677, 6299076.914153721183538 ] } },
{ "type": "Feature", "properties": { "access": null, "addr_city": "Santiago", "addr_country": "CL", "addr_housenumber": "569", "addr_postcode": null, "addr_province": null, "addr_state": null, "addr_street": "Porvenir", "addr_unit": null, "aerialway": null, "aeroway": null, "amenity": "school", "attraction": null, "barrier": null, "bicycle": null, "board_type": null, "boundary": null, "brand": null, "building": null, "capacity": null, "craft": null, "crossing": null, "cuisine": null, "denomination": null, "description": null, "ele": null, "emergency": null, "fee": null, "geological": null, "healthcare": null, "healthcare_speciality": null, "highway": null, "historic": null, "information": null, "landuse": null, "leisure": null, "man_made": null, "military": null, "name": "Jardín Infantil Los Ángelitos de Santiago", "name_en": null, "name_es": null, "nat": null, "office": null, "opening_hours": null, "operator": null, "parking": null, "phone": null, "place": null, "power": null, "public_transport": null, "railway": null, "religion": null, "route": null, "shop": null, "source_transform": null, "sport": null, "surface": null, "telecom": null, "tourism": null, "tower_type": null, "water": null, "waterway": null, "website": null, "wheelchair": null, "zoo": null, "objectid": 10965951, "osm_id2": "11331535080", "centroide_x": 347501.37610247254, "centroide_y": 6296895.5956778629, "crs_original": "EPSG:4326", "fecha_normalizacion": "2025-10-10 01:59:25" }, "geometry": { "type": "Point", "coordinates": [ 347501.37610247253906, 6296895.595677862875164 ] } },
{ "type": "Feature", "properties": { "access": null, "addr_city": "Santiago", "addr_country": "CL", "addr_housenumber": "1655", "addr_postcode": null, "addr_province": null, "addr_state": null, "addr_street": "Arturo Prat", "addr_unit": null, "aerialway": null, "aeroway": null, "amenity": "school", "attraction": null, "barrier": null, "bicycle": null, "board_type": null, "boundary": null, "brand": null, "building": null, "capacity": null, "craft": null, "crossing": null, "cuisine": null, "denomination": null, "description": null, "ele": null, "emergency": null, "fee": null, "geological": null, "healthcare": null, "healthcare_speciality": null, "highway": null, "historic": null, "information": null, "landuse": null, "leisure": null, "man_made": null, "military": null, "name": "Colegio Metodista de Santiago", "name_en": null, "name_es": null, "nat": null, "office": null, "opening_hours": null, "operator": null, "parking": null, "phone": null, "place": null, "power": null, "public_transport": null, "railway": null, "religion": null, "route": null, "shop": null, "source_transform": null, "sport": null, "surface": null, "telecom": null, "tourism": null, "tower_type": null, "water": null, "waterway": null, "website": null, "wheelchair": null, "zoo": null, "objectid": 10984053, "osm_id2": "11349287367", "centroide_x": 346950.14954675117, "centroide_y": 6295640.5191668821, "crs_original": "EPSG:4326", "fecha_normalizacion": "2025-10-10 01:59:25" }, "geometry": { "type": "Point", "coordinates": [ 346950.149546751170419, 6295640.519166882149875 ] } },
{ "type": "Feature", "properties": { "access": null, "addr_city": "Santiago", "addr_country": "CL", "addr_housenumber": "471", "addr_postcode": null, "addr_province": null, "addr_state": null, "addr_street": "General Bulnes", "addr_unit": null, "aerialway": null, "aeroway": null, "amenity": "school", "attraction": null, "barrier": null, "bicycle": null, "board_type": null, "boundary": null, "brand": null, "building": null, "capacity": null, "craft": null, "crossing": null, "cuisine": null, "denomination": null, "description": null, "ele": null, "emergency": null, "fee": null, "geological": null, "healthcare": null, "healthcare_speciality": null, "highway": null, "historic": null, "information": null, "landuse": null, "leisure": null, "man_made": null, "military": null, "name": "Jardín Infantil y SaLa Cuna Kimn", "name_en": null, "name_es": null, "nat": null, "office": null, "opening_hours": null, "operator": null, "parking": null, "phone": null, "place": null, "power": null, "public_transport": null, "railway": null, "religion": null, "route": null, "shop": null, "source_transform": null, "sport": null, "surface": null, "telecom": null, "tourism": null, "tower_type": null, "water": null, "waterway": null, "website": null, "wheelchair": null, "zoo": null, "objectid": 10987256, "osm_id2": "11352077458", "centroide_x": 344744.78125321068, "centroide_y": 6298710.6973940795, "crs_original": "EPSG:4326", "fecha_normalizacion": "2025-10-10 01:59:25" }, "geometry": { "type": "Point", "coordinates": [ 344744.781253210676368, 6298710.697394079528749 ] } },
{ "type": "Feature", "properties": { "access": null, "addr_city": "Santiago", "addr_country": "CL", "addr_housenumber": "1057", "addr_postcode": null, "addr_province": null, "addr_state": null, "addr_street": "Sargento Aldea", "addr_unit": null, "aerialway": null, "aeroway": null, "amenity": "school", "attraction": null, "barrier": null, "bicycle": null, "board_type": null, "boundary": null, "brand": null, "building": null, "capacity": null, "craft": null, "crossing": null, "cuisine": null, "denomination": null, "description": null, "ele": null, "emergency": null, "fee": null, "geological": null, "healthcare": null, "healthcare_speciality": null, "highway": null, "historic": null, "information": null, "landuse": null, "leisure": null, "man_made": null, "military": null, "name": "SaLa Cuna y Jardín Infantil Institución Sweet", "name_en": null, "name_es": null, "nat": null, "office": null, "opening_hours": null, "operator": null, "parking": null, "phone": null, "place": null, "power": null, "public_transport": null, "railway": null, "religion": null, "route": null, "shop": null, "source_transform": null, "sport": null, "surface": null, "telecom": null, "tourism": null, "tower_type": null, "water": null, "waterway": null, "website": null, "wheelchair": null, "zoo": null, "objectid": 11009025, "osm_id2": "11379713777", "centroide_x": 346872.76567397907, "centroide_y": 6295573.4751384091, "crs_original": "EPSG:4326", "fecha_normalizacion": "2025-10-10 01:59:25" }, "geometry": { "type": "Point", "coordinates": [ 346872.765673979069106, 6295573.47513840906322 ] } },
{ "type": "Feature", "properties": { "access": null, "addr_city": "Santiago", "addr_country": "CL", "addr_housenumber": "683", "addr_postcode": null, "addr_province": null, "addr_state": null, "addr_street": "Teatinos", "addr_unit": null, "aerialway": null, "aeroway": null, "amenity": null, "attraction": null, "barrier": null, "bicycle": null, "board_type": null, "boundary": null, "brand": null, "building": null, "capacity": null, "craft": null, "crossing": null, "cuisine": null, "denomination": null, "description": null, "ele": null, "emergency": null, "fee": null, "geological": null, "healthcare": null, "healthcare_speciality": null, "highway": null, "historic": null, "information": null, "landuse": null, "leisure": null, "man_made": null, "military": null, "name": "Dirección Nacional Unidad de Fiscalía", "name_en": null, "name_es": null, "nat": null, "office": "government", "opening_hours": null, "operator": null, "parking": null, "phone": null, "place": null, "power": null, "public_transport": null, "railway": null, "religion": null, "route": null, "shop": null, "source_transform": null, "sport": null, "surface": null, "telecom": null, "tourism": null, "tower_type": null, "water": null, "waterway": null, "website": null, "wheelchair": null, "zoo": null, "objectid": 11012852, "osm_id2": "11384097391", "centroide_x": 346108.59297629702, "centroide_y": 6299146.83606169, "crs_original": "EPSG:4326", "fecha_normalizacion": "2025-10-10 01:59:25" }, "geometry": { "type": "Point", "coordinates": [ 346108.59297629701905, 6299146.83606169000268 ] } },
{ "type": "Feature", "properties": { "access": null, "addr_city": "Santiago", "addr_country": "CL", "addr_housenumber": "446", "addr_postcode": null, "addr_province": null, "addr_state": null, "addr_street": "Porvenir", "addr_unit": null, "aerialway": null, "aeroway": null, "amenity": "school", "attraction": null, "barrier": null, "bicycle": null, "board_type": null, "boundary": null, "brand": null, "building": null, "capacity": null, "craft": null, "crossing": null, "cuisine": null, "denomination": null, "description": null, "ele": null, "emergency": null, "fee": null, "geological": null, "healthcare": null, "healthcare_speciality": null, "highway": null, "historic": null, "information": null, "landuse": null, "leisure": null, "man_made": null, "military": null, "name": "Escuela de Lenguaje Ralui", "name_en": null, "name_es": null, "nat": null, "office": null, "opening_hours": null, "operator": null, "parking": null, "phone": null, "place": null, "power": null, "public_transport": null, "railway": null, "religion": null, "route": null, "shop": null, "source_transform": null, "sport": null, "surface": null, "telecom": null, "tourism": null, "tower_type": null, "water": null, "waterway": null, "website": null, "wheelchair": null, "zoo": null, "objectid": 11018338, "osm_id2": "11392233611", "centroide_x": 347732.31374714227, "centroide_y": 6296930.9503683234, "crs_original": "EPSG:4326", "fecha_normalizacion": "2025-10-10 01:59:25" }, "geometry": { "type": "Point", "coordinates": [ 347732.313747142266948, 6296930.950368323363364 ] } },
{ "type": "Feature", "properties": { "access": null, "addr_city": "Santiago", "addr_country": "CL", "addr_housenumber": null, "addr_postcode": null, "addr_province": null, "addr_state": null, "addr_street": "c", "addr_unit": null, "aerialway": null, "aeroway": null, "amenity": "school", "attraction": null, "barrier": null, "bicycle": null, "board_type": null, "boundary": null, "brand": null, "building": null, "capacity": null, "craft": null, "crossing": null, "cuisine": null, "denomination": null, "description": null, "ele": null, "emergency": null, "fee": null, "geological": null, "healthcare": null, "healthcare_speciality": null, "highway": null, "historic": null, "information": null, "landuse": null, "leisure": null, "man_made": null, "military": null, "name": "Escuela de Párvulos Parque O’Higgins", "name_en": null, "name_es": null, "nat": null, "office": null, "opening_hours": null, "operator": null, "parking": null, "phone": null, "place": null, "power": null, "public_transport": null, "railway": null, "religion": null, "route": null, "shop": null, "source_transform": null, "sport": null, "surface": null, "telecom": null, "tourism": null, "tower_type": null, "water": null, "waterway": null, "website": null, "wheelchair": null, "zoo": null, "objectid": 11020505, "osm_id2": "11394810131", "centroide_x": 345895.47902021167, "centroide_y": 6295579.8929445278, "crs_original": "EPSG:4326", "fecha_normalizacion": "2025-10-10 01:59:25" }, "geometry": { "type": "Point", "coordinates": [ 345895.479020211671013, 6295579.89294452778995 ] } },
{ "type": "Feature", "properties": { "access": null, "addr_city": "santiago", "addr_country": "CL", "addr_housenumber": "801", "addr_postcode": null, "addr_province": null, "addr_state": null, "addr_street": "Roberto Espinoza", "addr_unit": null, "aerialway": null, "aeroway": null, "amenity": "school", "attraction": null, "barrier": null, "bicycle": null, "board_type": null, "boundary": null, "brand": null, "building": null, "capacity": null, "craft": null, "crossing": null, "cuisine": null, "denomination": null, "description": null, "ele": null, "emergency": null, "fee": null, "geological": null, "healthcare": null, "healthcare_speciality": null, "highway": null, "historic": null, "information": null, "landuse": null, "leisure": null, "man_made": null, "military": null, "name": "Liceo José de San Martin", "name_en": null, "name_es": null, "nat": null, "office": null, "opening_hours": null, "operator": null, "parking": null, "phone": null, "place": null, "power": null, "public_transport": null, "railway": null, "religion": null, "route": null, "shop": null, "source_transform": null, "sport": null, "surface": null, "telecom": null, "tourism": null, "tower_type": null, "water": null, "waterway": null, "website": null, "wheelchair": null, "zoo": null, "objectid": 11024894, "osm_id2": "11398616143", "centroide_x": 346354.771231664, "centroide_y": 6296931.3014391009, "crs_original": "EPSG:4326", "fecha_normalizacion": "2025-10-10 01:59:25" }, "geometry": { "type": "Point", "coordinates": [ 346354.771231663995422, 6296931.301439100876451 ] } },
{ "type": "Feature", "properties": { "access": null, "addr_city": "Santiago", "addr_country": "CL", "addr_housenumber": "1902", "addr_postcode": null, "addr_province": null, "addr_state": null, "addr_street": "Avenida Pedro Montt", "addr_unit": null, "aerialway": null, "aeroway": null, "amenity": "school", "attraction": null, "barrier": null, "bicycle": null, "board_type": null, "boundary": null, "brand": null, "building": null, "capacity": null, "craft": null, "crossing": null, "cuisine": null, "denomination": null, "description": null, "ele": null, "emergency": null, "fee": null, "geological": null, "healthcare": null, "healthcare_speciality": null, "highway": null, "historic": null, "information": null, "landuse": null, "leisure": null, "man_made": null, "military": null, "name": "Liceo De Adultos Herbert Vargas Wallis", "name_en": null, "name_es": null, "nat": null, "office": null, "opening_hours": null, "operator": null, "parking": null, "phone": null, "place": null, "power": null, "public_transport": null, "railway": null, "religion": null, "route": null, "shop": null, "source_transform": null, "sport": null, "surface": null, "telecom": null, "tourism": null, "tower_type": null, "water": null, "waterway": null, "website": null, "wheelchair": null, "zoo": null, "objectid": 11026158, "osm_id2": "11400953155", "centroide_x": 345873.78752958472, "centroide_y": 6294973.0848564915, "crs_original": "EPSG:4326", "fecha_normalizacion": "2025-10-10 01:59:25" }, "geometry": { "type": "Point", "coordinates": [ 345873.787529584718868, 6294973.084856491535902 ] } },
{ "type": "Feature", "properties": { "access": null, "addr_city": "Santiago", "addr_country": "CL", "addr_housenumber": null, "addr_postcode": null, "addr_province": null, "addr_state": null, "addr_street": "Avenida Presidente Bulnes", "addr_unit": null, "aerialway": null, "aeroway": null, "amenity": null, "attraction": null, "barrier": null, "bicycle": null, "board_type": null, "boundary": null, "brand": null, "building": "yes", "capacity": null, "craft": null, "crossing": null, "cuisine": null, "denomination": null, "description": null, "ele": null, "emergency": null, "fee": "no", "geological": null, "healthcare": null, "healthcare_speciality": null, "highway": null, "historic": null, "information": null, "landuse": null, "leisure": null, "man_made": null, "military": null, "name": "Altar de la Patria", "name_en": null, "name_es": null, "nat": null, "office": null, "opening_hours": null, "operator": "Escuela Militar del Libertador Bernardo O'Higgins", "parking": null, "phone": null, "place": null, "power": null, "public_transport": null, "railway": null, "religion": null, "route": null, "shop": null, "source_transform": null, "sport": null, "surface": null, "telecom": null, "tourism": "museum", "tower_type": null, "water": null, "waterway": null, "website": null, "wheelchair": null, "zoo": null, "objectid": 10020526, "osm_id2": "10702579775", "centroide_x": 346326.48939020938, "centroide_y": 6298076.6089826254, "crs_original": "EPSG:4326", "fecha_normalizacion": "2025-10-10 01:59:25" }, "geometry": { "type": "Point", "coordinates": [ 346326.489390209375415, 6298076.608982625417411 ] } },
{ "type": "Feature", "properties": { "access": null, "addr_city": "Santiago", "addr_country": "CL", "addr_housenumber": "92", "addr_postcode": null, "addr_province": null, "addr_state": null, "addr_street": "Teatinos", "addr_unit": null, "aerialway": null, "aeroway": null, "amenity": null, "attraction": null, "barrier": null, "bicycle": null, "board_type": null, "boundary": null, "brand": null, "building": null, "capacity": null, "craft": null, "crossing": null, "cuisine": null, "denomination": null, "description": null, "ele": null, "emergency": null, "fee": null, "geological": null, "healthcare": null, "healthcare_speciality": null, "highway": null, "historic": null, "information": null, "landuse": null, "leisure": null, "man_made": null, "military": null, "name": "Agencia Nacional de Ciberseguridad", "name_en": null, "name_es": null, "nat": null, "office": "government", "opening_hours": "24/7", "operator": null, "parking": null, "phone": null, "place": null, "power": null, "public_transport": null, "railway": null, "religion": null, "route": null, "shop": null, "source_transform": null, "sport": null, "surface": null, "telecom": null, "tourism": null, "tower_type": null, "water": null, "waterway": null, "website": "https://www.csirt.gob.cl/", "wheelchair": null, "zoo": null, "objectid": 10150113, "osm_id2": "10777132871", "centroide_x": 346193.16597835021, "centroide_y": 6298391.7467448432, "crs_original": "EPSG:4326", "fecha_normalizacion": "2025-10-10 01:59:25" }, "geometry": { "type": "Point", "coordinates": [ 346193.165978350210935, 6298391.746744843199849 ] } },
{ "type": "Feature", "properties": { "access": null, "addr_city": "Santiago", "addr_country": "CL", "addr_housenumber": null, "addr_postcode": null, "addr_province": null, "addr_state": null, "addr_street": "Teatinos", "addr_unit": null, "aerialway": null, "aeroway": null, "amenity": null, "attraction": null, "barrier": null, "bicycle": null, "board_type": null, "boundary": null, "brand": null, "building": null, "capacity": null, "craft": null, "crossing": null, "cuisine": null, "denomination": null, "description": null, "ele": null, "emergency": null, "fee": null, "geological": null, "healthcare": null, "healthcare_speciality": null, "highway": null, "historic": null, "information": null, "landuse": null, "leisure": null, "man_made": null, "military": null, "name": "TGR", "name_en": null, "name_es": null, "nat": null, "office": "government", "opening_hours": null, "operator": null, "parking": null, "phone": null, "place": null, "power": null, "public_transport": null, "railway": null, "religion": null, "route": null, "shop": null, "source_transform": null, "sport": null, "surface": null, "telecom": null, "tourism": null, "tower_type": null, "water": null, "waterway": null, "website": "https://www.tgr.cl/", "wheelchair": null, "zoo": null, "objectid": 10407179, "osm_id2": "10996442244", "centroide_x": 346214.0866064165, "centroide_y": 6298269.7301131263, "crs_original": "EPSG:4326", "fecha_normalizacion": "2025-10-10 01:59:25" }, "geometry": { "type": "Point", "coordinates": [ 346214.086606416502036, 6298269.730113126337528 ] } },
{ "type": "Feature", "properties": { "access": null, "addr_city": "Santiago", "addr_country": "CL", "addr_housenumber": "193", "addr_postcode": null, "addr_province": null, "addr_state": null, "addr_street": "Dieciocho", "addr_unit": null, "aerialway": null, "aeroway": null, "amenity": "university", "attraction": null, "barrier": null, "bicycle": null, "board_type": null, "boundary": null, "brand": null, "building": null, "capacity": null, "craft": null, "crossing": null, "cuisine": null, "denomination": null, "description": null, "ele": null, "emergency": null, "fee": null, "geological": null, "healthcare": null, "healthcare_speciality": null, "highway": null, "historic": null, "information": null, "landuse": null, "leisure": null, "man_made": null, "military": null, "name": "Instituto Profesional del Valle Central Santiago", "name_en": null, "name_es": null, "nat": null, "office": null, "opening_hours": null, "operator": null, "parking": null, "phone": null, "place": null, "power": null, "public_transport": null, "railway": null, "religion": null, "route": null, "shop": null, "source_transform": null, "sport": null, "surface": null, "telecom": null, "tourism": null, "tower_type": null, "water": null, "waterway": null, "website": null, "wheelchair": null, "zoo": null, "objectid": 10407839, "osm_id2": "10997296947", "centroide_x": 345845.56870368228, "centroide_y": 6297686.6899672505, "crs_original": "EPSG:4326", "fecha_normalizacion": "2025-10-10 01:59:25" }, "geometry": { "type": "Point", "coordinates": [ 345845.568703682278283, 6297686.689967250451446 ] } },
{ "type": "Feature", "properties": { "access": null, "addr_city": "Santiago", "addr_country": "CL", "addr_housenumber": "1586", "addr_postcode": null, "addr_province": null, "addr_state": null, "addr_street": "Padre Alonso de Ovalle", "addr_unit": null, "aerialway": null, "aeroway": null, "amenity": "university", "attraction": null, "barrier": null, "bicycle": null, "board_type": null, "boundary": null, "brand": null, "building": null, "capacity": null, "craft": null, "crossing": null, "cuisine": null, "denomination": null, "description": null, "ele": null, "emergency": null, "fee": null, "geological": null, "healthcare": null, "healthcare_speciality": null, "highway": null, "historic": null, "information": null, "landuse": null, "leisure": null, "man_made": null, "military": null, "name": "Instituto Profesional Duoc UC Sede Padre Alonso de Ovalle", "name_en": null, "name_es": null, "nat": null, "office": null, "opening_hours": null, "operator": null, "parking": null, "phone": null, "place": null, "power": null, "public_transport": null, "railway": null, "religion": null, "route": null, "shop": null, "source_transform": null, "sport": null, "surface": null, "telecom": null, "tourism": null, "tower_type": null, "water": null, "waterway": null, "website": null, "wheelchair": null, "zoo": null, "objectid": 10407860, "osm_id2": "10997351733", "centroide_x": 345915.33228505461, "centroide_y": 6297894.0822589742, "crs_original": "EPSG:4326", "fecha_normalizacion": "2025-10-10 01:59:25" }, "geometry": { "type": "Point", "coordinates": [ 345915.332285054610111, 6297894.082258974201977 ] } },
{ "type": "Feature", "properties": { "access": null, "addr_city": "Santiago", "addr_country": "CL", "addr_housenumber": "70", "addr_postcode": null, "addr_province": null, "addr_state": null, "addr_street": "República", "addr_unit": null, "aerialway": null, "aeroway": null, "amenity": "university", "attraction": null, "barrier": null, "bicycle": null, "board_type": null, "boundary": null, "brand": null, "building": null, "capacity": null, "craft": null, "crossing": null, "cuisine": null, "denomination": null, "description": null, "ele": null, "emergency": null, "fee": null, "geological": null, "healthcare": null, "healthcare_speciality": null, "highway": null, "historic": null, "information": null, "landuse": null, "leisure": null, "man_made": null, "military": null, "name": "Instituto Profesional Los Leones sedes Santiago", "name_en": null, "name_es": null, "nat": null, "office": null, "opening_hours": null, "operator": null, "parking": null, "phone": null, "place": null, "power": null, "public_transport": null, "railway": null, "religion": null, "route": null, "shop": null, "source_transform": null, "sport": null, "surface": null, "telecom": null, "tourism": null, "tower_type": null, "water": null, "waterway": null, "website": null, "wheelchair": null, "zoo": null, "objectid": 10408016, "osm_id2": "10997692006", "centroide_x": 344995.56131300586, "centroide_y": 6297625.4481779654, "crs_original": "EPSG:4326", "fecha_normalizacion": "2025-10-10 01:59:25" }, "geometry": { "type": "Point", "coordinates": [ 344995.561313005862758, 6297625.4481779653579 ] } },
{ "type": "Feature", "properties": { "access": null, "addr_city": "Santiago", "addr_country": "CL", "addr_housenumber": "234", "addr_postcode": null, "addr_province": null, "addr_state": null, "addr_street": "Zenteno", "addr_unit": null, "aerialway": null, "aeroway": null, "amenity": "university", "attraction": null, "barrier": null, "bicycle": null, "board_type": null, "boundary": null, "brand": null, "building": null, "capacity": null, "craft": null, "crossing": null, "cuisine": null, "denomination": null, "description": null, "ele": null, "emergency": null, "fee": null, "geological": null, "healthcare": null, "healthcare_speciality": null, "highway": null, "historic": null, "information": null, "landuse": null, "leisure": null, "man_made": null, "military": null, "name": "Universidad Los Leones", "name_en": null, "name_es": null, "nat": null, "office": null, "opening_hours": null, "operator": null, "parking": null, "phone": null, "place": null, "power": null, "public_transport": null, "railway": null, "religion": null, "route": null, "shop": null, "source_transform": null, "sport": null, "surface": null, "telecom": null, "tourism": null, "tower_type": null, "water": null, "waterway": null, "website": null, "wheelchair": null, "zoo": null, "objectid": 10408021, "osm_id2": "10997667847", "centroide_x": 346463.18698127207, "centroide_y": 6297807.2311208509, "crs_original": "EPSG:4326", "fecha_normalizacion": "2025-10-10 01:59:25" }, "geometry": { "type": "Point", "coordinates": [ 346463.186981272068806, 6297807.231120850890875 ] } },
{ "type": "Feature", "properties": { "access": null, "addr_city": "Santiago", "addr_country": "CL", "addr_housenumber": "27", "addr_postcode": null, "addr_province": null, "addr_state": null, "addr_street": "Ejército Libertador", "addr_unit": null, "aerialway": null, "aeroway": null, "amenity": "university", "attraction": null, "barrier": null, "bicycle": null, "board_type": null, "boundary": null, "brand": null, "building": null, "capacity": null, "craft": null, "crossing": null, "cuisine": null, "denomination": null, "description": null, "ele": null, "emergency": null, "fee": null, "geological": null, "healthcare": null, "healthcare_speciality": null, "highway": null, "historic": null, "information": null, "landuse": null, "leisure": null, "man_made": null, "military": null, "name": "Instituto Profesional Vertical", "name_en": null, "name_es": null, "nat": null, "office": null, "opening_hours": null, "operator": null, "parking": null, "phone": null, "place": null, "power": null, "public_transport": null, "railway": null, "religion": null, "route": null, "shop": null, "source_transform": null, "sport": null, "surface": null, "telecom": null, "tourism": null, "tower_type": null, "water": null, "waterway": null, "website": null, "wheelchair": null, "zoo": null, "objectid": 10408025, "osm_id2": "10997699330", "centroide_x": 345521.67968885263, "centroide_y": 6297883.0254150722, "crs_original": "EPSG:4326", "fecha_normalizacion": "2025-10-10 01:59:25" }, "geometry": { "type": "Point", "coordinates": [ 345521.679688852629624, 6297883.025415072217584 ] } },
{ "type": "Feature", "properties": { "access": null, "addr_city": "Santiago", "addr_country": "CL", "addr_housenumber": "27", "addr_postcode": null, "addr_province": null, "addr_state": null, "addr_street": "Ejército Libertador", "addr_unit": null, "aerialway": null, "aeroway": null, "amenity": "university", "attraction": null, "barrier": null, "bicycle": null, "board_type": null, "boundary": null, "brand": null, "building": null, "capacity": null, "craft": null, "crossing": null, "cuisine": null, "denomination": null, "description": null, "ele": null, "emergency": null, "fee": null, "geological": null, "healthcare": null, "healthcare_speciality": null, "highway": null, "historic": null, "information": null, "landuse": null, "leisure": null, "man_made": null, "military": null, "name": "Instituto Profesional Vertical", "name_en": null, "name_es": null, "nat": null, "office": null, "opening_hours": null, "operator": null, "parking": null, "phone": null, "place": null, "power": null, "public_transport": null, "railway": null, "religion": null, "route": null, "shop": null, "source_transform": null, "sport": null, "surface": null, "telecom": null, "tourism": null, "tower_type": null, "water": null, "waterway": null, "website": null, "wheelchair": null, "zoo": null, "objectid": 10408122, "osm_id2": "10997749702", "centroide_x": 345645.61118849117, "centroide_y": 6297788.3443395179, "crs_original": "EPSG:4326", "fecha_normalizacion": "2025-10-10 01:59:25" }, "geometry": { "type": "Point", "coordinates": [ 345645.611188491166104, 6297788.344339517876506 ] } },
{ "type": "Feature", "properties": { "access": null, "addr_city": "Santiago", "addr_country": "CL", "addr_housenumber": "1886", "addr_postcode": null, "addr_province": null, "addr_state": null, "addr_street": "Huérfanos", "addr_unit": null, "aerialway": null, "aeroway": null, "amenity": "university", "attraction": null, "barrier": null, "bicycle": null, "board_type": null, "boundary": null, "brand": null, "building": null, "capacity": null, "craft": null, "crossing": null, "cuisine": null, "denomination": null, "description": null, "ele": null, "emergency": null, "fee": null, "geological": null, "healthcare": null, "healthcare_speciality": null, "highway": null, "historic": null, "information": null, "landuse": null, "leisure": null, "man_made": null, "military": null, "name": "Universidad Academia de Humanismo Cristiano Campus Brasil", "name_en": null, "name_es": null, "nat": null, "office": null, "opening_hours": null, "operator": null, "parking": null, "phone": null, "place": null, "power": null, "public_transport": null, "railway": null, "religion": null, "route": null, "shop": null, "source_transform": null, "sport": null, "surface": null, "telecom": null, "tourism": null, "tower_type": null, "water": null, "waterway": null, "website": null, "wheelchair": null, "zoo": null, "objectid": 10408160, "osm_id2": "10997875459", "centroide_x": 345396.50386983843, "centroide_y": 6298570.680526752, "crs_original": "EPSG:4326", "fecha_normalizacion": "2025-10-10 01:59:25" }, "geometry": { "type": "Point", "coordinates": [ 345396.503869838430546, 6298570.680526752024889 ] } },
{ "type": "Feature", "properties": { "access": null, "addr_city": "Santiago", "addr_country": "CL", "addr_housenumber": "2186", "addr_postcode": null, "addr_province": null, "addr_state": null, "addr_street": "Huérfanos", "addr_unit": null, "aerialway": null, "aeroway": null, "amenity": "university", "attraction": null, "barrier": null, "bicycle": null, "board_type": null, "boundary": null, "brand": null, "building": null, "capacity": null, "craft": null, "crossing": null, "cuisine": null, "denomination": null, "description": null, "ele": null, "emergency": null, "fee": null, "geological": null, "healthcare": null, "healthcare_speciality": null, "highway": null, "historic": null, "information": null, "landuse": null, "leisure": null, "man_made": null, "military": null, "name": "Universidad Academia de Humanismo Cristiano Casa Arrau", "name_en": null, "name_es": null, "nat": null, "office": null, "opening_hours": null, "operator": null, "parking": null, "phone": null, "place": null, "power": null, "public_transport": null, "railway": null, "religion": null, "route": null, "shop": null, "source_transform": null, "sport": null, "surface": null, "telecom": null, "tourism": null, "tower_type": null, "water": null, "waterway": null, "website": null, "wheelchair": null, "zoo": null, "objectid": 10408161, "osm_id2": "10997925424", "centroide_x": 345102.49033918045, "centroide_y": 6298532.1533067599, "crs_original": "EPSG:4326", "fecha_normalizacion": "2025-10-10 01:59:25" }, "geometry": { "type": "Point", "coordinates": [ 345102.490339180454612, 6298532.153306759893894 ] } },
{ "type": "Feature", "properties": { "access": null, "addr_city": "Santiago", "addr_country": "CL", "addr_housenumber": "352", "addr_postcode": null, "addr_province": null, "addr_state": null, "addr_street": "Almirante Barroso", "addr_unit": null, "aerialway": null, "aeroway": null, "amenity": "university", "attraction": null, "barrier": null, "bicycle": null, "board_type": null, "boundary": null, "brand": null, "building": null, "capacity": null, "craft": null, "crossing": null, "cuisine": null, "denomination": null, "description": null, "ele": null, "emergency": null, "fee": null, "geological": null, "healthcare": null, "healthcare_speciality": null, "highway": null, "historic": null, "information": null, "landuse": null, "leisure": null, "man_made": null, "military": null, "name": "Universidad Academia de Humanismo Cristiano Casa Barroso", "name_en": null, "name_es": null, "nat": null, "office": null, "opening_hours": null, "operator": null, "parking": null, "phone": null, "place": null, "power": null, "public_transport": null, "railway": null, "religion": null, "route": null, "shop": null, "source_transform": null, "sport": null, "surface": null, "telecom": null, "tourism": null, "tower_type": null, "water": null, "waterway": null, "website": null, "wheelchair": null, "zoo": null, "objectid": 10408162, "osm_id2": "10997919092", "centroide_x": 345455.56528549589, "centroide_y": 6298696.5155050289, "crs_original": "EPSG:4326", "fecha_normalizacion": "2025-10-10 01:59:25" }, "geometry": { "type": "Point", "coordinates": [ 345455.565285495889839, 6298696.515505028888583 ] } },
{ "type": "Feature", "properties": { "access": null, "addr_city": "Santiago", "addr_country": "CL", "addr_housenumber": "292", "addr_postcode": null, "addr_province": null, "addr_state": null, "addr_street": "Avenida Libertador Bernardo O'Higgins", "addr_unit": null, "aerialway": null, "aeroway": null, "amenity": "university", "attraction": null, "barrier": null, "bicycle": null, "board_type": null, "boundary": null, "brand": null, "building": null, "capacity": null, "craft": null, "crossing": null, "cuisine": null, "denomination": null, "description": null, "ele": null, "emergency": null, "fee": null, "geological": null, "healthcare": null, "healthcare_speciality": null, "highway": null, "historic": null, "information": null, "landuse": null, "leisure": null, "man_made": null, "military": null, "name": "Universidad Católica del Norte (UCN) SeDe Santiago", "name_en": null, "name_es": null, "nat": null, "office": null, "opening_hours": null, "operator": null, "parking": null, "phone": null, "place": null, "power": null, "public_transport": null, "railway": null, "religion": null, "route": null, "shop": null, "source_transform": null, "sport": null, "surface": null, "telecom": null, "tourism": null, "tower_type": null, "water": null, "waterway": null, "website": null, "wheelchair": null, "zoo": null, "objectid": 10408194, "osm_id2": "10998003974", "centroide_x": 347573.75932153966, "centroide_y": 6298709.3342140513, "crs_original": "EPSG:4326", "fecha_normalizacion": "2025-10-10 01:59:25" }, "geometry": { "type": "Point", "coordinates": [ 347573.759321539662778, 6298709.334214051254094 ] } },
{ "type": "Feature", "properties": { "access": null, "addr_city": "Santiago", "addr_country": "CL", "addr_housenumber": "71", "addr_postcode": null, "addr_province": null, "addr_state": null, "addr_street": "República", "addr_unit": null, "aerialway": null, "aeroway": null, "amenity": "university", "attraction": null, "barrier": null, "bicycle": null, "board_type": null, "boundary": null, "brand": null, "building": null, "capacity": null, "craft": null, "crossing": null, "cuisine": null, "denomination": null, "description": null, "ele": null, "emergency": null, "fee": null, "geological": null, "healthcare": null, "healthcare_speciality": null, "highway": null, "historic": null, "information": null, "landuse": null, "leisure": null, "man_made": null, "military": null, "name": "Universidad de Las Américas", "name_en": null, "name_es": null, "nat": null, "office": null, "opening_hours": null, "operator": null, "parking": null, "phone": null, "place": null, "power": null, "public_transport": null, "railway": null, "religion": null, "route": null, "shop": null, "source_transform": null, "sport": null, "surface": null, "telecom": null, "tourism": null, "tower_type": null, "water": null, "waterway": null, "website": null, "wheelchair": null, "zoo": null, "objectid": 10412217, "osm_id2": "11001981764", "centroide_x": 344930.72867465712, "centroide_y": 6297639.259052325, "crs_original": "EPSG:4326", "fecha_normalizacion": "2025-10-10 01:59:25" }, "geometry": { "type": "Point", "coordinates": [ 344930.728674657118972, 6297639.259052325040102 ] } },
{ "type": "Feature", "properties": { "access": null, "addr_city": "Santiago", "addr_country": "CL", "addr_housenumber": null, "addr_postcode": null, "addr_province": null, "addr_state": null, "addr_street": "Plaza de Armas", "addr_unit": null, "aerialway": null, "aeroway": null, "amenity": null, "attraction": null, "barrier": null, "bicycle": null, "board_type": null, "boundary": null, "brand": null, "building": null, "capacity": null, "craft": null, "crossing": null, "cuisine": null, "denomination": null, "description": null, "ele": null, "emergency": null, "fee": null, "geological": null, "healthcare": null, "healthcare_speciality": null, "highway": null, "historic": null, "information": null, "landuse": null, "leisure": null, "man_made": null, "military": null, "name": "STGO", "name_en": null, "name_es": null, "nat": null, "office": null, "opening_hours": null, "operator": "Municipalidad de Santiago", "parking": null, "phone": null, "place": null, "power": null, "public_transport": null, "railway": null, "religion": null, "route": null, "shop": null, "source_transform": null, "sport": null, "surface": null, "telecom": null, "tourism": "attraction", "tower_type": null, "water": null, "waterway": null, "website": null, "wheelchair": null, "zoo": null, "objectid": 10255738, "osm_id2": "10882467334", "centroide_x": 346622.55396493, "centroide_y": 6299007.9019489959, "crs_original": "EPSG:4326", "fecha_normalizacion": "2025-10-10 01:59:25" }, "geometry": { "type": "Point", "coordinates": [ 346622.55396493000444, 6299007.901948995888233 ] } },
{ "type": "Feature", "properties": { "access": null, "addr_city": "Santiago", "addr_country": "CL", "addr_housenumber": "850", "addr_postcode": null, "addr_province": null, "addr_state": null, "addr_street": "Beauchef", "addr_unit": null, "aerialway": null, "aeroway": null, "amenity": null, "attraction": null, "barrier": null, "bicycle": null, "board_type": null, "boundary": null, "brand": null, "building": null, "capacity": null, "craft": null, "crossing": null, "cuisine": null, "denomination": null, "description": null, "ele": null, "emergency": null, "fee": null, "geological": null, "healthcare": null, "healthcare_speciality": null, "highway": null, "historic": null, "information": null, "landuse": null, "leisure": null, "man_made": null, "military": null, "name": "Centro Sismológico Nacional", "name_en": "National Seismological Center of the University of Chile", "name_es": null, "nat": null, "office": "research", "opening_hours": "24/7", "operator": "Departamento de Geofísica de la Universidad de Chile", "parking": null, "phone": "+562 29784000", "place": null, "power": null, "public_transport": null, "railway": null, "religion": null, "route": null, "shop": null, "source_transform": null, "sport": null, "surface": null, "telecom": null, "tourism": null, "tower_type": null, "water": null, "waterway": null, "website": "www.csn.uchile.cl", "wheelchair": null, "zoo": null, "objectid": 10284416, "osm_id2": "10909430514", "centroide_x": 345408.29188228026, "centroide_y": 6296692.2019080203, "crs_original": "EPSG:4326", "fecha_normalizacion": "2025-10-10 01:59:25" }, "geometry": { "type": "Point", "coordinates": [ 345408.291882280260324, 6296692.201908020302653 ] } },
{ "type": "Feature", "properties": { "access": null, "addr_city": "Santiago", "addr_country": "CL", "addr_housenumber": "2344", "addr_postcode": null, "addr_province": null, "addr_state": null, "addr_street": "Agustinas", "addr_unit": null, "aerialway": null, "aeroway": null, "amenity": "school", "attraction": null, "barrier": null, "bicycle": null, "board_type": null, "boundary": null, "brand": null, "building": null, "capacity": null, "craft": null, "crossing": null, "cuisine": null, "denomination": null, "description": null, "ele": null, "emergency": null, "fee": null, "geological": null, "healthcare": null, "healthcare_speciality": null, "highway": null, "historic": null, "information": null, "landuse": null, "leisure": null, "man_made": null, "military": null, "name": "Liceo Manuel Bulnes de Santiago", "name_en": null, "name_es": null, "nat": null, "office": null, "opening_hours": null, "operator": null, "parking": null, "phone": null, "place": null, "power": null, "public_transport": null, "railway": null, "religion": null, "route": null, "shop": null, "source_transform": null, "sport": null, "surface": null, "telecom": null, "tourism": null, "tower_type": null, "water": null, "waterway": null, "website": null, "wheelchair": null, "zoo": null, "objectid": 11026300, "osm_id2": "11401175355", "centroide_x": 344892.00583273725, "centroide_y": 6298369.2914991034, "crs_original": "EPSG:4326", "fecha_normalizacion": "2025-10-10 01:59:25" }, "geometry": { "type": "Point", "coordinates": [ 344892.005832737253513, 6298369.291499103419483 ] } },
{ "type": "Feature", "properties": { "access": null, "addr_city": "Santiago", "addr_country": "CL", "addr_housenumber": "2314", "addr_postcode": null, "addr_province": null, "addr_state": null, "addr_street": "Santo Domingo", "addr_unit": null, "aerialway": null, "aeroway": null, "amenity": "school", "attraction": null, "barrier": null, "bicycle": null, "board_type": null, "boundary": null, "brand": null, "building": null, "capacity": null, "craft": null, "crossing": null, "cuisine": null, "denomination": null, "description": null, "ele": null, "emergency": null, "fee": null, "geological": null, "healthcare": null, "healthcare_speciality": null, "highway": null, "historic": null, "information": null, "landuse": null, "leisure": null, "man_made": null, "military": null, "name": "Colegio San Antonio", "name_en": null, "name_es": null, "nat": null, "office": null, "opening_hours": null, "operator": null, "parking": null, "phone": null, "place": null, "power": null, "public_transport": null, "railway": null, "religion": null, "route": null, "shop": null, "source_transform": null, "sport": null, "surface": null, "telecom": null, "tourism": null, "tower_type": null, "water": null, "waterway": null, "website": null, "wheelchair": null, "zoo": null, "objectid": 11026302, "osm_id2": "11401259695", "centroide_x": 344827.0570517786, "centroide_y": 6298919.2196871508, "crs_original": "EPSG:4326", "fecha_normalizacion": "2025-10-10 01:59:25" }, "geometry": { "type": "Point", "coordinates": [ 344827.05705177859636, 6298919.219687150791287 ] } },
{ "type": "Feature", "properties": { "access": null, "addr_city": "Santiago", "addr_country": "CL", "addr_housenumber": null, "addr_postcode": null, "addr_province": null, "addr_state": null, "addr_street": "Ñuble", "addr_unit": null, "aerialway": null, "aeroway": null, "amenity": "doctors", "attraction": null, "barrier": null, "bicycle": null, "board_type": null, "boundary": null, "brand": null, "building": null, "capacity": null, "craft": null, "crossing": null, "cuisine": null, "denomination": null, "description": null, "ele": null, "emergency": null, "fee": null, "geological": null, "healthcare": "doctor", "healthcare_speciality": null, "highway": null, "historic": null, "information": null, "landuse": null, "leisure": null, "man_made": null, "military": null, "name": "Núcleo Salud", "name_en": null, "name_es": null, "nat": null, "office": null, "opening_hours": null, "operator": "Red Megacentro", "parking": null, "phone": null, "place": null, "power": null, "public_transport": null, "railway": null, "religion": null, "route": null, "shop": null, "source_transform": null, "sport": null, "surface": null, "telecom": null, "tourism": null, "tower_type": null, "water": null, "waterway": null, "website": null, "wheelchair": null, "zoo": null, "objectid": 11043539, "osm_id2": "11419307099", "centroide_x": 346903.81149638013, "centroide_y": 6295446.4381855614, "crs_original": "EPSG:4326", "fecha_normalizacion": "2025-10-10 01:59:25" }, "geometry": { "type": "Point", "coordinates": [ 346903.811496380134486, 6295446.438185561448336 ] } }
]
}
