{
"type": "FeatureCollection",
"name": "unidades_vecinales_filtradas",
"crs": { "type": "name", "properties": { "name": "urn:ogc:def:crs:EPSG::32719" } },
"features": [
{ "type": "Feature", "properties": { "OBJECTID": 947, "objectd": 936, "cod_rgn": "13", "cd_prvn": "131", "cod_cmn": "13101", "nmbr_rg": "Metropolitana de Santiago", "nmbr_pr": "Santiago", "nmbr_cm": "Santiago", "id_v_rs": "131016490", "uv_cart": "42", "uv_nmbr": "42", "prd_ndc": 20240601, "ndpet0_4_p": 9608035, "ndpet0_4_r": 3282568, "ndpet0_4_c": 139710, "ndpet0_4_u": "2445", "ndpet4_5_p": 1459190, "ndpet4_5_r": 552537, "ndpet4_5_c": 26989, "ndpet4_5_u": "461", "ndpet5_6_p": 1159567, "ndpet5_6_r": 451679, "ndpet5_6_c": 26691, "ndpet5_6_u": "465", "ndpet6_7_p": 1134251, "ndpet6_7_r": 455189, "ndpet6_7_c": 30358, "ndpet6_7_u": "520", "ndpet7_8_p": 1264009, "ndpet7_8_r": 507934, "ndpet7_8_c": 36539, "ndpet7_8_u": "654", "ndpet8_9_p": 1876093, "ndpet8_9_r": 830486, "ndpet8_9_c": 57768, "ndpet8_9_u": "813", "ndpet9_1_p": 638111, "ndpet9_1_r": 298881, "ndpet9_1_c": "25806", "ndpet9_1_u": "322", "totl_ps": 17139256, "ttl_rgn": 6379274, "ttl_cmn": 343861, "totl_uv": "5680", "area_m2": 289072.02730073716, "perimeter_m": 2165.8130319668967, "centroide_x": 347041.5235492654, "centroide_y": 6296379.2822650746, "crs_original": "EPSG:4326", "fecha_normalizacion": "2025-10-10 01:59:26" }, "geometry": { "type": "Polygon", "coordinates": [ [ [ 347345.137015989632346, 6296166.096662022173405 ], [ 347291.337158332462423, 6296158.590909181162715 ], [ 347242.201867855561431, 6296150.049472672864795 ], [ 347156.837728838552721, 6296139.825250774621964 ], [ 347094.691057167714462, 6296131.077036455273628 ], [ 347081.697143840021454, 6296129.762118997052312 ], [ 347067.79127829533536, 6296127.323542902246118 ], [ 347049.238560268422589, 6296124.811322521418333 ], [ 346940.71022755181184, 6296109.781446432694793 ], [ 346898.975392806925811, 6296103.573859849944711 ], [ 346877.634437110158615, 6296101.017084155231714 ], [ 346771.894762542913668, 6296086.029617240652442 ], [ 346767.297121301526204, 6296141.413824878633022 ], [ 346761.294847566750832, 6296226.722613455727696 ], [ 346758.450349756632932, 6296288.789611767977476 ], [ 346753.412578044924885, 6296371.895403487607837 ], [ 346750.884876084513962, 6296414.002803585492074 ], [ 346748.585985222191084, 6296441.694895013235509 ], [ 346745.128790539107285, 6296483.787537023425102 ], [ 346740.566165893455036, 6296536.95398133713752 ], [ 346738.531269906787202, 6296548.013131361454725 ], [ 346735.531767520937137, 6296561.275259040296078 ], [ 346803.116833692824002, 6296578.985000899061561 ], [ 346911.439370647072792, 6296607.322612948715687 ], [ 347005.873548878938891, 6296632.111434737220407 ], [ 347091.03124937764369, 6296655.643309056758881 ], [ 347136.416144523827825, 6296666.344190007075667 ], [ 347185.501377044478431, 6296678.212610436603427 ], [ 347282.672519830754027, 6296706.369444705545902 ], [ 347284.75942424335517, 6296691.983561313711107 ], [ 347285.864216871093959, 6296680.909618757665157 ], [ 347292.387958510080352, 6296621.119248798117042 ], [ 347300.717908878694288, 6296564.684815135784447 ], [ 347305.137143048108555, 6296520.389135402627289 ], [ 347306.171841220231727, 6296513.750648594461381 ], [ 347312.660258854622953, 6296456.177887314930558 ], [ 347314.869843141990714, 6296434.030093451030552 ], [ 347316.009748378535733, 6296420.738417809829116 ], [ 347333.212705229525454, 6296273.494734222069383 ], [ 347345.137015989632346, 6296166.096662022173405 ] ] ] } },
{ "type": "Feature", "properties": { "OBJECTID": 1450, "objectd": 1435, "cod_rgn": "13", "cd_prvn": "131", "cod_cmn": "13101", "nmbr_rg": "Metropolitana de Santiago", "nmbr_pr": "Santiago", "nmbr_cm": "Santiago", "id_v_rs": "131016491", "uv_cart": "29", "uv_nmbr": "29", "prd_ndc": 20240601, "ndpet0_4_p": 9608035, "ndpet0_4_r": 3282568, "ndpet0_4_c": 139710, "ndpet0_4_u": "2845", "ndpet4_5_p": 1459190, "ndpet4_5_r": 552537, "ndpet4_5_c": 26989, "ndpet4_5_u": "472", "ndpet5_6_p": 1159567, "ndpet5_6_r": 451679, "ndpet5_6_c": 26691, "ndpet5_6_u": "501", "ndpet6_7_p": 1134251, "ndpet6_7_r": 455189, "ndpet6_7_c": 30358, "ndpet6_7_u": "509", "ndpet7_8_p": 1264009, "ndpet7_8_r": 507934, "ndpet7_8_c": 36539, "ndpet7_8_u": "586", "ndpet8_9_p": 1876093, "ndpet8_9_r": 830486, "ndpet8_9_c": 57768, "ndpet8_9_u": "722", "ndpet9_1_p": 638111, "ndpet9_1_r": 298881, "ndpet9_1_c": "25806", "ndpet9_1_u": "269", "totl_ps": 17139256, "ttl_rgn": 6379274, "ttl_cmn": 343861, "totl_uv": "5904", "area_m2": 329269.05809976626, "perimeter_m": 2361.348310306194, "centroide_x": 346405.86315496365, "centroide_y": 6296265.435905885, "crs_original": "EPSG:4326", "fecha_normalizacion": "2025-10-10 01:59:26" }, "geometry": { "type": "Polygon", "coordinates": [ [ [ 346771.894762542913668, 6296086.029617240652442 ], [ 346757.042061561776791, 6296084.684653328731656 ], [ 346651.33791695185937, 6296067.478019277565181 ], [ 346573.462874126096722, 6296054.04004826489836 ], [ 346483.470627518719994, 6296042.62703977804631 ], [ 346400.019696007133462, 6296029.098872407339513 ], [ 346344.362205197918229, 6296021.558210095390677 ], [ 346302.645658129360527, 6296014.239200003445148 ], [ 346259.982157694059424, 6296008.0141237732023 ], [ 346233.994611007394269, 6296005.381901867687702 ], [ 346207.095395867479965, 6296001.625885594636202 ], [ 346196.013410432671662, 6295997.012824084609747 ], [ 346090.455507920589298, 6295981.422590767964721 ], [ 346073.297694179462269, 6295979.77547649294138 ], [ 346070.121925641316921, 6296021.625662963837385 ], [ 346046.547378392016981, 6296334.029701589606702 ], [ 346038.555990669177845, 6296427.070732771418989 ], [ 346038.220011749013793, 6296448.13916661310941 ], [ 346061.420478816726245, 6296450.727415107190609 ], [ 346092.968040215200745, 6296454.557773654349148 ], [ 346119.868500736658461, 6296458.314061049371958 ], [ 346154.186768784304149, 6296463.297576326876879 ], [ 346223.77052983554313, 6296472.170124539174139 ], [ 346252.529938336054329, 6296475.955645866692066 ], [ 346347.155578557518311, 6296488.553438464179635 ], [ 346423.21035077678971, 6296499.745908120647073 ], [ 346468.646825746283866, 6296507.12343336828053 ], [ 346501.08888289402239, 6296513.184959155507386 ], [ 346593.803272431308869, 6296529.077402207069099 ], [ 346702.283204175299034, 6296547.437663728371263 ], [ 346735.531767520937137, 6296561.275259040296078 ], [ 346738.531269906787202, 6296548.013131361454725 ], [ 346740.566165893455036, 6296536.95398133713752 ], [ 346745.128790539107285, 6296483.787537023425102 ], [ 346748.585985222191084, 6296441.694895013235509 ], [ 346750.884876084513962, 6296414.002803585492074 ], [ 346753.412578044924885, 6296371.895403487607837 ], [ 346758.450349756632932, 6296288.789611767977476 ], [ 346761.294847566750832, 6296226.722613455727696 ], [ 346767.297121301526204, 6296141.413824878633022 ], [ 346771.894762542913668, 6296086.029617240652442 ] ] ] } },
{ "type": "Feature", "properties": { "OBJECTID": 1527, "objectd": 1514, "cod_rgn": "13", "cd_prvn": "131", "cod_cmn": "13101", "nmbr_rg": "Metropolitana de Santiago", "nmbr_pr": "Santiago", "nmbr_cm": "Santiago", "id_v_rs": "131016492", "uv_cart": "37", "uv_nmbr": "37", "prd_ndc": 20240601, "ndpet0_4_p": 9608035, "ndpet0_4_r": 3282568, "ndpet0_4_c": 139710, "ndpet0_4_u": "1988", "ndpet4_5_p": 1459190, "ndpet4_5_r": 552537, "ndpet4_5_c": 26989, "ndpet4_5_u": "305", "ndpet5_6_p": 1159567, "ndpet5_6_r": 451679, "ndpet5_6_c": 26691, "ndpet5_6_u": "282", "ndpet6_7_p": 1134251, "ndpet6_7_r": 455189, "ndpet6_7_c": 30358, "ndpet6_7_u": "294", "ndpet7_8_p": 1264009, "ndpet7_8_r": 507934, "ndpet7_8_c": 36539, "ndpet7_8_u": "306", "ndpet8_9_p": 1876093, "ndpet8_9_r": 830486, "ndpet8_9_c": 57768, "ndpet8_9_u": "400", "ndpet9_1_p": 638111, "ndpet9_1_r": 298881, "ndpet9_1_c": "25806", "ndpet9_1_u": "153", "totl_ps": 17139256, "ttl_rgn": 6379274, "ttl_cmn": 343861, "totl_uv": "3728", "area_m2": 254450.94725671021, "perimeter_m": 2145.0275670567535, "centroide_x": 348249.71371845854, "centroide_y": 6295985.7468411457, "crs_original": "EPSG:4326", "fecha_normalizacion": "2025-10-10 01:59:26" }, "geometry": { "type": "Polygon", "coordinates": [ [ [ 348156.156012926483527, 6295609.90032347664237 ], [ 348138.276355738868006, 6295682.822052553296089 ], [ 348132.316417415742762, 6295707.129321927204728 ], [ 348123.271733162633609, 6295750.243351444602013 ], [ 348093.419174124486744, 6295875.106062700971961 ], [ 348083.444876540452242, 6295918.205431479029357 ], [ 348060.603228036488872, 6296011.013436425477266 ], [ 348048.665182984317653, 6296060.736695237457752 ], [ 348039.759623616642784, 6296094.97974406927824 ], [ 348023.911790238460526, 6296156.841900592669845 ], [ 347991.094166377442889, 6296292.749052979052067 ], [ 348057.767245074617676, 6296309.32656017318368 ], [ 348114.251843267760705, 6296323.525033603422344 ], [ 348168.912728275114205, 6296335.476112987846136 ], [ 348224.485670812660828, 6296348.550500974059105 ], [ 348280.05883350293152, 6296361.624465113505721 ], [ 348336.56142060062848, 6296374.712802216410637 ], [ 348369.409157768823206, 6296236.586931779980659 ], [ 348396.20964596682461, 6296128.312623368576169 ], [ 348444.90084124263376, 6295928.323827753774822 ], [ 348476.590318219386972, 6295804.598189426586032 ], [ 348507.62815943302121, 6295663.116159483790398 ], [ 348448.271894659090322, 6295654.420344110578299 ], [ 348396.33306818822166, 6295646.949854796752334 ], [ 348340.694265033933334, 6295638.311858018860221 ], [ 348283.1969392914325, 6295629.644321794621646 ], [ 348224.770398715278134, 6295620.961726373061538 ], [ 348156.156012926483527, 6295609.90032347664237 ] ] ] } },
{ "type": "Feature", "properties": { "OBJECTID": 3603, "objectd": 3585, "cod_rgn": "13", "cd_prvn": "131", "cod_cmn": "13101", "nmbr_rg": "Metropolitana de Santiago", "nmbr_pr": "Santiago", "nmbr_cm": "Santiago", "id_v_rs": "131016458", "uv_cart": "51", "uv_nmbr": "51", "prd_ndc": 20240601, "ndpet0_4_p": 9608035, "ndpet0_4_r": 3282568, "ndpet0_4_c": 139710, "ndpet0_4_u": "2461", "ndpet4_5_p": 1459190, "ndpet4_5_r": 552537, "ndpet4_5_c": 26989, "ndpet4_5_u": "558", "ndpet5_6_p": 1159567, "ndpet5_6_r": 451679, "ndpet5_6_c": 26691, "ndpet5_6_u": "542", "ndpet6_7_p": 1134251, "ndpet6_7_r": 455189, "ndpet6_7_c": 30358, "ndpet6_7_u": "679", "ndpet7_8_p": 1264009, "ndpet7_8_r": 507934, "ndpet7_8_c": 36539, "ndpet7_8_u": "834", "ndpet8_9_p": 1876093, "ndpet8_9_r": 830486, "ndpet8_9_c": 57768, "ndpet8_9_u": "1246", "ndpet9_1_p": 638111, "ndpet9_1_r": 298881, "ndpet9_1_c": "25806", "ndpet9_1_u": "566", "totl_ps": 17139256, "ttl_rgn": 6379274, "ttl_cmn": 343861, "totl_uv": "6886", "area_m2": 330527.82416267192, "perimeter_m": 2284.2193919322831, "centroide_x": 348123.81981845596, "centroide_y": 6297185.3464226052, "crs_original": "EPSG:4326", "fecha_normalizacion": "2025-10-10 01:59:26" }, "geometry": { "type": "Polygon", "coordinates": [ [ [ 348422.503756969061214, 6297414.212055896408856 ], [ 348422.653600418940187, 6297413.577624621801078 ], [ 348436.458381988224573, 6297354.537049183622003 ], [ 348453.836253171670251, 6297288.002499245107174 ], [ 348457.230868091690354, 6297275.005505586974323 ], [ 348477.496354102157056, 6297196.353915560990572 ], [ 348480.001313633634709, 6297186.632204197347164 ], [ 348494.726535335066728, 6297136.952270023524761 ], [ 348523.264528671745211, 6297036.468949433416128 ], [ 348389.941930570348632, 6297001.102623049169779 ], [ 348311.250003031571396, 6296979.902466494590044 ], [ 348260.355456192046404, 6296964.684030963107944 ], [ 348205.72582048602635, 6296950.515790056437254 ], [ 348189.994482257054187, 6296945.831939324736595 ], [ 348144.659658954944462, 6296931.809566728770733 ], [ 348115.038773526088335, 6296923.579690554179251 ], [ 348104.849447845714167, 6296921.201140398159623 ], [ 348076.158048831741326, 6296912.985862527042627 ], [ 348015.96957305027172, 6296897.619870347902179 ], [ 347978.018551339861006, 6296887.040269541554153 ], [ 347967.829291002068203, 6296884.661572137847543 ], [ 347945.626941254478879, 6296877.657149536535144 ], [ 347914.147346681216732, 6296869.397469821386039 ], [ 347873.074748815502971, 6296858.70942722633481 ], [ 347868.778283213847317, 6296857.591399341821671 ], [ 347859.749237534706481, 6296899.596281053498387 ], [ 347845.723269507521763, 6296963.705276623368263 ], [ 347832.661614711920265, 6297025.611075524240732 ], [ 347814.550415070960298, 6297112.947401456534863 ], [ 347805.451062891283073, 6297159.38778330758214 ], [ 347787.35692289902363, 6297245.615247027017176 ], [ 347777.380244514206424, 6297288.714315365068614 ], [ 347757.286817852407694, 6297383.783319649286568 ], [ 347794.327630871790461, 6297393.240257849916816 ], [ 347858.271974478964694, 6297406.448271051049232 ], [ 347868.461772665206809, 6297408.827063385397196 ], [ 347887.911739200935699, 6297413.569973141886294 ], [ 347964.817211667192169, 6297430.308858344331384 ], [ 347975.93653344840277, 6297432.702167386189103 ], [ 347995.404043496004306, 6297436.335945661179721 ], [ 348003.752310689422302, 6297437.576521651819348 ], [ 348052.645098553854041, 6297445.81143799982965 ], [ 348088.349349989439361, 6297451.824974814429879 ], [ 348090.917786978185177, 6297452.25757903419435 ], [ 348098.173137301288079, 6297452.292197859846056 ], [ 348192.252864078909624, 6297452.741767616942525 ], [ 348273.190708932699636, 6297449.577117312699556 ], [ 348275.132398901914712, 6297449.364339046180248 ], [ 348277.601364322006702, 6297449.364224944263697 ], [ 348279.399984130868688, 6297448.896340101957321 ], [ 348290.886384589946829, 6297447.636835051700473 ], [ 348309.773291365243495, 6297442.833247262984514 ], [ 348311.422899398196023, 6297442.413787269964814 ], [ 348330.996532155317254, 6297437.736351944506168 ], [ 348350.619327168969903, 6297433.0470818169415 ], [ 348389.815753383853007, 6297423.680320980958641 ], [ 348422.503756969061214, 6297414.212055896408856 ] ] ] } },
{ "type": "Feature", "properties": { "OBJECTID": 4121, "objectd": 4101, "cod_rgn": "13", "cd_prvn": "131", "cod_cmn": "13101", "nmbr_rg": "Metropolitana de Santiago", "nmbr_pr": "Santiago", "nmbr_cm": "Santiago", "id_v_rs": "131016488", "uv_cart": "46", "uv_nmbr": "46", "prd_ndc": 20240601, "ndpet0_4_p": 9608035, "ndpet0_4_r": 3282568, "ndpet0_4_c": 139710, "ndpet0_4_u": "1790", "ndpet4_5_p": 1459190, "ndpet4_5_r": 552537, "ndpet4_5_c": 26989, "ndpet4_5_u": "358", "ndpet5_6_p": 1159567, "ndpet5_6_r": 451679, "ndpet5_6_c": 26691, "ndpet5_6_u": "317", "ndpet6_7_p": 1134251, "ndpet6_7_r": 455189, "ndpet6_7_c": 30358, "ndpet6_7_u": "379", "ndpet7_8_p": 1264009, "ndpet7_8_r": 507934, "ndpet7_8_c": 36539, "ndpet7_8_u": "422", "ndpet8_9_p": 1876093, "ndpet8_9_r": 830486, "ndpet8_9_c": 57768, "ndpet8_9_u": "622", "ndpet9_1_p": 638111, "ndpet9_1_r": 298881, "ndpet9_1_c": "25806", "ndpet9_1_u": "230", "totl_ps": 17139256, "ttl_rgn": 6379274, "ttl_cmn": 343861, "totl_uv": "4118", "area_m2": 314827.40860102262, "perimeter_m": 2257.6088402397204, "centroide_x": 347529.16670383303, "centroide_y": 6297045.1126728337, "crs_original": "EPSG:4326", "fecha_normalizacion": "2025-10-10 01:59:26" }, "geometry": { "type": "Polygon", "coordinates": [ [ [ 347868.778283213847317, 6296857.591399341821671 ], [ 347803.048596320440993, 6296839.918563171289861 ], [ 347778.057938715966884, 6296832.869793493300676 ], [ 347749.297098720329814, 6296829.088876605033875 ], [ 347710.417169227846898, 6296818.493548199534416 ], [ 347673.396156364120543, 6296807.927285052835941 ], [ 347626.168785101152025, 6296796.090827944688499 ], [ 347536.361437911167741, 6296772.49038746021688 ], [ 347491.92270489083603, 6296760.697189150378108 ], [ 347469.703332839359064, 6296754.800560982897878 ], [ 347390.085666036698967, 6296733.577965861186385 ], [ 347282.672519830754027, 6296706.369444705545902 ], [ 347268.800548657716718, 6296819.28227184060961 ], [ 347266.748685151920654, 6296831.450422854162753 ], [ 347245.896633247088175, 6296974.199575839564204 ], [ 347224.886136269720737, 6297126.928598888218403 ], [ 347207.154934366233647, 6297248.653407065197825 ], [ 347293.300633254344575, 6297268.871428744867444 ], [ 347361.838630590063985, 6297285.482812625356019 ], [ 347505.456890141067561, 6297316.58931290730834 ], [ 347591.586190794943832, 6297337.913440924137831 ], [ 347639.728281226358376, 6297350.873541164211929 ], [ 347712.845006662770174, 6297371.991259173490107 ], [ 347757.286817852407694, 6297383.783319649286568 ], [ 347777.380244514206424, 6297288.714315365068614 ], [ 347787.35692289902363, 6297245.615247027017176 ], [ 347805.451062891283073, 6297159.38778330758214 ], [ 347814.550415070960298, 6297112.947401456534863 ], [ 347832.661614711920265, 6297025.611075524240732 ], [ 347845.723269507521763, 6296963.705276623368263 ], [ 347859.749237534706481, 6296899.596281053498387 ], [ 347868.778283213847317, 6296857.591399341821671 ] ] ] } },
{ "type": "Feature", "properties": { "OBJECTID": 4202, "objectd": 4182, "cod_rgn": "13", "cd_prvn": "131", "cod_cmn": "13113", "nmbr_rg": "Metropolitana de Santiago", "nmbr_pr": "Santiago", "nmbr_cm": "La Reina", "id_v_rs": "131135594", "uv_cart": "8", "uv_nmbr": "8", "prd_ndc": 20240601, "ndpet0_4_p": 9608035, "ndpet0_4_r": 3282568, "ndpet0_4_c": 19102, "ndpet0_4_u": "1318", "ndpet4_5_p": 1459190, "ndpet4_5_r": 552537, "ndpet4_5_c": 4282, "ndpet4_5_u": "294", "ndpet5_6_p": 1159567, "ndpet5_6_r": 451679, "ndpet5_6_c": 3568, "ndpet5_6_u": "241", "ndpet6_7_p": 1134251, "ndpet6_7_r": 455189, "ndpet6_7_c": 4048, "ndpet6_7_u": "326", "ndpet7_8_p": 1264009, "ndpet7_8_r": 507934, "ndpet7_8_c": 4499, "ndpet7_8_u": "346", "ndpet8_9_p": 1876093, "ndpet8_9_r": 830486, "ndpet8_9_c": 12830, "ndpet8_9_u": "1270", "ndpet9_1_p": 638111, "ndpet9_1_r": 298881, "ndpet9_1_c": "5593", "ndpet9_1_u": "572", "totl_ps": 17139256, "ttl_rgn": 6379274, "ttl_cmn": 53922, "totl_uv": "4367", "area_m2": 901844.20033634175, "perimeter_m": 4387.8908419372256, "centroide_x": 354558.18446715543, "centroide_y": 6296823.8562166346, "crs_original": "EPSG:4326", "fecha_normalizacion": "2025-10-10 01:59:26" }, "geometry": { "type": "Polygon", "coordinates": [ [ [ 355220.726022454851773, 6297036.059696237556636 ], [ 355214.221432826132514, 6296973.85284763481468 ], [ 355203.932661218917929, 6296916.025720054283738 ], [ 355205.410779052414, 6296879.447791341692209 ], [ 355204.06736586696934, 6296845.045740576460958 ], [ 355205.113243177940603, 6296837.297707009129226 ], [ 355207.886655474430881, 6296776.33919870108366 ], [ 355211.639327997108921, 6296712.067934216931462 ], [ 355215.691364694619551, 6296627.837531697936356 ], [ 355218.664272926282138, 6296553.572849500924349 ], [ 355219.826434280839749, 6296538.062936162576079 ], [ 355223.396211885788944, 6296485.989013850688934 ], [ 355224.974063693545759, 6296442.757984996773303 ], [ 355226.302576937247068, 6296416.159604454413056 ], [ 355229.218455485417508, 6296345.221285251900554 ], [ 355207.849712766765151, 6296344.900818705558777 ], [ 355178.329972670821007, 6296344.006296295672655 ], [ 355062.898125511710532, 6296340.507539907470345 ], [ 355048.788395002367906, 6296340.295698567293584 ], [ 355047.019298071041703, 6296340.269136171787977 ], [ 355037.804631548875477, 6296340.130775738507509 ], [ 355012.727872156538069, 6296338.645150217227638 ], [ 354989.493075383245014, 6296338.296174611896276 ], [ 354987.634294935909566, 6296338.2682541962713 ], [ 354977.411044157692231, 6296338.114686137065291 ], [ 354946.741206954990048, 6296337.653915699571371 ], [ 354927.486910076986533, 6296338.060507995076478 ], [ 354916.054620890878141, 6296338.301844071596861 ], [ 354901.176838433777448, 6296338.58524058945477 ], [ 354883.509326704428531, 6296338.921835588291287 ], [ 354872.348721916903742, 6296339.286397446878254 ], [ 354837.006530032202136, 6296340.440904051065445 ], [ 354832.359617127862293, 6296340.37102959305048 ], [ 354831.430184388766065, 6296340.357053678482771 ], [ 354822.11960070108762, 6296341.326093655079603 ], [ 354815.580553676583804, 6296343.445953793823719 ], [ 354810.655113472486846, 6296345.319472892209888 ], [ 354790.336924085393548, 6296353.048126217909157 ], [ 354751.052200999343768, 6296369.09368506167084 ], [ 354742.637646076618694, 6296372.294328696094453 ], [ 354696.813649742747657, 6296390.459480063989758 ], [ 354654.740453986159991, 6296406.462593120522797 ], [ 354636.035708903800696, 6296413.944619661197066 ], [ 354611.721054333029315, 6296423.560429621487856 ], [ 354601.430816827458329, 6296427.841857220977545 ], [ 354573.398569926503114, 6296437.401485092937946 ], [ 354558.444629009463824, 6296442.721666434779763 ], [ 354543.490669172722846, 6296448.041924845427275 ], [ 354534.275657720048912, 6296451.54682020843029 ], [ 354521.051343446306419, 6296456.576619328930974 ], [ 354487.375648313085549, 6296470.487365216016769 ], [ 354422.952291065477766, 6296496.374152909964323 ], [ 354367.659248827956617, 6296518.591733984649181 ], [ 354346.14904001832474, 6296527.140052167698741 ], [ 354323.692691337200813, 6296536.783099334686995 ], [ 354214.231770385347772, 6296582.822174498811364 ], [ 354196.251531649730168, 6296591.424171131104231 ], [ 354169.284731801075395, 6296604.325414352118969 ], [ 354114.063719479716383, 6296629.000477120280266 ], [ 354073.81374674779363, 6296647.246907452121377 ], [ 354000.1448852813337, 6296676.480485818348825 ], [ 353984.96537778963102, 6296682.504084195010364 ], [ 353893.344776743790135, 6296716.609272151254117 ], [ 353884.929520307749044, 6296719.809285598807037 ], [ 353883.610383728402667, 6296714.48493847809732 ], [ 353875.895516796736047, 6296716.445252563804388 ], [ 353867.081696489593014, 6296718.684968207031488 ], [ 353869.028465934447013, 6296726.22315894253552 ], [ 353876.161853793659247, 6296746.294973979704082 ], [ 353895.669691225746647, 6296808.699946969747543 ], [ 353907.893321930954698, 6296861.012581155635417 ], [ 353918.258202867698856, 6296913.297168593853712 ], [ 353926.052874457032885, 6296951.124572666361928 ], [ 353932.055880888365209, 6296984.488453738391399 ], [ 353942.998279871302657, 6297060.072823444381356 ], [ 353950.675893307023216, 6297105.662082355469465 ], [ 353958.537974238512106, 6297139.053947082720697 ], [ 353968.208759296103381, 6297175.80050802975893 ], [ 353983.037422097229864, 6297240.352635356597602 ], [ 353993.879838072694838, 6297296.291424154303968 ], [ 353996.982397904153913, 6297312.298040708526969 ], [ 353999.42345319641754, 6297324.891994051635265 ], [ 353999.691848603426479, 6297327.67331856302917 ], [ 354000.903041727025993, 6297340.226335056126118 ], [ 354020.134726208285429, 6297337.541900710202754 ], [ 354020.550228775129654, 6297341.847837619483471 ], [ 354046.609466472466011, 6297340.023508470505476 ], [ 354056.021663910127245, 6297332.402094752527773 ], [ 354134.910864805337042, 6297341.357620252296329 ], [ 354223.028131034574471, 6297354.888195792213082 ], [ 354234.14854548452422, 6297357.274250380694866 ], [ 354241.651415144558996, 6297352.951093601062894 ], [ 354258.415709731983952, 6297350.985901672393084 ], [ 354295.561771756561939, 6297353.764608421362936 ], [ 354312.259141556569375, 6297356.234712101519108 ], [ 354332.674481120076962, 6297358.760867170989513 ], [ 354363.280742996023037, 6297363.658864602446556 ], [ 354445.838189731468447, 6297375.99448923766613 ], [ 354496.809845889511053, 6297386.744419301860034 ], [ 354528.957299928588327, 6297390.430178763344884 ], [ 354530.221477566170506, 6297390.575097328051925 ], [ 354544.503577531839255, 6297306.498849373310804 ], [ 354555.81346700550057, 6297234.577849885448813 ], [ 354569.015477734385058, 6297160.467236030846834 ], [ 354585.450945560820401, 6297118.569002854637802 ], [ 354616.072887650458142, 6296937.138141161762178 ], [ 354674.494629714055918, 6296946.890366021543741 ], [ 354754.22707788576372, 6296961.399199947714806 ], [ 354829.345772672677413, 6296973.619807289913297 ], [ 354862.739374341908842, 6296978.558178788051009 ], [ 354877.577197354577947, 6296980.999382208101451 ], [ 354941.59277030924568, 6296989.724887397140265 ], [ 355051.018384895869531, 6297008.004485969431698 ], [ 355121.473833898140583, 6297021.261930893175304 ], [ 355220.726022454851773, 6297036.059696237556636 ] ] ] } },
{ "type": "Feature", "properties": { "OBJECTID": 4203, "objectd": 4183, "cod_rgn": "13", "cd_prvn": "131", "cod_cmn": "13113", "nmbr_rg": "Metropolitana de Santiago", "nmbr_pr": "Santiago", "nmbr_cm": "La Reina", "id_v_rs": "131135595", "uv_cart": "6", "uv_nmbr": "6", "prd_ndc": 20240601, "ndpet0_4_p": 9608035, "ndpet0_4_r": 3282568, "ndpet0_4_c": 19102, "ndpet0_4_u": "810", "ndpet4_5_p": 1459190, "ndpet4_5_r": 552537, "ndpet4_5_c": 4282, "ndpet4_5_u": "223", "ndpet5_6_p": 1159567, "ndpet5_6_r": 451679, "ndpet5_6_c": 3568, "ndpet5_6_u": "205", "ndpet6_7_p": 1134251, "ndpet6_7_r": 455189, "ndpet6_7_c": 4048, "ndpet6_7_u": "231", "ndpet7_8_p": 1264009, "ndpet7_8_r": 507934, "ndpet7_8_c": 4499, "ndpet7_8_u": "303", "ndpet8_9_p": 1876093, "ndpet8_9_r": 830486, "ndpet8_9_c": 12830, "ndpet8_9_u": "784", "ndpet9_1_p": 638111, "ndpet9_1_r": 298881, "ndpet9_1_c": "5593", "ndpet9_1_u": "344", "totl_ps": 17139256, "ttl_rgn": 6379274, "ttl_cmn": 53922, "totl_uv": "2900", "area_m2": 577753.10549000627, "perimeter_m": 3180.880396681458, "centroide_x": 354434.70336041762, "centroide_y": 6297674.4588726573, "crs_original": "EPSG:4326", "fecha_normalizacion": "2025-10-10 01:59:26" }, "geometry": { "type": "Polygon", "coordinates": [ [ [ 355100.32810758164851, 6297501.182336824014783 ], [ 355105.092109795659781, 6297493.490097800269723 ], [ 355108.89329026179621, 6297488.001701399683952 ], [ 355062.518107189331204, 6297480.651277290657163 ], [ 355031.911226719617844, 6297475.755520867183805 ], [ 354980.905339322285727, 6297467.226143168285489 ], [ 354952.157527473871596, 6297462.358045345172286 ], [ 354922.480284100049175, 6297457.47589878551662 ], [ 354870.561686569708399, 6297447.823072347790003 ], [ 354800.103343445924111, 6297434.563900519162416 ], [ 354730.50798808428226, 6297425.753674449399114 ], [ 354680.415323553956114, 6297418.345468781888485 ], [ 354616.447197871573735, 6297406.291739765554667 ], [ 354591.400978575926274, 6297402.587421163916588 ], [ 354530.221477566170506, 6297390.575097328051925 ], [ 354528.957299928588327, 6297390.430178763344884 ], [ 354496.809845889511053, 6297386.744419301860034 ], [ 354445.838189731468447, 6297375.99448923766613 ], [ 354363.280742996023037, 6297363.658864602446556 ], [ 354332.674481120076962, 6297358.760867170989513 ], [ 354312.259141556569375, 6297356.234712101519108 ], [ 354295.561771756561939, 6297353.764608421362936 ], [ 354258.415709731983952, 6297350.985901672393084 ], [ 354241.651415144558996, 6297352.951093601062894 ], [ 354234.14854548452422, 6297357.274250380694866 ], [ 354223.028131034574471, 6297354.888195792213082 ], [ 354134.910864805337042, 6297341.357620252296329 ], [ 354056.021663910127245, 6297332.402094752527773 ], [ 354046.609466472466011, 6297340.023508470505476 ], [ 354020.550228775129654, 6297341.847837619483471 ], [ 354020.134726208285429, 6297337.541900710202754 ], [ 354000.903041727025993, 6297340.226335056126118 ], [ 354001.030978716444224, 6297341.5527673214674 ], [ 353999.414145493414253, 6297387.001428345218301 ], [ 353998.149424067407381, 6297409.164333824068308 ], [ 353993.794417163240723, 6297451.244241909123957 ], [ 353987.546844929107465, 6297495.513836706057191 ], [ 353982.396425963728689, 6297528.708903974853456 ], [ 353979.272563835489564, 6297550.84369698446244 ], [ 353975.202455655205995, 6297574.073233556933701 ], [ 353968.075577646610327, 6297615.002168133854866 ], [ 353962.874671897850931, 6297651.523815071210265 ], [ 353957.774416485917754, 6297681.392474669963121 ], [ 353950.597030623350292, 6297725.647886617109179 ], [ 353940.312532356882002, 6297790.929276274517179 ], [ 353916.719581429264508, 6297936.973603060469031 ], [ 353926.015058363089338, 6297937.114179174415767 ], [ 353936.240124590520281, 6297937.268803191371262 ], [ 353989.140407201950438, 6297943.614043386653066 ], [ 354008.627440483309329, 6297946.126790635287762 ], [ 354033.67493210057728, 6297949.832675913348794 ], [ 354077.246412701846566, 6297958.254651928320527 ], [ 354119.921859153546393, 6297964.444796060211957 ], [ 354191.363232623669319, 6297974.39625983312726 ], [ 354240.5121499246452, 6297982.901676710695028 ], [ 354264.630287148465868, 6297986.592930609360337 ], [ 354323.987704541883431, 6297996.360977979376912 ], [ 354374.996005372784566, 6298004.893840726464987 ], [ 354432.494505692855455, 6298014.633285734802485 ], [ 354526.178879192098975, 6298029.353799576871097 ], [ 354552.156318204302806, 6298033.072226066142321 ], [ 354605.953582439920865, 6298041.645744446665049 ], [ 354646.739536244655028, 6298005.926632827147841 ], [ 354675.674801369430497, 6297980.585617126896977 ], [ 354751.022422007634304, 6297916.282294299453497 ], [ 354798.132978873152751, 6297874.845052022486925 ], [ 354826.452367006335407, 6297846.434235826134682 ], [ 354852.033104342583101, 6297814.654952127486467 ], [ 354937.289630659506656, 6297709.462707780301571 ], [ 354979.93390287773218, 6297655.757476840168238 ], [ 355033.998145800782368, 6297584.478072080761194 ], [ 355100.32810758164851, 6297501.182336824014783 ] ] ] } },
{ "type": "Feature", "properties": { "OBJECTID": 4204, "objectd": 4184, "cod_rgn": "13", "cd_prvn": "131", "cod_cmn": "13113", "nmbr_rg": "Metropolitana de Santiago", "nmbr_pr": "Santiago", "nmbr_cm": "La Reina", "id_v_rs": "131135603", "uv_cart": "4", "uv_nmbr": "4", "prd_ndc": 20240601, "ndpet0_4_p": 9608035, "ndpet0_4_r": 3282568, "ndpet0_4_c": 19102, "ndpet0_4_u": "294", "ndpet4_5_p": 1459190, "ndpet4_5_r": 552537, "ndpet4_5_c": 4282, "ndpet4_5_u": "84", "ndpet5_6_p": 1159567, "ndpet5_6_r": 451679, "ndpet5_6_c": 3568, "ndpet5_6_u": "66", "ndpet6_7_p": 1134251, "ndpet6_7_r": 455189, "ndpet6_7_c": 4048, "ndpet6_7_u": "99", "ndpet7_8_p": 1264009, "ndpet7_8_r": 507934, "ndpet7_8_c": 4499, "ndpet7_8_u": "74", "ndpet8_9_p": 1876093, "ndpet8_9_r": 830486, "ndpet8_9_c": 12830, "ndpet8_9_u": "376", "ndpet9_1_p": 638111, "ndpet9_1_r": 298881, "ndpet9_1_c": "5593", "ndpet9_1_u": "152", "totl_ps": 17139256, "ttl_rgn": 6379274, "ttl_cmn": 53922, "totl_uv": "1145", "area_m2": 373083.66839063354, "perimeter_m": 3107.1876705836567, "centroide_x": 354080.74714962766, "centroide_y": 6298331.2584291464, "crs_original": "EPSG:4326", "fecha_normalizacion": "2025-10-10 01:59:26" }, "geometry": { "type": "Polygon", "coordinates": [ [ [ 353765.890772585757077, 6298994.990508181974292 ], [ 353771.552574958768673, 6298989.530641308054328 ], [ 353806.486407026648521, 6298954.56814600713551 ], [ 353862.240990005549975, 6298895.520164636895061 ], [ 353891.562889539636672, 6298862.6907102689147 ], [ 353954.159102800826076, 6298781.563814182765782 ], [ 353995.950752914242912, 6298723.413221495226026 ], [ 354034.828255955013447, 6298671.69090442173183 ], [ 354057.114483635290526, 6298642.041255660355091 ], [ 354077.55621463584248, 6298614.845423016697168 ], [ 354083.251116817409638, 6298607.167692815884948 ], [ 354087.036548660136759, 6298602.788468052633107 ], [ 354098.247006096993573, 6298587.888807480223477 ], [ 354106.013889360590838, 6298577.565835834480822 ], [ 354109.883018448599614, 6298567.642423588782549 ], [ 354120.29283290472813, 6298555.599474902264774 ], [ 354152.468503502081148, 6298518.376003338955343 ], [ 354213.812930396234151, 6298458.301522803492844 ], [ 354278.028958068462089, 6298392.724560476839542 ], [ 354358.498445142991841, 6298297.446569501422346 ], [ 354396.316679421113804, 6298255.871036467142403 ], [ 354474.724313975311816, 6298173.87026165984571 ], [ 354532.429745456320234, 6298108.193679185584188 ], [ 354605.953582439920865, 6298041.645744446665049 ], [ 354552.156318204302806, 6298033.072226066142321 ], [ 354526.178879192098975, 6298029.353799576871097 ], [ 354432.494505692855455, 6298014.633285734802485 ], [ 354374.996005372784566, 6298004.893840726464987 ], [ 354323.987704541883431, 6297996.360977979376912 ], [ 354264.630287148465868, 6297986.592930609360337 ], [ 354240.5121499246452, 6297982.901676710695028 ], [ 354191.363232623669319, 6297974.39625983312726 ], [ 354119.921859153546393, 6297964.444796060211957 ], [ 354077.246412701846566, 6297958.254651928320527 ], [ 354033.67493210057728, 6297949.832675913348794 ], [ 354008.627440483309329, 6297946.126790635287762 ], [ 353989.140407201950438, 6297943.614043386653066 ], [ 353936.240124590520281, 6297937.268803191371262 ], [ 353926.015058363089338, 6297937.114179174415767 ], [ 353916.719581429264508, 6297936.973603060469031 ], [ 353908.595778582559433, 6297982.323822922073305 ], [ 353897.21335448557511, 6298058.67957113776356 ], [ 353884.968438232317567, 6298130.58575770445168 ], [ 353878.753673535306007, 6298172.637577665969729 ], [ 353873.65298768307548, 6298202.506089359521866 ], [ 353863.384359761548694, 6298266.678490150719881 ], [ 353859.297006559674628, 6298291.016870823688805 ], [ 353857.253324463730678, 6298303.186010607518256 ], [ 353843.893838060612325, 6298387.275442864745855 ], [ 353838.776113425963558, 6298418.252829872071743 ], [ 353817.291667403886095, 6298547.692368953488767 ], [ 353805.294991840666626, 6298623.050357445143163 ], [ 353798.796921517001465, 6298663.86790069937706 ], [ 353784.456703523290344, 6298751.269764848984778 ], [ 353776.415577948559076, 6298791.075582406483591 ], [ 353770.250445610261522, 6298829.800735515542328 ], [ 353759.812910119653679, 6298905.061476472765207 ], [ 353757.752239419962279, 6298918.339489258825779 ], [ 353747.566301148501225, 6298976.967574058100581 ], [ 353735.993228231673129, 6299019.178385405801237 ], [ 353743.287475575110875, 6299014.410728191956878 ], [ 353751.744590174173936, 6299008.085613366216421 ], [ 353765.890772585757077, 6298994.990508181974292 ] ] ] } },
{ "type": "Feature", "properties": { "OBJECTID": 4205, "objectd": 4185, "cod_rgn": "13", "cd_prvn": "131", "cod_cmn": "13113", "nmbr_rg": "Metropolitana de Santiago", "nmbr_pr": "Santiago", "nmbr_cm": "La Reina", "id_v_rs": "131135605", "uv_cart": "9", "uv_nmbr": "9", "prd_ndc": 20240601, "ndpet0_4_p": 9608035, "ndpet0_4_r": 3282568, "ndpet0_4_c": 19102, "ndpet0_4_u": "362", "ndpet4_5_p": 1459190, "ndpet4_5_r": 552537, "ndpet4_5_c": 4282, "ndpet4_5_u": "120", "ndpet5_6_p": 1159567, "ndpet5_6_r": 451679, "ndpet5_6_c": 3568, "ndpet5_6_u": "117", "ndpet6_7_p": 1134251, "ndpet6_7_r": 455189, "ndpet6_7_c": 4048, "ndpet6_7_u": "105", "ndpet7_8_p": 1264009, "ndpet7_8_r": 507934, "ndpet7_8_c": 4499, "ndpet7_8_u": "89", "ndpet8_9_p": 1876093, "ndpet8_9_r": 830486, "ndpet8_9_c": 12830, "ndpet8_9_u": "389", "ndpet9_1_p": 638111, "ndpet9_1_r": 298881, "ndpet9_1_c": "5593", "ndpet9_1_u": "139", "totl_ps": 17139256, "ttl_rgn": 6379274, "ttl_cmn": 53922, "totl_uv": "1321", "area_m2": 314671.88907002634, "perimeter_m": 2311.0545248608396, "centroide_x": 354911.74250304617, "centroide_y": 6297210.5833524847, "crs_original": "EPSG:4326", "fecha_normalizacion": "2025-10-10 01:59:26" }, "geometry": { "type": "Polygon", "coordinates": [ [ [ 355368.160626120283268, 6297061.560014048591256 ], [ 355220.726022454851773, 6297036.059696237556636 ], [ 355121.473833898140583, 6297021.261930893175304 ], [ 355051.018384895869531, 6297008.004485969431698 ], [ 354941.59277030924568, 6296989.724887397140265 ], [ 354877.577197354577947, 6296980.999382208101451 ], [ 354862.739374341908842, 6296978.558178788051009 ], [ 354829.345772672677413, 6296973.619807289913297 ], [ 354754.22707788576372, 6296961.399199947714806 ], [ 354674.494629714055918, 6296946.890366021543741 ], [ 354616.072887650458142, 6296937.138141161762178 ], [ 354585.450945560820401, 6297118.569002854637802 ], [ 354569.015477734385058, 6297160.467236030846834 ], [ 354555.81346700550057, 6297234.577849885448813 ], [ 354544.503577531839255, 6297306.498849373310804 ], [ 354530.221477566170506, 6297390.575097328051925 ], [ 354591.400978575926274, 6297402.587421163916588 ], [ 354616.447197871573735, 6297406.291739765554667 ], [ 354680.415323553956114, 6297418.345468781888485 ], [ 354730.50798808428226, 6297425.753674449399114 ], [ 354800.103343445924111, 6297434.563900519162416 ], [ 354870.561686569708399, 6297447.823072347790003 ], [ 354922.480284100049175, 6297457.47589878551662 ], [ 354952.157527473871596, 6297462.358045345172286 ], [ 354980.905339322285727, 6297467.226143168285489 ], [ 355031.911226719617844, 6297475.755520867183805 ], [ 355062.518107189331204, 6297480.651277290657163 ], [ 355108.89329026179621, 6297488.001701399683952 ], [ 355162.192451933166012, 6297405.619130202569067 ], [ 355224.939499443979003, 6297307.74868056550622 ], [ 355249.58775721420534, 6297269.21851777471602 ], [ 355304.125749075668864, 6297178.164598040282726 ], [ 355321.271532744227443, 6297150.694088901393116 ], [ 355368.160626120283268, 6297061.560014048591256 ] ] ] } },
{ "type": "Feature", "properties": { "OBJECTID": 4206, "objectd": 4186, "cod_rgn": "13", "cd_prvn": "131", "cod_cmn": "13113", "nmbr_rg": "Metropolitana de Santiago", "nmbr_pr": "Santiago", "nmbr_cm": "La Reina", "id_v_rs": "131135606", "uv_cart": "10", "uv_nmbr": "10", "prd_ndc": 20240601, "ndpet0_4_p": 9608035, "ndpet0_4_r": 3282568, "ndpet0_4_c": 19102, "ndpet0_4_u": "679", "ndpet4_5_p": 1459190, "ndpet4_5_r": 552537, "ndpet4_5_c": 4282, "ndpet4_5_u": "137", "ndpet5_6_p": 1159567, "ndpet5_6_r": 451679, "ndpet5_6_c": 3568, "ndpet5_6_u": "126", "ndpet6_7_p": 1134251, "ndpet6_7_r": 455189, "ndpet6_7_c": 4048, "ndpet6_7_u": "113", "ndpet7_8_p": 1264009, "ndpet7_8_r": 507934, "ndpet7_8_c": 4499, "ndpet7_8_u": "97", "ndpet8_9_p": 1876093, "ndpet8_9_r": 830486, "ndpet8_9_c": 12830, "ndpet8_9_u": "346", "ndpet9_1_p": 638111, "ndpet9_1_r": 298881, "ndpet9_1_c": "5593", "ndpet9_1_u": "90", "totl_ps": 17139256, "ttl_rgn": 6379274, "ttl_cmn": 53922, "totl_uv": "1588", "area_m2": 261326.24582532173, "perimeter_m": 2250.5804345672364, "centroide_x": 355421.20695818856, "centroide_y": 6296633.8700100854, "crs_original": "EPSG:4326", "fecha_normalizacion": "2025-10-10 01:59:26" }, "geometry": { "type": "Polygon", "coordinates": [ [ [ 355800.002579989028163, 6296344.891066838055849 ], [ 355682.833603530656546, 6296347.576603749766946 ], [ 355627.03268781886436, 6296345.650292971171439 ], [ 355626.157422536984086, 6296345.620147554203868 ], [ 355500.656848210841417, 6296345.960688883438706 ], [ 355446.75235161522869, 6296345.153708808124065 ], [ 355393.760588362347335, 6296345.469144618138671 ], [ 355364.003591437707655, 6296346.132518904283643 ], [ 355347.274575977644417, 6296345.881871834397316 ], [ 355253.38970175338909, 6296345.583723845891654 ], [ 355229.218455485417508, 6296345.221285251900554 ], [ 355226.302576937247068, 6296416.159604454413056 ], [ 355224.974063693545759, 6296442.757984996773303 ], [ 355223.396211885788944, 6296485.989013850688934 ], [ 355219.826434280839749, 6296538.062936162576079 ], [ 355218.664272926282138, 6296553.572849500924349 ], [ 355215.691364694619551, 6296627.837531697936356 ], [ 355211.639327997108921, 6296712.067934216931462 ], [ 355207.886655474430881, 6296776.33919870108366 ], [ 355205.113243177940603, 6296837.297707009129226 ], [ 355204.06736586696934, 6296845.045740576460958 ], [ 355205.410779052414, 6296879.447791341692209 ], [ 355203.932661218917929, 6296916.025720054283738 ], [ 355214.221432826132514, 6296973.85284763481468 ], [ 355220.726022454851773, 6297036.059696237556636 ], [ 355368.160626120283268, 6297061.560014048591256 ], [ 355377.636246281908825, 6297046.97675163205713 ], [ 355390.999010813422501, 6297026.411049288697541 ], [ 355448.143983183777891, 6296935.212030652910471 ], [ 355483.462811134406365, 6296873.631549032405019 ], [ 355514.067709851078689, 6296816.416691550984979 ], [ 355574.214229662378784, 6296710.8436673078686 ], [ 355603.82232836826006, 6296658.050125828944147 ], [ 355619.008082275046036, 6296637.204500343650579 ], [ 355736.093231638660654, 6296453.736324776895344 ], [ 355741.785604664764833, 6296446.057782165706158 ], [ 355762.762487267027609, 6296410.880228601396084 ], [ 355784.668571037531365, 6296375.716615488752723 ], [ 355800.002579989028163, 6296344.891066838055849 ] ] ] } },
{ "type": "Feature", "properties": { "OBJECTID": 4236, "objectd": 4216, "cod_rgn": "13", "cd_prvn": "131", "cod_cmn": "13101", "nmbr_rg": "Metropolitana de Santiago", "nmbr_pr": "Santiago", "nmbr_cm": "Santiago", "id_v_rs": "131016489", "uv_cart": "38", "uv_nmbr": "38", "prd_ndc": 20240601, "ndpet0_4_p": 9608035, "ndpet0_4_r": 3282568, "ndpet0_4_c": 139710, "ndpet0_4_u": "3370", "ndpet4_5_p": 1459190, "ndpet4_5_r": 552537, "ndpet4_5_c": 26989, "ndpet4_5_u": "614", "ndpet5_6_p": 1159567, "ndpet5_6_r": 451679, "ndpet5_6_c": 26691, "ndpet5_6_u": "567", "ndpet6_7_p": 1134251, "ndpet6_7_r": 455189, "ndpet6_7_c": 30358, "ndpet6_7_u": "568", "ndpet7_8_p": 1264009, "ndpet7_8_r": 507934, "ndpet7_8_c": 36539, "ndpet7_8_u": "554", "ndpet8_9_p": 1876093, "ndpet8_9_r": 830486, "ndpet8_9_c": 57768, "ndpet8_9_u": "711", "ndpet9_1_p": 638111, "ndpet9_1_r": 298881, "ndpet9_1_c": "25806", "ndpet9_1_u": "231", "totl_ps": 17139256, "ttl_rgn": 6379274, "ttl_cmn": 343861, "totl_uv": "6615", "area_m2": 481799.18489446974, "perimeter_m": 2803.0677314795084, "centroide_x": 347729.03453236818, "centroide_y": 6295879.7678411119, "crs_original": "EPSG:4326", "fecha_normalizacion": "2025-10-10 01:59:26" }, "geometry": { "type": "Polygon", "coordinates": [ [ [ 348156.156012926483527, 6295609.90032347664237 ], [ 348098.658884610515088, 6295601.231574936769903 ], [ 348039.303240142820869, 6295592.533317518420517 ], [ 347977.177084456081502, 6295582.681862959638238 ], [ 347914.104262902867049, 6295573.924274957738817 ], [ 347867.724701026978437, 6295567.647588609717786 ], [ 347822.291968895704485, 6295560.27651472017169 ], [ 347708.21075241768267, 6295544.058331646956503 ], [ 347633.091997421695851, 6295532.89051971398294 ], [ 347504.194485310290474, 6295513.108502550050616 ], [ 347396.360688425658736, 6295498.509930910542607 ], [ 347392.88468436547555, 6295498.039421087130904 ], [ 347388.676436754292808, 6295587.813313165679574 ], [ 347385.046844429103658, 6295640.994781136512756 ], [ 347382.504344740067609, 6295684.211099554784596 ], [ 347378.331103834090754, 6295771.767238760367036 ], [ 347372.544716402655467, 6295902.554469330236316 ], [ 347371.404985368717462, 6295915.846157783642411 ], [ 347360.147425726172514, 6296039.891900681890547 ], [ 347345.137015989632346, 6296166.096662022173405 ], [ 347442.531093589961529, 6296179.836789947003126 ], [ 347483.354647721746005, 6296184.918405116535723 ], [ 347509.325244789943099, 6296188.656147399917245 ], [ 347539.013549892581068, 6296192.452433491125703 ], [ 347565.89611641317606, 6296197.313515163958073 ], [ 347597.425759655423462, 6296202.247884567826986 ], [ 347605.772834878414869, 6296203.488745911046863 ], [ 347666.026466710027307, 6296214.422033756971359 ], [ 347758.59939285524888, 6296239.174245743080974 ], [ 347876.249317672452889, 6296265.42992199677974 ], [ 347933.645428038085811, 6296280.752930721268058 ], [ 347991.094166377442889, 6296292.749052979052067 ], [ 348023.911790238460526, 6296156.841900592669845 ], [ 348039.759623616642784, 6296094.97974406927824 ], [ 348048.665182984317653, 6296060.736695237457752 ], [ 348060.603228036488872, 6296011.013436425477266 ], [ 348083.444876540452242, 6295918.205431479029357 ], [ 348093.419174124486744, 6295875.106062700971961 ], [ 348123.271733162633609, 6295750.243351444602013 ], [ 348132.316417415742762, 6295707.129321927204728 ], [ 348138.276355738868006, 6295682.822052553296089 ], [ 348156.156012926483527, 6295609.90032347664237 ] ] ] } },
{ "type": "Feature", "properties": { "OBJECTID": 4427, "objectd": 4400, "cod_rgn": "13", "cd_prvn": "131", "cod_cmn": "13101", "nmbr_rg": "Metropolitana de Santiago", "nmbr_pr": "Santiago", "nmbr_cm": "Santiago", "id_v_rs": "131016448", "uv_cart": "5", "uv_nmbr": "5", "prd_ndc": 20240601, "ndpet0_4_p": 9608035, "ndpet0_4_r": 3282568, "ndpet0_4_c": 139710, "ndpet0_4_u": "3074", "ndpet4_5_p": 1459190, "ndpet4_5_r": 552537, "ndpet4_5_c": 26989, "ndpet4_5_u": "660", "ndpet5_6_p": 1159567, "ndpet5_6_r": 451679, "ndpet5_6_c": 26691, "ndpet5_6_u": "687", "ndpet6_7_p": 1134251, "ndpet6_7_r": 455189, "ndpet6_7_c": 30358, "ndpet6_7_u": "852", "ndpet7_8_p": 1264009, "ndpet7_8_r": 507934, "ndpet7_8_c": 36539, "ndpet7_8_u": "1132", "ndpet8_9_p": 1876093, "ndpet8_9_r": 830486, "ndpet8_9_c": 57768, "ndpet8_9_u": "1725", "ndpet9_1_p": 638111, "ndpet9_1_r": 298881, "ndpet9_1_c": "25806", "ndpet9_1_u": "976", "totl_ps": 17139256, "ttl_rgn": 6379274, "ttl_cmn": 343861, "totl_uv": "9106", "area_m2": 335404.6364539208, "perimeter_m": 2704.6688938651446, "centroide_x": 345871.26805616997, "centroide_y": 6298492.6672491143, "crs_original": "EPSG:4326", "fecha_normalizacion": "2025-10-10 01:59:26" }, "geometry": { "type": "Polygon", "coordinates": [ [ [ 345987.465735142352059, 6298931.817657230421901 ], [ 345987.723160560708493, 6298929.738826815038919 ], [ 345988.585841717664152, 6298922.772824639454484 ], [ 345989.744253897573799, 6298913.418087543919683 ], [ 346002.407354702765588, 6298811.159074083901942 ], [ 346007.833277801924851, 6298762.443237977102399 ], [ 346016.224790938373189, 6298702.683103069663048 ], [ 346017.437146183219738, 6298684.956190871074796 ], [ 346028.811910728807561, 6298613.04303415864706 ], [ 346039.868396140867844, 6298561.089419833384454 ], [ 346050.065870298654772, 6298504.685523243620992 ], [ 346060.43993217672687, 6298437.192971013486385 ], [ 346082.011282578634564, 6298308.875927180051804 ], [ 346093.961559392511845, 6298259.154792465269566 ], [ 346103.06989186827559, 6298212.715760443359613 ], [ 346113.001804160536267, 6298172.944817279465497 ], [ 346117.463271356537007, 6298160.042084028944373 ], [ 346126.114056060439907, 6298128.583457403816283 ], [ 346080.490457411389798, 6298112.533056434243917 ], [ 345959.315269735001493, 6298072.89054068364203 ], [ 345850.119396726950072, 6298040.092511078342795 ], [ 345789.961997329141013, 6298022.495170078240335 ], [ 345728.875091564666945, 6298004.882598293013871 ], [ 345709.442459859536029, 6297999.02643533423543 ], [ 345689.992135395063087, 6297994.279148289002478 ], [ 345685.689246627385728, 6298030.812277045100927 ], [ 345682.617021649726667, 6298048.509581563994288 ], [ 345678.402750103909057, 6298079.49842772539705 ], [ 345671.99260552827036, 6298131.525970255956054 ], [ 345665.281251687090844, 6298202.40417554974556 ], [ 345664.678935459291097, 6298240.10561057459563 ], [ 345667.024842231185175, 6298267.871755466796458 ], [ 345675.50610283453716, 6298319.027978278696537 ], [ 345686.58145282388432, 6298382.426302182488143 ], [ 345709.680138039635494, 6298508.128811724483967 ], [ 345712.238786360016093, 6298522.588546050712466 ], [ 345732.744040181569289, 6298636.048950083553791 ], [ 345735.231951724970713, 6298654.944132827222347 ], [ 345738.136149915750138, 6298706.01128794811666 ], [ 345737.41029717377387, 6298751.474694656208158 ], [ 345736.215129715623334, 6298768.092774225398898 ], [ 345736.091204835218377, 6298775.85477748233825 ], [ 345723.058630616404116, 6298893.216216057538986 ], [ 345704.775959458434954, 6299010.376299753785133 ], [ 345703.376392980455421, 6299019.344632416963577 ], [ 345718.180458300339524, 6299024.017595021985471 ], [ 345719.455129223177209, 6299024.185772830620408 ], [ 345842.527583910967223, 6299040.420980629511178 ], [ 345971.523337615246419, 6299056.896844265982509 ], [ 345987.465735142352059, 6298931.817657230421901 ] ] ] } },
{ "type": "Feature", "properties": { "OBJECTID": 4428, "objectd": 4401, "cod_rgn": "13", "cd_prvn": "131", "cod_cmn": "13101", "nmbr_rg": "Metropolitana de Santiago", "nmbr_pr": "Santiago", "nmbr_cm": "Santiago", "id_v_rs": "131016449", "uv_cart": "16", "uv_nmbr": "16", "prd_ndc": 20240601, "ndpet0_4_p": 9608035, "ndpet0_4_r": 3282568, "ndpet0_4_c": 139710, "ndpet0_4_u": "2304", "ndpet4_5_p": 1459190, "ndpet4_5_r": 552537, "ndpet4_5_c": 26989, "ndpet4_5_u": "466", "ndpet5_6_p": 1159567, "ndpet5_6_r": 451679, "ndpet5_6_c": 26691, "ndpet5_6_u": "468", "ndpet6_7_p": 1134251, "ndpet6_7_r": 455189, "ndpet6_7_c": 30358, "ndpet6_7_u": "557", "ndpet7_8_p": 1264009, "ndpet7_8_r": 507934, "ndpet7_8_c": 36539, "ndpet7_8_u": "665", "ndpet8_9_p": 1876093, "ndpet8_9_r": 830486, "ndpet8_9_c": 57768, "ndpet8_9_u": "1137", "ndpet9_1_p": 638111, "ndpet9_1_r": 298881, "ndpet9_1_c": "25806", "ndpet9_1_u": "453", "totl_ps": 17139256, "ttl_rgn": 6379274, "ttl_cmn": 343861, "totl_uv": "6050", "area_m2": 404189.39073019393, "perimeter_m": 2587.2435270965129, "centroide_x": 345322.31365185289, "centroide_y": 6298718.9102252293, "crs_original": "EPSG:4326", "fecha_normalizacion": "2025-10-10 01:59:26" }, "geometry": { "type": "Polygon", "coordinates": [ [ [ 345712.238786360016093, 6298522.588546050712466 ], [ 345680.648997386393603, 6298520.974925671704113 ], [ 345663.951126810046844, 6298518.48990479297936 ], [ 345640.834296229819302, 6298510.356510201469064 ], [ 345632.556240513455123, 6298504.678556827828288 ], [ 345623.277649158379063, 6298503.421202639117837 ], [ 345511.917151739704423, 6298489.440470779314637 ], [ 345507.268960753688589, 6298489.366143589839339 ], [ 345471.048908953671344, 6298486.568589003756642 ], [ 345410.747298567788675, 6298477.839903628453612 ], [ 345374.562792947865091, 6298472.824252593331039 ], [ 345279.918316409166437, 6298460.217532926239073 ], [ 345231.666566331870854, 6298453.898980459198356 ], [ 345220.528802915359847, 6298452.611351585946977 ], [ 345098.049188932811376, 6298436.229445634409785 ], [ 345003.529904820490628, 6298415.857873643748462 ], [ 344963.68064991326537, 6298407.454458074644208 ], [ 344938.482431191485375, 6298529.05675645917654 ], [ 344931.316438485227991, 6298569.980340925976634 ], [ 344914.643614160479046, 6298653.613323817029595 ], [ 344914.377039934159257, 6298654.950561462901533 ], [ 344914.124294105335139, 6298656.218197176232934 ], [ 344909.462356984848157, 6298714.92830026242882 ], [ 344903.728375531965867, 6298782.494509669020772 ], [ 344898.787775785895064, 6298848.53652476798743 ], [ 344895.440749930043239, 6298893.276611239649355 ], [ 344893.89948773314245, 6298906.008493382483721 ], [ 344893.642726161808241, 6298908.130209577269852 ], [ 344893.308300720294937, 6298910.990014167502522 ], [ 345000.030953274515923, 6298923.792856758460402 ], [ 345034.357694783946499, 6298928.780033089220524 ], [ 345085.400823521486018, 6298935.144198732450604 ], [ 345129.024379533715546, 6298940.280076500028372 ], [ 345278.417671893257648, 6298960.419714713469148 ], [ 345410.183201406849548, 6298978.056718925014138 ], [ 345453.789229885907844, 6298984.299931167624891 ], [ 345582.730762988503557, 6299004.107680546119809 ], [ 345657.910745457164012, 6299013.072760160081089 ], [ 345673.697548247233499, 6299014.434096934273839 ], [ 345690.296105738088954, 6299017.180403597652912 ], [ 345703.376392980455421, 6299019.344632416963577 ], [ 345704.775959458434954, 6299010.376299753785133 ], [ 345723.058630616404116, 6298893.216216057538986 ], [ 345736.091204835218377, 6298775.85477748233825 ], [ 345736.215129715623334, 6298768.092774225398898 ], [ 345737.41029717377387, 6298751.474694656208158 ], [ 345738.136149915750138, 6298706.01128794811666 ], [ 345735.231951724970713, 6298654.944132827222347 ], [ 345732.744040181569289, 6298636.048950083553791 ], [ 345712.238786360016093, 6298522.588546050712466 ] ] ] } },
{ "type": "Feature", "properties": { "OBJECTID": 4429, "objectd": 4402, "cod_rgn": "13", "cd_prvn": "131", "cod_cmn": "13101", "nmbr_rg": "Metropolitana de Santiago", "nmbr_pr": "Santiago", "nmbr_cm": "Santiago", "id_v_rs": "131016450", "uv_cart": "13", "uv_nmbr": "13", "prd_ndc": 20240601, "ndpet0_4_p": 9608035, "ndpet0_4_r": 3282568, "ndpet0_4_c": 139710, "ndpet0_4_u": "2347", "ndpet4_5_p": 1459190, "ndpet4_5_r": 552537, "ndpet4_5_c": 26989, "ndpet4_5_u": "348", "ndpet5_6_p": 1159567, "ndpet5_6_r": 451679, "ndpet5_6_c": 26691, "ndpet5_6_u": "337", "ndpet6_7_p": 1134251, "ndpet6_7_r": 455189, "ndpet6_7_c": 30358, "ndpet6_7_u": "335", "ndpet7_8_p": 1264009, "ndpet7_8_r": 507934, "ndpet7_8_c": 36539, "ndpet7_8_u": "335", "ndpet8_9_p": 1876093, "ndpet8_9_r": 830486, "ndpet8_9_c": 57768, "ndpet8_9_u": "456", "ndpet9_1_p": 638111, "ndpet9_1_r": 298881, "ndpet9_1_c": "25806", "ndpet9_1_u": "143", "totl_ps": 17139256, "ttl_rgn": 6379274, "ttl_cmn": 343861, "totl_uv": "4301", "area_m2": 379807.18431200349, "perimeter_m": 2538.0376887773182, "centroide_x": 344174.59750258323, "centroide_y": 6297913.6640033508, "crs_original": "EPSG:4326", "fecha_normalizacion": "2025-10-10 01:59:26" }, "geometry": { "type": "Polygon", "coordinates": [ [ [ 344507.807452834676951, 6297671.413382340222597 ], [ 344497.767028846545145, 6297667.95554019883275 ], [ 344419.964193977182731, 6297641.160730658099055 ], [ 344381.119615990668535, 6297628.334262249991298 ], [ 344279.423298684298061, 6297592.311335317790508 ], [ 344260.010116868128534, 6297585.34337117895484 ], [ 344186.057858218322508, 6297558.640017101541162 ], [ 344089.904360335262027, 6297524.922754636965692 ], [ 344071.403115210589021, 6297519.078227642923594 ], [ 344053.820728647639044, 6297514.359505550935864 ], [ 344024.211429601768032, 6297505.006296909414232 ], [ 343994.107909194892272, 6297496.704646053723991 ], [ 343968.671973149292171, 6297489.690158998593688 ], [ 343950.189339814358391, 6297485.175249099731445 ], [ 343949.22327641712036, 6297484.939294109120965 ], [ 343944.320516856212635, 6297526.284392235800624 ], [ 343943.841025367495604, 6297530.327855573967099 ], [ 343932.66422815452097, 6297646.608942109160125 ], [ 343928.763271923933644, 6297700.240155384875834 ], [ 343925.492204790876713, 6297745.208159377798438 ], [ 343920.90154377440922, 6297788.725533008575439 ], [ 343920.002273427788168, 6297797.249923406168818 ], [ 343910.93512045184616, 6297898.036917101591825 ], [ 343908.502568615367636, 6297933.490626526065171 ], [ 343906.05208855739329, 6297970.053254356607795 ], [ 343902.761561815219466, 6298001.056556637398899 ], [ 343897.478436429519206, 6298063.783272173255682 ], [ 343895.858173740154598, 6298083.022723319008946 ], [ 343893.585908265260514, 6298105.07683036942035 ], [ 343892.549598890065681, 6298115.134838650003076 ], [ 343892.151640114956535, 6298119.910976117476821 ], [ 343890.242414942476898, 6298142.826496370136738 ], [ 343888.150107847468462, 6298162.240359166637063 ], [ 343883.67920914106071, 6298203.724162740632892 ], [ 343881.46159469592385, 6298225.871516607701778 ], [ 343879.607546260522213, 6298244.387795150279999 ], [ 343879.24397359410068, 6298248.018869640305638 ], [ 343884.947084324841853, 6298240.346867102198303 ], [ 343890.596429161028937, 6298236.001521111465991 ], [ 343937.988642669748515, 6298237.876446954905987 ], [ 343943.2252199256327, 6298238.587064934894443 ], [ 343984.379578968451824, 6298244.171505170874298 ], [ 344011.284559324616566, 6298247.93350169993937 ], [ 344061.376206523971632, 6298255.397147951647639 ], [ 344086.422013084054925, 6298259.128822073340416 ], [ 344115.168394015170634, 6298264.029351739212871 ], [ 344155.052273908630013, 6298270.218578027561307 ], [ 344182.869139978953172, 6298275.103907939046621 ], [ 344230.172045613988303, 6298282.521685306914151 ], [ 344271.915279187378474, 6298288.740501487627625 ], [ 344340.563761041790713, 6298298.720105215907097 ], [ 344368.38077540253289, 6298303.604894490912557 ], [ 344403.634744793409482, 6298308.609384596347809 ], [ 344416.074940393737052, 6298171.274459078907967 ], [ 344429.426690121297725, 6298035.063394067808986 ], [ 344470.896420259668957, 6297827.210049317218363 ], [ 344501.104156155954115, 6297683.50613971054554 ], [ 344504.947340311249718, 6297675.803964637219906 ], [ 344507.807452834676951, 6297671.413382340222597 ] ] ] } },
{ "type": "Feature", "properties": { "OBJECTID": 4430, "objectd": 4403, "cod_rgn": "13", "cd_prvn": "131", "cod_cmn": "13101", "nmbr_rg": "Metropolitana de Santiago", "nmbr_pr": "Santiago", "nmbr_cm": "Santiago", "id_v_rs": "131016451", "uv_cart": "11", "uv_nmbr": "11", "prd_ndc": 20240601, "ndpet0_4_p": 9608035, "ndpet0_4_r": 3282568, "ndpet0_4_c": 139710, "ndpet0_4_u": "3375", "ndpet4_5_p": 1459190, "ndpet4_5_r": 552537, "ndpet4_5_c": 26989, "ndpet4_5_u": "612", "ndpet5_6_p": 1159567, "ndpet5_6_r": 451679, "ndpet5_6_c": 26691, "ndpet5_6_u": "544", "ndpet6_7_p": 1134251, "ndpet6_7_r": 455189, "ndpet6_7_c": 30358, "ndpet6_7_u": "561", "ndpet7_8_p": 1264009, "ndpet7_8_r": 507934, "ndpet7_8_c": 36539, "ndpet7_8_u": "560", "ndpet8_9_p": 1876093, "ndpet8_9_r": 830486, "ndpet8_9_c": 57768, "ndpet8_9_u": "693", "ndpet9_1_p": 638111, "ndpet9_1_r": 298881, "ndpet9_1_c": "25806", "ndpet9_1_u": "231", "totl_ps": 17139256, "ttl_rgn": 6379274, "ttl_cmn": 343861, "totl_uv": "6576", "area_m2": 321187.79462074896, "perimeter_m": 2272.3641457018748, "centroide_x": 344061.54927925131, "centroide_y": 6299174.676535883, "crs_original": "EPSG:4326", "fecha_normalizacion": "2025-10-10 01:59:26" }, "geometry": { "type": "Polygon", "coordinates": [ [ [ 344350.475339840399101, 6298895.605067416094244 ], [ 344219.552440429455601, 6298883.51278361864388 ], [ 344157.353850480983965, 6298876.964092200621963 ], [ 344128.569836107664742, 6298874.281497214920819 ], [ 344030.167973884614184, 6298863.820382863283157 ], [ 343930.818564890418202, 6298854.452159615233541 ], [ 343849.11523146321997, 6298846.47719831392169 ], [ 343826.821071318001486, 6298845.007681537419558 ], [ 343824.657047933491413, 6298863.828454811125994 ], [ 343821.80909771862207, 6298900.536232422105968 ], [ 343821.196536505187396, 6298908.430440679192543 ], [ 343821.133161428617314, 6298909.246958963572979 ], [ 343818.807819436187856, 6298938.047401993535459 ], [ 343816.625850189942867, 6298957.97699145693332 ], [ 343814.595113199320622, 6298978.256250871345401 ], [ 343813.299157637520693, 6298991.197981897741556 ], [ 343807.557455665373709, 6299058.763702883385122 ], [ 343803.050056992098689, 6299107.49382346495986 ], [ 343800.814271373557858, 6299130.749963689595461 ], [ 343800.398440475109965, 6299136.51471677236259 ], [ 343798.417165271239355, 6299163.985971647314727 ], [ 343791.068628443172202, 6299232.687878523021936 ], [ 343789.653161826659925, 6299245.921932362951338 ], [ 343787.327714743034448, 6299274.722360430285335 ], [ 343781.352414903522003, 6299335.637508827261627 ], [ 343778.420184413029347, 6299365.529253283515573 ], [ 343776.005293582915328, 6299398.313599441200495 ], [ 343772.463014140026644, 6299446.401453714817762 ], [ 343791.96942417282844, 6299447.825863370671868 ], [ 343876.449164698948152, 6299456.955090578645468 ], [ 343975.715188821079209, 6299471.868025254458189 ], [ 344073.139895321510267, 6299485.64101186953485 ], [ 344159.443890534166712, 6299497.015379613265395 ], [ 344228.136706904624589, 6299504.777718057855964 ], [ 344268.991230673040263, 6299508.763621505349874 ], [ 344269.522858985001221, 6299508.822959836572409 ], [ 344292.208442428265698, 6299511.258854186162353 ], [ 344302.192032930732239, 6299410.583804323337972 ], [ 344311.005312641151249, 6299325.321001441217959 ], [ 344319.263874781609047, 6299216.756942704319954 ], [ 344328.184123849961907, 6299124.840907525271177 ], [ 344332.688865778734908, 6299076.11064088344574 ], [ 344334.994813551427796, 6299048.418953087180853 ], [ 344338.373297587269917, 6299011.871298211626709 ], [ 344341.519638780213427, 6298989.738873064517975 ], [ 344343.664798238314688, 6298972.026941234245896 ], [ 344345.809950472903438, 6298954.31510850135237 ], [ 344349.259833092102781, 6298913.331976439803839 ], [ 344350.475339840399101, 6298895.605067416094244 ] ] ] } },
{ "type": "Feature", "properties": { "OBJECTID": 4431, "objectd": 4404, "cod_rgn": "13", "cd_prvn": "131", "cod_cmn": "13101", "nmbr_rg": "Metropolitana de Santiago", "nmbr_pr": "Santiago", "nmbr_cm": "Santiago", "id_v_rs": "131016454", "uv_cart": "50", "uv_nmbr": "50", "prd_ndc": 20240601, "ndpet0_4_p": 9608035, "ndpet0_4_r": 3282568, "ndpet0_4_c": 139710, "ndpet0_4_u": "3185", "ndpet4_5_p": 1459190, "ndpet4_5_r": 552537, "ndpet4_5_c": 26989, "ndpet4_5_u": "730", "ndpet5_6_p": 1159567, "ndpet5_6_r": 451679, "ndpet5_6_c": 26691, "ndpet5_6_u": "809", "ndpet6_7_p": 1134251, "ndpet6_7_r": 455189, "ndpet6_7_c": 30358, "ndpet6_7_u": "933", "ndpet7_8_p": 1264009, "ndpet7_8_r": 507934, "ndpet7_8_c": 36539, "ndpet7_8_u": "1368", "ndpet8_9_p": 1876093, "ndpet8_9_r": 830486, "ndpet8_9_c": 57768, "ndpet8_9_u": "2520", "ndpet9_1_p": 638111, "ndpet9_1_r": 298881, "ndpet9_1_c": "25806", "ndpet9_1_u": "1452", "totl_ps": 17139256, "ttl_rgn": 6379274, "ttl_cmn": 343861, "totl_uv": "10997", "area_m2": 336815.758679158, "perimeter_m": 2885.5696511269612, "centroide_x": 348113.2720993681, "centroide_y": 6297974.7664044853, "crs_original": "EPSG:4326", "fecha_normalizacion": "2025-10-10 01:59:26" }, "geometry": { "type": "Polygon", "coordinates": [ [ [ 348359.273379177553579, 6297651.682077690027654 ], [ 348386.745133386575617, 6297560.055416805669665 ], [ 348394.609919946058653, 6297532.759499493986368 ], [ 348398.399111673410516, 6297518.871594638563693 ], [ 348411.532409655163065, 6297461.731755402870476 ], [ 348416.730332950479351, 6297439.221406356431544 ], [ 348420.957738692872226, 6297420.913712475448847 ], [ 348422.503756969061214, 6297414.212055896408856 ], [ 348389.815753383853007, 6297423.680320980958641 ], [ 348350.619327168969903, 6297433.0470818169415 ], [ 348330.996532155317254, 6297437.736351944506168 ], [ 348311.422899398196023, 6297442.413787269964814 ], [ 348309.773291365243495, 6297442.833247262984514 ], [ 348290.886384589946829, 6297447.636835051700473 ], [ 348279.399984130868688, 6297448.896340101957321 ], [ 348277.601364322006702, 6297449.364224944263697 ], [ 348275.132398901914712, 6297449.364339046180248 ], [ 348273.190708932699636, 6297449.577117312699556 ], [ 348192.252864078909624, 6297452.741767616942525 ], [ 348098.173137301288079, 6297452.292197859846056 ], [ 348090.917786978185177, 6297452.25757903419435 ], [ 348064.831419900758192, 6297573.851947158575058 ], [ 348062.832803990808316, 6297582.693590575829148 ], [ 348041.759963995777071, 6297681.074978748336434 ], [ 348005.063607351155952, 6297826.903361306525767 ], [ 347980.009691495681182, 6297941.858972257003188 ], [ 347939.117629228625447, 6298058.783595899119973 ], [ 347893.896942931925878, 6298149.956992890685797 ], [ 347888.927480212005321, 6298159.976321246474981 ], [ 347887.261635460541584, 6298163.334901448339224 ], [ 347871.817109658848494, 6298194.79315372183919 ], [ 347852.67868457979057, 6298233.774970252066851 ], [ 347852.052084629656747, 6298234.912789397872984 ], [ 347763.657665952399839, 6298395.415269350633025 ], [ 347769.991227204911411, 6298397.778727116063237 ], [ 347892.471461400564294, 6298443.474416812881827 ], [ 347893.999696051352657, 6298444.051972853951156 ], [ 348025.255100222304463, 6298493.810300344601274 ], [ 348084.265866149333306, 6298515.757205418311059 ], [ 348084.41950518055819, 6298515.814282453618944 ], [ 348126.008479193609674, 6298531.996007738634944 ], [ 348131.98712456098292, 6298506.579867802560329 ], [ 348135.967061803326942, 6298490.005475526675582 ], [ 348142.87532064714469, 6298464.604042176157236 ], [ 348147.292585495510139, 6298448.763174843043089 ], [ 348152.729125475452747, 6298429.266649942845106 ], [ 348155.70980357285589, 6298417.113079247996211 ], [ 348165.650659539387561, 6298376.231426630169153 ], [ 348188.355849981657229, 6298292.294198799878359 ], [ 348197.26245560485404, 6298258.051067959517241 ], [ 348210.096462326822802, 6298210.560038270428777 ], [ 348216.952023603313137, 6298188.485084233805537 ], [ 348228.821308185695671, 6298143.197143425233662 ], [ 348245.564989836071618, 6298083.567080358043313 ], [ 348253.471951962274034, 6298053.744737152010202 ], [ 348254.523697606346104, 6298049.45569215528667 ], [ 348259.432628452428617, 6298029.437433490529656 ], [ 348267.322180845367257, 6298000.72389118373394 ], [ 348275.246273624827154, 6297969.792718714103103 ], [ 348287.184913648641668, 6297920.069274043664336 ], [ 348301.964248095755465, 6297867.062979971989989 ], [ 348316.778347556479275, 6297811.839045828208327 ], [ 348329.733031981275417, 6297756.585895367898047 ], [ 348346.527723134146072, 6297693.629039019346237 ], [ 348359.273379177553579, 6297651.682077690027654 ] ] ] } },
{ "type": "Feature", "properties": { "OBJECTID": 4432, "objectd": 4405, "cod_rgn": "13", "cd_prvn": "131", "cod_cmn": "13101", "nmbr_rg": "Metropolitana de Santiago", "nmbr_pr": "Santiago", "nmbr_cm": "Santiago", "id_v_rs": "131016455", "uv_cart": "49", "uv_nmbr": "49", "prd_ndc": 20240601, "ndpet0_4_p": 9608035, "ndpet0_4_r": 3282568, "ndpet0_4_c": 139710, "ndpet0_4_u": "6407", "ndpet4_5_p": 1459190, "ndpet4_5_r": 552537, "ndpet4_5_c": 26989, "ndpet4_5_u": "1539", "ndpet5_6_p": 1159567, "ndpet5_6_r": 451679, "ndpet5_6_c": 26691, "ndpet5_6_u": "1639", "ndpet6_7_p": 1134251, "ndpet6_7_r": 455189, "ndpet6_7_c": 30358, "ndpet6_7_u": "2036", "ndpet7_8_p": 1264009, "ndpet7_8_r": 507934, "ndpet7_8_c": 36539, "ndpet7_8_u": "2646", "ndpet8_9_p": 1876093, "ndpet8_9_r": 830486, "ndpet8_9_c": 57768, "ndpet8_9_u": "5282", "ndpet9_1_p": 638111, "ndpet9_1_r": 298881, "ndpet9_1_c": "25806", "ndpet9_1_u": "2649", "totl_ps": 17139256, "ttl_rgn": 6379274, "ttl_cmn": 343861, "totl_uv": "22198", "area_m2": 607715.37435633363, "perimeter_m": 3172.928652457244, "centroide_x": 347596.18841691932, "centroide_y": 6297694.2804087764, "crs_original": "EPSG:4326", "fecha_normalizacion": "2025-10-10 01:59:26" }, "geometry": { "type": "Polygon", "coordinates": [ [ [ 348090.917786978185177, 6297452.25757903419435 ], [ 348088.349349989439361, 6297451.824974814429879 ], [ 348052.645098553854041, 6297445.81143799982965 ], [ 348003.752310689422302, 6297437.576521651819348 ], [ 347995.404043496004306, 6297436.335945661179721 ], [ 347975.93653344840277, 6297432.702167386189103 ], [ 347964.817211667192169, 6297430.308858344331384 ], [ 347887.911739200935699, 6297413.569973141886294 ], [ 347868.461772665206809, 6297408.827063385397196 ], [ 347858.271974478964694, 6297406.448271051049232 ], [ 347794.327630871790461, 6297393.240257849916816 ], [ 347757.286817852407694, 6297383.783319649286568 ], [ 347712.845006662770174, 6297371.991259173490107 ], [ 347639.728281226358376, 6297350.873541164211929 ], [ 347591.586190794943832, 6297337.913440924137831 ], [ 347505.456890141067561, 6297316.58931290730834 ], [ 347361.838630590063985, 6297285.482812625356019 ], [ 347293.300633254344575, 6297268.871428744867444 ], [ 347207.154934366233647, 6297248.653407065197825 ], [ 347199.376626960118301, 6297306.678980218246579 ], [ 347187.125634822412394, 6297398.070396661758423 ], [ 347184.863049263134599, 6297423.544789340347052 ], [ 347163.219897536269855, 6297557.408218724653125 ], [ 347143.961825966252945, 6297658.035224609076977 ], [ 347131.438404890650418, 6297744.349907392635942 ], [ 347122.247599517751951, 6297796.333909139037132 ], [ 347121.160044377087615, 6297806.299012321978807 ], [ 347119.072768861660734, 6297820.684755260124803 ], [ 347116.108621285762638, 6297831.729246512055397 ], [ 347123.365808246075176, 6297833.655222469940782 ], [ 347227.217294393107295, 6297861.215674931183457 ], [ 347215.30834860180039, 6297908.720284152776003 ], [ 347341.958037831471302, 6297955.088266948238015 ], [ 347329.944426836562343, 6298009.24616789445281 ], [ 347409.754265957686584, 6298030.286283043213189 ], [ 347437.354979392024688, 6298037.562397498637438 ], [ 347482.694242856581695, 6298051.588016645982862 ], [ 347549.361471992684528, 6298069.277396637946367 ], [ 347602.771295467042364, 6298084.341088928282261 ], [ 347613.322295329591725, 6298087.316713709384203 ], [ 347665.999034449341707, 6298102.173276729881763 ], [ 347831.730761309154332, 6298146.932532641105354 ], [ 347887.261635460541584, 6298163.334901448339224 ], [ 347888.927480212005321, 6298159.976321246474981 ], [ 347893.896942931925878, 6298149.956992890685797 ], [ 347939.117629228625447, 6298058.783595899119973 ], [ 347980.009691495681182, 6297941.858972257003188 ], [ 348005.063607351155952, 6297826.903361306525767 ], [ 348041.759963995777071, 6297681.074978748336434 ], [ 348062.832803990808316, 6297582.693590575829148 ], [ 348064.831419900758192, 6297573.851947158575058 ], [ 348090.917786978185177, 6297452.25757903419435 ] ] ] } },
{ "type": "Feature", "properties": { "OBJECTID": 4433, "objectd": 4406, "cod_rgn": "13", "cd_prvn": "131", "cod_cmn": "13101", "nmbr_rg": "Metropolitana de Santiago", "nmbr_pr": "Santiago", "nmbr_cm": "Santiago", "id_v_rs": "131016456", "uv_cart": "45", "uv_nmbr": "45", "prd_ndc": 20240601, "ndpet0_4_p": 9608035, "ndpet0_4_r": 3282568, "ndpet0_4_c": 139710, "ndpet0_4_u": "4182", "ndpet4_5_p": 1459190, "ndpet4_5_r": 552537, "ndpet4_5_c": 26989, "ndpet4_5_u": "979", "ndpet5_6_p": 1159567, "ndpet5_6_r": 451679, "ndpet5_6_c": 26691, "ndpet5_6_u": "1034", "ndpet6_7_p": 1134251, "ndpet6_7_r": 455189, "ndpet6_7_c": 30358, "ndpet6_7_u": "1293", "ndpet7_8_p": 1264009, "ndpet7_8_r": 507934, "ndpet7_8_c": 36539, "ndpet7_8_u": "1793", "ndpet8_9_p": 1876093, "ndpet8_9_r": 830486, "ndpet8_9_c": 57768, "ndpet8_9_u": "2617", "ndpet9_1_p": 638111, "ndpet9_1_r": 298881, "ndpet9_1_c": "25806", "ndpet9_1_u": "1239", "totl_ps": 17139256, "ttl_rgn": 6379274, "ttl_cmn": 343861, "totl_uv": "13137", "area_m2": 401348.35613734368, "perimeter_m": 2567.4563965880375, "centroide_x": 346807.9116852688, "centroide_y": 6297962.4193253303, "crs_original": "EPSG:4326", "fecha_normalizacion": "2025-10-10 01:59:26" }, "geometry": { "type": "Polygon", "coordinates": [ [ [ 346591.339365694031585, 6297551.117828773334622 ], [ 346588.732786663225852, 6297550.518437689170241 ], [ 346586.314603582955897, 6297565.558185796253383 ], [ 346568.09872595674824, 6297678.851310359314084 ], [ 346560.499777498538606, 6297747.497437765821815 ], [ 346540.583307624328882, 6297889.151282403618097 ], [ 346523.054012726526707, 6297997.568795060738921 ], [ 346518.948091697355267, 6298021.904725351370871 ], [ 346513.806901124538854, 6298052.878968564793468 ], [ 346513.442076771985739, 6298055.814829651266336 ], [ 346512.482894596410915, 6298063.533422983251512 ], [ 346509.5423717625672, 6298087.194620467722416 ], [ 346499.347876211744733, 6298143.598921755328774 ], [ 346494.17134218296269, 6298176.790981218218803 ], [ 346488.082760568475351, 6298208.859351217746735 ], [ 346477.846938497852534, 6298237.847139175981283 ], [ 346476.398907985538244, 6298241.947993854060769 ], [ 346480.57800994371064, 6298244.168756116181612 ], [ 346482.853221673693042, 6298245.377944376319647 ], [ 346491.39564088115003, 6298248.588809388689697 ], [ 346492.096389671089128, 6298248.852305961772799 ], [ 346493.195004335371777, 6298249.253193002194166 ], [ 346494.876848801039159, 6298249.866832541301847 ], [ 346542.942696836136747, 6298267.40632563456893 ], [ 346586.405160809285007, 6298282.515533088706434 ], [ 346630.850130030303262, 6298294.312657365575433 ], [ 346666.016801220190246, 6298304.853119242936373 ], [ 346704.884299039375037, 6298316.561366112902761 ], [ 346731.719856462674215, 6298324.75109619833529 ], [ 346803.860062827297952, 6298349.187357500195503 ], [ 346852.883268594450783, 6298365.492493824101985 ], [ 346895.469742349348962, 6298377.258902410045266 ], [ 346936.21456448873505, 6298387.886848888359964 ], [ 346964.8920684363693, 6298397.214283763431013 ], [ 346979.590291221917141, 6298408.538405366241932 ], [ 346983.797330532805063, 6298393.288536306470633 ], [ 347000.306355427310336, 6298333.445049963891506 ], [ 347011.304748325841501, 6298284.817143914289773 ], [ 347023.337961841840297, 6298229.550671009346843 ], [ 347046.0354762802599, 6298146.72467796690762 ], [ 347054.034010600182228, 6298111.358820664696395 ], [ 347057.033406272472348, 6298098.096621881239116 ], [ 347075.906754889641888, 6298021.864868013188243 ], [ 347089.938942362787202, 6297957.756946923211217 ], [ 347099.147655643639155, 6297904.663964950479567 ], [ 347105.146223668940365, 6297878.139639522880316 ], [ 347109.197965767758433, 6297857.130049811676145 ], [ 347116.108621285762638, 6297831.729246512055397 ], [ 347119.072768861660734, 6297820.684755260124803 ], [ 347121.160044377087615, 6297806.299012321978807 ], [ 347122.247599517751951, 6297796.333909139037132 ], [ 347131.438404890650418, 6297744.349907392635942 ], [ 347143.961825966252945, 6297658.035224609076977 ], [ 347076.315826223581098, 6297643.654729764908552 ], [ 347039.239557577879168, 6297636.412779657170177 ], [ 346925.169573454535566, 6297617.968406394124031 ], [ 346892.723569015914109, 6297611.908458798192441 ], [ 346800.927826058119535, 6297596.034048055298626 ], [ 346728.617406058590859, 6297582.686176333576441 ], [ 346595.676163856463972, 6297552.115263469517231 ], [ 346591.339365694031585, 6297551.117828773334622 ] ] ] } },
{ "type": "Feature", "properties": { "OBJECTID": 4434, "objectd": 4407, "cod_rgn": "13", "cd_prvn": "131", "cod_cmn": "13101", "nmbr_rg": "Metropolitana de Santiago", "nmbr_pr": "Santiago", "nmbr_cm": "Santiago", "id_v_rs": "131016457", "uv_cart": "40", "uv_nmbr": "40", "prd_ndc": 20240601, "ndpet0_4_p": 9608035, "ndpet0_4_r": 3282568, "ndpet0_4_c": 139710, "ndpet0_4_u": "4240", "ndpet4_5_p": 1459190, "ndpet4_5_r": 552537, "ndpet4_5_c": 26989, "ndpet4_5_u": "1051", "ndpet5_6_p": 1159567, "ndpet5_6_r": 451679, "ndpet5_6_c": 26691, "ndpet5_6_u": "1066", "ndpet6_7_p": 1134251, "ndpet6_7_r": 455189, "ndpet6_7_c": 30358, "ndpet6_7_u": "1382", "ndpet7_8_p": 1264009, "ndpet7_8_r": 507934, "ndpet7_8_c": 36539, "ndpet7_8_u": "1825", "ndpet8_9_p": 1876093, "ndpet8_9_r": 830486, "ndpet8_9_c": 57768, "ndpet8_9_u": "2973", "ndpet9_1_p": 638111, "ndpet9_1_r": 298881, "ndpet9_1_c": "25806", "ndpet9_1_u": "1510", "totl_ps": 17139256, "ttl_rgn": 6379274, "ttl_cmn": 343861, "totl_uv": "14047", "area_m2": 803361.86045496748, "perimeter_m": 3602.0784300108671, "centroide_x": 346191.5893762458, "centroide_y": 6297627.8714345722, "crs_original": "EPSG:4326", "fecha_normalizacion": "2025-10-10 01:59:26" }, "geometry": { "type": "Polygon", "coordinates": [ [ [ 346588.732786663225852, 6297550.518437689170241 ], [ 346599.084878559922799, 6297484.134304015897214 ], [ 346599.172939943266101, 6297478.590030573308468 ], [ 346600.208184567280114, 6297471.951607193797827 ], [ 346603.45464174693916, 6297443.165416033938527 ], [ 346606.648248731391504, 6297417.705867392942309 ], [ 346609.736258232907858, 6297398.899407567456365 ], [ 346612.788950067129917, 6297382.310774660669267 ], [ 346624.334487528714817, 6297299.308451566845179 ], [ 346629.598358285089489, 6297260.572039341554046 ], [ 346631.703914753103163, 6297245.077453794889152 ], [ 346643.425216676201671, 6297150.986352130770683 ], [ 346598.96797152236104, 6297140.297990961000323 ], [ 346563.752912255527917, 6297133.083658202551305 ], [ 346544.356808477081358, 6297125.011489321477711 ], [ 346533.220493056345731, 6297123.725321440026164 ], [ 346510.947951125330292, 6297121.153047900646925 ], [ 346414.333493132551666, 6297116.289548194035888 ], [ 346343.727279526880011, 6297112.948046280071139 ], [ 346271.262099069077522, 6297109.576433002948761 ], [ 346194.131850762991235, 6297107.239070883020759 ], [ 346144.868688035407104, 6297106.454318047501147 ], [ 346134.644206919590943, 6297106.291412496007979 ], [ 346103.059147503343411, 6297104.679004609584808 ], [ 346040.800736572709866, 6297102.577411944046617 ], [ 346022.376873308909126, 6297101.260244785808027 ], [ 346000.867881390731782, 6297099.722376322373748 ], [ 345986.497624638141133, 6297098.695014651864767 ], [ 345960.9350411798805, 6297096.867174752056599 ], [ 345933.050297935784329, 6297096.422332269139588 ], [ 345933.189668022794649, 6297096.176781525835395 ], [ 345913.090821590798441, 6297095.754653140902519 ], [ 345907.741664981935173, 6297109.328306935727596 ], [ 345895.986078581365291, 6297146.851791048422456 ], [ 345880.105377189524006, 6297209.819712436757982 ], [ 345852.344687503296882, 6297318.07316198758781 ], [ 345822.030017908313312, 6297421.224056778475642 ], [ 345819.900460691889748, 6297428.470076698809862 ], [ 345791.209133084048517, 6297536.708526138216257 ], [ 345787.977936374489218, 6297564.385613416321576 ], [ 345783.746320856211241, 6297596.483322119340301 ], [ 345782.675092651625164, 6297605.339410527609289 ], [ 345776.779121679719537, 6297625.209951085969806 ], [ 345761.038720125798136, 6297679.306859673932195 ], [ 345758.073033108375967, 6297690.350891614332795 ], [ 345752.159261902444996, 6297711.330334652215242 ], [ 345746.245469578250777, 6297732.309674656018615 ], [ 345721.731393578578718, 6297811.776789834722877 ], [ 345720.695604009670205, 6297818.415140504948795 ], [ 345719.58888451079838, 6297829.488954532891512 ], [ 345714.710845787776634, 6297843.829927706159651 ], [ 345705.813321353751235, 6297876.962278397753835 ], [ 345696.614700446720235, 6297928.945297070778906 ], [ 345696.160965647781268, 6297933.421726321801543 ], [ 345690.760444818763062, 6297986.699194836430252 ], [ 345689.992135395063087, 6297994.279148289002478 ], [ 345709.442459859536029, 6297999.02643533423543 ], [ 345728.875091564666945, 6298004.882598293013871 ], [ 345789.961997329141013, 6298022.495170078240335 ], [ 345850.119396726950072, 6298040.092511078342795 ], [ 345959.315269735001493, 6298072.89054068364203 ], [ 346080.490457411389798, 6298112.533056434243917 ], [ 346126.114056060439907, 6298128.583457403816283 ], [ 346126.722671531199012, 6298128.797535193152726 ], [ 346200.719279914628714, 6298153.268028376623988 ], [ 346252.511795309954323, 6298170.72960199881345 ], [ 346307.075678794004489, 6298189.344174852594733 ], [ 346360.727753296203446, 6298206.834732495248318 ], [ 346400.594709257828072, 6298214.123561771586537 ], [ 346458.733909718925133, 6298235.464041380211711 ], [ 346480.57800994371064, 6298244.168756116181612 ], [ 346476.398907985538244, 6298241.947993854060769 ], [ 346477.846938497852534, 6298237.847139175981283 ], [ 346488.082760568475351, 6298208.859351217746735 ], [ 346494.17134218296269, 6298176.790981218218803 ], [ 346499.347876211744733, 6298143.598921755328774 ], [ 346509.5423717625672, 6298087.194620467722416 ], [ 346512.482894596410915, 6298063.533422983251512 ], [ 346513.442076771985739, 6298055.814829651266336 ], [ 346513.806901124538854, 6298052.878968564793468 ], [ 346518.948091697355267, 6298021.904725351370871 ], [ 346523.054012726526707, 6297997.568795060738921 ], [ 346540.583307624328882, 6297889.151282403618097 ], [ 346560.499777498538606, 6297747.497437765821815 ], [ 346568.09872595674824, 6297678.851310359314084 ], [ 346586.314603582955897, 6297565.558185796253383 ], [ 346588.732786663225852, 6297550.518437689170241 ] ] ] } },
{ "type": "Feature", "properties": { "OBJECTID": 4435, "objectd": 4408, "cod_rgn": "13", "cd_prvn": "131", "cod_cmn": "13101", "nmbr_rg": "Metropolitana de Santiago", "nmbr_pr": "Santiago", "nmbr_cm": "Santiago", "id_v_rs": "131016459", "uv_cart": "41", "uv_nmbr": "41", "prd_ndc": 20240601, "ndpet0_4_p": 9608035, "ndpet0_4_r": 3282568, "ndpet0_4_c": 139710, "ndpet0_4_u": "3193", "ndpet4_5_p": 1459190, "ndpet4_5_r": 552537, "ndpet4_5_c": 26989, "ndpet4_5_u": "546", "ndpet5_6_p": 1159567, "ndpet5_6_r": 451679, "ndpet5_6_c": 26691, "ndpet5_6_u": "545", "ndpet6_7_p": 1134251, "ndpet6_7_r": 455189, "ndpet6_7_c": 30358, "ndpet6_7_u": "644", "ndpet7_8_p": 1264009, "ndpet7_8_r": 507934, "ndpet7_8_c": 36539, "ndpet7_8_u": "785", "ndpet8_9_p": 1876093, "ndpet8_9_r": 830486, "ndpet8_9_c": 57768, "ndpet8_9_u": "964", "ndpet9_1_p": 638111, "ndpet9_1_r": 298881, "ndpet9_1_c": "25806", "ndpet9_1_u": "358", "totl_ps": 17139256, "ttl_rgn": 6379274, "ttl_cmn": 343861, "totl_uv": "7035", "area_m2": 422421.88466645143, "perimeter_m": 2718.2547727939304, "centroide_x": 346347.59983076819, "centroide_y": 6296806.5365533903, "crs_original": "EPSG:4326", "fecha_normalizacion": "2025-10-10 01:59:26" }, "geometry": { "type": "Polygon", "coordinates": [ [ [ 346735.531767520937137, 6296561.275259040296078 ], [ 346702.283204175299034, 6296547.437663728371263 ], [ 346593.803272431308869, 6296529.077402207069099 ], [ 346501.08888289402239, 6296513.184959155507386 ], [ 346468.646825746283866, 6296507.12343336828053 ], [ 346423.21035077678971, 6296499.745908120647073 ], [ 346347.155578557518311, 6296488.553438464179635 ], [ 346252.529938336054329, 6296475.955645866692066 ], [ 346223.77052983554313, 6296472.170124539174139 ], [ 346154.186768784304149, 6296463.297576326876879 ], [ 346119.868500736658461, 6296458.314061049371958 ], [ 346092.968040215200745, 6296454.557773654349148 ], [ 346061.420478816726245, 6296450.727415107190609 ], [ 346038.220011749013793, 6296448.13916661310941 ], [ 346036.664854846545495, 6296471.42131912522018 ], [ 346035.777602874673903, 6296484.702101620845497 ], [ 346036.123542356363032, 6296521.309500586241484 ], [ 346042.402014870196581, 6296652.289035342633724 ], [ 346044.589256685285363, 6296690.034981704317033 ], [ 346043.89899784559384, 6296697.516454871743917 ], [ 346040.093465481302701, 6296738.765754675492644 ], [ 346032.296444485371467, 6296819.609254159033298 ], [ 346023.976678452338092, 6296874.933934479951859 ], [ 346022.189712256193161, 6296885.522526144981384 ], [ 346021.92322677053744, 6296887.101877372711897 ], [ 346020.423735250893515, 6296894.747496845200658 ], [ 346018.88720728008775, 6296902.581548150628805 ], [ 346012.921327779593412, 6296926.887587237171829 ], [ 346003.272868752945215, 6296948.91669668443501 ], [ 345980.505585477047134, 6296977.391454137861729 ], [ 345936.652524648408871, 6297045.459044587798417 ], [ 345920.338154582597781, 6297077.364024219103158 ], [ 345916.43442163761938, 6297087.269964725710452 ], [ 345913.090821590798441, 6297095.754653140902519 ], [ 345933.189668022794649, 6297096.176781525835395 ], [ 345933.050297935784329, 6297096.422332269139588 ], [ 345960.9350411798805, 6297096.867174752056599 ], [ 345986.497624638141133, 6297098.695014651864767 ], [ 346000.867881390731782, 6297099.722376322373748 ], [ 346022.376873308909126, 6297101.260244785808027 ], [ 346040.800736572709866, 6297102.577411944046617 ], [ 346103.059147503343411, 6297104.679004609584808 ], [ 346134.644206919590943, 6297106.291412496007979 ], [ 346144.868688035407104, 6297106.454318047501147 ], [ 346194.131850762991235, 6297107.239070883020759 ], [ 346271.262099069077522, 6297109.576433002948761 ], [ 346343.727279526880011, 6297112.948046280071139 ], [ 346414.333493132551666, 6297116.289548194035888 ], [ 346510.947951125330292, 6297121.153047900646925 ], [ 346533.220493056345731, 6297123.725321440026164 ], [ 346544.356808477081358, 6297125.011489321477711 ], [ 346563.752912255527917, 6297133.083658202551305 ], [ 346598.96797152236104, 6297140.297990961000323 ], [ 346643.425216676201671, 6297150.986352130770683 ], [ 346653.635821814415976, 6297093.473072173073888 ], [ 346658.881994994240813, 6297055.845457555726171 ], [ 346667.180657767923549, 6297001.629287898540497 ], [ 346674.620158450736199, 6296942.962790152058005 ], [ 346691.129101495840587, 6296840.074489619582891 ], [ 346703.497421005333308, 6296763.740005468018353 ], [ 346714.689638671581633, 6296702.914766427129507 ], [ 346715.759964330703951, 6296694.058598045259714 ], [ 346717.865320510347374, 6296678.563990669324994 ], [ 346722.987820067966823, 6296648.698444129899144 ], [ 346729.233410932007246, 6296606.650177419185638 ], [ 346735.531767520937137, 6296561.275259040296078 ] ] ] } },
{ "type": "Feature", "properties": { "OBJECTID": 4436, "objectd": 4409, "cod_rgn": "13", "cd_prvn": "131", "cod_cmn": "13101", "nmbr_rg": "Metropolitana de Santiago", "nmbr_pr": "Santiago", "nmbr_cm": "Santiago", "id_v_rs": "131016460", "uv_cart": "52", "uv_nmbr": "52", "prd_ndc": 20240601, "ndpet0_4_p": 9608035, "ndpet0_4_r": 3282568, "ndpet0_4_c": 139710, "ndpet0_4_u": "3806", "ndpet4_5_p": 1459190, "ndpet4_5_r": 552537, "ndpet4_5_c": 26989, "ndpet4_5_u": "786", "ndpet5_6_p": 1159567, "ndpet5_6_r": 451679, "ndpet5_6_c": 26691, "ndpet5_6_u": "920", "ndpet6_7_p": 1134251, "ndpet6_7_r": 455189, "ndpet6_7_c": 30358, "ndpet6_7_u": "1090", "ndpet7_8_p": 1264009, "ndpet7_8_r": 507934, "ndpet7_8_c": 36539, "ndpet7_8_u": "1363", "ndpet8_9_p": 1876093, "ndpet8_9_r": 830486, "ndpet8_9_c": 57768, "ndpet8_9_u": "2152", "ndpet9_1_p": 638111, "ndpet9_1_r": 298881, "ndpet9_1_c": "25806", "ndpet9_1_u": "974", "totl_ps": 17139256, "ttl_rgn": 6379274, "ttl_cmn": 343861, "totl_uv": "11091", "area_m2": 467333.14940223936, "perimeter_m": 3379.133661842071, "centroide_x": 348527.19567499863, "centroide_y": 6296333.4239015691, "crs_original": "EPSG:4326", "fecha_normalizacion": "2025-10-10 01:59:26" }, "geometry": { "type": "Polygon", "coordinates": [ [ [ 348528.172788445255719, 6297019.908986331894994 ], [ 348533.534436589106917, 6296998.414081646129489 ], [ 348548.014548687497154, 6296940.362682800740004 ], [ 348564.824131610337645, 6296876.296564650721848 ], [ 348588.626630317303352, 6296781.284436068497598 ], [ 348602.473560549551621, 6296728.263243125751615 ], [ 348626.188410070841201, 6296638.795382667332888 ], [ 348636.16078360483516, 6296595.695558056235313 ], [ 348651.935646386700682, 6296538.267896292731166 ], [ 348708.249497444892768, 6296326.197141604498029 ], [ 348724.093096967204474, 6296264.333924859762192 ], [ 348727.037729949457571, 6296254.397911904379725 ], [ 348777.529106152825989, 6296057.763361243531108 ], [ 348786.414619307557587, 6296024.628637065179646 ], [ 348794.301267170580104, 6295995.914695696905255 ], [ 348820.010735157818999, 6295897.604616291821003 ], [ 348822.724793107132427, 6295886.754878863692284 ], [ 348828.241089975694194, 6295864.703180937096477 ], [ 348836.86932276841253, 6295830.211524156853557 ], [ 348841.730307576304767, 6295812.083568869158626 ], [ 348847.26674616348464, 6295791.436811045743525 ], [ 348854.639571176783647, 6295763.941867290064692 ], [ 348851.165246677526738, 6295748.359586741775274 ], [ 348860.154472873779014, 6295708.571527130901814 ], [ 348828.811920765438117, 6295704.892185417935252 ], [ 348816.544518375012558, 6295703.452013544738293 ], [ 348729.290044609340839, 6295695.430116513743997 ], [ 348579.943195955245756, 6295675.342267537489533 ], [ 348542.559509369486477, 6295669.02186899445951 ], [ 348507.62815943302121, 6295663.116159483790398 ], [ 348476.590318219386972, 6295804.598189426586032 ], [ 348444.90084124263376, 6295928.323827753774822 ], [ 348396.20964596682461, 6296128.312623368576169 ], [ 348369.409157768823206, 6296236.586931779980659 ], [ 348336.56142060062848, 6296374.712802216410637 ], [ 348332.003248155582696, 6296393.303745154291391 ], [ 348318.682202147436328, 6296447.634788791649044 ], [ 348284.834042355359998, 6296590.181339722126722 ], [ 348261.975776884588413, 6296684.098531471565366 ], [ 348247.040740660391748, 6296747.084504483267665 ], [ 348207.038733691442758, 6296926.135542139410973 ], [ 348206.846992030274123, 6296938.332971431314945 ], [ 348205.72582048602635, 6296950.515790056437254 ], [ 348260.355456192046404, 6296964.684030963107944 ], [ 348311.250003031571396, 6296979.902466494590044 ], [ 348389.941930570348632, 6297001.102623049169779 ], [ 348523.264528671745211, 6297036.468949433416128 ], [ 348526.20946931571234, 6297026.532991528511047 ], [ 348527.75124184472952, 6297021.331046221777797 ], [ 348528.172788445255719, 6297019.908986331894994 ] ] ] } },
{ "type": "Feature", "properties": { "OBJECTID": 4437, "objectd": 4410, "cod_rgn": "13", "cd_prvn": "131", "cod_cmn": "13101", "nmbr_rg": "Metropolitana de Santiago", "nmbr_pr": "Santiago", "nmbr_cm": "Santiago", "id_v_rs": "131016461", "uv_cart": "39", "uv_nmbr": "39", "prd_ndc": 20240601, "ndpet0_4_p": 9608035, "ndpet0_4_r": 3282568, "ndpet0_4_c": 139710, "ndpet0_4_u": "3261", "ndpet4_5_p": 1459190, "ndpet4_5_r": 552537, "ndpet4_5_c": 26989, "ndpet4_5_u": "563", "ndpet5_6_p": 1159567, "ndpet5_6_r": 451679, "ndpet5_6_c": 26691, "ndpet5_6_u": "519", "ndpet6_7_p": 1134251, "ndpet6_7_r": 455189, "ndpet6_7_c": 30358, "ndpet6_7_u": "519", "ndpet7_8_p": 1264009, "ndpet7_8_r": 507934, "ndpet7_8_c": 36539, "ndpet7_8_u": "611", "ndpet8_9_p": 1876093, "ndpet8_9_r": 830486, "ndpet8_9_c": 57768, "ndpet8_9_u": "702", "ndpet9_1_p": 638111, "ndpet9_1_r": 298881, "ndpet9_1_c": "25806", "ndpet9_1_u": "279", "totl_ps": 17139256, "ttl_rgn": 6379274, "ttl_cmn": 343861, "totl_uv": "6454", "area_m2": 561190.31540420128, "perimeter_m": 3104.0772999177775, "centroide_x": 347798.03371457354, "centroide_y": 6296541.7294219937, "crs_original": "EPSG:4326", "fecha_normalizacion": "2025-10-10 01:59:26" }, "geometry": { "type": "Polygon", "coordinates": [ [ [ 348336.56142060062848, 6296374.712802216410637 ], [ 348280.05883350293152, 6296361.624465113505721 ], [ 348224.485670812660828, 6296348.550500974059105 ], [ 348168.912728275114205, 6296335.476112987846136 ], [ 348114.251843267760705, 6296323.525033603422344 ], [ 348057.767245074617676, 6296309.32656017318368 ], [ 347991.094166377442889, 6296292.749052979052067 ], [ 347933.645428038085811, 6296280.752930721268058 ], [ 347876.249317672452889, 6296265.42992199677974 ], [ 347758.59939285524888, 6296239.174245743080974 ], [ 347666.026466710027307, 6296214.422033756971359 ], [ 347605.772834878414869, 6296203.488745911046863 ], [ 347597.425759655423462, 6296202.247884567826986 ], [ 347565.89611641317606, 6296197.313515163958073 ], [ 347539.013549892581068, 6296192.452433491125703 ], [ 347509.325244789943099, 6296188.656147399917245 ], [ 347483.354647721746005, 6296184.918405116535723 ], [ 347442.531093589961529, 6296179.836789947003126 ], [ 347345.137015989632346, 6296166.096662022173405 ], [ 347333.212705229525454, 6296273.494734222069383 ], [ 347316.009748378535733, 6296420.738417809829116 ], [ 347314.869843141990714, 6296434.030093451030552 ], [ 347312.660258854622953, 6296456.177887314930558 ], [ 347306.171841220231727, 6296513.750648594461381 ], [ 347305.137143048108555, 6296520.389135402627289 ], [ 347300.717908878694288, 6296564.684815135784447 ], [ 347292.387958510080352, 6296621.119248798117042 ], [ 347285.864216871093959, 6296680.909618757665157 ], [ 347284.75942424335517, 6296691.983561313711107 ], [ 347282.672519830754027, 6296706.369444705545902 ], [ 347390.085666036698967, 6296733.577965861186385 ], [ 347469.703332839359064, 6296754.800560982897878 ], [ 347491.92270489083603, 6296760.697189150378108 ], [ 347536.361437911167741, 6296772.49038746021688 ], [ 347626.168785101152025, 6296796.090827944688499 ], [ 347673.396156364120543, 6296807.927285052835941 ], [ 347710.417169227846898, 6296818.493548199534416 ], [ 347749.297098720329814, 6296829.088876605033875 ], [ 347778.057938715966884, 6296832.869793493300676 ], [ 347803.048596320440993, 6296839.918563171289861 ], [ 347868.778283213847317, 6296857.591399341821671 ], [ 347873.074748815502971, 6296858.70942722633481 ], [ 347914.147346681216732, 6296869.397469821386039 ], [ 347945.626941254478879, 6296877.657149536535144 ], [ 347967.829291002068203, 6296884.661572137847543 ], [ 347978.018551339861006, 6296887.040269541554153 ], [ 348015.96957305027172, 6296897.619870347902179 ], [ 348076.158048831741326, 6296912.985862527042627 ], [ 348104.849447845714167, 6296921.201140398159623 ], [ 348115.038773526088335, 6296923.579690554179251 ], [ 348144.659658954944462, 6296931.809566728770733 ], [ 348189.994482257054187, 6296945.831939324736595 ], [ 348205.72582048602635, 6296950.515790056437254 ], [ 348206.846992030274123, 6296938.332971431314945 ], [ 348207.038733691442758, 6296926.135542139410973 ], [ 348247.040740660391748, 6296747.084504483267665 ], [ 348261.975776884588413, 6296684.098531471565366 ], [ 348284.834042355359998, 6296590.181339722126722 ], [ 348318.682202147436328, 6296447.634788791649044 ], [ 348332.003248155582696, 6296393.303745154291391 ], [ 348336.56142060062848, 6296374.712802216410637 ] ] ] } },
{ "type": "Feature", "properties": { "OBJECTID": 4438, "objectd": 4411, "cod_rgn": "13", "cd_prvn": "131", "cod_cmn": "13101", "nmbr_rg": "Metropolitana de Santiago", "nmbr_pr": "Santiago", "nmbr_cm": "Santiago", "id_v_rs": "131016462", "uv_cart": "33", "uv_nmbr": "33", "prd_ndc": 20240601, "ndpet0_4_p": 9608035, "ndpet0_4_r": 3282568, "ndpet0_4_c": 139710, "ndpet0_4_u": "1808", "ndpet4_5_p": 1459190, "ndpet4_5_r": 552537, "ndpet4_5_c": 26989, "ndpet4_5_u": "279", "ndpet5_6_p": 1159567, "ndpet5_6_r": 451679, "ndpet5_6_c": 26691, "ndpet5_6_u": "220", "ndpet6_7_p": 1134251, "ndpet6_7_r": 455189, "ndpet6_7_c": 30358, "ndpet6_7_u": "272", "ndpet7_8_p": 1264009, "ndpet7_8_r": 507934, "ndpet7_8_c": 36539, "ndpet7_8_u": "222", "ndpet8_9_p": 1876093, "ndpet8_9_r": 830486, "ndpet8_9_c": 57768, "ndpet8_9_u": "282", "ndpet9_1_p": 638111, "ndpet9_1_r": 298881, "ndpet9_1_c": "25806", "ndpet9_1_u": "65", "totl_ps": 17139256, "ttl_rgn": 6379274, "ttl_cmn": 343861, "totl_uv": "3148", "area_m2": 393368.17024451616, "perimeter_m": 2507.4885424104068, "centroide_x": 347082.17761688016, "centroide_y": 6295791.2747551193, "crs_original": "EPSG:4326", "fecha_normalizacion": "2025-10-10 01:59:26" }, "geometry": { "type": "Polygon", "coordinates": [ [ [ 347392.88468436547555, 6295498.039421087130904 ], [ 347353.94029156002216, 6295491.87789258453995 ], [ 347310.349312339967582, 6295485.642594626173377 ], [ 347263.041042373748496, 6295479.348369866609573 ], [ 347235.213764232350513, 6295475.580469669774175 ], [ 347105.370621535694227, 6295456.887275481596589 ], [ 347000.718843822891358, 6295441.722779413685203 ], [ 346976.457348916330375, 6295438.207053292542696 ], [ 346929.149447079806123, 6295431.911076060496271 ], [ 346813.229653307353146, 6295414.543809711933136 ], [ 346811.877956741605885, 6295441.141874423250556 ], [ 346809.614482842735015, 6295466.616269691847265 ], [ 346806.01680870866403, 6295517.579907236620784 ], [ 346804.665098828845657, 6295544.177868541330099 ], [ 346795.994745309115387, 6295680.465104391798377 ], [ 346790.203942831372842, 6295752.467645226046443 ], [ 346787.253958503832109, 6295821.187783092260361 ], [ 346783.374548759544268, 6295889.893162352964282 ], [ 346777.88285210786853, 6295943.045000301674008 ], [ 346772.774819597078022, 6296030.586296463385224 ], [ 346771.317350296012592, 6296063.837536410428584 ], [ 346771.894762542913668, 6296086.029617240652442 ], [ 346877.634437110158615, 6296101.017084155231714 ], [ 346898.975392806925811, 6296103.573859849944711 ], [ 346940.71022755181184, 6296109.781446432694793 ], [ 347049.238560268422589, 6296124.811322521418333 ], [ 347067.79127829533536, 6296127.323542902246118 ], [ 347081.697143840021454, 6296129.762118997052312 ], [ 347094.691057167714462, 6296131.077036455273628 ], [ 347156.837728838552721, 6296139.825250774621964 ], [ 347242.201867855561431, 6296150.049472672864795 ], [ 347291.337158332462423, 6296158.590909181162715 ], [ 347345.137015989632346, 6296166.096662022173405 ], [ 347360.147425726172514, 6296039.891900681890547 ], [ 347371.404985368717462, 6295915.846157783642411 ], [ 347372.544716402655467, 6295902.554469330236316 ], [ 347378.331103834090754, 6295771.767238760367036 ], [ 347382.504344740067609, 6295684.211099554784596 ], [ 347385.046844429103658, 6295640.994781136512756 ], [ 347388.676436754292808, 6295587.813313165679574 ], [ 347392.88468436547555, 6295498.039421087130904 ] ] ] } },
{ "type": "Feature", "properties": { "OBJECTID": 4439, "objectd": 4412, "cod_rgn": "13", "cd_prvn": "131", "cod_cmn": "13101", "nmbr_rg": "Metropolitana de Santiago", "nmbr_pr": "Santiago", "nmbr_cm": "Santiago", "id_v_rs": "131016463", "uv_cart": "30", "uv_nmbr": "30", "prd_ndc": 20240601, "ndpet0_4_p": 9608035, "ndpet0_4_r": 3282568, "ndpet0_4_c": 139710, "ndpet0_4_u": "4125", "ndpet4_5_p": 1459190, "ndpet4_5_r": 552537, "ndpet4_5_c": 26989, "ndpet4_5_u": "745", "ndpet5_6_p": 1159567, "ndpet5_6_r": 451679, "ndpet5_6_c": 26691, "ndpet5_6_u": "710", "ndpet6_7_p": 1134251, "ndpet6_7_r": 455189, "ndpet6_7_c": 30358, "ndpet6_7_u": "737", "ndpet7_8_p": 1264009, "ndpet7_8_r": 507934, "ndpet7_8_c": 36539, "ndpet7_8_u": "884", "ndpet8_9_p": 1876093, "ndpet8_9_r": 830486, "ndpet8_9_c": 57768, "ndpet8_9_u": "1050", "ndpet9_1_p": 638111, "ndpet9_1_r": 298881, "ndpet9_1_c": "25806", "ndpet9_1_u": "355", "totl_ps": 17139256, "ttl_rgn": 6379274, "ttl_cmn": 343861, "totl_uv": "8606", "area_m2": 466746.9744136486, "perimeter_m": 2708.0979795702829, "centroide_x": 346445.18565222563, "centroide_y": 6295700.9882669514, "crs_original": "EPSG:4326", "fecha_normalizacion": "2025-10-10 01:59:26" }, "geometry": { "type": "Polygon", "coordinates": [ [ [ 346813.229653307353146, 6295414.543809711933136 ], [ 346668.536312978249043, 6295394.499840280972421 ], [ 346565.592590608575847, 6295379.553999952971935 ], [ 346479.341713893925771, 6295367.090894320048392 ], [ 346367.122878853813745, 6295350.886162780225277 ], [ 346311.487004919326864, 6295342.236341735348105 ], [ 346280.872338553890586, 6295338.421363363042474 ], [ 346251.187058233655989, 6295334.620993062853813 ], [ 346244.562906907638535, 6295334.515461442992091 ], [ 346235.388516937848181, 6295334.3692935872823 ], [ 346227.954012324218638, 6295334.250839464366436 ], [ 346214.014117355225608, 6295334.028719373047352 ], [ 346196.268652007798664, 6295339.291734017431736 ], [ 346152.201573262456805, 6295362.990567613393068 ], [ 346142.819918497349136, 6295368.386812875047326 ], [ 346129.720943861349951, 6295373.723683906719089 ], [ 346118.53373438899871, 6295375.763617428950965 ], [ 346113.960265940986574, 6295375.690694611519575 ], [ 346105.523143405094743, 6295375.556161101907492 ], [ 346106.16952188994037, 6295393.312883369624615 ], [ 346101.037650378304534, 6295481.96302227023989 ], [ 346099.507173770805821, 6295519.649744493886828 ], [ 346097.029627103591338, 6295558.430464053526521 ], [ 346094.508895709994249, 6295658.213626731187105 ], [ 346084.828444813960232, 6295798.921225320547819 ], [ 346079.537364799587522, 6295897.551182320341468 ], [ 346073.297694179462269, 6295979.77547649294138 ], [ 346090.455507920589298, 6295981.422590767964721 ], [ 346196.013410432671662, 6295997.012824084609747 ], [ 346207.095395867479965, 6296001.625885594636202 ], [ 346233.994611007394269, 6296005.381901867687702 ], [ 346259.982157694059424, 6296008.0141237732023 ], [ 346302.645658129360527, 6296014.239200003445148 ], [ 346344.362205197918229, 6296021.558210095390677 ], [ 346400.019696007133462, 6296029.098872407339513 ], [ 346483.470627518719994, 6296042.62703977804631 ], [ 346573.462874126096722, 6296054.04004826489836 ], [ 346651.33791695185937, 6296067.478019277565181 ], [ 346757.042061561776791, 6296084.684653328731656 ], [ 346771.894762542913668, 6296086.029617240652442 ], [ 346771.317350296012592, 6296063.837536410428584 ], [ 346772.774819597078022, 6296030.586296463385224 ], [ 346777.88285210786853, 6295943.045000301674008 ], [ 346783.374548759544268, 6295889.893162352964282 ], [ 346787.253958503832109, 6295821.187783092260361 ], [ 346790.203942831372842, 6295752.467645226046443 ], [ 346795.994745309115387, 6295680.465104391798377 ], [ 346804.665098828845657, 6295544.177868541330099 ], [ 346806.01680870866403, 6295517.579907236620784 ], [ 346809.614482842735015, 6295466.616269691847265 ], [ 346811.877956741605885, 6295441.141874423250556 ], [ 346813.229653307353146, 6295414.543809711933136 ] ] ] } },
{ "type": "Feature", "properties": { "OBJECTID": 4440, "objectd": 4413, "cod_rgn": "13", "cd_prvn": "131", "cod_cmn": "13101", "nmbr_rg": "Metropolitana de Santiago", "nmbr_pr": "Santiago", "nmbr_cm": "Santiago", "id_v_rs": "131016464", "uv_cart": "34", "uv_nmbr": "34", "prd_ndc": 20240601, "ndpet0_4_p": 9608035, "ndpet0_4_r": 3282568, "ndpet0_4_c": 139710, "ndpet0_4_u": "2021", "ndpet4_5_p": 1459190, "ndpet4_5_r": 552537, "ndpet4_5_c": 26989, "ndpet4_5_u": "362", "ndpet5_6_p": 1159567, "ndpet5_6_r": 451679, "ndpet5_6_c": 26691, "ndpet5_6_u": "267", "ndpet6_7_p": 1134251, "ndpet6_7_r": 455189, "ndpet6_7_c": 30358, "ndpet6_7_u": "266", "ndpet7_8_p": 1264009, "ndpet7_8_r": 507934, "ndpet7_8_c": 36539, "ndpet7_8_u": "232", "ndpet8_9_p": 1876093, "ndpet8_9_r": 830486, "ndpet8_9_c": 57768, "ndpet8_9_u": "336", "ndpet9_1_p": 638111, "ndpet9_1_r": 298881, "ndpet9_1_c": "25806", "ndpet9_1_u": "174", "totl_ps": 17139256, "ttl_rgn": 6379274, "ttl_cmn": 343861, "totl_uv": "3658", "area_m2": 355044.47988681926, "perimeter_m": 2504.636687424852, "centroide_x": 347814.22969139711, "centroide_y": 6295333.9645586619, "crs_original": "EPSG:4326", "fecha_normalizacion": "2025-10-10 01:59:26" }, "geometry": { "type": "Polygon", "coordinates": [ [ [ 348263.585786019219086, 6295162.389466669410467 ], [ 348204.19788641599007, 6295155.909755300730467 ], [ 348144.810046285041608, 6295149.429775379598141 ], [ 348082.581962037540507, 6295146.232083367183805 ], [ 348019.459567970538046, 6295140.801624217070639 ], [ 347922.952381120529026, 6295130.408136507496238 ], [ 347858.006495392182842, 6295122.729594042524695 ], [ 347791.202096767781768, 6295115.02129605319351 ], [ 347751.294851001002826, 6295111.064394816756248 ], [ 347677.073714677826501, 6295102.129091279581189 ], [ 347609.322773566178512, 6295095.513772062957287 ], [ 347544.377263973350637, 6295087.833101832307875 ], [ 347489.618985511129722, 6295082.531281313858926 ], [ 347418.150982826831751, 6295075.855762169696391 ], [ 347411.295382001553662, 6295215.499348829500377 ], [ 347409.513374464353547, 6295247.459329163655639 ], [ 347398.005479271581862, 6295437.739396350458264 ], [ 347392.88468436547555, 6295498.039421087130904 ], [ 347396.360688425658736, 6295498.509930910542607 ], [ 347504.194485310290474, 6295513.108502550050616 ], [ 347633.091997421695851, 6295532.89051971398294 ], [ 347708.21075241768267, 6295544.058331646956503 ], [ 347822.291968895704485, 6295560.27651472017169 ], [ 347867.724701026978437, 6295567.647588609717786 ], [ 347914.104262902867049, 6295573.924274957738817 ], [ 347977.177084456081502, 6295582.681862959638238 ], [ 348039.303240142820869, 6295592.533317518420517 ], [ 348098.658884610515088, 6295601.231574936769903 ], [ 348156.156012926483527, 6295609.90032347664237 ], [ 348183.974077943770681, 6295496.096832878887653 ], [ 348194.929308418184519, 6295449.685342255979776 ], [ 348236.628883828234393, 6295280.643242875114083 ], [ 348263.585786019219086, 6295162.389466669410467 ] ] ] } },
{ "type": "Feature", "properties": { "OBJECTID": 4441, "objectd": 4414, "cod_rgn": "13", "cd_prvn": "131", "cod_cmn": "13101", "nmbr_rg": "Metropolitana de Santiago", "nmbr_pr": "Santiago", "nmbr_cm": "Santiago", "id_v_rs": "131016465", "uv_cart": "32", "uv_nmbr": "32", "prd_ndc": 20240601, "ndpet0_4_p": 9608035, "ndpet0_4_r": 3282568, "ndpet0_4_c": 139710, "ndpet0_4_u": "2063", "ndpet4_5_p": 1459190, "ndpet4_5_r": 552537, "ndpet4_5_c": 26989, "ndpet4_5_u": "256", "ndpet5_6_p": 1159567, "ndpet5_6_r": 451679, "ndpet5_6_c": 26691, "ndpet5_6_u": "320", "ndpet6_7_p": 1134251, "ndpet6_7_r": 455189, "ndpet6_7_c": 30358, "ndpet6_7_u": "250", "ndpet7_8_p": 1264009, "ndpet7_8_r": 507934, "ndpet7_8_c": 36539, "ndpet7_8_u": "246", "ndpet8_9_p": 1876093, "ndpet8_9_r": 830486, "ndpet8_9_c": 57768, "ndpet8_9_u": "289", "ndpet9_1_p": 638111, "ndpet9_1_r": 298881, "ndpet9_1_c": "25806", "ndpet9_1_u": "113", "totl_ps": 17139256, "ttl_rgn": 6379274, "ttl_cmn": 343861, "totl_uv": "3537", "area_m2": 462814.02829867345, "perimeter_m": 2760.4688760307804, "centroide_x": 347128.63160000625, "centroide_y": 6295061.1042526476, "crs_original": "EPSG:4326", "fecha_normalizacion": "2025-10-10 01:59:26" }, "geometry": { "type": "Polygon", "coordinates": [ [ [ 346872.231163518154062, 6294645.68943942990154 ], [ 346868.71875427395571, 6294645.500033139251173 ], [ 346866.198737781727687, 6294645.500136882066727 ], [ 346866.138969508872833, 6294645.500185774639249 ], [ 346865.415157748560887, 6294645.500069372355938 ], [ 346863.70304799429141, 6294645.500127326697111 ], [ 346853.783602717157919, 6294646.050798779353499 ], [ 346846.800615054671653, 6294646.438600258901715 ], [ 346846.436136399861425, 6294669.40078657399863 ], [ 346846.395791556569748, 6294671.942522848024964 ], [ 346846.376749331015162, 6294673.142188859172165 ], [ 346846.272585446015, 6294679.704551391303539 ], [ 346851.707332793273963, 6294688.663996526971459 ], [ 346851.142793943989091, 6294702.465143764391541 ], [ 346848.669591944664717, 6294762.928620966151357 ], [ 346846.543559486395679, 6294838.316806649789214 ], [ 346844.699047437752597, 6294895.963095625862479 ], [ 346844.398352257907391, 6294900.150829190388322 ], [ 346839.925922892638482, 6294962.436175495386124 ], [ 346839.415525875927415, 6294994.593294695019722 ], [ 346837.975882810656913, 6295026.73566360399127 ], [ 346835.290103259379975, 6295078.822900696657598 ], [ 346833.9911679943325, 6295102.094323009252548 ], [ 346831.305373749055434, 6295154.181554919108748 ], [ 346828.953967948618811, 6295185.20024910569191 ], [ 346826.672952242661268, 6295211.7835713326931 ], [ 346823.33945793210296, 6295246.114165794104338 ], [ 346821.005623749282677, 6295276.024038077332079 ], [ 346817.108807113254443, 6295345.838385062292218 ], [ 346815.897920421382878, 6295363.565513285808265 ], [ 346814.669431942864321, 6295382.401458568871021 ], [ 346813.229653307353146, 6295414.543809711933136 ], [ 346929.149447079806123, 6295431.911076060496271 ], [ 346976.457348916330375, 6295438.207053292542696 ], [ 347000.718843822891358, 6295441.722779413685203 ], [ 347105.370621535694227, 6295456.887275481596589 ], [ 347235.213764232350513, 6295475.580469669774175 ], [ 347263.041042373748496, 6295479.348369866609573 ], [ 347310.349312339967582, 6295485.642594626173377 ], [ 347353.94029156002216, 6295491.87789258453995 ], [ 347392.88468436547555, 6295498.039421087130904 ], [ 347398.005479271581862, 6295437.739396350458264 ], [ 347409.513374464353547, 6295247.459329163655639 ], [ 347411.295382001553662, 6295215.499348829500377 ], [ 347418.150982826831751, 6295075.855762169696391 ], [ 347424.410488230409101, 6294973.913714252412319 ], [ 347424.686612799181603, 6294969.397717121988535 ], [ 347426.917764169629663, 6294932.915087627246976 ], [ 347428.793791166855954, 6294814.26640225853771 ], [ 347431.142863495857455, 6294776.008426321670413 ], [ 347435.053119038231671, 6294712.324318163096905 ], [ 347435.169875685824081, 6294704.94014903344214 ], [ 347435.316117040580139, 6294695.691264428198338 ], [ 347435.863363980548456, 6294685.875470487400889 ], [ 347434.065238400828093, 6294685.457923073321581 ], [ 347433.886091092019342, 6294685.416388306766748 ], [ 347431.544996960554272, 6294685.266057276166975 ], [ 347430.783003993099555, 6294685.217101791873574 ], [ 347430.086813745903783, 6294685.172378671355546 ], [ 347428.963156574871391, 6294685.100148655474186 ], [ 347427.406352895661257, 6294685.000122306868434 ], [ 347423.682148451451212, 6294684.734455015510321 ], [ 347421.374134067329578, 6294684.569682454690337 ], [ 347417.189028652617708, 6294684.271089106798172 ], [ 347406.651829406444449, 6294683.519231172278523 ], [ 347406.060756176477298, 6294683.477066435851157 ], [ 347401.05320913286414, 6294683.119774752296507 ], [ 347386.39770334889181, 6294682.074139231815934 ], [ 347383.80379688332323, 6294681.888975791633129 ], [ 347382.90846126928227, 6294681.825139682739973 ], [ 347373.138347857282497, 6294681.128070127218962 ], [ 347365.052282014163211, 6294680.550994845107198 ], [ 347359.915149849606678, 6294680.184449901804328 ], [ 347355.053639517864212, 6294679.837623752653599 ], [ 347349.704342665500008, 6294679.455946629866958 ], [ 347349.163785419834312, 6294679.417370520532131 ], [ 347347.012076841318049, 6294679.263830749318004 ], [ 347342.711581602168735, 6294678.956995455548167 ], [ 347339.578118702454958, 6294678.733458882197738 ], [ 347339.014265996054746, 6294678.693216912448406 ], [ 347333.487372786737978, 6294678.298845809884369 ], [ 347333.118316912092268, 6294678.272558145225048 ], [ 347329.040342158987187, 6294677.981506522744894 ], [ 347328.938393148768228, 6294677.974207768216729 ], [ 347326.429986433242448, 6294677.795269312337041 ], [ 347324.318190049962141, 6294677.64455041475594 ], [ 347323.939865822438151, 6294677.617617013864219 ], [ 347321.245180280529894, 6294677.425256108865142 ], [ 347319.684459858748596, 6294677.313978558406234 ], [ 347319.253702619927935, 6294677.283123096451163 ], [ 347315.952496653422713, 6294677.047548158094287 ], [ 347314.133857456035912, 6294676.917724903672934 ], [ 347313.421381303982344, 6294676.866850473918021 ], [ 347312.706399630173109, 6294676.815836597234011 ], [ 347310.532813812140375, 6294676.660845208913088 ], [ 347309.735922603984363, 6294676.603946510702372 ], [ 347308.925674400117714, 6294676.545938644558191 ], [ 347305.59407453390304, 6294676.30828320980072 ], [ 347304.759944287477992, 6294676.248700069263577 ], [ 347304.420029184198938, 6294676.224468434229493 ], [ 347300.605261357268319, 6294675.950637044385076 ], [ 347298.409307450754568, 6294675.7934934431687 ], [ 347295.195938824908808, 6294675.564288876950741 ], [ 347290.124939063331112, 6294675.202443858608603 ], [ 347289.34666832734365, 6294675.146835646592081 ], [ 347287.547567601664923, 6294675.018413806334138 ], [ 347284.889203192607965, 6294674.601586627773941 ], [ 347283.648784791585058, 6294674.406996268779039 ], [ 347280.923547498183325, 6294673.979633504524827 ], [ 347279.33008004934527, 6294673.729780164547265 ], [ 347279.027393057418521, 6294673.708929821848869 ], [ 347278.320814357255585, 6294673.660440335981548 ], [ 347273.671028268989176, 6294673.340963318943977 ], [ 347233.852432465122547, 6294670.604930219240487 ], [ 347221.751687907089945, 6294669.773451833054423 ], [ 347200.422770610079169, 6294668.307856436818838 ], [ 347163.128904366865754, 6294665.745173771865666 ], [ 347150.237338515580632, 6294664.859284048900008 ], [ 347137.565130647271872, 6294663.98832325451076 ], [ 347093.630701390153263, 6294660.968950695358217 ], [ 347014.062537454883568, 6294655.500009403564036 ], [ 346993.702932697953656, 6294654.121241584420204 ], [ 346987.090973538928665, 6294653.673355265520513 ], [ 346986.455110771523323, 6294653.63035462424159 ], [ 346958.601278424961492, 6294651.743944318033755 ], [ 346955.00003795925295, 6294651.500094706192613 ], [ 346953.086509330547415, 6294651.360917509533465 ], [ 346922.493430402362719, 6294649.135997358709574 ], [ 346920.624988975760061, 6294649.000122459605336 ], [ 346917.493536633381154, 6294648.740071854554117 ], [ 346910.498167247162201, 6294648.159369746223092 ], [ 346899.601649150950834, 6294647.254923220723867 ], [ 346896.531220698205288, 6294647.000023473054171 ], [ 346893.506648134673014, 6294646.836920289322734 ], [ 346872.231163518154062, 6294645.68943942990154 ] ] ] } },
{ "type": "Feature", "properties": { "OBJECTID": 4442, "objectd": 4415, "cod_rgn": "13", "cd_prvn": "131", "cod_cmn": "13101", "nmbr_rg": "Metropolitana de Santiago", "nmbr_pr": "Santiago", "nmbr_cm": "Santiago", "id_v_rs": "131016467", "uv_cart": "26", "uv_nmbr": "26", "prd_ndc": 20240601, "ndpet0_4_p": 9608035, "ndpet0_4_r": 3282568, "ndpet0_4_c": 139710, "ndpet0_4_u": "2515", "ndpet4_5_p": 1459190, "ndpet4_5_r": 552537, "ndpet4_5_c": 26989, "ndpet4_5_u": "400", "ndpet5_6_p": 1159567, "ndpet5_6_r": 451679, "ndpet5_6_c": 26691, "ndpet5_6_u": "330", "ndpet6_7_p": 1134251, "ndpet6_7_r": 455189, "ndpet6_7_c": 30358, "ndpet6_7_u": "287", "ndpet7_8_p": 1264009, "ndpet7_8_r": 507934, "ndpet7_8_c": 36539, "ndpet7_8_u": "290", "ndpet8_9_p": 1876093, "ndpet8_9_r": 830486, "ndpet8_9_c": 57768, "ndpet8_9_u": "311", "ndpet9_1_p": 638111, "ndpet9_1_r": 298881, "ndpet9_1_c": "25806", "ndpet9_1_u": "73", "totl_ps": 17139256, "ttl_rgn": 6379274, "ttl_cmn": 343861, "totl_uv": "4206", "area_m2": 563805.03438679501, "perimeter_m": 3078.8733379061182, "centroide_x": 344326.37248129386, "centroide_y": 6296160.380989329, "crs_original": "EPSG:4326", "fecha_normalizacion": "2025-10-10 01:59:26" }, "geometry": { "type": "Polygon", "coordinates": [ [ [ 344653.042496612994, 6295752.666130651719868 ], [ 344533.210461634676903, 6295747.435087753459811 ], [ 344526.669600543566048, 6295747.010836258530617 ], [ 344487.707134966272861, 6295744.483753212727606 ], [ 344412.446139727253467, 6295742.161689408123493 ], [ 344298.223352119908668, 6295734.774076262488961 ], [ 344259.22563823213568, 6295731.926599375903606 ], [ 344200.711238133430015, 6295728.763960801064968 ], [ 344168.201276738313027, 6295727.129944082349539 ], [ 344023.093316253914963, 6295718.720786079764366 ], [ 344000.210176642984152, 6295717.394478557631373 ], [ 343982.453219607123174, 6295716.365238557569683 ], [ 343985.2566131191561, 6295772.977824133820832 ], [ 343991.452486081281677, 6295907.286538451910019 ], [ 343993.503313467255794, 6296010.471670721657574 ], [ 343996.074018954590429, 6296081.499522284604609 ], [ 344000.919119813130237, 6296153.210492333397269 ], [ 344002.825925519689918, 6296181.433150859549642 ], [ 344003.829608031664975, 6296207.065287943929434 ], [ 344007.432605387410149, 6296299.078682905063033 ], [ 344015.542254903353751, 6296430.090624300763011 ], [ 344019.374665814451873, 6296523.667956732213497 ], [ 344019.92294539953582, 6296537.171888535842299 ], [ 344021.962217694497667, 6296587.396052387543023 ], [ 344022.909883721440565, 6296610.735323682427406 ], [ 344022.221086179371923, 6296592.135928589850664 ], [ 344021.542469866806641, 6296576.596704302355647 ], [ 344101.367737039458007, 6296584.540923959575593 ], [ 344167.251279366319068, 6296592.259469335898757 ], [ 344230.364476722548716, 6296598.823755189776421 ], [ 344331.513748755853157, 6296610.437486961483955 ], [ 344345.312575674965046, 6296619.533228803426027 ], [ 344361.184749896696303, 6296615.352458629757166 ], [ 344381.614853725302964, 6296616.790973348543048 ], [ 344465.158410593576264, 6296624.791984471492469 ], [ 344566.343808360164985, 6296634.185594841837883 ], [ 344599.750548545271158, 6296638.050754589959979 ], [ 344604.861876310431398, 6296609.295013707131147 ], [ 344609.043689996353351, 6296580.524210937321186 ], [ 344624.090247217798606, 6296454.322453415952623 ], [ 344640.048229703970719, 6296329.244543792679906 ], [ 344655.094298056676053, 6296203.04282302595675 ], [ 344666.422402346739545, 6296076.781149993650615 ], [ 344667.956909212400205, 6295981.418307166546583 ], [ 344666.579902922967449, 6295951.448915284126997 ], [ 344666.307824543328024, 6295795.053393455222249 ], [ 344664.823821758211125, 6295771.737123420462012 ], [ 344653.974753354035784, 6295752.706869807094336 ], [ 344653.042496612994, 6295752.666130651719868 ] ] ] } },
{ "type": "Feature", "properties": { "OBJECTID": 4443, "objectd": 4416, "cod_rgn": "13", "cd_prvn": "131", "cod_cmn": "13101", "nmbr_rg": "Metropolitana de Santiago", "nmbr_pr": "Santiago", "nmbr_cm": "Santiago", "id_v_rs": "131016468", "uv_cart": "22", "uv_nmbr": "22", "prd_ndc": 20240601, "ndpet0_4_p": 9608035, "ndpet0_4_r": 3282568, "ndpet0_4_c": 139710, "ndpet0_4_u": "2233", "ndpet4_5_p": 1459190, "ndpet4_5_r": 552537, "ndpet4_5_c": 26989, "ndpet4_5_u": "361", "ndpet5_6_p": 1159567, "ndpet5_6_r": 451679, "ndpet5_6_c": 26691, "ndpet5_6_u": "348", "ndpet6_7_p": 1134251, "ndpet6_7_r": 455189, "ndpet6_7_c": 30358, "ndpet6_7_u": "423", "ndpet7_8_p": 1264009, "ndpet7_8_r": 507934, "ndpet7_8_c": 36539, "ndpet7_8_u": "429", "ndpet8_9_p": 1876093, "ndpet8_9_r": 830486, "ndpet8_9_c": 57768, "ndpet8_9_u": "731", "ndpet9_1_p": 638111, "ndpet9_1_r": 298881, "ndpet9_1_c": "25806", "ndpet9_1_u": "321", "totl_ps": 17139256, "ttl_rgn": 6379274, "ttl_cmn": 343861, "totl_uv": "4846", "area_m2": 578250.06000388775, "perimeter_m": 3216.6915980048402, "centroide_x": 344571.00571042934, "centroide_y": 6296921.6195338462, "crs_original": "EPSG:4326", "fecha_normalizacion": "2025-10-10 01:59:26" }, "geometry": { "type": "Polygon", "coordinates": [ [ [ 345130.602034244919196, 6296754.16808994114399 ], [ 344953.662152858800255, 6296714.726394111290574 ], [ 344766.535218139877543, 6296672.899191706441343 ], [ 344655.740341823780909, 6296649.163531681522727 ], [ 344632.192207734216936, 6296644.11868305131793 ], [ 344599.750548545271158, 6296638.050754589959979 ], [ 344566.343808360164985, 6296634.185594841837883 ], [ 344465.158410593576264, 6296624.791984471492469 ], [ 344381.614853725302964, 6296616.790973348543048 ], [ 344361.184749896696303, 6296615.352458629757166 ], [ 344345.312575674965046, 6296619.533228803426027 ], [ 344331.513748755853157, 6296610.437486961483955 ], [ 344230.364476722548716, 6296598.823755189776421 ], [ 344167.251279366319068, 6296592.259469335898757 ], [ 344101.367737039458007, 6296584.540923959575593 ], [ 344021.542469866806641, 6296576.596704302355647 ], [ 344022.221086179371923, 6296592.135928589850664 ], [ 344022.909883721440565, 6296610.735323682427406 ], [ 344024.81036740494892, 6296662.054877839051187 ], [ 344030.685731073841453, 6296816.323045145720243 ], [ 344035.024940118310042, 6296950.601456791162491 ], [ 344041.050740388513077, 6297048.508809201419353 ], [ 344041.65312201960478, 6297058.296946387737989 ], [ 344099.978683042223565, 6297073.6577806789428 ], [ 344126.808807170134969, 6297081.855064831674099 ], [ 344241.565745016559958, 6297114.763080221600831 ], [ 344354.482344903750345, 6297146.530920420773327 ], [ 344477.570588530914392, 6297181.788739250041544 ], [ 344559.939669882354792, 6297205.298047592863441 ], [ 344717.296400218154304, 6297248.868289064615965 ], [ 344750.616183822974563, 6297258.277239643037319 ], [ 344831.127523534931242, 6297281.754200993105769 ], [ 345014.370613617240451, 6297334.608591067604721 ], [ 345037.831414311891422, 6297205.214176282286644 ], [ 345059.952877409523353, 6297101.308822381310165 ], [ 345061.220454429043457, 6297080.255177924409509 ], [ 345086.432387404027395, 6296957.54368400759995 ], [ 345088.072116624447517, 6296944.205574180930853 ], [ 345093.917109415167943, 6296896.660313431173563 ], [ 345097.854745100834407, 6296869.096612542867661 ], [ 345102.295699248090386, 6296838.009684374555945 ], [ 345117.358390275272541, 6296768.374621715396643 ], [ 345123.059603168803733, 6296760.702039005234838 ], [ 345124.293189740623347, 6296759.633368999697268 ], [ 345130.602034244919196, 6296754.16808994114399 ] ] ] } },
{ "type": "Feature", "properties": { "OBJECTID": 4444, "objectd": 4417, "cod_rgn": "13", "cd_prvn": "131", "cod_cmn": "13101", "nmbr_rg": "Metropolitana de Santiago", "nmbr_pr": "Santiago", "nmbr_cm": "Santiago", "id_v_rs": "131016469", "uv_cart": "20", "uv_nmbr": "20", "prd_ndc": 20240601, "ndpet0_4_p": 9608035, "ndpet0_4_r": 3282568, "ndpet0_4_c": 139710, "ndpet0_4_u": "1707", "ndpet4_5_p": 1459190, "ndpet4_5_r": 552537, "ndpet4_5_c": 26989, "ndpet4_5_u": "373", "ndpet5_6_p": 1159567, "ndpet5_6_r": 451679, "ndpet5_6_c": 26691, "ndpet5_6_u": "355", "ndpet6_7_p": 1134251, "ndpet6_7_r": 455189, "ndpet6_7_c": 30358, "ndpet6_7_u": "436", "ndpet7_8_p": 1264009, "ndpet7_8_r": 507934, "ndpet7_8_c": 36539, "ndpet7_8_u": "527", "ndpet8_9_p": 1876093, "ndpet8_9_r": 830486, "ndpet8_9_c": 57768, "ndpet8_9_u": "1244", "ndpet9_1_p": 638111, "ndpet9_1_r": 298881, "ndpet9_1_c": "25806", "ndpet9_1_u": "705", "totl_ps": 17139256, "ttl_rgn": 6379274, "ttl_cmn": 343861, "totl_uv": "5347", "area_m2": 425201.5031578737, "perimeter_m": 2632.3470728183429, "centroide_x": 345650.28080107883, "centroide_y": 6296994.0146167763, "crs_original": "EPSG:4326", "fecha_normalizacion": "2025-10-10 01:59:26" }, "geometry": { "type": "Polygon", "coordinates": [ [ [ 345913.090821590798441, 6297095.754653140902519 ], [ 345916.43442163761938, 6297087.269964725710452 ], [ 345920.338154582597781, 6297077.364024219103158 ], [ 345936.652524648408871, 6297045.459044587798417 ], [ 345980.505585477047134, 6296977.391454137861729 ], [ 346003.272868752945215, 6296948.91669668443501 ], [ 346012.921327779593412, 6296926.887587237171829 ], [ 346018.88720728008775, 6296902.581548150628805 ], [ 346020.423735250893515, 6296894.747496845200658 ], [ 346021.92322677053744, 6296887.101877372711897 ], [ 346022.189712256193161, 6296885.522526144981384 ], [ 346023.976678452338092, 6296874.933934479951859 ], [ 346032.296444485371467, 6296819.609254159033298 ], [ 346040.093465481302701, 6296738.765754675492644 ], [ 346043.89899784559384, 6296697.516454871743917 ], [ 346036.930664351209998, 6296696.919568681158125 ], [ 346024.286303346161731, 6296697.867533430457115 ], [ 346015.377457035356201, 6296697.178041618317366 ], [ 346013.420492879813537, 6296697.026535524055362 ], [ 346012.259591211564839, 6296696.936701260507107 ], [ 346010.036408176296391, 6296696.764689780771732 ], [ 345959.692454151285347, 6296692.867756843566895 ], [ 345945.120998611790128, 6296691.487673378549516 ], [ 345941.033171593328007, 6296691.100462922826409 ], [ 345934.825201827683486, 6296693.829867281019688 ], [ 345921.830518991337158, 6296692.513410824351013 ], [ 345910.71253008156782, 6296690.117687029764056 ], [ 345785.431001416756772, 6296675.916914731264114 ], [ 345747.394276222679764, 6296670.872716665267944 ], [ 345735.32913396123331, 6296669.570756956934929 ], [ 345720.493308492703363, 6296667.115409331396222 ], [ 345706.586901097442023, 6296664.674890801310539 ], [ 345689.856821592140477, 6296664.407527253031731 ], [ 345650.819772034767084, 6296663.783563006669283 ], [ 345386.24533490894828, 6296639.585714066401124 ], [ 345363.044589917059056, 6296636.995855744928122 ], [ 345362.90357476810459, 6296640.62194843403995 ], [ 345358.409505813149735, 6296756.180103419348598 ], [ 345353.37489936943166, 6296795.480863470584154 ], [ 345351.024792887968943, 6296814.278527311980724 ], [ 345350.908443758147769, 6296814.265791277401149 ], [ 345350.088186859618872, 6296821.769797939807177 ], [ 345348.729825915186666, 6296834.195652911439538 ], [ 345344.017368876957335, 6296896.232744476757944 ], [ 345340.696170724462718, 6296929.454038986936212 ], [ 345337.3393514896743, 6296964.893166834488511 ], [ 345331.78617183183087, 6297021.370967797935009 ], [ 345325.179086476098746, 6297085.595902731642127 ], [ 345322.964870330411941, 6297107.743491519242525 ], [ 345318.625226217089221, 6297146.494275793433189 ], [ 345306.26927204313688, 6297279.394472142681479 ], [ 345369.227575001888908, 6297295.930876817554235 ], [ 345431.238851874368265, 6297313.560804434120655 ], [ 345561.768539999728091, 6297348.923589551821351 ], [ 345670.11467320198426, 6297376.165991961956024 ], [ 345719.184447237406857, 6297389.150602458044887 ], [ 345776.630782852414995, 6297403.620810655876994 ], [ 345822.030017908313312, 6297421.224056778475642 ], [ 345852.344687503296882, 6297318.07316198758781 ], [ 345880.105377189524006, 6297209.819712436757982 ], [ 345895.986078581365291, 6297146.851791048422456 ], [ 345907.741664981935173, 6297109.328306935727596 ], [ 345913.090821590798441, 6297095.754653140902519 ] ] ] } },
{ "type": "Feature", "properties": { "OBJECTID": 4445, "objectd": 4418, "cod_rgn": "13", "cd_prvn": "131", "cod_cmn": "13101", "nmbr_rg": "Metropolitana de Santiago", "nmbr_pr": "Santiago", "nmbr_cm": "Santiago", "id_v_rs": "131016470", "uv_cart": "12", "uv_nmbr": "12", "prd_ndc": 20240601, "ndpet0_4_p": 9608035, "ndpet0_4_r": 3282568, "ndpet0_4_c": 139710, "ndpet0_4_u": "2805", "ndpet4_5_p": 1459190, "ndpet4_5_r": 552537, "ndpet4_5_c": 26989, "ndpet4_5_u": "495", "ndpet5_6_p": 1159567, "ndpet5_6_r": 451679, "ndpet5_6_c": 26691, "ndpet5_6_u": "460", "ndpet6_7_p": 1134251, "ndpet6_7_r": 455189, "ndpet6_7_c": 30358, "ndpet6_7_u": "496", "ndpet7_8_p": 1264009, "ndpet7_8_r": 507934, "ndpet7_8_c": 36539, "ndpet7_8_u": "525", "ndpet8_9_p": 1876093, "ndpet8_9_r": 830486, "ndpet8_9_c": 57768, "ndpet8_9_u": "669", "ndpet9_1_p": 638111, "ndpet9_1_r": 298881, "ndpet9_1_c": "25806", "ndpet9_1_u": "269", "totl_ps": 17139256, "ttl_rgn": 6379274, "ttl_cmn": 343861, "totl_uv": "5719", "area_m2": 1046232.7190116814, "perimeter_m": 5111.7663008371082, "centroide_x": 343568.75477215997, "centroide_y": 6298546.9686274473, "crs_original": "EPSG:4326", "fecha_normalizacion": "2025-10-10 01:59:26" }, "geometry": { "type": "Polygon", "coordinates": [ [ [ 343826.821071318001486, 6298845.007681537419558 ], [ 343849.11523146321997, 6298846.47719831392169 ], [ 343930.818564890418202, 6298854.452159615233541 ], [ 344030.167973884614184, 6298863.820382863283157 ], [ 344128.569836107664742, 6298874.281497214920819 ], [ 344157.353850480983965, 6298876.964092200621963 ], [ 344219.552440429455601, 6298883.51278361864388 ], [ 344350.475339840399101, 6298895.605067416094244 ], [ 344350.549565662629902, 6298895.612547233700752 ], [ 344351.988612155430019, 6298877.366355995647609 ], [ 344360.860672153299674, 6298770.437918131239712 ], [ 344366.527017128071748, 6298707.307362606748939 ], [ 344373.123007195768878, 6298644.191775631159544 ], [ 344379.843962360289879, 6298573.314153794199228 ], [ 344391.265688689774834, 6298441.508705416694283 ], [ 344400.274346184043679, 6298344.048161060549319 ], [ 344401.364742507576011, 6298334.083367145620286 ], [ 344401.48976010736078, 6298326.321237307041883 ], [ 344403.634744793409482, 6298308.609384596347809 ], [ 344368.38077540253289, 6298303.604894490912557 ], [ 344340.563761041790713, 6298298.720105215907097 ], [ 344271.915279187378474, 6298288.740501487627625 ], [ 344230.172045613988303, 6298282.521685306914151 ], [ 344182.869139978953172, 6298275.103907939046621 ], [ 344155.052273908630013, 6298270.218578027561307 ], [ 344115.168394015170634, 6298264.029351739212871 ], [ 344086.422013084054925, 6298259.128822073340416 ], [ 344061.376206523971632, 6298255.397147951647639 ], [ 344011.284559324616566, 6298247.93350169993937 ], [ 343984.379578968451824, 6298244.171505170874298 ], [ 343943.2252199256327, 6298238.587064934894443 ], [ 343937.988642669748515, 6298237.876446954905987 ], [ 343890.596429161028937, 6298236.001521111465991 ], [ 343884.947084324841853, 6298240.346867102198303 ], [ 343879.24397359410068, 6298248.018869640305638 ], [ 343840.27203220553929, 6298242.952342746779323 ], [ 343809.63073095283471, 6298240.238668609410524 ], [ 343516.214882734231651, 6298214.416190661489964 ], [ 343453.984924591961317, 6298210.080532133579254 ], [ 343437.81067947729025, 6298208.500829868018627 ], [ 343413.136074298177846, 6298206.091061140410602 ], [ 343383.010080461157486, 6298203.94217365141958 ], [ 343352.765402010292746, 6298201.784783400595188 ], [ 343158.657141919014975, 6298187.543666236102581 ], [ 343121.371878381469287, 6298185.547144117765129 ], [ 343099.198254268150777, 6298184.359811058267951 ], [ 343052.7719263471663, 6298180.278215274214745 ], [ 342919.052560264244676, 6298169.231497181579471 ], [ 342884.515921552549116, 6298166.76044992543757 ], [ 342818.745234704110771, 6298162.054061267524958 ], [ 342748.185360012808815, 6298155.359955472871661 ], [ 342748.192449403577484, 6298153.141837380826473 ], [ 342732.51422134047607, 6298151.531313186511397 ], [ 342732.38207310589496, 6298155.102694627828896 ], [ 342732.521704630344175, 6298156.963404322043061 ], [ 342736.22704654262634, 6298206.325008464045823 ], [ 342738.500322115723975, 6298254.929435139521956 ], [ 342738.943402469856665, 6298266.12606746237725 ], [ 342739.602220663800836, 6298282.774239113554358 ], [ 342751.985798950248864, 6298550.284506911411881 ], [ 342756.101893965271302, 6298640.193878776393831 ], [ 342755.722920156433247, 6298663.480141362175345 ], [ 342753.502676773816347, 6298685.627321595326066 ], [ 342751.354613180854358, 6298703.339013202115893 ], [ 342744.305615875578951, 6298736.499160401523113 ], [ 342747.055726228805725, 6298737.05024781357497 ], [ 342756.355107752082404, 6298738.913593063130975 ], [ 342759.827965370903257, 6298739.365417468361557 ], [ 342766.993657853570767, 6298740.297878785058856 ], [ 342814.815640085202176, 6298746.519796097651124 ], [ 342954.06682894367259, 6298760.9849803596735 ], [ 343046.889149107621051, 6298771.36642818339169 ], [ 343089.044349475414492, 6298774.935749679803848 ], [ 343128.280586559150834, 6298778.257797656580806 ], [ 343225.186780225136317, 6298786.461851827800274 ], [ 343358.761477816558909, 6298798.922635329887271 ], [ 343426.672614516224712, 6298805.257170990109444 ], [ 343445.617843846324831, 6298806.468971975147724 ], [ 343449.896298648440279, 6298806.742578429169953 ], [ 343448.918916681664996, 6298808.684021685272455 ], [ 343448.674011133145541, 6298810.751146305352449 ], [ 343447.951048860093579, 6298816.85156490560621 ], [ 343447.075412054546177, 6298824.240364129655063 ], [ 343441.855702617554925, 6298868.288627091795206 ], [ 343437.031235766946338, 6298908.999997207894921 ], [ 343433.78128462965833, 6298936.000116633251309 ], [ 343439.906193860049825, 6298936.500048218294978 ], [ 343471.339537098829169, 6298939.272994721308351 ], [ 343485.250001560547389, 6298940.500100519508123 ], [ 343485.296841394621879, 6298943.897018756717443 ], [ 343485.546704677050002, 6298962.005737081170082 ], [ 343486.250005868962035, 6299013.000115983188152 ], [ 343486.699218655121513, 6299055.425814284011722 ], [ 343516.196412840276025, 6299063.176036200486124 ], [ 343517.535168658941984, 6299063.527885007672012 ], [ 343589.448483275831677, 6299083.045875810086727 ], [ 343594.967900443007238, 6299084.543867642991245 ], [ 343608.571700699510984, 6299087.607587195932865 ], [ 343646.516010226216167, 6299096.152847217395902 ], [ 343697.915538388304412, 6299106.034282155334949 ], [ 343722.767188850208186, 6299110.812004789710045 ], [ 343726.2204640332493, 6299111.475920435041189 ], [ 343734.89742624911014, 6299113.143992831930518 ], [ 343735.389073541911785, 6299113.238425491377711 ], [ 343740.098603727237787, 6299114.143794015981257 ], [ 343744.365679803478997, 6299114.964002124965191 ], [ 343744.759863431798294, 6299115.03980125579983 ], [ 343744.763103549950756, 6299114.999754562042654 ], [ 343744.838301798969042, 6299114.073105405084789 ], [ 343744.845221286697779, 6299113.986535416916013 ], [ 343744.944265131780412, 6299112.764416347257793 ], [ 343745.027645764523186, 6299111.73515803925693 ], [ 343745.090340506983921, 6299110.961122155189514 ], [ 343745.159610381582752, 6299110.10629615560174 ], [ 343745.348494045785628, 6299107.776121751405299 ], [ 343745.436663970176596, 6299106.688587719574571 ], [ 343746.609534748014994, 6299092.215420948341489 ], [ 343746.722364062792622, 6299090.823452709242702 ], [ 343746.801849532057531, 6299089.843706639483571 ], [ 343747.011648679152131, 6299087.254423248581588 ], [ 343747.90344864258077, 6299076.250769196078181 ], [ 343749.026359161536675, 6299062.394838756881654 ], [ 343749.610875585582107, 6299055.183659946545959 ], [ 343749.654254888417199, 6299054.647312784567475 ], [ 343749.713625575532205, 6299053.87711329665035 ], [ 343749.625920981634408, 6299053.813551535829902 ], [ 343749.383427650260273, 6299053.563051010482013 ], [ 343749.188218638300896, 6299053.274313194677234 ], [ 343749.045924298232421, 6299052.956007530912757 ], [ 343749.032414288725704, 6299052.90192462131381 ], [ 343745.968739462026861, 6299052.500072279945016 ], [ 343746.23981254582759, 6299049.297026511281729 ], [ 343746.272376875393093, 6299048.91232243925333 ], [ 343746.394762590527534, 6299047.467242704704404 ], [ 343746.46623787394492, 6299046.620831224136055 ], [ 343746.813669988303445, 6299042.517588444985449 ], [ 343747.192295749438927, 6299038.041988294571638 ], [ 343747.384686042205431, 6299035.769026579335332 ], [ 343747.820780769689009, 6299030.614965215325356 ], [ 343748.312762983900029, 6299024.802666114643216 ], [ 343750.298767614760436, 6299001.335311241447926 ], [ 343752.248611865448765, 6298978.293698151595891 ], [ 343752.781242153956555, 6298971.999968976713717 ], [ 343732.468700969591737, 6298971.500032122246921 ], [ 343732.593743590987287, 6298966.999982140026987 ], [ 343724.031245791586116, 6298966.500017071142793 ], [ 343724.031207741936669, 6298966.554080431349576 ], [ 343724.031200717319734, 6298970.500051869079471 ], [ 343724.002801311493386, 6298970.497896840795875 ], [ 343716.074956360389479, 6298969.916020778939128 ], [ 343703.5937517551356, 6298969.000044977292418 ], [ 343704.500001539709046, 6298954.50012169405818 ], [ 343705.296411251300015, 6298947.457953656092286 ], [ 343705.687447968986817, 6298943.999994560144842 ], [ 343705.75000782252755, 6298943.249995956197381 ], [ 343705.812484052905347, 6298942.499995997175574 ], [ 343707.566698176669888, 6298926.053220393136144 ], [ 343708.036621599574573, 6298921.647524788975716 ], [ 343709.184088855050504, 6298910.888799441047013 ], [ 343710.874827369814739, 6298895.036198891699314 ], [ 343711.493819068826269, 6298889.231839131563902 ], [ 343712.286284574423917, 6298881.802281042560935 ], [ 343712.690864957403392, 6298878.008286618627608 ], [ 343713.319204386498313, 6298872.117096748203039 ], [ 343713.977815729507711, 6298865.941612916998565 ], [ 343715.565239018993452, 6298851.057299926877022 ], [ 343716.478765442327131, 6298842.492061597295105 ], [ 343716.531213974638376, 6298842.000049863941967 ], [ 343717.016118238912895, 6298837.56746424920857 ], [ 343717.257852879702114, 6298835.35674577858299 ], [ 343717.84468823770294, 6298833.4119539745152 ], [ 343738.628059862763621, 6298835.817775475792587 ], [ 343738.702281774720177, 6298835.825459466315806 ], [ 343819.605919421999715, 6298844.255860923789442 ], [ 343826.821071318001486, 6298845.007681537419558 ] ] ] } },
{ "type": "Feature", "properties": { "OBJECTID": 4446, "objectd": 4419, "cod_rgn": "13", "cd_prvn": "131", "cod_cmn": "13101", "nmbr_rg": "Metropolitana de Santiago", "nmbr_pr": "Santiago", "nmbr_cm": "Santiago", "id_v_rs": "131016471", "uv_cart": "28", "uv_nmbr": "28", "prd_ndc": 20240601, "ndpet0_4_p": 9608035, "ndpet0_4_r": 3282568, "ndpet0_4_c": 139710, "ndpet0_4_u": "381", "ndpet4_5_p": 1459190, "ndpet4_5_r": 552537, "ndpet4_5_c": 26989, "ndpet4_5_u": "58", "ndpet5_6_p": 1159567, "ndpet5_6_r": 451679, "ndpet5_6_c": 26691, "ndpet5_6_u": "36", "ndpet6_7_p": 1134251, "ndpet6_7_r": 455189, "ndpet6_7_c": 30358, "ndpet6_7_u": "33", "ndpet7_8_p": 1264009, "ndpet7_8_r": 507934, "ndpet7_8_c": 36539, "ndpet7_8_u": "68", "ndpet8_9_p": 1876093, "ndpet8_9_r": 830486, "ndpet8_9_c": 57768, "ndpet8_9_u": "76", "ndpet9_1_p": 638111, "ndpet9_1_r": 298881, "ndpet9_1_c": "25806", "ndpet9_1_u": "25", "totl_ps": 17139256, "ttl_rgn": 6379274, "ttl_cmn": 343861, "totl_uv": "677", "area_m2": 174742.97202958461, "perimeter_m": 2179.1160254023307, "centroide_x": 344268.3551218058, "centroide_y": 6294521.4209034285, "crs_original": "EPSG:4326", "fecha_normalizacion": "2025-10-10 01:59:26" }, "geometry": { "type": "Polygon", "coordinates": [ [ [ 344679.430548855802044, 6294663.190765911713243 ], [ 344683.58147903700592, 6294606.313280398026109 ], [ 344684.879462666052859, 6294569.850715706124902 ], [ 344685.278242884785868, 6294558.646724348887801 ], [ 344684.991637315833941, 6294518.712414890527725 ], [ 344685.672200454166159, 6294476.435601418837905 ], [ 344686.223320036311634, 6294442.200177364051342 ], [ 344686.59818391292356, 6294418.913877349346876 ], [ 344662.4200692033628, 6294419.633737064898014 ], [ 344586.204523289867211, 6294419.515532333403826 ], [ 344544.645096058142371, 6294418.845983302220702 ], [ 344542.530224874557462, 6294418.811906581744552 ], [ 344433.834039145498537, 6294418.939646873623133 ], [ 344426.22616711340379, 6294418.948541808873415 ], [ 344414.259307289496064, 6294418.962547888979316 ], [ 344410.164280645200051, 6294419.005036663264036 ], [ 344343.275319584528916, 6294418.9265908729285 ], [ 344312.02497250639135, 6294418.422457532025874 ], [ 344225.587585514294915, 6294418.136452555656433 ], [ 344167.533576777030248, 6294418.414193998090923 ], [ 344119.618276191991754, 6294418.6432342575863 ], [ 344090.811789738538209, 6294418.177769625559449 ], [ 344029.463913986692205, 6294418.295319132506847 ], [ 343989.506500483606942, 6294417.649277763441205 ], [ 343929.56259586988017, 6294417.646452829241753 ], [ 343922.51674318726873, 6294417.646087625995278 ], [ 343920.724643539870158, 6294417.646023586392403 ], [ 343841.5341746241902, 6294417.319103378802538 ], [ 343832.365135292522609, 6294417.281214771792293 ], [ 343830.562034767412115, 6294417.273873703554273 ], [ 343829.765132863540202, 6294417.27065009996295 ], [ 343833.093162332777865, 6294478.67724329046905 ], [ 343835.525392078736331, 6294530.184338023886085 ], [ 343834.974987901339773, 6294565.780864687636495 ], [ 343836.413840076769702, 6294583.326373944059014 ], [ 343837.858991155866534, 6294585.076629677787423 ], [ 343838.091072152601555, 6294590.533997704274952 ], [ 343838.95356363983592, 6294610.822269329801202 ], [ 343838.958529644063674, 6294610.938957025296986 ], [ 343839.084916154213715, 6294613.914239794015884 ], [ 343839.271583492169157, 6294618.304050180129707 ], [ 343839.320215180225205, 6294619.446671281009912 ], [ 343839.324531466059852, 6294619.546690257266164 ], [ 343839.341434530680999, 6294620.000126397237182 ], [ 343841.249767944798805, 6294620.000089745037258 ], [ 343841.468781006638892, 6294620.000043384730816 ], [ 343843.014752821880393, 6294619.963119583204389 ], [ 343847.880882371682674, 6294619.846763365902007 ], [ 343862.374992459430359, 6294619.499982590787113 ], [ 343868.399667986552231, 6294619.500018891878426 ], [ 343868.571701428096276, 6294619.50000970531255 ], [ 343873.154908101307228, 6294619.500058883801103 ], [ 343875.401454753358848, 6294619.500101720914245 ], [ 343876.937551089329645, 6294619.50001981202513 ], [ 343877.950313799607102, 6294619.544037777930498 ], [ 343888.437551085662562, 6294620.000004924833775 ], [ 343894.313812253763899, 6294620.513827925547957 ], [ 343899.874957928725053, 6294621.000105582177639 ], [ 343913.156206840765662, 6294623.000085512176156 ], [ 343931.093706461600959, 6294624.500108101405203 ], [ 343941.125033699790947, 6294626.000103414058685 ], [ 343947.962613569688983, 6294626.286451989784837 ], [ 343953.062478615378495, 6294626.500103831291199 ], [ 343955.129133978043683, 6294626.153880665078759 ], [ 343956.356421357952058, 6294625.948195414617658 ], [ 343959.031187468790449, 6294625.50008662045002 ], [ 343962.293049076513853, 6294625.50007045827806 ], [ 343970.625043849111535, 6294625.500050159171224 ], [ 343975.478151459246874, 6294625.361673627048731 ], [ 343988.156194612034597, 6294625.00009976234287 ], [ 343996.604979462223127, 6294623.89801730401814 ], [ 343999.656352644786239, 6294623.499976089224219 ], [ 344011.56250266067218, 6294623.500052087008953 ], [ 344015.38621430308558, 6294623.281173706054688 ], [ 344029.031257154885679, 6294622.500071950256824 ], [ 344035.950256625656039, 6294621.906985867768526 ], [ 344046.531243713514414, 6294621.000022155232728 ], [ 344052.192322595277801, 6294620.346094047650695 ], [ 344060.902608368778601, 6294619.339852318167686 ], [ 344063.843779491842724, 6294619.000059183686972 ], [ 344075.656267396756448, 6294618.500094512477517 ], [ 344081.687481474597007, 6294617.500015055760741 ], [ 344087.593776150722988, 6294616.000063601881266 ], [ 344090.821756835677661, 6294615.447742281481624 ], [ 344093.437488532799762, 6294615.000039334408939 ], [ 344104.84370241209399, 6294613.000125017017126 ], [ 344106.140264899120666, 6294612.692000326700509 ], [ 344110.856174684944563, 6294611.571201099082828 ], [ 344111.156250284286216, 6294611.500040212646127 ], [ 344113.968718868913129, 6294613.000026773661375 ], [ 344132.780839241459034, 6294612.538366381078959 ], [ 344134.343713270965964, 6294612.500073128379881 ], [ 344157.883852836093865, 6294611.823272443376482 ], [ 344169.124953244347125, 6294611.500097713433206 ], [ 344174.417051572236232, 6294611.202429423108697 ], [ 344182.401840990409255, 6294610.75343295186758 ], [ 344184.350558024714701, 6294610.64375763759017 ], [ 344186.906203257734887, 6294610.499993376433849 ], [ 344192.637913593032863, 6294610.668062263168395 ], [ 344203.968740312731825, 6294611.000053819268942 ], [ 344210.125018617894966, 6294610.500063174404204 ], [ 344227.624946340627503, 6294611.500005900859833 ], [ 344233.249993050587364, 6294611.000102248042822 ], [ 344239.343706067302264, 6294610.000036708079278 ], [ 344248.867320975172333, 6294609.58819614816457 ], [ 344250.906219458964188, 6294609.500012857839465 ], [ 344262.656279734219424, 6294607.500078217126429 ], [ 344265.345590189623181, 6294607.392265843227506 ], [ 344275.124926547403447, 6294606.999988267198205 ], [ 344297.562466278555803, 6294607.000106453895569 ], [ 344303.531317809945904, 6294607.500012081116438 ], [ 344309.374989917385392, 6294607.500044960528612 ], [ 344326.749980382388458, 6294609.000029914081097 ], [ 344338.882740885484964, 6294611.479637438431382 ], [ 344343.875035194912925, 6294612.500015502795577 ], [ 344343.999926153221168, 6294612.510110008530319 ], [ 344350.062482225592248, 6294613.000027094036341 ], [ 344373.125057472381741, 6294617.000125247053802 ], [ 344401.721150818746537, 6294623.465334188193083 ], [ 344401.874985982547514, 6294623.500034034252167 ], [ 344407.687535633216612, 6294625.000133750960231 ], [ 344410.32935484056361, 6294625.572104597464204 ], [ 344421.822696599992923, 6294628.060446504503489 ], [ 344423.80610354046803, 6294628.489828733727336 ], [ 344430.781262749340385, 6294630.000081788748503 ], [ 344436.531211163091939, 6294631.500052098184824 ], [ 344439.906294504413381, 6294632.000047496519983 ], [ 344443.562499704305083, 6294632.499985517002642 ], [ 344454.000039661535993, 6294633.000020990148187 ], [ 344460.000014891964383, 6294634.500117491930723 ], [ 344468.447413086309098, 6294635.481165463104844 ], [ 344477.218707804335281, 6294636.500044725835323 ], [ 344485.718408252869267, 6294637.233943765982985 ], [ 344494.593755941314157, 6294638.000023787841201 ], [ 344498.102707721409388, 6294638.000018293038011 ], [ 344507.698093531304039, 6294638.000045362859964 ], [ 344517.906209911918268, 6294638.000061497092247 ], [ 344526.312527950620279, 6294637.500017804093659 ], [ 344541.49454637710005, 6294635.512951397337019 ], [ 344541.593810396734625, 6294635.500087102875113 ], [ 344547.218729942804202, 6294635.500041650608182 ], [ 344553.312493938603438, 6294634.500079080462456 ], [ 344557.457329499186017, 6294634.500022448599339 ], [ 344559.218866666662507, 6294634.500072373077273 ], [ 344563.131255120504647, 6294634.156123681925237 ], [ 344564.906340851564892, 6294634.000083787366748 ], [ 344569.469471863470972, 6294633.999977605417371 ], [ 344582.218780033756047, 6294634.000064398162067 ], [ 344593.99998171167681, 6294633.000016869977117 ], [ 344605.593766754027456, 6294633.499957770109177 ], [ 344607.8125241890084, 6294634.000023810192943 ], [ 344611.21871095651295, 6294635.999989562667906 ], [ 344614.593773225671612, 6294638.500094020739198 ], [ 344617.312499077990651, 6294639.00003001280129 ], [ 344617.959378152678255, 6294639.412636141292751 ], [ 344621.868452390946914, 6294641.906175714917481 ], [ 344626.718723712605424, 6294644.999998550862074 ], [ 344629.041172760829795, 6294646.697123602032661 ], [ 344634.009693906409666, 6294650.328001046553254 ], [ 344639.718744029290974, 6294654.499968931078911 ], [ 344646.218726328690536, 6294657.500046674162149 ], [ 344651.406254837056622, 6294660.000093046575785 ], [ 344651.866129912552424, 6294660.117420805618167 ], [ 344664.89180744998157, 6294663.441498704254627 ], [ 344666.68776530015748, 6294663.899931568652391 ], [ 344667.131323466601316, 6294664.013105688616633 ], [ 344673.253389231744222, 6294665.575380646623671 ], [ 344673.124828299623914, 6294668.275316443294287 ], [ 344672.998640219739173, 6294670.926513085141778 ], [ 344672.942478392098565, 6294671.159421028569341 ], [ 344672.839756602188572, 6294671.584394568577409 ], [ 344672.32028037274722, 6294673.736199878156185 ], [ 344672.55424490722362, 6294676.006067780777812 ], [ 344676.457094635698013, 6294673.305744045414031 ], [ 344676.599875089013949, 6294673.206797074526548 ], [ 344678.811280372319743, 6294671.676932090893388 ], [ 344678.94963544420898, 6294669.780932716093957 ], [ 344679.118023380055092, 6294667.473253263160586 ], [ 344679.430548855802044, 6294663.190765911713243 ] ] ] } },
{ "type": "Feature", "properties": { "OBJECTID": 4447, "objectd": 4420, "cod_rgn": "13", "cd_prvn": "131", "cod_cmn": "13101", "nmbr_rg": "Metropolitana de Santiago", "nmbr_pr": "Santiago", "nmbr_cm": "Santiago", "id_v_rs": "131016472", "uv_cart": "2", "uv_nmbr": "2", "prd_ndc": 20240601, "ndpet0_4_p": 9608035, "ndpet0_4_r": 3282568, "ndpet0_4_c": 139710, "ndpet0_4_u": "1592", "ndpet4_5_p": 1459190, "ndpet4_5_r": 552537, "ndpet4_5_c": 26989, "ndpet4_5_u": "307", "ndpet5_6_p": 1159567, "ndpet5_6_r": 451679, "ndpet5_6_c": 26691, "ndpet5_6_u": "344", "ndpet6_7_p": 1134251, "ndpet6_7_r": 455189, "ndpet6_7_c": 30358, "ndpet6_7_u": "370", "ndpet7_8_p": 1264009, "ndpet7_8_r": 507934, "ndpet7_8_c": 36539, "ndpet7_8_u": "549", "ndpet8_9_p": 1876093, "ndpet8_9_r": 830486, "ndpet8_9_c": 57768, "ndpet8_9_u": "842", "ndpet9_1_p": 638111, "ndpet9_1_r": 298881, "ndpet9_1_c": "25806", "ndpet9_1_u": "471", "totl_ps": 17139256, "ttl_rgn": 6379274, "ttl_cmn": 343861, "totl_uv": "4475", "area_m2": 299818.92361585796, "perimeter_m": 2766.737268783907, "centroide_x": 347044.95653377508, "centroide_y": 6299017.5727241728, "crs_original": "EPSG:4326", "fecha_normalizacion": "2025-10-10 01:59:26" }, "geometry": { "type": "Polygon", "coordinates": [ [ [ 347289.130774092511274, 6299356.202426539734006 ], [ 347283.815372213139199, 6299339.481325717642903 ], [ 347276.745722877909429, 6299316.077774468809366 ], [ 347273.289770408999175, 6299299.386149662546813 ], [ 347268.939224585483316, 6299280.462009851820767 ], [ 347260.957532816100866, 6299255.934938974678516 ], [ 347254.887774287606589, 6299228.110516544431448 ], [ 347245.257120271911845, 6299190.247711502015591 ], [ 347243.835943280020729, 6299162.496855175122619 ], [ 347246.852831940806936, 6299148.1257045827806 ], [ 347238.783682662295178, 6299129.142858300358057 ], [ 347229.644600220839493, 6299119.01619104668498 ], [ 347228.013127963349689, 6299104.571556648239493 ], [ 347232.836259325966239, 6299034.77226846665144 ], [ 347236.519282247289084, 6298978.264506505802274 ], [ 347223.258006870280951, 6298934.798508720472455 ], [ 347186.649861030746251, 6298838.833823265507817 ], [ 347155.269572072895244, 6298765.134425777941942 ], [ 347142.798278222093359, 6298730.553878116421402 ], [ 347132.923074082820676, 6298708.214862717315555 ], [ 347124.80193584272638, 6298692.558422909118235 ], [ 347111.61173678166233, 6298644.65677364077419 ], [ 347110.085847888840362, 6298623.559029629454017 ], [ 347115.155189227312803, 6298597.019901517778635 ], [ 347126.819615278625861, 6298565.039478960447013 ], [ 347141.009657159564085, 6298549.736044589430094 ], [ 347155.375075901276432, 6298523.344072743318975 ], [ 347162.040383748011664, 6298513.467213014140725 ], [ 347176.353076832776424, 6298490.401748051866889 ], [ 347182.524229463771917, 6298485.651746964082122 ], [ 347188.476527204562444, 6298475.504050884395838 ], [ 347181.281788832100574, 6298472.733482289128006 ], [ 347172.967850482091308, 6298469.274603445082903 ], [ 347136.923168915614951, 6298455.394686761312187 ], [ 347100.843487074249424, 6298443.732355677522719 ], [ 347018.476169519708492, 6298419.136549426242709 ], [ 346982.509523231419735, 6298409.334143857471645 ], [ 346979.590291221917141, 6298408.538405366241932 ], [ 346965.451526011922397, 6298479.299448620527983 ], [ 346956.907939025608357, 6298549.039816192351282 ], [ 346940.066502892062999, 6298672.996653446927667 ], [ 346917.471054298279341, 6298807.953602417372167 ], [ 346909.137810998945497, 6298864.387675754725933 ], [ 346898.69918948225677, 6298936.31634552963078 ], [ 346880.89180588175077, 6299062.475955842062831 ], [ 346864.03129010880366, 6299187.541447758674622 ], [ 346846.18806510255672, 6299315.918804435059428 ], [ 346838.117773460922763, 6299355.719837865792215 ], [ 346831.381303898408078, 6299370.031940395012498 ], [ 346818.890876039629802, 6299395.344137502834201 ], [ 346805.505783911445178, 6299418.423859531059861 ], [ 346796.769257158972323, 6299441.577256784774363 ], [ 346795.505516041477676, 6299462.63093077018857 ], [ 346796.048567295656539, 6299487.040515540167689 ], [ 346846.221623336314224, 6299473.683591846376657 ], [ 346870.759996425360441, 6299467.150958072394133 ], [ 346996.375466838828288, 6299434.405789433047175 ], [ 347047.248832262936048, 6299421.143723068758845 ], [ 347166.778206875023898, 6299389.760574972257018 ], [ 347242.334166858461685, 6299369.037719987332821 ], [ 347289.130774092511274, 6299356.202426539734006 ] ] ] } },
{ "type": "Feature", "properties": { "OBJECTID": 4448, "objectd": 4421, "cod_rgn": "13", "cd_prvn": "131", "cod_cmn": "13101", "nmbr_rg": "Metropolitana de Santiago", "nmbr_pr": "Santiago", "nmbr_cm": "Santiago", "id_v_rs": "131016473", "uv_cart": "48", "uv_nmbr": "48", "prd_ndc": 20240601, "ndpet0_4_p": 9608035, "ndpet0_4_r": 3282568, "ndpet0_4_c": 139710, "ndpet0_4_u": "3604", "ndpet4_5_p": 1459190, "ndpet4_5_r": 552537, "ndpet4_5_c": 26989, "ndpet4_5_u": "761", "ndpet5_6_p": 1159567, "ndpet5_6_r": 451679, "ndpet5_6_c": 26691, "ndpet5_6_u": "813", "ndpet6_7_p": 1134251, "ndpet6_7_r": 455189, "ndpet6_7_c": 30358, "ndpet6_7_u": "1094", "ndpet7_8_p": 1264009, "ndpet7_8_r": 507934, "ndpet7_8_c": 36539, "ndpet7_8_u": "1286", "ndpet8_9_p": 1876093, "ndpet8_9_r": 830486, "ndpet8_9_c": 57768, "ndpet8_9_u": "2410", "ndpet9_1_p": 638111, "ndpet9_1_r": 298881, "ndpet9_1_c": "25806", "ndpet9_1_u": "1298", "totl_ps": 17139256, "ttl_rgn": 6379274, "ttl_cmn": 343861, "totl_uv": "11266", "area_m2": 490969.8811977625, "perimeter_m": 3550.7800093188275, "centroide_x": 347372.02161757252, "centroide_y": 6298341.9868455837, "crs_original": "EPSG:4326", "fecha_normalizacion": "2025-10-10 01:59:26" }, "geometry": { "type": "Polygon", "coordinates": [ [ [ 347505.885191357054282, 6298703.017082802020013 ], [ 347516.185578922566492, 6298701.137825695797801 ], [ 347522.671268178033642, 6298699.954640040174127 ], [ 347536.808344828430563, 6298687.977175017818809 ], [ 347549.156172031653114, 6298671.535012362524867 ], [ 347579.481837747502141, 6298635.412003878504038 ], [ 347608.000569218653254, 6298595.932950450107455 ], [ 347658.250182647956535, 6298534.613871725276113 ], [ 347698.570465971832164, 6298481.368456265889108 ], [ 347763.657665952399839, 6298395.415269350633025 ], [ 347852.052084629656747, 6298234.912789397872984 ], [ 347852.67868457979057, 6298233.774970252066851 ], [ 347871.817109658848494, 6298194.79315372183919 ], [ 347887.261635460541584, 6298163.334901448339224 ], [ 347831.730761309154332, 6298146.932532641105354 ], [ 347665.999034449341707, 6298102.173276729881763 ], [ 347613.322295329591725, 6298087.316713709384203 ], [ 347602.771295467042364, 6298084.341088928282261 ], [ 347549.361471992684528, 6298069.277396637946367 ], [ 347482.694242856581695, 6298051.588016645982862 ], [ 347437.354979392024688, 6298037.562397498637438 ], [ 347409.754265957686584, 6298030.286283043213189 ], [ 347329.944426836562343, 6298009.24616789445281 ], [ 347341.958037831471302, 6297955.088266948238015 ], [ 347215.30834860180039, 6297908.720284152776003 ], [ 347227.217294393107295, 6297861.215674931183457 ], [ 347123.365808246075176, 6297833.655222469940782 ], [ 347116.108621285762638, 6297831.729246512055397 ], [ 347109.197965767758433, 6297857.130049811676145 ], [ 347105.146223668940365, 6297878.139639522880316 ], [ 347099.147655643639155, 6297904.663964950479567 ], [ 347089.938942362787202, 6297957.756946923211217 ], [ 347075.906754889641888, 6298021.864868013188243 ], [ 347057.033406272472348, 6298098.096621881239116 ], [ 347054.034010600182228, 6298111.358820664696395 ], [ 347046.0354762802599, 6298146.72467796690762 ], [ 347023.337961841840297, 6298229.550671009346843 ], [ 347011.304748325841501, 6298284.817143914289773 ], [ 347000.306355427310336, 6298333.445049963891506 ], [ 346983.797330532805063, 6298393.288536306470633 ], [ 346979.590291221917141, 6298408.538405366241932 ], [ 346982.509523231419735, 6298409.334143857471645 ], [ 347018.476169519708492, 6298419.136549426242709 ], [ 347100.843487074249424, 6298443.732355677522719 ], [ 347136.923168915614951, 6298455.394686761312187 ], [ 347172.967850482091308, 6298469.274603445082903 ], [ 347181.281788832100574, 6298472.733482289128006 ], [ 347188.476527204562444, 6298475.504050884395838 ], [ 347182.524229463771917, 6298485.651746964082122 ], [ 347176.353076832776424, 6298490.401748051866889 ], [ 347162.040383748011664, 6298513.467213014140725 ], [ 347155.375075901276432, 6298523.344072743318975 ], [ 347141.009657159564085, 6298549.736044589430094 ], [ 347126.819615278625861, 6298565.039478960447013 ], [ 347115.155189227312803, 6298597.019901517778635 ], [ 347110.085847888840362, 6298623.559029629454017 ], [ 347111.61173678166233, 6298644.65677364077419 ], [ 347124.80193584272638, 6298692.558422909118235 ], [ 347132.923074082820676, 6298708.214862717315555 ], [ 347142.798278222093359, 6298730.553878116421402 ], [ 347155.269572072895244, 6298765.134425777941942 ], [ 347186.649861030746251, 6298838.833823265507817 ], [ 347223.258006870280951, 6298934.798508720472455 ], [ 347236.519282247289084, 6298978.264506505802274 ], [ 347243.925670515629463, 6298970.258786849677563 ], [ 347244.156412147392984, 6298970.871689891442657 ], [ 347244.39183357253205, 6298969.754952253773808 ], [ 347267.619677644863259, 6298944.751446125097573 ], [ 347298.797676183050498, 6298912.368060202337801 ], [ 347306.201681444421411, 6298903.517102639190853 ], [ 347317.153218169230968, 6298877.498368574306369 ], [ 347322.274550280184485, 6298847.632623126730323 ], [ 347329.167648554779589, 6298823.340509112924337 ], [ 347336.358470810693689, 6298780.197803044691682 ], [ 347336.795441060734447, 6298693.692054817453027 ], [ 347341.93417262728326, 6298662.717485575005412 ], [ 347346.880164406727999, 6298643.940236506052315 ], [ 347360.298016404150985, 6298618.64210276119411 ], [ 347377.346753719379194, 6298598.946949314326048 ], [ 347388.344722821377218, 6298609.102964699268341 ], [ 347404.885504566249438, 6298621.564685210585594 ], [ 347407.06073048140388, 6298623.318978788331151 ], [ 347497.442026879638433, 6298696.208152962848544 ], [ 347505.885191357054282, 6298703.017082802020013 ] ] ] } },
{ "type": "Feature", "properties": { "OBJECTID": 4449, "objectd": 4422, "cod_rgn": "13", "cd_prvn": "131", "cod_cmn": "13101", "nmbr_rg": "Metropolitana de Santiago", "nmbr_pr": "Santiago", "nmbr_cm": "Santiago", "id_v_rs": "131016475", "uv_cart": "44", "uv_nmbr": "44", "prd_ndc": 20240601, "ndpet0_4_p": 9608035, "ndpet0_4_r": 3282568, "ndpet0_4_c": 139710, "ndpet0_4_u": "1925", "ndpet4_5_p": 1459190, "ndpet4_5_r": 552537, "ndpet4_5_c": 26989, "ndpet4_5_u": "415", "ndpet5_6_p": 1159567, "ndpet5_6_r": 451679, "ndpet5_6_c": 26691, "ndpet5_6_u": "511", "ndpet6_7_p": 1134251, "ndpet6_7_r": 455189, "ndpet6_7_c": 30358, "ndpet6_7_u": "569", "ndpet7_8_p": 1264009, "ndpet7_8_r": 507934, "ndpet7_8_c": 36539, "ndpet7_8_u": "744", "ndpet8_9_p": 1876093, "ndpet8_9_r": 830486, "ndpet8_9_c": 57768, "ndpet8_9_u": "1262", "ndpet9_1_p": 638111, "ndpet9_1_r": 298881, "ndpet9_1_c": "25806", "ndpet9_1_u": "610", "totl_ps": 17139256, "ttl_rgn": 6379274, "ttl_cmn": 343861, "totl_uv": "6036", "area_m2": 236879.3416115873, "perimeter_m": 1957.4582810904353, "centroide_x": 346898.91296466545, "centroide_y": 6297400.8004020071, "crs_original": "EPSG:4326", "fecha_normalizacion": "2025-10-10 01:59:26" }, "geometry": { "type": "Polygon", "coordinates": [ [ [ 347207.154934366233647, 6297248.653407065197825 ], [ 347092.247599350870587, 6297224.651963980868459 ], [ 346976.446452052448876, 6297198.416576577350497 ], [ 346877.253757333266549, 6297180.207182237878442 ], [ 346840.161813371640164, 6297174.073208259418607 ], [ 346804.876048987964168, 6297171.295223342254758 ], [ 346773.202808899339288, 6297175.229292467236519 ], [ 346741.652638810337521, 6297171.401253657415509 ], [ 346726.815859881462529, 6297168.947490757331252 ], [ 346643.425216676201671, 6297150.986352130770683 ], [ 346631.703914753103163, 6297245.077453794889152 ], [ 346629.598358285089489, 6297260.572039341554046 ], [ 346624.334487528714817, 6297299.308451566845179 ], [ 346612.788950067129917, 6297382.310774660669267 ], [ 346609.736258232907858, 6297398.899407567456365 ], [ 346606.648248731391504, 6297417.705867392942309 ], [ 346603.45464174693916, 6297443.165416033938527 ], [ 346600.208184567280114, 6297471.951607193797827 ], [ 346599.172939943266101, 6297478.590030573308468 ], [ 346599.084878559922799, 6297484.134304015897214 ], [ 346588.732786663225852, 6297550.518437689170241 ], [ 346591.339365694031585, 6297551.117828773334622 ], [ 346595.676163856463972, 6297552.115263469517231 ], [ 346728.617406058590859, 6297582.686176333576441 ], [ 346800.927826058119535, 6297596.034048055298626 ], [ 346892.723569015914109, 6297611.908458798192441 ], [ 346925.169573454535566, 6297617.968406394124031 ], [ 347039.239557577879168, 6297636.412779657170177 ], [ 347076.315826223581098, 6297643.654729764908552 ], [ 347143.961825966252945, 6297658.035224609076977 ], [ 347163.219897536269855, 6297557.408218724653125 ], [ 347184.863049263134599, 6297423.544789340347052 ], [ 347187.125634822412394, 6297398.070396661758423 ], [ 347199.376626960118301, 6297306.678980218246579 ], [ 347207.154934366233647, 6297248.653407065197825 ] ] ] } },
{ "type": "Feature", "properties": { "OBJECTID": 4450, "objectd": 4423, "cod_rgn": "13", "cd_prvn": "131", "cod_cmn": "13101", "nmbr_rg": "Metropolitana de Santiago", "nmbr_pr": "Santiago", "nmbr_cm": "Santiago", "id_v_rs": "131016477", "uv_cart": "9", "uv_nmbr": "9", "prd_ndc": 20240601, "ndpet0_4_p": 9608035, "ndpet0_4_r": 3282568, "ndpet0_4_c": 139710, "ndpet0_4_u": "3993", "ndpet4_5_p": 1459190, "ndpet4_5_r": 552537, "ndpet4_5_c": 26989, "ndpet4_5_u": "599", "ndpet5_6_p": 1159567, "ndpet5_6_r": 451679, "ndpet5_6_c": 26691, "ndpet5_6_u": "603", "ndpet6_7_p": 1134251, "ndpet6_7_r": 455189, "ndpet6_7_c": 30358, "ndpet6_7_u": "519", "ndpet7_8_p": 1264009, "ndpet7_8_r": 507934, "ndpet7_8_c": 36539, "ndpet7_8_u": "601", "ndpet8_9_p": 1876093, "ndpet8_9_r": 830486, "ndpet8_9_c": 57768, "ndpet8_9_u": "719", "ndpet9_1_p": 638111, "ndpet9_1_r": 298881, "ndpet9_1_c": "25806", "ndpet9_1_u": "233", "totl_ps": 17139256, "ttl_rgn": 6379274, "ttl_cmn": 343861, "totl_uv": "7267", "area_m2": 334045.38797181088, "perimeter_m": 2314.1918236356701, "centroide_x": 344590.4288424016, "centroide_y": 6299230.2184016053, "crs_original": "EPSG:4326", "fecha_normalizacion": "2025-10-10 01:59:26" }, "geometry": { "type": "Polygon", "coordinates": [ [ [ 344849.544492234126665, 6299377.238707507960498 ], [ 344860.853169075213373, 6299252.086253000423312 ], [ 344877.842504819156602, 6299062.694149721413851 ], [ 344888.954929302039091, 6298949.739213991910219 ], [ 344877.816614967596252, 6298948.451210407540202 ], [ 344780.325408570410218, 6298939.121631866320968 ], [ 344708.829602763988078, 6298932.427074577659369 ], [ 344597.411300698586274, 6298921.762698370963335 ], [ 344515.724905361421406, 6298912.684494744986296 ], [ 344430.320015178993344, 6298903.54582604765892 ], [ 344416.392725355399307, 6298902.212382311932743 ], [ 344392.752927044872195, 6298899.849913083016872 ], [ 344363.472819112881552, 6298896.923530962318182 ], [ 344350.549565662629902, 6298895.612547233700752 ], [ 344350.475339840399101, 6298895.605067416094244 ], [ 344349.259833092102781, 6298913.331976439803839 ], [ 344345.809950472903438, 6298954.31510850135237 ], [ 344343.664798238314688, 6298972.026941234245896 ], [ 344341.519638780213427, 6298989.738873064517975 ], [ 344338.373297587269917, 6299011.871298211626709 ], [ 344334.994813551427796, 6299048.418953087180853 ], [ 344332.688865778734908, 6299076.11064088344574 ], [ 344328.184123849961907, 6299124.840907525271177 ], [ 344319.263874781609047, 6299216.756942704319954 ], [ 344311.005312641151249, 6299325.321001441217959 ], [ 344302.192032930732239, 6299410.583804323337972 ], [ 344292.208442428265698, 6299511.258854186162353 ], [ 344292.198767131543718, 6299511.355853473767638 ], [ 344299.537285426747985, 6299512.045740106143057 ], [ 344377.626936308573931, 6299519.386725630611181 ], [ 344454.687648359802552, 6299527.282173804007471 ], [ 344538.238630487059709, 6299536.390505191870034 ], [ 344600.4416194409132, 6299542.936573823913932 ], [ 344627.38604883197695, 6299544.478973964229226 ], [ 344728.620085564441979, 6299552.760798919014633 ], [ 344760.213262222765479, 6299554.377410314977169 ], [ 344779.719845130923204, 6299555.799911899492145 ], [ 344799.226433303265367, 6299557.222274197265506 ], [ 344821.522270866204053, 6299558.68948089145124 ], [ 344832.679092840407975, 6299558.868607090786099 ], [ 344834.948017066577449, 6299533.394599111750722 ], [ 344837.503117592772469, 6299502.493189834058285 ], [ 344840.718166994047351, 6299463.610737313516438 ], [ 344846.310332624183502, 6299404.915528427809477 ], [ 344849.544492234126665, 6299377.238707507960498 ] ] ] } },
{ "type": "Feature", "properties": { "OBJECTID": 4451, "objectd": 4424, "cod_rgn": "13", "cd_prvn": "131", "cod_cmn": "13101", "nmbr_rg": "Metropolitana de Santiago", "nmbr_pr": "Santiago", "nmbr_cm": "Santiago", "id_v_rs": "131016478", "uv_cart": "7", "uv_nmbr": "7", "prd_ndc": 20240601, "ndpet0_4_p": 9608035, "ndpet0_4_r": 3282568, "ndpet0_4_c": 139710, "ndpet0_4_u": "3527", "ndpet4_5_p": 1459190, "ndpet4_5_r": 552537, "ndpet4_5_c": 26989, "ndpet4_5_u": "639", "ndpet5_6_p": 1159567, "ndpet5_6_r": 451679, "ndpet5_6_c": 26691, "ndpet5_6_u": "590", "ndpet6_7_p": 1134251, "ndpet6_7_r": 455189, "ndpet6_7_c": 30358, "ndpet6_7_u": "683", "ndpet7_8_p": 1264009, "ndpet7_8_r": 507934, "ndpet7_8_c": 36539, "ndpet7_8_u": "740", "ndpet8_9_p": 1876093, "ndpet8_9_r": 830486, "ndpet8_9_c": 57768, "ndpet8_9_u": "1119", "ndpet9_1_p": 638111, "ndpet9_1_r": 298881, "ndpet9_1_c": "25806", "ndpet9_1_u": "451", "totl_ps": 17139256, "ttl_rgn": 6379274, "ttl_cmn": 343861, "totl_uv": "7749", "area_m2": 368601.27946919831, "perimeter_m": 2533.9402867065737, "centroide_x": 345267.49386444793, "centroide_y": 6299189.2413402451, "crs_original": "EPSG:4326", "fecha_normalizacion": "2025-10-10 01:59:26" }, "geometry": { "type": "Polygon", "coordinates": [ [ [ 345703.376392980455421, 6299019.344632416963577 ], [ 345690.296105738088954, 6299017.180403597652912 ], [ 345673.697548247233499, 6299014.434096934273839 ], [ 345657.910745457164012, 6299013.072760160081089 ], [ 345582.730762988503557, 6299004.107680546119809 ], [ 345453.789229885907844, 6298984.299931167624891 ], [ 345410.183201406849548, 6298978.056718925014138 ], [ 345278.417671893257648, 6298960.419714713469148 ], [ 345129.024379533715546, 6298940.280076500028372 ], [ 345085.400823521486018, 6298935.144198732450604 ], [ 345034.357694783946499, 6298928.780033089220524 ], [ 345000.030953274515923, 6298923.792856758460402 ], [ 344893.308300720294937, 6298910.990014167502522 ], [ 344889.732427338371053, 6298942.799930172972381 ], [ 344888.954929302039091, 6298949.739213991910219 ], [ 344877.842504819156602, 6299062.694149721413851 ], [ 344860.853169075213373, 6299252.086253000423312 ], [ 344849.544492234126665, 6299377.238707507960498 ], [ 344904.326604967704043, 6299382.554628673940897 ], [ 344952.618482668709476, 6299386.656913162209094 ], [ 344986.052763137035072, 6299389.411552157253027 ], [ 345056.604598056466784, 6299397.197834052145481 ], [ 345070.532561030064244, 6299398.530323656275868 ], [ 345091.898279999382794, 6299399.981914361007512 ], [ 345142.049795467813965, 6299404.113151807337999 ], [ 345170.835517481318675, 6299406.792658653110266 ], [ 345190.341819330002181, 6299408.214241089299321 ], [ 345218.19788164930651, 6299410.878713833168149 ], [ 345217.931494800315704, 6299427.51163861900568 ], [ 345235.596154422615655, 6299427.794532643631101 ], [ 345298.781602277187631, 6299431.024461297318339 ], [ 345405.628451897995546, 6299437.170784540474415 ], [ 345505.985090762726031, 6299442.103074479848146 ], [ 345514.387992732459679, 6299440.019102193415165 ], [ 345543.191589322406799, 6299441.588578570634127 ], [ 345591.519296240527183, 6299443.470022469758987 ], [ 345646.472254971158691, 6299447.529800722375512 ], [ 345648.409350665402599, 6299433.287312548607588 ], [ 345661.425402015272994, 6299317.034919363446534 ], [ 345662.479031837778166, 6299309.287667954340577 ], [ 345663.585869568167254, 6299298.213875292800367 ], [ 345664.604077598371077, 6299292.684451527893543 ], [ 345664.887217669514939, 6299290.780596230179071 ], [ 345670.855227290827315, 6299250.636698255315423 ], [ 345678.248566235648468, 6299195.297516791149974 ], [ 345683.534471147577278, 6299155.452734763734043 ], [ 345694.053149904648308, 6299079.089604876935482 ], [ 345703.376392980455421, 6299019.344632416963577 ] ] ] } },
{ "type": "Feature", "properties": { "OBJECTID": 4452, "objectd": 4425, "cod_rgn": "13", "cd_prvn": "131", "cod_cmn": "13101", "nmbr_rg": "Metropolitana de Santiago", "nmbr_pr": "Santiago", "nmbr_cm": "Santiago", "id_v_rs": "131016479", "uv_cart": "17", "uv_nmbr": "17", "prd_ndc": 20240601, "ndpet0_4_p": 9608035, "ndpet0_4_r": 3282568, "ndpet0_4_c": 139710, "ndpet0_4_u": "1665", "ndpet4_5_p": 1459190, "ndpet4_5_r": 552537, "ndpet4_5_c": 26989, "ndpet4_5_u": "399", "ndpet5_6_p": 1159567, "ndpet5_6_r": 451679, "ndpet5_6_c": 26691, "ndpet5_6_u": "343", "ndpet6_7_p": 1134251, "ndpet6_7_r": 455189, "ndpet6_7_c": 30358, "ndpet6_7_u": "454", "ndpet7_8_p": 1264009, "ndpet7_8_r": 507934, "ndpet7_8_c": 36539, "ndpet7_8_u": "455", "ndpet8_9_p": 1876093, "ndpet8_9_r": 830486, "ndpet8_9_c": 57768, "ndpet8_9_u": "849", "ndpet9_1_p": 638111, "ndpet9_1_r": 298881, "ndpet9_1_c": "25806", "ndpet9_1_u": "277", "totl_ps": 17139256, "ttl_rgn": 6379274, "ttl_cmn": 343861, "totl_uv": "4442", "area_m2": 363788.61152377044, "perimeter_m": 2510.3365410768488, "centroide_x": 345320.67753492319, "centroide_y": 6298206.8725608988, "crs_original": "EPSG:4326", "fecha_normalizacion": "2025-10-10 01:59:26" }, "geometry": { "type": "Polygon", "coordinates": [ [ [ 345682.617021649726667, 6298048.509581563994288 ], [ 345665.025779081857763, 6298043.791948029771447 ], [ 345650.205549591162708, 6298040.22775755263865 ], [ 345641.874754230258986, 6298037.87634220905602 ], [ 345626.160439954372123, 6298032.079428616911173 ], [ 345581.828430523804855, 6298017.623267265036702 ], [ 345572.510471188696101, 6298014.584704548120499 ], [ 345558.619855650875252, 6298011.035230807960033 ], [ 345497.568924805498682, 6297991.203346906229854 ], [ 345465.140035219781566, 6297984.029705438762903 ], [ 345360.576750699663535, 6297952.40931586548686 ], [ 345327.271716798190027, 6297941.893769379705191 ], [ 345310.610430242319126, 6297937.190361941233277 ], [ 345273.604951840010472, 6297925.506162784062326 ], [ 345184.774452554993331, 6297898.572410995140672 ], [ 345158.888662203389686, 6297889.284275263547897 ], [ 345134.844201059197076, 6297881.134791504591703 ], [ 345113.570755519380327, 6297874.138781934976578 ], [ 345096.927372216829099, 6297868.326078659854829 ], [ 345068.26602793764323, 6297857.778243828564882 ], [ 345027.601019681023899, 6297842.812795100733638 ], [ 345022.324680056539364, 6297841.146528196521103 ], [ 345016.499564388068393, 6297839.307167388498783 ], [ 345009.814612747170031, 6297850.291437616571784 ], [ 345004.971080137649551, 6297862.414355302229524 ], [ 345001.915422498714179, 6297879.002673355862498 ], [ 345004.526254218188114, 6297890.136001002043486 ], [ 345000.954588614520617, 6297938.881433795206249 ], [ 344997.418575627729297, 6297985.40902947075665 ], [ 344991.293751597055234, 6298077.370408143848181 ], [ 344988.776292023831047, 6298118.368624513968825 ], [ 344982.006525208125822, 6298192.573191815055907 ], [ 344975.165519049915019, 6298271.213119797408581 ], [ 344965.508011241152417, 6298385.776429137215018 ], [ 344963.68064991326537, 6298407.454458074644208 ], [ 345003.529904820490628, 6298415.857873643748462 ], [ 345098.049188932811376, 6298436.229445634409785 ], [ 345220.528802915359847, 6298452.611351585946977 ], [ 345231.666566331870854, 6298453.898980459198356 ], [ 345279.918316409166437, 6298460.217532926239073 ], [ 345374.562792947865091, 6298472.824252593331039 ], [ 345410.747298567788675, 6298477.839903628453612 ], [ 345471.048908953671344, 6298486.568589003756642 ], [ 345507.268960753688589, 6298489.366143589839339 ], [ 345511.917151739704423, 6298489.440470779314637 ], [ 345623.277649158379063, 6298503.421202639117837 ], [ 345632.556240513455123, 6298504.678556827828288 ], [ 345640.834296229819302, 6298510.356510201469064 ], [ 345663.951126810046844, 6298518.48990479297936 ], [ 345680.648997386393603, 6298520.974925671704113 ], [ 345712.238786360016093, 6298522.588546050712466 ], [ 345709.680138039635494, 6298508.128811724483967 ], [ 345686.58145282388432, 6298382.426302182488143 ], [ 345675.50610283453716, 6298319.027978278696537 ], [ 345667.024842231185175, 6298267.871755466796458 ], [ 345664.678935459291097, 6298240.10561057459563 ], [ 345665.281251687090844, 6298202.40417554974556 ], [ 345671.99260552827036, 6298131.525970255956054 ], [ 345678.402750103909057, 6298079.49842772539705 ], [ 345682.617021649726667, 6298048.509581563994288 ] ] ] } },
{ "type": "Feature", "properties": { "OBJECTID": 4453, "objectd": 4426, "cod_rgn": "13", "cd_prvn": "131", "cod_cmn": "13101", "nmbr_rg": "Metropolitana de Santiago", "nmbr_pr": "Santiago", "nmbr_cm": "Santiago", "id_v_rs": "131016480", "uv_cart": "14", "uv_nmbr": "14", "prd_ndc": 20240601, "ndpet0_4_p": 9608035, "ndpet0_4_r": 3282568, "ndpet0_4_c": 139710, "ndpet0_4_u": "2212", "ndpet4_5_p": 1459190, "ndpet4_5_r": 552537, "ndpet4_5_c": 26989, "ndpet4_5_u": "378", "ndpet5_6_p": 1159567, "ndpet5_6_r": 451679, "ndpet5_6_c": 26691, "ndpet5_6_u": "334", "ndpet6_7_p": 1134251, "ndpet6_7_r": 455189, "ndpet6_7_c": 30358, "ndpet6_7_u": "366", "ndpet7_8_p": 1264009, "ndpet7_8_r": 507934, "ndpet7_8_c": 36539, "ndpet7_8_u": "384", "ndpet8_9_p": 1876093, "ndpet8_9_r": 830486, "ndpet8_9_c": 57768, "ndpet8_9_u": "569", "ndpet9_1_p": 638111, "ndpet9_1_r": 298881, "ndpet9_1_c": "25806", "ndpet9_1_u": "230", "totl_ps": 17139256, "ttl_rgn": 6379274, "ttl_cmn": 343861, "totl_uv": "4473", "area_m2": 335236.07148166694, "perimeter_m": 2325.3169756513839, "centroide_x": 344709.59257101978, "centroide_y": 6298055.3036664091, "crs_original": "EPSG:4326", "fecha_normalizacion": "2025-10-10 01:59:26" }, "geometry": { "type": "Polygon", "coordinates": [ [ [ 345016.499564388068393, 6297839.307167388498783 ], [ 344943.126075663836673, 6297814.398527013137937 ], [ 344934.195192571089137, 6297811.366538610309362 ], [ 344886.107107982097659, 6297795.066362867131829 ], [ 344866.675327731994912, 6297789.208469208329916 ], [ 344831.530002119543497, 6297777.552393381483853 ], [ 344746.437975662120152, 6297749.565424324013293 ], [ 344731.636378472961951, 6297744.890877399593592 ], [ 344628.954667989513837, 6297712.183343876153231 ], [ 344583.638309184054378, 6297697.035300354473293 ], [ 344524.467955147847533, 6297676.118206964805722 ], [ 344507.807452834676951, 6297671.413382340222597 ], [ 344504.947340311249718, 6297675.803964637219906 ], [ 344501.104156155954115, 6297683.50613971054554 ], [ 344470.896420259668957, 6297827.210049317218363 ], [ 344429.426690121297725, 6298035.063394067808986 ], [ 344416.074940393737052, 6298171.274459078907967 ], [ 344403.634744793409482, 6298308.609384596347809 ], [ 344440.068479763052892, 6298314.036424219608307 ], [ 344445.378081838018261, 6298314.827341958880424 ], [ 344486.191971394408029, 6298321.030154675245285 ], [ 344527.005819230689667, 6298327.232891401275992 ], [ 344569.679032072308473, 6298333.46526824682951 ], [ 344609.563390941009857, 6298339.652696657925844 ], [ 344632.750316142046358, 6298343.353033568710089 ], [ 344653.16627027769573, 6298345.89965248759836 ], [ 344677.282797686988488, 6298349.614928599447012 ], [ 344700.46976432541851, 6298353.315101166255772 ], [ 344783.009890432469547, 6298366.842225517146289 ], [ 344953.490336673508864, 6298405.072618225589395 ], [ 344963.68064991326537, 6298407.454458074644208 ], [ 344965.508011241152417, 6298385.776429137215018 ], [ 344975.165519049915019, 6298271.213119797408581 ], [ 344982.006525208125822, 6298192.573191815055907 ], [ 344988.776292023831047, 6298118.368624513968825 ], [ 344991.293751597055234, 6298077.370408143848181 ], [ 344997.418575627729297, 6297985.40902947075665 ], [ 345000.954588614520617, 6297938.881433795206249 ], [ 345004.526254218188114, 6297890.136001002043486 ], [ 345001.915422498714179, 6297879.002673355862498 ], [ 345004.971080137649551, 6297862.414355302229524 ], [ 345009.814612747170031, 6297850.291437616571784 ], [ 345016.499564388068393, 6297839.307167388498783 ] ] ] } },
{ "type": "Feature", "properties": { "OBJECTID": 4454, "objectd": 4427, "cod_rgn": "13", "cd_prvn": "131", "cod_cmn": "13101", "nmbr_rg": "Metropolitana de Santiago", "nmbr_pr": "Santiago", "nmbr_cm": "Santiago", "id_v_rs": "131016481", "uv_cart": "15", "uv_nmbr": "15", "prd_ndc": 20240601, "ndpet0_4_p": 9608035, "ndpet0_4_r": 3282568, "ndpet0_4_c": 139710, "ndpet0_4_u": "2266", "ndpet4_5_p": 1459190, "ndpet4_5_r": 552537, "ndpet4_5_c": 26989, "ndpet4_5_u": "432", "ndpet5_6_p": 1159567, "ndpet5_6_r": 451679, "ndpet5_6_c": 26691, "ndpet5_6_u": "362", "ndpet6_7_p": 1134251, "ndpet6_7_r": 455189, "ndpet6_7_c": 30358, "ndpet6_7_u": "392", "ndpet7_8_p": 1264009, "ndpet7_8_r": 507934, "ndpet7_8_c": 36539, "ndpet7_8_u": "431", "ndpet8_9_p": 1876093, "ndpet8_9_r": 830486, "ndpet8_9_c": 57768, "ndpet8_9_u": "802", "ndpet9_1_p": 638111, "ndpet9_1_r": 298881, "ndpet9_1_c": "25806", "ndpet9_1_u": "287", "totl_ps": 17139256, "ttl_rgn": 6379274, "ttl_cmn": 343861, "totl_uv": "4972", "area_m2": 314077.00453515531, "perimeter_m": 2247.8825794271042, "centroide_x": 344645.42366525397, "centroide_y": 6298635.2947322475, "crs_original": "EPSG:4326", "fecha_normalizacion": "2025-10-10 01:59:26" }, "geometry": { "type": "Polygon", "coordinates": [ [ [ 344893.308300720294937, 6298910.990014167502522 ], [ 344893.642726161808241, 6298908.130209577269852 ], [ 344893.89948773314245, 6298906.008493382483721 ], [ 344895.440749930043239, 6298893.276611239649355 ], [ 344898.787775785895064, 6298848.53652476798743 ], [ 344903.728375531965867, 6298782.494509669020772 ], [ 344909.462356984848157, 6298714.92830026242882 ], [ 344914.124294105335139, 6298656.218197176232934 ], [ 344914.377039934159257, 6298654.950561462901533 ], [ 344914.643614160479046, 6298653.613323817029595 ], [ 344931.316438485227991, 6298569.980340925976634 ], [ 344938.482431191485375, 6298529.05675645917654 ], [ 344963.68064991326537, 6298407.454458074644208 ], [ 344953.490336673508864, 6298405.072618225589395 ], [ 344783.009890432469547, 6298366.842225517146289 ], [ 344700.46976432541851, 6298353.315101166255772 ], [ 344677.282797686988488, 6298349.614928599447012 ], [ 344653.16627027769573, 6298345.89965248759836 ], [ 344632.750316142046358, 6298343.353033568710089 ], [ 344609.563390941009857, 6298339.652696657925844 ], [ 344569.679032072308473, 6298333.46526824682951 ], [ 344527.005819230689667, 6298327.232891401275992 ], [ 344486.191971394408029, 6298321.030154675245285 ], [ 344445.378081838018261, 6298314.827341958880424 ], [ 344440.068479763052892, 6298314.036424219608307 ], [ 344403.634744793409482, 6298308.609384596347809 ], [ 344401.48976010736078, 6298326.321237307041883 ], [ 344401.364742507576011, 6298334.083367145620286 ], [ 344400.274346184043679, 6298344.048161060549319 ], [ 344391.265688689774834, 6298441.508705416694283 ], [ 344379.843962360289879, 6298573.314153794199228 ], [ 344373.123007195768878, 6298644.191775631159544 ], [ 344366.527017128071748, 6298707.307362606748939 ], [ 344360.860672153299674, 6298770.437918131239712 ], [ 344351.988612155430019, 6298877.366355995647609 ], [ 344350.549565662629902, 6298895.612547233700752 ], [ 344363.472819112881552, 6298896.923530962318182 ], [ 344392.752927044872195, 6298899.849913083016872 ], [ 344416.392725355399307, 6298902.212382311932743 ], [ 344430.320015178993344, 6298903.54582604765892 ], [ 344515.724905361421406, 6298912.684494744986296 ], [ 344597.411300698586274, 6298921.762698370963335 ], [ 344708.829602763988078, 6298932.427074577659369 ], [ 344780.325408570410218, 6298939.121631866320968 ], [ 344877.816614967596252, 6298948.451210407540202 ], [ 344888.954929302039091, 6298949.739213991910219 ], [ 344889.732427338371053, 6298942.799930172972381 ], [ 344893.308300720294937, 6298910.990014167502522 ] ] ] } },
{ "type": "Feature", "properties": { "OBJECTID": 4455, "objectd": 4428, "cod_rgn": "13", "cd_prvn": "131", "cod_cmn": "13101", "nmbr_rg": "Metropolitana de Santiago", "nmbr_pr": "Santiago", "nmbr_cm": "Santiago", "id_v_rs": "131016482", "uv_cart": "21", "uv_nmbr": "21", "prd_ndc": 20240601, "ndpet0_4_p": 9608035, "ndpet0_4_r": 3282568, "ndpet0_4_c": 139710, "ndpet0_4_u": "1270", "ndpet4_5_p": 1459190, "ndpet4_5_r": 552537, "ndpet4_5_c": 26989, "ndpet4_5_u": "182", "ndpet5_6_p": 1159567, "ndpet5_6_r": 451679, "ndpet5_6_c": 26691, "ndpet5_6_u": "203", "ndpet6_7_p": 1134251, "ndpet6_7_r": 455189, "ndpet6_7_c": 30358, "ndpet6_7_u": "220", "ndpet7_8_p": 1264009, "ndpet7_8_r": 507934, "ndpet7_8_c": 36539, "ndpet7_8_u": "220", "ndpet8_9_p": 1876093, "ndpet8_9_r": 830486, "ndpet8_9_c": 57768, "ndpet8_9_u": "349", "ndpet9_1_p": 638111, "ndpet9_1_r": 298881, "ndpet9_1_c": "25806", "ndpet9_1_u": "149", "totl_ps": 17139256, "ttl_rgn": 6379274, "ttl_cmn": 343861, "totl_uv": "2593", "area_m2": 441723.07215827948, "perimeter_m": 2881.5607746842616, "centroide_x": 344519.27551702707, "centroide_y": 6297428.5932679148, "crs_original": "EPSG:4326", "fecha_normalizacion": "2025-10-10 01:59:26" }, "geometry": { "type": "Polygon", "coordinates": [ [ [ 345014.370613617240451, 6297334.608591067604721 ], [ 344831.127523534931242, 6297281.754200993105769 ], [ 344750.616183822974563, 6297258.277239643037319 ], [ 344717.296400218154304, 6297248.868289064615965 ], [ 344559.939669882354792, 6297205.298047592863441 ], [ 344477.570588530914392, 6297181.788739250041544 ], [ 344354.482344903750345, 6297146.530920420773327 ], [ 344241.565745016559958, 6297114.763080221600831 ], [ 344126.808807170134969, 6297081.855064831674099 ], [ 344099.978683042223565, 6297073.6577806789428 ], [ 344041.65312201960478, 6297058.296946387737989 ], [ 344046.243529169005342, 6297177.051100937649608 ], [ 344047.392646564287134, 6297210.731793534941971 ], [ 344048.13666751771234, 6297232.539588369429111 ], [ 344048.524850218149368, 6297247.614855341613293 ], [ 344049.279434638796374, 6297276.924450566992164 ], [ 344049.868776293238625, 6297298.00796025712043 ], [ 344056.3543927653227, 6297414.57433757185936 ], [ 344056.300812289933674, 6297473.774647878482938 ], [ 344056.29913395375479, 6297475.577186221256852 ], [ 344055.943567454698496, 6297480.2499756552279 ], [ 344055.118975643534213, 6297491.08636752422899 ], [ 344055.341720192460343, 6297491.159588939510286 ], [ 344056.210153529013041, 6297491.445327542722225 ], [ 344053.820728647639044, 6297514.359505550935864 ], [ 344071.403115210589021, 6297519.078227642923594 ], [ 344089.904360335262027, 6297524.922754636965692 ], [ 344186.057858218322508, 6297558.640017101541162 ], [ 344260.010116868128534, 6297585.34337117895484 ], [ 344279.423298684298061, 6297592.311335317790508 ], [ 344381.119615990668535, 6297628.334262249991298 ], [ 344419.964193977182731, 6297641.160730658099055 ], [ 344497.767028846545145, 6297667.95554019883275 ], [ 344507.807452834676951, 6297671.413382340222597 ], [ 344524.467955147847533, 6297676.118206964805722 ], [ 344583.638309184054378, 6297697.035300354473293 ], [ 344628.954667989513837, 6297712.183343876153231 ], [ 344731.636378472961951, 6297744.890877399593592 ], [ 344746.437975662120152, 6297749.565424324013293 ], [ 344831.530002119543497, 6297777.552393381483853 ], [ 344866.675327731994912, 6297789.208469208329916 ], [ 344886.107107982097659, 6297795.066362867131829 ], [ 344934.195192571089137, 6297811.366538610309362 ], [ 344935.623242051107809, 6297780.333255002275109 ], [ 344946.004718046635389, 6297712.841573286801577 ], [ 344968.501741881831549, 6297585.650141247548163 ], [ 344975.152058294450399, 6297551.206780613400042 ], [ 344980.67075606144499, 6297522.623734714463353 ], [ 344992.910827180370688, 6297455.161839062348008 ], [ 345002.13078806118574, 6297402.070514420978725 ], [ 345014.370613617240451, 6297334.608591067604721 ] ] ] } },
{ "type": "Feature", "properties": { "OBJECTID": 4456, "objectd": 4429, "cod_rgn": "13", "cd_prvn": "131", "cod_cmn": "13101", "nmbr_rg": "Metropolitana de Santiago", "nmbr_pr": "Santiago", "nmbr_cm": "Santiago", "id_v_rs": "131016483", "uv_cart": "19", "uv_nmbr": "19", "prd_ndc": 20240601, "ndpet0_4_p": 9608035, "ndpet0_4_r": 3282568, "ndpet0_4_c": 139710, "ndpet0_4_u": "1886", "ndpet4_5_p": 1459190, "ndpet4_5_r": 552537, "ndpet4_5_c": 26989, "ndpet4_5_u": "350", "ndpet5_6_p": 1159567, "ndpet5_6_r": 451679, "ndpet5_6_c": 26691, "ndpet5_6_u": "341", "ndpet6_7_p": 1134251, "ndpet6_7_r": 455189, "ndpet6_7_c": 30358, "ndpet6_7_u": "408", "ndpet7_8_p": 1264009, "ndpet7_8_r": 507934, "ndpet7_8_c": 36539, "ndpet7_8_u": "508", "ndpet8_9_p": 1876093, "ndpet8_9_r": 830486, "ndpet8_9_c": 57768, "ndpet8_9_u": "1072", "ndpet9_1_p": 638111, "ndpet9_1_r": 298881, "ndpet9_1_c": "25806", "ndpet9_1_u": "458", "totl_ps": 17139256, "ttl_rgn": 6379274, "ttl_cmn": 343861, "totl_uv": "5023", "area_m2": 382906.57547530904, "perimeter_m": 4228.7112410537384, "centroide_x": 345189.28164463252, "centroide_y": 6297183.6405232558, "crs_original": "EPSG:4326", "fecha_normalizacion": "2025-10-10 01:59:26" }, "geometry": { "type": "Polygon", "coordinates": [ [ [ 345306.26927204313688, 6297279.394472142681479 ], [ 345318.625226217089221, 6297146.494275793433189 ], [ 345322.964870330411941, 6297107.743491519242525 ], [ 345325.179086476098746, 6297085.595902731642127 ], [ 345331.78617183183087, 6297021.370967797935009 ], [ 345337.3393514896743, 6296964.893166834488511 ], [ 345340.696170724462718, 6296929.454038986936212 ], [ 345344.017368876957335, 6296896.232744476757944 ], [ 345348.729825915186666, 6296834.195652911439538 ], [ 345350.088186859618872, 6296821.769797939807177 ], [ 345350.908443758147769, 6296814.265791277401149 ], [ 345351.024792887968943, 6296814.278527311980724 ], [ 345353.37489936943166, 6296795.480863470584154 ], [ 345358.409505813149735, 6296756.180103419348598 ], [ 345362.90357476810459, 6296640.62194843403995 ], [ 345363.044589917059056, 6296636.995855744928122 ], [ 345360.567341073823627, 6296636.760772876441479 ], [ 345372.700469341827556, 6296398.455831542611122 ], [ 345373.813023386406712, 6296370.971886480227113 ], [ 345380.824878861196339, 6296242.866931984201074 ], [ 345381.473908446845599, 6296231.00695173908025 ], [ 345381.698320160503499, 6296226.908287558704615 ], [ 345388.304887206060812, 6296123.299651743844151 ], [ 345388.542247115285136, 6296119.577346181496978 ], [ 345390.38856804225361, 6296090.621683058328927 ], [ 345390.354466245742515, 6296090.621136883273721 ], [ 345379.235775914043188, 6296090.443053273484111 ], [ 345280.319019834336359, 6296086.691439763642848 ], [ 345279.660409300820902, 6296110.215571887791157 ], [ 345279.342995642451569, 6296121.553896677680314 ], [ 345276.502052520751022, 6296223.021620404906571 ], [ 345272.497589320933912, 6296366.049481998197734 ], [ 345271.629508815647569, 6296366.007240876555443 ], [ 345266.125820188201033, 6296572.247142532840371 ], [ 345264.647225411958061, 6296627.655408252961934 ], [ 345264.551704761688598, 6296649.856505744159222 ], [ 345264.23560484329937, 6296723.323116270825267 ], [ 345263.964978571108077, 6296786.253313465043902 ], [ 345260.75594790535979, 6296785.433025671169162 ], [ 345240.817131151095964, 6296780.336515732109547 ], [ 345210.251442020817194, 6296773.191644871607423 ], [ 345169.497280627372675, 6296763.664997695013881 ], [ 345138.988818149722647, 6296756.215882001444697 ], [ 345130.602034244919196, 6296754.16808994114399 ], [ 345124.293189740623347, 6296759.633368999697268 ], [ 345123.059603168803733, 6296760.702039005234838 ], [ 345117.358390275272541, 6296768.374621715396643 ], [ 345102.295699248090386, 6296838.009684374555945 ], [ 345097.854745100834407, 6296869.096612542867661 ], [ 345093.917109415167943, 6296896.660313431173563 ], [ 345088.072116624447517, 6296944.205574180930853 ], [ 345086.432387404027395, 6296957.54368400759995 ], [ 345061.220454429043457, 6297080.255177924409509 ], [ 345059.952877409523353, 6297101.308822381310165 ], [ 345037.831414311891422, 6297205.214176282286644 ], [ 345014.370613617240451, 6297334.608591067604721 ], [ 345002.13078806118574, 6297402.070514420978725 ], [ 344992.910827180370688, 6297455.161839062348008 ], [ 344980.67075606144499, 6297522.623734714463353 ], [ 344975.152058294450399, 6297551.206780613400042 ], [ 344968.501741881831549, 6297585.650141247548163 ], [ 344946.004718046635389, 6297712.841573286801577 ], [ 344935.623242051107809, 6297780.333255002275109 ], [ 344934.195192571089137, 6297811.366538610309362 ], [ 344943.126075663836673, 6297814.398527013137937 ], [ 345016.499564388068393, 6297839.307167388498783 ], [ 345022.324680056539364, 6297841.146528196521103 ], [ 345027.601019681023899, 6297842.812795100733638 ], [ 345068.26602793764323, 6297857.778243828564882 ], [ 345096.927372216829099, 6297868.326078659854829 ], [ 345113.570755519380327, 6297874.138781934976578 ], [ 345134.844201059197076, 6297881.134791504591703 ], [ 345158.888662203389686, 6297889.284275263547897 ], [ 345184.774452554993331, 6297898.572410995140672 ], [ 345273.604951840010472, 6297925.506162784062326 ], [ 345271.153746796539053, 6297904.393067334778607 ], [ 345267.020956946711522, 6297872.161515451967716 ], [ 345264.480971643293742, 6297856.592702045105398 ], [ 345264.907293976051733, 6297829.979887898080051 ], [ 345270.526234946213663, 6297711.390794541686773 ], [ 345271.953127624699846, 6297680.357395916245878 ], [ 345277.73189431487117, 6297551.7885203929618 ], [ 345284.641379459702875, 6297468.712835602462292 ], [ 345287.909623124054633, 6297438.818127041682601 ], [ 345292.948007677565329, 6297414.497584715485573 ], [ 345306.26927204313688, 6297279.394472142681479 ] ] ] } },
{ "type": "Feature", "properties": { "OBJECTID": 4457, "objectd": 4430, "cod_rgn": "13", "cd_prvn": "131", "cod_cmn": "13101", "nmbr_rg": "Metropolitana de Santiago", "nmbr_pr": "Santiago", "nmbr_cm": "Santiago", "id_v_rs": "131016484", "uv_cart": "23", "uv_nmbr": "23", "prd_ndc": 20240601, "ndpet0_4_p": 9608035, "ndpet0_4_r": 3282568, "ndpet0_4_c": 139710, "ndpet0_4_u": "1360", "ndpet4_5_p": 1459190, "ndpet4_5_r": 552537, "ndpet4_5_c": 26989, "ndpet4_5_u": "266", "ndpet5_6_p": 1159567, "ndpet5_6_r": 451679, "ndpet5_6_c": 26691, "ndpet5_6_u": "201", "ndpet6_7_p": 1134251, "ndpet6_7_r": 455189, "ndpet6_7_c": 30358, "ndpet6_7_u": "187", "ndpet7_8_p": 1264009, "ndpet7_8_r": 507934, "ndpet7_8_c": 36539, "ndpet7_8_u": "169", "ndpet8_9_p": 1876093, "ndpet8_9_r": 830486, "ndpet8_9_c": 57768, "ndpet8_9_u": "289", "ndpet9_1_p": 638111, "ndpet9_1_r": 298881, "ndpet9_1_c": "25806", "ndpet9_1_u": "77", "totl_ps": 17139256, "ttl_rgn": 6379274, "ttl_cmn": 343861, "totl_uv": "2549", "area_m2": 262090.93244562781, "perimeter_m": 2115.4180529180912, "centroide_x": 344253.47048346431, "centroide_y": 6295499.9561776267, "crs_original": "EPSG:4326", "fecha_normalizacion": "2025-10-10 01:59:26" }, "geometry": { "type": "Polygon", "coordinates": [ [ [ 343909.947414737544023, 6295270.418647781014442 ], [ 343909.803078638040461, 6295270.41631330922246 ], [ 343906.92321264417842, 6295272.369811370968819 ], [ 343905.815664609079249, 6295273.514577724039555 ], [ 343904.278583134175278, 6295275.874327815137804 ], [ 343904.11475423106458, 6295276.126138927415013 ], [ 343904.107392593869008, 6295276.162627920508385 ], [ 343903.552137343504, 6295278.953415710479021 ], [ 343903.512734162155539, 6295279.151579139754176 ], [ 343903.684715586365201, 6295282.189438618719578 ], [ 343904.401020468678325, 6295285.76387673523277 ], [ 343904.693701176554896, 6295287.009294806048274 ], [ 343908.107311450410634, 6295293.524283790960908 ], [ 343909.324520226684399, 6295294.810190718621016 ], [ 343914.792883786431048, 6295301.553619518876076 ], [ 343923.817176720360294, 6295318.336981400847435 ], [ 343958.967452315439004, 6295386.564327677711844 ], [ 343968.92120594298467, 6295403.362664436921477 ], [ 343970.259918095543981, 6295435.550108208321035 ], [ 343982.435396789165679, 6295716.107597077265382 ], [ 344000.210176642984152, 6295717.394478557631373 ], [ 344023.093316253914963, 6295718.720786079764366 ], [ 344168.201276738313027, 6295727.129944082349539 ], [ 344200.711238133430015, 6295728.763960801064968 ], [ 344259.22563823213568, 6295731.926599375903606 ], [ 344298.223352119908668, 6295734.774076262488961 ], [ 344412.446139727253467, 6295742.161689408123493 ], [ 344487.707134966272861, 6295744.483753212727606 ], [ 344526.669600543566048, 6295747.010836258530617 ], [ 344533.210461634676903, 6295747.435087753459811 ], [ 344536.355132628115825, 6295667.626325190067291 ], [ 344536.729555430996697, 6295586.663724046200514 ], [ 344540.303523553942796, 6295537.918344719335437 ], [ 344545.038338460202795, 6295417.096192443743348 ], [ 344545.294355404214002, 6295290.457824442535639 ], [ 344545.305167406098917, 6295285.110547004267573 ], [ 344520.213439975108486, 6295284.706337822601199 ], [ 344511.849558381712995, 6295284.57158736884594 ], [ 344427.298907533637248, 6295282.099873648025095 ], [ 344304.646062898798846, 6295279.012693641707301 ], [ 344190.357096930965781, 6295276.059088915586472 ], [ 344154.113456250284798, 6295275.473875410854816 ], [ 344116.940529208397493, 6295274.873515582643449 ], [ 344069.544978104764596, 6295274.107847929000854 ], [ 344026.796091358992271, 6295273.417046660557389 ], [ 343972.913138411706313, 6295271.436840452253819 ], [ 343937.598852141294628, 6295270.865838352590799 ], [ 343914.365837966557592, 6295270.490109683945775 ], [ 343912.711530570755713, 6295270.463353779166937 ], [ 343911.262486333842389, 6295270.439917461946607 ], [ 343909.947414737544023, 6295270.418647781014442 ] ] ] } },
{ "type": "Feature", "properties": { "OBJECTID": 4458, "objectd": 4431, "cod_rgn": "13", "cd_prvn": "131", "cod_cmn": "13101", "nmbr_rg": "Metropolitana de Santiago", "nmbr_pr": "Santiago", "nmbr_cm": "Santiago", "id_v_rs": "131016485", "uv_cart": "25", "uv_nmbr": "25", "prd_ndc": 20240601, "ndpet0_4_p": 9608035, "ndpet0_4_r": 3282568, "ndpet0_4_c": 139710, "ndpet0_4_u": "1567", "ndpet4_5_p": 1459190, "ndpet4_5_r": 552537, "ndpet4_5_c": 26989, "ndpet4_5_u": "297", "ndpet5_6_p": 1159567, "ndpet5_6_r": 451679, "ndpet5_6_c": 26691, "ndpet5_6_u": "312", "ndpet6_7_p": 1134251, "ndpet6_7_r": 455189, "ndpet6_7_c": 30358, "ndpet6_7_u": "258", "ndpet7_8_p": 1264009, "ndpet7_8_r": 507934, "ndpet7_8_c": 36539, "ndpet7_8_u": "301", "ndpet8_9_p": 1876093, "ndpet8_9_r": 830486, "ndpet8_9_c": 57768, "ndpet8_9_u": "482", "ndpet9_1_p": 638111, "ndpet9_1_r": 298881, "ndpet9_1_c": "25806", "ndpet9_1_u": "138", "totl_ps": 17139256, "ttl_rgn": 6379274, "ttl_cmn": 343861, "totl_uv": "3355", "area_m2": 155892.48252160099, "perimeter_m": 1931.8169537199992, "centroide_x": 344697.82223538368, "centroide_y": 6295447.9104698058, "crs_original": "EPSG:4326", "fecha_normalizacion": "2025-10-10 01:59:26" }, "geometry": { "type": "Polygon", "coordinates": [ [ [ 345023.781981108477339, 6295300.570119163952768 ], [ 344995.920138032059185, 6295299.013456970453262 ], [ 344981.050945852068253, 6295298.774628300219774 ], [ 344961.535172169329599, 6295298.461131520569324 ], [ 344940.160664875409566, 6295298.117731192149222 ], [ 344922.503538774093613, 6295297.834018154069781 ], [ 344900.199746781145222, 6295297.475596727803349 ], [ 344876.966670771944337, 6295297.102186888456345 ], [ 344838.882223917462397, 6295295.380850886926055 ], [ 344798.009852072631475, 6295293.614430023357272 ], [ 344787.787238686461933, 6295293.450027205049992 ], [ 344698.590069202356972, 6295290.905964956618845 ], [ 344666.993025839328766, 6295290.397451958619058 ], [ 344670.013773554994259, 6295155.822916131466627 ], [ 344670.278308365435805, 6295144.041419779881835 ], [ 344628.441513298545033, 6295144.477043135091662 ], [ 344591.286931491980795, 6295142.76966760866344 ], [ 344551.308742350316606, 6295143.234887664206326 ], [ 344551.069681396707892, 6295148.884918871335685 ], [ 344545.512182307429612, 6295285.119268043898046 ], [ 344545.294355404214002, 6295290.457824442535639 ], [ 344545.038338460202795, 6295417.096192443743348 ], [ 344540.303523553942796, 6295537.918344719335437 ], [ 344536.729555430996697, 6295586.663724046200514 ], [ 344536.355132628115825, 6295667.626325190067291 ], [ 344533.210461634676903, 6295747.435087753459811 ], [ 344653.042496612994, 6295752.666130651719868 ], [ 344672.056388773489743, 6295733.90630154311657 ], [ 344672.883337399922311, 6295733.046306565403938 ], [ 344720.314931742555927, 6295673.914998359978199 ], [ 344741.171133944182657, 6295648.739903289824724 ], [ 344755.396844391012564, 6295631.222184156998992 ], [ 344809.475594510440715, 6295563.324129077605903 ], [ 344825.595414257782977, 6295543.618456174619496 ], [ 344900.528579068719409, 6295450.544620152562857 ], [ 344923.242524603381753, 6295425.39892846532166 ], [ 344941.274007106840145, 6295402.396375520154834 ], [ 345023.781981108477339, 6295300.570119163952768 ] ] ] } },
{ "type": "Feature", "properties": { "OBJECTID": 4459, "objectd": 4432, "cod_rgn": "13", "cd_prvn": "131", "cod_cmn": "13101", "nmbr_rg": "Metropolitana de Santiago", "nmbr_pr": "Santiago", "nmbr_cm": "Santiago", "id_v_rs": "131016486", "uv_cart": "18", "uv_nmbr": "18", "prd_ndc": 20240601, "ndpet0_4_p": 9608035, "ndpet0_4_r": 3282568, "ndpet0_4_c": 139710, "ndpet0_4_u": "1473", "ndpet4_5_p": 1459190, "ndpet4_5_r": 552537, "ndpet4_5_c": 26989, "ndpet4_5_u": "303", "ndpet5_6_p": 1159567, "ndpet5_6_r": 451679, "ndpet5_6_c": 26691, "ndpet5_6_u": "305", "ndpet6_7_p": 1134251, "ndpet6_7_r": 455189, "ndpet6_7_c": 30358, "ndpet6_7_u": "379", "ndpet7_8_p": 1264009, "ndpet7_8_r": 507934, "ndpet7_8_c": 36539, "ndpet7_8_u": "511", "ndpet8_9_p": 1876093, "ndpet8_9_r": 830486, "ndpet8_9_c": 57768, "ndpet8_9_u": "1007", "ndpet9_1_p": 638111, "ndpet9_1_r": 298881, "ndpet9_1_c": "25806", "ndpet9_1_u": "462", "totl_ps": 17139256, "ttl_rgn": 6379274, "ttl_cmn": 343861, "totl_uv": "4440", "area_m2": 309688.36911982292, "perimeter_m": 2255.6413774761854, "centroide_x": 345516.0019241742, "centroide_y": 6297653.7673669681, "crs_original": "EPSG:4326", "fecha_normalizacion": "2025-10-10 01:59:26" }, "geometry": { "type": "Polygon", "coordinates": [ [ [ 345689.992135395063087, 6297994.279148289002478 ], [ 345690.760444818763062, 6297986.699194836430252 ], [ 345696.160965647781268, 6297933.421726321801543 ], [ 345696.614700446720235, 6297928.945297070778906 ], [ 345705.813321353751235, 6297876.962278397753835 ], [ 345714.710845787776634, 6297843.829927706159651 ], [ 345719.58888451079838, 6297829.488954532891512 ], [ 345720.695604009670205, 6297818.415140504948795 ], [ 345721.731393578578718, 6297811.776789834722877 ], [ 345746.245469578250777, 6297732.309674656018615 ], [ 345752.159261902444996, 6297711.330334652215242 ], [ 345758.073033108375967, 6297690.350891614332795 ], [ 345761.038720125798136, 6297679.306859673932195 ], [ 345776.779121679719537, 6297625.209951085969806 ], [ 345782.675092651625164, 6297605.339410527609289 ], [ 345783.746320856211241, 6297596.483322119340301 ], [ 345787.977936374489218, 6297564.385613416321576 ], [ 345791.209133084048517, 6297536.708526138216257 ], [ 345819.900460691889748, 6297428.470076698809862 ], [ 345822.030017908313312, 6297421.224056778475642 ], [ 345776.630782852414995, 6297403.620810655876994 ], [ 345719.184447237406857, 6297389.150602458044887 ], [ 345670.11467320198426, 6297376.165991961956024 ], [ 345561.768539999728091, 6297348.923589551821351 ], [ 345431.238851874368265, 6297313.560804434120655 ], [ 345369.227575001888908, 6297295.930876817554235 ], [ 345306.26927204313688, 6297279.394472142681479 ], [ 345292.948007677565329, 6297414.497584715485573 ], [ 345287.909623124054633, 6297438.818127041682601 ], [ 345284.641379459702875, 6297468.712835602462292 ], [ 345277.73189431487117, 6297551.7885203929618 ], [ 345271.953127624699846, 6297680.357395916245878 ], [ 345270.526234946213663, 6297711.390794541686773 ], [ 345264.907293976051733, 6297829.979887898080051 ], [ 345264.480971643293742, 6297856.592702045105398 ], [ 345267.020956946711522, 6297872.161515451967716 ], [ 345271.153746796539053, 6297904.393067334778607 ], [ 345273.604951840010472, 6297925.506162784062326 ], [ 345310.610430242319126, 6297937.190361941233277 ], [ 345327.271716798190027, 6297941.893769379705191 ], [ 345360.576750699663535, 6297952.40931586548686 ], [ 345465.140035219781566, 6297984.029705438762903 ], [ 345497.568924805498682, 6297991.203346906229854 ], [ 345558.619855650875252, 6298011.035230807960033 ], [ 345572.510471188696101, 6298014.584704548120499 ], [ 345581.828430523804855, 6298017.623267265036702 ], [ 345626.160439954372123, 6298032.079428616911173 ], [ 345641.874754230258986, 6298037.87634220905602 ], [ 345650.205549591162708, 6298040.22775755263865 ], [ 345665.025779081857763, 6298043.791948029771447 ], [ 345682.617021649726667, 6298048.509581563994288 ], [ 345685.689246627385728, 6298030.812277045100927 ], [ 345689.992135395063087, 6297994.279148289002478 ] ] ] } },
{ "type": "Feature", "properties": { "OBJECTID": 4460, "objectd": 4433, "cod_rgn": "13", "cd_prvn": "131", "cod_cmn": "13101", "nmbr_rg": "Metropolitana de Santiago", "nmbr_pr": "Santiago", "nmbr_cm": "Santiago", "id_v_rs": "131016487", "uv_cart": "43", "uv_nmbr": "43", "prd_ndc": 20240601, "ndpet0_4_p": 9608035, "ndpet0_4_r": 3282568, "ndpet0_4_c": 139710, "ndpet0_4_u": "3140", "ndpet4_5_p": 1459190, "ndpet4_5_r": 552537, "ndpet4_5_c": 26989, "ndpet4_5_u": "617", "ndpet5_6_p": 1159567, "ndpet5_6_r": 451679, "ndpet5_6_c": 26691, "ndpet5_6_u": "652", "ndpet6_7_p": 1134251, "ndpet6_7_r": 455189, "ndpet6_7_c": 30358, "ndpet6_7_u": "597", "ndpet7_8_p": 1264009, "ndpet7_8_r": 507934, "ndpet7_8_c": 36539, "ndpet7_8_u": "788", "ndpet8_9_p": 1876093, "ndpet8_9_r": 830486, "ndpet8_9_c": 57768, "ndpet8_9_u": "1131", "ndpet9_1_p": 638111, "ndpet9_1_r": 298881, "ndpet9_1_c": "25806", "ndpet9_1_u": "363", "totl_ps": 17139256, "ttl_rgn": 6379274, "ttl_cmn": 343861, "totl_uv": "7288", "area_m2": 322608.76004711539, "perimeter_m": 2284.6086321408616, "centroide_x": 346963.54376502952, "centroide_y": 6296914.0853398871, "crs_original": "EPSG:4326", "fecha_normalizacion": "2025-10-10 01:59:26" }, "geometry": { "type": "Polygon", "coordinates": [ [ [ 347282.672519830754027, 6296706.369444705545902 ], [ 347185.501377044478431, 6296678.212610436603427 ], [ 347136.416144523827825, 6296666.344190007075667 ], [ 347091.03124937764369, 6296655.643309056758881 ], [ 347005.873548878938891, 6296632.111434737220407 ], [ 346911.439370647072792, 6296607.322612948715687 ], [ 346803.116833692824002, 6296578.985000899061561 ], [ 346735.531767520937137, 6296561.275259040296078 ], [ 346729.233410932007246, 6296606.650177419185638 ], [ 346722.987820067966823, 6296648.698444129899144 ], [ 346717.865320510347374, 6296678.563990669324994 ], [ 346715.759964330703951, 6296694.058598045259714 ], [ 346714.689638671581633, 6296702.914766427129507 ], [ 346703.497421005333308, 6296763.740005468018353 ], [ 346691.129101495840587, 6296840.074489619582891 ], [ 346674.620158450736199, 6296942.962790152058005 ], [ 346667.180657767923549, 6297001.629287898540497 ], [ 346658.881994994240813, 6297055.845457555726171 ], [ 346653.635821814415976, 6297093.473072173073888 ], [ 346643.425216676201671, 6297150.986352130770683 ], [ 346726.815859881462529, 6297168.947490757331252 ], [ 346741.652638810337521, 6297171.401253657415509 ], [ 346773.202808899339288, 6297175.229292467236519 ], [ 346804.876048987964168, 6297171.295223342254758 ], [ 346840.161813371640164, 6297174.073208259418607 ], [ 346877.253757333266549, 6297180.207182237878442 ], [ 346976.446452052448876, 6297198.416576577350497 ], [ 347092.247599350870587, 6297224.651963980868459 ], [ 347207.154934366233647, 6297248.653407065197825 ], [ 347224.886136269720737, 6297126.928598888218403 ], [ 347245.896633247088175, 6296974.199575839564204 ], [ 347266.748685151920654, 6296831.450422854162753 ], [ 347268.800548657716718, 6296819.28227184060961 ], [ 347282.672519830754027, 6296706.369444705545902 ] ] ] } },
{ "type": "Feature", "properties": { "OBJECTID": 4462, "objectd": 4434, "cod_rgn": "13", "cd_prvn": "131", "cod_cmn": "13101", "nmbr_rg": "Metropolitana de Santiago", "nmbr_pr": "Santiago", "nmbr_cm": "Santiago", "id_v_rs": "131016493", "uv_cart": "36", "uv_nmbr": "36", "prd_ndc": 20240601, "ndpet0_4_p": 9608035, "ndpet0_4_r": 3282568, "ndpet0_4_c": 139710, "ndpet0_4_u": "1494", "ndpet4_5_p": 1459190, "ndpet4_5_r": 552537, "ndpet4_5_c": 26989, "ndpet4_5_u": "243", "ndpet5_6_p": 1159567, "ndpet5_6_r": 451679, "ndpet5_6_c": 26691, "ndpet5_6_u": "208", "ndpet6_7_p": 1134251, "ndpet6_7_r": 455189, "ndpet6_7_c": 30358, "ndpet6_7_u": "243", "ndpet7_8_p": 1264009, "ndpet7_8_r": 507934, "ndpet7_8_c": 36539, "ndpet7_8_u": "290", "ndpet8_9_p": 1876093, "ndpet8_9_r": 830486, "ndpet8_9_c": 57768, "ndpet8_9_u": "571", "ndpet9_1_p": 638111, "ndpet9_1_r": 298881, "ndpet9_1_c": "25806", "ndpet9_1_u": "293", "totl_ps": 17139256, "ttl_rgn": 6379274, "ttl_cmn": 343861, "totl_uv": "3342", "area_m2": 370004.23465146212, "perimeter_m": 2579.5683391322405, "centroide_x": 348560.25041929679, "centroide_y": 6295412.3091893671, "crs_original": "EPSG:4326", "fecha_normalizacion": "2025-10-10 01:59:26" }, "geometry": { "type": "Polygon", "coordinates": [ [ [ 348703.194602234521881, 6295181.853558273985982 ], [ 348676.939089218503796, 6295167.379371218383312 ], [ 348671.591891478281468, 6295164.43148856703192 ], [ 348652.284131179912947, 6295156.71191642805934 ], [ 348643.000019683036953, 6295153.000054222531617 ], [ 348609.744142923969775, 6295138.308449311181903 ], [ 348603.607479464204516, 6295135.597409715875983 ], [ 348552.2144288046984, 6295112.893139190971851 ], [ 348538.875046081375331, 6295106.999999428167939 ], [ 348495.250078658573329, 6295087.500011429190636 ], [ 348473.641425107605755, 6295078.103502025827765 ], [ 348456.600107974372804, 6295070.693014115095139 ], [ 348456.156247213715687, 6295070.500015454366803 ], [ 348439.281290809623897, 6295063.000041510909796 ], [ 348411.940474557981361, 6295050.602638028562069 ], [ 348400.687445403425954, 6295045.500149756669998 ], [ 348394.569924059265759, 6295042.806827144697309 ], [ 348379.460767662152648, 6295036.154905011877418 ], [ 348369.833710919425357, 6295031.916400631889701 ], [ 348361.66945510613732, 6295028.321998130530119 ], [ 348360.862844044226222, 6295027.966791367158294 ], [ 348359.029817142523825, 6295027.131132306531072 ], [ 348356.418266695982311, 6295035.382370665669441 ], [ 348354.732677079970017, 6295040.707913784310222 ], [ 348344.72531565092504, 6295086.025259533897042 ], [ 348332.737288249307312, 6295139.075484130531549 ], [ 348326.690949276031461, 6295168.927133694291115 ], [ 348263.585786019219086, 6295162.389466669410467 ], [ 348236.628883828234393, 6295280.643242875114083 ], [ 348194.929308418184519, 6295449.685342255979776 ], [ 348183.974077943770681, 6295496.096832878887653 ], [ 348156.156012926483527, 6295609.90032347664237 ], [ 348224.770398715278134, 6295620.961726373061538 ], [ 348283.1969392914325, 6295629.644321794621646 ], [ 348340.694265033933334, 6295638.311858018860221 ], [ 348396.33306818822166, 6295646.949854796752334 ], [ 348448.271894659090322, 6295654.420344110578299 ], [ 348507.62815943302121, 6295663.116159483790398 ], [ 348542.559509369486477, 6295669.02186899445951 ], [ 348579.943195955245756, 6295675.342267537489533 ], [ 348729.290044609340839, 6295695.430116513743997 ], [ 348816.544518375012558, 6295703.452013544738293 ], [ 348828.811920765438117, 6295704.892185417935252 ], [ 348860.154472873779014, 6295708.571527130901814 ], [ 348851.165246677526738, 6295748.359586741775274 ], [ 348854.639571176783647, 6295763.941867290064692 ], [ 348860.337247975287028, 6295756.26709864847362 ], [ 348868.642298363498412, 6295732.312890416011214 ], [ 348871.046245145029388, 6295725.379131097346544 ], [ 348878.741480186814442, 6295708.862558821216226 ], [ 348894.930424214806408, 6295624.821940397843719 ], [ 348904.83140779013047, 6295586.157304907217622 ], [ 348908.809139990422409, 6295569.582615796476603 ], [ 348916.538916985562537, 6295550.848391825333238 ], [ 348926.057822944072541, 6295536.578603680245578 ], [ 348939.294112451840192, 6295522.367090610787272 ], [ 348963.769096913048998, 6295502.785724733024836 ], [ 348972.197820897214115, 6295496.457427097484469 ], [ 348982.581258049525786, 6295488.661413247697055 ], [ 348996.114792510401458, 6295479.475131091661751 ], [ 348988.755196483572945, 6295465.422272130846977 ], [ 348988.52201729035005, 6295464.964576575905085 ], [ 348988.058012473862618, 6295464.053710849024355 ], [ 348987.759867274027783, 6295463.468519913032651 ], [ 348986.533711422467604, 6295461.061697106808424 ], [ 348979.624985521950293, 6295447.500054763630033 ], [ 348974.620390982716344, 6295437.130872539244592 ], [ 348973.771729837055318, 6295435.372623031958938 ], [ 348973.164369816775434, 6295434.113890709355474 ], [ 348972.081864990759641, 6295431.871102704666555 ], [ 348966.593728113570251, 6295420.500072937458754 ], [ 348965.461213580914773, 6295418.344178766943514 ], [ 348965.018955937004648, 6295417.502277731895447 ], [ 348959.095085580658633, 6295406.225068045780063 ], [ 348955.562477971718181, 6295399.50001597031951 ], [ 348951.173995251767337, 6295390.944380700588226 ], [ 348949.685511088755447, 6295388.042293282225728 ], [ 348948.124988474883139, 6295385.000031108036637 ], [ 348942.031183870101813, 6295373.500107294879854 ], [ 348932.781284751952626, 6295357.500075910240412 ], [ 348927.064777279738337, 6295348.729532020166516 ], [ 348926.058462879969738, 6295347.185459353961051 ], [ 348925.937560199643485, 6295347.00003270804882 ], [ 348925.608176640351303, 6295346.493748791515827 ], [ 348917.156252677552402, 6295333.500090052373707 ], [ 348910.738318386720493, 6295324.85271334182471 ], [ 348909.70611881284276, 6295323.461943190544844 ], [ 348908.250002865795977, 6295321.500069119036198 ], [ 348898.281331803766079, 6295309.000031441450119 ], [ 348886.593741043354385, 6295295.500036805868149 ], [ 348875.406279842776712, 6295284.000001071020961 ], [ 348871.757942065305542, 6295280.422804498113692 ], [ 348864.187522796681151, 6295273.000089948996902 ], [ 348853.499954594182782, 6295263.499997936189175 ], [ 348852.138670134823769, 6295262.204411966726184 ], [ 348851.979535911697894, 6295262.052997604012489 ], [ 348850.287710519856773, 6295260.442919516935945 ], [ 348847.899304364109412, 6295258.169985719025135 ], [ 348844.716785999014974, 6295254.77373287640512 ], [ 348842.891165333450772, 6295251.255894573405385 ], [ 348841.366675153258257, 6295248.318511202000082 ], [ 348841.283904933021404, 6295248.159116035327315 ], [ 348826.22274272958748, 6295240.604274234734476 ], [ 348815.056608549435623, 6295235.003224027343094 ], [ 348800.683330318657681, 6295227.793467982672155 ], [ 348795.717370980302803, 6295225.302486812695861 ], [ 348781.827676792745478, 6295218.335281550884247 ], [ 348780.985724786354695, 6295217.912926902063191 ], [ 348765.475475871993694, 6295211.132963670417666 ], [ 348747.154655977559742, 6295203.124529665336013 ], [ 348739.237613276753109, 6295199.383519185706973 ], [ 348728.71981958928518, 6295194.413550084456801 ], [ 348703.194602234521881, 6295181.853558273985982 ] ] ] } },
{ "type": "Feature", "properties": { "OBJECTID": 4463, "objectd": 4435, "cod_rgn": "13", "cd_prvn": "131", "cod_cmn": "13101", "nmbr_rg": "Metropolitana de Santiago", "nmbr_pr": "Santiago", "nmbr_cm": "Santiago", "id_v_rs": "131016494", "uv_cart": "35", "uv_nmbr": "35", "prd_ndc": 20240601, "ndpet0_4_p": 9608035, "ndpet0_4_r": 3282568, "ndpet0_4_c": 139710, "ndpet0_4_u": "1603", "ndpet4_5_p": 1459190, "ndpet4_5_r": 552537, "ndpet4_5_c": 26989, "ndpet4_5_u": "310", "ndpet5_6_p": 1159567, "ndpet5_6_r": 451679, "ndpet5_6_c": 26691, "ndpet5_6_u": "235", "ndpet6_7_p": 1134251, "ndpet6_7_r": 455189, "ndpet6_7_c": 30358, "ndpet6_7_u": "267", "ndpet7_8_p": 1264009, "ndpet7_8_r": 507934, "ndpet7_8_c": 36539, "ndpet7_8_u": "302", "ndpet8_9_p": 1876093, "ndpet8_9_r": 830486, "ndpet8_9_c": 57768, "ndpet8_9_u": "318", "ndpet9_1_p": 638111, "ndpet9_1_r": 298881, "ndpet9_1_c": "25806", "ndpet9_1_u": "91", "totl_ps": 17139256, "ttl_rgn": 6379274, "ttl_cmn": 343861, "totl_uv": "3126", "area_m2": 271884.36843690736, "perimeter_m": 2468.9734582797741, "centroide_x": 347814.98746753921, "centroide_y": 6294958.4027283154, "crs_original": "EPSG:4326", "fecha_normalizacion": "2025-10-10 01:59:26" }, "geometry": { "type": "Polygon", "coordinates": [ [ [ 348183.635901556815952, 6294949.198349464684725 ], [ 348092.10459717514459, 6294908.532443554140627 ], [ 348091.192630454024766, 6294908.12717717513442 ], [ 348090.906412360782269, 6294907.999583177268505 ], [ 348081.425519440555945, 6294903.757492593489587 ], [ 348079.140332714654505, 6294903.344669669866562 ], [ 348075.973467611649539, 6294916.536362553015351 ], [ 347979.975119992392138, 6294873.986312014050782 ], [ 347942.851455503492616, 6294857.887970134615898 ], [ 347943.281349469791166, 6294855.8947100546211 ], [ 347943.661809186160099, 6294854.471026409417391 ], [ 347946.225706713856198, 6294844.877229360863566 ], [ 347946.593730253283866, 6294843.500031417235732 ], [ 347928.492827193229459, 6294835.436479106545448 ], [ 347926.973095889901742, 6294834.759481980465353 ], [ 347914.372899781679735, 6294829.14630573336035 ], [ 347897.469617987517267, 6294821.616165387444198 ], [ 347893.713547865801957, 6294819.94294410943985 ], [ 347893.603559794719331, 6294819.894029777497053 ], [ 347887.421309790574014, 6294817.139900589361787 ], [ 347880.201867880416103, 6294813.923744454048574 ], [ 347867.887936223414727, 6294808.438105892390013 ], [ 347858.507958394475281, 6294804.259419727139175 ], [ 347855.117638049996458, 6294802.749051808379591 ], [ 347831.057125185616314, 6294792.030221631750464 ], [ 347826.499962669913657, 6294790.000111046247184 ], [ 347818.336152667179704, 6294786.406929755583405 ], [ 347787.874971493321937, 6294773.000085575506091 ], [ 347786.807268873904832, 6294772.538368955254555 ], [ 347783.869426775840111, 6294771.267923220060766 ], [ 347779.042349622352049, 6294769.180565267801285 ], [ 347765.906303268391639, 6294763.499981168657541 ], [ 347749.562570903624874, 6294756.000142380595207 ], [ 347731.593684528896119, 6294748.500064035877585 ], [ 347725.876835683535319, 6294746.145577481016517 ], [ 347720.882702521746978, 6294744.088768618181348 ], [ 347719.654287800833117, 6294743.582913170568645 ], [ 347718.554688264732249, 6294743.129961770027876 ], [ 347718.425521597033367, 6294743.078149229288101 ], [ 347718.058876599068753, 6294742.930721294134855 ], [ 347709.52625310246367, 6294739.411720180884004 ], [ 347707.312519265862647, 6294738.499999575316906 ], [ 347700.346897767507471, 6294735.908138205297291 ], [ 347691.187524566426873, 6294732.500021710060537 ], [ 347673.656247445964254, 6294726.000024354085326 ], [ 347656.562516721431166, 6294720.500088516622782 ], [ 347642.374986312584952, 6294716.500031476840377 ], [ 347633.554795431438833, 6294713.969506375491619 ], [ 347619.718717693351209, 6294710.000001525506377 ], [ 347597.875026124762371, 6294705.000087521970272 ], [ 347597.8378751227865, 6294704.991820172406733 ], [ 347582.730488489731215, 6294701.662509540095925 ], [ 347575.187505107081961, 6294700.000059183686972 ], [ 347572.967683112132363, 6294699.639016631990671 ], [ 347550.593795176362619, 6294696.000052219256759 ], [ 347525.010405484004878, 6294693.284153368324041 ], [ 347522.026452207122929, 6294692.967281362041831 ], [ 347519.889690356270876, 6294692.740502595901489 ], [ 347518.242871808470227, 6294692.565554484724998 ], [ 347517.625000087893568, 6294692.500031191855669 ], [ 347498.767427355109248, 6294690.810421839356422 ], [ 347483.666379440925084, 6294689.457453237846494 ], [ 347483.145361092116218, 6294689.414904387667775 ], [ 347456.033612837665714, 6294687.201728850603104 ], [ 347447.113352303102147, 6294686.473583349958062 ], [ 347446.283946596202441, 6294686.405907927080989 ], [ 347437.874938480439596, 6294685.71945203281939 ], [ 347437.441156477900222, 6294685.752991041168571 ], [ 347435.863363980548456, 6294685.875470487400889 ], [ 347435.316117040580139, 6294695.691264428198338 ], [ 347435.169875685824081, 6294704.94014903344214 ], [ 347435.053119038231671, 6294712.324318163096905 ], [ 347431.142863495857455, 6294776.008426321670413 ], [ 347428.793791166855954, 6294814.26640225853771 ], [ 347426.917764169629663, 6294932.915087627246976 ], [ 347424.686612799181603, 6294969.397717121988535 ], [ 347424.410488230409101, 6294973.913714252412319 ], [ 347418.150982826831751, 6295075.855762169696391 ], [ 347489.618985511129722, 6295082.531281313858926 ], [ 347544.377263973350637, 6295087.833101832307875 ], [ 347609.322773566178512, 6295095.513772062957287 ], [ 347677.073714677826501, 6295102.129091279581189 ], [ 347751.294851001002826, 6295111.064394816756248 ], [ 347791.202096767781768, 6295115.02129605319351 ], [ 347858.006495392182842, 6295122.729594042524695 ], [ 347922.952381120529026, 6295130.408136507496238 ], [ 348019.459567970538046, 6295140.801624217070639 ], [ 348082.581962037540507, 6295146.232083367183805 ], [ 348144.810046285041608, 6295149.429775379598141 ], [ 348204.19788641599007, 6295155.909755300730467 ], [ 348263.585786019219086, 6295162.389466669410467 ], [ 348326.690949276031461, 6295168.927133694291115 ], [ 348332.737288249307312, 6295139.075484130531549 ], [ 348344.72531565092504, 6295086.025259533897042 ], [ 348354.732677079970017, 6295040.707913784310222 ], [ 348356.418266695982311, 6295035.382370665669441 ], [ 348359.029817142523825, 6295027.131132306531072 ], [ 348357.181920826318674, 6295026.342718854546547 ], [ 348354.638431600993499, 6295025.198747647926211 ], [ 348349.750008186732884, 6295023.000005252659321 ], [ 348316.794609179371037, 6295008.358946231193841 ], [ 348306.59665904357098, 6295003.828219840303063 ], [ 348302.870768057648093, 6295002.172995859757066 ], [ 348302.772812509560026, 6295002.129462417215109 ], [ 348300.186695860000327, 6295000.980616677552462 ], [ 348297.823720715939999, 6294999.930835956707597 ], [ 348288.94271159323398, 6294995.985062975436449 ], [ 348251.467686003190465, 6294979.33532352745533 ], [ 348229.12484700139612, 6294969.408608332276344 ], [ 348204.477373268513475, 6294958.457789052277803 ], [ 348202.829240116639994, 6294957.725552592426538 ], [ 348192.455984189757146, 6294953.116932210512459 ], [ 348188.657457460300066, 6294951.814322729595006 ], [ 348188.742583296378143, 6294951.467145165428519 ], [ 348183.635901556815952, 6294949.198349464684725 ] ] ] } },
{ "type": "Feature", "properties": { "OBJECTID": 4464, "objectd": 4436, "cod_rgn": "13", "cd_prvn": "131", "cod_cmn": "13101", "nmbr_rg": "Metropolitana de Santiago", "nmbr_pr": "Santiago", "nmbr_cm": "Santiago", "id_v_rs": "131016495", "uv_cart": "24", "uv_nmbr": "24", "prd_ndc": 20240601, "ndpet0_4_p": 9608035, "ndpet0_4_r": 3282568, "ndpet0_4_c": 139710, "ndpet0_4_u": "899", "ndpet4_5_p": 1459190, "ndpet4_5_r": 552537, "ndpet4_5_c": 26989, "ndpet4_5_u": "169", "ndpet5_6_p": 1159567, "ndpet5_6_r": 451679, "ndpet5_6_c": 26691, "ndpet5_6_u": "145", "ndpet6_7_p": 1134251, "ndpet6_7_r": 455189, "ndpet6_7_c": 30358, "ndpet6_7_u": "167", "ndpet7_8_p": 1264009, "ndpet7_8_r": 507934, "ndpet7_8_c": 36539, "ndpet7_8_u": "236", "ndpet8_9_p": 1876093, "ndpet8_9_r": 830486, "ndpet8_9_c": 57768, "ndpet8_9_u": "385", "ndpet9_1_p": 638111, "ndpet9_1_r": 298881, "ndpet9_1_c": "25806", "ndpet9_1_u": "140", "totl_ps": 17139256, "ttl_rgn": 6379274, "ttl_cmn": 343861, "totl_uv": "2141", "area_m2": 584156.53786337236, "perimeter_m": 3264.7231408135617, "centroide_x": 345844.54445181659, "centroide_y": 6295007.5495929606, "crs_original": "EPSG:4326", "fecha_normalizacion": "2025-10-10 01:59:26" }, "geometry": { "type": "Polygon", "coordinates": [ [ [ 346251.187058233655989, 6295334.620993062853813 ], [ 346258.575516969896853, 6295279.281287129968405 ], [ 346264.193694294546731, 6295218.367573097348213 ], [ 346265.246615491691045, 6295210.620344243943691 ], [ 346269.546778335294221, 6295174.086935853585601 ], [ 346278.83592342515476, 6295057.774167936295271 ], [ 346283.153669036924839, 6295020.131930582225323 ], [ 346284.188901493791491, 6295013.493518099188805 ], [ 346286.524397096713074, 6294983.583706311881542 ], [ 346298.830803604098037, 6294852.900060296989977 ], [ 346302.713675597216934, 6294784.194662536494434 ], [ 346305.455349784402642, 6294728.780891672708094 ], [ 346306.543621925986372, 6294718.815818570554256 ], [ 346311.092224877327681, 6294671.744245145469904 ], [ 346312.10834030166734, 6294661.228708080947399 ], [ 346312.257524375570938, 6294659.551024130545557 ], [ 346310.244411053252406, 6294659.612921224907041 ], [ 346309.511290302500129, 6294659.635457306168973 ], [ 346307.16089228936471, 6294659.707442263141274 ], [ 346305.309778130031191, 6294659.764138432219625 ], [ 346294.372278687835205, 6294660.099222844466567 ], [ 346285.725628477870487, 6294660.364259726367891 ], [ 346269.807157102739438, 6294660.852077091112733 ], [ 346255.220526244782377, 6294661.29904682841152 ], [ 346254.961600692593493, 6294661.30699057970196 ], [ 346251.97994467173703, 6294661.398329246789217 ], [ 346249.922051187604666, 6294661.594958478584886 ], [ 346237.912656819098629, 6294662.742704917676747 ], [ 346222.334651866869535, 6294664.231657572090626 ], [ 346220.273155377595685, 6294664.42872185446322 ], [ 346219.721988154109567, 6294664.478988433256745 ], [ 346219.464407095860224, 6294664.502214174717665 ], [ 346218.720705703657586, 6294664.569660999812186 ], [ 346217.775092801661231, 6294664.655235823243856 ], [ 346217.499930200050585, 6294664.680176257155836 ], [ 346213.967520623351447, 6294665.000226033851504 ], [ 346213.735120774363168, 6294665.037917489185929 ], [ 346212.882122301030904, 6294665.176238609477878 ], [ 346204.600826593290549, 6294665.761931961402297 ], [ 346198.677042298601009, 6294666.180912874639034 ], [ 346197.633982641040348, 6294666.254658363759518 ], [ 346192.003936030785553, 6294666.652781864628196 ], [ 346191.867527362133842, 6294666.662477454170585 ], [ 346188.505532760696951, 6294666.90024895966053 ], [ 346185.680049220216461, 6294667.099989588372409 ], [ 346178.159852653392591, 6294667.848014419898391 ], [ 346160.53312680934323, 6294669.601357376202941 ], [ 346130.151488904142752, 6294672.623358922079206 ], [ 346070.06003288255306, 6294678.600092094391584 ], [ 346022.499293148401193, 6294683.073725812137127 ], [ 346001.385595873114653, 6294685.059607230126858 ], [ 345970.25860204937635, 6294687.987520826980472 ], [ 345966.888136269699316, 6294688.304480407387018 ], [ 345961.285423379391432, 6294688.831582482904196 ], [ 345958.429986948263831, 6294689.100104218348861 ], [ 345932.525919334380887, 6294691.5112921949476 ], [ 345923.595651799580082, 6294692.342538331635296 ], [ 345910.746372554567643, 6294693.53841417375952 ], [ 345905.599661118350923, 6294694.017406082712114 ], [ 345899.340023444616236, 6294694.600014770403504 ], [ 345837.900028714968357, 6294700.100024772807956 ], [ 345819.585692499531433, 6294701.957174762152135 ], [ 345805.103232634195592, 6294703.425561340525746 ], [ 345788.590030950726941, 6294705.100069163367152 ], [ 345779.29146743984893, 6294705.876220650970936 ], [ 345766.719247902219649, 6294706.925615043379366 ], [ 345763.563364122179337, 6294707.189077696762979 ], [ 345734.680026804213412, 6294709.600095431320369 ], [ 345714.007815305958502, 6294711.42214242182672 ], [ 345675.906291728839278, 6294714.780522756278515 ], [ 345672.279966387664899, 6294715.100071232765913 ], [ 345650.246776329586282, 6294716.779818383976817 ], [ 345626.36995647684671, 6294718.600090889260173 ], [ 345620.305529911769554, 6294718.974675299599767 ], [ 345610.179937877459452, 6294719.600079293362796 ], [ 345577.739987679349724, 6294720.600033491849899 ], [ 345574.303292183612939, 6294720.550817055627704 ], [ 345565.679544063168578, 6294720.427358026616275 ], [ 345542.809993402799591, 6294720.100097767077386 ], [ 345540.154467433108948, 6294719.962128977291286 ], [ 345523.01181168621406, 6294719.071845566853881 ], [ 345513.929952587466687, 6294718.600064910948277 ], [ 345492.280001192295458, 6294717.600055017508566 ], [ 345490.990892219007947, 6294717.54460015706718 ], [ 345482.284810792887583, 6294717.170176791027188 ], [ 345457.400039422092959, 6294716.100131095387042 ], [ 345444.844627574901097, 6294715.672698013484478 ], [ 345444.316943873825949, 6294715.654869237914681 ], [ 345437.701124820276164, 6294715.429595557972789 ], [ 345428.01997261622455, 6294715.100051207467914 ], [ 345389.31004946352914, 6294713.100129152648151 ], [ 345357.142118892981671, 6294711.749131351709366 ], [ 345348.466471836087294, 6294711.384849989786744 ], [ 345343.409360039571766, 6294711.172524312511086 ], [ 345334.354544894071296, 6294710.792177861556411 ], [ 345329.780022608640138, 6294710.600049208849669 ], [ 345324.91325703903567, 6294710.413408004678786 ], [ 345319.335558946535457, 6294710.199407645501196 ], [ 345318.69413177180104, 6294710.174761114642024 ], [ 345317.833574864955153, 6294710.141813706606627 ], [ 345315.838003053795546, 6294709.863642258569598 ], [ 345306.168769750976935, 6294709.557208327576518 ], [ 345306.424487717216834, 6294717.252540031448007 ], [ 345306.17560204945039, 6294732.776646755635738 ], [ 345305.482278911105823, 6294776.022598886862397 ], [ 345305.162285667960532, 6294795.982291279360652 ], [ 345304.326755762449466, 6294848.099213470704854 ], [ 345303.130860234901775, 6294864.717341720126569 ], [ 345302.62017384043429, 6294954.550790097564459 ], [ 345310.054495621530805, 6294954.669969294220209 ], [ 345317.488817290693987, 6294954.789142759516835 ], [ 345325.852470798243303, 6294954.923206725157797 ], [ 345382.485741527518257, 6294959.158228936605155 ], [ 345445.606359430297744, 6294964.606028633192182 ], [ 345446.304810380213894, 6294979.036288466304541 ], [ 345447.056463312299456, 6294990.139783488586545 ], [ 345446.77230596652953, 6295007.881721745245159 ], [ 345439.012041028938256, 6295144.1834064591676 ], [ 345436.425266828446183, 6295189.61729584634304 ], [ 345430.878816714626737, 6295303.771303268149495 ], [ 345430.630179695785046, 6295319.295493144541979 ], [ 345437.170930240943562, 6295317.181937880814075 ], [ 345473.361284286540467, 6295321.088987749069929 ], [ 345545.759807911934331, 6295327.79365723580122 ], [ 345658.08389703114517, 6295337.354775494895875 ], [ 345785.259645394282416, 6295348.260908452793956 ], [ 345899.442717970232479, 6295357.848900550976396 ], [ 346008.049983411561698, 6295367.346465600654483 ], [ 346022.812991113169119, 6295374.236921772360802 ], [ 346035.823584412923083, 6295374.444489688612521 ], [ 346059.056744039757177, 6295374.815102354623377 ], [ 346071.138050111476332, 6295375.007799834012985 ], [ 346084.148642055282835, 6295375.215302552096546 ], [ 346087.42475406662561, 6295375.267549687996507 ], [ 346095.300494150840677, 6295375.393146719783545 ], [ 346105.523143405094743, 6295375.556161101907492 ], [ 346113.960265940986574, 6295375.690694611519575 ], [ 346118.53373438899871, 6295375.763617428950965 ], [ 346129.720943861349951, 6295373.723683906719089 ], [ 346142.819918497349136, 6295368.386812875047326 ], [ 346152.201573262456805, 6295362.990567613393068 ], [ 346196.268652007798664, 6295339.291734017431736 ], [ 346214.014117355225608, 6295334.028719373047352 ], [ 346227.954012324218638, 6295334.250839464366436 ], [ 346235.388516937848181, 6295334.3692935872823 ], [ 346244.562906907638535, 6295334.515461442992091 ], [ 346251.187058233655989, 6295334.620993062853813 ] ] ] } },
{ "type": "Feature", "properties": { "OBJECTID": 4465, "objectd": 4437, "cod_rgn": "13", "cd_prvn": "131", "cod_cmn": "13101", "nmbr_rg": "Metropolitana de Santiago", "nmbr_pr": "Santiago", "nmbr_cm": "Santiago", "id_v_rs": "131016496", "uv_cart": "31", "uv_nmbr": "31", "prd_ndc": 20240601, "ndpet0_4_p": 9608035, "ndpet0_4_r": 3282568, "ndpet0_4_c": 139710, "ndpet0_4_u": "2043", "ndpet4_5_p": 1459190, "ndpet4_5_r": 552537, "ndpet4_5_c": 26989, "ndpet4_5_u": "304", "ndpet5_6_p": 1159567, "ndpet5_6_r": 451679, "ndpet5_6_c": 26691, "ndpet5_6_u": "327", "ndpet6_7_p": 1134251, "ndpet6_7_r": 455189, "ndpet6_7_c": 30358, "ndpet6_7_u": "345", "ndpet7_8_p": 1264009, "ndpet7_8_r": 507934, "ndpet7_8_c": 36539, "ndpet7_8_u": "375", "ndpet8_9_p": 1876093, "ndpet8_9_r": 830486, "ndpet8_9_c": 57768, "ndpet8_9_u": "491", "ndpet9_1_p": 638111, "ndpet9_1_r": 298881, "ndpet9_1_c": "25806", "ndpet9_1_u": "145", "totl_ps": 17139256, "ttl_rgn": 6379274, "ttl_cmn": 343861, "totl_uv": "4030", "area_m2": 400264.4446304249, "perimeter_m": 2551.4622740052814, "centroide_x": 346565.58006964007, "centroide_y": 6295016.7109281113, "crs_original": "EPSG:4326", "fecha_normalizacion": "2025-10-10 01:59:26" }, "geometry": { "type": "Polygon", "coordinates": [ [ [ 346846.436136399861425, 6294669.40078657399863 ], [ 346846.800615054671653, 6294646.438600258901715 ], [ 346844.811539070273284, 6294646.145587880164385 ], [ 346841.721328895655461, 6294646.199575409293175 ], [ 346828.703033923055045, 6294646.426723906770349 ], [ 346819.872800218872726, 6294646.580797294154763 ], [ 346809.403479425876867, 6294646.763401268050075 ], [ 346789.210087589453906, 6294647.115571851842105 ], [ 346773.509612405090593, 6294647.389429638162255 ], [ 346771.182380974874832, 6294647.429975681938231 ], [ 346769.508844196272548, 6294647.459157468751073 ], [ 346765.502137637115084, 6294647.529088595882058 ], [ 346730.13084398250794, 6294648.145899124443531 ], [ 346715.636162326263729, 6294648.398518892005086 ], [ 346705.546438778226729, 6294648.574472775682807 ], [ 346693.730500401230529, 6294648.780443558469415 ], [ 346623.915557699860074, 6294649.997135031968355 ], [ 346623.750001977430657, 6294649.999989492818713 ], [ 346558.970989061752334, 6294651.987218383699656 ], [ 346519.248739987029694, 6294653.205469735898077 ], [ 346511.410251122084446, 6294653.445758763700724 ], [ 346506.962954183749389, 6294653.58208847232163 ], [ 346486.298408383503556, 6294654.215800680220127 ], [ 346461.579042910947464, 6294654.973769061267376 ], [ 346429.410063512274064, 6294655.959932034835219 ], [ 346408.398258660628926, 6294656.604110293090343 ], [ 346371.138823001761921, 6294657.746148122474551 ], [ 346363.419827908102889, 6294657.982833648100495 ], [ 346340.532217912725173, 6294658.684575002640486 ], [ 346330.4552114335238, 6294658.993504498153925 ], [ 346314.270464150700718, 6294659.489522838965058 ], [ 346312.275755576440133, 6294659.345833078026772 ], [ 346312.257524375570938, 6294659.551024130545557 ], [ 346312.10834030166734, 6294661.228708080947399 ], [ 346311.092224877327681, 6294671.744245145469904 ], [ 346306.543621925986372, 6294718.815818570554256 ], [ 346305.455349784402642, 6294728.780891672708094 ], [ 346302.713675597216934, 6294784.194662536494434 ], [ 346298.830803604098037, 6294852.900060296989977 ], [ 346286.524397096713074, 6294983.583706311881542 ], [ 346284.188901493791491, 6295013.493518099188805 ], [ 346283.153669036924839, 6295020.131930582225323 ], [ 346278.83592342515476, 6295057.774167936295271 ], [ 346269.546778335294221, 6295174.086935853585601 ], [ 346265.246615491691045, 6295210.620344243943691 ], [ 346264.193694294546731, 6295218.367573097348213 ], [ 346258.575516969896853, 6295279.281287129968405 ], [ 346251.187058233655989, 6295334.620993062853813 ], [ 346280.872338553890586, 6295338.421363363042474 ], [ 346311.487004919326864, 6295342.236341735348105 ], [ 346367.122878853813745, 6295350.886162780225277 ], [ 346479.341713893925771, 6295367.090894320048392 ], [ 346565.592590608575847, 6295379.553999952971935 ], [ 346668.536312978249043, 6295394.499840280972421 ], [ 346813.229653307353146, 6295414.543809711933136 ], [ 346814.669431942864321, 6295382.401458568871021 ], [ 346815.897920421382878, 6295363.565513285808265 ], [ 346817.108807113254443, 6295345.838385062292218 ], [ 346821.005623749282677, 6295276.024038077332079 ], [ 346823.33945793210296, 6295246.114165794104338 ], [ 346826.672952242661268, 6295211.7835713326931 ], [ 346828.953967948618811, 6295185.20024910569191 ], [ 346831.305373749055434, 6295154.181554919108748 ], [ 346833.9911679943325, 6295102.094323009252548 ], [ 346835.290103259379975, 6295078.822900696657598 ], [ 346837.975882810656913, 6295026.73566360399127 ], [ 346839.415525875927415, 6294994.593294695019722 ], [ 346839.925922892638482, 6294962.436175495386124 ], [ 346844.398352257907391, 6294900.150829190388322 ], [ 346844.699047437752597, 6294895.963095625862479 ], [ 346846.543559486395679, 6294838.316806649789214 ], [ 346848.669591944664717, 6294762.928620966151357 ], [ 346851.142793943989091, 6294702.465143764391541 ], [ 346851.707332793273963, 6294688.663996526971459 ], [ 346846.272585446015, 6294679.704551391303539 ], [ 346846.376749331015162, 6294673.142188859172165 ], [ 346846.395791556569748, 6294671.942522848024964 ], [ 346846.436136399861425, 6294669.40078657399863 ] ] ] } },
{ "type": "Feature", "properties": { "OBJECTID": 4466, "objectd": 4438, "cod_rgn": "13", "cd_prvn": "131", "cod_cmn": "13101", "nmbr_rg": "Metropolitana de Santiago", "nmbr_pr": "Santiago", "nmbr_cm": "Santiago", "id_v_rs": "131016466", "uv_cart": "27", "uv_nmbr": "27", "prd_ndc": 20240601, "ndpet0_4_p": 9608035, "ndpet0_4_r": 3282568, "ndpet0_4_c": 139710, "ndpet0_4_u": "1927", "ndpet4_5_p": 1459190, "ndpet4_5_r": 552537, "ndpet4_5_c": 26989, "ndpet4_5_u": "365", "ndpet5_6_p": 1159567, "ndpet5_6_r": 451679, "ndpet5_6_c": 26691, "ndpet5_6_u": "320", "ndpet6_7_p": 1134251, "ndpet6_7_r": 455189, "ndpet6_7_c": 30358, "ndpet6_7_u": "326", "ndpet7_8_p": 1264009, "ndpet7_8_r": 507934, "ndpet7_8_c": 36539, "ndpet7_8_u": "345", "ndpet8_9_p": 1876093, "ndpet8_9_r": 830486, "ndpet8_9_c": 57768, "ndpet8_9_u": "630", "ndpet9_1_p": 638111, "ndpet9_1_r": 298881, "ndpet9_1_c": "25806", "ndpet9_1_u": "212", "totl_ps": 17139256, "ttl_rgn": 6379274, "ttl_cmn": 343861, "totl_uv": "4125", "area_m2": 573836.47959130199, "perimeter_m": 4468.4097857919069, "centroide_x": 345048.4145985854, "centroide_y": 6295119.4734797077, "crs_original": "EPSG:4326", "fecha_normalizacion": "2025-10-10 01:59:26" }, "geometry": { "type": "Polygon", "coordinates": [ [ [ 345430.630179695785046, 6295319.295493144541979 ], [ 345430.878816714626737, 6295303.771303268149495 ], [ 345436.425266828446183, 6295189.61729584634304 ], [ 345439.012041028938256, 6295144.1834064591676 ], [ 345446.77230596652953, 6295007.881721745245159 ], [ 345447.056463312299456, 6294990.139783488586545 ], [ 345446.304810380213894, 6294979.036288466304541 ], [ 345445.606359430297744, 6294964.606028633192182 ], [ 345382.485741527518257, 6294959.158228936605155 ], [ 345325.852470798243303, 6294954.923206725157797 ], [ 345317.488817290693987, 6294954.789142759516835 ], [ 345310.054495621530805, 6294954.669969294220209 ], [ 345302.62017384043429, 6294954.550790097564459 ], [ 345303.130860234901775, 6294864.717341720126569 ], [ 345304.326755762449466, 6294848.099213470704854 ], [ 345305.162285667960532, 6294795.982291279360652 ], [ 345305.482278911105823, 6294776.022598886862397 ], [ 345306.17560204945039, 6294732.776646755635738 ], [ 345306.424487717216834, 6294717.252540031448007 ], [ 345306.168769750976935, 6294709.557208327576518 ], [ 345288.048309909063391, 6294708.914166247472167 ], [ 345271.333491318277083, 6294708.32106182910502 ], [ 345265.740024262457155, 6294708.099994609132409 ], [ 345235.09001989295939, 6294706.599966207519174 ], [ 345206.059957479359582, 6294705.60003456287086 ], [ 345176.709987431648187, 6294704.600069161504507 ], [ 345152.709932567959186, 6294703.600088389590383 ], [ 345139.186458408774342, 6294702.885004748590291 ], [ 345124.34000344038941, 6294702.099989271722734 ], [ 345099.590041953080799, 6294701.100108113139868 ], [ 345077.459954830119386, 6294700.100034665316343 ], [ 345054.870024451054633, 6294699.100106869824231 ], [ 345042.458888480672613, 6294698.491027232259512 ], [ 345034.490031284221914, 6294698.100008596666157 ], [ 345010.959939487045631, 6294697.100039952434599 ], [ 344994.838795511517674, 6294696.496739769354463 ], [ 344984.240044630714692, 6294696.100038734264672 ], [ 344952.519983704900369, 6294695.100014558061957 ], [ 344905.460056729556527, 6294693.100021853111684 ], [ 344841.069085859286133, 6294688.297070571221411 ], [ 344682.117351211723872, 6294676.439508309587836 ], [ 344684.261926258914173, 6294679.528747776523232 ], [ 344684.083432278595865, 6294690.617482007481158 ], [ 344682.832833588123322, 6294710.562244264408946 ], [ 344660.566166244156193, 6294707.985473114065826 ], [ 344656.813386396272108, 6294710.143377386033535 ], [ 344632.491696716751903, 6294719.734177079983056 ], [ 344608.16995454300195, 6294729.325016869232059 ], [ 344601.593664861517027, 6294733.655751392245293 ], [ 344595.946599273767788, 6294738.001447591930628 ], [ 344588.369543771317694, 6294746.752700453624129 ], [ 344580.756754693458788, 6294757.721595162525773 ], [ 344578.715993895079009, 6294761.240194623358548 ], [ 344571.196087373537011, 6294774.205064168199897 ], [ 344568.301129939383827, 6294780.813399232923985 ], [ 344566.335403765086085, 6294787.43670214805752 ], [ 344562.117935831774957, 6294806.066752672195435 ], [ 344559.330346029077191, 6294818.380275112576783 ], [ 344559.307880762615241, 6294818.544998152181506 ], [ 344558.878736239683349, 6294821.698439047671854 ], [ 344557.221702996990643, 6294833.874564403668046 ], [ 344556.149474654928781, 6294842.730581665411592 ], [ 344554.631126950553153, 6294936.98467262648046 ], [ 344551.77271921990905, 6295056.727915992029011 ], [ 344551.312983501935378, 6295142.45262333471328 ], [ 344551.308742350316606, 6295143.234887664206326 ], [ 344591.286931491980795, 6295142.76966760866344 ], [ 344628.441513298545033, 6295144.477043135091662 ], [ 344670.278308365435805, 6295144.041419779881835 ], [ 344670.013773554994259, 6295155.822916131466627 ], [ 344666.993025839328766, 6295290.397451958619058 ], [ 344698.590069202356972, 6295290.905964956618845 ], [ 344787.787238686461933, 6295293.450027205049992 ], [ 344798.009852072631475, 6295293.614430023357272 ], [ 344838.882223917462397, 6295295.380850886926055 ], [ 344876.966670771944337, 6295297.102186888456345 ], [ 344900.199746781145222, 6295297.475596727803349 ], [ 344922.503538774093613, 6295297.834018154069781 ], [ 344940.160664875409566, 6295298.117731192149222 ], [ 344961.535172169329599, 6295298.461131520569324 ], [ 344981.050945852068253, 6295298.774628300219774 ], [ 344995.920138032059185, 6295299.013456970453262 ], [ 345023.781981108477339, 6295300.570119163952768 ], [ 345038.651173626538366, 6295300.808881893754005 ], [ 345060.007793619821314, 6295302.260884213261306 ], [ 345163.127104208047967, 6295306.134181186556816 ], [ 345261.617636552196927, 6295308.823051993735135 ], [ 345295.984825447900221, 6295310.483127867802978 ], [ 345295.504895477730315, 6295340.422595104202628 ], [ 345295.167167680687271, 6295361.491193311288953 ], [ 345294.491720394173171, 6295403.628188493661582 ], [ 345292.886898954748176, 6295445.750383460894227 ], [ 345288.456040397286415, 6295664.182759433053434 ], [ 345285.99808705621399, 6295759.530620055273175 ], [ 345284.327384540229104, 6295863.764227922074497 ], [ 345277.966905741603114, 6296086.602171076461673 ], [ 345280.319019834336359, 6296086.691439763642848 ], [ 345379.235775914043188, 6296090.443053273484111 ], [ 345390.354466245742515, 6296090.621136883273721 ], [ 345390.550844594312366, 6296087.484397057443857 ], [ 345401.162499927857425, 6295882.273547673597932 ], [ 345407.709610635996796, 6295763.699031885713339 ], [ 345410.971357958333101, 6295676.128110529854894 ], [ 345421.018088850716595, 6295500.915487881749868 ], [ 345423.870074808481149, 6295451.176523362286389 ], [ 345425.456562620471232, 6295410.163248260505497 ], [ 345427.972336906881537, 6295369.164854588918388 ], [ 345430.630179695785046, 6295319.295493144541979 ] ] ] } },
{ "type": "Feature", "properties": { "OBJECTID": 4467, "objectd": 4439, "cod_rgn": "13", "cd_prvn": "131", "cod_cmn": "13101", "nmbr_rg": "Metropolitana de Santiago", "nmbr_pr": "Santiago", "nmbr_cm": "Santiago", "id_v_rs": "131016498", "uv_cart": "SIN DEF COMUNAL", "uv_nmbr": "SIN DEF COMUNAL", "prd_ndc": 20240601, "ndpet0_4_p": 9608035, "ndpet0_4_r": 3282568, "ndpet0_4_c": 139710, "ndpet0_4_u": "151", "ndpet4_5_p": 1459190, "ndpet4_5_r": 552537, "ndpet4_5_c": 26989, "ndpet4_5_u": "49", "ndpet5_6_p": 1159567, "ndpet5_6_r": 451679, "ndpet5_6_c": 26691, "ndpet5_6_u": "30", "ndpet6_7_p": 1134251, "ndpet6_7_r": 455189, "ndpet6_7_c": 30358, "ndpet6_7_u": "65", "ndpet7_8_p": 1264009, "ndpet7_8_r": 507934, "ndpet7_8_c": 36539, "ndpet7_8_u": "77", "ndpet8_9_p": 1876093, "ndpet8_9_r": 830486, "ndpet8_9_c": 57768, "ndpet8_9_u": "85", "ndpet9_1_p": 638111, "ndpet9_1_r": 298881, "ndpet9_1_c": "25806", "ndpet9_1_u": "33", "totl_ps": 17139256, "ttl_rgn": 6379274, "ttl_cmn": 343861, "totl_uv": "490", "area_m2": 1701347.7676212641, "perimeter_m": 7921.0389507054042, "centroide_x": 345379.43037577556, "centroide_y": 6296035.7311720857, "crs_original": "EPSG:4326", "fecha_normalizacion": "2025-10-10 01:59:26" }, "geometry": { "type": "MultiPolygon", "coordinates": [ [ [ [ 346024.286303346161731, 6296697.867533430457115 ], [ 346036.930664351209998, 6296696.919568681158125 ], [ 346043.89899784559384, 6296697.516454871743917 ], [ 346044.589256685285363, 6296690.034981704317033 ], [ 346042.402014870196581, 6296652.289035342633724 ], [ 346036.123542356363032, 6296521.309500586241484 ], [ 346035.777602874673903, 6296484.702101620845497 ], [ 346036.664854846545495, 6296471.42131912522018 ], [ 346038.220011749013793, 6296448.13916661310941 ], [ 346038.555990669177845, 6296427.070732771418989 ], [ 346046.547378392016981, 6296334.029701589606702 ], [ 346070.121925641316921, 6296021.625662963837385 ], [ 346073.297694179462269, 6295979.77547649294138 ], [ 346079.537364799587522, 6295897.551182320341468 ], [ 346084.828444813960232, 6295798.921225320547819 ], [ 346094.508895709994249, 6295658.213626731187105 ], [ 346097.029627103591338, 6295558.430464053526521 ], [ 346099.507173770805821, 6295519.649744493886828 ], [ 346101.037650378304534, 6295481.96302227023989 ], [ 346106.16952188994037, 6295393.312883369624615 ], [ 346105.523143405094743, 6295375.556161101907492 ], [ 346095.300494150840677, 6295375.393146719783545 ], [ 346087.42475406662561, 6295375.267549687996507 ], [ 346084.148642055282835, 6295375.215302552096546 ], [ 346071.138050111476332, 6295375.007799834012985 ], [ 346059.056744039757177, 6295374.815102354623377 ], [ 346035.823584412923083, 6295374.444489688612521 ], [ 346022.812991113169119, 6295374.236921772360802 ], [ 346008.049983411561698, 6295367.346465600654483 ], [ 345899.442717970232479, 6295357.848900550976396 ], [ 345785.259645394282416, 6295348.260908452793956 ], [ 345658.08389703114517, 6295337.354775494895875 ], [ 345545.759807911934331, 6295327.79365723580122 ], [ 345473.361284286540467, 6295321.088987749069929 ], [ 345437.170930240943562, 6295317.181937880814075 ], [ 345430.630179695785046, 6295319.295493144541979 ], [ 345427.972336906881537, 6295369.164854588918388 ], [ 345425.456562620471232, 6295410.163248260505497 ], [ 345423.870074808481149, 6295451.176523362286389 ], [ 345421.018088850716595, 6295500.915487881749868 ], [ 345410.971357958333101, 6295676.128110529854894 ], [ 345407.709610635996796, 6295763.699031885713339 ], [ 345401.162499927857425, 6295882.273547673597932 ], [ 345390.550844594312366, 6296087.484397057443857 ], [ 345390.354466245742515, 6296090.621136883273721 ], [ 345390.38856804225361, 6296090.621683058328927 ], [ 345388.542247115285136, 6296119.577346181496978 ], [ 345388.304887206060812, 6296123.299651743844151 ], [ 345381.698320160503499, 6296226.908287558704615 ], [ 345381.473908446845599, 6296231.00695173908025 ], [ 345380.824878861196339, 6296242.866931984201074 ], [ 345373.813023386406712, 6296370.971886480227113 ], [ 345372.700469341827556, 6296398.455831542611122 ], [ 345360.567341073823627, 6296636.760772876441479 ], [ 345363.044589917059056, 6296636.995855744928122 ], [ 345386.24533490894828, 6296639.585714066401124 ], [ 345650.819772034767084, 6296663.783563006669283 ], [ 345689.856821592140477, 6296664.407527253031731 ], [ 345706.586901097442023, 6296664.674890801310539 ], [ 345720.493308492703363, 6296667.115409331396222 ], [ 345735.32913396123331, 6296669.570756956934929 ], [ 345747.394276222679764, 6296670.872716665267944 ], [ 345785.431001416756772, 6296675.916914731264114 ], [ 345910.71253008156782, 6296690.117687029764056 ], [ 345921.830518991337158, 6296692.513410824351013 ], [ 345934.825201827683486, 6296693.829867281019688 ], [ 345941.033171593328007, 6296691.100462922826409 ], [ 345945.120998611790128, 6296691.487673378549516 ], [ 345959.692454151285347, 6296692.867756843566895 ], [ 346010.036408176296391, 6296696.764689780771732 ], [ 346012.259591211564839, 6296696.936701260507107 ], [ 346013.420492879813537, 6296697.026535524055362 ], [ 346015.377457035356201, 6296697.178041618317366 ], [ 346024.286303346161731, 6296697.867533430457115 ] ] ], [ [ [ 345266.125820188201033, 6296572.247142532840371 ], [ 345271.629508815647569, 6296366.007240876555443 ], [ 345272.497589320933912, 6296366.049481998197734 ], [ 345276.502052520751022, 6296223.021620404906571 ], [ 345279.342995642451569, 6296121.553896677680314 ], [ 345279.660409300820902, 6296110.215571887791157 ], [ 345280.319019834336359, 6296086.691439763642848 ], [ 345277.966905741603114, 6296086.602171076461673 ], [ 345284.327384540229104, 6295863.764227922074497 ], [ 345285.99808705621399, 6295759.530620055273175 ], [ 345288.456040397286415, 6295664.182759433053434 ], [ 345292.886898954748176, 6295445.750383460894227 ], [ 345294.491720394173171, 6295403.628188493661582 ], [ 345295.167167680687271, 6295361.491193311288953 ], [ 345295.504895477730315, 6295340.422595104202628 ], [ 345295.984825447900221, 6295310.483127867802978 ], [ 345261.617636552196927, 6295308.823051993735135 ], [ 345163.127104208047967, 6295306.134181186556816 ], [ 345060.007793619821314, 6295302.260884213261306 ], [ 345038.651173626538366, 6295300.808881893754005 ], [ 345023.781981108477339, 6295300.570119163952768 ], [ 344941.274007106840145, 6295402.396375520154834 ], [ 344923.242524603381753, 6295425.39892846532166 ], [ 344900.528579068719409, 6295450.544620152562857 ], [ 344825.595414257782977, 6295543.618456174619496 ], [ 344809.475594510440715, 6295563.324129077605903 ], [ 344755.396844391012564, 6295631.222184156998992 ], [ 344741.171133944182657, 6295648.739903289824724 ], [ 344720.314931742555927, 6295673.914998359978199 ], [ 344672.883337399922311, 6295733.046306565403938 ], [ 344672.056388773489743, 6295733.90630154311657 ], [ 344653.042496612994, 6295752.666130651719868 ], [ 344653.974753354035784, 6295752.706869807094336 ], [ 344664.823821758211125, 6295771.737123420462012 ], [ 344666.307824543328024, 6295795.053393455222249 ], [ 344666.579902922967449, 6295951.448915284126997 ], [ 344667.956909212400205, 6295981.418307166546583 ], [ 344666.422402346739545, 6296076.781149993650615 ], [ 344655.094298056676053, 6296203.04282302595675 ], [ 344640.048229703970719, 6296329.244543792679906 ], [ 344624.090247217798606, 6296454.322453415952623 ], [ 344609.043689996353351, 6296580.524210937321186 ], [ 344604.861876310431398, 6296609.295013707131147 ], [ 344599.750548545271158, 6296638.050754589959979 ], [ 344632.192207734216936, 6296644.11868305131793 ], [ 344655.740341823780909, 6296649.163531681522727 ], [ 344766.535218139877543, 6296672.899191706441343 ], [ 344953.662152858800255, 6296714.726394111290574 ], [ 345130.602034244919196, 6296754.16808994114399 ], [ 345138.988818149722647, 6296756.215882001444697 ], [ 345169.497280627372675, 6296763.664997695013881 ], [ 345210.251442020817194, 6296773.191644871607423 ], [ 345240.817131151095964, 6296780.336515732109547 ], [ 345260.75594790535979, 6296785.433025671169162 ], [ 345263.964978571108077, 6296786.253313465043902 ], [ 345264.23560484329937, 6296723.323116270825267 ], [ 345264.551704761688598, 6296649.856505744159222 ], [ 345264.647225411958061, 6296627.655408252961934 ], [ 345266.125820188201033, 6296572.247142532840371 ] ] ] ] } },
{ "type": "Feature", "properties": { "OBJECTID": 4613, "objectd": 4601, "cod_rgn": "13", "cd_prvn": "131", "cod_cmn": "13113", "nmbr_rg": "Metropolitana de Santiago", "nmbr_pr": "Santiago", "nmbr_cm": "La Reina", "id_v_rs": "131135608", "uv_cart": "15", "uv_nmbr": "15", "prd_ndc": 20240601, "ndpet0_4_p": 9608035, "ndpet0_4_r": 3282568, "ndpet0_4_c": 19102, "ndpet0_4_u": "123", "ndpet4_5_p": 1459190, "ndpet4_5_r": 552537, "ndpet4_5_c": 4282, "ndpet4_5_u": "35", "ndpet5_6_p": 1159567, "ndpet5_6_r": 451679, "ndpet5_6_c": 3568, "ndpet5_6_u": "Valores entre 1 y 9", "ndpet6_7_p": 1134251, "ndpet6_7_r": 455189, "ndpet6_7_c": 4048, "ndpet6_7_u": "49", "ndpet7_8_p": 1264009, "ndpet7_8_r": 507934, "ndpet7_8_c": 4499, "ndpet7_8_u": "116", "ndpet8_9_p": 1876093, "ndpet8_9_r": 830486, "ndpet8_9_c": 12830, "ndpet8_9_u": "319", "ndpet9_1_p": 638111, "ndpet9_1_r": 298881, "ndpet9_1_c": "5593", "ndpet9_1_u": "94", "totl_ps": 17139256, "ttl_rgn": 6379274, "ttl_cmn": 53922, "totl_uv": "744", "area_m2": 855457.8208242252, "perimeter_m": 4117.0712230390018, "centroide_x": 357435.47074291494, "centroide_y": 6297961.2172706062, "crs_original": "EPSG:4326", "fecha_normalizacion": "2025-10-10 01:59:26" }, "geometry": { "type": "Polygon", "coordinates": [ [ [ 356742.361219266371336, 6297614.792526578530669 ], [ 356740.360442121746019, 6297749.683855630457401 ], [ 356843.454885988263413, 6297756.757902964018285 ], [ 356857.39765379531309, 6297756.964546559378505 ], [ 356865.418223118409514, 6297780.374132543802261 ], [ 356876.293174589867704, 6297799.389668267220259 ], [ 356880.842258385266177, 6297806.111581116914749 ], [ 356896.217009829706512, 6297835.175572261214256 ], [ 356910.662370615231339, 6297864.225665400736034 ], [ 356931.499547873914707, 6297901.134044507518411 ], [ 356939.701085776672699, 6297912.346357894130051 ], [ 356953.266469125170261, 6297938.056237491779029 ], [ 356969.571168084046803, 6297967.1337572298944 ], [ 356998.544931380078197, 6298019.689607442356646 ], [ 357022.089433105662465, 6298062.18329397123307 ], [ 357044.688146711327136, 6298105.771946689113975 ], [ 357070.059299612243194, 6298150.510588321834803 ], [ 357089.968236101442017, 6298187.404815847054124 ], [ 357097.24069477757439, 6298198.603225266560912 ], [ 357101.757327583327424, 6298207.54269814491272 ], [ 357136.178733159555122, 6298269.051284861750901 ], [ 357158.811282179725822, 6298310.421945116482675 ], [ 357173.291000094497576, 6298337.253996047191322 ], [ 357183.23761766764801, 6298356.255385491997004 ], [ 357208.593818978697527, 6298402.10249363258481 ], [ 357235.776671524392441, 6298450.194676274433732 ], [ 357248.446724038454704, 6298473.672553004696965 ], [ 357281.060129504767247, 6298531.826500510796905 ], [ 357312.744301642640494, 6298589.96668993961066 ], [ 357324.747177387587726, 6298595.689302965067327 ], [ 357343.76126866939012, 6298630.351515913382173 ], [ 357360.948946559801698, 6298662.768558768555522 ], [ 357362.611718569183722, 6298676.102068549022079 ], [ 357369.852148567442782, 6298689.517918653786182 ], [ 357380.712832958146464, 6298709.641681876964867 ], [ 357405.124958373955451, 6298756.583253836259246 ], [ 357405.632264411193319, 6298722.209317444823682 ], [ 357416.299770319717936, 6298692.421643922105432 ], [ 357438.106126099009998, 6298663.90735549479723 ], [ 357465.391823468555231, 6298642.128437368199229 ], [ 357478.618917676038109, 6298627.905480007641017 ], [ 357489.904992072377354, 6298619.19932312425226 ], [ 357503.132017896394245, 6298604.97643375210464 ], [ 357533.353397014783695, 6298573.258871406316757 ], [ 357552.337626167805865, 6298546.920892587862909 ], [ 357564.651261074584909, 6298531.575330294668674 ], [ 357578.987416331539862, 6298505.168876972049475 ], [ 357598.069543169287499, 6298472.177786387503147 ], [ 357604.85444783733692, 6298453.423496977426112 ], [ 357614.509833264630288, 6298429.166064534336329 ], [ 357628.79669252311578, 6298406.086008099839091 ], [ 357642.153949539700989, 6298382.992234722711146 ], [ 357649.802980268141255, 6298368.686868466436863 ], [ 357653.880730879376642, 6298344.347313987091184 ], [ 357665.297020374331623, 6298326.77025879919529 ], [ 357673.837302923493553, 6298318.999126774258912 ], [ 357693.576138430507854, 6298300.568977942690253 ], [ 357716.408435121411458, 6298265.414767386391759 ], [ 357718.055239796172827, 6298263.508121123537421 ], [ 357725.009358013165183, 6298254.325978150591254 ], [ 357728.754045018926263, 6298247.851432596333325 ], [ 357738.212988496001344, 6298236.899946475401521 ], [ 357748.536202678107657, 6298230.397493815980852 ], [ 357760.734771928167902, 6298222.813515614718199 ], [ 357767.323297481634654, 6298217.365181280300021 ], [ 357784.300275315064937, 6298200.979000311344862 ], [ 357806.022880392614752, 6298178.008076934143901 ], [ 357837.106213364517316, 6298150.738658919930458 ], [ 357852.125948772358242, 6298140.978033926337957 ], [ 357863.345862851594575, 6298136.706818073987961 ], [ 357876.3759319067467, 6298135.78940693475306 ], [ 357886.649919278221205, 6298132.613375579938293 ], [ 357895.097500791947823, 6298127.192309616133571 ], [ 357901.767441394098569, 6298116.199647147208452 ], [ 357906.578265976626426, 6298105.179633602499962 ], [ 357913.346123593626544, 6298087.533936126157641 ], [ 357939.552802547405008, 6298012.502175880596042 ], [ 357954.22965496161487, 6297962.809554260224104 ], [ 357961.193006113404408, 6297931.857766684144735 ], [ 357965.547040670993738, 6297888.667796638794243 ], [ 357966.003586785751395, 6297857.620421918109059 ], [ 357958.828174849040806, 6297776.552241656929255 ], [ 357961.11118041863665, 6297747.74977813847363 ], [ 357977.516272064880468, 6297706.95516839902848 ], [ 357984.267376629286446, 6297690.418312147259712 ], [ 357986.273132758098654, 6297680.466149000450969 ], [ 357987.414552188012749, 6297666.064863462001085 ], [ 357979.538167930673808, 6297632.676795333623886 ], [ 357962.138502018642612, 6297551.45823382306844 ], [ 357961.404738033073954, 6297538.138497829437256 ], [ 357960.344835751398932, 6297483.778099294751883 ], [ 357962.060755040613003, 6297483.521664937958121 ], [ 357948.243695720215328, 6297484.969870204105973 ], [ 357934.270160851650871, 6297486.721861737780273 ], [ 357909.125001430104021, 6297489.679130513221025 ], [ 357876.527570450445637, 6297493.635799227282405 ], [ 357818.784879512619227, 6297500.549494029954076 ], [ 357804.71192256687209, 6297509.214940239675343 ], [ 357754.421271952451207, 6297515.12884334102273 ], [ 357707.881285174924415, 6297518.879587775096297 ], [ 357651.067730409733485, 6297525.805883156135678 ], [ 357541.207469239307102, 6297536.385854056105018 ], [ 357469.521675398224033, 6297543.091809564270079 ], [ 357368.026372585911304, 6297553.793276239186525 ], [ 357284.256807152414694, 6297560.319306291639805 ], [ 357220.952511279378086, 6297566.038152073509991 ], [ 357191.159288066788577, 6297568.924957977607846 ], [ 357085.945253827376291, 6297579.568503445014358 ], [ 357044.035603441123385, 6297584.493728771805763 ], [ 357012.383321721223183, 6297587.352371933870018 ], [ 356962.108086844789796, 6297592.153390117920935 ], [ 356921.14418515318539, 6297595.982860928401351 ], [ 356895.068756708118599, 6297598.923839035443962 ], [ 356872.727848239126615, 6297600.810956795699894 ], [ 356860.627801263006404, 6297601.74066954664886 ], [ 356770.301428013248369, 6297611.49241079390049 ], [ 356760.339920222759247, 6297612.531213002279401 ], [ 356742.361219266371336, 6297614.792526578530669 ] ] ] } },
{ "type": "Feature", "properties": { "OBJECTID": 4623, "objectd": 4611, "cod_rgn": "13", "cd_prvn": "131", "cod_cmn": "13113", "nmbr_rg": "Metropolitana de Santiago", "nmbr_pr": "Santiago", "nmbr_cm": "La Reina", "id_v_rs": "131135596", "uv_cart": "1", "uv_nmbr": "1", "prd_ndc": 20240601, "ndpet0_4_p": 9608035, "ndpet0_4_r": 3282568, "ndpet0_4_c": 19102, "ndpet0_4_u": "338", "ndpet4_5_p": 1459190, "ndpet4_5_r": 552537, "ndpet4_5_c": 4282, "ndpet4_5_u": "89", "ndpet5_6_p": 1159567, "ndpet5_6_r": 451679, "ndpet5_6_c": 3568, "ndpet5_6_u": "120", "ndpet6_7_p": 1134251, "ndpet6_7_r": 455189, "ndpet6_7_c": 4048, "ndpet6_7_u": "164", "ndpet7_8_p": 1264009, "ndpet7_8_r": 507934, "ndpet7_8_c": 4499, "ndpet7_8_u": "133", "ndpet8_9_p": 1876093, "ndpet8_9_r": 830486, "ndpet8_9_c": 12830, "ndpet8_9_u": "617", "ndpet9_1_p": 638111, "ndpet9_1_r": 298881, "ndpet9_1_c": "5593", "ndpet9_1_u": "282", "totl_ps": 17139256, "ttl_rgn": 6379274, "ttl_cmn": 53922, "totl_uv": "1743", "area_m2": 1300094.5172006725, "perimeter_m": 5655.9380870960413, "centroide_x": 354030.1470932996, "centroide_y": 6299479.5039015487, "crs_original": "EPSG:4326", "fecha_normalizacion": "2025-10-10 01:59:26" }, "geometry": { "type": "Polygon", "coordinates": [ [ [ 354879.403291839174926, 6299149.305251110345125 ], [ 354807.769520606729202, 6299151.556542371399701 ], [ 354780.792712042923085, 6299152.260219605639577 ], [ 354766.831077556009404, 6299153.159539529122412 ], [ 354737.06531148776412, 6299153.821178669109941 ], [ 354710.071809263434261, 6299155.63355240598321 ], [ 354689.602562783344183, 6299156.434916162863374 ], [ 354650.506786109646782, 6299159.174176255241036 ], [ 354603.027283569797873, 6299162.896284386515617 ], [ 354592.784258581057657, 6299163.851304950192571 ], [ 354529.483758372138254, 6299168.444024171680212 ], [ 354518.311095411540009, 6299169.384872172027826 ], [ 354489.458149467478506, 6299171.168640469200909 ], [ 354468.042507200385444, 6299173.064332839101553 ], [ 354446.643555239483248, 6299173.851183789782226 ], [ 354440.185967013647314, 6299170.426578192040324 ], [ 354436.534120302123483, 6299165.935186599381268 ], [ 354427.393633097584825, 6299093.706412641331553 ], [ 354413.721969286678359, 6299013.645624345168471 ], [ 354317.834431018447503, 6299021.07322595641017 ], [ 354255.464250350836664, 6299025.678139109164476 ], [ 354182.884592248708941, 6299029.019546143710613 ], [ 354095.380272813257761, 6299035.462313059717417 ], [ 353953.888840307190549, 6299045.524978661909699 ], [ 353955.568044453451876, 6299043.880550724454224 ], [ 353924.213584449724294, 6299046.905819308012724 ], [ 353899.91859514999669, 6299048.036370259709656 ], [ 353833.846142269088887, 6299051.473556537181139 ], [ 353763.142079313984141, 6299053.731151837855577 ], [ 353744.481833027733956, 6299057.88513551466167 ], [ 353749.398592279525474, 6299040.21395412646234 ], [ 353765.890772585757077, 6298994.990508181974292 ], [ 353751.744590174173936, 6299008.085613366216421 ], [ 353743.287475575110875, 6299014.410728191956878 ], [ 353735.993228231673129, 6299019.178385405801237 ], [ 353735.755932874744758, 6299020.043660873547196 ], [ 353721.173327739466913, 6299061.968719905242324 ], [ 353719.61016796855256, 6299066.208301782608032 ], [ 353708.567353829334024, 6299096.159935019910336 ], [ 353704.580202152603306, 6299113.845073288306594 ], [ 353686.883009670127649, 6299115.795332261361182 ], [ 353672.837377207761165, 6299122.237255067564547 ], [ 353632.458836483419873, 6299148.244142191484571 ], [ 353588.378204294538591, 6299173.085629976354539 ], [ 353526.499188022455201, 6299206.529973607510328 ], [ 353483.347717633005232, 6299231.385190644301474 ], [ 353450.624122542620171, 6299243.089054364711046 ], [ 353404.885143915133085, 6299254.595380648970604 ], [ 353369.406021499191411, 6299264.039073556661606 ], [ 353350.745168196735904, 6299268.192315867170691 ], [ 353312.359122675610706, 6299285.355255308561027 ], [ 353270.170027860905975, 6299308.005966981872916 ], [ 353188.512951971963048, 6299357.784414779394865 ], [ 353154.724178886972368, 6299378.343954739160836 ], [ 353078.694541470147669, 6299424.879775724373758 ], [ 352925.517830253345892, 6299530.132911804132164 ], [ 352862.468020390253514, 6299579.082759259268641 ], [ 352834.019557783845812, 6299615.250103253871202 ], [ 352816.980860912648495, 6299634.954419031739235 ], [ 352762.026979063695762, 6299701.772720312699676 ], [ 352741.218411276990082, 6299724.746848439797759 ], [ 352776.514046293566935, 6299727.502752905711532 ], [ 352819.264454938122071, 6299729.262996000237763 ], [ 352839.701413722708821, 6299730.683238202705979 ], [ 352909.346286424959544, 6299737.288944598287344 ], [ 352963.185868312953971, 6299743.653614839538932 ], [ 353024.446445360023063, 6299751.239984543994069 ], [ 353076.460576055163983, 6299755.358052875846624 ], [ 353098.756966670393012, 6299756.806108087301254 ], [ 353149.841287793591619, 6299760.909646899439394 ], [ 353245.518728138471488, 6299767.908399928361177 ], [ 353328.196999635896645, 6299773.599796392023563 ], [ 353425.750876285834238, 6299779.516078582033515 ], [ 353519.585915584699251, 6299785.375012720003724 ], [ 353563.283036337699741, 6299786.037146793678403 ], [ 353604.190931163495407, 6299786.656837147660553 ], [ 353623.715150592033751, 6299786.952537344768643 ], [ 353643.239452842273749, 6299787.24819934181869 ], [ 353744.51240878039971, 6299793.217565650120378 ], [ 353793.754344186861999, 6299796.18075430765748 ], [ 353840.223842563806102, 6299797.992618959397078 ], [ 353918.287306714511942, 6299801.390962223522365 ], [ 353994.474589171819389, 6299805.869478894397616 ], [ 354029.787395859486423, 6299807.511891363188624 ], [ 354041.873892730218358, 6299807.694416340440512 ], [ 354190.546434374235105, 6299815.483797471038997 ], [ 354222.140361940371804, 6299817.069502373225987 ], [ 354275.101354948943481, 6299820.086318975314498 ], [ 354317.852032185648568, 6299821.839811162091792 ], [ 354344.814177681342699, 6299822.246155632659793 ], [ 354373.618986163288355, 6299823.78933247923851 ], [ 354413.580534474691376, 6299825.500377117656171 ], [ 354446.10426473710686, 6299827.09935228805989 ], [ 354473.049634625727776, 6299828.614130372181535 ], [ 354481.466420849086717, 6299829.177726978436112 ], [ 354494.416640134062618, 6299830.044957569800317 ], [ 354508.614942998858169, 6299830.258688626810908 ], [ 354512.081428844016045, 6299830.310867447406054 ], [ 354624.478301641298458, 6299838.65659395698458 ], [ 354756.382904062280431, 6299848.403207214549184 ], [ 354852.991352374432608, 6299855.399953880347311 ], [ 354917.092689122189768, 6299859.689563990570605 ], [ 354970.037221552222036, 6299863.811448832042515 ], [ 354980.405485767812934, 6299864.330977415665984 ], [ 355007.028884529951029, 6299865.801027424633503 ], [ 355001.631393632094841, 6299865.394498256035149 ], [ 354993.149227473535575, 6299810.92181839980185 ], [ 354983.937141214613803, 6299743.129070302471519 ], [ 354973.895290356944315, 6299668.669397849589586 ], [ 354947.620536155998707, 6299498.58415238186717 ], [ 354940.965218989818823, 6299446.356969336047769 ], [ 354922.45964192826068, 6299316.3154969625175 ], [ 354919.173750378482509, 6299287.429854370653629 ], [ 354924.088506429223344, 6299269.75815278571099 ], [ 354929.882937178830616, 6299255.42698311060667 ], [ 354929.33608354133321, 6299229.909588595852256 ], [ 354889.163377401535399, 6299180.506429741159081 ], [ 354881.975841413193848, 6299163.762146713212132 ], [ 354879.403291839174926, 6299149.305251110345125 ] ] ] } },
{ "type": "Feature", "properties": { "OBJECTID": 4624, "objectd": 4612, "cod_rgn": "13", "cd_prvn": "131", "cod_cmn": "13113", "nmbr_rg": "Metropolitana de Santiago", "nmbr_pr": "Santiago", "nmbr_cm": "La Reina", "id_v_rs": "131135597", "uv_cart": "5", "uv_nmbr": "5", "prd_ndc": 20240601, "ndpet0_4_p": 9608035, "ndpet0_4_r": 3282568, "ndpet0_4_c": 19102, "ndpet0_4_u": "1004", "ndpet4_5_p": 1459190, "ndpet4_5_r": 552537, "ndpet4_5_c": 4282, "ndpet4_5_u": "293", "ndpet5_6_p": 1159567, "ndpet5_6_r": 451679, "ndpet5_6_c": 3568, "ndpet5_6_u": "239", "ndpet6_7_p": 1134251, "ndpet6_7_r": 455189, "ndpet6_7_c": 4048, "ndpet6_7_u": "334", "ndpet7_8_p": 1264009, "ndpet7_8_r": 507934, "ndpet7_8_c": 4499, "ndpet7_8_u": "337", "ndpet8_9_p": 1876093, "ndpet8_9_r": 830486, "ndpet8_9_c": 12830, "ndpet8_9_u": "1493", "ndpet9_1_p": 638111, "ndpet9_1_r": 298881, "ndpet9_1_c": "5593", "ndpet9_1_u": "556", "totl_ps": 17139256, "ttl_rgn": 6379274, "ttl_cmn": 53922, "totl_uv": "4256", "area_m2": 975036.78635488986, "perimeter_m": 4609.1174942546731, "centroide_x": 355067.28431982268, "centroide_y": 6298419.7368391687, "crs_original": "EPSG:4326", "fecha_normalizacion": "2025-10-10 01:59:26" }, "geometry": { "type": "Polygon", "coordinates": [ [ [ 355725.366658021695912, 6298914.646197356283665 ], [ 355717.331044967984781, 6298892.344431979581714 ], [ 355703.966155171394348, 6298853.326785568147898 ], [ 355694.203963572625071, 6298822.126495250500739 ], [ 355682.549385073711164, 6298793.116103855893016 ], [ 355677.236643259704579, 6298775.291418473236263 ], [ 355655.836889360973146, 6298713.971868151798844 ], [ 355644.315112360694911, 6298676.090679787099361 ], [ 355622.932393032475375, 6298613.662240693345666 ], [ 355620.309233204578049, 6298602.532140983268619 ], [ 355618.566014436015394, 6298594.742510056123137 ], [ 355620.624070172838401, 6298581.464185016229749 ], [ 355631.181142834888306, 6298559.440142959356308 ], [ 355641.721517463040072, 6298538.524981375783682 ], [ 355652.294983204221353, 6298515.392124312929809 ], [ 355682.106306630535983, 6298449.292095949873328 ], [ 355722.440797993214801, 6298363.385634595528245 ], [ 355729.262461169448216, 6298342.414853355847299 ], [ 355750.425189834204502, 6298295.040061891078949 ], [ 355781.148301804903895, 6298230.062526924535632 ], [ 355785.945089342130814, 6298220.152379754930735 ], [ 355792.750063010491431, 6298200.290351564064622 ], [ 355795.072587325703353, 6298169.270608892664313 ], [ 355770.073739594081417, 6298162.242854995653033 ], [ 355712.639648322016001, 6298148.076076094061136 ], [ 355522.709806244354695, 6298103.091828109696507 ], [ 355441.174248921335675, 6298084.126627311110497 ], [ 355351.289631103922147, 6298063.926461892202497 ], [ 355270.584588847588748, 6298051.62668321467936 ], [ 355129.924430522019975, 6298007.3727056235075 ], [ 355030.795479842519853, 6297983.703609683550894 ], [ 354943.701075205928646, 6297963.541539402678609 ], [ 354898.253261576173827, 6297956.204365652054548 ], [ 354881.688016985077411, 6297944.864557450637221 ], [ 354866.085718215676025, 6297931.320996511727571 ], [ 354765.257524039014243, 6298020.751259680837393 ], [ 354704.002688991371542, 6298075.284887976944447 ], [ 354697.379067895701155, 6298082.94888050109148 ], [ 354655.782523700851016, 6298066.795746168121696 ], [ 354644.694572484062519, 6298062.19252029247582 ], [ 354635.449057912104763, 6298058.726153712719679 ], [ 354625.307411577203311, 6298053.027998642995954 ], [ 354605.953582439920865, 6298041.645744446665049 ], [ 354532.429745456320234, 6298108.193679185584188 ], [ 354474.724313975311816, 6298173.87026165984571 ], [ 354396.316679421113804, 6298255.871036467142403 ], [ 354358.498445142991841, 6298297.446569501422346 ], [ 354278.028958068462089, 6298392.724560476839542 ], [ 354213.812930396234151, 6298458.301522803492844 ], [ 354152.468503502081148, 6298518.376003338955343 ], [ 354120.29283290472813, 6298555.599474902264774 ], [ 354109.883018448599614, 6298567.642423588782549 ], [ 354106.013889360590838, 6298577.565835834480822 ], [ 354116.323258279706351, 6298572.176065421663225 ], [ 354141.857884599012323, 6298543.725034191273153 ], [ 354152.200675241998397, 6298536.117535692639649 ], [ 354165.231877654558048, 6298535.205098789185286 ], [ 354174.304358955123462, 6298539.304054324515164 ], [ 354191.360290064592846, 6298553.977809568867087 ], [ 354191.90587650553789, 6298554.462318869307637 ], [ 354204.836697220220231, 6298560.203001122921705 ], [ 354267.247035152628087, 6298614.381194102577865 ], [ 354289.25670249259565, 6298634.676913425326347 ], [ 354396.128708731732331, 6298638.50629498809576 ], [ 354460.272002289653756, 6298639.472741883248091 ], [ 354515.119070064509287, 6298640.298784680664539 ], [ 354540.185284625389613, 6298642.894391320645809 ], [ 354592.226868670724798, 6298644.786903163418174 ], [ 354673.086438880534843, 6298647.112546402961016 ], [ 354718.620784676226322, 6298648.906394510529935 ], [ 354792.95644876617007, 6298652.242075506597757 ], [ 354923.018919473921414, 6298659.741452562622726 ], [ 354988.988175523176324, 6298662.949988423846662 ], [ 354998.234391929581761, 6298666.415989518165588 ], [ 355027.749033716274425, 6298682.386202033609152 ], [ 355067.256735651637428, 6298714.033527657389641 ], [ 355116.791047899285331, 6298759.140045469626784 ], [ 355150.771468942635693, 6298787.376786443404853 ], [ 355178.344367645098828, 6298808.862906917929649 ], [ 355234.303996748989448, 6298859.610577879473567 ], [ 355243.467420799657702, 6298868.620597834698856 ], [ 355295.742401668510865, 6298917.094391252845526 ], [ 355310.599911884171888, 6298918.426024228334427 ], [ 355318.900278659188189, 6298922.986677309498191 ], [ 355335.484351031249389, 6298933.216752618551254 ], [ 355348.333214666345157, 6298944.500022210180759 ], [ 355372.669820069684647, 6298933.773407705128193 ], [ 355395.993717712524813, 6298928.577082479372621 ], [ 355418.305034096818417, 6298928.910954091697931 ], [ 355435.934937749407254, 6298931.392916539683938 ], [ 355458.080386798887048, 6298942.815118118189275 ], [ 355510.986882150638849, 6298949.151795866899192 ], [ 355539.822250290191732, 6298948.473899029195309 ], [ 355597.625531494151801, 6298938.247012586332858 ], [ 355663.878269836539403, 6298922.600509470328689 ], [ 355681.591009634663351, 6298919.537863262929022 ], [ 355725.366658021695912, 6298914.646197356283665 ] ] ] } },
{ "type": "Feature", "properties": { "OBJECTID": 4625, "objectd": 4613, "cod_rgn": "13", "cd_prvn": "131", "cod_cmn": "13113", "nmbr_rg": "Metropolitana de Santiago", "nmbr_pr": "Santiago", "nmbr_cm": "La Reina", "id_v_rs": "131135598", "uv_cart": "12", "uv_nmbr": "12", "prd_ndc": 20240601, "ndpet0_4_p": 9608035, "ndpet0_4_r": 3282568, "ndpet0_4_c": 19102, "ndpet0_4_u": "1165", "ndpet4_5_p": 1459190, "ndpet4_5_r": 552537, "ndpet4_5_c": 4282, "ndpet4_5_u": "260", "ndpet5_6_p": 1159567, "ndpet5_6_r": 451679, "ndpet5_6_c": 3568, "ndpet5_6_u": "226", "ndpet6_7_p": 1134251, "ndpet6_7_r": 455189, "ndpet6_7_c": 4048, "ndpet6_7_u": "300", "ndpet7_8_p": 1264009, "ndpet7_8_r": 507934, "ndpet7_8_c": 4499, "ndpet7_8_u": "388", "ndpet8_9_p": 1876093, "ndpet8_9_r": 830486, "ndpet8_9_c": 12830, "ndpet8_9_u": "1468", "ndpet9_1_p": 638111, "ndpet9_1_r": 298881, "ndpet9_1_c": "5593", "ndpet9_1_u": "810", "totl_ps": 17139256, "ttl_rgn": 6379274, "ttl_cmn": 53922, "totl_uv": "4617", "area_m2": 3172857.5654129349, "perimeter_m": 7560.1748907524752, "centroide_x": 356443.42271954578, "centroide_y": 6298835.6324458783, "crs_original": "EPSG:4326", "fecha_normalizacion": "2025-10-10 01:59:26" }, "geometry": { "type": "Polygon", "coordinates": [ [ [ 356919.963784996478353, 6299936.126745043322444 ], [ 356926.067469342553522, 6299900.726518981158733 ], [ 356934.0959627693519, 6299860.918457603082061 ], [ 356946.904492993373424, 6299812.308593669906259 ], [ 356958.619053611648269, 6299774.77323087118566 ], [ 356972.685510766226798, 6299736.345459131523967 ], [ 356982.42275662405882, 6299713.373456066474319 ], [ 356994.34736211784184, 6299685.466561235487461 ], [ 357014.494508761796169, 6299643.619586307555437 ], [ 357025.032848454080522, 6299622.703010613098741 ], [ 357026.201453177724034, 6299604.489667221903801 ], [ 357026.241445903317071, 6299603.866572530940175 ], [ 357031.070323898515198, 6299591.738171705976129 ], [ 357043.533658113330603, 6299566.413633574731648 ], [ 357072.928076207870618, 6299528.030623003840446 ], [ 357082.42174854746554, 6299514.862055838108063 ], [ 357088.180163484881632, 6299502.747376402840018 ], [ 357091.149630146799609, 6299490.591453770175576 ], [ 357094.299366903374903, 6299466.238263113424182 ], [ 357095.720982089289464, 6299432.986875206232071 ], [ 357094.517485048796516, 6299388.605963657610118 ], [ 357096.606390783679672, 6299373.109726940281689 ], [ 357099.608526386669837, 6299358.736123973503709 ], [ 357105.317735964723397, 6299349.947900801897049 ], [ 357107.390225054346956, 6299335.56044989079237 ], [ 357106.804904703982174, 6299312.26115544885397 ], [ 357108.128028190112673, 6299285.662887595593929 ], [ 357111.163003757188562, 6299269.071506060659885 ], [ 357121.995873256819323, 6299228.195748491212726 ], [ 357130.789015643065795, 6299199.489760227501392 ], [ 357142.30555151385488, 6299175.260249203070998 ], [ 357167.24693159153685, 6299123.502207387238741 ], [ 357173.283739325823262, 6299092.537183784879744 ], [ 357181.097860848938581, 6299067.143878012895584 ], [ 357194.571741332998499, 6299036.288760554045439 ], [ 357201.292222242569551, 6299021.970082882791758 ], [ 357207.947140908741858, 6299012.08675404638052 ], [ 357213.639679868880194, 6299004.407261217013001 ], [ 357221.257023771351669, 6298992.31998510658741 ], [ 357242.364353708457202, 6298948.26863663457334 ], [ 357256.685577696072869, 6298922.971414968371391 ], [ 357265.362729984801263, 6298920.070635281503201 ], [ 357274.513730449660216, 6298916.804012033157051 ], [ 357284.738298844604287, 6298912.294992961920798 ], [ 357299.727015942393336, 6298904.752854842692614 ], [ 357362.584981777472422, 6298866.863228913396597 ], [ 357391.763383331359364, 6298842.894170649349689 ], [ 357397.504774602479301, 6298831.88811145350337 ], [ 357401.436004446237348, 6298817.528145154938102 ], [ 357405.124958373955451, 6298756.583253836259246 ], [ 357380.712832958146464, 6298709.641681876964867 ], [ 357369.852148567442782, 6298689.517918653786182 ], [ 357362.611718569183722, 6298676.102068549022079 ], [ 357360.948946559801698, 6298662.768558768555522 ], [ 357343.76126866939012, 6298630.351515913382173 ], [ 357324.747177387587726, 6298595.689302965067327 ], [ 357312.744301642640494, 6298589.96668993961066 ], [ 357281.060129504767247, 6298531.826500510796905 ], [ 357248.446724038454704, 6298473.672553004696965 ], [ 357235.776671524392441, 6298450.194676274433732 ], [ 357208.593818978697527, 6298402.10249363258481 ], [ 357183.23761766764801, 6298356.255385491997004 ], [ 357173.291000094497576, 6298337.253996047191322 ], [ 357158.811282179725822, 6298310.421945116482675 ], [ 357136.178733159555122, 6298269.051284861750901 ], [ 357101.757327583327424, 6298207.54269814491272 ], [ 357097.24069477757439, 6298198.603225266560912 ], [ 357089.968236101442017, 6298187.404815847054124 ], [ 357070.059299612243194, 6298150.510588321834803 ], [ 357044.688146711327136, 6298105.771946689113975 ], [ 357022.089433105662465, 6298062.18329397123307 ], [ 356998.544931380078197, 6298019.689607442356646 ], [ 356969.571168084046803, 6297967.1337572298944 ], [ 356953.266469125170261, 6297938.056237491779029 ], [ 356939.701085776672699, 6297912.346357894130051 ], [ 356931.499547873914707, 6297901.134044507518411 ], [ 356910.662370615231339, 6297864.225665400736034 ], [ 356896.217009829706512, 6297835.175572261214256 ], [ 356880.842258385266177, 6297806.111581116914749 ], [ 356876.293174589867704, 6297799.389668267220259 ], [ 356865.418223118409514, 6297780.374132543802261 ], [ 356857.39765379531309, 6297756.964546559378505 ], [ 356843.454885988263413, 6297756.757902964018285 ], [ 356740.360442121746019, 6297749.683855630457401 ], [ 356742.361219266371336, 6297614.792526578530669 ], [ 356733.267702450975776, 6297615.9361383151263 ], [ 356687.437190236581955, 6297621.700351605191827 ], [ 356672.505856285744812, 6297623.350648844614625 ], [ 356644.571228553482797, 6297626.263367986306548 ], [ 356583.108474389067851, 6297633.114446148276329 ], [ 356533.745678635721561, 6297639.035844058729708 ], [ 356529.618114358687308, 6297639.520621528849006 ], [ 356366.104237176361494, 6297658.725954859517515 ], [ 356343.762944461894222, 6297660.611856245435774 ], [ 356310.234571426233742, 6297664.549455561675131 ], [ 356285.088166296947747, 6297667.502527870237827 ], [ 356264.556434457772411, 6297672.742487516254187 ], [ 356232.870415662182495, 6297677.816277932375669 ], [ 356208.719532266608439, 6297676.347619723528624 ], [ 356182.742727649572771, 6297672.633635245263577 ], [ 356161.413470113417134, 6297668.988795173354447 ], [ 356133.577586917555891, 6297665.246890222653747 ], [ 356097.409178359783255, 6297659.162680992856622 ], [ 356065.871809477219358, 6297654.256388948298991 ], [ 356039.911629134556279, 6297649.433123605325818 ], [ 356021.370959452469833, 6297645.829433904029429 ], [ 356008.390844265464693, 6297643.417748857289553 ], [ 355956.453985681815539, 6297634.879726252518594 ], [ 355908.169080418883823, 6297630.832164808176458 ], [ 355876.598777573322877, 6297628.142935061827302 ], [ 355857.112175854388624, 6297625.633949967101216 ], [ 355834.300864486023784, 6297620.74361040815711 ], [ 355818.188572464627214, 6297617.289378998801112 ], [ 355817.043911130051129, 6297631.690418575890362 ], [ 355812.580950607953127, 6297681.532817179337144 ], [ 355809.563167266431265, 6297759.123997332528234 ], [ 355808.437543859879952, 6297834.525335790589452 ], [ 355807.940953252022155, 6297867.790530008263886 ], [ 355805.403206268965732, 6297913.225293593481183 ], [ 355803.943926978681702, 6297948.694393146783113 ], [ 355801.373058361932635, 6297996.346837637014687 ], [ 355798.570438694499899, 6298059.522979166358709 ], [ 355798.371803125366569, 6298072.829093050211668 ], [ 355795.072587325703353, 6298169.270608892664313 ], [ 355792.750063010491431, 6298200.290351564064622 ], [ 355785.945089342130814, 6298220.152379754930735 ], [ 355781.148301804903895, 6298230.062526924535632 ], [ 355750.425189834204502, 6298295.040061891078949 ], [ 355729.262461169448216, 6298342.414853355847299 ], [ 355722.440797993214801, 6298363.385634595528245 ], [ 355682.106306630535983, 6298449.292095949873328 ], [ 355652.294983204221353, 6298515.392124312929809 ], [ 355641.721517463040072, 6298538.524981375783682 ], [ 355631.181142834888306, 6298559.440142959356308 ], [ 355620.624070172838401, 6298581.464185016229749 ], [ 355618.566014436015394, 6298594.742510056123137 ], [ 355620.309233204578049, 6298602.532140983268619 ], [ 355622.932393032475375, 6298613.662240693345666 ], [ 355644.315112360694911, 6298676.090679787099361 ], [ 355655.836889360973146, 6298713.971868151798844 ], [ 355677.236643259704579, 6298775.291418473236263 ], [ 355682.549385073711164, 6298793.116103855893016 ], [ 355694.203963572625071, 6298822.126495250500739 ], [ 355703.966155171394348, 6298853.326785568147898 ], [ 355717.331044967984781, 6298892.344431979581714 ], [ 355725.366658021695912, 6298914.646197356283665 ], [ 355753.79068440280389, 6299003.797558683902025 ], [ 355794.002956261741929, 6299113.08821377903223 ], [ 355817.082033543265425, 6299186.632308479398489 ], [ 355821.548316202242859, 6299198.898963230662048 ], [ 355840.260742165206466, 6299253.523382592946291 ], [ 355848.280364248959813, 6299276.933804038912058 ], [ 355851.850186546798795, 6299286.968791947700083 ], [ 355854.506841727998108, 6299295.881119545549154 ], [ 355878.615836977376603, 6299362.785841126926243 ], [ 355896.316476591338869, 6299422.940503436140716 ], [ 355839.738192163989879, 6299413.223994058556855 ], [ 355820.280970555613749, 6299408.497380962595344 ], [ 355795.22920924727805, 6299404.796287391334772 ], [ 355772.020279705408029, 6299402.231768375262618 ], [ 355753.426628667337354, 6299401.954257655888796 ], [ 355745.922962485463358, 6299406.278606919571757 ], [ 355742.071816095383838, 6299415.093824788928032 ], [ 355740.877344503067434, 6299432.821401858702302 ], [ 355742.838791933027096, 6299488.304974342696369 ], [ 355744.816915953299031, 6299542.679751679301262 ], [ 355745.051447811652906, 6299589.264934968203306 ], [ 355746.731745370372664, 6299663.598732301965356 ], [ 355747.098723360104486, 6299701.31318362057209 ], [ 355748.345823670329992, 6299742.367980526760221 ], [ 355750.655096704722382, 6299774.565928118303418 ], [ 355756.799028919427656, 6299799.057539787143469 ], [ 355757.133075147867203, 6299838.989563828334212 ], [ 355758.446460991632193, 6299875.609088432043791 ], [ 355759.111394591862336, 6299893.364304481074214 ], [ 355759.577852078247815, 6299924.42570183891803 ], [ 355830.121686992293689, 6299933.241704057902098 ], [ 355884.876636458560824, 6299940.712755477055907 ], [ 355937.75574315659469, 6299949.264671012759209 ], [ 355991.564624525082763, 6299957.830045438371599 ], [ 356048.179349259589799, 6299965.327867198735476 ], [ 356087.145706758485176, 6299971.453475672751665 ], [ 356121.47988502739463, 6299976.400940934196115 ], [ 356145.603445378888864, 6299980.087293909862638 ], [ 356205.920831629773602, 6299988.748318683356047 ], [ 356209.737911292351782, 6299989.363857846707106 ], [ 356225.494557596510276, 6299991.904877621680498 ], [ 356251.378986334544607, 6299996.078960884362459 ], [ 356276.432409984874539, 6299999.778811108320951 ], [ 356306.118101652478799, 6300004.656492722220719 ], [ 356353.45225861488143, 6300010.90540240239352 ], [ 356405.402344614674803, 6300019.440816570073366 ], [ 356456.422725290060043, 6300027.962240814231336 ], [ 356502.82744272594573, 6300034.19660697504878 ], [ 356699.521186841651797, 6300064.841662203893065 ], [ 356718.083180251996964, 6300067.334884537383914 ], [ 356733.839472457533702, 6300070.895718244835734 ], [ 356809.930620776955038, 6300082.004857197403908 ], [ 356847.054631477571093, 6300086.991035910323262 ], [ 356869.319167627254501, 6300090.648025866597891 ], [ 356897.525645255111158, 6300096.026603856123984 ], [ 356900.84842752572149, 6300096.660182101652026 ], [ 356919.410514000337571, 6300099.153113728389144 ], [ 356918.884564892330673, 6300094.671604692935944 ], [ 356914.455753140384331, 6300056.934823026880622 ], [ 356914.116867581673432, 6300017.00291501916945 ], [ 356915.637545644189231, 6299977.098631201311946 ], [ 356919.963784996478353, 6299936.126745043322444 ] ] ] } },
{ "type": "Feature", "properties": { "OBJECTID": 4626, "objectd": 4614, "cod_rgn": "13", "cd_prvn": "131", "cod_cmn": "13113", "nmbr_rg": "Metropolitana de Santiago", "nmbr_pr": "Santiago", "nmbr_cm": "La Reina", "id_v_rs": "131135599", "uv_cart": "14", "uv_nmbr": "14", "prd_ndc": 20240601, "ndpet0_4_p": 9608035, "ndpet0_4_r": 3282568, "ndpet0_4_c": 19102, "ndpet0_4_u": "560", "ndpet4_5_p": 1459190, "ndpet4_5_r": 552537, "ndpet4_5_c": 4282, "ndpet4_5_u": "139", "ndpet5_6_p": 1159567, "ndpet5_6_r": 451679, "ndpet5_6_c": 3568, "ndpet5_6_u": "99", "ndpet6_7_p": 1134251, "ndpet6_7_r": 455189, "ndpet6_7_c": 4048, "ndpet6_7_u": "123", "ndpet7_8_p": 1264009, "ndpet7_8_r": 507934, "ndpet7_8_c": 4499, "ndpet7_8_u": "141", "ndpet8_9_p": 1876093, "ndpet8_9_r": 830486, "ndpet8_9_c": 12830, "ndpet8_9_u": "786", "ndpet9_1_p": 638111, "ndpet9_1_r": 298881, "ndpet9_1_c": "5593", "ndpet9_1_u": "626", "totl_ps": 17139256, "ttl_rgn": 6379274, "ttl_cmn": 53922, "totl_uv": "2474", "area_m2": 9319510.0621693358, "perimeter_m": 13751.917429833895, "centroide_x": 359252.20779495267, "centroide_y": 6298057.2000488862, "crs_original": "EPSG:4326", "fecha_normalizacion": "2025-10-10 01:59:26" }, "geometry": { "type": "Polygon", "coordinates": [ [ [ 358453.513066887739114, 6299806.91277997661382 ], [ 358536.108339094440453, 6299750.300364727154374 ], [ 358561.421328464930411, 6299736.252940787933767 ], [ 358590.420612286427058, 6299724.477531535550952 ], [ 358634.343726904247887, 6299709.593068577349186 ], [ 358714.865393331740052, 6299671.953046625480056 ], [ 358746.71823773230426, 6299655.782616805285215 ], [ 358756.12855929043144, 6299648.156599793583155 ], [ 358761.836370207136497, 6299639.367447083815932 ], [ 358764.787536350486334, 6299628.319866491481662 ], [ 358765.07920375460526, 6299608.360954828560352 ], [ 358786.737515972170513, 6299589.823181452229619 ], [ 358810.543772873235866, 6299571.652271317318082 ], [ 358830.935027837811504, 6299556.087727837264538 ], [ 358831.647998775646556, 6299555.379807114601135 ], [ 358841.975238311220892, 6299555.921833923086524 ], [ 358846.955980233848095, 6299553.429240673780441 ], [ 358848.812513000855688, 6299552.500038570724428 ], [ 358918.000027779839002, 6299509.000057896599174 ], [ 358941.578512600739487, 6299495.861043308861554 ], [ 359008.38582496996969, 6299460.188091389834881 ], [ 359009.172009602363687, 6299459.768281068652868 ], [ 359049.031305904500186, 6299440.000155638903379 ], [ 359139.968736071605235, 6299414.50012518465519 ], [ 359334.623239737353288, 6299405.655524648725986 ], [ 359547.124928799574263, 6299396.000096444040537 ], [ 359600.305043974367436, 6299390.881664536893368 ], [ 359656.218832511804067, 6299385.500129286199808 ], [ 359754.616818042122759, 6299347.711986320093274 ], [ 359778.710681787924841, 6299338.459188295528293 ], [ 359779.906311998027377, 6299338.000075841322541 ], [ 359851.770248190499842, 6299288.046780578792095 ], [ 359900.031314654916059, 6299254.500153030268848 ], [ 360118.437517472892068, 6299116.500118928030133 ], [ 360161.511621846759226, 6299076.331607673317194 ], [ 360224.062444749637507, 6299018.000076791271567 ], [ 360252.773773701861501, 6298989.570226104930043 ], [ 360275.062552900984883, 6298967.500032860785723 ], [ 360351.625012385018636, 6298858.500047832727432 ], [ 360471.937477465602569, 6298669.500114211812615 ], [ 360475.922626159270294, 6298653.55970922857523 ], [ 360482.937480984255672, 6298625.5001150816679 ], [ 360504.843851447280031, 6298571.000125949271023 ], [ 360533.999948705197312, 6298531.000079473480582 ], [ 360564.086564422701485, 6298503.964468866586685 ], [ 360574.062535680248402, 6298495.000156765803695 ], [ 360625.385020727175288, 6298462.307441807352006 ], [ 360654.124976971652359, 6298444.000066041946411 ], [ 360730.593753261433449, 6298378.500062825158238 ], [ 360757.878947202756535, 6298349.146235063672066 ], [ 360774.28125909587834, 6298331.500103378668427 ], [ 360784.199514988460578, 6298314.950907081365585 ], [ 360796.156281253206544, 6298295.000111158937216 ], [ 360814.410382229485549, 6298251.496408023871481 ], [ 360819.453306283918209, 6298247.081153064034879 ], [ 360843.460713607259095, 6298226.061853509396315 ], [ 360843.531336758111138, 6298226.00013424269855 ], [ 360870.76983300189022, 6298212.439312171190977 ], [ 360872.656310250633396, 6298211.500098776072264 ], [ 360909.031357106869109, 6298186.00009430013597 ], [ 360919.443999385344796, 6298170.529800313524902 ], [ 360930.906332522456069, 6298153.500109203159809 ], [ 360934.625011076452211, 6298110.000081879086792 ], [ 360934.625282528810203, 6298109.806988708674908 ], [ 360934.687488325871527, 6298070.000062965787947 ], [ 360925.805363321793266, 6298028.549905382096767 ], [ 360916.687486948037986, 6297986.000093756243587 ], [ 360909.53134130302351, 6297917.000068560242653 ], [ 360908.412257119896822, 6297898.61947619728744 ], [ 360905.999970946577378, 6297859.000017918646336 ], [ 360902.437530937953852, 6297819.000039936974645 ], [ 360902.513077255804092, 6297783.953188572078943 ], [ 360902.531353392172605, 6297775.50245687738061 ], [ 360903.010414248332381, 6297774.470760328695178 ], [ 360924.406311870145146, 6297728.500071562826633 ], [ 360953.562534865923226, 6297688.500110067427158 ], [ 360980.569014781038277, 6297669.295493822544813 ], [ 361015.437487611081451, 6297644.500100158154964 ], [ 361067.576449998246972, 6297600.695095736533403 ], [ 361110.062472781923134, 6297565.000031100586057 ], [ 361179.249978799605742, 6297481.50005560554564 ], [ 361207.777522185526323, 6297447.481355058029294 ], [ 361237.53132456028834, 6297412.000053238123655 ], [ 361278.470850160694681, 6297384.988405220210552 ], [ 361292.093785811914131, 6297376.000006267800927 ], [ 361328.499997892242391, 6297347.000055590644479 ], [ 361375.812509505078197, 6297307.000106292776763 ], [ 361408.562571194022894, 6297281.500134220346808 ], [ 361415.323572312598117, 6297277.411068980582058 ], [ 361444.937446064199321, 6297259.500082468613982 ], [ 361495.875059337588027, 6297230.500064494088292 ], [ 361506.555745105724782, 6297219.938569584861398 ], [ 361532.281310855294578, 6297194.500035810284317 ], [ 361534.550103236688301, 6297174.02201901935041 ], [ 361535.937486954499036, 6297161.50009663682431 ], [ 361554.187449547403958, 6297121.500086623243988 ], [ 361579.687461482302751, 6297092.500080206431448 ], [ 361597.906273116939701, 6297056.000028824433684 ], [ 361601.923695404315367, 6297034.299115259200335 ], [ 361605.218779639108106, 6297016.500051692128181 ], [ 361605.219153212849051, 6297016.333989838138223 ], [ 361605.3151415057946, 6296961.991889147087932 ], [ 361613.062620983691886, 6296938.633689832873642 ], [ 361619.906320922600571, 6296918.000098705291748 ], [ 361639.123958753771149, 6296895.801463485695422 ], [ 361663.624965908820741, 6296867.500091770663857 ], [ 361702.991225261532236, 6296815.913135565817356 ], [ 361710.937443914823234, 6296805.500084036029875 ], [ 361714.941811443306506, 6296788.342004474252462 ], [ 361721.90629551501479, 6296758.500085614621639 ], [ 361736.499918294488452, 6296722.000153567641973 ], [ 361758.374972874356899, 6296693.000085951760411 ], [ 361768.166004095342942, 6296681.156703816726804 ], [ 361776.562491484102793, 6296671.000099530443549 ], [ 361791.156345418537967, 6296627.500144292600453 ], [ 361793.396784513257444, 6296592.555480019189417 ], [ 361794.16632120590657, 6296580.553905337117612 ], [ 361794.874972744844854, 6296569.500086421146989 ], [ 361053.855043658986688, 6296604.36558592133224 ], [ 359849.756233727675863, 6296660.897938107140362 ], [ 359828.598470944329165, 6296661.889918418601155 ], [ 359720.507785710156895, 6296666.957316533662379 ], [ 359720.557202228053939, 6296667.01428847014904 ], [ 359604.198719466745388, 6296671.474524191580713 ], [ 359562.010508510051295, 6296673.091075580567122 ], [ 359528.577366978977807, 6296674.372026379220188 ], [ 359476.136623357189819, 6296676.381825644522905 ], [ 359470.886542992084287, 6296676.582892067730427 ], [ 359454.528265775530599, 6296677.209140487015247 ], [ 359450.130055859335698, 6296677.377513049170375 ], [ 359445.48157036898192, 6296677.555505786091089 ], [ 359439.906190129171591, 6296677.768376868218184 ], [ 359437.890501322457567, 6296677.847151296213269 ], [ 359404.405524444999173, 6296679.129911717958748 ], [ 359284.229116145055741, 6296683.732488824985921 ], [ 359283.785195688949898, 6296683.749458186328411 ], [ 359201.898268300225027, 6296686.884834444150329 ], [ 359165.208874486444984, 6296688.289399992674589 ], [ 359164.156997790560126, 6296688.329612554050982 ], [ 359135.162733701057732, 6296689.439363392069936 ], [ 359135.127014307072386, 6296689.440837079659104 ], [ 359134.788824442599434, 6296689.453756678849459 ], [ 359134.310271782567725, 6296689.472109016962349 ], [ 359134.267361259786412, 6296689.473677273839712 ], [ 359134.22235678974539, 6296689.475514195859432 ], [ 359133.472114323754795, 6296689.504265336319804 ], [ 359133.381105265172664, 6296689.507725102826953 ], [ 359050.418972055544145, 6296692.682788528501987 ], [ 359043.565407264512032, 6296692.944895567372441 ], [ 359036.290669383481145, 6296693.223290495574474 ], [ 359018.619766166899353, 6296693.899458473548293 ], [ 359007.469423643196933, 6296694.326208988204598 ], [ 359000.44562781136483, 6296694.594975911080837 ], [ 358999.090855594025925, 6296694.646905297413468 ], [ 358989.756521244649775, 6296695.004005126655102 ], [ 358987.472919289721176, 6296695.091240830719471 ], [ 358931.461361191933975, 6296697.234255061484873 ], [ 358859.648953550495207, 6296699.981413739733398 ], [ 358832.731236342573538, 6296701.010900098830462 ], [ 358767.856731877080165, 6296703.491966355592012 ], [ 358704.922991648782045, 6296705.898466090671718 ], [ 358683.598816786310636, 6296706.713759887963533 ], [ 358681.851309474324808, 6296706.780543252825737 ], [ 358667.135540455055889, 6296707.76104530878365 ], [ 358662.898468280327506, 6296708.043429451063275 ], [ 358657.766611602157354, 6296711.00364057533443 ], [ 358650.282682398566976, 6296714.221359137445688 ], [ 358641.86920934508089, 6296717.425363328307867 ], [ 358632.542591566685587, 6296719.506964078173041 ], [ 358611.133613436715677, 6296721.411632005125284 ], [ 358606.724897237727419, 6296721.545556431636214 ], [ 358582.442879045847803, 6296722.282603173516691 ], [ 358561.842243217397481, 6296722.907847141847014 ], [ 358454.878293648012914, 6296726.885788256302476 ], [ 358363.697896721074358, 6296732.203125383704901 ], [ 358300.432523285096977, 6296735.711168570443988 ], [ 358236.237707573221996, 6296739.205153331160545 ], [ 358192.049818609142676, 6296741.328884888440371 ], [ 358147.861564650665969, 6296743.452509744092822 ], [ 358092.977084916317835, 6296745.973198445513844 ], [ 358024.118612972670235, 6296750.50636650249362 ], [ 357873.389508016349282, 6296759.379610410891473 ], [ 357861.29075035022106, 6296760.310540029779077 ], [ 357851.067073036101647, 6296760.160029479302466 ], [ 357856.333444996911567, 6296781.310142712667584 ], [ 357861.599844280164689, 6296802.460151936858892 ], [ 357863.230173462536186, 6296818.01127902790904 ], [ 357863.751489620073698, 6296845.745915113016963 ], [ 357861.54985013732221, 6296869.004144914448261 ], [ 357857.211840948788449, 6296911.085341172292829 ], [ 357853.640056244214065, 6296964.268517658114433 ], [ 357850.296694415388629, 6297001.927929582074285 ], [ 357847.752300416119397, 6297048.471842631697655 ], [ 357848.338919557922054, 6297071.771112062036991 ], [ 357851.811882838490419, 6297088.458488584496081 ], [ 357860.486193787946831, 6297130.731116415001452 ], [ 357863.926564918423537, 6297149.636065432801843 ], [ 357863.747033298248425, 6297161.83335193246603 ], [ 357863.649107581528369, 6297168.486390005797148 ], [ 357861.529049765318632, 6297186.200363419950008 ], [ 357860.158874266315252, 6297216.125401861965656 ], [ 357861.821956288535148, 6297229.458738805726171 ], [ 357865.31133763154503, 6297245.037214607000351 ], [ 357869.779201552039012, 6297257.302900161594152 ], [ 357873.366525536810514, 6297266.228234981186688 ], [ 357893.211060406465549, 6297307.556168272159994 ], [ 357914.735358684381936, 6297361.10868626460433 ], [ 357921.779677011130843, 6297387.830225980840623 ], [ 357929.622986933332868, 6297423.436044643633068 ], [ 357933.797425641678274, 6297455.660695822909474 ], [ 357934.270160851650871, 6297486.721861737780273 ], [ 357948.243695720215328, 6297484.969870204105973 ], [ 357962.060755040613003, 6297483.521664937958121 ], [ 357960.344835751398932, 6297483.778099294751883 ], [ 357961.404738033073954, 6297538.138497829437256 ], [ 357962.138502018642612, 6297551.45823382306844 ], [ 357979.538167930673808, 6297632.676795333623886 ], [ 357987.414552188012749, 6297666.064863462001085 ], [ 357986.273132758098654, 6297680.466149000450969 ], [ 357984.267376629286446, 6297690.418312147259712 ], [ 357977.516272064880468, 6297706.95516839902848 ], [ 357961.11118041863665, 6297747.74977813847363 ], [ 357958.828174849040806, 6297776.552241656929255 ], [ 357966.003586785751395, 6297857.620421918109059 ], [ 357965.547040670993738, 6297888.667796638794243 ], [ 357961.193006113404408, 6297931.857766684144735 ], [ 357954.22965496161487, 6297962.809554260224104 ], [ 357939.552802547405008, 6298012.502175880596042 ], [ 357913.346123593626544, 6298087.533936126157641 ], [ 357906.578265976626426, 6298105.179633602499962 ], [ 357901.767441394098569, 6298116.199647147208452 ], [ 357895.097500791947823, 6298127.192309616133571 ], [ 357886.649919278221205, 6298132.613375579938293 ], [ 357876.3759319067467, 6298135.78940693475306 ], [ 357863.345862851594575, 6298136.706818073987961 ], [ 357852.125948772358242, 6298140.978033926337957 ], [ 357837.106213364517316, 6298150.738658919930458 ], [ 357806.022880392614752, 6298178.008076934143901 ], [ 357784.300275315064937, 6298200.979000311344862 ], [ 357767.323297481634654, 6298217.365181280300021 ], [ 357760.734771928167902, 6298222.813515614718199 ], [ 357748.536202678107657, 6298230.397493815980852 ], [ 357738.212988496001344, 6298236.899946475401521 ], [ 357728.754045018926263, 6298247.851432596333325 ], [ 357725.009358013165183, 6298254.325978150591254 ], [ 357718.055239796172827, 6298263.508121123537421 ], [ 357716.408435121411458, 6298265.414767386391759 ], [ 357693.576138430507854, 6298300.568977942690253 ], [ 357673.837302923493553, 6298318.999126774258912 ], [ 357665.297020374331623, 6298326.77025879919529 ], [ 357653.880730879376642, 6298344.347313987091184 ], [ 357649.802980268141255, 6298368.686868466436863 ], [ 357642.153949539700989, 6298382.992234722711146 ], [ 357628.79669252311578, 6298406.086008099839091 ], [ 357614.509833264630288, 6298429.166064534336329 ], [ 357604.85444783733692, 6298453.423496977426112 ], [ 357598.069543169287499, 6298472.177786387503147 ], [ 357578.987416331539862, 6298505.168876972049475 ], [ 357564.651261074584909, 6298531.575330294668674 ], [ 357552.337626167805865, 6298546.920892587862909 ], [ 357533.353397014783695, 6298573.258871406316757 ], [ 357503.132017896394245, 6298604.97643375210464 ], [ 357489.904992072377354, 6298619.19932312425226 ], [ 357478.618917676038109, 6298627.905480007641017 ], [ 357465.391823468555231, 6298642.128437368199229 ], [ 357438.106126099009998, 6298663.90735549479723 ], [ 357416.299770319717936, 6298692.421643922105432 ], [ 357405.632264411193319, 6298722.209317444823682 ], [ 357405.124958373955451, 6298756.583253836259246 ], [ 357401.436004446237348, 6298817.528145154938102 ], [ 357397.504774602479301, 6298831.88811145350337 ], [ 357391.763383331359364, 6298842.894170649349689 ], [ 357362.584981777472422, 6298866.863228913396597 ], [ 357299.727015942393336, 6298904.752854842692614 ], [ 357284.738298844604287, 6298912.294992961920798 ], [ 357274.513730449660216, 6298916.804012033157051 ], [ 357265.362729984801263, 6298920.070635281503201 ], [ 357256.685577696072869, 6298922.971414968371391 ], [ 357242.364353708457202, 6298948.26863663457334 ], [ 357221.257023771351669, 6298992.31998510658741 ], [ 357213.639679868880194, 6299004.407261217013001 ], [ 357207.947140908741858, 6299012.08675404638052 ], [ 357201.292222242569551, 6299021.970082882791758 ], [ 357194.571741332998499, 6299036.288760554045439 ], [ 357181.097860848938581, 6299067.143878012895584 ], [ 357173.283739325823262, 6299092.537183784879744 ], [ 357167.24693159153685, 6299123.502207387238741 ], [ 357142.30555151385488, 6299175.260249203070998 ], [ 357130.789015643065795, 6299199.489760227501392 ], [ 357121.995873256819323, 6299228.195748491212726 ], [ 357111.163003757188562, 6299269.071506060659885 ], [ 357108.128028190112673, 6299285.662887595593929 ], [ 357106.804904703982174, 6299312.26115544885397 ], [ 357107.390225054346956, 6299335.56044989079237 ], [ 357105.317735964723397, 6299349.947900801897049 ], [ 357099.608526386669837, 6299358.736123973503709 ], [ 357096.606390783679672, 6299373.109726940281689 ], [ 357094.517485048796516, 6299388.605963657610118 ], [ 357095.720982089289464, 6299432.986875206232071 ], [ 357094.299366903374903, 6299466.238263113424182 ], [ 357091.149630146799609, 6299490.591453770175576 ], [ 357088.180163484881632, 6299502.747376402840018 ], [ 357082.42174854746554, 6299514.862055838108063 ], [ 357072.928076207870618, 6299528.030623003840446 ], [ 357043.533658113330603, 6299566.413633574731648 ], [ 357031.070323898515198, 6299591.738171705976129 ], [ 357026.241445903317071, 6299603.866572530940175 ], [ 357034.90776308340719, 6299605.23805527202785 ], [ 357049.434647318557836, 6299607.536839835345745 ], [ 357090.242901745950803, 6299614.794824358075857 ], [ 357212.684532371524256, 6299635.458946513012052 ], [ 357526.44683381007053, 6299686.843640945851803 ], [ 357532.264868643251248, 6299687.796358283609152 ], [ 357532.727804755908437, 6299687.872203440405428 ], [ 357685.818555227247998, 6299711.200029263272882 ], [ 357835.174871884402819, 6299735.579592717811465 ], [ 357916.809767049271613, 6299748.979790961369872 ], [ 357926.090473321266472, 6299750.225242467597127 ], [ 358012.357883587479591, 6299764.801840879023075 ], [ 358063.377824321272783, 6299773.314785098657012 ], [ 358103.322784182790201, 6299776.119449727237225 ], [ 358134.67980973131489, 6299784.924712374806404 ], [ 358136.662175593839493, 6299785.481340838596225 ], [ 358145.704009104403667, 6299786.948687417432666 ], [ 358179.609410535835195, 6299792.450465742498636 ], [ 358203.259581510908902, 6299796.288004307076335 ], [ 358211.806025346159004, 6299797.674710577353835 ], [ 358235.929760638508014, 6299801.355838552117348 ], [ 358235.891856948030181, 6299800.838323457166553 ], [ 358235.476324239978567, 6299795.163731218315661 ], [ 358360.340470319555607, 6299815.499431755393744 ], [ 358421.463401574408635, 6299825.453445434570312 ], [ 358429.963402451132424, 6299823.053997669368982 ], [ 358453.513066887739114, 6299806.91277997661382 ] ] ] } },
{ "type": "Feature", "properties": { "OBJECTID": 4627, "objectd": 4615, "cod_rgn": "13", "cd_prvn": "131", "cod_cmn": "13113", "nmbr_rg": "Metropolitana de Santiago", "nmbr_pr": "Santiago", "nmbr_cm": "La Reina", "id_v_rs": "131135600", "uv_cart": "13", "uv_nmbr": "13", "prd_ndc": 20240601, "ndpet0_4_p": 9608035, "ndpet0_4_r": 3282568, "ndpet0_4_c": 19102, "ndpet0_4_u": "9867", "ndpet4_5_p": 1459190, "ndpet4_5_r": 552537, "ndpet4_5_c": 4282, "ndpet4_5_u": "1885", "ndpet5_6_p": 1159567, "ndpet5_6_r": 451679, "ndpet5_6_c": 3568, "ndpet5_6_u": "1520", "ndpet6_7_p": 1134251, "ndpet6_7_r": 455189, "ndpet6_7_c": 4048, "ndpet6_7_u": "1471", "ndpet7_8_p": 1264009, "ndpet7_8_r": 507934, "ndpet7_8_c": 4499, "ndpet7_8_u": "1572", "ndpet8_9_p": 1876093, "ndpet8_9_r": 830486, "ndpet8_9_c": 12830, "ndpet8_9_u": "1681", "ndpet9_1_p": 638111, "ndpet9_1_r": 298881, "ndpet9_1_c": "5593", "ndpet9_1_u": "398", "totl_ps": 17139256, "ttl_rgn": 6379274, "ttl_cmn": 53922, "totl_uv": "18394", "area_m2": 1981589.6990673828, "perimeter_m": 5861.3745313384079, "centroide_x": 357109.75340110343, "centroide_y": 6296884.0109560983, "crs_original": "EPSG:4326", "fecha_normalizacion": "2025-10-10 01:59:26" }, "geometry": { "type": "Polygon", "coordinates": [ [ [ 356742.361219266371336, 6297614.792526578530669 ], [ 356760.339920222759247, 6297612.531213002279401 ], [ 356770.301428013248369, 6297611.49241079390049 ], [ 356860.627801263006404, 6297601.74066954664886 ], [ 356872.727848239126615, 6297600.810956795699894 ], [ 356895.068756708118599, 6297598.923839035443962 ], [ 356921.14418515318539, 6297595.982860928401351 ], [ 356962.108086844789796, 6297592.153390117920935 ], [ 357012.383321721223183, 6297587.352371933870018 ], [ 357044.035603441123385, 6297584.493728771805763 ], [ 357085.945253827376291, 6297579.568503445014358 ], [ 357191.159288066788577, 6297568.924957977607846 ], [ 357220.952511279378086, 6297566.038152073509991 ], [ 357284.256807152414694, 6297560.319306291639805 ], [ 357368.026372585911304, 6297553.793276239186525 ], [ 357469.521675398224033, 6297543.091809564270079 ], [ 357541.207469239307102, 6297536.385854056105018 ], [ 357651.067730409733485, 6297525.805883156135678 ], [ 357707.881285174924415, 6297518.879587775096297 ], [ 357754.421271952451207, 6297515.12884334102273 ], [ 357804.71192256687209, 6297509.214940239675343 ], [ 357818.784879512619227, 6297500.549494029954076 ], [ 357876.527570450445637, 6297493.635799227282405 ], [ 357909.125001430104021, 6297489.679130513221025 ], [ 357934.270160851650871, 6297486.721861737780273 ], [ 357933.797425641678274, 6297455.660695822909474 ], [ 357929.622986933332868, 6297423.436044643633068 ], [ 357921.779677011130843, 6297387.830225980840623 ], [ 357914.735358684381936, 6297361.10868626460433 ], [ 357893.211060406465549, 6297307.556168272159994 ], [ 357873.366525536810514, 6297266.228234981186688 ], [ 357869.779201552039012, 6297257.302900161594152 ], [ 357865.31133763154503, 6297245.037214607000351 ], [ 357861.821956288535148, 6297229.458738805726171 ], [ 357860.158874266315252, 6297216.125401861965656 ], [ 357861.529049765318632, 6297186.200363419950008 ], [ 357863.649107581528369, 6297168.486390005797148 ], [ 357863.747033298248425, 6297161.83335193246603 ], [ 357863.926564918423537, 6297149.636065432801843 ], [ 357860.486193787946831, 6297130.731116415001452 ], [ 357851.811882838490419, 6297088.458488584496081 ], [ 357848.338919557922054, 6297071.771112062036991 ], [ 357847.752300416119397, 6297048.471842631697655 ], [ 357850.296694415388629, 6297001.927929582074285 ], [ 357853.640056244214065, 6296964.268517658114433 ], [ 357857.211840948788449, 6296911.085341172292829 ], [ 357861.54985013732221, 6296869.004144914448261 ], [ 357863.751489620073698, 6296845.745915113016963 ], [ 357863.230173462536186, 6296818.01127902790904 ], [ 357861.599844280164689, 6296802.460151936858892 ], [ 357856.333444996911567, 6296781.310142712667584 ], [ 357851.067073036101647, 6296760.160029479302466 ], [ 357837.631909148476552, 6296725.580769764259458 ], [ 357826.104577560443431, 6296687.702385433018208 ], [ 357802.578204494551755, 6296580.884234781377017 ], [ 357792.094989019038621, 6296535.257545156404376 ], [ 357783.45442725950852, 6296490.767011486925185 ], [ 357780.894877027953044, 6296475.202265698462725 ], [ 357775.873903106490616, 6296437.419526128098369 ], [ 357770.771297531900927, 6296405.181035690009594 ], [ 357767.739876293693669, 6296358.554940789937973 ], [ 357760.210524717462249, 6296238.663356935605407 ], [ 357756.070205722586252, 6296204.220855796709657 ], [ 357749.011071599554271, 6296178.607896981760859 ], [ 357737.419590032775886, 6296145.164710810407996 ], [ 357713.160393248253968, 6296088.244009936228395 ], [ 357700.389280372590292, 6296065.467354205437005 ], [ 357696.856966425839346, 6296059.167534532025456 ], [ 357690.341350607806817, 6296061.298622786067426 ], [ 357635.208940120006446, 6296079.331162999384105 ], [ 357598.784143398457672, 6296090.993764219805598 ], [ 357541.815170182380825, 6296109.007571728900075 ], [ 357531.543159023392946, 6296112.18327659368515 ], [ 357484.829599274438806, 6296128.12994179315865 ], [ 357414.767266353184823, 6296151.495180494152009 ], [ 357281.212637501012068, 6296193.884876445867121 ], [ 357197.126565994869452, 6296222.58662049099803 ], [ 357161.630044181016274, 6296234.261454611085355 ], [ 357153.232829455111641, 6296236.355373866856098 ], [ 357109.338960785651579, 6296250.12383196875453 ], [ 357069.178879863466136, 6296262.838342782109976 ], [ 357025.284754839842208, 6296276.606426434591413 ], [ 356977.656635319406632, 6296291.428133944049478 ], [ 356905.749326936202124, 6296313.653323600068688 ], [ 356877.719929418643005, 6296323.219650617800653 ], [ 356828.331221618573181, 6296331.36001957859844 ], [ 356800.416820972342975, 6296333.164173262193799 ], [ 356748.338504692772403, 6296334.609717880375683 ], [ 356726.016831337765325, 6296335.387507013976574 ], [ 356724.158146504021715, 6296335.359922228381038 ], [ 356710.217341414943803, 6296335.15301498491317 ], [ 356708.358572944765911, 6296335.125425912439823 ], [ 356694.41785099619301, 6296334.918497079983354 ], [ 356683.281700166058727, 6296333.644145349040627 ], [ 356676.792515353881754, 6296332.438671050593257 ], [ 356668.477404729928821, 6296328.988006902858615 ], [ 356649.193815180449747, 6296318.315286796540022 ], [ 356606.702917206392158, 6296294.797997297719121 ], [ 356577.176890978065785, 6296279.941286006942391 ], [ 356555.982362030888908, 6296267.426357867196202 ], [ 356549.509544434142299, 6296265.111899600364268 ], [ 356523.618964513472747, 6296255.854530554264784 ], [ 356511.586629328201525, 6296252.348477856256068 ], [ 356500.450506059394684, 6296251.073810128495097 ], [ 356478.112491295789368, 6296252.959914462640882 ], [ 356354.208544398832601, 6296271.080654543824494 ], [ 356308.569974309299141, 6296277.055996485054493 ], [ 356235.946312907617539, 6296284.847483869642019 ], [ 356187.502873305580579, 6296291.889531319960952 ], [ 356192.814881014171988, 6296309.714113729074597 ], [ 356252.045675191213377, 6296514.668644864112139 ], [ 356269.5937690687133, 6296584.802515149116516 ], [ 356283.606042355531827, 6296642.683667571283877 ], [ 356292.041896536480635, 6296700.481788482517004 ], [ 356289.918987440818455, 6296718.195622365921736 ], [ 356293.422129661077634, 6296732.665875621140003 ], [ 356307.517323434818536, 6296785.002800613641739 ], [ 356311.99949725123588, 6296796.160395259037614 ], [ 356321.029794773436151, 6296814.040201138705015 ], [ 356342.142718549410347, 6296832.099771166220307 ], [ 356362.425215202616528, 6296843.492404395714402 ], [ 356380.93732039059978, 6296911.422032071277499 ], [ 356407.969122077687643, 6297031.605501346290112 ], [ 356434.836839325434994, 6297162.877179812639952 ], [ 356463.66323649790138, 6297287.523408722132444 ], [ 356491.561029296659399, 6297412.155692795291543 ], [ 356513.981398425414227, 6297530.051841426640749 ], [ 356530.225263953907415, 6297609.668834949843585 ], [ 356529.618114358687308, 6297639.520621528849006 ], [ 356533.745678635721561, 6297639.035844058729708 ], [ 356583.108474389067851, 6297633.114446148276329 ], [ 356644.571228553482797, 6297626.263367986306548 ], [ 356672.505856285744812, 6297623.350648844614625 ], [ 356687.437190236581955, 6297621.700351605191827 ], [ 356733.267702450975776, 6297615.9361383151263 ], [ 356742.361219266371336, 6297614.792526578530669 ] ] ] } },
{ "type": "Feature", "properties": { "OBJECTID": 4628, "objectd": 4616, "cod_rgn": "13", "cd_prvn": "131", "cod_cmn": "13113", "nmbr_rg": "Metropolitana de Santiago", "nmbr_pr": "Santiago", "nmbr_cm": "La Reina", "id_v_rs": "131135601", "uv_cart": "3", "uv_nmbr": "3", "prd_ndc": 20240601, "ndpet0_4_p": 9608035, "ndpet0_4_r": 3282568, "ndpet0_4_c": 19102, "ndpet0_4_u": "371", "ndpet4_5_p": 1459190, "ndpet4_5_r": 552537, "ndpet4_5_c": 4282, "ndpet4_5_u": "122", "ndpet5_6_p": 1159567, "ndpet5_6_r": 451679, "ndpet5_6_c": 3568, "ndpet5_6_u": "94", "ndpet6_7_p": 1134251, "ndpet6_7_r": 455189, "ndpet6_7_c": 4048, "ndpet6_7_u": "139", "ndpet7_8_p": 1264009, "ndpet7_8_r": 507934, "ndpet7_8_c": 4499, "ndpet7_8_u": "122", "ndpet8_9_p": 1876093, "ndpet8_9_r": 830486, "ndpet8_9_c": 12830, "ndpet8_9_u": "587", "ndpet9_1_p": 638111, "ndpet9_1_r": 298881, "ndpet9_1_c": "5593", "ndpet9_1_u": "302", "totl_ps": 17139256, "ttl_rgn": 6379274, "ttl_cmn": 53922, "totl_uv": "1737", "area_m2": 627371.49485138396, "perimeter_m": 3942.912028430479, "centroide_x": 354593.25584166573, "centroide_y": 6298892.3629787732, "crs_original": "EPSG:4326", "fecha_normalizacion": "2025-10-10 01:59:26" }, "geometry": { "type": "Polygon", "coordinates": [ [ [ 355348.333214666345157, 6298944.500022210180759 ], [ 355335.484351031249389, 6298933.216752618551254 ], [ 355318.900278659188189, 6298922.986677309498191 ], [ 355310.599911884171888, 6298918.426024228334427 ], [ 355295.742401668510865, 6298917.094391252845526 ], [ 355243.467420799657702, 6298868.620597834698856 ], [ 355234.303996748989448, 6298859.610577879473567 ], [ 355178.344367645098828, 6298808.862906917929649 ], [ 355150.771468942635693, 6298787.376786443404853 ], [ 355116.791047899285331, 6298759.140045469626784 ], [ 355067.256735651637428, 6298714.033527657389641 ], [ 355027.749033716274425, 6298682.386202033609152 ], [ 354998.234391929581761, 6298666.415989518165588 ], [ 354988.988175523176324, 6298662.949988423846662 ], [ 354923.018919473921414, 6298659.741452562622726 ], [ 354792.95644876617007, 6298652.242075506597757 ], [ 354718.620784676226322, 6298648.906394510529935 ], [ 354673.086438880534843, 6298647.112546402961016 ], [ 354592.226868670724798, 6298644.786903163418174 ], [ 354540.185284625389613, 6298642.894391320645809 ], [ 354515.119070064509287, 6298640.298784680664539 ], [ 354460.272002289653756, 6298639.472741883248091 ], [ 354396.128708731732331, 6298638.50629498809576 ], [ 354289.25670249259565, 6298634.676913425326347 ], [ 354267.247035152628087, 6298614.381194102577865 ], [ 354204.836697220220231, 6298560.203001122921705 ], [ 354191.90587650553789, 6298554.462318869307637 ], [ 354191.360290064592846, 6298553.977809568867087 ], [ 354174.304358955123462, 6298539.304054324515164 ], [ 354165.231877654558048, 6298535.205098789185286 ], [ 354152.200675241998397, 6298536.117535692639649 ], [ 354141.857884599012323, 6298543.725034191273153 ], [ 354116.323258279706351, 6298572.176065421663225 ], [ 354106.013889360590838, 6298577.565835834480822 ], [ 354098.247006096993573, 6298587.888807480223477 ], [ 354087.036548660136759, 6298602.788468052633107 ], [ 354083.251116817409638, 6298607.167692815884948 ], [ 354077.55621463584248, 6298614.845423016697168 ], [ 354057.114483635290526, 6298642.041255660355091 ], [ 354034.828255955013447, 6298671.69090442173183 ], [ 353995.950752914242912, 6298723.413221495226026 ], [ 353954.159102800826076, 6298781.563814182765782 ], [ 353891.562889539636672, 6298862.6907102689147 ], [ 353862.240990005549975, 6298895.520164636895061 ], [ 353806.486407026648521, 6298954.56814600713551 ], [ 353771.552574958768673, 6298989.530641308054328 ], [ 353765.890772585757077, 6298994.990508181974292 ], [ 353749.398592279525474, 6299040.21395412646234 ], [ 353744.481833027733956, 6299057.88513551466167 ], [ 353763.142079313984141, 6299053.731151837855577 ], [ 353833.846142269088887, 6299051.473556537181139 ], [ 353899.91859514999669, 6299048.036370259709656 ], [ 353924.213584449724294, 6299046.905819308012724 ], [ 353955.568044453451876, 6299043.880550724454224 ], [ 353953.888840307190549, 6299045.524978661909699 ], [ 354095.380272813257761, 6299035.462313059717417 ], [ 354182.884592248708941, 6299029.019546143710613 ], [ 354255.464250350836664, 6299025.678139109164476 ], [ 354317.834431018447503, 6299021.07322595641017 ], [ 354413.721969286678359, 6299013.645624345168471 ], [ 354427.393633097584825, 6299093.706412641331553 ], [ 354436.534120302123483, 6299165.935186599381268 ], [ 354440.185967013647314, 6299170.426578192040324 ], [ 354446.643555239483248, 6299173.851183789782226 ], [ 354468.042507200385444, 6299173.064332839101553 ], [ 354489.458149467478506, 6299171.168640469200909 ], [ 354518.311095411540009, 6299169.384872172027826 ], [ 354529.483758372138254, 6299168.444024171680212 ], [ 354592.784258581057657, 6299163.851304950192571 ], [ 354603.027283569797873, 6299162.896284386515617 ], [ 354650.506786109646782, 6299159.174176255241036 ], [ 354689.602562783344183, 6299156.434916162863374 ], [ 354710.071809263434261, 6299155.63355240598321 ], [ 354737.06531148776412, 6299153.821178669109941 ], [ 354766.831077556009404, 6299153.159539529122412 ], [ 354780.792712042923085, 6299152.260219605639577 ], [ 354807.769520606729202, 6299151.556542371399701 ], [ 354879.403291839174926, 6299149.305251110345125 ], [ 354936.195805576280691, 6299144.612561808899045 ], [ 354977.134148875600658, 6299143.008849577978253 ], [ 355018.072386415617075, 6299141.404963167384267 ], [ 355032.033879032067489, 6299140.505280481651425 ], [ 355095.300540024763905, 6299138.126970209181309 ], [ 355112.98073574231239, 6299137.282934093847871 ], [ 355167.863740098546259, 6299135.887488231062889 ], [ 355195.786738682189025, 6299134.087772564962506 ], [ 355203.224007778917439, 6299134.199217494577169 ], [ 355222.763409015838988, 6299133.382939957082272 ], [ 355231.130377123423386, 6299133.508292386308312 ], [ 355265.560913634719327, 6299131.805866044014692 ], [ 355320.477025614818558, 6299128.19187118858099 ], [ 355360.485456056077965, 6299126.572620302438736 ], [ 355360.618233774905093, 6299117.701882891356945 ], [ 355360.169943007756956, 6299085.531594088301063 ], [ 355357.098649770021439, 6299042.231133268214762 ], [ 355354.641628768062219, 6299020.012538384646177 ], [ 355351.437607522122562, 6298985.58280947804451 ], [ 355350.756992418027949, 6298968.936307126656175 ], [ 355348.333214666345157, 6298944.500022210180759 ] ] ] } },
{ "type": "Feature", "properties": { "OBJECTID": 4629, "objectd": 4617, "cod_rgn": "13", "cd_prvn": "131", "cod_cmn": "13113", "nmbr_rg": "Metropolitana de Santiago", "nmbr_pr": "Santiago", "nmbr_cm": "La Reina", "id_v_rs": "131135602", "uv_cart": "2", "uv_nmbr": "2", "prd_ndc": 20240601, "ndpet0_4_p": 9608035, "ndpet0_4_r": 3282568, "ndpet0_4_c": 19102, "ndpet0_4_u": "517", "ndpet4_5_p": 1459190, "ndpet4_5_r": 552537, "ndpet4_5_c": 4282, "ndpet4_5_u": "135", "ndpet5_6_p": 1159567, "ndpet5_6_r": 451679, "ndpet5_6_c": 3568, "ndpet5_6_u": "146", "ndpet6_7_p": 1134251, "ndpet6_7_r": 455189, "ndpet6_7_c": 4048, "ndpet6_7_u": "133", "ndpet7_8_p": 1264009, "ndpet7_8_r": 507934, "ndpet7_8_c": 4499, "ndpet7_8_u": "180", "ndpet8_9_p": 1876093, "ndpet8_9_r": 830486, "ndpet8_9_c": 12830, "ndpet8_9_u": "717", "ndpet9_1_p": 638111, "ndpet9_1_r": 298881, "ndpet9_1_c": "5593", "ndpet9_1_u": "369", "totl_ps": 17139256, "ttl_rgn": 6379274, "ttl_cmn": 53922, "totl_uv": "2197", "area_m2": 711660.8574962616, "perimeter_m": 3765.6196925647678, "centroide_x": 355395.25436459685, "centroide_y": 6299443.8689898178, "crs_original": "EPSG:4326", "fecha_normalizacion": "2025-10-10 01:59:26" }, "geometry": { "type": "Polygon", "coordinates": [ [ [ 355725.366658021695912, 6298914.646197356283665 ], [ 355681.591009634663351, 6298919.537863262929022 ], [ 355663.878269836539403, 6298922.600509470328689 ], [ 355597.625531494151801, 6298938.247012586332858 ], [ 355539.822250290191732, 6298948.473899029195309 ], [ 355510.986882150638849, 6298949.151795866899192 ], [ 355458.080386798887048, 6298942.815118118189275 ], [ 355435.934937749407254, 6298931.392916539683938 ], [ 355418.305034096818417, 6298928.910954091697931 ], [ 355395.993717712524813, 6298928.577082479372621 ], [ 355372.669820069684647, 6298933.773407705128193 ], [ 355348.333214666345157, 6298944.500022210180759 ], [ 355350.756992418027949, 6298968.936307126656175 ], [ 355351.437607522122562, 6298985.58280947804451 ], [ 355354.641628768062219, 6299020.012538384646177 ], [ 355357.098649770021439, 6299042.231133268214762 ], [ 355360.169943007756956, 6299085.531594088301063 ], [ 355360.618233774905093, 6299117.701882891356945 ], [ 355360.485456056077965, 6299126.572620302438736 ], [ 355320.477025614818558, 6299128.19187118858099 ], [ 355265.560913634719327, 6299131.805866044014692 ], [ 355231.130377123423386, 6299133.508292386308312 ], [ 355222.763409015838988, 6299133.382939957082272 ], [ 355203.224007778917439, 6299134.199217494577169 ], [ 355195.786738682189025, 6299134.087772564962506 ], [ 355167.863740098546259, 6299135.887488231062889 ], [ 355112.98073574231239, 6299137.282934093847871 ], [ 355095.300540024763905, 6299138.126970209181309 ], [ 355032.033879032067489, 6299140.505280481651425 ], [ 355018.072386415617075, 6299141.404963167384267 ], [ 354977.134148875600658, 6299143.008849577978253 ], [ 354936.195805576280691, 6299144.612561808899045 ], [ 354879.403291839174926, 6299149.305251110345125 ], [ 354881.975841413193848, 6299163.762146713212132 ], [ 354889.163377401535399, 6299180.506429741159081 ], [ 354929.33608354133321, 6299229.909588595852256 ], [ 354929.882937178830616, 6299255.42698311060667 ], [ 354924.088506429223344, 6299269.75815278571099 ], [ 354919.173750378482509, 6299287.429854370653629 ], [ 354922.45964192826068, 6299316.3154969625175 ], [ 354940.965218989818823, 6299446.356969336047769 ], [ 354947.620536155998707, 6299498.58415238186717 ], [ 354973.895290356944315, 6299668.669397849589586 ], [ 354983.937141214613803, 6299743.129070302471519 ], [ 354993.149227473535575, 6299810.92181839980185 ], [ 355001.631393632094841, 6299865.394498256035149 ], [ 355007.028884529951029, 6299865.801027424633503 ], [ 355016.551601397222839, 6299866.51809118129313 ], [ 355093.591377903183457, 6299872.318991377949715 ], [ 355191.113219927647151, 6299880.435071835294366 ], [ 355226.426367426291108, 6299882.073198346421123 ], [ 355295.159935177303851, 6299887.53880687430501 ], [ 355395.487825085176155, 6299894.585681014694273 ], [ 355439.135393352480605, 6299898.565888010896742 ], [ 355468.853552588727325, 6299901.228483218699694 ], [ 355479.080557689070702, 6299901.381400905549526 ], [ 355481.936109551927075, 6299896.987741774879396 ], [ 355488.494004140200559, 6299893.758474605157971 ], [ 355496.894693502807058, 6299891.665891578420997 ], [ 355505.262226435588673, 6299891.790982748381793 ], [ 355511.737230869417544, 6299894.105953318998218 ], [ 355535.926717341528274, 6299893.35848050378263 ], [ 355626.858037302270532, 6299906.917025577276945 ], [ 355637.998254370060749, 6299908.192552598193288 ], [ 355653.770532293186989, 6299910.64627933409065 ], [ 355663.980983465560712, 6299911.907791424542665 ], [ 355700.174270580348093, 6299916.884534225799143 ], [ 355720.595277721760795, 6299919.40754961874336 ], [ 355759.577852078247815, 6299924.42570183891803 ], [ 355759.111394591862336, 6299893.364304481074214 ], [ 355758.446460991632193, 6299875.609088432043791 ], [ 355757.133075147867203, 6299838.989563828334212 ], [ 355756.799028919427656, 6299799.057539787143469 ], [ 355750.655096704722382, 6299774.565928118303418 ], [ 355748.345823670329992, 6299742.367980526760221 ], [ 355747.098723360104486, 6299701.31318362057209 ], [ 355746.731745370372664, 6299663.598732301965356 ], [ 355745.051447811652906, 6299589.264934968203306 ], [ 355744.816915953299031, 6299542.679751679301262 ], [ 355742.838791933027096, 6299488.304974342696369 ], [ 355740.877344503067434, 6299432.821401858702302 ], [ 355742.071816095383838, 6299415.093824788928032 ], [ 355745.922962485463358, 6299406.278606919571757 ], [ 355753.426628667337354, 6299401.954257655888796 ], [ 355772.020279705408029, 6299402.231768375262618 ], [ 355795.22920924727805, 6299404.796287391334772 ], [ 355820.280970555613749, 6299408.497380962595344 ], [ 355839.738192163989879, 6299413.223994058556855 ], [ 355896.316476591338869, 6299422.940503436140716 ], [ 355878.615836977376603, 6299362.785841126926243 ], [ 355854.506841727998108, 6299295.881119545549154 ], [ 355851.850186546798795, 6299286.968791947700083 ], [ 355848.280364248959813, 6299276.933804038912058 ], [ 355840.260742165206466, 6299253.523382592946291 ], [ 355821.548316202242859, 6299198.898963230662048 ], [ 355817.082033543265425, 6299186.632308479398489 ], [ 355794.002956261741929, 6299113.08821377903223 ], [ 355753.79068440280389, 6299003.797558683902025 ], [ 355725.366658021695912, 6298914.646197356283665 ] ] ] } },
{ "type": "Feature", "properties": { "OBJECTID": 4630, "objectd": 4618, "cod_rgn": "13", "cd_prvn": "131", "cod_cmn": "13113", "nmbr_rg": "Metropolitana de Santiago", "nmbr_pr": "Santiago", "nmbr_cm": "La Reina", "id_v_rs": "131135604", "uv_cart": "7", "uv_nmbr": "7", "prd_ndc": 20240601, "ndpet0_4_p": 9608035, "ndpet0_4_r": 3282568, "ndpet0_4_c": 19102, "ndpet0_4_u": "351", "ndpet4_5_p": 1459190, "ndpet4_5_r": 552537, "ndpet4_5_c": 4282, "ndpet4_5_u": "103", "ndpet5_6_p": 1159567, "ndpet5_6_r": 451679, "ndpet5_6_c": 3568, "ndpet5_6_u": "61", "ndpet6_7_p": 1134251, "ndpet6_7_r": 455189, "ndpet6_7_c": 4048, "ndpet6_7_u": "89", "ndpet7_8_p": 1264009, "ndpet7_8_r": 507934, "ndpet7_8_c": 4499, "ndpet7_8_u": "112", "ndpet8_9_p": 1876093, "ndpet8_9_r": 830486, "ndpet8_9_c": 12830, "ndpet8_9_u": "411", "ndpet9_1_p": 638111, "ndpet9_1_r": 298881, "ndpet9_1_c": "5593", "ndpet9_1_u": "215", "totl_ps": 17139256, "ttl_rgn": 6379274, "ttl_cmn": 53922, "totl_uv": "1342", "area_m2": 476177.31463524513, "perimeter_m": 3306.0880121487548, "centroide_x": 355348.56927293306, "centroide_y": 6297826.1158456746, "crs_original": "EPSG:4326", "fecha_normalizacion": "2025-10-10 01:59:26" }, "geometry": { "type": "Polygon", "coordinates": [ [ [ 355818.188572464627214, 6297617.289378998801112 ], [ 355807.99710635934025, 6297614.919050133787096 ], [ 355792.245138944126666, 6297611.356646598316729 ], [ 355773.704612159985118, 6297607.752475777640939 ], [ 355755.164096043736208, 6297604.148368614725769 ], [ 355660.553054371499456, 6297589.425792697817087 ], [ 355618.936544059310108, 6297583.473088143393397 ], [ 355484.278502359578852, 6297560.875551961362362 ], [ 355429.620232707122341, 6297551.58994559943676 ], [ 355289.547526662121527, 6297530.637545892037451 ], [ 355267.289280074997805, 6297526.976780984550714 ], [ 355232.980786551837809, 6297520.91715688817203 ], [ 355145.773865794588346, 6297508.518633084371686 ], [ 355130.918461287626997, 6297507.186667658388615 ], [ 355100.32810758164851, 6297501.182336824014783 ], [ 355033.998145800782368, 6297584.478072080761194 ], [ 354979.93390287773218, 6297655.757476840168238 ], [ 354937.289630659506656, 6297709.462707780301571 ], [ 354852.033104342583101, 6297814.654952127486467 ], [ 354826.452367006335407, 6297846.434235826134682 ], [ 354798.132978873152751, 6297874.845052022486925 ], [ 354751.022422007634304, 6297916.282294299453497 ], [ 354675.674801369430497, 6297980.585617126896977 ], [ 354646.739536244655028, 6298005.926632827147841 ], [ 354605.953582439920865, 6298041.645744446665049 ], [ 354625.307411577203311, 6298053.027998642995954 ], [ 354635.449057912104763, 6298058.726153712719679 ], [ 354644.694572484062519, 6298062.19252029247582 ], [ 354655.782523700851016, 6298066.795746168121696 ], [ 354697.379067895701155, 6298082.94888050109148 ], [ 354704.002688991371542, 6298075.284887976944447 ], [ 354765.257524039014243, 6298020.751259680837393 ], [ 354866.085718215676025, 6297931.320996511727571 ], [ 354881.688016985077411, 6297944.864557450637221 ], [ 354898.253261576173827, 6297956.204365652054548 ], [ 354943.701075205928646, 6297963.541539402678609 ], [ 355030.795479842519853, 6297983.703609683550894 ], [ 355129.924430522019975, 6298007.3727056235075 ], [ 355270.584588847588748, 6298051.62668321467936 ], [ 355351.289631103922147, 6298063.926461892202497 ], [ 355441.174248921335675, 6298084.126627311110497 ], [ 355522.709806244354695, 6298103.091828109696507 ], [ 355712.639648322016001, 6298148.076076094061136 ], [ 355770.073739594081417, 6298162.242854995653033 ], [ 355795.072587325703353, 6298169.270608892664313 ], [ 355798.371803125366569, 6298072.829093050211668 ], [ 355798.570438694499899, 6298059.522979166358709 ], [ 355801.373058361932635, 6297996.346837637014687 ], [ 355803.943926978681702, 6297948.694393146783113 ], [ 355805.403206268965732, 6297913.225293593481183 ], [ 355807.940953252022155, 6297867.790530008263886 ], [ 355808.437543859879952, 6297834.525335790589452 ], [ 355809.563167266431265, 6297759.123997332528234 ], [ 355812.580950607953127, 6297681.532817179337144 ], [ 355817.043911130051129, 6297631.690418575890362 ], [ 355818.188572464627214, 6297617.289378998801112 ] ] ] } },
{ "type": "Feature", "properties": { "OBJECTID": 4631, "objectd": 4619, "cod_rgn": "13", "cd_prvn": "131", "cod_cmn": "13113", "nmbr_rg": "Metropolitana de Santiago", "nmbr_pr": "Santiago", "nmbr_cm": "La Reina", "id_v_rs": "131135607", "uv_cart": "11", "uv_nmbr": "11", "prd_ndc": 20240601, "ndpet0_4_p": 9608035, "ndpet0_4_r": 3282568, "ndpet0_4_c": 19102, "ndpet0_4_u": "965", "ndpet4_5_p": 1459190, "ndpet4_5_r": 552537, "ndpet4_5_c": 4282, "ndpet4_5_u": "234", "ndpet5_6_p": 1159567, "ndpet5_6_r": 451679, "ndpet5_6_c": 3568, "ndpet5_6_u": "201", "ndpet6_7_p": 1134251, "ndpet6_7_r": 455189, "ndpet6_7_c": 4048, "ndpet6_7_u": "237", "ndpet7_8_p": 1264009, "ndpet7_8_r": 507934, "ndpet7_8_c": 4499, "ndpet7_8_u": "287", "ndpet8_9_p": 1876093, "ndpet8_9_r": 830486, "ndpet8_9_c": 12830, "ndpet8_9_u": "704", "ndpet9_1_p": 638111, "ndpet9_1_r": 298881, "ndpet9_1_c": "5593", "ndpet9_1_u": "288", "totl_ps": 17139256, "ttl_rgn": 6379274, "ttl_cmn": 53922, "totl_uv": "2916", "area_m2": 1210195.1811629804, "perimeter_m": 4597.405540269664, "centroide_x": 355908.05096750055, "centroide_y": 6297089.5937835863, "crs_original": "EPSG:4326", "fecha_normalizacion": "2025-10-10 01:59:26" }, "geometry": { "type": "Polygon", "coordinates": [ [ [ 356529.618114358687308, 6297639.520621528849006 ], [ 356530.225263953907415, 6297609.668834949843585 ], [ 356513.981398425414227, 6297530.051841426640749 ], [ 356491.561029296659399, 6297412.155692795291543 ], [ 356463.66323649790138, 6297287.523408722132444 ], [ 356434.836839325434994, 6297162.877179812639952 ], [ 356407.969122077687643, 6297031.605501346290112 ], [ 356380.93732039059978, 6296911.422032071277499 ], [ 356362.425215202616528, 6296843.492404395714402 ], [ 356342.142718549410347, 6296832.099771166220307 ], [ 356321.029794773436151, 6296814.040201138705015 ], [ 356311.99949725123588, 6296796.160395259037614 ], [ 356307.517323434818536, 6296785.002800613641739 ], [ 356293.422129661077634, 6296732.665875621140003 ], [ 356289.918987440818455, 6296718.195622365921736 ], [ 356292.041896536480635, 6296700.481788482517004 ], [ 356283.606042355531827, 6296642.683667571283877 ], [ 356269.5937690687133, 6296584.802515149116516 ], [ 356252.045675191213377, 6296514.668644864112139 ], [ 356192.814881014171988, 6296309.714113729074597 ], [ 356187.502873305580579, 6296291.889531319960952 ], [ 356175.387912225560285, 6296293.927229855209589 ], [ 356082.333946464699693, 6296307.036285829730332 ], [ 356075.712715218483936, 6296307.969017545692623 ], [ 355872.494851931114681, 6296345.973594794049859 ], [ 355834.373339922050945, 6296346.513536218553782 ], [ 355800.002579989028163, 6296344.891066838055849 ], [ 355784.668571037531365, 6296375.716615488752723 ], [ 355762.762487267027609, 6296410.880228601396084 ], [ 355741.785604664764833, 6296446.057782165706158 ], [ 355736.093231638660654, 6296453.736324776895344 ], [ 355619.008082275046036, 6296637.204500343650579 ], [ 355603.82232836826006, 6296658.050125828944147 ], [ 355574.214229662378784, 6296710.8436673078686 ], [ 355514.067709851078689, 6296816.416691550984979 ], [ 355483.462811134406365, 6296873.631549032405019 ], [ 355448.143983183777891, 6296935.212030652910471 ], [ 355390.999010813422501, 6297026.411049288697541 ], [ 355377.636246281908825, 6297046.97675163205713 ], [ 355368.160626120283268, 6297061.560014048591256 ], [ 355321.271532744227443, 6297150.694088901393116 ], [ 355304.125749075668864, 6297178.164598040282726 ], [ 355249.58775721420534, 6297269.21851777471602 ], [ 355224.939499443979003, 6297307.74868056550622 ], [ 355162.192451933166012, 6297405.619130202569067 ], [ 355108.89329026179621, 6297488.001701399683952 ], [ 355105.092109795659781, 6297493.490097800269723 ], [ 355100.32810758164851, 6297501.182336824014783 ], [ 355130.918461287626997, 6297507.186667658388615 ], [ 355145.773865794588346, 6297508.518633084371686 ], [ 355232.980786551837809, 6297520.91715688817203 ], [ 355267.289280074997805, 6297526.976780984550714 ], [ 355289.547526662121527, 6297530.637545892037451 ], [ 355429.620232707122341, 6297551.58994559943676 ], [ 355484.278502359578852, 6297560.875551961362362 ], [ 355618.936544059310108, 6297583.473088143393397 ], [ 355660.553054371499456, 6297589.425792697817087 ], [ 355755.164096043736208, 6297604.148368614725769 ], [ 355773.704612159985118, 6297607.752475777640939 ], [ 355792.245138944126666, 6297611.356646598316729 ], [ 355807.99710635934025, 6297614.919050133787096 ], [ 355818.188572464627214, 6297617.289378998801112 ], [ 355834.300864486023784, 6297620.74361040815711 ], [ 355857.112175854388624, 6297625.633949967101216 ], [ 355876.598777573322877, 6297628.142935061827302 ], [ 355908.169080418883823, 6297630.832164808176458 ], [ 355956.453985681815539, 6297634.879726252518594 ], [ 356008.390844265464693, 6297643.417748857289553 ], [ 356021.370959452469833, 6297645.829433904029429 ], [ 356039.911629134556279, 6297649.433123605325818 ], [ 356065.871809477219358, 6297654.256388948298991 ], [ 356097.409178359783255, 6297659.162680992856622 ], [ 356133.577586917555891, 6297665.246890222653747 ], [ 356161.413470113417134, 6297668.988795173354447 ], [ 356182.742727649572771, 6297672.633635245263577 ], [ 356208.719532266608439, 6297676.347619723528624 ], [ 356232.870415662182495, 6297677.816277932375669 ], [ 356264.556434457772411, 6297672.742487516254187 ], [ 356285.088166296947747, 6297667.502527870237827 ], [ 356310.234571426233742, 6297664.549455561675131 ], [ 356343.762944461894222, 6297660.611856245435774 ], [ 356366.104237176361494, 6297658.725954859517515 ], [ 356529.618114358687308, 6297639.520621528849006 ] ] ] } },
{ "type": "Feature", "properties": { "OBJECTID": 4862, "objectd": 4852, "cod_rgn": "13", "cd_prvn": "131", "cod_cmn": "13101", "nmbr_rg": "Metropolitana de Santiago", "nmbr_pr": "Santiago", "nmbr_cm": "Santiago", "id_v_rs": "131016476", "uv_cart": "10", "uv_nmbr": "10", "prd_ndc": 20240601, "ndpet0_4_p": 9608035, "ndpet0_4_r": 3282568, "ndpet0_4_c": 139710, "ndpet0_4_u": "2833", "ndpet4_5_p": 1459190, "ndpet4_5_r": 552537, "ndpet4_5_c": 26989, "ndpet4_5_u": "493", "ndpet5_6_p": 1159567, "ndpet5_6_r": 451679, "ndpet5_6_c": 26691, "ndpet5_6_u": "369", "ndpet6_7_p": 1134251, "ndpet6_7_r": 455189, "ndpet6_7_c": 30358, "ndpet6_7_u": "470", "ndpet7_8_p": 1264009, "ndpet7_8_r": 507934, "ndpet7_8_c": 36539, "ndpet7_8_u": "539", "ndpet8_9_p": 1876093, "ndpet8_9_r": 830486, "ndpet8_9_c": 57768, "ndpet8_9_u": "631", "ndpet9_1_p": 638111, "ndpet9_1_r": 298881, "ndpet9_1_c": "25806", "ndpet9_1_u": "246", "totl_ps": 17139256, "ttl_rgn": 6379274, "ttl_cmn": 343861, "totl_uv": "5581", "area_m2": 229092.30233421398, "perimeter_m": 1998.7775449670662, "centroide_x": 343954.34577982797, "centroide_y": 6299773.8459874615, "crs_original": "EPSG:4326", "fecha_normalizacion": "2025-10-10 01:59:26" }, "geometry": { "type": "Polygon", "coordinates": [ [ [ 344119.964479339425452, 6300157.434604004025459 ], [ 344119.177771906950511, 6300148.548679722473025 ], [ 344115.548001048038714, 6300142.944323897361755 ], [ 344105.373956206080038, 6300139.452840274199843 ], [ 344097.005771874275524, 6300139.317885028198361 ], [ 344101.869376212591305, 6300126.086462756618857 ], [ 344110.112469281069934, 6300018.63151142001152 ], [ 344113.348914962960407, 6299990.954877188429236 ], [ 344123.576581609318964, 6299875.767773889005184 ], [ 344130.245958206360228, 6299808.216902167536318 ], [ 344146.945912984432653, 6299637.676462622359395 ], [ 344150.325245463172905, 6299601.128871738910675 ], [ 344153.650836375891231, 6299567.907929077744484 ], [ 344155.957319814420771, 6299540.216180451214314 ], [ 344159.443890534166712, 6299497.015379613265395 ], [ 344073.139895321510267, 6299485.64101186953485 ], [ 343975.715188821079209, 6299471.868025254458189 ], [ 343876.449164698948152, 6299456.955090578645468 ], [ 343791.96942417282844, 6299447.825863370671868 ], [ 343772.463014140026644, 6299446.401453714817762 ], [ 343769.850710509810597, 6299492.943766320124269 ], [ 343763.552973341429606, 6299594.884399423375726 ], [ 343762.027578795154113, 6299615.665467031300068 ], [ 343758.79203835548833, 6299659.746565394103527 ], [ 343756.397084888769314, 6299692.374515987932682 ], [ 343753.820570376119576, 6299736.699077267199755 ], [ 343750.170923600438982, 6299789.879649726673961 ], [ 343749.99167076771846, 6299800.968328753486276 ], [ 343750.742139988869894, 6299812.072036826983094 ], [ 343753.047505272785202, 6299842.05650863610208 ], [ 343754.674021223676391, 6299856.501799145713449 ], [ 343756.33639175380813, 6299868.729353360831738 ], [ 343758.946418666222598, 6299879.863117197528481 ], [ 343763.39807031583041, 6299892.135854363441467 ], [ 343768.67201514961198, 6299911.07672375626862 ], [ 343777.575474415847566, 6299935.622085021808743 ], [ 343788.338539373769891, 6299960.197387395426631 ], [ 343802.820780383597594, 6299984.832872190512717 ], [ 343813.709387527545914, 6300001.646118154749274 ], [ 343820.400498299510218, 6300009.432492951862514 ], [ 343830.140900628757663, 6300020.767314886674285 ], [ 343838.365597420022823, 6300029.773442420177162 ], [ 343845.775874617684167, 6300037.684330909512937 ], [ 343852.079459259519354, 6300044.413966057822108 ], [ 343867.670845932560042, 6300057.975686637684703 ], [ 343880.544589044351596, 6300067.056863280944526 ], [ 343892.488609551568516, 6300076.12300724722445 ], [ 343904.468380224541761, 6300082.971399959176779 ], [ 343939.49594482104294, 6300102.392558136954904 ], [ 344009.551650939276442, 6300141.234479339793324 ], [ 344015.356792232720181, 6300144.05847402010113 ], [ 344030.775854311010335, 6300151.559391669929028 ], [ 344043.496012619987596, 6300157.221266305074096 ], [ 344043.703538483474404, 6300157.313689874485135 ], [ 344052.947744493954815, 6300160.790337989106774 ], [ 344061.280174173880368, 6300163.143063900992274 ], [ 344069.630411107675172, 6300164.386864680796862 ], [ 344082.647556765936315, 6300164.596826499328017 ], [ 344085.870104555273429, 6300164.328908427618444 ], [ 344093.82299267698545, 6300163.667963152751327 ], [ 344103.138835671939887, 6300162.708998052403331 ], [ 344119.964479339425452, 6300157.434604004025459 ] ] ] } },
{ "type": "Feature", "properties": { "OBJECTID": 4863, "objectd": 4853, "cod_rgn": "13", "cd_prvn": "131", "cod_cmn": "13101", "nmbr_rg": "Metropolitana de Santiago", "nmbr_pr": "Santiago", "nmbr_cm": "Santiago", "id_v_rs": "131016497", "uv_cart": "4", "uv_nmbr": "4", "prd_ndc": 20240601, "ndpet0_4_p": 9608035, "ndpet0_4_r": 3282568, "ndpet0_4_c": 139710, "ndpet0_4_u": "2126", "ndpet4_5_p": 1459190, "ndpet4_5_r": 552537, "ndpet4_5_c": 26989, "ndpet4_5_u": "453", "ndpet5_6_p": 1159567, "ndpet5_6_r": 451679, "ndpet5_6_c": 26691, "ndpet5_6_u": "456", "ndpet6_7_p": 1134251, "ndpet6_7_r": 455189, "ndpet6_7_c": 30358, "ndpet6_7_u": "707", "ndpet7_8_p": 1264009, "ndpet7_8_r": 507934, "ndpet7_8_c": 36539, "ndpet7_8_u": "750", "ndpet8_9_p": 1876093, "ndpet8_9_r": 830486, "ndpet8_9_c": 57768, "ndpet8_9_u": "1282", "ndpet9_1_p": 638111, "ndpet9_1_r": 298881, "ndpet9_1_c": "25806", "ndpet9_1_u": "682", "totl_ps": 17139256, "ttl_rgn": 6379274, "ttl_cmn": 343861, "totl_uv": "6456", "area_m2": 217082.23112029859, "perimeter_m": 2152.8405295244083, "centroide_x": 345786.73008436628, "centroide_y": 6299427.384696546, "crs_original": "EPSG:4326", "fecha_normalizacion": "2025-10-10 01:59:26" }, "geometry": { "type": "Polygon", "coordinates": [ [ [ 345930.386060528457165, 6299742.776696337386966 ], [ 345944.587226214818656, 6299590.849702860228717 ], [ 345909.868415720469784, 6299599.394528190605342 ], [ 345912.905077556497417, 6299583.914912696927786 ], [ 345917.454884331149515, 6299531.857686027884483 ], [ 345921.48149377910886, 6299454.281827628612518 ], [ 345924.818716878362466, 6299419.951582884415984 ], [ 345931.59909990808228, 6299344.637905783951283 ], [ 345934.759416607907042, 6299321.396287909708917 ], [ 345947.559829160338268, 6299218.449885068461299 ], [ 345954.633307712967508, 6299183.070091859437525 ], [ 345963.23744281148538, 6299110.003749358467758 ], [ 345971.523337615246419, 6299056.896844265982509 ], [ 345842.527583910967223, 6299040.420980629511178 ], [ 345719.455129223177209, 6299024.185772830620408 ], [ 345718.180458300339524, 6299024.017595021985471 ], [ 345703.376392980455421, 6299019.344632416963577 ], [ 345694.053149904648308, 6299079.089604876935482 ], [ 345683.534471147577278, 6299155.452734763734043 ], [ 345678.248566235648468, 6299195.297516791149974 ], [ 345670.855227290827315, 6299250.636698255315423 ], [ 345664.887217669514939, 6299290.780596230179071 ], [ 345664.604077598371077, 6299292.684451527893543 ], [ 345663.585869568167254, 6299298.213875292800367 ], [ 345662.479031837778166, 6299309.287667954340577 ], [ 345661.425402015272994, 6299317.034919363446534 ], [ 345648.409350665402599, 6299433.287312548607588 ], [ 345646.472254971158691, 6299447.529800722375512 ], [ 345644.194589348742738, 6299464.276007518172264 ], [ 345638.049511786899529, 6299499.67055688239634 ], [ 345628.557419510383625, 6299511.719511490315199 ], [ 345623.572293395351153, 6299532.71372305508703 ], [ 345617.657376574003138, 6299553.692980732768774 ], [ 345616.656836069305427, 6299558.113585513085127 ], [ 345608.398973651812412, 6299577.531863491050899 ], [ 345601.729165283963084, 6299623.732180375605822 ], [ 345602.179818577074911, 6299660.692682288587093 ], [ 345605.722365362860728, 6299686.995435019023716 ], [ 345608.719048536382616, 6299709.245586195029318 ], [ 345609.932458535651676, 6299718.254845963791013 ], [ 345613.691990219987929, 6299745.862567409873009 ], [ 345618.21927001408767, 6299779.108127875253558 ], [ 345637.216549113625661, 6299840.217428585514426 ], [ 345640.103815317561384, 6299836.883482355624437 ], [ 345656.963421062158886, 6299829.388738095760345 ], [ 345671.963486179709435, 6299821.864175846800208 ], [ 345698.244433420477435, 6299806.755812743678689 ], [ 345758.049624043400399, 6299788.854825683869421 ], [ 345777.66287873883266, 6299783.622112391516566 ], [ 345802.814221455308143, 6299776.895712682977319 ], [ 345883.382243953179568, 6299755.348042163066566 ], [ 345895.463915794040076, 6299752.116736562922597 ], [ 345899.524259177967906, 6299751.030783186666667 ], [ 345930.386060528457165, 6299742.776696337386966 ] ] ] } },
{ "type": "Feature", "properties": { "OBJECTID": 4869, "objectd": 4859, "cod_rgn": "13", "cd_prvn": "131", "cod_cmn": "13101", "nmbr_rg": "Metropolitana de Santiago", "nmbr_pr": "Santiago", "nmbr_cm": "Santiago", "id_v_rs": "131016447", "uv_cart": "3", "uv_nmbr": "3", "prd_ndc": 20240601, "ndpet0_4_p": 9608035, "ndpet0_4_r": 3282568, "ndpet0_4_c": 139710, "ndpet0_4_u": "6918", "ndpet4_5_p": 1459190, "ndpet4_5_r": 552537, "ndpet4_5_c": 26989, "ndpet4_5_u": "1463", "ndpet5_6_p": 1159567, "ndpet5_6_r": 451679, "ndpet5_6_c": 26691, "ndpet5_6_u": "1298", "ndpet6_7_p": 1134251, "ndpet6_7_r": 455189, "ndpet6_7_c": 30358, "ndpet6_7_u": "1487", "ndpet7_8_p": 1264009, "ndpet7_8_r": 507934, "ndpet7_8_c": 36539, "ndpet7_8_u": "1770", "ndpet8_9_p": 1876093, "ndpet8_9_r": 830486, "ndpet8_9_c": 57768, "ndpet8_9_u": "2900", "ndpet9_1_p": 638111, "ndpet9_1_r": 298881, "ndpet9_1_c": "25806", "ndpet9_1_u": "1360", "totl_ps": 17139256, "ttl_rgn": 6379274, "ttl_cmn": 343861, "totl_uv": "17196", "area_m2": 1211064.8659546813, "perimeter_m": 4581.0495230725528, "centroide_x": 346417.08784616087, "centroide_y": 6298928.9980064696, "crs_original": "EPSG:4326", "fecha_normalizacion": "2025-10-10 01:59:26" }, "geometry": { "type": "Polygon", "coordinates": [ [ [ 346013.585186648590025, 6299702.126539361663163 ], [ 346038.600415600289125, 6299691.286577060818672 ], [ 346080.721371152205393, 6299674.21124161966145 ], [ 346102.228985245805234, 6299666.789671498350799 ], [ 346119.982293131703045, 6299661.526670353487134 ], [ 346203.099601732799783, 6299639.557671265676618 ], [ 346336.63377923972439, 6299605.079871631227434 ], [ 346384.106949121342041, 6299595.132121985778213 ], [ 346390.752138725016266, 6299593.739631510339677 ], [ 346443.547679886454716, 6299578.698993453755975 ], [ 346454.1525199302705, 6299575.677853503264487 ], [ 346460.816762096947059, 6299573.779300782829523 ], [ 346493.498193599574734, 6299565.425299311056733 ], [ 346614.931536608724855, 6299534.713023263961077 ], [ 346621.416566962259822, 6299533.072856839746237 ], [ 346740.763774981140159, 6299501.743510864675045 ], [ 346740.948956861568149, 6299501.694878065958619 ], [ 346796.048567295656539, 6299487.040515540167689 ], [ 346795.505516041477676, 6299462.63093077018857 ], [ 346796.769257158972323, 6299441.577256784774363 ], [ 346805.505783911445178, 6299418.423859531059861 ], [ 346818.890876039629802, 6299395.344137502834201 ], [ 346831.381303898408078, 6299370.031940395012498 ], [ 346838.117773460922763, 6299355.719837865792215 ], [ 346846.18806510255672, 6299315.918804435059428 ], [ 346864.03129010880366, 6299187.541447758674622 ], [ 346880.89180588175077, 6299062.475955842062831 ], [ 346898.69918948225677, 6298936.31634552963078 ], [ 346909.137810998945497, 6298864.387675754725933 ], [ 346917.471054298279341, 6298807.953602417372167 ], [ 346940.066502892062999, 6298672.996653446927667 ], [ 346956.907939025608357, 6298549.039816192351282 ], [ 346965.451526011922397, 6298479.299448620527983 ], [ 346979.590291221917141, 6298408.538405366241932 ], [ 346964.8920684363693, 6298397.214283763431013 ], [ 346936.21456448873505, 6298387.886848888359964 ], [ 346895.469742349348962, 6298377.258902410045266 ], [ 346852.883268594450783, 6298365.492493824101985 ], [ 346803.860062827297952, 6298349.187357500195503 ], [ 346731.719856462674215, 6298324.75109619833529 ], [ 346704.884299039375037, 6298316.561366112902761 ], [ 346666.016801220190246, 6298304.853119242936373 ], [ 346630.850130030303262, 6298294.312657365575433 ], [ 346586.405160809285007, 6298282.515533088706434 ], [ 346542.942696836136747, 6298267.40632563456893 ], [ 346494.876848801039159, 6298249.866832541301847 ], [ 346493.195004335371777, 6298249.253193002194166 ], [ 346492.096389671089128, 6298248.852305961772799 ], [ 346491.39564088115003, 6298248.588809388689697 ], [ 346482.853221673693042, 6298245.377944376319647 ], [ 346480.57800994371064, 6298244.168756116181612 ], [ 346458.733909718925133, 6298235.464041380211711 ], [ 346400.594709257828072, 6298214.123561771586537 ], [ 346360.727753296203446, 6298206.834732495248318 ], [ 346307.075678794004489, 6298189.344174852594733 ], [ 346252.511795309954323, 6298170.72960199881345 ], [ 346200.719279914628714, 6298153.268028376623988 ], [ 346126.722671531199012, 6298128.797535193152726 ], [ 346126.114056060439907, 6298128.583457403816283 ], [ 346117.463271356537007, 6298160.042084028944373 ], [ 346113.001804160536267, 6298172.944817279465497 ], [ 346103.06989186827559, 6298212.715760443359613 ], [ 346093.961559392511845, 6298259.154792465269566 ], [ 346082.011282578634564, 6298308.875927180051804 ], [ 346060.43993217672687, 6298437.192971013486385 ], [ 346050.065870298654772, 6298504.685523243620992 ], [ 346039.868396140867844, 6298561.089419833384454 ], [ 346028.811910728807561, 6298613.04303415864706 ], [ 346017.437146183219738, 6298684.956190871074796 ], [ 346016.224790938373189, 6298702.683103069663048 ], [ 346007.833277801924851, 6298762.443237977102399 ], [ 346002.407354702765588, 6298811.159074083901942 ], [ 345989.744253897573799, 6298913.418087543919683 ], [ 345988.585841717664152, 6298922.772824639454484 ], [ 345987.723160560708493, 6298929.738826815038919 ], [ 345987.465735142352059, 6298931.817657230421901 ], [ 345971.523337615246419, 6299056.896844265982509 ], [ 345963.23744281148538, 6299110.003749358467758 ], [ 345954.633307712967508, 6299183.070091859437525 ], [ 345947.559829160338268, 6299218.449885068461299 ], [ 345934.759416607907042, 6299321.396287909708917 ], [ 345931.59909990808228, 6299344.637905783951283 ], [ 345924.818716878362466, 6299419.951582884415984 ], [ 345921.48149377910886, 6299454.281827628612518 ], [ 345917.454884331149515, 6299531.857686027884483 ], [ 345912.905077556497417, 6299583.914912696927786 ], [ 345909.868415720469784, 6299599.394528190605342 ], [ 345944.587226214818656, 6299590.849702860228717 ], [ 345930.386060528457165, 6299742.776696337386966 ], [ 345941.676055990858003, 6299739.757247176021338 ], [ 345942.041596666385885, 6299739.659435683861375 ], [ 345948.824521023314446, 6299736.138226634822786 ], [ 345981.426677355542779, 6299719.213423248380423 ], [ 346011.443559824721888, 6299703.05458508618176 ], [ 346013.585186648590025, 6299702.126539361663163 ] ] ] } },
{ "type": "Feature", "properties": { "OBJECTID": 4870, "objectd": 4860, "cod_rgn": "13", "cd_prvn": "131", "cod_cmn": "13101", "nmbr_rg": "Metropolitana de Santiago", "nmbr_pr": "Santiago", "nmbr_cm": "Santiago", "id_v_rs": "131016452", "uv_cart": "8", "uv_nmbr": "8", "prd_ndc": 20240601, "ndpet0_4_p": 9608035, "ndpet0_4_r": 3282568, "ndpet0_4_c": 139710, "ndpet0_4_u": "3621", "ndpet4_5_p": 1459190, "ndpet4_5_r": 552537, "ndpet4_5_c": 26989, "ndpet4_5_u": "613", "ndpet5_6_p": 1159567, "ndpet5_6_r": 451679, "ndpet5_6_c": 26691, "ndpet5_6_u": "630", "ndpet6_7_p": 1134251, "ndpet6_7_r": 455189, "ndpet6_7_c": 30358, "ndpet6_7_u": "669", "ndpet7_8_p": 1264009, "ndpet7_8_r": 507934, "ndpet7_8_c": 36539, "ndpet7_8_u": "735", "ndpet8_9_p": 1876093, "ndpet8_9_r": 830486, "ndpet8_9_c": 57768, "ndpet8_9_u": "1121", "ndpet9_1_p": 638111, "ndpet9_1_r": 298881, "ndpet9_1_c": "25806", "ndpet9_1_u": "397", "totl_ps": 17139256, "ttl_rgn": 6379274, "ttl_cmn": 343861, "totl_uv": "7786", "area_m2": 407562.992120729, "perimeter_m": 3017.6789042227279, "centroide_x": 344485.99039246468, "centroide_y": 6299832.3870351333, "crs_original": "EPSG:4326", "fecha_normalizacion": "2025-10-10 01:59:26" }, "geometry": { "type": "Polygon", "coordinates": [ [ [ 344918.724625271861441, 6300107.066794504411519 ], [ 344920.598417147353757, 6300106.356424396857619 ], [ 344808.03723293193616, 6299891.197418006137013 ], [ 344799.392122386256233, 6299894.406564616598189 ], [ 344802.804608470760286, 6299855.641116188839078 ], [ 344805.091430383967236, 6299829.058305090293288 ], [ 344808.361375598353334, 6299799.163674704730511 ], [ 344811.827228791662492, 6299757.071673979982734 ], [ 344813.918182569323108, 6299742.686328909359872 ], [ 344816.133756395662203, 6299720.5388751802966 ], [ 344819.528275980905164, 6299682.882230270653963 ], [ 344822.958383910940029, 6299643.007951688952744 ], [ 344827.247046254458837, 6299607.583961149677634 ], [ 344830.534779104054905, 6299576.580604356713593 ], [ 344832.679092840407975, 6299558.868607090786099 ], [ 344821.522270866204053, 6299558.68948089145124 ], [ 344799.226433303265367, 6299557.222274197265506 ], [ 344779.719845130923204, 6299555.799911899492145 ], [ 344760.213262222765479, 6299554.377410314977169 ], [ 344728.620085564441979, 6299552.760798919014633 ], [ 344627.38604883197695, 6299544.478973964229226 ], [ 344600.4416194409132, 6299542.936573823913932 ], [ 344538.238630487059709, 6299536.390505191870034 ], [ 344454.687648359802552, 6299527.282173804007471 ], [ 344377.626936308573931, 6299519.386725630611181 ], [ 344299.537285426747985, 6299512.045740106143057 ], [ 344292.198767131543718, 6299511.355853473767638 ], [ 344292.208442428265698, 6299511.258854186162353 ], [ 344269.522858985001221, 6299508.822959836572409 ], [ 344268.991230673040263, 6299508.763621505349874 ], [ 344228.136706904624589, 6299504.777718057855964 ], [ 344159.443890534166712, 6299497.015379613265395 ], [ 344155.957319814420771, 6299540.216180451214314 ], [ 344153.650836375891231, 6299567.907929077744484 ], [ 344150.325245463172905, 6299601.128871738910675 ], [ 344146.945912984432653, 6299637.676462622359395 ], [ 344130.245958206360228, 6299808.216902167536318 ], [ 344123.576581609318964, 6299875.767773889005184 ], [ 344113.348914962960407, 6299990.954877188429236 ], [ 344110.112469281069934, 6300018.63151142001152 ], [ 344101.869376212591305, 6300126.086462756618857 ], [ 344097.005771874275524, 6300139.317885028198361 ], [ 344105.373956206080038, 6300139.452840274199843 ], [ 344115.548001048038714, 6300142.944323897361755 ], [ 344119.177771906950511, 6300148.548679722473025 ], [ 344119.964479339425452, 6300157.434604004025459 ], [ 344233.309356397832744, 6300107.131446385756135 ], [ 344411.075824804371223, 6300041.226889925077558 ], [ 344549.575144022703171, 6299987.997516525909305 ], [ 344578.558663346339017, 6299978.48125497251749 ], [ 344578.597822736774106, 6299979.374932020902634 ], [ 344579.238875798648223, 6299994.020324083045125 ], [ 344579.13190217706142, 6300000.673517795279622 ], [ 344576.182062482752372, 6300010.608408959582448 ], [ 344576.878799780621193, 6300018.862020906060934 ], [ 344578.525723148835823, 6300038.374847954139113 ], [ 344581.065430202754214, 6300053.943812600336969 ], [ 344581.990799811785109, 6300058.740927487611771 ], [ 344585.357834514346905, 6300076.195867605507374 ], [ 344587.915394775336608, 6300090.655913537368178 ], [ 344595.730822138953954, 6300125.165221793577075 ], [ 344600.572970560868271, 6300146.913395259529352 ], [ 344602.670036500378046, 6300156.33302797563374 ], [ 344607.892305536777712, 6300178.600012071430683 ], [ 344609.233833326725289, 6300184.441792970523238 ], [ 344612.238318671705201, 6300197.525401338934898 ], [ 344614.813786144601181, 6300210.876619635149837 ], [ 344617.353699251194485, 6300226.445568437688053 ], [ 344620.915167105733417, 6300225.515802630223334 ], [ 344622.751166395959444, 6300225.036595902405679 ], [ 344632.371622017002665, 6300222.525344683788717 ], [ 344645.372359792003408, 6300219.131770698353648 ], [ 344685.585287795867771, 6300205.359011244028807 ], [ 344704.305939114419743, 6300197.895658345893025 ], [ 344724.903962883458007, 6300189.353324783965945 ], [ 344744.572109770087991, 6300180.796114780940115 ], [ 344770.802242998848669, 6300169.016637480817735 ], [ 344871.019650058646221, 6300125.150276246480644 ], [ 344918.724625271861441, 6300107.066794504411519 ] ] ] } },
{ "type": "Feature", "properties": { "OBJECTID": 4871, "objectd": 4861, "cod_rgn": "13", "cd_prvn": "131", "cod_cmn": "13101", "nmbr_rg": "Metropolitana de Santiago", "nmbr_pr": "Santiago", "nmbr_cm": "Santiago", "id_v_rs": "131016453", "uv_cart": "6", "uv_nmbr": "6", "prd_ndc": 20240601, "ndpet0_4_p": 9608035, "ndpet0_4_r": 3282568, "ndpet0_4_c": 139710, "ndpet0_4_u": "3294", "ndpet4_5_p": 1459190, "ndpet4_5_r": 552537, "ndpet4_5_c": 26989, "ndpet4_5_u": "565", "ndpet5_6_p": 1159567, "ndpet5_6_r": 451679, "ndpet5_6_c": 26691, "ndpet5_6_u": "524", "ndpet6_7_p": 1134251, "ndpet6_7_r": 455189, "ndpet6_7_c": 30358, "ndpet6_7_u": "541", "ndpet7_8_p": 1264009, "ndpet7_8_r": 507934, "ndpet7_8_c": 36539, "ndpet7_8_u": "653", "ndpet8_9_p": 1876093, "ndpet8_9_r": 830486, "ndpet8_9_c": 57768, "ndpet8_9_u": "843", "ndpet9_1_p": 638111, "ndpet9_1_r": 298881, "ndpet9_1_c": "25806", "ndpet9_1_u": "317", "totl_ps": 17139256, "ttl_rgn": 6379274, "ttl_cmn": 343861, "totl_uv": "6737", "area_m2": 446850.58249450772, "perimeter_m": 2766.9929635654112, "centroide_x": 345187.06053229893, "centroide_y": 6299702.5083202152, "crs_original": "EPSG:4326", "fecha_normalizacion": "2025-10-10 01:59:26" }, "geometry": { "type": "Polygon", "coordinates": [ [ [ 345493.891720616840757, 6299907.751012140884995 ], [ 345541.628704609465785, 6299888.549403423443437 ], [ 345572.576622021384537, 6299872.406642371788621 ], [ 345617.541647452977486, 6299852.051192584447563 ], [ 345631.576642508618534, 6299846.729667684994638 ], [ 345639.149893679772504, 6299845.213551985099912 ], [ 345637.513269493938424, 6299841.171966175548732 ], [ 345637.458674156048801, 6299841.018879074603319 ], [ 345637.216549113625661, 6299840.217428585514426 ], [ 345618.21927001408767, 6299779.108127875253558 ], [ 345613.691990219987929, 6299745.862567409873009 ], [ 345609.932458535651676, 6299718.254845963791013 ], [ 345608.719048536382616, 6299709.245586195029318 ], [ 345605.722365362860728, 6299686.995435019023716 ], [ 345602.179818577074911, 6299660.692682288587093 ], [ 345601.729165283963084, 6299623.732180375605822 ], [ 345608.398973651812412, 6299577.531863491050899 ], [ 345616.656836069305427, 6299558.113585513085127 ], [ 345617.657376574003138, 6299553.692980732768774 ], [ 345623.572293395351153, 6299532.71372305508703 ], [ 345628.557419510383625, 6299511.719511490315199 ], [ 345638.049511786899529, 6299499.67055688239634 ], [ 345644.194589348742738, 6299464.276007518172264 ], [ 345646.472254971158691, 6299447.529800722375512 ], [ 345591.519296240527183, 6299443.470022469758987 ], [ 345543.191589322406799, 6299441.588578570634127 ], [ 345514.387992732459679, 6299440.019102193415165 ], [ 345505.985090762726031, 6299442.103074479848146 ], [ 345405.628451897995546, 6299437.170784540474415 ], [ 345298.781602277187631, 6299431.024461297318339 ], [ 345235.596154422615655, 6299427.794532643631101 ], [ 345217.931494800315704, 6299427.51163861900568 ], [ 345218.19788164930651, 6299410.878713833168149 ], [ 345190.341819330002181, 6299408.214241089299321 ], [ 345170.835517481318675, 6299406.792658653110266 ], [ 345142.049795467813965, 6299404.113151807337999 ], [ 345091.898279999382794, 6299399.981914361007512 ], [ 345070.532561030064244, 6299398.530323656275868 ], [ 345056.604598056466784, 6299397.197834052145481 ], [ 344986.052763137035072, 6299389.411552157253027 ], [ 344952.618482668709476, 6299386.656913162209094 ], [ 344904.326604967704043, 6299382.554628673940897 ], [ 344849.544492234126665, 6299377.238707507960498 ], [ 344846.310332624183502, 6299404.915528427809477 ], [ 344840.718166994047351, 6299463.610737313516438 ], [ 344837.503117592772469, 6299502.493189834058285 ], [ 344834.948017066577449, 6299533.394599111750722 ], [ 344832.679092840407975, 6299558.868607090786099 ], [ 344830.534779104054905, 6299576.580604356713593 ], [ 344827.247046254458837, 6299607.583961149677634 ], [ 344822.958383910940029, 6299643.007951688952744 ], [ 344819.528275980905164, 6299682.882230270653963 ], [ 344816.133756395662203, 6299720.5388751802966 ], [ 344813.918182569323108, 6299742.686328909359872 ], [ 344811.827228791662492, 6299757.071673979982734 ], [ 344808.361375598353334, 6299799.163674704730511 ], [ 344805.091430383967236, 6299829.058305090293288 ], [ 344802.804608470760286, 6299855.641116188839078 ], [ 344799.392122386256233, 6299894.406564616598189 ], [ 344808.03723293193616, 6299891.197418006137013 ], [ 344920.598417147353757, 6300106.356424396857619 ], [ 344935.584104308160022, 6300100.675770428963006 ], [ 344943.075758504855912, 6300097.468542171642184 ], [ 344952.426981577766128, 6300094.29103519115597 ], [ 344993.622068315220531, 6300077.205298303626478 ], [ 345002.043425559822936, 6300074.012934257276356 ], [ 345093.789749751624186, 6300035.403309717774391 ], [ 345107.109346546465531, 6300029.797943032346666 ], [ 345134.066623427381273, 6300018.453204177320004 ], [ 345154.681526624888647, 6300008.801165355369449 ], [ 345179.980830347689334, 6299997.005815736949444 ], [ 345193.033736742741894, 6299990.472497154027224 ], [ 345246.545212252414785, 6299963.688162446022034 ], [ 345268.08969267521752, 6299954.050675833597779 ], [ 345295.212750420207158, 6299944.50252865627408 ], [ 345340.036899186903611, 6299933.019249710254371 ], [ 345408.051805503258947, 6299925.234083944931626 ], [ 345438.805041657644324, 6299921.289289364591241 ], [ 345456.523859784298111, 6299918.245106872171164 ], [ 345474.26030746800825, 6299914.09207720682025 ], [ 345493.891720616840757, 6299907.751012140884995 ] ] ] } },
{ "type": "Feature", "properties": { "OBJECTID": 5027, "objectd": 5025, "cod_rgn": "13", "cd_prvn": "131", "cod_cmn": "13101", "nmbr_rg": "Metropolitana de Santiago", "nmbr_pr": "Santiago", "nmbr_cm": "Santiago", "id_v_rs": "131016446", "uv_cart": "1", "uv_nmbr": "1", "prd_ndc": 20240601, "ndpet0_4_p": 9608035, "ndpet0_4_r": 3282568, "ndpet0_4_c": 139710, "ndpet0_4_u": "965", "ndpet4_5_p": 1459190, "ndpet4_5_r": 552537, "ndpet4_5_c": 26989, "ndpet4_5_u": "168", "ndpet5_6_p": 1159567, "ndpet5_6_r": 451679, "ndpet5_6_c": 26691, "ndpet5_6_u": "213", "ndpet6_7_p": 1134251, "ndpet6_7_r": 455189, "ndpet6_7_c": 30358, "ndpet6_7_u": "226", "ndpet7_8_p": 1264009, "ndpet7_8_r": 507934, "ndpet7_8_c": 36539, "ndpet7_8_u": "327", "ndpet8_9_p": 1876093, "ndpet8_9_r": 830486, "ndpet8_9_c": 57768, "ndpet8_9_u": "619", "ndpet9_1_p": 638111, "ndpet9_1_r": 298881, "ndpet9_1_c": "25806", "ndpet9_1_u": "318", "totl_ps": 17139256, "ttl_rgn": 6379274, "ttl_cmn": 343861, "totl_uv": "2836", "area_m2": 318680.73518376978, "perimeter_m": 2434.8609208521275, "centroide_x": 347544.01070825354, "centroide_y": 6299035.4639156507, "crs_original": "EPSG:4326", "fecha_normalizacion": "2025-10-10 01:59:26" }, "geometry": { "type": "Polygon", "coordinates": [ [ [ 347978.28845033433754, 6299174.078783988952637 ], [ 347978.515223030291963, 6299159.6635687565431 ], [ 347984.442203984828666, 6299137.574241232126951 ], [ 347984.634166885982268, 6299125.376744631677866 ], [ 347985.017840416869149, 6299100.981946317479014 ], [ 347987.03419210028369, 6299091.031415482982993 ], [ 347995.907095033850055, 6299059.006173796020448 ], [ 347995.980182814178988, 6299058.799052389338613 ], [ 347998.551181027607527, 6299051.514795483089983 ], [ 348001.746780087356456, 6299042.461081298068166 ], [ 347994.888174734602217, 6299038.957717447541654 ], [ 347986.530876145523507, 6299034.688656638376415 ], [ 347986.064466474112123, 6299034.45040575787425 ], [ 347974.015935164061375, 6299030.40844049397856 ], [ 347960.209462430677377, 6299025.776727419346571 ], [ 347958.313835031352937, 6299025.140740387141705 ], [ 347919.365088737860788, 6299011.337719537317753 ], [ 347903.634426008909941, 6299005.762956079095602 ], [ 347879.710715855588205, 6298997.284533952362835 ], [ 347841.856182411313057, 6298980.051464837044477 ], [ 347828.033343561983202, 6298972.069900335744023 ], [ 347790.353660682914779, 6298943.748124625533819 ], [ 347780.249658876564354, 6298935.82496584020555 ], [ 347752.726611499499995, 6298912.099563704803586 ], [ 347746.271430580702145, 6298908.670496973209083 ], [ 347725.046511177206412, 6298898.353767912834883 ], [ 347714.960000779246911, 6298889.321725344285369 ], [ 347653.581986724806484, 6298830.679239524528384 ], [ 347625.19988374406239, 6298802.503350257873535 ], [ 347609.570634165953379, 6298791.165503417141736 ], [ 347580.206693912739865, 6298766.301341524347663 ], [ 347556.368216536822729, 6298744.851720372214913 ], [ 347505.885191357054282, 6298703.017082802020013 ], [ 347497.442026879638433, 6298696.208152962848544 ], [ 347407.06073048140388, 6298623.318978788331151 ], [ 347404.885504566249438, 6298621.564685210585594 ], [ 347388.344722821377218, 6298609.102964699268341 ], [ 347377.346753719379194, 6298598.946949314326048 ], [ 347360.298016404150985, 6298618.64210276119411 ], [ 347346.880164406727999, 6298643.940236506052315 ], [ 347341.93417262728326, 6298662.717485575005412 ], [ 347336.795441060734447, 6298693.692054817453027 ], [ 347336.358470810693689, 6298780.197803044691682 ], [ 347329.167648554779589, 6298823.340509112924337 ], [ 347322.274550280184485, 6298847.632623126730323 ], [ 347317.153218169230968, 6298877.498368574306369 ], [ 347306.201681444421411, 6298903.517102639190853 ], [ 347298.797676183050498, 6298912.368060202337801 ], [ 347267.619677644863259, 6298944.751446125097573 ], [ 347244.39183357253205, 6298969.754952253773808 ], [ 347244.156412147392984, 6298970.871689891442657 ], [ 347243.925670515629463, 6298970.258786849677563 ], [ 347236.519282247289084, 6298978.264506505802274 ], [ 347232.836259325966239, 6299034.77226846665144 ], [ 347228.013127963349689, 6299104.571556648239493 ], [ 347229.644600220839493, 6299119.01619104668498 ], [ 347238.783682662295178, 6299129.142858300358057 ], [ 347246.852831940806936, 6299148.1257045827806 ], [ 347243.835943280020729, 6299162.496855175122619 ], [ 347245.257120271911845, 6299190.247711502015591 ], [ 347254.887774287606589, 6299228.110516544431448 ], [ 347260.957532816100866, 6299255.934938974678516 ], [ 347268.939224585483316, 6299280.462009851820767 ], [ 347273.289770408999175, 6299299.386149662546813 ], [ 347276.745722877909429, 6299316.077774468809366 ], [ 347283.815372213139199, 6299339.481325717642903 ], [ 347289.130774092511274, 6299356.202426539734006 ], [ 347303.12906587717589, 6299353.096153186634183 ], [ 347317.616997780976817, 6299349.413577020168304 ], [ 347398.90864573221188, 6299328.750422878190875 ], [ 347426.375264779082499, 6299321.768608758226037 ], [ 347646.746386470273137, 6299264.242981004528701 ], [ 347658.902324333263095, 6299259.998074802570045 ], [ 347723.261005074949935, 6299247.702796626836061 ], [ 347823.192233750247397, 6299220.439453329890966 ], [ 347832.805610392300878, 6299217.245127033442259 ], [ 347893.303068292094395, 6299197.142309628427029 ], [ 347947.486686952528544, 6299181.35806268453598 ], [ 347978.28845033433754, 6299174.078783988952637 ] ] ] } },
{ "type": "Feature", "properties": { "OBJECTID": 5045, "objectd": 5043, "cod_rgn": "13", "cd_prvn": "131", "cod_cmn": "13101", "nmbr_rg": "Metropolitana de Santiago", "nmbr_pr": "Santiago", "nmbr_cm": "Santiago", "id_v_rs": "131016474", "uv_cart": "47", "uv_nmbr": "47", "prd_ndc": 20240601, "ndpet0_4_p": 9608035, "ndpet0_4_r": 3282568, "ndpet0_4_c": 139710, "ndpet0_4_u": "1244", "ndpet4_5_p": 1459190, "ndpet4_5_r": 552537, "ndpet4_5_c": 26989, "ndpet4_5_u": "272", "ndpet5_6_p": 1159567, "ndpet5_6_r": 451679, "ndpet5_6_c": 26691, "ndpet5_6_u": "347", "ndpet6_7_p": 1134251, "ndpet6_7_r": 455189, "ndpet6_7_c": 30358, "ndpet6_7_u": "384", "ndpet7_8_p": 1264009, "ndpet7_8_r": 507934, "ndpet7_8_c": 36539, "ndpet7_8_u": "461", "ndpet8_9_p": 1876093, "ndpet8_9_r": 830486, "ndpet8_9_c": 57768, "ndpet8_9_u": "661", "ndpet9_1_p": 638111, "ndpet9_1_r": 298881, "ndpet9_1_c": "25806", "ndpet9_1_u": "239", "totl_ps": 17139256, "ttl_rgn": 6379274, "ttl_cmn": 343861, "totl_uv": "3608", "area_m2": 229975.62872930596, "perimeter_m": 1931.3568947585006, "centroide_x": 347849.30924264132, "centroide_y": 6298700.9774861075, "crs_original": "EPSG:4326", "fecha_normalizacion": "2025-10-10 01:59:26" }, "geometry": { "type": "Polygon", "coordinates": [ [ [ 348126.008479193609674, 6298531.996007738634944 ], [ 348084.41950518055819, 6298515.814282453618944 ], [ 348084.265866149333306, 6298515.757205418311059 ], [ 348025.255100222304463, 6298493.810300344601274 ], [ 347893.999696051352657, 6298444.051972853951156 ], [ 347892.471461400564294, 6298443.474416812881827 ], [ 347769.991227204911411, 6298397.778727116063237 ], [ 347763.657665952399839, 6298395.415269350633025 ], [ 347698.570465971832164, 6298481.368456265889108 ], [ 347658.250182647956535, 6298534.613871725276113 ], [ 347608.000569218653254, 6298595.932950450107455 ], [ 347579.481837747502141, 6298635.412003878504038 ], [ 347549.156172031653114, 6298671.535012362524867 ], [ 347536.808344828430563, 6298687.977175017818809 ], [ 347522.671268178033642, 6298699.954640040174127 ], [ 347516.185578922566492, 6298701.137825695797801 ], [ 347505.885191357054282, 6298703.017082802020013 ], [ 347556.368216536822729, 6298744.851720372214913 ], [ 347580.206693912739865, 6298766.301341524347663 ], [ 347609.570634165953379, 6298791.165503417141736 ], [ 347625.19988374406239, 6298802.503350257873535 ], [ 347653.581986724806484, 6298830.679239524528384 ], [ 347714.960000779246911, 6298889.321725344285369 ], [ 347725.046511177206412, 6298898.353767912834883 ], [ 347746.271430580702145, 6298908.670496973209083 ], [ 347752.726611499499995, 6298912.099563704803586 ], [ 347780.249658876564354, 6298935.82496584020555 ], [ 347790.353660682914779, 6298943.748124625533819 ], [ 347828.033343561983202, 6298972.069900335744023 ], [ 347841.856182411313057, 6298980.051464837044477 ], [ 347879.710715855588205, 6298997.284533952362835 ], [ 347903.634426008909941, 6299005.762956079095602 ], [ 347919.365088737860788, 6299011.337719537317753 ], [ 347958.313835031352937, 6299025.140740387141705 ], [ 347960.209462430677377, 6299025.776727419346571 ], [ 347974.015935164061375, 6299030.40844049397856 ], [ 347986.064466474112123, 6299034.45040575787425 ], [ 347986.530876145523507, 6299034.688656638376415 ], [ 347994.888174734602217, 6299038.957717447541654 ], [ 348001.746780087356456, 6299042.461081298068166 ], [ 348009.6027647187002, 6299015.96545038651675 ], [ 348017.441269551403821, 6298990.578722559846938 ], [ 348022.420934729452711, 6298969.58355956710875 ], [ 348025.576215846347623, 6298946.341334594413638 ], [ 348020.369696812238544, 6298934.465994814410806 ], [ 348020.190071433666162, 6298934.056203059852123 ], [ 348023.258149596164003, 6298916.358323497697711 ], [ 348032.113369587925263, 6298885.441959705203772 ], [ 348044.001688409014605, 6298839.045321313664317 ], [ 348060.607861773693003, 6298788.286426201462746 ], [ 348068.463523502403405, 6298761.7907510753721 ], [ 348072.356384923739824, 6298750.760628592222929 ], [ 348078.143481888342649, 6298737.542022066190839 ], [ 348089.255055808403995, 6298663.312971291132271 ], [ 348089.572565978975035, 6298661.191662873141468 ], [ 348092.500991380540654, 6298652.364637281745672 ], [ 348108.229360384400934, 6298598.264423728920519 ], [ 348110.22799757955363, 6298589.422776371240616 ], [ 348115.207478625350632, 6298568.42757086083293 ], [ 348126.008479193609674, 6298531.996007738634944 ] ] ] } }
]
}
